{"instance": "medium_free_002_30x30_20_180", "steps": [{"8": "W", "16": "S", "17": "N", "41": "E", "42": "S", "51": "E", "53": "W", "69": "N", "86": "E", "87": "N", "95": "W", "106": "N", "109": "S", "122": "W", "123": "E", "133": "W", "134": "S", "140": "S", "149": "W", "166": "N", "173": "N", "176": "E", "9": "W", "13": "E", "15": "W", "44": "E", "46": "W", "48": "E", "55": "N", "58": "W", "59": "S", "61": "N", "74": "N", "92": "E", "99": "N", "112": "N", "125": "E", "127": "S", "131": "S", "146": "W", "151": "E", "152": "E", "162": "N", "179": "S", "2": "S", "5": "E", "11": "E", "27": "S", "28": "S", "37": "E", "39": "W", "43": "N", "45": "W", "54": "S", "64": "S", "66": "S", "67": "E", "68": "S", "77": "W", "96": "W", "121": "W", "124": "N", "132": "N", "138": "N", "141": "E", "142": "N", "158": "S", "159": "W", "161": "E", "172": "E", "174": "W", "10": "N", "18": "E", "19": "E", "21": "N", "22": "W", "23": "E", "24": "N", "33": "N", "34": "W", "50": "S", "79": "S", "80": "N", "82": "E", "85": "S", "93": "S", "103": "S", "107": "E", "113": "E", "114": "W", "115": "W", "120": "N", "144": "N", "145": "W", "148": "E", "154": "N", "169": "W", "175": "E", "177": "E", "4": "N", "6": "S", "40": "S", "63": "N", "72": "S", "84": "W", "100": "E", "105": "E", "119": "S", "126": "N", "130": "E", "160": "S", "0": "W", "3": "W", "29": "N", "36": "E", "49": "N", "60": "E", "71": "W", "75": "E", "89": "N", "90": "S", "94": "N", "98": "E", "108": "W", "118": "S", "147": "W", "150": "W", "155": "E", "156": "W", "163": "N", "14": "W", "25": "E", "26": "W", "35": "E", "97": "S", "102": "W", "104": "E", "111": "E", "165": "W", "171": "S", "178": "E", "7": "E", "30": "E", "62": "S", "76": "W", "88": "E", "129": "E", "139": "W", "143": "W", "164": "E", "170": "N", "32": "E", "56": "E", "70": "E", "81": "E", "135": "E", "137": "E", "12": "S", "52": "W", "57": "S", "65": "W", "83": "W", "91": "W", "116": "E", "128": "S", "1": "W", "31": "S", "47": "W", "78": "E", "136": "S", "153": "W", "168": "E", "110": "W", "167": "S", "101": "S", "117": "W", "157": "N", "38": "S", "73": "W", "20": "W"}, {"8": "W", "16": "S", "17": "N", "41": "E", "42": "S", "51": "E", "53": "W", "69": "N", "86": "E", "87": "N", "95": "W", "106": "N", "109": "S", "122": "W", "123": "E", "133": "W", "134": "S", "140": "S", "149": "W", "166": "N", "173": "N", "176": "E", "9": "W", "13": "E", "15": "W", "44": "E", "46": "W", "48": "E", "55": "N", "58": "W", "59": "S", "61": "N", "74": "N", "92": "E", "99": "N", "112": "N", "125": "E", "127": "S", "131": "S", "146": "W", "151": "E", "152": "E", "162": "N", "179": "S", "2": "S", "5": "E", "11": "E", "27": "S", "28": "S", "37": "E", "39": "W", "43": "N", "45": "W", "54": "S", "64": "S", "66": "S", "67": "E", "68": "S", "77": "W", "96": "W", "121": "W", "124": "N", "132": "N", "138": "N", "141": "E", "142": "N", "158": "S", "159": "W", "161": "E", "172": "E", "174": "W", "10": "N", "18": "E", "19": "E", "21": "N", "22": "W", "23": "E", "24": "N", "33": "N", "34": "W", "50": "S", "79": "S", "80": "N", "82": "E", "85": "S", "93": "S", "103": "S", "107": "E", "113": "E", "114": "W", "115": "W", "120": "N", "144": "N", "145": "W", "148": "E", "154": "N", "169": "W", "175": "E", "177": "E", "4": "N", "6": "S", "40": "S", "63": "N", "72": "S", "84": "W", "100": "E", "105": "E", "119": "S", "126": "N", "130": "E", "160": "S", "0": "W", "3": "W", "29": "N", "36": "E", "49": "N", "60": "E", "71": "W", "75": "E", "89": "N", "90": "S", "94": "N", "98": "E", "108": "W", "118": "S", "147": "W", "150": "W", "155": "E", "156": "W", "163": "N", "14": "W", "25": "E", "26": "W", "35": "E", "97": "S", "102": "W", "104": "E", "111": "E", "165": "W", "171": "S", "178": "E", "7": "E", "30": "E", "62": "S", "76": "W", "88": "E", "129": "E", "139": "W", "143": "W", "164": "E", "170": "W", "32": "E", "56": "E", "70": "E", "81": "E", "135": "E", "137": "E", "12": "S", "52": "W", "57": "S", "65": "W", "83": "W", "91": "W", "116": "E", "128": "S", "1": "W", "31": "S", "47": "W", "78": "E", "136": "S", "153": "W", "168": "E", "110": "W", "167": "S", "101": "S", "117": "W", "157": "N", "38": "S", "73": "W", "20": "W"}, {"17": "N", "69": "N", "87": "N", "173": "W", "16": "S", "109": "S", "134": "S", "53": "W", "95": "N", "122": "S", "149": "W", "41": "E", "51": "E", "123": "E", "9": "W", "13": "E", "15": "W", "44": "E", "46": "W", "48": "E", "55": "N", "58": "W", "59": "S", "61": "N", "74": "N", "92": "E", "99": "N", "112": "N", "125": "E", "127": "S", "131": "S", "146": "W", "151": "E", "152": "E", "162": "N", "179": "S", "2": "S", "5": "E", "11": "E", "27": "S", "28": "S", "37": "E", "39": "W", "43": "N", "45": "W", "54": "S", "64": "S", "66": "S", "67": "E", "68": "S", "77": "W", "96": "W", "121": "W", "124": "N", "132": "N", "138": "N", "141": "E", "142": "N", "158": "S", "159": "W", "161": "E", "172": "E", "174": "W", "10": "N", "18": "E", "19": "E", "21": "N", "22": "W", "23": "E", "24": "N", "33": "N", "34": "W", "50": "S", "79": "S", "80": "N", "82": "E", "85": "S", "93": "S", "103": "S", "107": "E", "113": "E", "114": "W", "115": "W", "120": "N", "144": "N", "145": "W", "148": "E", "154": "N", "169": "W", "175": "E", "177": "E", "4": "N", "6": "S", "40": "S", "63": "N", "72": "S", "84": "W", "100": "E", "105": "E", "119": "S", "126": "N", "130": "E", "160": "S", "0": "W", "3": "W", "29": "N", "36": "E", "49": "N", "60": "E", "71": "W", "75": "E", "89": "N", "90": "S", "94": "N", "98": "E", "108": "W", "118": "S", "147": "W", "150": "W", "155": "E", "156": "W", "163": "N", "14": "W", "25": "E", "26": "W", "35": "E", "97": "S", "102": "W", "104": "E", "111": "E", "165": "W", "171": "S", "178": "E", "7": "E", "30": "E", "62": "S", "76": "W", "88": "E", "129": "E", "139": "W", "143": "W", "164": "E", "170": "W", "32": "E", "56": "E", "70": "E", "81": "E", "135": "E", "137": "E", "12": "S", "52": "W", "57": "S", "65": "W", "83": "W", "91": "W", "116": "E", "128": "S", "1": "W", "31": "S", "47": "W", "78": "E", "136": "S", "153": "W", "168": "E", "110": "W", "167": "S", "101": "S", "117": "W", "157": "N", "38": "S", "73": "W", "20": "W"}, {"17": "W", "69": "N", "55": "N", "61": "N", "74": "E", "99": "W", "162": "W", "42": "S", "134": "S", "140": "S", "8": "W", "53": "W", "95": "W", "149": "N", "9": "W", "46": "S", "58": "W", "51": "E", "86": "E", "123": "E", "176": "E", "13": "N", "92": "E", "151": "E", "152": "N", "2": "S", "5": "E", "11": "E", "27": "S", "28": "S", "37": "E", "39": "W", "43": "N", "45": "W", "54": "S", "64": "S", "66": "S", "67": "E", "68": "S", "77": "W", "96": "W", "121": "W", "124": "N", "132": "N", "138": "N", "141": "E", "142": "N", "158": "S", "159": "W", "161": "E", "172": "E", "174": "W", "10": "N", "18": "E", "19": "E", "21": "N", "22": "W", "23": "E", "24": "N", "33": "N", "34": "W", "50": "S", "79": "S", "80": "N", "82": "E", "85": "S", "93": "S", "103": "S", "107": "E", "113": "E", "114": "W", "115": "W", "120": "N", "144": "N", "145": "W", "148": "E", "154": "N", "169": "W", "175": "E", "177": "E", "4": "N", "6": "S", "40": "S", "63": "N", "72": "S", "84": "W", "100": "E", "105": "E", "119": "S", "126": "N", "130": "E", "160": "S", "0": "W", "3": "W", "29": "N", "36": "E", "49": "N", "60": "E", "71": "W", "75": "E", "89": "N", "90": "S", "94": "N", "98": "E", "108": "W", "118": "S", "147": "W", "150": "W", "155": "E", "156": "W", "163": "N", "14": "W", "25": "E", "26": "W", "35": "E", "97": "S", "102": "W", "104": "E", "111": "E", "165": "W", "171": "S", "178": "E", "7": "E", "30": "E", "62": "S", "76": "W", "88": "E", "129": "E", "139": "W", "143": "W", "164": "E", "170": "W", "32": "E", "56": "E", "70": "E", "81": "E", "135": "E", "137": "E", "12": "S", "52": "W", "57": "S", "65": "W", "83": "W", "91": "W", "116": "E", "128": "S", "1": "W", "31": "S", "47": "N", "78": "E", "136": "S", "153": "W", "168": "E", "110": "W", "167": "S", "101": "S", "117": "W", "157": "N", "38": "S", "73": "W", "20": "W"}, {"17": "N", "106": "N", "166": "N", "61": "N", "99": "N", "43": "N", "124": "N", "132": "N", "134": "S", "27": "S", "54": "S", "68": "S", "158": "S", "8": "W", "53": "W", "122": "W", "9": "W", "58": "N", "39": "W", "45": "W", "77": "W", "96": "W", "159": "N", "174": "N", "41": "E", "51": "E", "86": "E", "123": "E", "13": "E", "48": "E", "92": "E", "125": "E", "151": "E", "5": "E", "11": "E", "37": "E", "141": "N", "10": "N", "18": "E", "19": "E", "21": "N", "22": "W", "23": "E", "24": "N", "33": "N", "34": "W", "50": "S", "79": "S", "80": "N", "82": "E", "85": "S", "93": "S", "103": "S", "107": "E", "113": "E", "114": "W", "115": "W", "120": "N", "144": "N", "145": "W", "148": "E", "154": "N", "175": "E", "177": "E", "4": "N", "6": "S", "40": "S", "63": "N", "72": "S", "84": "W", "100": "E", "105": "E", "119": "S", "126": "N", "130": "E", "160": "S", "0": "W", "3": "W", "29": "N", "36": "E", "49": "N", "60": "E", "71": "W", "75": "E", "89": "N", "90": "S", "94": "N", "98": "E", "108": "W", "118": "S", "147": "W", "150": "W", "155": "E", "156": "W", "163": "N", "14": "W", "25": "E", "26": "W", "35": "E", "97": "S", "102": "W", "104": "E", "111": "E", "165": "W", "171": "S", "178": "E", "7": "E", "30": "E", "62": "S", "76": "W", "88": "E", "129": "E", "139": "W", "143": "W", "164": "E", "170": "W", "32": "E", "56": "E", "70": "E", "81": "E", "135": "E", "137": "E", "12": "S", "52": "W", "57": "S", "65": "W", "83": "W", "91": "W", "116": "E", "128": "S", "1": "W", "31": "S", "47": "W", "78": "E", "136": "S", "153": "W", "168": "E", "110": "W", "167": "S", "101": "S", "117": "W", "157": "N", "38": "S", "73": "W", "20": "W"}, {"43": "N", "142": "N", "21": "E", "24": "N", "80": "N", "16": "S", "134": "W", "140": "S", "131": "S", "2": "S", "27": "S", "64": "S", "68": "S", "158": "W", "50": "E", "85": "S", "93": "S", "103": "S", "58": "W", "39": "S", "96": "W", "159": "W", "22": "W", "51": "N", "123": "N", "92": "N", "125": "E", "151": "S", "11": "S", "37": "N", "19": "S", "23": "E", "148": "E", "175": "E", "169": "W", "4": "N", "6": "S", "40": "S", "63": "N", "72": "S", "84": "W", "100": "E", "119": "S", "130": "E", "160": "S", "0": "W", "3": "W", "29": "N", "36": "E", "49": "N", "71": "W", "75": "E", "89": "N", "90": "S", "94": "N", "98": "E", "108": "W", "118": "S", "147": "W", "150": "W", "155": "E", "156": "W", "163": "N", "14": "W", "25": "E", "26": "W", "35": "E", "97": "S", "102": "W", "104": "E", "111": "E", "165": "W", "171": "S", "178": "E", "7": "E", "30": "E", "62": "S", "76": "W", "88": "E", "129": "E", "139": "W", "143": "W", "164": "E", "170": "W", "32": "E", "56": "E", "70": "E", "81": "E", "135": "E", "137": "E", "12": "S", "52": "W", "57": "S", "65": "W", "83": "W", "91": "W", "116": "E", "128": "S", "1": "W", "31": "S", "47": "W", "78": "E", "136": "S", "153": "W", "168": "E", "110": "W", "167": "S", "101": "S", "117": "W", "157": "N", "38": "S", "73": "W", "20": "W"}, {"106": "N", "61": "N", "132": "N", "10": "N", "21": "N", "24": "N", "120": "N", "27": "W", "68": "S", "85": "S", "93": "S", "40": "S", "8": "W", "53": "W", "9": "W", "45": "W", "77": "W", "96": "S", "34": "W", "114": "W", "84": "W", "51": "E", "123": "E", "92": "E", "125": "E", "37": "E", "18": "E", "23": "E", "82": "E", "148": "E", "175": "E", "100": "E", "130": "E", "105": "E", "126": "N", "0": "W", "3": "W", "29": "N", "36": "E", "49": "N", "60": "E", "71": "W", "75": "E", "89": "N", "90": "S", "94": "N", "98": "E", "108": "W", "118": "S", "147": "W", "150": "W", "155": "E", "156": "W", "163": "N", "14": "W", "25": "E", "26": "W", "35": "E", "97": "S", "102": "W", "104": "E", "111": "E", "165": "W", "171": "S", "178": "E", "7": "E", "30": "E", "62": "S", "76": "W", "88": "E", "129": "E", "139": "W", "143": "W", "164": "E", "170": "W", "32": "E", "56": "E", "70": "E", "81": "E", "135": "E", "137": "E", "12": "S", "52": "W", "57": "S", "65": "W", "83": "W", "91": "W", "116": "E", "128": "S", "1": "W", "31": "S", "47": "W", "78": "E", "136": "S", "153": "W", "168": "E", "110": "W", "167": "S", "101": "S", "117": "W", "157": "N", "38": "S", "73": "W", "20": "W"}, {"24": "E", "49": "N", "89": "N", "94": "N", "16": "S", "131": "S", "68": "E", "93": "W", "103": "S", "6": "S", "118": "S", "174": "W", "22": "W", "0": "S", "71": "W", "108": "W", "156": "N", "41": "E", "51": "E", "44": "E", "48": "E", "92": "E", "151": "E", "11": "E", "37": "E", "67": "E", "18": "E", "23": "N", "82": "E", "113": "E", "148": "N", "105": "E", "60": "E", "14": "W", "25": "E", "26": "W", "35": "E", "97": "S", "102": "W", "104": "E", "111": "E", "165": "W", "171": "S", "178": "E", "7": "E", "30": "E", "62": "S", "76": "W", "88": "E", "129": "E", "139": "W", "143": "W", "164": "E", "170": "W", "32": "E", "56": "E", "70": "E", "81": "E", "135": "E", "137": "E", "12": "S", "52": "W", "57": "S", "65": "W", "83": "W", "91": "W", "116": "E", "128": "S", "1": "W", "31": "S", "47": "W", "78": "E", "136": "S", "153": "W", "168": "E", "110": "W", "167": "S", "101": "S", "117": "W", "157": "N", "38": "S", "73": "W", "20": "W"}, {"49": "E", "89": "N", "94": "N", "16": "S", "131": "S", "103": "S", "6": "S", "118": "S", "97": "S", "58": "W", "146": "W", "159": "W", "22": "W", "169": "W", "84": "W", "71": "W", "108": "N", "147": "W", "165": "S", "123": "E", "125": "E", "151": "E", "11": "E", "67": "E", "18": "E", "23": "E", "148": "E", "175": "E", "100": "E", "130": "E", "75": "E", "98": "E", "104": "E", "7": "E", "30": "E", "62": "S", "76": "W", "88": "E", "143": "W", "170": "W", "56": "E", "70": "E", "81": "E", "135": "E", "137": "E", "12": "S", "52": "W", "57": "S", "65": "W", "83": "W", "91": "W", "116": "E", "128": "S", "1": "W", "31": "S", "47": "W", "78": "E", "136": "S", "153": "W", "168": "E", "110": "W", "167": "S", "101": "S", "117": "W", "157": "N", "38": "S", "73": "W", "20": "W"}, {"89": "W", "94": "N", "103": "E", "118": "E", "22": "S", "71": "N", "108": "W", "14": "W", "102": "W", "86": "E", "13": "E", "44": "E", "5": "E", "141": "E", "18": "E", "23": "E", "107": "E", "148": "E", "177": "E", "130": "E", "98": "E", "35": "E", "7": "E", "129": "E", "139": "W", "164": "E", "32": "E", "56": "E", "70": "E", "81": "E", "135": "E", "137": "E", "12": "S", "52": "W", "57": "S", "65": "W", "83": "W", "91": "W", "116": "E", "128": "S", "1": "W", "31": "S", "47": "W", "78": "E", "136": "S", "153": "W", "168": "E", "110": "W", "167": "S", "101": "S", "117": "W", "157": "N", "38": "S", "73": "W", "20": "W"}, {"94": "W", "146": "W", "84": "W", "147": "W", "102": "W", "165": "W", "76": "W", "143": "W", "13": "E", "44": "E", "18": "E", "23": "E", "107": "E", "148": "E", "130": "E", "98": "E", "35": "E", "7": "E", "129": "E", "164": "E", "70": "E", "81": "E", "135": "E", "32": "E", "12": "S", "52": "W", "57": "S", "65": "W", "83": "W", "91": "W", "116": "E", "128": "S", "1": "W", "31": "S", "47": "W", "78": "E", "136": "S", "153": "W", "168": "E", "110": "W", "167": "S", "101": "S", "117": "W", "157": "N", "38": "S", "73": "W", "20": "W"}, {"57": "E", "58": "W", "146": "W", "159": "W", "169": "W", "102": "W", "143": "W", "170": "W", "65": "W", "83": "W", "141": "E", "18": "S", "130": "N", "7": "E", "70": "E", "81": "E", "135": "E", "137": "E", "1": "W", "31": "S", "47": "W", "78": "E", "153": "W", "168": "E", "110": "W", "101": "S", "117": "W", "157": "N", "38": "S", "73": "W", "20": "W"}, {"57": "S", "31": "E", "102": "N", "165": "W", "83": "W", "91": "W", "153": "W", "98": "E", "7": "E", "70": "E", "81": "E", "135": "S", "168": "E", "136": "S", "110": "W", "167": "S", "101": "S", "117": "W", "157": "N", "38": "S", "73": "W", "20": "W"}, {"87": "N", "112": "N", "57": "S", "136": "S", "165": "W", "83": "W", "91": "W", "153": "W", "110": "W", "98": "S", "7": "N", "70": "E", "168": "S", "167": "S", "101": "S", "117": "W", "157": "N", "38": "S", "73": "W", "20": "W"}, {"31": "S", "101": "S", "146": "W", "143": "W", "65": "W", "83": "W", "1": "W", "153": "W", "70": "E", "81": "E", "38": "S", "73": "W", "20": "W"}, {"101": "W", "146": "W", "143": "W", "65": "W", "83": "S", "1": "W", "153": "W", "73": "W", "70": "E", "81": "S", "20": "W"}, {"153": "N", "70": "N"}, {"146": "N"}, {"146": "E"}, {"146": "E"}, {"146": "E"}, {"146": "E"}, {"146": "N"}, {"146": "E"}, {"146": "E"}, {"146": "E"}, {"146": "E"}, {"146": "E"}, {"146": "E"}, {"146": "E"}, {"146": "E"}, {"146": "E"}, {"146": "E"}, {"146": "E"}, {"146": "E"}, {"146": "E"}, {"146": "E"}, {"146": "E"}, {"146": "E"}, {"146": "E"}, {"146": "E"}, {"146": "E"}, {"146": "E"}, {"146": "E"}, {"146": "E"}, {"146": "E"}, {"146": "E"}, {"146": "E"}, {"146": "E"}, {"146": "E"}, {"146": "E"}, {"146": "E"}, {"146": "E"}, {"146": "N"}, {"146": "N"}, {"146": "N"}, {"146": "N"}, {"146": "N"}, {"146": "N"}, {"146": "N"}, {"146": "N"}, {"146": "N"}, {"146": "N"}, {"146": "N"}, {"146": "N"}, {"146": "N"}, {"160": "E"}, {"160": "N"}, {"160": "E"}, {"160": "E"}, {"160": "E"}, {"160": "E"}, {"160": "E"}, {"160": "E"}, {"160": "E"}, {"160": "E"}, {"160": "E"}, {"160": "E"}, {"160": "E"}, {"160": "E"}, {"160": "E"}, {"160": "E"}, {"160": "N"}, {"160": "N"}, {"160": "N"}, {"160": "N"}, {"160": "N"}, {"160": "N"}, {"160": "N"}, {"160": "N"}, {"160": "N"}, {"160": "N"}, {"160": "N"}, {"160": "N"}, {"160": "N"}, {"160": "N"}, {"160": "N"}, {"160": "N"}, {"160": "N"}, {"160": "N"}, {"160": "N"}, {"160": "N"}, {"160": "N"}, {"160": "N"}, {"160": "N"}, {"160": "N"}, {"160": "N"}, {"160": "N"}, {"160": "N"}, {"160": "N"}, {"165": "N"}, {"165": "E"}, {"165": "E"}, {"165": "E"}, {"165": "E"}, {"165": "E"}, {"165": "E"}, {"165": "E"}, {"165": "E"}, {"165": "E"}, {"165": "E"}, {"165": "E"}, {"165": "E"}, {"165": "E"}, {"165": "E"}, {"165": "E"}, {"165": "E"}, {"165": "E"}, {"165": "E"}, {"165": "E"}, {"165": "E"}, {"165": "E"}, {"165": "E"}, {"165": "E"}, {"165": "E"}, {"165": "E"}, {"165": "E"}, {"165": "E"}, {"165": "E"}, {"165": "E"}, {"165": "E"}, {"165": "E"}, {"165": "E"}, {"165": "N"}, {"165": "N"}, {"165": "N"}, {"165": "N"}, {"165": "N"}, {"165": "N"}, {"165": "N"}, {"165": "N"}, {"165": "N"}, {"165": "N"}, {"165": "N"}, {"165": "N"}, {"165": "N"}, {"68": "W"}, {"68": "N"}, {"68": "N"}, {"68": "N"}, {"68": "N"}, {"68": "E"}, {"68": "N"}, {"68": "N"}, {"68": "N"}, {"68": "N"}, {"68": "N"}, {"68": "N"}, {"68": "N"}, {"68": "N"}, {"68": "N"}, {"68": "N"}, {"68": "N"}, {"68": "N"}, {"68": "N"}, {"68": "N"}, {"68": "N"}, {"68": "N"}, {"68": "N"}, {"68": "N"}, {"68": "N"}, {"68": "N"}, {"68": "N"}, {"68": "N"}, {"68": "N"}, {"68": "N"}, {"68": "N"}, {"68": "N"}, {"68": "N"}, {"68": "N"}, {"68": "N"}, {"68": "N"}, {"151": "N"}, {"151": "W"}, {"151": "W"}, {"151": "W"}, {"151": "W"}, {"151": "W"}, {"151": "W"}, {"151": "W"}, {"151": "W"}, {"151": "W"}, {"151": "W"}, {"151": "W"}, {"151": "W"}, {"151": "N"}, {"151": "N"}, {"151": "N"}, {"151": "N"}, {"151": "N"}, {"151": "N"}, {"151": "N"}, {"151": "N"}, {"151": "N"}, {"151": "N"}, {"151": "N"}, {"151": "N"}, {"151": "N"}, {"151": "N"}, {"151": "N"}, {"151": "N"}, {"151": "N"}, {"151": "N"}, {"103": "E"}, {"103": "E"}, {"103": "E"}, {"103": "E"}, {"103": "E"}, {"103": "E"}, {"103": "E"}, {"103": "E"}, {"103": "E"}, {"103": "E"}, {"103": "E"}, {"103": "E"}, {"103": "E"}, {"103": "E"}, {"103": "N"}, {"103": "N"}, {"103": "N"}, {"103": "N"}, {"103": "E"}, {"103": "E"}, {"103": "E"}, {"103": "E"}, {"103": "E"}, {"103": "E"}, {"103": "E"}, {"103": "E"}, {"103": "E"}, {"103": "E"}, {"103": "N"}, {"103": "N"}, {"103": "N"}, {"103": "N"}, {"103": "N"}, {"103": "N"}, {"103": "N"}, {"103": "N"}, {"103": "N"}, {"103": "N"}, {"103": "N"}, {"103": "N"}, {"103": "N"}, {"103": "N"}, {"103": "N"}, {"103": "N"}, {"103": "N"}, {"103": "N"}, {"103": "N"}, {"103": "N"}, {"103": "N"}, {"103": "N"}, {"103": "N"}, {"2": "W"}, {"2": "N"}, {"2": "N"}, {"2": "N"}, {"2": "N"}, {"2": "N"}, {"2": "N"}, {"2": "N"}, {"2": "N"}, {"2": "N"}, {"2": "N"}, {"2": "N"}, {"2": "N"}, {"2": "N"}, {"2": "N"}, {"2": "N"}, {"2": "N"}, {"2": "N"}, {"2": "N"}, {"2": "N"}, {"2": "N"}, {"2": "N"}, {"2": "N"}, {"2": "N"}, {"2": "N"}, {"2": "N"}, {"2": "N"}, {"2": "N"}, {"2": "N"}, {"2": "N"}, {"2": "N"}, {"2": "N"}, {"2": "N"}, {"79": "N"}, {"79": "E"}, {"79": "E"}, {"79": "N"}, {"79": "N"}, {"79": "N"}, {"79": "N"}, {"79": "N"}, {"79": "N"}, {"79": "N"}, {"79": "N"}, {"79": "N"}, {"79": "N"}, {"79": "N"}, {"79": "N"}, {"79": "N"}, {"79": "N"}, {"79": "N"}, {"79": "N"}, {"79": "N"}, {"79": "N"}, {"79": "N"}, {"79": "N"}, {"79": "N"}, {"79": "N"}, {"79": "N"}, {"79": "N"}, {"79": "N"}, {"79": "N"}, {"79": "N"}, {"79": "N"}, {"79": "N"}, {"168": "N"}, {"168": "W"}, {"168": "W"}, {"168": "W"}, {"168": "N"}, {"168": "N"}, {"168": "N"}, {"168": "N"}, {"109": "E"}, {"109": "N"}, {"109": "N"}, {"109": "E"}, {"109": "E"}, {"109": "E"}, {"109": "E"}, {"109": "E"}, {"109": "E"}, {"109": "E"}, {"109": "E"}, {"109": "E"}, {"109": "E"}, {"109": "E"}, {"109": "E"}, {"109": "E"}, {"109": "E"}, {"109": "E"}, {"109": "E"}, {"109": "E"}, {"109": "E"}, {"109": "E"}, {"109": "E"}, {"109": "E"}, {"109": "E"}, {"109": "E"}, {"109": "E"}, {"109": "N"}, {"109": "N"}, {"109": "N"}, {"109": "N"}, {"109": "N"}, {"109": "N"}, {"109": "N"}, {"109": "N"}, {"109": "N"}, {"109": "N"}, {"109": "N"}, {"109": "N"}, {"109": "N"}, {"109": "N"}, {"109": "N"}, {"109": "N"}, {"109": "N"}, {"109": "N"}, {"109": "N"}, {"109": "N"}, {"109": "N"}, {"109": "N"}, {"96": "N"}, {"96": "E"}, {"96": "E"}, {"96": "E"}, {"96": "E"}, {"96": "E"}, {"96": "E"}, {"96": "E"}, {"96": "E"}, {"96": "E"}, {"96": "E"}, {"96": "E"}, {"96": "E"}, {"96": "E"}, {"96": "E"}, {"96": "E"}, {"96": "E"}, {"96": "E"}, {"96": "E"}, {"96": "E"}, {"96": "E"}, {"96": "E"}, {"96": "E"}, {"96": "E"}, {"96": "E"}, {"96": "E"}, {"96": "E"}, {"96": "E"}, {"96": "E"}, {"96": "E"}, {"96": "E"}, {"96": "N"}, {"96": "N"}, {"96": "N"}, {"96": "N"}, {"96": "N"}, {"96": "N"}, {"96": "N"}, {"96": "N"}, {"96": "N"}, {"96": "N"}, {"96": "N"}, {"96": "N"}, {"96": "N"}, {"96": "N"}, {"96": "N"}, {"96": "N"}, {"96": "N"}, {"96": "N"}, {"96": "N"}, {"93": "E"}, {"93": "N"}, {"93": "N"}, {"93": "N"}, {"93": "E"}, {"93": "N"}, {"93": "N"}, {"93": "N"}, {"93": "N"}, {"93": "N"}, {"93": "N"}, {"93": "N"}, {"93": "N"}, {"93": "N"}, {"93": "N"}, {"93": "N"}, {"93": "N"}, {"93": "N"}, {"93": "N"}, {"93": "N"}, {"93": "N"}, {"93": "N"}, {"93": "N"}, {"93": "N"}, {"93": "N"}, {"93": "N"}, {"93": "N"}, {"93": "N"}, {"93": "N"}, {"93": "N"}, {"93": "N"}, {"93": "N"}, {"93": "N"}, {"93": "N"}, {"93": "N"}, {"119": "W"}, {"119": "N"}, {"119": "W"}, {"119": "N"}, {"119": "N"}, {"119": "N"}, {"119": "N"}, {"119": "N"}, {"119": "N"}, {"119": "N"}, {"119": "N"}, {"119": "N"}, {"119": "N"}, {"119": "N"}, {"119": "N"}, {"119": "N"}, {"119": "N"}, {"119": "N"}, {"119": "N"}, {"119": "N"}, {"119": "N"}, {"119": "N"}, {"119": "N"}, {"119": "N"}, {"119": "N"}, {"119": "N"}, {"119": "N"}, {"119": "N"}, {"119": "N"}, {"119": "N"}, {"119": "N"}, {"16": "W"}, {"16": "W"}, {"16": "N"}, {"16": "N"}, {"16": "N"}, {"16": "N"}, {"16": "N"}, {"16": "E"}, {"16": "N"}, {"16": "N"}, {"16": "N"}, {"16": "N"}, {"16": "N"}, {"16": "N"}, {"16": "N"}, {"16": "N"}, {"16": "N"}, {"16": "N"}, {"16": "N"}, {"16": "N"}, {"16": "N"}, {"16": "N"}, {"16": "N"}, {"16": "N"}, {"16": "N"}, {"16": "N"}, {"16": "N"}, {"16": "N"}, {"16": "N"}, {"16": "N"}, {"16": "N"}, {"16": "N"}, {"16": "N"}, {"16": "N"}, {"16": "N"}, {"16": "N"}, {"16": "N"}, {"72": "N"}, {"72": "E"}, {"72": "E"}, {"72": "E"}, {"72": "E"}, {"72": "E"}, {"72": "E"}, {"72": "E"}, {"72": "E"}, {"72": "E"}, {"72": "E"}, {"72": "E"}, {"72": "E"}, {"72": "E"}, {"72": "E"}, {"72": "E"}, {"72": "E"}, {"72": "E"}, {"72": "E"}, {"72": "E"}, {"72": "E"}, {"72": "E"}, {"72": "E"}, {"72": "E"}, {"72": "N"}, {"72": "N"}, {"72": "N"}, {"72": "N"}, {"72": "N"}, {"72": "N"}, {"72": "N"}, {"72": "N"}, {"72": "N"}, {"72": "N"}, {"72": "N"}, {"72": "N"}, {"72": "N"}, {"72": "N"}, {"72": "N"}, {"72": "N"}, {"72": "N"}, {"72": "N"}, {"72": "N"}, {"72": "N"}, {"42": "E"}, {"42": "N"}, {"42": "N"}, {"42": "N"}, {"42": "N"}, {"42": "N"}, {"42": "N"}, {"42": "N"}, {"42": "N"}, {"42": "N"}, {"42": "N"}, {"42": "N"}, {"42": "N"}, {"42": "N"}, {"42": "N"}, {"42": "N"}, {"42": "N"}, {"42": "N"}, {"42": "N"}, {"42": "N"}, {"42": "N"}, {"42": "N"}, {"42": "N"}, {"42": "N"}, {"42": "N"}, {"42": "N"}, {"42": "N"}, {"42": "N"}, {"42": "N"}, {"42": "N"}, {"42": "N"}, {"42": "N"}, {"30": "W"}, {"30": "W"}, {"30": "N"}, {"30": "N"}, {"30": "N"}, {"30": "N"}, {"30": "N"}, {"30": "N"}, {"30": "N"}, {"3": "E"}, {"3": "E"}, {"3": "E"}, {"3": "E"}, {"3": "E"}, {"3": "E"}, {"3": "E"}, {"3": "E"}, {"3": "E"}, {"3": "E"}, {"3": "E"}, {"3": "E"}, {"3": "E"}, {"3": "E"}, {"3": "E"}, {"3": "E"}, {"3": "E"}, {"3": "E"}, {"3": "E"}, {"3": "E"}, {"3": "E"}, {"3": "E"}, {"3": "E"}, {"3": "E"}, {"3": "E"}, {"3": "E"}, {"3": "E"}, {"3": "E"}, {"3": "N"}, {"3": "N"}, {"3": "N"}, {"3": "N"}, {"3": "N"}, {"3": "N"}, {"3": "N"}, {"3": "N"}, {"3": "N"}, {"3": "N"}, {"3": "N"}, {"3": "N"}, {"3": "N"}, {"3": "N"}, {"3": "N"}, {"3": "N"}, {"171": "E"}, {"171": "N"}, {"171": "E"}, {"171": "E"}, {"171": "E"}, {"171": "E"}, {"171": "E"}, {"171": "E"}, {"171": "E"}, {"171": "E"}, {"171": "E"}, {"171": "E"}, {"171": "E"}, {"171": "E"}, {"171": "E"}, {"171": "E"}, {"171": "E"}, {"171": "E"}, {"171": "E"}, {"171": "E"}, {"171": "N"}, {"171": "N"}, {"171": "N"}, {"171": "N"}, {"171": "N"}, {"171": "N"}, {"171": "N"}, {"171": "N"}, {"171": "N"}, {"171": "N"}, {"171": "N"}, {"171": "N"}, {"171": "N"}, {"171": "N"}, {"171": "N"}, {"171": "N"}, {"171": "N"}, {"171": "N"}, {"171": "N"}, {"44": "S"}, {"44": "W"}, {"44": "W"}, {"44": "W"}, {"44": "W"}, {"44": "W"}, {"44": "N"}, {"44": "N"}, {"44": "N"}, {"44": "N"}, {"44": "N"}, {"44": "N"}, {"44": "N"}, {"44": "N"}, {"44": "N"}, {"44": "N"}, {"170": "S"}, {"170": "E"}, {"170": "E"}, {"170": "E"}, {"170": "E"}, {"170": "E"}, {"170": "E"}, {"170": "E"}, {"170": "E"}, {"170": "E"}, {"170": "E"}, {"170": "E"}, {"170": "E"}, {"170": "E"}, {"170": "E"}, {"170": "E"}, {"170": "E"}, {"170": "E"}, {"170": "E"}, {"170": "E"}, {"170": "E"}, {"170": "E"}, {"170": "E"}, {"170": "E"}, {"170": "E"}, {"170": "E"}, {"170": "E"}, {"170": "N"}, {"170": "N"}, {"170": "N"}, {"170": "N"}, {"170": "N"}, {"170": "N"}, {"105": "S"}, {"105": "W"}, {"105": "W"}, {"105": "W"}, {"105": "W"}, {"105": "W"}, {"105": "W"}, {"105": "W"}, {"105": "W"}, {"105": "W"}, {"105": "W"}, {"105": "W"}, {"105": "W"}, {"105": "W"}, {"105": "W"}, {"105": "W"}, {"105": "N"}, {"105": "N"}, {"105": "N"}, {"105": "N"}, {"105": "N"}, {"105": "N"}, {"105": "N"}, {"105": "N"}, {"105": "N"}, {"105": "N"}, {"105": "N"}, {"105": "N"}, {"105": "N"}, {"105": "N"}, {"105": "N"}, {"105": "N"}, {"105": "N"}, {"105": "N"}, {"105": "N"}, {"105": "N"}, {"105": "N"}, {"105": "N"}, {"105": "N"}, {"105": "N"}, {"22": "N"}, {"22": "E"}, {"22": "E"}, {"22": "E"}, {"22": "E"}, {"22": "E"}, {"22": "E"}, {"22": "E"}, {"22": "E"}, {"22": "E"}, {"22": "E"}, {"22": "E"}, {"22": "E"}, {"22": "E"}, {"22": "E"}, {"22": "E"}, {"22": "E"}, {"22": "E"}, {"22": "E"}, {"22": "E"}, {"22": "E"}, {"22": "E"}, {"22": "E"}, {"22": "E"}, {"22": "E"}, {"22": "E"}, {"22": "E"}, {"22": "E"}, {"22": "E"}, {"22": "E"}, {"22": "E"}, {"22": "E"}, {"22": "E"}, {"22": "E"}, {"22": "N"}, {"22": "N"}, {"22": "N"}, {"22": "N"}, {"22": "N"}, {"22": "N"}, {"22": "N"}, {"22": "N"}, {"22": "N"}, {"22": "N"}, {"22": "N"}, {"22": "N"}, {"22": "N"}, {"53": "N"}, {"53": "E"}, {"53": "E"}, {"53": "E"}, {"53": "E"}, {"53": "E"}, {"53": "E"}, {"53": "E"}, {"53": "E"}, {"53": "E"}, {"53": "E"}, {"53": "E"}, {"53": "E"}, {"53": "E"}, {"53": "E"}, {"53": "E"}, {"53": "E"}, {"53": "E"}, {"53": "E"}, {"53": "E"}, {"53": "E"}, {"53": "E"}, {"53": "E"}, {"53": "E"}, {"53": "E"}, {"53": "E"}, {"53": "E"}, {"53": "E"}, {"53": "E"}, {"53": "E"}, {"53": "E"}, {"53": "E"}, {"53": "E"}, {"53": "E"}, {"53": "E"}, {"53": "E"}, {"53": "N"}, {"53": "N"}, {"53": "N"}, {"53": "N"}, {"53": "N"}, {"53": "N"}, {"53": "N"}, {"53": "N"}, {"53": "N"}, {"29": "S"}, {"29": "W"}, {"29": "W"}, {"29": "S"}, {"29": "S"}, {"9": "N"}, {"9": "E"}, {"9": "E"}, {"9": "E"}, {"9": "E"}, {"9": "E"}, {"9": "E"}, {"9": "E"}, {"9": "E"}, {"9": "E"}, {"9": "E"}, {"9": "E"}, {"9": "E"}, {"9": "E"}, {"9": "E"}, {"9": "E"}, {"9": "E"}, {"9": "E"}, {"9": "E"}, {"9": "E"}, {"9": "E"}, {"9": "E"}, {"9": "E"}, {"9": "E"}, {"9": "E"}, {"9": "E"}, {"9": "E"}, {"9": "E"}, {"9": "E"}, {"9": "E"}, {"9": "E"}, {"9": "E"}, {"9": "E"}, {"9": "E"}, {"9": "N"}, {"9": "N"}, {"9": "N"}, {"9": "N"}, {"9": "N"}, {"9": "N"}, {"9": "N"}, {"9": "N"}, {"9": "N"}, {"9": "N"}, {"137": "S"}, {"137": "W"}, {"137": "W"}, {"137": "S"}, {"137": "S"}, {"137": "W"}, {"137": "W"}, {"137": "N"}, {"124": "E"}, {"124": "S"}, {"124": "S"}, {"124": "W"}, {"124": "W"}, {"124": "W"}, {"124": "W"}, {"124": "W"}, {"124": "W"}, {"124": "W"}, {"124": "S"}, {"124": "S"}, {"124": "S"}, {"124": "W"}, {"124": "W"}, {"77": "N"}, {"77": "E"}, {"77": "E"}, {"77": "E"}, {"77": "E"}, {"77": "E"}, {"77": "E"}, {"77": "E"}, {"77": "E"}, {"77": "E"}, {"77": "E"}, {"77": "E"}, {"77": "E"}, {"77": "E"}, {"77": "E"}, {"77": "E"}, {"77": "E"}, {"77": "E"}, {"77": "E"}, {"77": "E"}, {"77": "E"}, {"77": "E"}, {"77": "E"}, {"77": "E"}, {"77": "E"}, {"77": "E"}, {"77": "E"}, {"77": "E"}, {"77": "E"}, {"77": "E"}, {"77": "E"}, {"77": "N"}, {"77": "N"}, {"77": "N"}, {"77": "N"}, {"77": "N"}, {"77": "N"}, {"77": "N"}, {"77": "N"}, {"77": "N"}, {"77": "N"}, {"77": "N"}, {"59": "N"}, {"59": "E"}, {"59": "E"}, {"59": "E"}, {"59": "E"}, {"59": "E"}, {"59": "E"}, {"59": "E"}, {"59": "E"}, {"59": "E"}, {"59": "E"}, {"59": "E"}, {"59": "E"}, {"59": "E"}, {"59": "E"}, {"59": "E"}, {"59": "E"}, {"59": "E"}, {"59": "E"}, {"59": "E"}, {"59": "E"}, {"59": "E"}, {"59": "E"}, {"59": "E"}, {"59": "N"}, {"59": "N"}, {"59": "N"}, {"59": "N"}, {"59": "N"}, {"59": "N"}, {"59": "N"}, {"59": "N"}, {"59": "N"}, {"59": "N"}, {"59": "N"}, {"59": "N"}, {"59": "N"}, {"59": "N"}, {"59": "N"}, {"59": "N"}, {"59": "N"}, {"59": "N"}, {"59": "N"}, {"24": "W"}, {"24": "S"}, {"24": "S"}, {"24": "S"}, {"24": "W"}, {"24": "W"}, {"24": "W"}, {"24": "W"}, {"24": "W"}, {"24": "W"}, {"24": "W"}, {"24": "S"}, {"24": "S"}, {"178": "W"}, {"178": "S"}, {"178": "W"}, {"178": "W"}, {"178": "W"}, {"178": "W"}, {"178": "W"}, {"178": "W"}, {"178": "N"}, {"178": "N"}, {"178": "N"}, {"178": "N"}, {"164": "S"}, {"164": "W"}, {"164": "W"}, {"164": "W"}, {"164": "W"}, {"164": "W"}, {"164": "W"}, {"164": "W"}, {"164": "N"}, {"164": "N"}, {"164": "N"}, {"164": "N"}, {"153": "S"}, {"153": "E"}, {"153": "E"}, {"153": "E"}, {"153": "E"}, {"153": "E"}, {"153": "E"}, {"153": "E"}, {"153": "E"}, {"153": "E"}, {"153": "E"}, {"153": "E"}, {"153": "E"}, {"153": "E"}, {"153": "E"}, {"153": "E"}, {"153": "E"}, {"153": "E"}, {"153": "E"}, {"153": "E"}, {"153": "E"}, {"153": "E"}, {"153": "E"}, {"153": "E"}, {"153": "E"}, {"153": "E"}, {"153": "E"}, {"153": "E"}, {"153": "E"}, {"153": "E"}, {"134": "E"}, {"134": "N"}, {"134": "N"}, {"134": "N"}, {"134": "N"}, {"134": "E"}, {"134": "E"}, {"134": "E"}, {"134": "E"}, {"134": "E"}, {"134": "E"}, {"134": "E"}, {"134": "E"}, {"134": "E"}, {"134": "E"}, {"134": "E"}, {"134": "E"}, {"134": "E"}, {"134": "E"}, {"134": "E"}, {"134": "E"}, {"134": "E"}, {"134": "E"}, {"134": "E"}, {"134": "E"}, {"134": "E"}, {"134": "E"}, {"134": "E"}, {"134": "N"}, {"134": "N"}, {"134": "N"}, {"134": "N"}, {"134": "N"}, {"134": "N"}, {"134": "N"}, {"134": "N"}, {"134": "N"}, {"134": "N"}, {"134": "N"}, {"134": "N"}, {"134": "N"}, {"134": "N"}, {"134": "N"}, {"134": "N"}, {"131": "W"}, {"131": "W"}, {"131": "N"}, {"131": "N"}, {"131": "N"}, {"131": "N"}, {"131": "W"}, {"131": "N"}, {"131": "N"}, {"131": "N"}, {"131": "N"}, {"131": "N"}, {"131": "N"}, {"131": "N"}, {"131": "N"}, {"131": "N"}, {"131": "N"}, {"131": "N"}, {"131": "N"}, {"131": "N"}, {"131": "N"}, {"131": "N"}, {"131": "N"}, {"131": "N"}, {"131": "N"}, {"131": "N"}, {"131": "N"}, {"131": "N"}, {"131": "N"}, {"131": "N"}, {"131": "N"}, {"131": "N"}, {"122": "N"}, {"122": "E"}, {"122": "E"}, {"122": "E"}, {"122": "E"}, {"122": "E"}, {"122": "E"}, {"122": "E"}, {"122": "E"}, {"122": "E"}, {"122": "E"}, {"122": "E"}, {"122": "E"}, {"122": "E"}, {"122": "E"}, {"122": "E"}, {"122": "E"}, {"122": "E"}, {"122": "E"}, {"122": "E"}, {"122": "E"}, {"122": "E"}, {"122": "E"}, {"122": "E"}, {"122": "E"}, {"122": "E"}, {"122": "E"}, {"122": "E"}, {"122": "E"}, {"122": "E"}, {"122": "E"}, {"122": "E"}, {"122": "E"}, {"122": "N"}, {"122": "N"}, {"122": "N"}, {"122": "N"}, {"122": "N"}, {"122": "N"}, {"122": "N"}, {"122": "N"}, {"122": "N"}, {"55": "W"}, {"55": "S"}, {"55": "S"}, {"55": "W"}, {"55": "W"}, {"55": "S"}, {"55": "S"}, {"54": "W"}, {"54": "N"}, {"54": "N"}, {"54": "W"}, {"54": "W"}, {"54": "W"}, {"54": "W"}, {"54": "N"}, {"54": "N"}, {"54": "N"}, {"54": "N"}, {"54": "N"}, {"54": "N"}, {"54": "N"}, {"54": "N"}, {"54": "N"}, {"54": "N"}, {"54": "N"}, {"54": "N"}, {"54": "N"}, {"54": "N"}, {"54": "N"}, {"54": "N"}, {"54": "N"}, {"54": "N"}, {"54": "N"}, {"54": "N"}, {"54": "N"}, {"54": "N"}, {"54": "N"}, {"54": "N"}, {"54": "N"}, {"54": "N"}, {"54": "N"}, {"54": "N"}, {"34": "N"}, {"34": "E"}, {"34": "E"}, {"34": "E"}, {"34": "E"}, {"34": "E"}, {"34": "E"}, {"34": "E"}, {"34": "E"}, {"34": "E"}, {"34": "E"}, {"34": "E"}, {"34": "E"}, {"34": "E"}, {"34": "E"}, {"34": "E"}, {"34": "E"}, {"34": "E"}, {"34": "E"}, {"34": "E"}, {"34": "E"}, {"34": "E"}, {"34": "E"}, {"34": "E"}, {"34": "E"}, {"34": "E"}, {"34": "E"}, {"34": "E"}, {"34": "E"}, {"34": "E"}, {"34": "E"}, {"34": "E"}, {"34": "N"}, {"34": "N"}, {"34": "N"}, {"34": "N"}, {"34": "N"}, {"34": "N"}, {"34": "N"}, {"34": "N"}, {"32": "W"}, {"32": "W"}, {"32": "W"}, {"32": "W"}, {"32": "W"}, {"32": "N"}, {"32": "N"}, {"32": "N"}, {"32": "N"}, {"32": "N"}, {"32": "N"}, {"32": "N"}, {"32": "N"}, {"115": "E"}, {"115": "E"}, {"115": "E"}, {"115": "E"}, {"115": "E"}, {"115": "E"}, {"115": "E"}, {"115": "E"}, {"115": "E"}, {"115": "E"}, {"115": "E"}, {"115": "E"}, {"115": "E"}, {"115": "E"}, {"115": "E"}, {"115": "E"}, {"115": "E"}, {"115": "E"}, {"115": "E"}, {"115": "E"}, {"115": "E"}, {"115": "E"}, {"115": "E"}, {"115": "E"}, {"115": "E"}, {"115": "E"}, {"115": "N"}, {"115": "N"}, {"115": "N"}, {"115": "N"}, {"115": "N"}, {"115": "N"}, {"115": "N"}, {"115": "N"}, {"115": "N"}, {"115": "N"}, {"115": "N"}, {"115": "N"}, {"115": "N"}, {"115": "N"}, {"85": "E"}, {"85": "E"}, {"85": "E"}, {"85": "E"}, {"85": "E"}, {"85": "E"}, {"85": "E"}, {"85": "E"}, {"85": "E"}, {"85": "E"}, {"85": "N"}, {"85": "N"}, {"85": "N"}, {"85": "E"}, {"85": "E"}, {"85": "E"}, {"85": "E"}, {"85": "E"}, {"85": "E"}, {"85": "E"}, {"85": "E"}, {"85": "E"}, {"85": "E"}, {"85": "N"}, {"85": "N"}, {"85": "N"}, {"85": "N"}, {"85": "N"}, {"85": "N"}, {"85": "N"}, {"85": "N"}, {"85": "N"}, {"85": "N"}, {"85": "N"}, {"85": "N"}, {"85": "N"}, {"85": "N"}, {"85": "N"}, {"85": "N"}, {"56": "W"}, {"56": "W"}, {"56": "W"}, {"56": "N"}, {"40": "E"}, {"40": "E"}, {"40": "E"}, {"40": "E"}, {"40": "E"}, {"40": "E"}, {"40": "E"}, {"40": "N"}, {"40": "N"}, {"40": "E"}, {"40": "E"}, {"40": "E"}, {"40": "E"}, {"40": "E"}, {"40": "E"}, {"40": "E"}, {"40": "E"}, {"40": "E"}, {"40": "E"}, {"40": "N"}, {"40": "N"}, {"40": "N"}, {"40": "N"}, {"40": "N"}, {"40": "N"}, {"40": "N"}, {"40": "N"}, {"40": "N"}, {"40": "N"}, {"40": "N"}, {"40": "N"}, {"40": "N"}, {"40": "N"}, {"40": "N"}, {"40": "N"}, {"40": "N"}, {"40": "N"}, {"40": "N"}, {"17": "E"}, {"17": "S"}, {"17": "S"}, {"17": "S"}, {"17": "E"}, {"17": "E"}, {"17": "S"}, {"17": "S"}, {"17": "S"}, {"17": "W"}, {"17": "S"}, {"17": "W"}, {"17": "S"}, {"11": "N"}, {"11": "W"}, {"11": "W"}, {"11": "W"}, {"11": "W"}, {"11": "W"}, {"11": "W"}, {"11": "W"}, {"11": "W"}, {"11": "W"}, {"11": "N"}, {"11": "N"}, {"11": "N"}, {"11": "N"}, {"11": "N"}, {"11": "N"}, {"116": "W"}, {"116": "S"}, {"116": "S"}, {"116": "W"}, {"116": "W"}, {"116": "W"}, {"116": "W"}, {"116": "W"}, {"116": "N"}, {"116": "N"}, {"116": "N"}, {"112": "W"}, {"112": "S"}, {"112": "S"}, {"112": "S"}, {"112": "S"}, {"112": "S"}, {"112": "E"}, {"112": "S"}, {"112": "E"}, {"112": "S"}, {"112": "S"}, {"112": "E"}, {"99": "E"}, {"99": "S"}, {"99": "S"}, {"99": "W"}, {"99": "W"}, {"99": "W"}, {"99": "W"}, {"99": "W"}, {"99": "S"}, {"90": "E"}, {"90": "E"}, {"90": "N"}, {"90": "E"}, {"90": "E"}, {"90": "E"}, {"90": "E"}, {"90": "E"}, {"90": "E"}, {"90": "E"}, {"90": "E"}, {"90": "E"}, {"90": "E"}, {"90": "E"}, {"90": "E"}, {"90": "E"}, {"90": "E"}, {"90": "E"}, {"90": "E"}, {"90": "E"}, {"90": "E"}, {"90": "E"}, {"90": "N"}, {"90": "N"}, {"90": "N"}, {"90": "N"}, {"90": "N"}, {"90": "N"}, {"90": "N"}, {"90": "N"}, {"90": "N"}, {"90": "N"}, {"90": "N"}, {"90": "N"}, {"90": "N"}, {"90": "N"}, {"62": "E"}, {"62": "N"}, {"62": "E"}, {"62": "E"}, {"62": "N"}, {"62": "N"}, {"62": "N"}, {"62": "N"}, {"62": "N"}, {"62": "N"}, {"62": "N"}, {"62": "N"}, {"62": "N"}, {"62": "N"}, {"62": "N"}, {"62": "N"}, {"62": "N"}, {"62": "N"}, {"62": "N"}, {"62": "N"}, {"62": "N"}, {"31": "W"}, {"31": "N"}, {"31": "N"}, {"31": "E"}, {"31": "E"}, {"31": "E"}, {"31": "E"}, {"31": "E"}, {"31": "E"}, {"31": "E"}, {"31": "E"}, {"31": "E"}, {"31": "E"}, {"31": "E"}, {"31": "E"}, {"31": "E"}, {"31": "E"}, {"31": "E"}, {"31": "N"}, {"31": "N"}, {"31": "N"}, {"31": "N"}, {"31": "N"}, {"31": "N"}, {"31": "N"}, {"31": "N"}, {"31": "N"}, {"31": "N"}, {"31": "N"}, {"31": "N"}, {"31": "N"}, {"28": "N"}, {"28": "W"}, {"28": "W"}, {"28": "W"}, {"28": "N"}, {"28": "N"}, {"28": "N"}, {"28": "N"}, {"28": "N"}, {"28": "N"}, {"28": "N"}, {"28": "N"}, {"28": "N"}, {"28": "N"}, {"28": "N"}, {"28": "N"}, {"28": "N"}, {"28": "N"}, {"28": "N"}, {"28": "N"}, {"28": "N"}, {"28": "N"}, {"28": "N"}, {"28": "N"}, {"28": "N"}, {"28": "N"}, {"28": "N"}, {"28": "N"}, {"28": "N"}, {"28": "N"}, {"20": "E"}, {"20": "E"}, {"20": "E"}, {"20": "E"}, {"20": "E"}, {"20": "E"}, {"20": "E"}, {"20": "E"}, {"20": "E"}, {"20": "E"}, {"20": "E"}, {"20": "E"}, {"20": "E"}, {"20": "E"}, {"20": "E"}, {"20": "E"}, {"20": "E"}, {"20": "E"}, {"20": "E"}, {"20": "E"}, {"20": "E"}, {"20": "E"}, {"20": "E"}, {"20": "E"}, {"20": "E"}, {"20": "E"}, {"20": "E"}, {"20": "E"}, {"20": "S"}, {"20": "S"}, {"20": "E"}, {"20": "S"}, {"20": "E"}, {"20": "E"}, {"140": "W"}, {"140": "N"}, {"140": "N"}, {"140": "N"}, {"140": "E"}, {"140": "E"}, {"140": "E"}, {"140": "E"}, {"140": "E"}, {"140": "E"}, {"140": "E"}, {"140": "E"}, {"140": "E"}, {"140": "E"}, {"140": "E"}, {"140": "E"}, {"140": "E"}, {"140": "E"}, {"140": "E"}, {"140": "E"}, {"140": "E"}, {"140": "E"}, {"140": "E"}, {"140": "E"}, {"140": "E"}, {"140": "N"}, {"140": "N"}, {"140": "N"}, {"140": "N"}, {"140": "N"}, {"140": "N"}, {"140": "N"}, {"140": "N"}, {"140": "N"}, {"140": "N"}, {"140": "N"}, {"140": "N"}, {"140": "N"}, {"140": "N"}, {"140": "N"}, {"128": "E"}, {"128": "N"}, {"128": "E"}, {"128": "E"}, {"128": "E"}, {"128": "E"}, {"128": "E"}, {"128": "E"}, {"128": "E"}, {"128": "E"}, {"128": "E"}, {"128": "E"}, {"128": "E"}, {"128": "N"}, {"128": "N"}, {"128": "N"}, {"128": "N"}, {"128": "N"}, {"128": "N"}, {"128": "N"}, {"128": "N"}, {"128": "N"}, {"128": "N"}, {"128": "N"}, {"128": "N"}, {"128": "N"}, {"127": "E"}, {"127": "N"}, {"127": "E"}, {"127": "E"}, {"127": "E"}, {"127": "E"}, {"127": "E"}, {"127": "E"}, {"127": "E"}, {"127": "E"}, {"127": "E"}, {"127": "E"}, {"127": "E"}, {"127": "E"}, {"127": "E"}, {"127": "E"}, {"127": "E"}, {"127": "E"}, {"127": "E"}, {"127": "E"}, {"127": "E"}, {"127": "N"}, {"127": "N"}, {"127": "N"}, {"127": "N"}, {"127": "N"}, {"127": "N"}, {"127": "N"}, {"127": "N"}, {"127": "N"}, {"127": "N"}, {"127": "N"}, {"127": "N"}, {"127": "N"}, {"127": "N"}, {"127": "N"}, {"127": "N"}, {"127": "N"}, {"81": "N"}, {"81": "W"}, {"81": "W"}, {"81": "W"}, {"81": "W"}, {"81": "W"}, {"81": "S"}, {"81": "S"}, {"81": "S"}, {"81": "W"}, {"69": "W"}, {"69": "S"}, {"69": "S"}, {"69": "S"}, {"69": "W"}, {"69": "W"}, {"69": "W"}, {"69": "W"}, {"69": "W"}, {"69": "W"}, {"69": "S"}, {"64": "W"}, {"64": "N"}, {"64": "N"}, {"64": "E"}, {"64": "E"}, {"64": "E"}, {"64": "E"}, {"64": "E"}, {"64": "E"}, {"64": "E"}, {"64": "E"}, {"64": "E"}, {"64": "E"}, {"64": "E"}, {"64": "E"}, {"64": "E"}, {"64": "E"}, {"64": "E"}, {"64": "E"}, {"64": "E"}, {"64": "E"}, {"64": "E"}, {"64": "E"}, {"64": "N"}, {"64": "N"}, {"64": "N"}, {"64": "N"}, {"64": "N"}, {"64": "N"}, {"64": "N"}, {"64": "N"}, {"64": "N"}, {"64": "N"}, {"64": "N"}, {"64": "N"}, {"64": "N"}, {"64": "N"}, {"64": "N"}, {"64": "N"}, {"175": "S"}, {"175": "W"}, {"175": "W"}, {"175": "W"}, {"175": "W"}, {"175": "N"}, {"175": "N"}, {"175": "N"}, {"175": "N"}, {"175": "N"}, {"175": "N"}, {"175": "N"}, {"175": "N"}, {"175": "N"}, {"175": "N"}, {"175": "N"}, {"175": "N"}, {"175": "N"}, {"175": "W"}, {"175": "W"}, {"175": "W"}, {"175": "N"}, {"175": "W"}, {"175": "W"}, {"175": "W"}, {"175": "W"}, {"175": "W"}, {"175": "W"}, {"175": "W"}, {"175": "W"}, {"175": "N"}, {"175": "W"}, {"175": "W"}, {"175": "N"}, {"175": "W"}, {"175": "W"}, {"175": "W"}, {"175": "W"}, {"175": "W"}, {"156": "E"}, {"156": "E"}, {"156": "E"}, {"156": "E"}, {"156": "E"}, {"156": "E"}, {"156": "E"}, {"156": "E"}, {"156": "E"}, {"156": "E"}, {"156": "E"}, {"156": "E"}, {"156": "E"}, {"156": "E"}, {"156": "E"}, {"156": "E"}, {"156": "E"}, {"156": "E"}, {"156": "E"}, {"156": "E"}, {"156": "E"}, {"156": "E"}, {"156": "E"}, {"156": "N"}, {"156": "N"}, {"156": "N"}, {"156": "N"}, {"156": "N"}, {"156": "N"}, {"156": "N"}, {"156": "N"}, {"156": "N"}, {"94": "W"}, {"94": "W"}, {"94": "W"}, {"94": "S"}, {"94": "S"}, {"94": "S"}, {"94": "S"}, {"94": "S"}, {"94": "S"}, {"94": "W"}, {"94": "W"}, {"83": "S"}, {"83": "E"}, {"83": "E"}, {"83": "E"}, {"83": "S"}, {"83": "E"}, {"83": "E"}, {"83": "E"}, {"83": "E"}, {"83": "E"}, {"83": "E"}, {"83": "E"}, {"83": "E"}, {"83": "E"}, {"83": "E"}, {"83": "E"}, {"83": "E"}, {"83": "E"}, {"83": "E"}, {"83": "E"}, {"83": "E"}, {"83": "E"}, {"83": "E"}, {"83": "E"}, {"83": "E"}, {"83": "E"}, {"83": "E"}, {"83": "E"}, {"83": "E"}, {"83": "E"}, {"83": "E"}, {"83": "E"}, {"83": "E"}, {"83": "E"}, {"83": "E"}, {"83": "E"}, {"74": "W"}, {"74": "S"}, {"74": "W"}, {"74": "W"}, {"74": "W"}, {"74": "W"}, {"74": "S"}, {"74": "S"}, {"74": "S"}, {"74": "W"}, {"74": "S"}, {"74": "W"}, {"74": "W"}, {"74": "W"}, {"74": "S"}, {"74": "S"}, {"47": "E"}, {"47": "E"}, {"47": "E"}, {"47": "E"}, {"47": "E"}, {"47": "E"}, {"47": "E"}, {"47": "E"}, {"47": "E"}, {"47": "E"}, {"47": "E"}, {"47": "E"}, {"47": "E"}, {"47": "E"}, {"47": "E"}, {"47": "E"}, {"47": "E"}, {"47": "E"}, {"47": "E"}, {"47": "E"}, {"47": "E"}, {"47": "E"}, {"47": "S"}, {"47": "E"}, {"47": "E"}, {"47": "S"}, {"47": "E"}, {"47": "S"}, {"47": "E"}, {"47": "S"}, {"47": "E"}, {"47": "E"}, {"47": "S"}, {"47": "S"}, {"47": "E"}, {"27": "E"}, {"27": "N"}, {"27": "N"}, {"27": "N"}, {"27": "E"}, {"27": "E"}, {"27": "E"}, {"27": "E"}, {"27": "E"}, {"27": "E"}, {"27": "E"}, {"27": "E"}, {"27": "E"}, {"27": "E"}, {"27": "E"}, {"27": "E"}, {"27": "E"}, {"27": "E"}, {"27": "E"}, {"27": "E"}, {"27": "E"}, {"27": "E"}, {"27": "E"}, {"27": "E"}, {"27": "N"}, {"27": "N"}, {"27": "N"}, {"27": "N"}, {"27": "N"}, {"27": "N"}, {"27": "N"}, {"27": "N"}, {"27": "N"}, {"27": "N"}, {"27": "N"}, {"27": "N"}, {"27": "N"}, {"27": "N"}, {"27": "N"}, {"15": "E"}, {"15": "E"}, {"15": "E"}, {"15": "E"}, {"15": "E"}, {"15": "E"}, {"15": "E"}, {"15": "E"}, {"15": "E"}, {"15": "E"}, {"15": "E"}, {"15": "E"}, {"15": "E"}, {"15": "E"}, {"15": "E"}, {"15": "E"}, {"15": "E"}, {"15": "E"}, {"15": "E"}, {"15": "E"}, {"15": "E"}, {"15": "E"}, {"15": "E"}, {"15": "E"}, {"15": "E"}, {"15": "E"}, {"15": "E"}, {"15": "N"}, {"15": "N"}, {"15": "N"}, {"15": "N"}, {"15": "N"}, {"15": "N"}, {"15": "N"}, {"15": "N"}, {"15": "N"}, {"15": "N"}, {"15": "N"}, {"4": "W"}, {"4": "S"}, {"4": "W"}, {"4": "W"}, {"4": "W"}, {"4": "W"}, {"4": "W"}, {"4": "W"}, {"4": "W"}, {"4": "W"}, {"4": "W"}, {"4": "W"}, {"4": "S"}, {"172": "W"}, {"172": "S"}, {"172": "S"}, {"172": "S"}, {"172": "S"}, {"172": "S"}, {"172": "S"}, {"172": "S"}, {"172": "S"}, {"172": "S"}, {"172": "S"}, {"172": "S"}, {"172": "S"}, {"172": "S"}, {"172": "S"}, {"172": "S"}, {"172": "S"}, {"172": "S"}, {"172": "S"}, {"172": "W"}, {"172": "S"}, {"107": "S"}, {"107": "W"}, {"107": "W"}, {"107": "W"}, {"107": "S"}, {"107": "S"}, {"107": "S"}, {"107": "S"}, {"107": "W"}, {"107": "W"}, {"107": "W"}, {"107": "W"}, {"107": "W"}, {"107": "W"}, {"107": "N"}, {"107": "N"}, {"107": "N"}, {"107": "N"}, {"80": "W"}, {"80": "S"}, {"80": "S"}, {"80": "W"}, {"80": "W"}, {"80": "W"}, {"80": "W"}, {"80": "W"}, {"80": "W"}, {"80": "S"}, {"80": "S"}, {"80": "S"}, {"80": "S"}, {"80": "S"}, {"80": "S"}, {"46": "E"}, {"46": "E"}, {"46": "E"}, {"46": "E"}, {"46": "E"}, {"46": "E"}, {"46": "E"}, {"46": "E"}, {"46": "E"}, {"46": "E"}, {"46": "E"}, {"46": "E"}, {"46": "E"}, {"46": "E"}, {"46": "E"}, {"46": "E"}, {"46": "E"}, {"46": "E"}, {"46": "E"}, {"46": "E"}, {"46": "E"}, {"46": "E"}, {"46": "E"}, {"46": "E"}, {"46": "E"}, {"46": "N"}, {"46": "N"}, {"46": "N"}, {"46": "N"}, {"46": "N"}, {"46": "N"}, {"46": "N"}, {"46": "N"}, {"46": "N"}, {"46": "N"}, {"46": "N"}, {"46": "N"}, {"46": "N"}, {"46": "N"}, {"6": "W"}, {"6": "W"}, {"6": "N"}, {"6": "N"}, {"6": "N"}, {"6": "N"}, {"6": "N"}, {"6": "N"}, {"6": "N"}, {"6": "N"}, {"6": "N"}, {"6": "N"}, {"6": "N"}, {"6": "N"}, {"6": "N"}, {"6": "N"}, {"6": "N"}, {"6": "N"}, {"6": "N"}, {"6": "N"}, {"6": "N"}, {"6": "N"}, {"6": "N"}, {"6": "N"}, {"138": "W"}, {"138": "S"}, {"138": "W"}, {"138": "W"}, {"138": "W"}, {"138": "W"}, {"138": "S"}, {"138": "S"}, {"138": "W"}, {"138": "S"}, {"138": "W"}, {"138": "W"}, {"136": "W"}, {"136": "N"}, {"136": "N"}, {"136": "E"}, {"136": "E"}, {"136": "E"}, {"136": "E"}, {"136": "E"}, {"136": "E"}, {"136": "E"}, {"136": "E"}, {"136": "E"}, {"136": "E"}, {"136": "E"}, {"136": "E"}, {"136": "E"}, {"136": "N"}, {"136": "N"}, {"136": "N"}, {"136": "N"}, {"136": "N"}, {"136": "N"}, {"136": "N"}, {"136": "N"}, {"118": "W"}, {"118": "N"}, {"118": "N"}, {"118": "N"}, {"118": "E"}, {"118": "N"}, {"118": "N"}, {"118": "N"}, {"118": "N"}, {"118": "N"}, {"118": "N"}, {"118": "N"}, {"118": "N"}, {"118": "N"}, {"118": "N"}, {"118": "N"}, {"118": "N"}, {"118": "N"}, {"118": "N"}, {"91": "S"}, {"91": "E"}, {"91": "S"}, {"91": "E"}, {"91": "E"}, {"91": "E"}, {"91": "E"}, {"91": "E"}, {"91": "E"}, {"91": "E"}, {"91": "E"}, {"91": "E"}, {"91": "E"}, {"91": "E"}, {"91": "E"}, {"91": "E"}, {"91": "E"}, {"91": "E"}, {"91": "E"}, {"91": "E"}, {"91": "E"}, {"91": "E"}, {"91": "E"}, {"91": "E"}, {"91": "E"}, {"91": "E"}, {"91": "E"}, {"91": "E"}, {"91": "E"}, {"91": "E"}, {"91": "E"}, {"91": "E"}, {"78": "W"}, {"78": "S"}, {"78": "S"}, {"78": "S"}, {"78": "S"}, {"78": "S"}, {"78": "S"}, {"78": "S"}, {"78": "S"}, {"78": "W"}, {"78": "W"}, {"78": "W"}, {"78": "W"}, {"78": "W"}, {"78": "N"}, {"78": "N"}, {"70": "S"}, {"70": "W"}, {"70": "W"}, {"70": "W"}, {"70": "W"}, {"70": "W"}, {"70": "W"}, {"70": "W"}, {"70": "S"}, {"70": "W"}, {"70": "W"}, {"70": "W"}, {"70": "W"}, {"70": "W"}, {"70": "W"}, {"70": "W"}, {"70": "W"}, {"70": "W"}, {"70": "W"}, {"70": "W"}, {"70": "W"}, {"70": "N"}, {"70": "N"}, {"70": "N"}, {"70": "N"}, {"70": "N"}, {"70": "N"}, {"70": "N"}, {"70": "N"}, {"70": "N"}, {"67": "N"}, {"67": "W"}, {"67": "W"}, {"67": "W"}, {"67": "S"}, {"67": "W"}, {"67": "W"}, {"67": "W"}, {"67": "W"}, {"67": "W"}, {"67": "W"}, {"67": "W"}, {"67": "W"}, {"67": "W"}, {"67": "N"}, {"67": "N"}, {"67": "N"}, {"67": "N"}, {"67": "N"}, {"67": "N"}, {"65": "S"}, {"65": "E"}, {"65": "E"}, {"65": "E"}, {"65": "E"}, {"65": "E"}, {"65": "E"}, {"65": "E"}, {"65": "E"}, {"65": "E"}, {"65": "E"}, {"65": "E"}, {"65": "E"}, {"65": "E"}, {"65": "E"}, {"65": "E"}, {"65": "E"}, {"65": "E"}, {"65": "E"}, {"65": "E"}, {"65": "E"}, {"65": "E"}, {"65": "E"}, {"65": "E"}, {"65": "E"}, {"65": "E"}, {"65": "E"}, {"65": "E"}, {"65": "S"}, {"65": "E"}, {"65": "E"}, {"65": "S"}, {"65": "S"}, {"65": "E"}, {"65": "S"}, {"65": "E"}, {"65": "E"}, {"23": "S"}, {"23": "W"}, {"23": "W"}, {"23": "W"}, {"23": "W"}, {"23": "W"}, {"23": "W"}, {"23": "S"}, {"23": "S"}, {"23": "S"}, {"23": "S"}, {"23": "W"}, {"23": "W"}, {"23": "S"}, {"23": "W"}, {"23": "W"}, {"23": "W"}, {"23": "W"}, {"23": "W"}, {"23": "W"}, {"23": "W"}, {"23": "W"}, {"23": "N"}, {"23": "N"}, {"23": "N"}, {"23": "N"}, {"23": "N"}, {"23": "N"}, {"23": "N"}, {"23": "N"}, {"158": "E"}, {"158": "N"}, {"158": "N"}, {"158": "N"}, {"158": "N"}, {"158": "N"}, {"158": "N"}, {"158": "N"}, {"158": "N"}, {"158": "N"}, {"158": "N"}, {"158": "N"}, {"158": "N"}, {"158": "N"}, {"155": "W"}, {"155": "N"}, {"155": "N"}, {"155": "N"}, {"155": "W"}, {"155": "W"}, {"155": "W"}, {"155": "N"}, {"155": "W"}, {"155": "W"}, {"155": "W"}, {"155": "W"}, {"155": "W"}, {"155": "W"}, {"155": "W"}, {"155": "W"}, {"155": "S"}, {"155": "W"}, {"155": "W"}, {"155": "W"}, {"155": "W"}, {"155": "W"}, {"155": "W"}, {"155": "S"}, {"141": "S"}, {"141": "W"}, {"141": "W"}, {"141": "W"}, {"141": "S"}, {"141": "S"}, {"141": "S"}, {"141": "S"}, {"141": "S"}, {"141": "S"}, {"141": "S"}, {"141": "W"}, {"141": "W"}, {"141": "S"}, {"141": "W"}, {"141": "W"}, {"141": "W"}, {"141": "W"}, {"141": "W"}, {"141": "N"}, {"141": "N"}, {"141": "N"}, {"141": "N"}, {"120": "E"}, {"120": "S"}, {"120": "S"}, {"120": "W"}, {"120": "W"}, {"120": "W"}, {"120": "W"}, {"120": "W"}, {"120": "W"}, {"120": "W"}, {"120": "S"}, {"120": "S"}, {"120": "W"}, {"120": "S"}, {"120": "W"}, {"120": "S"}, {"120": "S"}, {"87": "W"}, {"87": "W"}, {"87": "W"}, {"87": "W"}, {"87": "W"}, {"87": "W"}, {"87": "W"}, {"87": "S"}, {"87": "S"}, {"87": "S"}, {"87": "W"}, {"87": "S"}, {"43": "W"}, {"43": "S"}, {"43": "S"}, {"43": "S"}, {"43": "W"}, {"43": "W"}, {"43": "W"}, {"43": "W"}, {"43": "W"}, {"43": "W"}, {"43": "W"}, {"43": "W"}, {"43": "W"}, {"43": "W"}, {"43": "W"}, {"43": "W"}, {"43": "S"}, {"43": "S"}, {"36": "W"}, {"36": "W"}, {"36": "W"}, {"36": "W"}, {"36": "W"}, {"36": "W"}, {"36": "W"}, {"36": "W"}, {"36": "W"}, {"36": "W"}, {"36": "W"}, {"36": "W"}, {"36": "N"}, {"36": "W"}, {"36": "W"}, {"36": "N"}, {"36": "W"}, {"36": "W"}, {"36": "W"}, {"36": "W"}, {"36": "N"}, {"36": "W"}, {"36": "W"}, {"36": "W"}, {"36": "S"}, {"36": "W"}, {"36": "W"}, {"36": "N"}, {"12": "N"}, {"12": "E"}, {"12": "E"}, {"12": "E"}, {"12": "E"}, {"12": "E"}, {"12": "E"}, {"12": "E"}, {"12": "E"}, {"12": "E"}, {"12": "E"}, {"12": "E"}, {"12": "E"}, {"12": "E"}, {"12": "E"}, {"12": "E"}, {"12": "E"}, {"12": "N"}, {"12": "N"}, {"12": "N"}, {"12": "N"}, {"12": "N"}, {"12": "N"}, {"12": "N"}, {"12": "N"}, {"12": "N"}, {"1": "S"}, {"1": "E"}, {"1": "E"}, {"1": "E"}, {"1": "E"}, {"1": "E"}, {"1": "E"}, {"1": "E"}, {"1": "E"}, {"1": "E"}, {"1": "E"}, {"1": "E"}, {"1": "E"}, {"1": "E"}, {"1": "E"}, {"1": "E"}, {"1": "E"}, {"1": "E"}, {"1": "E"}, {"1": "E"}, {"1": "E"}, {"1": "E"}, {"1": "E"}, {"1": "E"}, {"1": "E"}, {"1": "E"}, {"1": "E"}, {"1": "S"}, {"1": "S"}, {"1": "E"}, {"1": "E"}, {"1": "S"}, {"1": "S"}, {"1": "E"}, {"1": "E"}, {"1": "S"}, {"1": "S"}, {"1": "E"}, {"1": "E"}, {"144": "S"}, {"144": "W"}, {"144": "W"}, {"144": "W"}, {"144": "W"}, {"144": "W"}, {"144": "W"}, {"144": "S"}, {"144": "S"}, {"144": "S"}, {"144": "W"}, {"144": "S"}, {"144": "S"}, {"144": "S"}, {"144": "S"}, {"144": "W"}, {"144": "W"}, {"144": "W"}, {"144": "S"}, {"144": "S"}, {"144": "S"}, {"125": "S"}, {"125": "W"}, {"125": "W"}, {"125": "W"}, {"125": "W"}, {"125": "W"}, {"125": "S"}, {"125": "S"}, {"125": "S"}, {"125": "S"}, {"125": "W"}, {"125": "W"}, {"125": "W"}, {"125": "W"}, {"125": "W"}, {"125": "W"}, {"125": "W"}, {"125": "W"}, {"125": "W"}, {"125": "N"}, {"125": "N"}, {"125": "N"}, {"125": "N"}, {"125": "N"}, {"125": "N"}, {"125": "N"}, {"97": "E"}, {"97": "N"}, {"97": "N"}, {"97": "E"}, {"97": "E"}, {"97": "E"}, {"97": "E"}, {"97": "E"}, {"97": "E"}, {"97": "E"}, {"97": "N"}, {"97": "N"}, {"97": "N"}, {"97": "N"}, {"97": "N"}, {"97": "N"}, {"61": "W"}, {"61": "W"}, {"61": "W"}, {"61": "W"}, {"61": "W"}, {"61": "S"}, {"61": "S"}, {"61": "S"}, {"61": "S"}, {"61": "W"}, {"61": "W"}, {"61": "W"}, {"61": "W"}, {"61": "W"}, {"61": "W"}, {"61": "W"}, {"61": "W"}, {"61": "W"}, {"61": "W"}, {"61": "W"}, {"61": "S"}, {"61": "S"}, {"61": "E"}, {"51": "N"}, {"51": "N"}, {"51": "W"}, {"51": "W"}, {"51": "W"}, {"51": "W"}, {"51": "W"}, {"51": "W"}, {"51": "S"}, {"51": "W"}, {"51": "W"}, {"51": "W"}, {"51": "W"}, {"51": "W"}, {"51": "W"}, {"51": "N"}, {"51": "N"}, {"51": "N"}, {"51": "N"}, {"50": "W"}, {"50": "N"}, {"50": "W"}, {"50": "W"}, {"50": "W"}, {"50": "W"}, {"50": "W"}, {"50": "W"}, {"50": "N"}, {"50": "N"}, {"50": "N"}, {"50": "N"}, {"50": "N"}, {"50": "N"}, {"50": "N"}, {"50": "N"}, {"50": "N"}, {"50": "N"}, {"50": "N"}, {"50": "N"}, {"50": "N"}, {"50": "N"}, {"50": "N"}, {"50": "N"}, {"49": "W"}, {"49": "S"}, {"49": "S"}, {"49": "W"}, {"49": "W"}, {"49": "W"}, {"49": "W"}, {"49": "W"}, {"49": "W"}, {"49": "W"}, {"49": "W"}, {"49": "W"}, {"49": "W"}, {"49": "S"}, {"49": "S"}, {"49": "W"}, {"49": "S"}, {"49": "W"}, {"49": "S"}, {"49": "W"}, {"49": "S"}, {"38": "N"}, {"38": "E"}, {"38": "E"}, {"38": "E"}, {"38": "E"}, {"38": "E"}, {"38": "E"}, {"38": "E"}, {"38": "E"}, {"38": "E"}, {"38": "E"}, {"38": "E"}, {"38": "N"}, {"38": "N"}, {"38": "N"}, {"38": "N"}, {"38": "N"}, {"38": "N"}, {"38": "N"}, {"38": "N"}, {"38": "N"}, {"38": "N"}, {"145": "E"}, {"145": "E"}, {"145": "E"}, {"145": "E"}, {"145": "E"}, {"145": "E"}, {"145": "E"}, {"145": "E"}, {"145": "E"}, {"145": "E"}, {"145": "E"}, {"145": "E"}, {"145": "N"}, {"145": "N"}, {"145": "N"}, {"145": "N"}, {"145": "N"}, {"145": "N"}, {"145": "N"}, {"145": "N"}, {"145": "N"}, {"145": "N"}, {"145": "N"}, {"145": "N"}, {"100": "S"}, {"100": "W"}, {"100": "W"}, {"100": "W"}, {"100": "S"}, {"100": "S"}, {"100": "S"}, {"100": "S"}, {"100": "W"}, {"100": "W"}, {"100": "W"}, {"100": "W"}, {"100": "W"}, {"100": "W"}, {"100": "W"}, {"100": "N"}, {"100": "N"}, {"100": "N"}, {"100": "N"}, {"98": "N"}, {"98": "W"}, {"98": "W"}, {"98": "W"}, {"98": "W"}, {"98": "W"}, {"98": "S"}, {"98": "W"}, {"98": "W"}, {"98": "W"}, {"98": "W"}, {"98": "W"}, {"98": "W"}, {"98": "W"}, {"98": "W"}, {"98": "W"}, {"98": "W"}, {"98": "W"}, {"98": "W"}, {"98": "W"}, {"98": "W"}, {"98": "W"}, {"98": "N"}, {"98": "N"}, {"98": "N"}, {"98": "N"}, {"98": "N"}, {"98": "N"}, {"98": "N"}, {"98": "N"}, {"98": "N"}, {"98": "N"}, {"98": "N"}, {"98": "N"}, {"86": "N"}, {"86": "W"}, {"86": "W"}, {"86": "W"}, {"86": "W"}, {"86": "S"}, {"86": "S"}, {"86": "S"}, {"86": "S"}, {"86": "S"}, {"86": "S"}, {"86": "S"}, {"86": "W"}, {"86": "W"}, {"86": "W"}, {"73": "S"}, {"73": "E"}, {"73": "E"}, {"73": "E"}, {"73": "E"}, {"73": "E"}, {"73": "E"}, {"73": "E"}, {"73": "E"}, {"73": "E"}, {"73": "E"}, {"73": "E"}, {"73": "E"}, {"73": "E"}, {"73": "E"}, {"73": "E"}, {"73": "E"}, {"73": "E"}, {"73": "E"}, {"73": "E"}, {"73": "E"}, {"73": "E"}, {"73": "E"}, {"73": "E"}, {"73": "S"}, {"73": "E"}, {"73": "E"}, {"73": "S"}, {"73": "S"}, {"73": "S"}, {"73": "E"}, {"73": "E"}, {"73": "S"}, {"73": "E"}, {"73": "E"}, {"73": "S"}, {"57": "W"}, {"57": "N"}, {"57": "N"}, {"57": "N"}, {"57": "E"}, {"57": "E"}, {"57": "E"}, {"57": "E"}, {"57": "E"}, {"57": "E"}, {"57": "E"}, {"57": "E"}, {"57": "E"}, {"57": "N"}, {"57": "N"}, {"57": "N"}, {"57": "N"}, {"57": "N"}, {"57": "N"}, {"57": "N"}, {"57": "N"}, {"57": "N"}, {"37": "S"}, {"37": "W"}, {"37": "W"}, {"37": "W"}, {"37": "W"}, {"37": "W"}, {"10": "E"}, {"10": "S"}, {"10": "S"}, {"10": "W"}, {"10": "W"}, {"10": "W"}, {"10": "W"}, {"10": "W"}, {"10": "W"}, {"10": "W"}, {"10": "W"}, {"10": "W"}, {"10": "W"}, {"10": "S"}, {"10": "S"}, {"10": "W"}, {"10": "S"}, {"10": "S"}, {"10": "S"}, {"10": "S"}, {"10": "W"}, {"10": "W"}, {"173": "E"}, {"173": "S"}, {"173": "E"}, {"173": "S"}, {"173": "S"}, {"173": "S"}, {"173": "E"}, {"173": "E"}, {"173": "S"}, {"173": "E"}, {"173": "S"}, {"173": "S"}, {"123": "S"}, {"123": "W"}, {"123": "W"}, {"123": "W"}, {"123": "W"}, {"123": "W"}, {"123": "W"}, {"123": "S"}, {"123": "S"}, {"123": "S"}, {"123": "S"}, {"123": "W"}, {"123": "W"}, {"123": "S"}, {"123": "W"}, {"123": "W"}, {"123": "W"}, {"123": "W"}, {"123": "W"}, {"123": "W"}, {"123": "W"}, {"123": "N"}, {"123": "N"}, {"123": "N"}, {"123": "N"}, {"123": "N"}, {"123": "N"}, {"117": "E"}, {"117": "E"}, {"117": "E"}, {"117": "E"}, {"117": "E"}, {"117": "E"}, {"117": "E"}, {"117": "E"}, {"117": "E"}, {"117": "E"}, {"117": "E"}, {"117": "E"}, {"117": "E"}, {"117": "E"}, {"117": "E"}, {"117": "E"}, {"117": "E"}, {"117": "E"}, {"117": "E"}, {"117": "E"}, {"117": "E"}, {"117": "E"}, {"117": "E"}, {"117": "E"}, {"117": "S"}, {"117": "S"}, {"117": "S"}, {"117": "E"}, {"117": "E"}, {"117": "S"}, {"117": "S"}, {"117": "E"}, {"117": "S"}, {"117": "E"}, {"106": "E"}, {"106": "S"}, {"106": "S"}, {"106": "S"}, {"106": "W"}, {"106": "W"}, {"106": "W"}, {"106": "W"}, {"106": "W"}, {"106": "W"}, {"106": "W"}, {"106": "S"}, {"106": "S"}, {"106": "W"}, {"106": "S"}, {"106": "S"}, {"106": "S"}, {"106": "S"}, {"106": "S"}, {"106": "S"}, {"106": "W"}, {"106": "W"}, {"106": "N"}, {"101": "E"}, {"101": "N"}, {"101": "N"}, {"101": "E"}, {"101": "E"}, {"101": "E"}, {"101": "E"}, {"101": "E"}, {"101": "E"}, {"101": "E"}, {"101": "E"}, {"101": "E"}, {"101": "N"}, {"101": "N"}, {"101": "N"}, {"101": "N"}, {"101": "N"}, {"101": "N"}, {"101": "N"}, {"101": "N"}, {"25": "W"}, {"25": "N"}, {"25": "N"}, {"25": "N"}, {"25": "N"}, {"25": "N"}, {"25": "W"}, {"25": "W"}, {"25": "W"}, {"25": "S"}, {"25": "W"}, {"25": "W"}, {"25": "W"}, {"25": "S"}, {"25": "W"}, {"25": "W"}, {"25": "S"}, {"25": "S"}, {"25": "S"}, {"25": "S"}, {"25": "S"}, {"25": "S"}, {"25": "S"}, {"25": "W"}, {"25": "W"}, {"25": "W"}, {"25": "S"}, {"150": "E"}, {"150": "E"}, {"150": "E"}, {"150": "E"}, {"150": "E"}, {"150": "E"}, {"150": "E"}, {"150": "E"}, {"150": "E"}, {"150": "E"}, {"150": "E"}, {"150": "E"}, {"150": "E"}, {"150": "E"}, {"150": "E"}, {"150": "E"}, {"150": "E"}, {"150": "E"}, {"150": "E"}, {"150": "E"}, {"150": "E"}, {"150": "E"}, {"150": "E"}, {"150": "E"}, {"150": "S"}, {"150": "S"}, {"150": "S"}, {"150": "S"}, {"150": "S"}, {"150": "S"}, {"150": "S"}, {"150": "S"}, {"150": "S"}, {"150": "S"}, {"150": "S"}, {"150": "S"}, {"150": "E"}, {"150": "E"}, {"150": "S"}, {"150": "S"}, {"150": "S"}, {"150": "E"}, {"150": "S"}, {"150": "E"}, {"150": "E"}, {"150": "E"}, {"150": "S"}, {"150": "S"}, {"150": "E"}, {"150": "S"}, {"142": "E"}, {"142": "S"}, {"142": "S"}, {"142": "E"}, {"142": "E"}, {"142": "E"}, {"142": "E"}, {"142": "E"}, {"142": "E"}, {"142": "S"}, {"142": "S"}, {"142": "S"}, {"142": "S"}, {"142": "S"}, {"142": "W"}, {"142": "S"}, {"142": "S"}, {"142": "S"}, {"142": "S"}, {"142": "E"}, {"142": "S"}, {"142": "S"}, {"142": "S"}, {"88": "W"}, {"88": "S"}, {"88": "S"}, {"88": "S"}, {"88": "W"}, {"88": "W"}, {"88": "S"}, {"88": "W"}, {"88": "W"}, {"41": "N"}, {"41": "W"}, {"41": "W"}, {"41": "W"}, {"41": "W"}, {"41": "S"}, {"41": "W"}, {"41": "W"}, {"41": "S"}, {"41": "W"}, {"41": "S"}, {"41": "W"}, {"41": "W"}, {"41": "W"}, {"41": "W"}, {"41": "W"}, {"41": "N"}, {"41": "N"}, {"41": "N"}, {"41": "N"}, {"41": "N"}, {"35": "S"}, {"35": "W"}, {"35": "W"}, {"35": "W"}, {"35": "S"}, {"35": "W"}, {"35": "W"}, {"35": "S"}, {"35": "W"}, {"35": "S"}, {"35": "W"}, {"35": "W"}, {"35": "W"}, {"35": "W"}, {"35": "W"}, {"35": "W"}, {"35": "W"}, {"35": "W"}, {"35": "W"}, {"35": "W"}, {"35": "W"}, {"35": "N"}, {"35": "N"}, {"35": "N"}, {"35": "N"}, {"35": "N"}, {"35": "N"}, {"35": "N"}, {"35": "N"}, {"35": "N"}, {"35": "N"}, {"35": "N"}, {"113": "N"}, {"113": "W"}, {"113": "W"}, {"113": "S"}, {"113": "W"}, {"113": "W"}, {"113": "S"}, {"113": "W"}, {"113": "S"}, {"113": "W"}, {"113": "W"}, {"113": "W"}, {"113": "W"}, {"113": "W"}, {"113": "W"}, {"113": "W"}, {"113": "W"}, {"113": "W"}, {"113": "W"}, {"113": "W"}, {"113": "W"}, {"113": "W"}, {"113": "N"}, {"113": "N"}, {"113": "N"}, {"113": "N"}, {"113": "N"}, {"113": "N"}, {"113": "N"}, {"113": "N"}, {"113": "N"}, {"113": "N"}, {"113": "N"}, {"113": "N"}, {"110": "S"}, {"110": "S"}, {"110": "E"}, {"110": "E"}, {"110": "E"}, {"110": "E"}, {"110": "E"}, {"110": "E"}, {"110": "E"}, {"110": "E"}, {"110": "E"}, {"110": "E"}, {"110": "E"}, {"110": "E"}, {"110": "E"}, {"110": "E"}, {"110": "E"}, {"110": "E"}, {"110": "E"}, {"110": "E"}, {"110": "E"}, {"110": "E"}, {"110": "E"}, {"110": "E"}, {"110": "E"}, {"110": "E"}, {"110": "S"}, {"110": "S"}, {"110": "E"}, {"110": "E"}, {"110": "E"}, {"110": "S"}, {"110": "S"}, {"110": "E"}, {"110": "S"}, {"92": "S"}, {"92": "W"}, {"92": "W"}, {"92": "W"}, {"92": "W"}, {"92": "W"}, {"92": "S"}, {"92": "W"}, {"92": "W"}, {"92": "W"}, {"92": "W"}, {"92": "W"}, {"92": "W"}, {"92": "W"}, {"92": "W"}, {"92": "W"}, {"92": "W"}, {"92": "W"}, {"92": "N"}, {"92": "N"}, {"92": "N"}, {"92": "N"}, {"92": "N"}, {"92": "N"}, {"92": "N"}, {"92": "N"}, {"7": "S"}, {"7": "W"}, {"7": "W"}, {"7": "W"}, {"7": "W"}, {"7": "W"}, {"7": "S"}, {"7": "S"}, {"7": "S"}, {"7": "S"}, {"7": "S"}, {"7": "S"}, {"7": "S"}, {"7": "W"}, {"7": "W"}, {"7": "S"}, {"7": "W"}, {"7": "S"}, {"7": "W"}, {"7": "W"}, {"7": "W"}, {"7": "W"}, {"7": "W"}, {"7": "N"}, {"7": "N"}, {"7": "N"}, {"7": "N"}, {"5": "N"}, {"5": "W"}, {"5": "W"}, {"5": "W"}, {"5": "S"}, {"5": "S"}, {"5": "S"}, {"5": "S"}, {"5": "S"}, {"5": "S"}, {"5": "S"}, {"5": "W"}, {"5": "W"}, {"5": "S"}, {"5": "W"}, {"5": "S"}, {"5": "W"}, {"177": "N"}, {"177": "W"}, {"177": "W"}, {"177": "S"}, {"177": "S"}, {"177": "S"}, {"177": "S"}, {"177": "S"}, {"177": "S"}, {"177": "S"}, {"177": "W"}, {"177": "W"}, {"177": "S"}, {"177": "S"}, {"177": "S"}, {"177": "S"}, {"177": "S"}, {"166": "E"}, {"166": "E"}, {"166": "E"}, {"166": "E"}, {"166": "S"}, {"166": "S"}, {"166": "S"}, {"166": "S"}, {"166": "W"}, {"166": "S"}, {"166": "S"}, {"166": "S"}, {"166": "S"}, {"166": "S"}, {"166": "S"}, {"166": "S"}, {"166": "S"}, {"166": "S"}, {"166": "S"}, {"132": "E"}, {"132": "S"}, {"132": "S"}, {"132": "S"}, {"132": "W"}, {"132": "W"}, {"132": "W"}, {"132": "W"}, {"132": "W"}, {"132": "W"}, {"132": "W"}, {"132": "W"}, {"132": "W"}, {"132": "W"}, {"132": "S"}, {"132": "S"}, {"132": "W"}, {"132": "S"}, {"132": "W"}, {"132": "S"}, {"132": "W"}, {"132": "W"}, {"132": "W"}, {"132": "W"}, {"132": "S"}, {"132": "S"}, {"132": "S"}, {"19": "W"}, {"19": "W"}, {"19": "W"}, {"19": "W"}, {"19": "W"}, {"19": "W"}, {"19": "W"}, {"19": "W"}, {"19": "W"}, {"19": "W"}, {"19": "W"}, {"19": "W"}, {"19": "W"}, {"19": "W"}, {"19": "W"}, {"19": "W"}, {"19": "W"}, {"19": "N"}, {"19": "N"}, {"19": "N"}, {"19": "N"}, {"19": "N"}, {"19": "N"}, {"19": "N"}, {"19": "N"}, {"19": "N"}, {"19": "N"}, {"19": "N"}, {"19": "N"}, {"13": "S"}, {"13": "W"}, {"13": "W"}, {"13": "W"}, {"13": "W"}, {"13": "S"}, {"13": "S"}, {"13": "S"}, {"13": "S"}, {"13": "S"}, {"13": "S"}, {"13": "S"}, {"13": "W"}, {"13": "W"}, {"13": "S"}, {"13": "W"}, {"13": "S"}, {"13": "S"}, {"13": "W"}, {"13": "W"}, {"13": "W"}, {"13": "W"}, {"13": "N"}, {"13": "N"}, {"13": "N"}, {"159": "S"}, {"159": "E"}, {"159": "E"}, {"159": "E"}, {"159": "E"}, {"159": "E"}, {"159": "E"}, {"159": "E"}, {"159": "E"}, {"159": "E"}, {"159": "E"}, {"159": "E"}, {"159": "E"}, {"159": "E"}, {"159": "E"}, {"159": "E"}, {"159": "E"}, {"159": "E"}, {"159": "E"}, {"159": "S"}, {"159": "S"}, {"159": "E"}, {"159": "E"}, {"159": "E"}, {"159": "E"}, {"159": "E"}, {"159": "E"}, {"159": "E"}, {"159": "S"}, {"159": "S"}, {"159": "S"}, {"159": "S"}, {"159": "E"}, {"159": "S"}, {"159": "S"}, {"159": "S"}, {"159": "E"}, {"159": "S"}, {"129": "S"}, {"129": "W"}, {"129": "W"}, {"129": "S"}, {"129": "W"}, {"129": "W"}, {"129": "S"}, {"129": "W"}, {"129": "S"}, {"129": "S"}, {"129": "W"}, {"129": "W"}, {"129": "W"}, {"129": "W"}, {"129": "W"}, {"129": "W"}, {"129": "W"}, {"129": "W"}, {"129": "W"}, {"129": "W"}, {"129": "W"}, {"129": "N"}, {"129": "N"}, {"129": "N"}, {"129": "N"}, {"129": "N"}, {"129": "N"}, {"129": "N"}, {"129": "N"}, {"129": "N"}, {"104": "N"}, {"104": "W"}, {"104": "W"}, {"104": "S"}, {"104": "S"}, {"104": "S"}, {"104": "S"}, {"104": "W"}, {"104": "W"}, {"104": "S"}, {"104": "W"}, {"104": "S"}, {"104": "S"}, {"104": "W"}, {"104": "W"}, {"104": "W"}, {"104": "W"}, {"104": "W"}, {"104": "W"}, {"104": "W"}, {"104": "N"}, {"104": "N"}, {"104": "N"}, {"104": "N"}, {"104": "N"}, {"82": "S"}, {"82": "W"}, {"82": "W"}, {"82": "W"}, {"82": "S"}, {"82": "W"}, {"82": "W"}, {"82": "W"}, {"82": "W"}, {"82": "W"}, {"82": "W"}, {"82": "W"}, {"82": "W"}, {"82": "W"}, {"82": "W"}, {"82": "W"}, {"82": "W"}, {"82": "W"}, {"82": "W"}, {"82": "W"}, {"82": "W"}, {"82": "W"}, {"82": "N"}, {"82": "N"}, {"82": "N"}, {"82": "N"}, {"82": "N"}, {"82": "N"}, {"82": "N"}, {"82": "N"}, {"82": "N"}, {"82": "N"}, {"82": "N"}, {"82": "N"}, {"75": "S"}, {"75": "W"}, {"75": "W"}, {"75": "S"}, {"75": "S"}, {"75": "S"}, {"75": "S"}, {"75": "W"}, {"75": "W"}, {"75": "S"}, {"75": "W"}, {"75": "S"}, {"75": "S"}, {"75": "W"}, {"75": "W"}, {"75": "W"}, {"75": "W"}, {"75": "N"}, {"75": "N"}, {"48": "N"}, {"48": "W"}, {"48": "W"}, {"48": "W"}, {"48": "S"}, {"48": "W"}, {"48": "W"}, {"48": "S"}, {"48": "W"}, {"48": "S"}, {"48": "S"}, {"48": "W"}, {"48": "W"}, {"48": "W"}, {"48": "W"}, {"48": "W"}, {"48": "W"}, {"48": "N"}, {"48": "N"}, {"48": "N"}, {"48": "N"}, {"163": "S"}, {"163": "W"}, {"163": "W"}, {"163": "W"}, {"163": "W"}, {"163": "W"}, {"163": "W"}, {"163": "W"}, {"163": "W"}, {"163": "W"}, {"163": "S"}, {"163": "S"}, {"163": "W"}, {"163": "S"}, {"163": "W"}, {"163": "S"}, {"163": "W"}, {"163": "W"}, {"163": "W"}, {"163": "S"}, {"163": "S"}, {"163": "S"}, {"163": "S"}, {"163": "W"}, {"163": "S"}, {"66": "N"}, {"66": "W"}, {"66": "W"}, {"66": "W"}, {"66": "W"}, {"66": "W"}, {"66": "W"}, {"66": "W"}, {"66": "W"}, {"66": "W"}, {"66": "W"}, {"66": "N"}, {"66": "N"}, {"66": "N"}, {"66": "N"}, {"66": "N"}, {"66": "N"}, {"66": "N"}, {"66": "N"}, {"66": "N"}, {"66": "N"}, {"66": "N"}, {"66": "N"}, {"66": "N"}, {"66": "N"}, {"52": "E"}, {"52": "E"}, {"52": "E"}, {"52": "E"}, {"52": "E"}, {"52": "E"}, {"52": "E"}, {"52": "E"}, {"52": "E"}, {"52": "E"}, {"52": "E"}, {"52": "E"}, {"52": "S"}, {"111": "W"}, {"111": "W"}, {"111": "W"}, {"111": "S"}, {"111": "W"}, {"111": "S"}, {"111": "S"}, {"111": "W"}, {"111": "W"}, {"111": "W"}, {"111": "W"}, {"111": "W"}, {"111": "W"}, {"111": "W"}, {"111": "W"}, {"111": "N"}, {"111": "N"}, {"111": "N"}, {"111": "N"}, {"84": "N"}, {"84": "E"}, {"84": "E"}, {"84": "E"}, {"84": "E"}, {"84": "E"}, {"84": "E"}, {"84": "E"}, {"84": "E"}, {"84": "E"}, {"84": "E"}, {"84": "E"}, {"84": "E"}, {"84": "E"}, {"84": "E"}, {"84": "S"}, {"84": "S"}, {"84": "S"}, {"84": "E"}, {"18": "E"}, {"18": "S"}, {"18": "S"}, {"18": "W"}, {"18": "W"}, {"18": "W"}, {"18": "W"}, {"18": "W"}, {"18": "W"}, {"18": "W"}, {"18": "S"}, {"18": "W"}, {"18": "W"}, {"18": "S"}, {"18": "W"}, {"18": "S"}, {"18": "S"}, {"18": "W"}, {"18": "W"}, {"18": "W"}, {"18": "W"}, {"18": "W"}, {"18": "W"}, {"18": "W"}, {"18": "N"}, {"18": "N"}, {"18": "N"}, {"60": "W"}, {"60": "S"}, {"60": "S"}, {"60": "W"}, {"60": "W"}, {"60": "W"}, {"60": "W"}, {"60": "W"}, {"60": "W"}, {"60": "W"}, {"60": "W"}, {"60": "W"}, {"60": "W"}, {"60": "W"}, {"60": "N"}, {"60": "N"}, {"60": "N"}, {"161": "W"}, {"161": "N"}, {"161": "N"}, {"161": "W"}, {"161": "W"}, {"161": "W"}, {"161": "S"}, {"161": "W"}, {"161": "W"}, {"161": "W"}, {"161": "S"}, {"161": "W"}, {"161": "W"}, {"161": "W"}, {"161": "W"}, {"161": "W"}, {"161": "W"}, {"161": "W"}, {"161": "W"}, {"161": "S"}, {"161": "S"}, {"161": "S"}, {"161": "S"}, {"161": "W"}, {"161": "S"}, {"161": "S"}, {"161": "S"}, {"161": "W"}, {"161": "W"}, {"161": "S"}, {"161": "S"}, {"161": "S"}, {"154": "S"}, {"154": "W"}, {"154": "W"}, {"154": "W"}, {"154": "S"}, {"154": "S"}, {"154": "W"}, {"154": "S"}, {"154": "W"}, {"154": "S"}, {"154": "W"}, {"154": "W"}, {"154": "W"}, {"154": "S"}, {"154": "S"}, {"154": "S"}, {"154": "S"}, {"154": "S"}, {"154": "S"}, {"154": "S"}, {"154": "S"}, {"154": "S"}, {"130": "S"}, {"130": "W"}, {"130": "W"}, {"130": "W"}, {"130": "W"}, {"130": "W"}, {"130": "S"}, {"130": "W"}, {"130": "W"}, {"130": "S"}, {"130": "W"}, {"130": "S"}, {"130": "S"}, {"130": "W"}, {"130": "W"}, {"130": "W"}, {"130": "W"}, {"130": "W"}, {"130": "W"}, {"130": "W"}, {"130": "W"}, {"130": "N"}, {"130": "N"}, {"147": "N"}, {"147": "E"}, {"147": "E"}, {"147": "E"}, {"147": "E"}, {"147": "E"}, {"147": "E"}, {"147": "E"}, {"147": "E"}, {"147": "E"}, {"147": "E"}, {"147": "E"}, {"147": "E"}, {"147": "E"}, {"147": "E"}, {"147": "E"}, {"147": "E"}, {"147": "E"}, {"147": "E"}, {"147": "E"}, {"147": "E"}, {"147": "E"}, {"147": "S"}, {"147": "S"}, {"147": "E"}, {"147": "S"}, {"147": "S"}, {"147": "S"}, {"147": "S"}, {"147": "S"}, {"147": "S"}, {"147": "S"}, {"147": "S"}, {"147": "S"}, {"147": "S"}, {"147": "S"}, {"147": "S"}, {"147": "S"}, {"147": "E"}, {"147": "E"}, {"147": "S"}, {"135": "N"}, {"135": "W"}, {"135": "W"}, {"135": "W"}, {"135": "S"}, {"135": "S"}, {"135": "S"}, {"135": "S"}, {"135": "S"}, {"135": "S"}, {"135": "S"}, {"135": "S"}, {"135": "S"}, {"135": "S"}, {"135": "W"}, {"135": "W"}, {"135": "S"}, {"135": "W"}, {"135": "S"}, {"135": "S"}, {"135": "W"}, {"135": "W"}, {"135": "W"}, {"135": "W"}, {"135": "W"}, {"135": "W"}, {"135": "N"}, {"135": "W"}, {"135": "W"}, {"126": "S"}, {"126": "S"}, {"126": "S"}, {"126": "S"}, {"126": "S"}, {"126": "S"}, {"126": "S"}, {"126": "S"}, {"126": "S"}, {"126": "S"}, {"126": "S"}, {"126": "E"}, {"126": "S"}, {"126": "S"}, {"126": "S"}, {"179": "N"}, {"179": "W"}, {"179": "W"}, {"179": "W"}, {"179": "W"}, {"179": "W"}, {"179": "W"}, {"179": "W"}, {"179": "W"}, {"179": "W"}, {"179": "N"}, {"179": "N"}, {"179": "N"}, {"179": "N"}, {"179": "N"}, {"71": "S"}, {"71": "E"}, {"71": "E"}, {"71": "E"}, {"71": "E"}, {"71": "E"}, {"71": "E"}, {"71": "E"}, {"71": "E"}, {"71": "E"}, {"71": "S"}, {"71": "S"}, {"71": "S"}, {"71": "S"}, {"71": "S"}, {"33": "W"}, {"33": "S"}, {"33": "W"}, {"33": "W"}, {"33": "S"}, {"33": "S"}, {"33": "S"}, {"33": "E"}, {"33": "E"}, {"33": "S"}, {"33": "S"}, {"33": "S"}, {"33": "S"}, {"33": "E"}, {"33": "S"}, {"33": "E"}, {"33": "S"}, {"33": "S"}, {"33": "S"}, {"33": "S"}, {"33": "S"}, {"33": "S"}, {"33": "S"}, {"33": "E"}, {"33": "S"}, {"33": "S"}, {"33": "S"}, {"167": "N"}, {"167": "E"}, {"167": "E"}, {"167": "N"}, {"167": "N"}, {"167": "N"}, {"58": "S"}, {"58": "E"}, {"58": "E"}, {"58": "E"}, {"58": "E"}, {"58": "E"}, {"58": "E"}, {"58": "E"}, {"58": "E"}, {"58": "E"}, {"58": "E"}, {"58": "E"}, {"26": "E"}, {"26": "E"}, {"26": "E"}, {"26": "E"}, {"26": "E"}, {"26": "E"}, {"26": "E"}, {"26": "S"}, {"26": "E"}, {"26": "E"}, {"26": "E"}, {"26": "E"}, {"26": "S"}, {"26": "S"}, {"26": "S"}, {"26": "S"}, {"26": "S"}, {"26": "S"}, {"26": "S"}, {"26": "S"}, {"26": "S"}, {"26": "S"}, {"26": "S"}, {"26": "E"}, {"176": "S"}, {"176": "S"}, {"176": "W"}, {"176": "W"}, {"176": "S"}, {"176": "S"}, {"176": "S"}, {"176": "S"}, {"176": "S"}, {"176": "S"}, {"176": "S"}, {"176": "S"}, {"176": "S"}, {"176": "S"}, {"176": "S"}, {"176": "S"}, {"176": "S"}, {"176": "W"}, {"176": "W"}, {"176": "S"}, {"176": "W"}, {"176": "S"}, {"176": "S"}, {"176": "W"}, {"176": "W"}, {"176": "W"}, {"176": "W"}, {"176": "W"}, {"176": "W"}, {"176": "S"}, {"176": "W"}, {"176": "S"}, {"176": "W"}, {"176": "W"}, {"176": "N"}, {"148": "S"}, {"148": "W"}, {"148": "W"}, {"148": "W"}, {"148": "W"}, {"148": "W"}, {"148": "W"}, {"148": "S"}, {"148": "W"}, {"148": "W"}, {"148": "S"}, {"148": "W"}, {"148": "S"}, {"148": "S"}, {"148": "W"}, {"148": "W"}, {"148": "W"}, {"148": "W"}, {"148": "W"}, {"148": "W"}, {"148": "S"}, {"148": "W"}, {"148": "S"}, {"148": "W"}, {"148": "W"}, {"148": "W"}, {"148": "W"}, {"148": "W"}, {"148": "W"}, {"148": "W"}, {"148": "N"}, {"148": "N"}, {"148": "N"}, {"148": "N"}, {"148": "N"}, {"148": "N"}, {"143": "S"}, {"143": "E"}, {"143": "E"}, {"143": "E"}, {"143": "E"}, {"143": "E"}, {"143": "E"}, {"143": "E"}, {"143": "E"}, {"143": "E"}, {"143": "E"}, {"143": "E"}, {"143": "E"}, {"143": "E"}, {"143": "E"}, {"143": "E"}, {"143": "E"}, {"143": "E"}, {"143": "S"}, {"143": "S"}, {"143": "S"}, {"143": "S"}, {"95": "S"}, {"95": "E"}, {"95": "E"}, {"95": "E"}, {"95": "E"}, {"95": "E"}, {"95": "E"}, {"95": "E"}, {"95": "S"}, {"95": "S"}, {"95": "S"}, {"95": "S"}, {"95": "S"}, {"95": "S"}, {"95": "S"}, {"95": "S"}, {"95": "S"}, {"89": "W"}, {"89": "W"}, {"89": "S"}, {"89": "S"}, {"89": "S"}, {"89": "W"}, {"89": "S"}, {"89": "S"}, {"89": "S"}, {"89": "S"}, {"89": "S"}, {"89": "S"}, {"89": "S"}, {"89": "S"}, {"89": "S"}, {"89": "S"}, {"89": "S"}, {"89": "S"}, {"89": "S"}, {"21": "W"}, {"21": "W"}, {"21": "W"}, {"21": "S"}, {"21": "S"}, {"21": "S"}, {"21": "S"}, {"21": "S"}, {"21": "S"}, {"21": "S"}, {"21": "S"}, {"21": "S"}, {"21": "S"}, {"21": "S"}, {"21": "S"}, {"21": "S"}, {"21": "S"}, {"21": "S"}, {"21": "S"}, {"21": "E"}, {"21": "S"}, {"21": "E"}, {"21": "E"}, {"139": "E"}, {"139": "E"}, {"139": "E"}, {"139": "E"}, {"139": "E"}, {"139": "E"}, {"139": "E"}, {"139": "E"}, {"139": "E"}, {"139": "E"}, {"139": "S"}, {"139": "S"}, {"139": "S"}, {"139": "S"}, {"139": "S"}, {"139": "S"}, {"139": "S"}, {"139": "S"}, {"139": "S"}, {"63": "S"}, {"63": "W"}, {"63": "S"}, {"63": "S"}, {"63": "S"}, {"63": "E"}, {"63": "E"}, {"63": "S"}, {"63": "S"}, {"63": "S"}, {"63": "S"}, {"63": "E"}, {"63": "S"}, {"63": "S"}, {"63": "S"}, {"63": "S"}, {"63": "S"}, {"63": "S"}, {"63": "S"}, {"63": "W"}, {"63": "S"}, {"63": "S"}, {"63": "S"}, {"63": "S"}, {"157": "W"}, {"157": "W"}, {"157": "W"}, {"157": "W"}, {"157": "S"}, {"157": "W"}, {"157": "W"}, {"157": "W"}, {"157": "W"}, {"157": "W"}, {"157": "W"}, {"157": "W"}, {"157": "W"}, {"157": "W"}, {"157": "W"}, {"157": "S"}, {"157": "S"}, {"157": "S"}, {"157": "S"}, {"157": "S"}, {"157": "S"}, {"157": "S"}, {"157": "S"}, {"157": "S"}, {"157": "S"}, {"157": "S"}, {"157": "S"}, {"14": "S"}, {"14": "E"}, {"14": "E"}, {"14": "E"}, {"14": "E"}, {"14": "E"}, {"14": "S"}, {"14": "S"}, {"14": "S"}, {"14": "E"}, {"14": "S"}, {"0": "E"}, {"0": "E"}, {"0": "E"}, {"0": "E"}, {"0": "S"}, {"0": "E"}, {"0": "E"}, {"0": "E"}, {"0": "E"}, {"0": "S"}, {"0": "S"}, {"0": "S"}, {"0": "E"}, {"0": "S"}, {"0": "E"}, {"174": "S"}, {"174": "E"}, {"174": "E"}, {"174": "E"}, {"174": "E"}, {"174": "E"}, {"174": "E"}, {"174": "E"}, {"174": "E"}, {"174": "E"}, {"174": "E"}, {"174": "E"}, {"174": "E"}, {"174": "S"}, {"174": "S"}, {"174": "S"}, {"174": "S"}, {"174": "S"}, {"174": "S"}, {"174": "S"}, {"174": "S"}, {"174": "S"}, {"174": "S"}, {"174": "S"}, {"174": "S"}, {"174": "S"}, {"174": "S"}, {"121": "E"}, {"121": "E"}, {"121": "E"}, {"121": "E"}, {"121": "S"}, {"121": "S"}, {"121": "S"}, {"121": "S"}, {"121": "S"}, {"121": "S"}, {"121": "S"}, {"121": "S"}, {"121": "S"}, {"121": "S"}, {"121": "S"}, {"121": "S"}, {"121": "E"}, {"121": "E"}, {"121": "E"}, {"121": "S"}, {"121": "S"}, {"45": "N"}, {"45": "E"}, {"45": "E"}, {"45": "E"}, {"45": "E"}, {"45": "E"}, {"45": "E"}, {"45": "S"}, {"45": "S"}, {"45": "S"}, {"45": "S"}, {"45": "S"}, {"45": "S"}, {"45": "S"}, {"45": "S"}, {"45": "E"}, {"45": "E"}, {"45": "E"}, {"45": "E"}, {"45": "S"}, {"45": "S"}, {"45": "S"}, {"45": "E"}, {"45": "S"}, {"39": "N"}, {"39": "E"}, {"39": "E"}, {"39": "E"}, {"39": "E"}, {"39": "S"}, {"39": "S"}, {"39": "S"}, {"39": "S"}, {"39": "S"}, {"39": "S"}, {"39": "S"}, {"39": "S"}, {"39": "S"}, {"169": "S"}, {"169": "E"}, {"169": "E"}, {"169": "E"}, {"169": "E"}, {"169": "S"}, {"169": "E"}, {"169": "E"}, {"169": "S"}, {"169": "E"}, {"169": "E"}, {"169": "E"}, {"169": "E"}, {"169": "E"}, {"169": "E"}, {"169": "E"}, {"169": "S"}, {"169": "S"}, {"169": "S"}, {"169": "S"}, {"169": "E"}, {"169": "S"}, {"169": "S"}, {"169": "E"}, {"169": "S"}, {"169": "S"}, {"169": "S"}, {"8": "N"}, {"8": "E"}, {"8": "E"}, {"8": "E"}, {"8": "E"}, {"8": "E"}, {"8": "E"}, {"8": "E"}, {"8": "S"}, {"8": "S"}, {"8": "S"}, {"8": "S"}, {"8": "S"}, {"8": "S"}, {"8": "S"}, {"8": "S"}, {"8": "E"}, {"8": "S"}, {"8": "S"}, {"133": "E"}, {"133": "E"}, {"133": "E"}, {"133": "E"}, {"133": "S"}, {"133": "S"}, {"133": "S"}, {"133": "S"}, {"133": "S"}, {"133": "S"}, {"133": "S"}, {"133": "S"}, {"133": "S"}, {"133": "S"}, {"133": "E"}, {"133": "E"}, {"133": "S"}, {"133": "S"}, {"133": "S"}, {"133": "E"}, {"133": "S"}, {"133": "S"}, {"102": "S"}, {"102": "E"}, {"102": "E"}, {"102": "E"}, {"102": "E"}, {"102": "E"}, {"102": "E"}, {"102": "E"}, {"102": "S"}, {"102": "S"}, {"102": "S"}, {"102": "S"}, {"102": "S"}, {"102": "S"}, {"102": "S"}, {"108": "S"}, {"108": "E"}, {"108": "E"}, {"108": "E"}, {"108": "S"}, {"108": "S"}, {"108": "E"}, {"108": "S"}, {"108": "S"}, {"108": "S"}, {"108": "S"}, {"162": "E"}, {"162": "E"}, {"162": "E"}, {"162": "E"}, {"162": "S"}, {"162": "S"}, {"162": "S"}, {"162": "S"}, {"162": "S"}, {"162": "S"}, {"162": "W"}, {"162": "S"}, {"162": "S"}, {"162": "S"}, {"162": "S"}, {"162": "S"}, {"162": "S"}, {"162": "S"}, {"162": "S"}, {"162": "S"}, {"162": "S"}, {"162": "S"}, {"162": "S"}, {"162": "S"}, {"162": "S"}, {"162": "S"}, {"162": "S"}, {"162": "S"}, {"162": "S"}, {"162": "S"}, {"162": "S"}, {"162": "S"}, {"162": "W"}, {"162": "S"}, {"162": "S"}, {"162": "S"}, {"162": "S"}, {"76": "N"}, {"76": "E"}, {"76": "E"}, {"76": "E"}, {"76": "E"}, {"76": "E"}, {"76": "S"}, {"76": "S"}, {"76": "S"}, {"76": "S"}, {"76": "S"}, {"76": "E"}, {"76": "E"}, {"76": "S"}, {"76": "S"}, {"76": "S"}, {"76": "S"}, {"76": "S"}, {"76": "S"}, {"76": "S"}, {"149": "S"}, {"149": "E"}, {"149": "E"}, {"149": "E"}, {"149": "N"}, {"149": "N"}, {"149": "N"}, {"149": "N"}, {"149": "N"}, {"149": "N"}, {"149": "N"}, {"149": "N"}, {"114": "N"}, {"114": "E"}, {"114": "E"}, {"114": "S"}, {"114": "S"}, {"114": "S"}, {"114": "S"}, {"114": "S"}, {"114": "S"}, {"114": "S"}, {"114": "S"}, {"114": "S"}, {"114": "S"}, {"114": "S"}, {"114": "S"}, {"114": "S"}, {"114": "S"}, {"114": "E"}, {"114": "S"}, {"152": "W"}, {"152": "W"}, {"152": "W"}, {"152": "W"}, {"152": "S"}, {"152": "W"}, {"152": "W"}, {"152": "W"}, {"152": "S"}, {"152": "W"}, {"152": "W"}, {"152": "W"}, {"152": "W"}, {"152": "W"}, {"152": "W"}, {"152": "W"}, {"152": "W"}, {"152": "W"}, {"152": "W"}, {"152": "W"}, {"152": "W"}, {"152": "W"}, {"152": "W"}, {"152": "W"}, {"152": "W"}, {"152": "W"}, {"152": "S"}, {"152": "W"}, {"152": "W"}, {"152": "W"}, {"152": "W"}, {"152": "W"}, {"152": "S"}, {"152": "S"}, {"152": "S"}, {"152": "S"}, {"152": "S"}, {"152": "W"}, {"152": "S"}, {"152": "S"}, {"152": "S"}, {"152": "S"}, {"152": "S"}, {"152": "S"}, {"152": "S"}, {"152": "S"}, {"152": "S"}, {"152": "S"}, {"152": "S"}, {"152": "S"}, {"152": "S"}, {"152": "S"}, {"152": "S"}], "result": "SUCCESS", "makespan": 4656, "sum": 6046, "algo_name": "OutAndInBFS_default"}