{"instance": "medium_free_000_30x30_20_180", "steps": [{"4": "W", "6": "W", "28": "W", "31": "W", "37": "S", "46": "W", "49": "W", "56": "N", "61": "W", "64": "E", "66": "N", "79": "S", "81": "E", "89": "N", "106": "E", "120": "S", "136": "N", "138": "S", "140": "W", "151": "N", "156": "N", "160": "E", "164": "E", "170": "N", "179": "S", "9": "S", "14": "W", "30": "W", "33": "S", "39": "W", "59": "W", "72": "W", "73": "N", "84": "W", "90": "N", "91": "E", "97": "S", "109": "E", "128": "N", "137": "W", "147": "N", "158": "S", "165": "E", "8": "S", "10": "S", "11": "S", "20": "E", "22": "N", "58": "S", "82": "W", "102": "E", "123": "E", "130": "S", "134": "E", "154": "W", "155": "E", "173": "E", "174": "N", "175": "S", "176": "S", "178": "S", "27": "N", "35": "S", "40": "W", "45": "W", "48": "E", "68": "W", "92": "E", "99": "W", "110": "W", "118": "N", "121": "S", "126": "W", "132": "W", "152": "S", "161": "N", "7": "S", "12": "S", "17": "W", "23": "S", "41": "W", "77": "W", "88": "N", "98": "S", "105": "S", "107": "N", "111": "E", "112": "E", "135": "S", "168": "E", "169": "N", "171": "N", "1": "W", "21": "N", "25": "E", "34": "E", "43": "W", "51": "N", "57": "E", "69": "E", "71": "E", "75": "W", "78": "E", "80": "W", "86": "N", "129": "W", "142": "S", "149": "S", "3": "W", "13": "E", "18": "W", "65": "S", "100": "W", "101": "E", "113": "E", "114": "W", "127": "W", "141": "S", "150": "N", "166": "E", "172": "N", "38": "W", "53": "N", "55": "W", "76": "S", "85": "E", "108": "N", "133": "S", "143": "W", "144": "N", "2": "S", "16": "W", "24": "W", "26": "N", "42": "E", "47": "E", "60": "S", "62": "W", "63": "N", "94": "W", "95": "N", "103": "E", "157": "W", "162": "S", "163": "W", "0": "W", "19": "N", "115": "N", "125": "W", "145": "S", "148": "S", "159": "N", "32": "E", "44": "N", "74": "S", "83": "E", "87": "E", "116": "S", "124": "W", "146": "N", "5": "N", "15": "W", "93": "W", "96": "W", "119": "E", "177": "E", "29": "W", "36": "E", "50": "S", "54": "S", "67": "W", "70": "S", "104": "E", "117": "S", "131": "N", "153": "E", "167": "N", "52": "N", "122": "E", "139": "W"}, {"4": "W", "6": "W", "28": "W", "31": "W", "37": "S", "46": "W", "49": "W", "56": "N", "61": "W", "64": "E", "66": "N", "79": "S", "81": "E", "89": "N", "106": "E", "120": "S", "136": "N", "138": "S", "140": "W", "151": "N", "156": "N", "160": "E", "164": "E", "170": "N", "179": "S", "9": "S", "14": "W", "30": "W", "33": "S", "39": "W", "59": "W", "72": "W", "73": "N", "84": "W", "90": "N", "91": "E", "97": "S", "109": "E", "128": "N", "137": "W", "147": "N", "158": "S", "165": "E", "8": "S", "10": "S", "11": "S", "20": "E", "22": "N", "58": "S", "82": "W", "102": "E", "123": "E", "130": "S", "134": "E", "154": "W", "155": "E", "173": "E", "174": "N", "175": "S", "176": "S", "178": "S", "27": "N", "35": "S", "40": "W", "45": "W", "48": "E", "68": "W", "92": "E", "99": "W", "110": "W", "118": "N", "121": "S", "126": "W", "132": "W", "152": "S", "161": "N", "7": "S", "12": "S", "17": "W", "23": "S", "41": "W", "77": "W", "88": "N", "98": "S", "105": "S", "107": "N", "111": "E", "112": "E", "135": "S", "168": "E", "169": "N", "171": "N", "1": "W", "21": "N", "25": "E", "34": "E", "43": "W", "51": "N", "57": "E", "69": "E", "71": "E", "75": "W", "78": "E", "80": "W", "86": "N", "129": "W", "142": "S", "149": "S", "3": "W", "13": "E", "18": "W", "65": "S", "100": "W", "101": "E", "113": "E", "114": "W", "127": "W", "141": "S", "150": "N", "166": "E", "172": "N", "38": "W", "53": "N", "55": "W", "76": "S", "85": "E", "108": "N", "133": "S", "143": "W", "144": "N", "2": "S", "16": "W", "24": "W", "26": "N", "42": "E", "47": "E", "60": "S", "62": "W", "63": "N", "94": "W", "95": "N", "103": "E", "157": "W", "162": "S", "163": "W", "0": "W", "19": "N", "115": "N", "125": "W", "145": "S", "148": "S", "159": "N", "32": "E", "44": "N", "74": "S", "83": "E", "87": "E", "116": "S", "124": "W", "146": "N", "5": "N", "15": "W", "93": "W", "96": "W", "119": "E", "177": "E", "29": "W", "36": "E", "50": "S", "54": "S", "67": "W", "70": "S", "104": "E", "117": "S", "131": "N", "153": "E", "167": "N", "52": "N", "122": "E", "139": "W"}, {"4": "S", "28": "N", "46": "S", "56": "W", "64": "N", "89": "W", "120": "E", "136": "W", "138": "W", "140": "W", "151": "N", "160": "N", "164": "E", "179": "E", "9": "S", "14": "W", "30": "W", "33": "S", "39": "W", "59": "W", "72": "W", "84": "W", "90": "N", "91": "E", "109": "E", "128": "N", "137": "W", "147": "N", "158": "S", "165": "E", "8": "S", "10": "S", "11": "S", "20": "E", "22": "N", "58": "S", "82": "W", "102": "E", "123": "E", "130": "S", "134": "E", "154": "W", "155": "E", "173": "E", "174": "N", "175": "S", "176": "S", "178": "S", "27": "N", "35": "S", "40": "W", "45": "W", "48": "E", "68": "W", "92": "E", "99": "W", "110": "W", "118": "N", "121": "S", "126": "W", "132": "W", "152": "S", "161": "N", "7": "S", "12": "S", "17": "W", "23": "S", "41": "W", "77": "W", "88": "N", "98": "S", "105": "S", "107": "N", "111": "E", "112": "E", "135": "S", "168": "E", "169": "N", "171": "N", "1": "W", "21": "N", "25": "E", "34": "E", "43": "W", "51": "N", "57": "E", "69": "E", "71": "E", "75": "W", "78": "E", "80": "W", "86": "N", "129": "W", "142": "S", "149": "S", "3": "W", "13": "E", "18": "W", "65": "S", "100": "W", "101": "E", "113": "E", "114": "W", "127": "W", "141": "S", "150": "N", "166": "E", "172": "N", "38": "W", "53": "N", "55": "W", "76": "S", "85": "E", "108": "N", "133": "S", "143": "W", "144": "N", "2": "S", "16": "W", "24": "W", "26": "N", "42": "E", "47": "E", "60": "S", "62": "W", "63": "N", "94": "W", "95": "N", "103": "E", "157": "W", "162": "S", "163": "W", "0": "W", "19": "N", "115": "N", "125": "W", "145": "S", "148": "S", "159": "N", "32": "E", "44": "N", "74": "S", "83": "E", "87": "E", "116": "S", "124": "W", "146": "N", "5": "N", "15": "W", "93": "W", "96": "W", "119": "E", "177": "E", "29": "W", "36": "E", "50": "S", "54": "S", "67": "W", "70": "S", "104": "E", "117": "S", "131": "N", "153": "E", "167": "N", "52": "N", "122": "E", "139": "W"}, {"37": "S", "136": "N", "138": "S", "179": "S", "33": "W", "39": "S", "59": "W", "72": "W", "73": "N", "97": "S", "137": "S", "147": "W", "165": "S", "8": "S", "10": "S", "11": "S", "20": "E", "22": "N", "58": "S", "102": "E", "123": "E", "130": "S", "134": "E", "154": "W", "155": "E", "173": "E", "174": "N", "176": "S", "178": "S", "27": "N", "35": "S", "40": "W", "45": "W", "48": "E", "68": "W", "92": "E", "99": "W", "118": "N", "121": "S", "126": "W", "132": "W", "152": "S", "161": "N", "7": "S", "12": "S", "17": "W", "23": "S", "41": "W", "77": "W", "88": "N", "98": "S", "105": "S", "107": "N", "111": "E", "112": "E", "135": "S", "168": "E", "169": "N", "171": "N", "1": "W", "21": "N", "25": "E", "34": "E", "43": "W", "51": "N", "57": "E", "69": "E", "71": "E", "75": "W", "78": "E", "80": "W", "86": "N", "129": "W", "142": "S", "149": "S", "3": "W", "13": "E", "18": "W", "65": "S", "100": "W", "101": "E", "113": "E", "114": "W", "127": "W", "141": "S", "150": "N", "166": "E", "172": "N", "38": "W", "53": "N", "55": "W", "76": "S", "85": "E", "108": "N", "133": "S", "143": "W", "144": "N", "2": "S", "16": "W", "24": "W", "26": "N", "42": "E", "47": "E", "60": "S", "62": "W", "63": "N", "94": "W", "95": "N", "103": "E", "157": "W", "162": "S", "163": "W", "0": "W", "19": "N", "115": "N", "125": "W", "145": "S", "148": "S", "159": "N", "32": "E", "44": "N", "74": "S", "83": "E", "87": "E", "116": "S", "124": "W", "146": "N", "5": "N", "15": "W", "93": "W", "96": "W", "119": "E", "177": "E", "29": "W", "36": "E", "50": "S", "54": "S", "67": "W", "70": "S", "104": "E", "117": "S", "131": "N", "153": "E", "167": "N", "52": "N", "122": "E", "139": "W"}, {"4": "W", "14": "W", "33": "S", "72": "S", "137": "W", "8": "E", "10": "W", "22": "N", "58": "E", "82": "W", "102": "S", "123": "E", "175": "S", "176": "S", "27": "N", "35": "S", "40": "W", "45": "W", "48": "E", "68": "W", "99": "W", "118": "N", "126": "W", "132": "W", "161": "N", "110": "W", "7": "S", "12": "S", "17": "W", "23": "S", "41": "W", "77": "W", "88": "N", "98": "S", "105": "S", "107": "N", "111": "E", "112": "E", "168": "E", "169": "N", "171": "N", "1": "W", "21": "N", "25": "E", "34": "E", "43": "W", "51": "N", "57": "E", "69": "E", "71": "E", "75": "W", "78": "E", "80": "W", "86": "N", "129": "W", "142": "S", "149": "S", "3": "W", "13": "E", "18": "W", "65": "S", "100": "W", "101": "E", "113": "E", "114": "W", "127": "W", "141": "S", "150": "N", "166": "E", "172": "N", "38": "W", "53": "N", "55": "W", "76": "S", "85": "E", "108": "N", "133": "S", "143": "W", "144": "N", "2": "S", "16": "W", "24": "W", "26": "N", "42": "E", "47": "E", "60": "S", "62": "W", "63": "N", "94": "W", "95": "N", "103": "E", "157": "W", "162": "S", "163": "W", "0": "W", "19": "N", "115": "N", "125": "W", "145": "S", "148": "S", "159": "N", "32": "E", "44": "N", "74": "S", "83": "E", "87": "E", "116": "S", "124": "W", "146": "N", "5": "N", "15": "W", "93": "W", "96": "W", "119": "E", "177": "E", "29": "W", "36": "E", "50": "S", "54": "S", "67": "W", "70": "S", "104": "E", "117": "S", "131": "N", "153": "E", "167": "N", "52": "N", "122": "E", "139": "W"}, {"156": "N", "59": "W", "137": "W", "147": "N", "158": "S", "10": "S", "22": "N", "58": "S", "82": "W", "102": "E", "134": "E", "154": "W", "176": "S", "35": "W", "92": "E", "99": "N", "121": "S", "132": "W", "152": "S", "161": "N", "110": "W", "12": "S", "17": "W", "23": "S", "41": "W", "88": "N", "98": "S", "105": "S", "107": "N", "111": "E", "112": "E", "168": "E", "169": "N", "171": "N", "135": "S", "1": "W", "21": "N", "25": "E", "34": "E", "43": "W", "51": "N", "57": "E", "69": "E", "71": "E", "75": "W", "78": "E", "80": "W", "86": "N", "142": "S", "149": "S", "3": "W", "13": "E", "18": "W", "65": "S", "100": "W", "101": "E", "113": "E", "114": "W", "141": "S", "150": "N", "166": "E", "172": "N", "38": "W", "53": "N", "55": "W", "76": "S", "85": "E", "108": "N", "133": "S", "143": "W", "144": "N", "2": "S", "16": "W", "24": "W", "26": "N", "42": "E", "47": "E", "60": "S", "62": "W", "63": "N", "94": "W", "95": "N", "103": "E", "157": "W", "162": "S", "163": "W", "0": "W", "19": "N", "115": "N", "125": "W", "145": "S", "148": "S", "159": "N", "32": "E", "44": "N", "74": "S", "83": "E", "87": "E", "116": "S", "124": "W", "146": "N", "5": "N", "15": "W", "93": "W", "96": "W", "119": "E", "177": "E", "29": "W", "36": "E", "50": "S", "54": "S", "67": "W", "70": "S", "104": "E", "117": "S", "131": "N", "153": "E", "167": "N", "52": "N", "122": "E", "139": "W"}, {"28": "W", "64": "E", "160": "E", "91": "E", "128": "N", "158": "S", "10": "S", "22": "W", "58": "S", "134": "E", "155": "E", "176": "E", "35": "S", "99": "W", "121": "S", "132": "S", "152": "S", "161": "W", "7": "S", "23": "S", "41": "W", "77": "W", "98": "S", "105": "E", "111": "E", "112": "E", "168": "S", "135": "S", "1": "W", "21": "N", "25": "E", "34": "E", "43": "W", "51": "N", "57": "E", "69": "E", "71": "E", "75": "W", "78": "E", "80": "W", "86": "N", "142": "S", "149": "S", "129": "W", "3": "W", "13": "E", "18": "W", "65": "S", "100": "W", "101": "E", "113": "E", "114": "W", "127": "W", "141": "S", "150": "N", "166": "E", "172": "N", "38": "W", "53": "N", "55": "W", "76": "S", "85": "E", "108": "N", "133": "S", "143": "W", "144": "N", "2": "S", "16": "W", "24": "W", "26": "N", "42": "E", "47": "E", "60": "S", "62": "W", "63": "N", "94": "W", "95": "N", "103": "E", "157": "W", "162": "S", "163": "W", "0": "W", "19": "N", "115": "N", "125": "W", "145": "S", "148": "S", "159": "N", "32": "E", "44": "N", "74": "S", "83": "E", "87": "E", "116": "S", "124": "W", "146": "N", "5": "N", "15": "W", "93": "W", "96": "W", "119": "E", "177": "E", "29": "W", "36": "E", "50": "S", "54": "S", "67": "W", "70": "S", "104": "E", "117": "S", "131": "N", "153": "E", "167": "N", "52": "N", "122": "E", "139": "W"}, {"49": "W", "61": "W", "64": "E", "106": "E", "11": "S", "134": "E", "99": "W", "41": "W", "77": "W", "98": "S", "111": "E", "112": "S", "1": "W", "21": "N", "34": "E", "51": "N", "69": "E", "75": "W", "80": "N", "129": "W", "3": "W", "13": "E", "18": "W", "65": "S", "100": "W", "101": "E", "113": "E", "141": "S", "150": "N", "166": "E", "172": "N", "127": "W", "38": "W", "53": "N", "55": "W", "76": "S", "85": "E", "108": "N", "133": "S", "143": "W", "144": "N", "2": "S", "16": "W", "24": "W", "26": "N", "42": "E", "47": "E", "60": "S", "62": "W", "63": "N", "94": "W", "95": "N", "103": "E", "157": "W", "162": "S", "163": "W", "0": "W", "19": "N", "115": "N", "125": "W", "145": "S", "148": "S", "159": "N", "32": "E", "44": "N", "74": "S", "83": "E", "87": "E", "116": "S", "124": "W", "146": "N", "5": "N", "15": "W", "93": "W", "96": "W", "119": "E", "177": "E", "29": "W", "36": "E", "50": "S", "54": "S", "67": "W", "70": "S", "104": "E", "117": "S", "131": "N", "153": "E", "167": "N", "52": "N", "122": "E", "139": "W"}, {"164": "E", "109": "E", "128": "N", "22": "N", "176": "S", "99": "W", "126": "W", "132": "W", "41": "S", "77": "W", "98": "W", "21": "N", "25": "E", "51": "W", "75": "W", "86": "N", "129": "W", "3": "W", "114": "W", "141": "W", "166": "E", "127": "W", "38": "W", "55": "W", "76": "S", "85": "E", "108": "N", "144": "N", "2": "S", "24": "W", "26": "N", "42": "E", "47": "E", "62": "W", "63": "N", "94": "W", "95": "N", "103": "E", "157": "W", "162": "S", "163": "W", "0": "W", "19": "N", "115": "N", "125": "W", "145": "S", "148": "S", "159": "N", "32": "E", "44": "N", "74": "S", "83": "E", "87": "E", "116": "S", "124": "W", "146": "N", "5": "N", "15": "W", "93": "W", "96": "W", "119": "E", "177": "E", "29": "W", "36": "E", "50": "S", "54": "S", "67": "W", "70": "S", "104": "E", "117": "S", "131": "N", "153": "E", "167": "N", "52": "N", "122": "E", "139": "W"}, {"37": "S", "49": "W", "61": "W", "79": "S", "136": "N", "39": "W", "73": "N", "128": "N", "20": "E", "22": "N", "102": "E", "130": "S", "176": "S", "92": "E", "132": "W", "1": "W", "21": "W", "25": "E", "51": "N", "75": "N", "80": "W", "86": "N", "18": "W", "100": "W", "114": "W", "166": "E", "53": "N", "55": "S", "76": "S", "108": "N", "133": "S", "143": "W", "144": "N", "2": "S", "24": "W", "42": "E", "47": "E", "62": "W", "63": "N", "94": "W", "95": "N", "103": "E", "157": "W", "162": "S", "163": "W", "16": "W", "60": "S", "0": "W", "19": "N", "115": "N", "125": "W", "145": "S", "148": "S", "159": "N", "32": "E", "44": "N", "74": "S", "83": "E", "87": "E", "116": "S", "124": "W", "146": "N", "5": "N", "15": "W", "93": "W", "96": "W", "119": "E", "177": "E", "29": "W", "36": "E", "50": "S", "54": "S", "67": "W", "70": "S", "104": "E", "117": "S", "131": "N", "153": "E", "167": "N", "52": "N", "122": "E", "139": "W"}, {"37": "S", "79": "S", "151": "N", "39": "W", "90": "N", "130": "S", "176": "S", "27": "N", "132": "W", "169": "N", "1": "W", "25": "S", "51": "N", "80": "W", "3": "W", "114": "W", "166": "N", "76": "S", "108": "W", "133": "S", "143": "W", "2": "S", "24": "W", "26": "N", "42": "E", "95": "N", "157": "W", "163": "W", "16": "W", "60": "S", "0": "W", "19": "N", "115": "N", "125": "W", "145": "S", "148": "S", "159": "N", "32": "E", "44": "N", "74": "S", "83": "E", "87": "E", "116": "S", "124": "W", "146": "N", "5": "N", "15": "W", "93": "W", "96": "W", "119": "E", "177": "E", "29": "W", "36": "E", "50": "S", "54": "S", "67": "W", "70": "S", "104": "E", "117": "S", "131": "N", "153": "E", "167": "N", "52": "N", "122": "E", "139": "W"}, {"64": "E", "79": "S", "106": "E", "151": "N", "90": "N", "123": "E", "48": "E", "1": "S", "69": "E", "75": "W", "3": "W", "13": "E", "101": "E", "114": "S", "150": "N", "76": "W", "2": "S", "42": "E", "95": "N", "163": "W", "115": "N", "125": "W", "148": "S", "159": "N", "32": "E", "44": "N", "74": "S", "83": "E", "87": "E", "116": "S", "146": "N", "5": "N", "15": "W", "93": "W", "96": "W", "119": "E", "177": "E", "29": "W", "36": "E", "50": "S", "54": "S", "67": "W", "70": "S", "104": "E", "117": "S", "131": "N", "153": "E", "167": "N", "52": "N", "122": "E", "139": "W"}, {"28": "W", "49": "W", "169": "N", "43": "W", "51": "N", "75": "W", "80": "W", "3": "W", "100": "W", "114": "W", "24": "W", "26": "N", "42": "S", "62": "W", "95": "W", "157": "W", "163": "W", "0": "W", "125": "W", "74": "S", "124": "W", "5": "N", "15": "W", "93": "W", "119": "E", "177": "E", "29": "W", "36": "E", "50": "S", "54": "S", "67": "W", "70": "S", "104": "E", "117": "S", "131": "N", "153": "E", "167": "N", "52": "N", "122": "E", "139": "W"}, {"4": "W", "28": "W", "37": "S", "64": "E", "79": "S", "106": "E", "138": "S", "156": "N", "102": "E", "130": "S", "176": "S", "178": "S", "68": "W", "92": "E", "107": "N", "169": "N", "43": "W", "51": "W", "69": "E", "75": "W", "80": "W", "3": "S", "13": "E", "101": "E", "114": "W", "133": "S", "2": "S", "24": "W", "26": "N", "47": "E", "157": "W", "60": "S", "0": "W", "115": "N", "148": "S", "74": "S", "83": "E", "87": "E", "116": "S", "124": "W", "5": "N", "15": "W", "96": "W", "119": "E", "177": "E", "29": "W", "36": "E", "50": "S", "54": "S", "67": "W", "70": "S", "104": "E", "117": "S", "131": "N", "153": "E", "167": "N", "52": "N", "122": "E", "139": "W"}, {"4": "W", "68": "W", "114": "W", "95": "N", "157": "W", "163": "W", "115": "N", "125": "W", "74": "S", "96": "W", "119": "E", "177": "E", "50": "S", "122": "E", "139": "W"}, {"150": "N", "95": "N", "157": "S", "163": "N", "115": "E", "44": "N", "74": "W", "119": "E", "177": "N", "50": "S", "52": "N", "122": "E"}, {"125": "W", "119": "E", "50": "W", "122": "E"}, {"125": "W", "119": "N", "122": "E"}, {"125": "S", "122": "E"}, {"122": "S"}, {"139": "N"}, {"139": "E"}, {"139": "N"}, {"139": "N"}, {"139": "N"}, {"139": "N"}, {"139": "N"}, {"139": "N"}, {"139": "N"}, {"139": "N"}, {"139": "N"}, {"139": "E"}, {"139": "E"}, {"139": "E"}, {"139": "E"}, {"139": "E"}, {"139": "E"}, {"139": "E"}, {"139": "E"}, {"139": "E"}, {"139": "E"}, {"139": "E"}, {"139": "E"}, {"139": "E"}, {"139": "E"}, {"139": "E"}, {"139": "E"}, {"139": "E"}, {"139": "E"}, {"139": "E"}, {"139": "E"}, {"139": "E"}, {"139": "E"}, {"139": "E"}, {"122": "N"}, {"122": "W"}, {"122": "W"}, {"122": "W"}, {"122": "W"}, {"122": "W"}, {"122": "W"}, {"122": "W"}, {"122": "W"}, {"122": "W"}, {"122": "W"}, {"122": "W"}, {"122": "W"}, {"122": "W"}, {"122": "W"}, {"122": "W"}, {"122": "W"}, {"122": "W"}, {"122": "W"}, {"122": "W"}, {"122": "W"}, {"122": "W"}, {"122": "W"}, {"122": "N"}, {"122": "N"}, {"122": "N"}, {"122": "N"}, {"122": "N"}, {"122": "N"}, {"52": "S"}, {"52": "W"}, {"52": "W"}, {"52": "W"}, {"52": "W"}, {"52": "W"}, {"52": "W"}, {"52": "W"}, {"52": "W"}, {"52": "W"}, {"52": "W"}, {"52": "S"}, {"52": "S"}, {"52": "S"}, {"52": "S"}, {"52": "S"}, {"52": "S"}, {"52": "S"}, {"52": "S"}, {"52": "S"}, {"52": "S"}, {"52": "S"}, {"52": "S"}, {"52": "S"}, {"52": "S"}, {"52": "S"}, {"52": "S"}, {"52": "S"}, {"52": "S"}, {"52": "S"}, {"52": "S"}, {"52": "S"}, {"52": "S"}, {"52": "S"}, {"52": "S"}, {"52": "S"}, {"52": "S"}, {"52": "S"}, {"52": "S"}, {"167": "W"}, {"167": "S"}, {"167": "W"}, {"167": "W"}, {"167": "W"}, {"167": "W"}, {"167": "W"}, {"167": "W"}, {"167": "S"}, {"167": "S"}, {"167": "S"}, {"167": "S"}, {"167": "S"}, {"167": "S"}, {"167": "S"}, {"167": "S"}, {"167": "S"}, {"167": "S"}, {"167": "S"}, {"167": "S"}, {"167": "S"}, {"167": "S"}, {"167": "S"}, {"167": "S"}, {"167": "S"}, {"167": "S"}, {"167": "S"}, {"167": "S"}, {"167": "S"}, {"167": "S"}, {"167": "S"}, {"153": "W"}, {"153": "W"}, {"153": "W"}, {"153": "W"}, {"153": "W"}, {"153": "W"}, {"153": "W"}, {"153": "S"}, {"153": "S"}, {"153": "S"}, {"153": "S"}, {"153": "S"}, {"153": "S"}, {"153": "S"}, {"153": "S"}, {"153": "S"}, {"153": "S"}, {"153": "S"}, {"153": "S"}, {"153": "S"}, {"131": "S"}, {"131": "S"}, {"131": "S"}, {"131": "S"}, {"131": "S"}, {"131": "S"}, {"131": "S"}, {"131": "S"}, {"131": "S"}, {"131": "S"}, {"131": "E"}, {"131": "E"}, {"131": "E"}, {"131": "E"}, {"131": "E"}, {"117": "W"}, {"117": "N"}, {"117": "W"}, {"117": "W"}, {"117": "W"}, {"117": "W"}, {"117": "W"}, {"117": "W"}, {"117": "W"}, {"117": "N"}, {"117": "N"}, {"117": "N"}, {"117": "N"}, {"117": "N"}, {"117": "N"}, {"117": "N"}, {"117": "N"}, {"117": "N"}, {"117": "N"}, {"117": "N"}, {"117": "N"}, {"117": "N"}, {"117": "N"}, {"117": "N"}, {"117": "N"}, {"117": "N"}, {"117": "N"}, {"117": "N"}, {"117": "N"}, {"117": "N"}, {"117": "N"}, {"117": "N"}, {"104": "W"}, {"104": "W"}, {"104": "W"}, {"104": "W"}, {"104": "W"}, {"104": "W"}, {"104": "W"}, {"104": "W"}, {"104": "W"}, {"104": "W"}, {"104": "W"}, {"104": "W"}, {"104": "N"}, {"104": "N"}, {"104": "N"}, {"70": "N"}, {"70": "W"}, {"70": "W"}, {"70": "W"}, {"70": "W"}, {"70": "W"}, {"70": "W"}, {"70": "W"}, {"70": "N"}, {"70": "N"}, {"70": "N"}, {"70": "N"}, {"70": "N"}, {"70": "N"}, {"70": "N"}, {"70": "N"}, {"70": "N"}, {"70": "N"}, {"70": "N"}, {"70": "N"}, {"70": "N"}, {"70": "N"}, {"70": "N"}, {"70": "N"}, {"70": "N"}, {"70": "N"}, {"70": "N"}, {"70": "N"}, {"70": "N"}, {"70": "N"}, {"70": "N"}, {"70": "N"}, {"70": "N"}, {"70": "N"}, {"70": "N"}, {"67": "E"}, {"67": "N"}, {"67": "N"}, {"67": "N"}, {"67": "N"}, {"67": "N"}, {"67": "N"}, {"67": "N"}, {"67": "N"}, {"67": "E"}, {"54": "W"}, {"54": "N"}, {"54": "W"}, {"54": "W"}, {"54": "W"}, {"54": "W"}, {"54": "W"}, {"54": "W"}, {"54": "W"}, {"54": "N"}, {"54": "N"}, {"54": "N"}, {"54": "N"}, {"54": "N"}, {"54": "N"}, {"54": "N"}, {"54": "N"}, {"54": "N"}, {"54": "N"}, {"54": "N"}, {"54": "N"}, {"54": "N"}, {"54": "N"}, {"54": "N"}, {"54": "N"}, {"54": "N"}, {"50": "W"}, {"50": "W"}, {"50": "W"}, {"50": "W"}, {"50": "W"}, {"50": "W"}, {"50": "W"}, {"50": "W"}, {"50": "N"}, {"50": "N"}, {"50": "N"}, {"50": "N"}, {"50": "N"}, {"50": "N"}, {"50": "N"}, {"50": "N"}, {"50": "N"}, {"50": "N"}, {"50": "N"}, {"50": "N"}, {"50": "N"}, {"50": "N"}, {"50": "N"}, {"50": "N"}, {"50": "N"}, {"50": "N"}, {"50": "N"}, {"50": "N"}, {"50": "N"}, {"50": "N"}, {"50": "N"}, {"50": "N"}, {"50": "N"}, {"50": "N"}, {"50": "N"}, {"50": "N"}, {"50": "N"}, {"36": "W"}, {"36": "W"}, {"36": "W"}, {"36": "W"}, {"36": "W"}, {"36": "W"}, {"36": "W"}, {"36": "W"}, {"36": "W"}, {"36": "W"}, {"36": "W"}, {"36": "S"}, {"36": "W"}, {"36": "W"}, {"36": "W"}, {"36": "W"}, {"36": "W"}, {"36": "W"}, {"36": "W"}, {"36": "W"}, {"36": "W"}, {"36": "W"}, {"36": "W"}, {"36": "W"}, {"36": "W"}, {"36": "W"}, {"36": "W"}, {"36": "W"}, {"36": "S"}, {"36": "S"}, {"36": "S"}, {"29": "E"}, {"29": "N"}, {"29": "N"}, {"29": "E"}, {"29": "E"}, {"29": "E"}, {"29": "E"}, {"29": "N"}, {"29": "E"}, {"29": "E"}, {"29": "E"}, {"29": "E"}, {"29": "E"}, {"29": "E"}, {"29": "E"}, {"29": "E"}, {"29": "E"}, {"29": "E"}, {"29": "N"}, {"29": "E"}, {"29": "N"}, {"29": "E"}, {"29": "E"}, {"29": "E"}, {"29": "E"}, {"177": "S"}, {"177": "W"}, {"177": "W"}, {"177": "W"}, {"177": "W"}, {"177": "W"}, {"177": "W"}, {"177": "W"}, {"177": "W"}, {"177": "W"}, {"177": "W"}, {"177": "W"}, {"177": "W"}, {"177": "N"}, {"119": "S"}, {"119": "W"}, {"119": "W"}, {"119": "W"}, {"119": "W"}, {"119": "W"}, {"119": "W"}, {"119": "W"}, {"119": "W"}, {"119": "W"}, {"119": "W"}, {"119": "W"}, {"119": "W"}, {"119": "W"}, {"119": "W"}, {"119": "W"}, {"119": "W"}, {"119": "W"}, {"119": "W"}, {"119": "W"}, {"119": "W"}, {"119": "W"}, {"119": "W"}, {"119": "S"}, {"119": "S"}, {"119": "S"}, {"119": "S"}, {"119": "S"}, {"119": "S"}, {"119": "S"}, {"96": "N"}, {"96": "E"}, {"96": "E"}, {"96": "S"}, {"96": "S"}, {"96": "S"}, {"96": "S"}, {"96": "S"}, {"96": "S"}, {"96": "S"}, {"96": "S"}, {"96": "S"}, {"96": "E"}, {"96": "E"}, {"96": "E"}, {"96": "E"}, {"96": "E"}, {"96": "E"}, {"96": "E"}, {"96": "E"}, {"96": "E"}, {"96": "E"}, {"96": "E"}, {"96": "E"}, {"96": "E"}, {"96": "E"}, {"93": "N"}, {"93": "E"}, {"93": "N"}, {"93": "N"}, {"93": "N"}, {"93": "N"}, {"93": "N"}, {"93": "N"}, {"93": "N"}, {"93": "N"}, {"93": "N"}, {"93": "N"}, {"93": "N"}, {"93": "N"}, {"93": "E"}, {"93": "E"}, {"93": "E"}, {"93": "E"}, {"93": "E"}, {"93": "E"}, {"93": "E"}, {"93": "E"}, {"93": "N"}, {"93": "E"}, {"93": "N"}, {"93": "E"}, {"93": "E"}, {"93": "E"}, {"15": "S"}, {"15": "E"}, {"15": "E"}, {"15": "S"}, {"15": "S"}, {"15": "S"}, {"15": "S"}, {"15": "S"}, {"15": "S"}, {"15": "S"}, {"15": "S"}, {"15": "S"}, {"15": "S"}, {"15": "S"}, {"15": "E"}, {"15": "E"}, {"15": "E"}, {"15": "E"}, {"15": "E"}, {"15": "S"}, {"15": "E"}, {"15": "S"}, {"15": "E"}, {"15": "E"}, {"15": "E"}, {"15": "E"}, {"15": "E"}, {"15": "E"}, {"15": "E"}, {"15": "E"}, {"15": "E"}, {"5": "E"}, {"5": "S"}, {"5": "S"}, {"5": "W"}, {"5": "W"}, {"5": "S"}, {"5": "S"}, {"5": "S"}, {"5": "S"}, {"5": "S"}, {"5": "S"}, {"5": "S"}, {"5": "S"}, {"5": "S"}, {"5": "S"}, {"5": "S"}, {"5": "S"}, {"5": "S"}, {"5": "S"}, {"5": "S"}, {"5": "S"}, {"5": "S"}, {"5": "S"}, {"5": "S"}, {"5": "S"}, {"5": "S"}, {"5": "S"}, {"146": "S"}, {"146": "S"}, {"146": "S"}, {"146": "S"}, {"146": "S"}, {"146": "S"}, {"146": "S"}, {"146": "S"}, {"146": "S"}, {"146": "E"}, {"146": "S"}, {"146": "S"}, {"146": "S"}, {"146": "S"}, {"146": "S"}, {"146": "S"}, {"146": "S"}, {"146": "S"}, {"146": "E"}, {"146": "E"}, {"146": "E"}, {"146": "E"}, {"124": "S"}, {"124": "E"}, {"124": "E"}, {"124": "N"}, {"124": "N"}, {"124": "N"}, {"124": "N"}, {"124": "N"}, {"124": "N"}, {"124": "N"}, {"124": "N"}, {"124": "E"}, {"124": "E"}, {"124": "E"}, {"124": "E"}, {"124": "E"}, {"124": "E"}, {"124": "E"}, {"124": "E"}, {"124": "E"}, {"124": "N"}, {"124": "E"}, {"124": "N"}, {"124": "E"}, {"124": "E"}, {"124": "E"}, {"124": "E"}, {"124": "E"}, {"116": "W"}, {"116": "N"}, {"116": "N"}, {"116": "N"}, {"116": "N"}, {"116": "N"}, {"116": "N"}, {"116": "N"}, {"116": "N"}, {"116": "N"}, {"116": "N"}, {"116": "N"}, {"116": "N"}, {"116": "N"}, {"116": "N"}, {"116": "N"}, {"116": "N"}, {"116": "N"}, {"116": "N"}, {"116": "N"}, {"116": "N"}, {"116": "N"}, {"116": "N"}, {"116": "N"}, {"116": "E"}, {"116": "E"}, {"116": "E"}, {"116": "E"}, {"116": "E"}, {"116": "E"}, {"87": "S"}, {"87": "W"}, {"87": "W"}, {"87": "W"}, {"87": "W"}, {"87": "W"}, {"87": "W"}, {"87": "W"}, {"87": "W"}, {"87": "W"}, {"87": "W"}, {"87": "W"}, {"87": "W"}, {"87": "W"}, {"87": "W"}, {"87": "W"}, {"87": "S"}, {"87": "S"}, {"87": "S"}, {"87": "S"}, {"87": "S"}, {"87": "S"}, {"87": "S"}, {"83": "S"}, {"83": "W"}, {"83": "W"}, {"83": "W"}, {"83": "W"}, {"83": "W"}, {"83": "W"}, {"83": "W"}, {"83": "W"}, {"83": "W"}, {"83": "W"}, {"83": "W"}, {"83": "W"}, {"83": "W"}, {"83": "W"}, {"83": "N"}, {"83": "N"}, {"83": "N"}, {"83": "N"}, {"74": "E"}, {"74": "N"}, {"74": "N"}, {"74": "N"}, {"74": "N"}, {"74": "W"}, {"74": "W"}, {"74": "W"}, {"74": "W"}, {"74": "W"}, {"74": "W"}, {"74": "W"}, {"74": "W"}, {"74": "W"}, {"74": "W"}, {"74": "W"}, {"74": "W"}, {"74": "W"}, {"74": "N"}, {"74": "N"}, {"74": "N"}, {"74": "N"}, {"74": "N"}, {"74": "N"}, {"74": "N"}, {"74": "N"}, {"74": "N"}, {"74": "N"}, {"74": "N"}, {"74": "N"}, {"74": "N"}, {"74": "N"}, {"74": "N"}, {"74": "N"}, {"74": "N"}, {"74": "N"}, {"74": "N"}, {"74": "N"}, {"74": "N"}, {"74": "N"}, {"74": "W"}, {"74": "N"}, {"74": "W"}, {"74": "N"}, {"74": "N"}, {"74": "N"}, {"74": "N"}, {"74": "N"}, {"74": "N"}, {"44": "E"}, {"44": "S"}, {"44": "S"}, {"44": "S"}, {"44": "S"}, {"44": "E"}, {"44": "E"}, {"44": "E"}, {"44": "E"}, {"44": "E"}, {"32": "W"}, {"32": "W"}, {"32": "W"}, {"32": "W"}, {"32": "W"}, {"32": "N"}, {"32": "N"}, {"32": "N"}, {"32": "N"}, {"159": "W"}, {"159": "S"}, {"159": "S"}, {"159": "W"}, {"159": "W"}, {"159": "S"}, {"159": "S"}, {"159": "S"}, {"159": "S"}, {"159": "S"}, {"159": "S"}, {"159": "S"}, {"159": "S"}, {"159": "S"}, {"159": "S"}, {"159": "S"}, {"159": "S"}, {"159": "S"}, {"159": "S"}, {"159": "S"}, {"159": "S"}, {"159": "S"}, {"159": "S"}, {"159": "S"}, {"148": "W"}, {"148": "N"}, {"148": "N"}, {"148": "N"}, {"148": "N"}, {"148": "N"}, {"148": "N"}, {"148": "N"}, {"148": "N"}, {"148": "N"}, {"148": "N"}, {"148": "N"}, {"148": "N"}, {"148": "N"}, {"148": "N"}, {"148": "N"}, {"148": "N"}, {"148": "N"}, {"148": "N"}, {"148": "N"}, {"148": "N"}, {"148": "N"}, {"148": "N"}, {"148": "N"}, {"148": "N"}, {"148": "N"}, {"148": "N"}, {"148": "N"}, {"148": "N"}, {"148": "N"}, {"148": "N"}, {"148": "E"}, {"148": "E"}, {"148": "E"}, {"148": "E"}, {"148": "E"}, {"148": "E"}, {"145": "W"}, {"145": "N"}, {"145": "W"}, {"145": "N"}, {"145": "N"}, {"145": "N"}, {"145": "N"}, {"145": "N"}, {"145": "N"}, {"145": "N"}, {"125": "N"}, {"125": "E"}, {"125": "E"}, {"125": "E"}, {"125": "E"}, {"125": "E"}, {"125": "E"}, {"125": "N"}, {"125": "N"}, {"125": "N"}, {"125": "N"}, {"125": "N"}, {"125": "E"}, {"125": "E"}, {"125": "E"}, {"125": "E"}, {"125": "E"}, {"125": "E"}, {"125": "E"}, {"125": "E"}, {"125": "E"}, {"125": "E"}, {"125": "E"}, {"125": "E"}, {"125": "E"}, {"125": "E"}, {"125": "E"}, {"125": "E"}, {"125": "E"}, {"125": "E"}, {"125": "E"}, {"115": "W"}, {"115": "S"}, {"115": "S"}, {"115": "S"}, {"115": "S"}, {"115": "S"}, {"115": "S"}, {"115": "S"}, {"115": "S"}, {"115": "S"}, {"115": "S"}, {"115": "S"}, {"115": "S"}, {"115": "S"}, {"115": "S"}, {"115": "S"}, {"115": "S"}, {"115": "S"}, {"115": "S"}, {"115": "S"}, {"115": "S"}, {"115": "S"}, {"115": "S"}, {"115": "S"}, {"115": "S"}, {"115": "S"}, {"115": "E"}, {"115": "E"}, {"115": "S"}, {"115": "E"}, {"115": "E"}, {"115": "E"}, {"115": "E"}, {"19": "S"}, {"19": "S"}, {"19": "S"}, {"19": "S"}, {"19": "S"}, {"19": "S"}, {"19": "S"}, {"19": "S"}, {"19": "S"}, {"19": "S"}, {"19": "S"}, {"19": "S"}, {"19": "S"}, {"19": "S"}, {"19": "E"}, {"19": "S"}, {"19": "S"}, {"19": "S"}, {"19": "S"}, {"19": "S"}, {"19": "S"}, {"19": "S"}, {"19": "S"}, {"19": "S"}, {"19": "S"}, {"19": "E"}, {"19": "E"}, {"19": "E"}, {"0": "N"}, {"0": "N"}, {"0": "E"}, {"0": "E"}, {"0": "E"}, {"0": "N"}, {"0": "N"}, {"0": "E"}, {"0": "E"}, {"0": "E"}, {"0": "E"}, {"0": "E"}, {"0": "E"}, {"0": "E"}, {"0": "E"}, {"0": "E"}, {"0": "N"}, {"0": "E"}, {"0": "N"}, {"0": "N"}, {"0": "E"}, {"0": "N"}, {"0": "E"}, {"0": "N"}, {"0": "E"}, {"0": "N"}, {"0": "E"}, {"0": "E"}, {"0": "E"}, {"0": "E"}, {"60": "W"}, {"60": "N"}, {"60": "N"}, {"60": "N"}, {"60": "N"}, {"60": "N"}, {"60": "N"}, {"60": "N"}, {"60": "E"}, {"60": "E"}, {"60": "E"}, {"60": "N"}, {"60": "E"}, {"60": "N"}, {"60": "E"}, {"60": "E"}, {"60": "N"}, {"60": "E"}, {"60": "N"}, {"60": "E"}, {"60": "E"}, {"60": "E"}, {"60": "E"}, {"60": "E"}, {"16": "E"}, {"16": "E"}, {"16": "E"}, {"16": "E"}, {"16": "E"}, {"16": "E"}, {"16": "E"}, {"16": "E"}, {"16": "E"}, {"16": "E"}, {"16": "N"}, {"16": "E"}, {"16": "E"}, {"16": "E"}, {"16": "E"}, {"16": "N"}, {"16": "E"}, {"16": "N"}, {"16": "E"}, {"16": "N"}, {"16": "E"}, {"16": "E"}, {"16": "N"}, {"16": "E"}, {"16": "E"}, {"16": "E"}, {"16": "N"}, {"16": "E"}, {"16": "E"}, {"16": "E"}, {"163": "S"}, {"163": "E"}, {"163": "E"}, {"163": "E"}, {"163": "E"}, {"163": "E"}, {"163": "S"}, {"163": "S"}, {"163": "S"}, {"163": "E"}, {"163": "E"}, {"163": "E"}, {"163": "E"}, {"163": "E"}, {"163": "E"}, {"163": "E"}, {"163": "E"}, {"163": "E"}, {"163": "E"}, {"163": "E"}, {"163": "E"}, {"163": "E"}, {"163": "E"}, {"163": "E"}, {"163": "E"}, {"163": "E"}, {"163": "E"}, {"163": "E"}, {"163": "E"}, {"163": "E"}, {"163": "E"}, {"163": "E"}, {"163": "E"}, {"163": "E"}, {"163": "E"}, {"163": "E"}, {"163": "E"}, {"163": "E"}, {"162": "N"}, {"162": "N"}, {"162": "N"}, {"162": "N"}, {"162": "N"}, {"162": "N"}, {"162": "N"}, {"162": "E"}, {"162": "E"}, {"162": "E"}, {"157": "N"}, {"157": "E"}, {"157": "E"}, {"157": "E"}, {"157": "E"}, {"157": "E"}, {"157": "S"}, {"157": "S"}, {"157": "S"}, {"157": "S"}, {"157": "E"}, {"157": "E"}, {"157": "E"}, {"157": "E"}, {"157": "E"}, {"103": "W"}, {"103": "W"}, {"103": "W"}, {"103": "W"}, {"103": "W"}, {"103": "W"}, {"103": "W"}, {"103": "W"}, {"103": "W"}, {"103": "W"}, {"103": "W"}, {"103": "W"}, {"103": "W"}, {"103": "W"}, {"103": "W"}, {"103": "W"}, {"103": "W"}, {"103": "W"}, {"103": "W"}, {"103": "W"}, {"103": "W"}, {"103": "W"}, {"103": "W"}, {"103": "W"}, {"103": "W"}, {"103": "W"}, {"103": "W"}, {"103": "W"}, {"103": "S"}, {"103": "S"}, {"103": "S"}, {"103": "S"}, {"103": "S"}, {"103": "S"}, {"103": "S"}, {"95": "W"}, {"95": "W"}, {"95": "S"}, {"95": "S"}, {"95": "S"}, {"95": "S"}, {"95": "S"}, {"95": "W"}, {"95": "W"}, {"95": "S"}, {"95": "S"}, {"95": "S"}, {"95": "S"}, {"95": "S"}, {"95": "S"}, {"95": "S"}, {"95": "S"}, {"95": "S"}, {"95": "S"}, {"95": "S"}, {"95": "S"}, {"95": "S"}, {"95": "S"}, {"95": "S"}, {"95": "S"}, {"95": "S"}, {"95": "S"}, {"94": "E"}, {"94": "E"}, {"94": "E"}, {"94": "E"}, {"94": "E"}, {"94": "E"}, {"94": "E"}, {"94": "E"}, {"94": "E"}, {"94": "E"}, {"94": "E"}, {"94": "E"}, {"94": "E"}, {"94": "E"}, {"94": "E"}, {"94": "E"}, {"94": "E"}, {"94": "E"}, {"94": "E"}, {"94": "E"}, {"94": "E"}, {"94": "E"}, {"63": "W"}, {"63": "S"}, {"63": "W"}, {"63": "W"}, {"63": "W"}, {"63": "W"}, {"63": "S"}, {"63": "S"}, {"63": "S"}, {"63": "S"}, {"63": "S"}, {"63": "W"}, {"63": "S"}, {"63": "W"}, {"63": "S"}, {"63": "S"}, {"63": "S"}, {"63": "S"}, {"63": "S"}, {"63": "S"}, {"63": "S"}, {"63": "S"}, {"63": "S"}, {"63": "S"}, {"63": "S"}, {"63": "S"}, {"63": "S"}, {"63": "S"}, {"63": "S"}, {"63": "S"}, {"63": "S"}, {"63": "S"}, {"63": "S"}, {"63": "S"}, {"63": "W"}, {"63": "S"}, {"63": "S"}, {"63": "S"}, {"63": "S"}, {"63": "E"}, {"62": "N"}, {"62": "E"}, {"62": "E"}, {"62": "N"}, {"62": "N"}, {"62": "N"}, {"62": "N"}, {"62": "N"}, {"62": "N"}, {"62": "N"}, {"62": "N"}, {"62": "E"}, {"62": "E"}, {"62": "E"}, {"62": "E"}, {"62": "E"}, {"47": "N"}, {"47": "W"}, {"47": "W"}, {"47": "W"}, {"47": "W"}, {"47": "W"}, {"47": "W"}, {"47": "W"}, {"47": "W"}, {"47": "W"}, {"47": "W"}, {"47": "W"}, {"47": "W"}, {"47": "W"}, {"47": "W"}, {"47": "W"}, {"47": "W"}, {"47": "W"}, {"47": "W"}, {"47": "W"}, {"47": "W"}, {"47": "W"}, {"47": "W"}, {"47": "W"}, {"47": "W"}, {"47": "S"}, {"47": "S"}, {"47": "S"}, {"47": "S"}, {"47": "S"}, {"47": "S"}, {"47": "S"}, {"47": "S"}, {"42": "N"}, {"42": "W"}, {"42": "W"}, {"42": "W"}, {"42": "W"}, {"42": "N"}, {"42": "W"}, {"42": "W"}, {"42": "W"}, {"42": "W"}, {"42": "W"}, {"42": "W"}, {"42": "W"}, {"42": "W"}, {"42": "S"}, {"42": "W"}, {"42": "W"}, {"42": "W"}, {"42": "W"}, {"42": "W"}, {"42": "W"}, {"42": "W"}, {"42": "W"}, {"42": "W"}, {"42": "W"}, {"42": "W"}, {"42": "W"}, {"42": "W"}, {"42": "W"}, {"42": "W"}, {"42": "W"}, {"42": "N"}, {"26": "E"}, {"26": "S"}, {"26": "S"}, {"26": "S"}, {"26": "W"}, {"26": "W"}, {"26": "W"}, {"26": "W"}, {"26": "W"}, {"26": "S"}, {"26": "S"}, {"26": "S"}, {"26": "S"}, {"26": "W"}, {"26": "S"}, {"26": "W"}, {"26": "S"}, {"26": "S"}, {"26": "S"}, {"26": "S"}, {"26": "S"}, {"26": "S"}, {"26": "S"}, {"26": "S"}, {"26": "S"}, {"26": "S"}, {"26": "S"}, {"26": "S"}, {"26": "S"}, {"26": "S"}, {"26": "S"}, {"26": "S"}, {"26": "S"}, {"26": "S"}, {"26": "W"}, {"26": "S"}, {"26": "W"}, {"26": "S"}, {"24": "S"}, {"24": "E"}, {"24": "E"}, {"24": "E"}, {"24": "E"}, {"24": "S"}, {"24": "S"}, {"24": "S"}, {"24": "S"}, {"24": "S"}, {"24": "S"}, {"24": "S"}, {"24": "S"}, {"24": "S"}, {"24": "S"}, {"24": "S"}, {"24": "S"}, {"24": "S"}, {"24": "S"}, {"24": "E"}, {"24": "E"}, {"24": "E"}, {"24": "E"}, {"24": "E"}, {"24": "E"}, {"24": "E"}, {"24": "E"}, {"24": "E"}, {"24": "E"}, {"24": "E"}, {"24": "E"}, {"24": "E"}, {"2": "W"}, {"2": "N"}, {"2": "N"}, {"2": "N"}, {"2": "N"}, {"2": "N"}, {"2": "E"}, {"2": "E"}, {"2": "E"}, {"2": "E"}, {"2": "E"}, {"2": "E"}, {"144": "W"}, {"144": "S"}, {"144": "S"}, {"144": "S"}, {"144": "S"}, {"144": "S"}, {"144": "S"}, {"144": "S"}, {"144": "S"}, {"144": "S"}, {"144": "S"}, {"144": "S"}, {"144": "S"}, {"144": "S"}, {"144": "S"}, {"144": "S"}, {"144": "S"}, {"144": "S"}, {"144": "S"}, {"144": "S"}, {"144": "S"}, {"144": "S"}, {"144": "S"}, {"144": "S"}, {"144": "S"}, {"144": "E"}, {"144": "S"}, {"144": "S"}, {"144": "S"}, {"144": "S"}, {"144": "S"}, {"144": "S"}, {"144": "E"}, {"144": "E"}, {"144": "E"}, {"144": "S"}, {"144": "E"}, {"144": "E"}, {"144": "E"}, {"144": "E"}, {"144": "E"}, {"144": "E"}, {"144": "E"}, {"143": "N"}, {"143": "E"}, {"143": "E"}, {"143": "S"}, {"143": "S"}, {"143": "S"}, {"143": "S"}, {"143": "S"}, {"143": "S"}, {"143": "S"}, {"143": "E"}, {"143": "E"}, {"143": "E"}, {"143": "E"}, {"143": "E"}, {"143": "S"}, {"143": "E"}, {"143": "S"}, {"143": "S"}, {"143": "E"}, {"143": "S"}, {"143": "E"}, {"143": "E"}, {"143": "E"}, {"143": "E"}, {"143": "E"}, {"143": "E"}, {"143": "E"}, {"143": "E"}, {"143": "E"}, {"143": "E"}, {"143": "E"}, {"143": "E"}, {"133": "W"}, {"133": "N"}, {"133": "N"}, {"133": "N"}, {"133": "N"}, {"133": "N"}, {"133": "N"}, {"133": "N"}, {"133": "N"}, {"133": "N"}, {"133": "N"}, {"133": "N"}, {"133": "N"}, {"133": "N"}, {"133": "N"}, {"133": "N"}, {"133": "N"}, {"133": "N"}, {"133": "N"}, {"133": "N"}, {"133": "N"}, {"133": "N"}, {"133": "N"}, {"133": "N"}, {"133": "N"}, {"133": "N"}, {"133": "N"}, {"133": "N"}, {"133": "E"}, {"133": "E"}, {"108": "E"}, {"108": "S"}, {"108": "S"}, {"108": "S"}, {"108": "S"}, {"108": "S"}, {"108": "W"}, {"108": "W"}, {"108": "S"}, {"108": "S"}, {"108": "S"}, {"108": "S"}, {"108": "W"}, {"108": "S"}, {"108": "W"}, {"108": "S"}, {"108": "S"}, {"108": "S"}, {"108": "S"}, {"108": "S"}, {"108": "S"}, {"108": "S"}, {"108": "S"}, {"108": "S"}, {"108": "S"}, {"108": "S"}, {"108": "S"}, {"108": "S"}, {"108": "S"}, {"85": "W"}, {"85": "W"}, {"85": "W"}, {"85": "W"}, {"85": "W"}, {"85": "W"}, {"85": "W"}, {"85": "W"}, {"85": "W"}, {"85": "W"}, {"85": "W"}, {"85": "W"}, {"85": "W"}, {"85": "W"}, {"85": "W"}, {"85": "W"}, {"85": "S"}, {"85": "W"}, {"85": "S"}, {"85": "W"}, {"85": "W"}, {"85": "W"}, {"85": "S"}, {"85": "S"}, {"85": "S"}, {"85": "S"}, {"85": "S"}, {"76": "E"}, {"76": "N"}, {"76": "N"}, {"76": "N"}, {"76": "W"}, {"76": "W"}, {"76": "W"}, {"76": "N"}, {"76": "N"}, {"76": "N"}, {"76": "N"}, {"76": "N"}, {"76": "N"}, {"76": "N"}, {"76": "N"}, {"76": "N"}, {"76": "N"}, {"76": "N"}, {"76": "N"}, {"76": "N"}, {"76": "N"}, {"76": "N"}, {"76": "N"}, {"76": "N"}, {"76": "N"}, {"76": "N"}, {"76": "N"}, {"76": "N"}, {"76": "N"}, {"76": "N"}, {"76": "N"}, {"76": "N"}, {"76": "N"}, {"55": "N"}, {"55": "E"}, {"55": "N"}, {"55": "N"}, {"55": "N"}, {"55": "N"}, {"55": "N"}, {"55": "N"}, {"55": "N"}, {"55": "N"}, {"55": "N"}, {"55": "N"}, {"55": "N"}, {"55": "N"}, {"55": "N"}, {"55": "N"}, {"55": "N"}, {"55": "N"}, {"55": "N"}, {"55": "N"}, {"55": "N"}, {"55": "N"}, {"55": "E"}, {"55": "E"}, {"55": "E"}, {"55": "E"}, {"55": "E"}, {"55": "E"}, {"55": "E"}, {"55": "E"}, {"55": "E"}, {"55": "E"}, {"53": "S"}, {"53": "S"}, {"53": "S"}, {"53": "S"}, {"53": "E"}, {"53": "S"}, {"53": "S"}, {"53": "S"}, {"53": "S"}, {"53": "S"}, {"53": "S"}, {"53": "S"}, {"53": "S"}, {"53": "S"}, {"53": "S"}, {"53": "S"}, {"53": "S"}, {"53": "S"}, {"53": "S"}, {"53": "S"}, {"53": "S"}, {"53": "S"}, {"53": "S"}, {"53": "S"}, {"53": "S"}, {"53": "E"}, {"53": "E"}, {"53": "S"}, {"53": "E"}, {"53": "E"}, {"53": "E"}, {"53": "E"}, {"53": "E"}, {"53": "E"}, {"53": "E"}, {"53": "E"}, {"53": "E"}, {"53": "E"}, {"53": "E"}, {"53": "E"}, {"38": "N"}, {"38": "E"}, {"38": "E"}, {"38": "E"}, {"38": "E"}, {"38": "E"}, {"38": "E"}, {"38": "N"}, {"38": "E"}, {"38": "N"}, {"38": "E"}, {"38": "E"}, {"38": "E"}, {"38": "N"}, {"38": "E"}, {"38": "N"}, {"38": "E"}, {"38": "E"}, {"38": "E"}, {"38": "E"}, {"38": "N"}, {"38": "E"}, {"38": "E"}, {"38": "S"}, {"38": "E"}, {"38": "E"}, {"38": "E"}, {"38": "E"}, {"38": "E"}, {"38": "E"}, {"38": "E"}, {"38": "E"}, {"38": "E"}, {"38": "E"}, {"38": "E"}, {"38": "E"}, {"127": "S"}, {"127": "E"}, {"127": "S"}, {"127": "E"}, {"127": "E"}, {"172": "W"}, {"172": "S"}, {"172": "W"}, {"172": "W"}, {"172": "W"}, {"172": "W"}, {"172": "W"}, {"172": "W"}, {"172": "W"}, {"172": "W"}, {"172": "W"}, {"172": "W"}, {"172": "W"}, {"172": "W"}, {"172": "W"}, {"172": "W"}, {"172": "W"}, {"172": "W"}, {"172": "S"}, {"172": "S"}, {"172": "S"}, {"172": "S"}, {"172": "S"}, {"172": "W"}, {"172": "S"}, {"172": "W"}, {"172": "S"}, {"172": "S"}, {"172": "S"}, {"172": "S"}, {"172": "S"}, {"172": "S"}, {"172": "S"}, {"172": "W"}, {"172": "S"}, {"172": "W"}, {"172": "S"}, {"172": "S"}, {"172": "S"}, {"172": "S"}, {"172": "S"}, {"172": "S"}, {"172": "S"}, {"172": "S"}, {"172": "S"}, {"172": "S"}, {"172": "S"}, {"172": "S"}, {"172": "S"}, {"172": "S"}, {"166": "N"}, {"166": "W"}, {"166": "N"}, {"166": "W"}, {"166": "W"}, {"166": "W"}, {"166": "W"}, {"166": "W"}, {"166": "W"}, {"166": "W"}, {"166": "W"}, {"166": "N"}, {"166": "N"}, {"166": "N"}, {"150": "E"}, {"150": "S"}, {"150": "S"}, {"150": "S"}, {"150": "W"}, {"150": "W"}, {"150": "S"}, {"150": "S"}, {"150": "S"}, {"150": "S"}, {"150": "W"}, {"150": "S"}, {"150": "W"}, {"150": "S"}, {"150": "S"}, {"150": "S"}, {"150": "S"}, {"150": "S"}, {"150": "S"}, {"150": "S"}, {"150": "S"}, {"150": "S"}, {"150": "W"}, {"150": "S"}, {"150": "S"}, {"150": "S"}, {"150": "E"}, {"150": "S"}, {"150": "S"}, {"150": "S"}, {"150": "S"}, {"150": "S"}, {"150": "S"}, {"150": "S"}, {"141": "N"}, {"141": "N"}, {"141": "N"}, {"141": "N"}, {"141": "N"}, {"141": "N"}, {"141": "N"}, {"141": "N"}, {"141": "N"}, {"141": "N"}, {"141": "N"}, {"141": "E"}, {"141": "N"}, {"141": "N"}, {"141": "N"}, {"141": "N"}, {"141": "N"}, {"141": "N"}, {"141": "N"}, {"141": "N"}, {"141": "N"}, {"141": "N"}, {"141": "N"}, {"141": "N"}, {"141": "N"}, {"141": "N"}, {"141": "N"}, {"141": "N"}, {"141": "N"}, {"141": "N"}, {"141": "E"}, {"141": "E"}, {"141": "E"}, {"141": "N"}, {"141": "E"}, {"141": "N"}, {"141": "E"}, {"141": "E"}, {"141": "E"}, {"141": "E"}, {"141": "E"}, {"141": "E"}, {"141": "E"}, {"141": "E"}, {"141": "E"}, {"141": "E"}, {"141": "E"}, {"141": "E"}, {"141": "E"}, {"114": "N"}, {"114": "E"}, {"114": "E"}, {"114": "E"}, {"114": "E"}, {"114": "E"}, {"114": "E"}, {"114": "S"}, {"114": "S"}, {"114": "S"}, {"114": "S"}, {"114": "S"}, {"114": "S"}, {"114": "S"}, {"114": "S"}, {"114": "S"}, {"114": "E"}, {"113": "W"}, {"113": "W"}, {"113": "W"}, {"113": "W"}, {"113": "W"}, {"113": "W"}, {"113": "W"}, {"113": "N"}, {"113": "W"}, {"113": "W"}, {"113": "S"}, {"113": "W"}, {"113": "W"}, {"113": "W"}, {"113": "W"}, {"113": "W"}, {"113": "W"}, {"113": "W"}, {"113": "W"}, {"113": "W"}, {"113": "W"}, {"113": "N"}, {"101": "S"}, {"101": "W"}, {"101": "W"}, {"101": "W"}, {"101": "W"}, {"101": "W"}, {"101": "W"}, {"101": "W"}, {"101": "W"}, {"101": "W"}, {"101": "W"}, {"101": "W"}, {"101": "W"}, {"101": "W"}, {"101": "W"}, {"101": "W"}, {"101": "W"}, {"101": "W"}, {"101": "W"}, {"101": "W"}, {"101": "W"}, {"101": "W"}, {"101": "W"}, {"101": "N"}, {"101": "W"}, {"101": "W"}, {"101": "W"}, {"101": "W"}, {"101": "N"}, {"101": "N"}, {"101": "N"}, {"100": "N"}, {"100": "E"}, {"100": "E"}, {"100": "E"}, {"100": "S"}, {"100": "S"}, {"100": "S"}, {"100": "E"}, {"100": "E"}, {"100": "E"}, {"100": "E"}, {"100": "E"}, {"100": "E"}, {"100": "E"}, {"100": "E"}, {"100": "E"}, {"100": "E"}, {"100": "E"}, {"100": "E"}, {"100": "E"}, {"100": "E"}, {"100": "E"}, {"100": "E"}, {"100": "E"}, {"100": "E"}, {"100": "E"}, {"100": "E"}, {"100": "E"}, {"100": "E"}, {"100": "E"}, {"100": "E"}, {"100": "E"}, {"100": "E"}, {"100": "E"}, {"100": "E"}, {"65": "N"}, {"65": "W"}, {"65": "W"}, {"65": "W"}, {"65": "W"}, {"65": "W"}, {"65": "W"}, {"65": "W"}, {"65": "W"}, {"65": "W"}, {"65": "W"}, {"65": "N"}, {"65": "N"}, {"65": "N"}, {"65": "N"}, {"65": "N"}, {"65": "N"}, {"65": "N"}, {"65": "N"}, {"65": "N"}, {"65": "N"}, {"65": "N"}, {"18": "S"}, {"18": "E"}, {"18": "E"}, {"18": "E"}, {"18": "E"}, {"18": "E"}, {"18": "E"}, {"18": "E"}, {"18": "E"}, {"18": "E"}, {"18": "E"}, {"18": "E"}, {"18": "E"}, {"18": "E"}, {"18": "E"}, {"18": "N"}, {"18": "N"}, {"18": "E"}, {"18": "E"}, {"18": "E"}, {"18": "E"}, {"18": "E"}, {"18": "E"}, {"18": "E"}, {"18": "E"}, {"18": "E"}, {"18": "E"}, {"18": "E"}, {"18": "E"}, {"18": "E"}, {"18": "E"}, {"18": "E"}, {"18": "E"}, {"18": "E"}, {"13": "S"}, {"13": "W"}, {"13": "W"}, {"13": "W"}, {"13": "W"}, {"13": "W"}, {"13": "W"}, {"13": "W"}, {"13": "W"}, {"13": "N"}, {"13": "W"}, {"13": "W"}, {"13": "W"}, {"13": "W"}, {"13": "W"}, {"13": "N"}, {"13": "W"}, {"13": "N"}, {"13": "W"}, {"13": "W"}, {"13": "W"}, {"13": "W"}, {"13": "W"}, {"13": "N"}, {"13": "N"}, {"13": "N"}, {"3": "N"}, {"3": "E"}, {"3": "E"}, {"3": "E"}, {"3": "E"}, {"3": "E"}, {"3": "N"}, {"3": "N"}, {"3": "N"}, {"3": "N"}, {"3": "N"}, {"3": "N"}, {"3": "N"}, {"3": "N"}, {"3": "N"}, {"3": "N"}, {"3": "N"}, {"3": "N"}, {"3": "E"}, {"3": "E"}, {"3": "E"}, {"3": "E"}, {"3": "E"}, {"3": "E"}, {"3": "E"}, {"3": "E"}, {"3": "E"}, {"3": "E"}, {"3": "E"}, {"129": "S"}, {"129": "E"}, {"129": "E"}, {"129": "E"}, {"129": "E"}, {"129": "E"}, {"129": "E"}, {"129": "E"}, {"129": "N"}, {"129": "E"}, {"129": "N"}, {"129": "E"}, {"129": "E"}, {"129": "E"}, {"129": "E"}, {"129": "E"}, {"129": "E"}, {"149": "N"}, {"149": "N"}, {"149": "N"}, {"149": "W"}, {"149": "N"}, {"149": "N"}, {"149": "N"}, {"149": "N"}, {"149": "N"}, {"149": "N"}, {"149": "N"}, {"149": "N"}, {"149": "W"}, {"149": "W"}, {"149": "N"}, {"149": "N"}, {"142": "N"}, {"142": "W"}, {"142": "W"}, {"142": "W"}, {"142": "W"}, {"142": "W"}, {"142": "W"}, {"142": "W"}, {"142": "W"}, {"142": "N"}, {"142": "N"}, {"142": "N"}, {"142": "N"}, {"142": "N"}, {"142": "N"}, {"142": "N"}, {"142": "W"}, {"142": "N"}, {"142": "N"}, {"142": "N"}, {"142": "W"}, {"142": "N"}, {"142": "N"}, {"142": "N"}, {"142": "N"}, {"142": "N"}, {"142": "N"}, {"142": "W"}, {"142": "N"}, {"142": "W"}, {"142": "N"}, {"142": "N"}, {"86": "W"}, {"86": "S"}, {"86": "S"}, {"86": "S"}, {"86": "E"}, {"86": "S"}, {"86": "S"}, {"86": "E"}, {"86": "E"}, {"86": "E"}, {"86": "E"}, {"86": "E"}, {"86": "E"}, {"86": "E"}, {"80": "N"}, {"80": "N"}, {"80": "E"}, {"80": "E"}, {"80": "E"}, {"80": "E"}, {"80": "E"}, {"80": "E"}, {"80": "E"}, {"80": "E"}, {"80": "E"}, {"80": "E"}, {"80": "N"}, {"80": "E"}, {"80": "N"}, {"80": "E"}, {"80": "E"}, {"80": "E"}, {"80": "N"}, {"80": "E"}, {"80": "N"}, {"80": "N"}, {"80": "E"}, {"80": "E"}, {"80": "E"}, {"80": "E"}, {"80": "E"}, {"80": "N"}, {"80": "E"}, {"80": "E"}, {"80": "N"}, {"80": "E"}, {"80": "E"}, {"80": "E"}, {"80": "N"}, {"80": "E"}, {"80": "E"}, {"78": "W"}, {"78": "W"}, {"78": "W"}, {"78": "W"}, {"78": "W"}, {"78": "W"}, {"78": "W"}, {"78": "W"}, {"78": "W"}, {"78": "N"}, {"78": "W"}, {"78": "W"}, {"78": "W"}, {"78": "N"}, {"78": "N"}, {"78": "W"}, {"78": "W"}, {"78": "W"}, {"78": "W"}, {"78": "N"}, {"78": "W"}, {"78": "W"}, {"78": "W"}, {"78": "W"}, {"78": "W"}, {"78": "W"}, {"78": "W"}, {"78": "W"}, {"78": "W"}, {"78": "W"}, {"78": "N"}, {"75": "S"}, {"75": "E"}, {"75": "E"}, {"75": "E"}, {"75": "E"}, {"75": "E"}, {"75": "E"}, {"75": "N"}, {"75": "N"}, {"75": "E"}, {"75": "E"}, {"75": "E"}, {"75": "E"}, {"75": "E"}, {"75": "E"}, {"75": "N"}, {"75": "E"}, {"75": "E"}, {"75": "E"}, {"75": "E"}, {"75": "N"}, {"75": "E"}, {"75": "E"}, {"75": "N"}, {"75": "E"}, {"75": "N"}, {"75": "N"}, {"75": "N"}, {"75": "E"}, {"75": "E"}, {"75": "E"}, {"75": "E"}, {"71": "W"}, {"71": "W"}, {"71": "N"}, {"71": "N"}, {"71": "W"}, {"71": "W"}, {"71": "W"}, {"71": "W"}, {"71": "W"}, {"71": "W"}, {"71": "W"}, {"71": "W"}, {"71": "N"}, {"71": "N"}, {"71": "N"}, {"71": "N"}, {"71": "N"}, {"71": "N"}, {"71": "W"}, {"71": "N"}, {"71": "W"}, {"71": "N"}, {"71": "N"}, {"71": "N"}, {"71": "N"}, {"71": "N"}, {"71": "W"}, {"71": "W"}, {"71": "W"}, {"69": "S"}, {"69": "W"}, {"69": "W"}, {"69": "W"}, {"69": "W"}, {"69": "W"}, {"69": "W"}, {"69": "W"}, {"69": "W"}, {"69": "W"}, {"69": "W"}, {"69": "W"}, {"69": "W"}, {"69": "W"}, {"69": "W"}, {"69": "W"}, {"69": "W"}, {"69": "W"}, {"69": "W"}, {"69": "W"}, {"69": "W"}, {"69": "W"}, {"69": "W"}, {"69": "W"}, {"69": "N"}, {"69": "W"}, {"69": "W"}, {"69": "W"}, {"69": "W"}, {"69": "W"}, {"69": "W"}, {"69": "W"}, {"69": "N"}, {"69": "N"}, {"69": "N"}, {"57": "W"}, {"57": "W"}, {"57": "S"}, {"57": "S"}, {"57": "S"}, {"57": "S"}, {"57": "S"}, {"57": "S"}, {"57": "S"}, {"57": "S"}, {"57": "S"}, {"57": "S"}, {"57": "S"}, {"57": "S"}, {"57": "S"}, {"57": "S"}, {"57": "S"}, {"57": "S"}, {"57": "S"}, {"57": "S"}, {"51": "W"}, {"51": "S"}, {"51": "S"}, {"51": "S"}, {"51": "S"}, {"51": "S"}, {"51": "W"}, {"51": "S"}, {"51": "S"}, {"51": "S"}, {"51": "S"}, {"51": "S"}, {"51": "S"}, {"51": "S"}, {"51": "E"}, {"51": "S"}, {"51": "S"}, {"51": "S"}, {"51": "W"}, {"51": "S"}, {"51": "S"}, {"51": "S"}, {"51": "S"}, {"51": "S"}, {"51": "S"}, {"51": "S"}, {"51": "S"}, {"51": "S"}, {"51": "S"}, {"51": "S"}, {"51": "S"}, {"43": "S"}, {"43": "E"}, {"43": "E"}, {"43": "E"}, {"43": "N"}, {"43": "N"}, {"43": "N"}, {"43": "N"}, {"43": "N"}, {"43": "N"}, {"43": "N"}, {"43": "N"}, {"43": "E"}, {"43": "E"}, {"43": "N"}, {"43": "E"}, {"43": "E"}, {"43": "E"}, {"43": "E"}, {"43": "E"}, {"43": "E"}, {"43": "E"}, {"43": "E"}, {"34": "S"}, {"34": "W"}, {"34": "W"}, {"34": "W"}, {"34": "W"}, {"34": "W"}, {"34": "N"}, {"34": "W"}, {"34": "W"}, {"34": "W"}, {"34": "N"}, {"34": "W"}, {"34": "W"}, {"34": "N"}, {"34": "W"}, {"34": "W"}, {"34": "W"}, {"34": "W"}, {"34": "W"}, {"34": "W"}, {"34": "W"}, {"34": "W"}, {"34": "W"}, {"34": "W"}, {"34": "W"}, {"34": "W"}, {"34": "W"}, {"34": "W"}, {"34": "W"}, {"34": "W"}, {"34": "N"}, {"34": "N"}, {"34": "N"}, {"34": "N"}, {"34": "N"}, {"34": "N"}, {"34": "N"}, {"34": "N"}, {"34": "N"}, {"34": "N"}, {"34": "N"}, {"34": "N"}, {"34": "N"}, {"34": "N"}, {"34": "N"}, {"34": "N"}, {"25": "N"}, {"25": "W"}, {"25": "W"}, {"25": "W"}, {"25": "W"}, {"25": "W"}, {"25": "W"}, {"25": "N"}, {"25": "W"}, {"25": "W"}, {"25": "W"}, {"25": "N"}, {"25": "N"}, {"25": "N"}, {"25": "N"}, {"25": "N"}, {"25": "N"}, {"25": "N"}, {"21": "E"}, {"21": "S"}, {"21": "S"}, {"21": "S"}, {"21": "E"}, {"21": "S"}, {"21": "S"}, {"21": "S"}, {"21": "S"}, {"21": "S"}, {"21": "E"}, {"21": "S"}, {"21": "S"}, {"21": "S"}, {"21": "S"}, {"21": "E"}, {"21": "S"}, {"21": "S"}, {"21": "S"}, {"21": "S"}, {"21": "S"}, {"21": "S"}, {"21": "S"}, {"21": "S"}, {"21": "S"}, {"21": "S"}, {"21": "S"}, {"21": "S"}, {"21": "E"}, {"21": "E"}, {"21": "E"}, {"21": "S"}, {"21": "S"}, {"21": "S"}, {"21": "S"}, {"21": "S"}, {"21": "S"}, {"21": "E"}, {"21": "E"}, {"21": "E"}, {"21": "E"}, {"21": "E"}, {"21": "S"}, {"21": "E"}, {"21": "S"}, {"21": "E"}, {"21": "E"}, {"1": "N"}, {"1": "E"}, {"1": "E"}, {"1": "E"}, {"1": "E"}, {"1": "S"}, {"1": "E"}, {"1": "E"}, {"1": "N"}, {"1": "E"}, {"1": "E"}, {"1": "E"}, {"1": "E"}, {"1": "E"}, {"1": "E"}, {"1": "S"}, {"1": "E"}, {"1": "S"}, {"1": "E"}, {"1": "E"}, {"1": "E"}, {"1": "E"}, {"1": "N"}, {"1": "E"}, {"1": "E"}, {"1": "N"}, {"1": "E"}, {"1": "E"}, {"1": "E"}, {"1": "E"}, {"1": "E"}, {"1": "E"}, {"1": "E"}, {"1": "E"}, {"1": "E"}, {"1": "E"}, {"1": "E"}, {"1": "S"}, {"1": "E"}, {"1": "E"}, {"1": "N"}, {"135": "N"}, {"135": "N"}, {"135": "N"}, {"135": "N"}, {"135": "N"}, {"135": "N"}, {"135": "N"}, {"135": "N"}, {"135": "N"}, {"135": "N"}, {"135": "N"}, {"135": "N"}, {"135": "N"}, {"135": "N"}, {"135": "N"}, {"135": "E"}, {"135": "E"}, {"135": "E"}, {"135": "N"}, {"135": "N"}, {"171": "S"}, {"171": "S"}, {"171": "S"}, {"171": "S"}, {"171": "S"}, {"171": "S"}, {"171": "S"}, {"171": "S"}, {"171": "S"}, {"171": "S"}, {"171": "E"}, {"171": "S"}, {"171": "S"}, {"171": "S"}, {"171": "S"}, {"171": "E"}, {"171": "S"}, {"171": "S"}, {"171": "S"}, {"171": "E"}, {"171": "E"}, {"171": "E"}, {"171": "E"}, {"171": "S"}, {"171": "E"}, {"171": "S"}, {"171": "S"}, {"171": "S"}, {"171": "E"}, {"171": "S"}, {"171": "E"}, {"171": "E"}, {"171": "E"}, {"171": "E"}, {"171": "E"}, {"171": "E"}, {"171": "E"}, {"171": "E"}, {"171": "E"}, {"171": "E"}, {"171": "E"}, {"171": "S"}, {"171": "E"}, {"171": "S"}, {"171": "E"}, {"171": "E"}, {"171": "E"}, {"171": "E"}, {"171": "E"}, {"169": "E"}, {"169": "S"}, {"169": "S"}, {"169": "S"}, {"169": "S"}, {"169": "W"}, {"169": "W"}, {"169": "W"}, {"169": "W"}, {"169": "W"}, {"169": "W"}, {"169": "W"}, {"169": "W"}, {"169": "S"}, {"169": "S"}, {"169": "W"}, {"169": "S"}, {"169": "S"}, {"169": "W"}, {"169": "S"}, {"169": "W"}, {"169": "S"}, {"169": "S"}, {"169": "S"}, {"169": "S"}, {"169": "S"}, {"169": "S"}, {"168": "W"}, {"168": "W"}, {"168": "N"}, {"168": "W"}, {"168": "W"}, {"168": "W"}, {"168": "W"}, {"168": "W"}, {"168": "W"}, {"168": "W"}, {"168": "W"}, {"168": "W"}, {"168": "W"}, {"168": "W"}, {"168": "W"}, {"168": "W"}, {"168": "W"}, {"168": "N"}, {"168": "N"}, {"112": "N"}, {"112": "W"}, {"112": "W"}, {"112": "W"}, {"112": "W"}, {"112": "N"}, {"112": "W"}, {"112": "W"}, {"112": "W"}, {"112": "W"}, {"112": "N"}, {"112": "W"}, {"112": "W"}, {"112": "N"}, {"112": "W"}, {"112": "W"}, {"112": "W"}, {"112": "W"}, {"112": "W"}, {"112": "N"}, {"112": "N"}, {"112": "N"}, {"112": "N"}, {"112": "N"}, {"112": "W"}, {"112": "N"}, {"112": "W"}, {"112": "N"}, {"112": "N"}, {"112": "N"}, {"112": "N"}, {"112": "N"}, {"112": "N"}, {"112": "N"}, {"111": "S"}, {"111": "W"}, {"111": "W"}, {"111": "W"}, {"111": "W"}, {"111": "W"}, {"111": "S"}, {"111": "W"}, {"111": "W"}, {"111": "W"}, {"111": "W"}, {"111": "W"}, {"111": "W"}, {"111": "W"}, {"111": "W"}, {"111": "W"}, {"111": "W"}, {"111": "S"}, {"111": "W"}, {"111": "W"}, {"111": "W"}, {"111": "W"}, {"111": "W"}, {"111": "W"}, {"111": "W"}, {"111": "W"}, {"111": "W"}, {"111": "W"}, {"111": "W"}, {"111": "W"}, {"111": "W"}, {"111": "W"}, {"111": "W"}, {"111": "W"}, {"111": "S"}, {"107": "W"}, {"107": "S"}, {"107": "S"}, {"107": "S"}, {"107": "S"}, {"107": "S"}, {"107": "E"}, {"107": "E"}, {"107": "S"}, {"107": "S"}, {"107": "S"}, {"107": "E"}, {"107": "E"}, {"107": "E"}, {"107": "E"}, {"107": "S"}, {"107": "E"}, {"107": "S"}, {"107": "E"}, {"107": "S"}, {"107": "E"}, {"107": "E"}, {"105": "N"}, {"105": "N"}, {"105": "N"}, {"105": "N"}, {"105": "N"}, {"105": "N"}, {"105": "N"}, {"105": "N"}, {"105": "N"}, {"105": "N"}, {"105": "N"}, {"105": "N"}, {"105": "N"}, {"105": "N"}, {"105": "N"}, {"105": "N"}, {"105": "N"}, {"105": "E"}, {"105": "N"}, {"105": "E"}, {"105": "E"}, {"105": "E"}, {"105": "E"}, {"105": "E"}, {"105": "E"}, {"105": "E"}, {"98": "E"}, {"98": "N"}, {"98": "N"}, {"98": "N"}, {"98": "N"}, {"98": "N"}, {"98": "N"}, {"98": "N"}, {"98": "N"}, {"98": "N"}, {"98": "N"}, {"98": "N"}, {"98": "E"}, {"98": "N"}, {"98": "N"}, {"98": "N"}, {"98": "N"}, {"98": "N"}, {"98": "N"}, {"98": "N"}, {"98": "N"}, {"88": "S"}, {"88": "W"}, {"88": "W"}, {"88": "W"}, {"88": "W"}, {"88": "W"}, {"88": "W"}, {"88": "S"}, {"88": "S"}, {"88": "S"}, {"88": "S"}, {"88": "S"}, {"88": "S"}, {"88": "S"}, {"88": "S"}, {"88": "S"}, {"88": "S"}, {"88": "S"}, {"88": "S"}, {"88": "S"}, {"88": "S"}, {"88": "S"}, {"88": "S"}, {"88": "S"}, {"88": "S"}, {"88": "S"}, {"88": "S"}, {"88": "S"}, {"88": "S"}, {"77": "S"}, {"77": "E"}, {"77": "E"}, {"77": "E"}, {"77": "S"}, {"77": "S"}, {"77": "S"}, {"77": "S"}, {"77": "S"}, {"77": "S"}, {"77": "S"}, {"77": "S"}, {"77": "S"}, {"77": "E"}, {"77": "E"}, {"77": "E"}, {"77": "E"}, {"77": "E"}, {"77": "E"}, {"77": "E"}, {"77": "E"}, {"77": "E"}, {"77": "S"}, {"77": "E"}, {"77": "E"}, {"77": "S"}, {"77": "E"}, {"77": "E"}, {"77": "S"}, {"77": "S"}, {"77": "E"}, {"41": "N"}, {"41": "E"}, {"41": "E"}, {"41": "E"}, {"41": "N"}, {"41": "N"}, {"41": "E"}, {"41": "E"}, {"41": "S"}, {"41": "E"}, {"41": "E"}, {"41": "N"}, {"41": "E"}, {"41": "E"}, {"41": "E"}, {"41": "E"}, {"41": "E"}, {"41": "E"}, {"41": "E"}, {"41": "E"}, {"41": "S"}, {"41": "E"}, {"41": "E"}, {"41": "E"}, {"41": "E"}, {"41": "E"}, {"41": "E"}, {"41": "E"}, {"41": "N"}, {"41": "E"}, {"41": "E"}, {"41": "S"}, {"41": "E"}, {"41": "E"}, {"41": "N"}, {"41": "E"}, {"41": "E"}, {"41": "E"}, {"41": "E"}, {"23": "W"}, {"23": "N"}, {"23": "N"}, {"23": "W"}, {"23": "W"}, {"23": "W"}, {"23": "N"}, {"23": "N"}, {"23": "N"}, {"23": "N"}, {"23": "N"}, {"23": "N"}, {"23": "W"}, {"23": "N"}, {"23": "N"}, {"23": "W"}, {"23": "W"}, {"23": "W"}, {"17": "E"}, {"17": "N"}, {"17": "N"}, {"17": "E"}, {"17": "E"}, {"17": "E"}, {"17": "E"}, {"17": "E"}, {"17": "E"}, {"17": "E"}, {"17": "E"}, {"17": "E"}, {"17": "E"}, {"17": "E"}, {"17": "E"}, {"17": "N"}, {"17": "N"}, {"17": "E"}, {"17": "E"}, {"17": "N"}, {"17": "E"}, {"17": "N"}, {"17": "E"}, {"17": "E"}, {"17": "E"}, {"17": "E"}, {"17": "E"}, {"17": "E"}, {"17": "E"}, {"17": "E"}, {"17": "E"}, {"17": "E"}, {"17": "E"}, {"17": "N"}, {"17": "E"}, {"17": "N"}, {"17": "E"}, {"17": "E"}, {"17": "E"}, {"12": "N"}, {"12": "N"}, {"12": "N"}, {"12": "E"}, {"12": "N"}, {"12": "N"}, {"12": "N"}, {"12": "N"}, {"12": "N"}, {"12": "N"}, {"12": "N"}, {"12": "N"}, {"12": "E"}, {"12": "N"}, {"12": "N"}, {"12": "N"}, {"12": "N"}, {"12": "N"}, {"12": "N"}, {"12": "N"}, {"12": "N"}, {"12": "N"}, {"12": "E"}, {"12": "E"}, {"12": "N"}, {"12": "E"}, {"12": "N"}, {"12": "E"}, {"12": "N"}, {"12": "N"}, {"12": "N"}, {"12": "E"}, {"12": "N"}, {"12": "E"}, {"12": "E"}, {"12": "E"}, {"12": "E"}, {"12": "E"}, {"12": "E"}, {"7": "N"}, {"7": "W"}, {"7": "W"}, {"7": "W"}, {"7": "W"}, {"7": "W"}, {"7": "W"}, {"7": "W"}, {"7": "N"}, {"7": "N"}, {"7": "N"}, {"7": "N"}, {"7": "N"}, {"7": "N"}, {"7": "N"}, {"7": "N"}, {"7": "N"}, {"7": "N"}, {"7": "W"}, {"7": "N"}, {"7": "N"}, {"7": "N"}, {"7": "N"}, {"7": "N"}, {"7": "N"}, {"7": "N"}, {"7": "N"}, {"7": "E"}, {"110": "E"}, {"110": "S"}, {"110": "S"}, {"110": "S"}, {"110": "S"}, {"110": "S"}, {"110": "S"}, {"110": "S"}, {"110": "S"}, {"110": "S"}, {"110": "S"}, {"110": "S"}, {"110": "S"}, {"110": "S"}, {"110": "S"}, {"110": "S"}, {"110": "S"}, {"110": "S"}, {"110": "S"}, {"110": "S"}, {"110": "S"}, {"110": "S"}, {"110": "E"}, {"110": "E"}, {"110": "E"}, {"110": "S"}, {"110": "E"}, {"110": "E"}, {"110": "S"}, {"110": "E"}, {"110": "E"}, {"110": "E"}, {"110": "E"}, {"110": "E"}, {"110": "E"}, {"110": "E"}, {"110": "E"}, {"110": "E"}, {"110": "E"}, {"110": "E"}, {"110": "E"}, {"110": "E"}, {"110": "E"}, {"161": "W"}, {"161": "W"}, {"161": "S"}, {"161": "S"}, {"161": "S"}, {"161": "S"}, {"161": "S"}, {"161": "W"}, {"161": "S"}, {"161": "W"}, {"161": "S"}, {"161": "S"}, {"161": "W"}, {"161": "S"}, {"161": "S"}, {"161": "W"}, {"161": "S"}, {"161": "S"}, {"161": "S"}, {"161": "S"}, {"161": "S"}, {"161": "S"}, {"161": "S"}, {"161": "S"}, {"161": "S"}, {"161": "S"}, {"161": "S"}, {"161": "S"}, {"161": "S"}, {"161": "E"}, {"161": "S"}, {"161": "S"}, {"161": "S"}, {"161": "S"}, {"161": "S"}, {"161": "W"}, {"152": "W"}, {"152": "N"}, {"152": "N"}, {"152": "N"}, {"152": "N"}, {"152": "E"}, {"132": "S"}, {"132": "S"}, {"132": "S"}, {"132": "E"}, {"132": "E"}, {"132": "N"}, {"132": "E"}, {"132": "E"}, {"132": "E"}, {"132": "S"}, {"132": "S"}, {"132": "S"}, {"132": "S"}, {"132": "S"}, {"132": "E"}, {"132": "E"}, {"132": "E"}, {"132": "E"}, {"132": "E"}, {"132": "E"}, {"132": "E"}, {"132": "E"}, {"132": "E"}, {"132": "E"}, {"132": "E"}, {"132": "E"}, {"132": "S"}, {"132": "S"}, {"132": "S"}, {"132": "E"}, {"132": "S"}, {"132": "E"}, {"132": "E"}, {"132": "E"}, {"132": "S"}, {"132": "S"}, {"132": "S"}, {"132": "E"}, {"132": "E"}, {"132": "E"}, {"132": "S"}, {"132": "E"}, {"132": "E"}, {"132": "E"}, {"132": "E"}, {"132": "E"}, {"132": "E"}, {"132": "E"}, {"132": "E"}, {"132": "E"}, {"126": "N"}, {"126": "E"}, {"126": "E"}, {"126": "S"}, {"126": "S"}, {"126": "S"}, {"126": "S"}, {"126": "E"}, {"126": "E"}, {"126": "E"}, {"126": "E"}, {"126": "E"}, {"126": "S"}, {"126": "E"}, {"126": "S"}, {"126": "S"}, {"126": "E"}, {"126": "S"}, {"126": "E"}, {"126": "E"}, {"126": "E"}, {"121": "E"}, {"121": "N"}, {"121": "N"}, {"121": "W"}, {"121": "W"}, {"121": "W"}, {"121": "W"}, {"121": "W"}, {"121": "W"}, {"121": "W"}, {"121": "W"}, {"121": "W"}, {"121": "W"}, {"121": "W"}, {"121": "W"}, {"121": "W"}, {"121": "W"}, {"121": "W"}, {"121": "W"}, {"121": "W"}, {"121": "W"}, {"121": "N"}, {"121": "N"}, {"121": "N"}, {"121": "W"}, {"121": "N"}, {"121": "W"}, {"121": "N"}, {"121": "W"}, {"121": "N"}, {"121": "N"}, {"121": "N"}, {"121": "N"}, {"121": "N"}, {"121": "N"}, {"121": "N"}, {"121": "N"}, {"121": "N"}, {"121": "N"}, {"121": "N"}, {"121": "N"}, {"121": "N"}, {"121": "W"}, {"121": "N"}, {"121": "W"}, {"121": "N"}, {"121": "N"}, {"121": "N"}, {"121": "N"}, {"121": "N"}, {"121": "N"}, {"118": "S"}, {"118": "W"}, {"118": "W"}, {"118": "W"}, {"118": "W"}, {"118": "W"}, {"118": "W"}, {"118": "W"}, {"118": "W"}, {"118": "W"}, {"118": "W"}, {"118": "W"}, {"118": "S"}, {"118": "S"}, {"118": "S"}, {"118": "S"}, {"118": "S"}, {"118": "S"}, {"118": "W"}, {"118": "S"}, {"118": "W"}, {"118": "S"}, {"118": "S"}, {"118": "S"}, {"118": "W"}, {"118": "W"}, {"118": "S"}, {"118": "S"}, {"118": "S"}, {"118": "S"}, {"118": "S"}, {"118": "S"}, {"118": "S"}, {"118": "S"}, {"118": "S"}, {"99": "S"}, {"99": "E"}, {"99": "E"}, {"99": "E"}, {"99": "E"}, {"99": "N"}, {"99": "E"}, {"99": "E"}, {"99": "E"}, {"99": "E"}, {"99": "E"}, {"99": "E"}, {"99": "E"}, {"99": "S"}, {"99": "E"}, {"99": "E"}, {"99": "N"}, {"99": "E"}, {"99": "E"}, {"99": "E"}, {"99": "E"}, {"99": "E"}, {"99": "E"}, {"99": "E"}, {"99": "E"}, {"99": "E"}, {"99": "S"}, {"99": "E"}, {"99": "E"}, {"99": "E"}, {"99": "E"}, {"99": "E"}, {"99": "N"}, {"99": "E"}, {"99": "E"}, {"99": "E"}, {"99": "E"}, {"92": "N"}, {"92": "W"}, {"92": "W"}, {"92": "W"}, {"92": "S"}, {"92": "W"}, {"92": "W"}, {"92": "W"}, {"92": "W"}, {"92": "W"}, {"92": "S"}, {"92": "W"}, {"92": "W"}, {"92": "W"}, {"92": "W"}, {"92": "W"}, {"92": "W"}, {"92": "W"}, {"92": "W"}, {"92": "W"}, {"92": "W"}, {"92": "W"}, {"92": "W"}, {"92": "W"}, {"92": "W"}, {"92": "W"}, {"92": "W"}, {"92": "N"}, {"68": "N"}, {"68": "E"}, {"68": "E"}, {"68": "E"}, {"68": "N"}, {"68": "N"}, {"68": "N"}, {"68": "N"}, {"68": "N"}, {"68": "N"}, {"68": "N"}, {"68": "N"}, {"68": "N"}, {"68": "N"}, {"68": "N"}, {"68": "N"}, {"68": "E"}, {"68": "E"}, {"68": "E"}, {"68": "E"}, {"68": "E"}, {"68": "E"}, {"68": "E"}, {"68": "E"}, {"68": "E"}, {"68": "E"}, {"68": "E"}, {"68": "E"}, {"68": "E"}, {"48": "N"}, {"48": "W"}, {"48": "W"}, {"48": "W"}, {"48": "W"}, {"48": "W"}, {"48": "W"}, {"48": "W"}, {"48": "W"}, {"48": "W"}, {"48": "W"}, {"48": "W"}, {"48": "W"}, {"48": "W"}, {"48": "W"}, {"48": "W"}, {"48": "S"}, {"48": "S"}, {"48": "S"}, {"48": "S"}, {"48": "S"}, {"48": "S"}, {"48": "S"}, {"48": "S"}, {"48": "S"}, {"45": "S"}, {"45": "E"}, {"45": "S"}, {"45": "S"}, {"45": "S"}, {"45": "S"}, {"45": "S"}, {"45": "S"}, {"45": "S"}, {"45": "S"}, {"45": "S"}, {"45": "S"}, {"45": "S"}, {"45": "S"}, {"45": "E"}, {"45": "E"}, {"45": "E"}, {"45": "E"}, {"40": "S"}, {"40": "E"}, {"40": "S"}, {"40": "S"}, {"40": "S"}, {"40": "S"}, {"40": "S"}, {"40": "S"}, {"40": "S"}, {"40": "S"}, {"40": "S"}, {"40": "S"}, {"40": "S"}, {"40": "S"}, {"40": "S"}, {"40": "S"}, {"40": "S"}, {"40": "S"}, {"40": "S"}, {"40": "S"}, {"40": "S"}, {"40": "S"}, {"40": "S"}, {"40": "S"}, {"40": "S"}, {"40": "E"}, {"40": "E"}, {"40": "E"}, {"40": "E"}, {"40": "E"}, {"40": "E"}, {"40": "E"}, {"35": "E"}, {"35": "N"}, {"35": "N"}, {"35": "E"}, {"35": "N"}, {"35": "N"}, {"35": "N"}, {"35": "N"}, {"35": "N"}, {"35": "N"}, {"35": "N"}, {"35": "N"}, {"35": "N"}, {"35": "N"}, {"35": "N"}, {"35": "N"}, {"35": "W"}, {"35": "N"}, {"35": "N"}, {"35": "E"}, {"35": "N"}, {"35": "N"}, {"35": "E"}, {"35": "N"}, {"35": "N"}, {"35": "N"}, {"35": "N"}, {"35": "W"}, {"35": "N"}, {"35": "N"}, {"35": "N"}, {"35": "N"}, {"35": "W"}, {"35": "N"}, {"35": "N"}, {"35": "W"}, {"35": "W"}, {"27": "W"}, {"27": "S"}, {"27": "S"}, {"27": "S"}, {"27": "S"}, {"27": "S"}, {"27": "E"}, {"27": "S"}, {"27": "S"}, {"27": "S"}, {"27": "W"}, {"27": "S"}, {"27": "S"}, {"27": "W"}, {"27": "S"}, {"27": "S"}, {"27": "S"}, {"27": "W"}, {"27": "S"}, {"27": "S"}, {"27": "S"}, {"178": "E"}, {"178": "N"}, {"178": "N"}, {"178": "W"}, {"178": "W"}, {"178": "W"}, {"178": "W"}, {"178": "W"}, {"178": "W"}, {"178": "W"}, {"178": "W"}, {"178": "N"}, {"178": "N"}, {"178": "N"}, {"178": "N"}, {"178": "N"}, {"178": "N"}, {"178": "N"}, {"178": "N"}, {"178": "N"}, {"178": "N"}, {"178": "N"}, {"178": "N"}, {"178": "N"}, {"178": "N"}, {"178": "N"}, {"178": "N"}, {"178": "W"}, {"178": "N"}, {"178": "N"}, {"178": "N"}, {"178": "N"}, {"178": "N"}, {"178": "N"}, {"178": "N"}, {"178": "E"}, {"176": "N"}, {"176": "W"}, {"176": "N"}, {"176": "N"}, {"176": "N"}, {"176": "N"}, {"176": "N"}, {"176": "N"}, {"176": "N"}, {"176": "N"}, {"176": "N"}, {"176": "N"}, {"176": "N"}, {"176": "N"}, {"176": "N"}, {"176": "N"}, {"176": "N"}, {"176": "N"}, {"176": "N"}, {"176": "N"}, {"176": "N"}, {"176": "N"}, {"176": "E"}, {"176": "N"}, {"176": "N"}, {"176": "E"}, {"176": "N"}, {"176": "N"}, {"176": "N"}, {"176": "N"}, {"176": "N"}, {"176": "N"}, {"176": "N"}, {"176": "E"}, {"176": "N"}, {"176": "N"}, {"176": "N"}, {"176": "W"}, {"176": "N"}, {"175": "N"}, {"175": "N"}, {"175": "N"}, {"175": "N"}, {"175": "N"}, {"175": "N"}, {"175": "E"}, {"175": "N"}, {"175": "N"}, {"175": "N"}, {"175": "E"}, {"175": "E"}, {"175": "E"}, {"175": "N"}, {"175": "N"}, {"175": "W"}, {"175": "N"}, {"175": "N"}, {"175": "N"}, {"175": "N"}, {"175": "N"}, {"175": "N"}, {"175": "N"}, {"175": "N"}, {"175": "N"}, {"174": "S"}, {"174": "S"}, {"174": "S"}, {"174": "S"}, {"174": "E"}, {"174": "S"}, {"174": "S"}, {"174": "S"}, {"174": "S"}, {"174": "E"}, {"174": "S"}, {"174": "E"}, {"174": "S"}, {"174": "S"}, {"174": "S"}, {"174": "E"}, {"174": "E"}, {"174": "S"}, {"174": "S"}, {"174": "S"}, {"174": "S"}, {"174": "S"}, {"174": "S"}, {"174": "S"}, {"174": "S"}, {"174": "S"}, {"174": "S"}, {"174": "E"}, {"174": "E"}, {"174": "E"}, {"174": "S"}, {"174": "S"}, {"174": "S"}, {"174": "E"}, {"174": "E"}, {"174": "E"}, {"174": "S"}, {"174": "S"}, {"174": "E"}, {"174": "S"}, {"174": "E"}, {"174": "S"}, {"174": "E"}, {"174": "E"}, {"174": "E"}, {"174": "E"}, {"174": "E"}, {"174": "S"}, {"173": "W"}, {"173": "N"}, {"173": "W"}, {"173": "W"}, {"173": "N"}, {"173": "W"}, {"173": "W"}, {"173": "W"}, {"173": "W"}, {"173": "N"}, {"173": "W"}, {"173": "W"}, {"173": "N"}, {"173": "W"}, {"173": "W"}, {"173": "W"}, {"173": "N"}, {"173": "N"}, {"173": "N"}, {"173": "N"}, {"173": "N"}, {"173": "N"}, {"173": "W"}, {"173": "N"}, {"173": "W"}, {"173": "N"}, {"173": "W"}, {"173": "N"}, {"173": "N"}, {"173": "W"}, {"173": "N"}, {"173": "N"}, {"173": "E"}, {"155": "N"}, {"155": "W"}, {"155": "W"}, {"155": "W"}, {"155": "S"}, {"155": "W"}, {"155": "S"}, {"155": "W"}, {"155": "W"}, {"155": "W"}, {"155": "W"}, {"155": "S"}, {"155": "W"}, {"155": "W"}, {"155": "W"}, {"155": "W"}, {"155": "W"}, {"155": "W"}, {"155": "W"}, {"155": "W"}, {"155": "W"}, {"155": "W"}, {"155": "S"}, {"155": "S"}, {"155": "W"}, {"155": "W"}, {"155": "W"}, {"155": "S"}, {"154": "N"}, {"154": "N"}, {"154": "E"}, {"154": "E"}, {"154": "N"}, {"154": "N"}, {"154": "N"}, {"154": "N"}, {"154": "N"}, {"154": "N"}, {"154": "N"}, {"154": "N"}, {"154": "N"}, {"154": "E"}, {"154": "E"}, {"154": "E"}, {"154": "E"}, {"154": "N"}, {"154": "E"}, {"154": "E"}, {"154": "E"}, {"154": "N"}, {"154": "E"}, {"154": "E"}, {"154": "E"}, {"154": "E"}, {"154": "N"}, {"154": "N"}, {"154": "N"}, {"154": "E"}, {"154": "N"}, {"154": "N"}, {"154": "E"}, {"154": "N"}, {"154": "E"}, {"154": "E"}, {"154": "E"}, {"134": "S"}, {"134": "W"}, {"134": "W"}, {"134": "W"}, {"134": "W"}, {"134": "W"}, {"134": "W"}, {"134": "S"}, {"134": "S"}, {"134": "W"}, {"134": "W"}, {"134": "W"}, {"134": "W"}, {"134": "W"}, {"130": "E"}, {"130": "E"}, {"130": "N"}, {"130": "N"}, {"130": "N"}, {"130": "N"}, {"130": "E"}, {"130": "N"}, {"130": "N"}, {"130": "N"}, {"130": "N"}, {"130": "N"}, {"130": "N"}, {"130": "N"}, {"130": "N"}, {"130": "N"}, {"130": "N"}, {"130": "N"}, {"130": "N"}, {"130": "N"}, {"130": "N"}, {"130": "N"}, {"130": "N"}, {"130": "E"}, {"130": "N"}, {"130": "E"}, {"130": "E"}, {"130": "E"}, {"130": "E"}, {"130": "N"}, {"130": "E"}, {"130": "E"}, {"130": "N"}, {"130": "E"}, {"130": "N"}, {"130": "E"}, {"123": "N"}, {"123": "W"}, {"123": "W"}, {"123": "W"}, {"123": "W"}, {"123": "W"}, {"123": "W"}, {"123": "W"}, {"123": "W"}, {"123": "W"}, {"123": "W"}, {"123": "W"}, {"123": "W"}, {"123": "W"}, {"123": "W"}, {"123": "W"}, {"123": "W"}, {"123": "W"}, {"123": "W"}, {"123": "S"}, {"123": "W"}, {"123": "W"}, {"123": "W"}, {"123": "S"}, {"123": "S"}, {"123": "S"}, {"123": "S"}, {"123": "S"}, {"123": "W"}, {"123": "S"}, {"123": "S"}, {"123": "S"}, {"123": "W"}, {"123": "S"}, {"123": "S"}, {"123": "S"}, {"123": "S"}, {"123": "S"}, {"123": "W"}, {"102": "N"}, {"102": "W"}, {"102": "W"}, {"102": "W"}, {"102": "W"}, {"102": "S"}, {"102": "W"}, {"102": "W"}, {"102": "W"}, {"102": "W"}, {"102": "W"}, {"102": "S"}, {"102": "W"}, {"102": "W"}, {"102": "W"}, {"102": "W"}, {"102": "W"}, {"102": "W"}, {"102": "W"}, {"102": "W"}, {"102": "W"}, {"102": "W"}, {"102": "W"}, {"102": "W"}, {"102": "W"}, {"102": "W"}, {"102": "W"}, {"102": "W"}, {"102": "W"}, {"102": "W"}, {"102": "S"}, {"102": "S"}, {"102": "S"}, {"102": "W"}, {"102": "S"}, {"102": "S"}, {"102": "S"}, {"102": "S"}, {"102": "S"}, {"102": "S"}, {"102": "S"}, {"102": "S"}, {"102": "W"}, {"102": "S"}, {"102": "W"}, {"102": "S"}, {"82": "S"}, {"82": "S"}, {"82": "E"}, {"82": "E"}, {"82": "S"}, {"82": "S"}, {"82": "S"}, {"82": "S"}, {"82": "S"}, {"82": "S"}, {"82": "S"}, {"82": "S"}, {"82": "S"}, {"82": "S"}, {"82": "S"}, {"82": "S"}, {"82": "S"}, {"82": "E"}, {"82": "E"}, {"82": "E"}, {"82": "E"}, {"82": "S"}, {"82": "E"}, {"82": "S"}, {"82": "E"}, {"82": "E"}, {"82": "S"}, {"82": "E"}, {"82": "E"}, {"82": "E"}, {"82": "E"}, {"82": "S"}, {"82": "S"}, {"82": "S"}, {"82": "S"}, {"82": "E"}, {"82": "E"}, {"82": "E"}, {"82": "E"}, {"82": "S"}, {"82": "E"}, {"82": "S"}, {"82": "E"}, {"82": "E"}, {"82": "E"}, {"82": "E"}, {"82": "E"}, {"82": "E"}, {"82": "E"}, {"82": "E"}, {"82": "E"}, {"58": "W"}, {"58": "N"}, {"58": "N"}, {"58": "N"}, {"58": "W"}, {"58": "W"}, {"58": "W"}, {"58": "W"}, {"58": "W"}, {"58": "W"}, {"58": "W"}, {"58": "W"}, {"58": "W"}, {"58": "W"}, {"58": "W"}, {"58": "W"}, {"58": "W"}, {"58": "W"}, {"58": "W"}, {"58": "W"}, {"58": "N"}, {"58": "N"}, {"58": "N"}, {"58": "N"}, {"58": "W"}, {"58": "N"}, {"58": "N"}, {"58": "N"}, {"58": "N"}, {"58": "N"}, {"58": "N"}, {"58": "N"}, {"58": "W"}, {"58": "W"}, {"58": "N"}, {"58": "N"}, {"58": "N"}, {"58": "N"}, {"58": "N"}, {"58": "N"}, {"58": "N"}, {"58": "N"}, {"58": "N"}, {"58": "N"}, {"22": "W"}, {"22": "W"}, {"22": "S"}, {"22": "S"}, {"22": "S"}, {"22": "S"}, {"22": "S"}, {"22": "W"}, {"22": "S"}, {"22": "S"}, {"22": "S"}, {"22": "S"}, {"22": "S"}, {"22": "W"}, {"22": "S"}, {"22": "W"}, {"22": "S"}, {"22": "S"}, {"22": "S"}, {"22": "S"}, {"22": "S"}, {"22": "S"}, {"22": "S"}, {"22": "S"}, {"22": "S"}, {"22": "S"}, {"22": "S"}, {"22": "S"}, {"22": "S"}, {"22": "S"}, {"22": "S"}, {"22": "S"}, {"20": "S"}, {"20": "W"}, {"20": "W"}, {"20": "W"}, {"20": "S"}, {"20": "W"}, {"20": "S"}, {"20": "W"}, {"20": "W"}, {"20": "W"}, {"20": "W"}, {"20": "S"}, {"20": "W"}, {"20": "W"}, {"20": "W"}, {"20": "W"}, {"20": "W"}, {"20": "W"}, {"20": "W"}, {"20": "W"}, {"20": "S"}, {"20": "S"}, {"20": "S"}, {"20": "S"}, {"20": "S"}, {"20": "S"}, {"11": "E"}, {"11": "N"}, {"11": "N"}, {"11": "W"}, {"11": "W"}, {"11": "W"}, {"11": "W"}, {"11": "W"}, {"11": "W"}, {"11": "W"}, {"11": "W"}, {"11": "W"}, {"11": "W"}, {"11": "W"}, {"11": "W"}, {"11": "W"}, {"11": "W"}, {"11": "N"}, {"11": "N"}, {"11": "N"}, {"11": "N"}, {"11": "N"}, {"11": "N"}, {"11": "N"}, {"11": "N"}, {"11": "N"}, {"11": "N"}, {"11": "N"}, {"11": "W"}, {"11": "N"}, {"11": "W"}, {"11": "N"}, {"11": "N"}, {"11": "N"}, {"10": "E"}, {"10": "N"}, {"10": "N"}, {"10": "N"}, {"10": "N"}, {"10": "E"}, {"8": "W"}, {"8": "N"}, {"8": "W"}, {"8": "N"}, {"8": "N"}, {"8": "N"}, {"8": "W"}, {"8": "N"}, {"8": "W"}, {"8": "N"}, {"8": "N"}, {"8": "N"}, {"8": "N"}, {"8": "N"}, {"8": "W"}, {"8": "W"}, {"8": "N"}, {"8": "N"}, {"8": "W"}, {"8": "N"}, {"8": "W"}, {"8": "W"}, {"8": "W"}, {"8": "W"}, {"8": "N"}, {"8": "W"}, {"8": "W"}, {"8": "W"}, {"8": "W"}, {"8": "W"}, {"8": "W"}, {"8": "N"}, {"8": "W"}, {"8": "W"}, {"8": "W"}, {"8": "W"}, {"8": "N"}, {"8": "W"}, {"8": "N"}, {"8": "N"}, {"8": "N"}, {"8": "N"}, {"8": "N"}, {"8": "N"}, {"8": "W"}, {"8": "N"}, {"8": "W"}, {"8": "W"}, {"8": "W"}, {"165": "W"}, {"165": "W"}, {"165": "W"}, {"165": "W"}, {"165": "W"}, {"165": "W"}, {"165": "W"}, {"165": "W"}, {"165": "W"}, {"165": "W"}, {"165": "W"}, {"165": "W"}, {"165": "S"}, {"165": "S"}, {"165": "W"}, {"165": "W"}, {"165": "S"}, {"165": "S"}, {"165": "S"}, {"165": "W"}, {"165": "S"}, {"165": "S"}, {"165": "W"}, {"165": "S"}, {"165": "S"}, {"165": "S"}, {"165": "S"}, {"165": "S"}, {"165": "S"}, {"165": "S"}, {"158": "W"}, {"158": "N"}, {"158": "N"}, {"158": "N"}, {"158": "W"}, {"158": "W"}, {"158": "W"}, {"158": "W"}, {"158": "W"}, {"158": "W"}, {"158": "W"}, {"158": "W"}, {"158": "W"}, {"158": "W"}, {"158": "W"}, {"158": "W"}, {"158": "N"}, {"147": "W"}, {"147": "W"}, {"147": "W"}, {"147": "S"}, {"147": "S"}, {"147": "S"}, {"147": "S"}, {"147": "S"}, {"147": "S"}, {"147": "S"}, {"147": "W"}, {"147": "S"}, {"147": "W"}, {"147": "S"}, {"147": "S"}, {"147": "S"}, {"147": "S"}, {"147": "S"}, {"147": "S"}, {"147": "S"}, {"147": "S"}, {"147": "S"}, {"147": "S"}, {"147": "S"}, {"147": "S"}, {"137": "S"}, {"137": "S"}, {"137": "E"}, {"137": "E"}, {"137": "E"}, {"137": "S"}, {"137": "E"}, {"137": "E"}, {"137": "E"}, {"137": "E"}, {"137": "E"}, {"128": "E"}, {"128": "E"}, {"128": "S"}, {"128": "S"}, {"128": "S"}, {"128": "S"}, {"128": "S"}, {"128": "S"}, {"128": "E"}, {"128": "S"}, {"128": "S"}, {"128": "S"}, {"128": "S"}, {"128": "S"}, {"128": "S"}, {"128": "W"}, {"128": "S"}, {"128": "S"}, {"128": "S"}, {"128": "S"}, {"128": "S"}, {"128": "S"}, {"128": "S"}, {"128": "E"}, {"128": "E"}, {"109": "S"}, {"109": "W"}, {"109": "W"}, {"109": "W"}, {"109": "W"}, {"109": "W"}, {"109": "S"}, {"109": "S"}, {"109": "S"}, {"109": "S"}, {"109": "S"}, {"109": "S"}, {"109": "W"}, {"109": "S"}, {"109": "W"}, {"109": "S"}, {"109": "S"}, {"109": "S"}, {"109": "S"}, {"109": "S"}, {"109": "S"}, {"109": "S"}, {"109": "W"}, {"109": "S"}, {"109": "S"}, {"109": "S"}, {"109": "S"}, {"109": "W"}, {"109": "S"}, {"109": "W"}, {"109": "W"}, {"109": "S"}, {"109": "S"}, {"109": "E"}, {"109": "E"}, {"97": "W"}, {"97": "N"}, {"97": "W"}, {"97": "W"}, {"97": "W"}, {"97": "N"}, {"97": "N"}, {"97": "N"}, {"97": "N"}, {"97": "N"}, {"97": "N"}, {"97": "N"}, {"97": "W"}, {"97": "N"}, {"97": "N"}, {"97": "N"}, {"97": "E"}, {"97": "N"}, {"97": "N"}, {"97": "N"}, {"97": "N"}, {"97": "W"}, {"97": "N"}, {"97": "W"}, {"97": "N"}, {"97": "W"}, {"97": "N"}, {"97": "W"}, {"97": "N"}, {"97": "W"}, {"91": "N"}, {"91": "W"}, {"91": "W"}, {"91": "W"}, {"91": "W"}, {"91": "W"}, {"91": "W"}, {"91": "W"}, {"91": "W"}, {"91": "W"}, {"91": "S"}, {"91": "W"}, {"91": "W"}, {"91": "W"}, {"91": "W"}, {"91": "W"}, {"91": "S"}, {"91": "W"}, {"91": "S"}, {"91": "S"}, {"91": "S"}, {"91": "W"}, {"91": "W"}, {"91": "W"}, {"91": "W"}, {"91": "W"}, {"91": "W"}, {"91": "W"}, {"91": "W"}, {"91": "W"}, {"91": "S"}, {"91": "W"}, {"91": "W"}, {"91": "W"}, {"91": "W"}, {"91": "W"}, {"91": "N"}, {"90": "W"}, {"90": "S"}, {"90": "S"}, {"90": "S"}, {"90": "S"}, {"90": "S"}, {"90": "E"}, {"90": "S"}, {"90": "E"}, {"90": "E"}, {"90": "E"}, {"90": "E"}, {"90": "E"}, {"90": "E"}, {"90": "S"}, {"90": "S"}, {"90": "S"}, {"90": "S"}, {"90": "S"}, {"90": "S"}, {"90": "S"}, {"90": "S"}, {"90": "S"}, {"90": "S"}, {"90": "E"}, {"90": "S"}, {"90": "S"}, {"90": "S"}, {"90": "S"}, {"90": "S"}, {"90": "S"}, {"90": "E"}, {"90": "S"}, {"90": "S"}, {"90": "E"}, {"90": "S"}, {"90": "S"}, {"90": "S"}, {"90": "S"}, {"90": "E"}, {"90": "E"}, {"90": "E"}, {"84": "E"}, {"84": "N"}, {"84": "N"}, {"84": "N"}, {"84": "N"}, {"84": "N"}, {"84": "N"}, {"84": "N"}, {"84": "N"}, {"84": "N"}, {"84": "N"}, {"84": "N"}, {"84": "N"}, {"84": "N"}, {"84": "N"}, {"84": "N"}, {"84": "N"}, {"84": "N"}, {"84": "E"}, {"84": "E"}, {"84": "E"}, {"84": "E"}, {"84": "E"}, {"84": "N"}, {"84": "E"}, {"84": "N"}, {"84": "N"}, {"84": "E"}, {"84": "E"}, {"84": "E"}, {"73": "E"}, {"73": "S"}, {"73": "S"}, {"73": "S"}, {"73": "S"}, {"73": "E"}, {"73": "S"}, {"73": "E"}, {"73": "E"}, {"73": "E"}, {"73": "E"}, {"73": "E"}, {"73": "E"}, {"73": "S"}, {"73": "S"}, {"73": "S"}, {"73": "S"}, {"73": "S"}, {"73": "S"}, {"73": "S"}, {"73": "S"}, {"73": "S"}, {"73": "S"}, {"73": "E"}, {"73": "S"}, {"73": "S"}, {"73": "S"}, {"73": "S"}, {"73": "S"}, {"73": "E"}, {"73": "E"}, {"72": "N"}, {"72": "E"}, {"72": "E"}, {"72": "N"}, {"72": "N"}, {"72": "N"}, {"72": "N"}, {"72": "N"}, {"72": "N"}, {"72": "N"}, {"72": "N"}, {"72": "E"}, {"72": "E"}, {"72": "E"}, {"72": "E"}, {"72": "E"}, {"72": "N"}, {"72": "E"}, {"72": "E"}, {"72": "E"}, {"72": "E"}, {"72": "E"}, {"72": "N"}, {"72": "E"}, {"72": "E"}, {"72": "N"}, {"72": "E"}, {"72": "E"}, {"72": "E"}, {"72": "E"}, {"72": "N"}, {"72": "E"}, {"72": "N"}, {"72": "E"}, {"72": "N"}, {"72": "N"}, {"72": "N"}, {"59": "N"}, {"59": "N"}, {"59": "E"}, {"59": "E"}, {"59": "E"}, {"59": "N"}, {"59": "N"}, {"59": "N"}, {"59": "N"}, {"59": "N"}, {"59": "E"}, {"59": "E"}, {"59": "E"}, {"59": "E"}, {"59": "E"}, {"59": "N"}, {"59": "E"}, {"59": "E"}, {"59": "E"}, {"59": "E"}, {"59": "E"}, {"59": "N"}, {"59": "E"}, {"59": "E"}, {"59": "N"}, {"59": "E"}, {"59": "E"}, {"59": "E"}, {"59": "E"}, {"59": "N"}, {"59": "E"}, {"59": "E"}, {"59": "E"}, {"59": "E"}, {"59": "E"}, {"59": "E"}, {"59": "E"}, {"59": "N"}, {"59": "N"}, {"59": "E"}, {"59": "N"}, {"59": "E"}, {"39": "N"}, {"39": "N"}, {"39": "N"}, {"39": "N"}, {"39": "E"}, {"39": "E"}, {"39": "E"}, {"39": "N"}, {"39": "N"}, {"39": "N"}, {"39": "E"}, {"39": "E"}, {"39": "N"}, {"39": "E"}, {"39": "E"}, {"39": "E"}, {"39": "E"}, {"39": "E"}, {"39": "E"}, {"39": "E"}, {"39": "E"}, {"39": "E"}, {"39": "E"}, {"39": "E"}, {"39": "E"}, {"39": "E"}, {"39": "E"}, {"39": "E"}, {"39": "S"}, {"39": "E"}, {"39": "E"}, {"39": "E"}, {"39": "E"}, {"39": "E"}, {"39": "N"}, {"39": "E"}, {"39": "E"}, {"39": "E"}, {"39": "E"}, {"39": "E"}, {"39": "E"}, {"39": "E"}, {"33": "W"}, {"33": "W"}, {"33": "N"}, {"33": "N"}, {"33": "W"}, {"33": "N"}, {"33": "W"}, {"33": "N"}, {"33": "N"}, {"33": "N"}, {"33": "N"}, {"33": "N"}, {"33": "W"}, {"33": "N"}, {"33": "N"}, {"33": "E"}, {"33": "N"}, {"33": "N"}, {"33": "N"}, {"33": "W"}, {"33": "N"}, {"33": "W"}, {"33": "N"}, {"33": "N"}, {"33": "W"}, {"33": "N"}, {"30": "N"}, {"30": "E"}, {"30": "N"}, {"30": "N"}, {"30": "N"}, {"30": "N"}, {"30": "E"}, {"30": "E"}, {"30": "E"}, {"30": "E"}, {"30": "N"}, {"30": "E"}, {"30": "N"}, {"30": "E"}, {"30": "E"}, {"30": "N"}, {"30": "E"}, {"30": "E"}, {"30": "S"}, {"30": "E"}, {"30": "E"}, {"30": "E"}, {"30": "E"}, {"30": "E"}, {"30": "E"}, {"30": "E"}, {"30": "E"}, {"30": "N"}, {"30": "E"}, {"30": "N"}, {"30": "E"}, {"30": "E"}, {"30": "E"}, {"30": "E"}, {"14": "S"}, {"14": "E"}, {"14": "E"}, {"14": "S"}, {"14": "S"}, {"14": "S"}, {"14": "S"}, {"14": "S"}, {"14": "S"}, {"14": "S"}, {"14": "E"}, {"14": "E"}, {"14": "E"}, {"14": "E"}, {"14": "S"}, {"14": "E"}, {"14": "E"}, {"14": "S"}, {"14": "S"}, {"14": "E"}, {"14": "S"}, {"9": "N"}, {"9": "W"}, {"9": "W"}, {"9": "W"}, {"9": "W"}, {"9": "W"}, {"9": "W"}, {"9": "W"}, {"9": "W"}, {"9": "W"}, {"9": "W"}, {"9": "W"}, {"9": "W"}, {"9": "W"}, {"9": "N"}, {"9": "N"}, {"9": "N"}, {"9": "N"}, {"9": "W"}, {"9": "N"}, {"9": "W"}, {"9": "W"}, {"9": "N"}, {"9": "N"}, {"9": "N"}, {"9": "N"}, {"9": "W"}, {"9": "W"}, {"9": "W"}, {"9": "N"}, {"9": "N"}, {"9": "N"}, {"9": "W"}, {"9": "W"}, {"9": "N"}, {"9": "N"}, {"9": "W"}, {"9": "W"}, {"9": "N"}, {"9": "N"}, {"9": "N"}, {"9": "N"}, {"9": "W"}, {"9": "N"}, {"9": "W"}, {"9": "N"}, {"179": "E"}, {"179": "E"}, {"179": "N"}, {"179": "N"}, {"179": "N"}, {"179": "N"}, {"179": "N"}, {"179": "N"}, {"179": "N"}, {"179": "E"}, {"179": "N"}, {"179": "N"}, {"179": "N"}, {"179": "N"}, {"179": "E"}, {"179": "N"}, {"179": "N"}, {"179": "N"}, {"179": "N"}, {"179": "N"}, {"179": "N"}, {"170": "S"}, {"170": "S"}, {"170": "S"}, {"170": "S"}, {"170": "S"}, {"170": "S"}, {"170": "S"}, {"170": "S"}, {"170": "E"}, {"170": "E"}, {"170": "E"}, {"170": "S"}, {"170": "S"}, {"170": "S"}, {"170": "E"}, {"170": "S"}, {"170": "S"}, {"170": "S"}, {"170": "S"}, {"170": "W"}, {"170": "S"}, {"170": "S"}, {"170": "S"}, {"170": "E"}, {"164": "S"}, {"164": "W"}, {"164": "W"}, {"164": "W"}, {"164": "W"}, {"164": "W"}, {"164": "W"}, {"164": "S"}, {"164": "S"}, {"164": "S"}, {"164": "W"}, {"164": "S"}, {"164": "S"}, {"164": "S"}, {"164": "S"}, {"164": "W"}, {"164": "S"}, {"164": "W"}, {"164": "W"}, {"164": "S"}, {"164": "S"}, {"164": "W"}, {"164": "S"}, {"164": "S"}, {"164": "S"}, {"164": "S"}, {"164": "S"}, {"164": "S"}, {"160": "N"}, {"160": "N"}, {"160": "W"}, {"160": "W"}, {"160": "W"}, {"160": "W"}, {"160": "N"}, {"160": "N"}, {"160": "W"}, {"160": "W"}, {"160": "W"}, {"160": "W"}, {"160": "W"}, {"160": "W"}, {"160": "W"}, {"160": "W"}, {"160": "N"}, {"160": "N"}, {"160": "N"}, {"160": "W"}, {"160": "N"}, {"160": "W"}, {"160": "W"}, {"160": "W"}, {"160": "W"}, {"160": "W"}, {"160": "W"}, {"160": "N"}, {"160": "W"}, {"160": "W"}, {"160": "W"}, {"160": "W"}, {"160": "W"}, {"160": "W"}, {"160": "N"}, {"156": "W"}, {"156": "S"}, {"156": "S"}, {"156": "S"}, {"156": "S"}, {"156": "S"}, {"156": "S"}, {"156": "E"}, {"156": "E"}, {"156": "E"}, {"156": "E"}, {"156": "S"}, {"156": "S"}, {"156": "S"}, {"156": "S"}, {"156": "S"}, {"156": "S"}, {"156": "S"}, {"156": "S"}, {"156": "S"}, {"156": "S"}, {"156": "E"}, {"156": "S"}, {"156": "S"}, {"156": "S"}, {"156": "S"}, {"156": "E"}, {"156": "E"}, {"156": "E"}, {"156": "S"}, {"156": "S"}, {"156": "S"}, {"156": "S"}, {"156": "S"}, {"156": "E"}, {"156": "S"}, {"156": "E"}, {"156": "E"}, {"156": "E"}, {"156": "E"}, {"156": "S"}, {"156": "E"}, {"151": "E"}, {"151": "E"}, {"151": "S"}, {"151": "S"}, {"151": "S"}, {"151": "S"}, {"151": "S"}, {"151": "S"}, {"151": "S"}, {"151": "E"}, {"151": "E"}, {"151": "E"}, {"151": "E"}, {"151": "S"}, {"151": "S"}, {"151": "S"}, {"151": "S"}, {"151": "S"}, {"151": "S"}, {"151": "S"}, {"151": "S"}, {"151": "S"}, {"151": "S"}, {"151": "E"}, {"151": "S"}, {"151": "E"}, {"151": "E"}, {"151": "E"}, {"151": "E"}, {"151": "E"}, {"151": "E"}, {"151": "S"}, {"151": "S"}, {"151": "E"}, {"140": "N"}, {"140": "E"}, {"140": "E"}, {"140": "N"}, {"140": "N"}, {"140": "N"}, {"140": "N"}, {"140": "N"}, {"140": "N"}, {"140": "N"}, {"140": "N"}, {"140": "N"}, {"140": "N"}, {"140": "E"}, {"140": "E"}, {"140": "E"}, {"140": "E"}, {"140": "E"}, {"140": "E"}, {"138": "E"}, {"138": "N"}, {"138": "N"}, {"138": "N"}, {"138": "N"}, {"138": "N"}, {"138": "N"}, {"138": "N"}, {"138": "E"}, {"136": "E"}, {"136": "S"}, {"136": "S"}, {"136": "S"}, {"136": "S"}, {"136": "S"}, {"136": "E"}, {"136": "S"}, {"136": "E"}, {"136": "E"}, {"136": "E"}, {"136": "E"}, {"136": "E"}, {"136": "E"}, {"136": "S"}, {"136": "S"}, {"136": "S"}, {"136": "S"}, {"136": "S"}, {"136": "S"}, {"136": "S"}, {"136": "S"}, {"136": "S"}, {"136": "S"}, {"136": "E"}, {"136": "S"}, {"136": "S"}, {"136": "S"}, {"136": "S"}, {"136": "E"}, {"136": "E"}, {"136": "E"}, {"136": "S"}, {"136": "S"}, {"136": "S"}, {"136": "S"}, {"136": "S"}, {"136": "E"}, {"136": "S"}, {"136": "S"}, {"136": "S"}, {"136": "S"}, {"136": "E"}, {"136": "E"}, {"136": "N"}, {"120": "N"}, {"120": "N"}, {"120": "N"}, {"120": "E"}, {"120": "E"}, {"120": "E"}, {"120": "E"}, {"120": "N"}, {"120": "N"}, {"120": "N"}, {"120": "N"}, {"120": "N"}, {"120": "N"}, {"120": "N"}, {"120": "N"}, {"120": "E"}, {"120": "E"}, {"120": "E"}, {"120": "E"}, {"120": "E"}, {"120": "E"}, {"120": "N"}, {"120": "N"}, {"120": "E"}, {"120": "E"}, {"120": "N"}, {"120": "E"}, {"120": "E"}, {"120": "N"}, {"120": "E"}, {"120": "E"}, {"120": "E"}, {"120": "E"}, {"120": "E"}, {"120": "E"}, {"120": "E"}, {"120": "E"}, {"120": "E"}, {"120": "E"}, {"120": "N"}, {"120": "E"}, {"120": "N"}, {"120": "E"}, {"106": "N"}, {"106": "N"}, {"106": "W"}, {"106": "W"}, {"106": "W"}, {"106": "W"}, {"106": "W"}, {"106": "W"}, {"106": "W"}, {"106": "W"}, {"106": "W"}, {"106": "W"}, {"106": "W"}, {"106": "W"}, {"106": "W"}, {"89": "S"}, {"89": "S"}, {"89": "W"}, {"89": "S"}, {"89": "S"}, {"89": "S"}, {"89": "S"}, {"89": "S"}, {"89": "S"}, {"89": "S"}, {"89": "E"}, {"81": "W"}, {"81": "W"}, {"81": "W"}, {"81": "W"}, {"81": "W"}, {"81": "W"}, {"81": "W"}, {"81": "W"}, {"81": "W"}, {"81": "W"}, {"81": "W"}, {"81": "W"}, {"81": "N"}, {"81": "N"}, {"81": "W"}, {"81": "W"}, {"81": "W"}, {"81": "W"}, {"81": "W"}, {"81": "W"}, {"81": "S"}, {"81": "W"}, {"81": "S"}, {"81": "W"}, {"81": "W"}, {"81": "W"}, {"81": "W"}, {"81": "W"}, {"81": "S"}, {"81": "W"}, {"81": "S"}, {"81": "W"}, {"81": "S"}, {"81": "W"}, {"81": "W"}, {"81": "W"}, {"81": "W"}, {"81": "S"}, {"81": "S"}, {"81": "W"}, {"79": "E"}, {"79": "E"}, {"79": "N"}, {"79": "N"}, {"79": "N"}, {"79": "N"}, {"79": "N"}, {"79": "N"}, {"79": "N"}, {"79": "N"}, {"79": "N"}, {"79": "N"}, {"79": "N"}, {"79": "E"}, {"79": "N"}, {"79": "N"}, {"79": "E"}, {"79": "E"}, {"79": "N"}, {"79": "N"}, {"79": "E"}, {"79": "N"}, {"79": "N"}, {"79": "N"}, {"79": "N"}, {"79": "N"}, {"79": "N"}, {"79": "E"}, {"79": "N"}, {"79": "N"}, {"79": "E"}, {"79": "E"}, {"79": "N"}, {"79": "N"}, {"79": "E"}, {"66": "W"}, {"66": "S"}, {"66": "W"}, {"66": "S"}, {"66": "S"}, {"66": "S"}, {"66": "S"}, {"66": "S"}, {"66": "S"}, {"66": "S"}, {"66": "S"}, {"64": "S"}, {"64": "W"}, {"64": "W"}, {"64": "W"}, {"64": "W"}, {"64": "W"}, {"64": "W"}, {"64": "W"}, {"64": "W"}, {"64": "W"}, {"64": "W"}, {"64": "W"}, {"64": "W"}, {"64": "S"}, {"64": "W"}, {"64": "S"}, {"64": "W"}, {"64": "S"}, {"64": "W"}, {"64": "S"}, {"64": "S"}, {"64": "S"}, {"64": "S"}, {"64": "S"}, {"64": "S"}, {"64": "S"}, {"64": "W"}, {"64": "S"}, {"64": "S"}, {"64": "E"}, {"61": "S"}, {"61": "E"}, {"61": "E"}, {"61": "E"}, {"61": "N"}, {"61": "N"}, {"61": "N"}, {"61": "N"}, {"61": "E"}, {"61": "E"}, {"61": "E"}, {"61": "E"}, {"61": "N"}, {"61": "N"}, {"61": "E"}, {"61": "E"}, {"61": "E"}, {"61": "S"}, {"61": "S"}, {"56": "S"}, {"56": "W"}, {"56": "W"}, {"56": "W"}, {"56": "W"}, {"56": "W"}, {"56": "S"}, {"56": "S"}, {"56": "S"}, {"56": "W"}, {"56": "S"}, {"56": "W"}, {"56": "S"}, {"56": "W"}, {"56": "W"}, {"49": "S"}, {"49": "S"}, {"49": "S"}, {"49": "S"}, {"49": "S"}, {"49": "E"}, {"49": "E"}, {"49": "E"}, {"49": "E"}, {"49": "S"}, {"49": "S"}, {"49": "S"}, {"49": "S"}, {"49": "E"}, {"46": "E"}, {"46": "S"}, {"46": "E"}, {"46": "E"}, {"46": "E"}, {"46": "E"}, {"46": "S"}, {"46": "E"}, {"46": "E"}, {"46": "S"}, {"46": "E"}, {"46": "E"}, {"46": "E"}, {"46": "S"}, {"46": "E"}, {"46": "E"}, {"46": "E"}, {"46": "E"}, {"46": "E"}, {"46": "E"}, {"46": "E"}, {"46": "S"}, {"46": "E"}, {"46": "E"}, {"46": "S"}, {"46": "S"}, {"46": "S"}, {"46": "E"}, {"46": "E"}, {"46": "S"}, {"46": "E"}, {"46": "E"}, {"46": "E"}, {"46": "S"}, {"46": "E"}, {"46": "S"}, {"46": "E"}, {"46": "E"}, {"37": "W"}, {"37": "N"}, {"37": "N"}, {"37": "N"}, {"37": "N"}, {"37": "N"}, {"37": "W"}, {"37": "W"}, {"37": "W"}, {"37": "W"}, {"37": "W"}, {"37": "W"}, {"37": "W"}, {"37": "W"}, {"37": "W"}, {"37": "W"}, {"37": "N"}, {"37": "N"}, {"37": "N"}, {"37": "N"}, {"37": "W"}, {"37": "N"}, {"37": "N"}, {"37": "N"}, {"37": "N"}, {"37": "N"}, {"37": "N"}, {"37": "N"}, {"37": "W"}, {"37": "W"}, {"37": "N"}, {"37": "N"}, {"31": "E"}, {"31": "N"}, {"31": "E"}, {"31": "E"}, {"31": "N"}, {"31": "E"}, {"31": "E"}, {"31": "E"}, {"31": "E"}, {"31": "E"}, {"31": "E"}, {"31": "N"}, {"31": "N"}, {"31": "E"}, {"31": "E"}, {"31": "E"}, {"31": "E"}, {"31": "N"}, {"31": "E"}, {"31": "E"}, {"31": "E"}, {"31": "E"}, {"31": "S"}, {"31": "S"}, {"31": "E"}, {"31": "S"}, {"31": "E"}, {"31": "E"}, {"31": "E"}, {"31": "E"}, {"31": "E"}, {"28": "S"}, {"28": "E"}, {"28": "E"}, {"28": "E"}, {"28": "E"}, {"28": "S"}, {"28": "S"}, {"28": "S"}, {"28": "S"}, {"28": "S"}, {"28": "S"}, {"28": "S"}, {"28": "E"}, {"28": "E"}, {"28": "E"}, {"28": "S"}, {"28": "E"}, {"28": "E"}, {"28": "S"}, {"28": "E"}, {"28": "E"}, {"28": "E"}, {"28": "E"}, {"28": "E"}, {"28": "E"}, {"28": "S"}, {"28": "E"}, {"28": "E"}, {"28": "N"}, {"28": "E"}, {"28": "E"}, {"28": "E"}, {"6": "N"}, {"6": "E"}, {"6": "N"}, {"6": "N"}, {"6": "N"}, {"6": "N"}, {"6": "N"}, {"6": "N"}, {"6": "N"}, {"6": "N"}, {"6": "N"}, {"6": "N"}, {"6": "E"}, {"6": "E"}, {"6": "E"}, {"6": "N"}, {"6": "E"}, {"6": "E"}, {"6": "E"}, {"6": "E"}, {"4": "N"}, {"4": "E"}, {"4": "E"}, {"4": "E"}, {"4": "E"}, {"4": "E"}, {"4": "E"}, {"4": "E"}, {"4": "E"}, {"4": "E"}, {"4": "E"}, {"4": "E"}, {"4": "E"}, {"4": "E"}, {"4": "E"}, {"4": "E"}, {"4": "S"}, {"4": "E"}, {"4": "E"}, {"4": "E"}, {"4": "E"}, {"4": "S"}, {"4": "E"}, {"4": "E"}, {"4": "E"}, {"4": "E"}, {"4": "E"}, {"4": "E"}, {"4": "E"}, {"4": "E"}, {"4": "N"}, {"4": "E"}, {"4": "N"}], "result": "SUCCESS", "makespan": 5287, "sum": 6808, "algo_name": "OutAndInByPercentage_sea_level_"}