{"instance": "medium_free_000_30x30_20_180", "steps": [{"31": "W", "89": "N", "106": "E", "136": "N", "138": "S", "151": "N", "160": "E", "164": "E", "9": "S", "90": "N", "20": "E", "173": "E", "174": "N", "178": "S", "45": "W", "126": "W", "152": "S", "12": "S", "69": "E", "13": "E", "65": "S", "101": "E", "150": "N", "53": "N", "108": "N", "143": "W", "144": "N", "2": "S", "24": "W", "26": "N", "62": "W", "63": "N", "95": "N", "157": "W", "162": "S", "163": "W", "145": "S", "83": "E", "5": "N", "93": "W", "119": "E", "177": "E", "50": "S", "54": "S", "67": "W", "131": "N", "153": "E", "52": "N"}, {"31": "W", "89": "N", "106": "E", "136": "N", "138": "S", "151": "N", "160": "E", "164": "E", "9": "S", "90": "N", "20": "E", "173": "E", "174": "N", "178": "S", "126": "W", "152": "S", "12": "S", "69": "E", "13": "E", "65": "S", "101": "E", "150": "N", "53": "N", "108": "N", "143": "W", "2": "S", "24": "W", "26": "N", "95": "N", "162": "S", "145": "S", "83": "E", "5": "N", "93": "W", "119": "E", "177": "E", "50": "S", "131": "N", "153": "E", "52": "N"}, {"89": "W", "136": "W", "138": "E", "151": "N", "160": "N", "9": "S", "90": "N", "20": "E", "173": "E", "174": "N", "178": "S", "126": "W", "152": "S", "12": "S", "69": "E", "13": "E", "65": "S", "101": "E", "150": "N", "53": "N", "108": "N", "143": "W", "2": "S", "24": "W", "26": "N", "95": "N", "162": "S", "145": "S", "83": "E", "5": "N", "93": "W", "119": "E", "177": "E", "50": "S", "131": "N", "153": "E"}, {"20": "E", "173": "E", "174": "N", "178": "S", "126": "W", "152": "S", "12": "S", "69": "E", "13": "E", "101": "E", "150": "N", "53": "N", "108": "N", "143": "W", "2": "S", "24": "W", "95": "N", "162": "S", "145": "S", "83": "E", "5": "N", "119": "E", "177": "E", "50": "S", "131": "N"}, {"126": "W", "152": "S", "12": "S", "69": "E", "13": "E", "101": "E", "150": "N", "53": "N", "108": "N", "143": "W", "2": "S", "24": "W", "95": "N", "162": "S", "145": "S", "83": "E", "5": "N", "119": "E", "177": "E", "50": "S", "131": "N"}, {"12": "S", "69": "E", "13": "E", "101": "E", "150": "N", "108": "N", "143": "W", "2": "S", "24": "W", "95": "N", "162": "S", "145": "S", "83": "E", "119": "E", "177": "E", "50": "S"}, {"69": "E", "13": "E", "101": "E", "150": "N", "108": "N", "143": "W", "2": "S", "24": "W", "95": "N", "162": "S", "145": "S", "83": "E", "119": "E", "177": "E", "50": "S"}, {"106": "E", "69": "E", "13": "E", "101": "E", "150": "N", "108": "N", "143": "W", "24": "W", "95": "N", "162": "S", "145": "S", "83": "E", "119": "E", "177": "E", "50": "S"}, {"108": "N", "143": "W", "24": "W", "95": "N", "162": "S", "145": "S", "83": "E", "177": "E", "50": "S"}, {"108": "E", "24": "W", "95": "N", "162": "S", "145": "S", "83": "E", "177": "E", "50": "S"}, {"95": "E", "145": "S", "83": "E", "177": "E"}, {"106": "N", "177": "E"}, {"13": "E", "83": "E", "177": "E"}, {"177": "S"}, {"118": "W", "19": "S", "156": "S", "21": "S", "127": "S", "1": "S", "134": "W", "87": "W", "51": "S", "117": "W", "17": "E", "103": "W", "148": "E", "46": "S", "84": "E", "32": "N", "47": "S", "22": "S", "58": "S", "35": "W", "29": "N", "96": "E", "98": "N", "170": "S", "66": "S", "55": "W", "6": "N", "161": "W", "64": "W", "165": "W", "158": "W", "115": "S", "8": "N", "0": "N", "86": "N", "40": "S", "129": "N", "42": "W", "71": "W", "91": "W", "16": "N", "125": "E", "122": "W", "124": "N", "43": "N", "30": "N", "79": "E", "57": "S", "92": "W", "110": "E", "10": "E", "179": "N", "105": "N", "23": "W", "142": "W", "77": "S", "109": "W", "68": "N", "74": "N", "132": "S", "94": "E", "75": "N", "135": "E", "104": "N", "85": "W", "137": "S", "18": "E", "80": "N", "27": "W", "82": "S", "141": "N", "61": "E", "76": "W", "130": "N", "88": "W", "128": "S", "48": "W", "175": "N", "147": "S", "140": "N", "15": "S", "168": "W", "70": "N", "120": "N", "146": "S", "4": "E", "111": "N", "123": "W", "11": "W", "99": "N", "169": "N", "139": "N", "37": "W", "78": "W", "107": "S", "28": "E", "38": "N", "159": "W", "102": "S", "59": "N", "121": "W", "73": "E", "172": "W", "171": "S", "36": "W", "81": "W", "149": "W", "33": "W", "44": "N", "116": "E", "72": "N", "7": "W", "176": "N", "155": "W", "56": "W", "166": "N", "167": "W", "112": "S"}, {"25": "E", "34": "E", "3": "W", "65": "S", "113": "E", "53": "N", "144": "N", "2": "S", "26": "N", "63": "N", "163": "W", "5": "N", "119": "E", "50": "S", "54": "S", "67": "W", "131": "N", "153": "E", "52": "N"}, {"25": "E", "3": "W", "65": "S", "53": "N", "2": "S", "163": "W", "119": "E", "50": "S", "54": "S", "67": "W", "153": "E"}, {"2": "S", "25": "E", "3": "W", "65": "S", "53": "N", "163": "W", "119": "E", "50": "S", "54": "S", "67": "W", "153": "E"}, {"136": "N", "53": "N", "50": "S", "25": "E", "3": "W", "65": "S", "163": "W", "119": "E", "54": "S", "67": "W", "153": "E"}, {"50": "W", "65": "S", "119": "E", "25": "E", "54": "S", "67": "W"}, {"119": "S", "25": "E", "54": "S"}, {"25": "E", "54": "S"}, {"25": "N", "54": "S"}, {"54": "S"}, {"54": "S"}, {"54": "S"}, {"54": "S"}, {"2": "S", "54": "S"}, {"79": "N", "84": "N", "125": "N", "87": "W", "124": "N", "23": "W", "11": "W", "140": "N", "18": "E", "141": "N", "4": "E", "130": "S", "114": "W", "61": "N", "110": "S", "109": "W", "47": "W", "127": "W", "142": "N", "112": "W", "72": "W", "107": "S", "147": "W", "105": "N", "76": "N", "58": "W", "59": "N", "7": "W", "75": "S", "139": "N", "167": "W", "165": "W", "117": "W", "99": "E", "120": "E", "71": "W", "122": "N", "175": "N", "40": "S", "172": "W", "22": "W", "70": "W", "10": "E", "14": "W", "48": "W", "129": "E", "49": "S", "102": "W", "103": "W", "166": "N", "77": "S", "8": "W", "135": "N", "85": "W", "115": "S", "19": "E", "43": "E", "156": "S", "96": "S", "111": "W", "100": "S", "51": "S", "170": "S", "44": "N", "21": "S", "42": "W", "66": "W", "88": "S", "171": "S", "78": "W", "16": "N", "155": "W", "91": "W", "64": "W", "146": "N", "73": "S", "30": "N", "132": "E", "92": "S", "98": "N", "55": "E", "82": "S", "104": "N", "168": "W", "123": "W", "149": "W", "0": "N", "46": "E", "158": "W", "118": "W", "41": "S", "169": "W", "29": "N", "94": "E", "137": "S", "159": "W", "74": "W", "116": "E", "6": "E", "81": "W", "38": "N", "128": "E", "179": "N", "80": "N", "33": "W", "36": "S", "56": "W", "57": "S", "68": "N", "86": "N", "134": "S", "15": "S", "121": "W"}, {"154": "W", "45": "W", "34": "E", "113": "E", "144": "N", "26": "N", "62": "W", "63": "N", "157": "W", "5": "N", "93": "W", "67": "W", "131": "N", "153": "E", "52": "N"}, {"34": "E", "113": "E", "26": "N", "62": "W", "5": "N", "93": "W", "67": "W", "131": "N"}, {"34": "E", "113": "E", "26": "N", "62": "W", "5": "N", "93": "W", "67": "W", "131": "N"}, {"34": "E", "113": "E", "26": "N", "62": "W", "5": "N", "93": "W", "67": "W", "131": "N"}, {"34": "E", "113": "E", "26": "N", "62": "W", "5": "N", "93": "W", "67": "W", "131": "N"}, {"25": "E", "34": "E", "26": "N", "113": "E", "5": "N", "67": "W", "131": "N"}, {"25": "N", "26": "N", "5": "N", "67": "W", "131": "N"}, {"34": "E", "26": "N", "113": "E", "5": "N", "67": "W", "131": "N"}, {"14": "S", "100": "E", "146": "E", "46": "E", "120": "N", "70": "N", "175": "N", "137": "S", "51": "W", "78": "W", "115": "S", "124": "N", "19": "S", "132": "E", "75": "N", "17": "E", "6": "E", "91": "W", "10": "S", "0": "N", "74": "W", "117": "W", "92": "W", "35": "W", "4": "E", "98": "N", "88": "S", "141": "N", "161": "W", "104": "N", "179": "N", "96": "S", "37": "W", "39": "E", "11": "N", "140": "N", "47": "W", "42": "W", "61": "S", "41": "N", "114": "W", "38": "N", "155": "S", "109": "W", "102": "S", "49": "S", "33": "W", "73": "S", "94": "E", "103": "W", "166": "W", "130": "E", "40": "S", "172": "W", "133": "W", "18": "N", "23": "W", "169": "W", "56": "W", "68": "N", "15": "S", "111": "W", "149": "W", "123": "S", "112": "N", "55": "E", "168": "W", "32": "N", "147": "W", "135": "N", "122": "E", "170": "S", "84": "N", "158": "W", "36": "W", "8": "W", "118": "W", "87": "S", "66": "W", "159": "W", "30": "N", "57": "S", "171": "S", "125": "N", "72": "N", "16": "N", "86": "N", "176": "W", "80": "E", "77": "S", "148": "N", "97": "W", "28": "N", "29": "E", "167": "W", "48": "W", "43": "E", "64": "S", "76": "N", "107": "S", "79": "N", "99": "E", "110": "S", "129": "S", "85": "W", "165": "W", "121": "W", "22": "S", "21": "S", "44": "N", "134": "W", "116": "N", "82": "E", "139": "E", "58": "W", "27": "W", "71": "W", "7": "W", "81": "W", "127": "W", "1": "E"}, {"154": "W", "45": "W", "3": "W", "144": "N", "60": "S", "62": "W", "63": "N", "157": "W", "163": "W", "93": "W", "153": "E", "52": "N"}, {"154": "W", "45": "W", "3": "W", "60": "S", "62": "W", "163": "W", "93": "W", "153": "E"}, {"154": "W", "45": "W", "3": "W", "62": "W", "163": "W", "93": "W", "153": "E"}, {"3": "W", "62": "W", "163": "W", "93": "W", "153": "E"}, {"3": "W", "62": "W", "163": "W", "93": "W", "153": "E"}, {"119": "E", "3": "N", "153": "E"}, {"163": "W"}, {"163": "W"}, {"163": "S"}, {"110": "S", "166": "E", "116": "N", "44": "N", "36": "W", "81": "W", "115": "S", "117": "N", "23": "W", "39": "E", "128": "S", "139": "N", "149": "E", "97": "W", "58": "N", "142": "W", "170": "E", "111": "W", "137": "S", "80": "N", "49": "W", "133": "N", "59": "E", "92": "W", "114": "S", "7": "W", "86": "N", "1": "E", "30": "N", "84": "N", "66": "S", "61": "E", "161": "W", "107": "S", "48": "W", "68": "N", "102": "W", "135": "N", "120": "N", "11": "W", "4": "S", "27": "W", "78": "W", "8": "N", "155": "E", "33": "W", "51": "S", "21": "S", "64": "W", "22": "S", "99": "S", "159": "S", "42": "S", "94": "E", "6": "N", "130": "E", "156": "E", "125": "N", "132": "E", "55": "N", "112": "N", "103": "W", "98": "W", "71": "W", "17": "N", "41": "N", "124": "N", "16": "N", "146": "S", "105": "N", "140": "N", "47": "W", "79": "E", "148": "N", "46": "S", "70": "W", "169": "W", "165": "W", "37": "W", "168": "W", "100": "S", "19": "S", "75": "N", "57": "S", "171": "S", "43": "N", "147": "W", "77": "E", "127": "S", "15": "S", "96": "S", "158": "W", "167": "W", "10": "W", "38": "N", "175": "N", "118": "W", "109": "W", "129": "E", "123": "W", "141": "N", "32": "N", "179": "N", "85": "W", "104": "E", "122": "N", "121": "W", "172": "W", "28": "S", "29": "N", "88": "W", "18": "E", "91": "W", "74": "N", "14": "S", "73": "S", "87": "S", "56": "W"}, {"144": "N", "60": "S", "63": "N", "157": "W", "52": "N"}, {"60": "S", "157": "W"}, {"157": "W"}, {"157": "W"}, {"157": "W"}, {"157": "W"}, {"157": "W"}, {"157": "S"}, {"7": "W", "128": "S", "38": "N", "166": "N", "29": "E", "137": "E", "84": "N", "43": "N", "64": "W", "133": "N", "99": "S", "66": "E", "73": "S", "91": "W", "141": "N", "116": "N", "132": "E", "156": "S", "4": "N", "96": "E", "42": "W", "71": "N", "28": "S", "134": "W", "74": "W", "130": "N", "61": "N", "159": "S", "118": "W", "123": "W", "176": "N", "47": "W", "115": "S", "135": "N", "109": "W", "104": "E", "129": "E", "88": "W", "148": "N", "85": "W", "140": "N", "98": "N", "117": "W", "158": "W", "77": "S", "51": "S", "97": "W", "142": "W", "46": "S", "110": "S", "33": "W", "58": "E", "44": "N", "86": "E", "75": "E", "82": "E", "70": "W", "139": "E", "170": "S", "172": "W", "100": "E", "167": "W", "125": "N", "161": "W", "111": "W", "80": "N", "81": "W", "21": "E", "169": "W", "1": "N", "57": "S", "14": "S", "49": "S", "35": "W", "39": "S", "10": "S", "18": "E", "19": "S", "17": "E", "48": "W", "56": "W", "149": "W", "147": "W", "11": "N", "68": "N", "121": "N", "32": "N", "122": "N", "165": "W", "15": "S", "79": "E", "94": "E", "171": "S", "120": "N", "55": "N", "102": "W", "175": "N", "103": "W", "6": "N", "37": "W", "72": "N", "22": "S", "41": "E", "78": "W", "155": "W", "92": "W", "16": "N", "36": "W", "30": "N", "27": "S", "168": "W", "179": "N", "127": "W"}, {"144": "N", "60": "S", "63": "N", "52": "N"}, {"144": "N", "63": "N"}, {"144": "N", "63": "N"}, {"144": "N", "63": "N"}, {"144": "N", "63": "N"}, {"80": "N", "116": "N", "11": "N", "55": "N", "147": "S", "98": "W", "166": "N", "125": "E", "155": "N", "133": "N", "120": "E", "49": "S", "165": "W", "132": "S", "33": "W", "122": "W", "169": "W", "117": "N", "6": "E", "1": "E", "100": "E", "156": "S", "94": "E", "66": "S", "137": "E", "135": "N", "92": "W", "134": "W", "139": "E", "121": "W", "102": "S", "175": "N", "17": "N", "40": "S", "42": "W", "142": "W", "72": "N", "88": "S", "38": "E", "43": "N", "27": "S", "64": "W", "140": "N", "123": "W", "58": "W", "129": "N", "81": "W", "127": "W", "111": "W", "171": "S", "16": "N", "168": "W", "149": "N", "103": "S", "21": "S", "46": "S", "75": "N", "48": "W", "29": "N", "148": "N", "78": "W", "84": "N", "172": "W", "30": "E", "36": "W", "86": "E", "176": "N", "71": "W", "91": "W", "56": "W", "141": "E", "110": "S", "4": "E", "61": "N", "128": "E", "68": "S", "15": "S", "37": "W", "87": "S", "170": "S", "85": "W", "79": "E", "82": "S", "22": "W", "146": "S", "97": "W", "41": "N", "0": "N", "76": "E", "130": "E", "14": "S", "51": "W", "8": "W", "99": "N", "28": "S", "105": "N", "73": "S", "167": "E", "107": "E", "158": "W", "57": "S", "44": "N", "47": "W", "19": "S", "112": "N", "70": "W", "35": "W", "114": "W", "7": "W", "77": "S", "32": "E", "59": "N", "115": "E", "161": "W", "74": "W"}, {"154": "W", "60": "S", "52": "N"}, {"60": "S"}, {"60": "S"}, {"60": "S"}, {"138": "S", "60": "S"}, {"92": "W", "161": "S", "64": "W", "147": "W", "171": "S", "121": "W", "78": "W", "103": "W", "132": "S", "179": "N", "8": "W", "51": "W", "22": "W", "135": "N", "156": "S", "79": "N", "43": "E", "73": "S", "35": "N", "61": "N", "81": "W", "80": "N", "55": "N", "87": "S", "85": "W", "111": "S", "91": "W", "39": "E", "107": "E", "17": "N", "112": "W", "168": "W", "46": "S", "57": "S", "72": "N", "44": "N", "16": "E", "59": "N", "146": "S", "21": "E", "172": "W", "4": "E", "139": "N", "122": "W", "116": "N", "75": "N", "36": "W", "120": "N", "169": "W", "124": "E", "102": "W", "1": "E", "19": "S", "118": "S", "74": "W", "88": "S", "0": "N", "97": "W", "68": "N", "176": "N", "96": "S", "77": "S", "70": "W", "86": "E", "30": "E", "32": "E", "134": "S", "49": "S", "130": "N", "100": "E", "29": "N", "128": "S", "82": "S", "166": "N", "41": "S", "23": "N", "11": "N", "158": "W", "167": "S", "33": "W", "149": "N", "175": "N", "140": "N", "133": "N", "28": "S", "56": "W", "47": "W", "127": "W", "165": "S", "66": "S", "148": "N", "142": "E", "123": "W", "37": "W", "6": "N", "155": "W", "109": "S", "18": "E", "125": "W", "71": "N", "38": "E", "141": "N", "14": "S", "15": "E", "58": "W", "99": "N", "76": "N", "170": "S", "117": "W", "105": "N", "114": "S", "7": "W", "42": "W", "48": "W", "115": "S"}, {"52": "N"}, {"124": "N", "118": "W", "172": "W", "128": "S", "86": "E", "0": "E", "98": "N", "76": "W", "94": "E", "79": "E", "107": "E", "105": "N", "6": "N", "37": "W", "135": "E", "109": "S", "49": "S", "170": "S", "139": "N", "38": "E", "100": "S", "51": "S", "167": "S", "61": "S", "168": "W", "4": "E", "84": "N", "132": "S", "46": "S", "179": "N", "44": "N", "40": "S", "97": "W", "123": "W", "32": "E", "81": "W", "39": "E", "147": "W", "18": "E", "102": "W", "148": "N", "72": "N", "137": "E", "120": "N", "80": "N", "7": "N", "130": "N", "129": "E", "176": "N", "43": "N", "64": "W", "35": "N", "87": "S", "75": "E", "47": "W", "149": "N", "16": "E", "14": "S", "15": "S", "74": "N", "96": "S", "33": "W", "92": "W", "82": "E", "166": "N", "112": "W", "122": "W", "57": "S", "41": "N", "78": "N", "30": "E", "21": "E", "70": "W", "133": "N", "27": "S", "159": "S", "85": "W", "158": "W", "56": "W", "23": "N", "42": "W", "17": "N", "117": "W", "121": "W", "99": "E", "48": "W", "146": "E", "77": "S", "66": "W", "165": "W", "91": "W", "156": "S", "142": "W", "11": "N", "1": "E", "161": "W", "71": "W", "73": "S", "36": "W", "116": "E", "22": "W", "28": "S", "29": "E", "169": "S", "8": "W", "171": "S", "155": "W", "58": "W", "115": "S", "55": "E", "111": "W", "59": "E", "141": "N", "175": "N"}, {"52": "N"}, {"155": "S", "170": "S", "19": "S", "110": "S", "120": "E", "134": "S", "81": "W", "4": "E", "15": "S", "161": "S", "23": "W", "76": "N", "141": "N", "140": "E", "135": "N", "176": "W", "116": "N", "64": "W", "22": "W", "165": "W", "94": "E", "133": "N", "82": "N", "167": "W", "169": "W", "70": "N", "29": "E", "71": "N", "117": "W", "84": "N", "73": "S", "99": "E", "0": "E", "175": "N", "8": "W", "78": "W", "43": "N", "49": "S", "158": "W", "100": "E", "41": "E", "11": "W", "109": "S", "118": "W", "149": "N", "171": "S", "179": "N", "79": "N", "92": "W", "86": "E", "56": "W", "72": "N", "114": "W", "58": "W", "44": "E", "122": "N", "42": "N", "38": "E", "32": "E", "97": "N", "102": "W", "147": "S", "55": "W", "40": "W", "139": "E", "48": "W", "124": "N", "142": "W", "66": "S", "107": "E", "77": "S", "17": "N", "105": "N", "159": "E", "61": "E", "33": "N", "30": "N", "112": "N", "91": "W", "156": "S", "85": "W", "51": "S", "148": "N", "46": "S", "129": "E", "168": "N", "21": "S", "37": "N", "57": "S", "111": "W", "27": "S", "28": "S", "103": "S", "80": "N", "74": "W", "16": "E", "128": "S", "172": "W", "98": "N", "121": "W", "123": "S", "14": "S", "47": "W", "59": "E", "115": "S", "18": "E", "39": "E", "132": "E", "36": "W", "1": "E", "146": "S"}, {"31": "W", "52": "N"}, {"52": "N"}, {"52": "N"}, {"52": "N"}, {"150": "N", "52": "N"}, {"88": "W", "82": "N", "149": "W", "49": "S", "6": "N", "33": "N", "73": "E", "17": "E", "38": "N", "116": "N", "32": "E", "129": "E", "40": "S", "14": "S", "21": "S", "139": "N", "30": "N", "175": "N", "107": "E", "130": "N", "43": "N", "176": "W", "8": "W", "167": "W", "44": "E", "102": "W", "155": "W", "86": "E", "87": "S", "105": "E", "11": "W", "57": "S", "15": "E", "161": "S", "55": "W", "165": "W", "140": "N", "70": "N", "141": "W", "109": "S", "47": "W", "170": "S", "146": "S", "94": "E", "120": "N", "84": "N", "147": "S", "37": "W", "77": "S", "100": "N", "110": "S", "48": "S", "128": "S", "97": "W", "7": "N", "0": "N", "59": "N", "96": "W", "103": "W", "56": "W", "171": "S", "1": "E", "123": "W", "168": "W", "58": "N", "114": "W", "156": "S", "64": "W", "159": "S", "111": "N", "28": "S", "66": "S", "169": "W", "85": "S", "23": "W", "27": "W", "46": "S", "172": "S", "133": "W", "51": "W", "79": "N", "179": "N", "41": "E", "19": "E", "166": "E", "68": "N", "115": "S", "112": "W", "132": "E", "39": "N", "117": "E", "78": "W", "80": "N", "81": "W", "72": "W", "124": "W", "75": "N", "142": "W", "135": "N", "16": "E", "74": "S", "148": "N", "61": "N", "18": "E", "98": "N", "42": "W", "158": "W", "76": "N", "125": "N", "121": "W", "118": "W"}, {"3": "W"}, {"67": "W", "3": "W"}, {"44": "E", "87": "W", "98": "N", "56": "S", "48": "S", "103": "S", "76": "W", "41": "E", "82": "S", "4": "E", "1": "S", "6": "E", "96": "S", "92": "W", "49": "S", "116": "N", "19": "S", "21": "S", "84": "N", "85": "E", "72": "N", "165": "W", "114": "W", "112": "W", "22": "S", "77": "S", "130": "N", "16": "E", "78": "S", "61": "E", "171": "E", "8": "W", "135": "E", "139": "S", "80": "E", "47": "W", "11": "N", "167": "E", "120": "N", "66": "S", "148": "E", "58": "W", "37": "W", "74": "N", "117": "W", "179": "N", "73": "W", "102": "N", "158": "W", "43": "N", "109": "S", "97": "N", "107": "E", "88": "S", "172": "W", "146": "E", "159": "W", "30": "N", "64": "S", "35": "W", "149": "N", "132": "N", "55": "N", "118": "W", "105": "E", "39": "N", "168": "W", "91": "S", "38": "E", "123": "W", "115": "S", "140": "N", "68": "N", "99": "E", "124": "N", "46": "S", "169": "W", "70": "N", "133": "N", "29": "N", "18": "S", "170": "S", "155": "W", "161": "S", "75": "N", "14": "E", "81": "W", "33": "N", "110": "S", "111": "S", "128": "W", "176": "W", "27": "N", "71": "W", "141": "N", "125": "E", "147": "S", "156": "E", "94": "E", "32": "E", "7": "N", "28": "S", "40": "S", "121": "W", "79": "N"}, {"157": "W"}, {"76": "E", "41": "E", "38": "E", "98": "N", "155": "W", "56": "E", "15": "S", "130": "N", "139": "N", "33": "N", "0": "N", "27": "S", "19": "S", "156": "E", "168": "N", "123": "N", "1": "S", "51": "S", "176": "N", "96": "S", "115": "S", "18": "N", "29": "S", "146": "E", "175": "E", "42": "W", "11": "W", "48": "W", "49": "E", "32": "E", "59": "E", "14": "E", "80": "E", "92": "W", "105": "E", "107": "E", "161": "N", "110": "S", "116": "N", "109": "S", "71": "E", "133": "N", "47": "W", "57": "S", "4": "N", "55": "N", "61": "E", "73": "S", "23": "W", "170": "S", "179": "N", "17": "E", "148": "N", "68": "N", "99": "E", "140": "N", "22": "S", "82": "S", "118": "S", "117": "W", "121": "S", "102": "S", "141": "N", "132": "E", "43": "E", "122": "N", "8": "W", "78": "W", "44": "E", "16": "E", "112": "W", "70": "N", "79": "E", "159": "S", "74": "W", "158": "S", "7": "N", "135": "N", "128": "E", "97": "W", "72": "N", "165": "S", "58": "W", "149": "N", "81": "W", "87": "S", "125": "E", "37": "W", "21": "S", "142": "N", "114": "S", "124": "N", "85": "W", "103": "S", "100": "N", "39": "N", "171": "N", "147": "W", "28": "S", "77": "S", "84": "N", "94": "E", "120": "N", "167": "S", "88": "W", "40": "S", "169": "W", "86": "E"}, {"148": "N", "84": "N", "124": "N", "103": "S", "116": "E", "17": "E", "123": "W", "98": "N", "0": "N", "73": "S", "92": "W", "133": "N", "18": "S", "88": "W", "142": "W", "159": "S", "155": "S", "139": "N", "82": "S", "125": "E", "48": "S", "77": "S", "167": "S", "21": "S", "15": "S", "128": "S", "99": "E", "165": "S", "57": "E", "44": "E", "41": "N", "117": "W", "47": "W", "118": "S", "171": "N", "59": "E", "112": "W", "55": "N", "74": "W", "109": "S", "87": "S", "19": "S", "75": "S", "4": "S", "78": "W", "158": "W", "156": "S", "170": "S", "111": "W", "169": "S", "115": "S", "28": "S", "110": "S", "135": "N", "38": "N", "1": "E", "100": "E", "37": "W", "147": "S", "105": "E", "107": "E", "141": "N", "149": "E", "6": "N", "39": "N", "161": "S", "81": "W", "29": "S", "121": "W", "114": "S", "132": "S", "22": "W", "33": "N", "7": "N", "11": "W", "23": "W", "140": "N", "79": "N", "8": "W", "30": "N", "71": "N", "72": "N", "42": "W", "176": "E", "102": "W", "61": "E", "91": "N", "14": "S", "175": "N", "146": "E", "58": "W", "46": "S", "64": "S", "97": "W", "68": "N", "120": "N", "76": "N", "80": "N", "40": "S", "16": "E", "172": "W", "27": "S"}, {"24": "W"}, {"159": "S", "82": "S", "41": "N", "156": "S", "97": "N", "59": "E", "17": "E", "38": "E", "37": "W", "74": "E", "115": "E", "70": "W", "6": "N", "165": "W", "124": "S", "158": "W", "92": "W", "77": "S", "16": "E", "125": "N", "133": "E", "71": "N", "29": "E", "36": "N", "120": "N", "42": "S", "39": "N", "22": "S", "14": "E", "21": "E", "148": "N", "155": "W", "64": "S", "91": "W", "88": "S", "116": "E", "68": "N", "139": "N", "80": "N", "0": "N", "99": "E", "81": "W", "44": "N", "78": "E", "107": "E", "130": "N", "121": "W", "35": "W", "87": "E", "96": "S", "55": "E", "140": "N", "75": "E", "171": "S", "128": "N", "169": "S", "19": "S", "94": "E", "15": "E", "57": "S", "123": "S", "110": "S", "98": "N", "76": "W", "23": "N", "135": "N", "100": "S", "84": "E", "7": "N", "8": "S", "147": "S", "11": "N", "132": "S", "30": "E", "141": "N", "114": "S", "179": "N", "72": "N", "111": "S", "56": "S", "170": "S", "112": "W", "33": "N", "109": "S", "117": "N", "73": "S", "27": "E", "167": "N", "40": "S", "1": "E", "47": "S", "28": "E", "79": "E", "103": "W", "85": "N", "118": "W", "18": "E", "58": "W"}, {"126": "W"}, {"55": "W", "172": "W", "36": "S", "114": "S", "46": "E", "170": "S", "156": "S", "71": "E", "111": "W", "19": "S", "98": "E", "58": "N", "82": "S", "18": "E", "169": "S", "4": "S", "11": "N", "56": "W", "124": "E", "41": "S", "37": "W", "51": "S", "159": "S", "110": "S", "44": "E", "179": "N", "27": "S", "122": "N", "74": "W", "68": "N", "57": "S", "81": "W", "167": "W", "120": "E", "130": "N", "76": "S", "125": "S", "139": "N", "99": "E", "92": "N", "77": "S", "175": "N", "35": "W", "133": "N", "8": "W", "33": "N", "112": "N", "59": "E", "28": "E", "115": "E", "47": "S", "30": "E", "85": "E", "0": "N", "14": "W", "7": "E", "132": "S", "142": "W", "118": "W", "29": "N", "171": "S", "176": "E", "15": "S", "38": "S", "155": "W", "17": "N", "6": "E", "64": "W", "102": "W", "42": "W", "88": "S", "116": "N", "97": "N", "1": "E", "73": "S", "121": "W", "141": "N", "165": "W", "96": "E", "80": "E", "16": "E", "128": "S", "70": "N", "109": "S", "91": "N", "148": "N", "21": "S", "39": "N", "84": "W", "123": "S", "72": "N", "78": "W", "75": "N", "147": "S", "161": "S", "140": "S", "105": "E", "103": "W"}, {"170": "S", "161": "E", "167": "E", "102": "S", "11": "S", "133": "N", "81": "W", "33": "N", "141": "S", "38": "E", "155": "S", "130": "N", "78": "S", "56": "W", "70": "N", "59": "S", "28": "E", "18": "S", "88": "S", "71": "N", "85": "S", "57": "S", "74": "N", "27": "S", "37": "W", "73": "S", "36": "S", "46": "N", "109": "S", "98": "E", "40": "S", "77": "E", "123": "S", "0": "E", "175": "E", "111": "W", "41": "E", "4": "N", "142": "N", "125": "E", "17": "E", "75": "N", "8": "W", "35": "N", "179": "E", "79": "N", "1": "E", "30": "E", "64": "S", "105": "N", "121": "W", "80": "E", "29": "E", "148": "N", "55": "N", "156": "S", "21": "S", "120": "N", "39": "N", "128": "E", "42": "W", "22": "W", "172": "W", "84": "W", "117": "N", "91": "W", "110": "S", "171": "S", "118": "W", "159": "S", "112": "N", "100": "N", "72": "N", "7": "W", "114": "S", "147": "S", "169": "S", "6": "S", "124": "N", "15": "S", "58": "W", "48": "S", "19": "S", "76": "E", "68": "E", "47": "S", "51": "S", "132": "E", "139": "E", "16": "E"}, {"46": "S", "91": "W", "76": "E", "36": "W", "18": "N", "156": "E", "22": "E", "78": "W", "110": "W", "56": "S", "170": "S", "155": "S", "82": "E", "84": "W", "11": "W", "80": "E", "115": "E", "58": "W", "142": "N", "141": "E", "4": "E", "19": "E", "15": "S", "167": "W", "105": "E", "114": "S", "179": "N", "81": "W", "109": "S", "35": "E", "72": "N", "47": "W", "98": "E", "48": "S", "8": "N", "7": "E", "0": "E", "175": "N", "33": "N", "74": "W", "27": "E", "118": "W", "6": "N", "73": "N", "121": "W", "59": "N", "42": "W", "51": "E", "41": "S", "124": "E", "14": "S", "21": "S", "117": "E", "161": "S", "102": "S", "147": "S", "75": "N", "128": "S", "97": "N", "103": "W", "85": "S", "70": "S", "40": "N", "55": "E", "99": "W", "79": "N", "39": "N", "111": "W", "1": "E", "16": "E", "77": "E", "38": "E", "130": "N", "71": "N", "139": "N", "172": "W", "68": "N", "133": "N", "171": "N", "57": "S", "64": "S", "37": "N", "88": "S", "28": "E", "125": "E", "17": "E", "100": "E"}, {"143": "W"}, {"88": "W", "72": "N", "68": "N", "22": "W", "79": "E", "165": "S", "84": "N", "133": "N", "169": "S", "148": "N", "36": "W", "7": "S", "172": "W", "171": "E", "97": "N", "142": "W", "85": "W", "167": "W", "11": "N", "8": "W", "38": "S", "120": "E", "0": "E", "57": "S", "58": "W", "51": "E", "40": "E", "91": "W", "47": "S", "175": "N", "121": "W", "55": "N", "48": "W", "39": "E", "179": "E", "73": "S", "161": "S", "170": "E", "141": "S", "139": "E", "14": "S", "100": "E", "105": "N", "28": "E", "147": "S", "140": "E", "16": "E", "17": "E", "76": "W", "110": "S", "109": "S", "19": "E", "15": "S", "1": "S", "56": "S", "114": "S", "64": "S", "6": "N", "41": "E", "59": "N", "81": "W", "130": "N", "176": "E", "123": "W", "4": "E", "46": "S", "70": "E", "156": "S", "80": "E", "128": "S", "77": "E", "78": "N", "112": "E", "92": "W", "99": "S", "102": "W", "27": "S", "115": "E", "82": "S", "37": "N", "30": "E", "118": "W", "125": "S", "35": "N", "103": "W", "111": "S", "132": "S", "18": "S", "33": "N", "75": "E", "42": "W", "71": "W", "124": "E"}, {"85": "S", "11": "W", "80": "E", "40": "S", "28": "S", "111": "W", "8": "W", "124": "E", "99": "E", "18": "E", "179": "E", "91": "W", "16": "E", "17": "N", "14": "S", "133": "N", "33": "N", "141": "E", "139": "E", "155": "W", "132": "S", "175": "N", "41": "E", "72": "N", "51": "W", "55": "E", "128": "E", "172": "W", "57": "S", "46": "E", "42": "W", "156": "S", "82": "S", "147": "S", "30": "E", "118": "S", "117": "W", "105": "N", "88": "S", "123": "W", "37": "N", "64": "S", "7": "E", "130": "N", "120": "E", "22": "S", "59": "N", "1": "E", "0": "E", "170": "E", "103": "S", "48": "S", "4": "E", "58": "W", "140": "S", "77": "E", "78": "W", "6": "N", "112": "W", "71": "W", "109": "S", "27": "S", "70": "N", "47": "S", "97": "N", "75": "E", "21": "S", "76": "W", "142": "E", "115": "E", "39": "E", "165": "S", "84": "N", "81": "W", "171": "E", "125": "N", "79": "N", "68": "E", "167": "S", "176": "E", "56": "E", "73": "N", "38": "E", "102": "E", "169": "S", "161": "W", "110": "S"}, {"45": "W"}, {"0": "E", "112": "N", "11": "W", "91": "W", "71": "N", "128": "S", "103": "W", "16": "E", "22": "S", "155": "W", "117": "N", "74": "W", "176": "S", "38": "E", "92": "S", "125": "E", "121": "W", "80": "E", "161": "S", "111": "W", "141": "N", "78": "E", "70": "W", "165": "S", "171": "E", "6": "N", "123": "W", "170": "E", "172": "W", "140": "W", "68": "E", "18": "N", "39": "E", "175": "N", "14": "E", "99": "S", "33": "W", "51": "N", "88": "S", "42": "W", "130": "E", "55": "N", "35": "S", "76": "N", "102": "S", "1": "N", "147": "S", "133": "N", "82": "S", "41": "E", "132": "S", "72": "E", "142": "W", "64": "S", "75": "N", "36": "S", "48": "S", "47": "S", "167": "S", "7": "W", "156": "E", "118": "W", "97": "N", "21": "S", "120": "E", "139": "E", "57": "S", "105": "N", "84": "N", "148": "N", "30": "S", "8": "W", "58": "W", "179": "E", "77": "E", "28": "E", "4": "S", "73": "E", "59": "E", "79": "N", "85": "N", "37": "N", "109": "S", "40": "S", "81": "W"}, {"51": "W", "179": "E", "148": "E", "99": "W", "37": "N", "36": "E", "22": "S", "128": "E", "33": "W", "6": "W", "82": "E", "79": "N", "46": "S", "27": "N", "103": "W", "35": "N", "42": "N", "112": "W", "64": "S", "68": "E", "77": "E", "97": "N", "130": "N", "161": "S", "71": "S", "132": "S", "72": "E", "176": "N", "18": "N", "156": "S", "28": "N", "165": "S", "17": "N", "55": "N", "30": "S", "70": "N", "58": "N", "48": "S", "109": "W", "85": "S", "41": "E", "4": "N", "147": "S", "171": "E", "175": "E", "38": "E", "59": "E", "123": "S", "81": "W", "110": "E", "100": "W", "111": "N", "121": "W", "117": "N", "172": "W", "105": "S", "91": "W", "118": "S", "120": "E", "74": "W", "140": "S", "1": "N", "75": "E", "167": "S", "57": "E", "133": "N", "88": "S", "155": "W", "8": "W", "73": "S", "80": "E", "141": "N", "76": "W", "92": "W", "139": "E", "102": "W", "84": "N", "78": "W", "39": "E", "14": "E", "7": "N"}, {"81": "W", "125": "E", "130": "N", "117": "W", "78": "W", "72": "E", "120": "E", "155": "W", "102": "W", "4": "E", "82": "S", "59": "N", "110": "E", "172": "W", "147": "W", "1": "N", "58": "N", "40": "S", "132": "E", "133": "E", "176": "E", "156": "S", "91": "W", "75": "E", "105": "W", "74": "W", "140": "N", "148": "E", "28": "E", "71": "W", "30": "E", "55": "E", "41": "E", "17": "E", "161": "S", "141": "E", "6": "E", "46": "E", "37": "N", "48": "N", "38": "E", "165": "S", "33": "N", "21": "S", "121": "W", "42": "N", "128": "W", "109": "S", "85": "W", "70": "N", "123": "W", "64": "S", "88": "W", "112": "E", "14": "S", "111": "W", "99": "N", "80": "N", "100": "S", "35": "E", "84": "N", "22": "E", "73": "N", "68": "E", "92": "W", "8": "W", "76": "W", "77": "E", "18": "E", "36": "W", "167": "S", "39": "E", "171": "N", "118": "S", "103": "W", "79": "E", "57": "E", "27": "W", "97": "E"}, {"57": "E", "111": "W", "78": "S", "46": "E", "155": "W", "51": "E", "117": "N", "156": "S", "73": "S", "100": "W", "167": "S", "76": "N", "72": "S", "41": "S", "121": "W", "30": "E", "133": "E", "70": "N", "120": "N", "112": "N", "103": "W", "85": "S", "148": "E", "110": "E", "82": "S", "22": "S", "6": "N", "40": "S", "33": "E", "59": "N", "27": "S", "105": "N", "81": "W", "75": "S", "21": "E", "97": "N", "80": "E", "92": "W", "58": "W", "55": "N", "88": "S", "140": "E", "176": "E", "84": "N", "165": "S", "4": "S", "7": "N", "17": "W", "99": "N", "28": "E", "64": "S", "161": "S", "1": "E", "14": "E", "77": "E", "132": "S", "36": "E", "8": "W", "74": "W", "118": "S", "130": "N", "48": "E", "39": "E", "79": "N", "38": "E", "68": "E", "109": "S", "18": "E", "37": "N", "171": "S", "123": "W", "125": "E", "91": "W", "141": "N", "172": "S", "71": "N", "147": "N"}, {"92": "N", "155": "W", "147": "E", "73": "N", "79": "N", "36": "N", "80": "E", "111": "W", "156": "S", "118": "S", "148": "N", "76": "W", "117": "N", "78": "W", "84": "N", "68": "E", "58": "W", "103": "W", "11": "W", "130": "N", "140": "E", "70": "N", "72": "N", "100": "E", "41": "E", "176": "W", "88": "S", "74": "W", "171": "N", "142": "N", "112": "W", "59": "N", "110": "S", "120": "N", "1": "E", "121": "W", "55": "N", "64": "E", "165": "W", "18": "E", "37": "N", "99": "E", "161": "W", "141": "E", "14": "E", "46": "E", "82": "S", "17": "E", "40": "S", "71": "E", "102": "W", "123": "W", "91": "W", "33": "N", "172": "S", "81": "W", "6": "E", "8": "W", "97": "N", "109": "S", "28": "E", "105": "N", "128": "S", "4": "N", "35": "E", "38": "E", "22": "S", "167": "S", "21": "E", "39": "E", "85": "W", "51": "E", "75": "E", "57": "E"}, {"39": "E", "28": "E", "161": "S", "59": "E", "70": "N", "41": "E", "132": "S", "105": "E", "55": "N", "130": "N", "76": "W", "1": "E", "35": "E", "102": "W", "36": "W", "7": "E", "8": "W", "167": "S", "72": "E", "17": "E", "100": "N", "156": "S", "38": "E", "112": "W", "84": "N", "30": "S", "78": "N", "99": "E", "46": "E", "71": "N", "172": "S", "82": "E", "4": "E", "110": "E", "74": "W", "21": "W", "51": "W", "85": "W", "111": "W", "148": "N", "33": "E", "11": "W", "75": "E", "176": "N", "80": "E", "103": "W", "37": "N", "40": "S", "109": "S", "171": "S", "118": "S", "140": "N", "91": "W", "155": "W", "22": "S", "79": "E", "123": "W", "128": "S", "81": "W", "165": "S", "88": "S", "97": "W", "120": "W", "117": "N", "58": "W", "48": "E", "141": "N", "147": "S", "68": "E", "121": "W"}, {"165": "S", "35": "N", "161": "S", "123": "W", "14": "N", "91": "W", "92": "W", "80": "E", "140": "E", "88": "S", "1": "E", "100": "S", "84": "N", "79": "N", "99": "E", "38": "E", "28": "E", "156": "S", "18": "E", "7": "W", "103": "W", "81": "W", "78": "W", "72": "E", "41": "N", "141": "N", "70": "N", "82": "W", "21": "S", "48": "S", "58": "N", "117": "N", "147": "S", "11": "N", "110": "S", "27": "S", "76": "N", "121": "N", "73": "E", "118": "S", "109": "S", "111": "W", "59": "E", "105": "E", "51": "N", "130": "E", "39": "E", "132": "S", "97": "N", "176": "N", "172": "W", "8": "W", "36": "N", "40": "S", "55": "W", "17": "E", "85": "S", "112": "W", "102": "S", "37": "N", "30": "N", "75": "E", "171": "E", "68": "E", "22": "W", "74": "N"}, {"100": "E", "85": "S", "8": "N", "155": "S", "11": "W", "40": "S", "55": "N", "121": "N", "118": "N", "81": "W", "37": "N", "30": "E", "156": "E", "176": "E", "75": "E", "59": "N", "78": "N", "74": "N", "17": "E", "18": "E", "112": "N", "97": "S", "102": "W", "123": "S", "36": "W", "111": "W", "76": "N", "28": "E", "84": "E", "110": "S", "161": "S", "39": "E", "171": "S", "103": "S", "142": "W", "172": "S", "82": "E", "120": "N", "140": "E", "79": "N", "132": "S", "141": "N", "35": "E", "73": "E", "88": "S", "147": "E", "22": "E", "105": "E", "51": "N", "71": "W", "130": "E", "41": "E", "165": "S", "21": "S", "91": "W", "109": "S", "38": "E", "7": "N", "80": "S", "72": "E", "99": "E", "58": "N", "117": "E", "1": "E"}, {"142": "W", "121": "N", "161": "S", "112": "S", "141": "N", "84": "E", "156": "S", "18": "E", "80": "E", "79": "N", "41": "E", "46": "E", "91": "W", "55": "N", "58": "W", "76": "N", "59": "N", "4": "S", "73": "S", "81": "W", "99": "E", "17": "E", "40": "S", "165": "S", "111": "W", "85": "S", "132": "E", "78": "W", "36": "E", "39": "S", "117": "E", "71": "N", "7": "N", "35": "N", "51": "S", "118": "S", "171": "S", "72": "E", "102": "W", "88": "E", "172": "S", "74": "N", "109": "S", "11": "W", "8": "W", "130": "E", "120": "E", "30": "E", "100": "S", "123": "S", "21": "S", "1": "E", "28": "E", "176": "E", "22": "E", "38": "N", "97": "N", "110": "S", "147": "S"}, {"100": "S", "88": "E", "40": "S", "1": "E", "59": "N", "142": "W", "18": "E", "76": "N", "156": "E", "111": "W", "58": "N", "36": "W", "11": "W", "35": "N", "74": "N", "80": "E", "172": "S", "118": "W", "121": "N", "17": "E", "85": "E", "46": "E", "91": "W", "30": "N", "71": "W", "105": "E", "97": "N", "84": "E", "72": "E", "123": "S", "51": "W", "176": "N", "28": "E", "7": "N", "4": "S", "99": "E", "21": "S", "109": "S", "165": "S", "132": "N", "112": "N", "161": "S", "22": "S", "141": "N", "81": "W", "120": "E", "82": "S", "110": "S", "79": "N", "73": "E", "78": "W", "130": "E", "55": "N", "38": "E", "39": "E", "41": "E", "102": "W"}, {"22": "S", "91": "W", "161": "E", "121": "N", "73": "E", "110": "S", "17": "E", "142": "N", "102": "W", "74": "N", "55": "N", "59": "E", "99": "E", "40": "S", "18": "E", "82": "S", "8": "N", "72": "N", "112": "W", "71": "N", "109": "E", "165": "S", "118": "S", "41": "S", "172": "W", "97": "S", "39": "E", "30": "N", "78": "W", "120": "N", "132": "E", "123": "S", "79": "N", "176": "W", "21": "E", "36": "W", "171": "E", "81": "S", "46": "E", "130": "E", "51": "S", "111": "W", "1": "E", "58": "W", "4": "E", "84": "E", "35": "W", "76": "N", "11": "N", "38": "E", "7": "W", "156": "E", "141": "N"}, {"171": "E", "8": "W", "76": "N", "41": "E", "141": "N", "100": "E", "81": "S", "72": "E", "123": "W", "118": "S", "91": "S", "71": "N", "120": "E", "1": "E", "7": "N", "22": "S", "102": "S", "74": "N", "172": "S", "51": "W", "112": "N", "121": "N", "46": "E", "18": "E", "35": "N", "132": "E", "99": "E", "130": "E", "82": "S", "161": "S", "21": "E", "176": "N", "38": "S", "4": "S", "110": "E", "58": "N", "111": "W", "39": "E", "36": "W", "59": "E", "84": "E", "78": "W", "30": "E", "55": "N", "17": "S", "40": "E", "97": "E", "11": "W", "73": "E", "156": "E"}, {"91": "S", "21": "S", "142": "N", "7": "N", "84": "E", "72": "E", "73": "E", "130": "E", "97": "W", "82": "S", "18": "E", "59": "N", "102": "S", "112": "W", "8": "W", "30": "S", "58": "N", "17": "E", "46": "E", "156": "S", "55": "N", "35": "S", "74": "N", "71": "N", "4": "S", "141": "N", "78": "N", "132": "E", "11": "N", "41": "E", "123": "W", "100": "E", "40": "S", "36": "E", "161": "S", "110": "E", "39": "E", "81": "S", "76": "N", "120": "E", "111": "S", "22": "S", "172": "S", "121": "N", "118": "S", "99": "E"}, {"72": "S", "8": "N", "118": "S", "141": "N", "74": "W", "46": "S", "41": "N", "176": "N", "156": "E", "112": "S", "110": "S", "132": "E", "35": "N", "40": "S", "4": "N", "73": "S", "130": "E", "59": "S", "39": "E", "18": "E", "71": "N", "91": "S", "11": "W", "100": "E", "97": "N", "142": "N", "17": "E", "120": "N", "78": "N", "22": "S", "58": "W", "82": "S", "121": "W", "7": "N", "123": "S", "21": "S", "171": "E", "102": "W", "172": "S", "76": "N", "36": "S", "111": "S", "161": "S", "51": "S", "99": "E", "84": "E"}, {"58": "N", "35": "N", "118": "S", "46": "E", "141": "E", "123": "S", "22": "W", "142": "N", "132": "E", "84": "E", "120": "S", "112": "N", "82": "E", "110": "E", "59": "N", "156": "E", "8": "N", "176": "N", "72": "E", "76": "N", "100": "S", "4": "N", "73": "S", "71": "E", "11": "N", "36": "E", "78": "E", "161": "S", "97": "N", "40": "S", "39": "N", "102": "W", "30": "E", "21": "S", "41": "E", "172": "W", "17": "E", "91": "S", "81": "S", "111": "S", "99": "E", "74": "N", "121": "N", "51": "S", "171": "S"}, {"73": "S", "72": "E", "156": "E", "82": "E", "100": "N", "99": "S", "118": "E", "22": "S", "161": "S", "110": "E", "176": "N", "132": "S", "76": "N", "142": "W", "51": "S", "81": "S", "59": "E", "41": "E", "97": "S", "40": "E", "141": "E", "102": "S", "39": "E", "4": "E", "17": "E", "172": "S", "78": "N", "35": "W", "30": "E", "58": "N", "46": "E", "91": "S", "112": "E", "123": "S", "74": "N", "171": "S", "8": "N", "11": "N", "120": "E", "36": "E", "121": "W", "21": "E"}, {"163": "W"}, {"62": "W", "163": "W", "93": "W"}, {"62": "W", "163": "W"}, {"17": "E", "102": "S", "41": "E", "132": "S", "110": "E", "40": "E", "73": "E", "39": "E", "78": "N", "176": "N", "99": "E", "142": "N", "4": "E", "112": "W", "172": "S", "11": "E", "72": "E", "21": "E", "74": "N", "8": "W", "100": "N", "161": "S", "171": "S", "59": "E", "82": "E", "97": "N", "58": "N", "36": "S", "156": "S", "30": "E", "141": "E", "120": "E", "46": "N", "76": "N", "51": "S", "121": "N", "35": "N"}, {"97": "E", "99": "E", "132": "S", "41": "E", "58": "N", "72": "E", "102": "W", "121": "N", "100": "E", "142": "N", "11": "E", "161": "W", "110": "S", "76": "E", "82": "E", "171": "S", "123": "E", "8": "N", "176": "N", "17": "N", "51": "S", "36": "S", "112": "N", "30": "N", "59": "E", "120": "N", "35": "N", "156": "E", "141": "E", "21": "E", "4": "E", "46": "E", "74": "N", "172": "S", "73": "E", "39": "E"}, {"17": "E", "142": "E", "97": "E", "30": "E", "46": "E", "110": "E", "74": "N", "102": "W", "35": "W", "120": "E", "58": "N", "121": "N", "21": "E", "39": "E", "4": "E", "8": "N", "99": "N", "76": "E", "123": "S", "112": "N", "59": "N", "172": "S", "132": "E", "141": "E", "82": "S", "100": "N", "36": "W", "72": "N", "171": "S", "176": "N", "73": "E", "51": "S", "11": "S"}, {"99": "E", "171": "S", "82": "S", "120": "E", "59": "E", "172": "S", "58": "E", "4": "E", "51": "S", "110": "E", "39": "E", "142": "N", "30": "E", "121": "N", "100": "E", "132": "E", "76": "E", "176": "N", "74": "N", "141": "E", "8": "W", "36": "W", "97": "W", "123": "E", "72": "E", "17": "E", "102": "W", "112": "N", "35": "N", "46": "E", "21": "E"}, {"99": "E", "100": "E", "4": "E", "110": "N", "82": "S", "21": "E", "59": "E", "36": "W", "132": "E", "46": "E", "74": "N", "102": "W", "51": "S", "30": "E", "120": "E", "112": "N", "58": "N", "171": "E", "8": "N", "142": "N", "72": "E", "121": "N", "172": "S", "39": "E", "141": "E", "17": "E", "176": "N", "35": "N", "97": "E"}, {"51": "E", "82": "S", "30": "E", "110": "E", "120": "N", "35": "N", "72": "S", "141": "E", "58": "N", "4": "N", "102": "S", "132": "E", "8": "N", "39": "E", "74": "E", "21": "E", "121": "N", "171": "E", "176": "N", "100": "E", "112": "N", "46": "E", "172": "E", "97": "W", "59": "S"}, {"121": "N", "82": "S", "58": "N", "110": "E", "59": "E", "100": "E", "97": "N", "8": "N", "141": "E", "46": "E", "102": "S", "120": "E", "72": "N", "172": "S", "176": "N", "132": "E", "35": "E", "112": "E", "4": "E", "171": "E"}, {"82": "S", "59": "E", "121": "N", "35": "E", "72": "S", "102": "S", "132": "E", "46": "N", "100": "E", "58": "N", "97": "N", "112": "E", "171": "E", "141": "E", "4": "E", "172": "S", "120": "E", "110": "S", "8": "N", "176": "E"}, {"171": "E", "141": "E", "82": "E", "59": "E", "110": "E", "112": "N", "8": "N", "100": "E", "46": "E", "172": "S", "132": "E", "72": "S", "35": "N", "121": "N", "120": "S", "102": "S", "97": "W", "176": "N", "4": "E"}, {"176": "N", "46": "E", "171": "E", "100": "E", "82": "S", "132": "E", "120": "E", "35": "N", "8": "E", "4": "N", "112": "S", "121": "N", "172": "S", "141": "E", "110": "E", "59": "E", "72": "E"}, {"59": "E", "112": "N", "82": "E", "120": "S", "35": "N", "46": "S", "100": "E", "171": "E", "132": "E", "8": "N", "72": "E", "141": "E", "172": "S", "121": "N", "176": "N"}, {"82": "E", "121": "N", "72": "N", "35": "N", "176": "E", "46": "E", "171": "E", "100": "E", "112": "S", "8": "N", "120": "E"}, {"82": "N", "176": "N", "46": "E", "120": "E", "171": "E", "112": "W", "35": "N", "121": "N", "8": "N"}, {"112": "E", "8": "W", "35": "N", "176": "N", "120": "E", "82": "E", "171": "S", "121": "E"}, {"120": "E", "35": "N", "112": "N", "171": "E", "8": "N", "176": "W", "82": "E", "121": "E"}, {"82": "E", "35": "E", "120": "E", "8": "N", "171": "E", "112": "E", "176": "W"}, {"112": "N", "35": "N", "8": "E", "120": "E", "171": "N", "176": "S", "82": "E"}, {"120": "S", "82": "E", "171": "E"}, {"82": "E", "120": "E", "171": "E"}, {"171": "E", "82": "E"}, {"171": "E", "82": "E"}, {"171": "E", "82": "E"}, {"131": "S"}, {"131": "S"}, {"131": "E"}, {"131": "S"}, {"131": "S"}, {"131": "E"}, {"131": "S"}, {"131": "S"}, {"131": "S"}, {"131": "S"}, {"131": "S"}, {"131": "S"}, {"131": "E"}, {"131": "E"}, {"131": "E"}, {"89": "S"}, {"89": "S"}, {"89": "W"}, {"89": "S"}, {"89": "S"}, {"89": "S"}, {"89": "S"}, {"89": "S"}, {"89": "S"}, {"89": "S"}, {"89": "E"}, {"154": "N"}, {"154": "N"}, {"154": "N"}, {"154": "E"}, {"154": "N"}, {"154": "N"}, {"154": "N"}, {"154": "N"}, {"154": "N"}, {"154": "E"}, {"154": "E"}, {"154": "E"}, {"154": "N"}, {"154": "E"}, {"154": "N"}, {"154": "E"}, {"154": "N"}, {"154": "E"}, {"154": "N"}, {"154": "N"}, {"154": "N"}, {"154": "N"}, {"154": "E"}, {"154": "N"}, {"154": "E"}, {"154": "N"}, {"154": "E"}, {"154": "N"}, {"154": "E"}, {"154": "N"}, {"154": "E"}, {"154": "E"}, {"154": "E"}, {"154": "E"}, {"154": "E"}, {"154": "E"}, {"154": "E"}, {"12": "N"}, {"12": "E"}, {"12": "N"}, {"12": "N"}, {"12": "N"}, {"12": "N"}, {"12": "N"}, {"12": "N"}, {"12": "N"}, {"12": "N"}, {"12": "N"}, {"12": "N"}, {"12": "E"}, {"12": "E"}, {"12": "N"}, {"12": "N"}, {"12": "N"}, {"12": "N"}, {"12": "N"}, {"12": "N"}, {"12": "N"}, {"12": "N"}, {"12": "N"}, {"12": "E"}, {"12": "N"}, {"12": "N"}, {"12": "E"}, {"12": "E"}, {"12": "N"}, {"12": "N"}, {"12": "N"}, {"12": "N"}, {"12": "E"}, {"12": "E"}, {"12": "E"}, {"12": "E"}, {"12": "E"}, {"12": "E"}, {"12": "E"}, {"151": "W"}, {"151": "S"}, {"151": "S"}, {"151": "S"}, {"151": "S"}, {"151": "E"}, {"151": "S"}, {"151": "E"}, {"151": "E"}, {"151": "E"}, {"151": "E"}, {"151": "E"}, {"151": "E"}, {"151": "S"}, {"151": "S"}, {"151": "S"}, {"151": "S"}, {"151": "S"}, {"151": "S"}, {"151": "S"}, {"151": "S"}, {"151": "S"}, {"151": "S"}, {"151": "E"}, {"151": "S"}, {"151": "S"}, {"151": "S"}, {"151": "E"}, {"151": "E"}, {"151": "E"}, {"151": "E"}, {"151": "E"}, {"151": "E"}, {"151": "E"}, {"177": "W"}, {"177": "W"}, {"177": "W"}, {"177": "W"}, {"177": "W"}, {"177": "W"}, {"177": "W"}, {"177": "W"}, {"177": "W"}, {"177": "W"}, {"177": "N"}, {"177": "N"}, {"106": "N"}, {"106": "W"}, {"106": "W"}, {"106": "W"}, {"106": "W"}, {"106": "W"}, {"106": "W"}, {"106": "W"}, {"106": "W"}, {"106": "W"}, {"106": "W"}, {"106": "W"}, {"25": "W"}, {"25": "W"}, {"25": "W"}, {"25": "W"}, {"25": "N"}, {"25": "N"}, {"25": "W"}, {"25": "W"}, {"25": "W"}, {"25": "W"}, {"25": "N"}, {"25": "N"}, {"25": "N"}, {"25": "N"}, {"93": "N"}, {"93": "E"}, {"93": "N"}, {"93": "N"}, {"93": "N"}, {"93": "E"}, {"93": "E"}, {"93": "E"}, {"93": "N"}, {"93": "E"}, {"93": "N"}, {"93": "E"}, {"93": "N"}, {"93": "E"}, {"93": "N"}, {"93": "N"}, {"93": "N"}, {"93": "N"}, {"93": "E"}, {"93": "N"}, {"93": "E"}, {"93": "N"}, {"93": "E"}, {"93": "N"}, {"93": "E"}, {"93": "N"}, {"93": "E"}, {"93": "E"}, {"93": "E"}, {"163": "S"}, {"163": "S"}, {"163": "E"}, {"163": "E"}, {"163": "E"}, {"163": "E"}, {"163": "E"}, {"163": "E"}, {"163": "E"}, {"163": "E"}, {"163": "E"}, {"163": "E"}, {"163": "E"}, {"163": "E"}, {"163": "E"}, {"163": "E"}, {"163": "E"}, {"163": "E"}, {"163": "E"}, {"163": "E"}, {"163": "E"}, {"163": "E"}, {"163": "E"}, {"163": "E"}, {"163": "E"}, {"163": "S"}, {"163": "E"}, {"163": "E"}, {"163": "N"}, {"163": "E"}, {"163": "E"}, {"163": "E"}, {"163": "E"}, {"163": "E"}, {"163": "E"}, {"163": "E"}, {"163": "E"}, {"163": "N"}, {"163": "E"}, {"163": "E"}, {"163": "S"}, {"83": "W"}, {"83": "W"}, {"83": "W"}, {"83": "W"}, {"83": "W"}, {"83": "W"}, {"83": "W"}, {"83": "W"}, {"83": "W"}, {"83": "W"}, {"83": "W"}, {"83": "N"}, {"83": "W"}, {"83": "N"}, {"83": "W"}, {"83": "N"}, {"173": "W"}, {"173": "N"}, {"173": "N"}, {"173": "N"}, {"173": "W"}, {"173": "N"}, {"173": "N"}, {"173": "W"}, {"173": "W"}, {"173": "W"}, {"173": "W"}, {"173": "W"}, {"173": "W"}, {"173": "N"}, {"173": "N"}, {"173": "N"}, {"173": "W"}, {"173": "W"}, {"173": "W"}, {"173": "W"}, {"173": "N"}, {"173": "N"}, {"173": "W"}, {"173": "N"}, {"173": "W"}, {"173": "N"}, {"173": "N"}, {"173": "N"}, {"173": "N"}, {"173": "N"}, {"173": "W"}, {"160": "W"}, {"160": "W"}, {"160": "N"}, {"160": "W"}, {"160": "W"}, {"160": "W"}, {"160": "W"}, {"160": "W"}, {"160": "W"}, {"160": "W"}, {"160": "W"}, {"160": "N"}, {"160": "N"}, {"160": "N"}, {"160": "N"}, {"160": "W"}, {"160": "N"}, {"160": "N"}, {"160": "W"}, {"160": "N"}, {"160": "W"}, {"160": "W"}, {"160": "W"}, {"160": "W"}, {"160": "W"}, {"160": "W"}, {"160": "N"}, {"160": "W"}, {"160": "W"}, {"160": "W"}, {"160": "W"}, {"160": "W"}, {"160": "W"}, {"160": "N"}, {"60": "N"}, {"60": "N"}, {"60": "N"}, {"60": "N"}, {"60": "N"}, {"60": "N"}, {"60": "N"}, {"60": "N"}, {"60": "E"}, {"60": "E"}, {"60": "E"}, {"60": "E"}, {"60": "E"}, {"60": "E"}, {"60": "E"}, {"60": "E"}, {"60": "E"}, {"60": "E"}, {"60": "N"}, {"60": "E"}, {"60": "N"}, {"13": "S"}, {"13": "W"}, {"13": "W"}, {"13": "N"}, {"13": "W"}, {"13": "W"}, {"13": "W"}, {"13": "W"}, {"13": "W"}, {"13": "W"}, {"13": "W"}, {"13": "W"}, {"13": "W"}, {"13": "W"}, {"13": "N"}, {"13": "W"}, {"13": "N"}, {"13": "W"}, {"13": "W"}, {"13": "W"}, {"13": "W"}, {"13": "N"}, {"13": "W"}, {"13": "N"}, {"13": "N"}, {"3": "N"}, {"3": "N"}, {"3": "E"}, {"3": "E"}, {"3": "E"}, {"3": "E"}, {"3": "E"}, {"3": "E"}, {"3": "N"}, {"3": "E"}, {"3": "N"}, {"3": "E"}, {"3": "N"}, {"3": "E"}, {"3": "N"}, {"3": "N"}, {"3": "N"}, {"3": "N"}, {"3": "E"}, {"3": "N"}, {"3": "E"}, {"3": "N"}, {"3": "E"}, {"3": "E"}, {"3": "E"}, {"3": "E"}, {"53": "S"}, {"53": "S"}, {"53": "S"}, {"53": "E"}, {"53": "E"}, {"53": "S"}, {"53": "E"}, {"53": "E"}, {"53": "E"}, {"53": "E"}, {"53": "E"}, {"53": "E"}, {"53": "S"}, {"53": "S"}, {"53": "S"}, {"53": "S"}, {"53": "S"}, {"53": "S"}, {"53": "S"}, {"53": "S"}, {"53": "S"}, {"53": "S"}, {"53": "E"}, {"53": "S"}, {"53": "S"}, {"53": "S"}, {"53": "S"}, {"53": "E"}, {"53": "E"}, {"53": "E"}, {"53": "S"}, {"53": "S"}, {"53": "S"}, {"53": "S"}, {"53": "S"}, {"53": "E"}, {"53": "S"}, {"53": "S"}, {"53": "E"}, {"53": "E"}, {"34": "S"}, {"34": "W"}, {"34": "W"}, {"34": "N"}, {"34": "N"}, {"34": "W"}, {"34": "N"}, {"34": "N"}, {"34": "W"}, {"34": "W"}, {"34": "W"}, {"34": "W"}, {"34": "W"}, {"34": "W"}, {"34": "N"}, {"34": "N"}, {"34": "N"}, {"34": "W"}, {"34": "W"}, {"34": "W"}, {"34": "W"}, {"34": "W"}, {"34": "W"}, {"34": "W"}, {"34": "W"}, {"34": "W"}, {"34": "W"}, {"34": "W"}, {"34": "W"}, {"34": "W"}, {"34": "N"}, {"34": "N"}, {"34": "W"}, {"34": "N"}, {"34": "W"}, {"34": "N"}, {"34": "W"}, {"34": "N"}, {"34": "W"}, {"34": "N"}, {"34": "N"}, {"34": "N"}, {"34": "N"}, {"34": "N"}, {"34": "N"}, {"34": "N"}, {"136": "E"}, {"136": "S"}, {"136": "S"}, {"136": "S"}, {"136": "S"}, {"136": "E"}, {"136": "S"}, {"136": "E"}, {"136": "E"}, {"136": "E"}, {"136": "E"}, {"136": "E"}, {"136": "E"}, {"136": "S"}, {"136": "S"}, {"136": "S"}, {"136": "S"}, {"136": "S"}, {"136": "S"}, {"136": "S"}, {"136": "S"}, {"136": "S"}, {"136": "S"}, {"136": "E"}, {"136": "S"}, {"136": "S"}, {"136": "S"}, {"136": "S"}, {"136": "E"}, {"136": "E"}, {"136": "E"}, {"136": "S"}, {"136": "S"}, {"136": "S"}, {"136": "S"}, {"136": "S"}, {"136": "E"}, {"136": "S"}, {"136": "S"}, {"136": "S"}, {"136": "E"}, {"136": "E"}, {"90": "S"}, {"90": "S"}, {"90": "S"}, {"90": "S"}, {"90": "E"}, {"90": "E"}, {"90": "E"}, {"90": "E"}, {"90": "E"}, {"90": "E"}, {"90": "S"}, {"90": "S"}, {"90": "S"}, {"90": "S"}, {"90": "S"}, {"90": "S"}, {"90": "S"}, {"90": "S"}, {"90": "S"}, {"90": "S"}, {"90": "E"}, {"90": "S"}, {"90": "S"}, {"90": "S"}, {"90": "S"}, {"90": "E"}, {"90": "E"}, {"90": "E"}, {"90": "S"}, {"90": "S"}, {"90": "S"}, {"90": "S"}, {"90": "S"}, {"90": "E"}, {"90": "S"}, {"90": "S"}, {"90": "S"}, {"90": "E"}, {"178": "N"}, {"178": "W"}, {"178": "N"}, {"178": "N"}, {"178": "N"}, {"178": "N"}, {"178": "W"}, {"178": "N"}, {"178": "N"}, {"178": "N"}, {"178": "N"}, {"178": "N"}, {"178": "N"}, {"178": "N"}, {"178": "W"}, {"178": "N"}, {"178": "N"}, {"178": "N"}, {"178": "N"}, {"178": "W"}, {"178": "N"}, {"178": "W"}, {"178": "N"}, {"178": "N"}, {"178": "N"}, {"178": "N"}, {"178": "W"}, {"178": "N"}, {"178": "W"}, {"178": "N"}, {"178": "N"}, {"50": "N"}, {"50": "W"}, {"50": "W"}, {"50": "N"}, {"50": "N"}, {"50": "N"}, {"50": "N"}, {"50": "E"}, {"50": "N"}, {"50": "N"}, {"50": "N"}, {"50": "N"}, {"50": "N"}, {"50": "W"}, {"50": "N"}, {"50": "W"}, {"50": "N"}, {"50": "W"}, {"50": "N"}, {"50": "N"}, {"50": "N"}, {"50": "N"}, {"50": "W"}, {"50": "N"}, {"50": "W"}, {"50": "N"}, {"50": "N"}, {"50": "N"}, {"50": "N"}, {"50": "W"}, {"50": "N"}, {"50": "W"}, {"50": "N"}, {"50": "N"}, {"50": "N"}, {"50": "N"}, {"50": "N"}, {"143": "S"}, {"143": "S"}, {"143": "E"}, {"143": "S"}, {"143": "S"}, {"143": "E"}, {"143": "E"}, {"143": "E"}, {"143": "E"}, {"143": "E"}, {"143": "E"}, {"143": "S"}, {"143": "E"}, {"143": "E"}, {"143": "S"}, {"143": "E"}, {"143": "S"}, {"143": "S"}, {"143": "S"}, {"143": "S"}, {"143": "E"}, {"143": "E"}, {"143": "E"}, {"143": "E"}, {"143": "E"}, {"143": "E"}, {"143": "E"}, {"143": "E"}, {"143": "E"}, {"143": "E"}, {"143": "E"}, {"164": "W"}, {"164": "W"}, {"164": "W"}, {"164": "S"}, {"164": "W"}, {"164": "S"}, {"164": "S"}, {"164": "S"}, {"164": "W"}, {"164": "S"}, {"164": "S"}, {"164": "S"}, {"164": "S"}, {"164": "W"}, {"164": "S"}, {"164": "W"}, {"164": "W"}, {"164": "S"}, {"164": "S"}, {"164": "W"}, {"164": "S"}, {"164": "S"}, {"164": "S"}, {"164": "S"}, {"164": "S"}, {"164": "S"}, {"31": "E"}, {"31": "E"}, {"31": "E"}, {"31": "N"}, {"31": "E"}, {"31": "N"}, {"31": "E"}, {"31": "E"}, {"31": "E"}, {"31": "E"}, {"31": "E"}, {"31": "E"}, {"31": "E"}, {"31": "E"}, {"31": "E"}, {"31": "E"}, {"31": "E"}, {"31": "N"}, {"31": "E"}, {"31": "E"}, {"31": "E"}, {"31": "E"}, {"31": "S"}, {"31": "E"}, {"31": "E"}, {"31": "E"}, {"31": "E"}, {"31": "E"}, {"174": "S"}, {"174": "E"}, {"174": "S"}, {"174": "S"}, {"174": "S"}, {"174": "S"}, {"174": "S"}, {"174": "S"}, {"174": "S"}, {"174": "E"}, {"174": "S"}, {"174": "E"}, {"174": "S"}, {"174": "S"}, {"174": "S"}, {"174": "E"}, {"174": "E"}, {"174": "S"}, {"174": "S"}, {"174": "S"}, {"174": "S"}, {"174": "S"}, {"174": "S"}, {"174": "S"}, {"174": "S"}, {"174": "S"}, {"174": "S"}, {"174": "S"}, {"174": "S"}, {"174": "E"}, {"174": "E"}, {"174": "E"}, {"174": "E"}, {"174": "E"}, {"174": "S"}, {"174": "E"}, {"174": "S"}, {"174": "S"}, {"174": "E"}, {"174": "S"}, {"174": "E"}, {"174": "E"}, {"174": "E"}, {"174": "E"}, {"174": "E"}, {"174": "E"}, {"174": "S"}, {"174": "S"}, {"153": "W"}, {"153": "S"}, {"153": "S"}, {"153": "W"}, {"153": "S"}, {"153": "S"}, {"153": "S"}, {"153": "S"}, {"153": "W"}, {"153": "S"}, {"153": "S"}, {"153": "S"}, {"153": "S"}, {"153": "W"}, {"153": "W"}, {"153": "S"}, {"153": "S"}, {"153": "S"}, {"153": "S"}, {"153": "S"}, {"153": "W"}, {"153": "W"}, {"153": "N"}, {"153": "N"}, {"108": "W"}, {"108": "S"}, {"108": "S"}, {"108": "S"}, {"108": "S"}, {"108": "W"}, {"108": "S"}, {"108": "W"}, {"108": "S"}, {"108": "W"}, {"108": "S"}, {"108": "S"}, {"108": "S"}, {"108": "E"}, {"108": "S"}, {"108": "S"}, {"108": "S"}, {"108": "S"}, {"108": "W"}, {"108": "W"}, {"108": "S"}, {"108": "S"}, {"108": "S"}, {"108": "S"}, {"108": "S"}, {"108": "S"}, {"108": "S"}, {"108": "S"}, {"108": "W"}, {"108": "S"}, {"108": "S"}, {"108": "E"}, {"62": "N"}, {"62": "E"}, {"62": "N"}, {"62": "N"}, {"62": "N"}, {"62": "E"}, {"62": "E"}, {"62": "E"}, {"62": "E"}, {"62": "E"}, {"62": "N"}, {"62": "E"}, {"62": "N"}, {"62": "E"}, {"62": "N"}, {"62": "E"}, {"62": "N"}, {"62": "N"}, {"5": "E"}, {"5": "S"}, {"5": "S"}, {"5": "S"}, {"5": "S"}, {"5": "S"}, {"5": "E"}, {"5": "S"}, {"5": "S"}, {"5": "W"}, {"5": "S"}, {"5": "S"}, {"5": "S"}, {"5": "E"}, {"5": "S"}, {"5": "S"}, {"5": "S"}, {"5": "S"}, {"5": "W"}, {"5": "W"}, {"5": "S"}, {"5": "S"}, {"5": "S"}, {"5": "W"}, {"5": "S"}, {"5": "S"}, {"5": "S"}, {"5": "W"}, {"5": "S"}, {"5": "S"}, {"5": "S"}, {"5": "S"}, {"5": "E"}, {"101": "W"}, {"101": "S"}, {"101": "W"}, {"101": "W"}, {"101": "W"}, {"101": "W"}, {"101": "N"}, {"101": "W"}, {"101": "W"}, {"101": "W"}, {"101": "W"}, {"101": "W"}, {"101": "W"}, {"101": "W"}, {"101": "W"}, {"101": "W"}, {"101": "W"}, {"101": "W"}, {"101": "W"}, {"101": "W"}, {"101": "W"}, {"101": "W"}, {"101": "W"}, {"101": "W"}, {"101": "W"}, {"101": "W"}, {"101": "N"}, {"101": "N"}, {"101": "N"}, {"152": "N"}, {"152": "N"}, {"152": "N"}, {"95": "W"}, {"95": "S"}, {"95": "W"}, {"95": "S"}, {"95": "S"}, {"95": "S"}, {"95": "W"}, {"95": "S"}, {"95": "W"}, {"95": "S"}, {"95": "S"}, {"95": "W"}, {"95": "S"}, {"95": "W"}, {"95": "S"}, {"95": "S"}, {"95": "S"}, {"95": "S"}, {"95": "S"}, {"95": "W"}, {"95": "S"}, {"95": "S"}, {"95": "S"}, {"95": "E"}, {"95": "S"}, {"95": "S"}, {"95": "S"}, {"144": "W"}, {"144": "S"}, {"144": "S"}, {"144": "E"}, {"144": "S"}, {"144": "S"}, {"144": "S"}, {"144": "S"}, {"144": "S"}, {"144": "E"}, {"144": "S"}, {"144": "S"}, {"144": "S"}, {"144": "S"}, {"144": "E"}, {"144": "S"}, {"144": "S"}, {"144": "S"}, {"144": "S"}, {"144": "S"}, {"144": "S"}, {"144": "S"}, {"144": "S"}, {"144": "S"}, {"144": "S"}, {"144": "S"}, {"144": "S"}, {"144": "S"}, {"144": "S"}, {"144": "S"}, {"144": "S"}, {"144": "S"}, {"144": "S"}, {"144": "S"}, {"144": "S"}, {"144": "E"}, {"144": "E"}, {"144": "E"}, {"144": "E"}, {"144": "E"}, {"144": "E"}, {"144": "E"}, {"144": "E"}, {"67": "E"}, {"67": "N"}, {"67": "N"}, {"67": "N"}, {"67": "N"}, {"67": "N"}, {"67": "N"}, {"67": "N"}, {"67": "N"}, {"67": "E"}, {"67": "E"}, {"54": "W"}, {"54": "N"}, {"54": "W"}, {"54": "W"}, {"54": "W"}, {"54": "W"}, {"54": "W"}, {"54": "N"}, {"54": "N"}, {"54": "N"}, {"54": "N"}, {"54": "N"}, {"54": "N"}, {"54": "N"}, {"54": "N"}, {"54": "N"}, {"54": "N"}, {"54": "N"}, {"54": "N"}, {"54": "N"}, {"54": "N"}, {"54": "N"}, {"54": "W"}, {"54": "N"}, {"54": "W"}, {"54": "N"}, {"119": "N"}, {"119": "W"}, {"119": "W"}, {"119": "S"}, {"119": "S"}, {"119": "S"}, {"119": "W"}, {"119": "W"}, {"119": "W"}, {"119": "W"}, {"119": "S"}, {"119": "W"}, {"119": "W"}, {"119": "W"}, {"119": "W"}, {"119": "S"}, {"119": "W"}, {"119": "S"}, {"119": "W"}, {"119": "W"}, {"119": "W"}, {"119": "S"}, {"119": "S"}, {"119": "W"}, {"119": "W"}, {"119": "W"}, {"119": "W"}, {"119": "W"}, {"119": "N"}, {"113": "W"}, {"113": "N"}, {"113": "W"}, {"113": "W"}, {"113": "S"}, {"113": "W"}, {"113": "W"}, {"113": "W"}, {"113": "W"}, {"113": "N"}, {"113": "W"}, {"113": "W"}, {"113": "S"}, {"113": "W"}, {"113": "W"}, {"113": "W"}, {"113": "W"}, {"113": "W"}, {"113": "W"}, {"113": "W"}, {"113": "W"}, {"113": "W"}, {"113": "W"}, {"113": "N"}, {"65": "W"}, {"65": "W"}, {"65": "W"}, {"65": "N"}, {"65": "W"}, {"65": "W"}, {"65": "W"}, {"65": "W"}, {"65": "W"}, {"65": "W"}, {"65": "W"}, {"65": "N"}, {"65": "N"}, {"65": "N"}, {"65": "N"}, {"65": "N"}, {"65": "N"}, {"65": "N"}, {"65": "N"}, {"65": "N"}, {"65": "N"}, {"65": "N"}, {"69": "S"}, {"69": "W"}, {"69": "W"}, {"69": "W"}, {"69": "W"}, {"69": "W"}, {"69": "W"}, {"69": "N"}, {"69": "W"}, {"69": "W"}, {"69": "W"}, {"69": "W"}, {"69": "W"}, {"69": "W"}, {"69": "W"}, {"69": "W"}, {"69": "W"}, {"69": "W"}, {"69": "W"}, {"69": "W"}, {"69": "W"}, {"69": "W"}, {"69": "W"}, {"69": "W"}, {"69": "W"}, {"69": "W"}, {"69": "W"}, {"69": "N"}, {"69": "W"}, {"69": "N"}, {"69": "W"}, {"69": "W"}, {"69": "N"}, {"9": "W"}, {"9": "W"}, {"9": "W"}, {"9": "N"}, {"9": "W"}, {"9": "W"}, {"9": "W"}, {"9": "W"}, {"9": "W"}, {"9": "W"}, {"9": "W"}, {"9": "W"}, {"9": "W"}, {"9": "W"}, {"9": "N"}, {"9": "N"}, {"9": "N"}, {"9": "N"}, {"9": "W"}, {"9": "N"}, {"9": "W"}, {"9": "W"}, {"9": "N"}, {"9": "N"}, {"9": "N"}, {"9": "N"}, {"9": "W"}, {"9": "W"}, {"9": "W"}, {"9": "N"}, {"9": "N"}, {"9": "N"}, {"9": "N"}, {"9": "N"}, {"9": "N"}, {"9": "W"}, {"9": "N"}, {"9": "W"}, {"9": "W"}, {"9": "W"}, {"9": "N"}, {"9": "N"}, {"9": "W"}, {"9": "N"}, {"9": "W"}, {"9": "N"}, {"126": "E"}, {"126": "S"}, {"126": "S"}, {"126": "S"}, {"126": "S"}, {"126": "S"}, {"126": "S"}, {"126": "S"}, {"126": "E"}, {"126": "E"}, {"126": "E"}, {"126": "E"}, {"126": "E"}, {"126": "E"}, {"126": "S"}, {"126": "E"}, {"126": "E"}, {"126": "E"}, {"126": "N"}, {"126": "E"}, {"126": "E"}, {"138": "W"}, {"138": "N"}, {"138": "N"}, {"138": "N"}, {"138": "N"}, {"138": "N"}, {"138": "E"}, {"138": "N"}, {"2": "E"}, {"2": "E"}, {"2": "N"}, {"2": "N"}, {"2": "N"}, {"2": "E"}, {"2": "E"}, {"2": "E"}, {"150": "E"}, {"150": "S"}, {"150": "S"}, {"150": "W"}, {"150": "S"}, {"150": "S"}, {"150": "W"}, {"150": "S"}, {"150": "S"}, {"150": "W"}, {"150": "S"}, {"150": "W"}, {"150": "S"}, {"150": "S"}, {"150": "S"}, {"150": "S"}, {"150": "W"}, {"150": "S"}, {"150": "S"}, {"150": "S"}, {"150": "W"}, {"150": "S"}, {"150": "S"}, {"150": "S"}, {"150": "E"}, {"150": "S"}, {"150": "S"}, {"150": "E"}, {"150": "S"}, {"150": "S"}, {"150": "S"}, {"150": "S"}, {"150": "S"}, {"150": "W"}, {"150": "S"}, {"150": "S"}, {"150": "E"}, {"162": "N"}, {"162": "N"}, {"162": "N"}, {"162": "N"}, {"162": "N"}, {"162": "N"}, {"162": "N"}, {"162": "E"}, {"162": "E"}, {"162": "E"}, {"20": "W"}, {"20": "W"}, {"20": "W"}, {"20": "W"}, {"20": "W"}, {"20": "W"}, {"20": "W"}, {"20": "W"}, {"20": "W"}, {"20": "W"}, {"20": "S"}, {"20": "W"}, {"20": "S"}, {"20": "S"}, {"20": "S"}, {"20": "S"}, {"20": "S"}, {"20": "S"}, {"20": "W"}, {"20": "S"}, {"20": "W"}, {"20": "W"}, {"20": "W"}, {"20": "S"}, {"20": "S"}, {"157": "E"}, {"157": "S"}, {"157": "S"}, {"157": "S"}, {"157": "E"}, {"157": "E"}, {"157": "E"}, {"157": "E"}, {"157": "E"}, {"157": "E"}, {"26": "W"}, {"26": "W"}, {"26": "S"}, {"26": "S"}, {"26": "S"}, {"26": "W"}, {"26": "S"}, {"26": "S"}, {"26": "W"}, {"26": "S"}, {"26": "S"}, {"26": "W"}, {"26": "S"}, {"26": "W"}, {"26": "S"}, {"26": "S"}, {"26": "S"}, {"26": "S"}, {"26": "W"}, {"26": "S"}, {"26": "W"}, {"26": "S"}, {"26": "S"}, {"26": "S"}, {"26": "S"}, {"26": "S"}, {"26": "W"}, {"26": "S"}, {"26": "S"}, {"26": "S"}, {"26": "W"}, {"26": "S"}, {"26": "S"}, {"26": "S"}, {"26": "S"}, {"26": "S"}, {"26": "S"}, {"26": "S"}, {"26": "E"}, {"26": "E"}, {"145": "W"}, {"145": "N"}, {"145": "W"}, {"145": "N"}, {"145": "N"}, {"145": "N"}, {"145": "N"}, {"145": "N"}, {"145": "N"}, {"145": "N"}, {"24": "S"}, {"24": "E"}, {"24": "S"}, {"24": "S"}, {"24": "S"}, {"24": "S"}, {"24": "S"}, {"24": "S"}, {"24": "S"}, {"24": "S"}, {"24": "S"}, {"24": "S"}, {"24": "E"}, {"24": "E"}, {"24": "E"}, {"24": "E"}, {"24": "S"}, {"24": "E"}, {"24": "E"}, {"24": "S"}, {"24": "E"}, {"24": "E"}, {"24": "S"}, {"24": "E"}, {"24": "S"}, {"24": "E"}, {"24": "E"}, {"24": "E"}, {"24": "E"}, {"24": "E"}, {"45": "S"}, {"45": "E"}, {"45": "S"}, {"45": "S"}, {"45": "S"}, {"45": "S"}, {"45": "S"}, {"45": "S"}, {"45": "S"}, {"45": "S"}, {"45": "S"}, {"45": "S"}, {"45": "S"}, {"45": "S"}, {"45": "E"}, {"45": "E"}, {"45": "E"}, {"45": "E"}, {"45": "E"}, {"52": "S"}, {"52": "S"}, {"52": "S"}, {"52": "S"}, {"52": "W"}, {"52": "S"}, {"52": "W"}, {"52": "S"}, {"52": "S"}, {"52": "W"}, {"52": "S"}, {"52": "W"}, {"52": "S"}, {"52": "S"}, {"52": "S"}, {"52": "W"}, {"52": "W"}, {"52": "S"}, {"52": "S"}, {"52": "S"}, {"52": "S"}, {"52": "S"}, {"52": "W"}, {"52": "S"}, {"52": "S"}, {"52": "S"}, {"52": "S"}, {"52": "S"}, {"52": "S"}, {"52": "W"}, {"52": "W"}, {"52": "W"}, {"52": "S"}, {"52": "S"}, {"52": "S"}, {"52": "S"}, {"52": "S"}, {"52": "S"}, {"52": "S"}, {"63": "S"}, {"63": "S"}, {"63": "S"}, {"63": "S"}, {"63": "S"}, {"63": "S"}, {"63": "E"}, {"63": "S"}, {"63": "S"}, {"63": "W"}, {"63": "S"}, {"63": "S"}, {"63": "S"}, {"63": "W"}, {"63": "W"}, {"63": "S"}, {"63": "S"}, {"63": "S"}, {"63": "S"}, {"63": "S"}, {"63": "W"}, {"63": "S"}, {"63": "S"}, {"63": "S"}, {"63": "S"}, {"63": "S"}, {"63": "S"}, {"63": "S"}, {"63": "S"}, {"63": "W"}, {"63": "S"}, {"63": "W"}, {"63": "S"}, {"63": "S"}, {"63": "S"}, {"63": "S"}, {"63": "S"}, {"63": "W"}, {"63": "W"}, {"63": "S"}], "result": "SUCCESS", "makespan": 1597, "sum": 5294, "algo_name": "OutAndInByPercentage_per_70_SW_"}