{"instance": "medium_free_000_30x30_20_180", "steps": [{"72": "W", "73": "N", "84": "W", "8": "S", "102": "E", "123": "E", "92": "E", "99": "W", "21": "N", "150": "N", "166": "E", "172": "N", "85": "E", "144": "N", "159": "N", "83": "E"}, {"72": "W", "73": "N", "84": "W", "8": "S", "102": "E", "123": "E", "92": "E", "99": "W", "21": "N", "150": "N", "166": "E", "172": "N", "85": "E", "159": "N", "83": "E"}, {"72": "W", "73": "N", "84": "W", "8": "S", "102": "E", "123": "E", "92": "E", "99": "W", "21": "N", "150": "N", "166": "E", "172": "N", "85": "E", "159": "N", "83": "E"}, {"72": "S", "8": "S", "102": "E", "123": "E", "92": "E", "99": "W", "150": "N", "166": "E", "172": "N", "85": "E", "159": "N"}, {"8": "E", "102": "N", "92": "E", "99": "W", "150": "N", "166": "E", "172": "N", "85": "E", "159": "N"}, {"99": "S", "150": "N", "166": "E", "172": "N", "159": "N"}, {"150": "N", "166": "E", "172": "N", "159": "N"}, {"150": "N", "166": "E", "172": "N"}, {"166": "N"}, {"177": "N", "156": "S", "111": "N", "97": "W", "179": "E", "6": "N", "12": "N", "13": "N", "167": "W", "91": "W", "115": "S", "108": "W", "142": "W", "57": "S", "70": "N", "44": "N", "124": "N", "77": "S", "136": "S", "64": "W", "131": "E", "1": "S", "101": "W", "11": "W", "42": "W", "17": "E", "37": "N", "62": "W", "47": "W", "106": "W", "4": "E", "143": "S", "26": "W", "82": "S", "25": "W", "93": "N", "9": "W", "90": "E", "20": "W", "175": "N", "32": "N", "78": "W", "15": "S", "118": "W", "38": "N", "154": "N", "76": "W", "168": "W", "46": "S", "54": "S", "55": "E", "39": "E", "53": "S", "122": "W", "113": "W", "98": "N", "117": "W", "129": "N", "107": "S", "95": "W", "173": "W", "0": "N", "33": "W", "176": "N", "119": "W", "79": "N", "103": "W", "128": "S", "148": "E", "100": "W", "65": "W", "22": "W", "145": "W", "178": "W", "139": "N", "89": "W", "35": "N", "158": "W", "68": "N", "2": "S", "59": "N", "88": "W", "132": "E", "56": "W", "74": "N", "27": "S", "165": "W", "61": "E", "34": "W", "75": "W", "63": "W", "31": "N", "162": "S", "18": "E", "36": "W", "125": "N", "157": "W", "80": "N", "66": "W", "116": "E", "174": "S", "94": "E", "81": "W", "30": "N", "29": "N", "134": "W", "7": "W", "23": "S", "40": "S", "155": "W", "161": "W", "112": "E", "137": "S", "52": "W", "96": "S", "160": "W", "170": "S", "3": "N", "105": "N", "43": "N", "133": "W", "140": "N", "147": "W", "126": "S", "71": "W", "60": "E", "51": "W", "149": "W", "151": "E", "152": "S", "58": "W", "48": "W", "69": "W", "130": "N", "120": "N", "171": "S", "141": "N", "86": "N", "104": "E", "19": "S", "146": "S", "67": "N", "87": "S"}, {"21": "N", "114": "W", "144": "N", "16": "W", "159": "N", "83": "E"}, {"21": "N", "114": "W", "16": "W", "159": "N", "83": "E"}, {"21": "N", "159": "N", "83": "E"}, {"21": "N", "159": "N", "83": "E"}, {"21": "W", "83": "E"}, {"35": "W", "11": "W", "17": "S", "120": "N", "63": "W", "156": "S", "112": "W", "87": "S", "30": "E", "177": "N", "4": "E", "82": "S", "95": "W", "39": "N", "59": "N", "168": "W", "96": "W", "62": "N", "97": "W", "40": "S", "137": "S", "167": "W", "23": "W", "54": "W", "111": "W", "106": "N", "86": "N", "157": "W", "128": "W", "153": "S", "122": "W", "169": "W", "77": "S", "13": "W", "15": "S", "33": "W", "27": "W", "50": "N", "163": "S", "25": "E", "45": "S", "90": "S", "46": "S", "148": "E", "147": "S", "132": "E", "165": "W", "22": "S", "2": "S", "37": "W", "143": "E", "1": "S", "91": "W", "56": "W", "52": "E", "57": "S", "171": "S", "71": "W", "26": "S", "89": "S", "116": "N", "74": "E", "142": "N", "154": "N", "151": "S", "176": "N", "47": "W", "7": "N", "158": "W", "9": "W", "162": "S", "131": "E", "125": "N", "113": "W", "101": "W", "53": "S", "100": "S", "55": "S", "14": "S", "104": "N", "29": "N", "146": "S", "31": "E", "70": "W", "127": "W", "65": "W", "124": "N", "3": "N", "139": "S", "36": "W", "76": "W", "58": "W", "67": "N", "175": "N", "109": "S", "94": "E", "0": "N", "64": "W", "108": "W", "78": "W", "107": "S", "115": "S", "178": "W", "43": "S", "51": "S", "135": "W", "60": "E", "61": "N", "81": "W", "48": "W", "110": "S", "117": "W", "121": "W", "75": "N", "149": "W", "160": "W", "170": "S", "140": "N", "41": "N", "49": "S", "6": "N", "42": "W", "133": "N", "152": "S", "24": "S", "141": "N", "118": "W", "98": "N", "28": "E", "66": "W", "80": "N", "105": "N", "88": "S", "68": "S", "20": "W", "103": "W", "119": "W", "5": "W", "18": "E", "136": "S", "164": "S"}, {"114": "W", "85": "E", "144": "N", "83": "E"}, {"85": "E", "83": "E"}, {"85": "E", "83": "E"}, {"102": "E", "85": "E", "83": "E"}, {"3": "E", "4": "N", "107": "S", "80": "N", "12": "E", "136": "S", "18": "E", "33": "N", "163": "E", "170": "S", "177": "E", "24": "S", "53": "S", "56": "W", "120": "E", "112": "N", "52": "W", "17": "N", "64": "W", "151": "E", "59": "N", "6": "N", "50": "W", "154": "N", "140": "N", "45": "S", "68": "E", "91": "W", "48": "W", "42": "W", "119": "W", "109": "W", "174": "S", "77": "S", "89": "S", "160": "W", "2": "S", "82": "S", "20": "W", "103": "W", "130": "W", "141": "N", "65": "W", "7": "W", "155": "E", "105": "N", "167": "E", "94": "E", "142": "S", "67": "W", "54": "W", "70": "W", "143": "S", "137": "S", "51": "S", "9": "S", "116": "E", "132": "E", "30": "N", "104": "N", "57": "S", "169": "W", "153": "S", "58": "N", "1": "E", "36": "W", "62": "W", "131": "E", "147": "W", "100": "E", "113": "W", "171": "S", "173": "W", "87": "W", "11": "W", "135": "E", "125": "N", "134": "S", "63": "W", "138": "E", "101": "W", "5": "S", "88": "W", "31": "N", "0": "N", "49": "S", "121": "W", "90": "S", "55": "N", "29": "N", "23": "W", "146": "E", "124": "N", "78": "W", "178": "W", "41": "N", "74": "N", "27": "S", "15": "W", "40": "S", "110": "S", "79": "N", "179": "N", "165": "W", "34": "W", "161": "W", "111": "W", "38": "N", "44": "N", "81": "W", "71": "W", "61": "E", "76": "W", "26": "S", "164": "W", "13": "W", "127": "W", "96": "S", "117": "N", "156": "S", "148": "N", "43": "N", "168": "W", "69": "W", "46": "S", "139": "E", "95": "W", "37": "W", "66": "S", "122": "W", "60": "E", "118": "W", "86": "N", "108": "W", "162": "S", "176": "E", "14": "S", "35": "E", "97": "N", "175": "N", "128": "S", "106": "W", "39": "S", "75": "W", "25": "N", "158": "W"}, {"114": "W", "144": "N"}, {"114": "W"}, {"114": "W"}, {"114": "W"}, {"114": "W"}, {"114": "S"}, {"1": "N", "36": "E", "30": "N", "158": "W", "17": "N", "45": "S", "19": "E", "116": "N", "43": "N", "96": "S", "91": "W", "77": "S", "51": "S", "15": "E", "106": "W", "148": "N", "155": "S", "104": "N", "18": "E", "140": "N", "154": "E", "4": "N", "26": "W", "97": "W", "67": "W", "118": "W", "132": "N", "119": "E", "57": "S", "133": "N", "40": "S", "47": "W", "54": "E", "25": "N", "108": "S", "168": "W", "117": "W", "127": "S", "42": "W", "50": "W", "33": "W", "109": "W", "179": "N", "160": "W", "2": "S", "5": "S", "142": "W", "95": "W", "120": "N", "88": "W", "82": "S", "39": "W", "128": "S", "55": "N", "64": "W", "59": "E", "135": "E", "56": "W", "34": "N", "61": "N", "52": "E", "165": "W", "90": "S", "14": "S", "113": "W", "105": "N", "20": "W", "101": "W", "60": "E", "7": "W", "10": "S", "100": "E", "80": "E", "75": "N", "131": "N", "41": "S", "23": "W", "170": "S", "68": "S", "112": "N", "44": "N", "111": "S", "129": "S", "62": "W", "175": "N", "58": "N", "35": "N", "125": "N", "94": "E", "9": "W", "6": "E", "174": "S", "53": "S", "157": "S", "149": "W", "48": "W", "143": "S", "46": "S", "79": "N", "162": "E", "137": "S", "134": "W", "27": "W", "87": "W", "110": "S", "3": "N", "164": "W", "31": "E", "161": "S", "139": "E", "86": "N", "28": "S", "76": "N", "74": "N", "121": "W", "130": "N", "136": "S", "12": "N", "65": "W", "29": "N", "0": "N", "66": "S", "171": "E", "24": "S", "124": "N", "69": "W", "38": "E", "151": "S", "163": "N", "173": "W", "98": "W", "176": "E", "156": "S", "70": "N", "147": "S", "11": "W", "103": "W", "178": "W", "63": "S", "37": "W"}, {"144": "N", "16": "W"}, {"16": "W"}, {"16": "W"}, {"16": "W"}, {"16": "W"}, {"34": "N", "101": "W", "13": "W", "124": "N", "7": "N", "108": "S", "64": "W", "56": "W", "161": "W", "22": "W", "39": "E", "43": "N", "148": "E", "116": "N", "160": "W", "137": "E", "120": "N", "52": "S", "140": "N", "46": "S", "100": "S", "87": "E", "82": "E", "4": "E", "129": "N", "10": "S", "80": "N", "58": "N", "62": "N", "97": "W", "122": "N", "1": "N", "17": "S", "28": "S", "131": "E", "156": "S", "145": "W", "134": "W", "40": "S", "163": "S", "110": "E", "125": "N", "0": "N", "42": "W", "175": "N", "59": "N", "75": "E", "162": "E", "57": "E", "128": "S", "14": "S", "121": "N", "143": "S", "24": "E", "30": "E", "35": "W", "50": "N", "63": "S", "55": "N", "133": "N", "38": "N", "91": "W", "142": "W", "44": "N", "168": "W", "164": "S", "2": "E", "174": "S", "127": "W", "3": "N", "11": "W", "66": "S", "138": "N", "45": "W", "178": "N", "111": "W", "88": "W", "151": "S", "141": "N", "47": "E", "33": "W", "96": "E", "106": "W", "177": "S", "18": "E", "48": "W", "9": "W", "170": "S", "23": "W", "155": "W", "157": "S", "31": "E", "67": "W", "37": "W", "6": "N", "109": "S", "179": "N", "86": "E", "107": "E", "118": "W", "158": "W", "132": "S", "25": "N", "90": "S", "89": "S", "117": "N", "113": "W", "74": "N", "176": "E", "20": "S", "173": "W", "51": "W", "60": "N", "15": "S", "136": "S", "130": "N", "29": "N", "65": "W", "5": "E", "68": "S", "69": "W", "167": "E", "153": "E", "119": "E", "76": "N", "53": "S", "147": "W", "95": "W", "135": "E", "105": "N", "154": "N", "146": "N", "112": "N", "41": "N", "94": "E", "104": "E", "139": "W", "93": "W", "49": "S", "26": "W", "61": "N", "98": "N", "165": "W", "126": "E"}, {"144": "N", "16": "W"}, {"144": "N", "16": "W"}, {"16": "W", "144": "N"}, {"144": "N"}, {"9": "W", "36": "W", "160": "W", "134": "W", "110": "S", "106": "W", "115": "S", "38": "E", "158": "W", "148": "N", "0": "N", "175": "N", "173": "W", "109": "S", "39": "N", "57": "S", "125": "E", "124": "N", "78": "N", "163": "S", "171": "E", "167": "E", "143": "S", "5": "E", "89": "S", "67": "N", "138": "N", "145": "S", "17": "N", "91": "W", "41": "S", "18": "E", "47": "W", "49": "W", "142": "N", "2": "S", "165": "W", "108": "N", "169": "W", "116": "N", "6": "E", "107": "E", "51": "W", "94": "E", "103": "S", "154": "N", "61": "E", "26": "W", "98": "N", "132": "S", "44": "E", "82": "S", "27": "S", "86": "E", "105": "W", "128": "S", "95": "S", "141": "N", "127": "W", "81": "W", "137": "E", "29": "E", "52": "W", "10": "E", "87": "W", "177": "N", "55": "N", "130": "S", "97": "N", "45": "E", "15": "S", "111": "W", "168": "W", "74": "N", "46": "S", "12": "N", "117": "S", "62": "N", "11": "W", "20": "S", "43": "N", "30": "E", "58": "W", "34": "W", "60": "N", "32": "N", "35": "N", "139": "S", "161": "S", "118": "W", "129": "N", "7": "W", "88": "W", "42": "S", "14": "S", "77": "E", "63": "S", "174": "S", "147": "W", "24": "S", "93": "N", "50": "N", "133": "N", "113": "W", "131": "N", "120": "N", "149": "S", "31": "E", "71": "E", "179": "N", "119": "S", "121": "W", "68": "E", "75": "S", "135": "N", "13": "W", "136": "S", "178": "W", "1": "E", "79": "N", "69": "W", "25": "N", "176": "W", "122": "N", "170": "S", "162": "E", "37": "W", "56": "W", "22": "W", "64": "W", "4": "E", "155": "W", "65": "W", "53": "E", "70": "W", "33": "W", "3": "N", "40": "E", "101": "W"}, {"34": "N", "105": "N", "126": "S", "79": "N", "96": "S", "1": "E", "164": "W", "74": "N", "71": "N", "35": "E", "147": "W", "175": "N", "127": "W", "2": "W", "24": "S", "59": "N", "101": "W", "25": "N", "117": "W", "170": "S", "148": "W", "4": "S", "13": "W", "30": "E", "48": "W", "94": "E", "157": "S", "41": "N", "149": "S", "52": "S", "173": "N", "111": "S", "160": "W", "88": "W", "129": "E", "69": "W", "132": "E", "97": "W", "167": "S", "33": "W", "139": "N", "17": "N", "66": "S", "116": "N", "9": "W", "178": "W", "145": "S", "60": "S", "37": "W", "80": "E", "87": "E", "43": "E", "124": "E", "55": "N", "176": "N", "53": "N", "171": "N", "120": "N", "6": "N", "65": "N", "156": "S", "142": "S", "135": "N", "58": "S", "121": "S", "3": "E", "38": "N", "49": "S", "141": "E", "118": "W", "57": "S", "153": "W", "51": "W", "40": "S", "158": "W", "14": "S", "163": "S", "68": "N", "22": "W", "78": "W", "112": "W", "18": "E", "140": "N", "106": "W", "42": "W", "179": "N", "19": "S", "125": "E", "143": "S", "15": "S", "82": "S", "67": "W", "23": "W", "46": "S", "110": "S", "5": "S", "31": "E", "62": "W", "100": "E", "54": "N", "151": "S", "137": "E", "122": "N", "136": "E", "63": "W", "168": "S", "11": "W", "108": "E", "32": "W", "45": "S", "130": "N", "93": "N", "113": "W", "86": "E", "103": "S", "165": "S", "81": "W", "146": "S", "70": "N", "98": "W", "169": "W", "161": "S", "155": "W", "7": "W", "39": "N", "115": "N", "109": "S", "128": "W", "90": "S", "26": "W", "36": "W", "44": "N", "64": "W", "119": "W", "56": "W", "91": "S", "28": "S", "50": "W", "12": "N", "134": "S", "107": "E", "174": "S", "89": "S", "75": "S", "154": "S"}, {"79": "N", "95": "S", "90": "S", "6": "N", "93": "N", "128": "S", "131": "N", "170": "S", "44": "E", "24": "S", "87": "W", "177": "S", "134": "S", "49": "S", "67": "W", "4": "E", "70": "N", "160": "N", "157": "W", "7": "W", "54": "W", "120": "E", "23": "N", "112": "W", "33": "W", "20": "S", "45": "S", "175": "W", "31": "E", "53": "S", "110": "S", "140": "N", "127": "S", "139": "N", "57": "S", "91": "W", "40": "S", "167": "N", "169": "W", "151": "E", "15": "E", "97": "N", "122": "N", "11": "W", "109": "S", "149": "N", "130": "N", "155": "N", "37": "W", "61": "W", "28": "S", "64": "W", "121": "W", "35": "W", "36": "W", "163": "S", "94": "E", "18": "W", "22": "S", "0": "N", "101": "W", "111": "W", "100": "W", "66": "S", "173": "W", "71": "N", "168": "W", "176": "E", "38": "N", "46": "N", "174": "E", "41": "S", "103": "S", "106": "W", "68": "N", "17": "E", "113": "S", "156": "S", "60": "N", "65": "W", "74": "N", "138": "N", "129": "E", "158": "W", "80": "E", "179": "N", "50": "N", "119": "W", "47": "W", "148": "E", "69": "W", "143": "E", "42": "W", "34": "N", "63": "W", "161": "W", "98": "N", "26": "S", "14": "S", "171": "E", "82": "S", "116": "N", "132": "E", "29": "S", "55": "E", "88": "W", "52": "W", "105": "N", "147": "W", "118": "W", "32": "N", "135": "N", "78": "N", "48": "S", "25": "N", "164": "W", "59": "E", "58": "W", "51": "S", "77": "E", "81": "W", "146": "N", "86": "E", "75": "N", "124": "N", "115": "E", "56": "W", "1": "E", "178": "W", "117": "W", "108": "S", "13": "N", "9": "W", "141": "N", "3": "N", "153": "E", "142": "W"}, {"124": "N", "173": "N", "13": "W", "69": "W", "170": "E", "55": "W", "142": "N", "53": "E", "157": "W", "43": "E", "96": "S", "60": "S", "136": "S", "151": "E", "24": "S", "101": "W", "94": "E", "29": "N", "106": "W", "6": "N", "14": "S", "148": "W", "71": "W", "9": "W", "167": "E", "155": "W", "31": "E", "160": "E", "49": "S", "80": "E", "20": "W", "126": "W", "5": "S", "25": "N", "50": "N", "40": "S", "38": "E", "59": "N", "54": "W", "177": "E", "78": "W", "132": "E", "48": "S", "86": "E", "107": "E", "56": "W", "52": "W", "33": "W", "47": "W", "117": "W", "58": "N", "178": "N", "11": "W", "112": "W", "76": "N", "22": "S", "7": "W", "98": "N", "34": "E", "1": "N", "100": "E", "153": "E", "111": "S", "131": "N", "23": "W", "64": "E", "15": "E", "129": "W", "145": "S", "17": "N", "125": "E", "41": "E", "115": "W", "113": "N", "42": "W", "116": "N", "175": "N", "130": "N", "90": "S", "171": "N", "70": "W", "19": "S", "30": "E", "57": "S", "103": "N", "27": "W", "82": "S", "45": "S", "164": "W", "93": "E", "169": "W", "163": "E", "4": "E", "12": "N", "140": "E", "109": "S", "147": "S", "141": "E", "120": "N", "119": "W", "179": "N", "154": "N", "174": "E", "75": "E", "2": "S", "35": "N", "97": "W", "51": "S", "67": "S", "110": "S", "176": "N", "81": "W", "121": "W", "66": "S", "146": "S", "18": "E", "46": "E", "39": "N", "61": "W", "95": "S", "161": "E", "0": "N", "139": "N", "32": "N", "28": "S", "65": "W", "77": "S", "26": "N", "88": "S", "68": "N", "156": "S", "122": "N", "149": "N", "158": "W", "37": "W", "118": "W"}, {"72": "W"}, {"116": "S", "48": "W", "105": "N", "131": "E", "60": "S", "130": "N", "167": "W", "135": "N", "143": "S", "118": "S", "25": "N", "45": "W", "9": "W", "151": "S", "37": "W", "63": "N", "38": "E", "154": "S", "47": "W", "109": "S", "53": "S", "90": "S", "149": "N", "132": "E", "6": "N", "160": "N", "43": "N", "82": "E", "27": "S", "175": "N", "120": "N", "50": "W", "12": "N", "30": "E", "91": "E", "52": "W", "42": "W", "61": "S", "44": "N", "95": "S", "112": "N", "80": "E", "20": "S", "177": "E", "147": "S", "155": "S", "119": "W", "101": "W", "129": "S", "77": "S", "156": "S", "54": "W", "4": "E", "14": "S", "97": "W", "46": "E", "128": "E", "110": "W", "66": "S", "86": "E", "26": "W", "165": "S", "124": "E", "173": "N", "81": "W", "40": "S", "28": "S", "139": "S", "96": "S", "103": "W", "34": "E", "107": "S", "108": "W", "176": "N", "41": "N", "140": "N", "71": "W", "39": "N", "169": "W", "115": "S", "136": "E", "68": "N", "78": "N", "178": "W", "0": "N", "141": "W", "55": "N", "76": "E", "67": "W", "24": "E", "164": "S", "158": "W", "59": "S", "111": "W", "74": "N", "2": "E", "89": "S", "51": "S", "62": "W", "121": "N", "64": "W", "163": "W", "1": "E", "57": "S", "11": "W", "70": "W", "18": "E", "179": "N", "153": "S", "88": "S", "148": "E", "171": "S", "93": "N", "17": "N", "98": "S", "142": "N", "49": "S", "23": "W", "157": "S", "100": "E", "170": "S", "33": "N", "65": "E", "36": "S", "31": "N", "94": "E", "75": "N", "106": "N", "56": "W", "3": "N", "79": "E", "126": "W", "5": "W", "13": "N", "19": "S"}, {"130": "S", "12": "N", "65": "N", "120": "E", "4": "W", "29": "E", "43": "N", "94": "E", "30": "E", "164": "W", "75": "N", "135": "N", "109": "S", "117": "E", "0": "N", "153": "E", "9": "W", "97": "N", "56": "S", "165": "S", "93": "N", "171": "E", "129": "E", "38": "E", "31": "E", "121": "W", "151": "S", "64": "S", "34": "W", "53": "W", "36": "W", "142": "N", "62": "N", "59": "N", "176": "N", "15": "S", "5": "W", "78": "W", "24": "E", "96": "S", "39": "N", "95": "N", "46": "S", "82": "S", "55": "N", "98": "E", "100": "E", "63": "S", "11": "W", "22": "W", "57": "S", "40": "S", "143": "E", "174": "E", "167": "W", "107": "W", "158": "W", "51": "W", "17": "E", "69": "W", "80": "W", "42": "N", "14": "W", "136": "E", "67": "S", "90": "S", "33": "N", "20": "W", "68": "N", "147": "S", "44": "N", "160": "W", "74": "E", "91": "W", "77": "S", "50": "W", "156": "S", "111": "S", "163": "E", "155": "W", "141": "N", "70": "W", "110": "E", "76": "W", "170": "S", "47": "W", "23": "N", "3": "N", "18": "S", "26": "N", "45": "W", "89": "S", "41": "E", "27": "N", "58": "W", "49": "S", "19": "S", "175": "N", "81": "W", "154": "S", "132": "W", "48": "S", "179": "N", "54": "W", "168": "N", "178": "N", "6": "N", "1": "W", "126": "W", "105": "N", "118": "W", "87": "S", "88": "S", "133": "N", "124": "E", "101": "W", "146": "S", "161": "E", "2": "S", "60": "S", "125": "N", "79": "N", "28": "S", "112": "W", "140": "N", "139": "E", "7": "W", "108": "S", "37": "W"}, {"101": "S", "96": "S", "98": "E", "120": "N", "155": "S", "165": "S", "148": "N", "178": "N", "28": "S", "170": "S", "105": "N", "62": "N", "56": "S", "64": "N", "140": "E", "43": "W", "26": "N", "41": "E", "176": "N", "139": "E", "0": "E", "87": "S", "93": "E", "40": "S", "149": "E", "58": "W", "107": "N", "168": "W", "69": "W", "117": "S", "151": "S", "126": "S", "130": "N", "158": "W", "24": "S", "146": "S", "67": "E", "154": "W", "160": "E", "142": "S", "39": "N", "80": "S", "97": "W", "95": "S", "135": "N", "75": "E", "161": "S", "46": "S", "68": "S", "76": "N", "109": "S", "36": "W", "61": "E", "55": "E", "12": "E", "163": "W", "63": "W", "29": "E", "128": "S", "37": "W", "124": "N", "20": "W", "103": "E", "6": "N", "27": "S", "1": "E", "30": "E", "88": "S", "118": "S", "147": "S", "23": "N", "70": "N", "53": "S", "15": "W", "156": "N", "119": "S", "81": "W", "35": "E", "52": "W", "22": "W", "125": "W", "174": "N", "54": "W", "59": "E", "2": "E", "79": "N", "91": "N", "121": "W", "3": "N", "171": "E", "153": "N", "179": "N", "164": "S", "116": "E", "60": "E", "82": "S", "45": "S", "14": "E", "143": "W", "11": "W", "9": "W", "51": "S", "34": "N", "77": "W", "78": "N", "17": "E", "48": "W", "44": "E", "110": "W", "141": "E", "169": "W", "33": "N", "18": "N", "65": "N", "50": "W", "100": "W", "173": "E", "90": "N", "49": "S", "132": "S", "74": "W", "38": "S", "136": "N", "19": "S", "5": "E", "111": "W", "57": "S", "4": "E"}, {"38": "E", "173": "N", "81": "W", "151": "S", "47": "W", "40": "W", "20": "W", "153": "S", "116": "E", "156": "E", "57": "S", "54": "W", "63": "W", "170": "S", "149": "E", "96": "N", "2": "E", "111": "W", "14": "E", "168": "N", "12": "W", "31": "W", "11": "W", "24": "E", "13": "W", "119": "S", "15": "W", "79": "N", "4": "N", "103": "S", "44": "E", "124": "E", "49": "E", "74": "W", "147": "S", "60": "N", "140": "E", "34": "N", "51": "N", "18": "E", "143": "S", "53": "E", "27": "S", "179": "E", "33": "N", "64": "S", "82": "N", "5": "N", "93": "N", "100": "W", "41": "W", "171": "E", "32": "E", "125": "N", "130": "N", "132": "E", "107": "N", "61": "W", "117": "N", "50": "W", "161": "W", "98": "W", "133": "E", "105": "E", "163": "W", "175": "N", "0": "E", "115": "S", "68": "E", "155": "W", "112": "E", "17": "W", "26": "W", "120": "N", "129": "E", "76": "E", "62": "N", "88": "S", "148": "N", "160": "W", "77": "N", "1": "S", "75": "E", "19": "S", "169": "W", "135": "N", "158": "W", "139": "W", "39": "N", "176": "N", "118": "W", "42": "W", "136": "S", "7": "N", "46": "N", "108": "W", "9": "W", "97": "W", "29": "S", "6": "N", "36": "N", "67": "S", "110": "W", "22": "S", "28": "S", "35": "N", "165": "W", "37": "W", "91": "W", "141": "S", "78": "W", "65": "W", "109": "W", "90": "S", "59": "W", "70": "N", "86": "E", "128": "S", "178": "N", "164": "W", "52": "W", "87": "S", "174": "E", "58": "W", "43": "N", "3": "N", "69": "S", "113": "W", "121": "W"}, {"147": "S", "76": "E", "20": "S", "141": "S", "65": "N", "168": "W", "34": "W", "24": "S", "113": "W", "45": "W", "108": "S", "167": "W", "135": "N", "163": "E", "128": "S", "53": "W", "17": "S", "43": "N", "126": "S", "165": "W", "90": "S", "26": "W", "98": "S", "93": "W", "46": "N", "32": "W", "116": "N", "100": "E", "50": "N", "35": "N", "176": "N", "171": "E", "60": "E", "18": "E", "44": "N", "64": "S", "125": "E", "88": "S", "71": "S", "118": "W", "55": "S", "156": "S", "146": "S", "36": "S", "22": "S", "143": "S", "4": "N", "75": "N", "37": "W", "77": "S", "110": "E", "81": "W", "148": "N", "179": "N", "95": "S", "67": "W", "170": "S", "13": "W", "6": "E", "28": "E", "69": "N", "111": "W", "54": "E", "58": "W", "3": "N", "42": "W", "19": "S", "173": "W", "119": "S", "63": "E", "151": "S", "27": "S", "2": "S", "164": "S", "47": "W", "31": "E", "23": "W", "79": "N", "178": "E", "78": "W", "155": "W", "68": "N", "158": "S", "109": "W", "105": "N", "115": "E", "12": "S", "96": "N", "120": "E", "132": "S", "107": "N", "40": "E", "160": "W", "161": "E", "70": "N", "14": "S", "82": "S", "136": "S", "169": "W", "38": "N", "56": "S", "97": "N", "101": "W", "52": "S", "9": "W", "57": "S", "139": "S", "174": "E", "103": "W", "51": "S", "0": "E", "142": "W", "117": "N", "140": "N", "121": "W", "175": "N", "149": "W", "5": "S", "39": "E", "30": "E", "33": "N", "11": "W", "130": "S", "48": "E", "154": "N", "1": "W", "122": "N"}, {"82": "S", "111": "W", "13": "W", "37": "W", "170": "S", "59": "E", "57": "S", "50": "N", "31": "N", "78": "W", "69": "W", "155": "W", "27": "S", "2": "E", "64": "N", "112": "N", "14": "N", "17": "W", "26": "W", "117": "N", "45": "S", "67": "W", "142": "W", "135": "E", "95": "W", "174": "N", "38": "N", "70": "W", "129": "E", "139": "N", "169": "S", "118": "W", "43": "E", "109": "W", "48": "E", "19": "E", "153": "S", "41": "S", "121": "W", "1": "S", "133": "E", "87": "E", "100": "N", "40": "E", "51": "W", "178": "N", "65": "N", "136": "E", "107": "E", "36": "W", "33": "N", "52": "W", "116": "E", "39": "E", "44": "N", "164": "S", "113": "W", "115": "E", "55": "W", "68": "N", "28": "E", "96": "E", "160": "W", "149": "S", "63": "S", "32": "E", "165": "S", "128": "E", "156": "E", "12": "N", "24": "S", "98": "E", "76": "W", "4": "S", "79": "S", "11": "W", "18": "W", "61": "S", "105": "E", "81": "W", "141": "W", "130": "S", "74": "E", "60": "E", "91": "W", "23": "N", "20": "W", "167": "W", "15": "S", "88": "W", "3": "N", "5": "W", "54": "W", "80": "S", "90": "W", "179": "N", "35": "W", "9": "W", "154": "N", "168": "W", "119": "S", "30": "N", "101": "W", "125": "S", "46": "S", "143": "E", "161": "W", "110": "W", "0": "E", "34": "N", "93": "N", "148": "E", "62": "N", "151": "E"}, {"1": "E", "5": "S", "179": "N", "146": "E", "17": "E", "165": "S", "175": "N", "58": "S", "13": "N", "155": "S", "113": "W", "112": "N", "87": "W", "108": "S", "68": "N", "69": "N", "75": "E", "65": "W", "34": "N", "51": "S", "163": "N", "48": "W", "47": "W", "45": "S", "52": "S", "71": "S", "130": "N", "78": "W", "67": "E", "44": "E", "107": "S", "101": "W", "9": "W", "151": "E", "55": "W", "43": "N", "178": "N", "2": "E", "36": "W", "11": "N", "91": "W", "24": "S", "111": "W", "169": "S", "82": "S", "176": "W", "29": "E", "167": "W", "57": "S", "61": "N", "63": "S", "6": "N", "140": "N", "76": "W", "77": "W", "136": "E", "38": "N", "149": "N", "141": "E", "97": "W", "56": "S", "22": "S", "27": "W", "156": "S", "119": "S", "19": "W", "154": "S", "129": "E", "42": "N", "148": "E", "171": "S", "37": "N", "64": "S", "98": "E", "3": "E", "139": "E", "31": "S", "32": "E", "174": "S", "40": "N", "50": "W", "88": "S", "153": "S", "132": "W", "54": "W", "100": "W", "7": "N", "96": "E", "4": "E", "15": "S", "60": "E", "147": "W", "12": "S", "121": "W", "70": "N", "74": "W", "164": "S", "33": "N", "18": "E", "14": "S", "93": "N", "90": "E", "0": "E", "160": "S", "135": "N", "41": "E", "133": "W", "110": "S", "79": "N", "30": "E", "170": "S", "116": "E", "109": "S", "46": "S", "53": "E", "28": "E", "39": "E", "81": "W", "161": "S", "59": "E", "35": "N", "125": "S", "120": "W", "62": "N", "26": "S"}, {"141": "N", "31": "E", "95": "S", "76": "N", "11": "N", "156": "E", "155": "S", "101": "S", "147": "S", "13": "N", "173": "E", "19": "S", "130": "N", "128": "S", "113": "N", "175": "N", "143": "N", "69": "W", "139": "N", "112": "W", "12": "E", "5": "E", "68": "E", "93": "N", "26": "S", "57": "S", "67": "N", "45": "S", "54": "S", "17": "N", "164": "S", "87": "W", "70": "N", "179": "E", "110": "W", "161": "S", "120": "E", "71": "W", "146": "E", "40": "W", "88": "S", "37": "N", "80": "E", "103": "S", "15": "W", "121": "W", "135": "N", "52": "N", "174": "N", "98": "E", "9": "W", "165": "W", "105": "N", "170": "E", "149": "E", "140": "E", "63": "W", "38": "E", "79": "N", "109": "S", "136": "S", "6": "E", "151": "S", "47": "S", "81": "W", "30": "E", "42": "E", "91": "W", "22": "S", "90": "S", "154": "E", "125": "N", "46": "N", "94": "E", "48": "W", "132": "N", "24": "S", "34": "W", "58": "S", "44": "E", "43": "E", "18": "S", "41": "S", "82": "W", "97": "N", "62": "N", "4": "W", "33": "W", "100": "E", "29": "N", "50": "N", "116": "W", "39": "E", "160": "N", "176": "W", "55": "N", "78": "W", "163": "E", "178": "W", "20": "W", "1": "W", "115": "S", "148": "N", "96": "S", "107": "E", "51": "E", "0": "E", "59": "N"}, {"7": "N", "74": "W", "43": "S", "64": "S", "30": "E", "132": "E", "54": "S", "143": "E", "81": "W", "115": "W", "164": "S", "9": "W", "117": "N", "40": "W", "20": "S", "14": "S", "109": "S", "112": "N", "93": "W", "24": "S", "139": "N", "128": "E", "155": "W", "135": "N", "34": "N", "121": "W", "147": "W", "67": "N", "6": "E", "69": "E", "100": "E", "105": "W", "79": "N", "17": "S", "107": "S", "65": "W", "129": "E", "163": "E", "57": "S", "97": "N", "0": "E", "48": "S", "140": "E", "178": "W", "167": "W", "1": "N", "26": "S", "5": "W", "41": "S", "170": "E", "176": "E", "70": "N", "50": "N", "18": "E", "87": "S", "61": "S", "77": "E", "47": "W", "179": "E", "82": "W", "32": "W", "45": "S", "116": "N", "58": "N", "90": "S", "165": "S", "118": "N", "168": "N", "98": "N", "38": "S", "120": "S", "156": "S", "91": "W", "110": "W", "22": "S", "31": "E", "76": "N", "101": "W", "174": "S", "12": "N", "146": "E", "95": "S", "29": "E", "71": "W", "53": "E", "55": "S", "60": "E", "68": "N", "108": "S", "160": "W", "148": "N", "154": "N", "33": "N", "75": "N", "63": "E", "52": "E", "46": "E", "130": "W", "149": "N", "153": "S", "119": "S", "19": "E", "39": "E", "141": "E", "88": "S", "28": "E", "37": "N", "11": "N", "35": "E", "103": "W", "136": "E"}, {"41": "E", "33": "W", "29": "E", "17": "S", "68": "E", "22": "S", "58": "W", "64": "S", "9": "W", "38": "E", "55": "N", "54": "W", "93": "N", "91": "S", "143": "S", "133": "E", "43": "E", "4": "N", "57": "S", "78": "W", "117": "S", "50": "W", "115": "S", "108": "W", "174": "S", "40": "S", "32": "N", "141": "E", "12": "S", "63": "S", "69": "W", "165": "W", "52": "W", "20": "S", "169": "W", "121": "W", "107": "E", "103": "W", "112": "W", "153": "S", "111": "W", "77": "S", "6": "E", "46": "S", "74": "W", "31": "S", "82": "S", "59": "N", "97": "N", "60": "E", "76": "W", "149": "S", "154": "W", "175": "W", "39": "E", "98": "E", "79": "E", "118": "W", "136": "S", "48": "W", "62": "E", "130": "S", "36": "S", "95": "S", "120": "S", "34": "N", "164": "S", "18": "E", "100": "W", "42": "W", "47": "E", "167": "S", "19": "E", "88": "S", "27": "S", "132": "E", "35": "N", "161": "E", "11": "N", "151": "E", "139": "N", "53": "E", "28": "E", "147": "S", "126": "S", "179": "E", "30": "S", "45": "S", "24": "S", "26": "N", "71": "W", "110": "S", "3": "E", "116": "W", "15": "S", "163": "E", "80": "E", "81": "W", "105": "W", "101": "W", "148": "W", "67": "S", "176": "S", "156": "W", "51": "S", "37": "N", "1": "S", "61": "S", "87": "S", "75": "N"}, {"110": "S", "20": "S", "46": "E", "67": "W", "156": "S", "105": "N", "170": "S", "141": "E", "96": "S", "48": "E", "101": "N", "132": "E", "55": "W", "147": "E", "80": "E", "33": "E", "5": "S", "61": "E", "100": "W", "178": "N", "75": "E", "175": "N", "42": "W", "12": "S", "95": "S", "142": "W", "148": "W", "116": "N", "79": "S", "19": "E", "87": "S", "82": "W", "51": "S", "35": "N", "54": "S", "151": "S", "15": "W", "17": "E", "111": "S", "179": "N", "136": "S", "133": "S", "71": "W", "91": "N", "36": "W", "76": "N", "32": "S", "78": "W", "109": "S", "81": "W", "169": "S", "117": "E", "59": "N", "39": "E", "52": "W", "118": "W", "108": "S", "47": "W", "9": "W", "112": "W", "163": "E", "22": "W", "74": "N", "161": "S", "4": "S", "173": "W", "11": "N", "153": "S", "171": "S", "14": "E", "63": "S", "98": "N", "45": "S", "88": "S", "93": "N", "115": "S", "30": "E", "70": "N", "1": "E", "64": "S", "57": "E", "143": "S", "60": "E", "28": "E", "24": "S", "167": "W", "37": "N", "121": "W", "174": "S", "69": "W", "126": "S", "90": "E", "149": "W", "77": "E", "68": "N", "107": "E", "97": "N", "155": "W", "27": "N", "165": "E", "40": "W", "103": "E", "50": "N", "176": "E", "160": "W", "130": "N", "58": "W", "18": "E", "34": "W", "38": "S", "120": "E", "53": "W", "139": "N", "31": "E"}, {"107": "S", "142": "W", "50": "N", "15": "S", "149": "N", "53": "N", "161": "S", "95": "E", "74": "N", "54": "N", "17": "W", "30": "N", "173": "N", "35": "E", "59": "E", "55": "E", "45": "E", "160": "W", "164": "S", "63": "W", "77": "W", "9": "N", "118": "S", "81": "W", "28": "E", "7": "W", "178": "E", "175": "E", "75": "N", "141": "E", "154": "N", "165": "W", "26": "S", "116": "E", "130": "E", "31": "E", "90": "E", "78": "S", "67": "W", "126": "S", "41": "E", "1": "S", "153": "S", "18": "N", "176": "N", "147": "S", "36": "S", "139": "N", "27": "S", "40": "W", "100": "N", "37": "N", "58": "S", "46": "N", "22": "W", "103": "S", "163": "W", "117": "W", "133": "S", "82": "S", "111": "W", "88": "S", "148": "N", "167": "W", "171": "E", "69": "W", "65": "S", "20": "W", "155": "W", "101": "E", "19": "S", "52": "S", "87": "E", "108": "E", "151": "S", "12": "W", "79": "E", "170": "E", "34": "W", "64": "S", "47": "W", "38": "E", "110": "S", "156": "S", "115": "N", "51": "S", "61": "N", "32": "E", "57": "E", "71": "N", "136": "E", "91": "W", "121": "W", "80": "E", "120": "E", "39": "E", "4": "N", "68": "N", "128": "S", "143": "E", "76": "N", "109": "S", "98": "N", "169": "S", "70": "N"}, {"133": "S", "26": "S", "88": "S", "136": "E", "110": "S", "160": "N", "161": "S", "1": "E", "68": "N", "75": "E", "55": "N", "125": "S", "74": "S", "90": "E", "53": "W", "69": "W", "45": "E", "148": "N", "173": "N", "105": "S", "63": "W", "100": "E", "81": "W", "108": "W", "115": "S", "80": "E", "20": "S", "31": "S", "130": "S", "78": "W", "28": "E", "70": "N", "9": "W", "19": "S", "15": "E", "79": "E", "143": "E", "11": "E", "58": "W", "27": "S", "112": "N", "169": "S", "175": "N", "128": "S", "54": "E", "154": "E", "147": "S", "93": "E", "37": "N", "132": "S", "40": "S", "120": "E", "149": "N", "126": "E", "155": "W", "164": "S", "48": "W", "178": "S", "117": "W", "142": "E", "176": "N", "12": "W", "103": "W", "116": "N", "107": "E", "153": "S", "98": "W", "156": "E", "64": "S", "17": "N", "57": "E", "141": "E", "67": "W", "47": "E", "38": "E", "51": "E", "101": "W", "163": "E", "39": "E", "7": "N", "109": "S", "97": "E", "171": "N", "30": "N", "121": "W", "52": "W", "36": "W", "34": "W", "50": "N", "111": "W", "77": "E", "82": "S", "167": "W", "22": "W", "35": "N", "18": "N", "4": "N", "61": "N", "151": "S", "91": "W", "32": "E"}, {"109": "S", "148": "E", "156": "E", "77": "E", "178": "W", "74": "W", "130": "S", "121": "W", "153": "S", "88": "S", "167": "S", "48": "S", "55": "N", "34": "W", "169": "S", "1": "E", "58": "N", "39": "E", "38": "E", "5": "S", "17": "S", "93": "N", "133": "E", "15": "W", "82": "S", "103": "W", "54": "N", "154": "E", "33": "S", "173": "W", "67": "N", "22": "W", "161": "W", "125": "E", "80": "N", "20": "S", "71": "E", "160": "W", "171": "E", "120": "S", "68": "E", "7": "N", "91": "W", "176": "E", "18": "S", "63": "W", "115": "S", "19": "S", "175": "E", "53": "S", "36": "N", "26": "S", "46": "E", "165": "N", "110": "S", "57": "E", "164": "S", "132": "E", "27": "S", "75": "E", "35": "E", "149": "W", "40": "S", "11": "N", "78": "W", "117": "N", "32": "S", "50": "N", "79": "E", "174": "E", "139": "E", "30": "S", "155": "W", "41": "W", "12": "N", "107": "E", "128": "S", "90": "E", "76": "N", "108": "E", "141": "N", "100": "E", "47": "E", "4": "S", "70": "N", "147": "S", "51": "S", "9": "W", "69": "W", "136": "N", "64": "S", "61": "N", "31": "N", "14": "N", "101": "N", "81": "W", "163": "W", "52": "E", "98": "W", "151": "E", "143": "E"}, {"7": "N", "33": "N", "53": "E", "155": "W", "153": "S", "148": "E", "178": "N", "54": "N", "4": "E", "1": "S", "163": "W", "36": "W", "17": "N", "143": "E", "48": "S", "75": "W", "32": "E", "42": "W", "93": "N", "80": "N", "171": "W", "125": "E", "63": "W", "81": "W", "30": "E", "68": "N", "74": "N", "164": "S", "147": "S", "121": "W", "167": "S", "130": "W", "88": "S", "151": "E", "156": "S", "35": "E", "47": "W", "64": "S", "176": "W", "31": "W", "112": "N", "117": "W", "40": "S", "100": "E", "109": "S", "9": "W", "59": "E", "61": "E", "128": "E", "11": "W", "34": "W", "78": "W", "91": "W", "120": "S", "51": "S", "19": "S", "46": "W", "175": "E", "101": "N", "161": "W", "90": "W", "12": "S", "118": "S", "82": "S", "22": "S", "15": "S", "37": "W", "38": "E", "111": "W", "98": "N", "174": "E", "18": "N", "69": "N", "14": "W", "27": "E", "136": "N", "142": "W", "169": "E", "76": "W", "139": "N", "103": "W", "79": "S", "141": "E", "108": "W", "77": "W", "154": "N", "71": "W", "28": "S", "41": "S", "39": "E", "110": "S", "146": "E", "105": "E", "58": "N", "160": "W", "52": "E", "97": "E", "133": "E"}, {"126": "W", "40": "W", "15": "S", "7": "N", "164": "S", "79": "S", "68": "N", "76": "N", "22": "S", "173": "E", "161": "S", "175": "W", "35": "N", "55": "N", "90": "S", "36": "N", "93": "N", "139": "N", "77": "S", "45": "E", "17": "S", "115": "E", "136": "S", "51": "S", "160": "N", "147": "S", "5": "S", "71": "E", "118": "W", "32": "E", "98": "N", "121": "N", "176": "E", "53": "S", "105": "W", "4": "S", "69": "E", "133": "E", "9": "W", "82": "E", "88": "S", "38": "S", "74": "N", "91": "W", "178": "S", "141": "E", "163": "E", "39": "E", "64": "S", "110": "W", "151": "S", "12": "N", "154": "N", "63": "S", "125": "N", "101": "N", "61": "E", "81": "W", "18": "E", "100": "S", "31": "W", "28": "E", "14": "S", "128": "E", "46": "E", "155": "W", "1": "E", "52": "S", "130": "N", "171": "E", "54": "W", "148": "W", "11": "E", "80": "E", "33": "N", "143": "N", "75": "N", "41": "S", "132": "W", "167": "S", "78": "W", "47": "E", "156": "S", "117": "N", "120": "N", "153": "S", "103": "E", "108": "S", "59": "W", "111": "W", "67": "W", "109": "W", "174": "E"}, {"115": "E", "7": "N", "47": "S", "38": "E", "151": "S", "28": "N", "154": "N", "110": "S", "4": "N", "121": "W", "41": "S", "52": "E", "120": "N", "9": "W", "37": "N", "109": "S", "32": "E", "15": "E", "75": "N", "100": "E", "33": "N", "148": "N", "161": "S", "173": "N", "51": "S", "53": "S", "164": "S", "64": "S", "59": "S", "11": "S", "108": "S", "46": "N", "35": "N", "117": "N", "12": "E", "55": "W", "171": "N", "71": "S", "31": "E", "101": "N", "98": "E", "105": "N", "61": "N", "48": "W", "82": "S", "1": "N", "34": "W", "130": "E", "30": "E", "139": "N", "39": "E", "156": "E", "78": "W", "142": "W", "128": "E", "76": "S", "103": "E", "153": "S", "136": "S", "67": "W", "54": "N", "160": "N", "79": "N", "126": "E", "149": "N", "68": "N", "143": "S", "147": "S", "141": "S", "90": "S", "58": "W", "132": "S", "155": "W", "167": "S", "133": "W", "174": "E", "40": "S", "26": "S", "81": "W", "97": "S", "17": "N", "77": "S", "91": "W", "125": "E", "74": "W", "63": "S", "163": "W"}, {"1": "E", "11": "E", "121": "W", "17": "N", "22": "S", "37": "N", "59": "E", "126": "S", "35": "N", "117": "N", "52": "N", "98": "N", "171": "E", "163": "E", "151": "S", "53": "W", "41": "E", "74": "N", "155": "S", "112": "S", "54": "S", "100": "N", "174": "S", "88": "E", "68": "N", "120": "W", "67": "W", "79": "N", "178": "W", "77": "W", "9": "W", "97": "N", "173": "W", "46": "N", "12": "N", "132": "E", "167": "S", "105": "S", "153": "E", "58": "W", "160": "N", "115": "N", "34": "N", "141": "N", "47": "S", "55": "N", "40": "S", "91": "W", "148": "N", "36": "W", "103": "W", "176": "N", "109": "S", "64": "W", "7": "E", "154": "N", "139": "N", "164": "S", "51": "S", "61": "E", "143": "N", "39": "E", "32": "E", "33": "N", "136": "S", "18": "E", "81": "W", "31": "E", "14": "S", "108": "S", "111": "W", "28": "S", "78": "W", "30": "N", "71": "N", "76": "W", "82": "S", "90": "S", "165": "N", "118": "S", "175": "E", "69": "N", "38": "E", "125": "S", "110": "S", "80": "N", "133": "E", "142": "S", "130": "E", "63": "S"}, {"91": "W", "80": "N", "46": "S", "100": "S", "33": "N", "26": "S", "111": "W", "141": "E", "55": "N", "52": "W", "78": "N", "117": "W", "176": "E", "74": "W", "88": "E", "105": "E", "167": "S", "110": "S", "173": "E", "40": "S", "71": "S", "147": "E", "148": "N", "4": "S", "143": "S", "174": "E", "48": "E", "31": "N", "142": "N", "32": "E", "22": "S", "82": "S", "77": "S", "1": "N", "47": "S", "37": "N", "14": "E", "132": "S", "61": "E", "67": "N", "9": "N", "171": "E", "120": "N", "39": "S", "136": "E", "75": "E", "69": "N", "53": "S", "76": "N", "64": "S", "112": "N", "68": "E", "115": "S", "35": "W", "38": "N", "28": "E", "133": "W", "125": "E", "98": "W", "63": "S", "18": "E", "118": "S", "153": "E", "79": "E", "42": "W", "81": "S", "103": "W", "15": "E", "151": "E", "41": "E", "154": "N", "17": "E", "163": "E", "165": "W", "130": "W", "36": "S", "161": "S", "34": "W", "12": "N", "175": "N", "156": "E", "11": "W", "139": "E", "178": "N", "109": "S", "7": "N", "121": "N", "58": "W", "54": "N", "160": "W"}, {"34": "W", "165": "N", "142": "S", "90": "E", "32": "N", "108": "S", "153": "E", "9": "N", "67": "N", "59": "E", "26": "S", "174": "S", "30": "E", "141": "N", "12": "E", "22": "S", "82": "S", "109": "E", "133": "E", "76": "E", "176": "E", "63": "S", "36": "N", "53": "S", "68": "E", "112": "W", "31": "E", "18": "E", "80": "N", "160": "W", "79": "N", "4": "S", "75": "E", "46": "E", "52": "S", "126": "N", "105": "S", "117": "N", "1": "E", "154": "N", "11": "W", "69": "N", "39": "E", "103": "N", "121": "N", "15": "E", "100": "E", "132": "E", "61": "S", "148": "N", "175": "E", "7": "N", "28": "E", "81": "W", "139": "E", "167": "S", "171": "E", "118": "S", "71": "N", "156": "S", "47": "S", "178": "S", "136": "E", "91": "W", "38": "E", "143": "N", "163": "E", "151": "E", "37": "N", "125": "N", "77": "E", "54": "N", "98": "N", "110": "S", "120": "E", "55": "N", "42": "W", "173": "W", "115": "S", "35": "N", "78": "N", "130": "E", "17": "N", "58": "W", "74": "W", "111": "W", "41": "E", "40": "S"}, {"47": "W", "160": "W", "53": "E", "55": "N", "38": "E", "118": "W", "39": "E", "100": "E", "141": "N", "110": "S", "136": "S", "28": "N", "80": "N", "109": "S", "17": "E", "1": "N", "22": "S", "40": "S", "77": "S", "71": "E", "68": "E", "120": "N", "174": "E", "163": "E", "35": "W", "79": "N", "58": "N", "11": "N", "142": "N", "111": "W", "69": "S", "97": "E", "125": "W", "4": "N", "36": "W", "7": "E", "59": "E", "132": "W", "63": "S", "91": "W", "12": "E", "117": "N", "153": "E", "130": "E", "171": "S", "52": "E", "76": "N", "176": "N", "105": "E", "126": "W", "30": "E", "154": "E", "156": "S", "26": "E", "67": "N", "14": "E", "112": "E", "121": "N", "46": "E", "133": "W", "75": "S", "9": "N", "143": "S", "115": "E", "167": "S", "148": "N", "151": "E", "34": "W", "175": "E", "90": "W", "15": "E", "139": "E", "42": "W", "161": "S", "178": "E", "103": "W", "18": "E", "165": "S", "81": "W", "74": "W", "82": "S"}, {"7": "N", "79": "N", "148": "E", "120": "E", "22": "N", "28": "E", "121": "N", "48": "S", "41": "E", "38": "E", "34": "W", "153": "N", "53": "W", "47": "W", "15": "E", "125": "S", "63": "S", "136": "E", "156": "S", "75": "E", "81": "W", "59": "N", "14": "S", "12": "N", "26": "W", "9": "N", "130": "E", "40": "S", "160": "W", "77": "E", "173": "W", "115": "E", "91": "W", "110": "S", "174": "E", "4": "S", "67": "N", "31": "W", "30": "E", "141": "E", "175": "S", "1": "E", "80": "N", "133": "N", "109": "S", "54": "N", "39": "E", "52": "W", "100": "S", "142": "S", "154": "N", "35": "W", "36": "N", "90": "S", "82": "E", "46": "E", "163": "S", "167": "S", "108": "W", "126": "W", "165": "N", "103": "W", "76": "N", "171": "E", "178": "E", "111": "W", "18": "E", "139": "E", "151": "N", "118": "S", "176": "W", "74": "W", "132": "W", "105": "E", "112": "E", "97": "N", "11": "E", "58": "W"}, {"163": "E", "48": "S", "100": "E", "110": "E", "115": "E", "82": "E", "133": "N", "176": "E", "161": "S", "143": "W", "15": "S", "14": "N", "118": "S", "53": "E", "178": "N", "97": "N", "26": "S", "22": "S", "31": "E", "108": "E", "59": "E", "74": "N", "111": "W", "139": "E", "41": "E", "136": "S", "76": "E", "38": "E", "58": "W", "18": "E", "121": "N", "142": "S", "165": "N", "46": "E", "105": "E", "130": "E", "125": "E", "132": "E", "63": "E", "11": "E", "67": "N", "28": "N", "52": "S", "79": "E", "90": "S", "174": "S", "71": "E", "1": "E", "54": "N", "33": "E", "55": "N", "77": "S", "148": "N", "75": "E", "112": "N", "34": "N", "91": "S", "120": "N", "40": "S", "171": "S", "17": "S", "154": "N", "173": "N", "12": "N", "156": "S", "117": "N", "35": "N", "81": "W", "36": "S", "39": "E", "126": "W", "103": "W", "80": "E", "69": "W", "141": "E", "47": "W", "160": "N", "151": "E"}, {"59": "E", "40": "S", "75": "E", "105": "E", "118": "E", "4": "S", "77": "S", "63": "S", "41": "E", "97": "W", "11": "E", "151": "E", "26": "E", "47": "W", "173": "W", "121": "N", "34": "N", "133": "N", "125": "E", "160": "W", "36": "S", "154": "E", "79": "N", "136": "S", "165": "N", "90": "S", "38": "N", "163": "E", "58": "W", "69": "W", "110": "S", "141": "W", "71": "E", "76": "E", "91": "W", "12": "E", "174": "E", "5": "W", "67": "N", "52": "E", "28": "E", "18": "E", "115": "S", "148": "N", "31": "E", "54": "E", "161": "S", "126": "E", "171": "N", "81": "S", "9": "E", "132": "S", "100": "S", "112": "E", "55": "N", "39": "E", "22": "S", "53": "W", "74": "N", "14": "S", "82": "S", "178": "N", "17": "E", "142": "W", "111": "W", "103": "S", "80": "E", "156": "S", "143": "W", "46": "E", "1": "E"}, {"36": "S", "31": "S", "130": "E", "34": "N", "37": "E", "76": "E", "125": "E", "178": "N", "28": "E", "103": "W", "149": "N", "71": "E", "11": "W", "47": "E", "5": "S", "110": "S", "79": "S", "35": "N", "53": "E", "174": "E", "115": "E", "105": "E", "40": "E", "26": "S", "160": "W", "112": "W", "74": "N", "14": "E", "176": "N", "126": "E", "39": "N", "30": "E", "55": "N", "18": "E", "120": "N", "154": "N", "171": "E", "80": "E", "165": "S", "136": "S", "63": "S", "142": "W", "100": "E", "82": "S", "173": "W", "59": "N", "156": "S", "22": "S", "58": "W", "17": "E", "143": "W", "46": "E", "9": "E", "38": "E", "90": "E", "132": "N", "41": "E", "75": "E", "161": "W", "81": "S", "133": "N", "4": "E", "97": "W", "141": "N", "1": "E", "91": "W", "52": "W", "163": "E", "69": "E"}, {"9": "N", "30": "E", "71": "N", "34": "N", "81": "W", "141": "N", "11": "W", "79": "E", "178": "E", "136": "S", "4": "E", "161": "S", "132": "E", "112": "N", "52": "W", "59": "E", "103": "S", "173": "W", "156": "S", "41": "E", "91": "S", "22": "E", "40": "S", "1": "E", "105": "N", "142": "N", "46": "E", "74": "E", "69": "S", "133": "W", "143": "E", "108": "E", "26": "S", "115": "S", "55": "N", "28": "S", "160": "N", "14": "E", "118": "S", "53": "W", "100": "E", "97": "E", "15": "S", "12": "N", "174": "S", "47": "S", "58": "N", "90": "S", "35": "W", "17": "N", "31": "E", "36": "E", "126": "E", "176": "W", "130": "E", "110": "E", "82": "E", "63": "E", "39": "E", "5": "S", "171": "E", "38": "E", "154": "N", "76": "W", "80": "N", "163": "E", "121": "N", "120": "N"}, {"121": "N", "142": "W", "34": "W", "163": "S", "11": "E", "173": "N", "63": "S", "97": "N", "71": "N", "108": "S", "77": "E", "141": "S", "1": "E", "55": "N", "4": "E", "53": "E", "39": "E", "5": "E", "132": "E", "80": "E", "136": "S", "174": "E", "40": "S", "154": "N", "31": "E", "133": "S", "100": "E", "149": "N", "17": "E", "26": "S", "143": "E", "38": "S", "69": "N", "112": "W", "126": "W", "52": "N", "160": "W", "171": "S", "110": "S", "41": "E", "156": "E", "103": "W", "130": "N", "12": "N", "82": "E", "115": "S", "47": "S", "91": "S", "36": "S", "46": "E", "105": "E", "79": "N", "120": "E", "76": "N", "58": "W", "9": "W", "35": "N", "90": "E", "178": "N", "118": "N", "59": "E", "161": "W", "74": "W", "22": "E", "176": "N", "81": "S", "165": "W"}, {"118": "E", "77": "E", "132": "S", "171": "S", "154": "E", "97": "W", "90": "S", "163": "E", "22": "S", "120": "N", "105": "E", "143": "E", "69": "W", "108": "W", "173": "N", "9": "W", "76": "N", "91": "S", "174": "E", "34": "N", "35": "N", "41": "E", "39": "E", "103": "W", "30": "N", "82": "E", "136": "S", "80": "N", "11": "N", "31": "E", "141": "N", "58": "N", "112": "N", "14": "N", "74": "W", "130": "N", "4": "E", "46": "N", "81": "S", "126": "W", "17": "E", "53": "E", "63": "E", "161": "W", "79": "N", "52": "E", "59": "E", "26": "S", "55": "N", "160": "N", "40": "E", "110": "S", "133": "W", "176": "N", "156": "E", "165": "W", "142": "W", "178": "N", "121": "N", "100": "N", "1": "E", "71": "W"}, {"16": "W"}, {"133": "W", "132": "N", "161": "E", "156": "E", "160": "W", "163": "N", "80": "E", "39": "E", "110": "E", "79": "N", "112": "N", "26": "E", "30": "N", "11": "N", "46": "E", "52": "E", "58": "N", "71": "W", "55": "N", "76": "N", "100": "S", "35": "W", "53": "W", "176": "N", "40": "E", "1": "E", "41": "N", "171": "E", "118": "S", "174": "S", "120": "N", "121": "N", "9": "N", "82": "E", "31": "E", "154": "N", "141": "N", "136": "S", "74": "W", "130": "N", "103": "W", "17": "N", "63": "S", "69": "N", "59": "E", "12": "E", "126": "S", "165": "N", "22": "S", "90": "S", "81": "E", "105": "E", "77": "E", "4": "E", "97": "N", "34": "W", "178": "N", "108": "S", "142": "E"}, {"160": "N", "76": "N", "165": "S", "133": "N", "132": "S", "77": "S", "90": "S", "69": "W", "103": "W", "115": "W", "12": "N", "55": "E", "80": "E", "41": "N", "120": "E", "11": "N", "118": "S", "143": "E", "141": "N", "154": "E", "63": "S", "82": "E", "1": "E", "52": "S", "178": "W", "142": "E", "17": "E", "40": "E", "79": "E", "110": "S", "4": "N", "9": "N", "130": "N", "59": "E", "163": "S", "108": "W", "136": "S", "112": "N", "34": "W", "53": "E", "39": "E", "58": "N", "31": "S", "156": "E", "171": "E", "161": "S", "121": "N", "71": "W", "30": "N", "74": "W", "22": "E", "100": "E", "176": "N", "35": "N", "26": "S", "174": "S"}, {"34": "W", "39": "E", "90": "S", "121": "W", "173": "E", "69": "W", "11": "N", "132": "N", "161": "S", "178": "W", "174": "S", "58": "N", "110": "E", "142": "W", "141": "N", "143": "E", "1": "E", "59": "N", "156": "E", "112": "N", "79": "N", "35": "N", "26": "S", "52": "W", "31": "N", "74": "N", "63": "W", "176": "N", "22": "E", "165": "S", "120": "E", "136": "E", "17": "E", "12": "N", "53": "N", "100": "N", "118": "S", "30": "N", "163": "N", "82": "E", "77": "E", "133": "E", "46": "E", "71": "N", "108": "S", "76": "N", "55": "E", "4": "N", "103": "W", "154": "N", "130": "N", "41": "E", "40": "E", "126": "N", "171": "E", "9": "N"}, {"35": "N", "69": "W", "63": "S", "76": "N", "160": "N", "163": "N", "171": "S", "178": "W", "110": "E", "46": "E", "26": "W", "34": "N", "11": "N", "132": "S", "71": "N", "176": "N", "58": "N", "55": "E", "103": "S", "118": "S", "40": "E", "17": "E", "165": "E", "100": "S", "154": "E", "9": "N", "136": "S", "108": "S", "12": "N", "97": "N", "112": "N", "121": "N", "156": "E", "82": "E", "59": "E", "52": "S", "53": "E", "126": "S", "4": "E", "133": "S", "41": "E", "79": "E", "130": "N", "31": "E", "39": "E", "173": "E", "1": "E", "90": "E", "77": "E", "141": "N", "120": "E", "143": "E", "74": "W", "174": "S", "161": "W", "142": "W"}, {"12": "E", "100": "E", "136": "S", "163": "E", "112": "W", "52": "W", "142": "N", "58": "N", "105": "E", "176": "W", "178": "N", "97": "E", "133": "E", "126": "E", "121": "N", "11": "N", "132": "E", "174": "S", "141": "N", "173": "E", "35": "N", "118": "S", "17": "E", "108": "E", "79": "N", "82": "E", "154": "E", "26": "S", "161": "S", "165": "W", "4": "W", "74": "W", "69": "S", "63": "S", "9": "N", "77": "N", "1": "E", "171": "S", "46": "E", "90": "E", "31": "E", "71": "E", "110": "N", "34": "N", "156": "E", "130": "N", "53": "E", "59": "E", "120": "E"}, {"41": "E", "136": "S", "126": "N", "4": "S", "90": "N", "154": "S", "17": "W", "171": "S", "112": "N", "46": "E", "132": "S", "11": "W", "59": "E", "77": "E", "108": "S", "141": "N", "58": "N", "63": "E", "52": "W", "176": "N", "163": "E", "12": "N", "174": "S", "178": "W", "97": "N", "53": "S", "9": "N", "130": "N", "120": "W", "74": "W", "165": "W", "161": "S", "118": "S", "100": "S", "121": "N", "142": "N", "82": "E", "110": "N", "173": "E", "71": "N"}, {"132": "E", "142": "N", "74": "W", "41": "E", "110": "E", "165": "W", "52": "W", "12": "N", "171": "S", "136": "E", "133": "W", "174": "S", "69": "S", "59": "N", "53": "E", "178": "N", "118": "S", "9": "N", "11": "W", "121": "E", "108": "N", "112": "S", "100": "E", "58": "N", "141": "N", "126": "S", "90": "E", "120": "N", "97": "N", "4": "E", "71": "E", "130": "N", "173": "N", "17": "E", "176": "N", "154": "E", "82": "S", "46": "S", "31": "E", "163": "S"}, {"90": "E", "17": "E", "59": "N", "165": "S", "53": "E", "71": "E", "176": "W", "12": "N", "58": "N", "130": "E", "120": "S", "121": "N", "74": "N", "112": "W", "100": "W", "9": "N", "126": "S", "178": "N", "163": "E", "41": "S", "108": "E", "110": "E", "82": "E", "97": "W", "173": "N", "142": "E", "52": "S", "46": "W", "174": "E", "171": "E", "154": "E", "4": "N", "132": "N", "141": "E", "136": "E", "161": "W"}, {"161": "S", "53": "S", "173": "W", "178": "E", "154": "N", "74": "N", "46": "S", "17": "E", "9": "N", "82": "E", "112": "W", "90": "S", "165": "S", "71": "W", "121": "N", "52": "S", "141": "N", "126": "N", "120": "S", "163": "E", "59": "N", "132": "E", "174": "E", "176": "N", "108": "N", "4": "E", "41": "E", "12": "N", "142": "N", "110": "E", "100": "N", "130": "N", "133": "E", "58": "E", "171": "S"}, {"58": "N", "82": "N", "120": "E", "173": "N", "133": "E", "142": "N", "178": "N", "132": "E", "141": "E", "52": "S", "110": "E", "90": "E", "171": "S", "154": "E", "71": "W", "41": "E", "4": "N", "12": "E", "59": "E", "53": "S", "165": "W", "130": "E", "17": "E", "161": "S", "163": "E", "121": "N", "100": "N", "174": "W", "126": "N", "46": "S", "176": "E", "112": "W", "9": "N"}, {"4": "E", "71": "E", "142": "N", "133": "E", "163": "N", "110": "E", "12": "N", "90": "E", "100": "E", "165": "S", "41": "N", "178": "E", "161": "E", "174": "S", "52": "S", "154": "E", "171": "S", "132": "E", "53": "S", "9": "W", "17": "E", "121": "N", "59": "E", "130": "E", "126": "E", "176": "E", "120": "N", "173": "W", "46": "N", "58": "N", "141": "N", "82": "E"}, {"163": "E", "46": "N", "178": "N", "176": "N", "71": "E", "59": "S", "130": "N", "52": "S", "17": "E", "53": "S", "12": "E", "126": "E", "173": "N", "9": "N", "165": "S", "120": "S", "154": "E", "100": "E", "121": "N", "142": "N", "41": "N", "82": "E", "141": "N", "110": "E", "4": "N", "171": "S", "174": "S", "58": "N", "133": "E"}, {"12": "E", "174": "E", "4": "E", "110": "S", "173": "E", "163": "E", "41": "N", "178": "N", "130": "E", "176": "N", "9": "N", "100": "E", "59": "E", "58": "N", "46": "E", "82": "E", "120": "E", "165": "S", "71": "N", "142": "N", "141": "N", "133": "W", "132": "S", "53": "E", "126": "E", "171": "S", "52": "S", "17": "E"}, {"141": "N", "171": "S", "142": "N", "174": "E", "163": "E", "176": "W", "126": "S", "100": "E", "12": "E", "130": "E", "46": "E", "165": "S", "53": "E", "41": "N", "178": "N", "17": "E", "71": "W", "120": "S", "133": "N", "173": "N", "9": "N", "59": "E", "110": "E", "82": "E", "52": "S", "132": "E", "4": "E"}, {"130": "E", "132": "S", "142": "N", "171": "E", "165": "S", "178": "E", "120": "E", "100": "E", "9": "E", "53": "E", "41": "N", "71": "W", "59": "N", "17": "E", "133": "W", "46": "S", "126": "E", "82": "E", "12": "E", "174": "W", "4": "S", "110": "E", "173": "N", "176": "N", "141": "E"}, {"59": "E", "133": "W", "110": "E", "142": "N", "4": "E", "12": "E", "126": "E", "173": "N", "174": "S", "71": "W", "176": "W", "120": "E", "171": "E", "17": "N", "178": "E", "132": "S", "130": "E", "165": "S", "82": "E", "53": "S", "100": "E", "41": "E", "141": "E", "46": "E"}, {"165": "E", "82": "E", "110": "S", "132": "E", "133": "W", "141": "E", "173": "W", "171": "E", "100": "E", "126": "E", "142": "N", "17": "E", "174": "W", "71": "W", "41": "E", "53": "N", "46": "S", "12": "E", "4": "S", "176": "W", "120": "S"}, {"46": "S", "17": "N", "133": "E", "71": "N", "176": "S", "4": "E", "120": "E", "82": "E", "171": "E", "126": "N", "141": "E", "174": "S", "53": "S", "110": "E", "173": "W", "132": "S", "165": "E"}, {"174": "S", "132": "S", "120": "E", "126": "E", "53": "E", "4": "S", "133": "E", "173": "W", "71": "N", "82": "E", "165": "E", "17": "E", "171": "E", "110": "E", "46": "S"}, {"165": "S", "120": "N", "53": "E", "4": "E", "171": "E", "126": "E", "17": "E", "173": "S", "132": "S", "110": "N", "133": "N", "46": "S", "71": "N", "174": "S"}, {"46": "S", "165": "S", "132": "S", "17": "E", "110": "E", "171": "S", "4": "E", "71": "N", "120": "E", "133": "N", "174": "E", "53": "E"}, {"132": "E", "174": "S", "4": "E", "71": "N", "120": "N", "110": "E", "53": "E", "46": "E", "165": "S", "171": "S", "133": "E"}, {"4": "S", "46": "E", "120": "E", "110": "N", "71": "N", "132": "E", "174": "S", "133": "N", "171": "S"}, {"71": "N", "132": "S", "110": "E", "46": "E", "120": "E", "133": "N"}, {"46": "E", "133": "W", "71": "W", "132": "E", "120": "E"}, {"132": "E", "46": "E", "120": "E", "133": "N"}, {"133": "W", "120": "S", "132": "E"}, {"133": "W", "132": "E", "120": "E"}, {"133": "N", "132": "S", "120": "E"}, {"132": "S", "133": "N", "120": "N"}, {"132": "W", "120": "E", "133": "N"}, {"120": "N", "133": "N"}, {"120": "E", "133": "N"}, {"16": "N"}, {"16": "N"}, {"16": "N"}, {"16": "N"}, {"16": "N"}, {"16": "N"}, {"16": "E"}, {"16": "E"}, {"16": "E"}, {"16": "E"}, {"16": "E"}, {"16": "E"}, {"16": "E"}, {"16": "E"}, {"16": "E"}, {"16": "N"}, {"16": "E"}, {"16": "E"}, {"16": "S"}, {"16": "E"}, {"16": "E"}, {"16": "S"}, {"16": "E"}, {"16": "E"}, {"16": "N"}, {"16": "E"}, {"16": "E"}, {"16": "N"}, {"16": "E"}, {"16": "E"}, {"16": "E"}, {"16": "E"}, {"16": "E"}, {"16": "E"}, {"16": "E"}, {"16": "E"}, {"16": "S"}, {"99": "N"}, {"99": "N"}, {"99": "E"}, {"99": "E"}, {"99": "S"}, {"99": "E"}, {"99": "E"}, {"99": "E"}, {"99": "E"}, {"99": "N"}, {"99": "E"}, {"99": "E"}, {"99": "S"}, {"99": "E"}, {"99": "E"}, {"99": "N"}, {"99": "E"}, {"99": "E"}, {"99": "E"}, {"99": "E"}, {"99": "E"}, {"99": "E"}, {"99": "E"}, {"99": "E"}, {"99": "E"}, {"99": "E"}, {"99": "E"}, {"99": "E"}, {"99": "N"}, {"99": "E"}, {"99": "E"}, {"99": "E"}, {"99": "E"}, {"99": "S"}, {"99": "E"}, {"99": "E"}, {"166": "W"}, {"166": "W"}, {"166": "W"}, {"166": "W"}, {"166": "W"}, {"166": "N"}, {"166": "N"}, {"166": "N"}, {"166": "N"}, {"166": "N"}, {"166": "N"}, {"166": "W"}, {"166": "W"}, {"166": "S"}, {"72": "N"}, {"72": "N"}, {"72": "E"}, {"72": "E"}, {"72": "E"}, {"72": "E"}, {"72": "E"}, {"72": "E"}, {"72": "N"}, {"72": "E"}, {"72": "N"}, {"72": "E"}, {"72": "E"}, {"72": "E"}, {"72": "N"}, {"72": "N"}, {"72": "N"}, {"72": "N"}, {"72": "N"}, {"72": "N"}, {"72": "E"}, {"72": "N"}, {"72": "E"}, {"72": "E"}, {"72": "E"}, {"72": "N"}, {"72": "E"}, {"72": "E"}, {"72": "E"}, {"72": "E"}, {"72": "N"}, {"72": "E"}, {"72": "N"}, {"72": "E"}, {"72": "N"}, {"72": "N"}, {"72": "N"}, {"83": "W"}, {"83": "W"}, {"83": "W"}, {"83": "W"}, {"83": "W"}, {"83": "W"}, {"83": "W"}, {"83": "W"}, {"83": "W"}, {"83": "W"}, {"83": "W"}, {"83": "N"}, {"83": "W"}, {"83": "N"}, {"83": "W"}, {"83": "N"}, {"73": "S"}, {"73": "S"}, {"73": "S"}, {"73": "E"}, {"73": "E"}, {"73": "S"}, {"73": "E"}, {"73": "E"}, {"73": "E"}, {"73": "E"}, {"73": "E"}, {"73": "E"}, {"73": "S"}, {"73": "S"}, {"73": "S"}, {"73": "S"}, {"73": "S"}, {"73": "S"}, {"73": "S"}, {"73": "S"}, {"73": "S"}, {"73": "S"}, {"73": "E"}, {"73": "S"}, {"73": "S"}, {"73": "S"}, {"73": "S"}, {"73": "S"}, {"73": "E"}, {"73": "E"}, {"84": "N"}, {"84": "N"}, {"84": "N"}, {"84": "N"}, {"84": "N"}, {"84": "N"}, {"84": "N"}, {"84": "N"}, {"84": "N"}, {"84": "N"}, {"84": "N"}, {"84": "N"}, {"84": "E"}, {"84": "N"}, {"84": "N"}, {"84": "N"}, {"84": "N"}, {"84": "N"}, {"84": "E"}, {"84": "E"}, {"84": "E"}, {"84": "E"}, {"84": "E"}, {"84": "N"}, {"84": "E"}, {"84": "N"}, {"84": "N"}, {"84": "E"}, {"84": "E"}, {"84": "E"}, {"85": "W"}, {"85": "W"}, {"85": "W"}, {"85": "S"}, {"85": "W"}, {"85": "S"}, {"85": "W"}, {"85": "W"}, {"85": "W"}, {"85": "W"}, {"85": "W"}, {"85": "W"}, {"85": "W"}, {"85": "W"}, {"85": "S"}, {"85": "S"}, {"85": "W"}, {"85": "W"}, {"85": "W"}, {"85": "W"}, {"85": "S"}, {"85": "W"}, {"85": "W"}, {"85": "W"}, {"85": "W"}, {"85": "S"}, {"85": "S"}, {"21": "S"}, {"21": "S"}, {"21": "S"}, {"21": "S"}, {"21": "S"}, {"21": "S"}, {"21": "S"}, {"21": "S"}, {"21": "E"}, {"21": "S"}, {"21": "E"}, {"21": "S"}, {"21": "S"}, {"21": "S"}, {"21": "E"}, {"21": "E"}, {"21": "S"}, {"21": "S"}, {"21": "S"}, {"21": "S"}, {"21": "S"}, {"21": "S"}, {"21": "S"}, {"21": "S"}, {"21": "S"}, {"21": "S"}, {"21": "E"}, {"21": "E"}, {"21": "E"}, {"21": "S"}, {"21": "S"}, {"21": "E"}, {"21": "S"}, {"21": "E"}, {"21": "E"}, {"21": "S"}, {"21": "S"}, {"21": "E"}, {"21": "S"}, {"21": "E"}, {"21": "E"}, {"21": "E"}, {"21": "S"}, {"21": "E"}, {"21": "S"}, {"8": "W"}, {"8": "W"}, {"8": "W"}, {"8": "W"}, {"8": "W"}, {"8": "W"}, {"8": "W"}, {"8": "W"}, {"8": "W"}, {"8": "N"}, {"8": "N"}, {"8": "N"}, {"8": "N"}, {"8": "N"}, {"8": "N"}, {"8": "W"}, {"8": "N"}, {"8": "N"}, {"8": "W"}, {"8": "W"}, {"8": "N"}, {"8": "W"}, {"8": "N"}, {"8": "N"}, {"8": "W"}, {"8": "W"}, {"8": "W"}, {"8": "N"}, {"8": "W"}, {"8": "N"}, {"8": "W"}, {"8": "W"}, {"8": "N"}, {"8": "N"}, {"8": "N"}, {"8": "N"}, {"8": "N"}, {"8": "W"}, {"8": "N"}, {"8": "W"}, {"8": "N"}, {"8": "W"}, {"8": "W"}, {"8": "N"}, {"8": "N"}, {"8": "N"}, {"8": "W"}, {"8": "W"}, {"8": "W"}, {"159": "W"}, {"159": "S"}, {"159": "S"}, {"159": "S"}, {"159": "E"}, {"159": "S"}, {"159": "S"}, {"159": "S"}, {"159": "S"}, {"159": "S"}, {"159": "W"}, {"159": "S"}, {"159": "S"}, {"159": "S"}, {"159": "S"}, {"159": "S"}, {"159": "S"}, {"159": "S"}, {"159": "S"}, {"159": "S"}, {"159": "S"}, {"159": "S"}, {"159": "W"}, {"159": "S"}, {"159": "W"}, {"92": "W"}, {"92": "S"}, {"92": "S"}, {"92": "W"}, {"92": "W"}, {"92": "W"}, {"92": "W"}, {"92": "N"}, {"92": "W"}, {"92": "W"}, {"92": "W"}, {"92": "W"}, {"92": "W"}, {"92": "W"}, {"92": "W"}, {"92": "W"}, {"92": "W"}, {"92": "W"}, {"92": "W"}, {"92": "W"}, {"92": "W"}, {"92": "W"}, {"92": "W"}, {"92": "W"}, {"92": "W"}, {"92": "N"}, {"144": "S"}, {"144": "S"}, {"144": "S"}, {"144": "S"}, {"144": "S"}, {"144": "S"}, {"144": "E"}, {"144": "S"}, {"144": "S"}, {"144": "S"}, {"144": "S"}, {"144": "E"}, {"144": "S"}, {"144": "S"}, {"144": "S"}, {"144": "S"}, {"144": "S"}, {"144": "S"}, {"144": "S"}, {"144": "S"}, {"144": "S"}, {"144": "S"}, {"144": "S"}, {"144": "S"}, {"144": "E"}, {"144": "E"}, {"144": "E"}, {"144": "S"}, {"144": "S"}, {"144": "E"}, {"144": "S"}, {"144": "E"}, {"144": "E"}, {"144": "S"}, {"144": "S"}, {"144": "E"}, {"144": "S"}, {"144": "S"}, {"144": "S"}, {"144": "E"}, {"150": "S"}, {"150": "W"}, {"150": "S"}, {"150": "S"}, {"150": "S"}, {"150": "S"}, {"150": "W"}, {"150": "S"}, {"150": "W"}, {"150": "S"}, {"150": "S"}, {"150": "S"}, {"150": "S"}, {"150": "W"}, {"150": "S"}, {"150": "S"}, {"150": "S"}, {"150": "W"}, {"150": "S"}, {"150": "S"}, {"150": "S"}, {"150": "E"}, {"150": "S"}, {"150": "S"}, {"150": "E"}, {"150": "S"}, {"150": "S"}, {"150": "S"}, {"150": "S"}, {"150": "S"}, {"150": "W"}, {"150": "S"}, {"150": "S"}, {"150": "E"}, {"123": "W"}, {"123": "W"}, {"123": "W"}, {"123": "W"}, {"123": "W"}, {"123": "W"}, {"123": "W"}, {"123": "W"}, {"123": "W"}, {"123": "W"}, {"123": "W"}, {"123": "S"}, {"123": "S"}, {"123": "W"}, {"123": "W"}, {"123": "W"}, {"123": "W"}, {"123": "S"}, {"123": "S"}, {"123": "W"}, {"123": "W"}, {"123": "W"}, {"123": "W"}, {"123": "W"}, {"123": "S"}, {"123": "S"}, {"123": "S"}, {"123": "S"}, {"123": "W"}, {"123": "S"}, {"123": "S"}, {"123": "S"}, {"123": "S"}, {"123": "S"}, {"123": "W"}, {"114": "S"}, {"114": "S"}, {"114": "S"}, {"114": "S"}, {"114": "S"}, {"114": "S"}, {"114": "S"}, {"114": "S"}, {"114": "E"}, {"114": "E"}, {"102": "S"}, {"102": "W"}, {"102": "W"}, {"102": "S"}, {"102": "S"}, {"102": "S"}, {"102": "W"}, {"102": "W"}, {"102": "W"}, {"102": "W"}, {"102": "S"}, {"102": "W"}, {"102": "W"}, {"102": "W"}, {"102": "W"}, {"102": "S"}, {"102": "W"}, {"102": "S"}, {"102": "W"}, {"102": "W"}, {"102": "W"}, {"102": "S"}, {"102": "S"}, {"102": "W"}, {"102": "W"}, {"102": "W"}, {"102": "W"}, {"102": "W"}, {"102": "W"}, {"102": "S"}, {"102": "S"}, {"102": "S"}, {"102": "W"}, {"102": "W"}, {"102": "S"}, {"102": "W"}, {"102": "W"}, {"102": "W"}, {"102": "W"}, {"102": "W"}, {"102": "S"}, {"102": "S"}, {"102": "W"}, {"102": "S"}, {"172": "W"}, {"172": "W"}, {"172": "W"}, {"172": "W"}, {"172": "W"}, {"172": "W"}, {"172": "W"}, {"172": "S"}, {"172": "W"}, {"172": "W"}, {"172": "W"}, {"172": "W"}, {"172": "W"}, {"172": "W"}, {"172": "W"}, {"172": "S"}, {"172": "S"}, {"172": "S"}, {"172": "S"}, {"172": "S"}, {"172": "W"}, {"172": "S"}, {"172": "W"}, {"172": "S"}, {"172": "W"}, {"172": "S"}, {"172": "S"}, {"172": "S"}, {"172": "S"}, {"172": "W"}, {"172": "S"}, {"172": "W"}, {"172": "W"}, {"172": "S"}, {"172": "S"}, {"172": "W"}, {"172": "S"}, {"172": "S"}, {"172": "S"}, {"172": "S"}, {"172": "S"}, {"172": "S"}, {"172": "S"}, {"172": "S"}, {"172": "S"}, {"172": "S"}, {"172": "S"}, {"172": "S"}, {"172": "S"}, {"172": "S"}], "result": "SUCCESS", "makespan": 690, "sum": 5502, "algo_name": "OutAndInByPercentage_per_90_SW_"}