{"instance": "medium_free_000_30x30_20_180", "steps": [{"4": "W", "31": "W", "66": "N", "140": "W", "160": "E", "30": "W", "39": "W", "73": "N", "8": "S", "58": "S", "130": "S", "176": "S", "92": "E", "126": "W", "12": "S", "17": "W", "23": "S", "169": "N", "43": "W", "51": "N", "78": "E", "86": "N", "142": "S", "172": "N", "85": "E", "108": "N", "24": "W", "47": "E", "162": "S", "87": "E", "50": "S", "67": "W", "131": "E", "153": "E", "167": "N"}, {"4": "W", "31": "W", "66": "N", "140": "W", "160": "E", "30": "W", "39": "W", "73": "N", "8": "S", "58": "S", "92": "E", "126": "W", "12": "S", "23": "S", "169": "N", "43": "W", "51": "N", "78": "E", "86": "N", "172": "N", "85": "E", "108": "N", "24": "W", "47": "E", "162": "S", "87": "E", "50": "S", "153": "E", "167": "N"}, {"4": "S", "140": "W", "160": "N", "30": "W", "39": "W", "73": "N", "8": "S", "58": "S", "92": "E", "126": "W", "12": "S", "169": "N", "43": "W", "51": "N", "78": "E", "86": "N", "172": "N", "85": "E", "108": "N", "24": "W", "47": "E", "162": "S", "87": "E", "50": "S", "153": "E", "167": "N"}, {"39": "S", "8": "S", "58": "S", "92": "E", "126": "W", "12": "S", "169": "N", "43": "W", "51": "N", "78": "E", "172": "N", "85": "E", "108": "N", "24": "W", "47": "E", "162": "S", "50": "S", "153": "E", "167": "N"}, {"8": "E", "58": "E", "92": "E", "126": "W", "12": "S", "169": "N", "43": "W", "51": "N", "78": "E", "172": "N", "85": "E", "108": "N", "24": "W", "47": "E", "162": "S", "50": "S", "153": "E", "167": "N"}, {"12": "S", "169": "N", "43": "W", "51": "N", "78": "E", "172": "N", "108": "N", "24": "W", "47": "E", "162": "S", "50": "S", "153": "E", "167": "N"}, {"160": "E", "43": "W", "51": "N", "78": "E", "172": "N", "24": "W", "47": "E", "162": "S", "50": "S", "153": "E", "167": "N"}, {"51": "E", "172": "N", "24": "W", "47": "E", "162": "S", "50": "S", "153": "E"}, {"24": "W", "47": "E", "162": "S", "50": "S", "153": "E"}, {"92": "E", "24": "W", "47": "E", "162": "S", "50": "S", "153": "E"}, {"153": "E"}, {"153": "E"}, {"153": "E"}, {"92": "S"}, {"47": "E", "153": "E"}, {"61": "E", "53": "S", "107": "E", "136": "S", "91": "W", "103": "W", "41": "S", "1": "S", "146": "S", "60": "E", "70": "N", "127": "S", "90": "S", "18": "S", "102": "W", "48": "W", "26": "W", "45": "W", "106": "W", "94": "E", "128": "E", "170": "S", "141": "N", "13": "W", "121": "S", "36": "W", "112": "E", "122": "W", "81": "W", "151": "S", "64": "W", "124": "N", "25": "W", "76": "N", "125": "N", "80": "N", "132": "S", "11": "N", "2": "S", "99": "E", "7": "W", "154": "N", "0": "N", "149": "N", "165": "W", "150": "W", "54": "W", "37": "S", "75": "N", "59": "N", "119": "W", "157": "W", "168": "W", "35": "W", "173": "W", "9": "N", "14": "S", "143": "S", "65": "N", "28": "E", "175": "N", "166": "N", "147": "W", "97": "N", "32": "N", "38": "N", "77": "W", "5": "S", "118": "W", "79": "N", "21": "S", "68": "N", "22": "W", "40": "S", "69": "N", "46": "S", "71": "W", "83": "N", "105": "N", "177": "N", "15": "S", "145": "W", "134": "W", "123": "W", "62": "W", "139": "N", "3": "N", "178": "W", "42": "W", "171": "S", "84": "N", "115": "E", "33": "W", "10": "S", "82": "S", "158": "W", "155": "W", "156": "S", "164": "S", "20": "W", "135": "N", "74": "W", "56": "W", "44": "N", "101": "N", "52": "S", "29": "N", "174": "S", "72": "E", "113": "W", "104": "N", "19": "S", "89": "W", "88": "W", "117": "W", "16": "N", "148": "E", "179": "E", "93": "E", "110": "S", "96": "E", "100": "S", "95": "W", "6": "N", "152": "S", "63": "W", "159": "W", "120": "N", "98": "N", "57": "S", "55": "S", "137": "S", "27": "W"}, {"130": "S", "17": "W", "23": "S", "86": "N", "142": "S", "108": "N", "87": "E", "116": "S", "50": "S", "67": "W", "167": "N"}, {"17": "W", "23": "S", "86": "N", "108": "N", "87": "E", "116": "S", "50": "S", "167": "N"}, {"108": "N", "17": "W", "23": "S", "86": "N", "87": "E", "50": "S", "167": "N"}, {"108": "W", "23": "S", "86": "N", "50": "S", "17": "W", "87": "E"}, {"50": "E", "17": "W", "87": "E"}, {"87": "E"}, {"87": "E"}, {"87": "E"}, {"87": "E"}, {"36": "W", "97": "W", "110": "E", "28": "S", "22": "W", "80": "N", "13": "W", "133": "N", "158": "W", "25": "N", "49": "S", "124": "N", "120": "N", "34": "N", "135": "N", "147": "W", "112": "E", "150": "W", "72": "N", "157": "S", "44": "E", "118": "W", "141": "E", "95": "W", "35": "N", "76": "N", "93": "W", "21": "E", "75": "N", "173": "W", "37": "W", "20": "W", "175": "N", "41": "N", "56": "W", "137": "S", "146": "S", "62": "N", "163": "S", "106": "W", "154": "N", "74": "W", "88": "W", "166": "N", "149": "W", "115": "S", "55": "E", "117": "W", "129": "N", "103": "W", "114": "W", "65": "W", "42": "W", "70": "W", "138": "W", "29": "N", "84": "N", "89": "S", "7": "W", "94": "E", "139": "N", "14": "S", "45": "S", "40": "S", "77": "S", "101": "W", "159": "W", "151": "E", "53": "E", "113": "W", "54": "W", "105": "N", "123": "S", "145": "S", "99": "N", "81": "W", "64": "S", "46": "S", "10": "S", "52": "S", "155": "W", "179": "N", "91": "W", "107": "S", "90": "S", "144": "S", "164": "W", "16": "N", "121": "S", "2": "S", "27": "S", "98": "N", "9": "W", "3": "N", "102": "W", "0": "N", "33": "W", "156": "E", "1": "N", "71": "W", "119": "W", "109": "E", "57": "S", "165": "W", "15": "S", "68": "N", "5": "W", "170": "S", "161": "W", "171": "S", "127": "W", "48": "W", "178": "W", "69": "W", "136": "S", "177": "N", "132": "E", "26": "W", "6": "E", "82": "S", "168": "W", "152": "S", "100": "E", "11": "W", "143": "E", "125": "N", "96": "S"}, {"130": "S", "176": "S", "142": "S", "85": "E", "116": "S", "67": "W", "167": "N"}, {"130": "S", "67": "W", "167": "N"}, {"67": "W", "167": "N"}, {"167": "N", "67": "W"}, {"67": "W"}, {"67": "W"}, {"67": "W"}, {"67": "W"}, {"67": "W"}, {"67": "W"}, {"67": "W"}, {"43": "W", "67": "W"}, {"5": "S", "40": "S", "13": "W", "63": "W", "133": "N", "171": "S", "95": "S", "53": "S", "90": "S", "111": "W", "135": "N", "25": "N", "151": "S", "146": "E", "121": "S", "103": "W", "82": "S", "99": "E", "175": "N", "2": "S", "161": "W", "164": "W", "179": "E", "36": "W", "124": "N", "89": "S", "71": "W", "27": "W", "84": "N", "61": "E", "148": "N", "112": "N", "97": "N", "115": "S", "120": "N", "149": "W", "163": "S", "29": "N", "60": "E", "125": "N", "46": "E", "147": "W", "173": "W", "91": "W", "166": "E", "154": "E", "128": "S", "21": "S", "93": "W", "45": "S", "143": "S", "123": "W", "26": "W", "137": "S", "1": "S", "62": "W", "75": "W", "96": "S", "106": "W", "19": "E", "98": "W", "144": "S", "127": "W", "0": "N", "33": "W", "20": "W", "38": "N", "76": "W", "69": "N", "9": "N", "104": "N", "52": "W", "79": "N", "83": "S", "100": "S", "56": "W", "170": "S", "168": "W", "3": "N", "41": "S", "37": "W", "18": "N", "7": "W", "14": "S", "74": "W", "129": "E", "174": "S", "49": "S", "11": "W", "35": "W", "101": "W", "15": "S", "6": "E", "178": "W", "48": "W", "141": "E", "65": "W", "134": "W", "57": "S", "110": "S", "158": "W", "138": "N", "150": "S", "165": "W", "102": "W", "107": "S", "88": "W", "118": "W", "55": "N", "177": "E", "72": "N", "136": "S", "117": "W", "59": "N", "64": "W", "156": "S", "145": "S", "54": "W", "105": "N", "22": "W", "68": "N", "10": "E", "94": "E", "119": "S", "81": "W", "16": "N"}, {"176": "S", "142": "S", "116": "S", "131": "E"}, {"176": "S", "131": "E"}, {"176": "W", "131": "E"}, {"176": "S", "131": "E"}, {"112": "W", "7": "N", "111": "W", "173": "W", "141": "N", "55": "E", "69": "W", "25": "N", "1": "N", "75": "N", "45": "S", "81": "W", "101": "W", "37": "W", "15": "S", "102": "W", "133": "N", "156": "S", "121": "W", "36": "S", "61": "N", "132": "E", "161": "W", "63": "W", "138": "N", "72": "N", "135": "N", "119": "W", "38": "N", "125": "N", "93": "W", "94": "S", "144": "S", "91": "W", "127": "S", "174": "S", "103": "W", "83": "W", "177": "E", "97": "W", "179": "N", "149": "W", "163": "E", "123": "W", "71": "W", "128": "S", "42": "W", "164": "W", "120": "E", "35": "N", "27": "W", "98": "N", "137": "E", "20": "W", "62": "N", "175": "N", "14": "S", "70": "W", "158": "W", "40": "S", "65": "W", "49": "S", "113": "S", "139": "N", "54": "W", "3": "N", "11": "W", "155": "E", "84": "N", "165": "W", "178": "W", "146": "E", "29": "E", "68": "W", "89": "W", "168": "W", "26": "S", "124": "N", "96": "S", "22": "W", "18": "S", "57": "S", "114": "S", "44": "N", "148": "N", "154": "N", "107": "S", "64": "S", "56": "W", "9": "W", "147": "W", "19": "S", "143": "E", "151": "S", "59": "N", "99": "E", "157": "S", "16": "N", "115": "S", "79": "N", "170": "E", "95": "N", "104": "E", "5": "S", "82": "S", "32": "N", "2": "S", "150": "W", "0": "N", "106": "W", "28": "W", "117": "S", "88": "S", "159": "S", "118": "W", "110": "S", "136": "S", "129": "N", "21": "S", "105": "E", "60": "E", "80": "N", "6": "N", "46": "S", "33": "W", "90": "S", "166": "N", "52": "W", "100": "E", "134": "W", "171": "E"}, {"50": "S", "142": "S", "116": "S"}, {"142": "S"}, {"142": "S"}, {"91": "W", "97": "W", "46": "S", "158": "W", "84": "N", "62": "N", "52": "W", "112": "W", "68": "E", "175": "N", "106": "N", "146": "S", "54": "W", "44": "N", "41": "N", "163": "E", "143": "E", "150": "E", "151": "S", "82": "S", "113": "W", "3": "N", "59": "N", "138": "N", "94": "E", "0": "N", "33": "W", "28": "S", "103": "N", "109": "S", "25": "E", "174": "S", "26": "S", "171": "E", "125": "E", "83": "N", "74": "W", "79": "W", "18": "S", "95": "W", "119": "S", "136": "S", "118": "W", "128": "S", "132": "N", "42": "S", "127": "S", "123": "W", "156": "S", "34": "W", "16": "E", "149": "N", "168": "W", "45": "S", "6": "N", "1": "E", "19": "S", "69": "W", "173": "W", "115": "S", "154": "N", "21": "S", "135": "N", "11": "W", "145": "W", "177": "S", "37": "W", "148": "N", "32": "N", "147": "W", "101": "W", "105": "N", "22": "W", "9": "W", "40": "S", "129": "S", "81": "W", "104": "N", "170": "S", "159": "S", "110": "E", "102": "W", "61": "N", "134": "S", "13": "W", "29": "N", "49": "S", "99": "E", "71": "N", "36": "W", "122": "W", "137": "S", "72": "N", "120": "N", "121": "W", "164": "W", "100": "W", "114": "S", "64": "S", "133": "N", "14": "S", "165": "W", "38": "E", "166": "N", "107": "S", "98": "N", "80": "N", "60": "S", "5": "S", "75": "E", "20": "W", "139": "N", "179": "N", "63": "N", "56": "W", "76": "N", "124": "E", "88": "W", "111": "W", "27": "S", "57": "S", "53": "S", "161": "S", "178": "W", "117": "N", "15": "W", "90": "S"}, {"85": "E"}, {"85": "E"}, {"85": "E"}, {"55": "N", "22": "W", "6": "N", "82": "S", "19": "S", "103": "N", "159": "E", "165": "W", "3": "N", "60": "E", "46": "S", "137": "E", "28": "S", "179": "N", "69": "W", "97": "W", "70": "N", "63": "E", "56": "W", "151": "S", "141": "N", "52": "S", "136": "E", "157": "W", "107": "E", "74": "S", "110": "S", "148": "N", "95": "W", "13": "N", "106": "N", "38": "E", "114": "W", "171": "S", "49": "S", "16": "N", "120": "N", "147": "W", "33": "W", "178": "W", "161": "W", "80": "N", "94": "N", "146": "S", "135": "E", "29": "N", "42": "W", "9": "W", "14": "S", "117": "W", "149": "N", "34": "W", "71": "W", "68": "E", "25": "N", "158": "W", "57": "S", "129": "E", "5": "S", "139": "N", "113": "W", "163": "S", "75": "E", "88": "S", "36": "W", "54": "W", "18": "S", "89": "S", "61": "N", "156": "S", "11": "W", "168": "W", "32": "N", "21": "E", "26": "S", "44": "N", "112": "W", "123": "W", "115": "S", "177": "E", "91": "W", "111": "W", "99": "E", "154": "N", "155": "W", "166": "N", "170": "S", "7": "N", "83": "N", "93": "N", "101": "W", "0": "N", "119": "S", "138": "S", "174": "E", "143": "S", "96": "E", "128": "S", "64": "W", "81": "W", "79": "E", "118": "S", "134": "W", "127": "W", "173": "W", "35": "N", "15": "S", "102": "W", "72": "N", "121": "W", "109": "W", "59": "N", "164": "S", "41": "E", "27": "S", "62": "W", "76": "N", "53": "N", "37": "W", "133": "S", "40": "S", "132": "W", "144": "S", "124": "E", "175": "N", "90": "S", "145": "S", "125": "E", "1": "E", "2": "E", "45": "S", "84": "N", "20": "W"}, {"116": "S"}, {"110": "E", "114": "W", "77": "E", "55": "N", "74": "N", "144": "W", "83": "N", "19": "W", "105": "E", "175": "N", "112": "N", "32": "E", "75": "E", "164": "S", "124": "E", "107": "E", "15": "S", "178": "W", "60": "S", "91": "W", "18": "E", "89": "S", "155": "S", "46": "N", "27": "S", "88": "S", "156": "S", "166": "N", "168": "W", "63": "W", "44": "N", "70": "E", "5": "S", "98": "N", "100": "N", "2": "E", "127": "N", "76": "E", "13": "W", "49": "S", "122": "W", "138": "E", "179": "N", "59": "N", "93": "N", "121": "W", "14": "S", "52": "W", "118": "W", "69": "W", "56": "W", "7": "W", "35": "N", "68": "E", "154": "E", "3": "N", "9": "N", "94": "E", "81": "W", "141": "E", "48": "S", "97": "W", "165": "S", "34": "N", "38": "N", "143": "S", "163": "S", "171": "E", "139": "N", "28": "S", "119": "W", "128": "S", "80": "N", "123": "W", "150": "W", "6": "N", "146": "S", "42": "N", "106": "W", "45": "S", "151": "S", "133": "N", "37": "W", "125": "N", "173": "W", "0": "N", "25": "N", "135": "N", "26": "S", "33": "N", "41": "E", "20": "W", "84": "N", "101": "W", "71": "W", "132": "S", "102": "W", "134": "S", "29": "E", "117": "W", "72": "E", "115": "S", "148": "N", "62": "W", "1": "S", "136": "S", "36": "W", "157": "W", "95": "W", "16": "N", "90": "E", "54": "W", "53": "S", "170": "S", "21": "S", "113": "W", "57": "S", "99": "E", "22": "S", "109": "S", "120": "E", "79": "E", "11": "E", "64": "W", "82": "S", "161": "S", "129": "E", "158": "W", "147": "S", "149": "N"}, {"116": "S", "131": "E"}, {"116": "S", "131": "E"}, {"116": "S", "131": "E"}, {"116": "S", "131": "E"}, {"116": "S", "131": "E"}, {"116": "S", "131": "E"}, {"131": "E"}, {"131": "E"}, {"131": "E"}, {"113": "W", "135": "N", "106": "W", "179": "N", "32": "E", "122": "W", "45": "S", "120": "E", "6": "E", "150": "S", "121": "W", "144": "S", "64": "W", "79": "N", "75": "N", "41": "S", "151": "E", "28": "S", "90": "E", "138": "N", "56": "W", "174": "S", "127": "W", "148": "N", "61": "N", "42": "N", "62": "N", "26": "S", "9": "W", "136": "E", "27": "S", "110": "S", "91": "W", "72": "E", "60": "E", "139": "E", "146": "S", "54": "N", "57": "E", "44": "N", "21": "N", "155": "W", "128": "S", "76": "W", "81": "W", "157": "W", "34": "W", "137": "E", "99": "W", "37": "W", "82": "S", "134": "S", "165": "S", "124": "N", "158": "W", "5": "W", "102": "S", "125": "E", "40": "S", "163": "E", "16": "E", "55": "E", "159": "W", "109": "W", "175": "E", "29": "E", "35": "N", "105": "N", "95": "S", "19": "E", "77": "S", "11": "N", "156": "S", "3": "W", "141": "N", "0": "N", "22": "S", "123": "S", "69": "W", "88": "W", "13": "W", "104": "E", "36": "W", "20": "W", "7": "W", "132": "N", "111": "W", "52": "S", "107": "E", "14": "N", "97": "E", "59": "N", "94": "E", "119": "W", "115": "S", "49": "S", "1": "E", "18": "N", "46": "S", "25": "N", "100": "E", "112": "W", "154": "E", "171": "S", "129": "E", "93": "N", "164": "W", "84": "N", "80": "N", "118": "W", "149": "N", "161": "W", "74": "N", "33": "W", "38": "N", "178": "N", "143": "E", "170": "S", "89": "E", "147": "S", "48": "W", "103": "N", "15": "S", "173": "W", "68": "N"}, {"3": "N", "60": "N", "112": "W", "97": "W", "155": "W", "52": "W", "72": "N", "118": "S", "13": "W", "91": "W", "62": "N", "69": "W", "41": "E", "123": "W", "25": "N", "33": "W", "32": "E", "125": "E", "115": "N", "136": "S", "49": "S", "68": "N", "63": "W", "11": "N", "89": "S", "15": "S", "9": "W", "93": "E", "102": "W", "165": "S", "95": "S", "135": "N", "54": "W", "150": "E", "74": "E", "132": "S", "82": "N", "122": "S", "106": "S", "48": "W", "1": "E", "16": "E", "139": "E", "61": "E", "56": "W", "157": "N", "124": "N", "75": "N", "26": "W", "42": "S", "6": "N", "36": "W", "29": "W", "71": "N", "127": "W", "0": "N", "173": "W", "111": "W", "146": "N", "164": "S", "7": "N", "20": "S", "151": "E", "163": "E", "174": "S", "46": "N", "110": "S", "65": "W", "158": "W", "22": "S", "141": "N", "179": "N", "64": "S", "119": "E", "80": "N", "113": "W", "70": "N", "138": "E", "168": "W", "21": "E", "57": "S", "53": "S", "144": "S", "14": "E", "114": "W", "77": "E", "5": "S", "107": "E", "27": "S", "34": "N", "98": "N", "28": "S", "109": "S", "159": "W", "79": "S", "133": "N", "105": "W", "121": "W", "175": "W", "117": "N", "154": "E", "88": "W", "84": "N", "147": "S", "96": "S", "99": "E", "171": "N", "94": "E", "156": "S", "40": "S", "143": "S", "37": "W", "59": "N", "18": "E", "38": "E", "44": "N", "161": "W", "178": "N", "35": "E", "120": "N", "170": "S"}, {"162": "S"}, {"156": "S", "146": "N", "82": "S", "100": "S", "118": "W", "96": "S", "21": "E", "33": "N", "76": "E", "22": "W", "68": "W", "57": "S", "115": "N", "44": "N", "80": "E", "110": "S", "175": "S", "84": "N", "149": "N", "2": "S", "120": "E", "95": "E", "65": "W", "121": "W", "90": "S", "97": "W", "70": "W", "35": "E", "158": "W", "53": "E", "143": "S", "52": "W", "29": "W", "111": "W", "32": "E", "59": "N", "75": "N", "38": "N", "170": "S", "18": "E", "20": "W", "74": "W", "155": "W", "42": "W", "132": "W", "113": "W", "178": "W", "135": "N", "55": "N", "112": "N", "179": "N", "14": "E", "93": "N", "79": "N", "25": "N", "71": "E", "107": "E", "3": "N", "109": "S", "99": "E", "148": "N", "171": "S", "98": "N", "117": "W", "34": "N", "161": "W", "103": "W", "26": "W", "41": "N", "1": "N", "9": "W", "106": "W", "157": "S", "49": "S", "56": "W", "0": "E", "133": "W", "174": "S", "147": "S", "88": "S", "173": "N", "13": "W", "19": "N", "36": "W", "114": "W", "125": "E", "54": "N", "144": "E", "164": "W", "15": "S", "129": "E", "64": "W", "37": "W", "159": "S", "123": "S", "154": "N", "72": "E", "105": "N", "6": "E", "81": "W", "77": "S", "165": "W", "16": "E", "48": "S", "102": "W", "89": "S", "45": "S", "40": "E", "28": "S", "11": "W", "151": "S", "60": "S", "139": "S", "7": "W", "91": "W", "27": "S", "61": "S", "163": "E", "5": "W", "46": "S", "128": "S", "63": "W", "119": "W", "62": "S"}, {"170": "S", "91": "W", "117": "W", "72": "E", "77": "S", "5": "S", "37": "W", "52": "W", "75": "N", "14": "E", "168": "S", "28": "S", "33": "N", "44": "N", "107": "S", "132": "S", "97": "E", "171": "N", "62": "W", "29": "E", "74": "N", "135": "N", "84": "N", "16": "E", "164": "S", "93": "E", "129": "E", "102": "S", "9": "W", "156": "S", "143": "S", "151": "E", "32": "E", "53": "E", "0": "N", "38": "S", "120": "E", "88": "S", "90": "S", "45": "S", "19": "S", "146": "N", "54": "E", "113": "W", "63": "W", "155": "W", "112": "N", "1": "E", "105": "N", "98": "N", "26": "E", "18": "S", "111": "W", "68": "N", "148": "S", "15": "N", "159": "W", "106": "W", "36": "W", "94": "E", "100": "E", "79": "E", "56": "S", "119": "S", "101": "W", "57": "S", "115": "N", "80": "N", "60": "E", "175": "N", "163": "E", "179": "N", "42": "W", "82": "S", "6": "E", "133": "N", "48": "W", "46": "S", "81": "W", "157": "S", "125": "W", "136": "E", "2": "S", "150": "S", "22": "S", "109": "W", "154": "E", "89": "S", "35": "E", "59": "E", "76": "N", "11": "W", "40": "E", "178": "N", "161": "W", "13": "W", "141": "E", "71": "N", "165": "E", "65": "W", "110": "S", "118": "W", "123": "W", "41": "S", "121": "W", "64": "S", "139": "S", "27": "S", "158": "W", "174": "S", "103": "S", "114": "W", "7": "N", "147": "S"}, {"7": "E", "113": "W", "159": "S", "179": "N", "161": "S", "44": "E", "158": "W", "28": "S", "36": "W", "62": "N", "57": "S", "88": "S", "123": "S", "11": "W", "0": "E", "98": "N", "40": "S", "65": "W", "69": "W", "68": "E", "64": "S", "115": "E", "75": "N", "35": "N", "52": "E", "173": "N", "93": "N", "156": "S", "14": "S", "155": "W", "107": "E", "109": "S", "143": "E", "77": "S", "141": "W", "101": "E", "22": "S", "16": "E", "146": "E", "34": "N", "144": "N", "171": "E", "96": "S", "20": "W", "19": "E", "94": "E", "139": "N", "5": "E", "3": "E", "63": "W", "132": "N", "112": "W", "97": "W", "79": "N", "178": "N", "15": "S", "121": "W", "9": "W", "125": "W", "170": "S", "164": "W", "120": "N", "136": "S", "55": "N", "151": "S", "119": "S", "135": "N", "21": "N", "154": "N", "72": "N", "80": "E", "33": "N", "45": "S", "46": "E", "32": "E", "175": "N", "174": "S", "76": "W", "100": "E", "150": "S", "6": "N", "148": "N", "26": "S", "48": "W", "163": "E", "27": "S", "81": "W", "105": "E", "61": "E", "157": "S", "165": "W", "110": "S", "90": "E", "71": "E", "42": "W", "95": "S", "118": "W", "103": "W", "82": "E", "41": "E", "99": "W", "1": "E", "38": "E", "117": "W", "133": "N", "2": "S", "111": "W", "18": "N", "128": "E", "114": "S", "147": "W", "29": "N", "37": "W", "84": "N", "56": "S", "124": "N", "60": "N"}, {"71": "E", "46": "S", "79": "N", "59": "W", "97": "N", "102": "S", "158": "W", "29": "E", "65": "W", "94": "E", "53": "E", "112": "W", "146": "W", "74": "W", "9": "W", "150": "W", "117": "N", "72": "E", "70": "W", "133": "N", "48": "W", "19": "S", "64": "W", "110": "S", "21": "E", "61": "E", "34": "N", "128": "W", "57": "S", "151": "S", "100": "E", "44": "E", "111": "W", "45": "S", "156": "S", "84": "N", "93": "N", "37": "W", "114": "S", "32": "E", "56": "S", "1": "E", "6": "W", "11": "W", "52": "W", "144": "S", "119": "S", "141": "E", "77": "W", "125": "N", "109": "W", "76": "N", "90": "S", "148": "W", "55": "W", "164": "S", "2": "S", "63": "S", "15": "S", "143": "S", "121": "W", "42": "S", "136": "E", "98": "N", "35": "N", "26": "S", "107": "N", "80": "E", "159": "S", "165": "W", "40": "S", "115": "E", "88": "S", "95": "W", "81": "W", "18": "E", "7": "N", "75": "E", "155": "W", "173": "N", "123": "S", "5": "S", "82": "N", "69": "S", "0": "E", "154": "N", "68": "E", "161": "W", "120": "E", "38": "E", "171": "E", "179": "N", "14": "W", "22": "S", "3": "N", "118": "W", "16": "E", "163": "E", "60": "N", "178": "E", "20": "S", "62": "N", "174": "S", "168": "N", "99": "E", "139": "W", "101": "E", "91": "W", "33": "N", "175": "N", "132": "S", "41": "E", "103": "W", "147": "S", "28": "E", "135": "N"}, {"12": "S"}, {"158": "S", "139": "W", "2": "E", "13": "N", "96": "S", "37": "W", "155": "W", "38": "E", "59": "E", "55": "S", "110": "W", "70": "S", "102": "S", "5": "S", "114": "S", "132": "W", "118": "W", "123": "E", "163": "N", "29": "E", "144": "S", "103": "W", "33": "N", "101": "E", "42": "N", "81": "W", "19": "S", "90": "S", "9": "W", "159": "S", "133": "W", "72": "E", "121": "W", "15": "S", "48": "W", "0": "E", "74": "N", "143": "S", "22": "S", "154": "N", "64": "W", "44": "E", "28": "E", "27": "S", "34": "E", "82": "E", "141": "S", "175": "N", "98": "N", "148": "W", "113": "E", "69": "W", "79": "E", "165": "S", "80": "N", "171": "E", "57": "S", "119": "S", "7": "N", "111": "W", "61": "E", "128": "E", "156": "E", "18": "E", "77": "S", "178": "N", "112": "E", "60": "E", "168": "W", "106": "N", "170": "S", "21": "S", "109": "S", "117": "N", "164": "S", "125": "S", "65": "W", "16": "E", "54": "W", "99": "W", "136": "E", "151": "E", "94": "S", "135": "S", "3": "N", "122": "N", "53": "S", "45": "S", "76": "E", "179": "N", "71": "W", "93": "W", "6": "W", "173": "E", "95": "W", "120": "N", "105": "N", "35": "N", "174": "W", "11": "W", "88": "W", "14": "S", "63": "S", "124": "N", "75": "E", "97": "N", "68": "N", "41": "S", "107": "E", "52": "W", "84": "N", "40": "W", "1": "E", "150": "S", "147": "S"}, {"144": "W", "112": "N", "70": "W", "3": "N", "93": "W", "20": "W", "45": "S", "156": "E", "19": "S", "90": "S", "63": "S", "179": "N", "74": "E", "117": "N", "173": "W", "121": "W", "41": "E", "88": "W", "15": "W", "146": "S", "40": "W", "44": "E", "174": "E", "9": "W", "170": "S", "103": "S", "114": "S", "18": "E", "135": "S", "72": "W", "28": "E", "132": "W", "123": "W", "100": "E", "150": "S", "80": "N", "36": "S", "97": "W", "151": "E", "55": "N", "7": "E", "159": "W", "161": "S", "11": "W", "110": "N", "68": "N", "16": "N", "102": "W", "107": "E", "81": "W", "64": "W", "69": "S", "65": "W", "35": "S", "171": "S", "57": "S", "84": "N", "136": "E", "164": "S", "13": "N", "0": "E", "14": "S", "22": "S", "37": "W", "99": "E", "42": "N", "128": "S", "98": "E", "62": "N", "56": "S", "2": "E", "82": "S", "155": "W", "147": "S", "38": "E", "54": "N", "111": "E", "95": "W", "33": "N", "101": "W", "178": "N", "29": "S", "52": "W", "163": "W", "59": "E", "139": "S", "109": "S", "148": "E", "79": "E", "133": "N", "48": "S", "76": "W", "168": "N", "125": "E", "34": "S", "26": "W", "143": "N", "120": "N", "6": "W", "60": "E", "1": "S", "115": "S", "21": "E", "94": "E", "118": "W", "165": "E", "77": "S", "53": "N", "141": "W"}, {"48": "W", "147": "W", "38": "N", "45": "E", "63": "E", "9": "W", "94": "E", "3": "E", "14": "S", "41": "E", "29": "E", "21": "S", "110": "S", "28": "E", "64": "S", "7": "W", "70": "N", "13": "N", "22": "E", "124": "N", "118": "W", "117": "E", "33": "N", "11": "N", "74": "N", "81": "W", "173": "W", "159": "E", "46": "N", "174": "W", "71": "N", "109": "S", "40": "S", "37": "N", "65": "N", "95": "N", "36": "W", "165": "W", "139": "N", "35": "W", "59": "W", "68": "N", "114": "S", "52": "S", "84": "W", "151": "E", "155": "W", "121": "W", "15": "S", "164": "S", "136": "E", "2": "E", "105": "N", "144": "W", "148": "W", "115": "E", "128": "E", "125": "W", "163": "E", "60": "E", "135": "N", "156": "N", "102": "S", "168": "S", "80": "E", "150": "N", "57": "E", "179": "N", "133": "N", "93": "N", "161": "S", "42": "N", "0": "E", "123": "W", "72": "N", "19": "N", "98": "E", "101": "W", "103": "W", "146": "E", "6": "N", "82": "S", "122": "E", "16": "S", "97": "N", "171": "N", "18": "S", "75": "N", "132": "E", "100": "W", "113": "W", "170": "S", "53": "E", "111": "W", "55": "E", "44": "E", "88": "S", "69": "W", "1": "E", "141": "S", "91": "W", "34": "W", "178": "N", "90": "E", "120": "N", "99": "E"}, {"75": "N", "48": "S", "90": "S", "117": "W", "64": "S", "114": "S", "41": "E", "88": "W", "21": "S", "93": "N", "29": "E", "28": "E", "179": "E", "7": "W", "144": "W", "132": "E", "175": "N", "53": "S", "69": "W", "59": "N", "147": "S", "103": "W", "15": "S", "60": "E", "55": "W", "26": "E", "63": "S", "79": "N", "22": "S", "100": "S", "148": "E", "40": "S", "128": "W", "112": "W", "150": "W", "173": "N", "11": "W", "13": "N", "42": "W", "135": "N", "81": "W", "18": "W", "19": "E", "57": "E", "118": "W", "111": "S", "14": "S", "115": "S", "125": "E", "174": "E", "3": "S", "161": "S", "123": "S", "70": "W", "52": "S", "37": "N", "124": "E", "74": "W", "1": "E", "110": "N", "178": "N", "94": "N", "164": "S", "72": "W", "6": "N", "33": "N", "35": "E", "80": "E", "102": "W", "97": "N", "168": "W", "16": "E", "155": "S", "156": "S", "34": "N", "82": "S", "71": "W", "36": "W", "109": "S", "163": "W", "141": "E", "165": "S", "62": "S", "120": "S", "146": "E", "113": "W", "105": "N", "171": "E", "122": "W", "76": "E", "99": "E", "68": "N", "133": "N", "136": "S", "77": "E", "38": "N", "95": "S", "65": "W", "151": "S", "121": "W"}, {"126": "W"}, {"14": "S", "121": "W", "72": "N", "168": "N", "26": "E", "132": "E", "16": "E", "173": "E", "171": "E", "179": "E", "174": "E", "156": "E", "118": "S", "114": "S", "93": "N", "11": "N", "38": "E", "74": "N", "81": "W", "53": "E", "170": "S", "77": "S", "35": "S", "144": "S", "111": "W", "88": "S", "0": "E", "84": "N", "99": "W", "133": "N", "76": "N", "165": "S", "15": "S", "48": "S", "100": "N", "115": "S", "64": "S", "103": "W", "3": "N", "46": "E", "70": "N", "109": "S", "147": "E", "34": "W", "68": "N", "75": "S", "101": "W", "6": "N", "102": "W", "69": "W", "28": "E", "18": "S", "37": "N", "122": "N", "155": "W", "161": "S", "143": "S", "141": "N", "105": "S", "62": "E", "151": "N", "113": "N", "21": "E", "136": "S", "164": "S", "20": "S", "178": "N", "57": "S", "19": "S", "59": "E", "139": "N", "71": "E", "90": "E", "112": "E", "154": "N", "54": "N", "52": "S", "65": "N", "80": "E", "41": "N", "40": "S", "135": "E", "79": "N", "63": "E", "55": "S", "120": "N", "125": "E", "1": "E", "22": "N", "123": "W", "150": "S", "91": "W", "175": "N", "110": "E", "163": "W", "36": "S"}, {"24": "W"}, {"128": "S", "144": "S", "88": "S", "26": "W", "175": "N", "102": "W", "3": "E", "57": "S", "84": "N", "75": "E", "1": "N", "11": "W", "121": "W", "154": "N", "70": "E", "100": "W", "41": "N", "15": "E", "132": "W", "81": "W", "118": "S", "69": "N", "141": "W", "112": "N", "133": "N", "77": "E", "165": "W", "117": "N", "9": "W", "21": "E", "18": "S", "101": "W", "55": "N", "164": "S", "143": "N", "136": "N", "120": "E", "35": "N", "125": "E", "80": "E", "163": "E", "62": "N", "72": "W", "40": "E", "22": "W", "19": "S", "99": "S", "38": "E", "20": "E", "148": "N", "123": "S", "63": "S", "111": "S", "179": "E", "147": "S", "135": "E", "113": "N", "150": "E", "178": "N", "173": "N", "161": "S", "155": "W", "14": "W", "103": "W", "53": "W", "33": "W", "79": "N", "91": "W", "52": "W", "115": "S", "37": "N", "64": "S", "76": "W", "96": "S", "109": "S", "122": "N", "171": "N", "5": "E", "59": "W", "170": "S", "48": "E", "105": "S", "151": "E", "139": "S", "16": "E", "110": "S", "146": "E", "159": "E", "156": "S", "6": "E", "90": "N", "74": "W", "28": "E", "71": "S", "95": "N", "82": "S", "68": "N"}, {"55": "N", "18": "N", "159": "S", "28": "E", "53": "E", "71": "W", "164": "S", "135": "S", "141": "E", "21": "E", "154": "N", "90": "E", "144": "E", "139": "E", "109": "S", "173": "N", "103": "W", "121": "N", "20": "S", "69": "W", "59": "S", "38": "E", "105": "E", "52": "S", "82": "E", "63": "W", "170": "E", "161": "W", "132": "W", "148": "N", "11": "W", "16": "E", "163": "S", "64": "S", "81": "W", "70": "W", "110": "E", "41": "N", "91": "W", "115": "E", "1": "S", "102": "W", "95": "S", "68": "N", "174": "E", "42": "W", "165": "S", "57": "S", "80": "E", "84": "N", "79": "E", "111": "W", "26": "W", "19": "S", "48": "W", "123": "W", "99": "N", "22": "W", "143": "E", "76": "S", "15": "E", "128": "E", "151": "E", "175": "N", "171": "E", "120": "E", "133": "E", "155": "S", "72": "E", "9": "W", "75": "E", "178": "W", "40": "E", "88": "S", "118": "S", "156": "S", "146": "S", "136": "S", "112": "N", "33": "N", "97": "N", "93": "N", "125": "S", "100": "E", "60": "E", "37": "N", "3": "E", "74": "E", "34": "N", "77": "S", "6": "W", "101": "W", "62": "E", "147": "S"}, {"4": "W"}, {"128": "W", "41": "E", "16": "E", "82": "E", "156": "E", "151": "S", "55": "W", "165": "S", "164": "S", "141": "N", "110": "S", "139": "E", "33": "N", "155": "W", "154": "N", "36": "S", "132": "S", "163": "N", "159": "S", "57": "S", "111": "W", "59": "W", "79": "E", "6": "W", "38": "E", "42": "S", "70": "W", "15": "E", "144": "S", "28": "E", "161": "S", "35": "W", "52": "S", "69": "W", "81": "W", "62": "N", "99": "W", "171": "N", "21": "E", "18": "E", "112": "N", "65": "N", "125": "N", "103": "W", "102": "S", "72": "N", "40": "S", "91": "W", "84": "N", "20": "S", "100": "W", "1": "N", "80": "E", "37": "N", "105": "N", "75": "E", "122": "N", "48": "E", "174": "W", "97": "W", "136": "E", "22": "W", "117": "W", "109": "S", "170": "E", "143": "S", "77": "S", "63": "W", "76": "W", "118": "S", "121": "W", "46": "E", "88": "S", "120": "S", "26": "W", "53": "S", "173": "N", "9": "W", "168": "N", "101": "W", "11": "W", "90": "E", "93": "N", "3": "E", "14": "E", "74": "N", "123": "W", "19": "S", "115": "S", "133": "N", "175": "E", "68": "E", "71": "N", "64": "S"}, {"43": "W", "67": "W"}, {"43": "W"}, {"122": "W", "65": "E", "28": "E", "144": "S", "72": "N", "91": "W", "18": "S", "141": "E", "99": "N", "155": "S", "59": "E", "53": "S", "26": "S", "120": "E", "20": "S", "103": "W", "171": "S", "101": "S", "57": "E", "123": "W", "55": "W", "62": "W", "35": "S", "68": "E", "42": "S", "46": "E", "161": "S", "52": "S", "117": "N", "143": "E", "81": "W", "15": "E", "105": "N", "110": "E", "40": "S", "170": "E", "22": "S", "115": "E", "112": "E", "77": "S", "164": "S", "150": "W", "133": "N", "21": "S", "175": "N", "70": "E", "19": "S", "84": "N", "178": "W", "100": "S", "76": "N", "165": "E", "128": "E", "38": "S", "79": "N", "95": "S", "121": "W", "34": "W", "11": "W", "132": "N", "163": "S", "9": "W", "14": "E", "74": "E", "118": "S", "154": "N", "93": "N", "88": "S", "48": "S", "63": "S", "97": "N", "16": "E", "125": "E", "102": "E", "111": "W", "37": "N", "148": "E", "136": "N", "75": "S", "80": "E", "33": "N", "41": "E", "109": "S", "90": "S", "1": "E", "82": "W", "151": "S", "174": "N", "139": "N"}, {"117": "N", "161": "S", "128": "S", "33": "N", "20": "S", "75": "E", "81": "W", "80": "N", "38": "E", "164": "S", "84": "E", "41": "E", "48": "S", "9": "W", "133": "N", "71": "E", "155": "W", "144": "S", "90": "S", "18": "E", "59": "S", "6": "N", "88": "S", "121": "W", "175": "N", "112": "E", "42": "W", "1": "E", "57": "E", "22": "S", "103": "S", "141": "N", "37": "N", "52": "S", "40": "S", "26": "W", "159": "S", "132": "E", "63": "S", "46": "E", "7": "N", "19": "S", "125": "E", "77": "S", "118": "S", "35": "N", "174": "E", "11": "N", "147": "S", "102": "S", "115": "S", "15": "E", "21": "E", "97": "W", "136": "E", "70": "N", "100": "E", "68": "E", "171": "N", "123": "E", "28": "E", "173": "W", "122": "N", "120": "E", "53": "S", "69": "N", "156": "S", "139": "N", "74": "W", "109": "S", "178": "N", "99": "N", "101": "N", "154": "N", "151": "S", "93": "N", "62": "N", "79": "N", "76": "N", "165": "E", "111": "W", "163": "N", "34": "N", "110": "S", "55": "N", "82": "E", "148": "N", "95": "S", "72": "W", "150": "E"}, {"21": "S", "97": "E", "82": "E", "95": "W", "77": "S", "72": "N", "154": "N", "84": "E", "40": "E", "53": "N", "171": "E", "144": "S", "165": "S", "173": "W", "69": "W", "100": "S", "155": "W", "14": "E", "123": "N", "164": "S", "112": "N", "1": "E", "71": "W", "125": "E", "59": "W", "81": "W", "90": "S", "150": "S", "122": "E", "28": "E", "18": "E", "115": "S", "33": "E", "79": "E", "46": "N", "35": "N", "111": "W", "174": "S", "38": "E", "163": "W", "175": "S", "110": "S", "109": "S", "70": "N", "128": "S", "105": "E", "19": "S", "101": "W", "9": "W", "91": "W", "178": "N", "132": "S", "26": "W", "136": "E", "133": "E", "118": "N", "37": "N", "151": "S", "93": "N", "88": "S", "99": "S", "20": "S", "156": "S", "161": "S", "139": "N", "102": "S", "141": "N", "22": "W", "120": "W", "52": "S", "80": "E", "121": "W", "6": "W", "74": "W", "148": "N", "117": "N", "103": "E", "68": "E", "34": "W", "75": "S", "41": "E", "76": "W", "143": "S", "55": "E"}, {"81": "W", "40": "S", "19": "E", "163": "E", "109": "W", "70": "N", "76": "N", "120": "N", "37": "N", "178": "N", "136": "S", "110": "S", "18": "N", "72": "E", "95": "S", "144": "S", "74": "W", "103": "W", "150": "S", "174": "S", "105": "N", "165": "S", "42": "W", "93": "N", "151": "E", "122": "N", "97": "S", "161": "S", "175": "N", "28": "E", "35": "W", "68": "E", "6": "N", "88": "S", "9": "N", "173": "N", "132": "S", "133": "E", "48": "S", "53": "S", "100": "E", "20": "W", "79": "N", "26": "S", "139": "N", "84": "E", "1": "E", "80": "E", "112": "S", "155": "S", "46": "E", "52": "S", "154": "N", "128": "S", "102": "E", "118": "S", "121": "W", "111": "S", "156": "S", "91": "W", "171": "N", "38": "E", "141": "E", "77": "E", "41": "E", "101": "N", "82": "S", "21": "S", "63": "S", "90": "S", "71": "N", "75": "E", "115": "S", "147": "S", "99": "S", "123": "W", "11": "N", "7": "N", "148": "E", "117": "N", "55": "S", "59": "N"}, {"95": "N", "151": "E", "70": "W", "18": "E", "35": "N", "173": "N", "53": "S", "59": "E", "74": "N", "132": "E", "82": "S", "121": "W", "38": "S", "161": "S", "81": "W", "93": "E", "63": "S", "102": "W", "143": "E", "97": "E", "144": "S", "46": "N", "88": "S", "150": "S", "110": "S", "28": "E", "77": "N", "171": "E", "141": "N", "90": "E", "80": "S", "71": "N", "11": "E", "148": "N", "163": "E", "99": "E", "37": "N", "139": "E", "128": "S", "69": "W", "91": "W", "154": "N", "68": "E", "9": "W", "76": "N", "75": "N", "117": "N", "34": "W", "20": "S", "1": "E", "165": "W", "84": "E", "123": "W", "111": "W", "41": "E", "120": "S", "52": "S", "26": "S", "112": "W", "72": "N", "174": "E", "175": "E", "6": "N", "100": "S", "178": "E", "147": "S", "122": "N", "136": "S", "7": "W", "109": "S", "21": "S", "40": "S", "103": "E", "79": "W", "55": "E"}, {"69": "W", "26": "S", "148": "N", "151": "E", "141": "E", "70": "N", "79": "S", "111": "W", "35": "W", "178": "N", "20": "S", "38": "E", "99": "E", "88": "E", "91": "W", "136": "S", "175": "E", "100": "S", "55": "N", "110": "S", "75": "E", "112": "W", "63": "S", "93": "E", "143": "E", "97": "N", "128": "E", "11": "N", "22": "E", "171": "E", "76": "N", "139": "S", "84": "E", "156": "S", "82": "S", "150": "S", "18": "N", "163": "W", "101": "W", "40": "S", "109": "S", "103": "S", "72": "E", "102": "W", "28": "E", "165": "N", "9": "W", "71": "N", "122": "E", "154": "N", "6": "E", "121": "N", "37": "N", "81": "W", "77": "S", "1": "E", "144": "E", "132": "S", "120": "S", "46": "N", "74": "W", "117": "E", "123": "W", "147": "S", "7": "N", "95": "E", "21": "S", "34": "W", "105": "N", "41": "N", "161": "S", "90": "S", "173": "E", "80": "E", "174": "E"}, {"69": "W", "90": "E", "34": "W", "81": "W", "21": "E", "154": "E", "132": "S", "102": "W", "163": "W", "74": "W", "105": "E", "173": "N", "143": "E", "121": "N", "111": "W", "174": "S", "120": "E", "84": "E", "70": "N", "80": "E", "41": "E", "72": "N", "123": "W", "79": "N", "110": "N", "42": "W", "148": "N", "26": "N", "147": "S", "40": "S", "165": "S", "22": "S", "95": "S", "103": "W", "161": "S", "100": "E", "101": "W", "55": "N", "11": "N", "59": "N", "144": "S", "141": "N", "112": "W", "118": "S", "151": "E", "76": "N", "139": "E", "35": "N", "71": "W", "171": "S", "38": "E", "18": "E", "156": "S", "77": "S", "75": "E", "97": "N", "82": "S", "109": "S", "88": "E", "178": "E", "7": "S", "53": "S", "136": "S", "91": "W", "150": "S", "46": "N", "6": "E", "99": "E", "1": "E", "63": "S", "9": "W"}, {"55": "N", "88": "E", "147": "E", "41": "E", "99": "E", "161": "E", "26": "S", "100": "E", "156": "S", "42": "W", "90": "S", "103": "W", "21": "S", "120": "E", "95": "S", "101": "W", "132": "E", "81": "W", "79": "N", "38": "E", "123": "S", "1": "E", "69": "S", "80": "E", "178": "N", "165": "W", "163": "E", "9": "W", "22": "S", "34": "N", "171": "S", "148": "N", "109": "W", "91": "S", "76": "N", "14": "E", "105": "E", "174": "S", "84": "E", "151": "S", "40": "S", "53": "E", "46": "N", "173": "N", "139": "E", "70": "E", "154": "E", "112": "N", "72": "E", "102": "W", "111": "W", "141": "N", "136": "E", "97": "N", "121": "N", "74": "W", "144": "S", "59": "E", "18": "E", "82": "S", "150": "S", "63": "S", "118": "S", "77": "E", "35": "W", "11": "W", "7": "N", "6": "E"}, {"151": "S", "103": "W", "112": "N", "171": "S", "21": "S", "59": "E", "163": "S", "110": "E", "97": "W", "173": "N", "18": "N", "46": "E", "1": "E", "84": "E", "26": "S", "7": "N", "40": "S", "63": "W", "77": "S", "141": "N", "139": "N", "76": "N", "99": "E", "72": "E", "34": "W", "69": "W", "55": "N", "132": "E", "165": "W", "38": "E", "154": "E", "109": "S", "11": "N", "161": "S", "156": "E", "22": "S", "148": "E", "101": "W", "37": "N", "178": "N", "121": "N", "143": "E", "95": "S", "81": "W", "80": "E", "9": "W", "123": "S", "174": "S", "111": "W", "79": "N", "74": "N", "120": "W", "42": "N", "150": "S", "102": "W", "35": "E", "71": "W", "70": "N", "6": "E", "100": "N", "41": "S", "90": "S", "144": "S", "91": "W", "82": "S", "118": "W", "53": "E", "136": "S"}, {"77": "N", "7": "N", "154": "S", "9": "N", "34": "W", "118": "S", "46": "E", "82": "S", "35": "N", "120": "E", "163": "S", "111": "W", "141": "E", "156": "S", "76": "N", "171": "E", "112": "N", "21": "S", "71": "W", "103": "S", "139": "N", "165": "E", "53": "E", "121": "N", "90": "S", "74": "N", "173": "W", "72": "N", "150": "E", "42": "W", "148": "N", "102": "W", "101": "N", "151": "E", "109": "S", "22": "S", "99": "E", "11": "N", "132": "S", "174": "E", "105": "N", "1": "E", "136": "S", "69": "N", "161": "S", "55": "N", "18": "E", "91": "W", "81": "S", "95": "S", "26": "S", "41": "E", "79": "N", "40": "S", "110": "S", "63": "S", "123": "W", "59": "E", "38": "E", "70": "E", "97": "N", "100": "E", "178": "N", "144": "S"}, {"42": "S", "174": "S", "59": "N", "40": "S", "63": "W", "90": "E", "69": "W", "154": "E", "161": "W", "18": "N", "100": "E", "6": "S", "72": "E", "22": "W", "110": "S", "82": "S", "26": "E", "120": "N", "144": "S", "118": "S", "79": "E", "38": "E", "136": "S", "55": "N", "70": "N", "74": "W", "9": "N", "103": "W", "41": "E", "132": "N", "101": "W", "156": "E", "53": "S", "91": "S", "105": "E", "141": "E", "81": "S", "139": "E", "171": "S", "71": "E", "21": "S", "76": "N", "77": "E", "111": "S", "95": "E", "7": "N", "148": "S", "121": "N", "112": "W", "1": "E", "150": "W", "11": "N", "178": "N", "173": "N", "34": "W", "109": "S", "165": "S", "46": "S", "163": "E", "97": "N", "102": "W", "99": "E"}, {"103": "S", "97": "E", "150": "E", "171": "E", "55": "W", "7": "N", "173": "N", "100": "E", "136": "S", "148": "E", "22": "E", "72": "N", "121": "N", "53": "E", "81": "S", "112": "N", "132": "E", "105": "S", "165": "S", "26": "W", "141": "N", "95": "E", "163": "E", "82": "S", "41": "S", "76": "N", "35": "N", "18": "S", "110": "N", "69": "N", "6": "E", "59": "N", "90": "E", "21": "E", "34": "W", "77": "E", "139": "E", "178": "N", "144": "S", "120": "E", "42": "W", "154": "E", "74": "W", "63": "W", "102": "W", "79": "N", "156": "E", "174": "S", "70": "W", "118": "S", "161": "S", "91": "S", "71": "N", "46": "S"}, {"6": "E", "178": "N", "35": "W", "171": "E", "53": "S", "139": "E", "148": "E", "154": "N", "174": "S", "76": "N", "97": "W", "77": "E", "70": "W", "59": "E", "71": "N", "22": "E", "41": "E", "156": "S", "161": "S", "132": "S", "90": "S", "123": "S", "102": "W", "163": "E", "110": "S", "99": "N", "136": "S", "141": "N", "42": "W", "74": "W", "165": "S", "26": "S", "46": "S", "72": "E", "21": "S", "150": "W", "34": "W", "55": "W", "118": "S", "9": "W", "63": "S", "103": "S", "144": "E", "112": "N", "81": "S", "18": "N", "100": "E", "82": "S", "173": "S", "121": "N", "79": "N", "105": "E"}, {"81": "S", "103": "S", "9": "W", "21": "S", "144": "E", "63": "E", "173": "W", "70": "W", "91": "S", "100": "E", "156": "S", "74": "W", "102": "S", "118": "S", "42": "N", "99": "S", "174": "S", "59": "E", "123": "S", "18": "E", "121": "N", "77": "E", "90": "S", "22": "E", "161": "S", "148": "N", "72": "E", "163": "E", "165": "W", "34": "W", "97": "W", "112": "E", "136": "S", "79": "E", "41": "S", "139": "E", "141": "N", "154": "E", "26": "S", "53": "S", "105": "E", "150": "S", "71": "W", "120": "N", "35": "E", "110": "S", "55": "N", "132": "E", "46": "S", "82": "E"}, {"165": "W", "161": "S", "120": "N", "132": "S", "53": "E", "9": "N", "102": "S", "26": "S", "112": "N", "34": "W", "46": "S", "174": "E", "110": "S", "18": "N", "35": "E", "77": "E", "99": "S", "90": "E", "100": "E", "71": "N", "123": "S", "136": "S", "156": "E", "55": "W", "144": "E", "118": "E", "148": "N", "22": "S", "63": "S", "79": "E", "154": "E", "82": "S", "70": "N", "59": "N", "141": "N", "121": "N", "74": "N", "163": "N", "173": "N", "171": "S", "150": "S", "103": "S", "21": "S", "72": "E", "41": "N", "97": "W"}, {"102": "S", "141": "N", "21": "W", "171": "S", "55": "N", "90": "W", "120": "N", "121": "N", "161": "E", "72": "N", "132": "S", "70": "N", "156": "E", "41": "E", "174": "S", "150": "S", "97": "W", "123": "S", "82": "S", "103": "S", "173": "N", "100": "N", "165": "S", "154": "E", "34": "N", "9": "N", "163": "N", "59": "E", "71": "N", "53": "S", "46": "S", "22": "S", "144": "E", "74": "N", "110": "S", "35": "E", "79": "N", "112": "W", "99": "N", "63": "S", "136": "S", "18": "N"}, {"144": "E", "70": "N", "82": "E", "156": "S", "53": "S", "171": "S", "163": "E", "9": "N", "35": "W", "22": "E", "121": "N", "55": "N", "174": "S", "34": "W", "97": "N", "173": "N", "136": "E", "132": "E", "72": "E", "41": "E", "59": "E", "71": "S", "74": "W", "165": "W", "99": "S", "100": "S", "21": "S", "63": "S", "79": "N", "110": "E", "112": "W", "46": "S", "102": "W", "141": "N", "18": "E", "150": "S", "120": "N", "161": "E", "123": "S"}, {"46": "S", "141": "N", "100": "E", "102": "S", "161": "E", "110": "S", "121": "N", "163": "E", "144": "E", "63": "S", "132": "N", "22": "E", "123": "W", "171": "E", "82": "E", "59": "N", "120": "E", "79": "E", "174": "S", "165": "W", "71": "N", "53": "N", "9": "N", "35": "E", "55": "N", "173": "E", "18": "E", "112": "W", "90": "S", "156": "E", "34": "N", "99": "E", "74": "N", "97": "W", "41": "N", "21": "S"}, {"141": "E", "100": "E", "18": "E", "71": "W", "63": "S", "102": "S", "171": "S", "55": "N", "41": "N", "35": "W", "144": "E", "74": "N", "136": "S", "174": "E", "21": "S", "132": "S", "99": "E", "120": "E", "46": "S", "72": "E", "22": "S", "121": "N", "9": "N", "90": "S", "97": "N", "163": "E", "82": "E", "110": "S", "59": "E", "53": "E", "34": "W", "156": "E", "112": "N"}, {"74": "N", "174": "S", "141": "E", "63": "S", "72": "S", "35": "N", "18": "E", "90": "E", "34": "N", "132": "N", "21": "S", "55": "N", "171": "S", "112": "N", "82": "E", "59": "E", "9": "N", "156": "N", "22": "S", "99": "N", "53": "E", "110": "E", "100": "N", "120": "E", "46": "E", "136": "S", "102": "S", "163": "E", "71": "N", "165": "S", "97": "N", "144": "E", "121": "N", "41": "E"}, {"18": "E", "100": "N", "174": "E", "55": "N", "82": "E", "9": "N", "136": "E", "163": "E", "120": "E", "97": "N", "35": "N", "132": "S", "171": "S", "102": "W", "156": "E", "74": "N", "59": "E", "71": "W", "72": "E", "141": "E", "46": "S", "22": "W", "21": "E", "112": "S", "34": "N", "53": "S", "110": "E", "63": "S", "144": "E", "121": "W", "99": "E"}, {"144": "E", "53": "E", "112": "S", "163": "E", "9": "N", "99": "N", "97": "E", "136": "E", "18": "E", "121": "N", "46": "E", "102": "S", "34": "N", "120": "E", "71": "E", "21": "E", "82": "S", "63": "S", "100": "N", "22": "S", "55": "N", "174": "E", "59": "S", "74": "N", "110": "S", "132": "S", "72": "E", "35": "N", "171": "S", "141": "N"}, {"112": "E", "55": "N", "74": "N", "121": "N", "171": "S", "59": "N", "144": "E", "100": "E", "99": "E", "46": "S", "18": "E", "97": "E", "35": "E", "136": "S", "53": "S", "141": "E", "174": "E", "9": "N", "63": "E", "21": "S", "82": "E", "120": "E", "110": "E", "71": "N", "34": "N", "163": "E", "132": "S"}, {"53": "E", "59": "N", "82": "E", "132": "S", "63": "E", "110": "E", "71": "N", "112": "W", "99": "E", "100": "E", "121": "N", "163": "E", "174": "S", "97": "E", "74": "N", "141": "N", "55": "E", "18": "E", "9": "N", "34": "N", "35": "E", "120": "E", "171": "S", "46": "E"}, {"120": "E", "174": "S", "46": "E", "71": "E", "112": "S", "171": "E", "18": "E", "9": "N", "35": "N", "141": "N", "110": "N", "59": "E", "82": "N", "163": "E", "34": "N", "132": "S", "100": "E", "55": "E", "99": "E", "121": "E"}, {"120": "N", "174": "S", "35": "N", "110": "E", "132": "S", "171": "S", "112": "W", "121": "N", "46": "E", "100": "E", "99": "E", "141": "N", "82": "E", "34": "N", "59": "N", "55": "E", "9": "N"}, {"9": "E", "35": "N", "112": "W", "59": "E", "174": "E", "141": "N", "82": "E", "171": "S", "132": "E", "120": "E", "121": "N", "110": "E", "46": "E", "99": "S", "100": "E"}, {"171": "E", "132": "E", "120": "E", "174": "E", "110": "N", "35": "N", "141": "E", "112": "N", "59": "E", "121": "N", "99": "E", "82": "E", "46": "E"}, {"82": "E", "59": "E", "121": "N", "112": "N", "132": "E", "141": "E", "171": "S", "46": "E", "35": "W", "174": "E", "120": "E", "110": "E", "99": "E"}, {"174": "E", "35": "N", "82": "E", "46": "E", "112": "N", "110": "E", "121": "N", "59": "N", "141": "E", "171": "E", "120": "N", "132": "E"}, {"174": "E", "141": "E", "59": "E", "82": "E", "110": "S", "46": "E", "171": "E", "132": "E", "35": "N", "120": "N"}, {"35": "N", "174": "E", "171": "S", "46": "E", "110": "S", "132": "E", "120": "E", "82": "E"}, {"35": "E", "59": "E", "171": "E", "132": "E", "82": "E", "120": "E", "46": "E", "174": "S"}, {"46": "E", "171": "E", "82": "E", "120": "E", "35": "N", "132": "E", "59": "S", "174": "E"}, {"46": "E", "120": "S", "171": "E", "59": "S", "132": "E", "35": "S"}, {"59": "E", "171": "E", "35": "W", "132": "E", "120": "E", "46": "E"}, {"59": "S", "132": "E", "171": "E", "46": "E", "35": "S"}, {"35": "W", "59": "E", "132": "S"}, {"35": "W", "59": "E", "132": "E"}, {"35": "N", "59": "E", "132": "E"}, {"132": "E", "59": "E"}, {"132": "S", "59": "E"}, {"132": "E"}, {"132": "S"}, {"132": "E"}, {"132": "E"}, {"132": "E"}, {"132": "N"}, {"39": "N"}, {"39": "N"}, {"39": "N"}, {"39": "N"}, {"39": "N"}, {"39": "N"}, {"39": "N"}, {"39": "E"}, {"39": "E"}, {"39": "E"}, {"39": "N"}, {"39": "E"}, {"39": "E"}, {"39": "E"}, {"39": "E"}, {"39": "E"}, {"39": "E"}, {"39": "E"}, {"39": "E"}, {"39": "E"}, {"39": "E"}, {"39": "E"}, {"39": "E"}, {"39": "E"}, {"39": "E"}, {"39": "E"}, {"39": "E"}, {"39": "E"}, {"39": "E"}, {"39": "S"}, {"39": "E"}, {"39": "E"}, {"39": "N"}, {"39": "E"}, {"39": "E"}, {"39": "E"}, {"39": "E"}, {"39": "E"}, {"39": "E"}, {"39": "E"}, {"66": "W"}, {"66": "W"}, {"66": "S"}, {"66": "S"}, {"66": "S"}, {"66": "S"}, {"66": "S"}, {"66": "S"}, {"66": "S"}, {"66": "S"}, {"66": "S"}, {"130": "N"}, {"130": "E"}, {"130": "N"}, {"130": "N"}, {"130": "N"}, {"130": "E"}, {"130": "E"}, {"130": "N"}, {"130": "N"}, {"130": "N"}, {"130": "N"}, {"130": "N"}, {"130": "N"}, {"130": "N"}, {"130": "N"}, {"130": "N"}, {"130": "N"}, {"130": "N"}, {"130": "N"}, {"130": "N"}, {"130": "E"}, {"130": "N"}, {"130": "N"}, {"130": "E"}, {"130": "E"}, {"130": "N"}, {"130": "E"}, {"130": "E"}, {"130": "E"}, {"130": "E"}, {"130": "E"}, {"130": "N"}, {"130": "E"}, {"176": "N"}, {"176": "N"}, {"176": "N"}, {"176": "N"}, {"176": "W"}, {"176": "N"}, {"176": "N"}, {"176": "N"}, {"176": "E"}, {"176": "N"}, {"176": "N"}, {"176": "N"}, {"176": "N"}, {"176": "N"}, {"176": "N"}, {"176": "N"}, {"176": "N"}, {"176": "N"}, {"176": "N"}, {"176": "W"}, {"176": "N"}, {"176": "N"}, {"176": "N"}, {"176": "N"}, {"176": "N"}, {"176": "N"}, {"176": "W"}, {"176": "N"}, {"176": "N"}, {"176": "N"}, {"176": "N"}, {"176": "N"}, {"176": "N"}, {"176": "E"}, {"176": "E"}, {"176": "N"}, {"176": "E"}, {"176": "E"}, {"176": "E"}, {"176": "S"}, {"86": "S"}, {"86": "S"}, {"86": "S"}, {"86": "E"}, {"86": "E"}, {"86": "E"}, {"86": "E"}, {"86": "E"}, {"86": "E"}, {"86": "E"}, {"17": "E"}, {"17": "E"}, {"17": "E"}, {"17": "E"}, {"17": "E"}, {"17": "N"}, {"17": "E"}, {"17": "N"}, {"17": "E"}, {"17": "E"}, {"17": "E"}, {"17": "N"}, {"17": "N"}, {"17": "N"}, {"17": "N"}, {"17": "E"}, {"17": "E"}, {"17": "E"}, {"17": "E"}, {"17": "E"}, {"17": "E"}, {"17": "E"}, {"17": "E"}, {"17": "E"}, {"17": "E"}, {"17": "E"}, {"17": "E"}, {"17": "E"}, {"17": "E"}, {"17": "E"}, {"17": "E"}, {"17": "E"}, {"17": "E"}, {"17": "E"}, {"17": "E"}, {"17": "E"}, {"17": "N"}, {"17": "N"}, {"17": "E"}, {"131": "W"}, {"131": "W"}, {"131": "W"}, {"131": "W"}, {"131": "W"}, {"131": "W"}, {"131": "W"}, {"131": "W"}, {"131": "W"}, {"131": "N"}, {"131": "N"}, {"131": "N"}, {"131": "N"}, {"12": "N"}, {"12": "N"}, {"12": "E"}, {"12": "N"}, {"12": "N"}, {"12": "N"}, {"12": "N"}, {"12": "N"}, {"12": "N"}, {"12": "N"}, {"12": "N"}, {"12": "N"}, {"12": "N"}, {"12": "E"}, {"12": "E"}, {"12": "N"}, {"12": "N"}, {"12": "N"}, {"12": "N"}, {"12": "N"}, {"12": "N"}, {"12": "E"}, {"12": "N"}, {"12": "N"}, {"12": "N"}, {"12": "N"}, {"12": "N"}, {"12": "E"}, {"12": "N"}, {"12": "N"}, {"12": "N"}, {"12": "E"}, {"12": "E"}, {"12": "N"}, {"12": "E"}, {"12": "E"}, {"12": "E"}, {"12": "E"}, {"12": "E"}, {"12": "E"}, {"116": "N"}, {"116": "N"}, {"116": "N"}, {"116": "N"}, {"116": "N"}, {"116": "N"}, {"116": "E"}, {"116": "N"}, {"116": "N"}, {"116": "N"}, {"116": "N"}, {"116": "N"}, {"116": "N"}, {"116": "N"}, {"116": "N"}, {"116": "N"}, {"116": "E"}, {"116": "E"}, {"116": "N"}, {"116": "N"}, {"116": "E"}, {"116": "N"}, {"116": "N"}, {"116": "N"}, {"116": "N"}, {"116": "N"}, {"116": "E"}, {"4": "N"}, {"4": "E"}, {"4": "E"}, {"4": "E"}, {"4": "E"}, {"4": "E"}, {"4": "E"}, {"4": "E"}, {"4": "E"}, {"4": "E"}, {"4": "E"}, {"4": "E"}, {"4": "E"}, {"4": "E"}, {"4": "E"}, {"4": "E"}, {"4": "E"}, {"4": "S"}, {"4": "E"}, {"4": "S"}, {"4": "E"}, {"4": "E"}, {"4": "E"}, {"4": "E"}, {"4": "E"}, {"4": "E"}, {"4": "E"}, {"4": "E"}, {"4": "N"}, {"4": "E"}, {"4": "N"}, {"160": "N"}, {"160": "W"}, {"160": "W"}, {"160": "W"}, {"160": "W"}, {"160": "W"}, {"160": "W"}, {"160": "W"}, {"160": "W"}, {"160": "W"}, {"160": "W"}, {"160": "W"}, {"160": "N"}, {"160": "N"}, {"160": "N"}, {"160": "N"}, {"160": "W"}, {"160": "N"}, {"160": "N"}, {"160": "W"}, {"160": "N"}, {"160": "W"}, {"160": "W"}, {"160": "W"}, {"160": "W"}, {"160": "W"}, {"160": "W"}, {"160": "N"}, {"160": "W"}, {"160": "W"}, {"160": "W"}, {"160": "W"}, {"160": "W"}, {"160": "W"}, {"160": "N"}, {"73": "S"}, {"73": "S"}, {"73": "S"}, {"73": "E"}, {"73": "E"}, {"73": "S"}, {"73": "E"}, {"73": "E"}, {"73": "E"}, {"73": "E"}, {"73": "E"}, {"73": "E"}, {"73": "S"}, {"73": "S"}, {"73": "S"}, {"73": "S"}, {"73": "S"}, {"73": "S"}, {"73": "S"}, {"73": "S"}, {"73": "S"}, {"73": "S"}, {"73": "E"}, {"73": "S"}, {"73": "S"}, {"73": "S"}, {"73": "S"}, {"73": "S"}, {"73": "E"}, {"73": "E"}, {"30": "N"}, {"30": "E"}, {"30": "N"}, {"30": "N"}, {"30": "E"}, {"30": "E"}, {"30": "E"}, {"30": "E"}, {"30": "E"}, {"30": "E"}, {"30": "N"}, {"30": "E"}, {"30": "N"}, {"30": "E"}, {"30": "E"}, {"30": "E"}, {"30": "N"}, {"30": "E"}, {"30": "N"}, {"30": "E"}, {"30": "E"}, {"30": "E"}, {"30": "E"}, {"30": "E"}, {"30": "E"}, {"30": "N"}, {"30": "E"}, {"30": "N"}, {"30": "E"}, {"30": "E"}, {"30": "E"}, {"30": "E"}, {"43": "N"}, {"43": "N"}, {"43": "E"}, {"43": "E"}, {"43": "E"}, {"43": "E"}, {"43": "E"}, {"43": "E"}, {"43": "N"}, {"43": "E"}, {"43": "N"}, {"43": "N"}, {"43": "E"}, {"43": "E"}, {"43": "N"}, {"43": "E"}, {"43": "E"}, {"43": "E"}, {"43": "E"}, {"43": "N"}, {"43": "E"}, {"43": "N"}, {"142": "N"}, {"142": "W"}, {"142": "W"}, {"142": "W"}, {"142": "W"}, {"142": "W"}, {"142": "W"}, {"142": "W"}, {"142": "W"}, {"142": "W"}, {"142": "W"}, {"142": "N"}, {"142": "N"}, {"142": "N"}, {"142": "N"}, {"142": "W"}, {"142": "N"}, {"142": "N"}, {"142": "N"}, {"142": "N"}, {"142": "W"}, {"142": "N"}, {"142": "N"}, {"142": "N"}, {"142": "N"}, {"142": "N"}, {"142": "N"}, {"142": "N"}, {"142": "N"}, {"142": "N"}, {"142": "N"}, {"142": "N"}, {"78": "W"}, {"78": "W"}, {"78": "N"}, {"78": "W"}, {"78": "W"}, {"78": "W"}, {"78": "W"}, {"78": "W"}, {"78": "W"}, {"78": "W"}, {"78": "W"}, {"78": "W"}, {"78": "W"}, {"78": "S"}, {"78": "S"}, {"78": "W"}, {"78": "W"}, {"78": "W"}, {"78": "W"}, {"78": "N"}, {"78": "W"}, {"78": "W"}, {"78": "W"}, {"78": "W"}, {"78": "W"}, {"78": "W"}, {"78": "W"}, {"78": "W"}, {"78": "W"}, {"78": "W"}, {"78": "N"}, {"78": "N"}, {"78": "N"}, {"78": "N"}, {"78": "N"}, {"50": "W"}, {"50": "W"}, {"50": "W"}, {"50": "W"}, {"50": "N"}, {"50": "N"}, {"50": "N"}, {"50": "N"}, {"50": "N"}, {"50": "N"}, {"50": "E"}, {"50": "N"}, {"50": "N"}, {"50": "N"}, {"50": "W"}, {"50": "N"}, {"50": "N"}, {"50": "N"}, {"50": "N"}, {"50": "N"}, {"50": "N"}, {"50": "N"}, {"50": "N"}, {"50": "N"}, {"50": "N"}, {"50": "W"}, {"50": "N"}, {"50": "W"}, {"50": "N"}, {"50": "W"}, {"50": "W"}, {"50": "N"}, {"50": "N"}, {"50": "N"}, {"50": "W"}, {"50": "W"}, {"50": "N"}, {"50": "N"}, {"50": "N"}, {"50": "N"}, {"31": "N"}, {"31": "E"}, {"31": "E"}, {"31": "E"}, {"31": "N"}, {"31": "E"}, {"31": "E"}, {"31": "E"}, {"31": "E"}, {"31": "E"}, {"31": "E"}, {"31": "N"}, {"31": "E"}, {"31": "E"}, {"31": "E"}, {"31": "E"}, {"31": "E"}, {"31": "E"}, {"31": "E"}, {"31": "E"}, {"31": "E"}, {"31": "S"}, {"31": "E"}, {"31": "E"}, {"31": "E"}, {"31": "E"}, {"31": "E"}, {"85": "W"}, {"85": "W"}, {"85": "W"}, {"85": "S"}, {"85": "W"}, {"85": "S"}, {"85": "W"}, {"85": "W"}, {"85": "W"}, {"85": "W"}, {"85": "W"}, {"85": "W"}, {"85": "W"}, {"85": "W"}, {"85": "S"}, {"85": "S"}, {"85": "W"}, {"85": "W"}, {"85": "W"}, {"85": "W"}, {"85": "S"}, {"85": "W"}, {"85": "W"}, {"85": "W"}, {"85": "W"}, {"85": "S"}, {"85": "S"}, {"169": "S"}, {"169": "W"}, {"169": "W"}, {"169": "W"}, {"169": "S"}, {"169": "S"}, {"169": "S"}, {"169": "W"}, {"169": "S"}, {"169": "W"}, {"169": "S"}, {"169": "S"}, {"169": "W"}, {"169": "S"}, {"169": "W"}, {"169": "S"}, {"169": "S"}, {"169": "S"}, {"169": "W"}, {"169": "W"}, {"169": "W"}, {"169": "S"}, {"108": "S"}, {"108": "W"}, {"108": "W"}, {"108": "S"}, {"108": "S"}, {"108": "S"}, {"108": "E"}, {"108": "S"}, {"108": "S"}, {"108": "W"}, {"108": "S"}, {"108": "S"}, {"108": "S"}, {"108": "E"}, {"108": "S"}, {"108": "S"}, {"108": "S"}, {"108": "S"}, {"108": "W"}, {"108": "W"}, {"108": "S"}, {"108": "S"}, {"108": "S"}, {"108": "S"}, {"108": "S"}, {"108": "S"}, {"108": "S"}, {"108": "E"}, {"108": "E"}, {"108": "S"}, {"108": "S"}, {"108": "W"}, {"108": "S"}, {"108": "W"}, {"153": "W"}, {"153": "S"}, {"153": "S"}, {"153": "W"}, {"153": "S"}, {"153": "S"}, {"153": "S"}, {"153": "S"}, {"153": "W"}, {"153": "S"}, {"153": "S"}, {"153": "S"}, {"153": "S"}, {"153": "W"}, {"153": "W"}, {"153": "S"}, {"153": "S"}, {"153": "S"}, {"153": "S"}, {"153": "S"}, {"153": "W"}, {"153": "W"}, {"153": "N"}, {"153": "N"}, {"92": "S"}, {"92": "W"}, {"92": "W"}, {"92": "W"}, {"92": "W"}, {"92": "W"}, {"92": "W"}, {"92": "N"}, {"92": "W"}, {"92": "W"}, {"92": "W"}, {"92": "W"}, {"92": "W"}, {"92": "W"}, {"92": "W"}, {"92": "W"}, {"92": "W"}, {"92": "W"}, {"92": "W"}, {"92": "W"}, {"92": "W"}, {"92": "W"}, {"92": "W"}, {"92": "W"}, {"92": "W"}, {"92": "N"}, {"8": "W"}, {"8": "W"}, {"8": "W"}, {"8": "W"}, {"8": "N"}, {"8": "W"}, {"8": "W"}, {"8": "W"}, {"8": "W"}, {"8": "W"}, {"8": "W"}, {"8": "W"}, {"8": "W"}, {"8": "W"}, {"8": "W"}, {"8": "W"}, {"8": "N"}, {"8": "N"}, {"8": "N"}, {"8": "N"}, {"8": "W"}, {"8": "N"}, {"8": "W"}, {"8": "W"}, {"8": "N"}, {"8": "N"}, {"8": "W"}, {"8": "N"}, {"8": "W"}, {"8": "N"}, {"8": "W"}, {"8": "N"}, {"8": "N"}, {"8": "N"}, {"8": "W"}, {"8": "W"}, {"8": "N"}, {"8": "N"}, {"8": "W"}, {"8": "W"}, {"8": "W"}, {"8": "N"}, {"8": "N"}, {"8": "N"}, {"8": "N"}, {"8": "N"}, {"8": "N"}, {"8": "N"}, {"8": "N"}, {"87": "W"}, {"87": "S"}, {"87": "W"}, {"87": "W"}, {"87": "W"}, {"87": "W"}, {"87": "S"}, {"87": "W"}, {"87": "W"}, {"87": "W"}, {"87": "W"}, {"87": "S"}, {"87": "W"}, {"87": "S"}, {"87": "W"}, {"87": "W"}, {"87": "W"}, {"87": "S"}, {"87": "S"}, {"87": "W"}, {"87": "S"}, {"87": "S"}, {"51": "W"}, {"51": "S"}, {"51": "W"}, {"51": "W"}, {"51": "W"}, {"51": "W"}, {"51": "S"}, {"51": "S"}, {"51": "S"}, {"51": "S"}, {"51": "S"}, {"51": "S"}, {"51": "S"}, {"51": "W"}, {"51": "S"}, {"51": "W"}, {"51": "S"}, {"51": "S"}, {"51": "S"}, {"51": "S"}, {"51": "S"}, {"51": "S"}, {"51": "S"}, {"51": "S"}, {"51": "S"}, {"51": "S"}, {"51": "S"}, {"51": "S"}, {"51": "S"}, {"51": "E"}, {"51": "E"}, {"51": "S"}, {"58": "W"}, {"58": "W"}, {"58": "N"}, {"58": "W"}, {"58": "W"}, {"58": "W"}, {"58": "W"}, {"58": "W"}, {"58": "W"}, {"58": "W"}, {"58": "N"}, {"58": "N"}, {"58": "N"}, {"58": "N"}, {"58": "W"}, {"58": "N"}, {"58": "W"}, {"58": "W"}, {"58": "N"}, {"58": "N"}, {"58": "W"}, {"58": "N"}, {"58": "W"}, {"58": "N"}, {"58": "W"}, {"58": "N"}, {"58": "N"}, {"58": "N"}, {"58": "W"}, {"58": "W"}, {"58": "N"}, {"58": "N"}, {"58": "W"}, {"58": "W"}, {"58": "W"}, {"58": "N"}, {"58": "N"}, {"58": "N"}, {"58": "N"}, {"58": "N"}, {"58": "N"}, {"58": "N"}, {"67": "E"}, {"67": "N"}, {"67": "N"}, {"67": "N"}, {"67": "N"}, {"67": "N"}, {"67": "N"}, {"67": "E"}, {"67": "N"}, {"67": "N"}, {"67": "E"}, {"126": "E"}, {"126": "S"}, {"126": "S"}, {"126": "S"}, {"126": "E"}, {"126": "E"}, {"126": "E"}, {"126": "E"}, {"126": "S"}, {"126": "E"}, {"126": "E"}, {"126": "E"}, {"126": "S"}, {"126": "S"}, {"126": "E"}, {"126": "E"}, {"126": "S"}, {"126": "E"}, {"126": "E"}, {"23": "W"}, {"23": "W"}, {"23": "N"}, {"23": "W"}, {"23": "W"}, {"23": "W"}, {"23": "W"}, {"23": "N"}, {"23": "N"}, {"23": "N"}, {"23": "N"}, {"23": "W"}, {"23": "N"}, {"23": "N"}, {"23": "N"}, {"23": "N"}, {"23": "W"}, {"140": "N"}, {"140": "N"}, {"140": "N"}, {"140": "N"}, {"140": "N"}, {"140": "N"}, {"140": "N"}, {"140": "N"}, {"140": "N"}, {"140": "N"}, {"140": "E"}, {"140": "N"}, {"140": "E"}, {"140": "E"}, {"140": "E"}, {"140": "E"}, {"140": "E"}, {"140": "E"}, {"140": "E"}, {"167": "W"}, {"167": "W"}, {"167": "S"}, {"167": "S"}, {"167": "S"}, {"167": "S"}, {"167": "W"}, {"167": "S"}, {"167": "W"}, {"167": "S"}, {"167": "W"}, {"167": "S"}, {"167": "S"}, {"167": "S"}, {"167": "S"}, {"167": "W"}, {"167": "S"}, {"167": "W"}, {"167": "S"}, {"167": "S"}, {"167": "S"}, {"167": "S"}, {"167": "S"}, {"167": "W"}, {"167": "S"}, {"167": "S"}, {"167": "S"}, {"167": "W"}, {"167": "S"}, {"167": "S"}, {"167": "S"}, {"167": "S"}, {"167": "S"}, {"167": "E"}, {"167": "E"}, {"162": "N"}, {"162": "N"}, {"162": "N"}, {"162": "N"}, {"162": "N"}, {"162": "N"}, {"162": "E"}, {"162": "E"}, {"162": "N"}, {"162": "N"}, {"162": "E"}, {"47": "N"}, {"47": "W"}, {"47": "W"}, {"47": "N"}, {"47": "W"}, {"47": "W"}, {"47": "W"}, {"47": "W"}, {"47": "W"}, {"47": "W"}, {"47": "W"}, {"47": "W"}, {"47": "W"}, {"47": "W"}, {"47": "S"}, {"47": "W"}, {"47": "W"}, {"47": "W"}, {"47": "W"}, {"47": "S"}, {"47": "S"}, {"47": "W"}, {"47": "W"}, {"47": "W"}, {"47": "W"}, {"47": "W"}, {"47": "S"}, {"47": "S"}, {"47": "S"}, {"47": "S"}, {"47": "W"}, {"47": "W"}, {"47": "W"}, {"47": "S"}, {"47": "S"}, {"24": "S"}, {"24": "E"}, {"24": "S"}, {"24": "S"}, {"24": "S"}, {"24": "S"}, {"24": "S"}, {"24": "S"}, {"24": "S"}, {"24": "E"}, {"24": "S"}, {"24": "S"}, {"24": "S"}, {"24": "E"}, {"24": "E"}, {"24": "E"}, {"24": "S"}, {"24": "E"}, {"24": "E"}, {"24": "S"}, {"24": "E"}, {"24": "E"}, {"24": "S"}, {"24": "E"}, {"24": "S"}, {"24": "E"}, {"24": "E"}, {"24": "E"}, {"24": "E"}, {"24": "E"}, {"172": "W"}, {"172": "S"}, {"172": "W"}, {"172": "W"}, {"172": "W"}, {"172": "W"}, {"172": "W"}, {"172": "W"}, {"172": "W"}, {"172": "W"}, {"172": "W"}, {"172": "W"}, {"172": "W"}, {"172": "W"}, {"172": "W"}, {"172": "S"}, {"172": "S"}, {"172": "S"}, {"172": "S"}, {"172": "S"}, {"172": "W"}, {"172": "S"}, {"172": "W"}, {"172": "S"}, {"172": "W"}, {"172": "S"}, {"172": "S"}, {"172": "S"}, {"172": "S"}, {"172": "W"}, {"172": "S"}, {"172": "W"}, {"172": "W"}, {"172": "S"}, {"172": "S"}, {"172": "W"}, {"172": "S"}, {"172": "S"}, {"172": "S"}, {"172": "S"}, {"172": "S"}, {"172": "S"}, {"172": "S"}, {"172": "S"}, {"172": "S"}, {"172": "S"}, {"172": "S"}, {"172": "S"}, {"172": "S"}, {"172": "S"}], "result": "SUCCESS", "makespan": 1174, "sum": 5242, "algo_name": "OutAndInByPercentage_per_80_SW_"}