{"instance": "medium_free_000_30x30_20_180", "steps": [{"4": "W", "6": "W", "28": "W", "37": "S", "46": "W", "49": "W", "64": "E", "81": "E", "138": "S", "140": "W", "151": "N", "160": "E", "164": "E", "9": "S", "72": "W", "84": "W", "91": "E", "97": "S", "128": "N", "137": "W", "158": "S", "11": "S", "20": "E", "22": "N", "58": "S", "102": "E", "134": "E", "155": "E", "173": "E", "174": "N", "35": "S", "92": "E", "99": "W", "121": "S", "152": "S", "41": "W", "88": "N", "98": "S", "105": "S", "107": "N", "112": "E", "135": "S", "171": "N", "21": "N", "25": "E", "43": "W", "71": "E", "75": "W", "86": "N", "142": "S", "3": "W", "13": "E", "100": "W", "150": "N", "166": "E", "172": "N", "38": "W", "76": "S", "108": "N", "42": "E", "47": "E", "62": "W", "94": "W", "95": "N", "157": "W", "162": "S", "115": "N", "159": "N", "44": "N", "146": "N", "15": "W", "93": "W", "119": "E", "177": "E", "29": "W", "67": "W", "70": "S", "104": "E", "167": "N", "52": "N", "139": "W"}, {"4": "W", "6": "W", "28": "W", "37": "S", "46": "W", "49": "W", "64": "E", "81": "E", "138": "S", "140": "W", "151": "N", "160": "E", "164": "E", "9": "S", "72": "W", "84": "W", "91": "E", "97": "S", "128": "N", "137": "W", "158": "S", "11": "S", "20": "E", "58": "S", "102": "E", "134": "E", "155": "E", "173": "E", "174": "N", "35": "S", "92": "E", "99": "W", "121": "S", "152": "S", "41": "W", "88": "N", "98": "S", "105": "S", "107": "N", "112": "E", "135": "S", "171": "N", "21": "N", "25": "E", "43": "W", "71": "E", "75": "W", "86": "N", "142": "S", "3": "W", "13": "E", "100": "W", "150": "N", "166": "E", "172": "N", "38": "W", "76": "S", "108": "N", "42": "E", "47": "E", "62": "W", "95": "N", "162": "S", "115": "N", "159": "N", "44": "N", "146": "N", "93": "W", "119": "E", "177": "E", "70": "S", "167": "N", "52": "N"}, {"4": "S", "28": "N", "46": "S", "64": "N", "138": "W", "160": "N", "9": "S", "72": "W", "84": "W", "91": "E", "97": "S", "128": "N", "137": "W", "158": "S", "11": "S", "20": "E", "58": "S", "102": "E", "134": "E", "155": "E", "173": "E", "174": "N", "35": "S", "92": "E", "99": "W", "121": "S", "152": "S", "41": "W", "88": "N", "98": "S", "105": "S", "107": "N", "112": "E", "135": "S", "171": "N", "21": "N", "25": "E", "43": "W", "71": "E", "75": "W", "86": "N", "142": "S", "3": "W", "13": "E", "100": "W", "150": "N", "166": "E", "172": "N", "38": "W", "76": "S", "108": "N", "42": "E", "47": "E", "62": "W", "95": "N", "162": "S", "115": "N", "159": "N", "44": "N", "146": "N", "93": "W", "119": "E", "177": "E", "70": "S", "167": "N", "52": "N"}, {"72": "N", "137": "S", "11": "S", "20": "E", "58": "S", "102": "E", "134": "E", "155": "E", "173": "E", "174": "N", "35": "S", "92": "E", "99": "W", "121": "S", "152": "S", "41": "W", "88": "N", "98": "S", "105": "S", "112": "E", "135": "S", "171": "N", "25": "E", "43": "W", "71": "E", "75": "W", "86": "N", "142": "S", "3": "W", "13": "E", "100": "W", "150": "N", "166": "E", "172": "N", "76": "S", "108": "N", "42": "E", "47": "E", "62": "W", "95": "N", "162": "S", "115": "N", "159": "N", "44": "N", "146": "N", "93": "W", "119": "E", "177": "E", "70": "S", "167": "N", "52": "N"}, {"58": "E", "102": "N", "35": "S", "92": "E", "99": "W", "121": "S", "41": "W", "88": "N", "98": "S", "105": "S", "112": "E", "171": "N", "25": "E", "43": "W", "71": "E", "75": "W", "86": "N", "142": "S", "3": "W", "13": "E", "100": "W", "150": "N", "166": "E", "172": "N", "76": "S", "108": "N", "42": "E", "47": "E", "62": "W", "95": "N", "162": "S", "115": "N", "159": "N", "44": "N", "146": "N", "93": "W", "119": "E", "177": "E", "70": "S", "167": "N", "52": "N"}, {"58": "S", "35": "W", "99": "S", "152": "S", "41": "W", "88": "N", "98": "S", "105": "S", "112": "E", "171": "N", "135": "S", "25": "E", "43": "W", "71": "E", "75": "W", "86": "N", "142": "S", "3": "W", "100": "W", "150": "N", "166": "E", "172": "N", "76": "S", "108": "N", "42": "E", "47": "E", "62": "W", "95": "N", "162": "S", "115": "N", "159": "N", "44": "N", "146": "N", "93": "W", "119": "E", "177": "E", "70": "S", "167": "N", "52": "N"}, {"28": "W", "128": "N", "58": "S", "155": "E", "121": "S", "152": "S", "41": "W", "98": "S", "105": "E", "112": "E", "135": "S", "25": "E", "43": "W", "71": "E", "75": "W", "86": "N", "142": "S", "3": "W", "100": "W", "150": "N", "166": "E", "172": "N", "76": "S", "42": "E", "47": "E", "62": "W", "95": "N", "162": "S", "115": "N", "159": "N", "44": "N", "146": "N", "93": "W", "119": "E", "177": "E", "70": "S", "167": "N", "52": "N"}, {"49": "W", "41": "S", "98": "W", "112": "N", "75": "W", "3": "W", "100": "W", "150": "N", "166": "E", "172": "N", "76": "S", "42": "E", "47": "E", "62": "W", "95": "N", "162": "S", "115": "N", "44": "N", "93": "W", "119": "E", "177": "E", "70": "S", "167": "N", "52": "N"}, {"25": "E", "75": "W", "3": "W", "166": "E", "76": "S", "42": "E", "47": "E", "62": "W", "95": "N", "162": "S", "115": "N", "44": "N", "93": "W", "119": "E", "177": "E", "70": "S", "167": "N", "52": "N"}, {"49": "W", "92": "E", "25": "S", "75": "N", "100": "W", "166": "N", "76": "S", "42": "E", "47": "E", "62": "W", "95": "N", "162": "S", "115": "N", "44": "N", "93": "W", "119": "E", "177": "E", "167": "N", "52": "N"}, {"3": "W", "76": "E", "42": "E", "95": "E", "44": "N", "93": "W", "119": "E", "177": "E", "52": "N"}, {"3": "W", "150": "N", "42": "E", "115": "N", "44": "N", "93": "W", "119": "E", "177": "E", "52": "N"}, {"49": "W", "3": "N", "100": "W", "42": "N", "62": "W", "115": "N", "93": "W", "119": "E", "177": "E", "52": "N"}, {"115": "E", "119": "E", "177": "S", "52": "N"}, {"150": "N", "44": "N", "119": "N", "52": "N"}, {"122": "W", "55": "E", "61": "N", "31": "N", "170": "S", "32": "N", "69": "N", "96": "N", "27": "W", "179": "N", "132": "S", "85": "W", "169": "W", "176": "N", "5": "W", "30": "N", "51": "W", "89": "W", "118": "W", "144": "W", "33": "W", "8": "W", "124": "S", "130": "N", "79": "N", "175": "N", "40": "S", "45": "S", "57": "S", "165": "W", "74": "W", "129": "N", "77": "S", "23": "W", "114": "S", "143": "S", "26": "W", "109": "W", "2": "S", "36": "W", "7": "W", "126": "S", "141": "N", "65": "W", "116": "N", "103": "W", "111": "S", "78": "W", "53": "S", "106": "N", "0": "N", "59": "N", "24": "S", "54": "N", "18": "N", "10": "E", "113": "W", "125": "N", "156": "E", "19": "S", "153": "S", "80": "N", "50": "W", "163": "S", "110": "S", "149": "W", "117": "W", "136": "E", "12": "N", "145": "W", "83": "W", "133": "E", "68": "N", "168": "W", "90": "E", "123": "S", "66": "S", "120": "N", "82": "S", "147": "W", "87": "S", "73": "S", "17": "N", "56": "W"}, {"22": "N", "154": "W", "48": "E", "107": "N", "21": "N", "34": "E", "13": "E", "101": "E", "127": "W", "38": "W", "108": "N", "16": "W", "60": "S", "63": "N", "94": "W", "157": "W", "148": "S", "159": "N", "146": "N", "15": "W", "29": "W", "67": "W", "104": "E", "167": "N", "139": "W"}, {"22": "N", "154": "W", "48": "E", "107": "N", "21": "N", "34": "E", "13": "E", "101": "E", "127": "W", "38": "W", "108": "N", "16": "W", "60": "S", "63": "N", "94": "W", "157": "W", "15": "W", "29": "W", "104": "E", "167": "N", "139": "W"}, {"115": "N", "119": "E", "22": "N", "108": "N", "154": "W", "21": "N", "34": "E", "101": "E", "127": "W", "38": "W", "60": "S", "63": "N", "94": "W", "157": "W", "15": "W", "29": "W", "104": "E", "139": "W"}, {"72": "W", "102": "E", "95": "N", "115": "E", "119": "N", "22": "W", "107": "N", "13": "E", "108": "W", "154": "W", "21": "N", "34": "E", "101": "E", "127": "W", "38": "W", "63": "N", "94": "W", "15": "W", "29": "W", "104": "E", "167": "N", "139": "W"}, {"95": "N", "107": "N", "21": "N", "167": "N", "34": "E", "101": "E", "127": "W", "38": "W", "63": "N", "94": "W", "104": "E", "139": "W"}, {"99": "W", "21": "W", "38": "W", "34": "E", "101": "E", "127": "W", "63": "N", "94": "W", "104": "E"}, {"112": "E", "101": "E", "127": "W", "63": "N", "94": "W", "104": "E"}, {"64": "E", "134": "E", "112": "E", "34": "E", "101": "E", "127": "W", "63": "N", "94": "W", "104": "E"}, {"94": "W", "63": "N", "104": "E"}, {"128": "N", "86": "N", "63": "N", "104": "E"}, {"104": "E"}, {"104": "E"}, {"64": "E", "101": "E", "104": "E"}, {"32": "E", "0": "N", "178": "W", "8": "N", "80": "N", "66": "W", "73": "S", "168": "W", "10": "S", "175": "N", "31": "N", "125": "N", "17": "N", "23": "W", "12": "N", "1": "E", "55": "N", "87": "S", "89": "S", "7": "W", "83": "N", "124": "S", "141": "E", "147": "W", "122": "W", "45": "W", "36": "W", "143": "S", "130": "E", "149": "W", "111": "W", "126": "E", "59": "E", "40": "S", "132": "S", "179": "N", "131": "N", "27": "S", "14": "E", "30": "E", "118": "W", "24": "S", "169": "W", "153": "S", "57": "S", "176": "E", "96": "S", "165": "W", "26": "W", "90": "S", "170": "S", "163": "E", "136": "E", "77": "E", "161": "W", "133": "N", "74": "W", "51": "W", "85": "W", "54": "W", "129": "S", "69": "W", "103": "W", "78": "W", "2": "E", "106": "N", "113": "W", "114": "W", "120": "N", "61": "N", "5": "S", "116": "N", "109": "W", "18": "E", "156": "S", "53": "S", "82": "S", "144": "S", "79": "E", "65": "W", "117": "W", "33": "W", "110": "S", "123": "W", "56": "W"}, {"48": "E", "16": "W", "60": "S", "148": "S", "159": "N", "146": "N", "15": "W", "29": "W", "67": "W", "70": "S", "139": "W"}, {"48": "E", "16": "W", "148": "S", "159": "N", "146": "N", "67": "W"}, {"151": "N", "177": "E", "48": "E", "159": "N", "16": "W", "148": "S", "146": "N", "67": "W"}, {"151": "N", "159": "N", "146": "N", "16": "W", "148": "S", "67": "W"}, {"16": "W", "148": "S", "67": "W"}, {"16": "W", "67": "W"}, {"16": "W", "67": "W"}, {"16": "W", "67": "W"}, {"67": "W"}, {"67": "W"}, {"67": "W"}, {"3": "W"}, {"75": "W", "3": "W"}, {"28": "W", "43": "W", "75": "W", "3": "W", "67": "W"}, {"170": "S", "120": "N", "179": "N", "50": "W", "116": "N", "83": "N", "118": "W", "39": "N", "51": "W", "168": "W", "77": "E", "32": "N", "85": "W", "2": "S", "149": "W", "65": "W", "5": "S", "54": "W", "145": "W", "19": "S", "123": "W", "161": "W", "36": "W", "24": "S", "132": "S", "106": "W", "131": "N", "7": "W", "126": "W", "53": "S", "31": "E", "26": "W", "103": "W", "113": "W", "130": "E", "141": "N", "144": "S", "114": "W", "178": "W", "90": "S", "68": "W", "175": "N", "30": "N", "18": "E", "0": "N", "163": "S", "143": "S", "12": "N", "8": "W", "59": "N", "156": "S", "78": "W", "176": "W", "147": "W", "111": "W", "133": "N", "153": "E", "14": "E", "82": "N", "45": "S", "57": "S", "109": "W", "66": "W", "27": "W", "74": "W", "165": "W", "56": "W", "33": "W", "129": "N", "125": "N", "55": "W", "169": "W", "69": "W", "96": "E", "136": "S", "79": "E", "1": "E", "122": "W", "89": "S", "61": "N", "73": "S", "17": "E", "10": "S", "40": "E"}, {"60": "S", "157": "W", "148": "S", "15": "W", "29": "W", "70": "S", "139": "W"}, {"60": "S", "148": "S", "70": "S"}, {"60": "S", "148": "S", "70": "S"}, {"138": "S", "70": "S", "60": "S", "148": "S"}, {"148": "S", "60": "S"}, {"37": "S", "60": "S"}, {"17": "E", "69": "W", "31": "E", "45": "S", "89": "W", "103": "W", "147": "W", "68": "N", "14": "S", "90": "E", "61": "E", "23": "W", "12": "N", "5": "S", "116": "N", "168": "W", "143": "S", "118": "W", "82": "S", "144": "E", "161": "S", "96": "S", "51": "W", "124": "W", "1": "E", "65": "W", "117": "N", "123": "W", "120": "N", "175": "N", "36": "W", "176": "N", "33": "W", "109": "W", "85": "W", "55": "N", "156": "S", "131": "N", "24": "S", "2": "S", "136": "S", "163": "S", "54": "W", "57": "S", "26": "W", "73": "S", "83": "N", "111": "W", "141": "N", "132": "E", "19": "S", "66": "S", "149": "W", "153": "S", "178": "W", "50": "W", "165": "W", "106": "W", "74": "W", "32": "N", "8": "N", "145": "S", "87": "S", "126": "N", "179": "N", "18": "S", "40": "S", "7": "W", "114": "W", "27": "W", "39": "N", "170": "S", "113": "W", "80": "N", "133": "W", "53": "S", "77": "S", "79": "N", "30": "N", "125": "N", "59": "N", "129": "E", "169": "W", "56": "W", "130": "N", "110": "S"}, {"157": "W", "15": "W", "29": "W", "139": "W"}, {"157": "W"}, {"157": "W"}, {"157": "W"}, {"157": "W"}, {"157": "N"}, {"178": "W", "18": "E", "89": "E", "109": "W", "19": "S", "163": "E", "0": "N", "26": "S", "7": "W", "14": "S", "130": "N", "124": "E", "144": "S", "170": "S", "54": "W", "113": "W", "145": "S", "36": "W", "30": "E", "78": "W", "57": "S", "5": "S", "65": "W", "85": "W", "149": "E", "125": "N", "79": "N", "12": "N", "161": "W", "17": "N", "114": "W", "82": "S", "133": "N", "153": "S", "73": "S", "136": "S", "69": "W", "132": "S", "8": "N", "117": "N", "123": "W", "156": "S", "90": "S", "175": "N", "56": "W", "33": "W", "96": "S", "68": "N", "51": "S", "116": "S", "179": "N", "55": "N", "129": "E", "141": "N", "53": "S", "143": "S", "1": "E", "147": "S", "77": "S", "131": "N", "66": "S", "165": "W", "45": "S", "61": "E", "74": "N", "80": "N", "32": "N", "2": "S", "27": "S", "103": "S", "24": "S", "120": "N", "106": "W", "87": "S", "118": "W", "110": "S", "111": "W", "169": "W", "39": "N", "40": "S", "31": "E", "168": "W", "59": "N"}, {"15": "W", "29": "W", "139": "W"}, {"15": "W", "29": "W"}, {"15": "W", "29": "W"}, {"15": "W", "29": "W"}, {"157": "W", "15": "W", "29": "W"}, {"157": "W", "15": "W", "29": "W"}, {"32": "E", "117": "W", "124": "N", "156": "S", "144": "S", "51": "S", "132": "S", "73": "S", "55": "N", "147": "S", "125": "N", "50": "W", "110": "E", "116": "E", "12": "N", "118": "W", "2": "S", "90": "S", "111": "W", "85": "W", "82": "S", "17": "S", "114": "W", "168": "W", "59": "N", "19": "S", "36": "W", "163": "E", "89": "S", "27": "S", "133": "N", "80": "N", "178": "W", "109": "W", "53": "E", "5": "S", "129": "E", "145": "S", "136": "S", "61": "E", "96": "S", "120": "N", "69": "W", "30": "E", "68": "W", "153": "S", "8": "N", "170": "S", "161": "W", "74": "N", "26": "S", "179": "N", "54": "W", "143": "S", "65": "W", "24": "S", "169": "W", "175": "N", "130": "N", "123": "W", "57": "S", "122": "N", "77": "S", "165": "W", "1": "E", "31": "E", "56": "W", "66": "S", "33": "W", "106": "W", "87": "S", "141": "N", "39": "N", "126": "S", "14": "S", "0": "N", "7": "W", "176": "N", "103": "W", "131": "E", "40": "S", "113": "W", "18": "N", "149": "N", "79": "E", "78": "W"}, {"139": "W"}, {"7": "N", "131": "E", "125": "S", "18": "E", "51": "S", "45": "S", "55": "W", "117": "W", "2": "S", "176": "N", "163": "E", "19": "E", "33": "N", "114": "W", "110": "S", "149": "N", "1": "E", "144": "S", "30": "E", "24": "S", "82": "S", "133": "N", "65": "W", "109": "E", "113": "N", "12": "N", "39": "N", "17": "N", "103": "W", "0": "N", "123": "W", "26": "W", "179": "N", "61": "E", "106": "W", "178": "N", "89": "W", "153": "S", "116": "N", "78": "N", "79": "E", "161": "W", "90": "S", "129": "E", "50": "W", "118": "W", "56": "W", "111": "W", "5": "W", "23": "W", "73": "S", "36": "W", "40": "S", "122": "N", "80": "N", "14": "S", "53": "S", "126": "S", "143": "E", "156": "S", "168": "W", "136": "S", "68": "N", "147": "S", "27": "N", "31": "E", "96": "S", "141": "E", "170": "S", "130": "N", "132": "S", "54": "W", "85": "W", "87": "S", "66": "S", "124": "N", "57": "S", "77": "E", "69": "W", "169": "W", "59": "N", "120": "N", "32": "S"}, {"139": "W"}, {"130": "S", "53": "S", "24": "S", "55": "N", "80": "N", "143": "E", "117": "W", "5": "S", "123": "W", "56": "W", "153": "E", "133": "N", "45": "S", "89": "E", "18": "E", "82": "S", "14": "S", "2": "S", "68": "N", "109": "S", "51": "S", "175": "E", "39": "N", "116": "N", "7": "W", "170": "S", "106": "W", "113": "W", "178": "N", "85": "W", "40": "S", "19": "S", "110": "S", "163": "E", "136": "S", "122": "N", "17": "E", "126": "S", "129": "E", "156": "S", "179": "N", "61": "E", "114": "S", "0": "N", "78": "W", "125": "N", "12": "N", "147": "S", "1": "E", "77": "S", "131": "E", "65": "N", "36": "W", "74": "W", "79": "N", "23": "W", "59": "N", "26": "W", "118": "W", "50": "E", "73": "S", "168": "W", "27": "S", "111": "S", "31": "E", "66": "S", "161": "W", "149": "E", "165": "W", "120": "N", "87": "S", "103": "W", "8": "W", "132": "E", "57": "S", "169": "W", "141": "E", "176": "N", "124": "N", "32": "E", "33": "W", "69": "W"}, {"139": "W"}, {"139": "W"}, {"4": "W", "139": "W"}, {"24": "S", "109": "S", "169": "W", "57": "S", "120": "N", "116": "N", "90": "S", "55": "N", "59": "N", "73": "E", "85": "W", "66": "S", "132": "S", "129": "E", "61": "E", "165": "S", "156": "S", "54": "E", "106": "W", "130": "N", "111": "W", "175": "E", "40": "S", "32": "N", "96": "S", "141": "N", "125": "E", "147": "S", "103": "S", "0": "N", "45": "E", "161": "W", "31": "E", "27": "S", "89": "S", "124": "N", "126": "S", "17": "N", "36": "W", "8": "W", "82": "S", "170": "S", "12": "N", "168": "W", "123": "W", "78": "W", "113": "W", "133": "N", "51": "S", "178": "N", "110": "S", "176": "E", "14": "W", "50": "W", "118": "W", "65": "W", "33": "W", "144": "S", "153": "S", "179": "N", "53": "S", "23": "W", "79": "E", "1": "E", "68": "N", "39": "N", "30": "N", "7": "N", "18": "E", "80": "E", "74": "S", "122": "N", "114": "S", "26": "W", "149": "N", "5": "S", "56": "W", "2": "S", "19": "S", "143": "S", "69": "N"}, {"65": "W", "179": "N", "125": "S", "17": "E", "103": "S", "74": "N", "24": "E", "55": "N", "5": "S", "123": "W", "90": "S", "149": "W", "69": "W", "126": "S", "14": "S", "122": "N", "106": "W", "163": "E", "12": "N", "68": "N", "2": "E", "36": "W", "113": "S", "40": "S", "116": "E", "1": "E", "78": "W", "0": "E", "96": "S", "169": "W", "89": "S", "161": "S", "26": "W", "7": "N", "110": "S", "165": "W", "19": "S", "147": "W", "136": "S", "114": "S", "117": "W", "109": "S", "54": "N", "53": "S", "32": "E", "50": "W", "18": "E", "111": "W", "118": "W", "77": "S", "31": "S", "8": "W", "80": "E", "23": "W", "33": "N", "153": "E", "168": "W", "82": "S", "144": "E", "39": "E", "59": "E", "51": "S", "141": "S", "120": "N", "176": "E", "178": "W", "56": "W", "143": "E", "45": "N", "57": "S", "131": "E", "130": "N", "30": "N", "170": "S", "87": "W", "27": "E", "73": "S", "85": "S", "132": "S", "133": "E"}, {"123": "S", "45": "W", "161": "S", "163": "E", "2": "E", "56": "S", "53": "S", "82": "E", "156": "S", "120": "E", "116": "N", "27": "S", "130": "N", "0": "E", "23": "W", "118": "W", "73": "E", "149": "N", "36": "S", "80": "E", "117": "W", "170": "S", "40": "E", "19": "S", "69": "W", "24": "S", "147": "W", "7": "N", "8": "W", "32": "E", "143": "E", "85": "W", "74": "W", "17": "S", "87": "W", "153": "S", "39": "E", "125": "E", "131": "E", "26": "S", "178": "E", "78": "W", "1": "E", "54": "W", "168": "N", "179": "N", "77": "S", "144": "S", "90": "E", "55": "N", "109": "S", "18": "E", "176": "N", "126": "S", "103": "W", "175": "N", "57": "S", "50": "W", "5": "W", "124": "N", "96": "S", "14": "S", "59": "N", "12": "N", "89": "S", "51": "S", "169": "S", "141": "E", "79": "N", "111": "W", "136": "S", "33": "N", "132": "W", "165": "W", "65": "N", "30": "N", "133": "N", "68": "N", "110": "E"}, {"2": "E", "77": "S", "55": "N", "57": "E", "1": "E", "51": "S", "133": "N", "113": "W", "118": "W", "74": "W", "144": "S", "125": "E", "156": "S", "109": "S", "5": "S", "87": "S", "53": "S", "136": "S", "17": "E", "36": "W", "141": "N", "54": "W", "19": "S", "120": "E", "175": "N", "165": "S", "82": "S", "45": "S", "153": "S", "7": "N", "103": "S", "96": "S", "132": "S", "23": "N", "124": "N", "114": "S", "111": "W", "78": "N", "26": "S", "56": "S", "176": "N", "161": "S", "39": "E", "163": "S", "33": "N", "126": "S", "24": "E", "116": "N", "130": "N", "69": "W", "168": "N", "31": "E", "169": "S", "149": "N", "110": "S", "79": "N", "30": "N", "122": "N", "147": "S", "68": "N", "80": "E", "143": "S", "89": "S", "170": "S", "40": "E", "14": "S", "32": "E", "73": "S", "50": "N", "85": "S", "65": "N", "0": "N", "117": "W", "18": "E", "59": "E", "90": "S", "12": "W", "27": "S"}, {"39": "E", "114": "S", "82": "E", "54": "W", "126": "E", "77": "S", "33": "N", "45": "S", "80": "N", "156": "S", "85": "S", "163": "E", "153": "S", "161": "S", "147": "S", "124": "N", "178": "N", "175": "N", "149": "N", "24": "S", "143": "S", "40": "E", "59": "E", "133": "N", "8": "W", "7": "N", "51": "W", "1": "E", "69": "W", "73": "S", "169": "S", "103": "S", "12": "N", "136": "S", "2": "E", "17": "N", "109": "S", "30": "E", "113": "W", "50": "W", "32": "E", "79": "N", "56": "S", "179": "N", "78": "W", "74": "W", "19": "S", "111": "W", "120": "N", "53": "S", "110": "E", "14": "S", "0": "E", "165": "S", "55": "N", "26": "S", "90": "S", "5": "S", "117": "N", "116": "N", "57": "S", "144": "S", "141": "N", "23": "N", "36": "W", "125": "N", "118": "W", "132": "S", "170": "S", "130": "N", "176": "N", "18": "N", "123": "W", "68": "N"}, {"143": "E", "14": "S", "178": "N", "65": "W", "132": "E", "50": "W", "19": "S", "79": "N", "169": "S", "96": "E", "23": "N", "36": "W", "111": "S", "116": "N", "18": "E", "130": "N", "179": "N", "80": "E", "57": "S", "73": "E", "141": "N", "85": "W", "24": "S", "123": "W", "144": "S", "26": "S", "53": "S", "40": "W", "133": "E", "33": "N", "59": "N", "118": "W", "45": "S", "68": "N", "117": "N", "110": "E", "82": "S", "175": "N", "8": "W", "27": "E", "12": "N", "55": "N", "1": "E", "31": "E", "120": "E", "153": "S", "0": "N", "90": "S", "7": "N", "126": "E", "17": "N", "74": "W", "114": "S", "5": "E", "163": "N", "30": "E", "125": "S", "124": "N", "113": "W", "103": "W", "56": "S", "39": "E", "176": "N", "136": "S", "147": "S", "170": "S", "69": "W", "78": "N", "77": "E", "165": "S", "109": "S"}, {"178": "W", "30": "N", "141": "N", "120": "E", "109": "S", "116": "E", "169": "S", "1": "S", "26": "S", "82": "E", "14": "S", "0": "E", "144": "S", "54": "N", "36": "S", "27": "W", "143": "S", "74": "W", "170": "S", "65": "N", "125": "E", "12": "N", "176": "N", "31": "N", "78": "W", "124": "N", "8": "N", "123": "S", "132": "E", "156": "S", "5": "E", "117": "N", "133": "N", "68": "N", "114": "S", "80": "N", "153": "S", "77": "S", "79": "N", "19": "S", "130": "N", "136": "E", "24": "S", "118": "W", "17": "N", "69": "W", "103": "W", "163": "E", "53": "S", "55": "N", "51": "S", "18": "W", "161": "E", "110": "S", "59": "N", "179": "E", "147": "S", "126": "E", "50": "N", "33": "N", "90": "S", "7": "N", "40": "S", "85": "S", "45": "S", "57": "S", "111": "W", "39": "E", "175": "N", "73": "S"}, {"51": "S", "36": "S", "79": "N", "14": "S", "123": "S", "68": "N", "109": "S", "1": "N", "12": "E", "40": "S", "57": "S", "143": "E", "111": "W", "0": "E", "133": "E", "31": "E", "175": "E", "27": "S", "118": "S", "141": "N", "165": "W", "120": "E", "130": "N", "132": "E", "136": "S", "170": "E", "17": "E", "125": "E", "74": "W", "126": "S", "30": "E", "156": "S", "85": "S", "45": "S", "24": "S", "117": "N", "110": "S", "103": "W", "124": "N", "169": "S", "18": "S", "80": "E", "90": "S", "33": "N", "144": "S", "50": "N", "161": "S", "77": "S", "8": "W", "19": "E", "59": "E", "53": "E", "73": "S", "178": "W", "114": "S", "153": "S", "7": "E", "78": "W", "39": "E", "55": "N", "82": "E", "179": "E", "176": "N"}, {"18": "S", "143": "E", "55": "N", "26": "S", "69": "W", "14": "E", "113": "N", "126": "E", "109": "S", "59": "E", "111": "W", "120": "N", "39": "E", "19": "E", "17": "N", "136": "S", "156": "S", "8": "W", "133": "N", "176": "E", "179": "E", "130": "N", "27": "W", "153": "E", "68": "E", "77": "S", "50": "N", "24": "S", "144": "S", "123": "W", "33": "N", "45": "S", "132": "E", "124": "N", "1": "E", "103": "W", "57": "S", "80": "E", "82": "E", "147": "S", "51": "S", "117": "N", "118": "S", "85": "S", "74": "W", "116": "E", "161": "E", "30": "E", "0": "E", "73": "E", "31": "E", "12": "N", "165": "S", "7": "N", "79": "N", "90": "S", "178": "N", "53": "S", "170": "E", "163": "E", "78": "W", "40": "E", "175": "N", "110": "E", "54": "N", "141": "N"}, {"17": "E", "55": "N", "68": "E", "144": "E", "69": "W", "36": "S", "82": "E", "143": "S", "179": "E", "24": "E", "50": "N", "18": "E", "156": "S", "117": "N", "136": "E", "116": "E", "141": "N", "130": "E", "175": "N", "132": "S", "153": "E", "59": "E", "8": "W", "40": "S", "79": "N", "19": "E", "12": "N", "125": "E", "33": "N", "123": "W", "1": "E", "118": "S", "120": "E", "78": "N", "45": "S", "27": "S", "31": "E", "30": "N", "103": "W", "109": "S", "57": "S", "90": "S", "77": "E", "163": "E", "74": "W", "178": "W", "170": "E", "133": "S", "7": "W", "53": "E", "161": "S", "110": "S", "80": "E", "26": "S", "111": "W", "0": "E", "51": "S", "126": "E", "85": "S", "39": "E", "176": "N"}, {"143": "E", "175": "N", "45": "S", "24": "E", "147": "W", "130": "N", "53": "S", "26": "W", "17": "E", "124": "E", "176": "N", "1": "E", "14": "E", "77": "S", "163": "E", "120": "E", "18": "E", "132": "E", "55": "N", "170": "E", "8": "W", "178": "N", "153": "E", "59": "N", "111": "W", "156": "S", "136": "S", "90": "S", "73": "N", "68": "E", "69": "W", "79": "N", "165": "W", "161": "E", "118": "S", "117": "N", "12": "E", "125": "E", "144": "E", "31": "S", "74": "W", "30": "E", "110": "S", "51": "S", "80": "E", "33": "W", "78": "W", "123": "W", "39": "E", "57": "S", "141": "N", "82": "E", "103": "W", "133": "W", "109": "S", "40": "N", "7": "N"}, {"26": "S", "31": "E", "170": "S", "51": "S", "78": "W", "50": "N", "163": "E", "77": "S", "14": "E", "45": "E", "39": "E", "8": "W", "74": "W", "143": "E", "161": "W", "17": "N", "40": "W", "153": "E", "7": "N", "30": "E", "165": "S", "73": "E", "125": "E", "130": "N", "80": "N", "133": "W", "68": "E", "1": "E", "141": "N", "103": "W", "136": "S", "178": "N", "69": "W", "57": "E", "18": "N", "90": "S", "175": "N", "110": "S", "111": "W", "33": "N", "132": "N", "79": "N", "176": "N", "126": "N", "144": "S", "156": "S", "109": "S", "147": "S", "55": "N", "82": "S", "124": "E", "59": "E", "53": "E", "12": "N", "179": "N", "123": "W"}, {"126": "E", "30": "E", "79": "N", "39": "E", "40": "W", "8": "N", "110": "E", "111": "W", "17": "E", "73": "S", "179": "E", "130": "N", "50": "N", "132": "E", "68": "E", "156": "E", "31": "E", "12": "N", "51": "S", "123": "W", "163": "E", "55": "E", "133": "N", "147": "S", "161": "E", "124": "E", "136": "S", "78": "W", "80": "N", "176": "W", "143": "N", "33": "N", "18": "E", "82": "S", "178": "N", "103": "W", "74": "N", "27": "S", "7": "N", "109": "S", "175": "N", "125": "E", "57": "E", "120": "N", "141": "N", "53": "E", "1": "E", "90": "E", "59": "E", "69": "W", "144": "S", "77": "E"}, {"68": "E", "7": "N", "17": "E", "103": "W", "82": "S", "51": "S", "109": "W", "69": "W", "73": "S", "79": "N", "50": "N", "176": "N", "161": "S", "27": "S", "111": "W", "124": "E", "39": "E", "141": "N", "26": "S", "78": "W", "110": "E", "136": "E", "80": "E", "40": "S", "90": "S", "55": "E", "53": "E", "130": "N", "59": "E", "120": "N", "33": "N", "143": "E", "74": "N", "18": "E", "30": "E", "123": "S", "1": "E", "77": "E", "178": "N", "31": "N", "57": "E", "163": "E", "8": "N", "132": "E", "14": "E", "133": "N", "144": "E", "147": "S", "165": "S", "12": "N"}, {"1": "E", "33": "E", "110": "N", "53": "E", "12": "N", "178": "E", "144": "E", "17": "E", "123": "E", "39": "E", "136": "E", "130": "E", "26": "S", "118": "W", "73": "N", "74": "N", "40": "S", "133": "N", "78": "W", "55": "N", "163": "E", "82": "S", "143": "E", "68": "S", "132": "S", "103": "W", "120": "N", "50": "N", "141": "N", "147": "S", "57": "E", "51": "E", "77": "E", "176": "N", "161": "W", "69": "W", "30": "E", "111": "W", "109": "S", "59": "E", "18": "E", "8": "W", "80": "N", "156": "S", "31": "E", "79": "E"}, {"55": "N", "74": "N", "130": "E", "163": "E", "80": "E", "59": "N", "12": "E", "147": "S", "50": "N", "53": "E", "68": "N", "90": "S", "40": "S", "165": "W", "144": "E", "82": "S", "26": "S", "136": "S", "161": "S", "31": "E", "69": "N", "39": "E", "117": "N", "132": "E", "78": "W", "18": "E", "111": "W", "30": "E", "123": "W", "1": "E", "176": "N", "118": "S", "156": "E", "73": "E", "79": "E", "133": "N", "110": "S", "141": "N", "103": "S", "109": "S", "8": "W", "77": "E", "17": "N", "120": "E", "178": "N"}, {"120": "E", "80": "E", "90": "S", "8": "W", "111": "S", "110": "S", "147": "S", "161": "S", "78": "N", "165": "S", "12": "E", "59": "E", "74": "N", "163": "E", "109": "S", "178": "N", "82": "W", "50": "N", "40": "S", "133": "N", "30": "S", "1": "E", "39": "E", "18": "E", "136": "E", "55": "N", "68": "E", "73": "S", "79": "N", "103": "S", "141": "N", "130": "E", "156": "S", "53": "E", "144": "E", "118": "S", "176": "N", "17": "S", "26": "S", "31": "E"}, {"118": "E", "90": "S", "18": "E", "161": "W", "123": "W", "53": "E", "109": "S", "55": "E", "110": "E", "12": "E", "120": "E", "156": "S", "163": "E", "8": "W", "26": "E", "39": "E", "73": "S", "141": "N", "165": "W", "74": "N", "80": "S", "147": "E", "178": "N", "40": "S", "176": "N", "17": "E", "111": "S", "68": "E", "130": "E", "59": "E", "144": "E", "79": "N", "132": "S", "30": "E", "31": "E", "50": "N", "82": "S", "136": "S"}, {"73": "S", "176": "N", "82": "S", "40": "S", "178": "N", "136": "S", "80": "E", "26": "S", "120": "S", "110": "S", "30": "E", "163": "E", "53": "E", "123": "W", "161": "W", "111": "W", "130": "E", "39": "E", "8": "W", "156": "S", "50": "N", "141": "N", "118": "S", "144": "E", "31": "E", "165": "S", "132": "E", "59": "N", "12": "E", "90": "S", "17": "E", "68": "S", "18": "E", "79": "N", "109": "S", "74": "N"}, {"156": "E", "30": "N", "40": "S", "120": "E", "82": "S", "80": "E", "178": "N", "79": "E", "68": "E", "141": "N", "111": "W", "18": "E", "59": "E", "26": "S", "130": "E", "12": "E", "144": "E", "118": "S", "132": "E", "161": "E", "136": "S", "39": "E", "90": "S", "110": "S", "53": "E", "17": "E", "31": "E", "73": "E", "165": "S", "109": "S", "123": "S", "74": "N", "176": "W"}, {"178": "N", "39": "E", "109": "S", "111": "N", "79": "E", "141": "N", "53": "E", "144": "W", "110": "E", "74": "N", "132": "E", "68": "N", "123": "W", "120": "E", "18": "E", "136": "E", "90": "E", "59": "E", "30": "E", "31": "E", "118": "S", "130": "E", "165": "S", "17": "E", "8": "W", "82": "S", "73": "E", "12": "E", "80": "E", "176": "N", "161": "W", "40": "S"}, {"144": "S", "110": "E", "141": "E", "161": "S", "156": "S", "8": "W", "68": "E", "80": "E", "130": "E", "18": "E", "82": "E", "118": "S", "39": "E", "123": "S", "90": "S", "40": "S", "176": "N", "79": "E", "178": "W", "30": "E", "17": "E", "109": "S", "132": "E", "136": "S", "59": "E", "12": "E", "73": "E", "74": "N", "53": "E", "120": "N"}, {"132": "E", "165": "S", "12": "E", "8": "W", "178": "N", "74": "N", "17": "E", "73": "E", "123": "S", "30": "E", "39": "E", "141": "E", "68": "E", "109": "E", "136": "E", "130": "E", "120": "E", "82": "S", "40": "S", "59": "E", "161": "S", "110": "S", "53": "E", "144": "S", "18": "E", "156": "E", "118": "S", "176": "E", "90": "S"}, {"110": "S", "120": "E", "118": "S", "161": "S", "178": "N", "82": "E", "165": "S", "156": "E", "136": "E", "39": "E", "17": "E", "132": "S", "12": "E", "40": "S", "30": "E", "90": "E", "8": "W", "176": "E", "73": "E", "141": "E", "74": "N", "123": "S", "144": "E", "59": "E"}, {"120": "E", "132": "E", "8": "W", "176": "N", "161": "S", "17": "E", "40": "S", "12": "E", "178": "N", "156": "S", "90": "E", "82": "S", "123": "S", "110": "E", "144": "W", "59": "E", "141": "E", "118": "S", "136": "E", "39": "E", "74": "N", "165": "S"}, {"59": "E", "74": "N", "156": "E", "144": "S", "118": "S", "8": "N", "12": "E", "165": "S", "141": "E", "161": "S", "132": "S", "90": "N", "17": "E", "136": "E", "39": "E", "123": "W", "82": "S", "40": "S", "120": "E", "178": "N", "176": "N", "110": "S"}, {"132": "S", "110": "S", "12": "E", "120": "E", "90": "E", "178": "E", "176": "W", "74": "N", "39": "E", "8": "W", "156": "E", "59": "S", "123": "S", "17": "E", "118": "S", "136": "S", "82": "S", "141": "E", "40": "E", "144": "S", "161": "S"}, {"8": "W", "161": "S", "59": "E", "39": "E", "90": "E", "141": "E", "144": "S", "136": "E", "110": "S", "120": "E", "156": "E", "17": "E", "82": "S", "123": "S", "74": "N", "132": "S"}, {"123": "S", "90": "E", "8": "N", "144": "S", "161": "S", "156": "S", "136": "S", "17": "E", "59": "E", "110": "S", "132": "E", "82": "E", "141": "E", "120": "E"}, {"17": "E", "82": "E", "144": "E", "110": "E", "132": "E", "156": "E", "120": "E", "90": "E", "8": "N", "141": "E", "161": "S", "123": "E", "59": "N"}, {"136": "S", "156": "E", "120": "E", "59": "E", "141": "E", "17": "E", "82": "E", "110": "E", "123": "E", "161": "S", "8": "N", "132": "E"}, {"141": "E", "132": "E", "120": "E", "8": "N", "110": "E", "136": "E", "161": "W", "82": "E", "156": "E"}, {"141": "E", "110": "E", "90": "E", "8": "N", "156": "N", "132": "E", "120": "E", "82": "E", "161": "S"}, {"161": "S", "8": "N", "82": "E", "120": "E", "141": "E", "156": "E", "132": "E"}, {"8": "N", "82": "E", "120": "E", "161": "E", "132": "S"}, {"132": "E", "8": "N", "120": "E", "82": "E"}, {"82": "E", "132": "E", "120": "E", "8": "N"}, {"82": "E", "132": "E", "8": "N"}, {"132": "N", "8": "N", "82": "E"}, {"82": "E"}, {"82": "E"}, {"82": "E"}, {"38": "N"}, {"38": "E"}, {"38": "E"}, {"38": "E"}, {"38": "E"}, {"38": "E"}, {"38": "E"}, {"38": "E"}, {"38": "E"}, {"38": "E"}, {"38": "E"}, {"38": "E"}, {"38": "N"}, {"38": "E"}, {"38": "E"}, {"38": "E"}, {"38": "N"}, {"38": "E"}, {"38": "E"}, {"38": "N"}, {"38": "E"}, {"38": "N"}, {"38": "E"}, {"38": "E"}, {"38": "E"}, {"38": "E"}, {"38": "S"}, {"38": "E"}, {"38": "E"}, {"38": "N"}, {"38": "E"}, {"38": "E"}, {"38": "E"}, {"38": "E"}, {"38": "N"}, {"38": "E"}, {"38": "E"}, {"38": "S"}, {"16": "N"}, {"16": "N"}, {"16": "E"}, {"16": "N"}, {"16": "N"}, {"16": "N"}, {"16": "N"}, {"16": "E"}, {"16": "E"}, {"16": "E"}, {"16": "E"}, {"16": "E"}, {"16": "E"}, {"16": "E"}, {"16": "E"}, {"16": "E"}, {"16": "E"}, {"16": "E"}, {"16": "E"}, {"16": "E"}, {"16": "E"}, {"16": "E"}, {"16": "E"}, {"16": "N"}, {"16": "E"}, {"16": "E"}, {"16": "E"}, {"16": "S"}, {"16": "E"}, {"16": "E"}, {"16": "S"}, {"16": "E"}, {"16": "E"}, {"16": "N"}, {"44": "E"}, {"44": "S"}, {"44": "S"}, {"44": "S"}, {"44": "S"}, {"44": "E"}, {"44": "E"}, {"44": "E"}, {"44": "E"}, {"44": "E"}, {"139": "N"}, {"139": "E"}, {"139": "N"}, {"139": "N"}, {"139": "N"}, {"139": "E"}, {"139": "E"}, {"139": "E"}, {"139": "E"}, {"139": "E"}, {"139": "E"}, {"139": "E"}, {"139": "E"}, {"139": "E"}, {"139": "E"}, {"139": "N"}, {"139": "E"}, {"139": "E"}, {"139": "E"}, {"139": "N"}, {"139": "E"}, {"139": "E"}, {"139": "N"}, {"139": "E"}, {"139": "N"}, {"139": "E"}, {"139": "E"}, {"139": "E"}, {"139": "N"}, {"139": "N"}, {"139": "E"}, {"139": "E"}, {"139": "E"}, {"139": "E"}, {"107": "E"}, {"107": "S"}, {"107": "S"}, {"107": "S"}, {"107": "S"}, {"107": "S"}, {"107": "E"}, {"107": "S"}, {"107": "S"}, {"107": "S"}, {"107": "S"}, {"107": "E"}, {"107": "E"}, {"107": "E"}, {"107": "E"}, {"107": "S"}, {"107": "E"}, {"107": "E"}, {"107": "E"}, {"107": "S"}, {"86": "E"}, {"86": "E"}, {"86": "S"}, {"86": "S"}, {"86": "S"}, {"86": "S"}, {"86": "E"}, {"86": "E"}, {"86": "E"}, {"86": "E"}, {"86": "E"}, {"99": "N"}, {"99": "E"}, {"99": "E"}, {"99": "N"}, {"99": "E"}, {"99": "E"}, {"99": "E"}, {"99": "E"}, {"99": "E"}, {"99": "E"}, {"99": "E"}, {"99": "S"}, {"99": "E"}, {"99": "E"}, {"99": "N"}, {"99": "E"}, {"99": "E"}, {"99": "E"}, {"99": "E"}, {"99": "E"}, {"99": "E"}, {"99": "E"}, {"99": "E"}, {"99": "E"}, {"99": "S"}, {"99": "E"}, {"99": "E"}, {"99": "N"}, {"99": "E"}, {"99": "E"}, {"99": "E"}, {"99": "S"}, {"99": "E"}, {"99": "E"}, {"99": "N"}, {"99": "E"}, {"99": "E"}, {"148": "N"}, {"148": "N"}, {"148": "N"}, {"148": "N"}, {"148": "N"}, {"148": "N"}, {"148": "E"}, {"148": "N"}, {"148": "N"}, {"148": "N"}, {"148": "E"}, {"148": "N"}, {"148": "N"}, {"148": "N"}, {"148": "N"}, {"148": "N"}, {"148": "N"}, {"148": "E"}, {"148": "N"}, {"148": "N"}, {"148": "E"}, {"148": "N"}, {"148": "N"}, {"148": "N"}, {"148": "N"}, {"148": "N"}, {"148": "N"}, {"148": "N"}, {"148": "E"}, {"148": "N"}, {"148": "N"}, {"148": "N"}, {"148": "N"}, {"154": "N"}, {"154": "N"}, {"154": "E"}, {"154": "N"}, {"154": "N"}, {"154": "N"}, {"154": "N"}, {"154": "N"}, {"154": "N"}, {"154": "N"}, {"154": "N"}, {"154": "N"}, {"154": "N"}, {"154": "N"}, {"154": "N"}, {"154": "N"}, {"154": "N"}, {"154": "N"}, {"154": "N"}, {"154": "N"}, {"154": "E"}, {"154": "E"}, {"154": "E"}, {"154": "E"}, {"154": "E"}, {"154": "E"}, {"154": "E"}, {"154": "E"}, {"154": "E"}, {"154": "E"}, {"154": "E"}, {"154": "E"}, {"154": "E"}, {"154": "E"}, {"154": "E"}, {"154": "E"}, {"35": "N"}, {"35": "W"}, {"35": "N"}, {"35": "N"}, {"35": "N"}, {"35": "N"}, {"35": "N"}, {"35": "N"}, {"35": "N"}, {"35": "N"}, {"35": "W"}, {"35": "N"}, {"35": "N"}, {"35": "N"}, {"35": "N"}, {"35": "N"}, {"35": "N"}, {"35": "E"}, {"35": "N"}, {"35": "N"}, {"35": "W"}, {"35": "N"}, {"35": "N"}, {"35": "N"}, {"35": "N"}, {"35": "N"}, {"35": "N"}, {"35": "N"}, {"35": "N"}, {"35": "N"}, {"35": "N"}, {"35": "E"}, {"151": "W"}, {"151": "S"}, {"151": "S"}, {"151": "S"}, {"151": "S"}, {"151": "S"}, {"151": "E"}, {"151": "S"}, {"151": "S"}, {"151": "S"}, {"151": "S"}, {"151": "S"}, {"151": "E"}, {"151": "E"}, {"151": "S"}, {"151": "S"}, {"151": "S"}, {"151": "S"}, {"151": "S"}, {"151": "S"}, {"151": "S"}, {"151": "S"}, {"151": "E"}, {"151": "S"}, {"151": "E"}, {"151": "E"}, {"151": "E"}, {"151": "E"}, {"151": "E"}, {"151": "E"}, {"151": "E"}, {"151": "E"}, {"151": "E"}, {"151": "E"}, {"151": "E"}, {"177": "N"}, {"177": "W"}, {"177": "W"}, {"177": "W"}, {"177": "W"}, {"177": "W"}, {"177": "W"}, {"177": "W"}, {"177": "W"}, {"177": "W"}, {"177": "W"}, {"177": "N"}, {"177": "W"}, {"76": "W"}, {"76": "N"}, {"76": "N"}, {"76": "W"}, {"76": "W"}, {"76": "W"}, {"76": "N"}, {"76": "N"}, {"76": "N"}, {"76": "N"}, {"76": "N"}, {"76": "N"}, {"76": "W"}, {"76": "N"}, {"76": "N"}, {"76": "E"}, {"76": "N"}, {"76": "N"}, {"76": "N"}, {"76": "N"}, {"76": "N"}, {"76": "N"}, {"76": "W"}, {"76": "N"}, {"76": "N"}, {"76": "N"}, {"76": "N"}, {"76": "E"}, {"76": "N"}, {"76": "N"}, {"76": "N"}, {"76": "N"}, {"76": "N"}, {"76": "N"}, {"76": "N"}, {"76": "N"}, {"135": "N"}, {"135": "N"}, {"135": "N"}, {"135": "N"}, {"135": "N"}, {"135": "N"}, {"135": "N"}, {"135": "N"}, {"135": "N"}, {"135": "N"}, {"135": "N"}, {"135": "N"}, {"135": "N"}, {"135": "E"}, {"135": "N"}, {"135": "N"}, {"135": "N"}, {"135": "N"}, {"135": "E"}, {"135": "E"}, {"29": "E"}, {"29": "N"}, {"29": "E"}, {"29": "E"}, {"29": "E"}, {"29": "E"}, {"29": "E"}, {"29": "N"}, {"29": "E"}, {"29": "E"}, {"29": "E"}, {"29": "E"}, {"29": "N"}, {"29": "E"}, {"29": "E"}, {"29": "E"}, {"29": "E"}, {"29": "E"}, {"29": "N"}, {"29": "E"}, {"29": "N"}, {"29": "E"}, {"29": "E"}, {"29": "E"}, {"29": "E"}, {"166": "N"}, {"166": "W"}, {"166": "W"}, {"166": "W"}, {"166": "N"}, {"166": "W"}, {"166": "W"}, {"166": "W"}, {"166": "W"}, {"166": "W"}, {"166": "N"}, {"166": "N"}, {"166": "N"}, {"72": "N"}, {"72": "N"}, {"72": "E"}, {"72": "E"}, {"72": "N"}, {"72": "N"}, {"72": "N"}, {"72": "N"}, {"72": "N"}, {"72": "N"}, {"72": "N"}, {"72": "N"}, {"72": "N"}, {"72": "E"}, {"72": "E"}, {"72": "E"}, {"72": "E"}, {"72": "E"}, {"72": "E"}, {"72": "E"}, {"72": "E"}, {"72": "E"}, {"72": "E"}, {"72": "N"}, {"72": "E"}, {"72": "E"}, {"72": "E"}, {"72": "N"}, {"72": "E"}, {"72": "E"}, {"72": "N"}, {"72": "E"}, {"72": "N"}, {"72": "E"}, {"72": "E"}, {"71": "W"}, {"71": "W"}, {"71": "W"}, {"71": "W"}, {"71": "W"}, {"71": "W"}, {"71": "W"}, {"71": "W"}, {"71": "W"}, {"71": "W"}, {"71": "W"}, {"71": "W"}, {"71": "N"}, {"71": "N"}, {"71": "N"}, {"71": "N"}, {"71": "N"}, {"71": "N"}, {"71": "W"}, {"71": "N"}, {"71": "N"}, {"71": "W"}, {"71": "N"}, {"71": "W"}, {"71": "N"}, {"71": "N"}, {"71": "N"}, {"71": "N"}, {"71": "N"}, {"25": "N"}, {"25": "W"}, {"25": "W"}, {"25": "N"}, {"25": "W"}, {"25": "W"}, {"25": "W"}, {"25": "W"}, {"25": "W"}, {"25": "W"}, {"25": "N"}, {"25": "N"}, {"25": "N"}, {"25": "N"}, {"25": "N"}, {"25": "N"}, {"25": "N"}, {"4": "N"}, {"4": "E"}, {"4": "E"}, {"4": "E"}, {"4": "E"}, {"4": "E"}, {"4": "E"}, {"4": "E"}, {"4": "E"}, {"4": "E"}, {"4": "E"}, {"4": "E"}, {"4": "E"}, {"4": "E"}, {"4": "S"}, {"4": "E"}, {"4": "E"}, {"4": "N"}, {"4": "E"}, {"4": "E"}, {"4": "E"}, {"4": "E"}, {"4": "E"}, {"4": "E"}, {"4": "E"}, {"4": "E"}, {"4": "E"}, {"4": "E"}, {"4": "E"}, {"93": "N"}, {"93": "E"}, {"93": "N"}, {"93": "N"}, {"93": "N"}, {"93": "N"}, {"93": "N"}, {"93": "N"}, {"93": "N"}, {"93": "N"}, {"93": "N"}, {"93": "N"}, {"93": "N"}, {"93": "N"}, {"93": "N"}, {"93": "N"}, {"93": "E"}, {"93": "E"}, {"93": "E"}, {"93": "E"}, {"93": "E"}, {"93": "E"}, {"93": "E"}, {"93": "E"}, {"93": "E"}, {"93": "E"}, {"93": "E"}, {"93": "E"}, {"112": "W"}, {"112": "N"}, {"112": "N"}, {"112": "W"}, {"112": "W"}, {"112": "W"}, {"112": "W"}, {"112": "N"}, {"112": "W"}, {"112": "W"}, {"112": "W"}, {"112": "W"}, {"112": "W"}, {"112": "W"}, {"112": "W"}, {"112": "W"}, {"112": "W"}, {"112": "W"}, {"112": "N"}, {"112": "W"}, {"112": "W"}, {"112": "N"}, {"112": "W"}, {"112": "N"}, {"112": "N"}, {"112": "N"}, {"112": "W"}, {"112": "N"}, {"112": "N"}, {"112": "N"}, {"112": "N"}, {"112": "N"}, {"112": "N"}, {"112": "N"}, {"98": "E"}, {"98": "N"}, {"98": "N"}, {"98": "N"}, {"98": "N"}, {"98": "N"}, {"98": "N"}, {"98": "N"}, {"98": "N"}, {"98": "E"}, {"98": "N"}, {"98": "N"}, {"98": "N"}, {"98": "N"}, {"98": "N"}, {"98": "N"}, {"98": "E"}, {"98": "N"}, {"98": "N"}, {"98": "W"}, {"98": "N"}, {"98": "N"}, {"173": "W"}, {"173": "N"}, {"173": "N"}, {"173": "W"}, {"173": "W"}, {"173": "W"}, {"173": "W"}, {"173": "W"}, {"173": "W"}, {"173": "N"}, {"173": "W"}, {"173": "W"}, {"173": "W"}, {"173": "W"}, {"173": "W"}, {"173": "N"}, {"173": "N"}, {"173": "N"}, {"173": "N"}, {"173": "N"}, {"173": "N"}, {"173": "W"}, {"173": "N"}, {"173": "N"}, {"173": "W"}, {"173": "N"}, {"173": "W"}, {"173": "N"}, {"173": "N"}, {"173": "N"}, {"173": "N"}, {"46": "S"}, {"46": "S"}, {"46": "E"}, {"46": "S"}, {"46": "S"}, {"46": "S"}, {"46": "E"}, {"46": "E"}, {"46": "E"}, {"46": "E"}, {"46": "E"}, {"46": "S"}, {"46": "E"}, {"46": "E"}, {"46": "S"}, {"46": "E"}, {"46": "E"}, {"46": "E"}, {"46": "E"}, {"46": "E"}, {"46": "E"}, {"46": "E"}, {"46": "E"}, {"46": "E"}, {"46": "S"}, {"46": "E"}, {"46": "S"}, {"46": "E"}, {"46": "E"}, {"46": "E"}, {"46": "E"}, {"46": "E"}, {"46": "E"}, {"46": "S"}, {"46": "E"}, {"46": "S"}, {"46": "E"}, {"46": "E"}, {"100": "S"}, {"100": "S"}, {"100": "E"}, {"100": "E"}, {"100": "E"}, {"100": "E"}, {"100": "E"}, {"100": "E"}, {"100": "S"}, {"100": "E"}, {"100": "E"}, {"100": "N"}, {"100": "E"}, {"100": "E"}, {"100": "E"}, {"100": "E"}, {"100": "E"}, {"100": "E"}, {"100": "E"}, {"100": "E"}, {"100": "E"}, {"100": "E"}, {"100": "E"}, {"100": "E"}, {"100": "E"}, {"100": "E"}, {"100": "E"}, {"100": "E"}, {"100": "E"}, {"100": "E"}, {"100": "E"}, {"100": "E"}, {"100": "E"}, {"100": "E"}, {"100": "E"}, {"75": "N"}, {"75": "N"}, {"75": "N"}, {"75": "N"}, {"75": "N"}, {"75": "E"}, {"75": "E"}, {"75": "E"}, {"75": "E"}, {"75": "E"}, {"75": "E"}, {"75": "E"}, {"75": "E"}, {"75": "E"}, {"75": "E"}, {"75": "E"}, {"75": "E"}, {"75": "E"}, {"75": "E"}, {"75": "E"}, {"75": "E"}, {"75": "E"}, {"75": "N"}, {"75": "E"}, {"75": "N"}, {"75": "E"}, {"75": "E"}, {"75": "E"}, {"75": "E"}, {"171": "S"}, {"171": "S"}, {"171": "S"}, {"171": "S"}, {"171": "S"}, {"171": "S"}, {"171": "S"}, {"171": "S"}, {"171": "S"}, {"171": "S"}, {"171": "S"}, {"171": "S"}, {"171": "S"}, {"171": "S"}, {"171": "E"}, {"171": "E"}, {"171": "S"}, {"171": "S"}, {"171": "S"}, {"171": "E"}, {"171": "S"}, {"171": "S"}, {"171": "S"}, {"171": "S"}, {"171": "S"}, {"171": "E"}, {"171": "E"}, {"171": "E"}, {"171": "E"}, {"171": "E"}, {"171": "E"}, {"171": "E"}, {"171": "E"}, {"171": "E"}, {"171": "E"}, {"171": "E"}, {"171": "E"}, {"171": "E"}, {"171": "E"}, {"171": "E"}, {"171": "E"}, {"171": "S"}, {"171": "E"}, {"171": "S"}, {"171": "E"}, {"171": "E"}, {"171": "E"}, {"171": "E"}, {"171": "E"}, {"160": "W"}, {"160": "W"}, {"160": "N"}, {"160": "W"}, {"160": "W"}, {"160": "W"}, {"160": "W"}, {"160": "W"}, {"160": "W"}, {"160": "W"}, {"160": "W"}, {"160": "N"}, {"160": "N"}, {"160": "N"}, {"160": "N"}, {"160": "W"}, {"160": "N"}, {"160": "N"}, {"160": "W"}, {"160": "N"}, {"160": "W"}, {"160": "W"}, {"160": "W"}, {"160": "W"}, {"160": "W"}, {"160": "W"}, {"160": "N"}, {"160": "W"}, {"160": "W"}, {"160": "W"}, {"160": "W"}, {"160": "W"}, {"160": "W"}, {"160": "N"}, {"60": "N"}, {"60": "N"}, {"60": "N"}, {"60": "N"}, {"60": "N"}, {"60": "N"}, {"60": "N"}, {"60": "N"}, {"60": "N"}, {"60": "E"}, {"60": "N"}, {"60": "E"}, {"60": "E"}, {"60": "E"}, {"60": "E"}, {"60": "E"}, {"60": "E"}, {"60": "E"}, {"60": "E"}, {"60": "E"}, {"60": "E"}, {"104": "W"}, {"104": "N"}, {"104": "N"}, {"104": "N"}, {"104": "W"}, {"104": "W"}, {"104": "W"}, {"104": "W"}, {"104": "W"}, {"104": "W"}, {"104": "W"}, {"104": "W"}, {"104": "W"}, {"104": "W"}, {"104": "W"}, {"13": "W"}, {"13": "W"}, {"13": "W"}, {"13": "W"}, {"13": "W"}, {"13": "W"}, {"13": "W"}, {"13": "W"}, {"13": "W"}, {"13": "W"}, {"13": "W"}, {"13": "N"}, {"13": "W"}, {"13": "N"}, {"13": "W"}, {"13": "W"}, {"13": "W"}, {"13": "W"}, {"13": "N"}, {"13": "W"}, {"13": "N"}, {"13": "N"}, {"3": "N"}, {"3": "N"}, {"3": "N"}, {"3": "N"}, {"3": "N"}, {"3": "N"}, {"3": "N"}, {"3": "N"}, {"3": "N"}, {"3": "E"}, {"3": "E"}, {"3": "E"}, {"3": "E"}, {"3": "E"}, {"3": "E"}, {"3": "E"}, {"3": "E"}, {"3": "E"}, {"3": "E"}, {"3": "E"}, {"3": "E"}, {"3": "E"}, {"3": "N"}, {"3": "E"}, {"3": "N"}, {"3": "E"}, {"3": "E"}, {"3": "E"}, {"3": "E"}, {"41": "N"}, {"41": "E"}, {"41": "E"}, {"41": "N"}, {"41": "N"}, {"41": "E"}, {"41": "E"}, {"41": "E"}, {"41": "E"}, {"41": "E"}, {"41": "E"}, {"41": "E"}, {"41": "E"}, {"41": "E"}, {"41": "E"}, {"41": "E"}, {"41": "E"}, {"41": "N"}, {"41": "E"}, {"41": "E"}, {"41": "E"}, {"41": "E"}, {"41": "E"}, {"41": "E"}, {"41": "S"}, {"41": "E"}, {"41": "E"}, {"41": "E"}, {"41": "E"}, {"41": "E"}, {"41": "E"}, {"41": "E"}, {"41": "E"}, {"41": "E"}, {"70": "N"}, {"70": "W"}, {"70": "W"}, {"70": "W"}, {"70": "W"}, {"70": "W"}, {"70": "W"}, {"70": "W"}, {"70": "N"}, {"70": "N"}, {"70": "N"}, {"70": "N"}, {"70": "N"}, {"70": "N"}, {"70": "N"}, {"70": "N"}, {"70": "N"}, {"70": "N"}, {"70": "N"}, {"70": "N"}, {"70": "N"}, {"70": "N"}, {"70": "N"}, {"70": "N"}, {"70": "N"}, {"70": "N"}, {"70": "N"}, {"70": "W"}, {"70": "N"}, {"70": "N"}, {"70": "N"}, {"70": "N"}, {"70": "N"}, {"70": "N"}, {"70": "N"}, {"70": "N"}, {"70": "E"}, {"97": "W"}, {"97": "N"}, {"97": "W"}, {"97": "W"}, {"97": "W"}, {"97": "W"}, {"97": "W"}, {"97": "N"}, {"97": "N"}, {"97": "N"}, {"97": "N"}, {"97": "N"}, {"97": "W"}, {"97": "N"}, {"97": "N"}, {"97": "N"}, {"97": "N"}, {"97": "W"}, {"97": "N"}, {"97": "N"}, {"97": "N"}, {"97": "N"}, {"97": "W"}, {"97": "N"}, {"97": "N"}, {"97": "N"}, {"97": "W"}, {"97": "N"}, {"97": "N"}, {"97": "E"}, {"146": "S"}, {"146": "S"}, {"146": "S"}, {"146": "S"}, {"146": "S"}, {"146": "S"}, {"146": "S"}, {"146": "S"}, {"146": "S"}, {"146": "W"}, {"146": "S"}, {"146": "S"}, {"146": "S"}, {"146": "S"}, {"146": "S"}, {"146": "S"}, {"146": "E"}, {"146": "E"}, {"146": "E"}, {"146": "S"}, {"146": "E"}, {"146": "S"}, {"146": "E"}, {"146": "E"}, {"34": "W"}, {"34": "N"}, {"34": "W"}, {"34": "N"}, {"34": "N"}, {"34": "W"}, {"34": "W"}, {"34": "W"}, {"34": "W"}, {"34": "W"}, {"34": "W"}, {"34": "W"}, {"34": "W"}, {"34": "W"}, {"34": "W"}, {"34": "N"}, {"34": "W"}, {"34": "W"}, {"34": "N"}, {"34": "W"}, {"34": "W"}, {"34": "W"}, {"34": "W"}, {"34": "W"}, {"34": "W"}, {"34": "W"}, {"34": "W"}, {"34": "W"}, {"34": "W"}, {"34": "N"}, {"34": "N"}, {"34": "W"}, {"34": "N"}, {"34": "N"}, {"34": "N"}, {"34": "N"}, {"34": "N"}, {"34": "N"}, {"34": "N"}, {"34": "N"}, {"34": "N"}, {"34": "N"}, {"34": "N"}, {"105": "N"}, {"105": "N"}, {"105": "N"}, {"105": "N"}, {"105": "N"}, {"105": "N"}, {"105": "N"}, {"105": "N"}, {"105": "N"}, {"105": "N"}, {"105": "N"}, {"105": "N"}, {"105": "N"}, {"105": "N"}, {"105": "N"}, {"105": "N"}, {"105": "N"}, {"105": "N"}, {"105": "E"}, {"105": "E"}, {"105": "E"}, {"105": "E"}, {"105": "E"}, {"105": "E"}, {"105": "E"}, {"105": "E"}, {"94": "E"}, {"94": "E"}, {"94": "E"}, {"94": "E"}, {"94": "E"}, {"94": "E"}, {"94": "E"}, {"94": "S"}, {"94": "E"}, {"94": "E"}, {"94": "E"}, {"94": "E"}, {"94": "E"}, {"94": "E"}, {"94": "N"}, {"94": "E"}, {"94": "E"}, {"94": "E"}, {"94": "E"}, {"94": "E"}, {"94": "E"}, {"94": "S"}, {"94": "E"}, {"94": "E"}, {"94": "N"}, {"94": "E"}, {"43": "S"}, {"43": "E"}, {"43": "E"}, {"43": "N"}, {"43": "N"}, {"43": "N"}, {"43": "N"}, {"43": "N"}, {"43": "N"}, {"43": "N"}, {"43": "E"}, {"43": "E"}, {"43": "E"}, {"43": "N"}, {"43": "E"}, {"43": "N"}, {"43": "E"}, {"43": "E"}, {"43": "E"}, {"43": "E"}, {"43": "E"}, {"43": "E"}, {"115": "S"}, {"115": "S"}, {"115": "S"}, {"115": "S"}, {"115": "E"}, {"115": "S"}, {"115": "S"}, {"115": "E"}, {"115": "S"}, {"115": "S"}, {"115": "S"}, {"115": "S"}, {"115": "S"}, {"115": "S"}, {"115": "S"}, {"115": "S"}, {"115": "S"}, {"115": "S"}, {"115": "E"}, {"115": "S"}, {"115": "S"}, {"115": "S"}, {"115": "S"}, {"115": "S"}, {"115": "S"}, {"115": "W"}, {"115": "S"}, {"115": "S"}, {"115": "S"}, {"115": "E"}, {"115": "E"}, {"142": "N"}, {"142": "W"}, {"142": "W"}, {"142": "W"}, {"142": "W"}, {"142": "W"}, {"142": "W"}, {"142": "W"}, {"142": "W"}, {"142": "N"}, {"142": "N"}, {"142": "N"}, {"142": "N"}, {"142": "N"}, {"142": "N"}, {"142": "W"}, {"142": "N"}, {"142": "N"}, {"142": "W"}, {"142": "N"}, {"142": "N"}, {"142": "N"}, {"142": "N"}, {"142": "N"}, {"142": "N"}, {"142": "N"}, {"142": "N"}, {"142": "W"}, {"142": "N"}, {"142": "W"}, {"142": "N"}, {"142": "N"}, {"128": "E"}, {"128": "S"}, {"128": "E"}, {"128": "S"}, {"128": "S"}, {"128": "S"}, {"128": "S"}, {"128": "E"}, {"128": "S"}, {"128": "S"}, {"128": "S"}, {"128": "S"}, {"128": "S"}, {"128": "S"}, {"128": "W"}, {"128": "S"}, {"128": "S"}, {"128": "S"}, {"128": "S"}, {"128": "S"}, {"128": "S"}, {"128": "S"}, {"128": "E"}, {"128": "E"}, {"84": "E"}, {"84": "N"}, {"84": "N"}, {"84": "N"}, {"84": "N"}, {"84": "N"}, {"84": "N"}, {"84": "N"}, {"84": "N"}, {"84": "N"}, {"84": "N"}, {"84": "N"}, {"84": "N"}, {"84": "N"}, {"84": "N"}, {"84": "N"}, {"84": "N"}, {"84": "N"}, {"84": "N"}, {"84": "E"}, {"84": "E"}, {"84": "E"}, {"84": "N"}, {"84": "E"}, {"84": "N"}, {"84": "E"}, {"84": "E"}, {"84": "E"}, {"84": "E"}, {"84": "E"}, {"174": "S"}, {"174": "E"}, {"174": "S"}, {"174": "S"}, {"174": "S"}, {"174": "S"}, {"174": "S"}, {"174": "S"}, {"174": "S"}, {"174": "E"}, {"174": "S"}, {"174": "E"}, {"174": "S"}, {"174": "S"}, {"174": "S"}, {"174": "E"}, {"174": "E"}, {"174": "S"}, {"174": "S"}, {"174": "S"}, {"174": "S"}, {"174": "S"}, {"174": "S"}, {"174": "S"}, {"174": "S"}, {"174": "S"}, {"174": "S"}, {"174": "E"}, {"174": "E"}, {"174": "E"}, {"174": "E"}, {"174": "E"}, {"174": "E"}, {"174": "E"}, {"174": "E"}, {"174": "E"}, {"174": "E"}, {"174": "S"}, {"174": "S"}, {"174": "S"}, {"174": "S"}, {"174": "S"}, {"174": "E"}, {"174": "S"}, {"174": "E"}, {"174": "E"}, {"174": "S"}, {"174": "S"}, {"134": "S"}, {"134": "W"}, {"134": "W"}, {"134": "S"}, {"134": "S"}, {"134": "W"}, {"134": "W"}, {"134": "W"}, {"134": "W"}, {"134": "W"}, {"134": "W"}, {"134": "W"}, {"137": "S"}, {"137": "S"}, {"137": "E"}, {"137": "S"}, {"137": "E"}, {"137": "E"}, {"137": "E"}, {"137": "E"}, {"137": "E"}, {"164": "W"}, {"164": "W"}, {"164": "W"}, {"164": "S"}, {"164": "W"}, {"164": "S"}, {"164": "S"}, {"164": "S"}, {"164": "W"}, {"164": "S"}, {"164": "S"}, {"164": "S"}, {"164": "S"}, {"164": "W"}, {"164": "S"}, {"164": "W"}, {"164": "W"}, {"164": "S"}, {"164": "S"}, {"164": "W"}, {"164": "S"}, {"164": "S"}, {"164": "S"}, {"164": "S"}, {"164": "S"}, {"164": "S"}, {"48": "W"}, {"48": "W"}, {"48": "W"}, {"48": "W"}, {"48": "W"}, {"48": "W"}, {"48": "W"}, {"48": "W"}, {"48": "W"}, {"48": "W"}, {"48": "W"}, {"48": "S"}, {"48": "S"}, {"48": "W"}, {"48": "W"}, {"48": "W"}, {"48": "S"}, {"48": "S"}, {"48": "S"}, {"48": "S"}, {"48": "S"}, {"48": "S"}, {"108": "W"}, {"108": "S"}, {"108": "S"}, {"108": "S"}, {"108": "S"}, {"108": "S"}, {"108": "S"}, {"108": "W"}, {"108": "S"}, {"108": "S"}, {"108": "S"}, {"108": "E"}, {"108": "S"}, {"108": "S"}, {"108": "S"}, {"108": "S"}, {"108": "W"}, {"108": "W"}, {"108": "S"}, {"108": "S"}, {"108": "S"}, {"108": "S"}, {"108": "S"}, {"108": "S"}, {"108": "S"}, {"108": "E"}, {"108": "E"}, {"108": "S"}, {"108": "S"}, {"108": "W"}, {"108": "S"}, {"108": "W"}, {"121": "E"}, {"121": "N"}, {"121": "N"}, {"121": "W"}, {"121": "W"}, {"121": "W"}, {"121": "W"}, {"121": "W"}, {"121": "W"}, {"121": "W"}, {"121": "W"}, {"121": "W"}, {"121": "W"}, {"121": "W"}, {"121": "W"}, {"121": "W"}, {"121": "W"}, {"121": "W"}, {"121": "W"}, {"121": "W"}, {"121": "W"}, {"121": "W"}, {"121": "W"}, {"121": "W"}, {"121": "W"}, {"121": "W"}, {"121": "N"}, {"121": "N"}, {"121": "N"}, {"121": "N"}, {"121": "N"}, {"121": "N"}, {"121": "N"}, {"121": "N"}, {"121": "N"}, {"121": "N"}, {"121": "N"}, {"121": "N"}, {"121": "N"}, {"121": "N"}, {"121": "N"}, {"121": "N"}, {"121": "N"}, {"121": "N"}, {"121": "N"}, {"121": "N"}, {"121": "N"}, {"121": "N"}, {"121": "N"}, {"121": "N"}, {"121": "N"}, {"21": "E"}, {"21": "S"}, {"21": "S"}, {"21": "E"}, {"21": "S"}, {"21": "S"}, {"21": "S"}, {"21": "S"}, {"21": "S"}, {"21": "E"}, {"21": "S"}, {"21": "S"}, {"21": "S"}, {"21": "S"}, {"21": "E"}, {"21": "S"}, {"21": "S"}, {"21": "S"}, {"21": "S"}, {"21": "S"}, {"21": "S"}, {"21": "S"}, {"21": "S"}, {"21": "S"}, {"21": "S"}, {"21": "S"}, {"21": "S"}, {"21": "E"}, {"21": "S"}, {"21": "S"}, {"21": "E"}, {"21": "E"}, {"21": "E"}, {"21": "E"}, {"21": "S"}, {"21": "E"}, {"21": "S"}, {"21": "S"}, {"21": "E"}, {"21": "S"}, {"21": "E"}, {"21": "S"}, {"21": "E"}, {"21": "S"}, {"21": "E"}, {"21": "E"}, {"62": "N"}, {"62": "E"}, {"62": "E"}, {"62": "N"}, {"62": "N"}, {"62": "N"}, {"62": "N"}, {"62": "N"}, {"62": "N"}, {"62": "N"}, {"62": "N"}, {"62": "E"}, {"62": "E"}, {"62": "E"}, {"62": "E"}, {"62": "E"}, {"159": "W"}, {"159": "S"}, {"159": "S"}, {"159": "S"}, {"159": "S"}, {"159": "E"}, {"159": "S"}, {"159": "S"}, {"159": "S"}, {"159": "S"}, {"159": "S"}, {"159": "W"}, {"159": "S"}, {"159": "S"}, {"159": "S"}, {"159": "S"}, {"159": "S"}, {"159": "S"}, {"159": "W"}, {"159": "S"}, {"159": "W"}, {"159": "S"}, {"159": "S"}, {"159": "S"}, {"159": "S"}, {"159": "S"}, {"101": "S"}, {"101": "W"}, {"101": "W"}, {"101": "W"}, {"101": "W"}, {"101": "W"}, {"101": "W"}, {"101": "N"}, {"101": "W"}, {"101": "W"}, {"101": "W"}, {"101": "W"}, {"101": "W"}, {"101": "W"}, {"101": "W"}, {"101": "W"}, {"101": "W"}, {"101": "W"}, {"101": "W"}, {"101": "W"}, {"101": "W"}, {"101": "W"}, {"101": "W"}, {"101": "W"}, {"101": "W"}, {"101": "W"}, {"101": "W"}, {"101": "N"}, {"101": "N"}, {"101": "N"}, {"152": "W"}, {"152": "N"}, {"152": "N"}, {"152": "N"}, {"152": "N"}, {"152": "E"}, {"92": "N"}, {"92": "W"}, {"92": "W"}, {"92": "N"}, {"92": "W"}, {"92": "W"}, {"92": "W"}, {"92": "W"}, {"92": "W"}, {"92": "W"}, {"92": "W"}, {"92": "W"}, {"92": "W"}, {"92": "W"}, {"92": "S"}, {"92": "W"}, {"92": "W"}, {"92": "W"}, {"92": "W"}, {"92": "S"}, {"92": "S"}, {"92": "W"}, {"92": "W"}, {"92": "W"}, {"92": "W"}, {"92": "W"}, {"92": "W"}, {"92": "W"}, {"92": "N"}, {"6": "N"}, {"6": "E"}, {"6": "N"}, {"6": "N"}, {"6": "N"}, {"6": "N"}, {"6": "N"}, {"6": "N"}, {"6": "N"}, {"6": "N"}, {"6": "N"}, {"6": "N"}, {"6": "N"}, {"6": "E"}, {"6": "E"}, {"6": "E"}, {"6": "E"}, {"6": "E"}, {"6": "E"}, {"6": "E"}, {"95": "W"}, {"95": "S"}, {"95": "S"}, {"95": "S"}, {"95": "W"}, {"95": "S"}, {"95": "S"}, {"95": "S"}, {"95": "W"}, {"95": "S"}, {"95": "W"}, {"95": "S"}, {"95": "S"}, {"95": "W"}, {"95": "S"}, {"95": "W"}, {"95": "S"}, {"95": "S"}, {"95": "S"}, {"95": "S"}, {"95": "S"}, {"95": "W"}, {"95": "S"}, {"95": "S"}, {"95": "S"}, {"95": "E"}, {"95": "S"}, {"95": "S"}, {"95": "S"}, {"58": "W"}, {"58": "W"}, {"58": "W"}, {"58": "W"}, {"58": "W"}, {"58": "W"}, {"58": "W"}, {"58": "W"}, {"58": "W"}, {"58": "W"}, {"58": "W"}, {"58": "W"}, {"58": "W"}, {"58": "W"}, {"58": "W"}, {"58": "W"}, {"58": "W"}, {"58": "W"}, {"58": "N"}, {"58": "N"}, {"58": "N"}, {"58": "N"}, {"58": "N"}, {"58": "N"}, {"58": "N"}, {"58": "N"}, {"58": "W"}, {"58": "W"}, {"58": "N"}, {"58": "N"}, {"58": "N"}, {"58": "N"}, {"58": "N"}, {"58": "N"}, {"58": "N"}, {"58": "N"}, {"58": "N"}, {"58": "N"}, {"58": "N"}, {"58": "N"}, {"58": "N"}, {"58": "N"}, {"58": "N"}, {"58": "N"}, {"91": "W"}, {"91": "W"}, {"91": "W"}, {"91": "W"}, {"91": "W"}, {"91": "W"}, {"91": "W"}, {"91": "W"}, {"91": "W"}, {"91": "W"}, {"91": "W"}, {"91": "W"}, {"91": "S"}, {"91": "S"}, {"91": "S"}, {"91": "S"}, {"91": "S"}, {"91": "W"}, {"91": "W"}, {"91": "W"}, {"91": "W"}, {"91": "N"}, {"91": "W"}, {"91": "W"}, {"91": "W"}, {"91": "W"}, {"91": "W"}, {"91": "W"}, {"91": "W"}, {"91": "S"}, {"91": "W"}, {"91": "W"}, {"91": "W"}, {"91": "W"}, {"91": "W"}, {"91": "N"}, {"67": "E"}, {"67": "N"}, {"67": "N"}, {"67": "N"}, {"67": "N"}, {"67": "N"}, {"67": "N"}, {"67": "N"}, {"67": "N"}, {"67": "E"}, {"119": "S"}, {"119": "S"}, {"119": "W"}, {"119": "W"}, {"119": "W"}, {"119": "S"}, {"119": "S"}, {"119": "S"}, {"119": "W"}, {"119": "W"}, {"119": "W"}, {"119": "W"}, {"119": "S"}, {"119": "W"}, {"119": "W"}, {"119": "W"}, {"119": "W"}, {"119": "S"}, {"119": "W"}, {"119": "S"}, {"119": "W"}, {"119": "W"}, {"119": "W"}, {"119": "S"}, {"119": "S"}, {"119": "W"}, {"119": "W"}, {"119": "W"}, {"119": "W"}, {"119": "W"}, {"119": "N"}, {"9": "N"}, {"9": "W"}, {"9": "W"}, {"9": "W"}, {"9": "W"}, {"9": "W"}, {"9": "W"}, {"9": "W"}, {"9": "W"}, {"9": "W"}, {"9": "W"}, {"9": "W"}, {"9": "W"}, {"9": "W"}, {"9": "W"}, {"9": "W"}, {"9": "W"}, {"9": "W"}, {"9": "W"}, {"9": "W"}, {"9": "W"}, {"9": "W"}, {"9": "W"}, {"9": "W"}, {"9": "W"}, {"9": "W"}, {"9": "N"}, {"9": "N"}, {"9": "N"}, {"9": "N"}, {"9": "N"}, {"9": "N"}, {"9": "N"}, {"9": "N"}, {"9": "N"}, {"9": "N"}, {"9": "N"}, {"9": "N"}, {"9": "N"}, {"9": "N"}, {"9": "N"}, {"9": "N"}, {"9": "N"}, {"9": "N"}, {"9": "N"}, {"9": "N"}, {"81": "W"}, {"81": "W"}, {"81": "W"}, {"81": "W"}, {"81": "W"}, {"81": "W"}, {"81": "W"}, {"81": "W"}, {"81": "W"}, {"81": "W"}, {"81": "W"}, {"81": "W"}, {"81": "N"}, {"81": "N"}, {"81": "W"}, {"81": "W"}, {"81": "W"}, {"81": "W"}, {"81": "W"}, {"81": "W"}, {"81": "S"}, {"81": "W"}, {"81": "S"}, {"81": "W"}, {"81": "W"}, {"81": "W"}, {"81": "W"}, {"81": "W"}, {"81": "S"}, {"81": "W"}, {"81": "S"}, {"81": "W"}, {"81": "S"}, {"81": "W"}, {"81": "W"}, {"81": "W"}, {"81": "W"}, {"81": "S"}, {"81": "S"}, {"81": "W"}, {"64": "S"}, {"64": "W"}, {"64": "W"}, {"64": "W"}, {"64": "W"}, {"64": "W"}, {"64": "W"}, {"64": "W"}, {"64": "S"}, {"64": "W"}, {"64": "W"}, {"64": "W"}, {"64": "W"}, {"64": "S"}, {"64": "W"}, {"64": "S"}, {"64": "W"}, {"64": "S"}, {"64": "S"}, {"64": "S"}, {"64": "S"}, {"64": "S"}, {"64": "S"}, {"64": "S"}, {"64": "W"}, {"64": "S"}, {"64": "S"}, {"64": "E"}, {"11": "N"}, {"11": "W"}, {"11": "W"}, {"11": "W"}, {"11": "W"}, {"11": "W"}, {"11": "W"}, {"11": "W"}, {"11": "W"}, {"11": "W"}, {"11": "W"}, {"11": "W"}, {"11": "W"}, {"11": "W"}, {"11": "W"}, {"11": "W"}, {"11": "N"}, {"11": "N"}, {"11": "N"}, {"11": "N"}, {"11": "N"}, {"11": "N"}, {"11": "N"}, {"11": "N"}, {"11": "N"}, {"11": "N"}, {"11": "N"}, {"11": "N"}, {"11": "N"}, {"11": "N"}, {"11": "N"}, {"138": "E"}, {"138": "N"}, {"138": "N"}, {"138": "N"}, {"138": "N"}, {"138": "N"}, {"138": "N"}, {"138": "E"}, {"127": "S"}, {"127": "E"}, {"127": "S"}, {"127": "E"}, {"127": "E"}, {"140": "N"}, {"140": "N"}, {"140": "E"}, {"140": "N"}, {"140": "N"}, {"140": "N"}, {"140": "N"}, {"140": "N"}, {"140": "N"}, {"140": "N"}, {"140": "N"}, {"140": "N"}, {"140": "E"}, {"140": "E"}, {"140": "E"}, {"140": "E"}, {"140": "E"}, {"140": "E"}, {"28": "S"}, {"28": "E"}, {"28": "E"}, {"28": "E"}, {"28": "S"}, {"28": "S"}, {"28": "S"}, {"28": "S"}, {"28": "S"}, {"28": "S"}, {"28": "S"}, {"28": "E"}, {"28": "E"}, {"28": "E"}, {"28": "S"}, {"28": "E"}, {"28": "E"}, {"28": "S"}, {"28": "E"}, {"28": "E"}, {"28": "E"}, {"28": "E"}, {"28": "E"}, {"28": "E"}, {"28": "E"}, {"28": "E"}, {"28": "E"}, {"28": "E"}, {"28": "E"}, {"150": "E"}, {"150": "S"}, {"150": "S"}, {"150": "S"}, {"150": "W"}, {"150": "W"}, {"150": "S"}, {"150": "S"}, {"150": "S"}, {"150": "S"}, {"150": "W"}, {"150": "S"}, {"150": "W"}, {"150": "S"}, {"150": "S"}, {"150": "S"}, {"150": "S"}, {"150": "W"}, {"150": "S"}, {"150": "S"}, {"150": "S"}, {"150": "W"}, {"150": "S"}, {"150": "S"}, {"150": "S"}, {"150": "E"}, {"150": "S"}, {"150": "S"}, {"150": "E"}, {"150": "S"}, {"150": "S"}, {"150": "S"}, {"150": "S"}, {"150": "S"}, {"150": "W"}, {"150": "S"}, {"150": "S"}, {"150": "E"}, {"15": "S"}, {"15": "E"}, {"15": "E"}, {"15": "S"}, {"15": "S"}, {"15": "S"}, {"15": "S"}, {"15": "S"}, {"15": "S"}, {"15": "S"}, {"15": "S"}, {"15": "S"}, {"15": "S"}, {"15": "S"}, {"15": "S"}, {"15": "S"}, {"15": "E"}, {"15": "E"}, {"15": "E"}, {"15": "E"}, {"15": "E"}, {"15": "E"}, {"15": "E"}, {"15": "E"}, {"15": "E"}, {"15": "E"}, {"15": "E"}, {"15": "E"}, {"15": "E"}, {"15": "E"}, {"15": "E"}, {"167": "W"}, {"167": "S"}, {"167": "W"}, {"167": "S"}, {"167": "S"}, {"167": "S"}, {"167": "W"}, {"167": "S"}, {"167": "W"}, {"167": "S"}, {"167": "W"}, {"167": "S"}, {"167": "S"}, {"167": "S"}, {"167": "S"}, {"167": "W"}, {"167": "S"}, {"167": "W"}, {"167": "S"}, {"167": "S"}, {"167": "S"}, {"167": "S"}, {"167": "S"}, {"167": "W"}, {"167": "S"}, {"167": "S"}, {"167": "S"}, {"167": "W"}, {"167": "S"}, {"167": "S"}, {"167": "S"}, {"167": "S"}, {"167": "S"}, {"167": "E"}, {"167": "E"}, {"162": "N"}, {"162": "N"}, {"162": "N"}, {"162": "N"}, {"162": "N"}, {"162": "E"}, {"162": "E"}, {"162": "N"}, {"162": "N"}, {"162": "E"}, {"20": "W"}, {"20": "W"}, {"20": "W"}, {"20": "W"}, {"20": "W"}, {"20": "W"}, {"20": "W"}, {"20": "W"}, {"20": "W"}, {"20": "W"}, {"20": "S"}, {"20": "W"}, {"20": "S"}, {"20": "S"}, {"20": "S"}, {"20": "S"}, {"20": "S"}, {"20": "S"}, {"20": "W"}, {"20": "S"}, {"20": "W"}, {"20": "W"}, {"20": "W"}, {"20": "S"}, {"20": "S"}, {"157": "S"}, {"157": "E"}, {"157": "E"}, {"157": "E"}, {"157": "S"}, {"157": "S"}, {"157": "S"}, {"157": "S"}, {"157": "E"}, {"157": "E"}, {"157": "E"}, {"157": "E"}, {"157": "E"}, {"47": "W"}, {"47": "S"}, {"47": "S"}, {"47": "W"}, {"47": "W"}, {"47": "W"}, {"47": "W"}, {"47": "S"}, {"47": "W"}, {"47": "W"}, {"47": "W"}, {"47": "W"}, {"47": "S"}, {"47": "W"}, {"47": "S"}, {"47": "W"}, {"47": "W"}, {"47": "W"}, {"47": "S"}, {"47": "S"}, {"47": "W"}, {"47": "W"}, {"47": "W"}, {"47": "N"}, {"47": "N"}, {"47": "W"}, {"47": "W"}, {"47": "W"}, {"47": "W"}, {"47": "W"}, {"47": "W"}, {"47": "W"}, {"47": "S"}, {"47": "S"}, {"42": "S"}, {"42": "W"}, {"42": "W"}, {"42": "W"}, {"42": "W"}, {"42": "N"}, {"42": "W"}, {"42": "W"}, {"42": "W"}, {"42": "W"}, {"42": "W"}, {"42": "W"}, {"42": "W"}, {"42": "W"}, {"42": "S"}, {"42": "W"}, {"42": "W"}, {"42": "N"}, {"42": "N"}, {"42": "W"}, {"42": "W"}, {"42": "S"}, {"42": "W"}, {"42": "W"}, {"42": "W"}, {"42": "W"}, {"42": "W"}, {"42": "W"}, {"42": "S"}, {"42": "W"}, {"42": "W"}, {"42": "W"}, {"42": "W"}, {"42": "W"}, {"42": "W"}, {"42": "N"}, {"22": "S"}, {"22": "W"}, {"22": "S"}, {"22": "S"}, {"22": "S"}, {"22": "S"}, {"22": "S"}, {"22": "E"}, {"22": "S"}, {"22": "S"}, {"22": "W"}, {"22": "S"}, {"22": "S"}, {"22": "S"}, {"22": "W"}, {"22": "S"}, {"22": "S"}, {"22": "S"}, {"22": "S"}, {"22": "W"}, {"22": "S"}, {"22": "W"}, {"22": "S"}, {"22": "S"}, {"22": "S"}, {"22": "S"}, {"22": "S"}, {"22": "S"}, {"22": "W"}, {"22": "S"}, {"155": "N"}, {"155": "W"}, {"155": "W"}, {"155": "W"}, {"155": "S"}, {"155": "W"}, {"155": "S"}, {"155": "W"}, {"155": "W"}, {"155": "W"}, {"155": "W"}, {"155": "S"}, {"155": "W"}, {"155": "W"}, {"155": "N"}, {"155": "W"}, {"155": "W"}, {"155": "W"}, {"155": "W"}, {"155": "W"}, {"155": "W"}, {"155": "W"}, {"155": "W"}, {"155": "W"}, {"155": "W"}, {"155": "S"}, {"155": "S"}, {"155": "S"}, {"155": "W"}, {"155": "S"}, {"37": "W"}, {"37": "N"}, {"37": "N"}, {"37": "W"}, {"37": "W"}, {"37": "W"}, {"37": "W"}, {"37": "W"}, {"37": "W"}, {"37": "W"}, {"37": "W"}, {"37": "W"}, {"37": "W"}, {"37": "W"}, {"37": "N"}, {"37": "N"}, {"37": "N"}, {"37": "N"}, {"37": "N"}, {"37": "W"}, {"37": "W"}, {"37": "N"}, {"37": "N"}, {"37": "N"}, {"37": "N"}, {"37": "N"}, {"37": "N"}, {"37": "N"}, {"37": "N"}, {"88": "S"}, {"88": "S"}, {"88": "S"}, {"88": "S"}, {"88": "S"}, {"88": "S"}, {"88": "W"}, {"88": "S"}, {"88": "W"}, {"88": "S"}, {"88": "W"}, {"88": "S"}, {"88": "S"}, {"88": "S"}, {"88": "S"}, {"88": "W"}, {"88": "S"}, {"88": "W"}, {"88": "W"}, {"88": "S"}, {"88": "S"}, {"88": "S"}, {"88": "S"}, {"88": "S"}, {"88": "W"}, {"88": "S"}, {"88": "S"}, {"88": "S"}, {"88": "S"}, {"88": "S"}, {"88": "E"}, {"52": "S"}, {"52": "S"}, {"52": "S"}, {"52": "S"}, {"52": "W"}, {"52": "S"}, {"52": "W"}, {"52": "S"}, {"52": "S"}, {"52": "W"}, {"52": "S"}, {"52": "W"}, {"52": "S"}, {"52": "S"}, {"52": "S"}, {"52": "W"}, {"52": "W"}, {"52": "S"}, {"52": "S"}, {"52": "S"}, {"52": "S"}, {"52": "S"}, {"52": "W"}, {"52": "S"}, {"52": "S"}, {"52": "S"}, {"52": "S"}, {"52": "S"}, {"52": "S"}, {"52": "W"}, {"52": "W"}, {"52": "W"}, {"52": "S"}, {"52": "S"}, {"52": "S"}, {"52": "S"}, {"52": "S"}, {"52": "S"}, {"52": "S"}, {"158": "W"}, {"158": "N"}, {"158": "W"}, {"158": "W"}, {"158": "W"}, {"158": "W"}, {"158": "W"}, {"158": "W"}, {"158": "W"}, {"158": "W"}, {"158": "W"}, {"158": "W"}, {"158": "W"}, {"158": "W"}, {"158": "N"}, {"102": "S"}, {"102": "W"}, {"102": "W"}, {"102": "S"}, {"102": "S"}, {"102": "S"}, {"102": "W"}, {"102": "W"}, {"102": "W"}, {"102": "W"}, {"102": "S"}, {"102": "W"}, {"102": "W"}, {"102": "W"}, {"102": "W"}, {"102": "S"}, {"102": "W"}, {"102": "S"}, {"102": "W"}, {"102": "W"}, {"102": "W"}, {"102": "S"}, {"102": "S"}, {"102": "W"}, {"102": "W"}, {"102": "W"}, {"102": "W"}, {"102": "W"}, {"102": "W"}, {"102": "S"}, {"102": "S"}, {"102": "S"}, {"102": "W"}, {"102": "W"}, {"102": "S"}, {"102": "W"}, {"102": "W"}, {"102": "W"}, {"102": "W"}, {"102": "W"}, {"102": "S"}, {"102": "S"}, {"102": "W"}, {"102": "S"}, {"63": "S"}, {"63": "S"}, {"63": "S"}, {"63": "S"}, {"63": "S"}, {"63": "S"}, {"63": "E"}, {"63": "S"}, {"63": "S"}, {"63": "W"}, {"63": "S"}, {"63": "S"}, {"63": "S"}, {"63": "W"}, {"63": "W"}, {"63": "S"}, {"63": "S"}, {"63": "S"}, {"63": "S"}, {"63": "S"}, {"63": "W"}, {"63": "S"}, {"63": "S"}, {"63": "S"}, {"63": "S"}, {"63": "S"}, {"63": "S"}, {"63": "S"}, {"63": "S"}, {"63": "W"}, {"63": "S"}, {"63": "W"}, {"63": "S"}, {"63": "S"}, {"63": "S"}, {"63": "S"}, {"63": "S"}, {"63": "W"}, {"63": "W"}, {"63": "S"}, {"172": "W"}, {"172": "S"}, {"172": "W"}, {"172": "W"}, {"172": "W"}, {"172": "W"}, {"172": "W"}, {"172": "W"}, {"172": "W"}, {"172": "W"}, {"172": "W"}, {"172": "W"}, {"172": "W"}, {"172": "W"}, {"172": "W"}, {"172": "S"}, {"172": "S"}, {"172": "S"}, {"172": "S"}, {"172": "S"}, {"172": "W"}, {"172": "S"}, {"172": "W"}, {"172": "S"}, {"172": "W"}, {"172": "S"}, {"172": "S"}, {"172": "S"}, {"172": "S"}, {"172": "W"}, {"172": "S"}, {"172": "W"}, {"172": "W"}, {"172": "S"}, {"172": "S"}, {"172": "W"}, {"172": "S"}, {"172": "S"}, {"172": "S"}, {"172": "S"}, {"172": "S"}, {"172": "S"}, {"172": "S"}, {"172": "S"}, {"172": "S"}, {"172": "S"}, {"172": "S"}, {"172": "S"}, {"172": "S"}, {"172": "S"}, {"49": "S"}, {"49": "S"}, {"49": "S"}, {"49": "S"}, {"49": "S"}, {"49": "S"}, {"49": "S"}, {"49": "E"}, {"49": "E"}, {"49": "E"}, {"49": "S"}, {"49": "E"}, {"49": "S"}, {"49": "E"}], "result": "SUCCESS", "makespan": 2670, "sum": 5408, "algo_name": "OutAndInByPercentage_per_50_SW_"}