{"instance": "medium_free_000_30x30_20_180", "steps": [{"4": "W", "31": "W", "37": "S", "49": "W", "56": "N", "89": "N", "136": "N", "160": "E", "164": "E", "179": "S", "9": "S", "14": "W", "97": "S", "137": "W", "158": "S", "20": "E", "175": "S", "178": "S", "27": "N", "45": "W", "99": "W", "118": "N", "126": "W", "41": "W", "77": "W", "88": "N", "98": "S", "105": "S", "107": "N", "111": "E", "112": "E", "168": "E", "1": "W", "69": "E", "75": "W", "78": "E", "80": "W", "86": "N", "65": "S", "100": "W", "101": "E", "114": "W", "150": "N", "166": "E", "172": "N", "53": "N", "55": "W", "133": "S", "143": "W", "42": "E", "47": "E", "60": "S", "94": "W", "103": "E", "162": "S", "19": "N", "44": "N", "74": "S", "83": "E", "87": "E", "15": "W", "67": "W", "104": "E", "117": "S", "52": "N", "139": "W"}, {"4": "W", "31": "W", "37": "S", "49": "W", "56": "N", "89": "N", "136": "N", "160": "E", "164": "E", "179": "S", "9": "S", "14": "W", "97": "S", "137": "W", "158": "S", "20": "E", "175": "S", "178": "S", "27": "N", "45": "W", "99": "W", "118": "N", "126": "W", "41": "W", "77": "W", "88": "N", "105": "S", "107": "N", "112": "E", "168": "E", "1": "W", "69": "E", "75": "W", "78": "E", "80": "W", "86": "N", "65": "S", "100": "W", "101": "E", "114": "W", "150": "N", "166": "E", "172": "N", "53": "N", "55": "W", "133": "S", "143": "W", "42": "E", "47": "E", "60": "S", "103": "E", "162": "S", "19": "N", "44": "N", "74": "S", "83": "E", "87": "E", "104": "E", "117": "S", "52": "N"}, {"4": "S", "56": "W", "89": "W", "136": "W", "160": "N", "179": "E", "9": "S", "14": "W", "137": "W", "158": "S", "20": "E", "175": "S", "178": "S", "27": "N", "45": "W", "99": "W", "118": "N", "126": "W", "77": "W", "88": "N", "105": "S", "107": "N", "112": "E", "168": "E", "69": "E", "75": "W", "78": "E", "80": "W", "86": "N", "65": "S", "100": "W", "101": "E", "114": "W", "150": "N", "166": "E", "172": "N", "53": "N", "55": "W", "133": "S", "143": "W", "42": "E", "47": "E", "60": "S", "103": "E", "162": "S", "19": "N", "44": "N", "74": "S", "83": "E", "87": "E", "104": "E", "117": "S", "52": "N"}, {"179": "S", "97": "S", "137": "S", "20": "E", "175": "S", "178": "S", "27": "N", "45": "W", "99": "W", "118": "N", "126": "W", "77": "W", "88": "N", "105": "S", "112": "E", "69": "E", "75": "W", "78": "E", "80": "W", "100": "W", "101": "E", "114": "W", "150": "N", "166": "E", "172": "N", "53": "N", "55": "W", "133": "S", "143": "W", "42": "E", "47": "E", "60": "S", "103": "E", "162": "S", "19": "N", "44": "N", "74": "S", "87": "E", "104": "E", "117": "S", "52": "N"}, {"14": "W", "27": "N", "45": "W", "99": "W", "118": "N", "126": "W", "77": "W", "88": "N", "105": "S", "112": "E", "69": "E", "78": "E", "80": "W", "100": "W", "101": "E", "114": "W", "150": "N", "166": "E", "172": "N", "53": "N", "55": "W", "143": "W", "42": "E", "103": "E", "162": "S", "19": "N", "44": "N", "74": "S", "87": "E", "104": "E", "117": "S", "52": "N"}, {"99": "N", "88": "N", "105": "S", "112": "E", "69": "E", "78": "E", "80": "W", "100": "W", "101": "E", "114": "W", "150": "N", "166": "E", "172": "N", "55": "W", "143": "W", "42": "E", "103": "E", "162": "S", "19": "N", "44": "N", "74": "S", "87": "E", "104": "E", "117": "S", "52": "N"}, {"160": "E", "99": "W", "77": "W", "105": "E", "112": "N", "69": "E", "78": "E", "80": "W", "100": "W", "101": "E", "114": "W", "150": "N", "166": "E", "172": "N", "55": "W", "143": "W", "42": "E", "103": "E", "162": "S", "19": "N", "44": "N", "74": "S", "87": "E", "104": "E", "117": "S", "52": "N"}, {"49": "W", "69": "E", "80": "N", "100": "W", "101": "E", "150": "N", "166": "E", "172": "N", "55": "W", "143": "W", "42": "E", "103": "E", "162": "S", "19": "N", "44": "N", "87": "E", "104": "E", "52": "N"}, {"114": "W", "166": "S", "55": "W", "143": "W", "42": "E", "103": "E", "162": "S", "19": "N", "44": "N", "87": "E", "104": "E", "52": "N"}, {"20": "E", "114": "W", "55": "S", "42": "E", "103": "E", "162": "S", "19": "N", "44": "N", "87": "E", "104": "E", "52": "N"}, {"27": "N", "114": "S", "42": "E", "19": "N", "44": "N", "87": "E", "104": "E", "52": "N"}, {"69": "N", "150": "N", "42": "S", "44": "N", "104": "E", "52": "N"}, {"101": "E", "87": "E", "104": "E", "52": "N"}, {"101": "E", "87": "E", "104": "E", "52": "N"}, {"150": "W"}, {"44": "N", "52": "N"}, {"51": "W", "121": "N", "161": "W", "109": "W", "34": "E", "2": "S", "8": "N", "30": "N", "113": "W", "135": "N", "76": "W", "79": "N", "132": "S", "177": "N", "22": "S", "32": "N", "5": "W", "66": "W", "6": "N", "124": "N", "144": "E", "140": "N", "129": "N", "173": "N", "108": "W", "7": "N", "165": "W", "18": "S", "159": "W", "38": "N", "163": "N", "152": "S", "82": "S", "174": "S", "17": "N", "95": "W", "122": "W", "91": "W", "90": "S", "68": "N", "12": "N", "123": "S", "155": "W", "26": "W", "119": "W", "3": "N", "141": "N", "145": "W", "147": "W", "85": "W", "153": "S", "16": "N", "54": "N", "57": "S", "96": "N", "43": "N", "149": "W", "176": "W", "28": "S", "50": "W", "169": "W", "142": "N", "59": "N", "156": "E", "125": "E", "170": "S", "40": "S", "138": "N", "116": "N", "171": "S", "72": "N", "71": "W", "110": "S", "130": "E", "62": "W", "64": "S", "36": "W", "93": "W", "128": "W", "81": "W", "120": "N", "46": "S", "39": "E", "84": "N", "151": "S", "11": "W", "106": "W", "115": "S", "10": "S", "33": "W", "73": "E", "167": "W", "58": "W", "35": "W", "21": "S", "29": "N", "157": "W", "102": "W", "92": "S"}, {"48": "E", "41": "W", "98": "S", "107": "N", "168": "E", "1": "W", "75": "W", "86": "N", "53": "N", "133": "S", "47": "E", "60": "S", "63": "N", "94": "W", "148": "S", "74": "S", "146": "N", "67": "W", "117": "S", "139": "W"}, {"48": "E", "98": "S", "107": "N", "168": "E", "75": "W", "86": "N", "53": "N", "133": "S", "47": "E", "60": "S", "63": "N", "94": "W", "146": "N", "67": "W", "117": "S"}, {"107": "N", "168": "E", "75": "W", "48": "E", "98": "S", "86": "N", "53": "N", "133": "S", "47": "E", "60": "S", "63": "N", "94": "W", "146": "N", "117": "S"}, {"136": "N", "168": "S", "75": "N", "86": "N", "53": "N", "48": "E", "98": "S", "133": "S", "47": "E", "60": "S", "63": "N", "94": "W", "146": "N", "117": "S"}, {"37": "S", "48": "E", "98": "S", "133": "S", "47": "E", "60": "S", "63": "N", "94": "W", "146": "N", "117": "S"}, {"37": "S", "98": "E", "133": "S", "47": "E", "60": "S", "63": "N", "94": "W", "146": "N", "117": "S"}, {"37": "S", "133": "S", "60": "S", "117": "S", "63": "N", "146": "N"}, {"63": "N"}, {"63": "N"}, {"86": "N", "63": "N"}, {"10": "S", "2": "S", "81": "W", "23": "W", "161": "W", "32": "N", "127": "W", "24": "S", "171": "S", "21": "S", "28": "E", "54": "W", "121": "W", "167": "W", "156": "S", "91": "W", "11": "W", "159": "W", "128": "S", "68": "N", "131": "N", "157": "W", "169": "W", "149": "N", "71": "W", "132": "S", "82": "S", "109": "W", "108": "W", "30": "E", "72": "W", "102": "W", "123": "W", "142": "W", "6": "W", "8": "W", "58": "W", "106": "W", "66": "W", "70": "W", "113": "W", "170": "S", "122": "W", "40": "S", "18": "N", "110": "S", "151": "E", "153": "S", "79": "N", "29": "N", "120": "E", "34": "W", "95": "W", "62": "W", "155": "W", "147": "S", "51": "W", "12": "N", "145": "W", "125": "W", "129": "E", "73": "S", "141": "N", "59": "N", "36": "W", "39": "N", "174": "S", "64": "W", "130": "W", "5": "S", "119": "W", "85": "W", "57": "S", "134": "E", "144": "S", "163": "S", "93": "W", "115": "E", "13": "N", "43": "N", "35": "W", "33": "W", "173": "W", "17": "N", "176": "N", "92": "W", "152": "S", "3": "N", "26": "W", "25": "W", "16": "N", "116": "E", "140": "N", "38": "N", "90": "E", "46": "S", "177": "S", "165": "W", "124": "W", "7": "W", "76": "W", "22": "W"}, {"154": "W", "41": "W", "111": "E", "1": "W", "65": "S", "0": "W", "148": "S", "83": "E", "146": "N", "15": "W", "67": "W", "139": "W"}, {"65": "S", "0": "W", "83": "E", "146": "N", "15": "W", "67": "W"}, {"65": "S", "0": "W", "83": "E", "146": "N", "15": "W", "67": "W"}, {"65": "S", "0": "W", "146": "N", "15": "W", "67": "W"}, {"65": "S", "146": "N", "0": "W", "15": "W", "67": "W"}, {"67": "W"}, {"67": "W"}, {"67": "W"}, {"67": "W"}, {"67": "W"}, {"75": "W", "67": "W"}, {"124": "N", "6": "N", "76": "W", "32": "N", "110": "E", "34": "W", "145": "S", "132": "S", "10": "E", "102": "W", "120": "E", "46": "S", "121": "W", "176": "N", "79": "N", "147": "W", "12": "N", "130": "E", "39": "E", "109": "W", "25": "E", "33": "W", "115": "E", "127": "W", "140": "N", "161": "W", "68": "N", "64": "W", "36": "W", "174": "S", "135": "E", "58": "N", "3": "E", "73": "S", "151": "E", "113": "W", "30": "N", "84": "N", "81": "W", "23": "W", "96": "S", "141": "N", "90": "S", "28": "E", "159": "W", "122": "W", "167": "E", "169": "W", "16": "N", "108": "S", "116": "N", "129": "E", "72": "N", "24": "S", "153": "S", "57": "S", "134": "S", "61": "N", "50": "W", "173": "W", "123": "S", "40": "W", "71": "W", "163": "S", "92": "W", "2": "S", "13": "W", "18": "E", "131": "S", "165": "W", "70": "N", "26": "W", "59": "E", "170": "S", "95": "W", "156": "S", "43": "W", "54": "W", "149": "W", "35": "N", "119": "S", "38": "E", "22": "W", "171": "S", "8": "W", "82": "E", "29": "N", "51": "S", "177": "N", "66": "S", "155": "W", "62": "W", "11": "N", "91": "W", "5": "S", "17": "E", "142": "W", "128": "S", "7": "W", "157": "W", "21": "S"}, {"154": "W", "41": "W", "111": "E", "1": "W", "94": "W", "0": "W", "148": "S", "83": "E", "15": "W", "139": "W"}, {"41": "W", "111": "E", "1": "W", "94": "W", "0": "W", "15": "W"}, {"41": "S", "94": "W", "111": "E", "0": "W", "15": "W"}, {"112": "E", "1": "W", "111": "E", "0": "W", "15": "W"}, {"1": "N", "0": "W", "15": "W"}, {"80": "W", "1": "W", "0": "W", "15": "W"}, {"80": "W", "0": "W", "15": "W"}, {"76": "N", "66": "S", "90": "E", "165": "S", "64": "W", "142": "W", "130": "E", "120": "N", "30": "N", "43": "N", "173": "N", "62": "W", "7": "W", "145": "S", "58": "N", "170": "S", "138": "E", "144": "S", "23": "N", "169": "W", "113": "W", "6": "N", "156": "S", "18": "E", "155": "W", "127": "W", "163": "W", "159": "S", "102": "W", "84": "N", "119": "W", "116": "N", "33": "W", "161": "W", "13": "W", "50": "N", "35": "N", "122": "N", "25": "N", "141": "N", "57": "S", "26": "W", "16": "E", "108": "E", "82": "S", "71": "W", "3": "N", "32": "E", "109": "W", "151": "S", "128": "S", "68": "E", "95": "S", "59": "N", "5": "S", "21": "S", "24": "N", "81": "S", "51": "S", "91": "W", "129": "E", "92": "W", "115": "S", "131": "E", "177": "E", "72": "N", "28": "E", "40": "S", "171": "S", "34": "W", "79": "E", "125": "N", "153": "S", "8": "W", "38": "E", "54": "E", "12": "N", "29": "E", "46": "S", "73": "S", "149": "W", "174": "E", "85": "W", "147": "S", "106": "N", "61": "N", "121": "W", "11": "W", "167": "S", "17": "N", "36": "S", "134": "W", "93": "N", "123": "W", "110": "S", "2": "S", "124": "N", "140": "N", "135": "N"}, {"55": "W", "154": "W", "148": "S", "74": "S", "83": "E", "139": "W"}, {"154": "W", "74": "S", "83": "E", "139": "W"}, {"74": "S", "83": "E", "139": "W"}, {"74": "S", "83": "E", "139": "W"}, {"74": "S", "83": "E", "139": "W"}, {"74": "W", "139": "W"}, {"139": "W"}, {"139": "W"}, {"139": "W"}, {"139": "W"}, {"114": "W"}, {"4": "W", "114": "W", "139": "W"}, {"155": "W", "71": "W", "163": "S", "73": "S", "113": "W", "161": "S", "7": "N", "62": "N", "39": "E", "141": "N", "50": "N", "38": "S", "177": "E", "140": "N", "144": "S", "174": "E", "167": "W", "43": "E", "17": "N", "57": "S", "102": "W", "54": "W", "135": "N", "32": "E", "124": "N", "115": "S", "22": "W", "95": "S", "85": "W", "16": "E", "123": "W", "142": "N", "132": "S", "92": "W", "165": "W", "170": "S", "23": "N", "121": "N", "64": "S", "131": "N", "59": "N", "68": "N", "151": "E", "122": "N", "157": "W", "90": "S", "76": "N", "110": "E", "147": "S", "116": "E", "18": "N", "40": "S", "29": "N", "24": "E", "134": "W", "93": "W", "156": "S", "176": "N", "153": "S", "61": "N", "119": "W", "51": "S", "11": "W", "91": "W", "127": "W", "79": "N", "21": "S", "12": "E", "2": "S", "108": "W", "35": "W", "46": "E", "149": "N", "109": "W", "28": "S", "6": "N", "81": "S", "8": "W", "96": "E", "159": "S", "72": "N", "66": "S", "130": "N", "26": "E", "145": "S", "25": "N", "171": "E", "34": "W", "13": "W", "30": "N", "5": "S", "84": "N", "33": "W", "138": "N", "58": "W", "106": "W", "3": "N", "120": "N", "36": "W"}, {"148": "S"}, {"159": "E", "174": "S", "2": "S", "61": "E", "90": "S", "39": "N", "73": "S", "141": "N", "113": "W", "171": "E", "76": "N", "81": "W", "54": "W", "35": "N", "58": "N", "125": "S", "167": "W", "71": "W", "149": "N", "68": "N", "70": "W", "108": "W", "96": "E", "34": "N", "33": "W", "59": "N", "157": "S", "142": "W", "147": "W", "72": "N", "66": "S", "128": "S", "153": "E", "21": "E", "122": "N", "132": "S", "93": "N", "102": "W", "121": "N", "123": "W", "110": "S", "50": "W", "25": "N", "165": "W", "82": "S", "127": "W", "177": "E", "32": "N", "170": "E", "51": "W", "64": "W", "95": "S", "119": "S", "7": "W", "140": "N", "29": "N", "169": "W", "18": "E", "36": "W", "11": "W", "85": "W", "120": "N", "12": "N", "23": "W", "109": "S", "62": "N", "5": "S", "115": "S", "30": "N", "124": "W", "155": "S", "28": "S", "46": "E", "3": "N", "106": "W", "79": "E", "91": "W", "13": "W", "84": "N", "129": "E", "8": "W", "156": "S", "173": "W", "6": "N", "116": "N", "151": "S", "16": "N", "161": "S", "57": "S", "131": "N", "24": "E", "130": "N", "43": "N", "22": "W", "134": "W", "163": "S", "135": "N", "92": "W", "26": "S"}, {"94": "W", "148": "S"}, {"5": "S", "22": "W", "116": "N", "30": "N", "163": "E", "135": "N", "134": "W", "35": "N", "144": "E", "129": "E", "95": "S", "149": "N", "28": "S", "106": "N", "38": "N", "2": "S", "72": "N", "174": "S", "17": "E", "91": "W", "127": "S", "124": "N", "46": "E", "155": "W", "71": "W", "8": "W", "18": "E", "82": "S", "73": "S", "24": "S", "7": "W", "81": "W", "6": "N", "92": "W", "115": "S", "121": "N", "102": "W", "156": "S", "159": "W", "123": "W", "29": "E", "57": "S", "16": "N", "66": "W", "109": "W", "128": "S", "3": "N", "76": "N", "32": "N", "171": "E", "151": "S", "90": "S", "113": "W", "140": "N", "21": "E", "54": "E", "93": "N", "173": "W", "108": "W", "62": "W", "161": "S", "84": "N", "167": "W", "165": "W", "141": "N", "26": "S", "33": "W", "120": "N", "64": "W", "96": "S", "59": "E", "13": "W", "61": "E", "138": "N", "131": "N", "85": "W", "147": "W", "125": "N", "68": "N", "39": "N", "142": "N", "132": "S", "12": "N", "34": "W", "43": "N", "169": "W", "50": "N", "25": "E", "11": "W", "119": "S", "79": "N", "130": "E", "110": "S", "170": "S", "122": "N", "51": "S", "58": "W", "176": "N", "36": "W"}, {"49": "W", "100": "W", "148": "S"}, {"49": "W"}, {"156": "S", "124": "N", "122": "N", "135": "N", "2": "S", "131": "N", "40": "S", "72": "N", "161": "W", "5": "S", "108": "S", "36": "W", "43": "N", "22": "W", "11": "W", "110": "S", "147": "W", "169": "S", "66": "S", "95": "W", "119": "W", "21": "S", "153": "S", "32": "E", "125": "N", "76": "N", "123": "W", "149": "N", "6": "N", "30": "N", "115": "S", "130": "N", "39": "E", "29": "E", "23": "S", "113": "N", "151": "S", "171": "S", "96": "E", "176": "N", "120": "N", "34": "N", "81": "W", "62": "N", "64": "S", "134": "W", "167": "W", "141": "N", "35": "N", "102": "W", "127": "S", "17": "E", "70": "S", "18": "E", "159": "S", "33": "W", "163": "E", "51": "S", "157": "S", "13": "W", "116": "N", "92": "W", "91": "W", "79": "N", "144": "S", "46": "S", "8": "W", "38": "E", "129": "E", "68": "N", "155": "S", "7": "W", "174": "S", "121": "N", "93": "N", "132": "E", "16": "N", "90": "E", "84": "N", "57": "S", "50": "N", "128": "S", "82": "S", "140": "N", "106": "W", "73": "S", "12": "N", "85": "S", "173": "W", "54": "W", "28": "S", "25": "N", "59": "E", "165": "W", "170": "S", "24": "E"}, {"148": "S"}, {"24": "S", "176": "N", "135": "N", "46": "S", "32": "E", "170": "S", "38": "E", "2": "E", "11": "N", "96": "S", "141": "N", "165": "W", "82": "S", "30": "E", "159": "W", "116": "N", "132": "S", "144": "S", "130": "N", "25": "W", "23": "W", "92": "W", "108": "S", "123": "W", "13": "W", "134": "S", "131": "E", "153": "S", "119": "S", "68": "N", "90": "E", "85": "S", "161": "W", "17": "E", "58": "W", "66": "S", "40": "S", "73": "S", "8": "W", "54": "W", "62": "N", "93": "N", "57": "S", "115": "S", "79": "N", "174": "E", "7": "W", "18": "E", "110": "E", "109": "S", "155": "W", "113": "N", "6": "N", "140": "E", "121": "E", "16": "E", "71": "N", "34": "N", "102": "W", "26": "W", "50": "S", "128": "E", "106": "W", "124": "N", "157": "W", "64": "W", "167": "S", "51": "W", "39": "N", "169": "W", "61": "S", "120": "N", "28": "S", "76": "N", "81": "W", "22": "S", "156": "S", "173": "N", "147": "W", "3": "N", "84": "E", "33": "N", "163": "E", "72": "N", "70": "N", "171": "N", "122": "N", "125": "E", "95": "S", "12": "N"}, {"75": "W", "67": "W", "148": "S"}, {"75": "W", "148": "S"}, {"148": "S"}, {"120": "E", "25": "N", "135": "N", "131": "E", "58": "N", "113": "W", "57": "S", "153": "S", "39": "N", "132": "S", "134": "S", "35": "E", "59": "S", "85": "W", "156": "S", "155": "S", "36": "N", "102": "W", "115": "S", "90": "S", "140": "N", "167": "S", "124": "N", "108": "S", "13": "N", "23": "W", "130": "N", "123": "W", "43": "N", "3": "N", "16": "E", "71": "N", "79": "E", "64": "S", "28": "S", "144": "S", "161": "S", "128": "W", "151": "S", "82": "E", "51": "S", "141": "E", "50": "W", "171": "N", "173": "N", "2": "E", "95": "S", "18": "S", "46": "E", "38": "E", "119": "S", "17": "N", "93": "N", "8": "W", "22": "S", "29": "E", "21": "S", "11": "W", "176": "N", "109": "S", "30": "N", "91": "W", "73": "E", "142": "W", "116": "N", "110": "S", "62": "N", "68": "N", "72": "N", "96": "W", "174": "S", "33": "N", "81": "W", "76": "N", "169": "S", "170": "S", "12": "N", "66": "S", "7": "N", "84": "N", "147": "S", "163": "E", "6": "N", "157": "S", "26": "S", "34": "N", "159": "S", "121": "N", "125": "S", "32": "S", "165": "S", "61": "N", "40": "S", "70": "N", "54": "W", "24": "S", "106": "W"}, {"4": "W", "114": "W", "139": "W"}, {"4": "W", "114": "W"}, {"24": "S", "54": "W", "61": "E", "23": "W", "58": "W", "73": "S", "135": "N", "113": "S", "76": "N", "110": "S", "121": "W", "85": "W", "159": "S", "142": "W", "33": "N", "8": "W", "120": "N", "46": "E", "128": "S", "59": "N", "71": "N", "90": "S", "50": "N", "153": "S", "165": "W", "144": "S", "6": "N", "28": "S", "25": "N", "84": "N", "21": "S", "130": "N", "34": "W", "3": "N", "131": "E", "169": "W", "39": "N", "38": "N", "26": "W", "43": "N", "66": "E", "147": "S", "170": "S", "156": "S", "125": "E", "70": "E", "29": "S", "51": "S", "161": "S", "132": "N", "57": "E", "16": "E", "11": "W", "22": "S", "93": "N", "95": "W", "163": "E", "64": "W", "174": "S", "12": "N", "171": "E", "18": "N", "91": "W", "123": "W", "32": "E", "81": "W", "155": "W", "62": "N", "68": "N", "35": "N", "167": "W", "141": "N", "108": "S", "116": "S", "79": "E", "2": "E", "5": "N", "102": "W", "157": "S", "149": "N", "72": "N", "96": "W", "151": "S", "92": "W", "124": "S", "140": "S", "106": "W", "7": "N", "40": "S", "115": "E", "119": "S", "30": "E", "176": "N"}, {"92": "W", "54": "W", "57": "S", "110": "S", "140": "S", "58": "W", "176": "N", "102": "S", "96": "E", "95": "E", "141": "N", "18": "E", "51": "S", "125": "E", "62": "N", "173": "W", "21": "E", "34": "N", "43": "E", "90": "S", "38": "N", "13": "W", "16": "E", "170": "S", "70": "N", "26": "E", "109": "S", "113": "W", "153": "S", "91": "W", "32": "E", "2": "E", "6": "N", "23": "W", "36": "W", "24": "S", "61": "E", "108": "S", "163": "N", "5": "W", "156": "S", "142": "N", "73": "E", "165": "W", "161": "S", "171": "E", "64": "W", "29": "N", "130": "N", "147": "S", "3": "N", "131": "E", "17": "N", "169": "W", "46": "S", "22": "S", "123": "W", "159": "S", "120": "N", "33": "N", "167": "S", "128": "S", "39": "N", "11": "W", "81": "W", "40": "S", "144": "S", "84": "N", "124": "N", "28": "S", "7": "N", "151": "E", "121": "N", "79": "N", "12": "N", "82": "S", "135": "N", "35": "N", "157": "E", "85": "W", "119": "S", "76": "N", "30": "E", "174": "S", "71": "N", "59": "E", "25": "N", "93": "N", "115": "S", "72": "N", "68": "N", "8": "N"}, {"80": "W", "0": "W", "15": "W"}, {"80": "W", "0": "W"}, {"80": "W"}, {"21": "W", "22": "W", "130": "N", "144": "W", "121": "N", "16": "E", "46": "S", "102": "W", "62": "N", "113": "S", "110": "S", "38": "N", "124": "E", "57": "S", "135": "N", "156": "S", "50": "N", "61": "E", "40": "S", "25": "N", "159": "S", "2": "E", "28": "E", "132": "E", "95": "W", "151": "S", "11": "W", "23": "W", "3": "N", "76": "E", "155": "W", "30": "N", "68": "N", "109": "S", "96": "W", "170": "S", "8": "W", "13": "N", "153": "S", "24": "S", "33": "N", "79": "E", "85": "W", "123": "W", "58": "W", "174": "S", "82": "S", "173": "W", "59": "W", "5": "S", "120": "N", "141": "N", "81": "W", "90": "S", "34": "W", "39": "E", "147": "S", "73": "S", "7": "N", "18": "S", "169": "S", "32": "E", "163": "S", "167": "S", "84": "N", "92": "W", "43": "E", "128": "S", "51": "S", "29": "N", "72": "N", "6": "E", "176": "N", "12": "E", "70": "W", "26": "W", "35": "W", "91": "W", "17": "N", "140": "N", "71": "W", "165": "S", "115": "S", "64": "W", "125": "E", "93": "N", "171": "E"}, {"130": "N", "29": "E", "26": "S", "73": "S", "176": "N", "72": "N", "17": "E", "95": "S", "173": "N", "43": "E", "169": "W", "156": "E", "155": "W", "108": "S", "21": "E", "12": "E", "174": "E", "141": "E", "36": "W", "23": "N", "64": "S", "35": "E", "93": "E", "116": "N", "135": "E", "13": "W", "113": "W", "46": "S", "121": "N", "170": "S", "33": "N", "58": "W", "171": "S", "165": "W", "144": "S", "167": "W", "128": "S", "124": "N", "6": "E", "7": "N", "147": "S", "28": "E", "62": "E", "76": "N", "57": "S", "22": "S", "102": "W", "18": "E", "153": "E", "68": "N", "91": "W", "24": "S", "71": "N", "70": "W", "85": "S", "123": "W", "96": "S", "59": "E", "16": "E", "120": "E", "79": "N", "39": "E", "30": "E", "161": "S", "3": "N", "38": "E", "90": "N", "82": "S", "125": "N", "84": "N", "40": "S", "8": "W", "50": "W", "11": "W", "151": "E", "51": "W", "109": "S", "142": "N", "132": "E", "81": "W", "34": "W", "163": "E", "140": "N"}, {"163": "E", "26": "N", "72": "N", "51": "W", "173": "N", "23": "N", "109": "S", "93": "W", "33": "N", "120": "E", "91": "W", "171": "E", "115": "E", "165": "S", "18": "E", "169": "S", "64": "S", "140": "N", "46": "N", "16": "E", "12": "E", "57": "S", "43": "E", "142": "N", "40": "E", "113": "W", "102": "E", "141": "N", "147": "S", "144": "S", "121": "W", "151": "S", "11": "W", "13": "N", "116": "N", "85": "W", "161": "S", "110": "S", "39": "E", "76": "N", "5": "W", "135": "E", "82": "S", "30": "E", "130": "W", "38": "E", "59": "E", "28": "E", "124": "E", "17": "W", "170": "S", "8": "W", "90": "S", "155": "W", "35": "S", "153": "E", "68": "E", "6": "E", "34": "N", "81": "W", "7": "W", "123": "E", "95": "S", "50": "W", "62": "N", "108": "S", "36": "W", "73": "S", "92": "S", "132": "E", "156": "S", "70": "W", "22": "S", "167": "W", "96": "S", "71": "S", "29": "S", "21": "E", "24": "W", "3": "E"}, {"59": "S", "121": "W", "28": "E", "151": "S", "58": "W", "68": "E", "70": "W", "13": "N", "93": "N", "90": "N", "130": "E", "156": "S", "81": "W", "128": "S", "173": "N", "35": "S", "153": "S", "174": "E", "91": "W", "169": "S", "79": "E", "24": "S", "64": "S", "110": "S", "84": "N", "73": "E", "17": "E", "167": "S", "8": "W", "132": "S", "102": "W", "171": "E", "26": "W", "125": "N", "161": "S", "116": "E", "29": "E", "72": "N", "40": "S", "82": "S", "124": "E", "170": "S", "144": "S", "113": "N", "38": "E", "12": "N", "18": "E", "155": "W", "142": "N", "5": "S", "16": "E", "50": "N", "141": "N", "3": "E", "51": "S", "36": "S", "85": "W", "159": "S", "7": "E", "115": "E", "140": "N", "92": "W", "163": "E", "108": "E", "123": "W", "147": "S", "30": "S", "120": "E", "46": "E", "21": "E", "33": "N", "39": "E", "95": "S", "109": "S", "6": "N", "22": "S", "57": "S", "76": "W", "96": "S", "165": "W", "71": "N", "11": "W"}, {"24": "S", "92": "W", "28": "E", "59": "N", "36": "S", "34": "N", "91": "W", "142": "W", "79": "E", "125": "N", "140": "E", "109": "S", "12": "N", "144": "S", "17": "E", "159": "S", "155": "W", "8": "W", "165": "S", "46": "S", "141": "E", "124": "E", "18": "E", "16": "E", "72": "N", "163": "E", "64": "S", "115": "E", "153": "E", "81": "W", "6": "E", "39": "E", "30": "N", "151": "S", "93": "N", "147": "W", "68": "E", "176": "E", "167": "S", "130": "N", "5": "S", "84": "N", "33": "N", "132": "S", "51": "S", "96": "E", "116": "E", "26": "W", "71": "N", "173": "N", "161": "S", "21": "S", "85": "E", "70": "W", "110": "W", "121": "N", "50": "W", "171": "S", "123": "E", "40": "S", "57": "S", "58": "S", "82": "S", "11": "W", "108": "E", "170": "S", "22": "E", "35": "W", "3": "E", "76": "N", "38": "E", "73": "N", "90": "E", "156": "E", "128": "S", "174": "E", "169": "S"}, {"28": "E", "174": "E", "161": "E", "147": "S", "142": "W", "144": "S", "92": "W", "16": "E", "116": "N", "90": "S", "96": "W", "7": "E", "167": "S", "73": "E", "39": "E", "54": "E", "11": "N", "70": "W", "128": "S", "153": "E", "124": "E", "17": "N", "81": "W", "24": "S", "165": "E", "35": "N", "170": "E", "76": "N", "50": "W", "115": "S", "8": "W", "130": "E", "68": "E", "120": "E", "12": "N", "72": "E", "38": "E", "171": "S", "64": "S", "121": "N", "159": "E", "26": "W", "18": "N", "132": "E", "6": "E", "125": "E", "102": "W", "36": "E", "141": "E", "61": "E", "151": "S", "22": "S", "5": "S", "82": "S", "173": "N", "33": "E", "163": "E", "30": "E", "176": "N", "40": "S", "108": "S", "58": "N", "71": "S", "59": "W", "91": "W", "84": "N", "46": "N", "140": "E", "156": "E", "34": "S", "85": "S", "93": "N", "109": "S", "155": "W", "57": "S", "123": "W", "79": "N"}, {"140": "E", "6": "E", "22": "W", "142": "W", "167": "S", "93": "N", "170": "E", "108": "W", "18": "E", "156": "E", "90": "S", "16": "E", "39": "E", "132": "E", "120": "E", "54": "N", "8": "W", "24": "E", "5": "E", "12": "N", "76": "N", "147": "E", "35": "N", "11": "N", "72": "E", "70": "N", "151": "E", "59": "E", "173": "W", "81": "W", "50": "W", "141": "N", "73": "S", "96": "E", "115": "S", "28": "E", "7": "N", "110": "S", "79": "N", "68": "E", "125": "E", "34": "N", "40": "S", "17": "E", "46": "S", "161": "S", "102": "W", "38": "E", "57": "S", "30": "E", "128": "E", "130": "N", "64": "S", "71": "N", "121": "N", "109": "S", "116": "E", "33": "W", "92": "E", "171": "S", "165": "E", "144": "E", "176": "W", "26": "S", "21": "W", "163": "E", "155": "W", "174": "E", "91": "W", "82": "E", "85": "S", "124": "E", "153": "E", "58": "W"}, {"34": "N", "161": "E", "54": "W", "165": "E", "33": "S", "90": "S", "57": "E", "155": "S", "71": "S", "156": "S", "7": "N", "36": "N", "110": "N", "167": "S", "50": "N", "128": "N", "17": "E", "170": "E", "5": "E", "93": "N", "79": "N", "123": "S", "151": "E", "85": "S", "82": "S", "176": "N", "173": "S", "72": "E", "96": "E", "70": "N", "64": "S", "171": "E", "91": "W", "109": "S", "120": "E", "59": "E", "16": "E", "28": "E", "144": "E", "81": "W", "102": "W", "142": "S", "92": "W", "132": "W", "18": "E", "51": "E", "6": "E", "40": "S", "141": "N", "84": "N", "38": "E", "11": "N", "30": "W", "8": "W", "35": "E", "24": "S", "12": "N", "163": "E", "147": "S", "39": "E", "68": "E", "153": "S", "108": "W", "58": "W", "21": "S", "174": "E", "73": "S", "46": "E", "26": "S", "76": "N", "130": "E"}, {"156": "E", "30": "S", "174": "E", "151": "S", "93": "N", "171": "S", "72": "E", "22": "S", "68": "E", "57": "E", "46": "N", "39": "E", "147": "S", "59": "S", "142": "N", "121": "N", "26": "S", "123": "W", "76": "N", "81": "S", "38": "E", "71": "N", "73": "W", "85": "S", "120": "E", "34": "W", "173": "W", "167": "E", "28": "E", "125": "N", "141": "N", "176": "N", "132": "S", "35": "W", "7": "W", "12": "N", "58": "E", "92": "W", "91": "W", "50": "N", "8": "W", "40": "S", "11": "N", "109": "S", "51": "S", "18": "E", "140": "E", "79": "N", "90": "E", "102": "W", "54": "N", "82": "S", "84": "N", "64": "S", "70": "N", "161": "W", "108": "S", "163": "E", "96": "S", "17": "S", "33": "N", "153": "E"}, {"173": "W", "110": "E", "30": "E", "120": "E", "176": "N", "11": "N", "38": "E", "81": "W", "171": "S", "72": "E", "91": "W", "123": "S", "71": "E", "102": "W", "161": "W", "34": "N", "73": "S", "76": "N", "96": "S", "39": "E", "155": "N", "151": "S", "144": "E", "84": "N", "68": "E", "24": "S", "109": "S", "82": "E", "12": "N", "22": "S", "70": "W", "46": "E", "79": "N", "57": "E", "33": "W", "163": "E", "121": "N", "58": "N", "50": "N", "51": "S", "141": "E", "125": "E", "17": "N", "8": "W", "59": "N", "174": "N", "36": "W", "7": "E", "35": "N", "147": "S", "93": "E", "21": "S", "18": "E", "130": "N", "156": "S", "108": "S", "26": "E", "54": "W", "128": "E", "28": "E", "90": "E", "40": "S"}, {"50": "N", "132": "S", "35": "N", "17": "E", "142": "W", "30": "E", "38": "E", "141": "N", "73": "S", "156": "S", "76": "N", "71": "W", "128": "E", "96": "W", "24": "S", "21": "W", "171": "E", "165": "S", "163": "E", "130": "N", "36": "S", "91": "W", "120": "E", "34": "W", "33": "N", "174": "S", "72": "E", "7": "W", "26": "W", "93": "E", "155": "W", "82": "S", "12": "N", "51": "S", "59": "N", "58": "N", "28": "E", "147": "S", "84": "N", "176": "N", "121": "N", "22": "W", "46": "E", "90": "S", "40": "S", "144": "S", "57": "E", "70": "N", "11": "N", "108": "S", "102": "W", "39": "E", "161": "S", "110": "W", "81": "W", "8": "W", "18": "E", "109": "S"}, {"102": "S", "147": "S", "93": "E", "54": "N", "34": "N", "71": "N", "171": "S", "91": "W", "40": "S", "70": "N", "155": "S", "90": "E", "7": "N", "26": "S", "176": "N", "141": "N", "173": "N", "142": "N", "132": "S", "84": "N", "39": "E", "24": "S", "46": "E", "28": "E", "21": "S", "12": "E", "59": "S", "121": "W", "38": "E", "108": "S", "128": "S", "8": "W", "120": "N", "50": "N", "18": "E", "174": "S", "35": "E", "130": "E", "17": "S", "33": "W", "11": "N", "79": "E", "163": "E", "92": "N", "161": "S", "58": "W", "22": "S", "51": "S", "144": "S", "123": "S", "165": "S", "96": "S", "30": "E", "109": "S", "110": "W", "82": "S", "72": "E", "36": "N", "81": "W"}, {"70": "N", "92": "W", "141": "E", "171": "S", "128": "E", "33": "N", "71": "N", "144": "S", "109": "S", "30": "E", "59": "N", "34": "W", "35": "N", "81": "S", "165": "S", "18": "E", "121": "W", "50": "N", "17": "W", "51": "E", "90": "E", "120": "E", "73": "S", "58": "W", "130": "E", "142": "E", "156": "S", "155": "S", "84": "E", "123": "S", "110": "S", "7": "N", "26": "S", "12": "E", "132": "E", "102": "S", "24": "E", "36": "S", "38": "E", "125": "E", "163": "E", "8": "W", "11": "S", "46": "E", "39": "E", "40": "S", "176": "N", "174": "S", "151": "E", "91": "W", "161": "W", "108": "S", "82": "S", "173": "W", "79": "W"}, {"171": "W", "26": "S", "50": "N", "132": "S", "120": "S", "40": "S", "21": "S", "90": "S", "17": "N", "81": "W", "22": "S", "163": "E", "173": "N", "71": "N", "102": "W", "33": "N", "51": "S", "36": "E", "125": "E", "123": "S", "34": "W", "7": "N", "35": "N", "30": "S", "128": "E", "130": "N", "110": "S", "144": "S", "38": "E", "165": "W", "174": "S", "109": "S", "39": "E", "79": "N", "82": "S", "141": "N", "11": "W", "84": "E", "121": "W", "73": "E", "151": "S", "176": "E", "58": "W", "72": "E", "91": "W", "18": "E", "12": "E", "46": "E", "156": "S", "161": "S", "70": "N"}, {"92": "W", "161": "S", "18": "E", "144": "S", "26": "S", "84": "E", "171": "S", "174": "S", "90": "S", "22": "W", "142": "N", "121": "W", "35": "W", "81": "W", "176": "N", "38": "N", "82": "S", "120": "S", "11": "W", "151": "S", "46": "E", "70": "N", "156": "S", "12": "N", "21": "E", "165": "S", "79": "N", "141": "E", "102": "W", "17": "S", "110": "E", "73": "N", "132": "E", "58": "W", "8": "W", "130": "N", "33": "E", "72": "E", "173": "N", "39": "E", "91": "S", "30": "N", "34": "W", "163": "E", "7": "N", "36": "W", "40": "S", "71": "N", "59": "E", "109": "S"}, {"81": "S", "90": "S", "58": "W", "132": "S", "102": "S", "165": "W", "109": "S", "73": "N", "123": "S", "36": "W", "46": "E", "71": "N", "21": "S", "141": "N", "38": "E", "151": "N", "142": "W", "110": "S", "18": "E", "17": "N", "92": "N", "39": "E", "22": "E", "72": "E", "26": "S", "176": "N", "34": "W", "35": "N", "82": "S", "8": "W", "171": "S", "70": "N", "173": "N", "11": "N", "144": "S", "174": "E", "59": "N", "130": "N", "120": "W", "40": "S", "79": "N", "163": "E", "121": "W", "161": "S", "91": "S", "156": "S", "12": "E", "30": "N"}, {"72": "E", "21": "E", "91": "S", "79": "E", "90": "S", "8": "N", "35": "N", "110": "S", "71": "N", "39": "E", "142": "N", "26": "S", "58": "W", "144": "S", "84": "E", "18": "E", "11": "W", "120": "N", "109": "E", "151": "E", "17": "S", "174": "S", "156": "S", "130": "N", "70": "N", "163": "E", "46": "N", "22": "S", "123": "E", "132": "S", "81": "W", "12": "E", "40": "E", "141": "N", "59": "S", "82": "E", "161": "S", "165": "S", "36": "E", "173": "N", "176": "N", "33": "N", "73": "S", "121": "W", "38": "E", "102": "S", "34": "N", "171": "S", "30": "N"}, {"84": "E", "144": "S", "21": "E", "38": "S", "58": "W", "161": "E", "36": "S", "33": "E", "130": "E", "91": "S", "71": "N", "26": "S", "22": "S", "40": "E", "11": "N", "109": "S", "90": "S", "79": "E", "30": "E", "34": "W", "35": "N", "73": "E", "102": "S", "81": "N", "82": "S", "165": "S", "120": "N", "39": "E", "142": "W", "121": "W", "72": "E", "171": "E", "173": "N", "110": "S", "156": "S", "141": "N", "151": "E", "12": "E", "46": "S", "8": "N", "70": "N", "132": "S", "176": "N", "123": "W", "59": "E", "174": "S", "17": "E"}, {"132": "E", "141": "E", "70": "E", "11": "N", "174": "S", "59": "E", "176": "E", "142": "N", "8": "N", "12": "E", "26": "E", "30": "E", "120": "N", "36": "S", "22": "E", "39": "E", "34": "W", "156": "E", "21": "S", "110": "S", "151": "S", "130": "E", "123": "W", "161": "S", "72": "E", "144": "E", "84": "E", "46": "E", "17": "E", "165": "S", "58": "W", "109": "S", "121": "W", "81": "W", "40": "E", "171": "S", "90": "S", "79": "N", "73": "S", "35": "N", "173": "N", "71": "N", "82": "S"}, {"21": "S", "165": "E", "173": "N", "171": "S", "120": "N", "73": "E", "130": "E", "8": "W", "59": "N", "81": "W", "34": "W", "121": "W", "110": "S", "176": "N", "174": "E", "58": "N", "102": "W", "79": "N", "72": "N", "17": "E", "142": "W", "46": "S", "82": "E", "30": "E", "132": "E", "151": "E", "22": "S", "35": "N", "123": "W", "144": "E", "11": "N", "156": "E", "36": "W", "141": "E", "90": "S", "39": "E", "161": "S", "26": "S"}, {"82": "E", "73": "E", "36": "W", "17": "E", "176": "N", "102": "W", "110": "S", "11": "E", "58": "N", "142": "N", "151": "E", "90": "S", "79": "E", "72": "E", "81": "W", "39": "E", "121": "N", "35": "N", "156": "E", "22": "S", "161": "W", "26": "S", "132": "E", "171": "E", "59": "N", "174": "S", "165": "S", "123": "W", "130": "E", "46": "E", "34": "W", "12": "E", "120": "N", "21": "S", "30": "E", "8": "N", "141": "E", "144": "E"}, {"72": "E", "156": "E", "12": "E", "58": "N", "130": "E", "30": "E", "11": "N", "174": "S", "17": "E", "21": "S", "59": "N", "161": "S", "132": "E", "22": "S", "81": "W", "171": "S", "144": "E", "90": "S", "110": "S", "102": "S", "142": "N", "120": "E", "73": "E", "82": "E", "121": "W", "176": "E", "36": "W", "165": "S", "8": "N", "34": "W", "141": "E", "39": "E", "151": "N", "26": "W", "35": "E", "123": "W"}, {"141": "E", "17": "N", "161": "S", "72": "E", "34": "N", "90": "S", "151": "E", "165": "W", "8": "N", "26": "S", "73": "E", "174": "S", "121": "N", "81": "W", "22": "S", "21": "S", "144": "E", "82": "E", "156": "E", "30": "S", "11": "E", "123": "S", "171": "S", "120": "E", "132": "S", "35": "W", "110": "S", "102": "S", "58": "N", "39": "E", "46": "S", "59": "E"}, {"30": "E", "81": "S", "110": "S", "141": "E", "17": "E", "35": "N", "90": "S", "11": "E", "174": "S", "22": "E", "72": "E", "132": "E", "73": "E", "58": "N", "8": "N", "46": "E", "82": "E", "165": "W", "34": "N", "21": "E", "171": "S", "120": "E", "123": "S", "121": "W", "59": "N", "102": "S", "156": "E", "151": "E", "144": "E", "161": "S"}, {"156": "E", "123": "S", "17": "E", "35": "N", "90": "E", "141": "E", "120": "N", "121": "N", "110": "E", "72": "S", "8": "N", "46": "E", "102": "S", "34": "N", "21": "E", "165": "W", "171": "E", "82": "E", "58": "N", "30": "E", "59": "E", "11": "S", "174": "S", "132": "W"}, {"34": "N", "82": "E", "120": "E", "174": "S", "30": "E", "35": "N", "132": "W", "59": "N", "165": "S", "46": "E", "21": "E", "17": "E", "141": "E", "8": "N", "123": "S", "90": "E", "110": "E", "102": "S", "171": "N", "58": "N"}, {"174": "S", "8": "N", "90": "E", "46": "E", "171": "E", "120": "E", "123": "S", "58": "N", "141": "E", "121": "W", "132": "N", "59": "E", "17": "E", "110": "E", "102": "S", "34": "N", "35": "N", "30": "E", "82": "E", "21": "S"}, {"123": "W", "121": "W", "46": "S", "132": "E", "110": "E", "58": "N", "82": "E", "35": "E", "17": "E", "171": "E", "59": "E", "102": "S", "8": "N", "141": "E", "174": "S", "120": "E", "21": "S", "34": "N"}, {"174": "E", "102": "S", "132": "E", "59": "E", "82": "E", "8": "N", "46": "E", "121": "W", "171": "E", "110": "E", "17": "E", "35": "N", "34": "N", "120": "E", "58": "N", "21": "E"}, {"8": "W", "132": "E", "174": "E", "121": "W", "46": "E", "21": "E", "17": "E", "59": "E", "171": "E", "102": "S", "110": "S", "82": "E", "58": "N", "120": "E"}, {"46": "E", "120": "E", "132": "E", "21": "E", "8": "N", "58": "N", "174": "E", "82": "E", "121": "W", "59": "N", "17": "N", "171": "E", "110": "E"}, {"82": "E", "120": "E", "17": "E", "132": "E", "46": "S", "110": "E", "171": "E", "8": "N", "121": "W", "59": "E", "174": "E", "21": "S"}, {"17": "E", "120": "E", "8": "N", "132": "E", "82": "N", "174": "E", "171": "E", "110": "N", "21": "E", "121": "N", "59": "E", "46": "E"}, {"8": "E", "132": "E", "82": "S", "21": "E", "17": "S", "110": "E", "171": "E", "59": "E", "120": "E", "121": "N", "46": "E", "174": "E"}, {"174": "S", "82": "E", "59": "N", "171": "E", "110": "E", "120": "N", "121": "N", "8": "N", "17": "E", "21": "S", "132": "E"}, {"110": "S", "132": "E", "120": "E", "82": "E", "59": "N", "8": "N", "17": "E", "171": "E"}, {"8": "E", "132": "E", "17": "E", "59": "E", "120": "E", "171": "E", "110": "E", "82": "E"}, {"171": "E", "59": "E", "120": "S", "82": "E", "110": "E", "132": "E"}, {"110": "E", "120": "E", "132": "S", "171": "E", "59": "S"}, {"59": "E", "110": "N", "132": "E"}, {"132": "E", "110": "E", "59": "E"}, {"132": "N", "59": "N"}, {"59": "E", "132": "E"}, {"44": "E"}, {"44": "S"}, {"44": "S"}, {"44": "S"}, {"44": "S"}, {"44": "E"}, {"44": "E"}, {"44": "E"}, {"44": "E"}, {"44": "E"}, {"80": "N"}, {"80": "N"}, {"80": "N"}, {"80": "N"}, {"80": "E"}, {"80": "E"}, {"80": "E"}, {"80": "E"}, {"80": "N"}, {"80": "E"}, {"80": "E"}, {"80": "N"}, {"80": "E"}, {"80": "N"}, {"80": "E"}, {"80": "E"}, {"80": "N"}, {"80": "E"}, {"80": "E"}, {"80": "E"}, {"80": "E"}, {"80": "E"}, {"80": "N"}, {"80": "E"}, {"80": "N"}, {"80": "E"}, {"80": "E"}, {"80": "S"}, {"80": "E"}, {"80": "E"}, {"80": "N"}, {"80": "E"}, {"80": "E"}, {"80": "E"}, {"80": "E"}, {"80": "N"}, {"80": "E"}, {"80": "E"}, {"80": "S"}, {"80": "E"}, {"80": "E"}, {"80": "E"}, {"139": "N"}, {"139": "E"}, {"139": "N"}, {"139": "E"}, {"139": "E"}, {"139": "E"}, {"139": "E"}, {"139": "N"}, {"139": "E"}, {"139": "N"}, {"139": "E"}, {"139": "N"}, {"139": "E"}, {"139": "N"}, {"139": "N"}, {"139": "N"}, {"139": "E"}, {"139": "E"}, {"139": "E"}, {"139": "E"}, {"139": "E"}, {"139": "N"}, {"139": "E"}, {"139": "N"}, {"139": "E"}, {"139": "E"}, {"139": "E"}, {"139": "E"}, {"139": "E"}, {"139": "S"}, {"139": "E"}, {"139": "E"}, {"139": "N"}, {"139": "E"}, {"139": "E"}, {"139": "E"}, {"139": "E"}, {"107": "S"}, {"107": "S"}, {"107": "S"}, {"107": "S"}, {"107": "E"}, {"107": "E"}, {"107": "S"}, {"107": "S"}, {"107": "S"}, {"107": "E"}, {"107": "E"}, {"107": "E"}, {"107": "S"}, {"107": "E"}, {"107": "S"}, {"107": "E"}, {"107": "E"}, {"107": "E"}, {"107": "S"}, {"86": "W"}, {"86": "S"}, {"86": "S"}, {"86": "S"}, {"86": "S"}, {"86": "E"}, {"86": "E"}, {"86": "E"}, {"86": "E"}, {"86": "E"}, {"86": "E"}, {"86": "E"}, {"86": "E"}, {"99": "S"}, {"99": "E"}, {"99": "E"}, {"99": "N"}, {"99": "E"}, {"99": "E"}, {"99": "E"}, {"99": "S"}, {"99": "E"}, {"99": "E"}, {"99": "N"}, {"99": "E"}, {"99": "E"}, {"99": "S"}, {"99": "E"}, {"99": "E"}, {"99": "N"}, {"99": "E"}, {"99": "E"}, {"99": "E"}, {"99": "E"}, {"99": "E"}, {"99": "E"}, {"99": "E"}, {"99": "E"}, {"99": "E"}, {"99": "E"}, {"99": "E"}, {"99": "E"}, {"99": "N"}, {"99": "E"}, {"99": "E"}, {"99": "E"}, {"99": "E"}, {"99": "S"}, {"99": "E"}, {"99": "E"}, {"148": "N"}, {"148": "N"}, {"148": "N"}, {"148": "N"}, {"148": "N"}, {"148": "N"}, {"148": "N"}, {"148": "E"}, {"148": "N"}, {"148": "N"}, {"148": "E"}, {"148": "N"}, {"148": "N"}, {"148": "N"}, {"148": "N"}, {"148": "N"}, {"148": "N"}, {"148": "N"}, {"148": "N"}, {"148": "N"}, {"148": "N"}, {"148": "N"}, {"148": "N"}, {"148": "N"}, {"148": "N"}, {"148": "N"}, {"148": "N"}, {"148": "E"}, {"148": "E"}, {"148": "E"}, {"148": "N"}, {"148": "N"}, {"148": "N"}, {"56": "W"}, {"56": "W"}, {"56": "S"}, {"56": "W"}, {"56": "W"}, {"56": "W"}, {"56": "S"}, {"56": "S"}, {"56": "S"}, {"56": "W"}, {"56": "S"}, {"56": "W"}, {"56": "S"}, {"56": "W"}, {"56": "W"}, {"179": "E"}, {"179": "E"}, {"179": "N"}, {"179": "N"}, {"179": "N"}, {"179": "N"}, {"179": "N"}, {"179": "N"}, {"179": "N"}, {"179": "E"}, {"179": "N"}, {"179": "N"}, {"179": "N"}, {"179": "N"}, {"179": "E"}, {"179": "N"}, {"179": "N"}, {"179": "N"}, {"179": "N"}, {"179": "W"}, {"179": "N"}, {"179": "N"}, {"179": "E"}, {"0": "N"}, {"0": "N"}, {"0": "N"}, {"0": "N"}, {"0": "N"}, {"0": "E"}, {"0": "E"}, {"0": "E"}, {"0": "E"}, {"0": "N"}, {"0": "E"}, {"0": "N"}, {"0": "E"}, {"0": "E"}, {"0": "N"}, {"0": "E"}, {"0": "E"}, {"0": "E"}, {"0": "E"}, {"0": "E"}, {"0": "N"}, {"0": "E"}, {"0": "N"}, {"0": "E"}, {"0": "E"}, {"0": "S"}, {"0": "E"}, {"0": "E"}, {"0": "N"}, {"0": "E"}, {"0": "E"}, {"0": "E"}, {"0": "E"}, {"89": "S"}, {"89": "S"}, {"89": "W"}, {"89": "S"}, {"89": "S"}, {"89": "S"}, {"89": "S"}, {"89": "S"}, {"89": "S"}, {"89": "S"}, {"89": "E"}, {"154": "N"}, {"154": "N"}, {"154": "N"}, {"154": "N"}, {"154": "N"}, {"154": "N"}, {"154": "N"}, {"154": "N"}, {"154": "N"}, {"154": "E"}, {"154": "E"}, {"154": "E"}, {"154": "E"}, {"154": "N"}, {"154": "E"}, {"154": "N"}, {"154": "E"}, {"154": "N"}, {"154": "E"}, {"154": "N"}, {"154": "N"}, {"154": "N"}, {"154": "E"}, {"154": "E"}, {"154": "E"}, {"154": "E"}, {"154": "N"}, {"154": "E"}, {"154": "E"}, {"154": "N"}, {"154": "N"}, {"154": "E"}, {"154": "N"}, {"154": "E"}, {"154": "E"}, {"154": "E"}, {"133": "E"}, {"133": "N"}, {"133": "N"}, {"133": "N"}, {"133": "N"}, {"133": "N"}, {"133": "N"}, {"133": "E"}, {"133": "E"}, {"133": "N"}, {"133": "N"}, {"133": "W"}, {"133": "N"}, {"133": "W"}, {"133": "N"}, {"133": "N"}, {"133": "E"}, {"133": "N"}, {"133": "N"}, {"133": "W"}, {"133": "N"}, {"133": "N"}, {"133": "N"}, {"133": "N"}, {"133": "N"}, {"133": "N"}, {"133": "N"}, {"133": "N"}, {"133": "N"}, {"133": "N"}, {"133": "N"}, {"133": "W"}, {"133": "W"}, {"133": "N"}, {"133": "N"}, {"133": "N"}, {"133": "E"}, {"133": "E"}, {"166": "W"}, {"166": "W"}, {"166": "W"}, {"166": "W"}, {"166": "W"}, {"166": "W"}, {"166": "W"}, {"166": "N"}, {"166": "N"}, {"166": "N"}, {"166": "N"}, {"166": "N"}, {"166": "W"}, {"166": "N"}, {"166": "N"}, {"166": "E"}, {"55": "N"}, {"55": "E"}, {"55": "N"}, {"55": "N"}, {"55": "N"}, {"55": "N"}, {"55": "N"}, {"55": "N"}, {"55": "N"}, {"55": "E"}, {"55": "N"}, {"55": "N"}, {"55": "N"}, {"55": "N"}, {"55": "N"}, {"55": "N"}, {"55": "N"}, {"55": "N"}, {"55": "N"}, {"55": "N"}, {"55": "N"}, {"55": "N"}, {"55": "N"}, {"55": "E"}, {"55": "E"}, {"55": "E"}, {"55": "E"}, {"55": "E"}, {"55": "E"}, {"55": "E"}, {"55": "E"}, {"55": "E"}, {"55": "E"}, {"4": "N"}, {"4": "E"}, {"4": "E"}, {"4": "E"}, {"4": "E"}, {"4": "E"}, {"4": "E"}, {"4": "E"}, {"4": "E"}, {"4": "E"}, {"4": "E"}, {"4": "E"}, {"4": "E"}, {"4": "E"}, {"4": "E"}, {"4": "E"}, {"4": "S"}, {"4": "E"}, {"4": "E"}, {"4": "E"}, {"4": "E"}, {"4": "E"}, {"4": "N"}, {"4": "E"}, {"4": "E"}, {"4": "E"}, {"4": "E"}, {"4": "E"}, {"4": "E"}, {"4": "E"}, {"4": "E"}, {"83": "W"}, {"83": "W"}, {"83": "W"}, {"83": "W"}, {"83": "W"}, {"83": "W"}, {"83": "W"}, {"83": "W"}, {"83": "W"}, {"83": "W"}, {"83": "W"}, {"83": "W"}, {"83": "N"}, {"83": "N"}, {"83": "W"}, {"83": "N"}, {"98": "N"}, {"98": "N"}, {"98": "W"}, {"98": "N"}, {"98": "N"}, {"98": "N"}, {"98": "N"}, {"98": "N"}, {"98": "N"}, {"98": "N"}, {"98": "E"}, {"98": "N"}, {"98": "N"}, {"98": "N"}, {"98": "N"}, {"98": "E"}, {"98": "N"}, {"98": "N"}, {"98": "W"}, {"98": "N"}, {"98": "N"}, {"112": "S"}, {"112": "W"}, {"112": "W"}, {"112": "N"}, {"112": "N"}, {"112": "W"}, {"112": "W"}, {"112": "W"}, {"112": "W"}, {"112": "W"}, {"112": "W"}, {"112": "W"}, {"112": "W"}, {"112": "N"}, {"112": "W"}, {"112": "W"}, {"112": "W"}, {"112": "W"}, {"112": "W"}, {"112": "W"}, {"112": "W"}, {"112": "N"}, {"112": "N"}, {"112": "N"}, {"112": "N"}, {"112": "N"}, {"112": "N"}, {"112": "N"}, {"112": "N"}, {"112": "N"}, {"112": "N"}, {"112": "N"}, {"112": "N"}, {"112": "N"}, {"75": "E"}, {"75": "N"}, {"75": "N"}, {"75": "E"}, {"75": "E"}, {"75": "N"}, {"75": "E"}, {"75": "E"}, {"75": "E"}, {"75": "E"}, {"75": "N"}, {"75": "E"}, {"75": "N"}, {"75": "E"}, {"75": "N"}, {"75": "E"}, {"75": "N"}, {"75": "E"}, {"75": "E"}, {"75": "E"}, {"75": "E"}, {"75": "E"}, {"75": "S"}, {"75": "E"}, {"75": "E"}, {"75": "N"}, {"75": "E"}, {"75": "E"}, {"75": "E"}, {"75": "E"}, {"100": "E"}, {"100": "S"}, {"100": "S"}, {"100": "E"}, {"100": "E"}, {"100": "E"}, {"100": "E"}, {"100": "E"}, {"100": "E"}, {"100": "E"}, {"100": "E"}, {"100": "E"}, {"100": "E"}, {"100": "E"}, {"100": "E"}, {"100": "E"}, {"100": "E"}, {"100": "E"}, {"100": "E"}, {"100": "E"}, {"100": "E"}, {"100": "E"}, {"100": "E"}, {"100": "E"}, {"100": "E"}, {"100": "E"}, {"100": "E"}, {"100": "E"}, {"100": "E"}, {"100": "E"}, {"100": "E"}, {"100": "E"}, {"160": "N"}, {"160": "W"}, {"160": "W"}, {"160": "W"}, {"160": "W"}, {"160": "W"}, {"160": "W"}, {"160": "W"}, {"160": "W"}, {"160": "W"}, {"160": "W"}, {"160": "W"}, {"160": "N"}, {"160": "N"}, {"160": "N"}, {"160": "N"}, {"160": "W"}, {"160": "N"}, {"160": "N"}, {"160": "W"}, {"160": "N"}, {"160": "W"}, {"160": "W"}, {"160": "W"}, {"160": "W"}, {"160": "W"}, {"160": "W"}, {"160": "N"}, {"160": "W"}, {"160": "W"}, {"160": "W"}, {"160": "W"}, {"160": "W"}, {"160": "W"}, {"160": "N"}, {"60": "E"}, {"60": "N"}, {"60": "N"}, {"60": "N"}, {"60": "N"}, {"60": "N"}, {"60": "E"}, {"60": "E"}, {"60": "N"}, {"60": "N"}, {"60": "N"}, {"60": "N"}, {"60": "N"}, {"60": "E"}, {"60": "E"}, {"60": "E"}, {"60": "N"}, {"60": "E"}, {"60": "E"}, {"60": "E"}, {"60": "E"}, {"60": "E"}, {"104": "W"}, {"104": "N"}, {"104": "N"}, {"104": "N"}, {"104": "W"}, {"104": "W"}, {"104": "W"}, {"104": "W"}, {"104": "W"}, {"104": "W"}, {"104": "W"}, {"104": "W"}, {"104": "W"}, {"104": "W"}, {"104": "W"}, {"41": "N"}, {"41": "E"}, {"41": "E"}, {"41": "E"}, {"41": "E"}, {"41": "E"}, {"41": "E"}, {"41": "E"}, {"41": "E"}, {"41": "N"}, {"41": "E"}, {"41": "N"}, {"41": "E"}, {"41": "E"}, {"41": "E"}, {"41": "E"}, {"41": "N"}, {"41": "E"}, {"41": "E"}, {"41": "E"}, {"41": "E"}, {"41": "E"}, {"41": "E"}, {"41": "E"}, {"41": "S"}, {"41": "E"}, {"41": "E"}, {"41": "S"}, {"41": "E"}, {"41": "E"}, {"41": "N"}, {"41": "E"}, {"41": "E"}, {"41": "E"}, {"41": "E"}, {"1": "S"}, {"1": "E"}, {"1": "E"}, {"1": "E"}, {"1": "E"}, {"1": "E"}, {"1": "E"}, {"1": "E"}, {"1": "E"}, {"1": "E"}, {"1": "E"}, {"1": "N"}, {"1": "E"}, {"1": "N"}, {"1": "E"}, {"1": "E"}, {"1": "S"}, {"1": "S"}, {"1": "E"}, {"1": "E"}, {"1": "S"}, {"1": "E"}, {"1": "E"}, {"1": "E"}, {"1": "E"}, {"1": "N"}, {"1": "E"}, {"1": "E"}, {"1": "E"}, {"1": "E"}, {"1": "E"}, {"1": "E"}, {"1": "E"}, {"1": "E"}, {"1": "E"}, {"1": "E"}, {"1": "E"}, {"97": "W"}, {"97": "W"}, {"97": "N"}, {"97": "W"}, {"97": "W"}, {"97": "W"}, {"97": "W"}, {"97": "N"}, {"97": "N"}, {"97": "N"}, {"97": "N"}, {"97": "N"}, {"97": "W"}, {"97": "N"}, {"97": "N"}, {"97": "N"}, {"97": "N"}, {"97": "N"}, {"97": "W"}, {"97": "N"}, {"97": "N"}, {"97": "N"}, {"97": "W"}, {"97": "N"}, {"97": "N"}, {"97": "N"}, {"97": "N"}, {"97": "N"}, {"146": "S"}, {"146": "S"}, {"146": "S"}, {"146": "S"}, {"146": "S"}, {"146": "S"}, {"146": "S"}, {"146": "S"}, {"146": "S"}, {"146": "W"}, {"146": "S"}, {"146": "S"}, {"146": "S"}, {"146": "S"}, {"146": "S"}, {"146": "S"}, {"146": "S"}, {"146": "S"}, {"146": "E"}, {"146": "E"}, {"146": "E"}, {"146": "E"}, {"146": "E"}, {"146": "E"}, {"53": "S"}, {"53": "S"}, {"53": "S"}, {"53": "E"}, {"53": "E"}, {"53": "S"}, {"53": "E"}, {"53": "E"}, {"53": "E"}, {"53": "E"}, {"53": "E"}, {"53": "E"}, {"53": "S"}, {"53": "S"}, {"53": "S"}, {"53": "S"}, {"53": "S"}, {"53": "S"}, {"53": "S"}, {"53": "S"}, {"53": "S"}, {"53": "S"}, {"53": "E"}, {"53": "S"}, {"53": "S"}, {"53": "S"}, {"53": "S"}, {"53": "S"}, {"53": "S"}, {"53": "S"}, {"53": "S"}, {"53": "S"}, {"53": "S"}, {"53": "S"}, {"53": "E"}, {"53": "E"}, {"53": "E"}, {"53": "E"}, {"53": "E"}, {"53": "E"}, {"27": "E"}, {"27": "E"}, {"27": "S"}, {"27": "S"}, {"27": "S"}, {"27": "S"}, {"27": "S"}, {"27": "W"}, {"27": "S"}, {"27": "W"}, {"27": "S"}, {"27": "W"}, {"27": "S"}, {"27": "S"}, {"27": "S"}, {"27": "E"}, {"27": "S"}, {"27": "S"}, {"27": "S"}, {"27": "S"}, {"27": "W"}, {"27": "W"}, {"27": "S"}, {"27": "S"}, {"27": "W"}, {"175": "N"}, {"175": "N"}, {"175": "N"}, {"175": "N"}, {"175": "E"}, {"175": "N"}, {"175": "N"}, {"175": "N"}, {"175": "N"}, {"175": "N"}, {"175": "E"}, {"175": "E"}, {"175": "E"}, {"175": "N"}, {"175": "N"}, {"175": "W"}, {"175": "N"}, {"175": "N"}, {"175": "N"}, {"175": "N"}, {"175": "N"}, {"175": "W"}, {"175": "N"}, {"175": "N"}, {"175": "N"}, {"175": "N"}, {"175": "E"}, {"105": "N"}, {"105": "N"}, {"105": "N"}, {"105": "N"}, {"105": "N"}, {"105": "N"}, {"105": "N"}, {"105": "N"}, {"105": "N"}, {"105": "N"}, {"105": "N"}, {"105": "N"}, {"105": "N"}, {"105": "N"}, {"105": "N"}, {"105": "N"}, {"105": "N"}, {"105": "N"}, {"105": "E"}, {"105": "E"}, {"105": "E"}, {"105": "E"}, {"105": "E"}, {"105": "E"}, {"105": "E"}, {"105": "E"}, {"136": "E"}, {"136": "S"}, {"136": "S"}, {"136": "S"}, {"136": "S"}, {"136": "E"}, {"136": "S"}, {"136": "E"}, {"136": "E"}, {"136": "E"}, {"136": "E"}, {"136": "E"}, {"136": "E"}, {"136": "S"}, {"136": "S"}, {"136": "S"}, {"136": "S"}, {"136": "S"}, {"136": "S"}, {"136": "S"}, {"136": "S"}, {"136": "S"}, {"136": "S"}, {"136": "E"}, {"136": "S"}, {"136": "S"}, {"136": "S"}, {"136": "S"}, {"136": "S"}, {"136": "S"}, {"136": "S"}, {"136": "S"}, {"136": "S"}, {"136": "S"}, {"136": "S"}, {"136": "S"}, {"136": "E"}, {"136": "E"}, {"136": "E"}, {"136": "E"}, {"136": "S"}, {"136": "E"}, {"136": "E"}, {"136": "N"}, {"94": "E"}, {"94": "E"}, {"94": "E"}, {"94": "E"}, {"94": "E"}, {"94": "E"}, {"94": "E"}, {"94": "E"}, {"94": "E"}, {"94": "E"}, {"94": "E"}, {"94": "E"}, {"94": "E"}, {"94": "E"}, {"94": "E"}, {"94": "E"}, {"94": "E"}, {"94": "E"}, {"94": "E"}, {"94": "E"}, {"94": "E"}, {"94": "E"}, {"94": "E"}, {"117": "W"}, {"117": "N"}, {"117": "W"}, {"117": "W"}, {"117": "W"}, {"117": "W"}, {"117": "W"}, {"117": "N"}, {"117": "N"}, {"117": "N"}, {"117": "N"}, {"117": "N"}, {"117": "N"}, {"117": "N"}, {"117": "N"}, {"117": "N"}, {"117": "W"}, {"117": "W"}, {"117": "N"}, {"117": "N"}, {"117": "N"}, {"117": "N"}, {"117": "N"}, {"117": "N"}, {"117": "N"}, {"117": "N"}, {"117": "N"}, {"117": "N"}, {"117": "N"}, {"117": "N"}, {"117": "W"}, {"117": "N"}, {"117": "N"}, {"117": "E"}, {"19": "S"}, {"19": "S"}, {"19": "S"}, {"19": "S"}, {"19": "S"}, {"19": "S"}, {"19": "S"}, {"19": "S"}, {"19": "S"}, {"19": "S"}, {"19": "S"}, {"19": "S"}, {"19": "S"}, {"19": "S"}, {"19": "E"}, {"19": "S"}, {"19": "S"}, {"19": "S"}, {"19": "S"}, {"19": "E"}, {"19": "E"}, {"19": "E"}, {"19": "S"}, {"19": "S"}, {"19": "S"}, {"19": "S"}, {"19": "S"}, {"19": "S"}, {"168": "W"}, {"168": "W"}, {"168": "N"}, {"168": "W"}, {"168": "W"}, {"168": "W"}, {"168": "N"}, {"168": "W"}, {"168": "W"}, {"168": "W"}, {"168": "W"}, {"168": "W"}, {"168": "W"}, {"168": "W"}, {"168": "W"}, {"168": "W"}, {"168": "W"}, {"168": "W"}, {"168": "N"}, {"78": "W"}, {"78": "W"}, {"78": "N"}, {"78": "W"}, {"78": "W"}, {"78": "W"}, {"78": "W"}, {"78": "W"}, {"78": "W"}, {"78": "W"}, {"78": "W"}, {"78": "W"}, {"78": "W"}, {"78": "S"}, {"78": "S"}, {"78": "W"}, {"78": "W"}, {"78": "W"}, {"78": "W"}, {"78": "N"}, {"78": "W"}, {"78": "W"}, {"78": "W"}, {"78": "W"}, {"78": "W"}, {"78": "W"}, {"78": "W"}, {"78": "N"}, {"78": "W"}, {"78": "W"}, {"78": "W"}, {"78": "N"}, {"78": "N"}, {"78": "N"}, {"78": "N"}, {"178": "N"}, {"178": "W"}, {"178": "W"}, {"178": "W"}, {"178": "W"}, {"178": "W"}, {"178": "W"}, {"178": "W"}, {"178": "N"}, {"178": "N"}, {"178": "N"}, {"178": "N"}, {"178": "N"}, {"178": "N"}, {"178": "N"}, {"178": "N"}, {"178": "N"}, {"178": "N"}, {"178": "N"}, {"178": "N"}, {"178": "N"}, {"178": "N"}, {"178": "N"}, {"178": "N"}, {"178": "N"}, {"178": "N"}, {"178": "N"}, {"178": "W"}, {"178": "N"}, {"178": "N"}, {"178": "N"}, {"178": "N"}, {"178": "E"}, {"74": "W"}, {"74": "W"}, {"74": "W"}, {"74": "W"}, {"74": "W"}, {"74": "W"}, {"74": "W"}, {"74": "W"}, {"74": "W"}, {"74": "W"}, {"74": "W"}, {"74": "W"}, {"74": "W"}, {"74": "W"}, {"74": "N"}, {"74": "N"}, {"74": "N"}, {"74": "N"}, {"74": "N"}, {"74": "N"}, {"74": "N"}, {"74": "N"}, {"74": "N"}, {"74": "N"}, {"74": "N"}, {"74": "N"}, {"74": "N"}, {"74": "N"}, {"74": "N"}, {"74": "N"}, {"74": "N"}, {"74": "N"}, {"74": "N"}, {"74": "N"}, {"74": "N"}, {"74": "N"}, {"74": "W"}, {"74": "N"}, {"74": "N"}, {"74": "N"}, {"74": "N"}, {"74": "N"}, {"74": "N"}, {"74": "N"}, {"74": "N"}, {"74": "N"}, {"74": "E"}, {"143": "E"}, {"143": "S"}, {"143": "S"}, {"143": "S"}, {"143": "S"}, {"143": "S"}, {"143": "S"}, {"143": "S"}, {"143": "S"}, {"143": "S"}, {"143": "S"}, {"143": "E"}, {"143": "E"}, {"143": "E"}, {"143": "E"}, {"143": "E"}, {"143": "E"}, {"143": "E"}, {"143": "E"}, {"143": "E"}, {"143": "E"}, {"143": "E"}, {"143": "E"}, {"143": "E"}, {"143": "E"}, {"143": "E"}, {"143": "E"}, {"143": "E"}, {"143": "E"}, {"143": "E"}, {"137": "S"}, {"137": "S"}, {"137": "S"}, {"137": "E"}, {"137": "E"}, {"137": "E"}, {"137": "E"}, {"137": "E"}, {"137": "E"}, {"164": "W"}, {"164": "W"}, {"164": "W"}, {"164": "S"}, {"164": "W"}, {"164": "S"}, {"164": "S"}, {"164": "S"}, {"164": "W"}, {"164": "S"}, {"164": "S"}, {"164": "S"}, {"164": "S"}, {"164": "W"}, {"164": "S"}, {"164": "W"}, {"164": "W"}, {"164": "S"}, {"164": "S"}, {"164": "W"}, {"164": "S"}, {"164": "S"}, {"164": "S"}, {"164": "S"}, {"164": "S"}, {"164": "S"}, {"31": "E"}, {"31": "E"}, {"31": "E"}, {"31": "E"}, {"31": "E"}, {"31": "E"}, {"31": "E"}, {"31": "E"}, {"31": "E"}, {"31": "E"}, {"31": "S"}, {"31": "E"}, {"31": "E"}, {"31": "N"}, {"31": "E"}, {"31": "E"}, {"31": "E"}, {"31": "N"}, {"31": "E"}, {"31": "E"}, {"31": "E"}, {"31": "N"}, {"31": "E"}, {"31": "E"}, {"31": "E"}, {"31": "E"}, {"31": "E"}, {"48": "W"}, {"48": "W"}, {"48": "W"}, {"48": "W"}, {"48": "W"}, {"48": "W"}, {"48": "W"}, {"48": "W"}, {"48": "W"}, {"48": "W"}, {"48": "W"}, {"48": "S"}, {"48": "S"}, {"48": "W"}, {"48": "W"}, {"48": "W"}, {"48": "S"}, {"48": "S"}, {"48": "S"}, {"48": "S"}, {"48": "S"}, {"48": "S"}, {"101": "S"}, {"101": "W"}, {"101": "W"}, {"101": "W"}, {"101": "W"}, {"101": "W"}, {"101": "W"}, {"101": "W"}, {"101": "N"}, {"101": "W"}, {"101": "W"}, {"101": "W"}, {"101": "W"}, {"101": "W"}, {"101": "W"}, {"101": "W"}, {"101": "W"}, {"101": "W"}, {"101": "W"}, {"101": "W"}, {"101": "W"}, {"101": "W"}, {"101": "W"}, {"101": "W"}, {"101": "W"}, {"101": "W"}, {"101": "W"}, {"101": "W"}, {"101": "N"}, {"101": "N"}, {"101": "N"}, {"87": "S"}, {"87": "W"}, {"87": "W"}, {"87": "W"}, {"87": "W"}, {"87": "W"}, {"87": "W"}, {"87": "S"}, {"87": "W"}, {"87": "W"}, {"87": "W"}, {"87": "W"}, {"87": "S"}, {"87": "W"}, {"87": "S"}, {"87": "W"}, {"87": "W"}, {"87": "W"}, {"87": "S"}, {"87": "S"}, {"87": "W"}, {"87": "S"}, {"87": "S"}, {"67": "E"}, {"67": "N"}, {"67": "N"}, {"67": "N"}, {"67": "E"}, {"67": "N"}, {"67": "N"}, {"67": "N"}, {"67": "N"}, {"67": "N"}, {"67": "E"}, {"65": "N"}, {"65": "W"}, {"65": "W"}, {"65": "W"}, {"65": "W"}, {"65": "W"}, {"65": "W"}, {"65": "W"}, {"65": "W"}, {"65": "W"}, {"65": "W"}, {"65": "N"}, {"65": "N"}, {"65": "N"}, {"65": "N"}, {"65": "N"}, {"65": "N"}, {"65": "N"}, {"65": "N"}, {"65": "N"}, {"65": "N"}, {"65": "N"}, {"69": "N"}, {"69": "W"}, {"69": "W"}, {"69": "N"}, {"69": "W"}, {"69": "W"}, {"69": "W"}, {"69": "W"}, {"69": "W"}, {"69": "W"}, {"69": "W"}, {"69": "W"}, {"69": "W"}, {"69": "W"}, {"69": "S"}, {"69": "W"}, {"69": "W"}, {"69": "W"}, {"69": "W"}, {"69": "S"}, {"69": "S"}, {"69": "W"}, {"69": "W"}, {"69": "W"}, {"69": "W"}, {"69": "W"}, {"69": "W"}, {"69": "W"}, {"69": "W"}, {"69": "W"}, {"69": "N"}, {"69": "W"}, {"69": "N"}, {"69": "W"}, {"69": "W"}, {"69": "N"}, {"9": "N"}, {"9": "W"}, {"9": "W"}, {"9": "W"}, {"9": "W"}, {"9": "W"}, {"9": "W"}, {"9": "W"}, {"9": "W"}, {"9": "W"}, {"9": "W"}, {"9": "W"}, {"9": "W"}, {"9": "W"}, {"9": "W"}, {"9": "W"}, {"9": "W"}, {"9": "W"}, {"9": "W"}, {"9": "W"}, {"9": "N"}, {"9": "N"}, {"9": "N"}, {"9": "N"}, {"9": "N"}, {"9": "N"}, {"9": "N"}, {"9": "N"}, {"9": "N"}, {"9": "N"}, {"9": "N"}, {"9": "N"}, {"9": "N"}, {"9": "N"}, {"9": "N"}, {"9": "W"}, {"9": "N"}, {"9": "W"}, {"9": "W"}, {"9": "W"}, {"9": "N"}, {"9": "N"}, {"9": "W"}, {"9": "N"}, {"9": "W"}, {"9": "N"}, {"126": "S"}, {"126": "S"}, {"126": "S"}, {"126": "S"}, {"126": "S"}, {"126": "S"}, {"126": "S"}, {"126": "E"}, {"126": "E"}, {"126": "E"}, {"126": "E"}, {"126": "E"}, {"126": "E"}, {"126": "E"}, {"126": "E"}, {"126": "E"}, {"126": "E"}, {"126": "E"}, {"118": "S"}, {"118": "W"}, {"118": "W"}, {"118": "W"}, {"118": "W"}, {"118": "W"}, {"118": "W"}, {"118": "W"}, {"118": "W"}, {"118": "W"}, {"118": "S"}, {"118": "S"}, {"118": "S"}, {"118": "W"}, {"118": "S"}, {"118": "W"}, {"118": "S"}, {"118": "S"}, {"118": "W"}, {"118": "S"}, {"118": "W"}, {"118": "S"}, {"118": "S"}, {"118": "S"}, {"118": "W"}, {"118": "W"}, {"118": "S"}, {"118": "S"}, {"118": "S"}, {"118": "S"}, {"118": "S"}, {"118": "S"}, {"118": "S"}, {"118": "S"}, {"118": "S"}, {"77": "S"}, {"77": "E"}, {"77": "S"}, {"77": "S"}, {"77": "S"}, {"77": "S"}, {"77": "S"}, {"77": "S"}, {"77": "S"}, {"77": "S"}, {"77": "S"}, {"77": "E"}, {"77": "E"}, {"77": "E"}, {"77": "E"}, {"77": "E"}, {"77": "E"}, {"77": "E"}, {"77": "E"}, {"77": "E"}, {"77": "E"}, {"77": "S"}, {"77": "E"}, {"77": "S"}, {"77": "S"}, {"77": "S"}, {"77": "E"}, {"77": "E"}, {"77": "E"}, {"150": "W"}, {"150": "S"}, {"150": "S"}, {"150": "W"}, {"150": "S"}, {"150": "S"}, {"150": "S"}, {"150": "W"}, {"150": "S"}, {"150": "S"}, {"150": "E"}, {"150": "S"}, {"150": "S"}, {"150": "S"}, {"150": "S"}, {"150": "W"}, {"150": "S"}, {"150": "S"}, {"150": "S"}, {"150": "W"}, {"150": "S"}, {"150": "S"}, {"150": "S"}, {"150": "E"}, {"150": "S"}, {"150": "S"}, {"150": "E"}, {"150": "S"}, {"150": "S"}, {"150": "S"}, {"150": "S"}, {"150": "S"}, {"150": "W"}, {"150": "S"}, {"150": "S"}, {"150": "E"}, {"15": "S"}, {"15": "E"}, {"15": "S"}, {"15": "S"}, {"15": "S"}, {"15": "S"}, {"15": "S"}, {"15": "S"}, {"15": "S"}, {"15": "E"}, {"15": "S"}, {"15": "S"}, {"15": "S"}, {"15": "S"}, {"15": "S"}, {"15": "S"}, {"15": "E"}, {"15": "E"}, {"15": "E"}, {"15": "E"}, {"15": "E"}, {"15": "E"}, {"15": "E"}, {"15": "E"}, {"15": "E"}, {"15": "E"}, {"15": "E"}, {"15": "E"}, {"15": "E"}, {"15": "E"}, {"15": "E"}, {"162": "N"}, {"162": "N"}, {"162": "N"}, {"162": "N"}, {"162": "N"}, {"162": "E"}, {"162": "E"}, {"162": "N"}, {"162": "N"}, {"162": "E"}, {"20": "S"}, {"20": "W"}, {"20": "W"}, {"20": "W"}, {"20": "S"}, {"20": "W"}, {"20": "S"}, {"20": "W"}, {"20": "W"}, {"20": "W"}, {"20": "W"}, {"20": "S"}, {"20": "S"}, {"20": "S"}, {"20": "S"}, {"20": "W"}, {"20": "W"}, {"20": "W"}, {"20": "W"}, {"20": "W"}, {"20": "S"}, {"20": "W"}, {"20": "W"}, {"20": "W"}, {"20": "S"}, {"20": "S"}, {"14": "S"}, {"14": "E"}, {"14": "E"}, {"14": "S"}, {"14": "S"}, {"14": "S"}, {"14": "S"}, {"14": "S"}, {"14": "S"}, {"14": "S"}, {"14": "S"}, {"14": "S"}, {"14": "S"}, {"14": "S"}, {"14": "E"}, {"14": "E"}, {"14": "E"}, {"14": "E"}, {"14": "E"}, {"14": "E"}, {"14": "E"}, {"47": "W"}, {"47": "S"}, {"47": "S"}, {"47": "W"}, {"47": "W"}, {"47": "W"}, {"47": "W"}, {"47": "S"}, {"47": "W"}, {"47": "W"}, {"47": "W"}, {"47": "W"}, {"47": "S"}, {"47": "W"}, {"47": "S"}, {"47": "W"}, {"47": "W"}, {"47": "W"}, {"47": "S"}, {"47": "S"}, {"47": "W"}, {"47": "W"}, {"47": "W"}, {"47": "N"}, {"47": "N"}, {"47": "W"}, {"47": "W"}, {"47": "W"}, {"47": "W"}, {"47": "W"}, {"47": "W"}, {"47": "W"}, {"47": "S"}, {"47": "S"}, {"42": "N"}, {"42": "W"}, {"42": "W"}, {"42": "W"}, {"42": "N"}, {"42": "W"}, {"42": "W"}, {"42": "W"}, {"42": "W"}, {"42": "W"}, {"42": "W"}, {"42": "W"}, {"42": "W"}, {"42": "S"}, {"42": "W"}, {"42": "W"}, {"42": "N"}, {"42": "N"}, {"42": "W"}, {"42": "W"}, {"42": "S"}, {"42": "W"}, {"42": "W"}, {"42": "W"}, {"42": "W"}, {"42": "W"}, {"42": "W"}, {"42": "S"}, {"42": "W"}, {"42": "W"}, {"42": "W"}, {"42": "W"}, {"42": "W"}, {"42": "W"}, {"42": "N"}, {"37": "W"}, {"37": "W"}, {"37": "W"}, {"37": "W"}, {"37": "W"}, {"37": "W"}, {"37": "W"}, {"37": "W"}, {"37": "W"}, {"37": "W"}, {"37": "W"}, {"37": "W"}, {"37": "W"}, {"37": "W"}, {"37": "N"}, {"37": "N"}, {"37": "N"}, {"37": "N"}, {"37": "N"}, {"37": "N"}, {"37": "N"}, {"37": "N"}, {"37": "N"}, {"37": "N"}, {"37": "N"}, {"37": "N"}, {"37": "N"}, {"37": "N"}, {"37": "N"}, {"37": "N"}, {"37": "N"}, {"45": "S"}, {"45": "E"}, {"45": "S"}, {"45": "S"}, {"45": "S"}, {"45": "S"}, {"45": "S"}, {"45": "S"}, {"45": "S"}, {"45": "S"}, {"45": "S"}, {"45": "S"}, {"45": "S"}, {"45": "S"}, {"45": "E"}, {"45": "E"}, {"45": "E"}, {"45": "E"}, {"88": "S"}, {"88": "S"}, {"88": "S"}, {"88": "S"}, {"88": "S"}, {"88": "S"}, {"88": "W"}, {"88": "S"}, {"88": "W"}, {"88": "S"}, {"88": "W"}, {"88": "S"}, {"88": "S"}, {"88": "S"}, {"88": "S"}, {"88": "W"}, {"88": "S"}, {"88": "W"}, {"88": "W"}, {"88": "S"}, {"88": "S"}, {"88": "S"}, {"88": "S"}, {"88": "S"}, {"88": "W"}, {"88": "S"}, {"88": "S"}, {"88": "S"}, {"88": "S"}, {"88": "S"}, {"88": "E"}, {"52": "S"}, {"52": "S"}, {"52": "S"}, {"52": "S"}, {"52": "W"}, {"52": "S"}, {"52": "W"}, {"52": "S"}, {"52": "S"}, {"52": "W"}, {"52": "S"}, {"52": "W"}, {"52": "S"}, {"52": "S"}, {"52": "S"}, {"52": "W"}, {"52": "W"}, {"52": "S"}, {"52": "S"}, {"52": "S"}, {"52": "S"}, {"52": "S"}, {"52": "W"}, {"52": "S"}, {"52": "S"}, {"52": "S"}, {"52": "S"}, {"52": "S"}, {"52": "S"}, {"52": "W"}, {"52": "W"}, {"52": "W"}, {"52": "S"}, {"52": "S"}, {"52": "S"}, {"52": "S"}, {"52": "S"}, {"52": "S"}, {"52": "S"}, {"103": "W"}, {"103": "W"}, {"103": "W"}, {"103": "W"}, {"103": "W"}, {"103": "W"}, {"103": "W"}, {"103": "W"}, {"103": "W"}, {"103": "W"}, {"103": "S"}, {"103": "W"}, {"103": "W"}, {"103": "W"}, {"103": "S"}, {"103": "S"}, {"103": "W"}, {"103": "W"}, {"103": "W"}, {"103": "W"}, {"103": "W"}, {"103": "W"}, {"103": "S"}, {"103": "S"}, {"103": "S"}, {"103": "W"}, {"103": "W"}, {"103": "S"}, {"103": "W"}, {"103": "W"}, {"103": "W"}, {"103": "W"}, {"103": "W"}, {"103": "W"}, {"103": "W"}, {"114": "S"}, {"114": "S"}, {"114": "S"}, {"114": "S"}, {"114": "S"}, {"114": "S"}, {"114": "S"}, {"114": "S"}, {"114": "E"}, {"114": "E"}, {"114": "E"}, {"114": "E"}, {"114": "E"}, {"114": "E"}, {"114": "E"}, {"158": "W"}, {"158": "W"}, {"158": "N"}, {"158": "W"}, {"158": "W"}, {"158": "W"}, {"158": "W"}, {"158": "W"}, {"158": "W"}, {"158": "W"}, {"158": "W"}, {"158": "W"}, {"158": "W"}, {"158": "W"}, {"158": "N"}, {"111": "W"}, {"111": "S"}, {"111": "S"}, {"111": "S"}, {"111": "W"}, {"111": "W"}, {"111": "W"}, {"111": "W"}, {"111": "W"}, {"111": "W"}, {"111": "S"}, {"111": "W"}, {"111": "W"}, {"111": "W"}, {"111": "W"}, {"111": "W"}, {"111": "S"}, {"111": "W"}, {"111": "W"}, {"111": "W"}, {"111": "W"}, {"111": "S"}, {"111": "W"}, {"111": "W"}, {"111": "N"}, {"111": "W"}, {"111": "W"}, {"111": "W"}, {"111": "W"}, {"111": "W"}, {"111": "W"}, {"111": "W"}, {"111": "W"}, {"111": "N"}, {"111": "W"}, {"111": "N"}, {"111": "W"}, {"111": "W"}, {"111": "S"}, {"63": "S"}, {"63": "S"}, {"63": "S"}, {"63": "S"}, {"63": "S"}, {"63": "S"}, {"63": "E"}, {"63": "S"}, {"63": "S"}, {"63": "W"}, {"63": "S"}, {"63": "S"}, {"63": "S"}, {"63": "W"}, {"63": "W"}, {"63": "S"}, {"63": "S"}, {"63": "S"}, {"63": "S"}, {"63": "S"}, {"63": "W"}, {"63": "S"}, {"63": "S"}, {"63": "S"}, {"63": "S"}, {"63": "S"}, {"63": "S"}, {"63": "S"}, {"63": "S"}, {"63": "W"}, {"63": "S"}, {"63": "W"}, {"63": "S"}, {"63": "S"}, {"63": "S"}, {"63": "S"}, {"63": "S"}, {"63": "W"}, {"63": "W"}, {"63": "S"}, {"172": "W"}, {"172": "S"}, {"172": "W"}, {"172": "W"}, {"172": "W"}, {"172": "W"}, {"172": "W"}, {"172": "W"}, {"172": "W"}, {"172": "W"}, {"172": "W"}, {"172": "W"}, {"172": "W"}, {"172": "W"}, {"172": "W"}, {"172": "S"}, {"172": "S"}, {"172": "S"}, {"172": "S"}, {"172": "S"}, {"172": "W"}, {"172": "S"}, {"172": "W"}, {"172": "S"}, {"172": "W"}, {"172": "S"}, {"172": "S"}, {"172": "S"}, {"172": "S"}, {"172": "W"}, {"172": "S"}, {"172": "W"}, {"172": "W"}, {"172": "S"}, {"172": "S"}, {"172": "W"}, {"172": "S"}, {"172": "S"}, {"172": "S"}, {"172": "S"}, {"172": "S"}, {"172": "S"}, {"172": "S"}, {"172": "S"}, {"172": "S"}, {"172": "S"}, {"172": "S"}, {"172": "S"}, {"172": "S"}, {"172": "S"}, {"49": "S"}, {"49": "S"}, {"49": "S"}, {"49": "S"}, {"49": "S"}, {"49": "S"}, {"49": "S"}, {"49": "S"}, {"49": "S"}, {"49": "E"}, {"49": "E"}, {"49": "E"}, {"49": "E"}, {"49": "E"}], "result": "SUCCESS", "makespan": 2146, "sum": 5378, "algo_name": "OutAndInByPercentage_per_60_SW_"}