{"instance": "medium_free_000_30x30_20_180", "steps": [{"4": "W", "6": "W", "28": "W", "31": "W", "37": "S", "46": "W", "49": "W", "56": "N", "61": "W", "64": "E", "66": "N", "79": "S", "81": "E", "89": "N", "106": "E", "120": "W", "136": "N", "138": "S", "140": "W", "151": "N", "156": "N", "160": "E", "164": "E", "170": "N", "179": "S", "9": "S", "14": "W", "30": "W", "33": "S", "39": "W", "59": "W", "72": "W", "73": "N", "84": "W", "90": "N", "91": "E", "97": "S", "109": "E", "128": "N", "137": "W", "147": "N", "158": "S", "165": "E", "8": "E", "10": "S", "11": "S", "20": "E", "22": "N", "58": "S", "82": "W", "102": "E", "123": "E", "130": "S", "134": "E", "154": "W", "155": "E", "173": "E", "174": "N", "175": "S", "176": "S", "178": "S", "27": "N", "35": "S", "40": "W", "45": "W", "48": "E", "68": "W", "92": "E", "99": "W", "110": "W", "118": "N", "121": "S", "126": "W", "132": "W", "152": "S", "161": "N", "7": "S", "12": "W", "17": "W", "23": "S", "41": "W", "77": "W", "88": "N", "98": "S", "105": "S", "107": "N", "111": "E", "112": "E", "135": "S", "168": "E", "169": "N", "171": "W", "1": "W", "21": "N", "25": "E", "34": "E", "43": "W", "51": "N", "57": "E", "69": "E", "71": "E", "75": "W", "78": "E", "80": "W", "86": "N", "129": "W", "142": "S", "149": "S", "3": "W", "13": "E", "18": "W", "65": "S", "100": "W", "101": "E", "113": "E", "114": "W", "127": "W", "141": "W", "150": "N", "166": "E", "172": "N", "38": "W", "53": "N", "55": "W", "76": "S", "85": "E", "108": "N", "133": "S", "143": "W", "144": "N", "2": "S", "16": "W", "24": "W", "26": "N", "42": "E", "47": "E", "60": "S", "62": "W", "63": "N", "94": "W", "95": "N", "103": "E", "157": "W", "162": "W", "163": "W", "0": "W", "19": "N", "115": "N", "125": "W", "145": "S", "148": "S", "159": "N", "32": "E", "44": "N", "74": "S", "83": "E", "87": "E", "116": "S", "124": "W", "146": "N", "5": "N", "93": "W", "96": "W", "119": "E", "177": "E", "15": "W", "36": "E", "50": "W", "54": "S", "67": "W", "70": "S", "104": "E", "117": "S", "131": "E", "153": "E", "167": "N", "29": "W", "52": "N", "122": "E", "139": "W"}, {"4": "W", "6": "W", "28": "W", "31": "W", "37": "S", "46": "W", "49": "W", "56": "N", "61": "W", "64": "E", "66": "N", "79": "S", "81": "E", "89": "N", "106": "E", "120": "W", "136": "N", "138": "S", "140": "W", "151": "N", "156": "N", "160": "E", "164": "E", "170": "N", "179": "S", "9": "S", "14": "W", "30": "W", "33": "S", "39": "W", "59": "W", "72": "W", "73": "N", "84": "W", "90": "N", "91": "E", "97": "S", "109": "E", "128": "N", "137": "W", "147": "N", "158": "S", "165": "E", "8": "E", "10": "S", "11": "S", "20": "E", "22": "N", "58": "S", "82": "W", "102": "E", "123": "E", "130": "S", "134": "E", "154": "W", "155": "E", "173": "E", "174": "N", "175": "S", "176": "S", "178": "S", "27": "N", "35": "S", "40": "W", "45": "W", "48": "E", "68": "W", "92": "E", "99": "W", "110": "W", "118": "N", "121": "S", "126": "W", "132": "W", "152": "S", "161": "N", "7": "S", "12": "W", "17": "W", "23": "S", "41": "W", "77": "W", "88": "N", "98": "S", "105": "S", "107": "N", "111": "E", "112": "E", "135": "S", "168": "E", "169": "N", "171": "W", "1": "W", "21": "N", "25": "E", "34": "E", "43": "W", "51": "N", "57": "E", "69": "E", "71": "E", "75": "W", "78": "E", "80": "W", "86": "N", "129": "W", "142": "S", "149": "S", "3": "W", "13": "E", "18": "W", "65": "S", "100": "W", "101": "E", "113": "E", "114": "W", "127": "W", "141": "W", "150": "N", "166": "E", "172": "N", "38": "W", "53": "N", "55": "W", "76": "S", "85": "E", "108": "N", "133": "S", "143": "W", "144": "N", "2": "S", "16": "W", "24": "W", "26": "N", "42": "E", "47": "E", "60": "S", "62": "W", "63": "N", "94": "W", "95": "N", "103": "E", "157": "W", "162": "W", "163": "W", "0": "W", "19": "N", "115": "N", "125": "W", "145": "S", "148": "S", "159": "N", "32": "E", "44": "N", "74": "S", "83": "E", "87": "E", "116": "S", "124": "W", "146": "N", "5": "N", "93": "W", "96": "W", "119": "E", "177": "E", "15": "N", "36": "E", "50": "W", "54": "S", "67": "W", "70": "S", "104": "E", "117": "S", "131": "E", "153": "E", "167": "N", "52": "N", "122": "E", "139": "W"}, {"66": "E", "151": "N", "156": "W", "170": "W", "37": "E", "79": "W", "31": "S", "61": "S", "140": "W", "81": "N", "106": "N", "164": "E", "9": "S", "14": "W", "30": "W", "39": "W", "59": "W", "72": "W", "73": "N", "84": "W", "90": "N", "91": "E", "97": "S", "109": "E", "128": "N", "137": "W", "147": "N", "158": "S", "165": "E", "8": "E", "10": "S", "11": "S", "20": "E", "22": "N", "58": "S", "82": "W", "102": "E", "123": "E", "130": "S", "134": "E", "154": "W", "155": "E", "173": "E", "174": "N", "175": "S", "176": "S", "178": "S", "27": "N", "35": "S", "40": "W", "45": "W", "48": "E", "68": "W", "92": "E", "99": "W", "110": "W", "118": "N", "121": "S", "126": "W", "132": "W", "152": "S", "161": "N", "7": "S", "12": "W", "17": "W", "23": "S", "41": "W", "77": "W", "88": "N", "98": "S", "105": "S", "107": "N", "111": "E", "112": "E", "135": "S", "168": "E", "169": "N", "171": "W", "1": "W", "21": "N", "25": "E", "34": "E", "43": "W", "51": "N", "57": "E", "69": "E", "71": "E", "75": "W", "78": "E", "80": "W", "86": "N", "129": "W", "142": "S", "149": "S", "3": "W", "13": "E", "18": "W", "65": "S", "100": "W", "101": "E", "113": "E", "114": "W", "127": "W", "141": "W", "150": "N", "166": "E", "172": "N", "38": "W", "53": "N", "55": "W", "76": "S", "85": "E", "108": "N", "133": "S", "143": "W", "144": "N", "2": "S", "16": "W", "24": "W", "26": "N", "42": "E", "47": "E", "60": "S", "62": "W", "63": "N", "94": "W", "95": "N", "103": "E", "157": "W", "162": "W", "163": "W", "0": "W", "19": "N", "115": "N", "125": "W", "145": "S", "148": "S", "159": "N", "32": "E", "44": "N", "74": "S", "83": "E", "87": "E", "116": "S", "124": "W", "146": "N", "5": "N", "93": "W", "96": "W", "119": "E", "177": "E", "15": "W", "36": "E", "50": "W", "54": "S", "67": "W", "70": "S", "104": "E", "117": "S", "131": "E", "153": "E", "167": "N", "29": "W", "52": "N", "122": "E", "139": "W"}, {"136": "N", "151": "E", "90": "E", "128": "N", "79": "S", "138": "S", "179": "S", "97": "S", "158": "W", "14": "N", "59": "W", "84": "W", "106": "E", "164": "N", "33": "S", "8": "E", "10": "S", "11": "S", "20": "E", "22": "N", "58": "S", "82": "W", "102": "E", "123": "E", "130": "S", "134": "E", "154": "W", "155": "E", "173": "E", "174": "N", "175": "S", "176": "S", "178": "S", "27": "N", "35": "S", "40": "W", "45": "W", "48": "E", "68": "W", "92": "E", "99": "W", "110": "W", "118": "N", "121": "S", "126": "W", "132": "W", "152": "S", "161": "N", "7": "S", "12": "W", "17": "W", "23": "S", "41": "W", "77": "W", "88": "N", "98": "S", "105": "S", "107": "N", "111": "E", "112": "E", "135": "S", "168": "E", "169": "N", "171": "W", "1": "W", "21": "N", "25": "E", "34": "E", "43": "W", "51": "N", "57": "E", "69": "E", "71": "E", "75": "W", "78": "E", "80": "W", "86": "N", "129": "W", "142": "S", "149": "S", "3": "W", "13": "E", "18": "W", "65": "S", "100": "W", "101": "E", "113": "E", "114": "W", "127": "W", "141": "W", "150": "N", "166": "E", "172": "N", "38": "W", "53": "N", "55": "W", "76": "S", "85": "E", "108": "N", "133": "S", "143": "W", "144": "N", "2": "S", "16": "W", "24": "W", "26": "N", "42": "E", "47": "E", "60": "S", "62": "W", "63": "N", "94": "W", "95": "N", "103": "E", "157": "W", "162": "W", "163": "W", "0": "W", "19": "N", "115": "N", "125": "W", "145": "S", "148": "S", "159": "N", "32": "E", "44": "N", "74": "S", "83": "E", "87": "E", "116": "S", "124": "W", "146": "N", "5": "N", "93": "W", "96": "W", "119": "E", "177": "E", "15": "W", "36": "E", "50": "W", "54": "S", "67": "W", "70": "S", "104": "E", "117": "S", "131": "E", "153": "E", "167": "N", "29": "N", "52": "N", "122": "E", "139": "W"}, {"170": "N", "128": "W", "174": "W", "97": "E", "158": "S", "130": "S", "39": "W", "59": "N", "84": "S", "82": "W", "154": "N", "106": "E", "109": "E", "20": "N", "123": "E", "134": "S", "27": "N", "35": "S", "40": "W", "45": "W", "48": "E", "68": "W", "92": "E", "99": "W", "110": "W", "118": "N", "121": "S", "126": "W", "132": "W", "152": "S", "161": "N", "7": "S", "12": "W", "17": "W", "23": "S", "41": "W", "77": "W", "88": "N", "98": "S", "105": "S", "107": "N", "111": "E", "112": "E", "135": "S", "168": "E", "169": "N", "171": "W", "1": "W", "21": "N", "25": "E", "34": "E", "43": "W", "51": "N", "57": "E", "69": "E", "71": "E", "75": "W", "78": "E", "80": "W", "86": "N", "129": "W", "142": "S", "149": "S", "3": "W", "13": "E", "18": "W", "65": "S", "100": "W", "101": "E", "113": "E", "114": "W", "127": "W", "141": "W", "150": "N", "166": "E", "172": "N", "38": "W", "53": "N", "55": "W", "76": "S", "85": "E", "108": "N", "133": "S", "143": "W", "144": "N", "2": "S", "16": "W", "24": "W", "26": "N", "42": "E", "47": "E", "60": "S", "62": "W", "63": "N", "94": "W", "95": "N", "103": "E", "157": "W", "162": "W", "163": "W", "0": "W", "19": "N", "115": "N", "125": "W", "145": "S", "148": "S", "159": "N", "32": "E", "44": "N", "74": "S", "83": "E", "87": "E", "116": "S", "124": "W", "146": "N", "5": "N", "93": "W", "96": "W", "119": "E", "177": "E", "15": "W", "36": "E", "50": "W", "54": "S", "67": "W", "70": "S", "104": "E", "117": "S", "131": "E", "153": "E", "167": "N", "29": "W", "52": "N", "122": "E", "139": "W"}, {"27": "W", "37": "S", "58": "S", "130": "S", "152": "S", "72": "W", "40": "W", "45": "W", "64": "E", "109": "S", "134": "E", "7": "S", "12": "W", "17": "W", "23": "S", "41": "W", "77": "W", "88": "N", "98": "S", "105": "S", "107": "N", "111": "E", "112": "E", "135": "S", "168": "E", "169": "N", "171": "W", "1": "W", "21": "N", "25": "E", "34": "E", "43": "W", "51": "N", "57": "E", "69": "E", "71": "E", "75": "W", "78": "E", "80": "W", "86": "N", "129": "W", "142": "S", "149": "S", "3": "W", "13": "E", "18": "W", "65": "S", "100": "W", "101": "E", "113": "E", "114": "W", "127": "W", "141": "W", "150": "N", "166": "E", "172": "N", "38": "W", "53": "N", "55": "W", "76": "S", "85": "E", "108": "N", "133": "S", "143": "W", "144": "N", "2": "S", "16": "W", "24": "W", "26": "N", "42": "E", "47": "E", "60": "S", "62": "W", "63": "N", "94": "W", "95": "N", "103": "E", "157": "W", "162": "W", "163": "W", "0": "W", "19": "N", "115": "N", "125": "W", "145": "S", "148": "S", "159": "N", "32": "E", "44": "N", "74": "S", "83": "E", "87": "E", "116": "S", "124": "W", "146": "N", "5": "N", "93": "W", "96": "W", "119": "E", "177": "E", "15": "W", "36": "E", "50": "W", "54": "S", "67": "W", "70": "S", "104": "E", "117": "S", "131": "E", "153": "E", "167": "N", "29": "W", "52": "N", "122": "E", "139": "W"}, {"128": "N", "147": "N", "27": "N", "107": "N", "130": "W", "121": "S", "152": "S", "23": "S", "135": "S", "4": "W", "28": "W", "72": "W", "40": "S", "45": "N", "12": "W", "17": "W", "41": "W", "77": "W", "164": "E", "91": "E", "134": "E", "155": "E", "111": "E", "112": "E", "1": "W", "21": "N", "25": "E", "34": "E", "43": "W", "51": "N", "57": "E", "69": "E", "71": "E", "75": "W", "78": "E", "80": "W", "86": "N", "129": "W", "142": "S", "149": "S", "3": "W", "13": "E", "18": "W", "65": "S", "100": "W", "101": "E", "113": "E", "114": "W", "127": "W", "141": "W", "150": "N", "166": "E", "172": "N", "38": "W", "53": "N", "55": "W", "76": "S", "85": "E", "108": "N", "133": "S", "143": "W", "144": "N", "2": "S", "16": "W", "24": "W", "26": "N", "42": "E", "47": "E", "60": "S", "62": "W", "63": "N", "94": "W", "95": "N", "103": "E", "157": "W", "162": "W", "163": "W", "0": "W", "19": "N", "115": "N", "125": "W", "145": "S", "148": "S", "159": "N", "32": "E", "44": "N", "74": "S", "83": "E", "87": "E", "116": "S", "124": "W", "146": "N", "5": "N", "93": "W", "96": "W", "119": "E", "177": "E", "15": "W", "36": "E", "50": "W", "54": "S", "67": "W", "70": "S", "104": "E", "117": "S", "131": "E", "153": "E", "167": "N", "29": "W", "52": "N", "122": "E", "139": "W"}, {"151": "N", "90": "N", "107": "W", "86": "N", "11": "S", "152": "W", "23": "S", "149": "S", "4": "W", "28": "W", "49": "W", "72": "W", "12": "N", "17": "W", "41": "W", "77": "W", "171": "W", "1": "W", "43": "W", "75": "W", "80": "W", "129": "W", "111": "E", "34": "E", "69": "E", "78": "N", "3": "W", "13": "E", "18": "W", "65": "S", "100": "W", "101": "E", "113": "E", "114": "W", "127": "W", "141": "W", "150": "N", "166": "E", "172": "N", "38": "W", "53": "N", "55": "W", "76": "S", "85": "E", "108": "N", "133": "S", "143": "W", "144": "N", "2": "S", "16": "W", "24": "W", "26": "N", "42": "E", "47": "E", "60": "S", "62": "W", "63": "N", "94": "W", "95": "N", "103": "E", "157": "W", "162": "W", "163": "W", "0": "W", "19": "N", "115": "N", "125": "W", "145": "S", "148": "S", "159": "N", "32": "E", "44": "N", "74": "S", "83": "E", "87": "E", "116": "S", "124": "W", "146": "N", "5": "N", "93": "W", "96": "W", "119": "E", "177": "E", "15": "W", "36": "E", "50": "W", "54": "S", "67": "W", "70": "S", "104": "E", "117": "S", "131": "E", "153": "E", "167": "N", "29": "W", "52": "N", "122": "E", "139": "W"}, {"89": "N", "73": "N", "86": "N", "172": "N", "158": "S", "35": "S", "23": "E", "135": "S", "61": "W", "126": "W", "17": "N", "77": "N", "171": "W", "43": "N", "129": "N", "18": "W", "127": "N", "111": "N", "69": "N", "13": "E", "38": "W", "53": "N", "55": "W", "76": "S", "85": "E", "108": "N", "133": "S", "144": "N", "2": "S", "24": "W", "26": "N", "42": "E", "47": "E", "60": "S", "62": "W", "63": "N", "94": "W", "95": "N", "103": "E", "157": "W", "162": "W", "163": "W", "0": "W", "19": "N", "115": "N", "125": "W", "145": "S", "148": "S", "159": "N", "32": "E", "44": "N", "74": "S", "83": "E", "87": "E", "116": "S", "124": "W", "146": "N", "5": "N", "93": "W", "96": "W", "119": "E", "177": "E", "15": "W", "36": "E", "50": "W", "54": "S", "67": "W", "70": "S", "104": "E", "117": "S", "131": "E", "153": "E", "167": "N", "29": "W", "52": "N", "122": "E", "139": "W"}, {"107": "N", "169": "N", "86": "N", "172": "E", "144": "N", "135": "E", "149": "S", "133": "S", "4": "W", "28": "W", "49": "W", "17": "W", "77": "W", "171": "N", "75": "W", "80": "W", "129": "W", "3": "W", "18": "W", "100": "W", "114": "W", "127": "W", "34": "E", "69": "E", "13": "S", "101": "E", "113": "E", "166": "E", "85": "E", "143": "W", "2": "S", "16": "W", "24": "W", "26": "N", "42": "E", "60": "S", "62": "W", "63": "N", "94": "W", "103": "E", "157": "W", "163": "W", "0": "W", "19": "N", "125": "W", "145": "S", "148": "S", "159": "N", "32": "E", "44": "N", "74": "S", "83": "E", "87": "E", "116": "S", "124": "W", "146": "N", "5": "N", "93": "W", "96": "W", "119": "E", "177": "E", "15": "W", "36": "E", "50": "W", "54": "S", "67": "W", "70": "S", "104": "E", "117": "S", "131": "E", "153": "E", "167": "N", "29": "W", "52": "N", "122": "E", "139": "W"}, {"156": "N", "107": "N", "86": "W", "144": "N", "63": "N", "149": "S", "133": "S", "2": "S", "60": "S", "28": "W", "59": "W", "154": "W", "17": "W", "77": "W", "75": "W", "129": "W", "3": "W", "18": "S", "127": "W", "143": "W", "24": "W", "94": "W", "163": "W", "92": "E", "34": "E", "69": "E", "101": "E", "113": "E", "85": "E", "103": "E", "16": "W", "47": "E", "95": "N", "162": "W", "0": "W", "19": "N", "115": "N", "125": "W", "145": "S", "148": "S", "159": "N", "32": "E", "44": "N", "74": "S", "83": "E", "87": "E", "116": "S", "124": "W", "146": "N", "5": "N", "93": "W", "96": "W", "119": "E", "177": "E", "15": "W", "36": "E", "50": "W", "54": "S", "67": "W", "70": "S", "104": "E", "117": "S", "131": "E", "153": "E", "167": "N", "29": "W", "52": "N", "122": "E", "139": "W"}, {"151": "N", "156": "N", "90": "N", "107": "N", "150": "N", "144": "E", "95": "N", "19": "E", "159": "N", "130": "S", "149": "W", "133": "E", "2": "S", "145": "W", "148": "S", "24": "W", "94": "W", "0": "W", "106": "E", "123": "E", "48": "E", "34": "N", "101": "E", "85": "S", "103": "N", "115": "N", "32": "E", "44": "N", "83": "E", "87": "E", "116": "S", "124": "W", "146": "N", "5": "N", "93": "W", "96": "W", "119": "E", "177": "E", "15": "W", "36": "E", "50": "W", "54": "S", "67": "W", "70": "S", "104": "E", "117": "S", "131": "E", "153": "E", "167": "N", "29": "W", "52": "N", "122": "E", "139": "W"}, {"169": "N", "26": "N", "63": "N", "159": "N", "146": "N", "138": "S", "130": "S", "176": "S", "2": "W", "60": "S", "148": "E", "49": "W", "43": "W", "100": "W", "24": "N", "62": "W", "94": "W", "124": "W", "160": "E", "13": "E", "101": "S", "113": "E", "83": "E", "87": "E", "74": "S", "5": "N", "93": "W", "177": "E", "15": "W", "36": "E", "50": "W", "54": "S", "67": "W", "70": "S", "104": "E", "117": "S", "131": "E", "153": "E", "167": "N", "29": "W", "52": "N", "122": "E", "139": "W"}, {"63": "N", "159": "W", "60": "S", "148": "S", "116": "S", "28": "W", "68": "W", "43": "W", "75": "W", "3": "W", "24": "W", "94": "S", "163": "W", "0": "W", "125": "W", "124": "W", "106": "E", "102": "E", "123": "E", "48": "E", "92": "E", "69": "E", "13": "E", "113": "S", "47": "E", "32": "E", "83": "E", "87": "E", "96": "W", "119": "E", "36": "E", "50": "W", "54": "S", "67": "W", "104": "E", "117": "S", "131": "E", "153": "E", "167": "N", "29": "W", "52": "N", "122": "E", "139": "W"}, {"151": "N", "90": "N", "150": "N", "63": "E", "44": "N", "146": "N", "167": "N", "178": "S", "60": "W", "148": "S", "116": "S", "54": "S", "117": "S", "68": "W", "126": "W", "43": "W", "38": "W", "24": "W", "0": "W", "124": "W", "96": "W", "67": "W", "102": "E", "13": "E", "83": "E", "87": "S", "119": "E", "36": "E", "104": "E", "15": "W", "70": "S", "29": "W", "52": "N", "122": "E", "139": "W"}, {"146": "N", "167": "N", "116": "E", "117": "S", "126": "W", "38": "W", "24": "W", "0": "W", "124": "N", "67": "W", "15": "W", "83": "S", "36": "E", "104": "E", "29": "W"}, {"146": "W", "167": "N", "54": "S", "117": "S", "0": "N", "67": "W", "36": "E", "104": "E"}, {"167": "W", "54": "S", "117": "E", "67": "W", "36": "E", "104": "N"}, {"54": "W", "67": "W", "36": "E"}, {"67": "N", "36": "N"}, {"39": "N"}, {"39": "E"}, {"39": "E"}, {"39": "E"}, {"39": "E"}, {"39": "E"}, {"39": "E"}, {"39": "E"}, {"39": "E"}, {"39": "E"}, {"39": "E"}, {"39": "E"}, {"39": "E"}, {"39": "E"}, {"39": "E"}, {"39": "E"}, {"39": "E"}, {"39": "E"}, {"39": "E"}, {"39": "E"}, {"39": "E"}, {"39": "E"}, {"39": "E"}, {"39": "E"}, {"39": "E"}, {"39": "E"}, {"39": "E"}, {"39": "E"}, {"39": "E"}, {"39": "E"}, {"39": "E"}, {"39": "E"}, {"39": "N"}, {"39": "N"}, {"39": "N"}, {"39": "N"}, {"39": "N"}, {"39": "N"}, {"141": "E"}, {"141": "E"}, {"141": "E"}, {"141": "E"}, {"141": "E"}, {"141": "E"}, {"141": "E"}, {"141": "E"}, {"141": "E"}, {"141": "E"}, {"141": "E"}, {"141": "E"}, {"141": "E"}, {"141": "E"}, {"141": "E"}, {"141": "E"}, {"141": "E"}, {"141": "E"}, {"141": "E"}, {"141": "E"}, {"141": "E"}, {"141": "E"}, {"141": "E"}, {"141": "E"}, {"141": "E"}, {"141": "N"}, {"141": "N"}, {"141": "N"}, {"141": "N"}, {"141": "N"}, {"141": "N"}, {"141": "N"}, {"141": "N"}, {"141": "N"}, {"141": "N"}, {"141": "N"}, {"141": "N"}, {"141": "N"}, {"141": "N"}, {"141": "N"}, {"141": "N"}, {"141": "N"}, {"141": "N"}, {"141": "N"}, {"141": "N"}, {"141": "N"}, {"141": "N"}, {"141": "N"}, {"38": "N"}, {"38": "E"}, {"38": "N"}, {"38": "E"}, {"38": "E"}, {"38": "E"}, {"38": "E"}, {"38": "E"}, {"38": "E"}, {"38": "E"}, {"38": "E"}, {"38": "E"}, {"38": "E"}, {"38": "E"}, {"38": "E"}, {"38": "E"}, {"38": "E"}, {"38": "E"}, {"38": "E"}, {"38": "E"}, {"38": "E"}, {"38": "E"}, {"38": "E"}, {"38": "E"}, {"38": "E"}, {"38": "E"}, {"38": "E"}, {"38": "E"}, {"38": "E"}, {"38": "E"}, {"38": "E"}, {"38": "E"}, {"38": "E"}, {"38": "N"}, {"38": "N"}, {"38": "N"}, {"66": "W"}, {"66": "S"}, {"66": "W"}, {"66": "W"}, {"66": "S"}, {"66": "S"}, {"66": "S"}, {"66": "S"}, {"66": "S"}, {"66": "S"}, {"66": "S"}, {"66": "S"}, {"44": "W"}, {"44": "S"}, {"44": "S"}, {"44": "E"}, {"44": "E"}, {"44": "E"}, {"44": "E"}, {"44": "E"}, {"44": "E"}, {"44": "E"}, {"44": "S"}, {"44": "S"}, {"16": "E"}, {"16": "E"}, {"16": "E"}, {"16": "E"}, {"16": "E"}, {"16": "E"}, {"16": "E"}, {"16": "E"}, {"16": "E"}, {"16": "E"}, {"16": "E"}, {"16": "E"}, {"16": "E"}, {"16": "E"}, {"16": "E"}, {"16": "E"}, {"16": "E"}, {"16": "E"}, {"16": "E"}, {"16": "E"}, {"16": "E"}, {"16": "E"}, {"16": "E"}, {"16": "E"}, {"16": "N"}, {"16": "N"}, {"16": "N"}, {"16": "N"}, {"16": "N"}, {"16": "N"}, {"130": "E"}, {"130": "E"}, {"130": "E"}, {"130": "E"}, {"130": "E"}, {"130": "E"}, {"130": "E"}, {"130": "E"}, {"130": "E"}, {"130": "E"}, {"130": "E"}, {"130": "E"}, {"130": "E"}, {"130": "N"}, {"130": "N"}, {"130": "N"}, {"130": "N"}, {"130": "N"}, {"130": "N"}, {"130": "N"}, {"130": "N"}, {"130": "N"}, {"130": "N"}, {"130": "N"}, {"130": "N"}, {"130": "N"}, {"130": "N"}, {"130": "N"}, {"130": "N"}, {"130": "N"}, {"130": "N"}, {"130": "N"}, {"130": "N"}, {"130": "N"}, {"130": "N"}, {"130": "N"}, {"130": "N"}, {"130": "N"}, {"80": "N"}, {"80": "E"}, {"80": "E"}, {"80": "E"}, {"80": "E"}, {"80": "E"}, {"80": "E"}, {"80": "E"}, {"80": "E"}, {"80": "E"}, {"80": "E"}, {"80": "E"}, {"80": "E"}, {"80": "E"}, {"80": "E"}, {"80": "E"}, {"80": "E"}, {"80": "E"}, {"80": "E"}, {"80": "E"}, {"80": "E"}, {"80": "E"}, {"80": "E"}, {"80": "E"}, {"80": "E"}, {"80": "E"}, {"80": "N"}, {"80": "N"}, {"80": "N"}, {"80": "N"}, {"80": "N"}, {"80": "N"}, {"80": "N"}, {"80": "N"}, {"80": "N"}, {"80": "N"}, {"32": "S"}, {"32": "W"}, {"32": "W"}, {"32": "W"}, {"32": "W"}, {"32": "W"}, {"32": "W"}, {"32": "N"}, {"32": "N"}, {"32": "N"}, {"32": "N"}, {"32": "N"}, {"139": "E"}, {"139": "E"}, {"139": "E"}, {"139": "E"}, {"139": "E"}, {"139": "E"}, {"139": "E"}, {"139": "E"}, {"139": "E"}, {"139": "E"}, {"139": "E"}, {"139": "E"}, {"139": "E"}, {"139": "E"}, {"139": "E"}, {"139": "E"}, {"139": "E"}, {"139": "E"}, {"139": "E"}, {"139": "E"}, {"139": "E"}, {"139": "E"}, {"139": "E"}, {"139": "E"}, {"139": "N"}, {"139": "N"}, {"139": "N"}, {"139": "N"}, {"139": "N"}, {"139": "N"}, {"139": "N"}, {"139": "N"}, {"139": "N"}, {"139": "N"}, {"107": "E"}, {"107": "E"}, {"107": "E"}, {"107": "E"}, {"107": "E"}, {"107": "E"}, {"107": "E"}, {"107": "E"}, {"107": "E"}, {"107": "E"}, {"107": "S"}, {"107": "S"}, {"107": "S"}, {"107": "S"}, {"107": "S"}, {"107": "S"}, {"107": "S"}, {"107": "S"}, {"107": "S"}, {"107": "S"}, {"107": "S"}, {"107": "S"}, {"107": "S"}, {"107": "S"}, {"99": "E"}, {"99": "E"}, {"99": "E"}, {"99": "E"}, {"99": "E"}, {"99": "E"}, {"99": "E"}, {"99": "E"}, {"99": "E"}, {"99": "E"}, {"99": "E"}, {"99": "E"}, {"99": "E"}, {"99": "E"}, {"99": "E"}, {"99": "E"}, {"99": "E"}, {"99": "E"}, {"99": "E"}, {"99": "E"}, {"99": "E"}, {"99": "E"}, {"99": "E"}, {"99": "E"}, {"99": "E"}, {"99": "E"}, {"99": "E"}, {"99": "E"}, {"99": "N"}, {"86": "E"}, {"86": "S"}, {"86": "S"}, {"86": "S"}, {"86": "S"}, {"86": "E"}, {"86": "E"}, {"86": "E"}, {"86": "E"}, {"86": "E"}, {"86": "E"}, {"86": "E"}, {"86": "S"}, {"86": "S"}, {"59": "S"}, {"59": "E"}, {"59": "E"}, {"59": "E"}, {"59": "E"}, {"59": "E"}, {"59": "E"}, {"59": "E"}, {"59": "E"}, {"59": "E"}, {"59": "E"}, {"59": "E"}, {"59": "E"}, {"59": "E"}, {"59": "E"}, {"59": "E"}, {"59": "E"}, {"59": "E"}, {"59": "E"}, {"59": "E"}, {"59": "E"}, {"59": "E"}, {"59": "E"}, {"59": "E"}, {"59": "E"}, {"59": "E"}, {"59": "E"}, {"59": "E"}, {"59": "E"}, {"59": "N"}, {"59": "N"}, {"59": "N"}, {"59": "N"}, {"59": "N"}, {"59": "N"}, {"59": "N"}, {"59": "N"}, {"59": "N"}, {"59": "N"}, {"59": "N"}, {"59": "N"}, {"59": "N"}, {"59": "N"}, {"148": "W"}, {"148": "N"}, {"148": "N"}, {"148": "N"}, {"148": "N"}, {"148": "E"}, {"148": "E"}, {"148": "E"}, {"148": "E"}, {"148": "E"}, {"148": "N"}, {"148": "N"}, {"148": "N"}, {"148": "N"}, {"148": "N"}, {"148": "N"}, {"148": "N"}, {"148": "N"}, {"148": "N"}, {"148": "N"}, {"148": "N"}, {"148": "N"}, {"148": "N"}, {"148": "N"}, {"148": "N"}, {"148": "N"}, {"148": "N"}, {"148": "N"}, {"148": "N"}, {"148": "N"}, {"148": "N"}, {"148": "N"}, {"148": "N"}, {"148": "N"}, {"148": "N"}, {"148": "N"}, {"148": "N"}, {"17": "N"}, {"17": "N"}, {"17": "E"}, {"17": "E"}, {"17": "E"}, {"17": "E"}, {"17": "E"}, {"17": "E"}, {"17": "E"}, {"17": "E"}, {"17": "E"}, {"17": "E"}, {"17": "E"}, {"17": "E"}, {"17": "E"}, {"17": "E"}, {"17": "E"}, {"17": "E"}, {"17": "E"}, {"17": "E"}, {"17": "E"}, {"17": "E"}, {"17": "E"}, {"17": "E"}, {"17": "E"}, {"17": "E"}, {"17": "E"}, {"17": "E"}, {"17": "E"}, {"17": "E"}, {"17": "E"}, {"17": "E"}, {"17": "E"}, {"17": "E"}, {"17": "E"}, {"17": "E"}, {"17": "E"}, {"17": "N"}, {"17": "N"}, {"17": "N"}, {"17": "N"}, {"17": "N"}, {"179": "E"}, {"179": "N"}, {"179": "N"}, {"179": "E"}, {"179": "E"}, {"179": "E"}, {"179": "E"}, {"179": "N"}, {"179": "N"}, {"179": "N"}, {"179": "N"}, {"179": "N"}, {"179": "N"}, {"179": "N"}, {"179": "N"}, {"179": "N"}, {"179": "N"}, {"179": "N"}, {"179": "N"}, {"179": "N"}, {"179": "N"}, {"179": "N"}, {"176": "E"}, {"176": "N"}, {"176": "N"}, {"176": "E"}, {"176": "N"}, {"176": "N"}, {"176": "N"}, {"176": "N"}, {"176": "N"}, {"176": "N"}, {"176": "N"}, {"176": "N"}, {"176": "N"}, {"176": "N"}, {"176": "N"}, {"176": "N"}, {"176": "N"}, {"176": "N"}, {"176": "N"}, {"176": "N"}, {"176": "N"}, {"176": "N"}, {"176": "N"}, {"176": "N"}, {"176": "N"}, {"176": "N"}, {"176": "N"}, {"176": "N"}, {"176": "N"}, {"176": "N"}, {"176": "N"}, {"131": "W"}, {"131": "W"}, {"131": "W"}, {"131": "W"}, {"131": "W"}, {"131": "W"}, {"131": "W"}, {"131": "W"}, {"131": "W"}, {"131": "N"}, {"131": "N"}, {"131": "N"}, {"131": "N"}, {"170": "E"}, {"170": "E"}, {"170": "E"}, {"170": "E"}, {"170": "E"}, {"170": "E"}, {"170": "S"}, {"170": "S"}, {"170": "S"}, {"170": "S"}, {"170": "S"}, {"170": "S"}, {"170": "S"}, {"170": "S"}, {"170": "S"}, {"170": "S"}, {"170": "S"}, {"170": "S"}, {"170": "S"}, {"170": "S"}, {"170": "S"}, {"170": "S"}, {"170": "S"}, {"170": "S"}, {"170": "S"}, {"170": "W"}, {"120": "E"}, {"120": "E"}, {"120": "E"}, {"120": "E"}, {"120": "E"}, {"120": "E"}, {"120": "E"}, {"120": "E"}, {"120": "E"}, {"120": "E"}, {"120": "E"}, {"120": "E"}, {"120": "E"}, {"120": "E"}, {"120": "E"}, {"120": "E"}, {"120": "E"}, {"120": "E"}, {"120": "E"}, {"120": "E"}, {"120": "E"}, {"120": "E"}, {"120": "E"}, {"120": "E"}, {"120": "E"}, {"120": "E"}, {"120": "E"}, {"120": "E"}, {"120": "E"}, {"120": "N"}, {"120": "N"}, {"120": "N"}, {"120": "N"}, {"120": "N"}, {"120": "N"}, {"120": "N"}, {"120": "N"}, {"120": "N"}, {"120": "N"}, {"120": "N"}, {"120": "N"}, {"120": "N"}, {"120": "N"}, {"120": "N"}, {"89": "W"}, {"89": "W"}, {"89": "S"}, {"89": "S"}, {"89": "S"}, {"89": "S"}, {"89": "S"}, {"89": "E"}, {"89": "S"}, {"89": "S"}, {"89": "S"}, {"89": "S"}, {"89": "S"}, {"79": "E"}, {"79": "N"}, {"79": "N"}, {"79": "E"}, {"79": "E"}, {"79": "E"}, {"79": "E"}, {"79": "E"}, {"79": "E"}, {"79": "E"}, {"79": "E"}, {"79": "E"}, {"79": "E"}, {"79": "N"}, {"79": "N"}, {"79": "N"}, {"79": "N"}, {"79": "N"}, {"79": "N"}, {"79": "N"}, {"79": "N"}, {"79": "N"}, {"79": "N"}, {"79": "N"}, {"79": "N"}, {"79": "N"}, {"79": "N"}, {"79": "N"}, {"79": "N"}, {"79": "N"}, {"79": "N"}, {"79": "N"}, {"79": "N"}, {"56": "W"}, {"56": "W"}, {"56": "S"}, {"56": "W"}, {"56": "W"}, {"56": "W"}, {"56": "W"}, {"56": "W"}, {"56": "W"}, {"56": "S"}, {"56": "S"}, {"56": "S"}, {"56": "S"}, {"56": "S"}, {"56": "W"}, {"56": "W"}, {"0": "N"}, {"0": "E"}, {"0": "E"}, {"0": "E"}, {"0": "N"}, {"0": "E"}, {"0": "E"}, {"0": "E"}, {"0": "E"}, {"0": "E"}, {"0": "E"}, {"0": "E"}, {"0": "E"}, {"0": "E"}, {"0": "E"}, {"0": "E"}, {"0": "E"}, {"0": "E"}, {"0": "E"}, {"0": "E"}, {"0": "E"}, {"0": "E"}, {"0": "E"}, {"0": "E"}, {"0": "N"}, {"0": "N"}, {"0": "N"}, {"0": "N"}, {"0": "N"}, {"0": "N"}, {"0": "N"}, {"154": "S"}, {"154": "E"}, {"154": "E"}, {"154": "E"}, {"154": "E"}, {"154": "E"}, {"154": "E"}, {"154": "E"}, {"154": "E"}, {"154": "E"}, {"154": "E"}, {"154": "E"}, {"154": "E"}, {"154": "E"}, {"154": "E"}, {"154": "E"}, {"154": "E"}, {"154": "E"}, {"154": "E"}, {"154": "N"}, {"154": "N"}, {"154": "N"}, {"154": "N"}, {"154": "N"}, {"154": "N"}, {"154": "N"}, {"154": "N"}, {"154": "N"}, {"154": "N"}, {"154": "N"}, {"154": "N"}, {"154": "N"}, {"154": "N"}, {"154": "N"}, {"154": "N"}, {"154": "N"}, {"154": "N"}, {"154": "N"}, {"151": "W"}, {"151": "S"}, {"151": "S"}, {"151": "S"}, {"151": "S"}, {"151": "S"}, {"151": "E"}, {"151": "E"}, {"151": "E"}, {"151": "E"}, {"151": "E"}, {"151": "E"}, {"151": "E"}, {"151": "E"}, {"151": "E"}, {"151": "S"}, {"151": "S"}, {"151": "E"}, {"151": "S"}, {"151": "S"}, {"151": "S"}, {"151": "S"}, {"151": "S"}, {"151": "S"}, {"151": "S"}, {"151": "S"}, {"151": "E"}, {"151": "E"}, {"151": "S"}, {"151": "S"}, {"151": "E"}, {"151": "S"}, {"151": "S"}, {"151": "S"}, {"151": "S"}, {"151": "E"}, {"35": "E"}, {"35": "N"}, {"35": "N"}, {"35": "W"}, {"35": "W"}, {"35": "W"}, {"35": "N"}, {"35": "N"}, {"35": "N"}, {"35": "N"}, {"35": "N"}, {"35": "N"}, {"35": "N"}, {"35": "N"}, {"35": "N"}, {"35": "N"}, {"35": "N"}, {"35": "N"}, {"35": "N"}, {"35": "N"}, {"35": "N"}, {"35": "N"}, {"35": "N"}, {"35": "N"}, {"35": "N"}, {"35": "N"}, {"35": "N"}, {"35": "N"}, {"35": "N"}, {"35": "N"}, {"35": "N"}, {"35": "N"}, {"12": "S"}, {"12": "E"}, {"12": "E"}, {"12": "E"}, {"12": "E"}, {"12": "E"}, {"12": "E"}, {"12": "E"}, {"12": "E"}, {"12": "E"}, {"12": "E"}, {"12": "E"}, {"12": "E"}, {"12": "E"}, {"12": "E"}, {"12": "E"}, {"12": "E"}, {"12": "E"}, {"12": "E"}, {"12": "E"}, {"12": "E"}, {"12": "N"}, {"12": "N"}, {"12": "N"}, {"12": "N"}, {"12": "N"}, {"12": "N"}, {"12": "N"}, {"12": "N"}, {"12": "N"}, {"12": "N"}, {"12": "N"}, {"12": "N"}, {"12": "N"}, {"12": "N"}, {"12": "N"}, {"12": "N"}, {"12": "N"}, {"12": "N"}, {"12": "N"}, {"12": "N"}, {"177": "W"}, {"177": "W"}, {"177": "W"}, {"177": "W"}, {"177": "W"}, {"177": "W"}, {"177": "W"}, {"177": "W"}, {"177": "W"}, {"177": "W"}, {"177": "N"}, {"135": "E"}, {"135": "E"}, {"135": "N"}, {"135": "N"}, {"135": "N"}, {"135": "N"}, {"135": "N"}, {"135": "N"}, {"135": "N"}, {"135": "N"}, {"135": "N"}, {"135": "N"}, {"135": "N"}, {"135": "N"}, {"135": "N"}, {"135": "N"}, {"135": "N"}, {"135": "N"}, {"135": "N"}, {"135": "N"}, {"135": "N"}, {"133": "W"}, {"133": "N"}, {"133": "N"}, {"133": "N"}, {"133": "E"}, {"133": "N"}, {"133": "N"}, {"133": "N"}, {"133": "N"}, {"133": "N"}, {"133": "N"}, {"133": "N"}, {"133": "N"}, {"133": "N"}, {"133": "N"}, {"133": "N"}, {"133": "N"}, {"133": "N"}, {"133": "N"}, {"133": "N"}, {"133": "N"}, {"133": "N"}, {"133": "N"}, {"133": "N"}, {"133": "N"}, {"133": "N"}, {"133": "N"}, {"133": "N"}, {"133": "N"}, {"76": "N"}, {"76": "W"}, {"76": "W"}, {"76": "W"}, {"76": "N"}, {"76": "N"}, {"76": "N"}, {"76": "N"}, {"76": "N"}, {"76": "N"}, {"76": "N"}, {"76": "N"}, {"76": "N"}, {"76": "N"}, {"76": "N"}, {"76": "N"}, {"76": "N"}, {"76": "N"}, {"76": "N"}, {"76": "N"}, {"76": "N"}, {"76": "N"}, {"76": "N"}, {"76": "N"}, {"76": "N"}, {"76": "N"}, {"76": "N"}, {"76": "N"}, {"76": "N"}, {"76": "N"}, {"166": "N"}, {"166": "W"}, {"166": "W"}, {"166": "W"}, {"166": "W"}, {"166": "W"}, {"166": "W"}, {"166": "W"}, {"166": "W"}, {"166": "N"}, {"166": "N"}, {"166": "N"}, {"166": "N"}, {"166": "N"}, {"106": "N"}, {"106": "W"}, {"106": "W"}, {"106": "N"}, {"106": "W"}, {"106": "W"}, {"106": "W"}, {"106": "W"}, {"106": "S"}, {"106": "W"}, {"106": "W"}, {"106": "W"}, {"106": "W"}, {"106": "W"}, {"106": "W"}, {"106": "W"}, {"106": "W"}, {"72": "N"}, {"72": "E"}, {"72": "E"}, {"72": "E"}, {"72": "E"}, {"72": "E"}, {"72": "E"}, {"72": "E"}, {"72": "E"}, {"72": "E"}, {"72": "E"}, {"72": "E"}, {"72": "E"}, {"72": "E"}, {"72": "E"}, {"72": "E"}, {"72": "E"}, {"72": "E"}, {"72": "E"}, {"72": "E"}, {"72": "E"}, {"72": "E"}, {"72": "E"}, {"72": "N"}, {"72": "N"}, {"72": "N"}, {"72": "N"}, {"72": "N"}, {"72": "N"}, {"72": "N"}, {"72": "N"}, {"72": "N"}, {"72": "N"}, {"72": "N"}, {"72": "N"}, {"72": "N"}, {"72": "N"}, {"72": "N"}, {"68": "S"}, {"68": "E"}, {"68": "E"}, {"68": "E"}, {"68": "E"}, {"68": "E"}, {"68": "E"}, {"68": "E"}, {"68": "E"}, {"68": "E"}, {"68": "E"}, {"68": "E"}, {"68": "E"}, {"68": "E"}, {"68": "E"}, {"68": "E"}, {"68": "E"}, {"68": "N"}, {"68": "N"}, {"68": "N"}, {"68": "N"}, {"68": "N"}, {"68": "N"}, {"68": "N"}, {"68": "N"}, {"68": "N"}, {"68": "N"}, {"68": "N"}, {"68": "N"}, {"68": "N"}, {"68": "N"}, {"29": "E"}, {"29": "E"}, {"29": "E"}, {"29": "E"}, {"29": "E"}, {"29": "E"}, {"29": "E"}, {"29": "E"}, {"29": "E"}, {"29": "E"}, {"29": "E"}, {"29": "E"}, {"29": "E"}, {"29": "E"}, {"29": "E"}, {"29": "E"}, {"29": "E"}, {"29": "E"}, {"29": "E"}, {"29": "E"}, {"29": "N"}, {"29": "N"}, {"29": "N"}, {"29": "N"}, {"18": "N"}, {"18": "E"}, {"18": "E"}, {"18": "E"}, {"18": "E"}, {"18": "E"}, {"18": "E"}, {"18": "E"}, {"18": "E"}, {"18": "E"}, {"18": "E"}, {"18": "E"}, {"18": "E"}, {"18": "E"}, {"18": "E"}, {"18": "E"}, {"18": "E"}, {"18": "E"}, {"18": "E"}, {"18": "E"}, {"18": "E"}, {"18": "E"}, {"18": "E"}, {"18": "E"}, {"18": "E"}, {"18": "E"}, {"18": "E"}, {"18": "E"}, {"18": "E"}, {"18": "E"}, {"18": "E"}, {"18": "E"}, {"18": "E"}, {"18": "N"}, {"116": "W"}, {"116": "N"}, {"116": "N"}, {"116": "N"}, {"116": "E"}, {"116": "E"}, {"116": "E"}, {"116": "E"}, {"116": "E"}, {"116": "N"}, {"116": "N"}, {"116": "N"}, {"116": "N"}, {"116": "N"}, {"116": "N"}, {"116": "N"}, {"116": "N"}, {"116": "N"}, {"116": "N"}, {"116": "N"}, {"116": "N"}, {"116": "N"}, {"116": "N"}, {"116": "N"}, {"116": "N"}, {"116": "N"}, {"116": "N"}, {"116": "N"}, {"116": "N"}, {"116": "N"}, {"71": "W"}, {"71": "W"}, {"71": "W"}, {"71": "W"}, {"71": "W"}, {"71": "W"}, {"71": "W"}, {"71": "W"}, {"71": "W"}, {"71": "W"}, {"71": "W"}, {"71": "W"}, {"71": "W"}, {"71": "W"}, {"71": "W"}, {"71": "N"}, {"71": "N"}, {"71": "N"}, {"71": "N"}, {"71": "N"}, {"71": "N"}, {"71": "N"}, {"71": "N"}, {"71": "N"}, {"71": "N"}, {"71": "N"}, {"71": "N"}, {"71": "N"}, {"71": "N"}, {"55": "E"}, {"55": "E"}, {"55": "E"}, {"55": "E"}, {"55": "E"}, {"55": "E"}, {"55": "E"}, {"55": "E"}, {"55": "E"}, {"55": "E"}, {"55": "E"}, {"55": "N"}, {"55": "N"}, {"55": "N"}, {"55": "N"}, {"55": "N"}, {"55": "N"}, {"55": "N"}, {"55": "N"}, {"55": "N"}, {"55": "N"}, {"55": "N"}, {"55": "N"}, {"55": "N"}, {"55": "N"}, {"55": "N"}, {"55": "N"}, {"55": "N"}, {"55": "N"}, {"55": "N"}, {"55": "N"}, {"25": "W"}, {"25": "W"}, {"25": "W"}, {"25": "W"}, {"25": "W"}, {"25": "W"}, {"25": "W"}, {"25": "N"}, {"25": "N"}, {"25": "N"}, {"25": "N"}, {"25": "N"}, {"25": "N"}, {"25": "N"}, {"25": "N"}, {"4": "N"}, {"4": "E"}, {"4": "E"}, {"4": "E"}, {"4": "E"}, {"4": "E"}, {"4": "E"}, {"4": "E"}, {"4": "E"}, {"4": "E"}, {"4": "E"}, {"4": "E"}, {"4": "E"}, {"4": "E"}, {"4": "E"}, {"4": "E"}, {"4": "E"}, {"4": "E"}, {"4": "E"}, {"4": "E"}, {"4": "E"}, {"4": "E"}, {"4": "E"}, {"4": "E"}, {"4": "E"}, {"4": "E"}, {"4": "E"}, {"4": "E"}, {"4": "E"}, {"4": "S"}, {"173": "W"}, {"173": "W"}, {"173": "W"}, {"173": "W"}, {"173": "W"}, {"173": "W"}, {"173": "W"}, {"173": "W"}, {"173": "W"}, {"173": "W"}, {"173": "W"}, {"173": "W"}, {"173": "W"}, {"173": "W"}, {"173": "W"}, {"173": "N"}, {"173": "N"}, {"173": "N"}, {"173": "N"}, {"173": "N"}, {"173": "N"}, {"173": "N"}, {"173": "N"}, {"173": "N"}, {"173": "N"}, {"173": "N"}, {"173": "N"}, {"173": "N"}, {"173": "N"}, {"173": "N"}, {"173": "N"}, {"163": "N"}, {"163": "E"}, {"163": "E"}, {"163": "E"}, {"163": "E"}, {"163": "E"}, {"163": "E"}, {"163": "E"}, {"163": "E"}, {"163": "E"}, {"163": "E"}, {"163": "E"}, {"163": "E"}, {"163": "E"}, {"163": "E"}, {"163": "E"}, {"163": "E"}, {"163": "E"}, {"163": "E"}, {"163": "E"}, {"163": "E"}, {"163": "E"}, {"163": "E"}, {"163": "E"}, {"163": "E"}, {"163": "E"}, {"163": "E"}, {"163": "E"}, {"163": "E"}, {"163": "E"}, {"163": "E"}, {"163": "E"}, {"163": "S"}, {"163": "S"}, {"163": "S"}, {"163": "E"}, {"163": "S"}, {"112": "N"}, {"112": "W"}, {"112": "W"}, {"112": "W"}, {"112": "W"}, {"112": "W"}, {"112": "W"}, {"112": "W"}, {"112": "W"}, {"112": "W"}, {"112": "W"}, {"112": "W"}, {"112": "W"}, {"112": "W"}, {"112": "W"}, {"112": "W"}, {"112": "W"}, {"112": "W"}, {"112": "N"}, {"112": "N"}, {"112": "N"}, {"112": "N"}, {"112": "N"}, {"112": "N"}, {"112": "N"}, {"112": "N"}, {"112": "N"}, {"112": "N"}, {"112": "N"}, {"112": "N"}, {"112": "N"}, {"112": "N"}, {"112": "N"}, {"98": "E"}, {"98": "N"}, {"98": "N"}, {"98": "N"}, {"98": "N"}, {"98": "N"}, {"98": "N"}, {"98": "N"}, {"98": "N"}, {"98": "N"}, {"98": "N"}, {"98": "N"}, {"98": "N"}, {"98": "N"}, {"98": "N"}, {"98": "N"}, {"98": "N"}, {"98": "N"}, {"93": "E"}, {"93": "E"}, {"93": "E"}, {"93": "E"}, {"93": "E"}, {"93": "E"}, {"93": "E"}, {"93": "E"}, {"93": "E"}, {"93": "E"}, {"93": "E"}, {"93": "E"}, {"93": "E"}, {"93": "N"}, {"93": "N"}, {"93": "N"}, {"93": "N"}, {"93": "N"}, {"93": "N"}, {"93": "N"}, {"93": "N"}, {"93": "N"}, {"93": "N"}, {"93": "N"}, {"93": "N"}, {"93": "N"}, {"93": "N"}, {"93": "N"}, {"83": "N"}, {"83": "W"}, {"83": "W"}, {"83": "W"}, {"83": "W"}, {"83": "W"}, {"83": "W"}, {"83": "W"}, {"83": "W"}, {"83": "W"}, {"83": "W"}, {"83": "W"}, {"83": "W"}, {"83": "W"}, {"83": "W"}, {"83": "W"}, {"83": "W"}, {"83": "N"}, {"83": "N"}, {"83": "N"}, {"46": "E"}, {"46": "E"}, {"46": "E"}, {"46": "E"}, {"46": "E"}, {"46": "E"}, {"46": "E"}, {"46": "E"}, {"46": "E"}, {"46": "E"}, {"46": "E"}, {"46": "E"}, {"46": "E"}, {"46": "E"}, {"46": "E"}, {"46": "E"}, {"46": "S"}, {"46": "S"}, {"46": "S"}, {"46": "E"}, {"46": "S"}, {"46": "E"}, {"46": "E"}, {"46": "S"}, {"46": "S"}, {"46": "E"}, {"46": "E"}, {"46": "E"}, {"46": "S"}, {"46": "E"}, {"46": "S"}, {"46": "S"}, {"46": "S"}, {"46": "E"}, {"46": "E"}, {"46": "S"}, {"46": "E"}, {"46": "E"}, {"46": "S"}, {"171": "S"}, {"171": "E"}, {"171": "E"}, {"171": "E"}, {"171": "E"}, {"171": "E"}, {"171": "E"}, {"171": "E"}, {"171": "E"}, {"171": "E"}, {"171": "E"}, {"171": "E"}, {"171": "E"}, {"171": "E"}, {"171": "E"}, {"171": "E"}, {"171": "E"}, {"171": "E"}, {"171": "E"}, {"171": "S"}, {"171": "S"}, {"171": "S"}, {"171": "S"}, {"171": "E"}, {"171": "S"}, {"171": "E"}, {"171": "E"}, {"171": "S"}, {"171": "S"}, {"171": "E"}, {"171": "E"}, {"171": "E"}, {"171": "S"}, {"171": "E"}, {"171": "E"}, {"171": "E"}, {"171": "E"}, {"171": "E"}, {"171": "E"}, {"171": "E"}, {"171": "E"}, {"171": "S"}, {"171": "S"}, {"171": "S"}, {"171": "S"}, {"171": "S"}, {"171": "E"}, {"171": "S"}, {"171": "S"}, {"171": "S"}, {"171": "S"}, {"171": "S"}, {"160": "N"}, {"160": "W"}, {"160": "W"}, {"160": "W"}, {"160": "N"}, {"160": "W"}, {"160": "W"}, {"160": "W"}, {"160": "W"}, {"160": "W"}, {"160": "W"}, {"160": "W"}, {"160": "W"}, {"160": "W"}, {"160": "W"}, {"160": "N"}, {"160": "N"}, {"160": "N"}, {"160": "N"}, {"160": "N"}, {"160": "N"}, {"160": "N"}, {"160": "W"}, {"160": "W"}, {"160": "W"}, {"160": "W"}, {"160": "W"}, {"160": "W"}, {"160": "N"}, {"160": "W"}, {"160": "W"}, {"160": "W"}, {"160": "W"}, {"160": "W"}, {"160": "W"}, {"160": "N"}, {"124": "S"}, {"124": "E"}, {"124": "E"}, {"124": "E"}, {"124": "E"}, {"124": "E"}, {"124": "E"}, {"124": "E"}, {"124": "E"}, {"124": "E"}, {"124": "E"}, {"124": "E"}, {"124": "E"}, {"124": "E"}, {"124": "E"}, {"124": "E"}, {"124": "E"}, {"124": "E"}, {"124": "E"}, {"124": "E"}, {"124": "N"}, {"124": "N"}, {"124": "N"}, {"124": "N"}, {"124": "N"}, {"124": "N"}, {"124": "N"}, {"124": "N"}, {"124": "N"}, {"100": "S"}, {"100": "E"}, {"100": "E"}, {"100": "E"}, {"100": "E"}, {"100": "E"}, {"100": "E"}, {"100": "E"}, {"100": "E"}, {"100": "E"}, {"100": "E"}, {"100": "E"}, {"100": "E"}, {"100": "E"}, {"100": "E"}, {"100": "E"}, {"100": "E"}, {"100": "E"}, {"100": "E"}, {"100": "E"}, {"100": "E"}, {"100": "E"}, {"100": "E"}, {"100": "E"}, {"100": "E"}, {"100": "E"}, {"100": "E"}, {"100": "E"}, {"100": "E"}, {"100": "E"}, {"100": "E"}, {"100": "E"}, {"100": "S"}, {"75": "N"}, {"75": "E"}, {"75": "E"}, {"75": "E"}, {"75": "E"}, {"75": "E"}, {"75": "E"}, {"75": "E"}, {"75": "E"}, {"75": "E"}, {"75": "E"}, {"75": "E"}, {"75": "E"}, {"75": "E"}, {"75": "E"}, {"75": "E"}, {"75": "E"}, {"75": "E"}, {"75": "E"}, {"75": "E"}, {"75": "E"}, {"75": "E"}, {"75": "E"}, {"75": "N"}, {"75": "N"}, {"75": "N"}, {"75": "N"}, {"75": "N"}, {"75": "N"}, {"75": "N"}, {"156": "E"}, {"156": "S"}, {"156": "S"}, {"156": "S"}, {"156": "E"}, {"156": "E"}, {"156": "E"}, {"156": "E"}, {"156": "E"}, {"156": "E"}, {"156": "S"}, {"156": "S"}, {"156": "E"}, {"156": "S"}, {"156": "S"}, {"156": "S"}, {"156": "S"}, {"156": "S"}, {"156": "S"}, {"156": "S"}, {"156": "S"}, {"156": "E"}, {"156": "E"}, {"156": "S"}, {"156": "S"}, {"156": "E"}, {"156": "S"}, {"156": "S"}, {"156": "S"}, {"156": "S"}, {"156": "S"}, {"156": "S"}, {"156": "S"}, {"156": "S"}, {"156": "S"}, {"156": "S"}, {"156": "E"}, {"156": "E"}, {"156": "S"}, {"156": "S"}, {"156": "E"}, {"125": "N"}, {"125": "E"}, {"125": "E"}, {"125": "E"}, {"125": "E"}, {"125": "E"}, {"125": "E"}, {"125": "E"}, {"125": "E"}, {"125": "E"}, {"125": "E"}, {"125": "E"}, {"125": "E"}, {"125": "E"}, {"125": "E"}, {"125": "E"}, {"125": "E"}, {"125": "E"}, {"125": "E"}, {"125": "E"}, {"125": "E"}, {"125": "E"}, {"125": "N"}, {"125": "N"}, {"125": "N"}, {"125": "N"}, {"104": "S"}, {"104": "W"}, {"104": "W"}, {"104": "W"}, {"104": "W"}, {"104": "N"}, {"104": "N"}, {"104": "N"}, {"104": "W"}, {"104": "W"}, {"104": "W"}, {"104": "W"}, {"104": "W"}, {"104": "W"}, {"104": "W"}, {"104": "W"}, {"104": "W"}, {"104": "W"}, {"104": "W"}, {"60": "E"}, {"60": "N"}, {"60": "N"}, {"60": "N"}, {"60": "N"}, {"60": "E"}, {"60": "E"}, {"60": "E"}, {"60": "E"}, {"60": "E"}, {"60": "E"}, {"60": "E"}, {"60": "E"}, {"60": "E"}, {"60": "E"}, {"60": "E"}, {"60": "N"}, {"60": "N"}, {"60": "N"}, {"60": "N"}, {"60": "N"}, {"60": "N"}, {"60": "N"}, {"60": "N"}, {"60": "N"}, {"13": "N"}, {"13": "W"}, {"13": "W"}, {"13": "W"}, {"13": "W"}, {"13": "W"}, {"13": "W"}, {"13": "W"}, {"13": "W"}, {"13": "W"}, {"13": "W"}, {"13": "W"}, {"13": "W"}, {"13": "W"}, {"13": "W"}, {"13": "W"}, {"13": "N"}, {"13": "W"}, {"13": "N"}, {"13": "W"}, {"13": "W"}, {"13": "W"}, {"13": "W"}, {"13": "W"}, {"13": "N"}, {"13": "N"}, {"13": "N"}, {"122": "W"}, {"122": "N"}, {"122": "W"}, {"122": "W"}, {"122": "W"}, {"122": "W"}, {"122": "W"}, {"122": "W"}, {"122": "W"}, {"122": "W"}, {"122": "W"}, {"122": "W"}, {"122": "N"}, {"122": "W"}, {"122": "N"}, {"122": "W"}, {"122": "W"}, {"122": "W"}, {"122": "W"}, {"122": "W"}, {"122": "W"}, {"122": "N"}, {"122": "N"}, {"122": "N"}, {"73": "W"}, {"73": "S"}, {"73": "S"}, {"73": "E"}, {"73": "E"}, {"73": "E"}, {"73": "E"}, {"73": "E"}, {"73": "E"}, {"73": "E"}, {"73": "E"}, {"73": "E"}, {"73": "S"}, {"73": "S"}, {"73": "S"}, {"73": "S"}, {"73": "S"}, {"73": "S"}, {"73": "S"}, {"73": "S"}, {"73": "S"}, {"73": "E"}, {"73": "S"}, {"73": "S"}, {"73": "S"}, {"73": "S"}, {"73": "E"}, {"73": "S"}, {"73": "S"}, {"73": "S"}, {"73": "E"}, {"73": "S"}, {"73": "S"}, {"57": "W"}, {"57": "S"}, {"57": "S"}, {"57": "S"}, {"57": "S"}, {"57": "S"}, {"57": "S"}, {"57": "S"}, {"57": "S"}, {"57": "S"}, {"57": "S"}, {"57": "S"}, {"57": "S"}, {"57": "S"}, {"57": "S"}, {"57": "S"}, {"57": "S"}, {"57": "S"}, {"57": "S"}, {"57": "W"}, {"41": "N"}, {"41": "E"}, {"41": "E"}, {"41": "E"}, {"41": "E"}, {"41": "E"}, {"41": "E"}, {"41": "E"}, {"41": "E"}, {"41": "E"}, {"41": "E"}, {"41": "E"}, {"41": "E"}, {"41": "E"}, {"41": "E"}, {"41": "E"}, {"41": "E"}, {"41": "E"}, {"41": "E"}, {"41": "E"}, {"41": "E"}, {"41": "E"}, {"41": "E"}, {"41": "E"}, {"41": "E"}, {"41": "E"}, {"41": "E"}, {"41": "E"}, {"41": "E"}, {"41": "E"}, {"41": "E"}, {"41": "N"}, {"3": "N"}, {"3": "E"}, {"3": "E"}, {"3": "E"}, {"3": "E"}, {"3": "E"}, {"3": "E"}, {"3": "E"}, {"3": "E"}, {"3": "E"}, {"3": "E"}, {"3": "E"}, {"3": "E"}, {"3": "E"}, {"3": "E"}, {"3": "E"}, {"3": "N"}, {"3": "N"}, {"3": "N"}, {"3": "N"}, {"3": "N"}, {"3": "N"}, {"3": "N"}, {"3": "N"}, {"3": "N"}, {"3": "N"}, {"3": "N"}, {"97": "W"}, {"97": "N"}, {"97": "N"}, {"97": "W"}, {"97": "W"}, {"97": "W"}, {"97": "W"}, {"97": "W"}, {"97": "W"}, {"97": "W"}, {"97": "W"}, {"97": "W"}, {"97": "N"}, {"97": "N"}, {"97": "N"}, {"97": "N"}, {"97": "N"}, {"97": "N"}, {"97": "N"}, {"97": "N"}, {"97": "N"}, {"97": "N"}, {"97": "N"}, {"97": "N"}, {"97": "N"}, {"97": "N"}, {"97": "N"}, {"97": "N"}, {"97": "N"}, {"97": "N"}, {"70": "W"}, {"70": "N"}, {"70": "W"}, {"70": "W"}, {"70": "W"}, {"70": "W"}, {"70": "W"}, {"70": "W"}, {"70": "N"}, {"70": "N"}, {"70": "N"}, {"70": "N"}, {"70": "N"}, {"70": "N"}, {"70": "N"}, {"70": "N"}, {"70": "N"}, {"70": "N"}, {"70": "N"}, {"70": "N"}, {"70": "N"}, {"70": "N"}, {"70": "N"}, {"70": "N"}, {"70": "N"}, {"70": "N"}, {"70": "N"}, {"70": "N"}, {"70": "N"}, {"70": "N"}, {"70": "N"}, {"70": "N"}, {"70": "N"}, {"70": "N"}, {"70": "N"}, {"1": "N"}, {"1": "E"}, {"1": "E"}, {"1": "E"}, {"1": "E"}, {"1": "E"}, {"1": "E"}, {"1": "E"}, {"1": "E"}, {"1": "E"}, {"1": "E"}, {"1": "E"}, {"1": "E"}, {"1": "E"}, {"1": "E"}, {"1": "E"}, {"1": "E"}, {"1": "E"}, {"1": "E"}, {"1": "E"}, {"1": "E"}, {"1": "E"}, {"1": "E"}, {"1": "E"}, {"1": "E"}, {"1": "E"}, {"1": "E"}, {"1": "E"}, {"1": "E"}, {"1": "E"}, {"1": "E"}, {"1": "S"}, {"175": "N"}, {"175": "E"}, {"175": "E"}, {"175": "E"}, {"175": "N"}, {"175": "N"}, {"175": "N"}, {"175": "N"}, {"175": "N"}, {"175": "N"}, {"175": "N"}, {"175": "N"}, {"175": "N"}, {"175": "N"}, {"175": "N"}, {"175": "N"}, {"175": "N"}, {"175": "N"}, {"175": "N"}, {"175": "N"}, {"175": "N"}, {"175": "N"}, {"175": "N"}, {"146": "E"}, {"146": "S"}, {"146": "S"}, {"146": "S"}, {"146": "S"}, {"146": "S"}, {"146": "S"}, {"146": "S"}, {"146": "S"}, {"146": "W"}, {"146": "S"}, {"146": "S"}, {"146": "S"}, {"146": "S"}, {"146": "S"}, {"146": "S"}, {"146": "E"}, {"146": "E"}, {"146": "E"}, {"146": "S"}, {"146": "E"}, {"146": "E"}, {"146": "S"}, {"146": "S"}, {"146": "S"}, {"146": "E"}, {"146": "S"}, {"146": "S"}, {"132": "E"}, {"132": "E"}, {"132": "E"}, {"132": "E"}, {"132": "E"}, {"132": "E"}, {"132": "E"}, {"132": "E"}, {"132": "E"}, {"132": "E"}, {"132": "E"}, {"132": "E"}, {"132": "E"}, {"132": "E"}, {"132": "S"}, {"132": "E"}, {"132": "E"}, {"132": "E"}, {"132": "S"}, {"132": "E"}, {"132": "E"}, {"132": "S"}, {"132": "E"}, {"132": "E"}, {"132": "E"}, {"132": "S"}, {"132": "E"}, {"132": "S"}, {"132": "S"}, {"132": "S"}, {"132": "E"}, {"132": "E"}, {"132": "S"}, {"132": "E"}, {"132": "S"}, {"132": "S"}, {"132": "E"}, {"132": "S"}, {"132": "S"}, {"132": "S"}, {"132": "S"}, {"132": "E"}, {"132": "S"}, {"132": "S"}, {"132": "E"}, {"53": "S"}, {"53": "E"}, {"53": "E"}, {"53": "E"}, {"53": "E"}, {"53": "E"}, {"53": "E"}, {"53": "E"}, {"53": "E"}, {"53": "S"}, {"53": "S"}, {"53": "S"}, {"53": "S"}, {"53": "S"}, {"53": "S"}, {"53": "S"}, {"53": "S"}, {"53": "S"}, {"53": "E"}, {"53": "S"}, {"53": "S"}, {"53": "S"}, {"53": "S"}, {"53": "E"}, {"53": "S"}, {"53": "S"}, {"53": "S"}, {"53": "E"}, {"53": "E"}, {"53": "S"}, {"53": "E"}, {"53": "S"}, {"53": "S"}, {"53": "E"}, {"53": "S"}, {"53": "S"}, {"53": "S"}, {"53": "S"}, {"53": "E"}, {"53": "S"}, {"30": "E"}, {"30": "E"}, {"30": "E"}, {"30": "E"}, {"30": "E"}, {"30": "E"}, {"30": "E"}, {"30": "E"}, {"30": "E"}, {"30": "E"}, {"30": "E"}, {"30": "E"}, {"30": "E"}, {"30": "E"}, {"30": "E"}, {"30": "E"}, {"30": "E"}, {"30": "E"}, {"30": "E"}, {"30": "E"}, {"30": "E"}, {"30": "E"}, {"30": "E"}, {"30": "N"}, {"30": "N"}, {"30": "N"}, {"30": "N"}, {"30": "N"}, {"30": "N"}, {"30": "N"}, {"30": "N"}, {"30": "N"}, {"27": "E"}, {"27": "S"}, {"27": "S"}, {"27": "S"}, {"27": "S"}, {"27": "S"}, {"27": "S"}, {"27": "S"}, {"27": "S"}, {"27": "S"}, {"27": "S"}, {"27": "S"}, {"27": "S"}, {"27": "S"}, {"27": "S"}, {"27": "W"}, {"27": "W"}, {"27": "S"}, {"27": "S"}, {"27": "W"}, {"136": "E"}, {"136": "S"}, {"136": "S"}, {"136": "E"}, {"136": "E"}, {"136": "E"}, {"136": "E"}, {"136": "E"}, {"136": "E"}, {"136": "S"}, {"136": "S"}, {"136": "S"}, {"136": "S"}, {"136": "S"}, {"136": "S"}, {"136": "S"}, {"136": "S"}, {"136": "S"}, {"136": "E"}, {"136": "S"}, {"136": "S"}, {"136": "S"}, {"136": "S"}, {"136": "E"}, {"136": "S"}, {"136": "S"}, {"136": "S"}, {"136": "E"}, {"136": "E"}, {"136": "S"}, {"136": "E"}, {"136": "S"}, {"136": "S"}, {"136": "E"}, {"136": "S"}, {"136": "S"}, {"136": "S"}, {"136": "S"}, {"136": "S"}, {"136": "S"}, {"136": "E"}, {"129": "S"}, {"129": "E"}, {"129": "E"}, {"129": "E"}, {"129": "E"}, {"129": "E"}, {"129": "E"}, {"129": "E"}, {"129": "E"}, {"129": "E"}, {"129": "E"}, {"129": "E"}, {"129": "E"}, {"129": "E"}, {"129": "E"}, {"129": "E"}, {"129": "E"}, {"129": "N"}, {"105": "E"}, {"105": "E"}, {"105": "N"}, {"105": "E"}, {"105": "E"}, {"105": "E"}, {"105": "E"}, {"105": "E"}, {"105": "E"}, {"105": "E"}, {"105": "N"}, {"105": "N"}, {"105": "N"}, {"105": "N"}, {"105": "N"}, {"105": "N"}, {"105": "N"}, {"105": "N"}, {"105": "N"}, {"105": "N"}, {"105": "N"}, {"105": "N"}, {"105": "N"}, {"105": "N"}, {"105": "N"}, {"105": "N"}, {"105": "N"}, {"34": "N"}, {"34": "W"}, {"34": "N"}, {"34": "W"}, {"34": "W"}, {"34": "W"}, {"34": "W"}, {"34": "W"}, {"34": "W"}, {"34": "W"}, {"34": "W"}, {"34": "W"}, {"34": "W"}, {"34": "W"}, {"34": "W"}, {"34": "W"}, {"34": "W"}, {"34": "W"}, {"34": "W"}, {"34": "W"}, {"34": "W"}, {"34": "W"}, {"34": "W"}, {"34": "W"}, {"34": "W"}, {"34": "W"}, {"34": "W"}, {"34": "W"}, {"34": "W"}, {"34": "W"}, {"34": "N"}, {"34": "N"}, {"34": "N"}, {"34": "N"}, {"34": "N"}, {"34": "N"}, {"34": "N"}, {"34": "N"}, {"34": "N"}, {"34": "N"}, {"34": "N"}, {"34": "N"}, {"34": "N"}, {"34": "N"}, {"34": "N"}, {"117": "W"}, {"117": "N"}, {"117": "N"}, {"117": "N"}, {"117": "N"}, {"117": "W"}, {"117": "W"}, {"117": "W"}, {"117": "W"}, {"117": "W"}, {"117": "W"}, {"117": "W"}, {"117": "W"}, {"117": "N"}, {"117": "N"}, {"117": "N"}, {"117": "N"}, {"117": "N"}, {"117": "N"}, {"117": "N"}, {"117": "N"}, {"117": "N"}, {"117": "N"}, {"117": "N"}, {"117": "N"}, {"117": "N"}, {"117": "N"}, {"117": "N"}, {"117": "N"}, {"117": "N"}, {"117": "N"}, {"117": "N"}, {"117": "N"}, {"117": "N"}, {"117": "N"}, {"117": "N"}, {"94": "N"}, {"94": "E"}, {"94": "E"}, {"94": "E"}, {"94": "E"}, {"94": "E"}, {"94": "E"}, {"94": "E"}, {"94": "E"}, {"94": "E"}, {"94": "E"}, {"94": "E"}, {"94": "E"}, {"94": "E"}, {"94": "E"}, {"94": "E"}, {"94": "E"}, {"94": "E"}, {"94": "E"}, {"94": "E"}, {"94": "E"}, {"94": "E"}, {"94": "E"}, {"94": "E"}, {"94": "E"}, {"94": "E"}, {"90": "W"}, {"90": "S"}, {"90": "S"}, {"90": "S"}, {"90": "S"}, {"90": "E"}, {"90": "E"}, {"90": "E"}, {"90": "E"}, {"90": "E"}, {"90": "E"}, {"90": "S"}, {"90": "S"}, {"90": "S"}, {"90": "S"}, {"90": "S"}, {"90": "S"}, {"90": "S"}, {"90": "S"}, {"90": "S"}, {"90": "E"}, {"90": "S"}, {"90": "S"}, {"90": "S"}, {"90": "S"}, {"90": "E"}, {"90": "S"}, {"90": "S"}, {"90": "S"}, {"90": "E"}, {"90": "E"}, {"90": "S"}, {"90": "E"}, {"90": "S"}, {"90": "S"}, {"90": "E"}, {"90": "S"}, {"90": "S"}, {"90": "S"}, {"90": "S"}, {"90": "S"}, {"90": "S"}, {"43": "N"}, {"43": "N"}, {"43": "E"}, {"43": "E"}, {"43": "E"}, {"43": "E"}, {"43": "E"}, {"43": "E"}, {"43": "E"}, {"43": "E"}, {"43": "E"}, {"43": "E"}, {"43": "E"}, {"43": "E"}, {"43": "E"}, {"43": "E"}, {"43": "E"}, {"43": "N"}, {"43": "N"}, {"43": "N"}, {"43": "N"}, {"43": "N"}, {"19": "W"}, {"19": "S"}, {"19": "S"}, {"19": "S"}, {"19": "S"}, {"19": "S"}, {"19": "S"}, {"19": "S"}, {"19": "S"}, {"19": "S"}, {"19": "S"}, {"19": "E"}, {"19": "S"}, {"19": "S"}, {"19": "S"}, {"19": "S"}, {"19": "E"}, {"19": "S"}, {"19": "S"}, {"19": "S"}, {"19": "E"}, {"19": "E"}, {"19": "S"}, {"19": "S"}, {"19": "S"}, {"19": "S"}, {"19": "S"}, {"19": "S"}, {"19": "S"}, {"178": "W"}, {"178": "N"}, {"178": "N"}, {"178": "W"}, {"178": "W"}, {"178": "W"}, {"178": "W"}, {"178": "W"}, {"178": "W"}, {"178": "N"}, {"178": "N"}, {"178": "N"}, {"178": "N"}, {"178": "N"}, {"178": "N"}, {"178": "N"}, {"178": "N"}, {"178": "N"}, {"178": "N"}, {"178": "N"}, {"178": "N"}, {"178": "N"}, {"178": "N"}, {"178": "N"}, {"178": "N"}, {"178": "N"}, {"178": "N"}, {"178": "N"}, {"178": "N"}, {"178": "N"}, {"178": "N"}, {"178": "N"}, {"168": "W"}, {"168": "W"}, {"168": "W"}, {"168": "W"}, {"168": "W"}, {"168": "N"}, {"168": "W"}, {"168": "W"}, {"168": "W"}, {"168": "W"}, {"168": "W"}, {"168": "W"}, {"168": "W"}, {"168": "W"}, {"168": "W"}, {"168": "W"}, {"168": "W"}, {"168": "N"}, {"142": "W"}, {"142": "N"}, {"142": "W"}, {"142": "W"}, {"142": "W"}, {"142": "W"}, {"142": "W"}, {"142": "W"}, {"142": "W"}, {"142": "W"}, {"142": "W"}, {"142": "W"}, {"142": "W"}, {"142": "N"}, {"142": "N"}, {"142": "N"}, {"142": "N"}, {"142": "N"}, {"142": "N"}, {"142": "N"}, {"142": "N"}, {"142": "N"}, {"142": "N"}, {"142": "N"}, {"142": "N"}, {"142": "N"}, {"142": "N"}, {"142": "N"}, {"142": "N"}, {"142": "N"}, {"142": "N"}, {"142": "N"}, {"128": "E"}, {"128": "S"}, {"128": "S"}, {"128": "S"}, {"128": "S"}, {"128": "S"}, {"128": "S"}, {"128": "S"}, {"128": "S"}, {"128": "E"}, {"128": "E"}, {"128": "S"}, {"128": "S"}, {"128": "S"}, {"128": "S"}, {"128": "S"}, {"128": "E"}, {"128": "S"}, {"128": "S"}, {"128": "S"}, {"128": "E"}, {"128": "S"}, {"128": "S"}, {"115": "E"}, {"115": "S"}, {"115": "E"}, {"115": "E"}, {"115": "E"}, {"115": "S"}, {"115": "S"}, {"115": "S"}, {"115": "S"}, {"115": "S"}, {"115": "S"}, {"115": "S"}, {"115": "S"}, {"115": "S"}, {"115": "E"}, {"115": "S"}, {"115": "S"}, {"115": "S"}, {"115": "S"}, {"115": "S"}, {"115": "S"}, {"115": "W"}, {"115": "S"}, {"115": "S"}, {"115": "S"}, {"115": "S"}, {"115": "S"}, {"115": "S"}, {"115": "E"}, {"115": "E"}, {"115": "S"}, {"84": "N"}, {"84": "E"}, {"84": "E"}, {"84": "E"}, {"84": "E"}, {"84": "E"}, {"84": "E"}, {"84": "E"}, {"84": "E"}, {"84": "E"}, {"84": "E"}, {"84": "E"}, {"84": "N"}, {"84": "N"}, {"84": "N"}, {"84": "N"}, {"84": "N"}, {"84": "N"}, {"84": "N"}, {"84": "N"}, {"84": "N"}, {"84": "N"}, {"84": "N"}, {"84": "N"}, {"84": "N"}, {"84": "N"}, {"84": "N"}, {"84": "N"}, {"84": "N"}, {"84": "N"}, {"84": "N"}, {"84": "N"}, {"78": "W"}, {"78": "W"}, {"78": "W"}, {"78": "W"}, {"78": "W"}, {"78": "W"}, {"78": "W"}, {"78": "W"}, {"78": "W"}, {"78": "W"}, {"78": "W"}, {"78": "W"}, {"78": "S"}, {"78": "S"}, {"78": "W"}, {"78": "W"}, {"78": "W"}, {"78": "W"}, {"78": "N"}, {"78": "W"}, {"78": "W"}, {"78": "W"}, {"78": "W"}, {"78": "W"}, {"78": "W"}, {"78": "W"}, {"78": "W"}, {"78": "W"}, {"78": "W"}, {"78": "N"}, {"78": "N"}, {"78": "N"}, {"78": "N"}, {"78": "N"}, {"143": "S"}, {"143": "E"}, {"143": "E"}, {"143": "E"}, {"143": "E"}, {"143": "E"}, {"143": "E"}, {"143": "E"}, {"143": "E"}, {"143": "E"}, {"143": "E"}, {"143": "E"}, {"143": "E"}, {"143": "E"}, {"143": "E"}, {"143": "E"}, {"143": "E"}, {"143": "E"}, {"143": "E"}, {"143": "E"}, {"143": "E"}, {"143": "S"}, {"143": "S"}, {"143": "S"}, {"143": "S"}, {"143": "S"}, {"143": "S"}, {"143": "E"}, {"143": "S"}, {"143": "S"}, {"143": "S"}, {"74": "N"}, {"74": "W"}, {"74": "W"}, {"74": "W"}, {"74": "W"}, {"74": "W"}, {"74": "W"}, {"74": "W"}, {"74": "W"}, {"74": "W"}, {"74": "W"}, {"74": "W"}, {"74": "W"}, {"74": "W"}, {"74": "W"}, {"74": "W"}, {"74": "N"}, {"74": "N"}, {"74": "N"}, {"74": "N"}, {"74": "N"}, {"74": "N"}, {"74": "N"}, {"74": "N"}, {"74": "N"}, {"74": "N"}, {"74": "N"}, {"74": "N"}, {"74": "N"}, {"74": "N"}, {"74": "N"}, {"74": "N"}, {"74": "N"}, {"74": "N"}, {"74": "N"}, {"74": "N"}, {"74": "N"}, {"74": "N"}, {"74": "N"}, {"74": "N"}, {"74": "N"}, {"74": "N"}, {"74": "N"}, {"74": "N"}, {"74": "N"}, {"50": "E"}, {"50": "E"}, {"50": "E"}, {"50": "E"}, {"50": "E"}, {"50": "N"}, {"50": "N"}, {"50": "N"}, {"50": "N"}, {"50": "N"}, {"50": "N"}, {"50": "N"}, {"50": "N"}, {"50": "N"}, {"50": "N"}, {"50": "N"}, {"50": "N"}, {"50": "N"}, {"164": "S"}, {"164": "W"}, {"164": "W"}, {"164": "W"}, {"164": "W"}, {"164": "W"}, {"164": "S"}, {"164": "W"}, {"164": "S"}, {"164": "S"}, {"164": "S"}, {"164": "W"}, {"164": "S"}, {"164": "S"}, {"164": "S"}, {"164": "S"}, {"164": "W"}, {"164": "S"}, {"164": "W"}, {"164": "W"}, {"164": "S"}, {"164": "S"}, {"164": "W"}, {"164": "S"}, {"164": "S"}, {"164": "S"}, {"164": "S"}, {"164": "S"}, {"164": "S"}, {"149": "E"}, {"149": "N"}, {"149": "N"}, {"149": "N"}, {"149": "N"}, {"149": "W"}, {"149": "W"}, {"149": "W"}, {"149": "N"}, {"149": "N"}, {"149": "N"}, {"149": "N"}, {"149": "N"}, {"149": "N"}, {"149": "N"}, {"149": "N"}, {"149": "N"}, {"149": "N"}, {"149": "N"}, {"149": "N"}, {"137": "E"}, {"137": "E"}, {"137": "E"}, {"137": "E"}, {"137": "E"}, {"137": "E"}, {"137": "S"}, {"137": "S"}, {"137": "S"}, {"137": "S"}, {"134": "S"}, {"134": "W"}, {"134": "S"}, {"134": "W"}, {"134": "W"}, {"134": "W"}, {"134": "W"}, {"134": "W"}, {"134": "W"}, {"134": "W"}, {"134": "W"}, {"134": "W"}, {"31": "E"}, {"31": "E"}, {"31": "E"}, {"31": "E"}, {"31": "E"}, {"31": "E"}, {"31": "E"}, {"31": "E"}, {"31": "E"}, {"31": "E"}, {"31": "E"}, {"31": "E"}, {"31": "E"}, {"31": "E"}, {"31": "E"}, {"31": "E"}, {"31": "E"}, {"31": "E"}, {"31": "E"}, {"31": "E"}, {"31": "E"}, {"31": "E"}, {"31": "E"}, {"31": "N"}, {"31": "N"}, {"31": "N"}, {"7": "W"}, {"7": "N"}, {"7": "W"}, {"7": "W"}, {"7": "W"}, {"7": "W"}, {"7": "W"}, {"7": "W"}, {"7": "N"}, {"7": "N"}, {"7": "N"}, {"7": "N"}, {"7": "N"}, {"7": "N"}, {"7": "N"}, {"7": "N"}, {"7": "N"}, {"7": "N"}, {"7": "N"}, {"7": "N"}, {"7": "N"}, {"7": "N"}, {"7": "N"}, {"7": "N"}, {"7": "N"}, {"7": "N"}, {"174": "E"}, {"174": "S"}, {"174": "E"}, {"174": "E"}, {"174": "E"}, {"174": "E"}, {"174": "E"}, {"174": "E"}, {"174": "E"}, {"174": "E"}, {"174": "E"}, {"174": "E"}, {"174": "E"}, {"174": "E"}, {"174": "S"}, {"174": "S"}, {"174": "S"}, {"174": "S"}, {"174": "S"}, {"174": "S"}, {"174": "S"}, {"174": "S"}, {"174": "S"}, {"174": "E"}, {"174": "S"}, {"174": "S"}, {"174": "S"}, {"174": "S"}, {"174": "E"}, {"174": "S"}, {"174": "S"}, {"174": "S"}, {"174": "E"}, {"174": "E"}, {"174": "S"}, {"174": "E"}, {"174": "S"}, {"174": "S"}, {"174": "S"}, {"174": "S"}, {"174": "S"}, {"174": "S"}, {"174": "S"}, {"174": "S"}, {"174": "S"}, {"174": "E"}, {"174": "S"}, {"174": "S"}, {"174": "S"}, {"169": "W"}, {"169": "S"}, {"169": "S"}, {"169": "S"}, {"169": "W"}, {"169": "W"}, {"169": "W"}, {"169": "S"}, {"169": "S"}, {"169": "S"}, {"169": "S"}, {"169": "W"}, {"169": "S"}, {"169": "W"}, {"169": "S"}, {"169": "S"}, {"169": "W"}, {"169": "S"}, {"169": "S"}, {"169": "S"}, {"169": "W"}, {"169": "W"}, {"169": "W"}, {"169": "S"}, {"85": "N"}, {"85": "W"}, {"85": "W"}, {"85": "W"}, {"85": "W"}, {"85": "W"}, {"85": "S"}, {"85": "W"}, {"85": "S"}, {"85": "W"}, {"85": "W"}, {"85": "W"}, {"85": "W"}, {"85": "W"}, {"85": "W"}, {"85": "W"}, {"85": "W"}, {"85": "S"}, {"85": "S"}, {"85": "W"}, {"85": "W"}, {"85": "W"}, {"85": "W"}, {"85": "S"}, {"85": "W"}, {"85": "W"}, {"85": "W"}, {"85": "W"}, {"85": "S"}, {"85": "S"}, {"82": "S"}, {"82": "E"}, {"82": "E"}, {"82": "E"}, {"82": "E"}, {"82": "E"}, {"82": "S"}, {"82": "E"}, {"82": "S"}, {"82": "S"}, {"82": "E"}, {"82": "E"}, {"82": "E"}, {"82": "S"}, {"82": "E"}, {"82": "S"}, {"82": "E"}, {"82": "E"}, {"82": "E"}, {"82": "S"}, {"82": "E"}, {"82": "E"}, {"82": "E"}, {"82": "E"}, {"82": "E"}, {"82": "E"}, {"82": "E"}, {"82": "S"}, {"82": "E"}, {"82": "E"}, {"82": "E"}, {"82": "S"}, {"82": "E"}, {"82": "S"}, {"82": "S"}, {"82": "S"}, {"82": "E"}, {"82": "E"}, {"82": "S"}, {"82": "E"}, {"82": "S"}, {"82": "S"}, {"82": "S"}, {"82": "S"}, {"82": "S"}, {"82": "S"}, {"82": "S"}, {"82": "S"}, {"82": "S"}, {"82": "S"}, {"82": "S"}, {"48": "S"}, {"48": "W"}, {"48": "W"}, {"48": "W"}, {"48": "W"}, {"48": "W"}, {"48": "W"}, {"48": "W"}, {"48": "W"}, {"48": "W"}, {"48": "W"}, {"48": "W"}, {"48": "W"}, {"48": "W"}, {"48": "S"}, {"48": "W"}, {"48": "W"}, {"48": "W"}, {"48": "S"}, {"48": "S"}, {"48": "S"}, {"48": "S"}, {"48": "S"}, {"48": "S"}, {"153": "W"}, {"153": "S"}, {"153": "S"}, {"153": "W"}, {"153": "W"}, {"153": "W"}, {"153": "W"}, {"153": "S"}, {"153": "W"}, {"153": "W"}, {"153": "S"}, {"153": "S"}, {"153": "S"}, {"153": "S"}, {"153": "S"}, {"153": "S"}, {"153": "S"}, {"153": "S"}, {"153": "W"}, {"153": "S"}, {"153": "S"}, {"153": "E"}, {"121": "W"}, {"121": "N"}, {"121": "N"}, {"121": "W"}, {"121": "W"}, {"121": "W"}, {"121": "W"}, {"121": "W"}, {"121": "W"}, {"121": "W"}, {"121": "W"}, {"121": "W"}, {"121": "W"}, {"121": "W"}, {"121": "W"}, {"121": "W"}, {"121": "W"}, {"121": "W"}, {"121": "W"}, {"121": "W"}, {"121": "W"}, {"121": "W"}, {"121": "W"}, {"121": "W"}, {"121": "N"}, {"121": "N"}, {"121": "N"}, {"121": "N"}, {"121": "N"}, {"121": "N"}, {"121": "N"}, {"121": "N"}, {"121": "N"}, {"121": "N"}, {"121": "N"}, {"121": "N"}, {"121": "N"}, {"121": "N"}, {"121": "N"}, {"121": "N"}, {"121": "N"}, {"121": "N"}, {"121": "N"}, {"121": "N"}, {"121": "N"}, {"121": "N"}, {"121": "N"}, {"121": "N"}, {"121": "N"}, {"108": "S"}, {"108": "W"}, {"108": "W"}, {"108": "S"}, {"108": "S"}, {"108": "S"}, {"108": "S"}, {"108": "S"}, {"108": "S"}, {"108": "S"}, {"108": "S"}, {"108": "S"}, {"108": "E"}, {"108": "S"}, {"108": "S"}, {"108": "S"}, {"108": "S"}, {"108": "S"}, {"108": "S"}, {"108": "W"}, {"108": "S"}, {"108": "S"}, {"108": "S"}, {"108": "S"}, {"108": "S"}, {"108": "S"}, {"108": "W"}, {"108": "S"}, {"108": "W"}, {"10": "E"}, {"10": "N"}, {"10": "N"}, {"62": "S"}, {"62": "E"}, {"62": "E"}, {"62": "E"}, {"62": "E"}, {"62": "E"}, {"62": "E"}, {"62": "E"}, {"62": "N"}, {"62": "N"}, {"62": "N"}, {"62": "N"}, {"62": "N"}, {"62": "N"}, {"62": "N"}, {"62": "N"}, {"62": "N"}, {"62": "N"}, {"21": "E"}, {"21": "S"}, {"21": "S"}, {"21": "S"}, {"21": "S"}, {"21": "S"}, {"21": "S"}, {"21": "E"}, {"21": "E"}, {"21": "S"}, {"21": "S"}, {"21": "S"}, {"21": "S"}, {"21": "S"}, {"21": "E"}, {"21": "E"}, {"21": "E"}, {"21": "S"}, {"21": "E"}, {"21": "E"}, {"21": "S"}, {"21": "S"}, {"21": "S"}, {"21": "E"}, {"21": "S"}, {"21": "E"}, {"21": "S"}, {"21": "S"}, {"21": "S"}, {"21": "S"}, {"21": "S"}, {"21": "S"}, {"21": "E"}, {"21": "S"}, {"21": "S"}, {"21": "S"}, {"21": "S"}, {"21": "E"}, {"21": "S"}, {"21": "E"}, {"21": "S"}, {"21": "E"}, {"21": "S"}, {"21": "S"}, {"5": "S"}, {"5": "E"}, {"5": "E"}, {"5": "S"}, {"5": "S"}, {"5": "S"}, {"5": "S"}, {"5": "S"}, {"5": "S"}, {"5": "S"}, {"5": "S"}, {"5": "S"}, {"5": "S"}, {"5": "S"}, {"5": "S"}, {"5": "W"}, {"5": "W"}, {"5": "S"}, {"5": "S"}, {"5": "S"}, {"5": "S"}, {"5": "S"}, {"5": "S"}, {"5": "S"}, {"5": "S"}, {"5": "W"}, {"5": "S"}, {"5": "S"}, {"152": "E"}, {"152": "N"}, {"152": "N"}, {"152": "N"}, {"152": "N"}, {"152": "N"}, {"109": "S"}, {"109": "S"}, {"109": "W"}, {"109": "W"}, {"109": "S"}, {"109": "S"}, {"109": "S"}, {"109": "S"}, {"109": "S"}, {"109": "S"}, {"109": "S"}, {"109": "W"}, {"109": "S"}, {"109": "S"}, {"109": "S"}, {"109": "S"}, {"109": "W"}, {"109": "S"}, {"109": "S"}, {"109": "S"}, {"109": "S"}, {"109": "W"}, {"109": "W"}, {"109": "S"}, {"109": "S"}, {"109": "S"}, {"109": "S"}, {"109": "S"}, {"109": "W"}, {"109": "W"}, {"109": "W"}, {"109": "N"}, {"101": "N"}, {"101": "W"}, {"101": "W"}, {"101": "W"}, {"101": "W"}, {"101": "S"}, {"101": "W"}, {"101": "W"}, {"101": "W"}, {"101": "W"}, {"101": "N"}, {"101": "W"}, {"101": "W"}, {"101": "W"}, {"101": "W"}, {"101": "W"}, {"101": "W"}, {"101": "W"}, {"101": "W"}, {"101": "W"}, {"101": "W"}, {"101": "W"}, {"101": "W"}, {"101": "W"}, {"101": "W"}, {"101": "W"}, {"101": "W"}, {"101": "W"}, {"101": "W"}, {"101": "W"}, {"101": "N"}, {"101": "N"}, {"101": "N"}, {"92": "S"}, {"92": "W"}, {"92": "W"}, {"92": "W"}, {"92": "S"}, {"92": "W"}, {"92": "W"}, {"92": "W"}, {"92": "W"}, {"92": "N"}, {"92": "W"}, {"92": "W"}, {"92": "W"}, {"92": "W"}, {"92": "W"}, {"92": "W"}, {"92": "W"}, {"92": "W"}, {"92": "W"}, {"92": "W"}, {"92": "W"}, {"92": "W"}, {"92": "W"}, {"92": "W"}, {"92": "W"}, {"92": "W"}, {"92": "W"}, {"92": "N"}, {"8": "W"}, {"8": "W"}, {"8": "W"}, {"8": "W"}, {"8": "W"}, {"8": "W"}, {"8": "N"}, {"8": "W"}, {"8": "W"}, {"8": "W"}, {"8": "W"}, {"8": "W"}, {"8": "W"}, {"8": "W"}, {"8": "W"}, {"8": "W"}, {"8": "W"}, {"8": "W"}, {"8": "W"}, {"8": "W"}, {"8": "W"}, {"8": "W"}, {"8": "W"}, {"8": "W"}, {"8": "W"}, {"8": "W"}, {"8": "W"}, {"8": "W"}, {"8": "W"}, {"8": "W"}, {"8": "N"}, {"8": "N"}, {"8": "N"}, {"8": "N"}, {"8": "N"}, {"8": "N"}, {"8": "N"}, {"8": "N"}, {"8": "N"}, {"8": "N"}, {"8": "N"}, {"8": "N"}, {"8": "N"}, {"8": "N"}, {"8": "N"}, {"8": "N"}, {"8": "N"}, {"8": "N"}, {"6": "E"}, {"6": "E"}, {"6": "E"}, {"6": "E"}, {"6": "E"}, {"6": "E"}, {"6": "E"}, {"6": "E"}, {"6": "N"}, {"6": "N"}, {"6": "N"}, {"6": "N"}, {"6": "N"}, {"6": "N"}, {"6": "N"}, {"6": "N"}, {"6": "N"}, {"6": "N"}, {"6": "N"}, {"6": "N"}, {"95": "E"}, {"95": "S"}, {"95": "S"}, {"95": "W"}, {"95": "W"}, {"95": "W"}, {"95": "S"}, {"95": "S"}, {"95": "S"}, {"95": "S"}, {"95": "W"}, {"95": "S"}, {"95": "S"}, {"95": "S"}, {"95": "S"}, {"95": "S"}, {"95": "S"}, {"95": "S"}, {"95": "S"}, {"95": "S"}, {"95": "W"}, {"95": "S"}, {"95": "W"}, {"95": "S"}, {"95": "S"}, {"95": "S"}, {"95": "S"}, {"91": "S"}, {"91": "W"}, {"91": "W"}, {"91": "W"}, {"91": "W"}, {"91": "S"}, {"91": "W"}, {"91": "S"}, {"91": "W"}, {"91": "W"}, {"91": "W"}, {"91": "W"}, {"91": "W"}, {"91": "W"}, {"91": "W"}, {"91": "W"}, {"91": "S"}, {"91": "S"}, {"91": "W"}, {"91": "W"}, {"91": "W"}, {"91": "W"}, {"91": "N"}, {"91": "W"}, {"91": "W"}, {"91": "W"}, {"91": "W"}, {"91": "W"}, {"91": "W"}, {"91": "W"}, {"91": "N"}, {"91": "W"}, {"91": "W"}, {"91": "W"}, {"91": "S"}, {"91": "W"}, {"91": "W"}, {"87": "S"}, {"87": "S"}, {"87": "W"}, {"87": "W"}, {"87": "W"}, {"87": "W"}, {"87": "W"}, {"87": "W"}, {"87": "W"}, {"87": "W"}, {"87": "W"}, {"87": "W"}, {"87": "W"}, {"87": "W"}, {"87": "S"}, {"87": "W"}, {"87": "W"}, {"87": "W"}, {"87": "S"}, {"87": "S"}, {"87": "W"}, {"87": "S"}, {"87": "S"}, {"58": "E"}, {"58": "N"}, {"58": "N"}, {"58": "W"}, {"58": "W"}, {"58": "W"}, {"58": "W"}, {"58": "W"}, {"58": "W"}, {"58": "W"}, {"58": "W"}, {"58": "W"}, {"58": "W"}, {"58": "W"}, {"58": "W"}, {"58": "W"}, {"58": "W"}, {"58": "W"}, {"58": "W"}, {"58": "W"}, {"58": "W"}, {"58": "W"}, {"58": "W"}, {"58": "N"}, {"58": "N"}, {"58": "N"}, {"58": "N"}, {"58": "N"}, {"58": "N"}, {"58": "N"}, {"58": "N"}, {"58": "N"}, {"58": "N"}, {"58": "N"}, {"58": "N"}, {"58": "N"}, {"58": "N"}, {"58": "N"}, {"58": "N"}, {"58": "N"}, {"58": "N"}, {"58": "N"}, {"58": "N"}, {"58": "N"}, {"51": "E"}, {"51": "S"}, {"51": "S"}, {"51": "S"}, {"51": "S"}, {"51": "S"}, {"51": "S"}, {"51": "S"}, {"51": "S"}, {"51": "S"}, {"51": "S"}, {"51": "S"}, {"51": "S"}, {"51": "S"}, {"51": "W"}, {"51": "W"}, {"51": "S"}, {"51": "S"}, {"51": "S"}, {"51": "W"}, {"51": "S"}, {"51": "S"}, {"51": "W"}, {"51": "W"}, {"51": "S"}, {"51": "S"}, {"51": "S"}, {"51": "S"}, {"51": "S"}, {"165": "W"}, {"165": "W"}, {"165": "W"}, {"165": "W"}, {"165": "S"}, {"165": "W"}, {"165": "W"}, {"165": "W"}, {"165": "W"}, {"165": "W"}, {"165": "W"}, {"165": "W"}, {"165": "W"}, {"165": "S"}, {"165": "S"}, {"165": "W"}, {"165": "W"}, {"165": "S"}, {"165": "S"}, {"165": "S"}, {"165": "W"}, {"165": "S"}, {"165": "S"}, {"165": "W"}, {"165": "S"}, {"165": "S"}, {"165": "S"}, {"165": "S"}, {"165": "S"}, {"165": "S"}, {"165": "S"}, {"161": "S"}, {"161": "S"}, {"161": "S"}, {"161": "W"}, {"161": "S"}, {"161": "S"}, {"161": "S"}, {"161": "W"}, {"161": "W"}, {"161": "S"}, {"161": "S"}, {"161": "S"}, {"161": "S"}, {"161": "W"}, {"161": "S"}, {"161": "S"}, {"161": "S"}, {"161": "S"}, {"161": "S"}, {"161": "S"}, {"161": "W"}, {"161": "S"}, {"161": "S"}, {"161": "S"}, {"161": "S"}, {"161": "S"}, {"161": "S"}, {"161": "W"}, {"161": "S"}, {"161": "S"}, {"161": "S"}, {"161": "S"}, {"161": "S"}, {"161": "W"}, {"159": "E"}, {"159": "S"}, {"159": "S"}, {"159": "S"}, {"159": "S"}, {"159": "S"}, {"159": "S"}, {"159": "S"}, {"159": "W"}, {"159": "S"}, {"159": "S"}, {"159": "S"}, {"159": "S"}, {"159": "S"}, {"159": "S"}, {"159": "S"}, {"159": "S"}, {"159": "S"}, {"159": "S"}, {"159": "S"}, {"159": "S"}, {"159": "W"}, {"159": "S"}, {"159": "S"}, {"159": "S"}, {"159": "W"}, {"144": "W"}, {"144": "S"}, {"144": "S"}, {"144": "S"}, {"144": "S"}, {"144": "S"}, {"144": "S"}, {"144": "S"}, {"144": "S"}, {"144": "E"}, {"144": "E"}, {"144": "S"}, {"144": "S"}, {"144": "S"}, {"144": "S"}, {"144": "S"}, {"144": "E"}, {"144": "E"}, {"144": "E"}, {"144": "S"}, {"144": "E"}, {"144": "E"}, {"144": "S"}, {"144": "S"}, {"144": "S"}, {"144": "E"}, {"144": "S"}, {"144": "E"}, {"144": "S"}, {"144": "S"}, {"144": "S"}, {"144": "S"}, {"144": "S"}, {"144": "S"}, {"144": "E"}, {"144": "S"}, {"144": "S"}, {"144": "S"}, {"144": "S"}, {"144": "S"}, {"144": "S"}, {"144": "S"}, {"144": "S"}, {"119": "N"}, {"119": "W"}, {"119": "W"}, {"119": "W"}, {"119": "W"}, {"119": "W"}, {"119": "W"}, {"119": "W"}, {"119": "W"}, {"119": "W"}, {"119": "W"}, {"119": "W"}, {"119": "W"}, {"119": "S"}, {"119": "W"}, {"119": "W"}, {"119": "W"}, {"119": "W"}, {"119": "S"}, {"119": "S"}, {"119": "W"}, {"119": "W"}, {"119": "W"}, {"119": "S"}, {"119": "S"}, {"119": "S"}, {"119": "S"}, {"119": "S"}, {"110": "E"}, {"110": "E"}, {"110": "E"}, {"110": "E"}, {"110": "S"}, {"110": "S"}, {"110": "E"}, {"110": "S"}, {"110": "S"}, {"110": "E"}, {"110": "E"}, {"110": "E"}, {"110": "S"}, {"110": "E"}, {"110": "S"}, {"110": "E"}, {"110": "E"}, {"110": "E"}, {"110": "S"}, {"110": "E"}, {"110": "E"}, {"110": "E"}, {"110": "S"}, {"110": "S"}, {"110": "S"}, {"110": "S"}, {"110": "S"}, {"110": "E"}, {"110": "S"}, {"110": "E"}, {"110": "S"}, {"110": "S"}, {"110": "S"}, {"110": "S"}, {"110": "S"}, {"110": "S"}, {"110": "E"}, {"110": "E"}, {"110": "E"}, {"110": "S"}, {"110": "S"}, {"110": "S"}, {"110": "S"}, {"67": "N"}, {"67": "E"}, {"67": "N"}, {"67": "E"}, {"67": "E"}, {"67": "E"}, {"67": "E"}, {"67": "E"}, {"67": "E"}, {"67": "N"}, {"67": "N"}, {"67": "N"}, {"67": "N"}, {"67": "N"}, {"54": "W"}, {"54": "W"}, {"54": "W"}, {"54": "W"}, {"54": "W"}, {"54": "W"}, {"54": "W"}, {"54": "N"}, {"54": "N"}, {"54": "N"}, {"54": "N"}, {"54": "N"}, {"54": "N"}, {"54": "N"}, {"54": "N"}, {"54": "N"}, {"54": "N"}, {"54": "N"}, {"54": "N"}, {"54": "N"}, {"54": "N"}, {"54": "N"}, {"54": "N"}, {"54": "N"}, {"54": "N"}, {"54": "N"}, {"54": "N"}, {"54": "N"}, {"113": "N"}, {"113": "W"}, {"113": "W"}, {"113": "W"}, {"113": "W"}, {"113": "N"}, {"113": "W"}, {"113": "W"}, {"113": "S"}, {"113": "W"}, {"113": "W"}, {"113": "W"}, {"113": "W"}, {"113": "N"}, {"113": "W"}, {"113": "W"}, {"113": "S"}, {"113": "W"}, {"113": "W"}, {"113": "W"}, {"113": "W"}, {"113": "W"}, {"113": "W"}, {"113": "W"}, {"113": "W"}, {"113": "W"}, {"113": "W"}, {"113": "N"}, {"81": "W"}, {"81": "W"}, {"81": "W"}, {"81": "W"}, {"81": "W"}, {"81": "W"}, {"81": "W"}, {"81": "W"}, {"81": "N"}, {"81": "W"}, {"81": "W"}, {"81": "W"}, {"81": "W"}, {"81": "W"}, {"81": "W"}, {"81": "W"}, {"81": "W"}, {"81": "W"}, {"81": "W"}, {"81": "S"}, {"81": "W"}, {"81": "S"}, {"81": "W"}, {"81": "W"}, {"81": "W"}, {"81": "W"}, {"81": "W"}, {"81": "S"}, {"81": "W"}, {"81": "S"}, {"81": "W"}, {"81": "S"}, {"81": "W"}, {"81": "W"}, {"81": "W"}, {"81": "W"}, {"81": "S"}, {"81": "S"}, {"81": "W"}, {"69": "S"}, {"69": "W"}, {"69": "W"}, {"69": "W"}, {"69": "W"}, {"69": "W"}, {"69": "S"}, {"69": "W"}, {"69": "W"}, {"69": "W"}, {"69": "W"}, {"69": "N"}, {"69": "W"}, {"69": "W"}, {"69": "W"}, {"69": "W"}, {"69": "W"}, {"69": "W"}, {"69": "W"}, {"69": "W"}, {"69": "W"}, {"69": "W"}, {"69": "W"}, {"69": "W"}, {"69": "W"}, {"69": "W"}, {"69": "W"}, {"69": "W"}, {"69": "W"}, {"69": "W"}, {"69": "W"}, {"69": "W"}, {"69": "W"}, {"69": "W"}, {"69": "N"}, {"69": "N"}, {"69": "N"}, {"65": "W"}, {"65": "N"}, {"65": "W"}, {"65": "W"}, {"65": "W"}, {"65": "W"}, {"65": "W"}, {"65": "W"}, {"65": "W"}, {"65": "W"}, {"65": "W"}, {"65": "N"}, {"65": "N"}, {"65": "N"}, {"65": "N"}, {"65": "N"}, {"65": "N"}, {"65": "N"}, {"65": "N"}, {"65": "N"}, {"65": "N"}, {"65": "N"}, {"64": "N"}, {"64": "W"}, {"64": "W"}, {"64": "S"}, {"64": "W"}, {"64": "W"}, {"64": "W"}, {"64": "W"}, {"64": "S"}, {"64": "W"}, {"64": "W"}, {"64": "S"}, {"64": "S"}, {"64": "S"}, {"64": "S"}, {"64": "S"}, {"64": "S"}, {"64": "S"}, {"64": "S"}, {"64": "W"}, {"64": "W"}, {"64": "W"}, {"64": "S"}, {"64": "S"}, {"64": "S"}, {"64": "W"}, {"9": "W"}, {"9": "N"}, {"9": "W"}, {"9": "W"}, {"9": "W"}, {"9": "W"}, {"9": "W"}, {"9": "W"}, {"9": "W"}, {"9": "W"}, {"9": "W"}, {"9": "W"}, {"9": "W"}, {"9": "W"}, {"9": "W"}, {"9": "W"}, {"9": "W"}, {"9": "W"}, {"9": "W"}, {"9": "W"}, {"9": "W"}, {"9": "W"}, {"9": "W"}, {"9": "W"}, {"9": "W"}, {"9": "W"}, {"9": "N"}, {"9": "N"}, {"9": "N"}, {"9": "N"}, {"9": "N"}, {"9": "N"}, {"9": "N"}, {"9": "N"}, {"9": "N"}, {"9": "N"}, {"9": "N"}, {"9": "N"}, {"9": "N"}, {"9": "N"}, {"9": "N"}, {"9": "N"}, {"9": "N"}, {"9": "N"}, {"9": "N"}, {"9": "N"}, {"138": "E"}, {"138": "N"}, {"138": "N"}, {"138": "N"}, {"138": "N"}, {"138": "N"}, {"138": "N"}, {"138": "N"}, {"126": "S"}, {"126": "E"}, {"126": "E"}, {"126": "E"}, {"126": "E"}, {"126": "E"}, {"126": "E"}, {"126": "E"}, {"126": "E"}, {"126": "S"}, {"126": "E"}, {"126": "E"}, {"126": "E"}, {"126": "E"}, {"126": "E"}, {"126": "S"}, {"126": "S"}, {"126": "E"}, {"126": "S"}, {"126": "S"}, {"126": "S"}, {"118": "W"}, {"118": "S"}, {"118": "W"}, {"118": "W"}, {"118": "W"}, {"118": "W"}, {"118": "W"}, {"118": "W"}, {"118": "W"}, {"118": "W"}, {"118": "W"}, {"118": "S"}, {"118": "S"}, {"118": "S"}, {"118": "S"}, {"118": "W"}, {"118": "S"}, {"118": "W"}, {"118": "S"}, {"118": "S"}, {"118": "W"}, {"118": "S"}, {"118": "S"}, {"118": "S"}, {"118": "W"}, {"118": "W"}, {"118": "S"}, {"118": "S"}, {"118": "S"}, {"118": "S"}, {"118": "S"}, {"118": "S"}, {"118": "S"}, {"118": "S"}, {"118": "S"}, {"96": "S"}, {"96": "E"}, {"96": "E"}, {"96": "E"}, {"96": "E"}, {"96": "E"}, {"96": "E"}, {"96": "E"}, {"96": "E"}, {"96": "E"}, {"96": "E"}, {"96": "E"}, {"96": "E"}, {"96": "E"}, {"96": "E"}, {"96": "S"}, {"96": "S"}, {"96": "S"}, {"96": "S"}, {"96": "S"}, {"96": "S"}, {"96": "E"}, {"96": "E"}, {"96": "S"}, {"61": "N"}, {"61": "E"}, {"61": "E"}, {"61": "E"}, {"61": "E"}, {"61": "E"}, {"61": "E"}, {"61": "E"}, {"61": "E"}, {"61": "E"}, {"61": "N"}, {"61": "N"}, {"61": "N"}, {"11": "W"}, {"11": "N"}, {"11": "N"}, {"11": "W"}, {"11": "W"}, {"11": "W"}, {"11": "W"}, {"11": "W"}, {"11": "W"}, {"11": "W"}, {"11": "W"}, {"11": "W"}, {"11": "W"}, {"11": "W"}, {"11": "W"}, {"11": "W"}, {"11": "W"}, {"11": "N"}, {"11": "N"}, {"11": "N"}, {"11": "N"}, {"11": "N"}, {"11": "N"}, {"11": "N"}, {"11": "N"}, {"11": "N"}, {"11": "N"}, {"11": "N"}, {"11": "N"}, {"11": "N"}, {"11": "N"}, {"11": "N"}, {"140": "N"}, {"140": "N"}, {"140": "E"}, {"140": "E"}, {"140": "E"}, {"140": "E"}, {"140": "E"}, {"140": "E"}, {"140": "E"}, {"140": "E"}, {"140": "N"}, {"140": "N"}, {"140": "N"}, {"140": "N"}, {"140": "N"}, {"140": "N"}, {"140": "N"}, {"140": "N"}, {"140": "N"}, {"127": "S"}, {"127": "E"}, {"127": "E"}, {"127": "E"}, {"127": "E"}, {"127": "S"}, {"127": "E"}, {"127": "S"}, {"77": "S"}, {"77": "E"}, {"77": "E"}, {"77": "E"}, {"77": "E"}, {"77": "E"}, {"77": "E"}, {"77": "S"}, {"77": "E"}, {"77": "E"}, {"77": "E"}, {"77": "E"}, {"77": "E"}, {"77": "E"}, {"77": "E"}, {"77": "E"}, {"77": "E"}, {"77": "S"}, {"77": "S"}, {"77": "E"}, {"77": "S"}, {"77": "S"}, {"77": "E"}, {"77": "S"}, {"77": "S"}, {"77": "S"}, {"77": "S"}, {"77": "S"}, {"77": "S"}, {"77": "S"}, {"77": "E"}, {"77": "S"}, {"77": "S"}, {"77": "E"}, {"33": "N"}, {"33": "W"}, {"33": "W"}, {"33": "W"}, {"33": "W"}, {"33": "W"}, {"33": "W"}, {"33": "W"}, {"33": "W"}, {"33": "N"}, {"33": "N"}, {"33": "N"}, {"33": "N"}, {"33": "N"}, {"33": "N"}, {"33": "N"}, {"33": "N"}, {"33": "N"}, {"33": "N"}, {"33": "N"}, {"33": "N"}, {"33": "N"}, {"33": "N"}, {"33": "N"}, {"28": "S"}, {"28": "E"}, {"28": "S"}, {"28": "E"}, {"28": "E"}, {"28": "E"}, {"28": "E"}, {"28": "E"}, {"28": "E"}, {"28": "E"}, {"28": "E"}, {"28": "E"}, {"28": "E"}, {"28": "E"}, {"28": "E"}, {"28": "E"}, {"28": "E"}, {"28": "S"}, {"28": "E"}, {"28": "E"}, {"28": "E"}, {"28": "S"}, {"28": "S"}, {"28": "E"}, {"28": "E"}, {"28": "E"}, {"28": "S"}, {"28": "S"}, {"28": "E"}, {"28": "S"}, {"28": "S"}, {"23": "W"}, {"23": "N"}, {"23": "N"}, {"23": "N"}, {"23": "W"}, {"23": "W"}, {"23": "W"}, {"23": "W"}, {"23": "W"}, {"23": "W"}, {"23": "W"}, {"23": "W"}, {"23": "N"}, {"23": "N"}, {"23": "N"}, {"23": "N"}, {"23": "N"}, {"23": "N"}, {"23": "N"}, {"23": "N"}, {"2": "E"}, {"2": "N"}, {"2": "N"}, {"2": "N"}, {"2": "E"}, {"2": "E"}, {"2": "E"}, {"2": "E"}, {"2": "E"}, {"2": "N"}, {"150": "W"}, {"150": "S"}, {"150": "S"}, {"150": "S"}, {"150": "S"}, {"150": "S"}, {"150": "S"}, {"150": "S"}, {"150": "W"}, {"150": "S"}, {"150": "S"}, {"150": "S"}, {"150": "S"}, {"150": "S"}, {"150": "S"}, {"150": "S"}, {"150": "S"}, {"150": "S"}, {"150": "S"}, {"150": "S"}, {"150": "S"}, {"150": "W"}, {"150": "S"}, {"150": "S"}, {"150": "S"}, {"150": "S"}, {"150": "S"}, {"150": "W"}, {"150": "S"}, {"150": "S"}, {"150": "S"}, {"150": "E"}, {"167": "E"}, {"167": "S"}, {"167": "S"}, {"167": "S"}, {"167": "S"}, {"167": "W"}, {"167": "W"}, {"167": "W"}, {"167": "S"}, {"167": "S"}, {"167": "S"}, {"167": "S"}, {"167": "W"}, {"167": "S"}, {"167": "S"}, {"167": "S"}, {"167": "S"}, {"167": "S"}, {"167": "S"}, {"167": "S"}, {"167": "S"}, {"167": "S"}, {"167": "S"}, {"167": "S"}, {"167": "S"}, {"167": "W"}, {"167": "S"}, {"167": "S"}, {"167": "S"}, {"167": "S"}, {"167": "S"}, {"167": "W"}, {"167": "W"}, {"167": "S"}, {"167": "S"}, {"162": "E"}, {"162": "E"}, {"162": "E"}, {"162": "E"}, {"162": "E"}, {"162": "E"}, {"162": "E"}, {"162": "E"}, {"162": "E"}, {"162": "E"}, {"162": "E"}, {"162": "E"}, {"162": "S"}, {"162": "S"}, {"162": "S"}, {"162": "E"}, {"36": "S"}, {"36": "W"}, {"36": "W"}, {"36": "W"}, {"36": "W"}, {"36": "W"}, {"36": "W"}, {"36": "W"}, {"36": "W"}, {"36": "W"}, {"36": "W"}, {"36": "W"}, {"36": "W"}, {"36": "W"}, {"36": "W"}, {"36": "W"}, {"36": "W"}, {"36": "S"}, {"36": "W"}, {"36": "W"}, {"36": "W"}, {"36": "W"}, {"36": "S"}, {"36": "S"}, {"36": "W"}, {"36": "W"}, {"36": "W"}, {"36": "W"}, {"36": "W"}, {"36": "W"}, {"36": "W"}, {"36": "W"}, {"36": "W"}, {"36": "S"}, {"36": "W"}, {"36": "W"}, {"36": "W"}, {"20": "W"}, {"20": "W"}, {"20": "S"}, {"20": "W"}, {"20": "W"}, {"20": "W"}, {"20": "W"}, {"20": "W"}, {"20": "W"}, {"20": "W"}, {"20": "W"}, {"20": "S"}, {"20": "W"}, {"20": "W"}, {"20": "S"}, {"20": "S"}, {"20": "S"}, {"20": "S"}, {"20": "S"}, {"20": "S"}, {"20": "S"}, {"20": "W"}, {"20": "W"}, {"20": "W"}, {"20": "S"}, {"20": "S"}, {"15": "S"}, {"15": "E"}, {"15": "E"}, {"15": "E"}, {"15": "E"}, {"15": "E"}, {"15": "E"}, {"15": "S"}, {"15": "E"}, {"15": "E"}, {"15": "E"}, {"15": "E"}, {"15": "S"}, {"15": "S"}, {"15": "S"}, {"15": "S"}, {"15": "S"}, {"15": "E"}, {"15": "S"}, {"15": "E"}, {"15": "E"}, {"15": "S"}, {"15": "S"}, {"15": "S"}, {"15": "S"}, {"15": "S"}, {"15": "E"}, {"15": "E"}, {"15": "E"}, {"15": "E"}, {"15": "S"}, {"15": "S"}, {"14": "E"}, {"14": "S"}, {"14": "S"}, {"14": "S"}, {"14": "S"}, {"14": "E"}, {"14": "S"}, {"14": "E"}, {"14": "E"}, {"14": "E"}, {"14": "S"}, {"14": "S"}, {"14": "S"}, {"14": "S"}, {"14": "S"}, {"14": "S"}, {"14": "S"}, {"14": "E"}, {"14": "E"}, {"14": "E"}, {"14": "S"}, {"157": "E"}, {"157": "E"}, {"157": "E"}, {"157": "E"}, {"157": "E"}, {"157": "S"}, {"157": "S"}, {"157": "S"}, {"157": "S"}, {"157": "E"}, {"147": "W"}, {"147": "W"}, {"147": "S"}, {"147": "S"}, {"147": "E"}, {"147": "S"}, {"147": "S"}, {"147": "S"}, {"147": "S"}, {"147": "S"}, {"147": "W"}, {"147": "S"}, {"147": "W"}, {"147": "S"}, {"147": "W"}, {"147": "S"}, {"147": "S"}, {"147": "S"}, {"147": "S"}, {"147": "W"}, {"147": "S"}, {"147": "W"}, {"147": "S"}, {"147": "S"}, {"147": "S"}, {"147": "S"}, {"147": "S"}, {"147": "S"}, {"47": "S"}, {"47": "W"}, {"47": "W"}, {"47": "S"}, {"47": "W"}, {"47": "W"}, {"47": "W"}, {"47": "W"}, {"47": "N"}, {"47": "W"}, {"47": "W"}, {"47": "W"}, {"47": "W"}, {"47": "W"}, {"47": "W"}, {"47": "W"}, {"47": "W"}, {"47": "W"}, {"47": "W"}, {"47": "W"}, {"47": "W"}, {"47": "W"}, {"47": "W"}, {"47": "W"}, {"47": "S"}, {"47": "S"}, {"47": "S"}, {"47": "S"}, {"47": "W"}, {"47": "W"}, {"47": "W"}, {"47": "S"}, {"47": "S"}, {"42": "W"}, {"42": "W"}, {"42": "N"}, {"42": "W"}, {"42": "W"}, {"42": "W"}, {"42": "W"}, {"42": "W"}, {"42": "W"}, {"42": "W"}, {"42": "W"}, {"42": "S"}, {"42": "W"}, {"42": "W"}, {"42": "W"}, {"42": "S"}, {"42": "S"}, {"42": "W"}, {"42": "W"}, {"42": "W"}, {"42": "N"}, {"42": "N"}, {"42": "W"}, {"42": "W"}, {"42": "W"}, {"42": "W"}, {"42": "W"}, {"42": "W"}, {"42": "W"}, {"42": "W"}, {"42": "W"}, {"42": "W"}, {"42": "N"}, {"155": "S"}, {"155": "W"}, {"155": "W"}, {"155": "N"}, {"155": "W"}, {"155": "W"}, {"155": "S"}, {"155": "W"}, {"155": "W"}, {"155": "W"}, {"155": "W"}, {"155": "N"}, {"155": "W"}, {"155": "W"}, {"155": "S"}, {"155": "W"}, {"155": "W"}, {"155": "W"}, {"155": "W"}, {"155": "W"}, {"155": "W"}, {"155": "W"}, {"155": "W"}, {"155": "W"}, {"155": "W"}, {"155": "S"}, {"155": "S"}, {"155": "S"}, {"155": "W"}, {"155": "S"}, {"145": "W"}, {"145": "N"}, {"145": "N"}, {"145": "N"}, {"145": "N"}, {"145": "N"}, {"145": "N"}, {"145": "N"}, {"145": "N"}, {"37": "W"}, {"37": "N"}, {"37": "N"}, {"37": "W"}, {"37": "W"}, {"37": "W"}, {"37": "W"}, {"37": "W"}, {"37": "W"}, {"37": "W"}, {"37": "W"}, {"37": "W"}, {"37": "W"}, {"37": "W"}, {"37": "W"}, {"37": "W"}, {"37": "W"}, {"37": "N"}, {"37": "N"}, {"37": "N"}, {"37": "N"}, {"37": "N"}, {"37": "N"}, {"37": "N"}, {"37": "N"}, {"37": "N"}, {"37": "N"}, {"37": "N"}, {"37": "N"}, {"37": "N"}, {"26": "W"}, {"26": "S"}, {"26": "S"}, {"26": "W"}, {"26": "W"}, {"26": "W"}, {"26": "S"}, {"26": "S"}, {"26": "S"}, {"26": "S"}, {"26": "W"}, {"26": "S"}, {"26": "S"}, {"26": "S"}, {"26": "S"}, {"26": "S"}, {"26": "S"}, {"26": "S"}, {"26": "S"}, {"26": "S"}, {"26": "S"}, {"26": "S"}, {"26": "S"}, {"26": "W"}, {"26": "S"}, {"26": "S"}, {"26": "S"}, {"26": "S"}, {"26": "S"}, {"26": "W"}, {"26": "S"}, {"26": "S"}, {"26": "S"}, {"26": "W"}, {"26": "S"}, {"22": "E"}, {"22": "S"}, {"22": "S"}, {"22": "S"}, {"22": "S"}, {"22": "S"}, {"22": "W"}, {"22": "S"}, {"22": "W"}, {"22": "S"}, {"22": "S"}, {"22": "W"}, {"22": "S"}, {"22": "S"}, {"22": "S"}, {"22": "W"}, {"22": "W"}, {"22": "S"}, {"22": "S"}, {"22": "S"}, {"22": "S"}, {"22": "S"}, {"22": "W"}, {"22": "S"}, {"22": "S"}, {"22": "S"}, {"22": "S"}, {"22": "S"}, {"22": "S"}, {"22": "W"}, {"22": "S"}, {"123": "S"}, {"123": "W"}, {"123": "W"}, {"123": "W"}, {"123": "W"}, {"123": "W"}, {"123": "W"}, {"123": "W"}, {"123": "W"}, {"123": "W"}, {"123": "W"}, {"123": "W"}, {"123": "W"}, {"123": "W"}, {"123": "W"}, {"123": "S"}, {"123": "W"}, {"123": "W"}, {"123": "W"}, {"123": "W"}, {"123": "S"}, {"123": "S"}, {"123": "W"}, {"123": "W"}, {"123": "W"}, {"123": "W"}, {"123": "W"}, {"123": "S"}, {"123": "S"}, {"123": "S"}, {"123": "S"}, {"123": "W"}, {"123": "S"}, {"123": "S"}, {"123": "S"}, {"123": "S"}, {"123": "S"}, {"123": "W"}, {"24": "S"}, {"24": "E"}, {"24": "E"}, {"24": "E"}, {"24": "E"}, {"24": "E"}, {"24": "E"}, {"24": "E"}, {"24": "E"}, {"24": "E"}, {"24": "E"}, {"24": "S"}, {"24": "E"}, {"24": "E"}, {"24": "E"}, {"24": "E"}, {"24": "S"}, {"24": "S"}, {"24": "S"}, {"24": "S"}, {"24": "S"}, {"24": "E"}, {"24": "S"}, {"24": "E"}, {"24": "E"}, {"24": "S"}, {"24": "S"}, {"24": "S"}, {"24": "S"}, {"24": "S"}, {"24": "E"}, {"24": "E"}, {"24": "S"}, {"24": "S"}, {"24": "S"}, {"45": "S"}, {"45": "E"}, {"45": "E"}, {"45": "S"}, {"45": "S"}, {"45": "S"}, {"45": "E"}, {"45": "S"}, {"45": "S"}, {"45": "S"}, {"45": "E"}, {"45": "S"}, {"45": "S"}, {"45": "S"}, {"45": "S"}, {"45": "S"}, {"45": "E"}, {"45": "E"}, {"45": "S"}, {"45": "S"}, {"88": "S"}, {"88": "S"}, {"88": "S"}, {"88": "S"}, {"88": "S"}, {"88": "S"}, {"88": "W"}, {"88": "S"}, {"88": "W"}, {"88": "S"}, {"88": "W"}, {"88": "S"}, {"88": "S"}, {"88": "S"}, {"88": "S"}, {"88": "W"}, {"88": "S"}, {"88": "W"}, {"88": "W"}, {"88": "S"}, {"88": "S"}, {"88": "W"}, {"88": "S"}, {"88": "S"}, {"88": "S"}, {"88": "S"}, {"88": "S"}, {"88": "E"}, {"88": "S"}, {"88": "S"}, {"88": "S"}, {"40": "W"}, {"40": "S"}, {"40": "S"}, {"40": "E"}, {"40": "E"}, {"40": "E"}, {"40": "S"}, {"40": "S"}, {"40": "S"}, {"40": "E"}, {"40": "S"}, {"40": "S"}, {"40": "S"}, {"40": "E"}, {"40": "S"}, {"40": "S"}, {"40": "S"}, {"40": "S"}, {"40": "S"}, {"40": "E"}, {"40": "E"}, {"40": "S"}, {"40": "E"}, {"40": "S"}, {"40": "E"}, {"40": "S"}, {"40": "S"}, {"40": "E"}, {"40": "S"}, {"40": "S"}, {"40": "S"}, {"40": "S"}, {"40": "S"}, {"40": "S"}, {"158": "E"}, {"158": "N"}, {"158": "N"}, {"158": "N"}, {"158": "W"}, {"158": "W"}, {"158": "W"}, {"158": "W"}, {"158": "W"}, {"158": "W"}, {"158": "W"}, {"158": "W"}, {"158": "W"}, {"158": "W"}, {"158": "W"}, {"158": "W"}, {"158": "W"}, {"158": "N"}, {"114": "N"}, {"114": "E"}, {"114": "E"}, {"114": "E"}, {"114": "S"}, {"114": "S"}, {"114": "S"}, {"114": "S"}, {"114": "S"}, {"114": "S"}, {"114": "S"}, {"114": "S"}, {"114": "S"}, {"114": "S"}, {"103": "S"}, {"103": "W"}, {"103": "W"}, {"103": "W"}, {"103": "W"}, {"103": "W"}, {"103": "W"}, {"103": "W"}, {"103": "W"}, {"103": "W"}, {"103": "W"}, {"103": "W"}, {"103": "S"}, {"103": "W"}, {"103": "W"}, {"103": "W"}, {"103": "S"}, {"103": "S"}, {"103": "W"}, {"103": "W"}, {"103": "W"}, {"103": "W"}, {"103": "W"}, {"103": "W"}, {"103": "S"}, {"103": "S"}, {"103": "S"}, {"103": "W"}, {"103": "W"}, {"103": "S"}, {"103": "W"}, {"103": "W"}, {"103": "W"}, {"103": "W"}, {"103": "W"}, {"103": "W"}, {"103": "W"}, {"52": "W"}, {"52": "S"}, {"52": "S"}, {"52": "S"}, {"52": "S"}, {"52": "S"}, {"52": "W"}, {"52": "S"}, {"52": "W"}, {"52": "S"}, {"52": "S"}, {"52": "W"}, {"52": "S"}, {"52": "S"}, {"52": "S"}, {"52": "W"}, {"52": "W"}, {"52": "S"}, {"52": "S"}, {"52": "S"}, {"52": "S"}, {"52": "S"}, {"52": "W"}, {"52": "S"}, {"52": "S"}, {"52": "S"}, {"52": "S"}, {"52": "S"}, {"52": "S"}, {"52": "W"}, {"52": "W"}, {"52": "W"}, {"52": "S"}, {"52": "S"}, {"52": "S"}, {"52": "S"}, {"52": "S"}, {"52": "S"}, {"52": "S"}, {"111": "N"}, {"111": "N"}, {"111": "W"}, {"111": "W"}, {"111": "W"}, {"111": "W"}, {"111": "W"}, {"111": "W"}, {"111": "W"}, {"111": "W"}, {"111": "W"}, {"111": "W"}, {"111": "W"}, {"111": "W"}, {"111": "S"}, {"111": "W"}, {"111": "W"}, {"111": "W"}, {"111": "S"}, {"111": "S"}, {"111": "W"}, {"111": "W"}, {"111": "W"}, {"111": "W"}, {"111": "W"}, {"111": "W"}, {"111": "S"}, {"111": "S"}, {"111": "S"}, {"111": "W"}, {"111": "W"}, {"111": "S"}, {"111": "W"}, {"111": "W"}, {"111": "W"}, {"111": "W"}, {"111": "W"}, {"111": "W"}, {"111": "N"}, {"111": "W"}, {"111": "W"}, {"111": "S"}, {"102": "N"}, {"102": "W"}, {"102": "W"}, {"102": "W"}, {"102": "W"}, {"102": "W"}, {"102": "W"}, {"102": "W"}, {"102": "W"}, {"102": "W"}, {"102": "W"}, {"102": "W"}, {"102": "W"}, {"102": "W"}, {"102": "S"}, {"102": "W"}, {"102": "W"}, {"102": "W"}, {"102": "W"}, {"102": "S"}, {"102": "S"}, {"102": "W"}, {"102": "W"}, {"102": "W"}, {"102": "W"}, {"102": "W"}, {"102": "W"}, {"102": "W"}, {"102": "W"}, {"102": "W"}, {"102": "S"}, {"102": "S"}, {"102": "S"}, {"102": "S"}, {"102": "W"}, {"102": "W"}, {"102": "S"}, {"102": "S"}, {"102": "S"}, {"102": "S"}, {"102": "S"}, {"102": "S"}, {"102": "S"}, {"102": "S"}, {"102": "W"}, {"102": "S"}, {"172": "W"}, {"172": "S"}, {"172": "S"}, {"172": "W"}, {"172": "W"}, {"172": "W"}, {"172": "W"}, {"172": "W"}, {"172": "W"}, {"172": "W"}, {"172": "W"}, {"172": "W"}, {"172": "W"}, {"172": "W"}, {"172": "W"}, {"172": "W"}, {"172": "W"}, {"172": "S"}, {"172": "S"}, {"172": "S"}, {"172": "S"}, {"172": "S"}, {"172": "W"}, {"172": "S"}, {"172": "W"}, {"172": "S"}, {"172": "W"}, {"172": "S"}, {"172": "S"}, {"172": "S"}, {"172": "S"}, {"172": "W"}, {"172": "S"}, {"172": "W"}, {"172": "W"}, {"172": "S"}, {"172": "S"}, {"172": "W"}, {"172": "S"}, {"172": "S"}, {"172": "S"}, {"172": "S"}, {"172": "S"}, {"172": "S"}, {"172": "S"}, {"172": "S"}, {"172": "S"}, {"172": "S"}, {"172": "S"}, {"172": "S"}, {"172": "S"}, {"172": "S"}, {"63": "W"}, {"63": "S"}, {"63": "S"}, {"63": "S"}, {"63": "S"}, {"63": "S"}, {"63": "S"}, {"63": "W"}, {"63": "S"}, {"63": "S"}, {"63": "S"}, {"63": "S"}, {"63": "S"}, {"63": "E"}, {"63": "S"}, {"63": "S"}, {"63": "S"}, {"63": "W"}, {"63": "W"}, {"63": "S"}, {"63": "S"}, {"63": "S"}, {"63": "S"}, {"63": "S"}, {"63": "W"}, {"63": "S"}, {"63": "S"}, {"63": "S"}, {"63": "S"}, {"63": "S"}, {"63": "S"}, {"63": "W"}, {"63": "W"}, {"63": "S"}, {"63": "S"}, {"63": "S"}, {"63": "S"}, {"63": "S"}, {"63": "S"}, {"63": "S"}, {"63": "S"}, {"63": "W"}, {"63": "W"}, {"63": "S"}, {"49": "S"}, {"49": "E"}, {"49": "E"}, {"49": "E"}, {"49": "E"}, {"49": "S"}, {"49": "S"}, {"49": "S"}, {"49": "S"}, {"49": "S"}, {"49": "E"}, {"49": "S"}, {"49": "S"}, {"49": "S"}], "result": "SUCCESS", "makespan": 5239, "sum": 6786, "algo_name": "OutAndInBFS_default"}