{"instance": "small_012_20x20_70_186", "steps": [{"0": "N", "1": "E", "3": "S", "4": "S", "5": "E", "14": "N", "26": "N", "31": "N", "33": "S", "39": "E", "41": "E", "56": "N", "59": "S", "62": "S", "72": "S", "73": "S", "79": "E", "81": "E", "85": "N", "91": "N", "94": "E", "104": "E", "105": "N", "107": "E", "111": "S", "116": "S", "120": "E", "123": "W", "126": "W", "129": "E", "134": "W", "137": "W", "141": "E", "148": "E", "149": "S", "150": "W", "154": "W", "161": "S", "162": "S", "164": "E", "165": "W", "166": "S", "170": "W", "171": "S", "180": "W", "184": "N", "185": "W", "8": "E", "11": "N", "13": "S", "15": "S", "16": "S", "19": "N", "23": "S", "24": "E", "27": "E", "32": "S", "37": "N", "46": "S", "48": "E", "50": "N", "58": "E", "63": "W", "67": "E", "68": "N", "76": "S", "89": "S", "90": "E", "97": "E", "112": "S", "115": "S", "124": "E", "140": "E", "142": "W", "144": "E", "151": "E", "158": "S", "160": "W", "174": "N", "181": "S", "182": "S", "2": "N", "7": "N", "12": "S", "21": "E", "29": "E", "40": "E", "52": "S", "54": "E", "57": "E", "61": "N", "64": "S", "80": "N", "84": "E", "87": "N", "102": "S", "103": "S", "113": "E", "114": "N", "121": "E", "125": "N", "132": "N", "146": "E", "153": "W", "167": "E", "173": "E", "179": "W", "183": "S", "10": "S", "22": "S", "28": "S", "30": "N", "34": "E", "36": "S", "45": "S", "47": "E", "77": "E", "78": "E", "98": "N", "100": "E", "108": "E", "109": "E", "110": "N", "119": "E", "130": "W", "131": "W", "138": "N", "157": "S", "178": "E", "42": "S", "43": "S", "44": "N", "55": "E", "69": "S", "70": "E", "74": "E", "75": "S", "95": "E", "101": "E", "106": "S", "135": "E", "139": "N", "145": "S", "156": "S", "159": "E", "175": "E", "9": "E", "25": "S", "49": "E", "66": "S", "82": "S", "117": "N", "118": "S", "133": "W", "143": "E", "147": "N", "168": "E", "169": "S", "176": "E", "177": "S", "6": "E", "38": "E", "51": "E", "65": "E", "96": "W", "122": "W", "152": "N", "35": "W", "172": "E", "18": "S", "86": "S", "127": "W"}, {"0": "N", "1": "E", "3": "S", "4": "S", "5": "E", "14": "N", "26": "N", "31": "N", "33": "S", "39": "E", "41": "E", "56": "N", "59": "S", "62": "S", "72": "S", "73": "S", "79": "E", "81": "E", "85": "N", "91": "N", "94": "E", "104": "E", "105": "N", "107": "E", "111": "S", "116": "S", "120": "E", "123": "W", "126": "W", "129": "E", "134": "W", "137": "W", "141": "E", "148": "E", "149": "S", "150": "W", "154": "W", "161": "S", "162": "S", "164": "E", "165": "W", "166": "S", "170": "W", "171": "S", "180": "W", "184": "N", "185": "W", "8": "E", "11": "N", "13": "S", "15": "S", "16": "S", "19": "N", "23": "S", "24": "E", "27": "E", "32": "S", "37": "N", "46": "S", "48": "E", "50": "N", "58": "E", "63": "W", "67": "E", "68": "N", "76": "S", "89": "S", "90": "E", "97": "E", "112": "S", "115": "S", "124": "E", "140": "E", "142": "W", "144": "E", "151": "E", "158": "S", "160": "W", "174": "N", "181": "S", "182": "S", "2": "N", "7": "N", "12": "S", "21": "E", "29": "E", "40": "E", "52": "S", "54": "E", "57": "E", "61": "N", "64": "S", "80": "N", "84": "E", "87": "N", "102": "S", "103": "S", "113": "E", "114": "N", "121": "E", "125": "N", "132": "N", "146": "E", "153": "W", "167": "E", "173": "E", "179": "W", "183": "S", "10": "S", "22": "S", "28": "S", "30": "N", "34": "E", "36": "S", "45": "S", "47": "E", "77": "E", "78": "E", "98": "N", "99": "W", "100": "E", "108": "E", "109": "E", "110": "N", "119": "E", "130": "W", "131": "W", "138": "N", "157": "S", "178": "E", "42": "S", "44": "N", "55": "E", "69": "S", "70": "E", "74": "E", "75": "S", "95": "E", "101": "E", "106": "S", "135": "E", "139": "N", "145": "S", "156": "S", "159": "E", "175": "E", "9": "E", "25": "S", "49": "E", "53": "W", "66": "S", "82": "S", "117": "N", "118": "S", "133": "W", "143": "E", "147": "N", "168": "E", "169": "S", "176": "E", "177": "S", "6": "E", "38": "E", "51": "E", "65": "E", "122": "W", "152": "N", "20": "S", "163": "S", "172": "E", "92": "W", "127": "W"}, {"14": "W", "31": "N", "56": "N", "85": "N", "91": "N", "105": "N", "3": "W", "4": "S", "33": "S", "59": "S", "62": "S", "73": "S", "111": "S", "149": "S", "161": "S", "162": "S", "166": "W", "171": "S", "123": "N", "150": "N", "154": "W", "1": "E", "39": "E", "41": "E", "79": "E", "81": "E", "94": "E", "104": "S", "107": "E", "120": "E", "141": "E", "148": "E", "164": "E", "8": "E", "11": "N", "13": "S", "15": "S", "16": "S", "19": "N", "23": "S", "24": "E", "27": "E", "32": "S", "37": "N", "46": "S", "48": "E", "50": "N", "58": "E", "63": "W", "67": "E", "68": "N", "76": "S", "89": "S", "90": "E", "97": "E", "112": "S", "115": "S", "124": "E", "140": "E", "142": "W", "144": "E", "151": "E", "158": "S", "160": "W", "174": "N", "181": "S", "182": "S", "2": "N", "7": "N", "12": "S", "21": "E", "29": "E", "40": "E", "52": "S", "54": "E", "57": "E", "61": "N", "64": "S", "80": "N", "84": "E", "87": "N", "102": "S", "103": "S", "113": "E", "114": "N", "121": "E", "125": "N", "132": "N", "146": "E", "153": "W", "167": "E", "173": "E", "179": "W", "183": "S", "10": "S", "22": "S", "28": "S", "30": "N", "34": "E", "36": "S", "45": "S", "47": "E", "77": "E", "78": "E", "98": "N", "99": "S", "100": "E", "108": "E", "109": "E", "110": "N", "119": "E", "130": "W", "131": "W", "138": "N", "157": "S", "178": "E", "42": "S", "43": "S", "44": "N", "55": "E", "69": "S", "70": "E", "74": "E", "75": "S", "95": "E", "101": "E", "106": "S", "135": "E", "139": "N", "145": "S", "156": "S", "159": "E", "175": "E", "9": "E", "25": "S", "49": "E", "53": "S", "66": "S", "82": "S", "93": "E", "117": "N", "118": "S", "133": "W", "143": "E", "147": "N", "168": "E", "169": "S", "176": "E", "177": "S", "6": "E", "38": "E", "51": "E", "65": "E", "96": "S", "122": "W", "152": "N", "20": "E", "35": "S", "88": "N", "163": "W", "172": "E", "18": "S", "155": "E", "86": "S", "128": "E", "92": "S", "127": "N"}, {"26": "N", "31": "N", "56": "N", "85": "N", "91": "N", "105": "N", "11": "N", "19": "N", "37": "N", "50": "N", "68": "N", "174": "N", "33": "S", "59": "S", "62": "S", "73": "S", "161": "S", "162": "S", "171": "S", "16": "S", "46": "S", "76": "S", "89": "S", "115": "S", "158": "S", "181": "S", "182": "S", "126": "W", "154": "N", "185": "W", "63": "N", "160": "W", "1": "E", "39": "E", "41": "E", "79": "N", "81": "E", "94": "E", "107": "S", "129": "E", "141": "E", "148": "E", "8": "E", "24": "E", "27": "N", "67": "E", "90": "E", "97": "E", "140": "E", "144": "E", "151": "E", "2": "N", "7": "N", "12": "S", "21": "E", "29": "E", "40": "E", "52": "S", "54": "E", "61": "N", "64": "S", "80": "N", "84": "E", "87": "N", "102": "S", "103": "S", "113": "E", "114": "N", "121": "E", "125": "N", "132": "N", "146": "E", "153": "W", "167": "E", "173": "E", "179": "W", "183": "S", "10": "S", "22": "S", "28": "S", "30": "N", "34": "E", "36": "S", "45": "S", "47": "E", "77": "E", "78": "E", "98": "N", "99": "S", "100": "E", "108": "E", "110": "N", "119": "E", "130": "W", "131": "W", "138": "N", "157": "S", "178": "E", "42": "S", "43": "S", "44": "N", "55": "E", "69": "S", "70": "E", "74": "E", "75": "S", "95": "E", "101": "E", "106": "S", "135": "E", "139": "N", "145": "S", "156": "S", "159": "E", "175": "E", "9": "E", "25": "S", "49": "E", "53": "S", "66": "S", "82": "S", "93": "S", "117": "N", "118": "S", "133": "W", "143": "E", "147": "N", "168": "E", "169": "S", "176": "E", "177": "S", "6": "E", "38": "E", "51": "E", "65": "E", "96": "S", "122": "W", "152": "N", "20": "E", "35": "S", "88": "E", "163": "W", "172": "E", "18": "S", "60": "E", "155": "S", "17": "E", "86": "S", "92": "S", "127": "N"}, {"31": "N", "56": "N", "85": "W", "91": "N", "105": "N", "11": "N", "37": "N", "50": "N", "174": "N", "7": "N", "61": "N", "80": "N", "114": "N", "33": "W", "59": "S", "73": "S", "161": "S", "162": "W", "171": "S", "13": "S", "46": "S", "76": "E", "89": "S", "181": "S", "182": "S", "52": "S", "103": "S", "183": "S", "137": "W", "185": "W", "142": "W", "160": "N", "179": "W", "39": "E", "41": "N", "79": "E", "81": "E", "120": "E", "148": "E", "8": "E", "24": "E", "27": "E", "58": "E", "90": "E", "124": "E", "144": "E", "21": "S", "40": "E", "84": "E", "146": "E", "173": "E", "57": "E", "10": "S", "22": "S", "30": "N", "34": "E", "36": "S", "45": "S", "47": "E", "77": "E", "78": "E", "98": "N", "99": "S", "100": "E", "109": "E", "110": "N", "119": "E", "130": "W", "131": "W", "138": "N", "157": "S", "178": "E", "42": "S", "43": "S", "44": "N", "55": "E", "69": "S", "70": "E", "74": "E", "75": "S", "95": "E", "101": "E", "135": "E", "139": "N", "145": "S", "156": "S", "159": "E", "175": "E", "9": "E", "25": "S", "49": "E", "53": "S", "66": "S", "82": "S", "93": "S", "117": "N", "118": "S", "133": "W", "143": "E", "147": "N", "168": "E", "176": "E", "177": "S", "6": "E", "38": "E", "51": "E", "65": "E", "96": "S", "122": "W", "152": "N", "20": "E", "35": "S", "88": "E", "163": "W", "172": "E", "18": "S", "60": "N", "155": "E", "71": "W", "86": "S", "128": "E", "92": "S", "127": "N"}, {"31": "N", "56": "N", "11": "N", "19": "N", "50": "N", "7": "N", "80": "N", "132": "N", "98": "N", "110": "N", "33": "S", "59": "S", "73": "S", "111": "S", "161": "S", "162": "S", "171": "S", "13": "S", "46": "S", "89": "S", "112": "S", "115": "S", "158": "S", "181": "S", "182": "S", "12": "S", "52": "S", "102": "S", "103": "S", "183": "S", "10": "S", "22": "S", "36": "S", "45": "S", "157": "S", "142": "W", "39": "E", "41": "E", "79": "E", "104": "E", "120": "E", "129": "E", "148": "E", "8": "E", "24": "E", "27": "E", "58": "E", "90": "E", "124": "E", "140": "E", "21": "E", "40": "E", "113": "E", "121": "E", "146": "E", "173": "E", "57": "E", "34": "E", "47": "E", "77": "E", "100": "E", "119": "E", "178": "E", "28": "S", "99": "S", "108": "E", "109": "E", "42": "S", "43": "S", "44": "N", "55": "E", "69": "S", "70": "E", "74": "E", "75": "S", "95": "E", "101": "E", "106": "S", "135": "E", "139": "N", "145": "S", "156": "S", "159": "E", "175": "E", "9": "E", "25": "S", "49": "E", "53": "S", "66": "S", "82": "S", "117": "N", "118": "S", "133": "W", "143": "E", "147": "N", "168": "E", "169": "S", "176": "E", "177": "S", "6": "E", "38": "E", "51": "E", "65": "E", "96": "S", "122": "W", "152": "N", "20": "E", "35": "S", "88": "E", "163": "W", "172": "E", "18": "S", "60": "E", "136": "W", "155": "E", "17": "E", "86": "S", "128": "S", "92": "S", "127": "N"}, {"56": "N", "19": "N", "50": "N", "7": "N", "87": "N", "132": "N", "98": "N", "139": "N", "33": "S", "59": "S", "111": "S", "161": "S", "162": "S", "171": "S", "13": "S", "46": "S", "89": "S", "112": "S", "115": "S", "158": "S", "182": "S", "12": "S", "52": "S", "102": "S", "183": "S", "10": "S", "22": "S", "36": "S", "157": "S", "28": "S", "99": "S", "42": "S", "69": "S", "75": "S", "145": "S", "137": "W", "142": "N", "130": "W", "39": "E", "41": "E", "104": "E", "129": "E", "148": "E", "8": "E", "24": "E", "90": "E", "124": "S", "140": "E", "40": "E", "113": "E", "121": "E", "146": "E", "173": "E", "34": "E", "47": "E", "77": "E", "100": "E", "119": "E", "108": "E", "55": "E", "70": "E", "95": "E", "101": "E", "135": "E", "175": "E", "43": "S", "106": "S", "9": "E", "25": "S", "49": "E", "53": "S", "66": "S", "82": "S", "93": "S", "117": "N", "118": "S", "133": "W", "143": "E", "147": "N", "168": "E", "169": "S", "176": "E", "177": "S", "6": "E", "38": "E", "51": "E", "65": "E", "96": "S", "122": "W", "152": "N", "20": "E", "35": "S", "88": "E", "163": "W", "172": "E", "18": "S", "60": "E", "136": "S", "155": "E", "17": "N", "71": "S", "86": "S", "128": "E", "92": "S", "127": "N"}, {"56": "N", "19": "W", "50": "N", "7": "N", "98": "N", "139": "N", "117": "N", "33": "S", "111": "S", "161": "E", "112": "S", "115": "S", "158": "S", "12": "S", "102": "S", "10": "S", "28": "S", "99": "S", "69": "S", "43": "S", "106": "S", "25": "S", "82": "S", "137": "W", "130": "W", "133": "W", "39": "E", "41": "E", "129": "E", "148": "E", "8": "E", "24": "E", "90": "E", "140": "S", "40": "S", "121": "E", "146": "E", "173": "E", "34": "E", "47": "E", "100": "E", "119": "E", "108": "E", "55": "E", "70": "E", "101": "E", "175": "E", "9": "E", "49": "E", "143": "E", "176": "E", "53": "S", "93": "S", "169": "S", "6": "E", "38": "E", "51": "E", "65": "E", "96": "S", "122": "W", "152": "N", "20": "E", "35": "S", "88": "E", "163": "W", "172": "E", "18": "S", "60": "E", "136": "S", "155": "E", "17": "E", "71": "S", "86": "S", "128": "E", "92": "S", "127": "N"}, {"56": "W", "50": "W", "7": "W", "132": "N", "98": "W", "139": "W", "115": "S", "158": "S", "182": "S", "12": "S", "102": "S", "10": "S", "99": "S", "69": "S", "43": "S", "25": "S", "82": "S", "53": "S", "41": "E", "129": "E", "24": "E", "113": "E", "121": "E", "47": "E", "77": "E", "119": "E", "108": "E", "55": "E", "70": "E", "95": "E", "9": "E", "143": "E", "38": "E", "65": "E", "93": "S", "96": "S", "20": "E", "35": "S", "88": "E", "163": "W", "172": "E", "18": "S", "60": "E", "136": "S", "155": "E", "17": "E", "71": "S", "86": "S", "128": "E", "92": "S", "127": "N"}, {"132": "N", "117": "N", "152": "N", "33": "S", "111": "S", "112": "S", "115": "W", "158": "S", "182": "S", "102": "S", "10": "S", "28": "S", "99": "S", "43": "S", "106": "S", "82": "S", "53": "S", "169": "S", "96": "S", "137": "W", "130": "W", "133": "W", "122": "W", "39": "E", "8": "E", "24": "E", "113": "E", "173": "E", "47": "E", "77": "E", "100": "E", "119": "N", "70": "E", "95": "E", "175": "E", "9": "E", "49": "E", "6": "E", "65": "E", "83": "W", "93": "S", "20": "E", "35": "S", "88": "E", "163": "W", "18": "S", "60": "E", "155": "E", "17": "E", "86": "S", "128": "E", "92": "S", "127": "N"}, {"132": "W", "117": "E", "158": "S", "182": "W", "12": "S", "102": "S", "99": "S", "69": "S", "43": "S", "25": "S", "82": "S", "53": "S", "96": "S", "35": "S", "41": "E", "129": "E", "24": "S", "113": "S", "121": "E", "47": "E", "77": "N", "108": "E", "55": "E", "70": "E", "9": "E", "143": "E", "38": "E", "65": "E", "172": "E", "83": "S", "88": "E", "18": "S", "60": "E", "136": "S", "155": "E", "17": "E", "71": "S", "86": "S", "128": "E", "92": "S", "127": "N"}, {"152": "N", "158": "S", "12": "S", "102": "S", "10": "S", "99": "S", "69": "S", "43": "S", "25": "S", "82": "S", "53": "S", "96": "S", "35": "S", "18": "S", "39": "E", "8": "E", "173": "E", "47": "E", "100": "E", "55": "S", "70": "E", "95": "E", "175": "E", "9": "E", "49": "E", "6": "E", "65": "E", "20": "E", "83": "S", "60": "E", "136": "S", "155": "E", "17": "E", "71": "S", "86": "S", "128": "E", "92": "S", "127": "N"}, {"152": "N", "158": "S", "12": "W", "102": "S", "10": "E", "99": "S", "43": "S", "53": "S", "96": "S", "35": "S", "18": "S", "86": "S", "41": "E", "129": "E", "121": "E", "47": "E", "108": "E", "70": "E", "95": "S", "9": "E", "143": "E", "38": "E", "65": "E", "172": "E", "88": "E", "83": "S", "60": "E", "136": "S", "17": "E", "71": "S", "128": "E", "92": "S", "127": "N"}, {"152": "E", "127": "N", "158": "W", "102": "W", "99": "W", "69": "S", "43": "E", "25": "S", "82": "S", "53": "E", "96": "E", "35": "E", "18": "E", "39": "E", "8": "E", "173": "E", "47": "S", "100": "E", "175": "E", "49": "E", "6": "E", "20": "E", "155": "E", "83": "S", "136": "S", "17": "E", "71": "S", "128": "E"}, {"127": "N", "69": "E", "82": "S", "86": "S", "92": "S", "41": "E", "129": "E", "121": "E", "108": "E", "70": "E", "9": "E", "143": "E", "38": "E", "65": "E", "172": "E", "88": "E", "60": "E", "83": "S", "136": "S", "17": "E", "71": "S"}, {"127": "N", "25": "S", "82": "W", "86": "S", "92": "S", "83": "S", "70": "E", "9": "E", "65": "E", "136": "S", "71": "S"}, {"127": "N", "25": "S", "86": "S", "92": "S", "83": "S", "136": "S", "70": "S", "71": "S"}, {"127": "E", "25": "W", "86": "S", "92": "S", "83": "S", "136": "S", "71": "S", "9": "E", "65": "E"}, {"86": "S", "92": "S", "83": "S", "136": "S", "71": "S", "9": "E", "65": "E"}, {"86": "S", "92": "S", "83": "S", "136": "S", "71": "S", "9": "N"}, {"86": "E", "65": "E"}, {"92": "S", "83": "S", "136": "S", "71": "S", "65": "S"}, {"92": "S", "83": "S", "136": "S", "71": "S"}, {"92": "E"}, {"83": "S", "136": "S", "71": "S"}, {"83": "S", "136": "S", "71": "S"}, {"83": "E"}, {"136": "S", "71": "S"}, {"136": "S", "71": "S"}, {"136": "W"}, {"71": "S"}, {"71": "E"}, {"161": "E"}, {"161": "E"}, {"161": "E"}, {"161": "E"}, {"161": "E"}, {"161": "N"}, {"161": "N"}, {"161": "N"}, {"161": "N"}, {"161": "N"}, {"161": "N"}, {"161": "N"}, {"161": "N"}, {"161": "N"}, {"161": "N"}, {"161": "N"}, {"161": "N"}, {"161": "N"}, {"161": "N"}, {"161": "N"}, {"161": "N"}, {"161": "N"}, {"161": "N"}, {"161": "N"}, {"161": "N"}, {"161": "N"}, {"161": "N"}, {"161": "N"}, {"161": "N"}, {"161": "N"}, {"161": "N"}, {"131": "E"}, {"131": "E"}, {"131": "E"}, {"131": "E"}, {"131": "E"}, {"131": "E"}, {"131": "E"}, {"131": "E"}, {"131": "E"}, {"131": "E"}, {"131": "E"}, {"131": "E"}, {"131": "E"}, {"131": "E"}, {"131": "E"}, {"131": "E"}, {"131": "E"}, {"131": "E"}, {"131": "E"}, {"131": "E"}, {"131": "E"}, {"131": "N"}, {"131": "N"}, {"131": "N"}, {"131": "N"}, {"131": "N"}, {"131": "N"}, {"131": "N"}, {"131": "N"}, {"131": "N"}, {"131": "N"}, {"131": "N"}, {"131": "N"}, {"131": "N"}, {"166": "E"}, {"166": "N"}, {"166": "E"}, {"166": "E"}, {"166": "E"}, {"166": "E"}, {"166": "E"}, {"166": "E"}, {"166": "E"}, {"166": "E"}, {"166": "E"}, {"166": "E"}, {"166": "E"}, {"166": "E"}, {"166": "E"}, {"166": "E"}, {"166": "E"}, {"166": "E"}, {"166": "E"}, {"166": "N"}, {"166": "N"}, {"166": "N"}, {"166": "N"}, {"166": "N"}, {"166": "N"}, {"166": "N"}, {"166": "N"}, {"166": "N"}, {"166": "N"}, {"166": "N"}, {"166": "N"}, {"166": "N"}, {"166": "N"}, {"166": "N"}, {"166": "N"}, {"166": "N"}, {"166": "N"}, {"166": "N"}, {"152": "E"}, {"152": "E"}, {"152": "S"}, {"152": "S"}, {"152": "S"}, {"152": "S"}, {"152": "E"}, {"152": "E"}, {"152": "E"}, {"152": "E"}, {"152": "E"}, {"152": "S"}, {"152": "S"}, {"152": "S"}, {"152": "E"}, {"152": "E"}, {"152": "E"}, {"167": "W"}, {"167": "W"}, {"167": "S"}, {"167": "S"}, {"162": "E"}, {"162": "N"}, {"162": "N"}, {"162": "N"}, {"162": "N"}, {"162": "N"}, {"162": "E"}, {"162": "E"}, {"162": "E"}, {"162": "E"}, {"162": "E"}, {"162": "E"}, {"162": "E"}, {"162": "E"}, {"162": "N"}, {"162": "N"}, {"162": "N"}, {"162": "N"}, {"162": "N"}, {"162": "N"}, {"162": "N"}, {"162": "N"}, {"162": "N"}, {"162": "N"}, {"162": "N"}, {"162": "N"}, {"162": "N"}, {"162": "N"}, {"162": "N"}, {"162": "N"}, {"162": "N"}, {"127": "E"}, {"127": "E"}, {"127": "S"}, {"127": "S"}, {"127": "S"}, {"127": "S"}, {"127": "S"}, {"127": "E"}, {"127": "E"}, {"127": "E"}, {"127": "E"}, {"127": "E"}, {"127": "S"}, {"150": "E"}, {"150": "E"}, {"150": "N"}, {"150": "N"}, {"150": "N"}, {"150": "N"}, {"150": "N"}, {"150": "N"}, {"150": "N"}, {"150": "N"}, {"150": "E"}, {"150": "N"}, {"150": "E"}, {"150": "E"}, {"150": "E"}, {"150": "E"}, {"150": "E"}, {"150": "E"}, {"150": "E"}, {"150": "E"}, {"150": "E"}, {"150": "E"}, {"150": "E"}, {"150": "E"}, {"150": "E"}, {"150": "S"}, {"150": "S"}, {"150": "E"}, {"150": "S"}, {"150": "E"}, {"149": "W"}, {"149": "N"}, {"149": "N"}, {"149": "E"}, {"149": "E"}, {"149": "E"}, {"149": "E"}, {"149": "E"}, {"149": "E"}, {"149": "N"}, {"149": "N"}, {"149": "N"}, {"149": "N"}, {"149": "N"}, {"149": "N"}, {"149": "N"}, {"149": "N"}, {"149": "N"}, {"149": "N"}, {"149": "N"}, {"149": "N"}, {"149": "E"}, {"149": "N"}, {"149": "N"}, {"149": "N"}, {"149": "N"}, {"149": "N"}, {"149": "N"}, {"149": "N"}, {"149": "N"}, {"140": "N"}, {"140": "W"}, {"140": "W"}, {"140": "W"}, {"140": "W"}, {"140": "W"}, {"140": "W"}, {"140": "W"}, {"140": "N"}, {"140": "W"}, {"140": "W"}, {"140": "W"}, {"140": "N"}, {"140": "N"}, {"140": "N"}, {"140": "N"}, {"140": "N"}, {"140": "N"}, {"140": "W"}, {"140": "N"}, {"111": "E"}, {"111": "N"}, {"111": "N"}, {"111": "N"}, {"111": "N"}, {"111": "N"}, {"111": "N"}, {"111": "E"}, {"111": "E"}, {"111": "E"}, {"111": "E"}, {"111": "E"}, {"111": "E"}, {"111": "N"}, {"111": "N"}, {"111": "N"}, {"111": "N"}, {"111": "N"}, {"111": "N"}, {"111": "N"}, {"111": "N"}, {"111": "N"}, {"111": "N"}, {"111": "N"}, {"111": "N"}, {"111": "E"}, {"111": "N"}, {"111": "N"}, {"111": "N"}, {"111": "N"}, {"111": "N"}, {"111": "N"}, {"111": "W"}, {"111": "W"}, {"175": "N"}, {"175": "N"}, {"175": "W"}, {"175": "W"}, {"175": "W"}, {"175": "W"}, {"175": "W"}, {"175": "W"}, {"175": "W"}, {"175": "W"}, {"175": "W"}, {"175": "N"}, {"175": "W"}, {"175": "W"}, {"175": "N"}, {"175": "N"}, {"175": "N"}, {"175": "N"}, {"175": "N"}, {"175": "N"}, {"124": "N"}, {"124": "W"}, {"124": "W"}, {"124": "W"}, {"124": "W"}, {"124": "N"}, {"124": "N"}, {"124": "N"}, {"124": "N"}, {"124": "N"}, {"124": "N"}, {"124": "N"}, {"124": "N"}, {"124": "N"}, {"124": "N"}, {"124": "N"}, {"124": "N"}, {"92": "W"}, {"92": "N"}, {"92": "N"}, {"92": "N"}, {"92": "N"}, {"92": "N"}, {"92": "N"}, {"92": "N"}, {"92": "N"}, {"92": "N"}, {"92": "N"}, {"92": "N"}, {"92": "N"}, {"92": "N"}, {"92": "N"}, {"92": "N"}, {"92": "N"}, {"92": "N"}, {"92": "N"}, {"92": "N"}, {"92": "N"}, {"92": "N"}, {"92": "N"}, {"92": "N"}, {"92": "N"}, {"92": "E"}, {"92": "N"}, {"92": "N"}, {"92": "N"}, {"92": "N"}, {"92": "N"}, {"92": "E"}, {"92": "E"}, {"92": "E"}, {"92": "E"}, {"92": "S"}, {"178": "S"}, {"178": "W"}, {"178": "W"}, {"178": "S"}, {"178": "W"}, {"137": "N"}, {"137": "E"}, {"137": "E"}, {"137": "E"}, {"137": "E"}, {"137": "E"}, {"137": "E"}, {"137": "E"}, {"137": "E"}, {"137": "E"}, {"137": "S"}, {"137": "E"}, {"137": "E"}, {"137": "E"}, {"137": "E"}, {"137": "E"}, {"137": "N"}, {"137": "N"}, {"137": "N"}, {"137": "E"}, {"137": "E"}, {"137": "E"}, {"137": "E"}, {"137": "E"}, {"137": "N"}, {"137": "N"}, {"137": "E"}, {"137": "N"}, {"137": "N"}, {"137": "N"}, {"137": "N"}, {"137": "N"}, {"137": "N"}, {"69": "W"}, {"69": "N"}, {"69": "N"}, {"69": "N"}, {"69": "N"}, {"69": "N"}, {"69": "N"}, {"69": "N"}, {"69": "W"}, {"69": "W"}, {"69": "W"}, {"69": "N"}, {"69": "N"}, {"69": "N"}, {"69": "N"}, {"69": "N"}, {"69": "N"}, {"69": "N"}, {"69": "N"}, {"69": "N"}, {"69": "N"}, {"69": "N"}, {"69": "N"}, {"69": "N"}, {"69": "N"}, {"69": "N"}, {"69": "E"}, {"69": "N"}, {"69": "N"}, {"69": "N"}, {"69": "N"}, {"69": "N"}, {"69": "E"}, {"69": "E"}, {"69": "E"}, {"69": "E"}, {"158": "E"}, {"158": "N"}, {"158": "N"}, {"158": "N"}, {"158": "N"}, {"158": "N"}, {"158": "N"}, {"158": "N"}, {"158": "N"}, {"158": "N"}, {"158": "N"}, {"158": "E"}, {"158": "E"}, {"158": "E"}, {"158": "E"}, {"158": "E"}, {"158": "E"}, {"158": "N"}, {"158": "N"}, {"158": "N"}, {"158": "N"}, {"158": "N"}, {"158": "N"}, {"158": "N"}, {"158": "N"}, {"158": "N"}, {"158": "N"}, {"158": "N"}, {"158": "N"}, {"158": "E"}, {"158": "E"}, {"158": "E"}, {"158": "N"}, {"158": "N"}, {"158": "N"}, {"147": "W"}, {"147": "S"}, {"147": "S"}, {"147": "S"}, {"147": "S"}, {"147": "S"}, {"147": "S"}, {"147": "S"}, {"147": "S"}, {"147": "S"}, {"147": "S"}, {"147": "S"}, {"147": "E"}, {"147": "E"}, {"147": "E"}, {"147": "E"}, {"147": "E"}, {"147": "E"}, {"147": "N"}, {"147": "E"}, {"147": "E"}, {"147": "N"}, {"147": "N"}, {"147": "N"}, {"147": "N"}, {"89": "E"}, {"89": "N"}, {"89": "N"}, {"89": "N"}, {"89": "N"}, {"89": "N"}, {"89": "W"}, {"89": "W"}, {"89": "W"}, {"89": "W"}, {"89": "W"}, {"89": "W"}, {"89": "N"}, {"89": "N"}, {"89": "N"}, {"89": "N"}, {"89": "N"}, {"89": "N"}, {"89": "N"}, {"89": "N"}, {"89": "N"}, {"89": "N"}, {"89": "N"}, {"89": "N"}, {"89": "N"}, {"89": "N"}, {"89": "N"}, {"89": "E"}, {"89": "N"}, {"89": "N"}, {"89": "N"}, {"89": "N"}, {"89": "N"}, {"89": "E"}, {"89": "E"}, {"89": "E"}, {"181": "W"}, {"181": "N"}, {"181": "N"}, {"181": "N"}, {"181": "N"}, {"181": "N"}, {"181": "N"}, {"181": "N"}, {"181": "N"}, {"181": "N"}, {"181": "N"}, {"181": "N"}, {"181": "N"}, {"181": "N"}, {"181": "N"}, {"181": "N"}, {"181": "N"}, {"181": "E"}, {"181": "E"}, {"181": "N"}, {"181": "N"}, {"181": "N"}, {"148": "N"}, {"148": "W"}, {"148": "W"}, {"148": "W"}, {"148": "W"}, {"148": "W"}, {"148": "W"}, {"148": "W"}, {"148": "W"}, {"148": "W"}, {"148": "W"}, {"148": "N"}, {"148": "N"}, {"148": "N"}, {"148": "N"}, {"148": "W"}, {"148": "N"}, {"148": "N"}, {"143": "N"}, {"143": "N"}, {"143": "W"}, {"143": "W"}, {"143": "W"}, {"143": "W"}, {"143": "W"}, {"143": "W"}, {"143": "N"}, {"143": "W"}, {"143": "W"}, {"143": "W"}, {"143": "N"}, {"143": "W"}, {"143": "N"}, {"143": "W"}, {"143": "W"}, {"143": "S"}, {"118": "N"}, {"118": "W"}, {"118": "W"}, {"118": "N"}, {"118": "N"}, {"118": "N"}, {"118": "N"}, {"118": "N"}, {"118": "N"}, {"118": "N"}, {"118": "N"}, {"118": "N"}, {"118": "N"}, {"118": "N"}, {"118": "N"}, {"118": "N"}, {"118": "N"}, {"118": "N"}, {"118": "E"}, {"118": "N"}, {"118": "N"}, {"118": "N"}, {"118": "N"}, {"118": "N"}, {"118": "E"}, {"118": "E"}, {"151": "S"}, {"151": "W"}, {"151": "W"}, {"151": "W"}, {"151": "W"}, {"151": "N"}, {"151": "N"}, {"151": "N"}, {"151": "N"}, {"151": "N"}, {"151": "N"}, {"151": "N"}, {"151": "N"}, {"151": "N"}, {"138": "S"}, {"138": "E"}, {"138": "E"}, {"138": "S"}, {"138": "S"}, {"138": "S"}, {"138": "S"}, {"138": "S"}, {"138": "S"}, {"138": "S"}, {"138": "S"}, {"138": "S"}, {"138": "S"}, {"138": "E"}, {"138": "E"}, {"138": "E"}, {"138": "E"}, {"138": "E"}, {"138": "E"}, {"138": "N"}, {"138": "E"}, {"138": "E"}, {"138": "N"}, {"138": "N"}, {"185": "S"}, {"185": "E"}, {"185": "E"}, {"185": "E"}, {"185": "E"}, {"185": "E"}, {"185": "N"}, {"185": "E"}, {"185": "E"}, {"185": "E"}, {"185": "E"}, {"185": "E"}, {"185": "E"}, {"185": "E"}, {"185": "E"}, {"185": "E"}, {"185": "E"}, {"185": "E"}, {"185": "E"}, {"185": "N"}, {"185": "N"}, {"185": "N"}, {"185": "N"}, {"185": "N"}, {"185": "N"}, {"185": "E"}, {"185": "E"}, {"185": "E"}, {"177": "E"}, {"177": "N"}, {"177": "N"}, {"177": "N"}, {"177": "N"}, {"177": "N"}, {"177": "N"}, {"177": "N"}, {"177": "N"}, {"177": "N"}, {"177": "N"}, {"177": "N"}, {"177": "N"}, {"177": "N"}, {"177": "E"}, {"177": "E"}, {"177": "N"}, {"163": "E"}, {"163": "E"}, {"163": "E"}, {"163": "E"}, {"163": "E"}, {"163": "E"}, {"163": "E"}, {"163": "E"}, {"163": "E"}, {"163": "E"}, {"163": "N"}, {"163": "N"}, {"163": "N"}, {"163": "E"}, {"163": "E"}, {"163": "E"}, {"163": "E"}, {"163": "E"}, {"163": "S"}, {"163": "E"}, {"163": "E"}, {"163": "E"}, {"163": "E"}, {"163": "N"}, {"163": "N"}, {"123": "E"}, {"123": "E"}, {"123": "S"}, {"123": "S"}, {"123": "S"}, {"123": "S"}, {"123": "S"}, {"123": "S"}, {"123": "S"}, {"123": "E"}, {"123": "E"}, {"123": "E"}, {"123": "S"}, {"123": "E"}, {"123": "E"}, {"123": "E"}, {"123": "E"}, {"123": "E"}, {"123": "N"}, {"123": "N"}, {"123": "N"}, {"123": "E"}, {"123": "E"}, {"123": "E"}, {"123": "E"}, {"123": "E"}, {"123": "N"}, {"123": "N"}, {"123": "E"}, {"123": "N"}, {"123": "N"}, {"71": "W"}, {"71": "N"}, {"71": "N"}, {"71": "N"}, {"71": "N"}, {"71": "N"}, {"71": "N"}, {"71": "N"}, {"71": "N"}, {"71": "N"}, {"71": "N"}, {"71": "N"}, {"71": "N"}, {"71": "N"}, {"71": "N"}, {"71": "N"}, {"71": "N"}, {"71": "N"}, {"71": "N"}, {"71": "N"}, {"71": "N"}, {"71": "N"}, {"71": "N"}, {"71": "N"}, {"71": "N"}, {"71": "N"}, {"71": "N"}, {"71": "E"}, {"71": "N"}, {"71": "N"}, {"71": "N"}, {"71": "N"}, {"71": "N"}, {"32": "N"}, {"32": "E"}, {"32": "E"}, {"32": "N"}, {"32": "N"}, {"32": "N"}, {"32": "N"}, {"32": "N"}, {"32": "N"}, {"32": "N"}, {"32": "N"}, {"32": "N"}, {"32": "N"}, {"32": "N"}, {"32": "N"}, {"32": "N"}, {"32": "N"}, {"32": "N"}, {"32": "N"}, {"32": "N"}, {"32": "W"}, {"32": "N"}, {"32": "N"}, {"32": "N"}, {"22": "E"}, {"22": "N"}, {"22": "N"}, {"22": "N"}, {"22": "W"}, {"22": "W"}, {"22": "W"}, {"22": "N"}, {"22": "N"}, {"22": "N"}, {"22": "N"}, {"22": "N"}, {"22": "N"}, {"22": "N"}, {"22": "N"}, {"22": "N"}, {"22": "N"}, {"22": "N"}, {"22": "N"}, {"22": "N"}, {"22": "N"}, {"22": "N"}, {"22": "N"}, {"22": "N"}, {"22": "W"}, {"22": "W"}, {"22": "N"}, {"22": "N"}, {"141": "S"}, {"141": "W"}, {"141": "W"}, {"141": "W"}, {"141": "S"}, {"141": "S"}, {"141": "S"}, {"141": "S"}, {"141": "S"}, {"141": "W"}, {"141": "S"}, {"141": "S"}, {"141": "W"}, {"141": "W"}, {"141": "S"}, {"141": "W"}, {"141": "W"}, {"141": "W"}, {"141": "W"}, {"141": "N"}, {"141": "N"}, {"141": "N"}, {"141": "E"}, {"141": "E"}, {"136": "E"}, {"136": "N"}, {"136": "N"}, {"136": "N"}, {"136": "N"}, {"136": "N"}, {"136": "N"}, {"136": "N"}, {"136": "N"}, {"136": "N"}, {"136": "N"}, {"136": "N"}, {"136": "E"}, {"136": "E"}, {"136": "E"}, {"136": "E"}, {"136": "E"}, {"136": "E"}, {"136": "E"}, {"136": "E"}, {"136": "E"}, {"136": "E"}, {"136": "E"}, {"136": "E"}, {"136": "N"}, {"136": "N"}, {"136": "N"}, {"136": "N"}, {"136": "N"}, {"136": "N"}, {"136": "N"}, {"136": "N"}, {"125": "E"}, {"125": "S"}, {"125": "S"}, {"125": "S"}, {"125": "S"}, {"125": "S"}, {"125": "S"}, {"125": "S"}, {"125": "S"}, {"125": "S"}, {"125": "S"}, {"125": "S"}, {"125": "E"}, {"125": "E"}, {"125": "E"}, {"125": "E"}, {"125": "E"}, {"125": "E"}, {"125": "N"}, {"125": "E"}, {"125": "N"}, {"108": "N"}, {"108": "W"}, {"108": "N"}, {"108": "W"}, {"108": "W"}, {"108": "W"}, {"108": "W"}, {"108": "W"}, {"108": "W"}, {"108": "N"}, {"108": "N"}, {"108": "N"}, {"108": "N"}, {"108": "N"}, {"108": "N"}, {"108": "N"}, {"108": "W"}, {"108": "W"}, {"108": "W"}, {"108": "W"}, {"108": "W"}, {"108": "W"}, {"108": "W"}, {"108": "W"}, {"108": "W"}, {"108": "W"}, {"108": "W"}, {"108": "W"}, {"108": "W"}, {"108": "S"}, {"108": "S"}, {"108": "E"}, {"99": "E"}, {"99": "N"}, {"99": "N"}, {"99": "N"}, {"99": "N"}, {"99": "N"}, {"99": "N"}, {"99": "N"}, {"99": "N"}, {"99": "N"}, {"99": "N"}, {"99": "N"}, {"99": "N"}, {"99": "N"}, {"99": "N"}, {"99": "N"}, {"99": "N"}, {"99": "N"}, {"99": "N"}, {"99": "N"}, {"99": "N"}, {"99": "N"}, {"99": "N"}, {"99": "N"}, {"99": "N"}, {"99": "N"}, {"99": "N"}, {"99": "N"}, {"99": "N"}, {"46": "W"}, {"46": "N"}, {"46": "N"}, {"46": "N"}, {"46": "N"}, {"46": "N"}, {"46": "W"}, {"46": "W"}, {"46": "W"}, {"46": "N"}, {"46": "N"}, {"46": "N"}, {"46": "N"}, {"46": "N"}, {"46": "N"}, {"46": "N"}, {"46": "N"}, {"46": "N"}, {"46": "N"}, {"46": "N"}, {"46": "N"}, {"46": "N"}, {"46": "N"}, {"46": "N"}, {"46": "N"}, {"46": "N"}, {"46": "W"}, {"46": "W"}, {"46": "N"}, {"184": "E"}, {"184": "E"}, {"184": "S"}, {"184": "S"}, {"184": "S"}, {"184": "S"}, {"184": "S"}, {"184": "S"}, {"184": "S"}, {"184": "S"}, {"184": "S"}, {"184": "S"}, {"184": "W"}, {"184": "S"}, {"184": "S"}, {"184": "W"}, {"184": "S"}, {"184": "S"}, {"169": "E"}, {"169": "N"}, {"169": "N"}, {"169": "E"}, {"169": "E"}, {"169": "E"}, {"169": "E"}, {"169": "E"}, {"169": "E"}, {"169": "N"}, {"169": "N"}, {"169": "N"}, {"169": "N"}, {"169": "N"}, {"169": "N"}, {"169": "N"}, {"169": "N"}, {"169": "N"}, {"169": "N"}, {"169": "N"}, {"169": "N"}, {"169": "N"}, {"52": "E"}, {"52": "N"}, {"52": "N"}, {"52": "N"}, {"52": "N"}, {"52": "W"}, {"52": "W"}, {"52": "W"}, {"52": "W"}, {"52": "W"}, {"52": "W"}, {"52": "N"}, {"52": "N"}, {"52": "N"}, {"52": "N"}, {"52": "N"}, {"52": "N"}, {"52": "N"}, {"52": "N"}, {"52": "N"}, {"52": "N"}, {"52": "N"}, {"52": "N"}, {"52": "N"}, {"52": "N"}, {"52": "N"}, {"52": "E"}, {"52": "N"}, {"52": "N"}, {"52": "N"}, {"49": "S"}, {"49": "W"}, {"49": "W"}, {"49": "W"}, {"49": "W"}, {"49": "W"}, {"49": "N"}, {"49": "W"}, {"49": "W"}, {"49": "W"}, {"49": "W"}, {"49": "W"}, {"49": "W"}, {"49": "W"}, {"49": "N"}, {"49": "W"}, {"49": "W"}, {"49": "W"}, {"49": "W"}, {"49": "W"}, {"49": "W"}, {"49": "N"}, {"49": "N"}, {"49": "N"}, {"49": "N"}, {"49": "N"}, {"49": "N"}, {"49": "N"}, {"49": "W"}, {"49": "N"}, {"28": "E"}, {"28": "N"}, {"28": "N"}, {"28": "N"}, {"28": "N"}, {"28": "N"}, {"28": "N"}, {"28": "N"}, {"28": "N"}, {"28": "N"}, {"28": "N"}, {"28": "N"}, {"28": "N"}, {"28": "N"}, {"28": "N"}, {"28": "N"}, {"28": "N"}, {"28": "N"}, {"28": "N"}, {"28": "N"}, {"28": "N"}, {"28": "N"}, {"28": "N"}, {"28": "N"}, {"25": "E"}, {"25": "N"}, {"25": "N"}, {"25": "N"}, {"25": "N"}, {"25": "N"}, {"25": "N"}, {"25": "N"}, {"25": "N"}, {"25": "W"}, {"25": "W"}, {"25": "W"}, {"25": "N"}, {"25": "N"}, {"25": "N"}, {"25": "N"}, {"25": "N"}, {"25": "N"}, {"25": "N"}, {"25": "N"}, {"25": "N"}, {"25": "N"}, {"25": "N"}, {"25": "N"}, {"25": "N"}, {"25": "N"}, {"25": "N"}, {"25": "N"}, {"25": "N"}, {"25": "W"}, {"25": "W"}, {"135": "N"}, {"135": "W"}, {"135": "W"}, {"135": "S"}, {"135": "S"}, {"135": "S"}, {"135": "S"}, {"135": "S"}, {"135": "S"}, {"135": "S"}, {"135": "W"}, {"135": "S"}, {"130": "N"}, {"130": "E"}, {"130": "E"}, {"130": "E"}, {"130": "E"}, {"130": "E"}, {"130": "E"}, {"130": "E"}, {"130": "E"}, {"130": "S"}, {"130": "E"}, {"130": "E"}, {"130": "E"}, {"130": "E"}, {"130": "E"}, {"130": "S"}, {"130": "E"}, {"130": "E"}, {"130": "E"}, {"130": "E"}, {"130": "E"}, {"130": "E"}, {"130": "E"}, {"130": "E"}, {"130": "E"}, {"130": "E"}, {"130": "N"}, {"129": "S"}, {"129": "W"}, {"129": "W"}, {"129": "W"}, {"129": "W"}, {"129": "W"}, {"129": "W"}, {"129": "W"}, {"129": "W"}, {"129": "W"}, {"129": "W"}, {"129": "S"}, {"129": "W"}, {"129": "W"}, {"129": "S"}, {"129": "W"}, {"101": "N"}, {"101": "W"}, {"101": "W"}, {"101": "W"}, {"101": "N"}, {"101": "W"}, {"101": "W"}, {"101": "W"}, {"101": "S"}, {"101": "W"}, {"101": "W"}, {"101": "W"}, {"101": "W"}, {"101": "N"}, {"101": "N"}, {"101": "W"}, {"101": "W"}, {"101": "W"}, {"101": "W"}, {"101": "W"}, {"101": "W"}, {"101": "N"}, {"101": "N"}, {"101": "N"}, {"101": "N"}, {"101": "N"}, {"101": "E"}, {"101": "N"}, {"101": "N"}, {"86": "W"}, {"86": "N"}, {"86": "N"}, {"86": "N"}, {"86": "N"}, {"86": "N"}, {"86": "N"}, {"86": "N"}, {"86": "N"}, {"86": "N"}, {"86": "N"}, {"86": "N"}, {"86": "N"}, {"86": "N"}, {"86": "N"}, {"86": "N"}, {"86": "N"}, {"86": "N"}, {"86": "N"}, {"86": "N"}, {"86": "N"}, {"86": "N"}, {"86": "N"}, {"86": "N"}, {"86": "N"}, {"86": "N"}, {"86": "N"}, {"6": "S"}, {"6": "W"}, {"6": "W"}, {"6": "W"}, {"6": "W"}, {"6": "N"}, {"6": "W"}, {"6": "W"}, {"6": "W"}, {"6": "S"}, {"6": "W"}, {"6": "W"}, {"6": "W"}, {"6": "W"}, {"6": "N"}, {"6": "N"}, {"6": "W"}, {"6": "N"}, {"6": "N"}, {"6": "N"}, {"3": "E"}, {"3": "N"}, {"3": "E"}, {"3": "E"}, {"3": "E"}, {"3": "N"}, {"3": "N"}, {"3": "N"}, {"3": "N"}, {"3": "N"}, {"3": "N"}, {"3": "N"}, {"3": "N"}, {"3": "N"}, {"3": "N"}, {"3": "N"}, {"3": "N"}, {"3": "N"}, {"3": "N"}, {"3": "N"}, {"3": "N"}, {"3": "N"}, {"3": "W"}, {"180": "E"}, {"180": "E"}, {"180": "S"}, {"180": "S"}, {"180": "S"}, {"180": "S"}, {"180": "S"}, {"180": "S"}, {"180": "S"}, {"180": "S"}, {"180": "S"}, {"180": "S"}, {"180": "S"}, {"180": "E"}, {"180": "E"}, {"180": "E"}, {"180": "S"}, {"180": "E"}, {"180": "E"}, {"180": "E"}, {"180": "E"}, {"180": "E"}, {"180": "N"}, {"180": "N"}, {"180": "N"}, {"180": "E"}, {"180": "E"}, {"180": "E"}, {"180": "E"}, {"180": "N"}, {"180": "N"}, {"159": "W"}, {"159": "S"}, {"159": "S"}, {"159": "S"}, {"159": "S"}, {"159": "W"}, {"159": "S"}, {"159": "S"}, {"159": "W"}, {"159": "W"}, {"159": "S"}, {"159": "S"}, {"159": "S"}, {"156": "N"}, {"156": "E"}, {"156": "E"}, {"156": "E"}, {"156": "E"}, {"156": "E"}, {"156": "N"}, {"156": "N"}, {"156": "N"}, {"156": "N"}, {"156": "N"}, {"145": "E"}, {"145": "N"}, {"145": "N"}, {"145": "E"}, {"145": "E"}, {"145": "E"}, {"145": "N"}, {"145": "N"}, {"145": "N"}, {"145": "N"}, {"145": "N"}, {"145": "N"}, {"145": "N"}, {"145": "N"}, {"144": "N"}, {"144": "W"}, {"144": "W"}, {"144": "W"}, {"144": "S"}, {"144": "W"}, {"144": "W"}, {"144": "W"}, {"144": "W"}, {"144": "W"}, {"144": "N"}, {"144": "N"}, {"144": "N"}, {"144": "N"}, {"144": "N"}, {"16": "E"}, {"16": "N"}, {"16": "N"}, {"16": "W"}, {"16": "W"}, {"16": "W"}, {"16": "W"}, {"16": "W"}, {"16": "W"}, {"16": "W"}, {"16": "W"}, {"16": "W"}, {"16": "N"}, {"16": "N"}, {"16": "N"}, {"16": "N"}, {"16": "N"}, {"16": "N"}, {"16": "N"}, {"16": "N"}, {"16": "N"}, {"16": "N"}, {"16": "N"}, {"16": "N"}, {"16": "N"}, {"16": "N"}, {"16": "N"}, {"16": "E"}, {"16": "N"}, {"9": "S"}, {"9": "W"}, {"9": "W"}, {"9": "W"}, {"9": "W"}, {"9": "W"}, {"9": "W"}, {"9": "W"}, {"9": "W"}, {"9": "W"}, {"9": "W"}, {"9": "W"}, {"9": "S"}, {"9": "S"}, {"9": "S"}, {"9": "S"}, {"9": "W"}, {"9": "W"}, {"9": "W"}, {"9": "W"}, {"9": "W"}, {"9": "W"}, {"9": "W"}, {"9": "W"}, {"9": "W"}, {"9": "W"}, {"9": "W"}, {"9": "W"}, {"9": "W"}, {"9": "N"}, {"9": "N"}, {"9": "N"}, {"9": "N"}, {"9": "N"}, {"9": "N"}, {"9": "N"}, {"9": "N"}, {"9": "N"}, {"9": "N"}, {"9": "N"}, {"9": "N"}, {"9": "N"}, {"173": "S"}, {"173": "W"}, {"173": "W"}, {"173": "W"}, {"173": "W"}, {"173": "W"}, {"173": "W"}, {"173": "W"}, {"173": "W"}, {"173": "S"}, {"173": "S"}, {"173": "S"}, {"173": "S"}, {"173": "W"}, {"173": "W"}, {"173": "W"}, {"173": "W"}, {"173": "W"}, {"173": "N"}, {"173": "N"}, {"173": "N"}, {"173": "N"}, {"157": "E"}, {"157": "N"}, {"157": "N"}, {"157": "N"}, {"157": "E"}, {"157": "E"}, {"157": "E"}, {"157": "E"}, {"157": "E"}, {"157": "N"}, {"157": "N"}, {"157": "N"}, {"157": "N"}, {"157": "N"}, {"134": "E"}, {"134": "E"}, {"134": "S"}, {"134": "S"}, {"134": "S"}, {"134": "S"}, {"134": "S"}, {"134": "S"}, {"134": "S"}, {"134": "S"}, {"134": "S"}, {"134": "S"}, {"134": "E"}, {"134": "E"}, {"134": "E"}, {"134": "S"}, {"134": "E"}, {"134": "E"}, {"134": "E"}, {"134": "E"}, {"134": "E"}, {"134": "S"}, {"134": "E"}, {"134": "E"}, {"134": "E"}, {"134": "E"}, {"134": "E"}, {"134": "E"}, {"134": "E"}, {"134": "E"}, {"134": "E"}, {"115": "E"}, {"115": "N"}, {"115": "N"}, {"115": "N"}, {"115": "N"}, {"115": "N"}, {"115": "N"}, {"115": "W"}, {"115": "W"}, {"115": "W"}, {"115": "W"}, {"115": "N"}, {"115": "N"}, {"115": "N"}, {"115": "N"}, {"115": "N"}, {"115": "W"}, {"115": "N"}, {"115": "W"}, {"115": "W"}, {"115": "W"}, {"115": "W"}, {"115": "W"}, {"115": "N"}, {"115": "N"}, {"115": "N"}, {"115": "N"}, {"115": "N"}, {"115": "N"}, {"115": "N"}, {"115": "N"}, {"115": "N"}, {"115": "N"}, {"115": "N"}, {"115": "N"}, {"115": "N"}, {"115": "N"}, {"115": "E"}, {"106": "E"}, {"106": "N"}, {"106": "N"}, {"106": "N"}, {"106": "N"}, {"106": "N"}, {"106": "N"}, {"106": "N"}, {"106": "N"}, {"106": "N"}, {"106": "N"}, {"106": "N"}, {"106": "N"}, {"106": "N"}, {"106": "N"}, {"106": "N"}, {"106": "N"}, {"106": "N"}, {"106": "N"}, {"106": "E"}, {"55": "N"}, {"55": "W"}, {"55": "W"}, {"55": "W"}, {"55": "W"}, {"55": "W"}, {"55": "S"}, {"55": "W"}, {"55": "W"}, {"55": "W"}, {"55": "W"}, {"55": "W"}, {"55": "W"}, {"55": "W"}, {"55": "W"}, {"55": "W"}, {"55": "W"}, {"55": "W"}, {"55": "W"}, {"55": "W"}, {"55": "N"}, {"55": "N"}, {"55": "N"}, {"55": "N"}, {"55": "N"}, {"55": "N"}, {"55": "N"}, {"55": "N"}, {"55": "N"}, {"55": "N"}, {"55": "N"}, {"55": "N"}, {"8": "S"}, {"8": "W"}, {"8": "W"}, {"8": "W"}, {"8": "W"}, {"8": "W"}, {"8": "W"}, {"8": "W"}, {"8": "W"}, {"8": "W"}, {"8": "S"}, {"8": "S"}, {"8": "S"}, {"8": "S"}, {"8": "W"}, {"8": "W"}, {"8": "W"}, {"8": "W"}, {"8": "W"}, {"8": "W"}, {"8": "W"}, {"8": "N"}, {"8": "N"}, {"8": "N"}, {"8": "N"}, {"8": "N"}, {"8": "N"}, {"174": "W"}, {"174": "W"}, {"174": "W"}, {"174": "W"}, {"174": "W"}, {"174": "S"}, {"174": "S"}, {"174": "S"}, {"174": "S"}, {"174": "S"}, {"174": "S"}, {"174": "S"}, {"174": "S"}, {"174": "S"}, {"174": "S"}, {"174": "S"}, {"174": "S"}, {"174": "S"}, {"174": "S"}, {"174": "S"}, {"174": "S"}, {"174": "E"}, {"174": "E"}, {"174": "E"}, {"174": "S"}, {"174": "E"}, {"174": "E"}, {"174": "E"}, {"174": "E"}, {"174": "E"}, {"174": "N"}, {"174": "N"}, {"174": "N"}, {"174": "E"}, {"174": "E"}, {"174": "E"}, {"174": "N"}, {"168": "W"}, {"168": "S"}, {"168": "S"}, {"168": "S"}, {"168": "S"}, {"168": "S"}, {"168": "S"}, {"168": "S"}, {"168": "S"}, {"168": "S"}, {"168": "W"}, {"168": "W"}, {"168": "W"}, {"168": "W"}, {"168": "W"}, {"168": "W"}, {"168": "W"}, {"168": "W"}, {"168": "W"}, {"168": "W"}, {"168": "W"}, {"168": "W"}, {"168": "N"}, {"168": "N"}, {"168": "N"}, {"168": "N"}, {"168": "N"}, {"168": "N"}, {"168": "E"}, {"168": "E"}, {"168": "E"}, {"168": "E"}, {"165": "E"}, {"165": "E"}, {"165": "S"}, {"165": "E"}, {"165": "E"}, {"165": "E"}, {"165": "S"}, {"165": "E"}, {"165": "E"}, {"165": "E"}, {"165": "E"}, {"165": "E"}, {"165": "S"}, {"165": "E"}, {"165": "E"}, {"165": "E"}, {"165": "E"}, {"165": "E"}, {"165": "E"}, {"165": "N"}, {"165": "N"}, {"116": "N"}, {"116": "W"}, {"116": "W"}, {"116": "W"}, {"116": "W"}, {"116": "W"}, {"116": "N"}, {"116": "N"}, {"116": "N"}, {"116": "N"}, {"116": "N"}, {"116": "N"}, {"116": "N"}, {"116": "N"}, {"116": "N"}, {"96": "W"}, {"96": "N"}, {"96": "N"}, {"96": "N"}, {"96": "N"}, {"96": "N"}, {"96": "W"}, {"96": "N"}, {"96": "N"}, {"96": "N"}, {"96": "N"}, {"96": "N"}, {"96": "W"}, {"96": "N"}, {"96": "W"}, {"96": "W"}, {"96": "W"}, {"96": "W"}, {"96": "W"}, {"96": "N"}, {"96": "N"}, {"96": "N"}, {"96": "N"}, {"96": "N"}, {"96": "N"}, {"96": "N"}, {"96": "N"}, {"96": "N"}, {"96": "N"}, {"96": "N"}, {"96": "N"}, {"96": "N"}, {"96": "N"}, {"183": "W"}, {"183": "N"}, {"183": "N"}, {"183": "N"}, {"183": "N"}, {"183": "E"}, {"183": "E"}, {"183": "E"}, {"183": "E"}, {"183": "E"}, {"183": "E"}, {"183": "E"}, {"183": "E"}, {"183": "E"}, {"183": "N"}, {"183": "N"}, {"97": "N"}, {"97": "W"}, {"97": "W"}, {"97": "S"}, {"97": "S"}, {"97": "S"}, {"97": "S"}, {"97": "S"}, {"97": "S"}, {"97": "S"}, {"97": "W"}, {"97": "W"}, {"97": "W"}, {"97": "W"}, {"97": "W"}, {"97": "W"}, {"97": "W"}, {"97": "N"}, {"97": "N"}, {"97": "N"}, {"97": "N"}, {"85": "E"}, {"85": "S"}, {"85": "S"}, {"85": "S"}, {"85": "E"}, {"85": "E"}, {"85": "E"}, {"85": "E"}, {"85": "E"}, {"85": "E"}, {"85": "E"}, {"85": "S"}, {"85": "S"}, {"85": "S"}, {"85": "S"}, {"85": "S"}, {"85": "S"}, {"85": "S"}, {"85": "S"}, {"85": "S"}, {"85": "S"}, {"85": "S"}, {"85": "S"}, {"85": "S"}, {"85": "S"}, {"85": "S"}, {"85": "S"}, {"85": "S"}, {"85": "W"}, {"85": "W"}, {"85": "W"}, {"85": "W"}, {"85": "N"}, {"78": "W"}, {"78": "W"}, {"78": "W"}, {"78": "W"}, {"78": "W"}, {"78": "W"}, {"78": "W"}, {"78": "W"}, {"78": "W"}, {"78": "W"}, {"78": "W"}, {"78": "W"}, {"78": "W"}, {"78": "W"}, {"78": "N"}, {"78": "N"}, {"78": "N"}, {"78": "N"}, {"78": "N"}, {"78": "N"}, {"78": "N"}, {"78": "N"}, {"78": "N"}, {"78": "N"}, {"59": "W"}, {"59": "N"}, {"59": "N"}, {"59": "N"}, {"59": "N"}, {"59": "N"}, {"59": "N"}, {"59": "W"}, {"59": "W"}, {"59": "W"}, {"59": "W"}, {"59": "N"}, {"59": "N"}, {"59": "N"}, {"59": "N"}, {"59": "N"}, {"59": "W"}, {"59": "N"}, {"59": "W"}, {"59": "W"}, {"59": "W"}, {"59": "W"}, {"59": "W"}, {"59": "N"}, {"59": "N"}, {"59": "N"}, {"59": "N"}, {"59": "N"}, {"59": "N"}, {"59": "N"}, {"59": "N"}, {"59": "N"}, {"59": "N"}, {"59": "E"}, {"59": "E"}, {"59": "N"}, {"18": "W"}, {"18": "N"}, {"18": "N"}, {"18": "N"}, {"18": "W"}, {"18": "N"}, {"18": "N"}, {"18": "N"}, {"18": "N"}, {"18": "N"}, {"18": "W"}, {"18": "N"}, {"18": "W"}, {"18": "W"}, {"18": "W"}, {"18": "W"}, {"18": "W"}, {"18": "N"}, {"18": "N"}, {"18": "N"}, {"18": "N"}, {"18": "N"}, {"18": "N"}, {"18": "N"}, {"18": "N"}, {"18": "N"}, {"18": "N"}, {"18": "N"}, {"18": "N"}, {"18": "N"}, {"172": "S"}, {"172": "W"}, {"172": "W"}, {"172": "W"}, {"172": "W"}, {"172": "S"}, {"172": "S"}, {"172": "S"}, {"172": "S"}, {"172": "S"}, {"172": "S"}, {"172": "S"}, {"172": "W"}, {"172": "W"}, {"172": "S"}, {"172": "S"}, {"121": "N"}, {"121": "W"}, {"121": "W"}, {"121": "N"}, {"121": "W"}, {"121": "W"}, {"121": "W"}, {"121": "W"}, {"121": "W"}, {"121": "W"}, {"121": "N"}, {"121": "N"}, {"121": "N"}, {"121": "N"}, {"121": "N"}, {"121": "N"}, {"121": "N"}, {"121": "W"}, {"121": "W"}, {"121": "W"}, {"121": "W"}, {"121": "W"}, {"121": "W"}, {"121": "W"}, {"121": "W"}, {"121": "W"}, {"121": "W"}, {"121": "W"}, {"121": "W"}, {"121": "W"}, {"121": "W"}, {"121": "W"}, {"121": "W"}, {"121": "W"}, {"121": "W"}, {"121": "W"}, {"121": "W"}, {"121": "W"}, {"121": "S"}, {"121": "S"}, {"121": "S"}, {"121": "E"}, {"121": "S"}, {"121": "E"}, {"121": "S"}, {"121": "E"}, {"114": "E"}, {"114": "E"}, {"114": "E"}, {"114": "E"}, {"114": "E"}, {"114": "S"}, {"114": "S"}, {"114": "S"}, {"114": "S"}, {"114": "S"}, {"114": "S"}, {"114": "S"}, {"114": "S"}, {"114": "S"}, {"114": "S"}, {"114": "S"}, {"114": "S"}, {"114": "S"}, {"114": "S"}, {"114": "S"}, {"114": "S"}, {"114": "S"}, {"114": "S"}, {"114": "S"}, {"114": "W"}, {"114": "W"}, {"114": "W"}, {"114": "W"}, {"114": "W"}, {"114": "N"}, {"110": "W"}, {"110": "S"}, {"110": "S"}, {"110": "E"}, {"110": "E"}, {"110": "E"}, {"110": "E"}, {"110": "E"}, {"110": "E"}, {"110": "E"}, {"110": "S"}, {"110": "S"}, {"110": "S"}, {"110": "S"}, {"110": "S"}, {"110": "S"}, {"110": "S"}, {"110": "S"}, {"110": "S"}, {"110": "S"}, {"110": "S"}, {"110": "S"}, {"110": "S"}, {"110": "S"}, {"110": "S"}, {"110": "S"}, {"110": "S"}, {"110": "W"}, {"110": "W"}, {"110": "W"}, {"110": "W"}, {"110": "W"}, {"110": "W"}, {"110": "N"}, {"110": "N"}, {"77": "S"}, {"77": "W"}, {"77": "W"}, {"77": "W"}, {"77": "W"}, {"77": "W"}, {"77": "S"}, {"77": "S"}, {"77": "S"}, {"77": "S"}, {"77": "S"}, {"77": "S"}, {"77": "S"}, {"77": "S"}, {"77": "S"}, {"77": "S"}, {"77": "W"}, {"77": "W"}, {"77": "W"}, {"77": "W"}, {"65": "N"}, {"65": "W"}, {"65": "W"}, {"65": "W"}, {"65": "W"}, {"65": "W"}, {"65": "W"}, {"65": "W"}, {"65": "W"}, {"65": "W"}, {"65": "W"}, {"65": "W"}, {"65": "N"}, {"65": "N"}, {"65": "N"}, {"65": "N"}, {"65": "N"}, {"65": "N"}, {"65": "N"}, {"65": "N"}, {"65": "N"}, {"65": "N"}, {"65": "N"}, {"65": "N"}, {"65": "N"}, {"65": "W"}, {"65": "W"}, {"65": "W"}, {"65": "W"}, {"65": "W"}, {"65": "W"}, {"65": "W"}, {"65": "W"}, {"65": "W"}, {"65": "W"}, {"65": "W"}, {"65": "W"}, {"65": "W"}, {"65": "W"}, {"65": "W"}, {"65": "W"}, {"65": "W"}, {"65": "W"}, {"65": "W"}, {"65": "W"}, {"65": "W"}, {"65": "S"}, {"65": "S"}, {"65": "S"}, {"65": "E"}, {"34": "N"}, {"34": "W"}, {"34": "W"}, {"34": "W"}, {"34": "W"}, {"34": "S"}, {"34": "S"}, {"34": "S"}, {"34": "S"}, {"34": "W"}, {"34": "W"}, {"34": "W"}, {"34": "S"}, {"34": "W"}, {"34": "W"}, {"34": "W"}, {"34": "W"}, {"34": "W"}, {"34": "W"}, {"34": "W"}, {"34": "W"}, {"34": "W"}, {"34": "N"}, {"34": "N"}, {"34": "N"}, {"34": "N"}, {"34": "N"}, {"34": "N"}, {"34": "N"}, {"34": "E"}, {"34": "E"}, {"17": "W"}, {"17": "S"}, {"17": "S"}, {"17": "S"}, {"17": "S"}, {"17": "S"}, {"17": "S"}, {"17": "S"}, {"17": "S"}, {"17": "W"}, {"17": "W"}, {"17": "W"}, {"17": "S"}, {"17": "W"}, {"17": "W"}, {"17": "W"}, {"17": "W"}, {"17": "N"}, {"17": "N"}, {"17": "N"}, {"17": "N"}, {"12": "E"}, {"12": "N"}, {"12": "N"}, {"12": "N"}, {"12": "N"}, {"12": "N"}, {"12": "N"}, {"12": "N"}, {"12": "W"}, {"12": "W"}, {"12": "W"}, {"12": "N"}, {"12": "N"}, {"12": "N"}, {"12": "N"}, {"12": "N"}, {"12": "N"}, {"12": "N"}, {"12": "N"}, {"12": "N"}, {"12": "N"}, {"12": "N"}, {"12": "N"}, {"12": "N"}, {"153": "E"}, {"153": "E"}, {"153": "S"}, {"153": "S"}, {"153": "S"}, {"153": "S"}, {"153": "S"}, {"153": "S"}, {"153": "S"}, {"153": "S"}, {"153": "E"}, {"153": "E"}, {"153": "E"}, {"153": "S"}, {"153": "E"}, {"153": "E"}, {"153": "E"}, {"153": "E"}, {"153": "E"}, {"153": "S"}, {"153": "E"}, {"153": "E"}, {"153": "E"}, {"153": "E"}, {"153": "E"}, {"153": "S"}, {"153": "E"}, {"153": "S"}, {"153": "E"}, {"133": "N"}, {"133": "E"}, {"133": "E"}, {"133": "E"}, {"133": "E"}, {"133": "E"}, {"133": "E"}, {"133": "E"}, {"133": "S"}, {"133": "E"}, {"133": "E"}, {"133": "E"}, {"133": "E"}, {"133": "E"}, {"133": "N"}, {"133": "N"}, {"133": "N"}, {"133": "E"}, {"128": "W"}, {"128": "S"}, {"128": "S"}, {"128": "S"}, {"128": "S"}, {"128": "S"}, {"128": "W"}, {"128": "W"}, {"128": "W"}, {"128": "S"}, {"128": "W"}, {"128": "W"}, {"128": "W"}, {"128": "W"}, {"128": "W"}, {"128": "W"}, {"128": "W"}, {"128": "W"}, {"128": "W"}, {"128": "N"}, {"128": "N"}, {"128": "N"}, {"128": "N"}, {"128": "N"}, {"128": "N"}, {"128": "N"}, {"128": "N"}, {"126": "S"}, {"126": "S"}, {"126": "E"}, {"126": "E"}, {"126": "E"}, {"126": "S"}, {"126": "S"}, {"126": "S"}, {"126": "S"}, {"126": "S"}, {"126": "S"}, {"126": "E"}, {"126": "E"}, {"126": "E"}, {"126": "S"}, {"126": "E"}, {"126": "E"}, {"126": "E"}, {"126": "E"}, {"126": "E"}, {"126": "S"}, {"126": "E"}, {"126": "E"}, {"126": "E"}, {"126": "E"}, {"126": "E"}, {"104": "N"}, {"104": "W"}, {"104": "W"}, {"104": "W"}, {"104": "S"}, {"104": "S"}, {"104": "S"}, {"104": "S"}, {"104": "S"}, {"104": "S"}, {"104": "S"}, {"104": "S"}, {"104": "S"}, {"104": "S"}, {"104": "W"}, {"104": "W"}, {"104": "W"}, {"104": "S"}, {"104": "S"}, {"82": "W"}, {"82": "W"}, {"82": "N"}, {"82": "N"}, {"82": "N"}, {"82": "N"}, {"82": "N"}, {"82": "N"}, {"82": "N"}, {"82": "N"}, {"82": "W"}, {"82": "W"}, {"82": "W"}, {"82": "W"}, {"82": "N"}, {"82": "N"}, {"82": "N"}, {"82": "N"}, {"82": "N"}, {"82": "W"}, {"82": "N"}, {"82": "W"}, {"82": "W"}, {"82": "W"}, {"82": "W"}, {"82": "W"}, {"82": "N"}, {"82": "N"}, {"82": "N"}, {"82": "N"}, {"82": "N"}, {"82": "N"}, {"82": "N"}, {"82": "N"}, {"82": "N"}, {"82": "N"}, {"82": "E"}, {"48": "W"}, {"48": "S"}, {"48": "S"}, {"48": "S"}, {"48": "S"}, {"48": "S"}, {"48": "S"}, {"48": "S"}, {"48": "S"}, {"48": "S"}, {"48": "S"}, {"48": "S"}, {"48": "S"}, {"48": "S"}, {"48": "S"}, {"48": "S"}, {"48": "W"}, {"48": "W"}, {"48": "W"}, {"48": "S"}, {"48": "W"}, {"48": "W"}, {"48": "W"}, {"48": "N"}, {"48": "N"}, {"42": "W"}, {"42": "N"}, {"42": "N"}, {"42": "W"}, {"42": "W"}, {"42": "W"}, {"42": "W"}, {"42": "N"}, {"42": "N"}, {"42": "N"}, {"42": "N"}, {"42": "N"}, {"42": "W"}, {"42": "N"}, {"42": "W"}, {"42": "W"}, {"42": "W"}, {"42": "W"}, {"42": "W"}, {"42": "N"}, {"42": "N"}, {"42": "N"}, {"42": "N"}, {"42": "N"}, {"42": "N"}, {"42": "N"}, {"42": "N"}, {"42": "N"}, {"42": "N"}, {"42": "N"}, {"38": "S"}, {"38": "W"}, {"38": "W"}, {"38": "W"}, {"38": "W"}, {"38": "W"}, {"38": "S"}, {"38": "S"}, {"38": "S"}, {"38": "S"}, {"38": "S"}, {"38": "S"}, {"38": "S"}, {"38": "W"}, {"38": "W"}, {"38": "W"}, {"38": "S"}, {"38": "W"}, {"38": "W"}, {"38": "W"}, {"38": "W"}, {"38": "W"}, {"38": "W"}, {"38": "W"}, {"38": "W"}, {"38": "W"}, {"38": "W"}, {"38": "N"}, {"38": "N"}, {"38": "N"}, {"38": "N"}, {"38": "N"}, {"38": "N"}, {"38": "N"}, {"38": "N"}, {"38": "N"}, {"170": "E"}, {"170": "E"}, {"170": "S"}, {"170": "S"}, {"170": "S"}, {"170": "S"}, {"170": "S"}, {"170": "E"}, {"170": "E"}, {"170": "E"}, {"170": "S"}, {"170": "E"}, {"170": "E"}, {"170": "E"}, {"170": "E"}, {"170": "N"}, {"170": "N"}, {"170": "N"}, {"170": "N"}, {"64": "N"}, {"64": "W"}, {"64": "W"}, {"64": "W"}, {"64": "N"}, {"64": "N"}, {"64": "N"}, {"64": "N"}, {"64": "N"}, {"64": "N"}, {"58": "S"}, {"58": "W"}, {"58": "W"}, {"58": "W"}, {"58": "S"}, {"58": "S"}, {"58": "S"}, {"58": "S"}, {"58": "S"}, {"58": "S"}, {"58": "S"}, {"58": "S"}, {"58": "S"}, {"58": "S"}, {"58": "W"}, {"58": "W"}, {"58": "W"}, {"58": "S"}, {"58": "W"}, {"58": "W"}, {"58": "W"}, {"58": "N"}, {"35": "W"}, {"35": "N"}, {"35": "N"}, {"35": "N"}, {"35": "N"}, {"35": "W"}, {"35": "N"}, {"35": "N"}, {"35": "N"}, {"35": "N"}, {"35": "N"}, {"35": "W"}, {"35": "N"}, {"35": "W"}, {"35": "W"}, {"35": "W"}, {"35": "W"}, {"35": "W"}, {"35": "N"}, {"35": "N"}, {"35": "N"}, {"35": "N"}, {"35": "N"}, {"35": "N"}, {"35": "N"}, {"35": "N"}, {"35": "N"}, {"35": "N"}, {"21": "N"}, {"21": "W"}, {"21": "W"}, {"21": "S"}, {"21": "S"}, {"21": "S"}, {"21": "S"}, {"21": "S"}, {"21": "S"}, {"21": "S"}, {"21": "S"}, {"21": "S"}, {"21": "S"}, {"21": "S"}, {"21": "S"}, {"21": "S"}, {"21": "W"}, {"21": "W"}, {"21": "W"}, {"21": "S"}, {"21": "W"}, {"21": "S"}, {"11": "W"}, {"11": "S"}, {"11": "S"}, {"11": "S"}, {"11": "S"}, {"11": "E"}, {"11": "E"}, {"11": "E"}, {"11": "E"}, {"11": "E"}, {"11": "E"}, {"11": "E"}, {"11": "S"}, {"11": "S"}, {"11": "S"}, {"11": "S"}, {"11": "S"}, {"11": "S"}, {"11": "S"}, {"11": "S"}, {"11": "S"}, {"11": "S"}, {"11": "S"}, {"11": "S"}, {"11": "S"}, {"11": "S"}, {"11": "S"}, {"11": "S"}, {"11": "S"}, {"11": "W"}, {"11": "W"}, {"11": "W"}, {"11": "S"}, {"11": "W"}, {"11": "W"}, {"10": "W"}, {"10": "N"}, {"10": "N"}, {"10": "N"}, {"10": "N"}, {"10": "N"}, {"10": "N"}, {"10": "N"}, {"10": "N"}, {"10": "N"}, {"10": "N"}, {"10": "N"}, {"10": "N"}, {"93": "E"}, {"93": "N"}, {"93": "E"}, {"93": "E"}, {"93": "E"}, {"93": "E"}, {"93": "E"}, {"93": "N"}, {"93": "N"}, {"93": "N"}, {"93": "N"}, {"93": "N"}, {"70": "S"}, {"70": "W"}, {"70": "W"}, {"70": "W"}, {"70": "W"}, {"70": "S"}, {"70": "W"}, {"70": "W"}, {"70": "W"}, {"70": "W"}, {"70": "W"}, {"70": "W"}, {"70": "S"}, {"70": "S"}, {"70": "S"}, {"70": "S"}, {"70": "W"}, {"70": "W"}, {"70": "W"}, {"70": "W"}, {"70": "W"}, {"70": "W"}, {"70": "W"}, {"70": "W"}, {"70": "W"}, {"70": "W"}, {"70": "W"}, {"70": "W"}, {"70": "N"}, {"70": "N"}, {"70": "N"}, {"70": "N"}, {"70": "N"}, {"70": "N"}, {"70": "N"}, {"70": "N"}, {"68": "E"}, {"68": "S"}, {"68": "S"}, {"68": "W"}, {"68": "W"}, {"68": "W"}, {"68": "W"}, {"68": "W"}, {"68": "W"}, {"68": "W"}, {"68": "W"}, {"68": "S"}, {"68": "S"}, {"68": "S"}, {"68": "S"}, {"68": "S"}, {"68": "S"}, {"68": "E"}, {"68": "S"}, {"68": "S"}, {"68": "S"}, {"68": "S"}, {"68": "S"}, {"68": "S"}, {"68": "S"}, {"68": "E"}, {"68": "E"}, {"68": "E"}, {"68": "S"}, {"68": "E"}, {"68": "E"}, {"68": "E"}, {"68": "E"}, {"68": "E"}, {"68": "S"}, {"68": "E"}, {"68": "E"}, {"68": "E"}, {"62": "E"}, {"62": "N"}, {"62": "N"}, {"62": "N"}, {"62": "W"}, {"62": "W"}, {"62": "W"}, {"62": "W"}, {"62": "W"}, {"62": "W"}, {"62": "W"}, {"62": "W"}, {"62": "W"}, {"62": "W"}, {"62": "N"}, {"62": "N"}, {"62": "N"}, {"62": "N"}, {"62": "N"}, {"62": "W"}, {"62": "N"}, {"62": "W"}, {"62": "W"}, {"62": "W"}, {"62": "W"}, {"62": "W"}, {"62": "N"}, {"62": "N"}, {"62": "N"}, {"62": "N"}, {"62": "N"}, {"62": "N"}, {"62": "N"}, {"62": "N"}, {"62": "N"}, {"50": "W"}, {"50": "W"}, {"50": "W"}, {"50": "W"}, {"50": "W"}, {"50": "W"}, {"50": "W"}, {"50": "S"}, {"50": "S"}, {"50": "S"}, {"50": "S"}, {"50": "S"}, {"50": "S"}, {"50": "S"}, {"50": "S"}, {"50": "S"}, {"50": "S"}, {"50": "S"}, {"50": "S"}, {"50": "S"}, {"50": "E"}, {"50": "S"}, {"50": "S"}, {"50": "S"}, {"50": "S"}, {"50": "S"}, {"50": "S"}, {"50": "E"}, {"50": "E"}, {"50": "E"}, {"50": "S"}, {"50": "E"}, {"50": "E"}, {"50": "E"}, {"50": "E"}, {"50": "E"}, {"50": "S"}, {"50": "E"}, {"50": "E"}, {"50": "S"}, {"50": "E"}, {"50": "S"}, {"50": "E"}, {"50": "E"}, {"50": "S"}, {"50": "E"}, {"44": "S"}, {"44": "E"}, {"44": "E"}, {"44": "E"}, {"44": "E"}, {"44": "E"}, {"44": "E"}, {"44": "S"}, {"44": "S"}, {"44": "S"}, {"44": "S"}, {"44": "S"}, {"44": "S"}, {"44": "S"}, {"44": "S"}, {"44": "S"}, {"44": "S"}, {"44": "S"}, {"44": "S"}, {"44": "S"}, {"44": "S"}, {"44": "S"}, {"44": "S"}, {"44": "S"}, {"44": "S"}, {"44": "S"}, {"44": "S"}, {"44": "W"}, {"44": "W"}, {"44": "W"}, {"44": "W"}, {"44": "W"}, {"44": "W"}, {"44": "W"}, {"44": "N"}, {"44": "N"}, {"44": "N"}, {"30": "E"}, {"30": "E"}, {"30": "S"}, {"30": "E"}, {"30": "E"}, {"30": "E"}, {"30": "S"}, {"30": "S"}, {"30": "S"}, {"30": "S"}, {"30": "S"}, {"30": "S"}, {"30": "S"}, {"30": "S"}, {"30": "S"}, {"30": "S"}, {"30": "S"}, {"30": "S"}, {"30": "S"}, {"30": "S"}, {"30": "S"}, {"30": "S"}, {"30": "S"}, {"30": "S"}, {"30": "S"}, {"30": "S"}, {"30": "W"}, {"30": "W"}, {"30": "W"}, {"30": "W"}, {"30": "W"}, {"30": "N"}, {"182": "E"}, {"182": "N"}, {"182": "N"}, {"182": "N"}, {"182": "N"}, {"182": "N"}, {"182": "N"}, {"182": "N"}, {"182": "W"}, {"182": "W"}, {"182": "N"}, {"182": "N"}, {"182": "N"}, {"182": "N"}, {"182": "N"}, {"179": "S"}, {"179": "E"}, {"179": "E"}, {"179": "E"}, {"179": "E"}, {"179": "N"}, {"179": "E"}, {"179": "E"}, {"179": "E"}, {"179": "E"}, {"179": "E"}, {"179": "E"}, {"179": "N"}, {"179": "N"}, {"179": "N"}, {"109": "W"}, {"109": "S"}, {"109": "S"}, {"109": "S"}, {"109": "S"}, {"109": "S"}, {"109": "W"}, {"109": "W"}, {"109": "W"}, {"109": "W"}, {"109": "W"}, {"109": "W"}, {"109": "W"}, {"109": "W"}, {"109": "W"}, {"109": "W"}, {"109": "W"}, {"109": "W"}, {"109": "N"}, {"109": "N"}, {"109": "N"}, {"109": "N"}, {"109": "N"}, {"109": "N"}, {"109": "N"}, {"95": "N"}, {"95": "W"}, {"95": "W"}, {"95": "W"}, {"95": "W"}, {"95": "W"}, {"95": "S"}, {"95": "S"}, {"95": "S"}, {"95": "S"}, {"95": "S"}, {"95": "S"}, {"95": "S"}, {"95": "S"}, {"95": "S"}, {"95": "S"}, {"95": "S"}, {"95": "S"}, {"95": "S"}, {"95": "W"}, {"95": "W"}, {"95": "W"}, {"95": "W"}, {"95": "W"}, {"43": "W"}, {"43": "N"}, {"43": "N"}, {"43": "N"}, {"43": "N"}, {"43": "N"}, {"43": "N"}, {"43": "N"}, {"43": "E"}, {"43": "E"}, {"43": "E"}, {"43": "N"}, {"43": "N"}, {"43": "N"}, {"43": "N"}, {"43": "N"}, {"43": "N"}, {"19": "E"}, {"19": "S"}, {"19": "S"}, {"19": "S"}, {"19": "S"}, {"19": "E"}, {"19": "E"}, {"19": "E"}, {"19": "E"}, {"19": "E"}, {"19": "E"}, {"19": "E"}, {"19": "S"}, {"19": "S"}, {"19": "S"}, {"19": "S"}, {"19": "S"}, {"19": "S"}, {"19": "S"}, {"19": "S"}, {"19": "S"}, {"19": "S"}, {"19": "S"}, {"19": "S"}, {"19": "S"}, {"19": "S"}, {"19": "S"}, {"19": "S"}, {"19": "S"}, {"19": "S"}, {"19": "S"}, {"19": "S"}, {"19": "W"}, {"19": "W"}, {"19": "W"}, {"19": "W"}, {"19": "S"}, {"19": "W"}, {"19": "W"}, {"19": "W"}, {"19": "N"}, {"19": "N"}, {"19": "N"}, {"7": "W"}, {"7": "W"}, {"7": "W"}, {"7": "W"}, {"7": "W"}, {"7": "W"}, {"7": "W"}, {"7": "S"}, {"7": "S"}, {"7": "S"}, {"7": "S"}, {"7": "S"}, {"7": "S"}, {"7": "S"}, {"7": "S"}, {"7": "S"}, {"7": "S"}, {"7": "S"}, {"7": "S"}, {"7": "E"}, {"7": "S"}, {"7": "S"}, {"7": "S"}, {"7": "S"}, {"7": "S"}, {"7": "S"}, {"7": "E"}, {"7": "E"}, {"7": "E"}, {"7": "S"}, {"7": "E"}, {"7": "E"}, {"7": "E"}, {"7": "E"}, {"7": "E"}, {"7": "S"}, {"7": "E"}, {"7": "S"}, {"7": "E"}, {"7": "S"}, {"7": "E"}, {"7": "E"}, {"132": "W"}, {"132": "W"}, {"132": "S"}, {"132": "S"}, {"132": "S"}, {"132": "S"}, {"132": "S"}, {"132": "W"}, {"132": "W"}, {"132": "W"}, {"132": "W"}, {"132": "W"}, {"132": "W"}, {"132": "W"}, {"132": "W"}, {"132": "W"}, {"132": "W"}, {"132": "W"}, {"132": "S"}, {"132": "S"}, {"132": "S"}, {"132": "S"}, {"132": "S"}, {"132": "S"}, {"132": "S"}, {"132": "E"}, {"132": "S"}, {"83": "E"}, {"83": "E"}, {"83": "N"}, {"83": "N"}, {"83": "N"}, {"83": "N"}, {"83": "N"}, {"83": "N"}, {"83": "N"}, {"83": "N"}, {"83": "N"}, {"83": "N"}, {"83": "E"}, {"83": "E"}, {"83": "N"}, {"83": "N"}, {"83": "N"}, {"80": "W"}, {"80": "S"}, {"80": "S"}, {"80": "S"}, {"80": "W"}, {"80": "W"}, {"80": "W"}, {"80": "W"}, {"80": "W"}, {"80": "W"}, {"80": "W"}, {"80": "W"}, {"80": "W"}, {"80": "W"}, {"80": "W"}, {"80": "W"}, {"80": "W"}, {"80": "W"}, {"80": "S"}, {"80": "S"}, {"80": "S"}, {"80": "S"}, {"80": "S"}, {"80": "S"}, {"80": "S"}, {"80": "S"}, {"80": "S"}, {"80": "E"}, {"80": "S"}, {"80": "S"}, {"80": "S"}, {"80": "S"}, {"80": "E"}, {"80": "E"}, {"80": "E"}, {"80": "S"}, {"80": "E"}, {"80": "E"}, {"80": "E"}, {"80": "E"}, {"80": "E"}, {"80": "S"}, {"80": "E"}, {"76": "W"}, {"76": "N"}, {"76": "N"}, {"76": "W"}, {"76": "W"}, {"76": "W"}, {"76": "W"}, {"76": "W"}, {"76": "N"}, {"76": "N"}, {"76": "N"}, {"76": "N"}, {"67": "S"}, {"67": "W"}, {"67": "W"}, {"67": "S"}, {"67": "S"}, {"67": "S"}, {"67": "S"}, {"67": "S"}, {"67": "S"}, {"67": "S"}, {"67": "S"}, {"67": "S"}, {"67": "S"}, {"67": "S"}, {"67": "S"}, {"67": "S"}, {"67": "S"}, {"67": "S"}, {"67": "S"}, {"67": "W"}, {"67": "W"}, {"67": "W"}, {"67": "W"}, {"67": "S"}, {"67": "W"}, {"67": "W"}, {"67": "N"}, {"47": "S"}, {"47": "W"}, {"47": "W"}, {"47": "W"}, {"47": "S"}, {"47": "W"}, {"47": "W"}, {"47": "W"}, {"47": "W"}, {"47": "W"}, {"47": "W"}, {"47": "S"}, {"47": "S"}, {"47": "S"}, {"47": "S"}, {"47": "W"}, {"47": "W"}, {"47": "W"}, {"47": "W"}, {"47": "S"}, {"47": "W"}, {"47": "W"}, {"47": "W"}, {"47": "N"}, {"47": "N"}, {"13": "E"}, {"13": "N"}, {"13": "N"}, {"13": "N"}, {"13": "N"}, {"13": "N"}, {"13": "N"}, {"13": "N"}, {"13": "N"}, {"13": "N"}, {"164": "N"}, {"164": "W"}, {"164": "W"}, {"164": "N"}, {"164": "W"}, {"164": "W"}, {"164": "W"}, {"164": "W"}, {"164": "W"}, {"164": "W"}, {"164": "W"}, {"164": "W"}, {"164": "W"}, {"164": "W"}, {"164": "W"}, {"164": "W"}, {"164": "W"}, {"164": "W"}, {"164": "W"}, {"164": "W"}, {"164": "W"}, {"164": "W"}, {"164": "W"}, {"164": "W"}, {"164": "W"}, {"164": "S"}, {"164": "S"}, {"164": "S"}, {"164": "S"}, {"164": "S"}, {"164": "S"}, {"164": "S"}, {"164": "S"}, {"164": "S"}, {"164": "E"}, {"164": "S"}, {"164": "S"}, {"164": "S"}, {"164": "S"}, {"164": "E"}, {"164": "E"}, {"164": "E"}, {"164": "N"}, {"139": "E"}, {"139": "S"}, {"139": "S"}, {"139": "S"}, {"139": "W"}, {"139": "W"}, {"139": "W"}, {"139": "W"}, {"139": "W"}, {"139": "W"}, {"139": "W"}, {"139": "W"}, {"139": "S"}, {"139": "S"}, {"139": "S"}, {"139": "S"}, {"139": "S"}, {"139": "S"}, {"139": "S"}, {"139": "S"}, {"139": "S"}, {"139": "E"}, {"139": "S"}, {"139": "S"}, {"139": "S"}, {"139": "S"}, {"139": "E"}, {"139": "E"}, {"139": "E"}, {"139": "S"}, {"139": "E"}, {"139": "E"}, {"102": "E"}, {"102": "N"}, {"102": "N"}, {"102": "N"}, {"102": "N"}, {"102": "N"}, {"102": "N"}, {"102": "N"}, {"102": "N"}, {"102": "N"}, {"102": "E"}, {"102": "N"}, {"102": "N"}, {"102": "N"}, {"102": "N"}, {"102": "N"}, {"102": "N"}, {"75": "E"}, {"75": "N"}, {"75": "N"}, {"75": "W"}, {"75": "W"}, {"75": "W"}, {"75": "W"}, {"75": "N"}, {"75": "N"}, {"75": "N"}, {"75": "N"}, {"75": "N"}, {"75": "W"}, {"75": "N"}, {"75": "W"}, {"75": "W"}, {"75": "W"}, {"75": "W"}, {"75": "W"}, {"75": "N"}, {"75": "N"}, {"75": "N"}, {"75": "N"}, {"75": "N"}, {"75": "N"}, {"60": "S"}, {"60": "W"}, {"60": "W"}, {"60": "S"}, {"60": "S"}, {"60": "S"}, {"60": "S"}, {"60": "S"}, {"60": "S"}, {"60": "S"}, {"60": "S"}, {"60": "S"}, {"60": "S"}, {"60": "W"}, {"60": "W"}, {"60": "W"}, {"60": "W"}, {"60": "S"}, {"60": "W"}, {"60": "W"}, {"60": "W"}, {"60": "W"}, {"60": "W"}, {"60": "W"}, {"60": "W"}, {"60": "W"}, {"60": "W"}, {"60": "N"}, {"60": "N"}, {"60": "N"}, {"60": "N"}, {"60": "N"}, {"60": "N"}, {"60": "N"}, {"53": "W"}, {"53": "N"}, {"53": "N"}, {"53": "N"}, {"53": "N"}, {"53": "N"}, {"53": "N"}, {"53": "E"}, {"53": "E"}, {"53": "N"}, {"53": "N"}, {"53": "N"}, {"53": "N"}, {"53": "N"}, {"40": "N"}, {"40": "W"}, {"40": "W"}, {"40": "W"}, {"40": "W"}, {"40": "S"}, {"40": "S"}, {"40": "S"}, {"40": "S"}, {"40": "S"}, {"40": "S"}, {"40": "S"}, {"40": "S"}, {"40": "S"}, {"40": "S"}, {"40": "S"}, {"40": "S"}, {"40": "S"}, {"40": "W"}, {"40": "W"}, {"40": "W"}, {"40": "W"}, {"40": "S"}, {"40": "W"}, {"40": "W"}, {"40": "W"}, {"40": "N"}, {"15": "W"}, {"15": "N"}, {"15": "W"}, {"15": "W"}, {"15": "W"}, {"15": "W"}, {"15": "W"}, {"15": "W"}, {"15": "W"}, {"15": "W"}, {"15": "W"}, {"15": "W"}, {"15": "N"}, {"15": "N"}, {"15": "N"}, {"15": "N"}, {"15": "N"}, {"15": "N"}, {"15": "N"}, {"15": "N"}, {"4": "W"}, {"4": "N"}, {"4": "N"}, {"4": "E"}, {"4": "E"}, {"4": "E"}, {"4": "E"}, {"4": "E"}, {"4": "E"}, {"4": "E"}, {"4": "E"}, {"4": "N"}, {"4": "N"}, {"2": "E"}, {"2": "S"}, {"2": "E"}, {"2": "E"}, {"2": "E"}, {"2": "E"}, {"2": "E"}, {"2": "E"}, {"2": "E"}, {"2": "S"}, {"2": "S"}, {"2": "S"}, {"2": "S"}, {"2": "S"}, {"2": "S"}, {"2": "S"}, {"2": "S"}, {"2": "S"}, {"2": "S"}, {"2": "S"}, {"2": "S"}, {"2": "S"}, {"2": "S"}, {"2": "S"}, {"2": "S"}, {"2": "S"}, {"2": "S"}, {"2": "S"}, {"2": "S"}, {"2": "W"}, {"2": "W"}, {"2": "W"}, {"2": "W"}, {"2": "S"}, {"2": "W"}, {"2": "W"}, {"2": "W"}, {"2": "W"}, {"2": "W"}, {"2": "N"}, {"2": "N"}, {"2": "N"}, {"155": "S"}, {"155": "W"}, {"155": "W"}, {"155": "S"}, {"155": "S"}, {"155": "S"}, {"155": "S"}, {"155": "S"}, {"155": "S"}, {"155": "S"}, {"155": "W"}, {"155": "W"}, {"155": "W"}, {"155": "W"}, {"155": "S"}, {"155": "W"}, {"155": "W"}, {"155": "W"}, {"155": "W"}, {"155": "W"}, {"155": "W"}, {"155": "W"}, {"155": "W"}, {"155": "N"}, {"155": "N"}, {"155": "N"}, {"155": "N"}, {"155": "N"}, {"146": "N"}, {"146": "W"}, {"146": "W"}, {"146": "W"}, {"146": "W"}, {"146": "W"}, {"146": "S"}, {"146": "S"}, {"146": "S"}, {"146": "S"}, {"146": "S"}, {"146": "S"}, {"146": "S"}, {"146": "W"}, {"146": "W"}, {"146": "W"}, {"146": "W"}, {"146": "S"}, {"146": "W"}, {"146": "W"}, {"146": "W"}, {"146": "W"}, {"146": "W"}, {"146": "W"}, {"146": "W"}, {"146": "W"}, {"146": "W"}, {"146": "W"}, {"146": "N"}, {"146": "N"}, {"146": "N"}, {"146": "N"}, {"146": "N"}, {"146": "W"}, {"146": "N"}, {"146": "W"}, {"146": "W"}, {"146": "W"}, {"146": "W"}, {"146": "W"}, {"146": "N"}, {"146": "N"}, {"146": "N"}, {"146": "N"}, {"146": "N"}, {"122": "N"}, {"122": "E"}, {"122": "E"}, {"122": "E"}, {"122": "E"}, {"122": "E"}, {"122": "E"}, {"120": "S"}, {"120": "W"}, {"120": "W"}, {"120": "W"}, {"120": "W"}, {"120": "S"}, {"120": "S"}, {"120": "S"}, {"120": "S"}, {"120": "S"}, {"120": "S"}, {"120": "S"}, {"120": "S"}, {"120": "S"}, {"120": "S"}, {"120": "S"}, {"120": "S"}, {"120": "S"}, {"120": "W"}, {"120": "W"}, {"120": "W"}, {"120": "W"}, {"120": "S"}, {"120": "W"}, {"120": "W"}, {"120": "W"}, {"120": "W"}, {"120": "W"}, {"120": "W"}, {"120": "W"}, {"120": "W"}, {"120": "W"}, {"120": "W"}, {"120": "N"}, {"120": "N"}, {"120": "N"}, {"120": "N"}, {"120": "N"}, {"120": "W"}, {"120": "N"}, {"120": "W"}, {"120": "N"}, {"91": "E"}, {"91": "S"}, {"91": "S"}, {"91": "S"}, {"91": "S"}, {"91": "W"}, {"91": "W"}, {"91": "W"}, {"91": "W"}, {"91": "W"}, {"91": "W"}, {"91": "W"}, {"91": "W"}, {"91": "W"}, {"91": "W"}, {"91": "W"}, {"91": "W"}, {"91": "W"}, {"91": "W"}, {"91": "W"}, {"91": "W"}, {"91": "W"}, {"91": "S"}, {"91": "S"}, {"91": "S"}, {"91": "S"}, {"91": "S"}, {"91": "S"}, {"91": "S"}, {"91": "S"}, {"91": "S"}, {"91": "S"}, {"91": "S"}, {"91": "E"}, {"91": "S"}, {"91": "S"}, {"91": "E"}, {"91": "E"}, {"91": "S"}, {"91": "E"}, {"91": "S"}, {"91": "E"}, {"91": "E"}, {"73": "W"}, {"73": "N"}, {"73": "N"}, {"73": "N"}, {"73": "N"}, {"73": "N"}, {"73": "W"}, {"73": "W"}, {"73": "W"}, {"73": "W"}, {"73": "W"}, {"73": "W"}, {"73": "W"}, {"73": "N"}, {"73": "N"}, {"73": "N"}, {"73": "N"}, {"73": "N"}, {"73": "N"}, {"73": "N"}, {"72": "N"}, {"72": "E"}, {"72": "E"}, {"72": "E"}, {"72": "E"}, {"72": "E"}, {"72": "N"}, {"72": "N"}, {"72": "N"}, {"72": "N"}, {"72": "N"}, {"72": "N"}, {"66": "N"}, {"66": "N"}, {"66": "N"}, {"54": "W"}, {"54": "S"}, {"54": "S"}, {"54": "S"}, {"54": "S"}, {"54": "S"}, {"54": "S"}, {"54": "S"}, {"54": "S"}, {"54": "S"}, {"54": "W"}, {"54": "W"}, {"54": "W"}, {"54": "W"}, {"54": "S"}, {"54": "W"}, {"54": "W"}, {"54": "W"}, {"54": "W"}, {"54": "W"}, {"54": "W"}, {"54": "W"}, {"54": "N"}, {"54": "N"}, {"54": "N"}, {"54": "N"}, {"37": "E"}, {"37": "E"}, {"37": "E"}, {"37": "E"}, {"37": "E"}, {"37": "S"}, {"37": "S"}, {"37": "S"}, {"37": "S"}, {"37": "S"}, {"37": "S"}, {"37": "S"}, {"37": "S"}, {"37": "S"}, {"37": "S"}, {"37": "S"}, {"37": "S"}, {"37": "S"}, {"37": "S"}, {"37": "S"}, {"37": "S"}, {"37": "S"}, {"37": "S"}, {"37": "S"}, {"37": "S"}, {"37": "S"}, {"37": "S"}, {"37": "S"}, {"37": "W"}, {"37": "W"}, {"37": "W"}, {"37": "W"}, {"37": "S"}, {"37": "W"}, {"37": "W"}, {"37": "W"}, {"37": "W"}, {"37": "N"}, {"36": "W"}, {"36": "N"}, {"36": "N"}, {"36": "N"}, {"36": "N"}, {"36": "N"}, {"36": "N"}, {"171": "E"}, {"171": "N"}, {"171": "N"}, {"171": "N"}, {"171": "N"}, {"171": "N"}, {"171": "N"}, {"171": "W"}, {"171": "W"}, {"171": "W"}, {"171": "W"}, {"171": "W"}, {"171": "W"}, {"171": "W"}, {"171": "W"}, {"171": "W"}, {"171": "W"}, {"171": "W"}, {"171": "W"}, {"171": "W"}, {"171": "W"}, {"171": "N"}, {"171": "N"}, {"171": "N"}, {"171": "N"}, {"171": "N"}, {"171": "E"}, {"171": "E"}, {"171": "N"}, {"171": "E"}, {"171": "N"}, {"171": "N"}, {"112": "E"}, {"112": "N"}, {"112": "N"}, {"112": "N"}, {"112": "N"}, {"112": "N"}, {"112": "W"}, {"112": "N"}, {"112": "N"}, {"112": "N"}, {"112": "N"}, {"112": "N"}, {"112": "W"}, {"105": "W"}, {"105": "W"}, {"105": "W"}, {"105": "W"}, {"105": "W"}, {"105": "W"}, {"105": "S"}, {"105": "S"}, {"105": "S"}, {"105": "S"}, {"105": "S"}, {"105": "S"}, {"105": "S"}, {"105": "S"}, {"105": "S"}, {"105": "S"}, {"105": "S"}, {"105": "S"}, {"105": "S"}, {"105": "S"}, {"105": "S"}, {"105": "S"}, {"105": "S"}, {"105": "S"}, {"105": "S"}, {"105": "S"}, {"105": "S"}, {"105": "S"}, {"105": "S"}, {"105": "E"}, {"105": "E"}, {"105": "S"}, {"105": "E"}, {"105": "E"}, {"105": "E"}, {"105": "E"}, {"105": "E"}, {"105": "E"}, {"105": "N"}, {"105": "N"}, {"105": "N"}, {"105": "N"}, {"100": "S"}, {"100": "W"}, {"100": "W"}, {"100": "W"}, {"100": "W"}, {"100": "W"}, {"100": "W"}, {"100": "W"}, {"100": "S"}, {"100": "S"}, {"100": "S"}, {"100": "S"}, {"100": "S"}, {"100": "S"}, {"100": "S"}, {"100": "W"}, {"100": "W"}, {"100": "W"}, {"100": "W"}, {"100": "S"}, {"100": "W"}, {"100": "W"}, {"100": "W"}, {"100": "W"}, {"100": "W"}, {"100": "W"}, {"100": "W"}, {"100": "W"}, {"100": "W"}, {"100": "W"}, {"100": "N"}, {"100": "N"}, {"100": "N"}, {"100": "N"}, {"100": "N"}, {"100": "N"}, {"79": "S"}, {"79": "W"}, {"79": "W"}, {"79": "W"}, {"79": "W"}, {"79": "S"}, {"79": "S"}, {"79": "S"}, {"79": "S"}, {"79": "W"}, {"79": "W"}, {"79": "W"}, {"79": "W"}, {"79": "S"}, {"79": "W"}, {"79": "W"}, {"79": "W"}, {"79": "W"}, {"79": "W"}, {"79": "W"}, {"79": "W"}, {"79": "W"}, {"79": "W"}, {"79": "W"}, {"79": "W"}, {"79": "W"}, {"79": "W"}, {"79": "W"}, {"79": "W"}, {"79": "W"}, {"79": "W"}, {"79": "N"}, {"79": "N"}, {"79": "N"}, {"79": "N"}, {"79": "N"}, {"79": "E"}, {"79": "E"}, {"79": "N"}, {"79": "E"}, {"79": "E"}, {"79": "N"}, {"33": "E"}, {"33": "N"}, {"33": "N"}, {"33": "N"}, {"33": "N"}, {"33": "N"}, {"33": "N"}, {"33": "N"}, {"33": "E"}, {"33": "E"}, {"33": "E"}, {"33": "N"}, {"33": "N"}, {"31": "E"}, {"31": "E"}, {"31": "E"}, {"31": "E"}, {"31": "E"}, {"31": "E"}, {"31": "S"}, {"31": "S"}, {"31": "S"}, {"31": "S"}, {"31": "S"}, {"31": "S"}, {"31": "S"}, {"31": "S"}, {"31": "S"}, {"31": "S"}, {"31": "S"}, {"31": "S"}, {"31": "S"}, {"31": "S"}, {"31": "S"}, {"31": "S"}, {"31": "S"}, {"31": "S"}, {"31": "S"}, {"31": "S"}, {"31": "S"}, {"31": "S"}, {"31": "S"}, {"31": "S"}, {"31": "S"}, {"31": "W"}, {"31": "W"}, {"31": "W"}, {"31": "W"}, {"31": "S"}, {"31": "W"}, {"31": "W"}, {"31": "W"}, {"31": "W"}, {"31": "W"}, {"31": "W"}, {"31": "W"}, {"31": "N"}, {"31": "N"}, {"31": "N"}, {"27": "S"}, {"27": "W"}, {"27": "W"}, {"27": "W"}, {"27": "S"}, {"27": "S"}, {"27": "S"}, {"27": "S"}, {"27": "W"}, {"27": "W"}, {"27": "W"}, {"27": "W"}, {"27": "S"}, {"27": "W"}, {"27": "W"}, {"27": "W"}, {"27": "W"}, {"27": "W"}, {"27": "W"}, {"27": "W"}, {"27": "W"}, {"27": "W"}, {"27": "W"}, {"27": "W"}, {"27": "W"}, {"27": "W"}, {"27": "W"}, {"27": "W"}, {"27": "W"}, {"27": "W"}, {"27": "N"}, {"27": "N"}, {"27": "N"}, {"27": "N"}, {"27": "N"}, {"27": "E"}, {"27": "N"}, {"27": "N"}, {"27": "N"}, {"27": "N"}, {"27": "N"}, {"14": "S"}, {"14": "W"}, {"14": "W"}, {"14": "W"}, {"14": "W"}, {"14": "W"}, {"14": "W"}, {"14": "W"}, {"14": "W"}, {"14": "W"}, {"14": "W"}, {"14": "S"}, {"14": "S"}, {"14": "S"}, {"14": "S"}, {"14": "S"}, {"14": "S"}, {"14": "S"}, {"14": "S"}, {"14": "S"}, {"14": "S"}, {"14": "S"}, {"14": "S"}, {"14": "S"}, {"14": "S"}, {"14": "S"}, {"14": "S"}, {"14": "S"}, {"14": "S"}, {"14": "S"}, {"14": "E"}, {"14": "E"}, {"14": "S"}, {"14": "E"}, {"14": "E"}, {"14": "E"}, {"14": "E"}, {"14": "E"}, {"14": "E"}, {"14": "E"}, {"14": "N"}, {"14": "N"}, {"14": "N"}, {"0": "S"}, {"0": "E"}, {"0": "E"}, {"0": "E"}, {"0": "E"}, {"0": "E"}, {"0": "E"}, {"0": "E"}, {"0": "E"}, {"0": "E"}, {"0": "S"}, {"0": "S"}, {"0": "S"}, {"0": "S"}, {"0": "S"}, {"0": "S"}, {"0": "S"}, {"0": "S"}, {"0": "S"}, {"0": "S"}, {"0": "S"}, {"0": "S"}, {"0": "S"}, {"0": "S"}, {"0": "S"}, {"0": "S"}, {"0": "S"}, {"0": "S"}, {"0": "S"}, {"0": "S"}, {"0": "W"}, {"0": "W"}, {"0": "W"}, {"0": "W"}, {"0": "S"}, {"0": "W"}, {"0": "W"}, {"0": "W"}, {"0": "W"}, {"0": "W"}, {"0": "N"}, {"90": "S"}, {"90": "S"}, {"90": "W"}, {"90": "W"}, {"90": "W"}, {"90": "W"}, {"90": "W"}, {"90": "W"}, {"90": "S"}, {"90": "S"}, {"90": "S"}, {"90": "S"}, {"90": "W"}, {"90": "W"}, {"90": "W"}, {"90": "W"}, {"90": "S"}, {"90": "W"}, {"90": "W"}, {"90": "W"}, {"90": "W"}, {"90": "W"}, {"90": "W"}, {"90": "N"}, {"88": "S"}, {"88": "W"}, {"88": "W"}, {"88": "W"}, {"88": "S"}, {"88": "S"}, {"88": "S"}, {"88": "S"}, {"88": "S"}, {"88": "S"}, {"88": "S"}, {"88": "S"}, {"88": "S"}, {"88": "S"}, {"88": "W"}, {"88": "W"}, {"88": "W"}, {"88": "W"}, {"88": "S"}, {"88": "W"}, {"88": "W"}, {"88": "W"}, {"88": "W"}, {"88": "W"}, {"88": "W"}, {"88": "W"}, {"88": "W"}, {"88": "W"}, {"88": "W"}, {"88": "W"}, {"88": "W"}, {"88": "W"}, {"88": "W"}, {"88": "W"}, {"88": "W"}, {"88": "W"}, {"88": "N"}, {"88": "N"}, {"88": "N"}, {"88": "N"}, {"88": "N"}, {"88": "E"}, {"88": "E"}, {"88": "N"}, {"88": "N"}, {"88": "N"}, {"87": "W"}, {"87": "S"}, {"87": "S"}, {"87": "W"}, {"87": "W"}, {"87": "W"}, {"87": "W"}, {"87": "W"}, {"87": "W"}, {"87": "W"}, {"87": "W"}, {"87": "S"}, {"87": "S"}, {"87": "S"}, {"87": "S"}, {"87": "S"}, {"87": "S"}, {"87": "S"}, {"87": "S"}, {"87": "S"}, {"87": "S"}, {"87": "S"}, {"87": "S"}, {"87": "S"}, {"87": "S"}, {"87": "S"}, {"87": "S"}, {"87": "S"}, {"87": "S"}, {"87": "S"}, {"87": "E"}, {"87": "E"}, {"87": "S"}, {"87": "E"}, {"87": "E"}, {"87": "E"}, {"87": "E"}, {"87": "E"}, {"87": "E"}, {"87": "N"}, {"87": "N"}, {"87": "N"}, {"57": "S"}, {"57": "W"}, {"57": "W"}, {"57": "S"}, {"57": "S"}, {"57": "S"}, {"57": "S"}, {"57": "W"}, {"57": "W"}, {"57": "W"}, {"57": "W"}, {"57": "S"}, {"57": "W"}, {"57": "W"}, {"57": "W"}, {"57": "W"}, {"57": "W"}, {"57": "W"}, {"57": "W"}, {"57": "W"}, {"57": "W"}, {"57": "W"}, {"57": "W"}, {"57": "W"}, {"57": "W"}, {"57": "W"}, {"57": "W"}, {"57": "W"}, {"57": "W"}, {"57": "N"}, {"57": "N"}, {"57": "N"}, {"57": "N"}, {"57": "N"}, {"57": "E"}, {"57": "E"}, {"57": "N"}, {"57": "E"}, {"57": "N"}, {"41": "S"}, {"41": "W"}, {"41": "W"}, {"41": "W"}, {"41": "W"}, {"41": "W"}, {"41": "W"}, {"41": "W"}, {"41": "W"}, {"41": "W"}, {"41": "W"}, {"41": "S"}, {"41": "S"}, {"41": "S"}, {"41": "S"}, {"41": "S"}, {"41": "S"}, {"41": "S"}, {"41": "S"}, {"41": "S"}, {"41": "S"}, {"41": "W"}, {"41": "W"}, {"41": "W"}, {"41": "W"}, {"41": "S"}, {"41": "W"}, {"41": "W"}, {"41": "W"}, {"41": "W"}, {"41": "W"}, {"41": "W"}, {"41": "W"}, {"41": "W"}, {"41": "W"}, {"41": "W"}, {"41": "W"}, {"41": "W"}, {"41": "W"}, {"41": "W"}, {"41": "W"}, {"41": "W"}, {"41": "W"}, {"41": "N"}, {"41": "N"}, {"41": "N"}, {"41": "N"}, {"41": "N"}, {"41": "E"}, {"41": "E"}, {"41": "N"}, {"41": "E"}, {"41": "E"}, {"26": "W"}, {"26": "W"}, {"26": "S"}, {"26": "S"}, {"26": "W"}, {"26": "W"}, {"26": "W"}, {"26": "W"}, {"26": "W"}, {"26": "W"}, {"26": "W"}, {"26": "W"}, {"26": "W"}, {"26": "W"}, {"26": "W"}, {"26": "S"}, {"26": "S"}, {"26": "S"}, {"26": "S"}, {"26": "S"}, {"26": "S"}, {"26": "S"}, {"26": "S"}, {"26": "S"}, {"26": "S"}, {"26": "S"}, {"26": "S"}, {"26": "S"}, {"26": "S"}, {"26": "S"}, {"26": "S"}, {"26": "S"}, {"26": "S"}, {"26": "S"}, {"26": "E"}, {"26": "E"}, {"26": "S"}, {"26": "E"}, {"26": "E"}, {"26": "E"}, {"26": "E"}, {"26": "E"}, {"26": "E"}, {"26": "E"}, {"26": "N"}, {"26": "N"}, {"24": "S"}, {"24": "W"}, {"24": "W"}, {"24": "S"}, {"24": "W"}, {"24": "W"}, {"24": "W"}, {"24": "W"}, {"24": "W"}, {"24": "W"}, {"24": "S"}, {"24": "S"}, {"24": "S"}, {"24": "S"}, {"24": "W"}, {"24": "W"}, {"24": "W"}, {"24": "W"}, {"24": "S"}, {"24": "W"}, {"24": "W"}, {"24": "W"}, {"24": "W"}, {"24": "W"}, {"24": "W"}, {"24": "W"}, {"24": "W"}, {"24": "W"}, {"24": "W"}, {"24": "N"}, {"24": "N"}, {"24": "N"}, {"24": "N"}, {"24": "N"}, {"1": "S"}, {"1": "W"}, {"1": "W"}, {"1": "W"}, {"1": "S"}, {"1": "W"}, {"1": "W"}, {"1": "W"}, {"1": "W"}, {"1": "S"}, {"1": "W"}, {"1": "W"}, {"1": "W"}, {"1": "W"}, {"1": "W"}, {"1": "W"}, {"1": "W"}, {"1": "N"}, {"1": "N"}, {"160": "S"}, {"160": "E"}, {"160": "E"}, {"160": "S"}, {"160": "S"}, {"160": "S"}, {"160": "S"}, {"160": "S"}, {"160": "S"}, {"160": "S"}, {"160": "S"}, {"160": "E"}, {"160": "S"}, {"160": "S"}, {"160": "E"}, {"160": "S"}, {"160": "E"}, {"98": "E"}, {"98": "S"}, {"98": "S"}, {"98": "S"}, {"98": "S"}, {"98": "W"}, {"98": "W"}, {"98": "W"}, {"98": "W"}, {"98": "W"}, {"98": "W"}, {"98": "W"}, {"98": "W"}, {"98": "S"}, {"98": "S"}, {"98": "S"}, {"98": "S"}, {"98": "S"}, {"98": "S"}, {"98": "S"}, {"98": "S"}, {"98": "S"}, {"98": "S"}, {"98": "S"}, {"98": "S"}, {"98": "S"}, {"98": "S"}, {"98": "S"}, {"98": "S"}, {"98": "S"}, {"98": "S"}, {"98": "S"}, {"98": "E"}, {"98": "E"}, {"98": "S"}, {"98": "E"}, {"98": "E"}, {"98": "E"}, {"98": "E"}, {"98": "E"}, {"98": "E"}, {"98": "N"}, {"98": "N"}, {"81": "S"}, {"81": "S"}, {"81": "W"}, {"81": "W"}, {"81": "W"}, {"81": "W"}, {"81": "S"}, {"81": "W"}, {"81": "W"}, {"81": "W"}, {"81": "W"}, {"81": "S"}, {"81": "W"}, {"81": "W"}, {"81": "W"}, {"81": "W"}, {"81": "W"}, {"81": "W"}, {"81": "W"}, {"81": "W"}, {"81": "W"}, {"81": "W"}, {"81": "W"}, {"81": "W"}, {"81": "W"}, {"81": "W"}, {"81": "W"}, {"81": "W"}, {"81": "W"}, {"81": "N"}, {"81": "N"}, {"81": "N"}, {"81": "N"}, {"81": "N"}, {"81": "E"}, {"81": "E"}, {"81": "N"}, {"81": "N"}, {"56": "W"}, {"56": "W"}, {"56": "W"}, {"56": "W"}, {"56": "W"}, {"56": "W"}, {"56": "W"}, {"56": "S"}, {"56": "S"}, {"56": "S"}, {"56": "S"}, {"56": "S"}, {"56": "S"}, {"56": "S"}, {"56": "S"}, {"56": "S"}, {"56": "S"}, {"56": "S"}, {"56": "S"}, {"56": "S"}, {"56": "S"}, {"56": "S"}, {"56": "S"}, {"56": "S"}, {"56": "S"}, {"56": "S"}, {"56": "S"}, {"56": "S"}, {"56": "S"}, {"56": "S"}, {"56": "S"}, {"56": "S"}, {"56": "S"}, {"56": "E"}, {"56": "E"}, {"56": "S"}, {"56": "E"}, {"56": "E"}, {"56": "E"}, {"56": "E"}, {"56": "E"}, {"56": "N"}, {"56": "N"}, {"56": "N"}, {"29": "W"}, {"29": "S"}, {"29": "S"}, {"29": "W"}, {"29": "W"}, {"29": "W"}, {"29": "W"}, {"29": "S"}, {"29": "W"}, {"29": "W"}, {"29": "W"}, {"29": "W"}, {"29": "W"}, {"29": "W"}, {"29": "W"}, {"29": "N"}, {"23": "N"}, {"23": "N"}, {"23": "N"}, {"176": "N"}, {"176": "W"}, {"176": "W"}, {"176": "S"}, {"176": "S"}, {"176": "S"}, {"176": "S"}, {"176": "S"}, {"176": "S"}, {"176": "S"}, {"176": "W"}, {"176": "W"}, {"176": "W"}, {"176": "W"}, {"176": "S"}, {"176": "W"}, {"176": "W"}, {"176": "W"}, {"176": "W"}, {"176": "W"}, {"176": "W"}, {"176": "W"}, {"176": "W"}, {"176": "N"}, {"142": "S"}, {"142": "E"}, {"142": "E"}, {"142": "E"}, {"142": "E"}, {"142": "S"}, {"84": "N"}, {"84": "W"}, {"84": "W"}, {"84": "S"}, {"84": "S"}, {"84": "S"}, {"84": "S"}, {"84": "W"}, {"84": "W"}, {"84": "W"}, {"84": "W"}, {"84": "S"}, {"84": "W"}, {"84": "W"}, {"84": "W"}, {"84": "W"}, {"84": "W"}, {"84": "W"}, {"84": "W"}, {"84": "W"}, {"84": "W"}, {"84": "W"}, {"84": "N"}, {"84": "N"}, {"84": "N"}, {"61": "W"}, {"61": "W"}, {"61": "W"}, {"61": "W"}, {"61": "W"}, {"61": "W"}, {"61": "S"}, {"61": "S"}, {"61": "S"}, {"61": "S"}, {"61": "S"}, {"61": "S"}, {"61": "S"}, {"61": "S"}, {"61": "S"}, {"61": "S"}, {"61": "S"}, {"61": "S"}, {"61": "S"}, {"61": "S"}, {"61": "S"}, {"61": "S"}, {"61": "S"}, {"61": "S"}, {"61": "S"}, {"61": "S"}, {"61": "S"}, {"61": "E"}, {"61": "E"}, {"61": "S"}, {"61": "E"}, {"61": "E"}, {"61": "E"}, {"61": "E"}, {"61": "E"}, {"61": "E"}, {"61": "N"}, {"154": "S"}, {"154": "E"}, {"154": "E"}, {"154": "S"}, {"154": "S"}, {"154": "S"}, {"154": "S"}, {"154": "S"}, {"154": "S"}, {"154": "E"}, {"154": "E"}, {"154": "S"}, {"154": "E"}, {"154": "E"}, {"154": "E"}, {"154": "E"}, {"154": "E"}, {"154": "N"}, {"113": "N"}, {"113": "W"}, {"113": "W"}, {"113": "W"}, {"113": "W"}, {"113": "W"}, {"113": "S"}, {"113": "S"}, {"113": "S"}, {"113": "S"}, {"113": "S"}, {"113": "S"}, {"113": "S"}, {"113": "S"}, {"113": "S"}, {"113": "S"}, {"113": "W"}, {"113": "W"}, {"113": "W"}, {"113": "W"}, {"113": "S"}, {"113": "W"}, {"113": "W"}, {"113": "W"}, {"113": "W"}, {"113": "W"}, {"113": "W"}, {"113": "W"}, {"113": "W"}, {"113": "W"}, {"113": "W"}, {"113": "W"}, {"113": "W"}, {"113": "W"}, {"113": "W"}, {"113": "W"}, {"113": "W"}, {"113": "W"}, {"113": "N"}, {"113": "N"}, {"113": "N"}, {"113": "N"}, {"113": "N"}, {"113": "E"}, {"113": "N"}, {"107": "S"}, {"107": "W"}, {"107": "W"}, {"107": "W"}, {"107": "W"}, {"107": "W"}, {"107": "W"}, {"107": "W"}, {"107": "W"}, {"107": "W"}, {"107": "W"}, {"107": "W"}, {"107": "W"}, {"107": "W"}, {"107": "W"}, {"107": "W"}, {"107": "W"}, {"107": "W"}, {"107": "W"}, {"107": "W"}, {"107": "W"}, {"107": "W"}, {"107": "W"}, {"107": "W"}, {"107": "N"}, {"107": "N"}, {"107": "N"}, {"107": "N"}, {"107": "N"}, {"107": "E"}, {"107": "E"}, {"45": "W"}, {"45": "N"}, {"45": "N"}, {"45": "W"}, {"45": "W"}, {"45": "W"}, {"45": "W"}, {"45": "W"}, {"45": "W"}, {"45": "N"}, {"117": "W"}, {"117": "S"}, {"117": "S"}, {"117": "S"}, {"117": "W"}, {"117": "W"}, {"117": "W"}, {"117": "W"}, {"117": "W"}, {"117": "W"}, {"117": "W"}, {"117": "W"}, {"117": "S"}, {"117": "S"}, {"117": "S"}, {"117": "S"}, {"117": "S"}, {"117": "S"}, {"117": "S"}, {"117": "S"}, {"117": "S"}, {"117": "S"}, {"117": "S"}, {"117": "S"}, {"117": "S"}, {"117": "S"}, {"117": "S"}, {"117": "S"}, {"117": "S"}, {"117": "S"}, {"117": "S"}, {"117": "E"}, {"117": "E"}, {"117": "S"}, {"117": "E"}, {"117": "E"}, {"117": "E"}, {"117": "E"}, {"117": "E"}, {"94": "N"}, {"94": "W"}, {"94": "W"}, {"94": "W"}, {"94": "S"}, {"94": "S"}, {"94": "S"}, {"94": "S"}, {"94": "S"}, {"94": "S"}, {"94": "S"}, {"94": "S"}, {"94": "S"}, {"94": "S"}, {"94": "W"}, {"94": "W"}, {"94": "W"}, {"94": "W"}, {"94": "S"}, {"94": "W"}, {"94": "W"}, {"94": "W"}, {"94": "W"}, {"94": "W"}, {"94": "W"}, {"94": "W"}, {"94": "W"}, {"94": "W"}, {"94": "W"}, {"94": "W"}, {"94": "W"}, {"94": "W"}, {"94": "W"}, {"94": "W"}, {"94": "W"}, {"94": "W"}, {"94": "N"}, {"94": "N"}, {"94": "N"}, {"94": "N"}, {"94": "N"}, {"94": "E"}, {"63": "E"}, {"63": "S"}, {"63": "E"}, {"63": "E"}, {"63": "S"}, {"63": "E"}, {"63": "E"}, {"63": "E"}, {"63": "E"}, {"63": "N"}, {"74": "W"}, {"74": "S"}, {"74": "S"}, {"74": "S"}, {"74": "S"}, {"74": "S"}, {"74": "S"}, {"74": "S"}, {"74": "S"}, {"74": "S"}, {"74": "S"}, {"74": "S"}, {"74": "S"}, {"74": "S"}, {"74": "S"}, {"74": "W"}, {"74": "W"}, {"74": "W"}, {"74": "W"}, {"74": "S"}, {"74": "W"}, {"74": "W"}, {"74": "W"}, {"74": "W"}, {"74": "W"}, {"74": "W"}, {"74": "W"}, {"74": "W"}, {"74": "W"}, {"74": "W"}, {"74": "W"}, {"74": "N"}, {"51": "W"}, {"51": "S"}, {"51": "S"}, {"51": "S"}, {"51": "S"}, {"51": "S"}, {"51": "S"}, {"51": "W"}, {"51": "W"}, {"51": "W"}, {"51": "W"}, {"51": "S"}, {"51": "W"}, {"51": "W"}, {"51": "W"}, {"51": "W"}, {"51": "W"}, {"51": "W"}, {"51": "W"}, {"51": "W"}, {"51": "W"}, {"51": "W"}, {"51": "W"}, {"51": "W"}, {"51": "N"}, {"20": "S"}, {"20": "W"}, {"20": "W"}, {"20": "W"}, {"20": "S"}, {"20": "S"}, {"20": "S"}, {"20": "S"}, {"20": "S"}, {"20": "S"}, {"20": "S"}, {"20": "W"}, {"20": "W"}, {"20": "W"}, {"20": "W"}, {"20": "S"}, {"20": "W"}, {"20": "W"}, {"20": "W"}, {"20": "W"}, {"20": "W"}, {"20": "W"}, {"20": "W"}, {"20": "W"}, {"20": "W"}, {"20": "W"}, {"20": "W"}, {"20": "W"}, {"20": "W"}, {"20": "N"}, {"119": "S"}, {"119": "W"}, {"119": "W"}, {"119": "W"}, {"119": "W"}, {"119": "W"}, {"119": "S"}, {"119": "S"}, {"119": "S"}, {"119": "S"}, {"119": "W"}, {"119": "W"}, {"119": "W"}, {"119": "W"}, {"119": "S"}, {"119": "W"}, {"119": "W"}, {"119": "W"}, {"119": "W"}, {"119": "W"}, {"119": "W"}, {"119": "W"}, {"119": "W"}, {"119": "W"}, {"119": "W"}, {"119": "W"}, {"119": "W"}, {"119": "W"}, {"119": "W"}, {"119": "W"}, {"119": "W"}, {"119": "N"}, {"39": "S"}, {"39": "W"}, {"39": "W"}, {"39": "W"}, {"39": "W"}, {"39": "W"}, {"39": "W"}, {"39": "W"}, {"39": "W"}, {"39": "W"}, {"39": "W"}, {"39": "S"}, {"39": "S"}, {"39": "S"}, {"39": "S"}, {"39": "S"}, {"39": "S"}, {"39": "S"}, {"39": "W"}, {"39": "W"}, {"39": "W"}, {"39": "W"}, {"39": "S"}, {"39": "W"}, {"39": "W"}, {"39": "W"}, {"39": "W"}, {"39": "W"}, {"39": "W"}, {"39": "W"}, {"39": "W"}, {"39": "W"}, {"39": "W"}, {"39": "W"}, {"39": "W"}, {"39": "W"}, {"39": "W"}, {"39": "N"}, {"103": "W"}, {"103": "N"}, {"103": "N"}, {"103": "N"}, {"103": "W"}, {"103": "W"}, {"103": "W"}, {"103": "W"}, {"103": "W"}, {"103": "W"}, {"103": "W"}, {"103": "W"}, {"103": "W"}, {"103": "W"}, {"103": "W"}, {"103": "W"}, {"103": "N"}, {"5": "W"}, {"5": "W"}, {"5": "W"}, {"5": "W"}, {"5": "W"}, {"5": "S"}, {"5": "W"}, {"5": "W"}, {"5": "W"}, {"5": "W"}, {"5": "W"}, {"5": "W"}, {"5": "W"}, {"5": "W"}, {"5": "W"}, {"5": "W"}, {"5": "W"}, {"5": "W"}, {"5": "W"}, {"5": "W"}, {"5": "W"}, {"5": "W"}, {"5": "W"}, {"5": "N"}, {"5": "N"}, {"5": "E"}], "result": "SUCCESS", "makespan": 5063, "sum": 6448, "algo_name": "OutAndInBFS_default"}