{"instance": "medium_001_30x30_20_145", "steps": [{"2": "N", "3": "W", "8": "W", "10": "E", "17": "N", "26": "W", "27": "N", "29": "W", "33": "N", "38": "S", "39": "N", "47": "S", "51": "W", "53": "W", "77": "S", "82": "W", "89": "W", "90": "N", "91": "W", "92": "S", "97": "N", "99": "S", "100": "N", "108": "W", "119": "E", "125": "E", "136": "S", "1": "W", "7": "E", "9": "S", "18": "W", "30": "N", "42": "E", "50": "S", "67": "S", "68": "E", "71": "N", "78": "N", "79": "W", "80": "W", "83": "W", "87": "W", "88": "N", "93": "N", "95": "W", "98": "W", "126": "S", "132": "N", "135": "N", "20": "N", "24": "E", "35": "W", "41": "W", "49": "N", "52": "N", "55": "W", "56": "N", "66": "W", "74": "S", "75": "N", "81": "N", "106": "S", "107": "N", "110": "N", "112": "W", "115": "W", "122": "E", "124": "W", "130": "W", "11": "W", "34": "W", "36": "N", "46": "E", "48": "W", "54": "W", "59": "N", "65": "N", "76": "W", "85": "W", "105": "W", "127": "W", "138": "S", "4": "N", "5": "W", "61": "N", "69": "W", "72": "W", "73": "W", "121": "W", "141": "W", "144": "W", "37": "W", "63": "W", "84": "N", "94": "S", "113": "N", "134": "W", "137": "W", "139": "N", "0": "W", "12": "W", "14": "N", "15": "W", "19": "W", "22": "W", "28": "S", "45": "W", "62": "W", "64": "W", "101": "W", "116": "N", "129": "N", "21": "W", "44": "W", "58": "W", "103": "N", "117": "W", "118": "W", "120": "W", "123": "W", "128": "S", "142": "N", "25": "S", "31": "W", "40": "W", "70": "W", "57": "W", "60": "W", "13": "W", "23": "W", "86": "W", "96": "W", "109": "W", "143": "W", "32": "W", "111": "W", "131": "W", "16": "E", "114": "W", "133": "W", "6": "W", "43": "W", "102": "E", "104": "W", "140": "W"}, {"2": "N", "3": "W", "8": "W", "10": "E", "17": "N", "26": "W", "27": "N", "29": "W", "33": "N", "38": "S", "39": "N", "47": "S", "51": "W", "53": "W", "77": "S", "82": "W", "89": "W", "90": "N", "91": "W", "92": "S", "97": "N", "99": "S", "100": "N", "108": "W", "119": "E", "125": "E", "136": "S", "1": "W", "7": "E", "9": "S", "18": "W", "30": "N", "42": "E", "50": "S", "67": "S", "68": "E", "71": "N", "78": "N", "79": "W", "80": "W", "83": "W", "87": "W", "88": "N", "93": "N", "95": "W", "98": "W", "126": "S", "132": "N", "135": "N", "20": "N", "24": "E", "35": "W", "41": "W", "49": "N", "52": "N", "55": "W", "56": "N", "66": "W", "74": "S", "75": "N", "81": "N", "106": "S", "107": "N", "110": "N", "112": "W", "115": "W", "122": "E", "124": "W", "130": "W", "11": "W", "34": "W", "36": "N", "46": "E", "48": "W", "54": "W", "59": "N", "65": "N", "76": "W", "85": "W", "105": "W", "127": "W", "138": "S", "4": "N", "5": "W", "61": "N", "69": "W", "72": "W", "73": "W", "121": "W", "141": "W", "144": "W", "37": "W", "63": "W", "84": "N", "94": "S", "113": "N", "134": "W", "137": "W", "139": "N", "0": "W", "12": "W", "14": "N", "15": "W", "19": "W", "22": "W", "28": "S", "45": "W", "62": "W", "64": "W", "101": "W", "116": "N", "129": "N", "21": "W", "44": "W", "58": "W", "103": "N", "117": "W", "118": "W", "120": "W", "123": "W", "128": "S", "142": "N", "25": "S", "31": "S", "40": "W", "70": "W", "57": "W", "60": "N", "13": "S", "23": "W", "86": "W", "109": "W", "143": "W", "32": "W", "111": "W", "131": "W", "16": "E", "114": "W", "133": "W", "6": "W", "43": "W", "102": "E", "104": "W", "140": "W"}, {"17": "N", "33": "N", "39": "N", "90": "E", "97": "E", "100": "N", "38": "S", "77": "W", "92": "S", "99": "W", "136": "S", "26": "W", "51": "W", "53": "W", "82": "W", "89": "S", "91": "S", "108": "W", "10": "E", "125": "E", "1": "W", "7": "E", "9": "S", "18": "W", "30": "N", "42": "E", "50": "S", "67": "S", "68": "E", "71": "N", "79": "W", "83": "W", "87": "W", "88": "N", "93": "N", "95": "W", "98": "W", "126": "S", "132": "N", "135": "N", "20": "N", "24": "E", "35": "W", "49": "N", "52": "N", "55": "W", "56": "N", "66": "W", "74": "S", "75": "N", "81": "N", "106": "S", "107": "N", "112": "W", "115": "W", "122": "E", "124": "W", "130": "W", "11": "W", "34": "W", "36": "N", "46": "E", "48": "W", "59": "N", "65": "N", "76": "W", "85": "W", "105": "W", "127": "W", "138": "S", "4": "N", "5": "W", "61": "N", "69": "W", "72": "W", "73": "W", "121": "W", "141": "W", "144": "W", "37": "W", "63": "W", "84": "N", "94": "S", "113": "N", "134": "W", "137": "W", "139": "N", "0": "W", "12": "W", "14": "N", "15": "W", "19": "W", "22": "W", "28": "S", "45": "W", "62": "W", "64": "W", "101": "W", "116": "N", "129": "N", "21": "W", "44": "W", "58": "W", "103": "N", "117": "W", "118": "W", "120": "W", "123": "W", "128": "S", "142": "N", "25": "S", "31": "S", "40": "W", "70": "W", "57": "W", "60": "W", "13": "S", "86": "W", "96": "W", "109": "W", "143": "W", "32": "W", "111": "W", "131": "W", "16": "E", "114": "W", "133": "W", "6": "W", "43": "W", "102": "E", "104": "W", "140": "W"}, {"2": "N", "97": "N", "100": "N", "30": "N", "71": "N", "93": "N", "136": "W", "50": "S", "67": "E", "3": "W", "29": "W", "53": "W", "82": "W", "89": "W", "91": "W", "108": "W", "1": "W", "18": "W", "83": "W", "95": "W", "10": "E", "125": "E", "7": "E", "42": "E", "68": "E", "78": "N", "80": "W", "20": "N", "24": "E", "35": "W", "41": "W", "49": "N", "52": "N", "55": "W", "56": "N", "66": "W", "74": "S", "75": "N", "81": "N", "106": "S", "107": "N", "110": "N", "112": "W", "115": "W", "122": "E", "124": "W", "130": "W", "11": "W", "34": "W", "36": "N", "46": "E", "48": "W", "54": "W", "59": "N", "65": "N", "76": "W", "85": "W", "105": "W", "127": "W", "138": "S", "4": "N", "5": "W", "61": "N", "69": "W", "72": "W", "73": "W", "121": "W", "141": "W", "144": "W", "37": "W", "63": "W", "84": "N", "94": "S", "113": "N", "134": "W", "137": "W", "139": "N", "0": "W", "12": "W", "14": "N", "15": "W", "19": "W", "22": "W", "28": "S", "45": "W", "62": "W", "64": "W", "101": "W", "116": "N", "129": "N", "21": "W", "44": "W", "58": "W", "103": "N", "117": "W", "118": "W", "120": "W", "123": "W", "128": "S", "142": "N", "25": "S", "31": "S", "40": "W", "70": "W", "57": "W", "60": "W", "13": "S", "86": "W", "96": "S", "109": "W", "143": "W", "32": "W", "111": "W", "131": "W", "16": "E", "114": "W", "133": "W", "6": "W", "43": "W", "102": "E", "104": "W", "140": "W"}, {"2": "N", "33": "N", "97": "N", "100": "W", "30": "W", "71": "W", "88": "N", "78": "N", "20": "N", "75": "N", "107": "W", "74": "E", "3": "W", "8": "W", "26": "W", "91": "W", "108": "W", "18": "W", "79": "W", "83": "W", "98": "W", "80": "W", "112": "W", "115": "W", "130": "W", "125": "E", "42": "E", "68": "N", "24": "E", "41": "W", "110": "N", "11": "W", "34": "W", "36": "N", "46": "E", "48": "W", "54": "W", "59": "N", "76": "W", "85": "W", "105": "W", "127": "W", "138": "S", "5": "W", "61": "N", "69": "W", "72": "W", "73": "W", "121": "W", "141": "W", "144": "W", "37": "W", "63": "W", "94": "S", "113": "N", "134": "W", "137": "W", "139": "N", "0": "W", "12": "W", "14": "N", "15": "W", "19": "W", "22": "W", "28": "S", "45": "W", "62": "W", "64": "W", "101": "W", "129": "N", "21": "W", "44": "W", "58": "W", "103": "N", "117": "W", "118": "W", "120": "W", "123": "W", "128": "S", "142": "N", "25": "S", "31": "S", "40": "W", "70": "W", "57": "W", "60": "W", "13": "S", "23": "W", "86": "W", "109": "W", "143": "W", "32": "W", "131": "W", "16": "E", "114": "W", "133": "W", "6": "W", "43": "W", "102": "E", "104": "W", "140": "W"}, {"33": "N", "30": "N", "88": "N", "93": "N", "20": "N", "52": "N", "56": "N", "81": "N", "36": "N", "138": "S", "8": "W", "26": "W", "29": "W", "89": "W", "91": "W", "108": "W", "18": "W", "79": "W", "83": "W", "80": "W", "35": "W", "66": "W", "115": "W", "130": "W", "41": "W", "11": "W", "34": "W", "48": "W", "85": "S", "105": "W", "54": "W", "65": "N", "4": "N", "5": "W", "61": "N", "69": "W", "72": "W", "73": "W", "121": "W", "141": "W", "144": "W", "37": "W", "63": "W", "84": "N", "94": "S", "113": "N", "134": "W", "137": "W", "139": "N", "0": "W", "12": "W", "14": "N", "15": "W", "19": "W", "22": "W", "28": "S", "45": "W", "62": "W", "64": "W", "101": "W", "116": "N", "129": "N", "21": "W", "44": "W", "58": "W", "103": "N", "117": "W", "118": "W", "120": "W", "123": "W", "128": "S", "142": "N", "25": "S", "31": "S", "40": "W", "70": "W", "57": "W", "60": "W", "13": "S", "23": "S", "86": "W", "96": "S", "109": "W", "143": "W", "32": "W", "111": "N", "131": "W", "16": "E", "114": "W", "133": "W", "6": "W", "43": "W", "102": "E", "104": "W", "140": "W"}, {"33": "N", "30": "N", "88": "N", "93": "N", "20": "N", "52": "N", "56": "N", "81": "N", "36": "N", "65": "N", "61": "N", "50": "S", "106": "S", "138": "E", "8": "W", "51": "W", "83": "S", "87": "W", "98": "W", "115": "W", "11": "W", "48": "W", "76": "W", "69": "W", "72": "W", "144": "W", "4": "N", "37": "W", "63": "W", "84": "N", "94": "S", "113": "N", "134": "W", "137": "W", "139": "N", "0": "W", "12": "W", "14": "N", "15": "W", "19": "W", "22": "W", "28": "S", "45": "W", "62": "W", "64": "W", "101": "W", "116": "N", "129": "N", "21": "W", "44": "W", "58": "W", "103": "N", "117": "W", "118": "W", "120": "W", "123": "W", "128": "S", "142": "N", "25": "S", "31": "S", "40": "W", "70": "W", "57": "W", "60": "W", "13": "S", "23": "S", "86": "W", "96": "S", "109": "W", "143": "W", "32": "W", "111": "W", "131": "W", "16": "E", "114": "W", "133": "W", "6": "W", "43": "W", "102": "E", "104": "W", "140": "W"}, {"33": "N", "30": "N", "88": "N", "93": "W", "20": "W", "52": "N", "56": "N", "36": "N", "65": "N", "61": "N", "4": "N", "113": "N", "139": "N", "8": "W", "26": "W", "51": "W", "89": "W", "108": "W", "18": "W", "79": "W", "83": "W", "87": "W", "98": "W", "35": "W", "115": "W", "130": "W", "11": "W", "34": "W", "48": "W", "76": "W", "105": "W", "5": "W", "69": "W", "72": "W", "73": "W", "121": "W", "144": "W", "37": "W", "63": "W", "134": "W", "137": "W", "84": "N", "0": "W", "12": "W", "14": "N", "15": "W", "19": "W", "22": "W", "28": "S", "45": "W", "62": "W", "64": "W", "116": "N", "129": "N", "21": "W", "44": "W", "58": "W", "103": "N", "117": "W", "118": "W", "120": "W", "123": "W", "128": "S", "142": "N", "25": "S", "31": "S", "40": "W", "70": "W", "57": "W", "60": "W", "13": "S", "23": "S", "86": "W", "96": "S", "109": "W", "143": "W", "32": "W", "111": "W", "131": "W", "16": "E", "114": "W", "133": "W", "6": "W", "43": "W", "102": "E", "104": "W"}, {"33": "N", "30": "N", "88": "N", "52": "N", "56": "N", "81": "N", "36": "N", "65": "N", "61": "N", "4": "N", "113": "N", "139": "N", "84": "N", "14": "N", "129": "N", "50": "S", "106": "S", "94": "S", "28": "W", "3": "W", "26": "W", "108": "W", "18": "W", "79": "W", "83": "W", "98": "W", "112": "W", "115": "W", "130": "W", "11": "W", "34": "W", "76": "W", "105": "W", "127": "W", "5": "W", "72": "W", "121": "W", "144": "W", "37": "W", "137": "W", "15": "W", "19": "W", "22": "W", "45": "W", "62": "W", "101": "W", "116": "N", "21": "W", "44": "W", "58": "W", "103": "N", "117": "W", "118": "W", "120": "W", "123": "W", "128": "S", "142": "N", "25": "S", "31": "S", "40": "W", "70": "W", "57": "W", "60": "W", "13": "S", "23": "S", "86": "W", "96": "S", "109": "W", "143": "W", "32": "W", "111": "W", "131": "W", "16": "E", "114": "W", "133": "W", "6": "W", "43": "W", "102": "E", "104": "W", "140": "N"}, {"56": "E", "81": "N", "113": "E", "14": "E", "50": "S", "106": "S", "94": "S", "128": "S", "108": "W", "18": "W", "115": "W", "130": "W", "11": "S", "105": "W", "5": "W", "144": "W", "137": "W", "15": "W", "22": "W", "62": "W", "21": "W", "44": "W", "58": "W", "117": "W", "123": "W", "25": "S", "31": "S", "40": "W", "70": "W", "57": "W", "60": "W", "13": "S", "23": "S", "86": "W", "96": "S", "109": "W", "143": "W", "32": "W", "111": "W", "131": "W", "16": "E", "114": "W", "133": "W", "6": "W", "43": "W", "102": "E", "104": "W", "140": "W"}, {"81": "W", "142": "N", "31": "S", "82": "W", "83": "W", "95": "W", "55": "W", "115": "N", "11": "W", "72": "W", "144": "S", "137": "W", "15": "W", "22": "W", "21": "W", "58": "W", "117": "W", "123": "W", "40": "W", "60": "W", "13": "S", "23": "S", "96": "S", "109": "W", "143": "W", "32": "W", "111": "W", "131": "W", "16": "E", "114": "W", "133": "W", "6": "W", "43": "W", "102": "E", "104": "W", "140": "W"}, {"142": "N", "31": "S", "3": "W", "83": "W", "112": "W", "11": "W", "127": "W", "72": "W", "137": "S", "15": "N", "101": "W", "117": "W", "123": "W", "40": "W", "57": "W", "13": "S", "23": "S", "86": "W", "96": "S", "109": "W", "143": "W", "32": "W", "111": "W", "131": "W", "16": "E", "114": "W", "133": "W", "6": "W", "43": "W", "102": "E", "104": "W", "140": "W"}, {"142": "N", "31": "E", "13": "S", "3": "W", "82": "W", "83": "W", "95": "W", "55": "W", "112": "W", "115": "W", "11": "W", "127": "W", "72": "N", "22": "W", "101": "W", "21": "W", "58": "W", "117": "W", "123": "W", "40": "W", "60": "W", "57": "W", "23": "S", "86": "W", "96": "S", "143": "W", "111": "W", "131": "W", "16": "E", "114": "W", "133": "W", "6": "W", "43": "W", "102": "E", "104": "W", "140": "W"}, {"142": "E", "13": "S", "26": "W", "79": "W", "115": "W", "34": "W", "121": "W", "22": "W", "45": "W", "21": "W", "58": "W", "117": "W", "118": "W", "123": "W", "40": "W", "23": "S", "96": "S", "109": "W", "32": "W", "111": "W", "131": "W", "16": "E", "114": "W", "133": "W", "6": "W", "43": "W", "102": "E", "104": "W", "140": "W"}, {"13": "S", "23": "S", "3": "W", "26": "W", "82": "W", "79": "W", "83": "W", "95": "W", "55": "W", "112": "W", "115": "W", "11": "W", "34": "W", "127": "W", "121": "W", "22": "S", "45": "W", "101": "W", "58": "N", "117": "S", "118": "W", "123": "N", "40": "S", "60": "W", "57": "W", "86": "W", "143": "W", "109": "W", "131": "W", "96": "S", "32": "W", "111": "W", "16": "E", "114": "W", "133": "W", "6": "W", "43": "W", "102": "E", "104": "W", "140": "W"}, {"13": "E", "23": "E", "26": "W", "82": "W", "79": "W", "95": "W", "55": "W", "115": "W", "34": "W", "121": "W", "45": "W", "21": "W", "118": "W", "60": "W", "143": "W", "109": "W", "131": "W", "32": "W", "111": "W", "133": "W", "16": "E", "6": "W", "43": "W", "102": "E", "104": "W", "140": "W"}, {"96": "S", "21": "W", "131": "W", "133": "W", "104": "W", "140": "W"}, {"96": "S", "82": "W", "95": "W", "55": "W", "21": "S", "60": "W", "143": "W", "131": "W", "111": "W", "133": "W", "6": "W", "104": "W", "140": "W"}, {"96": "S", "131": "W", "133": "W", "104": "W"}, {"96": "S", "131": "W", "133": "W", "104": "W"}, {"96": "E", "131": "S", "133": "W", "104": "W"}, {"133": "N", "104": "W"}, {"104": "W"}, {"104": "S"}, {"99": "E"}, {"99": "E"}, {"99": "E"}, {"99": "E"}, {"99": "E"}, {"99": "E"}, {"99": "E"}, {"99": "E"}, {"99": "E"}, {"99": "E"}, {"99": "E"}, {"99": "E"}, {"99": "E"}, {"99": "E"}, {"99": "E"}, {"99": "N"}, {"99": "N"}, {"99": "N"}, {"99": "N"}, {"99": "N"}, {"99": "N"}, {"99": "N"}, {"99": "N"}, {"99": "N"}, {"99": "N"}, {"99": "N"}, {"99": "N"}, {"99": "N"}, {"99": "N"}, {"99": "N"}, {"99": "N"}, {"99": "N"}, {"99": "N"}, {"99": "N"}, {"99": "N"}, {"99": "N"}, {"99": "N"}, {"99": "N"}, {"99": "N"}, {"99": "N"}, {"99": "N"}, {"99": "N"}, {"99": "N"}, {"99": "W"}, {"99": "W"}, {"99": "N"}, {"99": "N"}, {"99": "N"}, {"143": "N"}, {"143": "E"}, {"143": "E"}, {"143": "E"}, {"143": "E"}, {"143": "E"}, {"143": "E"}, {"143": "E"}, {"143": "E"}, {"143": "E"}, {"143": "E"}, {"143": "E"}, {"143": "E"}, {"143": "E"}, {"143": "E"}, {"143": "E"}, {"143": "E"}, {"143": "E"}, {"143": "E"}, {"143": "N"}, {"143": "N"}, {"143": "N"}, {"143": "E"}, {"143": "E"}, {"143": "E"}, {"143": "E"}, {"143": "E"}, {"143": "E"}, {"143": "E"}, {"143": "E"}, {"143": "E"}, {"143": "N"}, {"143": "N"}, {"143": "N"}, {"143": "N"}, {"143": "N"}, {"143": "N"}, {"143": "N"}, {"143": "E"}, {"143": "E"}, {"143": "E"}, {"143": "E"}, {"143": "E"}, {"143": "E"}, {"143": "N"}, {"143": "N"}, {"136": "E"}, {"136": "N"}, {"136": "N"}, {"136": "E"}, {"136": "E"}, {"136": "E"}, {"136": "E"}, {"136": "E"}, {"136": "E"}, {"136": "N"}, {"136": "N"}, {"136": "N"}, {"136": "N"}, {"136": "N"}, {"136": "N"}, {"136": "N"}, {"136": "N"}, {"136": "E"}, {"136": "E"}, {"136": "E"}, {"136": "N"}, {"136": "N"}, {"136": "N"}, {"136": "N"}, {"136": "N"}, {"136": "N"}, {"136": "N"}, {"136": "N"}, {"136": "N"}, {"136": "N"}, {"136": "N"}, {"136": "N"}, {"136": "E"}, {"136": "E"}, {"136": "E"}, {"136": "E"}, {"136": "E"}, {"136": "E"}, {"136": "E"}, {"136": "E"}, {"136": "E"}, {"136": "N"}, {"136": "N"}, {"136": "N"}, {"136": "N"}, {"136": "N"}, {"136": "N"}, {"136": "N"}, {"136": "E"}, {"136": "E"}, {"136": "E"}, {"136": "E"}, {"136": "N"}, {"136": "N"}, {"136": "N"}, {"79": "N"}, {"79": "N"}, {"79": "E"}, {"79": "E"}, {"79": "E"}, {"79": "E"}, {"79": "E"}, {"79": "E"}, {"79": "E"}, {"79": "E"}, {"79": "E"}, {"79": "E"}, {"79": "E"}, {"79": "E"}, {"79": "E"}, {"79": "E"}, {"79": "E"}, {"79": "E"}, {"79": "E"}, {"79": "E"}, {"79": "E"}, {"79": "E"}, {"79": "E"}, {"79": "E"}, {"79": "N"}, {"79": "N"}, {"79": "N"}, {"79": "N"}, {"79": "N"}, {"79": "N"}, {"79": "E"}, {"79": "E"}, {"79": "E"}, {"79": "E"}, {"79": "E"}, {"79": "E"}, {"79": "E"}, {"79": "E"}, {"79": "E"}, {"79": "N"}, {"79": "N"}, {"79": "N"}, {"79": "N"}, {"79": "N"}, {"79": "N"}, {"79": "N"}, {"79": "E"}, {"79": "E"}, {"79": "N"}, {"79": "N"}, {"79": "N"}, {"16": "N"}, {"16": "W"}, {"16": "W"}, {"16": "N"}, {"16": "N"}, {"16": "N"}, {"16": "N"}, {"16": "N"}, {"16": "N"}, {"16": "N"}, {"16": "N"}, {"16": "N"}, {"16": "N"}, {"16": "N"}, {"16": "N"}, {"16": "N"}, {"16": "W"}, {"16": "W"}, {"16": "W"}, {"96": "W"}, {"96": "N"}, {"96": "N"}, {"96": "N"}, {"96": "N"}, {"96": "N"}, {"96": "N"}, {"96": "N"}, {"96": "N"}, {"96": "N"}, {"96": "N"}, {"96": "N"}, {"96": "N"}, {"96": "N"}, {"96": "E"}, {"96": "E"}, {"96": "E"}, {"96": "N"}, {"96": "N"}, {"96": "N"}, {"96": "N"}, {"96": "N"}, {"96": "N"}, {"96": "N"}, {"96": "N"}, {"96": "N"}, {"96": "N"}, {"96": "N"}, {"96": "N"}, {"96": "E"}, {"96": "E"}, {"96": "E"}, {"96": "E"}, {"96": "E"}, {"96": "E"}, {"96": "E"}, {"96": "E"}, {"96": "E"}, {"96": "N"}, {"96": "N"}, {"96": "N"}, {"96": "N"}, {"96": "N"}, {"96": "N"}, {"96": "N"}, {"96": "E"}, {"96": "E"}, {"96": "E"}, {"96": "N"}, {"28": "E"}, {"28": "N"}, {"28": "E"}, {"28": "E"}, {"28": "E"}, {"28": "N"}, {"28": "N"}, {"28": "N"}, {"28": "N"}, {"28": "N"}, {"28": "N"}, {"28": "N"}, {"28": "N"}, {"28": "E"}, {"28": "E"}, {"28": "E"}, {"28": "N"}, {"28": "N"}, {"28": "N"}, {"28": "N"}, {"28": "N"}, {"28": "N"}, {"28": "N"}, {"28": "N"}, {"28": "N"}, {"28": "N"}, {"28": "N"}, {"28": "N"}, {"28": "E"}, {"28": "E"}, {"28": "E"}, {"28": "E"}, {"28": "E"}, {"28": "E"}, {"28": "E"}, {"28": "E"}, {"28": "E"}, {"28": "N"}, {"28": "N"}, {"28": "N"}, {"28": "N"}, {"28": "N"}, {"28": "N"}, {"28": "N"}, {"28": "E"}, {"28": "E"}, {"28": "E"}, {"28": "E"}, {"117": "N"}, {"117": "E"}, {"117": "E"}, {"117": "E"}, {"117": "E"}, {"117": "E"}, {"117": "E"}, {"117": "E"}, {"117": "E"}, {"117": "E"}, {"117": "E"}, {"117": "E"}, {"117": "E"}, {"117": "E"}, {"117": "E"}, {"117": "E"}, {"117": "E"}, {"117": "E"}, {"117": "E"}, {"117": "E"}, {"117": "E"}, {"117": "N"}, {"117": "N"}, {"117": "N"}, {"117": "N"}, {"117": "N"}, {"117": "N"}, {"117": "N"}, {"117": "N"}, {"117": "N"}, {"117": "E"}, {"117": "E"}, {"117": "E"}, {"117": "E"}, {"117": "E"}, {"117": "E"}, {"117": "E"}, {"117": "E"}, {"117": "E"}, {"117": "N"}, {"117": "N"}, {"117": "N"}, {"117": "N"}, {"117": "N"}, {"117": "N"}, {"117": "N"}, {"117": "E"}, {"117": "N"}, {"117": "N"}, {"131": "N"}, {"131": "E"}, {"131": "E"}, {"131": "E"}, {"131": "E"}, {"131": "E"}, {"131": "E"}, {"131": "E"}, {"131": "E"}, {"131": "E"}, {"131": "E"}, {"131": "E"}, {"131": "E"}, {"131": "E"}, {"131": "E"}, {"131": "E"}, {"131": "E"}, {"131": "E"}, {"131": "E"}, {"131": "E"}, {"131": "E"}, {"131": "E"}, {"131": "N"}, {"131": "N"}, {"131": "N"}, {"131": "N"}, {"131": "N"}, {"131": "N"}, {"131": "N"}, {"131": "N"}, {"131": "N"}, {"131": "E"}, {"131": "E"}, {"131": "E"}, {"131": "E"}, {"131": "E"}, {"131": "E"}, {"131": "E"}, {"131": "E"}, {"131": "E"}, {"131": "N"}, {"131": "N"}, {"131": "N"}, {"131": "N"}, {"131": "N"}, {"131": "N"}, {"131": "N"}, {"131": "E"}, {"131": "E"}, {"72": "S"}, {"72": "E"}, {"72": "E"}, {"72": "E"}, {"72": "E"}, {"72": "E"}, {"72": "E"}, {"72": "E"}, {"72": "E"}, {"72": "E"}, {"72": "E"}, {"72": "E"}, {"72": "E"}, {"72": "E"}, {"72": "E"}, {"72": "E"}, {"72": "E"}, {"72": "E"}, {"72": "E"}, {"72": "E"}, {"72": "E"}, {"72": "N"}, {"72": "N"}, {"72": "N"}, {"72": "N"}, {"72": "N"}, {"72": "N"}, {"72": "E"}, {"72": "E"}, {"72": "E"}, {"72": "E"}, {"72": "E"}, {"72": "E"}, {"72": "E"}, {"72": "E"}, {"72": "E"}, {"72": "N"}, {"72": "N"}, {"72": "N"}, {"72": "N"}, {"72": "N"}, {"72": "N"}, {"72": "N"}, {"72": "N"}, {"72": "N"}, {"13": "W"}, {"13": "N"}, {"13": "N"}, {"13": "N"}, {"13": "N"}, {"13": "N"}, {"13": "N"}, {"13": "N"}, {"13": "N"}, {"13": "N"}, {"13": "N"}, {"13": "N"}, {"13": "N"}, {"13": "E"}, {"13": "E"}, {"13": "E"}, {"13": "N"}, {"13": "N"}, {"13": "N"}, {"13": "N"}, {"13": "N"}, {"13": "N"}, {"13": "N"}, {"13": "N"}, {"13": "N"}, {"13": "N"}, {"13": "N"}, {"13": "N"}, {"13": "E"}, {"13": "E"}, {"13": "E"}, {"13": "E"}, {"13": "E"}, {"13": "E"}, {"13": "E"}, {"13": "E"}, {"13": "N"}, {"13": "N"}, {"13": "N"}, {"13": "N"}, {"13": "N"}, {"13": "N"}, {"13": "N"}, {"13": "N"}, {"13": "N"}, {"13": "N"}, {"1": "S"}, {"1": "E"}, {"1": "E"}, {"1": "E"}, {"1": "E"}, {"1": "E"}, {"1": "E"}, {"1": "E"}, {"1": "E"}, {"1": "E"}, {"1": "E"}, {"1": "E"}, {"1": "E"}, {"1": "E"}, {"1": "N"}, {"1": "N"}, {"1": "N"}, {"1": "E"}, {"1": "E"}, {"1": "E"}, {"1": "N"}, {"1": "N"}, {"1": "N"}, {"1": "N"}, {"1": "N"}, {"1": "N"}, {"1": "N"}, {"1": "N"}, {"1": "N"}, {"1": "N"}, {"1": "N"}, {"1": "N"}, {"1": "E"}, {"1": "E"}, {"1": "E"}, {"1": "E"}, {"1": "E"}, {"1": "E"}, {"1": "E"}, {"1": "E"}, {"1": "E"}, {"1": "N"}, {"1": "N"}, {"1": "N"}, {"1": "N"}, {"1": "N"}, {"1": "N"}, {"1": "N"}, {"1": "N"}, {"106": "E"}, {"106": "N"}, {"106": "N"}, {"106": "N"}, {"106": "N"}, {"106": "N"}, {"106": "N"}, {"106": "N"}, {"106": "N"}, {"106": "N"}, {"106": "N"}, {"106": "N"}, {"106": "N"}, {"106": "E"}, {"106": "E"}, {"106": "E"}, {"106": "N"}, {"106": "N"}, {"106": "N"}, {"106": "N"}, {"106": "N"}, {"106": "N"}, {"106": "N"}, {"106": "N"}, {"106": "N"}, {"106": "N"}, {"106": "N"}, {"106": "N"}, {"106": "E"}, {"106": "E"}, {"106": "E"}, {"106": "E"}, {"106": "E"}, {"106": "E"}, {"106": "E"}, {"106": "E"}, {"106": "N"}, {"106": "N"}, {"106": "N"}, {"106": "N"}, {"106": "N"}, {"106": "N"}, {"106": "N"}, {"106": "N"}, {"63": "S"}, {"63": "E"}, {"63": "E"}, {"63": "E"}, {"63": "E"}, {"63": "E"}, {"63": "E"}, {"63": "E"}, {"63": "E"}, {"63": "E"}, {"63": "E"}, {"63": "E"}, {"63": "E"}, {"63": "E"}, {"63": "E"}, {"63": "E"}, {"63": "E"}, {"63": "N"}, {"63": "N"}, {"63": "N"}, {"63": "N"}, {"63": "N"}, {"63": "N"}, {"63": "E"}, {"63": "E"}, {"63": "E"}, {"63": "E"}, {"63": "E"}, {"63": "E"}, {"63": "E"}, {"63": "E"}, {"63": "E"}, {"63": "N"}, {"63": "N"}, {"63": "N"}, {"63": "N"}, {"63": "N"}, {"63": "N"}, {"63": "N"}, {"43": "E"}, {"43": "E"}, {"43": "E"}, {"43": "E"}, {"43": "E"}, {"43": "E"}, {"43": "E"}, {"43": "E"}, {"43": "E"}, {"43": "E"}, {"43": "E"}, {"43": "E"}, {"43": "E"}, {"43": "E"}, {"43": "E"}, {"43": "N"}, {"43": "N"}, {"43": "N"}, {"43": "N"}, {"43": "N"}, {"43": "N"}, {"43": "N"}, {"43": "N"}, {"43": "E"}, {"43": "E"}, {"43": "E"}, {"43": "E"}, {"43": "E"}, {"43": "E"}, {"43": "E"}, {"43": "N"}, {"43": "N"}, {"43": "N"}, {"43": "N"}, {"43": "N"}, {"43": "N"}, {"43": "N"}, {"43": "N"}, {"43": "N"}, {"89": "N"}, {"89": "E"}, {"89": "E"}, {"89": "E"}, {"89": "E"}, {"89": "E"}, {"89": "E"}, {"89": "E"}, {"89": "E"}, {"89": "E"}, {"89": "E"}, {"89": "E"}, {"89": "E"}, {"89": "E"}, {"89": "E"}, {"89": "E"}, {"89": "E"}, {"89": "N"}, {"89": "N"}, {"89": "N"}, {"89": "N"}, {"89": "N"}, {"89": "N"}, {"89": "N"}, {"89": "N"}, {"89": "N"}, {"89": "N"}, {"89": "N"}, {"89": "N"}, {"89": "N"}, {"89": "N"}, {"89": "N"}, {"89": "N"}, {"89": "N"}, {"89": "N"}, {"89": "E"}, {"89": "E"}, {"89": "E"}, {"89": "N"}, {"89": "N"}, {"89": "E"}, {"89": "E"}, {"89": "E"}, {"89": "E"}, {"89": "E"}, {"89": "N"}, {"32": "S"}, {"32": "E"}, {"32": "E"}, {"32": "E"}, {"32": "E"}, {"32": "E"}, {"32": "E"}, {"32": "E"}, {"32": "E"}, {"32": "E"}, {"32": "E"}, {"32": "E"}, {"32": "E"}, {"32": "E"}, {"32": "E"}, {"32": "E"}, {"32": "E"}, {"32": "E"}, {"32": "E"}, {"32": "E"}, {"32": "E"}, {"32": "E"}, {"32": "E"}, {"32": "E"}, {"32": "E"}, {"32": "E"}, {"32": "E"}, {"32": "E"}, {"32": "E"}, {"32": "E"}, {"32": "E"}, {"32": "E"}, {"32": "E"}, {"32": "N"}, {"32": "N"}, {"32": "N"}, {"32": "N"}, {"32": "N"}, {"32": "N"}, {"32": "N"}, {"32": "N"}, {"18": "S"}, {"18": "E"}, {"18": "E"}, {"18": "E"}, {"18": "E"}, {"18": "E"}, {"18": "E"}, {"18": "E"}, {"18": "E"}, {"18": "E"}, {"18": "E"}, {"18": "E"}, {"18": "E"}, {"18": "E"}, {"18": "E"}, {"18": "E"}, {"18": "E"}, {"18": "E"}, {"18": "E"}, {"18": "E"}, {"18": "N"}, {"18": "N"}, {"18": "N"}, {"18": "N"}, {"18": "N"}, {"18": "N"}, {"18": "N"}, {"18": "N"}, {"18": "N"}, {"18": "N"}, {"18": "N"}, {"18": "N"}, {"18": "N"}, {"18": "N"}, {"18": "N"}, {"18": "N"}, {"18": "N"}, {"18": "N"}, {"18": "E"}, {"18": "E"}, {"18": "E"}, {"18": "N"}, {"18": "N"}, {"18": "E"}, {"18": "E"}, {"18": "E"}, {"18": "E"}, {"18": "N"}, {"18": "N"}, {"121": "S"}, {"121": "E"}, {"121": "E"}, {"121": "E"}, {"121": "E"}, {"121": "E"}, {"121": "E"}, {"121": "E"}, {"121": "E"}, {"121": "E"}, {"121": "E"}, {"121": "E"}, {"121": "E"}, {"121": "E"}, {"121": "E"}, {"121": "E"}, {"121": "E"}, {"121": "E"}, {"121": "E"}, {"121": "E"}, {"121": "E"}, {"121": "E"}, {"121": "E"}, {"121": "E"}, {"121": "E"}, {"121": "E"}, {"121": "E"}, {"121": "E"}, {"121": "E"}, {"121": "E"}, {"121": "E"}, {"121": "E"}, {"121": "E"}, {"121": "E"}, {"121": "E"}, {"121": "E"}, {"121": "N"}, {"121": "N"}, {"121": "N"}, {"121": "N"}, {"121": "N"}, {"121": "N"}, {"121": "N"}, {"121": "N"}, {"92": "E"}, {"92": "E"}, {"92": "E"}, {"92": "E"}, {"92": "E"}, {"92": "E"}, {"92": "E"}, {"92": "E"}, {"92": "E"}, {"92": "E"}, {"92": "E"}, {"92": "E"}, {"92": "E"}, {"92": "E"}, {"92": "E"}, {"92": "N"}, {"92": "N"}, {"92": "N"}, {"92": "N"}, {"92": "N"}, {"92": "N"}, {"92": "N"}, {"92": "N"}, {"92": "N"}, {"92": "N"}, {"92": "N"}, {"92": "N"}, {"92": "N"}, {"92": "N"}, {"92": "N"}, {"92": "N"}, {"92": "N"}, {"92": "N"}, {"92": "N"}, {"92": "N"}, {"74": "W"}, {"74": "N"}, {"74": "N"}, {"74": "N"}, {"74": "N"}, {"74": "N"}, {"74": "N"}, {"74": "N"}, {"74": "N"}, {"74": "N"}, {"74": "E"}, {"74": "E"}, {"74": "E"}, {"74": "N"}, {"74": "N"}, {"74": "N"}, {"74": "N"}, {"74": "N"}, {"74": "N"}, {"74": "N"}, {"74": "N"}, {"74": "N"}, {"74": "N"}, {"74": "N"}, {"74": "N"}, {"74": "E"}, {"74": "E"}, {"74": "E"}, {"74": "E"}, {"74": "E"}, {"74": "E"}, {"74": "E"}, {"74": "E"}, {"74": "E"}, {"74": "N"}, {"74": "N"}, {"74": "N"}, {"74": "N"}, {"74": "N"}, {"60": "N"}, {"60": "E"}, {"60": "E"}, {"60": "E"}, {"60": "E"}, {"60": "E"}, {"60": "E"}, {"60": "E"}, {"60": "E"}, {"60": "E"}, {"60": "E"}, {"60": "E"}, {"60": "E"}, {"60": "E"}, {"60": "E"}, {"60": "E"}, {"60": "E"}, {"60": "E"}, {"60": "N"}, {"60": "N"}, {"60": "N"}, {"60": "N"}, {"60": "N"}, {"60": "N"}, {"60": "N"}, {"60": "N"}, {"60": "N"}, {"60": "E"}, {"60": "E"}, {"60": "E"}, {"60": "N"}, {"60": "N"}, {"60": "E"}, {"60": "E"}, {"60": "E"}, {"60": "E"}, {"60": "N"}, {"138": "E"}, {"138": "E"}, {"138": "N"}, {"138": "N"}, {"138": "E"}, {"138": "E"}, {"138": "E"}, {"138": "E"}, {"138": "E"}, {"138": "E"}, {"138": "E"}, {"138": "E"}, {"138": "E"}, {"138": "E"}, {"138": "E"}, {"138": "E"}, {"138": "E"}, {"138": "E"}, {"138": "E"}, {"138": "E"}, {"138": "E"}, {"138": "E"}, {"138": "E"}, {"138": "E"}, {"138": "E"}, {"138": "E"}, {"138": "N"}, {"138": "N"}, {"138": "N"}, {"138": "N"}, {"138": "N"}, {"138": "N"}, {"138": "N"}, {"138": "N"}, {"138": "N"}, {"138": "N"}, {"138": "N"}, {"138": "N"}, {"138": "N"}, {"138": "N"}, {"138": "N"}, {"138": "N"}, {"138": "N"}, {"124": "E"}, {"124": "E"}, {"124": "E"}, {"124": "E"}, {"124": "E"}, {"124": "E"}, {"124": "E"}, {"124": "E"}, {"124": "E"}, {"124": "E"}, {"124": "E"}, {"124": "E"}, {"124": "N"}, {"124": "N"}, {"124": "E"}, {"124": "E"}, {"124": "E"}, {"124": "N"}, {"124": "N"}, {"124": "N"}, {"124": "N"}, {"124": "N"}, {"124": "N"}, {"124": "N"}, {"124": "N"}, {"124": "N"}, {"124": "N"}, {"124": "N"}, {"124": "N"}, {"124": "E"}, {"124": "E"}, {"124": "E"}, {"124": "E"}, {"124": "E"}, {"124": "E"}, {"124": "E"}, {"124": "E"}, {"124": "N"}, {"124": "N"}, {"124": "N"}, {"124": "N"}, {"124": "N"}, {"65": "E"}, {"65": "S"}, {"65": "S"}, {"65": "S"}, {"65": "S"}, {"65": "E"}, {"65": "E"}, {"65": "E"}, {"65": "E"}, {"65": "E"}, {"65": "E"}, {"65": "E"}, {"65": "E"}, {"65": "S"}, {"65": "S"}, {"65": "S"}, {"65": "S"}, {"65": "S"}, {"65": "S"}, {"65": "S"}, {"65": "S"}, {"65": "S"}, {"65": "S"}, {"65": "S"}, {"65": "S"}, {"65": "S"}, {"65": "S"}, {"65": "S"}, {"65": "W"}, {"65": "W"}, {"65": "N"}, {"65": "N"}, {"45": "S"}, {"45": "E"}, {"45": "E"}, {"45": "E"}, {"45": "E"}, {"45": "E"}, {"45": "E"}, {"45": "E"}, {"45": "E"}, {"45": "E"}, {"45": "E"}, {"45": "E"}, {"45": "E"}, {"45": "E"}, {"45": "E"}, {"45": "E"}, {"45": "E"}, {"45": "E"}, {"45": "E"}, {"45": "E"}, {"45": "E"}, {"45": "E"}, {"45": "E"}, {"45": "E"}, {"45": "E"}, {"45": "E"}, {"45": "E"}, {"45": "E"}, {"45": "E"}, {"45": "E"}, {"45": "E"}, {"45": "E"}, {"45": "E"}, {"45": "E"}, {"45": "N"}, {"45": "N"}, {"45": "N"}, {"45": "N"}, {"45": "N"}, {"45": "N"}, {"45": "N"}, {"45": "N"}, {"109": "S"}, {"109": "E"}, {"109": "E"}, {"109": "E"}, {"109": "E"}, {"109": "E"}, {"109": "E"}, {"109": "E"}, {"109": "E"}, {"109": "E"}, {"109": "E"}, {"109": "E"}, {"109": "E"}, {"109": "E"}, {"109": "E"}, {"109": "E"}, {"109": "E"}, {"109": "E"}, {"109": "E"}, {"109": "E"}, {"109": "E"}, {"109": "E"}, {"109": "E"}, {"109": "E"}, {"109": "E"}, {"109": "E"}, {"109": "E"}, {"109": "E"}, {"109": "E"}, {"109": "E"}, {"109": "E"}, {"109": "E"}, {"109": "E"}, {"109": "N"}, {"109": "N"}, {"109": "N"}, {"109": "N"}, {"109": "N"}, {"109": "N"}, {"77": "N"}, {"77": "W"}, {"77": "W"}, {"77": "N"}, {"77": "N"}, {"77": "N"}, {"77": "N"}, {"77": "N"}, {"77": "N"}, {"77": "N"}, {"77": "N"}, {"77": "E"}, {"77": "N"}, {"77": "N"}, {"77": "N"}, {"77": "N"}, {"77": "N"}, {"77": "N"}, {"77": "N"}, {"77": "N"}, {"77": "N"}, {"77": "N"}, {"77": "N"}, {"77": "N"}, {"77": "N"}, {"77": "N"}, {"77": "N"}, {"77": "N"}, {"77": "N"}, {"77": "N"}, {"77": "E"}, {"77": "E"}, {"77": "E"}, {"77": "N"}, {"77": "N"}, {"77": "E"}, {"77": "N"}, {"77": "N"}, {"57": "N"}, {"57": "E"}, {"57": "E"}, {"57": "E"}, {"57": "E"}, {"57": "E"}, {"57": "E"}, {"57": "E"}, {"57": "E"}, {"57": "E"}, {"57": "E"}, {"57": "E"}, {"57": "E"}, {"57": "E"}, {"57": "E"}, {"57": "E"}, {"57": "E"}, {"57": "E"}, {"57": "N"}, {"57": "N"}, {"57": "N"}, {"57": "N"}, {"57": "N"}, {"57": "N"}, {"57": "E"}, {"57": "E"}, {"57": "E"}, {"57": "E"}, {"57": "E"}, {"57": "E"}, {"57": "E"}, {"57": "E"}, {"57": "E"}, {"57": "N"}, {"57": "N"}, {"57": "N"}, {"31": "E"}, {"31": "E"}, {"31": "E"}, {"31": "E"}, {"31": "E"}, {"31": "E"}, {"31": "E"}, {"31": "E"}, {"31": "E"}, {"31": "E"}, {"31": "E"}, {"31": "E"}, {"31": "E"}, {"31": "E"}, {"31": "E"}, {"31": "N"}, {"31": "N"}, {"31": "N"}, {"31": "N"}, {"31": "N"}, {"31": "N"}, {"31": "N"}, {"31": "N"}, {"31": "N"}, {"31": "N"}, {"31": "N"}, {"31": "N"}, {"31": "N"}, {"31": "N"}, {"31": "N"}, {"31": "N"}, {"31": "N"}, {"31": "N"}, {"31": "N"}, {"31": "N"}, {"31": "N"}, {"31": "N"}, {"135": "E"}, {"135": "S"}, {"135": "E"}, {"135": "E"}, {"135": "E"}, {"135": "E"}, {"135": "E"}, {"135": "E"}, {"135": "E"}, {"135": "E"}, {"135": "E"}, {"135": "E"}, {"135": "E"}, {"135": "S"}, {"135": "S"}, {"135": "S"}, {"135": "S"}, {"135": "S"}, {"135": "S"}, {"135": "S"}, {"135": "S"}, {"135": "S"}, {"135": "S"}, {"135": "S"}, {"135": "S"}, {"135": "S"}, {"135": "S"}, {"135": "S"}, {"135": "W"}, {"135": "W"}, {"128": "E"}, {"128": "N"}, {"128": "N"}, {"128": "E"}, {"128": "E"}, {"128": "E"}, {"128": "E"}, {"128": "E"}, {"128": "E"}, {"128": "E"}, {"128": "E"}, {"128": "E"}, {"128": "E"}, {"128": "E"}, {"128": "E"}, {"128": "E"}, {"128": "E"}, {"128": "E"}, {"128": "E"}, {"128": "E"}, {"128": "E"}, {"128": "E"}, {"128": "N"}, {"128": "N"}, {"128": "N"}, {"128": "N"}, {"128": "N"}, {"128": "N"}, {"128": "N"}, {"128": "N"}, {"128": "N"}, {"128": "N"}, {"128": "N"}, {"128": "N"}, {"128": "N"}, {"128": "N"}, {"128": "N"}, {"35": "N"}, {"35": "E"}, {"35": "E"}, {"35": "E"}, {"35": "E"}, {"35": "E"}, {"35": "E"}, {"35": "E"}, {"35": "E"}, {"35": "E"}, {"35": "E"}, {"35": "E"}, {"35": "E"}, {"35": "E"}, {"35": "E"}, {"35": "E"}, {"35": "E"}, {"35": "E"}, {"35": "N"}, {"35": "N"}, {"35": "N"}, {"35": "N"}, {"35": "N"}, {"35": "N"}, {"35": "N"}, {"35": "N"}, {"35": "N"}, {"35": "N"}, {"35": "N"}, {"35": "N"}, {"35": "E"}, {"35": "E"}, {"35": "E"}, {"35": "E"}, {"35": "E"}, {"35": "E"}, {"35": "E"}, {"35": "E"}, {"35": "N"}, {"35": "N"}, {"35": "N"}, {"30": "E"}, {"30": "E"}, {"30": "E"}, {"30": "E"}, {"30": "E"}, {"30": "E"}, {"30": "E"}, {"30": "E"}, {"30": "E"}, {"30": "S"}, {"30": "S"}, {"30": "S"}, {"30": "S"}, {"30": "S"}, {"30": "S"}, {"30": "S"}, {"30": "S"}, {"30": "S"}, {"30": "S"}, {"30": "S"}, {"30": "S"}, {"30": "S"}, {"30": "S"}, {"30": "S"}, {"30": "S"}, {"30": "S"}, {"30": "S"}, {"30": "S"}, {"30": "S"}, {"30": "S"}, {"30": "S"}, {"30": "S"}, {"30": "W"}, {"30": "W"}, {"30": "W"}, {"30": "W"}, {"30": "N"}, {"30": "N"}, {"30": "N"}, {"30": "N"}, {"6": "N"}, {"6": "E"}, {"6": "E"}, {"6": "E"}, {"6": "E"}, {"6": "E"}, {"6": "E"}, {"6": "E"}, {"6": "E"}, {"6": "E"}, {"6": "E"}, {"6": "E"}, {"6": "E"}, {"6": "E"}, {"6": "E"}, {"6": "N"}, {"6": "N"}, {"6": "N"}, {"6": "N"}, {"6": "N"}, {"6": "N"}, {"6": "N"}, {"6": "N"}, {"6": "N"}, {"6": "E"}, {"6": "E"}, {"6": "E"}, {"6": "N"}, {"6": "N"}, {"6": "E"}, {"6": "E"}, {"118": "S"}, {"118": "E"}, {"118": "E"}, {"118": "E"}, {"118": "E"}, {"118": "E"}, {"118": "E"}, {"118": "E"}, {"118": "E"}, {"118": "E"}, {"118": "E"}, {"118": "E"}, {"118": "E"}, {"118": "E"}, {"118": "E"}, {"118": "E"}, {"118": "E"}, {"118": "E"}, {"118": "E"}, {"118": "E"}, {"118": "E"}, {"118": "E"}, {"118": "E"}, {"118": "E"}, {"118": "E"}, {"118": "E"}, {"118": "E"}, {"118": "E"}, {"118": "E"}, {"118": "E"}, {"118": "E"}, {"118": "E"}, {"118": "N"}, {"118": "N"}, {"118": "N"}, {"118": "N"}, {"118": "N"}, {"118": "N"}, {"114": "E"}, {"114": "E"}, {"114": "E"}, {"114": "E"}, {"114": "E"}, {"114": "E"}, {"114": "E"}, {"114": "E"}, {"114": "E"}, {"114": "E"}, {"114": "E"}, {"114": "E"}, {"114": "E"}, {"114": "E"}, {"114": "E"}, {"114": "E"}, {"114": "E"}, {"114": "E"}, {"114": "E"}, {"114": "E"}, {"114": "E"}, {"114": "E"}, {"114": "E"}, {"114": "E"}, {"114": "E"}, {"114": "E"}, {"114": "E"}, {"114": "E"}, {"114": "E"}, {"114": "N"}, {"114": "N"}, {"114": "N"}, {"86": "N"}, {"86": "E"}, {"86": "E"}, {"86": "E"}, {"86": "E"}, {"86": "E"}, {"86": "E"}, {"86": "E"}, {"86": "E"}, {"86": "E"}, {"86": "E"}, {"86": "E"}, {"86": "E"}, {"86": "E"}, {"86": "E"}, {"86": "E"}, {"86": "E"}, {"86": "N"}, {"86": "N"}, {"86": "N"}, {"86": "N"}, {"86": "N"}, {"86": "N"}, {"86": "E"}, {"86": "E"}, {"86": "E"}, {"86": "E"}, {"86": "E"}, {"86": "E"}, {"86": "E"}, {"86": "E"}, {"86": "E"}, {"86": "N"}, {"38": "W"}, {"38": "N"}, {"38": "N"}, {"38": "E"}, {"38": "E"}, {"38": "E"}, {"38": "N"}, {"38": "N"}, {"38": "N"}, {"38": "N"}, {"38": "N"}, {"38": "N"}, {"38": "N"}, {"38": "N"}, {"38": "E"}, {"38": "E"}, {"38": "E"}, {"38": "N"}, {"38": "N"}, {"38": "N"}, {"38": "N"}, {"38": "N"}, {"38": "N"}, {"38": "N"}, {"38": "N"}, {"38": "N"}, {"38": "N"}, {"38": "N"}, {"38": "N"}, {"38": "E"}, {"38": "E"}, {"38": "E"}, {"38": "E"}, {"38": "E"}, {"38": "E"}, {"38": "E"}, {"38": "E"}, {"38": "N"}, {"38": "N"}, {"21": "N"}, {"21": "E"}, {"21": "E"}, {"21": "E"}, {"21": "E"}, {"21": "E"}, {"21": "E"}, {"21": "E"}, {"21": "E"}, {"21": "E"}, {"21": "E"}, {"21": "E"}, {"21": "E"}, {"21": "E"}, {"21": "E"}, {"21": "E"}, {"21": "E"}, {"21": "E"}, {"21": "E"}, {"21": "E"}, {"21": "N"}, {"21": "N"}, {"21": "N"}, {"21": "N"}, {"21": "N"}, {"21": "N"}, {"21": "N"}, {"21": "N"}, {"21": "N"}, {"21": "N"}, {"21": "N"}, {"21": "N"}, {"21": "N"}, {"21": "N"}, {"21": "N"}, {"21": "N"}, {"21": "N"}, {"21": "N"}, {"21": "E"}, {"21": "E"}, {"21": "E"}, {"21": "N"}, {"21": "N"}, {"21": "E"}, {"126": "N"}, {"126": "E"}, {"126": "E"}, {"126": "N"}, {"126": "N"}, {"126": "N"}, {"126": "N"}, {"126": "N"}, {"126": "N"}, {"126": "N"}, {"126": "N"}, {"126": "E"}, {"126": "N"}, {"126": "N"}, {"126": "N"}, {"126": "N"}, {"126": "N"}, {"126": "N"}, {"126": "N"}, {"126": "N"}, {"126": "N"}, {"126": "N"}, {"126": "N"}, {"126": "N"}, {"126": "N"}, {"126": "N"}, {"126": "N"}, {"126": "N"}, {"126": "N"}, {"126": "N"}, {"126": "E"}, {"126": "E"}, {"126": "N"}, {"126": "N"}, {"126": "N"}, {"53": "S"}, {"53": "E"}, {"53": "E"}, {"53": "E"}, {"53": "E"}, {"53": "E"}, {"53": "E"}, {"53": "E"}, {"53": "E"}, {"53": "E"}, {"53": "E"}, {"53": "E"}, {"53": "E"}, {"53": "E"}, {"53": "E"}, {"53": "N"}, {"53": "N"}, {"53": "N"}, {"53": "E"}, {"53": "E"}, {"53": "E"}, {"53": "N"}, {"53": "N"}, {"53": "N"}, {"53": "N"}, {"53": "N"}, {"53": "N"}, {"53": "N"}, {"53": "N"}, {"53": "N"}, {"53": "N"}, {"53": "N"}, {"53": "N"}, {"53": "E"}, {"53": "E"}, {"53": "E"}, {"53": "E"}, {"53": "E"}, {"53": "E"}, {"53": "E"}, {"53": "N"}, {"53": "N"}, {"23": "W"}, {"23": "N"}, {"23": "N"}, {"23": "N"}, {"23": "N"}, {"23": "N"}, {"23": "N"}, {"23": "N"}, {"23": "N"}, {"23": "N"}, {"23": "N"}, {"23": "E"}, {"23": "E"}, {"23": "E"}, {"23": "N"}, {"23": "N"}, {"23": "N"}, {"23": "N"}, {"23": "N"}, {"23": "N"}, {"23": "N"}, {"23": "N"}, {"23": "N"}, {"23": "N"}, {"23": "N"}, {"23": "N"}, {"23": "E"}, {"23": "E"}, {"23": "E"}, {"23": "E"}, {"23": "E"}, {"23": "E"}, {"23": "E"}, {"23": "E"}, {"23": "E"}, {"22": "N"}, {"22": "E"}, {"22": "E"}, {"22": "E"}, {"22": "E"}, {"22": "E"}, {"22": "E"}, {"22": "E"}, {"22": "E"}, {"22": "E"}, {"22": "E"}, {"22": "E"}, {"22": "E"}, {"22": "E"}, {"22": "E"}, {"22": "E"}, {"22": "E"}, {"22": "E"}, {"22": "E"}, {"22": "N"}, {"22": "N"}, {"22": "N"}, {"22": "N"}, {"22": "N"}, {"22": "N"}, {"22": "N"}, {"22": "N"}, {"22": "N"}, {"22": "N"}, {"22": "N"}, {"22": "N"}, {"22": "N"}, {"22": "N"}, {"22": "N"}, {"22": "N"}, {"22": "N"}, {"22": "N"}, {"22": "E"}, {"22": "N"}, {"22": "N"}, {"22": "N"}, {"22": "N"}, {"20": "E"}, {"20": "E"}, {"20": "E"}, {"20": "E"}, {"20": "E"}, {"20": "E"}, {"20": "S"}, {"20": "S"}, {"20": "S"}, {"20": "S"}, {"20": "S"}, {"20": "S"}, {"20": "S"}, {"20": "S"}, {"20": "S"}, {"20": "S"}, {"20": "S"}, {"20": "S"}, {"20": "S"}, {"20": "S"}, {"20": "S"}, {"20": "S"}, {"20": "S"}, {"20": "S"}, {"20": "S"}, {"20": "S"}, {"20": "S"}, {"20": "W"}, {"20": "W"}, {"20": "W"}, {"20": "W"}, {"20": "N"}, {"20": "N"}, {"122": "W"}, {"122": "S"}, {"122": "S"}, {"122": "S"}, {"122": "S"}, {"122": "S"}, {"122": "S"}, {"122": "S"}, {"122": "S"}, {"122": "S"}, {"122": "S"}, {"122": "S"}, {"122": "S"}, {"122": "S"}, {"122": "S"}, {"122": "W"}, {"122": "W"}, {"122": "W"}, {"122": "W"}, {"122": "N"}, {"55": "N"}, {"55": "E"}, {"55": "E"}, {"55": "E"}, {"55": "E"}, {"55": "E"}, {"55": "E"}, {"55": "E"}, {"55": "E"}, {"55": "E"}, {"55": "E"}, {"55": "E"}, {"55": "E"}, {"55": "E"}, {"55": "E"}, {"55": "E"}, {"55": "E"}, {"55": "E"}, {"55": "E"}, {"55": "E"}, {"55": "E"}, {"55": "N"}, {"55": "N"}, {"55": "N"}, {"55": "E"}, {"55": "E"}, {"55": "E"}, {"55": "E"}, {"55": "E"}, {"55": "E"}, {"55": "E"}, {"55": "E"}, {"26": "S"}, {"26": "E"}, {"26": "E"}, {"26": "E"}, {"26": "E"}, {"26": "E"}, {"26": "E"}, {"26": "E"}, {"26": "E"}, {"26": "E"}, {"26": "E"}, {"26": "E"}, {"26": "E"}, {"26": "E"}, {"26": "E"}, {"26": "E"}, {"26": "E"}, {"26": "E"}, {"26": "E"}, {"26": "E"}, {"26": "E"}, {"26": "E"}, {"26": "N"}, {"26": "N"}, {"26": "N"}, {"26": "N"}, {"26": "N"}, {"26": "N"}, {"26": "N"}, {"26": "N"}, {"26": "N"}, {"26": "N"}, {"26": "N"}, {"26": "N"}, {"26": "N"}, {"26": "N"}, {"26": "N"}, {"26": "E"}, {"26": "N"}, {"26": "N"}, {"26": "N"}, {"19": "N"}, {"19": "E"}, {"19": "E"}, {"19": "E"}, {"19": "E"}, {"19": "E"}, {"19": "E"}, {"19": "E"}, {"19": "E"}, {"19": "E"}, {"19": "E"}, {"19": "E"}, {"19": "N"}, {"19": "N"}, {"19": "N"}, {"19": "N"}, {"19": "N"}, {"19": "E"}, {"19": "E"}, {"19": "E"}, {"19": "N"}, {"19": "N"}, {"19": "N"}, {"111": "N"}, {"111": "E"}, {"111": "E"}, {"111": "E"}, {"111": "E"}, {"111": "E"}, {"111": "E"}, {"111": "E"}, {"111": "E"}, {"111": "E"}, {"111": "E"}, {"111": "E"}, {"111": "E"}, {"111": "E"}, {"111": "E"}, {"111": "E"}, {"111": "N"}, {"111": "N"}, {"111": "N"}, {"111": "N"}, {"111": "N"}, {"111": "N"}, {"111": "N"}, {"111": "N"}, {"111": "N"}, {"111": "E"}, {"111": "E"}, {"111": "N"}, {"70": "E"}, {"70": "E"}, {"70": "E"}, {"70": "E"}, {"70": "E"}, {"70": "E"}, {"70": "E"}, {"70": "E"}, {"70": "E"}, {"70": "E"}, {"70": "E"}, {"70": "E"}, {"70": "E"}, {"70": "E"}, {"70": "E"}, {"70": "N"}, {"70": "N"}, {"70": "N"}, {"70": "N"}, {"70": "N"}, {"70": "N"}, {"70": "N"}, {"70": "N"}, {"70": "N"}, {"70": "N"}, {"70": "N"}, {"70": "E"}, {"70": "E"}, {"70": "E"}, {"70": "E"}, {"70": "E"}, {"70": "N"}, {"70": "N"}, {"40": "N"}, {"40": "E"}, {"40": "E"}, {"40": "E"}, {"40": "E"}, {"40": "E"}, {"40": "E"}, {"40": "E"}, {"40": "E"}, {"40": "E"}, {"40": "E"}, {"40": "E"}, {"40": "E"}, {"40": "E"}, {"40": "E"}, {"40": "E"}, {"40": "E"}, {"40": "E"}, {"40": "E"}, {"40": "E"}, {"40": "E"}, {"40": "E"}, {"40": "E"}, {"40": "E"}, {"40": "E"}, {"40": "E"}, {"40": "E"}, {"40": "E"}, {"40": "E"}, {"40": "E"}, {"40": "E"}, {"40": "N"}, {"40": "N"}, {"40": "N"}, {"40": "N"}, {"40": "N"}, {"39": "E"}, {"39": "S"}, {"39": "S"}, {"39": "W"}, {"39": "W"}, {"39": "W"}, {"39": "W"}, {"39": "W"}, {"39": "W"}, {"39": "W"}, {"39": "W"}, {"39": "W"}, {"39": "W"}, {"39": "W"}, {"39": "W"}, {"39": "W"}, {"39": "W"}, {"39": "S"}, {"39": "S"}, {"39": "S"}, {"39": "W"}, {"39": "W"}, {"39": "W"}, {"39": "S"}, {"39": "S"}, {"39": "S"}, {"39": "S"}, {"39": "S"}, {"39": "S"}, {"39": "E"}, {"39": "E"}, {"39": "E"}, {"39": "E"}, {"39": "E"}, {"39": "E"}, {"39": "S"}, {"39": "E"}, {"39": "E"}, {"94": "E"}, {"94": "N"}, {"94": "N"}, {"94": "N"}, {"94": "N"}, {"94": "N"}, {"94": "N"}, {"94": "N"}, {"94": "N"}, {"94": "N"}, {"94": "N"}, {"94": "N"}, {"94": "E"}, {"94": "E"}, {"94": "E"}, {"94": "N"}, {"94": "N"}, {"94": "N"}, {"94": "N"}, {"94": "N"}, {"94": "N"}, {"94": "N"}, {"94": "N"}, {"94": "N"}, {"94": "N"}, {"94": "N"}, {"94": "N"}, {"94": "E"}, {"94": "E"}, {"94": "E"}, {"94": "E"}, {"94": "E"}, {"94": "N"}, {"91": "N"}, {"91": "E"}, {"91": "E"}, {"91": "E"}, {"91": "E"}, {"91": "E"}, {"91": "E"}, {"91": "E"}, {"91": "E"}, {"91": "E"}, {"91": "E"}, {"91": "E"}, {"91": "E"}, {"91": "E"}, {"91": "N"}, {"91": "N"}, {"91": "N"}, {"91": "N"}, {"91": "N"}, {"91": "N"}, {"91": "N"}, {"91": "N"}, {"91": "N"}, {"91": "N"}, {"91": "N"}, {"91": "N"}, {"91": "N"}, {"91": "N"}, {"91": "N"}, {"91": "N"}, {"91": "E"}, {"91": "N"}, {"91": "N"}, {"91": "N"}, {"59": "E"}, {"59": "S"}, {"59": "E"}, {"59": "E"}, {"59": "E"}, {"59": "E"}, {"59": "E"}, {"59": "S"}, {"59": "S"}, {"59": "S"}, {"59": "S"}, {"59": "S"}, {"59": "S"}, {"59": "S"}, {"59": "S"}, {"59": "S"}, {"59": "S"}, {"59": "S"}, {"59": "S"}, {"59": "S"}, {"59": "S"}, {"59": "S"}, {"59": "S"}, {"59": "S"}, {"59": "W"}, {"59": "W"}, {"59": "W"}, {"59": "W"}, {"59": "W"}, {"50": "E"}, {"50": "N"}, {"50": "N"}, {"50": "N"}, {"50": "N"}, {"50": "N"}, {"50": "E"}, {"50": "E"}, {"50": "E"}, {"50": "E"}, {"50": "E"}, {"50": "E"}, {"50": "E"}, {"50": "E"}, {"50": "E"}, {"50": "E"}, {"50": "E"}, {"50": "N"}, {"50": "N"}, {"50": "N"}, {"50": "N"}, {"50": "N"}, {"50": "N"}, {"50": "N"}, {"50": "E"}, {"50": "E"}, {"50": "N"}, {"50": "N"}, {"50": "N"}, {"50": "N"}, {"50": "N"}, {"50": "N"}, {"50": "N"}, {"50": "N"}, {"50": "N"}, {"37": "N"}, {"37": "E"}, {"37": "E"}, {"37": "E"}, {"37": "E"}, {"37": "E"}, {"37": "E"}, {"37": "E"}, {"37": "E"}, {"37": "E"}, {"37": "E"}, {"37": "E"}, {"37": "E"}, {"37": "N"}, {"37": "N"}, {"37": "N"}, {"37": "N"}, {"37": "N"}, {"37": "E"}, {"37": "E"}, {"37": "E"}, {"37": "E"}, {"139": "W"}, {"139": "S"}, {"139": "S"}, {"139": "S"}, {"139": "W"}, {"139": "W"}, {"139": "W"}, {"139": "W"}, {"139": "W"}, {"139": "S"}, {"139": "S"}, {"139": "S"}, {"139": "W"}, {"139": "W"}, {"139": "W"}, {"139": "S"}, {"139": "S"}, {"139": "S"}, {"139": "S"}, {"139": "S"}, {"139": "S"}, {"139": "E"}, {"139": "E"}, {"139": "S"}, {"139": "S"}, {"139": "S"}, {"139": "S"}, {"139": "S"}, {"139": "S"}, {"139": "E"}, {"139": "E"}, {"139": "E"}, {"139": "E"}, {"139": "E"}, {"139": "E"}, {"139": "E"}, {"139": "E"}, {"139": "E"}, {"130": "S"}, {"130": "E"}, {"130": "E"}, {"130": "E"}, {"130": "E"}, {"130": "E"}, {"130": "E"}, {"130": "E"}, {"130": "E"}, {"130": "E"}, {"130": "E"}, {"130": "E"}, {"130": "E"}, {"130": "E"}, {"130": "E"}, {"130": "E"}, {"130": "E"}, {"130": "E"}, {"130": "E"}, {"130": "N"}, {"130": "N"}, {"130": "N"}, {"130": "N"}, {"130": "N"}, {"130": "N"}, {"130": "N"}, {"130": "N"}, {"130": "N"}, {"130": "N"}, {"130": "N"}, {"130": "N"}, {"130": "N"}, {"130": "N"}, {"130": "N"}, {"130": "N"}, {"130": "N"}, {"130": "N"}, {"130": "N"}, {"88": "W"}, {"88": "S"}, {"88": "S"}, {"88": "S"}, {"88": "S"}, {"88": "S"}, {"88": "S"}, {"88": "E"}, {"88": "E"}, {"88": "E"}, {"88": "E"}, {"88": "E"}, {"88": "E"}, {"88": "E"}, {"88": "E"}, {"88": "E"}, {"88": "E"}, {"88": "E"}, {"88": "S"}, {"88": "S"}, {"88": "S"}, {"88": "S"}, {"88": "S"}, {"88": "S"}, {"88": "S"}, {"88": "S"}, {"88": "S"}, {"88": "S"}, {"88": "S"}, {"88": "S"}, {"88": "S"}, {"88": "S"}, {"88": "S"}, {"88": "S"}, {"88": "S"}, {"88": "W"}, {"88": "W"}, {"88": "W"}, {"88": "W"}, {"88": "S"}, {"88": "W"}, {"88": "W"}, {"88": "N"}, {"52": "E"}, {"52": "S"}, {"52": "S"}, {"52": "S"}, {"52": "S"}, {"52": "S"}, {"52": "E"}, {"52": "E"}, {"52": "E"}, {"52": "E"}, {"52": "E"}, {"52": "E"}, {"52": "E"}, {"52": "E"}, {"52": "S"}, {"52": "S"}, {"52": "S"}, {"52": "S"}, {"52": "S"}, {"52": "S"}, {"52": "S"}, {"52": "S"}, {"52": "S"}, {"52": "S"}, {"52": "S"}, {"52": "S"}, {"52": "S"}, {"52": "S"}, {"52": "S"}, {"52": "S"}, {"52": "S"}, {"52": "W"}, {"52": "W"}, {"52": "W"}, {"52": "W"}, {"52": "S"}, {"52": "W"}, {"52": "W"}, {"52": "W"}, {"52": "N"}, {"52": "N"}, {"24": "S"}, {"24": "W"}, {"24": "W"}, {"24": "S"}, {"24": "S"}, {"24": "S"}, {"24": "S"}, {"24": "S"}, {"24": "S"}, {"24": "S"}, {"24": "S"}, {"24": "S"}, {"24": "S"}, {"24": "S"}, {"24": "S"}, {"24": "W"}, {"24": "W"}, {"24": "W"}, {"24": "S"}, {"24": "S"}, {"24": "S"}, {"11": "E"}, {"11": "N"}, {"11": "E"}, {"11": "E"}, {"11": "E"}, {"11": "E"}, {"11": "E"}, {"11": "E"}, {"11": "E"}, {"11": "E"}, {"11": "E"}, {"11": "E"}, {"11": "E"}, {"11": "E"}, {"11": "E"}, {"11": "E"}, {"11": "E"}, {"11": "E"}, {"11": "E"}, {"11": "E"}, {"11": "E"}, {"11": "E"}, {"11": "E"}, {"11": "E"}, {"11": "N"}, {"11": "N"}, {"11": "N"}, {"11": "N"}, {"11": "N"}, {"11": "N"}, {"11": "E"}, {"11": "E"}, {"11": "E"}, {"11": "N"}, {"11": "N"}, {"129": "W"}, {"129": "S"}, {"129": "S"}, {"129": "W"}, {"129": "W"}, {"129": "W"}, {"129": "W"}, {"129": "W"}, {"129": "S"}, {"129": "S"}, {"129": "S"}, {"129": "S"}, {"129": "S"}, {"129": "W"}, {"129": "W"}, {"129": "W"}, {"129": "S"}, {"129": "S"}, {"129": "S"}, {"129": "S"}, {"129": "E"}, {"129": "E"}, {"129": "E"}, {"129": "E"}, {"129": "S"}, {"129": "E"}, {"103": "S"}, {"103": "E"}, {"103": "E"}, {"103": "E"}, {"103": "E"}, {"103": "E"}, {"103": "E"}, {"103": "E"}, {"103": "E"}, {"103": "E"}, {"103": "E"}, {"103": "S"}, {"103": "S"}, {"103": "S"}, {"103": "S"}, {"103": "S"}, {"103": "S"}, {"103": "S"}, {"103": "S"}, {"103": "S"}, {"103": "S"}, {"103": "S"}, {"103": "S"}, {"103": "S"}, {"103": "S"}, {"103": "S"}, {"103": "S"}, {"103": "S"}, {"103": "W"}, {"103": "W"}, {"103": "S"}, {"103": "S"}, {"103": "S"}, {"103": "S"}, {"103": "W"}, {"75": "E"}, {"75": "S"}, {"75": "S"}, {"75": "E"}, {"75": "E"}, {"75": "E"}, {"75": "E"}, {"75": "E"}, {"75": "S"}, {"75": "S"}, {"75": "S"}, {"75": "S"}, {"75": "S"}, {"75": "S"}, {"75": "S"}, {"75": "S"}, {"75": "S"}, {"75": "S"}, {"75": "S"}, {"75": "S"}, {"75": "S"}, {"75": "S"}, {"75": "S"}, {"75": "S"}, {"75": "S"}, {"75": "W"}, {"75": "W"}, {"75": "W"}, {"75": "W"}, {"75": "S"}, {"75": "W"}, {"75": "W"}, {"75": "W"}, {"75": "W"}, {"75": "N"}, {"75": "N"}, {"73": "N"}, {"73": "E"}, {"73": "E"}, {"73": "E"}, {"73": "E"}, {"73": "E"}, {"73": "E"}, {"73": "E"}, {"73": "E"}, {"73": "E"}, {"73": "E"}, {"73": "E"}, {"73": "N"}, {"73": "N"}, {"73": "N"}, {"73": "N"}, {"73": "N"}, {"73": "N"}, {"73": "N"}, {"73": "N"}, {"73": "N"}, {"73": "N"}, {"73": "N"}, {"73": "N"}, {"73": "N"}, {"73": "N"}, {"73": "N"}, {"73": "N"}, {"73": "N"}, {"73": "N"}, {"73": "N"}, {"73": "N"}, {"73": "N"}, {"67": "N"}, {"67": "E"}, {"67": "E"}, {"67": "E"}, {"67": "E"}, {"67": "E"}, {"67": "N"}, {"67": "N"}, {"67": "N"}, {"67": "N"}, {"67": "N"}, {"67": "N"}, {"67": "N"}, {"67": "N"}, {"67": "E"}, {"67": "E"}, {"67": "E"}, {"67": "N"}, {"67": "N"}, {"67": "N"}, {"67": "N"}, {"67": "N"}, {"67": "N"}, {"67": "N"}, {"67": "N"}, {"67": "N"}, {"67": "N"}, {"67": "N"}, {"67": "N"}, {"67": "E"}, {"67": "E"}, {"67": "E"}, {"67": "E"}, {"9": "W"}, {"9": "N"}, {"9": "W"}, {"9": "W"}, {"9": "W"}, {"9": "N"}, {"9": "N"}, {"9": "N"}, {"9": "N"}, {"9": "N"}, {"9": "N"}, {"9": "N"}, {"9": "N"}, {"9": "E"}, {"9": "E"}, {"9": "E"}, {"9": "N"}, {"9": "N"}, {"9": "N"}, {"9": "N"}, {"9": "N"}, {"9": "N"}, {"9": "N"}, {"9": "N"}, {"9": "N"}, {"9": "N"}, {"9": "N"}, {"9": "N"}, {"9": "E"}, {"9": "E"}, {"9": "N"}, {"9": "N"}, {"144": "N"}, {"144": "E"}, {"144": "E"}, {"144": "E"}, {"144": "E"}, {"144": "E"}, {"144": "E"}, {"144": "E"}, {"144": "E"}, {"144": "E"}, {"144": "E"}, {"144": "E"}, {"144": "E"}, {"144": "E"}, {"144": "E"}, {"144": "E"}, {"144": "E"}, {"144": "E"}, {"144": "N"}, {"144": "N"}, {"144": "N"}, {"144": "N"}, {"144": "N"}, {"107": "W"}, {"107": "W"}, {"107": "W"}, {"107": "W"}, {"107": "W"}, {"107": "S"}, {"107": "S"}, {"107": "S"}, {"107": "W"}, {"107": "S"}, {"107": "W"}, {"107": "S"}, {"107": "S"}, {"107": "S"}, {"107": "S"}, {"107": "S"}, {"107": "S"}, {"107": "S"}, {"107": "E"}, {"107": "E"}, {"107": "E"}, {"107": "E"}, {"107": "E"}, {"107": "S"}, {"107": "S"}, {"107": "S"}, {"107": "S"}, {"107": "S"}, {"107": "E"}, {"107": "E"}, {"107": "E"}, {"107": "E"}, {"107": "E"}, {"107": "E"}, {"107": "E"}, {"107": "E"}, {"107": "S"}, {"107": "S"}, {"107": "E"}, {"107": "E"}, {"107": "S"}, {"105": "S"}, {"105": "E"}, {"105": "E"}, {"105": "E"}, {"105": "E"}, {"105": "E"}, {"105": "E"}, {"105": "E"}, {"105": "E"}, {"105": "E"}, {"105": "N"}, {"105": "N"}, {"105": "N"}, {"105": "E"}, {"105": "E"}, {"105": "E"}, {"105": "N"}, {"105": "N"}, {"105": "N"}, {"105": "N"}, {"105": "N"}, {"105": "N"}, {"105": "N"}, {"105": "N"}, {"105": "N"}, {"105": "N"}, {"105": "N"}, {"105": "N"}, {"105": "N"}, {"105": "N"}, {"105": "N"}, {"105": "N"}, {"105": "N"}, {"105": "N"}, {"105": "N"}, {"93": "W"}, {"93": "W"}, {"93": "W"}, {"93": "W"}, {"93": "W"}, {"93": "W"}, {"93": "W"}, {"93": "W"}, {"93": "S"}, {"93": "S"}, {"93": "S"}, {"93": "S"}, {"93": "S"}, {"93": "S"}, {"93": "W"}, {"93": "S"}, {"93": "W"}, {"93": "S"}, {"93": "S"}, {"93": "S"}, {"93": "S"}, {"93": "S"}, {"93": "S"}, {"93": "S"}, {"93": "E"}, {"93": "E"}, {"93": "E"}, {"93": "E"}, {"93": "E"}, {"93": "S"}, {"93": "S"}, {"93": "S"}, {"93": "S"}, {"93": "S"}, {"93": "E"}, {"93": "E"}, {"93": "E"}, {"93": "E"}, {"93": "E"}, {"93": "E"}, {"93": "E"}, {"93": "E"}, {"93": "S"}, {"93": "S"}, {"93": "E"}, {"85": "E"}, {"85": "E"}, {"85": "E"}, {"85": "E"}, {"85": "E"}, {"85": "E"}, {"85": "E"}, {"85": "E"}, {"85": "E"}, {"85": "E"}, {"85": "E"}, {"85": "E"}, {"85": "N"}, {"85": "N"}, {"85": "N"}, {"85": "N"}, {"85": "E"}, {"85": "E"}, {"85": "E"}, {"85": "N"}, {"85": "N"}, {"85": "N"}, {"85": "N"}, {"85": "N"}, {"85": "N"}, {"85": "N"}, {"85": "N"}, {"85": "N"}, {"85": "N"}, {"85": "N"}, {"85": "N"}, {"85": "E"}, {"85": "E"}, {"85": "N"}, {"78": "W"}, {"78": "S"}, {"78": "S"}, {"78": "E"}, {"78": "E"}, {"78": "E"}, {"78": "E"}, {"78": "E"}, {"78": "S"}, {"78": "S"}, {"78": "S"}, {"78": "S"}, {"78": "S"}, {"78": "S"}, {"78": "S"}, {"78": "S"}, {"78": "S"}, {"78": "S"}, {"78": "S"}, {"78": "S"}, {"78": "S"}, {"78": "S"}, {"78": "S"}, {"78": "S"}, {"78": "S"}, {"78": "W"}, {"78": "W"}, {"78": "W"}, {"78": "W"}, {"78": "S"}, {"78": "W"}, {"78": "W"}, {"78": "S"}, {"78": "W"}, {"78": "W"}, {"78": "W"}, {"78": "N"}, {"78": "N"}, {"78": "N"}, {"41": "N"}, {"41": "E"}, {"41": "E"}, {"41": "E"}, {"41": "E"}, {"41": "E"}, {"41": "E"}, {"41": "E"}, {"41": "E"}, {"41": "E"}, {"41": "E"}, {"41": "E"}, {"41": "N"}, {"41": "N"}, {"41": "N"}, {"41": "N"}, {"41": "N"}, {"41": "N"}, {"41": "N"}, {"41": "N"}, {"41": "N"}, {"41": "N"}, {"41": "N"}, {"41": "N"}, {"41": "N"}, {"41": "N"}, {"41": "N"}, {"41": "N"}, {"41": "E"}, {"25": "E"}, {"25": "N"}, {"25": "E"}, {"25": "E"}, {"25": "E"}, {"25": "E"}, {"25": "E"}, {"25": "E"}, {"25": "E"}, {"25": "E"}, {"25": "E"}, {"25": "E"}, {"25": "N"}, {"25": "N"}, {"25": "N"}, {"25": "N"}, {"25": "N"}, {"25": "N"}, {"25": "N"}, {"25": "N"}, {"25": "N"}, {"25": "N"}, {"25": "N"}, {"25": "N"}, {"25": "N"}, {"25": "N"}, {"25": "N"}, {"25": "N"}, {"125": "S"}, {"125": "W"}, {"125": "W"}, {"125": "W"}, {"125": "W"}, {"125": "S"}, {"125": "S"}, {"125": "S"}, {"125": "S"}, {"125": "S"}, {"125": "S"}, {"125": "S"}, {"125": "S"}, {"125": "S"}, {"125": "S"}, {"125": "S"}, {"125": "S"}, {"125": "W"}, {"125": "W"}, {"125": "W"}, {"125": "W"}, {"125": "S"}, {"125": "S"}, {"125": "S"}, {"125": "S"}, {"125": "S"}, {"62": "S"}, {"62": "E"}, {"62": "E"}, {"62": "E"}, {"62": "E"}, {"62": "E"}, {"62": "E"}, {"62": "E"}, {"62": "N"}, {"62": "N"}, {"62": "N"}, {"62": "E"}, {"62": "E"}, {"62": "E"}, {"62": "N"}, {"62": "N"}, {"62": "N"}, {"62": "N"}, {"62": "N"}, {"62": "N"}, {"62": "N"}, {"62": "N"}, {"62": "N"}, {"62": "N"}, {"62": "N"}, {"62": "N"}, {"62": "N"}, {"62": "N"}, {"62": "N"}, {"62": "N"}, {"62": "N"}, {"62": "N"}, {"47": "E"}, {"47": "N"}, {"47": "E"}, {"47": "E"}, {"47": "E"}, {"47": "E"}, {"47": "E"}, {"47": "E"}, {"47": "E"}, {"47": "E"}, {"47": "E"}, {"47": "E"}, {"47": "E"}, {"47": "E"}, {"47": "E"}, {"47": "E"}, {"47": "E"}, {"47": "N"}, {"47": "N"}, {"47": "N"}, {"47": "N"}, {"47": "N"}, {"47": "N"}, {"47": "N"}, {"47": "N"}, {"47": "N"}, {"47": "N"}, {"47": "N"}, {"47": "N"}, {"47": "N"}, {"47": "N"}, {"47": "N"}, {"47": "N"}, {"5": "S"}, {"5": "E"}, {"5": "E"}, {"5": "E"}, {"5": "E"}, {"5": "E"}, {"5": "E"}, {"5": "E"}, {"5": "E"}, {"5": "E"}, {"5": "E"}, {"5": "E"}, {"5": "E"}, {"5": "N"}, {"5": "N"}, {"5": "N"}, {"5": "N"}, {"5": "N"}, {"5": "N"}, {"5": "N"}, {"5": "N"}, {"5": "N"}, {"5": "N"}, {"5": "N"}, {"5": "N"}, {"5": "N"}, {"5": "N"}, {"5": "N"}, {"5": "N"}, {"5": "N"}, {"5": "N"}, {"5": "N"}, {"5": "N"}, {"4": "E"}, {"4": "S"}, {"4": "S"}, {"4": "S"}, {"4": "E"}, {"4": "E"}, {"4": "E"}, {"4": "E"}, {"4": "E"}, {"4": "E"}, {"4": "E"}, {"4": "E"}, {"4": "S"}, {"4": "S"}, {"4": "S"}, {"4": "S"}, {"4": "S"}, {"4": "S"}, {"4": "S"}, {"4": "S"}, {"4": "S"}, {"4": "S"}, {"4": "S"}, {"4": "S"}, {"4": "S"}, {"4": "S"}, {"4": "S"}, {"4": "S"}, {"4": "S"}, {"4": "W"}, {"4": "W"}, {"4": "W"}, {"4": "W"}, {"4": "S"}, {"4": "W"}, {"4": "W"}, {"4": "S"}, {"4": "W"}, {"4": "W"}, {"4": "W"}, {"4": "W"}, {"4": "N"}, {"4": "N"}, {"4": "N"}, {"142": "W"}, {"142": "S"}, {"142": "S"}, {"142": "S"}, {"142": "S"}, {"142": "E"}, {"142": "E"}, {"142": "E"}, {"142": "E"}, {"142": "E"}, {"142": "E"}, {"142": "E"}, {"142": "E"}, {"142": "S"}, {"142": "S"}, {"142": "S"}, {"142": "S"}, {"142": "S"}, {"142": "S"}, {"142": "S"}, {"142": "S"}, {"142": "S"}, {"142": "S"}, {"142": "S"}, {"142": "S"}, {"142": "S"}, {"142": "S"}, {"142": "S"}, {"142": "S"}, {"142": "S"}, {"142": "W"}, {"142": "W"}, {"142": "S"}, {"142": "S"}, {"142": "S"}, {"142": "S"}, {"142": "S"}, {"142": "W"}, {"142": "S"}, {"142": "W"}, {"140": "E"}, {"140": "E"}, {"140": "E"}, {"140": "E"}, {"140": "E"}, {"140": "E"}, {"140": "E"}, {"140": "E"}, {"140": "E"}, {"140": "E"}, {"140": "E"}, {"140": "E"}, {"140": "E"}, {"140": "E"}, {"140": "E"}, {"140": "N"}, {"140": "N"}, {"140": "N"}, {"140": "N"}, {"140": "N"}, {"137": "N"}, {"137": "E"}, {"137": "E"}, {"137": "E"}, {"137": "E"}, {"137": "E"}, {"137": "E"}, {"137": "E"}, {"137": "E"}, {"137": "E"}, {"137": "E"}, {"137": "E"}, {"137": "E"}, {"137": "E"}, {"137": "N"}, {"137": "N"}, {"137": "N"}, {"137": "N"}, {"137": "N"}, {"137": "N"}, {"137": "N"}, {"137": "N"}, {"137": "N"}, {"137": "N"}, {"137": "N"}, {"137": "N"}, {"137": "N"}, {"137": "N"}, {"137": "N"}, {"137": "N"}, {"137": "N"}, {"137": "N"}, {"137": "N"}, {"116": "E"}, {"116": "S"}, {"116": "E"}, {"116": "E"}, {"116": "E"}, {"116": "E"}, {"116": "E"}, {"116": "E"}, {"116": "E"}, {"116": "E"}, {"116": "S"}, {"116": "S"}, {"116": "S"}, {"116": "S"}, {"116": "S"}, {"116": "S"}, {"116": "S"}, {"116": "S"}, {"116": "S"}, {"116": "S"}, {"116": "S"}, {"116": "S"}, {"116": "S"}, {"116": "S"}, {"116": "S"}, {"116": "S"}, {"116": "S"}, {"116": "W"}, {"116": "W"}, {"116": "W"}, {"116": "W"}, {"116": "S"}, {"116": "W"}, {"116": "W"}, {"116": "S"}, {"116": "W"}, {"116": "W"}, {"116": "W"}, {"116": "W"}, {"116": "N"}, {"116": "N"}, {"100": "W"}, {"100": "W"}, {"100": "W"}, {"100": "W"}, {"100": "W"}, {"100": "W"}, {"100": "W"}, {"100": "W"}, {"100": "S"}, {"100": "S"}, {"100": "S"}, {"100": "S"}, {"100": "S"}, {"100": "W"}, {"100": "S"}, {"100": "W"}, {"100": "S"}, {"100": "S"}, {"100": "S"}, {"100": "S"}, {"100": "S"}, {"100": "S"}, {"100": "S"}, {"100": "E"}, {"100": "E"}, {"100": "E"}, {"100": "E"}, {"100": "S"}, {"100": "E"}, {"100": "S"}, {"100": "S"}, {"100": "S"}, {"100": "S"}, {"100": "E"}, {"100": "E"}, {"100": "E"}, {"100": "E"}, {"100": "E"}, {"100": "S"}, {"100": "E"}, {"100": "S"}, {"100": "S"}, {"100": "E"}, {"100": "E"}, {"76": "N"}, {"76": "E"}, {"76": "E"}, {"76": "E"}, {"76": "E"}, {"76": "E"}, {"76": "E"}, {"76": "E"}, {"76": "E"}, {"76": "E"}, {"76": "E"}, {"76": "E"}, {"76": "E"}, {"76": "E"}, {"76": "N"}, {"76": "N"}, {"76": "N"}, {"76": "N"}, {"54": "E"}, {"54": "E"}, {"54": "E"}, {"54": "E"}, {"54": "E"}, {"54": "N"}, {"54": "E"}, {"54": "E"}, {"54": "E"}, {"54": "E"}, {"54": "E"}, {"54": "E"}, {"54": "E"}, {"54": "E"}, {"54": "N"}, {"54": "N"}, {"54": "N"}, {"54": "N"}, {"54": "N"}, {"54": "N"}, {"54": "N"}, {"54": "N"}, {"54": "N"}, {"54": "N"}, {"54": "N"}, {"54": "N"}, {"46": "W"}, {"46": "S"}, {"46": "S"}, {"46": "S"}, {"46": "S"}, {"46": "S"}, {"46": "S"}, {"46": "S"}, {"46": "S"}, {"46": "S"}, {"46": "S"}, {"46": "S"}, {"46": "S"}, {"46": "S"}, {"46": "W"}, {"46": "W"}, {"46": "S"}, {"46": "S"}, {"46": "S"}, {"46": "S"}, {"46": "S"}, {"46": "W"}, {"46": "S"}, {"46": "S"}, {"27": "S"}, {"27": "E"}, {"27": "E"}, {"27": "E"}, {"27": "E"}, {"27": "E"}, {"27": "E"}, {"27": "E"}, {"27": "S"}, {"27": "S"}, {"27": "S"}, {"27": "S"}, {"27": "S"}, {"27": "S"}, {"27": "S"}, {"27": "S"}, {"27": "S"}, {"27": "S"}, {"27": "S"}, {"27": "S"}, {"27": "S"}, {"27": "S"}, {"27": "S"}, {"27": "S"}, {"27": "S"}, {"27": "W"}, {"27": "W"}, {"27": "W"}, {"27": "W"}, {"27": "S"}, {"27": "W"}, {"27": "W"}, {"27": "S"}, {"27": "W"}, {"27": "W"}, {"27": "W"}, {"27": "W"}, {"27": "W"}, {"27": "W"}, {"27": "N"}, {"27": "N"}, {"27": "N"}, {"27": "N"}, {"141": "E"}, {"141": "E"}, {"141": "E"}, {"141": "E"}, {"141": "E"}, {"141": "E"}, {"141": "E"}, {"141": "N"}, {"141": "N"}, {"141": "N"}, {"141": "N"}, {"141": "N"}, {"141": "N"}, {"141": "N"}, {"141": "N"}, {"141": "N"}, {"141": "N"}, {"120": "E"}, {"120": "E"}, {"120": "E"}, {"120": "E"}, {"120": "E"}, {"120": "N"}, {"120": "N"}, {"120": "N"}, {"120": "N"}, {"120": "N"}, {"120": "N"}, {"120": "N"}, {"120": "N"}, {"120": "N"}, {"81": "E"}, {"81": "S"}, {"81": "S"}, {"81": "S"}, {"81": "S"}, {"81": "S"}, {"81": "E"}, {"81": "E"}, {"81": "E"}, {"81": "E"}, {"81": "E"}, {"81": "E"}, {"81": "E"}, {"81": "E"}, {"81": "E"}, {"81": "E"}, {"81": "E"}, {"81": "S"}, {"81": "S"}, {"81": "S"}, {"81": "S"}, {"81": "S"}, {"81": "S"}, {"81": "S"}, {"81": "S"}, {"81": "S"}, {"81": "S"}, {"81": "S"}, {"81": "S"}, {"81": "S"}, {"81": "S"}, {"81": "S"}, {"81": "S"}, {"81": "S"}, {"81": "W"}, {"81": "W"}, {"81": "W"}, {"81": "W"}, {"81": "S"}, {"81": "W"}, {"81": "S"}, {"81": "S"}, {"81": "S"}, {"81": "S"}, {"81": "S"}, {"64": "E"}, {"64": "E"}, {"64": "E"}, {"64": "E"}, {"64": "E"}, {"64": "E"}, {"64": "E"}, {"64": "E"}, {"64": "E"}, {"64": "E"}, {"64": "E"}, {"64": "E"}, {"64": "N"}, {"64": "E"}, {"64": "E"}, {"64": "E"}, {"64": "N"}, {"64": "N"}, {"64": "N"}, {"64": "N"}, {"64": "N"}, {"64": "N"}, {"64": "N"}, {"64": "N"}, {"64": "N"}, {"64": "N"}, {"64": "N"}, {"64": "N"}, {"8": "S"}, {"8": "E"}, {"8": "E"}, {"8": "E"}, {"8": "E"}, {"8": "E"}, {"8": "E"}, {"8": "E"}, {"8": "E"}, {"8": "E"}, {"8": "E"}, {"8": "E"}, {"8": "E"}, {"8": "E"}, {"8": "N"}, {"8": "N"}, {"8": "N"}, {"8": "N"}, {"8": "N"}, {"8": "N"}, {"8": "N"}, {"8": "N"}, {"8": "N"}, {"8": "N"}, {"8": "N"}, {"8": "N"}, {"104": "N"}, {"104": "E"}, {"104": "E"}, {"104": "E"}, {"104": "E"}, {"104": "E"}, {"104": "E"}, {"104": "E"}, {"104": "E"}, {"104": "E"}, {"104": "E"}, {"104": "E"}, {"104": "E"}, {"104": "E"}, {"104": "E"}, {"104": "E"}, {"104": "E"}, {"104": "E"}, {"104": "E"}, {"104": "E"}, {"104": "E"}, {"104": "E"}, {"104": "E"}, {"104": "E"}, {"104": "E"}, {"104": "E"}, {"104": "N"}, {"104": "N"}, {"104": "N"}, {"104": "N"}, {"104": "N"}, {"102": "W"}, {"102": "W"}, {"102": "W"}, {"102": "W"}, {"102": "W"}, {"102": "W"}, {"102": "W"}, {"102": "S"}, {"102": "W"}, {"102": "W"}, {"102": "W"}, {"102": "W"}, {"102": "W"}, {"102": "W"}, {"102": "W"}, {"102": "N"}, {"102": "N"}, {"102": "N"}, {"101": "N"}, {"101": "E"}, {"101": "E"}, {"101": "E"}, {"101": "E"}, {"101": "E"}, {"101": "E"}, {"101": "E"}, {"101": "E"}, {"101": "E"}, {"101": "E"}, {"101": "E"}, {"101": "E"}, {"101": "N"}, {"101": "N"}, {"101": "N"}, {"101": "N"}, {"101": "N"}, {"101": "N"}, {"101": "N"}, {"101": "N"}, {"101": "N"}, {"101": "N"}, {"101": "N"}, {"95": "N"}, {"95": "E"}, {"95": "E"}, {"95": "E"}, {"95": "E"}, {"95": "E"}, {"95": "E"}, {"95": "E"}, {"95": "E"}, {"95": "E"}, {"95": "E"}, {"95": "E"}, {"95": "E"}, {"95": "E"}, {"95": "E"}, {"95": "N"}, {"95": "N"}, {"95": "N"}, {"95": "N"}, {"95": "N"}, {"95": "N"}, {"95": "N"}, {"95": "N"}, {"95": "N"}, {"83": "N"}, {"83": "E"}, {"83": "E"}, {"83": "E"}, {"83": "E"}, {"83": "E"}, {"83": "E"}, {"83": "E"}, {"83": "E"}, {"83": "E"}, {"83": "E"}, {"83": "E"}, {"83": "E"}, {"83": "E"}, {"83": "E"}, {"83": "N"}, {"83": "N"}, {"83": "N"}, {"83": "N"}, {"83": "N"}, {"83": "N"}, {"83": "N"}, {"83": "N"}, {"83": "N"}, {"83": "N"}, {"83": "N"}, {"83": "N"}, {"83": "N"}, {"83": "N"}, {"83": "N"}, {"71": "W"}, {"71": "W"}, {"71": "W"}, {"71": "W"}, {"71": "W"}, {"71": "W"}, {"71": "W"}, {"71": "W"}, {"71": "W"}, {"71": "W"}, {"71": "W"}, {"71": "S"}, {"71": "S"}, {"71": "S"}, {"71": "S"}, {"71": "S"}, {"71": "S"}, {"71": "E"}, {"71": "S"}, {"71": "S"}, {"71": "E"}, {"71": "S"}, {"71": "E"}, {"71": "E"}, {"71": "S"}, {"71": "S"}, {"71": "S"}, {"71": "E"}, {"71": "E"}, {"71": "E"}, {"71": "E"}, {"71": "S"}, {"71": "S"}, {"71": "E"}, {"71": "S"}, {"71": "S"}, {"71": "S"}, {"71": "E"}, {"71": "E"}, {"71": "S"}, {"71": "E"}, {"71": "S"}, {"71": "E"}, {"71": "E"}, {"71": "E"}, {"71": "S"}, {"17": "E"}, {"17": "S"}, {"17": "S"}, {"17": "E"}, {"17": "E"}, {"17": "E"}, {"17": "E"}, {"17": "E"}, {"17": "E"}, {"17": "E"}, {"17": "E"}, {"17": "E"}, {"17": "E"}, {"17": "E"}, {"17": "S"}, {"17": "S"}, {"17": "S"}, {"17": "S"}, {"17": "S"}, {"17": "S"}, {"17": "S"}, {"17": "S"}, {"17": "S"}, {"17": "S"}, {"17": "S"}, {"17": "S"}, {"17": "S"}, {"17": "S"}, {"17": "S"}, {"17": "S"}, {"17": "S"}, {"17": "W"}, {"17": "W"}, {"17": "W"}, {"17": "W"}, {"17": "S"}, {"17": "W"}, {"17": "W"}, {"17": "S"}, {"17": "S"}, {"17": "S"}, {"17": "S"}, {"17": "S"}, {"17": "S"}, {"17": "E"}, {"12": "E"}, {"12": "E"}, {"12": "E"}, {"12": "E"}, {"12": "E"}, {"12": "E"}, {"12": "E"}, {"12": "E"}, {"12": "E"}, {"12": "E"}, {"12": "N"}, {"12": "N"}, {"12": "N"}, {"12": "N"}, {"12": "N"}, {"133": "S"}, {"133": "E"}, {"133": "E"}, {"133": "E"}, {"133": "E"}, {"133": "E"}, {"133": "E"}, {"133": "E"}, {"133": "E"}, {"133": "E"}, {"133": "E"}, {"133": "E"}, {"133": "E"}, {"133": "E"}, {"133": "E"}, {"133": "E"}, {"133": "E"}, {"133": "E"}, {"133": "E"}, {"133": "E"}, {"133": "E"}, {"133": "E"}, {"133": "N"}, {"133": "N"}, {"133": "N"}, {"133": "N"}, {"119": "W"}, {"119": "S"}, {"119": "S"}, {"119": "S"}, {"119": "S"}, {"119": "S"}, {"119": "S"}, {"119": "S"}, {"119": "S"}, {"119": "S"}, {"119": "S"}, {"119": "S"}, {"119": "S"}, {"119": "S"}, {"119": "S"}, {"119": "S"}, {"119": "S"}, {"119": "W"}, {"119": "W"}, {"119": "W"}, {"119": "W"}, {"119": "S"}, {"119": "W"}, {"119": "W"}, {"119": "S"}, {"119": "W"}, {"119": "W"}, {"119": "W"}, {"119": "W"}, {"119": "S"}, {"115": "N"}, {"115": "N"}, {"115": "E"}, {"115": "E"}, {"115": "E"}, {"115": "E"}, {"115": "E"}, {"115": "E"}, {"115": "E"}, {"115": "E"}, {"115": "E"}, {"115": "E"}, {"115": "E"}, {"115": "E"}, {"115": "E"}, {"115": "E"}, {"115": "N"}, {"115": "N"}, {"115": "N"}, {"115": "N"}, {"115": "N"}, {"115": "N"}, {"115": "N"}, {"115": "N"}, {"115": "N"}, {"115": "N"}, {"115": "N"}, {"115": "N"}, {"115": "N"}, {"115": "N"}, {"115": "N"}, {"98": "N"}, {"98": "E"}, {"98": "E"}, {"98": "E"}, {"98": "E"}, {"98": "E"}, {"98": "E"}, {"98": "E"}, {"98": "E"}, {"98": "E"}, {"98": "E"}, {"98": "E"}, {"98": "E"}, {"98": "E"}, {"98": "N"}, {"98": "N"}, {"82": "N"}, {"82": "E"}, {"82": "E"}, {"82": "E"}, {"82": "E"}, {"82": "E"}, {"82": "E"}, {"82": "E"}, {"82": "E"}, {"82": "E"}, {"82": "E"}, {"82": "E"}, {"82": "E"}, {"82": "E"}, {"82": "E"}, {"82": "E"}, {"82": "E"}, {"82": "E"}, {"82": "E"}, {"82": "E"}, {"82": "E"}, {"82": "E"}, {"82": "E"}, {"82": "S"}, {"82": "E"}, {"82": "E"}, {"80": "N"}, {"80": "E"}, {"80": "E"}, {"80": "E"}, {"80": "E"}, {"80": "E"}, {"80": "E"}, {"80": "E"}, {"80": "E"}, {"80": "E"}, {"80": "E"}, {"80": "N"}, {"80": "N"}, {"80": "N"}, {"80": "N"}, {"80": "N"}, {"80": "N"}, {"80": "N"}, {"80": "N"}, {"80": "N"}, {"80": "N"}, {"80": "N"}, {"80": "N"}, {"80": "N"}, {"80": "N"}, {"48": "S"}, {"48": "E"}, {"48": "E"}, {"48": "E"}, {"48": "E"}, {"48": "E"}, {"48": "E"}, {"48": "E"}, {"48": "E"}, {"48": "E"}, {"48": "N"}, {"48": "N"}, {"48": "N"}, {"48": "N"}, {"48": "N"}, {"48": "N"}, {"48": "N"}, {"48": "N"}, {"48": "N"}, {"48": "N"}, {"48": "N"}, {"48": "N"}, {"48": "N"}, {"36": "W"}, {"36": "S"}, {"36": "S"}, {"36": "S"}, {"36": "S"}, {"36": "S"}, {"36": "E"}, {"36": "E"}, {"36": "E"}, {"36": "E"}, {"36": "E"}, {"36": "E"}, {"36": "E"}, {"36": "E"}, {"36": "E"}, {"36": "E"}, {"36": "E"}, {"36": "S"}, {"36": "S"}, {"36": "S"}, {"36": "S"}, {"36": "S"}, {"36": "S"}, {"36": "S"}, {"36": "S"}, {"36": "S"}, {"36": "S"}, {"36": "S"}, {"36": "S"}, {"36": "S"}, {"36": "S"}, {"36": "S"}, {"36": "S"}, {"36": "S"}, {"36": "W"}, {"36": "W"}, {"36": "W"}, {"36": "W"}, {"36": "S"}, {"36": "W"}, {"36": "W"}, {"36": "S"}, {"36": "W"}, {"36": "W"}, {"36": "W"}, {"36": "W"}, {"36": "W"}, {"15": "S"}, {"15": "E"}, {"15": "E"}, {"15": "E"}, {"15": "E"}, {"15": "E"}, {"15": "E"}, {"15": "E"}, {"15": "E"}, {"15": "E"}, {"15": "E"}, {"15": "E"}, {"15": "E"}, {"15": "E"}, {"15": "N"}, {"15": "N"}, {"15": "N"}, {"15": "N"}, {"15": "N"}, {"15": "N"}, {"14": "W"}, {"14": "S"}, {"14": "S"}, {"14": "E"}, {"14": "E"}, {"14": "E"}, {"14": "E"}, {"14": "E"}, {"14": "E"}, {"14": "E"}, {"14": "E"}, {"14": "S"}, {"14": "S"}, {"14": "S"}, {"14": "S"}, {"14": "S"}, {"14": "S"}, {"14": "S"}, {"14": "S"}, {"14": "S"}, {"14": "S"}, {"14": "S"}, {"14": "S"}, {"14": "S"}, {"14": "S"}, {"14": "S"}, {"14": "S"}, {"14": "S"}, {"14": "W"}, {"14": "W"}, {"14": "W"}, {"14": "W"}, {"14": "S"}, {"14": "W"}, {"14": "W"}, {"14": "S"}, {"14": "W"}, {"14": "W"}, {"14": "S"}, {"14": "S"}, {"14": "S"}, {"3": "N"}, {"3": "E"}, {"3": "E"}, {"3": "E"}, {"3": "E"}, {"3": "E"}, {"3": "E"}, {"3": "E"}, {"3": "E"}, {"3": "E"}, {"3": "E"}, {"3": "E"}, {"3": "E"}, {"3": "E"}, {"3": "E"}, {"3": "E"}, {"3": "E"}, {"3": "E"}, {"3": "E"}, {"3": "E"}, {"3": "E"}, {"3": "E"}, {"3": "E"}, {"3": "E"}, {"3": "E"}, {"3": "N"}, {"134": "N"}, {"134": "E"}, {"134": "E"}, {"134": "E"}, {"134": "N"}, {"134": "N"}, {"134": "N"}, {"134": "N"}, {"134": "N"}, {"134": "N"}, {"134": "N"}, {"134": "N"}, {"134": "N"}, {"134": "N"}, {"123": "N"}, {"123": "E"}, {"123": "E"}, {"123": "E"}, {"123": "E"}, {"123": "E"}, {"123": "E"}, {"123": "E"}, {"123": "E"}, {"123": "E"}, {"123": "E"}, {"123": "E"}, {"123": "E"}, {"123": "N"}, {"123": "N"}, {"123": "N"}, {"68": "S"}, {"68": "W"}, {"68": "W"}, {"68": "S"}, {"68": "S"}, {"68": "S"}, {"68": "S"}, {"68": "S"}, {"68": "S"}, {"68": "S"}, {"68": "S"}, {"68": "S"}, {"68": "S"}, {"68": "S"}, {"68": "S"}, {"68": "S"}, {"68": "S"}, {"68": "S"}, {"68": "W"}, {"68": "W"}, {"68": "W"}, {"68": "W"}, {"68": "S"}, {"68": "W"}, {"68": "W"}, {"68": "S"}, {"68": "W"}, {"68": "S"}, {"68": "S"}, {"68": "S"}, {"68": "S"}, {"68": "S"}, {"61": "W"}, {"61": "S"}, {"61": "S"}, {"61": "S"}, {"61": "S"}, {"61": "W"}, {"61": "W"}, {"61": "W"}, {"61": "W"}, {"61": "W"}, {"61": "W"}, {"61": "W"}, {"61": "W"}, {"61": "W"}, {"61": "W"}, {"61": "W"}, {"61": "W"}, {"61": "W"}, {"61": "W"}, {"61": "W"}, {"61": "S"}, {"61": "S"}, {"61": "S"}, {"61": "W"}, {"61": "S"}, {"61": "S"}, {"61": "E"}, {"61": "S"}, {"61": "S"}, {"61": "E"}, {"61": "E"}, {"61": "S"}, {"61": "E"}, {"61": "S"}, {"61": "E"}, {"61": "S"}, {"61": "E"}, {"61": "E"}, {"61": "E"}, {"61": "E"}, {"61": "S"}, {"61": "S"}, {"61": "S"}, {"61": "S"}, {"61": "E"}, {"61": "S"}, {"61": "E"}, {"61": "S"}, {"61": "E"}, {"51": "N"}, {"51": "E"}, {"51": "E"}, {"51": "E"}, {"51": "E"}, {"51": "E"}, {"51": "E"}, {"51": "E"}, {"51": "E"}, {"51": "E"}, {"51": "E"}, {"51": "E"}, {"51": "N"}, {"51": "N"}, {"51": "N"}, {"51": "N"}, {"44": "S"}, {"44": "E"}, {"44": "E"}, {"44": "E"}, {"44": "E"}, {"44": "E"}, {"44": "E"}, {"44": "N"}, {"44": "N"}, {"44": "N"}, {"44": "N"}, {"44": "N"}, {"44": "N"}, {"44": "N"}, {"44": "N"}, {"44": "N"}, {"44": "N"}, {"44": "N"}, {"44": "N"}, {"44": "N"}, {"44": "N"}, {"44": "N"}, {"44": "N"}, {"44": "N"}, {"44": "N"}, {"44": "N"}, {"42": "S"}, {"42": "W"}, {"42": "W"}, {"42": "W"}, {"42": "S"}, {"42": "S"}, {"42": "S"}, {"42": "S"}, {"42": "S"}, {"42": "S"}, {"42": "S"}, {"42": "S"}, {"42": "S"}, {"42": "S"}, {"42": "S"}, {"42": "S"}, {"42": "W"}, {"42": "W"}, {"42": "W"}, {"42": "W"}, {"42": "S"}, {"42": "W"}, {"42": "W"}, {"42": "S"}, {"42": "W"}, {"42": "W"}, {"42": "W"}, {"42": "S"}, {"42": "S"}, {"42": "W"}, {"42": "W"}, {"42": "W"}, {"42": "W"}, {"42": "N"}, {"42": "N"}, {"42": "N"}, {"7": "N"}, {"7": "W"}, {"7": "W"}, {"7": "S"}, {"7": "S"}, {"7": "S"}, {"7": "S"}, {"7": "S"}, {"7": "S"}, {"7": "S"}, {"7": "S"}, {"7": "S"}, {"7": "S"}, {"7": "S"}, {"7": "S"}, {"7": "S"}, {"7": "S"}, {"7": "S"}, {"7": "W"}, {"7": "W"}, {"7": "W"}, {"7": "W"}, {"7": "S"}, {"7": "W"}, {"7": "W"}, {"7": "S"}, {"7": "W"}, {"7": "W"}, {"7": "W"}, {"7": "S"}, {"7": "S"}, {"7": "W"}, {"7": "W"}, {"7": "N"}, {"84": "E"}, {"84": "S"}, {"84": "S"}, {"84": "E"}, {"84": "E"}, {"84": "E"}, {"84": "E"}, {"84": "E"}, {"84": "E"}, {"84": "E"}, {"84": "E"}, {"84": "S"}, {"84": "S"}, {"84": "S"}, {"84": "S"}, {"84": "S"}, {"84": "S"}, {"84": "S"}, {"84": "S"}, {"84": "S"}, {"84": "S"}, {"84": "S"}, {"84": "S"}, {"84": "S"}, {"84": "S"}, {"84": "S"}, {"84": "S"}, {"84": "S"}, {"84": "W"}, {"84": "W"}, {"84": "W"}, {"84": "W"}, {"84": "S"}, {"84": "W"}, {"84": "W"}, {"84": "S"}, {"84": "W"}, {"84": "W"}, {"84": "W"}, {"84": "S"}, {"84": "S"}, {"84": "W"}, {"84": "W"}, {"69": "S"}, {"69": "E"}, {"69": "E"}, {"69": "E"}, {"69": "E"}, {"69": "E"}, {"69": "E"}, {"69": "E"}, {"69": "E"}, {"69": "E"}, {"69": "N"}, {"69": "N"}, {"69": "N"}, {"69": "N"}, {"69": "N"}, {"69": "N"}, {"69": "N"}, {"69": "N"}, {"69": "N"}, {"69": "N"}, {"58": "W"}, {"58": "N"}, {"58": "N"}, {"58": "E"}, {"58": "E"}, {"58": "E"}, {"58": "E"}, {"58": "E"}, {"58": "E"}, {"58": "E"}, {"58": "E"}, {"58": "E"}, {"58": "E"}, {"58": "E"}, {"58": "E"}, {"58": "E"}, {"58": "N"}, {"58": "N"}, {"58": "N"}, {"2": "E"}, {"2": "S"}, {"2": "S"}, {"2": "S"}, {"2": "E"}, {"2": "E"}, {"2": "E"}, {"2": "E"}, {"2": "E"}, {"2": "S"}, {"2": "S"}, {"2": "S"}, {"2": "S"}, {"2": "S"}, {"2": "S"}, {"2": "S"}, {"2": "S"}, {"2": "S"}, {"2": "S"}, {"2": "S"}, {"2": "S"}, {"2": "S"}, {"2": "S"}, {"2": "S"}, {"2": "S"}, {"2": "S"}, {"2": "W"}, {"2": "W"}, {"2": "W"}, {"2": "W"}, {"2": "S"}, {"2": "W"}, {"2": "W"}, {"2": "S"}, {"2": "W"}, {"2": "W"}, {"2": "W"}, {"2": "S"}, {"2": "S"}, {"2": "W"}, {"2": "S"}, {"132": "E"}, {"132": "S"}, {"132": "E"}, {"132": "E"}, {"132": "S"}, {"132": "S"}, {"132": "S"}, {"132": "S"}, {"132": "S"}, {"132": "S"}, {"132": "S"}, {"132": "S"}, {"132": "S"}, {"132": "S"}, {"132": "S"}, {"132": "S"}, {"132": "S"}, {"132": "S"}, {"132": "S"}, {"132": "S"}, {"132": "S"}, {"132": "W"}, {"132": "W"}, {"132": "W"}, {"132": "W"}, {"132": "S"}, {"132": "W"}, {"132": "W"}, {"132": "S"}, {"132": "W"}, {"132": "W"}, {"132": "W"}, {"132": "S"}, {"132": "S"}, {"132": "S"}, {"132": "S"}, {"132": "W"}, {"113": "W"}, {"113": "S"}, {"113": "S"}, {"113": "S"}, {"113": "E"}, {"113": "E"}, {"113": "E"}, {"113": "E"}, {"113": "E"}, {"113": "E"}, {"113": "E"}, {"113": "E"}, {"113": "S"}, {"113": "S"}, {"113": "S"}, {"113": "S"}, {"113": "S"}, {"113": "S"}, {"113": "S"}, {"113": "S"}, {"113": "S"}, {"113": "S"}, {"113": "S"}, {"113": "S"}, {"113": "S"}, {"113": "S"}, {"113": "S"}, {"113": "S"}, {"113": "S"}, {"113": "W"}, {"113": "W"}, {"113": "W"}, {"113": "W"}, {"113": "S"}, {"113": "W"}, {"113": "W"}, {"113": "S"}, {"113": "W"}, {"113": "W"}, {"113": "W"}, {"113": "S"}, {"113": "S"}, {"113": "S"}, {"113": "S"}, {"113": "S"}, {"113": "W"}, {"113": "W"}, {"113": "W"}, {"113": "N"}, {"113": "W"}, {"113": "N"}, {"49": "W"}, {"49": "S"}, {"49": "W"}, {"49": "W"}, {"49": "W"}, {"49": "W"}, {"49": "W"}, {"49": "W"}, {"49": "W"}, {"49": "W"}, {"49": "W"}, {"49": "W"}, {"49": "W"}, {"49": "W"}, {"49": "S"}, {"49": "S"}, {"49": "S"}, {"49": "W"}, {"49": "W"}, {"49": "S"}, {"49": "S"}, {"49": "E"}, {"49": "E"}, {"49": "S"}, {"49": "S"}, {"49": "S"}, {"49": "E"}, {"49": "S"}, {"49": "E"}, {"49": "E"}, {"49": "E"}, {"49": "S"}, {"49": "E"}, {"49": "E"}, {"49": "E"}, {"49": "E"}, {"49": "S"}, {"49": "S"}, {"49": "S"}, {"49": "S"}, {"49": "E"}, {"49": "S"}, {"49": "E"}, {"49": "S"}, {"49": "S"}, {"49": "E"}, {"49": "E"}, {"49": "E"}, {"49": "E"}, {"49": "S"}, {"49": "S"}, {"49": "S"}, {"49": "S"}, {"33": "W"}, {"33": "W"}, {"33": "W"}, {"33": "W"}, {"33": "W"}, {"33": "W"}, {"33": "W"}, {"33": "W"}, {"33": "W"}, {"33": "W"}, {"33": "W"}, {"33": "W"}, {"33": "W"}, {"33": "W"}, {"33": "W"}, {"33": "W"}, {"33": "S"}, {"33": "S"}, {"33": "S"}, {"33": "S"}, {"33": "S"}, {"33": "S"}, {"33": "S"}, {"33": "S"}, {"33": "S"}, {"33": "S"}, {"33": "W"}, {"33": "W"}, {"33": "S"}, {"33": "S"}, {"33": "E"}, {"33": "E"}, {"33": "S"}, {"33": "S"}, {"33": "S"}, {"33": "E"}, {"33": "S"}, {"33": "E"}, {"33": "E"}, {"33": "E"}, {"33": "S"}, {"33": "E"}, {"33": "E"}, {"33": "E"}, {"33": "E"}, {"33": "S"}, {"33": "S"}, {"33": "S"}, {"33": "S"}, {"33": "E"}, {"33": "S"}, {"33": "E"}, {"33": "S"}, {"33": "S"}, {"29": "S"}, {"29": "E"}, {"29": "E"}, {"29": "E"}, {"29": "E"}, {"29": "E"}, {"29": "E"}, {"29": "E"}, {"29": "N"}, {"29": "N"}, {"29": "N"}, {"29": "N"}, {"29": "N"}, {"29": "N"}, {"29": "N"}, {"29": "N"}, {"110": "S"}, {"110": "E"}, {"110": "E"}, {"110": "E"}, {"110": "E"}, {"110": "S"}, {"110": "S"}, {"110": "S"}, {"110": "S"}, {"110": "S"}, {"110": "S"}, {"110": "S"}, {"110": "S"}, {"110": "S"}, {"110": "S"}, {"110": "S"}, {"110": "S"}, {"110": "S"}, {"110": "S"}, {"110": "S"}, {"110": "S"}, {"110": "S"}, {"110": "W"}, {"110": "W"}, {"110": "W"}, {"110": "W"}, {"110": "S"}, {"110": "W"}, {"110": "W"}, {"110": "S"}, {"110": "W"}, {"110": "W"}, {"110": "W"}, {"110": "S"}, {"110": "S"}, {"110": "S"}, {"110": "S"}, {"110": "S"}, {"110": "W"}, {"110": "W"}, {"110": "N"}, {"66": "S"}, {"66": "E"}, {"66": "E"}, {"66": "E"}, {"66": "N"}, {"66": "N"}, {"66": "N"}, {"66": "N"}, {"66": "N"}, {"66": "N"}, {"66": "N"}, {"66": "N"}, {"66": "N"}, {"66": "N"}, {"97": "E"}, {"97": "E"}, {"97": "E"}, {"97": "E"}, {"97": "S"}, {"97": "S"}, {"97": "S"}, {"97": "S"}, {"97": "S"}, {"97": "S"}, {"97": "S"}, {"97": "S"}, {"97": "S"}, {"97": "S"}, {"97": "S"}, {"97": "S"}, {"97": "S"}, {"97": "S"}, {"97": "S"}, {"97": "S"}, {"97": "S"}, {"97": "S"}, {"97": "S"}, {"97": "S"}, {"97": "W"}, {"97": "W"}, {"97": "W"}, {"97": "W"}, {"97": "S"}, {"97": "W"}, {"97": "W"}, {"97": "S"}, {"97": "W"}, {"97": "W"}, {"97": "W"}, {"97": "S"}, {"97": "S"}, {"97": "S"}, {"97": "S"}, {"97": "S"}, {"97": "W"}, {"97": "W"}, {"97": "W"}, {"97": "N"}, {"90": "W"}, {"90": "S"}, {"90": "W"}, {"90": "W"}, {"90": "W"}, {"90": "W"}, {"90": "W"}, {"90": "W"}, {"90": "W"}, {"90": "W"}, {"90": "W"}, {"90": "W"}, {"90": "W"}, {"90": "W"}, {"90": "W"}, {"90": "W"}, {"90": "W"}, {"90": "W"}, {"90": "W"}, {"90": "W"}, {"90": "W"}, {"90": "W"}, {"90": "W"}, {"90": "W"}, {"90": "W"}, {"90": "W"}, {"90": "S"}, {"90": "S"}, {"90": "S"}, {"90": "W"}, {"90": "W"}, {"90": "S"}, {"90": "S"}, {"90": "E"}, {"90": "E"}, {"90": "S"}, {"90": "S"}, {"90": "S"}, {"90": "E"}, {"90": "S"}, {"90": "E"}, {"90": "E"}, {"90": "E"}, {"90": "S"}, {"90": "E"}, {"90": "E"}, {"90": "E"}, {"90": "E"}, {"90": "S"}, {"90": "S"}, {"90": "S"}, {"90": "S"}, {"90": "E"}, {"90": "S"}, {"90": "S"}, {"90": "S"}, {"90": "S"}, {"90": "E"}, {"90": "S"}, {"34": "S"}, {"34": "E"}, {"34": "E"}, {"34": "E"}, {"34": "E"}, {"34": "E"}, {"34": "E"}, {"34": "E"}, {"34": "E"}, {"34": "N"}, {"34": "N"}, {"34": "N"}, {"34": "N"}, {"34": "N"}, {"34": "N"}, {"34": "N"}, {"34": "N"}, {"34": "N"}, {"34": "N"}, {"34": "N"}, {"34": "N"}, {"34": "N"}, {"34": "N"}, {"34": "N"}, {"127": "N"}, {"127": "E"}, {"127": "E"}, {"127": "E"}, {"127": "E"}, {"127": "E"}, {"127": "E"}, {"127": "N"}, {"127": "N"}, {"127": "N"}, {"127": "N"}, {"127": "N"}, {"127": "N"}, {"127": "N"}, {"127": "N"}, {"127": "N"}, {"127": "N"}, {"127": "N"}, {"112": "N"}, {"112": "E"}, {"112": "E"}, {"112": "E"}, {"112": "E"}, {"112": "E"}, {"112": "E"}, {"112": "E"}, {"112": "E"}, {"112": "N"}, {"112": "N"}, {"112": "N"}, {"112": "N"}, {"112": "N"}, {"112": "N"}, {"112": "N"}, {"112": "N"}, {"112": "N"}, {"112": "N"}, {"56": "W"}, {"56": "S"}, {"56": "S"}, {"56": "S"}, {"56": "S"}, {"56": "S"}, {"56": "W"}, {"56": "W"}, {"56": "W"}, {"56": "W"}, {"56": "W"}, {"56": "W"}, {"56": "W"}, {"56": "W"}, {"56": "W"}, {"56": "W"}, {"56": "W"}, {"56": "W"}, {"56": "W"}, {"56": "W"}, {"56": "W"}, {"56": "W"}, {"56": "W"}, {"56": "W"}, {"56": "S"}, {"56": "S"}, {"56": "S"}, {"56": "W"}, {"56": "W"}, {"56": "S"}, {"56": "S"}, {"56": "E"}, {"56": "E"}, {"56": "S"}, {"56": "S"}, {"56": "S"}, {"56": "E"}, {"56": "S"}, {"56": "E"}, {"56": "E"}, {"56": "E"}, {"56": "S"}, {"56": "E"}, {"56": "E"}, {"56": "E"}, {"56": "E"}, {"56": "S"}, {"56": "S"}, {"56": "S"}, {"56": "S"}, {"56": "E"}, {"56": "S"}, {"56": "S"}, {"56": "S"}, {"56": "S"}, {"56": "S"}, {"56": "S"}, {"56": "E"}, {"0": "E"}, {"0": "E"}, {"0": "E"}, {"0": "E"}, {"0": "N"}, {"0": "N"}, {"0": "N"}, {"0": "N"}, {"0": "N"}, {"0": "N"}, {"0": "N"}, {"0": "N"}, {"108": "W"}, {"108": "N"}, {"108": "N"}, {"108": "E"}, {"108": "E"}, {"108": "E"}, {"108": "E"}, {"108": "E"}, {"108": "E"}, {"108": "E"}, {"108": "E"}, {"108": "E"}, {"108": "E"}, {"108": "E"}, {"108": "N"}, {"108": "N"}, {"108": "N"}, {"108": "N"}, {"108": "N"}, {"108": "N"}, {"108": "N"}, {"108": "N"}, {"108": "N"}, {"108": "N"}, {"108": "N"}, {"108": "N"}, {"87": "N"}, {"87": "E"}, {"87": "E"}, {"87": "E"}, {"87": "E"}, {"87": "N"}, {"87": "N"}, {"87": "N"}, {"87": "N"}, {"10": "N"}, {"10": "W"}, {"10": "W"}, {"10": "W"}, {"10": "S"}, {"10": "S"}, {"10": "S"}, {"10": "S"}, {"10": "S"}, {"10": "S"}, {"10": "S"}, {"10": "S"}, {"10": "S"}, {"10": "S"}, {"10": "S"}, {"10": "S"}, {"10": "S"}, {"10": "S"}, {"10": "S"}, {"10": "W"}, {"10": "W"}, {"10": "W"}, {"10": "W"}, {"10": "S"}, {"10": "W"}, {"10": "W"}, {"10": "S"}, {"10": "W"}, {"10": "W"}, {"10": "W"}, {"10": "S"}, {"10": "S"}, {"10": "S"}, {"10": "S"}, {"10": "S"}, {"10": "W"}, {"10": "W"}, {"10": "W"}, {"10": "S"}, {"10": "S"}, {"10": "S"}, {"10": "S"}, {"10": "S"}, {"10": "W"}, {"10": "W"}, {"10": "W"}, {"10": "W"}, {"10": "W"}, {"10": "W"}, {"10": "W"}, {"10": "W"}, {"10": "N"}, {"10": "N"}, {"10": "N"}, {"10": "N"}, {"10": "N"}, {"10": "N"}, {"10": "E"}, {"10": "E"}, {"10": "E"}, {"10": "E"}, {"10": "N"}], "result": "SUCCESS", "makespan": 5015, "sum": 6259, "algo_name": "OutAndInBFS_default"}