{"instance": "medium_001_30x30_20_145", "steps": [{"2": "N", "3": "W", "8": "W", "10": "E", "17": "N", "26": "W", "27": "N", "29": "W", "33": "N", "38": "S", "39": "N", "47": "S", "51": "W", "53": "W", "77": "S", "82": "W", "89": "W", "90": "N", "91": "W", "92": "S", "97": "N", "99": "S", "100": "N", "108": "W", "119": "N", "125": "E", "136": "S", "1": "W", "7": "E", "9": "S", "18": "W", "30": "N", "42": "E", "50": "S", "67": "S", "68": "E", "71": "N", "78": "N", "79": "W", "80": "W", "83": "W", "87": "W", "88": "N", "93": "N", "95": "W", "98": "W", "126": "S", "132": "N", "135": "N", "20": "N", "24": "E", "35": "W", "41": "W", "49": "N", "52": "N", "55": "W", "56": "N", "66": "W", "74": "S", "75": "N", "81": "N", "106": "S", "107": "N", "110": "N", "112": "W", "115": "W", "122": "N", "124": "W", "130": "W", "11": "W", "34": "W", "36": "N", "46": "E", "48": "W", "54": "W", "59": "N", "65": "N", "76": "W", "85": "W", "105": "W", "127": "W", "138": "S", "4": "N", "5": "W", "61": "N", "69": "W", "72": "W", "73": "W", "121": "W", "141": "W", "144": "W", "37": "W", "63": "W", "84": "N", "94": "S", "113": "N", "134": "W", "137": "W", "139": "N", "0": "W", "12": "W", "14": "N", "15": "W", "19": "W", "22": "W", "28": "S", "45": "W", "62": "W", "64": "S", "101": "W", "116": "N", "129": "N", "21": "W", "44": "W", "58": "W", "103": "N", "117": "W", "118": "W", "120": "W", "123": "W", "128": "S", "142": "N", "25": "S", "31": "W", "40": "W", "60": "W", "70": "S", "57": "W", "13": "W", "23": "W", "86": "W", "96": "S", "109": "W", "111": "W", "143": "W", "32": "W", "131": "S", "16": "E", "114": "W", "133": "W", "6": "W", "43": "W", "102": "E", "104": "E", "140": "W"}, {"2": "N", "3": "W", "8": "W", "10": "E", "17": "N", "26": "W", "27": "N", "29": "W", "33": "N", "38": "S", "39": "N", "47": "S", "51": "W", "53": "W", "77": "S", "82": "W", "89": "W", "90": "N", "91": "W", "92": "S", "97": "N", "99": "S", "100": "N", "108": "W", "119": "N", "125": "E", "136": "S", "1": "W", "7": "E", "9": "S", "18": "W", "30": "N", "42": "E", "50": "S", "67": "S", "68": "E", "71": "N", "78": "N", "79": "W", "80": "W", "83": "W", "87": "W", "88": "N", "93": "N", "95": "W", "98": "W", "126": "S", "132": "N", "135": "N", "20": "N", "24": "E", "35": "W", "41": "W", "49": "N", "52": "N", "55": "W", "56": "N", "66": "W", "74": "S", "75": "N", "81": "N", "106": "S", "107": "N", "110": "N", "112": "W", "115": "W", "122": "N", "124": "W", "130": "W", "11": "W", "34": "W", "36": "N", "46": "E", "48": "W", "54": "W", "59": "N", "65": "N", "76": "W", "85": "W", "105": "W", "127": "W", "138": "S", "4": "N", "5": "W", "61": "N", "69": "W", "72": "W", "73": "W", "121": "W", "141": "W", "144": "W", "37": "W", "63": "W", "84": "N", "94": "S", "113": "N", "134": "W", "137": "W", "139": "N", "0": "W", "12": "W", "14": "N", "15": "W", "19": "W", "22": "W", "28": "S", "45": "W", "62": "W", "64": "S", "101": "W", "116": "N", "129": "N", "21": "W", "44": "W", "58": "W", "103": "N", "117": "W", "118": "W", "120": "W", "123": "W", "128": "S", "142": "N", "25": "S", "31": "S", "40": "W", "60": "W", "70": "S", "57": "W", "13": "S", "23": "W", "86": "W", "96": "W", "109": "W", "111": "W", "143": "W", "32": "W", "131": "W", "16": "E", "114": "W", "133": "W", "6": "W", "43": "W", "102": "E", "104": "E", "140": "W"}, {"2": "N", "3": "N", "10": "N", "17": "W", "26": "W", "33": "N", "38": "S", "39": "W", "47": "W", "51": "N", "53": "W", "82": "N", "92": "S", "100": "N", "108": "W", "125": "E", "136": "S", "1": "W", "9": "S", "18": "W", "30": "N", "42": "E", "50": "S", "67": "S", "71": "N", "79": "W", "80": "W", "88": "N", "93": "N", "98": "W", "126": "S", "20": "N", "24": "E", "35": "W", "41": "W", "49": "N", "52": "N", "56": "N", "66": "W", "74": "S", "75": "N", "81": "N", "106": "S", "107": "N", "112": "W", "115": "W", "124": "W", "130": "W", "11": "W", "34": "W", "36": "N", "46": "E", "48": "W", "54": "W", "59": "N", "65": "N", "76": "W", "85": "W", "105": "W", "127": "W", "138": "S", "4": "N", "5": "W", "61": "N", "69": "W", "72": "W", "73": "W", "121": "W", "141": "W", "144": "W", "37": "W", "63": "W", "84": "N", "94": "S", "113": "N", "134": "W", "137": "W", "139": "N", "0": "W", "12": "W", "14": "N", "15": "W", "19": "W", "22": "W", "28": "S", "45": "W", "62": "W", "64": "S", "101": "W", "116": "N", "129": "N", "21": "W", "44": "W", "58": "W", "103": "N", "117": "W", "118": "W", "120": "W", "123": "W", "128": "S", "142": "N", "25": "S", "31": "S", "40": "W", "60": "W", "70": "S", "57": "W", "13": "S", "86": "W", "109": "W", "111": "W", "143": "W", "32": "W", "131": "W", "16": "E", "114": "W", "133": "W", "6": "W", "43": "W", "102": "E", "104": "E", "140": "W"}, {"2": "W", "3": "W", "10": "E", "17": "N", "29": "W", "39": "N", "53": "W", "91": "W", "97": "N", "100": "N", "108": "W", "125": "S", "1": "W", "7": "E", "18": "W", "30": "N", "50": "E", "68": "E", "71": "N", "78": "N", "80": "W", "83": "W", "87": "W", "93": "N", "95": "W", "132": "N", "135": "N", "20": "N", "35": "W", "41": "W", "49": "N", "52": "N", "56": "N", "66": "W", "75": "N", "81": "N", "107": "N", "112": "W", "115": "W", "124": "W", "130": "W", "55": "W", "110": "N", "122": "N", "11": "W", "34": "W", "36": "N", "48": "W", "54": "W", "59": "N", "65": "N", "76": "W", "85": "W", "105": "W", "127": "W", "138": "S", "4": "N", "5": "W", "61": "N", "69": "W", "72": "W", "73": "W", "121": "W", "141": "W", "144": "W", "37": "W", "63": "W", "84": "N", "94": "S", "113": "N", "134": "W", "137": "W", "139": "N", "0": "W", "12": "W", "14": "N", "15": "W", "19": "W", "22": "W", "28": "S", "45": "W", "62": "W", "64": "S", "101": "W", "116": "N", "129": "N", "21": "W", "44": "W", "58": "W", "103": "N", "117": "W", "118": "W", "120": "W", "123": "W", "128": "S", "142": "N", "25": "S", "31": "S", "40": "W", "60": "W", "70": "S", "57": "W", "13": "S", "86": "W", "96": "W", "109": "W", "111": "W", "143": "W", "32": "W", "16": "E", "114": "W", "133": "W", "6": "W", "43": "W", "102": "E", "104": "S", "140": "W"}, {"3": "W", "8": "W", "26": "W", "33": "N", "39": "N", "108": "W", "136": "S", "7": "E", "18": "W", "42": "E", "50": "S", "67": "S", "78": "N", "79": "W", "80": "W", "83": "W", "87": "W", "88": "N", "95": "W", "98": "W", "132": "N", "135": "N", "24": "E", "35": "W", "41": "W", "52": "N", "74": "S", "75": "N", "106": "S", "112": "W", "130": "W", "55": "W", "110": "N", "122": "N", "11": "W", "34": "W", "36": "N", "48": "W", "54": "W", "59": "N", "65": "N", "76": "W", "85": "W", "105": "W", "127": "W", "138": "S", "46": "E", "4": "N", "5": "W", "61": "N", "69": "W", "72": "W", "73": "W", "121": "W", "141": "W", "144": "W", "37": "W", "63": "W", "84": "N", "94": "S", "113": "N", "134": "W", "137": "W", "139": "N", "0": "W", "12": "W", "14": "N", "15": "W", "19": "W", "22": "W", "28": "S", "45": "W", "62": "W", "64": "S", "101": "W", "116": "N", "129": "N", "21": "W", "44": "W", "58": "W", "103": "N", "117": "W", "118": "W", "120": "W", "123": "W", "128": "S", "142": "N", "25": "S", "31": "S", "40": "W", "60": "W", "70": "S", "57": "W", "13": "S", "23": "W", "86": "W", "109": "W", "111": "W", "143": "W", "32": "W", "16": "E", "114": "W", "133": "W", "6": "W", "43": "W", "102": "E", "104": "S", "140": "W"}, {"3": "W", "8": "W", "26": "W", "29": "W", "33": "N", "51": "W", "108": "W", "7": "E", "18": "W", "42": "E", "79": "W", "80": "N", "83": "W", "87": "W", "88": "N", "95": "N", "132": "E", "135": "N", "24": "E", "35": "N", "52": "N", "66": "W", "75": "N", "106": "S", "112": "W", "130": "W", "11": "W", "34": "W", "36": "N", "48": "W", "59": "N", "65": "N", "105": "W", "127": "W", "46": "E", "4": "N", "5": "W", "61": "N", "69": "W", "72": "W", "73": "W", "121": "W", "141": "W", "144": "W", "37": "W", "63": "W", "84": "N", "94": "S", "113": "N", "134": "W", "137": "W", "139": "N", "0": "W", "12": "W", "14": "N", "15": "W", "19": "W", "22": "W", "28": "S", "45": "W", "62": "W", "64": "S", "101": "W", "116": "N", "129": "N", "21": "W", "44": "W", "58": "W", "103": "N", "117": "W", "118": "W", "120": "W", "123": "W", "128": "S", "142": "N", "25": "S", "31": "S", "40": "W", "60": "W", "70": "S", "57": "W", "13": "S", "23": "S", "86": "W", "96": "S", "109": "W", "111": "W", "143": "W", "32": "W", "131": "S", "16": "E", "114": "W", "133": "W", "6": "W", "43": "W", "102": "E", "104": "S", "140": "W"}, {"8": "W", "33": "N", "7": "N", "30": "N", "87": "N", "88": "N", "98": "W", "135": "W", "35": "W", "41": "W", "52": "N", "56": "N", "75": "W", "106": "S", "112": "W", "55": "W", "122": "N", "36": "N", "48": "W", "54": "W", "65": "N", "76": "W", "127": "W", "4": "N", "61": "N", "69": "W", "73": "W", "37": "W", "63": "W", "84": "N", "94": "S", "113": "N", "134": "W", "139": "N", "0": "W", "12": "W", "14": "N", "15": "W", "19": "W", "28": "S", "45": "W", "62": "W", "64": "S", "101": "W", "116": "N", "129": "N", "44": "W", "58": "W", "103": "N", "117": "W", "118": "W", "120": "W", "123": "W", "128": "S", "142": "N", "25": "S", "31": "S", "40": "W", "60": "W", "70": "S", "57": "W", "13": "S", "23": "S", "86": "W", "96": "S", "109": "W", "111": "W", "143": "W", "32": "W", "131": "S", "16": "E", "114": "W", "133": "W", "6": "W", "43": "W", "102": "E", "104": "E", "140": "W"}, {"8": "W", "26": "W", "33": "W", "89": "W", "108": "W", "18": "W", "30": "N", "79": "W", "95": "W", "98": "W", "35": "W", "41": "W", "52": "N", "56": "N", "106": "E", "112": "W", "130": "W", "55": "W", "122": "N", "34": "W", "48": "W", "54": "W", "59": "N", "65": "N", "76": "W", "105": "W", "127": "W", "4": "N", "5": "W", "69": "W", "73": "W", "121": "W", "37": "W", "63": "W", "84": "N", "94": "S", "113": "N", "134": "W", "137": "W", "0": "W", "12": "W", "14": "N", "19": "W", "28": "S", "45": "W", "62": "W", "64": "S", "101": "W", "116": "N", "22": "W", "21": "W", "44": "W", "117": "W", "118": "W", "120": "W", "123": "W", "128": "S", "142": "N", "25": "S", "31": "S", "40": "W", "60": "W", "70": "S", "57": "W", "13": "S", "23": "S", "86": "W", "96": "S", "109": "W", "111": "W", "143": "W", "32": "W", "131": "S", "16": "E", "114": "W", "133": "W", "6": "W", "43": "W", "102": "E", "104": "S", "140": "W"}, {"26": "W", "82": "W", "89": "W", "108": "W", "18": "W", "30": "N", "79": "W", "80": "W", "87": "W", "88": "N", "95": "W", "98": "W", "35": "W", "41": "W", "52": "N", "56": "N", "112": "N", "130": "W", "55": "W", "122": "E", "34": "W", "36": "N", "54": "W", "59": "E", "65": "N", "76": "W", "105": "W", "4": "N", "5": "W", "61": "N", "73": "W", "121": "W", "37": "W", "84": "N", "94": "S", "113": "N", "134": "W", "137": "W", "139": "N", "12": "W", "14": "N", "15": "W", "19": "W", "45": "W", "62": "W", "64": "W", "101": "W", "116": "N", "129": "N", "22": "W", "44": "W", "118": "W", "120": "W", "128": "S", "142": "N", "21": "W", "58": "W", "103": "N", "25": "S", "31": "S", "60": "W", "70": "S", "57": "W", "13": "S", "23": "S", "86": "W", "96": "S", "109": "W", "111": "W", "143": "W", "32": "W", "131": "S", "16": "E", "114": "W", "133": "W", "6": "W", "43": "W", "102": "E", "104": "S", "140": "W"}, {"8": "W", "38": "S", "51": "W", "82": "W", "89": "W", "91": "W", "80": "W", "87": "W", "88": "N", "95": "W", "126": "S", "35": "W", "41": "W", "52": "E", "106": "S", "115": "W", "55": "W", "36": "N", "48": "W", "54": "W", "127": "W", "61": "N", "69": "W", "73": "S", "144": "W", "63": "W", "94": "S", "134": "W", "137": "W", "139": "N", "0": "W", "12": "W", "15": "W", "101": "W", "129": "N", "22": "W", "117": "W", "123": "W", "128": "S", "21": "W", "58": "W", "103": "N", "25": "S", "60": "W", "70": "S", "40": "W", "57": "W", "13": "S", "23": "S", "86": "W", "96": "S", "109": "W", "111": "W", "143": "W", "32": "W", "131": "S", "16": "E", "114": "W", "133": "W", "6": "W", "43": "W", "102": "E", "104": "S", "140": "W"}, {"91": "W", "50": "S", "80": "W", "41": "W", "74": "S", "106": "S", "115": "W", "55": "W", "54": "W", "65": "N", "127": "W", "4": "N", "84": "N", "94": "W", "134": "S", "101": "W", "116": "N", "117": "W", "128": "S", "25": "S", "31": "S", "40": "W", "57": "W", "13": "S", "23": "S", "86": "W", "96": "S", "109": "W", "111": "W", "143": "W", "32": "W", "131": "S", "16": "E", "114": "W", "133": "W", "6": "W", "43": "W", "102": "E", "104": "S", "140": "W"}, {"50": "S", "41": "N", "74": "S", "106": "S", "55": "N", "65": "N", "127": "N", "4": "N", "84": "N", "12": "W", "101": "W", "116": "N", "128": "S", "25": "S", "31": "S", "57": "W", "13": "S", "86": "W", "23": "S", "96": "S", "109": "W", "111": "W", "143": "W", "32": "W", "131": "S", "16": "E", "114": "W", "133": "W", "6": "W", "43": "W", "102": "E", "104": "S", "140": "W"}, {"8": "W", "26": "W", "79": "W", "34": "W", "48": "W", "54": "W", "65": "W", "69": "W", "121": "W", "63": "W", "0": "W", "12": "N", "45": "W", "101": "W", "118": "W", "128": "S", "25": "S", "60": "W", "57": "W", "86": "W", "109": "W", "111": "W", "143": "W", "23": "S", "96": "S", "32": "W", "131": "S", "16": "E", "114": "W", "133": "W", "6": "W", "43": "W", "102": "E", "104": "S", "140": "W"}, {"26": "W", "50": "S", "79": "W", "74": "S", "106": "S", "34": "W", "54": "W", "4": "N", "121": "W", "84": "N", "45": "W", "101": "W", "116": "N", "118": "W", "128": "W", "31": "S", "57": "W", "13": "S", "86": "W", "109": "W", "143": "W", "23": "S", "32": "W", "96": "S", "131": "S", "16": "E", "114": "W", "133": "W", "6": "W", "43": "W", "102": "E", "104": "S", "140": "W"}, {"50": "S", "74": "S", "106": "S", "54": "S", "127": "W", "4": "E", "101": "W", "25": "S", "31": "S", "57": "W", "13": "S", "86": "W", "143": "W", "23": "S", "96": "S", "16": "E", "114": "W", "131": "S", "6": "W", "43": "W", "102": "E", "104": "S", "140": "W"}, {"8": "W", "26": "W", "50": "S", "79": "W", "74": "S", "106": "S", "112": "W", "34": "W", "48": "W", "127": "W", "69": "W", "121": "W", "63": "W", "84": "N", "0": "W", "45": "W", "101": "W", "116": "N", "118": "W", "25": "S", "31": "S", "60": "W", "57": "W", "13": "S", "86": "W", "109": "W", "111": "W", "143": "W", "23": "S", "32": "W", "96": "S", "16": "N", "114": "W", "131": "S", "6": "W", "43": "W", "104": "S", "140": "W"}, {"3": "W", "83": "W", "112": "W", "11": "W", "127": "W", "72": "W", "84": "N", "101": "W", "116": "N", "25": "W", "57": "W", "86": "W", "143": "N", "114": "W", "133": "W", "6": "W", "102": "E", "104": "E"}, {"84": "W", "101": "S", "57": "W", "86": "N", "114": "W", "6": "W", "102": "S"}, {"116": "N", "57": "N", "114": "W", "6": "W"}, {"116": "E", "114": "W", "6": "W"}, {"114": "W", "6": "W"}, {"114": "W", "6": "W"}, {"114": "W", "6": "N"}, {"114": "W"}, {"114": "N"}, {"8": "N", "50": "E", "31": "E", "23": "E"}, {"8": "N", "50": "N", "31": "N", "23": "N"}, {"8": "N", "50": "N", "31": "N", "23": "N"}, {"8": "N", "50": "N", "31": "N", "23": "N"}, {"8": "N", "50": "N", "31": "N", "23": "N"}, {"8": "N", "50": "N", "31": "N", "23": "N"}, {"8": "N", "50": "N", "31": "N", "23": "W"}, {"8": "N", "50": "N", "31": "N", "23": "N"}, {"8": "N", "50": "N", "31": "E", "23": "N"}, {"8": "N", "50": "N", "31": "E", "23": "N"}, {"8": "N", "50": "E", "31": "E", "23": "N"}, {"8": "E", "50": "E", "31": "E", "23": "N"}, {"8": "E", "50": "E", "31": "E", "23": "N"}, {"8": "E", "50": "E", "31": "E", "23": "N"}, {"8": "E", "50": "E", "31": "E", "23": "N"}, {"8": "E", "50": "E", "31": "N", "23": "N"}, {"8": "E", "50": "E", "31": "N", "23": "N"}, {"8": "E", "50": "N", "31": "N", "23": "N"}, {"8": "E", "50": "N", "31": "N", "23": "N"}, {"8": "E", "50": "N", "31": "N", "23": "N"}, {"8": "E", "50": "N", "31": "N", "23": "N"}, {"8": "E", "50": "N", "31": "N", "23": "N"}, {"8": "E", "50": "N", "31": "N", "23": "N"}, {"8": "E", "50": "N", "31": "N", "23": "N"}, {"8": "E", "50": "N", "31": "N", "23": "N", "139": "E"}, {"8": "E", "50": "N", "31": "N", "23": "E", "139": "S"}, {"8": "E", "50": "N", "31": "N", "23": "E", "139": "S"}, {"50": "N", "31": "N", "23": "E", "139": "S"}, {"50": "N", "31": "N", "23": "E", "139": "S"}, {"50": "E", "31": "E", "23": "E", "139": "S"}, {"50": "E", "31": "E", "23": "E", "139": "S"}, {"50": "E", "31": "E", "23": "E", "139": "S"}, {"50": "E", "31": "E", "23": "E", "139": "S"}, {"50": "N", "31": "E", "23": "E", "139": "S"}, {"50": "E", "31": "E", "23": "E", "139": "S"}, {"50": "N", "31": "E", "23": "E", "139": "S"}, {"31": "E", "23": "E", "139": "S", "25": "E", "86": "S", "109": "N"}, {"31": "N", "139": "S", "25": "N", "86": "E", "109": "E", "104": "N"}, {"31": "N", "139": "S", "25": "N", "86": "E", "109": "E", "104": "N"}, {"31": "N", "139": "W", "25": "N", "86": "E", "109": "E", "104": "N"}, {"139": "W", "25": "N", "86": "E", "109": "E", "104": "W", "40": "E"}, {"139": "W", "25": "N", "86": "E", "109": "E", "104": "N", "40": "N", "101": "N", "70": "N"}, {"139": "W", "25": "N", "86": "E", "109": "E", "104": "N", "40": "E", "101": "E", "70": "N"}, {"139": "W", "25": "N", "86": "N", "109": "E", "104": "N", "40": "E", "101": "E", "70": "N"}, {"139": "W", "25": "N", "86": "N", "109": "E", "104": "N", "40": "E", "101": "E", "70": "N", "118": "N"}, {"139": "W", "25": "N", "86": "N", "109": "E", "104": "N", "40": "E", "101": "E", "70": "N", "118": "E"}, {"139": "W", "25": "N", "86": "N", "109": "E", "104": "N", "40": "E", "101": "E", "70": "N", "118": "E"}, {"139": "S", "25": "N", "86": "N", "109": "E", "104": "W", "40": "E", "101": "E", "70": "N", "118": "E"}, {"139": "S", "25": "N", "86": "N", "109": "E", "104": "N", "40": "E", "101": "E", "70": "N", "118": "E"}, {"139": "S", "25": "N", "86": "N", "109": "E", "104": "N", "40": "E", "101": "E", "70": "N", "118": "E", "45": "N"}, {"139": "S", "25": "N", "86": "N", "109": "E", "104": "N", "40": "E", "101": "E", "70": "N", "118": "E", "45": "E", "94": "E"}, {"139": "E", "25": "N", "86": "E", "109": "E", "104": "W", "40": "E", "101": "E", "70": "N", "118": "E", "45": "E", "94": "N"}, {"139": "E", "25": "N", "86": "E", "109": "E", "104": "N", "40": "E", "101": "N", "70": "N", "118": "E", "45": "E", "94": "N"}, {"139": "E", "25": "N", "86": "E", "109": "E", "104": "N", "40": "E", "101": "N", "70": "N", "118": "E", "45": "E", "94": "N"}, {"139": "E", "25": "N", "86": "E", "109": "E", "104": "N", "40": "E", "101": "N", "70": "N", "118": "E", "45": "E", "94": "N", "121": "N"}, {"139": "E", "25": "N", "86": "E", "109": "E", "104": "N", "40": "E", "101": "N", "70": "N", "118": "E", "45": "E", "94": "N", "121": "E"}, {"139": "E", "25": "N", "86": "E", "109": "E", "104": "N", "40": "E", "101": "N", "70": "N", "118": "E", "45": "E", "94": "N", "121": "E", "12": "S"}, {"139": "E", "25": "E", "86": "E", "109": "E", "40": "E", "101": "N", "70": "N", "118": "E", "45": "E", "94": "N", "121": "E", "12": "E"}, {"139": "E", "25": "E", "86": "E", "109": "E", "40": "E", "101": "N", "70": "N", "118": "E", "45": "E", "94": "N", "121": "E", "12": "E"}, {"139": "E", "25": "E", "86": "E", "109": "E", "40": "E", "101": "N", "70": "N", "118": "E", "45": "E", "94": "N", "121": "E", "12": "E"}, {"25": "E", "86": "E", "109": "N", "40": "E", "101": "N", "70": "N", "118": "E", "45": "E", "94": "N", "121": "E", "12": "E", "80": "E", "11": "S"}, {"25": "E", "86": "E", "109": "E", "40": "N", "101": "N", "70": "N", "118": "E", "45": "E", "94": "N", "121": "E", "12": "N", "80": "S", "11": "E"}, {"25": "E", "86": "E", "109": "E", "40": "E", "101": "N", "70": "N", "118": "E", "45": "E", "94": "N", "121": "E", "12": "N", "80": "E", "11": "E"}, {"25": "E", "86": "E", "109": "E", "40": "N", "101": "N", "70": "E", "118": "E", "45": "E", "94": "N", "121": "E", "12": "N", "80": "E", "11": "E"}, {"25": "N", "86": "E", "109": "N", "40": "E", "101": "E", "70": "E", "118": "E", "45": "E", "94": "N", "121": "E", "12": "N", "80": "E", "11": "N"}, {"25": "E", "86": "E", "109": "E", "40": "E", "101": "E", "70": "E", "118": "E", "45": "E", "94": "N", "121": "E", "12": "N", "80": "E", "11": "N", "55": "N"}, {"25": "N", "86": "E", "109": "E", "40": "E", "101": "E", "70": "N", "118": "E", "45": "E", "94": "N", "121": "E", "12": "E", "80": "E", "11": "N", "55": "N", "65": "E"}, {"25": "E", "86": "E", "109": "N", "40": "N", "101": "E", "70": "E", "118": "E", "45": "E", "94": "N", "121": "E", "12": "E", "80": "N", "11": "N", "55": "E", "65": "S", "102": "W"}, {"25": "E", "86": "E", "109": "E", "40": "E", "101": "E", "70": "E", "118": "E", "45": "E", "94": "N", "121": "E", "12": "E", "80": "N", "11": "N", "55": "E", "65": "S", "102": "W"}, {"25": "E", "86": "E", "109": "E", "40": "E", "101": "E", "70": "E", "118": "N", "45": "E", "94": "N", "121": "E", "12": "E", "80": "N", "11": "N", "55": "E", "65": "S", "102": "W"}, {"86": "E", "109": "N", "40": "N", "101": "E", "70": "E", "118": "E", "45": "E", "94": "N", "121": "E", "12": "E", "80": "N", "11": "N", "55": "E", "65": "S", "102": "W"}, {"86": "E", "109": "E", "101": "E", "70": "E", "118": "N", "45": "E", "94": "N", "121": "E", "12": "E", "80": "N", "11": "E", "55": "E", "65": "S", "102": "W"}, {"86": "E", "109": "E", "70": "E", "118": "E", "45": "E", "94": "N", "121": "E", "12": "E", "80": "N", "11": "E", "55": "E", "65": "S", "102": "W"}, {"86": "E", "70": "E", "118": "E", "45": "E", "94": "N", "121": "E", "12": "E", "80": "N", "11": "E", "55": "N", "65": "S", "102": "W"}, {"118": "E", "45": "E", "94": "N", "121": "E", "12": "E", "80": "N", "11": "E", "55": "E", "65": "S", "102": "W"}, {"118": "E", "45": "N", "94": "N", "121": "E", "80": "N", "11": "E", "55": "E", "65": "S", "102": "W", "51": "S", "52": "E"}, {"118": "E", "45": "E", "94": "E", "121": "E", "80": "N", "11": "E", "55": "E", "65": "S", "102": "W", "51": "E", "52": "S", "38": "E", "75": "E"}, {"118": "N", "45": "N", "94": "E", "121": "E", "80": "N", "11": "E", "55": "E", "65": "S", "102": "W", "51": "E", "52": "S", "38": "N", "75": "S", "43": "N", "140": "N"}, {"118": "E", "45": "E", "94": "E", "121": "E", "80": "N", "11": "E", "55": "E", "65": "E", "102": "W", "51": "E", "52": "E", "38": "N", "75": "S", "43": "E", "140": "E"}, {"118": "N", "45": "E", "94": "E", "121": "E", "80": "N", "11": "E", "55": "E", "65": "E", "102": "W", "51": "N", "52": "S", "38": "N", "75": "S", "43": "N", "140": "N", "6": "N"}, {"45": "E", "94": "E", "121": "E", "80": "N", "11": "E", "55": "E", "65": "E", "102": "W", "51": "N", "52": "S", "38": "N", "75": "S", "43": "N", "140": "N", "6": "N"}, {"45": "E", "94": "E", "121": "N", "80": "N", "11": "N", "55": "E", "65": "E", "102": "N", "51": "N", "52": "S", "38": "N", "75": "S", "43": "N", "140": "N", "6": "N"}, {"45": "E", "94": "E", "121": "E", "80": "E", "11": "E", "55": "E", "65": "E", "102": "N", "51": "N", "52": "S", "38": "N", "75": "S", "43": "N", "140": "N", "6": "N"}, {"45": "N", "94": "E", "121": "N", "80": "E", "11": "E", "55": "E", "65": "E", "102": "N", "51": "N", "52": "W", "38": "N", "75": "S", "43": "N", "140": "N", "6": "N", "131": "N"}, {"45": "E", "94": "E", "121": "E", "80": "E", "11": "N", "55": "E", "65": "E", "51": "E", "52": "S", "38": "N", "75": "E", "43": "N", "140": "E", "6": "N", "131": "N"}, {"45": "E", "121": "E", "80": "E", "11": "E", "55": "E", "65": "E", "51": "E", "52": "S", "38": "N", "75": "E", "43": "N", "140": "E", "6": "N", "131": "N"}, {"45": "N", "121": "E", "80": "E", "11": "E", "55": "E", "65": "E", "51": "E", "52": "S", "38": "N", "75": "E", "43": "N", "140": "E", "6": "N", "131": "N"}, {"45": "N", "121": "E", "80": "E", "11": "E", "55": "E", "65": "S", "51": "E", "52": "S", "38": "N", "75": "E", "43": "N", "140": "E", "6": "N", "131": "N", "30": "E"}, {"45": "N", "121": "E", "80": "E", "11": "E", "55": "E", "65": "S", "51": "E", "52": "E", "38": "N", "75": "E", "43": "N", "140": "E", "6": "N", "131": "N", "30": "S", "20": "S"}, {"121": "N", "11": "E", "55": "E", "65": "S", "51": "E", "52": "E", "38": "N", "75": "E", "43": "N", "140": "E", "6": "N", "131": "N", "30": "E", "20": "S", "133": "E"}, {"121": "E", "55": "E", "65": "S", "51": "E", "52": "E", "38": "N", "75": "S", "43": "N", "140": "E", "6": "E", "131": "N", "30": "S", "20": "S", "133": "N", "39": "N", "114": "S"}, {"121": "E", "55": "E", "65": "S", "52": "E", "38": "N", "75": "S", "43": "N", "140": "E", "6": "E", "131": "N", "30": "S", "20": "S", "133": "N", "39": "W", "114": "E", "78": "E"}, {"121": "N", "55": "E", "65": "S", "52": "E", "38": "N", "75": "S", "43": "N", "140": "E", "6": "E", "131": "N", "30": "S", "20": "S", "133": "N", "39": "W", "114": "E", "78": "S", "120": "N"}, {"121": "N", "55": "E", "65": "S", "52": "E", "38": "N", "75": "S", "43": "N", "140": "E", "6": "E", "131": "N", "30": "S", "20": "E", "133": "N", "39": "S", "114": "E", "78": "S", "120": "N"}, {"121": "E", "55": "E", "65": "S", "52": "E", "38": "N", "75": "S", "43": "N", "140": "E", "6": "E", "131": "N", "30": "S", "20": "E", "133": "E", "39": "S", "114": "E", "78": "S", "120": "N"}, {"121": "N", "55": "E", "65": "W", "52": "S", "38": "N", "75": "S", "43": "E", "140": "E", "6": "E", "131": "N", "30": "S", "20": "E", "133": "E", "39": "S", "114": "E", "78": "S", "120": "N"}, {"65": "S", "52": "S", "38": "N", "75": "S", "43": "E", "140": "E", "6": "E", "131": "N", "30": "S", "20": "E", "133": "E", "39": "S", "114": "E", "78": "S", "120": "N"}, {"65": "W", "52": "S", "38": "N", "75": "S", "43": "E", "140": "E", "6": "E", "131": "N", "30": "S", "20": "E", "133": "E", "39": "W", "114": "E", "78": "S", "120": "N"}, {"52": "S", "38": "N", "75": "W", "43": "E", "6": "E", "131": "N", "30": "E", "20": "S", "133": "E", "39": "W", "114": "E", "78": "E", "120": "N", "96": "E"}, {"52": "S", "38": "E", "75": "S", "43": "E", "6": "E", "131": "N", "30": "E", "20": "S", "133": "E", "39": "W", "114": "E", "78": "E", "120": "N", "96": "N"}, {"52": "S", "38": "E", "75": "S", "43": "E", "6": "E", "131": "N", "30": "E", "20": "S", "133": "E", "39": "S", "114": "E", "78": "E", "120": "N", "96": "N"}, {"52": "S", "38": "E", "75": "S", "43": "E", "6": "E", "131": "N", "30": "E", "20": "S", "133": "E", "39": "S", "114": "E", "78": "S", "120": "E", "96": "N"}, {"52": "S", "38": "E", "75": "W", "43": "E", "6": "E", "131": "N", "30": "E", "20": "S", "133": "E", "39": "S", "114": "E", "78": "S", "120": "E", "96": "N"}, {"52": "W", "38": "N", "75": "W", "43": "E", "6": "E", "131": "E", "30": "E", "20": "S", "133": "E", "39": "S", "114": "E", "78": "S", "120": "E", "96": "W"}, {"52": "S", "38": "E", "75": "W", "43": "E", "6": "E", "131": "E", "30": "S", "20": "S", "133": "E", "39": "W", "114": "E", "78": "S", "120": "E", "96": "N", "32": "N"}, {"52": "S", "38": "E", "75": "W", "43": "E", "6": "E", "131": "E", "30": "S", "20": "S", "133": "E", "39": "S", "114": "E", "78": "S", "120": "E", "96": "N", "32": "E", "13": "E", "143": "S"}, {"52": "S", "38": "E", "75": "S", "43": "E", "6": "E", "131": "N", "30": "S", "20": "W", "133": "E", "39": "S", "114": "E", "78": "S", "96": "N", "32": "E", "13": "N", "143": "E"}, {"52": "W", "38": "E", "75": "W", "43": "E", "6": "E", "131": "E", "30": "S", "20": "S", "133": "E", "39": "S", "114": "E", "78": "S", "96": "N", "32": "E", "13": "N", "143": "E", "57": "S"}, {"52": "W", "38": "E", "75": "W", "43": "E", "6": "E", "131": "E", "30": "S", "20": "S", "39": "S", "114": "E", "78": "S", "96": "N", "32": "E", "13": "N", "143": "E", "57": "E"}, {"52": "W", "38": "E", "75": "W", "43": "E", "6": "E", "131": "E", "30": "S", "20": "S", "39": "S", "114": "E", "78": "W", "96": "N", "32": "E", "13": "N", "143": "E", "57": "E"}, {"52": "W", "38": "E", "43": "E", "6": "E", "131": "E", "30": "S", "20": "W", "39": "W", "114": "E", "78": "S", "96": "N", "32": "E", "13": "N", "143": "N", "57": "E", "111": "N"}, {"52": "S", "38": "N", "43": "E", "6": "E", "131": "E", "30": "S", "20": "W", "39": "S", "114": "E", "78": "S", "96": "N", "32": "E", "13": "N", "143": "N", "57": "E", "111": "E"}, {"52": "W", "38": "N", "43": "E", "6": "E", "131": "E", "30": "W", "20": "W", "114": "E", "78": "S", "96": "N", "32": "E", "13": "W", "143": "N", "57": "E", "111": "E"}, {"52": "W", "38": "E", "43": "E", "6": "E", "131": "E", "30": "S", "114": "E", "78": "W", "96": "N", "32": "E", "13": "N", "143": "E", "57": "E", "111": "N", "16": "W"}, {"43": "E", "131": "N", "30": "S", "114": "E", "78": "W", "96": "N", "32": "E", "13": "N", "143": "E", "57": "E", "111": "N", "16": "N"}, {"43": "E", "131": "N", "30": "S", "114": "E", "78": "S", "96": "N", "32": "E", "13": "N", "143": "E", "57": "E", "111": "N", "16": "N"}, {"131": "N", "30": "W", "114": "E", "78": "W", "96": "N", "32": "E", "13": "N", "143": "E", "57": "N", "111": "N", "16": "N"}, {"131": "N", "30": "W", "114": "E", "78": "W", "96": "N", "32": "E", "13": "N", "143": "E", "57": "N", "111": "N", "16": "W"}, {"131": "N", "30": "N", "114": "E", "78": "W", "96": "N", "32": "E", "13": "N", "143": "E", "57": "N", "111": "N", "16": "N", "60": "N"}, {"131": "N", "30": "N", "114": "N", "78": "S", "96": "N", "32": "E", "13": "N", "143": "E", "57": "N", "111": "N", "16": "N", "60": "E", "21": "E"}, {"131": "N", "30": "W", "114": "E", "78": "W", "96": "N", "32": "E", "13": "N", "143": "E", "57": "N", "111": "N", "16": "E", "60": "E", "21": "N"}, {"131": "E", "114": "N", "78": "W", "96": "E", "32": "E", "13": "N", "143": "E", "57": "N", "111": "N", "16": "N", "60": "E", "21": "N"}, {"131": "E", "114": "E", "78": "W", "96": "E", "32": "E", "13": "N", "143": "E", "57": "E", "111": "N", "16": "N", "60": "N", "21": "N", "117": "S"}, {"131": "E", "114": "E", "78": "N", "96": "E", "32": "E", "13": "N", "143": "E", "57": "E", "111": "N", "16": "N", "60": "N", "21": "N", "117": "E"}, {"131": "E", "114": "S", "96": "N", "32": "E", "13": "N", "143": "E", "57": "E", "111": "E", "16": "N", "60": "N", "21": "N", "117": "E"}, {"114": "E", "96": "E", "32": "N", "13": "N", "143": "E", "57": "E", "111": "E", "16": "N", "60": "N", "21": "N", "117": "N", "22": "S", "58": "E"}, {"114": "E", "96": "E", "32": "E", "13": "N", "143": "E", "57": "E", "111": "E", "16": "N", "60": "N", "21": "N", "117": "N", "22": "E", "58": "N", "44": "N"}, {"114": "E", "96": "E", "32": "N", "13": "N", "143": "N", "57": "E", "111": "E", "16": "N", "60": "N", "21": "N", "117": "N", "22": "E", "58": "N", "44": "E"}, {"114": "E", "96": "E", "32": "E", "13": "N", "143": "E", "57": "E", "111": "E", "16": "N", "60": "N", "21": "N", "117": "N", "22": "N", "58": "N", "44": "N"}, {"114": "N", "96": "E", "32": "E", "13": "N", "143": "E", "57": "E", "111": "E", "16": "W", "60": "N", "21": "N", "117": "N", "22": "N", "58": "N", "44": "N"}, {"114": "E", "96": "E", "32": "S", "13": "N", "143": "E", "57": "E", "111": "E", "16": "W", "60": "N", "21": "N", "117": "N", "22": "N", "58": "N", "44": "N"}, {"114": "E", "96": "E", "32": "E", "13": "N", "143": "E", "57": "E", "111": "E", "16": "W", "60": "N", "21": "N", "117": "N", "22": "N", "58": "N", "44": "N", "62": "N"}, {"114": "E", "96": "N", "32": "E", "13": "E", "143": "E", "57": "E", "111": "E", "60": "N", "21": "N", "117": "E", "22": "N", "58": "E", "44": "N", "62": "E"}, {"114": "N", "96": "N", "32": "E", "13": "N", "143": "E", "57": "E", "111": "E", "60": "N", "21": "N", "117": "E", "22": "N", "58": "E", "44": "N", "62": "E"}, {"96": "N", "32": "E", "13": "N", "143": "E", "57": "E", "111": "E", "60": "N", "21": "N", "117": "E", "22": "N", "58": "E", "44": "N", "62": "N", "123": "E"}, {"96": "N", "32": "N", "13": "N", "143": "N", "57": "E", "111": "E", "60": "E", "21": "N", "117": "E", "22": "N", "58": "E", "44": "N", "62": "N", "123": "N"}, {"96": "N", "32": "E", "13": "N", "143": "N", "57": "N", "111": "E", "60": "E", "21": "N", "117": "E", "22": "N", "58": "E", "44": "N", "62": "N", "123": "N", "137": "S"}, {"96": "N", "32": "E", "13": "N", "143": "N", "57": "E", "111": "E", "60": "E", "21": "N", "117": "E", "22": "N", "58": "E", "44": "N", "62": "N", "123": "N", "137": "E"}, {"96": "N", "32": "E", "13": "N", "143": "N", "57": "E", "60": "E", "21": "N", "117": "E", "22": "N", "58": "E", "44": "N", "62": "N", "123": "N", "137": "E"}, {"96": "N", "32": "E", "13": "N", "143": "N", "57": "E", "60": "E", "21": "N", "117": "E", "22": "N", "44": "N", "62": "N", "123": "N", "137": "E"}, {"96": "E", "32": "N", "13": "N", "143": "N", "57": "E", "60": "E", "21": "E", "117": "E", "22": "N", "44": "N", "62": "N", "123": "E", "137": "N", "15": "S"}, {"96": "E", "32": "E", "13": "N", "143": "N", "57": "E", "60": "E", "21": "E", "117": "E", "22": "N", "44": "N", "62": "N", "123": "E", "137": "N", "15": "E", "0": "N"}, {"96": "E", "32": "N", "13": "E", "143": "N", "57": "E", "60": "E", "21": "E", "117": "E", "22": "N", "44": "N", "62": "N", "123": "E", "137": "N", "15": "E", "0": "E"}, {"96": "E", "32": "N", "13": "E", "143": "E", "57": "E", "60": "E", "21": "E", "117": "N", "22": "N", "44": "N", "62": "N", "123": "E", "137": "N", "15": "N", "0": "E", "128": "E"}, {"96": "E", "32": "N", "13": "E", "143": "N", "57": "N", "60": "E", "21": "E", "117": "E", "22": "N", "44": "N", "62": "N", "123": "E", "137": "N", "15": "N", "0": "E", "128": "N", "103": "S"}, {"13": "E", "143": "E", "57": "N", "60": "E", "21": "E", "117": "N", "22": "N", "44": "E", "62": "N", "123": "E", "137": "N", "15": "N", "0": "E", "128": "N", "103": "E"}, {"13": "E", "143": "E", "57": "N", "60": "E", "21": "E", "117": "E", "22": "N", "44": "E", "62": "N", "137": "N", "15": "N", "0": "N", "128": "N", "103": "E", "19": "N"}, {"13": "E", "143": "E", "57": "E", "60": "E", "21": "E", "117": "E", "22": "N", "44": "E", "62": "N", "137": "N", "15": "N", "0": "N", "128": "N", "103": "S", "19": "N"}, {"13": "E", "143": "E", "57": "E", "60": "E", "21": "E", "117": "N", "22": "N", "44": "E", "62": "N", "137": "N", "15": "E", "0": "N", "128": "N", "103": "E", "19": "N"}, {"13": "E", "143": "E", "60": "E", "21": "E", "117": "E", "22": "E", "62": "N", "137": "N", "15": "E", "0": "N", "128": "N", "103": "E", "19": "N", "142": "S"}, {"13": "E", "143": "E", "60": "E", "21": "E", "117": "E", "22": "E", "62": "N", "137": "N", "15": "E", "0": "N", "128": "N", "103": "E", "19": "N", "142": "S", "134": "N"}, {"13": "E", "143": "E", "60": "E", "21": "E", "117": "E", "22": "E", "62": "N", "137": "N", "15": "E", "0": "N", "128": "N", "103": "S", "19": "N", "142": "E", "134": "E"}, {"60": "E", "21": "E", "117": "E", "22": "E", "62": "N", "137": "N", "15": "E", "0": "N", "128": "N", "103": "E", "19": "N", "142": "E", "134": "E"}, {"60": "E", "21": "E", "117": "E", "22": "N", "62": "E", "137": "N", "15": "E", "0": "E", "128": "N", "103": "S", "19": "E", "142": "E", "134": "E"}, {"21": "E", "117": "E", "22": "E", "62": "E", "137": "N", "15": "E", "0": "E", "128": "N", "103": "E", "19": "E", "142": "S", "134": "E"}, {"21": "E", "117": "E", "22": "N", "62": "E", "137": "N", "15": "N", "0": "E", "128": "N", "103": "E", "19": "E", "142": "E", "134": "N", "116": "W"}, {"117": "N", "22": "E", "62": "E", "137": "N", "15": "E", "128": "N", "103": "S", "19": "E", "142": "S", "134": "N", "116": "S"}, {"117": "N", "22": "E", "62": "E", "137": "N", "15": "N", "128": "N", "103": "E", "19": "E", "142": "E", "134": "N", "116": "S", "37": "N"}, {"117": "N", "22": "E", "62": "E", "137": "E", "15": "E", "128": "N", "103": "E", "19": "E", "142": "E", "134": "N", "116": "S", "37": "N", "129": "E"}, {"117": "N", "22": "E", "62": "E", "137": "E", "128": "N", "103": "S", "19": "N", "142": "S", "134": "N", "116": "S", "37": "N", "129": "S", "64": "N"}, {"117": "N", "22": "E", "137": "E", "128": "E", "103": "S", "19": "E", "142": "E", "134": "N", "116": "S", "37": "N", "129": "S", "64": "N"}, {"117": "N", "22": "E", "137": "E", "128": "E", "103": "S", "19": "N", "142": "E", "134": "N", "116": "S", "37": "E", "129": "W", "64": "N"}, {"117": "N", "22": "E", "137": "N", "128": "E", "103": "S", "19": "E", "142": "S", "134": "N", "116": "S", "37": "E", "129": "W", "64": "N"}, {"117": "N", "22": "E", "137": "E", "128": "E", "103": "S", "19": "E", "142": "S", "134": "N", "116": "S", "37": "E", "129": "S", "64": "N"}, {"117": "E", "137": "N", "128": "E", "103": "S", "19": "E", "142": "S", "134": "N", "116": "W", "37": "E", "129": "S", "64": "N", "28": "N"}, {"117": "N", "137": "E", "128": "E", "103": "S", "19": "E", "142": "S", "134": "N", "116": "S", "37": "E", "129": "S", "64": "N", "28": "N"}, {"117": "E", "137": "E", "128": "E", "103": "S", "19": "E", "142": "S", "134": "E", "116": "W", "37": "E", "129": "E", "64": "N", "28": "N"}, {"117": "E", "137": "E", "128": "E", "103": "S", "19": "E", "142": "S", "116": "S", "37": "E", "129": "S", "64": "N", "28": "N"}, {"128": "E", "103": "W", "19": "E", "142": "S", "116": "S", "37": "N", "129": "S", "64": "N", "28": "N"}, {"128": "E", "103": "S", "142": "S", "116": "E", "37": "E", "129": "S", "64": "E", "28": "N"}, {"128": "N", "103": "S", "142": "S", "116": "S", "37": "N", "129": "S", "64": "E", "28": "N"}, {"128": "E", "103": "W", "142": "W", "116": "S", "37": "E", "129": "S", "64": "N", "28": "N"}, {"128": "N", "103": "S", "142": "S", "116": "S", "37": "E", "129": "S", "64": "N", "28": "N"}, {"128": "E", "103": "W", "142": "S", "116": "S", "37": "N", "129": "S", "64": "N", "28": "N"}, {"128": "N", "103": "S", "142": "W", "116": "S", "37": "E", "129": "S", "64": "N", "28": "N"}, {"128": "E", "103": "S", "142": "S", "116": "S", "37": "E", "129": "W", "64": "N", "28": "N"}, {"128": "E", "103": "S", "142": "W", "116": "S", "37": "S", "129": "W", "64": "N", "28": "N"}, {"128": "E", "103": "S", "142": "W", "116": "S", "37": "E", "129": "W", "64": "N", "28": "N"}, {"128": "N", "103": "S", "142": "S", "116": "W", "37": "E", "129": "W", "64": "N", "28": "N"}, {"128": "E", "142": "S", "116": "W", "37": "E", "129": "N", "64": "N", "28": "N"}, {"128": "E", "142": "S", "116": "W", "37": "E", "64": "N", "28": "N"}, {"128": "E", "142": "S", "116": "W", "64": "N", "28": "N"}, {"128": "E", "142": "S", "116": "W", "64": "E", "28": "N"}, {"128": "E", "142": "S", "116": "W", "64": "E", "28": "N"}, {"142": "S", "116": "W", "64": "E", "28": "N"}, {"116": "S", "64": "E", "28": "N"}, {"116": "W", "64": "E", "28": "E"}, {"116": "S", "64": "E", "28": "E"}, {"116": "S", "28": "E"}, {"116": "S", "28": "E"}, {"116": "S", "28": "N"}, {"116": "S", "28": "N"}, {"116": "E", "28": "N"}, {"116": "E", "28": "N"}, {"116": "E", "28": "N"}, {"116": "E", "28": "E"}, {"116": "E", "28": "E"}, {"116": "E", "28": "E"}, {"116": "E", "28": "N"}, {"116": "E", "28": "N"}, {"28": "N"}, {"28": "E"}, {"28": "E"}, {"28": "E"}, {"28": "S"}, {"28": "E"}, {"28": "E"}, {"28": "E"}, {"28": "S", "14": "W"}, {"28": "E", "14": "S", "4": "W"}, {"28": "E", "14": "S", "4": "S", "84": "W", "113": "W"}, {"28": "E", "14": "E", "4": "S", "84": "S", "113": "S"}, {"28": "N", "14": "S", "4": "S", "84": "S", "113": "S"}, {"28": "E", "14": "S", "4": "S", "84": "W", "113": "S"}, {"28": "N", "14": "S", "4": "S", "84": "S", "113": "W"}, {"28": "E", "14": "E", "4": "S", "84": "S", "113": "W"}, {"28": "E", "14": "E", "4": "S", "84": "S", "113": "W", "73": "N"}, {"28": "S", "14": "N", "4": "E", "84": "S", "113": "W", "73": "E", "63": "N"}, {"28": "S", "14": "E", "4": "S", "84": "S", "113": "S", "73": "E", "63": "E"}, {"14": "E", "4": "E", "84": "S", "113": "S", "73": "E", "63": "E"}, {"14": "S", "4": "E", "84": "S", "113": "W", "73": "E", "63": "E"}, {"14": "E", "4": "S", "84": "W", "113": "W", "73": "N", "63": "E"}, {"14": "E", "4": "E", "84": "S", "113": "W", "73": "N", "63": "E"}, {"14": "S", "4": "E", "84": "W", "113": "S", "73": "N", "63": "N"}, {"14": "E", "4": "S", "84": "W", "113": "S", "73": "N", "63": "E", "144": "S"}, {"14": "E", "4": "E", "84": "W", "113": "S", "73": "N", "63": "E", "144": "E"}, {"14": "S", "4": "E", "84": "S", "113": "W", "73": "N", "63": "E", "144": "E"}, {"14": "S", "4": "S", "84": "S", "113": "W", "73": "N", "63": "E", "144": "E", "72": "S"}, {"14": "S", "4": "E", "84": "S", "113": "W", "73": "N", "63": "E", "144": "E", "72": "E", "141": "N"}, {"14": "S", "4": "E", "84": "W", "113": "S", "73": "N", "63": "E", "144": "E", "72": "E", "141": "E", "5": "N", "69": "N"}, {"14": "S", "4": "S", "84": "W", "113": "S", "73": "N", "63": "E", "144": "E", "72": "N", "141": "N", "5": "E", "69": "E"}, {"14": "S", "4": "S", "84": "W", "113": "S", "73": "N", "63": "N", "144": "E", "72": "N", "141": "N", "5": "E", "69": "E", "127": "N", "138": "N"}, {"14": "S", "4": "S", "84": "S", "113": "S", "73": "N", "63": "E", "144": "N", "72": "N", "141": "N", "5": "E", "69": "E", "127": "N", "138": "N", "46": "W"}, {"14": "S", "4": "S", "84": "S", "113": "S", "73": "N", "63": "N", "144": "E", "72": "N", "141": "N", "5": "N", "69": "E", "127": "N", "138": "N", "46": "S"}, {"14": "S", "4": "S", "84": "S", "113": "S", "73": "N", "63": "E", "144": "N", "72": "N", "141": "N", "5": "N", "69": "E", "127": "N", "138": "N", "46": "S", "105": "N"}, {"14": "W", "4": "S", "84": "S", "113": "S", "73": "N", "63": "N", "144": "E", "72": "N", "141": "N", "5": "N", "69": "E", "127": "N", "138": "N", "46": "S", "105": "E"}, {"14": "S", "4": "S", "84": "S", "113": "S", "73": "N", "63": "E", "144": "N", "72": "N", "141": "N", "5": "N", "69": "N", "127": "N", "138": "N", "46": "S", "105": "E"}, {"14": "S", "4": "S", "84": "S", "113": "S", "73": "N", "63": "N", "144": "E", "72": "N", "141": "N", "5": "N", "69": "N", "127": "N", "138": "N", "46": "S", "105": "E"}, {"14": "W", "4": "S", "84": "S", "113": "S", "73": "N", "63": "E", "144": "E", "72": "N", "141": "N", "5": "N", "69": "N", "127": "N", "138": "N", "46": "S", "105": "E"}, {"14": "S", "4": "W", "84": "S", "113": "S", "73": "E", "63": "E", "144": "S", "72": "N", "141": "E", "5": "N", "69": "N", "127": "N", "138": "N", "46": "S", "105": "N"}, {"14": "W", "4": "S", "84": "S", "113": "S", "73": "E", "63": "N", "144": "E", "72": "N", "141": "E", "5": "N", "69": "N", "127": "N", "138": "N", "46": "S", "105": "N"}, {"14": "W", "4": "S", "84": "S", "113": "S", "73": "E", "63": "N", "144": "E", "72": "N", "141": "E", "5": "N", "69": "N", "127": "N", "138": "E", "46": "S", "105": "N"}, {"14": "W", "4": "W", "84": "S", "113": "S", "73": "E", "63": "N", "144": "E", "72": "E", "141": "E", "5": "N", "69": "N", "127": "E", "138": "E", "46": "W", "105": "N"}, {"14": "W", "4": "S", "84": "S", "113": "S", "73": "N", "63": "N", "144": "N", "72": "E", "141": "E", "5": "N", "69": "N", "127": "E", "138": "E", "46": "S", "105": "N"}, {"14": "S", "4": "W", "84": "S", "113": "E", "73": "E", "63": "N", "144": "N", "72": "E", "141": "E", "5": "N", "69": "E", "127": "E", "138": "N", "46": "S", "105": "N"}, {"14": "W", "4": "W", "84": "S", "113": "E", "73": "N", "63": "E", "144": "N", "72": "E", "5": "N", "69": "E", "127": "E", "138": "N", "46": "W", "105": "N"}, {"14": "W", "4": "W", "84": "E", "113": "E", "73": "E", "63": "E", "144": "N", "72": "N", "5": "N", "69": "E", "127": "E", "138": "E", "46": "S", "105": "N"}, {"14": "S", "4": "W", "84": "E", "113": "E", "73": "E", "63": "E", "72": "E", "5": "N", "69": "E", "127": "E", "138": "E", "46": "W", "105": "N"}, {"14": "S", "4": "S", "84": "E", "113": "E", "73": "N", "63": "N", "72": "N", "5": "N", "69": "E", "127": "E", "138": "E", "46": "S", "105": "N", "36": "E"}, {"14": "S", "4": "W", "84": "E", "113": "E", "73": "E", "63": "N", "72": "E", "5": "E", "69": "E", "127": "E", "138": "E", "46": "S", "105": "N", "36": "S", "76": "N"}, {"14": "S", "4": "W", "84": "E", "113": "S", "73": "N", "63": "N", "72": "E", "5": "E", "127": "E", "138": "E", "46": "S", "105": "N", "36": "S", "76": "N", "59": "W"}, {"14": "S", "4": "W", "84": "S", "113": "S", "73": "E", "63": "E", "72": "N", "5": "E", "127": "E", "138": "E", "46": "S", "105": "N", "36": "S", "76": "N", "59": "S"}, {"4": "S", "84": "E", "63": "E", "72": "E", "5": "E", "138": "E", "46": "W", "105": "N", "36": "S", "76": "N", "59": "S"}, {"4": "W", "84": "S", "63": "E", "72": "E", "5": "E", "138": "E", "46": "S", "105": "N", "36": "S", "76": "N", "59": "S"}, {"4": "W", "84": "E", "63": "S", "72": "E", "5": "E", "138": "E", "46": "S", "105": "N", "36": "E", "76": "E", "59": "S"}, {"4": "N", "84": "E", "63": "E", "72": "N", "5": "N", "138": "E", "46": "E", "105": "N", "36": "S", "76": "E", "59": "S"}, {"4": "N", "63": "E", "72": "E", "5": "E", "138": "N", "46": "S", "105": "N", "36": "E", "76": "E", "59": "E"}, {"4": "E", "63": "E", "72": "E", "5": "N", "138": "E", "46": "S", "105": "N", "36": "E", "76": "E", "59": "E", "122": "W"}, {"63": "S", "72": "E", "5": "E", "138": "E", "105": "E", "36": "S", "76": "E", "59": "S", "122": "S", "61": "W"}, {"63": "E", "72": "E", "138": "E", "105": "E", "36": "E", "76": "E", "59": "E", "122": "S", "61": "W"}, {"63": "E", "72": "E", "138": "N", "105": "E", "36": "E", "76": "E", "59": "E", "122": "S", "61": "S"}, {"72": "E", "138": "E", "105": "E", "36": "S", "76": "E", "59": "S", "122": "W", "61": "S"}, {"72": "E", "138": "N", "105": "E", "36": "E", "76": "E", "59": "E", "122": "S", "61": "S"}, {"72": "E", "138": "E", "105": "N", "36": "E", "76": "N", "59": "E", "122": "S", "61": "S", "54": "N", "85": "E"}, {"72": "S", "138": "E", "105": "E", "36": "S", "76": "N", "59": "S", "122": "S", "61": "W", "54": "E", "85": "N", "110": "S"}, {"72": "E", "138": "E", "105": "E", "36": "E", "76": "N", "59": "S", "122": "E", "61": "S", "54": "E", "85": "N", "110": "S"}, {"72": "E", "138": "N", "36": "E", "76": "E", "59": "S", "122": "E", "61": "S", "54": "E", "85": "N", "110": "S", "107": "S"}, {"72": "E", "138": "E", "36": "S", "76": "N", "59": "S", "122": "S", "61": "S", "54": "E", "85": "N", "110": "S", "107": "S"}, {"72": "E", "138": "E", "36": "S", "76": "N", "59": "S", "122": "E", "61": "E", "54": "E", "85": "N", "110": "E", "107": "S"}, {"72": "N", "138": "E", "36": "S", "76": "E", "59": "S", "122": "E", "61": "E", "54": "E", "85": "N", "110": "E", "107": "E"}, {"72": "E", "138": "E", "36": "S", "76": "E", "59": "S", "122": "S", "61": "E", "54": "E", "85": "N", "110": "S", "107": "S"}, {"138": "N", "36": "S", "76": "S", "59": "S", "122": "S", "61": "S", "54": "E", "85": "N", "110": "E", "107": "E"}, {"138": "E", "36": "S", "76": "E", "59": "S", "122": "S", "61": "S", "54": "N", "85": "N", "110": "E", "107": "E"}, {"138": "N", "36": "S", "76": "E", "59": "S", "122": "S", "61": "S", "54": "N", "85": "N", "110": "S", "107": "E", "34": "N", "48": "N"}, {"36": "S", "76": "S", "59": "S", "122": "S", "61": "S", "54": "N", "85": "N", "110": "S", "107": "E", "34": "E", "48": "E", "81": "S"}, {"36": "S", "76": "S", "59": "W", "122": "S", "61": "S", "54": "N", "85": "N", "110": "S", "107": "E", "34": "E", "48": "E", "81": "E", "130": "N"}, {"36": "S", "76": "W", "59": "W", "122": "S", "61": "S", "54": "N", "85": "N", "110": "S", "107": "E", "34": "E", "48": "E", "81": "E", "130": "E"}, {"36": "S", "76": "S", "59": "S", "122": "S", "61": "S", "54": "N", "85": "N", "110": "S", "107": "E", "34": "E", "48": "E", "81": "E", "130": "E", "106": "N"}, {"36": "W", "76": "S", "59": "W", "122": "S", "61": "S", "54": "N", "85": "N", "110": "S", "107": "N", "34": "E", "48": "E", "81": "S", "130": "E", "106": "E"}, {"36": "W", "59": "W", "122": "S", "61": "W", "54": "E", "85": "N", "110": "S", "107": "E", "34": "E", "48": "E", "81": "E", "130": "E", "106": "N", "124": "N"}, {"36": "S", "59": "W", "122": "S", "61": "W", "54": "E", "85": "E", "110": "S", "107": "E", "34": "E", "48": "E", "81": "E", "130": "E", "106": "N", "124": "E"}, {"36": "W", "59": "S", "122": "W", "61": "W", "54": "E", "85": "E", "110": "S", "107": "S", "34": "N", "48": "N", "81": "S", "130": "N", "106": "N", "124": "N"}, {"36": "W", "122": "W", "61": "W", "54": "E", "85": "E", "110": "S", "107": "E", "34": "N", "48": "N", "81": "E", "130": "N", "106": "N", "124": "N"}, {"36": "W", "122": "S", "61": "W", "54": "E", "85": "E", "110": "S", "107": "E", "34": "N", "48": "N", "81": "E", "130": "N", "106": "N", "124": "N", "74": "E", "115": "S"}, {"36": "W", "122": "W", "61": "W", "54": "E", "85": "E", "110": "W", "107": "S", "34": "N", "48": "N", "81": "S", "130": "N", "106": "N", "124": "N", "74": "N", "115": "E"}, {"36": "S", "122": "W", "61": "N", "54": "E", "85": "E", "110": "W", "107": "E", "34": "N", "48": "N", "81": "E", "130": "N", "106": "N", "124": "N", "74": "N", "115": "E", "112": "S"}, {"36": "W", "61": "N", "54": "N", "85": "E", "110": "S", "107": "E", "34": "N", "48": "N", "81": "E", "130": "N", "106": "N", "124": "N", "74": "N", "115": "E", "112": "E"}, {"36": "W", "61": "W", "54": "E", "85": "E", "110": "W", "107": "S", "34": "N", "48": "N", "81": "S", "130": "N", "106": "N", "124": "N", "74": "N", "115": "N", "112": "E"}, {"36": "W", "61": "W", "54": "N", "85": "E", "110": "S", "107": "S", "34": "N", "48": "N", "81": "E", "130": "N", "106": "N", "124": "N", "74": "N", "115": "N", "112": "E", "41": "S"}, {"36": "S", "61": "S", "54": "E", "85": "E", "110": "W", "107": "S", "34": "N", "48": "E", "81": "E", "130": "N", "106": "W", "124": "N", "74": "N", "115": "N", "112": "E", "41": "E", "24": "N"}, {"36": "W", "61": "S", "54": "N", "85": "E", "110": "S", "107": "S", "34": "N", "48": "E", "81": "S", "130": "N", "106": "N", "124": "N", "74": "N", "115": "N", "112": "E", "41": "E", "24": "W"}, {"36": "W", "61": "S", "54": "E", "85": "E", "110": "W", "107": "S", "34": "N", "48": "N", "81": "S", "130": "N", "106": "N", "124": "N", "74": "N", "115": "N", "112": "E", "41": "E", "24": "W"}, {"36": "S", "61": "S", "54": "N", "85": "E", "110": "W", "107": "S", "34": "N", "48": "E", "81": "S", "130": "N", "106": "N", "124": "E", "74": "W", "115": "N", "112": "E", "41": "E", "24": "S"}, {"61": "S", "54": "E", "85": "N", "110": "W", "107": "S", "34": "N", "48": "E", "81": "S", "130": "N", "106": "N", "124": "E", "74": "N", "115": "N", "112": "N", "41": "E", "24": "S"}, {"61": "S", "54": "E", "85": "E", "110": "W", "107": "S", "34": "E", "48": "N", "81": "S", "130": "N", "106": "N", "124": "E", "74": "N", "115": "N", "112": "N", "41": "E", "24": "S"}, {"61": "S", "54": "N", "85": "E", "110": "W", "107": "S", "48": "E", "81": "S", "130": "N", "106": "N", "124": "E", "74": "N", "115": "N", "112": "N", "41": "E", "24": "S"}, {"61": "E", "54": "N", "85": "S", "110": "W", "107": "S", "48": "N", "81": "S", "130": "N", "106": "N", "124": "E", "74": "N", "115": "N", "112": "N", "41": "N", "24": "S"}, {"61": "E", "85": "E", "110": "S", "107": "S", "81": "S", "130": "N", "106": "N", "124": "E", "74": "N", "115": "N", "112": "N", "41": "N", "24": "S"}, {"61": "E", "110": "S", "107": "W", "81": "S", "130": "E", "106": "N", "124": "E", "74": "N", "115": "N", "112": "N", "41": "N", "24": "S"}, {"110": "S", "107": "W", "81": "S", "130": "E", "106": "N", "124": "E", "74": "N", "115": "N", "112": "N", "41": "N", "24": "S", "87": "W", "66": "N"}, {"110": "S", "107": "S", "81": "S", "130": "E", "106": "N", "124": "N", "74": "N", "115": "N", "112": "N", "41": "N", "24": "S", "87": "N", "66": "E"}, {"110": "W", "107": "W", "81": "W", "130": "N", "106": "N", "124": "E", "74": "N", "115": "N", "112": "N", "41": "N", "24": "S", "87": "N", "66": "E"}, {"110": "S", "107": "S", "81": "W", "130": "E", "106": "N", "124": "N", "74": "N", "115": "N", "112": "N", "41": "N", "24": "S", "87": "N", "66": "N"}, {"107": "W", "81": "S", "130": "E", "106": "N", "124": "E", "74": "N", "115": "N", "112": "N", "41": "N", "24": "S", "87": "N", "66": "N"}, {"107": "S", "81": "W", "130": "N", "106": "N", "124": "N", "74": "N", "115": "N", "112": "E", "41": "N", "24": "W", "87": "E", "66": "N"}, {"107": "W", "81": "S", "130": "E", "106": "N", "124": "E", "74": "N", "115": "N", "112": "E", "41": "N", "24": "W", "87": "E", "66": "N"}, {"107": "W", "81": "W", "130": "N", "106": "N", "124": "E", "74": "N", "115": "E", "41": "N", "24": "S", "87": "E", "66": "N"}, {"107": "W", "81": "S", "130": "N", "106": "N", "124": "N", "74": "N", "115": "E", "41": "E", "24": "W", "87": "E", "66": "N"}, {"81": "W", "130": "E", "106": "N", "124": "E", "74": "N", "115": "E", "41": "E", "24": "S", "87": "E", "66": "N"}, {"81": "S", "130": "E", "106": "E", "124": "E", "74": "N", "41": "E", "24": "S", "87": "E", "66": "N"}, {"81": "S", "130": "S", "106": "N", "124": "E", "74": "N", "41": "N", "24": "S", "87": "E", "66": "E"}, {"81": "S", "130": "E", "106": "E", "124": "S", "74": "N", "41": "E", "24": "S"}, {"81": "S", "130": "E", "106": "E", "124": "S", "74": "E", "41": "N"}, {"81": "S", "130": "S", "106": "E", "124": "E", "74": "N", "41": "N"}, {"130": "S", "106": "S", "124": "E", "74": "E", "41": "N"}, {"130": "S", "106": "S", "124": "E", "74": "E", "41": "N"}, {"130": "E", "106": "E", "124": "E", "74": "E", "41": "W"}, {"130": "E", "106": "E", "124": "E", "74": "S", "41": "N"}, {"106": "E", "124": "E", "74": "S", "41": "N"}, {"106": "E", "124": "N", "74": "E", "41": "E"}, {"106": "E", "124": "N", "74": "E", "41": "E"}, {"106": "E", "124": "N", "74": "E", "41": "N"}, {"106": "N", "124": "N", "74": "E", "41": "E", "35": "E", "56": "W"}, {"106": "N", "124": "N", "74": "E", "41": "N", "35": "S", "56": "S"}, {"106": "N", "124": "E", "74": "E", "41": "N", "35": "E", "56": "S"}, {"106": "N", "74": "N", "41": "E", "35": "E", "56": "S"}, {"106": "N", "74": "N", "41": "E", "35": "E", "56": "S"}, {"106": "N", "74": "N", "41": "S", "35": "E", "56": "W", "135": "E"}, {"106": "N", "74": "N", "41": "E", "35": "E", "56": "W", "135": "S"}, {"106": "N", "74": "E", "41": "E", "35": "N", "56": "S", "135": "S", "49": "S"}, {"106": "E", "74": "E", "41": "S", "35": "N", "56": "S", "135": "S", "49": "S"}, {"74": "N", "41": "S", "35": "N", "56": "S", "135": "S", "49": "S"}, {"41": "S", "35": "N", "56": "E", "135": "E", "49": "S", "126": "E"}, {"35": "N", "56": "S", "135": "E", "49": "E", "126": "N"}, {"35": "N", "56": "S", "135": "N", "49": "E", "126": "N", "93": "W"}, {"35": "N", "56": "S", "135": "E", "49": "E", "126": "N", "93": "S"}, {"35": "N", "56": "S", "135": "E", "49": "S", "126": "N", "93": "S"}, {"35": "N", "56": "S", "135": "S", "49": "S", "126": "N", "93": "S"}, {"35": "N", "56": "S", "135": "E", "49": "S", "126": "N", "93": "E", "88": "E"}, {"35": "E", "56": "S", "135": "E", "49": "S", "126": "N", "93": "E", "88": "S"}, {"35": "E", "56": "S", "135": "S", "49": "S", "126": "N", "93": "N", "88": "S", "132": "W"}, {"35": "E", "56": "W", "135": "E", "49": "S", "126": "N", "93": "E", "88": "S", "132": "S"}, {"35": "E", "56": "W", "135": "E", "49": "S", "126": "N", "93": "E", "88": "S", "132": "S"}, {"35": "E", "56": "W", "135": "S", "49": "S", "126": "N", "93": "S", "88": "S", "132": "W"}, {"35": "E", "56": "W", "135": "E", "49": "W", "126": "N", "93": "E", "88": "S", "132": "S"}, {"35": "E", "56": "W", "135": "E", "49": "W", "126": "N", "93": "E", "88": "E", "132": "S"}, {"35": "N", "56": "W", "135": "S", "49": "W", "126": "N", "93": "S", "88": "S", "132": "S"}, {"35": "E", "56": "N", "135": "E", "49": "W", "126": "N", "93": "E", "88": "E", "132": "E"}, {"35": "N", "56": "N", "135": "E", "49": "W", "126": "N", "93": "E", "88": "E", "132": "E"}, {"35": "E", "56": "W", "135": "S", "49": "W", "126": "N", "93": "S", "88": "S", "132": "S"}, {"35": "N", "56": "W", "135": "S", "49": "N", "126": "N", "93": "E", "88": "E", "132": "E"}, {"35": "E", "56": "S", "135": "S", "49": "N", "126": "N", "93": "E", "88": "E", "132": "E", "79": "N"}, {"35": "N", "56": "S", "135": "S", "49": "W", "126": "N", "93": "S", "88": "S", "132": "S", "79": "E", "83": "S"}, {"35": "E", "56": "S", "135": "S", "49": "W", "126": "N", "93": "E", "88": "E", "132": "S", "79": "E", "83": "E", "95": "N"}, {"35": "E", "56": "S", "135": "S", "49": "S", "126": "N", "93": "E", "88": "E", "132": "S", "79": "E", "83": "E", "95": "N", "98": "N"}, {"35": "N", "56": "S", "135": "S", "49": "S", "126": "N", "93": "S", "88": "S", "132": "S", "79": "E", "83": "E", "95": "E", "98": "E"}, {"35": "E", "56": "S", "135": "S", "49": "S", "126": "W", "93": "S", "88": "E", "132": "S", "79": "E", "83": "E", "95": "E", "98": "E", "18": "N", "68": "W"}, {"35": "E", "56": "S", "135": "S", "49": "S", "126": "N", "93": "S", "88": "E", "132": "S", "79": "E", "83": "N", "95": "E", "98": "E", "18": "E", "68": "W"}, {"35": "E", "56": "S", "135": "S", "49": "S", "126": "W", "93": "S", "88": "S", "132": "S", "79": "E", "83": "N", "95": "E", "98": "E", "18": "E", "68": "S"}, {"35": "S", "56": "S", "135": "S", "49": "S", "126": "W", "93": "S", "88": "S", "132": "S", "79": "E", "83": "N", "95": "E", "98": "E", "18": "E", "68": "S"}, {"35": "S", "56": "S", "135": "W", "49": "S", "126": "W", "93": "S", "88": "S", "132": "S", "79": "N", "83": "N", "95": "N", "98": "E", "18": "E", "68": "E", "1": "N"}, {"35": "E", "56": "S", "135": "W", "49": "S", "126": "N", "93": "S", "88": "S", "132": "S", "79": "N", "83": "N", "95": "N", "98": "E", "18": "E", "68": "S", "1": "E", "108": "N"}, {"35": "E", "56": "E", "49": "S", "126": "W", "93": "S", "88": "S", "132": "S", "79": "N", "83": "N", "95": "E", "98": "E", "18": "E", "68": "S", "1": "E", "108": "E"}, {"35": "E", "56": "E", "49": "S", "126": "N", "93": "S", "88": "S", "132": "S", "79": "N", "83": "N", "95": "E", "98": "E", "18": "N", "68": "S", "1": "N", "108": "E"}, {"35": "E", "49": "E", "126": "N", "93": "S", "88": "S", "132": "S", "79": "N", "83": "N", "95": "E", "98": "N", "18": "N", "68": "S", "1": "N", "108": "E"}, {"35": "E", "49": "E", "126": "N", "93": "S", "88": "S", "132": "W", "79": "N", "83": "N", "95": "N", "98": "E", "18": "N", "68": "S", "1": "N", "108": "E"}, {"35": "E", "49": "E", "126": "W", "93": "S", "88": "S", "132": "W", "79": "N", "83": "N", "95": "E", "98": "E", "18": "N", "68": "S", "1": "N", "108": "E"}, {"35": "N", "49": "E", "126": "W", "93": "S", "88": "S", "132": "W", "79": "N", "83": "N", "95": "N", "98": "S", "18": "N", "68": "S", "1": "N", "108": "E", "91": "S"}, {"35": "N", "49": "S", "126": "N", "93": "W", "88": "S", "132": "W", "79": "N", "83": "N", "95": "N", "98": "E", "18": "N", "68": "S", "1": "N", "108": "E", "91": "E"}, {"35": "N", "49": "E", "126": "N", "93": "W", "88": "S", "132": "S", "79": "N", "83": "N", "95": "N", "98": "E", "18": "N", "68": "S", "1": "N", "108": "N", "91": "E"}, {"35": "E", "49": "S", "126": "E", "93": "W", "88": "S", "132": "W", "79": "N", "83": "N", "95": "N", "98": "N", "18": "N", "68": "S", "1": "N", "108": "N", "91": "E"}, {"49": "E", "126": "N", "93": "W", "88": "W", "132": "W", "79": "N", "83": "N", "95": "E", "98": "N", "18": "N", "68": "S", "1": "N", "108": "N", "91": "E"}, {"126": "E", "93": "S", "88": "W", "132": "S", "79": "N", "83": "N", "95": "E", "18": "N", "68": "S", "1": "N", "108": "N", "91": "N"}, {"126": "E", "93": "W", "88": "W", "132": "W", "79": "N", "83": "E", "95": "E", "18": "N", "68": "S", "1": "N", "108": "N", "91": "N"}, {"126": "N", "93": "W", "88": "W", "132": "W", "79": "N", "83": "E", "18": "N", "68": "W", "1": "N", "108": "N", "91": "N"}, {"126": "N", "93": "N", "88": "S", "132": "W", "79": "N", "83": "S", "18": "N", "68": "W", "1": "N", "108": "N", "91": "N"}, {"126": "E", "93": "W", "88": "W", "132": "W", "79": "E", "83": "E", "18": "N", "68": "W", "1": "N", "108": "N", "91": "N"}, {"126": "E", "93": "W", "88": "W", "132": "S", "79": "E", "83": "E", "18": "N", "68": "W", "1": "N", "108": "N", "91": "N"}, {"126": "S", "88": "N", "132": "S", "79": "N", "83": "N", "18": "N", "68": "S", "1": "N", "108": "N", "91": "N"}, {"126": "E", "132": "S", "79": "E", "18": "N", "68": "W", "1": "N", "108": "N", "91": "N"}, {"126": "E", "132": "S", "79": "N", "18": "N", "68": "W", "1": "N", "108": "N", "91": "N"}, {"126": "S", "79": "E", "18": "N", "68": "S", "1": "N", "108": "N", "91": "N"}, {"126": "E", "79": "E", "18": "E", "68": "W", "1": "N", "108": "E", "91": "N"}, {"126": "E", "79": "E", "18": "E", "68": "S", "1": "N", "108": "E", "91": "N"}, {"126": "E", "79": "E", "18": "N", "68": "S", "1": "E", "91": "N"}, {"126": "E", "79": "E", "18": "E", "68": "S", "1": "E", "91": "N"}, {"79": "S", "18": "N", "68": "S", "1": "E", "91": "N"}, {"79": "E", "18": "E", "68": "S", "1": "E", "91": "N"}, {"79": "E", "18": "E", "1": "E", "91": "N"}, {"79": "E", "18": "E", "1": "N", "91": "N"}, {"79": "N", "18": "E", "1": "E", "91": "N"}, {"79": "E", "18": "E", "1": "N", "91": "E"}, {"79": "E", "18": "S", "1": "N", "91": "E"}, {"79": "E", "18": "E", "1": "E", "91": "N"}, {"79": "S", "18": "E", "1": "E", "91": "E"}, {"79": "E", "18": "E", "1": "S", "91": "N"}, {"79": "E", "18": "N", "1": "E", "91": "E", "71": "W"}, {"79": "E", "18": "E", "1": "E", "91": "E", "71": "S"}, {"79": "E", "18": "E", "1": "E", "91": "E", "71": "S"}, {"79": "E", "18": "E", "1": "N", "91": "E", "71": "S"}, {"79": "E", "18": "S", "1": "E", "91": "E", "71": "S", "67": "E"}, {"79": "E", "18": "E", "1": "E", "91": "S", "71": "E", "67": "E"}, {"79": "N", "18": "E", "1": "E", "91": "E", "71": "E", "67": "N"}, {"79": "E", "18": "E", "1": "E", "91": "E", "71": "S", "67": "N"}, {"79": "E", "18": "E", "1": "E", "71": "E", "67": "N"}, {"79": "S", "18": "E", "1": "E", "71": "E", "67": "N"}, {"79": "E", "1": "E", "71": "E", "67": "N", "9": "N"}, {"79": "E", "1": "E", "71": "S", "67": "N", "9": "N"}, {"1": "E", "71": "S", "67": "N", "9": "N", "42": "S"}, {"1": "E", "71": "S", "67": "N", "9": "W", "42": "S", "7": "S"}, {"1": "E", "71": "S", "67": "N", "9": "W", "42": "W", "7": "W"}, {"1": "E", "71": "S", "67": "N", "9": "W", "42": "W", "7": "W"}, {"1": "E", "71": "S", "67": "N", "9": "W", "42": "W", "7": "W"}, {"1": "E", "71": "S", "67": "E", "9": "N", "42": "S", "7": "S", "136": "E"}, {"1": "E", "71": "S", "67": "N", "9": "N", "42": "S", "7": "S", "136": "N"}, {"1": "S", "71": "W", "67": "N", "9": "N", "42": "S", "7": "S", "136": "E"}, {"1": "S", "71": "W", "67": "N", "9": "N", "42": "S", "7": "S", "136": "N"}, {"1": "W", "71": "W", "67": "N", "9": "N", "42": "S", "7": "S", "136": "N"}, {"1": "S", "71": "W", "67": "N", "9": "N", "42": "S", "7": "S", "136": "N"}, {"1": "W", "71": "W", "67": "N", "9": "N", "42": "S", "7": "S", "136": "E"}, {"1": "W", "71": "W", "67": "N", "9": "N", "42": "S", "7": "S", "136": "E"}, {"71": "N", "67": "N", "9": "N", "42": "S", "7": "S", "136": "E"}, {"71": "N", "67": "N", "9": "N", "42": "S", "7": "S", "136": "E"}, {"71": "W", "67": "N", "9": "N", "42": "S", "7": "S", "136": "E"}, {"71": "W", "67": "N", "9": "N", "42": "W", "7": "S", "136": "N"}, {"71": "S", "67": "E", "9": "N", "42": "W", "7": "S", "136": "E"}, {"71": "S", "67": "E", "9": "N", "42": "W", "7": "S", "136": "E"}, {"71": "S", "67": "E", "9": "N", "42": "W", "7": "W", "136": "E"}, {"71": "S", "67": "E", "9": "N", "42": "S", "7": "W", "136": "E"}, {"71": "S", "67": "E", "9": "N", "42": "W", "7": "W", "136": "E"}, {"71": "S", "67": "N", "9": "N", "42": "W", "7": "W", "136": "E"}, {"71": "S", "67": "N", "9": "N", "42": "S", "7": "S", "136": "E"}, {"71": "S", "67": "E", "9": "E", "42": "W", "7": "W", "136": "N"}, {"71": "S", "67": "E", "9": "N", "42": "W", "7": "W", "136": "N"}, {"71": "E", "67": "S", "9": "E", "42": "W", "7": "S", "136": "N"}, {"71": "E", "67": "S", "9": "E", "42": "W", "7": "W", "136": "N"}, {"71": "E", "67": "E", "9": "E", "42": "S", "7": "W", "136": "N"}, {"71": "E", "67": "E", "9": "E", "42": "W", "7": "W", "136": "N"}, {"71": "E", "67": "E", "42": "W", "7": "W", "136": "N"}, {"71": "E", "42": "W", "7": "S", "136": "E"}, {"71": "E", "42": "N", "7": "W", "136": "E"}, {"42": "N", "136": "N"}, {"136": "N"}, {"136": "E"}, {"136": "E"}, {"136": "E"}, {"136": "N"}, {"136": "E"}, {"136": "N"}, {"136": "E"}, {"136": "E"}, {"136": "N"}, {"136": "E"}, {"136": "E"}, {"136": "E"}, {"136": "E"}, {"136": "N"}, {"136": "N"}, {"136": "N"}, {"136": "N"}, {"136": "N"}, {"136": "N"}, {"136": "N"}, {"136": "N"}, {"136": "N", "100": "W"}, {"136": "N", "100": "S"}, {"136": "N", "100": "S"}, {"136": "N", "100": "S"}, {"136": "N", "100": "E", "119": "S"}, {"136": "W", "100": "E", "119": "S", "125": "W"}, {"136": "W", "100": "E", "119": "S", "125": "W"}, {"136": "N", "100": "E", "119": "S", "125": "S"}, {"136": "W", "100": "E", "119": "S", "125": "S"}, {"136": "W", "100": "E", "119": "E", "125": "S"}, {"136": "N", "100": "E", "119": "S", "125": "S"}, {"136": "N", "100": "S", "119": "S", "125": "S"}, {"100": "S", "119": "S", "125": "S"}, {"100": "E", "119": "S", "125": "S"}, {"100": "S", "119": "S", "125": "S"}, {"100": "E", "119": "S", "125": "S"}, {"100": "E", "119": "S", "125": "S"}, {"100": "S", "119": "S", "125": "S"}, {"100": "E", "119": "S", "125": "S"}, {"100": "E", "119": "S", "125": "W"}, {"100": "S", "119": "S", "125": "W"}, {"100": "S", "119": "S", "125": "W"}, {"100": "S", "119": "S", "125": "W"}, {"100": "S", "119": "W", "125": "S"}, {"100": "S", "119": "W", "125": "S"}, {"100": "S", "119": "W", "125": "S"}, {"100": "S", "119": "W", "125": "S"}, {"100": "S", "119": "S", "125": "S"}, {"100": "S", "119": "W"}, {"100": "S", "119": "W", "99": "N"}, {"100": "S", "119": "S", "99": "N"}, {"100": "S", "119": "W", "99": "N"}, {"100": "S", "119": "W", "99": "E"}, {"100": "W", "119": "W", "99": "E"}, {"100": "W", "119": "W", "99": "N"}, {"100": "W", "119": "S", "99": "N"}, {"100": "W", "99": "N"}, {"100": "S", "99": "N"}, {"100": "W", "99": "N"}, {"100": "W", "99": "N"}, {"100": "S", "99": "N"}, {"100": "W", "99": "E"}, {"100": "W", "99": "E"}, {"100": "W", "99": "N"}, {"100": "N", "99": "E"}, {"99": "N"}, {"99": "N"}, {"99": "E"}, {"99": "E"}, {"99": "E"}, {"99": "N"}, {"99": "E"}, {"99": "E"}, {"99": "N"}, {"99": "E"}, {"99": "E"}, {"99": "E"}, {"99": "E"}, {"99": "N"}, {"99": "N"}, {"99": "N"}, {"99": "N"}, {"99": "N"}, {"99": "N", "97": "W"}, {"99": "N", "97": "S"}, {"99": "N", "97": "S"}, {"99": "N", "97": "E", "90": "W"}, {"99": "N", "97": "S", "90": "S"}, {"99": "N", "97": "S", "90": "W", "89": "S"}, {"99": "N", "97": "E", "90": "W", "89": "E"}, {"99": "N", "97": "S", "90": "W", "89": "E"}, {"99": "W", "97": "E", "90": "W", "89": "E"}, {"99": "N", "97": "E", "90": "W", "89": "E"}, {"99": "N", "97": "S", "90": "W", "89": "N"}, {"99": "N", "97": "E", "90": "W", "89": "N"}, {"99": "W", "97": "E", "90": "W", "89": "N"}, {"97": "S", "90": "W", "89": "N"}, {"97": "S", "90": "W", "89": "N"}, {"97": "S", "90": "W", "89": "N"}, {"97": "S", "90": "W", "89": "N"}, {"97": "S", "90": "W", "89": "N"}, {"97": "S", "90": "W", "89": "N"}, {"97": "S", "90": "W", "89": "N"}, {"97": "S", "90": "W", "89": "N"}, {"97": "S", "90": "W", "89": "N"}, {"97": "S", "90": "W", "89": "N"}, {"97": "S", "90": "W", "89": "N", "92": "E"}, {"97": "S", "90": "W", "89": "N", "92": "N"}, {"97": "S", "90": "W", "89": "N", "92": "N"}, {"97": "W", "90": "W", "89": "N", "92": "N"}, {"97": "W", "90": "S", "89": "N", "92": "N"}, {"97": "W", "90": "S", "89": "N", "92": "E"}, {"97": "W", "90": "W", "89": "N", "92": "E"}, {"97": "S", "90": "S", "89": "N", "92": "E"}, {"97": "W", "90": "W", "89": "N", "92": "N"}, {"97": "W", "90": "W", "89": "E", "92": "N"}, {"97": "S", "90": "S", "89": "E", "92": "N"}, {"97": "W", "90": "S", "89": "S", "92": "N"}, {"97": "W", "90": "S", "89": "E", "92": "N"}, {"97": "W", "90": "S", "89": "E", "92": "E"}, {"97": "S", "90": "E", "89": "E", "92": "E"}, {"97": "S", "90": "S", "89": "N", "92": "E"}, {"97": "W", "90": "S", "89": "E", "92": "N"}, {"97": "S", "90": "S", "89": "N", "92": "N"}, {"97": "W", "90": "S", "89": "N", "92": "N", "82": "S"}, {"97": "W", "90": "S", "89": "E", "92": "N", "82": "E", "47": "N"}, {"97": "S", "90": "S", "89": "E", "92": "N", "82": "E", "47": "N"}, {"90": "S", "89": "E", "92": "E", "82": "E", "47": "N", "77": "N"}, {"90": "S", "89": "E", "92": "E", "82": "E", "47": "N", "77": "N"}, {"90": "S", "89": "E", "92": "E", "82": "E", "47": "N", "77": "N"}, {"90": "S", "89": "E", "92": "N", "82": "E", "47": "N", "77": "W"}, {"90": "S", "89": "E", "92": "E", "82": "E", "47": "N", "77": "W"}, {"90": "S", "89": "E", "92": "E", "82": "E", "47": "N", "77": "W"}, {"90": "E", "89": "S", "92": "N", "82": "E", "47": "N", "77": "N"}, {"90": "E", "89": "E", "92": "E", "82": "E", "47": "N", "77": "N"}, {"90": "E", "89": "S", "92": "E", "82": "E", "47": "N", "77": "N"}, {"90": "E", "89": "E", "92": "E", "82": "E", "47": "N", "77": "N"}, {"90": "E", "89": "E", "92": "E", "82": "E", "47": "N", "77": "N"}, {"90": "E", "89": "E", "92": "N", "82": "E", "47": "N", "77": "N"}, {"90": "E", "89": "S", "92": "N", "82": "E", "47": "N", "77": "N"}, {"90": "E", "89": "E", "92": "N", "82": "E", "47": "E", "77": "N", "53": "N"}, {"90": "E", "89": "E", "92": "N", "82": "E", "47": "E", "77": "N", "53": "E"}, {"90": "E", "89": "N", "92": "W", "82": "E", "47": "E", "77": "N", "53": "E"}, {"90": "E", "82": "E", "47": "E", "77": "N", "53": "E"}, {"47": "E", "77": "N", "53": "N"}, {"47": "E", "77": "N", "53": "N"}, {"47": "E", "77": "N", "53": "N"}, {"47": "E", "77": "N", "53": "N"}, {"47": "E", "77": "N", "53": "N"}, {"47": "E", "77": "N", "53": "N"}, {"47": "E", "77": "N", "53": "N"}, {"47": "E", "77": "N", "53": "N"}, {"47": "E", "77": "W", "53": "N"}, {"47": "E", "77": "W", "53": "N"}, {"47": "E", "77": "N", "53": "N"}, {"47": "E", "77": "W", "53": "N"}, {"47": "N", "77": "W", "53": "N"}, {"47": "N", "77": "W", "53": "N"}, {"47": "E", "77": "N", "53": "N"}, {"77": "W", "53": "E"}, {"77": "N", "53": "E"}, {"77": "N", "53": "E"}, {"77": "N", "53": "E"}, {"77": "W", "53": "N"}, {"77": "W", "53": "N"}, {"77": "N", "53": "W"}, {"77": "N", "53": "N"}, {"77": "E", "53": "N"}, {"77": "E", "53": "N"}, {"77": "N", "53": "N"}, {"77": "N", "53": "E"}, {"77": "E", "53": "E"}, {"77": "N", "53": "N"}, {"77": "E", "53": "E"}, {"77": "E", "53": "N"}, {"77": "E", "53": "N"}, {"77": "E", "53": "E"}, {"77": "E", "53": "E"}, {"77": "E", "53": "E", "33": "W"}, {"77": "E", "53": "E", "33": "W"}, {"77": "E", "53": "E", "33": "W"}, {"77": "S", "53": "E", "33": "W"}, {"77": "E", "53": "E", "33": "W"}, {"77": "E", "53": "E", "33": "S"}, {"53": "E", "33": "S"}, {"53": "E", "33": "S"}, {"53": "E", "33": "S"}, {"53": "S", "33": "S"}, {"53": "S", "33": "W", "27": "S"}, {"53": "E", "33": "W", "27": "W"}, {"53": "S", "33": "W", "27": "W"}, {"53": "E", "33": "W", "27": "W"}, {"53": "E", "33": "W", "27": "W"}, {"53": "E", "33": "W", "27": "W", "26": "N"}, {"53": "S", "33": "W", "27": "W", "26": "E", "17": "E"}, {"53": "S", "33": "W", "27": "W", "26": "E", "17": "S"}, {"53": "S", "33": "W", "27": "W", "26": "E", "17": "S"}, {"53": "S", "33": "S", "27": "W", "26": "E", "17": "E"}, {"53": "S", "33": "S", "27": "W", "26": "E", "17": "E"}, {"53": "S", "33": "W", "27": "W", "26": "E", "17": "E"}, {"33": "S", "27": "W", "26": "E", "17": "E"}, {"33": "W", "27": "W", "26": "E", "17": "E"}, {"33": "W", "27": "W", "26": "E", "17": "E", "29": "N"}, {"33": "S", "27": "W", "26": "N", "17": "E", "29": "E"}, {"33": "S", "27": "W", "26": "N", "17": "S", "29": "E"}, {"33": "S", "27": "W", "26": "N", "17": "S", "29": "E"}, {"33": "S", "27": "W", "26": "N", "17": "E", "29": "N", "2": "E"}, {"33": "E", "27": "S", "26": "N", "17": "S", "29": "N", "2": "S"}, {"33": "S", "27": "S", "26": "N", "17": "E", "29": "N", "2": "S"}, {"33": "S", "27": "W", "26": "N", "17": "E", "29": "E", "2": "E"}, {"33": "S", "27": "S", "26": "N", "17": "S", "29": "E", "2": "S"}, {"33": "S", "27": "W", "26": "N", "17": "E", "29": "E", "2": "S"}, {"33": "S", "27": "W", "26": "N", "17": "E", "29": "E", "2": "E", "10": "S"}, {"33": "S", "27": "S", "26": "N", "17": "S", "29": "N", "2": "S", "10": "W"}, {"33": "S", "27": "S", "26": "N", "17": "S", "29": "N", "2": "E", "10": "W"}, {"33": "S", "27": "S", "26": "N", "17": "S", "29": "N", "2": "E", "10": "S"}, {"33": "S", "27": "S", "26": "N", "17": "S", "2": "S", "10": "S"}, {"33": "S", "27": "E", "26": "N", "17": "S", "2": "E", "10": "S"}, {"33": "E", "27": "S", "26": "N", "17": "S", "2": "E", "10": "S"}, {"33": "E", "27": "S", "26": "E", "17": "S", "2": "S", "10": "S"}, {"33": "E", "27": "S", "26": "E", "17": "S", "2": "S", "10": "S"}, {"33": "E", "27": "S", "26": "S", "17": "S", "2": "S", "10": "S"}, {"33": "E", "27": "S", "26": "E", "17": "S", "2": "S", "10": "S", "3": "S"}, {"33": "E", "27": "S", "26": "E", "17": "S", "2": "S", "10": "S", "3": "E"}, {"33": "E", "27": "S", "26": "E", "17": "S", "2": "S", "10": "S", "3": "E"}, {"33": "E", "27": "S", "26": "N", "17": "S", "2": "S", "10": "S", "3": "E"}, {"33": "E", "27": "E", "26": "E", "17": "W", "2": "S", "10": "S", "3": "E"}, {"33": "E", "27": "E", "26": "N", "17": "W", "2": "S", "10": "S", "3": "E"}, {"33": "E", "27": "E", "26": "N", "17": "W", "2": "S", "10": "S", "3": "E"}, {"27": "E", "26": "E", "17": "W", "2": "S", "10": "W", "3": "E"}, {"27": "E", "26": "E", "17": "S", "2": "S", "10": "W", "3": "E"}, {"27": "E", "26": "E", "17": "W", "2": "S", "10": "W", "3": "E"}, {"27": "E", "26": "E", "17": "S", "2": "W", "10": "W", "3": "E"}, {"27": "E", "26": "E", "17": "S", "2": "W", "10": "S", "3": "E"}, {"27": "E", "26": "S", "17": "S", "2": "W", "10": "W", "3": "E"}, {"27": "E", "26": "S", "17": "S", "2": "W", "10": "W", "3": "E"}, {"27": "S", "26": "E", "17": "W", "2": "S", "10": "S", "3": "E"}, {"27": "S", "26": "E", "17": "S", "2": "W", "10": "W", "3": "E"}, {"27": "S", "17": "S", "2": "W", "10": "W", "3": "E"}, {"27": "E", "17": "E", "2": "S", "10": "W", "3": "E"}, {"27": "E", "2": "W", "10": "S", "3": "E"}, {"27": "N", "2": "W", "10": "S", "3": "E"}, {"27": "E", "2": "W", "10": "S", "3": "E"}, {"27": "E", "2": "S", "10": "S", "3": "E"}, {"27": "E", "2": "S", "10": "S", "3": "N"}, {"27": "N", "2": "W", "10": "W", "3": "E"}, {"27": "N", "2": "S", "10": "W", "3": "N"}, {"10": "W"}, {"10": "S"}, {"10": "S"}, {"10": "S"}, {"10": "S"}, {"10": "S"}, {"10": "W"}, {"10": "W"}, {"10": "W"}, {"10": "W"}, {"10": "W"}, {"10": "W"}, {"10": "W"}, {"10": "W"}, {"10": "N"}, {"10": "N"}, {"10": "N"}, {"10": "N"}, {"10": "N"}, {"10": "N"}, {"10": "N"}, {"10": "E"}, {"10": "E"}, {"10": "E"}, {"10": "E"}], "result": "SUCCESS", "makespan": 741, "sum": 6381, "algo_name": "OutAndInByPercentage_sync_insertion", "extra": {}}