{"instance": "small_free_001_10x10_40_40", "steps": [{"24": "E", "21": "E", "16": "S", "27": "E", "9": "E", "5": "E", "7": "E", "30": "W", "4": "W", "10": "E", "37": "E", "36": "N", "19": "W", "13": "W", "33": "W", "32": "E", "6": "W", "35": "W", "28": "W", "14": "E", "38": "E", "3": "W", "22": "W", "39": "W"}, {"39": "W", "1": "W", "3": "W", "19": "S", "25": "E", "6": "W", "34": "W", "28": "W", "24": "E", "13": "W", "36": "N", "2": "E", "14": "E", "26": "E", "12": "E", "29": "W", "33": "W"}, {"13": "W", "33": "W", "38": "S", "30": "N", "3": "N", "25": "E", "14": "E", "39": "W", "1": "W", "23": "E", "29": "W", "2": "E"}, {"29": "W", "6": "W", "39": "W", "13": "W", "38": "S", "8": "N", "23": "E", "33": "W", "25": "E", "2": "E"}, {"2": "S", "33": "W", "1": "S", "39": "W", "20": "E", "25": "S", "21": "N", "0": "E", "29": "W"}, {"7": "E", "12": "E", "18": "W", "25": "S", "3": "N", "15": "W", "21": "N", "33": "N", "0": "E"}, {"7": "E", "18": "W", "12": "E", "8": "N", "15": "W", "21": "N", "24": "E", "33": "N"}, {"24": "E", "18": "W", "15": "W", "33": "N", "17": "E"}, {"18": "W", "17": "E"}, {"18": "N"}, {"18": "N"}, {"18": "N"}, {"33": "W", "15": "W", "24": "W", "14": "W", "18": "S", "6": "W", "10": "N", "0": "N", "17": "W"}, {"13": "W", "7": "E", "0": "W", "21": "S", "14": "S", "18": "W", "29": "W", "23": "W", "12": "E"}, {"38": "W", "32": "W", "3": "W", "34": "S"}, {"28": "W", "24": "N"}, {"10": "E"}, {"13": "N", "15": "N"}, {"36": "W", "15": "E", "20": "W", "21": "E", "0": "E", "16": "W", "28": "E", "13": "W", "10": "E", "38": "N"}, {"17": "S", "33": "N", "15": "N", "36": "W", "28": "S", "20": "W", "1": "S", "0": "E"}, {"0": "S", "20": "S"}, {"18": "W", "5": "N", "28": "N", "33": "W", "10": "S", "13": "E", "7": "N", "21": "N", "12": "N", "17": "N", "20": "N"}, {"29": "S", "9": "N", "38": "E", "7": "E", "0": "W", "36": "N", "28": "W", "12": "N", "20": "E", "18": "N", "10": "W"}, {"33": "W", "7": "E", "4": "W", "20": "E", "21": "N", "10": "W", "22": "W", "36": "N", "12": "W"}, {"33": "N", "28": "W", "36": "E", "7": "E", "21": "W", "12": "W"}, {"7": "E", "12": "S", "33": "N"}, {"36": "N", "3": "W", "24": "W", "14": "E", "15": "E", "18": "S", "0": "E", "34": "W"}, {"12": "S", "16": "N", "11": "N", "15": "N", "13": "E", "18": "E", "33": "E", "0": "E"}, {"10": "N", "0": "E"}, {"0": "E"}, {"0": "S"}, {"0": "S"}, {"0": "S"}, {"0": "W"}, {"0": "W"}, {"27": "E", "38": "N", "10": "S", "26": "S", "9": "E"}, {"37": "W", "10": "E", "29": "E", "26": "S", "14": "E", "38": "N", "12": "E", "18": "E"}, {"38": "W", "19": "S", "26": "E", "37": "S", "10": "E"}, {"38": "W", "20": "E", "33": "E", "10": "N", "37": "S"}, {"38": "S", "20": "E"}, {"33": "E", "38": "S"}, {"16": "E", "10": "E", "17": "S", "29": "S", "37": "S", "14": "E"}, {"16": "E", "13": "W", "29": "E", "12": "E", "37": "E", "10": "N", "36": "E"}, {"38": "E", "29": "E", "37": "E", "16": "E"}, {"29": "N", "37": "E", "16": "E"}, {"16": "S", "37": "E"}, {"37": "E", "16": "S"}, {"16": "S", "37": "E"}, {"16": "W", "37": "N"}, {"10": "E", "12": "N", "18": "S", "23": "N", "29": "W", "17": "S", "33": "N"}, {"15": "S", "3": "S", "38": "E", "10": "E", "23": "E", "17": "S", "12": "N", "4": "S", "18": "W"}, {"16": "S", "18": "W", "10": "N", "17": "S", "33": "N", "12": "W"}, {"10": "N", "16": "W", "12": "W"}, {"10": "N", "12": "S", "16": "W"}, {"10": "W"}, {"10": "N"}, {"10": "W"}, {"10": "W"}, {"10": "N"}, {"18": "E", "12": "N", "20": "S", "5": "W", "14": "E", "38": "E", "29": "S"}, {"5": "S", "15": "W", "18": "E", "14": "E", "23": "E", "12": "E", "29": "W"}, {"12": "E", "5": "W", "14": "E", "26": "S"}, {"17": "E", "5": "W", "14": "E", "12": "E"}, {"14": "S", "12": "S", "5": "N"}, {"14": "S", "5": "N"}, {"5": "N", "14": "S"}, {"5": "E", "14": "W"}, {"14": "S", "5": "E"}, {"5": "N"}, {"5": "E"}, {"5": "E"}, {"5": "S"}, {"26": "S", "32": "W", "29": "S", "17": "S"}, {"26": "E", "23": "S", "3": "W", "32": "S", "13": "W", "15": "W"}, {"3": "W"}, {"3": "N"}, {"3": "N"}, {"3": "N"}, {"3": "E"}, {"38": "W", "15": "E", "3": "N", "23": "W", "26": "S"}, {"26": "E", "15": "E", "12": "S", "29": "W", "38": "S", "24": "S"}, {"29": "W", "26": "E", "15": "S"}, {"26": "E", "15": "E"}, {"15": "E", "26": "E"}, {"15": "E", "26": "E"}, {"26": "N", "15": "N"}, {"26": "N", "15": "N"}, {"26": "N", "15": "N"}, {"15": "W"}, {"15": "E", "32": "W", "24": "N", "29": "E", "38": "N"}, {"9": "N", "13": "E", "32": "W", "20": "N", "29": "E", "15": "N"}, {"18": "N", "4": "N", "20": "E", "3": "S", "29": "N", "15": "N", "32": "S"}, {"17": "E", "32": "S", "23": "S", "15": "W", "18": "N"}, {"15": "N", "32": "S", "9": "W"}, {"9": "W", "32": "E", "15": "W"}, {"32": "E", "15": "W"}, {"20": "N", "32": "W", "15": "E", "22": "N", "29": "S", "23": "N"}, {"29": "W", "15": "E", "17": "E", "3": "E", "13": "W", "32": "S", "24": "N"}, {"9": "S", "29": "W", "15": "E", "17": "N"}, {"17": "N", "9": "W", "15": "S"}, {"15": "S", "9": "S"}, {"9": "S", "15": "S"}, {"9": "S", "15": "W"}, {"9": "E"}, {"15": "E", "9": "W", "29": "E", "3": "W", "32": "E"}, {"23": "S", "9": "S", "15": "N", "32": "E", "3": "W"}, {"29": "N", "9": "S", "15": "N", "3": "W", "32": "E"}, {"32": "S", "9": "E", "15": "W", "3": "N"}, {"15": "N", "9": "E", "3": "N"}, {"9": "E", "15": "W", "3": "N"}, {"15": "W", "3": "E"}, {"3": "E"}, {"3": "N"}, {"3": "E"}, {"3": "E"}, {"3": "E"}, {"3": "S"}, {"20": "W", "3": "N", "11": "W", "38": "W", "15": "E", "9": "N", "13": "W", "23": "W"}, {"15": "E", "3": "W", "13": "W", "29": "N", "22": "W", "12": "S", "9": "E", "23": "W"}, {"3": "W", "23": "S", "11": "S", "15": "E", "9": "E", "13": "N"}, {"3": "W", "15": "S", "9": "E"}, {"15": "S", "3": "W", "9": "S"}, {"3": "W", "15": "S"}, {"15": "W", "3": "S"}, {"3": "S"}, {"3": "S"}, {"3": "S"}, {"3": "E"}, {"3": "E"}, {"11": "N", "15": "E", "29": "W", "23": "N", "3": "N", "13": "N"}, {"23": "E", "15": "N", "18": "S", "11": "N", "29": "W", "27": "W"}, {"31": "W", "13": "N", "29": "N", "20": "E", "15": "N", "18": "W", "11": "E"}, {"18": "W", "21": "N", "3": "E", "11": "E", "15": "W", "29": "N"}, {"18": "N", "15": "N", "0": "W", "11": "E"}, {"3": "W", "15": "N", "20": "N", "18": "S"}, {"38": "S", "11": "E", "15": "W", "20": "E", "18": "E"}, {"20": "E", "15": "N", "11": "N", "18": "E"}, {"20": "E", "15": "W", "18": "N"}, {"20": "E", "15": "W"}, {"20": "E", "15": "S"}, {"15": "S", "20": "S"}, {"20": "S", "15": "W"}, {"15": "S", "20": "S"}, {"18": "S", "15": "N", "29": "S", "4": "S"}, {"13": "S", "15": "E", "29": "S", "18": "W", "38": "E"}, {"13": "S", "22": "N", "15": "N", "4": "S"}, {"15": "N", "27": "W"}, {"15": "W", "38": "S", "27": "S"}, {"27": "S", "23": "E", "15": "W"}, {"15": "W", "23": "S", "3": "S"}, {"3": "W", "15": "W"}, {"15": "W", "3": "S"}, {"15": "S"}, {"15": "S"}, {"15": "S"}, {"15": "S"}, {"15": "E"}, {"15": "E"}, {"15": "E"}, {"13": "W", "4": "S", "38": "N"}, {"29": "N", "31": "W", "4": "W", "13": "W", "38": "N", "27": "S"}, {"13": "N", "23": "S", "15": "S", "27": "E", "38": "E", "28": "N", "4": "W", "18": "W"}, {"31": "W", "13": "N", "27": "E", "24": "E", "38": "E", "23": "S", "28": "W"}, {"38": "E", "27": "E", "13": "E", "24": "N", "23": "E", "15": "E"}, {"15": "E", "38": "E", "31": "S", "13": "E", "23": "E", "27": "S"}, {"23": "E", "27": "E", "13": "E", "28": "W", "31": "S", "38": "E"}, {"31": "S", "38": "E", "23": "S"}, {"31": "E", "38": "S"}, {"38": "S", "31": "E"}, {"31": "E", "38": "S"}, {"38": "S"}, {"38": "W"}, {"38": "S"}, {"38": "S"}, {"38": "W"}, {"24": "W", "38": "S", "18": "E", "13": "W"}, {"28": "W", "18": "E", "4": "N", "24": "N", "38": "S"}, {"28": "N", "38": "W", "18": "N", "24": "N"}, {"24": "E", "18": "N", "38": "W"}, {"24": "E", "18": "N", "38": "W"}, {"38": "W"}, {"38": "N"}, {"23": "S", "29": "W"}, {"31": "S", "3": "S", "23": "S", "13": "S", "29": "S"}, {"29": "S", "23": "E"}, {"29": "E", "23": "E"}, {"29": "E", "23": "N"}, {"23": "N", "29": "E"}, {"29": "N"}, {"29": "N"}, {"29": "N"}, {"29": "E"}, {"29": "N"}, {"29": "N"}, {"13": "N", "4": "W"}, {"13": "W", "3": "S", "4": "W"}, {"4": "N", "3": "E", "13": "W"}, {"4": "N", "3": "E"}, {"3": "N"}, {"3": "N"}, {"3": "E"}, {"3": "N"}, {"3": "E"}, {"13": "E"}, {"4": "N", "13": "E"}, {"4": "E", "13": "S"}, {"13": "S", "4": "E"}, {"13": "S", "4": "E"}, {"13": "E"}, {"13": "E"}, {"13": "N"}, {"13": "N"}, {"13": "E"}, {"31": "S"}, {"31": "S"}, {"31": "E"}, {"31": "E"}, {"31": "E"}, {"31": "N"}, {"31": "N"}, {"31": "N"}], "result": "SUCCESS", "makespan": 221, "sum": 730}