{"instance": "algae_00000_20x20_40_160", "steps": [{"5": "S", "7": "W", "8": "N", "10": "N", "12": "W", "25": "S", "28": "N", "34": "S", "41": "W", "42": "E", "49": "E", "60": "N", "72": "S", "76": "E", "89": "N", "91": "W", "94": "N", "98": "W", "100": "N", "110": "S", "121": "S", "122": "N", "127": "N", "141": "S", "143": "W", "145": "N", "150": "S", "155": "W", "4": "N", "9": "S", "13": "W", "18": "E", "22": "S", "26": "W", "31": "W", "44": "W", "47": "W", "48": "N", "54": "W", "56": "N", "57": "N", "62": "S", "63": "S", "69": "E", "70": "W", "75": "E", "90": "W", "114": "N", "123": "W", "128": "E", "129": "S", "130": "S", "137": "N", "144": "W", "153": "N", "0": "W", "1": "W", "14": "S", "21": "N", "27": "W", "32": "W", "35": "S", "36": "N", "67": "S", "80": "N", "82": "S", "84": "E", "96": "N", "99": "N", "106": "E", "108": "N", "112": "W", "115": "E", "116": "W", "120": "W", "132": "W", "133": "N", "134": "E", "135": "W", "148": "N", "152": "S", "154": "E", "159": "S", "17": "W", "19": "N", "23": "N", "29": "W", "33": "E", "39": "E", "40": "W", "46": "W", "50": "S", "51": "W", "55": "E", "59": "W", "64": "W", "74": "N", "85": "W", "88": "N", "93": "S", "95": "E", "97": "W", "103": "S", "142": "N", "147": "N", "15": "S", "53": "S", "66": "N", "68": "E", "71": "W", "73": "S", "86": "W", "87": "N", "92": "W", "102": "S", "104": "N", "105": "W", "107": "E", "109": "S", "111": "W", "125": "N", "149": "S", "156": "W", "157": "E", "3": "W", "6": "W", "16": "N", "37": "S", "45": "N", "58": "W", "65": "N", "78": "W", "79": "S", "83": "S", "101": "E", "113": "N", "117": "W", "118": "E", "131": "W", "136": "N", "138": "W", "151": "W", "158": "E", "2": "N", "11": "N", "24": "S", "30": "N", "43": "S", "52": "W", "77": "N", "124": "W", "139": "N", "140": "W", "146": "E", "20": "E", "38": "W", "61": "E", "126": "N", "81": "E", "119": "E"}, {"8": "N", "10": "N", "28": "N", "60": "N", "89": "N", "94": "N", "100": "N", "122": "N", "127": "N", "145": "N", "5": "S", "25": "S", "34": "S", "72": "S", "110": "S", "121": "S", "141": "S", "150": "S", "7": "W", "12": "W", "41": "W", "91": "W", "98": "W", "143": "W", "155": "W", "42": "E", "49": "E", "76": "E", "4": "N", "9": "S", "13": "W", "18": "E", "22": "S", "26": "W", "31": "W", "44": "W", "47": "W", "48": "N", "54": "W", "56": "N", "57": "N", "62": "S", "63": "S", "69": "E", "70": "W", "75": "E", "90": "W", "114": "N", "123": "W", "128": "E", "129": "S", "130": "S", "137": "N", "144": "W", "153": "N", "0": "W", "1": "W", "14": "S", "21": "N", "27": "W", "32": "W", "35": "S", "36": "N", "67": "S", "80": "N", "82": "S", "84": "E", "96": "N", "99": "N", "106": "E", "108": "N", "112": "W", "115": "E", "116": "W", "120": "W", "132": "W", "133": "N", "134": "E", "135": "W", "148": "N", "152": "S", "154": "E", "159": "S", "17": "W", "19": "N", "23": "N", "29": "W", "33": "E", "39": "E", "40": "W", "46": "W", "50": "S", "51": "W", "55": "E", "59": "W", "64": "W", "74": "N", "85": "W", "88": "N", "93": "S", "95": "E", "97": "W", "103": "S", "142": "N", "147": "N", "15": "S", "53": "S", "66": "N", "68": "E", "71": "W", "73": "S", "86": "W", "87": "N", "92": "W", "102": "S", "104": "N", "105": "W", "107": "E", "109": "S", "111": "W", "125": "N", "149": "S", "156": "W", "157": "E", "3": "W", "6": "W", "16": "N", "37": "S", "45": "N", "58": "W", "65": "N", "78": "W", "79": "S", "83": "S", "101": "E", "113": "N", "117": "W", "118": "E", "131": "W", "136": "N", "138": "W", "151": "W", "158": "E", "2": "N", "11": "N", "24": "S", "30": "N", "43": "S", "52": "W", "77": "N", "124": "W", "139": "N", "140": "W", "146": "E", "20": "E", "38": "W", "61": "E", "126": "N", "81": "E", "119": "E"}, {"8": "N", "10": "N", "28": "N", "60": "N", "122": "W", "127": "N", "145": "E", "4": "N", "48": "N", "56": "N", "57": "N", "114": "N", "137": "N", "153": "N", "5": "E", "34": "S", "72": "E", "110": "E", "121": "S", "141": "S", "22": "S", "62": "S", "63": "S", "129": "S", "130": "S", "12": "W", "41": "S", "91": "W", "143": "W", "155": "W", "13": "W", "26": "W", "31": "W", "44": "W", "47": "W", "54": "W", "70": "W", "90": "W", "123": "W", "144": "W", "49": "E", "18": "E", "69": "E", "75": "E", "128": "E", "0": "W", "1": "W", "14": "S", "21": "N", "27": "W", "32": "W", "35": "S", "36": "N", "80": "N", "82": "S", "84": "E", "96": "N", "99": "N", "106": "E", "108": "N", "112": "W", "115": "E", "116": "W", "120": "W", "132": "W", "133": "N", "134": "E", "135": "W", "148": "N", "152": "S", "154": "E", "159": "S", "17": "W", "19": "N", "23": "N", "29": "W", "33": "E", "39": "E", "40": "W", "46": "W", "50": "S", "51": "W", "55": "E", "59": "W", "64": "W", "74": "N", "85": "W", "88": "N", "93": "S", "95": "E", "97": "W", "142": "N", "147": "N", "15": "S", "53": "S", "66": "N", "68": "E", "71": "W", "73": "S", "86": "W", "87": "N", "92": "W", "102": "S", "104": "N", "105": "W", "107": "E", "109": "S", "111": "W", "125": "N", "149": "S", "156": "W", "157": "E", "3": "W", "6": "W", "16": "N", "37": "S", "45": "N", "58": "W", "65": "N", "78": "W", "79": "S", "83": "S", "101": "E", "113": "N", "117": "W", "118": "E", "131": "W", "136": "N", "138": "W", "151": "W", "158": "E", "2": "N", "11": "N", "24": "S", "30": "N", "43": "S", "52": "W", "77": "N", "124": "W", "139": "N", "140": "W", "146": "E", "20": "E", "38": "W", "61": "E", "126": "N", "81": "E", "119": "E"}, {"8": "N", "10": "W", "28": "N", "60": "N", "89": "N", "127": "N", "4": "N", "48": "N", "56": "N", "57": "N", "114": "N", "137": "N", "153": "W", "21": "N", "36": "N", "96": "N", "99": "N", "108": "N", "133": "N", "148": "N", "34": "S", "110": "S", "121": "S", "141": "S", "9": "S", "22": "S", "62": "S", "129": "S", "130": "S", "14": "S", "35": "S", "82": "S", "152": "S", "159": "S", "12": "W", "91": "W", "143": "W", "155": "W", "13": "W", "26": "W", "31": "W", "44": "W", "54": "W", "90": "W", "144": "W", "0": "W", "1": "W", "27": "W", "32": "W", "112": "W", "116": "W", "120": "W", "132": "W", "135": "W", "49": "S", "75": "S", "128": "S", "106": "E", "134": "E", "154": "E", "67": "S", "17": "W", "19": "N", "29": "W", "33": "E", "39": "E", "40": "W", "46": "W", "50": "S", "51": "W", "55": "E", "59": "W", "64": "W", "74": "N", "85": "W", "88": "N", "93": "S", "95": "E", "97": "W", "103": "S", "142": "N", "147": "N", "15": "S", "53": "S", "66": "N", "68": "E", "71": "W", "73": "S", "86": "W", "87": "N", "92": "W", "102": "S", "104": "N", "105": "W", "107": "E", "109": "S", "111": "W", "149": "S", "156": "W", "157": "E", "3": "W", "6": "W", "37": "S", "45": "N", "58": "W", "65": "N", "78": "W", "79": "S", "83": "S", "101": "E", "113": "N", "117": "W", "118": "E", "131": "W", "136": "N", "138": "W", "151": "W", "158": "E", "2": "N", "24": "S", "30": "N", "43": "S", "52": "W", "77": "N", "124": "W", "139": "N", "140": "W", "146": "E", "20": "E", "38": "W", "61": "E", "126": "N", "81": "E", "119": "E"}, {"10": "N", "60": "N", "100": "N", "56": "N", "114": "N", "137": "N", "153": "N", "36": "N", "80": "N", "99": "N", "148": "N", "19": "N", "74": "N", "88": "N", "142": "N", "147": "N", "34": "E", "110": "S", "141": "S", "150": "S", "9": "S", "22": "S", "130": "E", "35": "E", "82": "S", "152": "S", "67": "S", "50": "S", "93": "S", "7": "W", "12": "W", "91": "W", "98": "W", "143": "W", "155": "S", "13": "W", "26": "S", "44": "W", "47": "W", "54": "W", "90": "W", "144": "N", "1": "W", "27": "S", "32": "W", "112": "N", "116": "W", "120": "W", "135": "W", "17": "W", "29": "W", "40": "W", "46": "W", "59": "W", "64": "W", "85": "W", "97": "W", "42": "E", "49": "E", "75": "E", "128": "E", "84": "E", "106": "E", "115": "E", "134": "N", "33": "E", "39": "E", "55": "E", "95": "E", "23": "N", "103": "S", "15": "S", "53": "S", "66": "N", "68": "E", "71": "W", "73": "S", "86": "W", "87": "N", "92": "W", "102": "S", "104": "N", "105": "W", "107": "E", "109": "S", "111": "W", "125": "N", "149": "S", "156": "W", "157": "E", "3": "W", "6": "W", "16": "N", "37": "S", "45": "N", "58": "W", "65": "N", "78": "W", "79": "S", "83": "S", "101": "E", "113": "N", "117": "W", "118": "E", "131": "W", "136": "N", "138": "W", "151": "W", "158": "E", "2": "N", "11": "N", "24": "S", "30": "N", "43": "S", "52": "W", "77": "N", "124": "W", "139": "N", "140": "W", "146": "E", "20": "E", "38": "W", "61": "E", "126": "N", "81": "E", "119": "E"}, {"10": "N", "28": "N", "60": "W", "48": "N", "114": "N", "153": "N", "80": "N", "99": "N", "133": "N", "148": "N", "19": "N", "142": "N", "147": "N", "23": "N", "66": "N", "87": "N", "104": "N", "34": "S", "110": "S", "121": "S", "141": "E", "150": "S", "9": "S", "22": "E", "129": "S", "130": "S", "14": "S", "35": "S", "82": "S", "152": "E", "67": "S", "50": "E", "93": "S", "103": "S", "15": "S", "73": "S", "102": "S", "109": "S", "149": "S", "12": "W", "91": "W", "143": "W", "155": "W", "13": "W", "44": "W", "54": "W", "90": "W", "144": "W", "1": "W", "32": "S", "112": "W", "116": "W", "120": "W", "135": "W", "40": "W", "46": "W", "51": "W", "64": "W", "97": "W", "71": "W", "86": "W", "92": "W", "105": "W", "156": "W", "42": "E", "49": "S", "33": "E", "39": "E", "95": "E", "68": "E", "107": "E", "125": "N", "3": "W", "6": "W", "16": "N", "37": "S", "45": "N", "58": "W", "65": "N", "78": "W", "83": "S", "101": "E", "113": "N", "117": "W", "131": "W", "136": "N", "151": "W", "158": "E", "2": "N", "11": "N", "24": "S", "30": "N", "43": "S", "52": "W", "77": "N", "124": "W", "139": "N", "140": "W", "146": "E", "20": "E", "38": "W", "61": "E", "126": "N", "81": "E", "119": "E"}, {"10": "N", "28": "N", "89": "N", "122": "N", "48": "N", "56": "N", "114": "W", "153": "N", "80": "N", "96": "N", "99": "W", "133": "N", "148": "W", "147": "N", "23": "N", "87": "N", "125": "N", "45": "N", "65": "N", "113": "N", "136": "N", "141": "S", "22": "S", "82": "E", "152": "S", "50": "S", "15": "S", "53": "S", "149": "S", "37": "S", "83": "S", "7": "W", "12": "W", "91": "W", "98": "W", "143": "W", "155": "W", "13": "W", "26": "W", "44": "W", "47": "W", "70": "W", "90": "W", "1": "W", "27": "W", "120": "W", "135": "W", "17": "W", "29": "W", "40": "W", "46": "W", "59": "W", "85": "W", "97": "W", "71": "W", "86": "W", "105": "W", "111": "W", "156": "W", "3": "W", "6": "W", "58": "W", "78": "W", "117": "W", "131": "W", "151": "W", "42": "S", "128": "E", "115": "E", "154": "E", "33": "N", "39": "E", "107": "E", "157": "E", "158": "E", "16": "N", "79": "S", "118": "E", "138": "W", "2": "N", "11": "N", "24": "S", "30": "N", "43": "S", "52": "W", "77": "N", "124": "W", "139": "N", "140": "W", "146": "E", "20": "E", "38": "W", "61": "E", "126": "N", "81": "E", "119": "E"}, {"10": "W", "89": "N", "56": "E", "137": "N", "36": "N", "96": "N", "99": "N", "19": "N", "74": "N", "142": "N", "147": "N", "66": "N", "104": "N", "65": "N", "113": "N", "30": "N", "77": "N", "139": "N", "34": "S", "141": "E", "130": "S", "35": "S", "15": "S", "109": "S", "149": "E", "37": "S", "83": "S", "24": "S", "43": "S", "7": "W", "12": "S", "143": "W", "155": "W", "13": "W", "47": "W", "70": "W", "90": "S", "120": "W", "135": "N", "17": "W", "29": "W", "46": "W", "59": "W", "105": "W", "111": "W", "156": "W", "3": "W", "78": "W", "117": "W", "138": "W", "52": "W", "124": "W", "140": "W", "76": "E", "128": "E", "115": "E", "39": "N", "95": "E", "68": "E", "107": "E", "157": "E", "101": "E", "118": "E", "146": "E", "20": "E", "38": "W", "61": "E", "126": "N", "81": "E", "119": "E"}, {"10": "N", "122": "N", "137": "N", "153": "N", "36": "N", "80": "N", "99": "N", "19": "N", "74": "N", "142": "N", "147": "N", "23": "N", "66": "N", "104": "N", "125": "N", "45": "N", "113": "N", "16": "N", "2": "N", "30": "N", "139": "N", "126": "N", "22": "S", "152": "S", "50": "S", "15": "S", "53": "S", "37": "S", "83": "S", "79": "S", "43": "S", "143": "S", "13": "N", "120": "N", "40": "W", "46": "N", "59": "S", "71": "W", "156": "W", "151": "W", "38": "W", "107": "E", "20": "E", "61": "E", "11": "N", "81": "E", "119": "E"}, {"153": "N", "80": "N", "19": "N", "142": "W", "147": "N", "23": "N", "104": "N", "125": "N", "113": "N", "16": "N", "139": "N", "11": "N", "15": "W", "37": "S", "40": "W", "71": "W", "105": "W", "156": "N", "117": "W", "151": "W", "140": "W", "38": "W", "76": "E", "107": "S", "146": "E", "20": "E", "61": "E", "81": "E", "119": "E"}, {"19": "W", "147": "E", "66": "N", "113": "N", "139": "N", "37": "S", "83": "S", "43": "S", "40": "N", "105": "W", "117": "W", "140": "W", "20": "E", "61": "E", "119": "E"}, {"66": "N", "104": "N", "113": "N", "139": "N", "37": "W", "83": "S", "43": "S", "71": "W", "105": "W", "117": "W", "151": "W", "140": "W", "38": "W", "20": "S", "61": "E", "119": "E"}, {"66": "N", "104": "E", "113": "N", "139": "N", "83": "S", "43": "S", "71": "W", "105": "W", "117": "W", "151": "W", "140": "W", "38": "W", "61": "N", "119": "E"}, {"66": "W", "113": "W", "83": "E", "71": "N", "105": "N", "119": "E"}, {"139": "N", "43": "S", "117": "W", "151": "W", "140": "W", "38": "W", "119": "E"}, {"139": "E", "43": "W", "117": "W", "151": "W", "140": "W", "38": "W", "119": "S"}, {"117": "S", "151": "S"}, {"140": "W", "38": "W"}, {"140": "N", "38": "N"}, {"109": "W"}, {"109": "N"}, {"109": "N"}, {"109": "N"}, {"109": "N"}, {"109": "N"}, {"109": "N"}, {"109": "N"}, {"109": "N"}, {"109": "N"}, {"109": "N"}, {"109": "N"}, {"109": "N"}, {"109": "N"}, {"109": "N"}, {"109": "N"}, {"109": "N"}, {"109": "N"}, {"109": "N"}, {"109": "N"}, {"109": "N"}, {"109": "N"}, {"109": "E"}, {"109": "E"}, {"109": "E"}, {"109": "E"}, {"109": "E"}, {"109": "E"}, {"109": "E"}, {"109": "E"}, {"109": "E"}, {"109": "E"}, {"72": "N"}, {"72": "N"}, {"72": "N"}, {"72": "N"}, {"72": "N"}, {"72": "N"}, {"72": "N"}, {"72": "N"}, {"72": "N"}, {"72": "N"}, {"72": "N"}, {"72": "N"}, {"72": "N"}, {"72": "N"}, {"72": "N"}, {"72": "N"}, {"72": "N"}, {"72": "N"}, {"72": "N"}, {"72": "N"}, {"72": "N"}, {"72": "E"}, {"72": "E"}, {"72": "E"}, {"72": "E"}, {"72": "E"}, {"140": "N"}, {"140": "N"}, {"140": "N"}, {"140": "N"}, {"140": "N"}, {"140": "N"}, {"140": "N"}, {"140": "N"}, {"140": "N"}, {"140": "N"}, {"140": "E"}, {"140": "E"}, {"140": "E"}, {"140": "E"}, {"140": "E"}, {"140": "E"}, {"140": "E"}, {"140": "E"}, {"140": "E"}, {"140": "E"}, {"140": "E"}, {"140": "E"}, {"140": "E"}, {"140": "E"}, {"140": "E"}, {"140": "E"}, {"140": "E"}, {"140": "E"}, {"140": "E"}, {"140": "E"}, {"140": "E"}, {"140": "E"}, {"140": "E"}, {"140": "E"}, {"140": "E"}, {"140": "E"}, {"140": "E"}, {"140": "E"}, {"114": "E"}, {"114": "S"}, {"114": "S"}, {"114": "S"}, {"114": "S"}, {"114": "S"}, {"114": "E"}, {"114": "E"}, {"114": "E"}, {"114": "E"}, {"114": "E"}, {"114": "E"}, {"114": "E"}, {"114": "E"}, {"114": "E"}, {"114": "E"}, {"114": "E"}, {"8": "E"}, {"8": "S"}, {"8": "S"}, {"8": "S"}, {"8": "S"}, {"8": "S"}, {"8": "E"}, {"8": "E"}, {"8": "E"}, {"82": "E"}, {"82": "N"}, {"82": "N"}, {"82": "N"}, {"82": "N"}, {"82": "N"}, {"82": "N"}, {"82": "N"}, {"82": "N"}, {"82": "N"}, {"82": "N"}, {"82": "N"}, {"82": "N"}, {"82": "N"}, {"82": "N"}, {"82": "N"}, {"82": "N"}, {"82": "N"}, {"82": "N"}, {"82": "N"}, {"82": "N"}, {"82": "N"}, {"82": "N"}, {"82": "N"}, {"82": "E"}, {"82": "E"}, {"29": "N"}, {"29": "E"}, {"29": "E"}, {"29": "E"}, {"29": "N"}, {"29": "N"}, {"29": "N"}, {"29": "N"}, {"29": "N"}, {"29": "N"}, {"29": "E"}, {"29": "E"}, {"29": "E"}, {"29": "E"}, {"29": "E"}, {"29": "E"}, {"29": "E"}, {"29": "E"}, {"29": "E"}, {"29": "E"}, {"29": "E"}, {"29": "E"}, {"29": "E"}, {"29": "E"}, {"29": "E"}, {"29": "E"}, {"29": "E"}, {"29": "E"}, {"17": "N"}, {"17": "E"}, {"17": "E"}, {"17": "E"}, {"17": "N"}, {"17": "E"}, {"17": "E"}, {"17": "E"}, {"17": "E"}, {"17": "E"}, {"17": "E"}, {"17": "E"}, {"17": "E"}, {"17": "E"}, {"17": "E"}, {"17": "E"}, {"17": "E"}, {"17": "E"}, {"17": "E"}, {"17": "E"}, {"17": "E"}, {"17": "E"}, {"17": "E"}, {"17": "E"}, {"17": "E"}, {"88": "S"}, {"88": "S"}, {"88": "E"}, {"88": "E"}, {"88": "E"}, {"88": "E"}, {"88": "E"}, {"88": "E"}, {"88": "E"}, {"88": "E"}, {"88": "E"}, {"88": "E"}, {"52": "N"}, {"52": "E"}, {"52": "N"}, {"52": "N"}, {"52": "N"}, {"52": "E"}, {"52": "E"}, {"52": "E"}, {"52": "E"}, {"52": "E"}, {"52": "E"}, {"52": "E"}, {"52": "E"}, {"52": "E"}, {"52": "E"}, {"52": "E"}, {"52": "E"}, {"52": "E"}, {"52": "E"}, {"52": "E"}, {"52": "E"}, {"52": "E"}, {"52": "E"}, {"52": "E"}, {"52": "E"}, {"43": "E"}, {"43": "N"}, {"43": "N"}, {"43": "N"}, {"43": "N"}, {"43": "N"}, {"43": "N"}, {"43": "N"}, {"43": "N"}, {"43": "N"}, {"43": "N"}, {"43": "N"}, {"43": "N"}, {"43": "N"}, {"43": "N"}, {"43": "N"}, {"43": "N"}, {"43": "N"}, {"43": "N"}, {"43": "N"}, {"43": "N"}, {"43": "N"}, {"43": "N"}, {"43": "N"}, {"43": "E"}, {"43": "E"}, {"43": "E"}, {"43": "E"}, {"43": "E"}, {"43": "E"}, {"43": "E"}, {"43": "E"}, {"43": "E"}, {"14": "E"}, {"14": "N"}, {"14": "N"}, {"14": "N"}, {"14": "N"}, {"14": "N"}, {"14": "N"}, {"14": "N"}, {"14": "N"}, {"14": "N"}, {"14": "N"}, {"14": "N"}, {"14": "N"}, {"14": "N"}, {"14": "N"}, {"14": "N"}, {"14": "N"}, {"14": "N"}, {"14": "N"}, {"14": "N"}, {"14": "N"}, {"14": "N"}, {"14": "E"}, {"14": "E"}, {"14": "E"}, {"14": "E"}, {"14": "E"}, {"14": "E"}, {"14": "E"}, {"14": "E"}, {"14": "E"}, {"14": "E"}, {"159": "N"}, {"159": "N"}, {"159": "N"}, {"159": "N"}, {"159": "N"}, {"159": "N"}, {"159": "N"}, {"159": "N"}, {"159": "N"}, {"159": "N"}, {"159": "N"}, {"159": "N"}, {"159": "N"}, {"159": "N"}, {"159": "N"}, {"159": "N"}, {"159": "N"}, {"159": "N"}, {"159": "N"}, {"159": "E"}, {"159": "E"}, {"159": "E"}, {"159": "E"}, {"159": "E"}, {"144": "S"}, {"144": "E"}, {"144": "E"}, {"144": "E"}, {"144": "S"}, {"144": "E"}, {"144": "E"}, {"144": "E"}, {"144": "E"}, {"144": "E"}, {"144": "E"}, {"144": "E"}, {"144": "E"}, {"144": "E"}, {"144": "E"}, {"144": "E"}, {"144": "E"}, {"144": "E"}, {"144": "E"}, {"144": "E"}, {"144": "E"}, {"144": "E"}, {"144": "E"}, {"144": "E"}, {"144": "E"}, {"92": "E"}, {"92": "N"}, {"92": "N"}, {"92": "N"}, {"92": "N"}, {"92": "N"}, {"92": "N"}, {"92": "N"}, {"92": "N"}, {"92": "N"}, {"92": "N"}, {"92": "N"}, {"92": "N"}, {"92": "E"}, {"92": "E"}, {"92": "E"}, {"92": "E"}, {"92": "E"}, {"92": "E"}, {"92": "E"}, {"92": "E"}, {"92": "E"}, {"92": "E"}, {"92": "E"}, {"92": "E"}, {"92": "E"}, {"92": "E"}, {"92": "E"}, {"92": "E"}, {"92": "E"}, {"92": "E"}, {"53": "W"}, {"53": "N"}, {"53": "N"}, {"53": "N"}, {"53": "N"}, {"53": "N"}, {"53": "N"}, {"53": "N"}, {"53": "N"}, {"53": "N"}, {"53": "N"}, {"53": "N"}, {"53": "N"}, {"53": "N"}, {"53": "N"}, {"53": "N"}, {"53": "N"}, {"53": "N"}, {"53": "N"}, {"53": "N"}, {"53": "N"}, {"53": "N"}, {"53": "E"}, {"53": "E"}, {"53": "E"}, {"53": "E"}, {"53": "E"}, {"53": "E"}, {"53": "E"}, {"53": "E"}, {"53": "E"}, {"3": "S"}, {"3": "E"}, {"3": "E"}, {"3": "N"}, {"3": "N"}, {"3": "N"}, {"3": "E"}, {"3": "E"}, {"3": "E"}, {"3": "E"}, {"3": "E"}, {"3": "E"}, {"3": "E"}, {"3": "E"}, {"3": "E"}, {"3": "E"}, {"3": "E"}, {"3": "E"}, {"3": "E"}, {"3": "E"}, {"3": "E"}, {"3": "E"}, {"3": "E"}, {"3": "E"}, {"3": "E"}, {"129": "E"}, {"129": "N"}, {"129": "N"}, {"129": "N"}, {"129": "N"}, {"129": "N"}, {"129": "N"}, {"129": "N"}, {"129": "N"}, {"129": "N"}, {"129": "N"}, {"129": "N"}, {"129": "N"}, {"129": "N"}, {"129": "N"}, {"129": "N"}, {"129": "N"}, {"129": "N"}, {"129": "N"}, {"129": "N"}, {"129": "N"}, {"129": "E"}, {"129": "E"}, {"129": "E"}, {"129": "E"}, {"129": "E"}, {"129": "E"}, {"129": "E"}, {"129": "E"}, {"129": "E"}, {"129": "E"}, {"102": "N"}, {"102": "N"}, {"102": "N"}, {"102": "N"}, {"102": "N"}, {"102": "N"}, {"102": "N"}, {"102": "N"}, {"102": "N"}, {"102": "N"}, {"102": "N"}, {"102": "N"}, {"102": "N"}, {"102": "N"}, {"102": "N"}, {"102": "N"}, {"102": "E"}, {"102": "E"}, {"102": "E"}, {"102": "E"}, {"102": "E"}, {"102": "E"}, {"102": "E"}, {"102": "E"}, {"102": "E"}, {"102": "E"}, {"100": "E"}, {"100": "S"}, {"100": "S"}, {"100": "S"}, {"100": "S"}, {"100": "E"}, {"100": "E"}, {"100": "E"}, {"100": "E"}, {"100": "E"}, {"100": "E"}, {"100": "E"}, {"100": "E"}, {"77": "S"}, {"77": "S"}, {"77": "S"}, {"77": "S"}, {"77": "S"}, {"77": "S"}, {"77": "E"}, {"77": "E"}, {"77": "E"}, {"77": "E"}, {"77": "E"}, {"77": "E"}, {"77": "E"}, {"77": "E"}, {"77": "E"}, {"77": "E"}, {"76": "S"}, {"76": "W"}, {"76": "W"}, {"76": "W"}, {"76": "W"}, {"76": "W"}, {"76": "W"}, {"76": "W"}, {"76": "W"}, {"76": "W"}, {"76": "W"}, {"76": "N"}, {"76": "N"}, {"76": "N"}, {"76": "N"}, {"76": "N"}, {"76": "N"}, {"76": "N"}, {"76": "N"}, {"76": "N"}, {"76": "N"}, {"6": "N"}, {"6": "E"}, {"6": "N"}, {"6": "N"}, {"6": "N"}, {"6": "N"}, {"6": "N"}, {"6": "N"}, {"6": "N"}, {"6": "N"}, {"6": "N"}, {"6": "N"}, {"6": "N"}, {"6": "E"}, {"6": "E"}, {"6": "E"}, {"6": "E"}, {"6": "E"}, {"6": "E"}, {"6": "E"}, {"6": "E"}, {"6": "E"}, {"6": "E"}, {"6": "E"}, {"6": "E"}, {"6": "E"}, {"6": "E"}, {"6": "E"}, {"6": "E"}, {"149": "E"}, {"149": "N"}, {"149": "N"}, {"149": "N"}, {"149": "N"}, {"149": "N"}, {"149": "N"}, {"149": "N"}, {"149": "N"}, {"149": "N"}, {"149": "N"}, {"149": "N"}, {"149": "N"}, {"149": "N"}, {"149": "N"}, {"149": "N"}, {"149": "N"}, {"149": "N"}, {"149": "N"}, {"149": "N"}, {"149": "E"}, {"137": "W"}, {"137": "S"}, {"137": "S"}, {"137": "S"}, {"137": "S"}, {"137": "S"}, {"137": "S"}, {"137": "E"}, {"137": "E"}, {"137": "E"}, {"125": "E"}, {"125": "S"}, {"125": "S"}, {"125": "S"}, {"125": "W"}, {"125": "S"}, {"125": "S"}, {"125": "S"}, {"125": "S"}, {"125": "S"}, {"125": "E"}, {"125": "E"}, {"125": "E"}, {"125": "E"}, {"125": "E"}, {"85": "S"}, {"85": "E"}, {"85": "E"}, {"85": "N"}, {"85": "N"}, {"85": "N"}, {"85": "N"}, {"85": "N"}, {"85": "N"}, {"85": "N"}, {"85": "E"}, {"85": "E"}, {"85": "E"}, {"85": "E"}, {"85": "E"}, {"85": "E"}, {"85": "E"}, {"85": "E"}, {"85": "E"}, {"85": "E"}, {"85": "E"}, {"85": "E"}, {"85": "E"}, {"85": "E"}, {"85": "E"}, {"85": "E"}, {"85": "E"}, {"85": "E"}, {"85": "E"}, {"78": "N"}, {"78": "E"}, {"78": "E"}, {"78": "E"}, {"78": "E"}, {"78": "E"}, {"78": "E"}, {"78": "E"}, {"78": "E"}, {"78": "E"}, {"78": "E"}, {"78": "E"}, {"78": "E"}, {"78": "E"}, {"78": "E"}, {"78": "E"}, {"78": "E"}, {"78": "E"}, {"78": "E"}, {"78": "E"}, {"78": "E"}, {"78": "E"}, {"78": "E"}, {"62": "E"}, {"62": "N"}, {"62": "N"}, {"62": "N"}, {"62": "N"}, {"62": "N"}, {"62": "N"}, {"62": "N"}, {"62": "N"}, {"62": "N"}, {"62": "N"}, {"62": "N"}, {"62": "N"}, {"62": "N"}, {"62": "N"}, {"62": "N"}, {"62": "N"}, {"62": "N"}, {"62": "N"}, {"62": "N"}, {"62": "N"}, {"62": "E"}, {"62": "E"}, {"40": "N"}, {"40": "N"}, {"40": "N"}, {"40": "N"}, {"40": "N"}, {"40": "E"}, {"40": "E"}, {"40": "E"}, {"40": "E"}, {"40": "E"}, {"40": "E"}, {"40": "E"}, {"40": "E"}, {"40": "E"}, {"40": "E"}, {"40": "E"}, {"40": "E"}, {"40": "E"}, {"40": "E"}, {"40": "E"}, {"40": "E"}, {"40": "E"}, {"40": "E"}, {"40": "E"}, {"24": "N"}, {"24": "N"}, {"24": "N"}, {"24": "N"}, {"24": "N"}, {"24": "N"}, {"24": "N"}, {"24": "N"}, {"24": "N"}, {"24": "N"}, {"24": "N"}, {"24": "N"}, {"24": "N"}, {"24": "N"}, {"24": "N"}, {"24": "N"}, {"24": "E"}, {"24": "E"}, {"24": "E"}, {"24": "E"}, {"24": "E"}, {"24": "E"}, {"24": "E"}, {"148": "E"}, {"148": "S"}, {"148": "S"}, {"148": "S"}, {"148": "S"}, {"148": "S"}, {"148": "S"}, {"148": "S"}, {"148": "S"}, {"148": "E"}, {"148": "E"}, {"148": "E"}, {"148": "E"}, {"148": "E"}, {"148": "E"}, {"148": "E"}, {"148": "E"}, {"148": "E"}, {"120": "N"}, {"120": "N"}, {"120": "N"}, {"120": "E"}, {"120": "E"}, {"120": "S"}, {"120": "E"}, {"120": "E"}, {"120": "E"}, {"120": "N"}, {"120": "N"}, {"120": "N"}, {"120": "N"}, {"120": "N"}, {"120": "E"}, {"120": "E"}, {"120": "E"}, {"120": "E"}, {"120": "E"}, {"120": "E"}, {"120": "E"}, {"120": "E"}, {"120": "E"}, {"120": "E"}, {"120": "E"}, {"120": "E"}, {"120": "E"}, {"120": "E"}, {"120": "E"}, {"120": "E"}, {"120": "E"}, {"107": "N"}, {"107": "W"}, {"107": "W"}, {"107": "W"}, {"107": "W"}, {"107": "W"}, {"107": "W"}, {"107": "W"}, {"107": "W"}, {"107": "W"}, {"107": "W"}, {"107": "W"}, {"107": "W"}, {"107": "W"}, {"107": "N"}, {"107": "N"}, {"107": "N"}, {"107": "N"}, {"107": "N"}, {"107": "N"}, {"107": "N"}, {"107": "N"}, {"107": "N"}, {"107": "N"}, {"87": "W"}, {"87": "S"}, {"87": "S"}, {"87": "W"}, {"87": "W"}, {"87": "S"}, {"87": "S"}, {"87": "S"}, {"87": "S"}, {"87": "E"}, {"87": "E"}, {"87": "E"}, {"87": "E"}, {"81": "W"}, {"81": "W"}, {"81": "W"}, {"81": "W"}, {"81": "W"}, {"81": "W"}, {"81": "W"}, {"81": "W"}, {"81": "N"}, {"81": "N"}, {"81": "N"}, {"81": "N"}, {"81": "N"}, {"81": "N"}, {"81": "N"}, {"75": "N"}, {"75": "W"}, {"75": "W"}, {"75": "S"}, {"75": "S"}, {"75": "S"}, {"75": "S"}, {"75": "S"}, {"75": "S"}, {"75": "S"}, {"75": "W"}, {"75": "W"}, {"75": "W"}, {"75": "N"}, {"75": "N"}, {"35": "E"}, {"35": "E"}, {"35": "N"}, {"35": "N"}, {"35": "N"}, {"35": "N"}, {"35": "N"}, {"35": "N"}, {"35": "N"}, {"35": "N"}, {"35": "N"}, {"35": "N"}, {"35": "N"}, {"35": "N"}, {"35": "N"}, {"35": "N"}, {"35": "N"}, {"35": "E"}, {"35": "E"}, {"35": "E"}, {"35": "E"}, {"35": "E"}, {"35": "E"}, {"35": "E"}, {"23": "E"}, {"23": "S"}, {"23": "S"}, {"23": "S"}, {"23": "S"}, {"23": "W"}, {"23": "W"}, {"23": "S"}, {"23": "S"}, {"23": "E"}, {"23": "E"}, {"108": "S"}, {"108": "E"}, {"108": "E"}, {"108": "E"}, {"108": "E"}, {"108": "E"}, {"108": "S"}, {"108": "E"}, {"108": "S"}, {"108": "S"}, {"108": "S"}, {"108": "S"}, {"108": "S"}, {"108": "S"}, {"108": "S"}, {"108": "S"}, {"108": "S"}, {"108": "W"}, {"65": "W"}, {"65": "S"}, {"65": "S"}, {"65": "S"}, {"65": "S"}, {"65": "S"}, {"65": "E"}, {"65": "E"}, {"65": "E"}, {"65": "E"}, {"65": "E"}, {"65": "E"}, {"21": "W"}, {"21": "S"}, {"21": "W"}, {"21": "W"}, {"21": "W"}, {"21": "W"}, {"21": "W"}, {"21": "S"}, {"21": "S"}, {"21": "S"}, {"21": "S"}, {"21": "S"}, {"21": "S"}, {"21": "E"}, {"21": "E"}, {"21": "E"}, {"21": "E"}, {"21": "E"}, {"12": "N"}, {"12": "E"}, {"12": "E"}, {"12": "E"}, {"12": "E"}, {"12": "E"}, {"12": "E"}, {"12": "N"}, {"12": "E"}, {"12": "E"}, {"12": "E"}, {"12": "E"}, {"12": "E"}, {"12": "E"}, {"12": "E"}, {"12": "E"}, {"12": "E"}, {"12": "E"}, {"12": "E"}, {"12": "E"}, {"12": "E"}, {"12": "E"}, {"12": "E"}, {"12": "E"}, {"12": "E"}, {"158": "W"}, {"158": "S"}, {"158": "S"}, {"158": "W"}, {"158": "W"}, {"158": "W"}, {"158": "W"}, {"158": "W"}, {"158": "W"}, {"158": "W"}, {"158": "W"}, {"158": "W"}, {"158": "N"}, {"158": "N"}, {"158": "N"}, {"158": "N"}, {"158": "N"}, {"158": "N"}, {"158": "N"}, {"158": "N"}, {"138": "E"}, {"138": "S"}, {"138": "E"}, {"138": "E"}, {"138": "E"}, {"138": "E"}, {"138": "E"}, {"138": "E"}, {"138": "E"}, {"138": "E"}, {"138": "E"}, {"138": "E"}, {"138": "E"}, {"138": "E"}, {"138": "E"}, {"138": "E"}, {"138": "E"}, {"138": "E"}, {"115": "N"}, {"115": "W"}, {"115": "W"}, {"115": "W"}, {"115": "N"}, {"115": "N"}, {"115": "N"}, {"115": "N"}, {"115": "W"}, {"115": "N"}, {"115": "W"}, {"115": "W"}, {"115": "W"}, {"115": "W"}, {"115": "W"}, {"115": "W"}, {"115": "W"}, {"115": "W"}, {"115": "W"}, {"115": "W"}, {"115": "S"}, {"94": "S"}, {"94": "E"}, {"94": "E"}, {"94": "S"}, {"94": "E"}, {"94": "S"}, {"94": "S"}, {"94": "S"}, {"94": "S"}, {"94": "S"}, {"94": "S"}, {"94": "S"}, {"94": "S"}, {"94": "S"}, {"94": "S"}, {"94": "W"}, {"94": "W"}, {"94": "W"}, {"94": "W"}, {"94": "N"}, {"94": "N"}, {"94": "N"}, {"71": "S"}, {"71": "E"}, {"71": "E"}, {"71": "E"}, {"71": "E"}, {"71": "E"}, {"71": "E"}, {"71": "S"}, {"71": "S"}, {"71": "S"}, {"71": "E"}, {"71": "E"}, {"71": "E"}, {"71": "E"}, {"71": "E"}, {"71": "E"}, {"71": "E"}, {"71": "E"}, {"71": "E"}, {"71": "E"}, {"71": "E"}, {"71": "E"}, {"71": "E"}, {"71": "E"}, {"71": "E"}, {"71": "E"}, {"71": "E"}, {"71": "E"}, {"71": "E"}, {"71": "E"}, {"57": "E"}, {"57": "S"}, {"57": "S"}, {"57": "E"}, {"57": "E"}, {"57": "E"}, {"57": "E"}, {"57": "S"}, {"57": "E"}, {"57": "S"}, {"57": "S"}, {"57": "S"}, {"57": "S"}, {"57": "S"}, {"57": "S"}, {"57": "S"}, {"57": "S"}, {"57": "S"}, {"57": "S"}, {"57": "S"}, {"57": "W"}, {"57": "W"}, {"57": "N"}, {"57": "N"}, {"51": "S"}, {"51": "E"}, {"51": "S"}, {"51": "S"}, {"51": "S"}, {"51": "S"}, {"51": "E"}, {"51": "E"}, {"51": "E"}, {"51": "E"}, {"51": "E"}, {"51": "E"}, {"51": "E"}, {"51": "E"}, {"51": "E"}, {"51": "E"}, {"51": "E"}, {"51": "E"}, {"51": "E"}, {"51": "E"}, {"51": "E"}, {"51": "E"}, {"51": "E"}, {"51": "E"}, {"34": "E"}, {"34": "N"}, {"34": "N"}, {"34": "E"}, {"34": "N"}, {"34": "N"}, {"34": "N"}, {"34": "N"}, {"34": "N"}, {"34": "N"}, {"34": "N"}, {"34": "N"}, {"34": "N"}, {"34": "N"}, {"34": "N"}, {"34": "N"}, {"34": "N"}, {"34": "N"}, {"34": "N"}, {"34": "N"}, {"34": "N"}, {"34": "N"}, {"34": "E"}, {"34": "E"}, {"124": "S"}, {"124": "E"}, {"124": "S"}, {"124": "S"}, {"124": "S"}, {"124": "S"}, {"124": "E"}, {"124": "E"}, {"124": "E"}, {"124": "E"}, {"124": "E"}, {"124": "E"}, {"124": "E"}, {"124": "E"}, {"124": "E"}, {"124": "E"}, {"124": "E"}, {"124": "E"}, {"124": "E"}, {"124": "E"}, {"124": "E"}, {"124": "E"}, {"124": "E"}, {"124": "E"}, {"124": "E"}, {"124": "E"}, {"117": "N"}, {"117": "E"}, {"117": "E"}, {"117": "E"}, {"117": "E"}, {"117": "E"}, {"117": "E"}, {"117": "E"}, {"117": "E"}, {"117": "N"}, {"117": "N"}, {"117": "N"}, {"117": "N"}, {"117": "N"}, {"117": "E"}, {"117": "E"}, {"117": "E"}, {"117": "E"}, {"117": "E"}, {"117": "E"}, {"117": "E"}, {"117": "E"}, {"117": "E"}, {"117": "E"}, {"117": "E"}, {"117": "E"}, {"117": "E"}, {"117": "E"}, {"117": "E"}, {"117": "E"}, {"117": "E"}, {"104": "W"}, {"104": "S"}, {"104": "S"}, {"104": "S"}, {"104": "S"}, {"104": "S"}, {"104": "S"}, {"104": "S"}, {"104": "S"}, {"104": "S"}, {"104": "S"}, {"104": "S"}, {"104": "S"}, {"104": "S"}, {"104": "E"}, {"104": "E"}, {"104": "E"}, {"104": "E"}, {"104": "E"}, {"104": "E"}, {"104": "E"}, {"104": "E"}, {"104": "E"}, {"98": "S"}, {"98": "E"}, {"98": "E"}, {"98": "E"}, {"98": "N"}, {"98": "N"}, {"98": "N"}, {"98": "N"}, {"98": "N"}, {"98": "N"}, {"98": "N"}, {"98": "E"}, {"98": "E"}, {"98": "E"}, {"98": "E"}, {"98": "E"}, {"98": "E"}, {"98": "E"}, {"98": "E"}, {"98": "E"}, {"98": "E"}, {"98": "E"}, {"98": "E"}, {"98": "E"}, {"98": "E"}, {"98": "E"}, {"58": "N"}, {"58": "E"}, {"58": "N"}, {"58": "E"}, {"58": "E"}, {"58": "E"}, {"58": "E"}, {"58": "E"}, {"58": "E"}, {"58": "E"}, {"58": "E"}, {"58": "E"}, {"58": "E"}, {"58": "E"}, {"58": "E"}, {"58": "E"}, {"58": "E"}, {"58": "E"}, {"58": "E"}, {"58": "E"}, {"58": "E"}, {"150": "E"}, {"150": "N"}, {"150": "N"}, {"150": "N"}, {"150": "N"}, {"150": "N"}, {"150": "N"}, {"150": "N"}, {"150": "N"}, {"150": "N"}, {"150": "N"}, {"150": "N"}, {"150": "N"}, {"150": "N"}, {"150": "N"}, {"150": "E"}, {"150": "E"}, {"150": "E"}, {"150": "E"}, {"150": "E"}, {"150": "E"}, {"150": "E"}, {"131": "E"}, {"131": "N"}, {"131": "N"}, {"131": "N"}, {"131": "N"}, {"131": "N"}, {"131": "E"}, {"131": "E"}, {"131": "E"}, {"131": "E"}, {"131": "E"}, {"131": "E"}, {"131": "E"}, {"131": "E"}, {"131": "E"}, {"131": "E"}, {"131": "E"}, {"131": "E"}, {"131": "E"}, {"131": "E"}, {"131": "E"}, {"127": "W"}, {"127": "S"}, {"127": "S"}, {"127": "S"}, {"127": "W"}, {"127": "W"}, {"127": "W"}, {"127": "W"}, {"127": "W"}, {"127": "S"}, {"127": "S"}, {"127": "S"}, {"127": "S"}, {"127": "S"}, {"127": "S"}, {"127": "S"}, {"127": "S"}, {"127": "S"}, {"127": "E"}, {"127": "E"}, {"127": "E"}, {"127": "E"}, {"127": "E"}, {"121": "E"}, {"121": "N"}, {"121": "N"}, {"121": "N"}, {"121": "N"}, {"121": "N"}, {"121": "N"}, {"121": "N"}, {"121": "N"}, {"121": "N"}, {"121": "N"}, {"121": "N"}, {"121": "N"}, {"121": "N"}, {"121": "N"}, {"121": "E"}, {"121": "E"}, {"121": "E"}, {"121": "E"}, {"121": "E"}, {"121": "E"}, {"121": "E"}, {"121": "E"}, {"121": "E"}, {"121": "E"}, {"121": "E"}, {"111": "N"}, {"111": "E"}, {"111": "E"}, {"111": "S"}, {"111": "S"}, {"111": "S"}, {"111": "S"}, {"111": "S"}, {"111": "S"}, {"111": "S"}, {"111": "E"}, {"111": "E"}, {"111": "E"}, {"111": "E"}, {"111": "E"}, {"111": "E"}, {"111": "E"}, {"111": "E"}, {"111": "E"}, {"111": "E"}, {"111": "E"}, {"111": "E"}, {"111": "E"}, {"111": "E"}, {"111": "E"}, {"111": "E"}, {"111": "E"}, {"111": "E"}, {"111": "E"}, {"101": "W"}, {"101": "N"}, {"101": "N"}, {"101": "N"}, {"101": "N"}, {"101": "N"}, {"101": "N"}, {"101": "N"}, {"101": "N"}, {"101": "N"}, {"101": "N"}, {"101": "N"}, {"101": "W"}, {"101": "N"}, {"101": "W"}, {"101": "W"}, {"101": "W"}, {"101": "W"}, {"101": "W"}, {"101": "W"}, {"101": "W"}, {"101": "W"}, {"101": "W"}, {"101": "W"}, {"101": "W"}, {"101": "W"}, {"101": "S"}, {"30": "W"}, {"30": "S"}, {"30": "S"}, {"30": "E"}, {"30": "S"}, {"30": "S"}, {"30": "S"}, {"30": "S"}, {"30": "S"}, {"30": "S"}, {"30": "S"}, {"30": "E"}, {"30": "E"}, {"30": "E"}, {"26": "N"}, {"26": "E"}, {"26": "E"}, {"26": "E"}, {"26": "S"}, {"26": "S"}, {"26": "E"}, {"26": "E"}, {"26": "E"}, {"26": "E"}, {"26": "E"}, {"26": "E"}, {"26": "E"}, {"26": "E"}, {"26": "E"}, {"26": "E"}, {"26": "E"}, {"26": "E"}, {"26": "E"}, {"26": "E"}, {"26": "E"}, {"26": "E"}, {"26": "E"}, {"26": "E"}, {"26": "E"}, {"26": "E"}, {"18": "W"}, {"18": "N"}, {"18": "N"}, {"18": "N"}, {"18": "N"}, {"18": "N"}, {"18": "N"}, {"18": "W"}, {"18": "N"}, {"18": "W"}, {"18": "W"}, {"18": "W"}, {"18": "W"}, {"18": "W"}, {"18": "W"}, {"18": "W"}, {"18": "W"}, {"18": "W"}, {"18": "S"}, {"18": "S"}, {"18": "S"}, {"18": "S"}, {"152": "W"}, {"152": "N"}, {"152": "N"}, {"152": "N"}, {"152": "N"}, {"152": "N"}, {"152": "N"}, {"152": "N"}, {"152": "N"}, {"152": "N"}, {"152": "N"}, {"152": "N"}, {"152": "N"}, {"152": "N"}, {"152": "N"}, {"152": "E"}, {"152": "E"}, {"152": "E"}, {"152": "E"}, {"152": "E"}, {"152": "E"}, {"152": "E"}, {"152": "E"}, {"152": "E"}, {"152": "E"}, {"99": "E"}, {"99": "S"}, {"99": "S"}, {"99": "S"}, {"99": "S"}, {"99": "S"}, {"99": "E"}, {"99": "S"}, {"99": "S"}, {"99": "S"}, {"99": "W"}, {"99": "S"}, {"99": "S"}, {"99": "S"}, {"99": "S"}, {"99": "S"}, {"99": "S"}, {"99": "S"}, {"99": "S"}, {"99": "S"}, {"99": "E"}, {"99": "E"}, {"99": "E"}, {"99": "E"}, {"99": "E"}, {"99": "E"}, {"99": "E"}, {"99": "E"}, {"73": "N"}, {"73": "N"}, {"73": "N"}, {"73": "N"}, {"73": "N"}, {"73": "N"}, {"73": "N"}, {"73": "N"}, {"73": "N"}, {"73": "N"}, {"73": "N"}, {"73": "N"}, {"73": "N"}, {"73": "N"}, {"73": "E"}, {"73": "E"}, {"73": "E"}, {"73": "E"}, {"73": "E"}, {"73": "E"}, {"73": "E"}, {"73": "E"}, {"48": "W"}, {"48": "S"}, {"48": "S"}, {"48": "S"}, {"48": "S"}, {"48": "W"}, {"48": "W"}, {"48": "S"}, {"48": "S"}, {"48": "S"}, {"48": "W"}, {"48": "S"}, {"48": "S"}, {"48": "S"}, {"48": "E"}, {"48": "E"}, {"39": "S"}, {"39": "W"}, {"39": "W"}, {"39": "W"}, {"39": "S"}, {"39": "S"}, {"39": "S"}, {"39": "S"}, {"39": "S"}, {"39": "S"}, {"39": "S"}, {"39": "S"}, {"39": "S"}, {"39": "W"}, {"39": "W"}, {"39": "W"}, {"39": "W"}, {"39": "W"}, {"39": "W"}, {"39": "N"}, {"39": "N"}, {"39": "N"}, {"39": "N"}, {"39": "N"}, {"145": "W"}, {"145": "S"}, {"145": "W"}, {"145": "W"}, {"145": "W"}, {"145": "W"}, {"145": "W"}, {"145": "W"}, {"145": "W"}, {"145": "W"}, {"145": "S"}, {"145": "S"}, {"145": "S"}, {"145": "W"}, {"145": "S"}, {"145": "S"}, {"145": "S"}, {"145": "S"}, {"145": "S"}, {"145": "S"}, {"145": "E"}, {"145": "E"}, {"145": "E"}, {"145": "E"}, {"139": "W"}, {"139": "S"}, {"139": "S"}, {"139": "S"}, {"139": "S"}, {"139": "S"}, {"139": "S"}, {"139": "S"}, {"139": "W"}, {"139": "W"}, {"139": "W"}, {"139": "W"}, {"139": "W"}, {"139": "W"}, {"139": "W"}, {"139": "S"}, {"133": "W"}, {"133": "S"}, {"133": "S"}, {"133": "S"}, {"133": "W"}, {"133": "W"}, {"133": "W"}, {"133": "W"}, {"133": "S"}, {"133": "S"}, {"133": "S"}, {"133": "S"}, {"110": "W"}, {"110": "N"}, {"110": "N"}, {"110": "N"}, {"110": "N"}, {"110": "N"}, {"110": "N"}, {"110": "N"}, {"110": "N"}, {"110": "N"}, {"110": "N"}, {"110": "N"}, {"110": "N"}, {"110": "E"}, {"110": "E"}, {"110": "E"}, {"110": "E"}, {"110": "E"}, {"110": "E"}, {"110": "E"}, {"110": "E"}, {"110": "E"}, {"110": "E"}, {"110": "E"}, {"110": "E"}, {"110": "E"}, {"110": "E"}, {"83": "E"}, {"83": "N"}, {"83": "N"}, {"83": "N"}, {"83": "E"}, {"83": "N"}, {"83": "N"}, {"83": "N"}, {"83": "N"}, {"83": "N"}, {"83": "N"}, {"83": "N"}, {"83": "N"}, {"83": "N"}, {"83": "N"}, {"83": "E"}, {"83": "E"}, {"83": "E"}, {"83": "E"}, {"83": "E"}, {"83": "E"}, {"46": "N"}, {"46": "N"}, {"46": "E"}, {"46": "E"}, {"46": "E"}, {"46": "E"}, {"46": "N"}, {"46": "E"}, {"46": "E"}, {"46": "E"}, {"46": "E"}, {"46": "E"}, {"46": "E"}, {"46": "E"}, {"46": "E"}, {"46": "E"}, {"46": "E"}, {"46": "E"}, {"46": "E"}, {"46": "E"}, {"46": "E"}, {"46": "E"}, {"42": "W"}, {"42": "W"}, {"42": "W"}, {"42": "S"}, {"42": "W"}, {"42": "S"}, {"42": "W"}, {"42": "W"}, {"42": "W"}, {"42": "W"}, {"42": "W"}, {"42": "W"}, {"42": "W"}, {"42": "W"}, {"42": "W"}, {"42": "W"}, {"42": "N"}, {"42": "N"}, {"42": "N"}, {"42": "N"}, {"42": "N"}, {"42": "N"}, {"42": "N"}, {"42": "N"}, {"42": "N"}, {"42": "N"}, {"16": "E"}, {"16": "S"}, {"16": "S"}, {"16": "E"}, {"16": "E"}, {"16": "E"}, {"16": "E"}, {"16": "E"}, {"16": "E"}, {"16": "E"}, {"16": "S"}, {"16": "E"}, {"16": "S"}, {"16": "S"}, {"16": "S"}, {"16": "S"}, {"16": "S"}, {"16": "S"}, {"16": "S"}, {"16": "S"}, {"16": "S"}, {"16": "S"}, {"16": "S"}, {"16": "S"}, {"16": "S"}, {"16": "W"}, {"16": "S"}, {"156": "S"}, {"156": "E"}, {"156": "E"}, {"156": "E"}, {"156": "E"}, {"156": "S"}, {"156": "S"}, {"156": "S"}, {"156": "S"}, {"156": "S"}, {"156": "S"}, {"156": "S"}, {"156": "S"}, {"156": "S"}, {"156": "E"}, {"156": "E"}, {"156": "E"}, {"156": "E"}, {"156": "E"}, {"156": "E"}, {"156": "E"}, {"156": "E"}, {"156": "E"}, {"156": "E"}, {"156": "E"}, {"156": "E"}, {"156": "E"}, {"156": "E"}, {"156": "E"}, {"156": "E"}, {"156": "E"}, {"156": "E"}, {"119": "N"}, {"119": "W"}, {"119": "W"}, {"119": "W"}, {"119": "W"}, {"119": "W"}, {"119": "S"}, {"119": "S"}, {"119": "S"}, {"119": "S"}, {"119": "S"}, {"119": "W"}, {"119": "W"}, {"119": "W"}, {"119": "W"}, {"119": "W"}, {"119": "W"}, {"119": "W"}, {"119": "W"}, {"119": "W"}, {"119": "W"}, {"119": "N"}, {"119": "N"}, {"119": "N"}, {"119": "N"}, {"119": "N"}, {"119": "N"}, {"119": "N"}, {"119": "N"}, {"119": "N"}, {"91": "N"}, {"91": "E"}, {"91": "E"}, {"91": "E"}, {"91": "E"}, {"91": "E"}, {"91": "E"}, {"91": "S"}, {"91": "E"}, {"91": "E"}, {"91": "E"}, {"91": "E"}, {"91": "E"}, {"91": "E"}, {"91": "E"}, {"91": "E"}, {"91": "E"}, {"91": "E"}, {"91": "E"}, {"91": "E"}, {"91": "E"}, {"91": "E"}, {"91": "E"}, {"91": "E"}, {"91": "E"}, {"91": "E"}, {"91": "E"}, {"74": "W"}, {"74": "S"}, {"74": "S"}, {"74": "S"}, {"74": "E"}, {"74": "S"}, {"74": "S"}, {"74": "S"}, {"74": "W"}, {"74": "W"}, {"74": "W"}, {"74": "S"}, {"74": "S"}, {"74": "S"}, {"74": "S"}, {"74": "S"}, {"74": "S"}, {"74": "S"}, {"74": "S"}, {"74": "S"}, {"74": "E"}, {"74": "E"}, {"74": "E"}, {"74": "E"}, {"74": "E"}, {"74": "E"}, {"74": "E"}, {"74": "E"}, {"59": "N"}, {"59": "E"}, {"59": "E"}, {"59": "E"}, {"59": "N"}, {"59": "N"}, {"59": "N"}, {"59": "N"}, {"59": "N"}, {"59": "N"}, {"59": "E"}, {"59": "E"}, {"59": "E"}, {"59": "E"}, {"59": "E"}, {"59": "E"}, {"59": "E"}, {"59": "E"}, {"59": "E"}, {"59": "E"}, {"59": "E"}, {"59": "E"}, {"59": "E"}, {"59": "E"}, {"59": "E"}, {"54": "S"}, {"54": "E"}, {"54": "E"}, {"54": "E"}, {"54": "E"}, {"54": "N"}, {"54": "N"}, {"54": "N"}, {"54": "N"}, {"54": "E"}, {"54": "E"}, {"54": "E"}, {"54": "E"}, {"54": "E"}, {"54": "E"}, {"54": "E"}, {"54": "E"}, {"54": "E"}, {"54": "E"}, {"54": "E"}, {"54": "E"}, {"54": "E"}, {"54": "E"}, {"54": "E"}, {"54": "E"}, {"54": "E"}, {"146": "S"}, {"146": "W"}, {"146": "W"}, {"146": "N"}, {"146": "N"}, {"146": "N"}, {"146": "N"}, {"146": "N"}, {"146": "N"}, {"146": "N"}, {"146": "N"}, {"146": "N"}, {"146": "N"}, {"146": "W"}, {"146": "N"}, {"146": "W"}, {"146": "W"}, {"146": "W"}, {"146": "W"}, {"146": "W"}, {"146": "W"}, {"146": "W"}, {"146": "W"}, {"146": "W"}, {"146": "W"}, {"146": "W"}, {"146": "W"}, {"146": "W"}, {"146": "S"}, {"146": "S"}, {"146": "W"}, {"146": "S"}, {"141": "E"}, {"141": "N"}, {"141": "N"}, {"141": "N"}, {"141": "N"}, {"141": "N"}, {"141": "N"}, {"141": "N"}, {"141": "N"}, {"141": "N"}, {"141": "N"}, {"141": "N"}, {"141": "E"}, {"141": "E"}, {"141": "E"}, {"141": "E"}, {"141": "E"}, {"141": "E"}, {"141": "E"}, {"141": "E"}, {"97": "N"}, {"97": "E"}, {"97": "E"}, {"97": "E"}, {"97": "N"}, {"97": "E"}, {"97": "E"}, {"97": "E"}, {"97": "E"}, {"97": "E"}, {"97": "E"}, {"97": "E"}, {"97": "E"}, {"97": "E"}, {"97": "E"}, {"97": "E"}, {"97": "E"}, {"97": "E"}, {"97": "E"}, {"97": "E"}, {"97": "E"}, {"93": "E"}, {"93": "N"}, {"93": "N"}, {"93": "N"}, {"93": "N"}, {"93": "N"}, {"93": "N"}, {"93": "E"}, {"93": "E"}, {"93": "E"}, {"93": "E"}, {"93": "E"}, {"93": "E"}, {"93": "E"}, {"93": "E"}, {"93": "E"}, {"93": "E"}, {"44": "N"}, {"44": "E"}, {"44": "E"}, {"44": "E"}, {"44": "E"}, {"44": "E"}, {"44": "N"}, {"44": "N"}, {"44": "N"}, {"44": "E"}, {"44": "E"}, {"44": "E"}, {"44": "E"}, {"44": "E"}, {"44": "E"}, {"44": "E"}, {"44": "E"}, {"44": "E"}, {"44": "E"}, {"44": "E"}, {"44": "E"}, {"44": "E"}, {"44": "E"}, {"28": "E"}, {"28": "E"}, {"28": "S"}, {"28": "S"}, {"28": "S"}, {"28": "S"}, {"28": "S"}, {"28": "E"}, {"28": "E"}, {"28": "E"}, {"28": "E"}, {"28": "S"}, {"28": "E"}, {"28": "S"}, {"28": "S"}, {"28": "S"}, {"28": "S"}, {"28": "S"}, {"28": "S"}, {"28": "S"}, {"28": "S"}, {"28": "S"}, {"28": "S"}, {"28": "S"}, {"28": "S"}, {"28": "S"}, {"28": "S"}, {"28": "S"}, {"28": "W"}, {"28": "W"}, {"28": "W"}, {"28": "W"}, {"28": "N"}, {"28": "N"}, {"25": "N"}, {"25": "N"}, {"25": "N"}, {"25": "N"}, {"25": "N"}, {"25": "N"}, {"25": "N"}, {"25": "N"}, {"25": "N"}, {"25": "N"}, {"25": "E"}, {"25": "E"}, {"25": "E"}, {"25": "E"}, {"25": "E"}, {"25": "E"}, {"25": "E"}, {"25": "E"}, {"25": "E"}, {"25": "E"}, {"25": "E"}, {"25": "E"}, {"25": "E"}, {"89": "W"}, {"89": "S"}, {"89": "S"}, {"89": "S"}, {"89": "S"}, {"89": "S"}, {"89": "S"}, {"89": "S"}, {"89": "S"}, {"89": "S"}, {"89": "S"}, {"89": "S"}, {"89": "S"}, {"89": "S"}, {"89": "S"}, {"89": "S"}, {"89": "S"}, {"89": "S"}, {"89": "S"}, {"89": "S"}, {"89": "S"}, {"89": "S"}, {"89": "S"}, {"89": "E"}, {"89": "E"}, {"89": "E"}, {"89": "E"}, {"89": "E"}, {"89": "E"}, {"89": "E"}, {"89": "E"}, {"89": "E"}, {"89": "E"}, {"89": "E"}, {"89": "E"}, {"89": "E"}, {"64": "S"}, {"64": "E"}, {"64": "E"}, {"64": "N"}, {"64": "E"}, {"64": "E"}, {"64": "E"}, {"64": "E"}, {"64": "E"}, {"64": "E"}, {"64": "E"}, {"64": "E"}, {"64": "E"}, {"64": "E"}, {"64": "E"}, {"64": "E"}, {"64": "E"}, {"64": "E"}, {"64": "E"}, {"64": "E"}, {"64": "E"}, {"64": "E"}, {"50": "W"}, {"50": "N"}, {"50": "N"}, {"50": "N"}, {"50": "N"}, {"50": "N"}, {"50": "N"}, {"50": "N"}, {"50": "N"}, {"50": "N"}, {"50": "N"}, {"50": "N"}, {"50": "E"}, {"50": "E"}, {"50": "E"}, {"50": "E"}, {"50": "E"}, {"50": "E"}, {"50": "E"}, {"50": "E"}, {"45": "E"}, {"45": "S"}, {"45": "S"}, {"45": "E"}, {"45": "S"}, {"45": "S"}, {"45": "S"}, {"45": "W"}, {"45": "W"}, {"45": "W"}, {"45": "S"}, {"45": "S"}, {"45": "S"}, {"45": "S"}, {"45": "S"}, {"45": "S"}, {"45": "S"}, {"45": "S"}, {"45": "S"}, {"45": "S"}, {"45": "S"}, {"45": "S"}, {"45": "E"}, {"45": "E"}, {"45": "E"}, {"45": "E"}, {"45": "E"}, {"45": "E"}, {"45": "E"}, {"45": "E"}, {"45": "E"}, {"41": "N"}, {"41": "E"}, {"41": "N"}, {"41": "N"}, {"41": "N"}, {"41": "E"}, {"41": "E"}, {"41": "E"}, {"41": "E"}, {"41": "E"}, {"41": "E"}, {"41": "E"}, {"41": "E"}, {"41": "E"}, {"41": "E"}, {"41": "E"}, {"41": "E"}, {"41": "E"}, {"41": "E"}, {"41": "E"}, {"41": "E"}, {"41": "E"}, {"41": "E"}, {"41": "E"}, {"36": "W"}, {"36": "S"}, {"36": "S"}, {"36": "S"}, {"36": "S"}, {"36": "W"}, {"36": "S"}, {"36": "S"}, {"36": "S"}, {"36": "W"}, {"36": "S"}, {"36": "S"}, {"36": "S"}, {"36": "S"}, {"36": "E"}, {"32": "N"}, {"32": "E"}, {"32": "E"}, {"32": "N"}, {"32": "N"}, {"32": "N"}, {"32": "E"}, {"32": "E"}, {"32": "E"}, {"32": "E"}, {"32": "E"}, {"32": "E"}, {"32": "E"}, {"32": "E"}, {"32": "E"}, {"32": "E"}, {"32": "E"}, {"32": "E"}, {"32": "E"}, {"32": "E"}, {"32": "E"}, {"32": "E"}, {"9": "W"}, {"9": "N"}, {"9": "N"}, {"9": "N"}, {"9": "N"}, {"9": "N"}, {"9": "N"}, {"9": "N"}, {"9": "N"}, {"9": "N"}, {"9": "N"}, {"9": "N"}, {"9": "N"}, {"9": "E"}, {"9": "E"}, {"9": "E"}, {"9": "E"}, {"9": "E"}, {"9": "E"}, {"9": "E"}, {"9": "E"}, {"9": "E"}, {"9": "E"}, {"143": "S"}, {"143": "S"}, {"143": "E"}, {"143": "E"}, {"143": "E"}, {"143": "E"}, {"143": "E"}, {"143": "E"}, {"143": "E"}, {"143": "S"}, {"143": "S"}, {"143": "E"}, {"143": "E"}, {"143": "E"}, {"143": "E"}, {"143": "E"}, {"143": "E"}, {"143": "E"}, {"143": "E"}, {"143": "E"}, {"143": "E"}, {"143": "E"}, {"143": "E"}, {"143": "E"}, {"143": "E"}, {"143": "E"}, {"143": "E"}, {"143": "E"}, {"143": "E"}, {"143": "E"}, {"143": "E"}, {"116": "S"}, {"116": "E"}, {"116": "E"}, {"116": "E"}, {"116": "E"}, {"116": "E"}, {"116": "E"}, {"116": "E"}, {"116": "E"}, {"116": "E"}, {"116": "E"}, {"116": "E"}, {"116": "E"}, {"116": "E"}, {"116": "E"}, {"116": "E"}, {"116": "E"}, {"116": "E"}, {"116": "E"}, {"116": "E"}, {"116": "E"}, {"116": "E"}, {"67": "W"}, {"67": "N"}, {"67": "N"}, {"67": "N"}, {"67": "N"}, {"67": "N"}, {"67": "N"}, {"67": "N"}, {"67": "N"}, {"67": "N"}, {"67": "N"}, {"67": "N"}, {"67": "E"}, {"67": "E"}, {"67": "E"}, {"67": "E"}, {"67": "E"}, {"67": "E"}, {"67": "E"}, {"67": "E"}, {"67": "E"}, {"37": "E"}, {"37": "N"}, {"37": "N"}, {"37": "N"}, {"37": "N"}, {"37": "N"}, {"37": "N"}, {"37": "N"}, {"37": "N"}, {"37": "N"}, {"37": "N"}, {"37": "N"}, {"37": "N"}, {"37": "N"}, {"37": "E"}, {"37": "E"}, {"37": "E"}, {"37": "E"}, {"37": "E"}, {"37": "E"}, {"37": "E"}, {"31": "S"}, {"31": "E"}, {"31": "E"}, {"31": "S"}, {"31": "S"}, {"31": "S"}, {"31": "S"}, {"31": "S"}, {"31": "E"}, {"31": "E"}, {"31": "E"}, {"31": "E"}, {"31": "E"}, {"31": "E"}, {"31": "E"}, {"31": "E"}, {"31": "E"}, {"31": "E"}, {"31": "E"}, {"31": "E"}, {"31": "E"}, {"31": "E"}, {"31": "E"}, {"31": "E"}, {"31": "E"}, {"10": "W"}, {"10": "S"}, {"10": "S"}, {"10": "S"}, {"10": "S"}, {"10": "S"}, {"10": "S"}, {"10": "E"}, {"10": "S"}, {"10": "S"}, {"10": "S"}, {"10": "W"}, {"10": "W"}, {"10": "W"}, {"10": "S"}, {"10": "S"}, {"10": "S"}, {"10": "S"}, {"10": "S"}, {"10": "S"}, {"10": "S"}, {"10": "S"}, {"10": "S"}, {"10": "S"}, {"10": "S"}, {"10": "E"}, {"10": "E"}, {"10": "E"}, {"10": "E"}, {"10": "E"}, {"10": "E"}, {"10": "E"}, {"2": "S"}, {"2": "S"}, {"2": "S"}, {"2": "S"}, {"2": "W"}, {"2": "S"}, {"2": "S"}, {"2": "S"}, {"2": "S"}, {"2": "S"}, {"2": "S"}, {"2": "S"}, {"2": "S"}, {"2": "S"}, {"2": "S"}, {"2": "S"}, {"2": "S"}, {"2": "S"}, {"2": "S"}, {"2": "S"}, {"2": "E"}, {"2": "E"}, {"2": "E"}, {"2": "E"}, {"2": "E"}, {"2": "E"}, {"2": "E"}, {"2": "E"}, {"2": "E"}, {"2": "E"}, {"2": "E"}, {"0": "S"}, {"0": "E"}, {"0": "S"}, {"0": "S"}, {"0": "S"}, {"0": "S"}, {"0": "E"}, {"0": "E"}, {"0": "E"}, {"0": "E"}, {"0": "E"}, {"0": "E"}, {"0": "E"}, {"0": "E"}, {"0": "E"}, {"0": "E"}, {"0": "E"}, {"0": "E"}, {"0": "E"}, {"0": "E"}, {"0": "E"}, {"0": "E"}, {"132": "N"}, {"132": "E"}, {"132": "E"}, {"132": "E"}, {"132": "E"}, {"132": "E"}, {"132": "E"}, {"132": "E"}, {"132": "E"}, {"132": "E"}, {"132": "E"}, {"132": "E"}, {"132": "E"}, {"132": "E"}, {"132": "E"}, {"132": "E"}, {"132": "E"}, {"132": "E"}, {"132": "E"}, {"126": "W"}, {"126": "S"}, {"126": "W"}, {"126": "W"}, {"126": "W"}, {"126": "W"}, {"126": "W"}, {"126": "S"}, {"126": "S"}, {"126": "S"}, {"126": "S"}, {"126": "S"}, {"113": "E"}, {"113": "S"}, {"113": "S"}, {"113": "S"}, {"113": "S"}, {"113": "S"}, {"113": "S"}, {"113": "S"}, {"113": "W"}, {"113": "W"}, {"113": "S"}, {"113": "S"}, {"113": "S"}, {"113": "W"}, {"113": "W"}, {"113": "W"}, {"113": "S"}, {"113": "S"}, {"113": "S"}, {"113": "S"}, {"113": "S"}, {"113": "S"}, {"113": "S"}, {"113": "S"}, {"113": "S"}, {"113": "S"}, {"113": "E"}, {"113": "E"}, {"113": "E"}, {"113": "E"}, {"113": "E"}, {"80": "E"}, {"80": "S"}, {"80": "S"}, {"80": "S"}, {"80": "S"}, {"80": "S"}, {"80": "W"}, {"80": "W"}, {"80": "S"}, {"80": "S"}, {"80": "S"}, {"80": "W"}, {"80": "W"}, {"80": "W"}, {"80": "S"}, {"80": "S"}, {"80": "S"}, {"80": "S"}, {"80": "S"}, {"80": "S"}, {"80": "S"}, {"80": "S"}, {"80": "S"}, {"80": "E"}, {"80": "E"}, {"80": "E"}, {"80": "E"}, {"47": "N"}, {"47": "E"}, {"47": "E"}, {"47": "E"}, {"47": "E"}, {"47": "E"}, {"47": "E"}, {"47": "E"}, {"47": "E"}, {"47": "E"}, {"47": "E"}, {"47": "E"}, {"47": "E"}, {"22": "W"}, {"22": "N"}, {"22": "N"}, {"22": "N"}, {"22": "N"}, {"22": "N"}, {"22": "N"}, {"22": "E"}, {"22": "E"}, {"22": "E"}, {"22": "E"}, {"22": "E"}, {"22": "E"}, {"22": "E"}, {"22": "E"}, {"22": "E"}, {"22": "E"}, {"22": "E"}, {"22": "E"}, {"22": "E"}, {"19": "E"}, {"19": "S"}, {"19": "S"}, {"19": "S"}, {"19": "S"}, {"19": "S"}, {"19": "S"}, {"19": "S"}, {"19": "S"}, {"19": "S"}, {"19": "S"}, {"19": "S"}, {"19": "S"}, {"19": "S"}, {"19": "S"}, {"19": "S"}, {"19": "S"}, {"19": "S"}, {"19": "S"}, {"19": "S"}, {"19": "S"}, {"19": "E"}, {"19": "E"}, {"19": "E"}, {"19": "E"}, {"19": "E"}, {"19": "E"}, {"19": "E"}, {"19": "E"}, {"11": "S"}, {"11": "W"}, {"11": "W"}, {"11": "W"}, {"11": "W"}, {"11": "W"}, {"11": "S"}, {"11": "S"}, {"11": "S"}, {"11": "S"}, {"11": "S"}, {"11": "S"}, {"11": "S"}, {"4": "W"}, {"4": "S"}, {"4": "S"}, {"4": "W"}, {"4": "W"}, {"4": "W"}, {"4": "W"}, {"4": "W"}, {"4": "W"}, {"4": "W"}, {"4": "S"}, {"4": "S"}, {"4": "S"}, {"4": "W"}, {"4": "S"}, {"4": "S"}, {"4": "S"}, {"4": "E"}, {"4": "E"}, {"4": "S"}, {"4": "S"}, {"4": "W"}, {"4": "S"}, {"153": "E"}, {"153": "S"}, {"153": "S"}, {"153": "S"}, {"153": "S"}, {"153": "S"}, {"153": "S"}, {"153": "W"}, {"153": "W"}, {"153": "S"}, {"153": "S"}, {"153": "S"}, {"153": "W"}, {"153": "W"}, {"153": "W"}, {"153": "S"}, {"153": "S"}, {"153": "S"}, {"153": "E"}, {"153": "E"}, {"153": "S"}, {"153": "S"}, {"153": "S"}, {"153": "S"}, {"153": "S"}, {"153": "S"}, {"153": "E"}, {"130": "E"}, {"130": "N"}, {"130": "E"}, {"130": "N"}, {"130": "N"}, {"130": "N"}, {"130": "N"}, {"130": "N"}, {"130": "N"}, {"130": "E"}, {"130": "E"}, {"130": "E"}, {"130": "E"}, {"96": "W"}, {"96": "S"}, {"96": "S"}, {"96": "S"}, {"96": "S"}, {"96": "S"}, {"96": "S"}, {"96": "S"}, {"96": "S"}, {"96": "S"}, {"96": "E"}, {"96": "E"}, {"96": "E"}, {"96": "S"}, {"96": "S"}, {"96": "S"}, {"96": "S"}, {"96": "S"}, {"96": "S"}, {"96": "S"}, {"96": "S"}, {"96": "S"}, {"96": "S"}, {"96": "E"}, {"96": "E"}, {"96": "E"}, {"96": "E"}, {"96": "E"}, {"68": "N"}, {"68": "W"}, {"68": "W"}, {"68": "N"}, {"68": "N"}, {"68": "N"}, {"68": "N"}, {"68": "N"}, {"68": "N"}, {"68": "N"}, {"68": "N"}, {"68": "N"}, {"68": "N"}, {"68": "W"}, {"68": "N"}, {"68": "W"}, {"68": "W"}, {"68": "W"}, {"68": "W"}, {"68": "W"}, {"68": "W"}, {"68": "W"}, {"68": "W"}, {"68": "W"}, {"68": "W"}, {"68": "W"}, {"68": "W"}, {"68": "W"}, {"68": "S"}, {"68": "S"}, {"68": "S"}, {"68": "S"}, {"68": "W"}, {"68": "S"}, {"68": "S"}, {"68": "S"}, {"61": "N"}, {"61": "N"}, {"61": "W"}, {"61": "W"}, {"61": "W"}, {"61": "W"}, {"61": "N"}, {"61": "N"}, {"61": "N"}, {"61": "N"}, {"61": "N"}, {"61": "N"}, {"61": "N"}, {"61": "W"}, {"61": "N"}, {"61": "W"}, {"61": "W"}, {"61": "W"}, {"61": "W"}, {"61": "W"}, {"61": "W"}, {"61": "W"}, {"61": "W"}, {"61": "W"}, {"61": "W"}, {"61": "W"}, {"61": "W"}, {"61": "W"}, {"61": "W"}, {"61": "W"}, {"61": "W"}, {"61": "W"}, {"61": "S"}, {"61": "S"}, {"61": "S"}, {"61": "S"}, {"55": "W"}, {"55": "S"}, {"55": "S"}, {"55": "S"}, {"55": "S"}, {"55": "S"}, {"55": "S"}, {"55": "S"}, {"55": "S"}, {"55": "S"}, {"55": "S"}, {"55": "S"}, {"55": "S"}, {"55": "S"}, {"55": "S"}, {"55": "S"}, {"55": "S"}, {"55": "S"}, {"55": "W"}, {"55": "W"}, {"55": "W"}, {"55": "W"}, {"55": "W"}, {"55": "N"}, {"55": "N"}, {"55": "N"}, {"55": "N"}, {"15": "E"}, {"15": "N"}, {"15": "N"}, {"15": "N"}, {"15": "N"}, {"15": "N"}, {"15": "N"}, {"15": "N"}, {"15": "N"}, {"15": "N"}, {"15": "N"}, {"15": "E"}, {"15": "E"}, {"15": "E"}, {"15": "E"}, {"7": "N"}, {"7": "E"}, {"7": "E"}, {"7": "E"}, {"7": "E"}, {"7": "S"}, {"7": "S"}, {"7": "S"}, {"7": "S"}, {"7": "E"}, {"7": "E"}, {"7": "E"}, {"7": "E"}, {"7": "E"}, {"7": "E"}, {"7": "E"}, {"7": "E"}, {"157": "N"}, {"157": "W"}, {"157": "W"}, {"157": "N"}, {"157": "N"}, {"157": "N"}, {"157": "N"}, {"157": "W"}, {"157": "N"}, {"157": "W"}, {"157": "W"}, {"157": "W"}, {"157": "W"}, {"157": "W"}, {"157": "W"}, {"157": "W"}, {"157": "W"}, {"157": "W"}, {"157": "S"}, {"157": "S"}, {"157": "S"}, {"157": "W"}, {"157": "W"}, {"157": "W"}, {"157": "S"}, {"157": "S"}, {"157": "S"}, {"157": "E"}, {"157": "E"}, {"157": "S"}, {"157": "S"}, {"157": "S"}, {"157": "S"}, {"157": "S"}, {"157": "S"}, {"157": "S"}, {"157": "E"}, {"136": "S"}, {"136": "W"}, {"136": "W"}, {"136": "W"}, {"136": "S"}, {"136": "S"}, {"136": "S"}, {"136": "W"}, {"136": "W"}, {"136": "W"}, {"136": "S"}, {"136": "S"}, {"136": "S"}, {"136": "E"}, {"136": "E"}, {"136": "S"}, {"136": "S"}, {"136": "S"}, {"136": "S"}, {"136": "S"}, {"136": "S"}, {"136": "S"}, {"136": "S"}, {"136": "S"}, {"136": "S"}, {"136": "S"}, {"136": "E"}, {"136": "E"}, {"136": "E"}, {"136": "E"}, {"136": "E"}, {"103": "N"}, {"103": "N"}, {"103": "N"}, {"103": "N"}, {"103": "N"}, {"103": "N"}, {"103": "E"}, {"103": "E"}, {"103": "E"}, {"103": "E"}, {"103": "E"}, {"103": "E"}, {"103": "E"}, {"103": "E"}, {"103": "E"}, {"63": "N"}, {"63": "N"}, {"63": "N"}, {"63": "N"}, {"63": "E"}, {"63": "E"}, {"63": "E"}, {"63": "E"}, {"63": "E"}, {"63": "E"}, {"63": "E"}, {"63": "E"}, {"63": "E"}, {"63": "E"}, {"63": "E"}, {"63": "E"}, {"63": "E"}, {"56": "W"}, {"56": "S"}, {"56": "S"}, {"56": "S"}, {"56": "S"}, {"56": "W"}, {"56": "W"}, {"56": "W"}, {"56": "W"}, {"56": "W"}, {"56": "W"}, {"56": "W"}, {"56": "W"}, {"56": "W"}, {"56": "S"}, {"56": "S"}, {"56": "S"}, {"56": "S"}, {"56": "S"}, {"56": "W"}, {"56": "S"}, {"56": "W"}, {"56": "S"}, {"154": "N"}, {"154": "W"}, {"154": "W"}, {"154": "N"}, {"154": "N"}, {"154": "N"}, {"154": "N"}, {"154": "N"}, {"154": "N"}, {"154": "N"}, {"154": "W"}, {"154": "N"}, {"154": "W"}, {"154": "W"}, {"154": "W"}, {"154": "W"}, {"154": "W"}, {"154": "W"}, {"154": "W"}, {"154": "W"}, {"154": "W"}, {"154": "W"}, {"154": "W"}, {"154": "W"}, {"154": "W"}, {"154": "W"}, {"154": "W"}, {"154": "W"}, {"154": "S"}, {"154": "S"}, {"154": "S"}, {"154": "S"}, {"154": "S"}, {"154": "S"}, {"154": "S"}, {"151": "S"}, {"151": "E"}, {"151": "E"}, {"151": "E"}, {"151": "E"}, {"151": "S"}, {"151": "E"}, {"151": "E"}, {"151": "E"}, {"151": "S"}, {"151": "S"}, {"151": "S"}, {"151": "S"}, {"151": "S"}, {"151": "S"}, {"151": "E"}, {"151": "E"}, {"151": "E"}, {"151": "E"}, {"151": "E"}, {"151": "E"}, {"151": "E"}, {"151": "E"}, {"151": "E"}, {"151": "E"}, {"151": "E"}, {"151": "E"}, {"151": "E"}, {"151": "E"}, {"118": "W"}, {"118": "N"}, {"118": "N"}, {"118": "N"}, {"118": "N"}, {"118": "N"}, {"118": "W"}, {"118": "N"}, {"118": "W"}, {"118": "W"}, {"118": "W"}, {"118": "W"}, {"118": "W"}, {"118": "W"}, {"118": "W"}, {"118": "W"}, {"118": "W"}, {"118": "W"}, {"118": "W"}, {"118": "S"}, {"118": "S"}, {"118": "S"}, {"118": "W"}, {"118": "S"}, {"118": "S"}, {"118": "S"}, {"118": "E"}, {"118": "E"}, {"118": "S"}, {"118": "S"}, {"118": "S"}, {"118": "S"}, {"118": "W"}, {"118": "S"}, {"118": "S"}, {"106": "S"}, {"106": "W"}, {"106": "W"}, {"106": "N"}, {"106": "N"}, {"106": "N"}, {"106": "N"}, {"106": "W"}, {"106": "N"}, {"106": "W"}, {"106": "W"}, {"106": "W"}, {"106": "W"}, {"106": "W"}, {"106": "W"}, {"106": "W"}, {"106": "W"}, {"106": "W"}, {"106": "S"}, {"106": "S"}, {"106": "W"}, {"106": "S"}, {"106": "W"}, {"106": "W"}, {"106": "S"}, {"106": "S"}, {"106": "S"}, {"106": "E"}, {"106": "E"}, {"106": "S"}, {"106": "S"}, {"106": "S"}, {"106": "S"}, {"106": "S"}, {"106": "S"}, {"106": "S"}, {"79": "N"}, {"79": "N"}, {"79": "N"}, {"79": "N"}, {"79": "N"}, {"79": "N"}, {"79": "N"}, {"79": "E"}, {"79": "E"}, {"79": "E"}, {"79": "E"}, {"60": "E"}, {"60": "S"}, {"60": "S"}, {"60": "S"}, {"60": "S"}, {"60": "E"}, {"60": "E"}, {"60": "E"}, {"60": "E"}, {"60": "S"}, {"60": "E"}, {"60": "S"}, {"60": "S"}, {"60": "S"}, {"60": "S"}, {"60": "S"}, {"60": "S"}, {"60": "S"}, {"60": "S"}, {"60": "S"}, {"60": "S"}, {"60": "S"}, {"60": "S"}, {"60": "S"}, {"60": "S"}, {"60": "S"}, {"60": "S"}, {"60": "S"}, {"60": "S"}, {"60": "S"}, {"60": "S"}, {"60": "W"}, {"60": "W"}, {"60": "W"}, {"60": "W"}, {"60": "W"}, {"60": "W"}, {"60": "N"}, {"60": "N"}, {"60": "N"}, {"33": "S"}, {"33": "W"}, {"33": "W"}, {"33": "S"}, {"33": "S"}, {"33": "S"}, {"33": "S"}, {"33": "S"}, {"33": "S"}, {"33": "S"}, {"33": "S"}, {"33": "S"}, {"33": "S"}, {"33": "S"}, {"33": "S"}, {"33": "S"}, {"33": "W"}, {"33": "W"}, {"33": "W"}, {"33": "W"}, {"33": "W"}, {"33": "W"}, {"33": "W"}, {"33": "W"}, {"33": "N"}, {"33": "N"}, {"33": "N"}, {"33": "N"}, {"33": "N"}, {"27": "N"}, {"27": "E"}, {"27": "E"}, {"27": "N"}, {"27": "N"}, {"27": "E"}, {"27": "E"}, {"27": "E"}, {"27": "E"}, {"27": "E"}, {"27": "E"}, {"5": "W"}, {"5": "W"}, {"5": "W"}, {"5": "W"}, {"5": "N"}, {"5": "N"}, {"5": "N"}, {"147": "W"}, {"147": "S"}, {"147": "S"}, {"147": "S"}, {"147": "S"}, {"147": "S"}, {"147": "S"}, {"147": "W"}, {"147": "W"}, {"147": "S"}, {"147": "S"}, {"147": "S"}, {"147": "W"}, {"147": "W"}, {"147": "W"}, {"147": "S"}, {"147": "S"}, {"147": "S"}, {"147": "E"}, {"147": "E"}, {"147": "S"}, {"147": "S"}, {"147": "S"}, {"147": "S"}, {"147": "S"}, {"147": "W"}, {"147": "W"}, {"147": "S"}, {"147": "S"}, {"147": "S"}, {"147": "S"}, {"147": "E"}, {"147": "E"}, {"147": "E"}, {"135": "S"}, {"135": "E"}, {"135": "E"}, {"135": "E"}, {"135": "E"}, {"135": "S"}, {"135": "S"}, {"135": "S"}, {"135": "S"}, {"135": "E"}, {"135": "E"}, {"135": "E"}, {"135": "E"}, {"135": "E"}, {"135": "E"}, {"135": "E"}, {"135": "E"}, {"123": "E"}, {"123": "N"}, {"123": "N"}, {"123": "E"}, {"123": "E"}, {"123": "E"}, {"123": "E"}, {"123": "E"}, {"123": "E"}, {"123": "E"}, {"123": "E"}, {"123": "E"}, {"123": "E"}, {"123": "E"}, {"123": "E"}, {"123": "E"}, {"86": "N"}, {"86": "E"}, {"86": "E"}, {"86": "S"}, {"86": "S"}, {"86": "E"}, {"86": "E"}, {"86": "E"}, {"86": "E"}, {"86": "E"}, {"86": "E"}, {"86": "E"}, {"86": "E"}, {"86": "E"}, {"86": "E"}, {"86": "E"}, {"86": "E"}, {"20": "N"}, {"20": "W"}, {"20": "W"}, {"20": "W"}, {"20": "S"}, {"20": "S"}, {"20": "S"}, {"20": "S"}, {"20": "S"}, {"20": "S"}, {"20": "S"}, {"20": "S"}, {"20": "S"}, {"20": "S"}, {"20": "S"}, {"20": "S"}, {"20": "S"}, {"20": "W"}, {"20": "W"}, {"20": "W"}, {"20": "W"}, {"20": "W"}, {"20": "W"}, {"20": "W"}, {"20": "N"}, {"20": "N"}, {"20": "N"}, {"13": "S"}, {"13": "E"}, {"13": "E"}, {"13": "E"}, {"13": "E"}, {"13": "E"}, {"13": "E"}, {"13": "S"}, {"13": "S"}, {"13": "S"}, {"13": "S"}, {"13": "S"}, {"13": "E"}, {"13": "E"}, {"13": "E"}, {"13": "E"}, {"13": "E"}, {"13": "E"}, {"13": "E"}, {"13": "E"}, {"13": "E"}, {"13": "E"}, {"13": "E"}, {"13": "E"}, {"13": "E"}, {"13": "E"}, {"13": "E"}, {"155": "E"}, {"155": "N"}, {"155": "E"}, {"155": "E"}, {"155": "E"}, {"155": "E"}, {"155": "E"}, {"155": "S"}, {"155": "S"}, {"155": "S"}, {"155": "S"}, {"155": "S"}, {"155": "S"}, {"155": "S"}, {"155": "E"}, {"155": "E"}, {"155": "E"}, {"155": "E"}, {"155": "E"}, {"155": "E"}, {"155": "E"}, {"142": "E"}, {"142": "S"}, {"142": "S"}, {"142": "S"}, {"142": "S"}, {"142": "E"}, {"142": "S"}, {"142": "S"}, {"142": "S"}, {"142": "W"}, {"142": "W"}, {"142": "W"}, {"142": "S"}, {"142": "S"}, {"142": "S"}, {"142": "E"}, {"142": "E"}, {"142": "S"}, {"142": "S"}, {"142": "S"}, {"142": "S"}, {"142": "S"}, {"142": "W"}, {"142": "W"}, {"142": "W"}, {"142": "W"}, {"142": "S"}, {"142": "S"}, {"142": "S"}, {"142": "S"}, {"142": "S"}, {"142": "S"}, {"142": "E"}, {"142": "E"}, {"142": "E"}, {"142": "E"}, {"142": "E"}, {"142": "E"}, {"134": "W"}, {"134": "S"}, {"134": "S"}, {"134": "S"}, {"134": "S"}, {"134": "S"}, {"134": "W"}, {"134": "W"}, {"134": "W"}, {"134": "W"}, {"134": "W"}, {"134": "W"}, {"134": "N"}, {"122": "E"}, {"122": "S"}, {"122": "S"}, {"122": "S"}, {"122": "E"}, {"122": "S"}, {"122": "S"}, {"122": "S"}, {"122": "W"}, {"122": "W"}, {"122": "W"}, {"122": "S"}, {"122": "S"}, {"122": "S"}, {"122": "E"}, {"122": "E"}, {"122": "S"}, {"122": "S"}, {"122": "S"}, {"122": "S"}, {"122": "S"}, {"122": "W"}, {"122": "W"}, {"122": "W"}, {"122": "W"}, {"122": "S"}, {"122": "S"}, {"122": "S"}, {"122": "S"}, {"122": "S"}, {"122": "E"}, {"122": "E"}, {"122": "E"}, {"122": "E"}, {"122": "E"}, {"90": "N"}, {"90": "E"}, {"90": "E"}, {"90": "E"}, {"90": "E"}, {"90": "E"}, {"90": "S"}, {"90": "E"}, {"90": "E"}, {"90": "E"}, {"90": "E"}, {"69": "W"}, {"69": "S"}, {"69": "S"}, {"69": "S"}, {"69": "W"}, {"69": "W"}, {"69": "W"}, {"69": "W"}, {"69": "W"}, {"69": "W"}, {"69": "W"}, {"69": "W"}, {"69": "N"}, {"69": "N"}, {"69": "N"}, {"49": "S"}, {"49": "W"}, {"49": "W"}, {"49": "W"}, {"49": "S"}, {"49": "S"}, {"49": "S"}, {"49": "S"}, {"49": "S"}, {"49": "S"}, {"49": "S"}, {"49": "S"}, {"49": "S"}, {"49": "S"}, {"49": "S"}, {"49": "S"}, {"49": "S"}, {"49": "W"}, {"49": "W"}, {"49": "W"}, {"49": "W"}, {"49": "W"}, {"49": "W"}, {"49": "W"}, {"49": "W"}, {"49": "W"}, {"49": "W"}, {"49": "W"}, {"49": "W"}, {"49": "N"}, {"49": "N"}, {"49": "N"}, {"49": "N"}, {"49": "N"}, {"49": "N"}, {"49": "N"}, {"1": "N"}, {"1": "E"}, {"1": "E"}, {"1": "E"}, {"1": "E"}, {"1": "S"}, {"1": "S"}, {"1": "S"}, {"1": "S"}, {"1": "S"}, {"1": "E"}, {"1": "E"}, {"1": "E"}, {"1": "E"}, {"1": "E"}, {"1": "E"}, {"1": "E"}, {"1": "E"}, {"1": "E"}, {"1": "E"}, {"1": "E"}, {"1": "E"}, {"1": "E"}, {"1": "E"}, {"112": "S"}, {"112": "E"}, {"112": "E"}, {"112": "S"}, {"112": "S"}, {"112": "S"}, {"112": "S"}, {"112": "S"}, {"112": "S"}, {"112": "S"}, {"112": "E"}, {"112": "E"}, {"112": "E"}, {"112": "E"}, {"112": "E"}, {"112": "E"}, {"105": "S"}, {"105": "E"}, {"105": "E"}, {"105": "E"}, {"105": "E"}, {"105": "E"}, {"105": "E"}, {"105": "E"}, {"105": "S"}, {"105": "S"}, {"105": "S"}, {"105": "S"}, {"105": "S"}, {"105": "E"}, {"105": "E"}, {"105": "E"}, {"105": "E"}, {"105": "E"}, {"105": "E"}, {"105": "E"}, {"105": "E"}, {"105": "E"}, {"105": "E"}, {"105": "E"}, {"105": "E"}, {"105": "E"}, {"95": "N"}, {"95": "W"}, {"95": "W"}, {"95": "W"}, {"95": "N"}, {"95": "N"}, {"95": "N"}, {"95": "N"}, {"95": "N"}, {"95": "N"}, {"95": "N"}, {"95": "N"}, {"95": "N"}, {"95": "N"}, {"95": "W"}, {"95": "N"}, {"95": "W"}, {"95": "W"}, {"95": "W"}, {"95": "W"}, {"95": "W"}, {"95": "W"}, {"95": "W"}, {"95": "W"}, {"95": "W"}, {"95": "W"}, {"95": "W"}, {"95": "W"}, {"95": "W"}, {"95": "W"}, {"95": "W"}, {"95": "S"}, {"95": "S"}, {"95": "S"}, {"95": "S"}, {"95": "W"}, {"95": "S"}, {"95": "W"}, {"95": "S"}, {"95": "S"}, {"95": "S"}, {"95": "S"}, {"66": "E"}, {"66": "S"}, {"66": "S"}, {"66": "S"}, {"66": "S"}, {"66": "S"}, {"66": "S"}, {"66": "W"}, {"66": "S"}, {"66": "S"}, {"66": "S"}, {"66": "W"}, {"66": "S"}, {"66": "S"}, {"66": "S"}, {"66": "E"}, {"66": "E"}, {"66": "S"}, {"66": "S"}, {"66": "S"}, {"66": "S"}, {"66": "W"}, {"66": "S"}, {"66": "W"}, {"66": "W"}, {"66": "W"}, {"66": "W"}, {"66": "S"}, {"66": "S"}, {"66": "S"}, {"66": "S"}, {"66": "E"}, {"66": "E"}, {"66": "E"}, {"66": "E"}, {"70": "S"}, {"70": "E"}, {"70": "E"}, {"70": "E"}, {"70": "S"}, {"70": "S"}, {"70": "S"}, {"70": "S"}, {"70": "E"}, {"70": "E"}, {"70": "E"}, {"70": "E"}, {"70": "E"}, {"84": "W"}, {"84": "S"}, {"84": "S"}, {"84": "S"}, {"84": "S"}, {"84": "S"}, {"84": "S"}, {"84": "S"}, {"84": "S"}, {"84": "S"}, {"84": "S"}, {"84": "S"}, {"84": "S"}, {"84": "S"}, {"84": "S"}, {"84": "S"}, {"84": "S"}, {"84": "S"}, {"84": "S"}, {"84": "W"}, {"84": "W"}, {"84": "W"}, {"84": "W"}, {"84": "W"}, {"84": "W"}, {"84": "W"}, {"84": "W"}, {"84": "W"}, {"84": "W"}, {"84": "W"}, {"84": "W"}, {"84": "N"}, {"84": "N"}, {"84": "N"}, {"84": "N"}, {"38": "S"}, {"38": "E"}, {"38": "E"}, {"38": "E"}, {"38": "E"}, {"38": "E"}, {"38": "E"}, {"38": "E"}, {"38": "S"}, {"38": "S"}, {"38": "S"}, {"38": "S"}, {"38": "S"}, {"38": "S"}, {"38": "S"}, {"38": "S"}, {"38": "S"}, {"38": "S"}, {"38": "S"}, {"38": "S"}, {"38": "E"}, {"38": "E"}, {"38": "E"}, {"38": "E"}, {"38": "E"}, {"38": "E"}, {"38": "E"}, {"38": "E"}, {"38": "E"}, {"38": "E"}, {"38": "E"}, {"128": "S"}, {"128": "S"}, {"128": "W"}, {"128": "W"}, {"128": "W"}, {"128": "W"}, {"128": "S"}, {"128": "S"}, {"128": "S"}, {"128": "S"}, {"128": "S"}, {"128": "S"}, {"128": "S"}, {"128": "S"}, {"128": "S"}, {"128": "S"}, {"128": "S"}, {"128": "S"}, {"128": "S"}, {"128": "W"}, {"128": "W"}, {"128": "W"}, {"128": "W"}, {"128": "W"}, {"128": "W"}, {"128": "W"}, {"128": "W"}, {"128": "W"}, {"128": "W"}, {"128": "W"}, {"128": "N"}], "result": "SUCCESS", "makespan": 3834, "sum": 4961, "algo_name": "OutAndInBFS_default"}