{"instance": "small_free_000_10x10_30_30", "steps": [{"29": "W", "23": "W", "15": "W", "20": "W", "7": "S", "8": "S", "17": "E", "12": "N", "3": "E", "1": "W", "24": "E", "10": "W", "5": "N", "9": "E", "13": "W", "25": "W", "0": "E", "28": "W", "18": "W", "4": "E", "6": "E", "14": "W"}, {"5": "N", "3": "N", "20": "W", "23": "W", "12": "N", "10": "W", "7": "S", "28": "W", "29": "W", "11": "E", "13": "S", "17": "E", "0": "E", "27": "S", "9": "E", "1": "N", "18": "W"}, {"16": "E", "10": "S", "27": "S", "25": "W", "28": "W", "12": "N", "9": "E", "14": "W", "7": "S", "18": "W", "1": "N"}, {"28": "W", "16": "E", "2": "N", "10": "S"}, {"0": "W", "16": "N", "19": "W", "2": "N", "10": "S", "4": "W", "23": "E", "27": "S", "26": "S", "14": "N", "22": "W", "3": "N"}, {"27": "S", "23": "S", "11": "E", "10": "S", "14": "W", "26": "W", "22": "S", "16": "E", "8": "S", "2": "N", "21": "S", "19": "N", "28": "W"}, {"26": "W", "28": "W", "23": "S", "0": "S", "19": "N", "3": "N", "13": "S", "10": "S", "8": "S", "14": "W"}, {"0": "S", "26": "W", "10": "S", "14": "W", "8": "S", "19": "E", "28": "W"}, {"19": "E", "23": "S", "28": "W", "10": "S", "14": "S", "29": "S", "27": "S", "11": "N", "26": "E", "15": "E"}, {"0": "E", "15": "S", "16": "E", "29": "W", "19": "E", "28": "N", "6": "E", "11": "E"}, {"6": "E", "15": "S", "29": "W", "11": "E", "16": "N", "28": "N", "19": "E", "4": "S", "0": "S", "26": "N"}, {"16": "E", "28": "N", "6": "S", "29": "N", "4": "S", "15": "W", "11": "E"}, {"16": "E", "15": "W", "29": "N", "6": "S", "26": "N"}, {"21": "W", "11": "E", "20": "S", "6": "S", "16": "E", "18": "N", "26": "W", "19": "N", "29": "N", "15": "W", "22": "E"}, {"18": "W", "29": "N", "28": "E", "26": "W", "22": "E", "4": "S", "17": "E"}, {"21": "S", "4": "E", "19": "E", "17": "E", "18": "N"}, {"22": "W", "23": "N", "20": "N", "11": "S", "17": "E", "25": "W", "21": "S", "18": "W"}, {"16": "E", "25": "S", "17": "S", "22": "N", "23": "W", "18": "N", "11": "W", "21": "S"}, {"18": "N", "22": "W", "17": "S", "23": "N", "21": "E"}, {"29": "E", "25": "W", "22": "W", "17": "S", "4": "W", "19": "N", "11": "N", "21": "S", "23": "W"}, {"18": "N", "21": "S", "23": "W", "19": "E", "29": "N", "16": "N", "22": "S", "26": "S", "1": "N"}, {"21": "S", "22": "S", "25": "S", "19": "E", "18": "N"}, {"29": "N", "18": "N", "19": "E", "22": "S"}, {"22": "E", "19": "E", "23": "W", "29": "W"}, {"19": "E", "29": "W"}, {"20": "S", "10": "W", "19": "S", "11": "W", "29": "S"}, {"10": "S", "20": "W", "19": "S", "11": "W", "4": "S"}, {"20": "W", "10": "S", "4": "S", "17": "S", "11": "N"}, {"10": "E", "11": "N", "17": "S", "4": "E", "20": "W"}, {"11": "E", "20": "W", "17": "S"}, {"11": "E", "17": "S"}, {"17": "S"}, {"25": "N"}, {"25": "E", "23": "W"}, {"25": "N"}, {"25": "E"}, {"25": "E"}, {"25": "S"}, {"25": "S"}, {"25": "W"}, {"25": "S"}, {"25": "S"}, {"25": "S"}, {"23": "E"}, {"23": "S"}, {"23": "S"}, {"23": "W"}, {"23": "W"}, {"23": "W"}], "result": "SUCCESS", "makespan": 49, "sum": 257}