{"instance": "small_free_000_10x10_30_30", "steps": [{"26": "W", "28": "W", "5": "N", "17": "E", "8": "S", "18": "W", "29": "W", "9": "E", "13": "W", "20": "W", "0": "E", "7": "S", "1": "W", "23": "W", "12": "N", "4": "E", "15": "W", "6": "E", "3": "E"}, {"1": "N", "7": "S", "28": "W", "20": "W", "18": "W", "25": "W", "9": "E", "10": "W", "0": "E", "27": "S", "8": "S", "13": "S", "5": "N", "29": "W", "12": "N", "17": "E", "23": "W", "3": "N", "11": "E"}, {"14": "W", "18": "W", "12": "N", "10": "W", "8": "S", "7": "S", "9": "E", "1": "N", "28": "W", "16": "E", "25": "W"}, {"3": "N", "8": "S", "10": "S", "28": "W", "16": "E", "2": "N"}, {"16": "N", "3": "N", "26": "N", "2": "N", "6": "S", "14": "N", "10": "W", "23": "W", "21": "W"}, {"24": "E", "13": "S", "2": "N", "6": "S", "15": "W", "28": "W", "21": "S"}, {"21": "S", "10": "E", "6": "E", "17": "W", "27": "S", "0": "W", "28": "W", "26": "E", "4": "W"}, {"6": "E", "28": "W", "1": "N", "27": "S", "26": "S", "21": "S", "20": "S", "17": "S", "19": "W"}, {"20": "W", "17": "S", "28": "N", "6": "S", "21": "S", "19": "N", "26": "S", "27": "S", "22": "W"}, {"22": "S", "26": "W", "17": "E", "20": "W", "19": "N"}, {"19": "E", "28": "S", "0": "E", "20": "W", "18": "N", "17": "W", "10": "W", "26": "W", "4": "W", "11": "E"}, {"19": "E", "16": "E", "11": "N", "17": "S", "21": "E", "28": "W", "26": "W", "10": "W"}, {"17": "S", "28": "W", "11": "E", "21": "S", "16": "E", "26": "W", "10": "W"}, {"16": "N", "26": "N", "21": "S", "10": "S", "28": "N", "0": "S", "11": "E"}, {"17": "S", "0": "S", "21": "S", "28": "N", "16": "E", "10": "S", "11": "E"}, {"10": "S", "0": "S", "17": "E", "28": "E", "11": "N", "16": "E"}, {"10": "S", "17": "E", "11": "N", "28": "N", "16": "E"}, {"18": "N", "19": "N", "10": "E", "29": "E", "17": "E", "22": "N", "16": "E", "14": "S", "23": "E"}, {"20": "W", "19": "E", "29": "N", "16": "N", "14": "W", "4": "S", "28": "E", "10": "S", "17": "E", "27": "S", "22": "W", "18": "W"}, {"23": "S", "29": "N", "4": "S", "19": "E", "18": "W", "17": "S", "22": "W"}, {"23": "S", "15": "W", "10": "S", "22": "S", "18": "N", "17": "S", "19": "S"}, {"19": "E", "22": "S", "18": "N", "17": "S", "23": "S"}, {"22": "E", "19": "E", "18": "N"}, {"19": "E", "18": "N", "22": "S", "23": "N"}, {"29": "E", "23": "N", "22": "E", "10": "E", "18": "N", "19": "E"}, {"19": "E", "23": "W", "15": "N", "29": "N", "25": "W", "10": "S"}, {"14": "W", "15": "W", "29": "N", "23": "W", "10": "S", "25": "S", "19": "E"}, {"29": "W", "10": "E", "23": "W", "15": "W", "14": "W"}, {"15": "S", "14": "W", "29": "W", "23": "S", "25": "S"}, {"15": "S", "23": "S"}, {"23": "W", "15": "E"}, {"15": "S", "23": "W"}, {"23": "W", "15": "E"}, {"25": "S"}, {"29": "W", "25": "E"}, {"25": "S", "29": "W"}, {"25": "S", "29": "W"}, {"4": "W"}, {"4": "S"}, {"4": "S"}, {"4": "E"}, {"4": "E"}, {"4": "E"}, {"4": "S"}], "result": "SUCCESS", "makespan": 44, "sum": 251}