{"instance": "small_free_000_10x10_30_30", "steps": [{"0": "E", "17": "E", "18": "W", "8": "S", "6": "E", "1": "W", "9": "E", "20": "W", "16": "E", "23": "W", "10": "W", "24": "E", "28": "W", "15": "W", "13": "W", "3": "E", "7": "S", "12": "N", "29": "W", "4": "E"}, {"25": "W", "12": "N", "23": "W", "9": "E", "18": "W", "29": "W", "3": "N", "20": "W", "28": "W", "13": "S", "2": "N", "16": "E", "11": "E", "0": "E", "1": "N", "7": "S", "27": "S", "17": "E"}, {"14": "W", "7": "S", "10": "W", "9": "E", "11": "E", "2": "N", "18": "W", "1": "N", "16": "E", "25": "W", "12": "N", "28": "W", "5": "N"}, {"3": "N", "0": "S", "2": "N", "5": "N", "10": "S"}, {"4": "W", "27": "W", "10": "S", "25": "W", "22": "S", "17": "W", "3": "N", "20": "W", "6": "S", "8": "E", "29": "N", "23": "W"}, {"6": "S", "14": "W", "22": "W", "29": "W", "19": "E", "4": "S", "26": "N", "17": "S", "23": "S", "25": "S", "18": "W", "8": "S"}, {"10": "S", "17": "S", "23": "W", "22": "W", "18": "N", "21": "S", "8": "S", "6": "E", "20": "W", "14": "W", "13": "S", "29": "W", "19": "E", "4": "S"}, {"10": "S", "29": "N", "26": "W", "17": "E", "8": "W", "22": "S", "15": "W", "20": "W", "4": "S", "14": "W", "6": "E", "1": "N", "18": "W", "21": "S"}, {"8": "S", "22": "S", "20": "W", "10": "S", "29": "N", "6": "S", "15": "W", "4": "E"}, {"10": "S", "22": "E", "20": "S", "4": "S", "15": "S", "29": "N"}, {"29": "W", "4": "S", "10": "S", "15": "S"}, {"28": "S", "19": "N", "18": "W", "10": "W", "17": "S", "25": "W"}, {"10": "S", "25": "S", "14": "W", "17": "E", "16": "E", "18": "N", "28": "W", "19": "E"}, {"25": "S", "10": "S", "17": "E", "19": "E", "16": "E", "0": "S", "28": "W"}, {"0": "S", "25": "E", "17": "E", "16": "E", "19": "N", "10": "E"}, {"19": "E", "18": "N", "17": "S", "16": "E"}, {"16": "E", "28": "N", "19": "E", "17": "S"}, {"17": "S", "19": "E"}, {"19": "E", "26": "E", "11": "S", "28": "W", "21": "W", "17": "S"}, {"19": "E", "11": "E", "26": "S", "17": "S", "28": "W", "21": "S", "25": "E"}, {"18": "E", "28": "W", "11": "E", "25": "S", "21": "S"}, {"25": "S", "11": "E"}, {"27": "W", "11": "N", "21": "W", "26": "N"}, {"21": "S", "28": "N", "26": "W", "18": "N", "11": "N", "27": "S"}, {"18": "N", "11": "N", "21": "S", "28": "N", "27": "S"}, {"11": "N", "21": "E", "18": "N", "27": "E", "28": "N", "23": "W", "26": "W"}, {"28": "E", "18": "N", "23": "W", "21": "E", "26": "W", "27": "E"}, {"27": "E", "21": "S", "23": "S"}, {"23": "S", "27": "S", "26": "W"}, {"23": "W", "27": "S", "26": "S"}, {"27": "W", "23": "W"}, {"16": "W"}, {"16": "N"}, {"16": "N"}, {"16": "E"}, {"16": "N"}], "result": "SUCCESS", "makespan": 36, "sum": 227}