{"instance": "small_free_000_10x10_30_30", "steps": [{"13": "W", "7": "S", "3": "E", "12": "N", "20": "W", "6": "E", "17": "E", "23": "W", "0": "E", "5": "N", "1": "W", "18": "W", "4": "E", "9": "E", "26": "W", "10": "W", "15": "W", "25": "W", "8": "S", "28": "W", "29": "W"}, {"23": "W", "28": "W", "27": "S", "8": "S", "9": "E", "3": "N", "18": "W", "0": "E", "13": "S", "5": "N", "7": "S", "17": "E", "14": "W", "29": "W", "1": "N", "11": "E", "20": "W", "12": "N"}, {"7": "S", "12": "N", "25": "W", "8": "S", "10": "W", "14": "W", "1": "N", "16": "E", "9": "E", "28": "W", "18": "W"}, {"8": "S", "10": "S", "28": "W", "16": "E", "2": "N"}, {"21": "W", "26": "N", "16": "N", "17": "W", "2": "N", "20": "W", "29": "N", "0": "W", "4": "W", "10": "W", "27": "W", "14": "N"}, {"28": "W", "2": "N", "18": "W", "17": "S", "13": "S", "26": "W", "14": "W", "29": "W", "24": "E", "21": "S"}, {"14": "W", "20": "W", "21": "S", "11": "E", "10": "S", "28": "W", "3": "S", "29": "W"}, {"14": "W", "28": "W", "27": "S", "10": "S", "23": "W", "21": "E", "1": "N", "29": "N", "20": "W"}, {"26": "W", "14": "S", "27": "S", "28": "N", "17": "S", "3": "W", "20": "W"}, {"16": "E", "17": "E", "20": "S", "27": "E"}, {"27": "S", "0": "S", "22": "S", "4": "W", "17": "E", "3": "E", "10": "E"}, {"17": "E", "19": "E", "11": "N", "10": "E", "26": "W"}, {"19": "N", "18": "E", "10": "S", "16": "E", "6": "N", "23": "E"}, {"6": "E", "3": "N", "16": "S", "15": "W", "4": "E", "25": "W", "28": "W", "19": "E", "27": "S", "10": "S", "18": "N", "21": "W"}, {"11": "E", "16": "E", "28": "N", "22": "W", "10": "S", "6": "E", "3": "N", "25": "S", "19": "E"}, {"23": "W", "6": "S", "10": "S", "11": "E", "16": "E", "3": "N", "19": "E", "25": "S"}, {"18": "N", "23": "S", "11": "E", "25": "E", "6": "S", "10": "S"}, {"6": "S", "25": "S", "16": "E", "11": "N", "18": "W", "10": "S"}, {"10": "W", "11": "N", "16": "E", "6": "S", "18": "W", "23": "W"}, {"18": "N", "16": "N", "23": "W", "25": "S"}, {"4": "W", "18": "E", "21": "W", "22": "E", "25": "S", "15": "E", "16": "N"}, {"18": "N", "21": "S", "15": "E", "22": "E", "28": "N", "0": "E", "16": "N", "17": "E"}, {"15": "S", "4": "S", "26": "S", "0": "S", "21": "S", "28": "E", "18": "E", "22": "S"}, {"4": "S", "21": "E", "18": "N", "0": "S", "15": "S"}, {"21": "E", "4": "S", "18": "N"}, {"21": "S", "18": "W", "17": "W", "22": "W", "4": "E"}, {"21": "S", "23": "W", "18": "W", "4": "S", "22": "N", "17": "S"}, {"22": "N", "18": "N", "21": "S", "17": "S", "4": "E"}, {"22": "W", "17": "E", "4": "S"}, {"17": "S", "22": "W"}, {"17": "S", "19": "N", "22": "S"}, {"22": "S", "17": "S", "19": "E"}, {"19": "E", "17": "S", "22": "S"}, {"19": "E", "22": "E"}, {"19": "E"}, {"19": "E", "29": "E"}, {"29": "N"}, {"29": "N", "15": "N"}, {"15": "N"}, {"29": "N", "15": "W"}, {"15": "W", "29": "W"}, {"15": "W", "29": "W"}, {"15": "S", "29": "S"}, {"15": "S"}, {"23": "E"}, {"23": "S"}, {"23": "S"}, {"23": "W"}, {"23": "W"}, {"23": "W"}], "result": "SUCCESS", "makespan": 50, "sum": 259}