{"instance": "small_free_000_10x10_30_30", "steps": [{"15": "W", "17": "E", "6": "E", "16": "E", "9": "E", "3": "E", "13": "W", "7": "S", "29": "W", "1": "W", "23": "W", "26": "W", "4": "E", "28": "W", "20": "W", "12": "N", "0": "E", "8": "S", "18": "W"}, {"18": "W", "3": "N", "23": "W", "9": "E", "7": "S", "12": "N", "8": "S", "27": "S", "13": "S", "10": "W", "2": "N", "29": "W", "0": "E", "28": "W", "1": "N", "25": "W", "20": "W", "16": "E", "11": "E", "17": "E"}, {"16": "E", "9": "E", "5": "N", "2": "N", "10": "W", "14": "W", "25": "W", "7": "S", "28": "W", "8": "S", "12": "N", "1": "N", "18": "W"}, {"10": "S", "3": "N", "8": "S", "5": "N", "2": "N"}, {"6": "S", "21": "W", "10": "S", "17": "W", "0": "W", "20": "W", "16": "W", "3": "N", "4": "W", "18": "N", "23": "W"}, {"0": "S", "6": "S", "23": "S", "15": "W", "18": "W", "28": "W", "17": "S", "21": "S", "14": "W", "13": "S"}, {"17": "S", "6": "E", "20": "W", "18": "W", "10": "S", "21": "S"}, {"25": "W", "14": "S", "6": "E", "21": "S", "16": "S", "26": "S", "20": "W", "17": "E", "1": "N", "10": "S", "15": "W", "11": "N", "4": "W", "29": "N"}, {"28": "W", "25": "S", "20": "W", "24": "E", "26": "W", "6": "S", "15": "S", "4": "S", "10": "S", "21": "S"}, {"21": "E", "20": "S", "10": "S", "26": "W", "27": "S", "15": "S"}, {"10": "S", "27": "S", "11": "E", "4": "S", "21": "S"}, {"19": "S", "11": "W", "21": "S", "10": "W", "23": "W", "29": "E", "14": "N", "4": "E"}, {"22": "W", "21": "S", "4": "S", "14": "W", "27": "S", "19": "E"}, {"22": "S", "27": "S", "14": "W", "4": "E", "19": "E"}, {"22": "W", "14": "W", "28": "W", "4": "S", "29": "W", "26": "W"}, {"22": "S", "28": "W", "10": "S", "4": "S", "18": "N"}, {"22": "S", "18": "N", "10": "S", "16": "E", "28": "W"}, {"10": "E", "22": "E"}, {"19": "W", "17": "S", "29": "N", "23": "S", "28": "N"}, {"28": "N", "29": "W", "16": "E", "19": "N", "17": "E"}, {"28": "N", "16": "E", "17": "E", "19": "N"}, {"17": "E", "28": "E", "16": "N", "19": "E"}, {"19": "E", "17": "S", "16": "E"}, {"16": "E", "17": "S", "29": "E", "11": "E", "19": "E"}, {"19": "N", "16": "E", "18": "N", "11": "E", "17": "S"}, {"17": "S", "19": "E", "11": "E", "23": "W"}, {"19": "E", "29": "N", "17": "S", "11": "E"}, {"29": "N", "11": "N", "19": "E"}, {"11": "N", "19": "E", "16": "W", "25": "W"}, {"19": "E", "16": "N", "25": "S", "18": "N"}, {"18": "N", "29": "W", "16": "N"}, {"16": "E", "18": "N"}, {"23": "S", "29": "N", "16": "N"}, {"29": "W"}, {"29": "W", "0": "E"}, {"25": "S", "29": "S"}, {"25": "N"}, {"26": "N", "23": "S", "25": "E"}, {"25": "E", "23": "W"}, {"25": "S", "23": "W"}, {"23": "W", "25": "S"}, {"23": "N", "25": "S"}, {"0": "S"}, {"0": "S"}], "result": "SUCCESS", "makespan": 44, "sum": 233}