{"instance": "small_free_001_10x10_40_40", "steps": [{"6": "W", "23": "E", "17": "E", "7": "E", "32": "E", "36": "N", "16": "S", "10": "E", "35": "W", "30": "W", "24": "E", "4": "W", "27": "E", "12": "E", "18": "W", "28": "W", "15": "W", "33": "W", "39": "W", "38": "E", "9": "E", "5": "E", "37": "E", "14": "E", "13": "W", "3": "W", "1": "W"}, {"24": "E", "3": "W", "39": "W", "29": "W", "36": "N", "33": "W", "26": "E", "22": "W", "25": "E", "13": "W", "14": "E", "6": "W"}, {"39": "W", "13": "W", "25": "E", "3": "N", "9": "S", "17": "W", "23": "S", "21": "W", "6": "N", "2": "E", "32": "W", "10": "W", "29": "W", "15": "E", "33": "W", "1": "W", "30": "N", "22": "E", "14": "E", "18": "W"}, {"15": "N", "3": "N", "6": "W", "33": "W", "13": "W", "0": "E", "10": "N", "25": "E", "19": "W", "8": "N", "21": "N", "2": "E", "4": "W", "7": "N", "36": "W"}, {"12": "E", "25": "S", "0": "E", "20": "E", "15": "N", "6": "W", "24": "E", "2": "E", "33": "W", "3": "N", "18": "W"}, {"19": "E", "20": "W", "21": "N", "25": "S", "1": "S", "8": "N", "24": "E", "16": "W", "29": "W", "38": "S", "34": "S", "39": "N", "33": "N", "18": "W", "26": "S", "2": "S", "15": "W", "12": "E"}, {"21": "E", "24": "N", "13": "W", "10": "E", "9": "E", "1": "S", "18": "N", "26": "E", "14": "E", "7": "E", "20": "W", "28": "W", "33": "N"}, {"26": "E", "21": "E", "18": "N", "33": "N", "0": "E", "20": "S", "10": "E", "17": "S", "14": "E"}, {"26": "W", "14": "S", "13": "N", "15": "E", "28": "E", "7": "E", "21": "E", "20": "N"}, {"7": "E", "4": "S", "6": "S", "10": "E", "15": "N", "33": "W", "22": "E", "17": "E", "28": "E", "19": "W"}, {"10": "W", "4": "N", "17": "S", "7": "E", "28": "W", "21": "W", "20": "E", "5": "N", "31": "S", "18": "N", "33": "E", "0": "E"}, {"7": "E", "23": "W", "13": "W", "0": "E", "14": "N"}, {"34": "S", "9": "S", "31": "N", "7": "E", "17": "S", "14": "E", "19": "S", "33": "W", "28": "E", "27": "W", "22": "S", "38": "E", "0": "W"}, {"32": "N", "0": "W", "14": "E", "15": "N", "23": "S", "28": "N", "7": "E", "26": "S"}, {"38": "N", "31": "S", "14": "E", "21": "S", "16": "W", "29": "W", "33": "W", "28": "N", "15": "W", "23": "N", "11": "W", "24": "W", "17": "E"}, {"33": "W", "32": "E", "28": "W", "21": "W", "12": "E", "38": "W", "3": "N", "34": "W"}, {"32": "S", "33": "E", "36": "E", "26": "S", "28": "N", "21": "E", "38": "N", "22": "W", "39": "E", "23": "S"}, {"38": "W", "13": "W", "20": "E", "22": "E", "33": "E", "29": "N", "12": "E", "28": "W", "26": "E"}, {"36": "W", "13": "E", "5": "N", "0": "N", "21": "W", "31": "S", "14": "S", "22": "S", "27": "N", "4": "N", "26": "E", "38": "E", "15": "S", "24": "W"}, {"36": "W", "39": "S", "33": "E", "5": "E", "27": "W", "14": "E", "38": "S", "28": "W", "23": "S", "0": "W", "22": "S"}, {"27": "W", "14": "S", "22": "W", "36": "N"}, {"39": "N", "28": "N", "26": "S", "36": "N", "15": "N", "29": "W", "10": "N", "27": "E", "20": "S", "33": "W", "14": "S"}, {"34": "W", "15": "W", "36": "E", "14": "S", "39": "W", "27": "E", "17": "S", "26": "E", "31": "E"}, {"13": "S", "23": "E", "38": "N", "14": "W", "5": "N", "33": "W", "22": "N", "26": "E", "36": "E", "9": "S", "27": "W", "15": "W", "31": "E"}, {"26": "E", "36": "N", "38": "W", "31": "E", "17": "E", "33": "W"}, {"14": "S", "26": "E", "22": "N", "0": "N", "27": "E", "24": "S", "23": "S", "33": "E", "38": "W", "31": "S", "21": "E"}, {"9": "E", "26": "N", "0": "E", "10": "W", "38": "S", "37": "S", "33": "E", "28": "W", "21": "N"}, {"29": "W", "0": "E", "39": "W", "38": "S", "26": "N", "9": "E", "34": "N"}, {"20": "S", "10": "N", "38": "E", "9": "E", "22": "E", "0": "E", "27": "W", "13": "E"}, {"22": "S", "38": "E", "18": "E", "0": "S", "9": "S", "21": "N", "28": "N", "27": "E", "17": "S"}, {"22": "S", "17": "W", "23": "E", "0": "S", "28": "W", "21": "N"}, {"27": "W", "21": "N", "37": "E", "29": "W", "39": "W", "24": "E", "23": "E", "22": "W", "0": "E", "16": "W", "28": "W", "38": "W", "17": "E", "33": "E"}, {"32": "W", "39": "S", "28": "W", "22": "W", "24": "E", "19": "S", "0": "S"}, {"28": "S", "27": "S", "0": "S", "12": "S", "24": "E", "23": "E"}, {"23": "E", "32": "N", "28": "S", "0": "S", "13": "N", "37": "S", "11": "N", "20": "S", "24": "N", "29": "N", "10": "N"}, {"18": "W", "22": "W", "0": "W", "23": "E", "24": "N", "28": "S"}, {"18": "N", "23": "S", "33": "S", "10": "S", "13": "N", "29": "W"}, {"22": "N", "23": "E", "10": "N", "13": "N", "24": "W", "20": "E", "29": "E", "0": "W"}, {"17": "E", "24": "S"}, {"22": "N", "20": "W", "24": "S", "17": "N", "32": "E", "33": "E", "29": "W", "38": "E", "0": "W"}, {"22": "W", "24": "W", "20": "S", "32": "E", "29": "N"}, {"20": "E", "37": "W", "32": "W", "29": "N", "16": "N", "17": "N"}, {"11": "W", "24": "W", "33": "N", "29": "N"}, {"10": "N", "37": "W", "33": "W", "29": "E", "27": "W", "20": "E"}, {"4": "W", "29": "E", "20": "E", "37": "S", "24": "W", "27": "S"}, {"33": "W", "18": "N", "37": "S", "29": "S", "20": "E", "27": "S"}, {"37": "E", "20": "E"}, {"32": "E", "29": "N", "24": "E", "27": "W", "37": "E", "20": "E"}, {"27": "S", "32": "E", "37": "E", "29": "N", "20": "N", "33": "N", "24": "E"}, {"33": "N", "27": "S", "20": "N", "24": "E", "29": "E", "32": "E", "37": "E"}, {"29": "E", "27": "E", "24": "E", "32": "E", "33": "N", "20": "N", "37": "E"}, {"29": "E", "24": "N", "33": "W", "37": "N", "32": "S", "20": "E", "27": "E"}, {"20": "E", "27": "E", "29": "S", "24": "N", "37": "E", "32": "S", "33": "N"}, {"29": "S", "27": "E", "24": "E", "33": "N", "37": "N"}, {"27": "E", "33": "N"}, {"33": "E", "32": "E", "16": "W", "27": "E"}, {"27": "E", "33": "E", "11": "N", "32": "S"}, {"32": "S"}, {"32": "S", "22": "S", "24": "W", "29": "N"}, {"38": "E", "29": "N", "32": "S", "22": "W", "24": "S", "11": "E"}, {"29": "W", "32": "W", "22": "W", "38": "E", "24": "W", "11": "E"}, {"32": "S", "29": "W", "38": "E", "10": "N", "24": "S", "22": "N", "11": "E"}, {"22": "N", "24": "W", "10": "E", "38": "E", "29": "W", "32": "W"}, {"38": "E", "22": "N", "11": "E", "32": "S", "24": "W", "10": "E"}, {"11": "E", "38": "E", "22": "W", "10": "N", "32": "W", "24": "W"}, {"32": "W", "38": "S", "11": "N", "22": "N", "24": "W"}, {"24": "W", "38": "S", "22": "N", "32": "W"}, {"22": "N", "32": "N", "24": "N", "38": "S"}, {"24": "N", "22": "E", "38": "S"}, {"38": "S", "24": "N"}, {"38": "S", "24": "W", "16": "E"}, {"16": "E", "33": "S", "38": "W", "24": "N", "29": "S"}, {"38": "S", "16": "E", "24": "N"}, {"16": "E", "38": "W", "24": "N"}, {"38": "S", "16": "E"}, {"38": "W", "16": "E"}, {"16": "E", "38": "W"}, {"16": "E", "38": "W"}, {"38": "W", "16": "S"}, {"38": "N", "16": "S"}, {"16": "S"}, {"22": "N", "16": "S", "29": "N"}, {"16": "S", "29": "E", "22": "E", "24": "E"}, {"24": "E", "29": "E", "22": "E", "16": "S"}, {"16": "W", "29": "E"}, {"29": "S", "22": "E", "16": "S"}, {"29": "S", "16": "W", "22": "E"}, {"16": "S", "22": "S", "29": "W"}, {"29": "S", "16": "W", "22": "S"}, {"22": "W", "16": "W"}, {"16": "N", "22": "W"}, {"16": "N", "22": "S"}, {"16": "N"}, {"16": "N"}, {"24": "N"}, {"24": "E"}, {"24": "E"}, {"24": "E"}, {"24": "S"}, {"24": "S"}, {"24": "E"}], "result": "SUCCESS", "makespan": 101, "sum": 626, "algo_name": "BFS_3"}