{"instance": "small_free_001_10x10_40_40", "steps": [{"14": "N", "38": "N", "6": "N", "1": "N", "12": "N", "7": "N", "0": "N", "2": "N", "25": "N", "16": "N", "17": "N", "23": "N", "19": "N", "32": "N", "20": "N", "8": "N", "5": "N", "27": "N", "11": "N", "31": "N", "35": "N", "26": "N", "37": "N", "9": "N", "4": "N", "22": "N", "34": "N", "28": "N", "30": "N", "39": "N", "29": "N", "24": "N", "36": "N", "10": "N", "3": "N", "13": "N", "21": "W", "18": "N", "15": "N", "33": "W"}, {"14": "N", "38": "N", "6": "N", "1": "N", "12": "N", "7": "N", "0": "N", "2": "N", "25": "N", "16": "N", "17": "N", "23": "N", "19": "N", "32": "N", "20": "N", "8": "N", "5": "N", "27": "N", "11": "N", "31": "N", "35": "N", "26": "N", "37": "N", "9": "N", "4": "N", "22": "N", "34": "N", "28": "N", "30": "N", "39": "N", "29": "N", "24": "N", "36": "N", "10": "N", "3": "N", "13": "N", "21": "W", "18": "W", "15": "N", "33": "W"}, {"14": "N", "38": "N", "6": "N", "1": "N", "12": "N", "7": "N", "0": "N", "2": "N", "25": "N", "16": "N", "17": "N", "23": "N", "19": "N", "32": "N", "20": "N", "8": "N", "5": "N", "27": "N", "11": "N", "31": "N", "35": "N", "26": "N", "37": "N", "9": "N", "4": "N", "22": "N", "34": "N", "28": "N", "30": "N", "39": "N", "29": "N", "24": "N", "36": "W", "10": "N", "3": "N", "13": "N", "21": "W", "18": "W", "15": "W", "33": "W"}, {"14": "N", "38": "N", "6": "N", "1": "N", "12": "N", "7": "N", "0": "N", "2": "N", "25": "N", "16": "N", "17": "N", "23": "N", "19": "N", "32": "N", "20": "N", "8": "N", "5": "N", "27": "N", "11": "N", "31": "N", "35": "N", "26": "N", "37": "N", "9": "N", "4": "N", "22": "N", "34": "N", "28": "N", "30": "N", "39": "N", "29": "N", "24": "N", "36": "W", "10": "W", "3": "N", "13": "N", "21": "W", "18": "W", "15": "W", "33": "W"}, {"14": "N", "38": "N", "6": "N", "1": "N", "12": "N", "7": "N", "0": "N", "2": "N", "25": "N", "16": "N", "17": "N", "23": "N", "19": "N", "32": "N", "20": "N", "8": "N", "5": "N", "27": "N", "11": "N", "31": "N", "35": "N", "26": "N", "37": "N", "9": "N", "4": "N", "22": "N", "34": "N", "28": "N", "30": "N", "39": "N", "29": "N", "24": "N", "36": "W", "10": "W", "3": "W", "13": "N", "21": "W", "18": "W", "15": "W", "33": "W"}, {"14": "N", "38": "N", "6": "N", "1": "N", "12": "N", "7": "N", "0": "N", "2": "N", "25": "N", "16": "N", "17": "N", "23": "N", "19": "N", "32": "N", "20": "N", "8": "N", "5": "N", "27": "N", "11": "N", "31": "N", "35": "N", "26": "N", "37": "N", "9": "N", "4": "N", "22": "N", "34": "N", "28": "N", "30": "W", "39": "N", "29": "N", "24": "W", "36": "W", "10": "W", "3": "W", "13": "W", "21": "W", "18": "W", "15": "W", "33": "W"}, {"14": "N", "38": "N", "6": "N", "1": "N", "12": "N", "7": "N", "0": "N", "2": "N", "25": "N", "16": "N", "17": "N", "23": "N", "19": "N", "32": "N", "20": "N", "8": "N", "5": "N", "27": "N", "11": "N", "31": "N", "35": "N", "26": "N", "37": "N", "9": "N", "4": "N", "22": "N", "34": "N", "28": "N", "30": "W", "39": "W", "29": "N", "24": "W", "10": "W", "3": "W", "13": "W", "21": "W", "18": "W", "15": "W", "33": "W"}, {"14": "N", "38": "N", "6": "N", "1": "N", "12": "N", "7": "N", "0": "N", "2": "N", "25": "N", "16": "N", "17": "N", "23": "N", "19": "N", "32": "N", "20": "N", "8": "N", "5": "N", "27": "N", "11": "N", "31": "N", "35": "N", "26": "W", "37": "N", "9": "N", "4": "N", "22": "N", "34": "N", "28": "N", "30": "W", "39": "W", "29": "W", "24": "W", "10": "W", "3": "W", "13": "W", "21": "W", "18": "W", "15": "W", "33": "W"}, {"14": "N", "38": "N", "6": "N", "1": "N", "12": "N", "7": "N", "0": "N", "2": "N", "25": "N", "16": "N", "17": "N", "23": "N", "19": "N", "32": "N", "20": "N", "8": "N", "5": "N", "27": "N", "11": "N", "31": "N", "35": "N", "26": "W", "37": "W", "9": "N", "4": "N", "22": "N", "34": "N", "28": "N", "30": "W", "39": "W", "29": "W", "24": "W", "10": "W", "3": "W", "13": "W", "18": "W", "15": "W", "33": "W"}, {"14": "N", "38": "N", "6": "N", "1": "N", "12": "N", "7": "N", "0": "N", "2": "N", "25": "N", "16": "N", "17": "N", "23": "N", "19": "N", "32": "N", "20": "N", "8": "N", "5": "N", "27": "N", "11": "N", "31": "N", "35": "N", "26": "W", "37": "W", "9": "W", "4": "N", "22": "N", "34": "N", "28": "N", "39": "W", "29": "W", "24": "W", "3": "W", "13": "W", "18": "W", "15": "W", "33": "W"}, {"14": "N", "38": "N", "6": "N", "1": "N", "12": "N", "7": "N", "0": "N", "2": "N", "25": "N", "16": "N", "17": "N", "23": "N", "19": "N", "32": "N", "20": "N", "8": "N", "5": "N", "27": "N", "11": "N", "31": "N", "35": "N", "37": "W", "9": "W", "4": "W", "22": "N", "34": "N", "28": "N", "39": "W", "29": "W", "3": "W", "13": "W", "18": "W", "15": "W"}, {"14": "N", "38": "N", "6": "N", "1": "N", "12": "N", "7": "N", "0": "N", "2": "N", "25": "N", "16": "N", "17": "N", "23": "N", "19": "N", "32": "N", "20": "N", "8": "N", "5": "N", "27": "N", "11": "N", "31": "N", "35": "N", "37": "W", "9": "W", "4": "W", "22": "W", "34": "N", "28": "N", "39": "W", "29": "W", "3": "W", "13": "W", "15": "W"}, {"14": "N", "38": "N", "6": "N", "1": "N", "12": "N", "7": "N", "0": "N", "2": "N", "25": "N", "16": "N", "17": "N", "23": "N", "19": "N", "32": "N", "20": "N", "8": "N", "5": "N", "27": "N", "11": "N", "31": "N", "35": "N", "9": "W", "4": "W", "22": "W", "34": "W", "28": "N", "39": "W", "29": "W", "3": "W", "13": "W", "15": "W"}, {"14": "N", "38": "N", "6": "N", "1": "N", "12": "N", "7": "N", "0": "N", "2": "N", "25": "N", "16": "N", "17": "N", "23": "N", "19": "N", "32": "N", "20": "W", "8": "N", "5": "N", "27": "N", "11": "N", "31": "N", "35": "N", "9": "W", "4": "W", "22": "W", "34": "W", "28": "W", "39": "W", "29": "W", "3": "W", "13": "W"}, {"14": "N", "38": "N", "6": "N", "1": "N", "12": "N", "7": "N", "0": "N", "2": "N", "25": "N", "16": "N", "17": "N", "23": "N", "19": "N", "32": "N", "20": "W", "8": "W", "5": "N", "27": "N", "11": "N", "31": "N", "35": "N", "4": "W", "22": "W", "34": "W", "28": "W", "39": "W", "29": "W", "13": "W"}, {"14": "N", "38": "N", "6": "N", "1": "N", "12": "N", "7": "N", "0": "N", "2": "N", "25": "N", "16": "N", "17": "N", "23": "N", "19": "N", "32": "N", "20": "W", "8": "W", "5": "W", "27": "N", "11": "N", "31": "N", "35": "N", "4": "W", "22": "W", "34": "W", "28": "W", "39": "W", "29": "W", "13": "W"}, {"14": "N", "38": "N", "6": "N", "1": "N", "12": "N", "7": "N", "0": "N", "2": "N", "25": "N", "16": "N", "17": "N", "23": "N", "19": "N", "32": "N", "8": "W", "5": "W", "27": "W", "11": "N", "31": "N", "35": "N", "4": "W", "22": "W", "34": "W", "28": "W", "29": "W", "13": "W"}, {"14": "N", "38": "N", "6": "N", "1": "N", "12": "N", "7": "N", "0": "N", "2": "N", "25": "N", "16": "N", "17": "N", "23": "N", "19": "N", "32": "N", "8": "W", "5": "W", "27": "W", "11": "W", "31": "N", "35": "N", "4": "W", "22": "W", "34": "W", "28": "W", "29": "W"}, {"14": "N", "38": "N", "6": "N", "1": "N", "12": "N", "7": "N", "0": "N", "2": "N", "25": "N", "16": "N", "17": "N", "23": "N", "19": "N", "32": "N", "5": "W", "27": "W", "11": "W", "31": "W", "35": "N", "22": "W", "34": "W", "28": "W"}, {"14": "N", "38": "N", "6": "N", "1": "N", "12": "N", "7": "N", "0": "N", "2": "N", "25": "N", "16": "N", "17": "W", "23": "N", "19": "N", "32": "N", "5": "W", "27": "W", "11": "W", "31": "W", "35": "W", "22": "W", "34": "W", "28": "W"}, {"14": "N", "38": "N", "6": "N", "1": "N", "12": "N", "7": "N", "0": "N", "2": "N", "25": "N", "16": "N", "17": "W", "23": "W", "19": "N", "32": "N", "27": "W", "11": "W", "31": "W", "35": "W", "34": "W", "28": "W"}, {"14": "N", "38": "N", "6": "N", "1": "N", "12": "N", "7": "N", "0": "N", "2": "N", "25": "N", "16": "N", "17": "W", "23": "W", "19": "W", "32": "N", "27": "W", "11": "W", "31": "W", "35": "W", "34": "W", "28": "W"}, {"14": "N", "38": "N", "6": "N", "1": "N", "12": "W", "7": "N", "0": "N", "2": "N", "25": "N", "16": "N", "23": "W", "19": "W", "32": "W", "11": "W", "31": "W", "35": "W", "28": "W"}, {"14": "N", "38": "N", "6": "N", "1": "N", "12": "W", "7": "W", "0": "N", "2": "N", "25": "N", "16": "N", "23": "W", "19": "W", "32": "W", "11": "W", "31": "W", "35": "W", "28": "W"}, {"14": "N", "38": "N", "6": "N", "1": "N", "12": "W", "7": "W", "0": "W", "2": "N", "25": "N", "16": "N", "19": "W", "32": "W", "11": "W", "31": "W", "35": "W", "28": "W"}, {"14": "N", "38": "N", "6": "N", "1": "N", "7": "W", "0": "W", "2": "W", "25": "N", "16": "N", "19": "W", "32": "W", "31": "W", "35": "W"}, {"14": "N", "38": "N", "6": "N", "1": "N", "7": "W", "0": "W", "2": "W", "25": "W", "16": "N", "19": "W", "32": "W", "31": "W", "35": "W"}, {"14": "W", "38": "N", "6": "N", "1": "N", "0": "W", "2": "W", "25": "W", "16": "W", "32": "W", "35": "W"}, {"14": "W", "38": "W", "6": "N", "1": "N", "0": "W", "2": "W", "25": "W", "16": "W", "32": "W", "35": "W"}, {"14": "W", "38": "W", "6": "W", "1": "N", "0": "W", "2": "W", "25": "W", "16": "W", "35": "W"}, {"38": "W", "6": "W", "1": "W", "2": "W", "25": "W", "16": "W"}, {"38": "W", "6": "W", "1": "W", "2": "W", "25": "W", "16": "W"}, {"38": "W", "6": "W", "1": "W", "25": "W", "16": "W"}, {"38": "W", "6": "W", "1": "W", "25": "W", "16": "W"}, {"6": "W", "1": "W", "16": "W"}, {"6": "W", "1": "W", "16": "W"}, {"6": "W", "1": "W"}, {"6": "W", "1": "W"}, {"6": "W", "1": "W"}, {"1": "W"}, {"1": "W"}, {"31": "E", "20": "E", "7": "E"}, {"31": "S", "20": "S", "7": "S"}, {"31": "S", "20": "S", "7": "S"}, {"31": "S", "20": "S", "7": "S"}, {"31": "S", "20": "S", "7": "S"}, {"31": "S", "20": "S", "7": "S"}, {"31": "S", "20": "S", "7": "S"}, {"31": "S", "20": "S", "7": "S"}, {"31": "S", "20": "S", "7": "S"}, {"31": "S", "20": "S", "7": "S"}, {"31": "S", "20": "S", "7": "S"}, {"31": "S", "20": "S", "7": "S"}, {"31": "S", "20": "S", "7": "S"}, {"31": "S", "20": "S", "7": "S"}, {"31": "S", "20": "S", "7": "S"}, {"31": "S", "20": "E", "7": "S"}, {"31": "S", "20": "E", "7": "S"}, {"31": "S", "20": "E", "7": "S"}, {"31": "S", "20": "E", "7": "S"}, {"31": "S", "20": "E", "7": "S"}, {"31": "S", "20": "E", "7": "S"}, {"31": "S", "20": "E", "7": "S"}, {"31": "E", "20": "E", "7": "S"}, {"31": "E", "20": "E", "7": "E"}, {"31": "E", "20": "E", "7": "E", "23": "E", "26": "E", "14": "E", "25": "E", "11": "E"}, {"31": "E", "20": "E", "7": "E", "23": "S", "26": "S", "14": "S", "25": "S", "11": "S"}, {"31": "E", "7": "E", "23": "S", "26": "S", "14": "S", "25": "S", "11": "S"}, {"31": "E", "7": "E", "23": "S", "26": "S", "14": "S", "25": "S", "11": "S"}, {"31": "E", "7": "E", "23": "S", "26": "S", "14": "S", "25": "S", "11": "S"}, {"31": "E", "7": "E", "23": "S", "26": "S", "14": "S", "25": "S", "11": "S"}, {"31": "E", "7": "E", "23": "S", "26": "S", "14": "S", "25": "S", "11": "S"}, {"31": "E", "7": "E", "23": "S", "26": "S", "14": "S", "25": "S", "11": "S"}, {"31": "E", "7": "E", "23": "S", "26": "S", "14": "S", "25": "S", "11": "S"}, {"7": "E", "23": "S", "26": "S", "14": "S", "25": "S", "11": "S"}, {"23": "S", "26": "E", "14": "S", "25": "S", "11": "S"}, {"23": "S", "26": "E", "14": "S", "25": "S", "11": "S"}, {"23": "S", "26": "E", "14": "S", "25": "S", "11": "S"}, {"23": "S", "26": "E", "14": "S", "25": "S", "11": "S"}, {"23": "S", "26": "E", "14": "S", "25": "S", "11": "S"}, {"23": "S", "26": "E", "14": "S", "25": "S", "11": "E"}, {"23": "S", "26": "E", "14": "S", "25": "S", "11": "E"}, {"23": "S", "26": "E", "14": "S", "25": "S", "11": "E"}, {"23": "S", "26": "E", "14": "S", "25": "S", "11": "E"}, {"23": "S", "26": "E", "14": "S", "25": "S", "11": "E"}, {"23": "S", "14": "S", "25": "S", "11": "E"}, {"23": "S", "14": "S", "25": "S", "11": "E"}, {"23": "S", "14": "S", "25": "S", "11": "E"}, {"23": "S", "14": "S", "25": "S", "11": "E"}, {"23": "S", "14": "S", "25": "S", "11": "E"}, {"23": "S", "14": "S", "25": "S"}, {"23": "E", "14": "S", "25": "S"}, {"23": "E", "14": "S", "25": "S"}, {"23": "E", "14": "S", "25": "S"}, {"23": "E", "14": "S", "25": "E"}, {"23": "E", "14": "S", "25": "E"}, {"23": "E", "14": "S", "25": "E"}, {"23": "E", "14": "S", "25": "E"}, {"23": "E", "14": "E", "25": "E"}, {"23": "E", "14": "E", "25": "E", "9": "E", "27": "E", "37": "E", "35": "E", "2": "E"}, {"23": "E", "14": "E", "25": "E", "27": "S", "37": "S", "35": "S", "2": "S"}, {"14": "E", "25": "E", "9": "S", "27": "S", "37": "S", "35": "S", "2": "S"}, {"14": "E", "25": "E", "9": "S", "27": "S", "37": "S", "35": "S", "2": "S"}, {"14": "E", "25": "E", "9": "S", "27": "S", "37": "S", "35": "S", "2": "S"}, {"14": "E", "9": "S", "27": "S", "37": "S", "35": "S", "2": "S"}, {"14": "E", "9": "S", "27": "S", "37": "S", "35": "S", "2": "S"}, {"14": "E", "9": "S", "27": "S", "37": "S", "35": "S", "2": "S"}, {"14": "E", "9": "S", "27": "S", "37": "S", "35": "S", "2": "S"}, {"9": "S", "27": "S", "37": "S", "35": "S", "2": "S"}, {"9": "S", "27": "S", "37": "S", "35": "S", "2": "S"}, {"9": "S", "27": "S", "37": "E", "35": "S", "2": "S"}, {"9": "S", "27": "S", "37": "E", "35": "S", "2": "S"}, {"9": "S", "27": "S", "37": "E", "35": "S", "2": "S"}, {"9": "S", "27": "S", "37": "E", "35": "S", "2": "S"}, {"9": "E", "27": "S", "37": "E", "35": "S", "2": "S"}, {"9": "E", "27": "S", "37": "E", "35": "S", "2": "S"}, {"9": "E", "27": "S", "37": "E", "35": "S", "2": "S"}, {"9": "E", "27": "S", "37": "E", "35": "S", "2": "S"}, {"9": "E", "27": "S", "37": "E", "35": "S", "2": "S"}, {"9": "E", "27": "S", "35": "E", "2": "S"}, {"9": "E", "27": "E", "35": "E", "2": "S"}, {"9": "E", "27": "E", "35": "E", "2": "S"}, {"9": "E", "27": "E", "35": "E", "2": "S"}, {"27": "E", "35": "E", "2": "S"}, {"27": "E", "35": "E", "2": "S"}, {"27": "E", "35": "E", "2": "S"}, {"27": "E", "35": "E", "2": "E"}, {"27": "E", "35": "E", "2": "E", "16": "E", "0": "E", "21": "E", "1": "E", "24": "E", "10": "E"}, {"27": "E", "2": "E", "16": "S", "0": "S", "21": "E", "1": "S", "24": "E", "10": "E"}, {"2": "E", "16": "S", "0": "S", "21": "N", "1": "S", "24": "E", "10": "N"}, {"2": "E", "16": "S", "0": "S", "21": "N", "1": "S", "24": "E", "10": "N"}, {"2": "E", "16": "S", "0": "S", "21": "N", "1": "S", "24": "E", "10": "N"}, {"2": "E", "16": "S", "0": "S", "21": "N", "1": "S", "24": "E", "10": "N"}, {"2": "E", "16": "S", "0": "S", "21": "N", "1": "S", "24": "E", "10": "E"}, {"2": "E", "16": "S", "0": "S", "21": "E", "1": "S", "24": "E", "10": "E"}, {"16": "S", "0": "S", "21": "E", "1": "S", "24": "E", "10": "E"}, {"16": "S", "0": "S", "21": "E", "1": "S", "10": "E"}, {"16": "S", "0": "S", "21": "E", "1": "S", "10": "E"}, {"16": "S", "0": "S", "21": "E", "1": "S", "10": "E"}, {"16": "S", "0": "S", "21": "E", "1": "S", "10": "E"}, {"16": "S", "0": "S", "21": "E", "1": "S"}, {"16": "S", "0": "S", "1": "S"}, {"16": "S", "0": "S", "1": "S"}, {"16": "S", "0": "S", "1": "S"}, {"16": "S", "0": "S", "1": "S"}, {"16": "S", "0": "S", "1": "S"}, {"16": "S", "0": "S", "1": "S"}, {"16": "S", "0": "S", "1": "S"}, {"16": "S", "0": "S", "1": "S"}, {"16": "S", "0": "S", "1": "S"}, {"16": "S", "0": "S", "1": "S"}, {"16": "S", "0": "S", "1": "S"}, {"16": "S", "0": "S", "1": "S"}, {"16": "S", "0": "S", "1": "S"}, {"16": "S", "0": "S", "1": "S"}, {"16": "S", "0": "E", "1": "S"}, {"16": "S", "0": "E", "1": "S"}, {"16": "S", "0": "E", "1": "S"}, {"16": "S", "0": "E", "1": "S"}, {"16": "E", "0": "E", "1": "S"}, {"16": "E", "0": "E", "1": "E"}, {"16": "E", "0": "E", "1": "E", "32": "E", "34": "E", "15": "E", "3": "E", "12": "E"}, {"16": "E", "0": "E", "1": "E", "32": "S", "34": "S", "15": "E", "3": "E", "12": "S"}, {"16": "E", "1": "E", "32": "S", "34": "S", "15": "N", "3": "E", "12": "S"}, {"16": "E", "1": "E", "32": "S", "34": "S", "15": "N", "3": "E", "12": "S"}, {"16": "E", "1": "E", "32": "S", "34": "S", "15": "E", "3": "E", "12": "S"}, {"16": "E", "1": "E", "32": "S", "34": "S", "15": "E", "3": "E", "12": "S"}, {"1": "E", "32": "S", "34": "S", "15": "E", "3": "E", "12": "S"}, {"32": "S", "34": "S", "15": "E", "3": "E", "12": "S"}, {"32": "S", "34": "S", "15": "E", "12": "S"}, {"32": "S", "34": "S", "15": "E", "12": "S"}, {"32": "S", "34": "S", "12": "S"}, {"32": "S", "34": "S", "12": "S"}, {"32": "S", "34": "S", "12": "S"}, {"32": "S", "34": "S", "12": "S"}, {"32": "S", "34": "E", "12": "S"}, {"32": "S", "34": "E", "12": "S"}, {"32": "S", "34": "E", "12": "S"}, {"32": "S", "34": "E", "12": "S"}, {"32": "S", "34": "E", "12": "S"}, {"32": "S", "34": "E", "12": "S"}, {"32": "S", "34": "E", "12": "S"}, {"32": "S", "12": "S"}, {"32": "S", "12": "S"}, {"32": "S", "12": "S"}, {"32": "S", "12": "E"}, {"32": "S", "12": "E"}, {"32": "S", "12": "E"}, {"32": "S", "12": "E"}, {"32": "S", "12": "E"}, {"32": "E", "12": "E"}, {"32": "E", "12": "E", "38": "E", "17": "E", "13": "E", "29": "E", "5": "E"}, {"32": "E", "38": "S", "17": "S", "13": "S", "29": "S", "5": "S"}, {"32": "E", "38": "S", "17": "S", "13": "S", "29": "S", "5": "S"}, {"32": "E", "38": "S", "17": "S", "13": "E", "29": "S", "5": "S"}, {"32": "E", "38": "S", "17": "S", "13": "E", "29": "S", "5": "S"}, {"32": "E", "38": "S", "17": "S", "13": "E", "29": "E", "5": "S"}, {"38": "S", "17": "S", "13": "E", "29": "E", "5": "S"}, {"38": "S", "17": "S", "13": "E", "29": "E", "5": "S"}, {"38": "S", "17": "S", "13": "E", "29": "E", "5": "S"}, {"38": "S", "17": "S", "29": "E", "5": "S"}, {"38": "S", "17": "S", "29": "E", "5": "S"}, {"38": "S", "17": "S", "5": "S"}, {"38": "S", "17": "S", "5": "S"}, {"38": "S", "17": "S", "5": "E"}, {"38": "S", "17": "S", "5": "E"}, {"38": "S", "17": "S", "5": "E"}, {"38": "S", "17": "S", "5": "E"}, {"38": "S", "17": "S", "5": "E"}, {"38": "S", "17": "S", "5": "E"}, {"38": "S", "17": "S"}, {"38": "S", "17": "S"}, {"38": "S", "17": "S"}, {"38": "S", "17": "S"}, {"38": "S", "17": "E"}, {"38": "S", "17": "E"}, {"38": "S", "17": "E"}, {"38": "S", "17": "E"}, {"38": "S", "17": "E"}, {"38": "S", "17": "E"}, {"38": "S"}, {"38": "S"}, {"38": "S"}, {"38": "S"}, {"38": "S"}, {"38": "S"}, {"38": "S"}, {"38": "S"}, {"38": "E"}, {"38": "E", "18": "E", "22": "E", "6": "E"}, {"38": "E", "18": "E", "22": "S", "6": "S"}, {"38": "E", "18": "N", "22": "S", "6": "S"}, {"38": "E", "18": "N", "22": "S", "6": "S"}, {"38": "E", "18": "N", "22": "S", "6": "S"}, {"18": "N", "22": "S", "6": "S"}, {"18": "E", "22": "S", "6": "S"}, {"18": "E", "22": "S", "6": "S"}, {"18": "E", "22": "S", "6": "S"}, {"18": "E", "22": "S", "6": "S"}, {"22": "E", "6": "S"}, {"22": "E", "6": "S"}, {"22": "E", "6": "S"}, {"22": "E", "6": "S"}, {"22": "E", "6": "S"}, {"6": "S"}, {"6": "S"}, {"6": "S"}, {"6": "S"}, {"6": "S"}, {"6": "S"}, {"6": "S"}, {"6": "S"}, {"6": "S"}, {"6": "S"}, {"6": "S"}, {"6": "S"}, {"6": "S"}, {"6": "S"}, {"6": "S"}, {"6": "E"}, {"6": "E", "39": "E", "19": "E", "4": "E", "28": "E", "33": "E"}, {"6": "E", "39": "S", "19": "S", "4": "S", "28": "S", "33": "E"}, {"6": "E", "39": "S", "19": "S", "4": "S", "28": "S", "33": "N"}, {"6": "E", "39": "S", "19": "S", "4": "S", "28": "S", "33": "N"}, {"39": "S", "19": "S", "4": "S", "28": "S", "33": "N"}, {"39": "S", "19": "S", "4": "S", "28": "S", "33": "N"}, {"39": "S", "19": "S", "4": "S", "28": "S", "33": "N"}, {"39": "E", "19": "S", "4": "S", "28": "S", "33": "N"}, {"39": "E", "19": "S", "4": "S", "28": "S", "33": "N"}, {"39": "E", "19": "S", "4": "S", "28": "S", "33": "N"}, {"39": "E", "19": "S", "4": "E", "28": "S", "33": "E"}, {"19": "S", "4": "E", "28": "S", "33": "E"}, {"19": "S", "4": "E", "28": "E", "33": "E"}, {"19": "S", "4": "E", "28": "E"}, {"19": "S", "28": "E"}, {"19": "S", "28": "E"}, {"19": "S"}, {"19": "S"}, {"19": "S"}, {"19": "S"}, {"19": "S"}, {"19": "S"}, {"19": "S"}, {"19": "S"}, {"19": "E"}, {"19": "E", "36": "E", "8": "E"}, {"19": "E", "36": "E", "8": "S"}, {"19": "E", "36": "N", "8": "S"}, {"36": "N", "8": "S"}, {"36": "N", "8": "S"}, {"36": "E", "8": "S"}, {"36": "E", "8": "S"}, {"8": "S"}, {"8": "S"}, {"8": "S"}, {"8": "S"}, {"8": "S"}, {"8": "S"}, {"8": "E"}, {"8": "E", "30": "E"}, {"8": "E", "30": "S"}, {"30": "S"}, {"30": "S"}, {"30": "S"}, {"30": "E"}, {"30": "E"}], "result": "SUCCESS", "makespan": 306, "sum": 1786, "algo_name": "LeftPillar"}