{"instance": "small_007_20x20_40_82", "steps": [{"77": "W", "35": "W", "81": "E", "9": "N", "75": "W", "39": "E", "45": "S", "51": "W", "8": "E", "41": "W", "48": "E", "10": "E", "50": "W", "72": "W", "78": "W", "28": "E", "17": "W", "71": "W", "46": "N", "29": "N", "1": "N", "25": "S", "5": "E", "59": "N", "70": "W", "12": "W", "47": "W", "13": "W", "79": "E", "32": "E", "73": "W", "2": "W", "3": "W", "14": "N", "80": "W", "52": "E", "33": "N", "24": "N", "20": "W", "58": "W", "36": "E", "61": "N", "6": "W", "27": "S", "7": "W", "16": "E", "67": "N", "21": "S", "0": "E", "54": "E"}, {"4": "S", "31": "W", "27": "S", "20": "W", "44": "W", "21": "S", "72": "N", "2": "N", "47": "W", "43": "W", "10": "N", "15": "N", "8": "E", "11": "E", "50": "N", "78": "W", "48": "N", "5": "E", "1": "N", "80": "W", "14": "N", "64": "S", "68": "W", "39": "S", "17": "W", "70": "W", "77": "W", "76": "N", "67": "N", "66": "W", "71": "S", "0": "S", "29": "N", "58": "N", "25": "S"}, {"8": "N", "5": "N", "43": "N", "64": "S", "16": "E", "80": "W", "24": "N", "54": "S", "17": "W", "15": "N", "61": "N", "21": "S", "1": "W", "32": "E", "58": "N", "29": "N", "76": "N", "66": "N", "4": "W", "20": "S", "14": "N", "44": "S", "3": "W", "53": "S", "67": "N", "50": "N", "72": "N", "39": "E", "2": "N"}, {"16": "E", "24": "N", "43": "N", "39": "E", "70": "W", "44": "S", "29": "W", "50": "N", "53": "S", "72": "N", "0": "S", "76": "N", "61": "N", "54": "S", "67": "N", "20": "S", "25": "S", "5": "N", "66": "N", "1": "W", "80": "W", "15": "N", "8": "N", "48": "N"}, {"1": "W", "10": "W", "67": "E", "0": "E", "24": "N", "63": "W", "65": "N", "76": "N", "13": "W", "17": "W", "42": "W", "73": "E", "21": "S", "70": "W", "43": "W", "37": "S", "50": "N", "78": "E", "3": "S", "30": "S", "68": "S", "38": "W", "79": "E", "57": "S", "53": "S", "11": "E", "27": "S", "29": "W", "28": "W", "33": "W", "39": "E", "20": "E", "44": "S", "16": "S", "80": "E", "64": "S", "77": "N", "26": "E", "6": "N", "72": "N", "34": "S", "8": "N", "59": "N", "32": "W", "5": "N"}, {"62": "E", "11": "E", "60": "S", "2": "N", "54": "S", "40": "W", "1": "W", "34": "W", "26": "S", "37": "W", "51": "W", "30": "W", "56": "E", "50": "N", "63": "S", "24": "W", "81": "N", "15": "S", "22": "N", "33": "N", "75": "N", "53": "S", "65": "E", "67": "E", "16": "S", "76": "N", "61": "N", "79": "N", "13": "N", "59": "N", "49": "N", "0": "E", "47": "W", "7": "S", "43": "W", "5": "N", "31": "N", "8": "N", "45": "S", "39": "E"}, {"7": "S", "13": "W", "68": "W", "63": "S", "26": "S", "31": "N", "77": "E", "67": "E", "41": "W", "5": "E", "34": "W", "71": "S", "52": "E", "4": "S", "62": "E", "43": "W", "30": "W", "47": "W", "65": "E", "15": "S", "8": "N", "33": "N", "53": "S", "39": "E", "0": "E", "66": "W", "79": "N", "11": "N", "9": "N", "58": "N", "3": "W"}, {"66": "N", "34": "W", "76": "N", "56": "E", "46": "N", "26": "W", "79": "N", "75": "N", "59": "N", "13": "W", "9": "N", "25": "W", "8": "N", "5": "E", "0": "E", "77": "E", "11": "N", "58": "N", "61": "N", "42": "N"}, {"57": "S", "15": "N", "54": "W", "26": "W", "22": "N", "44": "W", "36": "W", "42": "N", "21": "S", "30": "E", "27": "S", "6": "N", "68": "S", "59": "N", "53": "N", "79": "E", "64": "S", "67": "N", "76": "W", "11": "W", "62": "E", "60": "E", "74": "W", "45": "S", "75": "N", "49": "W", "61": "N", "31": "W", "51": "S", "65": "W", "66": "N", "77": "S", "56": "N"}, {"74": "S", "3": "W", "75": "N", "19": "N", "5": "E", "17": "N", "42": "N", "12": "W", "30": "S", "73": "N", "22": "W", "28": "N", "77": "S", "81": "N", "79": "E", "9": "N", "67": "E", "37": "W", "45": "W", "72": "N", "8": "N", "6": "W", "20": "E", "15": "N", "57": "E", "62": "S", "71": "S", "56": "N", "44": "S", "26": "W", "76": "N"}, {"15": "N", "62": "S", "77": "S", "61": "N", "67": "E", "9": "N", "78": "N", "42": "N", "44": "S", "75": "N", "57": "E", "30": "S", "76": "N", "71": "S", "6": "N", "20": "E", "22": "W", "74": "S", "45": "W"}, {"42": "N", "75": "N", "58": "N", "10": "W", "16": "N", "62": "S", "59": "N", "77": "S", "45": "E", "3": "N", "53": "S", "28": "W", "80": "W", "64": "N", "41": "S", "67": "E", "18": "W", "63": "S", "57": "E", "78": "N", "1": "N", "22": "E", "6": "N", "51": "N", "40": "S", "9": "N", "24": "E", "76": "E", "61": "N", "30": "W", "66": "E", "74": "E", "44": "E", "31": "W", "20": "E"}, {"57": "E", "31": "N", "10": "N", "1": "W", "9": "N", "52": "E", "60": "E", "51": "E", "20": "S", "19": "E", "61": "N", "58": "N", "43": "W", "62": "S", "45": "S", "73": "N", "66": "N", "64": "N", "80": "W", "44": "S", "54": "W", "29": "E", "23": "S", "65": "S", "77": "W", "42": "N", "67": "E", "28": "N", "16": "N", "30": "S", "75": "W"}, {"1": "W", "77": "W", "13": "N", "34": "S", "45": "S", "28": "N", "31": "N", "67": "E", "51": "E", "42": "N", "71": "W", "10": "N", "61": "N", "44": "S", "20": "S", "17": "N", "66": "N", "53": "S", "64": "W", "52": "E", "9": "N", "73": "W"}, {"43": "N", "65": "E", "44": "S", "77": "W", "29": "W", "52": "E", "15": "S", "27": "E", "24": "S", "79": "W", "18": "W", "38": "W", "19": "E", "49": "E", "36": "W", "51": "E", "80": "E", "42": "N", "66": "N", "13": "W", "71": "W", "56": "W", "10": "E", "60": "W", "73": "W", "28": "E", "74": "W", "9": "E", "53": "S", "75": "W", "20": "S", "1": "W", "61": "N", "39": "S", "34": "W"}, {"19": "E", "39": "E", "74": "N", "60": "S", "67": "S", "73": "N", "51": "E", "31": "N", "42": "N", "22": "S", "16": "E", "52": "E", "37": "W", "20": "S", "15": "S", "24": "S", "6": "N", "75": "W", "80": "E", "66": "N", "43": "W", "34": "W", "72": "N", "55": "W", "44": "E", "9": "N", "1": "W", "71": "W", "77": "S", "5": "E"}, {"43": "W", "20": "S", "77": "S", "9": "N", "66": "N", "51": "S", "79": "N", "13": "W", "52": "E", "72": "N", "19": "E", "41": "S", "1": "W", "63": "S", "16": "E", "3": "S", "55": "W", "6": "N", "44": "E", "15": "S"}, {"0": "S", "1": "W", "54": "S", "13": "W", "43": "S", "36": "W", "51": "S", "24": "S", "68": "E", "18": "E", "78": "W", "56": "E", "73": "W", "5": "W", "77": "S", "45": "N", "74": "E", "20": "S", "71": "W", "38": "W", "23": "W", "52": "E", "3": "W", "29": "E", "9": "W", "80": "E", "6": "N", "60": "E", "40": "N", "22": "W", "66": "S", "19": "S", "75": "W", "67": "E"}, {"12": "W", "6": "N", "1": "W", "16": "E", "77": "S", "73": "N", "20": "S", "57": "E", "78": "W", "38": "S", "31": "E", "29": "E", "66": "E", "13": "W", "68": "N", "80": "E", "43": "W", "52": "N", "36": "S", "0": "E", "64": "W", "4": "S", "51": "S", "37": "W", "9": "W", "61": "N", "67": "E"}, {"29": "S", "37": "W", "73": "N", "77": "S", "38": "S", "41": "W", "5": "N", "9": "W", "20": "S", "1": "W", "52": "N", "68": "N", "43": "W", "57": "E", "66": "E", "6": "N", "61": "W", "4": "S", "36": "S", "51": "S", "42": "N", "67": "S"}, {"64": "E", "3": "E", "40": "N", "31": "N", "38": "E", "76": "N", "0": "S", "1": "W", "43": "W", "22": "W", "66": "W", "33": "W", "80": "E", "36": "E", "12": "W", "41": "W", "42": "N", "20": "S", "14": "W", "75": "W", "26": "S", "4": "S", "61": "W", "24": "E", "47": "W", "72": "W", "71": "E", "51": "S", "29": "S", "67": "S", "28": "W", "5": "E", "9": "W", "6": "N", "77": "E", "68": "W", "34": "N", "57": "E", "8": "W", "32": "W"}, {"42": "W", "51": "S", "26": "W", "80": "S", "24": "S", "56": "N", "77": "E", "53": "N", "34": "W", "57": "N", "66": "W", "20": "W", "28": "N", "72": "N", "43": "W", "75": "W", "27": "E", "9": "W", "78": "W", "60": "N", "4": "W", "14": "S", "32": "S", "67": "W", "39": "E", "73": "E", "1": "W", "5": "E", "52": "N", "64": "E", "68": "W", "6": "N", "0": "E", "61": "W", "22": "S", "29": "S", "15": "S"}, {"75": "W", "28": "N", "42": "W", "66": "N", "9": "W", "4": "W", "26": "W", "6": "N", "57": "N", "77": "E", "53": "E", "61": "W", "20": "W", "24": "S", "80": "S", "71": "S", "64": "S", "14": "S", "22": "S", "29": "S", "72": "N", "51": "S", "0": "E", "34": "W", "33": "N", "23": "S", "3": "N", "5": "E", "43": "W", "1": "W"}, {"42": "W", "20": "W", "33": "N", "47": "W", "80": "S", "53": "E", "57": "N", "6": "N", "77": "E", "66": "N", "3": "N", "1": "W", "5": "E", "60": "E", "71": "S", "9": "W", "43": "W", "0": "E", "51": "S", "72": "E", "61": "W"}, {"45": "N", "64": "S", "43": "W", "71": "N", "3": "W", "40": "N", "53": "W", "8": "N", "24": "E", "68": "S", "10": "W", "51": "W", "20": "W", "41": "S", "55": "S", "37": "S", "6": "W", "42": "W", "31": "N", "61": "W", "36": "S", "5": "E", "26": "N", "58": "W", "21": "N", "47": "S", "66": "N", "15": "E", "29": "E", "9": "W", "76": "E", "1": "W", "0": "E", "57": "N", "33": "E", "77": "W"}, {"10": "N", "80": "S", "20": "W", "3": "W", "33": "N", "77": "W", "22": "N", "14": "E", "67": "W", "36": "E", "24": "S", "49": "N", "9": "W", "0": "E", "47": "S", "58": "N", "6": "W", "43": "W", "42": "W", "25": "E", "1": "S", "12": "S", "55": "W", "73": "N", "21": "N", "5": "S", "34": "W", "76": "S", "29": "E", "27": "E", "37": "W", "72": "N", "41": "W", "39": "E", "51": "W"}, {"15": "E", "47": "S", "3": "W", "51": "W", "1": "S", "79": "N", "80": "S", "6": "W", "26": "W", "8": "N", "22": "W", "67": "S", "27": "E", "43": "W", "37": "W", "55": "W", "9": "W", "0": "E", "34": "W", "78": "W", "14": "S", "76": "S", "20": "W"}, {"39": "N", "14": "S", "75": "N", "51": "W", "0": "E", "55": "W", "22": "W", "67": "S", "9": "W", "41": "W", "26": "W", "6": "W", "72": "N", "37": "W", "76": "W", "79": "E", "43": "W", "20": "W"}, {"3": "E", "4": "S", "63": "E", "20": "W", "55": "S", "66": "S", "13": "E", "0": "E", "41": "W", "14": "N", "9": "W", "18": "W", "21": "S", "67": "S", "5": "S", "68": "N", "61": "W", "79": "E", "26": "W", "73": "E", "69": "N", "53": "N", "34": "S", "49": "W", "78": "E", "22": "S", "10": "E", "28": "E", "15": "W", "39": "W", "37": "W", "29": "W", "56": "W", "75": "W", "76": "W", "51": "W"}, {"33": "S", "20": "W", "3": "E", "25": "S", "77": "W", "60": "E", "65": "E", "37": "W", "18": "S", "79": "E", "41": "W", "51": "W", "39": "W", "71": "W", "34": "W", "27": "E", "1": "S", "29": "W", "54": "S", "53": "E", "64": "E", "22": "S", "75": "W", "32": "S", "26": "W", "38": "E", "21": "S", "56": "S", "80": "S", "4": "W", "9": "W", "66": "E", "14": "N", "43": "S", "0": "N", "13": "E", "23": "S", "67": "S", "73": "S", "76": "N"}, {"66": "E", "15": "W", "12": "S", "74": "E", "21": "W", "37": "N", "20": "W", "67": "S", "55": "W", "56": "S", "75": "W", "73": "S", "24": "S", "9": "W", "77": "W", "42": "N", "71": "W", "41": "W", "51": "W", "18": "S", "53": "E", "22": "E", "5": "S", "79": "E", "26": "W", "27": "N", "13": "E", "34": "W"}, {"66": "N", "73": "W", "21": "S", "18": "S", "37": "N", "53": "E", "55": "W", "41": "W", "6": "W", "5": "S", "51": "W", "77": "S", "0": "N", "13": "E", "75": "W", "79": "E", "9": "W", "34": "W", "4": "W", "67": "W", "22": "S", "42": "W"}, {"79": "E", "55": "W", "13": "E", "5": "S", "51": "W", "9": "W", "75": "W", "41": "N", "67": "S", "18": "S", "77": "S", "66": "N", "37": "N", "34": "N", "73": "W", "6": "W", "22": "E", "42": "W", "21": "S", "26": "S", "53": "S"}, {"34": "N", "41": "N", "66": "W", "26": "W", "33": "E", "75": "W", "9": "S", "52": "N", "37": "N", "1": "W", "53": "W", "36": "E", "77": "W", "24": "N", "39": "S", "55": "W", "64": "S", "40": "E", "18": "S", "12": "N", "67": "S", "4": "N", "79": "E", "68": "E", "29": "E", "5": "S", "23": "W", "6": "N", "25": "W", "27": "W", "13": "E"}, {"53": "W", "76": "N", "33": "S", "66": "W", "69": "N", "29": "E", "26": "W", "23": "S", "40": "N", "68": "N", "0": "N", "9": "S", "34": "N", "72": "N", "61": "W", "22": "S", "55": "W", "5": "S", "57": "N", "31": "N", "75": "W", "24": "N", "18": "S", "71": "W", "79": "E", "14": "N", "64": "E", "41": "N", "1": "S", "28": "E", "73": "W", "37": "N"}, {"66": "W", "71": "W", "55": "W", "4": "N", "61": "W", "57": "N", "68": "N", "1": "S", "53": "W", "9": "S", "32": "E", "0": "N", "37": "N", "14": "N", "64": "E", "36": "E", "73": "N", "26": "W", "75": "W", "12": "W", "20": "N", "24": "W", "41": "N", "33": "S", "5": "S", "18": "S", "79": "E", "34": "N", "23": "S"}, {"29": "S", "34": "N", "5": "S", "61": "W", "76": "E", "64": "E", "0": "N", "1": "E", "57": "N", "73": "N", "41": "N", "55": "N", "12": "W", "75": "W", "23": "E", "18": "S", "33": "W", "36": "S", "22": "S", "63": "E", "79": "S", "39": "E", "53": "W", "68": "W", "26": "W", "37": "N", "71": "W", "13": "S", "66": "W"}, {"36": "S", "12": "S", "14": "N", "1": "S", "79": "S", "34": "N", "23": "S", "13": "S", "41": "N", "56": "E", "26": "W", "71": "W", "33": "W", "5": "S", "63": "S", "54": "E", "61": "W", "64": "E", "66": "W", "18": "E", "75": "W", "68": "W", "37": "W", "55": "N"}, {"41": "N", "21": "S", "36": "S", "37": "N", "33": "W", "1": "S", "18": "S", "71": "S", "55": "N", "13": "S", "22": "S", "75": "S", "25": "S", "77": "S", "68": "W", "5": "S", "56": "S", "79": "S", "66": "W", "0": "N", "12": "S", "54": "E", "61": "W", "26": "N", "34": "N", "80": "S"}, {"80": "S", "13": "S", "41": "W", "71": "W", "66": "W", "20": "N", "55": "N", "61": "W", "34": "N", "75": "S", "37": "N", "79": "S", "26": "N", "5": "S", "36": "S", "12": "E", "15": "S", "33": "N"}, {"32": "W", "39": "W", "41": "N", "24": "W", "60": "S", "61": "W", "77": "N", "15": "S", "75": "W", "27": "S", "79": "S", "13": "S", "55": "N", "68": "W", "37": "N", "31": "E", "5": "S", "56": "N", "29": "W", "26": "N", "76": "E", "73": "N", "34": "N", "66": "W", "10": "S", "63": "W", "21": "S", "80": "W", "71": "W", "51": "S", "36": "S"}, {"25": "S", "24": "S", "41": "N", "8": "N", "33": "N", "61": "W", "15": "S", "4": "N", "60": "E", "80": "W", "43": "S", "76": "S", "75": "S", "56": "N", "66": "W", "26": "N", "10": "W", "34": "E", "79": "S", "68": "W", "71": "W", "13": "S", "45": "W", "51": "W", "36": "S"}, {"29": "W", "61": "W", "51": "W", "15": "W", "24": "S", "10": "W", "45": "W", "34": "E", "4": "W", "21": "W", "68": "S", "76": "S", "13": "S", "43": "S", "3": "N", "80": "W", "36": "S", "66": "W", "63": "W", "79": "S", "71": "W"}, {"36": "S", "66": "W", "21": "W", "4": "N", "13": "S", "71": "W", "15": "W", "76": "W", "3": "W", "51": "W", "25": "S", "29": "S", "61": "W"}, {"53": "E", "71": "W", "77": "S", "25": "W", "76": "N", "6": "S", "13": "S", "36": "S", "51": "W", "3": "W", "15": "S", "66": "W", "61": "W", "10": "E", "42": "S", "75": "W", "26": "E", "28": "W", "63": "W", "21": "S", "49": "S", "56": "W", "12": "W"}, {"3": "S", "24": "S", "51": "W", "40": "W", "52": "E", "71": "W", "36": "S", "38": "W", "42": "W", "25": "W", "63": "W", "68": "S", "75": "S", "61": "S", "13": "S", "57": "N", "6": "W", "53": "E", "26": "N", "66": "W", "21": "W", "49": "W", "28": "W", "12": "S", "29": "S", "15": "W", "14": "W"}, {"71": "N", "12": "S", "68": "S", "21": "W", "61": "S", "57": "E", "15": "W", "75": "S", "51": "W", "53": "E", "13": "S", "42": "W", "31": "N", "6": "W", "3": "S", "66": "W", "52": "E", "0": "N", "26": "N", "24": "W"}, {"29": "S", "0": "N", "53": "E", "51": "W", "66": "W", "71": "N", "21": "W", "13": "W", "42": "W", "15": "W", "26": "W", "52": "E"}, {"49": "E", "10": "S", "58": "W", "51": "W", "12": "E", "53": "W", "56": "E", "69": "N", "64": "N", "81": "W", "6": "W", "13": "S", "42": "W", "0": "N", "41": "W", "61": "W", "52": "E", "26": "N", "15": "W", "60": "N", "25": "S", "32": "W", "66": "W", "8": "E", "71": "N", "31": "S"}, {"13": "S", "42": "W", "23": "E", "22": "N", "66": "W", "25": "W", "41": "N", "53": "W", "26": "W", "71": "N", "77": "S", "60": "E", "56": "N", "43": "W", "27": "E", "78": "E", "8": "S", "64": "N", "52": "E", "61": "S", "70": "W", "15": "W", "6": "W"}, {"60": "E", "8": "S", "3": "S", "71": "N", "64": "N", "78": "S", "42": "W", "51": "N", "73": "E", "66": "W", "6": "W", "23": "E", "27": "S", "37": "N", "9": "S", "77": "S", "25": "W", "52": "E", "26": "N", "56": "N", "70": "S", "14": "S"}, {"14": "S", "76": "N", "6": "W", "64": "N", "32": "S", "27": "E", "52": "E", "71": "N", "42": "W", "23": "S", "56": "N", "51": "N", "77": "S", "8": "W", "60": "N", "66": "S", "69": "W", "26": "N"}, {"23": "S", "77": "W", "52": "E", "26": "N", "6": "W", "64": "N", "42": "W", "71": "N", "66": "S", "27": "E", "60": "N", "22": "W", "51": "N"}, {"77": "W", "42": "W", "52": "S", "71": "E", "25": "S", "32": "W", "27": "W", "12": "S", "76": "S", "38": "E", "45": "S", "22": "W", "60": "N", "80": "S", "15": "W", "6": "W", "8": "W", "53": "E", "23": "E", "13": "N", "69": "W", "51": "W", "58": "W", "61": "W", "70": "N"}, {"33": "N", "81": "N", "71": "N", "45": "W", "40": "E", "23": "S", "15": "W", "52": "S", "51": "N", "63": "W", "57": "E", "41": "N", "27": "W", "13": "E", "25": "W", "53": "E", "14": "E", "6": "W", "32": "S", "80": "W", "24": "W", "61": "S", "77": "W", "68": "W"}, {"27": "N", "32": "S", "70": "W", "80": "W", "23": "S", "77": "S", "29": "W", "63": "S", "49": "N", "14": "S", "22": "S", "28": "N", "61": "S", "57": "N", "13": "E", "21": "W", "53": "S", "52": "S", "0": "E", "15": "W"}, {"13": "E", "63": "W", "56": "N", "15": "N", "75": "E", "45": "W", "27": "N", "70": "W", "77": "W", "31": "W", "22": "S", "24": "W", "21": "N", "23": "S", "29": "W", "38": "S", "80": "W", "52": "S", "61": "E", "53": "S", "64": "N", "32": "E"}, {"31": "W", "13": "E", "63": "W", "15": "N", "49": "N", "23": "S", "53": "S", "21": "N", "60": "N", "57": "N", "45": "W", "80": "N", "77": "W", "68": "S", "52": "S", "24": "S"}, {"21": "N", "6": "S", "53": "S", "63": "W", "25": "S", "52": "S", "13": "S", "33": "N", "29": "W", "61": "W", "71": "W", "24": "W", "15": "N", "69": "W", "78": "N", "8": "W", "31": "W", "40": "W", "57": "W", "80": "N", "27": "S", "0": "E", "41": "N", "45": "W", "58": "W", "23": "S", "14": "W"}, {"31": "N", "14": "S", "53": "S", "23": "S", "57": "N", "13": "S", "29": "S", "22": "E", "52": "S", "24": "W", "78": "N", "15": "N", "25": "W", "45": "W", "39": "N", "6": "W", "75": "S", "61": "N", "21": "N", "63": "W", "69": "W", "0": "N", "38": "S", "27": "S"}, {"78": "W", "21": "N", "69": "S", "25": "W", "39": "N", "10": "W", "14": "S", "24": "W", "0": "N", "57": "N", "52": "S", "29": "W", "15": "N", "53": "S", "61": "N", "63": "W", "27": "E", "45": "W", "13": "S"}, {"25": "N", "39": "N", "0": "W", "13": "S", "57": "N", "61": "E", "53": "S", "27": "E", "77": "W", "24": "N", "21": "E", "29": "W", "63": "N", "15": "N", "14": "E"}, {"69": "W", "53": "S", "8": "E", "76": "N", "78": "N", "21": "N", "25": "E", "81": "W", "31": "W", "63": "N", "0": "N", "13": "S", "39": "N", "41": "W", "27": "E", "42": "W", "38": "N", "29": "W", "57": "E", "77": "W", "15": "N", "32": "W", "14": "S", "33": "N"}, {"42": "W", "25": "N", "21": "N", "52": "S", "22": "S", "78": "W", "71": "N", "3": "S", "63": "N", "66": "S", "75": "S", "14": "E", "77": "W", "39": "E", "32": "S", "33": "E", "41": "N", "13": "S", "12": "W", "15": "E", "57": "E"}, {"32": "S", "70": "W", "33": "E", "41": "N", "75": "S", "57": "E", "73": "N", "78": "W", "13": "S", "37": "N", "52": "S", "15": "N", "39": "E", "6": "S", "14": "E", "25": "N", "42": "S", "12": "S"}, {"57": "N", "73": "E", "75": "E", "76": "W", "12": "S", "25": "N", "70": "S", "39": "S", "13": "S", "42": "S", "78": "W", "32": "E", "41": "E"}, {"38": "N", "31": "W", "81": "S", "73": "W", "32": "S", "24": "E", "25": "N", "13": "S", "78": "S", "27": "S", "8": "E", "57": "N", "76": "E", "70": "W"}, {"8": "W", "22": "W", "70": "E", "60": "S", "61": "W", "27": "E", "76": "S", "57": "N", "12": "E", "40": "E", "14": "E", "24": "W", "29": "W", "52": "E", "80": "W", "15": "W", "78": "W", "73": "W", "43": "S", "77": "S", "13": "E", "32": "E", "81": "W", "25": "E"}, {"23": "S", "77": "W", "27": "E", "33": "N", "13": "S", "80": "W", "42": "N", "61": "S", "64": "S", "40": "N", "57": "N", "69": "S", "75": "S", "31": "E", "71": "N", "29": "W", "12": "E", "60": "S", "22": "S", "32": "E", "15": "N", "52": "S", "25": "E", "76": "S"}, {"32": "E", "77": "W", "22": "S", "26": "N", "57": "W", "29": "W", "80": "W", "64": "S", "28": "N", "12": "E", "78": "S", "60": "S", "52": "S", "41": "E", "61": "S", "10": "N", "25": "N"}, {"77": "W", "41": "E", "57": "W", "42": "W", "32": "E", "25": "N", "73": "N", "26": "W", "12": "S", "71": "E", "80": "W", "52": "W", "60": "S", "29": "W", "22": "E", "64": "S", "43": "W"}, {"57": "W", "32": "S", "52": "W", "15": "N", "71": "N", "77": "W", "12": "S", "22": "E", "60": "S", "26": "N", "42": "W", "29": "N", "75": "W", "64": "S", "80": "N", "28": "N", "3": "W"}, {"8": "W", "22": "E", "57": "N", "38": "W", "32": "S", "76": "W", "77": "W", "42": "S", "52": "S", "28": "E", "60": "S", "29": "N", "15": "N", "64": "S", "80": "N", "10": "N", "12": "E"}, {"28": "E", "22": "E", "40": "N", "64": "S", "12": "S", "60": "E", "42": "S", "29": "N", "10": "N", "8": "N", "77": "W", "69": "E", "32": "S", "80": "N", "57": "N"}, {"12": "S", "77": "N", "64": "S", "42": "E", "10": "E", "29": "N", "57": "N", "22": "N", "28": "E", "60": "E", "32": "S", "76": "W", "80": "N"}, {"28": "E", "10": "E", "40": "S", "29": "N", "15": "W", "31": "W", "61": "N", "76": "W", "12": "S", "73": "W", "22": "N", "24": "S", "64": "E", "33": "E", "80": "N", "71": "W", "3": "S"}, {"70": "S", "73": "N", "49": "S", "23": "S", "38": "W", "80": "N", "12": "S", "29": "N", "76": "N", "32": "S", "28": "E", "31": "N", "15": "N", "24": "W", "10": "E"}, {"76": "N", "80": "N", "10": "E", "12": "S", "24": "W", "28": "E", "40": "W", "23": "E", "15": "N", "29": "N"}, {"12": "S", "27": "W", "15": "N", "41": "W", "6": "N", "42": "W", "29": "N", "80": "W", "10": "E", "33": "N", "23": "S", "28": "E", "60": "S", "38": "N", "71": "E", "24": "W", "32": "S"}, {"13": "S", "80": "N", "29": "N", "78": "S", "6": "W", "43": "E", "68": "E", "32": "E", "24": "W", "71": "S", "28": "E", "76": "E", "10": "E", "49": "S", "23": "E", "60": "E", "64": "E", "12": "S", "33": "N"}, {"6": "W", "33": "W", "71": "S", "12": "S", "24": "N", "80": "N", "32": "S", "10": "E", "23": "E", "28": "E"}, {"29": "W", "78": "S", "32": "E", "23": "E", "80": "N", "49": "N", "6": "S", "73": "E", "8": "W", "12": "E", "53": "E", "24": "N", "71": "W", "28": "E", "64": "S", "60": "S", "33": "E", "75": "W", "10": "E"}, {"12": "S", "28": "N", "27": "N", "42": "E", "64": "E", "8": "N", "10": "E", "60": "E", "26": "N", "43": "E", "24": "N", "23": "E", "33": "S", "32": "E"}, {"24": "N", "26": "E", "10": "E", "60": "E", "27": "N", "61": "N", "76": "N", "28": "E", "64": "E", "12": "E", "29": "N", "23": "E", "32": "E", "33": "S", "31": "N"}, {"76": "N", "10": "N", "32": "E", "64": "N", "24": "N", "71": "W", "28": "E", "27": "N", "12": "E", "23": "N", "26": "E"}, {"27": "N", "31": "S", "14": "S", "68": "E", "28": "E", "23": "N", "71": "W", "78": "E", "80": "E", "13": "W", "10": "E", "41": "E", "24": "N", "32": "E", "6": "W", "64": "N", "15": "N", "12": "E"}, {"60": "N", "71": "N", "23": "N", "27": "N", "8": "N", "24": "N", "28": "E", "10": "E", "64": "N", "29": "N", "58": "N", "32": "E", "12": "E"}, {"31": "E", "10": "E", "28": "E", "64": "N", "12": "E", "27": "N", "29": "E", "71": "N", "24": "N", "23": "N", "32": "E"}, {"58": "W", "27": "N", "28": "E", "12": "E", "41": "W", "64": "N", "14": "N", "32": "E", "6": "E", "23": "N", "71": "N", "70": "W", "29": "W", "10": "E", "24": "N", "43": "E"}, {"27": "N", "12": "E", "49": "S", "76": "N", "13": "W", "80": "N", "28": "E", "14": "E", "64": "N", "24": "N", "32": "E", "68": "E", "23": "N", "43": "S", "10": "E"}, {"27": "N", "23": "N", "10": "E", "32": "E", "14": "N", "28": "E", "12": "E", "3": "N", "64": "N", "24": "N", "33": "W", "13": "W"}, {"64": "N", "10": "E", "28": "E", "12": "E", "32": "E", "60": "W", "42": "S", "13": "W", "24": "N", "23": "N", "14": "N", "29": "W", "6": "W", "27": "W", "71": "N", "80": "E", "40": "W"}, {"13": "W", "27": "W", "53": "S", "8": "W", "33": "N", "24": "N", "14": "N", "10": "E", "32": "E", "60": "N", "69": "N", "28": "E", "64": "N", "23": "N", "12": "E", "61": "E"}, {"27": "N", "58": "N", "64": "N", "32": "N", "13": "W", "61": "E", "14": "N", "75": "S", "23": "W", "53": "S", "28": "E", "60": "N", "10": "E", "12": "N"}, {"58": "N", "71": "E", "10": "E", "32": "N", "14": "N", "13": "W", "27": "N", "6": "S", "75": "S", "60": "N", "64": "N", "12": "N", "28": "S", "23": "W", "53": "W"}, {"8": "N", "53": "W", "60": "N", "28": "S", "14": "N", "27": "N", "69": "W", "13": "W", "64": "N", "32": "N", "75": "E", "29": "N", "10": "E"}, {"13": "W", "75": "E", "28": "S", "8": "N", "14": "N", "60": "N", "64": "N", "29": "N", "27": "N", "32": "N", "10": "S", "53": "W"}, {"32": "N", "10": "S", "13": "W", "27": "W", "53": "W", "64": "N", "14": "N", "75": "E", "60": "N", "28": "S"}, {"60": "N", "13": "W", "32": "N", "69": "E", "10": "S", "24": "S", "68": "E", "75": "S", "29": "S", "43": "S", "53": "W", "27": "N", "6": "W", "28": "S", "14": "N", "64": "N"}, {"75": "S", "24": "W", "14": "N", "76": "S", "10": "S", "64": "N", "68": "S", "73": "S", "53": "W", "42": "N", "13": "W", "33": "N", "60": "N", "43": "W", "27": "N", "6": "S", "32": "N", "58": "E"}, {"14": "N", "53": "W", "27": "N", "15": "E", "68": "S", "75": "E", "6": "S", "31": "N", "13": "N", "60": "N"}, {"53": "W", "64": "E", "13": "N", "10": "E", "60": "N", "75": "S", "6": "E", "49": "E", "8": "N", "69": "N", "41": "E", "31": "W", "71": "W", "14": "N"}, {"13": "N", "75": "S", "76": "W", "8": "E", "78": "W", "60": "N", "14": "N", "53": "W", "58": "E", "28": "S", "69": "W", "3": "W", "33": "W", "64": "N", "71": "N", "31": "N"}, {"28": "W", "69": "W", "31": "N", "75": "S", "14": "N", "76": "W", "53": "W", "60": "N", "71": "N", "13": "N", "58": "N"}, {"58": "E", "60": "N", "13": "N", "14": "N", "76": "N", "28": "S", "53": "W", "31": "E"}, {"13": "N", "70": "S", "60": "N", "58": "E", "33": "E", "78": "W", "53": "W", "80": "W", "31": "E", "69": "E", "29": "N", "41": "W", "3": "W", "49": "W", "14": "N"}, {"53": "W", "33": "S", "78": "S", "69": "E", "58": "E", "14": "N", "24": "W", "60": "N", "73": "W", "81": "N", "13": "N", "68": "S"}, {"14": "W", "53": "W", "41": "W", "15": "N", "60": "N", "58": "E", "13": "N"}, {"58": "E", "8": "E", "13": "N", "80": "E", "70": "E", "14": "N", "10": "W", "33": "N", "78": "N", "49": "W", "29": "E", "53": "W", "24": "E", "71": "E", "64": "W", "68": "W"}, {"33": "W", "14": "N", "24": "E", "58": "E", "53": "W", "13": "N", "76": "N"}, {"43": "N", "76": "N", "24": "W", "33": "E", "42": "W", "58": "E", "13": "W", "14": "N", "53": "W", "64": "E"}, {"64": "N", "60": "N", "24": "E", "38": "S", "3": "N", "31": "W", "71": "W", "58": "E", "53": "W", "43": "S", "14": "N"}, {"14": "W", "69": "S", "53": "N", "58": "E", "8": "W", "64": "N", "81": "W", "61": "E", "38": "W", "31": "N"}, {"53": "N", "58": "S", "3": "E", "42": "E", "14": "W", "64": "W", "33": "W", "31": "N", "41": "N"}, {"49": "W", "33": "E", "68": "W", "64": "W", "10": "E", "24": "W", "31": "E", "14": "W", "42": "W", "53": "N"}, {"31": "E", "10": "S", "33": "S", "14": "W", "70": "S", "53": "N", "81": "N", "60": "N", "64": "N", "43": "S"}, {"70": "S", "53": "N", "14": "W", "29": "E", "38": "W", "33": "S", "10": "S", "60": "W", "31": "E", "81": "N"}, {"60": "N", "10": "W", "14": "W", "38": "N", "70": "E", "31": "E", "15": "N", "24": "N", "53": "N"}, {"31": "E", "41": "N", "53": "N", "14": "W", "70": "E", "10": "S"}, {"70": "S", "78": "E", "73": "W", "31": "E", "10": "S", "49": "N", "33": "N", "14": "W", "69": "N", "53": "N"}, {"14": "W", "81": "E", "33": "N", "42": "S", "53": "N", "24": "N", "10": "W", "70": "S", "31": "E", "69": "W", "68": "W"}, {"70": "E", "53": "W", "10": "W", "69": "W", "38": "N", "33": "W", "81": "N", "31": "E", "14": "W", "43": "W"}, {"70": "E", "69": "S", "14": "W", "10": "S", "81": "E", "38": "E", "31": "E"}, {"70": "S", "69": "S", "78": "N", "6": "N", "81": "E", "31": "S", "10": "S", "38": "N", "8": "N", "73": "S", "43": "E"}, {"38": "E", "31": "S", "14": "W", "43": "N", "10": "S", "24": "W", "73": "E", "70": "S", "81": "E"}, {"31": "S", "81": "E", "14": "S", "43": "N", "70": "S", "38": "E"}, {"38": "E", "31": "S", "81": "E", "70": "S", "71": "E", "3": "N", "33": "E", "69": "N", "29": "S"}, {"69": "E", "38": "E", "81": "E", "78": "E", "80": "W", "29": "W", "24": "N", "26": "W", "70": "S"}, {"38": "E", "81": "E", "29": "W", "70": "S"}, {"42": "N", "70": "S", "43": "S", "73": "N", "29": "E", "76": "N", "24": "S", "81": "S", "78": "W", "38": "S", "33": "W"}, {"43": "S", "29": "E", "81": "E", "38": "S", "70": "S"}, {"33": "E", "70": "E", "81": "S", "68": "E", "29": "W", "38": "S", "76": "S", "73": "E"}, {"6": "W", "81": "E", "70": "S", "33": "S", "15": "W", "24": "E", "29": "N"}, {"33": "N", "41": "N", "81": "S", "26": "E", "78": "E", "76": "S", "70": "E", "42": "N"}, {"6": "N", "33": "W", "68": "S", "70": "E", "15": "N"}, {"42": "N", "70": "E", "49": "N", "6": "S", "24": "W", "29": "W", "43": "W", "8": "N"}, {"42": "E", "80": "W", "26": "N", "70": "E", "69": "W", "68": "W", "71": "E", "76": "E"}, {"80": "N", "15": "N", "42": "E", "69": "S", "24": "N", "29": "N", "26": "E", "68": "S", "70": "E"}, {"70": "E", "68": "S", "24": "N", "26": "N"}, {"26": "N", "70": "E", "73": "S", "69": "E", "71": "S", "68": "E", "24": "E", "29": "N"}, {"73": "W", "76": "E", "29": "E", "68": "S", "26": "E", "70": "E", "6": "N"}, {"73": "W", "68": "S", "70": "E"}, {"6": "S", "15": "N", "24": "W", "33": "E", "73": "N", "70": "E", "43": "S", "49": "W"}, {"43": "W", "70": "E", "71": "E", "33": "S", "3": "W", "76": "N", "73": "N"}, {"33": "S", "42": "S", "70": "N", "43": "S", "80": "W", "71": "E"}, {"33": "N", "70": "N", "6": "N", "80": "E", "71": "E", "42": "N", "43": "S"}, {"8": "W", "43": "E", "80": "E", "71": "N", "33": "N"}, {"80": "N", "15": "N", "43": "E", "78": "N", "41": "N", "33": "W", "73": "S", "49": "N"}, {"43": "S", "15": "E", "73": "E", "33": "W", "29": "N"}, {"29": "S", "73": "E", "15": "E", "42": "W", "43": "S", "24": "S"}, {"15": "E", "43": "E", "78": "N", "41": "N"}, {"6": "N", "73": "W", "15": "E", "24": "N", "42": "W", "8": "N", "69": "E"}, {"24": "E", "49": "N", "80": "S", "78": "W", "15": "E"}, {"29": "E", "73": "W", "80": "W", "24": "N", "15": "E", "41": "N"}, {"41": "E", "15": "E", "73": "N", "3": "E", "78": "E"}, {"41": "E", "42": "E", "73": "N", "15": "E", "24": "W", "80": "W", "6": "E", "33": "W"}, {"15": "S", "73": "E", "69": "S", "41": "E", "8": "N", "80": "N"}, {"49": "E", "24": "N", "15": "S", "80": "N", "41": "E"}, {"80": "N", "24": "E", "15": "S", "29": "S", "41": "E", "8": "N", "76": "S", "69": "S"}, {"41": "E", "76": "W", "29": "E"}, {"78": "N", "69": "S", "41": "S", "24": "W", "29": "E", "33": "E", "73": "W"}, {"24": "N", "78": "W", "29": "N", "6": "S", "69": "S", "42": "E", "80": "E", "8": "E"}, {"76": "E", "24": "N", "29": "N", "69": "S", "78": "W", "3": "W", "73": "N"}, {"73": "N", "42": "S", "69": "S", "29": "E", "76": "N"}, {"8": "E", "69": "S"}, {"78": "E", "69": "E", "33": "E", "24": "E", "80": "E", "8": "E", "73": "N"}, {"69": "E", "24": "E", "33": "E", "78": "E", "8": "E"}, {"69": "E", "33": "S", "24": "E", "8": "E"}, {"8": "E", "33": "S", "78": "S", "24": "E"}, {"8": "E", "33": "S", "24": "E"}, {"33": "W", "24": "E", "78": "W", "8": "E", "6": "S", "3": "S"}, {"8": "E", "78": "S", "24": "E", "33": "W"}, {"24": "S", "8": "N", "33": "N"}, {"78": "N", "8": "E", "24": "S", "6": "S"}, {"80": "W", "8": "E", "73": "E", "78": "E", "24": "E"}, {"78": "E", "76": "N", "24": "S", "8": "E"}, {"6": "E", "78": "E", "8": "S"}, {"42": "N", "78": "W", "33": "W", "49": "N", "8": "S", "76": "N"}, {"6": "S", "42": "W", "78": "W", "33": "N"}, {"42": "W", "6": "S"}, {"80": "E", "6": "E", "42": "E"}, {"33": "N", "6": "E"}, {"73": "W", "33": "W", "6": "N"}, {"80": "W", "42": "S", "73": "N", "6": "N"}, {"6": "N", "78": "W", "73": "N"}, {"6": "E", "78": "E", "73": "E", "76": "S"}, {"3": "E", "73": "E"}, {"80": "N", "33": "N", "73": "E"}, {"73": "E"}, {"73": "E", "42": "W", "49": "W"}, {"49": "N", "73": "E", "78": "S", "80": "N"}, {"73": "S", "49": "N", "33": "E"}, {"49": "E", "73": "S", "42": "S"}, {"73": "S", "49": "E", "42": "S"}, {"42": "E", "49": "E"}, {"80": "N", "42": "S", "49": "E"}, {"80": "E", "42": "E", "49": "E", "76": "W"}, {"42": "S", "80": "E", "49": "E"}, {"49": "E", "42": "S", "80": "E"}, {"80": "E", "49": "E", "42": "E"}, {"49": "S", "80": "E", "42": "E"}, {"42": "N", "80": "E", "49": "S"}, {"49": "E", "80": "S"}, {"76": "E", "78": "W", "80": "S", "49": "S"}, {"49": "E"}, {"33": "W", "3": "W", "76": "W", "49": "E"}, {"33": "N"}, {"3": "E", "33": "N"}, {"78": "S", "3": "S", "33": "E"}, {"3": "S", "33": "E"}, {"33": "E", "3": "S"}, {"33": "E", "3": "S"}, {"33": "E", "3": "S"}, {"3": "S", "33": "E"}, {"3": "S", "33": "E"}, {"33": "E", "3": "E"}, {"33": "E", "3": "E"}, {"33": "N", "3": "S"}, {"33": "E", "3": "S"}, {"3": "S", "33": "E"}, {"33": "E", "3": "E"}, {"33": "E", "3": "E"}, {"33": "E", "3": "N"}, {"33": "E", "3": "E"}, {"33": "E"}, {"33": "E", "76": "E"}, {"33": "E", "78": "S", "76": "N"}, {"76": "N", "33": "E", "78": "E"}, {"78": "S", "33": "E", "76": "N"}, {"78": "S", "76": "E", "33": "E"}, {"33": "E", "76": "E", "78": "S"}, {"76": "S", "33": "E", "78": "S"}, {"33": "S", "78": "S"}, {"78": "S", "33": "S"}, {"78": "E", "33": "S"}, {"33": "S", "78": "E"}, {"78": "S", "33": "W"}, {"78": "S", "33": "W"}, {"78": "S", "33": "W"}, {"78": "E", "33": "N"}, {"78": "E", "33": "N"}, {"78": "S"}, {"78": "S"}, {"78": "S"}, {"78": "S"}, {"78": "S"}, {"78": "S"}, {"78": "S"}, {"78": "E"}, {"78": "S"}, {"78": "E"}, {"78": "E"}, {"78": "E"}, {"78": "E"}, {"78": "E"}, {"78": "E"}, {"78": "N"}], "result": "SUCCESS", "makespan": 257, "sum": 2999, "algo_name": "BFS_22"}