{"instance": "small_002_10x10_60_33", "steps": [{"22": "N", "32": "E", "2": "W", "16": "E", "10": "W", "6": "E", "7": "E", "27": "E", "25": "E", "28": "S", "29": "W", "5": "E"}, {"19": "W", "32": "E", "31": "E", "30": "W", "17": "E", "2": "W", "22": "N", "16": "E", "21": "W"}, {"14": "E", "31": "S", "8": "N", "9": "S", "11": "N", "7": "W", "2": "S", "22": "W", "24": "W", "32": "E", "28": "S", "12": "W", "6": "E"}, {"22": "N", "10": "S", "18": "E", "32": "E", "27": "E", "6": "E", "14": "E", "28": "W", "15": "N", "16": "E", "13": "W"}, {"0": "W", "6": "E", "31": "E", "13": "S", "9": "W"}, {"19": "S", "1": "N", "12": "N", "13": "E", "3": "S", "21": "S", "25": "S", "0": "E", "2": "S", "14": "S", "32": "N", "18": "S"}, {"3": "E", "19": "E", "32": "E", "5": "W", "11": "W", "22": "W", "18": "E", "25": "E", "29": "W", "28": "S", "23": "N"}, {"29": "N", "25": "E", "3": "E", "21": "S", "19": "E", "32": "E", "18": "E"}, {"18": "E", "31": "E", "32": "S", "30": "W", "4": "E", "0": "E", "3": "W", "17": "S", "14": "S", "6": "N", "21": "S", "23": "E", "25": "W"}, {"5": "S", "8": "W", "0": "N", "14": "E", "2": "W", "6": "E", "30": "S", "3": "N", "21": "W", "17": "E"}, {"8": "W", "31": "E", "30": "S", "11": "W", "5": "E", "14": "E", "0": "N", "6": "E", "19": "N", "3": "N", "4": "N", "28": "S"}, {"4": "N", "0": "W", "14": "E", "6": "E", "24": "S", "5": "E", "19": "N", "11": "W"}, {"11": "W", "24": "S", "27": "E", "7": "W", "23": "E", "14": "E", "16": "N", "4": "N", "19": "W", "15": "W", "0": "N"}, {"26": "S", "11": "W", "27": "S", "13": "E", "16": "E", "23": "N", "19": "W", "32": "E"}, {"16": "E", "14": "W", "11": "N", "5": "S", "19": "N", "18": "W", "15": "E", "26": "S", "0": "N", "13": "W", "32": "W", "4": "W", "27": "S"}, {"30": "S", "0": "W", "27": "W", "16": "S", "11": "N", "3": "E", "23": "N"}, {"5": "N", "23": "N", "30": "N", "12": "W", "16": "S", "18": "E", "9": "W", "25": "E", "14": "E", "11": "N"}, {"20": "N", "11": "N", "1": "W", "16": "W", "12": "N", "18": "N", "25": "N", "23": "W"}, {"11": "N", "12": "N", "23": "N", "18": "N", "14": "E"}, {"9": "W", "15": "E", "18": "S", "14": "E", "16": "E", "5": "S", "30": "N", "31": "S", "11": "N", "12": "S"}, {"18": "E", "31": "E", "25": "N", "14": "E", "19": "N", "2": "S", "15": "E", "17": "E", "11": "N", "16": "S", "5": "E", "13": "W"}, {"14": "E", "17": "N", "25": "E", "4": "W", "16": "S", "2": "W", "11": "N", "15": "S", "18": "S", "31": "E"}, {"14": "N", "11": "E", "16": "W", "18": "E", "31": "N", "2": "W", "25": "E", "5": "E"}, {"5": "E", "2": "W", "18": "E", "25": "N"}, {"2": "W", "15": "N", "18": "W", "32": "E", "14": "E", "12": "N", "9": "N", "4": "E", "5": "E", "28": "W", "25": "N"}, {"2": "W", "4": "E", "15": "W", "25": "N", "19": "W", "32": "E", "28": "S", "14": "N", "6": "S", "24": "S"}, {"28": "W", "12": "E", "4": "N", "25": "N", "14": "N", "15": "W", "30": "E", "32": "E", "2": "N"}, {"12": "E", "30": "E", "9": "N", "25": "N", "4": "N", "28": "W", "32": "S", "14": "W"}, {"19": "N", "30": "S", "9": "E", "4": "N", "28": "N", "12": "E", "14": "N"}, {"14": "N", "9": "E", "12": "E", "19": "N", "30": "S"}, {"5": "N", "9": "E", "13": "N", "14": "N", "19": "W", "12": "S", "15": "S", "25": "E"}, {"25": "N", "19": "W", "30": "W", "32": "S", "18": "W", "13": "E", "9": "E"}, {"12": "S", "25": "N", "9": "S", "13": "E", "19": "W"}, {"9": "N", "7": "S", "32": "E", "14": "E", "19": "W", "13": "S"}, {"32": "S", "19": "W", "25": "W", "9": "E", "20": "W", "4": "N", "13": "S"}, {"17": "N", "9": "E", "19": "S", "25": "W"}, {"9": "S", "32": "W", "4": "E", "14": "W", "15": "W", "13": "E", "25": "W"}, {"4": "N", "30": "S", "9": "S", "13": "S", "12": "S"}, {"4": "N", "13": "S"}, {"4": "W", "12": "E", "13": "S", "18": "E", "9": "W"}, {"4": "W", "12": "S", "9": "W"}, {"13": "S", "9": "S", "30": "N", "12": "S", "4": "N", "18": "W"}, {"5": "N", "30": "E", "18": "N", "4": "W", "13": "W"}, {"13": "W", "4": "W", "30": "E", "5": "N"}, {"30": "S", "13": "W", "5": "E", "4": "W", "18": "N"}, {"18": "N", "30": "S", "13": "W", "5": "E", "4": "S"}, {"5": "N", "13": "W", "4": "S", "30": "S", "18": "E"}, {"13": "W", "18": "N", "30": "W", "4": "E", "5": "N"}, {"13": "N", "30": "W", "4": "S", "18": "N"}, {"18": "W", "4": "S", "30": "W", "13": "N"}, {"30": "W", "18": "W", "4": "E"}, {"18": "S", "15": "E", "9": "E", "7": "E", "30": "W", "32": "E"}, {"15": "S", "14": "N", "5": "N", "30": "W"}, {"7": "E", "30": "W", "15": "S", "14": "N"}, {"5": "N", "7": "S", "15": "W", "14": "N", "30": "N"}, {"5": "N", "14": "W", "12": "W", "15": "W"}, {"5": "N", "32": "S", "9": "S", "14": "N", "15": "W", "12": "S"}, {"15": "W", "5": "W", "12": "W", "32": "S"}, {"32": "W", "15": "W", "12": "S", "9": "S"}, {"12": "S", "9": "W", "15": "W", "32": "W"}, {"9": "S", "15": "W", "32": "W", "12": "W"}, {"9": "W", "32": "W", "12": "S", "15": "N"}, {"9": "S", "12": "W"}, {"9": "S"}, {"9": "W"}, {"9": "S"}, {"9": "N"}, {"9": "E"}, {"9": "E"}, {"9": "S"}, {"9": "S"}, {"9": "S"}, {"9": "W"}, {"9": "W"}, {"9": "W"}, {"9": "W"}, {"9": "W"}, {"9": "N"}, {"14": "N"}, {"14": "W"}, {"14": "W"}, {"14": "W"}, {"14": "S"}, {"14": "S"}, {"14": "E"}], "result": "SUCCESS", "makespan": 85, "sum": 457, "algo_name": "BFS_11"}