{"instance": "small_002_10x10_60_33", "steps": [{"0": "E", "1": "E", "3": "S", "4": "E", "6": "W", "8": "E", "9": "E", "10": "E", "11": "S", "14": "W", "16": "N", "18": "S", "23": "S", "24": "E", "26": "E", "27": "N", "29": "S", "30": "E", "32": "N", "2": "E", "5": "S", "12": "E", "13": "E", "15": "S", "17": "S", "19": "E", "20": "S", "21": "E", "25": "S", "31": "W", "7": "E", "22": "E", "28": "E"}, {"0": "E", "1": "E", "3": "S", "4": "E", "6": "W", "8": "E", "9": "E", "10": "E", "11": "S", "14": "W", "16": "N", "18": "S", "23": "S", "24": "E", "26": "E", "27": "N", "29": "S", "30": "E", "32": "N", "2": "E", "5": "S", "12": "E", "13": "E", "15": "S", "17": "S", "19": "E", "20": "S", "21": "E", "25": "S", "31": "W", "7": "E", "22": "E", "28": "E"}, {"27": "W", "32": "W", "3": "S", "11": "S", "23": "S", "14": "W", "0": "E", "1": "E", "8": "E", "24": "E", "30": "E", "2": "E", "5": "S", "12": "E", "13": "E", "15": "S", "17": "S", "19": "E", "20": "S", "21": "E", "25": "S", "31": "W", "7": "E", "22": "E", "28": "E"}, {"3": "W", "11": "W", "14": "N", "31": "N", "0": "N", "1": "N", "8": "S", "24": "E", "30": "E", "19": "E", "21": "E", "22": "E", "28": "E"}, {"17": "S", "20": "S", "0": "E", "26": "E", "12": "E", "13": "E", "7": "E"}, {"17": "E", "20": "S", "12": "E", "13": "E"}, {"20": "W", "12": "N", "13": "S"}, {"25": "N"}, {"25": "E"}, {"25": "E"}, {"25": "E"}, {"25": "N"}, {"25": "N"}, {"25": "N"}, {"25": "N"}, {"25": "N"}, {"25": "N"}, {"25": "N"}, {"25": "N"}, {"25": "N"}, {"25": "N"}, {"5": "N"}, {"5": "E"}, {"5": "E"}, {"5": "E"}, {"5": "E"}, {"5": "E"}, {"5": "E"}, {"5": "E"}, {"5": "N"}, {"5": "N"}, {"5": "N"}, {"5": "N"}, {"5": "N"}, {"5": "N"}, {"5": "N"}, {"5": "N"}, {"5": "N"}, {"27": "E"}, {"27": "S"}, {"27": "S"}, {"27": "S"}, {"27": "E"}, {"27": "S"}, {"27": "E"}, {"22": "W"}, {"22": "W"}, {"22": "W"}, {"22": "W"}, {"22": "N"}, {"22": "N"}, {"22": "W"}, {"22": "N"}, {"22": "W"}, {"6": "E"}, {"6": "E"}, {"6": "E"}, {"6": "E"}, {"6": "E"}, {"6": "E"}, {"6": "N"}, {"6": "E"}, {"6": "E"}, {"6": "E"}, {"6": "S"}, {"1": "S"}, {"1": "W"}, {"1": "W"}, {"1": "S"}, {"1": "W"}, {"1": "W"}, {"1": "N"}, {"1": "N"}, {"16": "S"}, {"16": "E"}, {"16": "S"}, {"16": "S"}, {"16": "E"}, {"16": "S"}, {"16": "E"}, {"16": "S"}, {"16": "E"}, {"14": "S"}, {"14": "E"}, {"14": "E"}, {"14": "E"}, {"14": "E"}, {"14": "E"}, {"14": "E"}, {"14": "E"}, {"14": "E"}, {"14": "E"}, {"14": "E"}, {"14": "N"}, {"14": "N"}, {"14": "N"}, {"14": "N"}, {"14": "N"}, {"14": "N"}, {"14": "N"}, {"10": "W"}, {"10": "S"}, {"10": "S"}, {"10": "S"}, {"10": "W"}, {"10": "W"}, {"10": "N"}, {"10": "N"}, {"23": "E"}, {"23": "N"}, {"23": "N"}, {"23": "N"}, {"23": "N"}, {"23": "N"}, {"23": "N"}, {"23": "N"}, {"23": "N"}, {"4": "W"}, {"4": "W"}, {"4": "W"}, {"4": "N"}, {"4": "N"}, {"4": "N"}, {"4": "N"}, {"4": "N"}, {"4": "N"}, {"0": "E"}, {"0": "N"}, {"0": "N"}, {"0": "W"}, {"0": "W"}, {"0": "W"}, {"0": "W"}, {"0": "W"}, {"0": "W"}, {"0": "N"}, {"19": "S"}, {"19": "W"}, {"19": "W"}, {"19": "N"}, {"19": "N"}, {"19": "N"}, {"19": "N"}, {"19": "N"}, {"19": "W"}, {"19": "N"}, {"19": "W"}, {"19": "W"}, {"19": "W"}, {"19": "W"}, {"19": "W"}, {"19": "W"}, {"19": "W"}, {"19": "W"}, {"19": "S"}, {"8": "N"}, {"8": "W"}, {"8": "W"}, {"8": "W"}, {"8": "W"}, {"8": "W"}, {"8": "N"}, {"32": "E"}, {"32": "E"}, {"32": "E"}, {"32": "E"}, {"32": "S"}, {"32": "E"}, {"32": "E"}, {"32": "E"}, {"32": "E"}, {"32": "E"}, {"32": "E"}, {"32": "S"}, {"32": "S"}, {"32": "S"}, {"32": "S"}, {"32": "S"}, {"32": "S"}, {"32": "W"}, {"32": "W"}, {"32": "W"}, {"24": "E"}, {"24": "S"}, {"24": "S"}, {"24": "W"}, {"24": "W"}, {"24": "W"}, {"24": "W"}, {"24": "W"}, {"24": "W"}, {"24": "S"}, {"11": "W"}, {"11": "W"}, {"11": "W"}, {"11": "W"}, {"11": "N"}, {"11": "N"}, {"11": "N"}, {"11": "N"}, {"11": "N"}, {"11": "N"}, {"11": "N"}, {"11": "N"}, {"11": "N"}, {"11": "N"}, {"11": "N"}, {"11": "N"}, {"11": "E"}, {"18": "E"}, {"18": "N"}, {"18": "E"}, {"18": "E"}, {"18": "E"}, {"18": "N"}, {"18": "N"}, {"18": "N"}, {"18": "N"}, {"3": "E"}, {"3": "N"}, {"3": "N"}, {"3": "E"}, {"3": "E"}, {"3": "N"}, {"3": "N"}, {"26": "S"}, {"26": "W"}, {"26": "W"}, {"26": "S"}, {"26": "W"}, {"21": "N"}, {"21": "W"}, {"21": "W"}, {"21": "S"}, {"21": "S"}, {"21": "S"}, {"21": "W"}, {"21": "S"}, {"21": "S"}, {"21": "W"}, {"21": "W"}, {"21": "W"}, {"21": "N"}, {"17": "W"}, {"17": "N"}, {"17": "N"}, {"17": "E"}, {"17": "E"}, {"17": "E"}, {"17": "N"}, {"17": "N"}, {"17": "N"}, {"20": "E"}, {"20": "N"}, {"20": "N"}, {"20": "N"}, {"20": "W"}, {"20": "N"}, {"20": "N"}, {"20": "N"}, {"12": "S"}, {"12": "W"}, {"12": "W"}, {"12": "W"}, {"12": "S"}, {"12": "S"}, {"12": "S"}, {"12": "W"}, {"12": "S"}, {"12": "S"}, {"12": "W"}, {"12": "S"}, {"12": "W"}, {"7": "W"}, {"7": "W"}, {"7": "W"}, {"7": "S"}, {"7": "S"}, {"31": "E"}, {"31": "S"}, {"31": "E"}, {"31": "E"}, {"31": "E"}, {"31": "E"}, {"31": "E"}, {"31": "E"}, {"31": "E"}, {"31": "S"}, {"31": "E"}, {"29": "N"}, {"29": "W"}, {"29": "W"}, {"29": "N"}, {"29": "N"}, {"9": "W"}, {"9": "S"}, {"9": "S"}, {"9": "S"}, {"9": "S"}, {"9": "S"}, {"9": "S"}, {"9": "S"}, {"9": "S"}, {"9": "S"}, {"9": "S"}, {"9": "W"}, {"9": "W"}, {"9": "W"}, {"9": "W"}, {"9": "W"}, {"9": "N"}, {"28": "W"}, {"28": "S"}, {"28": "S"}, {"28": "S"}, {"28": "S"}, {"28": "S"}, {"28": "S"}, {"28": "W"}, {"28": "W"}, {"28": "W"}, {"28": "W"}, {"28": "W"}, {"28": "W"}, {"28": "W"}, {"28": "N"}, {"28": "N"}, {"13": "E"}, {"13": "S"}, {"13": "S"}, {"13": "W"}, {"13": "W"}, {"13": "W"}, {"13": "W"}, {"13": "S"}, {"13": "S"}, {"13": "W"}, {"13": "W"}, {"13": "W"}, {"13": "W"}, {"13": "W"}, {"13": "W"}, {"13": "N"}, {"30": "S"}, {"30": "W"}, {"30": "W"}, {"30": "W"}, {"30": "S"}, {"30": "S"}, {"30": "S"}, {"30": "S"}, {"30": "S"}, {"30": "W"}, {"30": "W"}, {"30": "W"}, {"30": "W"}, {"30": "W"}, {"30": "W"}, {"30": "W"}, {"30": "N"}, {"15": "W"}, {"15": "N"}, {"15": "W"}, {"15": "W"}, {"15": "W"}, {"15": "W"}, {"15": "W"}, {"15": "W"}, {"15": "N"}, {"2": "W"}, {"2": "S"}, {"2": "S"}, {"2": "S"}, {"2": "S"}, {"2": "W"}, {"2": "W"}, {"2": "W"}, {"2": "W"}, {"2": "W"}, {"2": "W"}, {"2": "W"}, {"2": "W"}, {"2": "W"}, {"2": "W"}, {"2": "N"}, {"2": "N"}], "result": "SUCCESS", "makespan": 386, "sum": 497, "algo_name": "OutAndInBFS_default"}