{"instance": "microbes_00001_20x20_50_200", "steps": [{"5": "N", "15": "E", "37": "N", "51": "N", "53": "S", "69": "W", "75": "W", "76": "N", "77": "S", "78": "E", "84": "N", "95": "N", "100": "E", "103": "W", "105": "S", "127": "S", "136": "E", "147": "N", "161": "W", "163": "E", "169": "N", "170": "N", "180": "S", "183": "E", "187": "E", "188": "W", "191": "E", "192": "W", "2": "N", "14": "E", "17": "N", "20": "N", "22": "E", "23": "E", "25": "W", "29": "N", "33": "N", "56": "E", "61": "N", "65": "W", "86": "N", "98": "W", "106": "W", "107": "E", "119": "E", "135": "W", "141": "E", "142": "W", "144": "S", "153": "E", "157": "S", "177": "E", "179": "E", "189": "E", "194": "E", "196": "E", "198": "W", "8": "E", "9": "N", "12": "W", "18": "E", "28": "W", "35": "N", "43": "E", "45": "N", "48": "S", "57": "N", "70": "S", "80": "N", "87": "E", "97": "E", "101": "E", "114": "E", "117": "E", "126": "E", "129": "N", "131": "N", "140": "E", "151": "S", "160": "E", "176": "W", "182": "N", "185": "E", "195": "N", "0": "E", "1": "S", "7": "E", "36": "W", "42": "W", "50": "E", "52": "W", "55": "E", "66": "N", "68": "E", "73": "E", "81": "W", "83": "W", "90": "N", "91": "W", "92": "N", "93": "N", "110": "W", "123": "E", "134": "S", "137": "N", "148": "N", "154": "E", "164": "E", "171": "E", "173": "E", "175": "E", "186": "W", "197": "S", "3": "W", "4": "E", "6": "N", "10": "E", "24": "S", "26": "N", "32": "E", "38": "N", "39": "W", "47": "N", "58": "N", "59": "E", "60": "E", "71": "E", "82": "W", "96": "N", "111": "N", "118": "W", "120": "W", "124": "E", "128": "W", "130": "N", "132": "N", "133": "E", "138": "N", "158": "E", "166": "E", "168": "W", "16": "E", "27": "E", "30": "E", "31": "E", "34": "E", "63": "S", "64": "E", "74": "N", "89": "W", "102": "W", "109": "E", "116": "S", "122": "N", "125": "E", "155": "N", "165": "N", "167": "S", "184": "E", "190": "S", "199": "N", "13": "S", "19": "W", "41": "N", "44": "E", "46": "N", "49": "E", "54": "N", "72": "E", "88": "S", "94": "S", "99": "E", "113": "E", "121": "E", "145": "W", "162": "S", "172": "N", "193": "W", "11": "E", "40": "E", "79": "E", "108": "N", "139": "N", "143": "E", "146": "S", "150": "S", "152": "W", "156": "N", "159": "W", "178": "W", "181": "W", "62": "N", "67": "E", "104": "E", "112": "E", "115": "S", "149": "S", "21": "E", "85": "E", "174": "W"}, {"5": "N", "15": "E", "37": "N", "51": "N", "53": "S", "69": "W", "75": "W", "76": "N", "77": "S", "78": "E", "84": "N", "95": "N", "100": "E", "103": "W", "105": "S", "127": "S", "136": "E", "147": "N", "161": "W", "163": "E", "169": "N", "170": "N", "180": "S", "183": "E", "187": "E", "188": "W", "191": "E", "192": "W", "2": "N", "14": "E", "17": "N", "20": "N", "22": "E", "23": "E", "25": "W", "29": "N", "33": "N", "56": "E", "61": "N", "65": "W", "86": "N", "98": "W", "106": "W", "107": "E", "119": "E", "135": "W", "141": "E", "142": "W", "144": "S", "153": "E", "157": "S", "177": "E", "179": "E", "189": "E", "194": "E", "196": "E", "198": "W", "8": "E", "9": "N", "12": "W", "18": "E", "28": "W", "35": "N", "43": "E", "45": "N", "48": "S", "57": "N", "70": "S", "80": "N", "87": "E", "97": "E", "101": "E", "114": "E", "117": "E", "126": "E", "129": "N", "131": "N", "140": "E", "151": "S", "160": "E", "176": "W", "182": "N", "185": "E", "195": "N", "0": "E", "1": "S", "7": "E", "36": "W", "42": "W", "50": "E", "52": "W", "55": "E", "66": "N", "68": "E", "73": "E", "81": "W", "83": "W", "90": "N", "91": "W", "92": "N", "93": "N", "110": "W", "123": "E", "134": "S", "137": "N", "148": "N", "154": "E", "164": "E", "171": "E", "173": "E", "175": "E", "186": "W", "197": "S", "3": "W", "4": "E", "6": "N", "10": "E", "24": "S", "26": "N", "32": "E", "38": "N", "39": "W", "47": "N", "58": "N", "59": "E", "60": "E", "71": "E", "82": "W", "96": "N", "111": "N", "118": "W", "120": "W", "124": "E", "128": "W", "130": "N", "132": "N", "133": "E", "138": "N", "158": "E", "166": "E", "168": "W", "16": "E", "27": "E", "30": "E", "31": "E", "34": "E", "63": "S", "64": "E", "74": "N", "89": "W", "102": "W", "109": "E", "116": "S", "122": "N", "125": "E", "155": "N", "165": "N", "167": "S", "184": "E", "190": "S", "199": "N", "13": "S", "19": "W", "41": "N", "44": "E", "46": "N", "49": "E", "54": "N", "72": "E", "88": "S", "94": "S", "99": "E", "113": "E", "121": "E", "145": "W", "162": "S", "172": "N", "193": "W", "11": "E", "40": "E", "79": "E", "108": "N", "139": "N", "143": "E", "146": "S", "150": "S", "152": "W", "156": "N", "159": "W", "178": "W", "181": "W", "62": "N", "67": "E", "104": "E", "112": "E", "115": "S", "149": "S", "21": "E", "85": "E", "174": "W"}, {"5": "N", "51": "N", "76": "N", "84": "N", "169": "N", "170": "N", "77": "S", "127": "W", "69": "N", "75": "W", "161": "W", "15": "E", "78": "E", "100": "E", "136": "E", "163": "E", "183": "E", "187": "E", "191": "E", "2": "N", "14": "E", "17": "N", "20": "N", "22": "E", "23": "E", "25": "W", "29": "N", "33": "N", "56": "E", "61": "N", "65": "W", "86": "N", "98": "W", "106": "W", "107": "E", "119": "E", "135": "W", "141": "E", "142": "W", "144": "S", "153": "E", "157": "S", "177": "E", "179": "E", "189": "E", "194": "E", "196": "E", "198": "W", "8": "E", "9": "N", "12": "W", "18": "E", "28": "W", "35": "N", "43": "E", "45": "N", "48": "S", "57": "N", "70": "S", "80": "N", "87": "E", "97": "E", "101": "E", "114": "E", "117": "E", "126": "E", "129": "N", "131": "N", "140": "E", "151": "S", "160": "E", "176": "W", "182": "N", "185": "E", "195": "N", "0": "E", "1": "S", "7": "E", "36": "W", "42": "W", "50": "E", "52": "W", "55": "E", "66": "N", "68": "E", "73": "E", "81": "W", "83": "W", "90": "N", "91": "W", "92": "N", "93": "N", "110": "W", "123": "E", "134": "S", "137": "N", "148": "N", "154": "E", "164": "E", "171": "E", "173": "E", "175": "E", "186": "W", "197": "S", "3": "W", "4": "E", "6": "N", "10": "E", "24": "S", "26": "N", "32": "E", "38": "N", "39": "W", "47": "N", "58": "N", "59": "E", "60": "E", "71": "E", "82": "W", "96": "N", "111": "N", "118": "W", "120": "W", "124": "E", "128": "W", "130": "N", "132": "N", "133": "E", "138": "N", "158": "E", "166": "E", "168": "W", "16": "E", "27": "E", "30": "E", "31": "E", "34": "E", "63": "S", "64": "E", "74": "N", "89": "W", "102": "W", "109": "E", "116": "S", "122": "N", "125": "E", "155": "N", "165": "N", "167": "S", "184": "E", "190": "S", "199": "N", "13": "S", "19": "W", "41": "N", "44": "E", "46": "N", "49": "E", "54": "N", "72": "E", "88": "S", "94": "S", "99": "E", "113": "E", "121": "E", "145": "W", "162": "S", "172": "N", "193": "W", "11": "E", "40": "E", "79": "E", "108": "N", "139": "N", "143": "E", "146": "S", "150": "S", "152": "W", "156": "N", "159": "W", "178": "W", "181": "W", "62": "N", "67": "E", "104": "E", "112": "E", "115": "S", "149": "S", "21": "E", "85": "E", "174": "W"}, {"5": "N", "51": "N", "84": "N", "147": "N", "169": "N", "170": "N", "2": "N", "17": "N", "20": "N", "29": "N", "33": "N", "86": "N", "53": "S", "77": "W", "144": "E", "161": "W", "25": "W", "65": "W", "98": "W", "198": "W", "78": "E", "100": "E", "136": "E", "163": "E", "183": "E", "187": "E", "191": "E", "22": "E", "23": "E", "56": "E", "107": "E", "119": "E", "141": "E", "177": "E", "179": "E", "189": "E", "196": "E", "8": "E", "9": "N", "12": "W", "18": "E", "28": "W", "35": "N", "43": "E", "45": "N", "48": "S", "57": "N", "70": "S", "80": "N", "87": "E", "97": "E", "101": "E", "114": "E", "117": "E", "126": "E", "129": "N", "131": "N", "140": "E", "151": "S", "160": "E", "176": "W", "182": "N", "185": "E", "195": "N", "0": "E", "1": "S", "7": "E", "36": "W", "42": "W", "50": "E", "52": "W", "55": "E", "66": "N", "68": "E", "73": "E", "81": "W", "83": "W", "90": "N", "91": "W", "92": "N", "93": "N", "110": "W", "123": "E", "134": "S", "137": "N", "148": "N", "154": "E", "164": "E", "171": "E", "173": "E", "175": "E", "186": "W", "197": "S", "3": "W", "4": "E", "6": "N", "10": "E", "24": "S", "26": "N", "32": "E", "38": "N", "39": "W", "47": "N", "58": "N", "59": "E", "60": "E", "71": "E", "82": "W", "96": "N", "111": "N", "118": "W", "120": "W", "124": "E", "128": "W", "130": "N", "132": "N", "133": "E", "138": "N", "158": "E", "166": "E", "168": "W", "16": "E", "27": "E", "30": "E", "31": "E", "34": "E", "63": "S", "64": "E", "74": "N", "89": "W", "102": "W", "109": "E", "116": "S", "122": "N", "125": "E", "155": "N", "165": "N", "167": "S", "184": "E", "190": "S", "199": "N", "13": "S", "19": "W", "41": "N", "44": "E", "46": "N", "49": "E", "54": "N", "72": "E", "88": "S", "94": "S", "99": "E", "113": "E", "121": "E", "145": "W", "162": "S", "172": "N", "193": "W", "11": "E", "40": "E", "79": "E", "108": "N", "139": "N", "143": "E", "146": "S", "150": "S", "152": "W", "156": "N", "159": "W", "178": "W", "181": "W", "62": "N", "67": "E", "104": "E", "112": "E", "115": "S", "149": "S", "21": "E", "85": "E", "174": "W"}, {"5": "E", "51": "N", "84": "N", "170": "N", "2": "N", "29": "N", "33": "N", "86": "N", "57": "N", "80": "N", "129": "N", "131": "N", "195": "N", "127": "S", "188": "W", "192": "W", "65": "N", "135": "W", "198": "W", "28": "W", "15": "E", "78": "E", "100": "E", "163": "E", "183": "E", "187": "E", "191": "E", "14": "E", "22": "E", "23": "E", "56": "E", "107": "E", "119": "E", "141": "E", "177": "E", "189": "E", "196": "E", "8": "E", "18": "E", "43": "E", "87": "E", "101": "E", "114": "E", "117": "E", "126": "E", "140": "E", "160": "E", "0": "E", "1": "S", "7": "E", "36": "W", "42": "W", "50": "E", "52": "W", "55": "E", "66": "N", "68": "E", "73": "E", "81": "W", "83": "W", "90": "N", "92": "N", "93": "N", "110": "W", "123": "E", "134": "S", "137": "N", "148": "N", "154": "E", "164": "E", "171": "E", "173": "E", "175": "E", "186": "W", "197": "S", "3": "W", "4": "E", "6": "N", "10": "E", "24": "S", "26": "N", "32": "E", "38": "N", "39": "W", "47": "N", "58": "N", "59": "E", "60": "E", "71": "E", "82": "W", "96": "N", "111": "N", "120": "W", "124": "E", "128": "W", "130": "N", "132": "N", "133": "E", "138": "N", "158": "E", "166": "E", "168": "W", "16": "E", "27": "E", "30": "E", "31": "E", "34": "E", "63": "S", "64": "E", "74": "N", "89": "W", "102": "W", "109": "E", "116": "S", "122": "N", "125": "E", "155": "N", "165": "N", "167": "S", "184": "E", "190": "S", "199": "N", "13": "S", "19": "W", "41": "N", "44": "E", "46": "N", "49": "E", "54": "N", "72": "E", "88": "S", "94": "S", "99": "E", "113": "E", "121": "E", "145": "W", "162": "S", "172": "N", "193": "W", "11": "E", "40": "E", "79": "E", "108": "N", "139": "N", "143": "E", "146": "S", "150": "S", "152": "W", "156": "N", "159": "W", "178": "W", "181": "W", "62": "N", "67": "E", "104": "E", "112": "E", "115": "S", "149": "S", "21": "E", "85": "E", "174": "W"}, {"51": "N", "84": "N", "95": "N", "147": "N", "169": "N", "170": "N", "2": "N", "17": "N", "20": "N", "29": "N", "86": "N", "9": "N", "35": "N", "45": "N", "57": "N", "80": "N", "129": "N", "131": "N", "182": "N", "90": "N", "92": "N", "93": "W", "137": "N", "148": "N", "157": "S", "192": "W", "65": "W", "98": "W", "106": "W", "135": "W", "198": "W", "12": "W", "28": "W", "36": "W", "42": "W", "52": "W", "81": "W", "83": "W", "78": "N", "100": "E", "163": "E", "183": "E", "187": "E", "191": "E", "22": "E", "23": "E", "107": "E", "119": "E", "141": "E", "177": "E", "189": "E", "194": "E", "196": "E", "18": "E", "87": "E", "101": "E", "114": "E", "117": "E", "126": "E", "140": "E", "160": "E", "7": "E", "55": "E", "68": "E", "73": "E", "123": "E", "164": "E", "171": "E", "173": "E", "175": "E", "91": "W", "3": "W", "4": "E", "6": "N", "10": "E", "24": "S", "26": "N", "32": "E", "38": "N", "39": "W", "47": "N", "58": "N", "59": "E", "60": "E", "71": "E", "82": "W", "96": "N", "111": "N", "118": "W", "120": "W", "124": "E", "128": "W", "130": "N", "132": "N", "133": "E", "138": "N", "158": "E", "166": "E", "168": "W", "16": "E", "27": "E", "30": "E", "31": "E", "34": "E", "63": "S", "64": "E", "74": "N", "89": "W", "102": "W", "109": "E", "116": "S", "122": "N", "125": "E", "155": "N", "165": "N", "167": "S", "184": "E", "190": "S", "199": "N", "13": "S", "19": "W", "41": "N", "44": "E", "46": "N", "49": "E", "54": "N", "72": "E", "88": "S", "94": "S", "99": "E", "113": "E", "121": "E", "145": "W", "162": "S", "172": "N", "193": "W", "11": "E", "40": "E", "79": "E", "108": "N", "139": "N", "143": "E", "146": "S", "150": "S", "152": "W", "156": "N", "159": "W", "178": "W", "181": "W", "62": "N", "67": "E", "104": "E", "112": "E", "115": "S", "149": "S", "21": "E", "85": "E", "174": "W"}, {"169": "N", "170": "N", "17": "N", "20": "N", "29": "W", "33": "N", "35": "N", "80": "W", "131": "N", "182": "N", "195": "N", "66": "N", "148": "N", "6": "N", "38": "N", "58": "N", "138": "N", "77": "S", "127": "S", "180": "S", "134": "S", "197": "S", "192": "W", "65": "W", "106": "W", "198": "W", "28": "W", "42": "W", "81": "W", "83": "W", "91": "W", "120": "W", "128": "W", "100": "E", "163": "E", "183": "E", "187": "E", "191": "E", "22": "E", "23": "E", "56": "E", "107": "E", "119": "E", "141": "E", "177": "E", "189": "E", "194": "E", "8": "E", "18": "E", "43": "E", "101": "E", "114": "E", "117": "E", "126": "E", "140": "E", "160": "E", "7": "S", "50": "E", "55": "E", "68": "E", "73": "E", "123": "E", "154": "E", "164": "E", "171": "E", "175": "E", "4": "E", "10": "E", "32": "E", "60": "E", "71": "E", "124": "E", "158": "E", "166": "E", "118": "W", "16": "E", "27": "E", "30": "E", "31": "E", "34": "E", "63": "S", "64": "E", "74": "N", "89": "W", "102": "W", "109": "E", "116": "S", "122": "N", "125": "E", "155": "N", "165": "N", "167": "S", "184": "E", "190": "S", "199": "N", "13": "S", "19": "W", "41": "N", "44": "E", "46": "N", "49": "E", "54": "N", "72": "E", "88": "S", "94": "S", "99": "E", "113": "E", "121": "E", "145": "W", "162": "S", "172": "N", "193": "W", "11": "E", "40": "E", "79": "E", "108": "N", "139": "N", "143": "E", "146": "S", "150": "S", "152": "W", "156": "N", "159": "W", "178": "W", "181": "W", "62": "N", "67": "E", "104": "E", "112": "E", "115": "S", "149": "S", "21": "E", "85": "E", "174": "W"}, {"95": "N", "169": "N", "170": "W", "17": "E", "20": "N", "33": "N", "35": "N", "131": "W", "195": "N", "66": "N", "92": "N", "38": "N", "58": "N", "130": "N", "132": "N", "74": "N", "122": "N", "199": "N", "127": "S", "134": "S", "197": "S", "63": "S", "167": "S", "190": "S", "161": "W", "25": "W", "198": "N", "176": "W", "36": "W", "42": "W", "83": "N", "82": "W", "128": "W", "89": "W", "100": "E", "163": "E", "183": "E", "22": "E", "23": "E", "56": "S", "177": "E", "189": "E", "194": "E", "196": "E", "18": "E", "43": "E", "87": "E", "101": "E", "117": "E", "160": "E", "55": "E", "68": "E", "154": "E", "171": "E", "173": "E", "175": "E", "10": "E", "32": "E", "59": "E", "60": "E", "71": "E", "124": "E", "133": "E", "27": "E", "30": "E", "34": "E", "109": "E", "125": "E", "184": "E", "13": "S", "19": "W", "41": "N", "44": "E", "46": "N", "49": "E", "54": "N", "72": "E", "88": "S", "94": "S", "99": "E", "113": "E", "121": "E", "145": "W", "162": "S", "172": "N", "193": "W", "11": "E", "40": "E", "79": "E", "108": "N", "139": "N", "143": "E", "146": "S", "150": "S", "152": "W", "156": "N", "159": "W", "178": "W", "181": "W", "62": "N", "67": "E", "104": "E", "112": "E", "115": "S", "149": "S", "21": "E", "85": "E", "174": "W"}, {"169": "N", "20": "N", "29": "N", "35": "N", "80": "N", "182": "N", "92": "N", "148": "N", "6": "N", "38": "N", "58": "W", "130": "N", "165": "N", "199": "N", "54": "N", "172": "N", "197": "S", "167": "S", "190": "S", "13": "S", "94": "S", "162": "S", "188": "W", "135": "W", "28": "W", "42": "W", "52": "W", "186": "W", "39": "W", "128": "W", "89": "W", "193": "W", "100": "E", "163": "N", "183": "N", "187": "E", "22": "N", "119": "E", "177": "E", "189": "E", "8": "E", "18": "E", "43": "E", "101": "N", "114": "E", "117": "E", "50": "E", "154": "E", "164": "E", "171": "E", "175": "E", "32": "E", "59": "E", "71": "E", "166": "E", "16": "E", "27": "E", "109": "E", "125": "E", "44": "E", "49": "E", "113": "E", "11": "E", "40": "E", "79": "E", "108": "N", "143": "E", "146": "S", "150": "S", "152": "W", "156": "N", "159": "W", "178": "W", "181": "W", "62": "N", "67": "E", "104": "E", "112": "E", "115": "S", "149": "S", "21": "E", "85": "E", "174": "W"}, {"29": "N", "9": "N", "80": "N", "182": "N", "92": "N", "148": "N", "6": "N", "47": "N", "130": "N", "122": "N", "165": "N", "172": "N", "156": "N", "70": "S", "167": "S", "13": "S", "94": "E", "150": "S", "28": "S", "42": "N", "193": "W", "152": "W", "178": "W", "183": "E", "22": "E", "23": "E", "177": "E", "8": "E", "18": "E", "43": "E", "101": "E", "160": "E", "50": "E", "55": "E", "68": "E", "154": "E", "171": "E", "10": "E", "32": "E", "59": "S", "124": "E", "30": "E", "34": "E", "109": "E", "125": "E", "44": "E", "49": "E", "72": "E", "11": "E", "79": "E", "139": "N", "62": "N", "67": "E", "104": "E", "115": "S", "149": "S", "21": "E", "85": "E", "174": "W"}, {"182": "E", "92": "N", "148": "W", "130": "W", "122": "N", "167": "W", "13": "W", "188": "W", "186": "W", "128": "W", "89": "W", "193": "W", "152": "W", "159": "W", "178": "W", "183": "E", "22": "E", "23": "E", "177": "E", "194": "E", "8": "N", "18": "E", "43": "E", "101": "E", "160": "E", "55": "E", "68": "E", "154": "E", "171": "E", "10": "E", "32": "E", "60": "E", "124": "E", "30": "E", "34": "E", "109": "E", "125": "E", "184": "E", "44": "E", "49": "E", "72": "E", "121": "E", "11": "E", "79": "E", "67": "E", "104": "E", "112": "E", "21": "E", "85": "E", "174": "W"}, {"92": "N", "6": "N", "122": "W", "165": "N", "172": "N", "156": "N", "62": "N", "150": "S", "149": "S", "128": "W", "89": "W", "193": "W", "152": "W", "178": "W", "23": "N", "177": "N", "18": "N", "50": "E", "68": "N"}, {"92": "W", "6": "N", "165": "N", "172": "N", "156": "N", "62": "N", "150": "S", "149": "S", "128": "N", "193": "N", "152": "S", "160": "E", "50": "S", "55": "E", "171": "E", "10": "E", "32": "E", "124": "E", "30": "E", "34": "E", "125": "E", "49": "E", "72": "E", "79": "E", "67": "E", "21": "E"}, {"6": "E", "172": "N", "156": "N", "62": "N", "150": "S", "149": "S", "89": "W", "178": "W", "160": "E", "55": "E", "171": "S", "10": "E", "124": "S", "34": "E"}, {"165": "N", "172": "N", "156": "N", "62": "N", "150": "W", "89": "S", "178": "S", "160": "N", "32": "E", "30": "E", "125": "E", "49": "E", "72": "E", "79": "E", "67": "E", "21": "E"}, {"165": "N", "172": "N", "156": "N", "62": "N", "149": "S", "55": "E", "10": "E", "32": "E", "30": "E", "34": "E", "125": "E", "49": "E", "72": "E", "79": "E", "67": "E", "21": "E"}, {"165": "W", "172": "W", "149": "E", "55": "S", "32": "S", "30": "S"}, {"156": "N", "62": "N", "10": "E", "34": "E", "125": "E", "49": "E", "72": "E", "79": "E", "67": "E", "21": "E"}, {"156": "E", "10": "E", "34": "E", "125": "E", "49": "E", "72": "E", "79": "E", "67": "E", "21": "E"}, {"62": "N", "10": "N", "125": "N", "72": "S"}, {"62": "N", "34": "E", "49": "E", "79": "E", "67": "E", "21": "E"}, {"62": "W", "34": "S", "49": "S"}, {"79": "E", "67": "E", "21": "E"}, {"79": "E", "67": "E", "21": "E"}, {"79": "N"}, {"67": "E", "21": "E"}, {"67": "S"}, {"21": "E"}, {"21": "E"}, {"21": "N"}, {"111": "S"}, {"111": "E"}, {"111": "E"}, {"111": "E"}, {"111": "E"}, {"111": "E"}, {"111": "E"}, {"111": "E"}, {"111": "E"}, {"111": "E"}, {"111": "E"}, {"111": "E"}, {"111": "E"}, {"111": "E"}, {"111": "S"}, {"66": "W"}, {"66": "S"}, {"66": "S"}, {"66": "S"}, {"66": "E"}, {"66": "E"}, {"66": "E"}, {"66": "E"}, {"66": "E"}, {"66": "E"}, {"66": "E"}, {"66": "E"}, {"66": "E"}, {"66": "E"}, {"66": "E"}, {"66": "E"}, {"66": "S"}, {"66": "S"}, {"66": "S"}, {"50": "N"}, {"50": "W"}, {"50": "W"}, {"50": "W"}, {"50": "W"}, {"50": "W"}, {"50": "W"}, {"50": "W"}, {"50": "N"}, {"50": "N"}, {"183": "S"}, {"183": "W"}, {"183": "W"}, {"183": "W"}, {"183": "W"}, {"183": "W"}, {"183": "W"}, {"183": "W"}, {"183": "W"}, {"183": "W"}, {"183": "W"}, {"183": "W"}, {"183": "N"}, {"183": "N"}, {"183": "N"}, {"183": "N"}, {"183": "N"}, {"183": "N"}, {"183": "N"}, {"183": "N"}, {"183": "N"}, {"183": "N"}, {"160": "N"}, {"160": "W"}, {"160": "W"}, {"160": "W"}, {"160": "N"}, {"160": "W"}, {"160": "W"}, {"160": "W"}, {"160": "W"}, {"160": "W"}, {"160": "W"}, {"160": "W"}, {"160": "W"}, {"160": "W"}, {"160": "N"}, {"160": "N"}, {"15": "N"}, {"15": "W"}, {"15": "W"}, {"15": "W"}, {"15": "W"}, {"109": "N"}, {"109": "W"}, {"109": "W"}, {"109": "W"}, {"109": "W"}, {"109": "W"}, {"109": "W"}, {"109": "W"}, {"109": "N"}, {"109": "N"}, {"109": "N"}, {"109": "N"}, {"109": "N"}, {"109": "N"}, {"99": "W"}, {"99": "W"}, {"99": "W"}, {"99": "W"}, {"99": "N"}, {"99": "N"}, {"99": "N"}, {"99": "N"}, {"99": "N"}, {"99": "N"}, {"99": "N"}, {"99": "N"}, {"99": "N"}, {"99": "N"}, {"99": "N"}, {"47": "E"}, {"47": "S"}, {"47": "S"}, {"47": "E"}, {"47": "E"}, {"47": "E"}, {"47": "E"}, {"47": "E"}, {"47": "E"}, {"47": "S"}, {"47": "S"}, {"47": "S"}, {"47": "S"}, {"47": "E"}, {"47": "S"}, {"47": "E"}, {"47": "E"}, {"21": "N"}, {"21": "W"}, {"21": "N"}, {"21": "W"}, {"21": "W"}, {"21": "W"}, {"21": "W"}, {"21": "W"}, {"21": "W"}, {"21": "W"}, {"21": "W"}, {"21": "W"}, {"21": "W"}, {"21": "W"}, {"21": "W"}, {"21": "W"}, {"21": "W"}, {"21": "W"}, {"21": "N"}, {"21": "N"}, {"21": "N"}, {"21": "N"}, {"21": "N"}, {"180": "E"}, {"180": "N"}, {"180": "N"}, {"180": "E"}, {"180": "E"}, {"180": "E"}, {"180": "E"}, {"180": "E"}, {"180": "E"}, {"180": "E"}, {"180": "N"}, {"180": "N"}, {"180": "N"}, {"180": "N"}, {"180": "N"}, {"180": "N"}, {"180": "N"}, {"180": "N"}, {"180": "N"}, {"180": "N"}, {"180": "N"}, {"180": "N"}, {"180": "N"}, {"180": "N"}, {"180": "N"}, {"180": "N"}, {"180": "N"}, {"180": "N"}, {"180": "N"}, {"180": "N"}, {"167": "E"}, {"167": "N"}, {"167": "N"}, {"167": "N"}, {"167": "N"}, {"167": "E"}, {"167": "E"}, {"167": "E"}, {"167": "E"}, {"167": "E"}, {"167": "E"}, {"167": "E"}, {"167": "E"}, {"167": "E"}, {"167": "N"}, {"167": "N"}, {"167": "N"}, {"167": "N"}, {"167": "N"}, {"167": "N"}, {"167": "N"}, {"167": "N"}, {"167": "N"}, {"167": "N"}, {"167": "N"}, {"167": "N"}, {"167": "N"}, {"167": "N"}, {"167": "N"}, {"156": "E"}, {"156": "E"}, {"156": "S"}, {"156": "S"}, {"156": "S"}, {"156": "S"}, {"156": "S"}, {"156": "S"}, {"156": "S"}, {"156": "S"}, {"156": "E"}, {"156": "E"}, {"156": "S"}, {"156": "S"}, {"156": "S"}, {"156": "E"}, {"71": "N"}, {"71": "W"}, {"71": "W"}, {"71": "W"}, {"71": "W"}, {"71": "W"}, {"71": "W"}, {"71": "N"}, {"71": "N"}, {"32": "N"}, {"32": "W"}, {"32": "W"}, {"32": "W"}, {"32": "W"}, {"32": "W"}, {"32": "W"}, {"32": "W"}, {"32": "W"}, {"32": "W"}, {"32": "W"}, {"32": "W"}, {"32": "W"}, {"32": "W"}, {"32": "W"}, {"32": "N"}, {"32": "N"}, {"32": "N"}, {"32": "N"}, {"32": "N"}, {"32": "N"}, {"32": "N"}, {"32": "N"}, {"4": "S"}, {"4": "W"}, {"4": "W"}, {"4": "W"}, {"4": "W"}, {"4": "W"}, {"4": "N"}, {"4": "N"}, {"4": "N"}, {"173": "N"}, {"173": "W"}, {"173": "W"}, {"173": "W"}, {"173": "W"}, {"173": "W"}, {"173": "W"}, {"173": "W"}, {"173": "W"}, {"173": "W"}, {"173": "W"}, {"173": "N"}, {"173": "N"}, {"173": "N"}, {"173": "N"}, {"173": "N"}, {"173": "N"}, {"173": "N"}, {"173": "N"}, {"173": "N"}, {"173": "N"}, {"173": "N"}, {"173": "N"}, {"151": "E"}, {"151": "N"}, {"151": "E"}, {"151": "E"}, {"151": "E"}, {"151": "E"}, {"151": "E"}, {"151": "E"}, {"151": "E"}, {"151": "E"}, {"151": "E"}, {"151": "E"}, {"151": "E"}, {"151": "E"}, {"151": "E"}, {"151": "N"}, {"151": "N"}, {"151": "N"}, {"151": "N"}, {"151": "N"}, {"151": "N"}, {"151": "N"}, {"151": "N"}, {"151": "N"}, {"151": "N"}, {"151": "N"}, {"151": "N"}, {"151": "N"}, {"151": "N"}, {"151": "N"}, {"151": "N"}, {"110": "E"}, {"110": "E"}, {"110": "E"}, {"110": "E"}, {"110": "E"}, {"110": "E"}, {"110": "E"}, {"110": "E"}, {"110": "E"}, {"110": "E"}, {"110": "E"}, {"110": "E"}, {"110": "E"}, {"110": "E"}, {"110": "E"}, {"110": "E"}, {"110": "E"}, {"110": "E"}, {"110": "N"}, {"110": "N"}, {"110": "N"}, {"110": "N"}, {"110": "N"}, {"110": "N"}, {"110": "N"}, {"110": "N"}, {"110": "N"}, {"110": "N"}, {"110": "N"}, {"110": "N"}, {"110": "N"}, {"96": "W"}, {"96": "S"}, {"96": "W"}, {"96": "S"}, {"96": "S"}, {"96": "E"}, {"96": "E"}, {"96": "S"}, {"96": "E"}, {"44": "N"}, {"44": "W"}, {"44": "W"}, {"44": "W"}, {"44": "W"}, {"44": "W"}, {"44": "N"}, {"44": "N"}, {"44": "N"}, {"26": "S"}, {"26": "W"}, {"26": "W"}, {"26": "W"}, {"26": "S"}, {"26": "S"}, {"26": "E"}, {"26": "E"}, {"26": "S"}, {"26": "S"}, {"26": "E"}, {"26": "S"}, {"26": "E"}, {"26": "S"}, {"26": "E"}, {"26": "E"}, {"19": "E"}, {"19": "E"}, {"19": "E"}, {"19": "E"}, {"19": "E"}, {"19": "E"}, {"19": "E"}, {"19": "E"}, {"19": "E"}, {"19": "E"}, {"19": "E"}, {"19": "E"}, {"19": "E"}, {"19": "E"}, {"19": "E"}, {"19": "E"}, {"19": "N"}, {"19": "N"}, {"19": "N"}, {"19": "N"}, {"19": "N"}, {"19": "N"}, {"19": "N"}, {"19": "N"}, {"19": "N"}, {"19": "N"}, {"19": "N"}, {"19": "N"}, {"148": "E"}, {"148": "S"}, {"148": "S"}, {"148": "S"}, {"148": "S"}, {"148": "S"}, {"148": "W"}, {"148": "S"}, {"148": "S"}, {"148": "E"}, {"148": "S"}, {"148": "E"}, {"148": "S"}, {"148": "E"}, {"148": "S"}, {"148": "E"}, {"148": "S"}, {"148": "E"}, {"138": "E"}, {"138": "S"}, {"138": "S"}, {"138": "E"}, {"138": "E"}, {"138": "E"}, {"138": "E"}, {"138": "E"}, {"138": "S"}, {"138": "S"}, {"138": "E"}, {"138": "S"}, {"138": "E"}, {"138": "S"}, {"138": "E"}, {"136": "S"}, {"136": "W"}, {"136": "W"}, {"136": "W"}, {"136": "S"}, {"136": "S"}, {"136": "S"}, {"136": "S"}, {"136": "W"}, {"136": "W"}, {"136": "N"}, {"94": "W"}, {"94": "N"}, {"94": "N"}, {"94": "E"}, {"94": "E"}, {"94": "E"}, {"94": "E"}, {"94": "E"}, {"94": "N"}, {"94": "N"}, {"94": "N"}, {"94": "N"}, {"94": "N"}, {"94": "N"}, {"94": "N"}, {"94": "N"}, {"94": "N"}, {"94": "N"}, {"94": "N"}, {"94": "N"}, {"94": "N"}, {"94": "N"}, {"94": "N"}, {"94": "N"}, {"94": "N"}, {"94": "N"}, {"94": "N"}, {"94": "N"}, {"83": "S"}, {"83": "E"}, {"83": "E"}, {"83": "E"}, {"83": "E"}, {"83": "E"}, {"83": "E"}, {"83": "E"}, {"83": "E"}, {"83": "E"}, {"83": "E"}, {"83": "E"}, {"83": "E"}, {"83": "E"}, {"83": "E"}, {"83": "E"}, {"83": "E"}, {"83": "E"}, {"83": "E"}, {"83": "S"}, {"83": "E"}, {"83": "E"}, {"11": "N"}, {"11": "W"}, {"11": "W"}, {"11": "W"}, {"11": "W"}, {"11": "W"}, {"11": "W"}, {"11": "W"}, {"11": "W"}, {"11": "W"}, {"11": "N"}, {"11": "N"}, {"11": "N"}, {"11": "N"}, {"11": "N"}, {"11": "N"}, {"11": "N"}, {"143": "W"}, {"143": "W"}, {"143": "S"}, {"76": "W"}, {"76": "S"}, {"76": "S"}, {"76": "W"}, {"76": "W"}, {"76": "W"}, {"76": "W"}, {"76": "W"}, {"76": "S"}, {"76": "S"}, {"76": "E"}, {"76": "E"}, {"76": "S"}, {"76": "S"}, {"76": "E"}, {"76": "S"}, {"76": "E"}, {"54": "W"}, {"54": "S"}, {"54": "S"}, {"54": "E"}, {"54": "S"}, {"54": "S"}, {"54": "E"}, {"54": "E"}, {"54": "S"}, {"54": "S"}, {"54": "E"}, {"54": "S"}, {"54": "S"}, {"54": "E"}, {"54": "E"}, {"54": "S"}, {"54": "E"}, {"54": "S"}, {"54": "E"}, {"36": "N"}, {"36": "E"}, {"36": "E"}, {"36": "E"}, {"36": "E"}, {"36": "E"}, {"36": "E"}, {"36": "E"}, {"36": "E"}, {"36": "E"}, {"36": "E"}, {"36": "E"}, {"36": "E"}, {"36": "E"}, {"36": "E"}, {"36": "E"}, {"36": "E"}, {"36": "E"}, {"36": "E"}, {"36": "E"}, {"36": "E"}, {"36": "E"}, {"36": "N"}, {"36": "N"}, {"36": "N"}, {"36": "N"}, {"36": "N"}, {"36": "N"}, {"14": "N"}, {"14": "W"}, {"14": "W"}, {"14": "S"}, {"14": "S"}, {"14": "S"}, {"14": "S"}, {"14": "S"}, {"14": "S"}, {"14": "W"}, {"14": "W"}, {"14": "W"}, {"14": "W"}, {"14": "N"}, {"14": "N"}, {"14": "N"}, {"14": "N"}, {"168": "E"}, {"168": "E"}, {"168": "E"}, {"168": "E"}, {"168": "E"}, {"168": "E"}, {"168": "E"}, {"168": "E"}, {"168": "E"}, {"168": "E"}, {"168": "E"}, {"168": "E"}, {"168": "E"}, {"168": "N"}, {"168": "N"}, {"168": "N"}, {"168": "N"}, {"168": "N"}, {"168": "N"}, {"168": "N"}, {"168": "N"}, {"168": "N"}, {"168": "N"}, {"168": "N"}, {"168": "N"}, {"168": "N"}, {"116": "E"}, {"116": "N"}, {"116": "E"}, {"116": "E"}, {"116": "E"}, {"116": "E"}, {"116": "E"}, {"116": "E"}, {"116": "E"}, {"116": "N"}, {"116": "N"}, {"116": "N"}, {"116": "N"}, {"116": "N"}, {"116": "N"}, {"116": "N"}, {"116": "N"}, {"116": "N"}, {"116": "N"}, {"116": "N"}, {"116": "N"}, {"116": "N"}, {"116": "N"}, {"116": "N"}, {"116": "N"}, {"48": "N"}, {"48": "E"}, {"48": "E"}, {"48": "E"}, {"48": "E"}, {"48": "E"}, {"48": "E"}, {"48": "E"}, {"48": "E"}, {"48": "E"}, {"48": "E"}, {"48": "E"}, {"48": "E"}, {"48": "N"}, {"48": "N"}, {"48": "N"}, {"48": "N"}, {"48": "N"}, {"48": "N"}, {"48": "N"}, {"48": "N"}, {"48": "N"}, {"48": "N"}, {"48": "N"}, {"48": "N"}, {"48": "N"}, {"38": "W"}, {"38": "S"}, {"38": "S"}, {"38": "S"}, {"38": "S"}, {"38": "S"}, {"38": "S"}, {"38": "S"}, {"38": "E"}, {"38": "E"}, {"38": "E"}, {"38": "S"}, {"38": "S"}, {"38": "S"}, {"38": "E"}, {"38": "E"}, {"29": "E"}, {"29": "S"}, {"29": "S"}, {"29": "S"}, {"29": "S"}, {"29": "S"}, {"29": "S"}, {"29": "S"}, {"29": "S"}, {"29": "S"}, {"29": "E"}, {"29": "E"}, {"29": "E"}, {"29": "S"}, {"8": "S"}, {"8": "W"}, {"8": "W"}, {"8": "W"}, {"8": "W"}, {"8": "W"}, {"8": "S"}, {"8": "S"}, {"8": "S"}, {"8": "S"}, {"8": "S"}, {"8": "S"}, {"8": "W"}, {"8": "W"}, {"8": "W"}, {"8": "W"}, {"8": "N"}, {"8": "N"}, {"8": "N"}, {"194": "S"}, {"194": "W"}, {"194": "W"}, {"194": "W"}, {"194": "W"}, {"194": "W"}, {"194": "W"}, {"194": "W"}, {"194": "W"}, {"194": "W"}, {"194": "W"}, {"194": "W"}, {"194": "W"}, {"194": "W"}, {"194": "W"}, {"194": "N"}, {"194": "N"}, {"194": "N"}, {"194": "N"}, {"194": "N"}, {"194": "N"}, {"194": "N"}, {"194": "N"}, {"194": "N"}, {"194": "N"}, {"184": "S"}, {"184": "W"}, {"184": "W"}, {"184": "W"}, {"184": "W"}, {"184": "W"}, {"184": "W"}, {"184": "W"}, {"184": "W"}, {"184": "N"}, {"184": "N"}, {"184": "N"}, {"184": "N"}, {"184": "N"}, {"184": "N"}, {"177": "S"}, {"177": "W"}, {"177": "W"}, {"177": "W"}, {"177": "W"}, {"177": "W"}, {"177": "W"}, {"177": "W"}, {"177": "W"}, {"177": "W"}, {"177": "W"}, {"177": "W"}, {"177": "W"}, {"177": "N"}, {"166": "S"}, {"166": "W"}, {"166": "W"}, {"166": "W"}, {"166": "W"}, {"166": "W"}, {"162": "W"}, {"162": "N"}, {"162": "N"}, {"162": "E"}, {"162": "E"}, {"162": "E"}, {"162": "N"}, {"162": "N"}, {"162": "N"}, {"162": "N"}, {"162": "N"}, {"162": "N"}, {"162": "N"}, {"162": "N"}, {"162": "N"}, {"162": "N"}, {"162": "N"}, {"162": "N"}, {"162": "N"}, {"162": "N"}, {"162": "N"}, {"162": "N"}, {"123": "S"}, {"123": "W"}, {"123": "W"}, {"123": "W"}, {"123": "W"}, {"123": "W"}, {"123": "W"}, {"123": "W"}, {"123": "W"}, {"123": "W"}, {"123": "W"}, {"123": "W"}, {"123": "N"}, {"123": "N"}, {"123": "N"}, {"123": "N"}, {"123": "N"}, {"123": "N"}, {"123": "N"}, {"123": "N"}, {"123": "N"}, {"123": "N"}, {"123": "N"}, {"123": "N"}, {"114": "S"}, {"114": "W"}, {"114": "W"}, {"114": "W"}, {"114": "W"}, {"114": "W"}, {"114": "W"}, {"114": "S"}, {"114": "W"}, {"114": "W"}, {"114": "W"}, {"114": "N"}, {"114": "N"}, {"114": "N"}, {"105": "W"}, {"105": "N"}, {"105": "W"}, {"105": "W"}, {"105": "N"}, {"105": "N"}, {"105": "N"}, {"105": "N"}, {"105": "N"}, {"105": "N"}, {"105": "N"}, {"105": "N"}, {"105": "N"}, {"105": "N"}, {"105": "N"}, {"105": "N"}, {"105": "N"}, {"105": "N"}, {"105": "N"}, {"95": "E"}, {"95": "S"}, {"95": "S"}, {"95": "S"}, {"95": "W"}, {"95": "W"}, {"95": "W"}, {"95": "W"}, {"95": "S"}, {"16": "S"}, {"16": "W"}, {"16": "W"}, {"16": "W"}, {"16": "S"}, {"16": "W"}, {"16": "W"}, {"16": "W"}, {"16": "W"}, {"16": "W"}, {"16": "W"}, {"16": "W"}, {"16": "W"}, {"16": "W"}, {"16": "N"}, {"16": "N"}, {"16": "N"}, {"16": "N"}, {"16": "N"}, {"16": "N"}, {"16": "N"}, {"16": "N"}, {"16": "N"}, {"193": "S"}, {"193": "E"}, {"193": "E"}, {"193": "E"}, {"193": "E"}, {"193": "E"}, {"193": "E"}, {"193": "E"}, {"193": "E"}, {"193": "E"}, {"193": "E"}, {"193": "E"}, {"193": "E"}, {"193": "E"}, {"193": "E"}, {"193": "E"}, {"193": "E"}, {"193": "E"}, {"193": "E"}, {"193": "E"}, {"193": "E"}, {"193": "E"}, {"193": "E"}, {"193": "E"}, {"174": "E"}, {"174": "E"}, {"174": "E"}, {"174": "E"}, {"174": "E"}, {"174": "E"}, {"174": "E"}, {"174": "E"}, {"174": "E"}, {"174": "E"}, {"174": "E"}, {"174": "E"}, {"174": "E"}, {"174": "E"}, {"174": "E"}, {"174": "E"}, {"174": "E"}, {"174": "E"}, {"174": "E"}, {"174": "E"}, {"134": "E"}, {"134": "N"}, {"134": "N"}, {"134": "N"}, {"134": "E"}, {"134": "N"}, {"134": "N"}, {"134": "N"}, {"134": "N"}, {"134": "N"}, {"134": "N"}, {"134": "N"}, {"134": "N"}, {"134": "N"}, {"134": "N"}, {"134": "N"}, {"134": "N"}, {"134": "N"}, {"134": "N"}, {"129": "E"}, {"129": "S"}, {"129": "S"}, {"129": "S"}, {"129": "E"}, {"129": "E"}, {"129": "E"}, {"129": "E"}, {"129": "S"}, {"129": "S"}, {"129": "S"}, {"129": "S"}, {"129": "S"}, {"129": "S"}, {"129": "S"}, {"129": "S"}, {"129": "S"}, {"129": "S"}, {"129": "W"}, {"129": "S"}, {"129": "S"}, {"129": "W"}, {"129": "W"}, {"129": "W"}, {"129": "N"}, {"129": "N"}, {"129": "N"}, {"102": "E"}, {"102": "E"}, {"102": "E"}, {"102": "E"}, {"102": "E"}, {"102": "E"}, {"102": "E"}, {"102": "E"}, {"102": "E"}, {"102": "E"}, {"102": "E"}, {"102": "E"}, {"102": "E"}, {"102": "E"}, {"102": "E"}, {"102": "S"}, {"102": "S"}, {"102": "E"}, {"102": "E"}, {"78": "S"}, {"78": "W"}, {"78": "W"}, {"78": "W"}, {"78": "W"}, {"78": "S"}, {"78": "S"}, {"78": "S"}, {"78": "S"}, {"78": "S"}, {"78": "S"}, {"78": "W"}, {"78": "S"}, {"78": "S"}, {"78": "W"}, {"78": "W"}, {"78": "W"}, {"78": "W"}, {"78": "W"}, {"78": "W"}, {"78": "N"}, {"78": "N"}, {"78": "N"}, {"78": "N"}, {"78": "N"}, {"78": "N"}, {"65": "S"}, {"65": "E"}, {"65": "E"}, {"65": "E"}, {"65": "E"}, {"65": "E"}, {"65": "E"}, {"65": "E"}, {"65": "E"}, {"65": "E"}, {"65": "E"}, {"65": "E"}, {"65": "E"}, {"65": "E"}, {"65": "E"}, {"65": "E"}, {"65": "N"}, {"65": "N"}, {"65": "N"}, {"65": "N"}, {"65": "N"}, {"65": "N"}, {"65": "N"}, {"24": "W"}, {"24": "N"}, {"24": "W"}, {"24": "N"}, {"24": "N"}, {"24": "N"}, {"24": "N"}, {"24": "N"}, {"24": "N"}, {"24": "N"}, {"24": "N"}, {"24": "N"}, {"24": "N"}, {"24": "N"}, {"24": "N"}, {"24": "N"}, {"24": "N"}, {"24": "N"}, {"24": "N"}, {"7": "N"}, {"7": "W"}, {"7": "W"}, {"7": "W"}, {"7": "W"}, {"7": "W"}, {"7": "W"}, {"7": "W"}, {"7": "W"}, {"7": "W"}, {"7": "W"}, {"7": "W"}, {"7": "N"}, {"7": "N"}, {"7": "N"}, {"7": "N"}, {"7": "N"}, {"7": "N"}, {"7": "N"}, {"7": "N"}, {"7": "N"}, {"7": "N"}, {"7": "N"}, {"7": "N"}, {"190": "W"}, {"190": "N"}, {"190": "N"}, {"190": "N"}, {"190": "W"}, {"190": "N"}, {"190": "N"}, {"190": "N"}, {"190": "N"}, {"190": "N"}, {"190": "N"}, {"190": "N"}, {"190": "N"}, {"190": "N"}, {"190": "N"}, {"190": "N"}, {"190": "N"}, {"190": "N"}, {"190": "N"}, {"190": "N"}, {"190": "N"}, {"190": "N"}, {"190": "N"}, {"153": "W"}, {"153": "W"}, {"153": "N"}, {"153": "N"}, {"153": "W"}, {"153": "W"}, {"153": "W"}, {"153": "W"}, {"153": "W"}, {"153": "W"}, {"153": "W"}, {"153": "W"}, {"153": "W"}, {"153": "W"}, {"153": "W"}, {"153": "S"}, {"153": "S"}, {"152": "N"}, {"152": "E"}, {"152": "E"}, {"152": "E"}, {"152": "E"}, {"152": "E"}, {"152": "E"}, {"152": "E"}, {"152": "E"}, {"152": "E"}, {"152": "E"}, {"152": "E"}, {"152": "E"}, {"152": "E"}, {"152": "E"}, {"152": "E"}, {"152": "N"}, {"152": "N"}, {"152": "N"}, {"152": "N"}, {"152": "N"}, {"152": "N"}, {"152": "N"}, {"152": "N"}, {"152": "N"}, {"131": "E"}, {"131": "S"}, {"131": "S"}, {"131": "S"}, {"131": "S"}, {"131": "W"}, {"131": "W"}, {"131": "W"}, {"131": "W"}, {"131": "W"}, {"131": "W"}, {"131": "S"}, {"131": "S"}, {"131": "S"}, {"131": "E"}, {"131": "S"}, {"131": "E"}, {"131": "S"}, {"131": "E"}, {"131": "E"}, {"131": "S"}, {"131": "E"}, {"131": "S"}, {"131": "E"}, {"101": "S"}, {"101": "W"}, {"101": "W"}, {"101": "W"}, {"101": "W"}, {"101": "W"}, {"101": "W"}, {"101": "W"}, {"101": "W"}, {"101": "W"}, {"101": "W"}, {"101": "W"}, {"101": "W"}, {"101": "W"}, {"101": "W"}, {"101": "W"}, {"101": "N"}, {"101": "N"}, {"101": "N"}, {"101": "N"}, {"101": "N"}, {"101": "N"}, {"101": "N"}, {"100": "N"}, {"100": "W"}, {"100": "W"}, {"100": "W"}, {"100": "W"}, {"100": "W"}, {"100": "W"}, {"100": "W"}, {"100": "W"}, {"100": "S"}, {"100": "S"}, {"100": "S"}, {"100": "W"}, {"100": "S"}, {"100": "S"}, {"100": "W"}, {"100": "W"}, {"100": "W"}, {"100": "N"}, {"100": "N"}, {"88": "E"}, {"88": "N"}, {"88": "E"}, {"88": "E"}, {"88": "N"}, {"88": "N"}, {"88": "N"}, {"88": "N"}, {"88": "N"}, {"88": "N"}, {"88": "N"}, {"88": "N"}, {"88": "N"}, {"88": "N"}, {"88": "N"}, {"88": "N"}, {"74": "W"}, {"74": "S"}, {"74": "S"}, {"74": "S"}, {"74": "S"}, {"74": "S"}, {"74": "E"}, {"74": "S"}, {"74": "E"}, {"74": "S"}, {"74": "E"}, {"74": "E"}, {"74": "S"}, {"74": "S"}, {"74": "E"}, {"74": "S"}, {"74": "E"}, {"74": "E"}, {"74": "S"}, {"74": "S"}, {"74": "E"}, {"74": "S"}, {"74": "E"}, {"74": "E"}, {"74": "S"}, {"74": "E"}, {"42": "W"}, {"42": "N"}, {"42": "N"}, {"42": "E"}, {"42": "E"}, {"42": "E"}, {"42": "E"}, {"42": "E"}, {"42": "E"}, {"42": "E"}, {"42": "E"}, {"42": "E"}, {"42": "E"}, {"42": "E"}, {"42": "E"}, {"42": "E"}, {"42": "E"}, {"42": "N"}, {"42": "N"}, {"42": "N"}, {"42": "N"}, {"42": "N"}, {"42": "N"}, {"42": "N"}, {"42": "N"}, {"42": "N"}, {"37": "E"}, {"37": "E"}, {"37": "S"}, {"37": "S"}, {"37": "S"}, {"37": "S"}, {"37": "S"}, {"37": "S"}, {"37": "S"}, {"37": "S"}, {"37": "S"}, {"37": "S"}, {"37": "S"}, {"37": "W"}, {"37": "S"}, {"37": "S"}, {"37": "S"}, {"37": "W"}, {"37": "W"}, {"37": "W"}, {"37": "W"}, {"37": "W"}, {"37": "N"}, {"37": "N"}, {"37": "N"}, {"37": "N"}, {"37": "N"}, {"27": "N"}, {"27": "W"}, {"27": "W"}, {"27": "W"}, {"27": "S"}, {"27": "S"}, {"27": "S"}, {"27": "W"}, {"27": "S"}, {"27": "S"}, {"27": "S"}, {"27": "W"}, {"27": "W"}, {"27": "W"}, {"27": "W"}, {"27": "W"}, {"27": "W"}, {"27": "W"}, {"27": "W"}, {"27": "N"}, {"27": "N"}, {"27": "N"}, {"27": "N"}, {"27": "N"}, {"27": "N"}, {"27": "N"}, {"27": "N"}, {"171": "N"}, {"171": "W"}, {"171": "W"}, {"171": "W"}, {"171": "W"}, {"171": "W"}, {"171": "W"}, {"171": "W"}, {"171": "W"}, {"171": "W"}, {"171": "S"}, {"171": "S"}, {"171": "S"}, {"171": "W"}, {"171": "W"}, {"171": "W"}, {"171": "W"}, {"171": "W"}, {"171": "W"}, {"171": "W"}, {"171": "N"}, {"171": "N"}, {"171": "N"}, {"171": "N"}, {"171": "N"}, {"171": "N"}, {"165": "E"}, {"165": "S"}, {"165": "S"}, {"165": "S"}, {"165": "S"}, {"165": "S"}, {"165": "S"}, {"165": "S"}, {"165": "W"}, {"165": "W"}, {"165": "W"}, {"165": "W"}, {"165": "W"}, {"165": "W"}, {"165": "W"}, {"165": "S"}, {"165": "S"}, {"165": "E"}, {"165": "S"}, {"165": "E"}, {"165": "S"}, {"165": "E"}, {"165": "S"}, {"165": "E"}, {"165": "S"}, {"165": "E"}, {"165": "S"}, {"165": "S"}, {"165": "E"}, {"165": "E"}, {"164": "S"}, {"164": "W"}, {"164": "W"}, {"164": "W"}, {"164": "W"}, {"164": "W"}, {"164": "S"}, {"164": "S"}, {"164": "S"}, {"164": "W"}, {"164": "W"}, {"164": "W"}, {"164": "W"}, {"164": "W"}, {"164": "W"}, {"164": "W"}, {"164": "W"}, {"164": "W"}, {"164": "W"}, {"164": "N"}, {"164": "N"}, {"164": "N"}, {"164": "N"}, {"164": "N"}, {"164": "N"}, {"164": "N"}, {"164": "N"}, {"164": "N"}, {"154": "N"}, {"154": "W"}, {"154": "W"}, {"154": "W"}, {"154": "W"}, {"154": "W"}, {"154": "W"}, {"154": "W"}, {"154": "S"}, {"154": "S"}, {"154": "S"}, {"154": "W"}, {"154": "W"}, {"154": "W"}, {"154": "W"}, {"154": "W"}, {"154": "N"}, {"154": "N"}, {"154": "N"}, {"154": "N"}, {"133": "N"}, {"133": "W"}, {"133": "W"}, {"133": "W"}, {"133": "W"}, {"133": "W"}, {"133": "W"}, {"133": "W"}, {"133": "N"}, {"133": "N"}, {"133": "N"}, {"90": "E"}, {"90": "S"}, {"90": "S"}, {"90": "E"}, {"90": "E"}, {"90": "E"}, {"90": "E"}, {"90": "S"}, {"90": "S"}, {"90": "S"}, {"90": "S"}, {"90": "S"}, {"90": "S"}, {"90": "S"}, {"90": "S"}, {"90": "S"}, {"90": "S"}, {"90": "W"}, {"90": "S"}, {"90": "S"}, {"90": "S"}, {"90": "W"}, {"90": "W"}, {"90": "W"}, {"90": "N"}, {"90": "N"}, {"82": "N"}, {"82": "E"}, {"82": "E"}, {"82": "E"}, {"82": "E"}, {"82": "E"}, {"82": "E"}, {"82": "E"}, {"82": "E"}, {"82": "E"}, {"82": "E"}, {"82": "E"}, {"82": "N"}, {"82": "N"}, {"82": "N"}, {"82": "N"}, {"82": "N"}, {"82": "N"}, {"82": "N"}, {"82": "N"}, {"82": "N"}, {"82": "N"}, {"57": "W"}, {"57": "S"}, {"57": "S"}, {"57": "S"}, {"57": "E"}, {"57": "E"}, {"57": "E"}, {"57": "E"}, {"57": "E"}, {"57": "E"}, {"57": "E"}, {"57": "S"}, {"57": "S"}, {"57": "S"}, {"57": "S"}, {"57": "S"}, {"57": "S"}, {"57": "S"}, {"57": "S"}, {"57": "S"}, {"57": "S"}, {"57": "W"}, {"57": "S"}, {"57": "S"}, {"57": "S"}, {"57": "W"}, {"57": "W"}, {"57": "N"}, {"53": "E"}, {"53": "N"}, {"53": "N"}, {"53": "E"}, {"53": "E"}, {"53": "N"}, {"53": "N"}, {"53": "N"}, {"53": "N"}, {"53": "N"}, {"53": "N"}, {"53": "N"}, {"53": "N"}, {"53": "N"}, {"53": "N"}, {"53": "N"}, {"53": "N"}, {"53": "N"}, {"53": "N"}, {"53": "N"}, {"53": "N"}, {"53": "N"}, {"53": "N"}, {"53": "N"}, {"53": "N"}, {"189": "N"}, {"189": "W"}, {"189": "W"}, {"189": "W"}, {"189": "W"}, {"189": "W"}, {"189": "W"}, {"189": "W"}, {"189": "S"}, {"189": "S"}, {"189": "S"}, {"189": "W"}, {"189": "S"}, {"189": "S"}, {"189": "S"}, {"189": "W"}, {"189": "W"}, {"189": "W"}, {"189": "W"}, {"189": "W"}, {"189": "W"}, {"189": "W"}, {"189": "W"}, {"189": "N"}, {"189": "N"}, {"189": "N"}, {"189": "N"}, {"189": "N"}, {"189": "N"}, {"185": "W"}, {"185": "W"}, {"185": "W"}, {"185": "W"}, {"185": "W"}, {"185": "W"}, {"185": "W"}, {"185": "W"}, {"185": "W"}, {"185": "W"}, {"185": "W"}, {"185": "W"}, {"185": "W"}, {"185": "W"}, {"185": "W"}, {"185": "N"}, {"185": "N"}, {"185": "N"}, {"185": "N"}, {"185": "N"}, {"185": "N"}, {"185": "N"}, {"185": "N"}, {"185": "N"}, {"185": "N"}, {"185": "N"}, {"185": "N"}, {"185": "N"}, {"185": "N"}, {"185": "N"}, {"179": "S"}, {"179": "W"}, {"179": "W"}, {"179": "S"}, {"179": "S"}, {"179": "S"}, {"179": "S"}, {"179": "S"}, {"179": "S"}, {"179": "W"}, {"179": "S"}, {"179": "S"}, {"179": "S"}, {"179": "W"}, {"179": "S"}, {"147": "W"}, {"147": "S"}, {"147": "S"}, {"147": "S"}, {"147": "E"}, {"147": "S"}, {"147": "S"}, {"147": "S"}, {"147": "E"}, {"147": "E"}, {"147": "S"}, {"147": "E"}, {"147": "S"}, {"147": "E"}, {"147": "E"}, {"147": "S"}, {"147": "S"}, {"147": "S"}, {"147": "E"}, {"147": "E"}, {"147": "S"}, {"147": "E"}, {"144": "W"}, {"144": "N"}, {"144": "N"}, {"144": "N"}, {"144": "N"}, {"144": "N"}, {"144": "N"}, {"144": "N"}, {"144": "N"}, {"144": "N"}, {"144": "N"}, {"144": "N"}, {"144": "N"}, {"144": "N"}, {"144": "N"}, {"144": "N"}, {"144": "N"}, {"144": "N"}, {"144": "N"}, {"144": "N"}, {"127": "E"}, {"127": "N"}, {"127": "N"}, {"127": "N"}, {"127": "N"}, {"127": "W"}, {"127": "W"}, {"127": "W"}, {"127": "N"}, {"127": "N"}, {"127": "N"}, {"127": "N"}, {"127": "N"}, {"127": "N"}, {"127": "N"}, {"127": "N"}, {"127": "N"}, {"127": "N"}, {"127": "N"}, {"127": "N"}, {"127": "N"}, {"127": "N"}, {"127": "N"}, {"120": "S"}, {"120": "E"}, {"120": "E"}, {"120": "E"}, {"120": "E"}, {"120": "E"}, {"120": "E"}, {"120": "E"}, {"120": "E"}, {"120": "E"}, {"120": "E"}, {"120": "E"}, {"120": "E"}, {"120": "E"}, {"120": "S"}, {"120": "E"}, {"120": "E"}, {"120": "S"}, {"120": "S"}, {"120": "E"}, {"120": "E"}, {"120": "S"}, {"120": "E"}, {"118": "E"}, {"118": "E"}, {"118": "E"}, {"118": "E"}, {"118": "E"}, {"118": "E"}, {"118": "E"}, {"118": "N"}, {"118": "N"}, {"118": "N"}, {"118": "N"}, {"118": "N"}, {"118": "N"}, {"118": "N"}, {"118": "N"}, {"113": "N"}, {"113": "W"}, {"113": "W"}, {"113": "S"}, {"113": "S"}, {"113": "S"}, {"113": "W"}, {"113": "S"}, {"113": "S"}, {"113": "S"}, {"113": "W"}, {"113": "W"}, {"59": "N"}, {"59": "W"}, {"59": "W"}, {"59": "W"}, {"59": "W"}, {"59": "W"}, {"59": "W"}, {"59": "W"}, {"59": "W"}, {"59": "W"}, {"59": "W"}, {"59": "W"}, {"59": "W"}, {"59": "W"}, {"59": "W"}, {"59": "N"}, {"59": "N"}, {"59": "N"}, {"59": "N"}, {"59": "N"}, {"59": "N"}, {"59": "N"}, {"59": "N"}, {"59": "N"}, {"59": "N"}, {"59": "N"}, {"56": "N"}, {"56": "W"}, {"56": "W"}, {"56": "W"}, {"56": "W"}, {"56": "S"}, {"56": "S"}, {"56": "S"}, {"56": "S"}, {"56": "S"}, {"56": "S"}, {"56": "W"}, {"56": "S"}, {"56": "S"}, {"56": "S"}, {"56": "S"}, {"56": "S"}, {"56": "W"}, {"56": "W"}, {"56": "W"}, {"56": "W"}, {"56": "W"}, {"56": "N"}, {"56": "N"}, {"56": "N"}, {"56": "N"}, {"56": "N"}, {"197": "W"}, {"197": "N"}, {"197": "N"}, {"197": "N"}, {"197": "N"}, {"197": "W"}, {"197": "W"}, {"197": "W"}, {"197": "W"}, {"197": "N"}, {"197": "N"}, {"197": "N"}, {"197": "N"}, {"197": "N"}, {"197": "N"}, {"197": "N"}, {"197": "N"}, {"197": "N"}, {"197": "N"}, {"197": "N"}, {"197": "N"}, {"197": "N"}, {"197": "N"}, {"197": "N"}, {"197": "N"}, {"197": "N"}, {"197": "N"}, {"163": "S"}, {"163": "W"}, {"163": "W"}, {"163": "W"}, {"163": "W"}, {"163": "W"}, {"163": "W"}, {"163": "W"}, {"163": "S"}, {"163": "S"}, {"163": "S"}, {"163": "W"}, {"163": "S"}, {"163": "S"}, {"163": "S"}, {"163": "S"}, {"163": "S"}, {"163": "W"}, {"145": "E"}, {"145": "E"}, {"145": "E"}, {"145": "E"}, {"145": "E"}, {"145": "E"}, {"145": "E"}, {"145": "E"}, {"145": "E"}, {"145": "E"}, {"145": "N"}, {"145": "N"}, {"145": "N"}, {"121": "S"}, {"121": "W"}, {"121": "W"}, {"121": "W"}, {"121": "S"}, {"121": "S"}, {"121": "S"}, {"121": "W"}, {"121": "W"}, {"121": "W"}, {"121": "W"}, {"121": "N"}, {"121": "N"}, {"121": "N"}, {"121": "N"}, {"93": "E"}, {"93": "S"}, {"93": "S"}, {"93": "S"}, {"93": "E"}, {"93": "S"}, {"93": "S"}, {"93": "E"}, {"93": "E"}, {"93": "S"}, {"93": "S"}, {"93": "E"}, {"93": "E"}, {"93": "S"}, {"93": "E"}, {"93": "S"}, {"93": "E"}, {"93": "E"}, {"93": "S"}, {"93": "S"}, {"93": "E"}, {"93": "S"}, {"93": "E"}, {"84": "W"}, {"84": "S"}, {"84": "S"}, {"84": "S"}, {"84": "S"}, {"84": "S"}, {"84": "W"}, {"84": "W"}, {"84": "W"}, {"84": "W"}, {"84": "W"}, {"84": "W"}, {"84": "W"}, {"84": "W"}, {"84": "W"}, {"84": "S"}, {"84": "S"}, {"84": "E"}, {"84": "S"}, {"84": "S"}, {"84": "E"}, {"84": "E"}, {"84": "S"}, {"84": "S"}, {"84": "E"}, {"84": "E"}, {"84": "S"}, {"84": "E"}, {"84": "S"}, {"84": "E"}, {"84": "E"}, {"84": "S"}, {"84": "S"}, {"84": "E"}, {"81": "S"}, {"81": "E"}, {"81": "E"}, {"81": "E"}, {"81": "E"}, {"81": "E"}, {"81": "E"}, {"81": "E"}, {"81": "E"}, {"81": "E"}, {"81": "E"}, {"81": "E"}, {"81": "E"}, {"81": "E"}, {"81": "N"}, {"77": "E"}, {"77": "N"}, {"77": "N"}, {"77": "N"}, {"77": "E"}, {"77": "E"}, {"77": "E"}, {"77": "N"}, {"77": "N"}, {"77": "N"}, {"77": "N"}, {"77": "N"}, {"77": "N"}, {"77": "N"}, {"77": "N"}, {"77": "N"}, {"77": "N"}, {"77": "N"}, {"77": "N"}, {"77": "N"}, {"77": "N"}, {"75": "S"}, {"75": "E"}, {"75": "E"}, {"75": "E"}, {"75": "E"}, {"75": "E"}, {"75": "E"}, {"75": "E"}, {"75": "E"}, {"75": "E"}, {"75": "E"}, {"61": "W"}, {"61": "S"}, {"61": "W"}, {"61": "W"}, {"61": "W"}, {"61": "W"}, {"61": "W"}, {"61": "W"}, {"61": "W"}, {"61": "W"}, {"61": "W"}, {"61": "W"}, {"61": "W"}, {"61": "W"}, {"61": "S"}, {"61": "S"}, {"61": "E"}, {"61": "S"}, {"61": "S"}, {"61": "E"}, {"61": "S"}, {"61": "E"}, {"61": "S"}, {"61": "E"}, {"61": "S"}, {"61": "E"}, {"61": "S"}, {"61": "E"}, {"61": "E"}, {"61": "E"}, {"61": "S"}, {"2": "E"}, {"2": "S"}, {"2": "S"}, {"2": "S"}, {"2": "S"}, {"2": "W"}, {"2": "W"}, {"2": "W"}, {"2": "W"}, {"2": "W"}, {"2": "W"}, {"2": "W"}, {"2": "W"}, {"2": "W"}, {"2": "W"}, {"2": "W"}, {"2": "W"}, {"2": "S"}, {"2": "S"}, {"2": "E"}, {"2": "S"}, {"2": "S"}, {"2": "E"}, {"2": "S"}, {"2": "E"}, {"2": "S"}, {"2": "E"}, {"2": "S"}, {"2": "E"}, {"2": "S"}, {"2": "E"}, {"2": "E"}, {"192": "N"}, {"192": "N"}, {"192": "E"}, {"192": "E"}, {"192": "E"}, {"192": "E"}, {"192": "E"}, {"192": "E"}, {"192": "E"}, {"192": "E"}, {"192": "E"}, {"192": "E"}, {"192": "E"}, {"192": "S"}, {"192": "E"}, {"188": "N"}, {"188": "E"}, {"188": "E"}, {"188": "E"}, {"188": "E"}, {"188": "E"}, {"188": "E"}, {"188": "E"}, {"188": "E"}, {"188": "E"}, {"188": "E"}, {"188": "E"}, {"188": "E"}, {"188": "E"}, {"188": "N"}, {"188": "N"}, {"188": "N"}, {"188": "N"}, {"157": "W"}, {"157": "N"}, {"157": "N"}, {"157": "W"}, {"157": "W"}, {"157": "W"}, {"157": "N"}, {"157": "N"}, {"157": "N"}, {"157": "N"}, {"157": "N"}, {"157": "N"}, {"157": "N"}, {"157": "N"}, {"157": "N"}, {"157": "N"}, {"157": "N"}, {"157": "N"}, {"157": "N"}, {"97": "W"}, {"97": "S"}, {"97": "S"}, {"97": "S"}, {"97": "S"}, {"97": "S"}, {"97": "S"}, {"97": "S"}, {"97": "W"}, {"97": "S"}, {"97": "S"}, {"97": "S"}, {"97": "S"}, {"97": "S"}, {"97": "S"}, {"97": "W"}, {"97": "W"}, {"97": "W"}, {"97": "W"}, {"97": "N"}, {"97": "N"}, {"97": "N"}, {"67": "S"}, {"67": "W"}, {"67": "S"}, {"67": "W"}, {"67": "W"}, {"67": "W"}, {"67": "W"}, {"67": "W"}, {"67": "W"}, {"67": "W"}, {"67": "W"}, {"67": "W"}, {"67": "W"}, {"67": "W"}, {"67": "S"}, {"67": "S"}, {"67": "S"}, {"67": "W"}, {"67": "W"}, {"67": "W"}, {"67": "W"}, {"67": "W"}, {"67": "W"}, {"67": "W"}, {"67": "N"}, {"67": "N"}, {"67": "N"}, {"67": "N"}, {"67": "N"}, {"67": "N"}, {"25": "N"}, {"25": "E"}, {"25": "E"}, {"25": "E"}, {"25": "E"}, {"25": "E"}, {"25": "E"}, {"25": "E"}, {"25": "E"}, {"25": "E"}, {"25": "N"}, {"25": "N"}, {"25": "N"}, {"25": "N"}, {"182": "E"}, {"182": "E"}, {"182": "E"}, {"182": "S"}, {"182": "S"}, {"182": "S"}, {"182": "S"}, {"182": "S"}, {"182": "S"}, {"182": "S"}, {"182": "S"}, {"182": "S"}, {"182": "S"}, {"182": "S"}, {"182": "S"}, {"182": "S"}, {"182": "S"}, {"182": "S"}, {"182": "W"}, {"182": "S"}, {"182": "S"}, {"182": "S"}, {"182": "S"}, {"182": "S"}, {"182": "S"}, {"182": "W"}, {"182": "W"}, {"128": "N"}, {"128": "E"}, {"128": "E"}, {"128": "N"}, {"128": "E"}, {"128": "E"}, {"128": "E"}, {"128": "E"}, {"128": "E"}, {"128": "E"}, {"128": "E"}, {"128": "E"}, {"128": "E"}, {"128": "E"}, {"128": "E"}, {"128": "S"}, {"106": "S"}, {"106": "E"}, {"106": "E"}, {"106": "E"}, {"106": "E"}, {"106": "E"}, {"106": "E"}, {"106": "N"}, {"106": "N"}, {"106": "N"}, {"106": "N"}, {"106": "N"}, {"106": "N"}, {"106": "N"}, {"106": "N"}, {"106": "N"}, {"68": "S"}, {"68": "W"}, {"68": "W"}, {"68": "W"}, {"68": "W"}, {"68": "W"}, {"68": "W"}, {"68": "W"}, {"68": "S"}, {"68": "S"}, {"68": "S"}, {"68": "W"}, {"68": "S"}, {"68": "W"}, {"68": "W"}, {"68": "W"}, {"68": "W"}, {"68": "W"}, {"68": "W"}, {"68": "W"}, {"68": "W"}, {"68": "W"}, {"68": "W"}, {"68": "W"}, {"68": "N"}, {"68": "N"}, {"68": "N"}, {"68": "N"}, {"68": "N"}, {"68": "N"}, {"68": "N"}, {"68": "N"}, {"68": "N"}, {"68": "N"}, {"68": "N"}, {"51": "E"}, {"51": "S"}, {"51": "S"}, {"51": "S"}, {"51": "S"}, {"51": "S"}, {"51": "W"}, {"51": "W"}, {"51": "W"}, {"51": "W"}, {"51": "W"}, {"51": "W"}, {"51": "W"}, {"51": "W"}, {"51": "W"}, {"51": "W"}, {"51": "W"}, {"51": "W"}, {"51": "S"}, {"51": "S"}, {"51": "S"}, {"51": "S"}, {"51": "E"}, {"51": "S"}, {"51": "S"}, {"51": "E"}, {"51": "S"}, {"51": "E"}, {"51": "E"}, {"51": "E"}, {"51": "S"}, {"51": "S"}, {"51": "E"}, {"51": "E"}, {"51": "S"}, {"28": "N"}, {"28": "E"}, {"28": "E"}, {"28": "E"}, {"28": "E"}, {"28": "E"}, {"28": "E"}, {"28": "E"}, {"28": "E"}, {"28": "E"}, {"28": "E"}, {"28": "E"}, {"28": "E"}, {"28": "E"}, {"28": "E"}, {"28": "E"}, {"28": "S"}, {"20": "W"}, {"20": "S"}, {"20": "S"}, {"20": "S"}, {"20": "S"}, {"20": "S"}, {"20": "S"}, {"20": "W"}, {"20": "W"}, {"20": "W"}, {"20": "W"}, {"20": "W"}, {"20": "W"}, {"20": "S"}, {"20": "S"}, {"20": "S"}, {"20": "S"}, {"20": "E"}, {"20": "S"}, {"20": "S"}, {"20": "E"}, {"20": "S"}, {"20": "E"}, {"20": "E"}, {"20": "S"}, {"20": "S"}, {"20": "E"}, {"20": "E"}, {"13": "W"}, {"13": "W"}, {"13": "N"}, {"13": "N"}, {"13": "N"}, {"13": "E"}, {"13": "N"}, {"13": "N"}, {"13": "N"}, {"13": "N"}, {"13": "N"}, {"13": "N"}, {"13": "N"}, {"13": "N"}, {"13": "N"}, {"13": "N"}, {"13": "N"}, {"13": "N"}, {"13": "N"}, {"13": "N"}, {"175": "N"}, {"175": "W"}, {"175": "W"}, {"175": "W"}, {"175": "W"}, {"175": "W"}, {"175": "S"}, {"175": "S"}, {"175": "S"}, {"175": "W"}, {"175": "S"}, {"175": "S"}, {"175": "S"}, {"175": "S"}, {"175": "S"}, {"175": "S"}, {"175": "W"}, {"175": "S"}, {"175": "W"}, {"175": "W"}, {"175": "W"}, {"175": "N"}, {"175": "N"}, {"140": "S"}, {"140": "W"}, {"140": "W"}, {"140": "W"}, {"140": "W"}, {"140": "W"}, {"140": "W"}, {"140": "S"}, {"140": "W"}, {"140": "W"}, {"140": "W"}, {"140": "W"}, {"140": "W"}, {"140": "W"}, {"140": "W"}, {"140": "W"}, {"140": "W"}, {"140": "W"}, {"140": "N"}, {"140": "N"}, {"140": "N"}, {"140": "N"}, {"140": "N"}, {"140": "N"}, {"140": "N"}, {"140": "N"}, {"140": "N"}, {"107": "S"}, {"107": "W"}, {"107": "W"}, {"107": "W"}, {"107": "W"}, {"107": "W"}, {"107": "S"}, {"107": "S"}, {"107": "S"}, {"107": "W"}, {"107": "S"}, {"107": "S"}, {"107": "S"}, {"107": "S"}, {"107": "S"}, {"107": "S"}, {"107": "W"}, {"107": "S"}, {"107": "W"}, {"107": "W"}, {"107": "W"}, {"107": "W"}, {"107": "W"}, {"107": "W"}, {"107": "W"}, {"107": "W"}, {"107": "W"}, {"107": "N"}, {"107": "N"}, {"107": "N"}, {"107": "N"}, {"107": "N"}, {"107": "N"}, {"107": "N"}, {"107": "N"}, {"92": "W"}, {"92": "W"}, {"92": "W"}, {"92": "W"}, {"92": "W"}, {"92": "S"}, {"92": "S"}, {"92": "S"}, {"92": "S"}, {"92": "S"}, {"92": "S"}, {"92": "S"}, {"92": "S"}, {"92": "S"}, {"92": "S"}, {"92": "S"}, {"92": "E"}, {"92": "S"}, {"92": "S"}, {"92": "E"}, {"92": "S"}, {"92": "E"}, {"92": "S"}, {"92": "S"}, {"92": "E"}, {"92": "S"}, {"92": "E"}, {"92": "E"}, {"92": "S"}, {"92": "E"}, {"92": "E"}, {"92": "E"}, {"92": "S"}, {"92": "E"}, {"92": "S"}, {"92": "S"}, {"87": "N"}, {"87": "W"}, {"87": "W"}, {"87": "W"}, {"87": "W"}, {"87": "W"}, {"87": "S"}, {"87": "S"}, {"87": "S"}, {"87": "W"}, {"87": "S"}, {"87": "W"}, {"87": "W"}, {"87": "W"}, {"87": "W"}, {"87": "W"}, {"87": "W"}, {"87": "W"}, {"87": "W"}, {"87": "W"}, {"87": "W"}, {"87": "W"}, {"87": "W"}, {"87": "N"}, {"87": "N"}, {"87": "N"}, {"87": "N"}, {"87": "N"}, {"87": "N"}, {"87": "N"}, {"87": "N"}, {"87": "N"}, {"87": "N"}, {"87": "N"}, {"58": "E"}, {"58": "S"}, {"58": "S"}, {"58": "S"}, {"58": "W"}, {"58": "W"}, {"58": "W"}, {"58": "S"}, {"58": "S"}, {"58": "S"}, {"58": "S"}, {"58": "E"}, {"58": "S"}, {"58": "S"}, {"58": "S"}, {"58": "E"}, {"58": "E"}, {"43": "N"}, {"43": "W"}, {"43": "W"}, {"43": "W"}, {"43": "W"}, {"43": "W"}, {"43": "W"}, {"43": "W"}, {"43": "W"}, {"43": "S"}, {"43": "S"}, {"43": "S"}, {"43": "S"}, {"43": "S"}, {"43": "S"}, {"43": "W"}, {"43": "S"}, {"43": "W"}, {"43": "W"}, {"43": "W"}, {"43": "W"}, {"43": "W"}, {"43": "W"}, {"43": "W"}, {"43": "N"}, {"43": "N"}, {"43": "N"}, {"43": "N"}, {"43": "N"}, {"43": "N"}, {"12": "N"}, {"12": "E"}, {"12": "E"}, {"12": "E"}, {"12": "E"}, {"12": "N"}, {"12": "N"}, {"12": "N"}, {"9": "E"}, {"9": "S"}, {"9": "S"}, {"9": "S"}, {"9": "W"}, {"9": "W"}, {"9": "W"}, {"9": "W"}, {"9": "W"}, {"9": "W"}, {"9": "S"}, {"9": "S"}, {"9": "S"}, {"9": "S"}, {"9": "E"}, {"9": "S"}, {"5": "W"}, {"5": "S"}, {"5": "S"}, {"5": "S"}, {"5": "W"}, {"5": "W"}, {"5": "W"}, {"5": "W"}, {"5": "W"}, {"5": "W"}, {"5": "W"}, {"5": "W"}, {"5": "W"}, {"5": "W"}, {"5": "W"}, {"5": "W"}, {"5": "S"}, {"5": "S"}, {"5": "S"}, {"5": "S"}, {"5": "S"}, {"5": "S"}, {"5": "E"}, {"5": "S"}, {"5": "E"}, {"5": "S"}, {"5": "E"}, {"5": "S"}, {"5": "E"}, {"5": "S"}, {"5": "E"}, {"5": "E"}, {"0": "W"}, {"0": "S"}, {"0": "S"}, {"0": "S"}, {"0": "S"}, {"0": "S"}, {"0": "W"}, {"0": "S"}, {"0": "S"}, {"0": "S"}, {"0": "S"}, {"0": "S"}, {"0": "S"}, {"0": "W"}, {"0": "S"}, {"0": "W"}, {"199": "W"}, {"199": "S"}, {"199": "S"}, {"199": "S"}, {"199": "E"}, {"199": "E"}, {"199": "E"}, {"199": "E"}, {"199": "E"}, {"199": "E"}, {"199": "E"}, {"199": "E"}, {"199": "E"}, {"199": "E"}, {"199": "S"}, {"199": "S"}, {"199": "S"}, {"199": "S"}, {"199": "S"}, {"199": "S"}, {"199": "S"}, {"199": "S"}, {"199": "S"}, {"199": "S"}, {"199": "W"}, {"199": "S"}, {"199": "S"}, {"199": "S"}, {"199": "S"}, {"199": "S"}, {"199": "S"}, {"199": "W"}, {"199": "S"}, {"199": "S"}, {"199": "W"}, {"199": "W"}, {"199": "N"}, {"196": "N"}, {"196": "W"}, {"196": "W"}, {"196": "W"}, {"196": "W"}, {"196": "W"}, {"196": "W"}, {"196": "S"}, {"196": "S"}, {"196": "S"}, {"196": "W"}, {"196": "S"}, {"196": "S"}, {"196": "W"}, {"191": "N"}, {"191": "N"}, {"191": "W"}, {"191": "W"}, {"191": "W"}, {"191": "W"}, {"191": "W"}, {"191": "W"}, {"191": "N"}, {"191": "N"}, {"191": "W"}, {"191": "N"}, {"191": "N"}, {"191": "W"}, {"191": "W"}, {"191": "W"}, {"191": "W"}, {"191": "W"}, {"191": "W"}, {"191": "W"}, {"191": "W"}, {"191": "W"}, {"191": "W"}, {"191": "W"}, {"191": "W"}, {"191": "W"}, {"191": "W"}, {"191": "W"}, {"191": "S"}, {"191": "S"}, {"191": "S"}, {"191": "S"}, {"191": "S"}, {"191": "S"}, {"191": "E"}, {"191": "S"}, {"191": "E"}, {"191": "S"}, {"191": "E"}, {"191": "S"}, {"191": "E"}, {"178": "N"}, {"178": "E"}, {"178": "E"}, {"178": "E"}, {"178": "E"}, {"178": "E"}, {"178": "E"}, {"178": "N"}, {"178": "N"}, {"178": "N"}, {"178": "N"}, {"178": "N"}, {"178": "N"}, {"178": "N"}, {"178": "N"}, {"178": "N"}, {"176": "N"}, {"176": "E"}, {"176": "E"}, {"176": "E"}, {"176": "E"}, {"176": "E"}, {"176": "E"}, {"176": "E"}, {"176": "E"}, {"176": "E"}, {"176": "S"}, {"176": "E"}, {"176": "S"}, {"176": "S"}, {"176": "E"}, {"176": "E"}, {"169": "W"}, {"169": "S"}, {"169": "S"}, {"169": "S"}, {"169": "S"}, {"169": "S"}, {"169": "S"}, {"169": "S"}, {"169": "W"}, {"169": "W"}, {"169": "W"}, {"169": "W"}, {"169": "W"}, {"169": "W"}, {"169": "S"}, {"169": "S"}, {"169": "S"}, {"169": "S"}, {"169": "S"}, {"169": "S"}, {"169": "E"}, {"169": "S"}, {"169": "E"}, {"169": "S"}, {"169": "E"}, {"169": "S"}, {"169": "S"}, {"169": "E"}, {"169": "S"}, {"169": "E"}, {"169": "E"}, {"142": "E"}, {"142": "E"}, {"142": "E"}, {"142": "N"}, {"108": "W"}, {"108": "S"}, {"108": "W"}, {"108": "W"}, {"108": "W"}, {"108": "W"}, {"108": "W"}, {"108": "W"}, {"108": "S"}, {"108": "S"}, {"108": "S"}, {"108": "S"}, {"108": "S"}, {"108": "S"}, {"108": "E"}, {"108": "S"}, {"108": "E"}, {"91": "S"}, {"91": "E"}, {"91": "E"}, {"91": "E"}, {"91": "E"}, {"91": "E"}, {"91": "E"}, {"91": "E"}, {"91": "N"}, {"91": "N"}, {"91": "N"}, {"91": "N"}, {"91": "N"}, {"64": "W"}, {"64": "W"}, {"64": "S"}, {"64": "W"}, {"64": "S"}, {"64": "S"}, {"64": "S"}, {"64": "W"}, {"64": "W"}, {"64": "W"}, {"64": "W"}, {"64": "W"}, {"64": "W"}, {"64": "W"}, {"64": "W"}, {"64": "W"}, {"64": "W"}, {"64": "W"}, {"64": "N"}, {"64": "N"}, {"64": "N"}, {"64": "N"}, {"64": "N"}, {"64": "N"}, {"64": "N"}, {"64": "N"}, {"64": "N"}, {"64": "N"}, {"64": "N"}, {"49": "N"}, {"49": "W"}, {"49": "W"}, {"49": "W"}, {"49": "W"}, {"49": "W"}, {"49": "W"}, {"49": "W"}, {"49": "W"}, {"49": "W"}, {"49": "W"}, {"49": "N"}, {"49": "N"}, {"49": "N"}, {"49": "N"}, {"49": "N"}, {"49": "N"}, {"49": "N"}, {"49": "N"}, {"49": "W"}, {"49": "N"}, {"49": "N"}, {"49": "W"}, {"49": "W"}, {"49": "W"}, {"49": "W"}, {"49": "W"}, {"49": "W"}, {"49": "W"}, {"49": "W"}, {"49": "W"}, {"49": "W"}, {"49": "W"}, {"49": "W"}, {"49": "W"}, {"49": "W"}, {"49": "W"}, {"49": "W"}, {"49": "S"}, {"49": "S"}, {"49": "S"}, {"49": "S"}, {"49": "S"}, {"49": "S"}, {"49": "E"}, {"49": "E"}, {"1": "N"}, {"1": "W"}, {"1": "W"}, {"1": "W"}, {"1": "W"}, {"1": "W"}, {"1": "W"}, {"1": "W"}, {"1": "W"}, {"1": "W"}, {"1": "W"}, {"1": "W"}, {"1": "W"}, {"1": "N"}, {"1": "N"}, {"1": "N"}, {"1": "N"}, {"1": "N"}, {"1": "N"}, {"1": "N"}, {"1": "N"}, {"1": "N"}, {"1": "N"}, {"1": "N"}, {"1": "N"}, {"1": "N"}, {"1": "N"}, {"1": "N"}, {"1": "N"}, {"1": "N"}, {"158": "S"}, {"158": "W"}, {"158": "W"}, {"158": "W"}, {"158": "W"}, {"158": "S"}, {"158": "S"}, {"158": "S"}, {"158": "W"}, {"158": "W"}, {"158": "W"}, {"158": "W"}, {"158": "W"}, {"158": "W"}, {"158": "N"}, {"158": "N"}, {"158": "N"}, {"158": "N"}, {"158": "N"}, {"149": "W"}, {"149": "N"}, {"149": "N"}, {"149": "N"}, {"149": "N"}, {"149": "N"}, {"149": "W"}, {"149": "W"}, {"149": "W"}, {"149": "W"}, {"149": "W"}, {"149": "N"}, {"149": "N"}, {"149": "N"}, {"149": "N"}, {"149": "N"}, {"149": "N"}, {"149": "N"}, {"149": "N"}, {"149": "N"}, {"149": "N"}, {"149": "N"}, {"149": "N"}, {"149": "N"}, {"149": "N"}, {"124": "S"}, {"124": "S"}, {"124": "W"}, {"124": "W"}, {"124": "W"}, {"124": "W"}, {"124": "W"}, {"124": "W"}, {"124": "W"}, {"124": "W"}, {"124": "S"}, {"124": "S"}, {"124": "S"}, {"124": "W"}, {"124": "W"}, {"124": "W"}, {"124": "W"}, {"124": "W"}, {"124": "W"}, {"124": "W"}, {"124": "W"}, {"124": "W"}, {"124": "W"}, {"124": "W"}, {"124": "N"}, {"124": "N"}, {"124": "N"}, {"124": "N"}, {"124": "N"}, {"124": "N"}, {"124": "N"}, {"124": "N"}, {"124": "N"}, {"124": "N"}, {"104": "N"}, {"104": "W"}, {"104": "W"}, {"104": "W"}, {"104": "S"}, {"104": "S"}, {"104": "S"}, {"104": "S"}, {"104": "S"}, {"104": "S"}, {"104": "W"}, {"104": "S"}, {"104": "S"}, {"104": "S"}, {"104": "W"}, {"104": "W"}, {"104": "W"}, {"104": "W"}, {"104": "W"}, {"104": "W"}, {"104": "W"}, {"104": "N"}, {"104": "N"}, {"104": "N"}, {"104": "N"}, {"104": "N"}, {"104": "N"}, {"73": "S"}, {"73": "W"}, {"73": "W"}, {"73": "W"}, {"73": "S"}, {"73": "S"}, {"73": "S"}, {"73": "W"}, {"73": "S"}, {"73": "S"}, {"73": "S"}, {"73": "S"}, {"73": "S"}, {"73": "S"}, {"73": "W"}, {"73": "S"}, {"73": "S"}, {"73": "S"}, {"73": "W"}, {"73": "W"}, {"73": "W"}, {"73": "W"}, {"73": "W"}, {"73": "W"}, {"73": "W"}, {"73": "W"}, {"73": "W"}, {"73": "N"}, {"73": "N"}, {"73": "N"}, {"73": "N"}, {"73": "N"}, {"73": "N"}, {"73": "N"}, {"73": "N"}, {"72": "S"}, {"72": "W"}, {"72": "W"}, {"72": "S"}, {"72": "W"}, {"72": "W"}, {"72": "W"}, {"72": "W"}, {"72": "W"}, {"72": "W"}, {"72": "W"}, {"72": "W"}, {"72": "S"}, {"72": "S"}, {"72": "S"}, {"72": "W"}, {"72": "W"}, {"72": "W"}, {"72": "W"}, {"72": "W"}, {"72": "W"}, {"72": "W"}, {"72": "W"}, {"72": "W"}, {"72": "W"}, {"72": "W"}, {"72": "W"}, {"72": "W"}, {"72": "W"}, {"72": "W"}, {"72": "N"}, {"72": "N"}, {"72": "N"}, {"72": "N"}, {"72": "N"}, {"72": "N"}, {"72": "N"}, {"72": "N"}, {"72": "N"}, {"72": "N"}, {"72": "N"}, {"72": "N"}, {"72": "N"}, {"72": "N"}, {"63": "E"}, {"63": "N"}, {"63": "N"}, {"63": "E"}, {"63": "N"}, {"63": "N"}, {"63": "N"}, {"63": "N"}, {"63": "N"}, {"33": "W"}, {"33": "W"}, {"33": "W"}, {"33": "W"}, {"33": "S"}, {"33": "S"}, {"33": "S"}, {"33": "S"}, {"33": "S"}, {"33": "W"}, {"33": "S"}, {"33": "S"}, {"33": "W"}, {"33": "S"}, {"33": "S"}, {"33": "S"}, {"33": "S"}, {"33": "E"}, {"33": "E"}, {"33": "S"}, {"33": "S"}, {"33": "E"}, {"33": "E"}, {"31": "W"}, {"31": "S"}, {"31": "S"}, {"31": "S"}, {"31": "S"}, {"31": "W"}, {"31": "S"}, {"31": "S"}, {"31": "S"}, {"31": "S"}, {"31": "S"}, {"31": "S"}, {"31": "W"}, {"31": "S"}, {"31": "S"}, {"31": "S"}, {"31": "W"}, {"31": "W"}, {"31": "N"}, {"30": "S"}, {"30": "W"}, {"30": "S"}, {"30": "W"}, {"30": "W"}, {"30": "W"}, {"30": "W"}, {"30": "W"}, {"30": "W"}, {"30": "W"}, {"30": "W"}, {"30": "S"}, {"30": "S"}, {"30": "S"}, {"30": "W"}, {"30": "W"}, {"30": "W"}, {"30": "W"}, {"30": "W"}, {"30": "W"}, {"30": "W"}, {"30": "W"}, {"30": "W"}, {"30": "W"}, {"30": "W"}, {"30": "W"}, {"30": "W"}, {"30": "W"}, {"30": "N"}, {"30": "N"}, {"30": "N"}, {"30": "N"}, {"30": "N"}, {"30": "N"}, {"30": "N"}, {"30": "N"}, {"30": "N"}, {"30": "N"}, {"30": "N"}, {"30": "N"}, {"30": "N"}, {"198": "S"}, {"198": "E"}, {"198": "E"}, {"198": "E"}, {"198": "E"}, {"198": "E"}, {"198": "E"}, {"198": "E"}, {"198": "E"}, {"198": "E"}, {"198": "E"}, {"198": "S"}, {"198": "E"}, {"135": "S"}, {"135": "E"}, {"135": "E"}, {"135": "E"}, {"135": "E"}, {"135": "E"}, {"135": "E"}, {"135": "N"}, {"135": "N"}, {"135": "N"}, {"135": "N"}, {"135": "N"}, {"135": "N"}, {"135": "N"}, {"135": "N"}, {"135": "N"}, {"130": "E"}, {"130": "S"}, {"130": "S"}, {"130": "S"}, {"130": "S"}, {"130": "W"}, {"130": "W"}, {"130": "W"}, {"130": "W"}, {"130": "W"}, {"130": "W"}, {"130": "W"}, {"130": "S"}, {"130": "S"}, {"130": "W"}, {"130": "S"}, {"130": "S"}, {"130": "S"}, {"130": "S"}, {"130": "E"}, {"130": "S"}, {"130": "E"}, {"130": "S"}, {"130": "S"}, {"130": "E"}, {"130": "E"}, {"130": "S"}, {"130": "E"}, {"130": "E"}, {"130": "S"}, {"130": "S"}, {"130": "E"}, {"115": "N"}, {"115": "W"}, {"115": "W"}, {"115": "W"}, {"115": "W"}, {"115": "W"}, {"115": "N"}, {"115": "N"}, {"115": "N"}, {"115": "N"}, {"115": "N"}, {"115": "N"}, {"115": "N"}, {"115": "N"}, {"115": "N"}, {"115": "N"}, {"115": "N"}, {"115": "N"}, {"115": "N"}, {"115": "N"}, {"112": "W"}, {"112": "N"}, {"112": "N"}, {"112": "N"}, {"112": "N"}, {"112": "N"}, {"112": "N"}, {"112": "N"}, {"112": "N"}, {"112": "N"}, {"112": "N"}, {"112": "W"}, {"112": "N"}, {"112": "N"}, {"112": "W"}, {"112": "W"}, {"112": "W"}, {"112": "W"}, {"112": "W"}, {"112": "W"}, {"112": "W"}, {"112": "W"}, {"112": "W"}, {"112": "W"}, {"112": "W"}, {"112": "W"}, {"112": "W"}, {"112": "W"}, {"112": "W"}, {"112": "W"}, {"112": "S"}, {"112": "S"}, {"112": "W"}, {"112": "S"}, {"112": "W"}, {"112": "W"}, {"80": "E"}, {"80": "S"}, {"80": "S"}, {"80": "S"}, {"80": "S"}, {"80": "S"}, {"80": "W"}, {"80": "W"}, {"80": "W"}, {"80": "W"}, {"80": "W"}, {"80": "W"}, {"80": "W"}, {"80": "S"}, {"80": "S"}, {"80": "W"}, {"80": "S"}, {"80": "S"}, {"80": "S"}, {"80": "S"}, {"80": "E"}, {"80": "S"}, {"80": "S"}, {"80": "E"}, {"80": "S"}, {"80": "E"}, {"80": "E"}, {"80": "S"}, {"80": "E"}, {"80": "E"}, {"80": "S"}, {"80": "S"}, {"80": "S"}, {"80": "E"}, {"80": "E"}, {"79": "N"}, {"79": "N"}, {"79": "W"}, {"79": "W"}, {"79": "W"}, {"79": "W"}, {"79": "W"}, {"79": "W"}, {"79": "W"}, {"79": "W"}, {"79": "W"}, {"79": "W"}, {"79": "W"}, {"79": "N"}, {"79": "N"}, {"79": "N"}, {"79": "N"}, {"79": "N"}, {"79": "W"}, {"79": "N"}, {"79": "N"}, {"79": "W"}, {"79": "W"}, {"79": "W"}, {"79": "W"}, {"79": "W"}, {"79": "W"}, {"79": "W"}, {"79": "W"}, {"79": "W"}, {"79": "W"}, {"79": "W"}, {"79": "W"}, {"79": "W"}, {"79": "W"}, {"79": "W"}, {"79": "W"}, {"79": "S"}, {"79": "S"}, {"79": "W"}, {"79": "S"}, {"79": "S"}, {"79": "S"}, {"79": "S"}, {"79": "E"}, {"52": "S"}, {"52": "E"}, {"52": "E"}, {"52": "E"}, {"52": "E"}, {"52": "E"}, {"52": "E"}, {"52": "E"}, {"52": "E"}, {"52": "E"}, {"52": "E"}, {"52": "E"}, {"52": "N"}, {"52": "N"}, {"52": "N"}, {"3": "E"}, {"3": "E"}, {"3": "E"}, {"3": "E"}, {"3": "S"}, {"3": "S"}, {"3": "E"}, {"3": "S"}, {"3": "E"}, {"3": "S"}, {"3": "E"}, {"3": "E"}, {"3": "S"}, {"3": "S"}, {"3": "E"}, {"3": "E"}, {"181": "E"}, {"181": "E"}, {"181": "E"}, {"181": "E"}, {"181": "E"}, {"181": "E"}, {"181": "E"}, {"181": "E"}, {"181": "N"}, {"181": "N"}, {"122": "W"}, {"122": "W"}, {"122": "S"}, {"122": "S"}, {"122": "S"}, {"122": "S"}, {"122": "W"}, {"122": "S"}, {"122": "S"}, {"122": "W"}, {"122": "S"}, {"122": "S"}, {"122": "S"}, {"122": "S"}, {"122": "S"}, {"122": "E"}, {"119": "S"}, {"119": "W"}, {"119": "W"}, {"119": "W"}, {"119": "W"}, {"119": "W"}, {"119": "W"}, {"119": "W"}, {"119": "S"}, {"119": "S"}, {"119": "S"}, {"119": "S"}, {"119": "S"}, {"119": "S"}, {"119": "W"}, {"119": "S"}, {"119": "S"}, {"119": "S"}, {"119": "W"}, {"119": "W"}, {"119": "W"}, {"119": "W"}, {"119": "W"}, {"119": "W"}, {"119": "W"}, {"119": "W"}, {"119": "W"}, {"119": "W"}, {"119": "W"}, {"119": "N"}, {"119": "N"}, {"119": "N"}, {"119": "N"}, {"119": "N"}, {"119": "N"}, {"119": "N"}, {"119": "N"}, {"98": "N"}, {"98": "E"}, {"98": "E"}, {"98": "E"}, {"98": "E"}, {"98": "S"}, {"98": "E"}, {"98": "E"}, {"98": "S"}, {"70": "E"}, {"70": "N"}, {"70": "N"}, {"70": "W"}, {"70": "W"}, {"70": "W"}, {"70": "W"}, {"70": "W"}, {"70": "W"}, {"70": "N"}, {"70": "N"}, {"70": "N"}, {"70": "N"}, {"70": "N"}, {"70": "N"}, {"70": "N"}, {"70": "N"}, {"70": "N"}, {"70": "N"}, {"70": "N"}, {"70": "N"}, {"70": "N"}, {"35": "W"}, {"35": "S"}, {"35": "S"}, {"35": "S"}, {"35": "S"}, {"35": "S"}, {"35": "W"}, {"35": "W"}, {"35": "W"}, {"35": "W"}, {"35": "W"}, {"35": "W"}, {"35": "W"}, {"35": "W"}, {"35": "W"}, {"35": "W"}, {"35": "W"}, {"35": "S"}, {"35": "S"}, {"35": "S"}, {"35": "S"}, {"35": "E"}, {"18": "S"}, {"18": "W"}, {"18": "W"}, {"18": "W"}, {"18": "W"}, {"18": "W"}, {"18": "W"}, {"18": "W"}, {"18": "W"}, {"18": "N"}, {"18": "N"}, {"18": "N"}, {"18": "N"}, {"18": "N"}, {"18": "N"}, {"18": "N"}, {"18": "N"}, {"18": "W"}, {"18": "N"}, {"18": "N"}, {"18": "W"}, {"18": "W"}, {"18": "W"}, {"18": "W"}, {"18": "W"}, {"18": "W"}, {"18": "W"}, {"18": "W"}, {"18": "W"}, {"18": "W"}, {"18": "W"}, {"18": "W"}, {"18": "W"}, {"18": "W"}, {"18": "W"}, {"18": "W"}, {"18": "S"}, {"18": "S"}, {"18": "W"}, {"18": "S"}, {"18": "S"}, {"18": "S"}, {"18": "W"}, {"187": "S"}, {"187": "W"}, {"187": "W"}, {"187": "W"}, {"187": "W"}, {"187": "W"}, {"187": "W"}, {"187": "W"}, {"187": "W"}, {"187": "S"}, {"187": "S"}, {"187": "S"}, {"187": "S"}, {"187": "S"}, {"187": "S"}, {"187": "W"}, {"187": "S"}, {"187": "S"}, {"187": "S"}, {"187": "W"}, {"187": "W"}, {"187": "W"}, {"187": "W"}, {"187": "W"}, {"187": "W"}, {"187": "W"}, {"187": "N"}, {"187": "N"}, {"187": "N"}, {"172": "W"}, {"172": "W"}, {"172": "W"}, {"172": "W"}, {"172": "W"}, {"172": "W"}, {"172": "W"}, {"172": "W"}, {"172": "W"}, {"172": "W"}, {"172": "S"}, {"172": "S"}, {"172": "S"}, {"172": "S"}, {"172": "S"}, {"172": "S"}, {"172": "S"}, {"172": "S"}, {"172": "S"}, {"172": "S"}, {"172": "S"}, {"172": "S"}, {"172": "S"}, {"172": "E"}, {"172": "S"}, {"172": "E"}, {"172": "S"}, {"172": "E"}, {"172": "S"}, {"172": "E"}, {"172": "S"}, {"172": "E"}, {"159": "N"}, {"159": "E"}, {"159": "E"}, {"159": "E"}, {"159": "N"}, {"159": "N"}, {"159": "N"}, {"159": "N"}, {"159": "N"}, {"132": "E"}, {"132": "S"}, {"132": "S"}, {"132": "W"}, {"132": "W"}, {"132": "W"}, {"132": "W"}, {"132": "W"}, {"132": "W"}, {"132": "W"}, {"132": "W"}, {"132": "W"}, {"132": "W"}, {"132": "W"}, {"132": "W"}, {"132": "W"}, {"132": "W"}, {"132": "S"}, {"132": "S"}, {"132": "S"}, {"132": "S"}, {"132": "S"}, {"132": "S"}, {"132": "E"}, {"132": "E"}, {"132": "S"}, {"132": "E"}, {"132": "S"}, {"132": "E"}, {"132": "S"}, {"132": "S"}, {"132": "E"}, {"132": "E"}, {"132": "S"}, {"132": "E"}, {"132": "S"}, {"132": "E"}, {"103": "E"}, {"103": "S"}, {"103": "S"}, {"103": "S"}, {"103": "S"}, {"103": "E"}, {"103": "E"}, {"39": "S"}, {"39": "E"}, {"39": "E"}, {"39": "E"}, {"39": "E"}, {"39": "E"}, {"39": "E"}, {"39": "N"}, {"39": "N"}, {"39": "N"}, {"39": "N"}, {"39": "N"}, {"10": "S"}, {"10": "W"}, {"10": "W"}, {"10": "W"}, {"10": "W"}, {"10": "W"}, {"10": "W"}, {"10": "W"}, {"10": "W"}, {"10": "W"}, {"10": "W"}, {"10": "S"}, {"10": "S"}, {"10": "S"}, {"10": "W"}, {"10": "S"}, {"10": "S"}, {"10": "S"}, {"10": "S"}, {"10": "S"}, {"10": "S"}, {"10": "W"}, {"10": "S"}, {"10": "S"}, {"10": "S"}, {"10": "W"}, {"10": "W"}, {"10": "W"}, {"10": "W"}, {"10": "W"}, {"10": "N"}, {"170": "E"}, {"170": "S"}, {"170": "S"}, {"170": "S"}, {"170": "S"}, {"170": "S"}, {"170": "S"}, {"170": "W"}, {"170": "W"}, {"170": "W"}, {"170": "W"}, {"170": "W"}, {"170": "W"}, {"170": "W"}, {"170": "W"}, {"170": "W"}, {"170": "W"}, {"170": "W"}, {"170": "W"}, {"170": "W"}, {"170": "W"}, {"170": "S"}, {"170": "S"}, {"170": "S"}, {"170": "S"}, {"170": "S"}, {"170": "S"}, {"170": "E"}, {"170": "S"}, {"170": "E"}, {"170": "E"}, {"170": "S"}, {"170": "S"}, {"170": "E"}, {"170": "S"}, {"170": "E"}, {"170": "E"}, {"170": "S"}, {"170": "E"}, {"170": "S"}, {"170": "S"}, {"170": "E"}, {"170": "E"}, {"170": "S"}, {"161": "N"}, {"161": "E"}, {"161": "E"}, {"161": "E"}, {"161": "E"}, {"161": "E"}, {"161": "E"}, {"161": "E"}, {"161": "S"}, {"155": "S"}, {"155": "W"}, {"155": "W"}, {"155": "W"}, {"155": "W"}, {"155": "W"}, {"155": "W"}, {"155": "W"}, {"155": "S"}, {"155": "S"}, {"155": "S"}, {"155": "S"}, {"155": "S"}, {"155": "S"}, {"155": "E"}, {"155": "S"}, {"155": "E"}, {"150": "W"}, {"150": "W"}, {"150": "N"}, {"150": "N"}, {"150": "N"}, {"150": "N"}, {"150": "N"}, {"150": "W"}, {"150": "N"}, {"150": "N"}, {"150": "N"}, {"150": "N"}, {"150": "N"}, {"150": "N"}, {"150": "N"}, {"150": "N"}, {"150": "N"}, {"146": "W"}, {"146": "N"}, {"146": "W"}, {"146": "W"}, {"146": "W"}, {"146": "N"}, {"146": "N"}, {"146": "N"}, {"146": "N"}, {"146": "N"}, {"146": "N"}, {"146": "N"}, {"146": "N"}, {"89": "N"}, {"89": "E"}, {"89": "E"}, {"89": "E"}, {"89": "E"}, {"89": "E"}, {"89": "E"}, {"89": "E"}, {"89": "S"}, {"89": "E"}, {"89": "S"}, {"89": "E"}, {"89": "E"}, {"62": "W"}, {"62": "W"}, {"62": "W"}, {"62": "W"}, {"62": "W"}, {"62": "W"}, {"62": "W"}, {"62": "W"}, {"62": "W"}, {"62": "W"}, {"62": "S"}, {"62": "S"}, {"62": "S"}, {"62": "S"}, {"62": "S"}, {"62": "S"}, {"62": "S"}, {"62": "S"}, {"62": "S"}, {"62": "S"}, {"62": "S"}, {"62": "S"}, {"62": "S"}, {"62": "S"}, {"62": "S"}, {"62": "E"}, {"40": "W"}, {"40": "S"}, {"40": "W"}, {"40": "S"}, {"40": "S"}, {"40": "S"}, {"40": "S"}, {"40": "S"}, {"40": "S"}, {"40": "W"}, {"40": "S"}, {"40": "S"}, {"40": "S"}, {"40": "W"}, {"40": "W"}, {"40": "W"}, {"40": "W"}, {"40": "S"}, {"6": "W"}, {"6": "S"}, {"6": "S"}, {"6": "S"}, {"6": "S"}, {"6": "S"}, {"6": "S"}, {"6": "W"}, {"6": "W"}, {"6": "W"}, {"6": "W"}, {"6": "W"}, {"6": "W"}, {"6": "W"}, {"6": "W"}, {"6": "W"}, {"6": "W"}, {"6": "W"}, {"6": "W"}, {"6": "W"}, {"6": "W"}, {"6": "S"}, {"6": "S"}, {"6": "S"}, {"6": "S"}, {"6": "S"}, {"6": "S"}, {"6": "S"}, {"6": "E"}, {"6": "S"}, {"6": "E"}, {"6": "S"}, {"6": "E"}, {"6": "S"}, {"6": "E"}, {"6": "E"}, {"6": "E"}, {"6": "S"}, {"186": "N"}, {"186": "E"}, {"186": "E"}, {"186": "E"}, {"186": "E"}, {"186": "E"}, {"186": "N"}, {"186": "N"}, {"55": "N"}, {"55": "W"}, {"55": "W"}, {"55": "W"}, {"55": "W"}, {"55": "W"}, {"55": "W"}, {"55": "W"}, {"55": "W"}, {"55": "W"}, {"55": "S"}, {"55": "S"}, {"55": "S"}, {"55": "W"}, {"55": "S"}, {"55": "S"}, {"55": "S"}, {"55": "S"}, {"55": "S"}, {"55": "S"}, {"55": "W"}, {"55": "S"}, {"55": "S"}, {"55": "S"}, {"55": "W"}, {"55": "W"}, {"55": "W"}, {"55": "W"}, {"55": "W"}, {"55": "W"}, {"55": "W"}, {"55": "W"}, {"55": "W"}, {"55": "W"}, {"55": "W"}, {"55": "W"}, {"55": "W"}, {"55": "W"}, {"55": "W"}, {"55": "N"}, {"55": "N"}, {"55": "N"}, {"55": "N"}, {"55": "N"}, {"55": "N"}, {"55": "N"}, {"55": "N"}, {"55": "N"}, {"45": "W"}, {"45": "W"}, {"45": "W"}, {"45": "W"}, {"45": "W"}, {"45": "W"}, {"45": "S"}, {"45": "S"}, {"45": "S"}, {"45": "S"}, {"45": "S"}, {"45": "S"}, {"45": "S"}, {"45": "S"}, {"45": "S"}, {"45": "E"}, {"23": "S"}, {"23": "W"}, {"23": "W"}, {"23": "W"}, {"23": "W"}, {"23": "W"}, {"23": "W"}, {"23": "W"}, {"23": "W"}, {"23": "S"}, {"23": "S"}, {"23": "S"}, {"23": "W"}, {"23": "S"}, {"23": "S"}, {"23": "S"}, {"23": "S"}, {"23": "S"}, {"23": "S"}, {"23": "W"}, {"23": "S"}, {"23": "S"}, {"23": "S"}, {"23": "W"}, {"23": "W"}, {"23": "W"}, {"23": "W"}, {"23": "W"}, {"23": "W"}, {"141": "S"}, {"141": "W"}, {"141": "W"}, {"141": "W"}, {"141": "W"}, {"141": "W"}, {"141": "W"}, {"141": "W"}, {"141": "S"}, {"141": "S"}, {"141": "S"}, {"141": "W"}, {"141": "W"}, {"141": "W"}, {"141": "W"}, {"141": "W"}, {"141": "S"}, {"141": "W"}, {"139": "S"}, {"139": "W"}, {"139": "W"}, {"139": "W"}, {"139": "W"}, {"139": "W"}, {"139": "W"}, {"139": "W"}, {"139": "W"}, {"139": "W"}, {"139": "W"}, {"139": "S"}, {"139": "S"}, {"139": "S"}, {"139": "S"}, {"139": "S"}, {"139": "S"}, {"139": "S"}, {"139": "S"}, {"139": "E"}, {"126": "S"}, {"126": "W"}, {"126": "W"}, {"126": "W"}, {"126": "W"}, {"126": "S"}, {"126": "S"}, {"126": "S"}, {"126": "W"}, {"126": "S"}, {"126": "S"}, {"126": "S"}, {"126": "S"}, {"126": "S"}, {"126": "S"}, {"126": "W"}, {"126": "S"}, {"126": "S"}, {"126": "S"}, {"126": "W"}, {"126": "W"}, {"126": "W"}, {"126": "W"}, {"126": "N"}, {"126": "N"}, {"126": "W"}, {"126": "W"}, {"126": "W"}, {"126": "W"}, {"126": "S"}, {"125": "S"}, {"125": "W"}, {"125": "W"}, {"125": "W"}, {"125": "W"}, {"125": "W"}, {"125": "W"}, {"125": "W"}, {"125": "W"}, {"125": "W"}, {"125": "W"}, {"125": "W"}, {"125": "S"}, {"125": "S"}, {"125": "S"}, {"125": "S"}, {"125": "S"}, {"125": "S"}, {"125": "W"}, {"125": "S"}, {"125": "S"}, {"125": "S"}, {"125": "W"}, {"125": "W"}, {"125": "W"}, {"125": "W"}, {"125": "N"}, {"125": "N"}, {"125": "W"}, {"125": "W"}, {"125": "W"}, {"125": "W"}, {"125": "W"}, {"125": "W"}, {"125": "W"}, {"125": "W"}, {"125": "W"}, {"125": "W"}, {"125": "W"}, {"125": "N"}, {"125": "N"}, {"125": "N"}, {"125": "N"}, {"125": "N"}, {"125": "N"}, {"41": "W"}, {"41": "S"}, {"41": "W"}, {"41": "W"}, {"41": "W"}, {"41": "W"}, {"41": "W"}, {"41": "W"}, {"41": "W"}, {"41": "W"}, {"41": "S"}, {"41": "S"}, {"41": "S"}, {"41": "S"}, {"41": "S"}, {"41": "S"}, {"41": "S"}, {"41": "S"}, {"41": "S"}, {"41": "E"}, {"41": "E"}, {"85": "W"}, {"85": "W"}, {"85": "S"}, {"85": "S"}, {"85": "S"}, {"85": "S"}, {"85": "S"}, {"85": "W"}, {"85": "S"}, {"85": "S"}, {"85": "S"}, {"85": "W"}, {"85": "W"}, {"85": "W"}, {"85": "W"}, {"85": "N"}, {"85": "N"}, {"85": "W"}, {"85": "W"}, {"85": "W"}, {"85": "W"}, {"85": "W"}, {"85": "W"}, {"85": "W"}, {"85": "N"}, {"69": "E"}, {"69": "S"}, {"69": "S"}, {"69": "S"}, {"69": "S"}, {"69": "S"}, {"69": "S"}, {"69": "S"}, {"69": "S"}, {"69": "S"}, {"69": "E"}, {"46": "S"}, {"46": "W"}, {"46": "W"}, {"46": "W"}, {"46": "W"}, {"46": "W"}, {"46": "W"}, {"46": "W"}, {"46": "W"}, {"46": "W"}, {"46": "W"}, {"46": "W"}, {"46": "W"}, {"46": "W"}, {"46": "S"}, {"46": "S"}, {"46": "S"}, {"46": "S"}, {"46": "S"}, {"46": "S"}, {"46": "S"}, {"46": "S"}, {"46": "S"}, {"46": "S"}, {"46": "E"}, {"46": "E"}, {"46": "E"}, {"46": "S"}, {"46": "S"}, {"46": "E"}, {"46": "E"}, {"46": "E"}, {"46": "S"}, {"46": "S"}, {"22": "S"}, {"22": "W"}, {"22": "W"}, {"22": "W"}, {"22": "W"}, {"22": "W"}, {"22": "W"}, {"22": "W"}, {"22": "W"}, {"22": "W"}, {"22": "S"}, {"22": "S"}, {"22": "S"}, {"22": "W"}, {"22": "S"}, {"22": "S"}, {"22": "S"}, {"22": "W"}, {"22": "W"}, {"22": "W"}, {"22": "W"}, {"22": "N"}, {"22": "N"}, {"22": "W"}, {"22": "W"}, {"22": "W"}, {"22": "W"}, {"22": "W"}, {"22": "W"}, {"22": "W"}, {"22": "W"}, {"22": "W"}, {"22": "W"}, {"22": "W"}, {"22": "W"}, {"22": "W"}, {"22": "N"}, {"22": "N"}, {"22": "N"}, {"22": "N"}, {"22": "N"}, {"22": "N"}, {"22": "N"}, {"34": "N"}, {"34": "W"}, {"34": "W"}, {"34": "W"}, {"34": "W"}, {"34": "W"}, {"34": "W"}, {"34": "W"}, {"34": "W"}, {"34": "W"}, {"34": "W"}, {"34": "S"}, {"34": "S"}, {"34": "S"}, {"34": "W"}, {"34": "S"}, {"34": "S"}, {"34": "S"}, {"34": "S"}, {"34": "S"}, {"34": "S"}, {"34": "W"}, {"34": "S"}, {"34": "S"}, {"34": "S"}, {"34": "W"}, {"34": "W"}, {"34": "W"}, {"34": "W"}, {"34": "W"}, {"34": "S"}, {"34": "S"}, {"34": "W"}, {"34": "W"}, {"34": "W"}, {"34": "N"}, {"195": "W"}, {"195": "S"}, {"195": "S"}, {"195": "S"}, {"195": "S"}, {"195": "W"}, {"195": "W"}, {"195": "W"}, {"195": "W"}, {"195": "W"}, {"195": "W"}, {"195": "W"}, {"195": "W"}, {"195": "S"}, {"195": "S"}, {"195": "S"}, {"195": "S"}, {"195": "S"}, {"195": "S"}, {"195": "S"}, {"195": "S"}, {"195": "S"}, {"195": "S"}, {"195": "E"}, {"195": "S"}, {"195": "E"}, {"195": "S"}, {"117": "N"}, {"117": "W"}, {"117": "W"}, {"117": "W"}, {"117": "W"}, {"117": "W"}, {"117": "W"}, {"117": "S"}, {"117": "S"}, {"117": "S"}, {"117": "W"}, {"117": "S"}, {"117": "S"}, {"117": "S"}, {"117": "S"}, {"117": "S"}, {"117": "S"}, {"117": "W"}, {"117": "S"}, {"117": "S"}, {"117": "S"}, {"117": "W"}, {"117": "W"}, {"117": "W"}, {"117": "W"}, {"117": "W"}, {"117": "S"}, {"117": "S"}, {"117": "W"}, {"117": "W"}, {"117": "W"}, {"117": "W"}, {"117": "W"}, {"117": "N"}, {"86": "W"}, {"86": "S"}, {"86": "S"}, {"86": "S"}, {"86": "S"}, {"86": "W"}, {"86": "W"}, {"86": "W"}, {"86": "W"}, {"86": "W"}, {"86": "W"}, {"86": "W"}, {"86": "W"}, {"86": "W"}, {"86": "W"}, {"86": "W"}, {"86": "W"}, {"86": "W"}, {"86": "W"}, {"86": "S"}, {"86": "S"}, {"86": "S"}, {"86": "S"}, {"86": "S"}, {"86": "S"}, {"86": "S"}, {"86": "S"}, {"86": "S"}, {"86": "S"}, {"86": "E"}, {"86": "S"}, {"86": "S"}, {"137": "W"}, {"137": "S"}, {"137": "S"}, {"137": "W"}, {"137": "W"}, {"137": "W"}, {"137": "W"}, {"137": "W"}, {"137": "W"}, {"137": "W"}, {"137": "W"}, {"137": "W"}, {"137": "W"}, {"137": "W"}, {"137": "W"}, {"137": "W"}, {"137": "W"}, {"137": "S"}, {"137": "S"}, {"137": "S"}, {"137": "S"}, {"137": "S"}, {"137": "S"}, {"137": "S"}, {"137": "S"}, {"137": "S"}, {"137": "S"}, {"137": "E"}, {"137": "S"}, {"137": "E"}, {"137": "E"}, {"137": "S"}, {"137": "E"}, {"137": "E"}, {"137": "E"}, {"137": "S"}, {"137": "E"}, {"137": "S"}, {"137": "S"}, {"137": "S"}, {"137": "S"}, {"137": "S"}, {"137": "S"}, {"60": "S"}, {"60": "W"}, {"60": "W"}, {"60": "W"}, {"60": "W"}, {"60": "W"}, {"60": "S"}, {"60": "S"}, {"60": "S"}, {"60": "W"}, {"60": "S"}, {"60": "S"}, {"60": "S"}, {"60": "W"}, {"60": "W"}, {"60": "W"}, {"60": "W"}, {"60": "W"}, {"60": "S"}, {"60": "S"}, {"60": "W"}, {"60": "W"}, {"60": "W"}, {"60": "W"}, {"60": "W"}, {"60": "W"}, {"60": "N"}, {"17": "E"}, {"17": "E"}, {"17": "E"}, {"17": "S"}, {"17": "S"}, {"17": "S"}, {"17": "S"}, {"17": "S"}, {"17": "S"}, {"17": "S"}, {"17": "S"}, {"17": "S"}, {"17": "S"}, {"17": "S"}, {"17": "S"}, {"17": "S"}, {"17": "S"}, {"17": "W"}, {"17": "S"}, {"17": "S"}, {"17": "S"}, {"17": "S"}, {"17": "S"}, {"17": "S"}, {"17": "W"}, {"17": "S"}, {"17": "S"}, {"17": "S"}, {"17": "W"}, {"17": "W"}, {"17": "W"}, {"17": "W"}, {"17": "W"}, {"17": "S"}, {"17": "S"}, {"17": "W"}, {"17": "W"}, {"17": "W"}, {"17": "W"}, {"17": "W"}, {"17": "W"}, {"17": "W"}, {"17": "W"}, {"17": "N"}, {"17": "N"}], "result": "SUCCESS", "makespan": 4581, "sum": 6217, "algo_name": "OutAndInBFS_default"}