{"instance": "buffalo_000_25x25_20_63", "steps": [{"59": "W", "8": "W", "51": "N", "54": "W", "25": "W", "26": "W", "52": "W", "47": "S", "2": "S", "19": "W", "39": "W", "31": "S", "48": "E", "1": "E", "6": "S", "10": "S", "41": "N", "57": "W", "20": "W", "0": "S", "44": "N", "17": "W", "28": "S", "40": "N", "16": "E", "23": "E", "36": "N", "30": "S", "9": "S", "32": "N", "11": "S", "4": "S", "37": "W", "58": "S", "5": "W", "62": "E", "15": "S", "22": "W", "34": "N", "29": "S", "53": "N", "7": "N", "56": "W", "55": "W", "33": "N", "18": "N", "27": "W", "21": "S", "50": "S", "43": "S", "35": "N"}, {"59": "W", "8": "S", "51": "N", "54": "N", "25": "W", "26": "N", "52": "N", "49": "N", "13": "W", "2": "S", "19": "W", "39": "W", "31": "S", "48": "E", "1": "N", "60": "N", "6": "S", "10": "S", "41": "N", "57": "W", "20": "W", "0": "W", "44": "N", "17": "W", "24": "W", "28": "S", "40": "W", "23": "E", "38": "S", "42": "N", "30": "S", "32": "N", "4": "S", "37": "W", "58": "W", "5": "W", "62": "S", "15": "S", "22": "N", "61": "E", "45": "S", "12": "S", "29": "S", "53": "N", "7": "W", "56": "W", "55": "N", "33": "W", "18": "N", "21": "S", "50": "S", "43": "S", "35": "N"}, {"51": "N", "25": "W", "52": "N", "49": "N", "47": "E", "13": "W", "2": "S", "31": "S", "48": "E", "1": "N", "60": "N", "6": "S", "10": "S", "41": "N", "57": "W", "20": "W", "0": "S", "44": "N", "17": "W", "28": "S", "23": "E", "38": "E", "42": "W", "36": "W", "30": "S", "46": "W", "32": "N", "4": "E", "37": "S", "58": "W", "14": "E", "5": "W", "62": "S", "15": "S", "22": "E", "61": "S", "34": "W", "45": "S", "29": "S", "3": "W", "53": "N", "7": "N", "33": "N", "18": "W", "27": "W", "21": "E", "50": "S", "43": "E", "35": "E"}, {"8": "S", "51": "E", "25": "W", "52": "N", "47": "E", "13": "W", "39": "S", "31": "W", "48": "E", "1": "N", "60": "N", "10": "S", "41": "N", "57": "W", "20": "S", "0": "S", "17": "W", "16": "S", "38": "E", "42": "W", "30": "S", "46": "S", "32": "N", "4": "E", "37": "S", "58": "W", "14": "S", "5": "W", "62": "E", "15": "S", "22": "N", "61": "S", "45": "S", "3": "W", "53": "N", "7": "N", "55": "N", "18": "W", "27": "W", "21": "E", "50": "S", "43": "E", "35": "E"}, {"8": "S", "51": "S", "25": "W", "47": "E", "13": "S", "31": "W", "48": "N", "1": "N", "10": "S", "41": "N", "57": "W", "20": "S", "0": "S", "44": "E", "17": "W", "28": "S", "16": "S", "23": "S", "38": "E", "42": "W", "30": "S", "46": "S", "9": "N", "32": "E", "11": "E", "37": "W", "5": "W", "15": "S", "22": "N", "61": "S", "34": "N", "45": "S", "29": "S", "3": "W", "7": "N", "56": "W", "55": "N", "33": "W", "27": "W", "21": "E", "50": "S", "43": "E", "35": "E"}, {"8": "W", "49": "N", "47": "E", "19": "N", "31": "W", "48": "W", "1": "N", "10": "S", "41": "N", "57": "W", "20": "S", "0": "S", "44": "E", "17": "S", "28": "E", "40": "W", "16": "E", "38": "E", "42": "W", "36": "N", "30": "S", "46": "W", "32": "E", "11": "E", "37": "W", "5": "S", "15": "S", "22": "E", "61": "S", "34": "E", "45": "S", "12": "W", "29": "E", "3": "W", "53": "E", "56": "W", "55": "N", "33": "W", "27": "S", "21": "E", "50": "S", "43": "E", "35": "S"}, {"8": "W", "25": "N", "49": "N", "47": "E", "39": "S", "31": "W", "48": "W", "1": "N", "6": "W", "10": "S", "41": "N", "57": "W", "20": "E", "0": "S", "44": "S", "17": "S", "24": "E", "28": "E", "40": "W", "16": "E", "38": "E", "42": "W", "36": "W", "30": "S", "46": "W", "32": "E", "11": "N", "4": "N", "37": "W", "5": "W", "15": "E", "22": "E", "61": "S", "34": "S", "29": "S", "3": "W", "53": "E", "56": "W", "55": "W", "33": "W", "27": "S", "21": "E", "50": "S", "35": "E"}, {"8": "W", "51": "W", "49": "N", "47": "E", "13": "W", "39": "S", "31": "W", "48": "W", "1": "N", "6": "S", "10": "S", "41": "E", "57": "W", "20": "N", "0": "S", "44": "S", "17": "W", "24": "E", "28": "N", "40": "W", "16": "E", "23": "W", "38": "E", "42": "W", "30": "S", "46": "W", "32": "S", "11": "E", "4": "E", "37": "W", "14": "S", "5": "W", "15": "E", "22": "N", "61": "E", "34": "S", "29": "E", "3": "W", "53": "N", "7": "E", "56": "S", "55": "W", "33": "W", "18": "N", "27": "W", "21": "E", "50": "S", "43": "S", "35": "E"}, {"8": "W", "51": "W", "25": "N", "13": "W", "31": "W", "48": "W", "1": "N", "6": "S", "10": "S", "41": "N", "57": "W", "20": "E", "0": "S", "44": "E", "17": "W", "24": "N", "28": "N", "40": "W", "16": "S", "23": "N", "38": "E", "42": "W", "30": "S", "46": "S", "9": "N", "32": "E", "11": "E", "4": "S", "37": "W", "58": "E", "14": "S", "5": "W", "15": "E", "22": "E", "61": "S", "34": "E", "29": "E", "3": "W", "53": "N", "7": "N", "56": "S", "55": "W", "33": "W", "18": "N", "27": "W", "21": "E", "50": "S", "43": "S", "35": "S"}, {"8": "S", "51": "W", "54": "S", "13": "W", "31": "W", "48": "N", "1": "N", "6": "S", "10": "S", "41": "N", "57": "W", "20": "E", "0": "S", "44": "E", "17": "W", "24": "N", "28": "E", "40": "W", "16": "E", "23": "E", "38": "N", "42": "W", "36": "E", "30": "E", "46": "E", "9": "N", "32": "S", "11": "S", "4": "E", "37": "W", "58": "N", "14": "S", "5": "W", "15": "E", "22": "E", "61": "S", "34": "S", "29": "S", "3": "W", "53": "W", "7": "N", "56": "E", "55": "W", "33": "W", "18": "W", "27": "S", "21": "N", "50": "S", "43": "S", "35": "S"}, {"8": "S", "51": "W", "19": "N", "31": "W", "48": "N", "6": "S", "10": "S", "41": "E", "57": "W", "20": "E", "0": "S", "44": "E", "17": "S", "24": "N", "28": "N", "16": "S", "23": "N", "38": "E", "36": "N", "30": "E", "9": "W", "32": "E", "11": "E", "4": "E", "37": "W", "58": "W", "14": "S", "5": "N", "15": "E", "22": "E", "61": "S", "34": "S", "45": "W", "29": "S", "3": "W", "53": "N", "7": "N", "56": "S", "33": "W", "18": "W", "27": "W", "21": "E", "50": "S", "43": "S", "35": "S"}, {"8": "S", "51": "N", "54": "N", "31": "W", "48": "N", "6": "S", "10": "E", "41": "N", "57": "N", "20": "N", "0": "S", "44": "E", "17": "W", "24": "N", "28": "E", "40": "W", "16": "E", "23": "N", "38": "N", "30": "N", "46": "W", "9": "N", "32": "S", "11": "E", "4": "E", "37": "W", "14": "E", "5": "W", "22": "E", "61": "S", "34": "S", "45": "W", "29": "E", "3": "W", "53": "N", "7": "E", "56": "S", "18": "W", "27": "W", "21": "E", "50": "S", "43": "S", "35": "E"}, {"8": "S", "51": "W", "31": "N", "48": "N", "6": "S", "57": "N", "20": "N", "0": "S", "44": "E", "17": "W", "24": "E", "28": "E", "16": "E", "23": "N", "38": "N", "36": "E", "30": "N", "46": "W", "9": "N", "32": "W", "11": "S", "4": "E", "37": "W", "14": "E", "5": "W", "22": "N", "61": "S", "34": "S", "45": "S", "12": "W", "29": "E", "3": "W", "53": "N", "7": "N", "56": "S", "55": "N", "33": "W", "18": "W", "27": "W", "21": "N", "50": "E", "43": "S", "35": "E"}, {"8": "W", "51": "W", "25": "N", "19": "N", "48": "W", "6": "W", "57": "E", "20": "N", "0": "S", "44": "S", "17": "W", "24": "E", "28": "E", "16": "N", "23": "N", "38": "N", "30": "N", "46": "W", "9": "W", "32": "S", "11": "S", "4": "E", "37": "W", "14": "E", "5": "W", "22": "E", "61": "S", "34": "S", "45": "E", "12": "W", "29": "S", "3": "N", "53": "W", "7": "N", "56": "S", "55": "W", "33": "N", "18": "W", "27": "W", "21": "N", "50": "S", "43": "S", "35": "E"}, {"8": "W", "51": "W", "19": "N", "48": "N", "6": "S", "41": "E", "57": "N", "20": "E", "44": "E", "17": "W", "24": "E", "28": "E", "40": "W", "16": "E", "23": "N", "38": "N", "30": "E", "46": "W", "9": "W", "32": "S", "11": "S", "4": "N", "37": "W", "14": "S", "5": "W", "22": "E", "61": "S", "34": "S", "12": "W", "29": "S", "3": "N", "53": "W", "7": "W", "56": "S", "55": "W", "33": "N", "18": "W", "27": "W", "21": "N", "50": "E", "43": "S", "35": "E"}, {"8": "W", "51": "W", "48": "W", "6": "S", "57": "N", "20": "E", "44": "N", "17": "N", "24": "E", "28": "N", "16": "N", "38": "E", "42": "W", "30": "N", "46": "N", "9": "W", "32": "S", "11": "S", "4": "N", "37": "N", "14": "E", "5": "W", "22": "E", "61": "S", "34": "S", "45": "S", "12": "W", "29": "S", "3": "N", "53": "W", "7": "W", "56": "S", "55": "W", "33": "N", "18": "W", "27": "W", "21": "N", "50": "E", "43": "S", "35": "N"}, {"8": "W", "51": "W", "2": "S", "6": "S", "57": "N", "20": "E", "44": "E", "17": "W", "24": "E", "28": "E", "16": "E", "38": "E", "42": "W", "36": "E", "30": "E", "46": "W", "9": "W", "32": "S", "11": "S", "4": "N", "37": "N", "14": "E", "5": "W", "22": "E", "61": "S", "34": "S", "45": "S", "12": "W", "29": "S", "3": "N", "53": "N", "7": "N", "56": "S", "55": "W", "33": "N", "18": "W", "27": "W", "21": "E", "50": "S", "43": "S", "35": "E"}, {"59": "E", "8": "W", "51": "W", "2": "E", "6": "E", "20": "N", "44": "N", "17": "W", "24": "E", "28": "N", "16": "N", "38": "E", "42": "W", "30": "E", "46": "W", "9": "W", "32": "S", "11": "E", "4": "N", "37": "N", "14": "N", "5": "W", "22": "E", "61": "S", "34": "S", "45": "S", "12": "W", "29": "E", "3": "N", "53": "N", "7": "W", "56": "S", "55": "W", "33": "N", "18": "W", "27": "W", "21": "E", "50": "S", "43": "S", "35": "E"}, {"59": "E", "8": "W", "51": "W", "2": "E", "6": "E", "20": "E", "44": "N", "17": "N", "24": "E", "28": "N", "16": "N", "38": "N", "42": "W", "36": "N", "30": "N", "46": "N", "9": "W", "32": "S", "11": "S", "4": "N", "37": "N", "14": "E", "5": "W", "62": "W", "22": "E", "61": "S", "34": "S", "45": "S", "12": "N", "3": "N", "53": "W", "7": "N", "56": "S", "55": "W", "33": "N", "18": "W", "27": "W", "21": "N", "50": "S", "43": "S", "35": "E"}, {"59": "N", "8": "W", "51": "W", "2": "E", "6": "E", "57": "N", "20": "E", "44": "N", "17": "N", "28": "N", "16": "E", "38": "N", "42": "W", "36": "E", "30": "E", "46": "N", "9": "W", "32": "S", "11": "S", "4": "N", "37": "N", "58": "E", "14": "E", "5": "N", "62": "W", "22": "S", "61": "S", "34": "E", "45": "S", "12": "W", "3": "N", "53": "W", "7": "N", "56": "E", "55": "W", "33": "N", "18": "W", "27": "W", "21": "E", "50": "E", "43": "E", "35": "N"}, {"59": "N", "8": "W", "51": "W", "6": "S", "41": "S", "57": "N", "20": "E", "44": "N", "17": "N", "28": "N", "16": "E", "38": "N", "42": "S", "36": "N", "30": "E", "9": "W", "32": "S", "11": "S", "4": "E", "37": "N", "14": "N", "5": "N", "62": "W", "22": "E", "61": "S", "34": "S", "45": "S", "12": "N", "3": "N", "53": "W", "7": "W", "56": "E", "55": "W", "33": "N", "18": "W", "27": "W", "21": "E", "50": "E", "35": "E"}, {"59": "N", "8": "N", "51": "W", "6": "E", "57": "N", "20": "E", "16": "E", "42": "W", "36": "E", "30": "E", "46": "W", "9": "W", "32": "E", "11": "S", "4": "E", "37": "E", "14": "N", "5": "N", "62": "S", "22": "E", "61": "S", "34": "S", "45": "S", "12": "W", "29": "S", "53": "W", "7": "W", "56": "S", "55": "W", "33": "N", "18": "W", "27": "W", "21": "E", "50": "E", "35": "E"}, {"59": "E", "8": "N", "51": "W", "6": "E", "20": "E", "42": "W", "36": "E", "30": "N", "46": "W", "9": "W", "32": "S", "11": "S", "4": "N", "37": "N", "14": "E", "5": "N", "62": "S", "22": "E", "61": "W", "34": "E", "45": "S", "12": "N", "29": "E", "53": "N", "7": "W", "56": "E", "55": "W", "33": "N", "18": "W", "27": "W", "21": "N", "50": "E", "35": "E"}, {"59": "N", "8": "N", "51": "W", "6": "N", "41": "N", "57": "N", "20": "E", "42": "S", "36": "N", "30": "N", "46": "W", "9": "W", "32": "S", "11": "S", "4": "E", "37": "N", "14": "N", "5": "N", "62": "S", "22": "E", "61": "W", "34": "E", "45": "S", "12": "N", "29": "E", "53": "N", "7": "W", "56": "E", "55": "W", "33": "N", "18": "W", "27": "W", "21": "N", "50": "E", "43": "S", "35": "E"}, {"59": "N", "8": "N", "51": "W", "6": "N", "57": "N", "42": "W", "36": "N", "30": "E", "46": "W", "9": "W", "32": "S", "11": "S", "4": "E", "37": "N", "14": "E", "5": "N", "62": "S", "22": "S", "61": "S", "34": "E", "45": "S", "12": "N", "29": "E", "3": "W", "53": "W", "7": "N", "56": "E", "55": "W", "33": "N", "18": "W", "27": "N", "21": "N", "50": "E", "43": "E", "35": "N"}, {"59": "N", "8": "N", "51": "W", "6": "N", "57": "N", "23": "E", "36": "N", "30": "N", "46": "W", "9": "W", "32": "S", "11": "E", "4": "N", "37": "N", "58": "E", "14": "E", "5": "N", "62": "S", "15": "S", "22": "E", "34": "E", "45": "S", "12": "N", "29": "E", "3": "N", "53": "W", "7": "W", "56": "E", "55": "W", "33": "N", "18": "W", "27": "W", "21": "N", "50": "E", "43": "E", "35": "N"}, {"59": "N", "8": "W", "51": "W", "6": "W", "23": "N", "42": "W", "36": "N", "30": "N", "46": "W", "9": "W", "32": "E", "11": "S", "4": "E", "37": "W", "58": "S", "14": "N", "62": "S", "15": "S", "22": "E", "34": "E", "45": "E", "12": "N", "29": "E", "3": "N", "53": "W", "7": "W", "56": "E", "55": "W", "33": "E", "18": "W", "27": "W", "21": "E", "50": "E", "43": "E", "35": "E"}, {"59": "E", "8": "W", "51": "W", "6": "N", "23": "N", "42": "S", "36": "N", "30": "E", "46": "W", "9": "W", "32": "S", "11": "W", "4": "N", "37": "N", "58": "W", "14": "E", "62": "S", "15": "E", "22": "E", "61": "W", "34": "E", "45": "E", "12": "N", "29": "E", "3": "N", "53": "W", "7": "W", "56": "E", "55": "W", "33": "E", "18": "W", "27": "W", "21": "N", "50": "E", "43": "E", "35": "E"}, {"59": "E", "8": "N", "51": "S", "23": "W", "42": "S", "36": "N", "30": "E", "46": "W", "9": "W", "32": "S", "11": "S", "4": "N", "37": "N", "14": "E", "62": "S", "15": "E", "22": "E", "61": "W", "34": "E", "45": "E", "12": "N", "29": "E", "3": "N", "53": "W", "7": "W", "56": "E", "55": "W", "33": "N", "18": "S", "27": "W", "21": "N", "50": "E", "43": "E", "35": "E"}, {"59": "N", "8": "N", "51": "S", "57": "W", "23": "N", "42": "S", "36": "N", "30": "E", "46": "W", "9": "S", "32": "W", "11": "S", "4": "W", "37": "E", "58": "S", "14": "E", "62": "E", "15": "E", "22": "E", "61": "S", "34": "E", "45": "E", "12": "N", "29": "E", "3": "N", "53": "W", "7": "W", "56": "E", "33": "E", "27": "N", "21": "W", "50": "E", "43": "E", "35": "N"}, {"59": "E", "8": "N", "51": "S", "23": "N", "42": "S", "36": "N", "30": "N", "46": "W", "9": "S", "32": "S", "11": "S", "4": "N", "37": "N", "58": "W", "14": "E", "62": "E", "15": "E", "22": "S", "61": "W", "34": "E", "45": "E", "12": "N", "29": "E", "3": "N", "53": "W", "7": "W", "56": "E", "55": "W", "33": "N", "18": "S", "27": "N", "21": "N", "50": "E", "43": "E", "35": "E"}, {"59": "E", "8": "N", "51": "S", "23": "N", "42": "S", "36": "N", "30": "E", "9": "S", "32": "W", "11": "S", "4": "N", "37": "E", "58": "S", "14": "N", "62": "E", "15": "E", "22": "S", "61": "S", "34": "E", "45": "E", "12": "E", "29": "N", "3": "N", "53": "W", "7": "W", "56": "E", "55": "W", "33": "E", "18": "S", "27": "N", "21": "N", "50": "E", "43": "E", "35": "E"}, {"59": "E", "8": "N", "51": "S", "57": "E", "23": "N", "42": "S", "36": "N", "30": "E", "9": "S", "32": "W", "11": "W", "4": "N", "37": "E", "58": "S", "14": "N", "62": "S", "15": "S", "22": "E", "61": "S", "34": "E", "45": "E", "29": "N", "3": "E", "53": "W", "7": "W", "56": "E", "55": "W", "33": "E", "18": "S", "27": "N", "21": "N", "50": "E", "43": "E", "35": "E"}, {"59": "E", "8": "N", "51": "S", "23": "N", "42": "S", "36": "N", "30": "N", "9": "W", "32": "W", "11": "W", "4": "N", "37": "E", "58": "W", "14": "N", "62": "E", "15": "E", "22": "S", "61": "W", "34": "N", "45": "E", "29": "N", "3": "N", "53": "W", "7": "W", "56": "N", "55": "S", "33": "E", "18": "S", "27": "N", "21": "N", "50": "N", "43": "E", "35": "N"}, {"59": "E", "8": "N", "51": "S", "23": "N", "42": "S", "36": "N", "30": "N", "9": "S", "32": "W", "11": "W", "4": "N", "37": "E", "58": "W", "14": "N", "62": "E", "15": "E", "22": "S", "61": "W", "34": "N", "45": "E", "12": "N", "29": "E", "3": "W", "53": "W", "7": "N", "56": "N", "55": "S", "33": "E", "18": "S", "27": "N", "21": "N", "50": "N", "43": "E", "35": "N"}, {"59": "E", "8": "E", "51": "S", "40": "S", "23": "N", "42": "S", "36": "N", "30": "W", "9": "S", "32": "S", "11": "W", "4": "N", "37": "N", "58": "W", "14": "W", "62": "S", "15": "N", "22": "E", "61": "W", "34": "N", "45": "E", "12": "N", "29": "E", "3": "N", "53": "W", "7": "W", "56": "N", "55": "S", "33": "N", "18": "S", "27": "N", "21": "N", "50": "N", "43": "E", "35": "N"}, {"59": "E", "8": "E", "51": "S", "40": "E", "23": "N", "42": "S", "36": "N", "32": "S", "11": "W", "4": "N", "37": "E", "58": "W", "14": "N", "62": "E", "15": "N", "22": "S", "61": "W", "34": "N", "45": "E", "12": "N", "29": "N", "3": "E", "53": "W", "7": "W", "56": "N", "55": "S", "33": "E", "18": "S", "27": "N", "21": "N", "50": "N", "43": "E", "35": "N"}, {"59": "E", "51": "S", "60": "E", "40": "E", "23": "E", "42": "E", "36": "N", "32": "W", "11": "S", "4": "N", "37": "E", "58": "W", "14": "N", "62": "E", "15": "E", "22": "W", "61": "W", "34": "N", "45": "E", "12": "N", "29": "N", "53": "W", "7": "W", "56": "N", "55": "S", "33": "E", "18": "S", "27": "N", "21": "N", "50": "E", "43": "N", "35": "N"}, {"59": "E", "51": "S", "60": "N", "40": "E", "23": "N", "42": "S", "36": "N", "32": "S", "11": "S", "4": "W", "37": "E", "58": "W", "14": "N", "62": "N", "15": "E", "22": "S", "34": "N", "12": "E", "29": "E", "53": "W", "7": "W", "56": "N", "55": "S", "33": "E", "18": "S", "21": "W", "43": "E", "35": "N"}, {"59": "E", "51": "S", "60": "N", "40": "E", "23": "N", "42": "S", "36": "N", "32": "S", "11": "S", "4": "N", "37": "E", "58": "W", "14": "N", "62": "E", "15": "N", "22": "S", "61": "E", "45": "N", "12": "E", "29": "E", "53": "W", "7": "W", "56": "E", "55": "S", "33": "S", "18": "S", "27": "W", "21": "N", "43": "E", "35": "N"}, {"59": "E", "51": "S", "60": "W", "40": "E", "23": "W", "42": "E", "36": "W", "32": "S", "11": "S", "4": "N", "37": "E", "58": "W", "14": "N", "62": "E", "15": "W", "22": "S", "45": "E", "12": "N", "29": "N", "53": "S", "7": "W", "56": "N", "55": "S", "33": "E", "18": "S", "27": "N", "21": "N", "43": "E", "35": "N"}, {"59": "E", "51": "S", "60": "N", "40": "E", "42": "E", "36": "W", "4": "N", "37": "E", "58": "W", "14": "N", "62": "E", "15": "W", "22": "S", "45": "S", "12": "E", "29": "N", "53": "S", "7": "W", "56": "E", "55": "S", "33": "E", "18": "S", "27": "N", "21": "N", "35": "N"}, {"59": "E", "51": "E", "54": "E", "60": "N", "40": "E", "42": "S", "36": "N", "4": "N", "37": "E", "58": "W", "14": "N", "62": "N", "22": "S", "45": "E", "12": "E", "29": "N", "7": "W", "56": "N", "55": "S", "33": "E", "18": "S", "27": "N", "21": "N", "35": "N"}, {"59": "S", "51": "E", "2": "S", "60": "W", "41": "S", "40": "S", "36": "W", "4": "N", "37": "E", "58": "W", "14": "N", "22": "S", "12": "E", "29": "W", "7": "S", "56": "E", "55": "S", "33": "E", "18": "S", "27": "E", "21": "N", "35": "N"}, {"59": "S", "51": "E", "19": "E", "60": "W", "40": "E", "36": "W", "4": "N", "37": "E", "58": "W", "14": "W", "12": "E", "29": "N", "7": "S", "56": "E", "55": "S", "33": "E", "18": "S", "21": "N", "35": "N"}, {"59": "E", "51": "N", "54": "W", "2": "N", "60": "W", "41": "N", "40": "N", "42": "S", "36": "W", "4": "W", "37": "E", "58": "N", "14": "N", "12": "E", "29": "N", "7": "S", "56": "N", "55": "S", "33": "E", "18": "S", "21": "W", "35": "N"}, {"59": "E", "51": "N", "60": "W", "40": "N", "42": "E", "36": "W", "4": "W", "37": "E", "58": "N", "14": "N", "12": "E", "29": "N", "7": "S", "56": "N", "55": "S", "33": "E", "18": "S", "35": "W"}, {"59": "S", "51": "E", "19": "W", "60": "S", "40": "N", "42": "E", "36": "S", "4": "N", "37": "E", "58": "N", "14": "N", "12": "E", "29": "N", "7": "S", "56": "N", "55": "S", "33": "E", "18": "E", "35": "N"}, {"59": "S", "51": "E", "60": "S", "40": "N", "42": "N", "36": "S", "4": "W", "37": "E", "58": "N", "14": "N", "12": "E", "29": "N", "56": "N", "55": "S", "33": "E", "18": "E", "35": "N"}, {"59": "S", "51": "E", "40": "N", "42": "N", "36": "S", "4": "W", "37": "E", "58": "N", "14": "N", "12": "E", "29": "W", "56": "N", "55": "E", "33": "E", "18": "E", "35": "N"}, {"59": "S", "51": "E", "40": "E", "42": "N", "36": "W", "4": "S", "37": "S", "58": "N", "14": "N", "12": "E", "29": "N", "56": "N", "55": "E", "33": "S", "18": "E", "35": "N"}, {"59": "S", "51": "E", "40": "E", "42": "N", "36": "S", "4": "S", "37": "S", "58": "N", "14": "W", "12": "E", "56": "N", "55": "E", "33": "S", "35": "N"}, {"59": "S", "51": "E", "40": "E", "42": "E", "36": "S", "4": "S", "37": "E", "58": "N", "14": "W", "12": "E", "56": "N", "55": "E", "35": "N"}, {"51": "E", "40": "E", "42": "E", "36": "S", "4": "S", "37": "E", "58": "N", "14": "N", "12": "E", "56": "N", "55": "S", "35": "W"}, {"40": "E", "42": "E", "4": "S", "37": "S", "58": "N", "14": "W", "12": "E", "56": "N", "35": "N"}, {"42": "E", "4": "S", "37": "S", "58": "N", "14": "W", "12": "E", "56": "N"}, {"4": "S", "37": "S", "58": "N", "14": "W", "12": "E", "56": "W"}, {"37": "S", "14": "S", "12": "S", "56": "N"}, {"37": "S", "14": "S", "12": "S", "56": "N"}, {"37": "S", "14": "S", "12": "S"}, {"14": "W"}], "result": "SUCCESS", "makespan": 61, "sum": 1875, "algo_name": "OutAndInByPercentage_dist_from_target_BIT_", "extra": {"arrival_order": [59, 8, 51, 54, 25, 26, 52, 49, 47, 13, 2, 19, 39, 31, 48, 1, 60, 6, 10, 41, 57, 20, 0, 44, 17, 24, 28, 40, 16, 23, 38, 42, 36, 30, 46, 9, 32, 11, 4, 37, 58, 14, 5, 62, 15, 22, 61, 34, 45, 12, 29, 3, 53, 7, 56, 55, 33, 18, 27, 21, 50, 43, 35], "time_arrived": [369, 248, 190, 1349, 813, 973, 289, 1427, 91, 689, 304, 763, 1259, 182, 943, 1053, 483, 407, 1609, 201, 353, 1689, 1097, 503, 425, 147, 152, 1648, 443, 1315, 640, 224, 727, 1566, 1184, 1829, 612, 857, 524, 212, 464, 319, 569, 1779, 386, 1217, 664, 174, 236, 166, 1733, 139, 159, 1385, 142, 1527, 1474, 335, 893, 53, 265, 1137, 1009], "BIT_runs": 1, "old_makespan": 1829, "old_sum": 2203, "improved": "[8, 51, 54, 25, 26, 52, 49, 47, 13, 2, 19, 39, 31, 48, 1, 60, 6, 10, 41, 57, 20, 0, 44, 17, 24, 28, 40, 16, 23, 38, 42, 36, 30, 46, 9, 32, 11, 4, 37, 58, 14, 5, 62, 15, 22, 61, 34, 45, 12, 29, 3, 53, 7, 56, 55, 33, 18, 27, 21, 50, 43, 35],", "goal_raise_for_bs": 32}}