{"instance": "buffalo_000_25x25_20_63", "steps": [{"8": "E", "51": "N", "23": "E", "60": "N", "55": "S", "54": "W", "52": "E", "1": "N", "61": "S", "53": "E", "17": "W", "7": "W", "0": "S", "39": "W", "56": "W", "14": "E", "25": "W", "19": "W", "46": "W", "9": "S", "58": "S", "47": "S", "38": "N", "36": "N", "35": "E", "26": "W", "22": "N", "10": "E", "6": "W", "45": "W", "44": "N", "41": "N", "2": "S", "37": "W", "12": "W", "31": "W", "4": "S", "62": "E", "33": "W", "5": "W", "20": "N", "57": "W", "34": "N", "15": "S", "29": "E", "40": "N", "50": "S", "43": "S"}, {"8": "E", "59": "N", "51": "N", "32": "N", "23": "E", "60": "N", "55": "S", "54": "N", "52": "N", "1": "N", "61": "S", "53": "E", "49": "N", "42": "N", "27": "W", "17": "W", "7": "N", "0": "S", "39": "W", "56": "W", "14": "S", "25": "W", "19": "W", "18": "W", "58": "W", "48": "W", "36": "E", "35": "E", "26": "W", "22": "N", "13": "W", "10": "S", "6": "S", "45": "S", "44": "N", "41": "N", "2": "S", "37": "W", "12": "W", "30": "S", "24": "W", "31": "S", "4": "S", "62": "S", "33": "W", "16": "S", "5": "W", "20": "E", "57": "W", "34": "E", "15": "S", "40": "E", "50": "S", "43": "S"}, {"59": "N", "51": "N", "23": "E", "60": "N", "55": "S", "52": "W", "1": "N", "61": "S", "53": "N", "49": "N", "42": "W", "27": "W", "17": "W", "0": "S", "56": "W", "14": "S", "25": "W", "46": "S", "18": "N", "58": "W", "48": "N", "47": "E", "36": "E", "35": "E", "26": "N", "22": "N", "13": "W", "11": "E", "10": "S", "6": "S", "45": "S", "44": "N", "41": "N", "2": "S", "37": "S", "12": "W", "31": "W", "4": "E", "21": "E", "62": "S", "33": "W", "5": "W", "57": "W", "3": "W", "34": "S", "15": "S", "40": "N", "50": "S", "43": "S"}, {"59": "N", "51": "E", "32": "N", "23": "N", "60": "N", "55": "S", "52": "W", "1": "N", "61": "S", "53": "W", "49": "N", "42": "W", "27": "W", "17": "W", "0": "S", "39": "S", "56": "S", "14": "S", "25": "W", "46": "S", "18": "N", "9": "N", "58": "W", "47": "E", "38": "S", "36": "N", "35": "E", "26": "E", "22": "E", "13": "S", "11": "E", "10": "S", "45": "S", "44": "N", "41": "N", "37": "S", "12": "W", "30": "S", "31": "W", "4": "E", "21": "S", "62": "W", "33": "W", "16": "W", "5": "W", "20": "S", "57": "W", "3": "W", "34": "S", "15": "S", "40": "N", "50": "S", "43": "E"}, {"59": "E", "51": "S", "32": "N", "23": "N", "60": "N", "55": "S", "52": "N", "1": "N", "61": "S", "53": "W", "49": "N", "42": "W", "27": "W", "17": "W", "0": "S", "56": "S", "14": "S", "25": "W", "46": "W", "18": "W", "9": "N", "58": "N", "48": "N", "47": "E", "38": "E", "36": "N", "35": "E", "22": "E", "13": "W", "11": "E", "10": "S", "45": "S", "44": "E", "41": "N", "37": "W", "12": "W", "30": "S", "31": "W", "4": "E", "21": "E", "33": "W", "16": "N", "5": "S", "57": "W", "3": "N", "34": "S", "15": "S", "29": "E", "40": "N", "50": "S", "43": "N"}, {"59": "N", "51": "S", "32": "E", "23": "N", "55": "S", "52": "N", "1": "E", "61": "S", "53": "N", "49": "N", "42": "W", "27": "W", "7": "E", "0": "S", "56": "S", "14": "S", "19": "N", "46": "W", "18": "N", "9": "N", "48": "N", "47": "E", "38": "E", "36": "N", "35": "E", "22": "N", "11": "E", "10": "S", "6": "S", "45": "S", "41": "N", "37": "W", "12": "W", "30": "S", "31": "S", "4": "E", "21": "E", "62": "W", "33": "W", "16": "E", "5": "W", "57": "W", "3": "W", "34": "S", "15": "S", "28": "S", "29": "E", "40": "E", "50": "S", "43": "E"}, {"59": "N", "51": "W", "23": "N", "55": "S", "1": "N", "61": "S", "53": "N", "42": "W", "27": "W", "17": "S", "7": "N", "39": "S", "56": "S", "14": "E", "25": "N", "46": "W", "18": "N", "9": "W", "47": "E", "38": "E", "36": "N", "35": "E", "22": "E", "13": "W", "11": "E", "10": "E", "6": "S", "45": "S", "41": "N", "2": "N", "37": "W", "12": "W", "30": "E", "24": "E", "31": "W", "4": "N", "21": "E", "62": "S", "33": "W", "16": "E", "5": "W", "57": "W", "3": "W", "34": "S", "15": "E", "28": "E", "29": "S", "40": "E", "50": "S", "43": "E"}, {"59": "N", "51": "W", "32": "N", "23": "N", "55": "S", "1": "N", "61": "S", "53": "N", "42": "W", "27": "W", "17": "S", "7": "N", "0": "W", "39": "S", "56": "E", "14": "E", "19": "N", "46": "S", "18": "W", "9": "N", "47": "E", "36": "N", "35": "E", "22": "E", "13": "W", "11": "S", "10": "S", "6": "S", "45": "E", "41": "E", "37": "W", "30": "E", "24": "N", "31": "W", "4": "E", "21": "E", "62": "S", "33": "W", "5": "W", "20": "S", "57": "W", "3": "W", "34": "W", "15": "E", "40": "E", "50": "S", "43": "E"}, {"59": "N", "51": "W", "32": "E", "23": "N", "55": "E", "1": "N", "61": "S", "53": "W", "42": "W", "27": "W", "17": "W", "7": "N", "56": "S", "14": "S", "46": "S", "18": "W", "9": "N", "38": "S", "36": "N", "35": "E", "22": "E", "13": "W", "11": "S", "10": "S", "6": "S", "41": "N", "37": "W", "12": "W", "30": "S", "24": "E", "31": "S", "4": "E", "21": "N", "62": "S", "33": "W", "5": "W", "20": "E", "57": "W", "3": "W", "34": "S", "40": "E", "50": "S", "43": "S"}, {"59": "E", "51": "W", "32": "E", "23": "N", "60": "E", "55": "S", "54": "E", "1": "N", "61": "S", "53": "W", "42": "W", "27": "W", "17": "W", "7": "N", "56": "S", "14": "E", "46": "W", "18": "W", "9": "W", "38": "E", "36": "N", "35": "E", "22": "E", "11": "S", "10": "W", "6": "S", "44": "S", "41": "N", "37": "W", "12": "W", "30": "E", "24": "N", "31": "W", "4": "N", "21": "E", "62": "S", "33": "W", "16": "S", "5": "W", "20": "E", "57": "W", "3": "W", "34": "S", "28": "S", "50": "S", "43": "S"}, {"59": "E", "51": "N", "32": "S", "23": "N", "55": "W", "52": "E", "61": "E", "53": "N", "27": "W", "17": "W", "7": "N", "0": "S", "56": "S", "14": "E", "46": "W", "18": "W", "9": "W", "48": "E", "38": "E", "36": "E", "35": "S", "22": "N", "11": "E", "10": "S", "6": "S", "44": "S", "41": "N", "37": "W", "30": "E", "24": "N", "31": "W", "4": "N", "21": "N", "62": "S", "16": "S", "5": "N", "20": "E", "57": "W", "3": "W", "28": "E", "50": "E", "43": "S"}, {"59": "N", "51": "N", "32": "S", "23": "N", "55": "S", "61": "S", "53": "N", "27": "W", "17": "W", "7": "N", "56": "S", "14": "E", "19": "N", "46": "W", "18": "W", "9": "W", "48": "E", "38": "E", "36": "N", "35": "E", "22": "E", "11": "E", "10": "S", "6": "S", "44": "S", "41": "E", "2": "W", "37": "W", "30": "E", "24": "N", "31": "W", "4": "N", "21": "E", "62": "S", "33": "W", "16": "S", "5": "W", "20": "N", "57": "N", "3": "W", "15": "W", "28": "E", "29": "S", "50": "S", "43": "S"}, {"59": "E", "51": "W", "32": "S", "23": "N", "60": "W", "55": "S", "54": "W", "61": "W", "53": "E", "27": "W", "17": "W", "7": "N", "56": "S", "14": "N", "19": "N", "46": "W", "18": "W", "9": "W", "48": "N", "38": "N", "36": "N", "35": "E", "22": "E", "11": "S", "10": "S", "6": "S", "45": "W", "44": "S", "41": "E", "37": "W", "30": "N", "24": "E", "31": "S", "4": "N", "21": "N", "62": "S", "16": "E", "5": "W", "20": "N", "57": "W", "3": "W", "34": "E", "28": "N", "29": "S", "50": "S", "43": "S"}, {"59": "E", "51": "W", "32": "S", "23": "N", "55": "S", "52": "W", "61": "S", "53": "N", "27": "W", "17": "W", "7": "N", "0": "E", "56": "S", "14": "E", "46": "W", "18": "W", "9": "W", "48": "N", "38": "E", "36": "N", "35": "N", "22": "E", "11": "S", "10": "S", "6": "S", "44": "E", "37": "W", "30": "E", "24": "E", "4": "E", "21": "N", "62": "S", "33": "E", "16": "E", "5": "W", "20": "N", "57": "N", "3": "W", "34": "E", "28": "E", "29": "S", "50": "S", "43": "S"}, {"59": "E", "51": "W", "32": "S", "23": "N", "55": "S", "61": "S", "53": "N", "27": "W", "17": "W", "7": "N", "56": "E", "14": "E", "46": "W", "18": "W", "9": "W", "48": "N", "38": "E", "36": "N", "35": "E", "22": "E", "11": "S", "6": "S", "44": "E", "2": "E", "37": "W", "12": "W", "30": "E", "24": "E", "4": "E", "21": "N", "62": "E", "33": "E", "16": "N", "5": "W", "20": "E", "57": "N", "3": "N", "34": "E", "15": "E", "28": "N", "29": "S", "50": "E", "43": "S"}, {"59": "E", "51": "W", "32": "S", "23": "N", "55": "S", "61": "S", "53": "N", "42": "N", "27": "W", "17": "W", "7": "N", "56": "E", "14": "N", "46": "W", "18": "N", "9": "W", "48": "N", "38": "N", "36": "N", "35": "E", "22": "E", "11": "S", "6": "E", "45": "S", "44": "N", "2": "S", "37": "N", "12": "W", "24": "E", "31": "N", "4": "E", "21": "E", "62": "E", "33": "N", "16": "E", "5": "W", "20": "E", "57": "N", "3": "N", "34": "E", "15": "E", "28": "E", "29": "S", "50": "S", "43": "S"}, {"59": "E", "51": "W", "32": "E", "23": "N", "55": "S", "61": "S", "53": "N", "27": "W", "17": "W", "7": "N", "56": "E", "14": "N", "25": "S", "46": "W", "18": "N", "9": "N", "48": "N", "38": "N", "36": "N", "35": "E", "22": "E", "11": "S", "6": "E", "45": "S", "44": "E", "2": "S", "37": "N", "12": "N", "30": "E", "24": "E", "31": "N", "4": "E", "21": "E", "62": "E", "33": "N", "16": "E", "5": "W", "20": "E", "57": "N", "15": "E", "28": "E", "29": "S", "50": "S", "43": "S"}, {"8": "W", "59": "E", "51": "N", "32": "S", "23": "N", "55": "W", "61": "S", "53": "W", "27": "W", "17": "N", "7": "W", "56": "E", "14": "N", "25": "S", "46": "W", "18": "W", "9": "W", "48": "W", "38": "N", "36": "E", "35": "E", "22": "E", "11": "E", "6": "E", "45": "S", "44": "E", "2": "E", "37": "N", "12": "N", "30": "E", "24": "E", "4": "E", "21": "E", "62": "S", "33": "N", "16": "E", "5": "W", "20": "E", "57": "N", "15": "E", "28": "E", "29": "E", "50": "E", "43": "S"}, {"8": "W", "59": "E", "51": "W", "32": "S", "23": "N", "55": "W", "61": "S", "53": "W", "27": "W", "17": "N", "7": "W", "0": "W", "56": "E", "14": "E", "25": "S", "46": "W", "18": "W", "9": "N", "48": "W", "38": "E", "36": "N", "35": "N", "22": "E", "11": "S", "6": "E", "45": "S", "44": "E", "2": "E", "37": "N", "12": "N", "30": "N", "24": "E", "4": "N", "21": "E", "62": "E", "33": "N", "16": "E", "5": "W", "20": "E", "57": "N", "3": "W", "34": "S", "15": "S", "28": "E", "29": "E", "50": "E", "43": "E"}, {"8": "W", "59": "E", "51": "W", "32": "S", "23": "N", "55": "W", "61": "S", "53": "W", "27": "W", "17": "N", "7": "W", "0": "S", "56": "E", "14": "E", "25": "S", "46": "W", "18": "W", "9": "W", "58": "S", "48": "W", "38": "E", "36": "N", "35": "N", "22": "E", "11": "S", "6": "N", "45": "S", "44": "E", "2": "E", "37": "N", "12": "N", "30": "N", "4": "N", "21": "E", "62": "E", "33": "N", "16": "E", "5": "N", "20": "E", "57": "N", "3": "N", "34": "S", "15": "S", "29": "E", "50": "E", "43": "S"}, {"8": "S", "59": "E", "51": "S", "32": "S", "55": "W", "61": "S", "53": "W", "27": "W", "7": "W", "0": "S", "56": "E", "14": "E", "25": "S", "46": "W", "18": "W", "9": "W", "58": "E", "38": "E", "36": "W", "35": "E", "22": "E", "11": "S", "6": "N", "45": "S", "44": "E", "37": "N", "12": "N", "30": "E", "4": "E", "21": "N", "62": "E", "33": "N", "16": "N", "5": "N", "57": "N", "3": "E", "34": "S", "15": "E", "28": "N", "29": "S", "50": "E", "43": "E"}, {"8": "S", "59": "E", "51": "W", "32": "S", "55": "S", "61": "W", "53": "W", "27": "W", "7": "W", "0": "S", "56": "E", "14": "E", "25": "S", "46": "W", "18": "W", "9": "W", "48": "S", "38": "E", "36": "N", "35": "E", "22": "E", "11": "S", "6": "W", "45": "S", "44": "E", "37": "E", "12": "N", "30": "E", "4": "N", "21": "N", "62": "E", "33": "N", "16": "E", "5": "N", "57": "N", "3": "N", "34": "S", "15": "E", "28": "E", "29": "S", "50": "E", "43": "E"}, {"8": "S", "59": "E", "51": "W", "32": "S", "55": "S", "61": "W", "53": "N", "27": "W", "7": "N", "0": "S", "56": "E", "14": "E", "25": "S", "46": "W", "18": "W", "9": "W", "47": "S", "38": "E", "36": "N", "35": "N", "22": "E", "11": "S", "6": "N", "45": "S", "37": "N", "12": "N", "30": "E", "4": "N", "21": "E", "62": "E", "33": "N", "16": "N", "5": "N", "57": "N", "3": "N", "34": "E", "15": "E", "28": "N", "29": "S", "50": "E", "43": "E"}, {"8": "W", "59": "E", "51": "W", "32": "S", "60": "N", "55": "S", "61": "W", "42": "S", "27": "W", "7": "W", "0": "S", "56": "E", "14": "N", "25": "S", "46": "W", "18": "W", "9": "W", "58": "W", "38": "N", "36": "N", "35": "E", "22": "E", "11": "S", "45": "S", "44": "E", "37": "N", "12": "N", "30": "E", "4": "N", "21": "N", "62": "E", "33": "N", "16": "E", "5": "N", "57": "E", "3": "N", "34": "E", "15": "E", "28": "E", "29": "S", "50": "E", "43": "E"}, {"8": "W", "59": "E", "51": "W", "32": "S", "60": "W", "55": "S", "54": "E", "61": "W", "53": "N", "42": "W", "27": "W", "7": "N", "0": "S", "56": "N", "14": "N", "46": "N", "18": "S", "9": "W", "58": "S", "47": "N", "36": "N", "35": "E", "22": "S", "11": "S", "45": "E", "44": "N", "37": "N", "12": "N", "4": "N", "21": "N", "62": "S", "33": "N", "16": "E", "5": "N", "57": "E", "3": "N", "34": "E", "15": "E", "29": "S", "50": "E", "43": "S"}, {"8": "W", "59": "S", "51": "W", "32": "S", "60": "W", "55": "W", "61": "S", "53": "W", "42": "W", "27": "N", "7": "W", "56": "N", "14": "E", "25": "N", "46": "N", "18": "S", "9": "W", "58": "S", "38": "W", "36": "N", "35": "E", "22": "E", "11": "S", "45": "E", "44": "N", "37": "N", "12": "N", "4": "N", "21": "N", "62": "E", "33": "N", "16": "E", "5": "N", "3": "N", "34": "E", "15": "S", "28": "N", "29": "E", "50": "E", "43": "E"}, {"8": "W", "59": "S", "51": "W", "32": "S", "60": "W", "55": "W", "61": "S", "53": "W", "42": "W", "27": "N", "7": "W", "56": "N", "14": "N", "25": "N", "46": "N", "18": "S", "9": "W", "58": "S", "48": "S", "38": "W", "36": "N", "35": "E", "22": "S", "11": "S", "45": "E", "44": "N", "37": "N", "12": "N", "30": "E", "4": "N", "21": "N", "62": "S", "33": "N", "3": "N", "34": "S", "15": "E", "29": "E", "50": "E", "43": "E"}, {"8": "S", "59": "E", "51": "S", "32": "S", "60": "N", "55": "W", "54": "W", "61": "S", "53": "W", "42": "W", "27": "N", "7": "W", "56": "N", "14": "N", "25": "N", "46": "N", "18": "W", "9": "W", "58": "W", "36": "W", "35": "N", "22": "E", "11": "S", "45": "S", "44": "N", "37": "N", "12": "N", "30": "N", "4": "N", "21": "N", "62": "E", "33": "N", "3": "N", "34": "E", "15": "E", "29": "S", "50": "E", "43": "S"}, {"8": "S", "59": "E", "51": "W", "32": "S", "60": "W", "55": "W", "61": "S", "53": "W", "42": "W", "27": "N", "7": "W", "56": "E", "14": "N", "25": "N", "18": "S", "9": "S", "58": "W", "38": "S", "36": "W", "35": "N", "22": "E", "11": "S", "45": "E", "44": "W", "37": "N", "12": "E", "30": "N", "4": "N", "21": "N", "62": "E", "33": "N", "16": "E", "3": "N", "34": "E", "15": "S", "28": "W", "29": "E", "50": "E", "43": "E"}, {"8": "S", "59": "S", "51": "W", "32": "W", "60": "S", "55": "W", "61": "E", "53": "W", "42": "S", "27": "N", "7": "W", "56": "E", "14": "N", "25": "N", "18": "S", "9": "S", "58": "W", "38": "S", "36": "N", "35": "N", "22": "S", "11": "W", "45": "E", "37": "N", "12": "N", "30": "N", "4": "N", "21": "N", "62": "N", "33": "N", "3": "N", "34": "E", "28": "N", "29": "E", "50": "E", "43": "E"}, {"8": "S", "59": "S", "51": "S", "32": "W", "60": "S", "55": "W", "53": "W", "42": "W", "27": "N", "7": "W", "56": "E", "14": "N", "25": "N", "18": "S", "9": "S", "58": "W", "36": "W", "35": "N", "22": "E", "11": "W", "45": "E", "37": "N", "12": "N", "30": "N", "4": "N", "21": "N", "62": "N", "33": "E", "16": "E", "3": "N", "34": "S", "15": "S", "29": "E", "50": "S", "43": "E"}, {"8": "W", "59": "S", "51": "S", "32": "W", "55": "W", "61": "W", "53": "W", "42": "W", "27": "N", "7": "W", "56": "N", "14": "N", "25": "N", "18": "S", "9": "S", "58": "W", "38": "N", "36": "W", "35": "N", "22": "S", "11": "S", "45": "E", "44": "S", "37": "E", "12": "N", "30": "N", "4": "N", "21": "N", "62": "W", "57": "W", "3": "N", "34": "E", "15": "E", "29": "E", "50": "E", "43": "E"}, {"8": "W", "59": "S", "51": "S", "32": "W", "55": "W", "61": "W", "53": "W", "42": "S", "27": "N", "7": "W", "56": "N", "14": "N", "25": "N", "18": "W", "9": "S", "58": "W", "38": "N", "36": "W", "35": "N", "22": "S", "11": "W", "45": "E", "44": "E", "37": "E", "12": "E", "30": "W", "4": "W", "21": "N", "62": "N", "33": "E", "16": "W", "3": "N", "34": "E", "15": "E", "28": "E", "29": "E", "50": "E", "43": "E"}, {"8": "W", "59": "S", "51": "S", "32": "S", "55": "W", "61": "W", "53": "W", "42": "S", "27": "N", "7": "W", "56": "N", "14": "N", "25": "N", "18": "S", "9": "S", "58": "W", "38": "N", "36": "S", "35": "N", "22": "W", "11": "W", "45": "E", "44": "N", "37": "E", "12": "E", "4": "N", "21": "N", "62": "N", "33": "E", "16": "W", "34": "N", "15": "N", "29": "S", "50": "N", "43": "S"}, {"8": "W", "59": "S", "51": "W", "32": "S", "55": "W", "61": "W", "53": "W", "42": "S", "27": "N", "7": "W", "56": "N", "14": "N", "25": "N", "18": "S", "58": "W", "38": "N", "36": "S", "35": "N", "22": "S", "11": "W", "45": "E", "44": "W", "37": "E", "12": "E", "4": "N", "21": "N", "62": "N", "33": "E", "57": "E", "3": "W", "34": "N", "15": "N", "29": "E", "50": "N", "43": "E"}, {"8": "W", "51": "S", "32": "S", "55": "W", "53": "W", "42": "S", "7": "W", "56": "N", "14": "N", "18": "S", "58": "W", "38": "N", "36": "S", "35": "N", "22": "S", "11": "W", "45": "E", "37": "E", "12": "E", "4": "N", "21": "N", "62": "W", "33": "E", "3": "N", "34": "N", "15": "N", "28": "W", "29": "E", "50": "E", "43": "E"}, {"8": "W", "51": "S", "32": "S", "55": "W", "53": "W", "42": "W", "7": "W", "56": "N", "14": "N", "18": "S", "58": "W", "36": "W", "35": "N", "22": "S", "11": "S", "45": "E", "37": "N", "12": "N", "4": "N", "21": "N", "62": "S", "33": "E", "34": "N", "15": "N", "29": "N", "50": "N", "43": "N"}, {"8": "W", "51": "S", "32": "S", "55": "W", "53": "W", "42": "S", "7": "W", "56": "E", "14": "W", "18": "S", "9": "S", "58": "W", "36": "S", "35": "N", "22": "S", "11": "S", "45": "E", "37": "E", "12": "N", "4": "N", "21": "N", "62": "S", "34": "N", "15": "N", "28": "W", "29": "N", "50": "N", "43": "N"}, {"8": "W", "51": "S", "55": "W", "53": "W", "42": "S", "7": "W", "56": "N", "14": "N", "18": "S", "9": "S", "58": "W", "36": "S", "35": "N", "22": "S", "37": "E", "12": "E", "4": "N", "21": "N", "34": "N", "15": "W", "29": "N", "43": "E"}, {"8": "N", "51": "S", "55": "W", "53": "W", "42": "S", "7": "W", "56": "N", "14": "N", "18": "S", "58": "N", "48": "E", "36": "S", "35": "N", "22": "S", "45": "S", "37": "S", "12": "E", "4": "N", "21": "N", "15": "W", "29": "N", "43": "E"}, {"8": "N", "51": "S", "55": "W", "53": "W", "42": "S", "7": "W", "56": "N", "14": "N", "18": "S", "58": "N", "48": "E", "35": "W", "22": "S", "45": "E", "37": "S", "12": "S", "4": "W", "21": "N", "3": "E", "29": "N", "43": "E"}, {"8": "N", "51": "S", "55": "N", "53": "S", "42": "S", "7": "W", "56": "N", "14": "N", "18": "W", "58": "N", "48": "E", "35": "N", "22": "S", "37": "E", "12": "S", "4": "W", "21": "W", "33": "N", "29": "E"}, {"8": "N", "51": "S", "55": "N", "42": "S", "27": "W", "7": "S", "56": "N", "14": "N", "18": "W", "58": "N", "48": "E", "35": "N", "37": "E", "12": "E", "4": "W", "33": "E", "29": "N"}, {"8": "N", "51": "S", "55": "N", "42": "S", "7": "S", "56": "W", "14": "N", "18": "S", "58": "N", "35": "N", "2": "E", "37": "E", "12": "E", "4": "W", "33": "E", "29": "E"}, {"8": "W", "51": "E", "55": "N", "42": "S", "7": "S", "56": "N", "14": "W", "19": "S", "18": "S", "58": "N", "48": "W", "35": "N", "37": "E", "12": "E", "4": "S", "33": "E", "29": "N"}, {"8": "W", "51": "E", "55": "N", "42": "S", "7": "S", "56": "N", "14": "W", "19": "S", "18": "S", "58": "N", "48": "W", "35": "N", "41": "S", "37": "E", "12": "E", "4": "S", "33": "E", "29": "E"}, {"8": "N", "51": "E", "55": "N", "42": "E", "27": "E", "7": "S", "56": "N", "14": "W", "18": "S", "58": "N", "48": "W", "35": "N", "37": "E", "12": "E", "4": "S", "33": "E", "29": "E"}, {"8": "N", "51": "N", "55": "N", "42": "E", "56": "N", "14": "W", "18": "S", "58": "N", "48": "W", "35": "W", "37": "E", "12": "E", "4": "S", "33": "E", "29": "N"}, {"8": "N", "51": "N", "42": "E", "56": "E", "14": "W", "18": "E", "58": "N", "35": "N", "37": "E", "12": "E", "4": "S", "33": "E", "29": "N"}, {"8": "N", "51": "E", "42": "N", "14": "S", "19": "N", "18": "E", "58": "N", "41": "N", "37": "E", "12": "E", "4": "S", "33": "E", "29": "N"}, {"8": "N", "51": "E", "42": "N", "14": "S", "19": "N", "18": "E", "37": "E", "12": "E", "4": "S", "33": "E", "29": "W"}, {"8": "N", "51": "E", "42": "E", "14": "W", "18": "E", "2": "W", "37": "E", "12": "E", "33": "E", "29": "N", "40": "W"}, {"8": "N", "51": "E", "42": "E", "37": "S", "12": "E", "33": "E", "29": "N", "40": "S"}, {"8": "E", "51": "E", "42": "E", "37": "S", "12": "E", "33": "E", "29": "N", "40": "E"}, {"8": "E", "51": "E", "42": "E", "37": "E", "12": "S", "33": "E", "29": "N"}, {"51": "E", "42": "E", "37": "E", "12": "S", "33": "E", "29": "N"}, {"58": "N", "37": "S", "12": "E", "33": "S", "29": "W", "40": "N"}, {"37": "S", "12": "E", "29": "N"}, {"37": "S", "12": "S"}, {"37": "S"}, {"37": "S"}, {"37": "S"}], "result": "SUCCESS", "makespan": 62, "sum": 1875, "algo_name": "OutAndInByPercentage_dist_from_grid_BIT_", "extra": {"arrival_order": [8, 59, 51, 32, 23, 60, 55, 54, 52, 1, 61, 53, 49, 42, 27, 17, 7, 0, 39, 56, 14, 25, 19, 46, 18, 9, 58, 48, 47, 38, 36, 35, 26, 22, 13, 11, 10, 6, 45, 44, 41, 2, 37, 12, 30, 24, 31, 4, 21, 62, 33, 16, 5, 20, 57, 3, 34, 15, 28, 29, 40, 50, 43], "time_arrived": [517, 279, 1112, 1545, 1306, 1475, 1035, 501, 55, 729, 1009, 994, 1198, 958, 623, 1636, 1443, 459, 704, 637, 1493, 1347, 950, 193, 1244, 628, 906, 436, 1658, 1714, 1226, 1256, 173, 1424, 1592, 901, 851, 1156, 808, 528, 1735, 1100, 397, 1825, 1085, 1068, 661, 787, 779, 356, 1779, 139, 267, 349, 260, 257, 575, 1509, 767, 91, 208, 313, 1385], "BIT_runs": 1, "old_makespan": 1825, "old_sum": 2199, "improved": "[59, 51, 32, 23, 60, 55, 54, 52, 1, 61, 53, 49, 42, 27, 17, 7, 0, 39, 56, 14, 25, 19, 46, 18, 9, 58, 48, 47, 38, 36, 35, 26, 22, 13, 11, 10, 6, 45, 44, 41, 2, 37, 12, 30, 24, 31, 4, 21, 62, 33, 16, 5, 20, 57, 3, 34, 15, 28, 29, 40, 50, 43],", "goal_raise_for_bs": 32}}