{"instance": "small_007_20x20_40_82", "steps": [{"16": "W", "7": "N", "30": "N", "38": "N", "26": "S", "17": "W", "19": "W", "34": "S", "23": "W", "62": "N", "52": "E", "65": "W", "24": "S", "41": "S", "54": "S", "21": "S", "4": "S", "74": "W", "12": "N", "56": "S", "59": "N", "11": "E", "39": "S", "79": "N", "8": "E", "40": "W", "42": "W", "1": "N", "43": "S", "77": "W", "44": "W", "5": "E", "25": "S", "63": "S", "33": "W", "47": "W", "48": "E", "13": "S", "28": "S", "15": "S", "6": "E", "37": "S", "22": "N", "27": "S", "78": "E", "60": "S", "76": "W", "31": "N", "66": "E", "71": "S", "36": "W", "50": "N", "69": "W", "3": "S", "18": "W", "64": "S", "73": "N", "80": "W", "45": "S", "9": "E", "14": "S", "55": "S", "75": "E", "81": "E", "67": "N", "68": "S", "72": "W", "2": "W", "57": "S", "35": "W", "58": "W"}, {"16": "W", "7": "N", "30": "N", "38": "N", "26": "W", "17": "W", "19": "W", "23": "W", "62": "N", "52": "E", "65": "W", "24": "S", "41": "S", "54": "S", "21": "S", "4": "W", "74": "W", "12": "N", "56": "S", "11": "E", "39": "S", "79": "N", "70": "W", "8": "N", "40": "W", "42": "N", "1": "N", "43": "W", "77": "S", "44": "S", "5": "E", "0": "S", "53": "S", "25": "S", "63": "S", "33": "W", "47": "W", "13": "S", "28": "E", "15": "S", "6": "E", "37": "S", "22": "W", "27": "S", "51": "E", "60": "S", "31": "W", "66": "E", "20": "S", "71": "W", "36": "W", "69": "S", "3": "W", "18": "W", "29": "S", "64": "S", "80": "W", "45": "S", "9": "E", "14": "S", "55": "S", "75": "E", "67": "N", "68": "W", "72": "N", "57": "S", "35": "W", "58": "N"}, {"30": "N", "38": "N", "26": "W", "17": "W", "19": "W", "34": "W", "23": "W", "62": "N", "52": "E", "65": "W", "24": "S", "41": "S", "54": "S", "21": "S", "4": "S", "74": "W", "12": "W", "39": "S", "79": "N", "70": "W", "8": "N", "42": "N", "1": "W", "44": "S", "5": "N", "0": "S", "53": "S", "25": "S", "63": "S", "33": "W", "47": "W", "13": "S", "28": "N", "15": "S", "6": "E", "37": "S", "22": "S", "27": "S", "51": "E", "60": "S", "76": "N", "66": "E", "20": "W", "71": "S", "36": "W", "50": "N", "69": "S", "18": "W", "61": "E", "29": "S", "10": "N", "64": "S", "73": "W", "80": "W", "45": "S", "14": "E", "55": "S", "75": "S", "81": "W", "67": "N", "68": "S", "2": "N", "57": "S", "58": "N"}, {"7": "N", "30": "E", "38": "E", "26": "W", "17": "W", "19": "W", "34": "W", "23": "W", "62": "E", "52": "E", "65": "W", "24": "S", "41": "E", "54": "S", "21": "S", "74": "W", "12": "S", "11": "N", "39": "E", "79": "N", "70": "W", "8": "N", "40": "N", "42": "N", "1": "W", "77": "E", "44": "S", "5": "N", "0": "S", "53": "S", "63": "S", "33": "N", "47": "W", "48": "N", "13": "S", "28": "N", "15": "S", "6": "S", "37": "W", "27": "S", "51": "S", "60": "S", "76": "N", "31": "W", "66": "E", "20": "S", "50": "E", "69": "S", "18": "W", "61": "N", "29": "S", "10": "N", "64": "S", "80": "W", "45": "W", "14": "E", "55": "W", "75": "S", "81": "N", "67": "N", "68": "W", "2": "N", "57": "S", "58": "W"}, {"16": "W", "7": "N", "38": "S", "17": "N", "19": "W", "34": "W", "23": "W", "62": "N", "52": "E", "65": "W", "24": "S", "54": "E", "21": "S", "74": "S", "12": "S", "56": "N", "11": "N", "39": "N", "79": "N", "46": "S", "70": "W", "8": "N", "40": "N", "42": "N", "1": "W", "77": "S", "44": "S", "5": "N", "0": "S", "53": "S", "25": "S", "63": "S", "33": "N", "47": "W", "48": "N", "13": "S", "28": "N", "15": "S", "6": "W", "27": "S", "51": "S", "60": "S", "76": "N", "31": "W", "66": "N", "20": "S", "71": "S", "50": "N", "69": "S", "3": "N", "18": "S", "61": "W", "29": "E", "10": "N", "64": "S", "73": "N", "80": "W", "45": "W", "9": "S", "32": "W", "14": "E", "75": "S", "81": "N", "67": "E", "49": "S", "68": "W", "72": "N", "2": "N", "57": "S", "35": "E", "58": "N"}, {"16": "W", "30": "E", "38": "S", "26": "W", "17": "N", "19": "S", "23": "S", "62": "E", "52": "E", "24": "S", "21": "W", "4": "S", "74": "S", "12": "S", "56": "E", "59": "N", "39": "E", "46": "S", "70": "W", "8": "N", "40": "N", "42": "N", "1": "W", "43": "N", "77": "S", "44": "S", "5": "N", "0": "E", "53": "S", "63": "S", "33": "E", "13": "S", "28": "N", "15": "S", "6": "W", "37": "S", "22": "N", "27": "S", "51": "S", "60": "S", "76": "N", "31": "W", "66": "W", "71": "S", "50": "W", "3": "W", "18": "E", "61": "N", "29": "N", "10": "N", "64": "S", "73": "N", "80": "W", "45": "W", "9": "W", "32": "S", "14": "E", "55": "S", "75": "S", "81": "N", "67": "E", "49": "W", "72": "N", "57": "S", "58": "W"}, {"30": "S", "38": "S", "26": "W", "19": "E", "34": "W", "23": "E", "62": "S", "52": "E", "65": "E", "24": "S", "21": "S", "4": "S", "74": "E", "12": "S", "56": "E", "59": "N", "39": "E", "46": "S", "70": "S", "8": "N", "40": "N", "42": "N", "1": "W", "43": "N", "77": "S", "44": "S", "5": "E", "0": "E", "53": "S", "63": "S", "13": "S", "28": "N", "15": "S", "6": "N", "37": "S", "27": "S", "51": "S", "60": "S", "76": "N", "31": "N", "66": "W", "71": "W", "50": "W", "3": "W", "18": "E", "61": "N", "29": "W", "10": "N", "64": "S", "73": "N", "80": "S", "9": "N", "32": "S", "14": "N", "55": "S", "75": "E", "67": "N", "49": "N", "68": "N", "72": "N", "57": "S", "58": "N"}, {"16": "W", "30": "S", "38": "S", "26": "N", "19": "E", "34": "W", "23": "E", "62": "E", "52": "N", "65": "E", "24": "W", "41": "W", "54": "S", "21": "S", "4": "S", "74": "E", "12": "W", "56": "N", "59": "N", "39": "E", "79": "N", "46": "S", "70": "S", "8": "N", "40": "N", "42": "N", "1": "W", "43": "N", "77": "S", "44": "S", "0": "E", "53": "S", "63": "S", "33": "N", "47": "E", "13": "S", "28": "E", "15": "W", "6": "N", "37": "S", "27": "E", "78": "W", "51": "S", "76": "N", "31": "N", "66": "N", "71": "W", "50": "N", "3": "N", "61": "N", "29": "N", "10": "E", "73": "E", "45": "S", "32": "W", "14": "N", "75": "S", "67": "E", "49": "N", "72": "N", "57": "E", "58": "N"}, {"30": "W", "38": "S", "26": "W", "19": "E", "34": "N", "23": "E", "62": "S", "24": "W", "41": "W", "21": "S", "4": "W", "74": "E", "12": "W", "56": "N", "59": "N", "39": "E", "79": "E", "70": "W", "8": "N", "1": "N", "43": "W", "77": "S", "44": "S", "0": "E", "25": "W", "63": "W", "33": "N", "47": "S", "13": "S", "28": "E", "15": "W", "6": "N", "27": "E", "78": "W", "76": "N", "31": "N", "66": "N", "71": "W", "36": "S", "50": "N", "3": "W", "61": "N", "29": "N", "10": "N", "45": "W", "32": "S", "14": "E", "55": "N", "75": "S", "81": "S", "67": "S", "49": "W", "72": "N", "57": "E", "58": "W"}, {"30": "W", "26": "N", "19": "E", "34": "W", "23": "S", "62": "S", "52": "N", "24": "W", "41": "N", "21": "S", "4": "W", "74": "N", "12": "W", "56": "N", "59": "N", "39": "E", "79": "S", "70": "S", "8": "N", "40": "N", "1": "N", "43": "W", "77": "S", "44": "E", "5": "E", "0": "E", "53": "S", "63": "S", "33": "N", "47": "W", "13": "S", "28": "E", "15": "W", "6": "N", "27": "N", "78": "N", "60": "S", "76": "N", "31": "N", "66": "W", "71": "S", "36": "S", "69": "N", "3": "W", "18": "N", "61": "N", "29": "N", "10": "E", "64": "N", "9": "W", "32": "S", "14": "N", "55": "W", "75": "S", "81": "E", "67": "E", "49": "N", "68": "S", "72": "N", "57": "N", "58": "W"}, {"30": "W", "26": "N", "19": "E", "34": "N", "23": "S", "62": "S", "52": "N", "24": "W", "41": "W", "21": "W", "4": "W", "74": "E", "12": "W", "56": "N", "39": "E", "79": "E", "70": "S", "8": "N", "42": "N", "1": "N", "43": "W", "77": "S", "5": "E", "0": "E", "53": "W", "63": "W", "47": "W", "13": "S", "28": "E", "15": "W", "6": "W", "37": "W", "27": "N", "78": "W", "51": "S", "60": "E", "66": "N", "71": "W", "36": "S", "3": "W", "61": "N", "29": "N", "10": "E", "64": "E", "45": "W", "9": "W", "32": "S", "14": "N", "55": "W", "75": "S", "81": "E", "67": "N", "49": "E", "68": "W", "57": "N", "58": "N"}, {"30": "W", "26": "N", "19": "E", "34": "N", "23": "S", "62": "S", "52": "E", "24": "N", "41": "W", "21": "W", "4": "S", "74": "E", "12": "S", "56": "N", "79": "E", "70": "E", "40": "S", "42": "N", "1": "W", "43": "W", "77": "E", "5": "N", "0": "S", "25": "S", "63": "W", "33": "S", "47": "S", "28": "E", "15": "N", "6": "N", "37": "W", "27": "E", "78": "W", "51": "S", "60": "E", "76": "S", "31": "W", "66": "N", "71": "W", "36": "S", "3": "W", "18": "S", "61": "N", "29": "N", "10": "N", "64": "E", "45": "W", "9": "N", "32": "S", "14": "N", "55": "N", "75": "E", "81": "E", "67": "E", "49": "N", "57": "N", "58": "N"}, {"30": "S", "26": "N", "19": "E", "34": "N", "23": "S", "62": "S", "52": "E", "24": "N", "41": "W", "21": "W", "4": "W", "12": "S", "56": "N", "39": "N", "79": "E", "46": "E", "70": "S", "8": "W", "40": "S", "42": "N", "1": "W", "43": "W", "77": "S", "5": "E", "0": "S", "53": "S", "25": "S", "63": "W", "47": "S", "13": "S", "28": "E", "15": "N", "6": "N", "37": "W", "27": "E", "78": "S", "51": "S", "60": "E", "76": "E", "31": "N", "66": "N", "71": "N", "36": "S", "3": "S", "18": "S", "61": "N", "29": "W", "10": "N", "64": "E", "45": "N", "32": "S", "14": "N", "55": "W", "75": "S", "81": "E", "67": "E", "49": "N", "68": "S", "72": "W", "57": "N", "58": "N"}, {"7": "S", "30": "S", "26": "N", "19": "E", "34": "N", "23": "S", "62": "S", "52": "E", "65": "S", "24": "N", "41": "W", "21": "S", "4": "W", "12": "S", "56": "N", "39": "N", "79": "E", "46": "N", "70": "S", "8": "N", "42": "N", "1": "W", "43": "N", "77": "S", "44": "S", "5": "E", "0": "E", "53": "S", "25": "S", "63": "W", "33": "N", "13": "E", "28": "E", "15": "W", "6": "N", "37": "W", "27": "E", "78": "S", "51": "W", "60": "N", "76": "N", "31": "N", "66": "N", "20": "E", "36": "S", "3": "S", "18": "S", "61": "N", "29": "W", "10": "E", "64": "E", "80": "W", "45": "N", "9": "E", "32": "S", "14": "N", "55": "W", "75": "S", "81": "E", "67": "E", "49": "E", "68": "W", "72": "N", "57": "E", "58": "N"}, {"7": "W", "30": "S", "26": "N", "19": "E", "34": "N", "23": "S", "62": "S", "52": "E", "65": "E", "24": "W", "41": "W", "21": "W", "4": "S", "12": "S", "39": "N", "79": "E", "46": "N", "70": "S", "8": "W", "42": "W", "1": "W", "43": "W", "77": "S", "44": "E", "5": "E", "0": "E", "53": "S", "25": "W", "63": "W", "13": "S", "28": "N", "15": "W", "6": "N", "37": "W", "22": "W", "27": "E", "78": "W", "51": "S", "60": "N", "76": "N", "31": "E", "66": "N", "20": "E", "71": "S", "36": "S", "3": "S", "18": "S", "61": "N", "29": "W", "10": "E", "64": "E", "80": "W", "45": "N", "9": "N", "32": "E", "14": "N", "55": "W", "75": "S", "81": "E", "67": "N", "49": "E", "68": "S", "57": "E", "58": "N"}, {"7": "S", "30": "S", "26": "W", "19": "N", "34": "N", "23": "S", "52": "E", "65": "E", "24": "W", "21": "W", "12": "S", "39": "E", "79": "E", "46": "W", "70": "S", "8": "N", "42": "W", "1": "W", "43": "S", "77": "S", "5": "E", "0": "E", "53": "S", "25": "W", "63": "W", "33": "W", "13": "S", "28": "E", "15": "N", "6": "N", "37": "W", "22": "S", "27": "E", "78": "S", "51": "W", "60": "E", "31": "N", "66": "N", "20": "E", "71": "W", "36": "S", "69": "W", "3": "S", "18": "S", "61": "N", "29": "W", "10": "E", "64": "E", "9": "N", "32": "E", "14": "N", "55": "W", "75": "S", "81": "N", "49": "N", "68": "W", "72": "W", "57": "E", "58": "E"}, {"7": "S", "30": "S", "26": "W", "34": "N", "23": "E", "52": "E", "65": "N", "24": "N", "41": "W", "21": "N", "4": "N", "12": "S", "39": "E", "79": "E", "46": "N", "70": "S", "8": "N", "42": "N", "1": "W", "43": "W", "77": "S", "5": "S", "0": "E", "53": "W", "25": "W", "63": "W", "33": "N", "13": "S", "28": "N", "15": "N", "6": "N", "37": "W", "22": "S", "27": "E", "78": "S", "51": "W", "60": "E", "31": "N", "20": "S", "71": "W", "36": "S", "69": "S", "3": "S", "18": "S", "61": "N", "29": "W", "10": "E", "64": "E", "73": "W", "45": "S", "9": "N", "32": "E", "14": "W", "55": "W", "75": "S", "81": "E", "67": "N", "68": "S", "72": "N", "57": "E", "58": "E"}, {"7": "S", "38": "W", "26": "W", "34": "W", "23": "E", "52": "E", "65": "E", "24": "N", "41": "W", "21": "N", "4": "N", "12": "S", "79": "E", "46": "N", "70": "S", "8": "N", "42": "W", "1": "W", "43": "W", "77": "S", "44": "N", "5": "E", "0": "E", "53": "W", "25": "S", "63": "W", "33": "N", "13": "S", "28": "N", "15": "W", "6": "N", "37": "W", "22": "S", "27": "E", "78": "W", "51": "N", "60": "E", "31": "N", "66": "N", "20": "S", "71": "W", "36": "S", "69": "W", "3": "W", "18": "S", "61": "W", "29": "W", "10": "E", "64": "E", "73": "N", "80": "W", "45": "S", "9": "E", "14": "N", "55": "W", "75": "S", "72": "N", "57": "E", "58": "E"}, {"7": "S", "26": "W", "34": "W", "23": "E", "52": "E", "65": "E", "24": "N", "41": "N", "21": "N", "4": "N", "12": "S", "79": "E", "46": "N", "70": "S", "8": "N", "42": "W", "1": "W", "43": "W", "77": "S", "5": "S", "0": "E", "53": "W", "25": "W", "63": "N", "33": "N", "13": "S", "28": "N", "15": "N", "6": "N", "37": "W", "22": "S", "27": "E", "78": "S", "51": "W", "60": "E", "31": "N", "66": "N", "20": "S", "71": "W", "36": "S", "69": "S", "3": "S", "18": "S", "61": "W", "29": "S", "10": "E", "64": "S", "73": "W", "80": "W", "45": "S", "9": "E", "32": "E", "14": "N", "55": "N", "75": "S", "68": "S", "72": "N", "57": "E", "58": "E"}, {"7": "S", "26": "W", "34": "W", "23": "S", "52": "E", "65": "E", "24": "N", "41": "N", "21": "N", "4": "N", "12": "S", "79": "E", "46": "N", "70": "S", "8": "N", "42": "W", "1": "W", "43": "W", "77": "S", "5": "S", "0": "E", "53": "S", "25": "W", "63": "N", "33": "N", "13": "S", "28": "N", "15": "W", "6": "N", "37": "W", "22": "S", "27": "N", "78": "W", "51": "W", "60": "E", "31": "N", "66": "N", "20": "S", "71": "S", "36": "S", "69": "S", "18": "S", "61": "W", "29": "S", "10": "E", "64": "E", "73": "S", "80": "N", "45": "W", "9": "N", "32": "S", "14": "N", "55": "N", "75": "S", "67": "S", "49": "E", "68": "W", "72": "N", "58": "E"}, {"16": "N", "38": "E", "26": "W", "34": "W", "23": "E", "52": "S", "65": "E", "24": "N", "41": "N", "21": "N", "4": "N", "12": "S", "79": "S", "70": "S", "8": "N", "42": "W", "1": "W", "43": "W", "77": "W", "5": "S", "0": "E", "53": "W", "25": "N", "63": "N", "33": "N", "47": "W", "13": "S", "28": "N", "15": "N", "6": "N", "37": "N", "22": "S", "27": "N", "78": "S", "51": "W", "60": "N", "31": "N", "66": "N", "20": "S", "71": "W", "36": "S", "69": "W", "3": "S", "18": "E", "61": "W", "29": "W", "10": "E", "64": "E", "73": "S", "80": "N", "45": "W", "9": "N", "32": "S", "14": "N", "55": "N", "75": "S", "67": "S", "49": "E", "68": "S", "57": "E", "58": "E"}, {"16": "E", "26": "W", "23": "S", "52": "S", "24": "W", "41": "N", "21": "N", "12": "S", "79": "S", "70": "S", "8": "N", "42": "S", "1": "S", "43": "W", "77": "W", "5": "S", "0": "E", "53": "W", "25": "W", "63": "N", "33": "N", "13": "S", "28": "N", "15": "N", "6": "N", "37": "N", "27": "W", "78": "S", "51": "W", "60": "N", "31": "N", "66": "N", "20": "E", "71": "W", "36": "E", "3": "S", "61": "W", "29": "W", "10": "E", "64": "N", "73": "E", "80": "W", "45": "W", "9": "N", "32": "S", "14": "N", "55": "N", "75": "W", "67": "S", "49": "E", "2": "S", "57": "E", "58": "E"}, {"16": "E", "26": "N", "23": "S", "52": "S", "24": "N", "41": "W", "21": "N", "12": "S", "79": "S", "70": "E", "8": "E", "42": "W", "1": "S", "43": "W", "77": "W", "5": "S", "0": "N", "53": "W", "25": "N", "63": "N", "33": "N", "13": "W", "28": "E", "15": "N", "6": "W", "37": "N", "27": "N", "78": "S", "51": "W", "60": "E", "31": "E", "66": "W", "20": "S", "71": "W", "36": "E", "3": "S", "18": "W", "61": "W", "10": "S", "64": "W", "73": "N", "80": "N", "9": "N", "32": "E", "14": "N", "55": "W", "75": "W", "67": "E", "49": "E", "2": "E", "57": "E", "58": "E"}, {"16": "E", "26": "N", "23": "S", "52": "S", "24": "N", "41": "N", "12": "S", "79": "S", "70": "S", "8": "E", "42": "W", "1": "S", "43": "W", "77": "W", "5": "S", "0": "N", "53": "W", "25": "N", "63": "N", "33": "N", "47": "E", "13": "W", "28": "E", "15": "N", "6": "W", "37": "N", "27": "N", "78": "S", "51": "W", "60": "E", "66": "W", "20": "S", "71": "W", "50": "E", "3": "S", "61": "S", "29": "W", "10": "S", "64": "N", "73": "N", "80": "N", "9": "W", "32": "S", "14": "N", "55": "N", "75": "W", "67": "S", "49": "E", "2": "N", "57": "N", "35": "W", "58": "E"}, {"16": "E", "26": "N", "23": "S", "52": "S", "24": "N", "41": "N", "12": "S", "59": "W", "79": "S", "70": "E", "8": "E", "42": "W", "1": "S", "43": "W", "77": "W", "44": "S", "5": "S", "0": "N", "53": "W", "25": "N", "33": "E", "13": "S", "28": "S", "15": "N", "6": "W", "37": "N", "22": "W", "27": "N", "78": "S", "51": "W", "60": "N", "31": "W", "66": "W", "20": "S", "71": "N", "3": "S", "61": "W", "29": "W", "10": "E", "64": "N", "73": "N", "80": "N", "45": "S", "9": "W", "32": "S", "14": "N", "55": "W", "75": "W", "67": "S", "49": "E", "72": "E", "2": "W", "57": "N", "58": "E"}, {"16": "S", "26": "N", "23": "S", "52": "S", "24": "N", "41": "N", "12": "S", "79": "S", "70": "E", "8": "E", "42": "W", "1": "S", "43": "S", "77": "W", "5": "S", "0": "E", "53": "S", "25": "N", "33": "N", "13": "W", "28": "S", "15": "N", "6": "W", "37": "W", "22": "S", "27": "N", "78": "S", "51": "W", "60": "E", "66": "W", "20": "S", "71": "N", "36": "W", "3": "S", "18": "E", "61": "W", "10": "E", "64": "N", "73": "N", "80": "E", "45": "S", "9": "N", "32": "S", "14": "N", "55": "N", "75": "W", "67": "S", "57": "N"}, {"16": "E", "26": "N", "34": "W", "23": "S", "52": "S", "24": "N", "41": "N", "12": "E", "79": "S", "70": "E", "8": "E", "42": "W", "1": "S", "43": "S", "77": "W", "44": "W", "5": "S", "0": "E", "53": "W", "25": "E", "33": "E", "13": "N", "28": "E", "15": "W", "6": "W", "37": "N", "22": "S", "27": "N", "78": "E", "51": "W", "60": "N", "31": "E", "66": "W", "20": "W", "71": "N", "50": "W", "3": "W", "61": "W", "29": "E", "10": "E", "64": "N", "73": "N", "80": "N", "9": "W", "32": "E", "14": "W", "75": "W", "67": "S", "72": "E", "57": "N", "35": "E"}, {"16": "E", "26": "N", "34": "W", "23": "S", "52": "W", "24": "N", "41": "N", "12": "E", "79": "E", "70": "E", "8": "E", "42": "W", "1": "S", "43": "W", "77": "W", "44": "W", "5": "S", "0": "E", "53": "W", "25": "E", "33": "E", "13": "W", "28": "E", "15": "W", "6": "W", "37": "N", "22": "S", "27": "N", "78": "S", "51": "W", "60": "N", "31": "E", "66": "W", "20": "W", "71": "N", "36": "E", "69": "S", "3": "W", "61": "W", "10": "E", "64": "N", "73": "N", "80": "N", "9": "W", "32": "E", "14": "N", "55": "W", "75": "W", "67": "S", "68": "S", "57": "N"}, {"16": "E", "26": "N", "34": "S", "23": "E", "52": "S", "24": "N", "41": "N", "12": "E", "70": "E", "8": "E", "42": "W", "1": "S", "43": "S", "77": "W", "44": "W", "5": "S", "0": "N", "53": "W", "33": "E", "13": "W", "28": "E", "15": "N", "6": "W", "37": "N", "22": "E", "27": "W", "78": "S", "51": "W", "60": "N", "76": "W", "31": "S", "66": "W", "20": "W", "71": "N", "36": "E", "69": "E", "61": "W", "29": "N", "10": "S", "64": "N", "73": "W", "80": "N", "9": "W", "32": "E", "14": "W", "75": "W", "67": "S", "2": "E", "57": "N"}, {"16": "E", "26": "E", "23": "E", "52": "S", "24": "N", "41": "N", "12": "S", "70": "E", "8": "E", "42": "W", "1": "S", "43": "S", "77": "W", "44": "N", "5": "S", "0": "N", "53": "W", "33": "E", "13": "W", "28": "E", "15": "N", "6": "W", "37": "N", "22": "E", "27": "W", "78": "S", "51": "W", "60": "N", "76": "N", "31": "E", "66": "W", "20": "W", "71": "N", "36": "E", "69": "N", "3": "E", "61": "W", "29": "N", "10": "S", "64": "N", "73": "W", "80": "N", "9": "W", "32": "E", "14": "N", "75": "W", "67": "S", "68": "W", "57": "N", "58": "S"}, {"16": "E", "23": "E", "52": "S", "24": "N", "41": "N", "12": "E", "70": "E", "8": "E", "42": "W", "1": "W", "43": "S", "77": "W", "44": "E", "0": "N", "53": "W", "33": "E", "13": "W", "28": "E", "15": "N", "6": "S", "37": "N", "27": "N", "78": "E", "51": "W", "60": "N", "76": "N", "31": "E", "66": "W", "20": "N", "71": "N", "36": "S", "69": "E", "3": "E", "61": "W", "29": "N", "10": "S", "64": "N", "73": "W", "80": "N", "45": "N", "9": "W", "32": "E", "14": "N", "55": "E", "75": "W", "67": "W", "68": "S", "57": "N"}, {"16": "E", "34": "N", "23": "E", "52": "S", "24": "N", "41": "N", "12": "E", "70": "E", "8": "E", "42": "W", "43": "S", "77": "W", "44": "E", "0": "N", "53": "N", "33": "E", "13": "W", "28": "E", "15": "N", "6": "W", "37": "N", "27": "N", "78": "S", "51": "W", "60": "N", "76": "N", "31": "S", "66": "W", "20": "W", "71": "N", "36": "S", "69": "E", "3": "E", "61": "W", "29": "N", "10": "S", "64": "N", "73": "N", "9": "W", "32": "E", "14": "N", "75": "W", "67": "S", "68": "S", "2": "W", "57": "N"}, {"16": "E", "34": "E", "23": "E", "52": "S", "24": "N", "41": "N", "12": "E", "59": "E", "70": "E", "42": "S", "43": "S", "77": "W", "44": "E", "0": "N", "53": "N", "33": "E", "13": "W", "28": "S", "15": "N", "6": "W", "37": "N", "27": "W", "78": "E", "51": "W", "60": "N", "76": "W", "31": "E", "66": "W", "20": "W", "71": "N", "36": "E", "61": "W", "29": "N", "10": "S", "64": "N", "73": "N", "45": "S", "9": "S", "32": "E", "14": "W", "75": "W", "67": "S", "57": "N", "58": "N"}, {"34": "E", "23": "E", "24": "W", "41": "N", "12": "E", "70": "N", "42": "S", "43": "S", "77": "W", "0": "N", "53": "N", "33": "E", "13": "W", "28": "S", "15": "N", "6": "W", "37": "N", "27": "N", "78": "S", "51": "N", "60": "N", "76": "N", "31": "E", "66": "W", "20": "W", "71": "W", "36": "N", "3": "E", "61": "W", "29": "N", "10": "S", "64": "N", "73": "N", "9": "W", "32": "E", "14": "W", "75": "W", "72": "N", "57": "N"}, {"23": "N", "24": "N", "41": "N", "12": "E", "70": "E", "42": "W", "43": "W", "77": "W", "0": "N", "53": "N", "33": "E", "13": "N", "28": "S", "15": "N", "6": "W", "37": "N", "27": "N", "78": "S", "51": "N", "60": "N", "76": "N", "31": "E", "66": "W", "20": "W", "71": "N", "36": "N", "3": "N", "61": "W", "29": "W", "10": "S", "64": "N", "73": "N", "80": "N", "9": "W", "32": "E", "14": "W", "75": "W", "72": "E", "57": "N"}, {"23": "N", "24": "N", "41": "W", "12": "E", "70": "E", "42": "S", "43": "S", "77": "W", "0": "N", "53": "N", "33": "N", "13": "N", "28": "S", "15": "N", "6": "W", "37": "N", "27": "N", "78": "E", "51": "N", "60": "N", "76": "N", "31": "E", "66": "W", "20": "W", "71": "W", "3": "E", "61": "S", "29": "N", "10": "W", "64": "N", "73": "N", "80": "N", "45": "N", "9": "N", "32": "E", "14": "W", "75": "W", "68": "E", "57": "N"}, {"23": "N", "24": "E", "41": "N", "12": "E", "70": "E", "42": "S", "43": "S", "77": "W", "0": "W", "53": "N", "33": "E", "13": "W", "28": "S", "15": "N", "6": "W", "37": "N", "60": "N", "76": "N", "31": "S", "66": "W", "20": "W", "71": "W", "3": "E", "61": "S", "29": "E", "10": "S", "64": "N", "73": "N", "80": "N", "9": "W", "32": "E", "14": "W", "75": "W", "67": "E", "72": "N", "57": "N"}, {"23": "N", "24": "E", "41": "N", "12": "E", "42": "E", "43": "S", "77": "W", "0": "W", "53": "N", "33": "E", "13": "N", "28": "S", "15": "N", "6": "W", "37": "E", "78": "S", "60": "N", "76": "N", "66": "W", "20": "W", "71": "N", "29": "E", "10": "S", "64": "N", "73": "E", "80": "E", "9": "W", "32": "E", "14": "W", "75": "W", "72": "N", "57": "N"}, {"23": "N", "24": "S", "41": "E", "12": "E", "42": "S", "43": "S", "77": "W", "0": "N", "33": "E", "13": "N", "28": "S", "15": "E", "6": "W", "27": "W", "78": "E", "60": "N", "76": "E", "66": "W", "20": "N", "71": "N", "61": "E", "29": "E", "10": "S", "64": "N", "73": "E", "80": "E", "9": "W", "32": "E", "14": "W", "75": "W", "72": "W", "57": "N"}, {"23": "N", "24": "E", "41": "E", "12": "N", "42": "S", "43": "E", "77": "N", "0": "N", "33": "E", "13": "N", "28": "S", "15": "E", "6": "W", "27": "N", "78": "E", "60": "N", "76": "N", "66": "W", "20": "N", "71": "N", "29": "N", "10": "E", "64": "N", "73": "E", "45": "E", "9": "W", "32": "N", "14": "S", "75": "W", "67": "W", "68": "E", "57": "N"}, {"23": "N", "24": "E", "41": "E", "12": "E", "43": "E", "0": "W", "33": "E", "13": "N", "28": "E", "15": "N", "6": "S", "27": "E", "78": "N", "60": "N", "76": "N", "66": "S", "71": "N", "61": "N", "29": "N", "10": "E", "64": "W", "73": "S", "9": "W", "32": "N", "14": "W", "75": "N", "72": "N"}, {"23": "N", "24": "S", "41": "E", "12": "E", "0": "N", "33": "E", "13": "N", "28": "E", "15": "E", "6": "W", "27": "N", "78": "E", "60": "N", "76": "E", "66": "W", "71": "E", "61": "W", "10": "S", "64": "N", "73": "E", "80": "E", "45": "W", "9": "W", "32": "N", "14": "W", "75": "N", "57": "N"}, {"23": "W", "33": "E", "13": "N", "28": "N", "15": "E", "6": "S", "78": "E", "60": "N", "76": "S", "66": "S", "71": "E", "61": "S", "64": "N", "73": "E", "80": "S", "45": "N", "9": "W", "32": "N", "14": "W", "75": "N", "72": "S", "57": "N"}, {"23": "W", "33": "E", "13": "N", "15": "S", "6": "S", "78": "E", "60": "W", "76": "S", "66": "S", "71": "E", "61": "S", "80": "E", "9": "S", "32": "N", "14": "W", "75": "N", "72": "S", "57": "N"}, {"33": "S", "13": "W", "15": "E", "6": "S", "78": "E", "60": "N", "66": "S", "71": "N", "61": "W", "73": "W", "80": "E", "9": "S", "32": "N", "14": "S", "75": "N", "72": "S", "57": "N"}, {"33": "S", "15": "E", "6": "E", "66": "S", "73": "S", "80": "S", "9": "S", "75": "N", "72": "S", "57": "W"}, {"15": "E", "66": "E", "61": "E", "80": "S", "75": "W", "57": "N"}, {"75": "N", "57": "W"}, {"75": "N", "57": "W"}, {"57": "S"}], "result": "SUCCESS", "makespan": 50, "sum": 2283, "algo_name": "OutAndInByPercentage_rand_BIT_", "extra": {"arrival_order": [7, 16, 30, 38, 26, 17, 19, 34, 23, 62, 52, 65, 24, 41, 54, 21, 4, 74, 12, 56, 59, 11, 39, 79, 46, 70, 8, 40, 42, 1, 43, 77, 44, 5, 0, 53, 25, 63, 33, 47, 48, 13, 28, 15, 6, 37, 22, 27, 78, 51, 60, 76, 31, 66, 20, 71, 36, 50, 69, 3, 18, 61, 29, 10, 64, 73, 80, 45, 9, 32, 14, 55, 75, 81, 67, 49, 68, 72, 2, 57, 35, 58], "time_arrived": [761, 611, 1989, 1467, 358, 727, 1065, 20, 542, 1731, 1594, 427, 401, 944, 1815, 1025, 33, 96, 1481, 109, 1364, 336, 1111, 174, 267, 834, 85, 1141, 984, 1553, 46, 1296, 1774, 887, 135, 2033, 1418, 1091, 53, 439, 548, 304, 585, 650, 703, 1699, 469, 892, 900, 1941, 1428, 1215, 221, 801, 308, 1832, 413, 2031, 2057, 422, 1250, 1520, 186, 850, 1628, 231, 1335, 1917, 1966, 1438, 511, 1400, 1983, 1650, 365, 1874, 1270, 687, 1184, 461, 1688, 1893], "BIT_runs": 1, "old_makespan": 2057, "old_sum": 2483, "improved": "[30, 38, 26, 17, 19, 34, 23, 62, 52, 65, 24, 41, 54, 21, 4, 74, 12, 56, 59, 11, 39, 79, 46, 70, 8, 40, 42, 1, 43, 77, 44, 5, 0, 53, 25, 63, 33, 47, 48, 13, 28, 15, 6, 37, 22, 27, 78, 51, 60, 76, 31, 66, 20, 71, 36, 50, 69, 3, 18, 61, 29, 10, 64, 73, 80, 45, 9, 32, 14, 55, 75, 81, 67, 49, 68, 72, 2, 57, 35, 58],", "goal_raise_for_bs": 32}}