{"instance": "small_008_20x20_40_83", "steps": [{"20": "N", "38": "W", "8": "W", "70": "W", "1": "W", "13": "W", "41": "S", "62": "W", "7": "N", "64": "W", "15": "W", "57": "W", "46": "W", "33": "W", "58": "W", "35": "W", "24": "W", "63": "N", "26": "W", "51": "N", "17": "E", "66": "W", "49": "W", "71": "S", "14": "S", "31": "W", "56": "W", "3": "W", "74": "S", "16": "N", "23": "W", "37": "N", "9": "W", "25": "W", "82": "W", "19": "N", "73": "W", "12": "S", "79": "W", "59": "W", "54": "W", "5": "W", "10": "E", "18": "W", "48": "N", "29": "E", "68": "S", "28": "W", "22": "W", "0": "W", "52": "N", "75": "W", "43": "W", "53": "W", "72": "W", "55": "W", "47": "W", "36": "W", "21": "W", "11": "W", "32": "S", "34": "W", "44": "S", "50": "W", "6": "S"}, {"20": "E", "38": "W", "8": "W", "2": "W", "70": "W", "1": "W", "67": "W", "45": "W", "13": "W", "41": "E", "62": "W", "7": "W", "64": "W", "60": "S", "15": "W", "57": "W", "46": "W", "33": "W", "58": "W", "35": "W", "24": "W", "63": "N", "26": "W", "51": "E", "17": "E", "66": "W", "49": "W", "14": "S", "56": "S", "3": "S", "81": "S", "74": "S", "16": "N", "37": "N", "9": "W", "4": "W", "25": "W", "82": "W", "19": "N", "73": "W", "12": "W", "79": "W", "59": "W", "54": "W", "5": "W", "42": "W", "10": "E", "18": "W", "48": "N", "29": "S", "68": "W", "28": "W", "22": "W", "80": "W", "39": "N", "0": "W", "52": "E", "75": "N", "43": "W", "53": "W", "72": "W", "55": "S", "47": "W", "36": "W", "21": "W", "11": "W", "32": "S", "34": "W", "44": "S", "50": "W", "6": "S"}, {"20": "E", "38": "W", "8": "W", "77": "S", "2": "W", "70": "W", "1": "W", "67": "W", "45": "W", "13": "W", "27": "S", "62": "W", "7": "N", "64": "W", "60": "E", "15": "W", "57": "W", "46": "W", "33": "W", "58": "W", "35": "W", "24": "W", "63": "E", "66": "W", "49": "W", "14": "S", "31": "S", "56": "S", "3": "S", "61": "S", "81": "E", "16": "N", "37": "E", "9": "W", "4": "N", "82": "W", "19": "N", "12": "W", "79": "W", "59": "W", "54": "W", "5": "W", "42": "S", "18": "W", "48": "E", "29": "S", "68": "S", "28": "W", "22": "W", "80": "W", "39": "N", "78": "E", "0": "W", "52": "S", "75": "W", "43": "S", "53": "W", "72": "W", "69": "S", "47": "W", "21": "W", "11": "W", "32": "S", "34": "W", "44": "E", "50": "W", "6": "S"}, {"20": "N", "38": "W", "8": "W", "77": "S", "2": "W", "65": "W", "70": "W", "1": "W", "67": "W", "45": "W", "13": "W", "62": "W", "7": "N", "64": "W", "60": "E", "15": "W", "57": "W", "46": "W", "33": "W", "58": "W", "35": "W", "24": "W", "63": "E", "26": "W", "51": "W", "66": "W", "49": "W", "71": "S", "14": "S", "56": "S", "3": "E", "61": "S", "16": "E", "37": "E", "9": "W", "4": "W", "25": "S", "19": "E", "12": "S", "79": "W", "59": "W", "54": "W", "5": "W", "10": "E", "48": "E", "29": "E", "28": "W", "22": "W", "80": "W", "39": "E", "78": "N", "0": "W", "52": "S", "75": "W", "43": "W", "53": "W", "72": "W", "55": "E", "21": "W", "11": "W", "32": "S", "34": "N", "44": "E", "50": "W", "6": "S"}, {"20": "E", "38": "W", "8": "W", "77": "S", "2": "W", "65": "S", "70": "W", "1": "W", "67": "W", "45": "W", "13": "W", "62": "W", "7": "W", "64": "W", "60": "E", "15": "W", "46": "W", "33": "W", "58": "W", "35": "W", "24": "S", "63": "E", "26": "W", "51": "N", "66": "W", "49": "W", "14": "S", "56": "S", "3": "E", "81": "S", "74": "E", "16": "S", "37": "E", "9": "W", "4": "N", "82": "N", "19": "S", "73": "E", "12": "S", "79": "W", "59": "W", "54": "W", "5": "W", "10": "S", "48": "S", "28": "W", "22": "W", "80": "W", "39": "S", "78": "E", "0": "W", "52": "S", "75": "W", "53": "W", "72": "W", "69": "S", "55": "S", "76": "N", "21": "W", "11": "W", "32": "E", "34": "E", "44": "S", "50": "W"}, {"40": "N", "38": "W", "8": "W", "77": "E", "2": "W", "65": "S", "70": "W", "1": "W", "67": "W", "13": "W", "27": "W", "62": "W", "7": "W", "64": "W", "60": "E", "15": "W", "57": "S", "46": "W", "33": "W", "58": "W", "35": "W", "24": "E", "63": "N", "26": "W", "51": "N", "66": "W", "49": "W", "71": "W", "14": "S", "56": "S", "3": "E", "61": "E", "81": "S", "16": "S", "37": "E", "4": "N", "82": "E", "19": "S", "73": "E", "12": "W", "79": "N", "59": "W", "54": "W", "5": "W", "10": "E", "48": "E", "68": "S", "28": "W", "22": "W", "80": "W", "39": "S", "78": "S", "0": "W", "52": "S", "75": "W", "53": "W", "72": "W", "69": "S", "55": "S", "76": "N", "21": "W", "11": "W", "32": "E", "34": "E", "44": "S", "6": "N"}, {"40": "N", "38": "W", "8": "N", "2": "W", "65": "S", "70": "W", "67": "W", "13": "W", "27": "S", "62": "W", "7": "W", "64": "W", "60": "S", "15": "W", "57": "E", "46": "W", "33": "W", "58": "W", "35": "W", "24": "S", "63": "E", "51": "N", "66": "W", "49": "W", "71": "N", "14": "S", "56": "S", "3": "E", "61": "S", "81": "S", "74": "E", "37": "E", "9": "N", "4": "W", "25": "S", "82": "E", "19": "E", "12": "S", "54": "W", "5": "W", "10": "N", "48": "N", "28": "W", "22": "W", "80": "W", "39": "S", "0": "S", "52": "S", "75": "W", "72": "W", "47": "W", "21": "W", "11": "W", "32": "E", "34": "N", "44": "E", "50": "W"}, {"40": "N", "38": "S", "8": "N", "2": "S", "65": "S", "70": "W", "67": "W", "13": "W", "62": "W", "7": "W", "64": "W", "60": "S", "15": "W", "57": "E", "46": "W", "33": "W", "58": "W", "35": "W", "24": "S", "63": "E", "51": "N", "66": "W", "49": "W", "71": "E", "14": "S", "56": "E", "61": "S", "81": "S", "74": "E", "16": "W", "37": "E", "9": "E", "4": "W", "25": "S", "82": "S", "19": "S", "73": "W", "12": "S", "79": "N", "54": "W", "5": "W", "10": "N", "29": "E", "28": "W", "22": "W", "80": "W", "52": "E", "75": "W", "72": "W", "47": "S", "76": "S", "21": "W", "11": "W", "44": "E", "50": "W"}, {"40": "W", "8": "N", "65": "S", "70": "W", "1": "S", "67": "W", "13": "W", "62": "W", "7": "W", "60": "E", "15": "W", "57": "S", "46": "W", "33": "W", "58": "W", "35": "W", "24": "S", "63": "E", "51": "N", "66": "W", "49": "W", "14": "W", "31": "S", "56": "E", "3": "E", "61": "S", "74": "E", "16": "S", "37": "E", "9": "E", "4": "W", "25": "S", "82": "S", "73": "S", "12": "W", "79": "E", "59": "S", "54": "W", "5": "W", "18": "S", "48": "E", "29": "S", "28": "W", "22": "W", "80": "W", "39": "S", "78": "E", "52": "E", "75": "W", "72": "W", "47": "S", "76": "W", "21": "W", "11": "W", "44": "N", "50": "W"}, {"40": "W", "65": "S", "70": "W", "67": "W", "13": "W", "62": "W", "7": "S", "30": "W", "64": "S", "60": "E", "15": "S", "57": "E", "46": "S", "33": "W", "58": "W", "35": "W", "24": "E", "63": "N", "26": "S", "51": "N", "66": "W", "49": "S", "14": "N", "56": "S", "74": "E", "16": "S", "23": "S", "9": "S", "4": "W", "25": "S", "82": "S", "73": "E", "12": "W", "79": "E", "54": "S", "18": "S", "48": "E", "29": "S", "28": "W", "22": "W", "39": "S", "78": "N", "0": "W", "75": "W", "43": "N", "69": "N", "55": "N", "47": "S", "76": "S", "36": "N", "21": "S", "11": "W", "34": "W", "44": "N"}, {"40": "W", "38": "N", "8": "S", "65": "S", "7": "S", "64": "S", "60": "N", "15": "S", "57": "E", "46": "S", "58": "S", "24": "S", "63": "N", "26": "E", "49": "S", "14": "N", "56": "E", "16": "S", "23": "W", "9": "E", "4": "W", "25": "S", "82": "E", "73": "S", "12": "W", "79": "N", "59": "N", "54": "S", "48": "E", "29": "S", "22": "S", "39": "S", "78": "E", "0": "N", "53": "W", "69": "N", "55": "N", "47": "S", "76": "W", "21": "S", "11": "S", "34": "S", "44": "N"}, {"40": "W", "38": "E", "8": "E", "65": "E", "45": "N", "13": "W", "7": "S", "64": "E", "60": "E", "15": "S", "57": "E", "46": "E", "33": "W", "58": "W", "24": "E", "63": "E", "26": "E", "49": "E", "14": "N", "56": "S", "3": "S", "16": "S", "23": "S", "9": "E", "4": "W", "25": "S", "82": "E", "79": "E", "59": "N", "54": "S", "5": "S", "10": "W", "48": "N", "29": "S", "39": "S", "78": "E", "0": "W", "75": "W", "55": "E", "47": "E", "76": "S", "21": "S", "11": "S", "34": "W", "44": "E", "50": "W", "6": "W"}, {"40": "W", "38": "E", "8": "E", "65": "S", "45": "E", "7": "S", "64": "S", "60": "E", "15": "S", "46": "E", "58": "W", "35": "N", "24": "E", "63": "E", "26": "E", "51": "N", "49": "S", "14": "N", "56": "E", "16": "S", "23": "W", "9": "E", "4": "W", "25": "S", "82": "E", "79": "E", "59": "E", "54": "S", "5": "E", "10": "N", "29": "S", "22": "S", "39": "S", "78": "E", "0": "W", "75": "W", "53": "W", "47": "E", "76": "S", "21": "S", "11": "S", "44": "E", "50": "W", "6": "W"}, {"40": "S", "38": "E", "8": "E", "2": "N", "65": "E", "1": "S", "45": "E", "13": "W", "62": "N", "7": "S", "64": "S", "60": "E", "15": "S", "46": "E", "33": "W", "58": "W", "63": "E", "26": "S", "51": "E", "49": "S", "14": "W", "31": "S", "56": "E", "3": "N", "16": "S", "23": "S", "4": "W", "25": "E", "82": "E", "73": "S", "79": "S", "59": "E", "54": "S", "5": "E", "10": "E", "29": "S", "68": "E", "22": "E", "39": "S", "0": "W", "75": "W", "53": "W", "69": "S", "47": "E", "76": "S", "21": "S", "11": "S", "44": "E", "50": "W", "6": "W"}, {"40": "S", "38": "N", "8": "E", "2": "E", "65": "E", "1": "S", "67": "N", "45": "E", "13": "W", "62": "N", "7": "W", "64": "S", "60": "N", "15": "S", "46": "S", "33": "W", "58": "W", "24": "W", "63": "E", "26": "S", "51": "N", "66": "S", "49": "S", "14": "N", "56": "N", "16": "W", "23": "S", "4": "S", "25": "E", "82": "S", "73": "W", "12": "W", "79": "S", "59": "S", "54": "S", "5": "N", "10": "S", "18": "S", "29": "E", "22": "E", "80": "S", "0": "W", "75": "W", "43": "N", "69": "S", "76": "S", "36": "N", "21": "S", "11": "S", "34": "N", "44": "E", "6": "W"}, {"40": "S", "38": "E", "8": "E", "2": "E", "65": "E", "1": "S", "67": "E", "45": "E", "13": "N", "62": "E", "7": "S", "64": "S", "60": "N", "15": "S", "46": "S", "58": "S", "35": "N", "26": "S", "51": "E", "66": "S", "49": "E", "56": "E", "61": "W", "16": "W", "23": "W", "4": "S", "25": "E", "82": "S", "73": "S", "12": "W", "79": "E", "54": "S", "5": "N", "18": "S", "29": "E", "28": "S", "22": "N", "80": "S", "39": "E", "0": "S", "75": "S", "72": "N", "76": "S", "21": "S", "11": "E", "34": "E", "44": "N", "50": "S"}, {"40": "S", "38": "E", "8": "S", "2": "E", "65": "S", "1": "S", "67": "N", "45": "S", "13": "E", "62": "E", "7": "S", "64": "W", "60": "N", "15": "S", "46": "S", "58": "S", "35": "E", "26": "S", "51": "E", "66": "S", "49": "S", "14": "W", "56": "E", "16": "S", "23": "W", "37": "S", "4": "S", "25": "E", "82": "S", "73": "S", "79": "S", "54": "S", "18": "S", "29": "E", "68": "W", "28": "E", "22": "E", "80": "S", "39": "N", "0": "S", "75": "S", "43": "S", "72": "E", "69": "S", "76": "S", "36": "S", "21": "E", "11": "E", "44": "E", "50": "S"}, {"40": "S", "8": "S", "2": "E", "65": "S", "67": "E", "45": "S", "62": "E", "7": "S", "30": "E", "64": "S", "60": "E", "15": "E", "46": "E", "33": "W", "58": "S", "35": "E", "26": "S", "51": "E", "17": "S", "66": "S", "49": "S", "14": "W", "31": "S", "56": "E", "16": "S", "23": "W", "4": "S", "82": "E", "73": "S", "79": "S", "54": "S", "5": "W", "18": "S", "29": "E", "28": "S", "80": "S", "39": "W", "0": "S", "75": "S", "43": "W", "72": "N", "69": "S", "76": "W", "21": "E", "11": "E", "44": "N", "50": "S"}, {"40": "E", "38": "E", "8": "S", "2": "S", "65": "S", "70": "S", "67": "E", "45": "S", "62": "E", "7": "S", "64": "S", "60": "E", "15": "E", "46": "S", "33": "W", "58": "S", "35": "S", "26": "S", "51": "E", "66": "E", "49": "S", "14": "W", "31": "S", "56": "N", "16": "S", "23": "W", "4": "S", "25": "S", "82": "E", "73": "S", "79": "S", "54": "S", "5": "W", "18": "S", "29": "S", "28": "S", "22": "N", "80": "S", "39": "N", "75": "S", "43": "S", "53": "W", "69": "S", "76": "S", "36": "S", "21": "E", "11": "E", "34": "N", "50": "S"}, {"40": "E", "38": "E", "8": "S", "2": "S", "70": "E", "67": "E", "45": "S", "62": "E", "7": "S", "64": "S", "60": "E", "15": "E", "46": "S", "33": "S", "58": "S", "35": "S", "24": "E", "26": "S", "51": "E", "66": "E", "49": "S", "14": "W", "56": "N", "81": "S", "16": "S", "23": "W", "37": "N", "4": "S", "25": "E", "82": "E", "73": "S", "12": "E", "79": "S", "54": "S", "5": "N", "18": "W", "29": "E", "28": "S", "22": "N", "80": "W", "39": "N", "0": "W", "75": "S", "43": "S", "53": "S", "69": "E", "76": "E", "36": "S", "21": "E", "50": "W", "6": "E"}, {"38": "E", "8": "S", "2": "S", "70": "E", "1": "S", "67": "E", "45": "S", "62": "E", "7": "E", "64": "E", "60": "E", "15": "E", "46": "S", "33": "S", "58": "S", "35": "E", "26": "S", "51": "E", "17": "N", "66": "S", "49": "E", "14": "W", "56": "N", "61": "E", "16": "W", "23": "S", "4": "S", "25": "E", "82": "E", "12": "S", "79": "S", "54": "E", "5": "N", "18": "S", "28": "S", "22": "N", "80": "S", "39": "N", "0": "S", "75": "S", "43": "S", "53": "S", "69": "E", "76": "E", "36": "S", "50": "W"}, {"8": "S", "2": "S", "70": "E", "1": "S", "67": "E", "45": "S", "13": "S", "62": "S", "7": "E", "64": "E", "15": "E", "57": "E", "46": "S", "33": "S", "58": "S", "35": "E", "26": "S", "51": "S", "66": "S", "49": "E", "14": "W", "56": "E", "81": "W", "16": "S", "23": "S", "4": "S", "25": "E", "82": "S", "12": "W", "79": "S", "59": "S", "54": "E", "5": "N", "18": "S", "28": "E", "80": "S", "39": "N", "0": "S", "75": "S", "43": "S", "53": "S", "72": "E", "69": "E", "76": "E", "36": "S", "50": "S"}, {"8": "S", "2": "S", "70": "E", "67": "E", "45": "S", "13": "E", "62": "S", "7": "E", "64": "E", "15": "E", "46": "S", "33": "E", "58": "S", "35": "E", "26": "S", "51": "S", "66": "S", "49": "E", "14": "N", "3": "E", "16": "S", "23": "W", "4": "S", "25": "N", "82": "E", "12": "W", "59": "S", "54": "E", "5": "E", "18": "S", "28": "E", "80": "S", "39": "N", "0": "E", "75": "S", "43": "S", "53": "S", "72": "E", "69": "E", "47": "S", "76": "E", "36": "S", "21": "W", "11": "E", "50": "S"}, {"8": "S", "2": "S", "70": "E", "67": "S", "45": "S", "13": "E", "62": "E", "7": "E", "64": "S", "15": "E", "46": "E", "33": "E", "58": "S", "35": "S", "26": "E", "51": "E", "66": "E", "49": "E", "14": "N", "31": "W", "16": "S", "23": "W", "4": "W", "82": "E", "12": "N", "59": "W", "54": "E", "5": "E", "18": "W", "28": "S", "80": "W", "39": "N", "75": "S", "43": "S", "53": "S", "72": "E", "69": "E", "47": "W", "76": "E", "36": "S", "21": "S", "50": "S"}, {"8": "S", "2": "S", "70": "S", "67": "S", "45": "E", "13": "E", "62": "S", "7": "E", "64": "E", "15": "S", "46": "E", "33": "E", "58": "E", "35": "S", "26": "S", "51": "S", "66": "S", "14": "N", "31": "S", "3": "E", "61": "E", "16": "S", "23": "W", "19": "W", "73": "S", "12": "E", "59": "W", "54": "E", "5": "E", "18": "W", "28": "S", "80": "W", "39": "N", "75": "S", "43": "S", "69": "E", "47": "S", "76": "E", "36": "E", "21": "S", "50": "S", "6": "E"}, {"8": "E", "2": "S", "70": "E", "67": "S", "45": "E", "13": "E", "62": "E", "7": "E", "30": "N", "64": "E", "15": "E", "46": "E", "33": "E", "58": "E", "35": "S", "26": "E", "51": "E", "66": "S", "14": "W", "31": "S", "3": "E", "61": "E", "23": "W", "37": "E", "4": "E", "19": "W", "73": "E", "12": "S", "59": "N", "54": "E", "5": "N", "18": "S", "28": "W", "22": "N", "80": "S", "75": "S", "43": "S", "55": "E", "76": "E", "36": "S", "21": "S", "34": "N", "50": "S", "6": "E"}, {"8": "E", "2": "S", "70": "E", "1": "S", "67": "S", "13": "E", "27": "S", "30": "N", "64": "N", "15": "E", "46": "E", "33": "E", "58": "E", "35": "E", "26": "S", "66": "S", "14": "N", "31": "S", "16": "W", "23": "N", "4": "E", "19": "S", "73": "E", "12": "W", "59": "N", "54": "E", "5": "E", "18": "S", "28": "S", "22": "E", "80": "S", "39": "S", "0": "S", "75": "E", "43": "S", "72": "E", "55": "S", "36": "S", "21": "W", "34": "N", "50": "S"}, {"8": "E", "2": "S", "70": "E", "67": "S", "13": "E", "30": "E", "15": "E", "46": "E", "33": "E", "58": "E", "35": "E", "26": "E", "66": "S", "71": "S", "14": "N", "31": "W", "16": "S", "23": "W", "4": "E", "19": "S", "73": "N", "5": "E", "18": "S", "28": "S", "22": "E", "80": "S", "39": "S", "0": "S", "75": "E", "43": "S", "53": "W", "72": "E", "55": "S", "47": "W", "21": "S", "34": "E", "50": "S"}, {"8": "E", "2": "S", "70": "E", "67": "S", "13": "E", "62": "S", "30": "E", "46": "E", "33": "E", "58": "E", "35": "S", "26": "E", "66": "S", "71": "S", "14": "N", "31": "W", "81": "W", "16": "S", "23": "N", "4": "S", "19": "S", "73": "W", "28": "S", "80": "S", "39": "S", "0": "S", "75": "S", "43": "S", "53": "W", "72": "E", "55": "S", "47": "N", "11": "W", "34": "E", "50": "S"}, {"2": "E", "70": "E", "1": "N", "67": "S", "45": "W", "13": "S", "27": "N", "62": "S", "30": "E", "46": "E", "33": "E", "58": "E", "35": "S", "26": "E", "66": "E", "71": "E", "14": "N", "31": "S", "81": "W", "16": "E", "23": "W", "4": "E", "19": "S", "59": "W", "54": "W", "28": "S", "80": "S", "39": "S", "0": "S", "75": "E", "43": "W", "53": "S", "72": "E", "55": "S", "47": "N", "36": "S", "34": "S", "50": "E"}, {"2": "E", "70": "E", "67": "S", "45": "S", "13": "S", "62": "S", "30": "E", "33": "E", "58": "E", "35": "S", "24": "W", "26": "S", "66": "E", "71": "E", "14": "N", "31": "S", "61": "S", "81": "N", "16": "E", "23": "N", "4": "E", "19": "S", "29": "N", "28": "E", "80": "E", "39": "S", "0": "E", "75": "E", "53": "S", "69": "N", "55": "S", "36": "S", "21": "E", "11": "N", "34": "E", "50": "E"}, {"2": "E", "70": "E", "67": "S", "45": "S", "13": "S", "62": "S", "30": "E", "33": "E", "58": "E", "26": "E", "66": "E", "71": "E", "14": "N", "31": "S", "3": "E", "61": "W", "81": "W", "16": "S", "23": "W", "37": "E", "4": "E", "25": "W", "19": "S", "59": "W", "54": "E", "18": "W", "29": "N", "28": "E", "80": "E", "39": "S", "0": "E", "75": "E", "53": "S", "55": "W", "47": "W", "36": "W", "21": "E", "11": "E", "34": "S", "50": "E"}, {"2": "E", "70": "E", "67": "S", "45": "S", "13": "S", "62": "S", "30": "E", "33": "S", "58": "E", "26": "E", "66": "E", "71": "N", "14": "E", "31": "S", "61": "W", "81": "W", "16": "S", "23": "N", "4": "E", "25": "W", "19": "S", "59": "W", "54": "E", "18": "W", "28": "E", "80": "E", "0": "N", "75": "E", "43": "W", "53": "S", "55": "S", "36": "N", "21": "E", "11": "E", "50": "E"}, {"2": "E", "70": "S", "67": "S", "45": "E", "13": "S", "62": "S", "30": "S", "33": "S", "58": "S", "35": "E", "26": "E", "66": "E", "71": "E", "14": "E", "31": "E", "61": "S", "16": "E", "23": "N", "4": "S", "19": "W", "59": "N", "54": "S", "29": "S", "80": "S", "0": "N", "75": "E", "53": "E", "72": "E", "69": "S", "55": "W", "36": "N", "11": "E"}, {"70": "S", "67": "S", "45": "E", "13": "E", "62": "S", "33": "E", "58": "E", "35": "E", "26": "N", "66": "E", "71": "E", "14": "N", "31": "E", "81": "E", "16": "E", "23": "N", "4": "E", "19": "W", "59": "N", "54": "E", "18": "E", "68": "S", "80": "E", "0": "N", "75": "E", "53": "E", "55": "W", "47": "E", "21": "E", "11": "E", "34": "S", "50": "E", "6": "S"}, {"70": "E", "67": "E", "13": "E", "62": "S", "33": "E", "58": "E", "35": "E", "26": "E", "71": "S", "14": "N", "31": "E", "3": "W", "81": "E", "16": "E", "23": "N", "37": "S", "4": "E", "25": "W", "19": "S", "12": "N", "59": "E", "54": "E", "18": "E", "80": "E", "0": "N", "75": "E", "53": "E", "47": "E", "21": "S", "11": "E", "34": "E", "50": "S", "6": "S"}, {"70": "S", "67": "E", "13": "E", "30": "S", "33": "E", "58": "E", "24": "E", "26": "E", "14": "E", "31": "N", "3": "W", "61": "W", "81": "E", "16": "S", "23": "N", "37": "W", "4": "E", "19": "E", "59": "E", "54": "E", "18": "E", "29": "S", "28": "W", "80": "E", "0": "E", "75": "E", "43": "E", "53": "E", "55": "E", "21": "E", "11": "S", "50": "E", "6": "S"}, {"67": "E", "13": "E", "33": "E", "58": "E", "26": "N", "71": "N", "14": "E", "3": "W", "61": "N", "81": "E", "16": "E", "23": "E", "37": "N", "4": "N", "25": "E", "19": "E", "12": "S", "59": "E", "54": "E", "18": "E", "80": "E", "0": "E", "75": "E", "43": "E", "55": "E", "21": "E", "11": "E", "50": "E", "6": "W"}, {"67": "E", "62": "S", "58": "E", "26": "N", "71": "N", "14": "E", "3": "W", "61": "N", "81": "E", "16": "E", "23": "E", "37": "W", "4": "E", "25": "E", "19": "E", "59": "E", "54": "N", "18": "E", "28": "E", "80": "N", "43": "E", "21": "E", "50": "E", "6": "W"}, {"67": "E", "62": "S", "58": "E", "14": "E", "31": "S", "61": "E", "16": "E", "23": "E", "4": "N", "25": "E", "19": "E", "59": "E", "80": "E", "53": "E", "69": "N", "47": "E", "21": "E", "50": "N", "6": "W"}, {"58": "N", "49": "N", "14": "E", "3": "S", "16": "E", "4": "N", "12": "N", "80": "E", "75": "S", "21": "E", "6": "W"}, {"58": "E", "14": "S", "16": "N", "68": "N", "80": "E", "75": "E", "69": "S", "21": "N", "6": "N"}, {"58": "E", "49": "S", "14": "S", "16": "N", "37": "N", "80": "E", "75": "E", "21": "E"}, {"58": "E", "3": "N", "16": "W", "37": "E", "80": "E", "6": "N"}, {"16": "N", "37": "S", "80": "N", "75": "N", "6": "N"}, {"37": "W", "80": "N", "75": "N"}], "result": "SUCCESS", "makespan": 46, "sum": 1873, "algo_name": "OutAndInByPercentage_rand_BIT_", "extra": {"arrival_order": [40, 20, 38, 8, 77, 2, 65, 70, 1, 67, 45, 13, 27, 41, 62, 7, 30, 64, 60, 15, 57, 46, 33, 58, 35, 24, 63, 26, 51, 17, 66, 49, 71, 14, 31, 56, 3, 61, 81, 74, 16, 23, 37, 9, 4, 25, 82, 19, 73, 12, 79, 59, 54, 5, 42, 10, 18, 48, 29, 68, 28, 22, 80, 39, 78, 0, 52, 75, 43, 53, 72, 69, 55, 47, 76, 36, 21, 11, 32, 34, 44, 50, 6], "time_arrived": [1179, 164, 116, 721, 856, 1000, 1450, 280, 87, 831, 1019, 1374, 938, 227, 662, 376, 788, 568, 1034, 910, 58, 1356, 1106, 811, 484, 875, 535, 233, 1090, 1069, 298, 683, 1381, 429, 1395, 475, 1327, 824, 68, 1154, 48, 239, 1009, 1235, 1411, 205, 409, 1296, 1049, 608, 1440, 558, 1194, 1247, 986, 1289, 711, 384, 457, 957, 353, 733, 258, 501, 330, 134, 589, 186, 1074, 1277, 153, 628, 1262, 924, 750, 1222, 1317, 95, 1168, 949, 1145, 743, 895], "BIT_runs": 1, "old_makespan": 1450, "old_sum": 2101, "improved": "[40, 20, 38, 8, 77, 2, 65, 70, 1, 67, 45, 13, 27, 41, 62, 7, 30, 64, 60, 15, 57, 46, 33, 58, 35, 24, 63, 26, 51, 17, 66, 49, 71, 14, 31, 56, 3, 61, 81, 74, 16, 23, 37, 9, 4, 25, 82, 19, 73, 12, 79, 59, 54, 5, 42, 10, 18, 48, 29, 68, 28, 22, 80, 39, 78, 0, 52, 75, 43, 53, 72, 69, 55, 47, 76, 36, 21, 11, 32, 34, 44, 50, 6],", "goal_raise_for_bs": 32}}