{"instance": "small_007_20x20_40_82", "steps": [{"16": "W", "7": "N", "38": "N", "52": "E", "26": "S", "19": "W", "62": "N", "30": "N", "24": "S", "34": "S", "23": "W", "17": "W", "65": "W", "4": "S", "21": "S", "11": "E", "22": "N", "42": "W", "3": "S", "1": "N", "77": "W", "13": "W", "2": "N", "80": "W", "54": "S", "47": "W", "71": "S", "45": "S", "31": "N", "73": "N", "69": "W", "59": "N", "40": "W", "9": "E", "0": "E", "81": "E", "75": "S", "66": "E", "56": "S", "51": "W", "39": "E", "35": "W", "12": "N", "8": "N", "63": "S", "29": "N", "44": "W", "61": "E", "48": "E", "33": "N", "37": "S", "14": "S", "50": "N", "28": "S", "6": "W", "58": "W", "25": "E", "41": "W", "72": "W", "68": "S", "18": "W", "74": "W", "64": "S", "27": "S", "15": "S", "60": "S", "57": "S"}, {"16": "W", "7": "N", "38": "N", "52": "E", "26": "W", "19": "W", "62": "N", "30": "N", "24": "S", "23": "W", "17": "W", "65": "W", "70": "W", "4": "W", "53": "S", "21": "S", "11": "N", "22": "W", "42": "N", "3": "S", "1": "N", "77": "S", "2": "N", "80": "W", "54": "S", "47": "W", "71": "W", "45": "S", "31": "N", "73": "N", "69": "S", "5": "N", "40": "W", "9": "E", "76": "N", "66": "E", "56": "S", "51": "W", "20": "S", "12": "N", "8": "W", "63": "S", "29": "N", "44": "W", "79": "N", "61": "E", "48": "E", "37": "S", "14": "S", "50": "N", "28": "E", "58": "W", "25": "N", "72": "N", "68": "W", "18": "W", "74": "W", "64": "S", "27": "S", "15": "S", "60": "S", "57": "S"}, {"38": "N", "52": "E", "26": "W", "19": "W", "62": "N", "30": "N", "24": "S", "34": "W", "23": "W", "17": "W", "65": "W", "70": "W", "4": "S", "67": "N", "53": "S", "21": "S", "11": "N", "22": "S", "43": "W", "42": "N", "3": "W", "1": "W", "77": "S", "2": "N", "80": "W", "54": "S", "47": "W", "71": "S", "45": "S", "69": "S", "5": "E", "9": "N", "0": "S", "81": "W", "76": "N", "75": "S", "66": "E", "56": "E", "55": "S", "51": "S", "39": "S", "20": "W", "12": "W", "10": "W", "8": "N", "63": "S", "29": "N", "44": "W", "79": "E", "61": "E", "48": "N", "33": "W", "37": "S", "14": "E", "50": "N", "32": "W", "28": "N", "78": "N", "58": "W", "25": "W", "41": "S", "68": "S", "18": "W", "74": "W", "64": "S", "27": "S", "15": "S", "49": "W", "60": "S", "57": "S"}, {"7": "N", "38": "E", "52": "E", "26": "W", "19": "W", "62": "N", "30": "E", "24": "S", "34": "W", "23": "W", "17": "W", "65": "W", "70": "W", "4": "S", "67": "N", "53": "S", "21": "S", "11": "E", "43": "N", "42": "N", "3": "W", "1": "W", "77": "S", "13": "S", "80": "W", "54": "S", "47": "W", "71": "S", "45": "W", "69": "S", "40": "N", "9": "N", "81": "N", "76": "N", "75": "S", "66": "E", "56": "N", "55": "S", "51": "S", "39": "E", "20": "S", "12": "S", "10": "N", "8": "N", "63": "S", "29": "W", "44": "S", "79": "N", "61": "E", "48": "N", "33": "W", "37": "S", "14": "E", "50": "W", "36": "W", "28": "N", "6": "N", "78": "E", "58": "N", "25": "S", "41": "S", "72": "N", "68": "W", "18": "W", "74": "W", "46": "S", "64": "S", "27": "S", "15": "S", "49": "N", "60": "S", "57": "S"}, {"16": "W", "7": "N", "38": "S", "52": "E", "19": "W", "62": "N", "24": "S", "34": "W", "23": "W", "17": "N", "65": "W", "70": "W", "4": "S", "67": "N", "53": "S", "21": "S", "43": "N", "42": "N", "3": "W", "1": "W", "77": "S", "13": "W", "2": "W", "80": "W", "54": "E", "47": "W", "71": "S", "45": "W", "31": "N", "73": "N", "69": "S", "5": "N", "40": "N", "9": "N", "0": "S", "81": "N", "76": "N", "75": "S", "66": "N", "56": "E", "51": "S", "39": "E", "20": "S", "12": "W", "10": "N", "8": "N", "29": "W", "79": "N", "61": "S", "48": "W", "33": "N", "37": "E", "14": "E", "50": "N", "36": "S", "32": "S", "28": "N", "6": "N", "78": "N", "58": "N", "25": "S", "72": "N", "68": "W", "18": "S", "74": "S", "64": "S", "27": "S", "15": "S", "49": "N", "60": "S", "57": "S"}, {"16": "W", "38": "S", "52": "E", "26": "W", "19": "S", "62": "E", "30": "E", "24": "S", "23": "S", "17": "N", "70": "W", "4": "S", "67": "N", "53": "S", "21": "W", "22": "N", "43": "W", "42": "N", "3": "W", "1": "W", "77": "W", "13": "S", "47": "W", "71": "S", "45": "S", "69": "S", "5": "N", "59": "N", "40": "N", "9": "N", "0": "E", "81": "N", "76": "N", "75": "W", "66": "W", "56": "N", "51": "W", "39": "E", "12": "W", "10": "N", "8": "N", "63": "W", "29": "W", "79": "N", "61": "W", "33": "W", "37": "N", "14": "E", "50": "N", "36": "S", "32": "S", "6": "E", "58": "N", "25": "S", "41": "W", "72": "N", "18": "S", "64": "S", "27": "S", "15": "S", "49": "N", "60": "S", "57": "S"}, {"38": "S", "52": "E", "26": "W", "19": "E", "62": "E", "30": "S", "24": "S", "34": "W", "23": "E", "65": "E", "70": "S", "4": "W", "67": "E", "53": "S", "21": "S", "43": "W", "42": "N", "3": "S", "1": "W", "77": "W", "47": "S", "71": "W", "45": "W", "69": "S", "5": "N", "9": "N", "0": "E", "81": "E", "76": "N", "75": "W", "66": "W", "56": "N", "51": "S", "39": "E", "12": "W", "10": "N", "8": "N", "63": "S", "29": "W", "44": "N", "79": "N", "61": "W", "33": "N", "14": "N", "50": "N", "36": "S", "32": "S", "28": "N", "6": "N", "58": "N", "25": "S", "41": "S", "72": "N", "68": "N", "18": "S", "74": "E", "27": "S", "15": "S", "60": "S", "57": "S"}, {"16": "W", "38": "S", "52": "E", "26": "N", "19": "E", "62": "E", "30": "S", "24": "W", "34": "W", "23": "E", "65": "E", "70": "S", "4": "W", "67": "E", "53": "S", "21": "S", "43": "W", "42": "N", "1": "N", "77": "S", "13": "E", "47": "S", "71": "W", "45": "W", "5": "N", "9": "N", "0": "E", "81": "E", "75": "S", "66": "W", "56": "N", "51": "S", "39": "E", "12": "S", "10": "N", "8": "N", "63": "S", "79": "E", "61": "N", "33": "N", "14": "N", "36": "E", "32": "E", "28": "N", "6": "N", "58": "N", "25": "W", "41": "S", "72": "E", "18": "S", "74": "E", "46": "S", "64": "S", "27": "E", "15": "W", "49": "N", "60": "E", "57": "E"}, {"38": "S", "52": "N", "26": "W", "19": "E", "62": "S", "30": "W", "24": "W", "34": "N", "23": "E", "70": "S", "4": "W", "67": "E", "53": "S", "21": "S", "43": "N", "42": "N", "1": "W", "77": "S", "13": "S", "47": "S", "71": "W", "45": "S", "31": "W", "59": "W", "9": "N", "0": "E", "75": "S", "66": "N", "56": "N", "51": "S", "39": "E", "12": "S", "10": "E", "8": "N", "44": "W", "79": "E", "61": "N", "33": "N", "14": "N", "50": "S", "36": "S", "32": "S", "28": "E", "6": "N", "58": "E", "25": "S", "41": "W", "72": "N", "18": "S", "64": "S", "27": "E", "15": "W", "49": "E", "60": "N", "57": "N"}, {"52": "N", "26": "N", "19": "E", "62": "S", "30": "W", "24": "W", "34": "W", "23": "S", "70": "S", "4": "W", "67": "E", "53": "W", "21": "S", "43": "W", "42": "N", "1": "W", "77": "S", "13": "W", "71": "W", "45": "W", "31": "N", "73": "N", "69": "W", "5": "N", "9": "N", "0": "S", "75": "S", "66": "N", "55": "W", "51": "S", "12": "S", "10": "E", "8": "N", "63": "S", "44": "S", "79": "E", "61": "N", "33": "N", "37": "W", "14": "N", "36": "S", "32": "S", "28": "E", "6": "N", "58": "N", "25": "S", "41": "W", "72": "W", "18": "S", "46": "S", "64": "E", "27": "N", "15": "W", "60": "E", "57": "E"}, {"52": "N", "26": "N", "19": "E", "62": "S", "30": "S", "24": "W", "34": "N", "23": "S", "70": "S", "4": "W", "67": "E", "53": "S", "21": "W", "43": "W", "42": "N", "1": "N", "77": "S", "13": "S", "71": "W", "45": "W", "31": "W", "69": "W", "5": "N", "40": "N", "9": "W", "0": "S", "81": "N", "75": "S", "66": "N", "55": "W", "51": "W", "39": "N", "12": "W", "10": "E", "8": "N", "44": "S", "79": "E", "61": "N", "33": "E", "37": "W", "14": "N", "36": "S", "32": "S", "28": "N", "6": "N", "78": "W", "58": "E", "25": "E", "41": "S", "72": "N", "68": "N", "18": "S", "64": "N", "27": "N", "15": "W", "49": "W", "60": "N", "57": "N"}, {"52": "E", "26": "N", "19": "E", "30": "S", "24": "N", "34": "N", "23": "S", "70": "S", "4": "N", "67": "E", "53": "S", "21": "W", "43": "W", "42": "N", "1": "W", "77": "S", "13": "S", "54": "S", "71": "W", "45": "W", "31": "N", "5": "E", "59": "N", "9": "N", "0": "E", "81": "E", "76": "N", "75": "S", "66": "N", "55": "W", "51": "W", "39": "N", "12": "W", "10": "E", "8": "W", "44": "E", "79": "E", "61": "N", "33": "N", "37": "S", "14": "N", "32": "W", "6": "N", "78": "W", "41": "W", "72": "N", "18": "S", "74": "W", "46": "S", "64": "N", "27": "E", "15": "N", "49": "N", "60": "N", "57": "N"}, {"52": "E", "26": "N", "19": "E", "62": "S", "30": "S", "24": "N", "34": "N", "23": "S", "70": "S", "4": "N", "67": "E", "53": "S", "21": "W", "22": "W", "43": "W", "42": "E", "3": "E", "1": "W", "77": "S", "13": "S", "71": "W", "45": "W", "31": "N", "5": "E", "59": "N", "9": "W", "0": "E", "81": "E", "76": "N", "75": "S", "66": "N", "56": "S", "55": "W", "51": "W", "20": "W", "12": "S", "10": "E", "8": "N", "63": "E", "44": "S", "79": "E", "61": "N", "33": "N", "37": "W", "14": "N", "36": "S", "32": "S", "28": "N", "6": "N", "78": "W", "58": "N", "25": "S", "41": "W", "72": "E", "68": "W", "18": "S", "64": "E", "27": "E", "15": "W", "49": "W", "60": "N", "57": "N"}, {"7": "S", "52": "E", "26": "N", "19": "E", "62": "S", "30": "S", "24": "N", "34": "N", "23": "S", "70": "S", "4": "N", "53": "S", "21": "W", "22": "S", "43": "W", "42": "N", "3": "E", "1": "S", "77": "W", "13": "W", "54": "W", "71": "W", "45": "W", "31": "N", "69": "E", "5": "S", "59": "E", "9": "W", "0": "N", "81": "E", "66": "N", "55": "W", "51": "W", "39": "E", "20": "S", "12": "S", "10": "E", "8": "N", "63": "N", "44": "S", "79": "E", "61": "N", "33": "N", "37": "W", "14": "N", "36": "E", "32": "S", "28": "E", "6": "N", "78": "W", "58": "N", "25": "S", "41": "N", "68": "N", "18": "E", "46": "N", "64": "E", "27": "E", "15": "N", "60": "E", "57": "E"}, {"7": "W", "52": "E", "26": "N", "19": "N", "62": "S", "30": "S", "24": "W", "34": "N", "23": "S", "70": "S", "53": "W", "21": "N", "22": "S", "43": "S", "42": "N", "1": "W", "77": "S", "13": "S", "71": "W", "31": "N", "73": "W", "5": "S", "59": "N", "40": "N", "9": "W", "0": "N", "81": "S", "66": "N", "51": "N", "20": "S", "12": "S", "10": "E", "8": "N", "44": "S", "79": "E", "61": "N", "33": "N", "37": "W", "14": "N", "36": "S", "32": "S", "28": "E", "6": "N", "78": "S", "25": "W", "41": "N", "68": "W", "18": "E", "74": "E", "46": "N", "64": "E", "27": "E", "49": "N", "60": "E", "57": "E"}, {"7": "S", "52": "E", "26": "W", "19": "E", "62": "S", "30": "W", "24": "W", "34": "N", "23": "S", "70": "S", "53": "W", "21": "N", "22": "S", "43": "W", "42": "W", "3": "W", "1": "W", "77": "S", "13": "S", "80": "W", "71": "W", "31": "E", "73": "N", "5": "S", "59": "N", "40": "N", "9": "W", "0": "E", "81": "E", "75": "S", "66": "N", "56": "S", "55": "N", "51": "N", "39": "N", "20": "W", "12": "S", "10": "E", "8": "N", "63": "W", "29": "W", "44": "S", "79": "N", "61": "N", "33": "N", "37": "W", "14": "N", "36": "S", "32": "S", "28": "E", "6": "N", "78": "S", "25": "W", "41": "W", "72": "W", "68": "W", "18": "E", "64": "E", "27": "E", "15": "W", "49": "E", "60": "E", "57": "E"}, {"7": "S", "52": "E", "26": "W", "62": "S", "30": "W", "24": "N", "34": "N", "23": "E", "70": "S", "67": "N", "53": "W", "21": "N", "22": "S", "43": "W", "42": "W", "3": "W", "1": "W", "77": "S", "13": "S", "80": "W", "71": "W", "31": "N", "73": "N", "5": "E", "59": "N", "40": "N", "9": "W", "0": "E", "81": "E", "75": "S", "66": "N", "56": "S", "55": "W", "51": "W", "20": "S", "12": "S", "10": "E", "8": "N", "63": "W", "29": "W", "44": "S", "79": "E", "61": "N", "33": "N", "37": "W", "14": "N", "36": "S", "32": "S", "28": "E", "6": "N", "78": "W", "58": "W", "25": "W", "41": "W", "72": "N", "68": "W", "46": "N", "64": "E", "27": "E", "15": "W", "49": "E", "60": "E", "57": "E"}, {"7": "S", "38": "W", "52": "E", "26": "W", "62": "S", "24": "N", "34": "W", "23": "E", "70": "S", "53": "W", "21": "N", "22": "S", "43": "W", "42": "W", "1": "W", "77": "S", "13": "S", "80": "N", "54": "S", "71": "W", "31": "N", "73": "N", "5": "E", "59": "N", "40": "N", "9": "W", "0": "E", "76": "W", "75": "S", "66": "N", "56": "S", "55": "W", "51": "W", "39": "E", "20": "S", "12": "S", "10": "N", "8": "N", "63": "W", "44": "S", "79": "S", "61": "N", "33": "N", "37": "W", "14": "N", "36": "S", "32": "S", "28": "E", "6": "W", "78": "W", "58": "W", "25": "W", "41": "W", "64": "E", "27": "E", "15": "W", "49": "E", "60": "E", "57": "E"}, {"7": "S", "52": "E", "26": "W", "24": "N", "34": "W", "23": "E", "70": "S", "53": "W", "21": "W", "22": "S", "43": "W", "42": "W", "3": "W", "1": "W", "77": "W", "13": "S", "80": "N", "54": "E", "71": "N", "31": "N", "73": "N", "5": "E", "59": "W", "40": "N", "9": "W", "0": "E", "76": "N", "75": "W", "66": "N", "55": "W", "39": "S", "20": "S", "12": "S", "10": "E", "8": "N", "63": "N", "79": "E", "61": "N", "33": "E", "37": "W", "14": "N", "36": "S", "32": "S", "28": "E", "6": "N", "78": "W", "58": "W", "25": "W", "41": "W", "72": "W", "64": "E", "27": "N", "15": "W", "49": "S", "60": "E", "57": "E"}, {"7": "S", "52": "S", "26": "W", "24": "N", "34": "W", "23": "S", "70": "S", "67": "S", "53": "W", "21": "N", "22": "S", "43": "W", "42": "W", "1": "W", "77": "W", "80": "N", "71": "N", "73": "N", "69": "W", "5": "E", "59": "N", "40": "N", "9": "W", "0": "E", "76": "W", "75": "S", "66": "W", "56": "N", "55": "W", "20": "S", "12": "S", "10": "E", "8": "N", "63": "W", "29": "S", "79": "E", "61": "E", "33": "E", "37": "W", "14": "N", "32": "S", "28": "N", "6": "W", "78": "S", "58": "N", "25": "W", "41": "W", "72": "N", "46": "N", "64": "E", "27": "N", "15": "W", "49": "E", "60": "E"}, {"16": "N", "38": "E", "52": "S", "26": "W", "24": "N", "34": "W", "23": "S", "70": "E", "67": "E", "53": "S", "21": "N", "22": "S", "43": "W", "42": "W", "1": "W", "77": "W", "80": "N", "71": "W", "31": "E", "73": "N", "5": "E", "59": "N", "40": "N", "9": "W", "0": "N", "76": "N", "75": "S", "66": "N", "56": "N", "55": "W", "20": "S", "12": "S", "10": "E", "8": "E", "63": "W", "79": "S", "61": "N", "33": "E", "37": "N", "14": "N", "32": "S", "28": "N", "6": "W", "78": "S", "25": "N", "41": "N", "72": "E", "68": "W", "74": "S", "46": "N", "64": "N", "27": "N", "15": "W", "49": "E", "60": "E", "57": "N"}, {"16": "E", "52": "S", "26": "W", "24": "N", "23": "S", "70": "S", "67": "S", "53": "W", "22": "S", "43": "W", "42": "W", "1": "W", "77": "W", "13": "S", "80": "N", "71": "N", "31": "N", "73": "N", "5": "E", "59": "N", "9": "W", "0": "E", "76": "N", "75": "W", "66": "W", "56": "N", "55": "W", "51": "S", "20": "W", "12": "S", "10": "E", "8": "N", "63": "S", "29": "W", "44": "W", "79": "S", "61": "N", "33": "E", "37": "N", "14": "N", "36": "W", "32": "E", "28": "N", "6": "W", "78": "S", "58": "N", "25": "N", "41": "W", "72": "N", "68": "S", "74": "E", "46": "N", "64": "N", "27": "N", "15": "N", "49": "E", "60": "E", "57": "E"}, {"16": "E", "52": "S", "26": "N", "24": "N", "23": "E", "70": "E", "67": "S", "53": "W", "22": "S", "43": "S", "42": "W", "3": "W", "1": "S", "77": "W", "13": "S", "71": "N", "45": "W", "31": "E", "73": "W", "69": "E", "5": "E", "59": "N", "40": "S", "9": "W", "0": "N", "76": "N", "75": "W", "66": "W", "55": "N", "51": "S", "20": "W", "12": "S", "10": "E", "8": "N", "63": "W", "29": "N", "79": "S", "61": "W", "33": "E", "37": "N", "14": "N", "32": "E", "28": "E", "6": "W", "78": "S", "25": "E", "41": "N", "68": "S", "74": "E", "64": "N", "27": "N", "15": "N", "49": "E", "60": "N", "57": "E"}, {"16": "E", "52": "S", "26": "N", "24": "N", "23": "S", "70": "E", "67": "S", "53": "S", "22": "S", "43": "S", "42": "W", "3": "S", "1": "S", "77": "W", "13": "S", "80": "W", "54": "N", "71": "N", "45": "W", "31": "E", "73": "N", "5": "S", "59": "N", "40": "S", "9": "W", "0": "N", "76": "N", "75": "W", "66": "W", "56": "S", "55": "N", "51": "W", "20": "W", "12": "S", "10": "E", "8": "N", "63": "W", "29": "N", "44": "E", "79": "S", "61": "W", "33": "E", "37": "N", "14": "N", "32": "S", "28": "E", "6": "W", "78": "S", "58": "N", "25": "N", "41": "N", "68": "S", "74": "S", "64": "N", "27": "N", "15": "N", "49": "E", "60": "N", "57": "E"}, {"16": "E", "52": "S", "26": "N", "24": "W", "23": "S", "70": "E", "67": "S", "53": "W", "22": "E", "43": "W", "42": "S", "3": "S", "1": "S", "77": "S", "13": "W", "80": "N", "71": "N", "45": "N", "31": "E", "73": "E", "5": "S", "40": "S", "9": "W", "0": "E", "76": "N", "75": "W", "66": "W", "55": "N", "51": "S", "20": "W", "12": "S", "10": "E", "8": "E", "63": "W", "29": "W", "79": "S", "61": "W", "33": "E", "37": "N", "14": "N", "32": "E", "28": "E", "6": "W", "78": "S", "58": "N", "25": "N", "72": "W", "68": "S", "18": "N", "74": "S", "64": "N", "27": "N", "15": "N", "49": "E", "60": "N", "57": "N"}, {"16": "S", "52": "S", "26": "N", "24": "N", "23": "S", "70": "E", "67": "S", "53": "W", "22": "N", "43": "S", "42": "S", "3": "W", "1": "S", "77": "S", "13": "S", "80": "N", "71": "N", "45": "W", "31": "E", "73": "E", "5": "S", "59": "S", "40": "S", "9": "W", "0": "N", "76": "N", "75": "W", "66": "W", "56": "N", "55": "N", "51": "W", "20": "W", "12": "E", "10": "E", "8": "E", "63": "W", "29": "W", "44": "W", "79": "S", "61": "W", "33": "E", "37": "N", "14": "W", "32": "E", "28": "E", "6": "W", "78": "W", "58": "E", "72": "N", "68": "S", "74": "S", "64": "N", "27": "N", "15": "N", "60": "N", "57": "N"}, {"16": "E", "52": "W", "26": "N", "24": "N", "34": "W", "23": "S", "70": "E", "67": "S", "53": "W", "22": "N", "43": "S", "42": "W", "3": "S", "1": "S", "77": "W", "13": "S", "80": "E", "71": "W", "45": "W", "31": "S", "73": "N", "5": "S", "59": "S", "40": "S", "9": "W", "0": "N", "76": "N", "75": "W", "66": "W", "56": "N", "51": "W", "20": "N", "12": "E", "10": "S", "8": "N", "63": "N", "29": "N", "79": "S", "61": "W", "33": "E", "37": "N", "14": "N", "36": "W", "32": "E", "28": "E", "6": "W", "78": "S", "58": "E", "41": "N", "68": "S", "74": "S", "64": "N", "27": "N", "15": "N", "60": "N", "57": "N"}, {"16": "E", "52": "S", "26": "N", "24": "N", "34": "W", "23": "S", "70": "E", "67": "S", "53": "W", "43": "S", "42": "W", "3": "S", "1": "S", "77": "W", "13": "S", "80": "N", "71": "W", "69": "W", "5": "S", "59": "S", "40": "S", "9": "W", "0": "N", "76": "N", "75": "W", "66": "W", "56": "N", "51": "W", "12": "S", "10": "S", "8": "E", "63": "N", "29": "W", "61": "W", "33": "N", "37": "N", "14": "N", "36": "S", "32": "E", "28": "E", "6": "W", "78": "S", "58": "N", "41": "N", "72": "N", "68": "S", "18": "S", "64": "N", "27": "N", "15": "N", "60": "N", "57": "N"}, {"16": "E", "52": "S", "26": "N", "24": "N", "34": "S", "23": "E", "65": "S", "70": "N", "67": "W", "53": "W", "43": "S", "42": "W", "3": "S", "1": "S", "77": "W", "13": "S", "80": "E", "71": "N", "45": "E", "69": "N", "5": "S", "59": "S", "40": "S", "9": "S", "0": "N", "76": "E", "75": "W", "66": "W", "56": "N", "51": "W", "20": "S", "12": "E", "10": "S", "8": "S", "29": "N", "44": "E", "61": "W", "33": "N", "37": "W", "14": "W", "36": "E", "32": "E", "28": "E", "6": "W", "78": "S", "58": "N", "41": "N", "72": "E", "68": "S", "74": "N", "64": "N", "27": "N", "15": "N", "60": "N", "57": "N"}, {"16": "E", "52": "S", "26": "E", "24": "N", "23": "E", "65": "E", "70": "E", "67": "S", "53": "N", "43": "S", "42": "W", "3": "S", "77": "W", "13": "W", "80": "N", "54": "S", "71": "N", "45": "E", "73": "N", "69": "E", "5": "S", "59": "S", "9": "S", "0": "N", "76": "E", "75": "W", "66": "W", "56": "N", "51": "W", "12": "E", "10": "S", "8": "S", "63": "N", "29": "N", "61": "W", "33": "E", "37": "N", "14": "W", "36": "S", "32": "E", "28": "N", "6": "W", "78": "S", "58": "E", "41": "W", "68": "S", "74": "N", "64": "N", "27": "N", "15": "N", "60": "N", "57": "N"}, {"16": "E", "52": "S", "24": "N", "23": "E", "65": "E", "70": "E", "67": "S", "53": "N", "43": "S", "42": "W", "3": "S", "77": "W", "13": "W", "80": "E", "71": "N", "45": "E", "69": "S", "5": "S", "59": "S", "9": "S", "0": "E", "76": "N", "75": "W", "66": "W", "51": "W", "12": "S", "10": "S", "8": "S", "29": "N", "61": "W", "33": "E", "37": "W", "14": "W", "36": "E", "32": "N", "28": "E", "6": "W", "78": "S", "58": "E", "41": "N", "72": "S", "68": "S", "74": "N", "64": "N", "27": "N", "15": "N", "60": "N", "57": "N"}, {"16": "E", "52": "S", "24": "N", "34": "N", "23": "E", "65": "N", "70": "E", "53": "N", "43": "S", "42": "W", "3": "E", "77": "W", "13": "S", "71": "N", "45": "E", "73": "S", "69": "E", "5": "S", "59": "S", "0": "N", "76": "N", "75": "W", "66": "W", "51": "S", "20": "N", "12": "S", "10": "S", "8": "E", "29": "E", "44": "E", "61": "W", "33": "E", "37": "N", "14": "W", "36": "S", "32": "E", "28": "S", "6": "W", "78": "S", "58": "E", "41": "N", "68": "E", "74": "N", "64": "N", "27": "N", "60": "N", "57": "N"}, {"16": "E", "24": "N", "34": "E", "23": "E", "65": "E", "70": "E", "53": "N", "43": "S", "42": "W", "3": "E", "77": "W", "13": "W", "54": "N", "71": "N", "5": "S", "59": "E", "0": "W", "76": "N", "75": "W", "66": "W", "12": "E", "10": "S", "8": "E", "29": "E", "44": "E", "61": "W", "33": "E", "37": "N", "14": "N", "36": "S", "32": "E", "28": "S", "6": "W", "78": "S", "58": "E", "41": "N", "68": "S", "74": "N", "64": "N", "27": "N", "15": "N", "60": "N", "57": "N"}, {"24": "E", "34": "E", "23": "E", "65": "E", "70": "E", "53": "N", "43": "S", "42": "W", "3": "E", "77": "W", "13": "W", "71": "N", "5": "S", "0": "N", "75": "W", "66": "W", "12": "E", "10": "S", "8": "E", "29": "N", "44": "E", "61": "W", "33": "E", "37": "N", "14": "W", "36": "E", "32": "E", "28": "S", "6": "W", "78": "S", "58": "E", "41": "N", "74": "E", "64": "N", "27": "N", "15": "N", "60": "N", "57": "N"}, {"24": "N", "23": "N", "65": "E", "70": "E", "53": "N", "43": "S", "42": "S", "77": "N", "13": "W", "80": "N", "71": "E", "73": "N", "5": "S", "0": "E", "76": "S", "75": "N", "66": "W", "51": "N", "12": "S", "10": "S", "8": "S", "29": "N", "61": "W", "33": "E", "37": "N", "14": "W", "36": "N", "32": "E", "28": "S", "6": "W", "78": "S", "58": "E", "41": "N", "68": "E", "64": "N", "27": "N", "15": "N", "60": "N", "57": "N"}, {"24": "E", "23": "N", "65": "E", "53": "N", "43": "E", "42": "S", "13": "W", "71": "N", "76": "S", "75": "N", "66": "W", "51": "N", "12": "E", "10": "E", "8": "E", "29": "E", "44": "E", "61": "W", "33": "E", "37": "N", "14": "W", "36": "N", "32": "N", "28": "S", "6": "S", "78": "S", "58": "E", "41": "N", "64": "N", "27": "W", "15": "N", "60": "N", "57": "N"}, {"24": "E", "23": "N", "42": "S", "13": "N", "71": "E", "73": "S", "76": "S", "75": "N", "66": "W", "51": "N", "12": "E", "10": "S", "8": "E", "61": "W", "33": "E", "14": "W", "36": "N", "32": "E", "28": "S", "6": "S", "78": "E", "58": "S", "41": "N", "64": "N", "27": "W", "15": "N", "60": "N", "57": "N"}, {"24": "S", "23": "N", "42": "S", "13": "N", "80": "S", "75": "N", "66": "W", "51": "N", "12": "N", "10": "S", "8": "E", "61": "W", "33": "S", "14": "W", "32": "E", "28": "S", "6": "W", "78": "S", "58": "S", "41": "N", "64": "W", "27": "W", "15": "N", "60": "N", "57": "N"}, {"23": "N", "42": "S", "13": "N", "75": "N", "66": "S", "12": "E", "8": "E", "61": "W", "33": "S", "14": "W", "32": "E", "28": "S", "6": "W", "78": "E", "58": "S", "41": "N", "72": "W", "64": "N", "27": "S", "15": "N", "60": "N", "57": "N"}, {"23": "N", "42": "S", "13": "N", "75": "N", "66": "S", "12": "E", "61": "W", "14": "W", "32": "E", "28": "S", "6": "S", "78": "E", "58": "S", "41": "N", "64": "N", "27": "S", "15": "N", "60": "W", "57": "N"}, {"23": "N", "13": "N", "66": "W", "12": "E", "61": "W", "14": "W", "32": "E", "28": "E", "6": "S", "78": "E", "41": "N", "15": "N", "60": "N", "57": "N"}, {"23": "N", "13": "N", "66": "S", "12": "E", "61": "W", "14": "S", "32": "N", "28": "E", "6": "S", "78": "E", "41": "N", "15": "N", "57": "N"}, {"23": "W", "13": "N", "66": "S", "12": "E", "61": "S", "14": "S", "32": "N", "28": "N", "6": "E", "78": "E", "41": "N", "72": "S", "15": "N", "57": "N"}, {"23": "W", "13": "N", "66": "E", "12": "N", "61": "S", "32": "N", "6": "E", "78": "E", "41": "E", "15": "E", "57": "N"}, {"13": "W", "12": "E", "61": "S", "32": "N", "78": "E", "41": "N", "72": "N", "15": "N", "57": "W"}, {"12": "E", "61": "S", "32": "N", "78": "N", "41": "E", "15": "E", "57": "N"}, {"32": "N", "78": "E", "41": "E", "72": "E", "15": "E", "57": "W"}, {"78": "E", "41": "E", "15": "E", "57": "W"}, {"78": "E", "41": "E", "15": "E", "57": "S"}, {"41": "S", "15": "S"}, {"41": "E", "15": "E"}, {"41": "E", "15": "E"}, {"15": "E"}, {"15": "S"}, {"15": "S"}], "result": "SUCCESS", "makespan": 55, "sum": 2207, "algo_name": "OutAndInByPercentage_dist_from_grid_BIT_", "extra": {"arrival_order": [7, 16, 38, 52, 26, 19, 62, 30, 24, 34, 23, 17, 65, 70, 4, 67, 53, 21, 11, 22, 43, 42, 3, 1, 77, 13, 2, 80, 54, 47, 71, 45, 31, 73, 69, 5, 59, 40, 9, 0, 81, 76, 75, 66, 56, 55, 51, 39, 35, 20, 12, 10, 8, 63, 29, 44, 79, 61, 48, 33, 37, 14, 50, 36, 32, 28, 6, 78, 58, 25, 41, 72, 68, 18, 74, 46, 64, 27, 15, 49, 60, 57], "time_arrived": [867, 545, 626, 521, 317, 790, 1597, 20, 1204, 837, 1171, 406, 1134, 620, 1442, 1920, 33, 253, 1796, 120, 1088, 401, 422, 242, 177, 1697, 107, 1877, 1553, 1253, 145, 736, 1513, 1375, 203, 1061, 1470, 1401, 40, 1059, 805, 1740, 494, 457, 1269, 712, 1813, 669, 1338, 1944, 1452, 1047, 75, 373, 664, 1016, 999, 2021, 1664, 799, 1979, 1330, 132, 1220, 1847, 263, 987, 335, 1782, 766, 295, 701, 1757, 756, 1803, 948, 906, 580, 1640, 1291, 660, 886], "BIT_runs": 1, "old_makespan": 2021, "old_sum": 2447, "improved": "[38, 52, 26, 19, 62, 30, 24, 34, 23, 17, 65, 70, 4, 67, 53, 21, 11, 22, 43, 42, 3, 1, 77, 13, 2, 80, 54, 47, 71, 45, 31, 73, 69, 5, 59, 40, 9, 0, 81, 76, 75, 66, 56, 55, 51, 39, 35, 20, 12, 10, 8, 63, 29, 44, 79, 61, 48, 33, 37, 14, 50, 36, 32, 28, 6, 78, 58, 25, 41, 72, 68, 18, 74, 46, 64, 27, 15, 49, 60, 57],", "goal_raise_for_bs": 32}}