{"instance": "small_012_20x20_70_186", "steps": [{"109": "W", "106": "S", "38": "E", "73": "S", "80": "N", "15": "S", "72": "E", "55": "E", "170": "S", "68": "N", "53": "S", "139": "N", "16": "S", "100": "E", "105": "N", "70": "E", "179": "W", "7": "N", "14": "W", "56": "N", "44": "S", "91": "N", "9": "E", "120": "E", "76": "N", "79": "E", "164": "E", "64": "S", "34": "E", "128": "W", "101": "E", "19": "N", "121": "E", "126": "S", "84": "S", "26": "S", "52": "S", "168": "W", "83": "S", "174": "N", "36": "S", "86": "N", "31": "N", "169": "S", "41": "E", "98": "N", "122": "S", "58": "N", "3": "S", "8": "E", "154": "W", "82": "S", "181": "S", "123": "W", "173": "E", "111": "S", "108": "E", "28": "S", "125": "S", "30": "N", "50": "N", "114": "N", "59": "S", "66": "S", "110": "S", "141": "E", "23": "S", "47": "E", "171": "S", "92": "S", "107": "E", "160": "S", "4": "S", "1": "E", "46": "S", "33": "S", "62": "S", "18": "N", "140": "E", "130": "E", "145": "S", "148": "E", "96": "S", "89": "S", "124": "E", "67": "E", "147": "N", "27": "N", "71": "S", "45": "S", "99": "S", "85": "N", "172": "E", "51": "S", "117": "N", "32": "S", "37": "N", "161": "S", "40": "E", "77": "E", "137": "E", "183": "S", "178": "E", "146": "E", "90": "E", "95": "E", "119": "E", "142": "W", "94": "E", "118": "S", "75": "S", "129": "N", "177": "S", "167": "E", "39": "E", "149": "S", "11": "N", "136": "S", "135": "E", "163": "E", "159": "E", "134": "S", "157": "S", "104": "E", "113": "E", "103": "S", "22": "S", "152": "N", "143": "E", "42": "S", "156": "S", "29": "S", "21": "W", "35": "S", "65": "E", "185": "W"}, {"12": "S", "109": "W", "78": "N", "106": "S", "38": "E", "73": "S", "80": "N", "15": "S", "102": "S", "60": "N", "72": "E", "24": "E", "55": "N", "170": "S", "68": "N", "53": "S", "139": "N", "16": "S", "100": "E", "105": "N", "182": "S", "70": "E", "112": "S", "179": "W", "7": "N", "6": "S", "56": "N", "44": "S", "91": "N", "9": "E", "120": "E", "76": "W", "79": "E", "164": "E", "34": "E", "128": "W", "87": "N", "10": "S", "101": "E", "13": "S", "19": "N", "121": "E", "126": "S", "84": "W", "52": "S", "168": "W", "83": "S", "174": "N", "116": "N", "36": "S", "86": "N", "31": "N", "169": "S", "41": "E", "98": "N", "122": "S", "58": "W", "3": "W", "25": "W", "8": "E", "180": "S", "154": "W", "82": "S", "181": "S", "173": "E", "111": "S", "108": "E", "28": "S", "30": "N", "50": "N", "144": "W", "114": "N", "59": "S", "66": "S", "110": "S", "81": "W", "141": "E", "17": "S", "23": "S", "47": "E", "171": "S", "92": "W", "107": "E", "4": "S", "1": "E", "46": "S", "33": "S", "62": "S", "18": "N", "158": "S", "140": "E", "145": "S", "148": "E", "96": "S", "89": "S", "67": "E", "45": "S", "99": "S", "85": "N", "20": "S", "172": "E", "51": "W", "117": "N", "32": "S", "37": "N", "74": "S", "161": "S", "40": "E", "77": "E", "127": "W", "137": "N", "183": "S", "178": "E", "146": "E", "150": "S", "90": "E", "142": "S", "94": "E", "115": "S", "131": "W", "167": "E", "39": "E", "149": "S", "11": "N", "135": "E", "163": "S", "159": "S", "134": "S", "157": "S", "104": "E", "162": "S", "113": "E", "103": "S", "152": "N", "143": "E", "42": "S", "156": "S", "29": "W", "35": "W", "65": "E", "185": "N"}, {"12": "S", "109": "W", "78": "W", "106": "S", "38": "E", "73": "S", "80": "N", "15": "S", "102": "S", "72": "E", "24": "E", "55": "W", "68": "N", "139": "N", "16": "S", "100": "N", "105": "N", "182": "S", "155": "E", "70": "E", "43": "S", "112": "S", "179": "W", "7": "N", "133": "E", "56": "N", "44": "S", "91": "E", "9": "E", "120": "N", "76": "N", "79": "E", "164": "E", "64": "N", "34": "E", "128": "N", "87": "N", "10": "S", "101": "E", "13": "S", "54": "N", "19": "N", "57": "W", "48": "S", "121": "E", "126": "S", "97": "N", "26": "E", "52": "S", "174": "N", "116": "W", "36": "S", "86": "N", "31": "N", "169": "S", "41": "E", "98": "N", "122": "S", "58": "W", "3": "N", "8": "N", "154": "W", "82": "S", "181": "S", "123": "N", "111": "S", "108": "E", "28": "S", "50": "N", "49": "E", "144": "W", "59": "S", "66": "S", "110": "S", "81": "W", "141": "S", "17": "E", "47": "E", "171": "S", "92": "N", "107": "E", "4": "S", "1": "E", "46": "S", "61": "N", "165": "W", "33": "S", "62": "S", "18": "N", "158": "S", "0": "E", "140": "E", "130": "E", "145": "S", "148": "E", "89": "S", "124": "N", "67": "N", "176": "E", "147": "N", "27": "W", "71": "W", "132": "E", "45": "S", "85": "N", "20": "E", "172": "E", "51": "W", "69": "S", "117": "N", "74": "S", "161": "S", "40": "E", "77": "E", "127": "S", "183": "S", "178": "E", "146": "E", "90": "E", "95": "S", "94": "S", "5": "W", "115": "S", "129": "E", "131": "W", "177": "S", "88": "N", "39": "S", "149": "E", "11": "N", "136": "S", "135": "E", "159": "S", "157": "S", "104": "N", "162": "S", "175": "E", "113": "E", "103": "S", "152": "N", "143": "E", "42": "S", "156": "S", "29": "S", "35": "W", "65": "E", "185": "N"}, {"12": "S", "109": "W", "78": "W", "106": "S", "38": "E", "73": "S", "80": "N", "15": "S", "102": "S", "72": "N", "24": "E", "55": "W", "68": "N", "53": "S", "139": "N", "16": "S", "100": "W", "105": "N", "182": "S", "155": "S", "70": "E", "43": "S", "112": "S", "179": "S", "7": "N", "133": "N", "6": "E", "56": "N", "44": "W", "91": "S", "9": "E", "120": "W", "76": "W", "79": "E", "164": "N", "64": "W", "34": "E", "128": "W", "87": "N", "10": "S", "101": "E", "13": "S", "19": "N", "57": "W", "48": "W", "121": "E", "126": "S", "84": "W", "26": "S", "52": "S", "83": "S", "174": "N", "116": "W", "36": "S", "86": "N", "31": "N", "169": "S", "41": "E", "98": "N", "122": "S", "58": "W", "3": "W", "8": "W", "82": "S", "181": "S", "123": "E", "173": "E", "111": "S", "108": "S", "28": "S", "30": "N", "50": "N", "49": "E", "144": "W", "114": "N", "59": "S", "66": "S", "138": "N", "81": "W", "141": "E", "23": "S", "47": "E", "171": "S", "92": "N", "107": "S", "4": "W", "1": "E", "46": "S", "61": "N", "165": "N", "33": "S", "62": "S", "18": "N", "158": "S", "0": "S", "140": "E", "145": "S", "148": "E", "96": "S", "89": "S", "124": "N", "67": "W", "176": "E", "71": "N", "132": "S", "45": "S", "99": "S", "85": "N", "20": "E", "172": "E", "51": "W", "69": "S", "117": "N", "32": "N", "37": "N", "161": "S", "40": "E", "77": "E", "183": "S", "146": "E", "90": "E", "5": "W", "115": "S", "131": "W", "88": "E", "167": "S", "39": "E", "149": "S", "11": "N", "136": "S", "135": "E", "163": "S", "151": "N", "159": "E", "157": "S", "104": "W", "162": "S", "175": "E", "103": "S", "152": "N", "143": "E", "42": "S", "29": "S", "35": "W", "166": "S", "65": "E", "185": "N"}, {"12": "S", "109": "W", "78": "W", "106": "S", "38": "E", "73": "S", "80": "N", "15": "W", "102": "S", "60": "S", "24": "E", "55": "W", "68": "N", "53": "S", "139": "N", "105": "N", "155": "S", "70": "E", "93": "E", "112": "S", "179": "E", "7": "N", "133": "E", "56": "N", "9": "E", "120": "W", "76": "W", "79": "E", "164": "W", "34": "E", "87": "E", "10": "S", "101": "E", "13": "S", "57": "W", "48": "W", "121": "E", "97": "S", "26": "E", "52": "S", "168": "S", "83": "S", "174": "N", "116": "W", "36": "S", "86": "N", "31": "N", "169": "S", "98": "N", "122": "S", "58": "W", "3": "W", "82": "S", "173": "N", "111": "S", "28": "S", "125": "E", "30": "N", "50": "N", "49": "E", "144": "N", "114": "N", "59": "S", "110": "S", "63": "W", "138": "E", "81": "N", "141": "S", "17": "E", "23": "S", "47": "E", "171": "S", "92": "N", "107": "W", "4": "N", "1": "S", "46": "S", "18": "N", "158": "S", "130": "E", "145": "S", "148": "E", "96": "S", "89": "S", "124": "N", "67": "W", "147": "N", "71": "N", "132": "E", "45": "E", "99": "S", "20": "S", "172": "E", "51": "S", "117": "N", "37": "N", "161": "S", "40": "E", "77": "E", "183": "S", "146": "E", "90": "E", "119": "S", "5": "W", "115": "S", "129": "E", "131": "W", "177": "S", "88": "E", "39": "E", "149": "S", "11": "N", "136": "S", "163": "S", "151": "N", "134": "W", "157": "S", "162": "S", "175": "E", "152": "N", "143": "E", "42": "W", "156": "S", "35": "W", "65": "E"}, {"109": "W", "78": "W", "106": "S", "38": "E", "73": "S", "80": "N", "15": "S", "102": "S", "60": "W", "24": "E", "55": "N", "68": "N", "53": "S", "139": "N", "16": "S", "182": "S", "155": "E", "70": "E", "43": "S", "112": "S", "179": "N", "7": "N", "133": "N", "6": "E", "56": "N", "9": "E", "120": "W", "76": "W", "79": "E", "164": "W", "64": "W", "34": "E", "10": "S", "101": "E", "13": "S", "48": "W", "121": "E", "84": "W", "26": "S", "52": "S", "83": "S", "116": "W", "86": "N", "31": "N", "169": "S", "98": "N", "122": "S", "58": "S", "3": "N", "25": "S", "82": "S", "181": "S", "111": "S", "108": "W", "28": "S", "125": "E", "30": "W", "50": "N", "49": "E", "144": "N", "59": "W", "63": "S", "138": "E", "81": "N", "141": "W", "17": "S", "23": "S", "47": "E", "171": "S", "92": "N", "107": "W", "4": "N", "1": "W", "165": "N", "33": "S", "62": "S", "18": "N", "158": "S", "0": "E", "145": "S", "148": "E", "96": "S", "89": "S", "124": "N", "67": "S", "176": "E", "27": "S", "71": "N", "45": "N", "99": "S", "20": "E", "172": "E", "51": "S", "117": "N", "161": "S", "40": "E", "77": "E", "178": "S", "146": "E", "90": "E", "119": "W", "142": "W", "94": "N", "118": "S", "5": "N", "75": "S", "184": "S", "129": "E", "131": "W", "177": "S", "88": "E", "39": "E", "149": "S", "11": "N", "136": "S", "135": "E", "163": "S", "151": "N", "134": "S", "157": "S", "104": "S", "175": "E", "103": "E", "22": "S", "152": "W", "143": "E", "156": "S", "29": "N", "35": "W", "65": "E", "185": "N"}, {"12": "S", "109": "W", "78": "W", "106": "S", "38": "E", "73": "E", "60": "W", "24": "E", "55": "N", "68": "N", "53": "S", "139": "W", "182": "S", "155": "S", "70": "E", "43": "S", "93": "E", "112": "S", "179": "N", "7": "E", "14": "W", "133": "N", "56": "N", "9": "E", "120": "W", "76": "W", "79": "S", "164": "W", "64": "W", "34": "E", "10": "S", "101": "E", "13": "S", "57": "W", "48": "W", "121": "E", "84": "W", "26": "S", "52": "S", "168": "S", "83": "S", "116": "W", "36": "S", "86": "N", "169": "S", "122": "S", "58": "S", "3": "W", "180": "N", "82": "S", "181": "S", "111": "E", "28": "S", "125": "S", "30": "S", "50": "E", "49": "E", "144": "N", "114": "W", "59": "S", "110": "E", "63": "E", "138": "N", "81": "N", "141": "W", "17": "E", "23": "S", "47": "E", "171": "S", "92": "N", "107": "W", "4": "N", "46": "S", "61": "N", "165": "N", "18": "N", "0": "E", "145": "S", "148": "E", "96": "S", "89": "S", "124": "N", "67": "S", "176": "S", "147": "S", "27": "W", "71": "N", "45": "W", "99": "S", "172": "N", "51": "W", "117": "W", "32": "S", "74": "E", "161": "E", "127": "S", "137": "W", "183": "S", "178": "S", "146": "E", "90": "E", "95": "E", "119": "W", "118": "W", "5": "W", "115": "S", "184": "S", "129": "E", "131": "N", "88": "E", "39": "E", "149": "S", "11": "E", "163": "S", "151": "N", "134": "S", "157": "S", "162": "S", "175": "E", "103": "N", "152": "S", "143": "E", "156": "S", "29": "W", "21": "N", "35": "W", "166": "W", "65": "E", "185": "N"}, {"12": "S", "109": "W", "78": "W", "106": "S", "38": "E", "73": "E", "60": "W", "24": "E", "55": "N", "68": "W", "53": "S", "139": "S", "182": "S", "155": "W", "70": "E", "43": "S", "112": "S", "179": "N", "7": "E", "14": "S", "133": "E", "6": "W", "56": "W", "44": "S", "9": "E", "120": "W", "79": "S", "164": "W", "64": "N", "34": "S", "128": "W", "87": "S", "10": "S", "19": "W", "57": "W", "48": "S", "121": "N", "2": "E", "26": "S", "83": "S", "174": "E", "36": "S", "86": "N", "31": "E", "169": "S", "41": "E", "98": "E", "122": "S", "58": "S", "3": "W", "25": "S", "154": "S", "82": "S", "181": "S", "111": "S", "28": "S", "125": "S", "30": "S", "50": "E", "49": "S", "114": "S", "59": "S", "63": "N", "138": "N", "141": "W", "23": "S", "47": "E", "171": "W", "92": "N", "107": "W", "4": "E", "46": "S", "61": "N", "165": "N", "18": "N", "0": "S", "130": "S", "96": "S", "176": "W", "147": "S", "27": "W", "71": "N", "45": "W", "99": "S", "20": "E", "51": "S", "69": "S", "117": "S", "74": "S", "161": "S", "137": "N", "183": "S", "150": "W", "90": "S", "119": "S", "118": "N", "5": "W", "75": "S", "115": "S", "131": "N", "39": "E", "11": "S", "136": "S", "163": "S", "134": "E", "104": "W", "162": "S", "103": "W", "22": "S", "143": "E", "156": "E", "29": "W", "35": "W", "166": "N", "185": "N"}, {"109": "N", "78": "W", "106": "S", "38": "E", "73": "N", "15": "E", "60": "W", "24": "N", "55": "N", "139": "W", "155": "S", "43": "S", "112": "S", "179": "N", "7": "S", "133": "E", "6": "W", "56": "W", "44": "S", "91": "W", "120": "W", "79": "W", "164": "N", "64": "N", "34": "W", "128": "S", "19": "S", "57": "W", "121": "E", "84": "W", "2": "E", "26": "S", "174": "S", "36": "S", "31": "S", "169": "S", "41": "E", "122": "S", "58": "S", "3": "N", "154": "S", "181": "E", "123": "N", "111": "E", "28": "S", "30": "E", "50": "S", "49": "W", "144": "N", "114": "S", "59": "S", "138": "E", "141": "W", "23": "W", "171": "S", "92": "N", "107": "W", "160": "N", "4": "E", "46": "S", "165": "N", "18": "W", "0": "E", "130": "S", "89": "S", "67": "E", "176": "W", "27": "W", "71": "N", "45": "W", "85": "S", "20": "S", "51": "W", "69": "S", "37": "E", "161": "E", "137": "N", "183": "S", "146": "W", "90": "W", "95": "W", "119": "S", "142": "E", "118": "N", "131": "N", "167": "E", "149": "S", "136": "S", "135": "S", "163": "S", "134": "S", "103": "W", "22": "S", "143": "E", "42": "S", "156": "N", "35": "W", "166": "N", "65": "E"}, {"109": "N", "78": "W", "106": "W", "73": "N", "15": "N", "60": "W", "72": "E", "24": "E", "55": "W", "53": "S", "139": "W", "105": "E", "155": "W", "93": "S", "112": "W", "7": "S", "6": "N", "56": "W", "91": "W", "120": "W", "79": "W", "164": "W", "34": "W", "128": "E", "87": "E", "19": "S", "57": "W", "48": "E", "121": "N", "126": "W", "97": "S", "84": "W", "26": "S", "83": "S", "174": "S", "116": "N", "36": "S", "31": "E", "122": "W", "58": "W", "3": "N", "154": "S", "153": "W", "123": "N", "111": "E", "50": "E", "49": "W", "114": "S", "59": "W", "110": "S", "138": "E", "81": "W", "141": "W", "17": "S", "171": "S", "92": "N", "107": "W", "160": "E", "4": "E", "46": "S", "61": "W", "165": "N", "18": "W", "130": "S", "96": "S", "89": "S", "124": "N", "67": "S", "176": "W", "27": "S", "71": "N", "132": "E", "45": "W", "99": "S", "85": "S", "20": "W", "172": "S", "51": "S", "69": "S", "117": "W", "32": "N", "37": "E", "161": "E", "183": "S", "90": "W", "94": "S", "118": "W", "5": "S", "184": "S", "131": "N", "167": "S", "39": "W", "149": "E", "11": "E", "136": "E", "135": "W", "163": "E", "134": "W", "175": "S", "103": "W", "143": "S", "42": "S", "156": "E", "29": "S", "166": "W", "185": "W"}, {"78": "W", "106": "N", "38": "E", "73": "E", "15": "N", "102": "S", "60": "S", "72": "N", "24": "E", "55": "W", "68": "E", "53": "S", "139": "W", "105": "S", "155": "W", "43": "S", "93": "E", "112": "N", "7": "S", "6": "N", "56": "S", "91": "W", "120": "N", "79": "W", "164": "W", "34": "W", "128": "N", "87": "E", "19": "S", "57": "W", "48": "S", "121": "N", "126": "S", "97": "W", "84": "W", "2": "E", "26": "S", "83": "S", "174": "S", "116": "N", "31": "E", "169": "S", "41": "E", "98": "E", "122": "N", "3": "N", "8": "W", "180": "N", "154": "S", "153": "W", "181": "E", "123": "N", "173": "W", "111": "S", "50": "E", "49": "W", "59": "S", "138": "E", "81": "W", "141": "W", "23": "S", "171": "W", "92": "E", "107": "W", "160": "S", "4": "N", "46": "E", "61": "W", "165": "N", "33": "S", "18": "N", "158": "S", "0": "E", "130": "E", "96": "S", "89": "E", "67": "S", "176": "S", "27": "S", "132": "E", "45": "W", "99": "S", "85": "E", "20": "W", "51": "S", "69": "E", "117": "N", "37": "E", "161": "E", "127": "N", "183": "E", "146": "S", "150": "W", "90": "S", "94": "W", "118": "W", "5": "W", "184": "S", "131": "W", "177": "E", "88": "N", "39": "S", "149": "E", "11": "S", "136": "S", "135": "S", "163": "S", "151": "N", "134": "S", "104": "E", "175": "S", "103": "S", "22": "S", "156": "E", "21": "E", "166": "N"}, {"78": "N", "106": "N", "38": "E", "73": "N", "15": "N", "102": "S", "60": "S", "72": "N", "24": "S", "55": "W", "68": "S", "139": "W", "16": "E", "100": "S", "105": "S", "155": "W", "43": "S", "93": "N", "112": "N", "7": "S", "133": "N", "6": "W", "56": "S", "91": "W", "120": "N", "79": "W", "164": "W", "64": "N", "34": "W", "87": "E", "54": "S", "19": "E", "57": "W", "48": "W", "121": "N", "126": "S", "97": "S", "84": "W", "2": "S", "168": "W", "174": "S", "116": "N", "36": "S", "31": "S", "41": "S", "98": "S", "122": "N", "3": "N", "180": "N", "154": "S", "153": "S", "181": "N", "123": "N", "173": "S", "111": "S", "30": "S", "50": "E", "49": "S", "59": "S", "138": "N", "141": "W", "23": "S", "171": "N", "92": "N", "107": "W", "46": "N", "61": "W", "165": "N", "33": "S", "18": "N", "158": "S", "0": "S", "130": "N", "89": "E", "67": "S", "176": "S", "27": "W", "45": "W", "99": "E", "85": "E", "20": "S", "172": "E", "51": "W", "69": "E", "117": "W", "37": "S", "74": "E", "161": "N", "183": "N", "178": "W", "146": "W", "150": "N", "90": "W", "94": "S", "5": "W", "75": "W", "184": "S", "131": "N", "177": "E", "167": "W", "39": "W", "149": "S", "11": "W", "136": "E", "135": "S", "163": "E", "159": "E", "134": "S", "104": "S", "175": "E", "113": "N", "103": "W", "22": "W", "42": "W", "156": "N", "166": "N", "65": "N", "185": "N"}, {"12": "E", "78": "N", "106": "N", "73": "N", "15": "W", "72": "N", "24": "S", "55": "W", "68": "S", "53": "S", "139": "W", "16": "E", "100": "W", "105": "S", "155": "W", "93": "E", "112": "N", "179": "S", "7": "E", "6": "N", "56": "S", "44": "S", "91": "W", "120": "W", "79": "W", "164": "W", "34": "W", "87": "S", "57": "N", "48": "S", "121": "N", "126": "S", "97": "W", "84": "W", "2": "W", "168": "S", "83": "S", "174": "S", "116": "N", "31": "S", "41": "S", "98": "S", "122": "W", "58": "S", "3": "N", "25": "W", "180": "N", "154": "S", "153": "S", "181": "E", "123": "N", "173": "W", "111": "E", "108": "W", "30": "E", "50": "N", "144": "S", "114": "E", "59": "W", "110": "N", "138": "N", "81": "S", "141": "S", "17": "S", "171": "W", "107": "W", "61": "N", "165": "N", "62": "N", "0": "S", "130": "E", "96": "S", "89": "E", "67": "S", "176": "W", "147": "W", "27": "W", "85": "E", "20": "S", "172": "S", "51": "W", "117": "W", "37": "S", "74": "E", "161": "E", "127": "W", "183": "E", "146": "W", "150": "N", "90": "S", "119": "S", "94": "S", "118": "W", "5": "W", "75": "S", "131": "N", "177": "N", "88": "N", "39": "W", "149": "E", "135": "E", "134": "S", "113": "E", "103": "W", "22": "W", "152": "W", "143": "N", "42": "W", "156": "N", "21": "E", "166": "N", "65": "N", "185": "E"}, {"12": "N", "78": "N", "106": "N", "38": "E", "73": "N", "80": "E", "15": "W", "60": "E", "72": "N", "24": "S", "55": "W", "68": "S", "53": "S", "139": "S", "16": "N", "100": "W", "105": "S", "155": "W", "93": "E", "112": "N", "179": "E", "7": "E", "6": "N", "56": "S", "44": "S", "91": "W", "120": "N", "79": "W", "164": "W", "34": "W", "87": "S", "54": "S", "19": "E", "48": "S", "121": "W", "126": "S", "97": "W", "84": "W", "2": "S", "26": "E", "168": "E", "83": "S", "174": "S", "116": "N", "36": "S", "31": "E", "41": "E", "98": "S", "122": "W", "3": "E", "25": "W", "180": "E", "153": "S", "181": "N", "123": "N", "111": "E", "108": "N", "28": "W", "125": "N", "30": "S", "50": "E", "114": "S", "59": "W", "81": "S", "17": "S", "171": "S", "107": "W", "4": "E", "61": "W", "165": "N", "62": "W", "0": "S", "130": "E", "96": "S", "124": "N", "67": "S", "176": "W", "27": "W", "132": "N", "85": "S", "20": "S", "172": "E", "117": "N", "32": "W", "37": "S", "74": "S", "161": "N", "40": "N", "127": "N", "137": "W", "146": "W", "150": "N", "90": "W", "95": "E", "142": "E", "94": "W", "5": "W", "75": "W", "115": "N", "131": "N", "177": "E", "88": "N", "39": "S", "149": "E", "11": "S", "135": "S", "134": "W", "162": "N", "175": "W", "113": "N", "103": "W", "22": "W", "143": "W", "42": "W", "156": "E", "29": "S", "21": "S", "166": "N", "65": "E", "185": "N"}, {"12": "N", "78": "N", "106": "N", "38": "E", "73": "W", "80": "S", "15": "W", "72": "E", "24": "W", "55": "W", "170": "S", "68": "S", "139": "W", "16": "N", "100": "W", "105": "S", "182": "E", "155": "S", "93": "E", "112": "N", "179": "E", "7": "E", "14": "N", "133": "S", "6": "N", "56": "S", "44": "S", "91": "W", "120": "N", "79": "W", "164": "W", "34": "W", "87": "E", "54": "W", "19": "S", "57": "W", "48": "S", "121": "N", "126": "S", "97": "W", "84": "W", "2": "S", "26": "E", "83": "E", "174": "S", "116": "E", "36": "S", "31": "S", "41": "S", "98": "E", "122": "N", "3": "N", "25": "W", "8": "W", "180": "E", "153": "S", "181": "N", "123": "E", "111": "S", "108": "N", "28": "N", "125": "N", "30": "S", "50": "N", "49": "N", "114": "S", "59": "W", "81": "W", "171": "W", "92": "N", "107": "W", "4": "E", "61": "W", "165": "N", "62": "N", "0": "S", "140": "N", "89": "E", "124": "N", "67": "E", "176": "S", "27": "W", "71": "E", "132": "W", "45": "W", "99": "E", "20": "W", "172": "S", "117": "N", "37": "S", "161": "N", "40": "W", "127": "N", "137": "N", "183": "E", "178": "E", "146": "W", "150": "N", "90": "W", "95": "N", "94": "W", "5": "W", "75": "S", "115": "N", "131": "N", "88": "N", "39": "W", "149": "E", "11": "E", "135": "S", "159": "E", "134": "S", "162": "N", "113": "N", "103": "W", "143": "N", "42": "S", "156": "E", "29": "E", "166": "W", "65": "N", "185": "N"}, {"12": "N", "78": "N", "106": "N", "38": "N", "73": "W", "80": "S", "15": "W", "24": "W", "55": "N", "170": "S", "68": "S", "53": "S", "139": "S", "16": "N", "100": "W", "105": "E", "182": "N", "93": "E", "112": "N", "179": "E", "7": "S", "14": "E", "56": "S", "44": "S", "91": "W", "120": "N", "79": "W", "164": "W", "34": "W", "87": "E", "54": "W", "19": "W", "57": "W", "48": "S", "121": "W", "126": "E", "2": "S", "26": "E", "52": "E", "83": "S", "174": "E", "31": "S", "169": "W", "41": "S", "98": "E", "3": "W", "25": "N", "180": "E", "153": "S", "181": "N", "123": "E", "111": "E", "108": "W", "28": "W", "125": "N", "30": "S", "50": "E", "114": "S", "59": "W", "81": "S", "17": "S", "171": "W", "107": "W", "4": "E", "46": "E", "61": "S", "165": "N", "62": "N", "158": "W", "0": "E", "140": "W", "96": "S", "89": "N", "124": "N", "67": "S", "176": "W", "147": "E", "27": "W", "132": "W", "45": "W", "99": "E", "20": "S", "172": "S", "69": "N", "37": "S", "74": "S", "161": "N", "40": "W", "127": "N", "137": "N", "183": "N", "146": "S", "150": "N", "90": "W", "95": "E", "119": "E", "142": "S", "94": "W", "5": "W", "75": "W", "115": "W", "131": "N", "177": "N", "88": "N", "39": "W", "149": "S", "136": "S", "135": "W", "159": "E", "134": "S", "104": "E", "162": "E", "103": "W", "152": "E", "42": "W", "21": "E", "166": "W", "65": "E", "185": "N"}, {"12": "W", "78": "N", "106": "E", "38": "N", "73": "W", "80": "S", "15": "W", "60": "W", "24": "W", "55": "N", "170": "S", "68": "S", "53": "S", "139": "S", "16": "W", "100": "S", "105": "E", "182": "N", "112": "N", "179": "S", "7": "S", "14": "E", "56": "W", "44": "S", "91": "W", "120": "W", "79": "W", "164": "W", "34": "W", "87": "S", "54": "W", "19": "S", "121": "W", "126": "E", "84": "E", "2": "S", "26": "S", "52": "E", "83": "S", "174": "E", "116": "E", "36": "S", "31": "S", "169": "N", "41": "S", "98": "E", "58": "N", "3": "N", "8": "S", "180": "E", "153": "S", "181": "E", "123": "N", "111": "N", "108": "N", "30": "E", "50": "E", "49": "E", "144": "E", "59": "W", "81": "W", "171": "W", "92": "W", "107": "W", "46": "E", "61": "S", "165": "N", "62": "E", "158": "S", "0": "S", "140": "W", "89": "N", "67": "S", "176": "W", "27": "W", "132": "N", "99": "N", "20": "W", "172": "S", "117": "W", "37": "S", "161": "E", "40": "W", "127": "N", "137": "N", "183": "E", "146": "S", "150": "N", "90": "S", "119": "E", "142": "W", "94": "S", "5": "S", "115": "W", "129": "S", "131": "N", "88": "W", "39": "W", "136": "E", "135": "S", "163": "S", "151": "S", "159": "S", "134": "S", "162": "N", "175": "E", "103": "W", "22": "W", "156": "E", "29": "E", "21": "E", "35": "W", "166": "N", "65": "E", "185": "N"}, {"12": "W", "78": "N", "106": "N", "38": "W", "73": "W", "80": "W", "15": "W", "60": "S", "24": "W", "55": "N", "170": "E", "68": "S", "53": "E", "139": "S", "16": "N", "100": "S", "105": "E", "182": "N", "112": "N", "179": "E", "14": "E", "56": "W", "44": "S", "91": "W", "120": "W", "79": "W", "164": "W", "34": "N", "87": "S", "54": "W", "19": "E", "121": "W", "126": "E", "2": "E", "26": "S", "52": "N", "83": "E", "116": "N", "31": "S", "169": "N", "41": "W", "98": "E", "58": "N", "3": "N", "25": "W", "8": "W", "180": "N", "153": "S", "181": "N", "123": "E", "111": "E", "108": "W", "28": "W", "125": "N", "30": "S", "50": "S", "49": "E", "59": "W", "110": "E", "81": "S", "141": "E", "17": "N", "171": "W", "92": "N", "107": "W", "46": "N", "61": "S", "165": "E", "62": "N", "158": "S", "0": "S", "140": "W", "130": "S", "96": "S", "89": "N", "67": "S", "176": "W", "132": "W", "45": "S", "99": "N", "20": "S", "172": "S", "117": "W", "37": "S", "40": "S", "127": "N", "137": "N", "183": "N", "146": "S", "150": "N", "90": "S", "94": "S", "118": "W", "5": "S", "115": "W", "184": "E", "129": "W", "131": "N", "88": "W", "39": "W", "149": "N", "11": "E", "136": "E", "163": "E", "151": "S", "159": "E", "134": "S", "104": "E", "113": "N", "22": "W", "143": "E", "156": "N", "29": "N", "21": "S", "35": "N", "166": "N", "65": "N", "185": "N"}, {"12": "W", "78": "N", "106": "N", "38": "N", "73": "W", "80": "S", "15": "W", "60": "S", "24": "W", "55": "N", "170": "E", "68": "E", "53": "S", "139": "S", "16": "N", "100": "S", "105": "E", "182": "N", "112": "E", "179": "E", "7": "E", "14": "E", "56": "W", "44": "S", "91": "W", "9": "N", "120": "W", "79": "W", "164": "W", "64": "W", "34": "N", "87": "S", "101": "N", "19": "S", "57": "S", "121": "W", "126": "E", "97": "N", "2": "S", "26": "S", "52": "N", "83": "E", "36": "E", "31": "S", "169": "N", "41": "W", "98": "N", "58": "E", "3": "N", "25": "N", "8": "S", "180": "N", "153": "S", "181": "N", "123": "E", "111": "E", "108": "N", "28": "N", "125": "N", "30": "S", "50": "E", "49": "E", "114": "E", "59": "W", "81": "W", "141": "S", "17": "N", "171": "W", "107": "W", "46": "N", "61": "S", "165": "E", "62": "N", "158": "S", "0": "S", "140": "W", "130": "S", "96": "S", "89": "N", "67": "S", "176": "S", "27": "S", "132": "W", "45": "S", "99": "E", "20": "W", "172": "W", "51": "W", "69": "E", "117": "W", "32": "S", "37": "S", "74": "E", "40": "S", "127": "N", "137": "N", "183": "N", "146": "S", "150": "E", "90": "S", "95": "E", "119": "S", "94": "S", "118": "W", "184": "N", "129": "S", "131": "N", "88": "N", "167": "N", "39": "S", "149": "N", "11": "S", "136": "E", "135": "W", "163": "E", "134": "S", "104": "S", "113": "W", "143": "N", "42": "S", "156": "N", "29": "N", "21": "E", "35": "N", "166": "N", "65": "N"}, {"12": "W", "78": "N", "106": "N", "38": "W", "73": "W", "80": "S", "15": "W", "24": "W", "55": "N", "170": "E", "68": "E", "53": "E", "139": "S", "16": "N", "100": "W", "105": "E", "182": "W", "112": "N", "179": "E", "7": "E", "14": "S", "56": "S", "91": "W", "9": "W", "120": "W", "79": "W", "164": "W", "64": "S", "34": "W", "87": "S", "54": "N", "19": "S", "57": "W", "121": "W", "126": "E", "2": "E", "26": "W", "52": "N", "83": "S", "36": "N", "31": "W", "169": "N", "41": "W", "98": "E", "58": "E", "3": "N", "25": "W", "180": "E", "153": "S", "181": "N", "111": "N", "108": "N", "28": "N", "125": "E", "30": "S", "50": "E", "49": "N", "114": "S", "59": "N", "81": "W", "141": "W", "17": "W", "171": "W", "107": "W", "46": "N", "61": "S", "165": "E", "62": "W", "158": "E", "0": "S", "140": "N", "130": "S", "96": "S", "89": "E", "124": "N", "67": "S", "176": "S", "27": "W", "99": "E", "172": "S", "51": "W", "69": "N", "117": "S", "32": "W", "37": "E", "74": "E", "161": "E", "40": "S", "127": "N", "137": "N", "183": "N", "146": "S", "150": "N", "90": "S", "95": "E", "119": "S", "142": "W", "94": "S", "118": "W", "184": "W", "129": "S", "131": "N", "88": "N", "39": "S", "149": "N", "11": "E", "163": "E", "134": "E", "104": "S", "113": "N", "42": "W", "21": "E", "35": "N", "166": "N", "65": "N", "185": "N"}, {"12": "N", "106": "N", "38": "W", "73": "W", "80": "S", "15": "W", "24": "W", "55": "N", "170": "S", "68": "N", "53": "E", "139": "S", "16": "N", "100": "W", "105": "E", "182": "W", "70": "N", "112": "N", "179": "N", "7": "S", "14": "S", "56": "W", "91": "W", "9": "W", "120": "W", "79": "W", "164": "W", "34": "N", "87": "S", "101": "N", "54": "W", "19": "S", "57": "W", "48": "E", "121": "W", "126": "E", "97": "S", "2": "E", "26": "W", "52": "N", "168": "W", "83": "E", "174": "N", "36": "W", "31": "W", "169": "N", "41": "W", "98": "E", "3": "N", "25": "W", "180": "E", "153": "S", "181": "N", "123": "N", "111": "N", "108": "N", "28": "N", "125": "E", "30": "E", "50": "S", "49": "N", "144": "S", "114": "S", "59": "N", "138": "S", "81": "W", "171": "N", "92": "S", "107": "S", "46": "N", "61": "S", "165": "E", "62": "W", "158": "S", "0": "S", "140": "N", "96": "S", "89": "N", "124": "N", "67": "W", "176": "W", "27": "W", "132": "N", "99": "E", "85": "E", "172": "S", "51": "S", "69": "E", "117": "S", "32": "W", "37": "E", "161": "N", "40": "E", "137": "N", "183": "N", "178": "N", "146": "W", "95": "S", "119": "E", "142": "N", "94": "S", "118": "N", "75": "S", "131": "E", "88": "N", "167": "S", "39": "S", "149": "E", "11": "S", "135": "N", "151": "S", "134": "S", "104": "E", "113": "N", "103": "S", "42": "W", "21": "E", "35": "N", "166": "N", "65": "E", "185": "N"}, {"12": "N", "106": "N", "38": "W", "73": "W", "80": "S", "15": "W", "24": "W", "170": "E", "68": "E", "53": "N", "139": "S", "16": "N", "100": "W", "105": "S", "182": "W", "70": "W", "43": "E", "112": "N", "179": "E", "7": "S", "14": "E", "6": "E", "56": "S", "91": "W", "9": "W", "120": "W", "79": "W", "164": "W", "34": "N", "87": "S", "101": "W", "54": "W", "19": "S", "57": "W", "48": "E", "121": "W", "126": "S", "97": "W", "84": "W", "2": "S", "26": "W", "52": "N", "168": "W", "174": "N", "36": "N", "31": "S", "169": "N", "41": "W", "98": "E", "3": "N", "25": "W", "180": "E", "153": "S", "82": "E", "181": "N", "123": "N", "173": "N", "111": "N", "108": "N", "28": "N", "125": "E", "30": "E", "50": "S", "144": "E", "59": "N", "110": "E", "138": "E", "81": "W", "141": "N", "47": "W", "171": "N", "107": "W", "46": "E", "61": "S", "165": "E", "62": "W", "158": "S", "0": "S", "140": "N", "130": "S", "145": "E", "96": "S", "89": "N", "124": "N", "67": "W", "27": "S", "132": "N", "99": "N", "85": "E", "20": "E", "172": "S", "51": "S", "69": "N", "117": "S", "37": "S", "161": "N", "40": "E", "137": "N", "183": "N", "178": "N", "146": "S", "150": "N", "90": "N", "95": "S", "119": "S", "142": "E", "94": "W", "118": "N", "75": "W", "131": "N", "88": "W", "39": "S", "11": "S", "136": "N", "135": "E", "151": "W", "134": "S", "104": "S", "113": "N", "103": "W", "22": "S", "42": "W", "21": "E", "35": "N", "166": "N", "65": "N", "185": "N"}, {"12": "N", "106": "N", "38": "W", "73": "W", "80": "S", "15": "W", "102": "E", "24": "W", "170": "E", "68": "E", "53": "N", "139": "S", "16": "N", "100": "W", "105": "S", "182": "N", "70": "W", "43": "N", "112": "W", "179": "N", "7": "S", "14": "E", "6": "E", "56": "S", "91": "W", "9": "W", "120": "W", "79": "W", "164": "W", "64": "N", "34": "W", "87": "W", "101": "W", "54": "N", "19": "E", "57": "W", "48": "E", "121": "W", "126": "E", "2": "S", "26": "S", "52": "N", "174": "N", "116": "N", "36": "N", "31": "S", "169": "E", "41": "W", "98": "E", "58": "S", "3": "N", "25": "W", "180": "E", "153": "W", "82": "N", "181": "N", "123": "E", "173": "N", "111": "N", "108": "N", "28": "W", "125": "E", "30": "S", "50": "E", "49": "E", "144": "S", "114": "E", "59": "N", "66": "W", "110": "E", "138": "E", "81": "S", "47": "W", "171": "N", "107": "W", "4": "W", "46": "N", "61": "S", "165": "E", "62": "N", "158": "E", "0": "S", "140": "W", "130": "E", "96": "W", "89": "N", "176": "E", "27": "W", "132": "N", "99": "N", "85": "S", "20": "S", "172": "S", "69": "N", "117": "S", "32": "W", "37": "S", "74": "E", "161": "N", "40": "S", "183": "N", "146": "S", "90": "W", "95": "E", "119": "W", "94": "S", "118": "E", "5": "E", "129": "E", "131": "E", "177": "E", "88": "N", "11": "S", "135": "S", "163": "N", "151": "S", "134": "S", "157": "N", "104": "E", "162": "S", "113": "N", "103": "W", "22": "W", "143": "N", "42": "W", "29": "S", "21": "S", "35": "N", "166": "N", "65": "N", "185": "E"}, {"12": "N", "106": "E", "38": "W", "73": "W", "80": "S", "15": "N", "102": "N", "24": "W", "170": "E", "68": "E", "53": "N", "139": "S", "16": "N", "100": "W", "105": "E", "182": "N", "70": "W", "43": "N", "179": "E", "7": "S", "14": "S", "6": "E", "56": "S", "91": "S", "9": "W", "120": "W", "79": "W", "164": "W", "64": "E", "34": "W", "87": "S", "101": "W", "19": "E", "57": "N", "48": "S", "121": "W", "126": "S", "2": "E", "26": "S", "52": "N", "168": "N", "174": "E", "116": "W", "36": "N", "31": "S", "169": "E", "41": "W", "98": "E", "58": "E", "3": "N", "25": "N", "8": "E", "180": "S", "153": "S", "82": "N", "181": "E", "123": "E", "173": "N", "111": "N", "108": "W", "28": "N", "125": "S", "30": "S", "50": "S", "49": "N", "114": "E", "59": "N", "110": "E", "138": "E", "81": "S", "47": "S", "171": "N", "92": "E", "107": "W", "46": "N", "61": "S", "165": "E", "62": "N", "158": "E", "140": "N", "145": "E", "96": "W", "89": "N", "27": "W", "132": "W", "99": "E", "85": "S", "172": "W", "69": "E", "117": "S", "37": "S", "161": "N", "40": "S", "183": "E", "178": "N", "146": "W", "150": "N", "95": "E", "119": "S", "75": "N", "129": "S", "131": "N", "177": "E", "88": "N", "167": "N", "39": "S", "11": "E", "136": "S", "151": "E", "134": "S", "157": "E", "104": "S", "162": "E", "113": "W", "103": "W", "22": "W", "143": "W", "42": "W", "21": "S", "35": "N", "166": "N", "65": "W"}, {"12": "N", "106": "N", "38": "W", "73": "W", "80": "S", "15": "N", "102": "N", "72": "W", "24": "W", "170": "N", "68": "E", "53": "N", "139": "S", "16": "N", "105": "E", "182": "N", "70": "W", "43": "N", "7": "S", "14": "S", "56": "S", "91": "W", "9": "N", "120": "W", "76": "W", "79": "W", "164": "W", "34": "W", "87": "S", "10": "E", "101": "W", "54": "E", "19": "S", "48": "E", "121": "N", "84": "N", "2": "E", "26": "S", "52": "N", "168": "E", "174": "E", "36": "N", "31": "S", "169": "E", "41": "W", "98": "S", "58": "E", "3": "N", "180": "E", "153": "S", "82": "W", "181": "E", "123": "S", "173": "N", "111": "E", "108": "W", "28": "W", "125": "S", "30": "E", "50": "S", "49": "W", "114": "E", "59": "N", "138": "E", "81": "W", "141": "S", "47": "S", "171": "N", "107": "W", "4": "S", "46": "N", "61": "S", "165": "S", "62": "N", "158": "E", "140": "W", "130": "E", "145": "N", "96": "W", "89": "N", "124": "E", "176": "S", "132": "W", "99": "N", "85": "S", "172": "S", "51": "N", "117": "S", "37": "E", "74": "S", "161": "N", "40": "S", "137": "N", "146": "S", "150": "N", "95": "S", "119": "W", "142": "S", "131": "N", "177": "E", "88": "W", "149": "E", "11": "E", "163": "S", "151": "E", "134": "S", "104": "S", "162": "E", "175": "S", "113": "N", "103": "N", "22": "W", "143": "W", "42": "W", "156": "E", "21": "S", "35": "N", "166": "N", "65": "W", "185": "N"}, {"12": "N", "106": "N", "38": "W", "73": "N", "80": "S", "15": "N", "102": "N", "60": "W", "24": "W", "170": "E", "68": "S", "53": "N", "139": "S", "16": "N", "105": "S", "182": "N", "70": "W", "43": "N", "7": "S", "14": "S", "56": "S", "91": "S", "9": "N", "120": "W", "79": "W", "164": "W", "64": "E", "87": "S", "10": "N", "101": "W", "54": "S", "19": "E", "48": "S", "121": "W", "97": "E", "84": "E", "26": "S", "52": "E", "168": "S", "174": "E", "36": "N", "169": "E", "41": "W", "98": "S", "58": "E", "3": "N", "25": "W", "180": "S", "153": "S", "82": "W", "181": "N", "123": "S", "173": "N", "111": "N", "108": "N", "28": "W", "125": "E", "30": "S", "50": "S", "49": "N", "144": "S", "59": "N", "66": "E", "110": "E", "138": "S", "17": "E", "171": "N", "107": "W", "4": "E", "46": "N", "61": "S", "165": "E", "158": "S", "140": "W", "130": "E", "145": "N", "96": "W", "89": "E", "124": "N", "67": "E", "147": "N", "71": "N", "132": "W", "45": "N", "99": "N", "85": "S", "20": "N", "172": "E", "69": "E", "117": "S", "32": "W", "37": "E", "161": "N", "40": "S", "127": "W", "137": "N", "183": "E", "146": "S", "150": "E", "90": "W", "95": "E", "119": "S", "94": "S", "115": "S", "184": "W", "131": "E", "88": "W", "39": "W", "149": "E", "11": "S", "135": "E", "134": "S", "104": "S", "162": "S", "175": "S", "113": "N", "103": "N", "22": "W", "143": "N", "156": "S", "29": "S", "21": "S", "35": "N", "166": "N", "65": "W", "185": "E"}, {"12": "N", "106": "N", "38": "W", "73": "N", "80": "W", "15": "N", "102": "N", "24": "W", "170": "N", "68": "S", "53": "N", "139": "S", "105": "S", "182": "N", "43": "N", "7": "W", "14": "S", "56": "S", "91": "S", "9": "N", "120": "W", "79": "S", "164": "S", "64": "S", "128": "E", "87": "S", "10": "N", "101": "N", "54": "E", "19": "E", "48": "E", "121": "W", "126": "E", "84": "S", "2": "E", "26": "S", "52": "N", "168": "E", "83": "W", "174": "E", "36": "N", "31": "S", "169": "E", "41": "W", "98": "S", "58": "S", "3": "N", "25": "W", "180": "S", "153": "E", "82": "W", "181": "E", "123": "S", "173": "W", "111": "N", "28": "W", "125": "E", "30": "S", "50": "S", "49": "N", "144": "S", "114": "E", "59": "N", "66": "S", "110": "S", "138": "E", "17": "E", "107": "W", "46": "N", "61": "W", "165": "E", "33": "E", "158": "E", "0": "E", "140": "N", "130": "E", "145": "N", "96": "W", "89": "N", "67": "S", "176": "N", "147": "W", "132": "N", "99": "N", "85": "S", "20": "W", "69": "N", "117": "S", "32": "W", "37": "S", "74": "E", "161": "E", "40": "S", "127": "N", "137": "N", "183": "S", "178": "N", "146": "W", "150": "N", "90": "S", "119": "W", "94": "S", "115": "W", "131": "N", "177": "E", "88": "W", "167": "N", "39": "S", "149": "N", "11": "S", "136": "N", "151": "E", "159": "S", "134": "E", "104": "S", "162": "S", "113": "W", "22": "W", "152": "N", "42": "W", "156": "W", "29": "S", "21": "S", "35": "N", "166": "N", "65": "N", "185": "E"}, {"12": "N", "106": "E", "38": "W", "73": "N", "80": "S", "15": "N", "102": "N", "72": "E", "24": "W", "170": "N", "68": "E", "53": "N", "139": "S", "16": "E", "105": "S", "43": "N", "7": "S", "14": "S", "56": "S", "91": "S", "9": "W", "120": "W", "76": "E", "79": "S", "164": "W", "128": "E", "87": "S", "10": "N", "101": "N", "54": "S", "19": "S", "48": "S", "121": "W", "126": "S", "84": "S", "2": "S", "26": "S", "52": "N", "83": "N", "174": "E", "36": "N", "31": "E", "169": "E", "41": "W", "98": "S", "122": "W", "58": "S", "3": "N", "25": "N", "8": "S", "180": "E", "153": "S", "82": "W", "181": "E", "123": "E", "111": "N", "108": "E", "28": "N", "125": "S", "30": "S", "50": "S", "49": "N", "144": "S", "114": "S", "59": "N", "110": "S", "138": "S", "81": "S", "17": "E", "23": "E", "47": "E", "171": "W", "107": "W", "46": "E", "61": "W", "165": "E", "33": "N", "158": "N", "0": "S", "145": "N", "96": "W", "89": "N", "124": "S", "67": "S", "147": "W", "27": "W", "71": "N", "132": "W", "45": "S", "99": "N", "85": "E", "20": "S", "172": "W", "69": "E", "117": "S", "32": "W", "37": "S", "74": "S", "161": "E", "40": "W", "127": "N", "137": "E", "183": "E", "146": "W", "150": "E", "90": "W", "119": "W", "5": "W", "75": "S", "115": "W", "131": "E", "88": "W", "39": "W", "149": "N", "11": "S", "135": "S", "163": "E", "134": "S", "157": "E", "104": "S", "162": "E", "113": "W", "103": "S", "22": "N", "152": "N", "42": "N", "21": "S", "166": "N", "65": "W", "185": "E"}, {"12": "N", "106": "E", "38": "W", "73": "N", "80": "S", "15": "N", "102": "N", "60": "E", "24": "W", "170": "N", "68": "E", "53": "N", "139": "E", "16": "N", "105": "S", "155": "E", "43": "N", "7": "S", "14": "W", "56": "S", "91": "S", "9": "N", "120": "S", "79": "W", "164": "S", "128": "E", "87": "E", "10": "N", "101": "N", "54": "S", "19": "S", "57": "S", "48": "S", "121": "N", "126": "S", "84": "W", "2": "S", "26": "W", "52": "N", "83": "N", "174": "S", "36": "N", "31": "E", "169": "E", "41": "S", "98": "S", "122": "W", "58": "E", "3": "N", "25": "N", "8": "E", "180": "E", "153": "S", "82": "W", "181": "N", "123": "E", "173": "E", "111": "N", "108": "S", "28": "N", "125": "S", "30": "S", "50": "S", "49": "N", "144": "S", "114": "S", "110": "S", "63": "W", "138": "S", "81": "W", "141": "E", "23": "N", "47": "S", "171": "W", "107": "N", "46": "E", "61": "W", "165": "E", "33": "N", "62": "S", "158": "N", "0": "W", "140": "E", "145": "E", "96": "W", "89": "N", "67": "S", "147": "N", "71": "N", "132": "W", "99": "E", "85": "E", "117": "S", "32": "N", "37": "S", "74": "E", "161": "N", "40": "S", "127": "N", "137": "N", "183": "E", "146": "W", "150": "S", "95": "E", "119": "W", "94": "W", "118": "W", "5": "S", "75": "W", "115": "W", "184": "S", "129": "N", "131": "E", "177": "S", "88": "W", "39": "S", "149": "N", "11": "E", "136": "W", "135": "S", "134": "S", "157": "E", "104": "S", "162": "E", "113": "W", "103": "W", "22": "N", "152": "N", "42": "N", "21": "S", "166": "N", "65": "W", "185": "E"}, {"12": "N", "106": "E", "38": "W", "73": "N", "80": "S", "15": "N", "102": "N", "24": "W", "170": "E", "68": "S", "53": "N", "139": "E", "16": "N", "100": "S", "105": "S", "70": "W", "43": "E", "7": "S", "14": "S", "56": "S", "91": "S", "9": "N", "120": "W", "79": "W", "164": "S", "64": "N", "128": "S", "87": "S", "10": "N", "101": "W", "54": "S", "19": "S", "48": "W", "121": "W", "126": "S", "84": "N", "2": "W", "26": "W", "52": "N", "83": "N", "174": "S", "36": "N", "31": "S", "169": "E", "41": "S", "98": "S", "122": "N", "58": "S", "3": "E", "25": "N", "8": "E", "180": "E", "153": "E", "82": "W", "181": "N", "123": "E", "173": "S", "111": "E", "28": "N", "125": "E", "30": "W", "50": "S", "49": "N", "144": "S", "114": "S", "59": "N", "66": "N", "110": "E", "63": "S", "138": "S", "81": "W", "141": "N", "23": "N", "47": "S", "171": "W", "107": "N", "46": "N", "61": "S", "165": "E", "33": "N", "62": "W", "158": "N", "0": "W", "140": "N", "130": "S", "96": "W", "89": "E", "124": "W", "67": "W", "176": "W", "147": "N", "27": "S", "132": "N", "99": "E", "85": "S", "51": "S", "69": "E", "117": "S", "32": "N", "37": "E", "74": "S", "161": "N", "40": "W", "77": "N", "127": "E", "137": "E", "146": "W", "150": "E", "95": "S", "119": "W", "142": "N", "94": "W", "118": "W", "5": "W", "75": "S", "115": "W", "129": "W", "131": "E", "88": "W", "39": "W", "149": "E", "11": "S", "163": "S", "151": "W", "134": "E", "104": "S", "162": "N", "113": "W", "103": "S", "22": "N", "152": "E", "42": "N", "21": "S", "166": "E", "65": "N", "185": "E"}, {"12": "N", "106": "E", "38": "S", "73": "N", "80": "S", "15": "N", "102": "N", "24": "W", "68": "S", "53": "W", "139": "E", "16": "N", "100": "W", "105": "W", "43": "E", "179": "W", "7": "S", "14": "S", "56": "S", "91": "S", "9": "W", "120": "S", "79": "W", "164": "S", "87": "S", "10": "N", "101": "N", "54": "E", "19": "S", "48": "W", "121": "W", "126": "E", "2": "W", "26": "W", "52": "N", "83": "N", "36": "W", "31": "S", "41": "S", "98": "S", "122": "W", "3": "E", "25": "N", "8": "E", "180": "S", "153": "E", "82": "W", "181": "N", "123": "E", "173": "S", "111": "E", "28": "N", "30": "W", "50": "S", "49": "N", "114": "S", "59": "W", "81": "W", "17": "S", "23": "N", "47": "W", "171": "N", "107": "N", "4": "W", "46": "N", "61": "S", "33": "N", "62": "W", "158": "N", "0": "S", "140": "W", "130": "E", "96": "N", "89": "E", "67": "S", "147": "E", "27": "S", "132": "W", "99": "N", "85": "W", "172": "E", "117": "S", "32": "N", "37": "S", "74": "W", "161": "E", "40": "W", "77": "W", "127": "E", "137": "E", "178": "N", "146": "S", "150": "E", "95": "S", "119": "S", "94": "W", "118": "W", "75": "W", "115": "W", "184": "N", "131": "E", "88": "N", "167": "N", "39": "W", "149": "N", "11": "S", "136": "E", "135": "E", "163": "E", "159": "E", "134": "S", "157": "S", "104": "W", "162": "E", "175": "E", "113": "W", "103": "W", "22": "N", "143": "W", "42": "N", "156": "S", "21": "S", "166": "E", "65": "N", "185": "E"}, {"12": "N", "106": "E", "38": "S", "73": "N", "80": "S", "102": "N", "24": "W", "68": "S", "53": "W", "139": "E", "16": "W", "100": "W", "105": "S", "155": "E", "70": "N", "7": "S", "14": "S", "56": "S", "91": "S", "9": "N", "120": "S", "79": "W", "164": "S", "64": "E", "87": "S", "10": "E", "101": "N", "19": "S", "48": "W", "121": "W", "126": "E", "2": "S", "26": "W", "52": "E", "83": "N", "174": "E", "31": "S", "169": "E", "41": "S", "98": "S", "122": "W", "58": "S", "3": "E", "25": "N", "8": "N", "180": "S", "153": "E", "82": "W", "181": "W", "123": "E", "173": "S", "111": "N", "28": "N", "125": "E", "30": "W", "50": "S", "49": "W", "144": "N", "59": "N", "138": "E", "81": "S", "141": "E", "17": "S", "23": "N", "47": "W", "171": "N", "107": "N", "4": "W", "46": "E", "61": "S", "165": "E", "33": "N", "62": "W", "18": "N", "158": "N", "0": "S", "140": "N", "130": "E", "145": "S", "96": "N", "89": "N", "67": "S", "176": "W", "147": "N", "27": "W", "132": "W", "99": "N", "51": "S", "69": "E", "117": "S", "32": "N", "37": "W", "74": "W", "161": "N", "77": "W", "127": "N", "137": "E", "146": "W", "150": "E", "90": "S", "95": "S", "94": "S", "118": "W", "75": "W", "115": "W", "184": "E", "131": "E", "177": "E", "88": "W", "39": "W", "149": "N", "11": "S", "136": "N", "163": "E", "159": "S", "134": "E", "157": "E", "104": "W", "162": "E", "113": "W", "103": "W", "22": "W", "42": "W", "21": "S", "166": "N", "65": "N", "185": "E"}, {"12": "N", "106": "N", "38": "W", "80": "S", "102": "N", "24": "S", "170": "W", "68": "S", "53": "N", "139": "E", "16": "W", "100": "N", "105": "S", "70": "N", "7": "S", "14": "S", "6": "E", "56": "S", "91": "S", "9": "N", "120": "S", "79": "W", "164": "S", "128": "N", "87": "S", "10": "N", "101": "W", "19": "W", "48": "W", "121": "W", "126": "E", "2": "W", "26": "W", "52": "E", "83": "N", "174": "S", "31": "S", "169": "E", "41": "S", "98": "S", "122": "N", "58": "W", "3": "E", "25": "N", "8": "W", "180": "E", "153": "E", "82": "W", "181": "W", "123": "S", "173": "S", "111": "N", "108": "S", "28": "N", "125": "S", "30": "W", "50": "S", "49": "N", "144": "N", "114": "E", "59": "W", "66": "S", "110": "E", "138": "S", "81": "W", "141": "S", "17": "E", "23": "N", "47": "W", "171": "W", "107": "N", "4": "N", "1": "S", "46": "N", "61": "S", "165": "S", "33": "N", "62": "W", "18": "N", "158": "N", "0": "S", "130": "E", "145": "W", "96": "N", "89": "E", "67": "S", "147": "N", "27": "N", "132": "W", "45": "N", "99": "E", "117": "W", "32": "N", "37": "S", "74": "W", "161": "N", "40": "E", "77": "S", "127": "E", "178": "S", "146": "S", "150": "N", "90": "W", "95": "S", "119": "S", "142": "E", "94": "S", "118": "N", "5": "N", "75": "W", "115": "W", "184": "S", "129": "E", "131": "E", "177": "E", "88": "N", "167": "S", "39": "W", "149": "E", "11": "E", "151": "S", "134": "E", "157": "E", "104": "S", "162": "E", "113": "N", "103": "N", "22": "N", "152": "N", "42": "N", "21": "S", "166": "E", "65": "W", "185": "N"}, {"106": "N", "38": "S", "80": "S", "24": "W", "68": "S", "53": "N", "16": "N", "105": "S", "155": "W", "70": "N", "7": "S", "14": "S", "56": "S", "44": "E", "91": "S", "9": "W", "120": "S", "79": "W", "164": "S", "87": "W", "10": "N", "101": "N", "54": "E", "19": "W", "48": "N", "121": "W", "126": "E", "2": "W", "26": "W", "52": "N", "83": "N", "174": "E", "31": "S", "169": "N", "41": "W", "98": "S", "122": "N", "58": "S", "3": "E", "25": "N", "8": "N", "180": "E", "153": "N", "181": "N", "123": "E", "173": "S", "111": "N", "108": "W", "28": "N", "125": "S", "30": "S", "50": "S", "144": "N", "114": "S", "59": "W", "110": "S", "63": "W", "138": "S", "81": "W", "141": "S", "17": "N", "23": "N", "47": "W", "171": "W", "107": "E", "1": "W", "46": "E", "61": "S", "165": "E", "33": "N", "62": "W", "18": "N", "158": "N", "0": "S", "140": "N", "130": "E", "145": "S", "96": "N", "89": "E", "147": "E", "27": "W", "132": "W", "99": "N", "85": "E", "172": "W", "51": "N", "117": "W", "32": "E", "37": "W", "74": "S", "161": "N", "40": "S", "77": "S", "127": "E", "178": "S", "146": "S", "150": "N", "90": "W", "95": "W", "119": "S", "94": "S", "5": "W", "75": "W", "115": "W", "184": "S", "131": "E", "177": "N", "88": "W", "167": "S", "39": "W", "149": "E", "11": "S", "135": "E", "151": "E", "159": "S", "134": "E", "157": "N", "162": "N", "175": "E", "113": "W", "103": "N", "22": "N", "152": "E", "42": "N", "29": "N", "21": "S", "166": "E", "65": "W", "185": "E"}, {"106": "E", "38": "W", "80": "W", "24": "W", "68": "S", "53": "N", "16": "N", "105": "S", "155": "W", "70": "W", "7": "S", "14": "S", "56": "S", "91": "S", "9": "N", "120": "S", "79": "W", "164": "S", "87": "W", "10": "W", "101": "W", "54": "S", "19": "W", "121": "W", "126": "E", "2": "S", "52": "N", "83": "N", "174": "S", "36": "N", "31": "W", "169": "E", "41": "W", "98": "S", "122": "N", "58": "W", "3": "E", "25": "N", "8": "N", "180": "E", "154": "N", "153": "E", "82": "W", "181": "N", "123": "S", "173": "W", "111": "N", "108": "W", "28": "N", "30": "W", "50": "E", "49": "N", "144": "N", "114": "W", "59": "N", "110": "W", "63": "N", "138": "E", "81": "N", "17": "E", "23": "N", "47": "W", "171": "N", "92": "N", "107": "E", "1": "W", "46": "N", "61": "S", "165": "E", "33": "E", "62": "S", "18": "W", "158": "E", "0": "W", "130": "N", "145": "E", "96": "N", "89": "N", "67": "S", "147": "E", "27": "W", "71": "N", "132": "W", "85": "S", "69": "N", "117": "S", "32": "N", "37": "W", "74": "S", "161": "W", "40": "S", "77": "S", "127": "E", "137": "N", "183": "N", "178": "S", "146": "W", "150": "E", "90": "W", "95": "S", "119": "W", "94": "S", "118": "N", "5": "W", "75": "N", "115": "N", "184": "S", "129": "W", "131": "E", "177": "N", "88": "W", "167": "S", "149": "E", "11": "E", "136": "S", "151": "E", "159": "W", "134": "E", "157": "N", "104": "S", "162": "N", "113": "W", "103": "W", "22": "N", "42": "N", "156": "E", "29": "W", "21": "W", "35": "W", "166": "N", "65": "N", "185": "E"}, {"106": "E", "38": "S", "80": "W", "24": "W", "68": "W", "53": "N", "16": "W", "105": "S", "70": "W", "7": "W", "14": "S", "6": "W", "56": "S", "44": "W", "91": "S", "9": "N", "120": "S", "79": "W", "164": "S", "128": "S", "87": "W", "10": "W", "101": "N", "13": "W", "54": "S", "19": "S", "57": "W", "48": "S", "121": "W", "126": "E", "2": "S", "52": "N", "83": "N", "174": "S", "36": "N", "31": "W", "169": "E", "41": "W", "98": "W", "122": "N", "58": "W", "3": "E", "25": "N", "8": "W", "180": "S", "154": "E", "153": "E", "82": "W", "181": "W", "123": "E", "173": "W", "111": "N", "28": "N", "30": "S", "50": "E", "49": "N", "144": "N", "114": "W", "59": "N", "110": "W", "63": "E", "138": "S", "81": "W", "23": "N", "47": "S", "171": "N", "92": "E", "4": "E", "1": "W", "46": "N", "61": "S", "62": "W", "18": "W", "158": "E", "0": "S", "130": "N", "145": "E", "96": "N", "89": "N", "67": "W", "176": "S", "147": "E", "132": "W", "45": "S", "99": "E", "85": "S", "20": "S", "172": "E", "69": "N", "117": "W", "32": "N", "37": "S", "74": "S", "161": "W", "40": "S", "77": "E", "127": "E", "137": "E", "183": "E", "146": "W", "150": "E", "95": "W", "119": "W", "94": "W", "118": "N", "5": "N", "115": "N", "131": "E", "177": "N", "88": "W", "39": "S", "149": "N", "11": "S", "136": "E", "135": "S", "163": "S", "159": "W", "134": "E", "157": "E", "104": "S", "162": "E", "113": "W", "103": "W", "22": "N", "42": "N", "156": "E", "29": "W", "21": "S", "166": "E", "65": "W", "185": "E"}, {"106": "N", "38": "W", "80": "W", "68": "S", "53": "N", "16": "N", "105": "S", "70": "W", "93": "S", "7": "S", "14": "W", "56": "W", "91": "S", "9": "W", "120": "S", "76": "S", "79": "W", "164": "S", "87": "S", "101": "N", "13": "N", "54": "W", "19": "S", "57": "W", "48": "S", "121": "N", "126": "E", "2": "S", "52": "W", "83": "N", "174": "S", "31": "S", "169": "N", "41": "W", "98": "S", "122": "N", "58": "S", "3": "S", "25": "N", "8": "N", "180": "S", "154": "E", "153": "E", "82": "W", "181": "N", "123": "E", "173": "W", "111": "N", "108": "N", "28": "N", "125": "S", "30": "S", "50": "S", "49": "N", "144": "N", "114": "W", "59": "W", "66": "W", "110": "W", "63": "E", "138": "E", "81": "N", "23": "N", "47": "S", "92": "E", "1": "W", "46": "E", "61": "S", "33": "S", "62": "W", "18": "W", "158": "N", "0": "W", "140": "N", "130": "N", "96": "N", "89": "N", "67": "S", "176": "E", "147": "E", "71": "N", "132": "W", "99": "N", "85": "S", "20": "E", "51": "N", "117": "S", "32": "N", "37": "S", "74": "W", "161": "W", "40": "S", "77": "E", "127": "E", "137": "E", "183": "S", "146": "W", "150": "E", "95": "S", "119": "W", "94": "W", "118": "N", "115": "N", "131": "E", "177": "N", "88": "W", "39": "W", "149": "N", "11": "S", "136": "E", "135": "W", "163": "E", "151": "E", "159": "W", "134": "E", "104": "W", "162": "E", "175": "N", "113": "W", "22": "N", "152": "N", "42": "N", "21": "S", "166": "E", "65": "W", "185": "E"}, {"106": "N", "38": "W", "80": "W", "68": "S", "16": "N", "105": "S", "70": "W", "43": "E", "93": "S", "7": "S", "14": "W", "6": "W", "56": "S", "91": "S", "9": "W", "120": "S", "79": "W", "164": "S", "87": "W", "101": "N", "13": "N", "54": "S", "19": "S", "57": "W", "48": "S", "121": "W", "126": "E", "2": "S", "26": "W", "52": "W", "83": "N", "31": "S", "169": "N", "41": "S", "98": "W", "122": "N", "58": "S", "3": "S", "25": "E", "8": "W", "180": "S", "154": "S", "153": "E", "82": "W", "181": "W", "123": "E", "173": "S", "111": "N", "108": "N", "28": "N", "30": "W", "50": "W", "49": "W", "144": "N", "114": "S", "59": "N", "110": "S", "138": "E", "81": "W", "47": "W", "171": "N", "92": "N", "4": "N", "1": "W", "46": "N", "61": "S", "165": "E", "33": "E", "62": "S", "18": "W", "158": "N", "0": "W", "140": "W", "130": "N", "96": "N", "89": "W", "124": "E", "67": "W", "147": "E", "132": "W", "99": "E", "85": "E", "172": "W", "69": "E", "117": "S", "32": "N", "37": "S", "74": "S", "161": "N", "40": "W", "77": "S", "127": "S", "137": "E", "146": "W", "150": "E", "95": "S", "119": "W", "94": "S", "118": "N", "115": "N", "131": "E", "177": "E", "88": "W", "39": "W", "149": "N", "11": "S", "135": "N", "163": "E", "159": "W", "134": "E", "104": "W", "162": "E", "175": "W", "113": "W", "22": "N", "152": "E", "42": "N", "29": "N", "35": "E", "166": "N", "65": "W", "185": "E"}, {"106": "N", "38": "W", "68": "S", "16": "N", "105": "W", "70": "W", "43": "E", "14": "W", "6": "W", "56": "S", "91": "S", "9": "N", "120": "S", "79": "N", "164": "S", "64": "W", "87": "W", "101": "W", "13": "N", "54": "S", "19": "W", "57": "N", "48": "W", "121": "W", "126": "N", "2": "S", "26": "S", "52": "W", "83": "E", "174": "S", "31": "S", "169": "N", "41": "W", "98": "S", "122": "E", "58": "S", "3": "S", "25": "N", "8": "N", "180": "S", "154": "E", "153": "E", "181": "N", "123": "S", "111": "N", "108": "W", "28": "N", "30": "S", "50": "W", "49": "W", "144": "N", "114": "S", "59": "E", "66": "E", "110": "S", "63": "S", "138": "S", "141": "N", "23": "N", "171": "N", "92": "E", "1": "W", "46": "W", "61": "W", "165": "S", "33": "S", "62": "W", "18": "W", "158": "E", "140": "W", "130": "E", "145": "E", "96": "N", "89": "W", "67": "W", "176": "W", "147": "N", "132": "S", "99": "N", "85": "E", "20": "W", "69": "N", "117": "S", "32": "N", "37": "S", "74": "S", "161": "N", "40": "S", "77": "S", "127": "E", "137": "E", "183": "N", "146": "W", "150": "S", "95": "W", "119": "W", "94": "W", "118": "N", "75": "W", "115": "W", "184": "N", "129": "S", "131": "E", "177": "N", "88": "W", "39": "W", "149": "E", "11": "S", "136": "E", "135": "W", "163": "N", "151": "E", "159": "S", "134": "E", "104": "S", "162": "N", "175": "W", "113": "S", "22": "N", "152": "E", "42": "N", "156": "W", "21": "W", "35": "E", "166": "E", "65": "W", "185": "E"}, {"106": "N", "38": "W", "170": "S", "68": "S", "16": "N", "105": "W", "70": "S", "43": "N", "93": "N", "7": "N", "14": "S", "6": "W", "56": "S", "91": "E", "9": "N", "120": "S", "79": "N", "164": "S", "87": "W", "101": "W", "13": "N", "54": "W", "19": "S", "48": "S", "121": "W", "126": "N", "2": "W", "26": "S", "52": "N", "83": "N", "174": "S", "31": "S", "169": "N", "41": "W", "98": "S", "122": "S", "58": "S", "3": "S", "25": "N", "8": "W", "180": "S", "154": "E", "153": "E", "181": "W", "123": "S", "111": "N", "108": "W", "28": "N", "125": "N", "30": "S", "50": "S", "49": "W", "144": "N", "114": "S", "59": "N", "66": "N", "110": "S", "63": "E", "138": "W", "17": "S", "47": "W", "171": "N", "92": "E", "1": "S", "46": "N", "61": "S", "165": "S", "62": "S", "18": "S", "158": "N", "0": "S", "140": "S", "130": "E", "145": "N", "96": "N", "89": "N", "124": "W", "67": "S", "147": "N", "132": "S", "99": "N", "85": "S", "20": "W", "51": "S", "69": "N", "117": "S", "32": "N", "37": "W", "74": "S", "161": "N", "40": "S", "77": "W", "127": "E", "137": "E", "146": "W", "150": "E", "95": "W", "119": "W", "94": "W", "118": "N", "115": "N", "131": "N", "177": "E", "88": "S", "39": "W", "149": "N", "11": "W", "136": "S", "135": "N", "163": "N", "151": "N", "159": "S", "134": "E", "157": "E", "104": "S", "162": "N", "113": "W", "22": "N", "152": "E", "143": "N", "42": "N", "21": "S", "166": "E", "185": "S"}, {"106": "N", "38": "W", "68": "S", "16": "N", "105": "W", "70": "W", "43": "N", "93": "N", "7": "N", "14": "S", "56": "E", "91": "E", "9": "W", "120": "S", "79": "N", "164": "E", "64": "E", "87": "W", "101": "N", "13": "N", "54": "S", "19": "S", "57": "W", "121": "W", "126": "N", "2": "W", "52": "N", "83": "N", "174": "W", "116": "W", "31": "S", "169": "N", "41": "W", "98": "S", "122": "E", "58": "S", "25": "N", "8": "W", "180": "S", "154": "S", "153": "E", "82": "W", "181": "W", "123": "S", "111": "N", "108": "W", "28": "N", "30": "E", "50": "S", "49": "W", "144": "W", "114": "W", "66": "W", "110": "W", "63": "E", "138": "W", "81": "W", "47": "S", "171": "E", "92": "N", "4": "S", "1": "W", "46": "N", "61": "E", "165": "S", "62": "W", "158": "E", "0": "W", "130": "N", "145": "N", "96": "W", "89": "N", "67": "W", "147": "E", "27": "W", "132": "W", "99": "W", "85": "S", "20": "W", "69": "W", "117": "W", "32": "N", "37": "W", "74": "W", "161": "N", "40": "W", "77": "S", "137": "S", "183": "W", "146": "W", "150": "E", "95": "S", "119": "W", "142": "E", "94": "W", "118": "N", "5": "W", "75": "W", "115": "N", "131": "E", "177": "N", "88": "W", "39": "W", "149": "N", "11": "W", "136": "E", "163": "E", "151": "N", "159": "S", "134": "E", "157": "E", "104": "W", "162": "N", "175": "E", "113": "W", "103": "W", "22": "N", "152": "E", "143": "W", "42": "N", "156": "E", "29": "W", "21": "S", "166": "E", "65": "W", "185": "E"}, {"106": "W", "38": "N", "170": "N", "68": "S", "16": "W", "105": "S", "70": "W", "43": "W", "14": "E", "56": "E", "91": "E", "9": "W", "120": "S", "79": "N", "164": "E", "87": "N", "101": "N", "13": "N", "54": "W", "19": "W", "57": "W", "121": "S", "126": "N", "97": "W", "2": "W", "26": "N", "52": "N", "174": "W", "36": "S", "31": "W", "169": "N", "41": "W", "98": "S", "122": "E", "58": "W", "25": "N", "8": "W", "180": "W", "154": "E", "153": "E", "82": "N", "181": "W", "123": "S", "111": "N", "108": "W", "28": "N", "50": "S", "49": "W", "144": "W", "114": "S", "59": "N", "66": "S", "63": "E", "138": "W", "81": "N", "23": "E", "47": "S", "171": "N", "92": "N", "1": "W", "46": "W", "61": "E", "165": "S", "62": "W", "18": "N", "158": "E", "0": "W", "130": "N", "145": "W", "96": "N", "89": "W", "67": "N", "176": "N", "147": "E", "27": "N", "71": "W", "132": "S", "99": "N", "85": "W", "20": "W", "69": "N", "117": "S", "32": "N", "37": "W", "74": "W", "161": "N", "77": "W", "137": "E", "146": "W", "150": "E", "95": "W", "119": "W", "142": "E", "94": "W", "118": "N", "5": "W", "115": "N", "184": "S", "129": "W", "131": "E", "177": "W", "88": "W", "39": "S", "149": "N", "11": "W", "136": "E", "163": "E", "151": "N", "159": "W", "134": "E", "157": "N", "104": "W", "162": "N", "175": "N", "113": "W", "103": "S", "22": "N", "152": "N", "143": "W", "42": "N", "29": "W", "21": "W", "166": "E", "65": "W", "185": "E"}, {"106": "W", "68": "W", "16": "W", "105": "S", "70": "W", "43": "W", "56": "S", "91": "E", "9": "W", "120": "S", "79": "N", "164": "E", "64": "W", "128": "N", "87": "N", "101": "W", "13": "N", "54": "W", "57": "W", "121": "W", "126": "W", "2": "W", "26": "N", "52": "N", "174": "W", "36": "S", "31": "W", "169": "N", "41": "W", "98": "W", "122": "E", "25": "E", "8": "W", "180": "W", "154": "E", "153": "E", "82": "N", "181": "N", "123": "E", "111": "N", "108": "S", "28": "N", "125": "S", "50": "W", "49": "W", "114": "W", "59": "N", "66": "S", "110": "W", "63": "S", "138": "S", "81": "N", "141": "E", "17": "W", "23": "S", "47": "W", "171": "N", "92": "E", "4": "S", "1": "W", "46": "W", "61": "S", "165": "E", "62": "W", "158": "E", "0": "S", "130": "W", "145": "N", "148": "S", "96": "W", "89": "N", "176": "E", "147": "S", "27": "N", "132": "S", "99": "N", "85": "W", "20": "W", "69": "N", "117": "S", "32": "N", "37": "S", "74": "W", "161": "N", "40": "N", "77": "S", "137": "E", "178": "N", "146": "W", "150": "E", "95": "W", "119": "W", "142": "E", "94": "W", "118": "N", "5": "W", "115": "N", "184": "S", "131": "S", "177": "N", "88": "S", "167": "N", "39": "W", "149": "N", "11": "W", "136": "N", "163": "N", "151": "N", "159": "W", "134": "E", "157": "N", "104": "W", "162": "N", "175": "N", "113": "W", "103": "S", "22": "N", "152": "E", "143": "W", "42": "N", "29": "S", "21": "S", "166": "E", "65": "W", "185": "S"}, {"106": "N", "68": "W", "16": "N", "105": "W", "70": "W", "14": "W", "56": "E", "91": "E", "9": "W", "120": "E", "79": "N", "164": "N", "64": "W", "128": "W", "101": "W", "13": "E", "54": "W", "121": "S", "126": "W", "2": "W", "26": "E", "52": "N", "174": "S", "31": "S", "169": "N", "41": "W", "98": "S", "122": "N", "58": "N", "25": "E", "8": "S", "180": "S", "154": "E", "153": "E", "82": "W", "181": "N", "123": "S", "111": "N", "108": "W", "28": "N", "125": "W", "30": "S", "50": "W", "49": "W", "59": "N", "66": "E", "110": "W", "138": "W", "81": "N", "141": "S", "23": "W", "47": "S", "171": "N", "92": "E", "1": "W", "46": "N", "61": "E", "165": "S", "62": "W", "18": "S", "158": "N", "140": "S", "130": "N", "145": "N", "148": "W", "96": "W", "89": "N", "124": "E", "67": "N", "147": "S", "27": "W", "132": "W", "99": "N", "85": "S", "69": "N", "117": "S", "32": "N", "37": "W", "74": "S", "161": "W", "77": "W", "137": "E", "178": "E", "146": "W", "150": "E", "90": "S", "95": "W", "119": "W", "94": "W", "118": "N", "5": "W", "75": "W", "184": "S", "131": "E", "177": "W", "88": "S", "39": "W", "149": "N", "11": "S", "136": "E", "163": "E", "151": "N", "159": "W", "134": "N", "157": "N", "104": "N", "162": "N", "175": "N", "113": "N", "103": "E", "22": "N", "152": "E", "143": "W", "42": "N", "156": "W", "29": "S", "21": "W", "166": "E", "65": "W", "185": "E"}, {"106": "N", "16": "N", "105": "W", "70": "S", "14": "W", "56": "E", "9": "W", "120": "E", "76": "N", "79": "E", "128": "W", "87": "S", "101": "W", "13": "E", "54": "W", "57": "E", "121": "S", "2": "N", "52": "N", "174": "W", "31": "W", "169": "N", "41": "W", "98": "W", "25": "E", "8": "S", "180": "W", "154": "E", "153": "E", "82": "N", "123": "W", "111": "W", "108": "W", "28": "N", "125": "W", "50": "S", "49": "W", "114": "W", "59": "N", "66": "N", "110": "W", "63": "S", "81": "N", "141": "S", "17": "N", "47": "W", "171": "E", "92": "S", "46": "N", "61": "E", "165": "E", "33": "N", "62": "W", "18": "S", "158": "N", "148": "W", "96": "N", "89": "N", "147": "S", "27": "N", "71": "W", "132": "S", "45": "N", "99": "N", "85": "W", "20": "S", "51": "S", "69": "N", "117": "S", "32": "N", "37": "S", "74": "S", "161": "N", "77": "S", "137": "E", "178": "S", "146": "W", "150": "S", "90": "W", "95": "W", "119": "W", "94": "W", "118": "N", "5": "W", "75": "N", "115": "W", "184": "S", "129": "W", "131": "S", "177": "W", "88": "W", "167": "W", "39": "W", "149": "N", "11": "W", "136": "N", "163": "N", "151": "N", "134": "E", "157": "N", "104": "N", "162": "N", "175": "N", "113": "W", "103": "N", "22": "N", "152": "S", "143": "W", "42": "N", "156": "S", "29": "W", "21": "W", "166": "E", "65": "W"}, {"106": "W", "16": "W", "105": "W", "70": "S", "14": "W", "56": "E", "9": "S", "120": "E", "79": "E", "128": "W", "101": "W", "13": "N", "54": "N", "57": "E", "121": "S", "52": "W", "36": "N", "86": "W", "31": "W", "169": "W", "41": "W", "98": "S", "58": "N", "25": "E", "154": "E", "153": "N", "82": "N", "123": "W", "111": "N", "28": "E", "30": "N", "50": "S", "49": "W", "59": "N", "110": "W", "63": "E", "138": "N", "81": "N", "141": "W", "17": "N", "47": "N", "171": "E", "92": "S", "4": "S", "1": "W", "46": "W", "61": "E", "165": "S", "33": "N", "62": "N", "18": "W", "158": "N", "145": "E", "148": "W", "96": "N", "89": "W", "124": "W", "67": "N", "147": "S", "27": "N", "132": "E", "45": "N", "99": "W", "85": "S", "20": "W", "117": "S", "32": "N", "74": "W", "161": "N", "40": "S", "77": "S", "137": "E", "146": "W", "150": "S", "90": "W", "95": "S", "119": "W", "142": "S", "94": "W", "118": "W", "75": "N", "115": "N", "184": "S", "131": "S", "177": "W", "88": "W", "167": "S", "39": "W", "149": "W", "11": "S", "163": "N", "151": "W", "134": "N", "157": "W", "104": "N", "162": "N", "175": "W", "113": "W", "103": "E", "22": "N", "152": "S", "143": "W", "42": "N", "156": "S", "29": "W", "21": "W", "166": "E", "65": "W", "185": "E"}, {"106": "W", "16": "W", "105": "N", "56": "E", "9": "S", "120": "E", "79": "E", "87": "N", "101": "S", "13": "N", "54": "N", "57": "E", "121": "S", "84": "S", "52": "W", "36": "N", "31": "W", "169": "W", "41": "W", "98": "S", "58": "W", "25": "E", "153": "N", "82": "N", "111": "N", "28": "N", "30": "N", "50": "S", "49": "W", "59": "N", "63": "N", "138": "N", "81": "E", "141": "W", "17": "W", "47": "W", "171": "E", "92": "W", "160": "N", "4": "E", "1": "S", "46": "N", "61": "E", "165": "S", "62": "N", "18": "S", "158": "N", "0": "S", "145": "N", "148": "W", "96": "N", "89": "N", "147": "S", "27": "N", "71": "E", "132": "S", "99": "N", "85": "S", "20": "W", "51": "N", "117": "E", "37": "S", "74": "W", "161": "N", "40": "W", "77": "W", "137": "E", "178": "S", "146": "N", "150": "E", "90": "S", "95": "S", "119": "N", "142": "W", "94": "W", "5": "N", "75": "N", "115": "N", "184": "S", "129": "W", "131": "E", "177": "W", "88": "S", "167": "E", "39": "W", "149": "W", "11": "S", "136": "E", "135": "W", "163": "N", "151": "W", "159": "S", "134": "E", "157": "N", "104": "N", "162": "W", "175": "W", "113": "W", "103": "E", "22": "N", "152": "E", "143": "S", "42": "N", "156": "W", "29": "W", "21": "W", "35": "S", "166": "E", "65": "W", "185": "E"}, {"106": "W", "16": "W", "56": "N", "9": "S", "79": "E", "101": "S", "57": "E", "121": "E", "84": "S", "52": "N", "31": "W", "169": "W", "41": "N", "98": "W", "25": "S", "154": "S", "153": "N", "82": "N", "111": "W", "108": "E", "28": "E", "50": "S", "49": "W", "59": "N", "63": "N", "81": "E", "141": "W", "17": "W", "47": "N", "92": "S", "160": "W", "4": "E", "1": "W", "46": "N", "61": "S", "165": "S", "62": "N", "18": "E", "158": "N", "145": "N", "148": "W", "96": "N", "89": "W", "147": "S", "132": "E", "99": "N", "85": "S", "20": "W", "51": "N", "117": "E", "37": "W", "74": "W", "161": "N", "40": "W", "77": "S", "137": "S", "178": "S", "146": "N", "150": "S", "90": "W", "95": "W", "119": "N", "142": "W", "94": "W", "118": "E", "75": "N", "115": "N", "129": "W", "131": "E", "177": "N", "88": "S", "39": "N", "149": "W", "11": "S", "136": "N", "135": "S", "163": "N", "151": "W", "134": "N", "162": "N", "175": "W", "113": "W", "103": "S", "22": "N", "152": "S", "143": "S", "42": "N", "156": "N", "29": "N", "21": "S", "166": "E", "65": "W", "185": "S"}, {"106": "W", "16": "W", "56": "E", "79": "E", "57": "E", "121": "E", "52": "N", "31": "W", "169": "W", "41": "W", "98": "W", "25": "S", "82": "N", "111": "W", "28": "N", "50": "S", "49": "W", "59": "N", "17": "W", "92": "S", "160": "W", "4": "E", "1": "N", "46": "N", "61": "E", "165": "S", "62": "N", "158": "N", "0": "N", "140": "S", "145": "W", "148": "W", "96": "N", "89": "N", "147": "E", "99": "W", "85": "W", "20": "W", "69": "W", "117": "E", "32": "N", "37": "W", "74": "S", "161": "N", "40": "W", "77": "S", "178": "W", "146": "N", "150": "S", "90": "N", "119": "N", "94": "W", "118": "E", "75": "N", "115": "N", "131": "E", "177": "N", "88": "S", "39": "N", "149": "N", "11": "W", "136": "N", "163": "N", "151": "N", "134": "E", "162": "W", "175": "N", "113": "S", "103": "E", "22": "N", "152": "E", "156": "N", "21": "W", "166": "E", "65": "W", "185": "S"}, {"106": "S", "16": "S", "56": "N", "79": "E", "101": "W", "57": "E", "84": "N", "52": "W", "31": "N", "169": "N", "41": "W", "98": "W", "25": "S", "154": "N", "82": "N", "111": "N", "28": "E", "50": "W", "49": "S", "59": "N", "63": "N", "17": "W", "47": "N", "92": "W", "160": "S", "4": "N", "1": "W", "46": "W", "61": "N", "165": "S", "62": "N", "158": "N", "0": "N", "145": "N", "148": "W", "96": "N", "89": "W", "71": "N", "132": "S", "99": "N", "85": "S", "20": "W", "69": "W", "117": "E", "32": "N", "37": "W", "74": "W", "40": "W", "77": "W", "137": "E", "146": "N", "150": "E", "90": "N", "119": "N", "94": "N", "118": "E", "75": "N", "115": "N", "131": "S", "177": "W", "88": "S", "39": "N", "149": "W", "11": "W", "136": "N", "151": "W", "134": "N", "157": "W", "162": "N", "175": "W", "113": "W", "152": "E", "156": "N", "21": "N", "35": "S", "166": "E", "65": "W", "185": "S"}, {"106": "S", "16": "S", "56": "N", "84": "N", "52": "W", "41": "N", "98": "W", "25": "S", "154": "N", "82": "N", "111": "N", "108": "N", "28": "E", "50": "W", "49": "S", "59": "N", "81": "N", "160": "S", "4": "N", "1": "N", "46": "W", "61": "E", "165": "S", "62": "N", "158": "N", "140": "N", "148": "N", "96": "N", "89": "W", "147": "E", "71": "E", "132": "S", "99": "N", "85": "W", "20": "N", "69": "W", "117": "E", "32": "N", "37": "W", "74": "W", "40": "W", "77": "W", "137": "E", "146": "N", "150": "E", "90": "N", "119": "N", "94": "N", "118": "N", "75": "N", "115": "N", "131": "S", "177": "W", "88": "S", "39": "N", "149": "N", "11": "W", "136": "N", "135": "N", "163": "N", "151": "N", "159": "E", "134": "N", "162": "N", "175": "N", "113": "W", "152": "E", "156": "W", "29": "N", "21": "N", "35": "W", "166": "E", "65": "N", "185": "S"}, {"106": "S", "16": "S", "52": "W", "41": "W", "98": "W", "82": "N", "111": "W", "108": "N", "28": "E", "49": "W", "59": "N", "66": "N", "23": "S", "160": "S", "46": "N", "61": "E", "165": "W", "62": "N", "158": "N", "0": "N", "148": "N", "96": "N", "89": "N", "176": "S", "147": "S", "27": "E", "71": "S", "132": "S", "99": "N", "85": "W", "20": "N", "69": "N", "117": "E", "32": "E", "37": "N", "74": "W", "40": "N", "137": "E", "146": "N", "119": "N", "142": "W", "94": "N", "118": "E", "5": "E", "75": "N", "115": "N", "184": "N", "129": "N", "131": "E", "177": "N", "88": "S", "149": "W", "136": "N", "163": "N", "151": "W", "159": "E", "134": "N", "157": "N", "162": "N", "175": "W", "113": "S", "103": "E", "22": "E", "152": "E", "143": "N", "156": "N", "21": "N", "35": "N", "166": "E", "65": "W", "185": "S"}, {"106": "S", "16": "S", "52": "W", "41": "W", "98": "W", "82": "N", "111": "W", "108": "E", "28": "E", "49": "S", "59": "E", "160": "S", "46": "N", "61": "E", "165": "S", "33": "N", "62": "N", "158": "N", "145": "E", "148": "W", "96": "N", "89": "N", "147": "W", "27": "N", "71": "W", "132": "S", "45": "S", "99": "W", "51": "N", "69": "N", "117": "E", "32": "E", "74": "N", "137": "E", "146": "N", "150": "E", "90": "N", "119": "N", "142": "W", "94": "N", "118": "E", "5": "N", "75": "N", "115": "N", "184": "E", "177": "W", "88": "E", "149": "N", "136": "N", "163": "N", "134": "N", "162": "N", "175": "N", "113": "S", "103": "N", "152": "E", "42": "E", "156": "N", "21": "N", "35": "N", "166": "E", "65": "W", "185": "S"}, {"106": "S", "16": "S", "101": "E", "52": "S", "86": "E", "41": "N", "98": "W", "82": "N", "108": "S", "28": "S", "49": "E", "59": "E", "160": "S", "1": "N", "46": "W", "61": "E", "165": "S", "62": "N", "158": "N", "140": "E", "145": "N", "148": "N", "96": "N", "89": "N", "27": "N", "132": "S", "99": "W", "69": "N", "117": "E", "74": "N", "137": "S", "146": "N", "150": "E", "119": "N", "142": "N", "94": "N", "118": "E", "75": "N", "115": "N", "184": "S", "88": "S", "149": "W", "136": "N", "163": "N", "159": "N", "134": "E", "162": "N", "175": "N", "113": "S", "103": "N", "152": "S", "42": "E", "29": "N", "166": "S", "65": "W", "185": "S"}, {"101": "S", "52": "S", "41": "N", "98": "N", "82": "N", "108": "S", "28": "S", "59": "E", "23": "N", "160": "S", "46": "N", "61": "N", "165": "W", "62": "N", "158": "N", "145": "W", "148": "W", "96": "N", "89": "N", "176": "N", "27": "N", "45": "N", "99": "N", "69": "N", "117": "E", "74": "W", "127": "N", "137": "S", "146": "W", "150": "E", "94": "N", "118": "E", "5": "W", "75": "N", "115": "N", "184": "W", "88": "S", "149": "N", "136": "W", "163": "W", "134": "N", "162": "W", "175": "N", "113": "S", "103": "W", "152": "S", "166": "S", "65": "W"}, {"41": "N", "82": "N", "28": "E", "160": "S", "46": "N", "165": "W", "62": "N", "158": "N", "148": "N", "96": "N", "89": "W", "27": "N", "71": "E", "99": "N", "69": "W", "117": "N", "74": "W", "137": "S", "146": "N", "94": "W", "118": "E", "75": "N", "115": "N", "129": "S", "88": "S", "149": "N", "163": "N", "134": "N", "162": "N", "175": "N", "113": "S", "103": "N", "152": "S", "35": "N", "166": "S", "65": "S", "185": "W"}, {"41": "N", "82": "N", "28": "E", "160": "S", "46": "W", "165": "N", "62": "N", "158": "W", "140": "W", "148": "N", "96": "N", "89": "W", "27": "N", "99": "W", "69": "W", "117": "E", "74": "W", "127": "S", "137": "W", "146": "N", "150": "W", "94": "N", "118": "E", "75": "N", "115": "N", "129": "W", "88": "S", "149": "N", "163": "W", "134": "N", "162": "N", "175": "N", "113": "S", "22": "N", "152": "W", "35": "W", "185": "S"}, {"41": "E", "82": "N", "160": "S", "46": "W", "62": "N", "158": "N", "148": "N", "96": "N", "89": "W", "27": "E", "99": "N", "69": "N", "74": "W", "137": "W", "146": "N", "150": "W", "142": "W", "94": "N", "118": "E", "75": "E", "115": "N", "129": "W", "88": "S", "149": "N", "163": "W", "162": "N", "113": "S", "22": "E", "152": "W", "35": "S", "65": "W"}, {"41": "E", "82": "E", "160": "S", "46": "W", "62": "N", "158": "N", "148": "W", "96": "N", "89": "W", "99": "W", "69": "N", "32": "N", "74": "W", "137": "W", "146": "N", "150": "W", "142": "N", "94": "N", "118": "E", "75": "E", "115": "N", "88": "S", "149": "N", "163": "N", "162": "N", "113": "S", "22": "N", "35": "E", "65": "S"}, {"41": "E", "82": "E", "160": "S", "46": "W", "62": "N", "158": "N", "148": "N", "96": "N", "71": "N", "99": "W", "69": "N", "32": "E", "74": "N", "137": "W", "146": "N", "142": "E", "94": "N", "118": "E", "75": "E", "115": "N", "88": "E", "149": "W", "162": "N", "175": "W", "113": "S", "22": "E", "35": "E", "65": "S", "185": "S"}, {"41": "E", "160": "E", "46": "W", "62": "E", "148": "N", "96": "N", "99": "N", "69": "W", "32": "E", "146": "N", "142": "S", "94": "N", "118": "S", "115": "E", "88": "E", "149": "N", "113": "S", "22": "E", "65": "S", "185": "W"}, {"160": "E", "46": "W", "96": "N", "99": "W", "69": "W", "32": "E", "146": "N", "94": "E", "115": "E", "88": "S", "149": "N", "175": "W", "113": "S", "22": "E", "65": "E"}, {"46": "W", "96": "N", "71": "S", "99": "W", "32": "E", "146": "N", "115": "E", "88": "E", "149": "W", "175": "N", "113": "S", "22": "E"}, {"46": "W", "96": "N", "99": "W", "32": "E", "146": "N", "115": "E", "149": "N", "113": "S", "22": "E"}, {"46": "S", "96": "E", "99": "W", "32": "S", "146": "E", "113": "S", "22": "S"}, {"46": "S", "96": "E", "99": "W", "113": "S", "22": "S"}, {"96": "E", "99": "S", "113": "E"}, {"113": "E"}], "result": "SUCCESS", "makespan": 68, "sum": 6632, "algo_name": "OutAndInByPercentage_rand_BIT_", "extra": {"arrival_order": [12, 109, 78, 106, 38, 73, 80, 15, 102, 60, 72, 24, 55, 170, 68, 53, 139, 16, 100, 105, 182, 155, 70, 43, 93, 112, 179, 7, 14, 133, 6, 56, 44, 91, 9, 120, 76, 79, 164, 64, 34, 128, 87, 10, 101, 13, 54, 19, 57, 48, 121, 126, 97, 84, 2, 26, 52, 168, 83, 174, 116, 36, 86, 31, 169, 41, 98, 122, 58, 3, 25, 8, 180, 154, 153, 82, 181, 123, 173, 111, 108, 28, 125, 30, 50, 49, 144, 114, 59, 66, 110, 63, 138, 81, 141, 17, 23, 47, 171, 92, 107, 160, 4, 1, 46, 61, 165, 33, 62, 18, 158, 0, 140, 130, 145, 148, 96, 89, 124, 67, 176, 147, 27, 71, 132, 45, 99, 85, 20, 172, 51, 69, 117, 32, 37, 74, 161, 40, 77, 127, 137, 183, 178, 146, 150, 90, 95, 119, 142, 94, 118, 5, 75, 115, 184, 129, 131, 177, 88, 167, 39, 149, 11, 136, 135, 163, 151, 159, 134, 157, 104, 162, 175, 113, 103, 22, 152, 143, 42, 156, 29, 21, 35, 166, 65, 185], "time_arrived": [3080, 2817, 1510, 1943, 2801, 4191, 859, 772, 2003, 983, 1217, 4501, 54, 1261, 802, 246, 506, 2638, 3016, 1307, 3557, 4964, 4844, 2649, 318, 1986, 1545, 3362, 2299, 4944, 2354, 1742, 3697, 2948, 1147, 5000, 1665, 3729, 177, 4434, 3823, 1821, 4914, 663, 916, 3451, 2865, 2670, 1368, 2426, 2391, 3587, 1585, 441, 1281, 353, 897, 1347, 1905, 2504, 283, 2902, 2984, 2548, 1129, 5084, 2516, 3287, 427, 3621, 651, 3411, 294, 199, 3765, 4216, 1037, 3841, 110, 1077, 224, 2604, 2119, 1612, 1477, 3523, 1706, 1207, 4392, 3246, 4042, 953, 2744, 675, 4131, 4061, 3208, 1458, 1863, 3497, 554, 1249, 257, 4802, 4685, 592, 156, 2774, 2255, 74, 2539, 2229, 702, 4781, 2465, 4257, 1652, 3660, 4169, 4088, 1027, 1409, 1885, 2173, 3260, 2326, 1447, 3882, 1171, 4283, 3134, 4321, 3435, 840, 4648, 4540, 4530, 3919, 2568, 470, 3097, 2618, 4091, 4875, 2441, 3150, 3988, 3321, 3169, 4472, 4019, 4581, 4859, 2083, 2048, 633, 4932, 4664, 3047, 4605, 2789, 3796, 4719, 4566, 1118, 2937, 5045, 4399, 1597, 1776, 395, 2700, 3576, 2185, 1637, 4741, 3308, 4342, 3944, 739, 2031, 2143, 605, 3937, 4272, 5130], "BIT_runs": 1, "old_makespan": 5130, "old_sum": 6490, "improved": "[12, 109, 78, 106, 38, 73, 80, 15, 102, 60, 72, 24, 55, 170, 68, 53, 139, 16, 100, 105, 182, 155, 70, 43, 93, 112, 179, 7, 14, 133, 6, 56, 44, 91, 9, 120, 76, 79, 164, 64, 34, 128, 87, 10, 101, 13, 54, 19, 57, 48, 121, 126, 97, 84, 2, 26, 52, 168, 83, 174, 116, 36, 86, 31, 169, 41, 98, 122, 58, 3, 25, 8, 180, 154, 153, 82, 181, 123, 173, 111, 108, 28, 125, 30, 50, 49, 144, 114, 59, 66, 110, 63, 138, 81, 141, 17, 23, 47, 171, 92, 107, 160, 4, 1, 46, 61, 165, 33, 62, 18, 158, 0, 140, 130, 145, 148, 96, 89, 124, 67, 176, 147, 27, 71, 132, 45, 99, 85, 20, 172, 51, 69, 117, 32, 37, 74, 161, 40, 77, 127, 137, 183, 178, 146, 150, 90, 95, 119, 142, 94, 118, 5, 75, 115, 184, 129, 131, 177, 88, 167, 39, 149, 11, 136, 135, 163, 151, 159, 134, 157, 104, 162, 175, 113, 103, 22, 152, 143, 42, 156, 29, 21, 35, 166, 65, 185],", "goal_raise_for_bs": 32}}