{"instance": "small_008_20x20_40_83", "steps": [{"20": "N", "38": "W", "8": "W", "70": "W", "1": "W", "41": "S", "13": "W", "17": "E", "63": "N", "51": "N", "57": "W", "66": "W", "7": "N", "64": "W", "14": "S", "35": "W", "24": "W", "26": "W", "58": "W", "62": "W", "33": "W", "31": "W", "49": "W", "71": "S", "15": "W", "3": "W", "61": "W", "30": "W", "46": "W", "79": "W", "32": "S", "82": "W", "50": "W", "21": "W", "73": "W", "74": "S", "23": "W", "44": "S", "18": "W", "12": "S", "9": "W", "72": "W", "76": "N", "37": "N", "47": "W", "75": "W", "39": "W", "6": "S", "54": "W", "36": "W", "78": "N", "52": "N", "68": "W", "10": "S", "53": "W", "34": "W", "5": "W", "0": "W", "69": "W", "59": "W", "11": "W", "22": "W", "43": "W", "29": "S", "28": "W"}, {"20": "E", "38": "W", "8": "W", "2": "W", "45": "W", "70": "W", "1": "W", "65": "E", "41": "E", "67": "W", "13": "W", "17": "E", "63": "N", "51": "N", "57": "W", "66": "W", "7": "W", "64": "W", "14": "S", "35": "W", "24": "W", "26": "W", "58": "W", "62": "W", "33": "W", "56": "S", "60": "W", "81": "W", "49": "W", "15": "W", "3": "S", "61": "W", "46": "W", "79": "W", "42": "W", "32": "S", "82": "W", "50": "W", "21": "W", "73": "W", "74": "S", "44": "E", "18": "W", "12": "W", "9": "W", "72": "W", "55": "S", "76": "W", "37": "N", "75": "N", "4": "W", "39": "S", "6": "S", "54": "W", "36": "W", "78": "E", "52": "N", "68": "S", "25": "S", "10": "S", "53": "W", "80": "W", "5": "W", "48": "S", "0": "W", "59": "W", "11": "W", "22": "W", "43": "W", "28": "W"}, {"20": "E", "77": "S", "38": "W", "8": "W", "2": "W", "45": "W", "70": "W", "27": "S", "1": "W", "67": "W", "13": "W", "63": "E", "51": "E", "57": "W", "66": "W", "7": "N", "64": "W", "14": "S", "35": "W", "24": "W", "58": "W", "62": "W", "33": "W", "31": "S", "56": "S", "60": "S", "81": "S", "49": "W", "15": "W", "3": "S", "61": "W", "46": "W", "79": "W", "42": "S", "32": "S", "82": "W", "50": "W", "21": "W", "73": "W", "44": "E", "18": "W", "12": "W", "9": "W", "72": "W", "76": "S", "37": "E", "75": "W", "4": "N", "39": "E", "6": "S", "16": "S", "54": "W", "36": "N", "78": "E", "52": "W", "68": "S", "53": "W", "34": "N", "80": "W", "5": "W", "0": "W", "69": "N", "59": "W", "11": "W", "22": "W", "29": "N", "28": "W"}, {"20": "N", "77": "S", "38": "W", "8": "W", "2": "W", "45": "W", "70": "W", "1": "W", "67": "W", "13": "W", "63": "E", "51": "E", "57": "W", "66": "W", "7": "N", "64": "W", "14": "S", "35": "W", "24": "W", "26": "W", "58": "W", "62": "W", "33": "W", "56": "S", "60": "E", "49": "W", "15": "W", "3": "E", "61": "W", "46": "W", "79": "W", "32": "S", "82": "N", "50": "W", "21": "W", "73": "W", "44": "N", "12": "S", "72": "W", "55": "E", "76": "W", "37": "E", "75": "W", "4": "W", "6": "S", "16": "S", "54": "W", "78": "E", "52": "S", "10": "N", "53": "W", "34": "N", "80": "W", "5": "W", "48": "N", "0": "W", "59": "W", "11": "W", "22": "W", "43": "W", "28": "W", "19": "W"}, {"20": "E", "77": "S", "38": "W", "8": "W", "2": "W", "45": "W", "70": "W", "1": "W", "67": "W", "13": "W", "63": "E", "66": "W", "7": "W", "64": "W", "14": "S", "35": "W", "26": "W", "58": "W", "62": "W", "33": "W", "56": "S", "60": "E", "81": "W", "49": "W", "15": "W", "3": "E", "61": "W", "46": "W", "79": "W", "32": "E", "82": "E", "50": "W", "21": "W", "74": "E", "44": "E", "12": "S", "72": "W", "76": "S", "37": "E", "75": "W", "4": "N", "6": "S", "16": "S", "54": "W", "78": "S", "52": "S", "10": "E", "53": "W", "34": "E", "80": "W", "5": "W", "0": "W", "11": "W", "22": "W", "43": "W", "29": "E", "28": "W"}, {"40": "N", "77": "E", "38": "W", "8": "W", "2": "W", "70": "W", "27": "W", "1": "W", "67": "W", "13": "W", "63": "N", "66": "W", "7": "W", "64": "W", "14": "S", "35": "W", "26": "W", "58": "W", "62": "W", "33": "W", "56": "W", "60": "S", "49": "W", "15": "W", "3": "E", "61": "S", "46": "W", "79": "N", "82": "E", "50": "W", "21": "W", "74": "E", "44": "E", "12": "S", "72": "W", "76": "S", "37": "E", "75": "W", "4": "N", "6": "W", "54": "W", "36": "S", "78": "S", "52": "S", "68": "S", "53": "W", "80": "W", "5": "W", "0": "W", "69": "S", "11": "W", "22": "W", "29": "S", "28": "W", "19": "E"}, {"40": "N", "38": "W", "8": "N", "2": "W", "70": "W", "27": "S", "67": "W", "13": "W", "63": "E", "66": "W", "7": "W", "64": "W", "14": "S", "35": "W", "24": "S", "58": "W", "62": "W", "33": "W", "56": "W", "60": "E", "81": "W", "49": "W", "15": "W", "3": "E", "61": "S", "46": "W", "32": "E", "82": "S", "50": "W", "21": "W", "74": "E", "44": "E", "12": "W", "9": "N", "72": "W", "76": "S", "37": "E", "75": "W", "4": "W", "39": "E", "6": "W", "16": "W", "54": "W", "78": "E", "52": "S", "10": "W", "80": "W", "5": "W", "48": "E", "0": "S", "69": "E", "59": "W", "11": "W", "22": "W", "43": "W", "29": "E", "28": "W", "19": "E"}, {"40": "N", "38": "S", "8": "N", "2": "S", "70": "W", "67": "W", "13": "W", "63": "E", "51": "W", "57": "S", "66": "W", "7": "W", "64": "W", "14": "S", "35": "W", "24": "E", "58": "W", "62": "W", "33": "W", "56": "S", "60": "E", "81": "S", "49": "W", "15": "W", "3": "E", "61": "S", "46": "W", "79": "S", "32": "E", "82": "S", "50": "W", "21": "W", "74": "E", "44": "N", "12": "W", "9": "E", "72": "W", "76": "S", "47": "S", "75": "S", "4": "W", "39": "S", "6": "W", "54": "W", "78": "N", "52": "S", "10": "N", "80": "W", "5": "W", "48": "E", "69": "S", "59": "N", "11": "W", "22": "W", "43": "S", "28": "W"}, {"40": "W", "8": "N", "70": "W", "1": "S", "67": "W", "13": "W", "63": "E", "51": "N", "57": "E", "66": "W", "7": "W", "14": "W", "35": "W", "24": "S", "58": "W", "62": "W", "33": "W", "31": "S", "56": "S", "60": "E", "81": "S", "49": "W", "15": "W", "61": "S", "30": "W", "46": "W", "82": "S", "50": "W", "21": "W", "74": "E", "44": "E", "18": "S", "12": "W", "9": "S", "72": "W", "76": "S", "47": "S", "75": "S", "4": "W", "39": "S", "6": "W", "16": "W", "54": "W", "78": "E", "25": "W", "10": "E", "34": "W", "80": "S", "5": "W", "48": "N", "59": "N", "11": "W", "22": "W", "43": "S", "28": "W"}, {"40": "W", "70": "W", "67": "W", "13": "W", "63": "N", "51": "N", "57": "E", "66": "W", "7": "S", "64": "S", "14": "W", "35": "W", "24": "S", "26": "S", "58": "W", "62": "W", "33": "W", "56": "E", "60": "S", "81": "S", "49": "S", "15": "S", "3": "S", "61": "S", "30": "N", "46": "S", "82": "S", "50": "W", "21": "S", "44": "E", "18": "S", "12": "S", "9": "E", "76": "S", "75": "S", "4": "W", "39": "S", "6": "W", "16": "W", "54": "S", "78": "N", "52": "E", "25": "S", "10": "E", "80": "W", "48": "E", "0": "S", "59": "E", "11": "W", "22": "W", "43": "S", "29": "W", "28": "W"}, {"40": "W", "38": "N", "8": "S", "63": "N", "51": "N", "57": "S", "7": "S", "64": "S", "14": "N", "35": "N", "24": "S", "26": "E", "56": "E", "60": "E", "81": "S", "49": "S", "15": "S", "61": "E", "30": "N", "46": "S", "79": "E", "82": "E", "21": "S", "44": "E", "12": "W", "9": "E", "76": "S", "37": "E", "47": "S", "75": "S", "4": "W", "6": "N", "16": "W", "54": "S", "78": "E", "52": "E", "25": "S", "10": "E", "34": "E", "80": "S", "48": "E", "69": "S", "11": "S", "22": "S", "43": "S", "29": "S"}, {"40": "W", "38": "E", "8": "E", "13": "W", "63": "E", "51": "N", "57": "E", "7": "S", "64": "E", "24": "E", "26": "E", "58": "W", "33": "W", "56": "E", "60": "E", "81": "E", "49": "E", "71": "S", "15": "S", "3": "N", "61": "E", "30": "N", "46": "E", "79": "E", "82": "E", "50": "W", "21": "S", "23": "S", "44": "E", "18": "N", "9": "N", "72": "S", "76": "E", "37": "E", "47": "S", "75": "S", "4": "W", "16": "S", "54": "S", "36": "S", "52": "S", "25": "S", "10": "N", "5": "S", "48": "E", "59": "S", "11": "S", "43": "S", "29": "S"}, {"40": "W", "38": "E", "8": "E", "63": "E", "51": "N", "57": "E", "7": "S", "64": "S", "35": "N", "24": "S", "26": "E", "58": "N", "56": "E", "60": "N", "81": "E", "49": "S", "71": "W", "15": "S", "61": "E", "30": "E", "46": "E", "79": "E", "82": "E", "21": "S", "23": "S", "12": "W", "72": "E", "76": "E", "75": "W", "4": "W", "16": "S", "54": "S", "36": "S", "52": "E", "25": "E", "10": "E", "5": "E", "48": "E", "0": "N", "11": "S", "22": "E", "29": "W"}, {"40": "S", "38": "E", "8": "E", "2": "N", "1": "S", "13": "W", "63": "E", "51": "N", "57": "E", "7": "S", "64": "S", "14": "W", "35": "E", "24": "E", "26": "S", "33": "W", "31": "S", "56": "S", "60": "E", "81": "E", "49": "S", "71": "N", "15": "S", "61": "E", "30": "N", "46": "E", "82": "S", "50": "W", "21": "S", "23": "W", "18": "S", "12": "W", "9": "S", "72": "E", "76": "E", "75": "S", "4": "S", "16": "S", "54": "S", "36": "S", "52": "E", "25": "S", "10": "N", "53": "N", "34": "W", "5": "N", "48": "N", "0": "N", "11": "S", "29": "S"}, {"40": "S", "38": "N", "8": "E", "2": "E", "1": "S", "13": "W", "63": "E", "51": "N", "7": "W", "64": "S", "14": "W", "35": "E", "26": "S", "33": "W", "56": "S", "60": "E", "81": "E", "49": "S", "71": "E", "15": "S", "3": "S", "61": "E", "30": "E", "46": "S", "79": "E", "82": "E", "50": "W", "21": "S", "73": "W", "23": "W", "18": "S", "12": "W", "72": "E", "76": "E", "75": "S", "4": "S", "16": "S", "54": "S", "36": "S", "25": "S", "53": "W", "80": "W", "5": "N", "48": "N", "0": "N", "69": "E", "59": "S", "11": "S", "29": "E", "28": "S"}, {"40": "S", "38": "E", "8": "E", "2": "E", "1": "S", "67": "N", "13": "N", "51": "E", "66": "S", "7": "S", "64": "S", "14": "N", "35": "N", "26": "S", "58": "N", "33": "N", "56": "E", "60": "E", "49": "E", "15": "S", "30": "E", "46": "S", "79": "E", "82": "E", "50": "S", "21": "S", "73": "W", "23": "S", "18": "S", "72": "N", "76": "E", "75": "S", "4": "S", "16": "S", "54": "S", "36": "S", "25": "E", "10": "S", "53": "S", "34": "W", "5": "N", "11": "E", "22": "W", "29": "S"}, {"40": "S", "38": "E", "8": "S", "2": "E", "45": "N", "1": "S", "67": "E", "13": "E", "51": "E", "66": "S", "7": "S", "64": "W", "14": "N", "35": "E", "26": "S", "58": "E", "33": "E", "56": "E", "60": "N", "49": "S", "15": "S", "3": "N", "30": "S", "46": "S", "79": "S", "82": "S", "50": "S", "21": "S", "73": "S", "23": "S", "18": "S", "72": "N", "76": "E", "75": "S", "4": "W", "16": "S", "54": "S", "36": "S", "25": "E", "53": "S", "5": "N", "0": "S", "11": "E", "22": "N", "29": "S", "28": "N"}, {"40": "S", "8": "S", "2": "E", "45": "E", "67": "N", "51": "E", "66": "S", "7": "S", "64": "S", "14": "N", "35": "E", "26": "S", "33": "N", "31": "S", "56": "N", "60": "N", "49": "S", "15": "S", "30": "E", "46": "S", "79": "S", "82": "E", "50": "S", "21": "S", "73": "S", "23": "W", "18": "S", "72": "E", "75": "E", "4": "S", "16": "S", "54": "S", "36": "S", "25": "S", "53": "S", "5": "E", "0": "S", "11": "E", "22": "E", "29": "S"}, {"40": "E", "38": "E", "8": "S", "2": "S", "45": "E", "70": "S", "67": "E", "51": "E", "57": "N", "66": "S", "7": "S", "64": "S", "14": "N", "35": "E", "26": "S", "62": "S", "33": "N", "31": "S", "56": "E", "60": "E", "49": "S", "15": "E", "30": "E", "46": "S", "79": "S", "82": "E", "50": "S", "21": "E", "73": "S", "23": "W", "18": "S", "72": "N", "37": "S", "75": "E", "4": "S", "39": "N", "16": "S", "54": "S", "25": "S", "53": "S", "59": "E", "11": "E", "22": "N", "43": "E", "29": "S"}, {"40": "E", "38": "E", "8": "S", "2": "S", "45": "E", "70": "E", "67": "E", "51": "E", "57": "E", "66": "E", "7": "S", "64": "S", "14": "N", "35": "E", "24": "E", "26": "S", "58": "W", "62": "E", "33": "E", "56": "E", "60": "E", "81": "S", "49": "S", "15": "E", "30": "E", "46": "S", "79": "S", "82": "E", "50": "S", "21": "E", "73": "S", "23": "W", "18": "S", "12": "S", "75": "S", "4": "S", "39": "N", "16": "S", "54": "S", "34": "N", "80": "N", "69": "E", "59": "N", "11": "E", "22": "N", "43": "S", "29": "E", "19": "W"}, {"38": "E", "8": "S", "2": "S", "45": "S", "70": "E", "1": "S", "67": "E", "51": "E", "57": "S", "66": "E", "7": "E", "64": "E", "14": "N", "35": "E", "26": "S", "58": "S", "62": "E", "33": "E", "31": "S", "56": "E", "60": "E", "49": "E", "15": "E", "3": "S", "61": "E", "30": "E", "46": "S", "82": "E", "50": "S", "21": "E", "73": "S", "23": "W", "18": "S", "75": "S", "4": "S", "39": "N", "16": "S", "54": "E", "25": "S", "69": "S", "11": "E", "22": "E", "43": "S", "29": "E", "28": "E", "19": "W"}, {"8": "S", "2": "S", "45": "S", "70": "E", "1": "S", "67": "E", "13": "S", "51": "S", "66": "S", "7": "E", "64": "E", "14": "W", "35": "E", "26": "S", "58": "S", "62": "E", "33": "E", "31": "W", "56": "N", "60": "N", "81": "N", "49": "E", "15": "E", "3": "S", "30": "S", "46": "E", "82": "S", "50": "S", "21": "E", "73": "S", "23": "S", "18": "S", "47": "W", "4": "W", "39": "N", "6": "S", "54": "E", "80": "W", "69": "S", "11": "E", "43": "S", "29": "E", "28": "E", "19": "S"}, {"8": "S", "2": "S", "45": "S", "70": "E", "65": "W", "67": "E", "13": "E", "51": "S", "66": "S", "7": "E", "64": "E", "14": "W", "35": "S", "26": "S", "58": "E", "62": "S", "33": "E", "31": "S", "56": "N", "60": "E", "49": "E", "15": "E", "30": "S", "46": "E", "82": "E", "50": "S", "21": "E", "73": "S", "23": "S", "18": "S", "12": "N", "75": "S", "4": "S", "39": "N", "6": "S", "16": "S", "54": "E", "25": "S", "80": "S", "0": "S", "69": "S", "59": "E", "43": "S", "29": "E", "19": "E"}, {"8": "S", "2": "S", "45": "S", "65": "W", "67": "E", "13": "E", "51": "S", "66": "S", "7": "E", "64": "S", "14": "N", "35": "S", "26": "E", "58": "E", "62": "S", "33": "S", "31": "S", "56": "N", "15": "E", "61": "S", "30": "S", "46": "E", "50": "S", "21": "E", "73": "S", "23": "W", "75": "E", "4": "W", "16": "W", "54": "S", "80": "S", "0": "S", "69": "S", "22": "N", "43": "S", "29": "E", "28": "S", "19": "S"}, {"8": "S", "2": "S", "45": "S", "70": "E", "65": "S", "67": "S", "13": "E", "51": "E", "7": "E", "64": "E", "14": "N", "35": "E", "24": "S", "26": "S", "58": "E", "62": "S", "33": "E", "31": "S", "56": "E", "49": "E", "15": "E", "3": "N", "61": "E", "30": "E", "46": "E", "79": "E", "50": "S", "21": "E", "73": "W", "23": "S", "18": "W", "37": "S", "47": "W", "75": "N", "4": "S", "39": "S", "16": "W", "54": "E", "68": "S", "25": "N", "34": "N", "80": "S", "5": "N", "0": "W", "69": "E", "11": "E", "43": "S", "29": "E", "28": "S", "19": "S"}, {"8": "E", "2": "S", "45": "S", "70": "S", "65": "S", "67": "S", "13": "E", "51": "E", "66": "E", "7": "E", "64": "E", "14": "W", "35": "S", "24": "S", "26": "S", "58": "E", "62": "E", "33": "S", "31": "S", "3": "N", "46": "S", "79": "N", "50": "S", "21": "E", "73": "W", "23": "W", "12": "S", "72": "N", "75": "E", "4": "E", "39": "S", "16": "S", "54": "N", "25": "N", "34": "N", "80": "S", "5": "E", "0": "S", "69": "E", "59": "W", "22": "E", "43": "W", "29": "S", "28": "S", "19": "S"}, {"8": "E", "2": "S", "45": "S", "70": "E", "1": "N", "65": "S", "67": "S", "13": "E", "66": "S", "64": "N", "14": "W", "26": "S", "58": "E", "62": "E", "31": "W", "81": "W", "46": "E", "79": "N", "50": "S", "21": "E", "23": "W", "72": "E", "75": "E", "4": "S", "39": "S", "16": "S", "54": "E", "25": "E", "53": "W", "34": "N", "80": "S", "5": "N", "69": "E", "59": "N", "29": "E", "28": "E", "19": "S"}, {"8": "E", "2": "S", "45": "S", "70": "E", "65": "S", "67": "S", "13": "E", "66": "S", "14": "N", "24": "N", "26": "E", "58": "S", "62": "S", "33": "S", "31": "S", "81": "W", "15": "E", "61": "N", "46": "E", "79": "W", "50": "E", "21": "S", "73": "E", "23": "W", "18": "W", "12": "W", "72": "E", "47": "W", "75": "S", "4": "S", "39": "S", "6": "N", "16": "S", "54": "E", "25": "E", "53": "S", "34": "E", "80": "S", "5": "E", "0": "S", "69": "E", "59": "N", "11": "W", "22": "E", "28": "S", "19": "S"}, {"8": "E", "2": "S", "45": "S", "70": "E", "65": "S", "67": "S", "13": "E", "66": "S", "14": "N", "35": "S", "24": "N", "26": "E", "58": "S", "62": "S", "33": "E", "31": "S", "49": "S", "71": "S", "15": "E", "46": "E", "79": "S", "50": "E", "21": "S", "73": "E", "23": "W", "18": "S", "12": "N", "72": "S", "55": "W", "37": "W", "75": "E", "4": "E", "39": "S", "16": "S", "54": "S", "68": "E", "25": "S", "53": "S", "80": "S", "59": "N", "22": "E", "28": "S", "19": "S"}, {"2": "E", "45": "S", "70": "E", "1": "S", "65": "S", "67": "S", "13": "S", "66": "S", "14": "N", "35": "S", "26": "E", "58": "S", "62": "S", "33": "E", "81": "W", "71": "S", "15": "E", "3": "S", "46": "E", "79": "S", "50": "E", "21": "E", "73": "E", "23": "N", "18": "W", "12": "E", "72": "E", "55": "S", "37": "W", "47": "E", "75": "N", "4": "E", "39": "S", "16": "E", "54": "E", "36": "E", "25": "E", "53": "S", "34": "S", "19": "E"}, {"2": "E", "45": "S", "70": "E", "65": "S", "67": "S", "13": "S", "66": "S", "14": "N", "35": "S", "26": "E", "58": "E", "62": "E", "33": "E", "31": "W", "71": "E", "61": "S", "79": "S", "50": "E", "21": "E", "73": "E", "23": "N", "18": "S", "72": "E", "55": "S", "37": "N", "75": "E", "4": "S", "16": "E", "54": "E", "68": "W", "25": "N", "53": "W", "34": "E", "80": "S", "59": "N", "19": "E"}, {"2": "E", "45": "E", "70": "E", "65": "S", "67": "S", "13": "S", "66": "E", "14": "N", "35": "S", "26": "E", "58": "E", "62": "S", "33": "S", "81": "E", "49": "N", "71": "E", "61": "W", "50": "E", "21": "E", "73": "E", "23": "N", "18": "E", "72": "E", "55": "S", "4": "E", "16": "E", "54": "E", "36": "N", "68": "N", "53": "S", "34": "S", "80": "S", "5": "E", "59": "N", "43": "W", "28": "S"}, {"2": "E", "45": "E", "70": "E", "65": "E", "67": "S", "13": "S", "66": "E", "14": "E", "35": "S", "26": "E", "58": "S", "62": "S", "33": "S", "31": "W", "81": "E", "71": "E", "3": "N", "50": "E", "73": "E", "18": "E", "12": "S", "55": "S", "47": "W", "4": "E", "6": "N", "16": "E", "53": "S", "34": "E", "80": "S", "0": "E", "59": "W", "28": "S"}, {"2": "E", "45": "E", "70": "E", "65": "E", "67": "S", "13": "S", "66": "E", "14": "N", "35": "S", "26": "E", "58": "S", "62": "S", "33": "S", "81": "E", "71": "E", "50": "E", "73": "E", "23": "W", "18": "E", "55": "S", "37": "N", "4": "E", "16": "S", "36": "S", "53": "S", "34": "S", "80": "E", "0": "N", "69": "E", "59": "S", "28": "W"}, {"45": "E", "70": "S", "65": "E", "67": "S", "13": "E", "66": "E", "14": "N", "35": "E", "26": "N", "58": "S", "62": "S", "33": "S", "71": "E", "61": "N", "50": "E", "73": "E", "23": "N", "55": "S", "37": "E", "4": "E", "16": "E", "54": "E", "36": "W", "80": "E", "0": "N", "43": "E"}, {"70": "S", "65": "E", "67": "S", "13": "E", "66": "E", "14": "E", "26": "E", "58": "E", "33": "S", "23": "N", "12": "N", "55": "E", "37": "E", "4": "E", "16": "E", "54": "E", "34": "S", "80": "S", "0": "W", "11": "E", "28": "S"}, {"70": "S", "65": "S", "67": "E", "13": "E", "66": "E", "14": "E", "26": "E", "58": "S", "33": "E", "31": "E", "23": "N", "47": "E", "4": "E", "16": "E", "54": "N", "34": "E", "80": "S", "0": "W", "59": "W", "28": "S"}, {"70": "E", "65": "S", "67": "E", "13": "E", "14": "E", "26": "N", "58": "S", "33": "E", "31": "E", "71": "N", "23": "N", "4": "E", "6": "N", "16": "E", "54": "E", "80": "E", "0": "S", "69": "W", "59": "S", "28": "S"}, {"65": "S", "67": "E", "14": "E", "26": "N", "58": "S", "62": "W", "33": "E", "31": "E", "71": "N", "23": "N", "4": "E", "16": "E", "80": "E", "0": "S", "69": "N", "59": "S", "43": "E", "28": "S"}, {"67": "E", "14": "E", "58": "S", "31": "E", "23": "N", "4": "E", "16": "E", "53": "E", "80": "E", "0": "E", "59": "S", "11": "E", "43": "E", "19": "S"}, {"67": "E", "14": "S", "58": "E", "62": "E", "23": "E", "47": "E", "4": "N", "16": "E", "53": "E", "80": "E", "69": "S", "59": "E", "11": "E", "28": "E"}, {"14": "S", "58": "E", "62": "E", "15": "S", "12": "S", "47": "E", "4": "N", "16": "E", "80": "E", "28": "E"}, {"58": "E", "62": "E", "49": "S", "4": "N", "16": "N", "80": "E", "28": "E"}, {"58": "E", "3": "S", "4": "N", "6": "S", "16": "N", "80": "E"}, {"58": "E", "15": "N", "12": "N", "16": "W", "80": "E"}, {"58": "E", "49": "N", "16": "N", "80": "E"}, {"58": "E", "3": "N", "6": "N", "16": "N", "80": "E"}, {"16": "W", "80": "N"}, {"80": "N"}, {"80": "W"}], "result": "SUCCESS", "makespan": 50, "sum": 1801, "algo_name": "OutAndInByPercentage_rand_BIT_", "extra": {"arrival_order": [40, 20, 77, 38, 8, 2, 45, 70, 27, 1, 65, 41, 67, 13, 17, 63, 51, 57, 66, 7, 64, 14, 35, 24, 26, 58, 62, 33, 31, 56, 60, 81, 49, 71, 15, 3, 61, 30, 46, 79, 42, 32, 82, 50, 21, 73, 74, 23, 44, 18, 12, 9, 72, 55, 76, 37, 47, 75, 4, 39, 6, 16, 54, 36, 78, 52, 68, 25, 10, 53, 34, 80, 5, 48, 0, 69, 59, 11, 22, 43, 29, 28, 19], "time_arrived": [1351, 171, 116, 696, 1077, 1325, 1096, 340, 95, 954, 1244, 1392, 947, 239, 404, 684, 1140, 249, 933, 1476, 58, 856, 1408, 902, 431, 1234, 461, 160, 1457, 1441, 726, 549, 780, 528, 1270, 422, 1179, 1015, 76, 1086, 48, 195, 773, 1421, 918, 135, 753, 1022, 1340, 637, 827, 289, 1208, 1256, 1169, 981, 577, 297, 489, 1374, 604, 708, 508, 266, 372, 189, 318, 217, 1213, 1366, 154, 657, 969, 870, 877, 1050, 1002, 66, 1193, 764, 1311, 614, 800], "BIT_runs": 1, "old_makespan": 1476, "old_sum": 2127, "improved": "[40, 20, 77, 38, 8, 2, 45, 70, 27, 1, 65, 41, 67, 13, 17, 63, 51, 57, 66, 7, 64, 14, 35, 24, 26, 58, 62, 33, 31, 56, 60, 81, 49, 71, 15, 3, 61, 30, 46, 79, 42, 32, 82, 50, 21, 73, 74, 23, 44, 18, 12, 9, 72, 55, 76, 37, 47, 75, 4, 39, 6, 16, 54, 36, 78, 52, 68, 25, 10, 53, 34, 80, 5, 48, 0, 69, 59, 11, 22, 43, 29, 28, 19],", "goal_raise_for_bs": 32}}