{"instance": "small_011_20x20_90_183", "steps": [{"127": "S", "158": "W", "59": "S", "77": "E", "10": "E", "178": "W", "48": "E", "118": "W", "70": "N", "55": "E", "145": "S", "6": "N", "16": "N", "174": "W", "27": "W", "65": "W", "9": "E", "175": "S", "128": "W", "109": "N", "43": "W", "142": "W", "72": "S", "83": "W", "138": "E", "1": "N", "153": "W", "180": "S", "54": "N", "113": "W", "160": "W", "179": "W", "22": "E", "177": "E", "25": "N", "141": "W", "87": "W", "90": "N", "7": "W", "37": "S", "71": "N", "94": "N", "40": "N", "13": "W", "17": "W", "26": "W", "57": "N", "144": "W", "121": "W", "151": "W", "176": "S", "168": "W", "157": "W", "69": "E", "104": "N", "129": "W", "93": "E", "63": "E", "24": "W", "99": "W", "171": "E", "102": "W", "156": "W", "44": "E", "161": "W", "163": "W", "64": "N", "114": "S", "11": "N", "98": "W", "56": "N", "34": "E", "130": "W", "106": "W", "120": "W", "68": "W", "132": "W", "148": "W", "60": "W", "149": "W", "50": "N", "62": "E", "165": "E", "108": "W", "182": "S", "35": "W", "61": "N", "100": "N", "169": "E", "20": "N", "170": "W", "97": "N", "139": "E", "39": "N", "173": "W", "91": "N", "147": "E", "112": "N", "75": "W", "133": "S", "49": "W", "162": "W", "52": "E", "14": "W", "76": "N", "74": "E", "5": "W", "136": "W", "159": "S", "152": "E", "137": "W", "0": "N", "41": "E", "166": "W", "3": "E", "38": "W", "89": "W", "146": "W", "101": "E", "119": "E", "172": "E", "33": "E", "8": "N", "140": "W", "181": "W", "154": "W", "135": "W", "111": "E", "167": "W", "123": "W", "31": "N", "15": "N", "67": "N", "143": "W", "103": "S"}, {"127": "S", "158": "W", "131": "E", "59": "S", "77": "E", "88": "S", "10": "E", "178": "W", "48": "E", "118": "W", "70": "N", "55": "E", "124": "W", "145": "S", "6": "N", "16": "N", "174": "W", "27": "W", "65": "W", "155": "N", "9": "E", "175": "S", "128": "W", "109": "N", "58": "E", "43": "W", "142": "W", "72": "S", "83": "W", "138": "S", "1": "N", "164": "W", "32": "W", "153": "W", "180": "S", "30": "E", "113": "W", "160": "W", "179": "W", "22": "N", "80": "E", "177": "E", "25": "N", "141": "W", "85": "E", "87": "W", "90": "N", "134": "S", "7": "W", "37": "S", "71": "N", "46": "W", "40": "E", "13": "W", "81": "N", "17": "W", "26": "W", "57": "N", "2": "S", "144": "W", "121": "W", "151": "W", "176": "S", "168": "W", "96": "S", "157": "W", "69": "E", "110": "E", "104": "N", "129": "W", "51": "E", "24": "W", "99": "W", "171": "E", "102": "W", "156": "W", "44": "S", "161": "W", "163": "W", "64": "N", "114": "S", "11": "N", "122": "S", "98": "W", "56": "N", "130": "W", "106": "W", "120": "W", "68": "W", "132": "W", "148": "W", "60": "W", "149": "W", "50": "N", "62": "E", "165": "E", "108": "W", "18": "E", "95": "N", "182": "S", "35": "W", "61": "N", "100": "N", "169": "E", "20": "N", "170": "W", "97": "N", "139": "N", "173": "W", "29": "N", "150": "E", "42": "E", "147": "N", "112": "N", "75": "W", "53": "E", "133": "W", "49": "W", "21": "S", "107": "N", "162": "W", "52": "E", "14": "W", "23": "E", "105": "N", "76": "N", "5": "W", "136": "W", "159": "S", "137": "N", "0": "W", "41": "E", "166": "W", "38": "W", "89": "W", "146": "W", "4": "E", "101": "E", "119": "E", "172": "E", "33": "S", "8": "N", "140": "W", "181": "W", "154": "W", "135": "W", "111": "S", "167": "W", "123": "W", "31": "N", "15": "N", "67": "N", "143": "S", "103": "E"}, {"127": "S", "158": "W", "131": "E", "59": "E", "77": "E", "88": "E", "10": "E", "178": "W", "48": "E", "118": "W", "70": "N", "55": "E", "124": "N", "145": "S", "6": "N", "16": "N", "174": "W", "27": "W", "65": "W", "155": "W", "9": "E", "175": "S", "128": "W", "109": "N", "43": "W", "142": "W", "72": "S", "83": "W", "45": "W", "138": "S", "1": "N", "32": "S", "153": "W", "30": "E", "54": "W", "113": "W", "160": "W", "179": "W", "22": "W", "80": "E", "177": "E", "25": "N", "85": "E", "87": "W", "90": "N", "37": "S", "71": "N", "94": "S", "66": "W", "78": "N", "40": "S", "13": "W", "81": "N", "17": "W", "26": "W", "57": "N", "2": "E", "144": "W", "121": "W", "151": "W", "82": "S", "157": "W", "69": "E", "110": "E", "104": "N", "79": "S", "129": "W", "63": "E", "51": "N", "24": "W", "99": "W", "171": "E", "102": "W", "156": "W", "44": "W", "19": "S", "161": "W", "28": "N", "86": "W", "64": "N", "114": "S", "11": "N", "122": "E", "98": "W", "56": "N", "34": "N", "130": "W", "106": "W", "68": "W", "148": "W", "149": "W", "50": "N", "62": "E", "165": "E", "95": "N", "35": "W", "61": "N", "100": "N", "117": "S", "20": "N", "73": "W", "97": "N", "139": "W", "39": "S", "29": "N", "150": "S", "42": "N", "147": "E", "112": "N", "75": "S", "53": "S", "133": "W", "49": "W", "21": "E", "107": "E", "162": "S", "52": "E", "23": "N", "105": "N", "76": "N", "5": "W", "136": "W", "159": "S", "137": "W", "41": "E", "166": "W", "3": "E", "38": "W", "146": "W", "4": "E", "101": "E", "119": "E", "172": "E", "33": "W", "8": "N", "12": "N", "140": "W", "181": "S", "135": "W", "111": "S", "31": "N", "15": "N", "67": "N", "143": "W", "103": "S"}, {"127": "S", "158": "W", "131": "S", "59": "N", "77": "N", "88": "E", "178": "W", "48": "E", "118": "W", "70": "N", "124": "W", "145": "W", "6": "N", "174": "W", "65": "W", "9": "E", "175": "S", "128": "W", "109": "N", "43": "W", "142": "W", "72": "S", "83": "W", "45": "W", "138": "E", "32": "W", "153": "W", "180": "S", "30": "E", "54": "W", "113": "W", "160": "W", "179": "W", "22": "W", "177": "N", "25": "W", "141": "W", "87": "W", "90": "N", "134": "N", "7": "S", "37": "S", "71": "N", "94": "W", "66": "N", "78": "N", "40": "E", "13": "W", "81": "N", "57": "N", "144": "W", "121": "W", "151": "W", "176": "S", "168": "W", "82": "E", "157": "W", "69": "E", "129": "W", "63": "N", "51": "E", "24": "W", "99": "W", "171": "S", "102": "W", "156": "W", "44": "S", "161": "W", "28": "N", "86": "W", "163": "W", "64": "W", "114": "S", "11": "N", "122": "E", "56": "N", "34": "W", "106": "W", "68": "W", "47": "S", "148": "W", "60": "S", "149": "W", "50": "N", "165": "N", "108": "S", "126": "S", "95": "N", "35": "W", "61": "N", "92": "N", "117": "S", "169": "S", "20": "N", "170": "W", "97": "N", "139": "N", "39": "W", "173": "W", "29": "N", "42": "W", "112": "N", "75": "W", "53": "W", "133": "W", "49": "W", "21": "N", "107": "N", "162": "S", "23": "W", "105": "N", "76": "N", "5": "W", "136": "W", "159": "S", "152": "E", "0": "E", "166": "W", "3": "N", "38": "W", "146": "W", "116": "E", "4": "E", "101": "S", "119": "E", "33": "S", "8": "N", "12": "E", "140": "W", "181": "W", "154": "W", "135": "W", "167": "W", "31": "N", "15": "N", "67": "N", "143": "W", "103": "E"}, {"127": "S", "158": "W", "131": "S", "88": "E", "10": "E", "178": "W", "48": "E", "118": "W", "70": "N", "55": "E", "145": "W", "174": "W", "65": "S", "9": "E", "128": "W", "109": "N", "43": "W", "142": "W", "72": "S", "83": "W", "45": "W", "138": "E", "164": "S", "32": "W", "153": "W", "30": "S", "54": "W", "113": "W", "160": "W", "179": "W", "22": "W", "177": "N", "85": "N", "87": "W", "90": "N", "37": "S", "71": "N", "94": "W", "46": "W", "66": "N", "40": "E", "13": "S", "81": "E", "17": "S", "26": "S", "144": "W", "121": "W", "151": "W", "176": "S", "168": "W", "96": "S", "157": "W", "69": "E", "110": "E", "104": "N", "79": "S", "129": "W", "63": "N", "51": "E", "24": "W", "171": "W", "102": "W", "156": "W", "44": "S", "19": "E", "161": "W", "28": "E", "86": "S", "163": "W", "64": "W", "114": "E", "11": "N", "122": "N", "56": "N", "34": "W", "106": "W", "120": "E", "68": "S", "47": "S", "148": "W", "60": "S", "149": "W", "50": "N", "165": "N", "108": "S", "95": "N", "182": "N", "35": "W", "100": "N", "92": "N", "117": "S", "169": "S", "20": "N", "73": "E", "170": "W", "97": "N", "139": "N", "39": "W", "173": "S", "29": "W", "42": "W", "91": "W", "112": "N", "75": "W", "53": "S", "133": "S", "49": "W", "107": "N", "162": "S", "52": "E", "14": "S", "23": "W", "105": "N", "76": "N", "5": "W", "136": "W", "159": "S", "152": "E", "0": "E", "166": "W", "3": "N", "89": "S", "146": "W", "119": "S", "8": "W", "12": "N", "140": "W", "181": "W", "154": "W", "115": "E", "135": "W", "167": "W", "31": "N", "15": "N", "67": "N", "143": "W", "103": "E"}, {"127": "W", "158": "W", "131": "E", "59": "W", "88": "S", "10": "E", "70": "N", "145": "W", "174": "W", "9": "S", "128": "W", "109": "N", "43": "W", "142": "W", "72": "S", "45": "W", "138": "E", "164": "W", "32": "W", "153": "W", "30": "E", "54": "W", "113": "W", "179": "W", "22": "W", "177": "N", "85": "E", "87": "W", "7": "S", "37": "S", "71": "N", "94": "W", "46": "W", "78": "W", "40": "E", "13": "E", "81": "N", "17": "S", "26": "S", "144": "W", "121": "W", "151": "W", "176": "E", "168": "W", "96": "S", "157": "W", "110": "E", "104": "N", "79": "S", "129": "W", "93": "S", "63": "W", "51": "E", "24": "W", "171": "W", "102": "W", "156": "W", "44": "S", "161": "W", "28": "S", "86": "S", "163": "W", "64": "W", "114": "N", "122": "N", "98": "S", "56": "N", "34": "W", "106": "W", "120": "N", "47": "S", "132": "W", "148": "W", "60": "S", "36": "E", "149": "W", "50": "E", "165": "W", "108": "S", "18": "E", "95": "N", "182": "N", "61": "W", "100": "N", "92": "N", "117": "S", "20": "W", "73": "E", "170": "W", "139": "E", "173": "S", "29": "W", "42": "W", "147": "S", "75": "W", "53": "S", "133": "S", "49": "W", "107": "N", "162": "S", "52": "E", "23": "N", "74": "N", "5": "N", "136": "W", "159": "S", "152": "E", "137": "S", "166": "W", "3": "N", "38": "E", "89": "S", "146": "W", "116": "E", "4": "S", "101": "S", "119": "E", "172": "N", "8": "S", "140": "W", "181": "W", "154": "W", "115": "E", "135": "W", "167": "W", "123": "S", "143": "S", "103": "E"}, {"127": "W", "158": "W", "131": "E", "59": "W", "88": "S", "10": "N", "70": "E", "55": "W", "145": "S", "16": "E", "174": "W", "9": "S", "175": "E", "128": "W", "43": "W", "72": "E", "45": "W", "138": "E", "164": "W", "32": "W", "153": "W", "30": "N", "54": "W", "179": "W", "177": "N", "85": "E", "87": "S", "7": "S", "94": "W", "46": "W", "66": "N", "78": "W", "13": "E", "81": "W", "17": "S", "26": "S", "2": "W", "151": "W", "176": "N", "82": "W", "96": "S", "157": "W", "104": "N", "79": "S", "129": "W", "63": "N", "51": "E", "171": "N", "156": "W", "44": "S", "161": "W", "28": "S", "86": "S", "163": "W", "64": "W", "114": "E", "122": "E", "98": "S", "56": "W", "34": "W", "106": "N", "120": "N", "68": "S", "47": "S", "132": "W", "148": "W", "60": "S", "36": "S", "149": "W", "50": "S", "165": "W", "108": "S", "126": "W", "18": "S", "95": "N", "182": "N", "61": "N", "100": "N", "92": "N", "117": "W", "20": "S", "73": "E", "139": "N", "173": "S", "29": "W", "75": "S", "53": "S", "133": "W", "21": "E", "107": "N", "162": "S", "52": "N", "14": "S", "23": "N", "76": "N", "74": "W", "5": "N", "136": "W", "159": "W", "152": "E", "137": "W", "41": "E", "166": "W", "3": "N", "38": "E", "89": "S", "146": "W", "116": "S", "4": "E", "101": "W", "119": "S", "172": "N", "8": "S", "140": "W", "154": "W", "115": "S", "135": "W", "111": "S", "167": "W", "123": "S", "143": "W"}, {"127": "W", "158": "W", "131": "E", "59": "W", "88": "S", "48": "N", "70": "S", "55": "W", "145": "W", "16": "S", "174": "W", "9": "W", "175": "N", "128": "N", "43": "W", "45": "W", "138": "E", "164": "N", "32": "W", "153": "N", "30": "N", "54": "W", "179": "S", "177": "N", "85": "E", "87": "S", "7": "S", "46": "S", "66": "N", "13": "E", "81": "W", "17": "S", "26": "S", "57": "E", "121": "W", "176": "N", "96": "S", "157": "W", "104": "N", "79": "S", "129": "W", "63": "N", "24": "W", "156": "W", "44": "S", "161": "S", "28": "S", "86": "W", "163": "W", "64": "W", "114": "N", "122": "E", "98": "S", "56": "N", "106": "N", "68": "S", "47": "E", "148": "W", "60": "E", "36": "S", "149": "W", "50": "S", "62": "S", "165": "N", "126": "S", "18": "S", "95": "E", "182": "N", "35": "N", "61": "N", "100": "W", "92": "E", "117": "S", "20": "E", "73": "E", "139": "N", "39": "W", "173": "S", "91": "W", "75": "S", "53": "S", "133": "W", "107": "W", "52": "N", "14": "S", "23": "W", "105": "N", "76": "N", "74": "W", "5": "N", "159": "W", "152": "E", "137": "S", "41": "N", "166": "W", "3": "W", "38": "S", "89": "S", "146": "W", "116": "S", "4": "N", "101": "S", "119": "S", "172": "E", "33": "W", "8": "W", "12": "W", "140": "W", "154": "W", "115": "S", "135": "W", "111": "S", "167": "W", "15": "N", "103": "S"}, {"127": "W", "131": "E", "59": "W", "77": "S", "88": "S", "48": "W", "70": "E", "55": "W", "145": "W", "16": "S", "9": "W", "175": "N", "128": "W", "109": "E", "72": "E", "83": "S", "45": "S", "138": "S", "32": "W", "30": "N", "54": "S", "179": "S", "177": "N", "85": "E", "87": "S", "134": "S", "7": "S", "94": "S", "46": "S", "66": "W", "78": "W", "81": "W", "17": "S", "57": "E", "2": "E", "121": "W", "151": "N", "176": "E", "82": "E", "104": "E", "79": "S", "63": "N", "51": "S", "24": "W", "156": "S", "44": "S", "161": "S", "86": "W", "64": "S", "114": "N", "122": "E", "98": "S", "56": "W", "34": "N", "130": "S", "106": "N", "120": "W", "68": "S", "47": "E", "60": "E", "50": "S", "165": "N", "126": "W", "18": "E", "182": "E", "35": "E", "61": "N", "100": "W", "117": "S", "73": "E", "97": "W", "139": "N", "173": "S", "75": "S", "53": "S", "133": "W", "49": "N", "21": "E", "107": "N", "162": "W", "52": "N", "105": "W", "5": "E", "136": "W", "159": "W", "152": "N", "137": "W", "41": "N", "3": "N", "38": "S", "89": "S", "116": "S", "4": "E", "119": "S", "172": "N", "8": "W", "12": "W", "154": "S", "115": "S", "111": "S", "123": "W", "15": "E", "143": "W", "103": "E"}, {"127": "W", "131": "S", "59": "W", "77": "W", "88": "S", "10": "N", "48": "W", "118": "N", "70": "S", "55": "W", "145": "W", "16": "S", "9": "W", "175": "N", "128": "N", "109": "N", "72": "N", "83": "E", "45": "S", "138": "E", "32": "N", "30": "N", "54": "S", "179": "S", "22": "N", "177": "N", "85": "E", "87": "S", "90": "E", "84": "E", "7": "S", "94": "S", "46": "S", "66": "W", "78": "W", "40": "W", "81": "W", "17": "S", "176": "E", "79": "S", "63": "N", "24": "N", "156": "W", "86": "W", "163": "W", "64": "W", "114": "E", "11": "W", "122": "E", "98": "S", "56": "W", "34": "N", "106": "E", "120": "N", "68": "S", "132": "E", "60": "E", "36": "N", "50": "S", "165": "N", "126": "S", "18": "E", "182": "E", "125": "W", "35": "E", "61": "E", "100": "W", "117": "S", "20": "S", "97": "W", "139": "N", "39": "E", "29": "W", "42": "S", "75": "S", "53": "S", "133": "N", "21": "E", "107": "W", "52": "N", "14": "W", "23": "W", "105": "W", "76": "N", "74": "E", "5": "E", "136": "W", "159": "W", "152": "N", "137": "W", "0": "N", "41": "N", "166": "E", "3": "N", "116": "S", "4": "N", "119": "S", "172": "N", "33": "E", "8": "W", "12": "W", "115": "S", "111": "E", "167": "W", "15": "E", "143": "W"}, {"127": "W", "131": "E", "59": "W", "77": "W", "88": "S", "10": "W", "48": "W", "118": "E", "70": "S", "55": "W", "145": "W", "16": "S", "155": "S", "9": "W", "175": "W", "128": "N", "109": "E", "58": "N", "72": "N", "83": "E", "45": "S", "138": "N", "32": "N", "30": "E", "54": "S", "113": "N", "179": "S", "22": "N", "177": "W", "85": "S", "87": "E", "90": "S", "134": "S", "84": "E", "7": "S", "37": "W", "94": "W", "46": "S", "66": "W", "78": "N", "81": "W", "17": "S", "2": "E", "121": "W", "176": "E", "82": "E", "69": "N", "110": "S", "79": "E", "63": "N", "24": "N", "156": "W", "44": "S", "86": "W", "163": "W", "64": "S", "114": "E", "122": "N", "98": "S", "56": "W", "34": "W", "106": "E", "120": "N", "68": "S", "132": "N", "60": "E", "50": "E", "165": "N", "126": "S", "18": "E", "182": "E", "125": "W", "35": "N", "61": "N", "100": "W", "92": "S", "117": "W", "20": "S", "73": "N", "97": "W", "139": "N", "150": "W", "53": "S", "133": "W", "21": "E", "107": "N", "52": "N", "14": "S", "23": "N", "105": "W", "76": "W", "5": "E", "136": "W", "159": "W", "152": "N", "137": "W", "0": "N", "41": "N", "3": "N", "116": "S", "4": "E", "119": "S", "172": "N", "12": "N", "140": "S", "115": "S", "111": "S", "167": "W", "123": "W", "31": "E", "15": "S", "67": "E", "143": "W", "103": "E"}, {"127": "W", "131": "N", "59": "W", "77": "W", "88": "S", "10": "N", "178": "S", "48": "W", "118": "E", "70": "S", "55": "W", "145": "W", "16": "E", "65": "N", "155": "S", "9": "W", "175": "W", "128": "N", "109": "E", "58": "E", "72": "N", "83": "N", "45": "S", "138": "E", "32": "W", "30": "N", "54": "S", "113": "E", "160": "S", "22": "N", "177": "N", "85": "S", "87": "E", "90": "S", "134": "W", "84": "E", "7": "S", "37": "N", "71": "N", "46": "S", "66": "W", "40": "E", "13": "S", "81": "N", "17": "S", "2": "E", "121": "N", "176": "E", "82": "E", "69": "W", "110": "W", "79": "E", "63": "N", "51": "E", "24": "N", "102": "N", "156": "S", "44": "E", "86": "S", "114": "E", "11": "N", "122": "W", "98": "S", "56": "W", "34": "N", "106": "E", "120": "E", "68": "S", "47": "S", "132": "N", "60": "E", "36": "E", "108": "S", "126": "S", "18": "E", "95": "N", "182": "E", "125": "W", "35": "E", "61": "E", "92": "E", "117": "S", "20": "S", "73": "E", "97": "W", "139": "N", "29": "E", "150": "W", "42": "N", "75": "W", "53": "E", "133": "W", "49": "S", "21": "E", "107": "N", "162": "S", "14": "S", "23": "W", "105": "W", "136": "N", "159": "W", "152": "N", "137": "W", "0": "E", "41": "E", "116": "S", "4": "E", "101": "E", "119": "W", "172": "N", "8": "N", "12": "E", "181": "S", "111": "E", "31": "E", "15": "E", "67": "E", "103": "N"}, {"127": "W", "131": "E", "59": "W", "77": "W", "88": "S", "10": "W", "178": "E", "48": "W", "118": "E", "70": "S", "55": "W", "145": "N", "6": "E", "65": "E", "155": "S", "9": "W", "175": "W", "128": "E", "109": "E", "58": "E", "142": "S", "72": "N", "83": "N", "45": "S", "138": "E", "164": "W", "32": "W", "30": "E", "54": "S", "113": "E", "160": "E", "179": "S", "22": "W", "177": "N", "85": "E", "87": "S", "90": "W", "134": "W", "84": "E", "7": "S", "37": "W", "71": "E", "46": "S", "66": "W", "40": "N", "13": "E", "81": "N", "17": "S", "57": "N", "2": "E", "82": "E", "69": "W", "110": "W", "104": "N", "79": "E", "93": "E", "63": "W", "51": "E", "24": "E", "102": "E", "156": "S", "44": "S", "161": "S", "86": "W", "163": "W", "64": "S", "114": "E", "11": "W", "122": "N", "98": "E", "56": "W", "130": "S", "106": "E", "120": "E", "68": "S", "47": "E", "132": "E", "60": "E", "36": "E", "126": "S", "18": "E", "182": "E", "125": "W", "35": "E", "61": "E", "100": "W", "92": "E", "169": "N", "20": "E", "73": "N", "97": "W", "139": "N", "29": "N", "150": "W", "91": "W", "112": "W", "75": "S", "53": "S", "133": "N", "107": "N", "162": "S", "52": "W", "14": "E", "23": "W", "105": "W", "74": "N", "136": "N", "159": "W", "137": "S", "0": "S", "38": "S", "89": "S", "4": "E", "101": "S", "119": "W", "172": "N", "8": "N", "181": "E", "154": "E", "115": "E", "111": "E", "167": "W", "31": "S", "15": "E", "67": "S", "103": "E"}, {"127": "W", "131": "E", "59": "W", "77": "W", "88": "S", "10": "W", "178": "E", "48": "W", "118": "S", "70": "S", "55": "W", "145": "N", "6": "S", "65": "E", "155": "S", "9": "W", "175": "W", "128": "E", "109": "E", "58": "S", "142": "E", "72": "N", "83": "E", "45": "S", "138": "S", "164": "N", "32": "W", "153": "S", "180": "W", "30": "E", "54": "S", "113": "N", "160": "E", "179": "E", "22": "W", "80": "W", "177": "N", "85": "E", "87": "E", "90": "W", "134": "W", "84": "N", "37": "W", "71": "E", "46": "S", "66": "W", "40": "E", "13": "S", "81": "N", "57": "N", "144": "N", "176": "S", "168": "N", "69": "W", "110": "W", "104": "N", "93": "E", "63": "N", "51": "S", "24": "E", "99": "S", "102": "E", "156": "S", "44": "S", "86": "S", "163": "W", "64": "S", "114": "E", "11": "W", "122": "E", "98": "E", "56": "W", "130": "E", "106": "E", "120": "N", "68": "S", "132": "N", "60": "N", "36": "N", "50": "E", "165": "N", "108": "W", "126": "S", "18": "N", "95": "N", "182": "N", "125": "W", "35": "E", "61": "E", "100": "W", "92": "E", "169": "E", "73": "E", "97": "S", "139": "E", "39": "W", "29": "N", "150": "W", "112": "W", "75": "S", "53": "E", "133": "W", "107": "W", "162": "S", "52": "N", "14": "E", "23": "W", "105": "W", "76": "W", "136": "N", "159": "W", "152": "N", "137": "S", "3": "N", "38": "S", "89": "E", "101": "W", "119": "W", "172": "W", "33": "S", "8": "W", "181": "E", "154": "N", "111": "S", "167": "W", "123": "N", "31": "S", "15": "E", "67": "S", "143": "E"}, {"127": "W", "131": "E", "59": "W", "77": "W", "88": "S", "10": "W", "178": "E", "48": "W", "118": "E", "70": "E", "55": "W", "145": "N", "6": "S", "65": "E", "155": "S", "9": "W", "175": "W", "128": "E", "109": "E", "58": "S", "142": "E", "72": "E", "83": "E", "138": "S", "164": "N", "32": "W", "153": "E", "30": "E", "54": "S", "113": "N", "160": "E", "179": "E", "22": "W", "177": "N", "85": "N", "87": "E", "90": "W", "134": "W", "84": "E", "37": "W", "71": "E", "46": "S", "66": "W", "40": "E", "13": "S", "81": "N", "57": "E", "144": "E", "121": "N", "151": "E", "168": "E", "69": "W", "110": "W", "104": "E", "93": "S", "63": "N", "51": "E", "24": "E", "99": "E", "102": "E", "156": "S", "44": "W", "19": "N", "161": "E", "28": "N", "86": "W", "163": "N", "64": "S", "114": "N", "11": "W", "122": "N", "56": "W", "34": "N", "130": "E", "106": "E", "120": "N", "68": "E", "132": "E", "60": "E", "62": "E", "165": "N", "108": "S", "126": "S", "18": "E", "95": "N", "182": "E", "35": "E", "61": "E", "100": "W", "92": "N", "169": "N", "97": "W", "173": "N", "29": "N", "42": "W", "112": "W", "75": "S", "133": "W", "21": "E", "107": "W", "52": "N", "23": "S", "105": "N", "76": "W", "136": "N", "159": "W", "152": "N", "137": "S", "41": "N", "3": "W", "38": "S", "89": "E", "116": "S", "4": "S", "119": "S", "172": "N", "12": "W", "181": "E", "115": "E", "111": "E", "167": "S", "123": "W", "31": "E", "15": "E", "67": "E", "103": "E"}, {"127": "N", "131": "E", "59": "W", "77": "S", "88": "S", "10": "S", "178": "E", "48": "W", "118": "E", "70": "E", "55": "N", "145": "N", "6": "S", "16": "N", "65": "E", "155": "S", "9": "W", "175": "W", "128": "E", "109": "N", "58": "S", "142": "E", "72": "N", "83": "E", "138": "E", "164": "N", "32": "W", "153": "E", "30": "E", "54": "W", "113": "E", "160": "E", "179": "N", "22": "W", "177": "W", "85": "E", "87": "E", "90": "W", "134": "S", "84": "N", "37": "W", "71": "E", "94": "N", "46": "S", "66": "W", "40": "E", "13": "E", "81": "N", "57": "E", "144": "E", "121": "E", "151": "S", "176": "N", "168": "E", "157": "S", "69": "W", "110": "S", "104": "E", "93": "W", "63": "W", "51": "E", "24": "E", "99": "S", "171": "W", "102": "E", "156": "S", "44": "S", "19": "N", "86": "W", "64": "S", "114": "N", "11": "W", "122": "N", "98": "W", "56": "W", "34": "W", "130": "E", "106": "E", "120": "N", "68": "E", "47": "S", "60": "E", "62": "N", "165": "N", "108": "E", "126": "S", "18": "E", "95": "E", "182": "N", "35": "E", "61": "E", "100": "W", "92": "W", "169": "E", "20": "N", "97": "W", "139": "W", "29": "E", "147": "W", "112": "W", "75": "E", "53": "S", "133": "W", "49": "W", "21": "N", "107": "W", "162": "S", "52": "N", "105": "W", "76": "W", "74": "N", "136": "N", "159": "W", "152": "N", "137": "W", "3": "N", "38": "S", "146": "S", "116": "S", "4": "S", "101": "E", "119": "S", "172": "N", "8": "N", "111": "E", "167": "E", "15": "S", "67": "E", "143": "N", "103": "N"}, {"127": "N", "158": "S", "131": "E", "59": "W", "88": "W", "10": "S", "178": "N", "48": "W", "118": "E", "70": "E", "55": "N", "145": "W", "6": "W", "16": "E", "65": "E", "155": "W", "9": "W", "175": "W", "128": "N", "109": "E", "58": "E", "142": "E", "72": "N", "83": "E", "138": "E", "164": "N", "32": "W", "153": "E", "30": "E", "54": "W", "113": "E", "160": "S", "22": "W", "177": "W", "85": "S", "87": "E", "90": "W", "84": "N", "7": "W", "37": "W", "71": "E", "94": "N", "46": "S", "66": "W", "78": "S", "40": "S", "13": "E", "81": "N", "57": "E", "144": "E", "121": "E", "151": "E", "168": "E", "157": "S", "69": "N", "110": "S", "104": "S", "93": "S", "63": "N", "24": "E", "99": "E", "102": "N", "156": "S", "44": "S", "19": "N", "161": "E", "86": "W", "64": "S", "114": "N", "11": "W", "122": "N", "56": "W", "34": "W", "130": "S", "106": "N", "120": "N", "47": "E", "132": "E", "60": "E", "62": "N", "165": "N", "126": "S", "18": "E", "95": "E", "182": "N", "125": "W", "61": "E", "100": "W", "92": "S", "169": "E", "20": "E", "73": "S", "97": "W", "139": "N", "39": "N", "173": "W", "29": "N", "150": "W", "42": "N", "147": "N", "112": "W", "53": "S", "133": "W", "49": "N", "21": "N", "107": "N", "162": "E", "52": "E", "105": "W", "76": "W", "74": "W", "136": "N", "159": "W", "137": "W", "3": "W", "38": "E", "89": "S", "116": "W", "4": "E", "119": "S", "172": "N", "33": "S", "8": "W", "140": "S", "181": "S", "154": "S", "115": "W", "111": "E", "167": "E", "123": "W", "31": "N", "15": "S", "143": "W", "103": "N"}, {"127": "N", "158": "E", "131": "N", "59": "W", "88": "W", "10": "S", "178": "N", "48": "W", "118": "S", "70": "E", "145": "W", "6": "W", "16": "E", "65": "E", "155": "W", "9": "S", "175": "W", "128": "E", "109": "E", "58": "E", "142": "S", "72": "N", "83": "E", "138": "N", "164": "N", "32": "W", "153": "E", "180": "W", "30": "E", "113": "E", "160": "S", "22": "W", "80": "W", "177": "W", "87": "E", "90": "W", "84": "N", "37": "W", "71": "E", "94": "N", "46": "S", "66": "W", "78": "W", "40": "S", "13": "S", "81": "N", "17": "S", "57": "E", "144": "N", "121": "E", "151": "E", "168": "E", "157": "S", "69": "W", "110": "W", "104": "E", "93": "S", "63": "W", "24": "E", "99": "E", "102": "N", "156": "S", "44": "W", "19": "W", "161": "S", "86": "W", "163": "W", "64": "S", "114": "E", "11": "W", "122": "N", "56": "W", "34": "N", "130": "E", "106": "N", "120": "E", "68": "S", "47": "S", "132": "E", "148": "N", "60": "E", "50": "E", "62": "N", "165": "W", "126": "S", "18": "E", "95": "E", "182": "N", "125": "W", "61": "E", "100": "W", "169": "E", "20": "E", "97": "W", "139": "N", "173": "S", "29": "E", "150": "S", "42": "W", "112": "W", "133": "N", "49": "N", "21": "W", "107": "W", "162": "E", "52": "N", "14": "N", "23": "W", "105": "W", "76": "W", "74": "W", "136": "E", "159": "W", "152": "N", "0": "N", "166": "N", "3": "W", "38": "E", "89": "S", "116": "W", "4": "E", "119": "W", "172": "N", "8": "W", "12": "N", "140": "S", "181": "E", "115": "W", "111": "E", "167": "N", "123": "S", "31": "E", "15": "S", "67": "E", "143": "S", "103": "E"}, {"127": "N", "158": "E", "131": "N", "59": "N", "88": "W", "10": "W", "178": "N", "48": "W", "118": "S", "70": "E", "55": "S", "145": "N", "6": "W", "16": "S", "27": "S", "65": "S", "155": "W", "9": "S", "175": "W", "128": "E", "109": "S", "58": "E", "142": "E", "72": "E", "83": "N", "138": "E", "164": "N", "32": "W", "153": "E", "30": "N", "113": "E", "160": "S", "22": "W", "177": "N", "25": "E", "87": "E", "90": "W", "84": "N", "37": "W", "71": "N", "94": "W", "46": "S", "66": "S", "78": "W", "40": "S", "13": "E", "81": "N", "57": "E", "2": "N", "121": "N", "151": "E", "168": "E", "82": "N", "96": "W", "157": "S", "69": "W", "110": "W", "104": "E", "93": "S", "63": "W", "51": "N", "24": "E", "99": "S", "171": "E", "102": "E", "156": "E", "44": "W", "19": "S", "161": "E", "86": "W", "163": "W", "114": "N", "11": "W", "122": "N", "56": "W", "34": "W", "106": "N", "120": "E", "47": "E", "148": "N", "149": "N", "50": "S", "62": "N", "165": "N", "126": "S", "95": "E", "182": "E", "125": "W", "35": "N", "61": "E", "100": "W", "92": "E", "117": "E", "169": "E", "20": "E", "73": "W", "97": "W", "139": "N", "29": "E", "42": "W", "147": "E", "112": "W", "75": "S", "133": "N", "49": "N", "107": "W", "162": "E", "52": "N", "14": "W", "23": "W", "76": "W", "74": "W", "136": "E", "159": "W", "152": "N", "166": "N", "3": "W", "38": "E", "89": "E", "116": "S", "4": "E", "119": "S", "172": "N", "8": "W", "140": "S", "154": "N", "111": "N", "167": "N", "123": "S", "31": "S", "15": "E", "67": "S", "143": "S", "103": "N"}, {"127": "N", "158": "E", "131": "N", "59": "W", "77": "E", "88": "W", "10": "W", "178": "N", "48": "W", "118": "S", "70": "E", "145": "N", "6": "W", "16": "E", "27": "E", "65": "S", "155": "W", "9": "W", "175": "W", "128": "E", "109": "S", "142": "S", "72": "N", "83": "E", "138": "E", "164": "N", "32": "W", "153": "E", "30": "N", "113": "E", "160": "E", "22": "W", "177": "W", "25": "S", "87": "S", "90": "W", "134": "E", "84": "N", "7": "E", "37": "W", "71": "N", "94": "W", "66": "S", "78": "W", "40": "E", "13": "S", "81": "N", "26": "N", "57": "E", "121": "E", "151": "E", "157": "S", "69": "W", "110": "W", "104": "S", "93": "S", "63": "W", "51": "E", "24": "E", "99": "E", "102": "E", "44": "W", "161": "E", "28": "S", "86": "W", "163": "N", "114": "N", "11": "W", "122": "N", "56": "S", "34": "W", "106": "N", "120": "E", "47": "E", "148": "N", "149": "N", "50": "S", "62": "N", "165": "W", "108": "S", "126": "S", "18": "S", "95": "E", "182": "N", "35": "N", "61": "E", "100": "W", "117": "S", "20": "E", "97": "W", "139": "W", "39": "N", "29": "E", "42": "N", "112": "W", "53": "W", "49": "N", "107": "N", "162": "E", "52": "N", "23": "N", "76": "W", "74": "W", "159": "W", "152": "N", "137": "S", "166": "N", "3": "W", "38": "E", "89": "E", "146": "S", "116": "W", "4": "E", "101": "W", "119": "W", "172": "N", "33": "N", "8": "W", "140": "S", "154": "N", "111": "E", "167": "N", "123": "S", "31": "S", "15": "S", "67": "S", "143": "S", "103": "E"}, {"127": "N", "158": "E", "131": "N", "59": "W", "88": "S", "10": "W", "178": "N", "48": "N", "118": "S", "70": "E", "145": "N", "6": "W", "16": "S", "27": "E", "65": "S", "155": "W", "9": "W", "175": "W", "128": "E", "109": "S", "43": "N", "142": "S", "72": "N", "83": "E", "138": "N", "164": "N", "32": "S", "153": "E", "30": "N", "54": "N", "113": "N", "22": "W", "177": "W", "25": "S", "141": "W", "87": "E", "90": "W", "134": "S", "84": "N", "7": "S", "37": "W", "71": "E", "94": "W", "66": "S", "78": "W", "40": "E", "13": "E", "81": "N", "57": "N", "144": "S", "121": "E", "151": "E", "110": "S", "104": "S", "63": "W", "51": "S", "24": "N", "99": "E", "102": "E", "156": "S", "44": "W", "19": "S", "86": "W", "163": "N", "64": "N", "114": "W", "11": "W", "122": "W", "56": "S", "34": "W", "106": "N", "120": "E", "47": "N", "132": "W", "148": "E", "60": "S", "149": "E", "50": "S", "62": "N", "165": "W", "126": "S", "18": "E", "95": "E", "182": "N", "35": "N", "61": "N", "100": "S", "92": "N", "20": "E", "139": "W", "39": "N", "29": "E", "150": "S", "112": "W", "75": "S", "53": "W", "133": "W", "49": "N", "21": "E", "162": "E", "52": "N", "105": "E", "76": "W", "159": "W", "152": "N", "137": "W", "166": "E", "3": "W", "38": "E", "146": "S", "116": "W", "4": "N", "119": "W", "172": "N", "8": "W", "12": "W", "140": "S", "154": "N", "111": "N", "123": "S", "31": "E", "15": "S", "67": "E", "143": "S", "103": "E"}, {"127": "N", "158": "N", "131": "N", "59": "N", "10": "W", "178": "E", "48": "N", "118": "S", "70": "S", "145": "N", "6": "W", "16": "S", "27": "E", "65": "S", "155": "S", "9": "W", "175": "W", "128": "E", "109": "S", "43": "E", "142": "S", "72": "N", "83": "E", "138": "N", "164": "N", "32": "S", "153": "E", "180": "E", "30": "N", "113": "E", "22": "W", "80": "E", "177": "N", "25": "W", "87": "N", "90": "W", "134": "S", "84": "N", "37": "W", "71": "E", "94": "W", "66": "S", "78": "W", "40": "N", "13": "E", "81": "W", "57": "N", "144": "E", "121": "E", "151": "E", "110": "W", "104": "S", "63": "W", "51": "E", "156": "E", "44": "W", "161": "E", "28": "E", "86": "N", "163": "N", "114": "N", "11": "S", "122": "N", "56": "S", "34": "W", "106": "N", "120": "E", "47": "N", "60": "E", "149": "E", "50": "E", "62": "N", "165": "W", "108": "S", "18": "N", "182": "N", "125": "S", "35": "E", "61": "E", "100": "S", "92": "E", "169": "S", "20": "E", "73": "S", "139": "W", "39": "W", "29": "N", "150": "S", "147": "E", "112": "N", "53": "S", "133": "N", "49": "E", "21": "N", "107": "N", "162": "E", "52": "W", "23": "N", "76": "W", "74": "N", "5": "N", "136": "E", "159": "N", "152": "E", "137": "W", "166": "E", "3": "N", "38": "E", "146": "S", "116": "W", "4": "N", "119": "W", "172": "W", "33": "N", "8": "W", "12": "N", "140": "S", "154": "N", "111": "E", "123": "S", "15": "S", "67": "E", "143": "S", "103": "N"}, {"127": "N", "158": "E", "59": "N", "77": "W", "10": "W", "178": "E", "48": "W", "118": "E", "70": "S", "145": "N", "6": "W", "16": "E", "174": "S", "27": "E", "65": "E", "155": "S", "9": "W", "128": "E", "109": "S", "58": "N", "43": "E", "142": "S", "72": "N", "83": "E", "138": "N", "164": "W", "32": "S", "153": "E", "30": "N", "113": "E", "22": "W", "177": "N", "25": "W", "141": "W", "87": "E", "90": "W", "84": "N", "37": "W", "71": "S", "94": "W", "66": "S", "78": "W", "13": "N", "81": "W", "26": "S", "57": "E", "144": "E", "121": "E", "168": "W", "82": "S", "96": "W", "110": "W", "104": "E", "63": "W", "99": "E", "156": "E", "44": "W", "28": "S", "86": "W", "163": "N", "114": "N", "11": "W", "122": "N", "34": "S", "106": "N", "120": "E", "47": "E", "60": "N", "36": "N", "149": "N", "50": "E", "62": "N", "165": "N", "18": "E", "95": "N", "182": "N", "125": "E", "35": "E", "61": "E", "100": "S", "92": "N", "169": "E", "73": "E", "139": "W", "39": "S", "29": "N", "150": "S", "91": "W", "147": "E", "112": "W", "53": "S", "133": "N", "49": "E", "21": "N", "107": "W", "162": "S", "52": "N", "14": "W", "23": "W", "76": "W", "74": "N", "136": "E", "159": "N", "152": "E", "137": "S", "166": "N", "3": "W", "38": "S", "89": "S", "146": "S", "116": "W", "4": "N", "119": "W", "172": "N", "8": "N", "12": "W", "140": "S", "181": "W", "154": "N", "111": "E", "167": "E", "123": "S", "15": "S", "67": "S", "143": "S", "103": "N"}, {"127": "N", "158": "E", "59": "N", "178": "E", "48": "W", "118": "E", "70": "S", "55": "N", "145": "N", "6": "W", "16": "E", "174": "E", "27": "E", "65": "E", "155": "W", "9": "W", "175": "S", "128": "E", "109": "S", "43": "E", "142": "S", "72": "N", "83": "E", "138": "E", "32": "S", "30": "N", "113": "E", "22": "S", "80": "S", "177": "W", "25": "W", "87": "E", "90": "W", "134": "E", "84": "N", "37": "N", "71": "S", "94": "W", "66": "W", "78": "W", "13": "E", "81": "W", "57": "E", "144": "N", "121": "E", "151": "S", "82": "E", "96": "S", "69": "W", "110": "W", "104": "S", "79": "E", "63": "W", "24": "N", "99": "E", "156": "E", "44": "S", "28": "E", "86": "N", "163": "N", "64": "W", "114": "N", "11": "W", "122": "N", "56": "S", "34": "S", "130": "W", "106": "N", "120": "E", "47": "E", "60": "E", "50": "E", "62": "N", "165": "N", "18": "N", "95": "E", "182": "N", "125": "S", "35": "E", "61": "E", "100": "S", "92": "N", "20": "E", "73": "E", "139": "W", "39": "W", "29": "E", "150": "E", "112": "W", "53": "W", "133": "N", "49": "E", "21": "N", "107": "W", "162": "E", "52": "W", "14": "S", "23": "W", "76": "W", "74": "N", "136": "E", "152": "E", "137": "W", "41": "W", "166": "N", "3": "N", "38": "E", "146": "E", "116": "S", "4": "N", "119": "W", "172": "W", "8": "W", "12": "W", "140": "S", "181": "N", "154": "E", "111": "E", "167": "E", "123": "S", "31": "E", "15": "S", "67": "S", "143": "S", "103": "N"}, {"127": "E", "158": "E", "59": "N", "178": "E", "48": "W", "118": "E", "70": "E", "145": "N", "6": "W", "16": "E", "174": "E", "27": "E", "65": "E", "155": "W", "9": "W", "175": "W", "128": "E", "109": "S", "43": "E", "142": "S", "72": "N", "83": "E", "138": "N", "164": "E", "32": "S", "153": "W", "30": "N", "54": "N", "113": "E", "160": "S", "22": "S", "80": "E", "177": "N", "25": "W", "141": "E", "87": "E", "90": "S", "84": "N", "37": "N", "71": "S", "94": "W", "66": "W", "78": "W", "13": "E", "81": "W", "57": "S", "144": "N", "121": "N", "151": "S", "168": "E", "82": "E", "96": "S", "110": "W", "104": "S", "79": "N", "63": "W", "24": "N", "102": "W", "156": "E", "19": "W", "28": "E", "86": "N", "163": "E", "64": "S", "114": "N", "11": "W", "122": "N", "98": "W", "34": "W", "106": "N", "47": "E", "60": "E", "36": "S", "50": "S", "62": "N", "165": "W", "18": "E", "95": "E", "182": "N", "125": "S", "35": "E", "61": "S", "100": "S", "92": "N", "117": "W", "169": "S", "73": "E", "97": "S", "139": "N", "39": "S", "173": "S", "29": "E", "112": "S", "133": "N", "49": "N", "21": "N", "107": "W", "162": "E", "52": "N", "23": "N", "105": "N", "76": "W", "74": "N", "5": "N", "136": "E", "152": "N", "137": "W", "0": "S", "41": "N", "166": "N", "38": "E", "89": "W", "146": "E", "116": "W", "4": "N", "119": "W", "172": "N", "8": "W", "12": "W", "140": "S", "154": "N", "111": "E", "123": "S", "31": "S", "15": "S", "67": "E", "143": "S", "103": "N"}, {"127": "E", "158": "E", "59": "N", "178": "E", "48": "W", "118": "E", "145": "N", "6": "W", "16": "E", "174": "E", "27": "E", "65": "E", "155": "W", "9": "S", "175": "N", "128": "E", "109": "S", "58": "S", "43": "E", "142": "S", "72": "N", "83": "N", "138": "N", "164": "E", "32": "S", "153": "S", "30": "N", "54": "N", "113": "E", "160": "S", "22": "S", "80": "S", "177": "W", "25": "W", "87": "E", "90": "S", "134": "W", "84": "N", "37": "W", "71": "S", "94": "W", "66": "S", "78": "W", "13": "N", "81": "W", "57": "S", "144": "E", "121": "N", "151": "S", "168": "N", "82": "E", "96": "S", "110": "W", "104": "S", "79": "W", "93": "N", "63": "W", "24": "N", "102": "N", "156": "N", "44": "S", "19": "S", "28": "E", "86": "W", "163": "E", "64": "E", "114": "N", "11": "S", "122": "N", "98": "S", "106": "E", "47": "N", "132": "W", "60": "N", "50": "S", "62": "N", "165": "N", "108": "W", "126": "W", "18": "E", "95": "E", "182": "N", "125": "S", "35": "N", "61": "E", "92": "N", "169": "E", "73": "E", "97": "S", "139": "W", "39": "S", "29": "E", "112": "W", "75": "W", "53": "W", "133": "N", "49": "E", "21": "N", "107": "N", "162": "E", "52": "W", "14": "E", "23": "W", "105": "W", "76": "W", "74": "N", "5": "W", "152": "W", "137": "W", "41": "N", "166": "N", "38": "E", "146": "S", "116": "W", "4": "N", "119": "S", "172": "N", "12": "N", "140": "S", "181": "S", "154": "N", "111": "N", "15": "S", "67": "E", "143": "S", "103": "E"}, {"127": "E", "158": "E", "59": "N", "178": "E", "48": "W", "118": "E", "145": "N", "6": "W", "16": "E", "174": "E", "27": "E", "65": "E", "155": "W", "9": "S", "175": "W", "128": "E", "109": "S", "43": "E", "142": "S", "72": "N", "83": "E", "138": "E", "32": "W", "153": "S", "30": "N", "113": "E", "160": "E", "22": "S", "177": "W", "25": "W", "141": "W", "87": "E", "90": "S", "134": "W", "84": "N", "37": "W", "71": "S", "94": "W", "66": "S", "78": "W", "40": "E", "13": "N", "81": "W", "57": "S", "144": "E", "121": "N", "151": "S", "82": "E", "96": "S", "110": "S", "104": "S", "93": "N", "63": "W", "24": "E", "102": "E", "156": "E", "44": "W", "19": "S", "28": "S", "86": "N", "163": "E", "64": "S", "114": "N", "11": "S", "122": "N", "98": "S", "56": "N", "106": "E", "47": "E", "60": "E", "50": "E", "62": "N", "165": "N", "18": "E", "95": "S", "182": "N", "125": "S", "35": "N", "61": "S", "100": "W", "92": "N", "169": "E", "73": "S", "139": "W", "173": "S", "29": "E", "42": "N", "112": "W", "133": "W", "49": "N", "21": "N", "107": "W", "162": "E", "52": "W", "14": "E", "23": "W", "105": "N", "76": "W", "74": "W", "152": "N", "137": "W", "41": "N", "166": "N", "38": "E", "146": "S", "116": "W", "4": "N", "119": "W", "172": "W", "12": "N", "140": "E", "154": "N", "111": "N", "167": "N", "15": "S", "67": "E", "143": "W", "103": "E"}, {"158": "E", "59": "N", "178": "E", "48": "W", "118": "E", "145": "N", "6": "W", "16": "E", "174": "E", "27": "E", "65": "E", "155": "N", "175": "N", "128": "E", "109": "S", "43": "E", "142": "E", "72": "N", "83": "E", "32": "S", "153": "S", "30": "N", "54": "S", "113": "N", "160": "S", "22": "S", "80": "S", "177": "W", "25": "W", "87": "E", "90": "S", "84": "W", "7": "N", "37": "W", "71": "S", "94": "W", "66": "S", "78": "S", "40": "E", "13": "E", "81": "W", "26": "S", "57": "S", "2": "S", "144": "N", "121": "N", "151": "S", "82": "E", "96": "S", "157": "W", "110": "S", "104": "S", "93": "N", "63": "W", "24": "E", "99": "N", "102": "S", "156": "E", "44": "S", "19": "S", "161": "S", "86": "W", "163": "E", "64": "S", "114": "N", "11": "S", "122": "N", "98": "S", "130": "E", "106": "S", "60": "E", "36": "E", "50": "E", "62": "N", "165": "W", "126": "W", "18": "N", "95": "E", "182": "N", "125": "S", "35": "E", "61": "S", "100": "S", "92": "N", "169": "N", "73": "S", "139": "N", "39": "S", "29": "E", "42": "E", "112": "S", "75": "S", "53": "N", "133": "N", "49": "N", "21": "N", "107": "W", "162": "E", "23": "W", "105": "W", "76": "S", "74": "W", "5": "N", "159": "W", "152": "W", "137": "W", "41": "E", "166": "N", "38": "E", "116": "S", "4": "N", "119": "S", "172": "N", "8": "W", "12": "N", "140": "E", "154": "N", "115": "W", "111": "N", "167": "E", "123": "S", "15": "S", "67": "S", "143": "S", "103": "N"}, {"158": "E", "59": "N", "48": "W", "118": "E", "145": "N", "6": "W", "16": "S", "174": "E", "27": "E", "65": "E", "155": "N", "175": "N", "128": "E", "109": "E", "43": "S", "142": "E", "72": "E", "83": "S", "1": "W", "164": "N", "32": "S", "153": "S", "180": "W", "30": "N", "54": "S", "113": "E", "160": "S", "22": "S", "80": "S", "177": "W", "25": "W", "87": "E", "90": "S", "84": "W", "37": "N", "71": "S", "94": "W", "78": "S", "13": "E", "81": "W", "57": "S", "2": "E", "144": "N", "121": "E", "151": "S", "82": "E", "96": "S", "157": "S", "69": "N", "110": "W", "104": "E", "63": "W", "24": "S", "99": "W", "102": "W", "156": "E", "44": "W", "19": "E", "161": "E", "28": "E", "86": "W", "163": "E", "64": "S", "114": "N", "11": "S", "122": "W", "98": "S", "34": "S", "106": "S", "68": "N", "47": "E", "60": "N", "50": "S", "62": "N", "165": "N", "108": "W", "126": "S", "18": "E", "95": "E", "182": "E", "125": "S", "35": "E", "61": "S", "100": "S", "169": "E", "20": "S", "73": "S", "139": "N", "39": "S", "173": "W", "29": "S", "150": "W", "42": "E", "112": "S", "133": "N", "49": "N", "21": "N", "107": "W", "162": "E", "14": "N", "23": "W", "105": "W", "76": "W", "74": "W", "5": "N", "136": "E", "152": "W", "137": "W", "0": "W", "166": "E", "3": "W", "38": "E", "89": "S", "146": "S", "116": "W", "4": "N", "119": "S", "172": "N", "8": "W", "140": "E", "154": "N", "115": "W", "111": "N", "167": "E", "31": "E", "15": "S", "67": "E", "143": "S", "103": "N"}, {"59": "N", "48": "S", "118": "E", "145": "E", "6": "W", "16": "S", "174": "E", "27": "E", "65": "E", "155": "N", "9": "N", "175": "N", "128": "E", "43": "E", "142": "S", "72": "N", "83": "S", "1": "S", "164": "W", "32": "S", "153": "S", "30": "N", "54": "S", "113": "E", "160": "E", "22": "S", "80": "S", "177": "W", "25": "W", "87": "E", "90": "S", "7": "S", "37": "N", "71": "E", "94": "S", "46": "W", "66": "W", "78": "S", "13": "E", "81": "W", "57": "S", "144": "N", "121": "E", "151": "S", "82": "N", "96": "S", "157": "S", "69": "N", "110": "S", "104": "S", "129": "S", "93": "S", "63": "W", "24": "E", "99": "S", "102": "N", "156": "S", "44": "S", "19": "S", "161": "S", "28": "S", "86": "N", "163": "E", "64": "S", "114": "N", "11": "S", "122": "W", "98": "S", "34": "S", "106": "S", "47": "E", "60": "N", "50": "S", "62": "N", "165": "N", "108": "N", "126": "W", "18": "E", "95": "E", "182": "N", "35": "E", "61": "S", "100": "S", "139": "W", "39": "S", "29": "S", "150": "S", "42": "S", "91": "E", "112": "S", "53": "S", "133": "N", "49": "E", "21": "N", "107": "W", "162": "N", "23": "S", "105": "W", "76": "W", "74": "W", "5": "E", "159": "E", "152": "N", "137": "N", "0": "N", "166": "E", "89": "E", "146": "W", "116": "S", "4": "E", "119": "W", "172": "W", "8": "W", "140": "E", "154": "N", "135": "S", "111": "E", "123": "S", "31": "S", "15": "S", "67": "S", "143": "S", "103": "N"}, {"59": "N", "48": "W", "118": "E", "145": "E", "6": "S", "16": "S", "174": "N", "27": "E", "65": "E", "155": "W", "9": "W", "175": "N", "128": "E", "43": "S", "142": "S", "72": "N", "83": "E", "1": "S", "164": "N", "32": "S", "153": "S", "30": "W", "54": "S", "113": "S", "160": "E", "22": "S", "80": "E", "177": "W", "25": "S", "87": "E", "90": "W", "84": "N", "37": "N", "71": "E", "94": "S", "66": "S", "78": "S", "40": "N", "13": "E", "81": "W", "26": "N", "57": "S", "2": "W", "144": "E", "121": "S", "151": "S", "82": "E", "96": "S", "157": "E", "69": "W", "110": "W", "104": "E", "79": "E", "129": "E", "93": "S", "63": "W", "51": "N", "24": "S", "99": "S", "156": "E", "19": "S", "28": "S", "86": "N", "163": "E", "64": "S", "114": "N", "11": "E", "122": "N", "98": "S", "56": "S", "34": "S", "106": "S", "47": "E", "60": "N", "36": "N", "50": "W", "165": "W", "126": "S", "18": "N", "95": "E", "182": "N", "35": "E", "61": "E", "100": "S", "92": "E", "117": "W", "139": "W", "39": "S", "173": "S", "29": "E", "150": "E", "42": "W", "91": "E", "147": "W", "112": "W", "75": "E", "53": "W", "133": "N", "49": "E", "21": "N", "107": "W", "162": "N", "14": "S", "23": "S", "105": "W", "76": "S", "74": "W", "5": "E", "152": "W", "137": "W", "0": "E", "38": "E", "89": "E", "146": "S", "116": "W", "4": "E", "119": "W", "172": "N", "8": "W", "154": "E", "135": "E", "111": "E", "31": "S", "15": "W", "67": "S", "143": "S", "103": "N"}, {"59": "E", "48": "S", "118": "E", "6": "S", "16": "S", "174": "N", "27": "E", "65": "E", "155": "N", "9": "W", "175": "N", "128": "N", "43": "S", "142": "S", "72": "W", "1": "E", "164": "N", "32": "S", "153": "S", "180": "E", "30": "W", "54": "S", "113": "E", "160": "N", "22": "S", "80": "E", "177": "W", "25": "S", "87": "E", "90": "S", "84": "W", "37": "N", "71": "E", "94": "S", "66": "S", "78": "S", "40": "N", "13": "E", "81": "W", "57": "E", "144": "E", "121": "E", "82": "E", "96": "S", "157": "E", "69": "W", "110": "W", "104": "S", "79": "S", "129": "E", "93": "S", "63": "W", "51": "N", "24": "S", "99": "S", "156": "S", "44": "S", "19": "S", "161": "S", "28": "W", "86": "W", "163": "E", "64": "W", "114": "W", "122": "N", "98": "E", "56": "W", "106": "E", "68": "W", "47": "E", "132": "W", "148": "N", "60": "N", "36": "W", "50": "S", "62": "S", "165": "W", "126": "S", "18": "N", "95": "S", "182": "W", "35": "E", "61": "E", "100": "S", "117": "W", "20": "N", "139": "W", "39": "S", "173": "S", "29": "E", "150": "E", "42": "N", "91": "E", "112": "S", "53": "S", "133": "W", "49": "E", "107": "W", "162": "E", "52": "N", "14": "S", "23": "W", "105": "S", "76": "S", "74": "W", "5": "E", "136": "S", "152": "N", "137": "W", "0": "N", "3": "N", "38": "N", "89": "E", "146": "S", "116": "S", "4": "E", "119": "W", "172": "W", "12": "N", "140": "S", "115": "E", "111": "N", "31": "S", "15": "S", "67": "S", "143": "E", "103": "E"}, {"59": "E", "48": "S", "118": "E", "6": "S", "16": "S", "174": "N", "27": "E", "65": "E", "155": "N", "9": "W", "175": "N", "128": "E", "43": "S", "142": "E", "72": "N", "1": "E", "32": "S", "153": "S", "30": "W", "54": "S", "113": "E", "160": "E", "179": "N", "22": "S", "80": "N", "177": "W", "25": "S", "87": "E", "90": "S", "84": "W", "7": "W", "37": "N", "71": "E", "94": "S", "66": "S", "78": "S", "40": "E", "13": "E", "81": "W", "57": "E", "144": "N", "121": "E", "82": "S", "96": "S", "157": "S", "69": "N", "110": "W", "104": "S", "79": "W", "129": "N", "93": "S", "63": "S", "24": "E", "99": "E", "102": "E", "156": "E", "44": "W", "19": "S", "161": "E", "28": "W", "86": "N", "163": "E", "114": "N", "122": "W", "98": "S", "56": "W", "106": "E", "68": "S", "47": "E", "132": "N", "148": "E", "60": "E", "36": "W", "50": "S", "62": "S", "165": "W", "108": "E", "126": "E", "18": "N", "95": "S", "182": "W", "125": "S", "35": "E", "61": "E", "100": "W", "73": "E", "170": "W", "97": "S", "139": "W", "39": "S", "173": "E", "29": "E", "42": "W", "91": "E", "112": "S", "133": "N", "49": "E", "21": "E", "107": "W", "162": "E", "52": "W", "14": "S", "23": "W", "105": "S", "76": "S", "74": "W", "5": "E", "136": "S", "152": "N", "137": "W", "0": "E", "3": "W", "38": "N", "89": "E", "146": "E", "116": "W", "4": "E", "119": "W", "172": "W", "8": "S", "12": "N", "140": "E", "135": "S", "111": "N", "167": "W", "31": "S", "15": "S", "67": "S", "143": "S", "103": "N"}, {"48": "S", "118": "N", "6": "S", "16": "S", "174": "N", "27": "E", "65": "N", "155": "N", "9": "W", "175": "N", "128": "E", "43": "S", "142": "E", "72": "W", "1": "E", "164": "W", "32": "S", "153": "S", "180": "W", "30": "W", "54": "S", "113": "S", "160": "E", "179": "E", "22": "S", "80": "E", "177": "W", "25": "S", "87": "N", "90": "W", "84": "W", "37": "N", "71": "E", "94": "S", "66": "S", "40": "E", "13": "N", "81": "S", "17": "S", "26": "W", "57": "E", "144": "E", "121": "E", "151": "W", "82": "E", "157": "S", "110": "W", "104": "W", "129": "N", "93": "S", "63": "S", "24": "E", "102": "E", "156": "E", "44": "S", "19": "E", "28": "S", "86": "N", "163": "E", "114": "W", "11": "E", "122": "W", "98": "E", "56": "S", "130": "N", "106": "E", "120": "S", "68": "W", "132": "N", "148": "E", "60": "E", "36": "S", "50": "S", "62": "W", "165": "W", "108": "E", "126": "E", "18": "N", "95": "E", "182": "W", "125": "S", "35": "S", "61": "S", "100": "S", "73": "S", "170": "S", "97": "S", "139": "W", "39": "E", "29": "S", "42": "S", "147": "E", "112": "S", "75": "W", "53": "E", "133": "N", "49": "E", "21": "N", "107": "W", "162": "E", "14": "S", "23": "W", "105": "S", "76": "S", "74": "W", "5": "E", "136": "E", "152": "N", "137": "N", "0": "E", "166": "E", "3": "W", "38": "E", "89": "N", "116": "W", "4": "N", "119": "W", "172": "N", "8": "S", "12": "E", "135": "S", "111": "E", "15": "S", "67": "S", "143": "S", "103": "E"}, {"48": "S", "118": "N", "6": "S", "16": "S", "174": "E", "27": "E", "65": "E", "155": "N", "9": "W", "175": "N", "128": "S", "43": "S", "142": "E", "72": "W", "1": "S", "164": "N", "32": "S", "153": "S", "30": "N", "54": "S", "113": "E", "160": "E", "179": "E", "22": "S", "80": "N", "177": "S", "25": "S", "87": "E", "90": "S", "84": "W", "37": "N", "71": "S", "66": "S", "78": "W", "40": "S", "13": "E", "81": "S", "17": "E", "57": "E", "144": "S", "121": "S", "151": "S", "168": "E", "96": "S", "157": "S", "69": "S", "110": "W", "104": "S", "129": "N", "93": "S", "63": "S", "51": "S", "24": "E", "99": "W", "156": "E", "44": "W", "19": "E", "161": "W", "28": "S", "86": "N", "163": "E", "114": "W", "11": "E", "122": "W", "98": "E", "56": "S", "106": "E", "120": "S", "47": "W", "132": "E", "148": "E", "60": "E", "50": "S", "62": "S", "165": "W", "126": "E", "18": "E", "182": "W", "125": "E", "35": "E", "61": "S", "92": "E", "20": "N", "73": "S", "170": "S", "139": "S", "39": "S", "29": "S", "150": "S", "42": "S", "112": "S", "53": "S", "133": "N", "49": "E", "21": "W", "107": "S", "162": "N", "23": "W", "105": "S", "76": "S", "74": "W", "5": "S", "136": "N", "159": "W", "152": "N", "137": "W", "0": "E", "41": "E", "166": "E", "3": "W", "38": "E", "89": "E", "146": "E", "116": "W", "4": "N", "119": "W", "172": "W", "8": "S", "12": "E", "111": "E", "123": "W", "15": "S", "67": "S", "143": "E", "103": "E"}, {"48": "S", "118": "N", "6": "S", "16": "S", "174": "E", "27": "N", "65": "N", "155": "N", "9": "N", "175": "N", "128": "S", "43": "S", "142": "E", "72": "W", "1": "S", "164": "N", "32": "S", "153": "S", "54": "S", "160": "E", "179": "S", "22": "S", "80": "E", "177": "S", "141": "E", "87": "E", "90": "S", "134": "W", "84": "S", "7": "W", "37": "E", "71": "E", "66": "S", "40": "E", "13": "E", "81": "S", "17": "S", "26": "E", "57": "S", "144": "S", "121": "S", "96": "E", "157": "E", "69": "W", "110": "W", "104": "S", "129": "N", "93": "S", "63": "S", "24": "E", "156": "E", "44": "W", "19": "N", "28": "S", "86": "N", "163": "N", "114": "N", "122": "S", "98": "N", "56": "S", "106": "E", "120": "E", "68": "S", "132": "E", "148": "E", "60": "E", "50": "S", "62": "S", "165": "W", "126": "S", "18": "N", "95": "W", "182": "W", "125": "S", "35": "E", "61": "S", "117": "E", "169": "N", "20": "E", "73": "S", "170": "S", "139": "W", "39": "E", "29": "E", "150": "S", "42": "W", "91": "N", "112": "W", "53": "W", "133": "N", "49": "E", "21": "N", "107": "S", "162": "E", "23": "W", "105": "S", "76": "S", "74": "W", "5": "S", "136": "E", "152": "W", "137": "N", "0": "E", "41": "N", "3": "W", "38": "N", "89": "E", "116": "W", "4": "N", "119": "W", "172": "W", "8": "S", "12": "N", "140": "W", "181": "N", "115": "E", "111": "N", "31": "S", "15": "S", "67": "S", "143": "E", "103": "N"}, {"48": "S", "118": "E", "124": "S", "6": "S", "16": "S", "174": "E", "27": "N", "65": "E", "155": "N", "9": "N", "175": "N", "128": "S", "43": "S", "142": "E", "45": "S", "1": "S", "164": "E", "32": "S", "153": "S", "180": "E", "54": "S", "160": "E", "179": "E", "22": "S", "80": "E", "177": "S", "25": "W", "87": "N", "90": "S", "7": "W", "37": "N", "71": "S", "94": "W", "46": "W", "66": "W", "78": "W", "40": "S", "13": "N", "81": "S", "17": "W", "144": "S", "121": "E", "151": "W", "82": "E", "96": "E", "157": "E", "69": "W", "110": "W", "104": "S", "129": "N", "93": "S", "63": "S", "51": "S", "24": "E", "99": "E", "102": "N", "156": "E", "44": "W", "19": "N", "161": "E", "28": "S", "163": "E", "64": "E", "114": "N", "122": "W", "98": "N", "56": "S", "130": "W", "106": "S", "120": "E", "68": "W", "132": "N", "148": "N", "60": "N", "50": "S", "62": "S", "165": "S", "126": "S", "18": "E", "95": "S", "182": "N", "125": "S", "35": "S", "61": "S", "100": "E", "20": "E", "73": "S", "170": "S", "97": "N", "139": "W", "39": "S", "29": "E", "150": "E", "42": "W", "91": "E", "147": "E", "112": "S", "133": "N", "49": "E", "21": "N", "107": "S", "162": "E", "52": "W", "23": "S", "105": "S", "76": "S", "74": "W", "136": "E", "159": "W", "152": "W", "137": "N", "41": "N", "3": "W", "38": "E", "89": "E", "146": "E", "116": "W", "4": "W", "119": "W", "172": "W", "8": "W", "12": "E", "140": "N", "181": "E", "135": "W", "111": "E", "167": "E", "123": "N", "67": "W", "143": "E", "103": "N"}, {"48": "S", "118": "E", "6": "S", "16": "S", "174": "E", "27": "N", "65": "E", "155": "N", "9": "N", "175": "N", "43": "S", "142": "E", "164": "E", "32": "S", "153": "E", "180": "S", "54": "S", "160": "E", "179": "E", "22": "S", "80": "E", "177": "S", "25": "S", "87": "N", "90": "S", "37": "N", "71": "S", "94": "S", "66": "S", "40": "S", "13": "E", "81": "S", "17": "N", "144": "S", "121": "E", "151": "S", "82": "E", "96": "S", "157": "N", "69": "W", "110": "W", "104": "S", "79": "W", "129": "N", "93": "S", "63": "S", "24": "E", "99": "E", "102": "E", "156": "E", "44": "W", "19": "E", "161": "E", "28": "S", "163": "E", "114": "W", "122": "W", "98": "N", "56": "S", "106": "E", "120": "E", "132": "E", "148": "E", "60": "N", "36": "E", "50": "S", "62": "S", "165": "W", "126": "S", "95": "S", "182": "W", "125": "E", "35": "E", "61": "E", "100": "S", "92": "W", "20": "E", "73": "S", "170": "E", "139": "W", "39": "W", "173": "S", "29": "E", "150": "E", "42": "W", "91": "E", "147": "N", "112": "S", "75": "S", "133": "N", "49": "E", "21": "N", "162": "N", "52": "W", "23": "S", "105": "S", "76": "S", "74": "W", "5": "S", "136": "N", "159": "N", "152": "W", "137": "N", "0": "N", "41": "W", "166": "W", "3": "W", "38": "E", "89": "E", "146": "S", "116": "W", "4": "W", "119": "W", "172": "W", "33": "S", "8": "W", "12": "E", "135": "S", "111": "E", "31": "E", "67": "S", "143": "E", "103": "W"}, {"48": "S", "118": "E", "6": "S", "16": "S", "174": "E", "65": "N", "155": "N", "9": "N", "175": "N", "43": "E", "142": "E", "32": "S", "153": "E", "180": "E", "160": "E", "179": "E", "80": "E", "177": "S", "25": "S", "87": "E", "90": "S", "7": "E", "37": "E", "71": "W", "94": "S", "66": "S", "40": "W", "81": "S", "17": "N", "26": "W", "121": "E", "151": "E", "157": "E", "69": "W", "110": "W", "104": "S", "79": "W", "129": "N", "93": "S", "63": "S", "24": "E", "99": "E", "102": "E", "156": "E", "44": "W", "19": "E", "161": "E", "28": "S", "86": "E", "163": "E", "114": "W", "122": "W", "98": "N", "56": "S", "130": "E", "106": "E", "132": "E", "148": "N", "60": "E", "50": "W", "62": "S", "165": "W", "126": "S", "18": "E", "95": "E", "182": "W", "125": "E", "35": "E", "100": "S", "92": "N", "20": "S", "73": "S", "170": "E", "97": "S", "139": "W", "39": "W", "173": "S", "29": "E", "150": "N", "42": "W", "91": "E", "147": "N", "112": "S", "75": "S", "133": "N", "49": "S", "21": "N", "107": "S", "162": "E", "52": "W", "23": "S", "105": "W", "76": "S", "74": "W", "5": "E", "136": "E", "159": "N", "152": "W", "137": "N", "0": "N", "41": "W", "3": "W", "38": "E", "89": "E", "146": "S", "116": "W", "4": "W", "101": "S", "119": "W", "172": "W", "8": "S", "12": "E", "181": "W", "115": "S", "135": "S", "111": "E", "167": "E", "31": "S", "15": "S", "67": "S", "143": "S"}, {"48": "S", "118": "N", "124": "N", "6": "S", "16": "W", "65": "N", "155": "N", "9": "N", "175": "N", "43": "E", "142": "E", "45": "N", "32": "E", "153": "E", "180": "S", "160": "E", "179": "E", "80": "E", "177": "W", "25": "S", "87": "E", "90": "S", "7": "E", "37": "N", "94": "S", "66": "S", "78": "E", "81": "S", "121": "E", "151": "S", "157": "N", "69": "S", "110": "N", "104": "S", "79": "W", "129": "N", "63": "S", "24": "E", "99": "E", "171": "E", "102": "E", "156": "E", "44": "W", "19": "E", "161": "E", "28": "S", "86": "N", "163": "E", "64": "W", "114": "N", "122": "W", "98": "N", "56": "W", "130": "E", "106": "E", "68": "N", "132": "E", "148": "E", "60": "N", "149": "S", "50": "W", "165": "W", "126": "S", "182": "W", "125": "N", "35": "E", "100": "S", "92": "W", "20": "E", "73": "S", "170": "N", "97": "S", "39": "W", "173": "S", "29": "N", "150": "N", "91": "E", "147": "E", "112": "S", "75": "S", "133": "N", "49": "S", "21": "N", "107": "S", "162": "E", "52": "W", "23": "S", "105": "S", "76": "S", "74": "W", "5": "E", "136": "E", "159": "N", "152": "S", "137": "N", "0": "E", "41": "N", "3": "W", "38": "N", "89": "E", "146": "E", "116": "W", "4": "N", "119": "W", "172": "W", "8": "S", "12": "E", "135": "S", "111": "N", "167": "N", "31": "S", "15": "S", "67": "S", "143": "E", "103": "N"}, {"48": "E", "118": "N", "16": "W", "65": "N", "155": "E", "175": "E", "43": "E", "142": "E", "153": "E", "180": "E", "160": "E", "80": "E", "177": "S", "25": "E", "141": "E", "87": "N", "90": "E", "7": "E", "37": "N", "94": "S", "46": "E", "66": "S", "78": "N", "13": "N", "81": "S", "121": "E", "151": "E", "96": "N", "69": "S", "110": "W", "104": "S", "129": "N", "93": "N", "63": "S", "24": "S", "99": "E", "102": "E", "156": "E", "44": "W", "19": "E", "161": "E", "28": "S", "86": "E", "163": "S", "114": "W", "98": "N", "56": "S", "106": "E", "68": "E", "132": "E", "148": "S", "60": "W", "36": "N", "149": "E", "50": "W", "165": "W", "126": "E", "18": "W", "182": "N", "125": "E", "35": "S", "100": "S", "92": "N", "20": "S", "73": "W", "170": "E", "139": "W", "39": "S", "173": "E", "29": "E", "150": "E", "42": "W", "91": "N", "112": "E", "75": "E", "133": "N", "49": "E", "21": "N", "162": "E", "23": "S", "105": "S", "76": "W", "74": "S", "5": "E", "136": "N", "159": "N", "152": "W", "137": "N", "0": "E", "166": "E", "3": "W", "38": "E", "89": "E", "146": "E", "116": "W", "4": "N", "119": "S", "172": "W", "8": "S", "12": "E", "154": "E", "135": "S", "111": "E", "167": "E", "123": "E", "31": "S", "15": "S", "67": "S", "143": "N", "103": "N"}, {"118": "W", "16": "W", "142": "E", "153": "E", "180": "E", "160": "N", "80": "E", "177": "W", "87": "N", "90": "E", "37": "N", "94": "S", "46": "E", "66": "S", "78": "E", "13": "N", "81": "S", "26": "E", "121": "E", "151": "E", "96": "N", "110": "N", "104": "S", "129": "E", "63": "S", "24": "E", "99": "E", "102": "E", "156": "E", "44": "W", "19": "E", "161": "E", "28": "S", "86": "E", "114": "W", "122": "S", "98": "N", "56": "S", "130": "E", "106": "S", "120": "N", "68": "E", "132": "E", "148": "E", "60": "N", "36": "E", "149": "E", "50": "S", "165": "W", "126": "E", "18": "W", "182": "W", "125": "E", "35": "E", "100": "S", "92": "N", "20": "E", "73": "S", "170": "E", "139": "W", "39": "S", "173": "N", "29": "E", "150": "E", "42": "W", "91": "E", "112": "S", "75": "N", "133": "E", "49": "E", "21": "E", "162": "E", "23": "S", "105": "S", "76": "S", "74": "S", "5": "N", "136": "E", "159": "N", "152": "W", "137": "N", "0": "S", "3": "W", "38": "E", "89": "E", "146": "N", "116": "N", "4": "N", "119": "W", "172": "W", "8": "S", "12": "E", "140": "E", "154": "E", "135": "S", "111": "N", "123": "E", "31": "W", "15": "W", "67": "S", "143": "E", "103": "N"}, {"142": "E", "153": "E", "180": "E", "160": "N", "80": "E", "177": "S", "87": "W", "90": "S", "134": "N", "37": "N", "94": "S", "66": "E", "78": "S", "121": "E", "151": "S", "168": "N", "157": "E", "110": "N", "104": "S", "79": "E", "129": "E", "93": "W", "63": "S", "24": "E", "99": "E", "102": "E", "156": "E", "44": "N", "19": "E", "161": "E", "28": "S", "86": "E", "64": "E", "114": "W", "122": "S", "56": "S", "130": "S", "106": "S", "68": "E", "132": "E", "148": "S", "60": "W", "36": "E", "149": "N", "50": "S", "165": "S", "108": "S", "126": "N", "182": "W", "125": "E", "35": "S", "100": "S", "92": "N", "117": "E", "20": "E", "73": "W", "97": "S", "139": "W", "39": "S", "173": "N", "29": "S", "150": "E", "42": "W", "91": "S", "147": "W", "112": "S", "75": "N", "133": "E", "49": "E", "21": "N", "162": "E", "105": "S", "76": "S", "74": "S", "5": "E", "136": "E", "159": "N", "152": "W", "137": "N", "0": "S", "3": "W", "38": "E", "89": "E", "146": "E", "4": "N", "119": "W", "172": "W", "8": "S", "12": "E", "140": "E", "135": "S", "111": "W", "167": "S", "31": "S", "67": "S", "143": "N", "103": "N"}, {"142": "N", "153": "E", "180": "E", "160": "E", "80": "N", "177": "S", "37": "E", "94": "E", "66": "E", "78": "S", "121": "E", "82": "N", "110": "N", "104": "S", "129": "E", "63": "S", "51": "N", "99": "E", "102": "E", "44": "N", "19": "E", "161": "E", "28": "S", "86": "E", "114": "N", "122": "W", "56": "S", "106": "S", "148": "S", "149": "E", "50": "S", "165": "W", "126": "N", "18": "W", "182": "N", "125": "E", "35": "S", "100": "S", "92": "N", "20": "E", "73": "W", "39": "S", "173": "N", "29": "S", "150": "E", "42": "W", "91": "E", "112": "S", "75": "N", "133": "E", "49": "E", "21": "W", "107": "W", "162": "E", "105": "E", "76": "E", "5": "S", "136": "S", "159": "N", "152": "W", "137": "N", "0": "E", "41": "W", "3": "W", "38": "E", "89": "E", "146": "E", "4": "N", "119": "N", "172": "W", "8": "S", "12": "E", "181": "W", "154": "S", "135": "S", "111": "W", "167": "S", "31": "S", "67": "S", "143": "N", "103": "N"}, {"142": "N", "153": "E", "180": "E", "160": "E", "80": "N", "177": "S", "66": "E", "121": "E", "168": "S", "82": "E", "110": "N", "104": "S", "129": "N", "63": "S", "51": "N", "24": "E", "99": "E", "102": "E", "44": "N", "19": "E", "161": "E", "28": "S", "86": "S", "114": "W", "56": "S", "106": "S", "120": "S", "36": "W", "50": "S", "165": "W", "126": "N", "182": "W", "125": "E", "35": "E", "100": "S", "169": "S", "20": "S", "73": "S", "97": "N", "39": "S", "173": "N", "29": "S", "150": "E", "42": "W", "91": "S", "147": "W", "112": "S", "75": "N", "133": "E", "49": "E", "21": "W", "107": "S", "162": "N", "105": "E", "76": "E", "74": "W", "5": "E", "152": "W", "137": "N", "0": "E", "166": "S", "3": "S", "38": "N", "89": "E", "146": "E", "116": "W", "4": "N", "119": "N", "172": "W", "8": "S", "12": "E", "181": "S", "115": "N", "135": "S", "111": "N", "167": "S", "31": "S", "15": "S", "67": "S", "143": "N", "103": "N"}, {"142": "E", "153": "E", "180": "E", "160": "E", "80": "E", "177": "E", "66": "E", "121": "E", "151": "N", "82": "E", "110": "N", "104": "S", "79": "E", "129": "E", "63": "S", "99": "E", "171": "S", "102": "E", "156": "E", "44": "N", "19": "E", "161": "E", "28": "S", "114": "W", "56": "E", "106": "E", "47": "S", "36": "W", "50": "S", "165": "S", "108": "N", "126": "N", "182": "W", "125": "E", "35": "E", "100": "S", "169": "S", "20": "S", "73": "S", "139": "S", "39": "S", "173": "N", "29": "S", "150": "E", "42": "W", "91": "E", "147": "S", "112": "S", "75": "N", "133": "E", "49": "E", "21": "W", "107": "S", "162": "N", "76": "S", "74": "S", "5": "E", "152": "W", "0": "E", "3": "S", "38": "N", "89": "E", "146": "E", "116": "N", "4": "N", "119": "N", "172": "W", "8": "S", "12": "E", "181": "E", "115": "W", "135": "S", "111": "W", "31": "S", "15": "S", "67": "S", "143": "N", "103": "N"}, {"142": "E", "153": "E", "180": "E", "160": "N", "80": "E", "177": "E", "121": "E", "82": "E", "110": "N", "104": "W", "79": "E", "129": "E", "99": "E", "102": "S", "156": "E", "44": "N", "19": "E", "161": "E", "28": "W", "114": "W", "56": "E", "106": "E", "47": "S", "36": "W", "50": "W", "165": "S", "126": "N", "182": "W", "125": "E", "35": "S", "100": "S", "20": "E", "73": "S", "139": "S", "39": "S", "173": "N", "29": "S", "150": "E", "91": "E", "147": "S", "112": "S", "75": "N", "53": "S", "133": "N", "49": "E", "21": "W", "107": "S", "162": "W", "52": "W", "76": "S", "74": "W", "5": "S", "152": "W", "0": "S", "166": "N", "38": "N", "89": "E", "146": "E", "116": "N", "4": "N", "119": "N", "172": "S", "33": "S", "8": "E", "12": "E", "135": "S", "111": "N", "167": "N", "123": "W", "31": "S", "67": "W", "143": "E", "103": "N"}, {"142": "E", "153": "E", "180": "E", "160": "E", "80": "E", "134": "S", "121": "S", "110": "N", "104": "S", "129": "S", "51": "S", "99": "E", "171": "N", "156": "E", "19": "E", "161": "E", "28": "S", "114": "W", "56": "N", "120": "S", "36": "S", "50": "S", "165": "S", "182": "W", "125": "E", "35": "S", "100": "S", "92": "S", "73": "S", "139": "S", "39": "S", "173": "N", "29": "S", "150": "E", "42": "S", "91": "E", "112": "S", "53": "S", "133": "E", "49": "S", "21": "W", "107": "E", "162": "W", "52": "S", "76": "S", "74": "S", "152": "S", "137": "E", "0": "S", "3": "S", "38": "W", "89": "N", "146": "E", "116": "W", "4": "W", "101": "S", "119": "W", "172": "S", "33": "S", "8": "S", "12": "E", "140": "E", "154": "E", "115": "W", "135": "S", "111": "N", "167": "N", "123": "N", "31": "W", "15": "N", "67": "W", "143": "E", "103": "W"}, {"142": "N", "153": "N", "180": "E", "80": "N", "134": "E", "121": "E", "110": "E", "104": "W", "99": "N", "171": "W", "156": "E", "19": "E", "161": "N", "28": "W", "114": "W", "50": "W", "165": "S", "182": "W", "125": "E", "35": "W", "100": "S", "92": "E", "169": "N", "73": "W", "139": "S", "39": "S", "150": "E", "112": "S", "133": "E", "49": "S", "21": "W", "162": "W", "52": "E", "76": "S", "74": "S", "152": "W", "137": "E", "0": "S", "166": "E", "3": "S", "38": "N", "89": "N", "146": "E", "116": "W", "4": "N", "119": "W", "172": "S", "33": "E", "8": "S", "12": "S", "140": "S", "181": "E", "135": "E", "111": "N", "123": "W", "31": "W", "15": "N", "67": "W", "143": "E", "103": "N"}, {"153": "N", "180": "E", "121": "S", "82": "S", "104": "S", "51": "S", "99": "E", "156": "E", "161": "E", "28": "S", "114": "S", "47": "N", "50": "S", "165": "S", "182": "W", "125": "E", "35": "S", "100": "E", "92": "N", "139": "S", "39": "S", "29": "N", "112": "S", "133": "E", "21": "W", "162": "W", "76": "S", "74": "S", "152": "W", "137": "E", "0": "S", "41": "S", "166": "E", "3": "S", "38": "N", "89": "N", "116": "N", "4": "W", "101": "N", "119": "N", "172": "S", "33": "N", "8": "S", "12": "S", "140": "E", "181": "E", "154": "E", "135": "E", "111": "N", "15": "N", "67": "S", "143": "E", "103": "W"}, {"153": "E", "180": "N", "104": "W", "19": "N", "161": "N", "28": "W", "114": "S", "50": "W", "165": "W", "182": "S", "35": "S", "100": "S", "92": "W", "169": "N", "39": "S", "150": "N", "112": "S", "53": "N", "133": "E", "21": "S", "162": "N", "76": "S", "74": "S", "159": "E", "152": "W", "137": "E", "41": "E", "166": "N", "38": "N", "89": "N", "116": "N", "4": "W", "101": "N", "119": "N", "172": "W", "33": "W", "8": "S", "12": "S", "140": "E", "154": "N", "135": "E", "111": "N", "15": "N", "67": "S", "143": "E", "103": "W"}, {"153": "N", "180": "N", "104": "W", "156": "N", "161": "N", "28": "N", "50": "N", "165": "W", "182": "W", "35": "S", "100": "E", "39": "E", "29": "W", "112": "S", "133": "S", "21": "S", "76": "S", "74": "S", "159": "E", "152": "W", "41": "N", "166": "E", "38": "N", "89": "N", "116": "N", "4": "W", "119": "N", "172": "W", "33": "N", "8": "S", "12": "E", "140": "E", "154": "E", "135": "E", "111": "N", "15": "N", "67": "W", "143": "E", "103": "W"}, {"104": "W", "156": "N", "19": "N", "28": "N", "50": "N", "165": "S", "182": "W", "35": "S", "100": "E", "39": "S", "112": "S", "53": "N", "133": "E", "76": "S", "74": "S", "152": "W", "41": "W", "166": "E", "38": "N", "89": "N", "116": "N", "4": "W", "119": "N", "172": "S", "33": "N", "8": "S", "12": "E", "140": "N", "154": "N", "135": "E", "111": "N", "123": "E", "15": "W", "67": "W", "143": "N", "103": "W"}, {"104": "W", "99": "N", "47": "N", "165": "S", "182": "W", "100": "E", "39": "E", "112": "E", "133": "E", "76": "S", "74": "E", "152": "W", "166": "S", "38": "W", "89": "N", "116": "N", "4": "S", "119": "N", "172": "S", "8": "S", "12": "E", "140": "E", "154": "E", "135": "N", "111": "W", "123": "E", "67": "W", "103": "W"}, {"165": "S", "182": "W", "100": "N", "39": "E", "112": "S", "133": "E", "76": "S", "74": "E", "152": "W", "166": "E", "89": "N", "116": "N", "119": "N", "172": "S", "8": "S", "12": "E", "140": "E", "154": "E", "135": "E", "67": "W", "103": "W"}, {"165": "S", "182": "W", "100": "E", "39": "E", "112": "E", "76": "S", "74": "S", "152": "S", "89": "N", "116": "N", "119": "N", "172": "S", "8": "S", "12": "E", "140": "S", "154": "S", "135": "E", "123": "E", "67": "W", "103": "W"}, {"165": "E", "182": "W", "100": "E", "39": "N", "112": "E", "76": "S", "152": "S", "89": "N", "116": "N", "119": "N", "172": "W", "8": "S", "12": "E", "135": "N", "123": "S", "67": "W", "103": "W"}, {"165": "E", "182": "W", "100": "E", "112": "E", "76": "E", "152": "S", "89": "N", "116": "N", "119": "N", "172": "W", "8": "E", "12": "S", "135": "N", "123": "E", "67": "W", "103": "W"}, {"182": "S", "100": "E", "112": "E", "152": "S", "89": "N", "116": "N", "119": "N", "172": "S", "135": "E", "123": "E", "67": "W", "103": "W"}, {"182": "S", "100": "E", "112": "N", "89": "W", "116": "N", "119": "E", "172": "S", "135": "E", "123": "E", "67": "N", "103": "S"}, {"182": "S", "112": "E", "116": "E", "119": "E", "172": "E", "135": "E", "123": "E", "103": "S"}, {"112": "E", "116": "E", "172": "E", "123": "N"}, {"116": "E", "172": "E", "140": "N"}, {"172": "E"}], "result": "SUCCESS", "makespan": 64, "sum": 6125, "algo_name": "OutAndInByPercentage_rand_BIT_", "extra": {"arrival_order": [127, 158, 131, 59, 77, 88, 10, 178, 48, 118, 70, 55, 124, 145, 6, 16, 174, 27, 65, 155, 9, 175, 128, 109, 58, 43, 142, 72, 83, 45, 138, 1, 164, 32, 153, 180, 30, 54, 113, 160, 179, 22, 80, 177, 25, 141, 85, 87, 90, 134, 84, 7, 37, 71, 94, 46, 66, 78, 40, 13, 81, 17, 26, 57, 2, 144, 121, 151, 176, 168, 82, 96, 157, 69, 110, 104, 79, 129, 93, 63, 51, 24, 99, 171, 102, 156, 44, 19, 161, 28, 86, 163, 64, 114, 11, 122, 98, 56, 34, 130, 106, 120, 68, 47, 132, 148, 60, 36, 149, 50, 62, 165, 108, 126, 18, 95, 182, 125, 35, 61, 100, 92, 117, 169, 20, 73, 170, 97, 139, 39, 173, 29, 150, 42, 91, 147, 112, 75, 53, 133, 49, 21, 107, 162, 52, 14, 23, 105, 76, 74, 5, 136, 159, 152, 137, 0, 41, 166, 3, 38, 89, 146, 116, 4, 101, 119, 172, 33, 8, 12, 140, 181, 154, 115, 135, 111, 167, 123, 31, 15, 67, 143, 103], "time_arrived": [3839, 744, 1566, 3907, 4100, 3692, 341, 1267, 4249, 493, 159, 2245, 4283, 1484, 3544, 4499, 372, 1528, 2689, 2060, 2992, 3429, 1024, 3572, 1913, 1114, 1541, 409, 2120, 3162, 896, 4468, 804, 4208, 2358, 2833, 2526, 1299, 3945, 3121, 1453, 3852, 3206, 608, 2037, 714, 1377, 2453, 210, 3391, 2568, 1885, 3534, 3323, 921, 275, 2339, 1559, 587, 111, 2522, 2854, 2577, 1868, 2193, 435, 1412, 4538, 2431, 1720, 262, 1323, 674, 3020, 3674, 3301, 3640, 125, 1435, 1800, 1049, 1509, 1668, 697, 1253, 1142, 2152, 1178, 149, 3988, 1210, 3222, 2931, 1838, 1353, 2730, 1688, 3045, 2307, 1937, 2901, 4109, 1966, 4604, 1787, 3597, 2393, 3465, 2629, 573, 1751, 4409, 3283, 946, 2228, 4349, 4061, 2954, 243, 4152, 2418, 1609, 2286, 4444, 285, 2795, 2658, 47, 556, 1819, 2369, 82, 2473, 3365, 1223, 4374, 3718, 3823, 735, 3085, 4310, 1128, 645, 4563, 1579, 313, 4016, 3237, 2484, 2534, 3185, 1629, 3788, 842, 4342, 462, 2001, 1701, 60, 3744, 977, 2089, 3503, 2170, 767, 2619, 3877, 4421, 1646, 2967, 3028, 1943, 4201, 3128, 389, 527, 1638, 1092, 176, 988, 864, 4319, 2769], "BIT_runs": 1, "old_makespan": 4604, "old_sum": 5651, "improved": "[127, 158, 131, 59, 77, 88, 10, 178, 48, 118, 70, 55, 124, 145, 6, 16, 174, 27, 65, 155, 9, 175, 128, 109, 58, 43, 142, 72, 83, 45, 138, 1, 164, 32, 153, 180, 30, 54, 113, 160, 179, 22, 80, 177, 25, 141, 85, 87, 90, 134, 84, 7, 37, 71, 94, 46, 66, 78, 40, 13, 81, 17, 26, 57, 2, 144, 121, 151, 176, 168, 82, 96, 157, 69, 110, 104, 79, 129, 93, 63, 51, 24, 99, 171, 102, 156, 44, 19, 161, 28, 86, 163, 64, 114, 11, 122, 98, 56, 34, 130, 106, 120, 68, 47, 132, 148, 60, 36, 149, 50, 62, 165, 108, 126, 18, 95, 182, 125, 35, 61, 100, 92, 117, 169, 20, 73, 170, 97, 139, 39, 173, 29, 150, 42, 91, 147, 112, 75, 53, 133, 49, 21, 107, 162, 52, 14, 23, 105, 76, 74, 5, 136, 159, 152, 137, 0, 41, 166, 3, 38, 89, 146, 116, 4, 101, 119, 172, 33, 8, 12, 140, 181, 154, 115, 135, 111, 167, 123, 31, 15, 67, 143, 103],", "goal_raise_for_bs": 32}}