{"instance": "medium_free_001_30x30_20_180", "steps": [{"118": "E", "145": "N", "65": "E", "111": "W", "152": "W", "88": "W", "172": "E", "109": "E", "95": "E", "179": "W", "29": "E", "138": "W", "142": "W", "1": "W", "121": "W", "33": "E", "89": "W", "159": "E", "157": "W", "103": "W", "147": "E", "178": "E", "110": "W", "9": "W", "62": "W", "112": "E", "5": "E", "108": "W", "114": "W", "36": "E", "105": "W", "115": "W", "151": "W", "156": "E", "97": "W", "71": "W", "130": "W", "125": "W", "75": "E", "74": "W", "119": "E", "66": "E", "135": "E", "174": "W", "140": "W", "56": "W", "50": "W", "158": "W", "136": "W", "22": "E", "104": "E", "16": "W", "25": "W", "23": "W", "28": "E", "169": "E", "177": "W", "139": "E", "13": "E", "11": "E", "21": "W", "85": "W", "83": "E", "131": "W", "76": "W", "18": "W", "93": "W", "58": "W", "146": "E", "34": "W", "31": "W", "4": "E", "84": "W", "48": "W", "150": "E", "153": "W", "176": "E", "7": "E", "45": "E", "144": "E", "6": "E", "113": "W", "171": "E", "127": "E", "167": "W", "173": "W", "94": "N", "117": "S", "92": "W", "35": "W", "134": "W", "122": "W", "40": "W", "30": "W", "27": "E", "52": "W", "68": "W", "55": "W", "99": "W", "124": "E", "14": "E", "2": "W", "126": "W", "129": "W", "102": "E", "8": "E", "166": "W", "0": "W", "175": "W", "49": "W", "12": "W", "163": "W", "82": "E"}, {"35": "N", "169": "E", "126": "W", "173": "W", "7": "E", "136": "W", "113": "W", "58": "W", "83": "E", "18": "W", "131": "W", "4": "E", "108": "W", "145": "N", "46": "W", "82": "E", "93": "W", "132": "W", "0": "W", "176": "E", "8": "E", "2": "W", "76": "W", "55": "W", "38": "E", "174": "W", "163": "W", "95": "E", "92": "W", "44": "E", "78": "E", "178": "E", "115": "W", "158": "W", "135": "E", "175": "W", "33": "E", "85": "W", "48": "W", "156": "E", "64": "E", "139": "E", "5": "E", "167": "W", "16": "W", "22": "E", "1": "W", "13": "E", "170": "E", "103": "W", "56": "W", "6": "E", "73": "W", "40": "W", "102": "E", "106": "W", "152": "W", "30": "W", "159": "E", "172": "E", "149": "W", "65": "E", "9": "W", "151": "W", "144": "E", "34": "W", "14": "E", "87": "W", "157": "W", "125": "W", "49": "W", "118": "E", "66": "E", "130": "W", "89": "W", "28": "S", "84": "W", "142": "W", "71": "W", "53": "E", "98": "W", "147": "E", "11": "E", "23": "W", "51": "W", "117": "S", "171": "E", "121": "W", "52": "N", "111": "W", "75": "E", "62": "W", "153": "W"}, {"82": "E", "129": "W", "71": "W", "51": "W", "115": "W", "156": "E", "169": "E", "73": "W", "30": "W", "102": "E", "173": "W", "52": "N", "40": "W", "118": "E", "64": "E", "85": "W", "113": "S", "50": "W", "174": "W", "2": "W", "49": "W", "87": "W", "121": "W", "135": "E", "14": "E", "141": "W", "98": "W", "65": "E", "153": "W", "158": "W", "127": "E", "35": "N", "31": "W", "131": "W", "4": "E", "23": "N", "8": "E", "84": "W", "5": "E", "178": "E", "172": "E", "83": "E", "106": "W", "76": "W", "145": "N", "132": "W", "111": "W", "18": "W", "66": "E", "159": "E", "9": "W", "134": "W", "78": "E", "28": "S", "13": "E", "90": "E", "157": "W", "125": "W", "58": "W", "75": "E", "16": "W", "62": "W", "136": "W", "139": "E", "38": "E", "22": "E", "108": "W", "103": "W", "93": "W", "86": "S", "48": "W", "152": "W", "70": "W", "34": "W", "175": "N", "92": "W", "167": "W", "147": "E", "0": "W", "59": "E"}, {"93": "W", "73": "W", "141": "W", "16": "W", "5": "E", "62": "S", "66": "E", "18": "S", "169": "E", "65": "E", "30": "W", "92": "S", "70": "W", "75": "E", "158": "W", "174": "N", "135": "E", "145": "N", "99": "W", "152": "W", "82": "E", "121": "W", "175": "N", "9": "W", "33": "E", "58": "W", "170": "E", "167": "W", "76": "W", "84": "W", "156": "N", "108": "W", "131": "N", "51": "W", "127": "S", "2": "W", "151": "W", "139": "E", "49": "W", "132": "W", "117": "S", "13": "E", "130": "W", "46": "W", "0": "W", "8": "E", "149": "W", "172": "E", "23": "N", "147": "E", "48": "W", "178": "E", "173": "W", "22": "S", "78": "S", "144": "E", "153": "W", "28": "S", "111": "W", "171": "E", "157": "W", "40": "W", "136": "W", "125": "W", "31": "W", "52": "N", "129": "W", "85": "W", "113": "S", "86": "S"}, {"82": "E", "111": "W", "8": "E", "132": "W", "48": "W", "31": "W", "144": "E", "152": "W", "139": "E", "73": "W", "178": "E", "86": "S", "51": "W", "76": "W", "98": "W", "174": "N", "93": "W", "169": "E", "141": "W", "52": "N", "85": "W", "62": "S", "30": "W", "70": "W", "75": "S", "58": "W", "40": "W", "129": "W", "92": "S", "49": "W", "16": "W", "18": "S", "5": "E", "121": "W", "125": "W", "130": "W", "167": "W", "22": "S", "108": "W", "84": "W", "117": "S", "175": "N", "153": "W", "66": "E", "147": "E", "151": "W", "0": "W", "115": "W", "149": "W", "78": "S", "171": "E", "173": "W", "136": "W", "135": "E", "65": "E", "118": "E", "157": "W"}, {"112": "N", "72": "N", "75": "S", "141": "W", "70": "W", "152": "W", "87": "S", "16": "W", "71": "W", "171": "E", "82": "E", "103": "N", "92": "S", "48": "W", "136": "W", "149": "W", "173": "W", "5": "E", "93": "W", "143": "N", "167": "W", "85": "W", "98": "W", "66": "E", "59": "N", "114": "S", "118": "E", "22": "S", "0": "W", "40": "W", "9": "S", "18": "S", "132": "S", "174": "N", "130": "W", "64": "S", "158": "W", "58": "S", "125": "W", "89": "S", "144": "E", "134": "W", "36": "N", "104": "S", "137": "S", "115": "S", "127": "W", "163": "E", "23": "N", "61": "S", "15": "S", "157": "W", "159": "S", "25": "E", "84": "W", "139": "E", "26": "S", "111": "W", "140": "S", "41": "N", "86": "S", "60": "W", "108": "W", "91": "N", "151": "W", "121": "W", "73": "N", "8": "E", "65": "E", "49": "W", "162": "S", "179": "E", "135": "E", "110": "N", "30": "W", "128": "W", "147": "E", "102": "S", "100": "N", "153": "N"}, {"157": "W", "171": "E", "149": "W", "104": "E", "91": "E", "32": "E", "89": "W", "136": "S", "130": "W", "150": "S", "90": "E", "176": "E", "100": "E", "49": "W", "59": "E", "72": "W", "102": "E", "95": "W", "155": "W", "123": "W", "144": "E", "82": "S", "84": "W", "140": "W", "29": "E", "125": "W", "135": "S", "80": "W", "23": "N", "151": "W", "64": "E", "8": "E", "147": "S", "120": "E", "165": "W", "43": "E", "39": "W", "87": "W", "51": "N", "92": "S", "153": "W", "167": "W", "154": "W", "69": "S", "40": "W", "139": "E", "52": "N", "71": "W", "31": "W", "66": "E", "112": "E", "134": "N", "105": "W", "158": "W", "65": "E", "30": "W", "141": "S", "81": "W", "68": "W", "115": "W", "16": "W", "152": "W", "15": "E", "173": "W", "163": "N", "42": "W", "73": "N", "164": "E", "58": "S", "93": "W", "85": "W", "0": "W", "60": "N", "75": "S", "48": "W", "166": "W", "18": "S", "118": "E", "121": "W", "63": "E", "74": "W", "98": "W", "108": "W", "5": "E", "33": "E", "26": "E"}, {"152": "W", "16": "W", "73": "N", "140": "W", "22": "S", "31": "N", "108": "N", "72": "W", "158": "W", "173": "W", "69": "E", "115": "W", "151": "W", "66": "E", "63": "E", "64": "E", "139": "E", "52": "N", "65": "E", "30": "W", "74": "W", "51": "W", "171": "E", "18": "S", "71": "W", "0": "W", "153": "W", "80": "W", "143": "E", "144": "E", "119": "N", "116": "W", "85": "W", "111": "N", "130": "W", "89": "W", "157": "W", "155": "N", "121": "W", "136": "S", "120": "E", "70": "W", "26": "E", "141": "S", "164": "E", "8": "E", "149": "W", "98": "W", "45": "W", "93": "W", "148": "S", "147": "S", "100": "N", "60": "N", "165": "W", "104": "E", "131": "N", "110": "W", "109": "N", "92": "S", "105": "S", "33": "E", "87": "W", "163": "N", "19": "S", "135": "S", "169": "W", "125": "W", "112": "N", "118": "E"}, {"51": "W", "89": "N", "141": "S", "72": "W", "111": "N", "87": "W", "164": "E", "136": "S", "26": "E", "157": "W", "130": "W", "143": "E", "173": "W", "19": "W", "124": "S", "110": "W", "163": "W", "98": "W", "131": "N", "115": "W", "155": "N", "92": "S", "30": "W", "104": "E", "140": "W", "103": "W", "158": "W", "108": "N", "71": "W", "147": "S", "31": "N", "60": "E", "81": "W", "47": "E", "119": "E", "66": "E", "49": "W", "125": "N", "145": "N", "58": "S", "16": "W", "135": "S", "172": "E", "40": "N", "144": "E", "118": "E", "93": "W", "149": "S", "45": "S", "33": "S", "105": "S", "151": "W", "8": "E", "120": "E", "73": "N", "22": "S", "80": "S", "171": "E", "85": "W"}, {"40": "N", "51": "W", "119": "E", "92": "S", "115": "W", "151": "W", "85": "W", "72": "W", "14": "E", "91": "E", "113": "S", "135": "S", "69": "E", "104": "E", "118": "E", "81": "W", "19": "W", "58": "S", "16": "W", "153": "N", "98": "W", "78": "S", "60": "E", "111": "N", "157": "W", "145": "N", "105": "S", "59": "E", "80": "S", "66": "E", "158": "W", "166": "W", "147": "S", "71": "W", "73": "N", "33": "S", "171": "E", "8": "E", "149": "W", "49": "W", "130": "W", "108": "N", "74": "W", "93": "W", "45": "S", "120": "E", "136": "S", "110": "W", "164": "E", "155": "N", "140": "W", "127": "S"}, {"48": "E", "86": "W", "23": "W", "105": "S", "125": "W", "34": "S", "74": "E", "84": "N", "5": "E", "72": "W", "163": "W", "104": "S", "69": "S", "127": "E", "73": "N", "60": "E", "92": "S", "118": "E", "26": "S", "95": "E", "49": "W", "111": "N", "25": "W", "41": "S", "53": "S", "166": "N", "136": "S", "87": "N", "93": "W", "149": "W", "88": "N", "154": "N", "144": "N", "113": "S", "140": "S", "81": "W", "142": "N", "1": "S", "157": "W", "66": "E", "175": "W", "58": "S", "167": "W", "120": "E", "98": "N", "91": "N", "151": "W", "110": "W", "164": "E", "153": "N", "21": "N", "19": "W", "13": "E", "122": "N", "45": "E", "64": "S", "18": "E", "47": "N", "85": "W", "71": "N", "12": "W", "145": "E", "103": "E", "131": "W", "155": "N", "161": "N", "119": "S", "138": "N", "80": "S", "50": "N", "16": "W", "24": "N", "135": "S", "146": "N", "115": "W", "51": "W", "171": "E", "130": "W", "126": "S", "162": "S"}, {"154": "W", "178": "E", "91": "E", "121": "W", "100": "N", "79": "E", "85": "W", "36": "E", "164": "E", "157": "W", "98": "N", "24": "W", "113": "S", "61": "W", "87": "W", "84": "W", "34": "W", "125": "N", "19": "W", "93": "N", "166": "N", "155": "N", "127": "S", "150": "E", "140": "S", "18": "S", "170": "E", "176": "E", "16": "W", "118": "E", "55": "W", "90": "E", "136": "S", "69": "S", "103": "N", "131": "N", "106": "W", "66": "N", "58": "S", "175": "N", "53": "E", "11": "E", "71": "N", "130": "N", "160": "E", "10": "W", "115": "N", "65": "W", "138": "W", "161": "E", "111": "N", "135": "S", "171": "E", "72": "W", "14": "E", "49": "W", "51": "W", "92": "S", "110": "W", "143": "E", "45": "S", "179": "S", "122": "W", "86": "S", "12": "W", "104": "S", "105": "S", "145": "N", "9": "W", "47": "E", "151": "W", "13": "S"}, {"98": "N", "162": "E", "171": "E", "90": "E", "163": "W", "104": "S", "176": "E", "87": "W", "69": "S", "179": "S", "131": "N", "84": "W", "60": "E", "13": "S", "100": "N", "113": "S", "43": "E", "92": "S", "153": "N", "105": "S", "125": "N", "140": "S", "34": "W", "151": "W", "0": "W", "164": "E", "121": "W", "123": "N", "173": "W", "178": "E", "16": "W", "91": "E", "154": "W", "166": "N", "4": "S", "71": "N", "53": "E", "155": "N", "93": "N", "10": "W", "58": "S", "18": "S", "79": "N", "89": "N", "148": "W", "26": "E", "36": "N", "122": "W", "45": "S", "118": "E", "145": "N", "136": "S", "110": "W", "66": "N", "175": "N", "149": "W", "72": "W", "135": "S", "119": "E", "51": "W"}, {"125": "E", "171": "E", "153": "N", "6": "E", "10": "W", "71": "N", "123": "N", "16": "W", "30": "N", "34": "W", "8": "S", "131": "E", "148": "S", "105": "S", "146": "E", "130": "W", "100": "N", "164": "E", "43": "E", "172": "S", "51": "W", "58": "S", "178": "N", "176": "E", "155": "N", "179": "W", "72": "N", "18": "W", "135": "S", "90": "E", "151": "N", "166": "N", "154": "W", "92": "S", "45": "S", "84": "W", "98": "N", "163": "W", "87": "S", "175": "E", "122": "S", "74": "N", "75": "S", "170": "E", "140": "S", "110": "W", "49": "W", "136": "S", "13": "W", "69": "S"}, {"6": "N", "121": "S", "152": "N", "169": "E", "74": "N", "80": "W", "98": "E", "92": "S", "85": "S", "9": "S", "69": "S", "26": "E", "177": "N", "136": "S", "155": "N", "163": "W", "158": "S", "42": "W", "44": "N", "18": "S", "72": "N", "131": "N", "105": "W", "10": "W", "25": "S", "39": "S", "179": "S", "110": "W", "71": "N", "38": "S", "153": "N", "87": "S", "91": "N", "84": "E", "171": "E", "144": "N", "125": "W", "58": "S", "49": "W", "75": "S", "123": "N", "68": "N", "113": "S", "154": "N", "2": "N", "143": "E", "48": "S", "43": "E", "22": "W", "0": "S", "178": "N", "16": "W", "164": "E", "119": "E", "5": "W", "52": "W", "148": "S", "176": "E", "157": "S", "89": "W", "99": "S", "166": "W", "134": "N", "114": "S", "77": "N", "51": "N", "172": "W", "149": "W", "24": "E", "137": "S", "12": "W", "151": "N", "95": "W", "146": "E", "100": "N", "141": "W", "161": "N", "165": "S", "45": "S", "14": "N", "162": "E"}, {"100": "N", "163": "W", "65": "E", "38": "E", "90": "S", "72": "N", "12": "N", "87": "E", "70": "W", "148": "E", "18": "S", "73": "N", "5": "S", "171": "E", "151": "N", "126": "W", "69": "S", "10": "W", "178": "N", "91": "E", "71": "N", "124": "S", "92": "S", "47": "E", "155": "N", "33": "S", "29": "S", "95": "N", "127": "E", "152": "W", "80": "S", "58": "S", "19": "W", "98": "N", "149": "S", "158": "W", "146": "E", "20": "E", "99": "W", "85": "W", "172": "S", "141": "S", "120": "E", "42": "N", "26": "E", "107": "S", "22": "S", "46": "W", "105": "S", "7": "E", "86": "S", "131": "N", "179": "S", "16": "W", "110": "W", "175": "N", "17": "E", "30": "W", "6": "N", "81": "W", "84": "S", "43": "E", "115": "W", "154": "W", "137": "E", "45": "S", "2": "N", "164": "S", "49": "W", "36": "N", "166": "N", "113": "S", "116": "W"}, {"136": "S", "171": "E", "16": "W", "115": "W", "105": "S", "34": "W", "48": "S", "110": "W", "61": "W", "45": "S", "151": "N", "108": "N", "120": "E", "137": "S", "124": "S", "69": "S", "148": "S", "70": "N", "43": "E", "169": "E", "7": "E", "131": "N", "146": "E", "119": "E", "90": "S", "5": "S", "113": "S", "100": "N", "91": "E", "73": "N", "85": "W", "179": "S", "87": "S", "67": "E", "58": "S", "99": "W", "80": "S", "14": "E", "10": "W", "165": "S", "98": "N", "2": "N", "143": "E", "141": "S", "86": "E", "178": "N", "26": "E", "88": "N", "164": "S", "92": "S", "18": "S", "172": "S", "42": "N"}, {"176": "E", "85": "W", "136": "S", "87": "S", "74": "W", "98": "N", "108": "N", "119": "E", "34": "W", "99": "W", "19": "S", "178": "N", "124": "S", "43": "S", "90": "S", "70": "W", "69": "S", "141": "E", "7": "N", "18": "S", "140": "S", "169": "N", "110": "W", "148": "S", "114": "W", "115": "W", "151": "N", "89": "N", "45": "S", "10": "N", "164": "S", "80": "E", "36": "N", "171": "E", "26": "E", "58": "S", "42": "N", "113": "S", "179": "S"}, {"75": "W", "129": "E", "88": "E", "130": "N", "61": "E", "127": "W", "150": "W", "52": "E", "161": "S", "10": "N", "172": "S", "70": "W", "119": "S", "99": "S", "139": "E", "179": "S", "91": "E", "58": "W", "154": "W", "136": "S", "43": "S", "153": "W", "76": "N", "2": "N", "108": "E", "169": "W", "90": "S", "148": "S", "87": "S", "113": "S", "36": "N", "125": "S", "38": "N", "166": "E", "155": "W", "110": "W", "14": "N", "152": "N", "100": "E", "177": "E", "98": "N", "12": "N", "121": "S", "45": "W", "176": "N", "26": "S", "85": "W", "107": "W", "168": "N", "49": "N", "141": "S", "40": "W", "126": "E", "122": "W", "29": "S", "46": "S", "80": "S", "42": "N", "0": "E", "145": "W", "158": "S", "157": "S", "171": "E", "146": "N", "32": "N", "164": "S", "142": "N", "92": "W", "34": "W"}, {"47": "W", "144": "E", "2": "N", "110": "N", "107": "S", "37": "W", "29": "E", "51": "W", "57": "E", "177": "E", "155": "N", "98": "N", "33": "S", "100": "N", "114": "W", "87": "S", "36": "N", "34": "S", "42": "N", "52": "E", "165": "E", "168": "W", "119": "S", "154": "W", "10": "N", "58": "S", "70": "W", "176": "E", "151": "N", "75": "S", "172": "S", "157": "W", "125": "E", "99": "W", "41": "W", "80": "S", "102": "E", "152": "W", "171": "E", "69": "S", "129": "N", "73": "N", "153": "W", "166": "N", "45": "S", "46": "W", "49": "W", "128": "E", "141": "S", "92": "S", "14": "E", "43": "S", "148": "S", "169": "W", "121": "W", "122": "W", "16": "W", "38": "E", "48": "W", "108": "E", "74": "N", "146": "E", "54": "W", "133": "W", "25": "E"}, {"93": "N", "108": "N", "103": "N", "152": "W", "46": "W", "10": "N", "106": "N", "145": "W", "153": "W", "49": "N", "168": "W", "169": "N", "19": "S", "105": "S", "107": "S", "57": "E", "36": "N", "100": "N", "22": "S", "114": "W", "70": "W", "177": "N", "42": "N", "87": "S", "23": "N", "77": "E", "41": "W", "80": "S", "47": "N", "69": "S", "142": "W", "2": "N", "99": "S", "126": "N", "75": "S", "166": "N", "155": "N", "92": "S", "52": "N", "38": "E", "171": "E", "110": "N", "172": "S", "161": "E", "119": "S", "34": "S", "141": "S", "157": "W"}, {"75": "E", "100": "W", "114": "W", "70": "W", "168": "W", "47": "N", "69": "S", "145": "N", "157": "S", "108": "N", "42": "N", "177": "N", "171": "E", "92": "E", "46": "W", "172": "S", "10": "N", "155": "E", "107": "E", "87": "S", "119": "S", "57": "E", "140": "S", "122": "W", "38": "E", "80": "S", "166": "N", "74": "N", "2": "N", "153": "N", "99": "S", "52": "N", "128": "E", "36": "N", "22": "S"}, {"70": "N", "107": "E", "80": "S", "68": "S", "27": "W", "9": "E", "55": "W", "75": "S", "167": "S", "142": "E", "11": "S", "25": "S", "46": "S", "145": "N", "73": "W", "57": "E", "98": "E", "52": "W", "169": "N", "177": "W", "121": "S", "127": "S", "105": "E", "133": "E", "2": "N", "152": "W", "155": "N", "157": "S", "128": "E", "89": "W", "16": "S", "67": "W", "171": "E", "92": "S", "119": "S", "110": "W", "87": "W", "23": "W", "120": "W", "34": "W", "22": "W", "103": "N", "39": "N", "114": "W", "74": "N", "53": "E", "176": "N", "48": "E", "168": "W", "134": "W", "108": "N", "5": "W", "42": "N", "129": "W", "106": "E", "40": "E", "14": "N", "65": "S", "122": "W", "154": "W", "118": "S", "102": "W", "10": "W"}, {"42": "N", "114": "W", "81": "N", "9": "S", "105": "E", "74": "N", "10": "N", "128": "E", "121": "W", "53": "N", "70": "W", "33": "S", "153": "N", "173": "W", "57": "S", "38": "E", "102": "S", "30": "N", "37": "S", "97": "W", "126": "N", "93": "N", "34": "S", "118": "E", "171": "E", "60": "N", "176": "E", "168": "N", "77": "E", "145": "E", "49": "W", "29": "E", "80": "S", "59": "E", "40": "N", "148": "E", "48": "S", "133": "N", "58": "S", "100": "N", "46": "W", "44": "E", "177": "N", "143": "S", "2": "N", "122": "W", "98": "N", "106": "S", "75": "S", "167": "W", "32": "S", "166": "N", "92": "S", "27": "S", "134": "N", "52": "N", "45": "S", "169": "N", "152": "W", "85": "S", "120": "S", "87": "S", "73": "N", "50": "W", "157": "S", "146": "E", "67": "S", "22": "S"}, {"81": "N", "106": "S", "157": "S", "128": "E", "121": "W", "127": "S", "118": "E", "134": "N", "85": "W", "57": "S", "150": "S", "98": "N", "163": "N", "61": "W", "105": "S", "177": "W", "2": "W", "80": "S", "171": "E", "110": "W", "45": "E", "166": "N", "87": "S", "20": "S", "168": "N", "49": "W", "22": "S", "27": "S", "51": "W", "153": "N", "73": "N", "144": "E", "40": "N", "42": "N", "52": "N", "146": "E", "48": "S", "32": "E", "114": "W", "54": "W", "38": "E", "74": "N", "122": "W", "70": "W", "58": "S", "167": "W", "24": "E", "55": "W", "67": "S", "165": "S"}, {"58": "S", "49": "W", "122": "W", "41": "W", "171": "E", "84": "W", "52": "N", "5": "S", "98": "W", "106": "W", "127": "S", "42": "N", "17": "E", "69": "S", "20": "W", "120": "S", "153": "E", "152": "W", "67": "E", "74": "N", "163": "N", "87": "S", "132": "S", "54": "W", "45": "S", "22": "S", "15": "E", "167": "W", "103": "W", "137": "S", "38": "E", "114": "S", "80": "S", "118": "E", "128": "E", "157": "S", "121": "W", "61": "W", "168": "W", "55": "W", "9": "S", "134": "E", "177": "W", "146": "E"}, {"102": "W", "74": "N", "45": "W", "53": "E", "176": "E", "153": "E", "1": "S", "122": "W", "52": "N", "168": "W", "39": "W", "148": "W", "177": "W", "137": "S", "68": "S", "160": "S", "146": "E", "171": "N", "121": "S", "157": "S", "84": "W", "128": "E", "167": "S", "38": "E", "19": "S", "17": "N", "172": "W", "29": "E", "136": "W", "96": "N", "134": "N", "120": "E", "89": "W", "67": "S", "78": "S", "163": "N", "0": "S", "98": "W", "47": "N", "34": "E", "127": "S", "126": "S", "9": "W", "143": "E", "107": "S", "129": "N", "6": "S", "42": "N", "118": "E", "88": "W", "58": "S", "113": "W", "170": "N", "55": "W", "80": "S", "114": "S", "57": "W", "151": "W", "30": "W", "16": "W"}, {"151": "W", "148": "W", "42": "N", "65": "E", "67": "E", "60": "E", "177": "W", "168": "W", "128": "E", "118": "E", "0": "W", "80": "S", "38": "E", "143": "S", "107": "E", "78": "S", "12": "N", "105": "S", "155": "N", "103": "W", "121": "W", "114": "S", "138": "W", "108": "N", "57": "S", "153": "E", "7": "N", "92": "S", "161": "E", "146": "E", "120": "E", "136": "S", "85": "W", "154": "N", "55": "W", "169": "N", "37": "S", "134": "N", "163": "N", "89": "N", "167": "S", "68": "W", "113": "S", "61": "W", "110": "N", "74": "N", "176": "S", "137": "S", "25": "W", "45": "S", "77": "E", "17": "N", "171": "N", "98": "N"}, {"146": "E", "163": "N", "133": "N", "49": "W", "126": "W", "108": "N", "61": "W", "57": "S", "45": "S", "68": "W", "41": "W", "160": "E", "55": "N", "118": "E", "17": "E", "145": "N", "172": "S", "177": "N", "107": "E", "87": "S", "153": "N", "138": "W", "128": "N", "122": "W", "96": "E", "74": "N", "89": "N", "88": "W", "98": "N", "58": "S", "77": "E", "136": "S", "120": "S", "103": "N", "176": "S", "0": "W", "25": "W", "134": "N", "20": "E", "143": "S", "42": "N", "12": "N", "73": "E", "157": "S", "38": "E", "168": "W", "167": "S"}, {"177": "N", "168": "W", "87": "S", "27": "E", "45": "E", "41": "N", "96": "E", "38": "E", "12": "N", "68": "W", "134": "N", "20": "N", "17": "E", "169": "E", "59": "N", "108": "W", "138": "W", "118": "E", "61": "W", "163": "N", "146": "S", "143": "W", "0": "W", "25": "W", "42": "E", "77": "E", "103": "N", "120": "S", "126": "W", "88": "W", "74": "N", "167": "S", "107": "S", "24": "S", "34": "S"}, {"116": "E", "78": "S", "57": "W", "87": "S", "39": "N", "158": "N", "150": "S", "173": "S", "61": "S", "154": "E", "20": "N", "27": "E", "133": "S", "34": "S", "177": "W", "44": "E", "22": "W", "54": "S", "96": "E", "103": "N", "110": "N", "89": "N", "125": "E", "74": "N", "160": "W", "12": "N", "124": "W", "134": "N", "85": "N", "0": "E", "42": "N", "118": "S", "63": "E", "163": "N", "77": "E", "165": "S", "138": "N", "68": "W", "126": "W", "148": "E", "84": "W", "170": "N", "161": "N", "167": "S", "23": "W", "17": "E", "120": "S", "168": "W", "98": "N", "55": "W", "102": "E", "24": "W", "127": "W", "58": "W", "25": "W", "81": "E", "92": "W", "105": "S", "38": "E", "69": "N", "59": "E", "146": "S", "155": "W"}, {"96": "E", "39": "W", "84": "S", "113": "S", "57": "S", "121": "S", "49": "W", "151": "N", "116": "N", "134": "N", "10": "N", "77": "E", "47": "S", "144": "E", "85": "W", "168": "W", "152": "N", "20": "N", "138": "W", "34": "S", "38": "E", "53": "N", "25": "W", "59": "E", "122": "W", "161": "E", "50": "E", "118": "E", "95": "S", "27": "E", "127": "S", "51": "W", "155": "N", "44": "E", "160": "S", "109": "N", "16": "W", "128": "N", "114": "S", "81": "N", "106": "W", "170": "E", "78": "S", "103": "N", "70": "W", "167": "S", "68": "W", "110": "N", "158": "W", "177": "N", "92": "S", "154": "N", "61": "S", "63": "N", "172": "S", "120": "S", "129": "W", "74": "N", "133": "W", "7": "N", "136": "S", "126": "W", "12": "N", "6": "W"}, {"126": "W", "108": "N", "59": "E", "163": "N", "81": "N", "58": "S", "160": "S", "157": "S", "3": "S", "57": "S", "172": "E", "12": "N", "9": "W", "39": "W", "77": "E", "106": "W", "22": "S", "20": "W", "10": "E", "169": "W", "38": "N", "144": "E", "15": "S", "154": "N", "170": "E", "27": "E", "44": "E", "92": "S", "63": "N", "85": "W", "152": "N", "74": "N", "168": "W", "127": "S", "25": "W", "110": "N", "11": "E", "124": "S", "61": "S", "161": "E", "138": "W", "105": "S", "30": "W", "177": "N", "136": "E", "103": "N", "118": "E", "120": "S", "68": "W", "128": "N", "134": "N"}, {"74": "N", "10": "E", "59": "N", "154": "N", "106": "W", "85": "W", "16": "W", "124": "S", "38": "E", "39": "W", "169": "N", "168": "W", "101": "E", "57": "E", "92": "E", "53": "N", "163": "N", "134": "N", "25": "W", "177": "N", "78": "S", "160": "E", "118": "E", "170": "E", "127": "S", "63": "W", "44": "E", "77": "E", "138": "W", "157": "S", "30": "N", "120": "S", "61": "S", "103": "N", "27": "E", "89": "E", "20": "N", "161": "E", "68": "N", "22": "S", "12": "N", "158": "W", "58": "S", "126": "W"}, {"127": "S", "68": "W", "116": "N", "44": "E", "143": "W", "57": "S", "168": "N", "10": "N", "138": "N", "12": "N", "92": "S", "39": "S", "118": "E", "177": "N", "106": "W", "163": "N", "89": "E", "20": "N", "160": "S", "108": "N", "55": "W", "25": "W", "103": "N", "78": "S", "128": "N", "59": "N", "16": "S", "38": "E", "134": "N", "126": "N", "148": "E", "158": "W", "161": "E", "61": "S", "58": "E"}, {"38": "N", "89": "W", "68": "W", "128": "E", "118": "E", "143": "W", "12": "N", "11": "W", "92": "S", "110": "W", "102": "S", "40": "W", "61": "S", "0": "E", "10": "N", "85": "W", "78": "S", "84": "S", "88": "N", "70": "E", "158": "E", "114": "W", "138": "W", "39": "S", "161": "E", "127": "S", "103": "N", "37": "S", "113": "S", "163": "N", "134": "N", "55": "N", "116": "W", "50": "E", "137": "E", "108": "W", "44": "N", "59": "N", "151": "W", "122": "N", "157": "S", "126": "N", "148": "W", "23": "W", "106": "N", "22": "W", "63": "N", "25": "N", "160": "S", "57": "E", "77": "N", "20": "N", "15": "W", "16": "S"}, {"30": "N", "34": "W", "169": "N", "65": "N", "20": "N", "16": "S", "160": "S", "38": "E", "121": "W", "150": "E", "103": "N", "58": "E", "122": "W", "127": "S", "118": "E", "152": "N", "22": "S", "9": "E", "158": "E", "63": "N", "77": "N", "106": "N", "126": "N", "17": "E", "88": "W", "114": "S", "125": "N", "101": "N", "85": "W", "10": "N", "55": "N", "12": "N", "134": "N", "68": "N", "92": "S", "138": "W", "24": "S", "57": "S", "128": "N", "25": "N", "161": "E", "151": "N"}, {"121": "S", "161": "E", "68": "N", "17": "N", "55": "N", "152": "N", "58": "S", "151": "N", "7": "N", "122": "W", "118": "E", "92": "S", "114": "S", "15": "S", "128": "N", "158": "N", "63": "N", "88": "W", "78": "S", "54": "S", "134": "N", "61": "S", "25": "N", "138": "W", "125": "N", "103": "N", "1": "E", "85": "W", "12": "N", "136": "S", "127": "S", "126": "N", "16": "S", "38": "E", "10": "N", "21": "W"}, {"114": "E", "158": "N", "88": "W", "103": "N", "16": "S", "160": "S", "128": "N", "126": "N", "68": "N", "85": "S", "148": "W", "58": "S", "134": "N", "15": "S", "38": "E", "151": "E", "124": "E", "118": "S", "25": "N", "161": "N", "10": "N", "12": "N", "17": "N", "121": "S", "55": "W", "152": "N"}, {"172": "N", "102": "W", "103": "N", "130": "N", "12": "N", "173": "E", "16": "S", "155": "E", "70": "N", "125": "N", "22": "W", "161": "W", "69": "S", "118": "S", "15": "S", "37": "S", "53": "E", "17": "N", "49": "N", "38": "E", "39": "W", "55": "N", "54": "S", "100": "W", "158": "W", "136": "S", "124": "S", "58": "S", "78": "S", "81": "E", "63": "S", "68": "N", "85": "S", "41": "S", "122": "W", "134": "N", "95": "E", "0": "E", "152": "N", "160": "S", "89": "E", "88": "W", "34": "E", "25": "E"}, {"41": "W", "68": "N", "37": "S", "11": "W", "53": "N", "25": "N", "64": "S", "102": "N", "151": "N", "100": "W", "114": "S", "38": "E", "103": "N", "12": "N", "158": "N", "58": "S", "22": "W", "130": "W", "54": "S", "84": "S", "166": "N", "15": "S", "136": "S", "165": "W", "134": "E", "49": "W", "122": "S", "88": "S", "95": "N", "116": "W", "32": "W", "155": "N", "169": "N", "10": "N", "161": "N", "85": "S", "39": "S"}, {"134": "E", "81": "E", "9": "W", "15": "S", "25": "N", "100": "N", "102": "N", "24": "N", "114": "S", "158": "W", "49": "W", "53": "N", "122": "S", "70": "N", "95": "N", "155": "N", "110": "E", "54": "S", "11": "S", "161": "N", "37": "E", "88": "S", "12": "N", "85": "S", "38": "E", "41": "W", "39": "S", "124": "S"}, {"40": "W", "158": "W", "22": "E", "136": "S", "134": "N", "10": "E", "49": "N", "25": "W", "170": "W", "48": "W", "53": "W", "70": "N", "5": "N", "102": "E", "68": "E", "64": "E", "88": "S", "105": "S", "124": "S", "113": "S", "39": "E", "41": "W", "0": "W", "151": "W", "1": "S", "37": "E", "15": "E", "91": "N", "38": "E", "100": "W", "34": "W", "54": "E", "65": "E", "116": "E", "84": "S", "137": "W", "24": "W", "161": "N"}, {"173": "N", "23": "S", "165": "S", "41": "N", "3": "S", "144": "S", "169": "W", "114": "S", "69": "E", "68": "N", "37": "N", "25": "N", "70": "W", "134": "N", "161": "E", "136": "S", "39": "S", "22": "E", "151": "N", "65": "E", "34": "S", "158": "W", "38": "S", "81": "N", "54": "S", "124": "S"}, {"161": "E", "51": "N", "50": "E", "70": "N", "10": "E", "150": "S", "102": "W", "100": "E", "65": "E", "22": "S", "15": "W", "138": "E", "64": "W", "39": "S", "151": "N", "41": "N", "144": "E", "24": "S", "78": "W", "32": "S", "169": "E", "134": "W", "6": "N", "68": "N", "95": "W", "54": "S", "158": "W", "148": "W", "25": "N", "133": "N", "81": "N", "11": "S", "137": "S", "155": "N", "142": "E"}, {"84": "S", "134": "N", "161": "S", "0": "N", "24": "E", "65": "E", "39": "E", "129": "N", "78": "W", "70": "N", "41": "N", "158": "S", "50": "E", "11": "E", "68": "W", "138": "N", "5": "E", "143": "S", "102": "S", "144": "E", "165": "W", "151": "N", "54": "W"}, {"81": "E", "54": "S", "105": "W", "138": "W", "5": "W", "127": "W", "95": "E", "39": "S", "6": "W", "144": "E", "0": "N", "50": "N", "151": "N", "84": "S", "41": "N", "11": "E", "55": "W", "65": "E", "108": "W", "64": "W", "3": "E", "15": "E", "102": "S", "70": "S", "113": "W", "25": "W", "78": "S", "170": "E", "116": "E", "48": "N", "129": "W", "9": "N", "136": "E", "53": "E"}, {"50": "N", "170": "E", "70": "S", "138": "W", "76": "S", "81": "E", "11": "E", "144": "E", "151": "N", "116": "E", "15": "E", "124": "S", "172": "S", "3": "S", "78": "S", "1": "W", "10": "W", "69": "S", "165": "S", "84": "W", "37": "N", "136": "S", "102": "E", "105": "W", "53": "E", "54": "S", "41": "N", "65": "E", "55": "N"}, {"121": "E", "55": "N", "170": "S", "136": "S", "113": "S", "65": "E", "105": "S", "68": "N", "50": "N", "151": "E", "53": "N", "41": "N", "25": "W", "15": "S", "11": "E", "63": "N", "81": "N", "144": "E"}, {"11": "E", "110": "W", "113": "W", "148": "S", "14": "N", "136": "W", "15": "S", "25": "N", "160": "S", "129": "W", "151": "N", "76": "N", "63": "S", "128": "W", "139": "E", "65": "E", "144": "E", "3": "W", "170": "E", "68": "W", "116": "E", "165": "W", "105": "W", "125": "E", "9": "E", "41": "N", "93": "N", "48": "N", "33": "E", "39": "S"}, {"129": "N", "3": "S", "21": "E", "23": "E", "65": "E", "50": "N", "144": "E", "173": "N", "151": "N", "116": "E", "165": "S", "113": "S", "139": "E", "100": "N", "136": "S", "142": "W", "33": "S", "36": "N", "55": "E", "69": "S", "41": "E", "68": "N", "24": "W", "11": "E", "128": "N", "53": "N"}, {"76": "W", "144": "E", "151": "N", "24": "S", "165": "S", "122": "E", "11": "S", "113": "S", "32": "N", "139": "E", "53": "N", "68": "W", "65": "E", "3": "W", "41": "N", "128": "N", "50": "W"}, {"93": "S", "170": "W", "39": "S", "97": "N", "144": "E", "172": "E", "24": "S", "50": "N", "95": "W", "53": "N", "139": "S", "150": "S", "40": "N", "138": "N", "101": "W", "133": "E", "11": "S", "3": "W", "105": "E", "160": "W", "6": "E", "81": "W", "70": "N", "102": "W", "41": "N", "151": "N", "65": "E", "169": "W", "128": "E", "127": "E", "137": "S"}, {"130": "N", "22": "N", "144": "E", "3": "S", "65": "E", "100": "N", "151": "E", "41": "N", "81": "W", "70": "N", "125": "N", "102": "W", "160": "W", "173": "N", "150": "S", "129": "N", "69": "S"}, {"148": "N", "51": "E", "39": "E", "50": "S", "3": "S", "100": "S", "41": "N", "76": "W", "169": "W", "95": "E", "0": "E", "165": "N", "70": "W", "142": "W", "138": "W", "136": "E", "105": "W", "63": "S", "150": "E", "14": "S", "144": "E", "9": "S", "151": "E", "160": "S", "129": "N", "130": "N", "78": "W", "170": "S", "48": "S", "65": "E", "21": "E", "173": "N"}, {"105": "S", "65": "E", "45": "E", "148": "W", "136": "S", "10": "N", "41": "E", "25": "E", "95": "N", "33": "E", "144": "E", "125": "N", "48": "W", "116": "N", "151": "S", "160": "S", "165": "E", "78": "S", "110": "N", "39": "S", "169": "N", "3": "W", "50": "E", "150": "E", "70": "N", "130": "N", "1": "W"}, {"87": "E", "150": "S", "173": "N", "3": "S", "9": "W", "148": "W", "137": "S", "10": "N", "130": "W", "136": "S", "116": "N", "102": "E", "21": "N", "5": "W", "172": "S", "144": "E", "50": "E", "169": "N", "70": "W", "165": "E", "39": "S", "110": "N"}, {"95": "E", "53": "E", "32": "W", "78": "S", "142": "W", "148": "S", "1": "W", "9": "W", "65": "N", "165": "S", "121": "W", "63": "S", "33": "W", "160": "W", "40": "E", "5": "E", "173": "N", "169": "N", "144": "E", "23": "E", "50": "W", "70": "N", "150": "S", "105": "S", "133": "S", "130": "N", "137": "S", "25": "S", "113": "N", "136": "W", "39": "S", "3": "W"}, {"33": "S", "22": "W", "150": "E", "144": "E", "105": "E", "69": "S", "138": "W", "97": "W", "130": "W", "84": "S", "39": "E", "137": "S", "172": "E", "70": "W", "173": "W", "5": "E", "125": "W", "169": "E", "65": "N", "160": "W"}, {"91": "N", "130": "N", "150": "S", "48": "E", "14": "N", "50": "E", "53": "E", "68": "N", "160": "W", "173": "N", "129": "N", "39": "S", "121": "N", "70": "W", "10": "N", "21": "N", "110": "W", "15": "W", "100": "W", "137": "S", "40": "W", "63": "E", "101": "E", "0": "E", "169": "E", "133": "N", "148": "N", "105": "W", "97": "W", "65": "N", "144": "S"}, {"69": "S", "95": "N", "142": "S", "93": "E", "116": "S", "53": "N", "144": "S", "100": "W", "97": "W", "48": "S", "130": "W", "10": "W", "51": "N", "39": "S", "173": "W", "9": "S", "50": "E", "63": "E", "148": "E", "160": "S", "40": "N", "137": "S", "150": "S"}, {"97": "S", "160": "S", "138": "W", "93": "E", "116": "W", "50": "N", "9": "W", "173": "N"}, {"81": "S", "51": "E", "97": "S", "101": "N", "116": "S", "76": "E", "95": "S", "6": "E", "15": "E", "148": "W", "105": "E", "160": "S", "110": "E", "169": "W", "23": "W", "50": "N", "69": "E", "63": "E", "24": "S", "33": "W", "9": "S", "40": "W", "130": "N"}, {"50": "N", "64": "W", "105": "E", "24": "E", "160": "S", "69": "S", "63": "N", "70": "S", "116": "S", "15": "E", "138": "N", "51": "E", "93": "N", "127": "E", "121": "E", "170": "S", "129": "E", "23": "W", "25": "E", "148": "S", "130": "W", "97": "S", "53": "N", "22": "E", "1": "S", "169": "W", "95": "W"}, {"33": "W", "9": "S", "116": "S", "148": "S", "22": "S", "51": "N", "50": "N", "95": "W", "172": "S", "129": "N", "63": "N", "69": "S", "15": "N", "48": "N", "130": "W", "160": "E", "53": "W", "169": "N", "105": "E", "70": "W", "24": "S", "0": "N"}, {"63": "N", "50": "N", "160": "S", "69": "W", "169": "N", "130": "N", "105": "E", "15": "N", "53": "W", "129": "N", "148": "E", "70": "W", "51": "N"}, {"51": "N", "15": "S", "53": "E", "91": "S", "95": "E", "148": "E", "81": "W", "63": "N", "138": "S", "69": "S", "33": "E", "170": "W", "129": "N", "125": "N", "70": "S", "47": "N", "48": "N", "78": "N", "89": "N", "0": "W", "160": "E", "105": "S", "169": "E"}, {"170": "S", "10": "W", "105": "S", "15": "W", "102": "E", "169": "E", "45": "S", "95": "N", "21": "W", "69": "W", "64": "S", "22": "S", "129": "N", "14": "E", "78": "N", "121": "W", "51": "W", "70": "S"}, {"170": "S", "169": "E", "9": "W", "121": "S", "100": "N", "129": "N", "105": "W", "47": "E", "78": "E", "51": "W", "64": "S"}, {"0": "E", "5": "N", "9": "W", "129": "N", "47": "S", "81": "E", "142": "E", "170": "S", "51": "W", "22": "N", "63": "E", "100": "S", "15": "S", "89": "N", "50": "E", "113": "E", "160": "S", "105": "S", "93": "N", "33": "E", "64": "E", "78": "E"}, {"102": "E", "105": "S", "133": "W", "34": "E", "51": "N", "40": "N", "0": "N", "129": "N", "172": "S", "89": "N", "81": "E", "64": "S", "33": "E", "50": "N", "15": "W", "170": "S", "5": "N", "9": "W"}, {"160": "E", "34": "S", "89": "E", "81": "E", "110": "S", "170": "S", "9": "W", "93": "N", "64": "E", "172": "E", "5": "E", "105": "S", "63": "N", "102": "E", "129": "N", "50": "N", "15": "W"}, {"70": "E", "129": "N", "105": "S", "14": "E", "170": "S", "81": "N", "33": "E", "102": "E", "93": "N", "5": "E", "64": "S", "63": "N", "110": "E", "172": "S"}, {"5": "W", "133": "E", "129": "N", "89": "W", "110": "E", "53": "W", "64": "S", "14": "N", "170": "S", "172": "S", "81": "N", "68": "E", "21": "E", "25": "W", "160": "S", "15": "E", "63": "W", "105": "S", "116": "W", "1": "S", "93": "N"}, {"93": "N", "121": "N", "48": "W", "160": "E", "172": "W", "25": "W", "129": "N", "108": "E", "81": "N", "89": "N", "14": "N", "105": "S", "95": "N", "45": "N", "1": "S", "21": "S", "100": "E", "110": "N"}, {"93": "W", "110": "N", "129": "N", "116": "W", "81": "N", "160": "E", "172": "S", "105": "W", "89": "N", "21": "S", "138": "N", "0": "N", "100": "E"}, {"63": "E", "21": "W", "108": "W", "142": "S", "101": "W", "89": "W", "81": "N", "102": "W", "33": "W", "23": "W", "93": "N", "121": "S", "172": "S", "129": "E", "160": "E", "0": "S", "100": "N"}, {"93": "W", "6": "S", "160": "S", "91": "S", "76": "S", "142": "W", "48": "W", "133": "S", "172": "S", "89": "N", "113": "E"}, {"116": "E", "21": "W", "121": "N", "78": "W", "81": "E", "172": "S", "40": "E", "133": "N", "50": "W", "148": "W", "127": "W", "100": "W", "1": "N", "160": "S", "113": "E", "89": "N", "6": "N"}, {"160": "W", "113": "S", "84": "S", "1": "N", "25": "N", "89": "N", "172": "S", "125": "W", "0": "W", "23": "N", "116": "E", "100": "W", "68": "S", "102": "W", "78": "W", "15": "S"}, {"113": "S", "172": "S", "102": "W", "100": "N", "1": "W", "160": "S", "89": "N", "68": "E", "121": "E", "116": "E", "78": "W", "142": "W"}, {"21": "W", "14": "S", "15": "W", "89": "N", "116": "N", "33": "W", "40": "E", "113": "S", "160": "S", "1": "W", "172": "W", "78": "E", "68": "W", "148": "W", "48": "W", "102": "E", "63": "E", "100": "S", "127": "W"}, {"63": "N", "23": "E", "68": "W", "160": "S", "91": "E", "15": "S", "100": "E", "5": "W", "14": "S", "172": "S", "121": "S", "116": "N", "89": "E", "1": "S"}, {"89": "E", "116": "N", "5": "S", "63": "N", "160": "E", "32": "S", "91": "E", "172": "S", "1": "S"}, {"48": "E", "81": "W", "0": "S", "172": "S", "78": "W", "91": "E", "25": "E", "89": "E", "148": "N", "68": "E", "63": "S", "1": "S", "32": "N", "53": "E", "142": "W"}, {"78": "W", "14": "E", "91": "E", "89": "E", "47": "N", "172": "S", "68": "E", "21": "W", "63": "W", "148": "W", "142": "W", "6": "S"}, {"21": "E", "14": "E", "148": "E", "47": "S", "6": "N", "68": "E", "5": "S", "116": "E", "121": "N", "40": "S", "53": "W", "25": "S", "142": "W", "89": "N", "102": "S", "78": "S", "0": "E", "91": "E"}, {"100": "E", "148": "S", "23": "E", "81": "N", "68": "E", "33": "E", "14": "E", "116": "N", "78": "S", "102": "W", "25": "E", "121": "E", "89": "N", "91": "E", "0": "N", "142": "N"}, {"21": "N", "78": "S", "68": "N", "89": "N", "91": "E", "0": "N", "25": "E", "116": "N", "100": "E", "14": "E", "121": "E", "142": "N", "102": "S"}, {"14": "E", "121": "N", "102": "S", "91": "E", "40": "W", "68": "N", "25": "E"}, {"91": "E", "14": "E", "68": "N", "102": "E", "78": "W", "25": "W", "121": "W", "148": "W", "21": "W", "100": "N", "116": "E", "108": "E", "81": "E"}, {"21": "W", "91": "E", "148": "W", "142": "N", "108": "E", "84": "S", "40": "N", "68": "N", "25": "W", "102": "N", "116": "N", "121": "S", "78": "S", "100": "E", "14": "E"}, {"15": "E", "127": "E", "91": "E", "102": "N", "84": "E", "108": "S", "78": "S", "121": "W", "148": "W", "21": "W", "14": "E", "142": "N", "68": "N"}, {"142": "N", "84": "E", "78": "E", "14": "S", "102": "N", "121": "S", "22": "N", "91": "E"}, {"91": "E", "121": "N", "32": "S", "1": "N", "81": "E", "22": "S", "33": "W", "14": "E", "25": "E", "6": "S", "78": "S", "142": "W", "108": "W", "21": "N"}, {"15": "E", "101": "W", "121": "E", "84": "S", "63": "S", "127": "E", "25": "E", "142": "N", "78": "S", "91": "E", "14": "E", "1": "N", "21": "W", "148": "S"}, {"21": "N", "1": "N", "5": "S", "142": "N", "78": "S", "14": "E", "148": "S", "121": "E", "91": "E", "6": "E", "25": "N", "138": "S"}, {"15": "S", "14": "E", "91": "E", "1": "W", "142": "E", "78": "S", "125": "W", "25": "N", "121": "N"}, {"121": "N", "25": "N", "142": "N", "22": "N", "127": "W", "1": "E", "125": "E", "47": "N", "21": "W", "53": "N", "91": "E", "78": "S", "0": "W", "45": "N", "14": "E"}, {"68": "W", "1": "S", "25": "N", "21": "N", "14": "S", "22": "W", "127": "W", "148": "S", "142": "E", "78": "S"}, {"78": "S", "102": "W", "138": "N", "21": "E", "25": "N", "14": "S", "15": "W", "1": "S", "40": "S", "22": "W", "127": "E", "148": "S", "33": "W", "116": "N", "142": "N", "45": "S"}, {"142": "N", "78": "S", "32": "E", "148": "E", "40": "W", "127": "E", "21": "E", "14": "S", "102": "W", "81": "N", "1": "S", "22": "W", "108": "N"}, {"142": "N", "22": "W", "101": "S", "40": "W", "32": "N", "21": "E", "127": "N", "148": "S", "102": "N", "1": "S", "33": "W", "78": "S", "15": "N"}, {"33": "W", "108": "W", "121": "N", "1": "W", "142": "N", "101": "W", "22": "S", "15": "W", "40": "W", "21": "N", "102": "N", "78": "S", "127": "N", "23": "W"}, {"22": "S", "127": "E", "78": "S", "40": "W", "121": "E", "33": "W", "142": "N", "21": "N", "102": "N", "108": "N", "1": "W", "15": "W"}, {"33": "S", "22": "S", "108": "N", "102": "E", "40": "N", "127": "E", "142": "E", "21": "N", "78": "E", "15": "S"}, {"76": "S", "63": "E", "1": "W", "78": "E", "21": "N", "102": "W", "101": "E", "25": "E", "142": "E", "125": "S", "127": "N", "40": "N", "108": "N", "116": "E", "121": "W", "33": "S"}, {"21": "N", "81": "N", "63": "N", "1": "W", "148": "E", "33": "S", "108": "E", "78": "E", "50": "S", "116": "S", "47": "W", "142": "E", "121": "W", "133": "S", "102": "S", "127": "N"}, {"78": "E", "33": "S", "53": "N", "108": "N", "47": "W", "1": "S", "5": "W", "121": "S", "68": "N", "116": "S", "102": "S"}, {"78": "E", "53": "W", "48": "W", "116": "W", "102": "S", "47": "W", "25": "N", "0": "W", "33": "S"}, {"33": "W", "121": "W", "78": "N", "148": "S", "53": "W", "50": "W", "101": "N", "0": "E", "6": "W", "116": "W", "40": "W"}, {"40": "N", "22": "S", "108": "N", "116": "W", "148": "E", "0": "N", "48": "W", "25": "N", "6": "W", "121": "W"}, {"68": "N", "6": "N", "0": "N", "50": "N", "121": "S", "22": "E", "148": "E", "25": "W", "40": "N", "102": "S"}, {"22": "S", "6": "N", "121": "S", "116": "W", "148": "E", "40": "E", "0": "N", "81": "W"}, {"121": "E", "5": "S", "40": "E", "45": "E", "6": "W", "0": "S", "148": "E", "63": "N", "127": "S", "102": "N", "101": "S", "81": "S", "76": "E", "22": "E"}, {"32": "W", "121": "S", "0": "S", "5": "S", "63": "W", "81": "W", "148": "E", "6": "N", "125": "S", "40": "E", "127": "W", "138": "N"}, {"127": "S", "6": "N", "23": "N", "148": "E", "121": "S", "76": "S", "116": "E", "40": "N", "5": "E"}, {"6": "N", "5": "S", "127": "W", "53": "S", "138": "S", "101": "E", "22": "E", "63": "S", "121": "S", "148": "S", "102": "W", "40": "N", "0": "S", "76": "S"}, {"5": "S", "40": "E", "53": "S", "48": "W", "127": "W", "148": "S", "15": "S", "68": "W", "6": "E", "76": "W"}, {"53": "W", "5": "S", "50": "N", "127": "S", "148": "S", "76": "W", "6": "N", "48": "S", "102": "S", "33": "S"}, {"127": "S", "68": "W", "40": "E", "148": "S", "53": "S", "48": "S", "5": "E", "102": "S", "76": "W"}, {"76": "E", "102": "S", "116": "W", "53": "W", "133": "S", "127": "E", "48": "S", "5": "E", "45": "S", "81": "W", "148": "S", "50": "W", "40": "E", "68": "S"}, {"127": "N", "63": "W", "48": "E", "81": "N", "15": "E", "116": "N", "50": "W", "76": "N", "5": "S", "148": "W", "40": "N", "68": "S"}, {"33": "S", "81": "W", "68": "S", "5": "S"}, {"50": "S", "22": "S", "33": "N", "53": "E", "5": "S", "116": "N", "63": "E", "127": "S"}, {"127": "W", "50": "N", "76": "E", "22": "E", "53": "W", "5": "S", "33": "S", "40": "E", "32": "S", "0": "E"}, {"63": "N", "0": "S", "127": "W", "5": "S"}, {"5": "S", "116": "S", "32": "N", "63": "N", "76": "S", "127": "W", "53": "E", "33": "N", "0": "W"}, {"5": "W", "22": "E", "101": "W", "127": "W", "63": "N", "125": "W", "0": "W", "76": "W", "40": "N", "81": "E", "138": "N", "33": "N", "53": "N"}, {"53": "E", "101": "W", "33": "W", "138": "N", "45": "W", "76": "W", "40": "E", "63": "N", "127": "W", "22": "E"}, {"33": "W", "22": "E", "63": "N", "127": "W", "102": "E", "101": "W", "40": "N", "15": "S", "76": "N", "53": "N", "138": "N"}, {"138": "E", "40": "E", "22": "E", "63": "W", "102": "E", "76": "N", "127": "S", "101": "W", "33": "W"}, {"127": "S", "138": "N", "63": "N", "33": "W", "101": "N", "22": "E", "102": "N"}, {"33": "S", "138": "N", "22": "E", "0": "E", "116": "E", "25": "E", "101": "N", "63": "E", "133": "S"}, {"81": "E", "15": "S", "138": "N", "25": "N", "63": "S", "22": "E"}, {"45": "E", "76": "W", "25": "S", "22": "S", "125": "W", "116": "W", "127": "W", "81": "W", "133": "W", "138": "N", "63": "S"}, {"81": "W", "23": "N", "101": "N", "76": "W", "63": "S", "25": "W", "125": "W", "127": "S", "22": "S", "138": "W"}, {"0": "N", "116": "N", "101": "E", "138": "N", "23": "N", "32": "E", "22": "S", "133": "W", "76": "W", "63": "S", "127": "S"}, {"23": "N", "76": "N", "138": "N", "33": "S", "101": "E", "32": "N", "22": "S", "125": "W"}, {"32": "N", "138": "W", "133": "W", "22": "S", "125": "W", "76": "N", "101": "N", "23": "N"}, {"32": "N", "133": "W", "125": "N", "101": "N", "138": "N", "22": "S", "23": "E"}, {"127": "S", "23": "N", "76": "W", "45": "W", "32": "N", "0": "S", "22": "S", "15": "S", "101": "E", "133": "W", "116": "S", "138": "N"}, {"33": "S", "81": "E", "22": "W", "23": "N", "45": "S", "32": "E", "116": "E", "76": "N", "15": "E", "63": "S"}, {"76": "N", "15": "E", "101": "E", "22": "W", "23": "N", "45": "W", "32": "E"}, {"76": "E", "125": "W", "81": "W", "23": "N", "25": "W", "15": "E", "102": "S", "101": "E", "32": "N", "45": "S", "22": "W"}, {"15": "S", "76": "N", "63": "W", "101": "N", "102": "W", "133": "N", "125": "N", "22": "S", "45": "W", "23": "E"}, {"101": "N", "45": "W", "15": "S", "76": "N", "22": "S", "127": "E", "125": "N"}, {"15": "S", "125": "E", "76": "N", "127": "S", "101": "N"}, {"23": "W", "45": "W", "102": "E", "25": "S", "125": "E", "76": "E", "33": "W", "127": "S", "15": "W"}, {"23": "N", "81": "E", "133": "N", "50": "E", "45": "S", "127": "S", "76": "N", "125": "E", "33": "S", "102": "N", "101": "N", "15": "S"}, {"133": "N", "53": "N", "23": "N", "15": "W", "40": "N", "101": "N", "127": "S", "45": "S", "33": "S", "76": "N", "125": "N"}, {"33": "E", "133": "E", "15": "S", "127": "S", "45": "S", "23": "E", "102": "E", "76": "N", "125": "N"}, {"45": "S", "133": "E", "127": "S", "33": "E", "76": "N", "23": "N", "125": "E"}, {"133": "N", "127": "S", "125": "E", "33": "E", "45": "S", "76": "N", "23": "N"}, {"133": "N", "33": "E", "76": "E", "127": "S", "45": "S", "23": "E", "125": "E"}, {"127": "S", "33": "E", "23": "E", "76": "E", "133": "N", "45": "S", "125": "N"}, {"125": "N", "127": "S", "23": "N", "33": "E", "133": "N", "45": "S"}, {"127": "S", "33": "E", "23": "N", "125": "N", "45": "S"}, {"0": "N", "23": "N", "125": "N", "33": "E", "127": "E", "25": "S", "102": "W", "45": "S"}, {"25": "E", "33": "E", "116": "W", "127": "E", "102": "S", "45": "S"}, {"127": "E", "45": "E", "102": "W", "33": "E", "25": "E"}, {"127": "E", "40": "S", "45": "E", "102": "E", "0": "S", "25": "W", "33": "E"}, {"25": "W", "40": "W", "127": "E", "63": "E", "33": "E", "81": "E", "0": "W", "45": "E"}, {"45": "N", "50": "E", "33": "S", "63": "N", "127": "E"}, {"33": "S", "40": "E", "53": "S", "50": "W", "45": "N", "63": "S", "127": "N"}, {"47": "E", "102": "N", "116": "N", "6": "E", "33": "S", "25": "N"}, {"33": "S"}, {"102": "S", "33": "S", "0": "E"}, {"25": "E", "40": "W", "33": "S", "125": "W"}, {"0": "S", "33": "S", "25": "W", "125": "N", "53": "S", "102": "W"}, {"33": "S", "81": "S", "0": "W", "40": "S", "102": "W", "125": "N"}, {"33": "W", "0": "W", "53": "W", "125": "E", "40": "W", "63": "W", "102": "S"}, {"81": "S", "125": "N", "53": "S", "33": "W", "40": "W", "102": "S"}, {"53": "W", "102": "W", "33": "W", "81": "S", "40": "N"}, {"81": "S", "53": "W", "40": "N", "102": "S"}, {"81": "W", "40": "E", "53": "N", "102": "S"}, {"53": "N", "102": "E", "40": "N", "81": "S"}, {"53": "W", "102": "S", "81": "S", "40": "N"}, {"102": "S", "53": "N", "81": "S"}, {"0": "E", "81": "W", "102": "S", "53": "N", "25": "E"}, {"0": "E", "53": "E", "81": "S", "116": "S", "102": "E"}, {"102": "E", "25": "S", "50": "E", "81": "S", "0": "N"}, {"63": "S", "0": "N", "102": "E", "81": "S", "25": "S", "47": "E"}, {"50": "E", "47": "E", "63": "S", "25": "S", "0": "N"}, {"50": "E", "25": "W", "0": "N", "47": "E", "116": "E", "63": "S"}, {"63": "S", "116": "E", "0": "N", "50": "N", "25": "S"}, {"0": "N", "116": "N", "25": "S", "63": "W", "50": "N"}, {"50": "N", "116": "N", "63": "S", "25": "S", "0": "W"}, {"0": "N", "63": "S", "50": "N", "116": "N", "25": "W", "47": "E"}, {"25": "S", "116": "N", "63": "S", "0": "N", "47": "E", "50": "W"}, {"0": "W", "25": "S", "50": "N", "47": "E", "116": "N", "63": "W"}, {"116": "W", "50": "N", "47": "E", "0": "W", "63": "S"}, {"0": "N", "47": "E", "50": "W", "116": "N"}, {"0": "W", "47": "E", "50": "W", "116": "N"}, {"0": "W", "116": "W", "50": "N", "47": "E"}, {"116": "W", "47": "E", "50": "W", "0": "N"}, {"50": "W", "116": "N", "0": "W", "47": "S"}, {"0": "W", "116": "W", "50": "N"}, {"0": "W", "116": "W", "50": "W"}, {"0": "S", "116": "N", "50": "W"}, {"116": "W", "0": "S", "50": "W"}, {"0": "S", "116": "W", "50": "S"}, {"116": "W", "0": "S", "50": "S"}, {"116": "S", "0": "E", "50": "S"}, {"0": "E", "50": "S", "116": "S"}, {"116": "S", "50": "E", "0": "S"}, {"50": "S", "116": "S", "0": "S"}, {"116": "E"}, {"50": "W", "25": "E", "116": "W"}, {"25": "N", "116": "W", "63": "S"}, {"116": "W", "50": "N", "25": "E"}, {"116": "W", "25": "N", "50": "W"}, {"50": "W", "116": "W", "25": "N"}, {"50": "W", "25": "N", "116": "S"}, {"25": "N", "116": "S", "50": "W"}, {"25": "N", "50": "S", "116": "S"}, {"116": "S", "25": "N", "50": "S"}, {"25": "W", "116": "S", "50": "S"}, {"116": "S", "25": "N", "50": "S"}, {"116": "S", "50": "S", "25": "N"}, {"25": "W", "50": "S", "116": "S"}, {"116": "S", "25": "W", "50": "S"}, {"25": "S", "50": "S", "116": "E"}, {"25": "S", "116": "E", "50": "S"}, {"50": "E", "116": "E", "25": "W"}, {"50": "E", "116": "E"}, {"50": "E", "116": "E"}, {"50": "E", "116": "N"}, {"50": "E", "116": "N"}, {"50": "N", "116": "N"}, {"50": "N", "116": "N"}, {"116": "W", "50": "N"}, {"116": "N", "50": "N"}, {"116": "N", "50": "W"}, {"50": "N"}, {"81": "S", "63": "S"}, {"81": "W"}, {"81": "W", "102": "W"}, {"63": "W", "102": "W", "81": "W"}, {"102": "W", "81": "W", "63": "W"}, {"102": "W", "81": "W", "63": "W"}, {"63": "W", "102": "W"}, {"81": "N", "102": "W"}, {"102": "W", "81": "N"}, {"102": "W", "63": "W", "81": "N"}, {"63": "N", "81": "N", "102": "N"}, {"63": "N", "102": "N", "81": "N"}, {"102": "N", "81": "N", "63": "N"}, {"102": "N", "63": "N", "81": "E"}, {"102": "N", "81": "N", "63": "N"}, {"102": "N", "63": "E", "81": "N"}, {"63": "N", "102": "N", "81": "N"}, {"63": "N", "81": "N", "102": "E"}, {"81": "E", "102": "N", "63": "E"}, {"81": "N", "63": "E", "102": "N"}, {"102": "N"}, {"102": "N"}, {"102": "N"}, {"102": "E"}, {"102": "N"}, {"102": "N"}, {"102": "E"}, {"102": "E"}, {"102": "N"}, {"102": "N"}, {"102": "E"}, {"102": "N"}, {"102": "N"}, {"102": "E"}, {"102": "E"}, {"102": "E"}, {"102": "E"}, {"102": "E"}, {"102": "E"}, {"102": "E"}, {"102": "S"}, {"102": "S"}, {"102": "S"}, {"102": "S"}, {"102": "S"}, {"102": "S"}, {"102": "S"}, {"102": "S"}, {"102": "E"}, {"102": "S"}, {"63": "W"}, {"63": "W"}, {"63": "S"}, {"63": "S"}, {"63": "W"}, {"63": "S"}, {"63": "S"}, {"63": "E"}, {"63": "S"}, {"63": "S"}, {"63": "S"}, {"63": "E"}, {"63": "E"}, {"63": "E"}, {"63": "E"}, {"63": "E"}, {"63": "N"}, {"63": "N"}, {"63": "E"}, {"63": "N"}, {"63": "N"}, {"63": "N"}, {"63": "N"}, {"63": "N"}, {"63": "N"}, {"63": "W"}, {"63": "N"}, {"63": "N"}, {"63": "W"}, {"63": "W"}], "result": "SUCCESS", "makespan": 315, "sum": 4511, "algo_name": "BFS_7"}