{"instance": "medium_free_001_30x30_20_180", "steps": [{"22": "N", "38": "W", "78": "N", "7": "W", "58": "N", "14": "W", "32": "W", "33": "N", "53": "W", "98": "S", "108": "S", "113": "N", "12": "E", "15": "N", "40": "S", "85": "E", "117": "W", "171": "W", "5": "W", "66": "W", "68": "S", "74": "E", "128": "S", "167": "N", "179": "E", "71": "E", "77": "S", "96": "S", "97": "W", "120": "N", "126": "S", "148": "N", "177": "S", "1": "N", "21": "W", "31": "E", "84": "N", "89": "W", "121": "N", "130": "E", "166": "S", "17": "S", "59": "S", "123": "W", "140": "W", "142": "W", "158": "E", "13": "S", "34": "N", "52": "E", "94": "N", "116": "W", "129": "S", "168": "E", "173": "E", "26": "S", "56": "E", "57": "E", "83": "W", "93": "E", "131": "E", "174": "E", "35": "S", "76": "W", "141": "E"}, {"22": "N", "38": "W", "78": "N", "7": "W", "58": "N", "33": "N", "98": "S", "108": "S", "113": "N", "12": "E", "40": "S", "85": "E", "5": "W", "68": "S", "74": "E", "128": "S", "167": "N", "71": "E", "96": "S", "97": "W", "120": "N", "126": "S", "148": "N", "177": "S", "1": "N", "21": "W", "31": "E", "84": "N", "89": "W", "121": "N", "17": "S", "59": "S", "140": "W", "142": "W", "158": "E", "13": "S", "34": "N", "94": "N", "168": "E", "173": "E", "26": "S", "57": "E", "93": "E", "131": "E", "174": "E", "35": "S", "76": "W", "141": "E"}, {"38": "W", "7": "W", "58": "N", "33": "N", "98": "S", "108": "S", "113": "N", "12": "E", "40": "S", "85": "E", "5": "W", "68": "S", "74": "E", "128": "S", "167": "N", "71": "E", "96": "S", "126": "S", "148": "N", "177": "S", "1": "N", "31": "E", "89": "W", "121": "N", "17": "S", "59": "S", "140": "W", "158": "E", "13": "S", "34": "N", "94": "N", "168": "E", "173": "E", "26": "S", "57": "E", "93": "E", "131": "E", "174": "E", "35": "S", "76": "W", "141": "E"}, {"78": "N", "58": "W", "33": "N", "98": "S", "108": "S", "113": "N", "12": "E", "40": "S", "85": "E", "5": "W", "68": "S", "74": "E", "128": "S", "167": "N", "71": "E", "96": "S", "126": "S", "148": "N", "177": "S", "1": "N", "31": "E", "121": "N", "59": "S", "158": "E", "13": "S", "34": "N", "94": "N", "168": "E", "173": "E", "57": "E", "93": "E", "131": "E", "174": "E", "35": "S", "76": "W", "141": "E"}, {"98": "E", "12": "E", "40": "S", "85": "E", "5": "W", "68": "S", "74": "E", "128": "S", "167": "N", "71": "E", "96": "S", "126": "S", "148": "N", "177": "S", "1": "N", "31": "E", "121": "N", "59": "S", "158": "E", "13": "S", "34": "N", "94": "N", "168": "E", "173": "E", "57": "E", "93": "E", "131": "E", "35": "S", "76": "W", "141": "E"}, {"98": "S", "12": "N", "40": "W", "85": "N", "5": "W", "68": "S", "128": "S", "167": "N", "71": "E", "96": "S", "126": "S", "148": "N", "177": "S", "1": "N", "31": "E", "121": "N", "59": "S", "158": "E", "13": "S", "34": "N", "94": "N", "168": "E", "173": "E", "57": "E", "93": "E", "131": "E", "35": "S", "141": "E"}, {"68": "E", "74": "E", "71": "E", "96": "S", "148": "N", "177": "S", "1": "N", "31": "E", "121": "N", "59": "S", "158": "E", "13": "S", "34": "N", "94": "N", "168": "E", "173": "E", "57": "E", "93": "E", "131": "E", "35": "S", "141": "E"}, {"68": "S", "74": "S", "71": "N", "96": "W", "126": "S", "148": "N", "1": "N", "31": "E", "121": "N", "59": "S", "158": "E", "13": "S", "34": "N", "94": "N", "168": "E", "173": "E", "57": "E", "93": "E", "131": "E", "35": "S", "141": "E"}, {"148": "W", "177": "S", "31": "N", "59": "S", "13": "S", "34": "N", "94": "N", "168": "E", "173": "E", "57": "E", "93": "E", "131": "E", "35": "S", "141": "E"}, {"1": "N", "121": "N", "158": "E", "13": "S", "34": "N", "94": "N", "168": "E", "173": "E", "57": "E", "93": "E", "131": "E", "35": "S", "141": "E"}, {"71": "E", "158": "S", "13": "E", "168": "E", "57": "E", "93": "E", "131": "E", "35": "S", "141": "E"}, {"177": "S", "59": "S", "35": "S", "141": "E"}, {"141": "E"}, {"141": "E"}, {"93": "E", "141": "E"}, {"163": "N", "170": "W", "46": "E", "136": "W", "50": "W", "164": "N", "88": "W", "172": "S", "134": "E", "122": "W", "80": "S", "30": "W", "147": "S", "115": "W", "169": "E", "152": "W", "100": "W", "36": "S", "11": "S", "99": "W", "114": "W", "150": "S", "49": "W", "160": "S", "135": "S", "144": "W", "154": "W", "157": "W", "70": "S", "10": "E", "124": "S", "102": "S", "149": "S", "162": "S", "51": "S", "18": "W", "69": "S", "27": "S", "42": "W", "110": "W", "73": "S", "155": "N", "125": "W", "112": "N", "28": "S", "118": "W", "75": "E", "176": "N", "153": "N", "9": "W", "23": "E", "175": "W", "64": "W", "43": "S", "81": "E", "25": "W", "29": "S", "111": "N", "127": "E", "90": "S", "161": "S", "138": "W", "139": "E", "6": "N", "62": "W", "145": "N", "86": "S", "87": "W", "132": "W", "92": "W", "2": "N", "8": "S", "47": "N", "109": "S", "106": "S", "16": "W", "61": "W", "178": "E", "137": "S", "82": "W", "159": "S", "44": "W", "105": "S", "156": "N", "0": "W", "48": "W", "45": "S", "146": "E"}, {"14": "W", "32": "W", "53": "W", "15": "N", "91": "W", "117": "W", "171": "W", "66": "W", "179": "E", "39": "W", "77": "S", "97": "W", "120": "N", "21": "W", "84": "N", "89": "W", "130": "E", "166": "S", "17": "S", "119": "S", "123": "W", "140": "W", "52": "E", "55": "S", "116": "W", "129": "S", "4": "S", "26": "S", "56": "E", "174": "E"}, {"14": "W", "32": "W", "53": "W", "15": "N", "91": "W", "117": "W", "179": "E", "97": "W", "120": "N", "21": "W", "84": "N", "89": "W", "130": "E", "166": "S", "140": "W", "52": "E", "55": "S", "56": "E", "174": "E"}, {"14": "W", "32": "W", "53": "W", "15": "N", "117": "W", "179": "E", "97": "W", "120": "N", "21": "W", "84": "N", "130": "E", "166": "S", "140": "W", "52": "E", "55": "S", "56": "E"}, {"53": "W", "15": "N", "117": "W", "179": "E", "97": "W", "120": "N", "21": "W", "84": "N", "130": "E", "166": "S", "140": "W", "52": "E", "55": "S", "56": "E"}, {"12": "E", "53": "W", "15": "N", "117": "W", "179": "E", "97": "W", "120": "N", "21": "W", "84": "N", "130": "E", "166": "S", "140": "W", "52": "E", "55": "S", "56": "E"}, {"53": "W", "15": "E", "117": "W", "97": "W", "21": "W", "84": "N", "140": "W", "130": "E", "166": "S", "52": "E", "55": "S", "56": "E"}, {"84": "W", "140": "S", "130": "E", "166": "S", "52": "E", "55": "S", "56": "E"}, {"166": "S", "52": "E", "55": "S", "56": "E"}, {"166": "E", "52": "E", "55": "S", "56": "E"}, {"52": "E", "55": "S", "56": "E"}, {"52": "N", "55": "S"}, {"55": "S", "56": "E"}, {"55": "E", "56": "E"}, {"56": "N"}, {"82": "S", "0": "W", "101": "S", "45": "W", "92": "W", "172": "S", "25": "S", "50": "N", "157": "W", "28": "E", "61": "W", "81": "N", "162": "W", "159": "E", "29": "S", "125": "N", "152": "W", "42": "N", "153": "W", "2": "W", "169": "W", "103": "N", "124": "S", "107": "S", "118": "N", "20": "N", "9": "W", "165": "N", "72": "W", "105": "S", "8": "E", "37": "S", "90": "W", "154": "W", "138": "S", "46": "W", "79": "N", "178": "N", "99": "W", "151": "S", "87": "S", "64": "S", "16": "W", "143": "S", "49": "N", "170": "S", "176": "E", "86": "S", "106": "W", "30": "W", "156": "E", "69": "S", "127": "S", "163": "W", "67": "S", "110": "W", "132": "W", "10": "N", "160": "S", "111": "W", "60": "N", "27": "S", "137": "S", "11": "S", "149": "W", "112": "N", "147": "S", "122": "W", "114": "W", "18": "S", "150": "S", "80": "N", "48": "W", "95": "N", "3": "S", "145": "N", "23": "W", "115": "S", "155": "N", "88": "W", "104": "S", "146": "E", "100": "N", "175": "W", "6": "N", "36": "E", "62": "W", "47": "N", "73": "W", "164": "E", "70": "N", "43": "N", "51": "W", "65": "E", "144": "W", "139": "E", "135": "E", "102": "S", "134": "N", "44": "N"}, {"24": "W", "91": "W", "171": "W", "66": "W", "39": "W", "77": "S", "89": "W", "123": "W", "142": "W", "116": "W", "129": "S", "4": "S", "26": "S", "174": "E"}, {"24": "W", "91": "W", "171": "W", "66": "W", "39": "W", "89": "W", "129": "S", "26": "S", "174": "E"}, {"91": "W", "171": "W", "89": "W", "24": "W", "66": "W", "39": "W", "129": "S", "26": "S", "174": "E"}, {"91": "W", "171": "W", "24": "W", "66": "W", "129": "S", "26": "S", "174": "E"}, {"158": "E", "91": "N", "174": "E", "129": "S", "26": "S"}, {"129": "S", "26": "S"}, {"26": "S", "129": "S"}, {"129": "S"}, {"79": "E", "25": "W", "36": "N", "65": "N", "104": "S", "62": "W", "156": "E", "150": "S", "100": "N", "82": "S", "49": "W", "30": "W", "45": "S", "46": "W", "162": "N", "42": "N", "138": "W", "88": "W", "51": "W", "72": "W", "136": "W", "169": "E", "122": "W", "144": "S", "0": "W", "73": "W", "75": "S", "172": "S", "145": "N", "154": "W", "8": "E", "2": "W", "106": "W", "105": "W", "151": "W", "135": "S", "18": "S", "11": "S", "10": "N", "152": "W", "157": "W", "134": "W", "61": "S", "139": "S", "47": "E", "178": "E", "109": "E", "23": "W", "48": "W", "133": "W", "50": "N", "155": "N", "160": "S", "114": "W", "86": "S", "6": "E", "87": "W", "132": "W", "153": "W", "107": "S", "63": "S", "149": "W", "29": "E", "124": "S", "44": "E", "19": "S", "110": "W", "28": "S", "81": "W", "103": "W", "147": "S", "99": "W", "16": "W", "64": "E", "102": "S", "90": "E", "118": "S", "92": "W", "165": "W", "70": "W", "127": "S", "163": "W", "176": "E", "170": "S", "159": "E", "67": "S", "9": "W", "27": "S", "69": "S", "80": "W", "3": "S", "125": "W", "111": "W", "20": "N"}, {"91": "W", "39": "W", "77": "S", "41": "W", "119": "S", "123": "W", "116": "W", "4": "S", "83": "W", "76": "W"}, {"14": "W", "91": "W", "39": "W", "77": "S", "119": "S", "123": "W", "116": "W"}, {"38": "W", "7": "W", "39": "W", "77": "S", "119": "S"}, {"96": "S", "77": "S", "119": "S"}, {"119": "S"}, {"119": "S"}, {"119": "S"}, {"55": "S"}, {"68": "S", "126": "S", "55": "S", "119": "S"}, {"73": "W", "42": "E", "11": "S", "145": "N", "159": "E", "8": "E", "23": "W", "72": "W", "80": "W", "82": "W", "19": "W", "36": "N", "63": "S", "20": "N", "3": "S", "69": "S", "124": "S", "157": "W", "105": "W", "175": "N", "27": "E", "6": "N", "104": "S", "132": "S", "133": "W", "153": "W", "162": "E", "134": "N", "87": "W", "143": "W", "10": "N", "115": "W", "172": "S", "9": "W", "44": "N", "30": "W", "155": "N", "160": "S", "146": "E", "54": "W", "67": "W", "45": "S", "90": "S", "161": "E", "118": "S", "163": "W", "135": "S", "92": "S", "102": "S", "164": "E", "100": "N", "122": "W", "60": "S", "50": "N", "107": "S", "112": "N", "114": "W", "37": "W", "139": "E", "110": "W", "156": "E", "75": "E", "86": "S", "48": "W", "25": "N", "136": "S", "61": "W", "165": "W", "127": "S", "47": "E", "101": "E", "18": "W", "62": "S", "99": "W", "151": "W", "70": "W", "0": "W", "16": "W", "2": "W", "111": "W", "125": "W", "88": "W", "65": "N", "106": "W", "29": "E", "81": "N", "49": "W", "51": "W", "144": "E", "152": "W", "109": "N", "138": "N", "46": "W", "150": "W", "176": "E", "147": "N", "149": "W", "169": "N"}, {"53": "W", "117": "W", "97": "W", "21": "W", "24": "W", "41": "W", "17": "S", "142": "W", "4": "S", "83": "W", "76": "W"}, {"53": "W", "117": "W", "97": "W", "17": "S", "4": "S", "83": "W"}, {"53": "W", "117": "W", "17": "S", "4": "S"}, {"53": "W", "17": "S", "4": "S"}, {"166": "S", "4": "S"}, {"108": "S", "166": "S", "17": "S", "4": "S"}, {"4": "S"}, {"108": "S", "166": "S", "17": "S", "4": "S"}, {"50": "W", "138": "N", "99": "W", "11": "S", "147": "E", "144": "E", "51": "W", "36": "E", "136": "S", "37": "W", "103": "W", "164": "E", "151": "N", "114": "W", "162": "W", "175": "N", "160": "S", "105": "W", "112": "S", "150": "S", "48": "W", "45": "S", "44": "E", "109": "N", "124": "W", "165": "S", "82": "W", "6": "N", "62": "S", "65": "N", "137": "W", "72": "W", "3": "W", "81": "N", "64": "E", "28": "S", "80": "S", "169": "E", "75": "S", "10": "W", "106": "W", "47": "N", "9": "W", "115": "W", "23": "N", "154": "W", "110": "W", "125": "W", "67": "S", "163": "W", "70": "W", "63": "N", "132": "W", "170": "S", "2": "N", "29": "E", "172": "S", "104": "S", "95": "E", "149": "W", "49": "W", "153": "W", "0": "W", "155": "N", "42": "W", "88": "S", "19": "W", "145": "N", "157": "W", "122": "W", "134": "N", "161": "N", "100": "N", "152": "W", "135": "S", "92": "S", "111": "W", "61": "N", "60": "N", "90": "S", "8": "S", "118": "S", "16": "W", "127": "S", "178": "N", "176": "E", "18": "S", "46": "W", "30": "W", "146": "E", "25": "W"}, {"89": "W", "123": "W", "142": "W", "116": "W", "83": "W"}, {"83": "W"}, {"83": "W"}, {"134": "N", "64": "E", "139": "E", "65": "E", "11": "E", "106": "W", "86": "S", "150": "S", "132": "S", "154": "N", "69": "S", "163": "N", "75": "E", "29": "E", "95": "E", "100": "N", "6": "N", "54": "S", "102": "E", "46": "E", "127": "S", "144": "N", "30": "W", "51": "W", "112": "E", "20": "N", "72": "W", "109": "N", "25": "W", "161": "N", "44": "E", "165": "E", "175": "N", "47": "E", "9": "W", "99": "S", "43": "S", "122": "W", "145": "N", "37": "W", "80": "W", "114": "S", "124": "S", "101": "N", "110": "W", "107": "S", "10": "W", "63": "E", "118": "N", "146": "E", "135": "S", "0": "W", "67": "E", "92": "S", "138": "W", "88": "W", "87": "W", "18": "S", "103": "W", "42": "N", "2": "W", "61": "S", "157": "W", "60": "N", "73": "W", "176": "E", "45": "S", "143": "W", "164": "S", "8": "E", "125": "N", "3": "S", "172": "S", "70": "W", "153": "W", "104": "E", "115": "W", "137": "S", "151": "W", "160": "S", "152": "W", "36": "N", "19": "S", "48": "W", "155": "N", "23": "N", "169": "E", "178": "N", "81": "W", "136": "W", "49": "W", "16": "W", "147": "S", "90": "S", "111": "W", "105": "S", "50": "N"}, {"38": "W", "7": "W", "32": "W", "39": "W", "41": "W", "123": "W", "142": "W", "116": "W", "83": "W"}, {"38": "W", "7": "W", "41": "W", "123": "W", "116": "W", "83": "W"}, {"38": "W", "123": "W", "116": "W", "83": "W"}, {"123": "W", "116": "W", "83": "W"}, {"70": "W", "75": "S", "63": "N", "107": "S", "37": "S", "51": "W", "69": "S", "16": "W", "47": "E", "46": "W", "92": "S", "9": "W", "150": "S", "115": "W", "160": "S", "105": "S", "90": "E", "147": "E", "163": "E", "54": "W", "73": "N", "30": "W", "11": "E", "135": "S", "103": "N", "127": "E", "118": "S", "99": "S", "23": "N", "149": "W", "8": "E", "61": "W", "124": "S", "67": "E", "80": "S", "101": "N", "72": "W", "104": "E", "157": "W", "110": "W", "25": "W", "164": "S", "178": "N", "172": "E", "29": "E", "2": "W", "49": "W", "162": "S", "133": "W", "81": "W", "95": "N", "153": "W", "42": "N", "100": "N", "122": "W", "36": "E", "145": "N", "134": "W", "169": "N", "146": "S", "137": "W", "6": "N", "102": "S", "10": "W", "87": "S", "60": "N", "139": "E", "152": "W", "20": "W", "86": "S", "19": "W", "112": "E", "0": "W", "64": "E", "151": "W", "138": "W", "155": "N", "50": "W", "170": "S", "165": "W", "144": "S", "48": "W", "125": "N", "111": "W", "82": "N", "65": "E", "88": "W", "27": "E", "43": "S", "114": "S", "176": "E", "136": "S", "18": "W", "45": "S"}, {"123": "W", "116": "W", "76": "W"}, {"123": "W"}, {"110": "N", "3": "W", "125": "W", "133": "N", "67": "E", "170": "W", "164": "S", "163": "N", "106": "S", "136": "S", "65": "E", "0": "W", "27": "E", "73": "N", "127": "W", "16": "W", "99": "W", "160": "E", "176": "E", "43": "S", "139": "E", "51": "W", "48": "W", "25": "N", "157": "W", "144": "E", "151": "N", "63": "N", "72": "W", "82": "S", "9": "W", "49": "W", "45": "S", "138": "W", "124": "N", "46": "S", "105": "S", "2": "N", "20": "E", "175": "E", "147": "S", "44": "N", "122": "W", "64": "S", "37": "S", "70": "W", "172": "S", "100": "N", "162": "S", "18": "S", "152": "W", "88": "W", "145": "W", "169": "N", "135": "E", "155": "N", "115": "S", "103": "W", "178": "N", "149": "W", "101": "E", "47": "E", "134": "N", "92": "S", "165": "S", "8": "N", "69": "S", "87": "W", "153": "N", "42": "N", "80": "E", "36": "W", "104": "E", "6": "N", "60": "E", "114": "S", "107": "E", "23": "N", "95": "N", "61": "S", "54": "E", "154": "W", "30": "W", "146": "S", "11": "S", "143": "W", "81": "N", "19": "W", "118": "E", "150": "S", "90": "E", "102": "E", "10": "W", "75": "S", "50": "W", "111": "N"}, {"41": "W", "142": "W", "76": "W"}, {"76": "W"}, {"37": "E", "151": "W", "72": "N", "61": "S", "82": "S", "104": "E", "110": "W", "144": "E", "149": "S", "122": "W", "163": "W", "155": "N", "106": "W", "178": "E", "9": "W", "170": "S", "19": "S", "25": "W", "30": "W", "11": "E", "6": "E", "90": "E", "152": "W", "103": "W", "65": "E", "101": "W", "18": "S", "107": "E", "118": "N", "139": "E", "115": "W", "51": "N", "147": "E", "175": "N", "23": "N", "134": "N", "87": "W", "160": "S", "49": "W", "105": "W", "54": "S", "133": "N", "42": "N", "154": "E", "63": "N", "60": "S", "88": "N", "47": "E", "20": "N", "46": "W", "36": "N", "16": "W", "145": "W", "157": "W", "8": "E", "114": "S", "45": "S", "44": "S", "70": "W", "176": "N", "73": "W", "3": "W", "99": "S", "124": "S", "2": "N", "169": "N", "138": "W", "102": "N", "69": "N", "153": "N", "10": "N", "161": "E", "27": "N", "127": "S", "162": "E", "150": "S", "80": "S", "164": "S", "125": "W", "50": "S", "75": "S", "111": "N", "137": "W", "43": "E", "92": "S"}, {"142": "W", "76": "W"}, {"76": "W"}, {"72": "N", "11": "E", "37": "E", "153": "N", "47": "E", "178": "E", "135": "S", "54": "W", "175": "N", "60": "W", "152": "W", "51": "W", "137": "W", "64": "S", "157": "W", "150": "S", "95": "E", "118": "S", "104": "E", "36": "N", "162": "E", "125": "N", "176": "E", "143": "S", "138": "S", "0": "N", "103": "N", "50": "N", "80": "W", "69": "S", "46": "W", "163": "W", "165": "S", "44": "E", "151": "W", "114": "W", "63": "N", "106": "W", "65": "E", "9": "W", "75": "S", "43": "E", "155": "W", "127": "S", "3": "W", "111": "N", "82": "S", "92": "S", "115": "W", "145": "N", "8": "E", "161": "N", "136": "W", "133": "N", "105": "S", "100": "N", "124": "W", "169": "N", "160": "S", "102": "E", "134": "W", "6": "E", "154": "W", "172": "S", "81": "N", "2": "N", "19": "S", "144": "E", "147": "E", "122": "S", "42": "N", "25": "N", "107": "E", "10": "N", "18": "S", "70": "W", "16": "W", "49": "W", "139": "E", "164": "S", "90": "E", "99": "S", "23": "N", "45": "S", "73": "W", "48": "W", "101": "N", "146": "N", "87": "S", "27": "E", "170": "S"}, {"142": "W", "41": "W"}, {"142": "W", "41": "W"}, {"24": "W", "142": "W"}, {"142": "S"}, {"135": "S", "36": "N", "155": "W", "73": "E", "149": "W", "164": "E", "72": "N", "54": "W", "65": "E", "110": "W", "42": "N", "80": "S", "114": "S", "176": "S", "105": "W", "51": "N", "161": "E", "106": "N", "30": "N", "50": "W", "160": "E", "81": "N", "63": "N", "151": "W", "133": "N", "45": "S", "170": "E", "92": "W", "69": "S", "143": "S", "163": "W", "162": "E", "137": "E", "46": "W", "115": "W", "147": "E", "150": "S", "27": "E", "61": "W", "25": "N", "172": "S", "134": "N", "153": "E", "16": "W", "125": "W", "165": "S", "82": "N", "75": "S", "3": "S", "169": "N", "178": "E", "2": "N", "152": "W", "122": "S", "138": "W", "145": "N", "8": "W", "60": "N", "102": "E", "18": "S", "144": "E", "9": "W", "47": "E", "175": "W", "0": "W", "136": "S", "154": "N", "100": "E", "11": "E", "139": "E", "127": "E", "101": "N", "118": "E", "43": "E", "44": "E", "87": "S", "64": "S", "95": "N", "49": "N", "48": "W", "23": "N", "10": "N", "146": "E", "111": "N", "157": "S", "103": "N", "124": "W", "37": "E"}, {"32": "W", "24": "W", "76": "W", "41": "W"}, {"32": "W"}, {"42": "N", "9": "W", "36": "N", "69": "S", "106": "N", "11": "E", "147": "E", "151": "N", "10": "N", "20": "N", "134": "N", "65": "E", "133": "N", "54": "S", "105": "S", "82": "E", "75": "S", "155": "N", "161": "E", "149": "W", "72": "N", "16": "W", "45": "S", "100": "N", "30": "W", "44": "E", "51": "N", "101": "N", "103": "N", "48": "W", "73": "N", "2": "N", "80": "S", "136": "W", "23": "N", "118": "E", "160": "S", "152": "N", "176": "E", "3": "S", "37": "E", "139": "E", "87": "S", "175": "N", "146": "E", "70": "W", "95": "W", "115": "N", "64": "E", "92": "S", "81": "N", "18": "S", "61": "W", "178": "E", "165": "W", "135": "E", "150": "E", "63": "E", "0": "W", "145": "N", "138": "W", "122": "W", "170": "S", "164": "E", "43": "E", "25": "W", "153": "N", "49": "N", "47": "E", "172": "S", "125": "W", "154": "W", "19": "W", "137": "S", "144": "S", "157": "W", "110": "W", "46": "S", "127": "S", "124": "S", "60": "E", "163": "W"}, {"140": "W", "41": "W"}, {"146": "N", "90": "E", "87": "S", "127": "S", "153": "N", "54": "S", "73": "N", "143": "E", "172": "E", "163": "N", "8": "S", "154": "S", "150": "E", "144": "S", "103": "N", "134": "N", "149": "W", "23": "W", "161": "E", "36": "N", "2": "N", "135": "E", "100": "W", "157": "W", "106": "N", "145": "E", "139": "E", "110": "W", "64": "S", "49": "N", "43": "E", "70": "W", "138": "W", "164": "E", "165": "W", "65": "E", "81": "W", "3": "S", "125": "N", "169": "W", "152": "N", "170": "S", "82": "E", "115": "W", "48": "S", "9": "S", "45": "S", "47": "E", "42": "N", "101": "N", "137": "S", "61": "S", "60": "E", "10": "W", "92": "S", "114": "W", "0": "N", "25": "N", "178": "E", "50": "E", "46": "W", "155": "W", "11": "E", "136": "W", "51": "W", "69": "W", "75": "S", "160": "E", "44": "E", "122": "E", "18": "S", "16": "W", "151": "W", "124": "E", "176": "E", "118": "E", "105": "S", "95": "N"}, {"97": "W", "171": "W", "66": "W", "142": "W", "41": "W"}, {"117": "W", "97": "W", "171": "W", "24": "W"}, {"53": "W", "117": "W"}, {"53": "W"}, {"157": "W", "115": "N", "122": "N", "118": "E", "149": "W", "163": "N", "136": "W", "127": "S", "143": "E", "51": "W", "100": "W", "54": "S", "70": "N", "169": "W", "87": "W", "25": "W", "146": "E", "135": "E", "145": "N", "50": "N", "153": "N", "172": "W", "36": "N", "75": "E", "11": "E", "43": "E", "49": "W", "160": "W", "101": "N", "125": "N", "176": "E", "105": "W", "154": "N", "82": "N", "69": "E", "16": "W", "0": "N", "18": "S", "165": "E", "64": "S", "30": "E", "138": "W", "9": "S", "81": "S", "61": "S", "60": "E", "110": "W", "80": "S", "47": "E", "170": "S", "92": "E", "48": "N", "161": "E", "65": "E", "164": "E", "155": "N", "45": "S", "102": "E", "103": "N", "10": "W", "134": "N", "42": "N", "137": "W", "44": "E", "8": "E", "73": "W", "151": "N", "152": "N", "150": "E"}, {"137": "S", "81": "N", "144": "N", "82": "E", "114": "W", "69": "W", "161": "N", "60": "E", "80": "S", "16": "W", "169": "N", "135": "E", "64": "S", "8": "E", "150": "E", "160": "W", "163": "N", "154": "N", "122": "S", "0": "N", "157": "W", "146": "E", "42": "N", "48": "E", "63": "N", "105": "S", "102": "E", "151": "W", "172": "S", "136": "W", "36": "N", "125": "N", "51": "N", "170": "E", "30": "W", "87": "S", "92": "W", "70": "W", "45": "S", "50": "N", "47": "E", "11": "N", "110": "N", "143": "E", "61": "S", "145": "E", "134": "N", "100": "N", "73": "S", "103": "N", "138": "W", "153": "N", "54": "W", "115": "W", "9": "S", "10": "W", "127": "S", "155": "N", "165": "W", "23": "N", "49": "W", "25": "W", "176": "S", "164": "E"}, {"161": "N", "105": "S", "157": "S", "137": "W", "50": "N", "49": "W", "100": "N", "136": "W", "81": "N", "80": "S", "63": "N", "165": "S", "102": "E", "152": "W", "45": "S", "115": "W", "143": "E", "139": "E", "110": "W", "138": "N", "9": "S", "73": "N", "61": "S", "87": "S", "163": "N", "154": "N", "64": "S", "101": "N", "160": "S", "134": "N", "82": "E", "65": "S", "23": "N", "54": "S", "124": "E", "25": "N", "153": "W", "151": "N", "16": "W", "146": "E", "70": "S", "10": "N", "0": "W", "144": "S", "133": "N", "8": "E", "92": "S", "30": "W", "42": "N", "164": "E", "170": "N", "51": "N", "125": "S", "169": "N", "155": "N", "2": "N", "69": "S", "118": "W", "150": "E", "103": "N"}, {"14": "W", "91": "W", "83": "W"}, {"14": "W", "91": "W"}, {"105": "S", "125": "W", "9": "W", "115": "W", "63": "N", "65": "N", "25": "N", "48": "S", "51": "W", "82": "N", "153": "E", "124": "S", "134": "N", "30": "N", "151": "N", "49": "W", "54": "S", "8": "E", "45": "W", "69": "S", "144": "N", "114": "S", "42": "N", "73": "N", "92": "S", "81": "N", "50": "W", "23": "S", "118": "N", "150": "E", "172": "E", "152": "W", "170": "E", "10": "N", "165": "S", "163": "N", "61": "S", "143": "E", "169": "N", "16": "W", "161": "E", "138": "W", "70": "W", "136": "S", "103": "N", "110": "N", "80": "S", "155": "W", "0": "N", "101": "N", "154": "W", "157": "S", "137": "S", "100": "N", "146": "E", "127": "S", "87": "E"}, {"142": "W"}, {"97": "W"}, {"117": "W"}, {"53": "W"}, {"16": "W", "45": "S", "10": "N", "23": "E", "0": "N", "127": "S", "54": "E", "146": "E", "100": "N", "50": "N", "118": "E", "152": "W", "110": "N", "153": "N", "87": "S", "143": "E", "8": "N", "70": "W", "103": "N", "136": "S", "102": "E", "30": "W", "69": "S", "138": "E", "42": "N", "63": "N", "114": "S", "134": "N", "80": "S", "81": "W", "122": "N", "154": "N", "170": "E", "157": "S", "124": "S", "137": "S", "165": "S", "49": "W", "169": "W", "82": "E", "163": "N", "161": "E", "92": "S", "172": "S", "144": "W", "155": "N", "51": "W", "48": "W", "25": "S", "160": "S", "9": "E", "73": "N", "105": "S"}, {"138": "N", "154": "N", "170": "E", "114": "S", "169": "N", "10": "N", "157": "S", "105": "S", "92": "S", "45": "S", "110": "N", "153": "N", "152": "N", "50": "N", "103": "N", "70": "W", "102": "E", "49": "W", "16": "W", "69": "S", "25": "N", "0": "W", "134": "N", "80": "S", "87": "W", "51": "S", "23": "N", "65": "E", "161": "N", "9": "S", "127": "S", "30": "N", "125": "E", "144": "W", "165": "S", "48": "W", "101": "N", "136": "S", "151": "N", "124": "S", "163": "N", "54": "S", "155": "N", "137": "S", "100": "E", "172": "N", "63": "W", "73": "N", "160": "W", "118": "N"}, {"124": "S", "81": "N", "100": "N", "80": "S", "103": "N", "170": "E", "157": "S", "50": "N", "169": "N", "138": "N", "23": "N", "54": "S", "161": "E", "153": "W", "65": "E", "0": "W", "144": "E", "48": "E", "163": "N", "30": "N", "151": "W", "9": "S", "92": "S", "160": "S", "25": "W", "114": "S", "102": "E", "172": "E", "73": "N", "165": "S", "70": "W", "10": "N", "125": "N", "82": "S", "118": "E", "110": "N", "16": "W", "69": "S", "45": "S", "49": "W", "134": "N", "105": "S", "152": "N", "101": "N", "136": "S", "137": "S", "51": "W"}, {"16": "S", "45": "S", "103": "N", "48": "S", "73": "N", "114": "S", "100": "N", "10": "E", "81": "W", "23": "N", "157": "W", "122": "S", "138": "W", "0": "S", "124": "E", "169": "N", "63": "E", "155": "N", "65": "E", "160": "E", "151": "N", "170": "N", "80": "S", "127": "S", "105": "S", "87": "W", "125": "S", "172": "S", "152": "N", "69": "S", "118": "E", "165": "E", "25": "N", "161": "E", "49": "W", "110": "N", "137": "S", "51": "W", "82": "S", "134": "N", "136": "S", "153": "W", "92": "S", "163": "N"}, {"116": "W"}, {"123": "W"}, {"114": "S", "73": "N", "100": "E", "138": "N", "45": "S", "23": "W", "170": "E", "134": "N", "63": "W", "16": "S", "65": "E", "144": "E", "110": "N", "81": "N", "105": "S", "101": "N", "69": "S", "25": "N", "160": "S", "122": "W", "136": "W", "172": "S", "103": "N", "80": "S", "48": "S", "10": "N", "155": "N", "157": "S", "50": "E", "165": "E", "163": "N", "87": "S", "82": "S", "51": "N", "169": "N", "152": "N", "151": "E", "49": "W", "161": "E", "124": "E", "137": "E", "92": "S"}, {"127": "E", "170": "E", "73": "N", "45": "S", "23": "E", "81": "N", "80": "S", "82": "E", "169": "E", "172": "W", "137": "E", "155": "E", "144": "N", "103": "N", "110": "E", "122": "W", "50": "N", "138": "N", "48": "E", "160": "N", "9": "S", "63": "N", "118": "S", "51": "S", "92": "S", "25": "N", "136": "W", "49": "W", "105": "S", "10": "S", "157": "E", "87": "S", "151": "N", "134": "E", "65": "E", "152": "N", "16": "W", "70": "N", "100": "E", "0": "W", "69": "S"}, {"23": "E", "136": "N", "80": "E", "50": "N", "51": "E", "134": "N", "10": "N", "73": "N", "82": "N", "63": "E", "170": "S", "70": "S", "144": "S", "65": "E", "81": "N", "87": "S", "25": "N", "157": "S", "172": "S", "16": "S", "92": "S", "137": "S", "151": "E", "160": "S", "49": "W", "127": "S", "103": "N", "122": "N", "45": "S", "105": "S", "169": "E", "69": "S", "138": "E", "125": "N", "48": "S", "110": "W", "155": "E"}, {"157": "S", "134": "N", "50": "N", "92": "S", "110": "W", "45": "S", "151": "E", "155": "E", "51": "W", "25": "N", "122": "N", "169": "E", "137": "E", "10": "N", "105": "S", "136": "S", "144": "N", "118": "S", "87": "S", "160": "S", "49": "W", "81": "N", "125": "N", "127": "E", "73": "E", "82": "N", "16": "S", "70": "W", "170": "E", "63": "N", "138": "N", "69": "S", "65": "E", "172": "S"}, {"125": "N", "160": "S", "105": "S", "82": "E", "73": "E", "87": "S", "110": "N", "137": "E", "16": "W", "172": "S", "69": "S", "122": "W", "144": "E", "134": "W", "157": "S", "169": "E", "138": "E", "136": "E", "70": "W", "49": "W", "151": "N", "118": "S", "92": "S", "51": "N", "10": "E", "45": "E", "65": "S"}, {"144": "S", "45": "E", "16": "S", "151": "N", "125": "N", "87": "E", "138": "N", "105": "S", "82": "E", "92": "S", "169": "E", "69": "E", "10": "N", "160": "S", "65": "E", "134": "N", "51": "N", "23": "W", "48": "S", "137": "E", "110": "N", "70": "E", "127": "N", "118": "S", "136": "E", "172": "E", "122": "N", "157": "S"}, {"92": "S", "118": "E", "160": "E", "136": "S", "105": "S", "87": "E", "151": "N", "10": "W", "127": "E", "144": "N", "125": "E", "70": "N", "82": "N", "16": "S", "122": "W", "138": "E", "137": "S", "69": "E", "65": "E", "51": "E", "172": "E", "23": "N", "45": "S", "48": "W"}, {"69": "S", "70": "N", "65": "N", "144": "W", "137": "E", "105": "E", "157": "S", "172": "S", "127": "S", "51": "N", "92": "S", "160": "E", "16": "S", "122": "N", "151": "W", "138": "N", "118": "E", "45": "E", "136": "S", "23": "N", "82": "E", "125": "N", "10": "N"}, {"23": "E", "160": "E", "136": "S", "125": "W", "70": "N", "172": "S", "16": "E", "65": "E", "138": "W", "45": "E", "92": "S", "144": "E", "118": "E", "127": "S", "151": "N", "105": "S", "69": "E", "122": "W", "51": "N"}, {"127": "S", "122": "W", "105": "W", "92": "E", "125": "N", "160": "W", "151": "W", "144": "E", "172": "S", "65": "E", "138": "W", "23": "N", "51": "W", "70": "S", "45": "S", "118": "E", "136": "S"}, {"118": "E", "144": "S", "160": "S", "136": "S", "127": "S", "23": "N", "138": "W", "10": "W", "122": "S", "105": "E", "151": "N", "172": "W", "51": "N", "125": "N", "65": "E", "45": "S", "70": "N"}, {"172": "S", "65": "E", "138": "N", "127": "W", "23": "W", "118": "E", "70": "N", "136": "S", "144": "E", "125": "N", "122": "W", "45": "W", "160": "S", "105": "E", "151": "W"}, {"138": "W", "125": "N", "105": "E", "122": "S", "70": "N", "160": "S", "172": "S", "127": "S", "92": "S", "23": "W", "118": "E", "151": "W", "136": "S", "144": "E"}, {"125": "W", "136": "S", "138": "S", "127": "S", "160": "E", "70": "W", "105": "E", "118": "E", "151": "W", "144": "N", "172": "S", "23": "W"}, {"122": "S", "127": "S", "172": "S", "105": "S", "151": "W", "136": "S", "160": "W", "70": "N", "23": "W", "125": "W", "144": "E", "138": "N", "118": "E"}, {"151": "W", "118": "E", "127": "S", "105": "S", "144": "E", "122": "E", "23": "N", "160": "S", "138": "W", "136": "S", "172": "S", "125": "N", "70": "S"}, {"23": "N", "151": "W", "105": "S", "118": "E", "144": "E", "127": "S", "136": "S", "160": "W", "138": "N", "172": "E", "70": "E", "125": "N"}, {"70": "E", "118": "E", "127": "S", "23": "N", "160": "S", "138": "N", "136": "S", "125": "N", "144": "S", "172": "E", "151": "N"}, {"138": "N", "160": "S", "144": "E", "70": "E", "118": "E", "23": "N", "151": "N", "136": "S", "125": "E", "127": "W"}, {"160": "E", "70": "N", "136": "S", "138": "N", "151": "N", "144": "E", "125": "E", "127": "S", "23": "E", "118": "E"}, {"118": "E", "70": "N", "127": "S", "151": "N", "136": "S", "138": "W", "23": "E", "144": "N"}, {"23": "N", "136": "E", "144": "E", "118": "E", "127": "W", "151": "E", "70": "N", "138": "W"}, {"70": "N", "23": "E", "118": "E", "151": "N", "144": "E", "136": "S", "127": "W", "138": "N"}, {"118": "E", "144": "E", "151": "S", "136": "E", "138": "N", "127": "S", "70": "W"}, {"151": "E", "70": "W", "138": "N", "127": "S", "118": "E", "144": "E", "136": "E"}, {"144": "E", "136": "N", "151": "E", "138": "N", "127": "E", "118": "E", "70": "W"}, {"70": "W", "151": "N", "144": "E"}, {"144": "E", "70": "S"}, {"70": "W", "144": "E"}, {"144": "E", "70": "S"}, {"70": "S", "144": "E"}, {"144": "E"}, {"144": "E"}, {"144": "E"}, {"144": "E"}, {"171": "N"}, {"171": "N"}, {"171": "E"}, {"171": "E"}, {"171": "E"}, {"171": "E"}, {"171": "E"}, {"171": "E"}, {"171": "E"}, {"171": "E"}, {"171": "N"}, {"171": "N"}, {"171": "E"}, {"171": "E"}, {"171": "E"}, {"171": "E"}, {"171": "N"}, {"171": "E"}, {"171": "E"}, {"171": "E"}, {"171": "E"}, {"171": "S"}, {"171": "S"}, {"171": "E"}, {"171": "E"}, {"171": "E"}, {"171": "E"}, {"171": "S"}, {"171": "E"}, {"171": "E"}, {"171": "E"}, {"171": "E"}, {"171": "E"}, {"171": "E"}, {"171": "E"}, {"171": "E"}, {"171": "E"}, {"171": "E"}, {"171": "E"}, {"171": "E"}, {"171": "E"}, {"52": "N"}, {"52": "N"}, {"52": "W"}, {"52": "W"}, {"52": "W"}, {"52": "W"}, {"52": "W"}, {"52": "W"}, {"52": "W"}, {"52": "W"}, {"52": "W"}, {"52": "N"}, {"52": "N"}, {"52": "N"}, {"52": "N"}, {"52": "N"}, {"52": "W"}, {"52": "N"}, {"52": "W"}, {"52": "N"}, {"52": "N"}, {"52": "N"}, {"52": "W"}, {"91": "E"}, {"91": "S"}, {"91": "E"}, {"91": "E"}, {"91": "E"}, {"91": "E"}, {"91": "E"}, {"91": "E"}, {"91": "E"}, {"91": "E"}, {"91": "E"}, {"91": "E"}, {"91": "N"}, {"91": "E"}, {"91": "E"}, {"91": "E"}, {"91": "S"}, {"91": "E"}, {"91": "E"}, {"91": "N"}, {"91": "N"}, {"91": "N"}, {"91": "E"}, {"91": "E"}, {"91": "E"}, {"91": "E"}, {"91": "E"}, {"91": "E"}, {"91": "E"}, {"91": "E"}, {"91": "E"}, {"91": "E"}, {"91": "E"}, {"91": "E"}, {"91": "E"}, {"91": "E"}, {"91": "E"}, {"91": "E"}, {"91": "E"}, {"91": "E"}, {"12": "N"}, {"12": "W"}, {"12": "W"}, {"12": "N"}, {"12": "W"}, {"12": "W"}, {"12": "W"}, {"12": "W"}, {"12": "N"}, {"12": "W"}, {"12": "W"}, {"12": "W"}, {"12": "W"}, {"12": "N"}, {"12": "N"}, {"12": "N"}, {"12": "N"}, {"12": "N"}, {"12": "N"}, {"12": "N"}, {"12": "N"}, {"12": "N"}, {"12": "N"}, {"12": "N"}, {"12": "N"}, {"12": "N"}, {"131": "W"}, {"131": "W"}, {"131": "W"}, {"131": "W"}, {"131": "W"}, {"131": "W"}, {"131": "W"}, {"131": "W"}, {"131": "W"}, {"131": "W"}, {"131": "W"}, {"131": "W"}, {"131": "N"}, {"131": "W"}, {"131": "W"}, {"131": "N"}, {"131": "N"}, {"131": "N"}, {"131": "N"}, {"131": "N"}, {"131": "N"}, {"131": "N"}, {"74": "W"}, {"74": "W"}, {"74": "W"}, {"74": "W"}, {"74": "W"}, {"74": "W"}, {"74": "W"}, {"74": "W"}, {"74": "W"}, {"74": "W"}, {"74": "N"}, {"74": "N"}, {"74": "N"}, {"74": "N"}, {"74": "N"}, {"74": "N"}, {"74": "N"}, {"74": "N"}, {"74": "N"}, {"74": "N"}, {"74": "N"}, {"74": "N"}, {"74": "N"}, {"74": "N"}, {"74": "N"}, {"74": "N"}, {"74": "N"}, {"94": "S"}, {"94": "S"}, {"94": "S"}, {"94": "E"}, {"94": "S"}, {"94": "S"}, {"94": "S"}, {"94": "S"}, {"94": "S"}, {"94": "W"}, {"94": "S"}, {"31": "W"}, {"31": "W"}, {"31": "W"}, {"31": "W"}, {"31": "W"}, {"31": "W"}, {"31": "W"}, {"31": "W"}, {"31": "W"}, {"31": "S"}, {"31": "W"}, {"31": "W"}, {"31": "W"}, {"31": "W"}, {"31": "N"}, {"31": "N"}, {"174": "W"}, {"174": "W"}, {"174": "W"}, {"174": "W"}, {"174": "W"}, {"174": "N"}, {"174": "W"}, {"174": "W"}, {"174": "W"}, {"174": "W"}, {"174": "W"}, {"174": "W"}, {"174": "W"}, {"174": "W"}, {"174": "W"}, {"174": "N"}, {"174": "N"}, {"14": "E"}, {"14": "S"}, {"14": "E"}, {"14": "E"}, {"14": "E"}, {"14": "E"}, {"14": "E"}, {"14": "E"}, {"14": "E"}, {"14": "E"}, {"14": "N"}, {"14": "E"}, {"14": "E"}, {"14": "E"}, {"14": "S"}, {"14": "E"}, {"14": "E"}, {"14": "N"}, {"14": "E"}, {"14": "E"}, {"14": "E"}, {"14": "S"}, {"14": "E"}, {"14": "E"}, {"14": "N"}, {"14": "E"}, {"14": "E"}, {"14": "E"}, {"14": "E"}, {"14": "E"}, {"14": "E"}, {"14": "E"}, {"14": "E"}, {"14": "E"}, {"14": "E"}, {"71": "S"}, {"71": "W"}, {"71": "W"}, {"71": "W"}, {"71": "W"}, {"71": "N"}, {"71": "W"}, {"71": "W"}, {"71": "W"}, {"71": "W"}, {"71": "W"}, {"71": "W"}, {"71": "W"}, {"71": "W"}, {"71": "W"}, {"71": "N"}, {"71": "W"}, {"71": "W"}, {"71": "W"}, {"71": "N"}, {"71": "N"}, {"71": "N"}, {"71": "N"}, {"38": "N"}, {"38": "E"}, {"38": "E"}, {"38": "E"}, {"38": "E"}, {"38": "E"}, {"38": "E"}, {"38": "E"}, {"38": "E"}, {"38": "E"}, {"38": "E"}, {"38": "E"}, {"38": "E"}, {"38": "E"}, {"38": "E"}, {"38": "E"}, {"38": "E"}, {"38": "E"}, {"38": "E"}, {"38": "E"}, {"38": "E"}, {"38": "E"}, {"38": "E"}, {"38": "E"}, {"38": "E"}, {"38": "E"}, {"38": "E"}, {"38": "E"}, {"38": "E"}, {"38": "E"}, {"38": "E"}, {"38": "E"}, {"128": "N"}, {"128": "N"}, {"128": "N"}, {"128": "N"}, {"128": "N"}, {"128": "N"}, {"128": "N"}, {"128": "N"}, {"128": "N"}, {"128": "N"}, {"128": "N"}, {"128": "N"}, {"128": "N"}, {"128": "N"}, {"128": "N"}, {"128": "E"}, {"128": "E"}, {"128": "E"}, {"128": "E"}, {"128": "E"}, {"128": "E"}, {"128": "E"}, {"128": "E"}, {"66": "E"}, {"66": "N"}, {"66": "N"}, {"66": "E"}, {"66": "E"}, {"66": "E"}, {"66": "E"}, {"66": "E"}, {"66": "N"}, {"66": "N"}, {"66": "E"}, {"66": "E"}, {"66": "E"}, {"66": "E"}, {"66": "N"}, {"66": "E"}, {"66": "E"}, {"66": "E"}, {"66": "E"}, {"66": "S"}, {"66": "S"}, {"66": "E"}, {"66": "E"}, {"66": "E"}, {"66": "E"}, {"66": "S"}, {"59": "E"}, {"59": "N"}, {"59": "N"}, {"59": "N"}, {"59": "N"}, {"59": "N"}, {"59": "N"}, {"59": "N"}, {"59": "N"}, {"59": "E"}, {"59": "N"}, {"59": "N"}, {"59": "N"}, {"59": "N"}, {"59": "N"}, {"59": "N"}, {"59": "N"}, {"59": "E"}, {"59": "E"}, {"59": "E"}, {"59": "E"}, {"59": "E"}, {"26": "N"}, {"26": "N"}, {"26": "N"}, {"26": "N"}, {"26": "N"}, {"26": "N"}, {"26": "N"}, {"26": "N"}, {"26": "E"}, {"26": "E"}, {"26": "E"}, {"26": "E"}, {"26": "E"}, {"26": "E"}, {"26": "E"}, {"26": "E"}, {"93": "N"}, {"93": "W"}, {"93": "W"}, {"93": "W"}, {"93": "N"}, {"93": "N"}, {"93": "W"}, {"93": "W"}, {"93": "W"}, {"93": "W"}, {"93": "W"}, {"93": "W"}, {"93": "W"}, {"93": "W"}, {"93": "W"}, {"93": "W"}, {"93": "W"}, {"93": "W"}, {"93": "W"}, {"93": "W"}, {"93": "N"}, {"93": "W"}, {"93": "W"}, {"93": "W"}, {"93": "W"}, {"93": "N"}, {"93": "N"}, {"93": "N"}, {"93": "N"}, {"93": "N"}, {"93": "N"}, {"93": "W"}, {"93": "W"}, {"93": "N"}, {"56": "S"}, {"56": "W"}, {"56": "W"}, {"56": "W"}, {"56": "W"}, {"56": "W"}, {"56": "S"}, {"56": "W"}, {"56": "W"}, {"56": "W"}, {"56": "W"}, {"56": "W"}, {"56": "W"}, {"56": "W"}, {"56": "W"}, {"56": "W"}, {"56": "W"}, {"56": "N"}, {"173": "W"}, {"173": "W"}, {"173": "W"}, {"173": "W"}, {"173": "W"}, {"173": "W"}, {"173": "W"}, {"173": "W"}, {"173": "W"}, {"173": "W"}, {"173": "W"}, {"173": "W"}, {"173": "W"}, {"173": "W"}, {"173": "W"}, {"173": "W"}, {"173": "N"}, {"173": "W"}, {"173": "W"}, {"173": "W"}, {"173": "W"}, {"173": "N"}, {"173": "N"}, {"173": "N"}, {"173": "N"}, {"173": "N"}, {"173": "N"}, {"173": "W"}, {"173": "W"}, {"129": "W"}, {"129": "N"}, {"129": "N"}, {"129": "N"}, {"129": "N"}, {"129": "E"}, {"129": "N"}, {"129": "N"}, {"129": "W"}, {"129": "N"}, {"129": "N"}, {"129": "N"}, {"129": "E"}, {"129": "N"}, {"129": "N"}, {"129": "N"}, {"129": "E"}, {"129": "N"}, {"129": "N"}, {"129": "N"}, {"129": "N"}, {"129": "W"}, {"129": "N"}, {"129": "W"}, {"129": "N"}, {"129": "N"}, {"129": "N"}, {"129": "N"}, {"129": "N"}, {"129": "E"}, {"129": "E"}, {"129": "N"}, {"129": "N"}, {"129": "N"}, {"129": "N"}, {"129": "W"}, {"129": "N"}, {"129": "N"}, {"129": "W"}, {"129": "W"}, {"129": "N"}, {"129": "W"}, {"129": "W"}, {"129": "W"}, {"130": "W"}, {"130": "W"}, {"130": "N"}, {"130": "W"}, {"130": "W"}, {"130": "W"}, {"130": "W"}, {"130": "W"}, {"130": "W"}, {"130": "W"}, {"130": "W"}, {"130": "W"}, {"130": "W"}, {"130": "W"}, {"130": "W"}, {"130": "W"}, {"130": "W"}, {"130": "N"}, {"130": "W"}, {"130": "W"}, {"130": "W"}, {"130": "W"}, {"130": "N"}, {"130": "N"}, {"130": "N"}, {"130": "N"}, {"130": "N"}, {"130": "N"}, {"130": "W"}, {"130": "N"}, {"130": "N"}, {"130": "W"}, {"130": "W"}, {"130": "N"}, {"130": "W"}, {"130": "W"}, {"130": "S"}, {"120": "S"}, {"120": "S"}, {"120": "S"}, {"120": "S"}, {"120": "S"}, {"120": "E"}, {"120": "E"}, {"120": "S"}, {"120": "S"}, {"120": "E"}, {"120": "S"}, {"120": "S"}, {"120": "S"}, {"120": "S"}, {"120": "E"}, {"120": "E"}, {"120": "E"}, {"120": "E"}, {"120": "S"}, {"120": "S"}, {"120": "S"}, {"120": "S"}, {"120": "E"}, {"17": "W"}, {"17": "N"}, {"17": "N"}, {"17": "N"}, {"17": "N"}, {"17": "N"}, {"17": "N"}, {"17": "N"}, {"17": "N"}, {"17": "E"}, {"17": "E"}, {"17": "N"}, {"17": "E"}, {"17": "E"}, {"17": "N"}, {"17": "N"}, {"17": "N"}, {"17": "N"}, {"17": "N"}, {"17": "N"}, {"17": "E"}, {"17": "E"}, {"17": "E"}, {"77": "N"}, {"77": "N"}, {"77": "N"}, {"77": "N"}, {"77": "N"}, {"77": "N"}, {"77": "E"}, {"77": "E"}, {"77": "E"}, {"77": "E"}, {"77": "N"}, {"77": "E"}, {"77": "N"}, {"77": "E"}, {"77": "N"}, {"77": "E"}, {"77": "N"}, {"77": "E"}, {"77": "E"}, {"13": "N"}, {"13": "N"}, {"13": "N"}, {"13": "N"}, {"13": "N"}, {"13": "N"}, {"13": "N"}, {"13": "N"}, {"13": "E"}, {"13": "E"}, {"13": "E"}, {"158": "N"}, {"158": "W"}, {"158": "W"}, {"158": "W"}, {"158": "N"}, {"158": "W"}, {"158": "W"}, {"158": "W"}, {"158": "W"}, {"158": "W"}, {"158": "W"}, {"158": "W"}, {"158": "S"}, {"158": "W"}, {"158": "W"}, {"158": "W"}, {"158": "W"}, {"158": "W"}, {"158": "W"}, {"158": "N"}, {"158": "W"}, {"158": "W"}, {"158": "W"}, {"158": "W"}, {"158": "W"}, {"158": "N"}, {"158": "N"}, {"158": "W"}, {"158": "N"}, {"158": "N"}, {"158": "W"}, {"158": "W"}, {"158": "N"}, {"158": "W"}, {"158": "W"}, {"158": "N"}, {"158": "W"}, {"158": "W"}, {"158": "S"}, {"158": "S"}, {"158": "S"}, {"158": "S"}, {"158": "S"}, {"158": "E"}, {"158": "E"}, {"158": "S"}, {"89": "E"}, {"89": "N"}, {"89": "N"}, {"89": "N"}, {"89": "N"}, {"89": "N"}, {"89": "N"}, {"89": "N"}, {"89": "N"}, {"89": "N"}, {"89": "N"}, {"89": "N"}, {"89": "N"}, {"89": "N"}, {"89": "N"}, {"89": "E"}, {"89": "N"}, {"89": "N"}, {"89": "N"}, {"89": "N"}, {"89": "E"}, {"89": "E"}, {"89": "E"}, {"89": "E"}, {"89": "E"}, {"83": "E"}, {"83": "E"}, {"83": "S"}, {"83": "E"}, {"83": "E"}, {"83": "E"}, {"83": "E"}, {"83": "E"}, {"83": "N"}, {"83": "E"}, {"83": "E"}, {"83": "E"}, {"83": "S"}, {"83": "E"}, {"83": "E"}, {"83": "N"}, {"83": "E"}, {"83": "E"}, {"83": "E"}, {"119": "N"}, {"119": "N"}, {"119": "N"}, {"119": "N"}, {"119": "E"}, {"119": "E"}, {"119": "E"}, {"119": "E"}, {"119": "E"}, {"119": "E"}, {"119": "E"}, {"35": "N"}, {"35": "W"}, {"35": "N"}, {"35": "N"}, {"35": "N"}, {"35": "N"}, {"35": "N"}, {"35": "N"}, {"35": "N"}, {"35": "N"}, {"35": "N"}, {"35": "N"}, {"35": "N"}, {"35": "N"}, {"35": "N"}, {"177": "W"}, {"177": "W"}, {"177": "N"}, {"177": "N"}, {"177": "N"}, {"177": "W"}, {"177": "N"}, {"177": "N"}, {"177": "N"}, {"177": "N"}, {"177": "N"}, {"177": "N"}, {"177": "N"}, {"177": "N"}, {"177": "W"}, {"177": "N"}, {"177": "N"}, {"177": "N"}, {"177": "N"}, {"177": "W"}, {"177": "N"}, {"177": "N"}, {"177": "N"}, {"177": "N"}, {"166": "W"}, {"166": "W"}, {"166": "N"}, {"166": "N"}, {"166": "N"}, {"166": "E"}, {"166": "N"}, {"166": "N"}, {"166": "N"}, {"166": "N"}, {"166": "N"}, {"166": "N"}, {"166": "N"}, {"166": "N"}, {"166": "N"}, {"166": "W"}, {"166": "N"}, {"166": "N"}, {"166": "W"}, {"166": "N"}, {"166": "W"}, {"166": "N"}, {"166": "N"}, {"166": "N"}, {"166": "N"}, {"166": "N"}, {"166": "N"}, {"166": "N"}, {"166": "N"}, {"57": "W"}, {"57": "W"}, {"57": "W"}, {"57": "W"}, {"57": "S"}, {"57": "S"}, {"57": "S"}, {"57": "W"}, {"57": "S"}, {"57": "S"}, {"57": "W"}, {"57": "S"}, {"57": "S"}, {"57": "W"}, {"57": "S"}, {"40": "N"}, {"40": "N"}, {"40": "N"}, {"40": "N"}, {"40": "N"}, {"40": "W"}, {"40": "N"}, {"40": "W"}, {"40": "N"}, {"40": "N"}, {"40": "W"}, {"40": "W"}, {"40": "N"}, {"40": "N"}, {"40": "N"}, {"40": "N"}, {"40": "E"}, {"40": "N"}, {"40": "N"}, {"40": "W"}, {"40": "N"}, {"40": "W"}, {"40": "N"}, {"40": "W"}, {"40": "N"}, {"40": "N"}, {"40": "N"}, {"40": "N"}, {"40": "N"}, {"40": "W"}, {"40": "W"}, {"40": "W"}, {"40": "W"}, {"40": "W"}, {"40": "N"}, {"40": "N"}, {"40": "E"}, {"40": "E"}, {"40": "E"}, {"40": "E"}, {"40": "E"}, {"142": "N"}, {"142": "E"}, {"142": "E"}, {"142": "E"}, {"142": "N"}, {"142": "E"}, {"142": "N"}, {"142": "N"}, {"142": "N"}, {"142": "N"}, {"142": "N"}, {"142": "N"}, {"142": "N"}, {"142": "N"}, {"142": "N"}, {"142": "N"}, {"142": "N"}, {"142": "E"}, {"142": "N"}, {"142": "E"}, {"142": "E"}, {"142": "E"}, {"142": "E"}, {"53": "N"}, {"53": "N"}, {"53": "N"}, {"53": "N"}, {"53": "N"}, {"53": "N"}, {"53": "N"}, {"53": "N"}, {"53": "N"}, {"53": "N"}, {"53": "N"}, {"53": "N"}, {"53": "N"}, {"53": "E"}, {"53": "E"}, {"53": "E"}, {"53": "E"}, {"53": "E"}, {"53": "E"}, {"53": "E"}, {"53": "E"}, {"53": "E"}, {"53": "E"}, {"53": "E"}, {"53": "E"}, {"53": "E"}, {"53": "E"}, {"53": "E"}, {"53": "E"}, {"96": "E"}, {"96": "N"}, {"96": "N"}, {"96": "N"}, {"96": "N"}, {"96": "N"}, {"96": "N"}, {"96": "N"}, {"96": "E"}, {"96": "E"}, {"96": "E"}, {"96": "N"}, {"96": "E"}, {"96": "N"}, {"108": "W"}, {"108": "N"}, {"108": "N"}, {"108": "N"}, {"108": "N"}, {"108": "N"}, {"108": "N"}, {"108": "N"}, {"108": "N"}, {"108": "N"}, {"108": "N"}, {"108": "W"}, {"108": "N"}, {"108": "N"}, {"108": "W"}, {"108": "N"}, {"108": "W"}, {"108": "N"}, {"108": "N"}, {"108": "W"}, {"108": "N"}, {"108": "W"}, {"108": "N"}, {"108": "W"}, {"108": "N"}, {"108": "N"}, {"108": "N"}, {"108": "N"}, {"108": "W"}, {"108": "N"}, {"108": "N"}, {"108": "E"}, {"76": "N"}, {"76": "N"}, {"76": "E"}, {"76": "N"}, {"76": "N"}, {"76": "N"}, {"76": "N"}, {"76": "N"}, {"76": "N"}, {"76": "N"}, {"76": "N"}, {"76": "E"}, {"76": "N"}, {"76": "E"}, {"76": "E"}, {"76": "E"}, {"116": "N"}, {"116": "N"}, {"116": "N"}, {"116": "N"}, {"116": "N"}, {"116": "N"}, {"116": "N"}, {"116": "N"}, {"116": "E"}, {"116": "E"}, {"116": "E"}, {"116": "E"}, {"116": "E"}, {"116": "E"}, {"116": "E"}, {"4": "N"}, {"4": "N"}, {"4": "N"}, {"4": "N"}, {"4": "N"}, {"4": "N"}, {"4": "N"}, {"4": "E"}, {"4": "N"}, {"4": "E"}, {"4": "E"}, {"4": "N"}, {"4": "N"}, {"179": "W"}, {"179": "W"}, {"179": "W"}, {"179": "W"}, {"179": "W"}, {"179": "S"}, {"179": "S"}, {"179": "W"}, {"179": "S"}, {"179": "S"}, {"179": "S"}, {"179": "S"}, {"179": "W"}, {"179": "S"}, {"68": "W"}, {"68": "N"}, {"68": "N"}, {"68": "N"}, {"68": "W"}, {"68": "W"}, {"68": "W"}, {"68": "W"}, {"68": "W"}, {"68": "N"}, {"68": "N"}, {"68": "N"}, {"68": "N"}, {"68": "N"}, {"68": "N"}, {"68": "W"}, {"68": "N"}, {"68": "W"}, {"68": "N"}, {"68": "N"}, {"68": "W"}, {"68": "N"}, {"68": "W"}, {"68": "N"}, {"68": "N"}, {"68": "W"}, {"68": "N"}, {"68": "W"}, {"68": "N"}, {"68": "N"}, {"68": "N"}, {"68": "N"}, {"68": "N"}, {"98": "W"}, {"98": "N"}, {"98": "N"}, {"98": "W"}, {"98": "W"}, {"98": "N"}, {"98": "N"}, {"98": "N"}, {"98": "N"}, {"98": "N"}, {"98": "N"}, {"98": "W"}, {"98": "N"}, {"98": "W"}, {"98": "N"}, {"98": "N"}, {"98": "W"}, {"98": "N"}, {"98": "W"}, {"98": "N"}, {"98": "N"}, {"98": "W"}, {"98": "N"}, {"98": "W"}, {"98": "N"}, {"98": "N"}, {"98": "N"}, {"98": "N"}, {"7": "N"}, {"7": "E"}, {"7": "E"}, {"7": "E"}, {"7": "E"}, {"7": "E"}, {"7": "E"}, {"7": "E"}, {"7": "E"}, {"7": "E"}, {"7": "N"}, {"7": "N"}, {"7": "N"}, {"7": "E"}, {"41": "N"}, {"41": "N"}, {"41": "E"}, {"41": "N"}, {"41": "E"}, {"41": "N"}, {"41": "N"}, {"41": "N"}, {"41": "N"}, {"41": "N"}, {"41": "N"}, {"41": "N"}, {"41": "N"}, {"41": "E"}, {"41": "E"}, {"41": "E"}, {"123": "N"}, {"123": "N"}, {"123": "E"}, {"123": "E"}, {"123": "E"}, {"123": "E"}, {"123": "E"}, {"123": "E"}, {"123": "E"}, {"123": "E"}, {"123": "E"}, {"123": "E"}, {"123": "N"}, {"123": "E"}, {"123": "E"}, {"55": "W"}, {"55": "N"}, {"55": "N"}, {"55": "N"}, {"55": "N"}, {"55": "N"}, {"55": "W"}, {"55": "W"}, {"55": "W"}, {"55": "W"}, {"55": "W"}, {"55": "N"}, {"55": "N"}, {"55": "N"}, {"55": "N"}, {"55": "N"}, {"55": "N"}, {"55": "W"}, {"55": "N"}, {"55": "W"}, {"55": "N"}, {"55": "N"}, {"55": "W"}, {"55": "N"}, {"55": "W"}, {"55": "N"}, {"55": "N"}, {"55": "W"}, {"55": "N"}, {"55": "W"}, {"55": "N"}, {"55": "N"}, {"55": "N"}, {"84": "W"}, {"84": "W"}, {"84": "W"}, {"84": "S"}, {"84": "W"}, {"84": "W"}, {"84": "W"}, {"84": "S"}, {"84": "S"}, {"84": "S"}, {"84": "S"}, {"84": "S"}, {"84": "S"}, {"84": "S"}, {"84": "S"}, {"84": "S"}, {"84": "S"}, {"84": "S"}, {"84": "S"}, {"84": "S"}, {"84": "W"}, {"84": "S"}, {"84": "W"}, {"84": "S"}, {"84": "W"}, {"84": "S"}, {"84": "W"}, {"84": "S"}, {"168": "N"}, {"168": "W"}, {"168": "W"}, {"168": "W"}, {"168": "W"}, {"168": "W"}, {"168": "W"}, {"168": "W"}, {"168": "W"}, {"168": "W"}, {"168": "W"}, {"168": "W"}, {"168": "W"}, {"168": "W"}, {"168": "W"}, {"168": "W"}, {"168": "N"}, {"168": "N"}, {"168": "W"}, {"168": "W"}, {"168": "N"}, {"168": "W"}, {"168": "W"}, {"168": "W"}, {"168": "W"}, {"168": "W"}, {"168": "W"}, {"168": "W"}, {"32": "N"}, {"32": "E"}, {"32": "E"}, {"32": "N"}, {"32": "E"}, {"32": "N"}, {"32": "N"}, {"32": "E"}, {"32": "E"}, {"32": "E"}, {"32": "E"}, {"32": "E"}, {"32": "E"}, {"32": "N"}, {"32": "E"}, {"121": "W"}, {"121": "W"}, {"121": "W"}, {"121": "W"}, {"121": "W"}, {"121": "W"}, {"121": "W"}, {"121": "W"}, {"121": "W"}, {"121": "S"}, {"121": "S"}, {"121": "W"}, {"121": "W"}, {"121": "W"}, {"121": "W"}, {"121": "W"}, {"121": "W"}, {"121": "S"}, {"121": "S"}, {"121": "W"}, {"121": "S"}, {"121": "S"}, {"121": "W"}, {"121": "S"}, {"121": "S"}, {"121": "W"}, {"121": "W"}, {"121": "S"}, {"121": "S"}, {"121": "W"}, {"121": "S"}, {"121": "S"}, {"121": "S"}, {"121": "S"}, {"121": "E"}, {"121": "E"}, {"121": "N"}, {"121": "E"}, {"121": "E"}, {"121": "S"}, {"121": "S"}, {"121": "S"}, {"121": "S"}, {"121": "E"}, {"121": "S"}, {"126": "W"}, {"126": "N"}, {"126": "N"}, {"126": "W"}, {"126": "W"}, {"126": "W"}, {"126": "W"}, {"126": "W"}, {"126": "W"}, {"126": "W"}, {"126": "N"}, {"126": "N"}, {"126": "N"}, {"126": "N"}, {"126": "N"}, {"126": "N"}, {"126": "N"}, {"126": "N"}, {"126": "N"}, {"126": "N"}, {"126": "N"}, {"85": "W"}, {"85": "W"}, {"85": "W"}, {"85": "W"}, {"85": "W"}, {"85": "W"}, {"85": "W"}, {"85": "W"}, {"85": "W"}, {"85": "W"}, {"85": "N"}, {"85": "N"}, {"85": "N"}, {"85": "W"}, {"85": "W"}, {"85": "W"}, {"85": "W"}, {"85": "W"}, {"85": "W"}, {"85": "W"}, {"85": "W"}, {"85": "W"}, {"85": "W"}, {"85": "W"}, {"85": "W"}, {"85": "W"}, {"85": "W"}, {"85": "W"}, {"85": "W"}, {"85": "W"}, {"85": "W"}, {"85": "W"}, {"85": "S"}, {"85": "S"}, {"85": "S"}, {"85": "S"}, {"85": "W"}, {"85": "S"}, {"85": "S"}, {"85": "W"}, {"85": "S"}, {"85": "S"}, {"85": "S"}, {"85": "E"}, {"85": "E"}, {"167": "W"}, {"167": "W"}, {"167": "S"}, {"167": "W"}, {"167": "W"}, {"167": "W"}, {"167": "W"}, {"167": "W"}, {"167": "W"}, {"167": "W"}, {"167": "W"}, {"167": "W"}, {"167": "S"}, {"167": "S"}, {"167": "S"}, {"167": "S"}, {"167": "S"}, {"167": "S"}, {"167": "W"}, {"167": "S"}, {"167": "S"}, {"167": "W"}, {"167": "S"}, {"167": "S"}, {"167": "S"}, {"167": "S"}, {"167": "E"}, {"167": "E"}, {"5": "S"}, {"5": "S"}, {"5": "S"}, {"5": "S"}, {"5": "S"}, {"5": "S"}, {"5": "S"}, {"5": "S"}, {"5": "S"}, {"5": "S"}, {"5": "S"}, {"5": "S"}, {"5": "E"}, {"5": "E"}, {"5": "E"}, {"5": "E"}, {"5": "E"}, {"5": "E"}, {"5": "E"}, {"5": "E"}, {"5": "S"}, {"5": "E"}, {"5": "E"}, {"5": "E"}, {"5": "E"}, {"5": "S"}, {"5": "E"}, {"5": "E"}, {"21": "N"}, {"21": "N"}, {"21": "E"}, {"21": "N"}, {"21": "N"}, {"21": "N"}, {"21": "N"}, {"21": "N"}, {"21": "N"}, {"21": "N"}, {"21": "N"}, {"21": "E"}, {"21": "E"}, {"21": "E"}, {"141": "W"}, {"141": "W"}, {"141": "W"}, {"141": "W"}, {"141": "W"}, {"141": "W"}, {"141": "W"}, {"141": "W"}, {"141": "W"}, {"141": "W"}, {"141": "W"}, {"141": "W"}, {"141": "W"}, {"141": "W"}, {"141": "S"}, {"141": "W"}, {"141": "W"}, {"141": "S"}, {"141": "W"}, {"141": "W"}, {"141": "S"}, {"141": "S"}, {"141": "S"}, {"141": "S"}, {"141": "S"}, {"141": "E"}, {"141": "S"}, {"141": "S"}, {"141": "W"}, {"141": "W"}, {"141": "N"}, {"140": "E"}, {"140": "S"}, {"140": "S"}, {"140": "S"}, {"140": "S"}, {"140": "S"}, {"140": "S"}, {"140": "E"}, {"140": "E"}, {"140": "E"}, {"140": "E"}, {"34": "W"}, {"34": "S"}, {"34": "W"}, {"34": "W"}, {"34": "W"}, {"34": "W"}, {"34": "W"}, {"34": "W"}, {"34": "W"}, {"34": "W"}, {"34": "S"}, {"34": "S"}, {"34": "S"}, {"34": "S"}, {"34": "S"}, {"34": "S"}, {"34": "S"}, {"34": "S"}, {"34": "W"}, {"34": "S"}, {"34": "S"}, {"34": "S"}, {"34": "S"}, {"34": "S"}, {"34": "W"}, {"34": "S"}, {"34": "S"}, {"34": "S"}, {"34": "S"}, {"34": "E"}, {"34": "E"}, {"34": "S"}, {"1": "W"}, {"1": "W"}, {"1": "W"}, {"1": "W"}, {"1": "S"}, {"1": "S"}, {"1": "W"}, {"1": "W"}, {"1": "W"}, {"1": "W"}, {"1": "W"}, {"1": "W"}, {"1": "S"}, {"1": "S"}, {"1": "S"}, {"1": "S"}, {"1": "S"}, {"1": "S"}, {"1": "S"}, {"1": "S"}, {"1": "S"}, {"1": "S"}, {"1": "S"}, {"1": "S"}, {"1": "S"}, {"1": "W"}, {"1": "S"}, {"1": "S"}, {"1": "S"}, {"1": "E"}, {"113": "W"}, {"113": "S"}, {"113": "W"}, {"113": "S"}, {"113": "S"}, {"113": "W"}, {"113": "S"}, {"113": "S"}, {"113": "W"}, {"113": "S"}, {"113": "S"}, {"113": "W"}, {"113": "W"}, {"113": "S"}, {"113": "S"}, {"113": "W"}, {"113": "S"}, {"113": "S"}, {"113": "S"}, {"113": "S"}, {"113": "S"}, {"113": "W"}, {"113": "S"}, {"113": "S"}, {"113": "S"}, {"113": "S"}, {"113": "S"}, {"113": "S"}, {"113": "S"}, {"113": "S"}, {"113": "E"}, {"113": "E"}, {"113": "E"}, {"113": "S"}, {"113": "E"}, {"113": "E"}, {"113": "E"}, {"113": "S"}, {"15": "W"}, {"15": "S"}, {"15": "S"}, {"15": "S"}, {"15": "S"}, {"15": "S"}, {"15": "S"}, {"15": "S"}, {"15": "S"}, {"15": "W"}, {"15": "W"}, {"15": "S"}, {"15": "S"}, {"15": "W"}, {"15": "S"}, {"15": "S"}, {"15": "S"}, {"15": "S"}, {"15": "S"}, {"15": "W"}, {"15": "S"}, {"15": "S"}, {"15": "S"}, {"15": "S"}, {"15": "S"}, {"15": "S"}, {"15": "S"}, {"15": "S"}, {"15": "S"}, {"15": "S"}, {"15": "S"}, {"15": "E"}, {"15": "E"}, {"15": "E"}, {"15": "S"}, {"15": "S"}, {"15": "E"}, {"15": "E"}, {"15": "N"}, {"15": "E"}, {"148": "E"}, {"148": "S"}, {"148": "S"}, {"148": "S"}, {"148": "S"}, {"148": "S"}, {"148": "E"}, {"148": "E"}, {"148": "S"}, {"148": "E"}, {"148": "E"}, {"148": "S"}, {"148": "S"}, {"148": "E"}, {"148": "S"}, {"148": "S"}, {"148": "S"}, {"148": "S"}, {"148": "S"}, {"148": "S"}, {"148": "S"}, {"148": "W"}, {"148": "S"}, {"148": "W"}, {"148": "S"}, {"148": "S"}, {"148": "S"}, {"148": "W"}, {"148": "S"}, {"148": "S"}, {"148": "S"}, {"148": "W"}, {"148": "S"}, {"148": "S"}, {"148": "S"}, {"148": "S"}, {"148": "S"}, {"148": "S"}, {"148": "W"}, {"33": "S"}, {"33": "S"}, {"33": "S"}, {"33": "S"}, {"33": "S"}, {"33": "S"}, {"33": "S"}, {"33": "W"}, {"33": "S"}, {"33": "S"}, {"33": "W"}, {"33": "S"}, {"33": "S"}, {"33": "S"}, {"33": "S"}, {"33": "S"}, {"33": "W"}, {"33": "S"}, {"33": "S"}, {"33": "S"}, {"33": "S"}, {"33": "S"}, {"33": "S"}, {"33": "S"}, {"33": "S"}, {"33": "S"}, {"33": "S"}, {"33": "S"}, {"33": "S"}, {"33": "S"}, {"33": "E"}, {"33": "E"}, {"33": "S"}, {"33": "E"}, {"33": "E"}, {"33": "S"}, {"33": "E"}, {"33": "E"}, {"33": "E"}, {"33": "E"}, {"24": "S"}, {"24": "E"}, {"24": "E"}, {"24": "E"}, {"24": "E"}, {"24": "S"}, {"24": "S"}, {"24": "E"}, {"24": "E"}, {"24": "E"}, {"24": "S"}, {"24": "E"}, {"24": "S"}, {"117": "S"}, {"117": "S"}, {"117": "S"}, {"117": "S"}, {"117": "E"}, {"117": "E"}, {"117": "E"}, {"117": "E"}, {"117": "E"}, {"117": "E"}, {"117": "E"}, {"117": "E"}, {"117": "E"}, {"117": "E"}, {"117": "E"}, {"117": "E"}, {"117": "E"}, {"22": "S"}, {"22": "S"}, {"22": "S"}, {"22": "S"}, {"22": "S"}, {"22": "W"}, {"22": "S"}, {"22": "S"}, {"22": "W"}, {"22": "W"}, {"22": "S"}, {"22": "S"}, {"22": "W"}, {"22": "S"}, {"22": "S"}, {"22": "S"}, {"22": "S"}, {"22": "S"}, {"22": "W"}, {"22": "S"}, {"22": "S"}, {"22": "S"}, {"22": "S"}, {"22": "S"}, {"22": "S"}, {"22": "S"}, {"22": "S"}, {"22": "S"}, {"22": "S"}, {"22": "S"}, {"22": "S"}, {"22": "S"}, {"22": "E"}, {"22": "E"}, {"22": "S"}, {"22": "E"}, {"22": "E"}, {"22": "S"}, {"22": "E"}, {"22": "E"}, {"22": "E"}, {"22": "S"}, {"22": "E"}, {"22": "S"}, {"39": "S"}, {"39": "S"}, {"39": "E"}, {"39": "S"}, {"39": "S"}, {"39": "S"}, {"39": "S"}, {"39": "S"}, {"39": "S"}, {"39": "S"}, {"39": "S"}, {"39": "E"}, {"39": "E"}, {"39": "E"}, {"39": "S"}, {"39": "E"}, {"39": "E"}, {"39": "S"}, {"39": "S"}, {"97": "S"}, {"97": "S"}, {"97": "E"}, {"97": "E"}, {"97": "E"}, {"97": "E"}, {"97": "E"}, {"97": "E"}, {"97": "E"}, {"97": "E"}, {"58": "S"}, {"58": "W"}, {"58": "W"}, {"58": "W"}, {"58": "W"}, {"58": "S"}, {"58": "S"}, {"58": "S"}, {"58": "S"}, {"58": "S"}, {"58": "S"}, {"58": "S"}, {"58": "S"}, {"58": "W"}, {"58": "S"}, {"58": "S"}, {"58": "S"}, {"58": "S"}, {"58": "S"}, {"58": "W"}, {"58": "S"}, {"58": "S"}, {"58": "S"}, {"58": "S"}, {"58": "S"}, {"58": "S"}, {"58": "S"}, {"58": "S"}, {"58": "S"}, {"58": "S"}, {"58": "S"}, {"58": "S"}, {"58": "S"}, {"58": "E"}, {"58": "E"}, {"78": "E"}, {"78": "S"}, {"78": "S"}, {"78": "S"}, {"78": "S"}, {"78": "S"}, {"78": "S"}, {"78": "S"}, {"78": "S"}, {"78": "W"}, {"78": "W"}, {"78": "S"}, {"78": "S"}, {"78": "W"}, {"78": "S"}, {"78": "S"}, {"78": "S"}, {"78": "S"}, {"78": "S"}, {"78": "W"}, {"78": "S"}, {"78": "S"}, {"78": "S"}, {"78": "S"}, {"78": "S"}, {"78": "S"}, {"78": "S"}, {"78": "S"}, {"78": "S"}, {"78": "S"}, {"78": "S"}, {"78": "S"}, {"78": "S"}, {"78": "S"}, {"78": "S"}, {"78": "S"}, {"78": "S"}, {"78": "S"}, {"78": "E"}, {"78": "E"}, {"78": "E"}, {"78": "E"}, {"78": "E"}, {"78": "N"}], "result": "SUCCESS", "makespan": 1995, "sum": 4617, "algo_name": "OutAndInByPercentage_per_60_SW_"}