{"instance": "medium_free_001_30x30_20_180", "steps": [{"11": "W", "22": "N", "38": "W", "78": "N", "150": "W", "7": "W", "67": "W", "69": "W", "82": "W", "118": "W", "14": "W", "32": "W", "33": "N", "53": "W", "87": "N", "90": "W", "108": "S", "113": "N", "139": "W", "151": "S", "160": "W", "163": "E", "85": "E", "143": "W", "157": "N", "175": "W", "16": "N", "68": "S", "73": "W", "136": "N", "153": "E", "162": "W", "167": "N", "179": "E", "9": "N", "23": "S", "36": "W", "61": "N", "71": "E", "77": "S", "96": "S", "97": "W", "103": "E", "120": "N", "148": "N", "21": "W", "47": "W", "79": "S", "121": "N", "130": "E", "138": "S", "17": "S", "20": "S", "48": "N", "50": "S", "59": "S", "115": "E", "123": "W", "140": "W", "27": "S", "30": "E", "42": "E", "52": "E", "116": "W", "129": "S", "146": "S", "93": "E", "174": "E", "0": "E", "35": "S", "132": "S", "18": "W", "141": "E", "159": "W"}, {"11": "W", "22": "N", "38": "W", "78": "N", "150": "W", "7": "W", "67": "W", "69": "W", "82": "W", "118": "W", "32": "W", "33": "N", "53": "W", "87": "N", "90": "W", "108": "S", "113": "N", "139": "W", "151": "S", "160": "W", "163": "E", "85": "E", "143": "W", "157": "N", "175": "W", "16": "N", "68": "S", "73": "W", "136": "N", "153": "E", "162": "W", "167": "N", "179": "E", "9": "N", "23": "S", "61": "N", "71": "E", "96": "S", "103": "E", "120": "N", "148": "N", "47": "W", "121": "N", "130": "E", "138": "S", "17": "S", "20": "S", "48": "N", "50": "S", "115": "E", "123": "W", "140": "W", "27": "S", "30": "E", "116": "W", "146": "S", "93": "E", "174": "E", "35": "S", "18": "W", "141": "E", "159": "W"}, {"38": "W", "7": "W", "67": "W", "69": "W", "82": "W", "118": "W", "32": "W", "33": "N", "53": "W", "87": "N", "90": "W", "108": "S", "113": "N", "139": "W", "151": "S", "160": "W", "163": "E", "85": "E", "143": "W", "157": "N", "175": "W", "16": "N", "68": "S", "73": "W", "136": "N", "153": "E", "162": "W", "167": "N", "179": "E", "9": "N", "23": "S", "61": "N", "71": "E", "103": "E", "120": "N", "148": "N", "47": "W", "121": "N", "130": "E", "138": "S", "17": "S", "48": "N", "50": "S", "115": "E", "140": "W", "27": "S", "30": "E", "93": "E", "174": "E", "35": "S", "18": "W", "141": "E", "159": "W"}, {"11": "W", "78": "N", "150": "W", "67": "N", "69": "W", "82": "N", "32": "W", "33": "N", "53": "W", "87": "N", "90": "W", "108": "S", "113": "N", "139": "W", "151": "S", "160": "W", "163": "E", "85": "E", "143": "W", "157": "N", "175": "W", "16": "N", "68": "S", "73": "W", "136": "N", "153": "E", "162": "W", "167": "N", "179": "E", "9": "N", "23": "S", "61": "N", "71": "E", "103": "E", "120": "N", "47": "W", "121": "N", "130": "E", "138": "S", "48": "N", "50": "S", "115": "E", "30": "E", "93": "E", "174": "E", "141": "E", "159": "W"}, {"150": "W", "32": "W", "139": "S", "85": "E", "143": "W", "157": "N", "175": "W", "16": "N", "68": "S", "73": "W", "136": "N", "153": "E", "162": "W", "167": "N", "179": "E", "9": "N", "23": "S", "61": "N", "71": "E", "103": "E", "120": "N", "121": "N", "130": "E", "138": "S", "48": "N", "50": "S", "115": "E", "30": "E", "93": "E", "141": "E", "159": "W"}, {"38": "W", "7": "W", "113": "N", "163": "E", "85": "N", "157": "W", "175": "W", "16": "N", "68": "S", "73": "W", "136": "N", "153": "E", "162": "W", "167": "N", "179": "E", "9": "N", "23": "S", "61": "N", "71": "E", "103": "E", "120": "N", "121": "N", "130": "E", "138": "S", "48": "N", "50": "S", "115": "E", "30": "E", "93": "E", "141": "E", "159": "W"}, {"87": "N", "16": "W", "68": "E", "9": "N", "23": "S", "61": "N", "71": "E", "103": "E", "120": "N", "121": "N", "130": "E", "138": "S", "48": "N", "50": "S", "115": "E", "30": "E", "93": "E", "141": "E", "159": "W"}, {"153": "E", "23": "E", "61": "E", "71": "N", "121": "N", "130": "E", "138": "S", "48": "N", "50": "S", "115": "E", "30": "E", "93": "E", "141": "E", "159": "W"}, {"138": "W", "48": "N", "50": "S", "115": "E", "30": "E", "93": "E", "141": "E"}, {"30": "E", "93": "E", "141": "E"}, {"30": "S", "93": "E", "141": "E"}, {"141": "E"}, {"141": "E"}, {"141": "E"}, {"93": "E", "141": "E"}, {"44": "S", "81": "E", "114": "W", "60": "N", "28": "S", "169": "E", "111": "N", "34": "W", "126": "W", "127": "E", "117": "S", "62": "W", "133": "W", "173": "N", "124": "S", "92": "W", "131": "W", "58": "W", "43": "S", "66": "E", "171": "E", "99": "W", "107": "S", "46": "W", "95": "E", "5": "E", "56": "W", "102": "S", "144": "N", "86": "S", "89": "N", "161": "S", "158": "W", "125": "W", "75": "E", "172": "S", "119": "E", "13": "S", "29": "E", "94": "N", "106": "W", "1": "W", "178": "E", "26": "E", "25": "W", "156": "E", "83": "E", "142": "N", "49": "W", "152": "W", "12": "N", "137": "S", "176": "N", "155": "N", "154": "W", "98": "W", "55": "W", "147": "S", "40": "W", "122": "W", "165": "N", "19": "W", "134": "E", "70": "N", "84": "W", "166": "N", "135": "S", "149": "W", "170": "S", "112": "N", "8": "E", "76": "W", "128": "E", "45": "S", "4": "S", "15": "S", "105": "W", "39": "W", "57": "N"}, {"14": "W", "24": "W", "65": "W", "80": "W", "37": "W", "91": "W", "101": "W", "74": "E", "51": "E", "96": "S", "97": "W", "148": "N", "2": "E", "21": "W", "47": "W", "79": "S", "104": "S", "17": "S", "88": "E", "110": "E", "140": "W", "27": "S", "42": "E", "52": "E", "129": "S", "174": "E", "0": "E", "132": "S", "18": "W", "159": "W"}, {"14": "W", "24": "W", "65": "W", "37": "W", "101": "W", "74": "E", "51": "E", "96": "S", "148": "N", "2": "E", "47": "W", "79": "S", "104": "S", "88": "E", "140": "W", "42": "E", "52": "E", "129": "S", "174": "E", "0": "E", "132": "S", "159": "W"}, {"14": "W", "24": "W", "65": "W", "37": "W", "101": "W", "74": "E", "51": "E", "96": "S", "148": "N", "2": "E", "47": "W", "79": "S", "104": "S", "88": "E", "140": "W", "42": "E", "52": "E", "129": "S", "0": "E"}, {"67": "W", "139": "W", "14": "W", "24": "W", "65": "W", "148": "N", "47": "W", "37": "W", "101": "W", "74": "E", "51": "E", "96": "S", "2": "E", "79": "S", "104": "S", "140": "W", "42": "E", "52": "E", "129": "S", "0": "E"}, {"67": "W", "24": "W", "148": "W", "37": "W", "101": "W", "96": "S", "74": "E", "51": "E", "2": "E", "79": "S", "104": "S", "140": "W", "42": "E", "52": "E", "129": "S", "0": "E"}, {"101": "W", "96": "E", "74": "E", "140": "W", "51": "E", "2": "E", "79": "S", "104": "S", "42": "E", "52": "E", "129": "S", "0": "E"}, {"101": "W", "96": "S", "74": "E", "140": "S", "51": "E", "79": "S", "2": "E", "104": "S", "42": "E", "52": "E", "129": "S", "0": "E"}, {"101": "S", "74": "S", "51": "E", "2": "E", "104": "S", "42": "E", "52": "E", "129": "S", "0": "E"}, {"23": "S", "51": "E", "2": "E", "42": "E", "52": "E", "129": "S", "0": "E"}, {"51": "N", "42": "N", "0": "E"}, {"30": "E", "2": "E", "52": "E", "0": "E"}, {"2": "S"}, {"52": "E"}, {"52": "E"}, {"52": "N"}, {"5": "S", "137": "S", "119": "S", "76": "W", "8": "E", "92": "W", "98": "S", "134": "W", "25": "W", "147": "S", "66": "E", "109": "N", "169": "E", "89": "N", "178": "E", "31": "W", "70": "W", "62": "W", "81": "W", "135": "S", "54": "W", "55": "W", "15": "S", "3": "W", "56": "W", "154": "W", "173": "W", "10": "E", "177": "W", "102": "S", "112": "E", "75": "S", "166": "W", "165": "W", "128": "E", "58": "S", "40": "W", "57": "E", "83": "E", "144": "S", "131": "N", "45": "S", "152": "W", "125": "N", "86": "S", "13": "E", "164": "N", "19": "E", "12": "N", "124": "S", "99": "W", "122": "N", "117": "S", "49": "N", "26": "E", "95": "N", "105": "S", "34": "W", "133": "W", "100": "W", "168": "W", "126": "W", "156": "N", "158": "W", "46": "W", "172": "S", "127": "S", "114": "S", "1": "W", "39": "N", "171": "E", "111": "W", "4": "E", "29": "S", "149": "W", "107": "S", "170": "E", "84": "W", "64": "N", "106": "S", "176": "E"}, {"80": "W", "6": "W", "91": "W", "36": "W", "63": "W", "77": "S", "97": "W", "21": "W", "41": "W", "20": "S", "88": "E", "110": "E", "123": "W", "145": "S", "116": "W", "146": "S", "174": "E", "18": "W", "159": "W"}, {"80": "W", "91": "W", "77": "S", "97": "W", "21": "W", "20": "S", "88": "E", "110": "E", "145": "S", "146": "S", "174": "E", "159": "W"}, {"80": "W", "91": "W", "97": "W", "21": "W", "88": "E", "110": "E", "145": "S", "174": "E", "159": "W"}, {"80": "W", "91": "W", "97": "W", "21": "W", "88": "E", "110": "E", "145": "S", "174": "E", "159": "W"}, {"101": "W", "80": "W", "91": "W", "174": "E", "159": "W", "88": "E", "110": "E", "145": "S"}, {"11": "W", "53": "W", "163": "E", "179": "E", "101": "W", "80": "N", "97": "W", "88": "E", "21": "W", "110": "E", "145": "S"}, {"11": "W", "53": "W", "101": "W", "91": "W", "97": "W", "159": "W", "21": "W", "110": "E", "145": "S"}, {"91": "W", "159": "W", "110": "E", "145": "S"}, {"91": "S", "110": "N", "145": "S"}, {"159": "W"}, {"159": "N"}, {"84": "W", "126": "S", "19": "W", "127": "S", "156": "E", "4": "E", "109": "N", "72": "W", "144": "E", "86": "S", "1": "W", "29": "S", "45": "S", "176": "E", "66": "E", "106": "S", "10": "N", "107": "S", "92": "W", "164": "E", "111": "W", "135": "E", "95": "N", "75": "E", "154": "W", "34": "S", "147": "S", "98": "W", "3": "W", "161": "W", "54": "W", "165": "W", "60": "N", "13": "E", "28": "S", "57": "S", "81": "N", "44": "E", "89": "W", "83": "E", "117": "S", "99": "W", "58": "S", "177": "W", "178": "E", "134": "W", "155": "W", "76": "W", "39": "E", "128": "N", "137": "W", "149": "W", "70": "W", "49": "W", "172": "S", "142": "W", "166": "N", "64": "W", "169": "E", "170": "E", "152": "W", "5": "S", "43": "S", "173": "W", "131": "W", "26": "W", "12": "W", "168": "W", "62": "W", "158": "W", "171": "E", "105": "S", "40": "W", "124": "W", "119": "S", "125": "W", "31": "N", "15": "S", "102": "S", "122": "W", "100": "N", "25": "W"}, {"91": "W", "6": "W", "36": "W", "63": "W", "77": "S", "41": "W", "17": "S", "20": "S", "59": "S", "123": "W", "27": "S", "116": "W", "146": "S", "35": "S", "132": "S", "18": "W"}, {"38": "W", "7": "W", "162": "W", "91": "W", "77": "S", "20": "S", "146": "S"}, {"38": "W", "7": "W", "91": "W", "77": "S", "20": "S", "146": "S"}, {"38": "W", "151": "S", "91": "W", "77": "S", "20": "S", "146": "S"}, {"151": "S", "77": "S", "20": "S", "146": "S"}, {"151": "S", "77": "S", "20": "S", "146": "S"}, {"13": "S", "105": "S", "84": "W", "178": "N", "177": "W", "128": "E", "76": "N", "164": "S", "95": "E", "102": "S", "176": "E", "1": "W", "44": "N", "57": "W", "39": "N", "34": "W", "142": "W", "127": "S", "156": "E", "169": "N", "135": "S", "26": "S", "100": "N", "3": "W", "40": "N", "45": "S", "28": "S", "111": "W", "171": "S", "154": "W", "92": "S", "147": "E", "133": "E", "124": "S", "15": "S", "170": "E", "172": "S", "5": "S", "134": "N", "131": "W", "122": "W", "66": "E", "109": "E", "165": "S", "72": "W", "112": "N", "31": "W", "62": "S", "107": "S", "98": "W", "64": "E", "46": "S", "49": "W", "12": "N", "25": "W", "8": "S", "86": "W", "149": "W", "70": "W", "166": "W", "43": "S", "75": "S", "117": "S", "10": "W", "119": "S", "55": "N", "81": "W", "161": "W", "158": "W", "152": "W", "19": "S", "114": "S", "106": "W", "126": "W", "137": "S", "125": "W", "144": "S", "168": "W", "29": "W", "60": "S", "173": "W", "155": "N", "89": "E", "58": "S"}, {"82": "W", "6": "W", "36": "W", "17": "S", "59": "S", "123": "W", "27": "S", "116": "W", "35": "S", "132": "S", "18": "W"}, {"17": "S", "59": "S", "27": "S", "35": "S", "132": "S"}, {"17": "S", "59": "S", "27": "S", "35": "S"}, {"108": "S", "17": "S", "59": "S", "27": "S", "35": "S"}, {"108": "S", "17": "S", "27": "S", "59": "S", "35": "S"}, {"59": "S", "35": "S"}, {"138": "S", "59": "S", "35": "S"}, {"138": "S", "59": "S", "35": "S"}, {"169": "N", "76": "N", "29": "N", "25": "W", "44": "N", "13": "S", "102": "E", "3": "W", "54": "W", "1": "W", "70": "W", "86": "S", "173": "W", "154": "W", "95": "S", "126": "W", "4": "E", "166": "W", "124": "S", "164": "S", "155": "N", "39": "W", "147": "S", "152": "W", "84": "W", "75": "S", "165": "W", "81": "E", "127": "S", "98": "W", "149": "W", "112": "E", "55": "W", "178": "W", "111": "N", "105": "S", "125": "W", "49": "W", "135": "S", "92": "S", "26": "S", "176": "E", "131": "N", "172": "S", "114": "W", "5": "S", "107": "E", "170": "S", "161": "N", "46": "W", "119": "S", "57": "S", "10": "W", "19": "W", "58": "S", "106": "W", "137": "E", "60": "E", "62": "S", "168": "W", "144": "E", "34": "W", "89": "W", "133": "N", "134": "W", "122": "W", "66": "E", "72": "W", "31": "N", "8": "E", "45": "S", "171": "E", "43": "E", "158": "N", "128": "N", "177": "W", "15": "S", "100": "N"}, {"6": "W", "36": "W", "63": "W", "41": "W", "123": "W", "116": "W", "132": "S", "18": "W"}, {"6": "W", "36": "W", "123": "W", "116": "W", "132": "S"}, {"82": "W", "6": "W", "36": "W", "123": "W", "116": "W", "132": "S"}, {"82": "W", "6": "W", "36": "W", "123": "W", "116": "W", "132": "S"}, {"82": "W", "6": "W", "36": "W", "123": "W", "116": "W", "132": "S"}, {"132": "S"}, {"132": "S"}, {"132": "E"}, {"81": "N", "46": "N", "5": "S", "176": "S", "158": "W", "169": "N", "1": "W", "15": "S", "99": "N", "166": "N", "64": "S", "70": "W", "95": "N", "57": "W", "45": "S", "89": "W", "25": "N", "43": "E", "100": "N", "54": "S", "13": "N", "92": "S", "147": "E", "72": "W", "105": "S", "133": "N", "84": "W", "58": "W", "124": "S", "39": "S", "12": "W", "55": "W", "127": "W", "142": "N", "155": "N", "86": "S", "34": "W", "131": "W", "149": "W", "152": "W", "40": "W", "49": "W", "107": "E", "111": "N", "177": "W", "168": "N", "76": "N", "125": "W", "3": "S", "161": "E", "173": "W", "171": "E", "170": "S", "60": "N", "102": "E", "122": "W", "134": "N", "137": "S", "164": "E", "178": "E", "26": "E", "126": "W", "66": "E", "29": "E", "31": "W", "8": "E", "75": "W", "106": "W", "98": "N", "172": "S", "119": "S", "10": "W", "165": "S", "44": "W"}, {"150": "W", "32": "W", "143": "W", "63": "W", "41": "W"}, {"150": "W", "32": "W", "63": "W", "41": "W"}, {"150": "W", "63": "W", "41": "W"}, {"67": "W", "24": "W", "37": "W", "63": "W", "41": "W"}, {"67": "W", "24": "W", "37": "W", "63": "W", "41": "W"}, {"10": "W", "76": "N", "98": "E", "39": "W", "106": "W", "171": "E", "95": "N", "92": "S", "29": "E", "154": "W", "178": "N", "5": "S", "3": "S", "111": "W", "84": "W", "55": "W", "144": "E", "28": "E", "119": "E", "170": "E", "124": "S", "81": "W", "34": "S", "64": "W", "46": "S", "161": "E", "45": "S", "137": "S", "54": "S", "114": "S", "135": "S", "99": "W", "125": "N", "75": "S", "15": "S", "166": "N", "8": "E", "44": "N", "49": "W", "133": "S", "66": "N", "164": "E", "40": "N", "19": "W", "70": "W", "122": "W", "173": "W", "152": "W", "165": "W", "86": "S", "158": "W", "128": "E", "176": "E", "107": "S", "43": "E", "13": "E", "126": "W", "12": "W", "57": "S", "1": "W", "102": "S", "177": "N", "127": "S", "105": "W", "169": "N", "72": "W", "100": "N", "172": "S", "31": "W", "26": "S", "134": "W", "131": "E", "25": "W", "155": "N", "142": "W", "147": "E"}, {"67": "W", "24": "W", "37": "W", "63": "W", "41": "W", "18": "W"}, {"67": "W", "24": "W", "37": "W", "63": "W"}, {"67": "W", "24": "W", "37": "W"}, {"67": "W", "24": "W"}, {"67": "W"}, {"92": "S", "176": "E", "144": "N", "126": "W", "171": "E", "15": "S", "81": "N", "66": "E", "89": "N", "45": "S", "119": "E", "44": "E", "72": "N", "54": "S", "131": "N", "155": "N", "158": "W", "154": "W", "135": "S", "29": "E", "149": "E", "124": "S", "26": "E", "111": "W", "165": "S", "107": "E", "106": "W", "3": "S", "169": "N", "134": "W", "105": "S", "166": "N", "10": "N", "1": "W", "5": "S", "147": "E", "177": "N", "13": "E", "122": "W", "70": "W", "43": "E", "178": "E", "100": "N", "142": "N", "12": "W", "86": "E", "128": "N", "168": "W", "102": "E", "152": "W", "64": "S", "172": "S", "84": "W", "95": "E", "49": "W", "76": "W", "60": "N", "8": "E", "173": "W", "98": "W", "137": "S", "99": "W", "75": "S", "125": "W", "39": "W", "46": "W", "31": "W", "19": "S", "114": "W", "40": "W", "164": "E", "58": "S", "55": "W", "34": "W"}, {"18": "W"}, {"92": "S", "72": "W", "169": "N", "144": "S", "84": "W", "98": "W", "29": "E", "126": "N", "134": "N", "45": "S", "5": "S", "177": "N", "106": "N", "81": "W", "165": "S", "172": "E", "12": "N", "8": "E", "3": "S", "49": "W", "60": "E", "119": "E", "1": "W", "125": "N", "154": "N", "137": "S", "10": "W", "152": "S", "99": "S", "114": "W", "147": "E", "176": "E", "105": "S", "55": "W", "131": "N", "57": "S", "155": "N", "100": "N", "166": "N", "44": "E", "135": "S", "102": "N", "19": "S", "170": "S", "158": "W", "124": "S", "128": "E", "58": "W", "133": "W", "43": "E", "168": "N", "95": "N", "64": "S", "149": "W", "34": "S", "142": "E", "15": "S", "26": "E", "173": "N", "89": "N", "111": "W", "40": "N", "39": "E", "178": "E", "122": "W", "54": "S", "75": "E", "66": "E", "25": "W", "127": "E", "70": "W"}, {"11": "W", "53": "W", "101": "W", "97": "W", "21": "W", "18": "W"}, {"11": "W", "53": "W", "101": "W", "97": "W", "18": "W"}, {"11": "W", "53": "W", "101": "W", "18": "W"}, {"11": "W", "101": "W", "18": "W"}, {"81": "W", "66": "E", "102": "E", "149": "S", "39": "S", "165": "S", "26": "S", "54": "S", "58": "W", "64": "S", "131": "N", "127": "S", "25": "W", "147": "E", "114": "W", "111": "N", "168": "W", "178": "N", "128": "N", "170": "S", "75": "S", "169": "E", "137": "S", "57": "S", "119": "S", "164": "S", "126": "W", "1": "S", "34": "W", "142": "N", "95": "W", "135": "S", "144": "E", "29": "S", "105": "E", "100": "N", "133": "W", "134": "N", "72": "W", "40": "N", "55": "W", "172": "S", "98": "W", "84": "W", "161": "E", "99": "W", "45": "S", "70": "W", "125": "N", "12": "N", "3": "S", "154": "N", "177": "N", "46": "W", "171": "E", "106": "W", "89": "N", "124": "S", "158": "W", "92": "S", "49": "W", "166": "N", "10": "N", "155": "N", "44": "E", "15": "W", "176": "E", "8": "E", "76": "N", "43": "E", "122": "W", "152": "W", "173": "N"}, {"90": "W"}, {"126": "N", "12": "N", "95": "N", "144": "S", "177": "W", "10": "W", "98": "N", "158": "W", "149": "W", "1": "S", "131": "N", "75": "S", "29": "E", "54": "S", "170": "S", "45": "W", "119": "N", "81": "W", "169": "N", "161": "N", "168": "W", "133": "N", "5": "E", "3": "S", "166": "N", "26": "E", "137": "S", "111": "N", "114": "W", "165": "S", "40": "N", "171": "E", "105": "W", "19": "N", "134": "N", "92": "S", "142": "E", "152": "W", "176": "N", "164": "S", "66": "N", "178": "N", "172": "S", "135": "E", "72": "N", "70": "W", "124": "S", "55": "W", "89": "W", "49": "W", "100": "N", "46": "W", "8": "E", "128": "E", "127": "S", "58": "W", "57": "S", "25": "N", "155": "N", "122": "W", "84": "W", "102": "S", "39": "N", "34": "S", "64": "S", "99": "W", "44": "E", "15": "S", "106": "N"}, {"128": "E", "3": "S", "135": "E", "57": "S", "149": "S", "178": "N", "26": "E", "152": "W", "127": "S", "46": "S", "84": "S", "131": "N", "66": "E", "166": "N", "169": "N", "25": "W", "34": "W", "102": "N", "154": "N", "40": "E", "45": "S", "39": "W", "72": "N", "106": "N", "70": "W", "119": "E", "105": "S", "60": "E", "49": "W", "15": "E", "170": "S", "137": "S", "126": "N", "54": "S", "173": "W", "1": "S", "122": "W", "177": "N", "144": "N", "10": "N", "81": "N", "125": "W", "19": "W", "133": "N", "134": "N", "8": "E", "171": "E", "114": "S", "172": "S", "92": "S", "161": "N", "165": "S", "99": "W", "155": "S", "168": "W", "164": "E", "142": "W", "55": "W", "58": "S", "98": "N", "100": "N", "44": "E", "75": "S", "64": "S", "76": "N", "124": "S", "12": "N"}, {"175": "W", "73": "W"}, {"175": "W"}, {"158": "N", "100": "N", "168": "W", "55": "N", "131": "N", "58": "S", "12": "N", "1": "S", "155": "E", "154": "N", "54": "S", "57": "S", "45": "S", "19": "N", "172": "S", "39": "S", "127": "S", "89": "N", "125": "W", "165": "S", "124": "E", "144": "N", "166": "N", "105": "S", "49": "W", "92": "S", "76": "N", "114": "N", "173": "W", "98": "N", "178": "E", "169": "N", "5": "S", "102": "E", "46": "W", "10": "N", "177": "N", "134": "N", "72": "N", "149": "W", "44": "N", "133": "N", "64": "S", "152": "N", "99": "S", "40": "N", "164": "S", "126": "W", "142": "N", "135": "E", "15": "E", "122": "W", "161": "E", "137": "S", "81": "N", "66": "E", "70": "N", "171": "N", "170": "S", "75": "S", "25": "W", "84": "W", "26": "N", "119": "E"}, {"133": "N", "76": "W", "84": "S", "19": "W", "170": "E", "127": "S", "99": "N", "142": "N", "165": "E", "81": "N", "40": "W", "39": "S", "152": "W", "15": "S", "169": "N", "122": "W", "144": "S", "92": "S", "70": "W", "45": "S", "177": "N", "114": "W", "124": "E", "60": "E", "12": "N", "171": "N", "54": "S", "44": "S", "89": "N", "126": "N", "158": "W", "135": "E", "100": "E", "172": "S", "64": "S", "128": "W", "10": "N", "155": "N", "102": "E", "26": "E", "55": "W", "34": "S", "134": "N", "164": "E", "168": "N", "173": "W", "75": "E", "161": "E", "119": "E", "5": "E", "176": "E", "125": "N", "149": "S", "1": "W", "178": "E", "25": "N", "57": "S", "98": "W", "166": "N", "105": "E", "137": "S", "49": "N"}, {"170": "E", "1": "S", "49": "W", "45": "S", "99": "S", "142": "E", "89": "N", "127": "E", "10": "W", "176": "E", "100": "N", "154": "N", "34": "N", "64": "E", "39": "S", "105": "E", "152": "W", "164": "E", "133": "N", "144": "E", "173": "W", "44": "E", "128": "N", "171": "E", "137": "S", "98": "N", "169": "N", "165": "S", "114": "W", "135": "E", "134": "N", "122": "W", "161": "E", "15": "S", "5": "S", "40": "S", "84": "S", "75": "E", "149": "W", "57": "E", "125": "N", "102": "E", "177": "N", "12": "N", "26": "E", "168": "N", "76": "W", "25": "N", "155": "W", "172": "S", "158": "W", "126": "N", "55": "N", "81": "N", "58": "W", "70": "W", "92": "S", "19": "S"}, {"49": "W", "164": "E", "44": "E", "122": "S", "100": "N", "39": "S", "134": "E", "89": "N", "57": "E", "1": "S", "152": "N", "158": "W", "177": "N", "15": "S", "76": "W", "92": "S", "102": "E", "128": "N", "126": "E", "40": "N", "142": "W", "34": "S", "173": "W", "12": "N", "25": "N", "165": "E", "161": "N", "105": "W", "45": "S", "171": "E", "144": "E", "70": "W", "19": "S", "169": "N", "10": "N", "64": "S", "170": "E", "137": "E", "5": "E", "155": "E", "149": "W", "168": "S", "127": "S", "98": "W", "172": "S", "125": "N", "176": "S", "154": "N", "114": "S", "84": "E", "58": "S", "81": "N"}, {"5": "S", "39": "S", "70": "N", "128": "N", "134": "N", "126": "N", "25": "N", "155": "N", "149": "N", "144": "S", "176": "E", "169": "N", "84": "S", "81": "N", "76": "W", "100": "N", "168": "W", "45": "S", "89": "N", "171": "E", "142": "W", "164": "E", "49": "W", "173": "N", "64": "E", "102": "E", "125": "N", "58": "W", "98": "N", "19": "S", "172": "S", "122": "W", "1": "S", "15": "W", "55": "N", "99": "S", "161": "E", "114": "S", "152": "W", "158": "W", "92": "S", "105": "S", "40": "E", "177": "N", "57": "E", "12": "N", "34": "W", "127": "S"}, {"140": "W"}, {"100": "N", "172": "E", "144": "E", "122": "S", "57": "E", "142": "E", "134": "N", "98": "E", "155": "E", "177": "E", "49": "W", "158": "W", "127": "S", "99": "S", "128": "N", "171": "N", "81": "N", "45": "S", "64": "E", "92": "S", "114": "S", "34": "S", "12": "N", "55": "N", "25": "N", "5": "E", "105": "W", "70": "W", "169": "E", "168": "W", "40": "W", "76": "N", "173": "N", "152": "N", "84": "S", "1": "S", "102": "E", "39": "S", "125": "N", "58": "S", "15": "S", "89": "N", "161": "N"}, {"118": "W"}, {"100": "E", "127": "W", "81": "W", "171": "E", "58": "S", "142": "E", "172": "S", "105": "S", "89": "N", "173": "N", "57": "E", "134": "N", "152": "N", "92": "S", "84": "S", "114": "S", "168": "W", "125": "N", "45": "S", "70": "W", "76": "N", "10": "N", "34": "S", "64": "E", "25": "E", "98": "N", "49": "W", "55": "W", "161": "E", "5": "S", "39": "S", "128": "N", "155": "N", "12": "N", "15": "S", "40": "W", "99": "S", "158": "W", "1": "S", "144": "E"}, {"142": "N", "92": "S", "84": "S", "81": "N", "127": "W", "134": "N", "125": "N", "152": "N", "158": "S", "12": "N", "144": "N", "99": "E", "40": "N", "70": "W", "15": "S", "172": "S", "128": "E", "39": "E", "49": "W", "114": "S", "58": "S", "76": "N", "64": "E", "10": "N", "89": "N", "25": "W", "105": "S", "173": "N", "161": "E", "171": "E", "98": "W", "55": "E", "45": "S", "5": "S", "34": "S", "155": "N", "168": "W"}, {"139": "W", "65": "W"}, {"139": "W"}, {"89": "N", "45": "S", "134": "N", "12": "N", "49": "W", "144": "E", "114": "W", "155": "W", "125": "N", "127": "S", "76": "N", "128": "E", "172": "S", "168": "N", "92": "S", "152": "N", "25": "W", "55": "N", "98": "N", "81": "N", "58": "S", "171": "E", "15": "S", "99": "E", "5": "E", "84": "S", "70": "W", "142": "N", "40": "N", "34": "S", "105": "S", "10": "N", "161": "E", "39": "S"}, {"159": "W"}, {"80": "W", "159": "W"}, {"14": "W", "47": "W", "80": "W", "159": "W"}, {"14": "W", "80": "W", "159": "W"}, {"39": "S", "171": "E", "144": "E", "98": "N", "45": "S", "70": "W", "152": "N", "12": "N", "125": "N", "5": "S", "114": "S", "40": "N", "142": "E", "84": "W", "155": "W", "105": "S", "127": "S", "58": "S", "161": "N", "15": "S", "134": "N", "49": "W", "81": "N", "10": "E", "89": "N", "172": "E", "25": "N", "92": "S"}, {"162": "W", "18": "W"}, {"7": "W", "162": "W"}, {"38": "W", "7": "W", "91": "W"}, {"38": "W", "91": "W"}, {"55": "N", "58": "E", "5": "E", "155": "N", "40": "N", "142": "W", "10": "N", "114": "S", "134": "N", "84": "S", "172": "S", "15": "S", "98": "N", "92": "S", "45": "S", "152": "N", "125": "N", "144": "N", "81": "N", "25": "N", "49": "W", "105": "S", "127": "S", "39": "S", "171": "E", "70": "N", "161": "E", "89": "N"}, {"82": "W", "6": "W", "36": "W", "123": "W", "116": "W"}, {"82": "W", "6": "W", "36": "W", "123": "W"}, {"82": "W", "6": "W", "36": "W"}, {"82": "W", "6": "W"}, {"82": "W"}, {"58": "E", "172": "S", "114": "S", "134": "N", "171": "E", "152": "N", "40": "S", "5": "E", "105": "S", "98": "W", "45": "S", "155": "N", "70": "N", "144": "E", "125": "N", "15": "S", "89": "N", "142": "W", "92": "S", "127": "S", "39": "W", "25": "E", "10": "N", "49": "N", "84": "S", "161": "E"}, {"172": "S", "134": "N", "25": "N", "70": "N", "92": "S", "58": "S", "15": "S", "171": "E", "89": "N", "49": "W", "40": "W", "144": "E", "125": "N", "142": "W", "161": "E", "155": "N", "45": "S", "105": "S", "10": "N", "114": "E", "127": "S", "84": "E", "39": "S"}, {"25": "N", "144": "E", "15": "E", "89": "E", "49": "N", "40": "W", "134": "N", "172": "S", "125": "N", "142": "W", "58": "S", "92": "S", "98": "N", "105": "S", "39": "S", "127": "S", "45": "W", "171": "E", "155": "N", "10": "E"}, {"105": "S", "40": "N", "155": "N", "58": "W", "134": "E", "15": "E", "125": "N", "127": "S", "98": "N", "92": "S", "10": "N", "142": "N", "171": "E", "172": "S", "45": "S", "39": "E", "144": "S"}, {"39": "S", "45": "S", "127": "S", "40": "N", "142": "N", "172": "E", "144": "E", "134": "N", "10": "N", "171": "E", "92": "S", "105": "S", "98": "N", "58": "W"}, {"58": "S", "134": "N", "172": "E", "142": "N", "144": "E", "98": "N", "171": "E", "10": "W", "45": "E", "127": "S", "105": "S", "40": "N", "39": "S"}, {"142": "N", "45": "S", "127": "S", "58": "S", "105": "W", "171": "E", "98": "N", "10": "W", "40": "N", "144": "E"}, {"58": "S", "144": "E", "98": "E", "10": "N", "45": "E", "142": "N", "40": "N", "127": "S", "105": "S"}, {"58": "S", "45": "E", "105": "S", "40": "N", "127": "E", "144": "E"}, {"58": "S", "144": "E", "40": "N", "45": "N", "105": "E", "127": "S"}, {"105": "S", "40": "N", "127": "S", "144": "E", "58": "S"}, {"144": "E", "40": "N", "105": "E", "127": "E", "58": "S"}, {"58": "S", "144": "E", "40": "E", "127": "S", "105": "S"}, {"58": "S", "144": "E", "105": "S", "127": "S"}, {"127": "S", "105": "W", "144": "E", "58": "E"}, {"144": "E", "58": "E"}, {"144": "E"}, {"144": "E"}, {"52": "N"}, {"52": "W"}, {"52": "N"}, {"52": "W"}, {"52": "W"}, {"52": "W"}, {"52": "W"}, {"52": "W"}, {"52": "W"}, {"52": "W"}, {"52": "W"}, {"52": "W"}, {"52": "N"}, {"52": "N"}, {"52": "N"}, {"52": "N"}, {"52": "N"}, {"52": "W"}, {"52": "N"}, {"52": "N"}, {"52": "W"}, {"52": "N"}, {"52": "W"}, {"52": "N"}, {"52": "W"}, {"91": "N"}, {"91": "E"}, {"91": "E"}, {"91": "E"}, {"91": "E"}, {"91": "E"}, {"91": "E"}, {"91": "E"}, {"91": "E"}, {"91": "E"}, {"91": "N"}, {"91": "E"}, {"91": "E"}, {"91": "E"}, {"91": "E"}, {"91": "E"}, {"91": "E"}, {"91": "E"}, {"91": "E"}, {"91": "N"}, {"91": "E"}, {"91": "N"}, {"91": "E"}, {"91": "E"}, {"91": "E"}, {"91": "E"}, {"91": "E"}, {"91": "E"}, {"91": "E"}, {"91": "E"}, {"91": "E"}, {"91": "E"}, {"91": "E"}, {"91": "E"}, {"91": "E"}, {"91": "E"}, {"91": "E"}, {"91": "E"}, {"91": "E"}, {"91": "E"}, {"91": "E"}, {"91": "E"}, {"65": "N"}, {"65": "E"}, {"65": "E"}, {"65": "E"}, {"65": "E"}, {"65": "N"}, {"65": "E"}, {"65": "N"}, {"65": "E"}, {"65": "E"}, {"65": "S"}, {"65": "E"}, {"65": "E"}, {"65": "N"}, {"65": "E"}, {"65": "E"}, {"65": "E"}, {"65": "E"}, {"65": "E"}, {"65": "E"}, {"65": "E"}, {"65": "E"}, {"65": "E"}, {"65": "E"}, {"65": "E"}, {"65": "E"}, {"65": "E"}, {"65": "E"}, {"65": "E"}, {"65": "E"}, {"65": "E"}, {"65": "E"}, {"65": "E"}, {"42": "W"}, {"42": "W"}, {"42": "W"}, {"42": "W"}, {"42": "W"}, {"42": "W"}, {"42": "W"}, {"42": "W"}, {"42": "W"}, {"42": "N"}, {"42": "N"}, {"42": "N"}, {"42": "N"}, {"42": "N"}, {"42": "N"}, {"42": "N"}, {"42": "N"}, {"42": "N"}, {"42": "N"}, {"42": "N"}, {"42": "N"}, {"42": "W"}, {"42": "N"}, {"42": "W"}, {"42": "N"}, {"153": "S"}, {"153": "W"}, {"153": "W"}, {"153": "W"}, {"153": "W"}, {"153": "W"}, {"153": "W"}, {"153": "W"}, {"153": "W"}, {"153": "W"}, {"153": "N"}, {"153": "N"}, {"153": "N"}, {"153": "N"}, {"153": "N"}, {"153": "W"}, {"153": "N"}, {"153": "N"}, {"153": "W"}, {"153": "N"}, {"153": "W"}, {"153": "W"}, {"153": "N"}, {"153": "W"}, {"153": "N"}, {"153": "N"}, {"74": "N"}, {"74": "W"}, {"74": "W"}, {"74": "W"}, {"74": "N"}, {"74": "W"}, {"74": "W"}, {"74": "W"}, {"74": "N"}, {"74": "N"}, {"74": "N"}, {"74": "W"}, {"74": "W"}, {"74": "W"}, {"74": "W"}, {"74": "W"}, {"74": "N"}, {"74": "N"}, {"74": "N"}, {"74": "N"}, {"74": "N"}, {"74": "N"}, {"74": "N"}, {"74": "N"}, {"74": "N"}, {"74": "N"}, {"74": "N"}, {"74": "N"}, {"2": "N"}, {"2": "W"}, {"2": "W"}, {"2": "W"}, {"2": "W"}, {"2": "W"}, {"2": "W"}, {"2": "W"}, {"2": "W"}, {"2": "W"}, {"2": "W"}, {"2": "W"}, {"2": "W"}, {"2": "W"}, {"2": "W"}, {"2": "N"}, {"2": "W"}, {"2": "N"}, {"2": "N"}, {"2": "N"}, {"2": "N"}, {"2": "N"}, {"2": "N"}, {"2": "W"}, {"2": "N"}, {"2": "N"}, {"2": "E"}, {"118": "S"}, {"118": "E"}, {"118": "S"}, {"118": "S"}, {"118": "S"}, {"118": "E"}, {"118": "E"}, {"118": "E"}, {"118": "E"}, {"118": "E"}, {"118": "E"}, {"118": "E"}, {"118": "E"}, {"118": "N"}, {"118": "N"}, {"118": "E"}, {"118": "E"}, {"118": "N"}, {"118": "E"}, {"118": "E"}, {"118": "S"}, {"118": "E"}, {"118": "E"}, {"118": "E"}, {"118": "E"}, {"118": "E"}, {"118": "E"}, {"118": "E"}, {"118": "E"}, {"118": "S"}, {"118": "E"}, {"118": "S"}, {"118": "E"}, {"118": "E"}, {"118": "E"}, {"118": "E"}, {"118": "E"}, {"118": "E"}, {"118": "E"}, {"118": "E"}, {"103": "W"}, {"103": "W"}, {"103": "W"}, {"103": "W"}, {"103": "W"}, {"103": "W"}, {"103": "W"}, {"103": "W"}, {"103": "W"}, {"103": "W"}, {"103": "W"}, {"103": "W"}, {"103": "N"}, {"103": "N"}, {"103": "N"}, {"103": "N"}, {"103": "N"}, {"103": "N"}, {"103": "N"}, {"103": "N"}, {"103": "N"}, {"103": "N"}, {"103": "N"}, {"103": "N"}, {"103": "N"}, {"103": "N"}, {"103": "N"}, {"103": "N"}, {"103": "N"}, {"174": "W"}, {"174": "W"}, {"174": "W"}, {"174": "W"}, {"174": "W"}, {"174": "N"}, {"174": "W"}, {"174": "W"}, {"174": "W"}, {"174": "W"}, {"174": "W"}, {"174": "W"}, {"174": "W"}, {"174": "W"}, {"174": "W"}, {"174": "N"}, {"174": "N"}, {"14": "E"}, {"14": "S"}, {"14": "E"}, {"14": "E"}, {"14": "N"}, {"14": "E"}, {"14": "E"}, {"14": "E"}, {"14": "E"}, {"14": "E"}, {"14": "E"}, {"14": "E"}, {"14": "E"}, {"14": "N"}, {"14": "E"}, {"14": "E"}, {"14": "N"}, {"14": "E"}, {"14": "E"}, {"14": "S"}, {"14": "E"}, {"14": "E"}, {"14": "E"}, {"14": "E"}, {"14": "S"}, {"14": "E"}, {"14": "E"}, {"14": "E"}, {"14": "E"}, {"14": "E"}, {"14": "E"}, {"14": "E"}, {"14": "E"}, {"14": "E"}, {"14": "E"}, {"71": "W"}, {"71": "W"}, {"71": "W"}, {"71": "W"}, {"71": "W"}, {"71": "W"}, {"71": "W"}, {"71": "W"}, {"71": "W"}, {"71": "W"}, {"71": "W"}, {"71": "W"}, {"71": "W"}, {"71": "W"}, {"71": "W"}, {"71": "N"}, {"71": "N"}, {"71": "N"}, {"71": "N"}, {"71": "N"}, {"163": "N"}, {"163": "W"}, {"163": "W"}, {"163": "W"}, {"163": "N"}, {"163": "W"}, {"163": "W"}, {"163": "W"}, {"163": "W"}, {"163": "N"}, {"163": "W"}, {"163": "W"}, {"163": "W"}, {"163": "W"}, {"163": "W"}, {"163": "W"}, {"163": "N"}, {"163": "N"}, {"163": "N"}, {"163": "N"}, {"163": "N"}, {"163": "N"}, {"163": "N"}, {"163": "N"}, {"163": "N"}, {"163": "N"}, {"38": "N"}, {"38": "E"}, {"38": "E"}, {"38": "E"}, {"38": "E"}, {"38": "E"}, {"38": "E"}, {"38": "E"}, {"38": "E"}, {"38": "E"}, {"38": "E"}, {"38": "E"}, {"38": "E"}, {"38": "E"}, {"38": "E"}, {"38": "E"}, {"38": "N"}, {"38": "N"}, {"38": "E"}, {"38": "E"}, {"38": "N"}, {"38": "E"}, {"38": "E"}, {"38": "S"}, {"38": "E"}, {"38": "E"}, {"38": "E"}, {"38": "E"}, {"38": "E"}, {"38": "E"}, {"38": "E"}, {"38": "E"}, {"38": "S"}, {"38": "E"}, {"38": "S"}, {"38": "E"}, {"38": "E"}, {"38": "E"}, {"38": "E"}, {"38": "E"}, {"47": "E"}, {"47": "N"}, {"47": "N"}, {"47": "N"}, {"47": "E"}, {"47": "E"}, {"47": "E"}, {"47": "E"}, {"47": "E"}, {"47": "E"}, {"47": "E"}, {"47": "E"}, {"47": "E"}, {"47": "S"}, {"47": "E"}, {"47": "E"}, {"47": "N"}, {"47": "E"}, {"47": "E"}, {"47": "S"}, {"47": "E"}, {"47": "E"}, {"47": "E"}, {"47": "E"}, {"47": "N"}, {"47": "E"}, {"47": "E"}, {"47": "E"}, {"59": "E"}, {"59": "N"}, {"59": "N"}, {"59": "N"}, {"59": "N"}, {"59": "N"}, {"59": "N"}, {"59": "N"}, {"59": "N"}, {"59": "N"}, {"59": "N"}, {"59": "N"}, {"59": "N"}, {"59": "N"}, {"59": "N"}, {"59": "N"}, {"59": "E"}, {"59": "E"}, {"59": "E"}, {"59": "E"}, {"59": "E"}, {"59": "E"}, {"93": "N"}, {"93": "W"}, {"93": "W"}, {"93": "W"}, {"93": "N"}, {"93": "N"}, {"93": "W"}, {"93": "W"}, {"93": "W"}, {"93": "W"}, {"93": "W"}, {"93": "W"}, {"93": "W"}, {"93": "W"}, {"93": "W"}, {"93": "W"}, {"93": "W"}, {"93": "W"}, {"93": "W"}, {"93": "W"}, {"93": "W"}, {"93": "W"}, {"93": "N"}, {"93": "N"}, {"93": "N"}, {"93": "W"}, {"93": "W"}, {"93": "N"}, {"93": "N"}, {"93": "W"}, {"93": "N"}, {"93": "N"}, {"93": "N"}, {"93": "W"}, {"146": "N"}, {"146": "N"}, {"146": "N"}, {"146": "N"}, {"146": "N"}, {"146": "E"}, {"146": "E"}, {"146": "E"}, {"146": "E"}, {"146": "E"}, {"146": "E"}, {"146": "E"}, {"146": "N"}, {"146": "E"}, {"146": "N"}, {"146": "E"}, {"146": "E"}, {"146": "E"}, {"146": "E"}, {"146": "N"}, {"146": "N"}, {"146": "N"}, {"51": "N"}, {"51": "N"}, {"51": "W"}, {"51": "W"}, {"51": "W"}, {"51": "W"}, {"51": "W"}, {"51": "N"}, {"51": "W"}, {"51": "W"}, {"51": "W"}, {"51": "W"}, {"51": "W"}, {"51": "W"}, {"51": "W"}, {"51": "W"}, {"51": "W"}, {"51": "N"}, {"51": "W"}, {"51": "W"}, {"51": "W"}, {"51": "W"}, {"51": "W"}, {"51": "W"}, {"51": "W"}, {"51": "W"}, {"51": "N"}, {"51": "N"}, {"51": "W"}, {"51": "N"}, {"23": "W"}, {"23": "N"}, {"23": "N"}, {"23": "W"}, {"23": "W"}, {"23": "N"}, {"23": "N"}, {"23": "N"}, {"23": "N"}, {"23": "N"}, {"23": "N"}, {"23": "N"}, {"23": "N"}, {"23": "N"}, {"23": "N"}, {"23": "N"}, {"23": "N"}, {"23": "N"}, {"23": "W"}, {"23": "N"}, {"23": "N"}, {"23": "N"}, {"23": "N"}, {"23": "N"}, {"23": "E"}, {"23": "N"}, {"23": "N"}, {"23": "N"}, {"23": "E"}, {"23": "N"}, {"23": "N"}, {"23": "W"}, {"23": "N"}, {"23": "N"}, {"23": "N"}, {"23": "N"}, {"129": "W"}, {"129": "N"}, {"129": "W"}, {"129": "W"}, {"129": "N"}, {"129": "N"}, {"129": "N"}, {"129": "N"}, {"129": "N"}, {"129": "N"}, {"129": "N"}, {"129": "N"}, {"129": "N"}, {"129": "N"}, {"129": "N"}, {"129": "N"}, {"129": "W"}, {"129": "N"}, {"129": "N"}, {"129": "N"}, {"129": "W"}, {"129": "N"}, {"129": "N"}, {"129": "N"}, {"129": "N"}, {"129": "N"}, {"129": "E"}, {"129": "N"}, {"129": "E"}, {"129": "E"}, {"129": "N"}, {"129": "N"}, {"129": "W"}, {"129": "N"}, {"129": "W"}, {"129": "W"}, {"129": "N"}, {"129": "N"}, {"129": "E"}, {"129": "N"}, {"129": "N"}, {"129": "W"}, {"130": "W"}, {"130": "W"}, {"130": "N"}, {"130": "W"}, {"130": "W"}, {"130": "W"}, {"130": "W"}, {"130": "W"}, {"130": "W"}, {"130": "W"}, {"130": "W"}, {"130": "W"}, {"130": "W"}, {"130": "W"}, {"130": "W"}, {"130": "W"}, {"130": "W"}, {"130": "W"}, {"130": "W"}, {"130": "N"}, {"130": "N"}, {"130": "N"}, {"130": "W"}, {"130": "W"}, {"130": "N"}, {"130": "N"}, {"130": "W"}, {"130": "W"}, {"130": "W"}, {"130": "W"}, {"130": "N"}, {"130": "N"}, {"130": "N"}, {"130": "W"}, {"130": "N"}, {"120": "S"}, {"120": "S"}, {"120": "S"}, {"120": "S"}, {"120": "S"}, {"120": "E"}, {"120": "E"}, {"120": "S"}, {"120": "S"}, {"120": "E"}, {"120": "S"}, {"120": "S"}, {"120": "S"}, {"120": "S"}, {"120": "S"}, {"120": "S"}, {"120": "S"}, {"120": "E"}, {"120": "E"}, {"120": "E"}, {"120": "S"}, {"120": "E"}, {"120": "E"}, {"36": "E"}, {"36": "N"}, {"36": "N"}, {"36": "N"}, {"36": "N"}, {"36": "N"}, {"36": "E"}, {"36": "E"}, {"36": "E"}, {"36": "E"}, {"36": "E"}, {"36": "E"}, {"36": "E"}, {"36": "N"}, {"36": "E"}, {"36": "E"}, {"36": "E"}, {"36": "E"}, {"36": "E"}, {"36": "N"}, {"36": "E"}, {"36": "E"}, {"36": "N"}, {"36": "N"}, {"36": "W"}, {"17": "W"}, {"17": "N"}, {"17": "N"}, {"17": "N"}, {"17": "N"}, {"17": "N"}, {"17": "N"}, {"17": "N"}, {"17": "N"}, {"17": "E"}, {"17": "E"}, {"17": "N"}, {"17": "N"}, {"17": "N"}, {"17": "N"}, {"17": "N"}, {"17": "N"}, {"17": "N"}, {"17": "E"}, {"17": "E"}, {"17": "E"}, {"17": "E"}, {"17": "E"}, {"77": "E"}, {"77": "N"}, {"77": "N"}, {"77": "N"}, {"77": "N"}, {"77": "N"}, {"77": "N"}, {"77": "N"}, {"77": "N"}, {"77": "N"}, {"77": "E"}, {"77": "E"}, {"77": "E"}, {"77": "E"}, {"77": "N"}, {"77": "E"}, {"77": "N"}, {"77": "E"}, {"77": "N"}, {"77": "E"}, {"77": "E"}, {"30": "N"}, {"30": "W"}, {"30": "W"}, {"30": "W"}, {"30": "W"}, {"30": "N"}, {"30": "W"}, {"30": "W"}, {"30": "W"}, {"30": "W"}, {"30": "W"}, {"30": "W"}, {"30": "W"}, {"30": "W"}, {"30": "W"}, {"30": "N"}, {"30": "W"}, {"30": "W"}, {"30": "W"}, {"30": "W"}, {"30": "W"}, {"30": "W"}, {"30": "W"}, {"30": "W"}, {"30": "N"}, {"30": "N"}, {"30": "W"}, {"30": "W"}, {"139": "E"}, {"139": "N"}, {"139": "E"}, {"139": "E"}, {"139": "S"}, {"139": "E"}, {"139": "E"}, {"139": "S"}, {"139": "E"}, {"139": "E"}, {"139": "N"}, {"139": "E"}, {"139": "E"}, {"139": "E"}, {"139": "E"}, {"139": "E"}, {"139": "E"}, {"139": "N"}, {"139": "E"}, {"139": "E"}, {"139": "S"}, {"139": "E"}, {"139": "E"}, {"139": "E"}, {"139": "E"}, {"110": "W"}, {"110": "W"}, {"110": "W"}, {"110": "W"}, {"110": "N"}, {"110": "W"}, {"110": "W"}, {"110": "W"}, {"110": "W"}, {"110": "W"}, {"110": "W"}, {"110": "W"}, {"110": "W"}, {"110": "W"}, {"110": "W"}, {"110": "W"}, {"110": "W"}, {"110": "W"}, {"110": "W"}, {"110": "W"}, {"110": "W"}, {"110": "N"}, {"110": "N"}, {"110": "N"}, {"110": "W"}, {"110": "N"}, {"110": "W"}, {"110": "N"}, {"110": "N"}, {"110": "W"}, {"110": "N"}, {"110": "N"}, {"159": "S"}, {"159": "E"}, {"159": "E"}, {"159": "E"}, {"159": "E"}, {"159": "E"}, {"159": "E"}, {"159": "E"}, {"159": "E"}, {"159": "E"}, {"159": "E"}, {"159": "S"}, {"159": "E"}, {"159": "E"}, {"159": "E"}, {"159": "E"}, {"159": "E"}, {"159": "S"}, {"159": "S"}, {"159": "E"}, {"159": "E"}, {"159": "N"}, {"159": "E"}, {"159": "N"}, {"159": "E"}, {"159": "E"}, {"159": "E"}, {"159": "E"}, {"159": "E"}, {"159": "E"}, {"159": "E"}, {"0": "W"}, {"0": "W"}, {"0": "W"}, {"0": "W"}, {"0": "W"}, {"0": "W"}, {"0": "W"}, {"0": "W"}, {"0": "W"}, {"0": "W"}, {"0": "W"}, {"0": "W"}, {"0": "W"}, {"0": "W"}, {"0": "W"}, {"0": "W"}, {"0": "N"}, {"0": "W"}, {"0": "W"}, {"0": "W"}, {"0": "W"}, {"0": "W"}, {"0": "W"}, {"0": "W"}, {"0": "W"}, {"0": "N"}, {"0": "W"}, {"0": "W"}, {"0": "W"}, {"0": "N"}, {"0": "N"}, {"0": "W"}, {"0": "W"}, {"0": "W"}, {"0": "N"}, {"0": "N"}, {"0": "E"}, {"0": "E"}, {"0": "E"}, {"0": "E"}, {"0": "S"}, {"104": "N"}, {"104": "N"}, {"104": "N"}, {"104": "E"}, {"104": "E"}, {"104": "E"}, {"104": "E"}, {"104": "E"}, {"104": "N"}, {"35": "N"}, {"35": "W"}, {"35": "N"}, {"35": "N"}, {"35": "N"}, {"35": "N"}, {"35": "N"}, {"35": "N"}, {"35": "N"}, {"35": "N"}, {"35": "W"}, {"35": "N"}, {"35": "N"}, {"35": "N"}, {"35": "E"}, {"35": "N"}, {"35": "N"}, {"63": "E"}, {"63": "N"}, {"63": "N"}, {"63": "N"}, {"63": "N"}, {"63": "N"}, {"63": "E"}, {"63": "E"}, {"63": "N"}, {"63": "E"}, {"63": "E"}, {"63": "E"}, {"63": "E"}, {"63": "E"}, {"63": "N"}, {"63": "E"}, {"63": "N"}, {"63": "E"}, {"63": "N"}, {"63": "E"}, {"63": "N"}, {"63": "E"}, {"20": "E"}, {"20": "N"}, {"20": "N"}, {"20": "W"}, {"20": "N"}, {"20": "N"}, {"20": "N"}, {"20": "N"}, {"20": "N"}, {"20": "N"}, {"20": "N"}, {"20": "N"}, {"20": "N"}, {"20": "N"}, {"20": "N"}, {"20": "N"}, {"20": "N"}, {"20": "N"}, {"6": "E"}, {"6": "N"}, {"6": "N"}, {"6": "E"}, {"6": "E"}, {"6": "E"}, {"6": "E"}, {"6": "E"}, {"6": "E"}, {"6": "N"}, {"6": "E"}, {"6": "E"}, {"6": "E"}, {"6": "E"}, {"6": "E"}, {"6": "N"}, {"6": "E"}, {"6": "N"}, {"6": "E"}, {"6": "N"}, {"6": "E"}, {"6": "N"}, {"145": "N"}, {"145": "N"}, {"145": "N"}, {"145": "N"}, {"145": "N"}, {"145": "N"}, {"145": "W"}, {"145": "N"}, {"145": "N"}, {"145": "N"}, {"145": "N"}, {"145": "N"}, {"145": "N"}, {"145": "N"}, {"145": "N"}, {"145": "W"}, {"145": "N"}, {"145": "N"}, {"145": "N"}, {"145": "N"}, {"145": "N"}, {"145": "E"}, {"145": "N"}, {"145": "E"}, {"96": "W"}, {"96": "N"}, {"96": "N"}, {"96": "N"}, {"96": "N"}, {"96": "N"}, {"96": "N"}, {"96": "N"}, {"96": "N"}, {"96": "N"}, {"96": "E"}, {"96": "E"}, {"96": "E"}, {"96": "E"}, {"48": "W"}, {"48": "S"}, {"48": "W"}, {"48": "W"}, {"48": "W"}, {"48": "W"}, {"48": "W"}, {"48": "W"}, {"48": "S"}, {"48": "S"}, {"48": "S"}, {"48": "S"}, {"48": "S"}, {"48": "S"}, {"48": "S"}, {"48": "W"}, {"48": "S"}, {"48": "S"}, {"48": "S"}, {"48": "S"}, {"48": "S"}, {"48": "S"}, {"48": "W"}, {"48": "S"}, {"48": "W"}, {"48": "S"}, {"48": "S"}, {"48": "S"}, {"48": "W"}, {"48": "S"}, {"48": "W"}, {"48": "W"}, {"48": "N"}, {"48": "N"}, {"48": "N"}, {"48": "N"}, {"48": "N"}, {"48": "E"}, {"48": "E"}, {"138": "W"}, {"138": "W"}, {"138": "N"}, {"138": "N"}, {"138": "N"}, {"138": "W"}, {"138": "W"}, {"138": "W"}, {"138": "W"}, {"138": "W"}, {"138": "W"}, {"138": "N"}, {"138": "N"}, {"138": "N"}, {"138": "N"}, {"138": "N"}, {"138": "N"}, {"138": "N"}, {"138": "W"}, {"138": "W"}, {"138": "W"}, {"138": "N"}, {"138": "N"}, {"138": "N"}, {"138": "W"}, {"138": "N"}, {"138": "W"}, {"138": "N"}, {"138": "N"}, {"138": "W"}, {"138": "N"}, {"138": "W"}, {"138": "N"}, {"138": "N"}, {"138": "N"}, {"138": "N"}, {"138": "N"}, {"138": "N"}, {"138": "N"}, {"138": "N"}, {"138": "W"}, {"138": "N"}, {"138": "N"}, {"138": "E"}, {"108": "W"}, {"108": "W"}, {"108": "N"}, {"108": "N"}, {"108": "N"}, {"108": "N"}, {"108": "N"}, {"108": "W"}, {"108": "N"}, {"108": "W"}, {"108": "N"}, {"108": "N"}, {"108": "N"}, {"108": "N"}, {"108": "W"}, {"108": "W"}, {"108": "W"}, {"108": "N"}, {"108": "N"}, {"108": "N"}, {"108": "N"}, {"108": "N"}, {"108": "N"}, {"108": "N"}, {"108": "N"}, {"108": "N"}, {"108": "N"}, {"108": "N"}, {"108": "W"}, {"108": "N"}, {"108": "N"}, {"108": "E"}, {"53": "N"}, {"53": "E"}, {"53": "N"}, {"53": "N"}, {"53": "N"}, {"53": "N"}, {"53": "N"}, {"53": "N"}, {"53": "N"}, {"53": "N"}, {"53": "N"}, {"53": "N"}, {"53": "N"}, {"53": "N"}, {"53": "E"}, {"53": "E"}, {"53": "E"}, {"53": "E"}, {"53": "E"}, {"53": "E"}, {"53": "E"}, {"53": "E"}, {"53": "E"}, {"53": "E"}, {"116": "E"}, {"116": "N"}, {"116": "N"}, {"116": "N"}, {"116": "N"}, {"116": "N"}, {"116": "N"}, {"116": "N"}, {"116": "N"}, {"116": "E"}, {"116": "E"}, {"116": "E"}, {"116": "E"}, {"116": "E"}, {"27": "N"}, {"27": "N"}, {"27": "N"}, {"27": "N"}, {"27": "N"}, {"27": "N"}, {"27": "N"}, {"27": "E"}, {"27": "N"}, {"27": "E"}, {"27": "E"}, {"27": "E"}, {"27": "E"}, {"79": "N"}, {"79": "N"}, {"79": "N"}, {"79": "N"}, {"79": "N"}, {"79": "N"}, {"79": "N"}, {"79": "N"}, {"79": "N"}, {"79": "E"}, {"101": "N"}, {"101": "E"}, {"101": "N"}, {"101": "N"}, {"101": "N"}, {"101": "N"}, {"101": "N"}, {"101": "N"}, {"101": "N"}, {"101": "N"}, {"101": "N"}, {"101": "E"}, {"101": "E"}, {"101": "E"}, {"101": "E"}, {"101": "E"}, {"101": "E"}, {"101": "E"}, {"101": "E"}, {"101": "E"}, {"101": "E"}, {"101": "E"}, {"101": "N"}, {"101": "E"}, {"101": "N"}, {"101": "E"}, {"101": "E"}, {"179": "S"}, {"179": "W"}, {"179": "W"}, {"179": "W"}, {"179": "S"}, {"179": "W"}, {"179": "W"}, {"179": "W"}, {"179": "W"}, {"179": "S"}, {"179": "S"}, {"179": "S"}, {"179": "S"}, {"179": "W"}, {"179": "S"}, {"68": "W"}, {"68": "N"}, {"68": "W"}, {"68": "W"}, {"68": "W"}, {"68": "W"}, {"68": "W"}, {"68": "W"}, {"68": "W"}, {"68": "W"}, {"68": "W"}, {"68": "W"}, {"68": "W"}, {"68": "N"}, {"68": "N"}, {"68": "N"}, {"68": "N"}, {"68": "N"}, {"68": "N"}, {"68": "N"}, {"68": "N"}, {"68": "N"}, {"68": "N"}, {"68": "N"}, {"68": "N"}, {"68": "N"}, {"68": "W"}, {"68": "N"}, {"68": "N"}, {"68": "N"}, {"68": "N"}, {"68": "N"}, {"68": "E"}, {"50": "W"}, {"50": "W"}, {"50": "W"}, {"50": "N"}, {"50": "N"}, {"50": "N"}, {"50": "N"}, {"50": "N"}, {"50": "N"}, {"50": "N"}, {"50": "W"}, {"50": "N"}, {"50": "N"}, {"50": "N"}, {"50": "N"}, {"50": "N"}, {"50": "N"}, {"50": "N"}, {"50": "N"}, {"50": "N"}, {"50": "N"}, {"50": "N"}, {"50": "N"}, {"50": "N"}, {"50": "N"}, {"50": "N"}, {"7": "N"}, {"7": "E"}, {"7": "N"}, {"7": "N"}, {"7": "N"}, {"7": "E"}, {"7": "E"}, {"7": "E"}, {"7": "E"}, {"7": "E"}, {"7": "E"}, {"7": "E"}, {"7": "E"}, {"7": "E"}, {"7": "E"}, {"7": "E"}, {"41": "E"}, {"41": "N"}, {"41": "N"}, {"41": "N"}, {"41": "N"}, {"41": "N"}, {"41": "N"}, {"41": "N"}, {"41": "N"}, {"41": "N"}, {"41": "N"}, {"41": "N"}, {"41": "E"}, {"41": "E"}, {"41": "E"}, {"132": "W"}, {"132": "N"}, {"132": "N"}, {"132": "W"}, {"132": "W"}, {"132": "W"}, {"132": "W"}, {"132": "N"}, {"132": "N"}, {"132": "N"}, {"132": "N"}, {"132": "N"}, {"132": "N"}, {"132": "N"}, {"132": "N"}, {"132": "N"}, {"123": "E"}, {"123": "N"}, {"123": "N"}, {"123": "E"}, {"123": "E"}, {"123": "N"}, {"123": "E"}, {"123": "E"}, {"123": "E"}, {"123": "E"}, {"123": "E"}, {"123": "E"}, {"123": "E"}, {"123": "E"}, {"88": "W"}, {"88": "W"}, {"88": "W"}, {"88": "W"}, {"88": "W"}, {"88": "S"}, {"88": "S"}, {"88": "W"}, {"88": "W"}, {"88": "W"}, {"88": "W"}, {"88": "W"}, {"88": "W"}, {"88": "W"}, {"88": "W"}, {"88": "W"}, {"88": "W"}, {"88": "W"}, {"88": "N"}, {"88": "N"}, {"151": "W"}, {"151": "W"}, {"151": "W"}, {"151": "N"}, {"151": "N"}, {"151": "N"}, {"151": "N"}, {"151": "W"}, {"151": "N"}, {"151": "N"}, {"151": "N"}, {"151": "W"}, {"151": "N"}, {"151": "N"}, {"151": "N"}, {"151": "N"}, {"151": "W"}, {"151": "W"}, {"151": "W"}, {"151": "N"}, {"151": "N"}, {"151": "N"}, {"151": "W"}, {"151": "N"}, {"151": "W"}, {"151": "N"}, {"151": "N"}, {"151": "W"}, {"151": "N"}, {"151": "W"}, {"151": "N"}, {"151": "N"}, {"151": "N"}, {"151": "N"}, {"151": "N"}, {"151": "N"}, {"151": "N"}, {"115": "W"}, {"115": "W"}, {"115": "W"}, {"115": "W"}, {"115": "W"}, {"115": "W"}, {"115": "W"}, {"115": "W"}, {"115": "W"}, {"115": "W"}, {"115": "W"}, {"115": "W"}, {"115": "W"}, {"115": "W"}, {"115": "W"}, {"115": "S"}, {"115": "W"}, {"115": "W"}, {"115": "W"}, {"115": "N"}, {"115": "W"}, {"115": "W"}, {"115": "W"}, {"16": "W"}, {"16": "W"}, {"16": "S"}, {"16": "W"}, {"16": "W"}, {"16": "W"}, {"16": "W"}, {"16": "W"}, {"16": "W"}, {"16": "W"}, {"16": "W"}, {"16": "W"}, {"16": "W"}, {"16": "W"}, {"16": "W"}, {"16": "W"}, {"16": "W"}, {"16": "W"}, {"16": "W"}, {"16": "W"}, {"16": "W"}, {"16": "S"}, {"16": "S"}, {"16": "S"}, {"16": "S"}, {"16": "S"}, {"16": "S"}, {"16": "W"}, {"16": "W"}, {"16": "S"}, {"16": "S"}, {"16": "W"}, {"16": "S"}, {"16": "S"}, {"16": "S"}, {"16": "S"}, {"16": "E"}, {"16": "E"}, {"16": "E"}, {"85": "W"}, {"85": "W"}, {"85": "W"}, {"85": "W"}, {"85": "W"}, {"85": "W"}, {"85": "W"}, {"85": "W"}, {"85": "W"}, {"85": "W"}, {"85": "N"}, {"85": "N"}, {"85": "N"}, {"85": "W"}, {"85": "W"}, {"85": "W"}, {"85": "W"}, {"85": "W"}, {"85": "W"}, {"85": "W"}, {"85": "W"}, {"85": "W"}, {"85": "W"}, {"85": "W"}, {"85": "W"}, {"85": "W"}, {"85": "W"}, {"85": "W"}, {"85": "W"}, {"85": "W"}, {"85": "W"}, {"85": "W"}, {"85": "S"}, {"85": "S"}, {"85": "S"}, {"85": "S"}, {"85": "W"}, {"85": "S"}, {"85": "S"}, {"85": "W"}, {"85": "S"}, {"85": "S"}, {"85": "S"}, {"85": "E"}, {"85": "E"}, {"32": "N"}, {"32": "E"}, {"32": "N"}, {"32": "N"}, {"32": "N"}, {"32": "E"}, {"32": "E"}, {"32": "N"}, {"32": "E"}, {"32": "E"}, {"32": "E"}, {"32": "E"}, {"32": "E"}, {"32": "E"}, {"32": "E"}, {"167": "W"}, {"167": "W"}, {"167": "S"}, {"167": "W"}, {"167": "W"}, {"167": "W"}, {"167": "W"}, {"167": "W"}, {"167": "W"}, {"167": "W"}, {"167": "W"}, {"167": "W"}, {"167": "S"}, {"167": "S"}, {"167": "S"}, {"167": "S"}, {"167": "S"}, {"167": "S"}, {"167": "W"}, {"167": "S"}, {"167": "S"}, {"167": "W"}, {"167": "S"}, {"167": "S"}, {"167": "S"}, {"167": "S"}, {"167": "E"}, {"167": "E"}, {"21": "N"}, {"21": "E"}, {"21": "N"}, {"21": "N"}, {"21": "N"}, {"21": "N"}, {"21": "N"}, {"21": "N"}, {"21": "N"}, {"21": "N"}, {"21": "N"}, {"21": "E"}, {"21": "E"}, {"21": "E"}, {"121": "S"}, {"121": "W"}, {"121": "W"}, {"121": "W"}, {"121": "W"}, {"121": "W"}, {"121": "W"}, {"121": "W"}, {"121": "W"}, {"121": "W"}, {"121": "S"}, {"121": "S"}, {"121": "S"}, {"121": "S"}, {"121": "S"}, {"121": "S"}, {"121": "S"}, {"121": "S"}, {"121": "S"}, {"121": "S"}, {"121": "S"}, {"121": "S"}, {"121": "S"}, {"121": "W"}, {"121": "S"}, {"121": "W"}, {"121": "S"}, {"121": "S"}, {"121": "S"}, {"121": "W"}, {"121": "S"}, {"121": "W"}, {"121": "W"}, {"121": "N"}, {"121": "N"}, {"121": "W"}, {"61": "W"}, {"61": "S"}, {"61": "W"}, {"61": "W"}, {"61": "W"}, {"61": "W"}, {"61": "W"}, {"61": "W"}, {"61": "S"}, {"61": "S"}, {"61": "S"}, {"61": "S"}, {"61": "S"}, {"61": "S"}, {"61": "W"}, {"61": "W"}, {"61": "S"}, {"61": "S"}, {"61": "W"}, {"61": "S"}, {"61": "S"}, {"61": "S"}, {"61": "S"}, {"61": "S"}, {"61": "S"}, {"61": "E"}, {"61": "E"}, {"61": "E"}, {"9": "S"}, {"9": "W"}, {"9": "W"}, {"9": "W"}, {"9": "W"}, {"9": "W"}, {"9": "W"}, {"9": "W"}, {"9": "W"}, {"9": "W"}, {"9": "W"}, {"9": "W"}, {"9": "W"}, {"9": "S"}, {"9": "S"}, {"9": "S"}, {"9": "S"}, {"9": "S"}, {"9": "S"}, {"9": "W"}, {"9": "S"}, {"9": "S"}, {"9": "W"}, {"9": "S"}, {"9": "S"}, {"9": "S"}, {"9": "S"}, {"9": "S"}, {"9": "S"}, {"9": "E"}, {"9": "E"}, {"9": "N"}, {"141": "W"}, {"141": "W"}, {"141": "W"}, {"141": "W"}, {"141": "W"}, {"141": "W"}, {"141": "W"}, {"141": "W"}, {"141": "W"}, {"141": "W"}, {"141": "W"}, {"141": "W"}, {"141": "W"}, {"141": "W"}, {"141": "S"}, {"141": "W"}, {"141": "W"}, {"141": "S"}, {"141": "W"}, {"141": "W"}, {"141": "S"}, {"141": "S"}, {"141": "S"}, {"141": "S"}, {"141": "S"}, {"141": "E"}, {"141": "S"}, {"141": "S"}, {"141": "W"}, {"141": "W"}, {"141": "N"}, {"162": "E"}, {"162": "S"}, {"162": "S"}, {"162": "E"}, {"162": "E"}, {"162": "E"}, {"162": "S"}, {"162": "E"}, {"162": "E"}, {"162": "E"}, {"162": "E"}, {"162": "N"}, {"162": "E"}, {"162": "E"}, {"162": "E"}, {"157": "W"}, {"157": "W"}, {"157": "S"}, {"157": "W"}, {"157": "W"}, {"157": "W"}, {"157": "S"}, {"157": "S"}, {"157": "S"}, {"157": "S"}, {"157": "S"}, {"157": "S"}, {"157": "S"}, {"157": "W"}, {"157": "S"}, {"157": "S"}, {"157": "S"}, {"157": "S"}, {"157": "S"}, {"157": "S"}, {"157": "W"}, {"157": "S"}, {"157": "W"}, {"157": "S"}, {"157": "S"}, {"157": "S"}, {"157": "W"}, {"157": "S"}, {"157": "W"}, {"157": "S"}, {"157": "W"}, {"157": "S"}, {"157": "W"}, {"157": "W"}, {"157": "N"}, {"157": "N"}, {"157": "N"}, {"157": "N"}, {"82": "S"}, {"82": "S"}, {"82": "E"}, {"82": "E"}, {"82": "E"}, {"82": "N"}, {"82": "E"}, {"82": "E"}, {"82": "E"}, {"82": "E"}, {"82": "E"}, {"82": "E"}, {"82": "S"}, {"82": "E"}, {"82": "E"}, {"82": "E"}, {"82": "E"}, {"82": "E"}, {"82": "E"}, {"82": "S"}, {"82": "E"}, {"82": "E"}, {"82": "N"}, {"82": "E"}, {"140": "E"}, {"140": "S"}, {"140": "S"}, {"140": "S"}, {"140": "S"}, {"140": "S"}, {"140": "E"}, {"140": "E"}, {"140": "E"}, {"140": "S"}, {"140": "E"}, {"73": "N"}, {"73": "E"}, {"73": "N"}, {"73": "N"}, {"73": "N"}, {"73": "N"}, {"73": "N"}, {"73": "N"}, {"73": "N"}, {"73": "N"}, {"73": "N"}, {"73": "N"}, {"73": "E"}, {"73": "E"}, {"87": "E"}, {"87": "S"}, {"87": "S"}, {"87": "W"}, {"87": "W"}, {"87": "W"}, {"87": "W"}, {"87": "W"}, {"87": "W"}, {"87": "W"}, {"87": "S"}, {"87": "S"}, {"87": "S"}, {"87": "S"}, {"87": "S"}, {"87": "S"}, {"87": "W"}, {"87": "S"}, {"87": "S"}, {"87": "W"}, {"87": "S"}, {"87": "S"}, {"87": "S"}, {"87": "S"}, {"87": "S"}, {"87": "W"}, {"87": "S"}, {"87": "S"}, {"87": "S"}, {"87": "S"}, {"87": "E"}, {"87": "E"}, {"87": "E"}, {"143": "E"}, {"143": "S"}, {"143": "S"}, {"143": "S"}, {"143": "E"}, {"143": "E"}, {"143": "E"}, {"143": "E"}, {"143": "E"}, {"143": "E"}, {"143": "E"}, {"143": "E"}, {"18": "E"}, {"18": "S"}, {"18": "S"}, {"18": "S"}, {"18": "S"}, {"18": "S"}, {"18": "S"}, {"18": "S"}, {"18": "S"}, {"18": "E"}, {"18": "E"}, {"18": "E"}, {"18": "E"}, {"18": "S"}, {"18": "S"}, {"18": "S"}, {"18": "E"}, {"18": "E"}, {"18": "E"}, {"18": "E"}, {"18": "E"}, {"18": "E"}, {"18": "E"}, {"175": "N"}, {"175": "N"}, {"175": "E"}, {"175": "N"}, {"175": "N"}, {"175": "E"}, {"175": "E"}, {"175": "N"}, {"175": "N"}, {"175": "E"}, {"175": "E"}, {"175": "E"}, {"113": "W"}, {"113": "S"}, {"113": "S"}, {"113": "W"}, {"113": "S"}, {"113": "S"}, {"113": "W"}, {"113": "S"}, {"113": "S"}, {"113": "W"}, {"113": "S"}, {"113": "S"}, {"113": "W"}, {"113": "W"}, {"113": "S"}, {"113": "S"}, {"113": "W"}, {"113": "S"}, {"113": "S"}, {"113": "S"}, {"113": "S"}, {"113": "S"}, {"113": "W"}, {"113": "S"}, {"113": "S"}, {"113": "S"}, {"113": "S"}, {"113": "S"}, {"113": "S"}, {"113": "S"}, {"113": "S"}, {"113": "E"}, {"113": "E"}, {"113": "E"}, {"113": "S"}, {"113": "E"}, {"113": "S"}, {"113": "E"}, {"113": "E"}, {"37": "S"}, {"37": "E"}, {"37": "E"}, {"37": "E"}, {"37": "E"}, {"37": "E"}, {"37": "E"}, {"37": "E"}, {"37": "E"}, {"37": "E"}, {"37": "S"}, {"37": "E"}, {"37": "S"}, {"37": "E"}, {"11": "S"}, {"11": "E"}, {"11": "E"}, {"11": "E"}, {"11": "E"}, {"11": "S"}, {"11": "E"}, {"11": "E"}, {"11": "E"}, {"11": "S"}, {"11": "E"}, {"11": "E"}, {"11": "N"}, {"11": "E"}, {"11": "E"}, {"11": "S"}, {"11": "S"}, {"11": "S"}, {"11": "E"}, {"11": "E"}, {"11": "E"}, {"11": "E"}, {"11": "E"}, {"11": "E"}, {"148": "S"}, {"148": "S"}, {"148": "S"}, {"148": "E"}, {"148": "S"}, {"148": "E"}, {"148": "E"}, {"148": "S"}, {"148": "E"}, {"148": "E"}, {"148": "S"}, {"148": "S"}, {"148": "E"}, {"148": "S"}, {"148": "S"}, {"148": "S"}, {"148": "S"}, {"148": "S"}, {"148": "S"}, {"148": "S"}, {"148": "W"}, {"148": "S"}, {"148": "W"}, {"148": "S"}, {"148": "S"}, {"148": "S"}, {"148": "W"}, {"148": "S"}, {"148": "S"}, {"148": "S"}, {"148": "W"}, {"148": "S"}, {"148": "S"}, {"148": "S"}, {"148": "S"}, {"148": "S"}, {"148": "S"}, {"148": "W"}, {"90": "S"}, {"90": "E"}, {"90": "E"}, {"90": "E"}, {"90": "E"}, {"90": "E"}, {"90": "S"}, {"90": "S"}, {"90": "S"}, {"90": "E"}, {"90": "E"}, {"90": "E"}, {"90": "E"}, {"90": "E"}, {"69": "S"}, {"69": "S"}, {"69": "S"}, {"69": "S"}, {"69": "S"}, {"69": "E"}, {"69": "S"}, {"69": "S"}, {"69": "S"}, {"69": "S"}, {"69": "S"}, {"69": "S"}, {"69": "S"}, {"69": "S"}, {"69": "S"}, {"69": "S"}, {"69": "S"}, {"69": "S"}, {"69": "S"}, {"69": "S"}, {"69": "E"}, {"69": "E"}, {"69": "E"}, {"69": "S"}, {"69": "E"}, {"69": "S"}, {"69": "E"}, {"24": "S"}, {"24": "E"}, {"24": "E"}, {"24": "E"}, {"24": "E"}, {"24": "E"}, {"24": "E"}, {"24": "E"}, {"24": "S"}, {"24": "E"}, {"24": "E"}, {"24": "S"}, {"24": "E"}, {"24": "S"}, {"24": "E"}, {"24": "S"}, {"33": "S"}, {"33": "S"}, {"33": "S"}, {"33": "S"}, {"33": "S"}, {"33": "S"}, {"33": "S"}, {"33": "W"}, {"33": "S"}, {"33": "S"}, {"33": "W"}, {"33": "S"}, {"33": "S"}, {"33": "S"}, {"33": "S"}, {"33": "S"}, {"33": "W"}, {"33": "S"}, {"33": "S"}, {"33": "S"}, {"33": "S"}, {"33": "S"}, {"33": "S"}, {"33": "S"}, {"33": "S"}, {"33": "S"}, {"33": "S"}, {"33": "S"}, {"33": "E"}, {"33": "E"}, {"33": "E"}, {"33": "E"}, {"33": "E"}, {"33": "S"}, {"33": "S"}, {"33": "S"}, {"33": "S"}, {"33": "E"}, {"33": "E"}, {"33": "E"}, {"67": "S"}, {"67": "E"}, {"67": "S"}, {"67": "S"}, {"67": "S"}, {"67": "E"}, {"67": "E"}, {"67": "E"}, {"67": "E"}, {"67": "E"}, {"67": "E"}, {"67": "E"}, {"67": "E"}, {"67": "E"}, {"67": "E"}, {"67": "E"}, {"67": "E"}, {"67": "E"}, {"160": "S"}, {"160": "S"}, {"160": "S"}, {"160": "S"}, {"160": "S"}, {"160": "S"}, {"160": "S"}, {"160": "S"}, {"160": "S"}, {"160": "S"}, {"160": "S"}, {"160": "S"}, {"160": "S"}, {"160": "S"}, {"160": "S"}, {"160": "S"}, {"160": "S"}, {"160": "S"}, {"160": "E"}, {"160": "E"}, {"160": "E"}, {"160": "E"}, {"160": "E"}, {"160": "E"}, {"160": "E"}, {"160": "N"}, {"160": "E"}, {"160": "E"}, {"160": "S"}, {"160": "S"}, {"160": "W"}, {"160": "S"}, {"160": "W"}, {"160": "W"}, {"160": "S"}, {"160": "S"}, {"160": "S"}, {"160": "E"}, {"22": "S"}, {"22": "S"}, {"22": "S"}, {"22": "S"}, {"22": "S"}, {"22": "W"}, {"22": "S"}, {"22": "S"}, {"22": "W"}, {"22": "W"}, {"22": "S"}, {"22": "S"}, {"22": "W"}, {"22": "S"}, {"22": "S"}, {"22": "S"}, {"22": "S"}, {"22": "S"}, {"22": "W"}, {"22": "S"}, {"22": "S"}, {"22": "S"}, {"22": "S"}, {"22": "S"}, {"22": "S"}, {"22": "S"}, {"22": "S"}, {"22": "S"}, {"22": "S"}, {"22": "S"}, {"22": "S"}, {"22": "S"}, {"22": "S"}, {"22": "S"}, {"22": "S"}, {"22": "S"}, {"22": "E"}, {"22": "E"}, {"22": "E"}, {"22": "S"}, {"22": "E"}, {"22": "E"}, {"22": "E"}, {"22": "E"}, {"22": "E"}, {"22": "N"}, {"97": "S"}, {"97": "S"}, {"97": "E"}, {"97": "E"}, {"97": "E"}, {"97": "E"}, {"97": "E"}, {"150": "E"}, {"150": "S"}, {"150": "S"}, {"150": "S"}, {"150": "S"}, {"150": "S"}, {"150": "S"}, {"150": "S"}, {"150": "S"}, {"150": "S"}, {"150": "S"}, {"150": "E"}, {"150": "E"}, {"150": "E"}, {"150": "E"}, {"150": "E"}, {"150": "E"}, {"150": "S"}, {"150": "E"}, {"150": "E"}, {"150": "S"}, {"150": "E"}, {"150": "E"}, {"150": "N"}, {"150": "N"}, {"150": "E"}, {"78": "E"}, {"78": "S"}, {"78": "S"}, {"78": "S"}, {"78": "S"}, {"78": "S"}, {"78": "S"}, {"78": "S"}, {"78": "S"}, {"78": "W"}, {"78": "W"}, {"78": "S"}, {"78": "S"}, {"78": "W"}, {"78": "S"}, {"78": "S"}, {"78": "S"}, {"78": "S"}, {"78": "S"}, {"78": "W"}, {"78": "S"}, {"78": "S"}, {"78": "S"}, {"78": "S"}, {"78": "S"}, {"78": "S"}, {"78": "S"}, {"78": "S"}, {"78": "S"}, {"78": "S"}, {"78": "S"}, {"78": "S"}, {"78": "S"}, {"78": "S"}, {"78": "S"}, {"78": "S"}, {"78": "S"}, {"78": "E"}, {"78": "E"}, {"78": "E"}, {"78": "S"}, {"78": "E"}, {"78": "E"}, {"78": "N"}, {"136": "W"}, {"136": "S"}, {"136": "W"}, {"136": "W"}, {"136": "W"}, {"136": "W"}, {"136": "W"}, {"136": "S"}, {"136": "S"}, {"136": "S"}, {"136": "S"}, {"136": "S"}, {"136": "S"}, {"136": "S"}, {"136": "S"}, {"136": "W"}, {"136": "S"}, {"136": "S"}, {"136": "S"}, {"136": "S"}, {"136": "S"}, {"136": "W"}, {"136": "S"}, {"136": "S"}, {"136": "S"}, {"136": "S"}, {"136": "S"}, {"136": "S"}, {"136": "S"}, {"136": "S"}, {"136": "S"}, {"136": "S"}, {"136": "S"}, {"136": "S"}, {"136": "S"}, {"136": "S"}, {"136": "S"}, {"136": "S"}, {"136": "S"}, {"136": "E"}, {"136": "E"}, {"80": "S"}, {"80": "E"}, {"80": "S"}, {"80": "S"}, {"80": "S"}, {"80": "S"}, {"80": "S"}, {"80": "S"}, {"80": "S"}, {"80": "S"}, {"80": "S"}, {"80": "S"}, {"80": "S"}, {"80": "S"}, {"80": "S"}, {"80": "S"}, {"80": "S"}, {"80": "E"}, {"80": "E"}, {"80": "E"}, {"80": "E"}, {"80": "E"}, {"80": "E"}], "result": "SUCCESS", "makespan": 2499, "sum": 4741, "algo_name": "OutAndInByPercentage_per_50_SW_"}