{"instance": "medium_free_001_30x30_20_180", "steps": [{"124": "W", "127": "N", "45": "W", "49": "E", "14": "W", "98": "S", "108": "S", "151": "S", "10": "S", "85": "E", "161": "S", "171": "W", "175": "W", "176": "W", "8": "W", "68": "S", "70": "E", "111": "E", "136": "N", "153": "E", "23": "S", "36": "W", "106": "S", "120": "N", "1": "N", "47": "W", "84": "N", "100": "S", "135": "E", "155": "S", "166": "S", "59": "S", "145": "S", "30": "E", "34": "N", "52": "E", "26": "S", "83": "W", "35": "S", "76": "W", "132": "S", "152": "E", "99": "S", "62": "S", "159": "W"}, {"124": "W", "127": "N", "45": "W", "49": "E", "14": "W", "98": "S", "108": "S", "151": "S", "10": "S", "85": "E", "161": "S", "175": "W", "176": "W", "8": "W", "68": "S", "70": "E", "111": "E", "153": "E", "23": "S", "106": "S", "120": "N", "1": "N", "47": "W", "84": "N", "100": "S", "135": "E", "155": "S", "145": "S", "30": "E", "34": "N", "26": "S", "35": "S", "76": "W", "152": "E", "62": "S", "159": "W"}, {"127": "W", "45": "W", "49": "E", "14": "W", "98": "S", "108": "S", "151": "S", "10": "S", "85": "E", "161": "S", "175": "W", "176": "W", "8": "W", "68": "S", "70": "E", "111": "E", "153": "E", "23": "S", "106": "S", "1": "N", "47": "W", "100": "S", "135": "E", "155": "S", "145": "S", "34": "N", "26": "S", "35": "S", "76": "W", "152": "E", "62": "S", "159": "W"}, {"124": "W", "45": "S", "14": "W", "98": "S", "108": "S", "151": "S", "10": "S", "85": "E", "161": "S", "175": "W", "176": "W", "8": "W", "68": "S", "70": "E", "111": "E", "153": "E", "23": "S", "106": "S", "1": "N", "47": "W", "100": "S", "135": "E", "155": "S", "145": "S", "34": "N", "26": "S", "76": "W", "62": "S", "159": "W"}, {"98": "E", "108": "S", "151": "S", "10": "S", "85": "E", "161": "S", "175": "W", "176": "W", "8": "W", "68": "S", "70": "E", "111": "E", "153": "E", "23": "S", "106": "S", "1": "N", "47": "W", "100": "S", "135": "E", "155": "S", "145": "S", "34": "N", "26": "S", "76": "W", "62": "S", "159": "W"}, {"49": "E", "85": "N", "176": "S", "68": "S", "70": "E", "111": "E", "153": "E", "23": "S", "106": "S", "1": "N", "47": "W", "100": "S", "135": "E", "155": "S", "145": "S", "34": "N", "26": "S", "62": "S", "159": "W"}, {"176": "W", "8": "W", "68": "E", "70": "S", "23": "S", "106": "S", "1": "N", "47": "W", "100": "S", "135": "E", "155": "S", "145": "S", "34": "N", "26": "S", "159": "W"}, {"124": "W", "14": "W", "23": "E", "1": "N", "47": "W", "100": "S", "135": "E", "145": "S", "34": "N", "26": "S", "159": "W"}, {"100": "S", "135": "N", "155": "S", "145": "S", "34": "N", "26": "S"}, {"1": "N", "155": "S", "34": "N", "26": "S"}, {"106": "S", "155": "E", "26": "S"}, {"82": "W", "126": "W", "123": "N", "163": "W", "141": "W", "97": "W", "142": "N", "32": "N", "128": "N", "75": "E", "9": "W", "157": "W", "65": "E", "112": "N", "46": "W", "29": "S", "117": "S", "139": "E", "60": "W", "50": "N", "67": "S", "20": "E", "25": "N", "177": "S", "81": "W", "33": "E", "148": "S", "78": "S", "156": "N", "103": "W", "92": "N", "69": "S", "40": "W", "114": "W", "115": "E", "94": "N", "110": "N", "56": "W", "169": "E", "121": "W", "125": "W", "31": "N", "42": "E", "172": "S", "150": "E", "122": "W", "130": "W", "15": "S", "140": "W", "28": "S", "90": "S", "16": "W", "2": "S", "12": "E", "93": "W", "71": "N", "0": "W", "22": "S", "102": "S", "41": "N", "131": "W", "66": "N", "118": "N", "55": "W", "43": "S", "48": "W", "178": "E", "6": "N", "170": "W", "57": "N", "173": "W", "86": "S", "160": "S", "11": "S", "61": "W", "129": "N", "77": "S", "89": "W", "113": "W", "134": "S", "167": "W", "53": "S", "87": "W", "105": "W", "13": "S", "179": "W", "39": "S", "58": "W", "19": "W", "144": "S", "80": "N", "5": "S", "38": "N", "174": "W", "149": "S", "73": "W", "18": "W", "116": "E"}, {"91": "W", "171": "W", "74": "E", "36": "W", "120": "N", "21": "W", "84": "N", "104": "S", "166": "S", "59": "S", "88": "E", "158": "E", "30": "E", "52": "E", "146": "S", "83": "W", "35": "S", "132": "S", "152": "E", "99": "S"}, {"171": "W", "120": "N", "84": "N", "166": "S", "158": "E", "30": "E", "146": "S", "152": "E"}, {"171": "W", "120": "N", "84": "N", "166": "S", "158": "E", "30": "E", "146": "S", "152": "E"}, {"171": "W", "120": "N", "84": "N", "166": "S", "158": "E", "30": "E", "152": "E"}, {"120": "N", "84": "N", "166": "S", "158": "E", "30": "E", "152": "E"}, {"84": "N", "166": "S", "158": "E", "30": "E", "152": "E"}, {"84": "W", "166": "S", "158": "E", "30": "E", "152": "E"}, {"166": "W", "30": "E", "158": "E", "152": "E"}, {"30": "N", "158": "E"}, {"158": "N", "152": "E"}, {"152": "S"}, {"174": "W", "121": "W", "13": "E", "89": "E", "48": "W", "50": "N", "128": "S", "78": "S", "20": "W", "97": "S", "92": "W", "77": "E", "141": "W", "9": "W", "130": "W", "71": "W", "29": "E", "179": "S", "178": "E", "173": "W", "22": "S", "150": "S", "147": "W", "2": "W", "126": "S", "53": "N", "102": "S", "93": "W", "148": "W", "169": "E", "138": "S", "63": "E", "140": "W", "60": "N", "139": "E", "19": "W", "129": "N", "7": "W", "33": "S", "5": "W", "16": "W", "67": "S", "11": "S", "6": "N", "134": "W", "177": "S", "12": "N", "110": "E", "112": "E", "43": "W", "123": "W", "80": "N", "156": "E", "164": "N", "90": "S", "18": "W", "114": "W", "168": "W", "122": "S", "86": "S", "167": "W", "160": "S", "65": "E", "142": "N", "105": "S", "58": "S", "75": "S", "116": "W", "56": "W", "113": "S", "163": "N", "69": "S", "165": "N", "172": "S", "40": "W", "66": "E", "157": "W", "103": "E", "25": "W", "51": "N", "107": "W", "57": "E", "0": "W", "73": "S", "39": "E", "55": "W", "46": "W", "109": "E", "149": "N", "44": "S", "31": "W", "81": "W", "170": "W", "15": "S", "118": "E", "61": "W", "42": "N", "28": "S", "79": "N", "41": "N", "162": "S", "125": "N"}, {"74": "E", "21": "W", "104": "S", "59": "S", "88": "E", "119": "S", "52": "E", "146": "S", "83": "W", "35": "S", "132": "S", "99": "S", "159": "W"}, {"74": "E", "21": "W", "104": "S", "88": "E", "119": "S", "52": "E", "146": "S"}, {"74": "E", "104": "S", "88": "E", "119": "S", "52": "E", "146": "S"}, {"74": "E", "104": "S", "119": "S", "52": "E", "146": "S"}, {"74": "E", "104": "S", "119": "S", "52": "E", "146": "S"}, {"74": "N", "104": "S", "119": "S", "52": "E", "146": "S"}, {"151": "S", "10": "S", "104": "S", "146": "S", "119": "S", "52": "E"}, {"52": "E", "119": "S"}, {"68": "S", "52": "E", "119": "S"}, {"52": "N"}, {"39": "E", "178": "N", "13": "E", "140": "W", "90": "S", "33": "E", "87": "W", "142": "N", "24": "S", "46": "W", "128": "N", "105": "S", "80": "W", "164": "S", "58": "S", "102": "W", "165": "W", "125": "N", "89": "N", "82": "W", "5": "S", "154": "N", "61": "W", "103": "E", "147": "E", "116": "N", "0": "W", "65": "E", "22": "W", "81": "W", "38": "N", "72": "N", "31": "W", "43": "S", "173": "W", "149": "W", "2": "N", "63": "N", "107": "S", "169": "N", "79": "E", "118": "S", "130": "W", "123": "N", "92": "W", "177": "W", "71": "W", "18": "W", "42": "N", "172": "E", "57": "S", "25": "W", "131": "N", "96": "W", "11": "S", "160": "S", "122": "W", "29": "S", "55": "W", "51": "W", "174": "W", "77": "S", "69": "S", "170": "W", "141": "W", "86": "S", "50": "W", "167": "W", "150": "S", "7": "N", "163": "W", "144": "E", "156": "E", "6": "S", "9": "W", "93": "W", "44": "E", "126": "S", "162": "S", "113": "S", "109": "N", "28": "S", "67": "S", "48": "W", "16": "W", "78": "S", "19": "W", "15": "S", "40": "W", "129": "N", "12": "N", "139": "E", "157": "W", "20": "E", "137": "S", "134": "W", "112": "N", "54": "E", "148": "S", "75": "S", "121": "W", "110": "W"}, {"91": "W", "136": "N", "59": "S", "88": "E", "83": "W", "35": "S", "132": "S", "99": "S", "62": "S", "159": "W"}, {"136": "N", "59": "S", "88": "E", "35": "S", "62": "S", "159": "W"}, {"136": "N", "59": "S", "88": "E", "35": "S"}, {"136": "N", "59": "S", "88": "E", "35": "S"}, {"74": "E", "136": "N", "88": "E", "59": "S", "35": "S"}, {"59": "S", "35": "S"}, {"59": "S", "35": "S"}, {"72": "W", "69": "S", "172": "S", "50": "W", "48": "W", "129": "N", "2": "W", "28": "E", "38": "N", "42": "N", "29": "E", "178": "E", "107": "S", "54": "E", "144": "N", "81": "W", "123": "N", "96": "N", "61": "W", "77": "W", "174": "N", "162": "E", "0": "W", "126": "W", "154": "N", "147": "E", "66": "E", "4": "E", "167": "W", "58": "S", "64": "W", "92": "W", "15": "N", "65": "E", "11": "S", "141": "W", "140": "W", "46": "S", "16": "W", "156": "E", "109": "N", "125": "N", "55": "N", "93": "W", "139": "E", "142": "E", "118": "S", "103": "W", "102": "S", "130": "W", "110": "W", "67": "E", "148": "S", "90": "S", "87": "W", "163": "N", "121": "W", "134": "N", "170": "S", "24": "N", "105": "S", "31": "N", "157": "W", "20": "N", "63": "E", "114": "W", "131": "W", "177": "W", "137": "W", "138": "W", "5": "S", "44": "N", "150": "S", "71": "W", "97": "S", "43": "S", "116": "W", "128": "N", "78": "S", "82": "S", "80": "S", "9": "W", "6": "N", "18": "S", "13": "E", "179": "W", "22": "S", "7": "N", "12": "W", "164": "S", "168": "N", "40": "W", "149": "W", "39": "E", "169": "N", "51": "W", "122": "W", "86": "S", "173": "W", "60": "N"}, {"91": "W", "36": "W", "132": "S", "99": "S", "159": "W"}, {"91": "W", "132": "S", "99": "S", "159": "W"}, {"91": "W", "132": "S", "99": "S", "159": "W"}, {"91": "S", "132": "S", "99": "S"}, {"159": "W", "132": "S", "99": "S"}, {"159": "W", "132": "S", "99": "S"}, {"159": "S", "132": "S", "99": "S"}, {"132": "S", "99": "S"}, {"132": "S", "99": "S"}, {"132": "S", "99": "S"}, {"132": "E"}, {"99": "S"}, {"99": "W"}, {"44": "N", "82": "E", "102": "E", "38": "W", "73": "W", "172": "N", "93": "W", "61": "W", "138": "W", "42": "N", "178": "N", "142": "W", "63": "E", "128": "N", "20": "E", "66": "E", "71": "W", "140": "S", "78": "S", "40": "W", "150": "W", "5": "E", "12": "N", "31": "W", "22": "N", "97": "S", "0": "W", "55": "N", "81": "N", "130": "W", "9": "W", "96": "E", "24": "S", "148": "S", "46": "N", "117": "E", "113": "S", "174": "N", "65": "E", "167": "W", "133": "N", "129": "W", "72": "W", "141": "S", "147": "S", "92": "S", "173": "W", "168": "N", "54": "S", "60": "N", "2": "N", "170": "S", "16": "W", "160": "E", "105": "S", "41": "N", "144": "E", "107": "S", "90": "E", "11": "S", "87": "W", "51": "N", "80": "S", "53": "W", "103": "W", "177": "S", "131": "N", "48": "W", "64": "S", "116": "N", "27": "W", "89": "E", "164": "S", "121": "W", "13": "S", "125": "W", "154": "N", "25": "W", "110": "W", "157": "W", "43": "E", "57": "S", "33": "E", "126": "W", "69": "S", "118": "E", "75": "S", "86": "S", "15": "N", "39": "N", "169": "N", "179": "W", "134": "N", "163": "N", "6": "W", "17": "E", "18": "E", "29": "E", "137": "W", "114": "S", "115": "W", "77": "S"}, {"159": "W", "36": "W", "21": "W", "76": "W", "62": "S"}, {"91": "W", "159": "W"}, {"177": "S", "160": "S", "60": "N", "114": "N", "115": "W", "163": "W", "113": "S", "103": "N", "58": "W", "86": "S", "93": "W", "139": "S", "97": "W", "54": "S", "96": "E", "72": "W", "78": "S", "61": "W", "11": "E", "138": "W", "164": "S", "149": "W", "134": "N", "131": "N", "25": "N", "63": "W", "142": "W", "137": "S", "24": "W", "9": "W", "71": "W", "5": "S", "105": "S", "170": "S", "150": "S", "172": "W", "154": "N", "16": "W", "15": "W", "32": "N", "41": "W", "141": "S", "82": "E", "117": "S", "174": "N", "128": "W", "31": "W", "7": "N", "125": "N", "101": "W", "51": "W", "66": "E", "17": "N", "95": "N", "110": "W", "129": "N", "42": "N", "148": "S", "116": "W", "173": "W", "38": "S", "130": "W", "107": "S", "18": "S", "126": "N", "140": "E", "118": "W", "2": "W", "57": "S", "69": "S", "144": "E", "102": "N", "44": "W", "19": "S", "13": "E", "81": "E", "48": "W", "147": "E", "121": "W", "22": "N", "55": "W", "6": "E", "168": "W", "157": "W", "12": "N", "167": "W", "90": "E", "133": "W", "40": "N", "73": "W", "165": "W", "20": "N", "43": "E", "65": "N", "0": "W", "112": "E", "80": "W", "179": "S", "46": "N", "75": "S", "29": "E", "39": "W", "92": "S", "4": "E"}, {"124": "W", "14": "W", "47": "W", "3": "W", "36": "W", "83": "W", "62": "S"}, {"124": "W", "14": "W", "83": "W"}, {"124": "W"}, {"164": "S", "4": "S", "78": "W", "61": "S", "50": "N", "101": "N", "178": "N", "168": "W", "139": "E", "87": "W", "65": "N", "15": "S", "11": "E", "54": "W", "92": "S", "128": "E", "40": "N", "22": "E", "89": "W", "29": "E", "115": "W", "48": "W", "66": "E", "57": "S", "165": "W", "170": "S", "58": "W", "31": "W", "102": "S", "72": "W", "75": "S", "125": "W", "126": "W", "114": "W", "63": "N", "64": "N", "160": "S", "96": "E", "148": "W", "90": "E", "6": "S", "51": "W", "157": "W", "18": "W", "137": "S", "25": "W", "107": "E", "42": "W", "27": "S", "141": "S", "80": "W", "44": "N", "39": "S", "12": "N", "122": "W", "163": "W", "103": "W", "9": "W", "67": "E", "129": "W", "2": "W", "167": "W", "33": "S", "37": "E", "73": "W", "172": "S", "147": "S", "118": "W", "41": "W", "149": "W", "46": "W", "117": "S", "43": "E", "105": "E", "95": "N", "77": "N", "131": "W", "121": "W", "179": "S", "60": "E", "133": "W", "150": "S", "140": "W", "134": "W", "17": "N", "144": "E", "138": "W", "113": "S", "177": "W", "55": "W", "5": "E", "110": "W", "93": "W", "69": "S", "7": "N", "38": "N", "82": "W", "16": "W", "32": "N", "130": "W", "71": "W", "169": "S", "0": "W", "173": "N", "142": "N"}, {"3": "W", "36": "W", "83": "W", "62": "S"}, {"36": "W", "62": "S"}, {"62": "S"}, {"62": "S"}, {"62": "S"}, {"62": "E"}, {"107": "S", "157": "W", "55": "W", "19": "W", "9": "W", "90": "E", "131": "W", "37": "S", "78": "S", "64": "S", "75": "E", "5": "E", "138": "W", "33": "S", "53": "W", "93": "W", "82": "W", "103": "N", "58": "W", "133": "N", "177": "W", "54": "W", "149": "W", "39": "N", "126": "W", "72": "W", "48": "W", "134": "W", "130": "W", "15": "S", "95": "S", "6": "E", "160": "E", "17": "E", "168": "W", "147": "S", "102": "S", "0": "W", "27": "S", "110": "W", "89": "N", "121": "W", "44": "E", "51": "W", "117": "S", "169": "N", "165": "S", "81": "N", "32": "E", "116": "E", "143": "W", "125": "W", "142": "S", "115": "W", "71": "W", "4": "E", "16": "W", "12": "W", "167": "E", "60": "S", "65": "E", "173": "W", "22": "S", "61": "S", "178": "N", "150": "S", "42": "W", "105": "S", "87": "W", "57": "S", "148": "S", "118": "S", "2": "W", "20": "N", "163": "N", "18": "S", "77": "E", "11": "E", "137": "E", "128": "S", "122": "W", "40": "N", "96": "E", "154": "W", "113": "N", "139": "E", "73": "W", "25": "W", "101": "W", "63": "E", "43": "E", "46": "W", "80": "S", "179": "S", "41": "W", "66": "E", "92": "S", "170": "S", "129": "N", "172": "S", "38": "N"}, {"21": "W", "83": "W", "76": "W"}, {"83": "W"}, {"83": "W"}, {"83": "W"}, {"19": "W", "116": "E", "143": "S", "95": "N", "18": "S", "170": "S", "115": "W", "77": "N", "82": "E", "140": "S", "139": "E", "121": "W", "92": "S", "157": "W", "149": "W", "105": "E", "64": "E", "60": "W", "42": "N", "169": "E", "72": "W", "101": "N", "87": "S", "46": "S", "7": "N", "51": "W", "90": "E", "55": "W", "50": "W", "69": "S", "163": "N", "75": "E", "53": "N", "16": "W", "128": "E", "58": "W", "177": "W", "39": "S", "172": "E", "164": "S", "117": "W", "15": "S", "54": "S", "63": "N", "173": "W", "80": "S", "97": "W", "5": "S", "126": "W", "93": "W", "61": "S", "133": "W", "27": "E", "160": "S", "6": "N", "89": "W", "130": "W", "96": "E", "48": "S", "118": "S", "33": "S", "147": "S", "22": "E", "78": "S", "2": "W", "37": "S", "38": "S", "103": "W", "110": "W", "44": "E", "113": "S", "41": "W", "148": "S", "137": "W", "81": "W", "122": "W", "125": "W", "134": "N", "40": "N", "107": "S", "142": "N", "20": "W", "102": "S", "168": "W", "138": "W", "43": "E", "165": "W", "131": "N", "25": "W", "17": "E", "73": "N", "0": "W", "150": "S", "12": "W", "11": "E", "144": "N", "71": "N", "66": "E", "179": "S", "65": "N", "167": "W", "9": "S", "178": "N", "57": "S", "114": "W"}, {"175": "W", "36": "W", "21": "W", "76": "W"}, {"21": "W"}, {"21": "W"}, {"9": "E", "92": "S", "73": "N", "165": "S", "129": "W", "103": "N", "33": "S", "20": "W", "18": "S", "61": "E", "130": "W", "154": "W", "95": "N", "40": "E", "101": "N", "22": "S", "55": "W", "42": "N", "7": "S", "107": "E", "66": "E", "82": "W", "115": "W", "167": "W", "58": "S", "105": "W", "39": "S", "78": "S", "72": "W", "126": "W", "177": "N", "53": "N", "162": "E", "11": "E", "51": "W", "102": "E", "46": "W", "71": "N", "5": "W", "133": "N", "75": "S", "169": "E", "157": "W", "16": "W", "24": "S", "168": "W", "118": "E", "148": "S", "6": "W", "149": "W", "140": "W", "12": "N", "57": "S", "81": "W", "69": "S", "87": "S", "131": "N", "89": "N", "160": "S", "179": "S", "97": "W", "27": "E", "147": "E", "172": "N", "150": "S", "64": "E", "113": "S", "50": "N", "164": "E", "170": "E", "125": "W", "32": "E", "122": "W", "116": "E", "114": "W", "44": "E", "2": "E", "110": "W", "139": "S", "141": "W", "144": "N", "121": "S", "163": "N", "137": "E", "134": "N", "15": "W", "138": "W", "38": "N", "43": "E", "93": "W", "77": "N", "19": "S", "128": "E", "142": "W", "41": "E", "54": "W", "17": "N", "178": "N", "65": "E", "173": "N"}, {"3": "W", "76": "W"}, {"3": "W", "76": "W"}, {"3": "W"}, {"3": "W"}, {"3": "N"}, {"122": "W", "71": "W", "82": "S", "65": "E", "46": "S", "61": "W", "149": "W", "42": "N", "128": "N", "89": "N", "110": "W", "179": "S", "0": "W", "19": "S", "53": "E", "17": "N", "80": "S", "12": "N", "15": "S", "60": "E", "38": "N", "167": "W", "75": "S", "118": "N", "48": "S", "77": "N", "131": "N", "169": "N", "114": "W", "66": "E", "168": "W", "103": "E", "163": "N", "87": "S", "57": "S", "116": "W", "33": "E", "144": "E", "39": "S", "2": "N", "81": "N", "78": "W", "150": "S", "133": "N", "50": "S", "63": "N", "173": "W", "7": "S", "102": "N", "32": "N", "126": "W", "172": "S", "97": "W", "129": "S", "139": "E", "37": "S", "147": "E", "125": "N", "58": "W", "95": "N", "69": "S", "55": "W", "170": "E", "72": "N", "164": "E", "148": "W", "9": "W", "54": "W", "160": "S", "141": "E", "51": "W", "20": "N", "44": "E", "6": "S", "105": "E", "27": "S", "138": "W", "121": "W", "115": "N", "177": "N", "143": "S", "113": "E", "154": "W", "93": "N", "24": "S", "142": "N", "107": "E", "130": "W", "43": "E", "11": "E", "40": "W", "157": "W", "92": "S", "140": "S", "134": "N", "64": "S", "16": "W", "5": "E", "178": "S", "18": "S"}, {"171": "W", "3": "W", "76": "W"}, {"76": "W"}, {"121": "W", "116": "W", "40": "N", "54": "S", "114": "W", "69": "W", "140": "W", "19": "S", "71": "N", "48": "S", "81": "N", "105": "E", "39": "S", "107": "N", "172": "S", "173": "N", "168": "W", "22": "S", "7": "N", "12": "N", "87": "W", "42": "N", "147": "E", "102": "E", "169": "N", "60": "W", "17": "E", "149": "W", "5": "N", "15": "W", "165": "W", "113": "E", "177": "N", "170": "S", "89": "W", "46": "W", "148": "E", "110": "N", "93": "E", "66": "E", "128": "N", "142": "N", "18": "S", "63": "W", "131": "N", "78": "W", "55": "W", "24": "S", "73": "N", "57": "S", "27": "E", "0": "N", "77": "E", "2": "N", "33": "E", "122": "W", "163": "W", "164": "N", "130": "W", "134": "N", "51": "N", "50": "S", "44": "E", "154": "N", "53": "W", "167": "W", "80": "W", "126": "N", "129": "E", "143": "S", "138": "W", "16": "W", "160": "S", "139": "N", "82": "N", "150": "S", "144": "E", "9": "W", "61": "S", "64": "W", "11": "S", "141": "W", "75": "S", "115": "W", "92": "W", "137": "S", "118": "S", "58": "W", "179": "E", "72": "N", "125": "N", "32": "W", "6": "W", "157": "W", "178": "E", "38": "E"}, {"176": "W", "8": "W", "76": "W"}, {"176": "W"}, {"81": "N", "54": "S", "58": "S", "172": "S", "0": "E", "147": "E", "53": "W", "6": "W", "125": "N", "66": "N", "126": "N", "170": "N", "65": "E", "2": "N", "71": "N", "142": "N", "178": "E", "154": "N", "73": "N", "114": "S", "48": "W", "163": "N", "60": "E", "5": "E", "22": "S", "157": "S", "11": "E", "27": "E", "24": "S", "118": "S", "12": "W", "129": "N", "61": "S", "51": "W", "101": "W", "143": "E", "105": "E", "150": "E", "9": "W", "42": "N", "93": "E", "92": "S", "77": "E", "64": "S", "95": "N", "139": "E", "97": "N", "121": "S", "131": "N", "89": "S", "50": "W", "173": "E", "138": "W", "18": "S", "165": "W", "57": "E", "167": "W", "15": "E", "87": "S", "149": "W", "177": "N", "80": "S", "32": "N", "78": "S", "46": "S", "38": "E", "164": "S", "140": "S", "41": "W", "160": "E", "179": "E", "44": "E", "72": "N", "130": "E", "134": "N", "144": "E", "133": "N", "113": "N", "16": "W", "169": "W", "20": "N", "168": "W", "148": "S", "110": "W", "75": "S", "82": "N", "33": "S", "107": "E", "128": "N", "116": "E", "115": "W", "40": "E", "69": "S", "141": "S"}, {"21": "W"}, {"149": "S", "164": "E", "5": "S", "69": "S", "130": "W", "169": "N", "93": "W", "15": "S", "138": "W", "101": "N", "77": "E", "66": "E", "134": "N", "131": "E", "20": "N", "9": "S", "81": "N", "160": "N", "92": "S", "71": "N", "2": "N", "38": "E", "18": "S", "126": "N", "82": "N", "144": "S", "103": "W", "32": "E", "114": "S", "57": "E", "16": "W", "33": "S", "173": "E", "89": "N", "0": "W", "25": "N", "163": "N", "42": "N", "170": "W", "105": "S", "41": "E", "154": "W", "148": "S", "172": "S", "40": "E", "7": "E", "22": "S", "80": "S", "11": "E", "121": "N", "129": "E", "55": "N", "6": "N", "177": "N", "178": "E", "44": "E", "87": "S", "58": "S", "116": "E", "61": "S", "140": "W", "110": "W", "73": "N", "139": "E", "122": "N", "63": "N", "142": "S", "143": "E", "167": "S", "141": "S", "128": "N", "50": "W", "27": "N", "78": "S", "65": "E", "17": "N", "113": "S", "168": "W", "157": "W", "64": "E", "39": "W", "95": "W", "51": "W", "60": "S", "118": "E", "137": "S", "165": "S", "150": "E", "12": "N", "102": "E", "53": "N", "75": "E"}, {"36": "W"}, {"0": "N", "77": "N", "128": "N", "140": "W", "118": "N", "93": "W", "165": "S", "126": "N", "5": "E", "18": "S", "173": "N", "32": "E", "51": "W", "130": "N", "53": "E", "57": "E", "81": "N", "170": "E", "61": "S", "115": "W", "116": "N", "139": "E", "154": "W", "60": "N", "95": "E", "41": "W", "58": "S", "122": "W", "22": "S", "80": "S", "134": "N", "6": "E", "103": "N", "12": "N", "69": "E", "110": "W", "164": "N", "42": "N", "142": "W", "167": "S", "64": "S", "105": "N", "78": "E", "129": "S", "27": "E", "82": "S", "150": "E", "65": "E", "9": "W", "177": "N", "11": "N", "133": "N", "39": "W", "168": "W", "114": "S", "55": "W", "63": "N", "89": "S", "25": "W", "121": "S", "178": "E", "73": "S", "92": "S", "7": "E", "33": "N", "38": "E", "15": "E", "17": "E", "157": "W", "138": "W", "143": "E", "169": "N", "102": "N", "148": "E", "40": "W", "141": "W", "2": "N", "163": "W", "54": "S", "50": "N", "16": "W", "87": "S", "137": "S", "172": "S", "113": "N", "160": "W"}, {"164": "E", "144": "E", "53": "E", "137": "S", "122": "W", "89": "N", "102": "E", "17": "E", "113": "N", "160": "N", "80": "S", "125": "S", "64": "S", "141": "S", "22": "E", "177": "N", "55": "N", "39": "S", "172": "W", "92": "S", "167": "S", "82": "S", "51": "N", "118": "S", "134": "E", "0": "W", "16": "W", "9": "S", "110": "N", "168": "W", "65": "E", "61": "S", "58": "S", "42": "W", "33": "N", "15": "S", "5": "E", "150": "E", "50": "N", "40": "W", "142": "N", "18": "S", "143": "E", "25": "W", "140": "S", "163": "W", "7": "E", "48": "N", "157": "S", "77": "E", "105": "E", "114": "S", "63": "N", "101": "N", "115": "W", "2": "N", "78": "S", "149": "S", "139": "E", "148": "W", "129": "N", "126": "N", "170": "E", "54": "W", "165": "S", "69": "E", "93": "N", "24": "E", "121": "N", "73": "N", "130": "W", "12": "W", "173": "W", "95": "S", "138": "W", "81": "S", "27": "E", "87": "S", "103": "N"}, {"47": "W", "83": "W", "76": "W"}, {"14": "W", "47": "W"}, {"124": "W", "14": "W"}, {"124": "W"}, {"25": "W", "22": "W", "113": "W", "118": "E", "102": "E", "64": "E", "60": "W", "39": "S", "142": "N", "16": "W", "110": "N", "80": "S", "69": "E", "126": "N", "33": "E", "2": "E", "114": "W", "141": "S", "54": "S", "165": "S", "173": "N", "150": "E", "148": "S", "82": "E", "0": "W", "177": "E", "154": "W", "157": "S", "129": "N", "121": "S", "125": "N", "58": "W", "42": "E", "55": "N", "95": "E", "137": "E", "170": "S", "51": "N", "115": "W", "48": "S", "40": "N", "9": "W", "103": "W", "138": "W", "168": "W", "163": "N", "164": "E", "78": "S", "81": "W", "6": "N", "128": "N", "160": "N", "77": "E", "73": "N", "140": "S", "63": "N", "172": "S", "92": "S", "93": "S", "41": "W", "50": "E", "15": "S", "53": "N", "87": "S", "65": "E", "89": "E", "144": "E", "101": "N", "7": "E", "12": "N", "134": "N", "130": "E", "122": "W"}, {"3": "W"}, {"87": "S", "2": "N", "33": "S", "93": "E", "12": "N", "60": "W", "110": "E", "141": "S", "125": "E", "77": "E", "157": "S", "118": "E", "81": "E", "15": "N", "129": "W", "114": "S", "73": "N", "54": "S", "144": "E", "103": "N", "80": "S", "40": "E", "69": "S", "173": "W", "102": "N", "42": "E", "55": "N", "163": "N", "138": "N", "64": "N", "115": "W", "148": "E", "121": "N", "168": "N", "164": "E", "41": "N", "160": "S", "95": "N", "89": "S", "5": "E", "51": "W", "53": "N", "22": "S", "172": "E", "137": "S", "38": "N", "142": "E", "92": "S", "25": "E", "140": "W", "169": "N", "134": "N", "170": "S", "16": "W", "48": "W", "78": "N", "130": "E", "39": "S", "154": "W", "128": "N", "50": "N", "6": "N", "7": "E", "165": "S", "65": "E", "177": "N", "105": "W", "82": "E", "113": "S", "58": "S"}, {"114": "S", "38": "E", "69": "N", "141": "E", "148": "E", "142": "W", "9": "S", "110": "S", "157": "N", "172": "S", "22": "W", "168": "N", "48": "W", "121": "S", "39": "S", "89": "W", "16": "W", "177": "N", "40": "E", "165": "E", "42": "N", "55": "N", "118": "E", "116": "N", "15": "W", "128": "E", "87": "E", "138": "S", "105": "E", "54": "S", "103": "N", "2": "N", "102": "W", "170": "S", "82": "E", "95": "E", "115": "W", "80": "S", "78": "S", "41": "W", "0": "W", "163": "N", "130": "N", "140": "S", "164": "E", "169": "W", "12": "N", "113": "N", "6": "E", "173": "W", "92": "S", "77": "N", "50": "S", "25": "N", "144": "S", "58": "S", "65": "E", "129": "E", "60": "E", "5": "S", "93": "N", "160": "W", "73": "N", "33": "N", "64": "S", "51": "E", "125": "N", "134": "N", "167": "S", "137": "S"}, {"128": "E", "2": "W", "41": "W", "25": "N", "125": "N", "122": "W", "93": "E", "58": "S", "5": "S", "116": "N", "50": "S", "144": "E", "53": "N", "138": "E", "129": "N", "110": "W", "141": "E", "87": "S", "172": "S", "105": "S", "64": "E", "121": "W", "142": "N", "65": "E", "157": "S", "148": "W", "169": "N", "103": "E", "69": "N", "9": "S", "164": "E", "173": "W", "130": "W", "89": "N", "170": "E", "134": "N", "63": "N", "80": "S", "160": "S", "40": "W", "16": "W", "140": "N", "113": "S", "177": "W", "118": "W", "137": "S", "15": "S", "33": "N", "12": "N", "78": "N", "48": "S", "163": "N", "73": "E", "77": "E", "51": "W", "42": "N", "115": "S", "39": "W", "0": "W", "165": "S", "81": "W", "22": "W", "82": "S", "114": "S", "102": "S", "38": "S"}, {"25": "W", "87": "S", "41": "W", "157": "E", "102": "E", "53": "E", "80": "S", "12": "N", "9": "S", "40": "N", "64": "S", "125": "W", "50": "N", "142": "S", "118": "E", "51": "W", "137": "S", "78": "S", "81": "N", "33": "E", "144": "E", "48": "S", "122": "W", "39": "S", "113": "S", "130": "W", "138": "N", "60": "E", "173": "N", "93": "W", "148": "N", "58": "S", "0": "N", "15": "W", "16": "W", "42": "W", "169": "E", "77": "E", "69": "S", "105": "E", "160": "N", "134": "N", "128": "E", "164": "E", "101": "S", "177": "N", "103": "W", "167": "S", "65": "E", "170": "S", "165": "S", "5": "S", "172": "E", "129": "N"}, {"83": "W"}, {"47": "W"}, {"14": "W"}, {"124": "W"}, {"22": "W", "110": "W", "128": "E", "137": "S", "73": "N", "165": "E", "39": "S", "82": "E", "33": "S", "38": "N", "118": "S", "0": "N", "6": "N", "125": "E", "92": "S", "167": "S", "51": "N", "58": "W", "93": "N", "148": "S", "122": "W", "15": "S", "142": "N", "53": "N", "50": "W", "172": "S", "170": "E", "102": "E", "101": "N", "60": "E", "144": "N", "25": "E", "12": "N", "80": "S", "65": "N", "42": "N", "157": "N", "177": "N", "81": "N", "105": "E", "41": "S", "114": "W", "78": "E", "116": "N", "129": "S", "138": "E", "169": "N", "89": "S", "134": "N", "103": "N", "140": "W", "40": "W", "9": "S", "16": "S", "121": "E", "5": "S"}, {"105": "S", "40": "N", "38": "S", "6": "S", "69": "W", "58": "N", "129": "N", "33": "E", "160": "S", "167": "S", "138": "N", "64": "S", "103": "W", "144": "E", "93": "E", "116": "W", "73": "W", "41": "N", "130": "W", "113": "E", "114": "N", "137": "S", "12": "N", "169": "N", "165": "E", "92": "E", "134": "W", "172": "N", "16": "S", "0": "N", "118": "N", "102": "E", "110": "N", "173": "W", "142": "S", "148": "S", "65": "E", "125": "E", "50": "W", "89": "E", "101": "N", "170": "E", "128": "E", "78": "S", "22": "S", "15": "W", "5": "S", "80": "S", "82": "E", "25": "E", "51": "N", "157": "W", "39": "N", "53": "E", "177": "N", "63": "N", "81": "S"}, {"113": "W", "105": "S", "170": "E", "53": "E", "134": "N", "92": "S", "58": "S", "22": "S", "130": "W", "165": "E", "78": "S", "89": "S", "116": "W", "125": "E", "81": "S", "177": "N", "51": "N", "60": "W", "39": "S", "169": "N", "80": "S", "16": "S", "15": "S", "157": "E", "5": "E", "121": "W", "118": "S", "87": "S", "101": "N", "50": "N", "65": "E", "137": "E", "144": "E", "148": "N", "110": "N", "103": "N", "38": "E", "64": "S", "41": "S", "25": "E", "128": "E", "40": "S", "172": "S", "173": "N", "73": "N", "102": "S", "93": "N", "138": "W"}, {"83": "W"}, {"47": "W"}, {"14": "W"}, {"124": "W"}, {"169": "N", "105": "S", "89": "W", "81": "S", "53": "N", "58": "W", "93": "W", "101": "N", "170": "E", "177": "N", "160": "N", "15": "S", "148": "E", "129": "N", "92": "S", "69": "S", "103": "N", "65": "S", "118": "E", "113": "W", "87": "S", "80": "E", "16": "S", "40": "W", "144": "S", "130": "N", "138": "N", "64": "E", "116": "W", "82": "E", "114": "S", "22": "W", "134": "N", "110": "N", "6": "N", "73": "E", "157": "W", "25": "W", "172": "S", "50": "S", "38": "W", "5": "S", "125": "N", "33": "W", "51": "W", "39": "S", "121": "N", "41": "W", "102": "E"}, {"144": "S", "65": "E", "142": "W", "16": "S", "103": "N", "81": "N", "172": "S", "170": "N", "121": "N", "105": "W", "82": "S", "169": "E", "53": "S", "78": "N", "113": "E", "15": "S", "125": "N", "114": "S", "80": "E", "93": "N", "148": "E", "130": "N", "101": "N", "69": "E", "22": "S", "60": "W", "33": "S", "129": "N", "134": "E", "157": "S", "39": "W", "41": "S", "50": "N", "5": "E", "25": "N", "102": "N", "92": "S", "89": "W", "38": "S", "118": "W", "138": "W", "40": "N", "58": "S", "116": "W", "73": "N"}, {"114": "S", "157": "S", "50": "N", "169": "E", "41": "W", "5": "S", "129": "W", "89": "E", "134": "N", "125": "N", "73": "N", "148": "S", "33": "S", "113": "W", "116": "E", "60": "S", "121": "S", "170": "E", "69": "S", "53": "N", "82": "N", "144": "E", "92": "S", "138": "W", "142": "E", "40": "E", "58": "N", "102": "E", "101": "E", "93": "E", "103": "N", "87": "S", "130": "N", "65": "E", "39": "S", "160": "W", "118": "E", "105": "S", "25": "N", "110": "W", "22": "W", "15": "S", "81": "N", "78": "S"}, {"172": "S", "110": "W", "160": "N", "148": "E", "6": "N", "125": "N", "92": "S", "102": "S", "130": "E", "58": "S", "15": "S", "33": "S", "5": "E", "103": "N", "81": "N", "93": "N", "41": "E", "142": "W", "138": "W", "114": "S", "144": "E", "118": "S", "113": "E", "60": "E", "22": "S", "170": "N", "78": "W", "82": "E", "121": "N", "40": "E", "69": "S", "129": "N", "39": "S", "116": "W", "25": "N", "134": "N", "157": "S", "140": "E", "65": "E", "105": "S", "89": "N"}, {"15": "S", "33": "S", "172": "S", "140": "E", "129": "S", "157": "S", "110": "W", "69": "S", "144": "E", "38": "S", "41": "E", "92": "S", "138": "N", "160": "N", "118": "E", "65": "E", "82": "N", "170": "E", "113": "E", "130": "N", "101": "W", "142": "N", "89": "N", "125": "E", "25": "N", "102": "E", "60": "S", "50": "N", "58": "E", "116": "N", "93": "W", "103": "N", "22": "W", "6": "W", "148": "W", "114": "E", "105": "W", "53": "S", "134": "N", "121": "W", "78": "S", "5": "S"}, {"138": "N", "129": "W", "121": "W", "148": "S", "53": "W", "110": "W", "122": "S", "6": "W", "101": "N", "103": "N", "50": "N", "116": "W", "89": "N", "81": "W", "38": "E", "5": "S", "69": "S", "92": "S", "157": "S", "134": "N", "15": "S", "58": "E", "33": "E", "125": "E", "16": "S", "118": "E", "140": "S", "40": "N", "114": "S", "113": "S", "160": "W", "93": "N", "105": "E", "22": "S", "60": "E", "172": "E", "25": "N", "41": "N", "144": "E", "130": "W", "78": "S", "142": "S"}, {"89": "S", "144": "E", "81": "W", "78": "S", "22": "S", "92": "W", "58": "W", "5": "W", "25": "N", "16": "S", "118": "E", "125": "N", "110": "N", "172": "E", "130": "W", "148": "S", "113": "E", "116": "W", "53": "E", "6": "E", "160": "W", "142": "E", "41": "N", "134": "E", "50": "E", "38": "E", "129": "E", "105": "W", "157": "N", "33": "S", "40": "E", "93": "N", "138": "W", "101": "W", "103": "N", "60": "E", "15": "S", "69": "E", "121": "N", "140": "E"}, {"130": "N", "113": "E", "69": "E", "160": "S", "144": "E", "148": "S", "22": "S", "105": "S", "110": "N", "93": "N", "78": "S", "129": "N", "81": "W", "53": "S", "15": "S", "118": "N", "50": "E", "6": "N", "116": "N", "142": "S", "103": "N", "33": "W", "114": "E", "92": "S", "82": "E", "40": "E", "58": "W", "125": "W", "25": "W", "60": "N", "101": "S", "140": "N", "41": "N", "138": "N", "38": "E", "157": "S", "121": "S", "172": "S"}, {"160": "S", "78": "S", "69": "N", "172": "S", "25": "W", "130": "N", "142": "N", "121": "S", "110": "S", "125": "W", "53": "S", "129": "N", "92": "S", "81": "W", "93": "N", "33": "S", "50": "W", "101": "S", "58": "W", "22": "S", "60": "E", "140": "E", "144": "E", "148": "S", "40": "N", "15": "S", "89": "W", "6": "E", "41": "N", "105": "W", "138": "W", "118": "E", "113": "S", "157": "N"}, {"78": "S", "33": "S", "92": "S", "125": "W", "81": "N", "25": "W", "69": "W", "129": "N", "172": "S", "140": "S", "148": "S", "60": "E", "118": "E", "58": "E", "105": "S", "113": "W", "138": "E", "41": "N", "53": "E", "144": "E", "142": "S", "89": "W", "157": "W", "160": "S", "6": "E", "22": "S", "40": "N", "93": "W", "101": "N", "121": "N", "130": "W", "110": "N", "50": "E", "15": "E"}, {"138": "N", "142": "N", "81": "W", "40": "N", "105": "S", "41": "N", "101": "E", "129": "W", "148": "S", "172": "W", "58": "E", "110": "S", "121": "E", "125": "N", "130": "N", "53": "W", "50": "W", "118": "E", "140": "E", "69": "W", "160": "S", "6": "E", "78": "E", "144": "E", "38": "N", "113": "S", "92": "S", "33": "S", "157": "W", "22": "S", "93": "N"}, {"157": "W", "41": "N", "138": "N", "148": "S", "121": "E", "118": "N", "22": "S", "101": "N", "81": "N", "6": "E", "33": "S", "60": "N", "15": "N", "58": "E", "142": "N", "129": "W", "110": "W", "93": "W", "50": "W", "38": "S", "130": "N", "92": "E", "53": "N", "105": "S", "113": "S", "144": "E", "40": "N", "69": "S", "78": "S", "89": "W", "160": "W", "125": "N", "172": "S"}, {"142": "N", "22": "S", "121": "S", "148": "S", "105": "W", "15": "E", "118": "E", "69": "S", "81": "W", "78": "S", "113": "S", "41": "N", "58": "S", "110": "N", "101": "N", "129": "N", "53": "E", "89": "W", "33": "W", "40": "N", "144": "E", "38": "N", "50": "W", "125": "N", "138": "N", "157": "S", "172": "S"}, {"138": "W", "89": "E", "81": "N", "125": "E", "53": "W", "144": "E", "148": "W", "110": "N", "69": "E", "38": "E", "157": "N", "40": "W", "101": "E", "142": "N", "15": "E", "160": "S", "105": "S", "50": "E", "172": "S", "33": "S", "41": "N", "22": "S", "58": "S", "118": "E", "78": "S", "129": "W", "113": "S"}, {"50": "E", "15": "E", "110": "E", "129": "N", "69": "E", "125": "N", "81": "N", "101": "E", "172": "S", "118": "E", "41": "E", "157": "E", "105": "S", "58": "S", "22": "S", "113": "S", "142": "N", "89": "N", "144": "E", "78": "S", "138": "N", "121": "S", "38": "E", "40": "E", "160": "S", "33": "S", "53": "N"}, {"110": "N", "129": "N", "50": "E", "105": "S", "121": "S", "101": "S", "40": "N", "58": "S", "89": "N", "69": "S", "142": "N", "41": "E", "81": "N", "33": "S", "15": "E", "53": "N", "172": "S", "118": "E", "113": "S", "157": "W", "22": "S", "138": "S", "125": "W", "38": "S", "160": "S", "78": "S"}, {"33": "W", "157": "S", "172": "E", "138": "N", "81": "N", "118": "S", "78": "E", "125": "W", "53": "N", "50": "W", "105": "W", "69": "S", "40": "W", "101": "E", "41": "E", "160": "S", "113": "W", "15": "E", "89": "N", "22": "S", "142": "W", "38": "E", "110": "N", "58": "S", "129": "N", "121": "S"}, {"78": "E", "129": "N", "89": "W", "157": "W", "40": "W", "22": "S", "138": "W", "118": "E", "69": "W", "53": "N", "81": "E", "58": "S", "160": "S", "172": "E", "15": "S", "105": "S", "50": "E", "38": "S", "101": "E", "113": "S", "110": "E", "125": "W", "33": "S", "121": "W"}, {"105": "W", "157": "S", "69": "S", "89": "W", "110": "S", "121": "S", "22": "S", "81": "E", "53": "N", "118": "E", "160": "S", "38": "S", "138": "N", "40": "N", "113": "S", "58": "S", "125": "S", "50": "W", "78": "S", "33": "S"}, {"33": "S", "125": "W", "157": "W", "40": "W", "53": "W", "121": "S", "78": "E", "69": "W", "58": "S", "113": "S", "105": "W", "50": "W", "110": "E", "22": "S", "138": "W", "118": "N", "38": "E", "81": "W", "89": "N", "160": "S"}, {"22": "E", "118": "E", "38": "S", "138": "N", "113": "W", "40": "W", "89": "N", "121": "W", "33": "S", "125": "W", "78": "S", "53": "E", "58": "S", "160": "S", "50": "W", "81": "E", "105": "S", "157": "N", "15": "S"}, {"118": "E", "58": "S", "121": "W", "15": "S", "22": "E", "160": "S", "38": "E", "33": "S", "113": "W", "138": "N", "78": "S", "105": "S", "53": "E", "81": "S", "89": "N", "50": "E", "125": "N", "157": "E", "40": "E"}, {"38": "E", "22": "N", "58": "S", "50": "E", "81": "E", "33": "S", "40": "E", "138": "N", "160": "S", "113": "W", "105": "S", "121": "W", "118": "E", "89": "N", "53": "N"}, {"105": "S", "33": "E", "58": "E", "81": "E", "160": "S", "121": "S", "40": "N", "50": "E", "113": "S", "38": "N", "53": "N", "89": "N", "138": "N", "118": "E", "22": "E", "157": "S"}, {"160": "S", "118": "E", "38": "E", "40": "S", "33": "E", "121": "S", "105": "E", "138": "N", "81": "E", "53": "W", "50": "W", "22": "E", "58": "E", "113": "S", "157": "W", "89": "N"}, {"118": "E", "113": "S", "38": "E", "121": "S", "50": "W", "40": "W", "105": "E", "33": "E", "81": "E", "22": "W", "160": "E", "138": "N", "89": "N", "58": "E", "157": "S"}, {"38": "E", "81": "E", "33": "S", "121": "E", "157": "S", "40": "E", "138": "N", "105": "S", "50": "E", "160": "E", "89": "N", "118": "E", "22": "E"}, {"157": "S", "118": "E", "89": "N", "33": "S", "105": "E", "160": "N", "22": "S", "40": "N", "50": "E", "38": "E", "81": "N", "138": "S"}, {"38": "S", "160": "S", "105": "S", "138": "E", "89": "N", "40": "N", "157": "E", "22": "E", "33": "W", "50": "E"}, {"40": "E", "138": "N", "50": "N", "105": "S", "89": "N", "157": "E", "160": "W", "38": "E", "33": "W", "22": "E"}, {"89": "E", "40": "N", "138": "E", "38": "E", "157": "N", "160": "S", "105": "W", "33": "W", "22": "E", "50": "N"}, {"89": "E", "38": "N", "157": "E", "160": "W", "22": "S", "105": "W", "138": "E", "50": "N", "40": "N"}, {"89": "E", "157": "E", "38": "E", "22": "E", "138": "E", "40": "W", "160": "S", "105": "W", "50": "N"}, {"50": "W", "22": "S", "40": "W", "38": "E", "160": "S", "105": "W", "89": "E", "157": "S"}, {"105": "N", "160": "E", "38": "E", "157": "E", "89": "E", "40": "W", "50": "N"}, {"40": "S", "160": "E", "38": "E"}, {"40": "S", "38": "E", "160": "N"}, {"40": "W", "160": "E"}, {"160": "E"}, {"160": "E"}, {"160": "E"}, {"171": "E"}, {"171": "E"}, {"171": "E"}, {"171": "E"}, {"171": "E"}, {"171": "E"}, {"171": "E"}, {"171": "E"}, {"171": "E"}, {"171": "E"}, {"171": "E"}, {"171": "N"}, {"171": "E"}, {"171": "E"}, {"171": "E"}, {"171": "E"}, {"171": "E"}, {"171": "E"}, {"171": "E"}, {"171": "E"}, {"171": "N"}, {"171": "E"}, {"171": "E"}, {"171": "E"}, {"171": "E"}, {"171": "E"}, {"171": "E"}, {"171": "E"}, {"171": "E"}, {"171": "E"}, {"171": "E"}, {"171": "E"}, {"171": "E"}, {"52": "N"}, {"52": "N"}, {"52": "W"}, {"52": "W"}, {"52": "W"}, {"52": "W"}, {"52": "W"}, {"52": "W"}, {"52": "W"}, {"52": "W"}, {"52": "W"}, {"52": "W"}, {"52": "W"}, {"52": "N"}, {"52": "N"}, {"52": "N"}, {"52": "N"}, {"52": "N"}, {"52": "N"}, {"52": "N"}, {"52": "N"}, {"52": "N"}, {"52": "W"}, {"91": "E"}, {"91": "E"}, {"91": "E"}, {"91": "N"}, {"91": "E"}, {"91": "E"}, {"91": "E"}, {"91": "E"}, {"91": "N"}, {"91": "N"}, {"91": "E"}, {"91": "E"}, {"91": "E"}, {"91": "N"}, {"91": "E"}, {"91": "E"}, {"91": "E"}, {"91": "E"}, {"91": "E"}, {"91": "E"}, {"91": "E"}, {"91": "E"}, {"91": "E"}, {"91": "E"}, {"91": "E"}, {"91": "E"}, {"91": "E"}, {"91": "E"}, {"91": "E"}, {"91": "E"}, {"91": "E"}, {"91": "E"}, {"91": "E"}, {"91": "E"}, {"153": "W"}, {"153": "W"}, {"153": "N"}, {"153": "W"}, {"153": "W"}, {"153": "W"}, {"153": "W"}, {"153": "W"}, {"153": "W"}, {"153": "W"}, {"153": "N"}, {"153": "N"}, {"153": "N"}, {"153": "W"}, {"153": "N"}, {"153": "N"}, {"153": "N"}, {"153": "W"}, {"153": "W"}, {"153": "N"}, {"153": "N"}, {"153": "W"}, {"153": "N"}, {"111": "W"}, {"111": "W"}, {"111": "W"}, {"111": "W"}, {"111": "W"}, {"111": "N"}, {"111": "W"}, {"111": "W"}, {"111": "W"}, {"111": "W"}, {"111": "W"}, {"111": "N"}, {"111": "N"}, {"111": "W"}, {"111": "W"}, {"111": "N"}, {"111": "N"}, {"74": "N"}, {"74": "W"}, {"74": "W"}, {"74": "N"}, {"74": "W"}, {"74": "W"}, {"74": "W"}, {"74": "W"}, {"74": "N"}, {"74": "W"}, {"74": "W"}, {"74": "W"}, {"74": "W"}, {"74": "W"}, {"74": "N"}, {"74": "N"}, {"74": "N"}, {"74": "N"}, {"74": "N"}, {"74": "N"}, {"74": "N"}, {"74": "N"}, {"74": "N"}, {"74": "N"}, {"74": "N"}, {"74": "N"}, {"14": "E"}, {"14": "S"}, {"14": "E"}, {"14": "E"}, {"14": "E"}, {"14": "E"}, {"14": "N"}, {"14": "E"}, {"14": "E"}, {"14": "E"}, {"14": "S"}, {"14": "E"}, {"14": "E"}, {"14": "E"}, {"14": "E"}, {"14": "E"}, {"14": "N"}, {"14": "N"}, {"14": "E"}, {"14": "E"}, {"14": "E"}, {"14": "N"}, {"14": "E"}, {"14": "E"}, {"14": "E"}, {"14": "E"}, {"14": "E"}, {"14": "E"}, {"14": "E"}, {"14": "E"}, {"14": "S"}, {"14": "S"}, {"14": "E"}, {"14": "E"}, {"14": "E"}, {"14": "E"}, {"14": "E"}, {"14": "E"}, {"14": "E"}, {"14": "E"}, {"14": "E"}, {"47": "N"}, {"47": "E"}, {"47": "E"}, {"47": "E"}, {"47": "E"}, {"47": "N"}, {"47": "E"}, {"47": "N"}, {"47": "E"}, {"47": "E"}, {"47": "E"}, {"47": "E"}, {"47": "E"}, {"47": "E"}, {"47": "E"}, {"47": "E"}, {"47": "E"}, {"47": "E"}, {"47": "E"}, {"47": "E"}, {"47": "E"}, {"47": "S"}, {"47": "E"}, {"47": "E"}, {"47": "N"}, {"47": "E"}, {"47": "E"}, {"47": "E"}, {"47": "E"}, {"47": "E"}, {"59": "E"}, {"59": "N"}, {"59": "N"}, {"59": "N"}, {"59": "N"}, {"59": "N"}, {"59": "N"}, {"59": "N"}, {"59": "N"}, {"59": "E"}, {"59": "E"}, {"59": "N"}, {"59": "N"}, {"59": "E"}, {"59": "N"}, {"59": "N"}, {"59": "N"}, {"59": "N"}, {"59": "N"}, {"59": "E"}, {"59": "E"}, {"59": "E"}, {"176": "N"}, {"176": "E"}, {"176": "E"}, {"176": "E"}, {"176": "E"}, {"176": "E"}, {"176": "N"}, {"176": "E"}, {"176": "E"}, {"176": "S"}, {"176": "S"}, {"176": "S"}, {"176": "E"}, {"176": "E"}, {"176": "E"}, {"176": "E"}, {"176": "E"}, {"176": "E"}, {"176": "N"}, {"176": "E"}, {"176": "E"}, {"176": "E"}, {"176": "E"}, {"176": "E"}, {"176": "N"}, {"176": "E"}, {"146": "N"}, {"146": "N"}, {"146": "N"}, {"146": "N"}, {"146": "N"}, {"146": "N"}, {"146": "N"}, {"146": "E"}, {"146": "E"}, {"146": "E"}, {"146": "E"}, {"146": "E"}, {"146": "E"}, {"146": "E"}, {"146": "E"}, {"146": "E"}, {"146": "E"}, {"146": "E"}, {"146": "E"}, {"146": "N"}, {"146": "N"}, {"146": "N"}, {"26": "N"}, {"26": "N"}, {"26": "N"}, {"26": "N"}, {"26": "N"}, {"26": "N"}, {"26": "N"}, {"26": "N"}, {"26": "E"}, {"26": "E"}, {"26": "E"}, {"26": "E"}, {"26": "S"}, {"26": "E"}, {"26": "E"}, {"26": "N"}, {"26": "E"}, {"26": "E"}, {"161": "N"}, {"161": "N"}, {"161": "N"}, {"161": "N"}, {"161": "N"}, {"161": "N"}, {"161": "E"}, {"161": "E"}, {"161": "E"}, {"161": "E"}, {"161": "E"}, {"161": "N"}, {"161": "E"}, {"161": "E"}, {"161": "N"}, {"161": "N"}, {"161": "E"}, {"161": "N"}, {"161": "E"}, {"161": "N"}, {"161": "E"}, {"161": "E"}, {"161": "S"}, {"36": "N"}, {"36": "N"}, {"36": "N"}, {"36": "N"}, {"36": "N"}, {"36": "N"}, {"36": "N"}, {"36": "N"}, {"36": "N"}, {"36": "E"}, {"36": "E"}, {"36": "E"}, {"36": "E"}, {"36": "E"}, {"36": "N"}, {"36": "N"}, {"36": "E"}, {"36": "E"}, {"36": "S"}, {"36": "E"}, {"36": "E"}, {"36": "E"}, {"36": "S"}, {"36": "E"}, {"155": "W"}, {"155": "N"}, {"155": "N"}, {"155": "W"}, {"155": "N"}, {"155": "N"}, {"155": "N"}, {"155": "E"}, {"155": "E"}, {"155": "N"}, {"155": "N"}, {"155": "W"}, {"155": "N"}, {"155": "N"}, {"155": "W"}, {"155": "N"}, {"155": "N"}, {"155": "N"}, {"155": "N"}, {"155": "N"}, {"155": "N"}, {"155": "N"}, {"155": "E"}, {"155": "N"}, {"155": "N"}, {"155": "N"}, {"155": "N"}, {"155": "N"}, {"155": "W"}, {"155": "N"}, {"155": "N"}, {"155": "N"}, {"155": "E"}, {"155": "N"}, {"155": "N"}, {"155": "W"}, {"23": "W"}, {"23": "N"}, {"23": "W"}, {"23": "N"}, {"23": "N"}, {"23": "N"}, {"23": "E"}, {"23": "E"}, {"23": "N"}, {"23": "N"}, {"23": "W"}, {"23": "W"}, {"23": "W"}, {"23": "N"}, {"23": "N"}, {"23": "N"}, {"23": "N"}, {"23": "N"}, {"23": "N"}, {"23": "E"}, {"23": "N"}, {"23": "N"}, {"23": "N"}, {"23": "E"}, {"23": "N"}, {"23": "N"}, {"23": "N"}, {"23": "N"}, {"23": "N"}, {"23": "W"}, {"23": "N"}, {"23": "N"}, {"23": "N"}, {"23": "E"}, {"23": "N"}, {"23": "E"}, {"23": "E"}, {"23": "N"}, {"23": "N"}, {"23": "W"}, {"23": "N"}, {"23": "N"}, {"23": "W"}, {"23": "W"}, {"23": "W"}, {"70": "W"}, {"70": "W"}, {"70": "W"}, {"70": "W"}, {"70": "W"}, {"70": "W"}, {"70": "W"}, {"70": "W"}, {"70": "W"}, {"70": "W"}, {"70": "W"}, {"70": "W"}, {"70": "W"}, {"70": "W"}, {"70": "W"}, {"70": "W"}, {"70": "W"}, {"70": "W"}, {"70": "W"}, {"70": "W"}, {"70": "W"}, {"70": "W"}, {"70": "N"}, {"70": "N"}, {"70": "N"}, {"70": "N"}, {"70": "W"}, {"70": "W"}, {"70": "N"}, {"70": "W"}, {"70": "W"}, {"70": "W"}, {"70": "W"}, {"70": "W"}, {"70": "N"}, {"70": "N"}, {"70": "N"}, {"70": "W"}, {"70": "N"}, {"70": "N"}, {"70": "E"}, {"70": "E"}, {"70": "S"}, {"70": "E"}, {"70": "E"}, {"70": "E"}, {"70": "S"}, {"70": "S"}, {"8": "E"}, {"8": "S"}, {"8": "E"}, {"8": "E"}, {"8": "E"}, {"8": "E"}, {"8": "E"}, {"8": "E"}, {"8": "E"}, {"8": "E"}, {"8": "E"}, {"8": "E"}, {"8": "E"}, {"8": "E"}, {"8": "E"}, {"8": "S"}, {"8": "E"}, {"8": "E"}, {"8": "N"}, {"8": "E"}, {"158": "W"}, {"158": "W"}, {"158": "W"}, {"158": "W"}, {"158": "W"}, {"158": "W"}, {"158": "W"}, {"158": "W"}, {"158": "W"}, {"158": "S"}, {"158": "W"}, {"158": "W"}, {"158": "W"}, {"158": "W"}, {"158": "W"}, {"158": "W"}, {"158": "N"}, {"158": "W"}, {"158": "W"}, {"158": "W"}, {"158": "W"}, {"158": "W"}, {"158": "N"}, {"158": "N"}, {"158": "W"}, {"158": "N"}, {"158": "N"}, {"158": "W"}, {"158": "W"}, {"158": "N"}, {"158": "W"}, {"158": "W"}, {"158": "N"}, {"158": "W"}, {"158": "W"}, {"158": "S"}, {"158": "S"}, {"158": "E"}, {"158": "S"}, {"158": "S"}, {"158": "S"}, {"158": "E"}, {"158": "S"}, {"120": "S"}, {"120": "S"}, {"120": "S"}, {"120": "S"}, {"120": "S"}, {"120": "E"}, {"120": "E"}, {"120": "S"}, {"120": "S"}, {"120": "E"}, {"120": "S"}, {"120": "S"}, {"120": "S"}, {"120": "S"}, {"120": "E"}, {"120": "E"}, {"120": "E"}, {"120": "E"}, {"120": "S"}, {"120": "S"}, {"120": "S"}, {"120": "S"}, {"120": "E"}, {"152": "W"}, {"152": "W"}, {"152": "W"}, {"152": "W"}, {"152": "W"}, {"152": "W"}, {"152": "W"}, {"152": "W"}, {"152": "W"}, {"152": "W"}, {"152": "W"}, {"152": "W"}, {"152": "W"}, {"152": "W"}, {"152": "W"}, {"152": "W"}, {"152": "N"}, {"152": "W"}, {"152": "W"}, {"152": "N"}, {"152": "N"}, {"152": "N"}, {"152": "N"}, {"152": "W"}, {"152": "W"}, {"152": "N"}, {"152": "N"}, {"152": "W"}, {"152": "N"}, {"152": "N"}, {"152": "W"}, {"152": "W"}, {"152": "N"}, {"152": "W"}, {"152": "W"}, {"152": "N"}, {"152": "W"}, {"152": "W"}, {"152": "S"}, {"152": "S"}, {"152": "E"}, {"30": "W"}, {"30": "W"}, {"30": "W"}, {"30": "W"}, {"30": "W"}, {"30": "W"}, {"30": "W"}, {"30": "W"}, {"30": "W"}, {"30": "W"}, {"30": "W"}, {"30": "W"}, {"30": "N"}, {"30": "W"}, {"30": "W"}, {"30": "W"}, {"30": "W"}, {"30": "W"}, {"30": "W"}, {"30": "W"}, {"30": "W"}, {"30": "W"}, {"30": "W"}, {"30": "N"}, {"30": "N"}, {"159": "E"}, {"159": "N"}, {"159": "E"}, {"159": "E"}, {"159": "S"}, {"159": "E"}, {"159": "E"}, {"159": "E"}, {"159": "N"}, {"159": "E"}, {"159": "E"}, {"159": "E"}, {"159": "E"}, {"159": "E"}, {"159": "S"}, {"159": "E"}, {"159": "S"}, {"159": "E"}, {"159": "E"}, {"159": "N"}, {"159": "E"}, {"159": "E"}, {"159": "E"}, {"159": "E"}, {"159": "E"}, {"159": "E"}, {"159": "E"}, {"135": "W"}, {"135": "S"}, {"135": "S"}, {"135": "S"}, {"135": "W"}, {"135": "S"}, {"135": "S"}, {"135": "W"}, {"135": "S"}, {"135": "S"}, {"135": "S"}, {"135": "S"}, {"135": "E"}, {"100": "E"}, {"100": "N"}, {"100": "N"}, {"100": "N"}, {"100": "N"}, {"100": "N"}, {"100": "E"}, {"100": "N"}, {"100": "N"}, {"100": "W"}, {"100": "N"}, {"100": "N"}, {"100": "N"}, {"100": "W"}, {"100": "N"}, {"100": "N"}, {"100": "N"}, {"100": "N"}, {"100": "N"}, {"100": "N"}, {"100": "E"}, {"100": "N"}, {"100": "N"}, {"100": "N"}, {"100": "N"}, {"100": "N"}, {"100": "N"}, {"100": "N"}, {"100": "N"}, {"49": "N"}, {"49": "W"}, {"49": "W"}, {"49": "W"}, {"49": "N"}, {"49": "W"}, {"49": "W"}, {"49": "W"}, {"49": "W"}, {"49": "W"}, {"49": "W"}, {"49": "W"}, {"49": "S"}, {"49": "W"}, {"49": "W"}, {"49": "W"}, {"49": "W"}, {"49": "W"}, {"49": "W"}, {"49": "N"}, {"49": "W"}, {"49": "W"}, {"49": "W"}, {"49": "W"}, {"49": "W"}, {"49": "N"}, {"49": "N"}, {"49": "W"}, {"49": "N"}, {"49": "N"}, {"49": "W"}, {"49": "W"}, {"49": "N"}, {"49": "W"}, {"49": "W"}, {"49": "N"}, {"49": "W"}, {"49": "W"}, {"49": "S"}, {"49": "S"}, {"49": "W"}, {"49": "S"}, {"49": "S"}, {"49": "E"}, {"49": "E"}, {"49": "E"}, {"104": "N"}, {"104": "N"}, {"104": "N"}, {"104": "E"}, {"104": "E"}, {"104": "E"}, {"104": "N"}, {"104": "E"}, {"104": "E"}, {"83": "E"}, {"83": "E"}, {"83": "E"}, {"83": "E"}, {"83": "S"}, {"83": "E"}, {"83": "E"}, {"83": "E"}, {"83": "E"}, {"83": "E"}, {"83": "N"}, {"83": "N"}, {"83": "E"}, {"83": "E"}, {"83": "E"}, {"83": "N"}, {"83": "E"}, {"83": "E"}, {"83": "S"}, {"83": "S"}, {"83": "E"}, {"83": "E"}, {"83": "E"}, {"35": "N"}, {"35": "W"}, {"35": "N"}, {"35": "N"}, {"35": "N"}, {"35": "N"}, {"35": "N"}, {"35": "N"}, {"35": "N"}, {"35": "N"}, {"35": "W"}, {"35": "N"}, {"35": "N"}, {"35": "N"}, {"35": "E"}, {"35": "N"}, {"35": "N"}, {"119": "N"}, {"119": "N"}, {"119": "N"}, {"119": "N"}, {"119": "E"}, {"119": "E"}, {"119": "E"}, {"119": "E"}, {"119": "S"}, {"119": "E"}, {"119": "E"}, {"119": "N"}, {"119": "E"}, {"10": "E"}, {"10": "N"}, {"10": "N"}, {"10": "W"}, {"10": "N"}, {"10": "N"}, {"10": "N"}, {"10": "N"}, {"10": "N"}, {"10": "N"}, {"10": "N"}, {"10": "W"}, {"10": "N"}, {"10": "N"}, {"10": "N"}, {"10": "N"}, {"10": "W"}, {"10": "N"}, {"10": "W"}, {"10": "N"}, {"10": "W"}, {"10": "N"}, {"10": "N"}, {"10": "W"}, {"10": "N"}, {"10": "N"}, {"10": "N"}, {"10": "N"}, {"10": "W"}, {"10": "N"}, {"166": "N"}, {"166": "N"}, {"166": "N"}, {"166": "N"}, {"166": "N"}, {"166": "W"}, {"166": "N"}, {"166": "W"}, {"166": "N"}, {"166": "N"}, {"166": "N"}, {"166": "W"}, {"166": "N"}, {"166": "N"}, {"166": "N"}, {"166": "N"}, {"166": "N"}, {"166": "N"}, {"166": "E"}, {"166": "N"}, {"166": "N"}, {"166": "N"}, {"166": "N"}, {"145": "N"}, {"145": "N"}, {"145": "N"}, {"145": "N"}, {"145": "E"}, {"145": "E"}, {"145": "N"}, {"145": "N"}, {"145": "W"}, {"145": "N"}, {"145": "N"}, {"145": "W"}, {"145": "N"}, {"145": "N"}, {"145": "N"}, {"145": "N"}, {"145": "N"}, {"145": "N"}, {"145": "N"}, {"145": "E"}, {"145": "N"}, {"145": "N"}, {"145": "N"}, {"145": "E"}, {"145": "N"}, {"145": "N"}, {"145": "W"}, {"145": "W"}, {"108": "W"}, {"108": "N"}, {"108": "N"}, {"108": "W"}, {"108": "W"}, {"108": "N"}, {"108": "N"}, {"108": "N"}, {"108": "N"}, {"108": "N"}, {"108": "W"}, {"108": "W"}, {"108": "W"}, {"108": "N"}, {"108": "N"}, {"108": "N"}, {"108": "N"}, {"108": "N"}, {"108": "N"}, {"108": "E"}, {"108": "N"}, {"108": "N"}, {"108": "W"}, {"108": "N"}, {"108": "W"}, {"108": "N"}, {"108": "N"}, {"108": "W"}, {"108": "W"}, {"108": "N"}, {"108": "N"}, {"108": "N"}, {"108": "N"}, {"108": "E"}, {"108": "E"}, {"98": "W"}, {"98": "N"}, {"98": "W"}, {"98": "N"}, {"98": "N"}, {"98": "N"}, {"98": "N"}, {"98": "N"}, {"98": "N"}, {"98": "N"}, {"98": "W"}, {"98": "N"}, {"98": "W"}, {"98": "W"}, {"98": "N"}, {"98": "W"}, {"98": "N"}, {"98": "W"}, {"98": "N"}, {"98": "N"}, {"98": "W"}, {"98": "N"}, {"98": "W"}, {"98": "N"}, {"98": "N"}, {"98": "W"}, {"98": "N"}, {"98": "W"}, {"98": "W"}, {"98": "N"}, {"98": "N"}, {"98": "E"}, {"98": "E"}, {"98": "E"}, {"98": "S"}, {"76": "N"}, {"76": "E"}, {"76": "N"}, {"76": "E"}, {"76": "N"}, {"76": "N"}, {"76": "N"}, {"76": "N"}, {"76": "N"}, {"76": "N"}, {"76": "N"}, {"76": "N"}, {"76": "N"}, {"76": "E"}, {"76": "E"}, {"76": "E"}, {"76": "E"}, {"62": "W"}, {"62": "N"}, {"62": "N"}, {"62": "W"}, {"62": "N"}, {"62": "N"}, {"62": "N"}, {"62": "N"}, {"62": "N"}, {"62": "N"}, {"62": "N"}, {"62": "W"}, {"62": "N"}, {"62": "N"}, {"62": "N"}, {"62": "N"}, {"62": "W"}, {"68": "W"}, {"68": "N"}, {"68": "N"}, {"68": "W"}, {"68": "W"}, {"68": "W"}, {"68": "W"}, {"68": "N"}, {"68": "N"}, {"68": "N"}, {"68": "N"}, {"68": "N"}, {"68": "N"}, {"68": "N"}, {"68": "W"}, {"68": "N"}, {"68": "W"}, {"68": "W"}, {"68": "N"}, {"68": "W"}, {"68": "N"}, {"68": "W"}, {"68": "N"}, {"68": "N"}, {"68": "W"}, {"68": "N"}, {"68": "W"}, {"68": "N"}, {"68": "N"}, {"68": "W"}, {"68": "N"}, {"68": "W"}, {"68": "W"}, {"68": "N"}, {"68": "N"}, {"68": "E"}, {"68": "E"}, {"68": "E"}, {"132": "W"}, {"132": "N"}, {"132": "N"}, {"132": "N"}, {"132": "W"}, {"132": "W"}, {"132": "W"}, {"132": "W"}, {"132": "N"}, {"132": "N"}, {"132": "N"}, {"132": "N"}, {"132": "N"}, {"132": "N"}, {"132": "N"}, {"132": "N"}, {"132": "N"}, {"88": "W"}, {"88": "W"}, {"88": "W"}, {"88": "W"}, {"88": "W"}, {"88": "S"}, {"88": "S"}, {"88": "W"}, {"88": "W"}, {"88": "W"}, {"88": "W"}, {"88": "W"}, {"88": "W"}, {"88": "W"}, {"88": "W"}, {"88": "W"}, {"88": "W"}, {"88": "W"}, {"88": "N"}, {"88": "N"}, {"84": "W"}, {"84": "W"}, {"84": "W"}, {"84": "W"}, {"84": "W"}, {"84": "W"}, {"84": "S"}, {"84": "S"}, {"84": "S"}, {"84": "S"}, {"84": "S"}, {"84": "S"}, {"84": "S"}, {"84": "S"}, {"84": "S"}, {"84": "S"}, {"84": "S"}, {"84": "S"}, {"84": "S"}, {"84": "S"}, {"84": "W"}, {"84": "S"}, {"84": "W"}, {"84": "S"}, {"84": "S"}, {"84": "S"}, {"84": "W"}, {"84": "W"}, {"151": "W"}, {"151": "W"}, {"151": "N"}, {"151": "N"}, {"151": "N"}, {"151": "W"}, {"151": "N"}, {"151": "N"}, {"151": "W"}, {"151": "N"}, {"151": "N"}, {"151": "N"}, {"151": "W"}, {"151": "W"}, {"151": "W"}, {"151": "N"}, {"151": "N"}, {"151": "N"}, {"151": "N"}, {"151": "N"}, {"151": "W"}, {"151": "W"}, {"151": "W"}, {"151": "N"}, {"151": "N"}, {"151": "N"}, {"151": "W"}, {"151": "N"}, {"151": "N"}, {"151": "N"}, {"151": "E"}, {"151": "N"}, {"151": "N"}, {"151": "N"}, {"151": "N"}, {"151": "W"}, {"151": "W"}, {"151": "N"}, {"85": "W"}, {"85": "W"}, {"85": "W"}, {"85": "W"}, {"85": "W"}, {"85": "W"}, {"85": "W"}, {"85": "W"}, {"85": "W"}, {"85": "W"}, {"85": "N"}, {"85": "N"}, {"85": "N"}, {"85": "W"}, {"85": "W"}, {"85": "W"}, {"85": "W"}, {"85": "W"}, {"85": "W"}, {"85": "W"}, {"85": "W"}, {"85": "W"}, {"85": "W"}, {"85": "W"}, {"85": "W"}, {"85": "W"}, {"85": "W"}, {"85": "W"}, {"85": "W"}, {"85": "W"}, {"85": "W"}, {"85": "W"}, {"85": "S"}, {"85": "S"}, {"85": "S"}, {"85": "S"}, {"85": "W"}, {"85": "S"}, {"85": "S"}, {"85": "W"}, {"85": "S"}, {"85": "S"}, {"85": "S"}, {"85": "E"}, {"85": "E"}, {"21": "N"}, {"21": "N"}, {"21": "N"}, {"21": "N"}, {"21": "N"}, {"21": "E"}, {"21": "N"}, {"21": "N"}, {"21": "N"}, {"21": "N"}, {"21": "N"}, {"21": "E"}, {"21": "E"}, {"21": "E"}, {"99": "W"}, {"99": "W"}, {"99": "N"}, {"99": "N"}, {"99": "N"}, {"99": "W"}, {"99": "N"}, {"99": "N"}, {"99": "N"}, {"99": "N"}, {"99": "N"}, {"99": "N"}, {"99": "N"}, {"99": "W"}, {"99": "N"}, {"99": "W"}, {"106": "E"}, {"106": "N"}, {"106": "N"}, {"106": "W"}, {"106": "W"}, {"106": "W"}, {"106": "W"}, {"106": "W"}, {"106": "W"}, {"106": "W"}, {"106": "W"}, {"106": "N"}, {"106": "N"}, {"106": "N"}, {"106": "N"}, {"106": "N"}, {"106": "N"}, {"106": "N"}, {"1": "W"}, {"1": "W"}, {"1": "W"}, {"1": "W"}, {"1": "W"}, {"1": "W"}, {"1": "W"}, {"1": "W"}, {"1": "W"}, {"1": "W"}, {"1": "S"}, {"1": "S"}, {"1": "S"}, {"1": "S"}, {"1": "S"}, {"1": "S"}, {"1": "S"}, {"1": "S"}, {"1": "S"}, {"1": "S"}, {"1": "S"}, {"1": "S"}, {"1": "S"}, {"1": "S"}, {"1": "S"}, {"1": "W"}, {"1": "S"}, {"1": "S"}, {"1": "S"}, {"1": "E"}, {"34": "W"}, {"34": "S"}, {"34": "W"}, {"34": "W"}, {"34": "W"}, {"34": "W"}, {"34": "W"}, {"34": "W"}, {"34": "W"}, {"34": "W"}, {"34": "S"}, {"34": "S"}, {"34": "S"}, {"34": "S"}, {"34": "S"}, {"34": "S"}, {"34": "S"}, {"34": "S"}, {"34": "W"}, {"34": "S"}, {"34": "S"}, {"34": "S"}, {"34": "S"}, {"34": "S"}, {"34": "W"}, {"34": "S"}, {"34": "S"}, {"34": "S"}, {"34": "S"}, {"34": "E"}, {"34": "E"}, {"34": "S"}, {"175": "N"}, {"175": "N"}, {"175": "E"}, {"175": "N"}, {"175": "N"}, {"175": "N"}, {"175": "N"}, {"175": "E"}, {"175": "E"}, {"175": "E"}, {"124": "S"}, {"124": "S"}, {"124": "S"}, {"124": "S"}, {"124": "S"}, {"124": "S"}, {"124": "S"}, {"124": "S"}, {"124": "S"}, {"124": "E"}, {"124": "E"}, {"124": "E"}, {"124": "E"}, {"124": "E"}, {"124": "E"}, {"124": "E"}, {"124": "E"}, {"124": "S"}, {"124": "E"}, {"124": "S"}, {"124": "E"}, {"124": "E"}, {"124": "E"}, {"127": "S"}, {"127": "S"}, {"127": "S"}, {"127": "S"}, {"127": "S"}, {"127": "S"}, {"127": "S"}, {"127": "W"}, {"127": "S"}, {"127": "S"}, {"127": "W"}, {"127": "S"}, {"127": "S"}, {"127": "S"}, {"127": "S"}, {"127": "S"}, {"127": "W"}, {"127": "S"}, {"127": "S"}, {"127": "S"}, {"127": "S"}, {"127": "S"}, {"127": "S"}, {"127": "S"}, {"127": "S"}, {"127": "S"}, {"127": "S"}, {"127": "S"}, {"127": "S"}, {"127": "S"}, {"127": "S"}, {"127": "S"}, {"127": "S"}, {"127": "S"}, {"127": "S"}, {"127": "E"}, {"127": "E"}, {"127": "E"}, {"127": "E"}, {"127": "E"}, {"127": "E"}, {"127": "N"}, {"45": "S"}, {"45": "S"}, {"45": "S"}, {"45": "S"}, {"45": "S"}, {"45": "S"}, {"45": "S"}, {"45": "S"}, {"45": "S"}, {"45": "S"}, {"45": "S"}, {"45": "S"}, {"45": "S"}, {"45": "S"}, {"45": "S"}, {"45": "S"}, {"45": "S"}, {"45": "S"}, {"45": "S"}, {"45": "S"}, {"45": "S"}, {"45": "S"}, {"45": "S"}, {"45": "S"}, {"45": "S"}, {"45": "E"}, {"45": "S"}, {"45": "S"}, {"45": "E"}, {"45": "E"}, {"45": "N"}, {"45": "E"}, {"45": "N"}, {"3": "S"}, {"3": "S"}, {"3": "S"}, {"3": "S"}, {"3": "S"}, {"3": "S"}, {"3": "S"}, {"3": "S"}, {"3": "E"}, {"3": "E"}, {"3": "E"}, {"3": "E"}, {"136": "W"}, {"136": "W"}, {"136": "W"}, {"136": "W"}, {"136": "S"}, {"136": "W"}, {"136": "W"}, {"136": "S"}, {"136": "S"}, {"136": "S"}, {"136": "S"}, {"136": "S"}, {"136": "S"}, {"136": "S"}, {"136": "S"}, {"136": "W"}, {"136": "S"}, {"136": "S"}, {"136": "S"}, {"136": "S"}, {"136": "S"}, {"136": "W"}, {"136": "S"}, {"136": "S"}, {"136": "S"}, {"136": "S"}, {"136": "S"}, {"136": "S"}, {"136": "S"}, {"136": "S"}, {"136": "S"}, {"136": "S"}, {"136": "S"}, {"136": "S"}, {"136": "S"}, {"136": "S"}, {"136": "S"}, {"136": "S"}, {"136": "S"}, {"136": "S"}, {"136": "E"}, {"136": "E"}, {"136": "N"}], "result": "SUCCESS", "makespan": 1623, "sum": 4881, "algo_name": "OutAndInByPercentage_per_70_SW_"}