{"instance": "small_001_10x10_40_30", "steps": [{"1": "W", "3": "S", "5": "E", "6": "S", "13": "W", "16": "S", "19": "W", "23": "N", "24": "N", "25": "W", "28": "E", "29": "W", "0": "W", "2": "E", "7": "W", "8": "E", "9": "W", "11": "E", "17": "E", "20": "W", "22": "E", "12": "S", "15": "W", "21": "S", "27": "W", "10": "W", "26": "S", "4": "W", "14": "S"}, {"1": "W", "3": "S", "5": "E", "6": "S", "13": "W", "16": "S", "19": "W", "23": "N", "24": "N", "25": "W", "28": "E", "29": "W", "0": "W", "2": "E", "7": "W", "8": "E", "9": "W", "11": "E", "17": "E", "20": "W", "22": "E", "12": "S", "15": "W", "21": "S", "27": "W", "10": "W", "26": "S", "4": "W", "14": "S"}, {"23": "W", "24": "W", "3": "W", "6": "W", "1": "W", "19": "W", "25": "S", "29": "W", "28": "E", "0": "W", "2": "E", "7": "W", "8": "E", "9": "W", "11": "E", "17": "E", "20": "W", "22": "E", "12": "S", "15": "W", "21": "S", "27": "W", "10": "W", "18": "N", "26": "S", "4": "W", "14": "S"}, {"16": "S", "13": "W", "7": "S", "2": "N", "11": "N", "12": "S", "15": "W", "21": "S", "27": "W", "10": "W", "18": "W", "26": "S", "4": "W", "14": "S"}, {"16": "S", "21": "S", "27": "W", "10": "W", "18": "W", "26": "S", "4": "W", "14": "S"}, {"12": "S", "13": "W", "15": "W", "27": "W", "10": "W", "18": "W", "4": "W", "14": "S"}, {"27": "W", "10": "W", "18": "W"}, {"27": "N", "10": "S", "18": "W"}, {"18": "W"}, {"18": "W"}, {"18": "S"}, {"7": "E"}, {"7": "E"}, {"7": "E"}, {"7": "E"}, {"7": "E"}, {"7": "E"}, {"7": "E"}, {"7": "E"}, {"7": "E"}, {"7": "E"}, {"7": "E"}, {"7": "N"}, {"7": "N"}, {"7": "N"}, {"7": "N"}, {"7": "N"}, {"7": "N"}, {"7": "N"}, {"7": "N"}, {"7": "N"}, {"16": "E"}, {"16": "E"}, {"16": "E"}, {"16": "E"}, {"16": "E"}, {"16": "E"}, {"16": "N"}, {"16": "N"}, {"16": "N"}, {"16": "N"}, {"16": "N"}, {"16": "N"}, {"16": "N"}, {"16": "N"}, {"16": "N"}, {"16": "N"}, {"16": "N"}, {"16": "N"}, {"12": "E"}, {"12": "E"}, {"12": "E"}, {"12": "E"}, {"12": "N"}, {"12": "N"}, {"12": "N"}, {"12": "N"}, {"12": "N"}, {"12": "N"}, {"12": "N"}, {"12": "N"}, {"12": "N"}, {"12": "N"}, {"4": "E"}, {"4": "E"}, {"4": "E"}, {"4": "E"}, {"4": "E"}, {"4": "E"}, {"4": "E"}, {"4": "E"}, {"4": "E"}, {"4": "E"}, {"4": "N"}, {"4": "N"}, {"4": "N"}, {"1": "S"}, {"1": "E"}, {"1": "E"}, {"1": "E"}, {"1": "E"}, {"1": "S"}, {"1": "S"}, {"1": "E"}, {"1": "E"}, {"1": "E"}, {"1": "E"}, {"1": "E"}, {"1": "E"}, {"1": "E"}, {"1": "E"}, {"1": "N"}, {"18": "N"}, {"18": "E"}, {"18": "E"}, {"18": "E"}, {"18": "E"}, {"18": "E"}, {"18": "E"}, {"18": "E"}, {"18": "E"}, {"18": "E"}, {"18": "E"}, {"18": "N"}, {"18": "E"}, {"18": "E"}, {"18": "E"}, {"18": "N"}, {"17": "W"}, {"17": "W"}, {"17": "W"}, {"17": "W"}, {"17": "N"}, {"17": "N"}, {"13": "N"}, {"13": "E"}, {"13": "N"}, {"13": "E"}, {"13": "E"}, {"13": "E"}, {"13": "E"}, {"13": "N"}, {"13": "N"}, {"13": "E"}, {"13": "E"}, {"13": "E"}, {"28": "N"}, {"28": "W"}, {"28": "W"}, {"28": "W"}, {"28": "W"}, {"28": "N"}, {"28": "W"}, {"11": "W"}, {"11": "S"}, {"11": "S"}, {"11": "S"}, {"11": "W"}, {"11": "S"}, {"11": "S"}, {"15": "S"}, {"15": "E"}, {"15": "E"}, {"15": "E"}, {"15": "E"}, {"15": "E"}, {"15": "E"}, {"15": "E"}, {"15": "E"}, {"15": "S"}, {"15": "S"}, {"15": "S"}, {"15": "E"}, {"15": "E"}, {"15": "E"}, {"15": "E"}, {"15": "N"}, {"29": "S"}, {"29": "E"}, {"29": "E"}, {"29": "E"}, {"29": "E"}, {"29": "N"}, {"29": "N"}, {"29": "N"}, {"29": "N"}, {"29": "N"}, {"29": "N"}, {"29": "N"}, {"23": "S"}, {"23": "S"}, {"23": "S"}, {"23": "S"}, {"23": "E"}, {"23": "S"}, {"23": "S"}, {"23": "E"}, {"23": "E"}, {"23": "E"}, {"23": "E"}, {"23": "S"}, {"23": "S"}, {"23": "S"}, {"23": "S"}, {"23": "E"}, {"23": "E"}, {"23": "E"}, {"23": "E"}, {"23": "S"}, {"0": "E"}, {"0": "E"}, {"0": "E"}, {"0": "E"}, {"0": "E"}, {"0": "E"}, {"0": "E"}, {"0": "S"}, {"0": "S"}, {"0": "E"}, {"0": "E"}, {"0": "E"}, {"21": "W"}, {"21": "W"}, {"21": "N"}, {"21": "N"}, {"21": "W"}, {"21": "N"}, {"21": "N"}, {"21": "N"}, {"21": "N"}, {"21": "N"}, {"21": "N"}, {"21": "N"}, {"21": "N"}, {"21": "N"}, {"19": "N"}, {"19": "E"}, {"19": "E"}, {"19": "E"}, {"19": "E"}, {"19": "E"}, {"19": "E"}, {"19": "E"}, {"19": "E"}, {"19": "S"}, {"19": "S"}, {"19": "S"}, {"19": "E"}, {"19": "E"}, {"19": "S"}, {"19": "E"}, {"26": "W"}, {"26": "W"}, {"26": "N"}, {"26": "N"}, {"26": "N"}, {"26": "N"}, {"26": "N"}, {"26": "N"}, {"26": "N"}, {"26": "N"}, {"20": "E"}, {"20": "S"}, {"20": "E"}, {"20": "S"}, {"20": "S"}, {"20": "E"}, {"20": "E"}, {"20": "E"}, {"20": "E"}, {"20": "S"}, {"20": "S"}, {"8": "W"}, {"8": "S"}, {"8": "S"}, {"8": "S"}, {"8": "S"}, {"8": "W"}, {"8": "W"}, {"8": "W"}, {"8": "W"}, {"8": "W"}, {"8": "W"}, {"8": "W"}, {"8": "N"}, {"8": "N"}, {"8": "N"}, {"8": "N"}, {"8": "N"}, {"6": "E"}, {"6": "E"}, {"6": "N"}, {"6": "E"}, {"6": "E"}, {"6": "E"}, {"6": "N"}, {"6": "N"}, {"6": "N"}, {"14": "N"}, {"14": "N"}, {"14": "N"}, {"10": "N"}, {"10": "E"}, {"10": "E"}, {"10": "E"}, {"10": "E"}, {"10": "E"}, {"10": "E"}, {"10": "S"}, {"10": "E"}, {"10": "S"}, {"10": "E"}, {"5": "W"}, {"5": "S"}, {"5": "W"}, {"5": "W"}, {"5": "W"}, {"5": "W"}, {"5": "W"}, {"5": "W"}, {"5": "W"}, {"5": "W"}, {"5": "W"}, {"5": "W"}, {"5": "N"}, {"5": "N"}, {"5": "N"}, {"5": "N"}, {"5": "N"}, {"5": "N"}, {"5": "N"}, {"25": "E"}, {"25": "S"}, {"25": "E"}, {"25": "E"}, {"25": "E"}, {"25": "S"}, {"25": "S"}, {"25": "E"}, {"25": "S"}, {"25": "S"}, {"25": "E"}, {"25": "S"}, {"25": "E"}, {"24": "W"}, {"24": "W"}, {"24": "S"}, {"24": "W"}, {"24": "W"}, {"24": "S"}, {"24": "S"}, {"24": "S"}, {"24": "S"}, {"24": "S"}, {"24": "E"}, {"24": "E"}, {"24": "E"}, {"24": "S"}, {"24": "S"}, {"2": "W"}, {"2": "S"}, {"2": "S"}, {"2": "S"}, {"2": "W"}, {"2": "W"}, {"2": "W"}, {"2": "W"}, {"2": "W"}, {"2": "W"}, {"2": "W"}, {"2": "N"}, {"2": "N"}, {"2": "N"}, {"22": "W"}, {"22": "S"}, {"22": "S"}, {"22": "S"}, {"22": "S"}, {"22": "S"}, {"22": "S"}, {"22": "S"}, {"22": "W"}, {"22": "W"}, {"22": "W"}, {"22": "W"}, {"22": "W"}, {"22": "W"}, {"22": "W"}, {"22": "W"}, {"22": "N"}, {"22": "N"}, {"22": "N"}, {"27": "S"}, {"27": "E"}, {"27": "E"}, {"27": "E"}, {"27": "E"}, {"27": "E"}, {"27": "E"}, {"27": "S"}, {"27": "S"}, {"27": "S"}, {"27": "E"}, {"3": "N"}, {"3": "W"}, {"3": "W"}, {"3": "W"}, {"3": "N"}, {"9": "E"}, {"9": "E"}, {"9": "E"}, {"9": "S"}, {"9": "S"}], "result": "SUCCESS", "makespan": 393, "sum": 506, "algo_name": "OutAndInBFS_default"}