{"instance": "buffalo_001_25x25_40_174", "steps": [{"12": "W", "15": "S", "17": "N", "29": "W", "40": "S", "84": "E", "95": "N", "119": "W", "121": "N", "137": "W", "169": "S", "32": "N", "54": "S", "60": "W", "66": "W", "77": "W", "106": "N", "108": "S", "113": "W", "114": "S", "148": "W", "155": "E", "162": "S", "1": "W", "7": "N", "14": "E", "26": "W", "36": "S", "52": "N", "58": "S", "63": "N", "69": "N", "71": "S", "73": "N", "78": "N", "83": "W", "85": "S", "99": "W", "107": "S", "110": "N", "153": "S", "156": "S", "161": "E", "9": "S", "19": "S", "43": "W", "44": "N", "46": "W", "47": "W", "50": "N", "53": "N", "59": "S", "61": "W", "82": "S", "86": "W", "126": "N", "129": "N", "135": "N", "141": "E", "145": "S", "151": "N", "154": "W", "165": "N", "2": "S", "6": "N", "11": "S", "57": "N", "62": "S", "74": "S", "96": "W", "101": "N", "105": "N", "111": "S", "127": "S", "128": "S", "131": "S", "139": "N", "142": "S", "167": "W", "168": "W", "172": "E", "173": "W", "24": "S", "25": "S", "34": "N", "35": "S", "88": "S", "102": "S", "109": "N", "115": "N", "120": "S", "134": "W", "136": "E", "147": "S", "159": "N", "0": "W", "56": "E", "76": "N", "98": "E", "100": "W", "112": "W", "118": "S", "133": "N", "138": "W", "158": "N", "18": "W", "20": "E", "22": "W", "38": "S", "80": "N", "91": "N", "140": "W", "150": "W", "163": "E", "170": "N", "10": "W", "64": "W", "81": "E", "90": "N", "97": "N", "117": "E", "143": "W", "160": "W", "171": "N", "37": "W", "39": "N", "49": "N", "92": "E", "94": "W", "122": "W", "125": "W", "132": "E", "149": "W", "5": "N", "23": "W", "33": "W", "41": "E", "48": "W", "65": "E", "67": "W", "124": "N", "144": "N", "87": "E", "89": "N", "103": "N", "116": "W", "146": "E", "157": "W", "166": "N", "3": "E", "8": "N", "16": "W"}, {"12": "W", "15": "S", "17": "N", "29": "W", "40": "S", "84": "E", "95": "N", "119": "W", "121": "N", "137": "W", "169": "S", "32": "N", "54": "S", "60": "W", "66": "W", "77": "W", "106": "N", "108": "S", "113": "W", "114": "S", "148": "W", "155": "E", "162": "S", "1": "W", "7": "N", "14": "E", "26": "W", "36": "S", "52": "N", "58": "S", "63": "N", "69": "N", "71": "S", "73": "N", "78": "N", "83": "W", "85": "S", "99": "W", "107": "S", "110": "N", "153": "S", "156": "S", "161": "E", "9": "S", "19": "S", "43": "W", "44": "N", "46": "W", "47": "W", "50": "N", "53": "N", "59": "S", "61": "W", "82": "S", "86": "W", "126": "N", "129": "N", "135": "N", "141": "E", "145": "S", "151": "N", "154": "W", "165": "N", "2": "S", "6": "N", "11": "S", "57": "N", "62": "S", "74": "S", "96": "W", "101": "N", "105": "N", "111": "S", "127": "S", "128": "S", "131": "S", "139": "N", "142": "S", "167": "W", "168": "W", "172": "E", "173": "W", "24": "S", "25": "S", "34": "N", "35": "S", "88": "S", "102": "S", "109": "N", "115": "N", "120": "S", "134": "W", "136": "E", "147": "S", "159": "N", "0": "W", "56": "E", "76": "N", "98": "E", "100": "W", "112": "W", "118": "S", "133": "N", "138": "W", "158": "N", "18": "W", "20": "E", "22": "W", "38": "S", "80": "N", "91": "N", "140": "W", "150": "W", "163": "E", "170": "N", "10": "W", "64": "W", "81": "E", "90": "N", "97": "N", "117": "E", "143": "W", "160": "W", "171": "N", "37": "W", "39": "N", "49": "N", "92": "E", "94": "W", "122": "W", "125": "W", "132": "E", "149": "W", "5": "N", "23": "W", "33": "W", "41": "E", "48": "W", "65": "E", "67": "W", "124": "N", "144": "N", "87": "E", "89": "N", "103": "N", "116": "W", "146": "E", "157": "W", "166": "N", "3": "E", "8": "N", "16": "W", "72": "W"}, {"95": "N", "40": "S", "169": "S", "12": "N", "29": "N", "119": "W", "137": "W", "84": "N", "32": "N", "54": "S", "66": "W", "77": "W", "106": "N", "108": "S", "113": "W", "114": "S", "148": "W", "162": "S", "1": "W", "7": "N", "26": "W", "36": "S", "52": "N", "58": "S", "63": "N", "69": "N", "71": "S", "73": "N", "78": "N", "83": "W", "85": "S", "99": "W", "107": "S", "110": "N", "153": "S", "156": "S", "161": "E", "9": "S", "19": "S", "43": "W", "44": "N", "46": "W", "47": "W", "50": "N", "53": "N", "59": "S", "61": "W", "82": "S", "86": "W", "126": "N", "129": "N", "135": "N", "141": "E", "145": "S", "151": "N", "154": "W", "165": "N", "2": "S", "6": "N", "11": "S", "57": "N", "62": "S", "74": "S", "96": "W", "101": "N", "105": "N", "111": "S", "127": "S", "128": "S", "131": "S", "139": "N", "142": "S", "167": "W", "168": "W", "172": "E", "173": "W", "24": "S", "25": "S", "34": "N", "35": "S", "88": "S", "102": "S", "109": "N", "115": "N", "120": "S", "134": "W", "136": "E", "147": "S", "159": "N", "0": "W", "56": "E", "76": "N", "98": "E", "100": "W", "112": "W", "118": "S", "133": "N", "138": "W", "158": "N", "18": "W", "20": "E", "22": "W", "38": "S", "80": "N", "91": "N", "140": "W", "150": "W", "163": "E", "170": "N", "10": "W", "64": "W", "81": "E", "90": "N", "97": "N", "117": "E", "143": "W", "160": "W", "171": "N", "37": "W", "39": "N", "49": "N", "92": "E", "94": "W", "122": "W", "125": "W", "132": "E", "149": "W", "5": "N", "23": "W", "33": "W", "41": "E", "48": "W", "65": "E", "67": "W", "124": "N", "144": "N", "87": "E", "89": "N", "103": "N", "116": "W", "146": "E", "157": "W", "166": "N", "3": "E", "8": "N", "16": "W", "72": "N"}, {"17": "N", "95": "N", "121": "N", "32": "E", "106": "N", "15": "S", "40": "S", "169": "S", "54": "S", "108": "W", "114": "S", "162": "S", "29": "W", "137": "N", "77": "N", "148": "W", "84": "E", "60": "W", "155": "E", "1": "W", "7": "N", "14": "E", "26": "W", "36": "S", "52": "N", "58": "S", "63": "N", "71": "S", "73": "N", "78": "N", "83": "W", "85": "S", "107": "S", "110": "N", "153": "S", "156": "S", "161": "E", "9": "S", "19": "S", "44": "N", "46": "W", "47": "W", "50": "N", "53": "N", "59": "S", "61": "W", "82": "S", "86": "W", "129": "N", "135": "N", "141": "E", "145": "S", "151": "N", "154": "W", "165": "N", "2": "S", "6": "N", "11": "S", "57": "N", "62": "S", "74": "S", "101": "N", "105": "N", "111": "S", "127": "S", "128": "S", "131": "S", "139": "N", "142": "S", "167": "W", "168": "W", "172": "E", "173": "W", "24": "S", "25": "S", "34": "N", "35": "S", "88": "S", "102": "S", "109": "N", "115": "N", "120": "S", "134": "W", "136": "E", "147": "S", "159": "N", "0": "W", "56": "E", "76": "N", "98": "E", "100": "W", "112": "W", "118": "S", "133": "N", "138": "W", "158": "N", "18": "W", "20": "E", "22": "W", "38": "S", "80": "N", "91": "N", "140": "W", "150": "W", "163": "E", "170": "N", "10": "W", "64": "W", "81": "E", "90": "N", "97": "N", "117": "E", "143": "W", "160": "W", "171": "N", "37": "W", "39": "N", "49": "N", "92": "E", "94": "W", "122": "W", "125": "W", "132": "E", "149": "W", "5": "N", "23": "W", "33": "W", "41": "E", "48": "W", "65": "E", "67": "W", "79": "E", "124": "N", "144": "N", "164": "W", "87": "E", "89": "N", "103": "N", "116": "W", "146": "E", "157": "W", "166": "N", "3": "E", "8": "N", "16": "W"}, {"17": "N", "95": "N", "121": "N", "32": "N", "106": "N", "7": "N", "52": "N", "63": "N", "73": "N", "110": "N", "15": "S", "40": "S", "169": "S", "54": "S", "114": "S", "162": "S", "36": "S", "58": "S", "85": "S", "107": "S", "153": "S", "156": "S", "137": "W", "77": "W", "148": "W", "1": "W", "26": "W", "83": "W", "84": "E", "155": "E", "14": "E", "69": "N", "99": "W", "9": "S", "19": "S", "43": "W", "44": "N", "46": "W", "47": "W", "50": "N", "53": "N", "59": "S", "61": "W", "82": "S", "86": "W", "126": "N", "129": "N", "135": "N", "141": "E", "145": "S", "151": "N", "154": "W", "165": "N", "2": "S", "6": "N", "11": "S", "57": "N", "62": "S", "74": "S", "96": "W", "101": "N", "105": "N", "111": "S", "127": "S", "128": "S", "131": "S", "139": "N", "142": "S", "167": "W", "168": "W", "172": "E", "173": "W", "24": "S", "25": "S", "34": "N", "35": "S", "88": "S", "102": "S", "109": "N", "115": "N", "120": "S", "134": "W", "136": "E", "147": "S", "159": "N", "0": "W", "56": "E", "76": "N", "98": "E", "100": "W", "112": "W", "118": "S", "133": "N", "138": "W", "158": "N", "18": "W", "20": "E", "22": "W", "38": "S", "80": "N", "91": "N", "140": "W", "150": "W", "163": "E", "170": "N", "10": "W", "30": "N", "64": "W", "81": "E", "90": "N", "97": "N", "117": "E", "143": "W", "160": "W", "171": "N", "21": "E", "37": "W", "39": "N", "49": "N", "92": "E", "94": "W", "122": "W", "125": "W", "132": "E", "149": "W", "5": "N", "23": "W", "33": "W", "41": "E", "48": "W", "65": "E", "67": "W", "124": "N", "144": "N", "164": "N", "87": "E", "89": "N", "103": "N", "116": "W", "146": "E", "157": "W", "166": "N", "3": "E", "8": "N", "16": "W", "72": "N"}, {"95": "N", "121": "N", "32": "N", "106": "N", "7": "W", "63": "N", "73": "N", "78": "N", "69": "N", "50": "N", "53": "N", "129": "N", "135": "W", "165": "N", "15": "S", "40": "S", "169": "S", "54": "S", "114": "S", "162": "S", "36": "S", "58": "S", "71": "S", "85": "S", "107": "S", "153": "S", "156": "S", "9": "S", "19": "S", "59": "S", "82": "S", "145": "S", "137": "W", "77": "W", "26": "W", "99": "W", "46": "W", "47": "N", "86": "W", "84": "E", "155": "E", "14": "E", "43": "W", "126": "N", "2": "S", "6": "N", "11": "S", "57": "N", "62": "S", "74": "S", "96": "W", "101": "N", "105": "N", "111": "S", "127": "S", "128": "S", "131": "S", "139": "N", "142": "S", "167": "W", "168": "W", "172": "E", "173": "W", "24": "S", "25": "S", "34": "N", "35": "S", "88": "S", "102": "S", "109": "N", "115": "N", "120": "S", "134": "W", "136": "E", "147": "S", "159": "N", "0": "W", "56": "E", "76": "N", "98": "E", "100": "W", "112": "W", "118": "S", "133": "N", "138": "W", "158": "N", "18": "W", "20": "E", "22": "W", "38": "S", "80": "N", "91": "N", "140": "W", "150": "W", "163": "E", "170": "N", "10": "W", "30": "W", "64": "W", "75": "E", "81": "E", "90": "N", "97": "N", "117": "E", "143": "W", "160": "W", "171": "N", "37": "W", "39": "N", "49": "N", "51": "W", "70": "E", "92": "E", "94": "W", "122": "W", "125": "W", "132": "E", "149": "W", "5": "N", "23": "W", "33": "W", "41": "E", "48": "W", "65": "E", "67": "W", "93": "W", "124": "N", "144": "N", "164": "N", "42": "W", "87": "E", "89": "N", "103": "N", "116": "W", "146": "E", "157": "W", "166": "N", "3": "E", "8": "N", "16": "W", "72": "N"}, {"95": "N", "121": "N", "106": "N", "63": "N", "73": "N", "50": "N", "53": "N", "129": "N", "165": "N", "6": "N", "101": "N", "105": "N", "139": "N", "40": "S", "169": "S", "54": "S", "108": "S", "114": "S", "162": "S", "36": "S", "58": "S", "71": "S", "85": "S", "107": "S", "153": "S", "9": "S", "59": "S", "82": "S", "145": "S", "2": "S", "11": "S", "62": "S", "74": "S", "111": "S", "131": "S", "142": "S", "137": "W", "77": "W", "99": "W", "46": "W", "47": "W", "43": "W", "173": "W", "84": "E", "155": "E", "14": "E", "172": "E", "96": "W", "24": "S", "25": "S", "34": "N", "35": "S", "88": "S", "102": "S", "109": "N", "115": "N", "120": "S", "134": "W", "136": "E", "147": "S", "159": "N", "0": "W", "56": "E", "76": "N", "98": "E", "100": "W", "112": "W", "118": "S", "133": "N", "138": "W", "158": "N", "4": "E", "18": "W", "20": "E", "22": "W", "38": "S", "80": "N", "91": "N", "140": "W", "150": "W", "163": "E", "170": "N", "10": "W", "27": "E", "28": "S", "30": "W", "64": "W", "81": "E", "90": "N", "97": "N", "117": "E", "143": "W", "160": "W", "171": "N", "37": "W", "39": "N", "49": "N", "51": "N", "55": "S", "92": "E", "94": "W", "122": "W", "125": "W", "132": "E", "149": "W", "5": "N", "23": "W", "33": "W", "41": "E", "48": "W", "65": "E", "67": "W", "124": "N", "144": "N", "164": "N", "87": "E", "89": "N", "103": "N", "116": "W", "146": "E", "157": "W", "166": "N", "3": "E", "8": "N", "16": "W", "72": "N"}, {"95": "N", "121": "N", "106": "N", "63": "N", "73": "N", "53": "N", "129": "N", "165": "N", "6": "N", "105": "N", "139": "N", "34": "N", "115": "N", "159": "N", "169": "S", "54": "E", "162": "S", "58": "S", "85": "E", "107": "S", "82": "S", "74": "S", "131": "S", "142": "S", "25": "S", "147": "S", "26": "W", "46": "W", "86": "W", "167": "W", "173": "W", "84": "E", "155": "E", "14": "E", "172": "E", "136": "E", "0": "W", "56": "E", "76": "N", "98": "E", "100": "W", "112": "W", "118": "S", "133": "N", "138": "W", "158": "N", "4": "N", "18": "W", "20": "E", "22": "W", "38": "S", "80": "N", "91": "N", "140": "W", "150": "W", "163": "E", "170": "N", "10": "W", "28": "E", "30": "W", "64": "W", "75": "N", "81": "E", "90": "N", "97": "N", "117": "E", "143": "W", "160": "W", "171": "N", "21": "N", "37": "W", "39": "N", "49": "N", "51": "W", "92": "E", "94": "W", "122": "W", "125": "W", "132": "E", "149": "W", "5": "N", "13": "E", "23": "W", "33": "W", "41": "E", "48": "W", "65": "E", "67": "W", "79": "N", "93": "W", "124": "N", "144": "N", "164": "N", "42": "W", "87": "E", "89": "N", "103": "N", "104": "E", "116": "W", "146": "E", "157": "W", "166": "N", "3": "E", "8": "N", "16": "W", "45": "E", "72": "N"}, {"95": "N", "121": "N", "106": "N", "63": "N", "73": "N", "53": "W", "129": "N", "165": "N", "105": "N", "139": "N", "34": "N", "115": "N", "159": "N", "76": "N", "133": "N", "158": "N", "169": "S", "162": "S", "58": "E", "107": "S", "9": "S", "82": "S", "2": "S", "74": "S", "131": "W", "142": "S", "25": "S", "102": "S", "118": "S", "26": "W", "46": "W", "47": "W", "86": "W", "167": "W", "173": "W", "134": "W", "0": "S", "100": "W", "112": "W", "138": "W", "84": "E", "155": "E", "14": "E", "172": "E", "136": "E", "56": "E", "98": "E", "4": "N", "18": "W", "20": "E", "38": "S", "80": "N", "91": "N", "140": "W", "150": "W", "163": "E", "170": "N", "28": "E", "30": "W", "64": "W", "75": "N", "81": "E", "90": "N", "97": "N", "117": "E", "143": "W", "160": "W", "171": "N", "21": "N", "39": "N", "49": "N", "51": "W", "55": "S", "92": "E", "94": "W", "122": "W", "125": "W", "132": "E", "149": "W", "5": "N", "13": "S", "33": "W", "41": "E", "48": "W", "65": "E", "67": "W", "79": "N", "93": "N", "124": "N", "144": "N", "164": "N", "87": "E", "89": "N", "103": "N", "146": "E", "157": "W", "166": "N", "3": "E", "8": "N", "16": "W", "72": "N"}, {"95": "W", "106": "E", "63": "E", "50": "N", "165": "E", "6": "N", "101": "N", "139": "E", "109": "N", "115": "E", "159": "N", "76": "N", "91": "N", "9": "S", "2": "S", "74": "S", "102": "S", "147": "S", "113": "W", "46": "W", "47": "W", "173": "W", "134": "W", "0": "W", "100": "S", "112": "W", "18": "W", "140": "W", "84": "E", "155": "E", "14": "E", "172": "E", "136": "E", "56": "E", "98": "E", "20": "E", "163": "E", "4": "N", "22": "W", "10": "W", "28": "E", "30": "W", "64": "W", "75": "N", "81": "E", "90": "N", "117": "E", "143": "W", "160": "W", "171": "N", "21": "N", "37": "W", "49": "N", "51": "W", "55": "E", "92": "E", "94": "W", "122": "W", "125": "W", "132": "E", "149": "W", "5": "N", "23": "W", "33": "W", "41": "E", "48": "W", "65": "E", "67": "W", "79": "N", "93": "W", "124": "N", "164": "N", "42": "W", "87": "E", "89": "N", "103": "N", "104": "E", "116": "W", "146": "E", "157": "W", "3": "E", "8": "N", "16": "W", "45": "E", "72": "N"}, {"95": "N", "121": "N", "73": "N", "129": "N", "6": "E", "105": "N", "34": "N", "159": "N", "76": "N", "133": "N", "158": "N", "80": "N", "91": "N", "170": "N", "90": "N", "9": "S", "2": "S", "74": "S", "102": "S", "147": "S", "26": "W", "46": "W", "47": "W", "86": "W", "167": "W", "173": "W", "134": "W", "0": "W", "112": "W", "138": "W", "18": "W", "140": "W", "150": "W", "22": "W", "64": "W", "143": "W", "84": "E", "155": "E", "14": "E", "172": "E", "136": "E", "56": "E", "98": "E", "20": "E", "163": "E", "81": "E", "117": "E", "4": "N", "10": "W", "28": "E", "30": "W", "75": "N", "97": "N", "21": "N", "37": "W", "39": "N", "49": "N", "51": "W", "55": "E", "70": "E", "92": "E", "94": "W", "122": "W", "125": "W", "132": "E", "149": "W", "5": "N", "13": "S", "23": "W", "33": "W", "41": "E", "48": "W", "65": "E", "67": "W", "79": "N", "93": "W", "124": "N", "144": "N", "42": "N", "87": "E", "89": "N", "103": "N", "104": "S", "116": "W", "146": "E", "157": "W", "166": "N", "3": "E", "8": "N", "16": "W"}, {"95": "N", "121": "N", "73": "N", "50": "N", "129": "N", "101": "N", "105": "N", "34": "N", "109": "N", "159": "N", "76": "N", "133": "N", "158": "N", "80": "N", "91": "N", "170": "N", "90": "N", "171": "N", "97": "N", "49": "N", "9": "E", "74": "E", "147": "W", "113": "W", "46": "N", "47": "W", "173": "N", "134": "W", "0": "W", "112": "W", "18": "W", "140": "W", "22": "W", "64": "W", "143": "W", "160": "W", "10": "W", "94": "W", "122": "W", "149": "W", "84": "E", "155": "E", "14": "E", "172": "E", "136": "E", "56": "E", "98": "E", "20": "E", "163": "E", "81": "E", "117": "E", "92": "E", "132": "E", "4": "N", "27": "E", "28": "E", "30": "W", "75": "N", "21": "N", "37": "W", "39": "N", "51": "W", "55": "E", "5": "N", "13": "E", "23": "W", "33": "W", "41": "E", "48": "W", "65": "E", "67": "W", "79": "N", "93": "W", "124": "N", "144": "N", "164": "N", "42": "W", "87": "E", "89": "N", "103": "N", "116": "W", "146": "E", "157": "W", "166": "N", "3": "E", "8": "N", "16": "W", "45": "E", "72": "N"}, {"95": "N", "121": "N", "73": "N", "50": "N", "129": "N", "101": "N", "105": "N", "34": "N", "109": "N", "159": "N", "76": "N", "133": "N", "158": "N", "80": "N", "91": "N", "170": "N", "90": "N", "171": "N", "97": "N", "49": "N", "39": "N", "5": "N", "124": "N", "2": "S", "102": "S", "113": "W", "0": "W", "112": "W", "140": "W", "22": "W", "64": "W", "160": "W", "10": "W", "94": "W", "122": "W", "37": "W", "48": "W", "67": "W", "84": "E", "155": "E", "14": "E", "172": "E", "136": "E", "56": "E", "98": "E", "20": "E", "163": "E", "81": "E", "117": "E", "92": "E", "132": "E", "41": "E", "65": "E", "4": "N", "27": "N", "28": "E", "30": "W", "75": "N", "21": "N", "51": "W", "55": "E", "70": "N", "13": "E", "23": "W", "79": "N", "93": "W", "144": "N", "164": "N", "42": "W", "87": "E", "89": "N", "103": "N", "104": "S", "116": "W", "146": "E", "157": "W", "166": "N", "3": "E", "8": "N", "16": "W", "45": "S", "72": "N"}, {"95": "N", "121": "N", "73": "N", "50": "N", "129": "N", "101": "N", "105": "N", "34": "N", "109": "N", "159": "W", "76": "W", "133": "N", "158": "N", "80": "N", "91": "W", "170": "N", "90": "W", "171": "N", "97": "N", "49": "W", "39": "N", "124": "N", "144": "N", "103": "N", "2": "S", "102": "S", "47": "W", "134": "W", "0": "W", "112": "W", "18": "W", "140": "W", "22": "W", "64": "W", "143": "W", "10": "W", "94": "W", "122": "W", "149": "W", "37": "W", "33": "W", "48": "W", "23": "W", "84": "E", "155": "E", "14": "E", "172": "E", "136": "E", "56": "E", "98": "S", "20": "S", "163": "E", "81": "E", "117": "S", "92": "E", "132": "S", "41": "S", "65": "E", "87": "E", "146": "S", "4": "N", "27": "N", "28": "E", "30": "W", "75": "N", "21": "N", "51": "W", "55": "E", "70": "N", "13": "E", "79": "N", "93": "W", "164": "N", "42": "W", "104": "E", "116": "W", "166": "N", "3": "E", "8": "N", "16": "W", "72": "N"}, {"133": "N", "170": "N", "5": "N", "89": "N", "2": "W", "112": "S", "122": "S", "48": "S", "16": "W", "4": "N", "27": "N", "28": "E", "75": "N", "21": "N", "51": "W", "55": "E", "70": "N", "13": "E", "79": "N", "93": "W", "164": "N", "42": "W", "104": "E", "45": "S", "72": "N"}, {"95": "N", "121": "N", "73": "N", "129": "N", "105": "N", "34": "N", "133": "N", "158": "N", "80": "N", "170": "N", "97": "N", "39": "N", "5": "N", "144": "N", "89": "N", "166": "N", "4": "N", "102": "S", "47": "W", "134": "W", "18": "W", "140": "W", "64": "W", "143": "W", "94": "W", "149": "W", "33": "W", "30": "W", "16": "W", "84": "E", "155": "E", "14": "E", "172": "E", "136": "E", "56": "E", "163": "E", "81": "E", "92": "E", "65": "E", "87": "E", "3": "E", "27": "N", "28": "E", "75": "N", "21": "N", "31": "E", "51": "W", "55": "E", "70": "N", "13": "E", "79": "N", "93": "W", "130": "E", "164": "N", "42": "W", "68": "E", "104": "E", "45": "E", "72": "N", "123": "E", "152": "E"}, {"95": "N", "121": "N", "73": "N", "129": "N", "105": "N", "34": "N", "133": "E", "158": "N", "80": "N", "97": "N", "39": "N", "5": "N", "144": "N", "89": "N", "166": "N", "4": "N", "75": "N", "164": "N", "102": "E", "140": "W", "64": "W", "94": "W", "16": "W", "27": "N", "21": "N", "31": "S", "55": "E", "70": "N", "13": "E", "79": "N", "93": "W", "42": "W", "104": "E", "45": "E", "72": "N"}, {"170": "N", "5": "N", "89": "N", "4": "N", "75": "N", "21": "N", "47": "W", "134": "W", "18": "W", "140": "N", "143": "W", "149": "W", "33": "W", "30": "W", "16": "W", "51": "W", "84": "E", "155": "E", "14": "E", "172": "E", "136": "E", "56": "E", "163": "E", "81": "E", "92": "E", "65": "E", "87": "E", "3": "E", "28": "E", "27": "N", "31": "E", "55": "E", "70": "N", "13": "E", "79": "N", "93": "W", "130": "E", "42": "W", "68": "E", "104": "E", "45": "E", "123": "E", "152": "E"}, {"170": "N", "5": "N", "89": "N", "4": "N", "75": "N", "21": "N", "79": "N", "64": "W", "94": "W", "16": "N", "27": "N", "31": "E", "70": "N", "13": "E", "130": "S", "42": "W", "104": "E", "45": "E"}, {"170": "E", "5": "N", "89": "N", "4": "N", "75": "N", "21": "N", "79": "N", "47": "W", "134": "W", "18": "W", "64": "S", "143": "W", "149": "W", "33": "W", "30": "W", "51": "W", "93": "W", "84": "E", "155": "E", "14": "E", "172": "E", "136": "E", "56": "E", "163": "E", "81": "E", "92": "E", "65": "E", "87": "E", "3": "E", "28": "E", "55": "E", "27": "N", "31": "E", "70": "N", "13": "E", "130": "E", "42": "W", "68": "E", "104": "E", "45": "E", "123": "E", "152": "E"}, {"5": "N", "89": "N", "4": "N", "75": "N", "21": "N", "79": "N", "27": "N", "94": "W", "31": "E", "70": "N", "130": "E", "68": "S", "104": "E", "45": "E"}, {"5": "W", "89": "W", "27": "N", "70": "N", "94": "W", "84": "E", "155": "E", "14": "E", "172": "E", "136": "E", "56": "E", "163": "E", "81": "E", "92": "E", "65": "E", "87": "E", "3": "E", "28": "E", "55": "E", "13": "E", "31": "E", "130": "E", "68": "E", "104": "E", "45": "E", "123": "E", "152": "E"}, {"4": "N", "75": "N", "21": "N", "79": "N", "27": "N", "70": "N", "94": "N", "31": "E", "130": "E", "68": "E", "45": "E", "123": "S"}, {"4": "E", "84": "E", "155": "E", "14": "E", "172": "E", "136": "E", "56": "E", "163": "E", "81": "E", "92": "E", "65": "E", "87": "E", "3": "E", "28": "E", "55": "E", "13": "E", "104": "E", "31": "E", "130": "E", "68": "E", "45": "E", "123": "E", "152": "E"}, {"75": "N", "21": "N", "79": "N", "27": "N", "70": "N", "31": "E", "130": "E", "68": "E", "123": "E", "152": "S"}, {"75": "N", "21": "N", "79": "N", "27": "N", "70": "N", "84": "E", "155": "E", "14": "E", "172": "E", "136": "E", "56": "E", "163": "E", "81": "E", "92": "E", "65": "E", "87": "E", "3": "E", "28": "E", "55": "E", "13": "E", "104": "E", "45": "E", "31": "E", "130": "E", "68": "E", "123": "E", "152": "E"}, {"75": "E", "130": "E", "68": "E", "123": "E", "152": "E"}, {"21": "N", "79": "N", "27": "N", "70": "N", "84": "E", "155": "E", "14": "E", "172": "E", "136": "E", "56": "E", "163": "E", "81": "E", "92": "E", "65": "E", "87": "E", "3": "E", "28": "E", "55": "E", "13": "E", "104": "E", "45": "E", "31": "E", "130": "E", "68": "E", "123": "E", "152": "E"}, {"21": "N", "79": "N", "27": "N", "70": "N", "68": "E", "123": "E", "152": "E"}, {"21": "W", "84": "E", "155": "E", "14": "E", "172": "E", "136": "E", "56": "E", "163": "E", "81": "E", "92": "E", "65": "E", "87": "E", "3": "E", "28": "E", "55": "E", "13": "E", "104": "E", "45": "E", "31": "E", "130": "E", "68": "E", "123": "E", "152": "E"}, {"79": "N", "27": "N", "70": "N", "123": "E", "152": "E"}, {"79": "E", "84": "E", "155": "E", "14": "E", "172": "E", "136": "E", "56": "E", "163": "E", "81": "E", "92": "E", "65": "E", "87": "E", "3": "E", "28": "E", "55": "E", "13": "E", "104": "E", "45": "E", "31": "E", "130": "E", "68": "E", "123": "E", "152": "E"}, {"27": "N", "70": "N", "152": "E"}, {"27": "N", "70": "N", "84": "E", "155": "E", "14": "E", "172": "E", "136": "E", "56": "E", "163": "E", "81": "E", "92": "E", "65": "E", "87": "E", "3": "E", "28": "E", "55": "E", "13": "E", "104": "E", "45": "E", "31": "E", "130": "E", "68": "E", "123": "E", "152": "E"}, {"27": "W"}, {"70": "N"}, {"70": "E"}, {"166": "E"}, {"166": "S"}, {"166": "S"}, {"166": "S"}, {"166": "E"}, {"166": "E"}, {"166": "E"}, {"166": "E"}, {"166": "E"}, {"166": "E"}, {"166": "E"}, {"166": "E"}, {"166": "S"}, {"27": "E"}, {"27": "S"}, {"27": "S"}, {"27": "S"}, {"27": "S"}, {"27": "S"}, {"27": "S"}, {"27": "S"}, {"27": "S"}, {"27": "S"}, {"27": "S"}, {"27": "S"}, {"27": "E"}, {"27": "E"}, {"27": "E"}, {"27": "E"}, {"27": "E"}, {"27": "E"}, {"27": "E"}, {"27": "E"}, {"27": "E"}, {"27": "E"}, {"27": "S"}, {"27": "S"}, {"27": "E"}, {"149": "S"}, {"149": "E"}, {"149": "E"}, {"149": "E"}, {"149": "E"}, {"149": "E"}, {"149": "E"}, {"149": "E"}, {"149": "E"}, {"149": "E"}, {"149": "E"}, {"149": "E"}, {"149": "E"}, {"149": "E"}, {"149": "E"}, {"149": "E"}, {"149": "E"}, {"149": "E"}, {"149": "E"}, {"149": "E"}, {"149": "E"}, {"149": "E"}, {"149": "N"}, {"149": "N"}, {"149": "E"}, {"149": "N"}, {"149": "N"}, {"149": "N"}, {"149": "E"}, {"149": "E"}, {"149": "E"}, {"149": "E"}, {"149": "E"}, {"149": "E"}, {"149": "N"}, {"149": "N"}, {"149": "N"}, {"149": "N"}, {"56": "N"}, {"56": "W"}, {"56": "W"}, {"56": "W"}, {"56": "W"}, {"56": "W"}, {"56": "W"}, {"56": "W"}, {"56": "W"}, {"56": "W"}, {"56": "W"}, {"56": "W"}, {"56": "W"}, {"56": "W"}, {"56": "W"}, {"56": "W"}, {"56": "W"}, {"56": "W"}, {"56": "W"}, {"56": "N"}, {"56": "N"}, {"56": "N"}, {"56": "N"}, {"56": "N"}, {"56": "W"}, {"56": "N"}, {"56": "N"}, {"56": "N"}, {"56": "N"}, {"56": "W"}, {"56": "N"}, {"56": "N"}, {"56": "N"}, {"63": "E"}, {"63": "E"}, {"63": "S"}, {"63": "S"}, {"63": "S"}, {"63": "S"}, {"63": "S"}, {"63": "S"}, {"63": "E"}, {"63": "E"}, {"63": "S"}, {"38": "E"}, {"38": "N"}, {"38": "E"}, {"38": "E"}, {"38": "E"}, {"38": "E"}, {"38": "E"}, {"38": "E"}, {"38": "E"}, {"38": "E"}, {"38": "E"}, {"38": "E"}, {"38": "E"}, {"38": "E"}, {"38": "N"}, {"38": "N"}, {"38": "N"}, {"38": "N"}, {"38": "N"}, {"38": "N"}, {"38": "N"}, {"38": "N"}, {"38": "N"}, {"38": "N"}, {"38": "N"}, {"38": "N"}, {"38": "N"}, {"38": "N"}, {"38": "N"}, {"38": "N"}, {"38": "N"}, {"38": "W"}, {"38": "N"}, {"38": "N"}, {"38": "N"}, {"38": "N"}, {"38": "W"}, {"38": "W"}, {"38": "W"}, {"38": "W"}, {"38": "N"}, {"38": "N"}, {"38": "N"}, {"38": "N"}, {"4": "W"}, {"4": "S"}, {"4": "S"}, {"4": "S"}, {"4": "S"}, {"4": "S"}, {"4": "S"}, {"4": "S"}, {"4": "S"}, {"4": "E"}, {"4": "E"}, {"4": "E"}, {"4": "E"}, {"4": "E"}, {"4": "E"}, {"4": "S"}, {"4": "S"}, {"4": "E"}, {"4": "E"}, {"4": "E"}, {"4": "S"}, {"4": "E"}, {"4": "E"}, {"4": "S"}, {"4": "S"}, {"123": "N"}, {"123": "W"}, {"123": "W"}, {"123": "W"}, {"123": "N"}, {"123": "N"}, {"123": "N"}, {"123": "N"}, {"123": "N"}, {"123": "W"}, {"123": "N"}, {"170": "E"}, {"170": "E"}, {"170": "S"}, {"170": "S"}, {"170": "S"}, {"170": "S"}, {"170": "S"}, {"170": "S"}, {"170": "S"}, {"170": "S"}, {"170": "S"}, {"170": "S"}, {"170": "S"}, {"170": "E"}, {"170": "E"}, {"170": "E"}, {"170": "S"}, {"170": "S"}, {"170": "S"}, {"135": "E"}, {"135": "S"}, {"135": "E"}, {"135": "E"}, {"135": "E"}, {"135": "E"}, {"135": "E"}, {"135": "E"}, {"135": "E"}, {"135": "E"}, {"135": "E"}, {"135": "E"}, {"135": "E"}, {"135": "E"}, {"135": "S"}, {"135": "S"}, {"135": "S"}, {"135": "S"}, {"135": "S"}, {"135": "S"}, {"135": "S"}, {"135": "S"}, {"115": "W"}, {"115": "S"}, {"115": "S"}, {"115": "S"}, {"115": "E"}, {"115": "E"}, {"115": "E"}, {"115": "S"}, {"115": "S"}, {"115": "E"}, {"115": "S"}, {"97": "E"}, {"97": "S"}, {"97": "S"}, {"97": "S"}, {"97": "S"}, {"97": "S"}, {"97": "S"}, {"97": "E"}, {"97": "E"}, {"97": "S"}, {"3": "N"}, {"3": "W"}, {"3": "W"}, {"3": "W"}, {"3": "W"}, {"3": "W"}, {"3": "W"}, {"3": "W"}, {"3": "W"}, {"3": "W"}, {"3": "W"}, {"3": "W"}, {"3": "N"}, {"3": "N"}, {"3": "N"}, {"3": "N"}, {"3": "N"}, {"3": "N"}, {"3": "N"}, {"3": "W"}, {"3": "N"}, {"3": "N"}, {"3": "N"}, {"3": "W"}, {"3": "W"}, {"3": "W"}, {"3": "W"}, {"3": "W"}, {"3": "W"}, {"3": "N"}, {"3": "N"}, {"142": "E"}, {"142": "N"}, {"142": "N"}, {"142": "N"}, {"142": "N"}, {"142": "E"}, {"142": "E"}, {"142": "E"}, {"142": "E"}, {"142": "E"}, {"142": "E"}, {"142": "E"}, {"142": "E"}, {"142": "E"}, {"142": "N"}, {"142": "N"}, {"142": "N"}, {"142": "N"}, {"142": "N"}, {"142": "N"}, {"142": "N"}, {"142": "N"}, {"142": "N"}, {"142": "N"}, {"142": "W"}, {"142": "W"}, {"142": "W"}, {"142": "W"}, {"142": "W"}, {"142": "W"}, {"142": "W"}, {"142": "N"}, {"142": "N"}, {"142": "N"}, {"142": "N"}, {"142": "N"}, {"142": "N"}, {"142": "N"}, {"142": "N"}, {"142": "E"}, {"142": "N"}, {"142": "N"}, {"142": "N"}, {"142": "E"}, {"142": "N"}, {"142": "N"}, {"142": "N"}, {"142": "N"}, {"111": "W"}, {"111": "N"}, {"111": "N"}, {"111": "E"}, {"111": "E"}, {"111": "E"}, {"111": "E"}, {"111": "E"}, {"111": "E"}, {"111": "E"}, {"111": "E"}, {"111": "E"}, {"111": "E"}, {"111": "N"}, {"111": "N"}, {"111": "N"}, {"111": "N"}, {"111": "N"}, {"111": "N"}, {"111": "N"}, {"111": "N"}, {"111": "N"}, {"111": "N"}, {"111": "N"}, {"111": "N"}, {"111": "N"}, {"111": "N"}, {"111": "N"}, {"111": "N"}, {"111": "N"}, {"111": "N"}, {"111": "N"}, {"111": "W"}, {"111": "N"}, {"111": "N"}, {"111": "N"}, {"111": "W"}, {"111": "W"}, {"111": "W"}, {"111": "W"}, {"111": "W"}, {"111": "W"}, {"111": "N"}, {"48": "N"}, {"48": "E"}, {"48": "E"}, {"48": "E"}, {"48": "E"}, {"48": "E"}, {"48": "E"}, {"48": "E"}, {"48": "E"}, {"48": "E"}, {"48": "E"}, {"48": "E"}, {"48": "E"}, {"48": "E"}, {"48": "E"}, {"48": "E"}, {"48": "E"}, {"48": "E"}, {"48": "E"}, {"48": "N"}, {"48": "N"}, {"48": "N"}, {"48": "N"}, {"48": "N"}, {"48": "E"}, {"48": "N"}, {"48": "N"}, {"48": "N"}, {"48": "E"}, {"48": "E"}, {"48": "E"}, {"48": "E"}, {"48": "N"}, {"44": "S"}, {"44": "W"}, {"44": "W"}, {"44": "S"}, {"44": "S"}, {"44": "E"}, {"44": "E"}, {"44": "S"}, {"44": "S"}, {"44": "E"}, {"44": "S"}, {"44": "E"}, {"44": "E"}, {"147": "E"}, {"147": "N"}, {"147": "N"}, {"147": "N"}, {"147": "N"}, {"147": "E"}, {"147": "E"}, {"147": "E"}, {"147": "N"}, {"147": "N"}, {"147": "N"}, {"147": "N"}, {"147": "N"}, {"147": "N"}, {"147": "N"}, {"147": "N"}, {"147": "N"}, {"147": "N"}, {"147": "W"}, {"147": "W"}, {"147": "W"}, {"147": "W"}, {"147": "W"}, {"147": "W"}, {"147": "W"}, {"147": "N"}, {"147": "N"}, {"147": "N"}, {"147": "N"}, {"147": "N"}, {"147": "N"}, {"147": "N"}, {"147": "N"}, {"147": "E"}, {"147": "N"}, {"147": "N"}, {"147": "N"}, {"147": "E"}, {"147": "E"}, {"147": "N"}, {"147": "N"}, {"87": "N"}, {"87": "W"}, {"87": "W"}, {"87": "W"}, {"87": "W"}, {"87": "W"}, {"87": "W"}, {"87": "W"}, {"87": "W"}, {"87": "W"}, {"87": "W"}, {"87": "W"}, {"87": "W"}, {"87": "W"}, {"87": "W"}, {"87": "S"}, {"87": "W"}, {"87": "W"}, {"87": "W"}, {"87": "W"}, {"87": "W"}, {"87": "W"}, {"87": "W"}, {"87": "W"}, {"87": "W"}, {"87": "N"}, {"87": "N"}, {"87": "N"}, {"87": "N"}, {"87": "N"}, {"87": "N"}, {"87": "N"}, {"87": "E"}, {"87": "N"}, {"87": "N"}, {"87": "N"}, {"87": "E"}, {"87": "E"}, {"87": "E"}, {"87": "E"}, {"78": "W"}, {"78": "S"}, {"78": "S"}, {"78": "S"}, {"78": "S"}, {"78": "E"}, {"78": "S"}, {"78": "S"}, {"78": "E"}, {"78": "E"}, {"20": "N"}, {"20": "W"}, {"20": "W"}, {"20": "W"}, {"20": "W"}, {"20": "W"}, {"20": "W"}, {"20": "W"}, {"20": "W"}, {"20": "W"}, {"20": "W"}, {"20": "W"}, {"20": "W"}, {"20": "W"}, {"20": "W"}, {"20": "W"}, {"20": "W"}, {"20": "N"}, {"20": "N"}, {"20": "N"}, {"20": "N"}, {"20": "N"}, {"20": "N"}, {"20": "N"}, {"20": "N"}, {"20": "E"}, {"20": "N"}, {"20": "N"}, {"20": "N"}, {"20": "N"}, {"20": "N"}, {"20": "N"}, {"20": "N"}, {"12": "E"}, {"12": "E"}, {"12": "E"}, {"12": "E"}, {"12": "E"}, {"12": "E"}, {"12": "E"}, {"12": "E"}, {"12": "E"}, {"12": "E"}, {"12": "E"}, {"12": "E"}, {"12": "E"}, {"12": "E"}, {"12": "E"}, {"12": "E"}, {"12": "E"}, {"12": "E"}, {"12": "E"}, {"12": "E"}, {"12": "E"}, {"12": "E"}, {"12": "E"}, {"12": "E"}, {"12": "E"}, {"12": "E"}, {"12": "E"}, {"12": "S"}, {"12": "S"}, {"12": "S"}, {"12": "S"}, {"12": "S"}, {"12": "S"}, {"12": "S"}, {"12": "S"}, {"12": "S"}, {"12": "W"}, {"12": "S"}, {"130": "N"}, {"130": "W"}, {"130": "W"}, {"130": "W"}, {"130": "W"}, {"130": "W"}, {"130": "W"}, {"130": "S"}, {"130": "W"}, {"130": "W"}, {"130": "W"}, {"130": "W"}, {"130": "W"}, {"130": "W"}, {"130": "W"}, {"130": "W"}, {"130": "W"}, {"130": "N"}, {"130": "N"}, {"130": "N"}, {"130": "N"}, {"130": "N"}, {"130": "N"}, {"130": "N"}, {"130": "N"}, {"130": "N"}, {"130": "N"}, {"130": "N"}, {"130": "N"}, {"92": "N"}, {"92": "W"}, {"92": "W"}, {"92": "W"}, {"92": "W"}, {"92": "W"}, {"92": "W"}, {"92": "W"}, {"92": "W"}, {"92": "W"}, {"92": "W"}, {"92": "W"}, {"92": "W"}, {"92": "W"}, {"92": "W"}, {"92": "W"}, {"92": "W"}, {"92": "S"}, {"92": "W"}, {"92": "W"}, {"92": "W"}, {"92": "W"}, {"92": "W"}, {"92": "W"}, {"92": "W"}, {"92": "W"}, {"92": "W"}, {"92": "N"}, {"92": "N"}, {"92": "N"}, {"92": "N"}, {"92": "N"}, {"92": "N"}, {"92": "N"}, {"92": "E"}, {"92": "N"}, {"92": "N"}, {"92": "N"}, {"92": "E"}, {"46": "S"}, {"46": "E"}, {"46": "E"}, {"46": "E"}, {"46": "E"}, {"46": "E"}, {"46": "E"}, {"46": "E"}, {"46": "E"}, {"46": "E"}, {"46": "E"}, {"46": "E"}, {"46": "E"}, {"46": "E"}, {"46": "E"}, {"46": "E"}, {"46": "E"}, {"46": "E"}, {"46": "E"}, {"46": "E"}, {"46": "E"}, {"46": "E"}, {"46": "E"}, {"46": "S"}, {"46": "S"}, {"46": "S"}, {"46": "E"}, {"46": "S"}, {"46": "S"}, {"46": "S"}, {"46": "E"}, {"46": "E"}, {"46": "S"}, {"46": "S"}, {"46": "E"}, {"46": "E"}, {"46": "E"}, {"46": "E"}, {"46": "E"}, {"46": "E"}, {"46": "N"}, {"46": "N"}, {"46": "N"}, {"29": "S"}, {"29": "E"}, {"29": "E"}, {"29": "E"}, {"29": "E"}, {"29": "S"}, {"29": "E"}, {"29": "E"}, {"29": "E"}, {"29": "S"}, {"29": "S"}, {"29": "E"}, {"29": "E"}, {"29": "E"}, {"29": "E"}, {"29": "E"}, {"29": "E"}, {"29": "E"}, {"29": "E"}, {"29": "E"}, {"29": "E"}, {"29": "S"}, {"29": "S"}, {"29": "S"}, {"29": "E"}, {"29": "S"}, {"29": "S"}, {"29": "S"}, {"29": "E"}, {"29": "E"}, {"29": "S"}, {"29": "S"}, {"29": "E"}, {"29": "E"}, {"29": "E"}, {"29": "E"}, {"29": "E"}, {"29": "E"}, {"29": "E"}, {"29": "N"}, {"29": "N"}, {"104": "N"}, {"104": "W"}, {"104": "W"}, {"104": "W"}, {"104": "W"}, {"104": "W"}, {"104": "W"}, {"104": "W"}, {"104": "W"}, {"104": "W"}, {"104": "S"}, {"104": "W"}, {"104": "W"}, {"104": "W"}, {"104": "W"}, {"104": "W"}, {"104": "W"}, {"104": "W"}, {"104": "W"}, {"104": "W"}, {"104": "N"}, {"104": "N"}, {"104": "N"}, {"104": "N"}, {"104": "N"}, {"104": "N"}, {"104": "N"}, {"104": "E"}, {"104": "N"}, {"104": "N"}, {"104": "N"}, {"99": "S"}, {"99": "E"}, {"99": "E"}, {"99": "E"}, {"99": "E"}, {"99": "E"}, {"99": "E"}, {"99": "E"}, {"99": "E"}, {"99": "E"}, {"99": "E"}, {"99": "E"}, {"99": "E"}, {"99": "E"}, {"99": "E"}, {"99": "E"}, {"99": "E"}, {"99": "E"}, {"99": "E"}, {"99": "S"}, {"99": "S"}, {"99": "S"}, {"99": "E"}, {"99": "S"}, {"99": "S"}, {"99": "S"}, {"99": "E"}, {"99": "E"}, {"99": "S"}, {"99": "S"}, {"99": "E"}, {"99": "E"}, {"99": "E"}, {"99": "E"}, {"99": "E"}, {"99": "E"}, {"99": "E"}, {"99": "N"}, {"74": "W"}, {"74": "N"}, {"74": "N"}, {"74": "N"}, {"74": "N"}, {"74": "N"}, {"74": "N"}, {"74": "E"}, {"74": "E"}, {"74": "E"}, {"74": "E"}, {"74": "E"}, {"74": "E"}, {"74": "E"}, {"74": "E"}, {"74": "E"}, {"74": "N"}, {"74": "N"}, {"74": "N"}, {"74": "N"}, {"74": "N"}, {"74": "N"}, {"74": "N"}, {"74": "N"}, {"74": "N"}, {"74": "N"}, {"74": "W"}, {"74": "W"}, {"74": "W"}, {"74": "W"}, {"74": "W"}, {"74": "W"}, {"74": "W"}, {"74": "W"}, {"74": "N"}, {"74": "N"}, {"74": "N"}, {"74": "N"}, {"74": "N"}, {"74": "N"}, {"74": "N"}, {"74": "N"}, {"74": "N"}, {"74": "N"}, {"74": "N"}, {"74": "N"}, {"74": "N"}, {"160": "S"}, {"160": "E"}, {"160": "E"}, {"160": "E"}, {"160": "E"}, {"160": "E"}, {"160": "E"}, {"160": "E"}, {"160": "E"}, {"160": "E"}, {"160": "E"}, {"160": "E"}, {"160": "E"}, {"160": "E"}, {"160": "E"}, {"160": "E"}, {"160": "E"}, {"160": "E"}, {"160": "E"}, {"160": "N"}, {"160": "N"}, {"160": "N"}, {"160": "N"}, {"160": "N"}, {"160": "E"}, {"160": "N"}, {"160": "N"}, {"10": "N"}, {"10": "E"}, {"10": "E"}, {"10": "E"}, {"10": "E"}, {"10": "E"}, {"10": "E"}, {"10": "E"}, {"10": "E"}, {"10": "E"}, {"10": "E"}, {"10": "E"}, {"10": "E"}, {"10": "E"}, {"10": "E"}, {"10": "E"}, {"10": "E"}, {"10": "E"}, {"10": "E"}, {"10": "E"}, {"10": "E"}, {"10": "S"}, {"10": "S"}, {"10": "S"}, {"10": "E"}, {"10": "E"}, {"10": "S"}, {"10": "S"}, {"10": "E"}, {"10": "E"}, {"10": "E"}, {"10": "E"}, {"10": "E"}, {"10": "E"}, {"10": "N"}, {"140": "S"}, {"140": "E"}, {"140": "E"}, {"140": "E"}, {"140": "E"}, {"140": "E"}, {"140": "E"}, {"140": "E"}, {"140": "E"}, {"140": "E"}, {"140": "E"}, {"140": "E"}, {"140": "E"}, {"140": "E"}, {"140": "E"}, {"140": "E"}, {"140": "E"}, {"140": "E"}, {"140": "E"}, {"140": "E"}, {"140": "E"}, {"140": "E"}, {"140": "E"}, {"140": "E"}, {"140": "S"}, {"140": "S"}, {"140": "S"}, {"140": "E"}, {"140": "S"}, {"140": "S"}, {"140": "S"}, {"140": "E"}, {"140": "E"}, {"140": "S"}, {"140": "S"}, {"140": "E"}, {"140": "E"}, {"140": "E"}, {"140": "E"}, {"140": "E"}, {"140": "E"}, {"66": "E"}, {"66": "E"}, {"66": "E"}, {"66": "S"}, {"66": "S"}, {"66": "S"}, {"66": "E"}, {"66": "E"}, {"66": "E"}, {"66": "S"}, {"66": "S"}, {"66": "E"}, {"66": "E"}, {"66": "E"}, {"66": "E"}, {"66": "E"}, {"66": "E"}, {"66": "E"}, {"66": "E"}, {"66": "E"}, {"66": "E"}, {"66": "S"}, {"66": "S"}, {"66": "S"}, {"66": "E"}, {"66": "S"}, {"66": "S"}, {"66": "S"}, {"66": "E"}, {"66": "E"}, {"66": "S"}, {"66": "S"}, {"66": "E"}, {"66": "E"}, {"66": "E"}, {"66": "E"}, {"66": "E"}, {"66": "S"}, {"66": "E"}, {"66": "E"}, {"1": "S"}, {"1": "E"}, {"1": "E"}, {"1": "E"}, {"1": "E"}, {"1": "E"}, {"1": "N"}, {"1": "E"}, {"1": "E"}, {"1": "N"}, {"1": "N"}, {"1": "E"}, {"1": "E"}, {"1": "E"}, {"1": "E"}, {"1": "E"}, {"1": "E"}, {"1": "E"}, {"1": "E"}, {"1": "E"}, {"1": "E"}, {"1": "N"}, {"1": "N"}, {"1": "N"}, {"1": "N"}, {"1": "N"}, {"1": "N"}, {"1": "N"}, {"168": "E"}, {"168": "E"}, {"168": "E"}, {"168": "E"}, {"168": "E"}, {"168": "E"}, {"168": "N"}, {"168": "E"}, {"168": "E"}, {"168": "E"}, {"168": "E"}, {"168": "E"}, {"168": "E"}, {"168": "E"}, {"168": "E"}, {"168": "E"}, {"168": "E"}, {"168": "N"}, {"168": "N"}, {"168": "N"}, {"168": "N"}, {"168": "N"}, {"168": "E"}, {"153": "E"}, {"153": "N"}, {"153": "N"}, {"153": "N"}, {"153": "N"}, {"153": "E"}, {"153": "E"}, {"153": "E"}, {"153": "E"}, {"153": "E"}, {"153": "E"}, {"153": "N"}, {"153": "N"}, {"153": "N"}, {"153": "N"}, {"153": "N"}, {"153": "N"}, {"153": "N"}, {"153": "N"}, {"153": "N"}, {"153": "N"}, {"153": "W"}, {"153": "W"}, {"153": "W"}, {"153": "W"}, {"94": "S"}, {"94": "E"}, {"94": "E"}, {"94": "E"}, {"94": "E"}, {"94": "E"}, {"94": "E"}, {"94": "E"}, {"94": "E"}, {"94": "E"}, {"94": "E"}, {"94": "E"}, {"94": "E"}, {"94": "E"}, {"94": "E"}, {"94": "E"}, {"94": "E"}, {"94": "E"}, {"94": "E"}, {"94": "E"}, {"94": "E"}, {"94": "E"}, {"94": "E"}, {"94": "E"}, {"94": "E"}, {"94": "S"}, {"94": "S"}, {"94": "S"}, {"94": "E"}, {"94": "S"}, {"94": "S"}, {"94": "S"}, {"94": "E"}, {"94": "E"}, {"94": "S"}, {"94": "S"}, {"94": "E"}, {"94": "E"}, {"94": "E"}, {"94": "E"}, {"94": "E"}, {"94": "S"}, {"94": "E"}, {"76": "E"}, {"76": "S"}, {"76": "S"}, {"76": "S"}, {"76": "S"}, {"76": "S"}, {"76": "S"}, {"76": "S"}, {"76": "S"}, {"76": "S"}, {"76": "S"}, {"76": "E"}, {"76": "S"}, {"76": "S"}, {"76": "S"}, {"76": "E"}, {"76": "S"}, {"76": "S"}, {"76": "S"}, {"76": "E"}, {"76": "S"}, {"76": "S"}, {"76": "S"}, {"76": "E"}, {"76": "E"}, {"76": "S"}, {"76": "S"}, {"76": "E"}, {"76": "E"}, {"76": "S"}, {"51": "S"}, {"51": "E"}, {"51": "E"}, {"51": "E"}, {"51": "E"}, {"51": "E"}, {"51": "E"}, {"51": "E"}, {"51": "E"}, {"51": "E"}, {"51": "E"}, {"51": "E"}, {"51": "E"}, {"51": "E"}, {"51": "E"}, {"51": "E"}, {"51": "E"}, {"51": "E"}, {"51": "E"}, {"51": "E"}, {"51": "S"}, {"51": "S"}, {"51": "S"}, {"51": "E"}, {"51": "E"}, {"51": "S"}, {"51": "S"}, {"51": "E"}, {"51": "E"}, {"51": "E"}, {"51": "E"}, {"51": "E"}, {"51": "S"}, {"51": "S"}, {"51": "E"}, {"51": "E"}, {"41": "S"}, {"41": "W"}, {"41": "W"}, {"41": "W"}, {"41": "W"}, {"41": "W"}, {"41": "N"}, {"41": "N"}, {"41": "N"}, {"154": "E"}, {"154": "E"}, {"154": "E"}, {"154": "E"}, {"154": "E"}, {"154": "E"}, {"154": "S"}, {"154": "S"}, {"154": "E"}, {"154": "E"}, {"154": "E"}, {"154": "E"}, {"154": "E"}, {"154": "E"}, {"154": "E"}, {"154": "E"}, {"154": "E"}, {"154": "E"}, {"154": "S"}, {"154": "S"}, {"154": "S"}, {"154": "E"}, {"154": "S"}, {"154": "S"}, {"154": "S"}, {"154": "E"}, {"154": "E"}, {"154": "S"}, {"154": "S"}, {"154": "E"}, {"154": "E"}, {"154": "E"}, {"154": "E"}, {"154": "S"}, {"154": "E"}, {"154": "S"}, {"154": "E"}, {"132": "S"}, {"132": "W"}, {"132": "W"}, {"132": "W"}, {"132": "W"}, {"120": "E"}, {"120": "N"}, {"120": "E"}, {"120": "E"}, {"120": "E"}, {"120": "E"}, {"120": "N"}, {"120": "N"}, {"120": "N"}, {"120": "N"}, {"120": "N"}, {"120": "N"}, {"120": "N"}, {"120": "N"}, {"120": "N"}, {"120": "N"}, {"117": "S"}, {"117": "W"}, {"117": "W"}, {"117": "W"}, {"117": "W"}, {"117": "S"}, {"117": "W"}, {"117": "W"}, {"117": "W"}, {"117": "W"}, {"117": "N"}, {"117": "N"}, {"117": "N"}, {"117": "N"}, {"21": "E"}, {"21": "S"}, {"21": "S"}, {"21": "S"}, {"21": "S"}, {"21": "S"}, {"21": "S"}, {"21": "S"}, {"21": "S"}, {"21": "S"}, {"21": "S"}, {"21": "S"}, {"21": "S"}, {"21": "S"}, {"21": "S"}, {"21": "E"}, {"21": "S"}, {"21": "S"}, {"21": "S"}, {"21": "E"}, {"21": "S"}, {"21": "S"}, {"21": "S"}, {"21": "E"}, {"21": "S"}, {"21": "S"}, {"21": "S"}, {"21": "E"}, {"21": "E"}, {"21": "S"}, {"21": "S"}, {"127": "W"}, {"127": "W"}, {"127": "W"}, {"127": "W"}, {"127": "W"}, {"127": "W"}, {"127": "W"}, {"127": "W"}, {"127": "N"}, {"127": "N"}, {"127": "N"}, {"127": "N"}, {"127": "N"}, {"127": "N"}, {"127": "N"}, {"127": "N"}, {"127": "N"}, {"127": "N"}, {"127": "N"}, {"127": "N"}, {"127": "E"}, {"127": "E"}, {"127": "N"}, {"127": "N"}, {"127": "E"}, {"127": "E"}, {"127": "E"}, {"127": "E"}, {"127": "E"}, {"127": "E"}, {"127": "E"}, {"127": "E"}, {"127": "E"}, {"127": "E"}, {"127": "E"}, {"127": "E"}, {"127": "E"}, {"127": "S"}, {"98": "S"}, {"98": "W"}, {"98": "W"}, {"98": "W"}, {"98": "W"}, {"98": "W"}, {"98": "W"}, {"98": "S"}, {"98": "W"}, {"98": "W"}, {"98": "W"}, {"98": "W"}, {"98": "N"}, {"98": "N"}, {"98": "N"}, {"83": "N"}, {"83": "E"}, {"83": "E"}, {"83": "E"}, {"83": "E"}, {"83": "S"}, {"83": "E"}, {"83": "S"}, {"83": "S"}, {"83": "S"}, {"83": "S"}, {"83": "S"}, {"83": "S"}, {"83": "S"}, {"83": "S"}, {"83": "S"}, {"83": "S"}, {"83": "S"}, {"83": "S"}, {"83": "S"}, {"83": "S"}, {"83": "S"}, {"83": "S"}, {"83": "E"}, {"83": "E"}, {"83": "E"}, {"83": "E"}, {"83": "E"}, {"83": "E"}, {"83": "E"}, {"83": "E"}, {"83": "E"}, {"83": "E"}, {"83": "E"}, {"83": "E"}, {"83": "E"}, {"83": "E"}, {"83": "E"}, {"83": "E"}, {"83": "E"}, {"83": "E"}, {"83": "E"}, {"83": "E"}, {"83": "N"}, {"83": "N"}, {"83": "N"}, {"83": "N"}, {"81": "N"}, {"81": "W"}, {"81": "W"}, {"81": "W"}, {"81": "W"}, {"81": "W"}, {"81": "W"}, {"81": "W"}, {"81": "W"}, {"81": "W"}, {"81": "W"}, {"81": "W"}, {"81": "W"}, {"81": "W"}, {"81": "W"}, {"81": "W"}, {"81": "N"}, {"81": "N"}, {"81": "N"}, {"81": "N"}, {"81": "N"}, {"81": "N"}, {"81": "N"}, {"81": "W"}, {"81": "N"}, {"81": "N"}, {"81": "N"}, {"81": "N"}, {"81": "N"}, {"81": "N"}, {"81": "N"}, {"81": "W"}, {"81": "W"}, {"81": "W"}, {"81": "W"}, {"81": "W"}, {"81": "W"}, {"81": "W"}, {"81": "W"}, {"81": "W"}, {"81": "W"}, {"81": "W"}, {"81": "W"}, {"81": "S"}, {"81": "S"}, {"81": "S"}, {"81": "S"}, {"81": "E"}, {"81": "S"}, {"81": "S"}, {"81": "S"}, {"81": "E"}, {"81": "S"}, {"81": "S"}, {"81": "S"}, {"81": "E"}, {"68": "N"}, {"68": "W"}, {"68": "W"}, {"68": "W"}, {"68": "N"}, {"68": "N"}, {"68": "N"}, {"68": "N"}, {"68": "N"}, {"68": "N"}, {"68": "N"}, {"68": "W"}, {"68": "N"}, {"68": "N"}, {"68": "N"}, {"68": "N"}, {"68": "N"}, {"68": "N"}, {"68": "N"}, {"68": "W"}, {"68": "W"}, {"68": "W"}, {"68": "W"}, {"68": "W"}, {"68": "W"}, {"68": "W"}, {"68": "W"}, {"68": "W"}, {"68": "W"}, {"68": "W"}, {"68": "W"}, {"68": "S"}, {"68": "S"}, {"68": "S"}, {"68": "S"}, {"68": "E"}, {"68": "S"}, {"68": "S"}, {"68": "S"}, {"68": "S"}, {"16": "S"}, {"16": "E"}, {"16": "E"}, {"16": "E"}, {"16": "E"}, {"16": "E"}, {"16": "E"}, {"16": "E"}, {"16": "E"}, {"16": "S"}, {"16": "S"}, {"16": "S"}, {"16": "S"}, {"16": "S"}, {"16": "S"}, {"16": "S"}, {"16": "S"}, {"16": "E"}, {"16": "E"}, {"16": "E"}, {"16": "E"}, {"16": "E"}, {"16": "E"}, {"16": "E"}, {"16": "E"}, {"16": "E"}, {"16": "E"}, {"16": "E"}, {"16": "E"}, {"16": "E"}, {"16": "E"}, {"16": "E"}, {"16": "E"}, {"16": "E"}, {"16": "E"}, {"16": "E"}, {"16": "E"}, {"16": "E"}, {"16": "N"}, {"16": "N"}, {"16": "N"}, {"8": "W"}, {"8": "S"}, {"8": "S"}, {"8": "S"}, {"8": "S"}, {"8": "S"}, {"8": "E"}, {"8": "S"}, {"8": "S"}, {"8": "S"}, {"8": "E"}, {"8": "S"}, {"8": "S"}, {"8": "S"}, {"8": "S"}, {"8": "E"}, {"8": "S"}, {"8": "S"}, {"8": "S"}, {"8": "S"}, {"8": "S"}, {"165": "W"}, {"165": "S"}, {"165": "S"}, {"165": "S"}, {"165": "S"}, {"165": "S"}, {"165": "W"}, {"165": "W"}, {"165": "W"}, {"165": "S"}, {"165": "S"}, {"165": "S"}, {"165": "S"}, {"165": "E"}, {"165": "S"}, {"165": "S"}, {"165": "S"}, {"165": "E"}, {"165": "S"}, {"165": "S"}, {"165": "S"}, {"165": "S"}, {"165": "E"}, {"152": "W"}, {"152": "N"}, {"152": "N"}, {"152": "N"}, {"152": "N"}, {"152": "N"}, {"152": "N"}, {"152": "N"}, {"152": "N"}, {"152": "W"}, {"152": "N"}, {"152": "N"}, {"152": "N"}, {"152": "N"}, {"152": "N"}, {"152": "N"}, {"152": "N"}, {"152": "W"}, {"152": "W"}, {"152": "W"}, {"152": "W"}, {"152": "W"}, {"152": "W"}, {"152": "W"}, {"152": "W"}, {"152": "W"}, {"152": "W"}, {"152": "W"}, {"152": "W"}, {"152": "S"}, {"152": "S"}, {"152": "S"}, {"152": "S"}, {"152": "E"}, {"152": "S"}, {"152": "S"}, {"152": "S"}, {"152": "E"}, {"152": "S"}, {"152": "S"}, {"152": "S"}, {"152": "S"}, {"152": "S"}, {"152": "E"}, {"152": "S"}, {"152": "E"}, {"152": "E"}, {"137": "S"}, {"137": "E"}, {"137": "E"}, {"137": "E"}, {"137": "E"}, {"137": "E"}, {"137": "E"}, {"137": "E"}, {"137": "E"}, {"137": "S"}, {"137": "S"}, {"137": "S"}, {"137": "S"}, {"137": "S"}, {"137": "S"}, {"137": "S"}, {"137": "S"}, {"137": "S"}, {"137": "S"}, {"137": "S"}, {"137": "S"}, {"137": "S"}, {"137": "S"}, {"137": "E"}, {"137": "E"}, {"137": "E"}, {"137": "E"}, {"137": "E"}, {"137": "E"}, {"137": "E"}, {"137": "E"}, {"137": "E"}, {"137": "E"}, {"137": "E"}, {"137": "E"}, {"137": "E"}, {"137": "E"}, {"137": "E"}, {"137": "E"}, {"137": "E"}, {"137": "E"}, {"137": "E"}, {"137": "E"}, {"137": "N"}, {"137": "N"}, {"137": "N"}, {"136": "N"}, {"136": "W"}, {"136": "W"}, {"136": "W"}, {"136": "W"}, {"136": "W"}, {"136": "W"}, {"136": "W"}, {"136": "W"}, {"136": "W"}, {"136": "W"}, {"136": "W"}, {"136": "W"}, {"136": "W"}, {"136": "W"}, {"136": "W"}, {"136": "W"}, {"136": "W"}, {"136": "W"}, {"136": "N"}, {"136": "N"}, {"136": "N"}, {"136": "N"}, {"136": "N"}, {"136": "N"}, {"136": "N"}, {"136": "W"}, {"136": "N"}, {"136": "N"}, {"136": "N"}, {"136": "N"}, {"136": "N"}, {"136": "N"}, {"136": "N"}, {"136": "W"}, {"136": "W"}, {"136": "W"}, {"136": "W"}, {"136": "W"}, {"136": "W"}, {"136": "W"}, {"136": "W"}, {"136": "W"}, {"136": "W"}, {"136": "W"}, {"136": "W"}, {"136": "S"}, {"136": "S"}, {"136": "S"}, {"136": "S"}, {"136": "E"}, {"136": "S"}, {"136": "S"}, {"136": "S"}, {"136": "E"}, {"136": "S"}, {"136": "S"}, {"136": "S"}, {"119": "N"}, {"119": "E"}, {"119": "E"}, {"119": "E"}, {"119": "E"}, {"119": "S"}, {"119": "S"}, {"119": "S"}, {"119": "S"}, {"119": "E"}, {"119": "S"}, {"119": "S"}, {"119": "S"}, {"119": "S"}, {"119": "S"}, {"119": "S"}, {"119": "S"}, {"119": "S"}, {"119": "S"}, {"119": "S"}, {"119": "S"}, {"119": "S"}, {"119": "S"}, {"119": "S"}, {"119": "S"}, {"119": "S"}, {"119": "E"}, {"119": "E"}, {"119": "E"}, {"119": "E"}, {"119": "E"}, {"119": "E"}, {"119": "E"}, {"119": "E"}, {"119": "E"}, {"119": "E"}, {"119": "E"}, {"119": "E"}, {"119": "E"}, {"119": "E"}, {"119": "E"}, {"119": "E"}, {"119": "E"}, {"119": "E"}, {"119": "E"}, {"119": "N"}, {"119": "N"}, {"119": "N"}, {"119": "N"}, {"110": "E"}, {"110": "S"}, {"110": "S"}, {"110": "W"}, {"110": "W"}, {"110": "W"}, {"110": "W"}, {"110": "W"}, {"110": "W"}, {"110": "W"}, {"110": "W"}, {"110": "W"}, {"110": "S"}, {"110": "S"}, {"110": "S"}, {"110": "S"}, {"110": "S"}, {"110": "S"}, {"110": "S"}, {"110": "S"}, {"110": "S"}, {"110": "E"}, {"110": "S"}, {"110": "S"}, {"110": "E"}, {"110": "S"}, {"110": "S"}, {"110": "S"}, {"110": "S"}, {"110": "S"}, {"101": "W"}, {"101": "S"}, {"101": "S"}, {"101": "S"}, {"101": "S"}, {"101": "S"}, {"101": "S"}, {"101": "S"}, {"101": "S"}, {"101": "S"}, {"101": "S"}, {"101": "S"}, {"101": "S"}, {"101": "S"}, {"101": "S"}, {"101": "S"}, {"101": "E"}, {"101": "S"}, {"101": "S"}, {"101": "E"}, {"101": "S"}, {"101": "E"}, {"101": "S"}, {"101": "E"}, {"101": "S"}, {"31": "N"}, {"31": "W"}, {"31": "W"}, {"31": "W"}, {"31": "W"}, {"31": "W"}, {"31": "N"}, {"31": "N"}, {"31": "N"}, {"31": "N"}, {"31": "N"}, {"31": "N"}, {"31": "N"}, {"31": "W"}, {"31": "N"}, {"31": "N"}, {"31": "N"}, {"31": "N"}, {"31": "N"}, {"31": "N"}, {"31": "N"}, {"31": "W"}, {"31": "W"}, {"31": "W"}, {"31": "W"}, {"31": "W"}, {"31": "W"}, {"31": "W"}, {"31": "W"}, {"31": "W"}, {"31": "W"}, {"31": "W"}, {"31": "W"}, {"31": "S"}, {"31": "S"}, {"31": "S"}, {"31": "S"}, {"31": "S"}, {"31": "S"}, {"31": "S"}, {"31": "S"}, {"31": "S"}, {"31": "E"}, {"26": "N"}, {"26": "E"}, {"26": "E"}, {"26": "E"}, {"26": "E"}, {"26": "E"}, {"26": "E"}, {"26": "E"}, {"26": "E"}, {"26": "E"}, {"26": "S"}, {"26": "S"}, {"26": "S"}, {"26": "S"}, {"26": "S"}, {"26": "S"}, {"26": "S"}, {"26": "S"}, {"26": "S"}, {"26": "S"}, {"26": "S"}, {"26": "S"}, {"26": "S"}, {"26": "S"}, {"26": "E"}, {"26": "E"}, {"26": "E"}, {"26": "E"}, {"26": "E"}, {"26": "E"}, {"26": "E"}, {"26": "E"}, {"26": "E"}, {"26": "E"}, {"26": "E"}, {"26": "E"}, {"26": "E"}, {"26": "E"}, {"26": "E"}, {"26": "E"}, {"26": "E"}, {"26": "E"}, {"26": "E"}, {"26": "E"}, {"26": "E"}, {"26": "E"}, {"26": "N"}, {"173": "S"}, {"173": "E"}, {"173": "E"}, {"173": "E"}, {"173": "E"}, {"173": "E"}, {"173": "E"}, {"173": "E"}, {"173": "E"}, {"173": "E"}, {"173": "S"}, {"173": "S"}, {"173": "S"}, {"173": "S"}, {"173": "S"}, {"173": "S"}, {"173": "S"}, {"173": "S"}, {"173": "S"}, {"173": "S"}, {"173": "S"}, {"173": "S"}, {"173": "S"}, {"173": "S"}, {"173": "E"}, {"173": "E"}, {"173": "E"}, {"173": "E"}, {"173": "E"}, {"173": "E"}, {"173": "E"}, {"173": "E"}, {"173": "E"}, {"173": "E"}, {"173": "E"}, {"173": "E"}, {"173": "E"}, {"173": "E"}, {"173": "E"}, {"173": "E"}, {"173": "E"}, {"173": "E"}, {"173": "E"}, {"173": "N"}, {"173": "N"}, {"173": "N"}, {"163": "S"}, {"163": "W"}, {"163": "W"}, {"163": "W"}, {"163": "W"}, {"163": "W"}, {"163": "W"}, {"163": "W"}, {"163": "W"}, {"163": "W"}, {"163": "W"}, {"163": "W"}, {"163": "W"}, {"163": "W"}, {"163": "W"}, {"163": "W"}, {"163": "W"}, {"163": "S"}, {"163": "S"}, {"163": "S"}, {"163": "S"}, {"163": "S"}, {"163": "W"}, {"158": "E"}, {"158": "S"}, {"158": "S"}, {"158": "S"}, {"158": "S"}, {"158": "S"}, {"158": "S"}, {"158": "S"}, {"158": "S"}, {"158": "W"}, {"158": "W"}, {"158": "W"}, {"158": "S"}, {"158": "S"}, {"158": "S"}, {"158": "S"}, {"158": "S"}, {"158": "S"}, {"158": "S"}, {"158": "S"}, {"158": "S"}, {"158": "S"}, {"158": "E"}, {"158": "S"}, {"158": "E"}, {"144": "E"}, {"144": "S"}, {"144": "S"}, {"144": "S"}, {"144": "S"}, {"144": "E"}, {"144": "E"}, {"144": "E"}, {"144": "E"}, {"144": "E"}, {"144": "E"}, {"144": "E"}, {"144": "E"}, {"144": "E"}, {"144": "E"}, {"144": "S"}, {"144": "S"}, {"144": "S"}, {"144": "S"}, {"144": "S"}, {"144": "S"}, {"144": "S"}, {"144": "S"}, {"144": "S"}, {"144": "S"}, {"144": "S"}, {"144": "S"}, {"144": "S"}, {"144": "S"}, {"144": "S"}, {"144": "S"}, {"144": "S"}, {"144": "S"}, {"144": "S"}, {"144": "W"}, {"144": "W"}, {"144": "S"}, {"82": "W"}, {"82": "W"}, {"82": "W"}, {"82": "W"}, {"82": "W"}, {"82": "W"}, {"82": "W"}, {"82": "W"}, {"82": "W"}, {"82": "N"}, {"82": "N"}, {"82": "N"}, {"82": "N"}, {"82": "N"}, {"82": "N"}, {"82": "N"}, {"82": "N"}, {"82": "N"}, {"82": "N"}, {"82": "N"}, {"82": "N"}, {"82": "N"}, {"82": "N"}, {"82": "N"}, {"82": "N"}, {"82": "E"}, {"82": "E"}, {"82": "N"}, {"82": "N"}, {"82": "E"}, {"82": "E"}, {"82": "E"}, {"82": "E"}, {"82": "E"}, {"82": "E"}, {"82": "E"}, {"82": "E"}, {"82": "E"}, {"82": "E"}, {"82": "S"}, {"82": "S"}, {"79": "W"}, {"79": "S"}, {"79": "S"}, {"79": "S"}, {"79": "S"}, {"79": "S"}, {"79": "S"}, {"79": "S"}, {"79": "S"}, {"79": "S"}, {"79": "S"}, {"79": "S"}, {"79": "S"}, {"79": "S"}, {"79": "S"}, {"79": "S"}, {"79": "S"}, {"79": "S"}, {"79": "S"}, {"79": "S"}, {"79": "S"}, {"79": "E"}, {"79": "S"}, {"79": "S"}, {"79": "S"}, {"79": "S"}, {"79": "S"}, {"79": "S"}, {"61": "E"}, {"61": "E"}, {"61": "E"}, {"61": "E"}, {"61": "E"}, {"61": "E"}, {"61": "N"}, {"61": "N"}, {"61": "E"}, {"61": "E"}, {"61": "E"}, {"61": "E"}, {"61": "E"}, {"61": "E"}, {"61": "E"}, {"61": "E"}, {"61": "E"}, {"61": "N"}, {"61": "N"}, {"61": "N"}, {"47": "N"}, {"47": "E"}, {"47": "N"}, {"47": "E"}, {"47": "E"}, {"47": "E"}, {"47": "E"}, {"47": "E"}, {"47": "E"}, {"47": "E"}, {"47": "E"}, {"47": "E"}, {"47": "E"}, {"47": "E"}, {"47": "E"}, {"47": "E"}, {"47": "E"}, {"47": "E"}, {"47": "E"}, {"47": "E"}, {"47": "E"}, {"47": "E"}, {"47": "E"}, {"35": "W"}, {"35": "N"}, {"35": "W"}, {"35": "W"}, {"35": "W"}, {"35": "W"}, {"35": "W"}, {"35": "W"}, {"35": "W"}, {"35": "W"}, {"35": "W"}, {"35": "W"}, {"35": "N"}, {"35": "N"}, {"35": "N"}, {"35": "N"}, {"35": "N"}, {"35": "N"}, {"35": "N"}, {"35": "N"}, {"35": "N"}, {"35": "N"}, {"35": "N"}, {"35": "E"}, {"35": "E"}, {"35": "N"}, {"35": "N"}, {"35": "E"}, {"35": "E"}, {"35": "E"}, {"35": "E"}, {"35": "E"}, {"35": "E"}, {"35": "E"}, {"35": "E"}, {"35": "E"}, {"35": "E"}, {"35": "E"}, {"35": "S"}, {"30": "S"}, {"30": "E"}, {"30": "E"}, {"30": "E"}, {"30": "E"}, {"30": "E"}, {"30": "E"}, {"30": "E"}, {"30": "E"}, {"30": "E"}, {"30": "E"}, {"30": "E"}, {"30": "E"}, {"30": "E"}, {"30": "E"}, {"30": "E"}, {"30": "E"}, {"30": "N"}, {"30": "N"}, {"172": "N"}, {"172": "W"}, {"172": "W"}, {"172": "W"}, {"172": "W"}, {"172": "W"}, {"172": "W"}, {"172": "W"}, {"172": "W"}, {"172": "W"}, {"172": "W"}, {"172": "W"}, {"172": "W"}, {"172": "W"}, {"172": "W"}, {"172": "W"}, {"172": "W"}, {"172": "W"}, {"172": "W"}, {"172": "W"}, {"172": "N"}, {"172": "N"}, {"172": "N"}, {"172": "N"}, {"172": "N"}, {"172": "N"}, {"172": "N"}, {"172": "W"}, {"172": "N"}, {"172": "N"}, {"172": "N"}, {"172": "N"}, {"172": "N"}, {"172": "N"}, {"172": "N"}, {"172": "W"}, {"172": "W"}, {"172": "W"}, {"172": "W"}, {"172": "W"}, {"172": "W"}, {"172": "W"}, {"172": "W"}, {"172": "W"}, {"172": "W"}, {"172": "W"}, {"172": "W"}, {"172": "S"}, {"172": "S"}, {"172": "S"}, {"172": "S"}, {"172": "S"}, {"172": "S"}, {"172": "S"}, {"172": "S"}, {"172": "S"}, {"172": "S"}, {"172": "S"}, {"172": "E"}, {"172": "S"}, {"172": "E"}, {"113": "S"}, {"113": "E"}, {"113": "E"}, {"113": "E"}, {"113": "E"}, {"113": "E"}, {"113": "E"}, {"113": "E"}, {"113": "E"}, {"113": "E"}, {"113": "E"}, {"113": "E"}, {"113": "E"}, {"113": "E"}, {"113": "E"}, {"113": "E"}, {"113": "E"}, {"113": "E"}, {"113": "N"}, {"113": "N"}, {"113": "N"}, {"65": "N"}, {"65": "W"}, {"65": "W"}, {"65": "W"}, {"65": "W"}, {"65": "W"}, {"65": "W"}, {"65": "W"}, {"65": "W"}, {"65": "W"}, {"65": "W"}, {"65": "W"}, {"65": "W"}, {"65": "W"}, {"65": "N"}, {"65": "N"}, {"65": "N"}, {"65": "N"}, {"65": "N"}, {"65": "N"}, {"65": "N"}, {"65": "W"}, {"65": "N"}, {"65": "N"}, {"65": "N"}, {"65": "N"}, {"65": "N"}, {"65": "N"}, {"65": "N"}, {"65": "W"}, {"65": "W"}, {"65": "W"}, {"65": "W"}, {"65": "W"}, {"65": "W"}, {"65": "W"}, {"65": "W"}, {"65": "W"}, {"65": "W"}, {"65": "W"}, {"65": "W"}, {"65": "S"}, {"65": "S"}, {"65": "S"}, {"65": "S"}, {"65": "S"}, {"65": "S"}, {"65": "S"}, {"65": "S"}, {"65": "S"}, {"65": "W"}, {"65": "S"}, {"65": "S"}, {"65": "E"}, {"65": "E"}, {"55": "S"}, {"55": "W"}, {"55": "W"}, {"55": "W"}, {"55": "W"}, {"55": "W"}, {"55": "W"}, {"55": "W"}, {"55": "W"}, {"55": "W"}, {"55": "S"}, {"55": "S"}, {"55": "S"}, {"55": "W"}, {"55": "W"}, {"55": "W"}, {"55": "S"}, {"55": "S"}, {"55": "E"}, {"43": "S"}, {"43": "E"}, {"43": "E"}, {"43": "E"}, {"43": "E"}, {"43": "E"}, {"43": "S"}, {"43": "S"}, {"43": "S"}, {"43": "S"}, {"43": "S"}, {"43": "S"}, {"43": "S"}, {"43": "S"}, {"43": "S"}, {"43": "S"}, {"43": "S"}, {"43": "S"}, {"43": "S"}, {"43": "S"}, {"43": "E"}, {"43": "E"}, {"43": "E"}, {"43": "E"}, {"43": "E"}, {"43": "E"}, {"43": "E"}, {"43": "E"}, {"43": "E"}, {"43": "E"}, {"43": "E"}, {"43": "E"}, {"43": "E"}, {"43": "E"}, {"43": "E"}, {"43": "E"}, {"43": "E"}, {"43": "E"}, {"43": "E"}, {"43": "E"}, {"43": "N"}, {"33": "S"}, {"33": "E"}, {"33": "E"}, {"33": "E"}, {"33": "E"}, {"33": "E"}, {"33": "E"}, {"33": "E"}, {"33": "E"}, {"33": "E"}, {"33": "E"}, {"33": "E"}, {"33": "E"}, {"33": "E"}, {"33": "E"}, {"33": "E"}, {"33": "E"}, {"33": "E"}, {"33": "S"}, {"33": "E"}, {"33": "S"}, {"33": "E"}, {"33": "S"}, {"33": "S"}, {"33": "S"}, {"18": "S"}, {"18": "E"}, {"18": "E"}, {"18": "E"}, {"18": "E"}, {"18": "E"}, {"18": "E"}, {"18": "E"}, {"18": "E"}, {"18": "E"}, {"18": "E"}, {"18": "E"}, {"18": "E"}, {"18": "E"}, {"18": "E"}, {"18": "E"}, {"18": "E"}, {"18": "E"}, {"18": "E"}, {"18": "E"}, {"18": "N"}, {"18": "N"}, {"0": "S"}, {"0": "S"}, {"0": "E"}, {"0": "E"}, {"0": "E"}, {"0": "E"}, {"0": "E"}, {"0": "E"}, {"0": "E"}, {"0": "E"}, {"0": "E"}, {"0": "S"}, {"0": "S"}, {"0": "S"}, {"0": "S"}, {"0": "S"}, {"0": "S"}, {"0": "S"}, {"0": "S"}, {"0": "E"}, {"0": "E"}, {"0": "E"}, {"0": "E"}, {"0": "E"}, {"0": "E"}, {"0": "E"}, {"0": "E"}, {"0": "E"}, {"0": "E"}, {"0": "E"}, {"0": "E"}, {"0": "E"}, {"0": "E"}, {"0": "E"}, {"0": "E"}, {"0": "E"}, {"0": "E"}, {"0": "E"}, {"0": "E"}, {"0": "S"}, {"0": "E"}, {"0": "E"}, {"133": "E"}, {"133": "E"}, {"133": "E"}, {"133": "E"}, {"133": "E"}, {"133": "E"}, {"133": "E"}, {"133": "E"}, {"133": "E"}, {"133": "S"}, {"133": "S"}, {"133": "S"}, {"133": "S"}, {"133": "S"}, {"133": "S"}, {"133": "S"}, {"133": "S"}, {"133": "S"}, {"133": "S"}, {"133": "S"}, {"133": "S"}, {"133": "S"}, {"133": "S"}, {"133": "S"}, {"133": "S"}, {"133": "S"}, {"133": "S"}, {"133": "S"}, {"133": "S"}, {"133": "S"}, {"133": "S"}, {"133": "S"}, {"133": "S"}, {"133": "S"}, {"133": "S"}, {"133": "S"}, {"133": "W"}, {"133": "W"}, {"133": "W"}, {"133": "W"}, {"133": "S"}, {"124": "W"}, {"124": "S"}, {"124": "S"}, {"124": "S"}, {"124": "S"}, {"124": "S"}, {"124": "S"}, {"124": "S"}, {"124": "S"}, {"124": "S"}, {"124": "S"}, {"124": "S"}, {"124": "S"}, {"124": "W"}, {"124": "S"}, {"124": "S"}, {"124": "E"}, {"124": "S"}, {"124": "E"}, {"103": "W"}, {"103": "S"}, {"103": "S"}, {"103": "E"}, {"103": "E"}, {"103": "E"}, {"103": "E"}, {"103": "E"}, {"103": "E"}, {"103": "E"}, {"103": "E"}, {"103": "E"}, {"103": "E"}, {"103": "E"}, {"103": "E"}, {"103": "E"}, {"103": "S"}, {"103": "S"}, {"103": "S"}, {"103": "S"}, {"103": "S"}, {"103": "S"}, {"103": "S"}, {"103": "S"}, {"103": "S"}, {"103": "S"}, {"103": "S"}, {"103": "S"}, {"103": "S"}, {"103": "S"}, {"103": "S"}, {"103": "S"}, {"103": "S"}, {"103": "S"}, {"103": "S"}, {"103": "S"}, {"103": "S"}, {"103": "S"}, {"103": "S"}, {"103": "W"}, {"58": "W"}, {"58": "N"}, {"58": "N"}, {"58": "N"}, {"58": "N"}, {"58": "N"}, {"58": "W"}, {"58": "W"}, {"58": "W"}, {"58": "W"}, {"58": "W"}, {"58": "W"}, {"58": "W"}, {"58": "W"}, {"58": "W"}, {"58": "W"}, {"58": "N"}, {"58": "N"}, {"58": "N"}, {"58": "N"}, {"58": "N"}, {"58": "N"}, {"58": "N"}, {"58": "N"}, {"58": "N"}, {"58": "N"}, {"58": "N"}, {"58": "E"}, {"58": "E"}, {"58": "N"}, {"58": "N"}, {"58": "E"}, {"58": "E"}, {"58": "E"}, {"58": "E"}, {"58": "E"}, {"58": "E"}, {"58": "E"}, {"58": "E"}, {"58": "S"}, {"58": "S"}, {"45": "N"}, {"45": "W"}, {"45": "W"}, {"45": "W"}, {"45": "W"}, {"45": "W"}, {"45": "W"}, {"45": "N"}, {"45": "N"}, {"45": "N"}, {"45": "N"}, {"45": "N"}, {"45": "N"}, {"45": "N"}, {"45": "W"}, {"45": "N"}, {"45": "N"}, {"45": "N"}, {"45": "N"}, {"45": "N"}, {"45": "N"}, {"45": "N"}, {"45": "W"}, {"45": "W"}, {"45": "W"}, {"45": "W"}, {"45": "W"}, {"45": "W"}, {"45": "W"}, {"45": "W"}, {"45": "W"}, {"45": "W"}, {"45": "W"}, {"45": "W"}, {"45": "S"}, {"45": "S"}, {"45": "S"}, {"45": "S"}, {"45": "S"}, {"45": "S"}, {"45": "S"}, {"45": "S"}, {"45": "S"}, {"45": "W"}, {"45": "S"}, {"45": "S"}, {"45": "E"}, {"45": "S"}, {"45": "S"}, {"45": "E"}, {"45": "S"}, {"28": "N"}, {"28": "W"}, {"28": "W"}, {"28": "W"}, {"28": "W"}, {"28": "W"}, {"28": "W"}, {"28": "W"}, {"28": "W"}, {"28": "W"}, {"28": "W"}, {"28": "N"}, {"28": "N"}, {"28": "N"}, {"28": "N"}, {"28": "N"}, {"28": "N"}, {"28": "N"}, {"28": "W"}, {"28": "N"}, {"28": "N"}, {"28": "N"}, {"28": "N"}, {"28": "N"}, {"28": "N"}, {"28": "N"}, {"28": "W"}, {"28": "W"}, {"28": "W"}, {"28": "W"}, {"28": "W"}, {"28": "W"}, {"28": "W"}, {"28": "W"}, {"28": "W"}, {"28": "W"}, {"28": "W"}, {"28": "W"}, {"28": "S"}, {"28": "S"}, {"28": "S"}, {"28": "S"}, {"28": "S"}, {"28": "S"}, {"28": "S"}, {"28": "S"}, {"28": "S"}, {"28": "W"}, {"28": "S"}, {"28": "S"}, {"28": "E"}, {"28": "S"}, {"28": "S"}, {"28": "E"}, {"28": "E"}, {"161": "W"}, {"161": "W"}, {"161": "N"}, {"161": "N"}, {"161": "N"}, {"161": "W"}, {"161": "W"}, {"161": "W"}, {"161": "W"}, {"161": "W"}, {"161": "W"}, {"161": "W"}, {"161": "W"}, {"161": "W"}, {"161": "W"}, {"161": "W"}, {"161": "W"}, {"161": "S"}, {"161": "S"}, {"161": "S"}, {"161": "S"}, {"161": "S"}, {"161": "S"}, {"161": "S"}, {"161": "S"}, {"161": "S"}, {"161": "W"}, {"161": "W"}, {"161": "W"}, {"161": "W"}, {"161": "N"}, {"107": "W"}, {"107": "W"}, {"107": "W"}, {"107": "W"}, {"107": "W"}, {"107": "W"}, {"107": "W"}, {"107": "W"}, {"107": "W"}, {"107": "N"}, {"107": "N"}, {"107": "N"}, {"107": "N"}, {"107": "N"}, {"107": "N"}, {"107": "N"}, {"107": "N"}, {"107": "N"}, {"107": "N"}, {"107": "N"}, {"107": "N"}, {"107": "N"}, {"107": "N"}, {"107": "N"}, {"107": "N"}, {"107": "N"}, {"107": "E"}, {"107": "E"}, {"107": "N"}, {"107": "N"}, {"107": "E"}, {"107": "E"}, {"107": "E"}, {"107": "E"}, {"107": "E"}, {"107": "E"}, {"107": "E"}, {"107": "E"}, {"107": "S"}, {"91": "W"}, {"91": "W"}, {"91": "W"}, {"91": "W"}, {"91": "W"}, {"91": "W"}, {"91": "W"}, {"91": "W"}, {"91": "W"}, {"91": "W"}, {"91": "S"}, {"91": "S"}, {"91": "S"}, {"91": "S"}, {"91": "S"}, {"91": "S"}, {"90": "E"}, {"90": "S"}, {"90": "S"}, {"90": "S"}, {"90": "S"}, {"90": "S"}, {"90": "S"}, {"90": "S"}, {"90": "S"}, {"90": "S"}, {"90": "S"}, {"90": "S"}, {"90": "S"}, {"90": "S"}, {"90": "W"}, {"90": "S"}, {"90": "S"}, {"90": "E"}, {"90": "S"}, {"90": "S"}, {"90": "E"}, {"25": "E"}, {"25": "N"}, {"25": "N"}, {"25": "N"}, {"25": "E"}, {"25": "E"}, {"25": "E"}, {"25": "E"}, {"25": "E"}, {"25": "E"}, {"25": "E"}, {"25": "E"}, {"25": "E"}, {"25": "E"}, {"25": "N"}, {"25": "N"}, {"25": "N"}, {"25": "N"}, {"128": "W"}, {"128": "N"}, {"128": "W"}, {"128": "W"}, {"128": "W"}, {"128": "W"}, {"128": "W"}, {"128": "W"}, {"128": "W"}, {"128": "W"}, {"128": "W"}, {"128": "W"}, {"128": "W"}, {"128": "W"}, {"128": "W"}, {"128": "W"}, {"128": "W"}, {"128": "W"}, {"128": "W"}, {"128": "W"}, {"128": "N"}, {"128": "N"}, {"128": "N"}, {"128": "N"}, {"128": "N"}, {"128": "N"}, {"128": "N"}, {"128": "N"}, {"128": "N"}, {"128": "N"}, {"128": "N"}, {"128": "N"}, {"128": "N"}, {"128": "N"}, {"128": "N"}, {"128": "N"}, {"128": "N"}, {"128": "N"}, {"128": "N"}, {"128": "N"}, {"128": "N"}, {"128": "N"}, {"128": "N"}, {"128": "N"}, {"128": "N"}, {"96": "E"}, {"96": "E"}, {"96": "E"}, {"96": "E"}, {"96": "S"}, {"96": "S"}, {"96": "S"}, {"96": "S"}, {"96": "S"}, {"96": "S"}, {"96": "S"}, {"96": "S"}, {"96": "S"}, {"96": "S"}, {"96": "S"}, {"96": "S"}, {"96": "S"}, {"96": "S"}, {"96": "S"}, {"96": "E"}, {"96": "E"}, {"96": "E"}, {"96": "E"}, {"96": "E"}, {"96": "E"}, {"96": "E"}, {"96": "E"}, {"96": "E"}, {"96": "E"}, {"96": "E"}, {"96": "E"}, {"96": "E"}, {"96": "E"}, {"96": "E"}, {"96": "E"}, {"96": "E"}, {"96": "E"}, {"96": "E"}, {"96": "S"}, {"96": "S"}, {"96": "E"}, {"89": "E"}, {"89": "S"}, {"89": "S"}, {"89": "S"}, {"89": "S"}, {"89": "S"}, {"89": "S"}, {"89": "S"}, {"89": "S"}, {"89": "E"}, {"89": "E"}, {"89": "E"}, {"89": "E"}, {"89": "E"}, {"89": "E"}, {"89": "E"}, {"89": "E"}, {"89": "E"}, {"89": "E"}, {"89": "E"}, {"89": "E"}, {"89": "E"}, {"89": "S"}, {"89": "S"}, {"89": "S"}, {"89": "S"}, {"89": "S"}, {"89": "S"}, {"89": "S"}, {"89": "S"}, {"89": "S"}, {"89": "S"}, {"89": "S"}, {"89": "S"}, {"89": "S"}, {"89": "S"}, {"89": "S"}, {"89": "S"}, {"89": "S"}, {"89": "S"}, {"89": "S"}, {"89": "S"}, {"89": "S"}, {"89": "S"}, {"89": "S"}, {"89": "S"}, {"89": "W"}, {"89": "W"}, {"89": "W"}, {"89": "W"}, {"89": "W"}, {"89": "W"}, {"89": "N"}, {"89": "N"}, {"89": "N"}, {"89": "N"}, {"85": "W"}, {"85": "N"}, {"85": "N"}, {"85": "N"}, {"85": "N"}, {"85": "W"}, {"85": "W"}, {"85": "W"}, {"85": "W"}, {"85": "W"}, {"85": "W"}, {"85": "W"}, {"85": "W"}, {"85": "W"}, {"85": "W"}, {"85": "W"}, {"85": "W"}, {"85": "W"}, {"85": "N"}, {"85": "N"}, {"85": "N"}, {"85": "N"}, {"85": "N"}, {"85": "N"}, {"85": "N"}, {"85": "N"}, {"85": "N"}, {"85": "N"}, {"85": "N"}, {"85": "E"}, {"85": "E"}, {"85": "N"}, {"85": "N"}, {"85": "N"}, {"85": "N"}, {"85": "N"}, {"85": "N"}, {"85": "N"}, {"85": "N"}, {"85": "N"}, {"85": "N"}, {"36": "W"}, {"36": "N"}, {"36": "N"}, {"36": "N"}, {"36": "N"}, {"36": "W"}, {"36": "W"}, {"36": "W"}, {"36": "W"}, {"36": "W"}, {"36": "W"}, {"36": "W"}, {"36": "W"}, {"36": "W"}, {"36": "W"}, {"36": "W"}, {"36": "N"}, {"36": "N"}, {"36": "N"}, {"36": "N"}, {"36": "N"}, {"36": "N"}, {"36": "N"}, {"36": "N"}, {"36": "N"}, {"36": "N"}, {"36": "N"}, {"36": "N"}, {"36": "N"}, {"36": "N"}, {"36": "N"}, {"36": "N"}, {"36": "N"}, {"36": "N"}, {"36": "N"}, {"36": "N"}, {"36": "N"}, {"36": "N"}, {"36": "N"}, {"36": "N"}, {"32": "W"}, {"32": "S"}, {"32": "S"}, {"32": "S"}, {"32": "W"}, {"32": "W"}, {"32": "W"}, {"32": "W"}, {"32": "W"}, {"32": "W"}, {"32": "S"}, {"32": "S"}, {"32": "S"}, {"32": "S"}, {"32": "S"}, {"32": "S"}, {"32": "S"}, {"32": "S"}, {"32": "S"}, {"32": "W"}, {"32": "W"}, {"32": "W"}, {"32": "W"}, {"32": "W"}, {"32": "N"}, {"11": "W"}, {"11": "N"}, {"11": "N"}, {"11": "W"}, {"11": "W"}, {"11": "W"}, {"11": "W"}, {"11": "W"}, {"11": "W"}, {"11": "W"}, {"11": "W"}, {"11": "W"}, {"11": "W"}, {"11": "N"}, {"11": "N"}, {"11": "N"}, {"11": "N"}, {"11": "N"}, {"11": "N"}, {"11": "N"}, {"11": "N"}, {"11": "N"}, {"11": "N"}, {"11": "N"}, {"11": "E"}, {"11": "E"}, {"11": "N"}, {"11": "N"}, {"11": "E"}, {"11": "E"}, {"11": "E"}, {"11": "E"}, {"11": "E"}, {"11": "E"}, {"11": "E"}, {"11": "E"}, {"156": "W"}, {"156": "N"}, {"156": "N"}, {"156": "N"}, {"156": "W"}, {"156": "W"}, {"156": "W"}, {"156": "W"}, {"156": "W"}, {"156": "W"}, {"156": "W"}, {"156": "W"}, {"156": "W"}, {"156": "W"}, {"156": "W"}, {"156": "W"}, {"156": "W"}, {"156": "W"}, {"156": "W"}, {"156": "W"}, {"156": "N"}, {"156": "N"}, {"156": "N"}, {"156": "N"}, {"156": "N"}, {"156": "N"}, {"156": "N"}, {"156": "N"}, {"156": "N"}, {"156": "N"}, {"156": "N"}, {"156": "E"}, {"156": "N"}, {"156": "N"}, {"156": "N"}, {"156": "N"}, {"156": "N"}, {"156": "N"}, {"156": "N"}, {"156": "N"}, {"156": "N"}, {"156": "N"}, {"151": "S"}, {"151": "W"}, {"151": "W"}, {"151": "W"}, {"151": "W"}, {"151": "W"}, {"151": "W"}, {"151": "W"}, {"151": "W"}, {"151": "S"}, {"151": "S"}, {"151": "S"}, {"151": "S"}, {"151": "S"}, {"151": "S"}, {"151": "S"}, {"151": "S"}, {"151": "S"}, {"151": "W"}, {"151": "W"}, {"151": "W"}, {"151": "W"}, {"151": "S"}, {"121": "W"}, {"121": "W"}, {"121": "S"}, {"121": "S"}, {"121": "S"}, {"121": "S"}, {"121": "S"}, {"121": "S"}, {"121": "S"}, {"121": "S"}, {"121": "S"}, {"121": "S"}, {"121": "S"}, {"121": "S"}, {"121": "S"}, {"121": "S"}, {"121": "S"}, {"121": "S"}, {"121": "S"}, {"121": "S"}, {"121": "S"}, {"121": "S"}, {"121": "S"}, {"121": "S"}, {"121": "W"}, {"121": "W"}, {"121": "W"}, {"121": "W"}, {"121": "W"}, {"121": "W"}, {"121": "N"}, {"108": "E"}, {"108": "N"}, {"108": "N"}, {"108": "W"}, {"108": "W"}, {"108": "W"}, {"108": "W"}, {"108": "W"}, {"108": "W"}, {"108": "W"}, {"108": "W"}, {"108": "W"}, {"108": "W"}, {"108": "W"}, {"108": "W"}, {"108": "W"}, {"108": "W"}, {"108": "W"}, {"108": "W"}, {"108": "W"}, {"108": "W"}, {"108": "N"}, {"108": "N"}, {"108": "N"}, {"108": "N"}, {"108": "N"}, {"108": "N"}, {"108": "N"}, {"108": "N"}, {"108": "N"}, {"108": "N"}, {"108": "N"}, {"108": "N"}, {"108": "N"}, {"108": "N"}, {"108": "N"}, {"108": "N"}, {"108": "N"}, {"108": "N"}, {"108": "N"}, {"108": "N"}, {"108": "N"}, {"108": "N"}, {"108": "N"}, {"108": "N"}, {"106": "W"}, {"106": "S"}, {"106": "S"}, {"106": "S"}, {"106": "S"}, {"106": "S"}, {"106": "S"}, {"106": "S"}, {"106": "W"}, {"106": "W"}, {"106": "W"}, {"106": "S"}, {"106": "S"}, {"106": "S"}, {"106": "S"}, {"106": "S"}, {"106": "S"}, {"106": "S"}, {"106": "S"}, {"106": "S"}, {"106": "W"}, {"106": "W"}, {"106": "W"}, {"106": "W"}, {"106": "W"}, {"95": "W"}, {"95": "W"}, {"95": "S"}, {"95": "S"}, {"95": "S"}, {"95": "S"}, {"95": "S"}, {"95": "S"}, {"95": "S"}, {"95": "S"}, {"95": "S"}, {"95": "S"}, {"95": "S"}, {"95": "S"}, {"95": "S"}, {"95": "S"}, {"95": "S"}, {"95": "S"}, {"95": "S"}, {"95": "S"}, {"95": "S"}, {"95": "S"}, {"95": "S"}, {"95": "S"}, {"95": "S"}, {"95": "W"}, {"95": "W"}, {"95": "W"}, {"95": "N"}, {"95": "N"}, {"95": "W"}, {"95": "W"}, {"95": "W"}, {"95": "W"}, {"95": "W"}, {"95": "N"}, {"69": "W"}, {"69": "S"}, {"69": "S"}, {"69": "E"}, {"69": "E"}, {"69": "E"}, {"69": "E"}, {"69": "E"}, {"69": "E"}, {"69": "E"}, {"69": "S"}, {"69": "S"}, {"69": "S"}, {"69": "S"}, {"69": "S"}, {"69": "S"}, {"69": "S"}, {"69": "S"}, {"69": "S"}, {"69": "S"}, {"69": "S"}, {"69": "S"}, {"69": "S"}, {"69": "S"}, {"69": "S"}, {"69": "S"}, {"69": "S"}, {"69": "S"}, {"69": "S"}, {"69": "S"}, {"69": "S"}, {"69": "S"}, {"69": "S"}, {"69": "S"}, {"69": "W"}, {"69": "W"}, {"69": "W"}, {"69": "W"}, {"69": "W"}, {"69": "W"}, {"69": "N"}, {"69": "N"}, {"69": "N"}, {"49": "W"}, {"49": "W"}, {"49": "W"}, {"49": "W"}, {"49": "W"}, {"49": "W"}, {"49": "W"}, {"49": "W"}, {"49": "W"}, {"49": "W"}, {"49": "W"}, {"49": "W"}, {"49": "S"}, {"49": "S"}, {"49": "S"}, {"49": "S"}, {"49": "S"}, {"49": "S"}, {"49": "E"}, {"49": "E"}, {"138": "N"}, {"138": "E"}, {"138": "E"}, {"138": "E"}, {"138": "E"}, {"138": "E"}, {"138": "E"}, {"138": "E"}, {"138": "E"}, {"138": "E"}, {"138": "E"}, {"138": "E"}, {"138": "E"}, {"138": "E"}, {"138": "S"}, {"138": "S"}, {"138": "E"}, {"138": "S"}, {"138": "S"}, {"138": "S"}, {"138": "S"}, {"134": "S"}, {"134": "E"}, {"134": "E"}, {"134": "E"}, {"134": "E"}, {"134": "E"}, {"134": "E"}, {"134": "E"}, {"134": "E"}, {"134": "E"}, {"134": "E"}, {"134": "E"}, {"134": "E"}, {"134": "S"}, {"134": "S"}, {"134": "S"}, {"134": "S"}, {"134": "S"}, {"134": "S"}, {"134": "S"}, {"134": "S"}, {"134": "S"}, {"134": "S"}, {"134": "S"}, {"134": "E"}, {"134": "E"}, {"134": "E"}, {"134": "E"}, {"134": "E"}, {"134": "E"}, {"134": "E"}, {"134": "E"}, {"134": "E"}, {"134": "E"}, {"134": "E"}, {"134": "E"}, {"134": "E"}, {"134": "E"}, {"134": "E"}, {"134": "E"}, {"134": "S"}, {"134": "E"}, {"134": "E"}, {"134": "S"}, {"122": "N"}, {"122": "E"}, {"122": "E"}, {"122": "E"}, {"122": "E"}, {"122": "E"}, {"122": "E"}, {"122": "E"}, {"122": "E"}, {"122": "E"}, {"122": "E"}, {"122": "E"}, {"122": "E"}, {"122": "E"}, {"122": "N"}, {"122": "N"}, {"116": "E"}, {"116": "E"}, {"116": "E"}, {"116": "E"}, {"116": "E"}, {"116": "N"}, {"116": "N"}, {"116": "N"}, {"116": "N"}, {"116": "N"}, {"86": "N"}, {"86": "E"}, {"86": "E"}, {"86": "E"}, {"86": "E"}, {"86": "E"}, {"86": "E"}, {"86": "E"}, {"86": "E"}, {"86": "E"}, {"86": "E"}, {"86": "E"}, {"86": "E"}, {"86": "E"}, {"86": "E"}, {"86": "E"}, {"86": "S"}, {"86": "S"}, {"86": "S"}, {"86": "S"}, {"86": "S"}, {"77": "S"}, {"77": "E"}, {"77": "E"}, {"77": "E"}, {"77": "E"}, {"77": "E"}, {"77": "E"}, {"77": "E"}, {"77": "S"}, {"77": "S"}, {"77": "S"}, {"77": "S"}, {"77": "S"}, {"77": "S"}, {"77": "S"}, {"77": "S"}, {"77": "S"}, {"77": "S"}, {"77": "S"}, {"77": "S"}, {"77": "S"}, {"77": "S"}, {"77": "E"}, {"77": "E"}, {"77": "E"}, {"77": "E"}, {"77": "E"}, {"77": "E"}, {"77": "E"}, {"77": "E"}, {"77": "E"}, {"77": "E"}, {"77": "E"}, {"77": "E"}, {"77": "E"}, {"77": "E"}, {"77": "E"}, {"77": "E"}, {"77": "S"}, {"77": "E"}, {"75": "W"}, {"75": "S"}, {"75": "S"}, {"75": "S"}, {"75": "S"}, {"75": "S"}, {"75": "S"}, {"75": "S"}, {"75": "S"}, {"75": "S"}, {"75": "W"}, {"75": "W"}, {"75": "W"}, {"75": "W"}, {"75": "W"}, {"75": "W"}, {"75": "W"}, {"75": "W"}, {"75": "W"}, {"75": "W"}, {"75": "W"}, {"75": "W"}, {"75": "W"}, {"75": "S"}, {"75": "S"}, {"75": "S"}, {"75": "E"}, {"72": "E"}, {"72": "S"}, {"72": "E"}, {"72": "E"}, {"72": "E"}, {"72": "E"}, {"72": "E"}, {"72": "E"}, {"72": "E"}, {"72": "E"}, {"72": "E"}, {"72": "E"}, {"72": "S"}, {"72": "S"}, {"72": "S"}, {"72": "S"}, {"72": "S"}, {"72": "S"}, {"72": "S"}, {"72": "S"}, {"72": "S"}, {"72": "S"}, {"72": "S"}, {"72": "S"}, {"72": "S"}, {"72": "S"}, {"72": "S"}, {"72": "S"}, {"72": "S"}, {"72": "S"}, {"72": "S"}, {"72": "S"}, {"72": "S"}, {"72": "S"}, {"72": "S"}, {"72": "S"}, {"72": "W"}, {"72": "W"}, {"72": "W"}, {"72": "W"}, {"72": "W"}, {"72": "W"}, {"72": "W"}, {"72": "N"}, {"72": "N"}, {"72": "N"}, {"22": "N"}, {"22": "E"}, {"22": "E"}, {"22": "E"}, {"22": "E"}, {"22": "E"}, {"22": "E"}, {"22": "E"}, {"22": "E"}, {"22": "N"}, {"22": "N"}, {"22": "N"}, {"22": "N"}, {"22": "N"}, {"15": "W"}, {"15": "N"}, {"15": "N"}, {"15": "N"}, {"15": "N"}, {"15": "W"}, {"15": "W"}, {"15": "W"}, {"15": "W"}, {"15": "W"}, {"15": "W"}, {"15": "W"}, {"15": "W"}, {"15": "W"}, {"15": "W"}, {"15": "W"}, {"15": "W"}, {"15": "W"}, {"15": "W"}, {"15": "W"}, {"15": "W"}, {"15": "W"}, {"15": "N"}, {"15": "N"}, {"15": "N"}, {"15": "N"}, {"15": "N"}, {"15": "N"}, {"15": "N"}, {"15": "N"}, {"15": "N"}, {"15": "N"}, {"15": "N"}, {"15": "N"}, {"15": "N"}, {"15": "N"}, {"15": "N"}, {"15": "N"}, {"15": "N"}, {"15": "N"}, {"15": "N"}, {"15": "N"}, {"15": "N"}, {"15": "N"}, {"167": "N"}, {"167": "E"}, {"167": "E"}, {"167": "E"}, {"167": "E"}, {"167": "E"}, {"167": "E"}, {"167": "E"}, {"167": "S"}, {"167": "S"}, {"167": "S"}, {"167": "S"}, {"167": "S"}, {"167": "S"}, {"167": "S"}, {"167": "S"}, {"167": "S"}, {"167": "S"}, {"167": "S"}, {"167": "S"}, {"167": "S"}, {"167": "S"}, {"167": "E"}, {"167": "E"}, {"167": "E"}, {"167": "E"}, {"167": "E"}, {"167": "E"}, {"167": "E"}, {"167": "E"}, {"167": "E"}, {"167": "E"}, {"167": "E"}, {"167": "E"}, {"167": "E"}, {"167": "E"}, {"167": "E"}, {"167": "S"}, {"167": "E"}, {"167": "S"}, {"167": "E"}, {"146": "W"}, {"146": "S"}, {"146": "S"}, {"146": "S"}, {"146": "S"}, {"146": "S"}, {"146": "S"}, {"146": "S"}, {"146": "W"}, {"146": "W"}, {"146": "W"}, {"146": "W"}, {"146": "W"}, {"146": "W"}, {"146": "W"}, {"146": "W"}, {"146": "N"}, {"146": "N"}, {"146": "N"}, {"59": "W"}, {"59": "N"}, {"59": "N"}, {"59": "N"}, {"59": "W"}, {"59": "W"}, {"59": "W"}, {"59": "W"}, {"59": "W"}, {"59": "W"}, {"59": "W"}, {"59": "W"}, {"59": "W"}, {"59": "W"}, {"59": "W"}, {"59": "W"}, {"59": "N"}, {"59": "N"}, {"59": "N"}, {"59": "N"}, {"59": "N"}, {"59": "N"}, {"59": "N"}, {"59": "N"}, {"59": "N"}, {"59": "N"}, {"59": "N"}, {"59": "N"}, {"59": "N"}, {"59": "N"}, {"59": "N"}, {"59": "N"}, {"59": "N"}, {"59": "N"}, {"59": "N"}, {"59": "N"}, {"59": "N"}, {"59": "N"}, {"17": "E"}, {"17": "S"}, {"17": "S"}, {"17": "S"}, {"17": "W"}, {"17": "W"}, {"17": "W"}, {"17": "W"}, {"17": "W"}, {"17": "W"}, {"17": "W"}, {"17": "W"}, {"17": "W"}, {"17": "W"}, {"17": "W"}, {"17": "W"}, {"17": "W"}, {"17": "W"}, {"17": "W"}, {"17": "W"}, {"17": "W"}, {"17": "W"}, {"17": "W"}, {"17": "S"}, {"17": "S"}, {"17": "S"}, {"17": "S"}, {"17": "S"}, {"17": "E"}, {"17": "E"}, {"13": "S"}, {"13": "W"}, {"13": "W"}, {"13": "W"}, {"13": "W"}, {"13": "W"}, {"13": "W"}, {"13": "W"}, {"13": "W"}, {"13": "S"}, {"13": "S"}, {"13": "S"}, {"13": "S"}, {"13": "S"}, {"13": "S"}, {"13": "S"}, {"13": "S"}, {"13": "W"}, {"13": "W"}, {"13": "W"}, {"13": "W"}, {"13": "W"}, {"13": "W"}, {"13": "W"}, {"13": "N"}, {"13": "N"}, {"7": "E"}, {"7": "S"}, {"7": "S"}, {"7": "S"}, {"7": "S"}, {"7": "S"}, {"7": "S"}, {"7": "S"}, {"7": "S"}, {"7": "S"}, {"7": "S"}, {"7": "S"}, {"7": "W"}, {"7": "W"}, {"7": "W"}, {"7": "N"}, {"7": "N"}, {"7": "W"}, {"7": "W"}, {"7": "W"}, {"7": "W"}, {"7": "W"}, {"7": "S"}, {"148": "N"}, {"148": "E"}, {"148": "E"}, {"148": "E"}, {"148": "S"}, {"148": "E"}, {"148": "S"}, {"148": "E"}, {"148": "E"}, {"148": "S"}, {"148": "S"}, {"148": "S"}, {"148": "S"}, {"148": "S"}, {"148": "S"}, {"148": "S"}, {"148": "S"}, {"148": "S"}, {"148": "S"}, {"148": "S"}, {"148": "S"}, {"148": "S"}, {"148": "S"}, {"148": "S"}, {"148": "E"}, {"148": "E"}, {"148": "E"}, {"148": "E"}, {"148": "E"}, {"148": "E"}, {"148": "E"}, {"148": "E"}, {"148": "E"}, {"148": "E"}, {"148": "E"}, {"148": "E"}, {"148": "E"}, {"148": "E"}, {"148": "S"}, {"148": "E"}, {"148": "S"}, {"148": "E"}, {"148": "S"}, {"148": "E"}, {"148": "E"}, {"148": "S"}, {"143": "S"}, {"143": "E"}, {"143": "E"}, {"143": "E"}, {"143": "E"}, {"143": "E"}, {"143": "E"}, {"143": "E"}, {"143": "E"}, {"143": "E"}, {"143": "N"}, {"143": "N"}, {"143": "N"}, {"143": "N"}, {"141": "W"}, {"141": "W"}, {"141": "N"}, {"141": "N"}, {"141": "N"}, {"141": "N"}, {"141": "N"}, {"141": "W"}, {"141": "W"}, {"141": "W"}, {"141": "W"}, {"141": "W"}, {"141": "W"}, {"141": "W"}, {"141": "W"}, {"141": "W"}, {"141": "W"}, {"141": "W"}, {"141": "W"}, {"141": "W"}, {"141": "W"}, {"141": "W"}, {"141": "W"}, {"141": "W"}, {"141": "W"}, {"141": "W"}, {"141": "W"}, {"141": "W"}, {"141": "W"}, {"141": "W"}, {"141": "W"}, {"141": "W"}, {"141": "S"}, {"141": "S"}, {"141": "S"}, {"141": "S"}, {"141": "S"}, {"141": "E"}, {"112": "N"}, {"112": "E"}, {"112": "E"}, {"112": "E"}, {"112": "E"}, {"112": "E"}, {"112": "E"}, {"112": "E"}, {"112": "E"}, {"112": "E"}, {"112": "E"}, {"112": "S"}, {"112": "S"}, {"112": "S"}, {"112": "S"}, {"112": "S"}, {"112": "S"}, {"112": "S"}, {"112": "S"}, {"112": "S"}, {"112": "S"}, {"112": "S"}, {"112": "S"}, {"112": "S"}, {"112": "S"}, {"112": "E"}, {"112": "E"}, {"112": "E"}, {"112": "E"}, {"112": "E"}, {"112": "E"}, {"112": "E"}, {"112": "E"}, {"112": "E"}, {"112": "E"}, {"112": "E"}, {"112": "E"}, {"112": "E"}, {"112": "E"}, {"112": "S"}, {"112": "E"}, {"105": "E"}, {"105": "S"}, {"105": "S"}, {"105": "S"}, {"105": "S"}, {"105": "S"}, {"105": "S"}, {"105": "S"}, {"105": "S"}, {"105": "S"}, {"105": "S"}, {"105": "W"}, {"105": "W"}, {"105": "W"}, {"105": "S"}, {"105": "S"}, {"105": "S"}, {"105": "S"}, {"105": "S"}, {"105": "S"}, {"105": "S"}, {"105": "S"}, {"105": "S"}, {"105": "W"}, {"105": "W"}, {"105": "W"}, {"105": "N"}, {"105": "N"}, {"105": "W"}, {"105": "W"}, {"105": "W"}, {"105": "W"}, {"105": "W"}, {"105": "W"}, {"105": "W"}, {"64": "N"}, {"64": "E"}, {"64": "E"}, {"64": "E"}, {"64": "E"}, {"64": "E"}, {"64": "E"}, {"64": "E"}, {"64": "E"}, {"64": "E"}, {"64": "E"}, {"64": "S"}, {"64": "E"}, {"64": "E"}, {"60": "E"}, {"60": "S"}, {"60": "S"}, {"60": "S"}, {"60": "E"}, {"60": "S"}, {"60": "E"}, {"60": "S"}, {"60": "E"}, {"60": "S"}, {"60": "S"}, {"60": "S"}, {"60": "S"}, {"60": "S"}, {"60": "S"}, {"60": "S"}, {"60": "S"}, {"60": "S"}, {"60": "S"}, {"60": "S"}, {"60": "S"}, {"60": "S"}, {"60": "E"}, {"60": "E"}, {"60": "E"}, {"60": "E"}, {"60": "E"}, {"60": "E"}, {"60": "E"}, {"60": "E"}, {"60": "E"}, {"60": "E"}, {"60": "E"}, {"60": "E"}, {"60": "E"}, {"60": "E"}, {"60": "S"}, {"60": "S"}, {"60": "E"}, {"60": "E"}, {"53": "E"}, {"53": "S"}, {"53": "S"}, {"53": "S"}, {"53": "S"}, {"53": "E"}, {"53": "E"}, {"53": "E"}, {"53": "E"}, {"53": "E"}, {"53": "E"}, {"53": "E"}, {"53": "S"}, {"53": "S"}, {"53": "S"}, {"53": "S"}, {"53": "S"}, {"53": "S"}, {"53": "S"}, {"53": "S"}, {"53": "S"}, {"53": "S"}, {"53": "S"}, {"53": "S"}, {"53": "S"}, {"53": "S"}, {"53": "S"}, {"53": "S"}, {"53": "S"}, {"53": "S"}, {"53": "S"}, {"53": "S"}, {"53": "S"}, {"53": "S"}, {"53": "S"}, {"53": "S"}, {"53": "W"}, {"53": "W"}, {"53": "W"}, {"53": "W"}, {"53": "W"}, {"53": "W"}, {"53": "W"}, {"53": "W"}, {"53": "W"}, {"53": "N"}, {"53": "N"}, {"53": "N"}, {"5": "W"}, {"5": "W"}, {"5": "W"}, {"5": "W"}, {"5": "W"}, {"5": "W"}, {"5": "W"}, {"5": "W"}, {"5": "W"}, {"5": "W"}, {"5": "W"}, {"5": "W"}, {"5": "S"}, {"5": "S"}, {"5": "S"}, {"5": "S"}, {"5": "S"}, {"5": "S"}, {"5": "S"}, {"5": "S"}, {"5": "S"}, {"5": "S"}, {"5": "S"}, {"5": "S"}, {"5": "S"}, {"5": "S"}, {"5": "S"}, {"5": "E"}, {"5": "S"}, {"5": "E"}, {"5": "S"}, {"5": "E"}, {"5": "S"}, {"5": "S"}, {"5": "S"}, {"5": "S"}, {"5": "S"}, {"5": "S"}, {"5": "S"}, {"5": "S"}, {"5": "S"}, {"5": "S"}, {"5": "S"}, {"5": "S"}, {"5": "S"}, {"5": "E"}, {"5": "E"}, {"5": "E"}, {"5": "E"}, {"5": "E"}, {"5": "E"}, {"5": "E"}, {"5": "E"}, {"5": "E"}, {"5": "E"}, {"5": "E"}, {"5": "E"}, {"5": "E"}, {"5": "N"}, {"169": "E"}, {"169": "E"}, {"169": "E"}, {"169": "E"}, {"169": "N"}, {"169": "N"}, {"169": "N"}, {"169": "N"}, {"169": "N"}, {"169": "N"}, {"169": "N"}, {"169": "N"}, {"169": "E"}, {"169": "E"}, {"169": "N"}, {"169": "N"}, {"169": "N"}, {"164": "E"}, {"164": "S"}, {"164": "S"}, {"164": "E"}, {"164": "E"}, {"164": "E"}, {"164": "E"}, {"164": "E"}, {"164": "E"}, {"164": "E"}, {"164": "E"}, {"164": "E"}, {"164": "E"}, {"164": "S"}, {"164": "S"}, {"164": "S"}, {"164": "S"}, {"164": "S"}, {"164": "S"}, {"164": "S"}, {"164": "S"}, {"164": "S"}, {"164": "S"}, {"164": "S"}, {"164": "S"}, {"164": "S"}, {"164": "S"}, {"164": "S"}, {"164": "S"}, {"164": "S"}, {"164": "S"}, {"164": "S"}, {"164": "S"}, {"164": "S"}, {"164": "S"}, {"164": "S"}, {"164": "S"}, {"164": "W"}, {"164": "W"}, {"164": "W"}, {"164": "W"}, {"164": "W"}, {"164": "W"}, {"164": "W"}, {"164": "W"}, {"164": "W"}, {"164": "W"}, {"164": "W"}, {"164": "N"}, {"164": "N"}, {"164": "N"}, {"164": "N"}, {"155": "S"}, {"155": "W"}, {"155": "W"}, {"155": "W"}, {"155": "W"}, {"155": "W"}, {"155": "W"}, {"155": "W"}, {"155": "W"}, {"155": "W"}, {"155": "W"}, {"155": "W"}, {"155": "W"}, {"155": "W"}, {"155": "W"}, {"155": "W"}, {"155": "W"}, {"155": "W"}, {"155": "W"}, {"155": "W"}, {"155": "W"}, {"155": "W"}, {"155": "S"}, {"155": "S"}, {"155": "S"}, {"155": "S"}, {"155": "S"}, {"155": "S"}, {"155": "S"}, {"155": "S"}, {"155": "W"}, {"155": "W"}, {"155": "W"}, {"155": "W"}, {"155": "W"}, {"155": "W"}, {"155": "W"}, {"155": "W"}, {"155": "W"}, {"155": "W"}, {"155": "N"}, {"155": "N"}, {"155": "N"}, {"129": "E"}, {"129": "S"}, {"129": "S"}, {"129": "S"}, {"129": "S"}, {"129": "S"}, {"129": "S"}, {"129": "S"}, {"129": "S"}, {"129": "S"}, {"129": "S"}, {"129": "S"}, {"129": "W"}, {"129": "W"}, {"129": "W"}, {"129": "W"}, {"129": "W"}, {"129": "W"}, {"129": "W"}, {"129": "W"}, {"129": "W"}, {"129": "W"}, {"129": "W"}, {"129": "W"}, {"129": "W"}, {"129": "W"}, {"129": "W"}, {"129": "W"}, {"129": "S"}, {"129": "S"}, {"129": "S"}, {"129": "S"}, {"129": "S"}, {"129": "S"}, {"129": "E"}, {"129": "S"}, {"129": "E"}, {"129": "S"}, {"129": "E"}, {"73": "W"}, {"73": "W"}, {"73": "W"}, {"73": "W"}, {"73": "W"}, {"73": "W"}, {"73": "W"}, {"73": "W"}, {"73": "W"}, {"73": "W"}, {"73": "W"}, {"73": "W"}, {"73": "W"}, {"73": "W"}, {"73": "W"}, {"73": "S"}, {"73": "S"}, {"73": "S"}, {"73": "S"}, {"73": "S"}, {"73": "S"}, {"73": "S"}, {"73": "S"}, {"73": "S"}, {"73": "S"}, {"73": "S"}, {"73": "S"}, {"73": "S"}, {"73": "S"}, {"73": "S"}, {"73": "S"}, {"73": "S"}, {"73": "S"}, {"73": "E"}, {"73": "S"}, {"73": "E"}, {"67": "S"}, {"67": "E"}, {"67": "E"}, {"67": "E"}, {"67": "E"}, {"67": "E"}, {"67": "E"}, {"67": "E"}, {"67": "N"}, {"67": "N"}, {"67": "N"}, {"62": "E"}, {"62": "N"}, {"62": "N"}, {"62": "E"}, {"62": "N"}, {"62": "N"}, {"62": "N"}, {"62": "N"}, {"57": "W"}, {"57": "S"}, {"57": "W"}, {"57": "W"}, {"57": "W"}, {"57": "S"}, {"57": "S"}, {"57": "S"}, {"57": "S"}, {"57": "S"}, {"57": "S"}, {"57": "S"}, {"57": "S"}, {"57": "S"}, {"57": "W"}, {"57": "W"}, {"57": "W"}, {"57": "N"}, {"57": "N"}, {"57": "W"}, {"57": "W"}, {"57": "W"}, {"57": "W"}, {"57": "S"}, {"57": "S"}, {"57": "S"}, {"57": "S"}, {"37": "N"}, {"37": "E"}, {"37": "E"}, {"37": "E"}, {"37": "E"}, {"37": "N"}, {"37": "N"}, {"37": "N"}, {"37": "N"}, {"157": "E"}, {"157": "E"}, {"157": "E"}, {"157": "E"}, {"157": "E"}, {"157": "E"}, {"157": "E"}, {"157": "E"}, {"157": "S"}, {"125": "E"}, {"125": "E"}, {"125": "E"}, {"125": "S"}, {"125": "E"}, {"125": "S"}, {"125": "S"}, {"125": "S"}, {"125": "S"}, {"125": "S"}, {"125": "S"}, {"125": "S"}, {"125": "S"}, {"125": "S"}, {"125": "S"}, {"125": "S"}, {"125": "S"}, {"125": "E"}, {"125": "E"}, {"125": "E"}, {"125": "E"}, {"125": "E"}, {"125": "E"}, {"125": "E"}, {"125": "E"}, {"125": "E"}, {"125": "E"}, {"125": "E"}, {"125": "E"}, {"125": "S"}, {"125": "E"}, {"100": "N"}, {"100": "E"}, {"100": "E"}, {"100": "E"}, {"100": "E"}, {"100": "E"}, {"100": "E"}, {"100": "E"}, {"100": "N"}, {"100": "N"}, {"52": "E"}, {"52": "S"}, {"52": "S"}, {"52": "W"}, {"52": "W"}, {"52": "W"}, {"52": "W"}, {"52": "W"}, {"52": "W"}, {"52": "W"}, {"52": "W"}, {"52": "W"}, {"52": "W"}, {"52": "W"}, {"52": "W"}, {"52": "W"}, {"52": "W"}, {"52": "W"}, {"52": "W"}, {"52": "W"}, {"52": "W"}, {"52": "W"}, {"52": "S"}, {"52": "S"}, {"52": "S"}, {"52": "S"}, {"52": "S"}, {"52": "S"}, {"52": "S"}, {"52": "E"}, {"52": "S"}, {"52": "E"}, {"34": "E"}, {"34": "S"}, {"34": "S"}, {"34": "S"}, {"34": "S"}, {"34": "S"}, {"34": "S"}, {"34": "S"}, {"34": "S"}, {"34": "S"}, {"34": "W"}, {"34": "W"}, {"34": "W"}, {"34": "S"}, {"34": "S"}, {"34": "S"}, {"34": "S"}, {"34": "S"}, {"34": "S"}, {"34": "S"}, {"34": "S"}, {"34": "S"}, {"34": "W"}, {"34": "W"}, {"34": "W"}, {"34": "N"}, {"34": "N"}, {"34": "W"}, {"34": "W"}, {"34": "W"}, {"34": "W"}, {"34": "S"}, {"34": "S"}, {"34": "E"}, {"34": "S"}, {"34": "S"}, {"34": "S"}, {"34": "W"}, {"23": "N"}, {"23": "E"}, {"23": "E"}, {"23": "E"}, {"23": "E"}, {"23": "E"}, {"23": "S"}, {"23": "S"}, {"23": "S"}, {"23": "S"}, {"23": "S"}, {"23": "S"}, {"23": "S"}, {"23": "S"}, {"23": "S"}, {"23": "S"}, {"23": "S"}, {"23": "E"}, {"23": "E"}, {"23": "E"}, {"23": "E"}, {"23": "E"}, {"23": "E"}, {"23": "E"}, {"23": "E"}, {"23": "E"}, {"23": "E"}, {"23": "E"}, {"23": "N"}, {"19": "W"}, {"19": "N"}, {"19": "N"}, {"19": "W"}, {"19": "W"}, {"19": "W"}, {"19": "W"}, {"19": "N"}, {"19": "N"}, {"19": "N"}, {"19": "N"}, {"19": "N"}, {"171": "W"}, {"171": "S"}, {"171": "S"}, {"171": "S"}, {"171": "S"}, {"171": "W"}, {"171": "W"}, {"171": "W"}, {"171": "W"}, {"171": "W"}, {"171": "W"}, {"171": "W"}, {"171": "W"}, {"171": "W"}, {"171": "W"}, {"171": "W"}, {"171": "W"}, {"171": "W"}, {"171": "S"}, {"171": "S"}, {"171": "S"}, {"171": "S"}, {"171": "S"}, {"171": "S"}, {"171": "S"}, {"171": "E"}, {"171": "S"}, {"171": "S"}, {"171": "E"}, {"114": "E"}, {"114": "N"}, {"114": "N"}, {"114": "N"}, {"114": "N"}, {"114": "N"}, {"114": "W"}, {"114": "N"}, {"114": "N"}, {"114": "N"}, {"114": "N"}, {"50": "W"}, {"50": "S"}, {"50": "S"}, {"50": "S"}, {"50": "S"}, {"50": "S"}, {"50": "S"}, {"50": "S"}, {"50": "S"}, {"50": "S"}, {"50": "S"}, {"50": "S"}, {"50": "S"}, {"50": "S"}, {"50": "S"}, {"50": "S"}, {"50": "S"}, {"50": "W"}, {"50": "W"}, {"50": "W"}, {"50": "N"}, {"50": "N"}, {"50": "W"}, {"50": "W"}, {"50": "W"}, {"50": "W"}, {"50": "S"}, {"50": "S"}, {"50": "W"}, {"50": "W"}, {"50": "W"}, {"50": "S"}, {"50": "S"}, {"50": "S"}, {"50": "S"}, {"50": "S"}, {"50": "S"}, {"50": "S"}, {"50": "S"}, {"50": "S"}, {"50": "S"}, {"50": "S"}, {"50": "S"}, {"50": "E"}, {"50": "E"}, {"50": "E"}, {"50": "E"}, {"50": "E"}, {"50": "E"}, {"50": "E"}, {"50": "E"}, {"50": "E"}, {"50": "N"}, {"50": "N"}, {"42": "E"}, {"42": "E"}, {"42": "S"}, {"42": "E"}, {"42": "E"}, {"42": "S"}, {"42": "S"}, {"42": "S"}, {"42": "S"}, {"42": "S"}, {"42": "S"}, {"42": "S"}, {"42": "S"}, {"42": "S"}, {"42": "S"}, {"42": "S"}, {"42": "E"}, {"42": "E"}, {"42": "E"}, {"42": "E"}, {"42": "E"}, {"42": "E"}, {"42": "E"}, {"42": "E"}, {"42": "E"}, {"42": "E"}, {"42": "E"}, {"159": "W"}, {"159": "W"}, {"159": "W"}, {"159": "W"}, {"159": "W"}, {"159": "W"}, {"159": "W"}, {"159": "W"}, {"159": "W"}, {"159": "W"}, {"159": "W"}, {"159": "W"}, {"159": "S"}, {"159": "S"}, {"159": "S"}, {"159": "S"}, {"159": "S"}, {"159": "S"}, {"159": "S"}, {"159": "S"}, {"159": "S"}, {"159": "S"}, {"159": "S"}, {"159": "S"}, {"159": "S"}, {"159": "S"}, {"159": "E"}, {"159": "S"}, {"159": "S"}, {"109": "W"}, {"109": "S"}, {"109": "S"}, {"109": "S"}, {"109": "S"}, {"109": "S"}, {"109": "S"}, {"109": "S"}, {"109": "S"}, {"109": "S"}, {"109": "S"}, {"109": "S"}, {"109": "S"}, {"109": "S"}, {"109": "S"}, {"109": "W"}, {"109": "W"}, {"109": "W"}, {"109": "N"}, {"109": "N"}, {"109": "W"}, {"109": "W"}, {"109": "W"}, {"109": "W"}, {"109": "S"}, {"109": "S"}, {"109": "W"}, {"109": "W"}, {"109": "W"}, {"109": "S"}, {"109": "S"}, {"109": "S"}, {"109": "S"}, {"109": "S"}, {"109": "S"}, {"109": "S"}, {"109": "S"}, {"109": "S"}, {"109": "S"}, {"109": "S"}, {"109": "S"}, {"109": "E"}, {"109": "E"}, {"109": "E"}, {"109": "E"}, {"109": "E"}, {"109": "E"}, {"109": "E"}, {"109": "E"}, {"109": "E"}, {"109": "N"}, {"70": "W"}, {"70": "S"}, {"70": "S"}, {"70": "S"}, {"70": "S"}, {"70": "S"}, {"70": "S"}, {"70": "S"}, {"70": "S"}, {"70": "S"}, {"70": "S"}, {"70": "S"}, {"70": "S"}, {"70": "S"}, {"70": "S"}, {"70": "S"}, {"70": "S"}, {"70": "S"}, {"70": "S"}, {"70": "S"}, {"70": "S"}, {"70": "W"}, {"70": "W"}, {"70": "W"}, {"70": "N"}, {"70": "N"}, {"70": "W"}, {"70": "W"}, {"70": "W"}, {"70": "W"}, {"70": "S"}, {"70": "S"}, {"70": "W"}, {"70": "W"}, {"70": "W"}, {"70": "S"}, {"70": "S"}, {"70": "S"}, {"70": "S"}, {"70": "S"}, {"70": "S"}, {"70": "S"}, {"70": "S"}, {"70": "S"}, {"70": "S"}, {"70": "S"}, {"70": "S"}, {"70": "E"}, {"70": "E"}, {"70": "E"}, {"70": "E"}, {"70": "E"}, {"70": "E"}, {"70": "E"}, {"70": "E"}, {"70": "E"}, {"70": "E"}, {"70": "S"}, {"70": "E"}, {"6": "W"}, {"6": "S"}, {"6": "S"}, {"6": "S"}, {"6": "S"}, {"6": "W"}, {"6": "W"}, {"6": "W"}, {"6": "W"}, {"6": "W"}, {"6": "W"}, {"6": "S"}, {"6": "S"}, {"6": "S"}, {"6": "S"}, {"6": "S"}, {"6": "S"}, {"6": "S"}, {"6": "S"}, {"6": "S"}, {"6": "W"}, {"6": "W"}, {"6": "W"}, {"6": "N"}, {"6": "N"}, {"6": "W"}, {"6": "W"}, {"6": "W"}, {"6": "W"}, {"6": "S"}, {"6": "S"}, {"6": "W"}, {"6": "W"}, {"6": "S"}, {"6": "S"}, {"6": "S"}, {"2": "E"}, {"2": "N"}, {"2": "N"}, {"2": "N"}, {"2": "N"}, {"2": "N"}, {"2": "N"}, {"2": "N"}, {"2": "W"}, {"2": "N"}, {"2": "N"}, {"2": "N"}, {"93": "S"}, {"93": "E"}, {"93": "E"}, {"93": "E"}, {"93": "E"}, {"93": "E"}, {"93": "S"}, {"93": "S"}, {"93": "S"}, {"93": "S"}, {"93": "S"}, {"93": "S"}, {"93": "S"}, {"93": "S"}, {"93": "S"}, {"93": "S"}, {"93": "S"}, {"93": "E"}, {"93": "E"}, {"93": "E"}, {"93": "E"}, {"93": "E"}, {"93": "E"}, {"93": "E"}, {"93": "E"}, {"93": "E"}, {"84": "S"}, {"84": "W"}, {"84": "W"}, {"84": "W"}, {"84": "W"}, {"84": "W"}, {"84": "W"}, {"84": "W"}, {"84": "W"}, {"84": "W"}, {"84": "W"}, {"84": "W"}, {"84": "W"}, {"84": "W"}, {"84": "W"}, {"84": "W"}, {"84": "W"}, {"84": "W"}, {"84": "W"}, {"84": "W"}, {"84": "W"}, {"84": "W"}, {"84": "W"}, {"84": "S"}, {"84": "S"}, {"84": "S"}, {"84": "S"}, {"84": "S"}, {"84": "S"}, {"84": "S"}, {"84": "S"}, {"84": "W"}, {"84": "W"}, {"84": "W"}, {"84": "W"}, {"84": "W"}, {"84": "W"}, {"84": "W"}, {"84": "W"}, {"84": "W"}, {"84": "W"}, {"84": "W"}, {"84": "W"}, {"84": "W"}, {"84": "N"}, {"84": "N"}, {"145": "E"}, {"145": "N"}, {"145": "N"}, {"145": "N"}, {"145": "W"}, {"145": "W"}, {"145": "W"}, {"145": "W"}, {"145": "W"}, {"145": "W"}, {"145": "W"}, {"145": "W"}, {"145": "W"}, {"145": "W"}, {"145": "W"}, {"145": "W"}, {"145": "W"}, {"145": "N"}, {"145": "N"}, {"145": "N"}, {"145": "N"}, {"145": "N"}, {"145": "N"}, {"145": "N"}, {"145": "N"}, {"145": "N"}, {"145": "N"}, {"145": "N"}, {"145": "E"}, {"145": "E"}, {"126": "W"}, {"126": "S"}, {"126": "W"}, {"126": "W"}, {"126": "W"}, {"126": "W"}, {"126": "W"}, {"126": "W"}, {"126": "S"}, {"126": "S"}, {"126": "S"}, {"126": "S"}, {"126": "S"}, {"126": "S"}, {"126": "S"}, {"126": "S"}, {"126": "S"}, {"126": "W"}, {"126": "W"}, {"126": "W"}, {"126": "N"}, {"126": "N"}, {"126": "W"}, {"126": "W"}, {"126": "W"}, {"126": "W"}, {"126": "S"}, {"126": "S"}, {"126": "W"}, {"126": "W"}, {"126": "W"}, {"126": "S"}, {"126": "S"}, {"126": "S"}, {"126": "S"}, {"80": "E"}, {"80": "S"}, {"80": "S"}, {"80": "S"}, {"80": "S"}, {"80": "S"}, {"80": "S"}, {"80": "S"}, {"80": "W"}, {"80": "W"}, {"80": "W"}, {"80": "W"}, {"80": "W"}, {"80": "W"}, {"80": "W"}, {"80": "W"}, {"80": "W"}, {"80": "W"}, {"80": "W"}, {"80": "W"}, {"80": "W"}, {"80": "W"}, {"80": "W"}, {"80": "W"}, {"80": "S"}, {"80": "S"}, {"80": "S"}, {"80": "S"}, {"80": "S"}, {"80": "S"}, {"80": "S"}, {"80": "S"}, {"80": "S"}, {"80": "S"}, {"80": "E"}, {"80": "E"}, {"80": "S"}, {"80": "S"}, {"80": "S"}, {"80": "S"}, {"80": "E"}, {"80": "E"}, {"39": "E"}, {"39": "S"}, {"39": "S"}, {"39": "S"}, {"39": "S"}, {"39": "S"}, {"39": "E"}, {"39": "E"}, {"39": "E"}, {"39": "E"}, {"39": "E"}, {"39": "E"}, {"39": "E"}, {"39": "E"}, {"39": "E"}, {"39": "E"}, {"39": "S"}, {"39": "S"}, {"39": "S"}, {"39": "S"}, {"39": "S"}, {"39": "S"}, {"39": "S"}, {"39": "S"}, {"39": "S"}, {"39": "S"}, {"39": "S"}, {"39": "S"}, {"39": "S"}, {"39": "S"}, {"39": "S"}, {"39": "S"}, {"39": "S"}, {"39": "S"}, {"39": "S"}, {"39": "S"}, {"39": "S"}, {"39": "S"}, {"39": "S"}, {"39": "S"}, {"39": "W"}, {"39": "W"}, {"39": "W"}, {"39": "W"}, {"39": "W"}, {"39": "W"}, {"39": "W"}, {"39": "W"}, {"39": "W"}, {"39": "W"}, {"39": "W"}, {"39": "W"}, {"39": "W"}, {"39": "N"}, {"14": "S"}, {"14": "W"}, {"14": "W"}, {"14": "W"}, {"14": "W"}, {"14": "W"}, {"14": "W"}, {"14": "W"}, {"14": "W"}, {"14": "W"}, {"14": "W"}, {"14": "W"}, {"14": "W"}, {"14": "W"}, {"14": "W"}, {"14": "W"}, {"14": "W"}, {"14": "W"}, {"14": "W"}, {"14": "W"}, {"14": "W"}, {"14": "S"}, {"14": "S"}, {"14": "S"}, {"14": "S"}, {"14": "S"}, {"14": "S"}, {"14": "S"}, {"14": "S"}, {"14": "W"}, {"14": "W"}, {"14": "W"}, {"14": "W"}, {"14": "W"}, {"14": "W"}, {"14": "W"}, {"14": "W"}, {"14": "W"}, {"14": "W"}, {"14": "W"}, {"14": "W"}, {"14": "W"}, {"14": "W"}, {"14": "N"}, {"14": "N"}, {"139": "W"}, {"139": "S"}, {"139": "S"}, {"139": "S"}, {"139": "S"}, {"139": "E"}, {"139": "E"}, {"139": "E"}, {"139": "E"}, {"139": "E"}, {"139": "E"}, {"139": "E"}, {"139": "E"}, {"139": "E"}, {"139": "E"}, {"139": "S"}, {"139": "S"}, {"139": "S"}, {"139": "S"}, {"139": "S"}, {"139": "S"}, {"139": "S"}, {"139": "S"}, {"139": "S"}, {"139": "S"}, {"139": "S"}, {"139": "S"}, {"139": "S"}, {"139": "S"}, {"139": "S"}, {"139": "S"}, {"139": "S"}, {"139": "S"}, {"139": "S"}, {"139": "S"}, {"139": "S"}, {"139": "S"}, {"139": "S"}, {"139": "S"}, {"139": "W"}, {"139": "W"}, {"139": "W"}, {"139": "W"}, {"139": "W"}, {"139": "W"}, {"139": "W"}, {"139": "W"}, {"139": "W"}, {"139": "W"}, {"139": "W"}, {"139": "W"}, {"139": "W"}, {"139": "W"}, {"139": "N"}, {"118": "W"}, {"118": "W"}, {"118": "W"}, {"118": "W"}, {"118": "W"}, {"118": "W"}, {"118": "W"}, {"118": "W"}, {"118": "W"}, {"118": "W"}, {"118": "N"}, {"118": "N"}, {"118": "N"}, {"118": "N"}, {"118": "N"}, {"118": "N"}, {"118": "N"}, {"118": "N"}, {"118": "N"}, {"118": "N"}, {"118": "N"}, {"118": "N"}, {"118": "N"}, {"24": "N"}, {"24": "W"}, {"24": "W"}, {"24": "W"}, {"24": "W"}, {"24": "W"}, {"24": "W"}, {"24": "W"}, {"24": "W"}, {"24": "W"}, {"24": "W"}, {"24": "W"}, {"24": "W"}, {"24": "N"}, {"24": "N"}, {"24": "N"}, {"24": "N"}, {"24": "N"}, {"24": "N"}, {"24": "N"}, {"24": "N"}, {"24": "N"}, {"24": "N"}, {"162": "W"}, {"162": "W"}, {"162": "W"}, {"162": "W"}, {"162": "W"}, {"162": "W"}, {"162": "W"}, {"162": "W"}, {"162": "W"}, {"162": "W"}, {"162": "W"}, {"162": "N"}, {"162": "N"}, {"162": "N"}, {"162": "N"}, {"162": "N"}, {"162": "N"}, {"162": "N"}, {"162": "N"}, {"162": "N"}, {"162": "N"}, {"162": "N"}, {"162": "N"}, {"162": "N"}, {"162": "N"}, {"162": "N"}, {"162": "N"}, {"162": "N"}, {"162": "N"}, {"102": "W"}, {"102": "N"}, {"102": "N"}, {"102": "N"}, {"102": "N"}, {"102": "N"}, {"102": "N"}, {"102": "N"}, {"102": "W"}, {"102": "W"}, {"102": "W"}, {"102": "W"}, {"102": "W"}, {"102": "W"}, {"102": "W"}, {"102": "W"}, {"102": "W"}, {"102": "W"}, {"102": "W"}, {"102": "W"}, {"102": "W"}, {"102": "N"}, {"102": "N"}, {"102": "N"}, {"102": "N"}, {"102": "N"}, {"102": "N"}, {"102": "N"}, {"102": "N"}, {"102": "N"}, {"40": "E"}, {"40": "N"}, {"40": "N"}, {"40": "N"}, {"40": "N"}, {"40": "N"}, {"40": "N"}, {"40": "W"}, {"40": "W"}, {"40": "W"}, {"40": "W"}, {"40": "W"}, {"40": "W"}, {"40": "W"}, {"40": "W"}, {"40": "W"}, {"40": "W"}, {"40": "W"}, {"40": "W"}, {"40": "W"}, {"40": "W"}, {"40": "N"}, {"40": "N"}, {"40": "N"}, {"40": "N"}, {"40": "N"}, {"40": "N"}, {"40": "N"}, {"40": "N"}, {"40": "N"}, {"40": "N"}, {"150": "N"}, {"150": "E"}, {"150": "E"}, {"150": "S"}, {"150": "S"}, {"150": "S"}, {"150": "S"}, {"150": "S"}, {"150": "S"}, {"150": "S"}, {"150": "S"}, {"150": "S"}, {"150": "E"}, {"150": "S"}, {"150": "E"}, {"150": "S"}, {"150": "E"}, {"150": "S"}, {"150": "S"}, {"150": "S"}, {"150": "E"}, {"150": "E"}, {"150": "E"}, {"150": "E"}, {"150": "E"}, {"150": "E"}, {"150": "S"}, {"150": "S"}, {"150": "S"}, {"88": "W"}, {"88": "N"}, {"88": "W"}, {"88": "W"}, {"88": "W"}, {"88": "W"}, {"88": "W"}, {"88": "W"}, {"88": "W"}, {"88": "W"}, {"88": "W"}, {"88": "W"}, {"88": "W"}, {"88": "W"}, {"88": "W"}, {"88": "W"}, {"88": "N"}, {"88": "N"}, {"88": "N"}, {"88": "N"}, {"88": "N"}, {"88": "N"}, {"88": "N"}, {"88": "N"}, {"88": "N"}, {"54": "W"}, {"54": "N"}, {"54": "N"}, {"54": "N"}, {"54": "N"}, {"54": "N"}, {"54": "W"}, {"54": "W"}, {"54": "W"}, {"54": "W"}, {"54": "W"}, {"54": "W"}, {"54": "W"}, {"54": "W"}, {"54": "W"}, {"54": "W"}, {"54": "W"}, {"54": "W"}, {"54": "W"}, {"54": "W"}, {"54": "W"}, {"54": "N"}, {"54": "N"}, {"54": "N"}, {"54": "N"}, {"54": "N"}, {"54": "N"}, {"54": "N"}, {"54": "N"}, {"54": "N"}, {"54": "N"}, {"9": "W"}, {"9": "N"}, {"9": "N"}, {"9": "N"}, {"9": "N"}, {"9": "N"}, {"9": "N"}, {"9": "W"}, {"9": "W"}, {"9": "W"}, {"9": "W"}, {"9": "W"}, {"9": "W"}, {"9": "W"}, {"9": "W"}, {"9": "W"}, {"9": "W"}, {"9": "W"}, {"9": "W"}, {"9": "W"}, {"9": "N"}, {"9": "N"}, {"9": "N"}, {"9": "N"}, {"9": "N"}, {"9": "N"}, {"9": "N"}, {"9": "N"}, {"71": "W"}, {"71": "N"}, {"71": "N"}, {"71": "N"}, {"71": "W"}, {"71": "W"}, {"71": "W"}, {"71": "W"}, {"71": "W"}, {"71": "W"}, {"71": "W"}, {"71": "W"}, {"71": "W"}, {"71": "W"}, {"71": "W"}, {"71": "W"}, {"71": "W"}, {"71": "W"}, {"71": "W"}, {"71": "N"}, {"71": "N"}, {"71": "N"}, {"71": "N"}, {"71": "N"}, {"71": "N"}, {"71": "N"}, {"71": "N"}, {"71": "N"}, {"131": "E"}, {"131": "N"}, {"131": "N"}, {"131": "N"}, {"131": "W"}, {"131": "W"}, {"131": "W"}, {"131": "W"}, {"131": "W"}, {"131": "W"}, {"131": "W"}, {"131": "W"}, {"131": "W"}, {"131": "W"}, {"131": "W"}, {"131": "W"}, {"131": "W"}, {"131": "W"}, {"131": "W"}, {"131": "W"}, {"131": "W"}, {"131": "N"}, {"131": "N"}, {"131": "N"}, {"131": "N"}, {"131": "N"}, {"131": "N"}, {"131": "N"}], "result": "SUCCESS", "makespan": 5614, "sum": 7678, "algo_name": "OutAndInBFS_default"}