{"instance": "small_free_002_10x10_50_50", "steps": [{"46": "N", "12": "N", "24": "N", "20": "N", "38": "N", "9": "N", "44": "N", "11": "N", "40": "N", "4": "N", "14": "N", "31": "N", "10": "N", "37": "N", "29": "N", "21": "N", "0": "N", "45": "N", "15": "N", "18": "N", "22": "N", "8": "N", "36": "N", "30": "N", "26": "N", "47": "N", "25": "N", "42": "N", "27": "N", "48": "N", "35": "N", "3": "N", "34": "N", "43": "N", "17": "N", "23": "N", "33": "N", "6": "N", "19": "N", "28": "N", "7": "N", "32": "N", "49": "N", "39": "N", "41": "N", "1": "W", "5": "N", "16": "N", "13": "N", "2": "N"}, {"46": "N", "12": "N", "24": "N", "20": "N", "38": "N", "9": "N", "44": "N", "11": "N", "40": "N", "4": "N", "14": "N", "31": "N", "10": "N", "37": "N", "29": "N", "21": "N", "0": "N", "45": "N", "15": "N", "18": "N", "22": "N", "8": "N", "36": "N", "30": "N", "26": "N", "47": "N", "25": "N", "42": "N", "27": "N", "48": "N", "35": "N", "3": "N", "34": "N", "43": "N", "17": "N", "23": "N", "33": "N", "6": "N", "19": "N", "28": "N", "7": "N", "32": "N", "49": "N", "39": "N", "41": "N", "1": "W", "5": "W", "16": "N", "13": "N", "2": "N"}, {"46": "N", "12": "N", "24": "N", "20": "N", "38": "N", "9": "N", "44": "N", "11": "N", "40": "N", "4": "N", "14": "N", "31": "N", "10": "N", "37": "N", "29": "N", "21": "N", "0": "N", "45": "N", "15": "N", "18": "N", "22": "N", "8": "N", "36": "N", "30": "N", "26": "N", "47": "N", "25": "N", "42": "N", "27": "N", "48": "N", "35": "N", "3": "N", "34": "N", "43": "N", "17": "N", "23": "N", "33": "N", "6": "N", "19": "N", "28": "N", "7": "N", "32": "N", "49": "N", "39": "N", "41": "N", "1": "W", "5": "W", "16": "W", "13": "N", "2": "N"}, {"46": "N", "12": "N", "24": "N", "20": "N", "38": "N", "9": "N", "44": "N", "11": "N", "40": "N", "4": "N", "14": "N", "31": "N", "10": "N", "37": "N", "29": "N", "21": "N", "0": "N", "45": "N", "15": "N", "18": "N", "22": "N", "8": "N", "36": "N", "30": "N", "26": "N", "47": "N", "25": "N", "42": "N", "27": "N", "48": "N", "35": "N", "3": "N", "34": "N", "43": "N", "17": "N", "23": "N", "33": "N", "6": "N", "19": "N", "28": "N", "7": "N", "32": "N", "49": "N", "39": "N", "41": "N", "1": "W", "5": "W", "16": "W", "13": "W", "2": "N"}, {"46": "N", "12": "N", "24": "N", "20": "N", "38": "N", "9": "N", "44": "N", "11": "N", "40": "N", "4": "N", "14": "N", "31": "N", "10": "N", "37": "N", "29": "N", "21": "N", "0": "N", "45": "N", "15": "N", "18": "N", "22": "N", "8": "N", "36": "N", "30": "N", "26": "N", "47": "N", "25": "N", "42": "N", "27": "N", "48": "N", "35": "N", "3": "N", "34": "N", "43": "N", "17": "N", "23": "N", "33": "N", "6": "N", "19": "N", "28": "N", "7": "N", "32": "W", "49": "N", "39": "N", "41": "N", "1": "W", "5": "W", "16": "W", "13": "W", "2": "W"}, {"46": "N", "12": "N", "24": "N", "20": "N", "38": "N", "9": "N", "44": "N", "11": "N", "40": "N", "4": "N", "14": "N", "31": "N", "10": "N", "37": "N", "29": "N", "21": "N", "0": "N", "45": "N", "15": "N", "18": "N", "22": "N", "8": "N", "36": "N", "30": "N", "26": "N", "47": "N", "25": "N", "42": "N", "27": "N", "48": "N", "35": "N", "3": "N", "34": "N", "43": "N", "17": "N", "23": "N", "33": "N", "6": "N", "19": "N", "28": "N", "7": "N", "32": "W", "49": "W", "39": "N", "41": "N", "5": "W", "16": "W", "13": "W", "2": "W"}, {"46": "N", "12": "N", "24": "N", "20": "N", "38": "N", "9": "N", "44": "N", "11": "N", "40": "N", "4": "N", "14": "N", "31": "N", "10": "N", "37": "N", "29": "N", "21": "N", "0": "N", "45": "N", "15": "N", "18": "N", "22": "N", "8": "N", "36": "N", "30": "N", "26": "N", "47": "N", "25": "N", "42": "N", "27": "N", "48": "N", "35": "N", "3": "N", "34": "N", "43": "N", "17": "N", "23": "N", "33": "N", "6": "N", "19": "N", "28": "N", "7": "N", "32": "W", "49": "W", "39": "W", "41": "N", "5": "W", "16": "W", "13": "W", "2": "W"}, {"46": "N", "12": "N", "24": "N", "20": "N", "38": "N", "9": "N", "44": "N", "11": "N", "40": "N", "4": "N", "14": "N", "31": "N", "10": "N", "37": "N", "29": "N", "21": "N", "0": "N", "45": "N", "15": "N", "18": "N", "22": "N", "8": "N", "36": "N", "30": "N", "26": "N", "47": "N", "25": "N", "42": "N", "27": "N", "48": "N", "35": "N", "3": "N", "34": "N", "43": "N", "17": "N", "23": "N", "33": "W", "6": "N", "19": "N", "28": "N", "7": "N", "49": "W", "39": "W", "41": "W", "5": "W", "16": "W", "13": "W", "2": "W"}, {"46": "N", "12": "N", "24": "N", "20": "N", "38": "N", "9": "N", "44": "N", "11": "N", "40": "N", "4": "N", "14": "N", "31": "N", "10": "N", "37": "N", "29": "N", "21": "N", "0": "N", "45": "N", "15": "N", "18": "N", "22": "N", "8": "N", "36": "N", "30": "N", "26": "N", "47": "N", "25": "N", "42": "N", "27": "N", "48": "N", "35": "N", "3": "N", "34": "N", "43": "N", "17": "N", "23": "N", "33": "W", "6": "W", "19": "N", "28": "N", "7": "N", "49": "W", "39": "W", "41": "W", "16": "W", "13": "W", "2": "W"}, {"46": "N", "12": "N", "24": "N", "20": "N", "38": "N", "9": "N", "44": "N", "11": "N", "40": "N", "4": "N", "14": "N", "31": "N", "10": "N", "37": "N", "29": "N", "21": "N", "0": "N", "45": "N", "15": "N", "18": "N", "22": "N", "8": "N", "36": "N", "30": "N", "26": "N", "47": "N", "25": "N", "42": "N", "27": "N", "48": "N", "35": "N", "3": "N", "34": "N", "43": "N", "17": "N", "23": "N", "33": "W", "6": "W", "19": "W", "28": "N", "7": "N", "49": "W", "39": "W", "41": "W", "16": "W", "13": "W", "2": "W"}, {"46": "N", "12": "N", "24": "N", "20": "N", "38": "N", "9": "N", "44": "N", "11": "N", "40": "N", "4": "N", "14": "N", "31": "N", "10": "N", "37": "N", "29": "N", "21": "N", "0": "N", "45": "N", "15": "N", "18": "N", "22": "N", "8": "N", "36": "N", "30": "N", "26": "N", "47": "N", "25": "N", "42": "N", "27": "N", "48": "N", "35": "N", "3": "N", "34": "N", "43": "N", "17": "N", "23": "N", "33": "W", "6": "W", "19": "W", "28": "W", "7": "N", "49": "W", "39": "W", "41": "W", "16": "W", "13": "W", "2": "W"}, {"46": "N", "12": "N", "24": "N", "20": "N", "38": "N", "9": "N", "44": "N", "11": "N", "40": "N", "4": "N", "14": "N", "31": "N", "10": "N", "37": "N", "29": "N", "21": "N", "0": "N", "45": "N", "15": "N", "18": "N", "22": "N", "8": "N", "36": "N", "30": "N", "26": "N", "47": "N", "25": "N", "42": "N", "27": "N", "48": "N", "35": "N", "3": "N", "34": "W", "43": "N", "17": "N", "23": "N", "6": "W", "19": "W", "28": "W", "7": "W", "49": "W", "39": "W", "41": "W", "13": "W", "2": "W"}, {"46": "N", "12": "N", "24": "N", "20": "N", "38": "N", "9": "N", "44": "N", "11": "N", "40": "N", "4": "N", "14": "N", "31": "N", "10": "N", "37": "N", "29": "N", "21": "N", "0": "N", "45": "N", "15": "N", "18": "N", "22": "N", "8": "N", "36": "N", "30": "N", "26": "N", "47": "N", "25": "N", "42": "N", "27": "N", "48": "N", "35": "N", "3": "N", "34": "W", "43": "W", "17": "N", "23": "N", "6": "W", "19": "W", "28": "W", "7": "W", "49": "W", "39": "W", "41": "W", "13": "W", "2": "W"}, {"46": "N", "12": "N", "24": "N", "20": "N", "38": "N", "9": "N", "44": "N", "11": "N", "40": "N", "4": "N", "14": "N", "31": "N", "10": "N", "37": "N", "29": "N", "21": "N", "0": "N", "45": "N", "15": "N", "18": "N", "22": "N", "8": "N", "36": "N", "30": "N", "26": "N", "47": "N", "25": "N", "42": "N", "27": "N", "48": "N", "35": "N", "3": "N", "34": "W", "43": "W", "17": "W", "23": "N", "19": "W", "28": "W", "7": "W", "49": "W", "39": "W", "41": "W", "2": "W"}, {"46": "N", "12": "N", "24": "N", "20": "N", "38": "N", "9": "N", "44": "N", "11": "N", "40": "N", "4": "N", "14": "N", "31": "N", "10": "N", "37": "N", "29": "N", "21": "N", "0": "N", "45": "N", "15": "N", "18": "N", "22": "N", "8": "N", "36": "N", "30": "N", "26": "N", "47": "N", "25": "W", "42": "N", "27": "N", "48": "N", "35": "N", "3": "N", "43": "W", "17": "W", "23": "W", "19": "W", "28": "W", "7": "W", "39": "W", "41": "W", "2": "W"}, {"46": "N", "12": "N", "24": "N", "20": "N", "38": "N", "9": "N", "44": "N", "11": "N", "40": "N", "4": "N", "14": "N", "31": "N", "10": "N", "37": "N", "29": "N", "21": "N", "0": "N", "45": "N", "15": "N", "18": "N", "22": "N", "8": "N", "36": "N", "30": "N", "26": "N", "47": "N", "25": "W", "42": "W", "27": "N", "48": "N", "35": "N", "3": "N", "43": "W", "17": "W", "23": "W", "19": "W", "28": "W", "7": "W", "39": "W", "41": "W"}, {"46": "N", "12": "N", "24": "N", "20": "N", "38": "N", "9": "N", "44": "N", "11": "N", "40": "N", "4": "N", "14": "N", "31": "N", "10": "N", "37": "N", "29": "N", "21": "N", "0": "N", "45": "N", "15": "N", "18": "N", "22": "N", "8": "N", "36": "N", "30": "N", "26": "N", "47": "N", "25": "W", "42": "W", "27": "W", "48": "N", "35": "N", "3": "N", "43": "W", "17": "W", "23": "W", "19": "W", "28": "W", "7": "W", "41": "W"}, {"46": "N", "12": "N", "24": "N", "20": "N", "38": "N", "9": "N", "44": "N", "11": "N", "40": "N", "4": "N", "14": "N", "31": "N", "10": "N", "37": "N", "29": "N", "21": "N", "0": "N", "45": "N", "15": "N", "18": "N", "22": "N", "8": "N", "36": "N", "30": "N", "26": "N", "47": "N", "25": "W", "42": "W", "27": "W", "48": "W", "35": "N", "3": "N", "17": "W", "23": "W", "28": "W", "7": "W", "41": "W"}, {"46": "N", "12": "N", "24": "N", "20": "N", "38": "N", "9": "N", "44": "N", "11": "N", "40": "N", "4": "N", "14": "N", "31": "N", "10": "N", "37": "N", "29": "N", "21": "N", "0": "N", "45": "N", "15": "N", "18": "N", "22": "N", "8": "N", "36": "N", "30": "N", "26": "N", "47": "N", "25": "W", "42": "W", "27": "W", "48": "W", "35": "W", "3": "N", "17": "W", "23": "W", "28": "W", "7": "W"}, {"46": "N", "12": "N", "24": "N", "20": "N", "38": "N", "9": "N", "44": "N", "11": "N", "40": "N", "4": "N", "14": "N", "31": "N", "10": "N", "37": "N", "29": "N", "21": "N", "0": "N", "45": "N", "15": "N", "18": "N", "22": "N", "8": "W", "36": "N", "30": "N", "26": "N", "47": "N", "25": "W", "42": "W", "27": "W", "48": "W", "35": "W", "3": "W", "17": "W", "23": "W", "28": "W", "7": "W"}, {"46": "N", "12": "N", "24": "N", "20": "N", "38": "N", "9": "N", "44": "N", "11": "N", "40": "N", "4": "N", "14": "N", "31": "N", "10": "N", "37": "N", "29": "N", "21": "N", "0": "N", "45": "N", "15": "N", "18": "N", "22": "N", "8": "W", "36": "W", "30": "N", "26": "N", "47": "N", "42": "W", "27": "W", "48": "W", "35": "W", "3": "W", "17": "W", "23": "W", "28": "W", "7": "W"}, {"46": "N", "12": "N", "24": "N", "20": "N", "38": "N", "9": "N", "44": "N", "11": "N", "40": "N", "4": "N", "14": "N", "31": "N", "10": "N", "37": "N", "29": "N", "21": "N", "0": "N", "45": "N", "15": "N", "18": "N", "22": "N", "8": "W", "36": "W", "30": "W", "26": "N", "47": "N", "42": "W", "27": "W", "48": "W", "35": "W", "3": "W", "17": "W", "23": "W", "7": "W"}, {"46": "N", "12": "N", "24": "N", "20": "N", "38": "N", "9": "N", "44": "N", "11": "N", "40": "N", "4": "N", "14": "N", "31": "N", "10": "N", "37": "N", "29": "N", "21": "N", "0": "N", "45": "N", "15": "N", "18": "N", "22": "N", "36": "W", "30": "W", "26": "W", "47": "N", "27": "W", "48": "W", "35": "W", "3": "W", "23": "W", "7": "W"}, {"46": "N", "12": "N", "24": "N", "20": "N", "38": "N", "9": "N", "44": "N", "11": "N", "40": "N", "4": "N", "14": "N", "31": "N", "10": "N", "37": "N", "29": "N", "21": "N", "0": "W", "45": "N", "15": "N", "18": "N", "22": "N", "36": "W", "30": "W", "26": "W", "47": "W", "27": "W", "48": "W", "35": "W", "3": "W", "23": "W"}, {"46": "N", "12": "N", "24": "N", "20": "N", "38": "N", "9": "N", "44": "N", "11": "N", "40": "N", "4": "N", "14": "N", "31": "N", "10": "N", "37": "N", "29": "N", "21": "N", "0": "W", "45": "W", "15": "N", "18": "N", "22": "N", "30": "W", "26": "W", "47": "W", "48": "W", "35": "W", "3": "W", "23": "W"}, {"46": "N", "12": "N", "24": "N", "20": "N", "38": "N", "9": "N", "44": "N", "11": "N", "40": "N", "4": "N", "14": "N", "31": "N", "10": "N", "37": "N", "29": "N", "21": "N", "0": "W", "45": "W", "15": "W", "18": "N", "22": "N", "30": "W", "26": "W", "47": "W", "48": "W", "35": "W", "3": "W", "23": "W"}, {"46": "N", "12": "N", "24": "N", "20": "N", "38": "N", "9": "N", "44": "N", "11": "N", "40": "N", "4": "N", "14": "N", "31": "N", "10": "N", "37": "N", "29": "N", "21": "N", "45": "W", "15": "W", "18": "W", "22": "N", "30": "W", "26": "W", "47": "W", "48": "W", "35": "W", "3": "W"}, {"46": "N", "12": "N", "24": "N", "20": "N", "38": "N", "9": "N", "44": "N", "11": "N", "40": "N", "4": "N", "14": "W", "31": "N", "10": "N", "37": "N", "29": "N", "21": "N", "45": "W", "15": "W", "18": "W", "22": "W", "30": "W", "26": "W", "47": "W", "35": "W", "3": "W"}, {"46": "N", "12": "N", "24": "N", "20": "N", "38": "N", "9": "N", "44": "N", "11": "N", "40": "N", "4": "N", "14": "W", "31": "W", "10": "N", "37": "N", "29": "N", "21": "N", "45": "W", "15": "W", "18": "W", "22": "W", "26": "W", "47": "W", "35": "W", "3": "W"}, {"46": "N", "12": "N", "24": "N", "20": "N", "38": "N", "9": "N", "44": "N", "11": "N", "40": "N", "4": "N", "14": "W", "31": "W", "10": "W", "37": "N", "29": "N", "21": "N", "15": "W", "18": "W", "22": "W", "26": "W", "47": "W", "3": "W"}, {"46": "N", "12": "N", "24": "N", "20": "N", "38": "N", "9": "N", "44": "N", "11": "N", "40": "N", "4": "N", "14": "W", "31": "W", "10": "W", "37": "W", "29": "N", "21": "N", "15": "W", "18": "W", "22": "W", "47": "W", "3": "W"}, {"46": "N", "12": "N", "24": "N", "20": "N", "38": "N", "9": "N", "44": "N", "11": "N", "40": "N", "4": "N", "31": "W", "10": "W", "37": "W", "29": "W", "21": "N", "15": "W", "18": "W", "22": "W", "47": "W"}, {"46": "N", "12": "N", "24": "N", "20": "N", "38": "N", "9": "W", "44": "N", "11": "N", "40": "N", "4": "N", "31": "W", "10": "W", "37": "W", "29": "W", "21": "W", "15": "W", "18": "W", "22": "W"}, {"46": "N", "12": "N", "24": "N", "20": "N", "38": "N", "9": "W", "44": "W", "11": "N", "40": "N", "4": "N", "10": "W", "37": "W", "29": "W", "21": "W", "15": "W", "18": "W", "22": "W"}, {"46": "N", "12": "N", "24": "N", "20": "N", "38": "N", "9": "W", "44": "W", "11": "W", "40": "N", "4": "N", "10": "W", "37": "W", "29": "W", "21": "W", "18": "W", "22": "W"}, {"46": "N", "12": "N", "24": "N", "20": "N", "38": "N", "9": "W", "44": "W", "11": "W", "40": "W", "4": "N", "37": "W", "29": "W", "21": "W", "18": "W", "22": "W"}, {"46": "W", "12": "N", "24": "N", "20": "N", "38": "N", "9": "W", "44": "W", "11": "W", "40": "W", "4": "W", "37": "W", "29": "W", "21": "W", "18": "W", "22": "W"}, {"46": "W", "12": "W", "24": "N", "20": "N", "38": "N", "44": "W", "11": "W", "40": "W", "4": "W", "37": "W", "29": "W", "21": "W", "22": "W"}, {"46": "W", "12": "W", "24": "W", "20": "N", "38": "N", "44": "W", "11": "W", "40": "W", "4": "W", "29": "W", "21": "W", "22": "W"}, {"46": "W", "12": "W", "24": "W", "20": "W", "38": "N", "44": "W", "11": "W", "40": "W", "4": "W", "29": "W", "21": "W"}, {"46": "W", "12": "W", "24": "W", "20": "W", "38": "W", "44": "W", "11": "W", "40": "W", "4": "W", "29": "W", "21": "W"}, {"12": "W", "24": "W", "20": "W", "38": "W", "44": "W", "11": "W", "40": "W", "4": "W", "21": "W"}, {"12": "W", "24": "W", "20": "W", "38": "W", "11": "W", "40": "W", "4": "W", "21": "W"}, {"24": "W", "20": "W", "38": "W", "11": "W", "40": "W", "4": "W", "21": "W"}, {"24": "W", "20": "W", "38": "W", "40": "W", "4": "W"}, {"20": "W", "38": "W", "40": "W", "4": "W"}, {"20": "W", "38": "W", "4": "W"}, {"38": "W", "4": "W"}, {"38": "W"}, {"38": "W"}, {"38": "W"}, {"38": "W"}, {"13": "E", "5": "E", "43": "E", "26": "E", "10": "E", "30": "E", "34": "E"}, {"13": "S", "5": "E", "10": "S", "30": "S", "34": "S"}, {"13": "S", "5": "N", "43": "S", "26": "S", "10": "S", "30": "S", "34": "S"}, {"13": "S", "5": "E", "43": "S", "26": "S", "10": "S", "30": "S", "34": "S"}, {"13": "E", "5": "E", "43": "S", "26": "S", "10": "S", "30": "S", "34": "S"}, {"13": "E", "5": "E", "43": "S", "26": "S", "10": "S", "30": "S", "34": "S"}, {"13": "E", "5": "E", "43": "S", "26": "S", "10": "S", "30": "S", "34": "E"}, {"13": "E", "5": "E", "43": "S", "26": "S", "10": "S", "30": "S", "34": "E"}, {"13": "E", "5": "E", "43": "S", "26": "S", "10": "S", "30": "S", "34": "E"}, {"13": "E", "5": "E", "43": "S", "26": "S", "10": "S", "30": "S", "34": "E"}, {"13": "E", "5": "E", "43": "S", "26": "S", "10": "S", "30": "S", "34": "E"}, {"13": "E", "5": "E", "43": "S", "26": "S", "10": "S", "30": "S", "34": "E"}, {"13": "E", "5": "E", "43": "S", "26": "S", "10": "S", "30": "S", "34": "E"}, {"13": "E", "43": "S", "26": "S", "10": "S", "30": "S", "34": "E"}, {"13": "E", "43": "E", "26": "S", "10": "S", "30": "S", "34": "E"}, {"43": "E", "26": "S", "10": "S", "30": "S", "34": "E"}, {"43": "E", "26": "S", "10": "S", "30": "S", "34": "E"}, {"43": "E", "26": "S", "10": "S", "30": "S"}, {"43": "E", "26": "S", "10": "S", "30": "S"}, {"43": "E", "26": "S", "10": "S", "30": "S"}, {"43": "E", "26": "S", "10": "S", "30": "E"}, {"43": "E", "26": "S", "10": "S", "30": "E"}, {"43": "E", "26": "S", "10": "S", "30": "E"}, {"43": "E", "26": "S", "10": "S", "30": "E"}, {"43": "E", "26": "E", "10": "S", "30": "E"}, {"26": "E", "10": "S", "30": "E"}, {"26": "E", "10": "S", "30": "E"}, {"26": "E", "10": "S", "30": "E"}, {"26": "E", "10": "S", "30": "E"}, {"26": "E", "10": "S", "30": "E"}, {"26": "E", "10": "S", "30": "E"}, {"26": "E", "10": "E"}, {"26": "E", "10": "E", "1": "E", "20": "E", "32": "E", "46": "E", "44": "E", "27": "E", "23": "E"}, {"26": "E", "10": "E", "1": "E", "20": "S", "32": "S", "46": "S", "44": "S", "27": "S", "23": "S"}, {"26": "E", "10": "E", "1": "E", "20": "S", "32": "S", "46": "S", "44": "S", "27": "S", "23": "S"}, {"10": "E", "1": "E", "20": "S", "32": "S", "46": "S", "44": "S", "27": "S", "23": "S"}, {"10": "E", "1": "E", "20": "S", "32": "E", "46": "S", "44": "S", "27": "S", "23": "S"}, {"10": "E", "1": "E", "20": "S", "32": "E", "46": "S", "44": "S", "27": "S", "23": "S"}, {"10": "E", "1": "E", "20": "S", "32": "E", "46": "S", "44": "S", "27": "S", "23": "S"}, {"10": "E", "1": "E", "20": "S", "32": "E", "46": "S", "44": "S", "27": "S", "23": "S"}, {"10": "E", "1": "E", "20": "S", "32": "E", "46": "S", "44": "S", "27": "S", "23": "S"}, {"10": "E", "1": "E", "20": "S", "32": "E", "46": "S", "44": "S", "27": "S", "23": "E"}, {"1": "E", "20": "S", "32": "E", "46": "S", "44": "S", "27": "S", "23": "E"}, {"20": "S", "32": "E", "46": "S", "44": "S", "27": "S", "23": "E"}, {"20": "S", "32": "E", "46": "S", "44": "S", "27": "S", "23": "E"}, {"20": "S", "32": "E", "46": "S", "44": "S", "27": "S", "23": "E"}, {"20": "S", "46": "S", "44": "S", "27": "E", "23": "E"}, {"20": "S", "46": "S", "44": "S", "27": "E", "23": "E"}, {"20": "S", "46": "S", "44": "S", "27": "E", "23": "E"}, {"20": "S", "46": "S", "44": "S", "27": "E", "23": "E"}, {"20": "S", "46": "S", "44": "S", "27": "E", "23": "E"}, {"20": "S", "46": "S", "44": "S", "27": "E"}, {"20": "S", "46": "S", "44": "S", "27": "E"}, {"20": "S", "46": "S", "44": "S", "27": "E"}, {"20": "S", "46": "S", "44": "S", "27": "E"}, {"20": "S", "46": "S", "44": "S", "27": "E"}, {"20": "S", "46": "S", "44": "S"}, {"20": "S", "46": "S", "44": "S"}, {"20": "S", "46": "S", "44": "S"}, {"20": "S", "46": "S", "44": "S"}, {"20": "S", "46": "S", "44": "S"}, {"20": "S", "46": "S", "44": "S"}, {"20": "S", "46": "S", "44": "S"}, {"20": "S", "46": "S", "44": "S"}, {"20": "S", "46": "S", "44": "S"}, {"20": "S", "46": "S", "44": "S"}, {"20": "S", "46": "S", "44": "S"}, {"20": "S", "46": "S", "44": "S"}, {"20": "S", "46": "S", "44": "S"}, {"20": "S", "46": "S", "44": "E"}, {"20": "S", "46": "S", "44": "E"}, {"20": "S", "46": "S", "44": "E"}, {"20": "S", "46": "S", "44": "E"}, {"20": "S", "46": "S", "44": "E"}, {"20": "S", "46": "E", "44": "E"}, {"20": "S", "46": "E", "44": "E"}, {"20": "S", "46": "E", "44": "E"}, {"20": "S", "46": "E", "44": "E"}, {"20": "S", "46": "E", "44": "E"}, {"20": "S", "46": "E"}, {"20": "E", "46": "E"}, {"20": "E", "46": "E", "41": "E", "47": "E", "3": "E", "42": "E", "33": "E"}, {"20": "E", "46": "E", "41": "S", "47": "S", "3": "S", "42": "S", "33": "S"}, {"20": "E", "46": "E", "41": "S", "47": "S", "3": "S", "42": "S", "33": "E"}, {"20": "E", "41": "S", "47": "S", "3": "S", "42": "S", "33": "E"}, {"20": "E", "41": "S", "47": "S", "3": "S", "42": "S", "33": "E"}, {"20": "E", "41": "S", "47": "S", "3": "S", "42": "S", "33": "E"}, {"20": "E", "41": "S", "47": "S", "3": "S", "42": "S", "33": "E"}, {"20": "E", "41": "E", "47": "S", "3": "S", "42": "S", "33": "E"}, {"20": "E", "41": "E", "47": "S", "3": "S", "42": "S", "33": "E"}, {"41": "E", "47": "S", "3": "S", "42": "S", "33": "E"}, {"41": "E", "47": "S", "3": "S", "42": "S", "33": "E"}, {"41": "E", "47": "S", "3": "S", "42": "S"}, {"41": "E", "47": "S", "3": "S", "42": "S"}, {"41": "E", "47": "S", "3": "S", "42": "E"}, {"41": "E", "47": "S", "3": "S", "42": "E"}, {"41": "E", "47": "S", "3": "S", "42": "E"}, {"47": "S", "3": "S", "42": "E"}, {"47": "S", "3": "S", "42": "E"}, {"47": "S", "3": "E", "42": "E"}, {"47": "S", "3": "E", "42": "E"}, {"47": "S", "3": "E", "42": "E"}, {"47": "S", "3": "E", "42": "E"}, {"47": "S", "3": "E"}, {"47": "S", "3": "E"}, {"47": "E", "3": "E"}, {"47": "E", "3": "E", "18": "E", "17": "E", "14": "E", "24": "E", "19": "E"}, {"47": "E", "3": "E", "18": "S", "17": "S", "14": "S", "24": "S", "19": "S"}, {"47": "E", "18": "S", "17": "S", "14": "S", "24": "S", "19": "S"}, {"47": "E", "18": "S", "17": "S", "14": "S", "24": "S", "19": "S"}, {"47": "E", "18": "S", "17": "S", "14": "S", "24": "S", "19": "E"}, {"47": "E", "18": "S", "17": "S", "14": "S", "24": "S", "19": "E"}, {"47": "E", "18": "S", "17": "S", "14": "S", "24": "S", "19": "E"}, {"47": "E", "18": "S", "17": "S", "14": "S", "24": "S", "19": "E"}, {"18": "S", "17": "S", "14": "S", "24": "S", "19": "E"}, {"18": "S", "17": "S", "14": "S", "24": "S", "19": "E"}, {"18": "S", "17": "S", "14": "S", "24": "S", "19": "E"}, {"18": "S", "17": "S", "14": "S", "24": "S", "19": "E"}, {"18": "S", "17": "S", "14": "S", "24": "S"}, {"18": "S", "17": "E", "14": "S", "24": "S"}, {"18": "S", "17": "E", "14": "S", "24": "S"}, {"18": "S", "17": "E", "14": "S", "24": "S"}, {"18": "S", "17": "E", "14": "S", "24": "S"}, {"18": "S", "17": "E", "14": "S", "24": "S"}, {"18": "S", "17": "E", "14": "S", "24": "S"}, {"18": "S", "17": "E", "14": "S", "24": "S"}, {"18": "S", "17": "E", "14": "S", "24": "S"}, {"18": "S", "14": "S", "24": "S"}, {"18": "S", "14": "S", "24": "S"}, {"18": "S", "14": "S", "24": "S"}, {"18": "S", "14": "S", "24": "S"}, {"18": "S", "14": "S", "24": "S"}, {"18": "S", "14": "S", "24": "S"}, {"18": "S", "14": "S", "24": "S"}, {"18": "S", "14": "S", "24": "S"}, {"18": "S", "14": "S", "24": "S"}, {"18": "S", "14": "E", "24": "S"}, {"18": "S", "14": "E", "24": "S"}, {"18": "E", "14": "E", "24": "S"}, {"18": "E", "14": "E", "24": "S"}, {"18": "E", "14": "E", "24": "S"}, {"18": "E", "14": "E", "24": "S"}, {"18": "E", "14": "E", "24": "S"}, {"18": "E", "14": "E", "24": "S"}, {"18": "E", "24": "S"}, {"18": "E", "24": "S"}, {"24": "S"}, {"24": "E"}, {"24": "E", "11": "E", "2": "E", "9": "E", "48": "E", "35": "E", "8": "E"}, {"24": "E", "11": "S", "2": "E", "9": "S", "48": "S", "35": "S", "8": "S"}, {"24": "E", "11": "S", "2": "E", "9": "S", "48": "S", "35": "S", "8": "S"}, {"24": "E", "11": "S", "2": "E", "9": "S", "48": "S", "35": "S", "8": "S"}, {"24": "E", "11": "S", "2": "E", "9": "S", "48": "S", "35": "S", "8": "S"}, {"24": "E", "11": "S", "2": "E", "9": "S", "48": "S", "35": "S", "8": "S"}, {"24": "E", "11": "S", "2": "E", "9": "S", "48": "S", "35": "S", "8": "S"}, {"11": "S", "2": "E", "9": "S", "48": "S", "35": "S", "8": "S"}, {"11": "S", "9": "S", "48": "S", "35": "S", "8": "S"}, {"11": "S", "9": "S", "48": "S", "35": "S", "8": "S"}, {"11": "S", "9": "S", "48": "S", "35": "S", "8": "S"}, {"11": "S", "9": "S", "48": "S", "35": "S", "8": "S"}, {"11": "S", "9": "S", "48": "S", "35": "S", "8": "S"}, {"11": "S", "9": "S", "48": "S", "35": "S", "8": "S"}, {"11": "S", "9": "S", "48": "S", "35": "S", "8": "S"}, {"11": "S", "9": "S", "48": "E", "35": "E", "8": "S"}, {"11": "S", "9": "S", "48": "E", "35": "E", "8": "E"}, {"11": "S", "9": "S", "48": "E", "35": "E", "8": "E"}, {"11": "S", "9": "S", "48": "E", "35": "E", "8": "E"}, {"11": "S", "9": "S", "48": "E", "35": "E", "8": "E"}, {"11": "S", "9": "S", "48": "E", "35": "E", "8": "E"}, {"11": "S", "9": "S", "48": "E", "35": "E", "8": "E"}, {"11": "S", "9": "S", "8": "E"}, {"11": "S", "9": "S"}, {"11": "S", "9": "S"}, {"11": "S", "9": "S"}, {"11": "S", "9": "S"}, {"11": "S", "9": "S"}, {"11": "S", "9": "S"}, {"11": "S", "9": "S"}, {"11": "S", "9": "S"}, {"11": "S", "9": "S"}, {"11": "S", "9": "S"}, {"11": "S", "9": "S"}, {"11": "S", "9": "S"}, {"11": "S", "9": "S"}, {"11": "S", "9": "E"}, {"11": "S", "9": "E"}, {"11": "S", "9": "E"}, {"11": "S", "9": "E"}, {"11": "S", "9": "E"}, {"11": "E", "9": "E"}, {"11": "E", "9": "E", "29": "E", "37": "E", "0": "E", "21": "E", "28": "E"}, {"11": "E", "37": "S", "0": "S", "28": "S"}, {"11": "E", "29": "S", "37": "S", "0": "S", "21": "S", "28": "S"}, {"11": "E", "29": "S", "37": "S", "0": "S", "21": "S", "28": "S"}, {"11": "E", "29": "S", "37": "S", "0": "S", "21": "S", "28": "E"}, {"11": "E", "29": "S", "37": "S", "0": "S", "21": "S", "28": "E"}, {"29": "S", "37": "S", "0": "S", "21": "S", "28": "E"}, {"29": "S", "37": "S", "0": "S", "21": "S", "28": "E"}, {"29": "S", "37": "S", "0": "S", "21": "S", "28": "E"}, {"29": "S", "37": "S", "0": "S", "21": "S", "28": "E"}, {"29": "S", "37": "S", "0": "S", "21": "S"}, {"29": "S", "37": "S", "0": "S", "21": "S"}, {"29": "S", "37": "S", "0": "S", "21": "S"}, {"29": "S", "37": "S", "0": "S", "21": "S"}, {"29": "S", "37": "S", "0": "S", "21": "S"}, {"29": "S", "37": "S", "0": "S", "21": "S"}, {"29": "S", "37": "S", "0": "S", "21": "S"}, {"29": "S", "37": "S", "0": "S", "21": "S"}, {"29": "S", "37": "S", "0": "S", "21": "S"}, {"29": "S", "37": "S", "0": "S", "21": "S"}, {"29": "S", "37": "S", "0": "S", "21": "S"}, {"29": "S", "37": "S", "0": "S", "21": "S"}, {"29": "S", "37": "S", "0": "S", "21": "S"}, {"29": "S", "37": "S", "0": "S", "21": "S"}, {"29": "S", "37": "S", "0": "E", "21": "S"}, {"29": "S", "37": "S", "0": "E", "21": "S"}, {"29": "S", "37": "S", "0": "E", "21": "S"}, {"29": "S", "37": "S", "0": "E", "21": "S"}, {"29": "S", "37": "S", "0": "E", "21": "S"}, {"29": "S", "37": "S", "0": "E", "21": "S"}, {"29": "S", "37": "S", "21": "S"}, {"29": "S", "37": "S", "21": "S"}, {"29": "S", "37": "S", "21": "S"}, {"29": "S", "37": "S", "21": "E"}, {"29": "S", "37": "S", "21": "E"}, {"29": "S", "37": "S", "21": "E"}, {"29": "S", "37": "S", "21": "E"}, {"29": "S", "37": "E", "21": "E"}, {"29": "S", "37": "E", "21": "E"}, {"29": "S", "37": "E"}, {"29": "E", "37": "E"}, {"29": "E", "37": "E", "15": "E", "39": "E", "31": "E"}, {"29": "E", "37": "E", "15": "S", "39": "S", "31": "S"}, {"29": "E", "15": "S", "39": "S", "31": "S"}, {"29": "E", "15": "S", "39": "E", "31": "S"}, {"29": "E", "15": "S", "39": "E", "31": "S"}, {"15": "S", "39": "E", "31": "S"}, {"15": "S", "39": "E", "31": "S"}, {"15": "S", "39": "E", "31": "S"}, {"15": "S", "31": "S"}, {"15": "S", "31": "S"}, {"15": "S", "31": "S"}, {"15": "S", "31": "S"}, {"15": "S", "31": "S"}, {"15": "S", "31": "S"}, {"15": "S", "31": "S"}, {"15": "S", "31": "S"}, {"15": "S", "31": "S"}, {"15": "S", "31": "S"}, {"15": "S", "31": "S"}, {"15": "S", "31": "S"}, {"15": "S", "31": "S"}, {"15": "S", "31": "S"}, {"15": "S", "31": "S"}, {"15": "S", "31": "S"}, {"15": "S", "31": "S"}, {"15": "S", "31": "S"}, {"15": "S", "31": "S"}, {"15": "S", "31": "S"}, {"15": "E", "31": "S"}, {"15": "E", "31": "S"}, {"15": "E", "31": "E"}, {"15": "E", "31": "E", "4": "E", "40": "E", "7": "E"}, {"15": "E", "31": "E", "40": "S", "7": "S"}, {"31": "E", "4": "S", "40": "S", "7": "S"}, {"31": "E", "4": "S", "40": "S", "7": "S"}, {"4": "S", "40": "S", "7": "S"}, {"4": "S", "40": "S", "7": "E"}, {"4": "S", "40": "S", "7": "E"}, {"4": "S", "40": "S", "7": "E"}, {"4": "S", "40": "S", "7": "E"}, {"4": "S", "40": "S"}, {"4": "S", "40": "S"}, {"4": "S", "40": "S"}, {"4": "S", "40": "S"}, {"4": "S", "40": "S"}, {"4": "S", "40": "S"}, {"4": "S", "40": "S"}, {"4": "S", "40": "S"}, {"4": "S", "40": "S"}, {"4": "S", "40": "S"}, {"4": "S", "40": "S"}, {"4": "S", "40": "S"}, {"4": "S", "40": "S"}, {"4": "S", "40": "S"}, {"4": "S", "40": "S"}, {"4": "S", "40": "S"}, {"4": "S", "40": "S"}, {"4": "S", "40": "S"}, {"4": "S", "40": "S"}, {"4": "S", "40": "S"}, {"4": "S", "40": "S"}, {"4": "S", "40": "S"}, {"4": "S", "40": "S"}, {"4": "S", "40": "S"}, {"4": "S", "40": "S"}, {"4": "S", "40": "S"}, {"4": "S", "40": "S"}, {"4": "S", "40": "E"}, {"4": "S", "40": "E"}, {"4": "S", "40": "E"}, {"4": "S", "40": "E"}, {"4": "S"}, {"4": "S"}, {"4": "E"}, {"4": "E", "25": "E", "36": "E", "38": "E"}, {"4": "E", "25": "S", "36": "S", "38": "S"}, {"4": "E", "25": "S", "36": "S", "38": "S"}, {"25": "S", "36": "S", "38": "S"}, {"25": "S", "36": "S", "38": "S"}, {"25": "S", "36": "S", "38": "S"}, {"25": "S", "36": "S", "38": "S"}, {"25": "S", "36": "S", "38": "S"}, {"25": "S", "36": "S", "38": "S"}, {"25": "S", "36": "S", "38": "S"}, {"25": "S", "36": "S", "38": "S"}, {"25": "S", "36": "S", "38": "S"}, {"25": "S", "36": "S", "38": "S"}, {"25": "S", "36": "S", "38": "S"}, {"25": "S", "36": "S", "38": "S"}, {"25": "S", "36": "S", "38": "S"}, {"25": "S", "36": "S", "38": "S"}, {"25": "S", "36": "S", "38": "S"}, {"25": "S", "36": "S", "38": "S"}, {"25": "E", "36": "S", "38": "S"}, {"25": "E", "36": "S", "38": "S"}, {"25": "E", "36": "S", "38": "S"}, {"36": "S", "38": "S"}, {"36": "S", "38": "S"}, {"36": "S", "38": "S"}, {"36": "E", "38": "S"}, {"36": "E", "38": "S"}, {"36": "E", "38": "S"}, {"38": "S"}, {"38": "S"}, {"38": "S"}, {"38": "S"}, {"38": "S"}, {"38": "S"}, {"38": "S"}, {"38": "S"}, {"38": "S"}, {"38": "S"}, {"38": "S"}, {"38": "S"}, {"38": "S"}, {"38": "S"}, {"38": "S"}, {"38": "S"}, {"38": "S"}, {"38": "S"}, {"38": "S"}, {"38": "E"}, {"38": "E", "12": "E", "49": "E", "6": "E", "45": "E", "16": "E", "22": "E"}, {"38": "E", "12": "S", "49": "S", "6": "S", "45": "S", "16": "E", "22": "S"}, {"12": "S", "49": "S", "6": "S", "45": "S", "16": "N", "22": "S"}, {"12": "S", "49": "S", "6": "S", "45": "S", "16": "N", "22": "S"}, {"12": "S", "49": "E", "6": "S", "45": "S", "16": "N", "22": "S"}, {"12": "S", "49": "E", "6": "S", "45": "S", "16": "N", "22": "S"}, {"12": "S", "6": "S", "45": "S", "16": "N", "22": "S"}, {"12": "S", "6": "E", "45": "S", "16": "N", "22": "S"}, {"12": "S", "6": "E", "45": "S", "16": "E", "22": "S"}, {"12": "S", "45": "S", "22": "S"}, {"12": "S", "45": "S", "22": "S"}, {"12": "S", "45": "S", "22": "S"}, {"12": "S", "45": "S", "22": "S"}, {"12": "S", "45": "S", "22": "S"}, {"12": "S", "45": "S", "22": "S"}, {"12": "S", "45": "S", "22": "S"}, {"12": "S", "45": "S", "22": "S"}, {"12": "S", "45": "S", "22": "S"}, {"12": "S", "45": "S", "22": "S"}, {"12": "S", "45": "S", "22": "S"}, {"12": "S", "45": "S", "22": "S"}, {"12": "S", "45": "S", "22": "S"}, {"12": "S", "45": "S", "22": "S"}, {"12": "S", "45": "S", "22": "S"}, {"12": "S", "45": "E", "22": "S"}, {"12": "S", "45": "E", "22": "E"}, {"12": "S", "22": "E"}, {"12": "S"}, {"12": "S"}, {"12": "S"}, {"12": "S"}, {"12": "S"}, {"12": "S"}, {"12": "S"}, {"12": "S"}, {"12": "S"}, {"12": "S"}, {"12": "S"}, {"12": "S"}, {"12": "S"}, {"12": "S"}, {"12": "S"}, {"12": "S"}, {"12": "S"}, {"12": "S"}, {"12": "E"}, {"12": "E"}], "result": "SUCCESS", "makespan": 452, "sum": 2788, "algo_name": "LeftPillar"}