{"instance": "small_free_003_10x10_70_70", "steps": [{"19": "N", "29": "S", "3": "N", "27": "W", "15": "W", "32": "E", "26": "W", "20": "W", "44": "E", "18": "W", "54": "E", "45": "W", "23": "W", "67": "S", "25": "N", "13": "E", "51": "N", "66": "N", "21": "S", "14": "W", "4": "W", "48": "N", "5": "S", "41": "S", "62": "W", "42": "S", "2": "S", "61": "N", "46": "S", "68": "W", "22": "N", "9": "E", "57": "S", "50": "E", "1": "E", "28": "E", "36": "E", "60": "E", "43": "W", "33": "E", "7": "W", "56": "S", "40": "W", "47": "S"}, {"19": "N", "29": "S", "3": "N", "12": "E", "27": "W", "15": "S", "35": "N", "32": "E", "26": "N", "20": "S", "44": "E", "54": "E", "45": "W", "23": "W", "67": "S", "49": "S", "38": "W", "37": "N", "25": "N", "13": "E", "31": "N", "64": "S", "51": "N", "66": "N", "14": "W", "4": "W", "52": "W", "48": "N", "5": "S", "41": "W", "62": "W", "2": "S", "58": "N", "0": "S", "46": "S", "65": "S", "30": "S", "68": "S", "16": "N", "8": "S", "22": "N", "11": "S", "57": "S", "50": "E", "1": "E", "69": "S", "36": "E", "60": "E", "43": "W", "24": "E", "53": "W", "33": "E", "7": "N", "10": "E", "47": "S"}, {"3": "N", "12": "N", "27": "S", "15": "S", "35": "N", "32": "S", "26": "N", "44": "E", "54": "E", "45": "W", "23": "W", "67": "S", "49": "E", "38": "S", "37": "N", "25": "N", "13": "E", "31": "N", "64": "E", "51": "N", "66": "N", "55": "N", "34": "S", "14": "S", "4": "S", "52": "S", "48": "E", "5": "S", "41": "S", "62": "N", "42": "S", "2": "S", "0": "S", "46": "E", "30": "W", "68": "W", "16": "E", "8": "E", "22": "E", "9": "S", "57": "S", "63": "E", "50": "N", "1": "E", "28": "N", "36": "E", "24": "E", "53": "S", "7": "N", "10": "E", "59": "N", "47": "E"}, {"3": "N", "27": "S", "15": "S", "35": "N", "32": "E", "26": "W", "20": "W", "44": "E", "18": "E", "54": "E", "45": "W", "67": "S", "49": "S", "38": "S", "37": "N", "25": "N", "13": "S", "31": "N", "64": "S", "51": "N", "66": "N", "55": "N", "34": "S", "14": "S", "48": "E", "5": "S", "41": "W", "62": "N", "2": "S", "58": "S", "46": "N", "65": "S", "30": "W", "68": "W", "8": "S", "22": "E", "9": "S", "57": "E", "63": "E", "50": "W", "1": "E", "28": "W", "17": "S", "69": "S", "36": "E", "60": "E", "43": "N", "24": "E", "53": "S", "33": "W", "7": "E", "56": "E", "10": "E", "40": "S", "47": "E"}, {"3": "N", "27": "S", "39": "E", "26": "W", "44": "E", "54": "E", "45": "S", "49": "S", "38": "S", "31": "N", "64": "S", "51": "N", "4": "S", "52": "N", "62": "N", "61": "E", "46": "E", "30": "W", "68": "S", "16": "N", "8": "W", "22": "E", "9": "S", "11": "N", "6": "E", "57": "E", "63": "E", "50": "W", "1": "E", "28": "W", "17": "E", "36": "E", "60": "E", "43": "E", "24": "E", "53": "E", "33": "W", "7": "E", "10": "E", "59": "N", "40": "W", "47": "N"}, {"3": "N", "39": "E", "26": "N", "67": "S", "49": "E", "37": "N", "31": "N", "64": "E", "51": "N", "5": "S", "62": "N", "42": "S", "2": "S", "61": "E", "46": "N", "68": "W", "16": "N", "22": "S", "9": "S", "11": "N", "6": "N", "57": "E", "63": "E", "50": "W", "1": "S", "17": "E", "36": "S", "60": "N", "24": "E", "53": "E", "33": "W", "7": "E", "56": "E", "10": "S", "59": "W", "40": "W", "47": "E"}, {"39": "E", "26": "N", "49": "S", "64": "E", "51": "E", "5": "S", "42": "W", "61": "E", "0": "S", "46": "N", "68": "W", "16": "W", "8": "W", "22": "S", "11": "N", "6": "N", "57": "E", "63": "E", "50": "W", "28": "S", "17": "E", "69": "W", "36": "S", "60": "N", "24": "N", "53": "E", "33": "W", "7": "N", "56": "E", "59": "W", "40": "W", "47": "E"}, {"39": "E", "26": "N", "44": "N", "45": "N", "23": "N", "13": "S", "31": "E", "64": "E", "51": "S", "55": "W", "52": "S", "5": "E", "41": "S", "2": "W", "0": "W", "46": "N", "68": "W", "16": "N", "8": "S", "22": "S", "9": "E", "6": "N", "63": "E", "50": "W", "28": "W", "17": "N", "69": "S", "36": "W", "60": "N", "24": "N", "53": "E", "33": "W", "7": "E", "56": "E", "59": "W", "40": "W", "47": "E"}, {"26": "N", "44": "W", "45": "E", "38": "N", "13": "W", "31": "S", "51": "E", "4": "N", "5": "E", "58": "E", "0": "W", "46": "N", "65": "E", "68": "W", "16": "E", "22": "S", "9": "S", "6": "N", "50": "W", "28": "S", "69": "E", "36": "W", "60": "N", "43": "N", "24": "W", "53": "E", "33": "N", "7": "E", "56": "E", "59": "N", "47": "E"}, {"3": "W", "26": "N", "44": "W", "54": "S", "45": "E", "23": "N", "38": "E", "37": "N", "13": "W", "31": "S", "64": "S", "51": "S", "5": "N", "62": "E", "2": "S", "58": "E", "0": "W", "65": "E", "68": "S", "16": "E", "22": "S", "11": "S", "6": "N", "50": "W", "1": "N", "28": "S", "17": "E", "36": "S", "60": "N", "43": "E", "24": "W", "53": "E", "7": "E", "56": "E", "10": "W", "59": "N", "47": "E"}, {"3": "S", "26": "N", "44": "W", "54": "W", "45": "E", "23": "E", "67": "W", "38": "E", "37": "W", "13": "W", "31": "W", "64": "S", "51": "S", "55": "E", "5": "N", "62": "E", "2": "W", "0": "N", "16": "N", "11": "E", "6": "W", "57": "N", "50": "S", "1": "W", "28": "S", "17": "E", "60": "N", "43": "E", "24": "W", "53": "E", "7": "E", "56": "E", "59": "N", "47": "E"}, {"3": "S", "26": "N", "44": "W", "54": "W", "45": "E", "23": "E", "67": "N", "38": "E", "37": "W", "13": "W", "31": "W", "64": "E", "51": "S", "21": "E", "5": "E", "62": "E", "2": "W", "0": "W", "16": "E", "9": "S", "11": "E", "6": "N", "57": "E", "63": "E", "50": "S", "1": "N", "28": "S", "17": "N", "36": "S", "43": "N", "24": "N", "53": "E", "33": "N", "7": "N", "56": "E", "59": "N", "47": "E"}, {"3": "S", "26": "E", "44": "W", "54": "W", "45": "E", "23": "N", "67": "N", "38": "E", "37": "S", "13": "S", "31": "W", "64": "E", "51": "S", "5": "N", "2": "W", "46": "E", "16": "E", "22": "E", "9": "S", "11": "E", "6": "N", "57": "E", "63": "N", "50": "E", "1": "N", "28": "S", "17": "N", "36": "W", "43": "E", "24": "N", "53": "E", "33": "W", "7": "E", "56": "E", "10": "E", "40": "S", "47": "E"}, {"19": "S", "3": "S", "26": "S", "44": "W", "54": "W", "45": "E", "23": "N", "67": "W", "38": "E", "37": "S", "13": "W", "31": "S", "64": "N", "51": "S", "21": "W", "52": "N", "5": "N", "41": "N", "42": "N", "2": "N", "46": "N", "65": "N", "16": "E", "8": "S", "22": "E", "9": "W", "11": "N", "6": "N", "57": "S", "63": "N", "50": "S", "1": "W", "28": "E", "17": "E", "69": "W", "36": "W", "43": "E", "24": "N", "53": "E", "33": "W", "7": "N", "56": "E", "59": "N", "40": "W", "47": "N"}, {"19": "S", "3": "S", "26": "S", "44": "W", "54": "W", "45": "N", "23": "E", "67": "N", "38": "E", "37": "S", "13": "W", "31": "S", "64": "N", "51": "S", "5": "W", "2": "N", "0": "N", "46": "N", "8": "E", "22": "S", "11": "E", "6": "W", "57": "W", "63": "N", "50": "S", "1": "W", "28": "E", "17": "N", "69": "S", "36": "S", "60": "W", "43": "E", "24": "W", "53": "S", "7": "N", "56": "N", "59": "N", "40": "W", "47": "N"}, {"19": "S", "3": "S", "26": "S", "44": "S", "54": "W", "45": "E", "23": "E", "67": "W", "38": "S", "37": "S", "13": "W", "31": "S", "64": "W", "51": "S", "5": "N", "2": "N", "58": "E", "46": "W", "30": "S", "16": "E", "8": "S", "22": "W", "11": "E", "6": "W", "63": "W", "1": "W", "28": "E", "17": "N", "69": "S", "36": "W", "43": "N", "24": "W", "33": "N", "7": "E", "56": "N", "59": "N", "47": "N"}, {"19": "S", "3": "S", "26": "S", "54": "S", "45": "E", "23": "E", "67": "W", "38": "E", "37": "S", "25": "W", "13": "W", "31": "S", "51": "S", "5": "N", "42": "S", "2": "N", "58": "N", "0": "S", "46": "N", "30": "W", "8": "S", "22": "W", "11": "E", "6": "W", "63": "W", "1": "N", "28": "S", "17": "W", "69": "E", "36": "W", "43": "E", "24": "W", "53": "N", "7": "E", "56": "N", "10": "E", "59": "E", "40": "W", "47": "E"}, {"19": "S", "3": "S", "26": "S", "54": "S", "45": "E", "67": "N", "37": "S", "25": "S", "13": "W", "31": "S", "51": "E", "2": "N", "58": "W", "0": "E", "46": "N", "16": "W", "8": "E", "22": "S", "11": "E", "6": "W", "63": "W", "1": "N", "28": "S", "17": "W", "69": "S", "36": "W", "60": "N", "43": "E", "24": "W", "53": "E", "33": "S", "7": "E", "56": "N", "10": "S", "59": "E", "40": "N", "47": "N"}, {"19": "S", "3": "S", "26": "S", "54": "S", "67": "W", "37": "S", "25": "S", "13": "W", "31": "S", "51": "S", "34": "W", "52": "S", "41": "S", "58": "S", "65": "S", "16": "S", "22": "S", "11": "N", "6": "W", "63": "N", "1": "N", "28": "S", "17": "W", "69": "E", "36": "W", "60": "W", "43": "S", "24": "W", "53": "N", "33": "S", "7": "S", "56": "N", "10": "W", "59": "E", "40": "W", "47": "W"}, {"19": "S", "3": "S", "26": "S", "67": "N", "38": "W", "37": "S", "25": "S", "13": "W", "31": "S", "51": "S", "4": "W", "62": "E", "16": "S", "8": "S", "11": "W", "6": "S", "63": "W", "1": "N", "28": "W", "17": "N", "69": "S", "36": "W", "60": "W", "43": "E", "24": "W", "53": "W", "7": "S", "56": "N", "10": "S", "59": "E", "40": "N", "47": "N"}, {"19": "S", "3": "S", "67": "N", "37": "S", "25": "S", "13": "W", "31": "S", "51": "S", "42": "W", "30": "W", "6": "S", "63": "W", "1": "W", "28": "W", "17": "N", "69": "E", "36": "W", "60": "W", "43": "E", "24": "W", "53": "N", "33": "W", "7": "S", "56": "N", "10": "S", "59": "N", "40": "N", "47": "N"}, {"19": "E", "3": "S", "67": "N", "37": "S", "25": "S", "13": "N", "31": "S", "51": "S", "14": "N", "42": "S", "2": "N", "30": "W", "6": "S", "63": "N", "1": "W", "28": "W", "17": "W", "69": "E", "36": "N", "60": "W", "24": "W", "53": "N", "33": "W", "7": "S", "56": "N", "10": "W", "59": "E", "40": "N", "47": "N"}, {"29": "N", "67": "N", "37": "S", "25": "S", "13": "N", "51": "E", "34": "E", "14": "N", "42": "S", "30": "N", "63": "W", "1": "W", "28": "N", "17": "W", "36": "N", "60": "W", "24": "W", "53": "N", "33": "N", "7": "S", "56": "N", "59": "E", "40": "N", "47": "N"}, {"29": "W", "67": "E", "25": "S", "13": "N", "51": "S", "14": "N", "0": "W", "30": "W", "63": "W", "1": "W", "17": "N", "60": "W", "43": "S", "24": "W", "53": "N", "33": "W", "7": "E", "56": "W", "59": "E", "40": "N", "47": "W"}, {"29": "W", "25": "W", "13": "E", "4": "E", "30": "N", "63": "N", "1": "W", "17": "W", "60": "W", "43": "E", "24": "S", "53": "N", "33": "W", "7": "S", "56": "W", "10": "S", "59": "S", "40": "N", "47": "W"}, {"29": "W", "25": "S", "14": "S", "42": "S", "30": "N", "1": "W", "17": "W", "43": "S", "24": "S", "53": "N", "33": "S", "7": "S", "56": "W", "10": "W", "59": "S", "40": "N", "47": "N"}, {"29": "W", "25": "S", "14": "S", "42": "S", "30": "N", "1": "S", "24": "S", "53": "W", "33": "S", "7": "W", "56": "S", "10": "W", "59": "S", "40": "E", "47": "W"}, {"29": "W", "25": "S", "14": "S", "4": "W", "30": "E", "1": "W", "24": "S", "33": "S", "7": "W", "56": "S", "10": "W", "59": "S", "40": "E", "47": "W"}, {"29": "W", "25": "S", "30": "E", "1": "S", "60": "S", "10": "W", "59": "E"}, {"29": "W", "25": "S", "34": "W", "30": "E", "1": "S", "10": "W", "59": "E"}, {"29": "N", "25": "S", "4": "E", "2": "S", "1": "E", "10": "W"}, {"29": "N", "25": "E", "34": "E", "42": "E", "1": "S", "10": "W"}, {"29": "N", "25": "E", "1": "S", "10": "W"}, {"25": "N", "2": "N", "10": "N"}], "result": "SUCCESS", "makespan": 34, "sum": 995, "algo_name": "OutAndInByPercentage_dist_BFS_BIT_", "extra": {"arrival_order": [19, 29, 3, 12, 27, 15, 35, 39, 32, 26, 20, 44, 18, 54, 45, 23, 67, 49, 38, 37, 25, 13, 31, 64, 51, 66, 21, 55, 34, 14, 4, 52, 48, 5, 41, 62, 42, 2, 58, 61, 0, 46, 65, 30, 68, 16, 8, 22, 9, 11, 6, 57, 63, 50, 1, 28, 17, 69, 36, 60, 43, 24, 53, 33, 7, 56, 10, 59, 40, 47], "time_arrived": [428, 647, 396, 46, 338, 361, 561, 858, 509, 535, 903, 549, 50, 257, 332, 62, 489, 681, 119, 22, 101, 318, 523, 157, 788, 237, 92, 56, 662, 33, 462, 278, 84, 832, 326, 69, 723, 219, 205, 76, 947, 369, 387, 765, 110, 144, 438, 971, 354, 189, 622, 313, 347, 810, 129, 322, 883, 576, 406, 927, 740, 416, 378, 599, 295, 449, 315, 171, 473, 705], "BIT_runs": 1, "old_makespan": 971, "old_sum": 1291, "improved": "[3, 12, 27, 15, 35, 39, 32, 26, 20, 44, 18, 54, 45, 23, 67, 49, 38, 37, 25, 13, 31, 64, 51, 66, 21, 55, 34, 14, 4, 52, 48, 5, 41, 62, 42, 2, 58, 61, 0, 46, 65, 30, 68, 16, 8, 22, 9, 11, 6, 57, 63, 50, 1, 28, 17, 69, 36, 60, 43, 24, 53, 33, 7, 56, 10, 59, 40, 47],", "goal_raise_for_bs": 32}}