{"instance": "small_free_000_10x10_30_30", "steps": [{"17": "N", "11": "W", "4": "S", "5": "N", "6": "N", "14": "E", "26": "W", "19": "W", "0": "E", "9": "E", "24": "S", "15": "N", "23": "S", "22": "W", "29": "W", "16": "W", "3": "E", "20": "W", "1": "W", "13": "W", "8": "S", "10": "W", "28": "W", "7": "S", "18": "W"}, {"17": "N", "11": "W", "4": "E", "6": "E", "14": "E", "19": "W", "0": "E", "2": "N", "9": "E", "25": "W", "24": "S", "15": "N", "23": "W", "22": "S", "29": "N", "3": "N", "1": "N", "13": "S", "8": "S", "28": "S", "7": "S", "18": "N"}, {"11": "W", "6": "E", "14": "E", "26": "W", "19": "W", "21": "S", "9": "E", "25": "W", "24": "S", "15": "W", "23": "W", "27": "E", "22": "W", "29": "N", "16": "S", "3": "E", "20": "S", "1": "N", "13": "S", "8": "S", "28": "S", "12": "N", "7": "S", "18": "N"}, {"11": "W", "4": "S", "5": "N", "6": "S", "14": "E", "26": "W", "19": "N", "21": "S", "24": "S", "15": "W", "23": "W", "22": "N", "29": "N", "16": "E", "3": "N", "20": "W", "1": "N", "8": "S", "10": "W", "28": "W", "12": "W", "18": "N"}, {"11": "W", "4": "S", "6": "S", "14": "E", "26": "W", "19": "N", "2": "N", "21": "W", "24": "S", "15": "W", "23": "W", "16": "E", "3": "W", "20": "W", "10": "W", "28": "W", "12": "N", "7": "S", "18": "N"}, {"11": "N", "4": "S", "6": "S", "14": "N", "19": "E", "0": "S", "2": "N", "21": "S", "24": "E", "15": "S", "23": "S", "27": "S", "22": "S", "29": "E", "16": "E", "3": "N", "20": "W", "10": "S", "28": "W", "12": "N", "18": "W"}, {"11": "W", "4": "S", "6": "S", "14": "W", "19": "E", "0": "S", "21": "S", "24": "N", "15": "S", "23": "S", "27": "S", "22": "S", "29": "N", "16": "E", "20": "W", "28": "W", "12": "E", "18": "N"}, {"11": "N", "6": "E", "14": "W", "19": "E", "0": "S", "21": "S", "24": "N", "15": "S", "27": "S", "22": "S", "29": "W", "16": "S", "10": "E", "28": "W", "18": "W"}, {"17": "S", "11": "N", "14": "W", "19": "E", "21": "S", "24": "N", "15": "S", "23": "W", "27": "W", "22": "E", "29": "W", "16": "E", "20": "S", "10": "S", "28": "W", "18": "N"}, {"17": "S", "11": "E", "14": "W", "21": "S", "24": "N", "23": "W", "27": "S", "29": "W", "16": "E", "20": "W", "13": "S", "10": "S", "28": "N", "7": "N"}, {"17": "S", "11": "E", "14": "W", "21": "E", "24": "N", "23": "W", "27": "S", "29": "W", "16": "N", "20": "W", "28": "N"}, {"17": "S", "11": "E", "14": "W", "23": "W", "29": "W", "16": "N", "3": "S", "20": "N", "13": "N", "10": "E", "28": "W", "18": "S"}, {"17": "S", "11": "E", "14": "W", "19": "E", "16": "E", "20": "E", "10": "S", "28": "N"}, {"17": "S", "11": "E", "14": "W", "19": "E", "16": "N", "10": "S", "28": "N", "18": "S"}, {"17": "S", "11": "E", "14": "W", "26": "E", "19": "E", "16": "N", "3": "N", "10": "S", "28": "N", "18": "W"}, {"17": "S", "11": "E", "14": "W", "19": "E", "0": "W", "25": "E", "16": "E", "10": "W", "28": "E", "18": "W"}, {"17": "S", "11": "E", "14": "S", "19": "E", "0": "W", "25": "S", "16": "N", "10": "S", "18": "N"}, {"17": "S", "11": "E", "26": "W", "19": "E", "25": "S", "16": "E", "18": "N"}, {"17": "E", "11": "E", "19": "E", "0": "E", "25": "W", "10": "E", "18": "N"}, {"17": "E", "11": "E", "19": "E", "0": "E", "25": "S", "10": "S"}, {"17": "E", "25": "S", "8": "S", "10": "S"}, {"17": "E", "25": "S", "10": "S"}, {"17": "E", "10": "W"}, {"8": "N", "10": "N"}], "result": "SUCCESS", "makespan": 24, "sum": 295, "algo_name": "OutAndInByPercentage_rand_BIT_", "extra": {"arrival_order": [17, 11, 4, 5, 6, 14, 26, 19, 0, 2, 21, 9, 25, 24, 15, 23, 27, 22, 29, 16, 3, 20, 1, 13, 8, 10, 28, 12, 7, 18], "time_arrived": [109, 246, 117, 233, 46, 51, 63, 310, 260, 132, 277, 37, 300, 251, 75, 157, 220, 23, 324, 101, 243, 126, 194, 172, 149, 144, 86, 187, 293, 205], "BIT_runs": 1, "old_makespan": 324, "old_sum": 437, "improved": "[11, 4, 5, 6, 14, 26, 19, 0, 2, 21, 9, 25, 24, 15, 23, 27, 22, 29, 16, 3, 20, 1, 13, 8, 10, 28, 12, 7, 18],", "goal_raise_for_bs": 32}}