{"instance": "small_free_003_10x10_70_70", "steps": [{"3": "N", "29": "W", "32": "S", "20": "W", "27": "W", "26": "W", "54": "E", "44": "E", "18": "W", "67": "S", "45": "W", "51": "N", "25": "N", "23": "W", "15": "W", "13": "E", "66": "N", "57": "S", "60": "N", "58": "N", "61": "N", "48": "N", "14": "W", "4": "W", "62": "E", "59": "S", "53": "S", "42": "W", "41": "S", "40": "W", "30": "S", "22": "N", "9": "E", "68": "W", "56": "S", "55": "W", "47": "S", "43": "E", "33": "E", "28": "E", "24": "E", "17": "S", "11": "S", "5": "S", "2": "S"}, {"3": "N", "29": "N", "19": "S", "32": "E", "20": "W", "49": "E", "27": "W", "26": "W", "54": "E", "44": "E", "31": "N", "67": "S", "45": "W", "38": "W", "51": "N", "37": "N", "25": "N", "23": "W", "15": "S", "13": "E", "12": "E", "66": "N", "57": "S", "60": "W", "52": "N", "63": "S", "48": "N", "16": "S", "14": "W", "10": "W", "8": "S", "4": "W", "0": "S", "69": "S", "62": "E", "59": "E", "53": "E", "42": "S", "41": "S", "40": "S", "30": "S", "22": "N", "21": "N", "9": "S", "1": "E", "68": "N", "55": "N", "43": "E", "36": "E", "34": "S", "24": "E", "17": "E", "7": "W", "5": "S", "2": "S"}, {"3": "N", "29": "W", "19": "S", "32": "E", "20": "S", "49": "S", "27": "S", "26": "W", "64": "S", "54": "E", "44": "E", "31": "N", "67": "S", "45": "W", "51": "N", "25": "N", "23": "W", "15": "S", "13": "E", "12": "N", "66": "N", "57": "E", "60": "N", "52": "N", "63": "W", "48": "E", "16": "S", "8": "S", "4": "W", "0": "W", "59": "E", "53": "S", "50": "S", "40": "S", "22": "E", "68": "N", "56": "N", "55": "N", "47": "S", "46": "E", "43": "S", "34": "S", "33": "N", "28": "N", "24": "N", "17": "E", "11": "S", "7": "S", "5": "S", "2": "S"}, {"3": "N", "29": "W", "19": "S", "32": "E", "49": "S", "27": "S", "26": "N", "64": "S", "54": "E", "44": "E", "35": "N", "31": "N", "67": "S", "45": "W", "51": "N", "37": "N", "25": "N", "23": "S", "15": "S", "13": "S", "66": "N", "60": "N", "58": "E", "52": "N", "63": "N", "48": "E", "16": "E", "10": "E", "4": "S", "69": "E", "59": "E", "53": "E", "50": "S", "40": "W", "30": "S", "22": "E", "9": "S", "1": "E", "68": "W", "56": "W", "55": "E", "46": "E", "36": "E", "34": "W", "33": "W", "17": "E", "11": "S", "7": "W", "5": "S", "2": "S"}, {"3": "N", "29": "W", "19": "S", "49": "S", "27": "S", "26": "N", "64": "S", "54": "E", "44": "E", "35": "N", "31": "N", "45": "S", "38": "N", "51": "N", "37": "N", "25": "W", "23": "E", "13": "S", "57": "E", "60": "W", "58": "E", "63": "E", "61": "E", "16": "E", "14": "N", "10": "S", "4": "E", "0": "W", "69": "E", "65": "E", "62": "S", "59": "E", "53": "E", "42": "N", "41": "E", "40": "S", "30": "W", "22": "E", "9": "S", "1": "N", "68": "W", "56": "N", "47": "N", "43": "S", "33": "W", "28": "S", "17": "E", "11": "E", "7": "S"}, {"3": "N", "29": "W", "19": "S", "49": "S", "64": "E", "44": "S", "35": "N", "31": "N", "67": "S", "39": "S", "38": "E", "51": "N", "37": "N", "25": "S", "23": "E", "13": "W", "57": "S", "60": "W", "58": "S", "63": "N", "16": "E", "10": "W", "8": "E", "0": "W", "69": "E", "59": "E", "53": "E", "50": "W", "41": "E", "40": "W", "30": "W", "22": "S", "9": "S", "68": "S", "56": "W", "47": "E", "43": "S", "36": "S", "34": "E", "33": "W", "28": "S", "24": "N", "17": "N", "7": "S", "2": "S"}, {"29": "W", "19": "S", "49": "E", "26": "E", "64": "E", "44": "S", "18": "E", "39": "E", "38": "E", "51": "E", "25": "S", "23": "N", "13": "W", "57": "E", "60": "N", "52": "N", "16": "N", "14": "S", "8": "S", "69": "E", "65": "S", "62": "E", "59": "E", "53": "E", "42": "S", "41": "S", "40": "W", "30": "W", "22": "S", "68": "W", "56": "N", "47": "E", "43": "S", "33": "N", "28": "E", "24": "W", "17": "E", "11": "E", "7": "S", "2": "W"}, {"29": "W", "19": "E", "64": "E", "54": "S", "44": "W", "31": "E", "45": "N", "39": "N", "38": "S", "51": "S", "25": "S", "23": "E", "13": "W", "12": "S", "60": "W", "52": "N", "61": "E", "16": "E", "14": "S", "8": "S", "0": "S", "69": "E", "65": "S", "53": "E", "50": "N", "42": "S", "41": "S", "40": "W", "30": "W", "22": "S", "21": "E", "9": "E", "68": "W", "56": "N", "47": "E", "43": "E", "36": "E", "33": "N", "28": "S", "17": "E", "11": "N", "7": "S", "6": "E", "5": "N", "2": "W"}, {"29": "N", "64": "E", "54": "W", "44": "W", "31": "S", "45": "E", "39": "E", "38": "E", "51": "E", "25": "S", "23": "E", "13": "W", "57": "S", "60": "N", "52": "W", "63": "N", "61": "E", "16": "N", "14": "S", "10": "E", "8": "S", "0": "W", "69": "S", "59": "E", "53": "E", "42": "S", "41": "S", "40": "W", "30": "N", "22": "S", "21": "E", "68": "W", "56": "N", "47": "E", "46": "E", "43": "E", "36": "S", "34": "W", "33": "W", "28": "E", "17": "E", "11": "E", "7": "S", "6": "E", "5": "N", "2": "W"}, {"64": "E", "54": "W", "44": "W", "31": "S", "45": "E", "39": "E", "38": "S", "51": "S", "25": "S", "23": "E", "13": "W", "57": "E", "60": "N", "52": "N", "63": "N", "16": "N", "10": "S", "8": "S", "0": "S", "69": "E", "59": "E", "53": "E", "41": "S", "40": "W", "30": "N", "22": "S", "1": "N", "68": "S", "56": "N", "47": "E", "46": "E", "43": "N", "36": "S", "33": "S", "28": "S", "24": "W", "17": "N", "11": "E", "7": "E", "6": "N", "5": "N", "2": "W"}, {"54": "W", "44": "W", "31": "W", "67": "W", "45": "E", "38": "E", "51": "S", "37": "N", "25": "S", "23": "E", "13": "S", "12": "N", "57": "E", "63": "N", "16": "N", "10": "W", "8": "E", "69": "E", "59": "N", "53": "E", "41": "W", "40": "N", "22": "E", "21": "W", "1": "N", "68": "S", "56": "N", "47": "E", "46": "N", "43": "E", "36": "S", "33": "W", "28": "S", "24": "N", "17": "N", "11": "E", "7": "S", "6": "N", "2": "N"}, {"54": "S", "44": "W", "31": "W", "67": "N", "45": "S", "39": "S", "38": "E", "51": "S", "37": "N", "25": "S", "23": "N", "13": "S", "57": "N", "52": "W", "63": "N", "16": "E", "10": "S", "8": "S", "4": "S", "0": "N", "69": "S", "59": "N", "53": "N", "50": "N", "41": "W", "40": "W", "22": "S", "21": "W", "9": "E", "1": "W", "68": "W", "43": "S", "36": "W", "34": "W", "33": "W", "28": "S", "24": "N", "17": "N", "11": "E", "7": "E", "6": "N", "5": "E", "2": "N"}, {"54": "S", "44": "W", "31": "W", "67": "N", "45": "S", "39": "E", "38": "E", "51": "S", "37": "W", "25": "W", "23": "N", "13": "W", "12": "S", "52": "W", "63": "N", "16": "N", "10": "W", "8": "W", "4": "S", "0": "E", "69": "S", "65": "E", "59": "N", "53": "N", "50": "N", "42": "W", "41": "W", "40": "N", "30": "S", "22": "E", "21": "S", "9": "E", "1": "N", "68": "S", "56": "N", "43": "E", "36": "S", "33": "W", "28": "S", "24": "N", "17": "N", "7": "E", "6": "W", "5": "S"}, {"3": "W", "54": "W", "44": "N", "31": "S", "67": "N", "45": "E", "39": "N", "38": "E", "51": "S", "37": "W", "25": "S", "23": "N", "13": "W", "52": "S", "14": "W", "10": "W", "69": "S", "62": "E", "59": "N", "53": "N", "50": "W", "41": "N", "40": "N", "22": "S", "21": "S", "9": "S", "1": "N", "68": "S", "56": "E", "47": "E", "36": "W", "33": "W", "28": "S", "24": "W", "17": "W", "7": "E", "6": "W", "5": "E"}, {"3": "S", "54": "W", "44": "N", "31": "S", "67": "W", "45": "E", "38": "S", "51": "S", "37": "S", "25": "S", "23": "N", "13": "W", "52": "S", "10": "S", "8": "N", "69": "S", "62": "N", "59": "W", "53": "N", "50": "W", "41": "N", "40": "N", "9": "S", "1": "N", "56": "E", "47": "N", "46": "S", "43": "E", "36": "S", "33": "W", "28": "S", "24": "W", "17": "W", "11": "N", "7": "E", "6": "N", "5": "N", "2": "N"}, {"3": "S", "54": "W", "44": "W", "31": "S", "67": "W", "45": "E", "38": "W", "51": "S", "37": "S", "25": "S", "23": "W", "13": "W", "12": "N", "58": "W", "52": "S", "16": "N", "10": "W", "8": "E", "69": "W", "65": "W", "62": "N", "59": "N", "53": "W", "50": "W", "42": "E", "40": "N", "30": "W", "22": "W", "9": "W", "1": "W", "56": "E", "47": "E", "36": "W", "34": "S", "33": "W", "28": "W", "24": "W", "17": "W", "7": "E", "6": "N", "5": "N"}, {"3": "S", "54": "S", "31": "S", "67": "W", "45": "N", "38": "S", "51": "S", "37": "S", "25": "S", "13": "W", "52": "S", "16": "N", "14": "E", "10": "W", "8": "S", "69": "S", "62": "W", "59": "N", "53": "N", "41": "W", "40": "W", "30": "N", "22": "S", "21": "E", "9": "W", "1": "W", "56": "N", "47": "E", "46": "E", "43": "E", "36": "W", "34": "S", "33": "S", "28": "W", "24": "W", "17": "N", "7": "N", "6": "N"}, {"3": "S", "31": "S", "67": "N", "45": "N", "51": "E", "37": "S", "25": "S", "12": "E", "58": "E", "52": "S", "8": "W", "4": "S", "69": "S", "65": "E", "59": "W", "53": "N", "41": "N", "40": "N", "30": "N", "22": "W", "9": "S", "1": "W", "56": "E", "47": "N", "46": "N", "43": "S", "36": "W", "34": "E", "33": "S", "28": "S", "24": "W", "17": "N", "7": "E", "6": "N"}, {"3": "S", "31": "S", "67": "N", "45": "E", "51": "S", "37": "S", "25": "S", "13": "W", "52": "S", "16": "S", "4": "S", "69": "W", "62": "N", "59": "N", "53": "N", "50": "W", "42": "W", "40": "N", "30": "W", "21": "W", "9": "W", "1": "S", "56": "E", "47": "W", "46": "W", "43": "E", "36": "W", "34": "S", "28": "W", "24": "N", "17": "N", "11": "E", "7": "E", "6": "N", "5": "W"}, {"3": "S", "31": "S", "67": "W", "45": "N", "51": "S", "37": "S", "25": "E", "13": "W", "52": "S", "16": "S", "10": "E", "8": "E", "0": "N", "69": "W", "62": "N", "50": "S", "42": "S", "40": "N", "30": "W", "1": "S", "56": "N", "47": "N", "43": "E", "36": "W", "34": "E", "33": "S", "28": "W", "24": "W", "17": "W", "11": "E", "7": "E", "6": "W", "5": "S"}, {"3": "S", "31": "S", "67": "N", "45": "E", "51": "S", "37": "S", "25": "N", "13": "N", "12": "S", "52": "E", "4": "N", "0": "W", "69": "W", "62": "N", "50": "E", "42": "S", "40": "E", "30": "N", "1": "S", "56": "N", "47": "N", "46": "W", "43": "N", "36": "W", "34": "N", "28": "W", "24": "W", "17": "N", "11": "N", "7": "E", "6": "W", "5": "E", "2": "N"}, {"3": "S", "31": "S", "67": "N", "45": "E", "51": "S", "37": "S", "25": "E", "13": "N", "12": "W", "52": "E", "14": "W", "10": "W", "8": "W", "4": "N", "0": "S", "69": "N", "50": "S", "42": "S", "40": "N", "30": "N", "1": "W", "56": "E", "47": "N", "46": "N", "43": "N", "36": "N", "34": "N", "28": "N", "24": "W", "17": "N", "11": "N", "7": "E", "6": "N", "5": "N"}, {"3": "S", "67": "N", "51": "E", "37": "S", "13": "N", "12": "N", "4": "N", "0": "E", "62": "W", "42": "S", "40": "E", "30": "E", "1": "W", "56": "E", "47": "N", "46": "N", "43": "N", "36": "N", "34": "N", "28": "N", "24": "S", "17": "N", "6": "W", "2": "N"}, {"3": "S", "67": "E", "51": "S", "37": "S", "13": "N", "14": "E", "4": "N", "30": "E", "1": "W", "56": "S", "47": "N", "46": "N", "43": "N", "36": "N", "24": "S", "17": "W", "11": "W", "7": "E", "6": "W"}, {"3": "S", "37": "S", "13": "E", "42": "E", "30": "E", "1": "S", "56": "S", "47": "N", "46": "N", "43": "W", "24": "S", "17": "W", "11": "N", "7": "N", "6": "W"}, {"3": "S", "37": "S", "1": "S", "56": "S", "47": "W", "46": "N", "43": "N", "24": "S", "17": "W", "11": "N", "7": "N", "6": "S"}, {"0": "W", "56": "E", "47": "N", "46": "N", "43": "N", "24": "S", "17": "S", "11": "W", "7": "N", "6": "S"}, {"50": "S", "56": "S", "47": "W", "46": "W", "17": "S", "7": "N", "6": "S"}, {"50": "S", "56": "E", "17": "S", "7": "N", "6": "S"}, {"17": "W", "7": "W"}], "result": "SUCCESS", "makespan": 30, "sum": 1011, "algo_name": "OutAndInByPercentage_BIT_", "extra": {"arrival_order": [3, 29, 19, 32, 20, 49, 27, 26, 64, 54, 44, 35, 31, 18, 67, 45, 39, 38, 51, 37, 25, 23, 15, 13, 12, 66, 57, 60, 58, 52, 63, 61, 48, 16, 14, 10, 8, 4, 0, 69, 65, 62, 59, 53, 50, 42, 41, 40, 30, 22, 21, 9, 1, 68, 56, 55, 47, 46, 43, 36, 34, 33, 28, 24, 17, 11, 7, 6, 5, 2], "time_arrived": [474, 681, 959, 26, 462, 950, 943, 925, 456, 658, 436, 899, 305, 301, 418, 281, 412, 885, 162, 46, 63, 646, 643, 275, 860, 262, 91, 83, 837, 37, 629, 153, 54, 822, 800, 138, 796, 246, 214, 198, 616, 596, 586, 778, 129, 191, 753, 741, 394, 77, 577, 232, 356, 558, 118, 717, 713, 320, 345, 540, 335, 387, 518, 377, 108, 509, 307, 176, 692, 498], "BIT_runs": 1, "old_makespan": 959, "old_sum": 1279, "improved": "[29, 19, 32, 20, 49, 27, 26, 64, 54, 44, 35, 31, 18, 67, 45, 39, 38, 51, 37, 25, 23, 15, 13, 12, 66, 57, 60, 58, 52, 63, 61, 48, 16, 14, 10, 8, 4, 0, 69, 65, 62, 59, 53, 50, 42, 41, 40, 30, 22, 21, 9, 1, 68, 56, 55, 47, 46, 43, 36, 34, 33, 28, 24, 17, 11, 7, 6, 5, 2],", "goal_raise_for_bs": 32}}