{"instance": "small_free_002_10x10_50_50", "steps": [{"42": "S", "44": "S", "3": "E", "35": "E", "38": "W", "23": "E", "25": "W", "13": "S", "7": "E", "43": "E", "8": "W", "39": "N", "19": "S", "20": "E", "45": "W", "47": "E", "32": "E", "17": "N", "18": "S", "5": "E", "34": "N", "0": "N", "33": "N", "4": "E", "15": "E", "49": "S", "16": "S", "1": "E", "21": "W", "46": "N", "37": "N", "12": "N", "40": "E", "27": "S", "26": "N", "10": "N", "28": "N", "30": "N", "48": "E", "22": "E"}, {"42": "S", "14": "E", "44": "S", "3": "E", "35": "E", "38": "S", "23": "E", "25": "W", "13": "S", "7": "E", "41": "W", "8": "W", "39": "W", "2": "W", "19": "E", "20": "S", "45": "W", "32": "N", "17": "W", "0": "E", "33": "E", "4": "E", "31": "E", "49": "S", "16": "S", "46": "N", "37": "N", "12": "N", "6": "S", "11": "N", "27": "S", "26": "N", "10": "N", "30": "N", "48": "E", "22": "N"}, {"42": "S", "14": "S", "44": "S", "3": "N", "38": "W", "23": "N", "25": "S", "13": "S", "7": "E", "43": "E", "41": "N", "8": "W", "39": "N", "2": "W", "19": "N", "20": "S", "45": "N", "47": "S", "32": "E", "18": "S", "5": "S", "34": "N", "0": "S", "33": "N", "36": "S", "4": "E", "31": "S", "49": "S", "16": "S", "46": "N", "37": "E", "12": "N", "6": "W", "27": "S", "26": "N", "9": "E", "10": "N", "28": "E", "30": "N", "48": "N", "22": "N"}, {"42": "S", "24": "N", "14": "S", "44": "E", "35": "E", "38": "W", "23": "E", "25": "S", "13": "E", "7": "S", "43": "E", "8": "S", "39": "N", "2": "N", "20": "S", "32": "E", "17": "N", "18": "S", "5": "E", "34": "N", "33": "E", "36": "S", "49": "W", "21": "N", "46": "W", "12": "W", "6": "W", "27": "S", "26": "N", "10": "N", "30": "N", "48": "N", "22": "N"}, {"42": "S", "24": "N", "14": "E", "44": "E", "3": "E", "35": "E", "38": "W", "23": "E", "25": "S", "13": "E", "7": "W", "43": "E", "8": "E", "39": "W", "2": "W", "20": "S", "32": "E", "18": "S", "5": "N", "34": "E", "0": "E", "29": "W", "36": "S", "4": "S", "31": "N", "49": "W", "16": "N", "21": "W", "46": "S", "12": "N", "6": "N", "40": "W", "11": "N", "9": "N", "10": "N", "28": "N", "30": "N", "48": "N", "22": "W"}, {"42": "S", "24": "N", "14": "E", "35": "E", "38": "W", "23": "E", "25": "S", "13": "N", "7": "W", "43": "E", "8": "E", "39": "W", "20": "S", "47": "N", "32": "E", "17": "N", "18": "S", "5": "E", "34": "N", "0": "E", "33": "S", "29": "W", "36": "S", "4": "W", "15": "W", "49": "S", "16": "N", "1": "E", "21": "W", "46": "S", "37": "E", "12": "W", "6": "N", "40": "N", "11": "W", "27": "E", "9": "E", "10": "N", "28": "N", "30": "E", "22": "N"}, {"42": "W", "14": "E", "35": "N", "38": "W", "23": "N", "13": "N", "7": "W", "43": "E", "8": "N", "39": "W", "19": "N", "20": "E", "18": "W", "5": "E", "34": "N", "0": "E", "33": "E", "29": "W", "4": "W", "15": "N", "49": "W", "16": "W", "1": "E", "21": "W", "46": "E", "37": "S", "12": "W", "6": "N", "40": "N", "11": "S", "27": "E", "9": "N", "10": "E", "28": "N", "30": "N", "48": "N", "22": "N"}, {"14": "E", "35": "E", "38": "W", "23": "E", "13": "N", "7": "W", "43": "E", "8": "N", "39": "N", "19": "N", "20": "S", "32": "E", "18": "W", "5": "S", "34": "N", "33": "N", "29": "W", "4": "W", "15": "W", "31": "W", "16": "W", "1": "E", "21": "W", "46": "S", "37": "S", "12": "S", "40": "W", "11": "S", "9": "E", "10": "E", "30": "E", "22": "W"}, {"3": "S", "35": "N", "38": "W", "23": "N", "7": "W", "8": "N", "20": "E", "32": "N", "17": "S", "18": "S", "5": "E", "34": "E", "33": "N", "29": "S", "4": "W", "15": "W", "16": "N", "1": "S", "46": "E", "37": "S", "12": "S", "40": "W", "11": "S", "27": "E", "26": "S", "9": "S", "10": "S", "30": "E", "22": "N"}, {"42": "N", "3": "W", "35": "N", "38": "S", "23": "N", "7": "W", "8": "N", "2": "S", "20": "S", "32": "E", "17": "S", "5": "E", "34": "E", "29": "W", "4": "W", "15": "W", "49": "N", "16": "N", "1": "E", "46": "E", "37": "E", "12": "S", "40": "W", "11": "S", "27": "S", "26": "E", "9": "E", "10": "S", "28": "N", "30": "S", "48": "N", "22": "W"}, {"42": "N", "3": "W", "35": "W", "38": "S", "23": "W", "7": "W", "8": "E", "20": "S", "32": "E", "17": "S", "5": "N", "34": "E", "33": "E", "29": "S", "4": "W", "15": "S", "49": "N", "16": "N", "1": "N", "46": "E", "12": "S", "40": "W", "11": "E", "27": "E", "26": "E", "9": "E", "10": "E", "28": "W", "30": "E", "48": "N", "22": "W"}, {"42": "N", "24": "W", "3": "W", "35": "W", "38": "S", "23": "W", "7": "N", "8": "E", "2": "N", "19": "W", "47": "S", "32": "S", "17": "E", "18": "N", "5": "N", "34": "E", "33": "N", "29": "S", "4": "W", "15": "W", "49": "W", "16": "N", "1": "E", "46": "E", "37": "E", "12": "W", "40": "W", "27": "E", "26": "S", "9": "S", "10": "S", "28": "N", "30": "S", "22": "W"}, {"42": "N", "24": "S", "3": "W", "35": "W", "38": "S", "23": "W", "7": "N", "8": "E", "2": "N", "19": "N", "47": "S", "17": "N", "5": "W", "34": "E", "33": "E", "29": "S", "4": "W", "15": "S", "31": "S", "49": "W", "16": "N", "46": "E", "37": "S", "12": "S", "40": "W", "11": "E", "27": "N", "26": "E", "9": "W", "10": "E", "28": "W", "30": "E", "48": "N", "22": "W"}, {"42": "N", "24": "S", "3": "W", "35": "W", "38": "S", "23": "W", "7": "N", "8": "E", "2": "N", "19": "N", "5": "N", "34": "E", "33": "E", "29": "S", "4": "W", "15": "S", "49": "W", "16": "N", "21": "N", "46": "E", "37": "S", "12": "S", "40": "S", "11": "E", "27": "N", "26": "N", "9": "S", "10": "E", "30": "S", "48": "W", "22": "W"}, {"42": "N", "24": "S", "3": "N", "35": "W", "23": "W", "7": "N", "8": "E", "39": "W", "2": "N", "19": "N", "47": "N", "34": "E", "33": "E", "29": "S", "4": "W", "31": "W", "49": "N", "16": "W", "46": "E", "37": "W", "12": "S", "40": "S", "11": "S", "27": "N", "26": "E", "9": "S", "10": "E", "28": "W", "30": "E", "48": "W", "22": "W"}, {"42": "N", "24": "S", "3": "N", "35": "W", "23": "W", "7": "N", "8": "N", "19": "N", "47": "N", "34": "E", "29": "S", "4": "S", "49": "N", "16": "N", "21": "N", "46": "E", "37": "S", "12": "S", "11": "S", "27": "N", "26": "E", "10": "E", "28": "N", "30": "E", "48": "W", "22": "W"}, {"42": "N", "24": "W", "35": "W", "23": "W", "7": "N", "8": "E", "19": "E", "29": "E", "15": "E", "49": "N", "16": "N", "46": "S", "37": "W", "12": "S", "40": "W", "11": "W", "27": "N", "26": "S", "10": "S", "48": "W", "22": "W"}, {"42": "N", "24": "S", "35": "W", "23": "N", "7": "N", "39": "E", "19": "E", "33": "N", "29": "E", "49": "N", "16": "N", "21": "S", "46": "W", "37": "W", "12": "S", "11": "W", "27": "N", "9": "W", "10": "E", "28": "N", "30": "W", "48": "S", "22": "S"}, {"42": "E", "24": "E", "35": "N", "23": "N", "7": "W", "33": "N", "4": "S", "16": "W", "46": "S", "37": "W", "12": "S", "40": "S", "11": "S", "27": "N", "26": "E", "9": "S", "10": "S", "28": "W", "48": "W", "22": "S"}, {"42": "E", "24": "E", "35": "W", "7": "W", "19": "W", "33": "W", "4": "S", "31": "E", "16": "W", "46": "S", "37": "W", "12": "E", "40": "E", "11": "W", "27": "N", "26": "S", "10": "S", "28": "W", "30": "W", "48": "W", "22": "S"}, {"42": "E", "24": "E", "7": "W", "31": "E", "16": "W", "21": "S", "46": "S", "37": "S", "11": "W", "27": "W", "26": "W", "10": "W", "28": "S", "48": "S"}, {"42": "E", "24": "E", "7": "N", "46": "S", "37": "S", "40": "N", "11": "S", "27": "W", "26": "W", "10": "W", "48": "S"}, {"46": "W", "26": "S", "10": "S", "30": "S", "48": "S"}, {"48": "E"}, {"48": "E"}], "result": "SUCCESS", "makespan": 25, "sum": 664, "algo_name": "OutAndInByPercentage_rand_BIT_", "extra": {"arrival_order": [42, 24, 14, 44, 3, 35, 38, 23, 25, 13, 7, 43, 41, 8, 39, 2, 19, 20, 45, 47, 32, 17, 18, 5, 34, 0, 33, 29, 36, 4, 15, 31, 49, 16, 1, 21, 46, 37, 12, 6, 40, 11, 27, 26, 9, 10, 28, 30, 48, 22], "time_arrived": [304, 421, 184, 60, 362, 275, 498, 128, 161, 567, 583, 529, 488, 109, 41, 374, 412, 250, 263, 202, 219, 434, 650, 98, 31, 105, 557, 545, 599, 339, 610, 380, 244, 323, 296, 73, 346, 471, 88, 175, 511, 149, 22, 143, 52, 225, 453, 231, 632, 391], "BIT_runs": 1, "old_makespan": 650, "old_sum": 858, "improved": "[24, 14, 44, 3, 35, 38, 23, 25, 13, 7, 43, 41, 8, 39, 2, 19, 20, 45, 47, 32, 17, 18, 5, 34, 0, 33, 29, 36, 4, 15, 31, 49, 16, 1, 21, 46, 37, 12, 6, 40, 11, 27, 26, 9, 10, 28, 30, 48, 22],", "goal_raise_for_bs": 32}}