{"instance": "small_free_001_10x10_40_40", "steps": [{"21": "S", "3": "W", "35": "N", "0": "N", "28": "N", "26": "W", "1": "S", "4": "W", "31": "E", "27": "E", "22": "W", "11": "N", "19": "W", "39": "W", "34": "E", "24": "N", "10": "N", "5": "E", "36": "N", "30": "W", "29": "W", "18": "W", "16": "S", "8": "W", "7": "N", "38": "N", "33": "W", "20": "W", "17": "W", "13": "W"}, {"21": "S", "3": "W", "35": "W", "15": "W", "0": "N", "28": "N", "26": "W", "1": "W", "4": "W", "31": "E", "27": "E", "22": "W", "11": "N", "39": "W", "34": "S", "10": "E", "5": "N", "37": "S", "36": "W", "30": "N", "29": "W", "25": "N", "23": "S", "18": "W", "16": "S", "8": "N", "7": "E", "38": "N", "17": "W", "14": "E", "13": "W"}, {"21": "S", "3": "N", "35": "S", "0": "W", "28": "W", "26": "W", "1": "W", "4": "W", "31": "E", "27": "S", "22": "W", "11": "N", "39": "W", "34": "S", "32": "S", "9": "W", "5": "N", "37": "S", "36": "N", "30": "W", "29": "N", "25": "N", "18": "W", "8": "N", "7": "E", "2": "S", "33": "W", "20": "E", "17": "S", "13": "W", "12": "N", "6": "N"}, {"3": "N", "0": "S", "28": "W", "26": "W", "4": "N", "27": "E", "22": "N", "11": "E", "19": "W", "39": "W", "34": "S", "32": "S", "24": "N", "9": "S", "5": "N", "37": "E", "36": "N", "29": "E", "25": "E", "23": "S", "18": "N", "8": "E", "7": "N", "38": "W", "33": "W", "20": "N", "17": "S", "6": "N"}, {"3": "N", "0": "S", "28": "W", "26": "S", "31": "S", "27": "S", "22": "N", "11": "E", "19": "S", "39": "W", "34": "S", "32": "S", "24": "E", "10": "E", "9": "S", "5": "E", "37": "E", "36": "N", "25": "E", "23": "S", "7": "E", "38": "S", "33": "W", "20": "N", "17": "S", "12": "W", "6": "W"}, {"3": "N", "0": "S", "28": "W", "26": "S", "4": "W", "31": "S", "27": "S", "11": "E", "19": "W", "34": "S", "32": "S", "24": "E", "10": "N", "9": "S", "36": "W", "29": "W", "23": "S", "18": "E", "7": "E", "2": "N", "38": "S", "33": "W", "20": "N", "17": "E", "14": "N", "13": "S", "6": "W"}, {"15": "S", "0": "S", "28": "W", "26": "E", "1": "S", "31": "S", "27": "S", "22": "S", "19": "S", "34": "S", "32": "S", "24": "N", "10": "N", "9": "E", "36": "N", "25": "S", "23": "E", "18": "N", "7": "E", "2": "E", "38": "W", "33": "N", "20": "N", "17": "E", "14": "E", "13": "W", "12": "N", "6": "W"}, {"0": "S", "28": "W", "26": "E", "27": "E", "19": "E", "34": "W", "32": "S", "10": "W", "9": "E", "37": "E", "36": "E", "30": "E", "29": "W", "25": "S", "23": "E", "18": "N", "7": "E", "2": "E", "38": "W", "33": "W", "20": "E", "17": "E", "14": "E", "13": "S", "12": "E", "6": "W"}, {"15": "S", "0": "E", "28": "W", "26": "E", "4": "E", "19": "E", "34": "S", "32": "E", "24": "N", "10": "N", "9": "E", "37": "E", "36": "E", "25": "S", "23": "E", "18": "W", "16": "S", "7": "E", "38": "S", "33": "N", "20": "E", "17": "S", "14": "E", "13": "W", "12": "S"}, {"15": "S", "0": "E", "26": "E", "22": "N", "34": "S", "24": "N", "10": "N", "9": "E", "37": "E", "29": "S", "25": "E", "23": "E", "18": "W", "16": "S", "7": "E", "2": "E", "38": "S", "33": "W", "20": "E", "17": "E", "14": "E", "13": "N", "12": "E"}, {"15": "S", "0": "E", "26": "E", "34": "S", "24": "E", "10": "E", "9": "E", "37": "E", "29": "W", "25": "S", "23": "E", "18": "N", "16": "W", "7": "S", "2": "S", "38": "S", "33": "W", "20": "E", "17": "E", "14": "S", "13": "N", "12": "E"}, {"15": "W", "0": "E", "26": "E", "34": "W", "24": "E", "9": "S", "29": "N", "23": "N", "18": "N", "38": "E", "33": "N", "20": "E", "17": "N", "14": "E", "13": "N", "12": "S", "6": "S"}, {"15": "W", "26": "E", "34": "W", "10": "N", "9": "E", "29": "N", "23": "E", "16": "E", "38": "S", "33": "N", "20": "E", "17": "E", "14": "E", "13": "E", "12": "E", "6": "S"}, {"21": "N", "15": "N", "26": "E", "34": "N", "10": "N", "29": "N", "23": "E", "38": "S", "33": "N", "20": "S", "14": "S", "13": "N", "12": "E"}, {"21": "N", "15": "N", "26": "E", "34": "N", "32": "W", "10": "E", "23": "S", "38": "S", "33": "N", "20": "E", "14": "E", "13": "N", "12": "E"}, {"21": "N", "15": "N", "26": "E", "34": "N", "37": "N", "23": "S", "38": "S", "33": "N", "20": "S", "14": "S", "13": "W", "12": "S"}, {"21": "N", "15": "N", "26": "E", "34": "N", "38": "S", "33": "N", "20": "E", "14": "E"}, {"21": "N", "15": "N", "26": "E", "34": "N", "38": "E", "33": "E", "20": "S", "14": "S"}, {"21": "N", "15": "N", "34": "N", "37": "S", "38": "E", "33": "N", "20": "E", "14": "S"}, {"21": "N", "3": "W", "15": "N", "34": "N", "32": "E", "38": "E", "33": "E", "20": "S", "14": "W"}, {"21": "N", "15": "N", "34": "N", "33": "E", "20": "S", "14": "S"}, {"21": "E", "3": "E", "33": "S"}], "result": "SUCCESS", "makespan": 22, "sum": 412, "algo_name": "OutAndInByPercentage_BIT_", "extra": {"arrival_order": [21, 3, 35, 15, 0, 28, 26, 1, 4, 31, 27, 22, 11, 19, 39, 34, 32, 24, 10, 9, 5, 37, 36, 30, 29, 25, 23, 18, 16, 8, 7, 2, 38, 33, 20, 17, 14, 13, 12, 6], "time_arrived": [65, 98, 364, 34, 106, 238, 488, 354, 340, 227, 214, 145, 482, 471, 455, 52, 331, 435, 314, 155, 423, 22, 139, 303, 200, 284, 92, 127, 78, 274, 261, 111, 185, 402, 174, 41, 258, 250, 380, 166], "BIT_runs": 1, "old_makespan": 488, "old_sum": 654, "improved": "[3, 35, 15, 0, 28, 26, 1, 4, 31, 27, 22, 11, 19, 39, 34, 32, 24, 10, 9, 5, 37, 36, 30, 29, 25, 23, 18, 16, 8, 7, 2, 38, 33, 20, 17, 14, 13, 12, 6],", "goal_raise_for_bs": 32}}