{"instance": "small_free_002_10x10_50_50", "steps": [{"0": "W", "1": "S", "2": "S", "3": "E", "4": "E", "5": "S", "7": "E", "8": "W", "12": "N", "13": "S", "16": "S", "20": "N", "21": "E", "22": "E", "23": "E", "24": "N", "32": "W", "34": "W", "38": "E", "46": "N", "9": "N", "11": "N", "14": "W", "18": "E", "28": "E", "33": "W", "35": "E", "36": "W", "39": "S", "40": "E", "41": "E", "44": "N", "49": "S", "6": "W", "10": "N", "19": "S", "29": "E", "31": "W", "37": "N", "43": "W", "48": "E", "15": "E", "17": "E", "25": "W", "45": "W", "47": "E", "26": "E", "27": "E", "30": "W", "42": "W"}, {"0": "W", "1": "S", "2": "S", "3": "E", "4": "E", "5": "S", "7": "E", "8": "W", "12": "N", "13": "S", "16": "S", "20": "N", "21": "E", "22": "E", "23": "E", "24": "N", "32": "W", "34": "W", "38": "E", "46": "N", "9": "N", "11": "N", "14": "W", "18": "E", "28": "E", "33": "W", "35": "E", "36": "W", "39": "S", "40": "E", "41": "E", "44": "N", "49": "S", "6": "W", "10": "N", "19": "S", "29": "E", "31": "W", "37": "N", "43": "W", "48": "E", "15": "E", "17": "E", "25": "W", "47": "E", "26": "E", "27": "E", "30": "W", "42": "W"}, {"3": "E", "4": "E", "5": "W", "7": "E", "8": "W", "13": "S", "16": "S", "21": "E", "22": "E", "24": "N", "32": "N", "46": "N", "9": "N", "11": "N", "14": "W", "18": "E", "28": "E", "35": "E", "36": "W", "39": "S", "40": "E", "41": "E", "44": "N", "49": "S", "10": "N", "19": "S", "29": "E", "31": "W", "37": "N", "43": "W", "48": "E", "15": "E", "17": "E", "25": "W", "45": "N", "47": "E", "26": "E", "27": "E", "30": "W", "42": "W"}, {"3": "E", "4": "E", "7": "E", "8": "W", "12": "N", "13": "S", "16": "S", "20": "N", "21": "E", "22": "E", "24": "N", "32": "W", "34": "W", "46": "N", "11": "E", "14": "W", "33": "W", "35": "E", "39": "S", "41": "S", "6": "W", "10": "N", "19": "S", "29": "E", "31": "W", "37": "N", "43": "W", "48": "E", "15": "E", "17": "E", "25": "W", "45": "W", "47": "E", "26": "E", "27": "E", "30": "W", "42": "W"}, {"3": "E", "12": "N", "13": "S", "20": "N", "21": "E", "23": "E", "24": "N", "32": "W", "34": "W", "14": "W", "18": "E", "33": "W", "35": "E", "39": "W", "6": "W", "29": "E", "31": "N", "48": "N", "15": "E", "17": "E", "25": "W", "45": "W", "27": "E", "30": "W", "42": "W"}, {"3": "E", "13": "W", "21": "N", "22": "E", "23": "E", "24": "W", "32": "W", "14": "N", "18": "E", "33": "W", "35": "N", "36": "W", "29": "N", "48": "E", "25": "W", "45": "W", "47": "E", "26": "E", "27": "E", "30": "W", "42": "W"}, {"3": "N", "8": "W", "13": "S", "16": "S", "21": "E", "22": "E", "24": "N", "32": "W", "35": "E", "36": "W", "39": "S", "48": "E", "25": "W", "45": "W", "47": "E", "26": "E", "27": "E", "42": "W"}, {"2": "W"}, {"2": "N"}, {"2": "W"}, {"2": "W"}, {"2": "N"}, {"2": "N"}, {"2": "N"}, {"2": "N"}, {"2": "N"}, {"14": "E"}, {"14": "N"}, {"14": "E"}, {"14": "E"}, {"14": "E"}, {"14": "E"}, {"14": "E"}, {"14": "E"}, {"14": "E"}, {"14": "E"}, {"14": "E"}, {"14": "S"}, {"14": "S"}, {"14": "S"}, {"14": "S"}, {"0": "E"}, {"0": "E"}, {"0": "E"}, {"0": "E"}, {"0": "E"}, {"0": "E"}, {"9": "S"}, {"9": "E"}, {"9": "E"}, {"9": "E"}, {"9": "S"}, {"9": "S"}, {"9": "S"}, {"9": "S"}, {"9": "S"}, {"17": "W"}, {"17": "W"}, {"17": "W"}, {"17": "W"}, {"17": "W"}, {"17": "N"}, {"39": "W"}, {"39": "W"}, {"39": "N"}, {"39": "N"}, {"39": "N"}, {"39": "W"}, {"39": "N"}, {"39": "N"}, {"39": "N"}, {"39": "N"}, {"39": "N"}, {"39": "N"}, {"47": "N"}, {"47": "N"}, {"47": "W"}, {"47": "W"}, {"47": "W"}, {"47": "W"}, {"47": "W"}, {"47": "S"}, {"47": "S"}, {"48": "S"}, {"48": "E"}, {"48": "E"}, {"48": "E"}, {"48": "N"}, {"48": "N"}, {"48": "N"}, {"48": "W"}, {"48": "W"}, {"48": "W"}, {"48": "W"}, {"48": "W"}, {"48": "W"}, {"48": "W"}, {"48": "W"}, {"48": "W"}, {"48": "W"}, {"48": "W"}, {"3": "E"}, {"3": "N"}, {"3": "N"}, {"3": "W"}, {"3": "W"}, {"3": "W"}, {"3": "W"}, {"3": "W"}, {"3": "W"}, {"3": "W"}, {"3": "W"}, {"3": "W"}, {"3": "S"}, {"11": "S"}, {"11": "S"}, {"11": "S"}, {"11": "S"}, {"11": "S"}, {"11": "S"}, {"11": "S"}, {"11": "W"}, {"11": "S"}, {"11": "W"}, {"11": "W"}, {"11": "S"}, {"15": "W"}, {"15": "W"}, {"15": "W"}, {"15": "S"}, {"15": "S"}, {"15": "W"}, {"15": "S"}, {"15": "W"}, {"15": "W"}, {"15": "W"}, {"15": "W"}, {"15": "N"}, {"24": "E"}, {"24": "S"}, {"24": "S"}, {"24": "S"}, {"24": "S"}, {"24": "S"}, {"24": "E"}, {"24": "E"}, {"24": "S"}, {"24": "S"}, {"24": "S"}, {"31": "E"}, {"31": "E"}, {"31": "E"}, {"31": "E"}, {"31": "E"}, {"31": "S"}, {"31": "S"}, {"35": "N"}, {"35": "N"}, {"35": "W"}, {"35": "W"}, {"35": "W"}, {"35": "W"}, {"35": "W"}, {"35": "W"}, {"35": "W"}, {"35": "N"}, {"35": "W"}, {"35": "W"}, {"44": "E"}, {"44": "S"}, {"44": "E"}, {"44": "S"}, {"44": "S"}, {"44": "S"}, {"44": "S"}, {"44": "S"}, {"4": "S"}, {"4": "W"}, {"4": "W"}, {"4": "W"}, {"4": "W"}, {"4": "S"}, {"4": "S"}, {"4": "S"}, {"4": "W"}, {"4": "W"}, {"4": "S"}, {"4": "W"}, {"4": "W"}, {"4": "W"}, {"4": "W"}, {"4": "W"}, {"4": "N"}, {"8": "N"}, {"8": "N"}, {"8": "N"}, {"8": "N"}, {"8": "E"}, {"8": "E"}, {"8": "E"}, {"8": "E"}, {"8": "E"}, {"8": "E"}, {"8": "E"}, {"8": "E"}, {"8": "E"}, {"8": "E"}, {"19": "N"}, {"19": "E"}, {"19": "E"}, {"19": "E"}, {"19": "E"}, {"19": "N"}, {"19": "N"}, {"19": "N"}, {"19": "N"}, {"19": "N"}, {"19": "N"}, {"19": "N"}, {"19": "W"}, {"19": "N"}, {"19": "W"}, {"19": "N"}, {"19": "W"}, {"21": "W"}, {"21": "N"}, {"21": "W"}, {"21": "W"}, {"21": "N"}, {"21": "W"}, {"21": "W"}, {"21": "W"}, {"21": "W"}, {"21": "W"}, {"21": "W"}, {"21": "W"}, {"21": "W"}, {"21": "S"}, {"21": "S"}, {"26": "W"}, {"26": "W"}, {"42": "E"}, {"42": "E"}, {"42": "E"}, {"42": "E"}, {"42": "N"}, {"42": "E"}, {"42": "N"}, {"42": "N"}, {"42": "E"}, {"42": "N"}, {"42": "N"}, {"42": "E"}, {"42": "N"}, {"42": "E"}, {"42": "E"}, {"42": "E"}, {"42": "S"}, {"42": "S"}, {"42": "S"}, {"46": "W"}, {"46": "S"}, {"46": "S"}, {"46": "S"}, {"46": "S"}, {"46": "S"}, {"46": "S"}, {"46": "S"}, {"46": "S"}, {"46": "S"}, {"46": "S"}, {"46": "E"}, {"46": "E"}, {"46": "E"}, {"46": "E"}, {"46": "E"}, {"46": "E"}, {"46": "E"}, {"46": "N"}, {"10": "E"}, {"10": "S"}, {"10": "E"}, {"10": "E"}, {"10": "E"}, {"10": "E"}, {"10": "E"}, {"10": "S"}, {"10": "S"}, {"10": "S"}, {"10": "S"}, {"18": "W"}, {"18": "N"}, {"18": "W"}, {"18": "W"}, {"18": "S"}, {"18": "S"}, {"18": "S"}, {"18": "W"}, {"18": "S"}, {"18": "W"}, {"18": "W"}, {"18": "W"}, {"18": "S"}, {"18": "S"}, {"27": "W"}, {"27": "W"}, {"27": "N"}, {"27": "N"}, {"27": "N"}, {"27": "W"}, {"27": "W"}, {"28": "W"}, {"28": "N"}, {"28": "N"}, {"28": "N"}, {"28": "N"}, {"28": "N"}, {"28": "W"}, {"28": "N"}, {"28": "W"}, {"28": "W"}, {"28": "N"}, {"28": "W"}, {"28": "N"}, {"28": "W"}, {"28": "W"}, {"28": "S"}, {"33": "E"}, {"33": "S"}, {"33": "E"}, {"33": "E"}, {"33": "E"}, {"33": "E"}, {"33": "N"}, {"33": "N"}, {"33": "N"}, {"33": "N"}, {"33": "E"}, {"33": "N"}, {"33": "N"}, {"33": "E"}, {"33": "N"}, {"33": "N"}, {"33": "N"}, {"33": "E"}, {"33": "E"}, {"33": "E"}, {"33": "E"}, {"33": "S"}, {"33": "S"}, {"37": "W"}, {"37": "S"}, {"37": "W"}, {"37": "W"}, {"37": "W"}, {"37": "S"}, {"37": "S"}, {"37": "S"}, {"37": "S"}, {"37": "S"}, {"37": "S"}, {"37": "S"}, {"37": "E"}, {"37": "E"}, {"37": "E"}, {"37": "S"}, {"37": "S"}, {"41": "W"}, {"41": "W"}, {"41": "W"}, {"41": "W"}, {"41": "N"}, {"41": "N"}, {"6": "E"}, {"6": "E"}, {"6": "N"}, {"6": "N"}, {"29": "S"}, {"29": "W"}, {"29": "W"}, {"29": "S"}, {"29": "S"}, {"29": "S"}, {"29": "W"}, {"29": "S"}, {"29": "W"}, {"29": "S"}, {"29": "S"}, {"29": "W"}, {"29": "S"}, {"29": "W"}, {"29": "W"}, {"29": "W"}, {"30": "E"}, {"30": "E"}, {"30": "E"}, {"30": "E"}, {"30": "N"}, {"30": "N"}, {"30": "E"}, {"30": "N"}, {"30": "N"}, {"30": "N"}, {"30": "E"}, {"30": "E"}, {"30": "E"}, {"30": "E"}, {"30": "E"}, {"30": "E"}, {"30": "S"}, {"30": "S"}, {"30": "S"}, {"32": "E"}, {"32": "S"}, {"32": "E"}, {"32": "E"}, {"32": "E"}, {"32": "E"}, {"32": "E"}, {"32": "E"}, {"32": "E"}, {"32": "E"}, {"32": "N"}, {"32": "E"}, {"32": "N"}, {"32": "E"}, {"32": "E"}, {"32": "E"}, {"32": "E"}, {"32": "S"}, {"38": "W"}, {"38": "S"}, {"38": "S"}, {"38": "S"}, {"38": "S"}, {"38": "S"}, {"38": "W"}, {"38": "S"}, {"38": "W"}, {"38": "W"}, {"38": "W"}, {"38": "W"}, {"38": "W"}, {"38": "W"}, {"38": "W"}, {"38": "W"}, {"40": "W"}, {"40": "W"}, {"40": "W"}, {"40": "N"}, {"40": "W"}, {"40": "W"}, {"40": "N"}, {"40": "W"}, {"40": "W"}, {"40": "W"}, {"40": "W"}, {"40": "S"}, {"40": "S"}, {"43": "E"}, {"43": "E"}, {"43": "S"}, {"43": "E"}, {"43": "E"}, {"43": "E"}, {"43": "E"}, {"43": "N"}, {"43": "E"}, {"43": "E"}, {"43": "E"}, {"43": "E"}, {"43": "E"}, {"5": "E"}, {"5": "N"}, {"5": "E"}, {"5": "E"}, {"5": "E"}, {"5": "E"}, {"5": "E"}, {"5": "N"}, {"5": "N"}, {"5": "N"}, {"7": "W"}, {"7": "S"}, {"7": "W"}, {"7": "W"}, {"7": "N"}, {"7": "N"}, {"7": "N"}, {"7": "N"}, {"7": "N"}, {"7": "N"}, {"7": "N"}, {"7": "W"}, {"7": "W"}, {"7": "N"}, {"7": "W"}, {"7": "W"}, {"7": "N"}, {"7": "W"}, {"7": "W"}, {"7": "W"}, {"7": "W"}, {"7": "S"}, {"20": "E"}, {"20": "E"}, {"20": "E"}, {"20": "E"}, {"20": "E"}, {"20": "S"}, {"20": "S"}, {"20": "S"}, {"20": "S"}, {"20": "S"}, {"20": "S"}, {"20": "S"}, {"20": "S"}, {"20": "S"}, {"20": "S"}, {"20": "S"}, {"20": "S"}, {"20": "W"}, {"20": "W"}, {"23": "W"}, {"23": "S"}, {"23": "S"}, {"23": "W"}, {"23": "W"}, {"23": "N"}, {"23": "N"}, {"23": "N"}, {"23": "N"}, {"23": "N"}, {"23": "N"}, {"23": "N"}, {"23": "W"}, {"23": "W"}, {"23": "N"}, {"45": "E"}, {"45": "E"}, {"45": "E"}, {"49": "N"}, {"49": "W"}, {"49": "W"}, {"49": "W"}, {"49": "W"}, {"49": "W"}, {"49": "W"}, {"49": "N"}, {"49": "N"}, {"49": "N"}, {"49": "N"}, {"1": "N"}, {"1": "E"}, {"1": "E"}, {"1": "E"}, {"1": "E"}, {"1": "E"}, {"1": "E"}, {"1": "N"}, {"12": "S"}, {"12": "W"}, {"12": "W"}, {"12": "W"}, {"12": "W"}, {"12": "S"}, {"12": "S"}, {"12": "S"}, {"12": "S"}, {"12": "S"}, {"12": "S"}, {"12": "S"}, {"12": "S"}, {"12": "S"}, {"12": "S"}, {"12": "E"}, {"16": "W"}, {"16": "W"}, {"16": "W"}, {"16": "W"}, {"16": "W"}, {"16": "W"}, {"16": "W"}, {"16": "N"}, {"16": "N"}, {"16": "N"}, {"16": "N"}, {"16": "N"}, {"16": "N"}, {"16": "N"}, {"16": "N"}, {"16": "N"}, {"16": "N"}, {"16": "N"}, {"16": "N"}, {"16": "N"}, {"16": "E"}, {"34": "W"}, {"34": "W"}, {"34": "N"}, {"34": "N"}, {"34": "N"}, {"34": "E"}, {"34": "N"}, {"34": "N"}, {"34": "N"}, {"34": "E"}, {"34": "E"}, {"34": "E"}, {"34": "E"}, {"34": "E"}, {"34": "E"}, {"34": "N"}, {"34": "E"}, {"34": "E"}, {"34": "E"}, {"34": "E"}, {"34": "E"}, {"34": "E"}, {"34": "E"}, {"34": "E"}, {"34": "S"}, {"36": "N"}, {"36": "W"}, {"36": "W"}, {"36": "S"}, {"36": "S"}, {"36": "E"}, {"36": "S"}, {"36": "S"}, {"36": "S"}, {"36": "E"}, {"36": "E"}, {"36": "E"}, {"36": "E"}, {"36": "E"}, {"36": "E"}, {"13": "E"}, {"13": "E"}, {"13": "E"}, {"13": "N"}, {"13": "N"}, {"13": "N"}, {"13": "N"}, {"13": "N"}, {"13": "N"}, {"22": "W"}, {"22": "N"}, {"22": "W"}, {"22": "W"}, {"22": "W"}, {"22": "W"}, {"22": "N"}, {"22": "N"}, {"22": "N"}, {"22": "W"}, {"22": "W"}, {"22": "W"}, {"22": "W"}, {"22": "W"}, {"22": "W"}, {"22": "W"}, {"22": "W"}, {"22": "W"}, {"22": "W"}, {"22": "S"}, {"25": "W"}, {"25": "S"}, {"25": "S"}, {"25": "S"}, {"25": "E"}, {"25": "E"}, {"25": "E"}, {"25": "E"}, {"25": "E"}, {"25": "S"}, {"25": "E"}], "result": "SUCCESS", "makespan": 667, "sum": 900, "algo_name": "OutAndInBFS_travel_from_center"}