{"instance": "small_free_002_10x10_50_50", "steps": [{"37": "W", "17": "N", "25": "W", "32": "E", "47": "E", "15": "W", "5": "E", "28": "W", "36": "S", "45": "W", "34": "E", "20": "E", "9": "E", "7": "W", "18": "W", "23": "W", "21": "W", "24": "E", "49": "W", "19": "E", "43": "E", "26": "E", "30": "E", "38": "W", "29": "W", "1": "E", "22": "W"}, {"43": "E", "34": "E", "15": "W", "49": "W", "1": "E", "21": "W", "18": "W", "20": "E", "29": "W", "39": "W", "22": "W", "32": "E", "19": "N", "9": "E", "8": "E"}, {"41": "W", "24": "E", "34": "E", "43": "E", "21": "W", "28": "W", "35": "N", "9": "E", "36": "S", "23": "N", "49": "W", "48": "S", "42": "N", "1": "S", "39": "W", "0": "N", "18": "W", "6": "E", "15": "W", "22": "W", "8": "E", "12": "S", "38": "E"}, {"15": "S", "46": "E", "39": "W", "35": "N", "7": "N", "41": "N", "33": "E", "37": "S", "28": "W", "23": "N", "12": "W", "20": "E", "1": "E", "34": "E", "25": "S", "45": "W"}, {"15": "S", "3": "W", "12": "W", "10": "E", "14": "S", "46": "E", "6": "N", "1": "E", "28": "W", "35": "W", "36": "S"}, {"31": "E", "0": "E", "28": "E", "36": "S", "1": "E", "37": "W", "14": "E", "25": "W", "33": "E", "12": "W", "32": "S", "46": "E", "9": "W", "3": "E", "38": "E", "5": "N", "23": "N", "18": "W", "40": "S", "8": "E"}, {"12": "S", "3": "N", "16": "W", "20": "S", "33": "E", "0": "E", "5": "E", "40": "W", "25": "S", "22": "W", "49": "W", "1": "E", "35": "W", "7": "N", "32": "E", "38": "S", "39": "W"}, {"16": "W", "3": "N", "7": "N", "39": "N", "38": "S", "5": "E", "23": "N", "48": "E"}, {"42": "S", "3": "W", "23": "E", "39": "W", "0": "N", "9": "E", "48": "W", "6": "W", "35": "E", "12": "W", "18": "S", "14": "S", "2": "N", "10": "S"}, {"22": "E", "6": "W", "38": "S", "19": "S", "7": "E", "12": "E", "20": "S", "32": "N", "34": "W", "29": "W", "37": "W", "13": "E", "9": "W", "0": "E", "10": "E"}, {"25": "W", "14": "S", "34": "E", "4": "W", "38": "W", "18": "N", "13": "E", "37": "S", "31": "S", "44": "W", "6": "W", "0": "W", "10": "N", "39": "N", "32": "E", "48": "W", "5": "S", "16": "W"}, {"8": "E", "32": "E", "49": "N", "21": "N", "1": "N", "6": "N", "0": "S", "2": "W", "22": "W", "16": "W", "25": "S"}, {"29": "W", "39": "W", "4": "E", "0": "S", "22": "E", "49": "W", "48": "E", "10": "E", "16": "N", "25": "S", "33": "W", "38": "E", "32": "E", "28": "W", "43": "E"}, {"38": "S", "14": "S", "25": "E", "39": "N", "16": "N", "20": "N", "48": "E", "43": "E", "9": "S", "37": "S", "29": "W", "49": "W", "44": "S", "7": "N"}, {"21": "W", "39": "N", "40": "E", "10": "E", "38": "S", "16": "W", "49": "N", "14": "E", "19": "N", "33": "W", "48": "N", "11": "W", "44": "S"}, {"12": "W", "38": "W", "48": "N", "7": "E", "16": "N", "21": "W", "43": "E", "33": "N", "44": "N", "24": "E", "5": "W", "19": "W", "32": "N", "11": "W", "39": "E", "20": "W"}, {"2": "W", "18": "E", "32": "N", "44": "E", "16": "N", "45": "N", "39": "E", "46": "E", "43": "E", "12": "S", "9": "E", "38": "W", "7": "N", "40": "N"}, {"32": "E", "38": "W", "7": "N", "2": "W", "10": "E", "0": "S", "12": "S", "16": "N"}, {"0": "N", "38": "E", "16": "N", "29": "E", "12": "S", "32": "E", "46": "S", "5": "E", "35": "N", "2": "N", "40": "N"}, {"29": "E", "7": "N", "18": "W", "20": "E", "5": "N", "0": "N", "3": "W", "14": "S", "24": "W", "23": "E", "32": "S", "22": "W", "16": "N", "48": "E", "19": "E", "38": "W", "12": "S", "37": "W"}, {"0": "E", "12": "S", "5": "E", "19": "E", "40": "W", "2": "N", "7": "W", "33": "N", "23": "N", "16": "N", "48": "N", "26": "N", "37": "S"}, {"28": "E", "12": "E", "16": "W", "37": "S", "14": "E", "23": "N", "5": "E", "19": "E", "48": "N", "7": "W", "33": "N"}, {"19": "N", "33": "N", "5": "N", "37": "E", "23": "W", "38": "S"}, {"33": "N", "19": "N", "34": "W", "38": "W", "37": "E", "28": "E", "46": "E", "14": "E", "40": "N", "4": "E", "30": "E", "7": "N"}, {"23": "W", "27": "N", "4": "S", "11": "E", "19": "N", "40": "W", "48": "N", "37": "E", "2": "N", "34": "W", "42": "S", "14": "N"}, {"7": "W", "34": "N", "40": "W", "37": "S", "4": "S"}, {"34": "N", "0": "N", "40": "W", "28": "W", "10": "E", "33": "N", "4": "W", "46": "N", "7": "W"}, {"11": "W", "35": "N", "0": "S", "7": "W", "48": "E", "20": "E", "28": "W", "46": "N", "38": "S", "34": "N", "40": "W"}, {"44": "E", "24": "S", "38": "W", "46": "E", "48": "S", "33": "E", "7": "W", "34": "N", "14": "E", "40": "W"}, {"40": "S", "48": "S", "14": "E", "33": "N", "46": "E", "7": "W", "24": "S", "44": "E", "20": "E", "42": "E"}, {"35": "W", "46": "S", "14": "E", "28": "N", "42": "E", "40": "S", "20": "S", "33": "E", "7": "W"}, {"38": "W", "33": "E", "14": "N", "7": "S", "28": "N", "42": "E", "46": "S"}, {"0": "N", "38": "W", "14": "W", "4": "S", "33": "E", "28": "S", "34": "W", "42": "E", "8": "S", "18": "S", "46": "W"}, {"10": "S", "29": "W", "38": "W", "0": "N", "14": "S", "42": "N", "28": "W", "33": "E", "34": "N", "4": "W"}, {"34": "N", "0": "E", "38": "W", "14": "W", "28": "W", "29": "W", "8": "S", "33": "S"}, {"18": "S", "34": "N", "0": "E", "29": "S", "38": "N", "8": "W", "14": "W", "28": "N"}, {"34": "E", "28": "N", "14": "W", "8": "W"}, {"18": "N", "0": "W", "4": "E", "48": "E", "14": "N", "22": "W", "8": "N", "29": "W", "34": "E"}, {"34": "E", "0": "W", "29": "S", "28": "N", "4": "E", "48": "N", "42": "N", "22": "N", "20": "S"}, {"48": "N", "0": "S", "34": "E", "4": "S", "28": "N", "8": "N", "22": "W", "18": "N", "14": "N", "29": "S"}, {"48": "W", "8": "N", "18": "N", "20": "S", "29": "E", "34": "E", "4": "S"}, {"4": "S", "28": "W", "22": "W", "27": "N", "20": "S", "8": "W", "34": "E", "48": "W", "18": "W", "29": "S"}, {"4": "S", "34": "E", "28": "N", "30": "W", "8": "N", "20": "S", "48": "N", "29": "E"}, {"29": "S", "48": "N", "4": "W", "20": "S", "46": "E", "28": "N", "8": "N"}, {"29": "S", "4": "W", "48": "N", "22": "W", "28": "N", "18": "E", "27": "W", "26": "W", "44": "E", "42": "E", "20": "S", "46": "W"}, {"44": "E", "48": "W", "34": "E", "28": "E", "4": "W", "42": "E", "46": "S", "29": "S", "0": "S", "20": "W", "19": "S"}, {"44": "S", "20": "W", "29": "E", "4": "W", "48": "W", "28": "E", "46": "S", "34": "S", "19": "E"}, {"28": "E", "48": "W", "4": "W", "46": "S"}, {"19": "S", "8": "N", "4": "N", "44": "N", "42": "N", "48": "W", "28": "S", "22": "N", "46": "S", "11": "N"}, {"48": "S", "4": "W", "44": "W", "35": "W", "8": "N"}, {"4": "W", "14": "S", "11": "E", "42": "N", "27": "S", "8": "E", "0": "W", "18": "S", "44": "W", "22": "N"}, {"11": "N", "48": "S", "42": "W", "8": "E", "4": "W", "14": "S", "22": "W", "0": "S", "44": "S"}, {"27": "S", "8": "E", "14": "W", "18": "S", "42": "W", "0": "S", "4": "N", "11": "N", "44": "S"}, {"4": "N", "26": "W", "27": "S", "18": "S", "42": "W", "8": "E", "11": "W"}, {"9": "S", "26": "S", "27": "E", "11": "W", "14": "W"}, {"18": "S", "27": "E", "11": "W"}, {"0": "N", "11": "S", "18": "E", "26": "N", "27": "S"}, {"30": "W", "18": "E", "0": "N", "26": "N", "11": "S", "27": "S"}, {"27": "E", "26": "W", "30": "N", "9": "S", "18": "S", "11": "S"}, {"30": "N", "27": "S", "18": "S"}, {"30": "S", "14": "E", "0": "W", "27": "S"}, {"14": "E", "27": "E", "30": "S", "0": "S"}, {"30": "S", "0": "W", "27": "E"}, {"0": "E", "19": "E", "30": "N", "14": "W", "27": "E"}, {"14": "W", "30": "N", "27": "N", "0": "E", "19": "N"}, {"14": "S", "19": "N", "27": "N", "0": "N", "30": "N"}, {"27": "N", "14": "S", "19": "N"}, {"27": "N", "14": "S", "30": "S", "19": "N", "11": "N", "0": "W", "26": "N"}, {"27": "N", "30": "S", "19": "N", "0": "S", "14": "S", "11": "N", "26": "N"}, {"19": "N", "0": "W", "11": "W", "27": "N", "30": "S", "14": "W"}, {"19": "W", "26": "N", "0": "W", "30": "S", "11": "W", "14": "W", "27": "N"}, {"19": "W", "26": "E", "30": "E", "27": "N", "11": "W", "14": "W", "0": "S"}, {"14": "N", "0": "S", "30": "S", "27": "W", "11": "W", "19": "W"}, {"27": "W", "19": "W", "30": "S", "11": "S", "0": "S", "14": "N"}, {"11": "S", "0": "S", "30": "S", "19": "S"}, {"30": "E", "11": "S", "19": "S"}, {"11": "S", "30": "E"}, {"14": "W", "11": "E", "30": "S", "26": "N"}, {"14": "N", "26": "E", "0": "S", "30": "E", "11": "E"}, {"0": "E", "26": "E", "30": "E", "14": "N", "11": "E"}, {"14": "E", "11": "N", "26": "E", "0": "S", "30": "E"}, {"26": "E", "11": "E", "30": "N", "14": "N", "0": "S"}, {"0": "E", "11": "E", "30": "N", "26": "E", "14": "N"}, {"30": "N", "11": "S", "26": "E", "14": "E", "0": "E"}, {"14": "E", "26": "S", "0": "E", "30": "N", "11": "S"}, {"0": "N", "14": "E", "11": "S", "30": "N", "26": "S"}, {"0": "N", "11": "S", "30": "N", "14": "N", "26": "S"}, {"26": "S", "11": "E", "30": "N", "14": "N", "0": "N"}, {"14": "E", "0": "E", "11": "S"}, {"14": "E", "0": "N"}, {"26": "E", "14": "E", "0": "N"}, {"30": "N", "14": "S", "0": "N", "26": "S"}, {"26": "S", "14": "E", "30": "W", "0": "N"}, {"26": "W", "14": "S"}, {"26": "W"}, {"48": "E"}, {"48": "N", "8": "S"}, {"48": "N"}, {"48": "W"}, {"48": "W"}, {"48": "W"}, {"48": "S"}, {"48": "S"}, {"48": "S"}, {"48": "S"}, {"48": "E"}, {"48": "E"}], "result": "SUCCESS", "makespan": 107, "sum": 804, "algo_name": "BFS_9"}