{"instance": "small_free_003_10x10_70_70", "steps": [{"19": "N", "25": "N", "51": "N", "37": "N", "68": "N", "42": "N", "69": "N", "65": "N", "3": "N", "22": "N", "41": "N", "15": "N", "55": "N", "8": "N", "64": "N", "61": "N", "31": "N", "48": "N", "9": "N", "28": "N", "14": "N", "49": "N", "58": "N", "0": "N", "50": "N", "33": "N", "7": "N", "38": "N", "27": "N", "20": "N", "66": "N", "52": "N", "54": "N", "24": "N", "43": "N", "62": "N", "57": "N", "32": "N", "10": "N", "1": "N", "36": "N", "45": "N", "4": "N", "26": "N", "60": "N", "44": "N", "13": "N", "34": "N", "16": "N", "18": "N", "63": "N", "35": "N", "6": "N", "23": "N", "53": "N", "59": "N", "39": "N", "30": "N", "67": "N", "40": "N", "21": "N", "12": "W", "56": "N", "47": "N", "11": "N", "5": "N", "2": "N", "17": "N", "46": "N", "29": "N"}, {"19": "N", "25": "N", "51": "N", "37": "N", "68": "N", "42": "N", "69": "N", "65": "N", "3": "N", "22": "N", "41": "N", "15": "N", "55": "N", "8": "N", "64": "N", "61": "N", "31": "N", "48": "N", "9": "N", "28": "N", "14": "N", "49": "N", "58": "N", "0": "N", "50": "N", "33": "N", "7": "N", "38": "N", "27": "N", "20": "N", "66": "N", "52": "N", "54": "N", "24": "N", "43": "N", "62": "N", "57": "N", "32": "N", "10": "N", "1": "N", "36": "N", "45": "N", "4": "N", "26": "N", "60": "N", "44": "N", "13": "N", "34": "N", "16": "N", "18": "N", "63": "N", "35": "N", "6": "N", "23": "N", "53": "N", "59": "N", "39": "N", "30": "N", "67": "N", "40": "N", "21": "N", "12": "W", "56": "W", "47": "N", "11": "N", "5": "N", "2": "N", "17": "N", "46": "N", "29": "N"}, {"19": "N", "25": "N", "51": "N", "37": "N", "68": "N", "42": "N", "69": "N", "65": "N", "3": "N", "22": "N", "41": "N", "15": "N", "55": "N", "8": "N", "64": "N", "61": "N", "31": "N", "48": "N", "9": "N", "28": "N", "14": "N", "49": "N", "58": "N", "0": "N", "50": "N", "33": "N", "7": "N", "38": "N", "27": "N", "20": "N", "66": "N", "52": "N", "54": "N", "24": "N", "43": "N", "62": "N", "57": "N", "32": "N", "10": "N", "1": "N", "36": "N", "45": "N", "4": "N", "26": "N", "60": "N", "44": "N", "13": "N", "34": "N", "16": "N", "18": "N", "63": "N", "35": "N", "6": "N", "23": "N", "53": "N", "59": "N", "39": "N", "30": "N", "67": "N", "40": "N", "21": "N", "12": "W", "56": "W", "47": "W", "11": "N", "5": "N", "2": "N", "17": "N", "46": "N", "29": "N"}, {"19": "N", "25": "N", "51": "N", "37": "N", "68": "N", "42": "N", "69": "N", "65": "N", "3": "N", "22": "N", "41": "N", "15": "N", "55": "N", "8": "N", "64": "N", "61": "N", "31": "N", "48": "N", "9": "N", "28": "N", "14": "N", "49": "N", "58": "N", "0": "N", "50": "N", "33": "N", "7": "N", "38": "N", "27": "N", "20": "N", "66": "N", "52": "N", "54": "N", "24": "N", "43": "N", "62": "N", "57": "N", "32": "N", "10": "N", "1": "N", "36": "N", "45": "N", "4": "N", "26": "N", "60": "N", "44": "N", "13": "N", "34": "N", "16": "N", "18": "N", "63": "N", "35": "N", "6": "N", "23": "N", "53": "N", "59": "N", "39": "N", "30": "N", "67": "N", "40": "N", "21": "N", "56": "W", "47": "W", "11": "W", "5": "N", "2": "N", "17": "N", "46": "N", "29": "N"}, {"19": "N", "25": "N", "51": "N", "37": "N", "68": "N", "42": "N", "69": "N", "65": "N", "3": "N", "22": "N", "41": "N", "15": "N", "55": "N", "8": "N", "64": "N", "61": "N", "31": "N", "48": "N", "9": "N", "28": "N", "14": "N", "49": "N", "58": "N", "0": "N", "50": "N", "33": "N", "7": "N", "38": "N", "27": "N", "20": "N", "66": "N", "52": "N", "54": "N", "24": "N", "43": "N", "62": "N", "57": "N", "32": "N", "10": "N", "1": "N", "36": "N", "45": "N", "4": "N", "26": "N", "60": "N", "44": "N", "13": "N", "34": "N", "16": "N", "18": "N", "63": "N", "35": "N", "6": "N", "23": "N", "53": "N", "59": "N", "39": "N", "30": "N", "67": "N", "40": "N", "21": "N", "56": "W", "47": "W", "11": "W", "5": "W", "2": "N", "17": "N", "46": "N", "29": "N"}, {"19": "N", "25": "N", "51": "N", "37": "N", "68": "N", "42": "N", "69": "N", "65": "N", "3": "N", "22": "N", "41": "N", "15": "N", "55": "N", "8": "N", "64": "N", "61": "N", "31": "N", "48": "N", "9": "N", "28": "N", "14": "N", "49": "N", "58": "N", "0": "N", "50": "N", "33": "N", "7": "N", "38": "N", "27": "N", "20": "N", "66": "N", "52": "N", "54": "N", "24": "N", "43": "N", "62": "N", "57": "N", "32": "N", "10": "N", "1": "N", "36": "N", "45": "N", "4": "N", "26": "N", "60": "N", "44": "N", "13": "N", "34": "N", "16": "N", "18": "N", "63": "N", "35": "N", "6": "N", "23": "N", "53": "N", "59": "N", "39": "N", "30": "N", "67": "N", "40": "N", "21": "N", "47": "W", "11": "W", "5": "W", "2": "W", "17": "N", "46": "N", "29": "N"}, {"19": "N", "25": "N", "51": "N", "37": "N", "68": "N", "42": "N", "69": "N", "65": "N", "3": "N", "22": "N", "41": "N", "15": "N", "55": "N", "8": "N", "64": "N", "61": "N", "31": "N", "48": "N", "9": "N", "28": "N", "14": "N", "49": "N", "58": "N", "0": "N", "50": "N", "33": "N", "7": "N", "38": "N", "27": "N", "20": "N", "66": "N", "52": "N", "54": "N", "24": "N", "43": "N", "62": "N", "57": "N", "32": "N", "10": "N", "1": "N", "36": "N", "45": "N", "4": "N", "26": "N", "60": "N", "44": "N", "13": "N", "34": "N", "16": "N", "18": "N", "63": "N", "35": "N", "6": "N", "23": "N", "53": "N", "59": "N", "39": "N", "30": "N", "67": "N", "40": "N", "21": "N", "47": "W", "11": "W", "5": "W", "2": "W", "17": "W", "46": "N", "29": "N"}, {"19": "N", "25": "N", "51": "N", "37": "N", "68": "N", "42": "N", "69": "N", "65": "N", "3": "N", "22": "N", "41": "N", "15": "N", "55": "N", "8": "N", "64": "N", "61": "N", "31": "N", "48": "N", "9": "N", "28": "N", "14": "N", "49": "N", "58": "N", "0": "N", "50": "N", "33": "N", "7": "N", "38": "N", "27": "N", "20": "N", "66": "N", "52": "N", "54": "N", "24": "N", "43": "N", "62": "N", "57": "N", "32": "N", "10": "N", "1": "N", "36": "N", "45": "N", "4": "N", "26": "N", "60": "N", "44": "N", "13": "N", "34": "N", "16": "N", "18": "N", "63": "N", "35": "N", "6": "N", "23": "N", "53": "N", "59": "N", "39": "N", "30": "N", "67": "N", "40": "N", "21": "N", "11": "W", "5": "W", "2": "W", "17": "W", "46": "W", "29": "N"}, {"19": "N", "25": "N", "51": "N", "37": "N", "68": "N", "42": "N", "69": "N", "65": "N", "3": "N", "22": "N", "41": "N", "15": "N", "55": "N", "8": "N", "64": "N", "61": "N", "31": "N", "48": "N", "9": "N", "28": "N", "14": "N", "49": "N", "58": "N", "0": "N", "50": "N", "33": "N", "7": "N", "38": "N", "27": "N", "20": "N", "66": "N", "52": "N", "54": "N", "24": "N", "43": "N", "62": "N", "57": "N", "32": "N", "10": "N", "1": "N", "36": "N", "45": "N", "4": "N", "26": "N", "60": "N", "44": "N", "13": "N", "34": "N", "16": "N", "18": "N", "63": "N", "35": "N", "6": "N", "23": "W", "53": "N", "59": "N", "39": "N", "30": "N", "67": "N", "40": "N", "21": "N", "11": "W", "5": "W", "2": "W", "17": "W", "46": "W", "29": "W"}, {"19": "N", "25": "N", "51": "N", "37": "N", "68": "N", "42": "N", "69": "N", "65": "N", "3": "N", "22": "N", "41": "N", "15": "N", "55": "N", "8": "N", "64": "N", "61": "N", "31": "N", "48": "N", "9": "N", "28": "N", "14": "N", "49": "N", "58": "N", "0": "N", "50": "N", "33": "N", "7": "N", "38": "N", "27": "N", "20": "N", "66": "N", "52": "N", "54": "N", "24": "N", "43": "N", "62": "N", "57": "N", "32": "N", "10": "N", "1": "N", "36": "N", "45": "N", "4": "N", "26": "N", "60": "N", "44": "N", "13": "N", "34": "N", "16": "N", "18": "N", "63": "N", "35": "N", "6": "N", "23": "W", "53": "W", "59": "N", "39": "N", "30": "N", "67": "N", "40": "N", "21": "N", "5": "W", "2": "W", "17": "W", "46": "W", "29": "W"}, {"19": "N", "25": "N", "51": "N", "37": "N", "68": "N", "42": "N", "69": "N", "65": "N", "3": "N", "22": "N", "41": "N", "15": "N", "55": "N", "8": "N", "64": "N", "61": "N", "31": "N", "48": "N", "9": "N", "28": "N", "14": "N", "49": "N", "58": "N", "0": "N", "50": "N", "33": "N", "7": "N", "38": "N", "27": "N", "20": "N", "66": "N", "52": "N", "54": "N", "24": "N", "43": "N", "62": "N", "57": "N", "32": "N", "10": "N", "1": "N", "36": "N", "45": "N", "4": "N", "26": "N", "60": "N", "44": "N", "13": "N", "34": "N", "16": "N", "18": "N", "63": "N", "35": "N", "6": "N", "23": "W", "53": "W", "59": "W", "39": "N", "30": "N", "67": "N", "40": "N", "21": "N", "5": "W", "2": "W", "17": "W", "46": "W", "29": "W"}, {"19": "N", "25": "N", "51": "N", "37": "N", "68": "N", "42": "N", "69": "N", "65": "N", "3": "N", "22": "N", "41": "N", "15": "N", "55": "N", "8": "N", "64": "N", "61": "N", "31": "N", "48": "N", "9": "N", "28": "N", "14": "N", "49": "N", "58": "N", "0": "N", "50": "N", "33": "N", "7": "N", "38": "N", "27": "N", "20": "N", "66": "N", "52": "N", "54": "N", "24": "N", "43": "N", "62": "N", "57": "N", "32": "N", "10": "N", "1": "N", "36": "N", "45": "N", "4": "N", "26": "N", "60": "N", "44": "N", "13": "N", "34": "N", "16": "N", "18": "N", "63": "N", "35": "N", "6": "N", "53": "W", "59": "W", "39": "W", "30": "N", "67": "N", "40": "N", "21": "N", "2": "W", "17": "W", "46": "W", "29": "W"}, {"19": "N", "25": "N", "51": "N", "37": "N", "68": "N", "42": "N", "69": "N", "65": "N", "3": "N", "22": "N", "41": "N", "15": "N", "55": "N", "8": "N", "64": "N", "61": "N", "31": "N", "48": "N", "9": "N", "28": "N", "14": "N", "49": "N", "58": "N", "0": "N", "50": "N", "33": "N", "7": "N", "38": "N", "27": "N", "20": "N", "66": "N", "52": "N", "54": "N", "24": "N", "43": "N", "62": "N", "57": "N", "32": "N", "10": "N", "1": "N", "36": "N", "45": "N", "4": "N", "26": "N", "60": "N", "44": "N", "13": "N", "34": "N", "16": "N", "18": "N", "63": "N", "35": "N", "6": "N", "53": "W", "59": "W", "39": "W", "30": "W", "67": "N", "40": "N", "21": "N", "2": "W", "17": "W", "46": "W", "29": "W"}, {"19": "N", "25": "N", "51": "N", "37": "N", "68": "N", "42": "N", "69": "N", "65": "N", "3": "N", "22": "N", "41": "N", "15": "N", "55": "N", "8": "N", "64": "N", "61": "N", "31": "N", "48": "N", "9": "N", "28": "N", "14": "N", "49": "N", "58": "N", "0": "N", "50": "N", "33": "N", "7": "N", "38": "N", "27": "N", "20": "N", "66": "N", "52": "N", "54": "N", "24": "N", "43": "N", "62": "N", "57": "N", "32": "N", "10": "N", "1": "N", "36": "N", "45": "N", "4": "N", "26": "N", "60": "N", "44": "N", "13": "N", "34": "N", "16": "N", "18": "N", "63": "N", "35": "N", "6": "N", "59": "W", "39": "W", "30": "W", "67": "W", "40": "N", "21": "N", "17": "W", "46": "W", "29": "W"}, {"19": "N", "25": "N", "51": "N", "37": "N", "68": "N", "42": "N", "69": "N", "65": "N", "3": "N", "22": "N", "41": "N", "15": "N", "55": "N", "8": "N", "64": "N", "61": "N", "31": "N", "48": "N", "9": "N", "28": "N", "14": "N", "49": "N", "58": "N", "0": "N", "50": "N", "33": "N", "7": "N", "38": "N", "27": "N", "20": "N", "66": "N", "52": "N", "54": "N", "24": "N", "43": "N", "62": "N", "57": "N", "32": "N", "10": "N", "1": "N", "36": "N", "45": "N", "4": "N", "26": "N", "60": "N", "44": "N", "13": "N", "34": "N", "16": "N", "18": "N", "63": "N", "35": "N", "6": "N", "59": "W", "39": "W", "30": "W", "67": "W", "40": "W", "21": "N", "17": "W", "46": "W", "29": "W"}, {"19": "N", "25": "N", "51": "N", "37": "N", "68": "N", "42": "N", "69": "N", "65": "N", "3": "N", "22": "N", "41": "N", "15": "N", "55": "N", "8": "N", "64": "N", "61": "N", "31": "N", "48": "N", "9": "N", "28": "N", "14": "N", "49": "N", "58": "N", "0": "N", "50": "N", "33": "N", "7": "N", "38": "N", "27": "N", "20": "N", "66": "N", "52": "N", "54": "N", "24": "N", "43": "N", "62": "N", "57": "N", "32": "N", "10": "N", "1": "N", "36": "N", "45": "N", "4": "N", "26": "N", "60": "N", "44": "N", "13": "N", "34": "W", "16": "N", "18": "N", "63": "N", "35": "N", "6": "N", "39": "W", "30": "W", "67": "W", "40": "W", "21": "W", "46": "W", "29": "W"}, {"19": "N", "25": "N", "51": "N", "37": "N", "68": "N", "42": "N", "69": "N", "65": "N", "3": "N", "22": "N", "41": "N", "15": "N", "55": "N", "8": "N", "64": "N", "61": "N", "31": "N", "48": "N", "9": "N", "28": "N", "14": "N", "49": "N", "58": "N", "0": "N", "50": "N", "33": "N", "7": "N", "38": "N", "27": "N", "20": "N", "66": "N", "52": "N", "54": "N", "24": "N", "43": "N", "62": "N", "57": "N", "32": "N", "10": "N", "1": "N", "36": "N", "45": "N", "4": "N", "26": "N", "60": "N", "44": "N", "13": "N", "34": "W", "16": "W", "18": "N", "63": "N", "35": "N", "6": "N", "39": "W", "30": "W", "67": "W", "40": "W", "21": "W", "46": "W", "29": "W"}, {"19": "N", "25": "N", "51": "N", "37": "N", "68": "N", "42": "N", "69": "N", "65": "N", "3": "N", "22": "N", "41": "N", "15": "N", "55": "N", "8": "N", "64": "N", "61": "N", "31": "N", "48": "N", "9": "N", "28": "N", "14": "N", "49": "N", "58": "N", "0": "N", "50": "N", "33": "N", "7": "N", "38": "N", "27": "N", "20": "N", "66": "N", "52": "N", "54": "N", "24": "N", "43": "N", "62": "N", "57": "N", "32": "N", "10": "N", "1": "N", "36": "N", "45": "N", "4": "N", "26": "N", "60": "N", "44": "N", "13": "N", "34": "W", "16": "W", "18": "W", "63": "N", "35": "N", "6": "N", "30": "W", "67": "W", "40": "W", "21": "W", "29": "W"}, {"19": "N", "25": "N", "51": "N", "37": "N", "68": "N", "42": "N", "69": "N", "65": "N", "3": "N", "22": "N", "41": "N", "15": "N", "55": "N", "8": "N", "64": "N", "61": "N", "31": "N", "48": "N", "9": "N", "28": "N", "14": "N", "49": "N", "58": "N", "0": "N", "50": "N", "33": "N", "7": "N", "38": "N", "27": "N", "20": "N", "66": "N", "52": "N", "54": "N", "24": "N", "43": "N", "62": "N", "57": "N", "32": "N", "10": "N", "1": "N", "36": "N", "45": "N", "4": "N", "26": "N", "60": "N", "44": "N", "13": "N", "16": "W", "18": "W", "63": "W", "35": "N", "6": "N", "30": "W", "67": "W", "40": "W", "21": "W", "29": "W"}, {"19": "N", "25": "N", "51": "N", "37": "N", "68": "N", "42": "N", "69": "N", "65": "N", "3": "N", "22": "N", "41": "N", "15": "N", "55": "N", "8": "N", "64": "N", "61": "N", "31": "N", "48": "N", "9": "N", "28": "N", "14": "N", "49": "N", "58": "N", "0": "N", "50": "N", "33": "N", "7": "N", "38": "N", "27": "N", "20": "N", "66": "N", "52": "N", "54": "N", "24": "N", "43": "N", "62": "N", "57": "N", "32": "N", "10": "N", "1": "N", "36": "N", "45": "N", "4": "N", "26": "N", "60": "N", "44": "N", "13": "N", "16": "W", "18": "W", "63": "W", "35": "W", "6": "N", "67": "W", "40": "W", "21": "W", "29": "W"}, {"19": "N", "25": "N", "51": "N", "37": "N", "68": "N", "42": "N", "69": "N", "65": "N", "3": "N", "22": "N", "41": "N", "15": "N", "55": "N", "8": "N", "64": "N", "61": "N", "31": "N", "48": "N", "9": "N", "28": "N", "14": "N", "49": "N", "58": "N", "0": "N", "50": "N", "33": "N", "7": "N", "38": "N", "27": "N", "20": "N", "66": "N", "52": "N", "54": "N", "24": "N", "43": "N", "62": "N", "57": "N", "32": "N", "10": "N", "1": "N", "36": "N", "45": "W", "4": "N", "26": "N", "60": "N", "44": "N", "13": "N", "16": "W", "18": "W", "63": "W", "35": "W", "6": "W", "67": "W", "40": "W", "21": "W"}, {"19": "N", "25": "N", "51": "N", "37": "N", "68": "N", "42": "N", "69": "N", "65": "N", "3": "N", "22": "N", "41": "N", "15": "N", "55": "N", "8": "N", "64": "N", "61": "N", "31": "N", "48": "N", "9": "N", "28": "N", "14": "N", "49": "N", "58": "N", "0": "N", "50": "N", "33": "N", "7": "N", "38": "N", "27": "N", "20": "N", "66": "N", "52": "N", "54": "N", "24": "N", "43": "N", "62": "N", "57": "N", "32": "N", "10": "N", "1": "N", "36": "N", "45": "W", "4": "W", "26": "N", "60": "N", "44": "N", "13": "N", "18": "W", "63": "W", "35": "W", "6": "W", "40": "W", "21": "W"}, {"19": "N", "25": "N", "51": "N", "37": "N", "68": "N", "42": "N", "69": "N", "65": "N", "3": "N", "22": "N", "41": "N", "15": "N", "55": "N", "8": "N", "64": "N", "61": "N", "31": "N", "48": "N", "9": "N", "28": "N", "14": "N", "49": "N", "58": "N", "0": "N", "50": "N", "33": "N", "7": "N", "38": "N", "27": "N", "20": "N", "66": "N", "52": "N", "54": "N", "24": "N", "43": "N", "62": "N", "57": "N", "32": "N", "10": "N", "1": "N", "36": "N", "45": "W", "4": "W", "26": "W", "60": "N", "44": "N", "13": "N", "18": "W", "63": "W", "35": "W", "6": "W", "40": "W", "21": "W"}, {"19": "N", "25": "N", "51": "N", "37": "N", "68": "N", "42": "N", "69": "N", "65": "N", "3": "N", "22": "N", "41": "N", "15": "N", "55": "N", "8": "N", "64": "N", "61": "N", "31": "N", "48": "N", "9": "N", "28": "N", "14": "N", "49": "N", "58": "N", "0": "N", "50": "N", "33": "N", "7": "N", "38": "N", "27": "N", "20": "N", "66": "N", "52": "N", "54": "N", "24": "N", "43": "N", "62": "N", "57": "N", "32": "N", "10": "N", "1": "N", "36": "N", "45": "W", "4": "W", "26": "W", "60": "W", "44": "N", "13": "N", "18": "W", "63": "W", "35": "W", "6": "W", "40": "W", "21": "W"}, {"19": "N", "25": "N", "51": "N", "37": "N", "68": "N", "42": "N", "69": "N", "65": "N", "3": "N", "22": "N", "41": "N", "15": "N", "55": "N", "8": "N", "64": "N", "61": "N", "31": "N", "48": "N", "9": "N", "28": "N", "14": "N", "49": "N", "58": "N", "0": "N", "50": "N", "33": "N", "7": "N", "38": "N", "27": "N", "20": "N", "66": "N", "52": "N", "54": "N", "24": "N", "43": "N", "62": "N", "57": "N", "32": "N", "10": "N", "1": "N", "36": "N", "4": "W", "26": "W", "60": "W", "44": "W", "13": "N", "63": "W", "35": "W", "6": "W", "21": "W"}, {"19": "N", "25": "N", "51": "N", "37": "N", "68": "N", "42": "N", "69": "N", "65": "N", "3": "N", "22": "N", "41": "N", "15": "N", "55": "N", "8": "N", "64": "N", "61": "N", "31": "N", "48": "N", "9": "N", "28": "N", "14": "N", "49": "N", "58": "N", "0": "N", "50": "N", "33": "N", "7": "N", "38": "N", "27": "N", "20": "N", "66": "N", "52": "N", "54": "N", "24": "N", "43": "W", "62": "N", "57": "N", "32": "N", "10": "N", "1": "N", "36": "N", "4": "W", "26": "W", "60": "W", "44": "W", "13": "W", "63": "W", "35": "W", "6": "W", "21": "W"}, {"19": "N", "25": "N", "51": "N", "37": "N", "68": "N", "42": "N", "69": "N", "65": "N", "3": "N", "22": "N", "41": "N", "15": "N", "55": "N", "8": "N", "64": "N", "61": "N", "31": "N", "48": "N", "9": "N", "28": "N", "14": "N", "49": "N", "58": "N", "0": "N", "50": "N", "33": "N", "7": "N", "38": "N", "27": "N", "20": "N", "66": "N", "52": "N", "54": "N", "24": "N", "43": "W", "62": "W", "57": "N", "32": "N", "10": "N", "1": "N", "36": "N", "26": "W", "60": "W", "44": "W", "13": "W", "35": "W", "6": "W"}, {"19": "N", "25": "N", "51": "N", "37": "N", "68": "N", "42": "N", "69": "N", "65": "N", "3": "N", "22": "N", "41": "N", "15": "N", "55": "N", "8": "N", "64": "N", "61": "N", "31": "N", "48": "N", "9": "N", "28": "N", "14": "N", "49": "N", "58": "N", "0": "N", "50": "N", "33": "N", "7": "N", "38": "N", "27": "N", "20": "N", "66": "N", "52": "N", "54": "N", "24": "N", "43": "W", "62": "W", "57": "W", "32": "N", "10": "N", "1": "N", "36": "N", "26": "W", "60": "W", "44": "W", "13": "W", "35": "W", "6": "W"}, {"19": "N", "25": "N", "51": "N", "37": "N", "68": "N", "42": "N", "69": "N", "65": "N", "3": "N", "22": "N", "41": "N", "15": "N", "55": "N", "8": "N", "64": "N", "61": "N", "31": "N", "48": "N", "9": "N", "28": "N", "14": "N", "49": "N", "58": "N", "0": "N", "50": "N", "33": "N", "7": "N", "38": "N", "27": "N", "20": "N", "66": "N", "52": "N", "54": "N", "24": "N", "62": "W", "57": "W", "32": "W", "10": "N", "1": "N", "36": "N", "60": "W", "44": "W", "13": "W", "6": "W"}, {"19": "N", "25": "N", "51": "N", "37": "N", "68": "N", "42": "N", "69": "N", "65": "N", "3": "N", "22": "N", "41": "N", "15": "N", "55": "N", "8": "N", "64": "N", "61": "N", "31": "N", "48": "N", "9": "N", "28": "N", "14": "N", "49": "N", "58": "N", "0": "N", "50": "N", "33": "N", "7": "N", "38": "N", "27": "N", "20": "N", "66": "N", "52": "N", "54": "N", "24": "N", "62": "W", "57": "W", "32": "W", "10": "W", "1": "N", "36": "N", "60": "W", "44": "W", "13": "W", "6": "W"}, {"19": "N", "25": "N", "51": "N", "37": "N", "68": "N", "42": "N", "69": "N", "65": "N", "3": "N", "22": "N", "41": "N", "15": "N", "55": "N", "8": "N", "64": "N", "61": "N", "31": "N", "48": "N", "9": "N", "28": "N", "14": "N", "49": "N", "58": "N", "0": "N", "50": "N", "33": "N", "7": "N", "38": "N", "27": "N", "20": "N", "66": "N", "52": "N", "54": "N", "24": "N", "57": "W", "32": "W", "10": "W", "1": "W", "36": "N", "60": "W", "44": "W", "13": "W", "6": "W"}, {"19": "N", "25": "N", "51": "N", "37": "N", "68": "N", "42": "N", "69": "N", "65": "N", "3": "N", "22": "N", "41": "N", "15": "N", "55": "N", "8": "N", "64": "N", "61": "N", "31": "N", "48": "N", "9": "N", "28": "N", "14": "N", "49": "N", "58": "N", "0": "N", "50": "N", "33": "N", "7": "W", "38": "N", "27": "N", "20": "N", "66": "N", "52": "N", "54": "N", "24": "N", "57": "W", "32": "W", "10": "W", "1": "W", "36": "W", "60": "W", "44": "W", "13": "W", "6": "W"}, {"19": "N", "25": "N", "51": "N", "37": "N", "68": "N", "42": "N", "69": "N", "65": "N", "3": "N", "22": "N", "41": "N", "15": "N", "55": "N", "8": "N", "64": "N", "61": "N", "31": "N", "48": "N", "9": "N", "28": "N", "14": "N", "49": "N", "58": "N", "0": "N", "50": "N", "33": "N", "7": "W", "38": "W", "27": "N", "20": "N", "66": "N", "52": "N", "54": "N", "24": "N", "57": "W", "32": "W", "10": "W", "1": "W", "36": "W", "44": "W", "13": "W"}, {"19": "N", "25": "N", "51": "N", "37": "N", "68": "N", "42": "N", "69": "N", "65": "N", "3": "N", "22": "N", "41": "N", "15": "N", "55": "N", "8": "N", "64": "N", "61": "N", "31": "N", "48": "N", "9": "N", "28": "N", "14": "N", "49": "N", "58": "N", "0": "N", "50": "N", "33": "N", "7": "W", "38": "W", "27": "W", "20": "N", "66": "N", "52": "N", "54": "N", "24": "N", "57": "W", "32": "W", "10": "W", "1": "W", "36": "W", "44": "W", "13": "W"}, {"19": "N", "25": "N", "51": "N", "37": "N", "68": "N", "42": "N", "69": "N", "65": "N", "3": "N", "22": "N", "41": "N", "15": "N", "55": "N", "8": "N", "64": "N", "61": "N", "31": "N", "48": "N", "9": "N", "28": "N", "14": "N", "49": "N", "58": "N", "0": "N", "50": "N", "33": "N", "38": "W", "27": "W", "20": "W", "66": "N", "52": "N", "54": "N", "24": "N", "32": "W", "10": "W", "1": "W", "36": "W", "13": "W"}, {"19": "N", "25": "N", "51": "N", "37": "N", "68": "N", "42": "N", "69": "N", "65": "N", "3": "N", "22": "N", "41": "N", "15": "N", "55": "N", "8": "N", "64": "N", "61": "N", "31": "N", "48": "N", "9": "N", "28": "N", "14": "N", "49": "N", "58": "N", "0": "N", "50": "N", "33": "N", "38": "W", "27": "W", "20": "W", "66": "W", "52": "N", "54": "N", "24": "N", "32": "W", "10": "W", "1": "W", "36": "W", "13": "W"}, {"19": "N", "25": "N", "51": "N", "37": "N", "68": "N", "42": "N", "69": "N", "65": "N", "3": "N", "22": "N", "41": "N", "15": "N", "55": "N", "8": "N", "64": "N", "61": "N", "31": "N", "48": "N", "9": "N", "28": "N", "14": "N", "49": "N", "58": "N", "0": "N", "50": "N", "33": "N", "27": "W", "20": "W", "66": "W", "52": "W", "54": "N", "24": "N", "10": "W", "1": "W", "36": "W", "13": "W"}, {"19": "N", "25": "N", "51": "N", "37": "N", "68": "N", "42": "N", "69": "N", "65": "N", "3": "N", "22": "N", "41": "N", "15": "N", "55": "N", "8": "N", "64": "N", "61": "N", "31": "N", "48": "N", "9": "N", "28": "N", "14": "N", "49": "N", "58": "N", "0": "N", "50": "N", "33": "N", "27": "W", "20": "W", "66": "W", "52": "W", "54": "W", "24": "N", "10": "W", "1": "W", "36": "W"}, {"19": "N", "25": "N", "51": "N", "37": "N", "68": "N", "42": "N", "69": "N", "65": "N", "3": "N", "22": "N", "41": "N", "15": "N", "55": "N", "8": "N", "64": "N", "61": "N", "31": "N", "48": "N", "9": "N", "28": "N", "14": "W", "49": "N", "58": "N", "0": "N", "50": "N", "33": "N", "27": "W", "20": "W", "66": "W", "52": "W", "54": "W", "24": "W", "10": "W", "1": "W", "36": "W"}, {"19": "N", "25": "N", "51": "N", "37": "N", "68": "N", "42": "N", "69": "N", "65": "N", "3": "N", "22": "N", "41": "N", "15": "N", "55": "N", "8": "N", "64": "N", "61": "N", "31": "N", "48": "N", "9": "N", "28": "N", "14": "W", "49": "W", "58": "N", "0": "N", "50": "N", "33": "N", "20": "W", "66": "W", "52": "W", "54": "W", "24": "W", "1": "W", "36": "W"}, {"19": "N", "25": "N", "51": "N", "37": "N", "68": "N", "42": "N", "69": "N", "65": "N", "3": "N", "22": "N", "41": "N", "15": "N", "55": "N", "8": "N", "64": "N", "61": "N", "31": "N", "48": "N", "9": "N", "28": "N", "14": "W", "49": "W", "58": "W", "0": "N", "50": "N", "33": "N", "20": "W", "66": "W", "52": "W", "54": "W", "24": "W", "1": "W", "36": "W"}, {"19": "N", "25": "N", "51": "N", "37": "N", "68": "N", "42": "N", "69": "N", "65": "N", "3": "N", "22": "N", "41": "N", "15": "N", "55": "N", "8": "N", "64": "N", "61": "N", "31": "N", "48": "N", "9": "N", "28": "N", "14": "W", "49": "W", "58": "W", "0": "W", "50": "N", "33": "N", "66": "W", "52": "W", "54": "W", "24": "W", "36": "W"}, {"19": "N", "25": "N", "51": "N", "37": "N", "68": "N", "42": "N", "69": "N", "65": "N", "3": "N", "22": "N", "41": "N", "15": "N", "55": "N", "8": "N", "64": "N", "61": "N", "31": "N", "48": "N", "9": "N", "28": "N", "14": "W", "49": "W", "58": "W", "0": "W", "50": "W", "33": "N", "66": "W", "52": "W", "54": "W", "24": "W", "36": "W"}, {"19": "N", "25": "N", "51": "N", "37": "N", "68": "N", "42": "N", "69": "N", "65": "N", "3": "N", "22": "N", "41": "N", "15": "N", "55": "W", "8": "N", "64": "N", "61": "N", "31": "N", "48": "N", "9": "N", "28": "N", "49": "W", "58": "W", "0": "W", "50": "W", "33": "W", "52": "W", "54": "W", "24": "W"}, {"19": "N", "25": "N", "51": "N", "37": "N", "68": "N", "42": "N", "69": "N", "65": "N", "3": "N", "22": "N", "41": "N", "15": "N", "55": "W", "8": "W", "64": "N", "61": "N", "31": "N", "48": "N", "9": "N", "28": "N", "49": "W", "58": "W", "0": "W", "50": "W", "33": "W", "52": "W", "54": "W", "24": "W"}, {"19": "N", "25": "N", "51": "N", "37": "N", "68": "N", "42": "N", "69": "N", "65": "N", "3": "N", "22": "N", "41": "N", "15": "N", "55": "W", "8": "W", "64": "W", "61": "N", "31": "N", "48": "N", "9": "N", "28": "N", "58": "W", "0": "W", "50": "W", "33": "W", "54": "W", "24": "W"}, {"19": "N", "25": "N", "51": "N", "37": "N", "68": "N", "42": "N", "69": "N", "65": "N", "3": "N", "22": "N", "41": "N", "15": "N", "8": "W", "64": "W", "61": "W", "31": "N", "48": "N", "9": "N", "28": "N", "58": "W", "0": "W", "50": "W", "33": "W", "54": "W", "24": "W"}, {"19": "N", "25": "N", "51": "N", "37": "N", "68": "N", "42": "N", "69": "N", "65": "N", "3": "N", "22": "N", "41": "N", "15": "N", "8": "W", "64": "W", "61": "W", "31": "W", "48": "N", "9": "N", "28": "N", "0": "W", "50": "W", "33": "W", "24": "W"}, {"19": "N", "25": "N", "51": "N", "37": "N", "68": "N", "42": "N", "69": "N", "65": "N", "3": "N", "22": "N", "41": "N", "15": "N", "8": "W", "64": "W", "61": "W", "31": "W", "48": "W", "9": "N", "28": "N", "0": "W", "50": "W", "33": "W", "24": "W"}, {"19": "N", "25": "N", "51": "N", "37": "N", "68": "N", "42": "N", "69": "N", "65": "N", "3": "N", "22": "N", "41": "N", "15": "N", "64": "W", "61": "W", "31": "W", "48": "W", "9": "W", "28": "N", "0": "W", "50": "W", "33": "W", "24": "W"}, {"19": "N", "25": "N", "51": "N", "37": "N", "68": "N", "42": "W", "69": "N", "65": "N", "3": "N", "22": "N", "41": "N", "15": "N", "64": "W", "61": "W", "31": "W", "48": "W", "9": "W", "28": "W", "0": "W", "50": "W", "33": "W"}, {"19": "N", "25": "N", "51": "N", "37": "N", "68": "N", "42": "W", "69": "W", "65": "N", "3": "N", "22": "N", "41": "N", "15": "N", "61": "W", "31": "W", "48": "W", "9": "W", "28": "W", "50": "W", "33": "W"}, {"19": "N", "25": "N", "51": "N", "37": "N", "68": "N", "42": "W", "69": "W", "65": "W", "3": "N", "22": "N", "41": "N", "15": "N", "61": "W", "31": "W", "48": "W", "9": "W", "28": "W", "50": "W", "33": "W"}, {"19": "N", "25": "N", "51": "N", "37": "N", "68": "N", "42": "W", "69": "W", "65": "W", "3": "W", "22": "N", "41": "N", "15": "N", "31": "W", "48": "W", "9": "W", "28": "W", "33": "W"}, {"19": "N", "25": "N", "51": "N", "37": "N", "68": "N", "69": "W", "65": "W", "3": "W", "22": "W", "41": "N", "15": "N", "31": "W", "48": "W", "9": "W", "28": "W", "33": "W"}, {"19": "N", "25": "N", "51": "N", "37": "N", "68": "N", "69": "W", "65": "W", "3": "W", "22": "W", "41": "W", "15": "N", "48": "W", "9": "W", "28": "W"}, {"19": "W", "25": "N", "51": "N", "37": "N", "68": "N", "65": "W", "3": "W", "22": "W", "41": "W", "15": "W", "48": "W", "9": "W", "28": "W"}, {"19": "W", "25": "W", "51": "N", "37": "N", "68": "N", "65": "W", "3": "W", "22": "W", "41": "W", "15": "W", "9": "W", "28": "W"}, {"19": "W", "25": "W", "51": "W", "37": "N", "68": "N", "3": "W", "22": "W", "41": "W", "15": "W", "9": "W", "28": "W"}, {"19": "W", "25": "W", "51": "W", "37": "W", "68": "N", "3": "W", "22": "W", "41": "W", "15": "W", "9": "W", "28": "W"}, {"25": "W", "51": "W", "37": "W", "68": "W", "22": "W", "41": "W", "15": "W", "28": "W"}, {"25": "W", "51": "W", "37": "W", "68": "W", "22": "W", "41": "W", "15": "W", "28": "W"}, {"51": "W", "37": "W", "68": "W", "22": "W", "41": "W", "15": "W"}, {"51": "W", "37": "W", "68": "W", "41": "W", "15": "W"}, {"51": "W", "37": "W", "68": "W", "41": "W", "15": "W"}, {"37": "W", "68": "W", "15": "W"}, {"37": "W", "68": "W", "15": "W"}, {"68": "W", "15": "W"}, {"68": "W"}, {"68": "W"}, {"68": "W"}, {"68": "W"}, {"9": "E", "57": "E", "22": "E", "11": "E", "7": "E", "43": "E", "53": "E", "46": "E"}, {"9": "S", "57": "S", "22": "S", "11": "E", "7": "S", "43": "S", "53": "S", "46": "E"}, {"9": "S", "57": "S", "22": "S", "11": "E", "7": "S", "43": "S", "53": "S", "46": "E"}, {"9": "S", "57": "S", "22": "S", "11": "E", "7": "S", "43": "S", "53": "S", "46": "E"}, {"9": "S", "57": "S", "22": "S", "11": "E", "7": "S", "43": "S", "53": "S", "46": "E"}, {"9": "S", "57": "S", "22": "S", "11": "E", "7": "S", "43": "S", "53": "E", "46": "E"}, {"9": "S", "57": "S", "22": "S", "11": "E", "7": "S", "43": "S", "53": "E", "46": "E"}, {"9": "S", "57": "S", "22": "S", "11": "E", "7": "S", "43": "S", "53": "E", "46": "E"}, {"9": "S", "57": "S", "22": "S", "11": "E", "7": "S", "43": "S", "53": "E", "46": "E"}, {"9": "S", "57": "S", "22": "S", "11": "E", "7": "S", "43": "S", "53": "E", "46": "E"}, {"9": "S", "57": "S", "22": "S", "11": "E", "7": "S", "43": "S", "53": "E", "46": "E"}, {"9": "S", "57": "S", "22": "S", "11": "E", "7": "S", "43": "S", "53": "E", "46": "E"}, {"9": "S", "57": "S", "22": "S", "7": "S", "43": "S", "53": "E"}, {"9": "S", "57": "S", "22": "S", "7": "S", "43": "S", "53": "E"}, {"9": "S", "57": "S", "22": "S", "7": "S", "43": "S", "53": "E"}, {"9": "S", "57": "S", "22": "S", "7": "S", "43": "S", "53": "E"}, {"9": "S", "57": "S", "22": "S", "7": "S", "43": "S"}, {"9": "S", "57": "S", "22": "S", "7": "S", "43": "S"}, {"9": "S", "57": "S", "22": "S", "7": "S", "43": "S"}, {"9": "S", "57": "S", "22": "S", "7": "S", "43": "S"}, {"9": "S", "57": "S", "22": "S", "7": "S", "43": "S"}, {"9": "S", "57": "S", "22": "S", "7": "S", "43": "S"}, {"9": "S", "57": "S", "22": "S", "7": "S", "43": "S"}, {"9": "S", "57": "S", "22": "S", "7": "S", "43": "S"}, {"9": "S", "57": "S", "22": "S", "7": "S", "43": "S"}, {"9": "S", "57": "S", "22": "S", "7": "S", "43": "E"}, {"9": "S", "57": "S", "22": "S", "7": "S", "43": "E"}, {"9": "S", "57": "S", "22": "S", "7": "S", "43": "E"}, {"9": "S", "57": "S", "22": "S", "7": "S", "43": "E"}, {"9": "S", "57": "S", "22": "S", "7": "S", "43": "E"}, {"9": "S", "57": "S", "22": "S", "7": "S", "43": "E"}, {"9": "S", "57": "E", "22": "S", "7": "S", "43": "E"}, {"9": "S", "57": "E", "22": "S", "7": "S", "43": "E"}, {"9": "S", "57": "E", "22": "S", "7": "E", "43": "E"}, {"9": "S", "57": "E", "22": "S", "7": "E", "43": "E"}, {"9": "S", "57": "E", "22": "S", "7": "E", "43": "E"}, {"9": "S", "57": "E", "22": "S", "7": "E"}, {"9": "S", "57": "E", "22": "S", "7": "E"}, {"9": "S", "57": "E", "22": "S", "7": "E"}, {"9": "S", "57": "E", "22": "S", "7": "E"}, {"9": "S", "57": "E", "22": "S", "7": "E"}, {"9": "S", "57": "E", "22": "S", "7": "E"}, {"9": "S", "22": "S", "7": "E"}, {"9": "S", "22": "S", "7": "E"}, {"9": "S", "22": "S"}, {"9": "S", "22": "S"}, {"9": "S", "22": "S"}, {"9": "S", "22": "S"}, {"9": "S", "22": "S"}, {"9": "S", "22": "S"}, {"9": "S", "22": "S"}, {"9": "S", "22": "S"}, {"9": "S", "22": "S"}, {"9": "S", "22": "S"}, {"9": "S", "22": "S"}, {"9": "S", "22": "S"}, {"9": "S", "22": "S"}, {"9": "E", "22": "S"}, {"9": "E", "22": "S"}, {"9": "E", "22": "S"}, {"9": "E", "22": "S"}, {"9": "E", "22": "E"}, {"9": "E", "22": "E", "21": "E", "51": "E", "32": "E", "64": "E", "15": "E", "56": "E", "59": "E", "47": "E", "48": "E"}, {"9": "E", "22": "E", "21": "S", "51": "S", "32": "S", "64": "S", "15": "S", "56": "E", "59": "S", "47": "E", "48": "S"}, {"9": "E", "22": "E", "21": "S", "51": "S", "32": "S", "64": "S", "15": "S", "59": "S", "47": "N", "48": "S"}, {"9": "E", "22": "E", "21": "S", "51": "S", "32": "S", "64": "S", "15": "S", "56": "N", "59": "S", "47": "N", "48": "S"}, {"9": "E", "22": "E", "21": "S", "51": "S", "32": "S", "64": "S", "15": "S", "56": "N", "59": "S", "47": "N", "48": "S"}, {"9": "E", "22": "E", "21": "S", "51": "S", "32": "S", "64": "S", "15": "S", "56": "N", "59": "E", "47": "N", "48": "S"}, {"22": "E", "21": "S", "51": "S", "32": "S", "64": "S", "15": "S", "56": "N", "59": "E", "48": "S"}, {"22": "E", "21": "S", "51": "S", "32": "S", "64": "S", "15": "S", "59": "E", "47": "N", "48": "S"}, {"22": "E", "21": "S", "51": "S", "32": "S", "64": "S", "15": "S", "56": "N", "59": "E", "47": "N", "48": "S"}, {"22": "E", "21": "S", "51": "S", "32": "S", "64": "S", "15": "S", "56": "E", "59": "E", "47": "E", "48": "S"}, {"21": "S", "51": "S", "32": "S", "64": "S", "15": "S", "56": "E", "59": "E", "47": "E", "48": "S"}, {"21": "S", "51": "S", "32": "S", "64": "S", "15": "S", "56": "E", "59": "E", "47": "E", "48": "S"}, {"21": "S", "51": "S", "32": "S", "64": "S", "15": "S", "56": "E", "59": "E", "47": "E", "48": "S"}, {"21": "S", "51": "S", "32": "S", "64": "S", "15": "S", "56": "E", "59": "E", "47": "E", "48": "S"}, {"21": "S", "51": "S", "32": "S", "64": "S", "15": "S", "56": "E", "59": "E", "47": "E", "48": "S"}, {"21": "S", "51": "S", "32": "S", "64": "S", "15": "S", "56": "E", "47": "E", "48": "S"}, {"21": "S", "51": "S", "32": "S", "64": "S", "15": "S", "56": "E", "47": "E", "48": "S"}, {"21": "E", "51": "S", "32": "S", "64": "S", "15": "S", "56": "E", "47": "E", "48": "S"}, {"21": "E", "51": "S", "32": "S", "64": "S", "15": "S", "48": "S"}, {"21": "E", "51": "S", "32": "S", "64": "S", "15": "S", "48": "S"}, {"21": "E", "51": "S", "32": "S", "64": "S", "15": "S", "48": "S"}, {"21": "E", "51": "S", "32": "S", "64": "S", "15": "S", "48": "S"}, {"21": "E", "51": "S", "32": "S", "64": "S", "15": "S", "48": "S"}, {"21": "E", "51": "S", "32": "S", "64": "S", "15": "S", "48": "S"}, {"21": "E", "51": "S", "32": "S", "64": "S", "15": "S", "48": "S"}, {"21": "E", "51": "S", "32": "S", "64": "S", "15": "S", "48": "S"}, {"21": "E", "51": "S", "32": "S", "64": "S", "15": "S", "48": "S"}, {"51": "S", "32": "S", "64": "S", "15": "S", "48": "S"}, {"51": "S", "32": "S", "64": "S", "15": "S", "48": "S"}, {"51": "S", "32": "S", "64": "S", "15": "S", "48": "S"}, {"51": "S", "32": "E", "64": "S", "15": "S", "48": "S"}, {"51": "S", "32": "E", "64": "S", "15": "S", "48": "S"}, {"51": "S", "32": "E", "64": "S", "15": "S", "48": "S"}, {"51": "S", "32": "E", "64": "S", "15": "S", "48": "S"}, {"51": "S", "32": "E", "64": "S", "15": "S", "48": "S"}, {"51": "S", "32": "E", "64": "S", "15": "S", "48": "S"}, {"51": "S", "32": "E", "64": "S", "15": "S", "48": "S"}, {"51": "S", "32": "E", "64": "S", "15": "S", "48": "S"}, {"51": "S", "32": "E", "64": "S", "15": "S", "48": "S"}, {"51": "S", "32": "E", "64": "S", "15": "S", "48": "S"}, {"51": "S", "64": "S", "15": "S", "48": "S"}, {"51": "S", "64": "S", "15": "S", "48": "S"}, {"51": "S", "64": "S", "15": "S", "48": "S"}, {"51": "S", "64": "S", "15": "S", "48": "S"}, {"51": "S", "64": "S", "15": "S", "48": "S"}, {"51": "S", "64": "S", "15": "S", "48": "S"}, {"51": "S", "64": "S", "15": "S", "48": "S"}, {"51": "S", "64": "S", "15": "S", "48": "E"}, {"51": "S", "64": "S", "15": "S", "48": "E"}, {"51": "S", "64": "E", "15": "S", "48": "E"}, {"51": "S", "64": "E", "15": "S", "48": "E"}, {"51": "S", "64": "E", "15": "S", "48": "E"}, {"51": "S", "64": "E", "15": "S", "48": "E"}, {"51": "S", "64": "E", "15": "S", "48": "E"}, {"51": "S", "64": "E", "15": "S", "48": "E"}, {"51": "S", "64": "E", "15": "S", "48": "E"}, {"51": "S", "64": "E", "15": "S", "48": "E"}, {"51": "S", "64": "E", "15": "S"}, {"51": "S", "64": "E", "15": "S"}, {"51": "S", "15": "S"}, {"51": "S", "15": "E"}, {"51": "S", "15": "E"}, {"51": "S", "15": "E"}, {"51": "S", "15": "E"}, {"51": "S", "15": "E"}, {"51": "S", "15": "E"}, {"51": "S", "15": "E"}, {"51": "E", "15": "E"}, {"51": "E", "15": "E", "28": "E", "39": "E", "16": "E", "61": "E"}, {"51": "E", "15": "E", "28": "S", "39": "S", "16": "S", "61": "S"}, {"51": "E", "28": "S", "39": "S", "16": "S", "61": "S"}, {"51": "E", "28": "S", "39": "S", "16": "S", "61": "S"}, {"51": "E", "28": "S", "39": "S", "16": "S", "61": "S"}, {"51": "E", "28": "S", "39": "S", "16": "S", "61": "S"}, {"51": "E", "28": "S", "39": "S", "16": "S", "61": "S"}, {"51": "E", "28": "S", "39": "S", "16": "S", "61": "S"}, {"51": "E", "28": "S", "39": "S", "16": "S", "61": "S"}, {"28": "S", "39": "S", "16": "S", "61": "S"}, {"28": "S", "39": "S", "16": "S", "61": "S"}, {"28": "S", "39": "S", "16": "S", "61": "S"}, {"28": "S", "39": "E", "16": "S", "61": "S"}, {"28": "S", "39": "E", "16": "S", "61": "S"}, {"28": "S", "39": "E", "16": "E", "61": "S"}, {"28": "S", "39": "E", "16": "E", "61": "S"}, {"28": "S", "39": "E", "16": "E", "61": "S"}, {"28": "S", "39": "E", "16": "E", "61": "S"}, {"28": "S", "39": "E", "16": "E", "61": "S"}, {"28": "S", "39": "E", "16": "E", "61": "S"}, {"28": "S", "39": "E", "16": "E", "61": "S"}, {"28": "S", "16": "E", "61": "S"}, {"28": "S", "16": "E", "61": "S"}, {"28": "S", "61": "S"}, {"28": "S", "61": "S"}, {"28": "S", "61": "S"}, {"28": "S", "61": "S"}, {"28": "S", "61": "S"}, {"28": "S", "61": "S"}, {"28": "S", "61": "S"}, {"28": "S", "61": "S"}, {"28": "S", "61": "S"}, {"28": "S", "61": "S"}, {"28": "S", "61": "S"}, {"28": "S", "61": "S"}, {"28": "S", "61": "S"}, {"28": "S", "61": "S"}, {"28": "S", "61": "S"}, {"28": "S", "61": "S"}, {"28": "S", "61": "S"}, {"28": "S", "61": "S"}, {"28": "S", "61": "S"}, {"28": "S", "61": "S"}, {"28": "S", "61": "S"}, {"28": "S", "61": "S"}, {"28": "S", "61": "S"}, {"28": "S", "61": "E"}, {"28": "S", "61": "E"}, {"28": "S", "61": "E"}, {"28": "S", "61": "E"}, {"28": "S", "61": "E"}, {"28": "S", "61": "E"}, {"28": "S", "61": "E"}, {"28": "S", "61": "E"}, {"28": "S", "61": "E"}, {"28": "S"}, {"28": "S"}, {"28": "S"}, {"28": "E"}, {"28": "E", "5": "E", "54": "E", "38": "E", "45": "E", "35": "E", "58": "E"}, {"28": "E", "5": "S", "54": "S", "38": "S", "45": "S", "35": "S", "58": "S"}, {"28": "E", "5": "S", "54": "S", "38": "S", "45": "S", "35": "S", "58": "S"}, {"28": "E", "5": "S", "54": "S", "38": "S", "45": "S", "35": "S", "58": "S"}, {"28": "E", "5": "S", "54": "S", "38": "S", "45": "S", "35": "S", "58": "S"}, {"28": "E", "5": "E", "54": "S", "38": "S", "45": "S", "35": "S", "58": "S"}, {"28": "E", "5": "E", "54": "S", "38": "S", "45": "S", "35": "S", "58": "S"}, {"28": "E", "5": "E", "54": "S", "38": "S", "45": "S", "35": "S", "58": "S"}, {"5": "E", "54": "S", "38": "S", "45": "S", "35": "S", "58": "S"}, {"5": "E", "54": "S", "38": "S", "45": "S", "35": "S", "58": "S"}, {"5": "E", "54": "S", "38": "S", "45": "S", "35": "S", "58": "S"}, {"5": "E", "54": "S", "38": "S", "45": "S", "35": "S", "58": "S"}, {"5": "E", "54": "S", "38": "S", "45": "S", "35": "S", "58": "S"}, {"54": "S", "38": "S", "45": "S", "35": "S", "58": "S"}, {"54": "S", "38": "S", "45": "S", "35": "S", "58": "S"}, {"54": "S", "38": "S", "45": "S", "35": "S", "58": "S"}, {"54": "S", "38": "S", "45": "S", "35": "S", "58": "S"}, {"54": "S", "38": "S", "45": "S", "35": "E", "58": "S"}, {"54": "S", "38": "S", "45": "S", "35": "E", "58": "S"}, {"54": "S", "38": "S", "45": "S", "35": "E", "58": "S"}, {"54": "S", "38": "S", "45": "E", "35": "E", "58": "S"}, {"54": "S", "38": "S", "45": "E", "35": "E", "58": "S"}, {"54": "S", "38": "S", "45": "E", "35": "E", "58": "S"}, {"54": "S", "38": "S", "45": "E", "35": "E", "58": "S"}, {"54": "S", "38": "S", "45": "E", "35": "E", "58": "S"}, {"54": "S", "38": "S", "45": "E", "58": "S"}, {"54": "S", "38": "S", "45": "E", "58": "S"}, {"54": "S", "38": "S", "45": "E", "58": "S"}, {"54": "S", "38": "S", "58": "S"}, {"54": "S", "38": "S", "58": "S"}, {"54": "S", "38": "S", "58": "S"}, {"54": "S", "38": "S", "58": "S"}, {"54": "S", "38": "S", "58": "S"}, {"54": "S", "38": "S", "58": "S"}, {"54": "S", "38": "S", "58": "S"}, {"54": "S", "38": "S", "58": "S"}, {"54": "S", "38": "E", "58": "S"}, {"54": "S", "38": "E", "58": "S"}, {"54": "S", "38": "E", "58": "S"}, {"54": "S", "38": "E", "58": "S"}, {"54": "S", "38": "E", "58": "S"}, {"54": "S", "38": "E", "58": "E"}, {"54": "E", "38": "E", "58": "E"}, {"54": "E", "38": "E", "58": "E", "69": "E", "49": "E", "44": "E", "52": "E", "41": "E", "65": "E", "17": "E", "63": "E", "66": "E"}, {"54": "E", "58": "E", "69": "S", "49": "S", "44": "S", "41": "S", "65": "S", "17": "E", "63": "S", "66": "S"}, {"54": "E", "58": "E", "69": "S", "49": "S", "44": "S", "52": "S", "41": "S", "65": "S", "17": "N", "63": "S", "66": "S"}, {"54": "E", "58": "E", "69": "S", "49": "S", "44": "S", "52": "S", "41": "S", "65": "S", "17": "E", "63": "S", "66": "S"}, {"54": "E", "58": "E", "69": "S", "49": "S", "44": "S", "52": "S", "41": "S", "65": "S", "17": "E", "63": "S", "66": "S"}, {"54": "E", "58": "E", "69": "S", "49": "S", "44": "S", "52": "S", "41": "S", "65": "S", "17": "E", "63": "S", "66": "S"}, {"54": "E", "69": "S", "49": "S", "44": "S", "52": "S", "41": "S", "65": "S", "17": "E", "63": "S", "66": "S"}, {"69": "S", "49": "S", "44": "S", "52": "S", "41": "S", "65": "S", "17": "E", "63": "S", "66": "S"}, {"69": "S", "49": "S", "44": "S", "52": "S", "41": "S", "65": "S", "17": "E", "63": "S", "66": "S"}, {"69": "S", "49": "S", "44": "S", "52": "S", "41": "S", "65": "S", "63": "S", "66": "S"}, {"69": "S", "49": "S", "44": "S", "52": "S", "41": "S", "65": "S", "63": "S", "66": "S"}, {"69": "S", "49": "S", "44": "S", "52": "S", "41": "S", "65": "S", "63": "S", "66": "S"}, {"69": "S", "49": "S", "44": "S", "52": "S", "41": "S", "65": "S", "63": "S", "66": "S"}, {"69": "S", "49": "S", "44": "S", "52": "S", "41": "S", "65": "S", "63": "E", "66": "S"}, {"69": "S", "49": "S", "44": "S", "52": "S", "41": "S", "65": "S", "63": "E", "66": "S"}, {"69": "S", "49": "S", "44": "S", "52": "S", "41": "S", "65": "S", "63": "E", "66": "S"}, {"69": "S", "49": "S", "44": "S", "52": "S", "41": "S", "65": "S", "63": "E", "66": "S"}, {"69": "S", "49": "S", "44": "S", "52": "S", "41": "S", "65": "S", "63": "E", "66": "S"}, {"69": "S", "49": "S", "44": "S", "52": "S", "41": "S", "65": "S", "63": "E", "66": "S"}, {"69": "S", "49": "S", "44": "S", "52": "S", "41": "S", "65": "S", "63": "E", "66": "S"}, {"69": "S", "49": "S", "44": "S", "52": "S", "41": "S", "65": "S", "66": "S"}, {"69": "S", "49": "S", "44": "S", "52": "S", "41": "S", "65": "S", "66": "S"}, {"69": "S", "49": "S", "44": "S", "52": "S", "41": "S", "65": "S", "66": "S"}, {"69": "S", "49": "S", "44": "S", "52": "S", "41": "S", "65": "S", "66": "S"}, {"69": "S", "49": "S", "44": "S", "52": "S", "41": "S", "65": "S", "66": "S"}, {"69": "S", "49": "S", "44": "E", "52": "S", "41": "S", "65": "S", "66": "S"}, {"69": "S", "49": "S", "44": "E", "52": "S", "41": "S", "65": "S", "66": "S"}, {"69": "S", "49": "S", "44": "E", "52": "S", "41": "S", "65": "S", "66": "S"}, {"69": "S", "49": "S", "44": "E", "52": "S", "41": "S", "65": "S", "66": "S"}, {"69": "S", "49": "S", "44": "E", "52": "S", "41": "S", "65": "S", "66": "S"}, {"69": "S", "49": "S", "44": "E", "52": "S", "41": "S", "65": "S", "66": "S"}, {"69": "S", "49": "S", "44": "E", "52": "S", "41": "S", "65": "S", "66": "S"}, {"69": "S", "49": "S", "52": "S", "41": "S", "65": "S", "66": "E"}, {"69": "S", "49": "S", "52": "S", "41": "S", "65": "S", "66": "E"}, {"69": "S", "49": "S", "52": "S", "41": "S", "65": "S", "66": "E"}, {"69": "S", "49": "S", "52": "S", "41": "S", "65": "S", "66": "E"}, {"69": "S", "49": "S", "52": "S", "41": "S", "65": "S", "66": "E"}, {"69": "S", "49": "S", "52": "S", "41": "S", "65": "S", "66": "E"}, {"69": "S", "49": "S", "52": "S", "41": "S", "65": "S", "66": "E"}, {"69": "S", "49": "S", "52": "E", "41": "S", "65": "S"}, {"69": "S", "49": "S", "52": "E", "41": "S", "65": "S"}, {"69": "S", "49": "S", "52": "E", "41": "S", "65": "S"}, {"69": "S", "49": "S", "52": "E", "41": "S", "65": "S"}, {"69": "S", "49": "S", "52": "E", "41": "S", "65": "S"}, {"69": "S", "49": "E", "52": "E", "41": "S", "65": "S"}, {"69": "S", "49": "E", "52": "E", "41": "S", "65": "S"}, {"69": "S", "49": "E", "41": "S", "65": "S"}, {"69": "S", "49": "E", "41": "S", "65": "S"}, {"69": "S", "49": "E", "41": "S", "65": "S"}, {"69": "S", "49": "E", "41": "S", "65": "S"}, {"69": "S", "49": "E", "41": "S", "65": "S"}, {"69": "S", "41": "S", "65": "S"}, {"69": "S", "41": "S", "65": "S"}, {"69": "S", "41": "S", "65": "S"}, {"69": "S", "41": "S", "65": "S"}, {"69": "S", "41": "S", "65": "E"}, {"69": "S", "41": "S", "65": "E"}, {"69": "S", "41": "S", "65": "E"}, {"69": "S", "41": "S", "65": "E"}, {"69": "E", "41": "E", "65": "E"}, {"69": "E", "41": "E", "65": "E", "36": "E", "18": "E", "50": "E", "6": "E"}, {"69": "E", "41": "E", "65": "E", "36": "S", "18": "S", "50": "S", "6": "S"}, {"69": "E", "41": "E", "36": "S", "18": "S", "50": "S", "6": "S"}, {"69": "E", "41": "E", "36": "S", "18": "S", "50": "S", "6": "S"}, {"69": "E", "41": "E", "36": "S", "18": "S", "50": "S", "6": "S"}, {"69": "E", "41": "E", "36": "S", "18": "S", "50": "S", "6": "S"}, {"36": "S", "18": "S", "50": "S", "6": "S"}, {"36": "S", "18": "S", "50": "S", "6": "S"}, {"36": "S", "18": "S", "50": "S", "6": "S"}, {"36": "S", "18": "S", "50": "S", "6": "S"}, {"36": "S", "18": "S", "50": "S", "6": "S"}, {"36": "S", "18": "S", "50": "S", "6": "S"}, {"36": "S", "18": "S", "50": "S", "6": "S"}, {"36": "S", "18": "S", "50": "S", "6": "S"}, {"36": "S", "18": "S", "50": "S", "6": "S"}, {"36": "S", "18": "S", "50": "S", "6": "S"}, {"36": "S", "18": "S", "50": "S", "6": "E"}, {"36": "S", "18": "S", "50": "S", "6": "E"}, {"36": "S", "18": "E", "50": "S", "6": "E"}, {"36": "S", "18": "E", "50": "S", "6": "E"}, {"36": "S", "18": "E", "50": "S", "6": "E"}, {"36": "S", "18": "E", "50": "S", "6": "E"}, {"36": "S", "18": "E", "50": "S"}, {"36": "S", "18": "E", "50": "S"}, {"36": "S", "50": "S"}, {"36": "S", "50": "S"}, {"36": "S", "50": "S"}, {"36": "S", "50": "S"}, {"36": "S", "50": "S"}, {"36": "S", "50": "S"}, {"36": "S", "50": "S"}, {"36": "S", "50": "S"}, {"36": "S", "50": "S"}, {"36": "S", "50": "S"}, {"36": "S", "50": "S"}, {"36": "E", "50": "S"}, {"36": "E", "50": "S"}, {"36": "E", "50": "S"}, {"36": "E", "50": "S"}, {"36": "E", "50": "S"}, {"36": "E", "50": "S"}, {"50": "S"}, {"50": "S"}, {"50": "S"}, {"50": "S"}, {"50": "S"}, {"50": "E"}, {"50": "E", "8": "E", "31": "E", "3": "E", "37": "E", "0": "E", "1": "E", "62": "E"}, {"50": "E", "8": "S", "31": "S", "3": "S", "37": "S", "0": "S", "1": "S", "62": "S"}, {"50": "E", "8": "S", "31": "S", "3": "S", "37": "S", "0": "S", "1": "S", "62": "S"}, {"50": "E", "8": "S", "31": "S", "3": "S", "37": "S", "0": "S", "1": "S", "62": "S"}, {"50": "E", "8": "S", "31": "S", "3": "S", "37": "S", "0": "S", "1": "S", "62": "S"}, {"8": "S", "31": "S", "3": "S", "37": "S", "0": "S", "1": "S", "62": "S"}, {"8": "S", "31": "S", "3": "S", "37": "S", "0": "S", "1": "S", "62": "S"}, {"8": "S", "31": "S", "3": "S", "37": "S", "0": "S", "1": "S", "62": "S"}, {"8": "S", "31": "S", "3": "S", "37": "S", "0": "S", "1": "S", "62": "S"}, {"8": "S", "31": "S", "3": "S", "37": "S", "0": "S", "1": "S", "62": "S"}, {"8": "S", "31": "S", "3": "S", "37": "S", "0": "S", "1": "S", "62": "S"}, {"8": "S", "31": "S", "3": "S", "37": "S", "0": "S", "1": "S", "62": "S"}, {"8": "S", "31": "S", "3": "S", "37": "S", "0": "S", "1": "S", "62": "S"}, {"8": "S", "31": "S", "3": "S", "37": "S", "0": "S", "1": "S", "62": "S"}, {"8": "S", "31": "S", "3": "S", "37": "S", "0": "S", "1": "S", "62": "S"}, {"8": "S", "31": "S", "3": "S", "37": "S", "0": "S", "1": "S", "62": "S"}, {"8": "S", "31": "S", "3": "S", "37": "S", "0": "S", "1": "S", "62": "S"}, {"8": "S", "31": "S", "3": "S", "37": "S", "0": "S", "1": "S", "62": "S"}, {"8": "S", "31": "S", "3": "S", "37": "S", "0": "S", "1": "S", "62": "S"}, {"8": "S", "31": "S", "3": "S", "37": "S", "0": "S", "1": "S", "62": "S"}, {"8": "S", "31": "S", "3": "S", "37": "S", "0": "S", "1": "S", "62": "S"}, {"8": "S", "31": "S", "3": "S", "37": "S", "0": "S", "1": "S", "62": "S"}, {"8": "S", "31": "S", "3": "S", "37": "S", "0": "S", "1": "S", "62": "S"}, {"8": "S", "31": "S", "3": "S", "37": "S", "0": "S", "1": "S", "62": "E"}, {"8": "S", "31": "S", "3": "S", "37": "S", "0": "S", "1": "S", "62": "E"}, {"8": "S", "31": "S", "3": "S", "37": "S", "0": "S", "1": "S", "62": "E"}, {"8": "S", "31": "S", "3": "S", "37": "S", "0": "S", "1": "S", "62": "E"}, {"8": "S", "31": "S", "3": "S", "37": "S", "0": "S", "1": "S", "62": "E"}, {"8": "S", "31": "S", "3": "S", "37": "S", "0": "S", "1": "S"}, {"8": "S", "31": "S", "3": "S", "37": "S", "0": "S", "1": "S"}, {"8": "S", "31": "S", "3": "S", "37": "S", "0": "S", "1": "E"}, {"8": "S", "31": "S", "3": "S", "37": "S", "0": "S", "1": "E"}, {"8": "S", "31": "S", "3": "S", "37": "S", "0": "S", "1": "E"}, {"8": "S", "31": "S", "3": "S", "37": "S", "0": "S", "1": "E"}, {"8": "S", "31": "S", "3": "S", "37": "S", "0": "S", "1": "E"}, {"8": "S", "31": "S", "3": "S", "37": "S", "0": "S"}, {"8": "S", "31": "S", "3": "S", "37": "S", "0": "S"}, {"8": "S", "31": "S", "3": "S", "37": "S", "0": "S"}, {"8": "S", "31": "S", "3": "S", "37": "S", "0": "S"}, {"8": "S", "31": "S", "3": "S", "37": "S", "0": "S"}, {"8": "S", "31": "S", "3": "S", "37": "S", "0": "S"}, {"8": "S", "31": "S", "3": "S", "37": "S", "0": "S"}, {"8": "S", "31": "S", "3": "S", "37": "S", "0": "S"}, {"8": "S", "31": "S", "3": "S", "37": "S", "0": "S"}, {"8": "S", "31": "S", "3": "S", "37": "S", "0": "E"}, {"8": "S", "31": "S", "3": "S", "37": "S", "0": "E"}, {"8": "S", "31": "S", "3": "S", "37": "S", "0": "E"}, {"8": "S", "31": "S", "3": "S", "37": "S", "0": "E"}, {"8": "S", "31": "S", "3": "S", "37": "S", "0": "E"}, {"8": "S", "31": "S", "3": "S", "37": "S"}, {"8": "S", "31": "S", "3": "S", "37": "S"}, {"8": "S", "31": "S", "3": "S", "37": "S"}, {"8": "E", "31": "S", "3": "S", "37": "S"}, {"8": "E", "31": "S", "3": "S", "37": "S"}, {"8": "E", "31": "E", "3": "S", "37": "S"}, {"8": "E", "31": "E", "3": "S", "37": "S"}, {"8": "E", "31": "E", "3": "S", "37": "S"}, {"31": "E", "3": "S", "37": "S"}, {"31": "E", "3": "S", "37": "S"}, {"3": "S", "37": "S"}, {"3": "E", "37": "S"}, {"3": "E", "37": "S"}, {"3": "E", "37": "S"}, {"3": "E", "37": "S"}, {"3": "E", "37": "S"}, {"37": "S"}, {"37": "E"}, {"37": "E", "10": "E", "25": "E", "29": "E", "19": "E", "20": "E", "23": "E", "68": "E", "60": "E"}, {"37": "E", "10": "S", "29": "S", "19": "S", "20": "S", "23": "S", "68": "S", "60": "S"}, {"37": "E", "10": "S", "25": "S", "29": "S", "19": "S", "20": "S", "23": "S", "68": "S", "60": "S"}, {"37": "E", "10": "S", "25": "S", "29": "S", "19": "S", "20": "S", "23": "S", "68": "S", "60": "S"}, {"10": "S", "25": "S", "29": "S", "19": "S", "20": "S", "23": "S", "68": "S", "60": "S"}, {"10": "S", "25": "S", "29": "S", "19": "S", "20": "S", "23": "E", "68": "S", "60": "S"}, {"10": "S", "25": "S", "29": "S", "19": "S", "20": "S", "23": "E", "68": "S", "60": "S"}, {"10": "S", "25": "S", "29": "E", "19": "S", "20": "S", "23": "E", "68": "S", "60": "S"}, {"10": "S", "25": "S", "29": "E", "19": "S", "20": "S", "23": "E", "68": "S", "60": "S"}, {"10": "S", "25": "S", "29": "E", "19": "S", "20": "S", "68": "S", "60": "S"}, {"10": "S", "25": "S", "29": "E", "19": "S", "20": "S", "68": "S", "60": "S"}, {"10": "S", "25": "S", "19": "S", "20": "S", "68": "S", "60": "S"}, {"10": "S", "25": "S", "19": "S", "20": "S", "68": "S", "60": "S"}, {"10": "S", "25": "S", "19": "S", "20": "S", "68": "S", "60": "S"}, {"10": "S", "25": "S", "19": "S", "20": "S", "68": "S", "60": "S"}, {"10": "S", "25": "S", "19": "S", "20": "S", "68": "S", "60": "S"}, {"10": "S", "25": "S", "19": "S", "20": "S", "68": "S", "60": "S"}, {"10": "S", "25": "S", "19": "S", "20": "S", "68": "S", "60": "S"}, {"10": "S", "25": "S", "19": "S", "20": "S", "68": "S", "60": "E"}, {"10": "S", "25": "S", "19": "S", "20": "S", "68": "S", "60": "E"}, {"10": "S", "25": "S", "19": "S", "20": "S", "68": "S", "60": "E"}, {"10": "S", "25": "S", "19": "S", "20": "S", "68": "S", "60": "E"}, {"10": "S", "25": "S", "19": "S", "20": "S", "68": "S"}, {"10": "S", "25": "S", "19": "S", "20": "S", "68": "S"}, {"10": "S", "25": "S", "19": "S", "20": "S", "68": "S"}, {"10": "S", "25": "S", "19": "S", "20": "S", "68": "S"}, {"10": "S", "25": "S", "19": "S", "20": "S", "68": "S"}, {"10": "S", "25": "S", "19": "S", "20": "S", "68": "S"}, {"10": "S", "25": "S", "19": "S", "20": "S", "68": "S"}, {"10": "S", "25": "S", "19": "S", "20": "S", "68": "S"}, {"10": "S", "25": "S", "19": "S", "20": "S", "68": "S"}, {"10": "S", "25": "S", "19": "S", "20": "S", "68": "S"}, {"10": "S", "25": "S", "19": "S", "20": "S", "68": "S"}, {"10": "S", "25": "S", "19": "S", "20": "S", "68": "S"}, {"10": "E", "25": "S", "19": "S", "20": "S", "68": "S"}, {"10": "E", "25": "S", "19": "S", "20": "S", "68": "S"}, {"10": "E", "25": "S", "19": "S", "20": "E", "68": "S"}, {"10": "E", "25": "S", "19": "S", "20": "E", "68": "S"}, {"25": "S", "19": "S", "20": "E", "68": "S"}, {"25": "S", "19": "S", "20": "E", "68": "S"}, {"25": "S", "19": "S", "68": "S"}, {"25": "S", "19": "S", "68": "S"}, {"25": "S", "19": "S", "68": "S"}, {"25": "S", "19": "S", "68": "S"}, {"25": "S", "19": "S", "68": "S"}, {"25": "S", "19": "S", "68": "S"}, {"25": "S", "19": "S", "68": "S"}, {"25": "S", "19": "S", "68": "S"}, {"25": "S", "19": "S", "68": "S"}, {"25": "S", "19": "S", "68": "S"}, {"25": "S", "19": "S", "68": "S"}, {"25": "S", "19": "S", "68": "S"}, {"25": "S", "19": "S", "68": "S"}, {"25": "S", "19": "S", "68": "S"}, {"25": "S", "19": "S", "68": "S"}, {"25": "S", "19": "S", "68": "S"}, {"25": "S", "19": "S", "68": "S"}, {"25": "S", "19": "S", "68": "S"}, {"25": "S", "19": "S", "68": "S"}, {"25": "S", "19": "S", "68": "S"}, {"25": "S", "19": "S", "68": "S"}, {"25": "S", "19": "S", "68": "S"}, {"25": "S", "19": "S", "68": "S"}, {"25": "S", "19": "E", "68": "S"}, {"25": "S", "19": "E", "68": "E"}, {"25": "S", "19": "E", "68": "E"}, {"25": "S", "19": "E", "68": "E"}, {"25": "E", "68": "E"}, {"25": "E", "2": "E", "12": "E", "27": "E", "13": "E", "67": "E", "26": "E", "24": "E"}, {"25": "E", "2": "S", "12": "E", "27": "S", "13": "S", "67": "S", "26": "S", "24": "S"}, {"25": "E", "2": "S", "12": "N", "27": "S", "13": "S", "67": "S", "26": "S", "24": "S"}, {"2": "S", "12": "E", "27": "S", "13": "S", "67": "S", "26": "S", "24": "S"}, {"2": "S", "12": "E", "27": "S", "13": "S", "67": "S", "26": "S", "24": "S"}, {"2": "S", "27": "S", "13": "S", "67": "S", "26": "S", "24": "S"}, {"2": "E", "27": "S", "13": "S", "67": "S", "26": "S", "24": "S"}, {"2": "E", "27": "S", "13": "S", "67": "S", "26": "S", "24": "S"}, {"2": "E", "27": "S", "13": "S", "67": "S", "26": "S", "24": "S"}, {"27": "S", "13": "S", "67": "S", "26": "S", "24": "S"}, {"27": "S", "13": "S", "67": "S", "26": "S", "24": "S"}, {"27": "S", "13": "S", "67": "E", "26": "S", "24": "S"}, {"27": "S", "13": "S", "67": "E", "26": "S", "24": "S"}, {"27": "S", "13": "S", "67": "E", "26": "S", "24": "S"}, {"27": "S", "13": "S", "26": "S", "24": "S"}, {"27": "S", "13": "S", "26": "S", "24": "S"}, {"27": "S", "13": "S", "26": "S", "24": "S"}, {"27": "S", "13": "S", "26": "S", "24": "S"}, {"27": "S", "13": "S", "26": "S", "24": "S"}, {"27": "S", "13": "S", "26": "S", "24": "S"}, {"27": "S", "13": "S", "26": "S", "24": "S"}, {"27": "S", "13": "S", "26": "E", "24": "S"}, {"27": "S", "13": "S", "26": "E", "24": "S"}, {"27": "S", "13": "S", "26": "E", "24": "S"}, {"27": "S", "13": "S", "24": "S"}, {"27": "S", "13": "S", "24": "S"}, {"27": "S", "13": "E", "24": "S"}, {"27": "S", "13": "E", "24": "S"}, {"27": "S", "13": "E", "24": "S"}, {"27": "S", "24": "S"}, {"27": "S", "24": "S"}, {"27": "S", "24": "S"}, {"27": "S", "24": "S"}, {"27": "S", "24": "S"}, {"27": "S", "24": "S"}, {"27": "S", "24": "S"}, {"27": "S", "24": "S"}, {"27": "E", "24": "S"}, {"27": "E", "24": "E"}, {"27": "E", "24": "E", "34": "E", "42": "E", "4": "E", "30": "E", "14": "E", "33": "E", "40": "E", "55": "E"}, {"24": "E", "34": "S", "42": "S", "4": "S", "30": "S", "14": "S", "33": "S", "40": "S", "55": "S"}, {"34": "S", "42": "S", "4": "S", "30": "S", "14": "S", "33": "S", "40": "S", "55": "S"}, {"34": "S", "42": "S", "4": "S", "30": "S", "14": "S", "33": "S", "40": "S", "55": "S"}, {"34": "S", "42": "S", "4": "S", "30": "S", "14": "S", "33": "S", "40": "S", "55": "S"}, {"34": "S", "42": "S", "4": "S", "30": "S", "14": "S", "33": "S", "40": "S", "55": "S"}, {"34": "S", "42": "S", "4": "S", "30": "S", "14": "S", "33": "S", "40": "S", "55": "S"}, {"34": "S", "42": "S", "4": "S", "30": "S", "14": "S", "33": "S", "40": "S", "55": "S"}, {"34": "S", "42": "S", "4": "S", "30": "S", "14": "S", "33": "S", "40": "S", "55": "S"}, {"34": "S", "42": "S", "4": "S", "30": "S", "14": "S", "33": "S", "40": "E", "55": "S"}, {"34": "S", "42": "S", "4": "S", "30": "S", "14": "S", "33": "S", "40": "E", "55": "S"}, {"34": "S", "42": "S", "4": "S", "30": "E", "14": "S", "33": "S", "55": "S"}, {"34": "S", "42": "S", "4": "S", "30": "E", "14": "S", "33": "S", "55": "S"}, {"34": "S", "42": "S", "4": "S", "14": "S", "33": "S", "55": "S"}, {"34": "S", "42": "S", "4": "S", "14": "S", "33": "S", "55": "S"}, {"34": "S", "42": "S", "4": "S", "14": "S", "33": "S", "55": "S"}, {"34": "S", "42": "S", "4": "S", "14": "S", "33": "S", "55": "S"}, {"34": "S", "42": "S", "4": "S", "14": "S", "33": "S", "55": "S"}, {"34": "E", "42": "S", "4": "S", "14": "S", "33": "S", "55": "S"}, {"34": "E", "42": "S", "4": "S", "14": "S", "33": "S", "55": "S"}, {"42": "S", "4": "S", "14": "S", "33": "S", "55": "S"}, {"42": "S", "4": "S", "14": "S", "33": "S", "55": "S"}, {"42": "S", "4": "S", "14": "S", "33": "S", "55": "S"}, {"42": "S", "4": "E", "14": "S", "33": "S", "55": "S"}, {"42": "S", "4": "E", "14": "S", "33": "S", "55": "S"}, {"42": "S", "14": "S", "33": "S", "55": "S"}, {"42": "S", "14": "S", "33": "S", "55": "S"}, {"42": "S", "14": "S", "33": "S", "55": "S"}, {"42": "S", "14": "S", "33": "S", "55": "S"}, {"42": "S", "14": "S", "33": "S", "55": "S"}, {"42": "S", "14": "S", "33": "S", "55": "S"}, {"42": "S", "14": "S", "33": "S", "55": "S"}, {"42": "S", "14": "S", "33": "S", "55": "S"}, {"42": "S", "14": "S", "33": "S", "55": "S"}, {"42": "S", "14": "S", "33": "S", "55": "S"}, {"42": "S", "14": "S", "33": "S", "55": "S"}, {"42": "S", "14": "S", "33": "S", "55": "S"}, {"42": "S", "14": "S", "33": "S", "55": "S"}, {"42": "S", "14": "S", "33": "S", "55": "S"}, {"42": "S", "14": "S", "33": "S", "55": "S"}, {"42": "S", "14": "S", "33": "S", "55": "S"}, {"42": "S", "14": "E", "33": "S", "55": "S"}, {"42": "S", "14": "E", "33": "S", "55": "E"}, {"42": "S", "33": "S", "55": "E"}, {"42": "S", "33": "S"}, {"42": "S", "33": "E"}, {"42": "S", "33": "E"}, {"42": "S"}, {"42": "S"}, {"42": "S"}, {"42": "S"}, {"42": "S"}, {"42": "S"}, {"42": "S"}, {"42": "S"}, {"42": "S"}, {"42": "S"}, {"42": "S"}, {"42": "E"}, {"42": "E"}], "result": "SUCCESS", "makespan": 645, "sum": 5337}