{"instance": "small_free_005_20x20_20_80", "steps": [{"4": "N", "5": "N", "12": "W", "13": "N", "28": "W", "43": "N", "60": "W", "68": "W", "0": "W", "53": "W", "55": "W", "57": "N", "69": "N", "18": "N", "20": "S", "24": "N", "30": "W", "31": "N", "37": "W", "44": "N", "61": "N", "64": "S", "70": "N", "9": "S", "21": "W", "22": "N", "34": "S", "40": "N", "47": "S", "50": "S", "58": "W", "7": "W", "15": "S", "19": "W", "35": "S", "52": "N", "65": "E", "72": "E", "76": "W", "79": "W", "1": "W", "16": "W", "36": "S", "39": "N", "42": "W", "46": "W", "49": "N", "51": "N", "56": "W", "59": "E", "66": "S", "73": "W", "75": "N", "2": "N", "8": "W", "11": "S", "26": "W", "32": "E", "33": "W", "48": "N", "54": "E", "67": "W", "77": "W", "6": "W", "14": "E", "23": "N", "29": "S", "71": "N", "74": "W", "3": "E", "10": "W", "27": "W", "41": "W", "62": "E", "63": "E", "78": "W", "17": "E", "25": "W", "38": "E"}, {"4": "N", "5": "N", "12": "W", "13": "N", "28": "W", "43": "N", "60": "W", "68": "W", "0": "W", "53": "W", "55": "W", "57": "N", "69": "N", "18": "N", "20": "S", "24": "N", "30": "W", "31": "N", "37": "W", "44": "N", "61": "N", "64": "S", "70": "N", "9": "S", "21": "W", "22": "N", "34": "S", "40": "N", "47": "S", "50": "S", "58": "W", "7": "W", "15": "S", "19": "W", "35": "S", "52": "N", "65": "E", "72": "E", "76": "W", "79": "W", "1": "W", "16": "W", "36": "S", "39": "N", "42": "W", "46": "W", "49": "N", "51": "N", "56": "W", "59": "E", "66": "S", "73": "W", "75": "N", "2": "N", "8": "W", "11": "S", "26": "W", "32": "E", "48": "N", "54": "E", "67": "W", "77": "W", "6": "W", "14": "E", "23": "N", "29": "S", "71": "N", "3": "E", "10": "W", "27": "W", "41": "W", "62": "E", "63": "E", "78": "W", "17": "E", "25": "W", "38": "E"}, {"43": "W", "60": "W", "0": "W", "53": "W", "55": "W", "57": "N", "69": "N", "18": "N", "20": "S", "24": "N", "30": "W", "31": "N", "37": "W", "44": "N", "61": "N", "64": "S", "70": "N", "9": "S", "21": "W", "22": "N", "34": "S", "40": "N", "47": "S", "50": "S", "58": "W", "7": "W", "15": "S", "19": "W", "35": "S", "52": "N", "65": "E", "72": "E", "76": "W", "79": "W", "1": "W", "16": "W", "36": "S", "39": "N", "42": "W", "46": "W", "49": "N", "51": "N", "56": "W", "59": "E", "66": "S", "73": "W", "75": "N", "2": "N", "8": "W", "11": "S", "26": "W", "32": "E", "48": "N", "54": "E", "67": "W", "77": "W", "6": "W", "14": "E", "23": "N", "29": "S", "71": "N", "3": "E", "10": "W", "27": "W", "41": "W", "62": "E", "63": "E", "78": "W", "17": "E", "25": "W", "38": "E"}, {"28": "W", "60": "N", "0": "W", "53": "N", "55": "W", "57": "E", "69": "N", "18": "N", "20": "S", "24": "N", "30": "W", "31": "N", "37": "W", "44": "N", "61": "N", "64": "S", "9": "S", "21": "W", "22": "N", "34": "S", "47": "S", "50": "S", "58": "W", "7": "W", "15": "S", "19": "W", "35": "S", "45": "N", "52": "N", "65": "E", "72": "E", "76": "W", "79": "W", "1": "W", "16": "W", "36": "S", "39": "N", "42": "W", "46": "W", "49": "N", "51": "N", "56": "W", "59": "E", "66": "S", "73": "W", "75": "N", "2": "N", "8": "W", "11": "S", "26": "W", "32": "E", "48": "N", "54": "E", "67": "W", "77": "W", "6": "W", "14": "E", "23": "N", "29": "S", "71": "N", "3": "E", "10": "W", "27": "W", "41": "W", "62": "E", "63": "E", "78": "W", "17": "E", "25": "W", "38": "E"}, {"28": "W", "60": "W", "68": "W", "0": "N", "53": "W", "55": "W", "57": "N", "69": "N", "20": "S", "61": "N", "70": "N", "9": "S", "21": "W", "22": "N", "34": "S", "40": "N", "47": "S", "50": "S", "58": "W", "7": "W", "15": "S", "19": "W", "35": "S", "45": "W", "52": "N", "65": "E", "72": "E", "76": "W", "79": "W", "1": "W", "16": "W", "36": "S", "39": "N", "42": "W", "46": "W", "49": "N", "51": "N", "56": "W", "59": "E", "66": "S", "73": "W", "75": "N", "2": "N", "8": "W", "11": "S", "26": "W", "32": "E", "33": "W", "48": "N", "54": "E", "67": "W", "77": "W", "6": "W", "14": "E", "23": "N", "29": "S", "71": "N", "74": "W", "3": "E", "10": "W", "27": "W", "41": "W", "62": "E", "63": "E", "78": "W", "17": "E", "25": "W", "38": "E"}, {"43": "N", "60": "W", "68": "W", "0": "W", "53": "W", "57": "N", "20": "S", "61": "W", "70": "N", "21": "W", "22": "N", "40": "N", "50": "S", "58": "W", "7": "W", "15": "S", "19": "W", "35": "S", "45": "W", "52": "N", "65": "E", "72": "E", "76": "W", "79": "W", "1": "W", "16": "W", "36": "S", "39": "N", "42": "W", "46": "W", "49": "N", "51": "N", "56": "W", "59": "E", "66": "S", "73": "W", "75": "N", "2": "N", "8": "W", "11": "S", "26": "W", "32": "E", "33": "N", "48": "N", "54": "E", "67": "W", "77": "W", "6": "W", "14": "E", "23": "N", "29": "S", "71": "N", "3": "E", "10": "W", "27": "W", "41": "W", "62": "E", "63": "E", "78": "W", "17": "E", "25": "W", "38": "E"}, {"43": "N", "60": "W", "68": "W", "53": "W", "57": "N", "20": "S", "61": "N", "64": "S", "70": "N", "21": "W", "22": "E", "40": "N", "50": "S", "58": "W", "7": "W", "15": "S", "19": "W", "35": "W", "45": "W", "52": "N", "76": "W", "79": "W", "1": "W", "16": "W", "36": "S", "39": "N", "42": "W", "46": "W", "49": "N", "51": "N", "56": "W", "59": "E", "66": "S", "73": "W", "75": "N", "2": "N", "8": "W", "11": "S", "26": "W", "32": "E", "33": "W", "48": "N", "54": "E", "67": "W", "77": "W", "6": "W", "14": "E", "23": "N", "29": "S", "71": "N", "74": "W", "3": "E", "10": "W", "27": "W", "41": "W", "62": "E", "63": "E", "78": "W", "17": "E", "25": "W", "38": "E"}, {"43": "N", "60": "W", "68": "W", "53": "W", "57": "N", "20": "S", "64": "S", "70": "N", "21": "W", "22": "N", "40": "N", "50": "W", "58": "W", "7": "W", "15": "S", "19": "W", "45": "W", "52": "N", "72": "E", "76": "W", "79": "W", "1": "W", "16": "W", "36": "W", "39": "N", "42": "W", "49": "N", "51": "N", "56": "W", "59": "N", "66": "S", "2": "N", "8": "W", "11": "S", "26": "W", "33": "W", "48": "N", "54": "E", "67": "W", "77": "W", "6": "W", "14": "E", "23": "N", "29": "S", "71": "N", "74": "N", "3": "E", "10": "W", "27": "W", "41": "W", "62": "E", "63": "E", "78": "W", "17": "E", "25": "W", "38": "E"}, {"43": "N", "60": "W", "68": "W", "53": "W", "57": "N", "20": "W", "24": "N", "64": "S", "70": "N", "21": "W", "22": "N", "58": "W", "7": "W", "15": "W", "45": "W", "52": "N", "72": "E", "76": "W", "79": "W", "1": "W", "16": "W", "39": "N", "42": "W", "49": "N", "51": "N", "56": "W", "59": "E", "66": "S", "26": "W", "32": "E", "33": "W", "48": "N", "77": "W", "6": "W", "14": "E", "23": "N", "29": "S", "71": "N", "74": "W", "3": "E", "10": "W", "27": "W", "41": "W", "62": "E", "63": "E", "78": "W", "17": "E", "25": "W", "38": "E"}, {"43": "N", "60": "W", "68": "W", "53": "W", "57": "N", "24": "N", "64": "S", "22": "N", "58": "W", "7": "W", "45": "W", "52": "N", "76": "W", "79": "W", "16": "W", "42": "W", "49": "N", "51": "N", "59": "E", "8": "W", "26": "S", "32": "E", "33": "W", "48": "N", "54": "E", "77": "W", "6": "W", "29": "S", "71": "N", "74": "W", "3": "E", "27": "W", "41": "W", "62": "E", "63": "E", "78": "W", "17": "E", "38": "E"}, {"43": "N", "60": "W", "53": "W", "58": "W", "7": "W", "45": "N", "72": "E", "76": "W", "1": "W", "16": "W", "42": "N", "49": "W", "51": "N", "56": "W", "59": "E", "8": "W", "26": "W", "32": "E", "33": "W", "48": "N", "54": "E", "67": "W", "77": "W", "6": "W", "29": "W", "71": "W", "74": "W", "3": "E", "10": "W", "78": "W", "17": "E", "25": "W", "38": "E"}, {"53": "W", "21": "W", "58": "W", "7": "S", "52": "N", "72": "E", "76": "W", "79": "W", "1": "W", "16": "W", "42": "W", "49": "N", "51": "N", "56": "W", "59": "E", "26": "W", "33": "W", "48": "W", "67": "W", "77": "W", "29": "S", "71": "N", "74": "W", "3": "E", "10": "W", "78": "N", "25": "W", "38": "E"}, {"43": "N", "68": "W", "53": "W", "21": "W", "58": "W", "19": "W", "45": "W", "52": "N", "76": "W", "79": "W", "1": "W", "16": "W", "42": "W", "51": "W", "26": "W", "33": "S", "48": "N", "67": "W", "6": "W", "74": "W", "3": "E", "10": "W", "78": "W", "38": "N"}, {"48": "E"}, {"48": "S"}, {"48": "E"}, {"48": "E"}, {"48": "E"}, {"48": "E"}, {"48": "E"}, {"48": "E"}, {"48": "E"}, {"48": "E"}, {"48": "E"}, {"48": "E"}, {"48": "E"}, {"48": "E"}, {"48": "S"}, {"48": "S"}, {"48": "S"}, {"48": "S"}, {"48": "S"}, {"13": "S"}, {"13": "E"}, {"13": "E"}, {"13": "E"}, {"13": "E"}, {"13": "S"}, {"13": "S"}, {"13": "E"}, {"10": "E"}, {"10": "N"}, {"10": "E"}, {"10": "E"}, {"10": "E"}, {"10": "E"}, {"10": "E"}, {"10": "E"}, {"10": "E"}, {"10": "E"}, {"10": "E"}, {"10": "E"}, {"10": "E"}, {"10": "E"}, {"10": "E"}, {"10": "E"}, {"10": "E"}, {"10": "E"}, {"10": "E"}, {"10": "E"}, {"10": "N"}, {"10": "N"}, {"10": "N"}, {"10": "N"}, {"10": "N"}, {"10": "N"}, {"10": "N"}, {"10": "N"}, {"57": "S"}, {"57": "E"}, {"57": "E"}, {"57": "E"}, {"57": "E"}, {"57": "E"}, {"57": "E"}, {"57": "E"}, {"57": "E"}, {"57": "E"}, {"57": "E"}, {"57": "S"}, {"57": "S"}, {"57": "S"}, {"57": "S"}, {"57": "S"}, {"57": "S"}, {"57": "S"}, {"57": "S"}, {"57": "S"}, {"57": "E"}, {"57": "S"}, {"57": "S"}, {"57": "S"}, {"57": "S"}, {"19": "N"}, {"19": "N"}, {"19": "E"}, {"19": "E"}, {"19": "E"}, {"19": "E"}, {"19": "E"}, {"19": "E"}, {"19": "E"}, {"19": "E"}, {"19": "E"}, {"19": "E"}, {"19": "E"}, {"19": "E"}, {"19": "E"}, {"19": "E"}, {"19": "E"}, {"19": "E"}, {"19": "E"}, {"19": "E"}, {"19": "E"}, {"19": "E"}, {"19": "E"}, {"17": "W"}, {"17": "W"}, {"17": "W"}, {"17": "W"}, {"17": "W"}, {"17": "W"}, {"17": "W"}, {"17": "W"}, {"17": "N"}, {"17": "N"}, {"17": "N"}, {"17": "N"}, {"17": "N"}, {"17": "N"}, {"17": "N"}, {"17": "N"}, {"17": "N"}, {"17": "N"}, {"75": "S"}, {"75": "E"}, {"75": "E"}, {"75": "E"}, {"75": "E"}, {"75": "E"}, {"75": "E"}, {"75": "E"}, {"75": "E"}, {"75": "E"}, {"75": "E"}, {"75": "S"}, {"75": "S"}, {"75": "S"}, {"75": "S"}, {"75": "S"}, {"75": "S"}, {"75": "S"}, {"35": "E"}, {"35": "N"}, {"35": "E"}, {"35": "E"}, {"35": "E"}, {"35": "N"}, {"35": "N"}, {"35": "N"}, {"35": "N"}, {"35": "N"}, {"35": "N"}, {"35": "N"}, {"35": "N"}, {"35": "N"}, {"35": "N"}, {"35": "N"}, {"35": "N"}, {"35": "N"}, {"35": "N"}, {"35": "N"}, {"35": "N"}, {"31": "E"}, {"31": "S"}, {"31": "S"}, {"31": "S"}, {"31": "S"}, {"31": "W"}, {"31": "S"}, {"22": "E"}, {"22": "E"}, {"22": "E"}, {"22": "E"}, {"22": "E"}, {"22": "E"}, {"22": "S"}, {"22": "S"}, {"22": "S"}, {"22": "S"}, {"22": "S"}, {"22": "S"}, {"22": "S"}, {"22": "S"}, {"22": "S"}, {"22": "S"}, {"22": "S"}, {"40": "S"}, {"40": "E"}, {"40": "E"}, {"40": "E"}, {"40": "E"}, {"40": "E"}, {"40": "S"}, {"40": "S"}, {"40": "E"}, {"40": "S"}, {"40": "S"}, {"40": "S"}, {"40": "S"}, {"40": "S"}, {"40": "E"}, {"40": "S"}, {"40": "E"}, {"40": "S"}, {"40": "E"}, {"29": "E"}, {"29": "E"}, {"29": "N"}, {"29": "E"}, {"29": "E"}, {"29": "N"}, {"29": "N"}, {"29": "N"}, {"29": "N"}, {"29": "N"}, {"29": "N"}, {"29": "N"}, {"29": "N"}, {"29": "N"}, {"29": "N"}, {"29": "N"}, {"29": "N"}, {"29": "N"}, {"29": "N"}, {"29": "N"}, {"29": "N"}, {"29": "N"}, {"29": "N"}, {"29": "N"}, {"29": "N"}, {"26": "N"}, {"26": "E"}, {"26": "E"}, {"26": "E"}, {"26": "E"}, {"26": "E"}, {"26": "E"}, {"26": "E"}, {"26": "E"}, {"26": "E"}, {"26": "E"}, {"26": "E"}, {"26": "E"}, {"26": "E"}, {"26": "E"}, {"26": "E"}, {"26": "E"}, {"26": "E"}, {"26": "E"}, {"26": "E"}, {"26": "E"}, {"26": "E"}, {"26": "N"}, {"26": "N"}, {"26": "N"}, {"26": "N"}, {"26": "N"}, {"4": "E"}, {"4": "S"}, {"4": "E"}, {"4": "S"}, {"4": "S"}, {"4": "S"}, {"4": "S"}, {"4": "S"}, {"4": "S"}, {"4": "E"}, {"4": "E"}, {"72": "W"}, {"72": "N"}, {"72": "W"}, {"72": "W"}, {"72": "N"}, {"72": "W"}, {"72": "W"}, {"72": "W"}, {"72": "W"}, {"72": "W"}, {"72": "W"}, {"72": "W"}, {"72": "W"}, {"72": "N"}, {"72": "N"}, {"72": "N"}, {"72": "N"}, {"72": "N"}, {"65": "W"}, {"65": "S"}, {"65": "S"}, {"65": "W"}, {"65": "W"}, {"65": "W"}, {"65": "W"}, {"65": "N"}, {"78": "E"}, {"78": "S"}, {"78": "E"}, {"78": "E"}, {"78": "E"}, {"78": "E"}, {"78": "E"}, {"78": "E"}, {"78": "E"}, {"78": "E"}, {"78": "E"}, {"78": "E"}, {"78": "E"}, {"78": "E"}, {"78": "N"}, {"78": "N"}, {"78": "N"}, {"78": "N"}, {"78": "N"}, {"78": "N"}, {"78": "N"}, {"78": "N"}, {"78": "N"}, {"23": "S"}, {"23": "E"}, {"23": "S"}, {"23": "S"}, {"23": "S"}, {"23": "S"}, {"23": "E"}, {"23": "S"}, {"23": "S"}, {"23": "E"}, {"59": "W"}, {"59": "N"}, {"59": "W"}, {"59": "W"}, {"59": "N"}, {"59": "W"}, {"59": "W"}, {"59": "N"}, {"59": "W"}, {"59": "W"}, {"59": "N"}, {"59": "W"}, {"59": "N"}, {"59": "N"}, {"59": "W"}, {"59": "W"}, {"59": "W"}, {"59": "N"}, {"59": "W"}, {"59": "W"}, {"59": "W"}, {"59": "W"}, {"59": "W"}, {"59": "W"}, {"59": "N"}, {"54": "W"}, {"54": "N"}, {"54": "N"}, {"54": "W"}, {"54": "W"}, {"54": "W"}, {"54": "W"}, {"54": "W"}, {"54": "W"}, {"54": "W"}, {"54": "W"}, {"54": "W"}, {"54": "W"}, {"54": "W"}, {"54": "W"}, {"54": "N"}, {"54": "N"}, {"54": "N"}, {"54": "N"}, {"54": "N"}, {"54": "N"}, {"54": "N"}, {"33": "N"}, {"33": "N"}, {"33": "N"}, {"33": "N"}, {"33": "E"}, {"33": "E"}, {"33": "E"}, {"33": "E"}, {"33": "E"}, {"33": "E"}, {"33": "E"}, {"33": "E"}, {"33": "E"}, {"33": "E"}, {"33": "E"}, {"33": "E"}, {"33": "E"}, {"33": "E"}, {"33": "E"}, {"33": "E"}, {"33": "S"}, {"33": "S"}, {"50": "E"}, {"50": "E"}, {"50": "E"}, {"50": "E"}, {"50": "E"}, {"50": "E"}, {"50": "N"}, {"50": "N"}, {"50": "N"}, {"50": "N"}, {"50": "N"}, {"50": "N"}, {"50": "N"}, {"50": "N"}, {"50": "N"}, {"50": "N"}, {"50": "N"}, {"50": "N"}, {"15": "E"}, {"15": "N"}, {"15": "N"}, {"15": "N"}, {"15": "E"}, {"15": "E"}, {"15": "N"}, {"15": "N"}, {"15": "N"}, {"15": "N"}, {"15": "N"}, {"15": "N"}, {"15": "N"}, {"15": "N"}, {"15": "N"}, {"15": "N"}, {"15": "N"}, {"15": "N"}, {"15": "N"}, {"15": "N"}, {"15": "N"}, {"15": "N"}, {"15": "N"}, {"15": "N"}, {"66": "N"}, {"66": "E"}, {"66": "E"}, {"66": "N"}, {"66": "N"}, {"66": "N"}, {"66": "N"}, {"66": "N"}, {"66": "N"}, {"66": "N"}, {"66": "N"}, {"66": "N"}, {"66": "N"}, {"66": "N"}, {"66": "N"}, {"66": "N"}, {"66": "N"}, {"66": "N"}, {"66": "N"}, {"66": "N"}, {"66": "N"}, {"46": "E"}, {"46": "E"}, {"46": "E"}, {"46": "E"}, {"46": "E"}, {"46": "E"}, {"46": "E"}, {"46": "E"}, {"46": "E"}, {"46": "N"}, {"46": "N"}, {"46": "N"}, {"46": "N"}, {"46": "N"}, {"46": "N"}, {"46": "N"}, {"46": "N"}, {"46": "N"}, {"46": "N"}, {"46": "N"}, {"46": "N"}, {"46": "N"}, {"36": "N"}, {"36": "N"}, {"36": "N"}, {"36": "N"}, {"36": "N"}, {"36": "N"}, {"36": "N"}, {"36": "N"}, {"36": "N"}, {"36": "N"}, {"36": "N"}, {"36": "N"}, {"36": "N"}, {"36": "N"}, {"36": "N"}, {"36": "N"}, {"36": "N"}, {"36": "N"}, {"36": "N"}, {"36": "N"}, {"36": "N"}, {"70": "S"}, {"70": "E"}, {"70": "E"}, {"70": "S"}, {"70": "S"}, {"70": "S"}, {"70": "S"}, {"70": "E"}, {"70": "E"}, {"70": "S"}, {"70": "S"}, {"70": "S"}, {"70": "S"}, {"70": "S"}, {"70": "S"}, {"70": "S"}, {"70": "S"}, {"58": "S"}, {"58": "E"}, {"58": "E"}, {"58": "E"}, {"58": "E"}, {"58": "E"}, {"58": "E"}, {"58": "E"}, {"58": "E"}, {"58": "E"}, {"58": "E"}, {"58": "E"}, {"58": "E"}, {"58": "E"}, {"58": "E"}, {"58": "E"}, {"58": "E"}, {"58": "E"}, {"58": "E"}, {"58": "E"}, {"58": "E"}, {"58": "N"}, {"58": "N"}, {"58": "N"}, {"58": "N"}, {"41": "E"}, {"41": "E"}, {"41": "E"}, {"41": "E"}, {"41": "E"}, {"41": "E"}, {"41": "E"}, {"41": "E"}, {"41": "E"}, {"41": "N"}, {"41": "N"}, {"41": "N"}, {"41": "N"}, {"41": "N"}, {"41": "N"}, {"41": "N"}, {"41": "N"}, {"41": "N"}, {"34": "N"}, {"34": "E"}, {"34": "E"}, {"34": "E"}, {"34": "E"}, {"34": "E"}, {"34": "N"}, {"34": "N"}, {"34": "N"}, {"34": "N"}, {"34": "N"}, {"34": "N"}, {"34": "N"}, {"34": "N"}, {"34": "N"}, {"12": "E"}, {"12": "E"}, {"12": "E"}, {"12": "E"}, {"12": "E"}, {"12": "E"}, {"12": "E"}, {"12": "E"}, {"12": "S"}, {"12": "E"}, {"12": "E"}, {"12": "E"}, {"12": "S"}, {"79": "N"}, {"79": "E"}, {"79": "E"}, {"79": "E"}, {"79": "E"}, {"79": "E"}, {"79": "E"}, {"79": "E"}, {"79": "E"}, {"79": "E"}, {"79": "E"}, {"79": "E"}, {"79": "E"}, {"79": "E"}, {"79": "E"}, {"79": "E"}, {"79": "E"}, {"79": "E"}, {"79": "E"}, {"79": "E"}, {"79": "E"}, {"79": "N"}, {"11": "N"}, {"11": "E"}, {"11": "E"}, {"11": "E"}, {"11": "E"}, {"11": "E"}, {"11": "E"}, {"11": "E"}, {"11": "N"}, {"11": "N"}, {"11": "N"}, {"11": "N"}, {"11": "N"}, {"11": "N"}, {"11": "N"}, {"11": "N"}, {"11": "N"}, {"8": "E"}, {"8": "N"}, {"8": "N"}, {"8": "E"}, {"8": "E"}, {"8": "E"}, {"8": "E"}, {"8": "E"}, {"8": "E"}, {"8": "E"}, {"8": "E"}, {"8": "E"}, {"8": "E"}, {"8": "E"}, {"8": "N"}, {"8": "N"}, {"8": "N"}, {"8": "N"}, {"8": "N"}, {"77": "N"}, {"77": "E"}, {"77": "N"}, {"77": "E"}, {"77": "E"}, {"77": "N"}, {"77": "N"}, {"77": "N"}, {"77": "E"}, {"77": "E"}, {"77": "E"}, {"77": "E"}, {"77": "E"}, {"77": "E"}, {"77": "E"}, {"77": "E"}, {"77": "E"}, {"77": "E"}, {"77": "S"}, {"63": "W"}, {"63": "W"}, {"63": "N"}, {"63": "W"}, {"63": "W"}, {"63": "W"}, {"63": "W"}, {"63": "W"}, {"63": "W"}, {"63": "W"}, {"63": "N"}, {"62": "W"}, {"62": "W"}, {"62": "W"}, {"62": "W"}, {"62": "W"}, {"62": "W"}, {"62": "W"}, {"62": "W"}, {"62": "N"}, {"62": "N"}, {"62": "W"}, {"62": "W"}, {"62": "W"}, {"62": "W"}, {"62": "W"}, {"62": "W"}, {"62": "W"}, {"62": "W"}, {"62": "N"}, {"62": "N"}, {"62": "N"}, {"62": "N"}, {"56": "E"}, {"56": "S"}, {"56": "E"}, {"56": "E"}, {"56": "E"}, {"56": "E"}, {"56": "E"}, {"56": "E"}, {"56": "E"}, {"56": "E"}, {"56": "E"}, {"56": "E"}, {"56": "E"}, {"56": "E"}, {"56": "E"}, {"56": "E"}, {"56": "E"}, {"56": "E"}, {"56": "N"}, {"56": "N"}, {"56": "N"}, {"56": "N"}, {"7": "E"}, {"7": "E"}, {"7": "N"}, {"7": "E"}, {"7": "E"}, {"7": "N"}, {"7": "N"}, {"7": "N"}, {"7": "E"}, {"7": "E"}, {"7": "E"}, {"7": "E"}, {"7": "E"}, {"7": "E"}, {"7": "E"}, {"7": "E"}, {"7": "E"}, {"7": "S"}, {"7": "S"}, {"7": "E"}, {"7": "E"}, {"6": "N"}, {"6": "N"}, {"6": "E"}, {"6": "E"}, {"6": "N"}, {"6": "N"}, {"6": "N"}, {"6": "E"}, {"6": "E"}, {"6": "E"}, {"6": "E"}, {"6": "E"}, {"6": "E"}, {"6": "E"}, {"6": "E"}, {"6": "E"}, {"3": "W"}, {"3": "W"}, {"3": "W"}, {"3": "W"}, {"3": "W"}, {"3": "W"}, {"3": "W"}, {"3": "W"}, {"3": "W"}, {"3": "W"}, {"3": "W"}, {"3": "S"}, {"71": "E"}, {"71": "S"}, {"71": "E"}, {"71": "E"}, {"71": "E"}, {"71": "S"}, {"71": "S"}, {"71": "E"}, {"71": "S"}, {"71": "S"}, {"71": "S"}, {"71": "S"}, {"71": "S"}, {"71": "S"}, {"71": "S"}, {"71": "W"}, {"71": "S"}, {"71": "S"}, {"71": "S"}, {"71": "E"}, {"68": "N"}, {"68": "E"}, {"68": "E"}, {"68": "E"}, {"68": "E"}, {"68": "N"}, {"68": "E"}, {"68": "E"}, {"68": "E"}, {"68": "E"}, {"68": "E"}, {"68": "E"}, {"68": "E"}, {"68": "E"}, {"68": "E"}, {"68": "E"}, {"68": "S"}, {"68": "E"}, {"68": "S"}, {"68": "E"}, {"61": "E"}, {"61": "S"}, {"61": "S"}, {"61": "S"}, {"61": "W"}, {"61": "W"}, {"61": "S"}, {"61": "S"}, {"61": "S"}, {"61": "S"}, {"61": "S"}, {"61": "S"}, {"61": "S"}, {"61": "W"}, {"61": "S"}, {"61": "S"}, {"61": "S"}, {"61": "S"}, {"61": "E"}, {"61": "E"}, {"47": "W"}, {"47": "N"}, {"47": "W"}, {"47": "W"}, {"47": "W"}, {"47": "W"}, {"47": "W"}, {"47": "W"}, {"47": "W"}, {"47": "N"}, {"47": "N"}, {"47": "N"}, {"47": "N"}, {"47": "N"}, {"47": "N"}, {"47": "N"}, {"47": "N"}, {"47": "N"}, {"47": "N"}, {"47": "N"}, {"47": "N"}, {"47": "N"}, {"47": "N"}, {"47": "N"}, {"47": "N"}, {"42": "E"}, {"42": "N"}, {"42": "E"}, {"42": "N"}, {"42": "E"}, {"42": "E"}, {"42": "E"}, {"42": "E"}, {"42": "E"}, {"42": "E"}, {"42": "E"}, {"42": "E"}, {"42": "E"}, {"42": "E"}, {"42": "S"}, {"42": "S"}, {"42": "E"}, {"42": "S"}, {"42": "E"}, {"42": "E"}, {"42": "E"}, {"42": "E"}, {"42": "S"}, {"42": "S"}, {"42": "S"}, {"42": "S"}, {"42": "E"}, {"42": "S"}, {"42": "E"}, {"42": "E"}, {"32": "N"}, {"32": "W"}, {"32": "N"}, {"32": "W"}, {"32": "W"}, {"32": "S"}, {"32": "W"}, {"32": "W"}, {"32": "W"}, {"32": "W"}, {"32": "W"}, {"32": "W"}, {"32": "W"}, {"32": "N"}, {"32": "W"}, {"32": "W"}, {"32": "W"}, {"32": "S"}, {"32": "S"}, {"25": "E"}, {"25": "E"}, {"25": "E"}, {"25": "E"}, {"25": "E"}, {"25": "E"}, {"25": "E"}, {"25": "N"}, {"25": "N"}, {"25": "N"}, {"25": "N"}, {"25": "N"}, {"25": "N"}, {"25": "N"}, {"64": "E"}, {"64": "E"}, {"64": "E"}, {"64": "N"}, {"64": "E"}, {"64": "E"}, {"64": "E"}, {"64": "E"}, {"64": "E"}, {"64": "N"}, {"64": "N"}, {"64": "N"}, {"64": "N"}, {"64": "N"}, {"64": "N"}, {"64": "N"}, {"64": "N"}, {"64": "N"}, {"28": "N"}, {"28": "E"}, {"28": "N"}, {"28": "N"}, {"28": "N"}, {"28": "E"}, {"28": "E"}, {"28": "E"}, {"28": "E"}, {"28": "E"}, {"28": "E"}, {"28": "E"}, {"28": "S"}, {"28": "E"}, {"28": "S"}, {"28": "E"}, {"28": "S"}, {"28": "E"}, {"28": "E"}, {"28": "E"}, {"28": "S"}, {"28": "S"}, {"20": "E"}, {"20": "N"}, {"20": "N"}, {"20": "N"}, {"20": "N"}, {"20": "N"}, {"20": "E"}, {"20": "N"}, {"20": "N"}, {"20": "N"}, {"20": "N"}, {"20": "N"}, {"20": "N"}, {"20": "N"}, {"5": "S"}, {"5": "W"}, {"5": "W"}, {"5": "S"}, {"5": "S"}, {"5": "S"}, {"5": "S"}, {"5": "S"}, {"5": "E"}, {"5": "S"}, {"5": "E"}, {"5": "S"}, {"5": "E"}, {"5": "E"}, {"5": "S"}, {"73": "E"}, {"73": "E"}, {"73": "E"}, {"73": "E"}, {"73": "N"}, {"73": "N"}, {"73": "N"}, {"67": "N"}, {"67": "E"}, {"67": "E"}, {"67": "E"}, {"67": "E"}, {"67": "E"}, {"67": "E"}, {"67": "E"}, {"67": "E"}, {"67": "N"}, {"67": "N"}, {"67": "N"}, {"67": "N"}, {"67": "N"}, {"67": "N"}, {"60": "N"}, {"60": "E"}, {"60": "E"}, {"60": "E"}, {"60": "E"}, {"60": "E"}, {"60": "N"}, {"60": "E"}, {"60": "E"}, {"60": "E"}, {"60": "E"}, {"60": "E"}, {"60": "E"}, {"60": "E"}, {"60": "S"}, {"60": "E"}, {"60": "E"}, {"60": "E"}, {"60": "S"}, {"60": "E"}, {"60": "S"}, {"60": "E"}, {"60": "S"}, {"60": "S"}, {"60": "E"}, {"49": "E"}, {"49": "S"}, {"49": "S"}, {"49": "S"}, {"49": "S"}, {"49": "S"}, {"49": "E"}, {"49": "S"}, {"49": "S"}, {"49": "S"}, {"49": "S"}, {"49": "S"}, {"49": "S"}, {"49": "S"}, {"49": "W"}, {"49": "W"}, {"49": "W"}, {"49": "W"}, {"49": "S"}, {"49": "S"}, {"49": "S"}, {"49": "E"}, {"49": "E"}, {"27": "E"}, {"27": "E"}, {"27": "E"}, {"27": "E"}, {"27": "E"}, {"27": "E"}, {"27": "E"}, {"27": "E"}, {"27": "E"}, {"27": "N"}, {"52": "E"}, {"52": "S"}, {"52": "S"}, {"52": "S"}, {"52": "S"}, {"52": "S"}, {"52": "S"}, {"52": "S"}, {"52": "E"}, {"52": "S"}, {"52": "S"}, {"52": "S"}, {"52": "S"}, {"52": "S"}, {"52": "S"}, {"52": "S"}, {"52": "W"}, {"52": "W"}, {"52": "W"}, {"52": "W"}, {"52": "W"}, {"52": "S"}, {"52": "S"}, {"52": "E"}, {"52": "S"}, {"52": "E"}, {"52": "S"}, {"52": "E"}, {"43": "W"}, {"43": "W"}, {"43": "W"}, {"43": "W"}, {"43": "W"}, {"43": "S"}, {"43": "S"}, {"43": "S"}, {"43": "S"}, {"43": "S"}, {"43": "S"}, {"43": "S"}, {"43": "S"}, {"43": "S"}, {"43": "S"}, {"43": "S"}, {"43": "S"}, {"43": "S"}, {"43": "E"}, {"43": "S"}, {"43": "E"}, {"43": "S"}, {"43": "S"}, {"43": "S"}, {"43": "E"}, {"43": "S"}, {"43": "E"}, {"21": "N"}, {"21": "E"}, {"21": "E"}, {"21": "E"}, {"21": "N"}, {"21": "E"}, {"21": "E"}, {"21": "E"}, {"21": "E"}, {"21": "E"}, {"21": "E"}, {"21": "E"}, {"21": "S"}, {"21": "E"}, {"9": "E"}, {"9": "N"}, {"9": "E"}, {"9": "E"}, {"9": "E"}, {"9": "E"}, {"9": "N"}, {"9": "N"}, {"9": "N"}, {"9": "N"}, {"9": "N"}, {"76": "S"}, {"76": "E"}, {"76": "E"}, {"76": "E"}, {"76": "E"}, {"76": "E"}, {"76": "E"}, {"76": "E"}, {"76": "E"}, {"76": "E"}, {"76": "E"}, {"76": "E"}, {"76": "E"}, {"76": "E"}, {"76": "N"}, {"76": "N"}, {"76": "N"}, {"45": "E"}, {"45": "N"}, {"45": "N"}, {"45": "E"}, {"45": "E"}, {"45": "E"}, {"45": "E"}, {"45": "E"}, {"45": "S"}, {"45": "S"}, {"45": "E"}, {"45": "E"}, {"45": "E"}, {"45": "E"}, {"45": "S"}, {"45": "S"}, {"45": "S"}, {"74": "E"}, {"74": "E"}, {"74": "E"}, {"74": "E"}, {"74": "E"}, {"74": "S"}, {"74": "E"}, {"74": "E"}, {"74": "S"}, {"74": "S"}, {"74": "E"}, {"74": "E"}, {"74": "S"}, {"74": "E"}, {"74": "S"}, {"74": "E"}, {"74": "E"}, {"74": "E"}, {"74": "E"}, {"74": "S"}, {"74": "E"}, {"74": "S"}, {"74": "S"}, {"74": "S"}, {"74": "S"}, {"74": "E"}, {"74": "S"}, {"38": "N"}, {"38": "N"}, {"38": "W"}, {"38": "W"}, {"38": "S"}, {"38": "W"}, {"38": "W"}, {"38": "W"}, {"38": "W"}, {"38": "W"}, {"38": "W"}, {"38": "W"}, {"38": "N"}, {"38": "W"}, {"38": "W"}, {"38": "W"}, {"38": "W"}, {"38": "W"}, {"38": "W"}, {"38": "W"}, {"38": "W"}, {"38": "N"}, {"38": "W"}, {"38": "W"}, {"38": "W"}, {"38": "W"}, {"38": "N"}, {"1": "N"}, {"1": "E"}, {"1": "E"}, {"1": "E"}, {"1": "E"}, {"1": "E"}, {"1": "E"}, {"1": "E"}, {"1": "E"}, {"1": "E"}, {"1": "E"}, {"1": "N"}, {"1": "N"}, {"1": "N"}, {"51": "W"}, {"51": "W"}, {"51": "S"}, {"51": "S"}, {"51": "S"}, {"51": "S"}, {"51": "S"}, {"51": "S"}, {"51": "S"}, {"51": "S"}, {"51": "S"}, {"51": "S"}, {"51": "S"}, {"51": "E"}, {"51": "S"}, {"51": "S"}, {"51": "S"}, {"51": "W"}, {"51": "S"}, {"37": "E"}, {"37": "E"}, {"37": "E"}, {"37": "E"}, {"24": "W"}, {"24": "S"}, {"24": "W"}, {"24": "W"}, {"24": "W"}, {"24": "W"}, {"24": "W"}, {"24": "W"}, {"24": "S"}, {"24": "S"}, {"24": "S"}, {"24": "S"}, {"24": "S"}, {"24": "S"}, {"24": "S"}, {"24": "E"}, {"24": "S"}, {"24": "S"}, {"24": "S"}, {"24": "S"}, {"24": "S"}, {"24": "E"}, {"24": "E"}, {"24": "S"}, {"24": "E"}, {"24": "S"}, {"24": "S"}, {"24": "S"}, {"16": "E"}, {"16": "S"}, {"16": "E"}, {"16": "E"}, {"16": "E"}, {"16": "E"}, {"16": "E"}, {"16": "E"}, {"16": "E"}, {"16": "E"}, {"16": "N"}, {"16": "N"}, {"16": "N"}, {"55": "E"}, {"55": "N"}, {"55": "E"}, {"55": "E"}, {"55": "E"}, {"55": "E"}, {"55": "E"}, {"55": "S"}, {"55": "S"}, {"55": "E"}, {"55": "E"}, {"55": "E"}, {"55": "S"}, {"55": "S"}, {"55": "S"}, {"55": "S"}, {"55": "E"}, {"55": "S"}, {"55": "S"}, {"55": "S"}, {"53": "S"}, {"53": "E"}, {"53": "E"}, {"53": "E"}, {"53": "E"}, {"53": "E"}, {"53": "E"}, {"53": "E"}, {"53": "E"}, {"53": "E"}, {"53": "E"}, {"53": "E"}, {"53": "E"}, {"53": "N"}, {"53": "N"}, {"14": "W"}, {"14": "W"}, {"14": "W"}, {"14": "W"}, {"14": "W"}, {"14": "W"}, {"14": "W"}, {"14": "S"}, {"14": "S"}, {"14": "S"}, {"14": "S"}, {"14": "S"}, {"14": "W"}, {"14": "W"}, {"14": "W"}, {"14": "W"}, {"14": "W"}, {"14": "S"}, {"14": "S"}, {"14": "W"}, {"39": "E"}, {"39": "S"}, {"39": "S"}, {"39": "S"}, {"39": "E"}, {"39": "E"}, {"39": "S"}, {"39": "S"}, {"39": "S"}, {"39": "S"}, {"39": "S"}, {"39": "S"}, {"39": "S"}, {"39": "E"}, {"39": "E"}, {"39": "S"}, {"39": "S"}, {"39": "S"}, {"39": "S"}, {"39": "S"}, {"39": "S"}, {"39": "W"}, {"39": "W"}, {"39": "W"}, {"39": "W"}, {"39": "S"}, {"39": "S"}, {"39": "S"}, {"39": "S"}, {"39": "S"}, {"39": "S"}, {"2": "E"}, {"2": "S"}, {"2": "E"}, {"2": "E"}, {"2": "S"}, {"2": "S"}, {"2": "S"}, {"2": "S"}, {"2": "S"}, {"2": "S"}, {"2": "S"}, {"2": "E"}, {"2": "E"}, {"2": "S"}, {"2": "S"}, {"2": "S"}, {"2": "S"}, {"2": "S"}, {"2": "S"}, {"2": "W"}, {"2": "W"}, {"2": "W"}, {"2": "S"}, {"2": "S"}, {"2": "S"}, {"2": "S"}, {"2": "S"}, {"2": "S"}, {"2": "S"}, {"30": "E"}, {"30": "E"}, {"30": "S"}, {"30": "S"}, {"30": "S"}, {"30": "S"}, {"30": "E"}, {"30": "E"}, {"30": "E"}, {"30": "S"}, {"30": "S"}, {"30": "S"}, {"30": "S"}, {"44": "W"}, {"44": "W"}, {"44": "W"}, {"44": "S"}, {"44": "S"}, {"44": "S"}, {"44": "S"}, {"44": "S"}, {"44": "S"}, {"44": "S"}, {"44": "S"}, {"44": "S"}, {"44": "S"}, {"44": "E"}, {"44": "E"}, {"44": "S"}, {"44": "S"}, {"44": "S"}, {"44": "S"}, {"44": "S"}, {"69": "W"}, {"69": "S"}, {"69": "S"}, {"69": "S"}, {"69": "S"}, {"69": "S"}, {"69": "S"}, {"69": "S"}, {"69": "S"}, {"69": "E"}, {"69": "S"}, {"69": "S"}, {"69": "S"}, {"69": "S"}, {"69": "S"}, {"69": "W"}, {"69": "S"}, {"69": "S"}, {"69": "S"}, {"69": "S"}, {"69": "W"}, {"69": "S"}, {"69": "S"}, {"69": "S"}, {"69": "S"}, {"18": "W"}, {"18": "S"}, {"18": "W"}, {"18": "W"}, {"18": "W"}, {"18": "W"}, {"18": "S"}, {"18": "S"}, {"18": "S"}, {"18": "S"}, {"18": "S"}, {"18": "S"}, {"18": "S"}, {"18": "S"}, {"18": "S"}, {"18": "E"}, {"18": "S"}, {"18": "S"}, {"18": "S"}, {"18": "S"}, {"18": "S"}, {"18": "S"}, {"18": "S"}, {"0": "E"}, {"0": "S"}, {"0": "E"}, {"0": "E"}, {"0": "E"}, {"0": "S"}, {"0": "S"}, {"0": "S"}, {"0": "S"}, {"0": "S"}, {"0": "E"}, {"0": "S"}, {"0": "S"}, {"0": "S"}, {"0": "S"}, {"0": "S"}, {"0": "S"}, {"0": "E"}, {"0": "S"}, {"0": "S"}, {"0": "S"}, {"0": "S"}], "result": "SUCCESS", "makespan": 1543, "sum": 2246, "algo_name": "OutAndInBFS_default"}