{"instance": "small_free_005_20x20_20_80", "steps": [{"61": "W", "65": "E", "36": "W", "11": "E", "70": "E", "78": "E", "48": "E", "43": "W", "34": "E", "26": "E", "69": "W", "5": "E", "20": "E", "24": "W", "57": "E", "35": "E", "44": "S", "59": "W", "64": "E", "31": "S", "41": "W", "40": "E", "13": "E", "66": "E", "45": "E", "72": "W", "62": "W", "54": "W", "2": "E", "17": "E", "71": "E", "32": "W", "51": "W", "21": "N", "3": "E", "42": "E", "4": "E", "18": "W", "29": "E", "28": "E", "68": "E", "12": "E", "9": "E", "15": "E", "60": "E", "22": "E", "53": "N"}, {"22": "E", "68": "E", "32": "W", "7": "E", "65": "S", "66": "E", "57": "E", "74": "E", "26": "E", "5": "E", "33": "E", "41": "N", "18": "W", "62": "W", "13": "E", "42": "E", "29": "E", "45": "E", "15": "E", "60": "E", "2": "E", "9": "E", "69": "W", "11": "E", "35": "E", "4": "E", "36": "N", "40": "E", "71": "E", "48": "E", "12": "E", "64": "E", "17": "E", "72": "N"}, {"48": "E", "68": "E", "17": "E", "42": "E", "4": "E", "74": "E", "76": "N", "36": "N", "72": "N", "57": "E", "33": "E", "45": "E", "46": "E", "29": "E", "5": "S", "13": "E", "35": "E", "64": "E", "71": "E", "11": "E", "60": "E", "32": "W", "22": "E", "7": "E", "40": "E", "41": "N", "8": "E", "15": "N"}, {"15": "N", "76": "N", "36": "N", "74": "E", "13": "E", "72": "N", "40": "E", "4": "E", "42": "E", "11": "E", "8": "E", "29": "N", "16": "W", "57": "E", "7": "E", "22": "E", "66": "N", "5": "S", "64": "E", "33": "E", "43": "W", "35": "N", "46": "E"}, {"51": "S", "13": "E", "29": "E", "7": "E", "14": "S", "61": "W", "57": "E", "44": "W", "60": "S", "70": "S", "68": "W", "15": "N", "50": "N", "67": "N", "0": "W", "46": "N", "5": "S", "63": "N", "35": "N", "11": "E", "25": "S", "59": "N", "72": "N", "40": "E", "64": "E", "49": "E", "73": "N", "4": "S", "43": "S", "36": "N"}, {"61": "S", "54": "W", "3": "E", "66": "W", "24": "W", "70": "E", "10": "E", "51": "W", "56": "E", "19": "E", "39": "E", "50": "E", "63": "E", "13": "S", "11": "E", "75": "E", "60": "E", "67": "W", "4": "S", "34": "E", "41": "W", "73": "W", "29": "N", "72": "N", "46": "N", "9": "E", "44": "W", "57": "E", "0": "S", "5": "S", "35": "N", "23": "E", "43": "S", "14": "W"}, {"71": "E", "50": "E", "29": "N", "67": "N", "10": "E", "63": "N", "61": "S", "54": "N", "4": "S", "0": "S", "11": "E", "19": "E", "8": "N", "51": "S", "23": "E", "35": "N", "73": "N", "7": "N", "46": "N", "72": "N", "14": "S", "57": "E", "12": "S", "43": "S", "59": "W", "74": "E"}, {"19": "E", "4": "S", "70": "E", "50": "E", "24": "W", "18": "W", "73": "W", "23": "E", "61": "E", "72": "N", "11": "N", "46": "N", "71": "S", "2": "S", "49": "S", "25": "W", "57": "E", "0": "E", "33": "N", "35": "N"}, {"23": "N", "0": "S", "43": "W", "11": "N", "54": "E", "42": "S", "50": "E", "4": "S", "68": "E", "61": "W", "51": "N", "27": "N", "41": "E", "20": "E", "34": "N", "5": "W", "1": "N", "56": "E", "24": "W", "35": "W", "15": "N", "70": "E", "10": "E", "18": "W", "69": "S", "40": "S", "49": "E", "57": "E", "66": "N", "59": "N"}, {"60": "E", "33": "E", "30": "S", "34": "E", "70": "S", "1": "W", "79": "E", "68": "E", "35": "N", "50": "E", "20": "N", "40": "S", "48": "E", "64": "E", "9": "E", "15": "N", "27": "W", "57": "E", "61": "S", "36": "N", "23": "N", "51": "N"}, {"5": "W", "24": "W", "12": "N", "50": "N", "0": "W", "1": "W", "29": "N", "55": "E", "57": "E", "10": "S", "42": "W", "20": "N", "74": "W", "58": "N", "26": "N", "48": "W", "64": "E", "35": "N", "40": "S", "30": "E", "70": "S", "15": "E", "79": "E", "67": "S", "66": "N", "8": "E"}, {"64": "E", "50": "N", "24": "S", "54": "W", "30": "S", "1": "N", "28": "N", "61": "S", "35": "N", "29": "W", "77": "W", "44": "S", "67": "W", "5": "S", "40": "E", "0": "S", "58": "E", "73": "W", "10": "E", "6": "W", "57": "S", "53": "N", "43": "S"}, {"41": "N", "64": "N", "57": "E", "18": "S", "40": "E", "28": "E", "69": "S", "50": "N", "10": "E", "30": "S", "24": "S", "44": "S", "5": "S", "46": "N", "0": "S", "29": "N", "67": "W"}, {"2": "W", "66": "E", "16": "S", "36": "W", "64": "N", "47": "E", "0": "E", "44": "W", "5": "E", "54": "E", "55": "S", "9": "E", "46": "E", "12": "E", "50": "N", "28": "E", "15": "E", "33": "W", "48": "W", "43": "E", "10": "E", "22": "N", "29": "N", "59": "S", "56": "N", "51": "S", "18": "W", "24": "E", "57": "S"}, {"56": "E", "0": "E", "61": "S", "49": "S", "22": "E", "39": "S", "55": "E", "10": "N", "70": "S", "44": "S", "66": "E", "79": "E", "29": "N", "18": "S", "68": "E", "12": "E", "73": "N", "57": "S", "25": "W"}, {"49": "E", "15": "W", "69": "W", "44": "S", "0": "S", "35": "E", "29": "N", "47": "S", "68": "E", "41": "S", "57": "S", "18": "S", "25": "W", "39": "E", "54": "S", "66": "W", "10": "E", "28": "W", "55": "E", "5": "W", "36": "E", "1": "E", "20": "N", "22": "E", "52": "E", "56": "S", "12": "E", "43": "E", "33": "W"}, {"69": "S", "28": "W", "52": "S", "29": "N", "47": "W", "12": "E", "79": "E", "10": "N", "49": "S", "56": "E", "0": "S", "40": "S", "57": "S", "30": "S", "55": "E", "25": "W", "59": "N", "22": "E", "17": "W", "44": "S", "14": "S", "35": "E", "54": "W", "34": "E", "71": "S", "20": "W", "18": "S"}, {"20": "N", "69": "S", "40": "E", "34": "N", "10": "N", "35": "N", "44": "E", "29": "N", "0": "S", "18": "S", "12": "E", "25": "N", "47": "W", "9": "N", "61": "S", "52": "S", "22": "S", "3": "S"}, {"61": "E", "2": "E", "43": "W", "26": "W", "44": "E", "0": "S", "79": "W", "55": "W", "36": "W", "22": "S", "40": "E", "34": "E", "47": "W", "12": "E", "66": "S", "28": "W", "41": "W", "35": "N", "18": "S", "10": "N", "69": "E", "33": "E", "67": "W"}, {"52": "S", "0": "S", "28": "S", "66": "W", "46": "N", "12": "E", "56": "E", "30": "S", "10": "N", "79": "N", "47": "W", "67": "W", "34": "N", "69": "S", "18": "E", "40": "N"}, {"30": "S", "10": "N", "1": "W", "58": "W", "12": "S", "46": "S", "60": "W", "61": "W", "25": "W", "18": "W", "55": "E", "34": "N", "44": "S", "54": "S", "0": "S", "66": "W", "47": "W", "67": "W", "24": "W", "49": "W"}, {"42": "S", "66": "N", "12": "S", "47": "W", "34": "N", "30": "S", "10": "N", "60": "S", "56": "E", "19": "N", "44": "S", "54": "W", "0": "S", "16": "W", "77": "N"}, {"19": "N", "42": "N", "36": "N", "10": "E", "0": "S", "48": "E", "66": "E", "75": "E", "16": "W", "5": "E", "68": "E", "47": "W", "33": "E", "58": "E", "25": "E", "18": "E", "44": "S", "60": "S", "54": "W", "8": "W", "30": "S", "49": "E"}, {"0": "S", "75": "E", "69": "S", "44": "S", "16": "W", "66": "N", "49": "N", "67": "N", "47": "W", "25": "N", "10": "N", "24": "S", "62": "W", "51": "E", "43": "W", "5": "E", "54": "N", "19": "E"}, {"75": "E", "44": "S", "55": "S", "10": "N", "0": "S", "49": "N", "47": "W", "16": "W", "19": "E"}, {"28": "N", "67": "N", "17": "S", "51": "E", "1": "W", "19": "E", "18": "S", "10": "W", "75": "E", "79": "S", "48": "N", "36": "W", "61": "E", "43": "W", "47": "N", "54": "W", "16": "W", "56": "W"}, {"28": "E", "46": "W", "18": "S", "56": "W", "24": "S", "69": "S", "6": "W", "47": "N", "14": "S", "39": "W", "61": "E", "48": "E", "10": "N", "26": "W", "17": "E", "16": "N", "1": "W", "19": "E"}, {"47": "N", "28": "E", "2": "N", "16": "N", "1": "W", "62": "W", "61": "E", "18": "S", "43": "S", "67": "N", "8": "N", "48": "E", "17": "E", "19": "E", "14": "W", "54": "N"}, {"8": "N", "58": "W", "67": "E", "16": "E", "17": "N", "18": "S", "1": "E", "2": "S", "61": "S", "33": "N", "56": "W", "54": "N", "69": "S", "25": "S", "35": "E", "55": "N", "47": "N", "48": "N", "28": "E", "15": "E", "19": "E", "14": "W"}, {"33": "E", "55": "W", "60": "E", "22": "S", "16": "N", "48": "E", "36": "W", "1": "E", "75": "W", "19": "E", "79": "E", "47": "N", "38": "S", "69": "E", "39": "W", "15": "E", "25": "W", "18": "S", "35": "N", "67": "E"}, {"19": "N", "16": "E", "33": "E", "67": "N", "18": "S", "55": "W", "48": "N", "25": "W", "15": "S", "35": "N", "47": "N"}, {"17": "E", "14": "S", "43": "W", "67": "N", "19": "E", "15": "E", "25": "N", "58": "E", "52": "N", "18": "S", "47": "N", "74": "S", "39": "S", "77": "N", "38": "N", "48": "E", "28": "W", "35": "W", "33": "N", "6": "N", "69": "S"}, {"17": "N", "55": "S", "69": "S", "15": "E", "61": "S", "36": "N", "52": "W", "48": "N", "33": "E", "19": "E", "28": "N", "14": "W", "67": "N", "2": "W", "35": "W"}, {"67": "E", "28": "W", "43": "E", "25": "E", "79": "W", "6": "S", "17": "W", "69": "S", "52": "E", "61": "E", "36": "S", "48": "E", "38": "S", "59": "W", "14": "S", "66": "W", "33": "E", "35": "S"}, {"14": "S", "52": "E", "69": "S", "70": "S", "75": "S", "36": "E", "78": "S", "61": "E", "55": "S", "28": "W", "33": "S", "39": "N", "77": "N", "17": "W", "19": "S", "58": "E", "15": "N", "1": "E"}, {"15": "N", "55": "E", "42": "E", "17": "N", "61": "E", "48": "E", "28": "S", "74": "S", "69": "W"}, {"39": "E", "8": "N", "79": "S", "61": "S", "74": "E", "54": "N", "1": "N", "48": "E", "17": "W", "15": "W", "60": "S", "42": "S", "58": "N", "69": "S", "28": "S"}, {"41": "W", "66": "W", "1": "N", "42": "S", "61": "S", "15": "N", "78": "W", "48": "E", "69": "S", "28": "S"}, {"48": "N", "77": "N", "56": "E", "2": "W", "58": "N", "47": "N", "6": "N", "41": "N", "79": "E", "59": "S", "38": "W", "61": "W", "49": "S", "52": "S", "36": "W", "54": "E", "55": "W", "28": "E", "69": "S"}, {"75": "W", "62": "E", "74": "S", "69": "S", "28": "E", "61": "W", "52": "W", "36": "S", "55": "S", "26": "E", "25": "N", "60": "E", "48": "N", "77": "E", "24": "W"}, {"36": "S", "77": "E", "43": "S", "75": "S", "48": "E", "55": "S", "74": "E", "45": "S", "61": "W"}, {"55": "E", "60": "S", "28": "E", "42": "E", "75": "N", "61": "W", "46": "E", "43": "S", "36": "E", "41": "S", "74": "E", "58": "E", "2": "N", "54": "N"}, {"42": "S", "51": "W", "25": "E", "58": "N", "36": "E", "75": "E", "28": "E", "61": "W", "74": "S", "60": "E", "26": "S"}, {"74": "E", "61": "W", "42": "E", "60": "W", "6": "W", "39": "E", "36": "W", "43": "W", "46": "E", "49": "N", "15": "N"}, {"61": "E", "46": "N", "2": "E", "42": "E", "43": "E", "60": "N", "62": "W", "17": "E", "38": "N", "74": "S", "26": "E", "58": "N", "59": "E", "56": "E", "75": "N"}, {"47": "E", "49": "W", "24": "S", "58": "E", "56": "N", "61": "N", "78": "E", "79": "E", "54": "N", "75": "N", "74": "S"}, {"75": "S", "78": "W", "59": "W", "51": "W", "15": "N", "58": "E", "55": "W", "60": "N", "46": "N", "6": "W", "41": "W", "62": "E", "39": "S", "56": "W", "17": "N", "74": "S"}, {"49": "W", "58": "E", "55": "S", "43": "N", "6": "S", "15": "W", "74": "S"}, {"47": "N", "75": "W", "24": "W", "43": "E", "38": "N", "6": "W", "58": "E", "78": "S", "36": "E", "41": "E", "17": "N", "59": "E", "51": "N", "74": "S", "54": "N"}, {"54": "E", "74": "E", "6": "W", "66": "E", "26": "E", "51": "W", "55": "E", "59": "E", "28": "S", "15": "N", "2": "W", "58": "S", "60": "E", "25": "N"}, {"59": "N", "17": "W", "49": "W", "60": "E", "6": "W", "51": "W", "24": "S", "41": "N", "74": "S", "25": "N"}, {"24": "W", "15": "N", "41": "N", "51": "W", "47": "S", "17": "N", "28": "E", "42": "W", "26": "E", "56": "E", "59": "N", "25": "N", "43": "W", "75": "S", "6": "E"}, {"47": "W", "6": "E", "42": "S", "25": "N", "24": "S", "51": "W", "38": "S", "15": "W", "66": "E", "43": "W", "59": "W", "41": "E", "61": "N"}, {"56": "E", "42": "S", "51": "W", "25": "N", "17": "N", "43": "S", "6": "E", "24": "S", "41": "N"}, {"17": "N", "6": "E", "51": "S", "46": "S", "78": "N", "41": "N", "39": "S", "43": "S", "59": "N", "55": "S", "2": "S", "42": "E", "26": "S"}, {"51": "S", "59": "W", "24": "E", "17": "N", "75": "E", "79": "W", "55": "E", "39": "E", "41": "N", "42": "E", "49": "W"}, {"42": "N", "75": "E", "17": "N", "41": "N", "55": "E", "51": "S", "39": "E"}, {"55": "S", "36": "E", "26": "N", "39": "E", "41": "E", "75": "E", "49": "E", "78": "W", "51": "E", "6": "N", "79": "E", "17": "E"}, {"66": "W", "17": "N", "78": "N", "24": "E", "41": "N", "49": "E", "75": "E", "39": "S", "51": "E", "6": "E"}, {"75": "S", "78": "N", "49": "E", "36": "E", "6": "E", "24": "E", "79": "N", "51": "E", "39": "S", "52": "N"}, {"52": "W", "6": "N", "28": "S", "51": "E", "49": "E", "75": "E", "2": "E", "39": "S"}, {"79": "E", "78": "S", "46": "N", "47": "W", "75": "E", "15": "N", "49": "W", "6": "N", "39": "S", "2": "E"}, {"38": "S", "39": "W", "2": "S", "15": "W", "49": "W", "75": "E", "6": "N"}, {"2": "E", "59": "N", "39": "W", "49": "W", "75": "N", "36": "S", "26": "W", "15": "W", "6": "N", "28": "S", "56": "S", "62": "E"}, {"15": "N", "79": "E", "60": "N", "2": "E", "56": "W", "39": "W", "24": "E", "28": "E"}, {"66": "N", "79": "S", "2": "E", "56": "W", "39": "W"}, {"52": "N", "2": "S", "28": "N", "79": "W", "56": "W", "26": "E", "39": "S", "59": "N", "24": "E", "47": "W"}, {"66": "E", "47": "W", "49": "W", "26": "S", "2": "S", "78": "E", "59": "W", "28": "E", "39": "S", "36": "W", "43": "S", "79": "W"}, {"26": "E", "36": "W", "43": "E", "2": "S", "39": "S", "59": "W", "47": "N"}, {"78": "W", "39": "S", "56": "W", "59": "W", "36": "N", "54": "E", "26": "S", "46": "E", "47": "N", "2": "S", "8": "E"}, {"58": "S", "36": "N", "39": "S", "24": "S", "26": "E", "46": "N", "5": "S", "59": "N", "47": "E", "2": "W", "54": "N"}, {"26": "S", "24": "S", "39": "S", "47": "E", "59": "N", "54": "N", "36": "N", "28": "E", "8": "E"}, {"47": "E", "49": "S", "56": "N", "54": "W", "59": "N", "24": "S"}, {"47": "N", "36": "N", "54": "N"}, {"47": "N", "52": "S", "26": "W", "36": "N", "38": "E", "46": "E", "2": "W", "8": "E"}, {"79": "N", "47": "N", "38": "S", "36": "N", "46": "N", "26": "W", "2": "W", "8": "N"}, {"26": "W", "2": "S", "46": "N", "36": "W"}, {"56": "S", "26": "N", "46": "W", "36": "N", "2": "S", "49": "E", "28": "N", "8": "N"}, {"36": "N", "2": "S", "56": "E", "46": "N", "49": "E", "52": "S", "8": "N"}, {"46": "W", "49": "S", "36": "N", "8": "W", "2": "S"}, {"8": "N", "46": "W", "49": "E", "28": "S", "36": "E", "43": "S", "26": "S", "2": "S"}, {"46": "N", "8": "W", "78": "W", "36": "E", "26": "E", "56": "E", "49": "E", "43": "E", "2": "S"}, {"49": "E", "8": "W", "2": "S", "36": "N", "26": "E", "78": "W", "46": "N"}, {"36": "N", "8": "S", "49": "S", "26": "E", "78": "N", "46": "W"}, {"78": "N", "26": "E", "49": "S"}, {"79": "E", "26": "E", "28": "E", "78": "E", "43": "N", "49": "S", "52": "N"}, {"62": "N", "78": "N", "52": "W", "79": "E", "66": "N", "43": "E"}, {"79": "S", "78": "E", "28": "N", "62": "N"}, {"66": "N", "56": "N", "79": "E", "28": "N"}, {"79": "S", "56": "N", "38": "W", "66": "E"}, {"66": "N", "38": "W", "79": "E"}, {"26": "E", "62": "S", "79": "E", "38": "W"}, {"38": "W", "26": "E", "62": "E"}, {"49": "N", "38": "W", "26": "W", "62": "W", "79": "N"}, {"38": "N", "26": "W", "49": "E", "62": "N"}, {"49": "E", "79": "N", "38": "N", "26": "N"}, {"49": "E", "79": "N", "38": "N"}, {"79": "W", "26": "N", "49": "W", "66": "E", "38": "N"}, {"79": "N", "66": "N", "49": "W", "38": "N"}, {"38": "N", "66": "N", "79": "W"}, {"38": "W", "66": "W"}, {"78": "W", "38": "W", "56": "S"}, {"38": "W", "56": "W", "52": "W", "78": "W"}, {"52": "W", "38": "W", "56": "W", "78": "N", "62": "W"}, {"38": "N", "52": "W", "78": "W", "56": "W", "62": "W"}, {"78": "N", "52": "S", "62": "W", "56": "W"}, {"78": "N", "52": "S", "62": "W", "56": "N"}, {"78": "N", "62": "N"}, {"26": "N", "62": "W", "78": "E"}, {"49": "W", "78": "N", "26": "E", "62": "N"}, {"26": "N", "78": "N", "49": "S", "62": "N"}, {"49": "S", "78": "N", "26": "N", "62": "N"}, {"62": "E", "78": "E", "49": "W", "26": "N"}, {"78": "E", "26": "N", "49": "W"}, {"49": "W", "26": "N", "78": "E"}, {"78": "E", "49": "W"}, {"49": "W", "78": "S"}, {"49": "N"}, {"56": "W", "49": "N"}, {"56": "W", "52": "S", "49": "N"}, {"52": "E", "56": "N"}, {"52": "E", "56": "N"}, {"56": "E"}, {"56": "E"}, {"56": "E"}, {"56": "N"}, {"56": "E"}, {"56": "E"}, {"56": "E"}, {"56": "E"}, {"56": "E"}, {"56": "S"}, {"56": "S"}, {"52": "S"}, {"52": "E"}, {"52": "E"}], "result": "SUCCESS", "makespan": 136, "sum": 1420, "algo_name": "BFS_6"}