{"instance": "small_free_005_20x20_20_80", "steps": [{"30": "E", "26": "E", "43": "W", "63": "E", "18": "W", "29": "E", "35": "E", "44": "S", "2": "E", "24": "W", "12": "E", "36": "W", "5": "E", "41": "W", "60": "E", "28": "E", "15": "E", "11": "E", "57": "E", "72": "W", "55": "E", "38": "W", "66": "E", "31": "S", "69": "W", "32": "W", "51": "W", "34": "E", "3": "E", "13": "E", "62": "W", "64": "E", "45": "E", "68": "E", "61": "W", "59": "W", "70": "E", "9": "E", "53": "N", "71": "E", "4": "E", "20": "E", "42": "E", "17": "E", "40": "E", "65": "E", "48": "E", "74": "E", "22": "E"}, {"9": "E", "41": "N", "64": "E", "35": "E", "40": "E", "43": "W", "4": "E", "69": "W", "63": "N", "62": "W", "2": "E", "22": "E", "66": "E", "18": "W", "36": "N", "29": "E", "11": "E", "71": "E", "42": "E", "0": "S", "65": "S", "7": "E", "32": "W", "15": "E", "33": "E", "60": "E", "68": "E", "48": "E", "72": "N", "57": "E", "12": "E", "13": "E"}, {"40": "E", "72": "N", "22": "E", "8": "E", "54": "W", "36": "N", "0": "S", "43": "S", "32": "W", "64": "E", "4": "E", "29": "E", "13": "E", "71": "E", "74": "E", "46": "E", "57": "E", "42": "E", "56": "E", "48": "E", "35": "E", "7": "E", "11": "E", "15": "N", "60": "E", "45": "E"}, {"64": "E", "33": "E", "4": "E", "11": "E", "13": "E", "0": "S", "76": "N", "66": "N", "43": "S", "74": "E", "7": "E", "22": "E", "45": "E", "61": "S", "54": "W", "60": "E", "8": "E", "72": "N", "29": "N", "57": "E", "42": "E", "35": "N", "15": "N", "46": "E", "5": "E"}, {"58": "E", "41": "S", "20": "W", "72": "N", "7": "E", "57": "E", "35": "W", "44": "W", "59": "N", "0": "W", "11": "E", "38": "E", "79": "N", "54": "W", "19": "N", "66": "N", "27": "N", "61": "S", "5": "S", "47": "N", "46": "N", "43": "S", "34": "N", "13": "E", "40": "S", "67": "N", "60": "E", "15": "N", "78": "E", "52": "W", "4": "S", "29": "N"}, {"47": "W", "79": "E", "59": "W", "61": "S", "73": "W", "44": "W", "26": "E", "11": "E", "35": "N", "9": "E", "29": "N", "54": "W", "60": "E", "13": "S", "76": "N", "10": "W", "25": "W", "46": "N", "57": "E", "5": "S", "1": "W", "50": "E", "38": "E", "72": "N", "0": "S", "28": "N", "19": "E", "51": "W", "4": "S"}, {"28": "E", "40": "E", "54": "N", "29": "N", "0": "S", "53": "N", "44": "S", "61": "S", "57": "E", "72": "N", "1": "W", "20": "N", "4": "S", "59": "W", "50": "E", "10": "N", "66": "N", "15": "N", "35": "N", "60": "E", "19": "E"}, {"69": "W", "34": "N", "40": "E", "54": "E", "44": "S", "60": "W", "19": "E", "56": "N", "25": "W", "70": "S", "38": "W", "3": "E", "36": "W", "51": "S", "66": "E", "4": "S", "72": "N", "50": "E", "35": "N", "64": "E", "57": "E", "5": "W", "0": "E", "11": "E", "2": "N", "26": "N", "1": "N", "79": "S", "58": "N", "28": "E", "29": "N"}, {"29": "N", "50": "E", "5": "S", "33": "N", "4": "S", "34": "E", "51": "S", "67": "W", "28": "S", "70": "E", "44": "S", "68": "S", "1": "N", "15": "N", "48": "E", "24": "W", "63": "N", "64": "E", "55": "S", "16": "W", "78": "W", "11": "N", "57": "E", "36": "N", "3": "S", "42": "E", "8": "N", "35": "N", "0": "E", "41": "W", "47": "W", "38": "W"}, {"67": "W", "50": "E", "29": "N", "17": "E", "34": "E", "64": "E", "46": "N", "47": "W", "24": "W", "54": "E", "77": "W", "35": "N", "20": "N", "0": "S", "57": "E", "27": "W", "70": "E", "68": "E", "11": "N"}, {"38": "E", "9": "E", "8": "S", "68": "W", "50": "N", "47": "W", "33": "N", "45": "S", "49": "N", "43": "E", "44": "W", "41": "S", "12": "S", "26": "N", "57": "E", "34": "E", "0": "S", "78": "N", "20": "E", "5": "E", "30": "W", "64": "E", "54": "N", "35": "N", "70": "E", "59": "E", "79": "N", "67": "W", "60": "S"}, {"39": "E", "36": "E", "0": "S", "47": "W", "18": "W", "43": "S", "34": "E", "64": "N", "21": "N", "41": "E", "35": "N", "12": "E", "9": "E", "44": "S", "54": "N", "15": "N", "50": "N", "70": "S", "66": "N", "79": "E", "20": "N"}, {"61": "E", "43": "S", "50": "N", "19": "N", "30": "W", "36": "W", "8": "N", "78": "S", "38": "E", "44": "S", "1": "W", "47": "W", "73": "W", "12": "E", "9": "N", "56": "W", "48": "E", "67": "E", "34": "N", "18": "W", "35": "N", "25": "W", "41": "E", "2": "E", "20": "N", "22": "N", "64": "N", "33": "S", "42": "E", "51": "N", "0": "S"}, {"50": "N", "44": "E", "34": "N", "47": "N", "58": "E", "28": "E", "12": "E", "69": "S", "0": "S", "75": "W", "39": "S", "41": "N", "30": "S", "18": "W", "22": "E", "49": "W", "56": "N", "6": "E", "51": "N", "61": "S", "35": "N", "46": "N"}, {"35": "N", "7": "N", "0": "S", "48": "E", "22": "E", "12": "E", "47": "N", "50": "N", "51": "W", "18": "S", "25": "W", "34": "N", "42": "E", "30": "S", "61": "S", "69": "S", "75": "W"}, {"16": "W", "75": "S", "29": "E", "39": "W", "57": "S", "10": "N", "47": "N", "46": "N", "22": "E", "61": "E", "36": "W", "35": "E", "17": "S", "18": "S", "52": "W", "19": "N", "0": "S", "33": "E", "48": "E", "67": "W", "68": "E", "30": "W", "41": "W", "69": "S"}, {"30": "S", "41": "N", "55": "S", "40": "S", "5": "W", "16": "N", "42": "E", "22": "S", "69": "S", "52": "S", "48": "E", "18": "S", "29": "E", "61": "S", "36": "N", "0": "S", "57": "E", "67": "N", "17": "E", "47": "N"}, {"5": "S", "24": "S", "29": "N", "17": "E", "57": "S", "18": "S", "22": "S", "36": "N", "0": "S", "52": "S", "40": "E", "30": "S", "48": "N", "61": "S", "2": "S", "42": "S"}, {"5": "S", "0": "S", "19": "E", "2": "W", "24": "W", "17": "W", "57": "S", "71": "N", "25": "W", "67": "E", "66": "W", "59": "E", "58": "N", "70": "S", "1": "S", "42": "E", "22": "S", "48": "S", "18": "S"}, {"61": "S", "42": "S", "44": "E", "57": "S", "28": "E", "19": "E", "17": "W", "40": "E", "59": "N", "70": "S", "48": "S", "66": "W", "30": "E", "1": "E", "24": "S"}, {"51": "E", "17": "W", "75": "N", "56": "S", "79": "S", "67": "W", "42": "S", "44": "S", "2": "N", "12": "E", "30": "S", "38": "W", "69": "W", "43": "E", "59": "N", "57": "S", "40": "S", "47": "W", "61": "W", "18": "S", "19": "E", "48": "E"}, {"29": "S", "23": "N", "36": "E", "58": "E", "18": "E", "44": "S", "48": "E", "42": "S", "17": "N", "69": "W", "19": "E", "47": "W", "61": "W", "55": "N", "1": "E", "49": "S", "12": "E", "54": "S", "40": "S"}, {"14": "W", "30": "E", "1": "N", "12": "E", "29": "W", "44": "S", "19": "E", "48": "E", "69": "S", "40": "E", "51": "S", "61": "N", "42": "S", "47": "W"}, {"51": "N", "79": "N", "71": "S", "70": "S", "54": "N", "69": "E", "44": "S", "19": "E", "1": "N", "40": "E", "75": "N", "29": "W", "68": "W", "8": "S", "30": "E", "18": "S", "42": "W", "48": "N", "12": "S", "17": "N", "43": "N"}, {"39": "E", "16": "N", "33": "E", "49": "E", "8": "E", "48": "N", "44": "S", "51": "W", "41": "E", "19": "E", "18": "S", "40": "N", "29": "N", "23": "E", "30": "S", "56": "E", "52": "E"}, {"39": "E", "5": "S", "48": "N", "56": "E", "1": "W", "18": "S", "8": "E", "19": "E", "25": "E", "30": "S", "29": "N", "59": "N", "24": "S", "33": "E"}, {"25": "W", "59": "W", "58": "N", "19": "E", "29": "N", "55": "W", "79": "S", "30": "S", "48": "N", "18": "S", "52": "E", "54": "E", "49": "W", "5": "E", "36": "W", "43": "E", "69": "W", "73": "W", "41": "S", "23": "E", "75": "E", "60": "N", "17": "S", "8": "N"}, {"73": "N", "68": "N", "39": "E", "46": "W", "2": "W", "18": "S", "19": "S", "36": "N", "41": "W", "47": "N", "59": "W", "56": "E", "28": "E", "54": "E", "69": "S", "51": "W", "60": "E", "55": "W", "25": "N", "33": "E", "23": "E", "79": "E", "48": "N"}, {"2": "S", "77": "N", "54": "N", "28": "N", "41": "W", "23": "N", "36": "N", "39": "E", "18": "S", "46": "W", "69": "S", "16": "W", "48": "N", "73": "N", "55": "S"}, {"48": "N", "73": "N", "46": "N", "67": "E", "77": "E", "59": "W", "58": "N", "33": "E", "41": "W", "1": "N", "69": "E", "66": "S", "18": "S", "14": "S", "55": "E", "38": "E", "47": "W", "36": "E", "43": "W"}, {"71": "E", "66": "E", "74": "E", "8": "N", "69": "E", "48": "E", "41": "N", "56": "E"}, {"26": "E", "46": "S", "58": "N", "78": "W", "66": "W", "2": "E", "79": "E", "36": "N", "51": "E", "59": "E", "8": "S", "68": "E", "69": "W"}, {"5": "S", "69": "S", "28": "N", "78": "E", "2": "W", "46": "E", "38": "W", "58": "E", "25": "W", "49": "E", "51": "E", "59": "N", "41": "E", "39": "E", "67": "E", "33": "E", "77": "N"}, {"59": "N", "41": "E", "47": "N", "10": "S", "69": "S", "25": "N", "67": "N", "33": "N", "54": "N", "68": "E", "14": "S", "39": "S", "58": "E", "71": "S"}, {"59": "W", "69": "S", "39": "S", "58": "E", "6": "W", "47": "N", "54": "W", "25": "N"}, {"39": "W", "60": "E", "41": "W", "67": "E", "78": "N", "77": "E", "58": "N", "36": "E", "55": "W", "69": "S", "17": "S", "79": "N", "54": "W", "43": "E", "51": "N", "25": "E", "74": "E", "49": "W", "26": "E", "16": "W", "47": "E"}, {"8": "E", "41": "W", "55": "S", "68": "E", "43": "S", "69": "S", "52": "S", "59": "W", "51": "E", "25": "E", "39": "W", "17": "W", "58": "E"}, {"55": "S", "2": "W", "59": "W", "69": "S", "54": "W", "58": "E", "25": "N", "41": "N"}, {"10": "S", "55": "E", "6": "S", "68": "N", "43": "W", "59": "N", "58": "W", "69": "E", "8": "W", "25": "N", "47": "N", "75": "E", "74": "N", "79": "S"}, {"41": "N", "74": "E", "59": "N", "69": "E", "58": "S", "75": "N", "24": "N", "26": "E", "77": "N", "55": "E"}, {"15": "W", "66": "W", "74": "W", "58": "S", "52": "E", "59": "N", "69": "S", "17": "W", "14": "S", "75": "E", "38": "W", "39": "E", "51": "N", "71": "S", "43": "E", "55": "E"}, {"55": "E", "2": "S", "75": "E", "39": "E", "69": "S", "68": "E", "58": "S", "51": "W"}, {"25": "N", "55": "S", "6": "N", "39": "S", "17": "E", "38": "E", "24": "N", "69": "S", "2": "N", "75": "E", "46": "W", "77": "N", "36": "W", "10": "S"}, {"24": "W", "36": "N", "28": "S", "15": "W", "39": "S", "79": "W", "75": "E"}, {"75": "E", "56": "N", "36": "E", "66": "E", "28": "E", "39": "S", "51": "W", "62": "N", "55": "S", "15": "W", "10": "E", "79": "E"}, {"51": "S", "55": "E", "39": "S", "79": "E", "24": "W", "67": "N", "78": "E", "75": "E"}, {"39": "W", "55": "E", "24": "W", "10": "N", "46": "W", "51": "S", "67": "W", "28": "N", "75": "N", "15": "W", "78": "W", "26": "S", "14": "S", "47": "E"}, {"24": "S", "51": "E", "46": "N", "74": "S", "56": "N", "75": "E", "39": "W", "25": "N", "60": "W", "41": "N", "47": "N", "26": "E", "55": "S"}, {"38": "W", "24": "S", "55": "S", "26": "E", "43": "S", "75": "E", "46": "N", "41": "E", "39": "W", "15": "N", "68": "W", "74": "S"}, {"39": "W", "46": "E", "36": "N", "75": "E", "26": "E", "52": "E", "38": "W"}, {"75": "E", "39": "S", "38": "W", "26": "E", "10": "W", "2": "W", "8": "N", "79": "W", "51": "E", "46": "W", "17": "N", "14": "S", "24": "E", "36": "N"}, {"15": "N", "75": "S", "66": "N", "49": "S", "46": "W", "14": "W", "26": "N", "38": "W", "79": "N", "8": "W", "68": "E", "39": "S", "36": "N"}, {"26": "N", "75": "S", "38": "W", "36": "N", "14": "W", "46": "S", "39": "S", "10": "N"}, {"15": "S", "66": "W", "75": "S", "46": "E", "24": "W", "10": "S", "17": "W", "14": "W", "74": "E", "26": "N", "6": "S", "51": "W", "39": "S", "43": "E", "36": "N", "28": "W"}, {"54": "E", "78": "W", "74": "E", "75": "S", "39": "S", "52": "S", "14": "S", "24": "W", "26": "N", "41": "W", "6": "W", "43": "E"}, {"24": "W", "14": "S", "54": "N", "79": "W", "43": "E", "74": "E", "39": "S"}, {"43": "W", "17": "S", "38": "W", "78": "E", "74": "S", "60": "N", "6": "W", "8": "W", "41": "E", "24": "W", "68": "W", "79": "W", "51": "W", "28": "W", "10": "S", "62": "E", "54": "N"}, {"10": "E", "54": "W", "47": "N", "38": "W", "8": "W", "24": "W", "74": "S", "62": "E", "2": "W", "56": "N", "51": "W", "41": "N", "43": "W"}, {"66": "N", "74": "S", "38": "W", "24": "S", "51": "W", "43": "W", "54": "N", "56": "E", "78": "E", "47": "N"}, {"54": "N", "74": "S", "24": "S", "78": "N", "38": "W", "51": "W", "60": "W", "43": "W", "66": "N"}, {"74": "W", "66": "E", "51": "W", "62": "N", "38": "W", "24": "S"}, {"62": "N", "60": "E", "79": "S", "6": "W", "24": "E", "67": "S", "56": "E", "49": "W", "74": "S", "28": "S", "78": "E", "43": "W", "51": "S"}, {"68": "S", "8": "W", "51": "S", "79": "E", "67": "W", "24": "E", "74": "S", "62": "N", "43": "S", "38": "N", "15": "S"}, {"79": "E", "28": "S", "67": "W", "24": "E", "74": "S", "62": "W", "46": "E", "68": "S"}, {"74": "S", "46": "W", "49": "E", "79": "E", "2": "E", "38": "W", "62": "N", "66": "W", "78": "N"}, {"51": "S", "79": "N", "74": "E", "78": "E", "38": "N", "17": "N", "15": "N", "66": "W", "62": "W", "60": "S", "43": "S"}, {"62": "W", "43": "W", "10": "E", "66": "S", "78": "N", "8": "W", "49": "S", "51": "E", "74": "S", "38": "N"}, {"38": "E", "2": "E", "51": "E", "62": "W", "43": "S", "78": "N", "60": "E", "66": "W", "49": "S"}, {"2": "S", "38": "N", "62": "W", "78": "W"}, {"67": "E", "51": "S", "66": "E", "38": "E", "2": "E", "78": "N", "52": "E", "68": "N", "62": "N", "6": "W", "60": "E", "10": "E"}, {"62": "W", "68": "E", "38": "N", "66": "N", "56": "S", "78": "W", "60": "S", "41": "W", "10": "N", "52": "E"}, {"52": "N", "66": "E", "2": "E", "41": "N", "78": "N", "10": "N", "68": "E"}, {"78": "N", "52": "N", "41": "W"}, {"28": "E", "10": "S", "52": "W", "67": "E", "78": "N", "60": "N", "41": "N", "66": "W", "24": "W"}, {"67": "N", "79": "E", "6": "N", "15": "N", "66": "S", "60": "W", "41": "N", "28": "N", "52": "W"}, {"6": "N", "51": "E", "28": "E", "41": "N", "66": "W", "15": "E", "8": "N", "52": "W", "17": "N", "67": "N"}, {"46": "W", "52": "W", "67": "W", "6": "E", "51": "E", "10": "W", "15": "N", "66": "W", "8": "N", "24": "S", "41": "N"}, {"79": "S", "8": "E", "52": "S", "66": "N", "6": "E", "24": "S", "10": "W", "46": "W", "51": "N", "41": "E", "67": "N"}, {"67": "N", "10": "W", "41": "E", "24": "E", "46": "W", "79": "E", "6": "N"}, {"66": "N", "6": "N", "24": "E", "41": "E", "67": "W", "46": "W", "10": "N", "79": "S"}, {"46": "N", "6": "W", "79": "E", "10": "N", "24": "E", "41": "S"}, {"46": "N", "24": "E", "79": "S", "6": "N", "10": "E"}, {"79": "E", "6": "N", "46": "N", "24": "E"}, {"2": "W", "6": "N", "46": "E", "10": "W", "60": "E", "79": "E", "17": "E", "24": "E"}, {"46": "E", "28": "E", "24": "S", "15": "E", "17": "S", "79": "N", "10": "S", "49": "S"}, {"8": "N", "24": "S", "17": "E", "10": "W", "79": "N", "46": "E"}, {"24": "S", "46": "E", "17": "S", "8": "N", "66": "E", "79": "N", "10": "W"}, {"10": "N", "79": "W", "17": "E", "66": "N", "46": "N"}, {"17": "S", "10": "N", "79": "N", "46": "N"}, {"79": "W", "8": "W", "17": "E", "10": "E", "66": "W", "52": "S"}, {"15": "W", "60": "S", "8": "W", "52": "W", "17": "E"}, {"60": "S", "17": "N", "66": "N", "28": "E", "8": "N", "52": "W"}, {"15": "W", "66": "W", "28": "S", "52": "S", "17": "N", "60": "W"}, {"17": "N", "15": "N", "28": "S", "10": "N", "52": "S"}, {"10": "E", "52": "E", "17": "W", "2": "W"}, {"17": "N", "52": "E", "10": "E"}, {"10": "E", "17": "N"}, {"10": "E", "2": "E", "66": "W", "17": "N", "15": "W"}, {"2": "E", "17": "W", "66": "W", "10": "E"}, {"66": "N", "17": "N"}, {"66": "S", "10": "E", "17": "N", "8": "E", "15": "E"}, {"2": "N", "66": "E", "15": "E", "10": "N", "17": "N"}, {"8": "S", "17": "N", "2": "E", "66": "E", "10": "N", "15": "S"}, {"15": "E", "2": "E", "8": "E", "17": "N", "10": "E"}, {"66": "E", "2": "E", "10": "N", "15": "E", "8": "S", "17": "E"}, {"66": "E", "2": "S", "10": "E", "15": "E", "17": "N", "8": "E"}, {"15": "E", "10": "N", "66": "S", "8": "E", "2": "S"}, {"10": "E", "8": "E", "15": "E", "2": "S", "66": "E"}, {"15": "N", "10": "N", "2": "S", "66": "E", "8": "E"}, {"15": "N", "2": "S", "8": "E", "66": "E"}, {"8": "N", "2": "S", "66": "E", "15": "W"}, {"66": "E", "15": "N", "8": "N", "2": "W"}, {"66": "N", "15": "W", "2": "W", "8": "W"}, {"2": "W", "8": "N", "15": "N", "66": "N"}, {"66": "W", "2": "S", "8": "W"}, {"8": "W", "2": "S"}, {"2": "S", "8": "S"}, {"2": "S"}, {"6": "N", "2": "S"}, {"2": "S", "46": "N", "6": "E"}, {"46": "N", "2": "S", "6": "E"}, {"6": "S", "46": "E"}, {"46": "E", "6": "S"}, {"46": "E"}], "result": "SUCCESS", "makespan": 124, "sum": 1422, "algo_name": "BFS_3"}