{"instance": "small_free_005_20x20_20_80", "steps": [{"5": "N", "43": "N", "4": "N", "13": "N", "69": "N", "57": "N", "12": "N", "44": "N", "18": "N", "70": "N", "24": "N", "61": "N", "31": "N", "0": "N", "40": "N", "22": "N", "55": "N", "30": "N", "52": "N", "68": "N", "21": "N", "19": "N", "73": "N", "51": "N", "75": "N", "39": "N", "49": "N", "65": "N", "60": "N", "7": "N", "42": "N", "48": "N", "2": "N", "28": "N", "37": "N", "45": "N", "33": "N", "74": "N", "71": "N", "23": "N", "14": "N", "58": "N", "76": "N", "16": "N", "77": "N", "6": "N", "27": "N", "62": "N", "32": "N", "53": "N", "26": "N", "78": "N", "38": "N", "3": "N", "59": "N", "79": "N", "1": "N", "67": "N", "10": "N", "25": "N", "17": "N", "56": "N", "8": "N", "41": "N", "63": "N", "54": "N", "72": "N", "29": "N", "11": "N", "46": "N", "36": "N", "66": "N", "15": "N", "35": "N", "9": "S", "34": "W", "50": "N", "47": "N", "64": "S", "20": "S"}, {"5": "N", "43": "N", "4": "N", "13": "N", "69": "N", "57": "N", "12": "N", "44": "N", "18": "N", "70": "N", "24": "N", "61": "N", "31": "N", "0": "N", "40": "N", "22": "N", "55": "N", "30": "N", "52": "N", "68": "N", "21": "N", "19": "N", "73": "N", "51": "N", "75": "N", "39": "N", "49": "N", "65": "N", "60": "N", "7": "N", "42": "N", "48": "N", "2": "N", "28": "N", "37": "N", "45": "N", "33": "N", "74": "N", "71": "N", "23": "N", "14": "N", "58": "N", "76": "N", "16": "N", "77": "N", "6": "N", "27": "N", "62": "N", "32": "N", "53": "N", "26": "N", "78": "N", "38": "N", "3": "N", "59": "N", "79": "N", "1": "N", "67": "N", "10": "N", "25": "N", "17": "N", "56": "N", "8": "N", "41": "N", "63": "N", "54": "N", "72": "N", "29": "N", "11": "N", "46": "N", "36": "N", "66": "N", "15": "N", "35": "N", "9": "W", "34": "W", "50": "W", "47": "N", "64": "S", "20": "W"}, {"5": "N", "43": "N", "4": "N", "13": "N", "69": "N", "57": "N", "12": "N", "44": "N", "18": "N", "70": "N", "24": "N", "61": "N", "31": "N", "0": "N", "40": "N", "22": "N", "55": "N", "30": "N", "52": "N", "68": "N", "21": "N", "19": "N", "73": "N", "51": "N", "75": "N", "39": "N", "49": "N", "65": "N", "60": "N", "7": "N", "42": "N", "48": "N", "2": "N", "28": "N", "37": "N", "45": "N", "33": "N", "74": "N", "71": "N", "23": "N", "14": "N", "58": "N", "76": "N", "16": "N", "77": "N", "6": "N", "27": "N", "62": "N", "32": "N", "53": "N", "26": "N", "78": "N", "38": "N", "3": "N", "59": "N", "79": "N", "1": "N", "67": "N", "10": "N", "25": "N", "17": "N", "56": "N", "8": "N", "41": "N", "63": "N", "54": "N", "72": "N", "29": "N", "11": "N", "46": "N", "36": "N", "66": "N", "15": "W", "35": "N", "9": "W", "34": "W", "50": "W", "47": "W", "64": "W", "20": "W"}, {"5": "N", "43": "N", "4": "N", "13": "N", "69": "N", "57": "N", "12": "N", "44": "N", "18": "N", "70": "N", "24": "N", "61": "N", "31": "N", "0": "N", "40": "N", "22": "N", "55": "N", "30": "N", "52": "N", "68": "N", "21": "N", "19": "N", "73": "N", "51": "N", "75": "N", "39": "N", "49": "N", "65": "N", "60": "N", "7": "N", "42": "N", "48": "N", "2": "N", "28": "N", "37": "N", "45": "N", "33": "N", "74": "N", "71": "N", "23": "N", "14": "N", "58": "N", "76": "N", "16": "N", "77": "N", "6": "N", "27": "N", "62": "N", "32": "N", "53": "N", "26": "N", "78": "N", "38": "N", "3": "N", "59": "N", "79": "N", "1": "N", "67": "N", "10": "N", "25": "N", "17": "N", "56": "N", "8": "N", "41": "N", "63": "N", "54": "N", "72": "N", "29": "N", "11": "N", "46": "W", "36": "N", "66": "N", "15": "W", "35": "W", "9": "W", "34": "W", "50": "W", "47": "W", "64": "W", "20": "W"}, {"5": "N", "43": "N", "4": "N", "13": "N", "69": "N", "57": "N", "12": "N", "44": "N", "18": "N", "70": "N", "24": "N", "61": "N", "31": "N", "0": "N", "40": "N", "22": "N", "55": "N", "30": "N", "52": "N", "68": "N", "21": "N", "19": "N", "73": "N", "51": "N", "75": "N", "39": "N", "49": "N", "65": "N", "60": "N", "7": "N", "42": "N", "48": "N", "2": "N", "28": "N", "37": "N", "45": "N", "33": "N", "74": "N", "71": "N", "23": "N", "14": "N", "58": "N", "76": "N", "16": "N", "77": "N", "6": "N", "27": "N", "62": "N", "32": "N", "53": "N", "26": "N", "78": "N", "38": "N", "3": "N", "59": "N", "79": "N", "1": "N", "67": "N", "10": "N", "25": "N", "17": "N", "56": "N", "8": "N", "41": "N", "63": "N", "54": "N", "72": "N", "29": "N", "11": "N", "46": "W", "36": "W", "66": "N", "15": "W", "35": "W", "9": "W", "34": "W", "50": "W", "47": "W", "64": "W", "20": "W"}, {"5": "N", "43": "N", "4": "N", "13": "N", "69": "N", "57": "N", "12": "N", "44": "N", "18": "N", "70": "N", "24": "N", "61": "N", "31": "N", "0": "N", "40": "N", "22": "N", "55": "N", "30": "N", "52": "N", "68": "N", "21": "N", "19": "N", "73": "N", "51": "N", "75": "N", "39": "N", "49": "N", "65": "N", "60": "N", "7": "N", "42": "N", "48": "N", "2": "N", "28": "N", "37": "N", "45": "N", "33": "N", "74": "N", "71": "N", "23": "N", "14": "N", "58": "N", "76": "N", "16": "N", "77": "N", "6": "N", "27": "N", "62": "N", "32": "N", "53": "N", "26": "N", "78": "N", "38": "N", "3": "N", "59": "N", "79": "N", "1": "N", "67": "N", "10": "N", "25": "N", "17": "N", "56": "W", "8": "N", "41": "N", "63": "N", "54": "N", "72": "N", "29": "W", "11": "W", "46": "W", "36": "W", "66": "W", "15": "W", "35": "W", "9": "W", "34": "W", "50": "W", "47": "W", "64": "W", "20": "W"}, {"5": "N", "43": "N", "4": "N", "13": "N", "69": "N", "57": "N", "12": "N", "44": "N", "18": "N", "70": "N", "24": "N", "61": "N", "31": "N", "0": "N", "40": "N", "22": "N", "55": "N", "30": "N", "52": "N", "68": "N", "21": "N", "19": "N", "73": "N", "51": "N", "75": "N", "39": "N", "49": "N", "65": "N", "60": "N", "7": "N", "42": "N", "48": "N", "2": "N", "28": "N", "37": "N", "45": "N", "33": "N", "74": "N", "71": "N", "23": "N", "14": "N", "58": "N", "76": "N", "16": "N", "77": "N", "6": "N", "27": "N", "62": "N", "32": "N", "53": "N", "26": "N", "78": "N", "38": "N", "3": "N", "59": "N", "79": "N", "1": "N", "67": "N", "10": "N", "25": "N", "17": "N", "56": "W", "8": "W", "41": "N", "63": "N", "54": "N", "72": "N", "29": "W", "11": "W", "46": "W", "36": "W", "66": "W", "15": "W", "35": "W", "9": "W", "34": "W", "50": "W", "47": "W", "64": "W", "20": "W"}, {"5": "N", "43": "N", "4": "N", "13": "N", "69": "N", "57": "N", "12": "N", "44": "N", "18": "N", "70": "N", "24": "N", "61": "N", "31": "N", "0": "N", "40": "N", "22": "N", "55": "N", "30": "N", "52": "N", "68": "N", "21": "N", "19": "N", "73": "N", "51": "N", "75": "N", "39": "N", "49": "N", "65": "N", "60": "N", "7": "N", "42": "N", "48": "N", "2": "N", "28": "N", "37": "N", "45": "N", "33": "N", "74": "N", "71": "N", "23": "N", "14": "N", "58": "N", "76": "N", "16": "N", "77": "N", "6": "N", "27": "N", "62": "N", "32": "N", "53": "N", "26": "N", "78": "N", "38": "N", "3": "N", "59": "N", "79": "N", "1": "N", "67": "N", "10": "N", "25": "N", "17": "N", "56": "W", "8": "W", "41": "W", "63": "N", "54": "N", "72": "N", "29": "W", "11": "W", "46": "W", "36": "W", "66": "W", "15": "W", "35": "W", "9": "W", "34": "W", "50": "W", "47": "W", "64": "W", "20": "W"}, {"5": "N", "43": "N", "4": "N", "13": "N", "69": "N", "57": "N", "12": "N", "44": "N", "18": "N", "70": "N", "24": "N", "61": "N", "31": "N", "0": "N", "40": "N", "22": "N", "55": "N", "30": "N", "52": "N", "68": "N", "21": "N", "19": "N", "73": "N", "51": "N", "75": "N", "39": "N", "49": "N", "65": "N", "60": "N", "7": "N", "42": "N", "48": "N", "2": "N", "28": "N", "37": "N", "45": "N", "33": "N", "74": "N", "71": "N", "23": "N", "14": "N", "58": "N", "76": "N", "16": "N", "77": "N", "6": "N", "27": "N", "62": "N", "32": "N", "53": "N", "26": "N", "78": "N", "38": "N", "3": "N", "59": "N", "79": "N", "1": "N", "67": "N", "10": "N", "25": "N", "17": "N", "56": "W", "8": "W", "41": "W", "63": "W", "54": "N", "72": "N", "29": "W", "11": "W", "46": "W", "36": "W", "66": "W", "15": "W", "35": "W", "9": "W", "34": "W", "50": "W", "47": "W", "64": "W", "20": "W"}, {"5": "N", "43": "N", "4": "N", "13": "N", "69": "N", "57": "N", "12": "N", "44": "N", "18": "N", "70": "N", "24": "N", "61": "N", "31": "N", "0": "N", "40": "N", "22": "N", "55": "N", "30": "N", "52": "N", "68": "N", "21": "N", "19": "N", "73": "N", "51": "N", "75": "N", "39": "N", "49": "N", "65": "N", "60": "N", "7": "N", "42": "N", "48": "N", "2": "N", "28": "N", "37": "N", "45": "N", "33": "N", "74": "N", "71": "N", "23": "N", "14": "N", "58": "N", "76": "N", "16": "N", "77": "N", "6": "N", "27": "N", "62": "N", "32": "N", "53": "N", "26": "N", "78": "N", "38": "N", "3": "N", "59": "N", "79": "N", "1": "N", "67": "N", "10": "N", "25": "N", "17": "N", "56": "W", "8": "W", "41": "W", "63": "W", "54": "W", "72": "N", "29": "W", "11": "W", "46": "W", "36": "W", "66": "W", "15": "W", "35": "W", "9": "W", "34": "W", "50": "W", "47": "W", "64": "W", "20": "W"}, {"5": "N", "43": "N", "4": "N", "13": "N", "69": "N", "57": "N", "12": "N", "44": "N", "18": "N", "70": "N", "24": "N", "61": "N", "31": "N", "0": "N", "40": "N", "22": "N", "55": "N", "30": "N", "52": "N", "68": "N", "21": "N", "19": "N", "73": "N", "51": "N", "75": "N", "39": "N", "49": "N", "65": "N", "60": "N", "7": "N", "42": "N", "48": "N", "2": "N", "28": "N", "37": "N", "45": "N", "33": "N", "74": "N", "71": "N", "23": "N", "14": "N", "58": "N", "76": "N", "16": "N", "77": "N", "6": "N", "27": "N", "62": "N", "32": "N", "53": "N", "26": "N", "78": "N", "38": "N", "3": "N", "59": "N", "79": "W", "1": "N", "67": "N", "10": "N", "25": "N", "17": "N", "56": "W", "8": "W", "41": "W", "63": "W", "54": "W", "72": "W", "29": "W", "11": "W", "46": "W", "36": "W", "66": "W", "15": "W", "35": "W", "9": "W", "34": "W", "50": "W", "47": "W", "64": "W", "20": "W"}, {"5": "N", "43": "N", "4": "N", "13": "N", "69": "N", "57": "N", "12": "N", "44": "N", "18": "N", "70": "N", "24": "N", "61": "N", "31": "N", "0": "N", "40": "N", "22": "N", "55": "N", "30": "N", "52": "N", "68": "N", "21": "N", "19": "N", "73": "N", "51": "N", "75": "N", "39": "N", "49": "N", "65": "N", "60": "N", "7": "N", "42": "N", "48": "N", "2": "N", "28": "N", "37": "N", "45": "N", "33": "N", "74": "N", "71": "N", "23": "N", "14": "N", "58": "N", "76": "N", "16": "N", "77": "N", "6": "N", "27": "N", "62": "N", "32": "N", "53": "N", "26": "N", "78": "N", "38": "N", "3": "N", "59": "N", "79": "W", "1": "W", "67": "N", "10": "N", "25": "N", "17": "N", "56": "W", "8": "W", "41": "W", "63": "W", "54": "W", "72": "W", "29": "W", "11": "W", "36": "W", "66": "W", "15": "W", "35": "W", "9": "W", "34": "W", "50": "W", "47": "W", "64": "W", "20": "W"}, {"5": "N", "43": "N", "4": "N", "13": "N", "69": "N", "57": "N", "12": "N", "44": "N", "18": "N", "70": "N", "24": "N", "61": "N", "31": "N", "0": "N", "40": "N", "22": "N", "55": "N", "30": "N", "52": "N", "68": "N", "21": "N", "19": "N", "73": "N", "51": "N", "75": "N", "39": "N", "49": "N", "65": "N", "60": "N", "7": "N", "42": "N", "48": "N", "2": "N", "28": "N", "37": "N", "45": "N", "33": "N", "74": "N", "71": "N", "23": "N", "14": "N", "58": "N", "76": "N", "16": "N", "77": "N", "6": "N", "27": "N", "62": "N", "32": "N", "53": "N", "26": "N", "78": "N", "38": "N", "3": "N", "59": "N", "79": "W", "1": "W", "67": "W", "10": "N", "25": "N", "17": "N", "56": "W", "8": "W", "41": "W", "63": "W", "54": "W", "72": "W", "29": "W", "11": "W", "36": "W", "66": "W", "35": "W", "9": "W", "34": "W", "50": "W", "47": "W", "64": "W", "20": "W"}, {"5": "N", "43": "N", "4": "N", "13": "N", "69": "N", "57": "N", "12": "N", "44": "N", "18": "N", "70": "N", "24": "N", "61": "N", "31": "N", "0": "N", "40": "N", "22": "N", "55": "N", "30": "N", "52": "N", "68": "N", "21": "N", "19": "N", "73": "N", "51": "N", "75": "N", "39": "N", "49": "N", "65": "N", "60": "N", "7": "N", "42": "N", "48": "N", "2": "N", "28": "N", "37": "N", "45": "N", "33": "N", "74": "N", "71": "N", "23": "N", "14": "N", "58": "N", "76": "N", "16": "N", "77": "N", "6": "N", "27": "N", "62": "N", "32": "N", "53": "N", "26": "N", "78": "N", "38": "N", "3": "N", "59": "N", "79": "W", "1": "W", "67": "W", "10": "W", "25": "N", "17": "N", "8": "W", "41": "W", "63": "W", "54": "W", "72": "W", "29": "W", "11": "W", "36": "W", "66": "W", "35": "W", "34": "W", "50": "W", "47": "W", "20": "W"}, {"5": "N", "43": "N", "4": "N", "13": "N", "69": "N", "57": "N", "12": "N", "44": "N", "18": "N", "70": "N", "24": "N", "61": "N", "31": "N", "0": "N", "40": "N", "22": "N", "55": "N", "30": "N", "52": "N", "68": "N", "21": "N", "19": "N", "73": "N", "51": "N", "75": "N", "39": "N", "49": "N", "65": "N", "60": "N", "7": "N", "42": "N", "48": "N", "2": "N", "28": "N", "37": "N", "45": "N", "33": "N", "74": "N", "71": "N", "23": "N", "14": "N", "58": "N", "76": "N", "16": "N", "77": "N", "6": "N", "27": "N", "62": "N", "32": "N", "53": "N", "26": "N", "78": "N", "38": "N", "3": "N", "59": "N", "79": "W", "1": "W", "67": "W", "10": "W", "25": "W", "17": "N", "8": "W", "41": "W", "63": "W", "54": "W", "72": "W", "29": "W", "11": "W", "66": "W", "35": "W", "50": "W", "47": "W", "20": "W"}, {"5": "N", "43": "N", "4": "N", "13": "N", "69": "N", "57": "N", "12": "N", "44": "N", "18": "N", "70": "N", "24": "N", "61": "N", "31": "N", "0": "N", "40": "N", "22": "N", "55": "N", "30": "N", "52": "N", "68": "N", "21": "N", "19": "N", "73": "N", "51": "N", "75": "N", "39": "N", "49": "N", "65": "N", "60": "N", "7": "N", "42": "N", "48": "N", "2": "N", "28": "N", "37": "N", "45": "N", "33": "N", "74": "N", "71": "N", "23": "N", "14": "N", "58": "N", "76": "N", "16": "N", "77": "N", "6": "N", "27": "N", "62": "N", "32": "N", "53": "W", "26": "N", "78": "N", "38": "N", "3": "N", "59": "N", "79": "W", "1": "W", "67": "W", "10": "W", "25": "W", "17": "W", "41": "W", "63": "W", "54": "W", "72": "W", "29": "W", "11": "W", "66": "W", "35": "W", "50": "W", "47": "W", "20": "W"}, {"5": "N", "43": "N", "4": "N", "13": "N", "69": "N", "57": "N", "12": "N", "44": "N", "18": "N", "70": "N", "24": "N", "61": "N", "31": "N", "0": "N", "40": "N", "22": "N", "55": "N", "30": "N", "52": "N", "68": "N", "21": "N", "19": "N", "73": "N", "51": "N", "75": "N", "39": "N", "49": "N", "65": "N", "60": "N", "7": "N", "42": "N", "48": "N", "2": "N", "28": "N", "37": "N", "45": "N", "33": "N", "74": "N", "71": "N", "23": "N", "14": "N", "58": "N", "76": "N", "16": "N", "77": "N", "6": "N", "27": "N", "62": "N", "32": "N", "53": "W", "26": "W", "78": "N", "38": "N", "3": "N", "59": "N", "79": "W", "1": "W", "67": "W", "10": "W", "25": "W", "17": "W", "41": "W", "63": "W", "54": "W", "72": "W", "29": "W", "35": "W", "50": "W", "47": "W", "20": "W"}, {"5": "N", "43": "N", "4": "N", "13": "N", "69": "N", "57": "N", "12": "N", "44": "N", "18": "N", "70": "N", "24": "N", "61": "N", "31": "N", "0": "N", "40": "N", "22": "N", "55": "N", "30": "N", "52": "N", "68": "N", "21": "N", "19": "N", "73": "N", "51": "N", "75": "N", "39": "N", "49": "N", "65": "N", "60": "N", "7": "N", "42": "N", "48": "N", "2": "N", "28": "N", "37": "N", "45": "N", "33": "N", "74": "N", "71": "N", "23": "N", "14": "N", "58": "N", "76": "N", "16": "N", "77": "N", "6": "N", "27": "N", "62": "N", "32": "N", "53": "W", "26": "W", "78": "W", "38": "N", "3": "N", "59": "N", "1": "W", "67": "W", "10": "W", "25": "W", "17": "W", "41": "W", "63": "W", "54": "W", "72": "W", "29": "W", "35": "W", "47": "W"}, {"5": "N", "43": "N", "4": "N", "13": "N", "69": "N", "57": "N", "12": "N", "44": "N", "18": "N", "70": "N", "24": "N", "61": "N", "31": "N", "0": "N", "40": "N", "22": "N", "55": "N", "30": "N", "52": "N", "68": "N", "21": "N", "19": "N", "73": "N", "51": "N", "75": "N", "39": "N", "49": "N", "65": "N", "60": "N", "7": "N", "42": "N", "48": "N", "2": "N", "28": "N", "37": "N", "45": "N", "33": "N", "74": "N", "71": "N", "23": "N", "14": "N", "58": "N", "76": "N", "16": "N", "77": "N", "6": "N", "27": "N", "62": "N", "32": "N", "53": "W", "26": "W", "78": "W", "38": "W", "3": "N", "59": "N", "1": "W", "67": "W", "10": "W", "25": "W", "17": "W", "63": "W", "54": "W", "72": "W", "35": "W", "47": "W"}, {"5": "N", "43": "N", "4": "N", "13": "N", "69": "N", "57": "N", "12": "N", "44": "N", "18": "N", "70": "N", "24": "N", "61": "N", "31": "N", "0": "N", "40": "N", "22": "N", "55": "N", "30": "N", "52": "N", "68": "N", "21": "N", "19": "N", "73": "N", "51": "N", "75": "N", "39": "N", "49": "N", "65": "N", "60": "N", "7": "N", "42": "N", "48": "N", "2": "N", "28": "N", "37": "N", "45": "N", "33": "N", "74": "N", "71": "N", "23": "N", "14": "N", "58": "N", "76": "N", "16": "N", "77": "N", "6": "N", "27": "N", "62": "N", "32": "N", "26": "W", "78": "W", "38": "W", "3": "W", "59": "N", "67": "W", "10": "W", "25": "W", "17": "W", "63": "W", "54": "W", "72": "W"}, {"5": "N", "43": "N", "4": "N", "13": "N", "69": "N", "57": "N", "12": "N", "44": "N", "18": "N", "70": "N", "24": "N", "61": "N", "31": "N", "0": "N", "40": "N", "22": "N", "55": "N", "30": "N", "52": "N", "68": "N", "21": "N", "19": "N", "73": "N", "51": "N", "75": "N", "39": "N", "49": "N", "65": "N", "60": "N", "7": "N", "42": "N", "48": "N", "2": "N", "28": "N", "37": "N", "45": "N", "33": "N", "74": "N", "71": "N", "23": "N", "14": "N", "58": "W", "76": "N", "16": "N", "77": "N", "6": "N", "27": "N", "62": "N", "32": "N", "26": "W", "78": "W", "38": "W", "3": "W", "59": "W", "67": "W", "10": "W", "25": "W", "17": "W", "63": "W", "54": "W", "72": "W"}, {"5": "N", "43": "N", "4": "N", "13": "N", "69": "N", "57": "N", "12": "N", "44": "N", "18": "N", "70": "N", "24": "N", "61": "N", "31": "N", "0": "N", "40": "N", "22": "N", "55": "N", "30": "N", "52": "N", "68": "N", "21": "N", "19": "N", "73": "N", "51": "N", "75": "N", "39": "N", "49": "N", "65": "N", "60": "N", "7": "N", "42": "N", "48": "N", "2": "N", "28": "N", "37": "N", "45": "N", "33": "N", "74": "N", "71": "N", "23": "N", "14": "N", "58": "W", "76": "W", "16": "N", "77": "N", "6": "N", "27": "N", "62": "N", "32": "N", "26": "W", "78": "W", "38": "W", "3": "W", "59": "W", "10": "W", "25": "W", "17": "W", "63": "W", "54": "W", "72": "W"}, {"5": "N", "43": "N", "4": "N", "13": "N", "69": "N", "57": "N", "12": "N", "44": "N", "18": "N", "70": "N", "24": "N", "61": "N", "31": "N", "0": "N", "40": "N", "22": "N", "55": "N", "30": "N", "52": "N", "68": "N", "21": "N", "19": "N", "73": "N", "51": "N", "75": "N", "39": "N", "49": "N", "65": "N", "60": "N", "7": "N", "42": "N", "48": "N", "2": "N", "28": "N", "37": "N", "45": "N", "33": "N", "74": "N", "71": "N", "23": "N", "14": "N", "58": "W", "76": "W", "16": "W", "77": "N", "6": "N", "27": "N", "62": "N", "32": "N", "26": "W", "78": "W", "38": "W", "3": "W", "59": "W", "10": "W", "25": "W", "17": "W", "54": "W", "72": "W"}, {"5": "N", "43": "N", "4": "N", "13": "N", "69": "N", "57": "N", "12": "N", "44": "N", "18": "N", "70": "N", "24": "N", "61": "N", "31": "N", "0": "N", "40": "N", "22": "N", "55": "N", "30": "N", "52": "N", "68": "N", "21": "N", "19": "N", "73": "N", "51": "N", "75": "N", "39": "N", "49": "N", "65": "N", "60": "N", "7": "N", "42": "N", "48": "N", "2": "N", "28": "N", "37": "N", "45": "N", "33": "N", "74": "N", "71": "N", "23": "N", "14": "N", "58": "W", "76": "W", "16": "W", "77": "W", "6": "N", "27": "N", "62": "N", "32": "N", "26": "W", "78": "W", "38": "W", "3": "W", "59": "W", "10": "W", "25": "W", "17": "W", "54": "W", "72": "W"}, {"5": "N", "43": "N", "4": "N", "13": "N", "69": "N", "57": "N", "12": "N", "44": "N", "18": "N", "70": "N", "24": "N", "61": "N", "31": "N", "0": "N", "40": "N", "22": "N", "55": "N", "30": "N", "52": "N", "68": "N", "21": "N", "19": "N", "73": "N", "51": "N", "75": "N", "39": "N", "49": "N", "65": "N", "60": "N", "7": "N", "42": "N", "48": "N", "2": "N", "28": "N", "37": "N", "45": "N", "33": "N", "74": "N", "71": "N", "23": "N", "14": "N", "58": "W", "76": "W", "16": "W", "77": "W", "6": "W", "27": "N", "62": "N", "32": "N", "26": "W", "78": "W", "38": "W", "3": "W", "59": "W", "25": "W", "17": "W", "54": "W", "72": "W"}, {"5": "N", "43": "N", "4": "N", "13": "N", "69": "N", "57": "N", "12": "N", "44": "N", "18": "N", "70": "N", "24": "N", "61": "N", "31": "N", "0": "N", "40": "N", "22": "N", "55": "N", "30": "N", "52": "N", "68": "N", "21": "N", "19": "N", "73": "N", "51": "N", "75": "N", "39": "N", "49": "N", "65": "N", "60": "N", "7": "N", "42": "N", "48": "N", "2": "N", "28": "N", "37": "N", "45": "N", "33": "N", "74": "N", "71": "N", "23": "N", "14": "N", "58": "W", "76": "W", "16": "W", "77": "W", "6": "W", "27": "W", "62": "N", "32": "N", "78": "W", "38": "W", "3": "W", "59": "W", "25": "W", "17": "W", "72": "W"}, {"5": "N", "43": "N", "4": "N", "13": "N", "69": "N", "57": "N", "12": "N", "44": "N", "18": "N", "70": "N", "24": "N", "61": "N", "31": "N", "0": "N", "40": "N", "22": "N", "55": "N", "30": "N", "52": "N", "68": "N", "21": "N", "19": "N", "73": "N", "51": "N", "75": "N", "39": "N", "49": "N", "65": "N", "60": "N", "7": "N", "42": "N", "48": "N", "2": "N", "28": "N", "37": "N", "45": "N", "33": "N", "74": "N", "71": "N", "23": "N", "14": "N", "76": "W", "16": "W", "77": "W", "6": "W", "27": "W", "62": "W", "32": "N", "78": "W", "38": "W", "3": "W", "59": "W", "17": "W", "72": "W"}, {"5": "N", "43": "N", "4": "N", "13": "N", "69": "N", "57": "N", "12": "N", "44": "N", "18": "N", "70": "N", "24": "N", "61": "N", "31": "N", "0": "N", "40": "N", "22": "N", "55": "N", "30": "N", "52": "N", "68": "N", "21": "N", "19": "N", "73": "N", "51": "N", "75": "N", "39": "N", "49": "N", "65": "N", "60": "N", "7": "N", "42": "N", "48": "N", "2": "N", "28": "W", "37": "N", "45": "N", "33": "N", "74": "N", "71": "N", "23": "N", "14": "N", "76": "W", "16": "W", "77": "W", "6": "W", "27": "W", "62": "W", "32": "W", "78": "W", "38": "W", "3": "W", "59": "W", "17": "W", "72": "W"}, {"5": "N", "43": "N", "4": "N", "13": "N", "69": "N", "57": "N", "12": "N", "44": "N", "18": "N", "70": "N", "24": "N", "61": "N", "31": "N", "0": "N", "40": "N", "22": "N", "55": "N", "30": "N", "52": "N", "68": "N", "21": "N", "19": "N", "73": "N", "51": "N", "75": "N", "39": "N", "49": "N", "65": "N", "60": "N", "7": "N", "42": "N", "48": "N", "2": "N", "28": "W", "37": "W", "45": "N", "33": "N", "74": "N", "71": "N", "23": "N", "14": "N", "16": "W", "77": "W", "6": "W", "27": "W", "62": "W", "32": "W", "38": "W", "3": "W", "59": "W"}, {"5": "N", "43": "N", "4": "N", "13": "N", "69": "N", "57": "N", "12": "N", "44": "N", "18": "N", "70": "N", "24": "N", "61": "N", "31": "N", "0": "N", "40": "N", "22": "N", "55": "N", "30": "N", "52": "N", "68": "N", "21": "N", "19": "N", "73": "N", "51": "N", "75": "N", "39": "N", "49": "N", "65": "N", "60": "N", "7": "N", "42": "N", "48": "N", "2": "N", "28": "W", "37": "W", "45": "W", "33": "N", "74": "N", "71": "N", "23": "N", "14": "N", "16": "W", "77": "W", "6": "W", "27": "W", "62": "W", "32": "W", "38": "W", "3": "W", "59": "W"}, {"5": "N", "43": "N", "4": "N", "13": "N", "69": "N", "57": "N", "12": "N", "44": "N", "18": "N", "70": "N", "24": "N", "61": "N", "31": "N", "0": "N", "40": "N", "22": "N", "55": "N", "30": "N", "52": "N", "68": "N", "21": "N", "19": "N", "73": "N", "51": "N", "75": "N", "39": "N", "49": "N", "65": "N", "60": "N", "7": "N", "42": "N", "48": "N", "2": "N", "37": "W", "45": "W", "33": "W", "74": "N", "71": "N", "23": "N", "14": "N", "77": "W", "6": "W", "27": "W", "62": "W", "32": "W", "38": "W", "3": "W", "59": "W"}, {"5": "N", "43": "N", "4": "N", "13": "N", "69": "N", "57": "N", "12": "N", "44": "N", "18": "N", "70": "N", "24": "N", "61": "N", "31": "N", "0": "N", "40": "N", "22": "N", "55": "N", "30": "N", "52": "N", "68": "N", "21": "N", "19": "N", "73": "N", "51": "N", "75": "N", "39": "N", "49": "N", "65": "N", "60": "N", "7": "N", "42": "N", "48": "N", "2": "N", "37": "W", "45": "W", "33": "W", "74": "W", "71": "N", "23": "N", "14": "N", "77": "W", "6": "W", "27": "W", "62": "W", "32": "W", "3": "W", "59": "W"}, {"5": "N", "43": "N", "4": "N", "13": "N", "69": "N", "57": "N", "12": "N", "44": "N", "18": "N", "70": "N", "24": "N", "61": "N", "31": "N", "0": "N", "40": "N", "22": "N", "55": "N", "30": "N", "52": "N", "68": "N", "21": "N", "19": "N", "73": "N", "51": "N", "75": "N", "39": "N", "49": "N", "65": "N", "60": "N", "7": "N", "42": "N", "48": "N", "2": "N", "37": "W", "45": "W", "33": "W", "74": "W", "71": "W", "23": "N", "14": "N", "6": "W", "27": "W", "62": "W", "32": "W", "3": "W", "59": "W"}, {"5": "N", "43": "N", "4": "N", "13": "N", "69": "N", "57": "N", "12": "N", "44": "N", "18": "N", "70": "N", "24": "N", "61": "N", "31": "N", "0": "N", "40": "N", "22": "N", "55": "N", "30": "N", "52": "N", "68": "N", "21": "N", "19": "N", "73": "N", "51": "N", "75": "N", "39": "N", "49": "N", "65": "N", "60": "N", "7": "N", "42": "N", "48": "N", "2": "N", "45": "W", "33": "W", "74": "W", "71": "W", "23": "W", "14": "N", "6": "W", "27": "W", "62": "W", "32": "W", "59": "W"}, {"5": "N", "43": "N", "4": "N", "13": "N", "69": "N", "57": "N", "12": "N", "44": "N", "18": "N", "70": "N", "24": "N", "61": "N", "31": "N", "0": "N", "40": "N", "22": "N", "55": "N", "30": "N", "52": "N", "68": "N", "21": "N", "19": "N", "73": "N", "51": "N", "75": "N", "39": "N", "49": "N", "65": "N", "60": "W", "7": "N", "42": "N", "48": "N", "2": "N", "45": "W", "33": "W", "74": "W", "71": "W", "23": "W", "14": "W", "27": "W", "62": "W", "32": "W", "59": "W"}, {"5": "N", "43": "N", "4": "N", "13": "N", "69": "N", "57": "N", "12": "N", "44": "N", "18": "N", "70": "N", "24": "N", "61": "N", "31": "N", "0": "N", "40": "N", "22": "N", "55": "N", "30": "N", "52": "N", "68": "N", "21": "N", "19": "N", "73": "N", "51": "N", "75": "N", "39": "N", "49": "N", "65": "N", "60": "W", "7": "W", "42": "N", "48": "N", "2": "N", "33": "W", "74": "W", "71": "W", "23": "W", "14": "W", "27": "W", "62": "W", "32": "W", "59": "W"}, {"5": "N", "43": "N", "4": "N", "13": "N", "69": "N", "57": "N", "12": "N", "44": "N", "18": "N", "70": "N", "24": "N", "61": "N", "31": "N", "0": "N", "40": "N", "22": "N", "55": "N", "30": "N", "52": "N", "68": "N", "21": "N", "19": "N", "73": "N", "51": "N", "75": "N", "39": "N", "49": "N", "65": "N", "60": "W", "7": "W", "42": "W", "48": "N", "2": "N", "33": "W", "74": "W", "71": "W", "23": "W", "14": "W", "62": "W", "32": "W", "59": "W"}, {"5": "N", "43": "N", "4": "N", "13": "N", "69": "N", "57": "N", "12": "N", "44": "N", "18": "N", "70": "N", "24": "N", "61": "N", "31": "N", "0": "N", "40": "N", "22": "N", "55": "N", "30": "N", "52": "N", "68": "N", "21": "N", "19": "N", "73": "N", "51": "N", "75": "N", "39": "N", "49": "N", "65": "N", "7": "W", "42": "W", "48": "W", "2": "N", "33": "W", "74": "W", "71": "W", "23": "W", "14": "W", "62": "W", "32": "W"}, {"5": "N", "43": "N", "4": "N", "13": "N", "69": "N", "57": "N", "12": "N", "44": "N", "18": "N", "70": "N", "24": "N", "61": "N", "31": "N", "0": "N", "40": "N", "22": "N", "55": "N", "30": "N", "52": "N", "68": "W", "21": "N", "19": "N", "73": "N", "51": "N", "75": "N", "39": "N", "49": "N", "65": "N", "7": "W", "42": "W", "48": "W", "2": "W", "74": "W", "71": "W", "23": "W", "14": "W", "62": "W", "32": "W"}, {"5": "N", "43": "N", "4": "N", "13": "N", "69": "N", "57": "N", "12": "N", "44": "N", "18": "N", "70": "N", "24": "N", "61": "N", "31": "N", "0": "N", "40": "N", "22": "N", "55": "N", "30": "N", "52": "N", "68": "W", "21": "W", "19": "N", "73": "N", "51": "N", "75": "N", "39": "N", "49": "N", "65": "N", "7": "W", "42": "W", "48": "W", "2": "W", "74": "W", "71": "W", "23": "W", "14": "W", "62": "W", "32": "W"}, {"5": "N", "43": "N", "4": "N", "13": "N", "69": "N", "57": "N", "12": "N", "44": "N", "18": "N", "70": "N", "24": "N", "61": "N", "31": "N", "0": "N", "40": "N", "22": "N", "55": "N", "30": "N", "52": "N", "68": "W", "21": "W", "19": "W", "73": "N", "51": "N", "75": "N", "39": "N", "49": "N", "65": "N", "7": "W", "42": "W", "48": "W", "2": "W", "71": "W", "23": "W", "14": "W", "32": "W"}, {"5": "N", "43": "N", "4": "N", "13": "N", "69": "N", "57": "N", "12": "N", "44": "N", "18": "N", "70": "N", "24": "N", "61": "N", "31": "N", "0": "N", "40": "N", "22": "N", "55": "N", "30": "N", "52": "N", "21": "W", "19": "W", "73": "W", "51": "N", "75": "N", "39": "N", "49": "N", "65": "N", "7": "W", "42": "W", "48": "W", "2": "W", "71": "W", "23": "W", "14": "W", "32": "W"}, {"5": "N", "43": "N", "4": "N", "13": "N", "69": "N", "57": "N", "12": "N", "44": "N", "18": "N", "70": "N", "24": "N", "61": "N", "31": "N", "0": "N", "40": "N", "22": "N", "55": "N", "30": "N", "52": "N", "21": "W", "19": "W", "73": "W", "51": "W", "75": "N", "39": "N", "49": "N", "65": "N", "42": "W", "48": "W", "2": "W", "23": "W", "14": "W", "32": "W"}, {"5": "N", "43": "N", "4": "N", "13": "N", "69": "N", "57": "N", "12": "N", "44": "N", "18": "N", "70": "N", "24": "N", "61": "N", "31": "N", "0": "N", "40": "N", "22": "N", "55": "N", "30": "N", "52": "N", "21": "W", "19": "W", "73": "W", "51": "W", "75": "W", "39": "N", "49": "N", "65": "N", "42": "W", "48": "W", "2": "W", "23": "W", "14": "W"}, {"5": "N", "43": "N", "4": "N", "13": "N", "69": "N", "57": "N", "12": "N", "44": "N", "18": "N", "70": "N", "24": "N", "61": "N", "31": "N", "0": "N", "40": "N", "22": "N", "55": "N", "30": "N", "52": "N", "21": "W", "19": "W", "73": "W", "51": "W", "75": "W", "39": "W", "49": "N", "65": "N", "48": "W", "2": "W", "23": "W", "14": "W"}, {"5": "N", "43": "N", "4": "N", "13": "N", "69": "N", "57": "N", "12": "N", "44": "N", "18": "N", "70": "N", "24": "N", "61": "N", "31": "N", "0": "N", "40": "N", "22": "N", "55": "N", "30": "N", "52": "N", "19": "W", "73": "W", "51": "W", "75": "W", "39": "W", "49": "W", "65": "N", "48": "W", "2": "W", "23": "W", "14": "W"}, {"5": "N", "43": "N", "4": "N", "13": "N", "69": "N", "57": "N", "12": "N", "44": "N", "18": "N", "70": "N", "24": "N", "61": "N", "31": "N", "0": "N", "40": "N", "22": "N", "55": "W", "30": "N", "52": "N", "19": "W", "73": "W", "51": "W", "75": "W", "39": "W", "49": "W", "65": "W", "48": "W", "2": "W", "23": "W", "14": "W"}, {"5": "N", "43": "N", "4": "N", "13": "N", "69": "N", "57": "N", "12": "N", "44": "N", "18": "N", "70": "N", "24": "N", "61": "N", "31": "N", "0": "N", "40": "N", "22": "N", "55": "W", "30": "W", "52": "N", "73": "W", "51": "W", "75": "W", "39": "W", "49": "W", "65": "W", "2": "W", "14": "W"}, {"5": "N", "43": "N", "4": "N", "13": "N", "69": "N", "57": "N", "12": "N", "44": "N", "18": "N", "70": "N", "24": "N", "61": "N", "31": "N", "0": "W", "40": "N", "22": "N", "55": "W", "30": "W", "52": "W", "73": "W", "51": "W", "75": "W", "39": "W", "49": "W", "65": "W", "2": "W", "14": "W"}, {"5": "N", "43": "N", "4": "N", "13": "N", "69": "N", "57": "N", "12": "N", "44": "N", "18": "N", "70": "N", "24": "N", "61": "N", "31": "N", "0": "W", "40": "W", "22": "N", "55": "W", "30": "W", "52": "W", "51": "W", "75": "W", "39": "W", "49": "W", "65": "W", "2": "W"}, {"5": "N", "43": "N", "4": "N", "13": "N", "69": "N", "57": "N", "12": "W", "44": "N", "18": "N", "70": "N", "24": "N", "61": "N", "31": "N", "0": "W", "40": "W", "22": "W", "30": "W", "52": "W", "51": "W", "75": "W", "39": "W", "49": "W", "65": "W"}, {"5": "N", "43": "N", "4": "N", "13": "N", "69": "N", "57": "N", "12": "W", "44": "W", "18": "N", "70": "N", "24": "N", "61": "N", "31": "N", "0": "W", "40": "W", "22": "W", "30": "W", "52": "W", "51": "W", "75": "W", "39": "W", "49": "W", "65": "W"}, {"5": "N", "43": "N", "4": "N", "13": "N", "69": "N", "57": "N", "12": "W", "44": "W", "18": "W", "70": "N", "24": "N", "61": "N", "31": "N", "40": "W", "22": "W", "52": "W", "75": "W", "39": "W", "49": "W", "65": "W"}, {"5": "N", "43": "N", "4": "N", "13": "N", "69": "N", "57": "N", "44": "W", "18": "W", "70": "W", "24": "N", "61": "N", "31": "N", "40": "W", "22": "W", "52": "W", "75": "W", "39": "W", "49": "W", "65": "W"}, {"5": "N", "43": "N", "4": "N", "13": "N", "69": "N", "57": "N", "44": "W", "18": "W", "70": "W", "24": "W", "61": "N", "31": "N", "40": "W", "22": "W", "52": "W", "39": "W", "49": "W", "65": "W"}, {"5": "N", "43": "N", "4": "N", "13": "N", "69": "N", "57": "N", "44": "W", "18": "W", "70": "W", "24": "W", "61": "W", "31": "N", "40": "W", "22": "W", "52": "W", "39": "W", "49": "W", "65": "W"}, {"5": "N", "43": "N", "4": "N", "13": "N", "69": "W", "57": "N", "44": "W", "18": "W", "70": "W", "24": "W", "61": "W", "31": "W", "40": "W", "22": "W", "52": "W", "49": "W", "65": "W"}, {"5": "W", "43": "N", "4": "N", "13": "N", "69": "W", "57": "W", "18": "W", "70": "W", "24": "W", "61": "W", "31": "W", "40": "W", "22": "W", "52": "W", "49": "W", "65": "W"}, {"5": "W", "43": "W", "4": "N", "13": "N", "69": "W", "57": "W", "18": "W", "70": "W", "24": "W", "61": "W", "31": "W", "40": "W", "22": "W", "52": "W", "65": "W"}, {"5": "W", "43": "W", "4": "W", "13": "N", "69": "W", "57": "W", "18": "W", "70": "W", "24": "W", "61": "W", "31": "W", "40": "W", "22": "W", "52": "W", "65": "W"}, {"5": "W", "43": "W", "4": "W", "13": "W", "69": "W", "57": "W", "70": "W", "24": "W", "61": "W", "31": "W", "22": "W", "65": "W"}, {"5": "W", "43": "W", "4": "W", "13": "W", "69": "W", "57": "W", "70": "W", "24": "W", "61": "W", "31": "W", "22": "W", "65": "W"}, {"5": "W", "43": "W", "4": "W", "13": "W", "69": "W", "57": "W", "70": "W", "24": "W", "61": "W", "31": "W", "22": "W", "65": "W"}, {"5": "W", "43": "W", "4": "W", "13": "W", "69": "W", "57": "W", "70": "W", "24": "W", "61": "W", "31": "W", "65": "W"}, {"5": "W", "43": "W", "4": "W", "13": "W", "57": "W", "24": "W", "61": "W", "31": "W"}, {"5": "W", "43": "W", "4": "W", "13": "W", "57": "W", "24": "W", "61": "W", "31": "W"}, {"43": "W", "4": "W", "13": "W", "57": "W", "24": "W", "61": "W", "31": "W"}, {"43": "W", "4": "W", "13": "W", "24": "W", "61": "W", "31": "W"}, {"43": "W", "4": "W", "13": "W", "61": "W", "31": "W"}, {"43": "W", "4": "W", "13": "W", "61": "W", "31": "W"}, {"43": "W", "4": "W", "13": "W", "61": "W", "31": "W"}, {"4": "W", "13": "W", "31": "W"}, {"4": "W", "13": "W", "31": "W"}, {"4": "W", "13": "W", "31": "W"}, {"13": "W"}, {"13": "W"}, {"13": "W"}, {"57": "E", "13": "E", "48": "E"}, {"57": "S", "13": "S", "48": "S"}, {"57": "S", "13": "S", "48": "S"}, {"57": "S", "13": "S", "48": "S"}, {"57": "S", "13": "S", "48": "S"}, {"57": "S", "13": "S", "48": "S"}, {"57": "S", "13": "S", "48": "S"}, {"57": "S", "13": "S", "48": "S"}, {"57": "S", "13": "S", "48": "S"}, {"57": "S", "13": "S", "48": "S"}, {"57": "S", "13": "S", "48": "S"}, {"57": "S", "13": "S", "48": "S"}, {"57": "S", "13": "S", "48": "S"}, {"57": "S", "13": "S", "48": "S"}, {"57": "S", "13": "S", "48": "S"}, {"57": "S", "13": "S", "48": "S"}, {"57": "S", "13": "S", "48": "S"}, {"57": "S", "13": "S", "48": "S"}, {"57": "S", "13": "S", "48": "S"}, {"57": "S", "13": "S", "48": "S"}, {"57": "S", "13": "S", "48": "S"}, {"57": "S", "13": "S", "48": "S"}, {"57": "S", "13": "S", "48": "S"}, {"57": "S", "13": "S", "48": "S"}, {"57": "S", "13": "S", "48": "S"}, {"57": "S", "13": "S", "48": "S"}, {"57": "S", "13": "S", "48": "S"}, {"57": "S", "13": "S", "48": "S"}, {"57": "S", "13": "S", "48": "S"}, {"57": "S", "13": "S", "48": "S"}, {"57": "S", "13": "S", "48": "S"}, {"57": "S", "13": "S", "48": "S"}, {"57": "S", "13": "S", "48": "E"}, {"57": "S", "13": "S", "48": "E"}, {"57": "S", "13": "S", "48": "E"}, {"57": "S", "13": "S", "48": "E"}, {"57": "S", "13": "S", "48": "E"}, {"57": "S", "13": "S", "48": "E"}, {"57": "S", "13": "S", "48": "E"}, {"57": "S", "13": "S", "48": "E"}, {"57": "S", "13": "S", "48": "E"}, {"57": "S", "13": "S", "48": "E"}, {"57": "S", "13": "S", "48": "E"}, {"57": "S", "13": "S", "48": "E"}, {"57": "S", "13": "S", "48": "E"}, {"57": "S", "13": "S", "48": "E"}, {"57": "S", "13": "S", "48": "E"}, {"57": "S", "13": "S", "48": "E"}, {"57": "S", "13": "S", "48": "E"}, {"57": "S", "13": "S", "48": "E"}, {"57": "S", "13": "S", "48": "E"}, {"57": "S", "13": "S", "48": "E"}, {"57": "S", "13": "S", "48": "E"}, {"57": "S", "13": "S"}, {"57": "S", "13": "S"}, {"57": "S", "13": "S"}, {"57": "S", "13": "S"}, {"57": "S", "13": "S"}, {"57": "S", "13": "S"}, {"57": "S", "13": "S"}, {"57": "S", "13": "S"}, {"57": "S", "13": "S"}, {"57": "S", "13": "E"}, {"57": "E", "13": "E"}, {"57": "E", "13": "E", "50": "E", "75": "E"}, {"57": "E", "13": "E", "50": "E", "75": "S"}, {"57": "E", "13": "E", "50": "N", "75": "S"}, {"57": "E", "13": "E", "50": "N", "75": "S"}, {"57": "E", "13": "E", "50": "N", "75": "S"}, {"57": "E", "13": "E", "50": "N", "75": "S"}, {"57": "E", "13": "E", "50": "E", "75": "S"}, {"57": "E", "13": "E", "50": "E", "75": "S"}, {"57": "E", "13": "E", "50": "E", "75": "S"}, {"57": "E", "13": "E", "50": "E", "75": "S"}, {"57": "E", "13": "E", "50": "E", "75": "S"}, {"57": "E", "13": "E", "50": "E", "75": "S"}, {"57": "E", "13": "E", "50": "E", "75": "S"}, {"57": "E", "13": "E", "50": "E", "75": "S"}, {"57": "E", "13": "E", "50": "E", "75": "S"}, {"57": "E", "13": "E", "50": "E", "75": "S"}, {"57": "E", "13": "E", "50": "E", "75": "S"}, {"57": "E", "13": "E", "50": "E", "75": "S"}, {"57": "E", "13": "E", "50": "E", "75": "S"}, {"57": "E", "50": "E", "75": "S"}, {"50": "E", "75": "S"}, {"50": "E", "75": "S"}, {"50": "E", "75": "S"}, {"50": "E", "75": "S"}, {"50": "E", "75": "S"}, {"75": "S"}, {"75": "S"}, {"75": "S"}, {"75": "S"}, {"75": "S"}, {"75": "S"}, {"75": "S"}, {"75": "S"}, {"75": "S"}, {"75": "S"}, {"75": "S"}, {"75": "S"}, {"75": "S"}, {"75": "S"}, {"75": "S"}, {"75": "S"}, {"75": "S"}, {"75": "S"}, {"75": "S"}, {"75": "S"}, {"75": "E"}, {"75": "E", "40": "E", "22": "E"}, {"75": "E", "40": "S", "22": "S"}, {"75": "E", "40": "S", "22": "S"}, {"75": "E", "40": "S", "22": "S"}, {"75": "E", "40": "S", "22": "S"}, {"75": "E", "40": "S", "22": "S"}, {"75": "E", "40": "S", "22": "S"}, {"75": "E", "40": "S", "22": "S"}, {"75": "E", "40": "S", "22": "S"}, {"75": "E", "40": "S", "22": "S"}, {"75": "E", "40": "S", "22": "S"}, {"75": "E", "40": "S", "22": "S"}, {"75": "E", "40": "S", "22": "S"}, {"75": "E", "40": "S", "22": "S"}, {"75": "E", "40": "S", "22": "S"}, {"75": "E", "40": "S", "22": "S"}, {"75": "E", "40": "S", "22": "S"}, {"75": "E", "40": "S", "22": "S"}, {"75": "E", "40": "S", "22": "S"}, {"40": "S", "22": "S"}, {"40": "S", "22": "S"}, {"40": "S", "22": "S"}, {"40": "S", "22": "S"}, {"40": "S", "22": "S"}, {"40": "S", "22": "S"}, {"40": "S", "22": "S"}, {"40": "S", "22": "S"}, {"40": "S", "22": "S"}, {"40": "S", "22": "S"}, {"40": "S", "22": "S"}, {"40": "S", "22": "S"}, {"40": "S", "22": "S"}, {"40": "S", "22": "S"}, {"40": "S", "22": "S"}, {"40": "S", "22": "S"}, {"40": "S", "22": "S"}, {"40": "S", "22": "S"}, {"40": "S", "22": "S"}, {"40": "S", "22": "S"}, {"40": "S", "22": "S"}, {"40": "S", "22": "S"}, {"40": "S", "22": "S"}, {"40": "S", "22": "S"}, {"40": "S", "22": "S"}, {"40": "S", "22": "S"}, {"40": "S", "22": "S"}, {"40": "S", "22": "S"}, {"40": "S", "22": "S"}, {"40": "S", "22": "S"}, {"40": "S", "22": "S"}, {"40": "S", "22": "S"}, {"40": "S", "22": "S"}, {"40": "S", "22": "S"}, {"40": "E", "22": "E"}, {"40": "E", "22": "E", "64": "E", "34": "E", "65": "E", "4": "E", "35": "E", "19": "E"}, {"40": "E", "22": "E", "64": "E", "34": "E", "65": "S", "4": "S", "35": "E", "19": "S"}, {"40": "E", "22": "E", "64": "N", "34": "N", "65": "S", "4": "S", "35": "N", "19": "S"}, {"40": "E", "22": "E", "64": "N", "34": "N", "65": "S", "4": "S", "35": "N", "19": "S"}, {"40": "E", "22": "E", "64": "N", "34": "N", "65": "S", "4": "S", "35": "N", "19": "S"}, {"40": "E", "22": "E", "64": "N", "34": "N", "65": "S", "4": "S", "35": "N", "19": "S"}, {"40": "E", "22": "E", "64": "E", "34": "N", "65": "S", "4": "S", "35": "N", "19": "S"}, {"40": "E", "22": "E", "64": "E", "34": "E", "65": "S", "4": "S", "35": "N", "19": "S"}, {"40": "E", "22": "E", "64": "E", "34": "E", "65": "S", "4": "S", "35": "N", "19": "S"}, {"40": "E", "22": "E", "64": "E", "34": "E", "65": "S", "4": "S", "35": "N", "19": "S"}, {"40": "E", "22": "E", "64": "E", "34": "E", "65": "S", "4": "S", "35": "E", "19": "S"}, {"40": "E", "22": "E", "64": "E", "34": "E", "65": "S", "4": "S", "35": "E", "19": "S"}, {"40": "E", "22": "E", "64": "E", "34": "E", "65": "S", "4": "S", "35": "E", "19": "S"}, {"40": "E", "22": "E", "64": "E", "34": "E", "65": "S", "4": "S", "35": "E", "19": "S"}, {"40": "E", "22": "E", "64": "E", "34": "E", "65": "S", "4": "S", "35": "E", "19": "S"}, {"40": "E", "22": "E", "64": "E", "34": "E", "65": "S", "4": "S", "35": "E", "19": "S"}, {"40": "E", "22": "E", "64": "E", "34": "E", "65": "S", "4": "S", "35": "E", "19": "S"}, {"40": "E", "22": "E", "64": "E", "34": "E", "65": "S", "4": "S", "35": "E", "19": "S"}, {"64": "E", "34": "E", "65": "S", "4": "S", "35": "E", "19": "S"}, {"64": "E", "34": "E", "65": "S", "4": "S", "35": "E", "19": "S"}, {"64": "E", "34": "E", "65": "S", "4": "S", "35": "E", "19": "S"}, {"64": "E", "34": "E", "65": "S", "4": "S", "35": "E", "19": "S"}, {"64": "E", "34": "E", "65": "S", "4": "S", "35": "E", "19": "S"}, {"34": "E", "65": "S", "4": "S", "35": "E", "19": "S"}, {"65": "S", "4": "S", "35": "E", "19": "S"}, {"65": "S", "4": "S", "35": "E", "19": "S"}, {"65": "S", "4": "S", "35": "E", "19": "S"}, {"65": "S", "4": "S", "19": "S"}, {"65": "S", "4": "S", "19": "S"}, {"65": "S", "4": "S", "19": "S"}, {"65": "S", "4": "S", "19": "S"}, {"65": "S", "4": "S", "19": "S"}, {"65": "S", "4": "S", "19": "S"}, {"65": "S", "4": "S", "19": "S"}, {"65": "S", "4": "S", "19": "S"}, {"65": "S", "4": "S", "19": "S"}, {"65": "S", "4": "S", "19": "S"}, {"65": "S", "4": "S", "19": "S"}, {"65": "S", "4": "S", "19": "S"}, {"65": "S", "4": "S", "19": "E"}, {"65": "S", "4": "S", "19": "E"}, {"65": "S", "4": "S", "19": "E"}, {"65": "S", "4": "S", "19": "E"}, {"65": "S", "4": "S", "19": "E"}, {"65": "S", "4": "S", "19": "E"}, {"65": "S", "4": "S", "19": "E"}, {"65": "S", "4": "S", "19": "E"}, {"65": "S", "4": "S", "19": "E"}, {"65": "E", "4": "S", "19": "E"}, {"65": "E", "4": "S", "19": "E"}, {"65": "E", "4": "S", "19": "E"}, {"65": "E", "4": "S", "19": "E"}, {"65": "E", "4": "S", "19": "E"}, {"65": "E", "4": "S", "19": "E"}, {"65": "E", "4": "S", "19": "E"}, {"65": "E", "4": "S", "19": "E"}, {"65": "E", "4": "S", "19": "E"}, {"65": "E", "4": "S"}, {"65": "E", "4": "S"}, {"65": "E", "4": "S"}, {"65": "E", "4": "S"}, {"65": "E", "4": "S"}, {"65": "E", "4": "S"}, {"65": "E", "4": "S"}, {"65": "E", "4": "S"}, {"65": "E", "4": "E"}, {"4": "E", "11": "E", "26": "E", "31": "E", "10": "E"}, {"4": "E", "11": "S", "26": "S", "31": "S", "10": "S"}, {"4": "E", "11": "S", "26": "S", "31": "S", "10": "S"}, {"4": "E", "11": "S", "26": "S", "31": "S", "10": "S"}, {"4": "E", "11": "E", "26": "S", "31": "S", "10": "S"}, {"4": "E", "11": "E", "26": "S", "31": "S", "10": "E"}, {"4": "E", "11": "E", "26": "S", "31": "S", "10": "E"}, {"4": "E", "11": "E", "26": "S", "31": "S", "10": "E"}, {"4": "E", "11": "E", "26": "S", "31": "S", "10": "E"}, {"4": "E", "11": "E", "26": "S", "31": "S", "10": "E"}, {"4": "E", "11": "E", "26": "S", "31": "S", "10": "E"}, {"4": "E", "11": "E", "26": "S", "31": "S", "10": "E"}, {"4": "E", "11": "E", "26": "E", "31": "S", "10": "E"}, {"4": "E", "11": "E", "26": "E", "31": "S", "10": "E"}, {"4": "E", "11": "E", "26": "E", "31": "S", "10": "E"}, {"4": "E", "11": "E", "26": "E", "31": "S", "10": "E"}, {"4": "E", "11": "E", "26": "E", "31": "S", "10": "E"}, {"11": "E", "26": "E", "31": "S", "10": "E"}, {"11": "E", "26": "E", "31": "S", "10": "E"}, {"11": "E", "26": "E", "31": "S", "10": "E"}, {"11": "E", "26": "E", "31": "S", "10": "E"}, {"26": "E", "31": "S", "10": "E"}, {"26": "E", "31": "S"}, {"26": "E", "31": "S"}, {"26": "E", "31": "S"}, {"26": "E", "31": "S"}, {"26": "E", "31": "S"}, {"26": "E", "31": "S"}, {"26": "E", "31": "S"}, {"31": "S"}, {"31": "S"}, {"31": "S"}, {"31": "S"}, {"31": "S"}, {"31": "S"}, {"31": "S"}, {"31": "S"}, {"31": "S"}, {"31": "S"}, {"31": "S"}, {"31": "S"}, {"31": "S"}, {"31": "S"}, {"31": "S"}, {"31": "S"}, {"31": "S"}, {"31": "S"}, {"31": "S"}, {"31": "S"}, {"31": "S"}, {"31": "S"}, {"31": "S"}, {"31": "S"}, {"31": "S"}, {"31": "S"}, {"31": "S"}, {"31": "S"}, {"31": "S"}, {"31": "E"}, {"31": "E", "74": "E", "9": "E", "20": "E", "23": "E", "72": "E"}, {"31": "E", "74": "S", "9": "E", "20": "E", "23": "S", "72": "S"}, {"31": "E", "74": "S", "9": "N", "20": "N", "23": "S", "72": "S"}, {"31": "E", "74": "S", "9": "N", "20": "N", "23": "S", "72": "S"}, {"31": "E", "74": "S", "9": "E", "23": "S", "72": "E"}, {"31": "E", "74": "S", "9": "E", "20": "N", "23": "S", "72": "E"}, {"31": "E", "74": "S", "9": "E", "20": "N", "23": "S", "72": "E"}, {"31": "E", "74": "S", "9": "E", "20": "N", "23": "S", "72": "E"}, {"31": "E", "74": "S", "9": "E", "20": "E", "23": "S", "72": "E"}, {"31": "E", "74": "S", "9": "E", "20": "E", "23": "S", "72": "E"}, {"31": "E", "74": "S", "9": "E", "20": "E", "23": "S", "72": "E"}, {"31": "E", "74": "S", "9": "E", "20": "E", "23": "S", "72": "E"}, {"31": "E", "74": "S", "9": "E", "20": "E", "23": "S", "72": "E"}, {"31": "E", "74": "S", "9": "E", "20": "E", "23": "S", "72": "E"}, {"31": "E", "74": "S", "9": "E", "20": "E", "23": "S", "72": "E"}, {"31": "E", "74": "S", "9": "E", "20": "E", "23": "S", "72": "E"}, {"74": "S", "9": "E", "20": "E", "23": "S", "72": "E"}, {"74": "S", "9": "E", "20": "E", "23": "S", "72": "E"}, {"74": "S", "9": "E", "20": "E", "23": "S", "72": "E"}, {"74": "S", "20": "E", "23": "S", "72": "E"}, {"74": "S", "20": "E", "23": "S"}, {"74": "S", "20": "E", "23": "S"}, {"74": "S", "20": "E", "23": "S"}, {"74": "S", "23": "S"}, {"74": "S", "23": "S"}, {"74": "S", "23": "S"}, {"74": "S", "23": "S"}, {"74": "S", "23": "S"}, {"74": "S", "23": "S"}, {"74": "S", "23": "S"}, {"74": "S", "23": "S"}, {"74": "S", "23": "S"}, {"74": "S", "23": "E"}, {"74": "S", "23": "E"}, {"74": "S", "23": "E"}, {"74": "S", "23": "E"}, {"74": "S", "23": "E"}, {"74": "S", "23": "E"}, {"74": "S", "23": "E"}, {"74": "S", "23": "E"}, {"74": "S", "23": "E"}, {"74": "S", "23": "E"}, {"74": "E", "23": "E"}, {"74": "E", "23": "E", "42": "E", "3": "E", "33": "E", "29": "E", "17": "E"}, {"74": "E", "23": "E", "42": "S", "3": "S", "33": "S", "29": "E", "17": "S"}, {"74": "E", "23": "E", "42": "S", "3": "S", "33": "S", "29": "N", "17": "S"}, {"74": "E", "23": "E", "42": "S", "3": "S", "33": "S", "29": "N", "17": "S"}, {"74": "E", "23": "E", "42": "S", "3": "S", "33": "S", "29": "N", "17": "S"}, {"74": "E", "42": "S", "3": "S", "33": "S", "29": "N", "17": "S"}, {"74": "E", "42": "S", "3": "S", "33": "S", "29": "N", "17": "E"}, {"74": "E", "42": "S", "3": "S", "33": "S", "29": "E", "17": "E"}, {"74": "E", "42": "S", "3": "S", "33": "S", "29": "E", "17": "E"}, {"74": "E", "42": "S", "3": "S", "33": "S", "29": "E", "17": "E"}, {"74": "E", "42": "S", "3": "S", "33": "S", "29": "E", "17": "E"}, {"74": "E", "42": "S", "3": "S", "33": "S", "29": "E", "17": "E"}, {"74": "E", "42": "S", "3": "S", "33": "S", "29": "E", "17": "E"}, {"74": "E", "42": "S", "3": "S", "33": "S", "29": "E", "17": "E"}, {"74": "E", "42": "S", "3": "S", "33": "S", "29": "E", "17": "E"}, {"42": "S", "3": "S", "33": "S", "29": "E", "17": "E"}, {"42": "S", "3": "S", "33": "S", "29": "E", "17": "E"}, {"42": "S", "3": "S", "33": "S", "29": "E", "17": "E"}, {"42": "S", "3": "S", "33": "S", "29": "E", "17": "E"}, {"42": "S", "3": "S", "33": "S", "29": "E", "17": "E"}, {"42": "S", "3": "S", "33": "S", "29": "E", "17": "E"}, {"42": "S", "3": "E", "33": "S"}, {"42": "S", "3": "E", "33": "S"}, {"42": "S", "3": "E", "33": "S"}, {"42": "S", "3": "E", "33": "S"}, {"42": "S", "3": "E", "33": "S"}, {"42": "S", "3": "E", "33": "S"}, {"42": "S", "3": "E", "33": "S"}, {"42": "S", "3": "E", "33": "S"}, {"42": "S", "3": "E", "33": "E"}, {"42": "S", "3": "E", "33": "E"}, {"42": "S", "3": "E", "33": "E"}, {"42": "S", "3": "E", "33": "E"}, {"42": "S", "3": "E", "33": "E"}, {"42": "S", "3": "E", "33": "E"}, {"42": "S", "3": "E", "33": "E"}, {"42": "S", "33": "E"}, {"42": "S", "33": "E"}, {"42": "S", "33": "E"}, {"42": "S", "33": "E"}, {"42": "S", "33": "E"}, {"42": "S", "33": "E"}, {"42": "E", "33": "E"}, {"42": "E", "33": "E", "61": "E", "63": "E", "79": "E", "70": "E"}, {"42": "E", "61": "S", "63": "S", "79": "S", "70": "S"}, {"42": "E", "61": "S", "63": "S", "79": "S", "70": "S"}, {"42": "E", "61": "S", "63": "S", "79": "S", "70": "S"}, {"42": "E", "61": "S", "63": "S", "79": "S", "70": "S"}, {"42": "E", "61": "S", "63": "S", "79": "S", "70": "S"}, {"42": "E", "61": "S", "63": "S", "79": "S", "70": "S"}, {"42": "E", "61": "S", "63": "E", "79": "S", "70": "S"}, {"42": "E", "61": "S", "63": "E", "79": "S", "70": "S"}, {"42": "E", "61": "S", "63": "E", "79": "E", "70": "S"}, {"42": "E", "61": "S", "63": "E", "79": "E", "70": "S"}, {"42": "E", "61": "S", "63": "E", "79": "E", "70": "S"}, {"42": "E", "61": "S", "63": "E", "79": "E", "70": "S"}, {"42": "E", "61": "S", "63": "E", "79": "E", "70": "S"}, {"61": "S", "63": "E", "79": "E", "70": "S"}, {"61": "S", "63": "E", "79": "E", "70": "S"}, {"61": "S", "63": "E", "79": "E", "70": "S"}, {"61": "S", "63": "E", "79": "E", "70": "S"}, {"61": "S", "63": "E", "79": "E", "70": "S"}, {"61": "S", "63": "E", "79": "E", "70": "S"}, {"61": "S", "63": "E", "79": "E", "70": "S"}, {"61": "S", "79": "E", "70": "S"}, {"61": "S", "79": "E", "70": "S"}, {"61": "S", "70": "S"}, {"61": "S", "70": "S"}, {"61": "S", "70": "S"}, {"61": "S", "70": "S"}, {"61": "S", "70": "S"}, {"61": "S", "70": "S"}, {"61": "S", "70": "S"}, {"61": "S", "70": "S"}, {"61": "S", "70": "S"}, {"61": "S", "70": "S"}, {"61": "S", "70": "S"}, {"61": "S", "70": "S"}, {"61": "S", "70": "S"}, {"61": "S", "70": "S"}, {"61": "S", "70": "S"}, {"61": "S", "70": "S"}, {"61": "S", "70": "S"}, {"61": "S", "70": "S"}, {"61": "S", "70": "S"}, {"61": "S", "70": "S"}, {"61": "S", "70": "S"}, {"61": "S", "70": "S"}, {"61": "S", "70": "S"}, {"61": "S", "70": "S"}, {"61": "S", "70": "S"}, {"61": "S", "70": "S"}, {"61": "S", "70": "S"}, {"61": "S", "70": "S"}, {"61": "S", "70": "S"}, {"61": "S", "70": "S"}, {"61": "S", "70": "S"}, {"61": "S", "70": "S"}, {"61": "S", "70": "S"}, {"61": "S", "70": "S"}, {"61": "S", "70": "S"}, {"61": "S", "70": "S"}, {"61": "S", "70": "E"}, {"61": "S", "70": "E"}, {"61": "S", "70": "E"}, {"61": "S", "70": "E"}, {"61": "S", "70": "E"}, {"61": "E", "70": "E"}, {"61": "E", "70": "E", "2": "E", "71": "E", "56": "E"}, {"61": "E", "70": "E", "2": "S", "71": "S", "56": "S"}, {"61": "E", "70": "E", "2": "S", "71": "S", "56": "S"}, {"61": "E", "70": "E", "2": "S", "71": "S", "56": "E"}, {"61": "E", "70": "E", "2": "S", "71": "S", "56": "E"}, {"61": "E", "70": "E", "2": "S", "71": "S", "56": "E"}, {"61": "E", "70": "E", "2": "S", "71": "S", "56": "E"}, {"61": "E", "70": "E", "2": "S", "71": "S", "56": "E"}, {"61": "E", "2": "S", "71": "S", "56": "E"}, {"61": "E", "2": "S", "71": "S", "56": "E"}, {"61": "E", "2": "S", "71": "S", "56": "E"}, {"61": "E", "2": "S", "71": "S", "56": "E"}, {"61": "E", "2": "S", "71": "S", "56": "E"}, {"2": "S", "71": "S", "56": "E"}, {"2": "S", "71": "S", "56": "E"}, {"2": "S", "71": "S", "56": "E"}, {"2": "S", "71": "S"}, {"2": "S", "71": "S"}, {"2": "S", "71": "S"}, {"2": "S", "71": "S"}, {"2": "S", "71": "S"}, {"2": "S", "71": "S"}, {"2": "S", "71": "S"}, {"2": "S", "71": "S"}, {"2": "S", "71": "S"}, {"2": "S", "71": "S"}, {"2": "S", "71": "S"}, {"2": "S", "71": "S"}, {"2": "S", "71": "S"}, {"2": "S", "71": "S"}, {"2": "S", "71": "S"}, {"2": "S", "71": "S"}, {"2": "S", "71": "S"}, {"2": "S", "71": "S"}, {"2": "S", "71": "S"}, {"2": "S", "71": "E"}, {"2": "S", "71": "E"}, {"2": "S", "71": "E"}, {"2": "S", "71": "E"}, {"2": "S", "71": "E"}, {"2": "S", "71": "E"}, {"2": "S", "71": "E"}, {"2": "S", "71": "E"}, {"2": "S", "71": "E"}, {"2": "S", "71": "E"}, {"2": "S", "71": "E"}, {"2": "S", "71": "E"}, {"2": "S", "71": "E"}, {"2": "S"}, {"2": "S"}, {"2": "S"}, {"2": "S"}, {"2": "E"}, {"2": "E", "39": "E", "32": "E", "58": "E", "66": "E", "54": "E"}, {"2": "E", "39": "S", "32": "S", "58": "S", "66": "E", "54": "E"}, {"2": "E", "39": "S", "32": "S", "58": "S", "66": "N", "54": "E"}, {"2": "E", "39": "S", "32": "S", "58": "S", "66": "N", "54": "E"}, {"2": "E", "39": "S", "32": "S", "58": "S", "66": "N", "54": "E"}, {"2": "E", "39": "S", "32": "S", "58": "S", "66": "N", "54": "E"}, {"2": "E", "39": "S", "32": "S", "58": "S", "66": "N", "54": "E"}, {"2": "E", "39": "S", "32": "S", "58": "S", "66": "E", "54": "E"}, {"2": "E", "39": "S", "32": "S", "58": "S", "66": "E", "54": "E"}, {"2": "E", "39": "S", "32": "S", "58": "S", "66": "E", "54": "E"}, {"2": "E", "39": "S", "32": "S", "58": "S", "66": "E", "54": "E"}, {"2": "E", "39": "S", "32": "S", "58": "S", "66": "E", "54": "E"}, {"39": "S", "32": "S", "58": "S", "66": "E", "54": "E"}, {"39": "S", "32": "S", "58": "S", "66": "E"}, {"39": "S", "32": "S", "58": "S", "66": "E"}, {"39": "S", "32": "S", "58": "S", "66": "E"}, {"39": "S", "32": "S", "58": "S", "66": "E"}, {"39": "S", "32": "S", "58": "S", "66": "E"}, {"39": "S", "32": "S", "58": "E"}, {"39": "S", "32": "S", "58": "E"}, {"39": "S", "32": "S", "58": "E"}, {"39": "S", "32": "S", "58": "E"}, {"39": "S", "32": "S", "58": "E"}, {"39": "S", "32": "S", "58": "E"}, {"39": "S", "32": "S", "58": "E"}, {"39": "S", "32": "S", "58": "E"}, {"39": "S", "32": "S", "58": "E"}, {"39": "S", "32": "S", "58": "E"}, {"39": "S", "32": "E", "58": "E"}, {"39": "S", "32": "E", "58": "E"}, {"39": "S", "32": "E"}, {"39": "S", "32": "E"}, {"39": "S", "32": "E"}, {"39": "S", "32": "E"}, {"39": "S", "32": "E"}, {"39": "S", "32": "E"}, {"39": "S", "32": "E"}, {"39": "S", "32": "E"}, {"39": "S", "32": "E"}, {"39": "S", "32": "E"}, {"39": "S"}, {"39": "S"}, {"39": "S"}, {"39": "S"}, {"39": "S"}, {"39": "S"}, {"39": "S"}, {"39": "S"}, {"39": "S"}, {"39": "S"}, {"39": "S"}, {"39": "S"}, {"39": "S"}, {"39": "S"}, {"39": "S"}, {"39": "S"}, {"39": "S"}, {"39": "S"}, {"39": "E"}, {"39": "E", "52": "E", "49": "E", "28": "E", "12": "E", "15": "E", "78": "E"}, {"39": "E", "52": "S", "49": "S", "28": "S", "12": "S", "15": "E", "78": "S"}, {"39": "E", "52": "S", "49": "S", "28": "S", "12": "S", "15": "N", "78": "S"}, {"39": "E", "52": "S", "49": "S", "28": "S", "12": "S", "15": "N", "78": "S"}, {"39": "E", "52": "S", "49": "S", "28": "S", "12": "S", "15": "N", "78": "S"}, {"39": "E", "52": "S", "49": "S", "28": "S", "12": "S", "15": "N", "78": "S"}, {"39": "E", "52": "S", "49": "S", "28": "S", "12": "S", "15": "N", "78": "S"}, {"39": "E", "52": "S", "49": "S", "28": "S", "12": "S", "15": "N", "78": "S"}, {"39": "E", "52": "S", "49": "S", "28": "S", "12": "S", "15": "N", "78": "S"}, {"39": "E", "52": "S", "49": "S", "28": "S", "12": "S", "15": "N", "78": "E"}, {"39": "E", "52": "S", "49": "S", "28": "S", "12": "S", "15": "N", "78": "E"}, {"52": "S", "49": "S", "28": "S", "12": "S", "15": "N", "78": "E"}, {"52": "S", "49": "S", "28": "S", "12": "S", "15": "N", "78": "E"}, {"52": "S", "49": "S", "28": "S", "12": "S", "15": "E", "78": "E"}, {"52": "S", "49": "S", "28": "S", "12": "S", "15": "E", "78": "E"}, {"52": "S", "49": "S", "28": "S", "12": "S", "15": "E", "78": "E"}, {"52": "S", "49": "S", "28": "S", "12": "S", "15": "E", "78": "E"}, {"52": "S", "49": "S", "28": "S", "12": "S", "15": "E", "78": "E"}, {"52": "S", "49": "S", "28": "S", "12": "S", "15": "E", "78": "E"}, {"52": "S", "49": "S", "28": "S", "12": "S", "15": "E", "78": "E"}, {"52": "S", "49": "S", "28": "S", "12": "S", "15": "E"}, {"52": "S", "49": "S", "28": "S", "12": "S", "15": "E"}, {"52": "S", "49": "S", "28": "S", "12": "S", "15": "E"}, {"52": "S", "49": "S", "28": "S", "12": "S"}, {"52": "S", "49": "S", "28": "S", "12": "S"}, {"52": "S", "49": "S", "28": "S", "12": "S"}, {"52": "S", "49": "S", "28": "S", "12": "S"}, {"52": "S", "49": "S", "28": "S", "12": "S"}, {"52": "S", "49": "S", "28": "S", "12": "S"}, {"52": "S", "49": "S", "28": "E", "12": "S"}, {"52": "S", "49": "S", "28": "E", "12": "S"}, {"52": "S", "49": "S", "28": "E", "12": "S"}, {"52": "S", "49": "S", "28": "E", "12": "S"}, {"52": "S", "49": "S", "28": "E", "12": "S"}, {"52": "S", "49": "S", "28": "E", "12": "S"}, {"52": "S", "49": "S", "28": "E", "12": "S"}, {"52": "S", "49": "S", "28": "E", "12": "S"}, {"52": "S", "49": "S", "28": "E", "12": "S"}, {"52": "S", "49": "S", "28": "E", "12": "S"}, {"52": "S", "49": "S", "28": "E", "12": "S"}, {"52": "S", "49": "S", "12": "S"}, {"52": "S", "49": "S", "12": "S"}, {"52": "S", "49": "S", "12": "S"}, {"52": "S", "49": "S", "12": "S"}, {"52": "S", "49": "S", "12": "S"}, {"52": "S", "49": "S", "12": "S"}, {"52": "S", "49": "S", "12": "S"}, {"52": "S", "49": "S", "12": "S"}, {"52": "S", "49": "S", "12": "S"}, {"52": "S", "49": "S", "12": "S"}, {"52": "S", "49": "E", "12": "S"}, {"52": "S", "49": "E", "12": "S"}, {"52": "S", "49": "E", "12": "S"}, {"52": "S", "49": "E", "12": "E"}, {"52": "S", "49": "E", "12": "E"}, {"52": "E", "49": "E", "12": "E"}, {"52": "E", "49": "E", "12": "E", "14": "E", "24": "E", "43": "E", "60": "E", "5": "E", "7": "E", "8": "E", "59": "E"}, {"52": "E", "49": "E", "12": "E", "14": "S", "24": "S", "60": "S", "5": "S", "7": "S", "8": "E", "59": "S"}, {"52": "E", "49": "E", "12": "E", "14": "S", "24": "S", "43": "S", "60": "S", "5": "S", "7": "S", "8": "N", "59": "S"}, {"52": "E", "49": "E", "12": "E", "14": "S", "24": "S", "43": "S", "60": "S", "5": "S", "7": "S", "8": "E", "59": "S"}, {"52": "E", "49": "E", "12": "E", "14": "S", "24": "S", "43": "S", "60": "S", "5": "S", "7": "S", "8": "E", "59": "S"}, {"52": "E", "12": "E", "14": "S", "24": "S", "43": "S", "60": "S", "5": "S", "7": "S", "8": "E", "59": "S"}, {"52": "E", "12": "E", "14": "S", "24": "S", "43": "S", "60": "S", "5": "S", "7": "S", "8": "E", "59": "S"}, {"52": "E", "12": "E", "14": "S", "24": "S", "43": "S", "60": "S", "5": "S", "7": "S", "8": "E", "59": "S"}, {"52": "E", "14": "S", "24": "S", "43": "S", "60": "S", "5": "S", "7": "S", "8": "E", "59": "S"}, {"52": "E", "14": "S", "24": "S", "43": "S", "60": "S", "5": "S", "7": "S", "8": "E", "59": "S"}, {"14": "S", "24": "S", "43": "S", "60": "S", "5": "S", "7": "S", "8": "E", "59": "S"}, {"14": "S", "24": "S", "43": "S", "60": "S", "5": "S", "7": "S", "8": "E", "59": "S"}, {"14": "S", "24": "S", "43": "S", "60": "S", "5": "S", "7": "S", "59": "E"}, {"14": "S", "24": "S", "43": "S", "60": "S", "5": "S", "7": "S", "59": "E"}, {"14": "S", "24": "S", "43": "S", "60": "S", "5": "S", "7": "S", "59": "E"}, {"14": "S", "24": "S", "43": "S", "60": "S", "5": "S", "7": "S", "59": "E"}, {"14": "S", "24": "S", "43": "S", "60": "S", "5": "S", "7": "S", "59": "E"}, {"14": "S", "24": "S", "43": "S", "60": "S", "5": "S", "7": "S", "59": "E"}, {"14": "S", "24": "S", "43": "S", "60": "S", "5": "S", "7": "S", "59": "E"}, {"14": "S", "24": "S", "43": "S", "60": "S", "5": "S", "7": "S", "59": "E"}, {"14": "S", "24": "S", "43": "S", "60": "S", "5": "S", "7": "S", "59": "E"}, {"14": "S", "24": "S", "43": "S", "60": "S", "5": "S", "7": "S", "59": "E"}, {"14": "S", "24": "S", "43": "S", "60": "S", "5": "S", "7": "S"}, {"14": "S", "24": "S", "43": "S", "60": "S", "5": "S", "7": "S"}, {"14": "S", "24": "S", "43": "S", "60": "S", "5": "S", "7": "S"}, {"14": "S", "24": "S", "43": "S", "60": "S", "5": "S", "7": "S"}, {"14": "S", "24": "S", "43": "S", "60": "S", "5": "S", "7": "S"}, {"14": "S", "24": "S", "43": "S", "60": "S", "5": "S", "7": "S"}, {"14": "S", "24": "S", "43": "S", "60": "S", "5": "S", "7": "S"}, {"14": "S", "24": "S", "43": "S", "60": "S", "5": "S", "7": "S"}, {"14": "S", "24": "S", "43": "S", "60": "S", "5": "S", "7": "S"}, {"14": "S", "24": "S", "43": "S", "60": "S", "5": "S", "7": "S"}, {"14": "S", "24": "S", "43": "S", "60": "S", "5": "S", "7": "S"}, {"14": "S", "24": "S", "43": "S", "60": "S", "5": "S", "7": "S"}, {"14": "S", "24": "S", "43": "S", "60": "S", "5": "S", "7": "S"}, {"14": "S", "24": "S", "43": "S", "60": "S", "5": "S", "7": "E"}, {"14": "S", "24": "S", "43": "S", "60": "S", "5": "S", "7": "E"}, {"14": "S", "24": "S", "43": "S", "60": "E", "5": "S", "7": "E"}, {"14": "S", "24": "S", "43": "S", "60": "E", "5": "S", "7": "E"}, {"14": "S", "24": "S", "43": "S", "60": "E", "5": "S", "7": "E"}, {"14": "S", "24": "S", "43": "S", "60": "E", "5": "S", "7": "E"}, {"14": "S", "24": "S", "43": "S", "60": "E", "5": "S", "7": "E"}, {"14": "E", "24": "S", "43": "S", "60": "E", "5": "S", "7": "E"}, {"14": "E", "24": "S", "43": "S", "60": "E", "5": "S", "7": "E"}, {"14": "E", "24": "S", "43": "S", "60": "E", "5": "S", "7": "E"}, {"14": "E", "24": "S", "43": "S", "60": "E", "5": "S"}, {"14": "E", "24": "S", "43": "S", "60": "E", "5": "S"}, {"14": "E", "24": "S", "43": "S", "5": "S"}, {"14": "E", "24": "S", "43": "S", "5": "S"}, {"14": "E", "24": "S", "43": "S", "5": "S"}, {"14": "E", "24": "S", "43": "S", "5": "S"}, {"14": "E", "24": "S", "43": "S", "5": "S"}, {"24": "S", "43": "S", "5": "S"}, {"24": "S", "43": "S", "5": "S"}, {"24": "S", "43": "S", "5": "S"}, {"24": "S", "43": "S", "5": "S"}, {"24": "S", "43": "S", "5": "S"}, {"24": "S", "43": "S", "5": "S"}, {"24": "S", "43": "S", "5": "S"}, {"24": "S", "43": "S", "5": "S"}, {"24": "S", "43": "S", "5": "S"}, {"24": "S", "43": "S", "5": "S"}, {"24": "S", "43": "S", "5": "S"}, {"24": "S", "43": "S", "5": "S"}, {"24": "S", "43": "S", "5": "S"}, {"24": "S", "43": "S", "5": "E"}, {"24": "E", "43": "S", "5": "E"}, {"24": "E", "43": "S", "5": "E"}, {"24": "E", "43": "S", "5": "E"}, {"24": "E", "43": "E", "5": "E"}, {"24": "E", "43": "E", "5": "E", "27": "E", "68": "E", "77": "E", "41": "E", "46": "E"}, {"24": "E", "43": "E", "5": "E", "27": "S", "68": "S", "77": "S", "41": "E", "46": "E"}, {"24": "E", "43": "E", "5": "E", "27": "S", "68": "S", "77": "S", "41": "N", "46": "N"}, {"24": "E", "43": "E", "5": "E", "27": "S", "68": "S", "77": "S", "41": "N", "46": "N"}, {"24": "E", "43": "E", "5": "E", "27": "S", "68": "S", "77": "S", "41": "E", "46": "N"}, {"24": "E", "43": "E", "27": "S", "68": "S", "77": "S", "41": "E", "46": "N"}, {"43": "E", "27": "S", "68": "S", "77": "S", "41": "E", "46": "N"}, {"43": "E", "27": "S", "68": "S", "77": "S", "41": "E", "46": "N"}, {"43": "E", "27": "S", "68": "S", "77": "S", "41": "E", "46": "N"}, {"27": "S", "68": "S", "77": "S", "41": "E", "46": "N"}, {"27": "S", "68": "S", "77": "S", "41": "E", "46": "N"}, {"27": "S", "68": "S", "77": "S", "41": "E", "46": "N"}, {"27": "S", "68": "S", "77": "S", "46": "E"}, {"27": "S", "68": "S", "77": "S", "46": "E"}, {"27": "S", "68": "S", "77": "S", "46": "E"}, {"27": "S", "68": "S", "77": "S", "46": "E"}, {"27": "S", "68": "S", "77": "S", "46": "E"}, {"27": "S", "68": "S", "77": "S", "46": "E"}, {"27": "S", "68": "S", "77": "S", "46": "E"}, {"27": "S", "68": "S", "77": "S", "46": "E"}, {"27": "S", "68": "S", "77": "E"}, {"27": "S", "68": "S", "77": "E"}, {"27": "S", "68": "S", "77": "E"}, {"27": "S", "68": "S", "77": "E"}, {"27": "S", "68": "S", "77": "E"}, {"27": "E", "68": "S", "77": "E"}, {"27": "E", "68": "S", "77": "E"}, {"27": "E", "68": "S", "77": "E"}, {"27": "E", "68": "S", "77": "E"}, {"27": "E", "68": "S"}, {"27": "E", "68": "S"}, {"27": "E", "68": "S"}, {"27": "E", "68": "S"}, {"27": "E", "68": "S"}, {"68": "S"}, {"68": "S"}, {"68": "S"}, {"68": "S"}, {"68": "S"}, {"68": "E"}, {"68": "E", "55": "E", "45": "E", "47": "E", "6": "E", "36": "E"}, {"68": "E", "55": "S", "45": "S", "47": "E", "6": "S", "36": "E"}, {"68": "E", "55": "S", "45": "S", "47": "N", "6": "S", "36": "N"}, {"68": "E", "55": "S", "45": "S", "47": "N", "6": "S", "36": "N"}, {"68": "E", "55": "S", "45": "S", "47": "N", "6": "S", "36": "N"}, {"68": "E", "55": "S", "45": "S", "47": "N", "6": "S", "36": "N"}, {"68": "E", "55": "S", "45": "S", "47": "N", "6": "S", "36": "N"}, {"68": "E", "55": "S", "45": "S", "47": "N", "6": "S", "36": "N"}, {"55": "S", "45": "S", "47": "N", "6": "S", "36": "N"}, {"55": "S", "45": "S", "47": "N", "6": "S", "36": "N"}, {"55": "S", "45": "S", "47": "N", "6": "S", "36": "N"}, {"55": "S", "45": "S", "47": "N", "6": "S", "36": "N"}, {"55": "S", "45": "S", "47": "E", "6": "S", "36": "E"}, {"55": "S", "45": "S", "47": "E", "6": "S", "36": "E"}, {"55": "S", "45": "S", "47": "E", "6": "S", "36": "E"}, {"55": "S", "45": "S", "47": "E", "6": "S", "36": "E"}, {"55": "S", "45": "S", "47": "E", "6": "S", "36": "E"}, {"55": "S", "45": "S", "47": "E", "6": "S", "36": "E"}, {"55": "S", "45": "S", "47": "E", "6": "S", "36": "E"}, {"55": "S", "45": "S", "6": "S"}, {"55": "S", "45": "S", "6": "E"}, {"55": "S", "45": "S", "6": "E"}, {"55": "S", "45": "S", "6": "E"}, {"55": "S", "45": "S", "6": "E"}, {"55": "S", "45": "S", "6": "E"}, {"55": "S", "45": "S", "6": "E"}, {"55": "S", "45": "S", "6": "E"}, {"55": "S", "45": "S", "6": "E"}, {"55": "S", "45": "S"}, {"55": "S", "45": "S"}, {"55": "S", "45": "S"}, {"55": "S", "45": "E"}, {"55": "S", "45": "E"}, {"55": "S", "45": "E"}, {"55": "S", "45": "E"}, {"55": "S", "45": "E"}, {"55": "S", "45": "E"}, {"55": "S", "45": "E"}, {"55": "S", "45": "E"}, {"55": "S"}, {"55": "S"}, {"55": "S"}, {"55": "S"}, {"55": "S"}, {"55": "S"}, {"55": "S"}, {"55": "S"}, {"55": "S"}, {"55": "S"}, {"55": "S"}, {"55": "S"}, {"55": "S"}, {"55": "S"}, {"55": "S"}, {"55": "S"}, {"55": "E"}, {"55": "E", "25": "E", "62": "E"}, {"55": "E", "25": "S", "62": "S"}, {"55": "E", "25": "S", "62": "S"}, {"55": "E", "25": "S", "62": "S"}, {"55": "E", "25": "S", "62": "S"}, {"55": "E", "25": "S", "62": "S"}, {"55": "E", "25": "S", "62": "S"}, {"25": "S", "62": "S"}, {"25": "E", "62": "S"}, {"25": "E", "62": "S"}, {"25": "E", "62": "S"}, {"25": "E", "62": "S"}, {"25": "E", "62": "S"}, {"25": "E", "62": "S"}, {"25": "E", "62": "S"}, {"62": "S"}, {"62": "S"}, {"62": "S"}, {"62": "S"}, {"62": "S"}, {"62": "S"}, {"62": "E"}, {"62": "E", "51": "E", "76": "E"}, {"62": "E", "51": "S", "76": "S"}, {"62": "E", "51": "S", "76": "S"}, {"62": "E", "51": "S", "76": "S"}, {"62": "E", "51": "S", "76": "S"}, {"62": "E", "51": "S", "76": "S"}, {"51": "S", "76": "S"}, {"51": "S", "76": "S"}, {"51": "S", "76": "S"}, {"51": "S", "76": "S"}, {"51": "S", "76": "S"}, {"51": "S", "76": "S"}, {"51": "S", "76": "S"}, {"51": "S", "76": "S"}, {"51": "S", "76": "S"}, {"51": "S", "76": "S"}, {"51": "S", "76": "S"}, {"51": "S", "76": "S"}, {"51": "S", "76": "S"}, {"51": "S", "76": "S"}, {"51": "S", "76": "E"}, {"51": "S", "76": "E"}, {"51": "S", "76": "E"}, {"51": "S", "76": "E"}, {"51": "S", "76": "E"}, {"51": "S", "76": "E"}, {"51": "S"}, {"51": "S"}, {"51": "S"}, {"51": "S"}, {"51": "S"}, {"51": "S"}, {"51": "S"}, {"51": "S"}, {"51": "S"}, {"51": "S"}, {"51": "S"}, {"51": "S"}, {"51": "S"}, {"51": "S"}, {"51": "S"}, {"51": "S"}, {"51": "S"}, {"51": "S"}, {"51": "S"}, {"51": "S"}, {"51": "E"}, {"51": "E", "69": "E", "30": "E", "1": "E", "21": "E", "67": "E"}, {"51": "E", "69": "S", "30": "S", "1": "S", "21": "S", "67": "S"}, {"51": "E", "69": "S", "30": "S", "1": "S", "21": "S", "67": "S"}, {"51": "E", "69": "S", "30": "S", "1": "S", "21": "S", "67": "S"}, {"51": "E", "69": "S", "30": "S", "1": "S", "21": "S", "67": "S"}, {"69": "S", "30": "S", "1": "S", "21": "S", "67": "S"}, {"69": "S", "30": "S", "1": "S", "21": "S", "67": "E"}, {"69": "S", "30": "S", "1": "S", "21": "S", "67": "E"}, {"69": "S", "30": "S", "1": "E", "21": "S", "67": "E"}, {"69": "S", "30": "S", "1": "E", "21": "S", "67": "E"}, {"69": "S", "30": "S", "1": "E", "21": "S", "67": "E"}, {"69": "S", "30": "S", "1": "E", "21": "S"}, {"69": "S", "30": "S", "1": "E", "21": "S"}, {"69": "S", "30": "S", "21": "S"}, {"69": "S", "30": "S", "21": "S"}, {"69": "S", "30": "S", "21": "S"}, {"69": "S", "30": "S", "21": "S"}, {"69": "S", "30": "S", "21": "S"}, {"69": "S", "30": "S", "21": "S"}, {"69": "S", "30": "S", "21": "S"}, {"69": "S", "30": "S", "21": "S"}, {"69": "S", "30": "S", "21": "S"}, {"69": "S", "30": "S", "21": "S"}, {"69": "S", "30": "S", "21": "S"}, {"69": "S", "30": "S", "21": "S"}, {"69": "S", "30": "S", "21": "S"}, {"69": "S", "30": "S", "21": "S"}, {"69": "S", "30": "S", "21": "S"}, {"69": "S", "30": "S", "21": "S"}, {"69": "S", "30": "S", "21": "S"}, {"69": "S", "30": "S", "21": "S"}, {"69": "S", "30": "S", "21": "S"}, {"69": "S", "30": "S", "21": "S"}, {"69": "S", "30": "S", "21": "S"}, {"69": "S", "30": "S", "21": "S"}, {"69": "S", "30": "S", "21": "S"}, {"69": "S", "30": "S", "21": "S"}, {"69": "S", "30": "S", "21": "S"}, {"69": "S", "30": "S", "21": "S"}, {"69": "S", "30": "S", "21": "E"}, {"69": "S", "30": "S", "21": "E"}, {"69": "S", "30": "S", "21": "E"}, {"69": "S", "30": "S", "21": "E"}, {"69": "S", "30": "S", "21": "E"}, {"69": "S", "30": "S"}, {"69": "S", "30": "S"}, {"69": "S", "30": "S"}, {"69": "S", "30": "S"}, {"69": "S", "30": "S"}, {"69": "S", "30": "S"}, {"69": "S", "30": "S"}, {"69": "S", "30": "S"}, {"69": "S", "30": "S"}, {"69": "S", "30": "S"}, {"69": "S", "30": "S"}, {"69": "S", "30": "S"}, {"69": "S", "30": "E"}, {"69": "S", "30": "E"}, {"69": "S", "30": "E"}, {"69": "S", "30": "E"}, {"69": "S", "30": "E"}, {"69": "S"}, {"69": "S"}, {"69": "S"}, {"69": "S"}, {"69": "S"}, {"69": "S"}, {"69": "S"}, {"69": "S"}, {"69": "S"}, {"69": "S"}, {"69": "S"}, {"69": "S"}, {"69": "E"}, {"69": "E", "0": "E", "44": "E", "37": "E", "73": "E"}, {"69": "E", "0": "S", "44": "S", "37": "S", "73": "S"}, {"69": "E", "0": "S", "44": "S", "37": "S", "73": "S"}, {"69": "E", "0": "S", "44": "S", "37": "S", "73": "S"}, {"0": "S", "44": "S", "37": "S", "73": "S"}, {"0": "S", "44": "S", "37": "S", "73": "S"}, {"0": "S", "44": "S", "37": "S", "73": "S"}, {"0": "S", "44": "S", "37": "S", "73": "S"}, {"0": "S", "44": "S", "37": "S", "73": "S"}, {"0": "S", "44": "S", "37": "S", "73": "S"}, {"0": "S", "44": "S", "37": "S", "73": "S"}, {"0": "S", "44": "S", "37": "S", "73": "S"}, {"0": "S", "44": "S", "37": "S", "73": "S"}, {"0": "S", "44": "S", "37": "S", "73": "S"}, {"0": "S", "44": "S", "37": "S", "73": "S"}, {"0": "S", "44": "S", "37": "S", "73": "S"}, {"0": "S", "44": "S", "37": "S", "73": "S"}, {"0": "S", "44": "S", "37": "S", "73": "S"}, {"0": "S", "44": "S", "37": "S", "73": "S"}, {"0": "S", "44": "S", "37": "S", "73": "S"}, {"0": "S", "44": "S", "37": "S", "73": "S"}, {"0": "S", "44": "S", "37": "S", "73": "S"}, {"0": "S", "44": "S", "37": "S", "73": "S"}, {"0": "S", "44": "S", "37": "S", "73": "S"}, {"0": "S", "44": "S", "37": "S", "73": "S"}, {"0": "S", "44": "S", "37": "S", "73": "S"}, {"0": "S", "44": "S", "37": "S", "73": "S"}, {"0": "S", "44": "S", "37": "S", "73": "S"}, {"0": "S", "44": "S", "37": "S", "73": "S"}, {"0": "S", "44": "S", "37": "E", "73": "S"}, {"0": "S", "44": "S", "37": "E", "73": "S"}, {"0": "S", "44": "S", "37": "E", "73": "S"}, {"0": "S", "44": "S", "37": "E", "73": "S"}, {"0": "S", "44": "S", "73": "S"}, {"0": "S", "44": "S", "73": "S"}, {"0": "S", "44": "S", "73": "S"}, {"0": "S", "44": "S", "73": "S"}, {"0": "S", "44": "S", "73": "S"}, {"0": "S", "44": "S", "73": "S"}, {"0": "S", "44": "S", "73": "E"}, {"0": "S", "44": "S", "73": "E"}, {"0": "S", "44": "S", "73": "E"}, {"0": "S", "44": "S", "73": "E"}, {"0": "S", "44": "S"}, {"0": "S", "44": "S"}, {"0": "S", "44": "S"}, {"0": "S", "44": "S"}, {"0": "S", "44": "S"}, {"0": "S", "44": "S"}, {"0": "S", "44": "S"}, {"0": "S", "44": "S"}, {"0": "S", "44": "S"}, {"0": "S", "44": "S"}, {"0": "S", "44": "S"}, {"0": "S", "44": "S"}, {"0": "S", "44": "S"}, {"0": "S", "44": "S"}, {"0": "S", "44": "S"}, {"0": "S", "44": "S"}, {"0": "S", "44": "S"}, {"0": "S", "44": "S"}, {"0": "S", "44": "S"}, {"0": "S", "44": "S"}, {"0": "S", "44": "E"}, {"0": "E", "44": "E"}, {"0": "E", "44": "E", "18": "E", "53": "E", "16": "E", "38": "E"}, {"0": "E", "44": "E", "18": "S", "53": "S", "16": "S", "38": "S"}, {"0": "E", "18": "S", "53": "S", "16": "S", "38": "S"}, {"18": "S", "53": "S", "16": "S", "38": "S"}, {"18": "S", "53": "S", "16": "S", "38": "S"}, {"18": "S", "53": "S", "16": "S", "38": "S"}, {"18": "S", "53": "S", "16": "S", "38": "S"}, {"18": "S", "53": "S", "16": "S", "38": "S"}, {"18": "S", "53": "S", "16": "S", "38": "S"}, {"18": "S", "53": "S", "16": "S", "38": "S"}, {"18": "S", "53": "S", "16": "S", "38": "S"}, {"18": "S", "53": "S", "16": "S", "38": "S"}, {"18": "S", "53": "S", "16": "S", "38": "S"}, {"18": "S", "53": "S", "16": "S", "38": "S"}, {"18": "S", "53": "E", "16": "S", "38": "E"}, {"18": "S", "53": "E", "16": "S", "38": "E"}, {"18": "S", "53": "E", "16": "S", "38": "E"}, {"18": "S", "16": "S"}, {"18": "S", "16": "S"}, {"18": "S", "16": "S"}, {"18": "S", "16": "S"}, {"18": "S", "16": "E"}, {"18": "S", "16": "E"}, {"18": "S", "16": "E"}, {"18": "S"}, {"18": "S"}, {"18": "S"}, {"18": "S"}, {"18": "S"}, {"18": "S"}, {"18": "S"}, {"18": "S"}, {"18": "S"}, {"18": "S"}, {"18": "S"}, {"18": "S"}, {"18": "S"}, {"18": "S"}, {"18": "S"}, {"18": "S"}, {"18": "S"}, {"18": "S"}, {"18": "S"}, {"18": "S"}, {"18": "S"}, {"18": "S"}, {"18": "S"}, {"18": "S"}, {"18": "S"}, {"18": "S"}, {"18": "S"}, {"18": "S"}, {"18": "S"}, {"18": "S"}, {"18": "S"}, {"18": "S"}, {"18": "S"}, {"18": "S"}, {"18": "S"}, {"18": "S"}, {"18": "S"}, {"18": "S"}, {"18": "S"}, {"18": "S"}, {"18": "S"}, {"18": "S"}, {"18": "E"}, {"18": "E"}, {"18": "E"}], "result": "SUCCESS", "makespan": 1128, "sum": 6480, "algo_name": "LeftPillar"}