{"instance": "small_free_005_20x20_20_80", "steps": [{"65": "E", "53": "N", "12": "E", "35": "E", "64": "E", "45": "E", "57": "E", "4": "E", "5": "E", "22": "E", "40": "E", "60": "E", "54": "W", "51": "W", "29": "E", "26": "E", "38": "W", "68": "E", "59": "W", "72": "W", "46": "E", "3": "E", "62": "W", "34": "E", "61": "W", "21": "N", "43": "W", "28": "E", "20": "E", "31": "S", "17": "E", "8": "E", "18": "W", "48": "E", "11": "E", "71": "E", "69": "W", "44": "S", "9": "E", "2": "E", "24": "W", "70": "E", "42": "E", "15": "E", "32": "W", "13": "E", "66": "E"}, {"15": "E", "56": "E", "57": "E", "64": "E", "66": "E", "62": "W", "42": "E", "69": "W", "43": "W", "18": "W", "60": "E", "61": "S", "72": "N", "29": "E", "74": "E", "32": "W", "71": "E", "65": "S", "13": "E", "17": "E", "12": "E", "7": "E", "4": "E", "48": "E", "11": "E", "2": "E", "35": "E", "68": "E", "9": "E", "40": "E"}, {"4": "E", "60": "E", "74": "E", "57": "E", "72": "N", "64": "E", "35": "E", "68": "E", "7": "E", "29": "E", "61": "S", "17": "E", "43": "S", "33": "E", "48": "E", "15": "N", "32": "W", "13": "E", "11": "E", "42": "E", "71": "E"}, {"29": "N", "45": "E", "64": "E", "66": "N", "57": "E", "35": "N", "20": "W", "47": "N", "48": "W", "0": "W", "59": "N", "15": "N", "17": "N", "62": "N", "68": "W", "14": "S", "24": "E", "38": "N", "44": "W", "33": "E", "61": "S", "70": "E", "60": "E", "28": "N", "72": "N", "79": "N", "43": "S", "11": "E", "13": "E", "22": "E", "26": "W", "54": "N", "73": "N", "7": "E", "4": "E", "5": "E", "41": "E", "8": "E"}, {"5": "S", "53": "N", "79": "E", "28": "E", "57": "E", "29": "N", "45": "E", "66": "N", "60": "E", "22": "E", "44": "W", "54": "W", "13": "E", "73": "W", "4": "S", "47": "W", "78": "E", "15": "N", "0": "S", "72": "N", "24": "S", "63": "E", "61": "S", "11": "E", "1": "W", "23": "E", "43": "S", "18": "S", "14": "W", "19": "E", "56": "E", "35": "N", "50": "E"}, {"54": "N", "59": "W", "1": "W", "71": "E", "50": "E", "24": "S", "57": "E", "28": "E", "11": "E", "22": "E", "5": "S", "13": "S", "66": "N", "67": "W", "20": "N", "47": "W", "35": "N", "43": "S", "12": "E", "18": "W", "73": "N", "72": "N", "23": "E", "16": "N", "4": "S", "63": "N", "0": "S", "70": "E", "60": "E"}, {"40": "E", "16": "W", "11": "E", "76": "E", "50": "E", "57": "E", "20": "N", "5": "S", "70": "E", "66": "N", "67": "W", "28": "E", "58": "E", "24": "W", "64": "E", "61": "S", "0": "E", "1": "N", "72": "N", "23": "E", "73": "W", "47": "W", "12": "E", "4": "S", "35": "N", "17": "N"}, {"4": "S", "72": "N", "35": "N", "12": "E", "28": "E", "67": "W", "1": "N", "3": "E", "11": "N", "16": "W", "70": "S", "0": "S", "64": "E", "34": "E", "50": "E", "57": "E", "66": "N", "47": "W", "9": "E", "23": "N", "17": "N", "69": "S", "20": "E", "76": "N"}, {"52": "N", "75": "W", "11": "N", "54": "E", "47": "W", "5": "W", "78": "W", "6": "S", "67": "E", "36": "N", "49": "S", "71": "W", "58": "E", "64": "E", "8": "S", "2": "E", "57": "E", "16": "N", "68": "E", "59": "E", "17": "N", "44": "W", "35": "N", "0": "W", "34": "E", "1": "N", "29": "E", "4": "S", "12": "E", "40": "S", "20": "N", "50": "E", "70": "S", "23": "N"}, {"35": "N", "54": "N", "46": "E", "50": "N", "0": "S", "44": "S", "29": "N", "27": "W", "18": "W", "20": "N", "3": "S", "67": "N", "43": "S", "57": "E", "47": "W", "8": "W", "56": "E", "14": "S", "68": "E", "52": "W", "16": "W", "17": "N", "34": "E", "38": "W", "70": "S", "9": "E", "59": "N", "24": "W", "36": "W", "64": "E", "12": "E", "5": "S"}, {"36": "N", "64": "N", "50": "N", "63": "N", "73": "W", "18": "W", "57": "E", "12": "E", "16": "W", "24": "W", "0": "S", "40": "E", "29": "N", "52": "W", "47": "W", "44": "S", "17": "N", "46": "N", "1": "N", "9": "E", "35": "N", "59": "N", "67": "N"}, {"36": "N", "50": "N", "12": "E", "29": "W", "69": "S", "67": "N", "47": "W", "0": "E", "64": "N", "9": "N", "17": "N", "44": "S", "73": "N", "18": "S"}, {"8": "E", "67": "N", "22": "N", "59": "N", "12": "S", "70": "W", "10": "W", "68": "N", "55": "S", "17": "N", "44": "S", "47": "N", "25": "W", "78": "E", "58": "W", "46": "W", "26": "S", "56": "W", "41": "W", "18": "S", "29": "N", "35": "W", "61": "W", "50": "N", "40": "E", "69": "E", "49": "E", "0": "E", "24": "E", "34": "N"}, {"79": "E", "76": "W", "67": "N", "55": "E", "18": "S", "59": "W", "34": "N", "2": "S", "78": "N", "46": "N", "50": "N", "5": "E", "44": "S", "48": "E", "29": "N", "68": "E", "17": "N", "61": "S", "0": "S", "35": "N", "22": "E"}, {"52": "S", "68": "E", "34": "E", "39": "S", "67": "N", "17": "N", "29": "N", "47": "N", "44": "E", "49": "S", "55": "E", "18": "S", "22": "E", "76": "N", "35": "N", "0": "S", "24": "S"}, {"59": "N", "12": "S", "48": "E", "67": "E", "22": "E", "18": "S", "55": "E", "34": "N", "46": "E", "69": "E", "58": "N", "41": "E", "35": "N", "77": "W", "44": "E", "6": "E", "36": "W", "30": "W", "26": "W", "66": "W", "24": "E", "0": "S", "28": "S"}, {"44": "S", "39": "N", "34": "N", "45": "S", "10": "N", "8": "N", "35": "E", "59": "W", "0": "S", "22": "S", "47": "N", "14": "W", "48": "E", "18": "E", "60": "W", "30": "W", "24": "S", "26": "N", "41": "N", "40": "W"}, {"47": "N", "36": "N", "39": "E", "61": "S", "49": "N", "42": "E", "29": "N", "28": "E", "59": "W", "7": "E", "48": "E", "15": "W", "22": "S", "34": "N", "44": "S", "18": "S", "0": "S", "40": "S", "30": "S", "43": "E", "56": "N"}, {"0": "S", "60": "S", "47": "N", "61": "S", "29": "N", "44": "S", "18": "S", "40": "S", "22": "S", "71": "E", "30": "S", "62": "E", "74": "E", "48": "E", "46": "N", "7": "N", "75": "S"}, {"46": "W", "0": "S", "33": "E", "77": "W", "75": "E", "18": "S", "28": "E", "61": "E", "57": "S", "71": "S", "8": "E", "48": "W", "44": "S", "59": "N", "29": "N", "52": "S", "30": "S", "67": "W", "15": "W", "19": "S", "69": "W"}, {"48": "N", "44": "S", "55": "E", "19": "E", "15": "N", "57": "E", "25": "S", "18": "S", "77": "S", "71": "S", "60": "S", "0": "S", "59": "W", "30": "S"}, {"28": "N", "67": "E", "54": "W", "49": "S", "70": "S", "36": "W", "58": "E", "57": "S", "40": "E", "48": "N", "69": "E", "46": "W", "15": "W", "41": "W", "18": "S", "47": "W", "55": "S", "77": "N", "27": "N", "68": "E", "59": "W", "39": "N", "0": "S", "30": "E"}, {"15": "N", "36": "N", "30": "E", "48": "N", "10": "N", "58": "E", "57": "S", "0": "S", "40": "E", "56": "N", "18": "S", "39": "E", "59": "N"}, {"41": "W", "57": "S", "2": "E", "40": "E", "39": "E", "25": "W", "70": "E", "8": "W", "69": "W", "43": "E", "18": "S", "30": "E", "48": "E", "36": "W", "46": "W", "55": "S", "14": "S", "59": "N", "51": "W"}, {"39": "S", "51": "S", "25": "W", "49": "N", "70": "S", "8": "N", "67": "N", "59": "N", "14": "W", "2": "E", "57": "S", "19": "N", "46": "N", "54": "N", "40": "S", "69": "S", "48": "N"}, {"25": "W", "58": "N", "39": "S", "67": "N", "2": "S", "69": "S", "48": "E", "46": "N", "40": "E"}, {"77": "N", "30": "W", "2": "S", "69": "E", "47": "W", "5": "N", "54": "S", "48": "E", "67": "W", "42": "N", "49": "S", "40": "E", "8": "S", "19": "N"}, {"5": "W", "24": "W", "36": "N", "25": "N", "69": "E", "40": "N", "39": "W", "14": "W", "60": "W", "67": "W", "2": "S", "48": "E", "66": "E"}, {"2": "S", "54": "E", "66": "W", "26": "N", "19": "N", "39": "W", "25": "S", "36": "N", "67": "S", "58": "S", "48": "E"}, {"8": "W", "2": "W", "49": "N", "19": "N", "51": "E", "46": "E", "48": "N", "69": "W", "25": "N", "54": "W", "66": "S", "30": "E"}, {"19": "E", "48": "N", "47": "N", "5": "W", "69": "S", "49": "S", "2": "W", "14": "S", "78": "S", "74": "S", "43": "E", "30": "S"}, {"2": "W", "33": "E", "14": "S", "25": "W", "48": "E", "15": "W", "19": "E", "30": "S", "5": "E", "42": "E", "41": "E", "43": "S", "51": "N"}, {"14": "S", "28": "W", "36": "S", "51": "W", "43": "N", "54": "E", "38": "N", "5": "W", "30": "S", "42": "W", "25": "S", "8": "N", "6": "N", "19": "E", "2": "S"}, {"52": "S", "2": "S", "56": "E", "14": "S", "30": "S", "54": "E", "43": "W", "5": "S", "68": "S", "51": "W", "77": "W", "25": "E", "79": "E", "19": "E"}, {"54": "N", "5": "S", "25": "E", "19": "E", "2": "S", "51": "W"}, {"54": "N", "77": "E", "49": "N", "8": "W", "19": "E", "46": "E", "15": "W", "2": "S", "47": "E", "5": "W", "51": "E"}, {"28": "N", "41": "W", "36": "N", "15": "E", "51": "N", "54": "W", "66": "S", "49": "S", "47": "W", "2": "S", "43": "E", "78": "S", "58": "N", "25": "W", "19": "N"}, {"54": "W", "26": "S", "66": "W", "2": "S", "51": "E", "78": "W", "19": "E", "28": "N", "74": "S"}, {"42": "E", "54": "E", "2": "S", "60": "E", "25": "W", "39": "E", "19": "E", "74": "E", "28": "S", "41": "S", "6": "E", "10": "E"}, {"42": "W", "25": "N", "78": "W", "74": "S", "36": "S", "19": "E", "54": "N", "47": "N", "55": "E", "24": "E", "79": "N", "49": "S", "28": "N", "66": "E", "2": "S", "43": "W", "41": "W"}, {"46": "E", "33": "N", "25": "N", "77": "E", "54": "W", "58": "N", "74": "E", "66": "N", "41": "W", "19": "E", "28": "E", "6": "N", "49": "E"}, {"15": "W", "19": "S", "69": "E", "28": "E", "74": "S", "58": "N", "49": "E", "8": "W", "10": "E", "66": "N"}, {"19": "S", "39": "S", "49": "E", "77": "N", "26": "E", "43": "N", "74": "E", "28": "N", "38": "S", "78": "E", "5": "E", "58": "E", "75": "S", "25": "E"}, {"43": "E", "54": "W", "51": "S", "74": "E", "78": "E", "58": "E", "15": "N", "24": "E", "28": "E", "33": "E", "49": "S"}, {"41": "W", "56": "S", "77": "S", "5": "N", "42": "S", "43": "E", "74": "S", "28": "E", "52": "E", "24": "E", "49": "W", "58": "N", "54": "N"}, {"69": "W", "58": "E", "5": "E", "77": "W", "49": "N", "24": "E", "43": "S", "41": "N", "74": "S"}, {"38": "S", "74": "S", "52": "W", "77": "W", "55": "N", "49": "W", "33": "E", "8": "E", "24": "W", "51": "E", "28": "E", "60": "N", "5": "W"}, {"25": "N", "41": "E", "54": "N", "10": "W", "60": "E", "28": "S", "75": "N", "8": "E", "49": "W", "74": "S"}, {"47": "N", "10": "N", "49": "E", "28": "W", "54": "N", "15": "E", "66": "N", "24": "E", "69": "S", "74": "S", "8": "W"}, {"51": "W", "47": "S", "15": "W", "38": "N", "28": "S", "42": "E", "74": "E", "49": "E", "33": "E", "58": "E", "55": "W", "26": "W", "56": "W", "78": "W"}, {"74": "S", "39": "N", "78": "N", "69": "W", "5": "S", "58": "S", "28": "W", "60": "W", "49": "N"}, {"60": "E", "46": "W", "75": "E", "49": "S", "52": "E", "39": "S", "43": "W", "58": "S", "5": "S", "41": "W", "56": "E", "51": "W", "8": "W"}, {"55": "S", "49": "W", "5": "E", "51": "W", "42": "E", "56": "E", "75": "E", "52": "E"}, {"49": "W", "8": "E", "78": "E", "15": "W", "46": "E", "5": "E", "43": "E", "51": "E", "60": "N", "41": "E"}, {"49": "E", "46": "W", "38": "S", "43": "W", "41": "W", "47": "S", "56": "W", "51": "E", "60": "E"}, {"47": "N", "60": "W", "33": "N", "79": "E", "39": "S", "38": "W", "51": "S", "49": "E", "41": "N", "56": "E"}, {"51": "N", "15": "S", "62": "E", "33": "E", "42": "E", "39": "E", "60": "E", "78": "W", "75": "E", "55": "E", "56": "W"}, {"15": "E", "52": "E", "25": "N", "43": "E", "51": "W", "55": "N"}, {"51": "E", "47": "E", "55": "W", "24": "E", "56": "E", "6": "N", "38": "N", "36": "E", "66": "N", "15": "E", "42": "E", "62": "W"}, {"46": "E", "24": "S", "77": "S", "26": "E", "56": "N", "41": "E", "75": "S"}, {"41": "W", "26": "W", "78": "S", "77": "W", "79": "E", "39": "W", "55": "E", "24": "S", "43": "W", "52": "E", "42": "E", "6": "E", "38": "E"}, {"78": "W", "42": "S", "25": "N", "47": "N", "46": "E", "77": "W", "24": "S", "52": "E", "26": "N", "8": "N", "15": "N", "49": "W", "6": "E", "28": "S"}, {"77": "W", "42": "S", "52": "E", "78": "W", "24": "S", "47": "E"}, {"28": "E", "43": "E", "38": "W", "36": "W", "78": "W", "52": "W", "77": "N", "47": "W", "51": "E", "42": "S", "24": "S", "49": "E"}, {"46": "N", "55": "S", "38": "S", "42": "S", "36": "W", "49": "N", "25": "N", "47": "N", "6": "N", "51": "S", "75": "N", "41": "N", "24": "W", "77": "N"}, {"55": "W", "39": "N", "6": "N", "25": "N", "49": "N", "77": "N", "24": "W", "36": "W", "42": "S", "47": "N"}, {"6": "W", "24": "W", "36": "E", "56": "W", "15": "W", "47": "E", "8": "S", "25": "N", "51": "W", "66": "N", "42": "W", "77": "E", "43": "W", "78": "W", "69": "W"}, {"6": "N", "77": "E", "47": "N", "38": "W", "79": "N", "8": "W", "41": "N", "60": "W", "36": "E", "24": "W", "52": "N", "15": "N"}, {"78": "N", "75": "E", "28": "E", "6": "W", "24": "W", "66": "E", "38": "W", "77": "E"}, {"79": "N", "24": "W", "51": "N", "46": "E", "43": "N", "6": "W", "49": "S", "77": "E", "38": "E", "39": "S"}, {"75": "E", "56": "N", "43": "W", "8": "N", "49": "S", "6": "W", "39": "E", "38": "E", "10": "E", "52": "W", "60": "W", "24": "S", "28": "E", "77": "N"}, {"66": "E", "79": "E", "38": "E", "6": "W", "24": "S", "56": "N", "51": "W", "75": "E", "28": "E", "43": "N", "77": "N"}, {"43": "W", "51": "W", "77": "N", "75": "E", "38": "N"}, {"60": "E", "55": "E", "39": "W", "75": "S", "10": "N", "41": "E", "38": "W", "52": "E", "43": "E", "77": "E", "8": "E", "51": "E", "28": "E"}, {"51": "E", "43": "E", "26": "S", "49": "W", "60": "E", "39": "N", "52": "S", "77": "E", "38": "S", "56": "E", "66": "N", "15": "N", "75": "E", "28": "S"}, {"55": "N", "75": "E", "77": "E", "43": "S", "51": "S", "28": "S", "5": "S", "36": "E", "52": "E", "49": "W", "79": "E"}, {"62": "N", "60": "E", "77": "S", "52": "S", "36": "E", "75": "E", "55": "E", "41": "E", "28": "S", "69": "S"}, {"56": "E", "69": "S", "51": "S", "75": "N", "77": "S", "28": "S", "52": "S", "41": "N"}, {"46": "N", "28": "S", "41": "N", "52": "W"}, {"26": "S", "46": "S", "55": "W", "41": "W", "66": "E", "51": "E", "79": "E", "10": "S", "60": "W"}, {"43": "S", "41": "W", "78": "E", "66": "N", "15": "E", "55": "W", "26": "E", "46": "W", "62": "W", "79": "E"}, {"43": "S", "69": "E", "51": "N", "62": "W", "46": "W", "66": "N", "79": "S", "26": "E", "41": "N"}, {"66": "W", "41": "N", "43": "W", "79": "S", "69": "S", "26": "E"}, {"8": "S", "39": "N", "10": "N", "26": "E", "46": "E", "28": "N", "69": "S", "41": "N", "49": "N", "66": "W", "51": "S"}, {"46": "E", "8": "E", "28": "N", "66": "S", "52": "W", "60": "W", "38": "W", "26": "N", "62": "W", "69": "S", "79": "W", "41": "E"}, {"8": "E", "69": "S", "46": "N", "28": "W", "41": "E"}, {"38": "S", "39": "E", "26": "N", "8": "E", "41": "E", "28": "N", "69": "W", "55": "N", "62": "E"}, {"39": "E", "15": "N", "38": "W", "28": "N", "8": "N", "60": "E", "69": "S", "55": "W"}, {"69": "S", "15": "N", "38": "W", "51": "W", "39": "E", "55": "W"}, {"69": "S", "15": "W", "51": "W", "60": "W", "28": "N", "39": "S", "55": "W", "78": "W", "26": "W", "38": "W", "43": "E"}, {"60": "W", "10": "E", "78": "N", "62": "E", "8": "N", "69": "S", "38": "W", "43": "E", "39": "S", "26": "W", "36": "N", "15": "N", "55": "W"}, {"39": "S", "26": "S", "10": "E", "15": "N", "38": "W", "55": "W"}, {"36": "E", "26": "E", "55": "E", "39": "S", "8": "W", "38": "W", "62": "W", "15": "N", "43": "N"}, {"43": "W", "46": "S", "28": "W", "55": "E", "36": "N", "8": "W", "39": "S", "60": "S", "15": "E", "26": "E", "62": "W", "38": "N"}, {"8": "S", "38": "N", "43": "N", "55": "E", "39": "S", "36": "N", "46": "W", "60": "S", "15": "E"}, {"8": "W", "26": "N", "38": "N", "60": "S", "55": "E", "39": "W", "43": "N", "15": "N", "62": "W", "46": "W", "36": "W"}, {"46": "S", "43": "W", "38": "N", "62": "W", "26": "N", "15": "E", "39": "W"}, {"39": "W", "43": "W", "38": "N", "15": "E"}, {"39": "W", "55": "W", "46": "E", "43": "W", "15": "E", "28": "E", "38": "E", "10": "E"}, {"46": "E", "15": "S", "28": "E", "36": "W", "55": "W", "43": "N", "39": "S", "38": "N", "10": "N", "8": "E"}, {"36": "N", "55": "W", "28": "S", "39": "S", "10": "N", "60": "E", "62": "N", "46": "N", "8": "E", "43": "N"}, {"60": "E", "28": "S", "8": "E", "43": "W", "55": "W", "10": "E", "62": "W", "36": "N", "39": "S"}, {"39": "S", "60": "E", "36": "N", "62": "N", "55": "S", "28": "S", "43": "W", "10": "N"}, {"62": "N", "36": "E", "10": "E", "43": "W", "55": "S", "60": "N", "39": "S", "28": "S"}, {"62": "N", "43": "W", "55": "S", "36": "E", "28": "S", "10": "N", "39": "S"}, {"55": "E", "36": "N", "28": "S", "62": "E", "10": "E"}, {"55": "E", "36": "N", "10": "N", "28": "W", "43": "S"}, {"43": "S", "55": "E", "28": "W"}, {"28": "W", "43": "S", "49": "N", "52": "N", "26": "N"}, {"49": "W", "28": "W", "43": "E", "46": "N"}, {"8": "N", "28": "W", "43": "S"}, {"28": "N", "26": "W", "49": "W", "78": "E", "43": "S", "55": "S"}, {"78": "N", "51": "S", "26": "W", "55": "E", "28": "N"}, {"55": "E", "26": "W", "28": "N"}, {"55": "E", "43": "N", "78": "N", "49": "W", "52": "N"}, {"56": "E", "46": "N", "52": "W", "55": "S", "43": "W", "49": "W", "8": "N"}, {"8": "E", "28": "N", "55": "S", "43": "W", "56": "S", "78": "N"}, {"8": "E", "55": "S", "78": "W", "26": "W", "49": "W", "43": "W"}, {"26": "N", "8": "N", "78": "N", "43": "W"}, {"43": "W", "8": "N", "26": "W", "78": "N", "49": "W"}, {"43": "S", "78": "N", "26": "N", "8": "N", "49": "S"}, {"78": "N", "26": "N", "43": "S", "8": "N", "49": "S"}, {"49": "S", "78": "E", "8": "W", "26": "N", "43": "S"}, {"78": "E", "8": "W", "49": "E", "26": "N", "43": "E"}, {"78": "E", "43": "E", "49": "E", "8": "W", "26": "E"}, {"78": "E", "43": "E", "8": "S", "26": "E", "49": "E"}, {"43": "S", "78": "E", "49": "E", "26": "E"}, {"26": "E", "43": "E", "78": "N"}, {"26": "E", "43": "E"}, {"43": "E", "26": "E"}, {"43": "E", "26": "E"}, {"26": "E", "43": "E"}, {"26": "S"}, {"26": "S", "52": "E"}, {"26": "S", "52": "E", "46": "E"}, {"52": "E", "26": "S", "46": "E"}, {"26": "S", "46": "N", "52": "E"}, {"26": "E", "46": "N", "52": "S"}, {"26": "E", "52": "S", "46": "N"}, {"52": "S", "26": "E", "46": "W"}, {"26": "N", "46": "W", "52": "S"}, {"26": "N", "46": "W", "52": "S"}, {"46": "N", "52": "S"}, {"46": "N", "52": "W"}, {"46": "W", "52": "W"}, {"52": "W"}, {"52": "W"}, {"52": "W"}, {"52": "N"}, {"52": "N"}], "result": "SUCCESS", "makespan": 150, "sum": 1590, "algo_name": "BFS_4"}