{"instance": "small_free_005_20x20_20_80", "steps": [{"42": "E", "53": "N", "12": "E", "51": "W", "15": "E", "24": "W", "59": "W", "36": "W", "64": "E", "22": "E", "61": "W", "28": "E", "3": "E", "76": "N", "31": "S", "18": "W", "62": "W", "71": "E", "8": "E", "38": "W", "9": "E", "35": "E", "29": "E", "4": "E", "7": "E", "26": "E", "63": "E", "21": "N", "72": "W", "70": "E", "40": "E", "5": "E", "43": "W", "11": "E", "66": "E", "34": "E", "17": "E", "32": "W", "65": "E", "60": "E", "44": "S", "13": "E", "48": "E", "2": "E", "69": "W", "56": "E", "68": "E", "20": "E", "57": "E"}, {"22": "E", "9": "E", "60": "E", "15": "E", "58": "E", "57": "E", "65": "S", "11": "E", "2": "E", "36": "N", "69": "W", "29": "E", "4": "E", "63": "N", "13": "E", "71": "E", "35": "E", "40": "E", "42": "E", "18": "W", "68": "E", "76": "N", "64": "E", "32": "W", "66": "E", "5": "E", "48": "E", "62": "W", "74": "E", "33": "E", "72": "N", "12": "E"}, {"4": "E", "74": "E", "29": "E", "11": "E", "71": "E", "54": "W", "13": "E", "42": "E", "33": "E", "22": "E", "7": "E", "60": "E", "57": "E", "5": "S", "45": "E", "15": "N", "68": "E", "32": "W", "72": "N", "40": "E", "35": "E", "64": "E", "46": "E", "36": "N", "48": "E"}, {"4": "E", "54": "W", "11": "E", "66": "N", "61": "S", "22": "E", "43": "W", "57": "E", "5": "S", "7": "E", "13": "E", "64": "E", "72": "N", "74": "E", "29": "N", "35": "N", "15": "N", "33": "E", "45": "E", "42": "E", "46": "E"}, {"35": "W", "3": "W", "68": "W", "42": "W", "54": "W", "11": "E", "8": "N", "1": "N", "25": "S", "61": "S", "72": "N", "28": "N", "36": "W", "66": "E", "58": "N", "50": "N", "57": "E", "59": "W", "45": "E", "43": "S", "73": "N", "0": "W", "46": "N", "29": "N", "22": "S", "13": "E", "64": "E", "6": "N", "18": "E", "5": "S", "15": "N", "14": "S", "67": "N", "4": "S"}, {"10": "E", "13": "S", "18": "S", "73": "W", "72": "N", "47": "W", "1": "W", "41": "W", "27": "W", "48": "W", "36": "N", "22": "E", "66": "N", "50": "E", "11": "E", "5": "S", "58": "E", "57": "E", "12": "E", "61": "S", "19": "E", "79": "E", "16": "W", "40": "E", "29": "N", "14": "W", "43": "S", "0": "S", "67": "W", "35": "N", "8": "E", "46": "N", "28": "E", "23": "E", "4": "S", "53": "N"}, {"57": "E", "23": "E", "72": "N", "43": "S", "79": "E", "61": "S", "29": "N", "16": "W", "2": "S", "35": "N", "66": "N", "25": "W", "0": "S", "41": "N", "4": "S", "1": "W", "12": "E", "50": "E", "40": "E", "22": "E", "54": "W", "46": "N", "67": "N", "10": "E"}, {"69": "W", "44": "W", "56": "S", "34": "N", "18": "W", "14": "E", "78": "N", "68": "E", "23": "E", "66": "W", "15": "W", "2": "E", "38": "S", "55": "S", "35": "N", "70": "S", "8": "N", "75": "W", "67": "W", "28": "W", "22": "E", "12": "E", "16": "W", "1": "E", "25": "N", "64": "W", "72": "N", "10": "N", "57": "E", "49": "S", "50": "E", "40": "E", "0": "S", "62": "S", "11": "E"}, {"47": "W", "68": "E", "17": "S", "24": "W", "12": "E", "69": "S", "70": "E", "57": "E", "78": "E", "3": "S", "16": "W", "35": "N", "67": "W", "22": "S", "0": "S", "73": "N", "50": "E", "11": "N", "20": "W", "55": "E", "36": "E", "4": "S", "56": "E", "15": "N", "34": "E", "71": "E", "74": "E", "5": "S", "23": "N"}, {"50": "E", "28": "W", "35": "N", "43": "S", "12": "E", "1": "N", "17": "E", "0": "S", "67": "N", "71": "S", "11": "N", "33": "E", "57": "E", "55": "E", "4": "S", "56": "E", "24": "W", "59": "W", "23": "N", "70": "E", "8": "N", "34": "E", "20": "N"}, {"63": "N", "34": "E", "70": "E", "42": "S", "28": "S", "35": "N", "3": "S", "1": "N", "50": "N", "56": "E", "57": "E", "26": "E", "5": "S", "20": "N", "17": "E", "74": "E", "24": "S", "43": "S"}, {"74": "N", "58": "N", "0": "S", "52": "W", "70": "S", "12": "E", "34": "E", "10": "S", "68": "N", "33": "E", "60": "W", "1": "S", "30": "S", "35": "N", "28": "S", "3": "E", "17": "N", "41": "N", "73": "N", "57": "S", "19": "N", "20": "E", "9": "N", "79": "N", "56": "E", "50": "N"}, {"59": "W", "78": "N", "1": "W", "70": "S", "60": "W", "35": "N", "36": "N", "57": "E", "73": "W", "34": "N", "12": "E", "17": "N", "50": "N", "47": "W", "44": "S", "3": "E", "19": "E", "67": "N", "10": "E", "55": "E", "68": "E", "46": "N", "20": "N", "69": "S", "33": "E", "38": "E", "56": "E", "51": "W", "0": "E", "25": "E", "9": "E", "58": "E"}, {"0": "E", "67": "W", "15": "N", "30": "E", "57": "S", "35": "N", "10": "E", "60": "W", "3": "N", "71": "S", "1": "W", "9": "E", "64": "N", "12": "S", "73": "W", "19": "E", "20": "N", "47": "W", "34": "N", "50": "N", "56": "N"}, {"12": "S", "30": "S", "56": "N", "47": "W", "9": "E", "68": "E", "44": "S", "60": "S", "35": "N", "64": "N", "34": "N", "69": "S", "57": "S", "0": "S"}, {"46": "S", "0": "S", "64": "E", "30": "S", "35": "E", "44": "E", "40": "W", "10": "S", "67": "W", "60": "N", "57": "S", "34": "N", "54": "W", "49": "S", "2": "E", "19": "N", "61": "E", "47": "W", "51": "S", "33": "E", "77": "W", "16": "S", "58": "N", "18": "W"}, {"74": "E", "68": "E", "79": "N", "30": "S", "46": "W", "51": "S", "44": "S", "40": "S", "69": "S", "61": "E", "2": "E", "36": "N", "48": "E", "55": "E", "64": "N", "28": "E", "18": "W", "0": "S", "67": "N", "10": "E", "57": "S", "47": "W", "16": "W"}, {"16": "W", "60": "E", "10": "E", "67": "N", "69": "E", "33": "E", "74": "E", "48": "E", "51": "W", "47": "W", "2": "S", "78": "N", "40": "S", "0": "S", "30": "S", "64": "E", "18": "W", "46": "W", "44": "S"}, {"48": "E", "10": "N", "60": "E", "16": "N", "51": "S", "30": "S", "77": "N", "18": "S", "69": "S", "49": "W", "67": "E", "64": "E", "44": "S", "0": "S", "61": "S", "46": "N", "2": "S", "47": "N"}, {"18": "S", "54": "E", "46": "E", "56": "E", "79": "W", "74": "E", "77": "N", "38": "E", "49": "S", "10": "E", "7": "W", "29": "E", "48": "E", "28": "S", "60": "N", "39": "E", "78": "E", "30": "S", "16": "N", "15": "W", "67": "N", "0": "S", "69": "S", "25": "W", "64": "E", "33": "W", "58": "N", "47": "N"}, {"28": "E", "47": "N", "2": "S", "60": "E", "64": "S", "30": "S", "33": "N", "16": "E", "36": "N", "75": "S", "79": "N", "10": "N", "54": "N", "7": "N", "18": "S", "1": "W", "17": "N", "67": "E", "0": "S", "56": "S"}, {"68": "S", "1": "W", "47": "N", "56": "E", "10": "N", "2": "S", "17": "N", "77": "E", "44": "W", "0": "S", "60": "E", "66": "W", "28": "E"}, {"24": "E", "10": "N", "47": "N", "79": "N", "59": "S", "19": "E", "33": "W", "16": "W", "58": "E", "0": "S", "69": "S", "46": "N", "44": "S", "43": "E", "36": "W", "17": "W", "28": "E", "42": "E"}, {"45": "S", "43": "S", "16": "N", "70": "S", "44": "S", "36": "N", "69": "S", "5": "S", "28": "E", "47": "N", "1": "N", "24": "E", "33": "N"}, {"6": "W", "75": "E", "69": "W", "40": "W", "42": "E", "52": "S", "78": "E", "24": "S", "29": "W", "16": "N", "19": "E", "17": "E", "10": "N", "33": "N", "58": "N", "44": "S", "38": "S", "60": "W", "47": "W", "62": "E", "7": "N", "28": "N"}, {"58": "E", "44": "S", "47": "N", "19": "E", "38": "W", "16": "E", "39": "S", "43": "S", "24": "S", "52": "E", "54": "N", "70": "S", "69": "S", "42": "E", "77": "N", "7": "E", "60": "S", "33": "E", "40": "S", "78": "N", "61": "E", "27": "N"}, {"33": "E", "59": "W", "16": "E", "58": "E", "79": "E", "19": "E", "69": "S", "74": "S", "77": "N", "61": "S", "7": "E", "78": "N", "75": "E", "60": "S", "44": "S", "39": "S"}, {"48": "E", "62": "S", "16": "S", "7": "S", "61": "S", "77": "E", "33": "S", "55": "E", "19": "E", "75": "E", "79": "E", "60": "E", "58": "E", "74": "S", "78": "W", "69": "S"}, {"6": "N", "74": "S", "79": "E", "52": "S", "17": "N", "29": "N", "75": "E", "19": "E"}, {"8": "W", "48": "S", "58": "E", "19": "E", "24": "W", "14": "W", "36": "E", "1": "S", "40": "N", "60": "E", "18": "S", "55": "W", "52": "E", "74": "S", "79": "E", "56": "W"}, {"55": "S", "17": "W", "2": "W", "1": "E", "40": "W", "6": "N", "48": "E", "78": "N", "58": "S", "61": "W", "10": "W", "19": "N", "56": "W"}, {"2": "W", "40": "E", "54": "E", "8": "E", "1": "E", "19": "E", "60": "W", "58": "W", "74": "S", "79": "W", "61": "W", "48": "E", "6": "N", "18": "S", "29": "N", "66": "W", "69": "W", "36": "N", "78": "W", "47": "W"}, {"18": "E", "61": "N", "6": "N", "1": "E", "43": "N", "78": "N", "36": "N", "79": "W", "19": "E", "46": "W", "49": "S", "69": "S", "41": "N", "38": "W", "74": "W", "28": "N", "60": "W", "47": "W", "15": "N", "58": "S", "48": "E"}, {"8": "E", "61": "W", "46": "N", "48": "E", "18": "S", "74": "S", "41": "E", "39": "W", "36": "N", "43": "W", "69": "S", "79": "W", "78": "N", "28": "E", "19": "S"}, {"78": "N", "18": "S", "46": "N", "48": "N", "74": "S", "79": "N", "15": "N", "69": "E", "43": "W", "24": "S"}, {"26": "W", "75": "N", "24": "W", "2": "S", "74": "S", "48": "N", "79": "S", "69": "E", "29": "S", "18": "S", "62": "S", "60": "E", "25": "W"}, {"66": "N", "48": "N", "10": "W", "29": "S", "74": "S", "56": "E", "1": "N", "18": "S", "25": "W", "54": "S", "52": "W", "2": "W", "69": "S", "26": "W", "47": "N"}, {"74": "S", "26": "W", "38": "W", "66": "N", "48": "N", "2": "S", "1": "N", "25": "W", "56": "E", "62": "W", "18": "S", "69": "S"}, {"2": "S", "38": "W", "74": "E", "47": "N", "56": "E", "26": "N", "18": "S", "48": "N", "69": "S", "59": "W"}, {"10": "E", "15": "S", "48": "N", "52": "E", "75": "S", "74": "S", "59": "W", "18": "S", "24": "E", "62": "W", "25": "N", "54": "W", "36": "W", "38": "W", "56": "N", "2": "S", "39": "E"}, {"43": "E", "38": "W", "15": "W", "59": "W", "2": "S", "56": "N", "54": "W", "36": "N", "8": "N", "79": "E", "55": "E", "48": "N", "62": "W", "10": "E"}, {"48": "E", "38": "N", "56": "W", "36": "N", "10": "S", "41": "E", "2": "S", "62": "W", "46": "N"}, {"2": "S", "28": "W", "36": "E", "41": "W", "29": "N", "47": "S", "62": "W", "15": "E", "10": "E", "17": "E", "46": "N", "38": "W"}, {"62": "N", "38": "W", "40": "S", "46": "N", "41": "W", "47": "S", "10": "E", "56": "N", "55": "W", "36": "N", "2": "S", "17": "E"}, {"66": "N", "40": "E", "54": "N", "36": "N", "10": "E", "46": "N", "17": "E", "38": "W", "75": "E", "47": "E"}, {"42": "N", "40": "E", "66": "E", "10": "N", "14": "N", "38": "W", "75": "E", "17": "S", "46": "N"}, {"54": "N", "38": "W", "40": "E", "47": "W", "17": "W", "75": "E", "61": "W", "15": "W", "46": "E", "79": "W", "10": "N", "56": "W", "62": "W", "28": "E", "42": "E", "60": "E", "52": "E"}, {"24": "E", "47": "N", "38": "N", "10": "N", "62": "W", "46": "E", "43": "E", "42": "E", "59": "W", "40": "S"}, {"62": "N", "47": "N", "75": "E", "40": "E", "10": "W", "38": "N", "42": "E", "52": "E", "46": "N", "24": "E"}, {"52": "E", "40": "E", "10": "N", "75": "S", "62": "N", "24": "E", "38": "N", "47": "E"}, {"41": "S", "59": "W", "38": "N", "42": "E", "62": "N", "29": "S", "40": "N", "54": "S", "55": "N", "75": "E", "24": "W", "10": "N"}, {"17": "W", "79": "W", "24": "W", "42": "S", "59": "W", "75": "E", "66": "W", "10": "W", "38": "N", "55": "W", "52": "E"}, {"17": "N", "66": "W", "55": "W", "14": "N", "10": "W", "38": "E", "42": "S", "52": "S", "59": "N", "28": "N", "75": "E"}, {"75": "N", "38": "N", "17": "W", "59": "N", "39": "E", "28": "E", "55": "W", "10": "N", "52": "S"}, {"8": "E", "52": "S", "28": "E", "55": "W", "17": "N"}, {"17": "N", "25": "W", "55": "E", "42": "W", "8": "W", "79": "E", "52": "S", "41": "S", "60": "E", "28": "W", "39": "W", "66": "S"}, {"47": "E", "61": "N", "42": "S", "55": "E", "41": "W", "25": "W", "52": "S", "62": "E", "17": "E"}, {"17": "N", "42": "S", "41": "W", "52": "W", "56": "W", "55": "E", "59": "N", "25": "N", "29": "W"}, {"42": "S", "55": "E", "52": "W", "17": "N", "41": "N"}, {"8": "S", "25": "S", "43": "S", "55": "S", "28": "E", "29": "E", "42": "W", "17": "N", "41": "W", "59": "S", "52": "W"}, {"8": "W", "29": "N", "79": "E", "52": "W", "28": "E", "17": "N"}, {"66": "N", "55": "E", "15": "W", "52": "W", "59": "N", "79": "E", "43": "S", "29": "N", "28": "S"}, {"55": "E", "54": "W", "52": "N", "79": "E", "29": "W"}, {"54": "E", "59": "S", "29": "N", "55": "W", "15": "E", "79": "W", "47": "N"}, {"60": "W", "62": "W", "79": "W", "41": "E", "15": "E", "29": "N", "24": "W", "14": "W", "25": "E"}, {"59": "S", "29": "E"}, {"62": "S", "79": "E", "55": "S", "54": "S", "15": "W", "29": "N", "14": "E"}, {"29": "N", "54": "W", "14": "E", "62": "W", "39": "N", "47": "E"}, {"47": "N", "54": "E", "8": "S", "39": "E", "61": "W", "59": "N", "15": "E"}, {"43": "W", "59": "N", "25": "W", "47": "N"}, {"28": "S", "24": "E", "62": "E", "41": "W", "79": "E", "59": "E", "61": "E", "14": "E", "15": "W"}, {"26": "S", "60": "S", "62": "N", "14": "E", "8": "W", "25": "N", "39": "E"}, {"59": "E", "39": "E", "41": "W", "24": "E", "54": "N", "14": "S"}, {"14": "S", "79": "E", "24": "E", "62": "E", "39": "E", "59": "N"}, {"14": "S", "24": "E", "25": "N", "61": "N", "62": "E", "39": "S", "41": "N", "59": "N"}, {"59": "N", "24": "E", "62": "N", "14": "S", "61": "E", "39": "S", "25": "E"}, {"41": "N", "14": "S", "79": "E", "61": "E", "59": "N", "55": "W", "24": "S", "39": "S", "62": "N"}, {"61": "E", "62": "N", "59": "N", "14": "S", "79": "E", "39": "S", "24": "S"}, {"79": "E", "59": "E", "14": "W", "62": "N", "24": "S", "61": "S", "39": "S"}, {"62": "N", "14": "W", "59": "E", "61": "S", "79": "S", "39": "S", "24": "S"}, {"59": "E", "61": "S", "14": "W", "39": "W", "79": "S", "24": "S"}, {"24": "S", "14": "W", "59": "N", "39": "W", "79": "W", "61": "S"}, {"59": "N", "61": "S", "24": "W", "39": "W", "14": "W"}, {"24": "W", "39": "W", "14": "W", "61": "S"}, {"15": "S", "39": "S", "24": "W", "61": "W", "14": "S", "54": "S", "41": "S"}, {"26": "E", "54": "W", "39": "S", "41": "S", "15": "W", "14": "S", "61": "W", "24": "W", "43": "S"}, {"66": "E", "24": "W", "15": "W", "39": "S", "41": "E", "61": "N", "54": "W", "60": "S"}, {"61": "N", "39": "S", "24": "W", "54": "W", "55": "S", "15": "W"}, {"24": "S", "39": "S", "15": "N", "25": "E"}, {"39": "S", "15": "N", "25": "N"}, {"25": "N", "54": "W", "15": "N", "8": "S"}, {"60": "S", "55": "S", "25": "N", "8": "W", "15": "E", "54": "W"}, {"15": "E", "25": "N", "54": "N"}, {"54": "N", "15": "E"}, {"15": "N", "41": "W", "54": "N", "60": "S", "66": "W"}, {"8": "W", "15": "E", "54": "E", "60": "E", "41": "N", "66": "S"}, {"41": "N", "15": "E", "54": "E", "60": "E"}, {"41": "E", "15": "E", "60": "N", "54": "E"}, {"41": "E", "15": "E", "54": "N"}, {"15": "E", "54": "E", "41": "N"}, {"41": "N", "15": "N", "54": "E"}, {"41": "W", "15": "N", "54": "E"}, {"54": "E", "41": "N", "15": "W"}, {"41": "N", "54": "E", "15": "N"}, {"41": "N", "54": "N", "15": "W"}, {"15": "N", "54": "N", "41": "N"}, {"54": "W", "41": "E"}, {"41": "E", "55": "W", "26": "W", "54": "N"}, {"55": "S", "54": "N", "66": "W", "41": "S", "26": "N"}, {"26": "N", "8": "N", "55": "S", "41": "E", "60": "N"}, {"60": "N", "8": "N", "26": "E", "55": "E"}, {"8": "N", "60": "E", "66": "W", "55": "E", "26": "N"}, {"55": "S", "26": "E", "66": "N", "8": "E"}, {"26": "E", "8": "N", "66": "N"}, {"26": "E", "66": "E", "8": "E"}, {"66": "N", "26": "E", "8": "E"}, {"66": "E", "26": "E", "8": "E"}, {"8": "E", "66": "E", "26": "E"}, {"26": "E", "66": "E", "8": "E"}, {"66": "E", "26": "E", "8": "N"}, {"26": "E", "8": "N", "66": "E"}, {"8": "W", "26": "N", "66": "N"}, {"66": "N", "26": "N", "8": "N"}, {"66": "W", "8": "W"}, {"8": "W"}, {"8": "S"}], "result": "SUCCESS", "makespan": 126, "sum": 1360, "algo_name": "BFS_1"}