{"instance": "small_free_005_20x20_20_80", "steps": [{"65": "E", "53": "N", "15": "E", "22": "E", "51": "W", "30": "E", "72": "W", "45": "E", "34": "E", "11": "E", "31": "S", "46": "E", "42": "E", "35": "E", "43": "W", "5": "E", "12": "E", "54": "W", "3": "E", "41": "W", "17": "E", "32": "W", "78": "E", "71": "E", "18": "W", "57": "E", "28": "E", "26": "E", "66": "E", "48": "E", "4": "E", "44": "S", "70": "E", "7": "E", "69": "W", "29": "E", "68": "E", "60": "E", "40": "E", "2": "E", "62": "W", "13": "E", "55": "E", "9": "E", "20": "E", "24": "W", "64": "E", "59": "W", "61": "W"}, {"40": "E", "78": "N", "9": "E", "66": "E", "57": "E", "68": "E", "17": "E", "69": "W", "35": "E", "11": "E", "0": "S", "72": "N", "15": "E", "74": "E", "18": "W", "43": "W", "29": "E", "71": "E", "41": "N", "12": "E", "22": "E", "2": "E", "64": "E", "42": "E", "60": "E", "26": "E", "32": "W", "13": "E", "48": "E", "4": "E", "65": "S"}, {"38": "W", "7": "E", "13": "E", "42": "E", "43": "S", "35": "E", "60": "E", "48": "E", "72": "N", "17": "E", "29": "E", "33": "E", "74": "E", "40": "E", "8": "E", "0": "S", "22": "E", "4": "E", "15": "N", "41": "N", "45": "E", "64": "E", "57": "E", "11": "E", "71": "E"}, {"43": "S", "70": "S", "66": "N", "74": "E", "33": "E", "38": "E", "55": "W", "7": "E", "60": "E", "44": "W", "22": "E", "29": "N", "52": "W", "19": "N", "16": "S", "0": "S", "15": "N", "56": "E", "4": "E", "45": "E", "57": "E", "40": "E", "11": "E", "50": "N", "30": "W", "76": "N", "26": "E", "58": "N", "48": "W", "8": "E", "64": "E", "63": "N", "34": "N", "5": "E", "13": "E", "36": "N", "72": "N", "17": "W", "18": "E", "35": "W"}, {"40": "E", "55": "S", "57": "E", "70": "E", "60": "E", "19": "E", "66": "N", "35": "N", "54": "W", "5": "S", "2": "W", "44": "W", "47": "W", "72": "N", "16": "W", "15": "N", "69": "S", "33": "E", "9": "E", "21": "N", "24": "W", "29": "N", "11": "E", "13": "E", "36": "W", "56": "E", "18": "S", "50": "E", "46": "E", "4": "S", "64": "E", "73": "W", "43": "S"}, {"68": "E", "4": "S", "51": "W", "35": "N", "36": "N", "19": "E", "66": "N", "34": "E", "70": "E", "76": "N", "18": "S", "46": "N", "60": "E", "11": "E", "44": "S", "23": "N", "57": "E", "15": "N", "72": "N", "20": "N", "16": "W", "6": "N", "24": "W", "69": "S", "50": "E", "61": "S", "13": "S"}, {"77": "E", "66": "N", "19": "E", "30": "S", "12": "E", "23": "E", "58": "E", "4": "S", "20": "N", "50": "E", "61": "S", "35": "N", "57": "E", "14": "W", "36": "N", "64": "E", "16": "W", "72": "N", "46": "N"}, {"2": "E", "36": "W", "7": "N", "64": "E", "20": "N", "72": "N", "16": "W", "8": "S", "51": "S", "52": "E", "57": "E", "18": "E", "44": "W", "4": "S", "12": "E", "58": "E", "14": "E", "70": "E", "35": "N", "77": "W", "59": "N", "69": "W", "0": "W", "11": "E", "61": "S", "71": "E", "27": "W", "74": "E", "30": "S", "23": "E", "26": "W", "50": "E", "1": "N", "49": "E", "54": "W", "43": "W", "17": "S"}, {"18": "S", "0": "S", "24": "S", "59": "W", "1": "W", "20": "N", "33": "E", "57": "E", "73": "N", "23": "E", "30": "E", "42": "W", "44": "S", "26": "N", "4": "S", "56": "E", "67": "W", "61": "S", "5": "S", "69": "S", "39": "E", "70": "S", "3": "E", "34": "E", "17": "E", "55": "S", "63": "E", "50": "E", "35": "N", "12": "E", "19": "E", "64": "E", "11": "N"}, {"63": "N", "11": "N", "30": "S", "34": "E", "26": "N", "70": "S", "50": "N", "52": "S", "64": "N", "46": "N", "55": "E", "68": "E", "1": "W", "73": "N", "39": "S", "0": "S", "12": "E", "23": "N", "17": "E", "57": "E", "43": "S", "69": "S", "44": "S", "35": "N", "67": "N"}, {"79": "E", "28": "N", "53": "N", "57": "E", "16": "N", "17": "N", "12": "E", "1": "N", "64": "N", "69": "E", "35": "N", "8": "W", "55": "E", "46": "N", "50": "N", "73": "W", "19": "E", "67": "N"}, {"79": "E", "18": "E", "78": "W", "29": "W", "12": "S", "58": "W", "19": "E", "61": "E", "55": "W", "73": "W", "8": "W", "57": "S", "50": "N", "14": "E", "41": "W", "40": "N", "38": "W", "34": "N", "17": "N", "2": "E", "68": "E", "56": "W", "15": "W", "62": "W", "24": "S", "36": "E", "48": "W", "35": "N", "47": "N"}, {"29": "W", "46": "N", "38": "W", "49": "S", "12": "E", "5": "W", "57": "E", "50": "N", "56": "N", "52": "S", "40": "E", "69": "S", "3": "S", "14": "S", "2": "S", "67": "N", "70": "S", "9": "E", "32": "W", "59": "W", "19": "E", "34": "E", "73": "N", "66": "N", "47": "W", "35": "N"}, {"2": "S", "57": "S", "34": "N", "14": "S", "12": "E", "29": "N", "9": "E", "61": "S", "35": "N", "70": "S", "54": "N", "47": "W", "5": "S", "75": "E", "40": "E", "19": "E"}, {"41": "W", "1": "W", "35": "N", "34": "N", "2": "E", "7": "E", "77": "W", "68": "N", "75": "E", "58": "S", "8": "E", "15": "E", "62": "S", "28": "N", "57": "S", "40": "E", "12": "S", "43": "W", "19": "E", "9": "N", "5": "E", "44": "S", "47": "W"}, {"57": "S", "45": "S", "47": "W", "75": "E", "40": "E", "2": "E", "34": "N", "35": "E", "30": "S", "55": "W", "8": "E", "67": "W", "69": "S", "28": "E"}, {"6": "W", "54": "E", "19": "N", "0": "S", "78": "E", "40": "S", "15": "W", "51": "S", "22": "N", "68": "S", "75": "E", "30": "S", "28": "E", "55": "W", "57": "S", "61": "S", "17": "E", "41": "E", "39": "N", "47": "W", "44": "S", "8": "W"}, {"15": "W", "0": "E", "19": "E", "28": "E", "22": "E", "40": "S", "49": "W", "30": "S", "39": "E", "27": "N", "2": "S", "69": "S", "75": "E", "55": "S", "17": "N", "47": "W"}, {"30": "S", "1": "S", "19": "N", "40": "S", "41": "W", "79": "W", "75": "S", "36": "W", "47": "W", "39": "S", "5": "W", "10": "S", "26": "S", "22": "E", "43": "E", "17": "W", "69": "S", "59": "E", "67": "W", "60": "W", "2": "S", "66": "S", "68": "N", "52": "N"}, {"22": "E", "49": "W", "19": "E", "62": "E", "68": "E", "29": "N", "52": "E", "2": "S", "6": "N", "43": "S", "47": "W", "75": "E", "30": "S", "14": "E", "69": "S", "38": "S", "54": "N", "10": "E", "40": "S", "5": "S", "67": "N", "28": "E"}, {"69": "S", "61": "S", "10": "E", "47": "N", "2": "W", "74": "N", "19": "E", "14": "S", "1": "E", "46": "E", "22": "S", "75": "E", "67": "W", "52": "E"}, {"17": "W", "49": "N", "47": "N", "2": "W", "25": "N", "51": "W", "39": "E", "67": "N", "1": "N", "8": "E", "10": "E", "15": "E", "66": "E", "28": "N", "56": "N", "69": "W", "60": "N", "19": "S", "14": "S", "22": "S", "0": "E", "52": "W", "16": "E", "61": "E", "74": "E", "75": "S"}, {"44": "E", "39": "E", "15": "E", "1": "N", "48": "E", "22": "S", "0": "S", "17": "N", "6": "W", "38": "W", "61": "S", "47": "N", "75": "E", "67": "N", "69": "S", "14": "W", "42": "W"}, {"59": "E", "69": "S", "43": "S", "67": "N", "29": "E", "15": "N", "1": "N", "55": "S", "48": "E", "38": "W", "8": "N", "16": "E", "0": "S", "61": "S", "75": "E", "74": "E"}, {"26": "N", "44": "E", "8": "N", "46": "N", "54": "N", "69": "E", "55": "S", "48": "E", "60": "W", "66": "N", "0": "S", "59": "E", "56": "N", "61": "S", "52": "E", "67": "E", "62": "S", "5": "S", "38": "N", "16": "N", "29": "E", "75": "E", "41": "W", "10": "N", "43": "E", "2": "S", "68": "N"}, {"77": "S", "49": "E", "44": "S", "79": "E", "55": "E", "0": "S", "6": "N", "14": "W", "28": "E", "60": "N", "8": "N", "61": "W", "2": "W", "5": "S", "68": "W", "75": "N", "59": "N", "69": "S"}, {"6": "N", "69": "S", "61": "W", "79": "E", "2": "S", "15": "W", "42": "W", "14": "W", "0": "S", "68": "W", "44": "S", "59": "N", "28": "E", "36": "N"}, {"25": "S", "71": "W", "47": "N", "5": "W", "78": "S", "6": "E", "55": "E", "14": "W", "77": "N", "69": "S", "66": "W", "44": "S", "49": "W", "60": "S", "2": "S", "36": "N", "28": "S", "29": "E", "18": "W", "0": "S", "68": "S", "16": "S", "74": "N", "61": "N"}, {"24": "W", "6": "N", "48": "E", "77": "N", "47": "N", "54": "N", "0": "S", "16": "W", "10": "N", "29": "N", "28": "S", "2": "S", "61": "N", "36": "N", "44": "S", "55": "E", "17": "S", "49": "S", "14": "W", "69": "S"}, {"44": "S", "16": "W", "77": "E", "0": "S", "52": "S", "47": "N", "24": "S", "39": "S", "14": "W", "17": "W", "2": "S", "10": "N"}, {"14": "S", "74": "W", "16": "W", "2": "S", "39": "S", "46": "E", "8": "W", "60": "W", "36": "N", "66": "E", "49": "E", "59": "W", "55": "S", "0": "S"}, {"68": "S", "29": "W", "15": "N", "16": "N", "60": "W", "58": "E", "55": "E", "33": "N", "2": "S", "56": "E", "14": "S", "74": "W", "78": "E", "46": "N"}, {"14": "S", "79": "E", "51": "S", "60": "W", "56": "E", "15": "E", "16": "N", "2": "S", "55": "E"}, {"26": "S", "25": "S", "39": "E", "8": "E", "41": "W", "55": "E", "24": "W", "43": "S", "48": "N", "66": "S", "16": "E", "60": "E", "10": "S", "52": "N", "17": "E", "33": "N", "46": "N"}, {"39": "S", "79": "E", "60": "E", "49": "E", "59": "W", "71": "W", "28": "E", "41": "N", "55": "S", "38": "E", "48": "E", "25": "W"}, {"17": "E", "36": "W", "29": "N", "41": "N", "39": "S", "25": "W", "10": "N", "26": "W", "24": "E", "54": "W", "47": "W", "74": "S", "66": "N", "48": "N", "59": "N", "77": "W", "56": "W", "55": "S"}, {"52": "W", "25": "W", "18": "E", "29": "N", "17": "N", "71": "S", "47": "W", "68": "E", "48": "N", "10": "E", "24": "S", "59": "W", "62": "E", "39": "S"}, {"25": "W", "66": "N", "79": "E", "48": "E", "10": "E", "39": "W", "60": "E", "47": "N", "29": "N", "17": "N"}, {"17": "W", "79": "W", "48": "N", "8": "S", "66": "N", "29": "N", "60": "N", "25": "N", "62": "W", "43": "E", "78": "E", "39": "W", "10": "N", "59": "N", "68": "N", "77": "E"}, {"17": "N", "28": "S", "42": "S", "38": "E", "59": "W", "48": "E", "39": "W", "10": "N", "68": "E", "29": "N", "25": "N", "8": "W", "78": "N"}, {"8": "W", "46": "W", "5": "W", "48": "E", "26": "S", "68": "E", "60": "E", "39": "W", "17": "N", "59": "N"}, {"59": "W", "43": "N", "77": "N", "39": "S", "25": "W", "8": "W", "79": "S", "49": "N", "17": "W", "48": "E", "60": "E", "56": "W", "68": "S", "10": "N", "26": "S"}, {"79": "E", "8": "N", "17": "N", "26": "E", "39": "S", "10": "N", "48": "E", "38": "N", "74": "E", "28": "E", "25": "W", "56": "S", "62": "W", "60": "E", "59": "W"}, {"43": "E", "79": "E", "59": "N", "56": "S", "10": "N", "39": "S", "15": "W", "48": "N", "17": "N", "38": "N"}, {"48": "N", "79": "N", "17": "N", "71": "S", "74": "E", "28": "S", "8": "W", "26": "S", "43": "W", "18": "W", "39": "S", "10": "E", "59": "N", "60": "W"}, {"79": "N", "60": "S", "62": "W", "59": "N", "10": "N", "17": "E", "48": "E", "54": "N", "39": "S", "26": "E", "74": "E", "71": "E"}, {"17": "N", "39": "S", "10": "E", "74": "E", "66": "W", "15": "E", "26": "E"}, {"78": "N", "66": "W", "10": "N", "74": "S", "15": "W", "79": "N", "39": "S", "56": "N", "52": "N", "25": "S", "26": "E", "77": "S"}, {"47": "S", "52": "E", "26": "E", "78": "W", "54": "N", "15": "N", "62": "W", "79": "E", "71": "E", "5": "E", "74": "S", "25": "E"}, {"74": "S", "78": "N", "56": "E", "54": "N", "62": "W", "18": "S", "25": "E", "52": "E", "26": "E"}, {"25": "N", "54": "N", "49": "W", "52": "S", "26": "E", "74": "S", "56": "E"}, {"54": "N", "60": "W", "15": "W", "41": "S", "52": "S", "78": "E", "62": "W", "56": "W", "26": "S"}, {"26": "E", "15": "S", "43": "E", "74": "S", "56": "N", "78": "N", "5": "N"}, {"26": "E", "5": "S", "43": "W", "78": "N", "56": "W", "52": "W", "15": "E", "74": "W", "66": "E"}, {"56": "S", "15": "N", "52": "S", "26": "E", "74": "S", "66": "N", "78": "W"}, {"74": "S", "56": "E", "60": "E", "41": "N", "43": "S", "52": "W", "62": "W", "26": "N", "78": "N", "47": "N"}, {"8": "W", "74": "S", "33": "S", "78": "W", "62": "W", "26": "N"}, {"60": "W", "62": "E", "49": "W", "66": "E", "33": "E", "78": "N", "26": "W", "74": "S", "15": "W", "47": "W"}, {"38": "S", "49": "S", "78": "N", "74": "S", "8": "N", "15": "S", "5": "N", "26": "W", "47": "W", "62": "E", "66": "N"}, {"38": "W", "77": "N", "74": "E", "33": "E", "26": "N", "15": "W", "78": "N", "66": "N", "5": "N", "47": "W"}, {"66": "W", "52": "N", "74": "S", "38": "S", "77": "N", "33": "E", "26": "N", "56": "N", "5": "E", "47": "N"}, {"47": "N", "56": "N", "24": "W", "33": "E", "43": "E", "26": "N", "5": "E", "77": "N"}, {"43": "E", "33": "N", "26": "N", "56": "E", "47": "N", "5": "N", "46": "W", "77": "E"}, {"26": "N", "43": "N", "56": "E", "49": "W", "5": "E", "47": "E"}, {"49": "S", "5": "E", "47": "E", "25": "W", "62": "W", "56": "E", "43": "E", "38": "E", "52": "W", "26": "N", "8": "S"}, {"49": "S", "62": "W", "56": "S", "15": "W", "46": "E", "47": "E", "43": "E"}, {"24": "E", "43": "E", "47": "E"}, {"5": "E", "62": "E", "38": "W", "15": "E", "41": "S", "43": "W", "60": "E"}, {"49": "S", "60": "S", "62": "E", "18": "N", "43": "W", "58": "S", "5": "S"}, {"5": "S", "43": "W", "42": "S", "49": "E"}, {"38": "E", "36": "E", "5": "W", "62": "W", "8": "S", "46": "S", "60": "W", "15": "E", "43": "W", "58": "E"}, {"41": "S", "52": "W", "46": "E", "5": "W", "43": "W", "38": "N"}, {"15": "E", "52": "S", "46": "E"}, {"25": "E", "58": "E", "24": "E", "41": "N", "60": "E", "62": "E", "46": "E"}, {"60": "E", "41": "N", "36": "N", "46": "N", "8": "N"}, {"41": "E", "46": "N", "38": "W", "25": "W", "43": "S", "47": "N"}, {"18": "W", "42": "S", "5": "S", "15": "N", "41": "E", "46": "N", "47": "E"}, {"46": "N", "58": "E", "18": "W", "42": "E", "47": "E", "36": "N"}, {"46": "W", "18": "W", "62": "N", "36": "N", "41": "N", "42": "E"}, {"46": "W", "18": "W", "41": "N", "62": "N", "36": "N"}, {"25": "E", "58": "S", "43": "E", "62": "N", "36": "N", "8": "E", "46": "W", "41": "N", "18": "W"}, {"46": "W", "5": "S", "62": "N", "18": "S", "42": "E", "58": "W", "41": "N", "43": "E", "25": "N", "36": "E"}, {"18": "S", "41": "N", "36": "N", "58": "W", "46": "N", "43": "N", "62": "N", "42": "S", "25": "N", "38": "S", "8": "E"}, {"42": "E", "25": "N", "38": "W", "18": "S", "62": "N", "36": "N", "8": "N", "41": "E", "58": "W", "46": "N", "43": "E"}, {"62": "N", "38": "W", "41": "E", "8": "N", "42": "E", "18": "E", "43": "E", "25": "N"}, {"43": "E", "42": "E", "62": "N", "38": "N", "8": "N", "18": "S", "58": "N", "25": "N"}, {"42": "S", "43": "S", "38": "N", "18": "S", "58": "N", "8": "N", "25": "N"}, {"38": "N", "42": "E", "43": "S", "8": "N", "58": "N", "18": "S"}, {"42": "E", "38": "N", "58": "E", "18": "S", "43": "S"}, {"43": "S", "18": "S", "58": "N", "38": "W"}, {"18": "S", "43": "S", "38": "W"}, {"15": "W", "43": "S", "18": "S", "38": "W", "58": "W"}, {"58": "S", "38": "W", "52": "S", "15": "S", "43": "W"}, {"15": "W", "58": "S", "24": "S", "38": "N", "52": "S", "43": "W"}, {"58": "S", "43": "W", "52": "S", "24": "S", "60": "E"}, {"24": "S", "5": "W", "43": "W", "52": "E"}, {"24": "S", "43": "W"}, {"8": "S", "24": "S", "60": "W", "43": "W"}, {"8": "E", "60": "W"}, {"60": "W", "43": "W"}, {"24": "S", "60": "S", "15": "S", "8": "S"}, {"58": "E", "24": "S", "60": "S", "15": "W", "8": "E"}, {"60": "S", "15": "W", "58": "E", "8": "E", "43": "E"}, {"15": "W", "58": "E", "43": "N", "8": "E", "60": "E"}, {"15": "N", "43": "N", "8": "E", "60": "E", "58": "N"}, {"8": "E", "60": "E", "15": "N"}, {"8": "N", "15": "N"}, {"8": "N", "15": "E"}, {"8": "N", "15": "E"}, {"15": "E", "8": "W"}, {"15": "N", "8": "W"}, {"8": "W", "15": "E"}, {"8": "S", "15": "E"}, {"15": "E"}, {"15": "E", "58": "W"}, {"60": "N", "15": "E", "58": "S", "43": "N"}, {"58": "W", "15": "N"}, {"15": "N", "58": "W"}, {"15": "N", "58": "N"}, {"15": "W", "58": "N"}, {"58": "E", "15": "W"}, {"15": "N", "58": "N"}, {"58": "E"}, {"58": "E"}, {"58": "E"}, {"58": "E"}, {"58": "N"}], "result": "SUCCESS", "makespan": 127, "sum": 1370, "algo_name": "BFS_0"}