{"instance": "small_free_004_20x20_20_80", "steps": [{"8": "E", "11": "W", "0": "E", "3": "E", "75": "W", "24": "W", "26": "E", "28": "W", "47": "W", "37": "E", "48": "E", "44": "E", "64": "E", "58": "E", "45": "W", "5": "E", "66": "E", "63": "W", "32": "W", "25": "E", "22": "W", "30": "E", "68": "E", "13": "W", "49": "E", "41": "E", "70": "E", "7": "W", "23": "E", "54": "E", "43": "E", "62": "W", "61": "E", "78": "W", "73": "W", "14": "E", "69": "E", "57": "E", "50": "W", "2": "W", "34": "W", "76": "W", "65": "W", "74": "E", "52": "W", "6": "W", "20": "W", "9": "S", "12": "E", "40": "W", "46": "E", "15": "E", "79": "E", "18": "E", "71": "E", "35": "E", "38": "E", "21": "W", "36": "W", "1": "E", "53": "W", "39": "W", "17": "E", "67": "E", "19": "E"}, {"7": "W", "56": "W", "6": "W", "35": "E", "29": "N", "30": "E", "20": "W", "37": "E", "8": "E", "79": "E", "36": "W", "40": "W", "63": "W", "65": "W", "48": "N", "69": "E", "50": "W", "75": "W", "32": "W", "27": "N", "11": "W", "67": "E", "12": "E", "15": "E", "17": "E", "2": "W", "22": "W", "14": "E", "9": "S", "44": "E", "25": "E", "62": "W", "21": "W", "64": "E", "38": "E", "24": "W", "45": "W", "74": "E", "52": "S", "28": "W", "78": "W", "23": "E", "34": "W", "70": "E", "47": "W", "0": "E", "71": "S", "46": "E", "54": "E", "1": "E", "26": "E", "49": "E", "57": "E", "73": "W", "41": "E", "13": "W", "18": "E"}, {"46": "E", "17": "E", "13": "W", "45": "W", "56": "W", "9": "S", "59": "E", "10": "E", "26": "E", "63": "W", "73": "W", "62": "W", "36": "N", "64": "E", "1": "E", "23": "E", "11": "W", "67": "E", "79": "E", "28": "W", "71": "S", "8": "E", "22": "W", "14": "E", "52": "S", "41": "E", "40": "W", "25": "E", "15": "E", "38": "E", "35": "E", "29": "N", "18": "E", "54": "E", "21": "W", "69": "E", "34": "W", "50": "N", "75": "W", "57": "E"}, {"71": "S", "2": "W", "28": "W", "14": "E", "35": "E", "45": "W", "54": "E", "23": "E", "9": "S", "40": "W", "6": "W", "0": "N", "36": "N", "75": "N", "41": "E", "57": "E", "63": "W", "22": "W", "17": "E", "52": "S", "21": "W", "38": "E", "67": "E", "56": "W", "48": "N", "69": "E", "25": "E", "50": "N", "62": "S", "20": "W", "15": "E", "34": "W", "26": "E", "8": "E"}, {"12": "E", "9": "S", "67": "E", "15": "E", "59": "E", "57": "E", "29": "N", "79": "E", "41": "E", "2": "W", "22": "S", "28": "W", "69": "E", "56": "W", "46": "E", "8": "E", "48": "N", "38": "E", "26": "E", "55": "N", "47": "W", "10": "E", "62": "S", "36": "N", "6": "W", "71": "S", "40": "S", "17": "S"}, {"28": "W", "18": "E", "41": "E", "40": "S", "36": "N", "69": "E", "26": "E", "22": "S", "45": "W", "8": "E", "65": "W", "57": "E", "67": "E", "48": "N", "56": "W", "38": "E", "15": "E", "59": "E", "55": "N", "6": "W", "2": "W", "62": "S", "0": "N"}, {"10": "E", "79": "N", "45": "W", "58": "N", "38": "E", "56": "W", "8": "E", "18": "E", "59": "S", "41": "E", "0": "N", "78": "N", "9": "S", "61": "S", "7": "S", "26": "N", "62": "S", "28": "N", "67": "E", "42": "N", "55": "W", "57": "E", "32": "N", "14": "E", "20": "E", "46": "W", "5": "N", "47": "S", "13": "E", "2": "W", "51": "N", "72": "S", "29": "E", "30": "N", "70": "S", "69": "E", "15": "E"}, {"29": "N", "15": "N", "64": "E", "56": "W", "78": "W", "73": "W", "14": "N", "70": "E", "54": "E", "69": "N", "76": "W", "0": "N", "5": "E", "20": "S", "67": "E", "59": "S", "8": "E", "34": "W", "72": "E", "6": "N", "45": "S", "26": "N", "25": "E", "61": "E", "32": "W", "23": "E", "1": "E", "10": "E", "16": "W", "42": "W", "47": "W", "9": "S"}, {"28": "W", "1": "E", "79": "E", "78": "W", "34": "S", "5": "N", "20": "S", "0": "N", "73": "W", "26": "N", "70": "E", "56": "W", "10": "E", "29": "N", "16": "W", "41": "N", "15": "N", "9": "S", "76": "W", "32": "W", "42": "W", "23": "E", "46": "N", "72": "E", "51": "N", "14": "N"}, {"20": "W", "3": "E", "10": "S", "26": "N", "32": "W", "54": "E", "49": "E", "16": "W", "9": "S", "51": "N", "42": "W", "69": "N", "14": "N", "73": "W", "23": "E", "15": "N", "5": "N", "76": "W", "78": "W", "34": "S", "1": "E", "29": "W"}, {"8": "N", "62": "W", "46": "W", "60": "E", "3": "E", "38": "S", "11": "S", "42": "N", "57": "W", "58": "E", "64": "S", "78": "W", "23": "S", "61": "W", "74": "N", "21": "E", "70": "E", "69": "N", "10": "S", "31": "W", "9": "S", "35": "E", "63": "N", "47": "S", "1": "E", "32": "W", "7": "E", "5": "E", "79": "N", "26": "N", "43": "S", "14": "W", "76": "W"}, {"9": "S", "11": "W", "24": "S", "61": "S", "55": "N", "38": "E", "62": "S", "56": "W", "42": "N", "0": "N", "28": "W", "3": "E", "74": "E", "77": "N", "25": "E", "49": "E", "76": "W", "35": "N", "20": "W", "23": "S", "21": "S", "14": "N", "78": "W", "5": "N", "60": "E", "26": "N", "43": "E", "46": "N", "65": "W", "63": "W", "48": "W", "53": "W", "47": "W", "69": "N", "33": "S", "1": "N"}, {"78": "W", "79": "E", "70": "E", "38": "E", "12": "E", "4": "W", "58": "E", "46": "N", "76": "W", "28": "N", "72": "E", "74": "E", "61": "S", "62": "S", "23": "S", "48": "N", "56": "W", "1": "N", "13": "N", "26": "N", "49": "N", "43": "E", "53": "W", "54": "E", "60": "S", "20": "W", "42": "N", "21": "S", "24": "W", "14": "N", "65": "W", "3": "E", "55": "N", "11": "S"}, {"78": "W", "49": "N", "20": "W", "76": "W", "32": "N", "74": "E", "60": "S", "24": "W", "58": "E", "55": "E", "38": "S", "21": "W", "47": "S", "43": "E", "46": "E", "33": "S", "11": "W", "23": "S", "4": "W", "1": "N", "56": "W", "79": "E", "42": "N", "70": "E", "53": "W", "3": "E", "54": "S"}, {"11": "W", "4": "S", "54": "S", "46": "E", "79": "E", "56": "W", "1": "N", "20": "W", "58": "E", "32": "N", "47": "S", "60": "W", "78": "N", "38": "S", "69": "N", "42": "N", "76": "W", "23": "S", "49": "N", "62": "E", "74": "E", "70": "S", "3": "E", "53": "S", "21": "W", "43": "E"}, {"78": "N", "76": "N", "54": "S", "11": "W", "79": "E", "42": "W", "47": "S", "62": "S", "74": "E", "20": "W", "56": "W", "38": "S", "3": "E", "23": "S", "58": "E", "4": "S", "49": "N", "32": "N", "60": "S", "70": "S", "69": "N"}, {"79": "E", "42": "N", "20": "W", "3": "E", "53": "S", "69": "N", "23": "S", "58": "E", "54": "S", "62": "S", "74": "N", "11": "W", "70": "S", "56": "N", "78": "N"}, {"74": "N", "32": "E", "7": "E", "30": "W", "58": "E", "54": "S", "62": "E", "69": "N", "10": "E", "42": "N", "20": "W", "53": "S", "3": "E", "73": "N", "57": "N", "23": "S", "79": "N", "70": "S", "4": "W", "11": "W", "61": "W", "18": "W", "0": "E", "63": "E", "6": "N", "22": "W"}, {"59": "S", "73": "W", "62": "S", "70": "S", "20": "W", "47": "S", "61": "S", "8": "E", "3": "E", "5": "N", "24": "S", "11": "W", "18": "S", "7": "S", "4": "S", "79": "N", "58": "E", "42": "N", "32": "N", "23": "S", "56": "N", "57": "E", "28": "E", "53": "S"}, {"3": "E", "23": "S", "53": "S", "32": "N", "11": "W", "66": "E", "5": "N", "10": "S", "18": "S", "42": "N", "12": "E", "61": "S", "79": "N", "46": "E", "58": "E", "57": "E", "7": "S", "68": "E", "73": "W", "37": "E", "30": "N"}, {"3": "E", "30": "N", "79": "N", "22": "S", "4": "S", "42": "N", "12": "E", "32": "W", "10": "S", "11": "W", "31": "N", "61": "E", "7": "W", "58": "E", "5": "N", "23": "S", "73": "W"}, {"57": "W", "8": "N", "64": "W", "63": "E", "67": "N", "73": "W", "3": "E", "23": "S", "12": "E", "7": "W", "31": "N", "28": "E", "10": "S", "53": "W", "0": "E", "79": "N", "70": "S", "32": "W", "58": "E", "27": "S", "42": "N", "16": "W", "11": "N", "38": "W", "5": "N", "30": "E", "39": "E", "4": "E"}, {"58": "E", "23": "S", "79": "N", "24": "S", "77": "W", "52": "S", "38": "S", "32": "N", "3": "E", "7": "W", "30": "E", "39": "N", "11": "N", "0": "N", "70": "S", "73": "W", "62": "S", "63": "N", "42": "N", "41": "E", "10": "S", "16": "W", "6": "W", "28": "E", "12": "S", "33": "S", "65": "S"}, {"58": "E", "39": "N", "28": "N", "73": "W", "12": "S", "7": "S", "38": "S", "30": "E", "65": "W", "16": "W", "32": "N", "42": "N", "79": "N", "63": "N", "77": "W", "24": "S", "62": "S", "10": "S"}, {"77": "W", "7": "W", "65": "W", "38": "S", "62": "W", "79": "N", "58": "E", "6": "W", "39": "W", "12": "S", "16": "W", "63": "W", "24": "S", "32": "E", "30": "E", "42": "N", "73": "W"}, {"63": "W", "33": "N", "57": "S", "0": "W", "67": "N", "30": "E", "16": "W", "39": "N", "4": "W", "18": "N", "32": "N", "77": "W", "38": "E", "13": "W", "65": "W", "62": "S", "24": "S", "27": "W", "52": "E", "72": "W", "58": "E", "73": "N", "7": "W", "14": "W", "79": "N", "60": "N", "41": "W", "28": "S"}, {"60": "W", "73": "N", "59": "W", "30": "E", "8": "E", "33": "E", "29": "N", "13": "N", "7": "S", "16": "N", "62": "S", "52": "E", "20": "W", "63": "W", "4": "S", "58": "N", "14": "N", "41": "N", "12": "S", "64": "N", "24": "S", "28": "W", "44": "W", "39": "W", "72": "S", "10": "S"}, {"62": "S", "33": "E", "30": "N", "63": "W", "73": "N", "27": "W", "39": "W", "13": "N", "65": "S", "59": "S", "20": "S", "4": "S", "44": "W", "69": "N", "7": "S", "52": "S", "28": "W", "79": "N", "22": "S"}, {"30": "N", "27": "N", "52": "S", "73": "N", "44": "S", "79": "N", "33": "S", "8": "E", "18": "E", "60": "W", "22": "S", "59": "S", "29": "N", "4": "E"}, {"3": "W", "46": "W", "67": "N", "18": "E", "31": "N", "52": "W", "14": "N", "44": "S", "4": "S", "37": "S", "22": "S", "27": "W", "33": "S", "72": "S", "59": "S", "60": "W", "30": "N", "73": "W", "68": "S", "25": "E", "28": "N", "29": "N", "16": "N"}, {"22": "E", "30": "N", "6": "W", "60": "S", "67": "E", "31": "N", "44": "E", "27": "N", "4": "S", "66": "W", "65": "S", "73": "W", "79": "N", "68": "E", "37": "E", "25": "E", "33": "W", "7": "S", "63": "E", "29": "N", "3": "N", "0": "W", "14": "E", "59": "S", "21": "N", "18": "E", "52": "W"}, {"66": "N", "27": "N", "7": "S", "4": "S", "37": "S", "48": "N", "63": "N", "52": "S", "31": "N", "79": "N", "18": "E", "68": "E", "44": "E", "29": "N", "22": "S", "3": "N", "61": "E", "59": "S", "25": "E", "73": "N"}, {"7": "S", "22": "S", "68": "E", "18": "E", "3": "N", "44": "E", "31": "E", "59": "S", "37": "S", "4": "S", "73": "N", "29": "N", "63": "N", "52": "S", "25": "E", "27": "E"}, {"29": "N", "31": "N", "63": "W", "22": "S", "27": "E", "52": "S", "73": "E", "59": "S", "25": "E", "68": "E", "37": "S", "7": "W", "44": "E", "4": "S", "3": "N"}, {"59": "S", "37": "S", "68": "E", "25": "N", "7": "S", "27": "E", "3": "N", "44": "E", "31": "N", "4": "S", "18": "E", "52": "S", "29": "N"}, {"2": "N", "25": "E", "12": "W", "14": "S", "73": "E", "68": "E", "63": "N", "44": "E", "29": "N", "3": "N", "4": "S", "18": "N", "33": "S", "79": "W", "16": "W", "46": "E", "37": "S", "59": "S", "65": "N"}, {"16": "N", "2": "W", "39": "W", "44": "E", "18": "N", "68": "S", "25": "E", "29": "N", "63": "W", "3": "N", "65": "W", "59": "E", "73": "N", "60": "S", "37": "S", "79": "N"}, {"25": "N", "65": "W", "37": "S", "68": "E", "59": "S", "16": "N", "12": "S", "63": "W", "73": "N", "3": "N", "2": "W", "60": "E", "39": "S", "79": "N", "77": "W", "44": "S"}, {"59": "S", "63": "W", "24": "S", "79": "N", "64": "N", "16": "E", "12": "S", "25": "N", "39": "W", "60": "S", "65": "S", "68": "E", "37": "E", "3": "N", "2": "S", "77": "N"}, {"3": "E", "65": "S", "77": "N", "64": "E", "2": "S", "13": "N", "60": "S", "37": "S", "63": "W", "25": "N", "68": "E", "79": "E"}, {"77": "E", "63": "W", "64": "E", "2": "W", "3": "N", "8": "N", "25": "N", "37": "S", "68": "E"}, {"3": "N", "68": "E", "39": "W", "22": "W", "37": "S", "72": "E", "63": "W", "77": "N", "8": "E", "2": "S", "25": "N", "33": "N", "48": "S", "12": "N", "0": "E", "60": "E", "64": "E", "41": "E"}, {"21": "W", "2": "S", "8": "N", "33": "W", "60": "E", "61": "E", "14": "E", "67": "E", "10": "S", "37": "S", "77": "N", "39": "W", "64": "E", "3": "N", "65": "E", "12": "W", "48": "E", "68": "E", "25": "N"}, {"33": "W", "6": "W", "64": "E", "12": "W", "48": "E", "10": "S", "60": "S", "3": "N", "68": "S", "25": "N", "2": "S", "61": "S", "8": "E", "22": "S", "77": "N"}, {"48": "N", "33": "S", "64": "E", "3": "N", "22": "S", "8": "E", "68": "S", "10": "W", "2": "S", "25": "N", "60": "S", "12": "S", "61": "S"}, {"12": "S", "61": "S", "68": "E", "64": "E", "60": "S", "48": "N", "33": "S", "3": "N", "8": "E"}, {"60": "S", "8": "E", "64": "E", "68": "S", "33": "E", "61": "S"}, {"8": "N", "68": "S", "60": "S", "64": "N", "53": "W", "2": "W", "14": "W", "12": "N", "48": "S", "72": "N", "41": "W", "61": "S", "63": "N"}, {"60": "W", "68": "S", "61": "S", "0": "N", "63": "W", "12": "E", "72": "W", "64": "N", "65": "W", "2": "W", "67": "E", "48": "W"}, {"63": "W", "67": "N", "61": "S", "60": "S", "64": "N", "77": "N", "0": "N", "66": "N"}, {"66": "E", "2": "W", "77": "N", "22": "E", "67": "E", "41": "E", "12": "W", "33": "S", "63": "W", "6": "N", "60": "S", "64": "N", "39": "W", "72": "E", "65": "E", "0": "W", "61": "S"}, {"63": "W", "12": "S", "2": "S", "0": "N", "67": "N", "72": "S", "61": "S", "33": "E", "39": "W", "66": "N", "6": "W", "77": "N"}, {"2": "S", "67": "N", "66": "N", "0": "N", "63": "S", "61": "S", "65": "E", "33": "S", "77": "N", "6": "W", "12": "S"}, {"63": "S", "2": "S", "0": "N", "67": "W", "61": "S", "6": "W", "66": "N"}, {"2": "S", "61": "S", "6": "W", "0": "N", "67": "N", "66": "N"}, {"61": "S", "66": "N", "67": "N", "6": "W", "2": "S"}, {"66": "N", "72": "N", "22": "N", "48": "S", "21": "S", "41": "W", "67": "N", "6": "W", "2": "E"}, {"6": "W", "67": "N", "41": "N", "72": "W", "46": "E", "21": "W", "57": "W", "48": "W", "22": "W"}, {"72": "W", "6": "N", "57": "S", "41": "N", "21": "W", "46": "E", "67": "N", "65": "S"}, {"72": "S", "46": "E", "48": "W", "21": "N", "65": "S", "12": "E", "6": "N", "67": "N"}, {"6": "N", "12": "E", "46": "E", "65": "S", "67": "N"}, {"72": "S", "65": "S", "67": "N", "46": "E", "6": "N"}, {"6": "N", "46": "E", "65": "S"}, {"53": "E", "48": "E", "65": "S", "6": "N", "46": "N", "12": "S", "14": "E"}, {"12": "E", "65": "S", "72": "E", "48": "E", "57": "S", "53": "E", "46": "N"}, {"72": "S", "46": "E", "14": "N", "57": "E", "53": "S"}, {"53": "S", "14": "N", "28": "W", "46": "E"}, {"53": "E", "46": "E", "28": "W"}, {"28": "N", "46": "E", "53": "S"}, {"28": "N", "46": "N", "53": "S"}, {"28": "N", "46": "N", "53": "S"}, {"28": "N", "46": "N"}, {"46": "N", "41": "S", "53": "S", "57": "S", "22": "E", "28": "N"}, {"41": "E", "57": "E", "22": "S", "28": "W"}, {"28": "N", "53": "S", "22": "S", "57": "S"}, {"53": "S", "41": "E", "28": "N", "22": "S", "57": "S"}, {"57": "S", "53": "S", "28": "E", "41": "E"}, {"28": "N", "57": "S", "41": "N", "53": "S"}, {"41": "N", "53": "S"}, {"53": "S"}, {"53": "S"}, {"53": "S"}, {"48": "W", "53": "W"}, {"72": "N"}, {"48": "N", "72": "E"}, {"48": "N", "72": "E"}, {"48": "E", "72": "S"}, {"72": "S", "48": "N"}, {"48": "N", "72": "S"}, {"72": "S"}, {"72": "E"}, {"72": "S"}, {"72": "S"}, {"72": "E"}], "result": "SUCCESS", "makespan": 94, "sum": 1328, "algo_name": "BFS_0"}