{"instance": "small_free_004_20x20_20_80", "steps": [{"26": "E", "45": "W", "18": "E", "36": "W", "69": "E", "0": "E", "15": "E", "75": "W", "57": "E", "37": "E", "13": "W", "9": "S", "30": "E", "55": "N", "48": "E", "65": "W", "38": "E", "71": "E", "47": "W", "25": "E", "5": "E", "8": "E", "41": "E", "12": "E", "44": "E", "66": "E", "63": "W", "6": "W", "53": "W", "40": "W", "79": "E", "23": "E", "1": "E", "68": "E", "21": "W", "67": "E", "76": "W", "14": "E", "34": "W", "17": "E", "39": "W", "73": "W", "54": "E", "19": "E", "24": "W", "62": "W", "35": "E", "50": "W", "58": "E", "22": "W", "43": "E", "20": "W", "28": "W", "7": "W", "46": "E", "32": "W", "78": "W", "70": "E", "3": "E", "52": "W", "74": "E", "11": "W", "49": "E", "64": "E", "61": "E"}, {"24": "W", "36": "W", "76": "W", "12": "E", "60": "S", "73": "W", "50": "W", "17": "E", "79": "E", "13": "W", "23": "E", "40": "W", "25": "E", "54": "E", "65": "W", "68": "E", "30": "E", "22": "W", "9": "S", "74": "E", "21": "W", "78": "W", "26": "E", "56": "W", "14": "E", "8": "E", "46": "E", "75": "W", "41": "E", "35": "E", "48": "N", "11": "W", "44": "E", "0": "E", "63": "W", "49": "E", "71": "S", "20": "W", "69": "E", "18": "E", "29": "N", "1": "E", "57": "E", "52": "S", "28": "W", "15": "E", "64": "E", "47": "W", "67": "E", "6": "W", "37": "E", "38": "E", "62": "W", "34": "W", "32": "W"}, {"28": "W", "38": "E", "25": "E", "18": "E", "26": "E", "78": "W", "21": "W", "47": "W", "31": "N", "36": "N", "17": "E", "15": "E", "62": "W", "65": "W", "41": "E", "52": "S", "29": "N", "11": "W", "23": "E", "69": "E", "34": "W", "13": "W", "55": "N", "14": "E", "50": "N", "35": "E", "8": "E", "64": "E", "40": "W", "56": "W", "57": "E", "75": "W", "22": "W", "46": "E", "73": "W", "71": "S", "67": "E", "54": "E", "63": "W", "79": "E"}, {"0": "N", "54": "E", "52": "S", "22": "W", "2": "W", "23": "E", "63": "W", "13": "N", "45": "W", "25": "E", "6": "W", "57": "E", "62": "S", "21": "W", "28": "W", "14": "E", "8": "E", "50": "N", "31": "N", "18": "E", "65": "W", "26": "E", "69": "E", "15": "E", "40": "W", "38": "E", "41": "E", "67": "E", "17": "E", "75": "N", "71": "S", "56": "W", "34": "W"}, {"37": "E", "41": "E", "46": "E", "28": "W", "71": "S", "38": "E", "2": "W", "69": "E", "62": "S", "65": "W", "57": "E", "29": "N", "45": "W", "22": "S", "40": "S", "13": "N", "17": "S", "31": "N", "26": "E", "56": "W", "8": "E", "67": "E", "18": "E", "15": "E", "6": "W"}, {"52": "W", "73": "E", "0": "N", "2": "W", "21": "W", "18": "E", "28": "W", "8": "E", "45": "W", "13": "N", "66": "N", "68": "S", "10": "S", "72": "S", "15": "E", "56": "W", "55": "W", "6": "W", "51": "E", "79": "N", "53": "S", "62": "S", "41": "E", "36": "N", "26": "E", "33": "S", "20": "S", "67": "E", "31": "E", "47": "S", "49": "N", "40": "S", "25": "N", "69": "E"}, {"68": "E", "49": "E", "73": "N", "16": "W", "74": "E", "41": "E", "26": "N", "36": "N", "48": "W", "51": "N", "61": "E", "31": "N", "56": "W", "62": "S", "8": "E", "10": "E", "28": "W", "12": "E", "18": "E", "9": "S", "32": "W", "33": "S", "15": "E", "67": "E", "37": "E", "2": "W", "43": "E", "47": "W", "77": "W", "53": "W", "25": "E", "0": "N", "72": "E", "69": "E", "14": "E"}, {"53": "W", "73": "N", "31": "N", "63": "W", "43": "E", "28": "W", "67": "E", "26": "N", "69": "N", "22": "S", "23": "W", "15": "N", "0": "N", "56": "W", "51": "N", "9": "S", "49": "E", "68": "E", "8": "E", "2": "W", "72": "E", "32": "W", "74": "E", "18": "E", "14": "N", "10": "E", "45": "W"}, {"49": "N", "29": "N", "10": "E", "14": "N", "20": "W", "0": "N", "15": "N", "69": "N", "53": "W", "43": "E", "56": "W", "41": "N", "26": "N", "68": "E", "73": "W", "2": "W", "9": "S", "51": "W", "74": "E", "18": "N", "45": "W", "31": "W", "22": "S", "32": "W"}, {"31": "N", "29": "N", "53": "S", "24": "S", "37": "S", "9": "S", "68": "E", "72": "W", "48": "E", "59": "S", "20": "S", "55": "W", "49": "N", "32": "W", "38": "W", "33": "W", "43": "E", "1": "N", "34": "S", "74": "E", "61": "S", "77": "E", "18": "E", "42": "E", "21": "S", "23": "E", "66": "N", "56": "W", "36": "N", "69": "N", "8": "E", "51": "N", "65": "W", "2": "S", "28": "W", "5": "N", "26": "N", "10": "E", "14": "N", "30": "S"}, {"48": "N", "37": "E", "53": "S", "59": "E", "49": "N", "24": "W", "9": "S", "46": "E", "23": "E", "55": "N", "12": "E", "57": "E", "47": "W", "35": "E", "54": "E", "64": "E", "4": "W", "5": "E", "63": "W", "3": "E", "16": "W", "42": "N", "43": "S", "74": "E", "7": "W", "34": "W", "18": "E", "26": "N", "61": "S", "69": "N"}, {"35": "E", "20": "W", "46": "E", "13": "N", "23": "E", "74": "N", "53": "S", "31": "N", "69": "N", "63": "W", "16": "W", "3": "E", "0": "N", "4": "W", "34": "S", "77": "N", "42": "N", "26": "N", "5": "N", "59": "E", "15": "N", "47": "S", "55": "N", "7": "W", "9": "S", "54": "E"}, {"26": "N", "63": "W", "55": "E", "7": "W", "54": "E", "14": "N", "9": "S", "23": "E", "74": "N", "21": "W", "5": "N", "3": "E", "4": "S", "20": "W", "0": "N", "47": "S", "69": "N"}, {"35": "N", "7": "W", "20": "W", "28": "E", "27": "W", "68": "S", "56": "S", "54": "S", "3": "E", "47": "S", "69": "N", "38": "N", "29": "E", "52": "E", "33": "W", "14": "N", "62": "W", "12": "W", "48": "S", "63": "N", "9": "S", "5": "E", "59": "S", "41": "N", "57": "W", "1": "N", "55": "E"}, {"2": "W", "33": "S", "48": "W", "46": "E", "44": "S", "60": "S", "23": "S", "7": "W", "61": "S", "69": "N", "3": "E", "68": "E", "53": "S", "57": "S", "4": "S", "20": "W", "16": "W", "1": "E", "47": "S", "79": "E", "9": "S", "59": "S", "22": "W", "65": "W", "25": "E", "54": "S"}, {"65": "W", "48": "W", "45": "S", "7": "S", "2": "W", "3": "E", "16": "W", "33": "S", "60": "S", "69": "N", "1": "E", "62": "S", "54": "S", "61": "S", "22": "S", "5": "N", "67": "E", "68": "E", "20": "W", "23": "S"}, {"22": "S", "65": "S", "60": "S", "1": "E", "62": "S", "7": "S", "61": "E", "54": "S", "2": "W", "23": "S", "16": "W", "38": "E", "5": "N", "20": "W", "48": "N", "57": "S"}, {"22": "S", "23": "S", "77": "W", "72": "E", "54": "S", "5": "N", "58": "E", "1": "E", "7": "W", "24": "S", "29": "E", "27": "E", "78": "E", "21": "E", "59": "S", "16": "W", "32": "E", "41": "E", "79": "E", "57": "W", "3": "N", "61": "S", "2": "S", "60": "W", "20": "W", "42": "N", "62": "E", "33": "E", "67": "W"}, {"78": "N", "29": "N", "20": "W", "59": "S", "22": "E", "21": "N", "7": "S", "62": "S", "42": "W", "60": "S", "5": "N", "4": "S", "12": "S", "38": "E", "16": "W", "61": "S", "47": "S", "48": "E", "2": "W", "57": "S", "58": "N", "66": "E", "8": "E", "23": "S", "1": "E", "77": "W"}, {"41": "E", "59": "S", "58": "E", "70": "S", "2": "S", "38": "E", "78": "N", "8": "E", "60": "S", "79": "E", "77": "W", "7": "S", "42": "W", "48": "E", "29": "N", "22": "S", "1": "N", "61": "S", "62": "S", "16": "N", "5": "N", "57": "S", "27": "N"}, {"76": "W", "22": "S", "41": "E", "79": "E", "57": "E", "60": "S", "38": "S", "77": "W", "7": "S", "33": "E", "61": "S", "59": "S", "2": "S", "8": "E", "58": "E", "78": "W", "16": "N", "42": "W", "62": "S", "67": "N", "1": "N", "27": "N"}, {"67": "N", "77": "N", "33": "E", "38": "S", "16": "N", "27": "N", "66": "N", "8": "E", "42": "W", "59": "S", "41": "N", "4": "S", "7": "S", "58": "E", "76": "W", "61": "S", "79": "E", "60": "S", "78": "W"}, {"76": "W", "22": "S", "42": "N", "8": "E", "41": "N", "16": "N", "7": "S", "61": "S", "33": "S", "79": "E", "59": "S", "60": "S", "4": "S", "67": "E", "58": "E"}, {"33": "S", "4": "S", "79": "E", "42": "N", "22": "W", "10": "N", "61": "S", "58": "E", "11": "W", "7": "E", "67": "E", "20": "S", "0": "N", "24": "S", "62": "E", "72": "W", "3": "S", "2": "W", "29": "E", "59": "S", "38": "E", "6": "W", "8": "E", "52": "E"}, {"77": "N", "22": "S", "79": "N", "72": "S", "66": "N", "4": "S", "10": "E", "29": "N", "59": "S", "62": "S", "41": "N", "2": "W", "58": "E", "14": "N", "20": "W", "7": "S", "33": "S", "38": "S", "12": "E", "61": "S", "11": "W", "25": "E"}, {"6": "W", "52": "E", "70": "E", "58": "E", "62": "S", "79": "N", "22": "S", "7": "S", "25": "E", "33": "S", "77": "N", "2": "S", "11": "W", "10": "E", "4": "S", "12": "E", "59": "S", "37": "W", "29": "N", "61": "S", "0": "N"}, {"58": "E", "62": "W", "59": "E", "37": "S", "28": "N", "72": "S", "10": "S", "77": "N", "22": "E", "38": "S", "0": "N", "7": "S", "61": "S", "76": "W", "24": "W", "11": "W", "12": "E", "79": "N", "2": "S", "4": "S", "29": "W", "6": "W", "39": "N", "52": "S", "14": "N"}, {"39": "W", "37": "S", "64": "E", "29": "W", "79": "N", "44": "E", "61": "S", "62": "S", "28": "N", "6": "W", "38": "S", "22": "S", "25": "E", "4": "S", "59": "S", "14": "N", "0": "N", "52": "S", "2": "S", "11": "W", "76": "W", "58": "N", "12": "S"}, {"2": "S", "22": "S", "79": "N", "76": "W", "38": "S", "6": "W", "62": "S", "37": "E", "61": "S", "58": "N", "12": "S", "29": "N", "25": "E", "52": "S", "64": "E", "59": "S", "0": "N", "74": "N"}, {"29": "N", "61": "S", "79": "N", "52": "W", "62": "S", "2": "S", "76": "W", "0": "N", "64": "E", "57": "E", "25": "E", "37": "S", "58": "E"}, {"68": "N", "48": "E", "79": "N", "77": "W", "44": "S", "29": "N", "25": "N", "66": "W", "2": "S", "61": "S", "76": "N", "38": "N", "56": "W", "11": "W", "3": "E", "73": "N", "21": "S", "64": "E", "58": "E", "6": "W", "37": "S", "52": "W"}, {"66": "N", "68": "N", "52": "S", "29": "N", "56": "W", "24": "S", "2": "E", "46": "E", "58": "E", "37": "S", "78": "W", "25": "E", "53": "S", "38": "E", "39": "W", "77": "N", "64": "E", "11": "W", "73": "W", "65": "S"}, {"11": "W", "37": "S", "53": "S", "44": "E", "52": "S", "25": "E", "56": "W", "38": "E", "6": "W", "77": "N", "24": "S", "12": "S", "46": "E", "66": "N", "57": "E", "29": "N", "68": "E", "58": "E"}, {"58": "E", "56": "W", "66": "E", "48": "N", "68": "E", "52": "S", "24": "S", "6": "W", "46": "E", "37": "S", "29": "W", "25": "N", "11": "W", "53": "S", "77": "E", "38": "S"}, {"38": "S", "52": "S", "53": "S", "66": "N", "6": "W", "25": "N", "58": "E", "24": "S", "48": "N", "46": "E", "37": "S", "29": "N", "3": "E", "77": "N", "56": "N", "68": "E"}, {"66": "N", "37": "S", "44": "E", "56": "N", "77": "N", "68": "E", "25": "N", "58": "S", "3": "E", "53": "S", "46": "E", "24": "S", "38": "S", "57": "E"}, {"25": "N", "44": "E", "46": "E", "53": "S", "68": "E", "57": "S", "77": "N", "3": "E", "37": "S", "38": "W", "56": "N"}, {"46": "E", "68": "E", "3": "E", "37": "S", "44": "E", "25": "N", "57": "S"}, {"68": "S", "30": "N", "3": "E", "79": "W", "57": "S", "46": "N", "23": "W", "72": "S", "8": "N", "44": "S", "32": "S", "65": "W", "78": "N", "63": "S", "25": "N", "48": "N"}, {"30": "E", "3": "E", "8": "N", "79": "N", "12": "S", "46": "N", "48": "W", "65": "S", "73": "W", "25": "N"}, {"39": "W", "3": "N", "65": "S", "46": "N", "30": "E", "8": "E", "79": "N"}, {"30": "E", "3": "N", "32": "E", "79": "N", "8": "N", "63": "N", "39": "W", "46": "N", "73": "E", "42": "S", "53": "E", "67": "E", "10": "W", "23": "E", "12": "W"}, {"53": "S", "23": "E", "70": "E", "12": "S", "32": "E", "60": "S", "72": "E", "42": "W", "63": "E", "46": "N", "8": "N", "10": "W", "4": "S", "64": "N", "39": "N", "65": "E", "3": "N", "79": "N"}, {"3": "N", "39": "W", "68": "W", "23": "S", "8": "N", "64": "E", "79": "N", "12": "S", "53": "S", "63": "N", "10": "S", "6": "N", "42": "W", "32": "E", "46": "E"}, {"46": "N", "30": "E", "42": "N", "3": "N", "10": "S", "63": "N", "53": "S", "64": "E", "39": "W", "6": "W", "32": "E", "79": "N"}, {"53": "S", "6": "W", "79": "N", "3": "N", "39": "W", "32": "N", "64": "N", "42": "N", "30": "E", "60": "S", "10": "S", "63": "W"}, {"42": "N", "53": "S", "6": "N", "10": "S", "60": "E", "79": "N", "3": "N", "64": "N", "63": "W", "32": "N", "4": "S", "39": "W", "30": "N"}, {"79": "N", "63": "W", "6": "N", "42": "N", "32": "N", "60": "S", "10": "S", "53": "S", "4": "S", "3": "N", "30": "N", "64": "N"}, {"63": "N", "32": "W", "79": "N", "53": "S", "10": "S", "6": "N", "30": "N", "64": "N", "42": "N", "60": "S", "3": "N"}, {"32": "W", "53": "S", "42": "N", "63": "W", "6": "N", "3": "E", "79": "E", "10": "S", "30": "N"}, {"3": "N", "42": "N", "10": "S", "6": "N", "30": "N", "53": "W", "32": "W", "63": "W"}, {"42": "N", "6": "N", "10": "E", "30": "N", "63": "W", "32": "N", "3": "N"}, {"32": "W", "3": "N", "6": "N", "42": "N", "30": "N", "10": "S"}, {"46": "E", "32": "N", "6": "N", "42": "N", "21": "E", "12": "S", "3": "N"}, {"21": "S", "42": "E", "23": "S", "3": "N", "32": "N", "48": "N", "46": "N"}, {"42": "N", "23": "W", "46": "N", "21": "S", "32": "N", "3": "N", "73": "N"}, {"32": "N", "21": "W", "46": "W", "23": "S"}, {"23": "S", "48": "E", "12": "S", "46": "N", "21": "W", "32": "W"}, {"72": "W", "73": "N", "32": "N", "48": "E", "23": "S"}, {"23": "S", "72": "W", "78": "E", "28": "N", "32": "N", "48": "E"}, {"23": "S", "12": "E", "21": "N", "72": "W", "48": "E"}, {"23": "S", "72": "S", "48": "N"}, {"48": "W", "72": "S", "21": "S", "63": "N", "65": "W", "73": "E"}, {"48": "W", "72": "S", "78": "N", "28": "N", "73": "S", "65": "S", "63": "W", "21": "S"}, {"72": "S", "73": "S", "21": "W", "63": "W", "48": "W", "65": "S"}, {"63": "W", "21": "W", "73": "W"}, {"48": "S", "63": "W", "73": "W", "21": "E", "70": "N", "72": "E"}, {"70": "E", "73": "N", "21": "E"}, {"48": "N", "72": "E", "21": "N", "78": "S", "67": "S", "70": "W"}, {"72": "E", "70": "S", "48": "W"}, {"67": "E", "12": "E", "72": "E", "65": "E", "48": "W", "68": "E"}, {"48": "W", "70": "S", "72": "E", "68": "S", "67": "E"}, {"68": "S", "72": "E", "48": "N", "67": "E", "70": "E"}, {"70": "E", "48": "N", "72": "S", "67": "E", "68": "S"}, {"48": "N", "67": "N", "68": "E", "72": "S", "70": "E"}, {"48": "E", "68": "S", "67": "N", "72": "E"}, {"70": "E", "48": "N", "68": "S", "67": "N"}, {"48": "E", "68": "S", "70": "S", "67": "N"}, {"48": "E", "70": "S", "67": "W"}, {"48": "S", "67": "W", "70": "S"}, {"70": "S", "48": "S"}, {"28": "W", "67": "W", "70": "S", "65": "W", "48": "W", "21": "S"}, {"65": "W", "67": "N", "21": "W", "73": "N", "28": "N", "70": "S"}, {"21": "W", "28": "N", "65": "W", "78": "W", "73": "W", "67": "W"}, {"67": "N", "78": "S", "28": "N", "73": "W", "65": "S", "21": "W"}, {"67": "N", "78": "S", "65": "S", "28": "N", "73": "W"}, {"28": "W", "73": "W", "78": "W", "67": "N"}, {"28": "N", "78": "W", "73": "W", "67": "N"}, {"73": "W", "67": "N", "28": "N"}, {"73": "N", "28": "E", "67": "N"}, {"73": "N", "28": "N", "67": "N"}, {"73": "W", "67": "N"}, {"73": "W"}, {"78": "E", "73": "N"}, {"78": "E", "73": "N"}, {"78": "N"}, {"65": "W", "78": "N"}, {"21": "N", "78": "N", "65": "S"}, {"21": "N", "78": "W", "65": "S"}, {"78": "W", "21": "E", "65": "E"}, {"78": "W", "65": "E"}, {"21": "N", "78": "W", "65": "E"}, {"65": "E"}, {"65": "S"}], "result": "SUCCESS", "makespan": 104, "sum": 1324, "algo_name": "BFS_0"}