{"instance": "small_free_004_20x20_20_80", "steps": [{"21": "W", "14": "E", "79": "E", "73": "W", "57": "E", "43": "E", "55": "N", "1": "E", "26": "E", "12": "E", "54": "E", "48": "E", "58": "E", "46": "E", "13": "W", "50": "W", "77": "W", "53": "W", "5": "E", "38": "E", "42": "W", "52": "W", "28": "W", "17": "E", "34": "W", "62": "W", "8": "E", "36": "W", "71": "E", "22": "W", "11": "W", "31": "N", "30": "E", "39": "W", "74": "E", "61": "E", "69": "E", "40": "W", "0": "E", "15": "E", "67": "E", "24": "W", "20": "W", "49": "E", "63": "W", "37": "E", "9": "S", "78": "W", "75": "W", "7": "W", "32": "W", "76": "W", "47": "W", "45": "W", "35": "E", "56": "W", "44": "E", "70": "E", "23": "E", "64": "E", "18": "E", "6": "W", "19": "E", "25": "E", "41": "E", "65": "W"}, {"23": "E", "48": "N", "34": "W", "24": "W", "55": "N", "29": "N", "18": "E", "39": "W", "50": "W", "20": "W", "41": "E", "22": "W", "60": "S", "36": "W", "32": "W", "57": "E", "74": "E", "6": "W", "13": "W", "78": "W", "26": "E", "52": "S", "71": "S", "21": "W", "38": "E", "69": "E", "70": "E", "7": "W", "25": "E", "46": "E", "11": "W", "14": "E", "17": "E", "62": "W", "35": "E", "49": "E", "28": "W", "0": "E", "54": "E", "12": "E", "8": "E", "44": "E", "1": "E", "51": "N", "9": "S", "67": "E", "73": "W", "47": "W", "64": "E", "63": "W", "75": "W", "65": "W", "79": "E", "15": "E", "40": "W"}, {"38": "E", "44": "E", "34": "W", "12": "E", "78": "W", "47": "W", "54": "E", "8": "E", "40": "W", "63": "W", "22": "W", "71": "S", "28": "W", "21": "W", "29": "N", "23": "E", "67": "E", "35": "E", "51": "N", "50": "N", "62": "W", "57": "E", "18": "E", "17": "E", "25": "E", "55": "N", "41": "E", "14": "E", "73": "W", "2": "W", "46": "E", "15": "E", "26": "E", "65": "W", "74": "E", "56": "W", "75": "W", "79": "E", "69": "E", "13": "W", "52": "S"}, {"23": "E", "6": "W", "41": "E", "8": "E", "52": "S", "26": "E", "50": "N", "67": "E", "57": "E", "62": "S", "63": "W", "56": "W", "38": "E", "45": "W", "15": "E", "21": "W", "74": "E", "31": "N", "40": "W", "34": "W", "51": "N", "69": "E", "35": "E", "65": "W", "0": "N", "75": "N", "2": "W", "18": "E", "28": "W", "17": "E", "22": "W", "14": "E", "71": "S"}, {"31": "N", "8": "E", "52": "S", "22": "S", "40": "S", "56": "W", "29": "N", "28": "W", "65": "W", "17": "S", "57": "E", "68": "E", "71": "S", "46": "E", "26": "E", "74": "E", "69": "E", "2": "W", "45": "W", "67": "E", "38": "E", "6": "W", "62": "S", "18": "E", "15": "E"}, {"57": "E", "2": "W", "69": "E", "56": "W", "22": "S", "15": "E", "26": "E", "45": "W", "74": "E", "28": "W", "8": "E", "62": "S", "67": "E", "37": "E", "0": "N", "52": "S", "40": "S"}, {"59": "S", "28": "W", "30": "N", "8": "E", "15": "E", "49": "W", "34": "S", "14": "E", "69": "E", "12": "W", "63": "N", "62": "W", "72": "S", "2": "W", "57": "E", "18": "N", "20": "S", "23": "N", "76": "S", "68": "S", "37": "S", "61": "S", "67": "E", "77": "E", "24": "W", "56": "W", "78": "N", "58": "N", "31": "E", "4": "S", "73": "E", "6": "N", "38": "S", "45": "W", "0": "N", "32": "W", "26": "N", "22": "S", "74": "E"}, {"64": "E", "4": "W", "16": "W", "31": "N", "59": "E", "55": "N", "73": "N", "33": "E", "38": "E", "62": "S", "46": "E", "67": "E", "26": "N", "49": "N", "68": "E", "30": "E", "76": "W", "58": "E", "65": "W", "12": "S", "25": "E", "10": "E", "7": "W", "2": "W", "14": "N", "70": "E", "0": "N", "63": "W", "69": "N", "34": "W", "56": "W", "66": "E", "23": "E", "18": "E", "8": "E", "45": "W", "78": "W", "37": "E", "1": "E", "28": "W", "15": "N"}, {"68": "E", "35": "N", "73": "N", "7": "W", "58": "E", "65": "W", "32": "W", "67": "E", "48": "N", "31": "N", "38": "E", "37": "E", "59": "E", "30": "E", "76": "W", "74": "N", "13": "N", "54": "E", "23": "E", "26": "N", "69": "N", "24": "W", "0": "N", "18": "E", "34": "S", "14": "N", "22": "S", "46": "E", "62": "S", "33": "S", "12": "S", "72": "E"}, {"18": "E", "23": "E", "76": "W", "62": "E", "7": "W", "79": "E", "12": "E", "6": "W", "24": "S", "14": "N", "52": "S", "65": "W", "45": "S", "59": "S", "68": "E", "15": "N", "38": "E", "26": "N", "30": "E", "74": "N", "37": "E", "36": "N", "73": "W"}, {"68": "E", "28": "W", "14": "W", "38": "E", "62": "S", "2": "E", "42": "N", "60": "W", "6": "E", "78": "N", "47": "S", "36": "N", "65": "S", "24": "S", "9": "S", "52": "E", "66": "N", "5": "W", "48": "N", "43": "S", "4": "S", "12": "E", "32": "E", "23": "S", "10": "S", "63": "W", "56": "W", "26": "N", "7": "W", "35": "E", "39": "N", "31": "N", "18": "E", "69": "N", "67": "W", "79": "E", "76": "W", "59": "S", "30": "E", "16": "W", "0": "N"}, {"0": "N", "38": "S", "10": "E", "36": "N", "47": "W", "78": "W", "56": "W", "43": "E", "15": "N", "69": "N", "79": "E", "8": "E", "39": "W", "2": "S", "62": "S", "23": "S", "52": "S", "53": "W", "68": "E", "42": "W", "58": "E", "18": "E", "3": "E", "1": "E", "27": "N", "14": "N", "61": "E", "76": "W", "13": "N", "28": "N", "7": "S", "49": "N", "4": "W", "60": "S", "26": "N"}, {"30": "E", "58": "E", "61": "S", "68": "E", "53": "W", "76": "W", "47": "W", "60": "S", "67": "N", "23": "S", "69": "N", "33": "S", "43": "E", "52": "S", "21": "W", "12": "S", "49": "E", "42": "W", "48": "N", "10": "E", "26": "N", "4": "S", "7": "S", "74": "N", "3": "E", "62": "S", "63": "W", "79": "E", "0": "N", "1": "E", "9": "S", "36": "N", "64": "E", "38": "S"}, {"79": "E", "1": "E", "58": "E", "20": "W", "62": "S", "0": "N", "3": "E", "6": "N", "7": "S", "73": "W", "38": "S", "12": "E", "42": "N", "31": "W", "47": "S", "32": "N", "76": "W", "53": "W", "4": "S", "69": "N", "9": "S", "28": "W", "60": "S", "43": "E", "23": "S", "30": "E", "67": "N"}, {"31": "N", "62": "S", "0": "N", "1": "E", "76": "W", "23": "S", "9": "S", "7": "S", "56": "W", "29": "N", "42": "N", "38": "S", "60": "S", "3": "E", "28": "N", "47": "S", "30": "N", "53": "S", "58": "E", "43": "E", "4": "S", "79": "E", "69": "N"}, {"76": "N", "52": "W", "0": "N", "53": "S", "9": "S", "1": "N", "62": "S", "42": "N", "23": "S", "3": "E", "58": "E", "79": "E", "47": "S", "38": "S", "49": "E", "7": "S", "4": "S", "60": "S", "30": "N"}, {"23": "S", "53": "S", "8": "S", "49": "E", "58": "E", "41": "N", "73": "E", "0": "N", "76": "N", "4": "S", "62": "S", "32": "N", "20": "S", "9": "S", "56": "N", "13": "W", "3": "E", "1": "N", "22": "W", "52": "S", "25": "E", "46": "E", "14": "E", "24": "W", "72": "S", "65": "W", "66": "N", "79": "N", "30": "N", "21": "S", "42": "N", "39": "W", "29": "N", "60": "S", "38": "S"}, {"79": "N", "54": "E", "42": "N", "4": "S", "70": "S", "57": "E", "24": "S", "2": "S", "49": "N", "59": "S", "58": "E", "22": "S", "53": "S", "73": "N", "47": "S", "65": "S", "0": "N", "72": "E", "3": "E", "9": "S", "20": "W", "52": "S", "60": "S", "23": "S", "29": "E", "62": "S", "69": "N", "56": "W", "41": "E", "10": "E", "67": "E", "30": "N"}, {"22": "S", "30": "N", "39": "W", "62": "S", "73": "N", "58": "N", "56": "W", "10": "E", "77": "N", "46": "E", "3": "E", "59": "S", "28": "N", "68": "E", "41": "E", "9": "S", "2": "W", "23": "S", "72": "E", "69": "N", "4": "S", "79": "N", "65": "S", "20": "W", "49": "N"}, {"9": "S", "41": "E", "59": "S", "46": "E", "23": "S", "79": "N", "54": "E", "21": "W", "12": "E", "65": "E", "30": "N", "56": "W", "20": "W", "28": "N", "22": "E", "58": "N", "10": "S", "3": "E"}, {"56": "N", "79": "N", "53": "S", "54": "E", "3": "E", "46": "E", "57": "S", "58": "E", "28": "N", "20": "W", "41": "E", "21": "W", "23": "S", "59": "S"}, {"58": "E", "5": "S", "59": "S", "66": "N", "39": "S", "3": "E", "44": "N", "79": "N", "25": "N", "28": "W", "29": "E", "37": "S", "20": "W", "60": "E", "7": "W", "46": "E", "23": "S", "21": "W", "61": "W", "10": "S", "77": "E", "64": "N", "42": "W", "54": "S", "67": "E", "78": "N", "73": "N", "53": "S"}, {"60": "E", "39": "W", "47": "S", "54": "S", "22": "S", "79": "N", "48": "W", "42": "N", "33": "W", "46": "E", "58": "E", "23": "S", "7": "S", "4": "S", "32": "W", "20": "W", "61": "W", "28": "N", "64": "E", "59": "S", "29": "N", "3": "E"}, {"79": "N", "46": "E", "64": "E", "60": "S", "58": "E", "29": "N", "20": "W", "23": "S", "54": "S", "61": "S", "25": "E", "3": "E", "7": "S", "4": "S", "32": "W", "59": "S", "22": "S", "42": "N"}, {"58": "E", "7": "E", "54": "S", "4": "S", "68": "S", "20": "W", "79": "N", "59": "S", "2": "W", "61": "S", "32": "W", "25": "E", "42": "N", "3": "E", "60": "S"}, {"42": "N", "32": "N", "60": "S", "1": "W", "39": "S", "24": "W", "4": "S", "29": "E", "63": "N", "20": "W", "3": "W", "7": "S", "68": "E", "48": "E", "61": "E", "12": "E", "27": "S", "44": "W", "33": "S", "79": "W", "64": "E", "6": "E", "54": "S", "57": "W", "59": "S", "58": "E", "73": "W"}, {"20": "S", "60": "W", "1": "N", "12": "S", "59": "E", "42": "N", "7": "S", "58": "S", "3": "N", "44": "N", "32": "N", "25": "E", "14": "N", "6": "E", "28": "E", "72": "E", "24": "S", "29": "N", "63": "W", "39": "W"}, {"79": "N", "14": "N", "66": "W", "5": "E", "63": "W", "59": "S", "39": "W", "2": "E", "44": "N", "6": "E", "3": "N", "60": "S", "42": "N", "1": "N", "68": "E", "24": "S", "32": "N", "7": "S", "29": "N"}, {"14": "N", "60": "S", "3": "E", "32": "N", "39": "W", "24": "E", "59": "S", "22": "S", "66": "W", "6": "N", "12": "S", "29": "W", "1": "E", "79": "N", "42": "N", "37": "S"}, {"14": "N", "37": "S", "6": "N", "3": "E", "42": "N", "29": "W", "64": "E", "79": "N", "28": "E", "5": "E", "32": "N", "10": "S", "25": "E", "12": "S"}, {"32": "N", "42": "N", "6": "N", "24": "E", "66": "N", "37": "S", "64": "E", "68": "E", "53": "S", "25": "E", "3": "N", "79": "N", "29": "N"}, {"61": "S", "72": "N", "28": "N", "53": "W", "64": "E", "32": "N", "68": "E", "41": "W", "79": "N", "10": "W", "37": "S", "24": "S", "25": "E", "29": "N", "6": "W", "3": "W", "48": "W", "44": "S", "39": "N"}, {"61": "E", "3": "N", "64": "E", "79": "N", "5": "E", "16": "W", "6": "W", "41": "N", "25": "E", "29": "N", "68": "E", "22": "S", "37": "S", "27": "W", "24": "S", "11": "S"}, {"79": "N", "64": "N", "37": "S", "29": "N", "27": "W", "3": "N", "78": "E", "33": "S", "24": "S", "66": "N", "68": "E", "41": "N", "8": "E", "61": "E"}, {"66": "N", "33": "E", "37": "S", "27": "N", "61": "S", "64": "N", "68": "S", "3": "N", "25": "E", "41": "E", "29": "N", "79": "N"}, {"68": "S", "46": "N", "44": "S", "33": "S", "22": "S", "37": "S", "65": "W", "53": "W", "64": "N", "72": "W", "79": "N", "73": "E", "48": "S", "66": "E", "29": "W", "25": "N"}, {"25": "N", "68": "E", "79": "E", "57": "E", "29": "N", "46": "E", "73": "S", "66": "E", "6": "W", "48": "E", "13": "N", "64": "N", "37": "S", "11": "W", "65": "S", "53": "S"}, {"11": "S", "61": "S", "46": "N", "73": "S", "25": "N", "44": "E", "68": "S", "33": "S", "66": "E", "53": "S", "48": "E", "3": "N", "37": "S"}, {"3": "N", "66": "N", "73": "W", "11": "W", "46": "N", "22": "S", "65": "S", "61": "S", "68": "S"}, {"27": "W", "48": "N", "11": "W", "5": "W", "61": "W", "33": "S", "22": "S", "73": "W", "28": "N", "67": "N", "57": "E", "66": "N", "6": "N", "3": "N", "63": "W"}, {"61": "W", "33": "S", "44": "E", "65": "E", "13": "N", "3": "E", "27": "N", "41": "E", "28": "W", "2": "W", "57": "S", "6": "W", "11": "W", "5": "W"}, {"61": "S", "5": "N", "65": "S", "11": "W", "28": "N", "63": "W", "6": "W", "27": "N", "44": "E", "3": "N"}, {"16": "N", "57": "E", "63": "W", "61": "S", "53": "S", "73": "E", "25": "W", "27": "E", "2": "S", "11": "W", "41": "E", "3": "N", "78": "N", "67": "N", "28": "N", "39": "E", "5": "N"}, {"5": "E", "57": "N", "41": "N", "11": "W", "73": "N", "27": "E", "39": "N", "6": "W", "28": "E", "2": "W", "44": "S", "53": "S", "61": "E", "16": "W", "25": "N"}, {"16": "W", "6": "N", "28": "N", "61": "E", "25": "N", "39": "N", "53": "S", "3": "N", "63": "W", "11": "W", "27": "E", "57": "E", "48": "W", "5": "N", "2": "W", "77": "W"}, {"2": "S", "5": "N", "16": "W", "77": "W", "11": "W", "6": "W", "61": "S", "39": "W", "44": "S", "70": "S", "63": "W", "25": "E", "53": "S", "3": "N", "12": "S", "57": "E"}, {"3": "N", "5": "E", "11": "N", "2": "S", "16": "W", "67": "E", "70": "E", "25": "N", "77": "W", "6": "W", "44": "S", "61": "S", "57": "S", "53": "S"}, {"16": "W", "70": "E", "12": "S", "57": "S", "44": "E", "41": "N", "11": "W", "25": "N", "53": "S", "6": "W", "61": "S", "2": "S", "3": "N"}, {"61": "S", "57": "W", "2": "S", "11": "N", "70": "E", "16": "N", "25": "N", "44": "E", "53": "S"}, {"53": "S", "2": "W", "70": "E", "44": "S", "61": "S", "77": "W", "57": "S", "16": "N"}, {"2": "S", "70": "S", "77": "N", "57": "W", "16": "N", "61": "S", "53": "S"}, {"8": "S", "5": "W", "10": "E", "53": "S", "61": "S", "2": "S", "57": "W", "65": "S", "77": "W", "70": "S", "67": "E"}, {"63": "N", "77": "N", "70": "S", "67": "N", "72": "S", "61": "S", "2": "S", "78": "W", "10": "E", "5": "N", "57": "W", "53": "E"}, {"13": "E", "57": "S", "72": "S", "53": "E", "5": "N", "67": "N", "2": "W", "77": "N", "10": "S", "12": "S", "70": "S", "78": "W"}, {"10": "S", "78": "N", "5": "E", "72": "S", "77": "N", "70": "S", "67": "W", "57": "S"}, {"5": "N", "78": "W", "67": "N", "57": "S", "70": "S", "10": "S", "72": "E"}, {"67": "N", "10": "S", "72": "S", "5": "N"}, {"67": "N", "73": "E", "5": "N", "8": "S", "10": "S"}, {"65": "S", "10": "W", "78": "W", "8": "E", "67": "N"}, {"67": "N", "78": "S", "10": "S", "8": "E", "65": "S"}, {"8": "E", "48": "W", "65": "S", "78": "W", "67": "N"}, {"8": "E", "48": "N", "67": "N", "65": "S"}, {"48": "N", "8": "E", "67": "N"}, {"46": "W", "48": "N", "72": "E", "77": "E", "6": "N", "8": "N"}, {"77": "N", "6": "W", "46": "N", "8": "N", "48": "E", "72": "E", "73": "N", "68": "S"}, {"48": "N", "6": "W", "72": "E", "46": "N", "77": "E", "73": "N"}, {"77": "N", "6": "W", "46": "E", "48": "N", "73": "W"}, {"46": "E", "77": "N", "73": "W", "6": "W"}, {"73": "W", "46": "N", "6": "W", "77": "W"}, {"46": "N", "6": "W", "77": "W", "73": "W"}, {"6": "N", "73": "W", "46": "N", "77": "N"}, {"46": "N", "77": "N", "73": "N"}, {"73": "W"}, {"63": "E", "73": "W", "8": "S"}, {"63": "N", "8": "E", "72": "S", "73": "W"}, {"8": "E", "73": "W", "72": "S", "63": "N"}, {"73": "W", "63": "W", "8": "N", "72": "W"}, {"72": "S", "8": "N", "63": "W", "73": "N"}, {"63": "W", "72": "W", "8": "N", "73": "N"}, {"8": "N", "72": "S", "63": "W"}, {"8": "W", "72": "S"}, {"72": "E", "8": "N"}, {"8": "N"}, {"8": "N"}], "result": "SUCCESS", "makespan": 84, "sum": 1294, "algo_name": "BFS_7"}