{"instance": "small_free_004_20x20_20_80", "steps": [{"63": "W", "47": "W", "24": "W", "36": "W", "5": "E", "50": "W", "18": "E", "64": "E", "20": "W", "75": "W", "25": "E", "76": "W", "73": "W", "55": "N", "38": "E", "6": "W", "70": "E", "11": "W", "32": "W", "69": "E", "68": "E", "37": "E", "79": "E", "42": "W", "52": "W", "0": "E", "13": "W", "53": "W", "15": "E", "12": "E", "45": "W", "62": "W", "58": "E", "40": "W", "57": "E", "56": "W", "9": "S", "71": "E", "28": "W", "17": "E", "30": "E", "34": "W", "77": "W", "65": "W", "19": "E", "67": "E", "74": "E", "43": "E", "48": "E", "21": "W", "14": "E", "26": "E", "35": "E", "8": "E", "61": "E", "54": "E", "7": "W", "78": "W", "39": "W", "22": "W", "23": "E", "41": "E", "49": "E", "44": "E", "46": "E", "1": "E"}, {"20": "W", "48": "N", "36": "W", "28": "W", "46": "E", "17": "E", "75": "W", "52": "S", "11": "W", "67": "E", "14": "E", "15": "E", "13": "W", "65": "W", "44": "E", "70": "E", "40": "W", "73": "W", "32": "W", "12": "E", "29": "N", "7": "W", "64": "E", "55": "N", "23": "E", "63": "W", "18": "E", "62": "W", "35": "E", "37": "E", "71": "S", "26": "E", "9": "S", "34": "W", "25": "E", "27": "N", "38": "E", "78": "W", "30": "E", "69": "E", "50": "W", "47": "W", "79": "E", "41": "E", "0": "E", "54": "E", "21": "W", "22": "W", "24": "W", "49": "E", "1": "E", "51": "N", "8": "E", "6": "W", "57": "E", "74": "E"}, {"56": "W", "62": "W", "59": "E", "17": "E", "11": "W", "12": "E", "50": "N", "1": "E", "64": "E", "35": "E", "2": "W", "57": "E", "54": "E", "55": "N", "29": "N", "65": "W", "26": "E", "52": "S", "67": "E", "8": "E", "38": "E", "9": "S", "25": "E", "40": "W", "22": "W", "13": "W", "28": "W", "41": "E", "71": "S", "21": "W", "18": "E", "34": "W", "69": "E", "10": "E", "79": "E", "51": "N", "46": "E", "75": "W", "63": "W", "74": "E", "14": "E", "15": "E", "73": "W", "23": "E"}, {"0": "N", "25": "E", "48": "N", "26": "E", "52": "S", "34": "W", "62": "S", "51": "N", "8": "E", "38": "E", "56": "W", "41": "E", "21": "W", "55": "N", "22": "W", "17": "E", "15": "E", "20": "W", "75": "N", "9": "S", "35": "E", "50": "N", "74": "E", "14": "E", "69": "E", "40": "W", "18": "E", "6": "W", "57": "E", "67": "E", "45": "W", "63": "W", "2": "W", "71": "S", "28": "W", "65": "W"}, {"8": "E", "2": "W", "67": "E", "59": "E", "45": "W", "26": "E", "10": "E", "57": "E", "15": "E", "48": "N", "40": "S", "46": "E", "65": "W", "62": "S", "71": "S", "17": "S", "79": "E", "69": "E", "28": "W", "29": "N", "38": "E", "47": "W", "6": "W", "54": "E", "18": "E", "22": "S", "74": "E", "56": "W"}, {"6": "W", "0": "N", "9": "S", "74": "E", "57": "E", "18": "E", "15": "E", "26": "E", "28": "W", "8": "E", "67": "E", "45": "W", "40": "S", "59": "E", "56": "W", "2": "W", "48": "N", "69": "E"}, {"43": "S", "0": "N", "69": "E", "59": "S", "12": "W", "57": "E", "45": "W", "70": "S", "33": "S", "79": "N", "6": "E", "56": "W", "1": "N", "8": "E", "25": "N", "14": "E", "18": "E", "47": "S", "26": "N", "9": "S", "67": "E", "44": "S", "52": "W", "29": "E", "74": "E", "68": "N", "4": "S", "62": "W", "42": "N", "15": "E", "2": "W", "21": "S", "46": "W", "10": "E", "20": "E", "5": "N", "24": "W"}, {"78": "W", "73": "W", "74": "N", "45": "W", "22": "S", "3": "E", "76": "W", "9": "S", "12": "S", "54": "E", "7": "W", "0": "N", "18": "E", "34": "W", "46": "N", "62": "S", "15": "N", "11": "W", "53": "W", "2": "W", "26": "N", "1": "E", "10": "E", "48": "N", "42": "W", "61": "E", "44": "E", "5": "E", "69": "N", "47": "W", "43": "E", "35": "E", "14": "N", "67": "E", "56": "W", "20": "S", "70": "E", "25": "E"}, {"15": "N", "43": "E", "73": "W", "5": "N", "3": "E", "12": "S", "70": "E", "0": "N", "62": "S", "42": "W", "9": "S", "24": "W", "20": "S", "69": "N", "26": "N", "59": "S", "74": "N", "57": "E", "34": "S", "22": "S", "46": "N", "2": "S", "44": "E", "76": "W", "14": "N", "1": "E", "53": "W", "47": "W", "18": "N"}, {"76": "W", "36": "N", "43": "E", "62": "E", "0": "N", "73": "W", "53": "W", "42": "N", "68": "E", "54": "E", "24": "S", "9": "S", "18": "E", "47": "S", "12": "E", "1": "E", "14": "N", "26": "N", "22": "S", "34": "S", "2": "W", "69": "N", "74": "N", "3": "E", "20": "W"}, {"56": "W", "76": "W", "9": "S", "53": "S", "62": "S", "18": "E", "24": "S", "69": "N", "10": "E", "42": "N", "47": "S", "3": "E", "36": "N", "26": "N", "20": "W", "54": "E", "1": "E", "43": "E", "2": "W", "14": "N"}, {"13": "W", "1": "N", "9": "S", "24": "S", "6": "E", "27": "S", "68": "E", "5": "N", "20": "N", "26": "N", "64": "W", "36": "N", "70": "W", "61": "W", "47": "S", "4": "S", "21": "W", "54": "S", "41": "N", "2": "W", "7": "N", "16": "N", "14": "W", "62": "S", "3": "E", "60": "W", "32": "N", "29": "N", "39": "N", "73": "N", "76": "W", "46": "W", "53": "S", "77": "N", "42": "N"}, {"32": "W", "30": "E", "47": "S", "12": "E", "46": "N", "35": "N", "24": "S", "6": "N", "66": "E", "58": "E", "54": "S", "42": "N", "16": "W", "41": "E", "4": "W", "28": "N", "53": "S", "77": "W", "37": "E", "67": "W", "61": "S", "20": "W", "26": "N", "13": "N", "1": "N", "36": "N", "72": "E", "64": "N", "27": "W", "62": "S", "76": "W", "8": "E", "11": "W", "7": "W", "69": "N"}, {"47": "S", "13": "N", "52": "S", "62": "S", "44": "E", "7": "W", "64": "N", "2": "W", "42": "N", "24": "S", "76": "W", "27": "W", "60": "S", "41": "E", "67": "N", "1": "N", "15": "N", "21": "W", "54": "S", "6": "N", "20": "W", "46": "N", "77": "W", "69": "N", "32": "W", "16": "W", "61": "S"}, {"39": "W", "48": "N", "7": "S", "42": "W", "41": "E", "62": "S", "27": "N", "20": "W", "2": "S", "24": "S", "12": "S", "60": "S", "72": "E", "32": "W", "64": "E", "54": "S", "6": "W", "44": "E", "76": "W"}, {"23": "S", "21": "N", "46": "N", "11": "E", "32": "W", "72": "S", "16": "W", "61": "S", "7": "S", "28": "W", "52": "S", "76": "N", "12": "E", "59": "E", "49": "N", "3": "N", "31": "W", "2": "S", "69": "N", "8": "N", "44": "E", "20": "W", "54": "S", "42": "N", "41": "E", "37": "E", "60": "S"}, {"28": "W", "12": "E", "42": "N", "60": "S", "23": "E", "31": "N", "77": "W", "44": "S", "8": "E", "72": "E", "66": "E", "20": "W", "14": "N", "7": "S", "46": "E", "3": "E", "4": "W", "73": "W", "69": "N"}, {"42": "N", "27": "N", "6": "E", "13": "W", "7": "S", "3": "E", "5": "N", "72": "E", "58": "N", "10": "W", "14": "N", "30": "N", "64": "N", "49": "N", "23": "E", "44": "S", "32": "N", "24": "S", "67": "E", "60": "S", "66": "W", "73": "W", "63": "N", "31": "N", "20": "W", "46": "E", "48": "E", "68": "W"}, {"73": "W", "56": "W", "48": "E", "21": "S", "32": "N", "63": "N", "23": "E", "3": "E", "29": "E", "52": "E", "31": "N", "13": "N", "2": "S", "60": "S", "57": "S", "12": "E", "30": "E", "53": "S", "42": "N", "7": "S", "61": "E", "58": "E"}, {"58": "E", "30": "E", "29": "N", "8": "E", "73": "W", "23": "E", "7": "S", "33": "S", "32": "N", "42": "N", "13": "N", "46": "E", "4": "S", "60": "S", "70": "S", "57": "S", "3": "E"}, {"27": "E", "73": "W", "67": "N", "23": "W", "14": "N", "7": "S", "25": "W", "3": "E", "46": "E", "58": "E", "62": "N", "57": "S", "30": "E", "59": "E", "48": "W", "32": "N", "2": "W", "52": "W", "79": "N", "4": "S", "66": "N", "60": "S", "77": "W", "64": "N", "42": "N", "41": "W", "13": "E", "70": "E", "5": "N"}, {"2": "W", "5": "E", "12": "S", "63": "W", "13": "E", "58": "E", "20": "W", "48": "W", "64": "E", "11": "W", "78": "W", "69": "N", "41": "N", "79": "E", "42": "N", "4": "S", "30": "E", "73": "W", "21": "W", "77": "N", "37": "E", "66": "N", "62": "W", "7": "S", "24": "S", "23": "S", "59": "S", "25": "N", "46": "E", "8": "E", "60": "S", "32": "N", "52": "W", "3": "E"}, {"6": "N", "23": "S", "67": "E", "4": "S", "25": "N", "5": "N", "60": "S", "3": "E", "21": "W", "59": "S", "2": "S", "41": "N", "29": "N", "32": "N", "30": "N", "66": "E", "0": "N", "73": "W", "57": "S", "7": "W", "77": "N", "78": "W", "11": "W", "28": "N", "58": "E", "42": "N", "64": "E", "79": "E", "20": "W"}, {"28": "N", "41": "E", "7": "S", "32": "N", "78": "W", "3": "E", "77": "E", "25": "E", "60": "S", "66": "N", "79": "E", "64": "E", "20": "S", "73": "N", "16": "W", "70": "E", "2": "S", "11": "W", "4": "S", "57": "S", "5": "N", "59": "W", "42": "N"}, {"4": "S", "73": "N", "3": "E", "32": "N", "28": "N", "66": "N", "16": "W", "8": "E", "11": "W", "20": "S", "78": "W", "37": "S", "58": "E", "7": "S", "77": "N", "2": "S", "60": "E", "57": "S", "5": "N", "70": "E", "64": "E", "79": "E"}, {"4": "S", "8": "E", "3": "N", "60": "S", "2": "S", "16": "W", "79": "E", "28": "N", "73": "N", "67": "E", "7": "S", "48": "N", "64": "E", "78": "W", "57": "S", "70": "E", "66": "N"}, {"3": "N", "16": "W", "66": "N", "4": "S", "70": "S", "64": "E", "78": "W", "73": "N", "41": "E", "79": "E", "8": "E", "28": "N", "2": "S", "60": "S"}, {"3": "N", "59": "W", "6": "S", "8": "E", "46": "W", "33": "E", "66": "N", "14": "N", "64": "E", "41": "N", "73": "N", "37": "W", "16": "W", "78": "N", "70": "S", "2": "S", "28": "N", "65": "E", "11": "W", "27": "E", "53": "E", "30": "W", "4": "S", "29": "N", "79": "N", "31": "W"}, {"48": "N", "6": "W", "8": "N", "11": "W", "27": "N", "2": "E", "64": "E", "3": "N", "31": "N", "78": "N", "59": "W", "23": "S", "46": "N", "38": "E", "53": "E", "28": "N", "65": "S", "70": "S", "79": "N", "67": "N", "61": "S", "33": "E", "68": "W", "77": "N", "16": "N", "66": "N", "56": "N", "30": "N"}, {"59": "S", "37": "S", "10": "S", "77": "N", "28": "N", "8": "E", "70": "S", "68": "S", "53": "S", "78": "N", "45": "S", "33": "S", "16": "N", "3": "N", "46": "N", "64": "N", "23": "S", "11": "W", "6": "W", "38": "E", "67": "N", "31": "N", "79": "N", "30": "N"}, {"8": "N", "6": "W", "37": "S", "68": "S", "53": "S", "56": "W", "77": "N", "41": "E", "3": "N", "31": "E", "30": "E", "25": "E", "23": "S", "38": "E", "79": "N", "78": "N", "59": "S", "70": "S", "16": "N", "11": "W", "46": "N"}, {"37": "S", "6": "W", "68": "E", "77": "N", "59": "S", "25": "E", "31": "E", "79": "N", "53": "S", "67": "N", "38": "E", "30": "N", "41": "N", "8": "N", "70": "S"}, {"53": "W", "77": "N", "68": "E", "30": "N", "6": "W", "37": "S", "25": "E", "38": "S", "59": "S", "31": "N"}, {"73": "S", "59": "S", "52": "E", "28": "E", "79": "W", "10": "W", "77": "N", "37": "S", "38": "E", "31": "N", "53": "S", "46": "N", "30": "N", "25": "E", "6": "W", "63": "E", "4": "S"}, {"48": "N", "28": "N", "8": "N", "68": "E", "37": "S", "25": "E", "6": "N", "79": "N", "73": "W", "65": "S", "59": "S", "53": "S", "10": "S", "0": "N", "67": "N", "46": "E"}, {"46": "N", "6": "W", "4": "S", "25": "E", "68": "E", "79": "N", "10": "S", "59": "S", "73": "W", "28": "N", "29": "W", "53": "S"}, {"53": "S", "73": "N", "68": "E", "6": "W", "59": "S", "63": "N", "29": "N", "46": "E", "25": "E", "10": "E", "28": "W"}, {"73": "N", "29": "N", "59": "S", "6": "W", "28": "W", "25": "N", "68": "E", "46": "E", "53": "S", "63": "N", "10": "S"}, {"53": "S", "68": "E", "59": "E", "73": "E", "10": "S", "25": "N", "63": "W", "29": "N", "6": "W"}, {"29": "N", "46": "E", "10": "S", "67": "N", "53": "S", "59": "S", "25": "N", "3": "E", "37": "S", "6": "W", "62": "E", "73": "N", "58": "N", "56": "E", "79": "W", "63": "W"}, {"58": "E", "46": "E", "10": "S", "6": "W", "79": "N", "53": "W", "73": "E", "23": "S", "0": "N", "56": "E", "25": "E", "29": "N", "63": "N", "3": "E"}, {"10": "S", "3": "N", "25": "N", "23": "E", "56": "N", "38": "S", "63": "W", "73": "N", "79": "N", "53": "S", "6": "W", "46": "E", "58": "E", "65": "E", "29": "N"}, {"65": "S", "58": "N", "46": "E", "63": "W", "56": "N", "29": "N", "79": "E", "6": "N", "3": "N", "10": "S", "38": "S", "37": "E", "25": "N", "23": "S", "49": "E", "62": "E", "53": "S"}, {"56": "W", "23": "S", "25": "N", "49": "E", "29": "W", "6": "N", "58": "E", "10": "S", "46": "E", "53": "S", "38": "S", "3": "W", "37": "S", "79": "N", "65": "S", "63": "W", "72": "E"}, {"29": "N", "3": "N", "10": "E", "23": "S", "79": "N", "65": "W", "38": "S", "56": "W", "37": "S", "52": "N", "6": "N", "53": "S", "46": "E"}, {"23": "S", "65": "W", "53": "S", "37": "S", "3": "N", "6": "N", "38": "S", "46": "S", "79": "N", "56": "W"}, {"65": "S", "56": "W", "23": "S", "6": "N", "37": "S", "3": "N", "38": "S", "79": "N"}, {"65": "W", "3": "N", "23": "S", "38": "W", "56": "W", "79": "N", "6": "N"}, {"79": "N", "3": "N", "65": "W", "56": "S"}, {"3": "N", "58": "N", "39": "E", "65": "W", "63": "E", "61": "S", "62": "N", "79": "E", "72": "E", "52": "E", "22": "W"}, {"39": "N", "79": "N", "22": "S", "58": "E", "65": "S", "61": "E", "62": "E", "49": "N"}, {"39": "N", "65": "S", "61": "S", "72": "E", "52": "E", "22": "S", "49": "N", "58": "E", "62": "E"}, {"22": "E", "65": "S", "61": "S", "72": "S", "58": "E", "39": "W", "62": "S"}, {"65": "S", "72": "S", "22": "S", "61": "S", "58": "E", "62": "S", "52": "E"}, {"22": "S", "62": "W", "58": "E", "61": "S", "65": "S", "72": "W", "52": "S"}, {"72": "W", "65": "S", "22": "S", "62": "S", "61": "S", "52": "S"}, {"62": "W", "52": "W", "61": "S", "72": "S", "22": "S"}, {"52": "W", "72": "S", "62": "S", "22": "S", "61": "S"}, {"72": "S", "22": "S", "62": "W", "52": "S", "61": "S"}, {"52": "S", "22": "S", "61": "S", "72": "S", "62": "S"}, {"52": "S", "61": "S", "72": "S", "62": "S"}, {"72": "S", "61": "S", "39": "E", "62": "S", "58": "W", "12": "W", "52": "S", "63": "W"}, {"39": "S", "58": "S", "72": "S", "61": "S", "12": "W"}, {"58": "S", "12": "S", "39": "S", "72": "E", "61": "S"}, {"12": "S", "39": "W", "58": "E"}, {"12": "S", "39": "W"}, {"39": "W", "12": "E", "67": "W"}, {"67": "W", "63": "S", "12": "E", "39": "W"}, {"67": "N", "63": "W", "12": "S"}, {"63": "W", "67": "N", "12": "S"}, {"63": "W", "67": "N", "39": "N"}, {"63": "W", "39": "W", "67": "N"}, {"67": "E", "39": "W", "63": "W"}, {"39": "W", "67": "E", "63": "W"}, {"67": "E", "63": "W", "39": "W"}, {"63": "W", "67": "N"}, {"63": "N", "0": "E", "67": "N"}, {"67": "N", "14": "E", "0": "E"}, {"0": "N"}, {"0": "N"}, {"0": "W"}, {"33": "N"}, {"33": "W", "68": "S", "0": "W"}, {"33": "W", "0": "N", "68": "E"}, {"33": "S", "0": "N", "68": "E"}, {"33": "S", "68": "E"}, {"68": "E", "33": "E"}, {"33": "S", "68": "S"}, {"68": "E", "33": "S"}, {"68": "E", "33": "S"}, {"68": "S", "33": "S"}, {"68": "E"}, {"68": "S"}, {"68": "S"}, {"68": "S"}], "result": "SUCCESS", "makespan": 95, "sum": 1282, "algo_name": "BFS_4"}