{"instance": "small_free_004_20x20_20_80", "steps": [{"64": "E", "67": "E", "76": "W", "36": "W", "32": "W", "25": "E", "58": "E", "44": "E", "70": "E", "18": "E", "12": "E", "74": "E", "69": "E", "19": "E", "49": "E", "1": "E", "78": "W", "42": "W", "79": "E", "0": "E", "37": "E", "65": "W", "2": "W", "31": "N", "77": "W", "48": "E", "24": "W", "5": "E", "20": "W", "26": "E", "9": "S", "28": "W", "73": "W", "50": "W", "21": "W", "7": "W", "43": "E", "52": "W", "47": "W", "8": "E", "23": "E", "63": "W", "53": "W", "62": "W", "40": "W", "30": "E", "46": "E", "6": "W", "17": "E", "11": "W", "35": "E", "39": "W", "22": "W", "54": "E", "57": "E", "61": "E", "41": "E", "71": "E", "13": "W", "34": "W", "38": "E", "15": "E", "14": "E", "45": "W", "75": "W"}, {"34": "W", "30": "E", "40": "W", "0": "E", "11": "W", "75": "W", "60": "S", "8": "E", "47": "W", "62": "W", "2": "W", "28": "W", "26": "E", "9": "S", "36": "W", "38": "E", "79": "E", "50": "W", "46": "E", "32": "W", "17": "E", "45": "W", "13": "W", "52": "S", "49": "E", "20": "W", "35": "E", "6": "W", "74": "E", "57": "E", "51": "N", "41": "E", "44": "E", "48": "N", "15": "E", "67": "E", "14": "E", "56": "W", "1": "E", "73": "W", "25": "E", "22": "W", "71": "S", "64": "E", "69": "E", "21": "W", "7": "W", "54": "E", "24": "W", "76": "W", "29": "N", "18": "E", "65": "W", "12": "E", "78": "W", "23": "E", "63": "W"}, {"24": "W", "78": "W", "38": "E", "15": "E", "46": "E", "44": "E", "75": "W", "74": "E", "63": "W", "22": "W", "29": "N", "51": "N", "40": "W", "41": "E", "34": "W", "13": "W", "52": "S", "28": "W", "9": "S", "56": "W", "67": "E", "8": "E", "73": "W", "69": "E", "57": "E", "64": "E", "23": "E", "17": "E", "18": "E", "26": "E", "14": "E", "55": "N", "79": "E", "35": "E", "62": "W", "21": "W", "25": "E", "50": "N", "54": "E", "71": "S"}, {"6": "W", "38": "E", "51": "N", "69": "E", "54": "E", "55": "N", "56": "W", "20": "W", "52": "S", "71": "S", "15": "E", "65": "W", "74": "E", "8": "E", "23": "E", "62": "S", "31": "N", "67": "E", "63": "W", "41": "E", "35": "E", "17": "E", "40": "W", "0": "N", "25": "E", "9": "S", "21": "W", "2": "W", "22": "W", "26": "E", "14": "E", "57": "E", "50": "N", "28": "W", "18": "E", "34": "W", "75": "N"}, {"56": "W", "71": "S", "34": "W", "68": "E", "17": "S", "45": "W", "6": "W", "37": "E", "18": "E", "47": "W", "38": "E", "29": "N", "26": "E", "69": "E", "22": "S", "2": "W", "15": "E", "31": "N", "40": "S", "57": "E", "67": "E", "65": "W", "28": "W", "74": "E", "8": "E", "62": "S"}, {"56": "W", "40": "S", "28": "W", "34": "S", "18": "E", "67": "E", "9": "S", "15": "E", "26": "E", "0": "N", "38": "E", "45": "W", "2": "W", "74": "E", "69": "E", "8": "E", "57": "E", "62": "S"}, {"1": "N", "55": "W", "46": "E", "7": "S", "0": "N", "14": "E", "67": "E", "26": "N", "32": "N", "77": "E", "73": "E", "74": "E", "15": "E", "16": "N", "39": "E", "18": "E", "69": "E", "5": "N", "9": "S", "41": "N", "8": "E", "56": "W", "35": "N", "30": "E", "57": "E", "25": "N", "28": "W", "58": "N", "13": "N", "2": "W", "45": "W", "33": "S", "38": "W", "66": "E", "62": "S", "43": "S", "65": "W", "12": "S"}, {"58": "E", "25": "E", "23": "W", "4": "W", "76": "N", "35": "E", "45": "W", "43": "E", "26": "N", "18": "E", "74": "N", "16": "W", "8": "E", "9": "S", "63": "W", "68": "E", "37": "E", "28": "W", "7": "W", "38": "S", "34": "S", "73": "N", "64": "E", "22": "S", "24": "W", "15": "N", "39": "N", "32": "W", "67": "E", "1": "E", "60": "W", "78": "W", "41": "E", "48": "E", "72": "E", "14": "N", "0": "N", "56": "W", "20": "W", "53": "W", "46": "E"}, {"45": "S", "72": "E", "53": "W", "7": "W", "76": "W", "67": "E", "58": "E", "46": "E", "79": "E", "69": "N", "78": "W", "14": "N", "70": "E", "1": "E", "48": "N", "27": "N", "41": "E", "43": "E", "32": "W", "22": "S", "9": "S", "68": "E", "13": "N", "36": "N", "26": "N", "28": "W", "39": "N", "30": "E", "15": "N", "0": "N"}, {"57": "E", "32": "W", "74": "N", "64": "E", "37": "E", "56": "W", "15": "N", "9": "S", "27": "N", "7": "W", "46": "E", "26": "N", "36": "N", "0": "N", "59": "E", "1": "E", "58": "E", "48": "N", "14": "N", "79": "E", "43": "E", "30": "E", "68": "E", "22": "S", "53": "W", "41": "E"}, {"68": "E", "64": "E", "14": "N", "9": "S", "53": "S", "57": "S", "43": "E", "38": "S", "7": "S", "37": "E", "58": "E", "78": "W", "73": "N", "41": "E", "30": "E", "60": "S", "76": "W", "1": "E", "36": "N", "26": "N", "77": "N"}, {"21": "W", "66": "E", "69": "N", "52": "S", "28": "E", "41": "W", "1": "E", "62": "W", "78": "W", "70": "S", "26": "N", "0": "N", "60": "S", "9": "S", "46": "N", "77": "W", "53": "W", "30": "E", "8": "E", "42": "N", "29": "E", "76": "W", "25": "E", "37": "S", "6": "N", "7": "S", "65": "N", "33": "W", "36": "N", "59": "S", "24": "W", "14": "N", "72": "E", "47": "S", "5": "N", "64": "E"}, {"32": "W", "0": "N", "42": "W", "52": "S", "21": "W", "33": "S", "10": "E", "30": "N", "59": "E", "55": "N", "77": "W", "64": "E", "58": "N", "26": "N", "65": "W", "25": "E", "3": "E", "46": "E", "48": "W", "37": "S", "54": "E", "76": "W", "39": "W", "27": "N", "47": "W", "41": "N", "78": "W", "7": "S", "62": "S", "74": "N", "53": "S", "1": "N", "79": "E", "14": "N", "16": "W", "60": "S"}, {"10": "E", "32": "N", "33": "S", "65": "W", "47": "W", "78": "W", "38": "E", "42": "W", "73": "W", "64": "E", "21": "W", "79": "E", "53": "S", "16": "W", "61": "S", "62": "S", "72": "E", "59": "S", "77": "W", "1": "N", "48": "N", "76": "W", "54": "E", "3": "E", "7": "S", "46": "E", "60": "S", "30": "N", "25": "E"}, {"59": "S", "46": "E", "66": "N", "38": "E", "73": "W", "37": "S", "33": "E", "76": "W", "1": "N", "53": "E", "7": "S", "21": "W", "16": "W", "4": "W", "64": "E", "32": "N", "47": "S", "42": "N", "72": "E", "78": "N", "54": "E", "60": "S", "25": "E", "79": "E", "69": "N", "77": "W", "30": "N"}, {"47": "S", "69": "N", "42": "N", "30": "N", "41": "N", "7": "S", "78": "N", "72": "E", "57": "W", "53": "S", "37": "S", "3": "E", "38": "E", "46": "E", "76": "W", "25": "E", "6": "W", "54": "S", "64": "E", "60": "S", "59": "S", "32": "N", "79": "E", "73": "W", "21": "S", "77": "N"}, {"54": "S", "7": "W", "46": "E", "69": "N", "25": "E", "3": "E", "72": "S", "47": "S", "30": "N", "79": "E", "16": "W", "59": "S", "41": "E", "62": "E", "78": "N", "64": "N", "73": "W", "38": "E", "60": "S"}, {"41": "E", "12": "S", "38": "S", "53": "S", "37": "W", "3": "E", "7": "S", "64": "N", "6": "N", "72": "S", "30": "N", "60": "S", "13": "N", "14": "W", "68": "S", "16": "W", "18": "N", "39": "N", "69": "N", "61": "S", "54": "S", "59": "S", "55": "E", "42": "N", "58": "N", "23": "W", "78": "N", "48": "E", "33": "W", "22": "W", "4": "S", "79": "N", "25": "E", "46": "E", "73": "W", "62": "S", "31": "S", "20": "W"}, {"30": "N", "73": "W", "48": "N", "55": "N", "42": "N", "16": "W", "22": "S", "13": "N", "46": "E", "47": "S", "61": "E", "39": "W", "57": "E", "37": "S", "62": "S", "69": "N", "38": "S", "58": "E", "33": "S", "70": "E", "68": "E", "10": "E", "77": "N", "64": "N", "7": "S", "31": "W", "25": "E", "18": "E", "59": "S", "79": "N", "3": "E", "23": "S"}, {"16": "W", "59": "S", "23": "S", "22": "S", "48": "N", "73": "W", "61": "S", "46": "E", "4": "S", "77": "N", "64": "N", "14": "N", "54": "S", "7": "S", "25": "N", "79": "N", "66": "N", "31": "W", "37": "S", "20": "W", "18": "E", "3": "E", "58": "E"}, {"64": "N", "77": "N", "20": "S", "73": "W", "59": "S", "16": "N", "79": "N", "5": "E", "61": "S", "66": "N", "4": "S", "6": "W", "3": "E", "23": "E", "25": "N", "37": "E", "46": "N", "58": "E", "54": "S"}, {"3": "E", "25": "N", "77": "N", "59": "S", "20": "W", "58": "E", "79": "N", "5": "N", "46": "N", "23": "E", "12": "E", "70": "S", "66": "N", "16": "N", "73": "W"}, {"37": "W", "61": "S", "79": "N", "32": "E", "63": "E", "23": "E", "73": "W", "28": "E", "4": "W", "58": "E", "70": "E", "16": "N", "53": "S", "46": "W", "68": "E", "25": "W", "20": "W", "49": "E", "3": "E", "66": "N", "12": "E", "59": "S", "52": "W", "6": "N", "62": "W", "5": "E"}, {"22": "E", "6": "W", "5": "N", "69": "N", "44": "S", "41": "E", "52": "W", "63": "N", "58": "E", "62": "S", "53": "W", "23": "E", "37": "S", "56": "W", "46": "N", "3": "E", "59": "S", "20": "W", "73": "W", "79": "N", "33": "E", "25": "N"}, {"8": "N", "12": "S", "3": "E", "59": "E", "63": "N", "46": "N", "49": "E", "22": "S", "6": "W", "53": "S", "70": "E", "25": "N", "52": "S", "5": "N", "37": "S", "73": "N", "58": "E", "31": "N", "62": "S", "41": "N", "67": "E", "77": "N", "23": "E"}, {"73": "N", "25": "E", "31": "N", "29": "N", "53": "S", "37": "E", "3": "E", "49": "N", "6": "W", "59": "S", "58": "E", "5": "N", "22": "S", "52": "S", "23": "S", "46": "E", "8": "E", "20": "W", "12": "E", "41": "N"}, {"25": "N", "23": "S", "5": "N", "20": "W", "22": "S", "6": "W", "46": "N", "58": "E", "3": "E", "53": "S", "52": "E", "70": "E", "37": "S", "31": "E", "59": "S", "73": "N"}, {"52": "E", "6": "W", "70": "E", "12": "S", "8": "E", "5": "N", "33": "W", "3": "N", "31": "N", "24": "E", "66": "E", "37": "S", "23": "W", "25": "N", "20": "W", "28": "E", "46": "N", "29": "E", "53": "S", "58": "E", "65": "N", "44": "E", "14": "S", "22": "S"}, {"39": "W", "8": "E", "0": "N", "25": "N", "33": "S", "23": "S", "3": "N", "46": "N", "14": "E", "72": "S", "20": "S", "52": "S", "65": "W", "61": "E", "28": "E", "31": "E", "70": "S", "6": "W", "58": "E", "22": "S", "37": "S", "47": "S", "12": "S"}, {"33": "S", "0": "N", "72": "S", "52": "S", "58": "S", "56": "W", "44": "E", "3": "N", "20": "S", "46": "N", "23": "S", "63": "W", "31": "N", "6": "W", "65": "W", "53": "S", "12": "S", "37": "S", "61": "S", "8": "E", "22": "S", "70": "S"}, {"77": "N", "56": "W", "3": "N", "63": "W", "11": "S", "12": "S", "53": "S", "70": "S", "72": "S", "22": "S", "65": "W", "61": "S", "49": "N", "23": "S", "33": "E", "10": "E", "29": "N", "48": "N", "0": "N", "31": "N"}, {"57": "S", "65": "S", "33": "E", "8": "E", "72": "S", "12": "E", "23": "E", "0": "N", "3": "N", "56": "W", "61": "S", "11": "W", "48": "W", "70": "S", "49": "N", "29": "N", "63": "W", "14": "E", "53": "S"}, {"23": "S", "11": "S", "56": "W", "29": "W", "72": "S", "70": "S", "12": "E", "53": "S", "61": "S", "0": "N", "33": "S", "8": "E", "65": "S", "49": "N", "63": "N", "57": "S"}, {"53": "E", "33": "S", "67": "E", "11": "W", "29": "N", "70": "S", "23": "S", "56": "N", "65": "E", "8": "N", "61": "S", "72": "S", "57": "S"}, {"53": "S", "23": "S", "11": "W", "56": "N", "29": "N", "72": "S", "65": "S", "61": "S", "57": "S", "67": "N"}, {"53": "E", "10": "S", "4": "W", "62": "W", "67": "W", "65": "S", "63": "E", "68": "S", "11": "W", "23": "S", "61": "S", "6": "N", "57": "S", "3": "E", "12": "W", "72": "S", "29": "N"}, {"62": "W", "57": "S", "29": "N", "3": "N", "65": "S", "11": "W", "69": "N", "61": "S", "67": "W", "48": "N", "10": "S", "24": "W", "63": "N", "12": "S", "23": "S", "6": "W", "4": "S"}, {"4": "S", "29": "N", "11": "W", "3": "E", "23": "S", "53": "S", "65": "S", "67": "N", "24": "S", "63": "N", "12": "S", "10": "S", "6": "W", "77": "N", "61": "S"}, {"77": "N", "14": "N", "11": "W", "65": "E", "3": "N", "53": "S", "29": "N", "10": "S", "6": "W", "63": "W", "12": "E", "24": "S", "4": "E", "61": "S"}, {"3": "N", "53": "S", "11": "W", "65": "S", "10": "S", "6": "N", "29": "N", "14": "N", "24": "E", "4": "E", "67": "N"}, {"53": "S", "61": "S", "14": "W", "29": "N", "67": "N", "4": "S", "11": "W", "10": "S", "24": "S", "3": "N", "6": "N", "65": "S"}, {"61": "S", "3": "W", "29": "W", "10": "S", "6": "N", "11": "N", "4": "S", "67": "N", "53": "W", "24": "S", "65": "S"}, {"67": "E", "11": "W", "61": "S", "10": "S", "24": "S", "4": "S", "29": "N", "6": "N", "3": "N", "65": "S"}, {"24": "S", "11": "N", "6": "N", "65": "S", "10": "S", "4": "S", "3": "N"}, {"4": "S", "62": "E", "10": "S", "68": "W", "66": "W", "63": "N", "3": "N", "39": "N", "24": "S", "65": "S", "28": "E"}, {"48": "N", "62": "N", "10": "E", "66": "N", "68": "S", "39": "W", "3": "N", "52": "S", "24": "S", "63": "W", "65": "S", "28": "E", "67": "N", "32": "N"}, {"3": "N", "67": "E", "28": "N", "62": "E", "68": "S", "39": "W"}, {"62": "E", "28": "N", "3": "N", "2": "N", "67": "N", "68": "S", "79": "N", "44": "S", "39": "W", "60": "E"}, {"2": "W", "79": "W", "39": "W", "42": "N", "28": "N", "63": "W", "68": "E", "44": "E", "73": "N", "60": "E", "66": "N", "62": "E"}, {"39": "W", "79": "N", "62": "S", "68": "E", "44": "E", "2": "W", "60": "S"}, {"2": "S", "79": "N", "63": "W", "60": "S", "68": "S", "44": "S", "39": "W"}, {"63": "W", "79": "N", "2": "S", "39": "S", "68": "E", "60": "W", "66": "N"}, {"39": "S", "2": "W", "32": "W", "63": "W", "79": "N", "60": "S", "68": "E"}, {"2": "S", "63": "W", "60": "S", "67": "N", "68": "E", "79": "N"}, {"63": "W", "67": "N", "2": "S", "79": "N"}, {"63": "W", "67": "N", "28": "S", "2": "S", "32": "E", "73": "S", "79": "N", "8": "S"}, {"62": "S", "63": "W", "2": "S", "73": "W", "32": "N", "79": "N", "28": "W", "67": "N"}, {"73": "W", "28": "W", "62": "W", "63": "W", "2": "S", "32": "N", "67": "N", "79": "N", "8": "S"}, {"67": "N", "8": "S", "73": "N", "2": "S", "79": "N", "32": "W", "28": "W", "63": "S", "68": "E"}, {"28": "N", "2": "S", "68": "N", "67": "N", "73": "N", "8": "E", "62": "S", "32": "N", "79": "E"}, {"32": "N", "73": "E", "28": "W", "62": "S", "8": "E", "2": "S"}, {"73": "N", "28": "W", "8": "N", "2": "W", "62": "S"}, {"8": "N", "28": "W", "2": "S"}, {"8": "N", "28": "N", "2": "W"}, {"28": "N", "8": "N"}, {"28": "N", "38": "E", "8": "W", "68": "E"}, {"8": "N", "38": "S", "28": "N"}, {"8": "N", "38": "S", "28": "N", "68": "E"}, {"28": "W", "68": "E", "38": "S"}, {"28": "N", "38": "W", "68": "S"}, {"28": "N", "68": "S"}, {"28": "E"}, {"28": "N", "4": "E"}, {"73": "E", "4": "E"}, {"73": "N", "42": "N", "4": "S"}, {"4": "S"}, {"4": "S"}, {"4": "W"}, {"4": "W"}, {"42": "W"}, {"42": "W"}, {"42": "W"}, {"42": "N"}, {"42": "N"}, {"42": "N"}, {"42": "N"}, {"42": "N"}, {"42": "N"}, {"42": "E"}, {"42": "N"}, {"42": "E"}, {"42": "N"}], "result": "SUCCESS", "makespan": 92, "sum": 1264, "algo_name": "BFS_9"}