{"instance": "small_free_004_20x20_20_80", "steps": [{"23": "E", "68": "E", "66": "E", "76": "W", "0": "E", "12": "E", "78": "W", "21": "W", "17": "E", "69": "E", "63": "W", "8": "E", "47": "W", "9": "S", "79": "E", "74": "E", "75": "W", "43": "E", "73": "W", "37": "E", "20": "W", "40": "W", "28": "W", "42": "W", "7": "W", "48": "E", "61": "E", "14": "E", "24": "W", "5": "E", "50": "W", "6": "W", "46": "E", "25": "E", "44": "E", "49": "E", "55": "N", "22": "W", "70": "E", "32": "W", "38": "E", "39": "W", "30": "E", "18": "E", "26": "E", "1": "E", "19": "E", "34": "W", "41": "E", "57": "E", "54": "E", "64": "E", "62": "W", "36": "W", "67": "E", "45": "W", "53": "W", "71": "E", "52": "W", "65": "W", "35": "E", "11": "W", "13": "W", "15": "E", "58": "E"}, {"52": "S", "62": "W", "6": "W", "1": "E", "76": "W", "48": "N", "30": "E", "47": "W", "49": "E", "65": "W", "0": "E", "25": "E", "64": "E", "75": "W", "38": "E", "79": "E", "17": "E", "69": "E", "12": "E", "46": "E", "22": "W", "40": "W", "71": "S", "15": "E", "11": "W", "20": "W", "32": "W", "50": "W", "41": "E", "29": "N", "44": "E", "63": "W", "21": "W", "27": "N", "24": "W", "78": "W", "68": "E", "54": "E", "9": "S", "8": "E", "23": "E", "34": "W", "35": "E", "73": "W", "74": "E", "26": "E", "57": "E", "13": "W", "67": "E", "51": "N", "37": "E", "18": "E", "56": "W", "14": "E", "28": "W", "36": "W"}, {"59": "E", "12": "E", "50": "N", "35": "E", "14": "E", "54": "E", "15": "E", "78": "W", "75": "W", "28": "W", "51": "N", "26": "E", "64": "E", "40": "W", "34": "W", "47": "W", "62": "W", "31": "N", "10": "E", "65": "W", "79": "E", "41": "E", "71": "S", "23": "E", "46": "E", "22": "W", "17": "E", "13": "W", "11": "W", "21": "W", "38": "E", "52": "S", "55": "N", "56": "W", "74": "E", "18": "E", "73": "W", "57": "E", "8": "E", "29": "N", "69": "E", "63": "W", "25": "E", "67": "E"}, {"14": "E", "41": "E", "50": "N", "28": "W", "69": "E", "63": "W", "31": "N", "75": "N", "23": "E", "2": "W", "51": "N", "6": "W", "56": "W", "45": "W", "0": "N", "22": "W", "38": "E", "40": "W", "35": "E", "18": "E", "34": "W", "71": "S", "17": "E", "55": "N", "52": "S", "62": "S", "8": "E", "65": "W", "74": "E", "21": "W", "57": "E", "25": "E", "26": "E", "67": "E", "15": "E"}, {"8": "E", "59": "E", "2": "W", "65": "W", "74": "E", "67": "E", "56": "W", "57": "E", "69": "E", "22": "S", "15": "E", "62": "S", "18": "E", "38": "E", "17": "S", "40": "S", "45": "W", "71": "S", "26": "E", "29": "N", "28": "W", "37": "E", "34": "W", "6": "W"}, {"28": "W", "69": "E", "38": "S", "74": "E", "61": "S", "54": "S", "63": "N", "2": "W", "44": "S", "33": "S", "77": "N", "43": "S", "22": "W", "10": "E", "59": "E", "79": "N", "8": "E", "57": "E", "45": "S", "46": "N", "6": "W", "9": "N", "70": "S", "60": "W", "56": "W", "15": "E", "0": "N", "1": "N", "67": "E", "68": "S", "24": "S", "4": "S", "47": "S", "34": "S", "26": "E", "41": "N", "18": "E", "35": "N", "62": "S", "64": "N", "40": "S"}, {"68": "E", "67": "E", "59": "S", "54": "E", "44": "E", "76": "W", "78": "W", "20": "W", "7": "W", "53": "W", "21": "W", "26": "N", "63": "W", "15": "E", "25": "E", "12": "E", "56": "W", "14": "E", "10": "E", "74": "E", "62": "S", "70": "E", "66": "E", "28": "W", "18": "E", "27": "N", "1": "E", "11": "W", "65": "W", "35": "E", "2": "W", "8": "E", "0": "N", "45": "W", "41": "E", "69": "E", "9": "W", "43": "E", "22": "S"}, {"14": "N", "0": "N", "11": "W", "69": "N", "1": "E", "76": "W", "2": "W", "68": "E", "8": "E", "6": "W", "70": "E", "41": "E", "53": "W", "34": "S", "58": "E", "43": "E", "9": "W", "36": "N", "12": "E", "26": "N", "65": "W", "62": "S", "10": "E", "18": "E", "63": "W", "45": "W", "74": "N"}, {"14": "N", "45": "W", "62": "S", "26": "N", "53": "W", "0": "N", "60": "S", "43": "E", "74": "N", "2": "W", "8": "E", "68": "E", "65": "W", "1": "E", "36": "N", "22": "S", "9": "S", "69": "N", "31": "N", "24": "W", "12": "E", "10": "E", "6": "W", "63": "W", "76": "W"}, {"10": "S", "15": "N", "26": "N", "62": "S", "76": "W", "63": "W", "60": "S", "43": "E", "9": "S", "12": "E", "69": "N", "1": "E", "68": "E", "74": "N", "53": "S", "0": "N", "36": "N", "65": "S", "56": "W", "14": "N"}, {"37": "S", "14": "N", "16": "S", "60": "S", "22": "W", "44": "S", "63": "W", "31": "W", "36": "N", "59": "W", "15": "N", "32": "N", "53": "S", "54": "S", "76": "W", "65": "S", "8": "W", "67": "N", "24": "S", "26": "N", "68": "E", "33": "N", "69": "N", "48": "W", "3": "N", "30": "S", "10": "S", "62": "S", "46": "N", "1": "E", "13": "E", "12": "S", "20": "S"}, {"59": "S", "54": "E", "32": "W", "62": "S", "63": "W", "47": "W", "39": "W", "6": "N", "1": "N", "28": "W", "73": "W", "69": "N", "21": "S", "70": "S", "27": "N", "8": "N", "13": "E", "53": "S", "23": "E", "42": "W", "33": "E", "22": "S", "49": "E", "3": "E", "44": "E", "76": "W", "26": "N", "12": "S", "72": "E", "10": "S", "60": "S", "68": "E"}, {"70": "E", "5": "E", "44": "E", "62": "S", "28": "N", "10": "S", "47": "W", "49": "E", "63": "W", "54": "E", "76": "W", "26": "N", "1": "N", "24": "W", "53": "S", "23": "E", "6": "W", "55": "N", "2": "S", "65": "S", "42": "W", "33": "E", "3": "E", "8": "N", "72": "E", "29": "N", "60": "S"}, {"10": "S", "42": "N", "70": "E", "49": "N", "62": "S", "76": "N", "20": "W", "63": "W", "44": "E", "23": "E", "24": "S", "8": "E", "1": "N", "54": "E", "53": "S", "33": "S", "60": "S", "2": "W", "22": "S", "65": "S", "3": "E", "47": "S", "5": "E"}, {"3": "E", "33": "S", "56": "W", "47": "S", "42": "N", "62": "S", "22": "E", "53": "S", "44": "E", "15": "N", "24": "S", "49": "N", "63": "W", "60": "S", "23": "S", "54": "S", "2": "W"}, {"56": "W", "25": "W", "8": "N", "14": "W", "52": "S", "54": "S", "44": "S", "57": "S", "53": "S", "49": "N", "5": "N", "42": "N", "39": "W", "23": "S", "2": "W", "69": "W", "78": "N", "31": "W", "6": "N", "16": "W", "58": "N", "3": "E", "48": "W", "62": "S", "63": "W", "24": "E", "18": "N", "47": "S", "60": "S", "33": "S"}, {"63": "W", "6": "W", "24": "S", "11": "N", "38": "E", "60": "S", "70": "E", "3": "E", "77": "W", "73": "W", "48": "N", "58": "E", "62": "S", "56": "W", "8": "E", "53": "S", "69": "N", "54": "S", "47": "S", "31": "N", "10": "S", "78": "W", "23": "S", "18": "E", "79": "E", "49": "N", "33": "S", "42": "N", "22": "S"}, {"8": "E", "38": "E", "2": "W", "47": "S", "18": "E", "66": "N", "24": "S", "13": "N", "53": "S", "42": "N", "58": "E", "63": "W", "33": "W", "10": "S", "69": "N", "56": "W", "28": "N", "46": "E", "77": "W", "70": "E", "79": "E", "73": "W", "6": "W", "31": "N", "23": "S"}, {"16": "W", "31": "E", "63": "W", "6": "W", "2": "S", "24": "W", "56": "W", "23": "S", "38": "E", "77": "W", "58": "E", "70": "S", "46": "E", "79": "E", "41": "E"}, {"59": "W", "31": "E", "57": "N", "70": "S", "61": "S", "63": "N", "29": "E", "64": "E", "30": "N", "56": "W", "48": "E", "77": "W", "38": "S", "46": "E", "23": "W", "20": "S", "16": "N", "33": "S", "7": "W", "25": "W", "24": "W", "11": "S", "6": "W", "22": "W", "58": "E"}, {"38": "S", "13": "N", "24": "S", "25": "N", "63": "N", "59": "S", "68": "S", "8": "E", "56": "N", "6": "N", "46": "E", "29": "E", "53": "S", "20": "W", "48": "E", "2": "S", "58": "E", "9": "E", "39": "W", "3": "S", "67": "E", "23": "S", "70": "S", "61": "E", "64": "E"}, {"7": "W", "68": "E", "78": "W", "39": "W", "61": "S", "6": "W", "23": "S", "58": "E", "24": "S", "46": "E", "48": "N", "56": "N", "16": "W", "64": "E", "12": "S", "70": "S", "67": "E", "69": "E", "63": "N", "9": "S", "72": "E", "3": "E", "59": "S", "20": "W"}, {"58": "E", "23": "E", "70": "S", "22": "S", "61": "S", "3": "E", "46": "E", "9": "E", "7": "W", "16": "W", "20": "W", "39": "W", "33": "S", "68": "E", "78": "W", "64": "E", "48": "N"}, {"41": "N", "61": "E", "20": "W", "9": "S", "8": "W", "0": "N", "12": "W", "22": "S", "48": "N", "7": "W", "3": "E", "68": "E", "70": "S", "10": "W", "23": "S", "79": "N", "72": "E", "58": "E", "46": "N", "33": "W", "13": "E", "16": "N", "78": "W", "64": "E", "4": "E", "38": "E", "65": "W", "59": "W", "57": "W", "42": "S"}, {"65": "S", "46": "E", "61": "S", "64": "E", "68": "E", "29": "N", "57": "S", "14": "E", "31": "N", "8": "N", "58": "N", "20": "W", "23": "S", "53": "S", "9": "S", "72": "E", "78": "W", "42": "W", "33": "S", "12": "S", "11": "W", "60": "S", "3": "E", "59": "S", "0": "N", "69": "N", "63": "N", "7": "W", "38": "E", "79": "E", "4": "S", "66": "N"}, {"66": "N", "20": "W", "3": "N", "64": "E", "72": "E", "9": "S", "8": "N", "42": "W", "13": "E", "57": "S", "2": "S", "0": "N", "6": "W", "33": "S", "29": "N", "31": "N", "58": "N", "28": "N", "23": "S", "79": "E", "59": "S", "7": "S", "46": "E", "12": "S", "38": "S", "61": "S", "78": "N", "4": "S", "11": "W", "60": "S"}, {"79": "E", "23": "S", "13": "N", "7": "S", "41": "E", "8": "E", "33": "E", "72": "S", "42": "N", "3": "E", "20": "W", "59": "E", "60": "E", "67": "E", "64": "E", "28": "N", "9": "S", "57": "E", "6": "W", "12": "E", "46": "N", "58": "E", "38": "S", "11": "W"}, {"3": "E", "57": "E", "7": "S", "60": "S", "65": "S", "20": "W", "66": "N", "58": "E", "8": "E", "59": "E", "9": "S", "79": "E", "11": "W", "12": "S", "6": "W", "68": "E", "23": "S", "38": "S", "78": "N", "64": "N", "46": "E"}, {"78": "N", "38": "S", "23": "S", "46": "E", "3": "E", "79": "N", "68": "E", "8": "E", "7": "S", "58": "E", "64": "N", "9": "S", "60": "S", "66": "N", "20": "S", "12": "S", "59": "S", "28": "N"}, {"28": "N", "11": "W", "68": "S", "59": "S", "66": "N", "3": "E", "64": "N", "38": "W", "12": "S", "9": "S", "46": "E", "8": "E", "58": "E"}, {"66": "N", "28": "N", "57": "S", "58": "E", "4": "E", "65": "S", "59": "S", "53": "E", "64": "N", "21": "E", "42": "W", "10": "W", "6": "W", "3": "W", "11": "W", "79": "N", "46": "N", "22": "S", "67": "E", "68": "S", "8": "E"}, {"0": "N", "53": "S", "79": "N", "59": "S", "11": "W", "58": "E", "68": "E", "2": "S", "66": "N", "21": "S", "41": "E", "6": "N", "42": "N", "7": "S", "22": "E", "29": "N", "46": "E", "4": "S", "13": "N", "39": "W", "65": "E", "3": "W", "28": "N", "57": "E", "10": "S"}, {"53": "S", "39": "W", "22": "E", "29": "W", "28": "N", "4": "S", "6": "N", "58": "S", "79": "N", "7": "S", "57": "S", "21": "S", "10": "S", "65": "S", "3": "N", "41": "E", "68": "S", "46": "N", "0": "N", "59": "S"}, {"79": "N", "29": "N", "39": "W", "57": "S", "41": "N", "4": "W", "68": "S", "59": "S", "21": "W", "53": "S", "22": "S", "0": "N", "10": "E", "3": "N", "46": "N", "7": "S", "6": "E", "65": "S", "42": "N"}, {"79": "N", "59": "E", "65": "S", "6": "N", "10": "S", "46": "N", "3": "N", "57": "S", "21": "W", "4": "W", "29": "N", "42": "E", "41": "N", "53": "W", "7": "E", "22": "S", "0": "N", "68": "S"}, {"4": "W", "3": "N", "21": "N", "59": "S", "41": "N", "46": "N", "29": "N", "53": "S", "6": "N", "22": "S", "79": "N", "57": "S", "65": "S", "42": "E"}, {"22": "S", "42": "N", "79": "N", "3": "N", "4": "S", "59": "S", "6": "N", "53": "S", "10": "E", "29": "N"}, {"13": "N", "32": "W", "48": "E", "6": "N", "53": "S", "52": "N", "4": "S", "28": "E", "42": "N", "39": "E", "14": "E", "61": "E", "73": "N", "29": "N", "3": "E", "79": "E", "5": "W", "2": "W"}, {"14": "N", "73": "W", "52": "W", "53": "S", "5": "N", "79": "N", "13": "W", "25": "N", "4": "W", "69": "N", "28": "N", "2": "W", "37": "W", "42": "N", "30": "E", "29": "N", "16": "W", "32": "W", "77": "N", "3": "E", "39": "N", "48": "N"}, {"29": "N", "77": "N", "24": "E", "48": "N", "28": "N", "42": "N", "73": "W", "25": "E", "52": "W", "2": "S", "3": "N", "14": "N", "5": "N", "4": "S", "79": "N", "32": "N", "61": "S", "13": "W", "53": "S"}, {"13": "W", "25": "E", "39": "N", "3": "N", "2": "S", "42": "N", "4": "S", "28": "W", "79": "N", "77": "N", "14": "W", "5": "E", "73": "W", "61": "S", "29": "W", "37": "W"}, {"37": "S", "61": "S", "28": "W", "77": "N", "42": "N", "14": "N", "73": "W", "79": "N", "39": "W", "2": "S", "3": "N", "29": "N", "25": "N", "4": "S", "16": "W"}, {"37": "S", "73": "W", "79": "N", "25": "E", "2": "S", "16": "W", "14": "N", "77": "N", "3": "E", "42": "N", "4": "S", "61": "W"}, {"25": "E", "77": "N", "42": "N", "3": "N", "79": "N", "61": "S", "16": "W", "73": "W", "4": "S", "37": "S", "2": "S"}, {"4": "S", "3": "N", "16": "N", "25": "E", "73": "W", "2": "E", "61": "S", "37": "E", "79": "N", "77": "N"}, {"3": "N", "77": "N", "79": "N", "37": "E", "73": "N", "16": "N", "61": "S", "25": "E"}, {"3": "N", "79": "W", "37": "S", "61": "S", "77": "N", "25": "E", "73": "N", "16": "N"}, {"25": "E", "61": "S", "73": "N", "3": "N", "37": "S"}, {"25": "E", "48": "S", "72": "E", "7": "W", "61": "S", "37": "S", "5": "W", "3": "N", "13": "S", "21": "N"}, {"30": "E", "61": "S", "72": "S", "37": "S", "5": "N", "7": "S", "21": "W", "25": "E"}, {"21": "W", "61": "S", "7": "S", "30": "E", "25": "N", "5": "N", "37": "S", "72": "S"}, {"30": "E", "37": "S", "7": "E", "5": "E", "72": "W", "61": "S"}, {"5": "N", "7": "S", "30": "E", "72": "W"}, {"25": "W", "72": "S", "32": "W", "48": "N", "37": "S", "30": "N", "5": "N", "13": "W"}, {"25": "N", "30": "N", "5": "N", "37": "E", "32": "N", "72": "S"}, {"25": "N", "30": "N", "37": "E", "32": "N", "72": "S"}, {"30": "N", "25": "E", "72": "S", "32": "E", "37": "S"}, {"32": "N", "30": "N", "72": "S", "25": "N"}, {"25": "N", "30": "N", "72": "S", "32": "N"}, {"72": "S", "30": "N", "25": "N", "32": "N"}, {"32": "W", "72": "E"}, {"52": "E", "32": "N", "67": "W"}, {"67": "W", "12": "S", "32": "N", "52": "S"}, {"48": "W", "67": "N", "52": "S"}, {"48": "N", "67": "N", "52": "W"}, {"67": "N"}, {"67": "N", "52": "E"}, {"48": "N", "67": "E", "52": "N"}, {"67": "N", "52": "E"}, {"67": "E", "52": "E"}, {"67": "N", "52": "E"}, {"52": "S", "67": "N"}, {"67": "N", "52": "S"}, {"67": "N", "52": "W"}, {"52": "W", "67": "N"}, {"67": "N", "52": "S"}, {"67": "N", "52": "S"}, {"67": "N", "52": "S"}, {"52": "S"}, {"73": "E"}, {"73": "E"}, {"73": "N"}, {"73": "N"}, {"73": "N"}, {"73": "W"}, {"73": "W"}, {"73": "N"}, {"73": "N"}], "result": "SUCCESS", "makespan": 88, "sum": 1260, "algo_name": "BFS_8"}