{"instance": "small_free_004_20x20_20_80", "steps": [{"61": "N", "33": "N", "4": "N", "43": "N", "53": "N", "62": "N", "22": "N", "9": "N", "60": "N", "17": "N", "58": "N", "18": "N", "23": "N", "20": "N", "10": "N", "59": "N", "27": "N", "12": "N", "24": "N", "54": "N", "47": "N", "50": "N", "36": "N", "52": "N", "56": "N", "37": "N", "68": "N", "7": "N", "19": "N", "2": "N", "45": "N", "31": "N", "38": "N", "55": "N", "65": "N", "71": "N", "5": "N", "72": "N", "16": "N", "25": "N", "64": "N", "30": "N", "39": "N", "40": "N", "70": "N", "76": "N", "15": "N", "49": "N", "32": "N", "63": "N", "14": "N", "57": "N", "35": "N", "21": "N", "8": "N", "0": "N", "66": "N", "77": "N", "13": "N", "67": "N", "44": "N", "11": "N", "6": "N", "41": "N", "29": "N", "28": "N", "46": "N", "75": "N", "34": "N", "3": "N", "42": "N", "1": "N", "78": "N", "74": "N", "51": "N", "79": "N", "73": "N", "69": "W", "48": "N", "26": "N"}, {"61": "N", "33": "N", "4": "N", "43": "N", "53": "N", "62": "N", "22": "N", "9": "N", "60": "N", "17": "N", "58": "N", "18": "N", "23": "N", "20": "N", "10": "N", "59": "N", "27": "N", "12": "N", "24": "N", "54": "N", "47": "N", "50": "N", "36": "N", "52": "N", "56": "N", "37": "N", "68": "N", "7": "N", "19": "N", "2": "N", "45": "N", "31": "N", "38": "N", "55": "N", "65": "N", "71": "N", "5": "N", "72": "N", "16": "N", "25": "N", "64": "N", "30": "N", "39": "N", "40": "N", "70": "N", "76": "N", "15": "N", "49": "N", "32": "N", "63": "N", "14": "N", "57": "N", "35": "N", "21": "N", "8": "N", "0": "N", "66": "N", "77": "N", "13": "N", "67": "N", "44": "N", "11": "N", "6": "N", "41": "N", "29": "N", "28": "N", "46": "N", "75": "N", "34": "N", "3": "N", "42": "N", "1": "N", "78": "N", "74": "N", "51": "N", "79": "N", "73": "N", "69": "W", "48": "W", "26": "N"}, {"61": "N", "33": "N", "4": "N", "43": "N", "53": "N", "62": "N", "22": "N", "9": "N", "60": "N", "17": "N", "58": "N", "18": "N", "23": "N", "20": "N", "10": "N", "59": "N", "27": "N", "12": "N", "24": "N", "54": "N", "47": "N", "50": "N", "36": "N", "52": "N", "56": "N", "37": "N", "68": "N", "7": "N", "19": "N", "2": "N", "45": "N", "31": "N", "38": "N", "55": "N", "65": "N", "71": "N", "5": "N", "72": "N", "16": "N", "25": "N", "64": "N", "30": "N", "39": "N", "40": "N", "70": "N", "76": "N", "15": "N", "49": "N", "32": "N", "63": "N", "14": "N", "57": "N", "35": "N", "21": "N", "8": "N", "0": "N", "66": "N", "77": "N", "13": "N", "67": "N", "44": "N", "11": "N", "6": "N", "41": "N", "29": "N", "28": "N", "46": "N", "75": "N", "34": "N", "3": "N", "42": "N", "1": "N", "78": "N", "74": "W", "51": "N", "79": "N", "73": "N", "69": "W", "48": "W", "26": "W"}, {"61": "N", "33": "N", "4": "N", "43": "N", "53": "N", "62": "N", "22": "N", "9": "N", "60": "N", "17": "N", "58": "N", "18": "N", "23": "N", "20": "N", "10": "N", "59": "N", "27": "N", "12": "N", "24": "N", "54": "N", "47": "N", "50": "N", "36": "N", "52": "N", "56": "N", "37": "N", "68": "N", "7": "N", "19": "N", "2": "N", "45": "N", "31": "N", "38": "N", "55": "N", "65": "N", "71": "N", "5": "N", "72": "N", "16": "N", "25": "N", "64": "N", "30": "N", "39": "N", "40": "N", "70": "N", "76": "N", "15": "N", "49": "N", "32": "N", "63": "N", "14": "N", "57": "N", "35": "N", "21": "N", "8": "N", "0": "N", "66": "N", "77": "N", "13": "N", "67": "N", "44": "N", "11": "N", "6": "N", "41": "N", "29": "N", "28": "N", "46": "N", "75": "N", "34": "N", "3": "N", "42": "N", "1": "N", "78": "N", "74": "W", "51": "W", "79": "N", "73": "N", "69": "W", "48": "W", "26": "W"}, {"61": "N", "33": "N", "4": "N", "43": "N", "53": "N", "62": "N", "22": "N", "9": "N", "60": "N", "17": "N", "58": "N", "18": "N", "23": "N", "20": "N", "10": "N", "59": "N", "27": "N", "12": "N", "24": "N", "54": "N", "47": "N", "50": "N", "36": "N", "52": "N", "56": "N", "37": "N", "68": "N", "7": "N", "19": "N", "2": "N", "45": "N", "31": "N", "38": "N", "55": "N", "65": "N", "71": "N", "5": "N", "72": "N", "16": "N", "25": "N", "64": "N", "30": "N", "39": "N", "40": "N", "70": "N", "76": "N", "15": "N", "49": "N", "32": "N", "63": "N", "14": "N", "57": "N", "35": "N", "21": "N", "8": "N", "0": "N", "66": "N", "77": "N", "13": "N", "67": "N", "44": "N", "11": "N", "6": "N", "41": "N", "29": "N", "28": "N", "46": "N", "75": "N", "34": "N", "3": "N", "42": "N", "1": "N", "78": "N", "74": "W", "51": "W", "79": "W", "73": "N", "69": "W", "48": "W", "26": "W"}, {"61": "N", "33": "N", "4": "N", "43": "N", "53": "N", "62": "N", "22": "N", "9": "N", "60": "N", "17": "N", "58": "N", "18": "N", "23": "N", "20": "N", "10": "N", "59": "N", "27": "N", "12": "N", "24": "N", "54": "N", "47": "N", "50": "N", "36": "N", "52": "N", "56": "N", "37": "N", "68": "N", "7": "N", "19": "N", "2": "N", "45": "N", "31": "N", "38": "N", "55": "N", "65": "N", "71": "N", "5": "N", "72": "N", "16": "N", "25": "N", "64": "N", "30": "N", "39": "N", "40": "N", "70": "N", "76": "N", "15": "N", "49": "N", "32": "N", "63": "N", "14": "N", "57": "N", "35": "N", "21": "N", "8": "N", "0": "N", "66": "N", "77": "N", "13": "N", "67": "N", "44": "N", "11": "N", "6": "N", "41": "N", "29": "N", "28": "N", "46": "N", "75": "N", "34": "N", "3": "W", "42": "N", "1": "N", "78": "N", "74": "W", "51": "W", "79": "W", "73": "W", "69": "W", "48": "W", "26": "W"}, {"61": "N", "33": "N", "4": "N", "43": "N", "53": "N", "62": "N", "22": "N", "9": "N", "60": "N", "17": "N", "58": "N", "18": "N", "23": "N", "20": "N", "10": "N", "59": "N", "27": "N", "12": "N", "24": "N", "54": "N", "47": "N", "50": "N", "36": "N", "52": "N", "56": "N", "37": "N", "68": "N", "7": "N", "19": "N", "2": "N", "45": "N", "31": "N", "38": "N", "55": "N", "65": "N", "71": "N", "5": "N", "72": "N", "16": "N", "25": "N", "64": "N", "30": "N", "39": "N", "40": "N", "70": "N", "76": "N", "15": "N", "49": "N", "32": "N", "63": "N", "14": "N", "57": "N", "35": "N", "21": "N", "8": "N", "0": "N", "66": "N", "77": "N", "13": "N", "67": "N", "44": "N", "11": "N", "6": "N", "41": "N", "29": "N", "28": "N", "46": "N", "75": "N", "34": "N", "3": "W", "42": "W", "1": "N", "78": "N", "74": "W", "51": "W", "79": "W", "73": "W", "69": "W", "48": "W", "26": "W"}, {"61": "N", "33": "N", "4": "N", "43": "N", "53": "N", "62": "N", "22": "N", "9": "N", "60": "N", "17": "N", "58": "N", "18": "N", "23": "N", "20": "N", "10": "N", "59": "N", "27": "N", "12": "N", "24": "N", "54": "N", "47": "N", "50": "N", "36": "N", "52": "N", "56": "N", "37": "N", "68": "N", "7": "N", "19": "N", "2": "N", "45": "N", "31": "N", "38": "N", "55": "N", "65": "N", "71": "N", "5": "N", "72": "N", "16": "N", "25": "N", "64": "N", "30": "N", "39": "N", "40": "N", "70": "N", "76": "N", "15": "N", "49": "N", "32": "N", "63": "N", "14": "N", "57": "N", "35": "N", "21": "N", "8": "N", "0": "N", "66": "N", "77": "N", "13": "N", "67": "N", "44": "N", "11": "N", "6": "N", "41": "N", "29": "N", "28": "N", "46": "N", "75": "N", "34": "N", "3": "W", "42": "W", "1": "W", "78": "N", "51": "W", "79": "W", "73": "W", "69": "W", "48": "W", "26": "W"}, {"61": "N", "33": "N", "4": "N", "43": "N", "53": "N", "62": "N", "22": "N", "9": "N", "60": "N", "17": "N", "58": "N", "18": "N", "23": "N", "20": "N", "10": "N", "59": "N", "27": "N", "12": "N", "24": "N", "54": "N", "47": "N", "50": "N", "36": "N", "52": "N", "56": "N", "37": "N", "68": "N", "7": "N", "19": "N", "2": "N", "45": "N", "31": "N", "38": "N", "55": "N", "65": "N", "71": "N", "5": "N", "72": "N", "16": "N", "25": "N", "64": "N", "30": "N", "39": "N", "40": "N", "70": "N", "76": "N", "15": "N", "49": "N", "32": "N", "63": "N", "14": "N", "57": "N", "35": "N", "21": "N", "8": "N", "0": "N", "66": "N", "77": "N", "13": "N", "67": "N", "44": "N", "11": "N", "6": "N", "41": "N", "29": "N", "28": "N", "46": "W", "75": "N", "34": "N", "3": "W", "42": "W", "1": "W", "78": "W", "51": "W", "79": "W", "73": "W", "69": "W", "48": "W", "26": "W"}, {"61": "N", "33": "N", "4": "N", "43": "N", "53": "N", "62": "N", "22": "N", "9": "N", "60": "N", "17": "N", "58": "N", "18": "N", "23": "N", "20": "N", "10": "N", "59": "N", "27": "N", "12": "N", "24": "N", "54": "N", "47": "N", "50": "N", "36": "N", "52": "N", "56": "N", "37": "N", "68": "N", "7": "N", "19": "N", "2": "N", "45": "N", "31": "N", "38": "N", "55": "N", "65": "N", "71": "N", "5": "N", "72": "N", "16": "N", "25": "N", "64": "N", "30": "N", "39": "N", "40": "N", "70": "N", "76": "N", "15": "N", "49": "N", "32": "N", "63": "N", "14": "N", "57": "N", "35": "N", "21": "N", "8": "N", "0": "N", "66": "N", "77": "N", "13": "N", "67": "N", "44": "N", "11": "N", "6": "N", "41": "N", "29": "N", "28": "N", "46": "W", "75": "W", "34": "N", "3": "W", "42": "W", "1": "W", "78": "W", "51": "W", "79": "W", "73": "W", "48": "W", "26": "W"}, {"61": "N", "33": "N", "4": "N", "43": "N", "53": "N", "62": "N", "22": "N", "9": "N", "60": "N", "17": "N", "58": "N", "18": "N", "23": "N", "20": "N", "10": "N", "59": "N", "27": "N", "12": "N", "24": "N", "54": "N", "47": "N", "50": "N", "36": "N", "52": "N", "56": "N", "37": "N", "68": "N", "7": "N", "19": "N", "2": "N", "45": "N", "31": "N", "38": "N", "55": "N", "65": "N", "71": "N", "5": "N", "72": "N", "16": "N", "25": "N", "64": "N", "30": "N", "39": "N", "40": "N", "70": "N", "76": "N", "15": "N", "49": "N", "32": "N", "63": "N", "14": "N", "57": "N", "35": "N", "21": "N", "8": "N", "0": "N", "66": "N", "77": "N", "13": "N", "67": "N", "44": "N", "11": "N", "6": "N", "41": "W", "29": "N", "28": "N", "46": "W", "75": "W", "34": "W", "3": "W", "42": "W", "1": "W", "78": "W", "51": "W", "79": "W", "73": "W", "48": "W", "26": "W"}, {"61": "N", "33": "N", "4": "N", "43": "N", "53": "N", "62": "N", "22": "N", "9": "N", "60": "N", "17": "N", "58": "N", "18": "N", "23": "N", "20": "N", "10": "N", "59": "N", "27": "N", "12": "N", "24": "N", "54": "N", "47": "N", "50": "N", "36": "N", "52": "N", "56": "N", "37": "N", "68": "N", "7": "N", "19": "N", "2": "N", "45": "N", "31": "N", "38": "N", "55": "N", "65": "N", "71": "N", "5": "N", "72": "N", "16": "N", "25": "N", "64": "N", "30": "N", "39": "N", "40": "N", "70": "N", "76": "N", "15": "N", "49": "N", "32": "N", "63": "N", "14": "N", "57": "N", "35": "N", "21": "N", "8": "N", "0": "N", "66": "N", "77": "N", "13": "N", "67": "N", "44": "N", "11": "N", "6": "N", "41": "W", "29": "W", "28": "N", "46": "W", "75": "W", "34": "W", "42": "W", "1": "W", "78": "W", "79": "W", "73": "W", "48": "W", "26": "W"}, {"61": "N", "33": "N", "4": "N", "43": "N", "53": "N", "62": "N", "22": "N", "9": "N", "60": "N", "17": "N", "58": "N", "18": "N", "23": "N", "20": "N", "10": "N", "59": "N", "27": "N", "12": "N", "24": "N", "54": "N", "47": "N", "50": "N", "36": "N", "52": "N", "56": "N", "37": "N", "68": "N", "7": "N", "19": "N", "2": "N", "45": "N", "31": "N", "38": "N", "55": "N", "65": "N", "71": "N", "5": "N", "72": "N", "16": "N", "25": "N", "64": "N", "30": "N", "39": "N", "40": "N", "70": "N", "76": "N", "15": "N", "49": "N", "32": "N", "63": "N", "14": "N", "57": "N", "35": "N", "21": "N", "8": "N", "0": "N", "66": "N", "77": "N", "13": "N", "67": "W", "44": "N", "11": "N", "6": "N", "41": "W", "29": "W", "28": "W", "46": "W", "75": "W", "34": "W", "42": "W", "1": "W", "78": "W", "79": "W", "73": "W", "48": "W", "26": "W"}, {"61": "N", "33": "N", "4": "N", "43": "N", "53": "N", "62": "N", "22": "N", "9": "N", "60": "N", "17": "N", "58": "N", "18": "N", "23": "N", "20": "N", "10": "N", "59": "N", "27": "N", "12": "N", "24": "N", "54": "N", "47": "N", "50": "N", "36": "N", "52": "N", "56": "N", "37": "N", "68": "N", "7": "N", "19": "N", "2": "N", "45": "N", "31": "N", "38": "N", "55": "N", "65": "N", "71": "N", "5": "N", "72": "N", "16": "N", "25": "N", "64": "N", "30": "N", "39": "N", "40": "N", "70": "N", "76": "N", "15": "N", "49": "N", "32": "N", "63": "N", "14": "N", "57": "N", "35": "N", "21": "N", "8": "N", "0": "N", "66": "N", "77": "N", "13": "N", "67": "W", "44": "W", "11": "N", "6": "N", "29": "W", "28": "W", "46": "W", "75": "W", "34": "W", "42": "W", "1": "W", "78": "W", "79": "W", "73": "W", "48": "W", "26": "W"}, {"61": "N", "33": "N", "4": "N", "43": "N", "53": "N", "62": "N", "22": "N", "9": "N", "60": "N", "17": "N", "58": "N", "18": "N", "23": "N", "20": "N", "10": "N", "59": "N", "27": "N", "12": "N", "24": "N", "54": "N", "47": "N", "50": "N", "36": "N", "52": "N", "56": "N", "37": "N", "68": "N", "7": "N", "19": "N", "2": "N", "45": "N", "31": "N", "38": "N", "55": "N", "65": "N", "71": "N", "5": "N", "72": "N", "16": "N", "25": "N", "64": "N", "30": "N", "39": "N", "40": "N", "70": "N", "76": "N", "15": "N", "49": "N", "32": "N", "63": "N", "14": "N", "57": "N", "35": "N", "21": "N", "8": "N", "0": "N", "66": "N", "77": "N", "13": "N", "67": "W", "44": "W", "11": "W", "6": "N", "29": "W", "28": "W", "46": "W", "75": "W", "34": "W", "1": "W", "78": "W", "73": "W", "26": "W"}, {"61": "N", "33": "N", "4": "N", "43": "N", "53": "N", "62": "N", "22": "N", "9": "N", "60": "N", "17": "N", "58": "N", "18": "N", "23": "N", "20": "N", "10": "N", "59": "N", "27": "N", "12": "N", "24": "N", "54": "N", "47": "N", "50": "N", "36": "N", "52": "N", "56": "N", "37": "N", "68": "N", "7": "N", "19": "N", "2": "N", "45": "N", "31": "N", "38": "N", "55": "N", "65": "N", "71": "N", "5": "N", "72": "N", "16": "N", "25": "N", "64": "N", "30": "N", "39": "N", "40": "N", "70": "N", "76": "N", "15": "N", "49": "N", "32": "N", "63": "N", "14": "N", "57": "N", "35": "N", "21": "N", "8": "W", "0": "N", "66": "N", "77": "N", "13": "N", "44": "W", "11": "W", "6": "W", "29": "W", "28": "W", "75": "W", "34": "W", "1": "W", "78": "W", "73": "W", "26": "W"}, {"61": "N", "33": "N", "4": "N", "43": "N", "53": "N", "62": "N", "22": "N", "9": "N", "60": "N", "17": "N", "58": "N", "18": "N", "23": "N", "20": "N", "10": "N", "59": "N", "27": "N", "12": "N", "24": "N", "54": "N", "47": "N", "50": "N", "36": "N", "52": "N", "56": "N", "37": "N", "68": "N", "7": "N", "19": "N", "2": "N", "45": "N", "31": "N", "38": "N", "55": "N", "65": "N", "71": "N", "5": "N", "72": "N", "16": "N", "25": "N", "64": "N", "30": "N", "39": "N", "40": "N", "70": "N", "76": "N", "15": "N", "49": "N", "32": "N", "63": "N", "14": "N", "57": "N", "35": "N", "21": "N", "8": "W", "0": "W", "66": "N", "77": "N", "13": "N", "44": "W", "11": "W", "6": "W", "29": "W", "28": "W", "75": "W", "34": "W", "1": "W", "78": "W", "73": "W", "26": "W"}, {"61": "N", "33": "N", "4": "N", "43": "N", "53": "N", "62": "N", "22": "N", "9": "N", "60": "N", "17": "N", "58": "N", "18": "N", "23": "N", "20": "N", "10": "N", "59": "N", "27": "N", "12": "N", "24": "N", "54": "N", "47": "N", "50": "N", "36": "N", "52": "N", "56": "N", "37": "N", "68": "N", "7": "N", "19": "N", "2": "N", "45": "N", "31": "N", "38": "N", "55": "N", "65": "N", "71": "N", "5": "N", "72": "N", "16": "N", "25": "N", "64": "N", "30": "N", "39": "N", "40": "N", "70": "N", "76": "N", "15": "N", "49": "N", "32": "N", "63": "N", "14": "N", "57": "N", "35": "N", "21": "N", "8": "W", "0": "W", "66": "W", "77": "N", "13": "N", "44": "W", "11": "W", "6": "W", "29": "W", "28": "W", "75": "W", "34": "W", "1": "W", "78": "W", "73": "W", "26": "W"}, {"61": "N", "33": "N", "4": "N", "43": "N", "53": "N", "62": "N", "22": "N", "9": "N", "60": "N", "17": "N", "58": "N", "18": "N", "23": "N", "20": "N", "10": "N", "59": "N", "27": "N", "12": "N", "24": "N", "54": "N", "47": "N", "50": "N", "36": "N", "52": "N", "56": "N", "37": "N", "68": "N", "7": "N", "19": "N", "2": "N", "45": "N", "31": "N", "38": "N", "55": "N", "65": "N", "71": "N", "5": "N", "72": "N", "16": "N", "25": "N", "64": "N", "30": "N", "39": "N", "40": "N", "70": "N", "76": "N", "15": "N", "49": "N", "32": "N", "63": "N", "14": "N", "57": "N", "35": "N", "21": "N", "0": "W", "66": "W", "77": "W", "13": "N", "44": "W", "11": "W", "6": "W", "29": "W", "28": "W", "75": "W", "34": "W", "1": "W", "78": "W", "73": "W"}, {"61": "N", "33": "N", "4": "N", "43": "N", "53": "N", "62": "N", "22": "N", "9": "N", "60": "N", "17": "N", "58": "N", "18": "N", "23": "N", "20": "N", "10": "N", "59": "N", "27": "N", "12": "N", "24": "N", "54": "N", "47": "N", "50": "N", "36": "N", "52": "N", "56": "N", "37": "N", "68": "N", "7": "N", "19": "N", "2": "N", "45": "N", "31": "N", "38": "N", "55": "N", "65": "N", "71": "N", "5": "N", "72": "N", "16": "N", "25": "N", "64": "N", "30": "N", "39": "N", "40": "N", "70": "N", "76": "N", "15": "N", "49": "N", "32": "N", "63": "N", "14": "W", "57": "N", "35": "N", "21": "N", "0": "W", "66": "W", "77": "W", "13": "W", "44": "W", "11": "W", "6": "W", "29": "W", "28": "W", "75": "W", "34": "W", "78": "W", "73": "W"}, {"61": "N", "33": "N", "4": "N", "43": "N", "53": "N", "62": "N", "22": "N", "9": "N", "60": "N", "17": "N", "58": "N", "18": "N", "23": "N", "20": "N", "10": "N", "59": "N", "27": "N", "12": "N", "24": "N", "54": "N", "47": "N", "50": "N", "36": "N", "52": "N", "56": "N", "37": "N", "68": "N", "7": "N", "19": "N", "2": "N", "45": "N", "31": "N", "38": "N", "55": "N", "65": "N", "71": "N", "5": "N", "72": "N", "16": "N", "25": "N", "64": "N", "30": "N", "39": "N", "40": "N", "70": "N", "76": "N", "15": "N", "49": "N", "32": "N", "63": "N", "14": "W", "57": "W", "35": "N", "21": "N", "0": "W", "66": "W", "77": "W", "13": "W", "44": "W", "11": "W", "6": "W", "29": "W", "28": "W", "75": "W", "34": "W", "78": "W", "73": "W"}, {"61": "N", "33": "N", "4": "N", "43": "N", "53": "N", "62": "N", "22": "N", "9": "N", "60": "N", "17": "N", "58": "N", "18": "N", "23": "N", "20": "N", "10": "N", "59": "N", "27": "N", "12": "N", "24": "N", "54": "N", "47": "N", "50": "N", "36": "N", "52": "N", "56": "N", "37": "N", "68": "N", "7": "N", "19": "N", "2": "N", "45": "N", "31": "N", "38": "N", "55": "N", "65": "N", "71": "N", "5": "N", "72": "N", "16": "N", "25": "N", "64": "N", "30": "N", "39": "N", "40": "N", "70": "N", "76": "N", "15": "N", "49": "N", "32": "N", "63": "N", "14": "W", "57": "W", "35": "W", "21": "N", "0": "W", "66": "W", "77": "W", "13": "W", "44": "W", "11": "W", "6": "W", "29": "W", "28": "W", "75": "W", "34": "W", "78": "W", "73": "W"}, {"61": "N", "33": "N", "4": "N", "43": "N", "53": "N", "62": "N", "22": "N", "9": "N", "60": "N", "17": "N", "58": "N", "18": "N", "23": "N", "20": "N", "10": "N", "59": "N", "27": "N", "12": "N", "24": "N", "54": "N", "47": "N", "50": "N", "36": "N", "52": "N", "56": "N", "37": "N", "68": "N", "7": "N", "19": "N", "2": "N", "45": "N", "31": "N", "38": "N", "55": "N", "65": "N", "71": "N", "5": "N", "72": "N", "16": "N", "25": "N", "64": "N", "30": "N", "39": "N", "40": "N", "70": "N", "76": "N", "15": "W", "49": "N", "32": "N", "63": "N", "57": "W", "35": "W", "21": "W", "66": "W", "77": "W", "13": "W", "44": "W", "11": "W", "6": "W", "29": "W", "28": "W", "75": "W", "34": "W", "78": "W", "73": "W"}, {"61": "N", "33": "N", "4": "N", "43": "N", "53": "N", "62": "N", "22": "N", "9": "N", "60": "N", "17": "N", "58": "N", "18": "N", "23": "N", "20": "N", "10": "N", "59": "N", "27": "N", "12": "N", "24": "N", "54": "N", "47": "N", "50": "N", "36": "N", "52": "N", "56": "N", "37": "N", "68": "N", "7": "N", "19": "N", "2": "N", "45": "N", "31": "N", "38": "N", "55": "N", "65": "N", "71": "N", "5": "N", "72": "N", "16": "N", "25": "N", "64": "N", "30": "N", "39": "N", "40": "N", "70": "N", "76": "N", "15": "W", "49": "W", "32": "N", "63": "N", "57": "W", "35": "W", "21": "W", "66": "W", "77": "W", "13": "W", "11": "W", "6": "W", "29": "W", "28": "W", "34": "W", "78": "W"}, {"61": "N", "33": "N", "4": "N", "43": "N", "53": "N", "62": "N", "22": "N", "9": "N", "60": "N", "17": "N", "58": "N", "18": "N", "23": "N", "20": "N", "10": "N", "59": "N", "27": "N", "12": "N", "24": "N", "54": "N", "47": "N", "50": "N", "36": "N", "52": "N", "56": "N", "37": "N", "68": "N", "7": "N", "19": "N", "2": "N", "45": "N", "31": "N", "38": "N", "55": "N", "65": "N", "71": "N", "5": "N", "72": "N", "16": "N", "25": "N", "64": "N", "30": "N", "39": "N", "40": "N", "70": "N", "76": "N", "15": "W", "49": "W", "32": "W", "63": "N", "57": "W", "35": "W", "21": "W", "66": "W", "77": "W", "13": "W", "11": "W", "6": "W", "29": "W", "28": "W", "34": "W", "78": "W"}, {"61": "N", "33": "N", "4": "N", "43": "N", "53": "N", "62": "N", "22": "N", "9": "N", "60": "N", "17": "N", "58": "N", "18": "N", "23": "N", "20": "N", "10": "N", "59": "N", "27": "N", "12": "N", "24": "N", "54": "N", "47": "N", "50": "N", "36": "N", "52": "N", "56": "N", "37": "N", "68": "N", "7": "N", "19": "N", "2": "N", "45": "N", "31": "N", "38": "N", "55": "N", "65": "N", "71": "N", "5": "N", "72": "N", "16": "N", "25": "N", "64": "N", "30": "N", "39": "N", "40": "W", "70": "N", "76": "N", "15": "W", "49": "W", "32": "W", "63": "W", "57": "W", "35": "W", "21": "W", "66": "W", "77": "W", "13": "W", "11": "W", "6": "W", "29": "W", "28": "W", "34": "W", "78": "W"}, {"61": "N", "33": "N", "4": "N", "43": "N", "53": "N", "62": "N", "22": "N", "9": "N", "60": "N", "17": "N", "58": "N", "18": "N", "23": "N", "20": "N", "10": "N", "59": "N", "27": "N", "12": "N", "24": "N", "54": "N", "47": "N", "50": "N", "36": "N", "52": "N", "56": "N", "37": "N", "68": "N", "7": "N", "19": "N", "2": "N", "45": "N", "31": "N", "38": "N", "55": "N", "65": "N", "71": "N", "5": "N", "72": "N", "16": "N", "25": "N", "64": "N", "30": "N", "39": "N", "40": "W", "70": "W", "76": "N", "49": "W", "32": "W", "63": "W", "35": "W", "21": "W", "66": "W", "77": "W", "13": "W", "11": "W", "6": "W", "29": "W", "28": "W"}, {"61": "N", "33": "N", "4": "N", "43": "N", "53": "N", "62": "N", "22": "N", "9": "N", "60": "N", "17": "N", "58": "N", "18": "N", "23": "N", "20": "N", "10": "N", "59": "N", "27": "N", "12": "N", "24": "N", "54": "N", "47": "N", "50": "N", "36": "N", "52": "N", "56": "N", "37": "N", "68": "N", "7": "N", "19": "N", "2": "N", "45": "N", "31": "N", "38": "N", "55": "N", "65": "N", "71": "N", "5": "N", "72": "N", "16": "N", "25": "W", "64": "N", "30": "N", "39": "N", "40": "W", "70": "W", "76": "W", "49": "W", "32": "W", "63": "W", "35": "W", "21": "W", "66": "W", "77": "W", "13": "W", "11": "W", "6": "W", "28": "W"}, {"61": "N", "33": "N", "4": "N", "43": "N", "53": "N", "62": "N", "22": "N", "9": "N", "60": "N", "17": "N", "58": "N", "18": "N", "23": "N", "20": "N", "10": "N", "59": "N", "27": "N", "12": "N", "24": "N", "54": "N", "47": "N", "50": "N", "36": "N", "52": "N", "56": "N", "37": "N", "68": "N", "7": "N", "19": "N", "2": "N", "45": "N", "31": "N", "38": "N", "55": "N", "65": "N", "71": "N", "5": "N", "72": "N", "16": "N", "25": "W", "64": "W", "30": "N", "39": "N", "40": "W", "70": "W", "76": "W", "49": "W", "32": "W", "63": "W", "35": "W", "21": "W", "77": "W", "13": "W", "11": "W", "6": "W", "28": "W"}, {"61": "N", "33": "N", "4": "N", "43": "N", "53": "N", "62": "N", "22": "N", "9": "N", "60": "N", "17": "N", "58": "N", "18": "N", "23": "N", "20": "N", "10": "N", "59": "N", "27": "N", "12": "N", "24": "N", "54": "N", "47": "N", "50": "N", "36": "N", "52": "N", "56": "N", "37": "N", "68": "N", "7": "N", "19": "N", "2": "N", "45": "N", "31": "N", "38": "N", "55": "N", "65": "N", "71": "N", "5": "N", "72": "N", "16": "N", "25": "W", "64": "W", "30": "W", "39": "N", "40": "W", "70": "W", "76": "W", "49": "W", "32": "W", "63": "W", "35": "W", "21": "W", "77": "W", "13": "W", "11": "W", "6": "W", "28": "W"}, {"61": "N", "33": "N", "4": "N", "43": "N", "53": "N", "62": "N", "22": "N", "9": "N", "60": "N", "17": "N", "58": "N", "18": "N", "23": "N", "20": "N", "10": "N", "59": "N", "27": "N", "12": "N", "24": "N", "54": "N", "47": "N", "50": "N", "36": "N", "52": "N", "56": "N", "37": "N", "68": "N", "7": "N", "19": "N", "2": "N", "45": "N", "31": "N", "38": "N", "55": "N", "65": "N", "71": "W", "5": "N", "72": "N", "16": "N", "25": "W", "64": "W", "30": "W", "39": "W", "40": "W", "70": "W", "76": "W", "49": "W", "32": "W", "63": "W", "35": "W", "21": "W", "77": "W", "13": "W", "6": "W", "28": "W"}, {"61": "N", "33": "N", "4": "N", "43": "N", "53": "N", "62": "N", "22": "N", "9": "N", "60": "N", "17": "N", "58": "N", "18": "N", "23": "N", "20": "N", "10": "N", "59": "N", "27": "N", "12": "N", "24": "N", "54": "N", "47": "N", "50": "N", "36": "N", "52": "N", "56": "N", "37": "N", "68": "N", "7": "N", "19": "N", "2": "N", "45": "N", "31": "N", "38": "N", "55": "N", "65": "N", "71": "W", "5": "W", "72": "N", "16": "N", "25": "W", "64": "W", "30": "W", "39": "W", "40": "W", "70": "W", "76": "W", "49": "W", "32": "W", "63": "W", "21": "W", "13": "W", "6": "W", "28": "W"}, {"61": "N", "33": "N", "4": "N", "43": "N", "53": "N", "62": "N", "22": "N", "9": "N", "60": "N", "17": "N", "58": "N", "18": "N", "23": "N", "20": "N", "10": "N", "59": "N", "27": "N", "12": "N", "24": "N", "54": "N", "47": "N", "50": "N", "36": "N", "52": "N", "56": "N", "37": "N", "68": "N", "7": "N", "19": "N", "2": "N", "45": "N", "31": "N", "38": "N", "55": "N", "65": "N", "71": "W", "5": "W", "72": "W", "16": "N", "25": "W", "64": "W", "30": "W", "39": "W", "40": "W", "70": "W", "76": "W", "49": "W", "32": "W", "63": "W", "21": "W", "13": "W", "6": "W", "28": "W"}, {"61": "N", "33": "N", "4": "N", "43": "N", "53": "N", "62": "N", "22": "N", "9": "N", "60": "N", "17": "N", "58": "N", "18": "N", "23": "N", "20": "N", "10": "N", "59": "N", "27": "N", "12": "N", "24": "N", "54": "N", "47": "N", "50": "N", "36": "N", "52": "N", "56": "N", "37": "N", "68": "N", "7": "N", "19": "N", "2": "N", "45": "N", "31": "W", "38": "N", "55": "N", "65": "N", "5": "W", "72": "W", "16": "W", "25": "W", "64": "W", "30": "W", "39": "W", "40": "W", "70": "W", "76": "W", "49": "W", "32": "W", "63": "W", "21": "W", "13": "W", "6": "W"}, {"61": "N", "33": "N", "4": "N", "43": "N", "53": "N", "62": "N", "22": "N", "9": "N", "60": "N", "17": "N", "58": "N", "18": "N", "23": "N", "20": "N", "10": "N", "59": "N", "27": "N", "12": "N", "24": "N", "54": "N", "47": "N", "50": "N", "36": "N", "52": "N", "56": "N", "37": "N", "68": "N", "7": "N", "19": "N", "2": "N", "45": "N", "31": "W", "38": "W", "55": "N", "65": "N", "5": "W", "72": "W", "16": "W", "25": "W", "64": "W", "30": "W", "39": "W", "40": "W", "70": "W", "76": "W", "49": "W", "32": "W", "63": "W", "21": "W", "13": "W"}, {"61": "N", "33": "N", "4": "N", "43": "N", "53": "N", "62": "N", "22": "N", "9": "N", "60": "N", "17": "N", "58": "N", "18": "N", "23": "N", "20": "N", "10": "N", "59": "N", "27": "N", "12": "N", "24": "N", "54": "N", "47": "N", "50": "N", "36": "N", "52": "N", "56": "N", "37": "N", "68": "N", "7": "N", "19": "N", "2": "N", "45": "N", "31": "W", "38": "W", "55": "W", "65": "N", "5": "W", "72": "W", "16": "W", "25": "W", "64": "W", "30": "W", "39": "W", "70": "W", "76": "W", "49": "W", "32": "W", "63": "W", "21": "W", "13": "W"}, {"61": "N", "33": "N", "4": "N", "43": "N", "53": "N", "62": "N", "22": "N", "9": "N", "60": "N", "17": "N", "58": "N", "18": "N", "23": "N", "20": "N", "10": "N", "59": "N", "27": "N", "12": "N", "24": "N", "54": "N", "47": "N", "50": "N", "36": "N", "52": "N", "56": "N", "37": "W", "68": "N", "7": "N", "19": "N", "2": "N", "45": "N", "31": "W", "38": "W", "55": "W", "65": "W", "5": "W", "72": "W", "16": "W", "64": "W", "30": "W", "39": "W", "70": "W", "76": "W", "49": "W", "32": "W", "63": "W", "21": "W"}, {"61": "N", "33": "N", "4": "N", "43": "N", "53": "N", "62": "N", "22": "N", "9": "N", "60": "N", "17": "N", "58": "N", "18": "N", "23": "N", "20": "N", "10": "N", "59": "N", "27": "N", "12": "N", "24": "N", "54": "N", "47": "N", "50": "N", "36": "N", "52": "N", "56": "N", "37": "W", "68": "W", "7": "N", "19": "N", "2": "N", "45": "N", "31": "W", "38": "W", "55": "W", "65": "W", "5": "W", "72": "W", "16": "W", "64": "W", "30": "W", "39": "W", "76": "W", "32": "W", "63": "W", "21": "W"}, {"61": "N", "33": "N", "4": "N", "43": "N", "53": "N", "62": "N", "22": "N", "9": "N", "60": "N", "17": "N", "58": "N", "18": "N", "23": "N", "20": "N", "10": "N", "59": "N", "27": "N", "12": "N", "24": "N", "54": "N", "47": "N", "50": "N", "36": "N", "52": "N", "56": "N", "37": "W", "68": "W", "7": "W", "19": "N", "2": "N", "45": "N", "31": "W", "38": "W", "55": "W", "65": "W", "5": "W", "72": "W", "16": "W", "64": "W", "30": "W", "39": "W", "76": "W", "32": "W", "63": "W", "21": "W"}, {"61": "N", "33": "N", "4": "N", "43": "N", "53": "N", "62": "N", "22": "N", "9": "N", "60": "N", "17": "N", "58": "N", "18": "N", "23": "N", "20": "N", "10": "N", "59": "N", "27": "N", "12": "N", "24": "N", "54": "N", "47": "N", "50": "N", "36": "N", "52": "N", "56": "N", "37": "W", "68": "W", "7": "W", "19": "W", "2": "N", "45": "N", "31": "W", "38": "W", "55": "W", "65": "W", "5": "W", "72": "W", "16": "W", "30": "W", "39": "W", "76": "W", "32": "W", "63": "W", "21": "W"}, {"61": "N", "33": "N", "4": "N", "43": "N", "53": "N", "62": "N", "22": "N", "9": "N", "60": "N", "17": "N", "58": "N", "18": "N", "23": "N", "20": "N", "10": "N", "59": "N", "27": "N", "12": "N", "24": "N", "54": "N", "47": "N", "50": "N", "36": "N", "52": "N", "56": "N", "68": "W", "7": "W", "19": "W", "2": "W", "45": "N", "38": "W", "55": "W", "65": "W", "72": "W", "16": "W", "30": "W", "39": "W", "76": "W", "32": "W", "63": "W", "21": "W"}, {"61": "N", "33": "N", "4": "N", "43": "N", "53": "N", "62": "N", "22": "N", "9": "N", "60": "N", "17": "N", "58": "N", "18": "N", "23": "N", "20": "N", "10": "N", "59": "N", "27": "N", "12": "N", "24": "N", "54": "N", "47": "N", "50": "W", "36": "N", "52": "N", "56": "N", "68": "W", "7": "W", "19": "W", "2": "W", "45": "W", "38": "W", "55": "W", "65": "W", "72": "W", "16": "W", "30": "W", "39": "W", "76": "W", "32": "W", "63": "W"}, {"61": "N", "33": "N", "4": "N", "43": "N", "53": "N", "62": "N", "22": "N", "9": "N", "60": "N", "17": "N", "58": "N", "18": "N", "23": "N", "20": "N", "10": "N", "59": "N", "27": "N", "12": "N", "24": "N", "54": "N", "47": "N", "50": "W", "36": "W", "52": "N", "56": "N", "68": "W", "7": "W", "19": "W", "2": "W", "45": "W", "38": "W", "55": "W", "65": "W", "72": "W", "16": "W", "39": "W", "32": "W", "63": "W"}, {"61": "N", "33": "N", "4": "N", "43": "N", "53": "N", "62": "N", "22": "N", "9": "N", "60": "N", "17": "N", "58": "N", "18": "N", "23": "N", "20": "N", "10": "N", "59": "N", "27": "N", "12": "N", "24": "N", "54": "N", "47": "N", "50": "W", "36": "W", "52": "W", "56": "N", "7": "W", "19": "W", "2": "W", "45": "W", "38": "W", "55": "W", "65": "W", "16": "W", "39": "W", "63": "W"}, {"61": "N", "33": "N", "4": "N", "43": "N", "53": "N", "62": "N", "22": "N", "9": "N", "60": "N", "17": "N", "58": "N", "18": "N", "23": "N", "20": "N", "10": "W", "59": "N", "27": "N", "12": "N", "24": "N", "54": "N", "47": "N", "50": "W", "36": "W", "52": "W", "56": "W", "7": "W", "19": "W", "2": "W", "45": "W", "55": "W", "65": "W", "16": "W", "39": "W", "63": "W"}, {"61": "N", "33": "N", "4": "N", "43": "N", "53": "N", "62": "N", "22": "N", "9": "N", "60": "N", "17": "N", "58": "N", "18": "N", "23": "N", "20": "N", "10": "W", "59": "W", "27": "N", "12": "N", "24": "N", "54": "N", "47": "N", "50": "W", "36": "W", "52": "W", "56": "W", "7": "W", "19": "W", "2": "W", "45": "W", "55": "W", "65": "W", "39": "W", "63": "W"}, {"61": "N", "33": "N", "4": "N", "43": "N", "53": "N", "62": "N", "22": "N", "9": "N", "60": "N", "17": "N", "58": "N", "18": "N", "23": "N", "20": "N", "10": "W", "59": "W", "27": "W", "12": "N", "24": "N", "54": "N", "47": "N", "50": "W", "36": "W", "52": "W", "56": "W", "7": "W", "19": "W", "2": "W", "45": "W", "55": "W", "65": "W", "39": "W", "63": "W"}, {"61": "N", "33": "N", "4": "N", "43": "N", "53": "N", "62": "N", "22": "N", "9": "N", "60": "N", "17": "N", "58": "N", "18": "N", "23": "N", "20": "N", "10": "W", "59": "W", "27": "W", "12": "W", "24": "N", "54": "N", "47": "N", "50": "W", "36": "W", "52": "W", "56": "W", "7": "W", "19": "W", "2": "W", "45": "W", "55": "W", "65": "W"}, {"61": "N", "33": "N", "4": "N", "43": "N", "53": "N", "62": "N", "22": "N", "9": "N", "60": "N", "17": "N", "58": "N", "18": "N", "23": "N", "20": "N", "59": "W", "27": "W", "12": "W", "24": "W", "54": "N", "47": "N", "50": "W", "36": "W", "52": "W", "56": "W", "19": "W", "2": "W", "45": "W", "55": "W", "65": "W"}, {"61": "N", "33": "N", "4": "N", "43": "N", "53": "N", "62": "N", "22": "N", "9": "N", "60": "N", "17": "N", "58": "N", "18": "N", "23": "N", "20": "N", "59": "W", "27": "W", "12": "W", "24": "W", "54": "W", "47": "N", "50": "W", "36": "W", "52": "W", "56": "W", "19": "W", "2": "W", "45": "W", "55": "W", "65": "W"}, {"61": "N", "33": "N", "4": "N", "43": "N", "53": "N", "62": "N", "22": "N", "9": "N", "60": "N", "17": "N", "58": "W", "18": "N", "23": "N", "20": "N", "27": "W", "12": "W", "24": "W", "54": "W", "47": "W", "36": "W", "52": "W", "56": "W", "2": "W", "45": "W", "55": "W", "65": "W"}, {"61": "N", "33": "N", "4": "N", "43": "N", "53": "N", "62": "N", "22": "N", "9": "N", "60": "N", "17": "N", "58": "W", "18": "W", "23": "N", "20": "N", "27": "W", "12": "W", "24": "W", "54": "W", "47": "W", "36": "W", "52": "W", "56": "W", "2": "W", "45": "W", "55": "W", "65": "W"}, {"61": "N", "33": "N", "4": "N", "43": "N", "53": "N", "62": "N", "22": "N", "9": "N", "60": "N", "17": "N", "58": "W", "18": "W", "23": "W", "20": "N", "12": "W", "24": "W", "54": "W", "47": "W", "36": "W", "52": "W", "56": "W", "2": "W", "45": "W", "55": "W", "65": "W"}, {"61": "N", "33": "N", "4": "N", "43": "N", "53": "N", "62": "N", "22": "N", "9": "N", "60": "W", "17": "N", "58": "W", "18": "W", "23": "W", "20": "W", "12": "W", "24": "W", "54": "W", "47": "W", "36": "W", "52": "W", "56": "W", "2": "W", "45": "W", "65": "W"}, {"61": "N", "33": "N", "4": "N", "43": "N", "53": "N", "62": "N", "22": "W", "9": "N", "60": "W", "17": "W", "18": "W", "23": "W", "20": "W", "24": "W", "54": "W", "47": "W", "52": "W", "56": "W", "2": "W", "45": "W", "65": "W"}, {"61": "W", "33": "N", "4": "N", "43": "N", "53": "N", "62": "N", "22": "W", "9": "W", "60": "W", "17": "W", "18": "W", "23": "W", "20": "W", "24": "W", "54": "W", "47": "W", "52": "W", "56": "W", "2": "W", "45": "W", "65": "W"}, {"61": "W", "33": "W", "4": "N", "43": "N", "53": "N", "62": "N", "22": "W", "9": "W", "60": "W", "17": "W", "18": "W", "23": "W", "20": "W", "24": "W", "54": "W", "47": "W", "52": "W", "56": "W", "2": "W", "45": "W", "65": "W"}, {"61": "W", "33": "W", "4": "W", "43": "N", "53": "N", "62": "N", "22": "W", "9": "W", "60": "W", "17": "W", "23": "W", "20": "W", "24": "W", "54": "W", "47": "W", "52": "W", "56": "W", "2": "W", "45": "W"}, {"61": "W", "33": "W", "4": "W", "43": "W", "53": "N", "62": "N", "22": "W", "9": "W", "60": "W", "17": "W", "23": "W", "20": "W", "24": "W", "54": "W", "47": "W", "52": "W", "56": "W", "2": "W", "45": "W"}, {"33": "W", "4": "W", "43": "W", "53": "W", "62": "N", "22": "W", "9": "W", "17": "W", "23": "W", "20": "W", "24": "W", "54": "W", "47": "W", "52": "W", "56": "W", "45": "W"}, {"33": "W", "4": "W", "43": "W", "53": "W", "62": "W", "22": "W", "9": "W", "17": "W", "23": "W", "20": "W", "24": "W", "54": "W", "47": "W", "56": "W", "45": "W"}, {"33": "W", "4": "W", "43": "W", "53": "W", "62": "W", "22": "W", "9": "W", "17": "W", "23": "W", "20": "W", "54": "W", "47": "W", "56": "W", "45": "W"}, {"4": "W", "43": "W", "53": "W", "62": "W", "22": "W", "9": "W", "17": "W", "23": "W", "20": "W", "54": "W", "47": "W"}, {"4": "W", "43": "W", "53": "W", "62": "W", "22": "W", "9": "W", "17": "W", "23": "W", "20": "W", "47": "W"}, {"43": "W", "53": "W", "62": "W", "22": "W", "9": "W", "17": "W", "23": "W", "20": "W", "47": "W"}, {"43": "W", "53": "W", "62": "W", "22": "W", "9": "W", "23": "W", "20": "W", "47": "W"}, {"43": "W", "53": "W", "62": "W", "22": "W", "9": "W", "20": "W", "47": "W"}, {"43": "W", "53": "W", "62": "W", "22": "W", "9": "W", "20": "W", "47": "W"}, {"53": "W", "62": "W", "22": "W", "9": "W", "20": "W", "47": "W"}, {"53": "W", "62": "W", "22": "W", "9": "W", "20": "W", "47": "W"}, {"53": "W", "62": "W", "9": "W", "20": "W", "47": "W"}, {"53": "W", "62": "W", "9": "W", "20": "W", "47": "W"}, {"62": "W", "9": "W", "20": "W"}, {"62": "W", "9": "W", "20": "W"}, {"62": "W", "20": "W"}, {"62": "W"}, {"62": "W"}, {"62": "W"}, {"62": "W"}, {"62": "W"}, {"26": "E", "46": "E", "64": "E", "25": "E"}, {"26": "E", "46": "E", "25": "S"}, {"26": "N", "46": "N", "64": "S", "25": "S"}, {"26": "N", "46": "E", "64": "S", "25": "S"}, {"26": "N", "46": "E", "64": "S", "25": "S"}, {"26": "N", "46": "E", "64": "S", "25": "S"}, {"26": "N", "46": "E", "64": "S", "25": "S"}, {"26": "E", "46": "E", "64": "S", "25": "S"}, {"26": "E", "46": "E", "64": "S", "25": "S"}, {"26": "E", "46": "E", "64": "S", "25": "S"}, {"26": "E", "46": "E", "64": "S", "25": "S"}, {"26": "E", "46": "E", "64": "S", "25": "S"}, {"26": "E", "46": "E", "64": "S", "25": "S"}, {"26": "E", "46": "E", "64": "S", "25": "S"}, {"26": "E", "46": "E", "64": "S", "25": "S"}, {"26": "E", "46": "E", "64": "S", "25": "S"}, {"26": "E", "46": "E", "64": "S", "25": "S"}, {"26": "E", "46": "E", "64": "S", "25": "S"}, {"26": "E", "46": "E", "64": "S", "25": "S"}, {"26": "E", "46": "E", "64": "S", "25": "E"}, {"26": "E", "46": "E", "64": "S", "25": "E"}, {"26": "E", "46": "E", "64": "S", "25": "E"}, {"26": "E", "46": "E", "64": "S", "25": "E"}, {"26": "E", "64": "S", "25": "E"}, {"26": "E", "64": "S", "25": "E"}, {"26": "E", "64": "E", "25": "E"}, {"26": "E", "64": "E", "25": "E", "23": "E", "68": "E", "54": "E", "3": "E"}, {"64": "E", "25": "E", "23": "S", "68": "S", "54": "S", "3": "E"}, {"64": "E", "25": "E", "23": "S", "68": "S", "54": "S", "3": "N"}, {"64": "E", "25": "E", "23": "S", "68": "S", "54": "S", "3": "N"}, {"64": "E", "25": "E", "23": "S", "68": "S", "54": "S", "3": "N"}, {"64": "E", "25": "E", "23": "S", "68": "S", "54": "S", "3": "N"}, {"64": "E", "25": "E", "23": "S", "68": "S", "54": "S", "3": "N"}, {"64": "E", "25": "E", "23": "S", "68": "S", "54": "S", "3": "N"}, {"64": "E", "25": "E", "23": "S", "68": "S", "54": "S", "3": "N"}, {"64": "E", "25": "E", "23": "S", "68": "S", "54": "S", "3": "N"}, {"64": "E", "25": "E", "23": "S", "68": "S", "54": "S", "3": "N"}, {"64": "E", "25": "E", "23": "S", "68": "S", "54": "S", "3": "N"}, {"64": "E", "25": "E", "23": "S", "68": "S", "54": "S", "3": "E"}, {"64": "E", "25": "E", "23": "S", "68": "S", "54": "S", "3": "E"}, {"64": "E", "23": "S", "68": "S", "54": "S", "3": "E"}, {"64": "E", "23": "S", "68": "S", "54": "S", "3": "E"}, {"64": "E", "23": "S", "68": "S", "54": "S", "3": "E"}, {"64": "E", "23": "S", "68": "S", "54": "S", "3": "E"}, {"64": "E", "23": "S", "68": "S", "54": "S", "3": "E"}, {"64": "E", "23": "S", "68": "S", "54": "S", "3": "E"}, {"23": "S", "68": "S", "54": "S", "3": "E"}, {"23": "S", "68": "S", "54": "S", "3": "E"}, {"23": "S", "68": "S", "54": "S", "3": "E"}, {"23": "S", "68": "S", "54": "S", "3": "E"}, {"23": "S", "68": "S", "54": "S", "3": "E"}, {"23": "S", "68": "S", "54": "S", "3": "E"}, {"23": "S", "68": "S", "54": "S", "3": "E"}, {"23": "S", "68": "S", "54": "S", "3": "E"}, {"23": "S", "68": "S", "54": "S", "3": "E"}, {"23": "S", "68": "S", "54": "S", "3": "E"}, {"23": "S", "68": "S", "54": "S", "3": "E"}, {"23": "S", "68": "S", "54": "S"}, {"23": "S", "68": "S", "54": "S"}, {"23": "S", "68": "S", "54": "S"}, {"23": "S", "68": "S", "54": "S"}, {"23": "S", "68": "S", "54": "S"}, {"23": "S", "68": "S", "54": "S"}, {"23": "S", "68": "S", "54": "S"}, {"23": "S", "68": "S", "54": "S"}, {"23": "S", "68": "S", "54": "S"}, {"23": "S", "68": "S", "54": "S"}, {"23": "S", "68": "S", "54": "S"}, {"23": "S", "68": "S", "54": "S"}, {"23": "S", "68": "S", "54": "S"}, {"23": "S", "68": "S", "54": "S"}, {"23": "S", "68": "E", "54": "S"}, {"23": "S", "68": "E", "54": "S"}, {"23": "S", "68": "E", "54": "S"}, {"23": "S", "68": "E", "54": "S"}, {"23": "S", "68": "E", "54": "S"}, {"23": "S", "68": "E", "54": "S"}, {"23": "S", "68": "E", "54": "S"}, {"23": "S", "68": "E", "54": "S"}, {"23": "S", "68": "E", "54": "S"}, {"23": "S", "68": "E", "54": "S"}, {"23": "S", "68": "E", "54": "E"}, {"23": "S", "68": "E", "54": "E"}, {"23": "S", "68": "E", "54": "E"}, {"23": "S", "68": "E", "54": "E"}, {"23": "S", "68": "E", "54": "E"}, {"23": "S", "68": "E", "54": "E"}, {"23": "S", "68": "E", "54": "E"}, {"23": "S", "68": "E", "54": "E"}, {"23": "S", "68": "E", "54": "E"}, {"23": "S", "68": "E", "54": "E"}, {"23": "S", "54": "E"}, {"23": "E", "54": "E"}, {"23": "E", "54": "E", "30": "E", "58": "E", "79": "E"}, {"23": "E", "54": "E", "30": "S", "58": "S", "79": "E"}, {"23": "E", "54": "E", "30": "S", "58": "S", "79": "N"}, {"23": "E", "54": "E", "30": "S", "58": "S", "79": "N"}, {"23": "E", "54": "E", "30": "S", "58": "S", "79": "N"}, {"23": "E", "54": "E", "30": "S", "58": "S", "79": "N"}, {"23": "E", "54": "E", "30": "S", "58": "S", "79": "N"}, {"23": "E", "54": "E", "30": "S", "58": "S", "79": "N"}, {"23": "E", "30": "S", "58": "S", "79": "N"}, {"23": "E", "30": "S", "58": "S", "79": "N"}, {"23": "E", "30": "S", "58": "S", "79": "N"}, {"23": "E", "30": "S", "58": "S", "79": "N"}, {"23": "E", "30": "S", "58": "S", "79": "N"}, {"23": "E", "30": "S", "58": "S", "79": "N"}, {"23": "E", "30": "S", "58": "S", "79": "N"}, {"23": "E", "30": "S", "58": "S", "79": "N"}, {"23": "E", "30": "S", "58": "S", "79": "E"}, {"23": "E", "30": "S", "58": "S", "79": "E"}, {"23": "E", "30": "S", "58": "S", "79": "E"}, {"30": "S", "58": "S", "79": "E"}, {"30": "S", "58": "S", "79": "E"}, {"30": "S", "58": "S", "79": "E"}, {"30": "S", "58": "S", "79": "E"}, {"30": "E", "58": "S", "79": "E"}, {"30": "E", "58": "S", "79": "E"}, {"30": "E", "58": "S", "79": "E"}, {"30": "E", "58": "S", "79": "E"}, {"30": "E", "58": "S", "79": "E"}, {"30": "E", "58": "S", "79": "E"}, {"30": "E", "58": "S", "79": "E"}, {"30": "E", "58": "S", "79": "E"}, {"30": "E", "58": "S", "79": "E"}, {"30": "E", "58": "S", "79": "E"}, {"30": "E", "58": "S", "79": "E"}, {"30": "E", "58": "S"}, {"30": "E", "58": "S"}, {"30": "E", "58": "S"}, {"30": "E", "58": "S"}, {"30": "E", "58": "S"}, {"30": "E", "58": "S"}, {"30": "E", "58": "S"}, {"30": "E", "58": "S"}, {"58": "S"}, {"58": "S"}, {"58": "S"}, {"58": "S"}, {"58": "S"}, {"58": "S"}, {"58": "S"}, {"58": "E"}, {"58": "E", "38": "E", "1": "E", "9": "E", "8": "E"}, {"58": "E", "38": "S", "1": "S", "9": "S", "8": "S"}, {"58": "E", "38": "S", "1": "S", "9": "S", "8": "S"}, {"58": "E", "38": "S", "1": "S", "9": "S", "8": "S"}, {"58": "E", "38": "S", "1": "E", "9": "S", "8": "S"}, {"58": "E", "38": "S", "1": "E", "9": "S", "8": "S"}, {"58": "E", "38": "S", "1": "E", "9": "S", "8": "S"}, {"58": "E", "38": "S", "1": "E", "9": "S", "8": "S"}, {"58": "E", "38": "S", "1": "E", "9": "S", "8": "S"}, {"58": "E", "38": "S", "1": "E", "9": "S", "8": "S"}, {"58": "E", "38": "S", "1": "E", "9": "S", "8": "S"}, {"58": "E", "38": "S", "1": "E", "9": "S", "8": "E"}, {"58": "E", "38": "S", "1": "E", "9": "S", "8": "E"}, {"58": "E", "38": "S", "1": "E", "9": "S", "8": "E"}, {"58": "E", "38": "S", "1": "E", "9": "S", "8": "E"}, {"58": "E", "38": "S", "1": "E", "9": "S", "8": "E"}, {"58": "E", "38": "S", "1": "E", "9": "S", "8": "E"}, {"58": "E", "38": "S", "1": "E", "9": "S", "8": "E"}, {"38": "S", "1": "E", "9": "S", "8": "E"}, {"38": "S", "1": "E", "9": "S", "8": "E"}, {"38": "S", "1": "E", "9": "S", "8": "E"}, {"38": "S", "1": "E", "9": "S", "8": "E"}, {"38": "S", "9": "S", "8": "E"}, {"38": "S", "9": "S", "8": "E"}, {"38": "S", "9": "S", "8": "E"}, {"38": "S", "9": "S", "8": "E"}, {"38": "S", "9": "S", "8": "E"}, {"38": "S", "9": "S", "8": "E"}, {"38": "S", "9": "S", "8": "E"}, {"38": "S", "9": "S"}, {"38": "S", "9": "S"}, {"38": "S", "9": "S"}, {"38": "S", "9": "S"}, {"38": "S", "9": "S"}, {"38": "S", "9": "S"}, {"38": "S", "9": "S"}, {"38": "S", "9": "S"}, {"38": "S", "9": "S"}, {"38": "S", "9": "S"}, {"38": "S", "9": "S"}, {"38": "S", "9": "S"}, {"38": "S", "9": "S"}, {"38": "E", "9": "S"}, {"38": "E", "9": "S"}, {"38": "E", "9": "S"}, {"38": "E", "9": "S"}, {"38": "E", "9": "S"}, {"38": "E", "9": "S"}, {"38": "E", "9": "S"}, {"38": "E", "9": "S"}, {"38": "E", "9": "S"}, {"38": "E", "9": "S"}, {"38": "E", "9": "S"}, {"38": "E", "9": "S"}, {"38": "E", "9": "S"}, {"38": "E", "9": "S"}, {"38": "E", "9": "S"}, {"38": "E", "9": "S"}, {"38": "E", "9": "S"}, {"38": "E", "9": "S"}, {"9": "S"}, {"9": "S"}, {"9": "S"}, {"9": "S"}, {"9": "S"}, {"9": "S"}, {"9": "S"}, {"9": "E"}, {"9": "E", "70": "E", "49": "E", "55": "E"}, {"9": "E", "70": "S", "49": "S", "55": "S"}, {"9": "E", "70": "S", "49": "S", "55": "S"}, {"9": "E", "70": "S", "49": "S", "55": "S"}, {"9": "E", "70": "S", "49": "S", "55": "S"}, {"9": "E", "70": "S", "49": "S", "55": "S"}, {"9": "E", "70": "S", "49": "S", "55": "S"}, {"9": "E", "70": "S", "49": "S", "55": "S"}, {"9": "E", "70": "S", "49": "S", "55": "S"}, {"9": "E", "70": "S", "49": "S", "55": "S"}, {"9": "E", "70": "S", "49": "S", "55": "S"}, {"9": "E", "70": "S", "49": "S", "55": "S"}, {"9": "E", "70": "S", "49": "S", "55": "S"}, {"9": "E", "70": "S", "49": "S", "55": "S"}, {"9": "E", "70": "S", "49": "S", "55": "S"}, {"9": "E", "70": "S", "49": "S", "55": "S"}, {"9": "E", "70": "S", "49": "S", "55": "S"}, {"70": "S", "49": "S", "55": "S"}, {"70": "S", "49": "S", "55": "S"}, {"70": "S", "49": "S", "55": "S"}, {"70": "S", "49": "E", "55": "S"}, {"70": "S", "49": "E", "55": "S"}, {"70": "S", "49": "E", "55": "S"}, {"70": "S", "49": "E", "55": "S"}, {"70": "S", "49": "E", "55": "S"}, {"70": "S", "49": "E", "55": "S"}, {"70": "S", "49": "E", "55": "S"}, {"70": "S", "49": "E", "55": "S"}, {"70": "S", "49": "E", "55": "S"}, {"70": "S", "49": "E", "55": "S"}, {"70": "S", "49": "E", "55": "S"}, {"70": "S", "49": "E", "55": "S"}, {"70": "S", "49": "E", "55": "E"}, {"70": "S", "49": "E", "55": "E"}, {"70": "S", "49": "E", "55": "E"}, {"70": "E", "49": "E", "55": "E"}, {"70": "E", "49": "E", "55": "E", "72": "E", "44": "E", "62": "E", "47": "E"}, {"70": "E", "55": "E", "72": "S", "44": "S", "62": "S", "47": "S"}, {"70": "E", "55": "E", "72": "S", "44": "S", "62": "S", "47": "S"}, {"70": "E", "55": "E", "72": "S", "44": "S", "62": "S", "47": "S"}, {"70": "E", "55": "E", "72": "S", "44": "S", "62": "S", "47": "S"}, {"70": "E", "55": "E", "72": "S", "44": "S", "62": "S", "47": "S"}, {"70": "E", "55": "E", "72": "S", "44": "S", "62": "S", "47": "S"}, {"70": "E", "55": "E", "72": "S", "44": "S", "62": "S", "47": "S"}, {"70": "E", "55": "E", "72": "S", "44": "S", "62": "S", "47": "S"}, {"70": "E", "55": "E", "72": "S", "44": "S", "62": "S", "47": "S"}, {"70": "E", "55": "E", "72": "S", "44": "S", "62": "S", "47": "S"}, {"70": "E", "55": "E", "72": "S", "44": "S", "62": "S", "47": "S"}, {"70": "E", "55": "E", "72": "S", "44": "S", "62": "S", "47": "S"}, {"70": "E", "72": "S", "44": "S", "62": "S", "47": "S"}, {"70": "E", "72": "S", "44": "S", "62": "S", "47": "S"}, {"70": "E", "72": "S", "44": "S", "62": "S", "47": "S"}, {"72": "S", "44": "S", "62": "S", "47": "S"}, {"72": "S", "44": "E", "62": "S", "47": "S"}, {"72": "S", "44": "E", "62": "S", "47": "S"}, {"72": "S", "44": "E", "62": "S", "47": "S"}, {"72": "S", "44": "E", "62": "S", "47": "S"}, {"72": "S", "44": "E", "62": "S", "47": "S"}, {"72": "S", "44": "E", "62": "S", "47": "S"}, {"72": "S", "44": "E", "62": "S", "47": "S"}, {"72": "S", "44": "E", "62": "S", "47": "S"}, {"72": "S", "44": "E", "62": "S", "47": "S"}, {"72": "S", "44": "E", "62": "S", "47": "S"}, {"72": "S", "44": "E", "62": "S", "47": "S"}, {"72": "S", "44": "E", "62": "S", "47": "S"}, {"72": "S", "44": "E", "62": "S", "47": "S"}, {"72": "S", "44": "E", "62": "S", "47": "S"}, {"72": "S", "44": "E", "62": "S", "47": "S"}, {"72": "S", "44": "E", "62": "S", "47": "S"}, {"72": "S", "62": "S", "47": "S"}, {"72": "S", "62": "S", "47": "S"}, {"72": "S", "62": "S", "47": "S"}, {"72": "S", "62": "S", "47": "S"}, {"72": "S", "62": "S", "47": "S"}, {"72": "S", "62": "S", "47": "S"}, {"72": "S", "62": "S", "47": "S"}, {"72": "S", "62": "S", "47": "S"}, {"72": "S", "62": "S", "47": "S"}, {"72": "S", "62": "S", "47": "S"}, {"72": "E", "62": "S", "47": "S"}, {"72": "E", "62": "S", "47": "S"}, {"72": "E", "62": "S", "47": "S"}, {"72": "E", "62": "S", "47": "S"}, {"72": "E", "62": "S", "47": "S"}, {"72": "E", "62": "S", "47": "S"}, {"72": "E", "62": "S", "47": "S"}, {"72": "E", "62": "S", "47": "S"}, {"72": "E", "62": "S", "47": "S"}, {"72": "E", "62": "S", "47": "S"}, {"72": "E", "62": "S", "47": "S"}, {"72": "E", "62": "S", "47": "S"}, {"72": "E", "62": "S", "47": "S"}, {"72": "E", "62": "S", "47": "S"}, {"72": "E", "62": "S", "47": "E"}, {"72": "E", "62": "S", "47": "E"}, {"62": "S", "47": "E"}, {"62": "S", "47": "E"}, {"62": "S", "47": "E"}, {"62": "S", "47": "E"}, {"62": "S", "47": "E"}, {"62": "S", "47": "E"}, {"62": "S", "47": "E"}, {"62": "S", "47": "E"}, {"62": "S", "47": "E"}, {"62": "S", "47": "E"}, {"62": "S", "47": "E"}, {"62": "S", "47": "E"}, {"62": "S", "47": "E"}, {"62": "S", "47": "E"}, {"62": "S"}, {"62": "S"}, {"62": "E"}, {"62": "E", "52": "E", "69": "E", "18": "E", "29": "E"}, {"62": "E", "52": "S", "69": "E", "18": "S", "29": "E"}, {"62": "E", "52": "S", "69": "N", "18": "S", "29": "N"}, {"62": "E", "52": "S", "69": "N", "18": "S", "29": "N"}, {"62": "E", "52": "S", "69": "N", "18": "S", "29": "N"}, {"62": "E", "52": "S", "69": "N", "18": "S", "29": "N"}, {"62": "E", "52": "S", "69": "N", "18": "S", "29": "E"}, {"62": "E", "52": "S", "69": "N", "18": "S", "29": "E"}, {"62": "E", "52": "S", "69": "N", "18": "S", "29": "E"}, {"62": "E", "52": "S", "69": "N", "18": "S", "29": "E"}, {"62": "E", "52": "S", "69": "N", "18": "S", "29": "E"}, {"62": "E", "52": "S", "69": "E", "18": "S", "29": "E"}, {"62": "E", "52": "S", "69": "E", "18": "S", "29": "E"}, {"62": "E", "52": "S", "69": "E", "18": "S", "29": "E"}, {"62": "E", "52": "S", "69": "E", "18": "S", "29": "E"}, {"52": "S", "69": "E", "18": "S", "29": "E"}, {"52": "S", "69": "E", "18": "S", "29": "E"}, {"52": "S", "69": "E", "18": "S", "29": "E"}, {"52": "S", "69": "E", "18": "S", "29": "E"}, {"52": "S", "69": "E", "18": "S", "29": "E"}, {"52": "S", "69": "E", "18": "S"}, {"52": "S", "69": "E", "18": "S"}, {"52": "S", "69": "E", "18": "S"}, {"52": "S", "69": "E", "18": "S"}, {"52": "S", "69": "E", "18": "S"}, {"52": "S", "18": "S"}, {"52": "S", "18": "S"}, {"52": "S", "18": "S"}, {"52": "S", "18": "S"}, {"52": "S", "18": "S"}, {"52": "S", "18": "S"}, {"52": "S", "18": "S"}, {"52": "S", "18": "S"}, {"52": "S", "18": "S"}, {"52": "S", "18": "S"}, {"52": "S", "18": "S"}, {"52": "S", "18": "S"}, {"52": "S", "18": "S"}, {"52": "S", "18": "S"}, {"52": "S", "18": "S"}, {"52": "S", "18": "S"}, {"52": "S", "18": "S"}, {"52": "S", "18": "S"}, {"52": "S", "18": "S"}, {"52": "S", "18": "S"}, {"52": "S", "18": "S"}, {"52": "S", "18": "S"}, {"52": "S", "18": "S"}, {"52": "S", "18": "S"}, {"52": "S", "18": "S"}, {"52": "S", "18": "S"}, {"52": "S", "18": "E"}, {"52": "S", "18": "E"}, {"52": "S", "18": "E"}, {"52": "E", "18": "E"}, {"52": "E", "18": "E", "35": "E", "45": "E", "17": "E", "43": "E"}, {"52": "E", "18": "E", "35": "S", "45": "S", "17": "S", "43": "S"}, {"52": "E", "18": "E", "35": "S", "45": "S", "17": "S", "43": "S"}, {"52": "E", "18": "E", "35": "S", "45": "S", "17": "S", "43": "S"}, {"52": "E", "18": "E", "35": "S", "45": "S", "17": "S", "43": "S"}, {"52": "E", "18": "E", "35": "S", "45": "S", "17": "S", "43": "S"}, {"52": "E", "18": "E", "35": "S", "45": "S", "17": "S", "43": "S"}, {"52": "E", "18": "E", "35": "S", "45": "S", "17": "S", "43": "S"}, {"52": "E", "18": "E", "35": "S", "45": "S", "17": "S", "43": "S"}, {"52": "E", "18": "E", "35": "S", "45": "S", "17": "S", "43": "S"}, {"52": "E", "18": "E", "35": "S", "45": "S", "17": "S", "43": "S"}, {"52": "E", "35": "S", "45": "S", "17": "S", "43": "S"}, {"52": "E", "35": "S", "45": "S", "17": "S", "43": "S"}, {"52": "E", "35": "S", "45": "S", "17": "S", "43": "S"}, {"35": "S", "45": "S", "17": "S", "43": "S"}, {"35": "S", "45": "S", "17": "S", "43": "S"}, {"35": "S", "45": "S", "17": "S", "43": "S"}, {"35": "S", "45": "S", "17": "S", "43": "S"}, {"35": "S", "45": "S", "17": "S", "43": "S"}, {"35": "S", "45": "S", "17": "S", "43": "S"}, {"35": "S", "45": "S", "17": "S", "43": "S"}, {"35": "E", "45": "S", "17": "S", "43": "S"}, {"35": "E", "45": "S", "17": "S", "43": "S"}, {"35": "E", "45": "S", "17": "S", "43": "S"}, {"35": "E", "45": "S", "17": "S", "43": "S"}, {"35": "E", "45": "S", "17": "S", "43": "S"}, {"35": "E", "45": "S", "17": "S", "43": "S"}, {"35": "E", "45": "S", "17": "S", "43": "S"}, {"35": "E", "45": "S", "17": "S", "43": "S"}, {"35": "E", "45": "S", "17": "S", "43": "S"}, {"35": "E", "45": "S", "17": "S", "43": "S"}, {"35": "E", "45": "S", "17": "S", "43": "S"}, {"35": "E", "45": "S", "17": "S", "43": "S"}, {"35": "E", "45": "S", "17": "S", "43": "S"}, {"35": "E", "45": "S", "17": "S", "43": "S"}, {"45": "S", "17": "S", "43": "S"}, {"45": "S", "17": "S", "43": "S"}, {"45": "S", "17": "S", "43": "S"}, {"45": "S", "17": "S", "43": "S"}, {"45": "S", "17": "S", "43": "S"}, {"45": "S", "17": "S", "43": "S"}, {"45": "S", "17": "S", "43": "S"}, {"45": "S", "17": "S", "43": "S"}, {"45": "E", "17": "S", "43": "S"}, {"45": "E", "17": "S", "43": "S"}, {"45": "E", "17": "S", "43": "S"}, {"45": "E", "17": "S", "43": "S"}, {"45": "E", "17": "S", "43": "S"}, {"45": "E", "17": "S", "43": "S"}, {"45": "E", "17": "S", "43": "S"}, {"45": "E", "17": "S", "43": "S"}, {"45": "E", "17": "S", "43": "S"}, {"45": "E", "17": "S", "43": "S"}, {"45": "E", "17": "S", "43": "S"}, {"45": "E", "17": "S", "43": "S"}, {"45": "E", "17": "S", "43": "S"}, {"45": "E", "17": "E", "43": "S"}, {"17": "E", "43": "S"}, {"17": "E", "43": "S"}, {"17": "E", "43": "S"}, {"17": "E", "43": "E"}, {"17": "E", "43": "E", "57": "E", "12": "E", "48": "E", "13": "E", "67": "E"}, {"17": "E", "43": "E", "57": "S", "12": "S", "48": "E", "13": "S", "67": "E"}, {"17": "E", "43": "E", "57": "S", "12": "S", "48": "N", "13": "S", "67": "N"}, {"17": "E", "43": "E", "57": "S", "12": "S", "48": "N", "13": "S", "67": "N"}, {"17": "E", "43": "E", "57": "S", "12": "S", "48": "N", "13": "S", "67": "E"}, {"17": "E", "43": "E", "57": "S", "12": "S", "48": "N", "13": "S", "67": "E"}, {"17": "E", "43": "E", "57": "S", "12": "S", "48": "N", "13": "S", "67": "E"}, {"17": "E", "43": "E", "57": "S", "12": "S", "48": "N", "13": "S", "67": "E"}, {"17": "E", "43": "E", "57": "S", "12": "S", "48": "N", "13": "S", "67": "E"}, {"43": "E", "57": "S", "12": "S", "48": "N", "13": "S", "67": "E"}, {"43": "E", "57": "S", "12": "S", "48": "E", "13": "S", "67": "E"}, {"43": "E", "57": "S", "12": "S", "48": "E", "13": "S", "67": "E"}, {"43": "E", "57": "S", "12": "S", "48": "E", "13": "S", "67": "E"}, {"57": "S", "12": "S", "48": "E", "13": "S", "67": "E"}, {"57": "S", "12": "S", "48": "E", "13": "S", "67": "E"}, {"57": "S", "12": "S", "48": "E", "13": "S", "67": "E"}, {"57": "S", "12": "S", "48": "E", "13": "E"}, {"57": "S", "12": "S", "48": "E", "13": "E"}, {"57": "S", "12": "S", "48": "E", "13": "E"}, {"57": "S", "12": "S", "48": "E", "13": "E"}, {"57": "S", "12": "S", "48": "E", "13": "E"}, {"57": "S", "12": "S", "48": "E", "13": "E"}, {"57": "S", "12": "S", "13": "E"}, {"57": "S", "12": "S", "13": "E"}, {"57": "S", "12": "S", "13": "E"}, {"57": "S", "12": "S", "13": "E"}, {"57": "S", "12": "S", "13": "E"}, {"57": "S", "12": "S", "13": "E"}, {"57": "E", "12": "S", "13": "E"}, {"57": "E", "12": "S"}, {"57": "E", "12": "S"}, {"57": "E", "12": "S"}, {"57": "E", "12": "S"}, {"57": "E", "12": "S"}, {"57": "E", "12": "S"}, {"57": "E", "12": "S"}, {"57": "E", "12": "S"}, {"57": "E", "12": "S"}, {"57": "E", "12": "S"}, {"57": "E", "12": "S"}, {"57": "E", "12": "S"}, {"12": "S"}, {"12": "S"}, {"12": "S"}, {"12": "S"}, {"12": "S"}, {"12": "S"}, {"12": "S"}, {"12": "S"}, {"12": "S"}, {"12": "S"}, {"12": "S"}, {"12": "S"}, {"12": "S"}, {"12": "S"}, {"12": "S"}, {"12": "S"}, {"12": "E"}, {"12": "E", "65": "E", "41": "E", "66": "E", "32": "E"}, {"12": "E", "65": "S", "41": "S", "66": "S", "32": "S"}, {"12": "E", "65": "S", "41": "S", "66": "S", "32": "S"}, {"12": "E", "65": "S", "41": "S", "66": "S", "32": "S"}, {"12": "E", "65": "S", "41": "S", "66": "S", "32": "S"}, {"12": "E", "65": "S", "41": "S", "66": "S", "32": "S"}, {"12": "E", "65": "S", "41": "E", "66": "S", "32": "S"}, {"12": "E", "65": "S", "41": "E", "66": "S", "32": "S"}, {"12": "E", "65": "S", "41": "E", "66": "S", "32": "S"}, {"12": "E", "65": "S", "41": "E", "66": "S", "32": "S"}, {"12": "E", "65": "S", "41": "E", "66": "E", "32": "S"}, {"12": "E", "65": "S", "41": "E", "66": "E", "32": "S"}, {"65": "S", "41": "E", "66": "E", "32": "S"}, {"65": "S", "41": "E", "66": "E", "32": "S"}, {"65": "S", "41": "E", "66": "E", "32": "S"}, {"65": "S", "41": "E", "66": "E", "32": "S"}, {"65": "S", "41": "E", "66": "E", "32": "E"}, {"65": "S", "41": "E", "66": "E", "32": "E"}, {"65": "S", "66": "E", "32": "E"}, {"65": "S", "66": "E", "32": "E"}, {"65": "S", "66": "E", "32": "E"}, {"65": "S", "66": "E", "32": "E"}, {"65": "S", "32": "E"}, {"65": "S", "32": "E"}, {"65": "S", "32": "E"}, {"65": "S", "32": "E"}, {"65": "S", "32": "E"}, {"65": "S", "32": "E"}, {"65": "S"}, {"65": "S"}, {"65": "S"}, {"65": "S"}, {"65": "S"}, {"65": "S"}, {"65": "S"}, {"65": "S"}, {"65": "S"}, {"65": "S"}, {"65": "S"}, {"65": "S"}, {"65": "S"}, {"65": "S"}, {"65": "S"}, {"65": "S"}, {"65": "S"}, {"65": "S"}, {"65": "S"}, {"65": "S"}, {"65": "E"}, {"65": "E", "74": "E", "22": "E", "19": "E", "28": "E", "5": "E"}, {"65": "E", "74": "E", "22": "S", "19": "S", "28": "S", "5": "S"}, {"65": "E", "74": "N", "22": "S", "19": "S", "28": "E", "5": "S"}, {"65": "E", "74": "E", "22": "S", "19": "S", "28": "E", "5": "S"}, {"65": "E", "74": "E", "22": "S", "19": "S", "28": "E", "5": "S"}, {"65": "E", "74": "E", "22": "S", "19": "S", "28": "E", "5": "S"}, {"65": "E", "74": "E", "22": "S", "19": "S", "28": "E", "5": "S"}, {"65": "E", "74": "E", "22": "S", "19": "S", "28": "E", "5": "S"}, {"65": "E", "74": "E", "22": "S", "19": "S", "28": "E", "5": "S"}, {"65": "E", "74": "E", "22": "S", "19": "S", "28": "E", "5": "S"}, {"65": "E", "74": "E", "22": "S", "19": "S", "28": "E", "5": "S"}, {"74": "E", "22": "S", "19": "S", "28": "E", "5": "S"}, {"74": "E", "22": "S", "19": "S", "28": "E", "5": "S"}, {"22": "S", "19": "S", "5": "S"}, {"22": "S", "19": "S", "5": "S"}, {"22": "S", "19": "S", "5": "S"}, {"22": "S", "19": "S", "5": "S"}, {"22": "S", "19": "S", "5": "S"}, {"22": "S", "19": "S", "5": "S"}, {"22": "S", "19": "S", "5": "S"}, {"22": "S", "19": "S", "5": "S"}, {"22": "S", "19": "S", "5": "S"}, {"22": "S", "19": "S", "5": "S"}, {"22": "S", "19": "S", "5": "S"}, {"22": "S", "19": "S", "5": "E"}, {"22": "S", "19": "S", "5": "E"}, {"22": "S", "19": "S", "5": "E"}, {"22": "S", "19": "S", "5": "E"}, {"22": "S", "19": "S", "5": "E"}, {"22": "S", "19": "S", "5": "E"}, {"22": "S", "19": "S", "5": "E"}, {"22": "S", "19": "S", "5": "E"}, {"22": "S", "19": "S", "5": "E"}, {"22": "S", "19": "S", "5": "E"}, {"22": "S", "19": "S", "5": "E"}, {"22": "S", "19": "S"}, {"22": "S", "19": "S"}, {"22": "S", "19": "S"}, {"22": "S", "19": "S"}, {"22": "S", "19": "S"}, {"22": "S", "19": "E"}, {"22": "S", "19": "E"}, {"22": "S", "19": "E"}, {"22": "S", "19": "E"}, {"22": "S", "19": "E"}, {"22": "S", "19": "E"}, {"22": "S", "19": "E"}, {"22": "S", "19": "E"}, {"22": "S", "19": "E"}, {"22": "S", "19": "E"}, {"22": "S", "19": "E"}, {"22": "S"}, {"22": "S"}, {"22": "S"}, {"22": "S"}, {"22": "S"}, {"22": "S"}, {"22": "S"}, {"22": "S"}, {"22": "S"}, {"22": "S"}, {"22": "S"}, {"22": "S"}, {"22": "S"}, {"22": "S"}, {"22": "S"}, {"22": "S"}, {"22": "S"}, {"22": "E"}, {"22": "E", "34": "E", "75": "E", "21": "E", "15": "E"}, {"22": "E", "75": "S", "21": "S", "15": "S"}, {"22": "E", "34": "S", "75": "S", "21": "S", "15": "S"}, {"22": "E", "34": "S", "75": "S", "21": "S", "15": "S"}, {"22": "E", "34": "S", "75": "S", "21": "S", "15": "S"}, {"22": "E", "34": "S", "75": "S", "21": "S", "15": "S"}, {"22": "E", "34": "S", "75": "S", "21": "S", "15": "S"}, {"22": "E", "34": "S", "75": "S", "21": "S", "15": "S"}, {"22": "E", "34": "S", "75": "S", "21": "S", "15": "S"}, {"22": "E", "34": "S", "75": "E", "21": "S", "15": "S"}, {"34": "S", "75": "E", "21": "S", "15": "S"}, {"34": "S", "75": "E", "21": "S", "15": "S"}, {"34": "S", "75": "E", "21": "S", "15": "S"}, {"34": "S", "75": "E", "21": "S", "15": "S"}, {"34": "E", "75": "E", "21": "S", "15": "S"}, {"34": "E", "75": "E", "21": "S", "15": "S"}, {"34": "E", "75": "E", "21": "S", "15": "S"}, {"34": "E", "75": "E", "21": "S", "15": "S"}, {"34": "E", "75": "E", "21": "S", "15": "S"}, {"34": "E", "21": "S", "15": "S"}, {"34": "E", "21": "S", "15": "E"}, {"34": "E", "21": "S", "15": "E"}, {"34": "E", "21": "S", "15": "E"}, {"34": "E", "21": "S", "15": "E"}, {"21": "E", "15": "E"}, {"21": "E", "15": "E", "20": "E", "36": "E"}, {"21": "E", "15": "E", "20": "S", "36": "S"}, {"21": "E", "15": "E", "20": "S", "36": "S"}, {"21": "E", "15": "E", "20": "S", "36": "S"}, {"21": "E", "15": "E", "20": "S", "36": "S"}, {"21": "E", "20": "S", "36": "S"}, {"21": "E", "20": "S", "36": "S"}, {"21": "E", "20": "S", "36": "S"}, {"21": "E", "20": "S", "36": "S"}, {"20": "S", "36": "S"}, {"20": "S", "36": "S"}, {"20": "S", "36": "S"}, {"20": "S", "36": "S"}, {"20": "S", "36": "S"}, {"20": "S", "36": "S"}, {"20": "S", "36": "S"}, {"20": "S", "36": "S"}, {"20": "S", "36": "S"}, {"20": "S", "36": "S"}, {"20": "S", "36": "S"}, {"20": "S", "36": "S"}, {"20": "S", "36": "S"}, {"20": "S", "36": "S"}, {"20": "S", "36": "S"}, {"20": "S", "36": "S"}, {"20": "S", "36": "S"}, {"20": "S", "36": "S"}, {"20": "S", "36": "S"}, {"20": "S", "36": "S"}, {"20": "S", "36": "S"}, {"20": "S", "36": "S"}, {"20": "S", "36": "S"}, {"20": "S", "36": "S"}, {"20": "S", "36": "S"}, {"20": "S", "36": "S"}, {"20": "S", "36": "S"}, {"20": "S", "36": "S"}, {"20": "S", "36": "S"}, {"20": "S", "36": "S"}, {"20": "S", "36": "E"}, {"20": "S", "36": "E"}, {"20": "S", "36": "E"}, {"20": "S", "36": "E"}, {"20": "S", "36": "E"}, {"20": "S", "36": "E"}, {"20": "S", "36": "E"}, {"20": "S", "36": "E"}, {"20": "S", "36": "E"}, {"20": "S"}, {"20": "S"}, {"20": "S"}, {"20": "S"}, {"20": "S"}, {"20": "S"}, {"20": "S"}, {"20": "S"}, {"20": "S"}, {"20": "E"}, {"20": "E", "53": "E", "37": "E", "10": "E", "78": "E", "24": "E", "77": "E"}, {"20": "E", "53": "S", "37": "S", "10": "S", "78": "S", "24": "S", "77": "S"}, {"20": "E", "53": "S", "37": "S", "10": "S", "78": "S", "24": "S", "77": "S"}, {"20": "E", "53": "S", "37": "S", "10": "S", "78": "S", "24": "S", "77": "S"}, {"20": "E", "53": "S", "37": "S", "10": "S", "78": "S", "24": "S", "77": "S"}, {"20": "E", "53": "S", "37": "S", "10": "S", "78": "E", "24": "S", "77": "S"}, {"20": "E", "53": "S", "37": "S", "10": "S", "78": "E", "24": "S", "77": "S"}, {"20": "E", "53": "S", "37": "S", "10": "S", "78": "E", "24": "S", "77": "S"}, {"53": "S", "37": "S", "10": "S", "78": "E", "24": "S", "77": "S"}, {"53": "S", "37": "S", "10": "S", "78": "E", "24": "S", "77": "E"}, {"53": "S", "37": "S", "10": "S", "78": "E", "24": "S", "77": "E"}, {"53": "S", "37": "S", "10": "S", "78": "E", "24": "S", "77": "E"}, {"53": "S", "37": "S", "10": "S", "78": "E", "24": "S", "77": "E"}, {"53": "S", "37": "S", "10": "S", "24": "S", "77": "E"}, {"53": "S", "37": "S", "10": "S", "24": "S", "77": "E"}, {"53": "S", "37": "S", "10": "S", "24": "S", "77": "E"}, {"53": "S", "37": "S", "10": "S", "24": "S", "77": "E"}, {"53": "S", "37": "S", "10": "S", "24": "S"}, {"53": "S", "37": "S", "10": "S", "24": "S"}, {"53": "S", "37": "S", "10": "S", "24": "S"}, {"53": "S", "37": "S", "10": "S", "24": "S"}, {"53": "S", "37": "S", "10": "S", "24": "S"}, {"53": "S", "37": "S", "10": "S", "24": "S"}, {"53": "S", "37": "S", "10": "S", "24": "S"}, {"53": "S", "37": "S", "10": "S", "24": "S"}, {"53": "S", "37": "S", "10": "S", "24": "S"}, {"53": "S", "37": "S", "10": "S", "24": "S"}, {"53": "S", "37": "S", "10": "S", "24": "S"}, {"53": "S", "37": "S", "10": "S", "24": "S"}, {"53": "S", "37": "S", "10": "S", "24": "S"}, {"53": "S", "37": "S", "10": "S", "24": "S"}, {"53": "S", "37": "S", "10": "S", "24": "S"}, {"53": "S", "37": "S", "10": "S", "24": "S"}, {"53": "S", "37": "S", "10": "S", "24": "S"}, {"53": "S", "37": "S", "10": "S", "24": "S"}, {"53": "S", "37": "S", "10": "S", "24": "S"}, {"53": "S", "37": "S", "10": "S", "24": "S"}, {"53": "S", "37": "S", "10": "S", "24": "S"}, {"53": "S", "37": "S", "10": "S", "24": "S"}, {"53": "S", "37": "S", "10": "S", "24": "S"}, {"53": "S", "37": "S", "10": "S", "24": "S"}, {"53": "S", "37": "S", "10": "S", "24": "S"}, {"53": "S", "37": "S", "10": "S", "24": "S"}, {"53": "S", "37": "S", "10": "S", "24": "S"}, {"53": "S", "37": "S", "10": "S", "24": "S"}, {"53": "S", "37": "S", "10": "S", "24": "S"}, {"53": "S", "37": "S", "10": "S", "24": "S"}, {"53": "S", "37": "S", "10": "S", "24": "S"}, {"53": "S", "37": "S", "10": "S", "24": "S"}, {"53": "S", "37": "E", "10": "S", "24": "S"}, {"53": "S", "37": "E", "10": "S", "24": "S"}, {"53": "S", "37": "E", "10": "S", "24": "S"}, {"53": "S", "37": "E", "10": "S", "24": "S"}, {"53": "S", "37": "E", "10": "S", "24": "S"}, {"53": "S", "37": "E", "10": "S", "24": "S"}, {"53": "S", "37": "E", "10": "E", "24": "S"}, {"53": "S", "37": "E", "10": "E", "24": "S"}, {"53": "S", "10": "E", "24": "E"}, {"53": "S", "10": "E", "24": "E"}, {"53": "S", "10": "E", "24": "E"}, {"53": "S", "10": "E", "24": "E"}, {"53": "S", "10": "E", "24": "E"}, {"53": "S", "10": "E", "24": "E"}, {"53": "S", "24": "E"}, {"53": "S", "24": "E"}, {"53": "S"}, {"53": "S"}, {"53": "S"}, {"53": "S"}, {"53": "S"}, {"53": "S"}, {"53": "S"}, {"53": "S"}, {"53": "S"}, {"53": "S"}, {"53": "S"}, {"53": "S"}, {"53": "S"}, {"53": "S"}, {"53": "E"}, {"53": "E", "59": "E", "2": "E", "51": "E", "39": "E", "14": "E", "0": "E"}, {"53": "E", "59": "S", "2": "S", "51": "E", "39": "S", "14": "S", "0": "S"}, {"53": "E", "59": "S", "2": "S", "51": "E", "39": "S", "14": "S", "0": "S"}, {"53": "E", "59": "S", "2": "S", "51": "E", "39": "S", "14": "S", "0": "S"}, {"53": "E", "59": "S", "2": "S", "51": "E", "39": "S", "14": "S", "0": "E"}, {"53": "E", "59": "S", "2": "S", "51": "E", "39": "S", "14": "S", "0": "E"}, {"53": "E", "59": "S", "2": "S", "51": "E", "39": "S", "14": "S", "0": "E"}, {"59": "S", "2": "S", "51": "E", "39": "S", "14": "S", "0": "E"}, {"59": "S", "2": "S", "39": "S", "14": "S", "0": "E"}, {"59": "S", "2": "S", "39": "S", "14": "S", "0": "E"}, {"59": "S", "2": "S", "39": "S", "14": "S", "0": "E"}, {"59": "S", "2": "S", "39": "S", "14": "S"}, {"59": "S", "2": "S", "39": "S", "14": "E"}, {"59": "S", "2": "S", "39": "S", "14": "E"}, {"59": "S", "2": "S", "39": "S", "14": "E"}, {"59": "S", "2": "S", "39": "S", "14": "E"}, {"59": "S", "2": "S", "39": "S", "14": "E"}, {"59": "S", "2": "S", "39": "S", "14": "E"}, {"59": "S", "2": "S", "39": "S", "14": "E"}, {"59": "S", "2": "S", "39": "S"}, {"59": "S", "2": "S", "39": "S"}, {"59": "S", "2": "S", "39": "S"}, {"59": "S", "2": "S", "39": "S"}, {"59": "S", "2": "S", "39": "S"}, {"59": "S", "2": "S", "39": "S"}, {"59": "S", "2": "S", "39": "S"}, {"59": "S", "2": "S", "39": "S"}, {"59": "S", "2": "S", "39": "S"}, {"59": "S", "2": "S", "39": "S"}, {"59": "S", "2": "S", "39": "E"}, {"59": "S", "2": "S", "39": "E"}, {"59": "S", "2": "S", "39": "E"}, {"59": "S", "2": "S", "39": "E"}, {"59": "S", "2": "S", "39": "E"}, {"59": "S", "2": "S", "39": "E"}, {"59": "S", "2": "S", "39": "E"}, {"59": "S", "2": "S"}, {"59": "S", "2": "S"}, {"59": "S", "2": "S"}, {"59": "S", "2": "S"}, {"59": "S", "2": "S"}, {"59": "S", "2": "S"}, {"59": "S", "2": "S"}, {"59": "S", "2": "S"}, {"59": "S", "2": "S"}, {"59": "S", "2": "S"}, {"59": "S", "2": "S"}, {"59": "S", "2": "S"}, {"59": "S", "2": "S"}, {"59": "S", "2": "S"}, {"59": "S", "2": "S"}, {"59": "S", "2": "E"}, {"59": "S", "2": "E"}, {"59": "S", "2": "E"}, {"59": "S", "2": "E"}, {"59": "S", "2": "E"}, {"59": "S", "2": "E"}, {"59": "S", "2": "E"}, {"59": "S"}, {"59": "S"}, {"59": "E"}, {"59": "E", "61": "E", "33": "E", "50": "E", "31": "E"}, {"59": "E", "61": "S", "33": "S", "50": "S", "31": "S"}, {"59": "E", "61": "S", "33": "S", "50": "S", "31": "S"}, {"59": "E", "61": "S", "33": "S", "50": "S", "31": "S"}, {"59": "E", "61": "S", "33": "S", "50": "S", "31": "S"}, {"59": "E", "61": "S", "33": "S", "50": "S", "31": "S"}, {"61": "S", "33": "S", "50": "S", "31": "S"}, {"61": "S", "33": "S", "50": "S", "31": "S"}, {"61": "S", "33": "S", "50": "S", "31": "S"}, {"61": "S", "33": "S", "50": "S", "31": "S"}, {"61": "S", "33": "S", "50": "S", "31": "S"}, {"61": "S", "33": "S", "50": "S", "31": "S"}, {"61": "S", "33": "S", "50": "S", "31": "S"}, {"61": "S", "33": "S", "50": "S", "31": "S"}, {"61": "S", "33": "S", "50": "S", "31": "S"}, {"61": "S", "33": "S", "50": "S", "31": "S"}, {"61": "S", "33": "S", "50": "S", "31": "S"}, {"61": "S", "33": "S", "50": "S", "31": "S"}, {"61": "S", "33": "S", "50": "S", "31": "S"}, {"61": "S", "33": "S", "50": "S", "31": "S"}, {"61": "S", "33": "S", "50": "S", "31": "S"}, {"61": "S", "33": "S", "50": "S", "31": "S"}, {"61": "S", "33": "S", "50": "S", "31": "S"}, {"61": "S", "33": "S", "50": "S", "31": "S"}, {"61": "S", "33": "S", "50": "S", "31": "S"}, {"61": "S", "33": "S", "50": "S", "31": "S"}, {"61": "S", "33": "S", "50": "S", "31": "S"}, {"61": "S", "33": "S", "50": "S", "31": "E"}, {"61": "S", "33": "S", "50": "S", "31": "E"}, {"61": "S", "33": "S", "50": "S", "31": "E"}, {"61": "S", "33": "S", "50": "S", "31": "E"}, {"61": "S", "33": "S", "50": "S", "31": "E"}, {"61": "S", "33": "S", "50": "S", "31": "E"}, {"61": "S", "33": "S", "50": "S"}, {"61": "S", "33": "S", "50": "S"}, {"61": "S", "33": "S", "50": "S"}, {"61": "S", "33": "S", "50": "S"}, {"61": "S", "33": "S", "50": "S"}, {"61": "S", "33": "S", "50": "S"}, {"61": "S", "33": "S", "50": "S"}, {"61": "S", "33": "S", "50": "E"}, {"61": "S", "33": "S", "50": "E"}, {"61": "S", "33": "S", "50": "E"}, {"61": "S", "33": "S", "50": "E"}, {"61": "S", "33": "S", "50": "E"}, {"61": "S", "33": "S", "50": "E"}, {"61": "S", "33": "S"}, {"61": "S", "33": "S"}, {"61": "S", "33": "S"}, {"61": "S", "33": "S"}, {"61": "S", "33": "S"}, {"61": "S", "33": "S"}, {"61": "S", "33": "S"}, {"61": "S", "33": "S"}, {"61": "S", "33": "S"}, {"61": "S", "33": "S"}, {"61": "S", "33": "S"}, {"61": "S", "33": "S"}, {"61": "S", "33": "S"}, {"61": "S", "33": "S"}, {"61": "S", "33": "S"}, {"61": "S", "33": "S"}, {"61": "S", "33": "S"}, {"61": "S", "33": "S"}, {"61": "S", "33": "S"}, {"61": "S", "33": "E"}, {"61": "S", "33": "E"}, {"61": "S", "33": "E"}, {"61": "S", "33": "E"}, {"61": "S", "33": "E"}, {"61": "S", "33": "E"}, {"61": "S"}, {"61": "S"}, {"61": "S"}, {"61": "E"}, {"61": "E", "60": "E", "40": "E", "76": "E", "27": "E"}, {"61": "E", "60": "S", "40": "S", "76": "S", "27": "S"}, {"61": "E", "60": "S", "40": "S", "76": "S", "27": "S"}, {"61": "E", "60": "S", "40": "S", "76": "S", "27": "S"}, {"61": "E", "60": "S", "40": "S", "76": "S", "27": "S"}, {"60": "S", "40": "S", "76": "S", "27": "S"}, {"60": "S", "40": "S", "76": "S", "27": "S"}, {"60": "S", "40": "S", "76": "S", "27": "S"}, {"60": "S", "40": "S", "76": "S", "27": "S"}, {"60": "S", "40": "S", "76": "S", "27": "S"}, {"60": "S", "40": "S", "76": "S", "27": "S"}, {"60": "S", "40": "S", "76": "S", "27": "S"}, {"60": "S", "40": "S", "76": "S", "27": "S"}, {"60": "S", "40": "S", "76": "S", "27": "S"}, {"60": "S", "40": "S", "76": "S", "27": "S"}, {"60": "S", "40": "S", "76": "S", "27": "S"}, {"60": "S", "40": "S", "76": "S", "27": "S"}, {"60": "S", "40": "S", "76": "S", "27": "S"}, {"60": "S", "40": "S", "76": "S", "27": "S"}, {"60": "S", "40": "S", "76": "S", "27": "S"}, {"60": "S", "40": "S", "76": "S", "27": "S"}, {"60": "S", "40": "S", "76": "S", "27": "S"}, {"60": "S", "40": "S", "76": "S", "27": "S"}, {"60": "S", "40": "S", "76": "S", "27": "S"}, {"60": "S", "40": "S", "76": "S", "27": "S"}, {"60": "S", "40": "S", "76": "S", "27": "S"}, {"60": "S", "40": "S", "76": "S", "27": "S"}, {"60": "S", "40": "S", "76": "E", "27": "S"}, {"60": "S", "40": "E", "76": "E", "27": "S"}, {"60": "S", "40": "E", "76": "E", "27": "S"}, {"60": "S", "40": "E", "76": "E", "27": "S"}, {"60": "S", "40": "E", "76": "E", "27": "S"}, {"60": "S", "40": "E", "27": "S"}, {"60": "S", "27": "S"}, {"60": "S", "27": "S"}, {"60": "S", "27": "S"}, {"60": "S", "27": "S"}, {"60": "S", "27": "S"}, {"60": "S", "27": "S"}, {"60": "S", "27": "S"}, {"60": "S", "27": "S"}, {"60": "S", "27": "S"}, {"60": "S", "27": "S"}, {"60": "S", "27": "S"}, {"60": "S", "27": "E"}, {"60": "S", "27": "E"}, {"60": "S", "27": "E"}, {"60": "S", "27": "E"}, {"60": "S", "27": "E"}, {"60": "S"}, {"60": "S"}, {"60": "S"}, {"60": "S"}, {"60": "S"}, {"60": "S"}, {"60": "S"}, {"60": "S"}, {"60": "S"}, {"60": "S"}, {"60": "S"}, {"60": "S"}, {"60": "S"}, {"60": "S"}, {"60": "S"}, {"60": "S"}, {"60": "S"}, {"60": "S"}, {"60": "E"}, {"60": "E", "4": "E", "73": "E", "63": "E", "56": "E"}, {"60": "E", "4": "S", "73": "E", "63": "S", "56": "S"}, {"60": "E", "4": "S", "73": "N", "63": "S", "56": "S"}, {"60": "E", "4": "S", "73": "N", "63": "S", "56": "S"}, {"4": "S", "73": "N", "63": "S", "56": "S"}, {"4": "S", "73": "N", "63": "S", "56": "S"}, {"4": "S", "73": "E", "63": "S", "56": "S"}, {"4": "S", "73": "E", "63": "S", "56": "S"}, {"4": "S", "73": "E", "63": "S", "56": "S"}, {"4": "S", "63": "S", "56": "S"}, {"4": "S", "63": "S", "56": "S"}, {"4": "S", "63": "S", "56": "S"}, {"4": "S", "63": "S", "56": "S"}, {"4": "S", "63": "S", "56": "S"}, {"4": "S", "63": "S", "56": "S"}, {"4": "S", "63": "S", "56": "S"}, {"4": "S", "63": "S", "56": "S"}, {"4": "S", "63": "S", "56": "S"}, {"4": "S", "63": "S", "56": "S"}, {"4": "S", "63": "S", "56": "S"}, {"4": "S", "63": "S", "56": "S"}, {"4": "S", "63": "E", "56": "S"}, {"4": "S", "63": "E", "56": "S"}, {"4": "S", "63": "E", "56": "S"}, {"4": "S", "63": "E", "56": "S"}, {"4": "S", "56": "S"}, {"4": "S", "56": "S"}, {"4": "S", "56": "S"}, {"4": "S", "56": "S"}, {"4": "S", "56": "S"}, {"4": "S", "56": "S"}, {"4": "S", "56": "S"}, {"4": "S", "56": "S"}, {"4": "S", "56": "S"}, {"4": "S", "56": "S"}, {"4": "S", "56": "S"}, {"4": "S", "56": "S"}, {"4": "S", "56": "S"}, {"4": "S", "56": "S"}, {"4": "S", "56": "S"}, {"4": "S", "56": "S"}, {"4": "S", "56": "S"}, {"4": "S", "56": "S"}, {"4": "S", "56": "E"}, {"4": "S", "56": "E"}, {"4": "S", "56": "E"}, {"4": "S", "56": "E"}, {"4": "S"}, {"4": "S"}, {"4": "S"}, {"4": "S"}, {"4": "S"}, {"4": "S"}, {"4": "S"}, {"4": "S"}, {"4": "S"}, {"4": "S"}, {"4": "S"}, {"4": "S"}, {"4": "S"}, {"4": "S"}, {"4": "S"}, {"4": "S"}, {"4": "S"}, {"4": "S"}, {"4": "S"}, {"4": "S"}, {"4": "S"}, {"4": "S"}, {"4": "S"}, {"4": "S"}, {"4": "E"}, {"4": "E", "7": "E", "11": "E", "71": "E", "16": "E", "42": "E"}, {"4": "E", "7": "S", "11": "S", "71": "S", "16": "S", "42": "E"}, {"4": "E", "7": "S", "11": "S", "71": "S", "16": "S", "42": "N"}, {"7": "S", "11": "S", "71": "S", "16": "S", "42": "N"}, {"7": "S", "11": "S", "71": "S", "16": "S", "42": "N"}, {"7": "S", "11": "S", "71": "S", "16": "S", "42": "N"}, {"7": "S", "11": "S", "71": "S", "16": "S", "42": "N"}, {"7": "S", "11": "S", "71": "S", "16": "S", "42": "N"}, {"7": "S", "11": "S", "71": "S", "16": "S", "42": "N"}, {"7": "S", "11": "S", "71": "S", "16": "S", "42": "N"}, {"7": "S", "11": "S", "71": "S", "16": "S", "42": "N"}, {"7": "S", "11": "S", "71": "S", "16": "S", "42": "E"}, {"7": "S", "11": "S", "71": "S", "16": "S", "42": "E"}, {"7": "S", "11": "S", "71": "S", "16": "S"}, {"7": "S", "11": "S", "71": "S", "16": "S"}, {"7": "S", "11": "E", "71": "S", "16": "S"}, {"7": "S", "11": "E", "71": "S", "16": "S"}, {"7": "S", "11": "E", "71": "S", "16": "S"}, {"7": "S", "71": "S", "16": "S"}, {"7": "S", "71": "S", "16": "S"}, {"7": "S", "71": "S", "16": "S"}, {"7": "S", "71": "S", "16": "S"}, {"7": "S", "71": "S", "16": "S"}, {"7": "S", "71": "S", "16": "S"}, {"7": "S", "71": "S", "16": "S"}, {"7": "S", "71": "S", "16": "S"}, {"7": "S", "71": "S", "16": "S"}, {"7": "S", "71": "S", "16": "S"}, {"7": "S", "71": "S", "16": "S"}, {"7": "S", "71": "S", "16": "S"}, {"7": "S", "71": "S", "16": "E"}, {"7": "S", "71": "S", "16": "E"}, {"7": "S", "71": "S", "16": "E"}, {"7": "S", "71": "S"}, {"7": "S", "71": "S"}, {"7": "S", "71": "E"}, {"7": "S", "71": "E"}, {"7": "S", "71": "E"}, {"7": "S"}, {"7": "S"}, {"7": "S"}, {"7": "S"}, {"7": "S"}, {"7": "S"}, {"7": "S"}, {"7": "S"}, {"7": "S"}, {"7": "S"}, {"7": "S"}, {"7": "E"}, {"7": "E", "6": "E"}, {"7": "E", "6": "S"}, {"6": "S"}, {"6": "S"}, {"6": "S"}, {"6": "S"}, {"6": "S"}, {"6": "E"}, {"6": "E"}], "result": "SUCCESS", "makespan": 1193, "sum": 6794, "algo_name": "LeftPillar"}