{"instance": "medium_free_002_30x30_20_180", "steps": [{"16": "S", "42": "S", "69": "N", "86": "E", "149": "W", "152": "E", "28": "S", "45": "W", "85": "S", "93": "S", "107": "E", "148": "E", "175": "E", "40": "S", "84": "W", "126": "N", "160": "S", "36": "E", "89": "N", "14": "W", "104": "E", "30": "E", "76": "W", "88": "E", "52": "W", "157": "N"}, {"16": "S", "42": "S", "69": "N", "86": "E", "149": "W", "152": "E", "28": "S", "85": "S", "93": "S", "107": "E", "148": "E", "40": "S", "84": "W", "126": "N", "160": "S", "36": "E", "89": "N", "14": "W", "104": "E", "88": "E", "52": "W", "157": "N"}, {"16": "E", "42": "E", "86": "N", "152": "E", "28": "S", "85": "S", "93": "S", "107": "E", "148": "E", "40": "S", "84": "W", "126": "N", "160": "S", "36": "E", "89": "N", "14": "W", "104": "E", "88": "E", "157": "N"}, {"28": "S", "85": "S", "93": "S", "107": "E", "148": "E", "40": "S", "84": "W", "126": "N", "160": "S", "36": "E", "89": "N", "14": "W", "157": "N"}, {"42": "S", "28": "W", "85": "S", "93": "S", "107": "E", "148": "E", "40": "S", "84": "W", "126": "N", "160": "S", "36": "E", "89": "N", "14": "W", "157": "N"}, {"85": "E", "84": "W", "126": "N", "160": "S", "36": "E", "89": "N", "14": "W", "157": "N"}, {"40": "S", "84": "S", "160": "E", "36": "E", "89": "N", "14": "W", "157": "N"}, {"40": "W", "36": "N", "14": "W", "157": "N"}, {"157": "N"}, {"157": "N"}, {"48": "W", "95": "E", "140": "N", "10": "S", "71": "W", "87": "W", "142": "S", "116": "N", "4": "W", "145": "N", "99": "W", "153": "E", "72": "E", "119": "W", "35": "N", "1": "S", "143": "S", "41": "W", "164": "N", "33": "S", "124": "W", "74": "N", "139": "S", "15": "N", "38": "S", "96": "S", "60": "W", "166": "S", "133": "S", "0": "S", "173": "S", "18": "W", "123": "N", "58": "S", "171": "N", "59": "S", "7": "S", "13": "W", "162": "S", "114": "W", "100": "N", "56": "W", "11": "W", "168": "E", "62": "W", "169": "S", "25": "W", "98": "N", "101": "S", "12": "S", "91": "S", "135": "S", "44": "N", "121": "E", "174": "E", "77": "N", "106": "W", "111": "W", "8": "S", "57": "S", "6": "W", "109": "S", "110": "S", "154": "W", "39": "S", "29": "W", "128": "N", "138": "W", "117": "S", "179": "W", "61": "W", "23": "W", "155": "W", "141": "W", "53": "N", "55": "W", "163": "W", "68": "N", "165": "N", "83": "S", "178": "N", "70": "W", "120": "W", "172": "S", "47": "S", "21": "S", "147": "S", "131": "W", "66": "S", "130": "E", "3": "N", "51": "S", "90": "N", "26": "S", "64": "N", "19": "S", "82": "E", "122": "N", "113": "W", "20": "S", "146": "E", "94": "W", "108": "W", "159": "S", "136": "S", "73": "S", "176": "W", "170": "N", "9": "N", "80": "W", "137": "E", "127": "N", "92": "S", "31": "N", "156": "N", "54": "W", "46": "N", "43": "W", "161": "W", "17": "N", "118": "W", "79": "W", "63": "S", "150": "S", "49": "W", "103": "N"}, {"45": "W", "22": "W", "34": "W", "144": "N", "105": "E", "102": "W", "76": "W", "32": "S", "81": "E", "52": "W", "167": "S"}, {"45": "W", "22": "W", "34": "W", "144": "N", "76": "W", "81": "E", "52": "W"}, {"45": "W", "22": "W", "144": "N", "76": "W", "81": "E", "52": "W"}, {"45": "N", "22": "W", "144": "N", "76": "W", "52": "W"}, {"22": "W", "144": "N", "76": "W", "52": "W"}, {"144": "W", "76": "W", "52": "W"}, {"76": "W", "52": "W"}, {"76": "W", "52": "W"}, {"76": "N"}, {"52": "W"}, {"52": "W"}, {"52": "S"}, {"111": "N", "31": "E", "142": "S", "120": "W", "21": "S", "171": "N", "29": "W", "132": "N", "133": "S", "106": "S", "110": "N", "53": "N", "174": "S", "172": "S", "162": "S", "79": "N", "115": "N", "78": "S", "48": "W", "124": "W", "41": "W", "92": "W", "25": "W", "91": "S", "87": "W", "0": "S", "80": "W", "44": "E", "146": "E", "9": "N", "15": "N", "56": "N", "26": "S", "176": "W", "5": "E", "99": "N", "178": "N", "61": "W", "94": "W", "64": "N", "13": "E", "90": "E", "51": "W", "73": "S", "147": "S", "4": "W", "68": "W", "57": "E", "71": "S", "153": "E", "63": "S", "46": "N", "151": "E", "136": "E", "134": "E", "66": "W", "139": "S", "150": "E", "70": "W", "35": "W", "43": "W", "165": "N", "83": "S", "169": "S", "118": "E", "6": "N", "114": "W", "168": "E", "37": "E", "49": "S", "59": "N", "74": "W", "127": "N", "164": "N", "122": "N", "19": "N", "161": "W", "77": "N", "145": "N", "170": "N", "62": "N", "65": "S", "60": "S", "143": "S", "24": "W", "130": "W", "27": "N", "103": "N", "8": "S", "100": "W", "117": "S", "18": "W", "113": "W", "12": "E", "173": "S", "108": "W", "154": "W", "138": "W", "116": "S", "109": "N", "72": "N", "129": "W", "17": "W", "141": "W", "101": "S", "121": "S", "54": "W", "179": "W", "1": "E", "23": "N", "163": "W", "158": "W", "140": "N", "128": "N", "10": "W", "155": "W", "96": "N", "58": "N", "156": "N", "2": "N", "3": "N", "95": "S", "7": "S", "82": "E", "131": "W", "98": "W", "33": "S", "123": "N", "166": "S"}, {"34": "W", "50": "S", "177": "E", "105": "E", "102": "W", "81": "E", "167": "S"}, {"34": "W", "81": "E"}, {"34": "W", "81": "E"}, {"133": "S", "137": "N", "79": "N", "23": "W", "35": "W", "127": "S", "64": "N", "62": "N", "59": "E", "171": "N", "109": "E", "142": "S", "24": "W", "74": "W", "120": "W", "2": "E", "27": "N", "61": "W", "99": "W", "113": "N", "47": "S", "8": "S", "135": "W", "44": "E", "129": "E", "94": "W", "3": "N", "37": "E", "56": "E", "106": "S", "92": "S", "57": "W", "108": "W", "29": "N", "172": "S", "119": "W", "168": "N", "54": "W", "20": "E", "115": "N", "66": "W", "156": "N", "49": "W", "173": "S", "15": "N", "122": "E", "174": "S", "138": "N", "77": "N", "145": "E", "46": "E", "21": "S", "6": "N", "121": "S", "179": "W", "150": "S", "19": "S", "26": "S", "143": "E", "70": "W", "7": "S", "82": "N", "87": "W", "4": "W", "140": "N", "0": "S", "153": "E", "170": "W", "63": "S", "11": "W", "73": "N", "165": "N", "141": "W", "101": "S", "117": "S", "147": "S", "71": "E", "95": "S", "33": "S", "139": "S", "169": "E", "136": "E", "161": "W", "110": "S", "162": "S", "91": "E", "13": "E", "176": "W", "164": "E", "131": "W", "155": "W", "83": "E", "12": "E", "96": "N", "67": "N", "90": "N", "166": "S", "18": "W", "100": "W", "41": "N", "123": "E", "68": "W", "111": "S", "124": "W", "25": "W", "9": "N", "163": "W", "10": "W", "72": "N", "43": "E", "103": "N", "116": "E", "118": "W", "48": "W", "132": "E", "1": "S", "159": "S", "98": "S", "80": "W", "154": "W", "53": "N", "128": "N", "178": "N", "112": "W", "65": "E", "151": "N", "134": "N", "58": "E", "60": "W", "78": "E"}, {"50": "S", "105": "E", "102": "W", "104": "E", "88": "E", "81": "E", "167": "S", "157": "N"}, {"50": "S", "105": "E", "104": "E", "88": "E", "167": "S"}, {"50": "S", "105": "E", "104": "E", "88": "E", "167": "S"}, {"50": "S", "105": "E", "167": "S"}, {"167": "S"}, {"167": "S"}, {"103": "N", "135": "W", "9": "N", "128": "E", "115": "N", "19": "W", "35": "N", "23": "W", "0": "S", "132": "S", "147": "S", "118": "E", "143": "S", "111": "E", "47": "S", "72": "N", "58": "E", "163": "W", "6": "W", "77": "N", "159": "S", "44": "N", "112": "S", "99": "W", "3": "N", "51": "W", "11": "N", "179": "W", "155": "W", "70": "N", "116": "N", "170": "E", "7": "S", "67": "W", "173": "S", "124": "S", "127": "N", "176": "W", "110": "S", "2": "W", "94": "W", "165": "E", "66": "W", "59": "N", "73": "S", "138": "S", "54": "W", "39": "S", "61": "W", "17": "S", "63": "S", "75": "S", "24": "W", "68": "N", "146": "N", "82": "N", "96": "N", "156": "N", "150": "E", "168": "N", "114": "S", "140": "N", "166": "S", "153": "E", "57": "E", "33": "S", "121": "S", "29": "N", "109": "N", "122": "N", "171": "N", "12": "E", "10": "W", "161": "W", "98": "N", "162": "S", "65": "E", "136": "S", "123": "N", "120": "W", "97": "W", "117": "S", "151": "N", "64": "N", "133": "S", "74": "S", "92": "W", "71": "S", "172": "S", "137": "S", "8": "S", "174": "E", "113": "N", "134": "N", "142": "S", "56": "E", "25": "W", "164": "N", "27": "N", "129": "W", "87": "W", "41": "W", "49": "W", "48": "W", "119": "S", "38": "N", "1": "S", "131": "N", "46": "N", "154": "W", "106": "E", "178": "E", "43": "N", "79": "W", "108": "W", "21": "S", "62": "N", "95": "S", "90": "N"}, {"86": "E", "102": "W", "104": "E", "30": "E", "88": "E", "32": "S", "167": "S", "157": "N"}, {"104": "E", "88": "E", "32": "S", "167": "S", "157": "N"}, {"104": "N", "157": "N", "32": "S", "167": "S"}, {"104": "E", "88": "E", "167": "S"}, {"28": "S", "88": "N", "167": "S"}, {"104": "N"}, {"88": "E"}, {"43": "W", "24": "N", "64": "E", "33": "S", "127": "E", "39": "S", "141": "W", "35": "N", "10": "S", "168": "N", "56": "E", "125": "S", "122": "N", "100": "S", "114": "N", "48": "N", "120": "W", "133": "S", "0": "E", "159": "S", "46": "N", "129": "W", "174": "S", "132": "W", "7": "S", "70": "N", "87": "W", "78": "S", "121": "S", "74": "W", "4": "W", "18": "W", "130": "N", "59": "S", "138": "W", "116": "E", "169": "E", "140": "N", "12": "E", "110": "S", "118": "N", "5": "S", "38": "S", "62": "N", "51": "W", "8": "S", "154": "W", "49": "W", "92": "E", "68": "N", "41": "N", "21": "S", "147": "S", "65": "S", "11": "N", "57": "E", "170": "E", "95": "W", "156": "E", "67": "N", "109": "E", "124": "W", "72": "N", "44": "W", "155": "W", "15": "N", "23": "W", "163": "W", "25": "S", "113": "N", "71": "S", "58": "E", "115": "N", "134": "N", "142": "S", "82": "W", "101": "S", "143": "S", "179": "W", "94": "W", "171": "N", "17": "S", "98": "N", "19": "W", "131": "N", "27": "N", "53": "N", "151": "S", "75": "E", "96": "N", "176": "W", "2": "N", "172": "S", "164": "E", "137": "E", "136": "S", "55": "N", "63": "E", "73": "S", "162": "S", "99": "W", "47": "S", "9": "N", "1": "S", "20": "S", "79": "N", "97": "E", "117": "S", "173": "S", "61": "N", "128": "E", "3": "N", "108": "S", "145": "N", "29": "N", "26": "S", "150": "E", "6": "E", "166": "S", "103": "N", "165": "E", "54": "W", "77": "E", "90": "N", "31": "E", "135": "S", "153": "E", "66": "W", "106": "S", "161": "W"}, {"177": "E", "102": "W", "30": "E"}, {"177": "E"}, {"177": "E"}, {"177": "E"}, {"177": "N"}, {"86": "E", "177": "E"}, {"86": "N"}, {"99": "W", "122": "N", "145": "N", "5": "N", "64": "N", "179": "W", "70": "N", "95": "S", "171": "W", "134": "N", "139": "S", "11": "N", "17": "S", "127": "N", "106": "S", "161": "W", "46": "E", "101": "S", "125": "S", "27": "E", "87": "W", "29": "N", "19": "W", "21": "S", "74": "N", "146": "N", "147": "E", "10": "W", "82": "W", "77": "N", "73": "S", "25": "S", "130": "W", "66": "W", "62": "N", "49": "W", "63": "S", "166": "S", "156": "E", "90": "E", "141": "S", "56": "E", "140": "E", "154": "W", "80": "W", "75": "S", "1": "E", "137": "S", "176": "W", "8": "S", "72": "E", "55": "W", "53": "N", "124": "W", "61": "W", "98": "W", "68": "W", "172": "S", "153": "E", "155": "W", "4": "W", "132": "W", "117": "S", "159": "S", "58": "E", "164": "E", "23": "W", "78": "S", "174": "S", "94": "W", "26": "S", "65": "S", "110": "S", "33": "S", "48": "W", "133": "S", "57": "W", "165": "N", "143": "E", "114": "S", "169": "S", "109": "N", "15": "N", "59": "N", "38": "S", "129": "W", "118": "N", "115": "N", "121": "S", "108": "S", "9": "N", "138": "N", "92": "N", "168": "N", "100": "S", "39": "S", "51": "N", "163": "W", "97": "S", "135": "S", "136": "E", "170": "E", "113": "N", "24": "W", "67": "N", "41": "W", "71": "S", "119": "W", "79": "N", "142": "S", "120": "W", "103": "N", "162": "S", "96": "S", "3": "N", "18": "W", "91": "E", "173": "E", "2": "N", "150": "E", "43": "W", "131": "N", "54": "N"}, {"175": "E", "102": "W", "30": "E", "32": "S"}, {"102": "W", "30": "E", "32": "S"}, {"76": "W", "102": "W"}, {"150": "E", "108": "S", "51": "W", "49": "W", "153": "E", "27": "E", "35": "W", "43": "N", "159": "N", "5": "E", "155": "W", "138": "W", "67": "N", "92": "W", "87": "W", "179": "W", "0": "S", "128": "N", "111": "W", "135": "S", "122": "N", "129": "W", "162": "S", "72": "E", "63": "S", "154": "S", "119": "W", "33": "S", "166": "S", "1": "S", "15": "N", "75": "W", "172": "S", "118": "W", "113": "N", "74": "W", "176": "W", "98": "W", "11": "N", "61": "N", "156": "N", "38": "N", "139": "S", "79": "E", "60": "W", "146": "N", "54": "N", "137": "E", "173": "E", "123": "N", "130": "W", "141": "S", "77": "N", "55": "W", "23": "N", "70": "N", "19": "W", "143": "S", "165": "E", "109": "N", "136": "N", "26": "S", "117": "E", "53": "S", "94": "N", "90": "N", "4": "W", "64": "E", "132": "S", "131": "N", "95": "S", "161": "W", "3": "N", "9": "N", "133": "S", "21": "S", "66": "W", "39": "W", "127": "S", "125": "W", "24": "W", "174": "W", "110": "S", "163": "W", "169": "E", "8": "S", "46": "N", "147": "E", "120": "W", "168": "E", "73": "S", "44": "W", "170": "E", "124": "W", "114": "S", "48": "W", "12": "E", "158": "N", "78": "S", "47": "S", "171": "N", "6": "W", "101": "E", "97": "E", "103": "N", "115": "N", "80": "W", "121": "S", "112": "S", "134": "E", "18": "W", "83": "S", "96": "N", "82": "N", "31": "E", "71": "S", "17": "E", "142": "S", "106": "W", "68": "S", "25": "S", "59": "E", "145": "N"}, {"107": "E", "32": "S"}, {"86": "E", "32": "S"}, {"32": "S"}, {"32": "S"}, {"32": "W"}, {"27": "E", "133": "S", "79": "N", "82": "N", "120": "W", "145": "N", "59": "E", "75": "W", "17": "S", "168": "E", "53": "N", "44": "E", "111": "W", "66": "W", "122": "N", "142": "E", "115": "E", "137": "S", "72": "E", "68": "W", "101": "E", "55": "S", "43": "W", "13": "N", "166": "S", "10": "W", "5": "E", "8": "S", "78": "E", "110": "S", "38": "N", "61": "W", "113": "W", "64": "N", "21": "S", "54": "N", "23": "W", "19": "W", "141": "S", "35": "W", "153": "E", "12": "S", "119": "E", "87": "W", "112": "S", "163": "W", "134": "E", "169": "S", "67": "N", "103": "N", "31": "N", "96": "N", "49": "W", "127": "N", "139": "S", "132": "W", "114": "W", "20": "S", "165": "E", "56": "E", "150": "S", "94": "E", "109": "N", "138": "W", "176": "W", "172": "S", "60": "W", "146": "S", "41": "W", "1": "S", "158": "N", "9": "N", "117": "E", "136": "S", "6": "W", "26": "S", "92": "W", "179": "W", "83": "S", "123": "S", "156": "S", "173": "E", "47": "E", "15": "N", "131": "W", "174": "S", "91": "E", "162": "S", "154": "W", "128": "E", "77": "N", "159": "S", "121": "S", "80": "W", "73": "S", "155": "W", "98": "W", "171": "N", "74": "S", "0": "S", "18": "W", "2": "N", "25": "S", "63": "S", "90": "N", "116": "E", "46": "N", "33": "S", "106": "W", "4": "E", "143": "N", "95": "E", "130": "S", "170": "N", "161": "W", "3": "N", "11": "N", "51": "N", "135": "W", "70": "N", "147": "S", "118": "N", "124": "W"}, {"81": "E"}, {"66": "W", "91": "E", "111": "W", "137": "N", "57": "S", "1": "S", "72": "E", "117": "E", "64": "N", "65": "S", "11": "N", "163": "W", "62": "N", "75": "E", "38": "E", "130": "E", "49": "W", "118": "N", "5": "S", "127": "N", "155": "W", "121": "S", "123": "S", "10": "W", "132": "W", "68": "N", "151": "N", "141": "S", "142": "E", "59": "N", "54": "W", "8": "S", "56": "E", "77": "N", "115": "N", "179": "W", "48": "W", "25": "S", "82": "W", "80": "S", "135": "E", "23": "N", "113": "W", "138": "W", "150": "E", "120": "S", "53": "E", "67": "W", "101": "E", "156": "W", "109": "N", "41": "W", "159": "S", "158": "N", "9": "N", "139": "S", "170": "N", "3": "N", "143": "S", "46": "E", "35": "W", "108": "S", "169": "S", "70": "N", "110": "S", "124": "S", "96": "N", "173": "E", "128": "N", "140": "N", "61": "W", "145": "S", "63": "S", "51": "N", "74": "S", "133": "S", "73": "S", "13": "W", "162": "S", "6": "W", "19": "N", "90": "N", "27": "N", "97": "E", "114": "S", "98": "W", "174": "W", "92": "N", "176": "W", "154": "W", "44": "E", "134": "N", "146": "S", "43": "W", "125": "W", "12": "S", "4": "N", "24": "W", "0": "E", "94": "N", "172": "S", "165": "E", "153": "E", "21": "S", "15": "S", "95": "S", "171": "N", "60": "W", "33": "S", "103": "N", "31": "E", "78": "E", "168": "E", "83": "E", "131": "W", "26": "S", "20": "E", "79": "E", "161": "W"}, {"157": "N", "175": "E", "30": "E", "81": "E"}, {"81": "E"}, {"2": "W", "82": "N", "95": "S", "13": "W", "75": "W", "39": "S", "170": "N", "97": "S", "73": "S", "94": "W", "112": "S", "44": "W", "57": "E", "127": "N", "24": "W", "111": "W", "145": "S", "129": "W", "121": "S", "64": "E", "130": "W", "154": "S", "101": "N", "74": "W", "12": "N", "137": "S", "163": "W", "54": "N", "134": "N", "70": "N", "118": "N", "151": "W", "146": "S", "51": "W", "165": "E", "131": "W", "143": "E", "4": "W", "65": "E", "161": "W", "9": "E", "18": "W", "43": "W", "172": "S", "90": "N", "0": "E", "119": "E", "132": "S", "139": "W", "19": "W", "47": "E", "61": "W", "113": "W", "59": "N", "49": "W", "92": "N", "96": "E", "38": "E", "83": "E", "68": "E", "135": "S", "140": "N", "133": "S", "147": "S", "162": "S", "35": "N", "123": "W", "106": "S", "171": "E", "41": "E", "168": "E", "142": "S", "91": "E", "17": "S", "179": "N", "67": "W", "20": "E", "77": "E", "103": "E", "78": "S", "110": "E", "3": "E", "1": "W", "153": "E", "98": "W", "56": "E", "15": "E", "26": "E", "66": "W", "109": "N", "128": "E", "176": "W", "122": "E", "174": "N", "72": "E", "53": "S", "155": "W", "46": "N", "33": "S", "156": "S", "8": "E", "27": "N", "79": "N", "21": "N", "116": "S", "115": "E", "138": "W", "10": "W", "62": "N", "114": "S"}, {"131": "W", "97": "E", "119": "E", "74": "W", "38": "E", "111": "N", "73": "S", "18": "W", "140": "E", "61": "W", "127": "N", "96": "E", "41": "N", "10": "S", "12": "S", "33": "S", "5": "S", "146": "E", "35": "N", "106": "W", "132": "S", "60": "W", "66": "W", "165": "N", "98": "W", "21": "E", "43": "W", "118": "E", "70": "N", "26": "S", "75": "S", "63": "S", "44": "W", "113": "W", "121": "S", "65": "E", "49": "W", "39": "S", "135": "S", "134": "E", "64": "E", "143": "E", "80": "W", "90": "E", "54": "N", "138": "W", "163": "W", "151": "N", "115": "S", "171": "N", "156": "E", "57": "S", "62": "N", "82": "W", "161": "W", "170": "N", "9": "N", "133": "S", "24": "N", "136": "S", "72": "E", "159": "S", "155": "W", "154": "S", "3": "N", "176": "W", "122": "N", "103": "S", "169": "S", "13": "W", "79": "N", "95": "S", "150": "N", "19": "W", "153": "E", "166": "S", "116": "S", "145": "N", "20": "E", "129": "W", "109": "N", "27": "N", "174": "S", "94": "N", "53": "N", "51": "N", "130": "W", "59": "N", "168": "E", "139": "S", "108": "W", "46": "E", "101": "E", "8": "S", "147": "E", "179": "N", "162": "S", "142": "S", "68": "E", "15": "E", "77": "E", "125": "W", "124": "N", "91": "E", "6": "N", "2": "E", "78": "S", "4": "W", "114": "S", "172": "S", "137": "E", "47": "W", "1": "S"}, {"175": "E", "30": "E"}, {"175": "E", "30": "E"}, {"104": "E", "175": "E", "30": "E"}, {"72": "E", "65": "W", "82": "N", "54": "N", "163": "W", "96": "N", "162": "S", "64": "N", "146": "E", "43": "W", "108": "S", "13": "W", "95": "S", "97": "E", "145": "N", "47": "E", "171": "E", "142": "E", "31": "E", "150": "S", "168": "E", "12": "E", "133": "S", "151": "N", "46": "E", "1": "N", "147": "E", "122": "N", "33": "S", "106": "S", "158": "N", "98": "W", "66": "N", "130": "S", "49": "W", "165": "N", "63": "S", "10": "W", "92": "N", "176": "S", "94": "N", "116": "N", "51": "N", "170": "E", "91": "E", "15": "S", "77": "E", "129": "W", "123": "W", "155": "N", "127": "S", "73": "S", "153": "E", "169": "E", "134": "N", "112": "E", "131": "N", "119": "W", "132": "W", "174": "E", "2": "N", "59": "N", "62": "E", "125": "N", "61": "W", "3": "N", "136": "E", "44": "N", "140": "N", "128": "E", "4": "W", "139": "E", "137": "E", "90": "E", "154": "S", "26": "S", "124": "W", "9": "N", "101": "E", "57": "S", "38": "N", "20": "E", "21": "W", "41": "W", "121": "S", "113": "N", "109": "E", "79": "N", "114": "S", "60": "W", "117": "E", "53": "E", "19": "N", "103": "N", "6": "N", "74": "W", "8": "N", "172": "S", "78": "N", "138": "S", "39": "S", "161": "W", "156": "W", "159": "S", "118": "N", "5": "W", "166": "S", "135": "S"}, {"91": "N", "61": "W", "114": "W", "62": "N", "127": "S", "6": "N", "131": "N", "174": "N", "77": "N", "78": "N", "54": "N", "8": "E", "156": "N", "12": "S", "163": "S", "112": "E", "106": "W", "119": "W", "46": "N", "38": "E", "57": "S", "73": "E", "110": "E", "35": "W", "118": "N", "135": "S", "139": "E", "4": "W", "96": "N", "64": "E", "165": "N", "128": "E", "151": "N", "109": "E", "136": "S", "44": "E", "90": "E", "154": "S", "21": "N", "60": "W", "31": "E", "115": "S", "101": "W", "26": "E", "168": "E", "63": "S", "121": "S", "124": "N", "13": "S", "134": "N", "116": "N", "18": "E", "83": "E", "169": "S", "5": "W", "113": "N", "95": "S", "122": "E", "68": "S", "172": "S", "170": "E", "97": "N", "47": "E", "171": "E", "123": "W", "161": "W", "125": "S", "9": "E", "159": "S", "51": "N", "166": "S", "146": "N", "66": "E", "74": "W", "80": "S", "2": "E", "132": "W", "82": "N", "98": "W", "153": "E", "129": "E", "176": "S", "3": "N", "142": "E", "108": "S", "53": "E", "15": "N", "133": "S", "155": "N", "59": "E", "79": "E", "150": "S", "56": "E", "10": "W", "33": "E", "103": "N", "49": "W", "43": "S", "1": "E", "41": "W", "158": "S", "145": "N", "162": "W", "39": "S"}, {"59": "E", "103": "N", "127": "E", "158": "S", "82": "N", "129": "N", "159": "S", "95": "E", "65": "S", "122": "E", "8": "E", "123": "W", "53": "E", "139": "S", "62": "E", "168": "E", "117": "E", "90": "E", "128": "S", "137": "E", "169": "W", "172": "S", "19": "W", "106": "W", "130": "W", "54": "N", "75": "S", "97": "E", "61": "W", "131": "N", "150": "S", "136": "E", "156": "N", "142": "E", "91": "N", "118": "S", "83": "N", "140": "W", "115": "N", "4": "W", "12": "S", "43": "N", "116": "E", "3": "E", "101": "S", "176": "N", "151": "N", "161": "W", "171": "E", "72": "S", "63": "S", "162": "W", "35": "W", "110": "E", "77": "N", "73": "E", "44": "N", "66": "W", "5": "S", "154": "S", "113": "N", "79": "W", "64": "N", "165": "E", "18": "S", "133": "S", "6": "N", "78": "E", "68": "E", "39": "S", "114": "S", "1": "S", "170": "E", "147": "S", "38": "S", "92": "W", "135": "W", "174": "N", "33": "S", "2": "N", "47": "W", "20": "S", "26": "S", "132": "S", "67": "W", "60": "N", "119": "E", "31": "E", "166": "E", "9": "E", "13": "S", "121": "N", "51": "N", "27": "E", "146": "W", "74": "S", "49": "N", "96": "N", "10": "W", "109": "E", "145": "E", "163": "W", "98": "N", "57": "E", "15": "N"}, {"101": "S", "128": "E", "170": "S", "136": "E", "156": "N", "19": "N", "61": "W", "12": "N", "146": "S", "13": "S", "73": "E", "103": "E", "65": "E", "123": "N", "163": "W", "151": "W", "53": "S", "125": "N", "161": "E", "113": "W", "20": "E", "133": "S", "77": "E", "31": "E", "116": "E", "21": "E", "66": "N", "158": "N", "57": "N", "64": "N", "54": "N", "92": "N", "33": "S", "90": "E", "98": "N", "114": "S", "140": "S", "47": "E", "91": "S", "1": "E", "112": "E", "150": "S", "166": "E", "132": "W", "115": "N", "129": "W", "171": "N", "106": "W", "4": "W", "49": "W", "6": "N", "109": "E", "165": "E", "96": "E", "176": "S", "169": "E", "110": "E", "67": "W", "162": "S", "127": "E", "147": "S", "174": "E", "142": "E", "159": "E", "119": "W", "154": "S", "137": "E", "172": "S", "43": "N", "10": "W", "74": "S", "3": "N", "9": "S", "121": "S", "35": "N", "15": "S", "2": "N", "46": "E", "68": "N", "75": "S", "135": "S", "72": "E", "63": "S", "62": "E", "122": "E", "179": "N", "97": "E", "82": "N", "26": "N", "60": "N", "117": "N", "95": "N", "44": "N", "131": "N", "118": "N", "5": "W", "59": "E", "38": "S"}, {"114": "S", "73": "E", "79": "N", "165": "E", "136": "S", "156": "E", "90": "E", "91": "S", "95": "E", "92": "N", "59": "E", "12": "W", "147": "S", "151": "W", "113": "W", "132": "N", "146": "E", "119": "N", "47": "S", "49": "N", "82": "W", "83": "N", "54": "N", "98": "N", "125": "E", "101": "N", "121": "S", "10": "W", "103": "N", "142": "E", "19": "W", "26": "E", "127": "N", "122": "E", "154": "W", "134": "S", "67": "W", "18": "S", "1": "E", "68": "E", "106": "W", "117": "N", "43": "W", "77": "N", "145": "E", "123": "W", "35": "N", "9": "N", "78": "E", "166": "E", "140": "E", "5": "W", "66": "N", "53": "E", "159": "E", "170": "N", "129": "N", "109": "E", "64": "N", "110": "S", "44": "N", "171": "N", "4": "W", "61": "W", "75": "S", "131": "N", "115": "N", "2": "E", "169": "W", "15": "N", "74": "S", "31": "S", "133": "E", "158": "N", "60": "W", "97": "E", "163": "W", "172": "S", "162": "S", "176": "W", "72": "N", "174": "S", "150": "S", "161": "W", "38": "S", "20": "E", "6": "N", "62": "E", "57": "E"}, {"89": "N"}, {"127": "E", "13": "N", "20": "E", "61": "S", "12": "E", "163": "S", "128": "N", "10": "N", "90": "E", "156": "N", "130": "W", "72": "N", "158": "N", "92": "W", "15": "E", "21": "W", "174": "S", "26": "N", "169": "S", "38": "E", "5": "S", "109": "N", "154": "E", "97": "E", "91": "E", "96": "N", "33": "E", "19": "W", "129": "N", "43": "W", "159": "E", "125": "N", "101": "N", "176": "S", "67": "N", "6": "N", "31": "E", "133": "E", "115": "N", "121": "E", "4": "N", "78": "S", "165": "N", "57": "E", "27": "E", "170": "N", "79": "N", "135": "S", "98": "E", "64": "N", "59": "N", "171": "E", "151": "N", "150": "E", "161": "S", "117": "S", "172": "S", "140": "W", "147": "W", "132": "N", "68": "N", "106": "W", "110": "E", "134": "S", "119": "E", "66": "N", "162": "S", "9": "S", "44": "N", "122": "S", "146": "W", "46": "E", "113": "W", "103": "E", "114": "S", "83": "N", "73": "S", "82": "S", "47": "N", "1": "W", "136": "E", "3": "E", "65": "W", "77": "N", "118": "N", "60": "S"}, {"156": "E", "9": "E", "77": "E", "131": "E", "121": "S", "165": "N", "5": "S", "59": "E", "95": "E", "12": "E", "127": "N", "19": "N", "122": "N", "158": "N", "159": "E", "132": "W", "43": "W", "82": "N", "136": "N", "92": "S", "134": "E", "114": "S", "106": "W", "171": "E", "133": "E", "115": "S", "2": "E", "169": "S", "79": "N", "128": "N", "109": "N", "57": "E", "123": "W", "3": "N", "103": "N", "130": "W", "117": "S", "1": "S", "38": "W", "172": "S", "176": "S", "150": "S", "27": "S", "73": "N", "18": "W", "145": "N", "90": "N", "110": "S", "64": "N", "174": "W", "163": "S", "113": "N", "54": "N", "78": "S", "91": "E", "13": "S", "6": "N", "101": "S", "119": "E", "66": "N", "15": "S", "154": "S", "162": "S", "135": "N", "21": "S", "26": "S", "68": "E", "170": "E", "161": "S", "61": "S", "47": "E", "20": "W", "4": "N", "147": "S", "60": "N", "125": "N", "140": "W", "31": "N", "146": "E", "65": "E", "151": "N", "44": "N", "129": "N", "98": "N"}, {"26": "S", "77": "E", "136": "N", "169": "N", "158": "N", "129": "E", "43": "W", "170": "E", "140": "S", "31": "W", "66": "N", "5": "S", "72": "N", "161": "W", "92": "N", "123": "N", "125": "N", "135": "N", "103": "N", "151": "W", "1": "E", "64": "E", "130": "S", "19": "W", "59": "N", "174": "S", "156": "E", "21": "S", "83": "E", "110": "E", "128": "N", "162": "N", "18": "S", "15": "S", "159": "E", "38": "E", "146": "E", "127": "W", "133": "E", "132": "W", "118": "E", "46": "E", "68": "N", "12": "N", "114": "S", "98": "E", "57": "W", "115": "W", "44": "N", "101": "S", "150": "S", "3": "N", "61": "W", "47": "E", "109": "N", "91": "W", "165": "N", "4": "N", "119": "E", "2": "N", "60": "E", "147": "S", "131": "N", "53": "S", "176": "S", "20": "N", "9": "E", "122": "E", "6": "E", "73": "W", "113": "E", "13": "S", "145": "N", "121": "E", "79": "E", "90": "N", "82": "W", "54": "N", "172": "S", "134": "N", "171": "N"}, {"46": "N", "3": "N", "21": "W", "147": "S", "53": "E", "119": "E", "96": "N", "1": "E", "20": "W", "19": "N", "57": "E", "110": "E", "174": "S", "72": "E", "134": "E", "136": "N", "9": "N", "161": "S", "171": "E", "169": "E", "131": "E", "125": "N", "151": "N", "113": "N", "170": "S", "135": "W", "73": "E", "156": "N", "91": "E", "79": "W", "64": "E", "146": "N", "4": "E", "47": "E", "103": "E", "43": "W", "98": "W", "83": "E", "82": "W", "54": "N", "31": "E", "145": "E", "128": "N", "38": "N", "127": "E", "176": "S", "162": "E", "27": "N", "133": "E", "26": "S", "132": "W", "165": "N", "78": "E", "123": "W", "101": "E", "13": "S", "77": "E", "5": "S", "59": "E", "114": "S", "2": "N", "12": "E", "90": "N", "140": "E", "6": "N", "150": "S", "65": "E", "109": "N", "158": "S", "115": "N", "122": "E", "66": "N", "68": "S", "15": "E", "172": "E"}, {"13": "W", "162": "E", "172": "E", "151": "W", "38": "E", "73": "S", "135": "E", "43": "S", "98": "W", "2": "N", "146": "E", "1": "E", "79": "N", "3": "E", "161": "S", "59": "E", "131": "E", "158": "E", "77": "E", "159": "E", "134": "E", "132": "W", "147": "S", "170": "E", "123": "W", "12": "E", "72": "E", "171": "E", "9": "E", "53": "E", "154": "S", "117": "S", "15": "S", "125": "W", "109": "E", "46": "E", "91": "E", "54": "N", "92": "S", "128": "S", "20": "E", "122": "E", "115": "N", "150": "S", "31": "S", "64": "E", "65": "E", "119": "N", "21": "S", "169": "E", "156": "N", "110": "E", "90": "E", "101": "S", "165": "N", "83": "W", "140": "N", "68": "E", "136": "E", "145": "N", "113": "W", "174": "E", "114": "S", "103": "N", "176": "S", "57": "N", "96": "N", "5": "S", "19": "S", "27": "E", "127": "E", "18": "S", "26": "E", "47": "W"}, {"91": "W", "53": "E", "20": "N", "64": "E", "1": "S", "19": "W", "159": "E", "38": "N", "131": "N", "83": "E", "77": "S", "66": "N", "136": "E", "134": "E", "98": "N", "54": "N", "46": "W", "123": "N", "72": "N", "122": "N", "43": "S", "68": "E", "176": "S", "147": "S", "12": "S", "57": "N", "109": "N", "162": "E", "15": "E", "158": "N", "103": "N", "92": "S", "3": "E", "135": "S", "146": "E", "140": "N", "161": "S", "60": "N", "6": "N", "113": "N", "114": "E", "65": "E", "18": "E", "110": "N", "79": "W", "170": "E", "156": "N", "127": "E", "96": "E", "145": "N", "31": "E", "2": "W", "115": "N", "101": "E", "174": "E", "150": "S", "82": "W", "165": "N", "47": "E", "21": "S", "169": "E", "132": "S", "59": "E", "128": "E", "151": "N", "125": "W", "73": "N", "9": "E", "13": "W", "171": "E"}, {"82": "W", "145": "E", "174": "S", "132": "W", "46": "E", "47": "S", "3": "E", "162": "W", "21": "E", "134": "E", "83": "N", "64": "W", "59": "N", "125": "W", "176": "E", "15": "N", "9": "E", "140": "E", "38": "S", "6": "N", "18": "E", "136": "E", "103": "E", "128": "S", "147": "E", "73": "S", "20": "S", "60": "S", "65": "E", "90": "E", "156": "E", "171": "N", "68": "W", "158": "N", "161": "S", "12": "E", "170": "E", "57": "E", "159": "E", "91": "E", "165": "E", "53": "E", "117": "N", "169": "W", "13": "S", "31": "E", "115": "S", "101": "S", "150": "S", "123": "S", "98": "N", "1": "S", "19": "S", "79": "N", "110": "E", "127": "W", "96": "N", "113": "W", "151": "W", "92": "W", "119": "E", "27": "S", "2": "W", "54": "N", "122": "E", "66": "N", "77": "N"}, {"1": "S", "46": "E", "136": "E", "73": "E", "83": "W", "125": "E", "72": "W", "131": "N", "161": "S", "47": "S", "140": "N", "82": "W", "147": "E", "19": "W", "98": "N", "150": "S", "174": "S", "109": "N", "18": "E", "3": "E", "101": "E", "68": "N", "90": "N", "145": "E", "38": "S", "13": "E", "122": "E", "66": "N", "6": "E", "117": "S", "2": "N", "15": "E", "31": "N", "134": "N", "119": "N", "159": "E", "54": "N", "21": "E", "103": "E", "165": "E", "27": "N", "113": "W", "135": "W", "176": "S", "91": "W", "156": "S", "115": "N", "151": "N", "96": "N", "127": "E", "162": "W", "170": "E", "20": "S", "110": "E", "171": "E", "132": "S", "92": "S", "79": "W", "9": "S", "77": "E", "123": "W", "146": "N", "59": "N", "128": "W", "12": "N", "64": "E", "65": "W", "169": "S"}, {"125": "W", "174": "E", "103": "N", "72": "N", "27": "S", "90": "N", "66": "N", "20": "W", "161": "S", "68": "E", "98": "W", "59": "N", "12": "E", "53": "N", "131": "N", "65": "S", "109": "W", "134": "E", "9": "E", "150": "S", "31": "E", "77": "E", "96": "N", "127": "E", "73": "E", "113": "W", "162": "W", "83": "E", "79": "N", "19": "N", "170": "E", "123": "S", "165": "E", "92": "S", "6": "N", "115": "E", "57": "N", "135": "W", "91": "E", "46": "N", "145": "E", "119": "E", "110": "S", "169": "S", "54": "N", "132": "E", "171": "E", "82": "N", "15": "N", "3": "E", "176": "N", "47": "S", "147": "E", "1": "N", "101": "E", "117": "S", "136": "E", "38": "N", "140": "E", "64": "E", "151": "N", "156": "N", "128": "E", "60": "E", "146": "N"}, {"169": "S", "132": "S", "79": "E", "123": "S", "147": "E", "66": "N", "135": "S", "131": "N", "161": "S", "46": "N", "1": "E", "9": "N", "122": "S", "31": "E", "165": "E", "65": "N", "3": "E", "91": "S", "64": "S", "53": "N", "47": "N", "162": "E", "128": "E", "125": "W", "90": "S", "145": "N", "98": "E", "38": "S", "110": "E", "60": "E", "73": "N", "171": "E", "57": "N", "12": "N", "15": "E", "83": "E", "68": "N", "174": "S", "101": "N", "159": "S", "20": "E", "92": "W", "146": "N", "151": "N", "27": "N", "119": "N", "150": "S", "96": "N", "77": "W", "82": "S", "127": "N", "170": "E", "54": "E", "2": "N", "103": "N", "109": "N", "156": "N", "115": "E", "176": "S", "19": "N", "59": "E", "134": "N"}, {"2": "W", "113": "S", "12": "E", "140": "E", "96": "N", "79": "E", "147": "E", "135": "S", "123": "S", "176": "S", "65": "E", "83": "E", "98": "N", "119": "N", "57": "S", "27": "N", "3": "E", "1": "E", "174": "S", "162": "N", "151": "N", "72": "W", "132": "W", "19": "N", "101": "N", "171": "S", "54": "W", "59": "W", "150": "S", "165": "E", "47": "N", "110": "N", "131": "N", "170": "E", "127": "E", "161": "S", "169": "S", "31": "E", "103": "E", "115": "N", "38": "N", "159": "N", "20": "E", "68": "N", "109": "N", "9": "E", "134": "N", "82": "E", "92": "W", "122": "E", "60": "E", "156": "N", "13": "S", "146": "N", "90": "E", "64": "E", "91": "N", "77": "E", "125": "W", "53": "N", "73": "S", "15": "E"}, {"91": "N", "159": "E", "46": "N", "110": "E", "109": "N", "79": "E", "12": "W", "57": "E", "47": "N", "115": "N", "73": "E", "156": "S", "150": "S", "171": "E", "19": "N", "132": "W", "72": "E", "98": "N", "146": "N", "119": "N", "13": "W", "82": "N", "31": "E", "1": "E", "54": "N", "169": "E", "9": "E", "131": "N", "162": "E", "135": "S", "151": "N", "77": "E", "170": "E", "128": "S", "59": "N", "92": "W", "125": "S", "15": "E", "65": "N", "53": "N", "2": "W", "127": "E", "122": "E", "165": "E", "90": "E", "20": "N", "117": "S", "64": "E", "38": "S", "174": "S", "68": "S", "96": "E", "27": "E", "83": "E", "103": "E", "3": "E", "176": "S", "147": "E"}, {"140": "S", "101": "N", "27": "N", "3": "E", "162": "S", "156": "S", "65": "S", "134": "E", "79": "E", "122": "N", "73": "N", "170": "E", "96": "N", "119": "N", "2": "N", "47": "E", "91": "S", "127": "N", "64": "E", "68": "N", "53": "N", "13": "S", "117": "E", "15": "E", "115": "E", "54": "N", "171": "E", "176": "S", "132": "W", "147": "E", "90": "E", "83": "S", "110": "E", "146": "N", "161": "E", "151": "N", "103": "E", "20": "E", "12": "S", "72": "N", "9": "E", "131": "N", "19": "W", "46": "N", "82": "W", "59": "N", "128": "S", "135": "E", "109": "E", "169": "E", "159": "E", "150": "S", "77": "E", "165": "E", "174": "S"}, {"165": "S", "15": "E", "46": "E", "77": "E", "115": "E", "19": "N", "59": "W", "134": "E", "47": "E", "73": "N", "119": "N", "159": "E", "151": "N", "109": "N", "174": "S", "91": "E", "110": "N", "27": "N", "169": "E", "64": "E", "96": "S", "2": "N", "146": "E", "162": "N", "9": "S", "3": "E", "53": "N", "12": "S", "83": "E", "140": "E", "1": "E", "82": "W", "147": "E", "128": "S", "135": "S", "131": "N", "72": "N", "176": "S", "132": "W", "171": "N", "127": "N", "150": "E", "101": "E", "117": "E", "20": "W", "156": "S", "68": "E", "103": "E", "79": "N", "57": "E", "122": "E", "90": "E", "54": "N"}, {"140": "E", "132": "W", "165": "N", "15": "N", "117": "S", "150": "E", "96": "E", "131": "N", "47": "E", "83": "E", "59": "E", "156": "N", "128": "E", "12": "N", "110": "E", "72": "N", "171": "N", "38": "W", "119": "N", "146": "N", "115": "E", "151": "N", "103": "N", "73": "E", "3": "E", "82": "S", "68": "N", "176": "S", "162": "S", "27": "E", "127": "E", "135": "E", "159": "E", "79": "N", "9": "N", "91": "E", "174": "E", "1": "N", "64": "E", "2": "N", "65": "S", "147": "E", "20": "E", "92": "S", "109": "E", "134": "N", "90": "S", "77": "E", "53": "N", "54": "E", "46": "W"}, {"147": "S", "15": "E", "91": "E", "77": "E", "165": "E", "19": "W", "134": "E", "83": "E", "103": "E", "46": "W", "1": "E", "12": "N", "27": "E", "115": "N", "3": "E", "117": "E", "59": "N", "90": "E", "2": "N", "96": "N", "82": "W", "122": "E", "79": "W", "162": "E", "72": "N", "174": "E", "109": "N", "132": "N", "65": "W", "159": "E", "146": "E", "131": "N", "54": "N", "68": "N", "20": "E", "127": "E", "64": "E", "171": "E", "9": "N", "140": "E", "150": "E", "119": "N", "38": "E", "156": "N", "53": "W", "135": "S", "73": "E", "47": "E", "176": "S"}, {"59": "N", "131": "N", "134": "N", "83": "E", "127": "N", "146": "E", "115": "N", "135": "E", "1": "E", "91": "W", "128": "E", "176": "S", "47": "N", "79": "N", "156": "N", "15": "N", "27": "E", "109": "N", "3": "E", "150": "E", "147": "E", "165": "E", "162": "S", "20": "N", "171": "E", "117": "N", "12": "E", "46": "E", "73": "W", "65": "E", "159": "E", "92": "W", "174": "E", "53": "N", "38": "N", "68": "E", "140": "N", "122": "S", "119": "N", "72": "N", "9": "E", "19": "E", "2": "N", "103": "E", "64": "E", "77": "E", "54": "N", "96": "N", "90": "S"}, {"150": "E", "79": "E", "3": "E", "68": "N", "91": "W", "82": "W", "77": "E", "65": "W", "72": "E", "46": "E", "159": "S", "9": "E", "122": "E", "140": "E", "64": "E", "38": "S", "47": "W", "27": "W", "135": "N", "73": "S", "92": "W", "127": "E", "165": "E", "109": "N", "12": "N", "19": "N", "15": "E", "96": "E", "131": "N", "1": "N", "115": "S", "117": "E", "20": "E", "134": "S", "146": "N", "83": "S", "53": "S", "162": "S", "90": "E", "156": "E", "54": "N", "59": "E", "2": "W", "119": "N", "171": "S"}, {"150": "S", "73": "N", "38": "W", "140": "E", "72": "N", "165": "E", "46": "E", "134": "N", "83": "E", "90": "E", "12": "E", "47": "S", "59": "E", "96": "E", "127": "E", "156": "E", "2": "N", "77": "N", "82": "W", "115": "E", "159": "W", "119": "N", "15": "N", "27": "E", "91": "W", "135": "N", "68": "N", "146": "N", "54": "N", "19": "N", "109": "N", "147": "N", "117": "N", "131": "N", "162": "S", "122": "E", "92": "N", "20": "N", "1": "N", "3": "E", "53": "E", "9": "S", "176": "W", "103": "E", "65": "W", "171": "E"}, {"2": "N", "127": "W", "53": "E", "9": "E", "134": "E", "1": "N", "19": "N", "117": "E", "140": "S", "162": "W", "90": "S", "156": "S", "38": "E", "83": "W", "65": "S", "147": "E", "3": "E", "27": "E", "131": "E", "119": "N", "103": "E", "20": "E", "171": "S", "146": "N", "68": "N", "47": "W", "64": "N", "12": "N", "150": "N", "46": "N", "176": "N", "91": "W", "15": "S", "79": "N", "72": "N", "128": "E", "115": "E", "109": "E", "122": "E", "77": "S", "96": "E", "165": "E"}, {"3": "E", "68": "W", "96": "N", "15": "E", "134": "E", "146": "N", "103": "E", "59": "N", "73": "S", "109": "E", "1": "E", "9": "E", "176": "W", "72": "E", "127": "E", "53": "E", "77": "E", "156": "S", "20": "S", "90": "S", "79": "N", "162": "S", "115": "S", "38": "N", "46": "E", "92": "N", "122": "N", "91": "N", "64": "E", "159": "S", "150": "E", "117": "E", "27": "N", "82": "W", "12": "E", "171": "E", "83": "E", "140": "N", "2": "N", "147": "E", "119": "E", "65": "S", "19": "N", "47": "S"}, {"53": "W", "9": "E", "134": "S", "156": "E", "65": "S", "3": "E", "122": "E", "171": "E", "46": "S", "91": "S", "176": "S", "83": "E", "15": "E", "103": "E", "96": "E", "79": "N", "47": "S", "20": "S", "150": "E", "115": "E", "162": "S", "92": "N", "1": "E", "27": "N", "38": "S", "72": "E", "146": "N", "68": "N", "19": "E", "117": "E", "77": "E", "12": "E", "127": "E", "2": "N", "73": "E", "140": "N", "109": "E", "59": "N", "119": "W", "159": "E", "90": "E"}, {"72": "E", "20": "E", "53": "E", "96": "E", "12": "S", "90": "E", "15": "N", "59": "E", "92": "N", "115": "N", "2": "N", "19": "E", "68": "N", "9": "E", "65": "S", "159": "S", "176": "S", "119": "N", "27": "E", "127": "N", "140": "N", "162": "S", "122": "E", "46": "E", "109": "E", "1": "S", "150": "E", "91": "E", "79": "N", "47": "E", "103": "E", "38": "S", "134": "N", "83": "N", "73": "E", "117": "E", "171": "E", "77": "E", "146": "N", "156": "E"}, {"77": "S", "162": "S", "115": "N", "12": "E", "27": "E", "140": "N", "122": "E", "2": "N", "79": "N", "146": "E", "83": "E", "109": "E", "159": "E", "9": "N", "156": "E", "53": "E", "65": "S", "46": "E", "119": "W", "72": "E", "20": "E", "127": "N", "59": "E", "91": "S", "15": "E", "68": "N", "82": "N", "38": "E", "90": "E", "96": "E", "117": "S", "103": "E", "73": "W", "176": "S", "47": "N", "92": "N", "150": "E", "1": "E", "134": "E"}, {"122": "E", "117": "E", "59": "E", "119": "N", "53": "S", "159": "E", "72": "E", "96": "E", "9": "E", "1": "E", "46": "W", "156": "E", "79": "N", "47": "N", "176": "S", "115": "S", "91": "W", "68": "N", "109": "E", "15": "N", "38": "E", "77": "S", "103": "S", "20": "E", "162": "S", "92": "N", "65": "N", "127": "E", "140": "E", "134": "E", "2": "N", "150": "E", "146": "N", "27": "N", "83": "E", "73": "N"}, {"15": "N", "109": "E", "59": "E", "103": "E", "91": "S", "83": "S", "1": "N", "53": "N", "27": "N", "146": "E", "150": "E", "159": "S", "176": "E", "79": "N", "9": "E", "156": "E", "47": "W", "127": "S", "77": "S", "2": "N", "134": "E", "140": "W", "38": "N", "65": "E", "119": "W", "73": "N", "115": "E", "68": "W", "96": "E", "92": "N", "46": "E", "162": "S", "117": "E", "122": "N", "72": "E"}, {"79": "N", "109": "E", "140": "E", "2": "N", "119": "N", "159": "E", "15": "W", "77": "E", "1": "E", "91": "W", "146": "E", "83": "S", "73": "N", "150": "E", "72": "N", "92": "E", "47": "E", "156": "E", "117": "N", "65": "E", "134": "N", "46": "E", "27": "S", "115": "E", "103": "E", "38": "E", "127": "N", "122": "N", "96": "E", "53": "S", "9": "N", "162": "S", "176": "E", "68": "N", "59": "E"}, {"65": "S", "68": "N", "15": "W", "150": "E", "119": "W", "38": "E", "122": "N", "9": "N", "91": "N", "146": "E", "73": "E", "77": "E", "96": "E", "127": "N", "134": "N", "53": "E", "115": "E", "72": "N", "159": "E", "92": "E", "156": "W", "117": "N", "1": "E", "162": "S", "2": "N", "46": "W", "103": "N", "83": "E", "27": "N", "59": "N", "109": "E", "47": "E"}, {"156": "E", "27": "S", "46": "W", "119": "W", "77": "E", "162": "S", "83": "E", "115": "E", "140": "S", "9": "W", "53": "W", "15": "E", "159": "N", "127": "N", "96": "E", "103": "E", "122": "S", "38": "N", "59": "E", "72": "E", "91": "E", "65": "E", "117": "W", "146": "E", "2": "E", "73": "E", "150": "E", "134": "E", "47": "W", "68": "W", "109": "E"}, {"9": "E", "134": "E", "119": "W", "117": "N", "156": "E", "65": "E", "38": "E", "109": "N", "73": "N", "96": "E", "47": "E", "15": "E", "146": "E", "77": "N", "91": "E", "46": "E", "159": "N", "127": "E", "59": "E", "68": "N", "140": "E", "162": "S", "53": "E", "150": "E", "72": "S", "115": "E", "103": "E", "27": "S", "122": "S"}, {"150": "E", "53": "E", "68": "N", "162": "E", "127": "E", "9": "E", "73": "N", "159": "N", "103": "E", "46": "W", "156": "E", "140": "E", "59": "W", "27": "E", "115": "E", "15": "E", "96": "E", "146": "E", "77": "N", "47": "E", "109": "S", "119": "N", "72": "E", "122": "S", "65": "S", "91": "E", "134": "E", "38": "E"}, {"156": "E", "127": "S", "65": "E", "47": "S", "103": "E", "119": "N", "59": "N", "115": "E", "38": "S", "92": "N", "96": "E", "77": "N", "27": "W", "15": "S", "134": "E", "46": "N", "73": "E", "140": "E", "72": "S", "122": "N", "159": "N", "146": "E", "91": "W", "9": "N", "109": "E", "68": "N", "150": "E"}, {"109": "E", "46": "N", "103": "E", "146": "E", "59": "N", "127": "E", "53": "E", "9": "E", "27": "E", "119": "N", "134": "N", "72": "E", "65": "E", "96": "E", "159": "E", "47": "E", "91": "N", "115": "E", "68": "N", "38": "S", "122": "S", "140": "S", "15": "E", "73": "E"}, {"47": "E", "122": "E", "146": "E", "15": "E", "38": "E", "119": "N", "140": "N", "73": "S", "9": "E", "27": "W", "53": "E", "72": "E", "59": "E", "46": "S", "127": "E", "65": "N", "68": "W", "134": "E", "115": "N", "96": "E", "109": "E"}, {"127": "N", "65": "N", "119": "N", "53": "S", "96": "E", "115": "E", "73": "S", "38": "W", "47": "N", "109": "S", "72": "E", "46": "S", "15": "N", "140": "N", "122": "E", "27": "E", "91": "E", "9": "S", "59": "E", "68": "N", "146": "N"}, {"38": "S", "119": "N", "115": "E", "96": "E", "72": "E", "15": "N", "65": "E", "140": "N", "91": "W", "122": "S", "146": "E", "9": "E", "109": "E", "127": "N", "27": "W", "47": "E", "68": "N", "46": "S", "59": "E", "53": "E"}, {"27": "W", "15": "E", "46": "S", "47": "E", "53": "S", "122": "E", "65": "E", "115": "S", "109": "E", "140": "N", "146": "E", "59": "E", "91": "E", "38": "W", "9": "S", "68": "N", "127": "E", "119": "N"}, {"144": "N"}, {"140": "E", "46": "N", "109": "N", "115": "E", "68": "E", "65": "E", "53": "E", "59": "S", "9": "E", "91": "E", "27": "E", "47": "N", "122": "E", "146": "S", "15": "E"}, {"27": "E", "53": "E", "68": "N", "122": "N", "146": "E", "65": "E", "59": "S", "46": "N", "115": "E", "9": "E", "15": "E", "91": "W", "140": "E", "109": "E", "47": "E"}, {"9": "S", "53": "E", "122": "E", "27": "S", "47": "E", "140": "E", "15": "E", "65": "S", "146": "E", "91": "E", "46": "E"}, {"140": "E", "53": "E", "27": "N", "146": "E", "46": "E", "122": "E", "68": "N", "91": "E", "65": "E", "15": "S", "47": "S", "9": "S"}, {"68": "W", "47": "E", "91": "N", "65": "E", "140": "E", "53": "E", "27": "E", "15": "E", "146": "E", "9": "E", "122": "E"}, {"140": "E", "65": "N", "122": "S", "91": "E", "53": "N", "46": "E", "27": "E"}, {"65": "N", "27": "E", "46": "E", "91": "E", "53": "N", "140": "E"}, {"91": "N", "27": "W", "46": "N", "65": "N", "53": "N"}, {"65": "E", "53": "N", "91": "E", "27": "E", "46": "S"}, {"53": "N", "91": "E", "46": "E", "27": "E", "65": "E"}, {"46": "S", "27": "E", "53": "N", "65": "E", "91": "S"}, {"91": "S", "27": "E", "46": "N", "53": "N", "65": "N"}, {"148": "E"}, {"46": "E", "53": "N", "65": "N"}, {"46": "E", "53": "E", "65": "N"}, {"65": "W", "46": "E", "53": "E"}, {"53": "S", "65": "W"}, {"53": "E", "65": "W"}, {"53": "E"}, {"53": "S"}, {"53": "E"}, {"53": "S"}, {"53": "S"}, {"53": "W"}, {"53": "S"}, {"53": "S"}, {"53": "E"}, {"53": "E"}, {"53": "E"}, {"53": "N"}, {"160": "N"}, {"160": "N"}, {"160": "N"}, {"160": "N"}, {"160": "N"}, {"160": "N"}, {"160": "N"}, {"160": "N"}, {"160": "N"}, {"160": "N"}, {"160": "N"}, {"160": "N"}, {"160": "E"}, {"160": "N"}, {"160": "N"}, {"160": "E"}, {"160": "N"}, {"160": "N"}, {"160": "N"}, {"160": "N"}, {"160": "N"}, {"160": "E"}, {"160": "N"}, {"160": "N"}, {"160": "N"}, {"160": "N"}, {"160": "N"}, {"160": "N"}, {"160": "E"}, {"160": "N"}, {"160": "N"}, {"160": "E"}, {"160": "E"}, {"160": "E"}, {"160": "E"}, {"160": "N"}, {"160": "E"}, {"160": "N"}, {"160": "E"}, {"160": "E"}, {"160": "E"}, {"160": "E"}, {"160": "E"}, {"30": "W"}, {"30": "N"}, {"30": "N"}, {"30": "N"}, {"30": "N"}, {"30": "N"}, {"30": "N"}, {"30": "N"}, {"30": "W"}, {"93": "N"}, {"93": "N"}, {"93": "N"}, {"93": "N"}, {"93": "N"}, {"93": "W"}, {"93": "W"}, {"93": "N"}, {"93": "N"}, {"93": "N"}, {"93": "N"}, {"93": "N"}, {"93": "N"}, {"93": "N"}, {"93": "N"}, {"93": "N"}, {"93": "N"}, {"93": "N"}, {"93": "N"}, {"93": "N"}, {"93": "N"}, {"93": "N"}, {"93": "N"}, {"93": "N"}, {"93": "N"}, {"93": "N"}, {"93": "N"}, {"93": "N"}, {"93": "N"}, {"93": "N"}, {"93": "N"}, {"93": "N"}, {"93": "N"}, {"93": "E"}, {"93": "E"}, {"93": "E"}, {"16": "W"}, {"16": "N"}, {"16": "W"}, {"16": "N"}, {"16": "N"}, {"16": "N"}, {"16": "W"}, {"16": "N"}, {"16": "W"}, {"16": "W"}, {"16": "N"}, {"16": "N"}, {"16": "N"}, {"16": "N"}, {"16": "N"}, {"16": "N"}, {"16": "N"}, {"16": "N"}, {"16": "N"}, {"16": "N"}, {"16": "N"}, {"16": "N"}, {"16": "N"}, {"16": "N"}, {"16": "N"}, {"16": "N"}, {"16": "N"}, {"16": "N"}, {"16": "N"}, {"16": "N"}, {"16": "N"}, {"16": "N"}, {"16": "N"}, {"16": "N"}, {"16": "N"}, {"16": "E"}, {"16": "E"}, {"16": "E"}, {"42": "W"}, {"42": "N"}, {"42": "N"}, {"42": "N"}, {"42": "N"}, {"42": "E"}, {"42": "N"}, {"42": "N"}, {"42": "W"}, {"42": "W"}, {"42": "N"}, {"42": "N"}, {"42": "N"}, {"42": "N"}, {"42": "N"}, {"42": "N"}, {"42": "N"}, {"42": "N"}, {"42": "N"}, {"42": "N"}, {"42": "N"}, {"42": "N"}, {"42": "N"}, {"42": "N"}, {"42": "N"}, {"42": "N"}, {"42": "N"}, {"42": "N"}, {"42": "N"}, {"42": "N"}, {"42": "N"}, {"42": "N"}, {"42": "N"}, {"42": "N"}, {"42": "N"}, {"42": "E"}, {"42": "E"}, {"105": "W"}, {"105": "N"}, {"105": "N"}, {"105": "N"}, {"105": "N"}, {"105": "N"}, {"105": "N"}, {"105": "N"}, {"105": "N"}, {"105": "N"}, {"105": "N"}, {"105": "N"}, {"105": "N"}, {"105": "N"}, {"105": "N"}, {"105": "N"}, {"105": "N"}, {"105": "N"}, {"105": "N"}, {"105": "W"}, {"105": "W"}, {"105": "W"}, {"105": "N"}, {"105": "W"}, {"105": "W"}, {"105": "W"}, {"105": "W"}, {"105": "W"}, {"105": "W"}, {"105": "W"}, {"105": "W"}, {"105": "N"}, {"105": "W"}, {"105": "W"}, {"105": "N"}, {"105": "N"}, {"105": "N"}, {"22": "E"}, {"22": "N"}, {"22": "N"}, {"22": "N"}, {"22": "N"}, {"22": "E"}, {"22": "E"}, {"22": "E"}, {"22": "E"}, {"22": "E"}, {"22": "E"}, {"22": "E"}, {"22": "N"}, {"22": "E"}, {"22": "E"}, {"22": "E"}, {"22": "N"}, {"22": "E"}, {"22": "E"}, {"22": "E"}, {"22": "E"}, {"22": "E"}, {"22": "E"}, {"22": "E"}, {"22": "N"}, {"22": "E"}, {"22": "N"}, {"22": "E"}, {"22": "E"}, {"22": "E"}, {"22": "E"}, {"22": "E"}, {"22": "S"}, {"22": "E"}, {"22": "E"}, {"22": "N"}, {"22": "E"}, {"22": "E"}, {"22": "N"}, {"22": "N"}, {"22": "N"}, {"22": "N"}, {"22": "E"}, {"22": "N"}, {"22": "E"}, {"32": "N"}, {"32": "N"}, {"32": "N"}, {"32": "N"}, {"32": "W"}, {"32": "N"}, {"32": "W"}, {"32": "W"}, {"32": "N"}, {"32": "N"}, {"32": "N"}, {"32": "N"}, {"32": "N"}, {"32": "N"}, {"32": "N"}, {"32": "N"}, {"32": "N"}, {"32": "E"}, {"32": "E"}, {"32": "E"}, {"32": "E"}, {"32": "E"}, {"32": "S"}, {"32": "E"}, {"32": "E"}, {"32": "N"}, {"32": "E"}, {"32": "E"}, {"32": "N"}, {"32": "N"}, {"32": "N"}, {"32": "N"}, {"34": "N"}, {"34": "N"}, {"34": "N"}, {"34": "E"}, {"34": "E"}, {"34": "E"}, {"34": "E"}, {"34": "E"}, {"34": "E"}, {"34": "E"}, {"34": "E"}, {"34": "N"}, {"34": "E"}, {"34": "E"}, {"34": "E"}, {"34": "N"}, {"34": "E"}, {"34": "E"}, {"34": "E"}, {"34": "E"}, {"34": "E"}, {"34": "E"}, {"34": "E"}, {"34": "N"}, {"34": "E"}, {"34": "N"}, {"34": "E"}, {"34": "E"}, {"34": "E"}, {"34": "E"}, {"34": "E"}, {"34": "S"}, {"34": "E"}, {"34": "E"}, {"34": "N"}, {"34": "E"}, {"34": "E"}, {"34": "N"}, {"34": "N"}, {"34": "E"}, {"34": "E"}, {"81": "W"}, {"81": "S"}, {"81": "S"}, {"81": "S"}, {"81": "W"}, {"40": "N"}, {"40": "N"}, {"40": "N"}, {"40": "N"}, {"40": "N"}, {"40": "N"}, {"40": "N"}, {"40": "N"}, {"40": "N"}, {"40": "N"}, {"40": "E"}, {"40": "N"}, {"40": "N"}, {"40": "N"}, {"40": "N"}, {"40": "N"}, {"40": "N"}, {"40": "N"}, {"40": "N"}, {"40": "E"}, {"40": "E"}, {"40": "E"}, {"40": "E"}, {"40": "E"}, {"40": "N"}, {"40": "E"}, {"40": "E"}, {"40": "E"}, {"40": "E"}, {"40": "E"}, {"40": "E"}, {"40": "E"}, {"40": "E"}, {"40": "E"}, {"40": "N"}, {"40": "E"}, {"40": "E"}, {"40": "E"}, {"85": "N"}, {"85": "N"}, {"85": "N"}, {"85": "N"}, {"85": "N"}, {"85": "N"}, {"85": "N"}, {"85": "N"}, {"85": "N"}, {"85": "N"}, {"85": "N"}, {"85": "E"}, {"85": "E"}, {"85": "N"}, {"85": "E"}, {"85": "E"}, {"85": "E"}, {"85": "E"}, {"85": "E"}, {"85": "N"}, {"85": "E"}, {"85": "E"}, {"85": "E"}, {"85": "N"}, {"85": "E"}, {"85": "E"}, {"85": "E"}, {"85": "E"}, {"85": "E"}, {"85": "S"}, {"85": "E"}, {"85": "E"}, {"85": "N"}, {"85": "E"}, {"85": "E"}, {"85": "N"}, {"85": "N"}, {"85": "N"}, {"69": "W"}, {"69": "W"}, {"69": "W"}, {"69": "W"}, {"69": "W"}, {"69": "W"}, {"69": "W"}, {"69": "S"}, {"69": "S"}, {"28": "W"}, {"28": "W"}, {"28": "N"}, {"28": "N"}, {"28": "N"}, {"28": "N"}, {"28": "N"}, {"28": "N"}, {"28": "N"}, {"28": "N"}, {"28": "N"}, {"28": "N"}, {"28": "N"}, {"28": "N"}, {"28": "N"}, {"28": "N"}, {"28": "N"}, {"28": "N"}, {"28": "N"}, {"28": "N"}, {"28": "N"}, {"28": "N"}, {"28": "W"}, {"28": "N"}, {"28": "N"}, {"28": "N"}, {"28": "N"}, {"28": "N"}, {"28": "N"}, {"28": "E"}, {"28": "N"}, {"28": "N"}, {"175": "N"}, {"175": "W"}, {"175": "W"}, {"175": "N"}, {"175": "N"}, {"175": "N"}, {"175": "N"}, {"175": "N"}, {"175": "N"}, {"175": "N"}, {"175": "N"}, {"175": "N"}, {"175": "N"}, {"175": "N"}, {"175": "W"}, {"175": "W"}, {"175": "W"}, {"175": "N"}, {"175": "W"}, {"175": "W"}, {"175": "W"}, {"175": "W"}, {"175": "W"}, {"175": "W"}, {"175": "W"}, {"175": "W"}, {"175": "N"}, {"175": "W"}, {"175": "W"}, {"175": "N"}, {"175": "W"}, {"175": "W"}, {"175": "W"}, {"175": "W"}, {"175": "W"}, {"107": "W"}, {"107": "W"}, {"107": "N"}, {"107": "N"}, {"107": "N"}, {"107": "N"}, {"107": "N"}, {"107": "N"}, {"107": "N"}, {"107": "N"}, {"107": "N"}, {"107": "W"}, {"107": "W"}, {"107": "W"}, {"107": "S"}, {"107": "W"}, {"107": "W"}, {"107": "W"}, {"107": "S"}, {"107": "S"}, {"107": "W"}, {"107": "W"}, {"107": "S"}, {"107": "S"}, {"107": "S"}, {"107": "S"}, {"107": "S"}, {"107": "S"}, {"107": "S"}, {"107": "S"}, {"107": "S"}, {"107": "E"}, {"107": "E"}, {"107": "N"}, {"107": "N"}, {"36": "W"}, {"36": "W"}, {"36": "W"}, {"36": "W"}, {"36": "W"}, {"36": "W"}, {"36": "W"}, {"36": "W"}, {"36": "W"}, {"36": "W"}, {"36": "W"}, {"36": "W"}, {"36": "W"}, {"36": "W"}, {"36": "N"}, {"36": "W"}, {"36": "W"}, {"36": "W"}, {"36": "W"}, {"36": "N"}, {"36": "W"}, {"36": "W"}, {"36": "W"}, {"36": "S"}, {"36": "W"}, {"36": "W"}, {"36": "N"}, {"50": "W"}, {"50": "W"}, {"50": "N"}, {"50": "W"}, {"50": "W"}, {"50": "W"}, {"50": "W"}, {"50": "N"}, {"50": "N"}, {"50": "N"}, {"50": "N"}, {"50": "W"}, {"50": "W"}, {"50": "N"}, {"50": "N"}, {"50": "N"}, {"50": "N"}, {"50": "N"}, {"50": "N"}, {"50": "N"}, {"50": "N"}, {"50": "N"}, {"50": "N"}, {"50": "N"}, {"50": "N"}, {"50": "E"}, {"50": "E"}, {"144": "W"}, {"144": "W"}, {"144": "W"}, {"144": "W"}, {"144": "W"}, {"144": "S"}, {"144": "S"}, {"144": "S"}, {"144": "S"}, {"144": "S"}, {"144": "W"}, {"144": "S"}, {"144": "S"}, {"144": "S"}, {"144": "S"}, {"144": "W"}, {"144": "W"}, {"144": "W"}, {"144": "S"}, {"144": "S"}, {"144": "S"}, {"88": "W"}, {"88": "W"}, {"88": "S"}, {"88": "S"}, {"88": "S"}, {"88": "S"}, {"88": "W"}, {"88": "W"}, {"88": "W"}, {"88": "S"}, {"88": "W"}, {"86": "W"}, {"86": "S"}, {"86": "S"}, {"86": "W"}, {"86": "W"}, {"86": "W"}, {"86": "S"}, {"86": "S"}, {"86": "S"}, {"86": "S"}, {"86": "S"}, {"86": "S"}, {"86": "W"}, {"86": "W"}, {"86": "W"}, {"177": "S"}, {"177": "W"}, {"177": "W"}, {"177": "S"}, {"177": "S"}, {"177": "S"}, {"177": "S"}, {"177": "S"}, {"177": "S"}, {"177": "W"}, {"177": "W"}, {"177": "S"}, {"177": "S"}, {"177": "S"}, {"177": "S"}, {"177": "S"}, {"104": "S"}, {"104": "S"}, {"104": "W"}, {"104": "W"}, {"104": "W"}, {"104": "S"}, {"104": "S"}, {"104": "S"}, {"104": "W"}, {"104": "W"}, {"104": "S"}, {"104": "W"}, {"104": "S"}, {"104": "S"}, {"104": "W"}, {"104": "W"}, {"104": "W"}, {"104": "W"}, {"104": "W"}, {"104": "W"}, {"104": "S"}, {"104": "W"}, {"104": "W"}, {"104": "N"}, {"104": "W"}, {"104": "W"}, {"104": "N"}, {"104": "N"}, {"104": "N"}, {"104": "N"}, {"104": "N"}, {"104": "E"}, {"104": "E"}, {"104": "E"}, {"52": "S"}, {"52": "E"}, {"52": "E"}, {"52": "N"}, {"52": "E"}, {"52": "E"}, {"52": "E"}, {"52": "E"}, {"52": "E"}, {"52": "N"}, {"52": "E"}, {"52": "E"}, {"52": "E"}, {"52": "E"}, {"52": "S"}, {"52": "E"}, {"52": "E"}, {"84": "S"}, {"84": "E"}, {"84": "E"}, {"84": "S"}, {"84": "E"}, {"84": "E"}, {"84": "E"}, {"84": "E"}, {"84": "S"}, {"84": "E"}, {"84": "E"}, {"84": "N"}, {"84": "N"}, {"84": "E"}, {"84": "E"}, {"84": "E"}, {"84": "E"}, {"126": "S"}, {"126": "S"}, {"126": "S"}, {"126": "S"}, {"126": "S"}, {"126": "S"}, {"126": "S"}, {"126": "S"}, {"126": "S"}, {"126": "S"}, {"126": "S"}, {"126": "S"}, {"126": "S"}, {"126": "E"}, {"126": "S"}, {"167": "N"}, {"167": "N"}, {"167": "N"}, {"167": "E"}, {"167": "E"}, {"167": "N"}, {"89": "W"}, {"89": "W"}, {"89": "W"}, {"89": "W"}, {"89": "S"}, {"89": "S"}, {"89": "S"}, {"89": "S"}, {"89": "S"}, {"89": "S"}, {"89": "S"}, {"89": "S"}, {"89": "S"}, {"89": "S"}, {"89": "S"}, {"89": "S"}, {"89": "S"}, {"89": "S"}, {"89": "S"}, {"148": "W"}, {"148": "W"}, {"148": "S"}, {"148": "W"}, {"148": "W"}, {"148": "S"}, {"148": "W"}, {"148": "S"}, {"148": "S"}, {"148": "W"}, {"148": "W"}, {"148": "W"}, {"148": "W"}, {"148": "W"}, {"148": "W"}, {"148": "S"}, {"148": "W"}, {"148": "S"}, {"148": "W"}, {"148": "W"}, {"148": "W"}, {"148": "W"}, {"148": "W"}, {"148": "W"}, {"148": "W"}, {"148": "N"}, {"148": "N"}, {"148": "N"}, {"148": "N"}, {"148": "N"}, {"148": "N"}, {"157": "W"}, {"157": "W"}, {"157": "W"}, {"157": "W"}, {"157": "W"}, {"157": "W"}, {"157": "S"}, {"157": "W"}, {"157": "W"}, {"157": "S"}, {"157": "W"}, {"157": "W"}, {"157": "W"}, {"157": "W"}, {"157": "W"}, {"157": "W"}, {"157": "S"}, {"157": "S"}, {"157": "S"}, {"157": "S"}, {"157": "S"}, {"157": "S"}, {"157": "S"}, {"157": "S"}, {"157": "S"}, {"157": "S"}, {"157": "S"}, {"157": "S"}, {"14": "E"}, {"14": "S"}, {"14": "S"}, {"14": "S"}, {"14": "S"}, {"14": "S"}, {"14": "E"}, {"14": "E"}, {"14": "E"}, {"14": "E"}, {"45": "S"}, {"45": "E"}, {"45": "S"}, {"45": "S"}, {"45": "S"}, {"45": "S"}, {"45": "S"}, {"45": "S"}, {"45": "S"}, {"45": "S"}, {"45": "S"}, {"45": "S"}, {"45": "S"}, {"45": "E"}, {"45": "E"}, {"45": "E"}, {"45": "E"}, {"45": "E"}, {"45": "E"}, {"45": "E"}, {"45": "E"}, {"102": "S"}, {"102": "E"}, {"102": "S"}, {"102": "S"}, {"102": "S"}, {"102": "S"}, {"102": "S"}, {"102": "S"}, {"102": "E"}, {"102": "E"}, {"102": "E"}, {"76": "S"}, {"76": "E"}, {"76": "E"}, {"76": "S"}, {"76": "S"}, {"76": "S"}, {"76": "S"}, {"76": "S"}, {"76": "S"}, {"76": "S"}, {"76": "S"}, {"76": "S"}, {"76": "S"}, {"76": "E"}, {"76": "E"}, {"76": "S"}, {"76": "E"}, {"76": "E"}, {"76": "E"}, {"149": "N"}, {"149": "N"}, {"149": "E"}, {"149": "N"}, {"149": "N"}, {"149": "N"}, {"149": "N"}, {"149": "N"}, {"149": "N"}, {"149": "E"}, {"152": "W"}, {"152": "S"}, {"152": "S"}, {"152": "S"}, {"152": "S"}, {"152": "S"}, {"152": "S"}, {"152": "S"}, {"152": "S"}, {"152": "S"}, {"152": "S"}, {"152": "S"}, {"152": "S"}, {"152": "S"}, {"152": "S"}, {"152": "S"}, {"152": "S"}, {"152": "W"}, {"152": "W"}, {"152": "S"}, {"152": "W"}, {"152": "S"}, {"152": "S"}, {"152": "W"}, {"152": "W"}, {"152": "W"}, {"152": "W"}, {"152": "W"}, {"152": "W"}, {"152": "S"}, {"152": "W"}, {"152": "S"}, {"152": "W"}, {"152": "W"}, {"152": "W"}, {"152": "W"}, {"152": "W"}, {"152": "W"}, {"152": "W"}, {"152": "W"}, {"152": "W"}, {"152": "W"}, {"152": "W"}, {"152": "W"}, {"152": "W"}, {"152": "W"}, {"152": "W"}, {"152": "W"}, {"152": "W"}, {"152": "W"}, {"152": "W"}, {"152": "S"}], "result": "SUCCESS", "makespan": 1061, "sum": 4916, "algo_name": "OutAndInByPercentage_per_80_SW_"}