{"instance": "medium_free_002_30x30_20_180", "steps": [{"16": "S", "51": "E", "53": "W", "69": "N", "106": "N", "109": "S", "123": "E", "133": "W", "134": "S", "149": "W", "173": "N", "176": "E", "9": "W", "15": "W", "55": "N", "58": "W", "74": "N", "131": "S", "151": "E", "152": "E", "179": "S", "5": "E", "11": "E", "28": "S", "39": "W", "43": "N", "45": "W", "54": "S", "64": "S", "66": "S", "77": "W", "159": "W", "172": "N", "174": "W", "18": "E", "33": "N", "80": "N", "85": "S", "113": "E", "114": "W", "115": "W", "145": "W", "148": "E", "4": "N", "63": "N", "72": "S", "119": "S", "29": "N", "71": "W", "89": "N", "108": "W", "155": "E", "26": "N", "104": "E", "165": "W", "171": "S", "30": "E", "76": "W", "88": "E", "164": "E", "70": "E", "135": "E", "137": "E", "12": "S", "47": "W", "52": "W", "128": "S", "31": "S", "78": "E", "136": "S", "153": "N", "110": "W", "167": "S", "101": "S", "157": "N", "38": "S", "73": "W", "20": "S"}, {"16": "S", "51": "E", "53": "W", "69": "N", "106": "N", "109": "S", "123": "E", "133": "W", "134": "S", "149": "W", "173": "N", "176": "E", "9": "W", "15": "W", "55": "N", "58": "W", "74": "N", "131": "S", "151": "E", "152": "E", "179": "S", "11": "E", "43": "N", "54": "S", "66": "S", "77": "W", "159": "W", "172": "N", "174": "W", "18": "E", "33": "N", "80": "N", "85": "S", "115": "W", "145": "W", "148": "E", "4": "N", "72": "S", "71": "W", "89": "N", "108": "W", "155": "E", "26": "N", "104": "E", "165": "W", "171": "S", "88": "E", "164": "E", "70": "E", "135": "E", "137": "E", "12": "S", "47": "W", "52": "W", "128": "S", "31": "S", "78": "E", "136": "S", "153": "N", "167": "S", "101": "S", "157": "N", "38": "S", "73": "W", "20": "S"}, {"16": "E", "53": "W", "69": "N", "106": "E", "109": "W", "123": "E", "133": "S", "176": "N", "9": "W", "15": "W", "55": "N", "58": "W", "74": "N", "151": "E", "179": "S", "11": "E", "43": "N", "54": "S", "66": "S", "77": "W", "159": "W", "172": "N", "174": "W", "18": "E", "80": "N", "85": "S", "115": "W", "145": "W", "148": "E", "4": "N", "71": "W", "89": "N", "108": "W", "155": "E", "104": "E", "165": "W", "171": "S", "88": "E", "164": "E", "70": "E", "135": "E", "137": "E", "12": "S", "128": "S", "31": "S", "78": "E", "136": "S", "153": "N", "167": "S", "157": "N", "38": "S", "20": "S"}, {"53": "W", "123": "N", "176": "E", "9": "W", "58": "W", "131": "S", "152": "E", "179": "E", "43": "N", "54": "S", "66": "S", "77": "W", "159": "W", "172": "N", "174": "W", "80": "N", "85": "S", "115": "W", "145": "W", "148": "E", "4": "N", "71": "W", "89": "N", "108": "W", "155": "E", "165": "W", "171": "S", "70": "E", "135": "E", "137": "E", "12": "S", "128": "S", "31": "S", "78": "E", "136": "S", "153": "N", "167": "S", "157": "N", "38": "S", "20": "S"}, {"131": "S", "151": "E", "11": "E", "43": "N", "66": "E", "172": "W", "80": "N", "85": "S", "115": "W", "145": "W", "148": "E", "18": "E", "4": "N", "71": "W", "89": "N", "108": "W", "155": "E", "165": "W", "171": "S", "70": "E", "135": "E", "137": "E", "12": "S", "128": "S", "31": "S", "78": "E", "136": "S", "153": "N", "167": "S", "157": "N", "38": "S", "20": "S"}, {"131": "E", "151": "E", "11": "E", "43": "N", "80": "N", "85": "E", "115": "N", "18": "E", "4": "N", "71": "W", "89": "N", "108": "W", "155": "E", "165": "W", "171": "S", "70": "E", "137": "E", "12": "S", "128": "S", "31": "S", "78": "E", "136": "S", "153": "N", "167": "S", "157": "N", "38": "S", "20": "S"}, {"174": "W", "71": "W", "89": "N", "108": "W", "155": "E", "165": "W", "171": "S", "70": "E", "137": "E", "12": "S", "128": "S", "31": "S", "78": "E", "136": "S", "153": "N", "167": "S", "157": "N", "38": "S", "20": "S"}, {"165": "W", "171": "S", "70": "E", "137": "E", "12": "S", "128": "S", "31": "S", "78": "E", "136": "S", "153": "N", "167": "S", "157": "N", "38": "S", "20": "S"}, {"171": "E", "70": "E", "137": "E", "12": "S", "128": "S", "31": "S", "78": "E", "136": "S", "167": "S", "157": "N", "38": "S", "20": "S"}, {"151": "E", "11": "E", "18": "E", "70": "E", "137": "E", "12": "S", "128": "S", "31": "S", "78": "E", "136": "S", "167": "S", "157": "N", "38": "S", "20": "S"}, {"12": "S", "128": "S", "31": "S", "78": "E", "136": "S", "167": "S", "38": "S", "20": "S"}, {"137": "E", "128": "E", "31": "S", "78": "E", "136": "S", "167": "S", "38": "S", "20": "S"}, {"136": "S", "167": "S", "38": "S", "20": "S"}, {"38": "S", "20": "S"}, {"38": "S", "20": "S"}, {"38": "S", "20": "S"}, {"44": "N", "62": "W", "156": "N", "161": "W", "162": "E", "17": "W", "102": "W", "111": "S", "34": "N", "24": "S", "84": "S", "132": "W", "147": "S", "19": "W", "107": "N", "7": "S", "36": "W", "125": "W", "100": "S", "124": "W", "103": "N", "92": "N", "138": "W", "120": "W", "57": "S", "79": "N", "93": "N", "61": "W", "94": "W", "0": "S", "142": "E", "41": "N", "46": "N", "22": "N", "112": "W", "8": "S", "122": "N", "96": "N", "177": "E", "105": "N", "117": "E", "146": "N", "27": "N", "67": "S", "42": "E", "6": "N", "141": "N", "168": "N", "169": "S", "121": "S", "143": "S", "126": "S", "49": "S", "68": "N", "25": "W", "35": "N", "83": "E", "91": "S", "3": "N", "178": "N", "82": "N", "40": "E", "118": "N", "87": "W", "13": "E", "116": "N", "154": "W", "130": "N", "23": "W", "21": "S", "97": "W", "127": "N", "166": "E", "163": "W", "150": "E", "32": "N", "160": "N", "59": "N", "60": "N", "14": "W", "95": "S", "10": "W"}, {"48": "E", "28": "S", "37": "E", "39": "W", "45": "W", "33": "N", "113": "E", "114": "W", "144": "N", "63": "N", "29": "N", "75": "E", "90": "S", "98": "E", "26": "N", "104": "E", "170": "W", "30": "E", "76": "W", "88": "E", "129": "E", "139": "W", "164": "E", "81": "E", "135": "E", "47": "W", "52": "W", "153": "N", "110": "W", "101": "S", "157": "N"}, {"48": "E", "28": "S", "37": "E", "39": "W", "45": "W", "33": "N", "113": "E", "114": "W", "144": "N", "63": "N", "29": "N", "90": "S", "98": "E", "26": "N", "170": "W", "76": "W", "129": "E", "164": "E", "81": "E", "135": "E", "47": "W", "52": "W", "153": "N", "110": "W", "157": "N"}, {"48": "E", "28": "S", "39": "W", "45": "W", "33": "N", "37": "E", "113": "E", "114": "W", "144": "N", "63": "N", "29": "N", "90": "S", "98": "E", "26": "N", "76": "W", "164": "E", "81": "E", "135": "E", "52": "W", "153": "N", "110": "W", "157": "N"}, {"51": "E", "48": "S", "28": "E", "45": "S", "37": "E", "153": "N", "157": "N", "144": "N", "63": "N", "29": "N", "90": "S", "98": "E", "26": "N", "76": "W", "164": "E", "135": "E", "52": "W", "110": "W"}, {"113": "E", "114": "W", "144": "N", "63": "N", "135": "E", "29": "N", "90": "S", "26": "N", "76": "W", "164": "E", "52": "W", "110": "W"}, {"113": "E", "114": "W", "144": "W", "63": "W", "29": "N", "164": "E", "90": "S", "76": "W", "52": "W", "110": "W"}, {"113": "N", "114": "S", "29": "N", "26": "N", "90": "S", "76": "W", "52": "W", "110": "W"}, {"29": "E", "26": "N", "90": "W", "76": "W", "52": "W", "110": "W"}, {"26": "W", "76": "S", "110": "W"}, {"52": "W", "110": "W"}, {"52": "W", "110": "W"}, {"52": "S", "110": "W"}, {"110": "W"}, {"110": "S"}, {"57": "E", "14": "W", "2": "W", "118": "N", "116": "E", "65": "S", "111": "W", "147": "E", "67": "W", "23": "N", "142": "S", "41": "N", "10": "W", "25": "W", "62": "N", "44": "N", "82": "N", "60": "W", "92": "W", "126": "S", "86": "S", "21": "S", "95": "S", "143": "S", "87": "W", "117": "E", "83": "S", "154": "W", "34": "N", "36": "W", "61": "W", "35": "W", "93": "N", "160": "N", "19": "W", "97": "E", "146": "N", "105": "W", "102": "W", "46": "N", "17": "S", "166": "S", "6": "W", "132": "W", "124": "W", "161": "W", "169": "S", "22": "N", "120": "W", "177": "N", "7": "S", "178": "N", "107": "W", "59": "N", "49": "W", "56": "N", "27": "E", "99": "N", "163": "W", "8": "S", "0": "S", "24": "W", "141": "W", "150": "E", "94": "W", "42": "N", "103": "N", "32": "N", "162": "S", "175": "N", "127": "N", "168": "N", "40": "N", "138": "W", "3": "N", "91": "S", "112": "S", "122": "N", "68": "N", "96": "N", "121": "S", "13": "W", "100": "W", "156": "N", "84": "E"}, {"5": "E", "119": "S", "75": "E", "98": "E", "104": "E", "170": "W", "30": "E", "88": "E", "139": "W", "81": "E", "47": "W", "1": "W", "101": "S", "73": "W"}, {"5": "E", "119": "S", "98": "E", "104": "E", "170": "W", "88": "E", "81": "E", "47": "W", "1": "W", "101": "S", "73": "W"}, {"113": "E", "5": "E", "119": "S", "104": "E", "88": "E", "1": "W", "101": "S", "73": "W"}, {"148": "E", "113": "E", "5": "N", "98": "E", "104": "E", "119": "S", "88": "E", "1": "W", "101": "S", "73": "W"}, {"104": "S", "119": "S", "101": "S"}, {"88": "E", "101": "S"}, {"88": "E", "101": "S"}, {"88": "S", "101": "S"}, {"101": "S"}, {"101": "S"}, {"128": "S", "101": "S"}, {"0": "S", "177": "S", "141": "W", "14": "W", "40": "N", "86": "S", "21": "S", "46": "N", "32": "N", "138": "W", "61": "W", "160": "N", "94": "W", "59": "N", "35": "W", "105": "N", "116": "E", "126": "S", "120": "W", "83": "S", "65": "S", "68": "E", "161": "W", "147": "S", "24": "W", "36": "W", "97": "N", "34": "N", "156": "N", "42": "N", "22": "N", "2": "N", "100": "W", "146": "N", "169": "S", "118": "N", "25": "W", "99": "W", "132": "W", "143": "S", "158": "E", "95": "S", "162": "S", "67": "N", "124": "W", "122": "N", "103": "N", "93": "N", "92": "N", "19": "S", "91": "E", "112": "W", "150": "S", "121": "S", "175": "W", "163": "W", "23": "W", "102": "S", "178": "N", "44": "N", "130": "N", "27": "N", "56": "E", "3": "N", "168": "N", "127": "N", "41": "W", "49": "W", "111": "W", "82": "N", "166": "S", "79": "E", "7": "S", "142": "S", "96": "N", "8": "S", "10": "W", "62": "N", "125": "S", "57": "E", "117": "S", "154": "W", "87": "W", "60": "W"}, {"50": "S", "75": "E", "170": "W", "30": "E", "129": "E", "139": "W", "81": "E", "47": "W", "1": "W", "73": "W"}, {"50": "S", "170": "W", "47": "W", "1": "W", "73": "W"}, {"50": "S", "170": "W", "47": "W"}, {"58": "W", "159": "W", "170": "W", "50": "S", "47": "W"}, {"58": "W", "66": "S", "159": "W", "170": "W", "50": "S", "47": "W"}, {"111": "N", "87": "W", "178": "E", "42": "N", "91": "E", "150": "S", "161": "W", "94": "W", "102": "W", "61": "W", "168": "N", "68": "N", "41": "W", "49": "W", "59": "N", "118": "N", "23": "W", "32": "N", "10": "W", "13": "N", "27": "N", "117": "S", "56": "E", "160": "N", "34": "N", "6": "N", "120": "W", "162": "S", "103": "N", "96": "N", "17": "S", "163": "W", "67": "N", "142": "S", "132": "W", "112": "E", "107": "W", "14": "S", "141": "S", "2": "N", "3": "N", "44": "N", "140": "E", "79": "N", "177": "W", "146": "E", "121": "S", "84": "E", "97": "E", "169": "S", "46": "N", "92": "W", "124": "W", "166": "S", "8": "S", "147": "S", "21": "S", "19": "W", "175": "W", "57": "E", "83": "E", "143": "S", "24": "W", "126": "S", "25": "W", "158": "W", "95": "S", "122": "N", "86": "W", "82": "S", "36": "W", "156": "N", "130": "W", "93": "N", "22": "N", "65": "E", "40": "N", "99": "W", "35": "N", "0": "S", "116": "E", "62": "N", "127": "N", "7": "N", "125": "S", "105": "W"}, {"64": "S", "72": "S", "75": "E", "30": "E", "129": "E", "139": "W", "81": "E", "1": "W", "73": "W"}, {"64": "S", "72": "S", "75": "E", "30": "E", "139": "W", "81": "E", "1": "W", "73": "W"}, {"90": "S", "64": "S", "72": "S", "75": "E", "30": "E", "139": "W", "81": "E", "1": "W", "73": "W"}, {"90": "S", "5": "E", "64": "S", "72": "S", "75": "E", "81": "E", "30": "E", "139": "W", "1": "W", "73": "W"}, {"123": "E", "75": "E", "30": "E", "139": "W", "1": "W", "73": "W"}, {"114": "W", "1": "W", "73": "W"}, {"45": "W", "114": "W", "139": "W", "1": "W", "73": "W"}, {"146": "N", "62": "N", "107": "S", "127": "N", "126": "S", "91": "E", "84": "S", "32": "N", "163": "W", "0": "E", "138": "N", "23": "W", "13": "W", "14": "E", "61": "W", "36": "W", "93": "E", "67": "W", "86": "S", "7": "W", "92": "W", "124": "W", "24": "W", "147": "S", "42": "N", "112": "S", "17": "S", "56": "E", "27": "N", "25": "S", "143": "S", "94": "W", "97": "N", "150": "S", "130": "S", "141": "S", "158": "N", "122": "N", "19": "W", "3": "N", "121": "S", "60": "N", "40": "N", "162": "W", "49": "W", "79": "W", "10": "W", "177": "S", "142": "S", "118": "N", "22": "E", "102": "S", "125": "W", "82": "W", "111": "N", "105": "N", "103": "E", "44": "N", "21": "S", "2": "W", "57": "E", "46": "S", "65": "S", "83": "E", "96": "N", "117": "S", "87": "W", "140": "N", "168": "E", "132": "W", "166": "S", "99": "W", "160": "N", "95": "S", "154": "S", "175": "W", "169": "S", "6": "W", "161": "W", "8": "S", "68": "E", "34": "E"}, {"125": "W", "65": "S", "124": "W", "116": "E", "57": "E", "143": "E", "158": "N", "103": "N", "83": "E", "102": "W", "163": "W", "161": "W", "44": "N", "166": "S", "68": "E", "99": "W", "3": "E", "118": "N", "22": "W", "156": "N", "94": "N", "105": "N", "169": "S", "84": "E", "82": "E", "132": "W", "59": "N", "168": "E", "2": "W", "92": "W", "61": "W", "49": "W", "142": "S", "41": "N", "8": "S", "91": "E", "25": "S", "112": "S", "177": "S", "96": "N", "95": "S", "56": "E", "14": "W", "150": "S", "117": "S", "17": "S", "86": "S", "0": "S", "21": "S", "34": "N", "162": "S", "42": "N", "138": "W", "111": "S", "140": "N", "121": "S", "19": "W", "126": "S", "147": "S", "87": "W", "13": "W", "23": "W", "79": "E", "24": "W", "27": "N", "62": "N", "46": "N", "36": "W", "32": "E", "127": "N", "6": "N", "122": "E", "146": "E", "35": "W", "67": "W", "175": "W"}, {"129": "E"}, {"143": "E", "19": "W", "14": "E", "7": "S", "95": "S", "97": "E", "150": "E", "161": "W", "112": "S", "141": "N", "40": "N", "86": "S", "56": "E", "3": "E", "93": "N", "84": "E", "17": "E", "138": "W", "87": "W", "8": "S", "44": "N", "10": "W", "41": "N", "21": "E", "62": "N", "132": "W", "57": "S", "175": "W", "117": "S", "94": "W", "22": "N", "122": "N", "6": "N", "158": "E", "2": "N", "42": "N", "34": "N", "32": "E", "156": "N", "65": "E", "121": "S", "103": "N", "168": "E", "102": "S", "124": "W", "46": "N", "59": "N", "125": "N", "162": "S", "83": "E", "169": "S", "147": "S", "92": "W", "142": "S", "160": "N", "13": "W", "23": "W", "49": "W", "177": "S", "61": "W", "166": "S", "35": "W", "68": "N", "82": "W", "163": "W", "25": "S", "0": "E", "91": "E", "120": "W", "99": "W", "67": "N", "36": "W", "24": "N", "126": "S", "111": "W", "105": "W", "140": "N", "127": "N", "96": "N", "79": "S", "107": "S", "154": "W"}, {"129": "E"}, {"129": "E"}, {"129": "E"}, {"88": "E"}, {"104": "E", "88": "E", "129": "E"}, {"13": "S", "82": "N", "97": "S", "61": "W", "41": "W", "62": "E", "124": "W", "103": "N", "8": "S", "27": "N", "118": "N", "87": "W", "84": "E", "21": "S", "166": "S", "111": "N", "117": "S", "126": "S", "141": "S", "65": "S", "122": "N", "154": "S", "32": "N", "177": "S", "49": "W", "35": "W", "140": "N", "161": "W", "120": "W", "169": "E", "79": "W", "3": "E", "175": "W", "67": "W", "91": "E", "160": "N", "112": "N", "156": "N", "94": "N", "7": "S", "36": "W", "83": "E", "42": "N", "92": "W", "10": "W", "46": "N", "86": "W", "59": "N", "6": "N", "147": "S", "68": "E", "121": "S", "102": "S", "57": "N", "14": "S", "56": "E", "127": "E", "162": "S", "95": "S", "19": "W", "25": "S", "146": "N", "105": "N", "125": "W", "34": "N", "93": "N", "40": "E", "158": "N", "143": "E", "96": "N", "142": "S", "138": "W", "132": "W", "23": "N", "168": "E", "44": "N", "2": "N"}, {"140": "N", "160": "N", "105": "W", "22": "N", "138": "W", "177": "E", "68": "N", "6": "N", "102": "S", "132": "W", "61": "W", "122": "N", "121": "S", "24": "W", "10": "W", "156": "E", "96": "N", "57": "E", "161": "W", "0": "S", "117": "E", "19": "W", "56": "E", "142": "S", "163": "W", "91": "E", "27": "N", "158": "N", "23": "N", "36": "W", "62": "N", "13": "S", "141": "N", "60": "W", "40": "E", "154": "S", "175": "W", "112": "E", "97": "S", "103": "N", "35": "W", "126": "E", "59": "N", "95": "S", "168": "E", "3": "N", "147": "S", "14": "W", "120": "W", "79": "N", "25": "S", "130": "S", "125": "N", "169": "S", "118": "N", "46": "N", "65": "E", "143": "E", "32": "E", "42": "N", "41": "W", "162": "S", "94": "N", "8": "S", "67": "N", "86": "S", "83": "E", "146": "N", "150": "S", "21": "S", "49": "W", "2": "W", "93": "N", "44": "N", "34": "N", "166": "S", "84": "E"}, {"146": "N", "140": "N", "163": "W", "121": "S", "22": "N", "177": "S", "42": "N", "169": "W", "83": "E", "34": "E", "91": "S", "97": "S", "154": "S", "116": "E", "82": "W", "142": "S", "118": "E", "93": "N", "105": "N", "158": "W", "102": "E", "147": "S", "19": "W", "117": "E", "10": "W", "160": "N", "150": "S", "112": "S", "57": "E", "79": "W", "59": "N", "95": "E", "111": "W", "40": "N", "141": "W", "103": "N", "13": "S", "2": "E", "8": "S", "6": "N", "166": "S", "46": "N", "130": "W", "120": "W", "62": "N", "21": "S", "68": "W", "67": "W", "0": "E", "125": "W", "41": "W", "122": "E", "7": "S", "36": "N", "138": "W", "60": "W", "175": "W", "156": "N", "162": "S", "92": "W", "32": "E", "3": "N", "65": "E", "132": "W", "49": "W", "27": "N", "168": "E", "24": "W", "44": "E", "161": "W", "14": "S", "61": "W"}, {"19": "W", "27": "N", "14": "S", "57": "N", "91": "E", "160": "N", "130": "W", "68": "N", "59": "E", "146": "N", "67": "W", "6": "N", "122": "E", "10": "W", "141": "W", "166": "S", "2": "S", "42": "N", "162": "S", "95": "S", "49": "W", "117": "E", "3": "N", "21": "S", "120": "S", "8": "N", "22": "E", "97": "E", "150": "S", "147": "S", "169": "S", "96": "N", "13": "S", "125": "W", "41": "S", "32": "E", "175": "W", "46": "E", "93": "N", "138": "S", "102": "S", "103": "E", "62": "E", "121": "S", "161": "W", "61": "W", "142": "E", "132": "E", "140": "N", "36": "W", "24": "N", "158": "N", "163": "W", "112": "E", "83": "E", "127": "N", "65": "E", "60": "S", "7": "E", "34": "N", "40": "N", "156": "N", "35": "W", "177": "E", "168": "E", "154": "W", "79": "N"}, {"169": "S", "125": "N", "130": "S", "160": "N", "97": "E", "161": "W", "166": "S", "141": "S", "82": "W", "68": "N", "59": "E", "65": "E", "105": "W", "158": "N", "49": "W", "150": "E", "14": "S", "34": "E", "67": "N", "22": "N", "177": "S", "21": "S", "62": "N", "10": "W", "140": "E", "96": "E", "2": "W", "142": "S", "103": "N", "83": "S", "27": "N", "42": "N", "8": "E", "79": "W", "13": "E", "168": "E", "19": "W", "175": "W", "163": "W", "112": "E", "40": "N", "93": "N", "95": "N", "32": "N", "24": "N", "61": "W", "41": "N", "35": "N", "146": "N", "127": "E", "132": "W", "117": "S", "154": "W", "162": "S", "91": "N", "156": "E", "102": "W", "36": "W", "6": "W", "46": "N", "122": "S"}, {"36": "W", "19": "W", "60": "W", "140": "N", "32": "N", "147": "S", "34": "E", "156": "E", "150": "S", "95": "E", "168": "E", "13": "S", "141": "S", "121": "S", "177": "S", "125": "W", "49": "W", "68": "N", "46": "N", "82": "S", "22": "N", "163": "W", "62": "E", "61": "W", "117": "E", "169": "S", "96": "E", "27": "N", "154": "W", "59": "N", "162": "S", "67": "N", "97": "E", "10": "W", "160": "N", "127": "N", "122": "N", "132": "S", "6": "N", "41": "N", "105": "N", "79": "N", "142": "N", "42": "N", "40": "E", "2": "E", "92": "W", "83": "E", "8": "E", "146": "N", "35": "W", "93": "N", "158": "N", "161": "W", "65": "E", "175": "N", "91": "E", "94": "N", "3": "N"}, {"79": "N", "130": "W", "36": "W", "13": "S", "19": "N", "117": "E", "91": "S", "121": "W", "27": "N", "127": "N", "61": "W", "169": "S", "175": "W", "82": "W", "6": "N", "41": "W", "142": "N", "105": "S", "67": "N", "3": "N", "168": "E", "156": "E", "154": "W", "40": "N", "162": "E", "166": "E", "125": "N", "150": "S", "141": "W", "163": "W", "122": "E", "96": "N", "68": "W", "146": "N", "83": "E", "103": "N", "95": "E", "92": "N", "57": "S", "140": "N", "97": "E", "93": "N", "177": "S", "160": "N", "8": "E", "2": "S", "62": "E", "35": "N", "161": "W", "10": "S", "132": "W", "65": "E", "59": "S", "49": "W", "147": "S"}, {"46": "E", "121": "S", "154": "S", "175": "W", "130": "W", "156": "S", "36": "S", "142": "E", "19": "N", "22": "E", "132": "W", "140": "N", "92": "N", "10": "S", "41": "W", "141": "S", "105": "W", "3": "N", "40": "N", "103": "N", "65": "N", "95": "E", "79": "E", "146": "N", "2": "N", "122": "E", "42": "E", "162": "S", "82": "W", "117": "S", "96": "S", "147": "S", "57": "E", "102": "S", "150": "S", "127": "E", "158": "N", "59": "E", "6": "N", "169": "E", "34": "E", "49": "W", "93": "W", "83": "E", "160": "N", "97": "E", "177": "S", "166": "E", "68": "N", "161": "S", "13": "W", "91": "N", "61": "W", "163": "W"}, {"2": "E", "150": "S", "156": "N", "36": "W", "162": "S", "22": "E", "46": "E", "79": "N", "13": "S", "42": "N", "97": "E", "82": "N", "146": "N", "68": "N", "6": "N", "105": "W", "41": "S", "127": "N", "161": "S", "177": "S", "140": "N", "122": "S", "83": "S", "117": "E", "27": "E", "169": "E", "19": "N", "141": "S", "163": "W", "49": "N", "40": "E", "34": "E", "103": "N", "121": "E", "96": "W", "93": "N", "160": "N", "154": "S", "175": "N", "65": "N", "142": "S", "59": "E", "3": "N", "35": "N", "147": "S", "132": "W", "91": "E"}, {"79": "E", "147": "S", "19": "N", "42": "N", "3": "N", "105": "N", "41": "S", "57": "E", "35": "N", "156": "N", "127": "E", "6": "N", "92": "W", "146": "E", "163": "S", "22": "E", "130": "S", "91": "E", "83": "N", "46": "S", "175": "N", "142": "E", "117": "E", "40": "E", "132": "W", "68": "E", "2": "N", "103": "E", "82": "S", "36": "E", "169": "E", "141": "E", "34": "E", "150": "S", "49": "N", "160": "N", "93": "N", "122": "S", "161": "S", "140": "E", "27": "E", "154": "S", "13": "W", "177": "S", "121": "E", "59": "N", "96": "E"}, {"65": "E", "140": "E", "68": "N", "103": "N", "156": "E", "83": "E", "147": "E", "40": "N", "6": "N", "161": "S", "132": "W", "117": "N", "79": "E", "122": "E", "142": "N", "19": "N", "13": "W", "175": "N", "146": "E", "36": "N", "49": "E", "105": "W", "154": "S", "91": "E", "42": "W", "46": "E", "130": "W", "2": "W", "92": "N", "96": "E", "35": "N", "169": "E", "34": "E", "163": "S", "127": "E", "121": "E", "93": "N", "150": "S", "162": "W", "82": "W", "59": "E", "160": "N", "27": "E", "3": "N", "22": "E"}, {"91": "N", "92": "N", "117": "N", "132": "S", "103": "E", "42": "N", "160": "N", "82": "N", "121": "S", "122": "E", "59": "N", "35": "E", "40": "E", "161": "S", "36": "N", "146": "E", "156": "E", "13": "S", "150": "S", "2": "N", "3": "N", "27": "E", "93": "N", "46": "E", "83": "N", "175": "N", "34": "E", "163": "S", "140": "N", "142": "E", "162": "S", "169": "E", "22": "E", "127": "S", "105": "N", "19": "N", "96": "E", "147": "E", "68": "N", "65": "S", "79": "N"}, {"96": "N", "42": "N", "121": "E", "36": "W", "150": "S", "161": "E", "132": "S", "46": "S", "142": "E", "105": "N", "19": "N", "160": "N", "83": "E", "6": "E", "59": "N", "169": "E", "91": "W", "122": "S", "117": "E", "175": "W", "93": "N", "65": "S", "40": "E", "154": "S", "3": "N", "34": "E", "146": "E", "82": "W", "68": "W", "156": "E", "92": "N", "162": "S", "127": "E", "147": "E", "103": "N", "22": "W"}, {"127": "E", "146": "N", "79": "N", "156": "N", "161": "W", "2": "N", "34": "E", "19": "N", "22": "N", "142": "E", "132": "S", "160": "E", "96": "N", "150": "E", "42": "N", "83": "E", "105": "N", "82": "W", "68": "W", "3": "E", "36": "W", "147": "E", "140": "E", "46": "N", "162": "E", "175": "N", "117": "S", "59": "N", "169": "E", "93": "N", "27": "E", "91": "S", "103": "N", "122": "E", "65": "E"}, {"162": "S", "82": "W", "59": "N", "150": "E", "83": "E", "93": "N", "68": "N", "27": "E", "96": "E", "19": "N", "36": "W", "103": "N", "46": "N", "161": "S", "160": "E", "122": "E", "146": "N", "79": "N", "34": "E", "65": "E", "140": "N", "175": "E", "169": "E", "3": "E", "40": "N", "117": "E", "22": "N", "91": "E", "147": "E", "127": "E", "2": "W", "105": "N", "156": "S", "42": "W"}, {"19": "N", "46": "N", "79": "E", "146": "E", "156": "E", "105": "N", "3": "E", "36": "N", "65": "E", "150": "E", "83": "E", "40": "N", "22": "N", "96": "W", "93": "N", "103": "N", "161": "S", "122": "N", "147": "E", "140": "E", "34": "E", "127": "E", "175": "W", "27": "E", "2": "N", "91": "E", "42": "N", "160": "N", "117": "E", "82": "W", "68": "N"}, {"122": "N", "150": "S", "160": "N", "27": "N", "83": "S", "65": "S", "59": "E", "93": "N", "117": "N", "146": "E", "19": "N", "105": "N", "156": "S", "162": "S", "40": "N", "147": "E", "34": "E", "22": "N", "103": "N", "140": "E", "3": "E", "96": "E", "82": "W", "91": "N", "68": "N", "127": "N", "79": "N", "46": "E", "2": "N", "161": "S", "42": "N", "175": "W"}, {"91": "E", "146": "E", "65": "S", "42": "N", "34": "E", "46": "N", "142": "S", "2": "E", "59": "N", "160": "N", "3": "E", "105": "N", "117": "E", "19": "N", "22": "E", "103": "E", "150": "S", "147": "E", "140": "N", "96": "S", "122": "E", "127": "E", "175": "N", "82": "N", "93": "N", "68": "N", "27": "E", "156": "N", "79": "N", "162": "S", "40": "E", "83": "E"}, {"22": "E", "68": "N", "105": "N", "161": "W", "65": "E", "147": "E", "175": "N", "82": "W", "93": "N", "96": "E", "83": "E", "122": "N", "79": "N", "117": "E", "59": "E", "3": "E", "146": "N", "42": "N", "40": "E", "160": "E", "91": "E", "27": "S", "150": "S", "46": "N", "103": "E", "34": "E", "162": "W", "2": "N", "140": "N", "156": "E"}, {"153": "N"}, {"156": "E", "22": "E", "91": "E", "162": "S", "150": "S", "2": "N", "140": "E", "122": "E", "40": "E", "79": "N", "3": "E", "42": "N", "27": "E", "93": "N", "103": "E", "161": "S", "59": "S", "127": "N", "105": "N", "82": "W", "65": "E", "96": "N", "160": "E", "68": "N", "175": "N", "46": "E", "146": "E", "34": "E", "147": "E"}, {"162": "S", "27": "E", "161": "S", "91": "E", "46": "E", "22": "E", "59": "E", "79": "N", "96": "N", "34": "E", "160": "E", "93": "N", "82": "N", "127": "E", "156": "E", "2": "E", "147": "E", "103": "E", "105": "N", "140": "N", "3": "E", "65": "N", "175": "W", "40": "E", "68": "N", "146": "E", "42": "N", "150": "E"}, {"82": "N", "91": "S", "127": "E", "2": "E", "160": "N", "103": "E", "65": "N", "3": "E", "59": "E", "96": "N", "140": "E", "147": "E", "68": "N", "27": "E", "40": "S", "105": "N", "93": "N", "42": "N", "122": "N", "34": "E", "156": "E", "46": "E", "146": "S", "150": "E", "175": "N", "162": "S", "79": "N", "22": "E"}, {"175": "N", "42": "N", "146": "E", "150": "E", "2": "W", "82": "N", "162": "S", "96": "N", "127": "N", "122": "E", "65": "E", "79": "N", "147": "E", "40": "E", "103": "E", "34": "E", "140": "E", "22": "E", "59": "N", "3": "E", "156": "E", "46": "E", "160": "E", "93": "E", "27": "E", "68": "N", "105": "N"}, {"105": "N", "96": "N", "146": "E", "40": "E", "42": "N", "2": "E", "122": "E", "34": "E", "59": "N", "27": "E", "127": "E", "175": "N", "82": "W", "147": "E", "65": "E", "160": "E", "162": "S", "140": "E", "68": "N", "3": "E", "103": "E", "156": "N", "22": "E", "150": "E", "79": "N", "161": "E", "46": "E"}, {"3": "E", "40": "N", "22": "E", "162": "S", "175": "N", "68": "N", "140": "E", "79": "N", "156": "S", "2": "N", "46": "E", "103": "E", "59": "E", "150": "E", "34": "E", "127": "E", "122": "E", "105": "N", "82": "N", "146": "E", "27": "E", "65": "E", "160": "E", "96": "N", "42": "N"}, {"3": "E", "59": "E", "82": "N", "46": "E", "68": "N", "122": "E", "160": "E", "2": "N", "96": "N", "156": "E", "105": "N", "103": "E", "140": "S", "22": "E", "34": "E", "146": "E", "42": "N", "65": "E", "27": "E", "79": "N", "175": "N", "127": "E", "162": "S", "40": "E", "150": "E"}, {"162": "S", "22": "E", "79": "N", "2": "N", "59": "E", "34": "E", "150": "E", "175": "E", "140": "S", "82": "N", "96": "N", "68": "N", "46": "E", "42": "E", "27": "E", "160": "E", "127": "N", "156": "E", "146": "E", "3": "E", "105": "N", "122": "E", "103": "E", "40": "E"}, {"40": "E", "59": "N", "79": "N", "96": "E", "3": "E", "2": "N", "34": "E", "162": "S", "160": "S", "150": "E", "140": "E", "27": "E", "82": "E", "46": "E", "68": "N", "122": "E", "156": "E", "146": "E", "22": "E", "127": "N", "103": "E"}, {"103": "E", "46": "E", "160": "N", "127": "N", "3": "E", "79": "N", "59": "E", "162": "S", "146": "E", "27": "E", "122": "E", "140": "E", "96": "E", "2": "N", "22": "E", "150": "E", "68": "N"}, {"140": "E", "59": "E", "79": "N", "103": "E", "162": "E", "27": "E", "22": "N", "2": "N", "150": "E", "160": "E", "127": "N", "96": "E", "146": "N", "46": "S", "3": "E", "122": "S"}, {"29": "N"}, {"106": "N", "29": "N"}, {"59": "E", "103": "E", "46": "S", "140": "E", "146": "E", "127": "N", "96": "E", "79": "N", "122": "E", "3": "E", "2": "N", "160": "E", "150": "E", "22": "E"}, {"43": "N", "80": "N", "4": "N"}, {"43": "N", "80": "N"}, {"43": "N"}, {"46": "N", "140": "E", "79": "N", "22": "E", "2": "N", "103": "E", "127": "E", "160": "E", "122": "E", "59": "E", "146": "E", "96": "E", "150": "E"}, {"140": "S", "96": "E", "127": "E", "46": "N", "150": "E", "160": "E", "59": "S", "22": "S", "103": "E", "122": "E", "146": "E", "2": "N"}, {"74": "N"}, {"22": "E", "46": "E", "160": "E", "122": "E", "59": "E", "146": "E", "96": "E", "140": "N", "127": "S", "150": "E", "2": "N", "103": "E"}, {"144": "N"}, {"59": "W", "150": "E", "22": "E", "96": "E", "2": "N", "46": "W", "103": "E", "140": "W", "127": "E", "122": "S", "146": "E"}, {"103": "E", "59": "E", "140": "E", "150": "E", "122": "E", "127": "E", "2": "N", "46": "E", "146": "S", "96": "E", "22": "E"}, {"96": "E", "140": "S", "59": "E", "146": "E", "2": "N", "46": "E", "103": "E", "127": "S", "122": "E", "22": "E", "150": "E"}, {"2": "N", "140": "N", "127": "S", "96": "E", "103": "E", "59": "N", "122": "N", "46": "W", "22": "E", "146": "E"}, {"46": "N", "96": "E", "122": "E", "59": "E", "22": "E", "146": "E", "2": "N", "140": "S", "127": "E"}, {"140": "S", "46": "S", "2": "W", "122": "N", "59": "E", "96": "E"}, {"46": "E", "122": "E", "140": "S", "59": "S", "2": "N", "96": "E"}, {"140": "E", "59": "E", "122": "E", "2": "N", "46": "E", "96": "E"}, {"140": "E", "59": "E", "122": "S", "2": "E", "46": "E", "96": "E"}, {"96": "E", "59": "E", "122": "E", "140": "N", "46": "E"}, {"140": "E", "46": "E", "122": "E", "59": "N", "96": "E"}, {"122": "N", "140": "N"}, {"140": "N"}, {"165": "E"}, {"165": "N"}, {"165": "N"}, {"165": "N"}, {"165": "N"}, {"165": "N"}, {"165": "N"}, {"165": "N"}, {"165": "N"}, {"165": "N"}, {"165": "E"}, {"165": "E"}, {"165": "E"}, {"165": "E"}, {"165": "E"}, {"165": "E"}, {"165": "E"}, {"165": "E"}, {"165": "E"}, {"165": "E"}, {"165": "N"}, {"165": "E"}, {"165": "N"}, {"165": "E"}, {"165": "E"}, {"165": "N"}, {"165": "E"}, {"165": "N"}, {"165": "E"}, {"165": "E"}, {"165": "E"}, {"165": "E"}, {"165": "E"}, {"165": "E"}, {"165": "E"}, {"165": "E"}, {"165": "E"}, {"165": "E"}, {"165": "E"}, {"165": "E"}, {"165": "E"}, {"165": "E"}, {"151": "N"}, {"151": "N"}, {"151": "W"}, {"151": "W"}, {"151": "W"}, {"151": "W"}, {"151": "N"}, {"151": "N"}, {"151": "W"}, {"151": "N"}, {"151": "W"}, {"151": "N"}, {"151": "W"}, {"151": "N"}, {"151": "W"}, {"151": "N"}, {"151": "N"}, {"151": "W"}, {"151": "W"}, {"151": "W"}, {"151": "N"}, {"151": "N"}, {"151": "N"}, {"151": "N"}, {"151": "N"}, {"151": "N"}, {"151": "N"}, {"151": "N"}, {"151": "N"}, {"109": "N"}, {"109": "N"}, {"109": "N"}, {"109": "N"}, {"109": "N"}, {"109": "N"}, {"109": "N"}, {"109": "N"}, {"109": "N"}, {"109": "N"}, {"109": "N"}, {"109": "N"}, {"109": "N"}, {"109": "E"}, {"109": "E"}, {"109": "N"}, {"109": "N"}, {"109": "N"}, {"109": "E"}, {"109": "E"}, {"109": "N"}, {"109": "N"}, {"109": "E"}, {"109": "E"}, {"109": "N"}, {"109": "N"}, {"109": "N"}, {"109": "E"}, {"109": "E"}, {"109": "E"}, {"109": "E"}, {"109": "E"}, {"109": "E"}, {"109": "E"}, {"109": "E"}, {"109": "E"}, {"109": "E"}, {"109": "E"}, {"109": "E"}, {"109": "E"}, {"109": "E"}, {"109": "E"}, {"109": "E"}, {"109": "E"}, {"109": "E"}, {"109": "N"}, {"109": "E"}, {"109": "N"}, {"109": "E"}, {"119": "N"}, {"119": "W"}, {"119": "W"}, {"119": "N"}, {"119": "N"}, {"119": "N"}, {"119": "N"}, {"119": "N"}, {"119": "N"}, {"119": "N"}, {"119": "N"}, {"119": "N"}, {"119": "N"}, {"119": "N"}, {"119": "N"}, {"119": "N"}, {"119": "W"}, {"119": "N"}, {"119": "N"}, {"119": "N"}, {"119": "W"}, {"119": "N"}, {"119": "N"}, {"119": "E"}, {"119": "N"}, {"119": "N"}, {"119": "N"}, {"119": "N"}, {"119": "N"}, {"119": "N"}, {"119": "N"}, {"119": "N"}, {"119": "N"}, {"119": "N"}, {"119": "E"}, {"16": "W"}, {"16": "N"}, {"16": "W"}, {"16": "N"}, {"16": "N"}, {"16": "N"}, {"16": "W"}, {"16": "N"}, {"16": "N"}, {"16": "E"}, {"16": "N"}, {"16": "N"}, {"16": "N"}, {"16": "N"}, {"16": "N"}, {"16": "N"}, {"16": "N"}, {"16": "N"}, {"16": "N"}, {"16": "N"}, {"16": "N"}, {"16": "W"}, {"16": "N"}, {"16": "N"}, {"16": "E"}, {"16": "N"}, {"16": "N"}, {"16": "N"}, {"16": "N"}, {"16": "N"}, {"16": "N"}, {"16": "N"}, {"16": "N"}, {"16": "N"}, {"16": "N"}, {"16": "N"}, {"30": "W"}, {"30": "N"}, {"30": "N"}, {"30": "N"}, {"30": "W"}, {"30": "N"}, {"30": "N"}, {"30": "E"}, {"30": "N"}, {"30": "N"}, {"30": "W"}, {"72": "N"}, {"72": "N"}, {"72": "N"}, {"72": "N"}, {"72": "N"}, {"72": "N"}, {"72": "N"}, {"72": "N"}, {"72": "N"}, {"72": "N"}, {"72": "N"}, {"72": "N"}, {"72": "N"}, {"72": "E"}, {"72": "N"}, {"72": "N"}, {"72": "N"}, {"72": "N"}, {"72": "N"}, {"72": "E"}, {"72": "E"}, {"72": "N"}, {"72": "N"}, {"72": "N"}, {"72": "E"}, {"72": "E"}, {"72": "E"}, {"72": "E"}, {"72": "E"}, {"72": "E"}, {"72": "E"}, {"72": "E"}, {"72": "E"}, {"72": "E"}, {"72": "E"}, {"72": "E"}, {"72": "E"}, {"72": "E"}, {"72": "E"}, {"72": "E"}, {"72": "E"}, {"72": "E"}, {"72": "E"}, {"72": "E"}, {"29": "W"}, {"29": "W"}, {"29": "W"}, {"29": "S"}, {"29": "S"}, {"29": "S"}, {"29": "S"}, {"29": "S"}, {"29": "S"}, {"171": "N"}, {"171": "N"}, {"171": "N"}, {"171": "N"}, {"171": "E"}, {"171": "E"}, {"171": "E"}, {"171": "E"}, {"171": "E"}, {"171": "E"}, {"171": "E"}, {"171": "E"}, {"171": "N"}, {"171": "E"}, {"171": "N"}, {"171": "E"}, {"171": "N"}, {"171": "N"}, {"171": "N"}, {"171": "E"}, {"171": "E"}, {"171": "E"}, {"171": "N"}, {"171": "N"}, {"171": "E"}, {"171": "N"}, {"171": "N"}, {"171": "N"}, {"171": "E"}, {"171": "N"}, {"171": "E"}, {"171": "N"}, {"171": "N"}, {"171": "E"}, {"171": "N"}, {"171": "N"}, {"171": "N"}, {"171": "E"}, {"170": "S"}, {"170": "E"}, {"170": "E"}, {"170": "N"}, {"170": "N"}, {"170": "N"}, {"170": "N"}, {"170": "N"}, {"170": "N"}, {"170": "N"}, {"170": "E"}, {"170": "E"}, {"170": "E"}, {"170": "E"}, {"170": "E"}, {"170": "E"}, {"170": "E"}, {"170": "E"}, {"170": "E"}, {"170": "E"}, {"170": "E"}, {"170": "E"}, {"170": "E"}, {"170": "E"}, {"170": "E"}, {"170": "E"}, {"170": "E"}, {"170": "E"}, {"170": "E"}, {"170": "E"}, {"170": "E"}, {"170": "E"}, {"170": "E"}, {"170": "E"}, {"9": "N"}, {"9": "N"}, {"9": "N"}, {"9": "N"}, {"9": "N"}, {"9": "E"}, {"9": "E"}, {"9": "E"}, {"9": "E"}, {"9": "E"}, {"9": "N"}, {"9": "E"}, {"9": "E"}, {"9": "E"}, {"9": "E"}, {"9": "N"}, {"9": "E"}, {"9": "E"}, {"9": "E"}, {"9": "E"}, {"9": "E"}, {"9": "E"}, {"9": "N"}, {"9": "E"}, {"9": "N"}, {"9": "E"}, {"9": "E"}, {"9": "E"}, {"9": "E"}, {"9": "E"}, {"9": "E"}, {"9": "E"}, {"9": "E"}, {"9": "E"}, {"9": "N"}, {"9": "N"}, {"9": "N"}, {"9": "E"}, {"9": "E"}, {"9": "E"}, {"9": "E"}, {"9": "E"}, {"9": "S"}, {"9": "E"}, {"53": "N"}, {"53": "E"}, {"53": "E"}, {"53": "E"}, {"53": "E"}, {"53": "E"}, {"53": "E"}, {"53": "E"}, {"53": "E"}, {"53": "E"}, {"53": "N"}, {"53": "E"}, {"53": "E"}, {"53": "E"}, {"53": "E"}, {"53": "E"}, {"53": "E"}, {"53": "N"}, {"53": "E"}, {"53": "N"}, {"53": "E"}, {"53": "N"}, {"53": "E"}, {"53": "N"}, {"53": "E"}, {"53": "N"}, {"53": "E"}, {"53": "E"}, {"53": "E"}, {"53": "E"}, {"53": "E"}, {"53": "E"}, {"53": "E"}, {"53": "S"}, {"53": "E"}, {"53": "E"}, {"53": "N"}, {"53": "E"}, {"53": "N"}, {"53": "E"}, {"53": "N"}, {"53": "N"}, {"53": "E"}, {"53": "E"}, {"53": "E"}, {"137": "S"}, {"137": "S"}, {"137": "W"}, {"137": "W"}, {"137": "S"}, {"137": "S"}, {"137": "S"}, {"137": "W"}, {"137": "W"}, {"137": "W"}, {"137": "N"}, {"137": "N"}, {"137": "N"}, {"137": "E"}, {"77": "N"}, {"77": "N"}, {"77": "N"}, {"77": "E"}, {"77": "E"}, {"77": "E"}, {"77": "N"}, {"77": "E"}, {"77": "E"}, {"77": "E"}, {"77": "E"}, {"77": "E"}, {"77": "E"}, {"77": "E"}, {"77": "E"}, {"77": "N"}, {"77": "E"}, {"77": "E"}, {"77": "E"}, {"77": "E"}, {"77": "E"}, {"77": "N"}, {"77": "E"}, {"77": "N"}, {"77": "E"}, {"77": "E"}, {"77": "E"}, {"77": "E"}, {"77": "E"}, {"77": "E"}, {"77": "E"}, {"77": "N"}, {"77": "N"}, {"77": "N"}, {"77": "N"}, {"77": "N"}, {"77": "E"}, {"77": "E"}, {"77": "E"}, {"77": "E"}, {"11": "S"}, {"11": "W"}, {"11": "W"}, {"11": "W"}, {"11": "W"}, {"11": "N"}, {"11": "N"}, {"11": "W"}, {"11": "W"}, {"11": "W"}, {"11": "W"}, {"11": "W"}, {"11": "W"}, {"11": "W"}, {"11": "N"}, {"11": "N"}, {"11": "N"}, {"11": "N"}, {"11": "N"}, {"11": "N"}, {"11": "E"}, {"11": "E"}, {"11": "E"}, {"11": "S"}, {"164": "W"}, {"164": "S"}, {"164": "S"}, {"164": "W"}, {"164": "W"}, {"164": "W"}, {"164": "W"}, {"164": "W"}, {"164": "W"}, {"164": "S"}, {"164": "W"}, {"164": "W"}, {"164": "N"}, {"164": "N"}, {"164": "N"}, {"164": "N"}, {"164": "N"}, {"164": "N"}, {"164": "E"}, {"164": "E"}, {"164": "E"}, {"153": "S"}, {"153": "S"}, {"153": "E"}, {"153": "E"}, {"153": "S"}, {"153": "S"}, {"153": "S"}, {"153": "E"}, {"153": "S"}, {"153": "S"}, {"153": "S"}, {"153": "S"}, {"153": "S"}, {"153": "S"}, {"153": "S"}, {"153": "S"}, {"153": "E"}, {"153": "E"}, {"153": "E"}, {"153": "E"}, {"153": "E"}, {"153": "E"}, {"153": "E"}, {"153": "E"}, {"153": "E"}, {"153": "E"}, {"54": "N"}, {"54": "W"}, {"54": "W"}, {"54": "W"}, {"54": "W"}, {"54": "W"}, {"54": "N"}, {"54": "N"}, {"54": "N"}, {"54": "N"}, {"54": "N"}, {"54": "N"}, {"54": "N"}, {"54": "N"}, {"54": "N"}, {"54": "N"}, {"54": "N"}, {"54": "N"}, {"54": "N"}, {"54": "N"}, {"54": "N"}, {"54": "N"}, {"54": "N"}, {"54": "N"}, {"54": "N"}, {"54": "N"}, {"54": "N"}, {"54": "N"}, {"54": "N"}, {"54": "N"}, {"54": "N"}, {"54": "N"}, {"54": "N"}, {"54": "N"}, {"131": "W"}, {"131": "W"}, {"131": "W"}, {"131": "W"}, {"131": "N"}, {"131": "N"}, {"131": "N"}, {"131": "N"}, {"131": "N"}, {"131": "N"}, {"131": "N"}, {"131": "N"}, {"131": "N"}, {"131": "N"}, {"131": "N"}, {"131": "N"}, {"131": "N"}, {"131": "N"}, {"131": "N"}, {"131": "N"}, {"131": "N"}, {"131": "N"}, {"131": "N"}, {"131": "N"}, {"131": "N"}, {"131": "N"}, {"131": "N"}, {"131": "N"}, {"131": "N"}, {"131": "N"}, {"131": "N"}, {"55": "W"}, {"55": "W"}, {"55": "S"}, {"55": "W"}, {"55": "S"}, {"55": "S"}, {"134": "N"}, {"134": "E"}, {"134": "E"}, {"134": "E"}, {"134": "E"}, {"134": "E"}, {"134": "E"}, {"134": "E"}, {"134": "E"}, {"134": "E"}, {"134": "E"}, {"134": "E"}, {"134": "N"}, {"134": "E"}, {"134": "N"}, {"134": "E"}, {"134": "N"}, {"134": "E"}, {"134": "N"}, {"134": "E"}, {"134": "N"}, {"134": "E"}, {"134": "N"}, {"134": "N"}, {"134": "N"}, {"134": "E"}, {"134": "E"}, {"134": "E"}, {"134": "N"}, {"134": "N"}, {"134": "E"}, {"134": "N"}, {"134": "N"}, {"134": "N"}, {"134": "E"}, {"134": "N"}, {"134": "E"}, {"134": "N"}, {"134": "N"}, {"134": "E"}, {"115": "E"}, {"115": "N"}, {"115": "N"}, {"115": "N"}, {"115": "N"}, {"115": "N"}, {"115": "E"}, {"115": "E"}, {"115": "E"}, {"115": "E"}, {"115": "E"}, {"115": "E"}, {"115": "E"}, {"115": "E"}, {"115": "E"}, {"115": "E"}, {"115": "N"}, {"115": "E"}, {"115": "E"}, {"115": "E"}, {"115": "E"}, {"115": "E"}, {"115": "N"}, {"115": "E"}, {"115": "N"}, {"115": "E"}, {"115": "E"}, {"115": "E"}, {"115": "E"}, {"115": "E"}, {"115": "E"}, {"115": "E"}, {"115": "N"}, {"115": "N"}, {"115": "N"}, {"115": "N"}, {"115": "N"}, {"115": "E"}, {"115": "E"}, {"85": "N"}, {"85": "E"}, {"85": "E"}, {"85": "E"}, {"85": "E"}, {"85": "E"}, {"85": "E"}, {"85": "E"}, {"85": "E"}, {"85": "N"}, {"85": "E"}, {"85": "N"}, {"85": "E"}, {"85": "N"}, {"85": "E"}, {"85": "N"}, {"85": "E"}, {"85": "N"}, {"85": "E"}, {"85": "N"}, {"85": "N"}, {"85": "N"}, {"85": "E"}, {"85": "E"}, {"85": "E"}, {"85": "N"}, {"85": "N"}, {"85": "E"}, {"85": "N"}, {"85": "N"}, {"85": "N"}, {"85": "E"}, {"85": "N"}, {"85": "E"}, {"85": "N"}, {"85": "N"}, {"90": "E"}, {"90": "N"}, {"90": "N"}, {"90": "N"}, {"90": "E"}, {"90": "E"}, {"90": "E"}, {"90": "E"}, {"90": "E"}, {"90": "E"}, {"90": "E"}, {"90": "E"}, {"90": "E"}, {"90": "N"}, {"90": "E"}, {"90": "N"}, {"90": "E"}, {"90": "N"}, {"90": "E"}, {"90": "N"}, {"90": "E"}, {"90": "N"}, {"90": "E"}, {"90": "N"}, {"90": "N"}, {"90": "N"}, {"90": "E"}, {"90": "E"}, {"90": "E"}, {"90": "N"}, {"90": "N"}, {"90": "E"}, {"90": "N"}, {"90": "N"}, {"90": "N"}, {"90": "E"}, {"90": "N"}, {"90": "E"}, {"90": "E"}, {"28": "W"}, {"28": "N"}, {"28": "W"}, {"28": "W"}, {"28": "W"}, {"28": "N"}, {"28": "N"}, {"28": "N"}, {"28": "N"}, {"28": "N"}, {"28": "N"}, {"28": "N"}, {"28": "N"}, {"28": "N"}, {"28": "N"}, {"28": "N"}, {"28": "N"}, {"28": "N"}, {"28": "N"}, {"28": "N"}, {"28": "N"}, {"28": "N"}, {"28": "N"}, {"28": "N"}, {"28": "N"}, {"28": "N"}, {"28": "N"}, {"28": "N"}, {"28": "N"}, {"28": "N"}, {"28": "N"}, {"20": "N"}, {"20": "N"}, {"20": "N"}, {"20": "N"}, {"20": "N"}, {"20": "N"}, {"20": "N"}, {"20": "N"}, {"20": "N"}, {"20": "N"}, {"20": "N"}, {"20": "E"}, {"20": "E"}, {"20": "E"}, {"20": "E"}, {"20": "E"}, {"20": "N"}, {"20": "E"}, {"20": "N"}, {"20": "E"}, {"20": "E"}, {"20": "E"}, {"20": "E"}, {"20": "E"}, {"20": "E"}, {"20": "E"}, {"20": "E"}, {"20": "E"}, {"31": "N"}, {"31": "N"}, {"31": "N"}, {"31": "N"}, {"31": "N"}, {"31": "N"}, {"31": "E"}, {"31": "E"}, {"31": "E"}, {"31": "E"}, {"31": "E"}, {"31": "E"}, {"31": "E"}, {"31": "N"}, {"31": "N"}, {"31": "E"}, {"31": "E"}, {"31": "N"}, {"31": "E"}, {"31": "N"}, {"31": "N"}, {"31": "E"}, {"31": "N"}, {"31": "N"}, {"31": "N"}, {"31": "E"}, {"31": "E"}, {"31": "E"}, {"31": "E"}, {"81": "W"}, {"81": "S"}, {"81": "S"}, {"81": "S"}, {"81": "W"}, {"64": "E"}, {"64": "N"}, {"64": "N"}, {"64": "N"}, {"64": "N"}, {"64": "N"}, {"64": "N"}, {"64": "N"}, {"64": "N"}, {"64": "N"}, {"64": "N"}, {"64": "E"}, {"64": "E"}, {"64": "E"}, {"64": "E"}, {"64": "E"}, {"64": "N"}, {"64": "E"}, {"64": "N"}, {"64": "E"}, {"64": "N"}, {"64": "E"}, {"64": "N"}, {"64": "E"}, {"64": "N"}, {"64": "E"}, {"64": "E"}, {"64": "E"}, {"64": "E"}, {"64": "E"}, {"64": "E"}, {"64": "E"}, {"64": "N"}, {"64": "N"}, {"64": "N"}, {"64": "E"}, {"64": "E"}, {"128": "W"}, {"128": "N"}, {"128": "N"}, {"128": "N"}, {"128": "N"}, {"128": "N"}, {"128": "N"}, {"128": "N"}, {"128": "E"}, {"128": "E"}, {"128": "E"}, {"128": "E"}, {"128": "E"}, {"128": "N"}, {"128": "N"}, {"128": "E"}, {"128": "E"}, {"128": "N"}, {"128": "E"}, {"128": "N"}, {"128": "N"}, {"128": "E"}, {"128": "N"}, {"128": "N"}, {"128": "N"}, {"128": "E"}, {"128": "E"}, {"128": "E"}, {"69": "W"}, {"69": "W"}, {"69": "W"}, {"69": "W"}, {"69": "W"}, {"69": "W"}, {"69": "S"}, {"69": "W"}, {"69": "S"}, {"69": "S"}, {"47": "S"}, {"47": "E"}, {"47": "S"}, {"47": "S"}, {"47": "E"}, {"47": "E"}, {"47": "E"}, {"47": "E"}, {"47": "E"}, {"47": "E"}, {"47": "E"}, {"47": "E"}, {"47": "E"}, {"47": "E"}, {"47": "E"}, {"47": "E"}, {"47": "E"}, {"47": "E"}, {"47": "S"}, {"47": "E"}, {"47": "S"}, {"47": "E"}, {"47": "E"}, {"47": "E"}, {"47": "E"}, {"47": "S"}, {"47": "E"}, {"47": "E"}, {"47": "N"}, {"47": "E"}, {"47": "E"}, {"47": "E"}, {"47": "E"}, {"47": "E"}, {"47": "E"}, {"47": "E"}, {"4": "S"}, {"4": "W"}, {"4": "W"}, {"4": "S"}, {"4": "W"}, {"4": "W"}, {"4": "W"}, {"4": "W"}, {"4": "W"}, {"4": "W"}, {"4": "W"}, {"4": "W"}, {"4": "W"}, {"4": "S"}, {"74": "W"}, {"74": "S"}, {"74": "W"}, {"74": "W"}, {"74": "W"}, {"74": "S"}, {"74": "S"}, {"74": "S"}, {"74": "S"}, {"74": "W"}, {"74": "S"}, {"74": "W"}, {"74": "W"}, {"74": "W"}, {"74": "S"}, {"74": "S"}, {"15": "N"}, {"15": "E"}, {"15": "E"}, {"15": "E"}, {"15": "E"}, {"15": "E"}, {"15": "E"}, {"15": "E"}, {"15": "E"}, {"15": "E"}, {"15": "E"}, {"15": "E"}, {"15": "E"}, {"15": "E"}, {"15": "N"}, {"15": "E"}, {"15": "N"}, {"15": "E"}, {"15": "N"}, {"15": "E"}, {"15": "N"}, {"15": "E"}, {"15": "N"}, {"15": "E"}, {"15": "N"}, {"15": "E"}, {"15": "E"}, {"15": "E"}, {"15": "N"}, {"15": "E"}, {"15": "N"}, {"15": "N"}, {"15": "E"}, {"15": "E"}, {"15": "S"}, {"15": "E"}, {"15": "E"}, {"15": "N"}, {"15": "E"}, {"15": "N"}, {"80": "S"}, {"80": "W"}, {"80": "W"}, {"80": "W"}, {"80": "W"}, {"80": "W"}, {"80": "W"}, {"80": "W"}, {"80": "S"}, {"80": "S"}, {"80": "S"}, {"80": "S"}, {"80": "S"}, {"80": "S"}, {"80": "S"}, {"80": "S"}, {"80": "S"}, {"172": "S"}, {"172": "S"}, {"172": "S"}, {"172": "S"}, {"172": "S"}, {"172": "S"}, {"172": "S"}, {"172": "E"}, {"172": "S"}, {"172": "E"}, {"172": "E"}, {"172": "E"}, {"172": "S"}, {"172": "S"}, {"172": "S"}, {"172": "S"}, {"172": "S"}, {"172": "S"}, {"172": "S"}, {"172": "S"}, {"172": "S"}, {"172": "S"}, {"172": "S"}, {"172": "S"}, {"172": "S"}, {"172": "S"}, {"172": "W"}, {"172": "S"}, {"136": "E"}, {"136": "N"}, {"136": "N"}, {"136": "N"}, {"136": "N"}, {"136": "N"}, {"136": "N"}, {"136": "N"}, {"136": "E"}, {"136": "E"}, {"136": "N"}, {"136": "N"}, {"136": "N"}, {"136": "E"}, {"136": "E"}, {"136": "E"}, {"136": "E"}, {"136": "E"}, {"136": "E"}, {"136": "E"}, {"136": "E"}, {"136": "E"}, {"78": "W"}, {"78": "S"}, {"78": "S"}, {"78": "S"}, {"78": "S"}, {"78": "S"}, {"78": "S"}, {"78": "S"}, {"78": "S"}, {"78": "W"}, {"78": "W"}, {"78": "S"}, {"78": "W"}, {"78": "W"}, {"78": "N"}, {"78": "W"}, {"78": "W"}, {"78": "N"}, {"78": "N"}, {"78": "E"}, {"70": "W"}, {"70": "S"}, {"70": "W"}, {"70": "W"}, {"70": "S"}, {"70": "W"}, {"70": "W"}, {"70": "N"}, {"70": "W"}, {"70": "W"}, {"70": "N"}, {"70": "N"}, {"70": "W"}, {"70": "W"}, {"70": "W"}, {"70": "W"}, {"70": "N"}, {"70": "W"}, {"70": "W"}, {"70": "N"}, {"70": "N"}, {"70": "N"}, {"70": "N"}, {"70": "N"}, {"70": "N"}, {"1": "S"}, {"1": "S"}, {"1": "E"}, {"1": "E"}, {"1": "S"}, {"1": "E"}, {"1": "E"}, {"1": "E"}, {"1": "E"}, {"1": "E"}, {"1": "E"}, {"1": "E"}, {"1": "E"}, {"1": "E"}, {"1": "E"}, {"1": "E"}, {"1": "E"}, {"1": "S"}, {"1": "E"}, {"1": "S"}, {"1": "E"}, {"1": "E"}, {"1": "E"}, {"1": "E"}, {"1": "E"}, {"1": "E"}, {"1": "E"}, {"1": "S"}, {"1": "E"}, {"1": "S"}, {"1": "E"}, {"1": "E"}, {"1": "E"}, {"1": "E"}, {"1": "E"}, {"1": "E"}, {"1": "E"}, {"1": "E"}, {"12": "N"}, {"12": "E"}, {"12": "N"}, {"12": "N"}, {"12": "N"}, {"12": "N"}, {"12": "N"}, {"12": "E"}, {"12": "E"}, {"12": "E"}, {"12": "E"}, {"12": "E"}, {"12": "E"}, {"12": "E"}, {"12": "E"}, {"12": "N"}, {"12": "N"}, {"12": "E"}, {"12": "E"}, {"12": "N"}, {"12": "E"}, {"12": "E"}, {"12": "E"}, {"12": "E"}, {"12": "N"}, {"12": "E"}, {"155": "W"}, {"155": "N"}, {"155": "N"}, {"155": "N"}, {"155": "W"}, {"155": "W"}, {"155": "W"}, {"155": "S"}, {"155": "W"}, {"155": "W"}, {"155": "W"}, {"155": "S"}, {"155": "W"}, {"155": "W"}, {"155": "W"}, {"155": "W"}, {"155": "W"}, {"155": "W"}, {"155": "W"}, {"155": "W"}, {"155": "W"}, {"155": "W"}, {"155": "W"}, {"155": "N"}, {"43": "W"}, {"43": "W"}, {"43": "W"}, {"43": "W"}, {"43": "W"}, {"43": "W"}, {"43": "W"}, {"43": "W"}, {"43": "W"}, {"43": "W"}, {"43": "W"}, {"43": "S"}, {"43": "S"}, {"43": "S"}, {"43": "S"}, {"43": "S"}, {"43": "S"}, {"43": "W"}, {"43": "W"}, {"43": "S"}, {"43": "S"}, {"50": "W"}, {"50": "N"}, {"50": "W"}, {"50": "W"}, {"50": "W"}, {"50": "N"}, {"50": "N"}, {"50": "N"}, {"50": "N"}, {"50": "N"}, {"50": "N"}, {"50": "W"}, {"50": "N"}, {"50": "N"}, {"50": "N"}, {"50": "W"}, {"50": "N"}, {"50": "N"}, {"50": "W"}, {"50": "N"}, {"50": "N"}, {"50": "N"}, {"50": "N"}, {"50": "N"}, {"50": "E"}, {"144": "S"}, {"144": "W"}, {"144": "W"}, {"144": "W"}, {"144": "W"}, {"144": "W"}, {"144": "S"}, {"144": "S"}, {"144": "S"}, {"144": "S"}, {"144": "W"}, {"144": "S"}, {"144": "S"}, {"144": "S"}, {"144": "S"}, {"144": "W"}, {"144": "W"}, {"144": "W"}, {"144": "S"}, {"144": "S"}, {"144": "S"}, {"38": "E"}, {"38": "N"}, {"38": "N"}, {"38": "N"}, {"38": "N"}, {"38": "N"}, {"38": "N"}, {"38": "E"}, {"38": "E"}, {"38": "E"}, {"38": "E"}, {"38": "N"}, {"38": "E"}, {"38": "N"}, {"38": "N"}, {"38": "N"}, {"38": "E"}, {"38": "E"}, {"38": "E"}, {"38": "N"}, {"38": "N"}, {"38": "E"}, {"38": "E"}, {"51": "N"}, {"51": "N"}, {"51": "W"}, {"51": "W"}, {"51": "W"}, {"51": "W"}, {"51": "S"}, {"51": "W"}, {"51": "W"}, {"51": "W"}, {"51": "W"}, {"51": "N"}, {"51": "N"}, {"51": "N"}, {"51": "N"}, {"51": "N"}, {"73": "E"}, {"73": "S"}, {"73": "S"}, {"73": "S"}, {"73": "E"}, {"73": "E"}, {"73": "E"}, {"73": "E"}, {"73": "E"}, {"73": "E"}, {"73": "E"}, {"73": "E"}, {"73": "E"}, {"73": "E"}, {"73": "E"}, {"73": "E"}, {"73": "S"}, {"73": "E"}, {"73": "S"}, {"73": "E"}, {"73": "E"}, {"73": "E"}, {"73": "E"}, {"73": "E"}, {"73": "E"}, {"73": "E"}, {"73": "S"}, {"73": "E"}, {"73": "S"}, {"73": "E"}, {"73": "E"}, {"73": "E"}, {"73": "E"}, {"73": "E"}, {"73": "E"}, {"98": "W"}, {"98": "S"}, {"98": "W"}, {"98": "W"}, {"98": "S"}, {"98": "W"}, {"98": "W"}, {"98": "W"}, {"98": "W"}, {"98": "W"}, {"98": "W"}, {"98": "W"}, {"98": "W"}, {"98": "N"}, {"98": "N"}, {"98": "N"}, {"98": "W"}, {"98": "W"}, {"98": "W"}, {"98": "W"}, {"98": "W"}, {"98": "N"}, {"98": "N"}, {"98": "N"}, {"98": "N"}, {"98": "N"}, {"98": "N"}, {"98": "N"}, {"98": "N"}, {"98": "N"}, {"98": "N"}, {"37": "W"}, {"37": "W"}, {"145": "N"}, {"145": "E"}, {"145": "N"}, {"145": "N"}, {"145": "N"}, {"145": "N"}, {"145": "N"}, {"145": "N"}, {"145": "N"}, {"145": "E"}, {"145": "E"}, {"145": "E"}, {"145": "E"}, {"145": "E"}, {"145": "E"}, {"145": "E"}, {"145": "N"}, {"145": "E"}, {"145": "N"}, {"145": "N"}, {"145": "N"}, {"145": "E"}, {"145": "E"}, {"145": "E"}, {"101": "N"}, {"101": "N"}, {"101": "N"}, {"101": "N"}, {"101": "N"}, {"101": "E"}, {"101": "E"}, {"101": "E"}, {"101": "N"}, {"101": "E"}, {"101": "N"}, {"101": "N"}, {"101": "N"}, {"101": "E"}, {"101": "E"}, {"101": "E"}, {"101": "E"}, {"101": "E"}, {"173": "S"}, {"173": "S"}, {"173": "S"}, {"173": "S"}, {"173": "S"}, {"173": "S"}, {"173": "S"}, {"173": "E"}, {"173": "E"}, {"173": "E"}, {"173": "E"}, {"123": "N"}, {"123": "W"}, {"123": "W"}, {"123": "W"}, {"123": "S"}, {"123": "S"}, {"123": "S"}, {"123": "S"}, {"123": "S"}, {"123": "S"}, {"123": "W"}, {"123": "W"}, {"123": "S"}, {"123": "W"}, {"123": "W"}, {"123": "W"}, {"123": "W"}, {"123": "W"}, {"123": "W"}, {"123": "W"}, {"123": "N"}, {"123": "N"}, {"123": "N"}, {"123": "N"}, {"123": "N"}, {"123": "N"}, {"106": "W"}, {"106": "S"}, {"106": "S"}, {"106": "W"}, {"106": "W"}, {"106": "W"}, {"106": "W"}, {"106": "W"}, {"106": "W"}, {"106": "S"}, {"106": "S"}, {"106": "W"}, {"106": "S"}, {"106": "S"}, {"106": "S"}, {"106": "S"}, {"106": "S"}, {"106": "S"}, {"106": "W"}, {"106": "W"}, {"106": "N"}, {"88": "W"}, {"88": "S"}, {"88": "S"}, {"88": "W"}, {"88": "W"}, {"88": "W"}, {"88": "W"}, {"88": "W"}, {"88": "S"}, {"88": "W"}, {"88": "W"}, {"5": "S"}, {"5": "W"}, {"5": "W"}, {"5": "S"}, {"5": "S"}, {"5": "S"}, {"5": "S"}, {"5": "S"}, {"5": "S"}, {"5": "W"}, {"5": "W"}, {"5": "S"}, {"5": "W"}, {"5": "S"}, {"5": "W"}, {"110": "S"}, {"110": "S"}, {"110": "S"}, {"110": "E"}, {"110": "E"}, {"110": "E"}, {"110": "E"}, {"110": "S"}, {"110": "E"}, {"110": "E"}, {"110": "E"}, {"110": "E"}, {"110": "E"}, {"110": "E"}, {"110": "E"}, {"110": "E"}, {"110": "E"}, {"110": "E"}, {"110": "S"}, {"110": "E"}, {"110": "S"}, {"110": "E"}, {"110": "E"}, {"110": "E"}, {"110": "E"}, {"110": "E"}, {"110": "E"}, {"110": "S"}, {"110": "E"}, {"110": "E"}, {"110": "N"}, {"110": "E"}, {"110": "E"}, {"110": "E"}, {"110": "E"}, {"110": "E"}, {"113": "W"}, {"113": "S"}, {"113": "W"}, {"113": "W"}, {"113": "W"}, {"113": "W"}, {"113": "W"}, {"113": "S"}, {"113": "W"}, {"113": "S"}, {"113": "S"}, {"113": "W"}, {"113": "W"}, {"113": "W"}, {"113": "W"}, {"113": "W"}, {"113": "W"}, {"113": "N"}, {"113": "W"}, {"113": "W"}, {"113": "W"}, {"113": "N"}, {"113": "N"}, {"113": "N"}, {"113": "N"}, {"113": "N"}, {"113": "N"}, {"113": "N"}, {"113": "N"}, {"113": "N"}, {"113": "N"}, {"113": "N"}, {"113": "W"}, {"113": "N"}, {"113": "W"}, {"113": "W"}, {"113": "W"}, {"129": "W"}, {"129": "S"}, {"129": "S"}, {"129": "W"}, {"129": "W"}, {"129": "S"}, {"129": "W"}, {"129": "S"}, {"129": "S"}, {"129": "W"}, {"129": "W"}, {"129": "W"}, {"129": "W"}, {"129": "W"}, {"129": "W"}, {"129": "N"}, {"129": "W"}, {"129": "W"}, {"129": "W"}, {"129": "W"}, {"129": "W"}, {"129": "N"}, {"129": "N"}, {"129": "N"}, {"129": "N"}, {"129": "N"}, {"129": "N"}, {"129": "N"}, {"129": "N"}, {"75": "N"}, {"75": "W"}, {"75": "W"}, {"75": "S"}, {"75": "S"}, {"75": "S"}, {"75": "S"}, {"75": "S"}, {"75": "S"}, {"75": "W"}, {"75": "W"}, {"75": "S"}, {"75": "W"}, {"75": "S"}, {"75": "S"}, {"75": "W"}, {"75": "W"}, {"75": "W"}, {"75": "W"}, {"75": "N"}, {"75": "N"}, {"104": "N"}, {"104": "W"}, {"104": "W"}, {"104": "S"}, {"104": "S"}, {"104": "S"}, {"104": "W"}, {"104": "W"}, {"104": "S"}, {"104": "W"}, {"104": "S"}, {"104": "S"}, {"104": "W"}, {"104": "W"}, {"104": "W"}, {"104": "W"}, {"104": "W"}, {"104": "W"}, {"104": "N"}, {"104": "W"}, {"104": "N"}, {"104": "N"}, {"104": "N"}, {"104": "N"}, {"48": "W"}, {"48": "N"}, {"48": "W"}, {"48": "W"}, {"48": "S"}, {"48": "W"}, {"48": "S"}, {"48": "S"}, {"48": "W"}, {"48": "W"}, {"48": "W"}, {"48": "W"}, {"48": "W"}, {"48": "W"}, {"48": "N"}, {"48": "N"}, {"48": "N"}, {"48": "N"}, {"159": "S"}, {"159": "S"}, {"159": "S"}, {"159": "S"}, {"159": "S"}, {"159": "S"}, {"159": "S"}, {"159": "S"}, {"159": "S"}, {"159": "S"}, {"159": "E"}, {"159": "E"}, {"159": "E"}, {"159": "E"}, {"159": "E"}, {"159": "E"}, {"159": "E"}, {"159": "E"}, {"159": "E"}, {"159": "E"}, {"159": "E"}, {"159": "E"}, {"159": "E"}, {"159": "E"}, {"159": "E"}, {"159": "E"}, {"159": "E"}, {"159": "E"}, {"159": "E"}, {"159": "E"}, {"159": "E"}, {"159": "E"}, {"159": "S"}, {"159": "S"}, {"159": "E"}, {"159": "E"}, {"159": "N"}, {"159": "N"}, {"159": "E"}, {"159": "E"}, {"52": "N"}, {"52": "E"}, {"52": "E"}, {"52": "S"}, {"52": "E"}, {"52": "E"}, {"52": "E"}, {"52": "E"}, {"52": "E"}, {"52": "E"}, {"52": "S"}, {"52": "E"}, {"52": "E"}, {"52": "E"}, {"52": "N"}, {"52": "E"}, {"52": "E"}, {"66": "W"}, {"66": "N"}, {"66": "N"}, {"66": "W"}, {"66": "W"}, {"66": "W"}, {"66": "W"}, {"66": "W"}, {"66": "W"}, {"66": "W"}, {"66": "W"}, {"66": "W"}, {"66": "W"}, {"66": "N"}, {"66": "N"}, {"66": "N"}, {"66": "N"}, {"66": "N"}, {"66": "N"}, {"66": "N"}, {"66": "N"}, {"66": "N"}, {"66": "N"}, {"66": "N"}, {"66": "N"}, {"66": "N"}, {"66": "N"}, {"18": "S"}, {"18": "W"}, {"18": "W"}, {"18": "S"}, {"18": "S"}, {"18": "S"}, {"18": "W"}, {"18": "W"}, {"18": "S"}, {"18": "W"}, {"18": "S"}, {"18": "S"}, {"18": "W"}, {"18": "W"}, {"18": "W"}, {"18": "W"}, {"18": "W"}, {"18": "W"}, {"18": "N"}, {"18": "W"}, {"18": "N"}, {"18": "N"}, {"135": "W"}, {"135": "S"}, {"135": "S"}, {"135": "S"}, {"135": "S"}, {"135": "S"}, {"135": "S"}, {"135": "S"}, {"135": "S"}, {"135": "S"}, {"135": "S"}, {"135": "W"}, {"135": "W"}, {"135": "S"}, {"135": "W"}, {"135": "S"}, {"135": "S"}, {"135": "W"}, {"135": "W"}, {"135": "W"}, {"135": "W"}, {"135": "W"}, {"135": "W"}, {"135": "N"}, {"135": "W"}, {"135": "W"}, {"58": "S"}, {"58": "E"}, {"58": "E"}, {"58": "E"}, {"58": "E"}, {"58": "N"}, {"58": "E"}, {"58": "E"}, {"58": "E"}, {"58": "E"}, {"58": "N"}, {"58": "E"}, {"58": "E"}, {"58": "S"}, {"33": "S"}, {"33": "E"}, {"33": "E"}, {"33": "E"}, {"33": "E"}, {"33": "S"}, {"33": "S"}, {"33": "W"}, {"33": "S"}, {"33": "S"}, {"33": "S"}, {"33": "S"}, {"33": "S"}, {"33": "S"}, {"33": "W"}, {"33": "S"}, {"33": "S"}, {"33": "S"}, {"33": "S"}, {"33": "W"}, {"33": "S"}, {"33": "S"}, {"33": "S"}, {"33": "S"}, {"33": "S"}, {"33": "S"}, {"33": "E"}, {"71": "S"}, {"71": "E"}, {"71": "S"}, {"71": "S"}, {"71": "S"}, {"71": "S"}, {"71": "E"}, {"71": "E"}, {"71": "E"}, {"71": "E"}, {"71": "E"}, {"71": "E"}, {"179": "W"}, {"179": "W"}, {"179": "N"}, {"179": "W"}, {"179": "W"}, {"179": "W"}, {"179": "W"}, {"179": "W"}, {"179": "W"}, {"179": "W"}, {"179": "W"}, {"179": "N"}, {"179": "N"}, {"179": "N"}, {"179": "N"}, {"179": "N"}, {"26": "E"}, {"26": "S"}, {"26": "S"}, {"26": "W"}, {"26": "S"}, {"26": "S"}, {"26": "S"}, {"26": "S"}, {"26": "S"}, {"26": "S"}, {"26": "S"}, {"26": "S"}, {"26": "S"}, {"26": "S"}, {"26": "S"}, {"26": "S"}, {"26": "E"}, {"26": "E"}, {"26": "E"}, {"26": "S"}, {"26": "S"}, {"26": "S"}, {"26": "S"}, {"26": "S"}, {"26": "S"}, {"26": "S"}, {"26": "E"}, {"26": "E"}, {"167": "N"}, {"167": "N"}, {"167": "N"}, {"167": "N"}, {"167": "E"}, {"167": "E"}, {"89": "W"}, {"89": "S"}, {"89": "W"}, {"89": "W"}, {"89": "W"}, {"89": "S"}, {"89": "S"}, {"89": "S"}, {"89": "S"}, {"89": "S"}, {"89": "S"}, {"89": "S"}, {"89": "S"}, {"89": "S"}, {"89": "S"}, {"89": "S"}, {"89": "S"}, {"89": "S"}, {"148": "S"}, {"148": "W"}, {"148": "W"}, {"148": "W"}, {"148": "W"}, {"148": "S"}, {"148": "W"}, {"148": "S"}, {"148": "S"}, {"148": "W"}, {"148": "W"}, {"148": "W"}, {"148": "W"}, {"148": "W"}, {"148": "W"}, {"148": "S"}, {"148": "W"}, {"148": "S"}, {"148": "W"}, {"148": "W"}, {"148": "W"}, {"148": "W"}, {"148": "W"}, {"148": "W"}, {"148": "W"}, {"148": "N"}, {"148": "N"}, {"148": "N"}, {"148": "N"}, {"148": "N"}, {"148": "N"}, {"176": "S"}, {"176": "W"}, {"176": "W"}, {"176": "S"}, {"176": "S"}, {"176": "S"}, {"176": "S"}, {"176": "S"}, {"176": "S"}, {"176": "S"}, {"176": "S"}, {"176": "S"}, {"176": "S"}, {"176": "S"}, {"176": "S"}, {"176": "S"}, {"176": "S"}, {"176": "S"}, {"176": "W"}, {"176": "W"}, {"176": "S"}, {"176": "W"}, {"176": "S"}, {"176": "S"}, {"176": "W"}, {"176": "W"}, {"176": "W"}, {"176": "W"}, {"176": "W"}, {"176": "W"}, {"176": "S"}, {"176": "W"}, {"176": "S"}, {"176": "W"}, {"176": "W"}, {"176": "N"}, {"139": "E"}, {"139": "S"}, {"139": "S"}, {"139": "S"}, {"139": "S"}, {"139": "S"}, {"139": "S"}, {"139": "S"}, {"139": "S"}, {"139": "S"}, {"139": "E"}, {"139": "E"}, {"139": "E"}, {"139": "E"}, {"139": "E"}, {"139": "E"}, {"139": "E"}, {"139": "E"}, {"139": "E"}, {"63": "S"}, {"63": "S"}, {"63": "S"}, {"63": "S"}, {"63": "S"}, {"63": "S"}, {"63": "S"}, {"63": "S"}, {"63": "S"}, {"63": "S"}, {"63": "S"}, {"63": "S"}, {"63": "S"}, {"63": "E"}, {"63": "E"}, {"63": "E"}, {"63": "S"}, {"63": "S"}, {"63": "W"}, {"63": "S"}, {"63": "S"}, {"63": "S"}, {"63": "S"}, {"157": "W"}, {"157": "W"}, {"157": "W"}, {"157": "W"}, {"157": "W"}, {"157": "S"}, {"157": "W"}, {"157": "W"}, {"157": "W"}, {"157": "W"}, {"157": "W"}, {"157": "W"}, {"157": "W"}, {"157": "W"}, {"157": "W"}, {"157": "S"}, {"157": "S"}, {"157": "S"}, {"157": "S"}, {"157": "S"}, {"157": "S"}, {"157": "S"}, {"157": "S"}, {"157": "S"}, {"157": "S"}, {"157": "S"}, {"157": "S"}, {"45": "S"}, {"45": "S"}, {"45": "E"}, {"45": "E"}, {"45": "S"}, {"45": "S"}, {"45": "S"}, {"45": "S"}, {"45": "S"}, {"45": "S"}, {"45": "S"}, {"45": "S"}, {"45": "E"}, {"45": "E"}, {"45": "E"}, {"45": "E"}, {"45": "E"}, {"45": "E"}, {"45": "E"}, {"45": "E"}, {"39": "S"}, {"39": "E"}, {"39": "S"}, {"39": "S"}, {"39": "S"}, {"39": "S"}, {"39": "S"}, {"39": "S"}, {"39": "S"}, {"39": "S"}, {"39": "E"}, {"39": "E"}, {"174": "S"}, {"174": "E"}, {"174": "E"}, {"174": "S"}, {"174": "S"}, {"174": "S"}, {"174": "S"}, {"174": "S"}, {"174": "S"}, {"174": "S"}, {"174": "S"}, {"174": "S"}, {"174": "S"}, {"174": "S"}, {"174": "S"}, {"174": "S"}, {"174": "E"}, {"174": "E"}, {"174": "E"}, {"174": "E"}, {"174": "E"}, {"174": "E"}, {"174": "E"}, {"174": "E"}, {"174": "E"}, {"174": "E"}, {"133": "E"}, {"133": "S"}, {"133": "S"}, {"133": "S"}, {"133": "S"}, {"133": "S"}, {"133": "S"}, {"133": "S"}, {"133": "S"}, {"133": "S"}, {"133": "S"}, {"133": "S"}, {"133": "S"}, {"133": "S"}, {"133": "S"}, {"133": "E"}, {"133": "E"}, {"133": "E"}, {"133": "E"}, {"133": "E"}, {"133": "E"}, {"108": "S"}, {"108": "E"}, {"108": "S"}, {"108": "S"}, {"108": "S"}, {"108": "S"}, {"108": "S"}, {"108": "E"}, {"76": "E"}, {"76": "S"}, {"76": "S"}, {"76": "S"}, {"76": "S"}, {"76": "S"}, {"76": "S"}, {"76": "S"}, {"76": "S"}, {"76": "S"}, {"76": "S"}, {"76": "E"}, {"76": "E"}, {"76": "E"}, {"76": "E"}, {"76": "E"}, {"149": "E"}, {"149": "N"}, {"149": "N"}, {"149": "N"}, {"149": "N"}, {"149": "N"}, {"149": "N"}, {"149": "N"}, {"149": "N"}, {"149": "E"}, {"114": "S"}, {"114": "S"}, {"114": "E"}, {"114": "E"}, {"114": "E"}, {"114": "E"}, {"114": "S"}, {"114": "S"}, {"114": "S"}, {"114": "S"}, {"114": "S"}, {"114": "S"}, {"114": "S"}, {"114": "S"}, {"114": "S"}, {"114": "S"}, {"114": "S"}, {"114": "E"}, {"152": "W"}, {"152": "S"}, {"152": "S"}, {"152": "S"}, {"152": "S"}, {"152": "S"}, {"152": "S"}, {"152": "S"}, {"152": "S"}, {"152": "S"}, {"152": "S"}, {"152": "S"}, {"152": "S"}, {"152": "S"}, {"152": "S"}, {"152": "S"}, {"152": "S"}, {"152": "W"}, {"152": "W"}, {"152": "S"}, {"152": "W"}, {"152": "S"}, {"152": "S"}, {"152": "W"}, {"152": "W"}, {"152": "W"}, {"152": "W"}, {"152": "W"}, {"152": "W"}, {"152": "S"}, {"152": "W"}, {"152": "S"}, {"152": "W"}, {"152": "W"}, {"152": "W"}, {"152": "W"}, {"152": "W"}, {"152": "W"}, {"152": "W"}, {"152": "W"}, {"152": "W"}, {"152": "W"}, {"152": "W"}, {"152": "W"}, {"152": "W"}, {"152": "W"}, {"152": "W"}, {"152": "W"}, {"152": "W"}, {"152": "W"}, {"152": "W"}, {"152": "S"}], "result": "SUCCESS", "makespan": 2398, "sum": 4870, "algo_name": "OutAndInByPercentage_per_50_SW_"}