{"instance": "medium_free_002_30x30_20_180", "steps": [{"153": "E", "84": "S", "117": "S", "18": "W", "128": "N", "89": "W", "109": "S", "22": "E", "70": "W", "162": "S", "33": "S", "95": "E", "26": "S", "48": "W", "170": "N", "17": "W", "121": "E", "168": "E", "4": "W", "97": "W", "99": "W", "161": "W", "69": "W", "0": "S", "167": "E", "102": "E", "100": "N", "30": "N", "150": "E", "125": "W", "111": "W", "6": "W", "163": "W", "74": "S", "134": "N", "75": "W", "45": "S", "124": "W", "20": "E", "25": "W", "31": "N", "87": "W", "67": "W", "53": "N", "127": "S", "86": "W", "64": "E", "42": "N", "57": "S", "10": "S", "116": "N", "50": "W", "130": "N", "77": "N", "46": "S", "1": "S", "142": "S", "27": "E", "176": "W", "110": "S", "29": "W", "149": "N", "94": "W", "12": "S", "126": "S", "166": "S", "82": "E", "178": "N", "59": "S", "146": "N", "135": "S", "179": "W", "63": "E", "154": "W", "76": "S", "13": "W", "80": "W", "28": "W", "145": "N", "8": "S", "123": "N", "139": "E", "23": "W", "120": "W", "107": "W", "92": "S", "155": "W", "144": "W", "131": "W", "55": "W", "147": "S", "15": "N", "81": "W", "38": "E", "174": "E", "136": "S", "61": "W", "41": "W", "47": "S", "105": "S", "32": "N", "79": "E", "112": "S", "60": "W", "21": "S", "16": "W", "138": "W", "44": "N", "62": "N", "115": "W", "34": "N", "119": "W", "52": "S", "140": "N", "106": "W", "133": "S", "137": "S", "160": "N", "101": "S", "88": "N", "171": "N", "159": "S", "104": "N", "122": "N", "169": "S", "66": "S", "36": "W", "91": "S", "108": "W", "43": "W", "9": "N", "14": "W", "54": "W", "113": "W", "156": "N", "164": "N", "2": "N", "96": "N", "68": "W", "73": "S", "98": "W", "141": "W", "165": "N", "157": "W", "173": "S", "90": "N", "85": "E", "172": "S", "49": "W", "3": "N", "40": "N", "118": "W", "93": "N", "152": "W", "143": "S", "35": "N"}, {"101": "S", "168": "N", "61": "W", "55": "E", "110": "N", "59": "N", "67": "W", "97": "S", "44": "E", "156": "N", "121": "S", "155": "W", "122": "E", "56": "N", "54": "W", "13": "W", "0": "S", "178": "N", "118": "N", "120": "W", "52": "E", "78": "S", "164": "N", "172": "S", "68": "W", "165": "N", "50": "N", "70": "W", "94": "W", "112": "E", "148": "W", "57": "E", "113": "W", "76": "S", "43": "W", "71": "S", "128": "N", "157": "W", "163": "W", "130": "W", "137": "N", "126": "S", "99": "W", "95": "S", "31": "N", "83": "S", "161": "W", "80": "W", "16": "W", "134": "N", "174": "E", "173": "S", "28": "W", "146": "W", "49": "W", "90": "N", "12": "E", "100": "W", "4": "W", "108": "W", "26": "E", "179": "W", "11": "S", "1": "E", "34": "N", "14": "W", "150": "E", "154": "W", "127": "N", "89": "S", "48": "N", "175": "S", "30": "E", "18": "W", "65": "S", "129": "S", "160": "N", "138": "E", "22": "N", "21": "S", "167": "S", "40": "N", "158": "N", "69": "N", "33": "S", "23": "W", "72": "N", "102": "S", "141": "W", "92": "N", "66": "W", "86": "E", "152": "W", "132": "W", "144": "S", "88": "W", "35": "W", "60": "E", "79": "W", "136": "E", "142": "S", "6": "E", "45": "S", "145": "N", "63": "S", "104": "W", "149": "N", "170": "N", "77": "N", "91": "S", "133": "S", "96": "N", "119": "S", "32": "W", "15": "N", "176": "W", "9": "N", "27": "N", "46": "N", "82": "W", "62": "W", "177": "S", "17": "W", "159": "S", "85": "N", "166": "S", "36": "W", "169": "S", "103": "N", "2": "S", "84": "S", "87": "W", "29": "W", "3": "N", "111": "S", "147": "S", "116": "S", "73": "E", "143": "S", "171": "N", "114": "W", "115": "N", "24": "W", "109": "N", "19": "S", "162": "S", "8": "S", "131": "W", "93": "N", "139": "S", "81": "W", "123": "W", "151": "E", "153": "E", "38": "S", "107": "W", "98": "N", "53": "N", "64": "N", "25": "W"}, {"25": "W", "40": "E", "110": "S", "161": "W", "67": "W", "148": "W", "44": "E", "66": "W", "81": "S", "29": "N", "7": "S", "170": "N", "12": "E", "96": "E", "144": "S", "116": "E", "123": "N", "143": "S", "122": "N", "68": "W", "137": "E", "5": "W", "32": "N", "124": "N", "19": "S", "92": "N", "82": "W", "48": "W", "61": "W", "57": "N", "113": "E", "101": "E", "49": "S", "99": "W", "84": "N", "30": "N", "73": "S", "108": "S", "14": "W", "86": "S", "168": "E", "24": "W", "16": "W", "45": "S", "106": "W", "147": "S", "179": "W", "97": "S", "38": "E", "71": "S", "93": "N", "117": "S", "136": "S", "89": "S", "173": "S", "115": "N", "98": "W", "63": "S", "20": "S", "74": "W", "76": "W", "129": "W", "59": "S", "6": "N", "178": "N", "78": "N", "141": "W", "47": "S", "1": "E", "91": "E", "103": "E", "154": "W", "142": "E", "53": "N", "164": "E", "163": "W", "80": "W", "119": "W", "64": "N", "166": "S", "83": "E", "127": "N", "139": "S", "43": "E", "120": "W", "11": "W", "150": "E", "33": "S", "149": "N", "87": "W", "145": "N", "134": "E", "3": "N", "85": "N", "15": "N", "169": "E", "70": "N", "60": "W", "10": "W", "165": "E", "162": "S", "151": "W", "35": "W", "156": "N", "159": "S", "90": "N", "177": "W", "153": "E", "130": "E", "157": "W", "42": "W", "152": "W", "0": "S", "176": "W", "135": "W", "126": "S", "140": "E", "22": "N", "58": "E", "88": "N", "109": "N", "77": "N", "50": "W", "105": "W", "65": "E", "75": "S", "46": "S", "121": "S", "175": "W", "23": "E", "72": "N", "174": "S", "95": "S", "9": "N", "94": "W", "171": "N", "172": "S", "55": "W", "111": "S", "155": "W", "160": "N", "4": "W", "34": "E", "132": "N", "114": "W", "41": "W", "36": "W", "8": "S", "28": "W", "133": "S", "39": "S", "69": "W", "21": "S", "112": "W", "146": "N", "62": "N", "79": "W", "128": "E", "54": "W", "167": "S"}, {"109": "E", "81": "N", "11": "E", "16": "N", "28": "N", "158": "N", "169": "S", "149": "N", "46": "N", "79": "N", "140": "N", "74": "S", "98": "W", "128": "E", "174": "S", "43": "N", "73": "S", "47": "S", "91": "E", "63": "N", "89": "S", "0": "S", "162": "S", "37": "E", "117": "S", "132": "N", "170": "N", "171": "N", "102": "W", "138": "N", "14": "S", "179": "N", "21": "S", "82": "E", "96": "N", "119": "W", "164": "N", "142": "E", "7": "S", "163": "W", "22": "S", "54": "W", "172": "S", "77": "N", "80": "W", "126": "S", "120": "W", "112": "E", "34": "N", "3": "N", "95": "S", "151": "W", "90": "N", "41": "W", "4": "E", "136": "E", "148": "W", "83": "E", "10": "W", "123": "W", "178": "E", "157": "N", "165": "N", "61": "N", "104": "W", "1": "E", "17": "S", "68": "N", "156": "N", "177": "E", "48": "W", "134": "S", "130": "E", "20": "S", "152": "W", "12": "E", "124": "W", "69": "W", "143": "S", "131": "N", "94": "W", "30": "N", "133": "S", "121": "S", "40": "N", "2": "N", "72": "N", "67": "W", "108": "S", "45": "S", "139": "S", "53": "N", "176": "W", "86": "W", "32": "N", "116": "N", "26": "S", "147": "S", "5": "W", "23": "W", "9": "N", "19": "N", "111": "W", "127": "N", "76": "S", "59": "N", "106": "W", "57": "S", "100": "W", "55": "W", "135": "W", "64": "N", "160": "N", "92": "W", "115": "N", "145": "N", "87": "W", "58": "E", "168": "N", "161": "W", "144": "W", "159": "S", "24": "W", "25": "W", "36": "W", "103": "N", "66": "W", "99": "W", "137": "S", "50": "W", "122": "N", "153": "E", "62": "N", "44": "W", "56": "E", "114": "S", "6": "W", "85": "N", "8": "S", "105": "W", "101": "S", "33": "S", "39": "S", "129": "W", "113": "W", "93": "N", "70": "W", "146": "E", "150": "S", "49": "W", "29": "E", "60": "E", "154": "W", "84": "S", "71": "S", "78": "S", "173": "S", "155": "W"}, {"136": "N", "103": "N", "102": "W", "154": "W", "94": "W", "82": "S", "43": "W", "10": "S", "49": "W", "144": "W", "3": "N", "124": "W", "28": "N", "83": "E", "60": "S", "167": "S", "138": "W", "56": "N", "66": "W", "142": "S", "20": "N", "84": "E", "71": "W", "39": "W", "165": "N", "61": "W", "27": "N", "24": "W", "126": "S", "74": "S", "12": "E", "133": "S", "73": "S", "16": "N", "11": "E", "139": "S", "30": "N", "106": "W", "108": "N", "1": "E", "159": "S", "149": "N", "8": "S", "123": "W", "48": "W", "40": "N", "0": "E", "85": "N", "110": "E", "147": "S", "166": "S", "93": "N", "32": "N", "96": "N", "158": "N", "127": "N", "95": "S", "143": "S", "113": "E", "65": "E", "64": "N", "29": "W", "62": "N", "156": "E", "119": "E", "58": "E", "23": "W", "33": "S", "91": "E", "54": "W", "53": "N", "148": "N", "4": "W", "47": "S", "134": "N", "44": "N", "131": "S", "18": "N", "137": "N", "140": "N", "76": "N", "98": "W", "57": "W", "120": "W", "157": "W", "87": "W", "118": "N", "135": "S", "175": "S", "111": "N", "42": "N", "141": "W", "160": "E", "90": "N", "2": "E", "122": "N", "7": "S", "77": "N", "9": "N", "176": "W", "34": "N", "163": "W", "13": "W", "155": "W", "38": "S", "100": "S", "69": "W", "21": "E", "146": "E", "164": "E", "174": "N", "36": "N", "170": "E", "35": "W", "128": "N", "116": "W", "5": "S", "179": "W", "81": "S", "80": "W", "173": "S", "161": "W", "132": "W", "68": "W", "172": "S", "86": "E", "114": "S", "115": "N", "105": "N", "153": "E", "177": "S", "46": "N", "72": "W", "150": "S", "59": "E", "6": "W", "70": "N", "15": "N", "17": "S", "26": "N", "168": "N", "19": "W", "41": "E", "79": "W", "121": "S", "92": "S", "151": "E", "67": "W", "171": "N", "25": "S", "162": "S", "130": "W", "99": "W", "63": "S", "152": "W"}, {"44": "E", "163": "W", "106": "W", "170": "N", "169": "E", "127": "N", "131": "W", "101": "S", "148": "W", "150": "S", "172": "S", "68": "W", "70": "N", "115": "N", "49": "W", "123": "W", "45": "W", "81": "N", "72": "W", "43": "N", "137": "E", "32": "N", "105": "W", "88": "N", "74": "N", "63": "E", "166": "E", "135": "W", "99": "N", "144": "W", "102": "W", "73": "S", "27": "N", "151": "N", "142": "E", "53": "N", "2": "S", "134": "N", "71": "E", "13": "E", "157": "W", "78": "S", "84": "S", "35": "N", "8": "S", "30": "E", "168": "N", "164": "E", "149": "N", "145": "N", "95": "S", "40": "E", "80": "W", "139": "S", "153": "E", "56": "S", "159": "E", "89": "S", "92": "N", "94": "N", "179": "W", "117": "S", "116": "E", "12": "S", "48": "W", "55": "W", "177": "S", "165": "N", "46": "N", "60": "W", "39": "S", "18": "S", "175": "N", "38": "S", "140": "E", "130": "W", "167": "S", "171": "E", "34": "S", "143": "E", "75": "S", "147": "E", "119": "E", "173": "E", "20": "S", "107": "S", "160": "N", "120": "W", "64": "N", "161": "W", "6": "N", "103": "N", "29": "N", "0": "E", "61": "W", "133": "S", "21": "S", "154": "S", "129": "S", "100": "S", "152": "W", "23": "N", "65": "E", "174": "S", "24": "W", "82": "W", "97": "E", "67": "W", "90": "E", "10": "W", "54": "N", "91": "E", "125": "N", "42": "W", "76": "S", "22": "N", "36": "W", "33": "S", "109": "N", "132": "S", "25": "S", "62": "W", "118": "E", "59": "N", "1": "S", "156": "E", "31": "S", "57": "S", "113": "W", "162": "S", "15": "E", "28": "N", "136": "W", "155": "W", "87": "W", "138": "W", "14": "W", "85": "E", "141": "W", "83": "W", "69": "W", "121": "S", "176": "W", "3": "E", "9": "S", "11": "E", "111": "N", "79": "N", "41": "W", "122": "S", "124": "W", "96": "N", "66": "W"}, {"148": "W", "137": "S", "139": "S", "39": "S", "78": "S", "23": "W", "71": "S", "141": "S", "56": "E", "133": "S", "140": "N", "25": "S", "128": "E", "2": "E", "146": "N", "101": "S", "8": "S", "111": "N", "64": "N", "54": "N", "117": "S", "158": "N", "85": "E", "167": "S", "86": "S", "19": "W", "89": "S", "110": "S", "168": "E", "160": "S", "22": "E", "173": "E", "92": "W", "150": "S", "156": "E", "68": "N", "127": "N", "90": "E", "102": "N", "124": "S", "34": "N", "179": "W", "20": "S", "115": "E", "18": "S", "119": "W", "62": "E", "134": "N", "171": "N", "152": "W", "57": "S", "3": "E", "44": "N", "49": "W", "88": "S", "172": "S", "144": "W", "13": "S", "120": "W", "176": "W", "112": "S", "177": "S", "166": "W", "10": "W", "79": "W", "75": "S", "33": "S", "106": "W", "61": "W", "91": "E", "43": "W", "82": "W", "174": "N", "28": "N", "153": "E", "6": "N", "16": "N", "105": "W", "27": "E", "42": "N", "36": "W", "154": "S", "29": "N", "165": "N", "97": "W", "149": "N", "108": "W", "83": "S", "145": "N", "96": "N", "135": "W", "26": "W", "122": "S", "163": "W", "161": "W", "47": "S", "84": "N", "98": "N", "151": "N", "11": "W", "51": "N", "121": "W", "130": "S", "45": "S", "116": "N", "32": "N", "38": "E", "59": "N", "66": "N", "132": "W", "9": "N", "114": "W", "169": "S", "80": "W", "81": "S", "74": "W", "4": "W", "35": "W", "65": "E", "30": "N", "14": "W", "109": "N", "113": "S", "63": "W", "125": "N", "123": "W", "15": "S", "5": "E", "143": "E", "155": "W", "53": "N", "142": "S", "69": "W", "46": "E", "136": "S", "7": "S", "93": "N", "31": "N", "40": "E", "87": "W", "12": "W", "77": "N", "162": "S", "21": "N", "60": "S", "138": "E", "72": "E", "147": "S"}, {"79": "W", "47": "N", "168": "E", "1": "E", "50": "W", "128": "W", "165": "N", "137": "S", "76": "W", "126": "W", "133": "S", "59": "S", "22": "E", "85": "E", "109": "E", "87": "W", "74": "W", "172": "S", "139": "S", "73": "W", "120": "W", "177": "S", "134": "E", "111": "W", "114": "S", "144": "W", "20": "E", "122": "N", "149": "N", "42": "W", "11": "W", "84": "E", "48": "S", "37": "E", "15": "N", "82": "E", "0": "S", "115": "E", "151": "N", "43": "W", "80": "S", "81": "E", "7": "S", "60": "W", "138": "E", "18": "W", "124": "W", "89": "W", "143": "E", "54": "N", "16": "E", "5": "S", "4": "W", "61": "W", "121": "S", "77": "N", "64": "N", "129": "E", "154": "S", "171": "N", "45": "S", "38": "E", "25": "E", "119": "W", "6": "S", "113": "W", "173": "E", "176": "W", "142": "S", "13": "W", "39": "W", "117": "S", "63": "S", "147": "S", "162": "S", "145": "N", "49": "W", "24": "W", "110": "S", "2": "N", "103": "N", "34": "N", "104": "W", "31": "E", "112": "W", "83": "S", "14": "S", "10": "W", "166": "S", "36": "W", "157": "W", "56": "S", "95": "S", "158": "N", "70": "N", "26": "S", "175": "W", "8": "S", "9": "N", "35": "N", "53": "E", "27": "E", "127": "N", "101": "E", "91": "E", "105": "W", "92": "W", "130": "S", "44": "W", "12": "N", "170": "E", "69": "W", "132": "N", "169": "S", "30": "E", "33": "E", "28": "N", "125": "W", "155": "W", "78": "S", "57": "E", "75": "S", "102": "W", "86": "W", "140": "E", "46": "N", "136": "W", "51": "W", "32": "E", "161": "W", "93": "W", "160": "S", "71": "S", "96": "S", "106": "S", "19": "S", "179": "W", "3": "S", "58": "E", "23": "S", "150": "S", "153": "E", "116": "E", "66": "W", "163": "W", "167": "S", "152": "W", "21": "S", "135": "S"}, {"6": "S", "60": "W", "144": "W", "40": "N", "25": "W", "106": "W", "97": "W", "175": "N", "72": "E", "176": "W", "32": "E", "47": "S", "98": "W", "133": "S", "63": "N", "179": "W", "3": "N", "160": "E", "85": "N", "53": "N", "171": "N", "65": "S", "76": "W", "23": "W", "16": "W", "162": "S", "150": "S", "57": "W", "161": "W", "94": "N", "28": "N", "1": "E", "8": "N", "78": "E", "51": "W", "66": "W", "120": "S", "11": "W", "140": "N", "35": "W", "84": "E", "74": "W", "64": "N", "26": "S", "29": "N", "167": "S", "79": "E", "131": "W", "2": "E", "102": "W", "89": "W", "159": "E", "114": "S", "138": "S", "4": "N", "83": "E", "174": "W", "42": "N", "93": "W", "153": "E", "31": "E", "21": "S", "12": "N", "137": "E", "139": "S", "136": "S", "90": "E", "118": "S", "49": "W", "81": "E", "9": "E", "20": "E", "165": "E", "5": "W", "38": "E", "77": "N", "143": "E", "50": "W", "151": "W", "177": "E", "154": "W", "103": "N", "30": "E", "33": "S", "61": "W", "142": "S", "24": "N", "45": "S", "70": "N", "117": "E", "92": "E", "10": "W", "152": "W", "43": "W", "82": "W", "127": "N", "172": "S", "101": "E", "22": "N", "170": "N", "14": "S", "146": "E", "122": "N", "168": "E", "17": "W", "169": "W", "124": "W", "96": "N", "105": "N", "34": "E", "115": "N", "54": "N", "88": "S", "39": "S", "110": "S", "166": "E", "27": "N", "56": "N", "134": "E", "148": "W", "46": "N", "112": "S", "163": "W", "158": "N", "44": "N", "86": "W", "116": "E", "15": "N", "68": "W", "113": "E", "95": "S", "18": "W", "69": "S", "73": "S", "157": "W", "128": "E", "19": "N", "125": "W", "36": "W", "155": "W", "173": "E", "132": "W", "109": "E", "91": "W", "59": "N"}, {"166": "E", "109": "E", "102": "W", "93": "N", "5": "S", "159": "S", "3": "E", "114": "S", "20": "W", "118": "N", "171": "N", "80": "S", "148": "W", "45": "E", "12": "E", "110": "S", "61": "W", "134": "E", "85": "N", "176": "S", "11": "N", "121": "N", "15": "N", "65": "E", "66": "W", "103": "E", "153": "E", "175": "E", "78": "S", "170": "E", "142": "S", "89": "W", "96": "N", "165": "N", "10": "S", "123": "W", "30": "N", "2": "W", "127": "N", "117": "E", "151": "W", "8": "S", "140": "N", "49": "W", "112": "S", "104": "S", "172": "S", "152": "W", "155": "W", "1": "N", "105": "W", "82": "W", "27": "N", "158": "W", "44": "N", "22": "N", "41": "W", "35": "E", "42": "N", "116": "E", "17": "S", "128": "E", "43": "W", "177": "S", "75": "E", "168": "E", "59": "N", "92": "W", "21": "S", "6": "W", "56": "N", "40": "S", "113": "W", "115": "S", "136": "E", "76": "S", "33": "S", "51": "W", "98": "W", "119": "S", "162": "S", "179": "W", "83": "E", "77": "E", "79": "N", "160": "N", "26": "S", "57": "S", "14": "S", "13": "W", "19": "W", "73": "S", "163": "W", "28": "E", "161": "W", "174": "S", "70": "N", "144": "W", "138": "N", "137": "E", "4": "W", "157": "W", "146": "E", "106": "W", "154": "W", "132": "W", "95": "S", "84": "E", "91": "E", "90": "E", "86": "S", "16": "W", "46": "N", "63": "S", "74": "W", "39": "S", "24": "W", "169": "E", "47": "E", "32": "W", "36": "W", "135": "S", "94": "W", "54": "N", "64": "E", "9": "N", "34": "N", "25": "S", "122": "N", "81": "S", "150": "S"}, {"131": "W", "24": "N", "153": "E", "176": "W", "177": "S", "125": "S", "155": "W", "49": "W", "175": "E", "146": "S", "34": "W", "2": "N", "14": "S", "57": "N", "98": "N", "1": "E", "47": "E", "121": "S", "6": "E", "179": "N", "123": "W", "39": "N", "126": "E", "75": "W", "170": "E", "93": "N", "129": "S", "40": "N", "32": "N", "138": "S", "72": "E", "110": "S", "66": "W", "119": "E", "150": "S", "89": "E", "28": "W", "140": "N", "108": "W", "17": "N", "92": "W", "161": "W", "109": "N", "74": "W", "85": "S", "20": "N", "122": "N", "165": "E", "10": "W", "159": "S", "160": "N", "73": "S", "91": "E", "31": "N", "9": "E", "15": "E", "95": "S", "114": "W", "127": "N", "104": "S", "171": "N", "22": "E", "33": "S", "26": "E", "13": "S", "141": "S", "44": "N", "46": "N", "105": "E", "102": "E", "19": "W", "63": "S", "56": "E", "117": "S", "128": "N", "134": "N", "79": "N", "70": "N", "61": "S", "64": "S", "145": "S", "3": "E", "50": "S", "51": "W", "0": "S", "38": "S", "23": "W", "106": "W", "8": "S", "35": "W", "133": "S", "151": "N", "166": "S", "21": "S", "42": "N", "136": "S", "11": "E", "158": "N", "76": "W", "162": "E", "116": "S", "62": "W", "148": "W", "68": "W", "147": "S", "97": "S", "16": "W", "172": "S", "77": "E", "83": "N", "86": "S", "103": "W", "36": "W", "45": "S", "54": "W", "137": "E", "81": "E", "43": "W", "48": "W", "156": "E", "96": "W", "94": "N", "157": "S", "132": "W", "168": "E", "113": "W", "30": "N", "112": "E", "59": "N", "167": "W", "144": "S", "65": "N", "115": "E", "154": "S", "142": "S", "152": "W", "5": "S"}, {"45": "S", "136": "N", "30": "E", "122": "S", "131": "W", "22": "E", "23": "N", "88": "N", "65": "N", "2": "E", "117": "S", "47": "E", "39": "S", "141": "S", "63": "S", "137": "E", "91": "W", "89": "W", "145": "N", "34": "E", "76": "W", "79": "N", "102": "S", "125": "W", "135": "E", "38": "W", "81": "E", "78": "E", "114": "S", "148": "E", "140": "E", "112": "E", "179": "N", "56": "E", "162": "S", "3": "W", "59": "E", "97": "S", "95": "E", "32": "N", "106": "S", "42": "N", "82": "W", "86": "S", "115": "S", "168": "E", "167": "S", "103": "S", "93": "W", "127": "W", "9": "N", "159": "S", "165": "E", "170": "E", "133": "S", "19": "S", "61": "W", "105": "W", "28": "W", "57": "E", "161": "W", "20": "N", "13": "S", "85": "E", "77": "N", "160": "N", "27": "E", "73": "S", "126": "S", "75": "S", "153": "E", "43": "W", "5": "S", "175": "W", "156": "N", "83": "N", "150": "E", "44": "N", "94": "N", "6": "W", "129": "W", "96": "E", "16": "N", "108": "W", "11": "W", "36": "W", "8": "W", "14": "E", "26": "S", "15": "N", "66": "W", "109": "N", "35": "W", "90": "N", "10": "W", "152": "W", "48": "W", "119": "S", "68": "N", "169": "E", "174": "E", "139": "S", "163": "W", "124": "S", "138": "W", "92": "W", "171": "E", "177": "S", "158": "E", "21": "W", "74": "W", "172": "E", "1": "E", "4": "W", "46": "E", "146": "S", "98": "E", "33": "S", "144": "W", "116": "E", "155": "N", "70": "N", "142": "S", "49": "W", "62": "N", "72": "E", "31": "S", "147": "S", "17": "E", "154": "S", "134": "N", "157": "N", "110": "S", "176": "S", "132": "W"}, {"9": "N", "125": "W", "16": "N", "162": "E", "172": "S", "72": "W", "42": "N", "83": "E", "76": "W", "150": "E", "48": "N", "157": "W", "62": "E", "1": "N", "129": "W", "115": "S", "96": "N", "35": "N", "146": "E", "27": "W", "114": "S", "86": "S", "98": "W", "17": "S", "177": "S", "89": "W", "144": "W", "8": "E", "19": "W", "147": "S", "170": "E", "132": "W", "66": "N", "65": "E", "79": "W", "131": "N", "160": "N", "40": "N", "54": "W", "140": "N", "128": "E", "81": "E", "73": "S", "26": "S", "133": "W", "22": "N", "102": "S", "124": "W", "90": "N", "45": "S", "67": "N", "108": "S", "171": "E", "136": "W", "47": "E", "44": "N", "176": "S", "56": "S", "126": "E", "39": "S", "155": "N", "49": "N", "159": "S", "106": "S", "46": "N", "142": "E", "33": "S", "51": "W", "161": "W", "32": "E", "50": "W", "121": "W", "166": "S", "10": "W", "68": "N", "156": "S", "148": "W", "14": "E", "63": "S", "20": "E", "165": "E", "61": "S", "113": "W", "59": "E", "92": "W", "15": "E", "95": "E", "23": "N", "152": "W", "103": "N", "167": "S", "4": "W", "135": "S", "11": "N", "158": "N", "2": "N", "174": "S", "13": "S", "6": "N", "21": "S", "84": "E", "28": "N", "127": "E", "38": "E", "57": "S", "168": "E", "153": "E", "77": "E", "105": "E", "34": "N", "119": "W", "43": "N", "31": "E", "85": "E", "118": "E", "82": "S", "91": "N", "74": "S", "5": "E", "30": "E", "36": "W", "97": "E", "169": "E", "109": "E", "122": "N", "117": "N", "163": "W", "138": "E", "154": "W"}, {"57": "S", "168": "E", "11": "N", "163": "S", "109": "E", "46": "W", "36": "W", "128": "E", "176": "S", "5": "E", "144": "E", "157": "W", "89": "S", "98": "E", "42": "W", "96": "N", "148": "W", "72": "S", "18": "W", "138": "N", "2": "N", "119": "E", "38": "E", "47": "N", "26": "S", "122": "N", "31": "N", "40": "E", "124": "W", "66": "W", "44": "N", "1": "S", "93": "N", "23": "N", "9": "E", "145": "N", "95": "E", "114": "W", "146": "E", "161": "W", "142": "E", "97": "N", "49": "W", "91": "N", "45": "S", "53": "E", "113": "S", "6": "N", "10": "E", "150": "E", "85": "N", "77": "E", "39": "E", "79": "N", "84": "E", "115": "W", "13": "W", "105": "W", "165": "N", "136": "W", "133": "S", "117": "N", "134": "N", "16": "W", "34": "N", "22": "E", "121": "S", "8": "E", "90": "E", "108": "S", "56": "E", "162": "W", "106": "S", "172": "S", "167": "E", "25": "S", "154": "S", "152": "W", "166": "S", "127": "N", "81": "S", "43": "W", "132": "W", "169": "E", "68": "E", "131": "N", "32": "E", "147": "S", "101": "N", "65": "E", "126": "S", "74": "W", "171": "E", "83": "N", "88": "E", "156": "N", "4": "W", "33": "S", "177": "S", "110": "E", "82": "S", "27": "N", "28": "N", "73": "E", "50": "W", "103": "N", "140": "E", "63": "S", "159": "W", "61": "W", "54": "N", "129": "W", "102": "S", "118": "N", "17": "E", "15": "N", "170": "S", "75": "S", "151": "N", "30": "E", "64": "W", "20": "N"}, {"174": "N", "142": "E", "57": "S", "4": "W", "62": "N", "83": "E", "81": "S", "160": "N", "73": "E", "85": "E", "50": "E", "68": "W", "163": "W", "126": "S", "93": "S", "36": "S", "8": "E", "145": "N", "45": "E", "33": "E", "118": "E", "111": "W", "159": "S", "63": "S", "46": "S", "67": "N", "76": "S", "138": "S", "162": "S", "108": "S", "72": "E", "97": "N", "92": "W", "49": "W", "132": "S", "20": "E", "103": "N", "154": "S", "66": "N", "12": "N", "77": "E", "98": "W", "10": "W", "35": "N", "19": "W", "114": "S", "40": "N", "28": "N", "5": "E", "43": "W", "106": "W", "27": "E", "89": "S", "59": "N", "64": "N", "6": "W", "129": "N", "169": "N", "90": "E", "11": "W", "88": "S", "101": "N", "151": "N", "3": "E", "170": "S", "133": "S", "144": "S", "53": "N", "0": "E", "96": "E", "131": "E", "171": "N", "39": "S", "105": "E", "47": "N", "1": "S", "146": "E", "9": "N", "176": "W", "74": "S", "32": "E", "121": "S", "2": "N", "110": "E", "82": "N", "165": "S", "134": "E", "166": "S", "128": "N", "130": "W", "115": "N", "22": "E", "54": "W", "152": "S", "177": "S", "113": "E", "148": "W", "17": "S", "109": "N", "65": "E", "42": "W", "137": "E", "61": "W", "172": "S", "102": "S", "140": "E", "127": "W", "161": "S", "167": "E", "34": "E", "15": "S", "136": "W", "157": "W", "56": "E", "124": "N", "175": "E"}, {"88": "S", "41": "W", "10": "W", "163": "W", "119": "N", "148": "W", "31": "N", "85": "E", "5": "S", "169": "S", "128": "E", "140": "W", "154": "S", "89": "E", "42": "S", "62": "N", "131": "W", "51": "E", "134": "N", "6": "W", "118": "E", "91": "E", "159": "E", "1": "E", "4": "W", "12": "E", "106": "W", "27": "N", "46": "N", "130": "N", "45": "E", "20": "E", "90": "N", "64": "N", "152": "S", "109": "N", "63": "E", "67": "W", "151": "N", "144": "W", "16": "E", "138": "S", "156": "N", "54": "W", "76": "S", "157": "W", "43": "W", "103": "N", "176": "S", "145": "N", "123": "S", "171": "N", "66": "N", "108": "S", "9": "S", "19": "S", "36": "W", "162": "S", "175": "N", "57": "N", "110": "E", "3": "E", "172": "S", "34": "E", "49": "N", "32": "E", "68": "E", "35": "E", "97": "N", "129": "W", "133": "S", "13": "S", "65": "E", "174": "S", "2": "N", "21": "N", "161": "S", "40": "N", "53": "W", "170": "N", "146": "E", "132": "W", "141": "S", "82": "E", "17": "E", "147": "W", "47": "E", "93": "E", "150": "S", "8": "E", "165": "N", "160": "W", "125": "N", "166": "S", "98": "W", "81": "E", "177": "E", "60": "W", "113": "E", "96": "W", "114": "S", "15": "W", "115": "W", "11": "N", "105": "E", "92": "S", "59": "E", "79": "W", "73": "E", "39": "S", "22": "W", "50": "W", "72": "E", "122": "W", "61": "W"}, {"138": "W", "9": "W", "161": "W", "147": "S", "61": "W", "131": "E", "12": "W", "132": "S", "15": "E", "90": "E", "106": "S", "115": "S", "176": "S", "13": "E", "170": "E", "82": "W", "42": "N", "51": "N", "175": "N", "166": "S", "67": "N", "169": "E", "92": "W", "150": "S", "22": "N", "20": "N", "2": "N", "122": "E", "43": "W", "172": "S", "128": "E", "127": "E", "62": "N", "171": "E", "142": "E", "103": "E", "54": "E", "60": "W", "64": "E", "102": "S", "6": "N", "144": "S", "31": "E", "93": "N", "5": "S", "108": "S", "96": "W", "141": "E", "53": "N", "1": "S", "160": "W", "18": "N", "28": "N", "72": "E", "114": "S", "163": "W", "83": "E", "98": "W", "97": "W", "56": "E", "123": "W", "11": "N", "145": "E", "77": "N", "125": "W", "110": "S", "134": "W", "154": "S", "68": "N", "140": "N", "101": "W", "152": "W", "57": "N", "121": "S", "135": "S", "146": "N", "85": "N", "21": "E", "91": "W", "130": "W", "27": "W", "76": "E", "4": "N", "88": "E", "117": "S", "59": "N", "19": "W", "162": "S", "81": "W", "36": "E", "159": "S", "109": "W", "63": "E", "47": "E", "45": "E", "119": "N", "136": "W", "105": "E", "156": "N", "3": "N", "41": "N", "34": "N", "133": "E", "78": "E", "165": "E", "10": "W", "66": "W", "113": "E", "35": "S", "32": "E", "129": "N", "151": "N", "46": "N"}, {"151": "W", "45": "E", "68": "S", "147": "S", "10": "W", "128": "W", "132": "W", "117": "S", "12": "N", "62": "E", "11": "W", "122": "E", "121": "W", "97": "E", "105": "E", "34": "E", "9": "E", "28": "N", "169": "W", "31": "N", "79": "E", "146": "N", "106": "S", "144": "S", "165": "N", "27": "N", "83": "S", "174": "W", "98": "E", "19": "E", "110": "S", "6": "E", "72": "E", "114": "S", "42": "S", "54": "W", "59": "N", "76": "W", "135": "E", "92": "W", "66": "N", "171": "E", "21": "W", "166": "E", "38": "E", "113": "N", "35": "N", "133": "E", "22": "E", "4": "N", "150": "S", "20": "N", "145": "N", "18": "W", "176": "N", "138": "W", "77": "E", "81": "N", "51": "W", "46": "N", "63": "S", "96": "W", "109": "E", "16": "W", "82": "S", "131": "S", "157": "W", "134": "E", "36": "N", "161": "S", "67": "N", "152": "W", "163": "S", "5": "W", "64": "N", "101": "S", "1": "W", "43": "W", "13": "W", "175": "N", "172": "S", "136": "S", "119": "N", "78": "S", "125": "W", "53": "E", "159": "N", "140": "S", "148": "W", "93": "N", "40": "E", "57": "N", "127": "E", "118": "E", "15": "E", "156": "N", "162": "W", "41": "W", "90": "N", "60": "E", "2": "N", "61": "W", "160": "N", "115": "S", "103": "N"}, {"20": "N", "128": "N", "72": "N", "66": "N", "117": "S", "46": "S", "163": "S", "11": "N", "65": "E", "90": "E", "118": "N", "131": "N", "135": "S", "3": "E", "115": "N", "53": "N", "103": "W", "77": "W", "67": "N", "59": "N", "101": "S", "152": "W", "60": "E", "109": "S", "16": "N", "165": "E", "5": "W", "38": "E", "130": "S", "175": "W", "9": "N", "21": "W", "170": "E", "18": "N", "102": "S", "134": "W", "150": "E", "51": "N", "98": "W", "156": "E", "43": "S", "169": "E", "114": "S", "2": "N", "140": "N", "133": "S", "174": "W", "113": "N", "54": "E", "85": "N", "33": "S", "1": "E", "176": "S", "136": "S", "36": "N", "76": "S", "93": "N", "151": "N", "127": "N", "91": "W", "157": "W", "6": "N", "64": "N", "28": "W", "15": "S", "73": "N", "145": "N", "110": "N", "42": "E", "4": "N", "26": "W", "121": "S", "122": "E", "147": "S", "62": "N", "160": "N", "138": "W", "97": "E", "132": "W", "12": "S", "172": "S", "81": "S", "10": "N", "61": "N", "159": "E", "47": "E", "19": "W", "31": "N", "78": "E", "82": "W", "83": "S", "148": "W", "171": "E", "92": "N", "79": "S", "22": "W", "57": "E", "40": "N", "146": "N", "27": "N", "129": "N", "106": "E", "162": "S", "119": "E", "50": "W", "96": "N", "68": "N", "161": "S", "34": "E"}, {"79": "N", "109": "N", "147": "S", "102": "S", "90": "E", "78": "E", "68": "N", "146": "N", "51": "N", "129": "E", "1": "S", "134": "E", "67": "N", "175": "W", "35": "W", "96": "E", "81": "E", "152": "W", "20": "E", "18": "N", "82": "E", "27": "N", "106": "E", "36": "W", "97": "W", "73": "E", "83": "E", "2": "W", "92": "S", "151": "W", "5": "S", "160": "N", "47": "N", "121": "S", "148": "S", "150": "N", "91": "N", "117": "E", "114": "S", "62": "E", "172": "S", "40": "N", "174": "S", "159": "E", "115": "N", "43": "S", "28": "N", "93": "N", "72": "S", "31": "E", "122": "E", "63": "W", "6": "N", "60": "N", "113": "N", "165": "E", "19": "W", "12": "N", "34": "N", "145": "E", "161": "E", "127": "N", "132": "W", "57": "W", "170": "N", "131": "N", "50": "E", "85": "N", "53": "N", "11": "N", "101": "W", "46": "N", "42": "S", "54": "W", "110": "W", "103": "N", "64": "W", "171": "E", "176": "E", "169": "S", "45": "E", "26": "S", "22": "S", "119": "E", "59": "W", "16": "N", "76": "E", "136": "W", "156": "E", "118": "N", "135": "S", "3": "N", "128": "E", "77": "N", "138": "W", "130": "W", "9": "S", "140": "S", "15": "E"}, {"42": "W", "133": "E", "85": "E", "51": "N", "131": "E", "130": "W", "160": "N", "92": "S", "176": "N", "113": "S", "60": "W", "79": "E", "121": "S", "150": "S", "159": "E", "109": "E", "6": "E", "136": "E", "76": "E", "129": "N", "132": "W", "3": "N", "57": "W", "152": "W", "147": "E", "35": "S", "103": "S", "50": "W", "140": "N", "19": "W", "12": "S", "40": "E", "171": "S", "170": "E", "62": "E", "117": "E", "114": "S", "172": "E", "72": "E", "1": "S", "122": "N", "9": "W", "20": "E", "54": "E", "115": "N", "73": "W", "28": "N", "22": "N", "59": "E", "96": "N", "16": "N", "138": "W", "101": "W", "128": "W", "83": "E", "175": "W", "31": "N", "65": "E", "98": "N", "27": "W", "67": "E", "18": "S", "146": "N", "82": "W", "26": "S", "165": "E", "110": "E", "118": "N", "64": "E", "105": "W", "90": "N", "53": "W", "151": "N", "36": "W", "34": "N", "15": "E", "97": "E", "81": "E", "169": "N", "11": "E", "145": "E", "161": "S", "2": "N", "93": "N", "47": "N", "119": "E"}, {"109": "S", "3": "E", "6": "E", "165": "N", "78": "E", "19": "W", "96": "W", "65": "W", "16": "N", "128": "E", "159": "E", "38": "N", "132": "W", "83": "E", "82": "W", "135": "W", "110": "S", "169": "W", "51": "N", "138": "W", "18": "S", "130": "W", "147": "E", "175": "W", "133": "E", "20": "E", "76": "S", "64": "E", "79": "N", "53": "N", "15": "W", "72": "E", "57": "W", "113": "N", "114": "E", "92": "N", "174": "S", "62": "E", "170": "E", "59": "N", "63": "S", "2": "N", "40": "E", "93": "W", "81": "N", "42": "S", "150": "W", "119": "N", "26": "E", "105": "E", "131": "N", "35": "W", "50": "E", "146": "N", "103": "S", "145": "E", "162": "E", "136": "E", "161": "N", "28": "N", "97": "E", "98": "E", "46": "N", "121": "E", "156": "E", "151": "W", "31": "S", "12": "E", "91": "S", "118": "N", "34": "N", "22": "N", "140": "N", "160": "N", "101": "E", "27": "S", "117": "E", "115": "E", "47": "S", "134": "E", "1": "E", "9": "W", "54": "N", "85": "N", "36": "W", "122": "S", "127": "W", "176": "N"}, {"97": "S", "160": "N", "133": "E", "20": "N", "40": "N", "88": "E", "161": "E", "103": "S", "132": "S", "151": "N", "118": "N", "92": "N", "50": "E", "135": "S", "16": "N", "27": "N", "134": "E", "170": "E", "54": "N", "2": "N", "34": "N", "109": "E", "15": "N", "21": "W", "59": "W", "115": "E", "68": "N", "105": "E", "117": "E", "131": "N", "114": "E", "82": "N", "176": "N", "127": "W", "165": "N", "96": "W", "98": "W", "64": "N", "22": "E", "36": "N", "113": "N", "136": "S", "169": "E", "110": "E", "121": "W", "83": "E", "57": "W", "145": "E", "47": "S", "175": "N", "119": "E", "3": "N", "19": "W", "122": "N", "147": "E", "90": "S", "174": "S", "128": "S", "9": "E", "31": "S", "42": "E", "171": "E", "156": "W", "150": "N", "81": "E", "38": "N", "85": "W", "65": "N", "129": "W", "26": "S", "53": "N", "63": "E", "1": "W", "138": "W", "152": "W", "93": "N", "91": "W", "77": "E", "35": "E", "101": "N", "159": "E", "146": "N", "66": "N", "46": "E", "72": "E"}, {"64": "N", "138": "W", "165": "N", "105": "N", "113": "E", "109": "E", "101": "E", "115": "W", "128": "N", "47": "E", "122": "N", "3": "E", "19": "E", "103": "E", "171": "E", "81": "E", "176": "N", "159": "E", "79": "N", "118": "N", "134": "S", "152": "W", "38": "E", "46": "E", "18": "E", "127": "W", "98": "W", "27": "N", "117": "S", "162": "S", "26": "S", "85": "N", "41": "S", "31": "W", "15": "E", "93": "N", "50": "N", "150": "E", "76": "S", "119": "N", "54": "E", "21": "E", "132": "S", "77": "N", "28": "E", "110": "E", "92": "E", "174": "N", "20": "N", "13": "S", "147": "E", "91": "E", "136": "E", "22": "E", "169": "S", "68": "W", "72": "S", "156": "E", "66": "N", "42": "E", "145": "W", "6": "N", "2": "S", "88": "E", "151": "N", "53": "E", "90": "E", "175": "N", "65": "W", "1": "W", "34": "E", "96": "N", "97": "E", "121": "W", "170": "E", "40": "E", "16": "W", "133": "E", "131": "N", "135": "S", "9": "E", "161": "E", "146": "E", "57": "E", "35": "W", "73": "N", "129": "W", "160": "N"}, {"98": "N", "161": "S", "40": "E", "46": "N", "147": "E", "3": "N", "170": "E", "117": "S", "119": "N", "59": "N", "96": "N", "81": "E", "68": "S", "151": "N", "21": "E", "28": "N", "82": "W", "77": "E", "26": "E", "171": "N", "146": "E", "176": "W", "27": "N", "130": "S", "156": "W", "103": "N", "65": "E", "15": "E", "53": "E", "12": "W", "152": "S", "16": "N", "136": "S", "174": "S", "76": "S", "131": "N", "92": "N", "134": "N", "160": "N", "42": "W", "122": "E", "41": "E", "105": "N", "159": "E", "169": "S", "118": "W", "54": "N", "66": "S", "93": "N", "47": "E", "101": "S", "162": "N", "97": "E", "6": "N", "9": "N", "35": "N", "165": "E", "145": "E", "20": "N", "19": "W", "34": "N", "83": "N", "150": "S", "38": "W", "88": "E", "140": "N", "91": "W", "1": "N", "138": "N", "72": "S", "2": "E", "175": "W", "115": "N", "73": "S", "31": "E", "64": "S", "18": "W", "128": "W", "110": "S", "132": "S", "90": "E", "127": "N", "109": "S", "121": "E", "79": "N", "113": "E", "22": "N"}, {"64": "E", "131": "W", "31": "N", "132": "S", "57": "N", "93": "N", "115": "N", "134": "W", "65": "N", "63": "W", "152": "S", "66": "W", "110": "S", "79": "S", "117": "E", "128": "N", "2": "N", "18": "S", "105": "W", "42": "N", "59": "E", "165": "E", "41": "N", "103": "N", "151": "N", "109": "N", "77": "N", "54": "W", "90": "N", "175": "N", "161": "W", "119": "E", "150": "S", "92": "E", "101": "N", "76": "S", "38": "S", "1": "E", "160": "N", "3": "N", "97": "N", "35": "N", "171": "E", "13": "S", "96": "E", "68": "W", "22": "E", "156": "N", "135": "E", "60": "N", "15": "W", "72": "N", "121": "W", "122": "S", "46": "N", "34": "E", "6": "W", "174": "S", "146": "N", "118": "W", "129": "N", "170": "E", "140": "W", "53": "E", "19": "W", "176": "E", "127": "E", "28": "N", "145": "S", "88": "W", "85": "E", "113": "W", "98": "N", "12": "N", "16": "N", "20": "E", "159": "S", "21": "E", "27": "E", "82": "W", "169": "S", "147": "E", "9": "E", "26": "E", "91": "N", "83": "E", "73": "N", "136": "E", "47": "N"}, {"28": "N", "165": "E", "122": "S", "113": "W", "170": "E", "40": "N", "60": "N", "42": "E", "19": "N", "109": "N", "101": "N", "66": "S", "72": "E", "162": "S", "118": "W", "97": "E", "92": "S", "93": "N", "46": "N", "3": "N", "31": "S", "91": "S", "134": "N", "151": "N", "64": "N", "57": "E", "90": "N", "129": "N", "9": "E", "96": "N", "76": "E", "82": "S", "147": "E", "6": "N", "68": "N", "2": "W", "160": "N", "16": "N", "176": "S", "121": "S", "98": "E", "127": "E", "152": "W", "156": "N", "54": "E", "77": "E", "146": "N", "83": "E", "115": "E", "15": "E", "175": "W", "27": "E", "131": "N", "79": "N", "50": "S", "103": "E", "35": "N", "159": "N", "85": "N", "110": "E", "59": "N", "145": "E", "150": "S", "169": "S", "21": "N", "128": "N", "34": "E", "41": "W", "53": "N", "105": "N", "26": "N", "18": "W", "65": "S", "47": "E", "20": "E", "12": "S", "38": "S", "136": "S", "1": "E", "117": "E", "63": "W", "171": "E", "140": "N", "119": "N"}, {"156": "E", "136": "S", "64": "N", "15": "S", "6": "N", "72": "N", "109": "S", "135": "W", "162": "S", "134": "N", "27": "E", "119": "N", "131": "N", "40": "N", "152": "W", "85": "N", "1": "E", "46": "E", "113": "W", "90": "N", "92": "S", "97": "E", "20": "S", "21": "E", "57": "E", "28": "E", "175": "N", "161": "W", "79": "E", "63": "S", "127": "E", "18": "S", "31": "N", "103": "E", "159": "S", "118": "S", "129": "N", "42": "N", "174": "S", "146": "E", "96": "N", "110": "E", "160": "N", "93": "N", "59": "N", "19": "N", "26": "E", "77": "N", "145": "E", "53": "E", "170": "E", "9": "N", "151": "N", "50": "N", "2": "W", "68": "N", "16": "N", "122": "E", "60": "W", "82": "N", "34": "E", "150": "W", "117": "N", "88": "S", "12": "N", "121": "S", "3": "E", "176": "N", "73": "E", "54": "E", "115": "E", "171": "E", "101": "S", "38": "N", "22": "N", "47": "E", "165": "E", "83": "S", "65": "N", "98": "N", "169": "S", "128": "W", "147": "E"}, {"38": "S", "47": "W", "105": "E", "162": "W", "88": "S", "68": "E", "65": "S", "16": "E", "175": "N", "83": "E", "171": "N", "34": "E", "22": "E", "73": "S", "82": "W", "3": "N", "20": "E", "2": "W", "103": "N", "96": "N", "91": "S", "50": "S", "66": "E", "57": "W", "64": "S", "72": "N", "121": "E", "21": "S", "174": "S", "85": "E", "170": "E", "146": "N", "159": "E", "145": "N", "15": "N", "131": "N", "42": "N", "18": "N", "77": "E", "117": "N", "93": "N", "109": "E", "127": "N", "63": "S", "134": "E", "122": "W", "27": "E", "46": "E", "90": "E", "26": "W", "151": "N", "98": "E", "53": "S", "160": "E", "136": "E", "176": "S", "79": "E", "161": "S", "6": "N", "169": "S", "54": "N", "110": "E", "119": "N", "140": "S", "152": "W", "156": "E", "9": "E", "92": "S", "19": "N", "40": "N", "113": "E", "59": "W", "128": "S", "165": "E", "28": "N", "97": "E"}, {"127": "E", "31": "E", "131": "E", "63": "S", "38": "N", "160": "E", "152": "W", "109": "E", "16": "N", "92": "S", "175": "W", "26": "S", "156": "E", "15": "E", "64": "E", "161": "S", "1": "W", "27": "E", "82": "W", "59": "E", "50": "W", "22": "E", "121": "E", "119": "N", "66": "N", "101": "E", "93": "E", "165": "E", "91": "S", "19": "N", "9": "E", "135": "W", "122": "N", "162": "S", "134": "N", "146": "N", "65": "E", "115": "N", "97": "E", "96": "N", "83": "E", "169": "S", "105": "E", "42": "N", "20": "S", "46": "E", "40": "E", "54": "E", "171": "N", "85": "E", "41": "N", "103": "N", "98": "W", "113": "E", "136": "E", "3": "E", "159": "E", "117": "N", "90": "E", "88": "S", "77": "E", "79": "E", "174": "E", "21": "E", "53": "E", "73": "S", "128": "E", "147": "E", "12": "E", "110": "N", "18": "E", "57": "N", "176": "E", "151": "N", "47": "E", "150": "S", "34": "E", "28": "N", "72": "N", "2": "N"}, {"79": "E", "122": "S", "150": "S", "53": "E", "68": "N", "59": "N", "2": "N", "152": "W", "50": "W", "115": "N", "105": "E", "119": "N", "175": "W", "18": "E", "169": "E", "21": "E", "64": "E", "93": "N", "174": "E", "27": "E", "161": "S", "47": "E", "9": "E", "101": "W", "131": "N", "109": "N", "136": "E", "73": "W", "42": "N", "91": "E", "46": "N", "3": "S", "82": "W", "22": "N", "171": "E", "83": "N", "146": "N", "19": "S", "159": "S", "98": "W", "135": "S", "121": "S", "6": "N", "54": "W", "176": "N", "72": "E", "88": "S", "16": "N", "66": "N", "34": "E", "90": "E", "40": "E", "162": "S", "96": "E", "12": "S", "77": "E", "85": "N", "127": "E", "15": "S", "110": "N", "160": "E", "38": "S", "113": "E", "134": "N", "97": "E", "117": "E", "156": "N", "128": "S", "65": "W", "26": "N", "41": "N", "92": "S", "57": "S", "165": "E", "20": "E", "28": "N"}, {"140": "E", "113": "E", "128": "S", "72": "N", "150": "S", "65": "W", "79": "W", "171": "E", "21": "W", "156": "E", "27": "E", "22": "N", "40": "N", "82": "N", "88": "E", "19": "N", "16": "W", "34": "N", "119": "W", "176": "S", "162": "S", "12": "E", "54": "W", "66": "N", "1": "S", "3": "E", "42": "E", "134": "N", "91": "W", "57": "W", "53": "E", "68": "N", "105": "N", "160": "N", "122": "N", "90": "E", "15": "S", "159": "S", "109": "N", "26": "S", "117": "E", "161": "W", "127": "N", "85": "E", "77": "E", "2": "W", "98": "N", "50": "W", "136": "N", "64": "E", "93": "N", "6": "W", "165": "E", "103": "N", "47": "W", "46": "S", "152": "S", "174": "S", "96": "N", "73": "E", "175": "N", "115": "N", "31": "N", "131": "S", "135": "W", "28": "N", "18": "N", "146": "N", "110": "E", "101": "S", "59": "N", "121": "E", "9": "S", "20": "S"}, {"171": "S", "12": "E", "46": "E", "72": "W", "2": "N", "1": "W", "47": "W", "92": "W", "119": "N", "15": "N", "57": "W", "82": "W", "22": "W", "174": "S", "147": "E", "26": "S", "3": "N", "176": "E", "20": "E", "38": "W", "96": "N", "98": "N", "117": "E", "31": "E", "103": "N", "18": "W", "85": "E", "54": "W", "40": "E", "16": "N", "159": "E", "110": "E", "156": "S", "146": "E", "160": "N", "109": "E", "165": "E", "135": "W", "90": "S", "128": "E", "66": "N", "59": "E", "161": "E", "41": "W", "64": "N", "150": "S", "122": "N", "34": "S", "131": "N", "6": "N", "152": "S", "79": "N", "42": "N", "21": "W", "113": "N", "93": "N", "19": "N", "65": "S", "175": "W", "140": "E", "136": "N", "91": "E", "68": "N", "162": "S", "121": "E", "115": "E", "28": "N", "50": "N", "73": "S", "105": "N", "134": "N", "53": "S", "101": "W", "77": "E", "127": "E", "27": "E", "9": "E"}, {"68": "N", "82": "W", "115": "E", "2": "N", "34": "N", "105": "N", "72": "E", "175": "N", "15": "N", "54": "N", "98": "W", "169": "E", "176": "S", "103": "E", "136": "N", "21": "W", "113": "W", "152": "S", "85": "S", "20": "S", "109": "E", "22": "E", "119": "N", "101": "W", "131": "N", "127": "E", "156": "E", "146": "N", "42": "W", "91": "W", "6": "E", "117": "E", "160": "N", "83": "E", "150": "S", "12": "W", "147": "E", "59": "E", "162": "S", "3": "N", "73": "E", "159": "E", "90": "E", "174": "S", "161": "S", "9": "E", "135": "E", "27": "S", "93": "N", "16": "N", "140": "N", "26": "E", "122": "E", "96": "E", "1": "S", "77": "S", "50": "E", "57": "E", "171": "E", "64": "E", "128": "W", "31": "N", "134": "E", "110": "E", "53": "E", "92": "W", "46": "E", "66": "N", "47": "N", "79": "S", "165": "E", "18": "S", "38": "N", "40": "E"}, {"12": "S", "1": "W", "83": "N", "28": "N", "160": "E", "27": "N", "16": "N", "136": "N", "98": "N", "20": "S", "175": "W", "54": "E", "72": "N", "113": "N", "110": "E", "65": "W", "68": "N", "176": "N", "92": "W", "93": "N", "135": "S", "47": "W", "3": "E", "122": "S", "115": "N", "162": "S", "40": "S", "156": "E", "9": "N", "38": "W", "147": "E", "82": "N", "22": "N", "119": "E", "121": "E", "21": "W", "171": "S", "18": "W", "131": "W", "150": "S", "127": "E", "73": "E", "159": "E", "109": "N", "146": "E", "2": "N", "53": "E", "152": "W", "161": "S", "42": "W", "174": "S", "6": "E", "90": "S", "96": "E", "140": "N", "117": "N", "50": "N", "134": "N", "15": "N", "31": "N", "165": "E", "91": "E", "101": "S", "57": "S", "34": "E", "64": "S", "46": "E", "59": "E", "128": "E", "19": "N", "79": "N", "77": "N"}, {"92": "N", "22": "E", "57": "S", "175": "W", "171": "E", "174": "S", "65": "N", "47": "N", "176": "W", "38": "E", "16": "W", "64": "N", "156": "W", "117": "N", "18": "S", "79": "N", "119": "W", "136": "N", "109": "W", "2": "N", "1": "S", "20": "S", "134": "N", "103": "N", "162": "S", "121": "N", "135": "W", "152": "S", "40": "N", "160": "E", "131": "E", "128": "N", "127": "W", "46": "W", "34": "E", "165": "E", "9": "N", "113": "S", "72": "E", "83": "E", "73": "N", "21": "W", "150": "E", "50": "N", "31": "E", "68": "W", "85": "S", "53": "N", "115": "N", "147": "E", "15": "E", "93": "N", "110": "N", "159": "E", "19": "N", "82": "N", "98": "N", "105": "E", "146": "E", "140": "N", "54": "W", "96": "E", "27": "E", "101": "S", "90": "S", "42": "E", "12": "E", "77": "E", "122": "N", "66": "E"}, {"110": "N", "90": "E", "171": "E", "115": "S", "85": "W", "101": "S", "19": "N", "22": "N", "77": "N", "46": "E", "117": "E", "18": "W", "66": "N", "38": "E", "31": "S", "150": "E", "1": "W", "96": "S", "64": "S", "147": "E", "82": "W", "109": "E", "159": "S", "93": "E", "162": "S", "176": "W", "15": "E", "136": "E", "174": "E", "34": "E", "72": "N", "146": "E", "16": "N", "113": "N", "83": "S", "127": "N", "59": "E", "140": "E", "79": "E", "40": "E", "122": "E", "156": "N", "9": "E", "68": "S", "20": "E", "73": "E", "98": "E", "21": "W", "47": "E", "103": "N", "65": "S", "105": "N", "131": "E", "50": "W", "54": "W", "119": "E", "2": "N", "121": "E", "152": "S", "42": "N", "160": "N", "91": "E", "27": "E", "3": "N", "53": "E", "12": "W", "175": "W"}, {"152": "S", "79": "E", "109": "N", "2": "N", "83": "S", "159": "S", "34": "S", "38": "N", "134": "E", "162": "S", "21": "S", "40": "E", "117": "E", "128": "E", "136": "E", "103": "N", "115": "N", "19": "N", "68": "N", "66": "E", "96": "E", "146": "E", "113": "E", "46": "E", "15": "N", "53": "E", "9": "E", "122": "E", "72": "E", "27": "W", "59": "W", "16": "N", "31": "E", "101": "S", "105": "N", "91": "S", "73": "N", "50": "N", "127": "E", "110": "E", "119": "N", "20": "E", "57": "N", "174": "E", "160": "E", "175": "N", "147": "E", "1": "S", "131": "N", "90": "E", "77": "S", "85": "E", "150": "E", "65": "N", "82": "N", "22": "E", "93": "E", "12": "S", "47": "W", "54": "W", "42": "W", "3": "N", "171": "E", "92": "N", "140": "S", "156": "E", "176": "E", "18": "S"}, {"82": "N", "136": "N", "140": "S", "176": "N", "90": "E", "59": "N", "131": "S", "34": "S", "18": "S", "103": "E", "174": "E", "101": "E", "156": "S", "85": "E", "54": "N", "96": "E", "22": "N", "47": "W", "12": "W", "134": "E", "53": "E", "19": "N", "77": "E", "15": "E", "91": "W", "73": "N", "119": "E", "122": "E", "21": "S", "93": "E", "46": "E", "146": "E", "79": "W", "9": "E", "113": "W", "109": "W", "105": "S", "3": "E", "175": "N", "159": "E", "20": "S", "68": "S", "38": "E", "57": "E", "83": "E", "152": "S", "65": "S", "42": "W", "72": "W", "31": "N", "150": "E", "2": "N", "160": "E", "135": "E", "16": "E", "50": "E", "40": "S", "162": "S", "27": "E", "1": "S"}, {"85": "S", "34": "N", "152": "S", "135": "S", "54": "N", "68": "W", "21": "S", "146": "E", "109": "W", "27": "S", "113": "N", "20": "S", "18": "W", "136": "E", "12": "W", "127": "N", "162": "S", "90": "S", "6": "N", "65": "S", "47": "S", "156": "E", "79": "E", "40": "E", "83": "S", "42": "E", "150": "E", "96": "E", "50": "N", "16": "N", "92": "S", "115": "E", "57": "W", "160": "E", "103": "E", "122": "E", "128": "S", "73": "E", "77": "E", "3": "E", "31": "N", "140": "N", "176": "S", "19": "E", "22": "E", "2": "N", "105": "N", "59": "N", "159": "E", "82": "N", "38": "E", "175": "W", "134": "E", "53": "E", "64": "E", "174": "E", "91": "E", "9": "E", "46": "N", "119": "N", "72": "S", "1": "W", "131": "N"}, {"22": "N", "16": "N", "82": "N", "50": "W", "122": "E", "156": "E", "20": "S", "68": "N", "131": "N", "159": "E", "2": "N", "27": "N", "109": "S", "59": "W", "12": "W", "47": "N", "174": "E", "38": "N", "65": "S", "90": "E", "53": "E", "175": "W", "162": "E", "40": "E", "105": "E", "15": "W", "136": "E", "64": "N", "146": "E", "140": "N", "34": "E", "79": "N", "96": "E", "103": "N", "115": "S", "128": "E", "19": "N", "127": "E", "113": "N", "92": "W", "31": "E", "54": "E", "150": "S", "72": "N", "9": "E", "101": "E", "77": "E", "3": "E", "57": "S", "1": "S", "46": "N", "85": "E", "176": "S", "18": "W", "42": "W", "152": "S", "83": "E", "73": "E", "160": "E", "21": "S", "135": "W", "119": "N"}, {"15": "E", "159": "N", "16": "E", "122": "E", "140": "E", "96": "E", "57": "E", "22": "E", "85": "E", "1": "S", "146": "S", "19": "N", "73": "N", "176": "N", "12": "S", "79": "N", "103": "E", "105": "W", "3": "E", "46": "E", "90": "E", "38": "E", "115": "E", "68": "W", "18": "W", "47": "N", "77": "N", "9": "N", "131": "N", "92": "N", "150": "N", "109": "N", "119": "W", "101": "E", "175": "N", "65": "S", "72": "S", "2": "N", "21": "E", "42": "N", "31": "E", "64": "N", "128": "E", "127": "N", "152": "S", "34": "E", "50": "N", "59": "N", "160": "E", "135": "S", "136": "E", "134": "E", "27": "E", "54": "N", "53": "E"}, {"16": "E", "9": "E", "92": "N", "134": "E", "176": "N", "53": "E", "109": "S", "96": "E", "22": "N", "68": "N", "103": "E", "79": "N", "159": "E", "50": "E", "65": "W", "31": "S", "19": "N", "77": "S", "101": "N", "113": "N", "72": "W", "175": "N", "2": "W", "146": "E", "119": "N", "57": "W", "64": "S", "47": "W", "85": "N", "27": "E", "46": "S", "15": "N", "156": "E", "127": "E", "152": "S", "115": "E", "12": "S", "122": "W", "73": "E", "59": "E", "91": "E", "140": "E", "150": "E", "54": "N", "128": "N", "3": "E", "160": "E", "34": "E", "18": "E", "82": "N", "136": "E", "21": "E", "131": "S", "135": "E"}, {"152": "S", "34": "N", "91": "S", "65": "S", "77": "N", "127": "E", "146": "E", "3": "E", "96": "N", "53": "N", "160": "E", "156": "E", "79": "N", "103": "E", "12": "S", "115": "W", "134": "E", "73": "E", "105": "N", "175": "N", "9": "S", "122": "S", "57": "S", "119": "W", "113": "W", "50": "N", "92": "N", "21": "N", "140": "N", "46": "N", "42": "S", "128": "S", "176": "S", "54": "E", "159": "N", "68": "W", "109": "N", "16": "E", "47": "N", "1": "E", "101": "E", "136": "E", "38": "E", "59": "E", "31": "E", "2": "N", "18": "S", "64": "E", "135": "S", "22": "S", "27": "E", "85": "E", "72": "N", "131": "W", "150": "E"}, {"50": "N", "59": "N", "46": "S", "73": "E", "159": "N", "92": "N", "9": "N", "91": "N", "64": "E", "31": "E", "3": "E", "105": "N", "128": "E", "146": "N", "135": "N", "57": "S", "122": "N", "12": "S", "42": "N", "150": "S", "16": "N", "2": "N", "85": "E", "27": "E", "115": "N", "101": "N", "53": "E", "65": "W", "21": "E", "136": "E", "77": "S", "19": "W", "34": "E", "1": "E", "103": "N", "72": "N", "22": "W", "152": "S", "131": "N", "176": "S", "54": "E", "109": "W", "47": "N", "134": "S", "38": "S", "68": "E", "113": "N", "79": "N", "160": "E", "96": "E", "127": "E"}, {"105": "N", "122": "S", "47": "S", "160": "E", "91": "N", "27": "E", "22": "N", "134": "E", "3": "E", "152": "S", "34": "E", "85": "W", "59": "E", "131": "N", "115": "E", "96": "E", "68": "N", "54": "E", "12": "N", "92": "N", "135": "N", "65": "S", "46": "N", "146": "E", "18": "E", "9": "N", "103": "E", "57": "N", "136": "E", "113": "W", "16": "N", "101": "N", "77": "E", "127": "E", "50": "N", "53": "E", "31": "E", "1": "E", "38": "S", "128": "W", "72": "N", "159": "N", "119": "N", "42": "N", "109": "E", "79": "N", "150": "E", "15": "E", "176": "W", "73": "E"}, {"115": "W", "152": "S", "1": "N", "140": "E", "131": "E", "79": "N", "105": "W", "38": "S", "85": "W", "92": "N", "119": "N", "159": "N", "146": "E", "122": "S", "113": "W", "65": "E", "9": "E", "46": "S", "47": "S", "50": "N", "77": "S", "59": "E", "57": "E", "128": "S", "103": "E", "96": "E", "160": "E", "64": "E", "18": "S", "135": "E", "22": "E", "150": "E", "12": "N", "68": "N", "82": "N", "31": "S", "72": "N", "34": "S", "127": "E", "54": "N", "101": "S", "134": "E", "15": "E", "42": "W", "176": "S", "91": "E", "27": "E", "2": "N", "53": "S", "3": "E", "16": "N", "109": "N"}, {"146": "E", "68": "S", "176": "W", "127": "E", "91": "E", "22": "E", "128": "S", "131": "W", "122": "E", "134": "S", "2": "E", "105": "N", "50": "N", "72": "E", "19": "N", "54": "N", "27": "S", "103": "E", "65": "E", "101": "E", "152": "S", "96": "E", "46": "S", "47": "N", "92": "E", "85": "E", "79": "N", "53": "E", "159": "E", "150": "N", "34": "E", "42": "W", "31": "S", "59": "E", "15": "E", "12": "E", "64": "S", "82": "N", "135": "E", "77": "E", "109": "E", "16": "N", "57": "S", "115": "W", "113": "E", "119": "W", "38": "W", "1": "E"}, {"134": "S", "34": "E", "16": "N", "46": "E", "135": "E", "15": "N", "109": "E", "77": "E", "152": "S", "31": "S", "131": "N", "85": "W", "42": "N", "127": "E", "105": "W", "9": "N", "27": "N", "47": "S", "79": "N", "96": "E", "115": "E", "50": "E", "103": "E", "54": "E", "53": "E", "119": "W", "91": "E", "12": "S", "65": "E", "150": "E", "64": "E", "57": "E", "72": "E", "1": "E", "122": "N", "82": "N", "128": "E", "68": "N", "146": "E", "59": "E", "101": "E", "113": "E", "176": "W", "140": "S", "92": "E", "22": "E"}, {"53": "E", "135": "N", "109": "E", "103": "E", "131": "W", "92": "N", "146": "E", "22": "E", "47": "S", "85": "E", "64": "E", "91": "E", "54": "N", "77": "W", "127": "E", "134": "S", "12": "E", "27": "E", "101": "S", "176": "N", "82": "N", "65": "W", "79": "N", "16": "E", "140": "E", "72": "N", "96": "E", "9": "E", "119": "W", "1": "S", "31": "S", "68": "N", "42": "S", "57": "E", "150": "E", "46": "E", "34": "S", "152": "S", "113": "S", "122": "E", "105": "N", "15": "E"}, {"27": "E", "109": "W", "127": "E", "47": "E", "82": "E", "18": "S", "1": "E", "34": "S", "15": "E", "103": "E", "91": "E", "72": "E", "119": "N", "16": "E", "9": "E", "92": "N", "77": "E", "12": "S", "101": "E", "85": "W", "146": "E", "59": "E", "64": "E", "150": "E", "31": "S", "176": "W", "134": "E", "96": "E", "68": "N", "115": "E", "57": "S", "53": "N", "131": "N", "54": "N", "122": "E", "22": "N", "79": "N", "65": "E", "113": "S", "105": "W"}, {"85": "S", "57": "S", "50": "E", "122": "E", "92": "N", "127": "E", "109": "W", "54": "N", "150": "E", "22": "N", "16": "E", "9": "W", "131": "N", "77": "N", "79": "N", "96": "E", "68": "N", "15": "S", "134": "W", "91": "W", "176": "S", "1": "E", "115": "N", "72": "N", "140": "E", "12": "S", "103": "N", "18": "S", "101": "E", "53": "E", "31": "E", "64": "W", "65": "W", "47": "N", "34": "E", "105": "N", "119": "N", "113": "W", "42": "N"}, {"127": "S", "57": "E", "85": "N", "47": "N", "113": "S", "54": "N", "59": "E", "77": "N", "140": "N", "101": "N", "72": "N", "64": "E", "115": "N", "68": "E", "131": "N", "12": "E", "65": "W", "34": "S", "1": "N", "22": "S", "46": "E", "103": "E", "31": "E", "109": "W", "42": "N", "79": "N", "18": "E", "53": "N", "9": "E", "119": "N", "15": "S", "96": "E", "134": "W", "122": "N", "105": "N", "176": "E", "91": "W", "150": "E"}, {"91": "W", "85": "N", "79": "N", "68": "E", "54": "E", "103": "N", "122": "N", "59": "E", "77": "E", "119": "N", "113": "W", "72": "W", "150": "E", "65": "S", "64": "S", "131": "N", "50": "N", "109": "N", "46": "S", "115": "E", "57": "E", "34": "S", "22": "E", "42": "E", "18": "S", "134": "E", "1": "E", "140": "S", "31": "S", "15": "S", "47": "W", "12": "S", "101": "N", "9": "E", "127": "E", "105": "N"}, {"150": "E", "15": "N", "103": "S", "115": "E", "122": "S", "47": "N", "109": "W", "57": "N", "113": "W", "176": "W", "59": "E", "77": "E", "65": "S", "68": "E", "127": "E", "101": "N", "96": "S", "9": "N", "131": "E", "31": "S", "54": "E", "46": "N", "85": "S", "53": "E", "134": "E", "72": "E", "34": "S", "105": "N", "1": "N", "12": "S", "140": "E", "22": "N", "18": "E", "64": "E"}, {"72": "E", "91": "W", "122": "E", "31": "W", "53": "E", "42": "N", "68": "E", "127": "S", "15": "N", "101": "E", "12": "E", "105": "W", "64": "E", "77": "S", "59": "E", "134": "W", "131": "E", "150": "E", "96": "N", "113": "S", "140": "W", "54": "N", "18": "E", "103": "N", "47": "E", "115": "E", "176": "E", "109": "N", "119": "N", "1": "N", "57": "E", "65": "E", "34": "E", "22": "S", "9": "S"}, {"22": "S", "91": "E", "15": "N", "59": "E", "18": "E", "77": "E", "72": "W", "54": "N", "105": "N", "134": "E", "9": "N", "47": "E", "65": "S", "103": "S", "1": "N", "68": "N", "64": "E", "127": "S", "96": "S", "131": "N", "150": "E", "53": "S", "140": "E", "109": "N", "115": "E", "119": "W", "42": "N", "122": "W", "57": "N", "46": "E", "113": "W", "12": "E", "176": "W"}, {"72": "E", "91": "E", "42": "N", "176": "W", "9": "E", "59": "E", "22": "E", "105": "W", "109": "W", "15": "E", "140": "E", "127": "E", "122": "E", "113": "W", "54": "N", "12": "E", "1": "N", "115": "E", "46": "E", "65": "N", "47": "W", "77": "S", "57": "N", "53": "S", "134": "E", "96": "E", "68": "N", "119": "N", "85": "S", "131": "N", "103": "E", "64": "N", "18": "N"}, {"109": "N", "65": "N", "9": "E", "68": "E", "47": "S", "140": "E", "176": "S", "115": "N", "1": "E", "96": "N", "18": "N", "119": "N", "91": "S", "54": "W", "105": "W", "12": "N", "103": "E", "64": "E", "122": "E", "59": "E", "42": "N", "53": "E", "57": "E", "22": "E", "85": "N", "72": "E", "46": "E", "77": "E", "134": "S"}, {"115": "N", "122": "S", "42": "N", "103": "E", "85": "N", "72": "N", "57": "E", "113": "W", "1": "E", "18": "N", "68": "N", "22": "E", "134": "E", "140": "S", "59": "N", "54": "W", "105": "W", "53": "E", "65": "S", "91": "W", "12": "E", "9": "S", "47": "N", "96": "E", "109": "N", "176": "S", "77": "S"}, {"65": "S", "122": "N", "113": "W", "15": "N", "134": "E", "109": "N", "96": "E", "140": "S", "42": "N", "91": "S", "9": "E", "12": "N", "68": "N", "53": "S", "22": "S", "1": "E", "105": "W", "72": "N", "103": "S", "85": "N", "59": "E", "18": "W", "176": "S", "54": "N", "47": "E", "57": "E", "46": "E"}, {"47": "E", "176": "S", "140": "W", "91": "S", "1": "S", "109": "N", "12": "N", "85": "N", "68": "E", "53": "S", "113": "W", "15": "N", "42": "N", "105": "N", "115": "S", "134": "N", "122": "N", "96": "E", "103": "E", "18": "N", "72": "E", "22": "S", "46": "E", "65": "S", "9": "S", "57": "N"}, {"47": "E", "22": "E", "113": "N", "68": "N", "46": "E", "12": "E", "15": "W", "53": "S", "140": "W", "59": "E", "85": "N", "96": "E", "109": "N", "176": "S", "91": "W", "65": "S", "115": "S", "103": "E", "1": "E", "9": "E", "134": "E", "72": "N", "57": "N", "42": "N", "122": "E", "18": "N"}, {"46": "E", "109": "N", "115": "E", "103": "E", "15": "N", "85": "N", "68": "N", "57": "N", "42": "N", "134": "N", "91": "N", "105": "W", "96": "E", "53": "E", "22": "E", "176": "S", "9": "S", "59": "S", "140": "E", "47": "S", "113": "W", "12": "E", "72": "N", "65": "N", "122": "E"}, {"115": "N", "9": "E", "22": "S", "85": "S", "53": "E", "68": "N", "57": "N", "176": "S", "47": "E", "134": "N", "105": "W", "113": "W", "91": "N", "42": "E", "15": "S", "109": "N", "65": "N", "140": "E", "12": "E", "103": "E", "59": "E", "72": "S", "122": "E"}, {"115": "S", "65": "N", "85": "S", "103": "E", "109": "E", "140": "E", "59": "S", "91": "N", "72": "E", "134": "E", "9": "E", "12": "E", "22": "E", "113": "N", "122": "E", "15": "S", "57": "E", "42": "N", "47": "W", "53": "S", "176": "S", "105": "N", "68": "N"}, {"65": "N", "91": "E", "113": "N", "15": "E", "85": "W", "105": "N", "9": "S", "47": "N", "115": "N", "134": "N", "140": "E", "176": "S", "12": "S", "122": "W", "72": "E", "109": "E", "42": "E", "68": "E"}, {"109": "E", "72": "E", "42": "E", "140": "S", "91": "S", "122": "E", "85": "E", "9": "S", "47": "E", "105": "N", "113": "N", "176": "S", "65": "S", "134": "E", "68": "N", "115": "S", "15": "N", "12": "E"}, {"72": "S", "85": "N", "65": "S", "122": "E", "113": "N", "42": "E", "47": "N", "140": "E", "68": "E", "15": "N", "115": "E", "91": "S", "12": "E", "176": "S", "109": "E", "9": "E"}, {"109": "E", "12": "N", "65": "S", "113": "N", "140": "E", "68": "E", "91": "W", "42": "E", "47": "E", "122": "N", "15": "E", "85": "W", "176": "S", "72": "E", "115": "E"}, {"68": "E", "15": "W", "85": "N", "47": "E", "72": "E", "91": "W", "12": "N", "42": "N", "176": "S", "140": "N", "109": "E", "65": "S", "115": "E", "122": "N", "113": "W"}, {"85": "E", "91": "S", "42": "E", "15": "W", "115": "N", "72": "E", "12": "E", "109": "E", "176": "S", "47": "E", "122": "N", "68": "E", "140": "E", "65": "S"}, {"91": "S", "109": "E", "140": "N", "176": "E", "115": "E", "47": "S", "65": "N", "122": "S", "12": "N", "42": "N", "72": "E", "15": "S", "68": "S", "85": "S"}, {"140": "N", "42": "E", "12": "E", "122": "S", "91": "N", "85": "W", "109": "E", "65": "N", "115": "E", "47": "N", "176": "E", "15": "S"}, {"47": "W", "12": "E", "109": "E", "122": "S", "85": "S", "115": "S", "91": "N", "176": "E", "65": "N", "15": "E"}, {"65": "N", "122": "S", "12": "N", "91": "N", "85": "W", "109": "E", "47": "W", "115": "E", "15": "E"}, {"12": "N", "109": "E", "122": "S", "85": "E", "115": "E", "47": "S", "65": "N", "15": "E", "91": "N"}, {"122": "S", "91": "E", "109": "E", "65": "S", "47": "N", "15": "E", "12": "N", "85": "E"}, {"65": "N", "85": "S", "47": "S", "109": "S", "91": "E", "15": "E", "12": "W", "122": "N"}, {"12": "W", "122": "W", "47": "S", "85": "S", "109": "E", "65": "N", "15": "S", "91": "E"}, {"65": "E", "12": "W", "47": "W", "122": "E", "109": "E", "91": "E", "85": "S", "15": "N"}, {"91": "E", "12": "S", "109": "N", "47": "E", "65": "W", "15": "W", "122": "S"}, {"47": "N", "91": "W", "85": "N", "15": "W", "65": "S", "122": "E", "109": "E"}, {"65": "S", "47": "N", "91": "W", "85": "N", "122": "E", "15": "W"}, {"65": "S", "122": "N", "91": "W", "47": "E", "15": "W", "85": "N"}, {"15": "N", "47": "E", "91": "S", "122": "E", "85": "N", "65": "S"}, {"122": "E", "85": "S", "65": "S", "91": "W", "47": "S", "15": "S"}, {"91": "W", "122": "S", "47": "E", "65": "S", "15": "E", "85": "S"}, {"47": "E", "15": "E", "65": "S", "91": "S", "122": "E", "85": "S"}, {"85": "S", "47": "W", "15": "E", "65": "N", "91": "N", "122": "S"}, {"47": "W", "122": "S", "15": "E", "85": "N", "65": "N", "91": "N"}, {"91": "E", "122": "E", "15": "S", "65": "N", "47": "N", "85": "S"}, {"122": "E", "15": "S", "65": "N", "47": "W", "91": "E", "85": "S"}, {"65": "N", "91": "E", "15": "S", "122": "E", "85": "S", "47": "W"}, {"85": "S", "65": "N", "91": "E", "15": "E", "47": "S", "122": "N"}, {"65": "S", "15": "E", "47": "N", "85": "W", "122": "N", "91": "W"}, {"65": "S", "47": "E", "122": "N", "85": "E", "91": "W", "15": "N"}, {"47": "E", "65": "S", "122": "W", "85": "N", "15": "E", "91": "W"}, {"122": "N", "47": "S", "85": "N", "91": "W", "15": "N", "65": "N"}, {"65": "N", "47": "N", "91": "E", "85": "S"}, {"65": "N", "47": "W", "91": "E", "85": "S"}, {"91": "E", "85": "S", "65": "S", "47": "E"}, {"47": "S", "91": "W", "65": "S", "85": "E"}, {"47": "E", "65": "S", "91": "W", "85": "E"}, {"85": "N", "65": "S", "47": "E", "91": "W"}, {"47": "E", "65": "S", "91": "S", "85": "E"}, {"47": "N", "65": "S", "91": "S", "85": "E"}, {"65": "S", "47": "N", "85": "N", "91": "N"}, {"47": "S", "85": "N", "91": "N", "65": "N"}, {"47": "W", "91": "E", "85": "N", "65": "N"}, {"91": "E", "47": "W", "65": "N"}, {"47": "W", "91": "E", "65": "N"}, {"65": "N", "47": "W", "91": "E"}, {"91": "E", "65": "N", "47": "W"}, {"47": "S", "91": "E", "65": "N"}, {"47": "S", "65": "N", "91": "N"}, {"65": "S", "91": "E", "47": "N"}, {"47": "N", "91": "E", "65": "S"}, {"91": "N", "65": "S", "47": "E"}, {"91": "E", "65": "S", "47": "E"}, {"91": "E", "65": "S", "47": "S"}, {"65": "S", "91": "S", "47": "E"}, {"91": "S", "65": "N", "47": "W"}, {"65": "N", "47": "N"}, {"65": "N", "47": "W"}, {"65": "N", "47": "W"}, {"65": "N", "47": "S"}, {"47": "S", "65": "N"}, {"65": "E", "47": "S"}, {"47": "S", "65": "E"}, {"47": "S", "65": "E"}, {"65": "E", "47": "S"}, {"47": "S", "65": "N"}, {"47": "S", "65": "E"}, {"65": "N", "47": "N"}, {"47": "N", "65": "E"}, {"47": "N", "65": "E"}, {"65": "N", "47": "N"}, {"65": "E", "47": "N"}, {"65": "E", "47": "N"}, {"47": "N", "65": "S"}, {"47": "N", "65": "E"}, {"65": "S", "47": "S"}, {"47": "S", "65": "S"}, {"47": "S"}, {"47": "S"}, {"47": "S"}, {"47": "S"}, {"47": "S"}, {"47": "S"}, {"47": "S"}, {"47": "E"}, {"47": "E"}, {"47": "N"}, {"47": "E"}, {"47": "E"}, {"47": "S"}, {"47": "E"}], "result": "SUCCESS", "makespan": 158, "sum": 5682, "algo_name": "OutAndInByPercentage_per_100_SW_"}