{"instance": "medium_free_002_30x30_20_180", "steps": [{"16": "S", "69": "N", "86": "E", "87": "N", "106": "N", "122": "W", "123": "E", "133": "W", "140": "S", "149": "W", "166": "N", "173": "N", "176": "E", "13": "E", "44": "E", "58": "W", "61": "N", "112": "N", "146": "W", "2": "S", "5": "E", "39": "W", "43": "N", "45": "W", "124": "N", "172": "N", "33": "N", "80": "N", "93": "S", "114": "W", "145": "W", "148": "E", "169": "W", "6": "S", "63": "N", "119": "S", "130": "E", "0": "W", "36": "E", "49": "N", "71": "W", "155": "E", "156": "W", "163": "N", "25": "E", "35": "E", "104": "E", "111": "S", "171": "S", "178": "E", "30": "E", "76": "W", "143": "W", "164": "E", "70": "E", "135": "E", "65": "W", "83": "W", "116": "E", "136": "S", "101": "S", "38": "S", "73": "W", "20": "S"}, {"16": "S", "69": "N", "86": "E", "87": "N", "106": "N", "122": "W", "123": "E", "133": "W", "140": "S", "149": "W", "166": "N", "173": "N", "176": "E", "13": "E", "44": "E", "58": "W", "61": "N", "112": "N", "146": "W", "2": "S", "5": "E", "43": "N", "124": "N", "172": "N", "33": "N", "80": "N", "93": "S", "145": "W", "148": "E", "169": "W", "6": "S", "119": "S", "130": "E", "0": "W", "36": "E", "71": "W", "155": "E", "156": "W", "25": "E", "35": "E", "104": "E", "111": "S", "171": "S", "178": "E", "143": "W", "164": "E", "70": "E", "135": "E", "65": "W", "83": "W", "116": "E", "136": "S", "101": "S", "38": "S", "73": "W", "20": "S"}, {"16": "E", "86": "N", "87": "N", "106": "E", "133": "S", "176": "N", "44": "E", "58": "W", "61": "N", "112": "N", "146": "W", "2": "S", "5": "E", "43": "N", "124": "N", "172": "N", "33": "N", "80": "N", "93": "S", "145": "W", "148": "E", "169": "W", "119": "S", "130": "E", "36": "E", "155": "E", "156": "W", "25": "E", "35": "E", "104": "E", "111": "S", "171": "S", "178": "E", "143": "W", "164": "E", "70": "E", "135": "E", "65": "W", "116": "E", "136": "S", "38": "S", "20": "S"}, {"86": "E", "13": "E", "61": "W", "2": "S", "5": "E", "124": "N", "172": "N", "33": "N", "93": "S", "145": "W", "148": "E", "169": "W", "119": "S", "130": "E", "36": "E", "155": "E", "156": "W", "25": "E", "35": "E", "111": "S", "171": "S", "178": "E", "143": "W", "70": "E", "135": "E", "65": "W", "116": "E", "136": "S", "38": "S", "20": "S"}, {"166": "N", "61": "N", "5": "S", "43": "N", "124": "W", "172": "W", "33": "N", "93": "S", "145": "W", "148": "E", "169": "W", "80": "N", "119": "S", "130": "E", "36": "E", "155": "E", "156": "W", "25": "E", "35": "E", "111": "S", "171": "S", "178": "E", "143": "W", "135": "E", "65": "W", "136": "S", "38": "S", "20": "S"}, {"61": "N", "2": "S", "43": "N", "148": "E", "80": "N", "119": "S", "130": "E", "36": "E", "155": "E", "156": "W", "25": "E", "35": "E", "111": "S", "171": "S", "178": "E", "143": "W", "65": "W", "136": "S", "38": "S", "20": "S"}, {"36": "E", "155": "E", "156": "W", "25": "E", "35": "E", "111": "S", "171": "S", "178": "E", "143": "W", "65": "W", "136": "S", "38": "S", "20": "S"}, {"44": "E", "2": "S", "119": "S", "36": "N", "25": "E", "35": "E", "111": "S", "171": "S", "178": "E", "143": "W", "65": "W", "136": "S", "38": "S", "20": "S"}, {"146": "W", "25": "N", "171": "E", "178": "N", "143": "W", "65": "W", "136": "S", "38": "S", "20": "S"}, {"65": "W", "136": "S", "38": "S", "20": "S"}, {"146": "W", "143": "W", "65": "W", "136": "S", "38": "S", "20": "S"}, {"136": "S", "38": "S", "20": "S"}, {"38": "S", "20": "S"}, {"38": "S", "20": "S"}, {"38": "S", "20": "S"}, {"38": "S", "20": "S"}, {"54": "W", "4": "W", "91": "S", "96": "W", "19": "W", "79": "N", "85": "E", "168": "E", "24": "N", "64": "E", "150": "E", "34": "N", "55": "N", "141": "S", "132": "W", "167": "S", "110": "S", "9": "N", "51": "N", "28": "W", "3": "N", "179": "W", "100": "N", "174": "N", "48": "W", "62": "E", "98": "W", "26": "S", "120": "W", "115": "W", "95": "S", "105": "N", "53": "N", "50": "W", "138": "W", "151": "E", "134": "N", "157": "W", "177": "E", "97": "S", "41": "W", "161": "W", "137": "E", "8": "S", "121": "S", "152": "W", "46": "W", "118": "N", "153": "E", "147": "S", "159": "S", "90": "N", "67": "S", "52": "S", "165": "N", "89": "W", "29": "W", "154": "W", "107": "N", "56": "E", "139": "S", "59": "S", "94": "W", "108": "W", "31": "N", "102": "W", "74": "W", "162": "S", "129": "E", "10": "W", "144": "W", "1": "S", "57": "S", "170": "N", "12": "S", "17": "W", "128": "N", "32": "N", "84": "S", "126": "S", "66": "W", "21": "S", "77": "N", "15": "N", "160": "N", "113": "N", "23": "W", "37": "S", "72": "N", "125": "W", "60": "W", "42": "N", "99": "W", "131": "W", "68": "N", "142": "E", "117": "S", "47": "S"}, {"92": "E", "11": "E", "39": "W", "45": "W", "18": "E", "22": "W", "114": "W", "6": "S", "40": "S", "63": "N", "0": "W", "49": "N", "71": "W", "75": "E", "163": "N", "104": "E", "30": "E", "76": "W", "164": "E", "70": "E", "135": "E", "83": "W", "116": "E", "101": "S", "73": "W"}, {"92": "E", "39": "W", "45": "W", "114": "W", "6": "S", "63": "N", "0": "W", "71": "W", "163": "N", "104": "E", "76": "W", "164": "E", "135": "E", "83": "W", "116": "E", "73": "W"}, {"92": "E", "39": "W", "45": "W", "114": "W", "6": "S", "63": "N", "0": "W", "71": "W", "104": "E", "76": "W", "164": "E", "135": "E", "83": "W", "116": "E", "73": "W"}, {"45": "S", "6": "S", "63": "N", "0": "W", "71": "W", "104": "E", "76": "W", "164": "E", "135": "E", "83": "W", "116": "E", "73": "W"}, {"58": "W", "178": "E", "114": "W", "6": "W", "63": "N", "0": "W", "71": "W", "104": "E", "135": "E", "76": "W", "164": "E", "83": "W", "116": "E"}, {"114": "W", "63": "W", "104": "E", "164": "E", "76": "W", "83": "W", "116": "E"}, {"114": "S", "104": "N", "164": "E", "116": "E", "76": "W", "83": "W"}, {"76": "W", "83": "W"}, {"76": "N", "83": "W"}, {"59": "N", "3": "N", "50": "N", "129": "W", "105": "W", "32": "N", "54": "W", "60": "W", "85": "N", "74": "W", "175": "N", "79": "N", "131": "W", "84": "S", "66": "W", "29": "N", "27": "E", "128": "N", "107": "W", "17": "W", "167": "S", "1": "S", "23": "W", "118": "W", "52": "E", "100": "W", "144": "S", "48": "W", "170": "N", "126": "S", "28": "W", "158": "N", "15": "W", "78": "S", "90": "N", "55": "W", "152": "W", "137": "E", "64": "E", "160": "N", "117": "S", "168": "N", "147": "S", "161": "W", "179": "W", "120": "W", "162": "S", "31": "N", "174": "S", "42": "W", "72": "N", "138": "W", "19": "N", "177": "E", "46": "N", "8": "S", "77": "N", "4": "W", "21": "S", "95": "S", "68": "N", "37": "N", "34": "N", "82": "E", "67": "W", "102": "S", "115": "E", "51": "N", "108": "W", "12": "E", "121": "S", "14": "W", "94": "W", "141": "W", "113": "W", "151": "N", "96": "N", "165": "N", "81": "S", "154": "W", "62": "W", "99": "W", "159": "S", "57": "E", "139": "S", "109": "E", "9": "N", "10": "W", "157": "W", "153": "E", "56": "E", "26": "E", "53": "N", "110": "S", "91": "S", "142": "S", "47": "S", "41": "W"}, {"127": "S", "11": "E", "18": "E", "22": "W", "103": "S", "40": "S", "75": "E", "163": "N", "30": "E", "70": "E", "101": "S", "73": "W"}, {"127": "S", "11": "E", "18": "E", "22": "W", "40": "S", "163": "N", "70": "E", "101": "S", "73": "W"}, {"104": "E", "127": "S", "22": "W", "40": "S", "163": "N", "101": "S", "73": "W"}, {"122": "W", "123": "E", "104": "N", "127": "E", "11": "E", "22": "W", "163": "N", "18": "E", "40": "S", "70": "E", "101": "S", "73": "W"}, {"123": "E", "11": "E", "163": "E", "18": "E", "40": "S", "70": "E", "101": "S"}, {"123": "E", "11": "E", "18": "E", "40": "E", "70": "E", "101": "S"}, {"177": "S", "12": "E", "126": "S", "159": "S", "161": "W", "72": "E", "47": "S", "42": "N", "115": "N", "117": "S", "108": "W", "32": "N", "160": "N", "99": "W", "107": "W", "144": "W", "162": "S", "24": "W", "3": "N", "151": "N", "50": "W", "141": "W", "57": "E", "9": "N", "91": "E", "102": "W", "28": "W", "37": "E", "78": "S", "137": "S", "46": "E", "174": "S", "147": "S", "88": "W", "66": "W", "154": "S", "90": "N", "34": "N", "179": "W", "14": "W", "81": "E", "113": "W", "15": "N", "121": "S", "118": "W", "31": "E", "157": "W", "150": "S", "128": "N", "170": "N", "131": "N", "132": "S", "19": "N", "26": "S", "125": "N", "60": "E", "27": "N", "29": "N", "100": "S", "23": "W", "153": "E", "8": "S", "51": "W", "105": "S", "110": "S", "165": "N", "138": "W", "67": "W", "62": "N", "134": "E", "59": "N", "109": "E", "175": "W", "96": "N", "77": "N", "158": "E", "55": "W", "89": "W", "142": "S", "139": "S", "82": "W", "79": "W", "85": "N", "54": "N", "98": "W", "168": "N", "10": "S", "21": "S", "95": "S", "1": "S", "74": "W", "64": "N", "94": "W", "152": "W", "120": "W"}, {"103": "S", "49": "N", "75": "E", "30": "E", "101": "S", "73": "W"}, {"103": "S", "49": "N", "101": "S", "73": "W"}, {"103": "S", "49": "N", "101": "S", "73": "W"}, {"127": "S", "103": "S", "49": "N", "101": "S", "73": "W"}, {"146": "W", "143": "W", "65": "W", "163": "N", "49": "N", "101": "S", "73": "W"}, {"179": "W", "79": "N", "21": "S", "57": "E", "82": "W", "78": "S", "96": "N", "62": "W", "134": "N", "125": "W", "31": "S", "48": "N", "162": "S", "47": "S", "50": "S", "27": "N", "160": "E", "3": "N", "67": "W", "177": "S", "66": "W", "88": "E", "17": "S", "15": "N", "108": "W", "54": "W", "28": "N", "59": "N", "94": "W", "26": "S", "128": "E", "10": "S", "168": "N", "74": "W", "105": "N", "102": "W", "142": "S", "53": "N", "37": "E", "9": "N", "100": "W", "159": "E", "90": "N", "174": "S", "42": "E", "56": "E", "132": "S", "129": "W", "89": "W", "110": "S", "29": "W", "165": "N", "81": "S", "1": "E", "147": "S", "170": "E", "118": "N", "138": "W", "139": "S", "34": "E", "115": "N", "95": "S", "175": "N", "12": "E", "46": "N", "72": "N", "154": "W", "8": "S", "161": "W", "158": "N", "77": "N", "84": "E", "137": "E", "60": "W", "23": "N", "144": "W", "14": "S", "19": "N", "64": "N", "117": "S", "153": "E", "51": "N", "157": "N", "167": "S", "4": "W", "126": "S", "113": "W", "85": "N", "68": "W", "152": "W", "99": "W", "121": "S", "131": "N", "97": "N", "109": "N", "107": "S", "120": "W", "151": "W", "91": "E", "32": "N", "24": "W"}, {"75": "E", "30": "E"}, {"75": "E", "30": "E"}, {"75": "E", "30": "E"}, {"5": "E", "104": "E", "75": "E", "30": "E"}, {"5": "E", "104": "E", "75": "E", "30": "E"}, {"82": "W", "109": "E", "77": "N", "81": "S", "94": "W", "132": "W", "153": "E", "138": "W", "159": "S", "47": "E", "66": "N", "51": "W", "91": "E", "99": "W", "50": "W", "79": "N", "151": "W", "89": "W", "144": "W", "98": "N", "125": "N", "108": "S", "17": "S", "27": "N", "115": "N", "62": "N", "26": "E", "78": "S", "9": "N", "161": "W", "102": "W", "126": "S", "24": "W", "141": "W", "168": "N", "29": "N", "64": "N", "117": "S", "97": "E", "34": "N", "118": "S", "121": "S", "19": "N", "28": "N", "160": "N", "128": "E", "120": "W", "85": "N", "179": "W", "175": "N", "42": "N", "59": "N", "157": "W", "131": "N", "84": "E", "162": "S", "8": "S", "139": "S", "46": "N", "137": "E", "107": "S", "100": "S", "54": "W", "4": "W", "177": "S", "95": "S", "15": "N", "7": "S", "152": "W", "53": "N", "55": "W", "105": "W", "14": "W", "150": "S", "41": "W", "167": "S", "10": "W", "21": "S", "96": "N", "60": "W", "147": "S", "90": "E", "129": "N", "32": "N", "134": "N", "3": "N", "23": "W", "68": "W", "67": "N", "88": "E", "56": "E", "72": "N", "74": "W", "165": "N", "31": "N", "158": "N", "142": "S", "12": "E", "110": "S", "174": "E"}, {"88": "S", "28": "N", "108": "S", "144": "S", "142": "S", "9": "N", "168": "E", "24": "W", "67": "N", "129": "N", "74": "W", "34": "E", "78": "S", "48": "W", "177": "S", "31": "E", "50": "W", "32": "N", "4": "W", "19": "N", "7": "S", "137": "S", "72": "N", "53": "E", "120": "W", "125": "S", "64": "N", "170": "N", "117": "S", "8": "S", "157": "W", "99": "N", "55": "S", "14": "S", "128": "E", "153": "E", "96": "E", "46": "N", "109": "N", "152": "W", "105": "E", "94": "W", "57": "E", "115": "N", "160": "N", "174": "S", "179": "W", "56": "N", "3": "N", "68": "N", "82": "W", "102": "S", "121": "S", "77": "N", "59": "N", "81": "S", "167": "S", "23": "N", "66": "W", "54": "N", "42": "N", "126": "S", "113": "E", "41": "W", "165": "E", "139": "S", "15": "N", "132": "W", "138": "W", "98": "W", "141": "W", "12": "E", "1": "E", "60": "S", "47": "E", "161": "W", "84": "E", "118": "W", "95": "S", "175": "W", "154": "W", "97": "S", "89": "S", "90": "N", "147": "S", "51": "W", "17": "S", "91": "E", "159": "S", "151": "N", "10": "W", "21": "S", "131": "N", "62": "N", "162": "S", "27": "N", "134": "N", "26": "S", "85": "N"}, {"174": "E", "96": "N", "128": "S", "72": "N", "175": "W", "120": "W", "50": "W", "154": "S", "12": "E", "54": "N", "47": "E", "113": "N", "26": "S", "157": "S", "159": "S", "64": "N", "79": "N", "74": "W", "151": "W", "131": "W", "162": "S", "168": "E", "109": "N", "42": "W", "67": "N", "84": "E", "91": "E", "118": "N", "137": "E", "31": "E", "167": "E", "105": "S", "85": "N", "56": "N", "98": "N", "14": "S", "57": "N", "88": "S", "108": "S", "121": "S", "139": "S", "125": "W", "142": "S", "138": "W", "68": "N", "77": "N", "53": "N", "46": "N", "82": "N", "144": "W", "7": "W", "66": "W", "90": "N", "177": "S", "179": "W", "8": "S", "89": "S", "170": "E", "141": "N", "115": "N", "94": "N", "81": "E", "95": "S", "4": "W", "27": "N", "78": "E", "153": "E", "28": "N", "132": "W", "134": "N", "9": "N", "117": "E", "48": "N", "158": "N", "60": "W", "161": "W", "24": "W", "1": "S", "17": "E", "19": "N", "23": "W", "34": "N", "3": "E", "32": "E", "150": "S", "10": "W", "51": "N", "15": "N", "126": "S", "59": "N", "62": "N", "110": "S", "102": "S", "152": "W", "165": "N", "21": "W"}, {"74": "S", "96": "N", "162": "S", "23": "W", "159": "S", "150": "S", "102": "S", "10": "W", "82": "W", "67": "W", "170": "N", "161": "W", "110": "S", "15": "N", "19": "W", "95": "S", "48": "S", "108": "S", "165": "N", "174": "S", "81": "E", "131": "W", "89": "S", "138": "W", "175": "N", "9": "N", "118": "E", "64": "N", "56": "E", "137": "E", "152": "W", "98": "E", "7": "N", "72": "E", "17": "S", "168": "E", "85": "E", "139": "S", "157": "W", "78": "N", "144": "W", "120": "W", "125": "W", "46": "N", "4": "W", "84": "E", "41": "W", "129": "W", "68": "E", "29": "N", "42": "E", "115": "E", "128": "N", "54": "W", "154": "W", "160": "N", "134": "N", "34": "N", "142": "W", "66": "W", "59": "N", "126": "S", "117": "E", "91": "E", "47": "S", "94": "E", "21": "S", "153": "E", "8": "E", "158": "N", "31": "E", "132": "W", "53": "N", "97": "E", "57": "E", "90": "E", "50": "W", "177": "S", "24": "N", "109": "N", "151": "W", "121": "S", "12": "E", "79": "N", "141": "E", "60": "W", "179": "W", "27": "E", "1": "S", "28": "N", "14": "S", "77": "N", "26": "E", "3": "N"}, {"46": "N", "10": "W", "19": "N", "129": "W", "139": "S", "7": "S", "108": "W", "72": "E", "159": "S", "27": "E", "74": "W", "77": "N", "175": "W", "24": "S", "81": "N", "66": "W", "168": "E", "162": "S", "142": "E", "174": "S", "48": "N", "50": "E", "121": "S", "53": "N", "90": "E", "109": "N", "67": "W", "26": "E", "60": "N", "89": "S", "12": "E", "153": "E", "59": "N", "150": "S", "4": "W", "157": "W", "165": "E", "31": "S", "95": "E", "41": "W", "54": "N", "167": "E", "110": "E", "158": "E", "28": "N", "151": "N", "96": "N", "113": "N", "47": "E", "98": "S", "8": "W", "3": "N", "94": "N", "32": "E", "115": "N", "125": "W", "118": "W", "64": "E", "117": "S", "105": "S", "14": "S", "152": "W", "131": "N", "42": "N", "132": "S", "160": "E", "21": "S", "137": "E", "144": "W", "82": "N", "1": "S", "84": "E", "177": "S", "102": "N", "134": "N", "78": "E", "154": "W", "179": "W", "88": "E", "170": "N", "34": "E", "128": "E", "91": "E", "62": "N", "120": "S", "141": "W", "79": "E", "85": "E", "56": "S", "57": "S", "15": "N", "68": "W", "161": "W", "23": "N"}, {"56": "E", "46": "N", "54": "N", "90": "E", "170": "E", "10": "W", "110": "E", "42": "N", "147": "S", "98": "N", "31": "N", "9": "E", "141": "S", "102": "E", "53": "E", "108": "W", "128": "N", "168": "E", "89": "S", "160": "N", "79": "N", "159": "S", "64": "E", "27": "E", "95": "S", "7": "S", "67": "N", "15": "E", "175": "W", "162": "E", "12": "E", "121": "N", "165": "N", "174": "S", "21": "E", "72": "N", "77": "E", "59": "N", "153": "E", "62": "N", "94": "W", "34": "N", "105": "W", "50": "W", "154": "W", "152": "W", "85": "N", "78": "E", "28": "N", "41": "W", "158": "N", "144": "S", "91": "E", "96": "E", "150": "S", "24": "W", "126": "E", "82": "W", "66": "W", "129": "W", "32": "E", "117": "N", "157": "N", "1": "S", "17": "E", "26": "W", "8": "S", "47": "S", "151": "N", "68": "S", "179": "N", "113": "E", "74": "S", "48": "W", "142": "S", "132": "W", "125": "N", "161": "W", "4": "W", "19": "W", "134": "N", "97": "E", "109": "N", "3": "N", "131": "N", "88": "S", "81": "E", "115": "N", "177": "S"}, {"42": "N", "54": "N", "28": "N", "1": "E", "19": "W", "10": "W", "105": "W", "151": "W", "177": "S", "168": "E", "79": "N", "66": "W", "57": "E", "118": "N", "131": "N", "129": "N", "48": "W", "24": "W", "90": "E", "141": "N", "56": "E", "165": "E", "21": "S", "121": "E", "170": "E", "179": "N", "9": "E", "32": "E", "154": "W", "64": "N", "53": "E", "50": "N", "152": "W", "88": "E", "12": "E", "47": "E", "175": "W", "51": "W", "62": "N", "142": "S", "89": "W", "26": "S", "72": "N", "159": "S", "8": "S", "41": "N", "110": "E", "46": "S", "147": "S", "144": "W", "7": "S", "113": "W", "3": "E", "162": "S", "34": "N", "81": "E", "98": "N", "160": "N", "108": "S", "157": "W", "125": "N", "95": "E", "77": "E", "161": "W", "97": "E", "15": "E", "67": "W", "153": "E", "115": "N", "132": "W", "117": "E", "102": "N", "150": "E", "68": "N", "109": "N", "174": "S", "74": "S", "94": "N", "85": "N", "4": "N", "96": "S", "134": "N", "31": "E", "27": "N", "59": "E"}, {"146": "W", "143": "W", "65": "W", "73": "W"}, {"146": "W", "143": "W", "65": "W"}, {"146": "W", "143": "W"}, {"146": "W"}, {"46": "N", "141": "E", "150": "E", "72": "N", "90": "N", "108": "S", "139": "E", "1": "E", "32": "N", "105": "W", "113": "N", "151": "W", "142": "S", "54": "N", "19": "W", "4": "N", "153": "E", "144": "W", "89": "S", "175": "W", "81": "E", "118": "N", "85": "N", "168": "E", "59": "E", "179": "N", "8": "E", "3": "E", "152": "W", "91": "E", "117": "E", "174": "E", "47": "N", "31": "E", "88": "E", "26": "S", "165": "N", "28": "N", "154": "S", "170": "E", "27": "N", "121": "E", "102": "W", "159": "E", "82": "W", "42": "N", "115": "N", "167": "W", "94": "N", "78": "S", "110": "E", "129": "W", "147": "E", "109": "N", "177": "S", "51": "W", "157": "W", "97": "E", "96": "N", "95": "E", "68": "E", "162": "S", "53": "W", "161": "W", "158": "W", "132": "W", "10": "W", "128": "E", "125": "W", "12": "W", "24": "N", "21": "S", "98": "W", "57": "N", "67": "N", "66": "N", "160": "N", "9": "E", "34": "N", "79": "W", "64": "N", "131": "N"}, {"83": "W"}, {"77": "E", "26": "S", "8": "N", "108": "E", "144": "W", "125": "W", "7": "S", "158": "W", "102": "S", "19": "E", "105": "W", "85": "N", "167": "S", "59": "N", "66": "N", "175": "W", "42": "W", "90": "N", "79": "W", "170": "E", "4": "W", "54": "N", "97": "E", "41": "N", "152": "W", "109": "N", "129": "W", "142": "E", "28": "N", "115": "E", "110": "E", "159": "E", "53": "E", "21": "S", "168": "E", "82": "W", "47": "S", "154": "S", "9": "E", "117": "E", "128": "W", "151": "N", "118": "W", "32": "N", "161": "W", "67": "E", "141": "S", "98": "W", "165": "N", "113": "N", "150": "W", "177": "S", "72": "S", "46": "E", "89": "S", "64": "N", "1": "E", "162": "S", "34": "N", "157": "S", "174": "N", "96": "E", "74": "S", "147": "E", "91": "E", "10": "W", "160": "N", "132": "W", "51": "N", "153": "E", "31": "W", "81": "E", "131": "N", "68": "N", "15": "E", "134": "S", "27": "N", "62": "N", "121": "S", "78": "E", "60": "N"}, {"34": "N", "125": "S", "161": "W", "110": "E", "132": "W", "4": "S", "109": "E", "147": "W", "129": "N", "82": "W", "121": "S", "115": "S", "91": "S", "151": "N", "142": "E", "144": "S", "78": "E", "8": "S", "31": "E", "150": "E", "113": "W", "77": "N", "118": "N", "62": "E", "85": "N", "162": "S", "51": "N", "46": "E", "89": "E", "159": "E", "158": "N", "10": "W", "54": "N", "1": "E", "26": "E", "168": "E", "64": "N", "152": "S", "102": "S", "98": "N", "19": "W", "28": "N", "53": "N", "141": "W", "170": "E", "12": "S", "165": "E", "50": "S", "3": "W", "68": "E", "105": "S", "9": "E", "32": "E", "72": "N", "175": "W", "96": "N", "134": "E", "117": "E", "81": "E", "160": "N", "167": "E", "42": "N", "90": "E", "131": "N", "128": "E", "59": "N", "57": "E", "27": "E", "88": "S", "66": "N", "97": "E", "67": "N", "154": "S"}, {"48": "S", "147": "S", "154": "S", "64": "N", "128": "S", "57": "S", "34": "E", "117": "W", "9": "E", "79": "N", "54": "N", "167": "S", "105": "S", "121": "N", "150": "W", "41": "N", "159": "E", "46": "E", "27": "E", "59": "S", "157": "N", "132": "S", "28": "N", "31": "S", "53": "N", "47": "N", "97": "E", "165": "N", "26": "S", "162": "S", "161": "S", "144": "S", "77": "E", "115": "N", "82": "W", "175": "W", "21": "E", "12": "E", "72": "N", "91": "E", "160": "N", "90": "E", "158": "N", "4": "W", "109": "N", "85": "N", "113": "W", "68": "S", "67": "W", "78": "S", "1": "N", "96": "S", "8": "E", "151": "N", "98": "S", "118": "E", "102": "S", "3": "W", "66": "N", "131": "N", "134": "E", "15": "N", "42": "N", "142": "E", "152": "S", "110": "E", "62": "N", "141": "S"}, {"9": "E", "8": "E", "142": "E", "131": "N", "90": "E", "42": "W", "34": "E", "152": "W", "62": "E", "121": "S", "157": "W", "110": "E", "82": "W", "47": "E", "50": "E", "105": "W", "154": "S", "159": "E", "27": "N", "175": "W", "19": "N", "54": "N", "78": "E", "12": "S", "77": "N", "170": "E", "141": "S", "53": "E", "64": "E", "67": "N", "174": "N", "96": "N", "3": "E", "48": "W", "72": "E", "134": "N", "4": "W", "132": "W", "147": "S", "1": "E", "102": "S", "128": "N", "165": "E", "162": "S", "68": "E", "117": "E", "109": "N", "91": "S", "57": "E", "151": "W", "85": "E", "46": "E", "160": "N", "79": "N", "161": "S", "28": "W", "7": "E", "31": "N", "115": "N", "59": "N", "113": "N", "118": "N", "66": "N"}, {"170": "E", "134": "N", "79": "N", "91": "N", "48": "W", "110": "E", "102": "S", "96": "E", "161": "S", "117": "N", "62": "E", "72": "N", "150": "E", "28": "N", "121": "S", "31": "E", "147": "S", "53": "E", "174": "N", "57": "E", "159": "E", "175": "N", "165": "N", "9": "E", "113": "N", "34": "E", "66": "N", "105": "W", "77": "E", "15": "S", "82": "W", "157": "W", "90": "N", "167": "S", "12": "E", "142": "E", "47": "E", "3": "E", "109": "N", "160": "N", "4": "N", "151": "N", "98": "W", "59": "E", "162": "S", "132": "W", "46": "E", "131": "N", "141": "S", "152": "W", "154": "S", "54": "N", "50": "N", "128": "N", "27": "E", "85": "E", "68": "N", "42": "E", "1": "E", "115": "E"}, {"151": "N", "175": "N", "77": "N", "15": "E", "162": "W", "31": "S", "150": "W", "118": "N", "95": "E", "128": "E", "147": "S", "50": "E", "53": "E", "115": "E", "174": "W", "4": "N", "79": "N", "72": "W", "59": "S", "160": "N", "132": "W", "98": "W", "42": "N", "161": "S", "9": "S", "121": "S", "66": "N", "96": "N", "46": "E", "90": "S", "167": "S", "85": "E", "109": "E", "110": "E", "62": "E", "159": "E", "144": "S", "82": "W", "113": "N", "1": "E", "91": "N", "68": "N", "157": "W", "152": "W", "165": "N", "105": "W", "54": "N", "26": "E", "3": "E", "131": "N", "64": "E", "47": "S", "12": "N", "170": "E", "117": "E", "28": "N", "134": "E"}, {"47": "E", "15": "S", "34": "S", "79": "N", "31": "E", "90": "E", "42": "N", "142": "E", "85": "E", "98": "N", "165": "E", "68": "N", "72": "N", "152": "W", "134": "E", "159": "E", "109": "N", "50": "W", "115": "S", "105": "N", "170": "E", "161": "S", "3": "E", "82": "W", "12": "E", "162": "S", "54": "N", "96": "E", "66": "N", "77": "E", "121": "S", "27": "N", "117": "E", "174": "E", "175": "W", "150": "W", "160": "E", "28": "S", "132": "W", "91": "E", "64": "E", "131": "N", "157": "W", "151": "N", "9": "N", "59": "N", "46": "E", "19": "W", "4": "N", "147": "S", "128": "W", "110": "E", "53": "E", "118": "N"}, {"134": "E", "77": "E", "66": "N", "1": "S", "27": "E", "42": "N", "170": "E", "161": "W", "3": "N", "118": "N", "15": "N", "113": "N", "132": "W", "152": "W", "151": "N", "28": "E", "82": "N", "157": "W", "174": "S", "79": "N", "12": "E", "121": "S", "160": "N", "159": "E", "59": "E", "175": "W", "98": "N", "131": "N", "154": "S", "150": "E", "165": "E", "91": "E", "53": "E", "50": "W", "85": "E", "109": "S", "68": "E", "147": "E", "117": "S", "31": "E", "162": "E", "19": "W", "115": "S", "34": "S", "47": "N", "64": "N", "110": "E", "128": "E", "105": "N", "96": "N", "46": "E", "90": "E", "54": "N", "9": "E", "4": "E"}, {"152": "W", "27": "N", "165": "E", "1": "W", "147": "S", "117": "E", "105": "N", "77": "N", "131": "N", "68": "E", "159": "E", "31": "E", "28": "N", "34": "S", "170": "E", "82": "N", "150": "S", "64": "E", "128": "E", "160": "N", "12": "E", "96": "N", "90": "N", "53": "N", "9": "E", "54": "N", "161": "E", "50": "N", "42": "N", "110": "E", "115": "N", "47": "E", "98": "W", "113": "N", "121": "E", "151": "N", "3": "E", "46": "N", "79": "N", "15": "E", "175": "W", "59": "N", "72": "N", "134": "N", "174": "S", "26": "W", "162": "S", "109": "E", "66": "N", "118": "S"}, {"98": "N", "131": "N", "31": "E", "77": "E", "117": "E", "160": "N", "9": "S", "34": "E", "162": "S", "85": "E", "46": "E", "3": "N", "28": "N", "54": "N", "110": "E", "151": "N", "19": "W", "68": "E", "64": "N", "159": "E", "50": "E", "174": "E", "82": "N", "1": "E", "27": "N", "113": "W", "42": "N", "170": "E", "91": "N", "96": "E", "12": "E", "147": "S", "53": "E", "134": "E", "47": "E", "115": "N", "150": "E", "161": "E", "128": "E", "175": "N", "105": "N", "79": "N", "152": "W", "72": "N", "118": "E", "15": "N", "165": "E"}, {"105": "N", "15": "E", "134": "E", "54": "N", "98": "N", "26": "W", "82": "N", "174": "S", "64": "E", "151": "N", "50": "N", "91": "N", "160": "N", "28": "N", "115": "S", "175": "N", "1": "W", "131": "N", "147": "E", "117": "E", "77": "E", "12": "N", "170": "E", "113": "N", "96": "N", "19": "W", "46": "N", "31": "N", "150": "S", "109": "S", "165": "E", "159": "E", "161": "W", "90": "S", "72": "N", "79": "N", "3": "N", "53": "E", "68": "N", "128": "E", "85": "E", "118": "N", "42": "N", "47": "N", "152": "W", "162": "S", "9": "N", "34": "S", "27": "E", "59": "N"}, {"117": "E", "50": "N", "162": "S", "82": "N", "170": "E", "96": "E", "64": "E", "26": "S", "165": "E", "12": "E", "90": "E", "105": "N", "15": "E", "27": "E", "54": "N", "68": "N", "175": "N", "19": "E", "46": "E", "91": "N", "47": "N", "115": "N", "147": "E", "128": "E", "113": "W", "9": "N", "159": "E", "109": "N", "118": "E", "3": "E", "31": "E", "53": "E", "150": "S", "72": "E", "85": "E", "34": "N", "77": "E", "42": "N", "174": "S", "59": "S", "161": "E", "151": "N", "79": "N", "131": "N", "152": "W", "160": "N", "28": "N", "1": "S", "98": "W"}, {"28": "N", "105": "N", "42": "N", "34": "E", "170": "E", "117": "E", "113": "W", "109": "E", "162": "S", "50": "W", "27": "W", "85": "E", "59": "S", "160": "N", "134": "N", "165": "E", "3": "E", "68": "N", "175": "N", "15": "S", "98": "N", "64": "N", "19": "N", "128": "S", "150": "E", "77": "N", "47": "S", "159": "E", "151": "N", "9": "E", "152": "W", "90": "N", "131": "N", "82": "E", "1": "S", "53": "N", "72": "E", "161": "S", "147": "E", "91": "E", "79": "N", "115": "N", "54": "N", "174": "S", "31": "W", "118": "E", "96": "N"}, {"72": "E", "175": "N", "165": "E", "160": "N", "31": "S", "174": "W", "117": "E", "96": "N", "9": "N", "150": "S", "79": "N", "152": "W", "46": "E", "115": "N", "151": "N", "113": "W", "161": "S", "19": "W", "53": "E", "90": "E", "64": "E", "77": "E", "82": "E", "131": "N", "147": "E", "91": "N", "128": "E", "54": "N", "50": "N", "34": "E", "42": "N", "47": "S", "26": "E", "3": "E", "1": "E", "59": "N", "109": "E", "118": "S", "85": "E", "98": "W", "159": "E", "134": "E", "162": "S", "68": "W", "28": "N", "105": "N", "15": "E", "27": "N"}, {"162": "S", "31": "W", "91": "E", "68": "N", "77": "E", "147": "E", "53": "E", "175": "N", "72": "E", "152": "W", "46": "E", "118": "E", "79": "N", "19": "W", "54": "N", "150": "S", "113": "W", "28": "N", "50": "N", "96": "N", "151": "E", "47": "E", "165": "E", "1": "E", "26": "S", "42": "N", "174": "E", "85": "E", "128": "S", "64": "S", "98": "N", "105": "N", "160": "N", "3": "N", "90": "S", "34": "S", "161": "W", "109": "N", "115": "N", "131": "N", "82": "W", "59": "E", "134": "N", "159": "N"}, {"46": "E", "85": "S", "53": "E", "72": "E", "1": "N", "3": "E", "68": "N", "115": "E", "42": "N", "128": "E", "28": "N", "105": "N", "113": "W", "147": "E", "9": "N", "98": "N", "31": "E", "64": "E", "150": "S", "175": "N", "174": "S", "90": "E", "161": "E", "79": "N", "134": "S", "91": "N", "152": "W", "77": "E", "96": "N", "160": "E", "159": "S", "19": "W", "50": "N", "162": "S", "59": "N", "54": "N", "27": "E", "47": "E", "82": "E", "109": "N", "34": "S", "26": "S", "165": "E"}, {"162": "S", "77": "E", "46": "E", "160": "E", "64": "E", "96": "N", "54": "N", "147": "E", "68": "N", "115": "N", "90": "E", "91": "S", "72": "E", "134": "E", "9": "N", "174": "S", "165": "E", "161": "W", "85": "E", "53": "E", "1": "E", "175": "N", "105": "N", "59": "N", "152": "W", "19": "N", "34": "E", "31": "N", "42": "N", "79": "N", "109": "N", "159": "S", "150": "E", "15": "E", "28": "N", "131": "E", "47": "E", "50": "N"}, {"134": "S", "175": "N", "50": "N", "79": "N", "115": "E", "31": "E", "9": "N", "91": "E", "162": "S", "46": "E", "147": "E", "165": "E", "105": "N", "28": "N", "161": "S", "3": "N", "174": "S", "90": "S", "160": "S", "159": "E", "77": "S", "96": "N", "64": "E", "68": "N", "152": "S", "1": "E", "54": "N", "85": "E", "113": "E", "19": "W", "27": "E", "59": "N", "98": "N", "150": "S", "15": "E", "47": "W", "109": "N", "42": "N", "34": "S", "72": "S", "53": "E"}, {"165": "E", "9": "N", "53": "S", "147": "E", "109": "N", "42": "N", "96": "N", "15": "E", "59": "N", "134": "E", "77": "E", "159": "E", "82": "W", "3": "N", "174": "S", "160": "E", "31": "E", "91": "E", "113": "W", "162": "S", "105": "N", "19": "N", "68": "N", "161": "S", "47": "E", "90": "N", "50": "N", "115": "N", "85": "N", "27": "S", "152": "S", "79": "N", "34": "E", "64": "E", "150": "S", "1": "N", "72": "N", "46": "E"}, {"9": "S", "59": "E", "34": "E", "53": "S", "161": "S", "152": "S", "72": "E", "27": "S", "3": "N", "64": "S", "159": "N", "90": "S", "77": "S", "165": "E", "68": "W", "96": "E", "31": "S", "79": "E", "85": "E", "105": "N", "174": "S", "1": "E", "160": "N", "42": "N", "50": "N", "109": "N", "115": "E", "147": "E", "46": "E", "150": "S", "15": "E", "47": "E", "91": "E", "134": "E", "113": "W"}, {"147": "E", "96": "E", "77": "E", "85": "E", "109": "N", "3": "E", "9": "S", "72": "E", "152": "S", "42": "N", "64": "E", "27": "E", "34": "E", "134": "E", "82": "W", "46": "E", "59": "E", "160": "E", "159": "E", "90": "E", "53": "N", "79": "E", "174": "E", "113": "W", "15": "E", "50": "N", "165": "E", "31": "E", "1": "E", "47": "E", "150": "E", "68": "N", "91": "W"}, {"72": "E", "42": "N", "15": "E", "159": "E", "113": "S", "134": "N", "27": "N", "150": "E", "152": "S", "96": "E", "174": "E", "77": "E", "64": "E", "1": "E", "165": "E", "46": "N", "91": "S", "82": "N", "34": "N", "68": "N", "31": "E", "109": "E", "47": "N", "90": "W", "9": "E", "160": "E", "59": "N", "53": "E", "85": "E", "79": "E", "3": "E", "105": "N", "147": "E", "115": "E"}, {"64": "N", "105": "N", "9": "E", "147": "E", "46": "N", "68": "N", "31": "N", "82": "N", "79": "E", "134": "N", "27": "E", "115": "N", "90": "E", "160": "E", "85": "E", "34": "E", "174": "E", "1": "E", "53": "E", "47": "E", "152": "S", "3": "E", "59": "N", "150": "E", "15": "N", "109": "N", "72": "E", "96": "E", "77": "E", "42": "N", "91": "S"}, {"82": "N", "105": "N", "34": "N", "9": "E", "47": "N", "115": "E", "150": "E", "134": "E", "77": "E", "68": "N", "3": "E", "1": "E", "15": "E", "160": "E", "27": "E", "109": "N", "96": "E", "90": "E", "91": "S", "59": "E", "53": "N", "42": "E", "46": "N", "152": "S", "64": "E", "72": "E"}, {"34": "E", "96": "E", "53": "E", "1": "E", "64": "E", "9": "S", "72": "E", "134": "E", "160": "E", "46": "E", "115": "S", "152": "S", "3": "E", "105": "N", "15": "E", "68": "N", "109": "E", "150": "E", "59": "E", "27": "N", "42": "E", "91": "S", "90": "N", "77": "E", "47": "S"}, {"115": "S", "9": "E", "15": "E", "3": "E", "27": "N", "34": "N", "53": "N", "105": "N", "90": "N", "96": "E", "46": "W", "68": "N", "72": "E", "77": "E", "152": "S", "150": "E", "109": "E", "160": "E", "47": "E", "134": "E"}, {"109": "E", "59": "E", "134": "S", "115": "E", "27": "N", "152": "S", "96": "E", "77": "E", "3": "E", "72": "E", "15": "N", "105": "N", "9": "E", "53": "E", "47": "S", "90": "E", "160": "E", "150": "S", "68": "W", "34": "E", "46": "E"}, {"47": "E", "68": "N", "53": "E", "150": "E", "109": "E", "27": "E", "9": "E", "90": "E", "96": "E", "15": "E", "115": "E", "3": "E", "152": "S", "105": "W", "59": "N", "77": "E", "46": "E", "134": "E", "72": "S", "34": "E", "160": "E"}, {"96": "E", "109": "E", "77": "E", "34": "S", "59": "E", "3": "E", "68": "N", "9": "N", "152": "S", "15": "E", "134": "E", "105": "N", "115": "E", "150": "E", "27": "E", "160": "E", "90": "E", "53": "S", "72": "E", "46": "E"}, {"105": "N", "15": "S", "46": "E", "109": "E", "150": "E", "59": "E", "53": "E", "3": "E", "115": "E", "152": "S", "34": "E", "134": "S", "68": "N", "90": "S", "96": "E", "72": "E", "9": "E", "27": "E"}, {"90": "E", "96": "E", "152": "S", "109": "E", "34": "E", "115": "E", "68": "N", "59": "E", "72": "N", "9": "E", "134": "E", "3": "E", "105": "E", "53": "E", "27": "E", "150": "S", "15": "N"}, {"68": "E", "34": "N", "150": "E", "115": "E", "9": "E", "15": "N", "109": "E", "59": "E", "152": "S", "90": "E", "72": "E", "27": "E", "105": "N", "96": "E", "134": "E", "53": "W"}, {"15": "W", "68": "N", "72": "E", "27": "E", "34": "N", "96": "E", "105": "N", "134": "N", "115": "E", "59": "S", "150": "E", "9": "E", "109": "E", "53": "E", "152": "S"}, {"72": "E", "115": "E", "152": "S", "53": "N", "9": "N", "150": "S", "34": "N", "59": "E", "105": "N", "27": "E", "96": "E", "68": "N", "15": "N", "109": "E", "134": "E"}, {"68": "W", "27": "S", "34": "N", "152": "S", "105": "N", "115": "E", "15": "N", "53": "E", "134": "N", "109": "E", "72": "E", "96": "E", "59": "E", "9": "E", "150": "S"}, {"27": "S", "34": "S", "96": "E", "59": "E", "115": "E", "15": "S", "150": "E", "53": "E", "9": "E", "134": "N", "152": "S", "109": "E"}, {"134": "E", "115": "E", "15": "S", "34": "N", "59": "E", "96": "E", "152": "S", "53": "N", "150": "E", "109": "E", "9": "N"}, {"134": "E", "9": "E", "150": "E", "34": "N", "115": "E", "109": "S", "15": "E", "53": "E", "27": "S", "59": "E"}, {"59": "E", "9": "E", "15": "E", "27": "W", "134": "N", "150": "E", "34": "E", "53": "E", "109": "E"}, {"53": "S", "9": "S", "15": "S", "34": "N", "109": "E", "150": "E", "59": "N"}, {"53": "S", "15": "E", "59": "N", "9": "E", "109": "N", "150": "E", "34": "E"}, {"59": "E", "15": "E", "34": "E", "150": "E", "109": "E", "53": "E", "9": "S"}, {"9": "S", "53": "E", "150": "E", "34": "S", "59": "E", "15": "S"}, {"34": "S", "15": "E", "59": "S", "9": "E", "53": "S"}, {"34": "S", "59": "S", "15": "E"}, {"34": "S", "15": "N", "59": "E"}, {"15": "E", "34": "E"}, {"15": "N", "34": "E"}, {"34": "E"}, {"146": "N"}, {"146": "N"}, {"146": "N"}, {"146": "N"}, {"146": "N"}, {"146": "N"}, {"146": "N"}, {"146": "E"}, {"146": "E"}, {"146": "E"}, {"146": "E"}, {"146": "E"}, {"146": "E"}, {"146": "E"}, {"146": "E"}, {"146": "E"}, {"146": "E"}, {"146": "E"}, {"146": "E"}, {"146": "E"}, {"146": "E"}, {"146": "E"}, {"146": "N"}, {"146": "E"}, {"146": "N"}, {"146": "E"}, {"146": "E"}, {"146": "E"}, {"146": "N"}, {"146": "E"}, {"146": "E"}, {"146": "N"}, {"146": "E"}, {"146": "N"}, {"146": "E"}, {"146": "E"}, {"146": "E"}, {"146": "N"}, {"146": "E"}, {"146": "E"}, {"146": "E"}, {"146": "E"}, {"146": "E"}, {"146": "E"}, {"146": "E"}, {"146": "E"}, {"146": "N"}, {"146": "N"}, {"146": "E"}, {"146": "E"}, {"146": "E"}, {"103": "N"}, {"103": "N"}, {"103": "N"}, {"103": "N"}, {"103": "N"}, {"103": "N"}, {"103": "N"}, {"103": "N"}, {"103": "N"}, {"103": "N"}, {"103": "N"}, {"103": "N"}, {"103": "N"}, {"103": "N"}, {"103": "N"}, {"103": "N"}, {"103": "E"}, {"103": "E"}, {"103": "E"}, {"103": "E"}, {"103": "E"}, {"103": "E"}, {"103": "N"}, {"103": "E"}, {"103": "N"}, {"103": "E"}, {"103": "E"}, {"103": "N"}, {"103": "E"}, {"103": "N"}, {"103": "N"}, {"103": "E"}, {"103": "N"}, {"103": "E"}, {"103": "E"}, {"103": "E"}, {"103": "E"}, {"103": "E"}, {"103": "E"}, {"103": "E"}, {"103": "E"}, {"103": "N"}, {"103": "E"}, {"103": "N"}, {"103": "E"}, {"103": "E"}, {"103": "E"}, {"103": "E"}, {"103": "E"}, {"2": "W"}, {"2": "N"}, {"2": "W"}, {"2": "N"}, {"2": "N"}, {"2": "N"}, {"2": "N"}, {"2": "N"}, {"2": "N"}, {"2": "N"}, {"2": "N"}, {"2": "N"}, {"2": "W"}, {"2": "N"}, {"2": "N"}, {"2": "N"}, {"2": "N"}, {"2": "N"}, {"2": "N"}, {"2": "N"}, {"2": "N"}, {"2": "E"}, {"2": "E"}, {"2": "N"}, {"2": "N"}, {"2": "N"}, {"2": "N"}, {"2": "N"}, {"2": "N"}, {"2": "N"}, {"2": "N"}, {"2": "N"}, {"2": "N"}, {"2": "N"}, {"2": "N"}, {"2": "N"}, {"2": "W"}, {"2": "N"}, {"2": "N"}, {"2": "E"}, {"30": "W"}, {"30": "W"}, {"30": "N"}, {"30": "N"}, {"30": "N"}, {"30": "E"}, {"30": "N"}, {"30": "N"}, {"30": "W"}, {"30": "N"}, {"30": "N"}, {"22": "N"}, {"22": "N"}, {"22": "E"}, {"22": "N"}, {"22": "N"}, {"22": "N"}, {"22": "N"}, {"22": "N"}, {"22": "N"}, {"22": "E"}, {"22": "E"}, {"22": "N"}, {"22": "E"}, {"22": "E"}, {"22": "N"}, {"22": "E"}, {"22": "E"}, {"22": "E"}, {"22": "E"}, {"22": "E"}, {"22": "E"}, {"22": "E"}, {"22": "N"}, {"22": "E"}, {"22": "N"}, {"22": "N"}, {"22": "E"}, {"22": "E"}, {"22": "E"}, {"22": "E"}, {"22": "E"}, {"22": "E"}, {"22": "E"}, {"22": "E"}, {"22": "E"}, {"22": "E"}, {"22": "E"}, {"22": "E"}, {"22": "N"}, {"22": "E"}, {"22": "N"}, {"22": "E"}, {"22": "E"}, {"22": "S"}, {"22": "E"}, {"22": "S"}, {"22": "E"}, {"93": "N"}, {"93": "N"}, {"93": "N"}, {"93": "W"}, {"93": "N"}, {"93": "N"}, {"93": "W"}, {"93": "N"}, {"93": "N"}, {"93": "N"}, {"93": "N"}, {"93": "N"}, {"93": "N"}, {"93": "N"}, {"93": "N"}, {"93": "N"}, {"93": "N"}, {"93": "N"}, {"93": "N"}, {"93": "N"}, {"93": "N"}, {"93": "N"}, {"93": "N"}, {"93": "N"}, {"93": "N"}, {"93": "N"}, {"93": "N"}, {"93": "N"}, {"93": "N"}, {"93": "N"}, {"93": "N"}, {"93": "E"}, {"93": "N"}, {"93": "N"}, {"93": "E"}, {"93": "E"}, {"171": "N"}, {"171": "N"}, {"171": "N"}, {"171": "N"}, {"171": "N"}, {"171": "N"}, {"171": "N"}, {"171": "N"}, {"171": "N"}, {"171": "N"}, {"171": "N"}, {"171": "N"}, {"171": "E"}, {"171": "N"}, {"171": "N"}, {"171": "N"}, {"171": "N"}, {"171": "N"}, {"171": "N"}, {"171": "N"}, {"171": "E"}, {"171": "E"}, {"171": "E"}, {"171": "E"}, {"171": "E"}, {"171": "N"}, {"171": "E"}, {"171": "E"}, {"171": "E"}, {"171": "E"}, {"171": "E"}, {"171": "E"}, {"171": "E"}, {"171": "E"}, {"171": "N"}, {"171": "E"}, {"171": "E"}, {"171": "S"}, {"171": "E"}, {"171": "E"}, {"119": "W"}, {"119": "W"}, {"119": "N"}, {"119": "N"}, {"119": "N"}, {"119": "N"}, {"119": "N"}, {"119": "N"}, {"119": "N"}, {"119": "N"}, {"119": "N"}, {"119": "W"}, {"119": "N"}, {"119": "N"}, {"119": "N"}, {"119": "N"}, {"119": "N"}, {"119": "N"}, {"119": "N"}, {"119": "N"}, {"119": "E"}, {"119": "E"}, {"119": "N"}, {"119": "N"}, {"119": "W"}, {"119": "N"}, {"119": "N"}, {"119": "N"}, {"119": "N"}, {"119": "N"}, {"119": "N"}, {"119": "N"}, {"119": "N"}, {"119": "N"}, {"119": "N"}, {"119": "N"}, {"44": "N"}, {"44": "W"}, {"44": "W"}, {"44": "N"}, {"44": "N"}, {"44": "W"}, {"44": "N"}, {"44": "N"}, {"44": "N"}, {"44": "E"}, {"44": "N"}, {"44": "N"}, {"44": "W"}, {"44": "N"}, {"16": "W"}, {"16": "N"}, {"16": "W"}, {"16": "N"}, {"16": "N"}, {"16": "N"}, {"16": "E"}, {"16": "N"}, {"16": "N"}, {"16": "W"}, {"16": "N"}, {"16": "N"}, {"16": "N"}, {"16": "N"}, {"16": "N"}, {"16": "N"}, {"16": "N"}, {"16": "N"}, {"16": "N"}, {"16": "N"}, {"16": "W"}, {"16": "W"}, {"16": "N"}, {"16": "N"}, {"16": "N"}, {"16": "N"}, {"16": "N"}, {"16": "N"}, {"16": "N"}, {"16": "N"}, {"16": "N"}, {"16": "E"}, {"16": "N"}, {"16": "N"}, {"16": "N"}, {"16": "N"}, {"16": "E"}, {"16": "N"}, {"164": "N"}, {"164": "W"}, {"164": "W"}, {"164": "N"}, {"164": "N"}, {"164": "N"}, {"164": "N"}, {"164": "N"}, {"164": "N"}, {"164": "N"}, {"164": "N"}, {"164": "W"}, {"164": "W"}, {"164": "W"}, {"164": "S"}, {"164": "W"}, {"164": "W"}, {"164": "S"}, {"164": "S"}, {"164": "S"}, {"164": "W"}, {"164": "S"}, {"164": "W"}, {"164": "S"}, {"164": "W"}, {"164": "S"}, {"164": "S"}, {"164": "S"}, {"164": "S"}, {"164": "S"}, {"164": "S"}, {"164": "E"}, {"164": "E"}, {"164": "N"}, {"164": "E"}, {"164": "E"}, {"164": "N"}, {"164": "N"}, {"164": "W"}, {"164": "N"}, {"164": "N"}, {"164": "N"}, {"11": "S"}, {"11": "W"}, {"11": "W"}, {"11": "W"}, {"11": "W"}, {"11": "W"}, {"11": "W"}, {"11": "W"}, {"11": "W"}, {"11": "W"}, {"11": "W"}, {"11": "S"}, {"11": "S"}, {"11": "S"}, {"11": "S"}, {"11": "W"}, {"11": "W"}, {"11": "N"}, {"11": "W"}, {"11": "N"}, {"11": "N"}, {"11": "N"}, {"11": "N"}, {"11": "N"}, {"11": "N"}, {"11": "E"}, {"11": "E"}, {"11": "S"}, {"11": "E"}, {"11": "E"}, {"11": "N"}, {"11": "E"}, {"11": "E"}, {"11": "N"}, {"11": "N"}, {"11": "W"}, {"11": "N"}, {"11": "N"}, {"124": "S"}, {"124": "W"}, {"124": "W"}, {"124": "W"}, {"124": "W"}, {"124": "W"}, {"124": "S"}, {"124": "S"}, {"124": "S"}, {"124": "W"}, {"124": "W"}, {"116": "W"}, {"116": "N"}, {"116": "N"}, {"116": "N"}, {"116": "N"}, {"116": "N"}, {"116": "N"}, {"116": "N"}, {"116": "N"}, {"116": "N"}, {"116": "W"}, {"116": "W"}, {"116": "W"}, {"116": "S"}, {"116": "W"}, {"116": "W"}, {"116": "S"}, {"116": "S"}, {"116": "S"}, {"116": "W"}, {"116": "S"}, {"116": "W"}, {"116": "S"}, {"116": "S"}, {"116": "S"}, {"116": "W"}, {"116": "S"}, {"116": "S"}, {"116": "S"}, {"116": "S"}, {"116": "E"}, {"116": "E"}, {"116": "N"}, {"116": "E"}, {"116": "E"}, {"116": "N"}, {"116": "N"}, {"116": "W"}, {"116": "N"}, {"178": "N"}, {"178": "W"}, {"178": "W"}, {"178": "N"}, {"178": "N"}, {"178": "N"}, {"178": "N"}, {"178": "N"}, {"178": "N"}, {"178": "W"}, {"178": "W"}, {"178": "W"}, {"178": "S"}, {"178": "W"}, {"178": "W"}, {"178": "W"}, {"178": "S"}, {"178": "S"}, {"178": "S"}, {"178": "S"}, {"122": "S"}, {"122": "E"}, {"122": "E"}, {"122": "E"}, {"122": "E"}, {"122": "E"}, {"122": "E"}, {"122": "E"}, {"122": "E"}, {"122": "E"}, {"122": "E"}, {"122": "E"}, {"122": "N"}, {"122": "E"}, {"122": "E"}, {"122": "E"}, {"122": "E"}, {"122": "N"}, {"122": "E"}, {"122": "E"}, {"122": "E"}, {"122": "E"}, {"122": "E"}, {"122": "E"}, {"122": "E"}, {"122": "E"}, {"122": "E"}, {"122": "E"}, {"122": "E"}, {"122": "N"}, {"122": "N"}, {"122": "N"}, {"122": "N"}, {"122": "E"}, {"122": "E"}, {"122": "E"}, {"122": "E"}, {"122": "N"}, {"122": "E"}, {"122": "N"}, {"122": "E"}, {"122": "N"}, {"122": "N"}, {"40": "N"}, {"40": "N"}, {"40": "N"}, {"40": "N"}, {"40": "N"}, {"40": "N"}, {"40": "N"}, {"40": "N"}, {"40": "N"}, {"40": "N"}, {"40": "N"}, {"40": "N"}, {"40": "N"}, {"40": "N"}, {"40": "N"}, {"40": "N"}, {"40": "E"}, {"40": "E"}, {"40": "E"}, {"40": "N"}, {"40": "E"}, {"40": "N"}, {"40": "E"}, {"40": "E"}, {"40": "N"}, {"40": "E"}, {"40": "E"}, {"40": "E"}, {"40": "N"}, {"40": "E"}, {"40": "E"}, {"40": "E"}, {"40": "E"}, {"40": "E"}, {"40": "E"}, {"40": "E"}, {"140": "N"}, {"140": "N"}, {"140": "N"}, {"140": "N"}, {"140": "N"}, {"140": "N"}, {"140": "N"}, {"140": "N"}, {"140": "N"}, {"140": "N"}, {"140": "N"}, {"140": "E"}, {"140": "E"}, {"140": "E"}, {"140": "N"}, {"140": "E"}, {"140": "E"}, {"140": "E"}, {"140": "E"}, {"140": "E"}, {"140": "E"}, {"140": "E"}, {"140": "E"}, {"140": "N"}, {"140": "E"}, {"140": "N"}, {"140": "E"}, {"140": "E"}, {"140": "E"}, {"140": "E"}, {"140": "E"}, {"140": "S"}, {"140": "E"}, {"140": "E"}, {"140": "N"}, {"140": "E"}, {"140": "E"}, {"140": "N"}, {"140": "N"}, {"140": "W"}, {"69": "W"}, {"69": "W"}, {"69": "S"}, {"69": "W"}, {"69": "W"}, {"69": "W"}, {"69": "W"}, {"69": "W"}, {"69": "S"}, {"20": "N"}, {"20": "N"}, {"20": "N"}, {"20": "N"}, {"20": "N"}, {"20": "N"}, {"20": "N"}, {"20": "E"}, {"20": "E"}, {"20": "E"}, {"20": "E"}, {"20": "E"}, {"20": "E"}, {"20": "E"}, {"20": "E"}, {"20": "E"}, {"20": "N"}, {"20": "N"}, {"20": "N"}, {"20": "N"}, {"20": "E"}, {"20": "E"}, {"20": "E"}, {"20": "E"}, {"20": "N"}, {"20": "E"}, {"20": "N"}, {"20": "E"}, {"112": "S"}, {"112": "S"}, {"112": "W"}, {"112": "S"}, {"112": "S"}, {"112": "S"}, {"112": "E"}, {"112": "E"}, {"112": "E"}, {"112": "E"}, {"112": "S"}, {"112": "S"}, {"112": "W"}, {"127": "E"}, {"127": "E"}, {"127": "N"}, {"127": "N"}, {"127": "N"}, {"127": "N"}, {"127": "N"}, {"127": "N"}, {"127": "N"}, {"127": "N"}, {"127": "N"}, {"127": "N"}, {"127": "N"}, {"127": "N"}, {"127": "N"}, {"127": "N"}, {"127": "N"}, {"127": "E"}, {"127": "E"}, {"127": "E"}, {"127": "E"}, {"127": "E"}, {"127": "E"}, {"127": "N"}, {"127": "E"}, {"127": "N"}, {"127": "E"}, {"127": "E"}, {"127": "E"}, {"127": "E"}, {"127": "E"}, {"127": "E"}, {"127": "E"}, {"127": "E"}, {"127": "E"}, {"127": "N"}, {"127": "N"}, {"127": "E"}, {"83": "S"}, {"83": "S"}, {"83": "S"}, {"83": "E"}, {"83": "E"}, {"83": "E"}, {"83": "E"}, {"83": "E"}, {"83": "E"}, {"83": "E"}, {"83": "E"}, {"83": "E"}, {"83": "E"}, {"83": "E"}, {"83": "E"}, {"83": "E"}, {"83": "E"}, {"83": "E"}, {"83": "E"}, {"83": "E"}, {"83": "E"}, {"83": "E"}, {"83": "E"}, {"83": "E"}, {"83": "E"}, {"83": "E"}, {"83": "S"}, {"83": "S"}, {"83": "S"}, {"83": "S"}, {"83": "E"}, {"83": "S"}, {"83": "E"}, {"83": "E"}, {"83": "N"}, {"83": "N"}, {"83": "N"}, {"83": "N"}, {"83": "E"}, {"83": "E"}, {"83": "E"}, {"83": "E"}, {"83": "N"}, {"83": "E"}, {"156": "N"}, {"156": "N"}, {"156": "N"}, {"156": "E"}, {"156": "N"}, {"156": "N"}, {"156": "E"}, {"156": "E"}, {"156": "N"}, {"156": "E"}, {"156": "E"}, {"156": "N"}, {"156": "E"}, {"156": "E"}, {"156": "E"}, {"156": "E"}, {"156": "E"}, {"156": "E"}, {"156": "E"}, {"156": "N"}, {"156": "E"}, {"156": "N"}, {"156": "N"}, {"156": "E"}, {"156": "E"}, {"156": "E"}, {"156": "E"}, {"156": "E"}, {"156": "E"}, {"156": "E"}, {"156": "E"}, {"156": "E"}, {"156": "E"}, {"6": "N"}, {"6": "W"}, {"6": "N"}, {"6": "N"}, {"6": "W"}, {"6": "N"}, {"6": "N"}, {"6": "E"}, {"6": "N"}, {"6": "N"}, {"6": "W"}, {"6": "N"}, {"6": "N"}, {"6": "N"}, {"6": "N"}, {"6": "N"}, {"6": "N"}, {"6": "N"}, {"6": "N"}, {"6": "N"}, {"6": "N"}, {"6": "N"}, {"6": "N"}, {"6": "N"}, {"6": "E"}, {"80": "S"}, {"80": "W"}, {"80": "W"}, {"80": "W"}, {"80": "W"}, {"80": "W"}, {"80": "W"}, {"80": "W"}, {"80": "S"}, {"80": "S"}, {"80": "S"}, {"80": "S"}, {"80": "S"}, {"80": "S"}, {"172": "S"}, {"172": "S"}, {"172": "S"}, {"172": "S"}, {"172": "S"}, {"172": "S"}, {"172": "S"}, {"172": "E"}, {"172": "S"}, {"172": "E"}, {"172": "E"}, {"172": "E"}, {"172": "S"}, {"172": "S"}, {"172": "S"}, {"172": "S"}, {"172": "S"}, {"172": "S"}, {"172": "S"}, {"172": "S"}, {"172": "S"}, {"172": "S"}, {"172": "S"}, {"172": "S"}, {"172": "S"}, {"172": "S"}, {"172": "W"}, {"172": "S"}, {"70": "W"}, {"70": "N"}, {"70": "N"}, {"70": "N"}, {"70": "N"}, {"70": "N"}, {"70": "N"}, {"70": "N"}, {"70": "N"}, {"70": "N"}, {"70": "N"}, {"70": "N"}, {"70": "N"}, {"70": "N"}, {"70": "W"}, {"70": "W"}, {"70": "W"}, {"70": "S"}, {"70": "W"}, {"70": "W"}, {"70": "W"}, {"70": "S"}, {"70": "W"}, {"70": "W"}, {"70": "W"}, {"70": "W"}, {"70": "W"}, {"70": "W"}, {"70": "S"}, {"70": "S"}, {"70": "S"}, {"136": "N"}, {"136": "N"}, {"136": "N"}, {"136": "E"}, {"136": "E"}, {"136": "E"}, {"136": "N"}, {"136": "E"}, {"136": "N"}, {"136": "E"}, {"136": "E"}, {"136": "E"}, {"136": "E"}, {"136": "N"}, {"136": "E"}, {"136": "E"}, {"136": "N"}, {"136": "E"}, {"136": "N"}, {"136": "E"}, {"136": "N"}, {"65": "S"}, {"65": "S"}, {"65": "S"}, {"65": "S"}, {"65": "S"}, {"65": "E"}, {"65": "E"}, {"65": "E"}, {"65": "E"}, {"65": "E"}, {"65": "E"}, {"65": "E"}, {"65": "E"}, {"65": "E"}, {"65": "E"}, {"65": "E"}, {"65": "E"}, {"65": "E"}, {"65": "E"}, {"65": "E"}, {"65": "E"}, {"65": "E"}, {"65": "E"}, {"65": "E"}, {"65": "E"}, {"65": "E"}, {"65": "E"}, {"65": "E"}, {"65": "E"}, {"65": "E"}, {"65": "S"}, {"65": "S"}, {"65": "S"}, {"65": "E"}, {"65": "S"}, {"65": "E"}, {"65": "E"}, {"65": "N"}, {"65": "N"}, {"65": "N"}, {"65": "N"}, {"65": "E"}, {"65": "E"}, {"65": "E"}, {"65": "E"}, {"155": "W"}, {"155": "N"}, {"155": "N"}, {"155": "N"}, {"155": "W"}, {"155": "W"}, {"155": "W"}, {"155": "S"}, {"155": "W"}, {"155": "W"}, {"155": "W"}, {"155": "S"}, {"155": "W"}, {"155": "W"}, {"155": "W"}, {"155": "W"}, {"155": "W"}, {"155": "W"}, {"155": "W"}, {"155": "W"}, {"155": "W"}, {"155": "W"}, {"155": "W"}, {"155": "N"}, {"36": "W"}, {"36": "W"}, {"36": "W"}, {"36": "W"}, {"36": "W"}, {"36": "W"}, {"36": "W"}, {"36": "W"}, {"36": "W"}, {"36": "W"}, {"36": "W"}, {"36": "W"}, {"36": "W"}, {"36": "W"}, {"36": "N"}, {"36": "W"}, {"36": "W"}, {"36": "W"}, {"36": "W"}, {"36": "N"}, {"36": "W"}, {"36": "W"}, {"36": "W"}, {"36": "S"}, {"36": "W"}, {"36": "W"}, {"36": "N"}, {"43": "W"}, {"43": "W"}, {"43": "W"}, {"43": "W"}, {"43": "W"}, {"43": "S"}, {"43": "S"}, {"43": "W"}, {"43": "W"}, {"43": "W"}, {"43": "W"}, {"43": "W"}, {"43": "W"}, {"43": "W"}, {"43": "W"}, {"43": "S"}, {"43": "S"}, {"87": "W"}, {"87": "W"}, {"87": "W"}, {"87": "W"}, {"87": "W"}, {"87": "S"}, {"87": "S"}, {"87": "W"}, {"87": "W"}, {"87": "W"}, {"87": "S"}, {"49": "W"}, {"49": "S"}, {"49": "W"}, {"49": "W"}, {"49": "W"}, {"49": "W"}, {"49": "W"}, {"49": "W"}, {"49": "W"}, {"49": "W"}, {"49": "W"}, {"49": "S"}, {"49": "S"}, {"49": "W"}, {"49": "S"}, {"49": "W"}, {"49": "S"}, {"49": "W"}, {"49": "S"}, {"38": "E"}, {"38": "N"}, {"38": "N"}, {"38": "N"}, {"38": "N"}, {"38": "N"}, {"38": "N"}, {"38": "N"}, {"38": "N"}, {"38": "E"}, {"38": "E"}, {"38": "E"}, {"38": "E"}, {"38": "E"}, {"38": "E"}, {"38": "E"}, {"38": "E"}, {"38": "N"}, {"38": "N"}, {"38": "N"}, {"38": "N"}, {"38": "E"}, {"38": "E"}, {"61": "W"}, {"61": "W"}, {"61": "W"}, {"61": "W"}, {"61": "W"}, {"61": "W"}, {"61": "W"}, {"61": "W"}, {"61": "W"}, {"61": "W"}, {"61": "W"}, {"61": "W"}, {"61": "W"}, {"61": "W"}, {"61": "S"}, {"61": "S"}, {"61": "S"}, {"61": "W"}, {"61": "S"}, {"61": "S"}, {"61": "E"}, {"73": "E"}, {"73": "S"}, {"73": "S"}, {"73": "E"}, {"73": "S"}, {"73": "S"}, {"73": "S"}, {"73": "S"}, {"73": "S"}, {"73": "E"}, {"73": "E"}, {"73": "E"}, {"73": "E"}, {"73": "E"}, {"73": "E"}, {"73": "E"}, {"73": "E"}, {"73": "E"}, {"73": "E"}, {"73": "E"}, {"73": "E"}, {"73": "E"}, {"73": "E"}, {"73": "E"}, {"73": "E"}, {"73": "E"}, {"73": "E"}, {"73": "E"}, {"73": "E"}, {"73": "E"}, {"73": "S"}, {"73": "E"}, {"73": "S"}, {"73": "E"}, {"73": "E"}, {"73": "N"}, {"73": "N"}, {"73": "E"}, {"73": "E"}, {"73": "E"}, {"145": "N"}, {"145": "N"}, {"145": "N"}, {"145": "N"}, {"145": "E"}, {"145": "N"}, {"145": "N"}, {"145": "N"}, {"145": "N"}, {"145": "N"}, {"145": "N"}, {"145": "E"}, {"145": "E"}, {"145": "E"}, {"145": "E"}, {"145": "E"}, {"145": "E"}, {"145": "E"}, {"145": "N"}, {"145": "E"}, {"145": "N"}, {"145": "E"}, {"145": "E"}, {"145": "E"}, {"86": "S"}, {"86": "W"}, {"86": "W"}, {"86": "S"}, {"86": "S"}, {"86": "S"}, {"86": "S"}, {"86": "S"}, {"86": "S"}, {"86": "W"}, {"86": "W"}, {"86": "W"}, {"101": "N"}, {"101": "N"}, {"101": "N"}, {"101": "N"}, {"101": "N"}, {"101": "N"}, {"101": "N"}, {"101": "E"}, {"101": "E"}, {"101": "E"}, {"101": "E"}, {"101": "E"}, {"101": "E"}, {"101": "E"}, {"101": "N"}, {"101": "N"}, {"101": "E"}, {"101": "E"}, {"25": "W"}, {"25": "N"}, {"25": "N"}, {"25": "N"}, {"25": "N"}, {"25": "W"}, {"25": "W"}, {"25": "W"}, {"25": "S"}, {"25": "W"}, {"25": "W"}, {"25": "W"}, {"25": "S"}, {"25": "W"}, {"25": "W"}, {"25": "W"}, {"25": "S"}, {"25": "S"}, {"25": "S"}, {"25": "W"}, {"25": "S"}, {"25": "W"}, {"25": "S"}, {"25": "W"}, {"25": "S"}, {"25": "S"}, {"25": "S"}, {"25": "E"}, {"173": "S"}, {"173": "S"}, {"173": "S"}, {"173": "S"}, {"173": "S"}, {"173": "S"}, {"173": "S"}, {"173": "E"}, {"173": "E"}, {"173": "E"}, {"173": "E"}, {"123": "S"}, {"123": "W"}, {"123": "W"}, {"123": "W"}, {"123": "W"}, {"123": "S"}, {"123": "S"}, {"123": "S"}, {"123": "W"}, {"123": "W"}, {"123": "S"}, {"123": "W"}, {"123": "S"}, {"123": "W"}, {"123": "W"}, {"123": "W"}, {"123": "W"}, {"123": "W"}, {"123": "W"}, {"123": "N"}, {"123": "N"}, {"123": "W"}, {"123": "N"}, {"123": "N"}, {"123": "N"}, {"123": "N"}, {"123": "N"}, {"123": "E"}, {"106": "W"}, {"106": "S"}, {"106": "W"}, {"106": "W"}, {"106": "W"}, {"106": "W"}, {"106": "W"}, {"106": "W"}, {"106": "S"}, {"106": "S"}, {"106": "W"}, {"106": "S"}, {"106": "S"}, {"106": "S"}, {"106": "S"}, {"106": "S"}, {"106": "S"}, {"106": "W"}, {"106": "W"}, {"106": "N"}, {"35": "W"}, {"35": "S"}, {"35": "S"}, {"35": "W"}, {"35": "W"}, {"35": "S"}, {"35": "W"}, {"35": "S"}, {"35": "W"}, {"35": "W"}, {"35": "W"}, {"35": "W"}, {"35": "W"}, {"35": "W"}, {"35": "W"}, {"35": "W"}, {"35": "N"}, {"35": "W"}, {"35": "N"}, {"35": "N"}, {"35": "N"}, {"35": "N"}, {"35": "N"}, {"35": "N"}, {"35": "N"}, {"35": "W"}, {"35": "N"}, {"35": "W"}, {"35": "N"}, {"35": "N"}, {"92": "W"}, {"92": "S"}, {"92": "W"}, {"92": "W"}, {"92": "W"}, {"92": "W"}, {"92": "W"}, {"92": "W"}, {"92": "W"}, {"92": "W"}, {"92": "W"}, {"92": "N"}, {"92": "W"}, {"92": "N"}, {"92": "N"}, {"92": "N"}, {"92": "W"}, {"92": "N"}, {"92": "N"}, {"92": "N"}, {"92": "N"}, {"5": "N"}, {"5": "W"}, {"5": "W"}, {"5": "W"}, {"5": "S"}, {"5": "S"}, {"5": "S"}, {"5": "S"}, {"5": "S"}, {"5": "S"}, {"5": "W"}, {"5": "W"}, {"5": "S"}, {"5": "W"}, {"5": "S"}, {"5": "W"}, {"13": "W"}, {"13": "S"}, {"13": "S"}, {"13": "S"}, {"13": "S"}, {"13": "S"}, {"13": "S"}, {"13": "S"}, {"13": "W"}, {"13": "W"}, {"13": "S"}, {"13": "W"}, {"13": "S"}, {"13": "S"}, {"13": "W"}, {"13": "W"}, {"13": "W"}, {"13": "W"}, {"13": "N"}, {"13": "N"}, {"13": "N"}, {"166": "E"}, {"166": "S"}, {"166": "S"}, {"166": "E"}, {"166": "E"}, {"166": "E"}, {"166": "S"}, {"166": "S"}, {"166": "W"}, {"166": "S"}, {"166": "S"}, {"166": "S"}, {"166": "S"}, {"166": "S"}, {"166": "S"}, {"166": "S"}, {"166": "S"}, {"166": "S"}, {"166": "S"}, {"75": "N"}, {"75": "W"}, {"75": "W"}, {"75": "S"}, {"75": "S"}, {"75": "S"}, {"75": "S"}, {"75": "S"}, {"75": "S"}, {"75": "W"}, {"75": "W"}, {"75": "S"}, {"75": "W"}, {"75": "S"}, {"75": "S"}, {"75": "W"}, {"75": "W"}, {"75": "W"}, {"75": "W"}, {"75": "N"}, {"75": "N"}, {"104": "S"}, {"104": "S"}, {"104": "W"}, {"104": "W"}, {"104": "W"}, {"104": "W"}, {"104": "W"}, {"104": "S"}, {"104": "S"}, {"104": "S"}, {"104": "W"}, {"104": "W"}, {"104": "S"}, {"104": "W"}, {"104": "S"}, {"104": "S"}, {"104": "W"}, {"104": "W"}, {"104": "W"}, {"104": "W"}, {"104": "W"}, {"104": "W"}, {"104": "N"}, {"104": "W"}, {"104": "N"}, {"104": "N"}, {"104": "N"}, {"104": "N"}, {"163": "W"}, {"163": "S"}, {"163": "S"}, {"163": "W"}, {"163": "W"}, {"163": "W"}, {"163": "W"}, {"163": "W"}, {"163": "W"}, {"163": "W"}, {"163": "W"}, {"163": "W"}, {"163": "S"}, {"163": "S"}, {"163": "W"}, {"163": "S"}, {"163": "S"}, {"163": "S"}, {"163": "S"}, {"163": "S"}, {"163": "S"}, {"163": "W"}, {"163": "W"}, {"163": "W"}, {"163": "W"}, {"163": "W"}, {"163": "S"}, {"18": "S"}, {"18": "W"}, {"18": "W"}, {"18": "S"}, {"18": "S"}, {"18": "S"}, {"18": "W"}, {"18": "W"}, {"18": "S"}, {"18": "W"}, {"18": "S"}, {"18": "S"}, {"18": "W"}, {"18": "W"}, {"18": "W"}, {"18": "W"}, {"18": "W"}, {"18": "W"}, {"18": "N"}, {"18": "W"}, {"18": "N"}, {"18": "N"}, {"111": "N"}, {"111": "W"}, {"111": "W"}, {"111": "N"}, {"111": "N"}, {"111": "N"}, {"111": "N"}, {"111": "N"}, {"111": "W"}, {"111": "W"}, {"111": "N"}, {"111": "W"}, {"111": "N"}, {"111": "N"}, {"111": "E"}, {"71": "S"}, {"71": "E"}, {"71": "S"}, {"71": "S"}, {"71": "E"}, {"71": "E"}, {"71": "E"}, {"71": "E"}, {"71": "S"}, {"71": "E"}, {"71": "S"}, {"71": "E"}, {"130": "W"}, {"130": "S"}, {"130": "W"}, {"130": "W"}, {"130": "S"}, {"130": "W"}, {"130": "S"}, {"130": "S"}, {"130": "W"}, {"130": "W"}, {"130": "W"}, {"130": "W"}, {"130": "W"}, {"130": "W"}, {"130": "N"}, {"130": "W"}, {"130": "W"}, {"130": "N"}, {"135": "W"}, {"135": "S"}, {"135": "S"}, {"135": "S"}, {"135": "S"}, {"135": "S"}, {"135": "S"}, {"135": "S"}, {"135": "S"}, {"135": "S"}, {"135": "S"}, {"135": "W"}, {"135": "W"}, {"135": "S"}, {"135": "W"}, {"135": "S"}, {"135": "S"}, {"135": "W"}, {"135": "W"}, {"135": "W"}, {"135": "W"}, {"135": "W"}, {"135": "W"}, {"135": "N"}, {"135": "W"}, {"135": "W"}, {"58": "S"}, {"58": "E"}, {"58": "E"}, {"58": "N"}, {"58": "E"}, {"58": "E"}, {"58": "E"}, {"58": "S"}, {"58": "S"}, {"58": "E"}, {"58": "E"}, {"58": "E"}, {"58": "E"}, {"58": "N"}, {"58": "N"}, {"58": "W"}, {"33": "S"}, {"33": "E"}, {"33": "E"}, {"33": "E"}, {"33": "E"}, {"33": "S"}, {"33": "S"}, {"33": "W"}, {"33": "S"}, {"33": "S"}, {"33": "S"}, {"33": "S"}, {"33": "S"}, {"33": "S"}, {"33": "W"}, {"33": "S"}, {"33": "S"}, {"33": "S"}, {"33": "S"}, {"33": "W"}, {"33": "S"}, {"33": "S"}, {"33": "S"}, {"33": "S"}, {"33": "S"}, {"33": "S"}, {"33": "E"}, {"143": "S"}, {"143": "S"}, {"143": "S"}, {"143": "S"}, {"143": "S"}, {"143": "E"}, {"143": "E"}, {"143": "E"}, {"143": "E"}, {"143": "E"}, {"143": "E"}, {"143": "E"}, {"143": "E"}, {"143": "E"}, {"143": "E"}, {"143": "E"}, {"143": "E"}, {"143": "E"}, {"143": "E"}, {"143": "E"}, {"143": "E"}, {"143": "E"}, {"143": "E"}, {"148": "S"}, {"148": "W"}, {"148": "W"}, {"148": "W"}, {"148": "W"}, {"148": "S"}, {"148": "W"}, {"148": "S"}, {"148": "S"}, {"148": "W"}, {"148": "W"}, {"148": "W"}, {"148": "W"}, {"148": "W"}, {"148": "W"}, {"148": "S"}, {"148": "W"}, {"148": "S"}, {"148": "W"}, {"148": "W"}, {"148": "W"}, {"148": "W"}, {"148": "W"}, {"148": "W"}, {"148": "W"}, {"148": "N"}, {"148": "N"}, {"148": "N"}, {"148": "N"}, {"148": "N"}, {"148": "N"}, {"176": "W"}, {"176": "S"}, {"176": "S"}, {"176": "S"}, {"176": "S"}, {"176": "S"}, {"176": "S"}, {"176": "S"}, {"176": "S"}, {"176": "S"}, {"176": "S"}, {"176": "S"}, {"176": "S"}, {"176": "S"}, {"176": "S"}, {"176": "S"}, {"176": "S"}, {"176": "W"}, {"176": "W"}, {"176": "S"}, {"176": "W"}, {"176": "S"}, {"176": "S"}, {"176": "W"}, {"176": "W"}, {"176": "W"}, {"176": "W"}, {"176": "W"}, {"176": "W"}, {"176": "S"}, {"176": "W"}, {"176": "S"}, {"176": "W"}, {"176": "W"}, {"176": "N"}, {"63": "S"}, {"63": "S"}, {"63": "S"}, {"63": "S"}, {"63": "S"}, {"63": "S"}, {"63": "S"}, {"63": "S"}, {"63": "S"}, {"63": "S"}, {"63": "S"}, {"63": "S"}, {"63": "S"}, {"63": "E"}, {"63": "E"}, {"63": "E"}, {"63": "S"}, {"63": "S"}, {"63": "W"}, {"63": "S"}, {"63": "S"}, {"63": "S"}, {"63": "S"}, {"0": "S"}, {"0": "S"}, {"0": "S"}, {"0": "S"}, {"0": "E"}, {"0": "S"}, {"0": "S"}, {"0": "E"}, {"0": "E"}, {"0": "E"}, {"0": "E"}, {"0": "E"}, {"0": "E"}, {"0": "E"}, {"0": "E"}, {"0": "E"}, {"45": "E"}, {"45": "S"}, {"45": "S"}, {"45": "S"}, {"45": "S"}, {"45": "S"}, {"45": "S"}, {"45": "S"}, {"45": "S"}, {"45": "S"}, {"45": "S"}, {"45": "E"}, {"45": "E"}, {"45": "E"}, {"45": "E"}, {"45": "E"}, {"45": "E"}, {"45": "E"}, {"45": "E"}, {"39": "S"}, {"39": "E"}, {"39": "S"}, {"39": "S"}, {"39": "S"}, {"39": "S"}, {"39": "S"}, {"39": "S"}, {"39": "S"}, {"39": "S"}, {"39": "E"}, {"39": "E"}, {"169": "E"}, {"169": "S"}, {"169": "S"}, {"169": "S"}, {"169": "S"}, {"169": "S"}, {"169": "S"}, {"169": "S"}, {"169": "S"}, {"169": "S"}, {"169": "S"}, {"169": "S"}, {"169": "S"}, {"169": "E"}, {"169": "E"}, {"169": "E"}, {"169": "E"}, {"169": "E"}, {"169": "E"}, {"169": "E"}, {"169": "E"}, {"169": "E"}, {"169": "E"}, {"169": "E"}, {"169": "E"}, {"133": "E"}, {"133": "S"}, {"133": "S"}, {"133": "S"}, {"133": "S"}, {"133": "S"}, {"133": "S"}, {"133": "S"}, {"133": "S"}, {"133": "S"}, {"133": "S"}, {"133": "S"}, {"133": "S"}, {"133": "S"}, {"133": "S"}, {"133": "E"}, {"133": "E"}, {"133": "E"}, {"133": "E"}, {"133": "E"}, {"133": "E"}, {"76": "S"}, {"76": "E"}, {"76": "S"}, {"76": "S"}, {"76": "S"}, {"76": "S"}, {"76": "S"}, {"76": "S"}, {"76": "S"}, {"76": "S"}, {"76": "S"}, {"76": "S"}, {"76": "S"}, {"76": "E"}, {"76": "E"}, {"76": "E"}, {"76": "E"}, {"76": "E"}, {"149": "N"}, {"149": "N"}, {"149": "E"}, {"149": "N"}, {"149": "N"}, {"149": "N"}, {"149": "N"}, {"149": "N"}, {"149": "N"}, {"149": "E"}, {"114": "S"}, {"114": "S"}, {"114": "E"}, {"114": "E"}, {"114": "S"}, {"114": "S"}, {"114": "S"}, {"114": "S"}, {"114": "S"}, {"114": "S"}, {"114": "S"}, {"114": "S"}, {"114": "S"}, {"114": "S"}, {"114": "S"}, {"114": "E"}], "result": "SUCCESS", "makespan": 1958, "sum": 4934, "algo_name": "OutAndInByPercentage_per_60_SW_"}