{"instance": "small_006_20x20_20_71", "steps": [{"2": "W", "8": "E", "12": "N", "15": "W", "18": "S", "19": "N", "22": "W", "27": "E", "34": "W", "39": "S", "46": "N", "48": "S", "50": "S", "55": "N", "56": "N", "61": "N", "66": "E", "68": "S", "69": "E", "5": "E", "7": "N", "20": "S", "28": "E", "33": "S", "36": "W", "37": "S", "43": "E", "49": "S", "59": "S", "64": "S", "67": "N", "70": "E", "3": "N", "6": "S", "14": "E", "25": "N", "26": "N", "44": "S", "45": "S", "54": "S", "58": "W", "65": "S", "16": "E", "30": "N", "31": "W", "47": "E", "62": "N", "0": "W", "4": "S", "10": "E", "13": "S", "35": "N", "40": "W", "60": "E", "63": "E", "9": "N", "11": "N", "17": "S", "21": "W", "23": "W", "29": "N", "32": "E", "38": "S", "42": "W", "51": "E", "1": "E", "24": "E", "41": "E", "52": "W", "53": "W", "57": "N"}, {"2": "W", "8": "E", "12": "N", "15": "W", "18": "S", "19": "N", "22": "W", "27": "E", "34": "W", "39": "S", "46": "N", "48": "S", "50": "S", "55": "N", "56": "N", "61": "N", "66": "E", "68": "S", "69": "E", "5": "E", "7": "N", "20": "S", "28": "E", "33": "S", "36": "W", "37": "S", "43": "E", "49": "S", "59": "S", "64": "S", "67": "N", "70": "E", "3": "N", "6": "S", "14": "E", "25": "N", "26": "N", "44": "S", "45": "S", "54": "S", "58": "W", "65": "S", "16": "E", "30": "N", "31": "W", "47": "E", "62": "N", "0": "W", "4": "S", "10": "E", "13": "S", "35": "N", "40": "W", "60": "E", "63": "E", "9": "N", "11": "N", "17": "S", "21": "W", "23": "W", "29": "N", "32": "E", "38": "S", "42": "W", "51": "E", "1": "E", "24": "E", "41": "E", "52": "W", "53": "W", "57": "N"}, {"46": "E", "56": "W", "18": "W", "48": "S", "50": "S", "68": "W", "66": "N", "69": "N", "5": "E", "7": "N", "20": "S", "28": "E", "33": "S", "36": "W", "37": "S", "43": "E", "59": "S", "64": "S", "67": "N", "70": "E", "3": "N", "6": "S", "14": "E", "25": "N", "26": "N", "44": "S", "45": "S", "58": "W", "65": "S", "16": "E", "30": "N", "31": "W", "47": "E", "62": "N", "0": "W", "4": "S", "10": "E", "13": "S", "35": "N", "40": "W", "60": "E", "63": "E", "9": "N", "11": "N", "17": "S", "21": "W", "23": "W", "29": "N", "32": "E", "38": "S", "42": "W", "51": "E", "1": "E", "24": "E", "41": "E", "52": "W", "53": "W", "57": "N"}, {"46": "N", "67": "W", "18": "S", "48": "W", "36": "N", "43": "S", "49": "S", "3": "N", "6": "S", "14": "E", "25": "N", "26": "N", "44": "S", "45": "S", "54": "S", "58": "W", "65": "S", "16": "E", "30": "N", "31": "W", "47": "E", "62": "N", "0": "W", "4": "S", "10": "E", "13": "S", "35": "N", "40": "W", "60": "E", "63": "E", "9": "N", "11": "N", "17": "S", "21": "W", "23": "W", "29": "N", "32": "E", "38": "S", "42": "W", "51": "E", "1": "E", "24": "E", "41": "E", "52": "W", "53": "W", "57": "N"}, {"26": "N", "18": "S", "64": "S", "49": "S", "6": "E", "44": "S", "58": "W", "28": "E", "14": "E", "54": "S", "16": "E", "30": "N", "31": "W", "47": "E", "62": "N", "0": "W", "4": "S", "10": "E", "13": "S", "35": "N", "40": "W", "60": "E", "63": "E", "9": "N", "11": "N", "17": "S", "21": "W", "23": "W", "29": "N", "32": "E", "38": "S", "42": "W", "51": "E", "1": "E", "24": "E", "41": "E", "52": "W", "53": "W", "57": "N"}, {"26": "N", "30": "N", "62": "N", "18": "S", "64": "E", "49": "S", "6": "S", "44": "E", "54": "S", "15": "W", "58": "N", "31": "N", "8": "E", "28": "E", "14": "S", "47": "E", "0": "W", "4": "S", "10": "E", "13": "S", "35": "N", "40": "W", "60": "E", "63": "E", "9": "N", "11": "N", "17": "S", "21": "W", "23": "W", "29": "N", "32": "E", "38": "S", "42": "W", "51": "E", "1": "E", "24": "E", "41": "E", "52": "W", "53": "W", "57": "N"}, {"7": "N", "30": "N", "44": "S", "45": "S", "58": "W", "31": "W", "43": "E", "63": "N", "9": "N", "11": "N", "17": "S", "21": "W", "23": "W", "29": "N", "32": "E", "38": "S", "42": "W", "51": "E", "1": "E", "24": "E", "41": "E", "52": "W", "53": "W", "57": "N"}, {"61": "N", "30": "W", "9": "N", "29": "N", "38": "S", "2": "W", "42": "N", "8": "E", "60": "E", "51": "E", "1": "E", "24": "E", "41": "E", "52": "W", "53": "W", "57": "N"}, {"9": "W", "29": "W", "38": "W", "52": "W", "51": "E", "24": "E", "41": "E"}, {"52": "N", "51": "S", "24": "E"}, {"24": "S", "41": "E"}, {"41": "E"}, {"41": "N"}, {"18": "E"}, {"18": "E"}, {"18": "E"}, {"18": "E"}, {"18": "E"}, {"18": "E"}, {"18": "E"}, {"18": "E"}, {"18": "E"}, {"18": "E"}, {"18": "N"}, {"18": "N"}, {"18": "N"}, {"18": "N"}, {"18": "N"}, {"18": "N"}, {"18": "N"}, {"18": "N"}, {"18": "N"}, {"18": "N"}, {"18": "N"}, {"18": "N"}, {"18": "N"}, {"18": "N"}, {"18": "N"}, {"18": "N"}, {"18": "N"}, {"18": "N"}, {"18": "N"}, {"18": "N"}, {"18": "N"}, {"18": "N"}, {"18": "N"}, {"23": "E"}, {"23": "E"}, {"23": "E"}, {"23": "E"}, {"23": "E"}, {"23": "E"}, {"23": "E"}, {"23": "E"}, {"23": "N"}, {"23": "N"}, {"23": "N"}, {"23": "N"}, {"23": "E"}, {"23": "N"}, {"23": "E"}, {"23": "E"}, {"23": "E"}, {"23": "E"}, {"23": "E"}, {"23": "E"}, {"23": "E"}, {"23": "E"}, {"23": "E"}, {"23": "E"}, {"23": "N"}, {"23": "N"}, {"23": "N"}, {"23": "N"}, {"23": "N"}, {"23": "N"}, {"26": "E"}, {"26": "E"}, {"26": "S"}, {"26": "S"}, {"26": "S"}, {"26": "E"}, {"26": "E"}, {"26": "E"}, {"26": "E"}, {"26": "E"}, {"26": "E"}, {"26": "E"}, {"26": "E"}, {"26": "E"}, {"26": "E"}, {"26": "E"}, {"26": "S"}, {"26": "S"}, {"26": "S"}, {"26": "E"}, {"26": "S"}, {"22": "E"}, {"22": "E"}, {"22": "E"}, {"22": "E"}, {"22": "E"}, {"22": "E"}, {"22": "E"}, {"22": "E"}, {"22": "E"}, {"22": "E"}, {"22": "E"}, {"22": "E"}, {"22": "E"}, {"22": "E"}, {"22": "E"}, {"22": "E"}, {"22": "E"}, {"22": "E"}, {"22": "E"}, {"22": "E"}, {"22": "E"}, {"22": "N"}, {"22": "N"}, {"22": "N"}, {"22": "N"}, {"22": "N"}, {"22": "N"}, {"22": "N"}, {"22": "N"}, {"22": "N"}, {"22": "N"}, {"22": "N"}, {"22": "N"}, {"22": "N"}, {"22": "N"}, {"22": "N"}, {"19": "E"}, {"19": "S"}, {"19": "E"}, {"19": "E"}, {"19": "E"}, {"19": "E"}, {"19": "E"}, {"19": "E"}, {"19": "E"}, {"19": "E"}, {"19": "E"}, {"19": "E"}, {"19": "E"}, {"19": "S"}, {"19": "S"}, {"19": "S"}, {"19": "S"}, {"19": "S"}, {"52": "N"}, {"52": "N"}, {"52": "E"}, {"52": "E"}, {"52": "E"}, {"52": "N"}, {"52": "E"}, {"52": "E"}, {"52": "E"}, {"52": "E"}, {"52": "E"}, {"52": "E"}, {"52": "N"}, {"52": "E"}, {"52": "N"}, {"52": "E"}, {"52": "E"}, {"52": "E"}, {"52": "E"}, {"52": "E"}, {"52": "E"}, {"52": "E"}, {"52": "E"}, {"52": "E"}, {"52": "E"}, {"52": "E"}, {"52": "E"}, {"56": "E"}, {"56": "S"}, {"56": "E"}, {"56": "S"}, {"47": "S"}, {"47": "W"}, {"47": "W"}, {"47": "S"}, {"47": "W"}, {"47": "W"}, {"47": "W"}, {"15": "N"}, {"15": "E"}, {"15": "E"}, {"15": "E"}, {"15": "E"}, {"15": "E"}, {"15": "E"}, {"15": "E"}, {"15": "E"}, {"15": "E"}, {"15": "N"}, {"15": "N"}, {"15": "N"}, {"15": "N"}, {"15": "N"}, {"15": "E"}, {"15": "N"}, {"15": "E"}, {"15": "E"}, {"15": "E"}, {"15": "E"}, {"15": "N"}, {"15": "N"}, {"15": "N"}, {"15": "N"}, {"15": "N"}, {"2": "N"}, {"2": "N"}, {"2": "E"}, {"2": "E"}, {"2": "E"}, {"2": "E"}, {"2": "E"}, {"2": "E"}, {"2": "E"}, {"2": "E"}, {"2": "E"}, {"2": "E"}, {"2": "E"}, {"2": "E"}, {"2": "E"}, {"2": "N"}, {"2": "N"}, {"2": "N"}, {"2": "N"}, {"2": "N"}, {"2": "N"}, {"14": "N"}, {"14": "W"}, {"14": "W"}, {"14": "N"}, {"14": "W"}, {"14": "W"}, {"14": "W"}, {"14": "W"}, {"14": "W"}, {"14": "W"}, {"14": "W"}, {"14": "N"}, {"54": "E"}, {"54": "N"}, {"54": "N"}, {"54": "E"}, {"54": "E"}, {"54": "E"}, {"54": "E"}, {"54": "E"}, {"54": "E"}, {"54": "E"}, {"54": "E"}, {"54": "E"}, {"54": "N"}, {"54": "N"}, {"54": "N"}, {"54": "N"}, {"54": "N"}, {"54": "N"}, {"54": "N"}, {"54": "N"}, {"54": "N"}, {"35": "S"}, {"35": "E"}, {"35": "E"}, {"35": "E"}, {"35": "E"}, {"35": "E"}, {"35": "E"}, {"35": "E"}, {"35": "S"}, {"35": "S"}, {"35": "S"}, {"35": "S"}, {"35": "S"}, {"32": "W"}, {"32": "W"}, {"32": "W"}, {"32": "W"}, {"32": "N"}, {"65": "E"}, {"65": "N"}, {"65": "E"}, {"65": "N"}, {"65": "N"}, {"65": "N"}, {"65": "N"}, {"65": "N"}, {"65": "N"}, {"65": "E"}, {"65": "N"}, {"65": "N"}, {"65": "N"}, {"65": "N"}, {"65": "N"}, {"65": "N"}, {"40": "E"}, {"40": "E"}, {"40": "E"}, {"40": "E"}, {"40": "E"}, {"40": "E"}, {"40": "E"}, {"40": "E"}, {"40": "E"}, {"40": "N"}, {"40": "E"}, {"40": "E"}, {"40": "E"}, {"40": "E"}, {"40": "E"}, {"40": "E"}, {"16": "W"}, {"16": "W"}, {"16": "W"}, {"16": "N"}, {"16": "N"}, {"4": "N"}, {"4": "E"}, {"4": "N"}, {"4": "N"}, {"4": "N"}, {"4": "N"}, {"4": "N"}, {"4": "N"}, {"4": "N"}, {"4": "N"}, {"4": "N"}, {"4": "N"}, {"4": "N"}, {"4": "N"}, {"4": "N"}, {"4": "E"}, {"4": "N"}, {"4": "E"}, {"4": "E"}, {"4": "E"}, {"4": "E"}, {"4": "E"}, {"4": "N"}, {"63": "W"}, {"63": "N"}, {"63": "W"}, {"63": "W"}, {"63": "W"}, {"63": "W"}, {"63": "W"}, {"63": "W"}, {"63": "N"}, {"63": "N"}, {"63": "N"}, {"63": "N"}, {"63": "N"}, {"63": "N"}, {"63": "N"}, {"63": "W"}, {"63": "W"}, {"63": "W"}, {"63": "W"}, {"63": "W"}, {"63": "W"}, {"63": "N"}, {"21": "E"}, {"21": "E"}, {"21": "E"}, {"21": "E"}, {"21": "E"}, {"21": "E"}, {"21": "E"}, {"21": "E"}, {"21": "N"}, {"21": "N"}, {"21": "N"}, {"21": "N"}, {"21": "N"}, {"21": "N"}, {"21": "N"}, {"21": "E"}, {"21": "N"}, {"21": "E"}, {"21": "E"}, {"21": "N"}, {"21": "N"}, {"21": "N"}, {"69": "W"}, {"69": "W"}, {"69": "W"}, {"69": "N"}, {"27": "W"}, {"27": "W"}, {"27": "W"}, {"27": "W"}, {"27": "W"}, {"27": "W"}, {"27": "W"}, {"27": "N"}, {"27": "N"}, {"27": "N"}, {"27": "N"}, {"27": "N"}, {"27": "N"}, {"27": "N"}, {"27": "N"}, {"27": "N"}, {"27": "N"}, {"27": "N"}, {"27": "N"}, {"27": "N"}, {"27": "N"}, {"27": "N"}, {"27": "N"}, {"27": "W"}, {"27": "W"}, {"27": "W"}, {"27": "S"}, {"27": "S"}, {"27": "S"}, {"20": "E"}, {"20": "N"}, {"20": "E"}, {"20": "E"}, {"20": "N"}, {"20": "N"}, {"20": "N"}, {"20": "N"}, {"20": "N"}, {"20": "N"}, {"20": "N"}, {"20": "N"}, {"20": "N"}, {"20": "N"}, {"20": "N"}, {"20": "N"}, {"20": "N"}, {"20": "E"}, {"20": "N"}, {"20": "E"}, {"20": "N"}, {"20": "N"}, {"20": "N"}, {"25": "S"}, {"25": "E"}, {"25": "E"}, {"25": "S"}, {"25": "S"}, {"25": "S"}, {"25": "S"}, {"25": "S"}, {"25": "S"}, {"25": "S"}, {"25": "S"}, {"25": "S"}, {"25": "S"}, {"25": "S"}, {"25": "S"}, {"25": "S"}, {"11": "W"}, {"11": "S"}, {"11": "W"}, {"11": "S"}, {"11": "S"}, {"11": "E"}, {"11": "S"}, {"11": "S"}, {"11": "S"}, {"11": "S"}, {"11": "S"}, {"8": "S"}, {"8": "W"}, {"8": "W"}, {"8": "W"}, {"8": "W"}, {"8": "W"}, {"8": "N"}, {"8": "W"}, {"8": "W"}, {"8": "N"}, {"8": "W"}, {"8": "W"}, {"8": "N"}, {"8": "N"}, {"8": "N"}, {"8": "N"}, {"8": "W"}, {"8": "W"}, {"8": "W"}, {"8": "W"}, {"8": "N"}, {"8": "W"}, {"8": "N"}, {"8": "W"}, {"8": "W"}, {"8": "W"}, {"8": "W"}, {"8": "W"}, {"8": "N"}, {"55": "S"}, {"55": "W"}, {"55": "W"}, {"55": "S"}, {"55": "S"}, {"55": "S"}, {"55": "S"}, {"55": "S"}, {"55": "S"}, {"55": "S"}, {"55": "S"}, {"55": "S"}, {"55": "S"}, {"55": "W"}, {"55": "S"}, {"55": "S"}, {"55": "S"}, {"46": "W"}, {"46": "S"}, {"46": "S"}, {"46": "E"}, {"46": "S"}, {"46": "S"}, {"46": "S"}, {"46": "S"}, {"46": "S"}, {"46": "S"}, {"46": "S"}, {"46": "S"}, {"46": "S"}, {"46": "W"}, {"46": "W"}, {"46": "W"}, {"28": "S"}, {"28": "W"}, {"28": "W"}, {"28": "W"}, {"28": "S"}, {"28": "W"}, {"28": "W"}, {"28": "S"}, {"28": "S"}, {"28": "S"}, {"28": "W"}, {"28": "S"}, {"28": "S"}, {"28": "S"}, {"28": "W"}, {"6": "W"}, {"6": "N"}, {"6": "N"}, {"6": "E"}, {"6": "E"}, {"6": "E"}, {"6": "E"}, {"6": "E"}, {"6": "E"}, {"6": "E"}, {"6": "E"}, {"6": "E"}, {"6": "N"}, {"6": "N"}, {"6": "N"}, {"6": "N"}, {"6": "N"}, {"6": "N"}, {"6": "N"}, {"6": "N"}, {"6": "N"}, {"6": "N"}, {"68": "E"}, {"68": "N"}, {"68": "E"}, {"68": "E"}, {"68": "E"}, {"68": "E"}, {"68": "E"}, {"68": "E"}, {"68": "E"}, {"68": "E"}, {"68": "E"}, {"68": "E"}, {"68": "E"}, {"68": "N"}, {"68": "N"}, {"68": "N"}, {"68": "N"}, {"68": "N"}, {"68": "N"}, {"68": "N"}, {"68": "N"}, {"68": "N"}, {"68": "N"}, {"64": "W"}, {"64": "N"}, {"64": "N"}, {"64": "W"}, {"64": "W"}, {"64": "W"}, {"64": "N"}, {"64": "N"}, {"64": "N"}, {"64": "N"}, {"64": "N"}, {"64": "N"}, {"64": "N"}, {"64": "N"}, {"64": "N"}, {"64": "N"}, {"64": "N"}, {"64": "N"}, {"64": "N"}, {"64": "N"}, {"64": "N"}, {"64": "N"}, {"64": "N"}, {"64": "N"}, {"41": "S"}, {"41": "W"}, {"41": "W"}, {"41": "W"}, {"41": "W"}, {"41": "W"}, {"41": "W"}, {"41": "N"}, {"41": "W"}, {"41": "W"}, {"41": "S"}, {"41": "W"}, {"41": "W"}, {"41": "W"}, {"41": "W"}, {"41": "W"}, {"3": "S"}, {"3": "E"}, {"3": "E"}, {"3": "E"}, {"3": "E"}, {"3": "E"}, {"3": "E"}, {"3": "S"}, {"3": "S"}, {"3": "S"}, {"3": "S"}, {"3": "S"}, {"3": "S"}, {"3": "S"}, {"3": "S"}, {"3": "S"}, {"3": "S"}, {"3": "S"}, {"3": "S"}, {"3": "S"}, {"3": "S"}, {"3": "E"}, {"3": "S"}, {"3": "E"}, {"39": "N"}, {"39": "E"}, {"39": "E"}, {"39": "N"}, {"39": "N"}, {"39": "N"}, {"39": "N"}, {"39": "N"}, {"39": "N"}, {"39": "N"}, {"39": "N"}, {"39": "N"}, {"39": "N"}, {"39": "N"}, {"60": "S"}, {"60": "W"}, {"60": "W"}, {"60": "W"}, {"60": "W"}, {"60": "N"}, {"60": "W"}, {"60": "W"}, {"60": "N"}, {"60": "W"}, {"60": "W"}, {"60": "N"}, {"60": "N"}, {"60": "N"}, {"60": "N"}, {"60": "W"}, {"60": "W"}, {"60": "W"}, {"60": "W"}, {"60": "N"}, {"60": "W"}, {"60": "N"}, {"60": "W"}, {"60": "W"}, {"60": "W"}, {"60": "W"}, {"60": "N"}, {"60": "N"}, {"60": "W"}, {"60": "W"}, {"60": "W"}, {"60": "W"}, {"60": "S"}, {"60": "S"}, {"45": "W"}, {"45": "N"}, {"45": "N"}, {"45": "N"}, {"45": "N"}, {"45": "N"}, {"45": "N"}, {"45": "N"}, {"45": "N"}, {"45": "N"}, {"45": "N"}, {"45": "N"}, {"59": "N"}, {"59": "W"}, {"59": "W"}, {"59": "N"}, {"59": "N"}, {"59": "N"}, {"59": "N"}, {"59": "N"}, {"59": "N"}, {"59": "N"}, {"59": "N"}, {"59": "N"}, {"59": "N"}, {"59": "N"}, {"59": "N"}, {"59": "W"}, {"59": "W"}, {"59": "N"}, {"59": "N"}, {"59": "N"}, {"59": "N"}, {"48": "E"}, {"48": "N"}, {"48": "N"}, {"48": "W"}, {"48": "W"}, {"48": "N"}, {"48": "N"}, {"48": "N"}, {"48": "N"}, {"48": "N"}, {"48": "N"}, {"48": "N"}, {"48": "N"}, {"48": "N"}, {"48": "N"}, {"48": "N"}, {"48": "N"}, {"48": "N"}, {"36": "E"}, {"36": "E"}, {"36": "E"}, {"36": "S"}, {"36": "S"}, {"36": "S"}, {"36": "E"}, {"36": "E"}, {"36": "E"}, {"36": "E"}, {"36": "E"}, {"36": "S"}, {"36": "S"}, {"36": "S"}, {"36": "S"}, {"36": "S"}, {"36": "S"}, {"36": "S"}, {"36": "S"}, {"36": "E"}, {"36": "E"}, {"36": "E"}, {"36": "E"}, {"36": "E"}, {"36": "E"}, {"36": "E"}, {"36": "E"}, {"36": "S"}, {"36": "S"}, {"36": "S"}, {"12": "W"}, {"12": "S"}, {"12": "W"}, {"12": "W"}, {"12": "W"}, {"12": "W"}, {"12": "W"}, {"12": "W"}, {"12": "W"}, {"12": "W"}, {"12": "W"}, {"12": "W"}, {"12": "W"}, {"12": "W"}, {"12": "W"}, {"12": "W"}, {"12": "S"}, {"12": "S"}, {"12": "S"}, {"12": "W"}, {"12": "S"}, {"61": "E"}, {"61": "S"}, {"61": "S"}, {"61": "E"}, {"61": "S"}, {"61": "S"}, {"61": "S"}, {"61": "S"}, {"61": "S"}, {"61": "S"}, {"61": "S"}, {"61": "S"}, {"61": "S"}, {"61": "S"}, {"61": "S"}, {"61": "S"}, {"61": "W"}, {"61": "S"}, {"61": "S"}, {"61": "S"}, {"61": "S"}, {"61": "S"}, {"61": "S"}, {"61": "E"}, {"24": "N"}, {"24": "W"}, {"24": "W"}, {"24": "W"}, {"24": "S"}, {"24": "W"}, {"24": "W"}, {"24": "S"}, {"24": "W"}, {"24": "W"}, {"24": "S"}, {"24": "W"}, {"24": "W"}, {"24": "S"}, {"24": "S"}, {"24": "W"}, {"24": "W"}, {"24": "W"}, {"24": "S"}, {"24": "S"}, {"24": "S"}, {"38": "E"}, {"38": "N"}, {"38": "N"}, {"38": "E"}, {"38": "N"}, {"38": "N"}, {"31": "S"}, {"31": "E"}, {"31": "E"}, {"31": "E"}, {"31": "N"}, {"31": "N"}, {"31": "N"}, {"31": "N"}, {"31": "N"}, {"31": "N"}, {"31": "N"}, {"31": "E"}, {"31": "N"}, {"31": "N"}, {"31": "N"}, {"53": "E"}, {"53": "E"}, {"53": "E"}, {"53": "E"}, {"53": "E"}, {"53": "E"}, {"53": "E"}, {"53": "E"}, {"53": "S"}, {"53": "S"}, {"53": "S"}, {"53": "S"}, {"53": "S"}, {"53": "E"}, {"53": "E"}, {"53": "E"}, {"53": "E"}, {"53": "E"}, {"53": "E"}, {"53": "E"}, {"53": "S"}, {"53": "S"}, {"53": "S"}, {"53": "S"}, {"53": "S"}, {"53": "S"}, {"53": "E"}, {"49": "W"}, {"49": "W"}, {"49": "W"}, {"49": "W"}, {"49": "W"}, {"49": "N"}, {"49": "N"}, {"49": "N"}, {"49": "N"}, {"49": "N"}, {"49": "N"}, {"49": "N"}, {"49": "N"}, {"49": "N"}, {"49": "N"}, {"49": "N"}, {"49": "N"}, {"49": "N"}, {"49": "N"}, {"43": "N"}, {"43": "W"}, {"43": "W"}, {"43": "W"}, {"43": "W"}, {"43": "S"}, {"43": "W"}, {"43": "W"}, {"43": "W"}, {"43": "W"}, {"43": "S"}, {"43": "W"}, {"43": "W"}, {"43": "W"}, {"43": "S"}, {"43": "W"}, {"43": "S"}, {"43": "W"}, {"43": "W"}, {"30": "W"}, {"30": "W"}, {"30": "S"}, {"30": "S"}, {"30": "S"}, {"30": "W"}, {"30": "S"}, {"30": "S"}, {"30": "S"}, {"30": "S"}, {"30": "S"}, {"30": "S"}, {"30": "S"}, {"30": "S"}, {"30": "S"}, {"30": "S"}, {"30": "S"}, {"30": "S"}, {"7": "W"}, {"7": "S"}, {"7": "S"}, {"7": "W"}, {"7": "W"}, {"7": "W"}, {"7": "W"}, {"7": "S"}, {"7": "S"}, {"7": "S"}, {"7": "S"}, {"7": "S"}, {"7": "S"}, {"7": "S"}, {"7": "S"}, {"7": "S"}, {"7": "W"}, {"7": "S"}, {"7": "S"}, {"7": "S"}, {"7": "S"}, {"7": "E"}, {"7": "S"}, {"7": "E"}, {"7": "S"}, {"7": "E"}, {"7": "E"}, {"67": "S"}, {"67": "W"}, {"67": "S"}, {"67": "S"}, {"67": "S"}, {"67": "S"}, {"67": "S"}, {"67": "S"}, {"67": "S"}, {"67": "S"}, {"67": "S"}, {"67": "S"}, {"67": "S"}, {"67": "S"}, {"67": "W"}, {"67": "W"}, {"67": "W"}, {"67": "S"}, {"67": "W"}, {"67": "S"}, {"67": "S"}, {"67": "S"}, {"67": "S"}, {"58": "N"}, {"58": "N"}, {"58": "E"}, {"58": "E"}, {"58": "E"}, {"58": "E"}, {"58": "E"}, {"58": "E"}, {"58": "E"}, {"58": "E"}, {"58": "E"}, {"58": "N"}, {"37": "W"}, {"37": "N"}, {"37": "W"}, {"37": "W"}, {"37": "W"}, {"37": "W"}, {"37": "W"}, {"37": "N"}, {"37": "N"}, {"37": "N"}, {"37": "N"}, {"37": "N"}, {"37": "N"}, {"1": "W"}, {"1": "W"}, {"1": "W"}, {"1": "W"}, {"1": "W"}, {"1": "N"}, {"1": "W"}, {"1": "W"}, {"1": "N"}, {"1": "N"}, {"1": "N"}, {"1": "N"}, {"1": "W"}, {"1": "W"}, {"1": "W"}, {"1": "W"}, {"1": "S"}, {"1": "W"}, {"1": "W"}, {"1": "W"}, {"1": "W"}, {"1": "W"}, {"1": "W"}, {"1": "S"}, {"1": "W"}, {"1": "W"}, {"1": "S"}, {"1": "W"}, {"1": "S"}, {"5": "W"}, {"5": "S"}, {"5": "W"}, {"5": "W"}, {"5": "W"}, {"5": "W"}, {"5": "W"}, {"5": "W"}, {"5": "S"}, {"5": "S"}, {"5": "S"}, {"5": "S"}, {"5": "S"}, {"5": "S"}, {"5": "W"}, {"5": "W"}, {"5": "S"}, {"5": "S"}, {"5": "S"}, {"5": "S"}, {"5": "W"}, {"5": "S"}, {"5": "S"}, {"5": "W"}, {"17": "W"}, {"17": "N"}, {"17": "W"}, {"17": "N"}, {"17": "N"}, {"10": "W"}, {"10": "W"}, {"10": "W"}, {"10": "W"}, {"10": "W"}, {"10": "W"}, {"10": "W"}, {"10": "S"}, {"10": "S"}, {"10": "S"}, {"10": "S"}, {"10": "S"}, {"10": "S"}, {"10": "W"}, {"10": "W"}, {"10": "S"}, {"10": "S"}, {"10": "S"}, {"10": "S"}, {"10": "W"}, {"10": "S"}, {"10": "S"}, {"10": "S"}, {"10": "W"}, {"10": "S"}, {"62": "W"}, {"62": "S"}, {"62": "S"}, {"62": "E"}, {"62": "E"}, {"62": "S"}, {"62": "S"}, {"62": "S"}, {"62": "S"}, {"62": "S"}, {"62": "S"}, {"62": "S"}, {"62": "S"}, {"62": "S"}, {"62": "W"}, {"62": "S"}, {"62": "S"}, {"62": "W"}, {"62": "S"}, {"62": "S"}, {"62": "E"}, {"62": "E"}, {"62": "S"}, {"62": "S"}, {"62": "S"}, {"62": "S"}, {"51": "N"}, {"51": "W"}, {"51": "W"}, {"51": "W"}, {"51": "W"}, {"51": "W"}, {"51": "S"}, {"51": "W"}, {"51": "W"}, {"51": "W"}, {"51": "W"}, {"51": "S"}, {"51": "W"}, {"51": "W"}, {"51": "W"}, {"51": "S"}, {"51": "W"}, {"51": "S"}, {"51": "S"}, {"51": "S"}, {"51": "W"}, {"51": "W"}, {"51": "W"}, {"51": "W"}, {"51": "W"}, {"50": "W"}, {"50": "N"}, {"50": "N"}, {"50": "E"}, {"50": "E"}, {"50": "N"}, {"50": "N"}, {"50": "N"}, {"50": "N"}, {"50": "N"}, {"50": "N"}, {"50": "N"}, {"44": "W"}, {"44": "N"}, {"44": "N"}, {"44": "N"}, {"44": "W"}, {"44": "W"}, {"44": "W"}, {"44": "W"}, {"44": "W"}, {"44": "W"}, {"44": "N"}, {"44": "N"}, {"44": "N"}, {"44": "N"}, {"44": "N"}, {"44": "N"}, {"34": "E"}, {"34": "E"}, {"0": "E"}, {"0": "E"}, {"0": "E"}, {"0": "E"}, {"0": "S"}, {"0": "E"}, {"0": "S"}, {"0": "E"}, {"0": "S"}, {"0": "E"}, {"0": "S"}, {"0": "E"}, {"0": "E"}, {"42": "E"}, {"42": "S"}, {"42": "S"}, {"42": "S"}, {"42": "S"}, {"42": "S"}, {"42": "S"}, {"42": "E"}, {"42": "E"}, {"42": "E"}, {"42": "S"}, {"42": "S"}, {"33": "N"}, {"33": "E"}, {"33": "E"}, {"33": "E"}, {"33": "E"}, {"33": "N"}, {"33": "N"}, {"13": "N"}, {"13": "W"}, {"13": "W"}, {"13": "W"}, {"13": "W"}, {"13": "W"}, {"13": "W"}, {"13": "W"}, {"13": "W"}, {"13": "W"}, {"13": "N"}, {"13": "N"}, {"13": "N"}, {"13": "N"}, {"13": "N"}, {"13": "N"}, {"13": "N"}, {"29": "W"}, {"29": "W"}, {"29": "S"}, {"29": "S"}, {"29": "W"}, {"29": "S"}, {"29": "S"}, {"29": "S"}, {"29": "S"}, {"29": "S"}, {"29": "S"}, {"29": "S"}, {"29": "S"}, {"29": "S"}, {"29": "W"}, {"29": "S"}, {"29": "S"}, {"29": "W"}, {"29": "S"}, {"29": "W"}, {"29": "W"}, {"29": "W"}, {"29": "S"}, {"29": "S"}, {"29": "S"}, {"29": "E"}, {"29": "E"}, {"29": "S"}, {"29": "S"}, {"29": "S"}, {"70": "W"}, {"70": "W"}, {"70": "W"}, {"70": "S"}, {"70": "W"}, {"70": "W"}, {"70": "S"}, {"70": "W"}, {"70": "W"}, {"70": "S"}, {"70": "S"}, {"70": "W"}, {"70": "W"}, {"70": "W"}, {"70": "S"}, {"70": "W"}, {"70": "S"}, {"70": "S"}, {"70": "S"}, {"70": "W"}, {"70": "W"}, {"70": "W"}, {"70": "W"}, {"70": "N"}, {"70": "W"}, {"70": "N"}, {"70": "W"}, {"70": "N"}, {"70": "W"}, {"70": "W"}, {"70": "W"}, {"70": "S"}, {"70": "S"}, {"70": "S"}, {"70": "S"}, {"66": "W"}, {"66": "W"}, {"66": "S"}, {"66": "S"}, {"66": "W"}, {"66": "W"}, {"66": "W"}, {"66": "W"}, {"66": "S"}, {"66": "W"}, {"66": "W"}, {"66": "W"}, {"66": "W"}, {"66": "W"}, {"66": "W"}, {"66": "W"}, {"66": "W"}, {"66": "W"}, {"66": "W"}, {"66": "W"}, {"66": "W"}, {"66": "N"}, {"66": "N"}, {"9": "E"}, {"9": "S"}, {"9": "S"}, {"9": "W"}, {"9": "S"}, {"9": "S"}, {"9": "S"}, {"9": "S"}, {"9": "S"}, {"9": "S"}, {"9": "S"}, {"9": "S"}, {"9": "S"}, {"9": "W"}, {"9": "S"}, {"9": "S"}, {"9": "W"}, {"9": "S"}, {"9": "W"}, {"9": "W"}, {"9": "W"}, {"9": "S"}, {"9": "S"}, {"9": "S"}, {"9": "E"}, {"9": "S"}, {"9": "S"}, {"9": "S"}, {"57": "S"}, {"57": "W"}, {"57": "W"}, {"57": "W"}, {"57": "W"}, {"57": "W"}, {"57": "W"}, {"57": "S"}, {"57": "S"}, {"57": "S"}, {"57": "S"}, {"57": "S"}, {"57": "S"}, {"57": "S"}, {"57": "S"}, {"57": "S"}, {"57": "W"}, {"57": "S"}, {"57": "S"}, {"57": "W"}, {"57": "S"}, {"57": "W"}, {"57": "W"}, {"57": "W"}, {"57": "S"}, {"57": "S"}, {"57": "S"}, {"57": "W"}, {"57": "S"}, {"57": "S"}, {"57": "S"}, {"57": "S"}], "result": "SUCCESS", "makespan": 1395, "sum": 1761, "algo_name": "OutAndInBFS_default"}