{"instance": "small_free_000_10x10_30_30", "steps": [{"5": "N", "15": "W", "7": "S", "26": "W", "13": "W", "20": "W", "6": "E", "8": "S", "17": "E", "3": "E", "12": "N", "23": "W", "18": "W", "29": "W", "0": "E", "4": "E", "9": "E", "28": "W", "10": "W", "1": "W"}, {"5": "N", "8": "S", "23": "W", "12": "N", "18": "W", "17": "E", "11": "E", "13": "S", "3": "N", "20": "W", "0": "E", "25": "W", "1": "N", "28": "W", "7": "S", "9": "E", "29": "W", "27": "S"}, {"8": "S", "16": "E", "7": "S", "12": "N", "14": "W", "1": "N", "9": "E", "28": "W", "10": "W", "18": "W", "25": "W"}, {"8": "S", "28": "W", "2": "N", "14": "W", "10": "S", "16": "E"}, {"18": "N", "29": "N", "22": "S", "10": "W", "11": "W", "25": "W", "14": "W", "17": "W", "20": "W", "2": "N", "23": "S", "15": "E"}, {"4": "S", "17": "S", "25": "S", "2": "N", "28": "N", "22": "W", "10": "S", "23": "W", "3": "E", "19": "E", "11": "N", "15": "S", "29": "W"}, {"18": "W", "14": "W", "11": "N", "3": "N", "17": "S", "10": "S", "15": "S", "29": "W", "19": "E", "28": "W", "16": "E", "20": "W", "21": "S"}, {"28": "N", "15": "W", "20": "W", "0": "S", "29": "N", "10": "S", "13": "S", "3": "N", "16": "E", "1": "N", "18": "W", "17": "E"}, {"18": "N", "16": "E", "20": "W", "17": "E", "25": "S", "29": "N", "28": "W", "15": "W"}, {"20": "S", "15": "W", "11": "E", "29": "N", "16": "E"}, {"0": "W", "22": "W", "28": "N", "6": "S", "26": "S", "21": "W", "10": "N", "16": "E"}, {"23": "S", "26": "W", "16": "E", "22": "S", "10": "E", "0": "S", "18": "N", "28": "W", "29": "W", "6": "S"}, {"0": "S", "16": "N", "10": "E", "22": "S", "26": "W", "21": "S", "6": "E"}, {"26": "W", "22": "E", "0": "E", "6": "E", "10": "S", "16": "N", "21": "S"}, {"21": "S", "10": "S", "6": "S", "16": "N", "26": "N"}, {"10": "S"}, {"19": "N", "23": "S", "10": "S", "17": "S", "11": "W"}, {"3": "W", "19": "E", "10": "S", "24": "E", "23": "W", "17": "E", "14": "W"}, {"27": "S", "23": "W", "17": "E", "19": "E", "10": "S"}, {"25": "E", "17": "S", "27": "S", "23": "W", "10": "W"}, {"27": "S", "17": "S", "25": "S", "18": "N", "23": "W"}, {"23": "W", "25": "S", "27": "S", "17": "S", "18": "N"}, {"17": "S", "25": "S", "18": "N"}, {"18": "N", "17": "S"}, {"21": "S", "11": "E"}, {"11": "N", "21": "S"}, {"11": "E", "21": "E"}, {"21": "S", "11": "E"}, {"11": "E"}, {"19": "N", "11": "E"}, {"19": "E"}, {"19": "E"}, {"19": "E"}, {"19": "E"}, {"19": "E"}, {"4": "E"}, {"4": "E"}, {"4": "S"}, {"4": "S"}, {"4": "S"}, {"4": "S"}, {"4": "W"}, {"4": "W"}], "result": "SUCCESS", "makespan": 43, "sum": 217, "algo_name": "BFS_0"}