{"instance": "small_free_000_10x10_30_30", "steps": [{"23": "W", "3": "E", "0": "E", "13": "W", "15": "W", "16": "E", "24": "E", "12": "N", "7": "S", "28": "W", "9": "E", "1": "W", "17": "E", "18": "W", "6": "E", "8": "S", "29": "W", "20": "W", "25": "W", "4": "E", "14": "W"}, {"9": "E", "7": "S", "23": "W", "27": "S", "3": "N", "20": "W", "2": "N", "18": "W", "1": "N", "12": "N", "10": "W", "29": "W", "11": "E", "13": "S", "17": "E", "28": "W", "16": "E", "0": "E"}, {"2": "N", "16": "E", "7": "S", "10": "W", "25": "W", "11": "E", "28": "W", "5": "N", "18": "W", "1": "N", "9": "E", "12": "N"}, {"3": "N", "5": "N", "10": "S", "0": "S", "2": "N"}, {"3": "N", "23": "W", "20": "S", "25": "W", "27": "W", "21": "W", "16": "W", "4": "W", "10": "S", "29": "N", "6": "S"}, {"16": "N", "17": "E", "0": "S", "18": "W", "15": "W", "27": "S", "23": "S", "25": "S", "29": "W", "13": "S", "21": "S", "14": "W", "6": "S"}, {"16": "N", "6": "E", "29": "W", "17": "E", "1": "N", "25": "S", "14": "W", "10": "S", "23": "W", "21": "S"}, {"14": "W", "21": "S", "10": "S", "0": "S", "6": "E", "20": "W", "17": "E", "27": "S", "15": "W", "29": "N"}, {"14": "W", "20": "W", "6": "S", "4": "S", "15": "S", "29": "N", "17": "S", "21": "S"}, {"21": "E", "4": "S", "20": "W"}, {"22": "S", "20": "W", "11": "W", "28": "E", "16": "N", "8": "E", "4": "S", "17": "S", "21": "S", "29": "N"}, {"16": "E", "8": "S", "28": "E", "17": "S", "23": "S", "29": "W", "4": "E", "27": "E", "21": "S", "22": "W", "10": "S", "19": "E", "15": "S"}, {"25": "E", "8": "S", "17": "S", "22": "W", "16": "N", "27": "S", "4": "S", "21": "S"}, {"11": "N", "16": "E", "22": "S", "17": "S", "4": "S"}, {"22": "S", "16": "E", "23": "W", "11": "N", "17": "S"}, {"25": "S", "16": "E", "11": "N", "22": "E", "23": "W"}, {"11": "E", "16": "E", "25": "S", "23": "S"}, {"8": "S", "23": "W", "16": "S", "18": "E", "28": "W", "17": "S", "10": "E", "11": "E"}, {"27": "S", "18": "N", "23": "W", "10": "S", "11": "E", "16": "E", "8": "W", "25": "S"}, {"17": "S", "10": "S", "28": "W", "11": "E"}, {"28": "W", "18": "N", "10": "W"}, {"18": "W", "28": "W"}, {"28": "N", "18": "W"}, {"28": "N", "18": "N"}, {"28": "N", "18": "N"}, {"18": "N", "28": "W"}, {"18": "N", "28": "W"}, {"18": "N"}, {"10": "W"}, {"19": "N", "10": "S"}, {"10": "S", "19": "E"}, {"19": "N", "10": "E"}, {"19": "E"}, {"19": "E"}, {"19": "E"}, {"19": "E"}, {"19": "E"}, {"19": "E"}, {"19": "E"}, {"26": "N"}, {"26": "W"}, {"26": "W"}, {"26": "W"}, {"26": "W"}, {"26": "S"}], "result": "SUCCESS", "makespan": 45, "sum": 217, "algo_name": "BFS_7"}