{"instance": "small_free_000_10x10_30_30", "steps": [{"0": "E", "1": "W", "8": "S", "20": "W", "16": "E", "13": "W", "6": "E", "26": "W", "18": "W", "10": "W", "9": "E", "29": "W", "12": "N", "3": "E", "17": "E", "25": "W", "28": "W", "7": "S", "4": "E", "15": "W", "23": "W"}, {"27": "S", "3": "N", "28": "W", "0": "E", "29": "W", "8": "S", "9": "E", "16": "E", "1": "N", "20": "W", "23": "W", "17": "E", "13": "S", "7": "S", "2": "N", "11": "E", "18": "W", "12": "N", "14": "W"}, {"16": "E", "10": "W", "29": "W", "1": "N", "25": "W", "28": "W", "2": "N", "9": "E", "12": "N", "5": "N", "8": "S", "14": "W", "18": "W"}, {"5": "N", "18": "W", "29": "W", "8": "S", "2": "N", "10": "S"}, {"27": "E", "18": "W", "11": "W", "6": "S", "19": "W", "10": "W", "22": "W", "21": "W", "4": "W", "29": "W"}, {"0": "S", "4": "S", "6": "S", "13": "S", "11": "N", "29": "N", "10": "S"}, {"14": "E", "22": "S", "11": "N", "18": "W", "21": "W", "25": "W", "4": "S", "29": "N", "0": "W", "6": "E", "27": "W"}, {"7": "S", "25": "S", "16": "N", "18": "N", "22": "W", "3": "N", "15": "W", "21": "S", "4": "S", "19": "N", "26": "N", "14": "N", "6": "E", "0": "S"}, {"24": "E", "19": "N", "16": "E", "22": "S", "28": "W", "21": "S", "25": "S", "6": "S", "4": "E", "23": "W", "14": "N"}, {"22": "S", "21": "E", "11": "E", "19": "E", "4": "S", "14": "W", "15": "W"}, {"19": "E", "22": "E", "26": "E", "15": "S", "11": "N", "4": "S", "21": "S", "28": "N", "17": "W", "10": "W"}, {"19": "E", "28": "W", "23": "S", "20": "W", "3": "N", "21": "S", "10": "W", "26": "S", "11": "E", "17": "S", "15": "S"}, {"28": "N", "11": "E", "26": "S", "10": "S", "25": "S", "20": "W"}, {"28": "W", "26": "W", "20": "W", "10": "S", "11": "E", "17": "S", "1": "N"}, {"20": "W", "14": "W", "10": "S", "11": "E", "28": "N", "17": "E", "19": "E", "26": "W"}, {"20": "S", "28": "W", "26": "W"}, {"18": "E", "21": "S", "19": "N", "23": "E"}, {"23": "W", "21": "E", "19": "S", "0": "S", "10": "W", "25": "W"}, {"25": "S", "21": "S", "10": "S", "27": "W"}, {"21": "S", "23": "W", "10": "E", "19": "N"}, {"17": "S", "14": "W", "19": "N", "27": "W", "23": "W", "26": "E"}, {"27": "S", "19": "E", "18": "N", "17": "E", "14": "W", "16": "N"}, {"10": "E", "19": "E", "23": "W", "14": "S", "0": "E", "16": "E", "17": "S"}, {"14": "S", "16": "E", "18": "N", "19": "E"}, {"19": "E", "18": "N", "16": "E", "17": "S", "25": "E"}, {"16": "E", "18": "N", "19": "E", "17": "E", "27": "S"}, {"18": "N", "16": "N", "17": "E", "19": "E", "23": "S"}, {"19": "S", "17": "S", "18": "N"}, {"19": "S", "17": "S"}, {"17": "S", "23": "N", "26": "E"}, {"23": "W", "26": "E", "10": "S"}, {"26": "N", "10": "E", "23": "N", "25": "E"}, {"10": "S", "23": "N", "26": "N", "25": "S", "27": "E"}, {"23": "W", "26": "W", "10": "S", "27": "E"}, {"26": "W", "23": "W", "10": "E"}, {"26": "W", "23": "S"}, {"23": "S", "26": "W"}, {"26": "S", "23": "S"}, {"23": "S"}, {"23": "E"}, {"27": "E"}, {"27": "S"}, {"27": "S"}, {"27": "W"}, {"29": "E"}, {"29": "E"}, {"29": "N"}, {"29": "N"}, {"29": "W"}, {"29": "W"}], "result": "SUCCESS", "makespan": 50, "sum": 265, "algo_name": "BFS_1"}