{"instance": "small_free_000_10x10_30_30", "steps": [{"0": "E", "1": "W", "28": "W", "26": "W", "17": "E", "9": "E", "25": "W", "15": "W", "6": "E", "16": "E", "8": "S", "7": "S", "4": "E", "13": "W", "23": "W", "3": "E", "20": "W", "12": "N", "18": "W", "10": "W", "29": "W"}, {"28": "W", "3": "N", "1": "N", "27": "S", "18": "W", "14": "W", "8": "S", "17": "E", "0": "E", "2": "N", "9": "E", "20": "W", "11": "E", "13": "S", "29": "W", "7": "S", "16": "E", "23": "W", "12": "N"}, {"2": "N", "16": "E", "9": "E", "7": "S", "5": "N", "25": "W", "1": "N", "8": "S", "14": "W", "12": "N", "28": "W", "18": "W", "10": "W"}, {"2": "N", "10": "S", "5": "N", "8": "S"}, {"0": "W", "26": "N", "10": "S", "18": "N", "27": "W", "4": "W", "15": "E", "21": "W", "20": "S", "19": "W"}, {"22": "W", "18": "W", "24": "E", "0": "S", "13": "S", "26": "W", "15": "S", "17": "E", "10": "S", "6": "E"}, {"1": "N", "18": "W", "15": "S", "6": "E", "4": "S", "0": "S", "17": "E"}, {"28": "N", "23": "S", "15": "W", "17": "E", "22": "S", "0": "S", "29": "N", "10": "E", "6": "S", "20": "W"}, {"17": "S", "20": "W", "10": "S", "4": "S", "22": "W", "19": "E", "6": "S", "23": "W", "16": "E"}, {"22": "S", "21": "S", "16": "E", "17": "S", "10": "S", "18": "N", "6": "S", "19": "E", "20": "W", "4": "S"}, {"17": "S", "21": "S", "22": "S", "20": "W", "19": "E", "0": "E", "10": "S", "16": "E"}, {"10": "S", "19": "E", "21": "S", "22": "E"}, {"28": "S", "19": "N", "10": "S", "26": "S", "16": "N", "21": "S", "23": "E", "17": "W"}, {"19": "E", "25": "W", "14": "W", "10": "S", "16": "E", "17": "S"}, {"10": "W", "16": "E", "25": "S", "19": "E", "3": "N", "23": "S"}, {"16": "N", "17": "S", "14": "W", "19": "E", "23": "S"}, {"23": "W", "27": "E", "14": "W", "19": "E", "17": "E", "11": "W", "3": "N"}, {"26": "W", "25": "S", "17": "S", "19": "E", "4": "S", "11": "N"}, {"26": "W", "11": "N", "15": "W", "27": "S", "17": "S", "19": "E"}, {"18": "N", "25": "E", "15": "W", "16": "N", "17": "S", "19": "N", "11": "E"}, {"18": "N", "4": "E", "11": "N"}, {"23": "E", "28": "E", "18": "N", "4": "S", "27": "W", "25": "E", "11": "E", "29": "E"}, {"23": "N", "27": "S", "18": "N", "11": "E", "25": "E"}, {"11": "E", "28": "E", "27": "W", "18": "N"}, {"27": "S", "29": "N", "11": "E"}, {"27": "S"}, {"23": "E", "27": "S", "29": "W"}, {"23": "S", "29": "W", "27": "E", "25": "S", "28": "W"}, {"27": "E", "29": "N", "28": "W", "25": "S", "23": "E"}, {"27": "N", "29": "N", "28": "W", "25": "W", "23": "S"}, {"29": "W", "23": "S", "28": "N", "25": "W"}, {"28": "N", "29": "W", "25": "S", "23": "W"}, {"23": "S", "28": "W"}, {"23": "W"}, {"23": "W"}, {"28": "N", "23": "W"}, {"28": "W", "23": "W"}, {"23": "W", "28": "W"}, {"23": "W"}, {"23": "W"}, {"23": "N"}, {"23": "N"}, {"23": "N"}, {"21": "S"}, {"21": "S"}, {"21": "E"}, {"21": "S"}], "result": "SUCCESS", "makespan": 47, "sum": 245, "algo_name": "BFS_1"}