{"instance": "small_free_000_10x10_30_30", "steps": [{"13": "N", "17": "N", "20": "N", "10": "N", "4": "N", "21": "N", "6": "N", "15": "N", "19": "N", "22": "N", "1": "N", "25": "N", "14": "N", "9": "N", "27": "N", "8": "N", "23": "N", "0": "N", "3": "N", "11": "N", "7": "N", "24": "N", "26": "N", "12": "N", "16": "N", "28": "N", "2": "N", "5": "N", "29": "W", "18": "N"}, {"13": "N", "17": "N", "20": "N", "10": "N", "4": "N", "21": "N", "6": "N", "15": "N", "19": "N", "22": "N", "1": "N", "25": "N", "14": "N", "9": "N", "27": "N", "8": "N", "23": "N", "0": "N", "3": "N", "11": "N", "7": "N", "24": "N", "26": "N", "12": "N", "16": "N", "28": "N", "2": "W", "5": "N", "29": "W", "18": "W"}, {"13": "N", "17": "N", "20": "N", "10": "N", "4": "N", "21": "N", "6": "N", "15": "N", "19": "N", "22": "N", "1": "N", "25": "N", "14": "N", "9": "N", "27": "N", "8": "N", "23": "N", "0": "N", "3": "N", "11": "N", "7": "N", "24": "N", "26": "N", "12": "N", "16": "W", "28": "N", "2": "W", "5": "W", "29": "W", "18": "W"}, {"13": "N", "17": "N", "20": "N", "10": "N", "4": "N", "21": "N", "6": "N", "15": "N", "19": "N", "22": "N", "1": "N", "25": "N", "14": "N", "9": "N", "27": "N", "8": "N", "23": "N", "0": "N", "3": "N", "11": "W", "7": "N", "24": "N", "26": "N", "12": "N", "16": "W", "28": "W", "2": "W", "5": "W", "29": "W", "18": "W"}, {"13": "N", "17": "N", "20": "N", "10": "N", "4": "N", "21": "N", "6": "N", "15": "N", "19": "N", "22": "N", "1": "N", "25": "N", "14": "N", "9": "N", "27": "N", "8": "N", "23": "N", "0": "N", "3": "N", "11": "W", "7": "W", "24": "N", "26": "N", "12": "N", "16": "W", "28": "W", "5": "W", "29": "W", "18": "W"}, {"13": "N", "17": "N", "20": "N", "10": "N", "4": "N", "21": "N", "6": "N", "15": "N", "19": "N", "22": "N", "1": "N", "25": "N", "14": "N", "9": "N", "27": "N", "8": "N", "23": "N", "0": "N", "3": "N", "11": "W", "7": "W", "24": "W", "26": "N", "12": "N", "28": "W", "5": "W", "29": "W", "18": "W"}, {"13": "N", "17": "N", "20": "N", "10": "N", "4": "N", "21": "N", "6": "N", "15": "N", "19": "N", "22": "N", "1": "N", "25": "N", "14": "N", "9": "N", "27": "N", "8": "N", "23": "N", "0": "N", "3": "N", "11": "W", "7": "W", "24": "W", "26": "W", "12": "N", "28": "W", "29": "W", "18": "W"}, {"13": "N", "17": "N", "20": "N", "10": "N", "4": "N", "21": "N", "6": "N", "15": "N", "19": "N", "22": "N", "1": "N", "25": "N", "14": "N", "9": "N", "27": "N", "8": "N", "23": "N", "0": "W", "3": "N", "11": "W", "7": "W", "24": "W", "26": "W", "12": "W", "28": "W", "29": "W", "18": "W"}, {"13": "N", "17": "N", "20": "N", "10": "N", "4": "N", "21": "N", "6": "N", "15": "N", "19": "N", "22": "N", "1": "N", "25": "N", "14": "N", "9": "W", "27": "N", "8": "N", "23": "N", "0": "W", "3": "W", "7": "W", "24": "W", "26": "W", "12": "W", "28": "W", "29": "W", "18": "W"}, {"13": "N", "17": "N", "20": "N", "10": "N", "4": "N", "21": "N", "6": "N", "15": "N", "19": "N", "22": "N", "1": "N", "25": "N", "14": "N", "9": "W", "27": "W", "8": "N", "23": "N", "0": "W", "3": "W", "7": "W", "24": "W", "26": "W", "12": "W", "28": "W", "18": "W"}, {"13": "N", "17": "N", "20": "N", "10": "N", "4": "N", "21": "N", "6": "N", "15": "N", "19": "N", "22": "N", "1": "N", "25": "N", "14": "N", "9": "W", "27": "W", "8": "W", "23": "N", "0": "W", "3": "W", "24": "W", "26": "W", "12": "W", "28": "W", "18": "W"}, {"13": "N", "17": "N", "20": "N", "10": "N", "4": "N", "21": "N", "6": "N", "15": "N", "19": "W", "22": "N", "1": "N", "25": "N", "14": "N", "9": "W", "27": "W", "8": "W", "23": "W", "3": "W", "24": "W", "26": "W", "12": "W", "28": "W", "18": "W"}, {"13": "N", "17": "N", "20": "N", "10": "N", "4": "N", "21": "N", "6": "N", "15": "N", "19": "W", "22": "W", "1": "N", "25": "N", "14": "N", "27": "W", "8": "W", "23": "W", "3": "W", "26": "W", "12": "W", "28": "W"}, {"13": "N", "17": "N", "20": "N", "10": "N", "4": "N", "21": "N", "6": "N", "15": "N", "19": "W", "22": "W", "1": "W", "25": "N", "14": "N", "27": "W", "8": "W", "23": "W", "3": "W", "26": "W", "12": "W"}, {"13": "N", "17": "N", "20": "N", "10": "N", "4": "N", "21": "N", "6": "N", "15": "N", "22": "W", "1": "W", "25": "W", "14": "N", "27": "W", "8": "W", "23": "W", "3": "W", "26": "W", "12": "W"}, {"13": "N", "17": "N", "20": "N", "10": "N", "4": "N", "21": "W", "6": "N", "15": "N", "22": "W", "1": "W", "25": "W", "14": "W", "27": "W", "8": "W", "23": "W", "12": "W"}, {"13": "N", "17": "N", "20": "N", "10": "N", "4": "N", "21": "W", "6": "W", "15": "N", "1": "W", "25": "W", "14": "W", "8": "W", "23": "W", "12": "W"}, {"13": "W", "17": "N", "20": "N", "10": "N", "4": "W", "21": "W", "6": "W", "15": "W", "1": "W", "25": "W", "14": "W", "8": "W", "23": "W", "12": "W"}, {"13": "W", "17": "W", "20": "N", "10": "N", "4": "W", "6": "W", "15": "W", "1": "W", "25": "W", "14": "W", "8": "W", "23": "W"}, {"13": "W", "17": "W", "20": "W", "10": "N", "4": "W", "6": "W", "15": "W", "1": "W", "25": "W", "14": "W", "23": "W"}, {"13": "W", "17": "W", "20": "W", "10": "W", "4": "W", "6": "W", "15": "W", "1": "W", "25": "W", "14": "W", "23": "W"}, {"17": "W", "20": "W", "10": "W", "4": "W", "6": "W", "15": "W", "25": "W", "14": "W", "23": "W"}, {"17": "W", "20": "W", "10": "W", "4": "W", "6": "W", "15": "W", "25": "W", "14": "W"}, {"20": "W", "10": "W", "4": "W", "6": "W", "15": "W", "14": "W"}, {"20": "W", "10": "W", "4": "W", "6": "W", "15": "W", "14": "W"}, {"20": "W", "10": "W", "4": "W", "15": "W"}, {"20": "W", "10": "W", "4": "W", "15": "W"}, {"20": "W", "10": "W", "15": "W"}, {"20": "W", "10": "W", "15": "W"}, {"10": "W"}, {"10": "W"}, {"6": "E", "19": "E"}, {"6": "S", "19": "S"}, {"6": "S", "19": "S"}, {"6": "S", "19": "S"}, {"6": "S", "19": "S"}, {"6": "S", "19": "S"}, {"6": "S", "19": "S"}, {"6": "S", "19": "S"}, {"6": "S", "19": "S"}, {"6": "S", "19": "S"}, {"6": "S", "19": "E"}, {"6": "S", "19": "E"}, {"6": "S", "19": "E"}, {"6": "S", "19": "E"}, {"6": "S", "19": "E"}, {"6": "S", "19": "E"}, {"6": "S", "19": "E"}, {"6": "S", "19": "E"}, {"6": "S", "19": "E"}, {"6": "S", "19": "E"}, {"6": "E", "19": "E"}, {"6": "E", "4": "E", "16": "E", "12": "E"}, {"6": "E", "4": "S", "16": "E", "12": "S"}, {"6": "E", "4": "S", "16": "N", "12": "S"}, {"6": "E", "4": "S", "16": "E", "12": "S"}, {"6": "E", "4": "S", "16": "E", "12": "S"}, {"6": "E", "4": "S", "16": "E", "12": "E"}, {"6": "E", "4": "S", "16": "E", "12": "E"}, {"6": "E", "4": "S", "16": "E", "12": "E"}, {"6": "E", "4": "S", "16": "E", "12": "E"}, {"6": "E", "4": "S", "16": "E", "12": "E"}, {"4": "S", "16": "E", "12": "E"}, {"4": "S", "16": "E", "12": "E"}, {"4": "S", "12": "E"}, {"4": "S", "12": "E"}, {"4": "S", "12": "E"}, {"4": "S"}, {"4": "S"}, {"4": "S"}, {"4": "S"}, {"4": "S"}, {"4": "S"}, {"4": "S"}, {"4": "S"}, {"4": "E"}, {"4": "E", "17": "E", "11": "E"}, {"4": "E", "17": "S", "11": "E"}, {"4": "E", "17": "S", "11": "E"}, {"4": "E", "17": "S", "11": "E"}, {"4": "E", "17": "S", "11": "E"}, {"4": "E", "17": "S", "11": "E"}, {"4": "E", "17": "S", "11": "E"}, {"4": "E", "17": "S", "11": "E"}, {"4": "E", "17": "S", "11": "E"}, {"17": "S", "11": "E"}, {"17": "S"}, {"17": "S"}, {"17": "S"}, {"17": "S"}, {"17": "S"}, {"17": "S"}, {"17": "S"}, {"17": "S"}, {"17": "S"}, {"17": "S"}, {"17": "S"}, {"17": "S"}, {"17": "S"}, {"17": "S"}, {"17": "S"}, {"17": "S"}, {"17": "S"}, {"17": "E"}, {"17": "E", "10": "E", "8": "E", "15": "E"}, {"17": "E", "10": "S", "8": "S", "15": "S"}, {"17": "E", "10": "S", "8": "S", "15": "S"}, {"17": "E", "10": "S", "8": "S", "15": "S"}, {"17": "E", "10": "S", "8": "S", "15": "S"}, {"17": "E", "10": "S", "8": "S", "15": "S"}, {"17": "E", "10": "S", "8": "S", "15": "S"}, {"17": "E", "10": "S", "8": "S", "15": "S"}, {"10": "S", "8": "S", "15": "S"}, {"10": "S", "8": "S", "15": "S"}, {"10": "S", "8": "S", "15": "S"}, {"10": "S", "8": "S", "15": "S"}, {"10": "S", "8": "S", "15": "S"}, {"10": "S", "8": "S", "15": "S"}, {"10": "S", "8": "S", "15": "S"}, {"10": "S", "8": "E", "15": "S"}, {"10": "S", "8": "E", "15": "S"}, {"10": "S", "8": "E", "15": "S"}, {"10": "S", "8": "E", "15": "S"}, {"10": "S", "8": "E", "15": "S"}, {"10": "S", "8": "E", "15": "E"}, {"10": "S", "8": "E", "15": "E"}, {"10": "S", "8": "E", "15": "E"}, {"10": "S", "15": "E"}, {"10": "S", "15": "E"}, {"10": "S", "15": "E"}, {"10": "S", "15": "E"}, {"10": "S", "15": "E"}, {"10": "S"}, {"10": "S"}, {"10": "E"}, {"10": "E", "24": "E", "3": "E"}, {"10": "E", "24": "S", "3": "S"}, {"10": "E", "24": "S", "3": "S"}, {"10": "E", "24": "S", "3": "S"}, {"10": "E", "24": "S", "3": "S"}, {"10": "E", "24": "S", "3": "S"}, {"10": "E", "24": "E", "3": "E"}, {"24": "E", "3": "E", "27": "E", "25": "E", "9": "E", "1": "E"}, {"24": "E", "3": "E", "9": "S", "1": "S"}, {"24": "E", "3": "E", "27": "S", "25": "S", "9": "S", "1": "S"}, {"24": "E", "3": "E", "27": "S", "25": "S", "9": "S", "1": "S"}, {"24": "E", "3": "E", "27": "S", "25": "S", "9": "S", "1": "S"}, {"24": "E", "3": "E", "27": "S", "25": "S", "9": "S", "1": "S"}, {"27": "S", "25": "S", "9": "S", "1": "S"}, {"27": "S", "25": "S", "9": "S", "1": "S"}, {"27": "S", "25": "S", "9": "S", "1": "S"}, {"27": "S", "25": "S", "9": "E", "1": "S"}, {"27": "S", "25": "S", "9": "E", "1": "S"}, {"27": "S", "25": "S", "9": "E", "1": "E"}, {"27": "S", "25": "S", "9": "E", "1": "E"}, {"27": "S", "25": "S", "9": "E", "1": "E"}, {"27": "S", "25": "S", "9": "E", "1": "E"}, {"27": "S", "25": "S", "1": "E"}, {"27": "E", "25": "S", "1": "E"}, {"27": "E", "25": "S"}, {"27": "E", "25": "S"}, {"27": "E", "25": "S"}, {"27": "E", "25": "S"}, {"27": "E", "25": "E"}, {"25": "E", "7": "E", "0": "E", "18": "E"}, {"25": "E", "7": "S", "0": "S", "18": "E"}, {"25": "E", "7": "S", "0": "S", "18": "N"}, {"25": "E", "7": "S", "0": "S", "18": "N"}, {"25": "E", "7": "S", "0": "S", "18": "N"}, {"7": "S", "0": "S", "18": "N"}, {"7": "S", "0": "S", "18": "N"}, {"7": "S", "0": "S", "18": "N"}, {"7": "E", "0": "S", "18": "E"}, {"7": "E", "0": "S", "18": "E"}, {"7": "E", "0": "S", "18": "E"}, {"7": "E", "0": "E", "18": "E"}, {"7": "E", "0": "E", "26": "E", "14": "E"}, {"0": "E", "26": "S", "14": "S"}, {"0": "E", "26": "S", "14": "S"}, {"0": "E", "26": "S", "14": "S"}, {"26": "S", "14": "S"}, {"26": "S", "14": "S"}, {"26": "S", "14": "S"}, {"26": "E", "14": "S"}, {"26": "E", "14": "S"}, {"26": "E", "14": "S"}, {"26": "E", "14": "S"}, {"14": "S"}, {"14": "S"}, {"14": "S"}, {"14": "S"}, {"14": "S"}, {"14": "E"}, {"14": "E", "5": "E", "29": "E", "20": "E"}, {"14": "E", "5": "E", "29": "E", "20": "S"}, {"14": "E", "5": "E", "29": "N", "20": "S"}, {"5": "E", "29": "N", "20": "S"}, {"29": "N", "20": "S"}, {"29": "N", "20": "S"}, {"29": "E", "20": "S"}, {"29": "E", "20": "S"}, {"20": "S"}, {"20": "S"}, {"20": "S"}, {"20": "S"}, {"20": "S"}, {"20": "S"}, {"20": "S"}, {"20": "S"}, {"20": "S"}, {"20": "S"}, {"20": "S"}, {"20": "S"}, {"20": "S"}, {"20": "E"}, {"20": "E", "21": "E", "23": "E", "22": "E", "2": "E", "28": "E", "13": "E"}, {"20": "E", "21": "S", "23": "S", "22": "S", "2": "E", "28": "E", "13": "S"}, {"21": "S", "23": "S", "22": "S", "2": "N", "28": "E", "13": "S"}, {"21": "S", "23": "S", "22": "S", "2": "N", "13": "S"}, {"21": "S", "23": "S", "22": "S", "2": "E", "13": "S"}, {"21": "S", "23": "S", "22": "S", "13": "S"}, {"21": "S", "23": "S", "22": "S", "13": "S"}, {"21": "S", "23": "S", "22": "S", "13": "S"}, {"21": "S", "23": "S", "22": "S", "13": "S"}, {"21": "S", "23": "S", "22": "S", "13": "S"}, {"21": "S", "23": "S", "22": "S", "13": "S"}, {"21": "S", "23": "S", "22": "S", "13": "S"}, {"21": "S", "23": "S", "22": "S", "13": "S"}, {"21": "S", "23": "S", "22": "S", "13": "S"}, {"21": "S", "23": "S", "22": "S", "13": "S"}, {"21": "S", "23": "E", "22": "S", "13": "S"}, {"21": "S", "23": "E", "22": "E", "13": "S"}, {"21": "S", "22": "E", "13": "S"}, {"21": "S", "13": "S"}, {"21": "S", "13": "S"}, {"21": "S", "13": "E"}, {"21": "S", "13": "E"}, {"21": "S"}, {"21": "E"}, {"21": "E"}], "result": "SUCCESS", "makespan": 240, "sum": 1059, "algo_name": "LeftPillar"}