{"instance": "small_free_000_10x10_30_30", "steps": [{"2": "W", "10": "N", "13": "N", "15": "E", "16": "W", "17": "N", "18": "S", "19": "W", "20": "N", "21": "W", "29": "S", "0": "W", "4": "N", "5": "W", "9": "W", "12": "E", "22": "W", "23": "E", "6": "N", "11": "W", "14": "E", "28": "E", "1": "N", "7": "W", "8": "E", "24": "S", "25": "E", "26": "E", "3": "S", "27": "W"}, {"2": "W", "10": "N", "13": "N", "15": "E", "16": "W", "17": "N", "18": "S", "19": "W", "20": "N", "21": "W", "29": "S", "0": "W", "4": "N", "5": "W", "9": "W", "12": "E", "22": "W", "23": "E", "6": "N", "11": "W", "14": "E", "28": "E", "1": "N", "7": "W", "8": "E", "24": "S", "25": "E", "26": "E", "3": "S", "27": "W"}, {"2": "W", "13": "W", "15": "N", "19": "W", "20": "N", "21": "N", "0": "W", "4": "N", "5": "W", "9": "W", "12": "E", "22": "W", "23": "E", "6": "N", "11": "W", "14": "E", "28": "E", "1": "N", "7": "W", "8": "E", "24": "S", "25": "E", "26": "E", "3": "S", "27": "W"}, {"2": "W", "19": "W", "20": "N", "0": "S", "4": "W", "5": "S", "14": "E", "28": "E", "1": "N", "8": "E", "24": "S", "25": "E", "26": "E", "3": "S", "27": "W"}, {"2": "N", "20": "W", "0": "W", "4": "N", "12": "E", "23": "E", "6": "N", "11": "W", "14": "E", "1": "N", "7": "W", "8": "E", "24": "S", "25": "E", "26": "E", "3": "S", "27": "W"}, {"20": "N", "0": "W", "4": "N", "9": "W", "12": "E", "23": "E", "11": "W", "14": "E", "7": "W", "24": "S", "3": "S", "27": "W"}, {"9": "S"}, {"9": "E"}, {"9": "E"}, {"9": "E"}, {"9": "E"}, {"9": "E"}, {"9": "E"}, {"9": "E"}, {"9": "N"}, {"15": "W"}, {"15": "W"}, {"15": "W"}, {"15": "W"}, {"15": "W"}, {"15": "S"}, {"15": "S"}, {"15": "S"}, {"3": "E"}, {"3": "N"}, {"3": "N"}, {"3": "N"}, {"3": "N"}, {"3": "N"}, {"3": "N"}, {"3": "N"}, {"3": "N"}, {"3": "N"}, {"24": "E"}, {"24": "N"}, {"24": "N"}, {"24": "N"}, {"24": "N"}, {"24": "N"}, {"24": "N"}, {"11": "N"}, {"11": "E"}, {"11": "E"}, {"11": "E"}, {"11": "E"}, {"11": "E"}, {"11": "E"}, {"11": "E"}, {"11": "E"}, {"11": "E"}, {"11": "E"}, {"11": "N"}, {"11": "N"}, {"16": "E"}, {"16": "E"}, {"16": "E"}, {"16": "E"}, {"16": "E"}, {"16": "E"}, {"16": "E"}, {"16": "E"}, {"16": "E"}, {"16": "E"}, {"16": "N"}, {"16": "N"}, {"16": "N"}, {"12": "W"}, {"12": "N"}, {"12": "W"}, {"12": "W"}, {"12": "W"}, {"12": "N"}, {"12": "N"}, {"12": "W"}, {"14": "W"}, {"14": "N"}, {"14": "W"}, {"14": "W"}, {"14": "W"}, {"14": "W"}, {"14": "W"}, {"14": "W"}, {"14": "S"}, {"14": "W"}, {"14": "W"}, {"14": "W"}, {"14": "W"}, {"18": "W"}, {"18": "N"}, {"18": "W"}, {"18": "W"}, {"18": "W"}, {"18": "W"}, {"18": "N"}, {"18": "N"}, {"18": "N"}, {"18": "N"}, {"18": "N"}, {"18": "N"}, {"18": "N"}, {"18": "N"}, {"1": "W"}, {"1": "S"}, {"1": "S"}, {"4": "E"}, {"4": "E"}, {"4": "E"}, {"4": "S"}, {"4": "S"}, {"4": "S"}, {"4": "S"}, {"4": "S"}, {"4": "S"}, {"4": "S"}, {"4": "S"}, {"4": "S"}, {"4": "W"}, {"4": "S"}, {"6": "E"}, {"6": "S"}, {"6": "E"}, {"6": "E"}, {"6": "S"}, {"6": "S"}, {"6": "S"}, {"6": "S"}, {"6": "S"}, {"6": "S"}, {"8": "W"}, {"8": "S"}, {"8": "S"}, {"8": "W"}, {"8": "S"}, {"8": "W"}, {"8": "W"}, {"8": "W"}, {"8": "S"}, {"25": "W"}, {"25": "S"}, {"25": "S"}, {"25": "S"}, {"25": "W"}, {"25": "S"}, {"25": "W"}, {"25": "W"}, {"25": "W"}, {"25": "W"}, {"25": "W"}, {"25": "S"}, {"26": "W"}, {"26": "W"}, {"26": "S"}, {"26": "W"}, {"26": "W"}, {"26": "W"}, {"26": "W"}, {"26": "W"}, {"26": "W"}, {"26": "W"}, {"26": "N"}, {"28": "W"}, {"28": "W"}, {"28": "W"}, {"28": "W"}, {"28": "W"}, {"28": "W"}, {"28": "W"}, {"28": "W"}, {"28": "W"}, {"28": "W"}, {"28": "W"}, {"28": "N"}, {"28": "N"}, {"28": "N"}, {"29": "W"}, {"29": "N"}, {"29": "W"}, {"29": "W"}, {"29": "W"}, {"29": "W"}, {"29": "N"}, {"29": "N"}, {"29": "N"}, {"29": "N"}, {"29": "N"}, {"0": "W"}, {"0": "S"}, {"0": "S"}, {"0": "E"}, {"0": "E"}, {"0": "E"}, {"0": "E"}, {"0": "E"}, {"0": "E"}, {"0": "E"}, {"0": "E"}, {"2": "W"}, {"2": "N"}, {"2": "N"}, {"2": "E"}, {"2": "E"}, {"2": "E"}, {"2": "E"}, {"2": "E"}, {"5": "E"}, {"5": "E"}, {"5": "E"}, {"5": "N"}, {"5": "N"}, {"5": "N"}, {"10": "W"}, {"10": "S"}, {"10": "W"}, {"10": "S"}, {"10": "S"}, {"10": "S"}, {"10": "S"}, {"10": "W"}, {"10": "S"}, {"10": "S"}, {"10": "W"}, {"10": "S"}, {"10": "S"}, {"10": "E"}, {"10": "S"}, {"10": "S"}, {"10": "E"}, {"17": "E"}, {"17": "S"}, {"17": "S"}, {"17": "S"}, {"17": "E"}, {"17": "S"}, {"17": "S"}, {"17": "E"}, {"17": "S"}, {"17": "S"}, {"17": "E"}, {"17": "E"}, {"17": "S"}, {"17": "S"}, {"17": "S"}, {"27": "E"}, {"27": "S"}, {"27": "S"}, {"27": "E"}, {"27": "S"}, {"27": "E"}, {"27": "E"}, {"27": "S"}, {"27": "S"}, {"27": "E"}, {"27": "E"}, {"7": "E"}, {"7": "E"}, {"7": "S"}, {"7": "E"}, {"7": "E"}, {"7": "S"}, {"7": "S"}, {"7": "E"}, {"13": "S"}, {"13": "S"}, {"13": "S"}, {"13": "S"}, {"19": "E"}, {"19": "N"}, {"19": "E"}, {"19": "E"}, {"19": "N"}, {"19": "E"}, {"19": "E"}, {"19": "E"}, {"19": "E"}, {"19": "E"}, {"19": "E"}, {"19": "E"}, {"19": "E"}, {"19": "E"}, {"19": "E"}, {"20": "W"}, {"20": "W"}, {"20": "W"}, {"20": "W"}, {"20": "W"}, {"20": "S"}, {"20": "S"}, {"20": "S"}, {"20": "S"}, {"20": "S"}, {"20": "S"}, {"22": "E"}, {"22": "S"}, {"22": "S"}, {"22": "S"}, {"22": "E"}, {"23": "W"}, {"23": "S"}, {"23": "W"}, {"23": "W"}, {"23": "S"}, {"23": "W"}, {"23": "S"}, {"23": "W"}, {"23": "W"}, {"23": "W"}, {"23": "W"}, {"23": "W"}, {"23": "W"}, {"23": "W"}, {"23": "W"}, {"23": "W"}, {"21": "E"}, {"21": "S"}, {"21": "S"}, {"21": "S"}, {"21": "S"}, {"21": "S"}, {"21": "S"}, {"21": "S"}, {"21": "E"}, {"21": "S"}], "result": "SUCCESS", "makespan": 322, "sum": 445, "algo_name": "OutAndInBFS_travel_from_center"}