{"instance": "microbes_00000_20x20_60_110", "steps": [{"0": "E", "1": "E", "3": "N", "4": "S", "9": "E", "10": "S", "15": "N", "17": "W", "18": "S", "20": "S", "23": "E", "24": "N", "27": "E", "30": "S", "31": "S", "35": "S", "37": "S", "38": "S", "39": "S", "42": "E", "49": "S", "50": "S", "51": "S", "52": "W", "54": "N", "55": "S", "57": "E", "59": "W", "60": "S", "61": "W", "66": "S", "70": "S", "71": "E", "80": "E", "83": "N", "86": "S", "92": "N", "94": "E", "95": "E", "99": "E", "100": "E", "5": "N", "8": "S", "11": "E", "12": "S", "21": "W", "22": "S", "26": "S", "28": "E", "29": "S", "36": "S", "40": "E", "41": "E", "44": "S", "58": "E", "62": "E", "68": "W", "69": "S", "74": "W", "75": "S", "78": "E", "85": "E", "88": "E", "89": "E", "91": "S", "93": "N", "96": "E", "101": "E", "109": "E", "2": "S", "6": "W", "13": "S", "32": "E", "45": "N", "53": "N", "56": "E", "77": "E", "102": "N", "106": "E", "16": "W", "43": "E", "46": "E", "63": "E", "81": "E", "14": "N", "25": "E", "34": "N", "97": "E", "98": "N", "33": "E", "64": "N", "72": "N", "73": "E", "84": "N", "103": "N", "7": "N", "65": "N", "104": "N", "105": "E", "107": "N", "108": "N", "82": "N", "90": "N", "87": "N", "76": "N", "79": "N", "19": "N", "47": "N"}, {"0": "E", "1": "E", "3": "N", "4": "S", "9": "E", "10": "S", "15": "N", "17": "W", "18": "S", "20": "S", "23": "E", "24": "N", "27": "E", "30": "S", "31": "S", "35": "S", "37": "S", "38": "S", "39": "S", "42": "E", "49": "S", "50": "S", "51": "S", "52": "W", "54": "N", "55": "S", "57": "E", "59": "W", "60": "S", "61": "W", "66": "S", "70": "S", "71": "E", "80": "E", "83": "N", "86": "S", "92": "N", "94": "E", "95": "E", "99": "E", "100": "E", "5": "N", "8": "S", "11": "E", "12": "S", "21": "W", "22": "S", "26": "S", "28": "E", "29": "S", "36": "S", "40": "E", "41": "E", "44": "S", "58": "E", "62": "E", "68": "W", "69": "S", "74": "W", "75": "S", "78": "E", "85": "E", "88": "E", "89": "E", "91": "S", "93": "N", "96": "E", "101": "E", "109": "E", "2": "S", "6": "W", "13": "S", "32": "E", "45": "N", "53": "N", "56": "E", "67": "N", "77": "E", "102": "N", "106": "E", "16": "W", "43": "E", "46": "E", "63": "E", "81": "E", "14": "N", "25": "E", "34": "N", "97": "E", "98": "N", "33": "E", "64": "N", "72": "N", "73": "E", "84": "N", "103": "N", "7": "N", "65": "N", "104": "N", "105": "E", "107": "N", "108": "N", "82": "N", "90": "N", "87": "N", "76": "N", "79": "N", "19": "N", "47": "N"}, {"3": "W", "15": "N", "24": "W", "54": "W", "83": "W", "4": "S", "20": "S", "30": "S", "31": "S", "35": "S", "38": "W", "39": "S", "50": "S", "51": "S", "55": "S", "60": "S", "66": "S", "86": "S", "17": "W", "59": "W", "61": "W", "1": "E", "9": "E", "42": "E", "57": "E", "71": "E", "80": "E", "94": "E", "95": "E", "99": "E", "100": "E", "5": "N", "8": "S", "11": "E", "12": "S", "21": "W", "22": "S", "26": "S", "28": "E", "29": "S", "36": "S", "40": "E", "41": "E", "44": "S", "58": "E", "62": "E", "68": "W", "69": "S", "74": "W", "75": "S", "78": "E", "85": "E", "88": "E", "89": "E", "91": "S", "93": "N", "96": "E", "101": "E", "109": "E", "2": "S", "6": "W", "13": "S", "32": "E", "45": "N", "53": "N", "56": "E", "67": "E", "77": "E", "102": "N", "106": "E", "16": "W", "43": "E", "46": "E", "48": "E", "63": "E", "81": "E", "14": "N", "25": "E", "34": "N", "97": "E", "98": "N", "33": "E", "64": "N", "72": "N", "73": "E", "84": "N", "103": "N", "7": "N", "65": "N", "104": "N", "105": "E", "107": "N", "108": "N", "82": "N", "90": "N", "87": "N", "76": "N", "79": "N", "19": "N", "47": "N"}, {"15": "N", "5": "N", "93": "N", "4": "S", "30": "S", "31": "W", "50": "S", "51": "E", "55": "S", "66": "W", "8": "S", "29": "S", "44": "S", "69": "S", "59": "S", "61": "W", "68": "W", "42": "E", "57": "E", "71": "E", "94": "E", "99": "S", "100": "E", "40": "E", "58": "E", "62": "E", "78": "E", "88": "E", "101": "N", "109": "E", "2": "S", "6": "W", "13": "S", "32": "E", "45": "N", "53": "N", "56": "E", "67": "E", "77": "E", "102": "N", "106": "E", "16": "W", "43": "E", "46": "E", "48": "N", "63": "E", "81": "E", "14": "N", "25": "E", "34": "N", "97": "E", "98": "N", "33": "E", "64": "N", "72": "N", "73": "E", "84": "N", "103": "N", "7": "N", "65": "N", "104": "N", "105": "E", "107": "N", "108": "N", "82": "N", "90": "N", "87": "N", "76": "N", "79": "N", "19": "N", "47": "N"}, {"102": "N", "50": "W", "55": "W", "75": "S", "61": "W", "21": "W", "68": "W", "6": "W", "23": "E", "42": "N", "71": "N", "80": "E", "100": "E", "11": "E", "40": "N", "41": "E", "78": "S", "109": "E", "106": "E", "67": "E", "16": "W", "43": "E", "46": "E", "48": "E", "63": "E", "81": "E", "14": "N", "25": "E", "34": "N", "97": "E", "98": "N", "33": "E", "64": "N", "72": "N", "73": "E", "84": "N", "103": "N", "7": "N", "65": "N", "104": "N", "105": "E", "107": "N", "108": "N", "82": "N", "90": "N", "87": "N", "76": "N", "79": "N", "19": "N", "47": "N"}, {"83": "N", "102": "N", "8": "S", "69": "S", "75": "S", "21": "W", "23": "E", "100": "E", "41": "E", "62": "E", "109": "E", "32": "E", "106": "E", "43": "E", "63": "E", "81": "E", "48": "E", "14": "N", "25": "E", "34": "N", "97": "E", "98": "N", "33": "E", "64": "N", "72": "N", "73": "E", "84": "N", "103": "N", "7": "N", "65": "N", "104": "N", "105": "E", "107": "N", "108": "N", "82": "N", "90": "N", "87": "N", "76": "N", "79": "N", "19": "N", "47": "N"}, {"24": "N", "102": "N", "14": "N", "8": "E", "69": "E", "75": "W", "21": "N", "23": "E", "80": "E", "100": "E", "11": "E", "41": "N", "62": "E", "109": "E", "32": "E", "106": "E", "67": "E", "43": "E", "63": "E", "81": "N", "25": "E", "97": "E", "48": "E", "33": "E", "64": "N", "72": "N", "73": "E", "84": "N", "103": "N", "7": "N", "65": "N", "104": "N", "105": "E", "107": "N", "108": "N", "82": "N", "90": "N", "87": "N", "76": "N", "79": "N", "19": "N", "47": "N"}, {"24": "N", "83": "N", "102": "W", "14": "N", "34": "N", "98": "N", "64": "N", "72": "N", "84": "N", "103": "N", "100": "E", "62": "N", "109": "E", "32": "E", "106": "E", "43": "E", "97": "E", "73": "E", "7": "N", "65": "N", "104": "N", "105": "E", "107": "N", "108": "N", "82": "N", "90": "N", "87": "N", "76": "N", "79": "N", "19": "N", "47": "N"}, {"14": "N", "64": "N", "84": "N", "103": "N", "7": "N", "107": "N", "100": "N", "109": "N", "32": "N", "106": "N", "43": "S", "97": "S", "82": "N", "90": "N", "87": "N", "76": "N", "79": "N", "19": "N", "47": "N"}, {"14": "N", "64": "N", "84": "E", "103": "N", "107": "N", "82": "N", "73": "E", "105": "E", "90": "N", "87": "N", "76": "N", "79": "N", "19": "N", "47": "N"}, {"14": "N", "64": "E", "103": "N", "7": "N", "107": "N", "82": "N", "90": "N", "73": "E", "105": "E", "87": "N", "76": "N", "79": "N", "19": "N", "47": "N"}, {"14": "N", "103": "N", "7": "N", "107": "N", "82": "N", "90": "N", "87": "N", "73": "E", "105": "E", "76": "N", "79": "N", "19": "N", "47": "N"}, {"14": "N", "103": "N", "7": "W", "107": "N", "82": "N", "90": "N", "87": "N", "76": "N", "73": "S", "79": "N", "19": "N", "47": "N"}, {"14": "N", "103": "N", "107": "N", "82": "N", "90": "N", "87": "N", "76": "N", "79": "N", "105": "E", "19": "N", "47": "N"}, {"14": "N", "103": "N", "107": "N", "82": "N", "90": "N", "87": "N", "76": "N", "79": "N", "19": "N", "105": "E", "47": "N"}, {"105": "S"}, {"13": "E"}, {"13": "N"}, {"13": "E"}, {"13": "E"}, {"13": "E"}, {"13": "E"}, {"13": "E"}, {"13": "E"}, {"13": "E"}, {"13": "E"}, {"13": "E"}, {"13": "E"}, {"13": "E"}, {"13": "E"}, {"13": "E"}, {"13": "E"}, {"13": "N"}, {"13": "N"}, {"13": "N"}, {"13": "N"}, {"13": "N"}, {"13": "N"}, {"13": "N"}, {"13": "N"}, {"13": "N"}, {"13": "N"}, {"13": "N"}, {"13": "N"}, {"13": "N"}, {"13": "N"}, {"13": "W"}, {"13": "N"}, {"13": "N"}, {"13": "N"}, {"13": "N"}, {"13": "N"}, {"13": "N"}, {"90": "E"}, {"90": "E"}, {"90": "E"}, {"90": "E"}, {"90": "E"}, {"90": "E"}, {"90": "E"}, {"90": "E"}, {"90": "S"}, {"90": "S"}, {"90": "S"}, {"90": "S"}, {"90": "S"}, {"90": "S"}, {"90": "S"}, {"90": "S"}, {"90": "E"}, {"95": "S"}, {"95": "W"}, {"95": "W"}, {"95": "W"}, {"95": "W"}, {"95": "N"}, {"95": "N"}, {"95": "N"}, {"95": "N"}, {"95": "N"}, {"95": "N"}, {"95": "W"}, {"95": "W"}, {"95": "W"}, {"95": "N"}, {"95": "N"}, {"89": "W"}, {"89": "W"}, {"89": "W"}, {"89": "N"}, {"89": "N"}, {"89": "N"}, {"89": "N"}, {"89": "N"}, {"89": "N"}, {"89": "N"}, {"89": "N"}, {"89": "N"}, {"89": "N"}, {"70": "E"}, {"70": "N"}, {"70": "E"}, {"70": "E"}, {"70": "E"}, {"70": "E"}, {"70": "E"}, {"70": "E"}, {"70": "E"}, {"70": "E"}, {"70": "N"}, {"70": "N"}, {"70": "N"}, {"70": "N"}, {"70": "N"}, {"70": "N"}, {"70": "N"}, {"70": "N"}, {"70": "N"}, {"70": "N"}, {"70": "N"}, {"70": "N"}, {"70": "N"}, {"70": "N"}, {"70": "W"}, {"70": "W"}, {"70": "N"}, {"70": "N"}, {"70": "N"}, {"70": "W"}, {"70": "N"}, {"70": "N"}, {"70": "N"}, {"66": "E"}, {"66": "N"}, {"66": "N"}, {"66": "E"}, {"66": "E"}, {"66": "E"}, {"66": "E"}, {"66": "E"}, {"66": "E"}, {"66": "E"}, {"66": "E"}, {"66": "E"}, {"66": "N"}, {"66": "N"}, {"66": "N"}, {"66": "N"}, {"66": "N"}, {"66": "N"}, {"66": "N"}, {"66": "N"}, {"66": "N"}, {"66": "N"}, {"66": "N"}, {"66": "N"}, {"66": "N"}, {"66": "N"}, {"66": "N"}, {"66": "N"}, {"66": "N"}, {"66": "N"}, {"64": "W"}, {"64": "S"}, {"64": "S"}, {"64": "S"}, {"64": "S"}, {"64": "W"}, {"64": "W"}, {"64": "W"}, {"64": "W"}, {"64": "W"}, {"64": "S"}, {"64": "S"}, {"64": "S"}, {"64": "S"}, {"64": "S"}, {"64": "S"}, {"64": "S"}, {"64": "S"}, {"64": "S"}, {"64": "S"}, {"64": "S"}, {"64": "S"}, {"59": "N"}, {"59": "E"}, {"59": "E"}, {"59": "N"}, {"59": "N"}, {"59": "N"}, {"59": "N"}, {"59": "N"}, {"59": "N"}, {"59": "N"}, {"59": "N"}, {"59": "N"}, {"59": "N"}, {"59": "N"}, {"59": "N"}, {"59": "N"}, {"59": "N"}, {"59": "N"}, {"59": "N"}, {"59": "E"}, {"59": "E"}, {"59": "E"}, {"59": "E"}, {"59": "E"}, {"59": "E"}, {"59": "E"}, {"59": "E"}, {"59": "E"}, {"59": "E"}, {"59": "E"}, {"59": "E"}, {"59": "E"}, {"59": "E"}, {"59": "E"}, {"59": "E"}, {"59": "E"}, {"59": "E"}, {"50": "E"}, {"50": "N"}, {"50": "N"}, {"50": "N"}, {"50": "E"}, {"50": "E"}, {"50": "E"}, {"50": "E"}, {"50": "E"}, {"50": "N"}, {"50": "N"}, {"50": "N"}, {"50": "N"}, {"50": "N"}, {"50": "N"}, {"50": "N"}, {"50": "N"}, {"50": "N"}, {"50": "N"}, {"50": "N"}, {"50": "N"}, {"50": "N"}, {"50": "N"}, {"50": "W"}, {"50": "W"}, {"50": "W"}, {"50": "W"}, {"50": "W"}, {"36": "E"}, {"36": "N"}, {"36": "E"}, {"36": "E"}, {"36": "E"}, {"36": "E"}, {"36": "E"}, {"36": "N"}, {"36": "N"}, {"36": "N"}, {"36": "N"}, {"36": "N"}, {"36": "N"}, {"36": "N"}, {"36": "N"}, {"36": "N"}, {"36": "N"}, {"36": "N"}, {"36": "N"}, {"36": "N"}, {"36": "N"}, {"36": "W"}, {"36": "W"}, {"36": "W"}, {"36": "W"}, {"36": "N"}, {"35": "E"}, {"35": "N"}, {"35": "N"}, {"35": "E"}, {"35": "E"}, {"35": "N"}, {"35": "N"}, {"35": "N"}, {"35": "N"}, {"35": "N"}, {"35": "N"}, {"35": "N"}, {"35": "N"}, {"35": "N"}, {"35": "N"}, {"35": "N"}, {"35": "N"}, {"35": "N"}, {"35": "N"}, {"35": "W"}, {"35": "W"}, {"35": "N"}, {"35": "N"}, {"35": "N"}, {"35": "N"}, {"35": "N"}, {"3": "E"}, {"3": "E"}, {"3": "E"}, {"3": "E"}, {"3": "S"}, {"3": "E"}, {"3": "E"}, {"3": "E"}, {"3": "E"}, {"3": "E"}, {"3": "E"}, {"3": "E"}, {"3": "E"}, {"3": "E"}, {"3": "E"}, {"3": "S"}, {"3": "S"}, {"3": "E"}, {"3": "S"}, {"3": "E"}, {"3": "S"}, {"107": "E"}, {"107": "E"}, {"107": "E"}, {"107": "E"}, {"107": "E"}, {"107": "E"}, {"107": "E"}, {"107": "E"}, {"107": "E"}, {"107": "E"}, {"107": "E"}, {"107": "E"}, {"107": "S"}, {"107": "S"}, {"107": "S"}, {"107": "S"}, {"107": "S"}, {"107": "S"}, {"107": "S"}, {"107": "S"}, {"107": "S"}, {"107": "S"}, {"107": "S"}, {"107": "S"}, {"107": "W"}, {"107": "W"}, {"107": "N"}, {"100": "N"}, {"100": "W"}, {"100": "W"}, {"100": "W"}, {"100": "W"}, {"100": "W"}, {"100": "N"}, {"100": "W"}, {"100": "W"}, {"100": "W"}, {"100": "W"}, {"100": "W"}, {"98": "W"}, {"98": "S"}, {"98": "S"}, {"98": "E"}, {"98": "E"}, {"98": "E"}, {"98": "E"}, {"98": "S"}, {"98": "S"}, {"98": "E"}, {"98": "S"}, {"98": "E"}, {"86": "E"}, {"86": "E"}, {"86": "N"}, {"86": "N"}, {"86": "N"}, {"86": "N"}, {"86": "N"}, {"86": "N"}, {"86": "N"}, {"86": "N"}, {"86": "N"}, {"86": "N"}, {"86": "N"}, {"86": "N"}, {"86": "N"}, {"86": "N"}, {"86": "N"}, {"86": "N"}, {"86": "N"}, {"86": "N"}, {"86": "N"}, {"75": "E"}, {"75": "N"}, {"75": "N"}, {"75": "N"}, {"75": "E"}, {"75": "E"}, {"75": "E"}, {"75": "E"}, {"75": "E"}, {"75": "E"}, {"75": "E"}, {"75": "E"}, {"75": "N"}, {"75": "N"}, {"75": "N"}, {"75": "N"}, {"75": "N"}, {"75": "N"}, {"75": "N"}, {"75": "N"}, {"75": "N"}, {"75": "N"}, {"75": "N"}, {"75": "N"}, {"75": "N"}, {"75": "N"}, {"75": "W"}, {"75": "W"}, {"75": "W"}, {"75": "W"}, {"60": "E"}, {"60": "N"}, {"60": "N"}, {"60": "E"}, {"60": "E"}, {"60": "E"}, {"60": "E"}, {"60": "E"}, {"60": "E"}, {"60": "E"}, {"60": "N"}, {"60": "N"}, {"60": "N"}, {"60": "N"}, {"60": "N"}, {"60": "N"}, {"60": "N"}, {"60": "N"}, {"60": "N"}, {"60": "N"}, {"60": "N"}, {"60": "N"}, {"60": "N"}, {"60": "N"}, {"60": "N"}, {"60": "N"}, {"60": "N"}, {"60": "N"}, {"60": "N"}, {"60": "W"}, {"60": "N"}, {"60": "W"}, {"60": "N"}, {"60": "W"}, {"60": "W"}, {"60": "W"}, {"60": "W"}, {"60": "S"}, {"60": "S"}, {"60": "E"}, {"55": "E"}, {"55": "N"}, {"55": "N"}, {"55": "N"}, {"55": "E"}, {"55": "E"}, {"55": "N"}, {"55": "N"}, {"55": "N"}, {"55": "N"}, {"55": "N"}, {"55": "N"}, {"55": "N"}, {"55": "N"}, {"55": "N"}, {"55": "N"}, {"55": "N"}, {"55": "N"}, {"55": "N"}, {"55": "N"}, {"55": "W"}, {"55": "W"}, {"55": "N"}, {"55": "N"}, {"52": "E"}, {"52": "N"}, {"52": "N"}, {"52": "N"}, {"52": "N"}, {"52": "N"}, {"52": "N"}, {"52": "N"}, {"52": "N"}, {"52": "N"}, {"52": "N"}, {"52": "N"}, {"52": "N"}, {"52": "N"}, {"52": "N"}, {"52": "N"}, {"52": "N"}, {"52": "N"}, {"52": "E"}, {"52": "E"}, {"52": "E"}, {"52": "E"}, {"52": "E"}, {"52": "E"}, {"52": "E"}, {"52": "E"}, {"52": "E"}, {"52": "E"}, {"52": "E"}, {"52": "E"}, {"52": "E"}, {"52": "S"}, {"52": "S"}, {"52": "S"}, {"52": "S"}, {"42": "N"}, {"42": "N"}, {"42": "W"}, {"42": "W"}, {"42": "W"}, {"42": "N"}, {"42": "N"}, {"42": "N"}, {"42": "N"}, {"42": "N"}, {"42": "N"}, {"42": "N"}, {"42": "N"}, {"42": "W"}, {"42": "N"}, {"42": "W"}, {"42": "N"}, {"42": "W"}, {"42": "W"}, {"42": "W"}, {"42": "W"}, {"42": "S"}, {"31": "E"}, {"31": "N"}, {"31": "N"}, {"31": "W"}, {"31": "W"}, {"31": "W"}, {"31": "W"}, {"31": "W"}, {"31": "W"}, {"31": "W"}, {"31": "W"}, {"31": "N"}, {"31": "N"}, {"31": "N"}, {"31": "N"}, {"31": "N"}, {"31": "N"}, {"31": "N"}, {"31": "N"}, {"31": "N"}, {"31": "N"}, {"31": "N"}, {"31": "N"}, {"31": "N"}, {"31": "N"}, {"31": "N"}, {"31": "N"}, {"31": "N"}, {"31": "N"}, {"31": "E"}, {"31": "E"}, {"31": "E"}, {"31": "E"}, {"31": "E"}, {"31": "E"}, {"31": "E"}, {"31": "E"}, {"31": "E"}, {"31": "E"}, {"31": "E"}, {"31": "E"}, {"31": "E"}, {"31": "E"}, {"31": "E"}, {"31": "E"}, {"31": "S"}, {"30": "E"}, {"30": "E"}, {"30": "E"}, {"30": "E"}, {"30": "N"}, {"30": "N"}, {"30": "N"}, {"30": "E"}, {"30": "E"}, {"30": "E"}, {"30": "E"}, {"30": "E"}, {"30": "E"}, {"30": "E"}, {"30": "E"}, {"30": "E"}, {"30": "E"}, {"30": "E"}, {"30": "N"}, {"30": "N"}, {"30": "N"}, {"30": "N"}, {"30": "N"}, {"30": "N"}, {"30": "N"}, {"30": "N"}, {"30": "N"}, {"30": "N"}, {"30": "N"}, {"30": "N"}, {"30": "N"}, {"30": "N"}, {"30": "W"}, {"30": "W"}, {"30": "W"}, {"30": "N"}, {"28": "W"}, {"28": "N"}, {"28": "N"}, {"28": "N"}, {"28": "N"}, {"28": "N"}, {"28": "N"}, {"28": "W"}, {"28": "N"}, {"28": "W"}, {"28": "N"}, {"28": "W"}, {"28": "W"}, {"28": "W"}, {"28": "W"}, {"28": "W"}, {"28": "S"}, {"28": "S"}, {"28": "E"}, {"28": "S"}, {"28": "S"}, {"28": "S"}, {"2": "W"}, {"2": "N"}, {"2": "W"}, {"2": "W"}, {"2": "N"}, {"2": "N"}, {"2": "N"}, {"2": "N"}, {"2": "N"}, {"2": "N"}, {"2": "N"}, {"2": "N"}, {"2": "N"}, {"2": "N"}, {"2": "N"}, {"2": "N"}, {"2": "N"}, {"2": "N"}, {"2": "N"}, {"2": "N"}, {"2": "N"}, {"2": "N"}, {"2": "E"}, {"2": "E"}, {"2": "E"}, {"2": "E"}, {"2": "E"}, {"2": "E"}, {"2": "E"}, {"2": "E"}, {"2": "E"}, {"2": "E"}, {"2": "E"}, {"2": "E"}, {"2": "E"}, {"2": "E"}, {"2": "S"}, {"2": "S"}, {"2": "S"}, {"109": "S"}, {"109": "W"}, {"109": "W"}, {"109": "W"}, {"109": "W"}, {"109": "W"}, {"109": "W"}, {"109": "W"}, {"109": "W"}, {"109": "W"}, {"109": "W"}, {"109": "W"}, {"105": "N"}, {"105": "W"}, {"105": "W"}, {"105": "W"}, {"105": "W"}, {"105": "W"}, {"105": "W"}, {"105": "N"}, {"105": "N"}, {"105": "N"}, {"105": "N"}, {"105": "N"}, {"105": "W"}, {"105": "N"}, {"105": "W"}, {"105": "N"}, {"105": "W"}, {"105": "W"}, {"105": "W"}, {"105": "W"}, {"105": "W"}, {"105": "W"}, {"105": "S"}, {"105": "S"}, {"105": "S"}, {"105": "S"}, {"105": "S"}, {"105": "S"}, {"71": "S"}, {"71": "W"}, {"71": "W"}, {"71": "W"}, {"71": "N"}, {"71": "N"}, {"71": "N"}, {"71": "N"}, {"71": "N"}, {"71": "N"}, {"71": "N"}, {"71": "N"}, {"71": "N"}, {"71": "N"}, {"71": "N"}, {"71": "N"}, {"71": "N"}, {"71": "N"}, {"71": "W"}, {"71": "N"}, {"71": "W"}, {"71": "N"}, {"71": "W"}, {"71": "W"}, {"71": "W"}, {"71": "W"}, {"71": "W"}, {"71": "S"}, {"71": "S"}, {"71": "E"}, {"71": "S"}, {"71": "E"}, {"57": "E"}, {"57": "N"}, {"57": "N"}, {"57": "W"}, {"57": "W"}, {"57": "W"}, {"57": "W"}, {"57": "W"}, {"57": "W"}, {"57": "N"}, {"57": "N"}, {"57": "N"}, {"57": "N"}, {"57": "N"}, {"57": "N"}, {"57": "N"}, {"57": "N"}, {"57": "N"}, {"57": "W"}, {"57": "W"}, {"57": "N"}, {"44": "W"}, {"44": "W"}, {"44": "W"}, {"44": "N"}, {"44": "N"}, {"44": "N"}, {"44": "N"}, {"44": "N"}, {"44": "N"}, {"44": "N"}, {"44": "N"}, {"44": "N"}, {"44": "N"}, {"44": "N"}, {"44": "N"}, {"44": "N"}, {"44": "N"}, {"44": "N"}, {"44": "N"}, {"44": "N"}, {"44": "N"}, {"44": "N"}, {"44": "N"}, {"44": "E"}, {"44": "E"}, {"44": "E"}, {"44": "E"}, {"44": "E"}, {"44": "E"}, {"44": "E"}, {"44": "E"}, {"44": "E"}, {"44": "E"}, {"44": "E"}, {"44": "E"}, {"44": "E"}, {"44": "E"}, {"44": "E"}, {"44": "N"}, {"37": "W"}, {"37": "N"}, {"37": "W"}, {"37": "W"}, {"37": "W"}, {"37": "W"}, {"37": "W"}, {"37": "N"}, {"37": "N"}, {"37": "N"}, {"37": "N"}, {"37": "N"}, {"37": "N"}, {"37": "N"}, {"37": "N"}, {"37": "N"}, {"37": "N"}, {"37": "N"}, {"37": "N"}, {"37": "N"}, {"37": "N"}, {"37": "N"}, {"37": "N"}, {"37": "N"}, {"37": "N"}, {"37": "E"}, {"37": "E"}, {"37": "E"}, {"37": "E"}, {"37": "E"}, {"37": "E"}, {"37": "E"}, {"37": "E"}, {"37": "E"}, {"37": "E"}, {"37": "E"}, {"37": "E"}, {"37": "E"}, {"37": "E"}, {"37": "N"}, {"37": "N"}, {"26": "N"}, {"26": "E"}, {"26": "E"}, {"26": "E"}, {"26": "E"}, {"26": "E"}, {"26": "E"}, {"26": "E"}, {"26": "N"}, {"26": "N"}, {"26": "N"}, {"26": "N"}, {"26": "N"}, {"26": "N"}, {"26": "N"}, {"26": "N"}, {"26": "N"}, {"26": "N"}, {"26": "N"}, {"26": "N"}, {"26": "N"}, {"26": "N"}, {"26": "N"}, {"26": "N"}, {"26": "N"}, {"19": "W"}, {"19": "S"}, {"19": "S"}, {"19": "E"}, {"19": "E"}, {"19": "E"}, {"19": "E"}, {"19": "E"}, {"19": "E"}, {"19": "E"}, {"19": "E"}, {"19": "E"}, {"19": "E"}, {"19": "E"}, {"19": "E"}, {"19": "E"}, {"19": "S"}, {"19": "S"}, {"19": "S"}, {"19": "S"}, {"19": "S"}, {"19": "W"}, {"10": "N"}, {"10": "W"}, {"10": "W"}, {"10": "W"}, {"10": "W"}, {"10": "W"}, {"10": "W"}, {"10": "W"}, {"10": "N"}, {"10": "N"}, {"10": "N"}, {"10": "N"}, {"10": "N"}, {"10": "N"}, {"10": "N"}, {"10": "N"}, {"10": "N"}, {"10": "N"}, {"10": "N"}, {"10": "N"}, {"10": "N"}, {"10": "N"}, {"10": "N"}, {"10": "N"}, {"10": "N"}, {"10": "N"}, {"10": "E"}, {"10": "E"}, {"10": "E"}, {"10": "E"}, {"10": "E"}, {"10": "E"}, {"10": "E"}, {"10": "E"}, {"10": "E"}, {"10": "E"}, {"10": "E"}, {"10": "E"}, {"10": "E"}, {"10": "E"}, {"10": "S"}, {"10": "S"}, {"4": "W"}, {"4": "N"}, {"4": "N"}, {"4": "N"}, {"4": "E"}, {"4": "E"}, {"4": "E"}, {"4": "E"}, {"4": "E"}, {"4": "E"}, {"4": "E"}, {"4": "E"}, {"4": "E"}, {"4": "E"}, {"4": "E"}, {"4": "E"}, {"4": "E"}, {"4": "E"}, {"4": "E"}, {"4": "E"}, {"4": "E"}, {"4": "N"}, {"4": "N"}, {"4": "N"}, {"4": "N"}, {"4": "N"}, {"4": "N"}, {"4": "N"}, {"4": "N"}, {"4": "N"}, {"4": "N"}, {"4": "N"}, {"4": "N"}, {"4": "N"}, {"4": "N"}, {"4": "W"}, {"4": "N"}, {"4": "N"}, {"82": "E"}, {"82": "E"}, {"82": "E"}, {"82": "E"}, {"82": "E"}, {"82": "E"}, {"82": "E"}, {"82": "E"}, {"82": "E"}, {"82": "E"}, {"82": "E"}, {"82": "E"}, {"82": "S"}, {"82": "S"}, {"82": "S"}, {"82": "S"}, {"82": "S"}, {"82": "S"}, {"82": "S"}, {"82": "S"}, {"82": "S"}, {"82": "S"}, {"82": "S"}, {"82": "S"}, {"82": "S"}, {"82": "W"}, {"82": "W"}, {"82": "W"}, {"80": "N"}, {"80": "W"}, {"80": "W"}, {"80": "W"}, {"80": "W"}, {"80": "N"}, {"80": "N"}, {"80": "N"}, {"80": "N"}, {"80": "N"}, {"80": "N"}, {"80": "N"}, {"80": "N"}, {"80": "N"}, {"80": "N"}, {"80": "N"}, {"80": "W"}, {"80": "N"}, {"80": "W"}, {"80": "N"}, {"80": "W"}, {"80": "W"}, {"80": "W"}, {"80": "W"}, {"80": "W"}, {"80": "W"}, {"80": "W"}, {"80": "S"}, {"80": "S"}, {"80": "S"}, {"80": "S"}, {"80": "S"}, {"80": "S"}, {"76": "W"}, {"76": "S"}, {"76": "S"}, {"76": "S"}, {"76": "S"}, {"76": "E"}, {"76": "E"}, {"76": "E"}, {"76": "E"}, {"76": "E"}, {"76": "S"}, {"76": "S"}, {"76": "S"}, {"76": "S"}, {"76": "S"}, {"49": "N"}, {"49": "E"}, {"49": "E"}, {"49": "E"}, {"49": "E"}, {"49": "E"}, {"49": "E"}, {"49": "E"}, {"49": "E"}, {"49": "E"}, {"49": "E"}, {"49": "N"}, {"49": "N"}, {"49": "N"}, {"49": "N"}, {"49": "N"}, {"49": "N"}, {"49": "N"}, {"49": "N"}, {"49": "N"}, {"49": "N"}, {"49": "N"}, {"49": "N"}, {"49": "N"}, {"49": "N"}, {"49": "W"}, {"49": "W"}, {"47": "S"}, {"47": "E"}, {"47": "E"}, {"47": "E"}, {"47": "E"}, {"47": "S"}, {"47": "S"}, {"47": "E"}, {"47": "S"}, {"47": "E"}, {"39": "W"}, {"39": "N"}, {"39": "N"}, {"39": "E"}, {"39": "E"}, {"39": "E"}, {"39": "E"}, {"39": "E"}, {"39": "E"}, {"39": "E"}, {"39": "E"}, {"39": "N"}, {"39": "N"}, {"39": "N"}, {"39": "N"}, {"39": "N"}, {"39": "N"}, {"39": "N"}, {"39": "N"}, {"39": "N"}, {"39": "N"}, {"39": "N"}, {"39": "N"}, {"39": "N"}, {"39": "N"}, {"39": "N"}, {"39": "N"}, {"21": "S"}, {"21": "E"}, {"21": "E"}, {"21": "E"}, {"21": "E"}, {"21": "E"}, {"21": "E"}, {"21": "E"}, {"21": "S"}, {"21": "E"}, {"21": "E"}, {"21": "E"}, {"21": "E"}, {"21": "E"}, {"21": "E"}, {"21": "E"}, {"21": "E"}, {"21": "E"}, {"21": "E"}, {"21": "E"}, {"21": "E"}, {"21": "E"}, {"21": "E"}, {"21": "E"}, {"21": "E"}, {"21": "N"}, {"21": "N"}, {"21": "N"}, {"21": "N"}, {"21": "N"}, {"21": "N"}, {"21": "N"}, {"21": "N"}, {"21": "N"}, {"21": "N"}, {"21": "N"}, {"21": "N"}, {"21": "N"}, {"21": "N"}, {"9": "N"}, {"9": "W"}, {"9": "W"}, {"9": "N"}, {"9": "N"}, {"9": "N"}, {"9": "N"}, {"9": "N"}, {"9": "W"}, {"9": "N"}, {"9": "W"}, {"9": "N"}, {"9": "W"}, {"9": "W"}, {"9": "W"}, {"9": "W"}, {"9": "W"}, {"9": "W"}, {"9": "W"}, {"9": "W"}, {"9": "S"}, {"9": "S"}, {"9": "S"}, {"9": "S"}, {"9": "S"}, {"9": "S"}, {"9": "S"}, {"96": "W"}, {"96": "N"}, {"96": "N"}, {"96": "N"}, {"96": "N"}, {"96": "N"}, {"96": "N"}, {"96": "N"}, {"96": "W"}, {"96": "N"}, {"96": "W"}, {"96": "N"}, {"96": "W"}, {"96": "W"}, {"96": "W"}, {"96": "W"}, {"96": "W"}, {"96": "W"}, {"96": "W"}, {"96": "W"}, {"96": "S"}, {"96": "S"}, {"96": "S"}, {"96": "S"}, {"96": "S"}, {"96": "S"}, {"81": "S"}, {"81": "W"}, {"81": "W"}, {"81": "S"}, {"81": "S"}, {"81": "S"}, {"81": "W"}, {"68": "N"}, {"68": "E"}, {"68": "E"}, {"68": "E"}, {"68": "S"}, {"68": "E"}, {"68": "E"}, {"68": "E"}, {"68": "E"}, {"68": "S"}, {"68": "S"}, {"68": "S"}, {"68": "E"}, {"68": "E"}, {"68": "E"}, {"68": "E"}, {"68": "E"}, {"68": "E"}, {"68": "E"}, {"68": "E"}, {"68": "E"}, {"68": "E"}, {"68": "E"}, {"68": "E"}, {"68": "E"}, {"68": "E"}, {"68": "E"}, {"68": "N"}, {"68": "N"}, {"68": "N"}, {"68": "N"}, {"68": "N"}, {"68": "N"}, {"68": "N"}, {"68": "N"}, {"68": "N"}, {"68": "N"}, {"68": "N"}, {"68": "N"}, {"68": "N"}, {"68": "N"}, {"1": "S"}, {"1": "W"}, {"1": "W"}, {"1": "W"}, {"1": "W"}, {"1": "N"}, {"1": "N"}, {"1": "N"}, {"1": "W"}, {"79": "W"}, {"79": "S"}, {"79": "S"}, {"79": "S"}, {"79": "E"}, {"79": "E"}, {"79": "E"}, {"79": "E"}, {"79": "E"}, {"79": "E"}, {"79": "E"}, {"79": "E"}, {"79": "E"}, {"79": "E"}, {"79": "E"}, {"79": "E"}, {"79": "E"}, {"79": "S"}, {"79": "S"}, {"79": "S"}, {"79": "S"}, {"79": "S"}, {"79": "S"}, {"79": "S"}, {"79": "S"}, {"79": "W"}, {"79": "W"}, {"79": "N"}, {"23": "S"}, {"23": "W"}, {"23": "W"}, {"23": "W"}, {"23": "W"}, {"23": "S"}, {"23": "W"}, {"12": "E"}, {"12": "N"}, {"12": "E"}, {"12": "E"}, {"12": "E"}, {"12": "E"}, {"12": "N"}, {"12": "N"}, {"12": "N"}, {"12": "N"}, {"12": "N"}, {"12": "N"}, {"12": "N"}, {"12": "N"}, {"12": "N"}, {"12": "N"}, {"12": "N"}, {"12": "N"}, {"12": "N"}, {"12": "N"}, {"12": "N"}, {"12": "N"}, {"12": "N"}, {"12": "N"}, {"12": "N"}, {"12": "W"}, {"12": "N"}, {"12": "W"}, {"12": "N"}, {"12": "W"}, {"12": "W"}, {"12": "W"}, {"12": "W"}, {"12": "W"}, {"12": "W"}, {"12": "W"}, {"12": "W"}, {"12": "W"}, {"12": "W"}, {"12": "S"}, {"12": "S"}, {"12": "S"}, {"12": "S"}, {"12": "S"}, {"12": "S"}, {"12": "S"}, {"67": "N"}, {"67": "W"}, {"67": "W"}, {"67": "N"}, {"67": "N"}, {"67": "N"}, {"67": "N"}, {"67": "N"}, {"67": "N"}, {"67": "N"}, {"67": "N"}, {"67": "N"}, {"67": "N"}, {"67": "N"}, {"67": "W"}, {"67": "N"}, {"67": "W"}, {"67": "N"}, {"67": "W"}, {"67": "W"}, {"67": "W"}, {"67": "W"}, {"67": "W"}, {"67": "W"}, {"67": "W"}, {"67": "W"}, {"67": "S"}, {"67": "S"}, {"67": "S"}, {"67": "S"}, {"43": "N"}, {"43": "W"}, {"43": "W"}, {"43": "W"}, {"43": "W"}, {"43": "S"}, {"43": "S"}, {"43": "W"}, {"43": "W"}, {"43": "N"}, {"16": "E"}, {"16": "E"}, {"16": "E"}, {"16": "E"}, {"16": "E"}, {"16": "S"}, {"16": "S"}, {"16": "S"}, {"16": "E"}, {"16": "E"}, {"16": "E"}, {"16": "E"}, {"16": "E"}, {"16": "E"}, {"16": "E"}, {"16": "E"}, {"16": "E"}, {"16": "E"}, {"16": "E"}, {"16": "E"}, {"16": "E"}, {"16": "E"}, {"16": "E"}, {"16": "N"}, {"16": "N"}, {"16": "N"}, {"16": "N"}, {"16": "N"}, {"16": "N"}, {"16": "N"}, {"16": "N"}, {"16": "N"}, {"16": "N"}, {"104": "S"}, {"104": "W"}, {"104": "W"}, {"104": "W"}, {"104": "W"}, {"104": "S"}, {"104": "S"}, {"104": "S"}, {"101": "W"}, {"101": "S"}, {"101": "S"}, {"101": "S"}, {"101": "S"}, {"101": "S"}, {"101": "S"}, {"101": "W"}, {"101": "S"}, {"101": "S"}, {"101": "W"}, {"20": "W"}, {"20": "N"}, {"20": "N"}, {"20": "W"}, {"20": "W"}, {"20": "W"}, {"20": "W"}, {"20": "W"}, {"20": "W"}, {"20": "W"}, {"20": "W"}, {"20": "W"}, {"20": "W"}, {"20": "W"}, {"20": "W"}, {"20": "W"}, {"20": "W"}, {"20": "N"}, {"20": "N"}, {"20": "N"}, {"20": "N"}, {"20": "N"}, {"20": "N"}, {"20": "N"}, {"20": "N"}, {"20": "N"}, {"20": "N"}, {"20": "N"}, {"20": "N"}, {"20": "N"}, {"20": "N"}, {"20": "N"}, {"20": "N"}, {"20": "N"}, {"20": "N"}, {"20": "E"}, {"20": "E"}, {"20": "E"}, {"20": "E"}, {"20": "E"}, {"20": "E"}, {"20": "E"}, {"20": "N"}, {"20": "N"}, {"63": "S"}, {"63": "W"}, {"63": "W"}, {"63": "W"}, {"63": "S"}, {"63": "S"}, {"63": "W"}, {"63": "S"}, {"63": "S"}, {"63": "S"}, {"63": "W"}, {"58": "S"}, {"58": "W"}, {"58": "W"}, {"58": "W"}, {"58": "N"}, {"58": "N"}, {"58": "N"}, {"58": "N"}, {"58": "N"}, {"58": "N"}, {"94": "N"}, {"94": "W"}, {"94": "W"}, {"94": "W"}, {"94": "W"}, {"94": "W"}, {"94": "N"}, {"94": "N"}, {"94": "N"}, {"18": "E"}, {"18": "N"}, {"18": "N"}, {"18": "N"}, {"18": "N"}, {"18": "N"}, {"18": "N"}, {"18": "N"}, {"18": "N"}, {"88": "N"}, {"88": "W"}, {"88": "W"}, {"88": "N"}, {"88": "N"}, {"88": "N"}, {"88": "N"}, {"88": "N"}, {"88": "N"}, {"88": "N"}, {"88": "N"}, {"88": "N"}, {"88": "N"}, {"88": "N"}, {"88": "N"}, {"88": "N"}, {"88": "N"}, {"88": "W"}, {"88": "N"}, {"88": "W"}, {"88": "N"}, {"88": "W"}, {"88": "W"}, {"88": "W"}, {"88": "W"}, {"88": "W"}, {"88": "W"}, {"88": "W"}, {"88": "W"}, {"88": "W"}, {"88": "W"}, {"88": "W"}, {"88": "W"}, {"88": "W"}, {"88": "S"}, {"88": "S"}, {"88": "S"}, {"84": "W"}, {"84": "S"}, {"84": "S"}, {"84": "S"}, {"84": "E"}, {"84": "E"}, {"84": "E"}, {"84": "E"}, {"84": "E"}, {"84": "E"}, {"84": "E"}, {"84": "E"}, {"84": "E"}, {"84": "E"}, {"84": "S"}, {"84": "S"}, {"84": "S"}, {"84": "S"}, {"84": "S"}, {"84": "S"}, {"84": "S"}, {"84": "S"}, {"84": "S"}, {"84": "S"}, {"84": "S"}, {"84": "S"}, {"84": "S"}, {"84": "S"}, {"84": "S"}, {"84": "W"}, {"84": "W"}, {"84": "N"}, {"69": "E"}, {"69": "E"}, {"69": "N"}, {"69": "N"}, {"69": "N"}, {"69": "N"}, {"69": "N"}, {"69": "N"}, {"69": "N"}, {"69": "N"}, {"69": "N"}, {"65": "E"}, {"65": "S"}, {"65": "E"}, {"65": "E"}, {"65": "E"}, {"65": "E"}, {"65": "E"}, {"65": "E"}, {"65": "E"}, {"65": "E"}, {"65": "E"}, {"65": "E"}, {"65": "S"}, {"65": "S"}, {"65": "S"}, {"65": "S"}, {"65": "S"}, {"65": "S"}, {"65": "S"}, {"65": "S"}, {"65": "S"}, {"65": "S"}, {"65": "S"}, {"65": "S"}, {"65": "S"}, {"65": "S"}, {"65": "S"}, {"65": "S"}, {"65": "W"}, {"25": "S"}, {"25": "W"}, {"25": "W"}, {"25": "S"}, {"25": "S"}, {"25": "S"}, {"25": "S"}, {"25": "S"}, {"25": "S"}, {"25": "S"}, {"25": "S"}, {"25": "S"}, {"25": "S"}, {"25": "W"}, {"25": "W"}, {"25": "N"}, {"25": "N"}, {"73": "S"}, {"73": "W"}, {"73": "S"}, {"73": "W"}, {"73": "W"}, {"73": "W"}, {"73": "W"}, {"73": "S"}, {"73": "S"}, {"73": "S"}, {"73": "S"}, {"73": "S"}, {"73": "S"}, {"73": "S"}, {"73": "W"}, {"73": "W"}, {"73": "W"}, {"73": "N"}, {"73": "N"}, {"62": "S"}, {"62": "W"}, {"62": "W"}, {"62": "W"}, {"62": "W"}, {"62": "S"}, {"62": "S"}, {"62": "S"}, {"62": "S"}, {"62": "W"}, {"62": "W"}, {"62": "N"}, {"15": "E"}, {"15": "E"}, {"15": "E"}, {"15": "E"}, {"15": "E"}, {"15": "E"}, {"15": "S"}, {"15": "S"}, {"15": "S"}, {"15": "S"}, {"15": "S"}, {"15": "S"}, {"15": "S"}, {"15": "S"}, {"15": "S"}, {"15": "S"}, {"15": "S"}, {"15": "S"}, {"15": "S"}, {"15": "S"}, {"15": "S"}, {"15": "S"}, {"15": "S"}, {"15": "S"}, {"15": "S"}, {"15": "S"}, {"15": "W"}, {"106": "S"}, {"106": "W"}, {"106": "W"}, {"106": "W"}, {"106": "W"}, {"106": "W"}, {"106": "S"}, {"106": "S"}, {"106": "S"}, {"106": "S"}, {"106": "S"}, {"106": "S"}, {"106": "S"}, {"106": "S"}, {"106": "S"}, {"106": "S"}, {"106": "S"}, {"106": "W"}, {"106": "W"}, {"106": "N"}, {"85": "W"}, {"85": "S"}, {"85": "S"}, {"85": "S"}, {"85": "S"}, {"85": "S"}, {"85": "S"}, {"85": "S"}, {"85": "W"}, {"0": "W"}, {"0": "S"}, {"0": "S"}, {"0": "S"}, {"0": "S"}, {"0": "W"}, {"0": "W"}, {"0": "W"}, {"0": "N"}, {"0": "N"}, {"0": "N"}, {"103": "E"}, {"103": "E"}, {"103": "E"}, {"103": "E"}, {"103": "E"}, {"103": "E"}, {"103": "E"}, {"103": "E"}, {"103": "E"}, {"103": "E"}, {"103": "E"}, {"103": "E"}, {"103": "S"}, {"103": "S"}, {"103": "S"}, {"103": "S"}, {"103": "S"}, {"103": "S"}, {"103": "S"}, {"103": "S"}, {"103": "S"}, {"103": "S"}, {"103": "S"}, {"103": "S"}, {"103": "S"}, {"103": "S"}, {"103": "S"}, {"103": "S"}, {"103": "S"}, {"103": "S"}, {"103": "S"}, {"103": "S"}, {"103": "S"}, {"103": "S"}, {"103": "S"}, {"103": "S"}, {"103": "S"}, {"103": "S"}, {"103": "S"}, {"103": "S"}, {"103": "W"}, {"103": "W"}, {"103": "N"}, {"40": "S"}, {"40": "W"}, {"40": "W"}, {"40": "S"}, {"40": "S"}, {"40": "S"}, {"40": "W"}, {"40": "W"}, {"40": "W"}, {"40": "N"}, {"40": "N"}, {"91": "N"}, {"91": "N"}, {"91": "N"}, {"91": "N"}, {"48": "W"}, {"48": "S"}, {"48": "S"}, {"48": "S"}, {"48": "S"}, {"48": "S"}, {"48": "W"}, {"48": "W"}, {"41": "S"}, {"41": "W"}, {"41": "W"}, {"41": "W"}, {"41": "S"}, {"41": "S"}, {"41": "S"}, {"41": "S"}, {"41": "S"}, {"41": "S"}, {"41": "S"}, {"41": "S"}, {"41": "S"}, {"41": "W"}, {"41": "S"}, {"77": "W"}, {"77": "S"}, {"77": "S"}, {"77": "S"}, {"77": "S"}, {"77": "W"}, {"77": "W"}, {"77": "W"}, {"77": "N"}, {"77": "N"}, {"11": "N"}, {"11": "W"}, {"11": "W"}, {"11": "W"}, {"11": "S"}, {"11": "S"}, {"11": "S"}, {"11": "S"}, {"11": "S"}, {"11": "S"}, {"11": "S"}, {"11": "S"}, {"11": "W"}, {"11": "W"}, {"11": "N"}, {"93": "E"}, {"93": "S"}, {"93": "S"}, {"93": "E"}, {"93": "E"}, {"93": "E"}, {"93": "E"}, {"93": "E"}, {"93": "E"}, {"93": "E"}, {"93": "E"}, {"93": "E"}, {"93": "E"}, {"93": "E"}, {"93": "E"}, {"93": "E"}, {"93": "S"}, {"93": "S"}, {"93": "S"}, {"93": "S"}, {"93": "S"}, {"93": "S"}, {"93": "S"}, {"93": "S"}, {"93": "S"}, {"93": "S"}, {"93": "S"}, {"93": "S"}, {"93": "S"}, {"93": "S"}, {"93": "S"}, {"93": "S"}, {"93": "S"}, {"93": "S"}, {"93": "S"}, {"93": "S"}, {"93": "S"}, {"93": "W"}, {"93": "W"}, {"93": "W"}, {"93": "N"}, {"78": "S"}, {"78": "W"}, {"78": "W"}, {"78": "W"}, {"78": "W"}, {"78": "W"}, {"78": "W"}, {"78": "N"}, {"34": "E"}, {"34": "S"}, {"34": "S"}, {"34": "E"}, {"34": "E"}, {"34": "E"}, {"34": "E"}, {"34": "E"}, {"34": "E"}, {"34": "E"}, {"34": "S"}, {"34": "S"}, {"34": "S"}, {"34": "S"}, {"34": "S"}, {"34": "S"}, {"34": "S"}, {"34": "S"}, {"34": "S"}, {"34": "S"}, {"34": "S"}, {"34": "S"}, {"34": "S"}, {"34": "S"}, {"34": "S"}, {"34": "S"}, {"34": "S"}, {"34": "S"}, {"34": "S"}, {"34": "S"}, {"34": "S"}, {"34": "W"}, {"34": "W"}, {"34": "W"}, {"34": "W"}, {"34": "W"}, {"34": "N"}, {"34": "N"}, {"22": "N"}, {"22": "E"}, {"22": "N"}, {"8": "W"}, {"8": "N"}, {"8": "N"}, {"8": "N"}, {"8": "E"}, {"8": "N"}, {"8": "N"}, {"46": "W"}, {"46": "S"}, {"46": "S"}, {"46": "S"}, {"46": "S"}, {"46": "S"}, {"46": "S"}, {"46": "S"}, {"46": "S"}, {"46": "S"}, {"46": "S"}, {"46": "S"}, {"46": "S"}, {"46": "S"}, {"46": "S"}, {"46": "S"}, {"46": "S"}, {"46": "W"}, {"46": "W"}, {"46": "W"}, {"46": "W"}, {"46": "W"}, {"46": "W"}, {"46": "N"}, {"32": "S"}, {"32": "W"}, {"32": "W"}, {"32": "W"}, {"32": "W"}, {"32": "S"}, {"32": "S"}, {"32": "S"}, {"32": "S"}, {"32": "S"}, {"32": "W"}, {"32": "W"}, {"32": "W"}, {"32": "W"}, {"32": "W"}, {"32": "W"}, {"32": "W"}, {"32": "N"}, {"32": "N"}, {"54": "E"}, {"54": "E"}, {"54": "E"}, {"54": "E"}, {"54": "E"}, {"54": "S"}, {"54": "S"}, {"54": "S"}, {"54": "S"}, {"54": "S"}, {"54": "S"}, {"54": "S"}, {"54": "S"}, {"54": "S"}, {"54": "S"}, {"54": "S"}, {"54": "S"}, {"54": "S"}, {"54": "S"}, {"54": "S"}, {"54": "S"}, {"54": "S"}, {"54": "S"}, {"54": "S"}, {"54": "S"}, {"54": "S"}, {"54": "S"}, {"54": "W"}, {"54": "W"}, {"54": "W"}, {"54": "W"}, {"54": "W"}, {"54": "W"}, {"54": "W"}, {"54": "W"}, {"54": "N"}, {"54": "N"}, {"27": "W"}, {"27": "S"}, {"27": "W"}, {"27": "W"}, {"27": "W"}, {"27": "W"}, {"27": "W"}, {"27": "W"}, {"27": "W"}, {"27": "N"}, {"56": "W"}, {"56": "S"}, {"56": "S"}, {"56": "S"}, {"56": "W"}, {"56": "W"}, {"56": "W"}, {"56": "W"}, {"56": "W"}, {"56": "W"}, {"56": "W"}, {"56": "W"}, {"56": "W"}, {"56": "N"}, {"56": "N"}, {"7": "E"}, {"7": "S"}, {"7": "S"}, {"7": "S"}, {"7": "S"}, {"7": "E"}, {"7": "E"}, {"7": "E"}, {"7": "E"}, {"7": "E"}, {"7": "E"}, {"7": "E"}, {"7": "E"}, {"7": "E"}, {"7": "E"}, {"7": "S"}, {"7": "S"}, {"7": "S"}, {"7": "S"}, {"7": "S"}, {"7": "S"}, {"7": "S"}, {"7": "S"}, {"7": "S"}, {"7": "S"}, {"7": "S"}, {"7": "S"}, {"7": "S"}, {"7": "S"}, {"7": "S"}, {"7": "S"}, {"7": "S"}, {"7": "S"}, {"7": "S"}, {"7": "S"}, {"7": "S"}, {"7": "W"}, {"7": "W"}, {"7": "W"}, {"7": "W"}, {"7": "W"}, {"7": "W"}, {"7": "W"}, {"7": "W"}, {"7": "N"}, {"99": "N"}, {"99": "W"}, {"99": "W"}, {"99": "S"}, {"99": "S"}, {"99": "S"}, {"99": "S"}, {"99": "S"}, {"99": "S"}, {"99": "S"}, {"99": "S"}, {"99": "S"}, {"99": "S"}, {"99": "S"}, {"99": "W"}, {"99": "W"}, {"99": "W"}, {"99": "W"}, {"99": "W"}, {"99": "W"}, {"99": "W"}, {"99": "W"}, {"99": "W"}, {"99": "N"}, {"14": "W"}, {"14": "W"}, {"14": "W"}, {"14": "W"}, {"14": "W"}, {"14": "W"}, {"14": "W"}, {"14": "W"}, {"14": "W"}, {"14": "S"}, {"14": "S"}, {"14": "S"}, {"14": "S"}, {"14": "S"}, {"14": "S"}, {"14": "S"}, {"14": "S"}, {"14": "S"}, {"14": "S"}, {"14": "S"}, {"14": "S"}, {"14": "S"}, {"14": "S"}, {"14": "S"}, {"14": "S"}, {"14": "S"}, {"14": "S"}, {"14": "S"}, {"14": "S"}, {"14": "S"}, {"14": "S"}, {"14": "S"}, {"14": "S"}, {"14": "S"}, {"14": "S"}, {"14": "S"}, {"14": "E"}, {"14": "E"}, {"14": "E"}, {"14": "E"}, {"14": "S"}, {"14": "S"}, {"14": "S"}, {"14": "E"}, {"14": "E"}, {"14": "E"}, {"14": "E"}, {"14": "E"}, {"83": "E"}, {"83": "S"}, {"83": "S"}, {"83": "S"}, {"83": "W"}, {"83": "W"}, {"83": "W"}, {"83": "W"}, {"83": "W"}, {"83": "W"}, {"83": "W"}, {"83": "W"}, {"83": "W"}, {"83": "W"}, {"83": "W"}, {"83": "W"}, {"83": "W"}, {"83": "W"}, {"83": "S"}, {"83": "S"}, {"83": "S"}, {"83": "S"}, {"83": "S"}, {"83": "S"}, {"83": "S"}, {"83": "S"}, {"83": "S"}, {"83": "S"}, {"83": "S"}, {"83": "S"}, {"83": "S"}, {"83": "S"}, {"83": "S"}, {"83": "S"}, {"83": "S"}, {"83": "E"}, {"83": "E"}, {"83": "E"}, {"83": "E"}, {"83": "S"}, {"83": "S"}, {"83": "S"}, {"83": "E"}, {"83": "E"}, {"83": "E"}, {"83": "E"}, {"87": "W"}, {"87": "W"}, {"87": "W"}, {"87": "W"}, {"87": "W"}, {"87": "W"}, {"87": "W"}, {"87": "W"}, {"87": "W"}, {"87": "S"}, {"87": "S"}, {"87": "S"}, {"87": "S"}, {"87": "S"}, {"87": "S"}, {"87": "S"}, {"87": "S"}, {"87": "S"}, {"87": "S"}, {"87": "S"}, {"87": "S"}, {"87": "S"}, {"87": "S"}, {"87": "S"}, {"87": "S"}, {"87": "S"}, {"87": "S"}, {"87": "S"}, {"87": "S"}, {"87": "S"}, {"87": "S"}, {"87": "E"}, {"87": "E"}, {"87": "E"}, {"87": "E"}, {"87": "S"}, {"87": "S"}, {"87": "S"}, {"87": "E"}, {"87": "E"}, {"87": "E"}, {"24": "E"}, {"24": "S"}, {"24": "S"}, {"24": "S"}, {"24": "W"}, {"24": "W"}, {"24": "W"}, {"24": "W"}, {"24": "W"}, {"24": "W"}, {"24": "W"}, {"24": "W"}, {"24": "W"}, {"24": "W"}, {"24": "W"}, {"24": "S"}, {"24": "S"}, {"24": "S"}, {"24": "S"}, {"24": "S"}, {"24": "S"}, {"24": "S"}, {"24": "S"}, {"24": "S"}, {"24": "S"}, {"24": "S"}, {"24": "S"}, {"24": "S"}, {"24": "S"}, {"24": "S"}, {"24": "S"}, {"24": "S"}, {"24": "E"}, {"24": "E"}, {"24": "E"}, {"24": "E"}, {"102": "W"}, {"102": "W"}, {"102": "S"}, {"102": "S"}, {"102": "S"}, {"102": "S"}, {"102": "W"}, {"102": "W"}, {"102": "W"}, {"102": "W"}, {"102": "W"}, {"102": "W"}, {"102": "W"}, {"102": "W"}, {"102": "W"}, {"102": "W"}, {"102": "W"}, {"102": "S"}, {"102": "S"}, {"102": "S"}, {"102": "S"}, {"102": "S"}, {"102": "S"}, {"102": "S"}, {"102": "S"}, {"102": "S"}, {"102": "S"}, {"102": "S"}, {"102": "S"}, {"102": "S"}, {"102": "S"}, {"102": "S"}, {"102": "S"}, {"102": "S"}, {"102": "E"}, {"102": "E"}, {"102": "E"}, {"102": "S"}, {"102": "E"}, {"102": "S"}, {"102": "S"}, {"102": "E"}, {"102": "E"}, {"53": "W"}, {"53": "S"}, {"53": "W"}, {"53": "W"}, {"53": "W"}, {"53": "W"}, {"53": "W"}, {"53": "W"}, {"53": "W"}, {"53": "W"}, {"53": "W"}, {"53": "W"}, {"53": "W"}, {"53": "W"}, {"53": "W"}, {"53": "W"}, {"53": "S"}, {"53": "S"}, {"53": "S"}, {"53": "S"}, {"53": "S"}, {"53": "S"}, {"53": "S"}, {"53": "S"}, {"53": "S"}, {"53": "S"}, {"53": "S"}, {"53": "S"}, {"53": "S"}, {"53": "S"}, {"53": "S"}, {"53": "S"}, {"53": "S"}, {"53": "E"}, {"53": "E"}, {"53": "E"}, {"53": "S"}, {"53": "E"}, {"51": "W"}, {"51": "N"}, {"51": "N"}, {"51": "W"}, {"51": "W"}, {"51": "N"}, {"51": "N"}, {"51": "N"}, {"51": "N"}, {"97": "N"}, {"97": "W"}, {"97": "W"}, {"97": "W"}, {"97": "S"}, {"97": "S"}, {"97": "S"}, {"97": "S"}, {"97": "S"}, {"97": "S"}, {"97": "S"}, {"97": "S"}, {"97": "S"}, {"97": "S"}, {"97": "S"}, {"97": "S"}, {"97": "S"}, {"97": "S"}, {"97": "W"}, {"97": "W"}, {"97": "W"}, {"97": "W"}, {"97": "W"}, {"97": "W"}, {"97": "W"}, {"97": "W"}, {"97": "W"}, {"97": "W"}, {"97": "W"}, {"97": "W"}, {"97": "W"}, {"97": "W"}, {"97": "W"}, {"97": "W"}, {"97": "W"}, {"97": "N"}, {"97": "N"}, {"61": "S"}, {"61": "S"}, {"61": "E"}, {"61": "E"}, {"61": "E"}, {"61": "E"}, {"61": "E"}, {"61": "E"}, {"61": "E"}, {"61": "S"}, {"61": "E"}, {"61": "E"}, {"33": "W"}, {"33": "S"}, {"33": "S"}, {"33": "S"}, {"33": "S"}, {"33": "S"}, {"33": "S"}, {"33": "S"}, {"33": "S"}, {"33": "S"}, {"33": "S"}, {"33": "S"}, {"33": "S"}, {"33": "S"}, {"33": "S"}, {"33": "S"}, {"33": "W"}, {"33": "W"}, {"33": "W"}, {"33": "W"}, {"33": "W"}, {"33": "W"}, {"33": "W"}, {"33": "W"}, {"33": "W"}, {"33": "W"}, {"33": "W"}, {"33": "W"}, {"33": "W"}, {"33": "W"}, {"33": "W"}, {"33": "W"}, {"33": "W"}, {"33": "W"}, {"33": "N"}, {"33": "N"}, {"33": "N"}, {"29": "E"}, {"29": "N"}, {"29": "N"}, {"29": "W"}, {"29": "W"}, {"29": "W"}, {"29": "N"}, {"29": "N"}, {"29": "N"}, {"29": "N"}, {"74": "E"}, {"74": "E"}, {"74": "E"}, {"72": "E"}, {"72": "S"}, {"72": "S"}, {"72": "W"}, {"72": "W"}, {"72": "W"}, {"72": "W"}, {"72": "W"}, {"72": "W"}, {"72": "W"}, {"72": "W"}, {"72": "W"}, {"72": "W"}, {"72": "W"}, {"72": "S"}, {"72": "S"}, {"72": "S"}, {"72": "S"}, {"72": "S"}, {"72": "S"}, {"72": "S"}, {"72": "S"}, {"72": "S"}, {"72": "S"}, {"72": "S"}, {"72": "S"}, {"72": "S"}, {"72": "S"}, {"72": "S"}, {"72": "S"}, {"72": "S"}, {"72": "E"}, {"72": "S"}, {"72": "S"}, {"72": "E"}, {"72": "E"}, {"38": "E"}, {"38": "N"}, {"38": "E"}, {"38": "E"}, {"38": "N"}, {"17": "S"}, {"17": "E"}, {"17": "E"}, {"17": "E"}, {"17": "N"}, {"17": "N"}, {"45": "S"}, {"45": "W"}, {"45": "W"}, {"45": "W"}, {"45": "W"}, {"45": "W"}, {"45": "W"}, {"45": "W"}, {"45": "S"}, {"45": "S"}, {"45": "S"}, {"45": "S"}, {"45": "S"}, {"45": "S"}, {"45": "S"}, {"45": "S"}, {"45": "S"}, {"45": "S"}, {"45": "S"}, {"45": "S"}, {"45": "S"}, {"45": "S"}, {"45": "S"}, {"45": "S"}, {"45": "S"}, {"45": "S"}, {"45": "E"}, {"45": "S"}, {"45": "S"}, {"6": "N"}, {"6": "E"}, {"6": "E"}, {"6": "S"}, {"6": "S"}, {"6": "E"}, {"5": "W"}, {"5": "S"}, {"5": "S"}, {"5": "W"}, {"5": "W"}, {"5": "W"}, {"5": "W"}, {"5": "W"}, {"5": "W"}, {"5": "W"}, {"5": "W"}, {"5": "W"}, {"5": "W"}, {"5": "W"}, {"5": "W"}, {"5": "W"}, {"5": "W"}, {"5": "S"}, {"5": "S"}, {"5": "S"}, {"5": "S"}, {"5": "S"}, {"5": "S"}, {"5": "S"}, {"5": "S"}, {"5": "S"}, {"5": "S"}, {"5": "S"}, {"5": "S"}, {"5": "S"}, {"5": "S"}, {"5": "S"}, {"5": "S"}, {"5": "S"}, {"5": "S"}, {"5": "S"}, {"5": "E"}, {"5": "E"}, {"5": "S"}, {"5": "E"}, {"108": "W"}, {"108": "S"}, {"108": "W"}, {"108": "W"}, {"108": "W"}, {"108": "W"}, {"108": "W"}, {"108": "W"}, {"108": "W"}, {"108": "W"}, {"108": "W"}, {"108": "W"}, {"108": "W"}, {"108": "S"}, {"108": "S"}, {"108": "S"}, {"108": "S"}, {"108": "S"}, {"108": "S"}, {"108": "S"}, {"108": "S"}, {"108": "S"}, {"108": "S"}, {"108": "S"}, {"108": "S"}, {"108": "S"}, {"108": "S"}, {"108": "S"}, {"108": "S"}, {"108": "S"}, {"108": "S"}, {"108": "S"}, {"108": "E"}, {"92": "W"}, {"92": "W"}, {"92": "W"}, {"92": "W"}, {"92": "S"}, {"92": "W"}, {"92": "W"}, {"92": "S"}, {"92": "S"}, {"92": "S"}, {"92": "S"}, {"92": "S"}, {"92": "S"}, {"92": "S"}, {"92": "S"}, {"92": "S"}, {"92": "S"}, {"92": "S"}, {"92": "S"}, {"92": "S"}, {"92": "S"}, {"92": "S"}, {"92": "S"}, {"92": "S"}, {"92": "S"}, {"92": "S"}, {"92": "S"}, {"92": "S"}, {"92": "E"}, {"92": "E"}, {"92": "N"}], "result": "SUCCESS", "makespan": 2680, "sum": 3311, "algo_name": "OutAndInBFS_default"}