{"instance": "small_003_10x10_90_46", "steps": [{"0": "S", "3": "W", "6": "W", "7": "E", "8": "N", "9": "S", "13": "S", "14": "W", "16": "S", "20": "N", "24": "S", "26": "W", "27": "W", "29": "S", "32": "W", "33": "N", "34": "N", "35": "E", "36": "S", "37": "E", "41": "N", "42": "W", "43": "S", "45": "E", "2": "E", "4": "W", "5": "S", "11": "W", "15": "W", "19": "S", "21": "W", "22": "S", "25": "W", "28": "W", "39": "S", "40": "S", "44": "E", "10": "S", "12": "S", "18": "S", "30": "S", "31": "W", "1": "S", "17": "S", "38": "W"}, {"0": "S", "3": "W", "6": "W", "7": "E", "8": "N", "9": "S", "13": "S", "14": "W", "16": "S", "20": "N", "24": "S", "26": "W", "27": "W", "29": "S", "32": "W", "33": "N", "34": "N", "35": "E", "36": "S", "37": "E", "41": "N", "42": "W", "43": "S", "45": "E", "2": "E", "4": "W", "5": "S", "11": "W", "15": "W", "19": "S", "21": "W", "22": "S", "25": "W", "28": "W", "39": "S", "40": "S", "44": "E", "10": "S", "12": "S", "18": "S", "23": "W", "30": "S", "31": "W", "1": "S", "17": "S", "38": "W"}, {"8": "W", "33": "N", "9": "W", "16": "S", "24": "S", "29": "S", "36": "S", "43": "S", "3": "W", "6": "W", "14": "W", "26": "W", "32": "W", "42": "W", "37": "E", "45": "E", "2": "E", "4": "W", "5": "S", "11": "W", "15": "W", "19": "S", "21": "W", "22": "S", "25": "W", "28": "W", "39": "S", "40": "S", "44": "E", "10": "S", "12": "S", "18": "S", "23": "S", "30": "S", "31": "W", "1": "S", "17": "S", "38": "W"}, {"33": "W", "16": "S", "24": "S", "29": "S", "36": "S", "5": "S", "22": "S", "39": "S", "40": "S", "6": "W", "26": "W", "32": "S", "4": "S", "15": "W", "21": "W", "37": "N", "10": "S", "12": "S", "18": "S", "23": "S", "30": "S", "31": "W", "1": "S", "17": "S", "38": "W"}, {"16": "E", "24": "S", "29": "S", "36": "W", "43": "S", "5": "S", "19": "S", "22": "E", "39": "W", "40": "S", "12": "S", "18": "S", "6": "N", "26": "W", "15": "W", "31": "W", "2": "E", "23": "S", "1": "S", "17": "S", "38": "W"}, {"10": "S", "30": "S", "21": "W", "2": "S"}, {"10": "S", "30": "S", "21": "S"}, {"10": "S", "30": "S"}, {"10": "W", "30": "E"}, {"25": "E"}, {"25": "E"}, {"25": "E"}, {"25": "N"}, {"25": "E"}, {"25": "E"}, {"25": "E"}, {"25": "E"}, {"25": "E"}, {"25": "E"}, {"25": "E"}, {"25": "S"}, {"6": "N"}, {"6": "E"}, {"6": "N"}, {"6": "E"}, {"6": "E"}, {"6": "E"}, {"6": "E"}, {"6": "E"}, {"6": "E"}, {"6": "E"}, {"6": "E"}, {"6": "E"}, {"6": "E"}, {"6": "E"}, {"6": "E"}, {"6": "S"}, {"33": "E"}, {"33": "E"}, {"33": "E"}, {"33": "E"}, {"33": "E"}, {"33": "S"}, {"33": "S"}, {"33": "S"}, {"20": "S"}, {"20": "E"}, {"20": "E"}, {"20": "E"}, {"20": "E"}, {"20": "E"}, {"20": "E"}, {"20": "E"}, {"20": "E"}, {"20": "S"}, {"20": "S"}, {"20": "W"}, {"19": "W"}, {"19": "W"}, {"19": "W"}, {"19": "N"}, {"19": "N"}, {"19": "N"}, {"19": "N"}, {"19": "N"}, {"19": "N"}, {"19": "N"}, {"19": "N"}, {"19": "E"}, {"19": "E"}, {"19": "N"}, {"19": "N"}, {"19": "N"}, {"19": "N"}, {"19": "E"}, {"19": "E"}, {"19": "E"}, {"19": "E"}, {"19": "E"}, {"19": "E"}, {"3": "N"}, {"3": "N"}, {"3": "E"}, {"3": "E"}, {"3": "E"}, {"3": "E"}, {"3": "E"}, {"3": "E"}, {"3": "E"}, {"3": "E"}, {"3": "E"}, {"3": "S"}, {"28": "E"}, {"28": "E"}, {"28": "E"}, {"28": "N"}, {"28": "N"}, {"28": "N"}, {"28": "E"}, {"28": "E"}, {"28": "E"}, {"28": "E"}, {"12": "E"}, {"12": "N"}, {"12": "N"}, {"12": "E"}, {"12": "E"}, {"12": "E"}, {"12": "N"}, {"12": "N"}, {"12": "N"}, {"12": "N"}, {"12": "N"}, {"12": "N"}, {"12": "N"}, {"12": "N"}, {"12": "N"}, {"12": "N"}, {"12": "N"}, {"12": "W"}, {"12": "W"}, {"12": "W"}, {"12": "W"}, {"12": "W"}, {"12": "W"}, {"12": "S"}, {"22": "E"}, {"22": "E"}, {"22": "N"}, {"22": "N"}, {"22": "N"}, {"22": "N"}, {"22": "N"}, {"22": "N"}, {"22": "N"}, {"22": "N"}, {"22": "N"}, {"22": "N"}, {"22": "N"}, {"22": "N"}, {"22": "N"}, {"22": "W"}, {"22": "W"}, {"22": "W"}, {"22": "W"}, {"22": "W"}, {"22": "W"}, {"22": "W"}, {"22": "S"}, {"11": "E"}, {"11": "E"}, {"11": "E"}, {"11": "N"}, {"11": "N"}, {"11": "N"}, {"11": "N"}, {"11": "E"}, {"32": "N"}, {"32": "E"}, {"32": "E"}, {"32": "N"}, {"32": "N"}, {"32": "N"}, {"32": "N"}, {"32": "E"}, {"32": "E"}, {"32": "N"}, {"32": "N"}, {"32": "N"}, {"32": "N"}, {"35": "W"}, {"35": "W"}, {"35": "N"}, {"35": "N"}, {"26": "N"}, {"26": "E"}, {"26": "E"}, {"26": "E"}, {"26": "E"}, {"26": "N"}, {"26": "N"}, {"26": "E"}, {"26": "N"}, {"26": "N"}, {"26": "N"}, {"26": "N"}, {"5": "W"}, {"5": "N"}, {"5": "N"}, {"5": "N"}, {"5": "W"}, {"5": "W"}, {"5": "W"}, {"5": "W"}, {"5": "W"}, {"5": "N"}, {"5": "N"}, {"5": "N"}, {"5": "N"}, {"5": "N"}, {"5": "N"}, {"5": "E"}, {"5": "E"}, {"5": "N"}, {"5": "N"}, {"5": "N"}, {"42": "N"}, {"42": "E"}, {"42": "E"}, {"42": "S"}, {"42": "S"}, {"42": "S"}, {"42": "S"}, {"42": "S"}, {"42": "E"}, {"42": "E"}, {"42": "E"}, {"42": "E"}, {"42": "E"}, {"42": "E"}, {"42": "E"}, {"42": "E"}, {"42": "S"}, {"42": "E"}, {"42": "E"}, {"16": "W"}, {"16": "N"}, {"16": "N"}, {"16": "N"}, {"16": "W"}, {"16": "W"}, {"16": "W"}, {"16": "W"}, {"16": "W"}, {"16": "W"}, {"16": "W"}, {"16": "W"}, {"16": "N"}, {"16": "N"}, {"16": "N"}, {"16": "N"}, {"16": "N"}, {"16": "N"}, {"16": "E"}, {"16": "E"}, {"16": "N"}, {"16": "N"}, {"4": "E"}, {"4": "N"}, {"4": "N"}, {"4": "N"}, {"4": "N"}, {"4": "N"}, {"4": "E"}, {"4": "N"}, {"4": "N"}, {"4": "N"}, {"43": "W"}, {"43": "N"}, {"43": "N"}, {"43": "N"}, {"43": "E"}, {"43": "E"}, {"43": "E"}, {"43": "E"}, {"43": "E"}, {"43": "E"}, {"43": "N"}, {"43": "N"}, {"43": "N"}, {"38": "E"}, {"38": "E"}, {"38": "E"}, {"38": "E"}, {"38": "E"}, {"38": "E"}, {"38": "E"}, {"38": "E"}, {"38": "N"}, {"29": "E"}, {"29": "N"}, {"29": "N"}, {"29": "N"}, {"29": "N"}, {"29": "W"}, {"29": "W"}, {"29": "W"}, {"29": "W"}, {"29": "W"}, {"29": "W"}, {"29": "W"}, {"29": "W"}, {"29": "N"}, {"29": "N"}, {"29": "N"}, {"29": "N"}, {"29": "N"}, {"29": "N"}, {"29": "E"}, {"29": "N"}, {"29": "N"}, {"24": "W"}, {"24": "N"}, {"24": "N"}, {"24": "N"}, {"24": "N"}, {"24": "E"}, {"24": "E"}, {"24": "E"}, {"24": "E"}, {"24": "N"}, {"24": "N"}, {"15": "N"}, {"15": "E"}, {"15": "E"}, {"15": "E"}, {"15": "N"}, {"15": "N"}, {"15": "E"}, {"15": "E"}, {"15": "N"}, {"40": "E"}, {"40": "N"}, {"40": "N"}, {"40": "N"}, {"40": "E"}, {"40": "N"}, {"36": "E"}, {"36": "N"}, {"36": "N"}, {"36": "N"}, {"36": "W"}, {"36": "W"}, {"36": "W"}, {"36": "W"}, {"36": "W"}, {"36": "N"}, {"36": "N"}, {"36": "N"}, {"36": "N"}, {"36": "N"}, {"36": "N"}, {"36": "E"}, {"36": "N"}, {"30": "W"}, {"30": "N"}, {"30": "N"}, {"30": "N"}, {"30": "N"}, {"30": "N"}, {"30": "N"}, {"18": "W"}, {"18": "N"}, {"18": "N"}, {"18": "E"}, {"18": "N"}, {"18": "N"}, {"18": "N"}, {"18": "N"}, {"13": "W"}, {"13": "N"}, {"13": "W"}, {"13": "N"}, {"13": "N"}, {"13": "N"}, {"8": "W"}, {"8": "S"}, {"8": "S"}, {"8": "S"}, {"8": "S"}, {"8": "S"}, {"8": "S"}, {"8": "E"}, {"8": "E"}, {"45": "S"}, {"45": "W"}, {"45": "W"}, {"45": "S"}, {"45": "S"}, {"45": "S"}, {"45": "S"}, {"45": "S"}, {"45": "S"}, {"45": "S"}, {"45": "W"}, {"45": "S"}, {"45": "W"}, {"45": "W"}, {"45": "N"}, {"10": "E"}, {"10": "N"}, {"10": "N"}, {"10": "N"}, {"10": "N"}, {"10": "E"}, {"10": "E"}, {"10": "N"}, {"10": "N"}, {"9": "W"}, {"9": "N"}, {"9": "N"}, {"9": "N"}, {"9": "N"}, {"9": "N"}, {"9": "N"}, {"9": "N"}, {"9": "E"}, {"7": "W"}, {"7": "S"}, {"7": "S"}, {"7": "W"}, {"7": "S"}, {"7": "W"}, {"7": "W"}, {"7": "W"}, {"7": "W"}, {"7": "N"}, {"7": "N"}, {"7": "N"}, {"44": "W"}, {"44": "S"}, {"44": "S"}, {"44": "S"}, {"44": "S"}, {"44": "S"}, {"44": "S"}, {"44": "S"}, {"44": "S"}, {"44": "W"}, {"44": "S"}, {"44": "W"}, {"44": "W"}, {"44": "W"}, {"44": "W"}, {"44": "W"}, {"44": "N"}, {"44": "N"}, {"44": "N"}, {"37": "S"}, {"37": "W"}, {"37": "W"}, {"37": "S"}, {"37": "W"}, {"37": "S"}, {"37": "W"}, {"37": "W"}, {"37": "W"}, {"37": "N"}, {"2": "S"}, {"2": "W"}, {"2": "W"}, {"2": "W"}, {"2": "W"}, {"2": "W"}, {"2": "W"}, {"2": "W"}, {"2": "N"}, {"2": "N"}, {"23": "N"}, {"23": "E"}, {"23": "E"}, {"23": "N"}, {"23": "N"}, {"21": "S"}, {"21": "S"}, {"21": "E"}, {"21": "E"}, {"21": "E"}, {"21": "S"}, {"21": "S"}, {"21": "E"}, {"21": "E"}, {"21": "E"}, {"21": "E"}, {"0": "E"}, {"0": "N"}, {"0": "E"}, {"0": "N"}, {"41": "S"}, {"41": "W"}, {"41": "W"}, {"41": "W"}, {"41": "W"}, {"41": "S"}, {"41": "S"}, {"41": "S"}, {"41": "S"}, {"41": "S"}, {"41": "S"}, {"41": "S"}, {"41": "S"}, {"41": "E"}, {"41": "E"}, {"41": "E"}, {"41": "S"}, {"41": "E"}, {"39": "E"}, {"39": "N"}, {"39": "N"}, {"39": "W"}, {"39": "W"}, {"39": "N"}, {"39": "N"}, {"39": "N"}, {"17": "N"}, {"17": "W"}, {"17": "W"}, {"17": "N"}, {"34": "W"}, {"34": "S"}, {"34": "W"}, {"34": "W"}, {"34": "W"}, {"34": "W"}, {"34": "W"}, {"34": "S"}, {"34": "S"}, {"34": "S"}, {"34": "S"}, {"34": "S"}, {"34": "S"}, {"34": "S"}, {"34": "S"}, {"34": "E"}, {"34": "E"}, {"31": "S"}, {"31": "E"}, {"31": "E"}, {"31": "E"}, {"31": "E"}, {"31": "E"}, {"27": "E"}, {"27": "S"}, {"27": "S"}, {"27": "S"}, {"27": "S"}, {"27": "S"}, {"27": "S"}, {"27": "S"}, {"27": "E"}, {"1": "W"}, {"1": "N"}, {"1": "W"}, {"1": "W"}, {"1": "W"}, {"1": "W"}, {"1": "N"}, {"14": "S"}, {"14": "E"}, {"14": "E"}, {"14": "S"}, {"14": "S"}, {"14": "S"}, {"14": "E"}], "result": "SUCCESS", "makespan": 554, "sum": 731, "algo_name": "OutAndInBFS_default"}