{"instance": "small_000_10x10_20_10", "steps": [{"0": "S", "2": "W", "4": "N", "5": "N", "7": "W", "8": "S", "3": "E", "9": "W", "1": "W", "6": "W"}, {"0": "S", "2": "W", "4": "N", "5": "N", "7": "W", "8": "S", "3": "E", "9": "W", "1": "W", "6": "W"}, {"3": "E", "9": "W", "1": "W", "6": "W"}, {"3": "N", "1": "W", "6": "W"}, {"1": "W", "6": "N"}, {"1": "N"}, {"6": "E"}, {"6": "E"}, {"6": "E"}, {"6": "E"}, {"6": "E"}, {"6": "E"}, {"6": "N"}, {"6": "E"}, {"6": "E"}, {"6": "E"}, {"6": "E"}, {"6": "E"}, {"6": "S"}, {"6": "S"}, {"6": "S"}, {"8": "W"}, {"8": "W"}, {"8": "N"}, {"8": "N"}, {"8": "N"}, {"8": "N"}, {"8": "E"}, {"8": "N"}, {"8": "E"}, {"8": "N"}, {"8": "N"}, {"8": "N"}, {"8": "N"}, {"8": "N"}, {"8": "E"}, {"8": "E"}, {"8": "N"}, {"8": "E"}, {"8": "E"}, {"8": "E"}, {"8": "S"}, {"3": "W"}, {"3": "N"}, {"3": "N"}, {"3": "W"}, {"3": "N"}, {"3": "W"}, {"3": "N"}, {"9": "E"}, {"9": "E"}, {"9": "S"}, {"9": "S"}, {"9": "S"}, {"9": "S"}, {"9": "S"}, {"9": "E"}, {"9": "E"}, {"9": "E"}, {"9": "E"}, {"9": "S"}, {"9": "E"}, {"9": "E"}, {"9": "E"}, {"9": "E"}, {"9": "E"}, {"9": "E"}, {"9": "N"}, {"9": "N"}, {"9": "N"}, {"9": "W"}, {"9": "N"}, {"2": "E"}, {"2": "E"}, {"2": "S"}, {"2": "S"}, {"2": "S"}, {"2": "E"}, {"2": "E"}, {"2": "E"}, {"2": "E"}, {"2": "S"}, {"2": "E"}, {"2": "E"}, {"2": "E"}, {"2": "E"}, {"2": "E"}, {"2": "E"}, {"2": "N"}, {"2": "N"}, {"2": "N"}, {"2": "W"}, {"4": "W"}, {"4": "W"}, {"4": "S"}, {"4": "S"}, {"0": "N"}, {"0": "W"}, {"0": "W"}, {"0": "W"}, {"0": "N"}, {"0": "N"}, {"0": "N"}, {"0": "E"}, {"0": "N"}, {"0": "E"}, {"0": "N"}, {"0": "N"}, {"0": "N"}, {"1": "N"}, {"1": "E"}, {"1": "E"}, {"1": "E"}, {"1": "E"}, {"1": "S"}, {"1": "E"}, {"7": "E"}, {"7": "S"}, {"7": "E"}, {"7": "S"}, {"7": "S"}, {"5": "S"}, {"5": "W"}, {"5": "W"}, {"5": "S"}, {"5": "S"}, {"5": "S"}, {"5": "S"}, {"5": "S"}, {"5": "W"}, {"5": "S"}, {"5": "S"}], "result": "SUCCESS", "makespan": 132, "sum": 156, "algo_name": "OutAndInBFS_default"}