{"instance": "small_000_10x10_20_10", "steps": [{"2": "S", "7": "S", "1": "N", "3": "E", "4": "W", "6": "N", "8": "W"}, {"4": "W", "5": "W", "0": "W", "8": "W", "7": "S", "6": "E", "3": "N", "2": "S"}, {"0": "W", "3": "N", "6": "E", "5": "W", "7": "S"}, {"3": "N", "6": "N"}, {"6": "E", "3": "N", "9": "N", "2": "W", "0": "S"}, {"9": "E", "6": "E", "0": "W", "2": "S", "8": "N", "3": "W"}, {"9": "N", "8": "N", "0": "W", "3": "N", "6": "E"}, {"8": "E", "9": "N"}, {"0": "E", "8": "N", "2": "E", "9": "E", "6": "S"}, {"9": "E", "6": "E", "8": "E", "2": "E"}, {"0": "N", "2": "E", "6": "E", "8": "N", "9": "N"}, {"9": "E", "6": "S", "0": "N", "2": "E"}, {"0": "N", "6": "S", "9": "E", "2": "E"}, {"9": "E", "0": "E", "2": "S"}, {"0": "N", "2": "E"}, {"0": "N", "2": "E"}, {"2": "E", "0": "N"}, {"2": "E", "0": "N"}, {"2": "E", "0": "E"}, {"2": "E"}, {"2": "N", "9": "S", "8": "W"}, {"2": "N", "9": "E", "8": "N"}, {"8": "N", "9": "E", "2": "N"}, {"8": "N", "9": "E", "2": "W"}, {"8": "E", "9": "S"}, {"8": "N", "9": "S"}, {"8": "E", "9": "S"}, {"9": "W", "8": "E"}, {"9": "S", "8": "N"}, {"8": "E", "9": "S"}, {"8": "E"}, {"8": "E"}, {"8": "S"}, {"5": "S"}, {"5": "S"}, {"5": "S"}, {"5": "S"}, {"5": "W"}, {"5": "S"}, {"5": "S"}], "result": "SUCCESS", "makespan": 40, "sum": 110, "algo_name": "BFS_0"}