{"instance": "medium_free_000_30x30_20_180", "steps": [{"19": "E", "116": "E", "102": "W", "158": "W", "29": "E", "159": "W", "56": "W", "97": "W", "103": "W", "61": "E", "42": "W", "76": "W", "89": "W", "105": "E", "18": "E", "147": "W", "86": "E", "104": "E", "175": "E", "26": "W", "149": "W", "100": "E", "28": "E", "30": "E", "33": "W", "67": "W", "78": "W", "171": "E", "3": "E", "68": "E", "132": "E", "44": "E", "115": "E", "154": "E", "162": "E", "151": "E", "22": "W", "155": "W", "73": "E", "152": "S", "126": "E", "110": "E", "95": "W", "101": "W", "167": "W", "174": "E", "46": "E", "137": "E", "118": "W", "51": "W", "81": "W", "157": "W", "134": "W", "93": "N", "9": "W", "109": "W", "136": "E", "160": "W", "92": "W", "16": "E", "47": "W", "150": "W", "27": "W", "63": "W", "6": "E", "79": "E", "119": "W", "48": "W", "53": "E", "17": "E", "21": "E", "60": "E", "148": "E", "64": "W", "23": "W", "11": "W", "36": "W", "113": "W", "156": "E", "10": "E", "57": "E", "39": "E", "94": "E", "59": "E", "0": "E", "38": "E", "7": "W", "83": "W", "120": "E", "32": "E", "130": "E", "90": "E", "141": "E", "164": "W", "4": "E", "178": "W", "123": "W", "84": "E", "72": "E", "14": "E", "2": "E", "140": "E", "88": "W", "66": "W", "168": "W", "43": "E", "142": "W", "173": "W", "20": "W", "125": "E", "35": "W", "153": "E", "8": "W", "96": "E", "31": "E", "122": "W", "106": "W", "5": "W", "65": "W", "91": "W", "82": "E", "179": "E", "172": "W", "99": "E", "146": "E", "177": "E", "131": "E", "139": "E", "13": "W", "161": "W", "135": "E", "165": "W", "12": "E", "166": "E", "144": "E", "143": "E", "145": "W", "108": "W", "55": "E", "71": "W", "117": "W"}, {"43": "E", "130": "E", "150": "W", "6": "E", "121": "W", "13": "W", "22": "W", "42": "W", "151": "E", "26": "W", "19": "E", "158": "W", "122": "W", "20": "W", "102": "W", "57": "E", "1": "E", "23": "W", "46": "E", "165": "W", "155": "W", "41": "E", "113": "W", "105": "E", "106": "W", "166": "N", "89": "S", "12": "E", "92": "W", "17": "E", "18": "E", "15": "E", "49": "S", "131": "E", "73": "E", "45": "S", "5": "S", "63": "W", "64": "W", "47": "W", "148": "E", "171": "E", "34": "W", "65": "W", "72": "E", "152": "S", "32": "E", "4": "E", "16": "E", "24": "E", "109": "W", "36": "W", "94": "E", "35": "W", "84": "E", "179": "E", "58": "W", "136": "E", "51": "W", "99": "E", "110": "E", "101": "W", "132": "E", "78": "W", "119": "W", "163": "E", "28": "E", "71": "W", "27": "W", "174": "E", "53": "E", "108": "W", "90": "E", "149": "W", "98": "E", "86": "E", "160": "W", "141": "E", "44": "E", "38": "E", "30": "E", "7": "W", "115": "E", "173": "W", "168": "W", "33": "W", "75": "E", "48": "W", "135": "E", "162": "E", "159": "W", "176": "E", "3": "E", "85": "W", "68": "E", "167": "W", "177": "E", "120": "E", "95": "W", "31": "E", "0": "E", "81": "W", "142": "W", "154": "E", "2": "E", "60": "E", "147": "W", "40": "E", "172": "W", "96": "E", "103": "W", "111": "W", "126": "E", "128": "E", "156": "E", "97": "W", "61": "E", "139": "E", "118": "W", "137": "E", "69": "W"}, {"59": "E", "154": "E", "161": "W", "86": "E", "64": "W", "14": "E", "5": "S", "96": "S", "149": "W", "147": "W", "9": "W", "179": "E", "140": "E", "89": "S", "1": "E", "101": "W", "177": "E", "103": "W", "17": "E", "94": "E", "122": "W", "156": "E", "60": "E", "121": "W", "135": "E", "118": "W", "172": "W", "134": "W", "53": "E", "38": "E", "75": "E", "78": "W", "23": "W", "98": "N", "61": "E", "168": "W", "126": "E", "24": "E", "160": "W", "72": "E", "141": "E", "148": "E", "46": "E", "71": "W", "120": "E", "166": "N", "85": "W", "73": "E", "65": "W", "139": "E", "119": "W", "40": "E", "131": "E", "146": "E", "165": "W", "42": "W", "173": "W", "48": "W", "12": "E", "176": "E", "150": "W", "6": "E", "102": "W", "151": "E", "110": "E", "19": "E", "49": "S", "108": "W", "81": "W", "136": "E", "164": "W", "51": "W", "162": "E", "167": "W", "144": "E", "142": "W", "155": "W", "115": "E", "158": "W", "4": "E", "90": "E", "123": "W", "113": "W", "83": "N", "28": "E", "32": "E", "109": "W", "143": "E", "99": "E", "33": "W", "128": "E", "68": "E", "27": "W", "106": "W", "82": "E", "137": "E", "132": "E", "105": "E", "43": "E", "69": "W", "44": "E", "18": "E", "7": "W", "26": "W", "2": "E", "30": "E", "92": "W", "31": "E", "13": "W", "34": "W", "45": "S", "63": "W", "95": "W", "84": "E", "21": "E"}, {"31": "E", "65": "W", "1": "E", "19": "E", "71": "W", "7": "W", "69": "W", "108": "W", "83": "N", "106": "W", "102": "W", "128": "E", "38": "E", "154": "E", "173": "W", "105": "E", "30": "E", "139": "E", "110": "E", "86": "E", "161": "W", "167": "W", "142": "W", "13": "W", "45": "S", "61": "E", "123": "W", "81": "W", "113": "W", "121": "W", "120": "E", "42": "W", "78": "W", "64": "W", "26": "W", "168": "W", "12": "E", "166": "N", "94": "E", "146": "E", "140": "E", "43": "E", "73": "E", "59": "E", "119": "W", "84": "E", "44": "E", "28": "E", "160": "W", "144": "E", "158": "W", "179": "E", "5": "S", "165": "W", "34": "W", "135": "N", "4": "E", "41": "E", "2": "E", "99": "E", "6": "E", "147": "W", "23": "W", "164": "W", "46": "E", "103": "W", "49": "S", "155": "W", "109": "W", "156": "E", "118": "W", "111": "W", "126": "E", "82": "E", "131": "E", "20": "W", "72": "E", "10": "S", "95": "W", "85": "W", "162": "S", "115": "E", "39": "E", "18": "E", "17": "E", "176": "N", "151": "E", "92": "W", "134": "W", "53": "E", "14": "E", "21": "E", "68": "E", "150": "S", "172": "W", "98": "N", "90": "E", "141": "E", "33": "W"}, {"13": "W", "90": "E", "35": "N", "85": "W", "137": "S", "68": "E", "121": "W", "161": "W", "168": "W", "142": "W", "126": "E", "41": "E", "158": "W", "10": "S", "113": "W", "7": "W", "73": "E", "33": "W", "5": "S", "176": "N", "166": "N", "160": "W", "173": "W", "156": "E", "120": "E", "49": "S", "177": "N", "154": "E", "14": "E", "99": "E", "81": "W", "136": "E", "65": "W", "146": "E", "6": "E", "44": "E", "34": "W", "1": "E", "2": "E", "110": "E", "18": "E", "151": "E", "105": "E", "46": "E", "141": "E", "179": "E", "144": "E", "106": "W", "103": "W", "92": "W", "31": "E", "53": "E", "17": "E", "84": "E", "128": "E", "109": "W", "94": "E", "164": "W", "59": "E", "111": "W", "102": "W", "155": "W", "108": "S", "95": "W", "43": "N", "12": "E", "45": "S", "39": "E", "82": "E", "147": "W", "134": "W", "115": "E", "30": "E", "140": "E", "21": "E", "28": "E", "8": "W", "19": "S", "20": "W", "26": "W", "172": "W", "165": "W", "23": "W", "61": "E", "118": "W"}, {"173": "W", "115": "E", "126": "E", "41": "E", "140": "E", "13": "W", "102": "W", "90": "E", "64": "W", "110": "E", "18": "E", "142": "W", "141": "E", "81": "W", "39": "E", "134": "S", "45": "S", "34": "W", "165": "W", "31": "E", "150": "S", "53": "E", "160": "W", "161": "W", "23": "W", "82": "E", "28": "E", "72": "E", "43": "N", "136": "E", "5": "S", "83": "N", "166": "N", "164": "W", "106": "W", "147": "W", "65": "W", "61": "E", "149": "N", "154": "E", "92": "W", "144": "E", "99": "E", "137": "S", "12": "E", "111": "W", "155": "W", "8": "W", "128": "S", "1": "E", "118": "W", "108": "S", "46": "E", "59": "E", "179": "N", "17": "E", "121": "W", "49": "S", "120": "E", "30": "E", "14": "E", "168": "W", "158": "W", "6": "E", "151": "E", "156": "E", "25": "N", "73": "E", "20": "W", "172": "W"}, {"141": "E", "154": "E", "46": "E", "158": "W", "41": "E", "49": "S", "98": "N", "20": "W", "82": "E", "13": "W", "134": "S", "43": "N", "128": "S", "179": "N", "144": "E", "112": "W", "59": "E", "172": "W", "165": "W", "72": "E", "147": "S", "106": "W", "61": "N", "166": "N", "81": "W", "173": "W", "151": "E", "120": "E", "99": "E", "5": "S", "30": "E", "156": "E", "109": "S", "8": "W", "102": "W", "168": "W", "162": "S", "142": "W", "68": "E", "111": "W", "73": "E", "25": "N", "45": "S", "161": "W", "137": "S", "31": "E", "121": "W", "90": "E", "136": "E", "160": "W", "110": "E", "140": "N", "89": "S", "64": "W"}, {"98": "N", "81": "W", "82": "E", "164": "W", "141": "N", "132": "S", "172": "W", "179": "N", "30": "E", "110": "E", "144": "S", "46": "E", "162": "S", "147": "S", "56": "S", "99": "E", "111": "S", "94": "N", "113": "S", "168": "W", "102": "W", "50": "N", "140": "N", "160": "W", "78": "N", "151": "E", "161": "S", "33": "N", "120": "E", "60": "N", "121": "W", "128": "S", "106": "W", "153": "N", "6": "N", "72": "E", "61": "W", "70": "N", "165": "W", "1": "S", "7": "N", "18": "N", "73": "E", "22": "E", "77": "S", "3": "N", "67": "N", "109": "S", "126": "W", "57": "S", "89": "S", "135": "N", "64": "W", "130": "N", "138": "N", "69": "N", "97": "S", "21": "S", "119": "S", "74": "N", "100": "S", "112": "W", "68": "E", "90": "E", "5": "S", "25": "N", "107": "S", "146": "S", "45": "S", "173": "W", "48": "S", "20": "W", "134": "S", "8": "W", "95": "W", "49": "S", "14": "S", "103": "E", "31": "E", "137": "S", "171": "S", "59": "E", "13": "N", "175": "N", "142": "W", "176": "N", "127": "S", "156": "E", "15": "S", "136": "E", "158": "W", "0": "S", "17": "E", "174": "E", "150": "N", "19": "S", "157": "S"}, {"121": "W", "46": "E", "23": "W", "111": "W", "110": "E", "41": "E", "19": "S", "45": "S", "64": "W", "141": "E", "108": "S", "138": "E", "50": "W", "146": "E", "40": "E", "65": "W", "33": "W", "78": "W", "129": "E", "57": "E", "25": "N", "116": "E", "117": "W", "101": "E", "176": "N", "140": "N", "27": "S", "17": "E", "44": "E", "139": "E", "13": "W", "82": "E", "127": "W", "37": "W", "98": "N", "99": "E", "48": "W", "49": "S", "56": "W", "173": "W", "154": "E", "165": "W", "24": "E", "89": "S", "31": "E", "100": "E", "30": "E", "147": "S", "150": "W", "142": "W", "132": "E", "93": "E", "75": "E", "126": "S", "119": "W", "168": "W", "136": "E", "112": "W", "74": "W", "8": "W", "28": "E", "125": "E", "179": "N", "60": "E", "72": "E", "66": "W", "34": "W", "109": "S", "35": "N", "92": "N", "135": "N", "11": "W", "120": "E", "90": "E", "43": "N", "59": "E", "144": "E", "3": "E", "151": "E", "73": "E", "62": "W", "157": "W", "91": "W", "175": "E", "178": "W", "160": "W", "158": "W", "84": "E", "171": "E", "97": "W", "130": "E", "6": "N", "9": "W", "164": "W", "61": "N", "26": "W", "107": "E", "5": "S", "20": "W", "71": "W", "163": "E"}, {"49": "S", "64": "W", "146": "S", "171": "E", "130": "E", "82": "E", "56": "W", "98": "N", "41": "E", "33": "W", "58": "W", "107": "E", "73": "E", "24": "E", "126": "S", "140": "N", "75": "E", "8": "W", "27": "S", "121": "W", "151": "E", "19": "S", "132": "E", "179": "N", "100": "E", "45": "S", "57": "E", "66": "S", "84": "E", "43": "N", "110": "E", "141": "E", "157": "W", "89": "S", "138": "N", "165": "W", "173": "W", "91": "W", "14": "S", "178": "W", "90": "E", "160": "W", "6": "N", "118": "W", "158": "W", "112": "W", "62": "W", "135": "N", "164": "S", "109": "S", "20": "W", "40": "S", "69": "W", "65": "W", "142": "W", "97": "W", "147": "S", "44": "N", "154": "E", "93": "N", "26": "W", "120": "E", "25": "N", "136": "E", "13": "W", "46": "E", "72": "E", "11": "W", "108": "S", "99": "E", "150": "W", "155": "W", "17": "E", "81": "W", "78": "W", "61": "N", "168": "W", "129": "E", "60": "E"}, {"64": "S", "91": "W", "58": "W", "157": "W", "110": "E", "82": "E", "88": "W", "13": "N", "129": "E", "19": "S", "138": "N", "54": "W", "78": "W", "117": "W", "100": "E", "130": "E", "45": "S", "25": "N", "8": "W", "136": "E", "44": "N", "135": "N", "14": "S", "89": "S", "109": "S", "160": "W", "118": "W", "61": "E", "43": "N", "60": "E", "93": "N", "57": "E", "27": "S", "146": "S", "62": "W", "154": "E", "126": "E", "169": "W", "63": "W", "112": "W", "164": "S", "66": "S", "107": "E", "97": "W", "140": "N", "161": "W", "46": "E", "179": "N", "40": "S", "101": "N", "120": "E", "98": "N", "73": "E", "168": "N", "33": "W", "6": "N", "108": "S", "28": "E", "81": "W", "171": "E", "84": "N", "147": "S", "170": "E", "17": "E", "59": "E"}, {"27": "S", "120": "E", "14": "S", "130": "E", "19": "S", "98": "N", "154": "E", "40": "S", "171": "E", "62": "W", "179": "N", "88": "W", "135": "N", "170": "E", "108": "S", "22": "S", "11": "W", "6": "N", "100": "E", "46": "E", "140": "N", "156": "E", "169": "W", "168": "N", "66": "S", "59": "E", "158": "W", "161": "S", "82": "E", "126": "S", "64": "S", "107": "E", "157": "S", "84": "N", "147": "S", "109": "S", "164": "S", "160": "W", "25": "N", "45": "S", "91": "W", "57": "S", "13": "N", "78": "W", "60": "E", "81": "W", "73": "S", "97": "W", "33": "N", "101": "N"}, {"150": "E", "142": "N", "59": "E", "147": "S", "122": "E", "131": "N", "53": "N", "11": "W", "156": "E", "6": "W", "31": "N", "91": "W", "171": "E", "45": "S", "77": "S", "121": "N", "33": "N", "46": "E", "158": "W", "82": "S", "135": "N", "151": "E", "2": "W", "93": "S", "57": "S", "100": "E", "78": "W", "140": "N", "40": "W", "88": "W", "22": "W", "116": "N", "84": "N", "167": "E", "9": "N", "99": "E", "14": "S", "30": "N", "105": "S", "179": "N", "160": "W", "48": "S", "81": "W", "13": "N", "98": "N", "107": "E", "172": "S", "66": "S", "90": "S", "3": "W", "32": "E", "125": "S", "73": "S", "60": "E", "16": "S", "62": "N", "58": "W", "69": "E", "139": "W", "170": "E", "120": "E", "146": "E", "0": "N", "25": "N", "28": "S", "164": "S", "17": "N", "115": "W", "130": "E", "71": "W", "173": "E", "15": "E", "106": "N", "36": "S", "19": "S", "97": "W", "104": "W", "174": "E", "108": "S", "64": "S", "136": "E", "27": "S"}, {"88": "W", "154": "E", "130": "E", "77": "E", "143": "E", "58": "W", "28": "E", "33": "N", "3": "N", "14": "S", "147": "S", "155": "W", "56": "W", "179": "N", "151": "E", "21": "E", "127": "W", "97": "W", "19": "S", "132": "E", "115": "S", "150": "E", "66": "S", "172": "W", "73": "S", "135": "N", "105": "E", "84": "N", "171": "E", "67": "E", "160": "W", "85": "W", "174": "E", "107": "E", "116": "E", "68": "E", "156": "E", "6": "N", "175": "E", "163": "E", "24": "S", "153": "S", "109": "W", "126": "S", "27": "S", "59": "E", "98": "N", "178": "W", "9": "W", "13": "N", "41": "N", "8": "W", "81": "W", "22": "W", "17": "E", "23": "W", "121": "W", "164": "S", "30": "E", "140": "N", "45": "S", "170": "E", "60": "E", "5": "W", "90": "E", "53": "E", "100": "E", "11": "W", "16": "E", "38": "E", "136": "E", "87": "W", "57": "S", "158": "W", "91": "W"}, {"161": "S", "91": "W", "41": "E", "64": "S", "130": "E", "174": "E", "78": "W", "121": "W", "8": "W", "102": "W", "72": "E", "17": "E", "88": "W", "147": "S", "19": "S", "28": "E", "107": "E", "84": "N", "90": "E", "58": "W", "5": "S", "18": "S", "179": "N", "131": "E", "116": "E", "66": "S", "148": "N", "127": "W", "75": "E", "3": "N", "53": "E", "150": "S", "151": "E", "85": "W", "9": "W", "56": "W", "6": "N", "57": "S", "33": "N", "170": "S", "22": "W", "97": "W", "92": "W", "60": "E", "16": "E", "101": "W", "77": "E", "100": "E", "48": "W", "115": "S", "21": "E", "105": "E", "135": "N", "27": "S", "178": "W", "158": "S", "156": "E", "175": "N", "172": "W", "11": "W", "0": "E"}, {"179": "N", "6": "N", "9": "W", "116": "N", "131": "N", "174": "E", "78": "W", "88": "S", "64": "S", "18": "E", "30": "E", "73": "S", "140": "N", "66": "S", "130": "E", "90": "S", "58": "W", "170": "S", "151": "E", "22": "W", "115": "E", "5": "S", "60": "E", "135": "N", "98": "N", "85": "W", "42": "W", "56": "W", "77": "E", "127": "W", "21": "E", "156": "E", "3": "E", "107": "E", "161": "S", "8": "W", "97": "N", "136": "E", "84": "N", "16": "E", "100": "E", "57": "S", "126": "S", "19": "S", "172": "W", "105": "E", "27": "S", "175": "N", "11": "W", "178": "W", "33": "N", "125": "E"}, {"60": "S", "19": "S", "81": "S", "142": "E", "18": "E", "47": "S", "136": "E", "161": "W", "109": "W", "119": "E", "35": "W", "33": "N", "172": "W", "21": "E", "92": "S", "105": "N", "174": "E", "9": "W", "131": "N", "112": "E", "146": "W", "132": "W", "88": "S", "39": "S", "107": "E", "27": "S", "37": "N", "90": "S", "16": "E", "42": "W", "44": "W", "173": "W", "52": "N", "69": "W", "103": "S", "85": "W", "4": "N", "71": "N", "77": "E", "170": "S", "1": "N", "67": "E", "135": "N", "11": "W", "28": "E", "6": "N", "151": "S", "23": "S", "122": "N", "117": "E", "115": "W", "124": "N", "3": "E", "73": "E", "120": "N", "179": "N", "53": "S", "8": "W", "148": "N", "57": "S", "165": "S", "114": "S", "178": "W", "84": "N", "12": "N", "130": "E", "110": "W", "82": "W", "22": "S", "141": "S", "147": "S", "58": "W", "30": "E", "139": "W", "56": "W", "140": "N", "126": "S", "123": "S", "156": "S", "78": "W", "127": "W", "51": "S"}, {"51": "S", "173": "W", "14": "S", "110": "S", "131": "N", "24": "S", "19": "S", "127": "S", "64": "S", "139": "N", "30": "E", "164": "S", "57": "S", "50": "W", "58": "W", "115": "S", "121": "W", "154": "E", "179": "N", "40": "S", "27": "S", "95": "S", "107": "S", "155": "W", "9": "W", "144": "E", "93": "W", "86": "E", "104": "N", "46": "E", "42": "W", "118": "W", "59": "E", "56": "W", "178": "N", "73": "S", "39": "E", "88": "S", "100": "E", "16": "E", "171": "E", "85": "W", "23": "W", "77": "E", "170": "S", "32": "E", "20": "W", "37": "W", "33": "N", "172": "W", "106": "N", "161": "S", "22": "S", "15": "E", "148": "E", "147": "S", "41": "E", "123": "W", "91": "W", "130": "E", "18": "E", "97": "N", "151": "S", "21": "E", "4": "E", "165": "W", "136": "S", "116": "N", "101": "W", "156": "S", "79": "E", "8": "W", "140": "N", "126": "S", "174": "E", "11": "W", "112": "N", "3": "N"}, {"118": "W", "67": "N", "170": "S", "16": "E", "112": "N", "50": "W", "148": "N", "33": "N", "174": "E", "42": "W", "73": "S", "121": "W", "56": "W", "82": "S", "64": "S", "57": "S", "4": "E", "48": "W", "136": "S", "11": "W", "99": "N", "88": "S", "172": "W", "8": "W", "156": "S", "90": "S", "115": "S", "96": "W", "107": "S", "147": "S", "32": "E", "130": "N", "79": "E", "9": "W", "151": "S", "30": "E", "23": "W", "58": "W", "85": "W", "3": "N", "40": "S", "161": "S", "93": "W", "178": "N", "22": "S", "39": "E", "51": "S", "19": "S"}, {"164": "N", "79": "E", "65": "N", "68": "N", "38": "N", "172": "W", "50": "W", "85": "W", "69": "S", "42": "W", "30": "N", "32": "E", "170": "S", "150": "E", "73": "S", "119": "W", "112": "W", "109": "S", "62": "W", "57": "W", "104": "W", "4": "E", "80": "N", "153": "W", "9": "N", "40": "W", "33": "N", "144": "S", "23": "N", "51": "S", "148": "W", "6": "W", "136": "S", "55": "N", "64": "S", "88": "S", "151": "S", "63": "W", "107": "S", "111": "S", "114": "W", "176": "S", "86": "S", "92": "W", "11": "W", "70": "W", "3": "N", "16": "E", "56": "W", "48": "S", "26": "W", "142": "W", "17": "N", "130": "N", "115": "W", "156": "S", "75": "W", "99": "E", "174": "E", "178": "N", "31": "N", "14": "E", "171": "S", "90": "S", "58": "W", "71": "N", "94": "S", "160": "W", "147": "S", "36": "N", "120": "W", "53": "W", "8": "W", "118": "W"}, {"48": "W", "90": "S", "130": "N", "6": "N", "117": "N", "174": "E", "72": "E", "109": "S", "63": "W", "144": "E", "113": "W", "37": "W", "62": "N", "148": "N", "73": "S", "50": "W", "3": "N", "99": "E", "111": "W", "170": "S", "81": "W", "145": "W", "125": "E", "86": "E", "64": "S", "157": "S", "164": "W", "15": "S", "77": "E", "68": "E", "30": "E", "175": "N", "38": "E", "53": "S", "112": "W", "80": "E", "1": "E", "42": "W", "179": "N", "28": "E", "178": "N", "58": "W", "23": "N", "14": "S", "32": "N", "4": "E", "11": "W", "57": "S", "118": "W", "55": "N", "51": "W", "147": "S", "124": "E", "85": "S", "79": "E", "56": "S", "151": "S", "94": "E", "156": "S", "75": "N", "82": "E", "133": "N", "136": "S", "65": "W", "44": "N", "26": "W", "8": "W", "171": "E", "161": "W", "40": "S", "163": "W", "88": "S", "172": "W", "9": "N", "123": "W"}, {"88": "S", "64": "S", "114": "W", "105": "N", "151": "S", "174": "E", "136": "S", "73": "S", "149": "N", "144": "E", "58": "W", "171": "E", "4": "E", "163": "S", "172": "W", "164": "W", "161": "S", "121": "W", "123": "W", "120": "N", "86": "E", "178": "N", "53": "S", "130": "N", "11": "N", "42": "W", "79": "E", "57": "S", "22": "S", "80": "E", "118": "W", "170": "S", "173": "N", "156": "S", "109": "E", "55": "E", "51": "S", "56": "S", "63": "S", "65": "W", "54": "W", "77": "E", "40": "S", "8": "W", "31": "E", "95": "N", "6": "N", "93": "N", "32": "N", "75": "N", "165": "W"}, {"80": "E", "22": "S", "95": "E", "93": "N", "43": "N", "178": "N", "79": "E", "136": "S", "56": "S", "65": "N", "64": "S", "55": "N", "156": "S", "171": "E", "121": "W", "163": "S", "73": "S", "40": "S", "170": "S", "118": "W", "164": "S", "120": "N", "42": "W", "8": "W", "16": "N", "144": "S", "32": "N", "176": "W", "96": "S", "111": "W", "11": "N", "57": "E", "109": "S", "54": "W", "24": "S", "77": "E", "88": "S", "53": "E", "172": "W", "151": "S", "6": "E", "130": "N", "4": "E", "58": "W", "37": "W", "174": "E", "63": "S", "161": "S", "86": "N"}, {"90": "W", "124": "E", "31": "N", "88": "S", "40": "S", "44": "W", "144": "S", "170": "S", "150": "E", "65": "N", "26": "E", "32": "N", "3": "W", "79": "E", "93": "E", "39": "W", "136": "E", "122": "S", "120": "E", "105": "W", "50": "E", "16": "E", "130": "N", "109": "S", "86": "W", "4": "E", "99": "E", "69": "N", "164": "S", "8": "W", "18": "N", "73": "S", "11": "N", "116": "S", "171": "E", "113": "E", "58": "W", "165": "W", "20": "N", "118": "W", "33": "W", "111": "E", "112": "N", "34": "E", "63": "S", "53": "E", "156": "S", "75": "E", "6": "E", "97": "E", "72": "N", "114": "S", "17": "W", "54": "N", "81": "S", "174": "E", "59": "N", "178": "N", "51": "W", "172": "W", "57": "S", "163": "E", "80": "E", "55": "N", "151": "S", "123": "S", "37": "W", "108": "N", "161": "E", "41": "N"}, {"50": "N", "109": "S", "55": "N", "169": "S", "94": "E", "112": "W", "157": "S", "97": "N", "99": "N", "64": "S", "111": "S", "57": "S", "14": "S", "100": "S", "88": "S", "73": "S", "20": "W", "175": "N", "39": "N", "130": "N", "79": "N", "142": "W", "36": "W", "156": "S", "170": "S", "34": "N", "71": "W", "78": "N", "16": "E", "139": "E", "90": "W", "120": "E", "75": "E", "144": "S", "87": "W", "9": "N", "172": "W", "58": "W", "113": "N", "86": "N", "150": "S", "161": "E", "40": "S", "53": "E", "118": "S", "6": "N", "81": "W", "33": "N", "80": "E", "174": "E", "165": "W", "11": "N", "116": "E", "178": "N", "151": "S", "8": "W", "22": "S", "121": "W", "72": "E", "31": "E", "136": "S", "63": "S", "37": "W", "163": "E", "65": "N"}, {"99": "E", "116": "E", "94": "E", "14": "S", "86": "N", "111": "S", "71": "N", "156": "S", "90": "S", "57": "S", "11": "N", "34": "N", "178": "N", "79": "N", "55": "N", "37": "W", "53": "E", "50": "N", "58": "W", "170": "S", "54": "W", "22": "S", "109": "S", "161": "S", "172": "S", "63": "S", "130": "N", "39": "N", "73": "S", "97": "N", "104": "N", "151": "S", "136": "S", "105": "N", "16": "E", "81": "W", "144": "S", "174": "S", "163": "E", "118": "S", "31": "E", "121": "W", "40": "S", "87": "S", "88": "S", "8": "W", "120": "E", "165": "S", "47": "W"}, {"63": "S", "55": "N", "58": "W", "16": "E", "17": "N", "14": "W", "39": "E", "153": "S", "22": "S", "90": "S", "116": "N", "99": "E", "88": "S", "148": "N", "120": "N", "50": "W", "81": "W", "156": "S", "111": "W", "170": "S", "79": "E", "37": "W", "73": "S", "130": "N", "94": "E", "151": "S", "54": "W", "121": "W", "118": "S", "57": "S", "163": "E", "172": "S", "11": "N", "174": "S", "8": "W", "109": "S", "86": "E"}, {"22": "S", "85": "N", "92": "W", "42": "S", "145": "W", "47": "S", "86": "N", "132": "W", "88": "S", "163": "S", "111": "S", "74": "N", "178": "N", "130": "N", "50": "W", "37": "W", "105": "E", "82": "S", "99": "E", "1": "N", "79": "N", "110": "S", "39": "E", "36": "E", "81": "W", "58": "W", "20": "S", "28": "S", "96": "E", "16": "N", "3": "E", "48": "W", "14": "S", "136": "S", "173": "E", "172": "S", "116": "E", "94": "E", "31": "N", "57": "S", "90": "S", "120": "W", "151": "S", "8": "W", "54": "W", "170": "W", "147": "W", "121": "W", "156": "W", "75": "W", "109": "S", "69": "W", "174": "S", "159": "S", "26": "W", "150": "W", "169": "S", "73": "W", "80": "N", "95": "W", "129": "E", "165": "E", "146": "N", "55": "N", "12": "N", "44": "E", "7": "E"}, {"14": "S", "29": "E", "22": "S", "1": "E", "170": "S", "46": "E", "73": "S", "55": "N", "79": "N", "115": "W", "57": "S", "50": "W", "147": "S", "94": "E", "85": "W", "169": "W", "165": "S", "109": "S", "150": "W", "75": "N", "53": "E", "128": "W", "28": "E", "7": "N", "88": "S", "24": "S", "54": "N", "51": "E", "12": "E", "111": "W", "36": "S", "81": "W", "86": "N", "132": "S", "39": "E", "178": "N", "116": "N", "110": "E", "125": "E", "8": "W", "58": "N", "0": "E", "163": "E", "156": "S", "151": "S", "172": "S", "136": "W", "130": "N", "99": "E", "18": "E", "26": "S", "84": "N", "121": "W", "37": "W", "21": "S", "16": "N", "120": "N", "146": "E", "78": "W", "174": "S", "80": "E", "4": "E", "90": "S", "23": "E"}, {"81": "W", "17": "N", "29": "E", "156": "S", "0": "E", "171": "E", "42": "W", "132": "S", "28": "E", "165": "S", "24": "S", "26": "S", "73": "S", "90": "S", "16": "E", "37": "W", "58": "N", "147": "S", "88": "S", "151": "S", "53": "E", "8": "W", "109": "S", "118": "S", "111": "W", "174": "S", "96": "S", "75": "N", "22": "S", "46": "E", "94": "E", "93": "N", "172": "S", "136": "S", "4": "E", "78": "W", "54": "W", "57": "S", "128": "S", "146": "E", "79": "N", "23": "N", "99": "E", "84": "N"}, {"77": "S", "110": "E", "88": "S", "96": "S", "70": "W", "151": "S", "118": "S", "173": "W", "28": "E", "101": "N", "128": "W", "59": "N", "142": "S", "174": "S", "136": "S", "132": "E", "145": "E", "51": "W", "47": "S", "123": "S", "37": "W", "103": "N", "74": "W", "153": "E", "22": "S", "81": "W", "62": "N", "120": "W", "54": "W", "99": "E", "170": "E", "111": "W", "169": "S", "117": "W", "33": "E", "24": "S", "85": "E", "34": "N", "16": "N", "18": "N", "2": "N", "31": "W", "90": "S", "46": "E", "159": "S", "76": "N", "165": "E", "161": "E", "175": "N", "172": "S", "53": "E", "148": "S", "91": "N", "84": "N", "58": "N", "8": "N", "97": "E"}, {"74": "W", "104": "S", "30": "E", "150": "S", "58": "N", "148": "E", "12": "E", "24": "S", "35": "W", "118": "S", "70": "W", "90": "S", "72": "E", "15": "S", "81": "W", "114": "W", "153": "E", "29": "N", "99": "E", "1": "E", "121": "W", "31": "S", "88": "S", "85": "S", "117": "W", "44": "N", "96": "S", "159": "W", "84": "N", "164": "E", "113": "W", "170": "E", "136": "S", "53": "E", "169": "W", "97": "N", "82": "E", "130": "N", "23": "E", "11": "N", "172": "W", "16": "N", "91": "W", "34": "W", "17": "E", "39": "E", "165": "E", "128": "S", "110": "E", "111": "W", "125": "E", "37": "W", "80": "E", "147": "E"}, {"170": "S", "119": "S", "159": "S", "174": "S", "82": "E", "172": "S", "21": "E", "33": "N", "36": "E", "30": "E", "29": "E", "169": "W", "44": "E", "58": "N", "114": "W", "121": "W", "171": "E", "148": "E", "97": "N", "0": "E", "39": "E", "74": "W", "15": "S", "53": "S", "150": "S", "153": "E", "85": "S", "81": "W", "42": "W", "24": "S", "136": "S", "70": "W", "99": "E", "37": "W", "4": "E", "16": "N", "95": "W", "84": "N", "111": "W", "117": "W", "11": "N", "90": "S"}, {"167": "S", "101": "N", "46": "S", "148": "W", "170": "S", "31": "E", "128": "E", "90": "S", "150": "S", "109": "W", "113": "S", "102": "E", "21": "S", "172": "S", "44": "N", "174": "S", "159": "W", "136": "S", "50": "N", "76": "S", "35": "E", "28": "W", "119": "S", "165": "N", "0": "N", "16": "N", "99": "E", "42": "W", "164": "W", "117": "N", "145": "S", "3": "E", "78": "W", "30": "E", "171": "W", "36": "W", "121": "N", "153": "E", "70": "W", "54": "E", "20": "W", "74": "W", "8": "N", "160": "N", "15": "S", "53": "S", "104": "S", "111": "W", "118": "W", "130": "W", "144": "E", "124": "E", "87": "E", "103": "W", "26": "W", "84": "N", "114": "W", "82": "E", "142": "S", "58": "W", "34": "E", "11": "N", "55": "E", "37": "N", "39": "N", "81": "W"}, {"91": "W", "136": "S", "58": "N", "159": "S", "165": "W", "37": "N", "30": "E", "21": "E", "133": "E", "79": "N", "50": "W", "11": "N", "121": "N", "117": "W", "144": "S", "92": "W", "48": "W", "174": "S", "99": "S", "80": "E", "71": "N", "54": "N", "74": "W", "34": "N", "26": "S", "42": "W", "171": "S", "129": "E", "170": "W", "70": "W", "115": "S", "90": "E", "40": "E", "84": "N", "119": "S", "153": "E", "114": "W", "156": "S", "81": "S", "4": "E", "23": "N", "44": "N", "111": "W", "62": "E", "8": "N", "29": "E", "145": "S", "53": "S", "128": "S", "5": "E", "109": "S", "142": "W", "132": "E", "39": "E", "130": "N", "169": "W"}, {"74": "W", "156": "S", "50": "W", "128": "S", "142": "W", "46": "E", "42": "N", "79": "N", "172": "S", "40": "E", "145": "S", "82": "E", "117": "W", "114": "S", "84": "N", "159": "S", "47": "W", "174": "S", "44": "N", "169": "W", "119": "S", "171": "S", "37": "N", "29": "N", "30": "E", "153": "E", "161": "S", "136": "S", "21": "S", "53": "S", "90": "E", "58": "N", "39": "E", "0": "E", "81": "W", "34": "N", "115": "S", "111": "W", "130": "N", "165": "W", "92": "N", "122": "N", "8": "N", "154": "N", "121": "N", "26": "S", "118": "S", "54": "N"}, {"172": "S", "111": "W", "29": "N", "84": "N", "165": "W", "53": "S", "171": "E", "121": "N", "101": "W", "50": "N", "153": "E", "39": "E", "81": "W", "21": "S", "142": "N", "0": "N", "36": "W", "161": "S", "114": "S", "42": "N", "72": "E", "58": "E", "46": "E", "117": "W", "37": "N", "156": "S", "87": "S", "159": "E", "79": "N", "174": "S", "90": "S", "146": "W", "136": "S", "118": "S", "4": "N", "44": "N", "169": "W", "8": "N", "54": "W", "1": "E", "128": "S", "130": "E"}, {"165": "E", "109": "E", "130": "N", "111": "W", "58": "N", "26": "S", "136": "S", "156": "S", "77": "N", "174": "S", "30": "W", "78": "E", "82": "E", "31": "E", "171": "E", "132": "S", "169": "W", "4": "E", "123": "S", "118": "E", "172": "S", "142": "N", "44": "N", "121": "W", "85": "E", "159": "S", "46": "E", "144": "S", "153": "S", "97": "N", "176": "S", "119": "W", "90": "S", "74": "E", "92": "W", "34": "W", "0": "N", "15": "W", "81": "W", "29": "N", "164": "N", "117": "N", "28": "W", "68": "N", "101": "W", "40": "W", "148": "E", "96": "W", "39": "E", "50": "N", "146": "W", "120": "E", "21": "S", "128": "E", "53": "S", "37": "N", "104": "E", "112": "N", "63": "W", "51": "W", "69": "S", "79": "E", "114": "S", "95": "E", "8": "W"}, {"38": "N", "51": "S", "26": "E", "24": "S", "169": "W", "102": "S", "174": "S", "37": "N", "109": "S", "62": "N", "46": "E", "78": "N", "132": "E", "74": "N", "50": "N", "29": "E", "176": "W", "21": "S", "33": "N", "171": "E", "82": "E", "9": "W", "59": "N", "143": "E", "153": "S", "8": "N", "114": "S", "81": "W", "53": "S", "136": "S", "90": "S", "39": "E", "130": "N", "91": "S", "63": "W", "112": "W", "2": "E", "165": "S", "0": "N", "28": "S", "79": "N", "156": "E", "67": "W", "172": "S", "100": "E", "142": "E", "123": "W", "96": "S", "159": "S", "58": "N", "146": "S", "164": "E", "85": "S", "55": "W", "111": "W", "30": "N"}, {"78": "N", "79": "N", "58": "N", "67": "W", "119": "S", "176": "W", "156": "S", "46": "E", "50": "N", "153": "S", "62": "N", "175": "N", "0": "N", "143": "E", "87": "S", "159": "S", "169": "S", "53": "S", "36": "W", "55": "N", "15": "S", "109": "S", "165": "S", "174": "S", "30": "N", "163": "E", "29": "N", "21": "E", "110": "E", "2": "E", "82": "E", "111": "W", "90": "S", "81": "W", "172": "S", "74": "N", "164": "E", "95": "E", "144": "S", "136": "S", "63": "W", "171": "S"}, {"43": "N", "82": "E", "111": "W", "58": "N", "174": "E", "143": "E", "153": "S", "154": "N", "92": "W", "46": "E", "78": "W", "136": "S", "21": "S", "67": "W", "100": "E", "0": "N", "169": "S", "30": "E", "55": "N", "50": "N", "95": "S", "2": "S", "36": "W", "63": "S", "81": "S", "171": "E", "159": "S", "53": "S", "79": "N", "62": "N", "90": "S", "164": "E", "156": "S", "74": "W", "144": "S", "109": "E", "3": "N"}, {"50": "N", "163": "E", "169": "S", "156": "S", "53": "S", "38": "S", "120": "W", "55": "W", "113": "S", "118": "W", "75": "W", "2": "S", "41": "E", "35": "W", "34": "E", "161": "E", "85": "W", "30": "N", "72": "N", "21": "S", "91": "S", "9": "W", "174": "E", "146": "E", "82": "E", "136": "S", "81": "S", "92": "W", "128": "E", "79": "N", "40": "E", "153": "S", "63": "S", "3": "N", "58": "N", "11": "E", "111": "W", "78": "W", "59": "N", "46": "S", "67": "W", "139": "E", "36": "W", "119": "N", "74": "E", "171": "E", "110": "S", "90": "S", "144": "S", "62": "N", "175": "N", "109": "S", "176": "W", "164": "S", "100": "E"}, {"136": "S", "92": "W", "118": "S", "174": "S", "58": "N", "156": "S", "22": "E", "84": "N", "113": "W", "153": "S", "78": "W", "21": "S", "79": "N", "36": "W", "143": "E", "62": "N", "108": "E", "82": "E", "85": "S", "171": "E", "50": "N", "160": "W", "173": "E", "111": "W", "1": "E", "53": "S", "100": "E", "3": "W", "63": "S", "55": "N", "75": "N", "38": "E", "128": "S", "144": "S", "164": "S", "109": "S", "46": "S", "30": "N", "163": "E", "90": "S", "28": "S"}, {"51": "E", "136": "S", "38": "E", "90": "S", "78": "W", "3": "N", "15": "S", "133": "N", "31": "E", "143": "E", "40": "E", "118": "S", "156": "S", "129": "E", "30": "N", "55": "N", "163": "E", "174": "S", "63": "S", "153": "S", "75": "N", "46": "S", "84": "N", "109": "S", "82": "S", "171": "E", "111": "N", "50": "N", "167": "S", "92": "W", "21": "S", "53": "S", "160": "W", "62": "N", "58": "N"}, {"50": "N", "47": "E", "68": "E", "119": "E", "78": "W", "139": "W", "123": "S", "142": "W", "76": "N", "15": "E", "143": "E", "24": "E", "4": "N", "110": "E", "79": "W", "95": "S", "67": "N", "51": "E", "34": "W", "129": "N", "53": "S", "153": "S", "113": "N", "75": "E", "118": "S", "58": "N", "174": "S", "146": "E", "63": "S", "21": "S", "3": "N", "2": "S", "171": "E", "55": "E", "156": "S", "0": "W", "93": "W", "173": "E", "46": "S", "84": "N", "17": "E", "121": "W", "82": "S", "167": "W", "48": "W"}, {"53": "S", "39": "E", "125": "E", "146": "S", "36": "W", "97": "W", "150": "S", "4": "E", "164": "S", "174": "S", "123": "W", "82": "S", "139": "N", "142": "N", "108": "S", "3": "N", "58": "N", "55": "N", "119": "S", "91": "W", "0": "N", "110": "E", "21": "S", "114": "S", "46": "S", "48": "S", "101": "W", "78": "N", "92": "W", "121": "N", "84": "N", "153": "S", "167": "W", "59": "E", "38": "E", "124": "N", "85": "S", "79": "W", "160": "W", "171": "E", "143": "E"}, {"150": "E", "91": "W", "121": "N", "4": "E", "55": "N", "173": "N", "167": "S", "75": "E", "174": "S", "110": "S", "46": "S", "0": "N", "143": "S", "114": "S", "142": "N", "101": "W", "128": "S", "139": "N", "153": "S", "58": "N", "175": "W", "164": "S", "21": "E", "171": "S", "82": "S", "39": "E", "79": "N"}, {"82": "S", "0": "E", "142": "E", "122": "S", "153": "S", "164": "S", "101": "E", "55": "N", "96": "S", "121": "E", "2": "W", "143": "S", "21": "S", "171": "S", "154": "E", "9": "E", "118": "N", "120": "W", "18": "W", "11": "W", "30": "E", "114": "S", "123": "S", "39": "E", "167": "S", "95": "S", "139": "E", "91": "W", "87": "S", "175": "E", "110": "S", "75": "E", "79": "N", "172": "W", "85": "S", "58": "N", "4": "E", "69": "S", "67": "N", "37": "W", "174": "S", "155": "E", "116": "S", "176": "E", "74": "E", "150": "S", "46": "S", "51": "W"}, {"47": "S", "4": "E", "141": "S", "39": "E", "146": "S", "144": "S", "101": "E", "143": "E", "20": "S", "148": "E", "139": "E", "38": "E", "82": "S", "46": "S", "93": "W", "132": "E", "172": "S", "142": "N", "167": "S", "68": "E", "40": "N", "28": "W", "164": "W", "173": "N", "91": "W", "8": "N", "55": "N", "153": "S", "79": "N", "150": "S", "155": "S", "37": "N", "110": "S", "128": "W", "160": "W", "174": "S", "121": "N", "104": "E", "0": "N", "85": "S", "48": "S", "171": "E", "2": "S", "67": "W", "175": "N"}, {"8": "E", "124": "N", "67": "W", "119": "S", "82": "S", "93": "N", "160": "W", "101": "S", "0": "N", "142": "N", "2": "S", "55": "N", "121": "N", "95": "S", "155": "S", "175": "N", "171": "S", "110": "S", "143": "S", "167": "S", "17": "E", "172": "S", "113": "W", "46": "S", "79": "E", "39": "E", "139": "E", "163": "S", "150": "S", "91": "W"}, {"17": "W", "51": "N", "132": "S", "69": "E", "67": "N", "144": "S", "59": "W", "55": "N", "92": "N", "176": "E", "91": "W", "122": "W", "115": "W", "52": "E", "63": "S", "102": "W", "71": "N", "172": "E", "121": "N", "70": "E", "46": "S", "15": "W", "160": "W", "101": "N", "110": "S", "38": "E", "171": "S", "8": "N", "7": "S", "165": "S", "124": "W", "39": "E", "163": "E", "142": "E", "155": "W", "150": "S", "143": "S", "175": "N", "2": "S", "82": "S", "9": "N", "40": "S", "173": "E", "123": "W", "21": "W", "146": "W"}, {"51": "E", "30": "N", "100": "E", "39": "E", "105": "W", "87": "S", "79": "E", "8": "N", "2": "S", "34": "W", "142": "N", "171": "S", "122": "W", "82": "S", "59": "N", "121": "N", "172": "S", "173": "N", "101": "W", "155": "W", "70": "N", "175": "N", "160": "N", "18": "S", "77": "W", "41": "N", "74": "N", "128": "S", "91": "W", "67": "W", "176": "E", "92": "W", "15": "W", "178": "E", "46": "E", "52": "S", "75": "E", "118": "S", "80": "W", "167": "S", "141": "E", "165": "W", "55": "N"}, {"101": "W", "82": "S", "167": "S", "39": "E", "8": "N", "173": "N", "160": "W", "74": "N", "51": "E", "75": "E", "100": "E", "141": "E", "35": "N", "46": "E", "59": "N", "11": "N", "2": "S", "72": "W", "80": "N", "67": "W", "52": "S", "171": "S", "26": "W", "176": "E", "91": "W", "18": "S", "79": "N", "121": "N", "172": "S"}, {"79": "N", "92": "W", "141": "E", "178": "E", "15": "E", "46": "S", "4": "N", "113": "S", "142": "W", "176": "W", "74": "W", "7": "E", "133": "E", "39": "E", "167": "W", "91": "W", "174": "W", "21": "S", "82": "E", "108": "W", "67": "W", "139": "N", "125": "W", "40": "W", "2": "S", "59": "E", "171": "S", "70": "E", "101": "S", "75": "E", "68": "W", "164": "W", "121": "N", "52": "E", "144": "S", "8": "N", "172": "S", "20": "S", "63": "W", "80": "E", "123": "E", "41": "N", "115": "W", "93": "N", "100": "E", "143": "W", "160": "N", "38": "W", "124": "N"}, {"163": "E", "142": "N", "128": "S", "11": "N", "178": "N", "122": "N", "100": "E", "35": "E", "172": "S", "110": "W", "79": "N", "30": "N", "176": "N", "59": "E", "76": "N", "80": "E", "15": "E", "91": "W", "21": "E", "125": "N", "8": "N", "141": "E", "102": "W", "164": "S", "93": "E", "22": "S", "120": "E", "28": "N", "97": "N", "121": "N", "37": "N", "150": "S", "75": "E", "144": "W", "124": "N", "174": "S", "38": "N", "70": "N", "39": "E", "146": "W", "82": "S", "40": "W", "95": "S", "4": "N", "171": "S", "67": "W", "63": "S", "17": "E", "18": "N", "167": "W"}, {"63": "S", "22": "S", "91": "W", "18": "E", "39": "E", "4": "E", "75": "N", "110": "S", "51": "S", "7": "N", "41": "E", "172": "S", "141": "E", "167": "S", "82": "S", "37": "E", "144": "S", "28": "E", "174": "S", "125": "N", "122": "N", "38": "N", "121": "N", "93": "N", "171": "E", "142": "W", "163": "E", "148": "N", "164": "S", "112": "N", "30": "W", "100": "E", "67": "W", "40": "N", "150": "S", "11": "W", "139": "N", "8": "N", "124": "E"}, {"110": "S", "124": "N", "22": "W", "141": "E", "11": "W", "47": "W", "121": "E", "171": "S", "100": "E", "91": "W", "174": "E", "139": "N", "104": "E", "113": "W", "38": "E", "75": "N", "51": "S", "167": "S", "142": "N", "93": "N", "68": "W", "160": "N", "8": "N", "63": "E", "37": "N", "163": "E", "40": "W", "82": "S", "122": "E", "150": "S", "39": "E", "173": "W", "4": "E"}, {"139": "E", "38": "E", "171": "S", "4": "E", "51": "W", "163": "E", "142": "N", "123": "S", "39": "N", "110": "S", "22": "S", "37": "N", "141": "E", "122": "N", "144": "S", "82": "S", "8": "N", "80": "E", "100": "E", "91": "W", "124": "N", "40": "W", "174": "S", "21": "S", "68": "N", "150": "S", "160": "N", "93": "N", "121": "N", "63": "E"}, {"67": "W", "174": "S", "160": "N", "120": "W", "41": "S", "28": "W", "116": "N", "133": "E", "176": "E", "132": "E", "143": "E", "63": "E", "93": "E", "164": "E", "71": "E", "141": "N", "91": "W", "68": "N", "17": "E", "122": "N", "163": "E", "4": "W", "38": "E", "124": "N", "37": "N", "113": "W", "121": "N", "80": "E", "87": "S", "117": "S", "69": "W", "48": "W", "39": "N", "40": "W", "22": "S", "59": "E", "144": "S", "125": "W", "21": "S", "171": "S", "139": "N"}, {"40": "S", "39": "N", "36": "W", "8": "N", "22": "S", "163": "E", "34": "W", "82": "S", "67": "N", "77": "S", "91": "S", "124": "N", "93": "N", "4": "S", "38": "E", "80": "E", "115": "S", "164": "S", "87": "W", "174": "S", "122": "N", "68": "N", "171": "S", "160": "N", "132": "E", "17": "E", "63": "S", "144": "S", "121": "N", "69": "W", "48": "S", "143": "E", "76": "E", "139": "N", "52": "S"}, {"121": "N", "171": "S", "93": "N", "122": "N", "97": "N", "68": "N", "67": "N", "124": "E", "69": "W", "4": "S", "82": "S", "38": "E", "48": "S", "80": "E", "160": "N", "40": "S", "91": "S", "163": "N", "8": "N", "63": "S", "34": "W", "39": "N", "144": "S", "22": "W", "178": "N", "139": "E"}, {"141": "W", "68": "N", "35": "S", "165": "W", "118": "S", "39": "N", "123": "N", "142": "W", "164": "W", "176": "W", "67": "N", "51": "W", "139": "N", "144": "S", "12": "W", "115": "S", "77": "E", "108": "W", "87": "E", "26": "S", "82": "S", "121": "N", "133": "N", "22": "S", "34": "W", "116": "N", "40": "W", "38": "E", "28": "E", "97": "S", "93": "N", "91": "S", "63": "S", "163": "N", "160": "N", "80": "E", "4": "E"}, {"160": "N", "9": "W", "21": "S", "77": "S", "40": "S", "92": "W", "141": "N", "121": "N", "12": "W", "74": "W", "87": "S", "102": "N", "165": "S", "52": "S", "4": "S", "67": "W", "93": "N", "97": "E", "96": "S", "163": "E", "63": "S", "123": "W", "149": "E", "155": "S", "128": "S", "80": "E", "148": "E", "38": "E", "34": "W", "68": "N", "82": "S", "139": "N"}, {"150": "S", "108": "S", "80": "N", "133": "N", "12": "N", "97": "E", "163": "E", "38": "E", "68": "N", "93": "N", "149": "N", "176": "N", "87": "S", "132": "E", "52": "W", "82": "S", "77": "S", "4": "S", "34": "W", "160": "N", "165": "S", "21": "S", "104": "N", "63": "S", "40": "S"}, {"34": "W", "142": "E", "38": "E", "175": "W", "74": "N", "120": "S", "4": "S", "35": "E", "48": "N", "71": "E", "116": "N", "68": "N", "118": "S", "12": "N", "108": "E", "17": "N", "1": "E", "63": "S", "102": "W", "178": "N", "141": "E", "80": "N", "51": "S", "47": "S", "40": "E", "52": "S", "163": "S", "77": "S", "82": "S", "164": "E", "123": "N", "148": "E", "143": "W", "150": "N", "104": "E", "28": "W", "21": "S", "97": "W", "110": "W"}, {"38": "E", "143": "W", "125": "N", "116": "W", "12": "E", "34": "W", "148": "N", "63": "S", "82": "S", "173": "W", "104": "N", "74": "W", "52": "W", "40": "E", "70": "W", "113": "W", "175": "N", "117": "W", "133": "W", "77": "S", "103": "W", "71": "N", "92": "E", "118": "E", "102": "W", "80": "E", "21": "S", "1": "E", "68": "N", "17": "E", "161": "W", "120": "E"}, {"52": "W", "176": "N", "148": "N", "34": "W", "142": "N", "154": "N", "103": "W", "74": "N", "40": "S", "116": "N", "104": "N", "1": "E", "76": "N", "21": "E", "71": "N", "80": "N", "118": "S", "68": "N", "17": "N", "165": "E", "38": "N", "105": "S", "24": "S", "77": "S", "120": "E"}, {"103": "W", "105": "E", "47": "W", "74": "W", "120": "E", "104": "W", "68": "N", "165": "E", "52": "W", "40": "E", "21": "S", "77": "S", "1": "E", "80": "N", "148": "W", "116": "N", "38": "N", "17": "E", "176": "E", "118": "S"}, {"59": "E", "142": "S", "52": "W", "125": "W", "21": "S", "35": "N", "20": "S", "116": "N", "102": "E", "12": "N", "97": "N", "154": "W", "165": "S", "108": "W", "133": "E", "40": "S", "149": "N", "17": "E", "101": "N", "148": "N", "141": "W", "74": "W", "143": "E", "36": "S", "80": "N", "95": "S", "120": "E", "34": "W", "1": "E", "176": "N", "105": "E", "51": "W"}, {"132": "E", "74": "W", "52": "W", "101": "W", "142": "E", "112": "E", "70": "W", "164": "S", "120": "E", "40": "E", "148": "W", "18": "E", "155": "W", "80": "N", "133": "N", "34": "W", "108": "S", "51": "S", "116": "N", "110": "S", "102": "S", "175": "N", "35": "E", "150": "W", "59": "E", "17": "E"}, {"95": "S", "51": "S", "35": "N", "40": "E", "125": "N", "80": "N", "59": "E", "110": "S", "120": "E", "74": "W", "101": "W", "52": "W", "148": "N", "17": "E", "164": "S", "132": "S", "34": "N", "28": "S", "87": "W", "175": "E", "115": "S", "150": "W", "161": "W", "116": "W"}, {"164": "S", "125": "N", "77": "S", "52": "W", "143": "S", "148": "N", "95": "S", "59": "E", "110": "E", "80": "N", "51": "E", "17": "E", "69": "W", "142": "E", "120": "E", "161": "S", "175": "N", "133": "N", "150": "S", "132": "E", "28": "S", "101": "W", "74": "W"}, {"74": "W", "120": "E", "77": "S", "132": "E", "148": "N", "161": "S", "101": "W", "125": "E", "28": "E", "52": "W", "103": "W", "59": "N", "175": "N", "150": "S", "17": "E", "95": "S", "142": "N", "51": "E"}, {"40": "W", "74": "N", "17": "E", "123": "W", "77": "S", "1": "N", "155": "S", "132": "S", "51": "S", "154": "E", "59": "N", "120": "E", "125": "E", "103": "W", "20": "E", "113": "E", "148": "N", "101": "W", "31": "E", "142": "N", "112": "E", "165": "W", "52": "S", "92": "W", "150": "E", "12": "E"}, {"165": "S", "52": "S", "48": "S", "70": "N", "148": "N", "1": "E", "110": "S", "12": "E", "20": "S", "141": "W", "101": "W", "155": "W", "125": "N", "103": "S", "112": "N", "143": "W", "59": "N", "120": "N", "74": "N", "18": "E", "40": "S", "69": "W", "51": "S", "17": "N", "142": "W"}, {"125": "E", "1": "E", "173": "N", "123": "W", "40": "S", "71": "W", "120": "N", "142": "N", "31": "E", "26": "E", "17": "N", "133": "W", "70": "N", "103": "W", "155": "W", "149": "N", "18": "E", "74": "N", "148": "W", "141": "W", "52": "S", "20": "S", "165": "S", "59": "E"}, {"112": "N", "74": "N", "155": "W", "110": "S", "97": "W", "173": "N", "120": "E", "70": "N", "40": "E", "1": "E", "148": "N", "59": "E", "52": "W", "103": "W", "125": "E", "117": "N", "51": "S", "17": "E", "141": "N", "142": "N", "178": "W", "18": "E"}, {"34": "N", "59": "E", "69": "W", "1": "E", "141": "N", "40": "S", "74": "W", "101": "W", "120": "E", "148": "N", "155": "W", "70": "N", "52": "W", "18": "N", "103": "W", "115": "E", "125": "E"}, {"26": "E", "110": "E", "113": "W", "7": "N", "120": "E", "1": "E", "148": "N", "102": "N", "35": "E", "59": "N", "18": "E", "40": "S", "48": "N", "31": "S", "141": "N", "74": "N", "154": "N", "70": "N", "115": "E", "101": "W", "112": "N", "69": "W", "52": "W", "123": "W", "178": "E", "173": "E", "155": "W", "97": "E", "103": "W"}, {"154": "N", "18": "N", "59": "N", "102": "W", "120": "E", "52": "S", "173": "E", "74": "N", "41": "N", "103": "W", "176": "N", "149": "W", "35": "N", "40": "S", "31": "E", "178": "N", "26": "E", "112": "N", "161": "S", "123": "W", "148": "N", "132": "W", "70": "W", "143": "W", "69": "W", "9": "W", "71": "W", "76": "W", "1": "E", "155": "S"}, {"59": "N", "120": "N", "161": "E", "52": "S", "40": "S", "15": "E", "123": "W", "105": "N", "108": "E", "26": "S", "69": "W", "31": "E", "48": "E", "70": "N", "74": "N", "1": "S", "178": "N", "97": "N", "112": "W", "35": "N", "102": "N", "18": "E", "173": "N", "103": "W", "71": "N"}, {"132": "S", "70": "N", "143": "S", "71": "N", "1": "E", "69": "N", "112": "W", "178": "W", "120": "E", "52": "S", "40": "S", "31": "E", "48": "E", "20": "W", "123": "W", "102": "W", "103": "W", "59": "N", "108": "S", "15": "S", "18": "E", "12": "E", "26": "E", "74": "N", "173": "N", "105": "N"}, {"149": "N", "70": "N", "133": "W", "52": "S", "178": "N", "71": "N", "102": "W", "69": "W", "103": "S", "74": "N", "112": "W", "12": "E", "31": "E", "173": "N", "123": "W", "18": "E", "40": "S", "1": "S", "20": "S", "120": "N", "59": "N"}, {"41": "E", "178": "N", "165": "E", "120": "N", "112": "W", "70": "N", "133": "N", "71": "N", "52": "S", "74": "N", "173": "W", "20": "S", "102": "W", "72": "N", "103": "W", "69": "W", "31": "E", "26": "S", "123": "S", "18": "E"}, {"123": "S", "18": "E", "70": "N", "20": "S", "26": "S", "72": "N", "133": "N", "103": "S", "102": "W", "112": "N", "69": "W", "120": "N", "71": "N", "178": "W", "52": "S"}, {"178": "N", "161": "E", "7": "N", "12": "W", "120": "N", "102": "W", "173": "N", "20": "E", "103": "S", "47": "W", "77": "N", "70": "N", "26": "S", "18": "E", "133": "N", "123": "S", "69": "W", "92": "E", "34": "W", "176": "S", "36": "W", "52": "S", "154": "W", "72": "W", "112": "N", "71": "N"}, {"101": "S", "133": "N", "35": "W", "77": "N", "102": "W", "105": "W", "120": "N", "123": "W", "132": "S", "143": "S", "154": "W", "103": "S", "12": "N", "18": "E", "112": "N", "26": "S", "71": "W", "178": "N", "72": "N", "176": "E", "34": "N", "20": "S", "7": "N"}, {"20": "S", "26": "S", "103": "S", "15": "W", "77": "E", "72": "N", "18": "S", "133": "N", "143": "E", "71": "N", "120": "N", "173": "W", "112": "N", "123": "S", "34": "N", "176": "E"}, {"143": "E", "173": "N", "133": "N", "120": "N", "26": "W", "18": "S", "103": "S", "112": "N", "176": "N", "123": "S"}, {"24": "S", "117": "E", "36": "E", "133": "N", "112": "N", "120": "N", "26": "S", "102": "S", "123": "S", "176": "W", "34": "S", "173": "N", "154": "E", "12": "W", "143": "S", "105": "E", "8": "W"}, {"123": "W", "69": "N", "12": "N", "105": "N", "133": "N", "92": "E", "165": "W", "28": "E", "120": "E", "173": "N", "26": "S", "96": "E", "34": "W", "8": "N", "36": "S", "72": "E", "112": "N"}, {"133": "N", "173": "N", "69": "W", "28": "E", "34": "W", "113": "N", "12": "N", "123": "S", "36": "S", "8": "N", "26": "S"}, {"36": "W", "173": "N", "24": "W", "26": "W", "113": "N", "9": "N", "161": "N", "123": "S", "34": "N", "110": "N", "69": "N", "47": "N", "51": "W", "8": "E", "108": "N", "133": "N", "28": "S", "117": "N", "77": "W"}, {"26": "S", "34": "N", "24": "S", "7": "W", "161": "W", "102": "W", "113": "N", "36": "W", "108": "W", "9": "W", "115": "E", "28": "S", "132": "E", "173": "W", "69": "W", "105": "N", "51": "S"}, {"102": "W", "24": "S", "36": "W", "154": "E", "9": "W", "161": "W", "69": "W", "34": "E", "97": "N", "108": "W", "92": "S", "28": "S", "15": "S", "72": "E"}, {"24": "S", "15": "S", "28": "S", "92": "S", "102": "S", "12": "E", "36": "W", "117": "E", "69": "N", "34": "N"}, {"24": "S", "102": "S", "15": "S", "34": "E", "117": "E"}, {"165": "S", "143": "N", "176": "E", "117": "N", "102": "S", "9": "E", "35": "E", "97": "N", "15": "S", "34": "N", "141": "W"}, {"47": "W", "34": "N", "76": "S", "15": "S", "9": "E", "115": "S", "102": "S", "117": "N", "141": "N", "143": "E"}, {"41": "E", "102": "S", "143": "E", "76": "W", "35": "N", "15": "S", "161": "E", "34": "N", "117": "N", "9": "N"}, {"143": "S", "34": "N", "102": "S", "117": "N"}, {"51": "N", "105": "N", "102": "W", "115": "N", "77": "N", "161": "W", "117": "N", "34": "N", "143": "S", "176": "N"}, {"97": "N", "102": "W", "34": "N", "47": "W", "51": "E", "117": "N", "105": "N", "76": "W"}, {"143": "N", "165": "N", "7": "W", "35": "S", "102": "S", "141": "N", "117": "W", "161": "W", "105": "S", "9": "E", "97": "W", "76": "E", "34": "N"}, {"47": "S", "41": "E", "102": "S", "9": "N", "35": "W", "117": "W", "72": "S", "97": "N", "7": "W", "115": "W"}, {"77": "E", "7": "N", "12": "E", "48": "S", "176": "N", "47": "W", "97": "N", "102": "S"}, {"102": "S", "105": "E", "7": "N", "132": "S", "141": "N", "108": "W", "143": "S", "165": "E", "35": "E", "41": "E", "161": "W", "97": "N", "77": "E", "47": "W"}, {"141": "E", "35": "N", "110": "W", "108": "S", "47": "W", "154": "E", "76": "E", "102": "S", "97": "N", "77": "S", "7": "N", "41": "S"}, {"77": "S", "47": "W", "7": "N", "141": "E", "102": "S", "12": "E", "97": "W", "154": "N", "41": "E"}, {"141": "E", "102": "S", "41": "E", "12": "E", "7": "W", "47": "W", "154": "N", "77": "S", "161": "S"}, {"141": "N", "41": "E", "154": "N", "77": "S", "47": "S", "102": "S", "12": "N", "7": "N"}, {"141": "N", "47": "S", "154": "N", "102": "W", "41": "E", "77": "S", "12": "N", "7": "N", "110": "W"}, {"77": "W", "41": "E", "154": "N", "12": "N", "102": "S", "7": "N", "141": "N"}, {"141": "E", "7": "N", "41": "E", "12": "N", "154": "N"}, {"115": "N", "165": "W", "76": "E", "154": "N", "12": "N", "141": "N", "35": "N", "41": "E", "143": "N", "9": "W"}, {"9": "W", "154": "N", "176": "E", "141": "N", "48": "S", "143": "W", "76": "N", "41": "S", "12": "N"}, {"141": "N", "9": "W", "154": "N", "165": "S", "12": "N", "176": "N", "51": "S", "105": "E"}, {"9": "W", "12": "N", "141": "N", "72": "W", "154": "N", "165": "S", "176": "N", "51": "S"}, {"154": "E", "165": "E", "161": "S", "176": "N", "141": "E", "9": "W", "12": "N"}, {"12": "N", "161": "S", "176": "N", "154": "N", "165": "S", "141": "N", "51": "S", "9": "W"}, {"154": "N", "176": "N", "141": "N", "165": "S", "161": "S", "9": "W", "12": "E"}, {"161": "S", "141": "N", "154": "W", "12": "N", "9": "W", "176": "N"}, {"9": "N", "161": "S", "141": "N", "12": "N", "176": "W", "154": "W"}, {"176": "N", "161": "E", "12": "W", "9": "N", "141": "N", "154": "W"}, {"9": "N", "161": "S", "154": "N", "141": "N", "176": "N"}, {"141": "N", "176": "N", "161": "S", "154": "N", "9": "N"}, {"9": "N", "176": "N", "161": "S", "141": "N"}, {"9": "W", "76": "E", "35": "E", "141": "N", "161": "E", "176": "N", "110": "W"}, {"9": "N", "176": "N", "115": "W", "143": "W", "132": "E", "110": "W"}, {"35": "N", "76": "N", "115": "W", "176": "N", "9": "W", "110": "S", "105": "N"}, {"176": "N", "105": "N", "115": "W", "110": "S", "35": "N", "9": "W", "76": "N"}, {"35": "W", "115": "S", "9": "W", "176": "N", "110": "E", "105": "W", "132": "E"}, {"115": "S", "132": "S", "110": "E", "9": "W", "35": "W", "143": "S", "176": "N", "105": "N"}, {"115": "E", "176": "W", "76": "W", "9": "N", "105": "N", "110": "E", "132": "S"}, {"110": "S", "132": "E", "9": "N", "115": "E", "105": "N", "176": "W", "35": "W", "76": "W"}, {"35": "W", "9": "N", "76": "W", "105": "W", "110": "S", "143": "S", "132": "E", "176": "S"}, {"76": "W", "110": "S", "9": "W", "35": "W", "132": "E", "105": "N"}, {"132": "E", "9": "N", "35": "W", "110": "S"}, {"132": "E", "35": "W", "110": "S"}, {"35": "N", "110": "S", "132": "E"}, {"132": "E", "35": "N", "110": "S"}, {"35": "N"}, {"35": "N", "76": "N", "132": "W"}, {"35": "N", "132": "S", "76": "W"}, {"132": "S", "35": "N", "76": "W"}, {"76": "W", "132": "E", "35": "N"}, {"132": "E", "35": "N", "76": "N"}, {"35": "N", "76": "N", "132": "E"}, {"76": "N", "35": "E", "132": "S"}, {"132": "S", "35": "N", "76": "N"}, {"35": "E", "76": "N", "132": "W"}, {"35": "E", "76": "N"}, {"76": "N", "35": "E"}, {"35": "N", "76": "N"}, {"35": "N", "76": "N"}, {"76": "E"}, {"76": "N", "115": "N"}, {"76": "E", "115": "E"}, {"76": "E", "115": "E"}, {"76": "N", "115": "S"}, {"76": "N", "115": "S"}, {"115": "E"}, {"115": "E", "72": "E"}, {"72": "N", "115": "S", "108": "S"}, {"72": "E", "108": "E"}, {"72": "E", "108": "S"}, {"108": "E", "72": "N"}, {"72": "N", "108": "E"}, {"72": "N"}, {"72": "N"}, {"72": "N"}, {"72": "N"}, {"72": "N"}, {"72": "N"}, {"72": "N"}, {"72": "N"}, {"108": "W"}, {"108": "W"}, {"108": "S"}, {"108": "S"}, {"108": "S"}, {"108": "E"}, {"108": "E"}, {"108": "N"}], "result": "SUCCESS", "makespan": 184, "sum": 4758, "algo_name": "BFS_0"}