{"instance": "small_009_20x20_50_173", "steps": [{"2": "E", "10": "N", "14": "N", "24": "N", "25": "N", "30": "E", "33": "N", "35": "W", "38": "E", "42": "E", "51": "W", "53": "N", "54": "N", "58": "W", "61": "S", "66": "E", "71": "E", "75": "W", "76": "S", "82": "N", "86": "S", "96": "W", "101": "W", "102": "S", "103": "E", "112": "E", "122": "S", "125": "W", "130": "E", "139": "S", "140": "W", "142": "N", "156": "W", "162": "E", "163": "E", "164": "W", "167": "W", "170": "W", "3": "N", "22": "W", "26": "W", "32": "N", "36": "N", "39": "N", "41": "W", "46": "E", "55": "W", "56": "N", "59": "E", "72": "W", "78": "W", "80": "S", "81": "S", "83": "W", "91": "W", "94": "W", "95": "W", "97": "E", "113": "N", "120": "W", "129": "W", "131": "N", "134": "N", "145": "E", "146": "E", "149": "E", "150": "W", "159": "S", "160": "S", "161": "W", "1": "S", "4": "N", "5": "S", "8": "E", "11": "W", "15": "N", "16": "S", "17": "N", "19": "W", "40": "W", "45": "E", "49": "E", "57": "E", "67": "W", "69": "W", "74": "N", "84": "N", "85": "S", "89": "W", "99": "W", "100": "N", "111": "W", "114": "W", "119": "N", "124": "W", "132": "S", "133": "W", "135": "W", "165": "N", "172": "S", "0": "N", "9": "E", "12": "W", "18": "N", "27": "W", "28": "E", "31": "E", "44": "N", "47": "N", "63": "E", "65": "N", "87": "W", "105": "E", "106": "W", "109": "E", "116": "S", "117": "E", "118": "N", "126": "W", "136": "W", "144": "W", "148": "E", "153": "W", "155": "N", "158": "S", "6": "W", "13": "S", "21": "W", "29": "N", "34": "E", "48": "N", "64": "N", "77": "W", "92": "N", "93": "W", "108": "W", "110": "S", "115": "S", "121": "W", "151": "N", "154": "E", "166": "W", "169": "S", "43": "N", "52": "E", "60": "W", "68": "N", "123": "N", "152": "S", "62": "N", "79": "W", "104": "N", "147": "W", "23": "S", "50": "W", "98": "N", "128": "W", "143": "N", "7": "N", "88": "N", "138": "W", "73": "E", "90": "W", "137": "N", "157": "N", "168": "E", "70": "E", "141": "W"}, {"2": "E", "10": "N", "14": "N", "24": "N", "25": "N", "30": "E", "33": "N", "35": "W", "38": "E", "42": "E", "51": "W", "53": "N", "54": "N", "58": "W", "61": "S", "66": "E", "71": "E", "75": "W", "76": "S", "82": "N", "86": "S", "96": "W", "101": "W", "102": "S", "103": "E", "112": "E", "122": "S", "125": "W", "130": "E", "139": "S", "140": "W", "142": "N", "156": "W", "162": "E", "163": "E", "164": "W", "167": "W", "170": "W", "3": "N", "22": "W", "26": "W", "32": "N", "36": "N", "39": "N", "41": "W", "46": "E", "55": "W", "56": "N", "59": "E", "72": "W", "78": "W", "80": "S", "81": "S", "83": "W", "91": "W", "94": "W", "95": "W", "97": "E", "113": "N", "120": "W", "129": "W", "131": "N", "134": "N", "145": "E", "146": "E", "149": "E", "150": "W", "159": "S", "160": "S", "161": "W", "1": "S", "4": "N", "5": "S", "8": "E", "11": "W", "15": "N", "16": "S", "17": "N", "19": "W", "40": "W", "45": "E", "49": "E", "57": "E", "67": "W", "69": "W", "74": "N", "84": "N", "85": "S", "89": "W", "99": "W", "100": "N", "111": "W", "114": "W", "119": "N", "124": "W", "132": "S", "133": "W", "135": "W", "165": "N", "172": "S", "0": "N", "9": "E", "12": "W", "18": "N", "27": "W", "28": "E", "31": "E", "44": "N", "47": "N", "63": "E", "65": "N", "87": "W", "105": "E", "106": "W", "109": "E", "116": "S", "117": "E", "118": "N", "126": "W", "136": "W", "144": "W", "148": "E", "153": "W", "155": "N", "158": "S", "6": "W", "13": "S", "21": "W", "29": "N", "34": "E", "48": "N", "64": "N", "77": "W", "92": "N", "93": "W", "108": "W", "110": "S", "115": "S", "121": "W", "151": "N", "154": "E", "166": "W", "169": "S", "43": "N", "52": "E", "60": "W", "68": "N", "123": "N", "152": "E", "62": "N", "79": "W", "104": "N", "107": "E", "147": "W", "20": "E", "50": "W", "98": "N", "128": "W", "143": "N", "7": "N", "37": "E", "88": "N", "138": "W", "73": "E", "90": "W", "137": "N", "157": "N", "168": "E", "70": "E", "141": "N"}, {"10": "N", "14": "N", "24": "N", "25": "N", "82": "W", "86": "W", "122": "W", "139": "S", "35": "W", "51": "W", "58": "W", "75": "W", "96": "W", "101": "W", "125": "W", "140": "W", "156": "W", "167": "N", "170": "W", "2": "E", "30": "E", "38": "E", "71": "E", "103": "E", "112": "E", "130": "N", "3": "N", "22": "W", "26": "W", "32": "N", "36": "N", "39": "N", "41": "W", "46": "E", "55": "W", "56": "N", "59": "E", "72": "W", "81": "S", "83": "W", "91": "W", "94": "W", "95": "W", "97": "E", "113": "N", "120": "W", "129": "W", "131": "N", "134": "N", "145": "E", "146": "E", "149": "E", "150": "W", "159": "S", "160": "S", "161": "W", "1": "S", "4": "N", "5": "S", "8": "E", "11": "W", "15": "N", "16": "S", "17": "N", "19": "W", "40": "W", "45": "E", "49": "E", "57": "E", "67": "W", "69": "W", "74": "N", "84": "N", "85": "S", "89": "W", "99": "W", "100": "N", "111": "W", "114": "W", "119": "N", "124": "W", "132": "S", "133": "W", "165": "N", "172": "S", "0": "N", "9": "E", "12": "W", "18": "N", "27": "W", "28": "E", "31": "E", "44": "N", "47": "N", "63": "E", "65": "N", "87": "W", "105": "E", "106": "W", "109": "E", "116": "S", "117": "E", "118": "N", "126": "W", "144": "W", "148": "E", "153": "W", "155": "N", "158": "S", "6": "W", "13": "S", "21": "W", "29": "N", "34": "E", "48": "N", "64": "N", "77": "W", "92": "N", "93": "W", "108": "W", "110": "S", "115": "S", "121": "W", "151": "N", "154": "E", "166": "W", "169": "S", "43": "N", "52": "E", "60": "W", "68": "N", "123": "N", "152": "E", "62": "N", "79": "W", "104": "N", "107": "S", "147": "W", "23": "S", "50": "W", "98": "N", "128": "W", "143": "N", "7": "N", "37": "S", "88": "N", "127": "W", "138": "W", "90": "W", "137": "N", "157": "N", "168": "E", "141": "W"}, {"14": "N", "25": "N", "54": "N", "82": "N", "3": "N", "32": "N", "36": "N", "131": "N", "134": "N", "61": "S", "76": "S", "86": "S", "122": "S", "35": "W", "51": "W", "58": "W", "75": "W", "96": "W", "101": "W", "125": "W", "140": "W", "156": "W", "167": "W", "170": "N", "22": "W", "41": "W", "55": "W", "72": "W", "83": "W", "91": "W", "94": "W", "95": "W", "120": "W", "129": "W", "150": "W", "161": "W", "30": "E", "38": "N", "42": "E", "103": "E", "162": "E", "145": "E", "78": "W", "80": "S", "1": "S", "4": "N", "5": "S", "8": "E", "11": "W", "15": "N", "16": "S", "17": "N", "19": "W", "40": "W", "45": "E", "49": "E", "57": "E", "67": "W", "69": "W", "74": "N", "84": "N", "85": "S", "89": "W", "99": "W", "100": "N", "111": "W", "114": "W", "119": "N", "124": "W", "132": "S", "133": "W", "135": "W", "165": "N", "172": "S", "0": "N", "9": "E", "12": "W", "18": "N", "27": "W", "28": "E", "31": "E", "44": "N", "47": "N", "63": "E", "65": "N", "87": "W", "105": "E", "106": "W", "109": "E", "116": "S", "117": "E", "118": "N", "126": "W", "136": "W", "144": "W", "148": "E", "153": "W", "155": "N", "158": "S", "6": "W", "13": "S", "21": "W", "29": "N", "34": "E", "48": "N", "64": "N", "77": "W", "92": "N", "93": "W", "108": "W", "110": "S", "115": "S", "121": "W", "151": "N", "154": "E", "166": "W", "169": "S", "43": "N", "52": "E", "60": "W", "68": "N", "123": "N", "152": "E", "62": "N", "79": "W", "104": "N", "107": "E", "147": "W", "50": "W", "98": "N", "128": "W", "143": "N", "7": "N", "88": "N", "127": "N", "138": "W", "90": "W", "137": "N", "157": "N", "168": "E", "141": "W"}, {"54": "N", "82": "N", "142": "N", "32": "N", "36": "N", "131": "N", "15": "N", "17": "N", "74": "N", "100": "N", "119": "W", "165": "N", "61": "S", "122": "S", "1": "S", "5": "S", "16": "E", "35": "W", "51": "W", "75": "W", "125": "W", "140": "W", "167": "W", "170": "W", "22": "W", "41": "W", "72": "W", "91": "W", "95": "W", "120": "W", "78": "W", "11": "W", "19": "W", "89": "W", "114": "W", "133": "W", "30": "E", "42": "E", "71": "E", "103": "N", "112": "E", "46": "E", "97": "E", "145": "N", "146": "E", "8": "E", "45": "E", "57": "N", "135": "W", "0": "N", "9": "E", "12": "W", "18": "N", "27": "W", "28": "E", "31": "E", "44": "N", "47": "N", "63": "E", "65": "N", "105": "E", "106": "W", "109": "E", "116": "S", "117": "E", "118": "N", "126": "W", "136": "W", "144": "W", "148": "E", "153": "W", "155": "N", "158": "S", "6": "W", "13": "S", "21": "W", "29": "N", "34": "E", "48": "N", "64": "N", "77": "W", "92": "N", "93": "W", "108": "W", "110": "S", "115": "S", "121": "W", "151": "N", "154": "E", "166": "W", "169": "S", "43": "N", "52": "E", "60": "W", "68": "N", "123": "N", "152": "E", "62": "N", "79": "W", "104": "N", "107": "E", "147": "W", "23": "S", "50": "W", "98": "N", "128": "W", "143": "N", "7": "N", "37": "S", "88": "N", "127": "N", "138": "W", "90": "W", "137": "N", "157": "N", "141": "W"}, {"54": "N", "142": "N", "32": "N", "36": "N", "131": "N", "15": "N", "74": "N", "100": "N", "165": "N", "0": "N", "18": "N", "44": "N", "47": "N", "65": "N", "118": "N", "61": "S", "76": "S", "5": "S", "132": "S", "158": "S", "35": "N", "51": "W", "75": "N", "125": "W", "156": "W", "164": "W", "167": "W", "170": "W", "41": "W", "55": "W", "95": "W", "120": "W", "129": "W", "78": "W", "11": "W", "19": "W", "40": "W", "69": "W", "89": "W", "135": "W", "12": "W", "27": "W", "106": "W", "126": "W", "153": "W", "30": "N", "46": "E", "8": "E", "28": "E", "31": "E", "63": "E", "117": "E", "87": "W", "136": "W", "6": "W", "13": "S", "21": "W", "29": "N", "34": "E", "48": "N", "64": "N", "77": "W", "92": "N", "93": "W", "108": "W", "110": "S", "115": "S", "121": "W", "151": "N", "166": "W", "169": "S", "43": "N", "52": "E", "60": "W", "68": "N", "123": "N", "152": "E", "62": "N", "79": "W", "104": "N", "107": "E", "147": "W", "23": "E", "50": "W", "98": "N", "128": "W", "143": "N", "171": "E", "7": "N", "88": "N", "127": "N", "138": "W", "90": "W", "137": "N", "157": "N", "168": "E", "70": "E", "141": "W"}, {"10": "N", "54": "N", "142": "N", "32": "W", "39": "N", "131": "W", "74": "W", "100": "E", "165": "N", "0": "N", "18": "N", "47": "N", "65": "W", "118": "N", "48": "N", "64": "N", "151": "N", "110": "S", "169": "S", "51": "W", "22": "W", "41": "W", "72": "W", "95": "N", "19": "W", "114": "W", "106": "W", "126": "W", "153": "W", "77": "W", "93": "W", "108": "W", "30": "E", "42": "E", "46": "N", "8": "S", "45": "E", "63": "E", "109": "E", "117": "N", "34": "E", "154": "E", "43": "N", "52": "E", "60": "W", "68": "N", "123": "N", "152": "E", "62": "N", "79": "W", "104": "N", "107": "E", "147": "W", "23": "E", "50": "W", "98": "N", "128": "W", "143": "N", "7": "N", "88": "N", "127": "N", "138": "W", "90": "W", "137": "N", "157": "N", "168": "E", "141": "W"}, {"142": "N", "32": "N", "0": "N", "18": "N", "118": "N", "64": "N", "92": "N", "151": "N", "68": "N", "110": "W", "169": "W", "156": "W", "22": "W", "72": "S", "129": "W", "69": "W", "89": "W", "114": "W", "12": "W", "126": "N", "108": "W", "121": "W", "166": "W", "28": "E", "31": "E", "152": "E", "79": "W", "104": "N", "107": "E", "147": "W", "23": "E", "50": "W", "98": "N", "128": "W", "143": "N", "7": "N", "37": "S", "88": "N", "127": "N", "138": "W", "90": "W", "137": "N", "157": "N", "168": "E", "141": "W"}, {"10": "N", "142": "N", "32": "N", "39": "N", "0": "N", "18": "N", "118": "N", "64": "N", "92": "N", "151": "N", "68": "N", "123": "N", "104": "N", "156": "W", "22": "N", "129": "W", "69": "W", "89": "W", "12": "W", "153": "W", "93": "W", "108": "W", "121": "W", "166": "W", "79": "W", "147": "W", "28": "E", "31": "E", "152": "E", "62": "N", "107": "E", "20": "E", "23": "E", "50": "W", "98": "N", "128": "W", "143": "N", "7": "N", "37": "E", "88": "N", "127": "N", "138": "W", "73": "E", "90": "W", "137": "N", "157": "N", "168": "E", "141": "W"}, {"0": "W", "118": "N", "92": "N", "151": "N", "143": "N", "156": "W", "129": "W", "69": "W", "89": "N", "114": "W", "153": "W", "93": "W", "108": "W", "121": "W", "147": "W", "128": "W", "28": "S", "31": "N", "152": "E", "107": "E", "20": "S", "23": "E", "171": "S", "7": "N", "37": "E", "88": "N", "127": "N", "138": "W", "90": "W", "137": "N", "157": "N", "168": "E", "141": "W"}, {"142": "N", "18": "N", "118": "N", "64": "N", "92": "W", "151": "N", "68": "N", "104": "N", "98": "N", "143": "N", "7": "N", "88": "N", "114": "W", "12": "W", "153": "N", "93": "W", "108": "N", "166": "W", "79": "W", "50": "W", "152": "E", "107": "E", "20": "E", "23": "E", "37": "E", "127": "N", "90": "W", "137": "N", "157": "N", "168": "E", "70": "E", "141": "W"}, {"118": "W", "143": "N", "7": "N", "88": "N", "157": "N", "156": "W", "129": "W", "69": "W", "114": "N", "12": "W", "93": "N", "121": "W", "166": "W", "79": "W", "147": "W", "50": "W", "128": "W", "138": "W", "90": "W", "152": "E", "107": "E", "23": "E", "20": "E", "171": "S", "37": "E", "127": "N", "168": "E", "70": "S", "141": "W"}, {"151": "N", "143": "N", "7": "N", "88": "N", "157": "N", "127": "N", "12": "N", "152": "N", "107": "N", "23": "E", "168": "E", "20": "E", "171": "E", "37": "E"}, {"151": "N", "143": "W", "7": "N", "127": "N", "166": "W", "79": "W", "50": "W", "90": "W", "23": "E", "168": "E", "20": "E", "171": "E", "37": "E", "70": "S"}, {"151": "W", "7": "W", "88": "N", "157": "N", "127": "N", "166": "W", "79": "W", "50": "W", "90": "W", "23": "S", "37": "E", "20": "E", "171": "E", "73": "E", "70": "E"}, {"88": "N", "157": "N", "127": "N", "166": "N", "168": "E", "37": "E", "20": "E", "171": "E", "73": "S", "70": "E"}, {"88": "N", "157": "N", "127": "N", "79": "W", "50": "W", "90": "W", "168": "E", "37": "E", "20": "E", "171": "E", "73": "E", "70": "E"}, {"88": "N", "157": "N", "127": "W", "79": "W", "50": "W", "90": "W", "168": "E", "37": "E", "20": "E", "171": "E", "73": "E", "70": "E"}, {"88": "E", "79": "N", "168": "S", "37": "N", "20": "E", "171": "E", "73": "E", "70": "E"}, {"157": "N", "50": "W", "90": "W", "20": "E", "171": "E", "73": "E", "70": "E"}, {"157": "N", "50": "W", "90": "W", "20": "S", "171": "E", "70": "E", "73": "E"}, {"157": "W", "50": "N", "171": "E", "70": "E", "73": "E"}, {"90": "W", "171": "E", "70": "E", "73": "E"}, {"90": "S", "171": "E", "70": "E", "73": "E"}, {"171": "N", "70": "E", "73": "E"}, {"70": "E", "73": "E"}, {"70": "S", "73": "E"}, {"73": "E"}, {"73": "E"}, {"73": "N"}, {"144": "E"}, {"144": "E"}, {"144": "E"}, {"144": "E"}, {"144": "E"}, {"144": "E"}, {"144": "N"}, {"144": "N"}, {"144": "N"}, {"144": "N"}, {"144": "N"}, {"144": "N"}, {"144": "E"}, {"144": "E"}, {"144": "E"}, {"144": "E"}, {"144": "E"}, {"144": "E"}, {"144": "E"}, {"144": "N"}, {"144": "N"}, {"144": "N"}, {"144": "N"}, {"144": "N"}, {"144": "N"}, {"144": "N"}, {"144": "E"}, {"144": "E"}, {"144": "E"}, {"144": "E"}, {"144": "E"}, {"144": "E"}, {"144": "E"}, {"144": "N"}, {"144": "N"}, {"144": "N"}, {"145": "N"}, {"145": "N"}, {"145": "W"}, {"145": "W"}, {"145": "W"}, {"145": "N"}, {"145": "N"}, {"145": "N"}, {"145": "N"}, {"145": "N"}, {"145": "N"}, {"145": "N"}, {"95": "S"}, {"95": "E"}, {"95": "E"}, {"95": "E"}, {"95": "E"}, {"95": "E"}, {"95": "E"}, {"95": "E"}, {"95": "E"}, {"95": "E"}, {"95": "E"}, {"95": "E"}, {"95": "E"}, {"95": "E"}, {"95": "E"}, {"95": "E"}, {"95": "E"}, {"95": "N"}, {"95": "N"}, {"95": "N"}, {"95": "N"}, {"95": "N"}, {"95": "N"}, {"95": "E"}, {"95": "E"}, {"95": "E"}, {"95": "E"}, {"95": "E"}, {"95": "E"}, {"95": "E"}, {"95": "N"}, {"95": "N"}, {"124": "E"}, {"124": "E"}, {"124": "E"}, {"124": "E"}, {"124": "E"}, {"124": "E"}, {"124": "N"}, {"124": "N"}, {"124": "N"}, {"124": "N"}, {"124": "N"}, {"124": "N"}, {"124": "N"}, {"124": "E"}, {"124": "E"}, {"124": "E"}, {"124": "E"}, {"124": "E"}, {"124": "E"}, {"124": "E"}, {"124": "N"}, {"124": "N"}, {"124": "N"}, {"124": "N"}, {"124": "N"}, {"124": "N"}, {"124": "N"}, {"124": "E"}, {"124": "E"}, {"124": "E"}, {"124": "E"}, {"124": "E"}, {"124": "E"}, {"124": "N"}, {"124": "N"}, {"64": "E"}, {"64": "E"}, {"64": "E"}, {"64": "E"}, {"64": "E"}, {"64": "S"}, {"64": "S"}, {"64": "S"}, {"64": "S"}, {"64": "S"}, {"64": "S"}, {"64": "S"}, {"64": "S"}, {"64": "E"}, {"64": "E"}, {"64": "S"}, {"64": "S"}, {"169": "E"}, {"169": "N"}, {"169": "N"}, {"169": "E"}, {"169": "E"}, {"169": "N"}, {"169": "N"}, {"169": "N"}, {"169": "N"}, {"169": "N"}, {"169": "N"}, {"169": "N"}, {"169": "N"}, {"169": "W"}, {"169": "N"}, {"169": "N"}, {"169": "N"}, {"169": "N"}, {"169": "N"}, {"169": "N"}, {"169": "N"}, {"169": "N"}, {"169": "N"}, {"169": "E"}, {"169": "E"}, {"169": "E"}, {"169": "E"}, {"169": "E"}, {"169": "N"}, {"169": "N"}, {"102": "E"}, {"102": "N"}, {"102": "E"}, {"102": "E"}, {"102": "E"}, {"102": "E"}, {"102": "E"}, {"102": "E"}, {"102": "N"}, {"102": "N"}, {"102": "N"}, {"102": "N"}, {"102": "N"}, {"102": "N"}, {"102": "N"}, {"102": "N"}, {"102": "N"}, {"102": "N"}, {"102": "N"}, {"102": "N"}, {"102": "N"}, {"102": "N"}, {"102": "N"}, {"102": "N"}, {"102": "N"}, {"102": "W"}, {"87": "E"}, {"87": "E"}, {"87": "E"}, {"87": "E"}, {"87": "E"}, {"87": "E"}, {"87": "E"}, {"87": "N"}, {"87": "N"}, {"87": "N"}, {"87": "N"}, {"87": "E"}, {"87": "E"}, {"87": "E"}, {"87": "E"}, {"87": "E"}, {"87": "E"}, {"87": "E"}, {"87": "E"}, {"87": "E"}, {"87": "E"}, {"87": "S"}, {"87": "E"}, {"87": "E"}, {"87": "S"}, {"87": "S"}, {"87": "S"}, {"87": "E"}, {"79": "N"}, {"79": "E"}, {"79": "N"}, {"79": "E"}, {"79": "E"}, {"79": "E"}, {"79": "E"}, {"79": "E"}, {"79": "E"}, {"79": "E"}, {"79": "E"}, {"79": "E"}, {"79": "E"}, {"79": "E"}, {"79": "E"}, {"79": "E"}, {"79": "N"}, {"79": "N"}, {"79": "N"}, {"79": "N"}, {"79": "N"}, {"79": "E"}, {"79": "E"}, {"79": "E"}, {"79": "E"}, {"79": "E"}, {"79": "E"}, {"79": "E"}, {"79": "E"}, {"79": "E"}, {"79": "E"}, {"79": "N"}, {"33": "E"}, {"33": "S"}, {"33": "E"}, {"33": "E"}, {"33": "E"}, {"33": "E"}, {"33": "E"}, {"33": "E"}, {"33": "E"}, {"33": "S"}, {"33": "S"}, {"33": "E"}, {"33": "S"}, {"33": "E"}, {"33": "S"}, {"33": "S"}, {"33": "S"}, {"93": "W"}, {"93": "N"}, {"93": "N"}, {"93": "E"}, {"93": "E"}, {"93": "E"}, {"93": "E"}, {"93": "E"}, {"93": "E"}, {"93": "E"}, {"93": "E"}, {"93": "E"}, {"93": "E"}, {"93": "E"}, {"93": "E"}, {"93": "N"}, {"93": "N"}, {"93": "E"}, {"93": "E"}, {"93": "E"}, {"93": "E"}, {"93": "E"}, {"93": "E"}, {"93": "E"}, {"93": "E"}, {"93": "E"}, {"93": "N"}, {"80": "E"}, {"80": "N"}, {"80": "E"}, {"80": "E"}, {"80": "E"}, {"80": "E"}, {"80": "E"}, {"80": "E"}, {"80": "E"}, {"80": "E"}, {"80": "E"}, {"80": "E"}, {"80": "E"}, {"80": "E"}, {"80": "E"}, {"80": "E"}, {"80": "E"}, {"80": "N"}, {"80": "N"}, {"80": "N"}, {"80": "N"}, {"80": "N"}, {"80": "N"}, {"80": "N"}, {"80": "N"}, {"80": "N"}, {"80": "N"}, {"80": "N"}, {"80": "N"}, {"80": "N"}, {"80": "N"}, {"80": "N"}, {"24": "E"}, {"24": "E"}, {"24": "E"}, {"24": "S"}, {"24": "S"}, {"24": "S"}, {"24": "S"}, {"24": "S"}, {"24": "S"}, {"24": "S"}, {"24": "S"}, {"24": "S"}, {"24": "W"}, {"24": "W"}, {"24": "W"}, {"24": "S"}, {"149": "W"}, {"149": "N"}, {"149": "W"}, {"149": "N"}, {"149": "N"}, {"149": "W"}, {"149": "W"}, {"149": "W"}, {"149": "W"}, {"149": "W"}, {"149": "W"}, {"149": "S"}, {"129": "N"}, {"129": "E"}, {"129": "E"}, {"129": "E"}, {"129": "E"}, {"129": "E"}, {"129": "E"}, {"129": "E"}, {"129": "E"}, {"129": "E"}, {"129": "E"}, {"129": "E"}, {"129": "E"}, {"129": "E"}, {"129": "E"}, {"129": "E"}, {"129": "E"}, {"129": "E"}, {"129": "E"}, {"129": "E"}, {"129": "N"}, {"129": "N"}, {"129": "N"}, {"129": "N"}, {"129": "N"}, {"129": "N"}, {"129": "E"}, {"129": "E"}, {"129": "E"}, {"129": "N"}, {"129": "N"}, {"92": "E"}, {"92": "S"}, {"92": "S"}, {"92": "S"}, {"92": "S"}, {"92": "E"}, {"92": "E"}, {"92": "E"}, {"92": "E"}, {"92": "E"}, {"92": "S"}, {"92": "S"}, {"92": "E"}, {"92": "S"}, {"92": "E"}, {"92": "E"}, {"92": "E"}, {"92": "S"}, {"77": "N"}, {"77": "E"}, {"77": "E"}, {"77": "E"}, {"77": "E"}, {"77": "E"}, {"77": "E"}, {"77": "E"}, {"77": "E"}, {"77": "N"}, {"77": "N"}, {"77": "N"}, {"77": "N"}, {"77": "N"}, {"77": "E"}, {"77": "E"}, {"77": "E"}, {"77": "E"}, {"77": "E"}, {"77": "E"}, {"77": "E"}, {"77": "E"}, {"77": "S"}, {"77": "E"}, {"77": "E"}, {"99": "E"}, {"99": "E"}, {"99": "E"}, {"99": "E"}, {"99": "E"}, {"99": "E"}, {"99": "N"}, {"99": "E"}, {"99": "E"}, {"99": "E"}, {"99": "E"}, {"99": "E"}, {"99": "E"}, {"99": "E"}, {"99": "N"}, {"99": "N"}, {"99": "N"}, {"99": "N"}, {"99": "N"}, {"99": "N"}, {"99": "N"}, {"99": "E"}, {"99": "E"}, {"99": "E"}, {"99": "E"}, {"90": "N"}, {"90": "E"}, {"90": "E"}, {"90": "E"}, {"90": "E"}, {"90": "E"}, {"90": "E"}, {"90": "E"}, {"90": "E"}, {"90": "E"}, {"90": "E"}, {"90": "E"}, {"90": "E"}, {"90": "E"}, {"90": "E"}, {"90": "E"}, {"90": "E"}, {"90": "E"}, {"90": "E"}, {"90": "E"}, {"90": "E"}, {"90": "E"}, {"90": "N"}, {"90": "N"}, {"90": "N"}, {"90": "N"}, {"90": "N"}, {"90": "N"}, {"90": "E"}, {"90": "E"}, {"90": "N"}, {"90": "N"}, {"53": "E"}, {"53": "E"}, {"53": "S"}, {"53": "S"}, {"53": "S"}, {"53": "S"}, {"53": "S"}, {"53": "S"}, {"53": "S"}, {"53": "S"}, {"53": "W"}, {"53": "S"}, {"2": "N"}, {"2": "W"}, {"2": "W"}, {"2": "S"}, {"2": "S"}, {"2": "S"}, {"2": "S"}, {"2": "S"}, {"2": "S"}, {"2": "S"}, {"2": "S"}, {"2": "W"}, {"143": "E"}, {"143": "S"}, {"143": "S"}, {"143": "S"}, {"143": "S"}, {"143": "S"}, {"143": "E"}, {"143": "E"}, {"143": "S"}, {"143": "S"}, {"143": "S"}, {"143": "E"}, {"143": "S"}, {"140": "N"}, {"140": "E"}, {"140": "E"}, {"140": "E"}, {"140": "E"}, {"140": "E"}, {"140": "E"}, {"140": "E"}, {"140": "E"}, {"140": "E"}, {"140": "E"}, {"140": "E"}, {"140": "E"}, {"140": "E"}, {"140": "E"}, {"140": "E"}, {"140": "E"}, {"140": "E"}, {"140": "E"}, {"140": "E"}, {"140": "E"}, {"140": "E"}, {"140": "E"}, {"140": "E"}, {"140": "E"}, {"140": "N"}, {"140": "N"}, {"140": "N"}, {"140": "N"}, {"140": "N"}, {"140": "N"}, {"78": "S"}, {"78": "E"}, {"78": "E"}, {"78": "E"}, {"78": "E"}, {"78": "E"}, {"78": "E"}, {"78": "E"}, {"78": "E"}, {"78": "N"}, {"78": "N"}, {"78": "N"}, {"78": "N"}, {"78": "N"}, {"78": "E"}, {"78": "E"}, {"78": "E"}, {"78": "E"}, {"78": "E"}, {"78": "E"}, {"78": "E"}, {"78": "N"}, {"78": "N"}, {"78": "N"}, {"78": "N"}, {"78": "N"}, {"78": "N"}, {"78": "N"}, {"78": "N"}, {"78": "N"}, {"126": "S"}, {"126": "E"}, {"126": "E"}, {"126": "E"}, {"126": "E"}, {"126": "E"}, {"126": "E"}, {"126": "E"}, {"126": "E"}, {"126": "E"}, {"126": "N"}, {"126": "N"}, {"126": "N"}, {"126": "N"}, {"126": "N"}, {"126": "E"}, {"126": "E"}, {"126": "E"}, {"126": "E"}, {"126": "E"}, {"76": "W"}, {"76": "N"}, {"76": "N"}, {"76": "N"}, {"76": "E"}, {"76": "E"}, {"76": "N"}, {"76": "N"}, {"76": "N"}, {"76": "N"}, {"76": "N"}, {"76": "N"}, {"76": "N"}, {"76": "N"}, {"76": "W"}, {"76": "W"}, {"76": "W"}, {"76": "N"}, {"76": "N"}, {"76": "N"}, {"76": "N"}, {"76": "N"}, {"76": "N"}, {"76": "N"}, {"76": "N"}, {"76": "N"}, {"76": "N"}, {"76": "N"}, {"76": "N"}, {"31": "S"}, {"31": "W"}, {"31": "W"}, {"31": "W"}, {"31": "W"}, {"31": "S"}, {"31": "S"}, {"31": "S"}, {"31": "S"}, {"31": "S"}, {"31": "S"}, {"31": "S"}, {"31": "W"}, {"61": "W"}, {"61": "N"}, {"61": "N"}, {"61": "N"}, {"61": "N"}, {"61": "W"}, {"61": "N"}, {"61": "N"}, {"61": "N"}, {"61": "N"}, {"61": "N"}, {"61": "N"}, {"61": "N"}, {"61": "N"}, {"61": "W"}, {"61": "N"}, {"61": "N"}, {"61": "N"}, {"61": "N"}, {"61": "N"}, {"61": "N"}, {"61": "N"}, {"61": "N"}, {"61": "N"}, {"155": "S"}, {"155": "W"}, {"155": "W"}, {"155": "W"}, {"155": "S"}, {"155": "S"}, {"155": "S"}, {"155": "W"}, {"155": "W"}, {"155": "S"}, {"70": "N"}, {"70": "W"}, {"70": "W"}, {"70": "W"}, {"70": "W"}, {"70": "W"}, {"70": "W"}, {"70": "W"}, {"70": "W"}, {"70": "W"}, {"70": "W"}, {"70": "W"}, {"70": "W"}, {"70": "W"}, {"70": "W"}, {"70": "W"}, {"70": "W"}, {"70": "W"}, {"70": "W"}, {"70": "W"}, {"70": "N"}, {"70": "N"}, {"70": "N"}, {"70": "N"}, {"70": "N"}, {"70": "N"}, {"70": "N"}, {"70": "N"}, {"70": "N"}, {"70": "N"}, {"70": "N"}, {"59": "W"}, {"59": "W"}, {"59": "N"}, {"59": "N"}, {"59": "W"}, {"59": "W"}, {"59": "W"}, {"59": "W"}, {"59": "W"}, {"59": "W"}, {"59": "W"}, {"59": "S"}, {"59": "S"}, {"59": "S"}, {"59": "W"}, {"59": "W"}, {"59": "W"}, {"59": "S"}, {"59": "S"}, {"59": "E"}, {"59": "E"}, {"23": "N"}, {"23": "W"}, {"23": "W"}, {"23": "W"}, {"23": "W"}, {"23": "W"}, {"23": "W"}, {"23": "W"}, {"23": "W"}, {"23": "W"}, {"23": "W"}, {"23": "W"}, {"23": "W"}, {"23": "W"}, {"23": "W"}, {"23": "W"}, {"23": "W"}, {"23": "N"}, {"23": "N"}, {"23": "W"}, {"23": "N"}, {"23": "N"}, {"23": "N"}, {"23": "N"}, {"23": "N"}, {"23": "N"}, {"23": "N"}, {"23": "N"}, {"23": "N"}, {"23": "N"}, {"9": "W"}, {"9": "S"}, {"9": "S"}, {"9": "S"}, {"9": "S"}, {"9": "S"}, {"9": "S"}, {"9": "S"}, {"9": "W"}, {"9": "S"}, {"46": "S"}, {"46": "W"}, {"46": "W"}, {"46": "W"}, {"46": "S"}, {"46": "S"}, {"46": "S"}, {"46": "S"}, {"46": "S"}, {"46": "S"}, {"46": "S"}, {"46": "S"}, {"46": "S"}, {"46": "S"}, {"46": "W"}, {"45": "S"}, {"45": "W"}, {"45": "W"}, {"45": "W"}, {"45": "W"}, {"45": "W"}, {"45": "W"}, {"45": "W"}, {"45": "W"}, {"45": "W"}, {"45": "W"}, {"45": "W"}, {"45": "N"}, {"45": "N"}, {"45": "N"}, {"45": "W"}, {"45": "W"}, {"45": "W"}, {"45": "W"}, {"45": "N"}, {"45": "N"}, {"45": "W"}, {"45": "N"}, {"45": "N"}, {"45": "N"}, {"45": "N"}, {"45": "N"}, {"45": "N"}, {"45": "N"}, {"45": "N"}, {"45": "N"}, {"38": "S"}, {"38": "W"}, {"38": "W"}, {"38": "S"}, {"38": "S"}, {"38": "S"}, {"38": "S"}, {"38": "S"}, {"38": "S"}, {"38": "S"}, {"38": "S"}, {"38": "S"}, {"38": "S"}, {"38": "S"}, {"38": "W"}, {"38": "W"}, {"38": "N"}, {"38": "N"}, {"21": "E"}, {"21": "E"}, {"21": "E"}, {"21": "E"}, {"21": "E"}, {"21": "E"}, {"21": "E"}, {"21": "S"}, {"21": "E"}, {"21": "E"}, {"21": "E"}, {"21": "E"}, {"21": "E"}, {"21": "E"}, {"21": "N"}, {"21": "N"}, {"21": "N"}, {"21": "N"}, {"5": "W"}, {"5": "N"}, {"5": "N"}, {"5": "N"}, {"5": "W"}, {"5": "N"}, {"5": "N"}, {"5": "N"}, {"5": "N"}, {"5": "N"}, {"5": "N"}, {"5": "N"}, {"5": "N"}, {"5": "W"}, {"5": "W"}, {"5": "W"}, {"5": "W"}, {"5": "N"}, {"5": "N"}, {"5": "W"}, {"5": "W"}, {"5": "W"}, {"5": "N"}, {"5": "N"}, {"5": "N"}, {"5": "N"}, {"5": "N"}, {"5": "N"}, {"5": "N"}, {"5": "N"}, {"5": "N"}, {"5": "E"}, {"5": "N"}, {"152": "S"}, {"152": "W"}, {"152": "W"}, {"152": "W"}, {"152": "W"}, {"152": "W"}, {"152": "W"}, {"152": "S"}, {"152": "S"}, {"152": "W"}, {"152": "W"}, {"152": "N"}, {"146": "N"}, {"146": "W"}, {"146": "W"}, {"146": "N"}, {"146": "N"}, {"146": "N"}, {"146": "N"}, {"146": "N"}, {"146": "W"}, {"146": "N"}, {"146": "N"}, {"146": "W"}, {"146": "W"}, {"146": "W"}, {"146": "W"}, {"146": "W"}, {"146": "W"}, {"146": "W"}, {"146": "S"}, {"146": "S"}, {"146": "S"}, {"146": "W"}, {"146": "W"}, {"146": "W"}, {"146": "S"}, {"146": "S"}, {"82": "E"}, {"82": "S"}, {"82": "S"}, {"82": "S"}, {"82": "W"}, {"82": "W"}, {"82": "W"}, {"82": "W"}, {"82": "W"}, {"82": "W"}, {"82": "W"}, {"82": "W"}, {"82": "W"}, {"82": "W"}, {"82": "W"}, {"82": "S"}, {"82": "S"}, {"82": "E"}, {"37": "N"}, {"37": "W"}, {"37": "W"}, {"37": "W"}, {"37": "N"}, {"37": "W"}, {"37": "W"}, {"37": "N"}, {"37": "N"}, {"37": "N"}, {"37": "N"}, {"37": "N"}, {"37": "N"}, {"37": "N"}, {"37": "N"}, {"37": "W"}, {"37": "N"}, {"37": "N"}, {"37": "W"}, {"37": "W"}, {"37": "W"}, {"37": "W"}, {"37": "W"}, {"37": "W"}, {"37": "W"}, {"37": "W"}, {"37": "W"}, {"37": "W"}, {"37": "W"}, {"37": "W"}, {"37": "W"}, {"37": "W"}, {"37": "S"}, {"35": "S"}, {"35": "E"}, {"35": "E"}, {"35": "E"}, {"35": "E"}, {"35": "E"}, {"35": "E"}, {"35": "E"}, {"35": "E"}, {"35": "E"}, {"35": "E"}, {"35": "S"}, {"35": "S"}, {"35": "S"}, {"35": "S"}, {"35": "S"}, {"35": "S"}, {"35": "E"}, {"35": "E"}, {"35": "E"}, {"35": "E"}, {"35": "E"}, {"35": "N"}, {"35": "N"}, {"35": "N"}, {"35": "N"}, {"15": "W"}, {"15": "S"}, {"15": "S"}, {"15": "S"}, {"15": "S"}, {"15": "S"}, {"15": "E"}, {"15": "S"}, {"15": "S"}, {"15": "S"}, {"15": "S"}, {"15": "S"}, {"15": "S"}, {"15": "S"}, {"15": "S"}, {"15": "E"}, {"15": "E"}, {"15": "E"}, {"15": "E"}, {"15": "E"}, {"15": "E"}, {"15": "E"}, {"15": "E"}, {"15": "E"}, {"15": "E"}, {"15": "S"}, {"7": "E"}, {"7": "S"}, {"7": "S"}, {"7": "S"}, {"7": "S"}, {"7": "S"}, {"7": "E"}, {"7": "E"}, {"7": "E"}, {"7": "E"}, {"7": "E"}, {"7": "S"}, {"7": "S"}, {"7": "S"}, {"7": "W"}, {"7": "W"}, {"7": "W"}, {"7": "W"}, {"7": "S"}, {"7": "S"}, {"7": "S"}, {"7": "E"}, {"7": "S"}, {"7": "E"}, {"7": "E"}, {"139": "W"}, {"139": "N"}, {"139": "N"}, {"139": "E"}, {"139": "E"}, {"139": "E"}, {"139": "N"}, {"139": "N"}, {"139": "N"}, {"139": "N"}, {"139": "N"}, {"139": "N"}, {"139": "N"}, {"139": "N"}, {"139": "N"}, {"139": "N"}, {"139": "E"}, {"139": "E"}, {"139": "E"}, {"139": "E"}, {"139": "E"}, {"139": "E"}, {"139": "E"}, {"139": "N"}, {"139": "N"}, {"139": "N"}, {"130": "W"}, {"130": "W"}, {"130": "W"}, {"130": "N"}, {"130": "N"}, {"130": "N"}, {"125": "W"}, {"125": "S"}, {"125": "S"}, {"125": "E"}, {"125": "E"}, {"125": "E"}, {"125": "E"}, {"125": "E"}, {"125": "E"}, {"125": "E"}, {"125": "E"}, {"125": "E"}, {"125": "E"}, {"125": "E"}, {"125": "E"}, {"125": "S"}, {"125": "S"}, {"125": "S"}, {"125": "E"}, {"125": "E"}, {"125": "E"}, {"125": "E"}, {"125": "E"}, {"125": "E"}, {"125": "E"}, {"125": "E"}, {"125": "E"}, {"125": "S"}, {"125": "S"}, {"125": "E"}, {"125": "S"}, {"125": "E"}, {"125": "E"}, {"125": "S"}, {"125": "S"}, {"125": "S"}, {"125": "E"}, {"125": "E"}, {"105": "W"}, {"105": "S"}, {"105": "S"}, {"105": "S"}, {"105": "S"}, {"105": "S"}, {"105": "S"}, {"105": "S"}, {"105": "S"}, {"105": "S"}, {"105": "S"}, {"105": "S"}, {"105": "W"}, {"105": "W"}, {"105": "W"}, {"105": "N"}, {"105": "N"}, {"105": "N"}, {"52": "W"}, {"52": "N"}, {"52": "N"}, {"52": "N"}, {"52": "N"}, {"52": "N"}, {"52": "N"}, {"52": "N"}, {"52": "N"}, {"52": "N"}, {"52": "N"}, {"52": "N"}, {"52": "N"}, {"52": "W"}, {"52": "N"}, {"52": "N"}, {"52": "W"}, {"52": "W"}, {"52": "W"}, {"52": "W"}, {"52": "W"}, {"52": "W"}, {"52": "W"}, {"52": "W"}, {"52": "W"}, {"52": "W"}, {"52": "W"}, {"52": "W"}, {"52": "W"}, {"52": "W"}, {"52": "W"}, {"52": "S"}, {"52": "S"}, {"52": "E"}, {"51": "N"}, {"51": "E"}, {"51": "E"}, {"51": "E"}, {"51": "E"}, {"51": "E"}, {"51": "E"}, {"51": "E"}, {"51": "E"}, {"51": "E"}, {"51": "E"}, {"51": "E"}, {"51": "E"}, {"51": "S"}, {"51": "S"}, {"51": "S"}, {"51": "E"}, {"51": "E"}, {"51": "E"}, {"51": "E"}, {"51": "E"}, {"51": "E"}, {"51": "E"}, {"51": "E"}, {"51": "E"}, {"51": "S"}, {"51": "S"}, {"51": "E"}, {"34": "N"}, {"34": "W"}, {"34": "W"}, {"34": "N"}, {"34": "N"}, {"34": "N"}, {"34": "N"}, {"34": "N"}, {"34": "N"}, {"34": "N"}, {"34": "N"}, {"34": "N"}, {"34": "N"}, {"34": "N"}, {"34": "W"}, {"34": "N"}, {"34": "N"}, {"34": "W"}, {"34": "W"}, {"34": "W"}, {"34": "W"}, {"34": "W"}, {"34": "W"}, {"34": "W"}, {"34": "W"}, {"34": "W"}, {"34": "W"}, {"34": "W"}, {"34": "W"}, {"34": "W"}, {"34": "W"}, {"34": "W"}, {"34": "S"}, {"19": "N"}, {"19": "E"}, {"19": "E"}, {"19": "E"}, {"19": "E"}, {"19": "E"}, {"19": "E"}, {"19": "E"}, {"19": "E"}, {"19": "E"}, {"19": "E"}, {"19": "S"}, {"19": "S"}, {"19": "S"}, {"19": "E"}, {"19": "E"}, {"19": "E"}, {"19": "E"}, {"19": "N"}, {"19": "N"}, {"19": "N"}, {"19": "N"}, {"17": "E"}, {"17": "S"}, {"17": "S"}, {"17": "W"}, {"17": "W"}, {"17": "W"}, {"17": "W"}, {"17": "S"}, {"17": "S"}, {"17": "S"}, {"17": "W"}, {"17": "W"}, {"17": "W"}, {"17": "W"}, {"17": "S"}, {"17": "S"}, {"17": "S"}, {"17": "S"}, {"17": "E"}, {"17": "E"}, {"17": "S"}, {"17": "S"}, {"17": "E"}, {"17": "S"}, {"17": "E"}, {"17": "E"}, {"17": "E"}, {"17": "S"}, {"17": "S"}, {"17": "S"}, {"17": "E"}, {"17": "E"}, {"16": "W"}, {"16": "N"}, {"16": "W"}, {"16": "W"}, {"16": "W"}, {"16": "W"}, {"16": "N"}, {"16": "N"}, {"16": "N"}, {"16": "N"}, {"16": "N"}, {"16": "N"}, {"16": "N"}, {"16": "N"}, {"16": "W"}, {"16": "W"}, {"16": "W"}, {"16": "W"}, {"16": "N"}, {"16": "N"}, {"16": "W"}, {"16": "N"}, {"16": "N"}, {"16": "N"}, {"16": "N"}, {"16": "N"}, {"16": "N"}, {"16": "N"}, {"172": "E"}, {"172": "N"}, {"172": "E"}, {"172": "E"}, {"172": "E"}, {"172": "E"}, {"172": "E"}, {"172": "E"}, {"172": "E"}, {"172": "E"}, {"172": "E"}, {"172": "N"}, {"172": "N"}, {"172": "N"}, {"172": "N"}, {"172": "N"}, {"172": "N"}, {"172": "N"}, {"96": "S"}, {"96": "E"}, {"96": "E"}, {"96": "E"}, {"96": "E"}, {"96": "E"}, {"96": "E"}, {"96": "E"}, {"96": "E"}, {"96": "S"}, {"96": "S"}, {"96": "S"}, {"96": "E"}, {"96": "E"}, {"96": "E"}, {"96": "E"}, {"96": "E"}, {"96": "E"}, {"96": "E"}, {"96": "E"}, {"96": "E"}, {"96": "E"}, {"96": "E"}, {"96": "E"}, {"96": "E"}, {"96": "E"}, {"96": "S"}, {"96": "E"}, {"58": "S"}, {"58": "E"}, {"58": "E"}, {"58": "E"}, {"58": "E"}, {"58": "E"}, {"58": "E"}, {"58": "E"}, {"58": "E"}, {"58": "E"}, {"58": "S"}, {"58": "S"}, {"58": "S"}, {"58": "S"}, {"58": "S"}, {"58": "S"}, {"58": "E"}, {"58": "E"}, {"58": "E"}, {"58": "E"}, {"58": "E"}, {"58": "E"}, {"58": "E"}, {"58": "E"}, {"58": "E"}, {"58": "S"}, {"58": "S"}, {"57": "W"}, {"57": "N"}, {"57": "N"}, {"57": "N"}, {"57": "N"}, {"57": "N"}, {"57": "N"}, {"57": "N"}, {"57": "N"}, {"57": "N"}, {"57": "N"}, {"57": "W"}, {"57": "N"}, {"57": "N"}, {"57": "W"}, {"57": "W"}, {"57": "W"}, {"57": "W"}, {"57": "W"}, {"57": "W"}, {"57": "W"}, {"57": "S"}, {"57": "S"}, {"57": "S"}, {"57": "W"}, {"57": "W"}, {"57": "W"}, {"57": "W"}, {"57": "S"}, {"57": "S"}, {"57": "W"}, {"49": "W"}, {"49": "N"}, {"49": "N"}, {"49": "N"}, {"49": "N"}, {"49": "N"}, {"49": "N"}, {"49": "N"}, {"49": "N"}, {"49": "N"}, {"49": "N"}, {"49": "N"}, {"49": "N"}, {"49": "N"}, {"49": "N"}, {"49": "N"}, {"49": "W"}, {"49": "N"}, {"49": "N"}, {"49": "W"}, {"49": "W"}, {"49": "W"}, {"49": "W"}, {"49": "W"}, {"49": "W"}, {"49": "W"}, {"49": "W"}, {"49": "W"}, {"49": "W"}, {"49": "W"}, {"49": "W"}, {"49": "W"}, {"49": "W"}, {"49": "W"}, {"49": "W"}, {"49": "S"}, {"43": "S"}, {"43": "E"}, {"43": "E"}, {"43": "E"}, {"43": "E"}, {"43": "S"}, {"43": "S"}, {"43": "S"}, {"43": "W"}, {"43": "W"}, {"43": "W"}, {"43": "W"}, {"43": "S"}, {"43": "S"}, {"43": "S"}, {"32": "W"}, {"32": "W"}, {"32": "S"}, {"32": "S"}, {"32": "S"}, {"32": "S"}, {"32": "S"}, {"32": "S"}, {"32": "W"}, {"32": "W"}, {"32": "W"}, {"32": "W"}, {"32": "W"}, {"32": "S"}, {"32": "S"}, {"32": "E"}, {"32": "E"}, {"32": "S"}, {"32": "E"}, {"29": "W"}, {"29": "S"}, {"29": "W"}, {"29": "W"}, {"29": "S"}, {"29": "S"}, {"29": "E"}, {"29": "E"}, {"29": "S"}, {"29": "S"}, {"29": "E"}, {"29": "S"}, {"29": "S"}, {"29": "S"}, {"29": "S"}, {"29": "S"}, {"29": "S"}, {"29": "E"}, {"29": "E"}, {"29": "E"}, {"29": "E"}, {"29": "N"}, {"29": "N"}, {"29": "N"}, {"165": "W"}, {"165": "S"}, {"165": "S"}, {"165": "S"}, {"165": "S"}, {"165": "W"}, {"165": "W"}, {"165": "W"}, {"165": "W"}, {"165": "W"}, {"165": "S"}, {"165": "S"}, {"165": "E"}, {"165": "E"}, {"165": "S"}, {"164": "S"}, {"164": "E"}, {"164": "E"}, {"164": "E"}, {"164": "E"}, {"164": "E"}, {"164": "E"}, {"164": "N"}, {"164": "N"}, {"164": "N"}, {"164": "N"}, {"164": "N"}, {"137": "S"}, {"137": "E"}, {"137": "E"}, {"137": "E"}, {"137": "E"}, {"137": "E"}, {"137": "E"}, {"137": "E"}, {"137": "E"}, {"137": "E"}, {"137": "S"}, {"137": "S"}, {"137": "S"}, {"137": "S"}, {"137": "S"}, {"137": "S"}, {"137": "S"}, {"137": "S"}, {"137": "S"}, {"137": "S"}, {"137": "S"}, {"137": "S"}, {"137": "S"}, {"137": "S"}, {"137": "S"}, {"137": "S"}, {"137": "S"}, {"137": "S"}, {"137": "W"}, {"135": "S"}, {"135": "E"}, {"135": "E"}, {"135": "E"}, {"135": "E"}, {"135": "E"}, {"135": "E"}, {"135": "E"}, {"135": "E"}, {"135": "E"}, {"135": "E"}, {"135": "E"}, {"135": "E"}, {"135": "E"}, {"135": "E"}, {"135": "E"}, {"135": "E"}, {"135": "E"}, {"135": "E"}, {"135": "E"}, {"135": "N"}, {"133": "N"}, {"133": "E"}, {"133": "E"}, {"133": "E"}, {"133": "E"}, {"133": "E"}, {"133": "E"}, {"133": "E"}, {"133": "E"}, {"133": "E"}, {"133": "E"}, {"133": "E"}, {"133": "E"}, {"133": "E"}, {"133": "E"}, {"133": "E"}, {"133": "N"}, {"133": "N"}, {"133": "N"}, {"133": "N"}, {"133": "N"}, {"108": "N"}, {"108": "N"}, {"108": "E"}, {"108": "E"}, {"108": "E"}, {"108": "E"}, {"108": "E"}, {"108": "E"}, {"108": "E"}, {"108": "E"}, {"108": "E"}, {"108": "E"}, {"108": "N"}, {"108": "N"}, {"108": "E"}, {"108": "E"}, {"108": "E"}, {"108": "E"}, {"108": "E"}, {"108": "N"}, {"108": "N"}, {"108": "N"}, {"103": "S"}, {"103": "W"}, {"103": "W"}, {"103": "W"}, {"103": "S"}, {"103": "S"}, {"103": "S"}, {"103": "S"}, {"103": "S"}, {"103": "S"}, {"103": "W"}, {"103": "W"}, {"103": "W"}, {"103": "N"}, {"103": "N"}, {"103": "N"}, {"56": "S"}, {"56": "S"}, {"56": "S"}, {"56": "S"}, {"56": "E"}, {"56": "S"}, {"56": "E"}, {"56": "E"}, {"56": "S"}, {"56": "S"}, {"56": "S"}, {"56": "S"}, {"56": "S"}, {"56": "S"}, {"56": "E"}, {"56": "E"}, {"56": "E"}, {"56": "E"}, {"56": "E"}, {"56": "E"}, {"39": "E"}, {"39": "S"}, {"39": "S"}, {"39": "S"}, {"39": "W"}, {"39": "W"}, {"39": "W"}, {"39": "W"}, {"39": "W"}, {"39": "W"}, {"39": "W"}, {"39": "W"}, {"39": "S"}, {"39": "S"}, {"39": "S"}, {"39": "E"}, {"39": "S"}, {"39": "E"}, {"39": "E"}, {"39": "S"}, {"39": "S"}, {"39": "S"}, {"39": "S"}, {"39": "S"}, {"39": "S"}, {"39": "E"}, {"39": "E"}, {"39": "N"}, {"39": "N"}, {"39": "N"}, {"39": "N"}, {"26": "E"}, {"26": "E"}, {"26": "E"}, {"26": "E"}, {"26": "S"}, {"26": "E"}, {"26": "S"}, {"26": "E"}, {"26": "E"}, {"26": "S"}, {"26": "S"}, {"26": "S"}, {"26": "S"}, {"26": "S"}, {"26": "S"}, {"26": "E"}, {"26": "E"}, {"26": "E"}, {"26": "E"}, {"26": "E"}, {"26": "N"}, {"14": "W"}, {"14": "W"}, {"14": "S"}, {"14": "S"}, {"14": "S"}, {"14": "E"}, {"14": "S"}, {"14": "S"}, {"14": "S"}, {"14": "E"}, {"14": "S"}, {"14": "E"}, {"14": "E"}, {"14": "S"}, {"14": "S"}, {"14": "S"}, {"14": "S"}, {"14": "S"}, {"14": "S"}, {"14": "E"}, {"14": "E"}, {"14": "E"}, {"14": "N"}, {"14": "N"}, {"14": "N"}, {"12": "S"}, {"12": "E"}, {"12": "E"}, {"12": "E"}, {"12": "E"}, {"12": "E"}, {"12": "E"}, {"12": "E"}, {"12": "E"}, {"12": "E"}, {"12": "E"}, {"12": "E"}, {"12": "E"}, {"12": "E"}, {"12": "E"}, {"12": "E"}, {"12": "E"}, {"12": "E"}, {"12": "S"}, {"12": "E"}, {"12": "S"}, {"12": "E"}, {"12": "E"}, {"12": "S"}, {"12": "E"}, {"12": "E"}, {"12": "S"}, {"156": "S"}, {"156": "E"}, {"156": "E"}, {"156": "S"}, {"156": "E"}, {"156": "E"}, {"156": "E"}, {"156": "E"}, {"156": "E"}, {"156": "E"}, {"156": "E"}, {"156": "E"}, {"156": "E"}, {"156": "E"}, {"156": "E"}, {"156": "S"}, {"156": "S"}, {"156": "S"}, {"156": "E"}, {"156": "E"}, {"156": "E"}, {"156": "E"}, {"156": "E"}, {"156": "E"}, {"156": "E"}, {"156": "E"}, {"156": "E"}, {"156": "E"}, {"156": "E"}, {"156": "E"}, {"141": "E"}, {"141": "E"}, {"141": "E"}, {"141": "E"}, {"141": "E"}, {"141": "E"}, {"141": "E"}, {"141": "E"}, {"141": "E"}, {"141": "E"}, {"141": "E"}, {"141": "E"}, {"141": "E"}, {"141": "S"}, {"141": "E"}, {"136": "E"}, {"136": "E"}, {"136": "E"}, {"136": "E"}, {"136": "E"}, {"136": "E"}, {"136": "S"}, {"136": "E"}, {"136": "E"}, {"136": "E"}, {"136": "E"}, {"136": "E"}, {"136": "E"}, {"136": "E"}, {"136": "E"}, {"136": "E"}, {"136": "E"}, {"136": "E"}, {"136": "S"}, {"136": "E"}, {"136": "E"}, {"119": "S"}, {"119": "W"}, {"119": "W"}, {"119": "W"}, {"119": "W"}, {"119": "W"}, {"119": "W"}, {"119": "W"}, {"119": "W"}, {"119": "W"}, {"119": "W"}, {"119": "S"}, {"119": "S"}, {"119": "S"}, {"119": "E"}, {"119": "S"}, {"119": "E"}, {"119": "E"}, {"119": "S"}, {"119": "S"}, {"119": "S"}, {"119": "S"}, {"119": "S"}, {"119": "S"}, {"119": "E"}, {"119": "E"}, {"119": "E"}, {"119": "E"}, {"119": "E"}, {"119": "S"}, {"119": "E"}, {"101": "N"}, {"101": "E"}, {"101": "E"}, {"101": "E"}, {"101": "E"}, {"101": "E"}, {"101": "E"}, {"101": "E"}, {"101": "E"}, {"101": "N"}, {"101": "N"}, {"101": "E"}, {"101": "E"}, {"101": "E"}, {"101": "E"}, {"101": "E"}, {"101": "E"}, {"101": "N"}, {"66": "W"}, {"66": "S"}, {"66": "S"}, {"66": "S"}, {"66": "S"}, {"66": "S"}, {"66": "S"}, {"66": "S"}, {"66": "S"}, {"66": "W"}, {"66": "W"}, {"66": "W"}, {"66": "W"}, {"66": "W"}, {"66": "W"}, {"66": "W"}, {"66": "W"}, {"66": "N"}, {"66": "N"}, {"66": "N"}, {"66": "N"}, {"66": "N"}, {"66": "N"}, {"66": "W"}, {"50": "S"}, {"50": "E"}, {"50": "E"}, {"50": "E"}, {"50": "E"}, {"50": "E"}, {"50": "E"}, {"50": "E"}, {"50": "E"}, {"50": "E"}, {"50": "E"}, {"50": "E"}, {"50": "E"}, {"50": "E"}, {"50": "E"}, {"50": "E"}, {"50": "E"}, {"50": "E"}, {"50": "E"}, {"50": "N"}, {"50": "N"}, {"48": "W"}, {"48": "S"}, {"48": "S"}, {"48": "W"}, {"48": "W"}, {"48": "W"}, {"48": "W"}, {"48": "W"}, {"48": "S"}, {"48": "S"}, {"48": "S"}, {"48": "E"}, {"48": "S"}, {"48": "E"}, {"48": "E"}, {"48": "S"}, {"48": "S"}, {"48": "S"}, {"48": "S"}, {"48": "S"}, {"48": "S"}, {"48": "E"}, {"48": "E"}, {"48": "E"}, {"48": "E"}, {"48": "S"}, {"48": "S"}, {"48": "S"}, {"44": "W"}, {"44": "S"}, {"44": "S"}, {"44": "W"}, {"44": "W"}, {"44": "S"}, {"44": "S"}, {"44": "S"}, {"44": "E"}, {"44": "S"}, {"44": "E"}, {"44": "E"}, {"44": "S"}, {"44": "S"}, {"44": "S"}, {"44": "S"}, {"44": "S"}, {"44": "S"}, {"44": "E"}, {"44": "E"}, {"44": "E"}, {"44": "E"}, {"44": "S"}, {"44": "E"}, {"44": "S"}, {"41": "N"}, {"41": "E"}, {"41": "E"}, {"41": "E"}, {"41": "E"}, {"41": "E"}, {"41": "E"}, {"41": "E"}, {"41": "E"}, {"41": "E"}, {"41": "E"}, {"41": "E"}, {"41": "S"}, {"41": "S"}, {"41": "S"}, {"41": "E"}, {"41": "E"}, {"41": "N"}, {"41": "N"}, {"41": "N"}, {"30": "S"}, {"30": "W"}, {"30": "W"}, {"30": "W"}, {"30": "W"}, {"30": "W"}, {"30": "S"}, {"30": "S"}, {"30": "S"}, {"30": "W"}, {"30": "W"}, {"30": "W"}, {"30": "W"}, {"30": "W"}, {"30": "W"}, {"30": "W"}, {"30": "W"}, {"30": "W"}, {"30": "W"}, {"30": "W"}, {"30": "W"}, {"30": "W"}, {"30": "W"}, {"30": "W"}, {"30": "W"}, {"30": "N"}, {"30": "N"}, {"30": "N"}, {"30": "N"}, {"30": "N"}, {"30": "N"}, {"30": "N"}, {"30": "N"}, {"30": "E"}, {"30": "N"}, {"30": "N"}, {"30": "N"}, {"30": "N"}, {"30": "N"}, {"30": "N"}, {"28": "S"}, {"28": "W"}, {"28": "W"}, {"28": "S"}, {"28": "W"}, {"28": "W"}, {"28": "W"}, {"28": "W"}, {"28": "W"}, {"28": "W"}, {"28": "W"}, {"28": "W"}, {"28": "W"}, {"28": "W"}, {"28": "W"}, {"28": "W"}, {"28": "W"}, {"28": "W"}, {"28": "W"}, {"28": "W"}, {"28": "W"}, {"28": "W"}, {"28": "N"}, {"28": "N"}, {"28": "N"}, {"28": "N"}, {"28": "N"}, {"28": "N"}, {"28": "N"}, {"28": "N"}, {"28": "N"}, {"28": "N"}, {"28": "N"}, {"28": "N"}, {"28": "N"}, {"28": "N"}, {"28": "N"}, {"27": "N"}, {"27": "E"}, {"27": "E"}, {"27": "E"}, {"27": "E"}, {"27": "E"}, {"27": "E"}, {"27": "S"}, {"27": "E"}, {"27": "S"}, {"27": "S"}, {"27": "S"}, {"27": "S"}, {"27": "S"}, {"27": "S"}, {"27": "S"}, {"27": "S"}, {"27": "S"}, {"27": "S"}, {"27": "S"}, {"27": "E"}, {"27": "E"}, {"27": "E"}, {"27": "E"}, {"27": "E"}, {"27": "E"}, {"27": "E"}, {"27": "E"}, {"27": "E"}, {"27": "N"}, {"27": "N"}, {"27": "N"}, {"20": "N"}, {"20": "W"}, {"20": "W"}, {"20": "W"}, {"20": "W"}, {"20": "W"}, {"20": "N"}, {"20": "N"}, {"20": "N"}, {"20": "N"}, {"20": "N"}, {"20": "N"}, {"20": "N"}, {"20": "N"}, {"20": "N"}, {"20": "N"}, {"20": "N"}, {"20": "W"}, {"20": "N"}, {"20": "N"}, {"20": "W"}, {"20": "W"}, {"20": "W"}, {"20": "W"}, {"20": "W"}, {"20": "W"}, {"20": "W"}, {"20": "W"}, {"20": "W"}, {"20": "W"}, {"20": "W"}, {"20": "W"}, {"20": "W"}, {"20": "W"}, {"20": "W"}, {"20": "W"}, {"20": "W"}, {"20": "S"}, {"20": "S"}, {"13": "W"}, {"13": "N"}, {"13": "W"}, {"13": "W"}, {"13": "W"}, {"13": "W"}, {"13": "W"}, {"13": "W"}, {"13": "W"}, {"13": "W"}, {"13": "W"}, {"13": "W"}, {"13": "N"}, {"13": "N"}, {"13": "N"}, {"13": "N"}, {"13": "N"}, {"13": "N"}, {"13": "N"}, {"13": "N"}, {"13": "N"}, {"13": "N"}, {"13": "N"}, {"13": "N"}, {"13": "N"}, {"13": "N"}, {"13": "N"}, {"13": "N"}, {"13": "N"}, {"13": "N"}, {"167": "S"}, {"167": "E"}, {"167": "E"}, {"167": "E"}, {"167": "E"}, {"167": "E"}, {"167": "E"}, {"167": "E"}, {"167": "E"}, {"167": "E"}, {"167": "E"}, {"167": "E"}, {"167": "E"}, {"167": "E"}, {"167": "E"}, {"167": "E"}, {"167": "E"}, {"167": "E"}, {"167": "E"}, {"167": "E"}, {"167": "E"}, {"167": "S"}, {"167": "E"}, {"147": "N"}, {"147": "E"}, {"147": "E"}, {"147": "E"}, {"147": "E"}, {"147": "E"}, {"147": "E"}, {"147": "E"}, {"147": "E"}, {"147": "E"}, {"147": "S"}, {"147": "S"}, {"147": "S"}, {"147": "S"}, {"147": "S"}, {"147": "S"}, {"147": "E"}, {"147": "E"}, {"147": "E"}, {"147": "E"}, {"147": "E"}, {"147": "E"}, {"147": "E"}, {"147": "E"}, {"147": "E"}, {"147": "E"}, {"147": "E"}, {"147": "S"}, {"147": "S"}, {"147": "E"}, {"147": "E"}, {"147": "E"}, {"147": "S"}, {"112": "N"}, {"112": "W"}, {"112": "W"}, {"112": "W"}, {"112": "N"}, {"112": "N"}, {"112": "N"}, {"112": "N"}, {"112": "N"}, {"112": "W"}, {"112": "N"}, {"112": "N"}, {"112": "W"}, {"112": "W"}, {"112": "W"}, {"112": "W"}, {"112": "W"}, {"112": "W"}, {"112": "W"}, {"112": "W"}, {"112": "W"}, {"112": "W"}, {"112": "W"}, {"112": "W"}, {"112": "W"}, {"112": "W"}, {"112": "W"}, {"112": "W"}, {"112": "W"}, {"112": "W"}, {"112": "W"}, {"112": "S"}, {"97": "N"}, {"97": "W"}, {"97": "W"}, {"97": "S"}, {"97": "S"}, {"97": "S"}, {"97": "S"}, {"97": "S"}, {"97": "S"}, {"97": "S"}, {"97": "S"}, {"97": "S"}, {"97": "S"}, {"97": "S"}, {"97": "S"}, {"97": "S"}, {"97": "S"}, {"97": "S"}, {"97": "W"}, {"97": "S"}, {"97": "W"}, {"97": "W"}, {"97": "W"}, {"97": "W"}, {"97": "W"}, {"97": "N"}, {"97": "N"}, {"97": "N"}, {"97": "N"}, {"97": "N"}, {"54": "W"}, {"54": "S"}, {"54": "S"}, {"54": "S"}, {"54": "S"}, {"54": "S"}, {"54": "W"}, {"54": "W"}, {"54": "W"}, {"54": "W"}, {"54": "W"}, {"54": "W"}, {"54": "S"}, {"54": "S"}, {"54": "S"}, {"54": "E"}, {"54": "S"}, {"54": "E"}, {"54": "S"}, {"54": "E"}, {"54": "S"}, {"54": "E"}, {"42": "S"}, {"42": "W"}, {"42": "W"}, {"42": "W"}, {"42": "W"}, {"42": "S"}, {"42": "S"}, {"42": "S"}, {"42": "W"}, {"42": "S"}, {"42": "W"}, {"42": "W"}, {"42": "W"}, {"42": "W"}, {"42": "W"}, {"42": "W"}, {"42": "W"}, {"42": "W"}, {"42": "W"}, {"42": "W"}, {"42": "W"}, {"42": "W"}, {"42": "W"}, {"42": "W"}, {"42": "W"}, {"42": "W"}, {"42": "N"}, {"42": "N"}, {"42": "N"}, {"42": "N"}, {"42": "N"}, {"42": "N"}, {"42": "N"}, {"42": "N"}, {"42": "N"}, {"42": "N"}, {"42": "N"}, {"42": "N"}, {"42": "N"}, {"42": "N"}, {"42": "N"}, {"42": "N"}, {"40": "S"}, {"40": "E"}, {"40": "E"}, {"40": "E"}, {"40": "E"}, {"40": "E"}, {"40": "E"}, {"40": "E"}, {"40": "E"}, {"40": "E"}, {"40": "E"}, {"40": "E"}, {"40": "E"}, {"40": "S"}, {"40": "E"}, {"22": "S"}, {"22": "E"}, {"22": "E"}, {"22": "E"}, {"22": "E"}, {"22": "E"}, {"22": "E"}, {"22": "E"}, {"22": "E"}, {"22": "S"}, {"22": "E"}, {"22": "E"}, {"22": "S"}, {"22": "S"}, {"22": "E"}, {"22": "S"}, {"22": "S"}, {"22": "S"}, {"22": "E"}, {"22": "E"}, {"22": "E"}, {"22": "N"}, {"8": "S"}, {"8": "W"}, {"8": "S"}, {"8": "W"}, {"8": "W"}, {"8": "W"}, {"8": "S"}, {"8": "W"}, {"8": "W"}, {"8": "W"}, {"8": "W"}, {"8": "W"}, {"8": "W"}, {"8": "W"}, {"8": "W"}, {"8": "W"}, {"8": "W"}, {"8": "W"}, {"8": "W"}, {"8": "W"}, {"8": "W"}, {"8": "W"}, {"8": "N"}, {"8": "N"}, {"8": "N"}, {"8": "N"}, {"8": "N"}, {"8": "N"}, {"8": "N"}, {"8": "N"}, {"8": "N"}, {"8": "N"}, {"8": "N"}, {"8": "N"}, {"8": "N"}, {"8": "N"}, {"8": "N"}, {"4": "S"}, {"4": "W"}, {"4": "W"}, {"4": "S"}, {"4": "S"}, {"4": "S"}, {"4": "E"}, {"4": "S"}, {"4": "S"}, {"4": "E"}, {"4": "S"}, {"4": "E"}, {"4": "S"}, {"4": "E"}, {"4": "S"}, {"4": "S"}, {"4": "S"}, {"4": "E"}, {"4": "E"}, {"4": "E"}, {"4": "E"}, {"4": "S"}, {"4": "S"}, {"0": "W"}, {"0": "W"}, {"0": "S"}, {"0": "S"}, {"0": "S"}, {"0": "S"}, {"0": "S"}, {"0": "S"}, {"0": "S"}, {"0": "S"}, {"0": "E"}, {"0": "S"}, {"0": "S"}, {"0": "E"}, {"0": "S"}, {"0": "E"}, {"0": "S"}, {"0": "S"}, {"0": "S"}, {"0": "S"}, {"0": "S"}, {"0": "S"}, {"0": "S"}, {"0": "S"}, {"0": "S"}, {"0": "S"}, {"0": "E"}, {"0": "E"}, {"0": "E"}, {"0": "E"}, {"0": "E"}, {"0": "E"}, {"0": "E"}, {"0": "E"}, {"0": "N"}, {"0": "N"}, {"0": "N"}, {"163": "W"}, {"163": "S"}, {"163": "S"}, {"163": "S"}, {"163": "S"}, {"163": "S"}, {"163": "S"}, {"163": "S"}, {"163": "S"}, {"163": "S"}, {"163": "S"}, {"163": "W"}, {"163": "S"}, {"163": "W"}, {"163": "W"}, {"163": "W"}, {"163": "W"}, {"163": "N"}, {"163": "N"}, {"163": "N"}, {"127": "E"}, {"127": "S"}, {"127": "S"}, {"127": "S"}, {"127": "S"}, {"127": "S"}, {"127": "S"}, {"127": "E"}, {"127": "E"}, {"127": "E"}, {"127": "E"}, {"127": "E"}, {"127": "E"}, {"127": "E"}, {"127": "E"}, {"127": "E"}, {"127": "E"}, {"127": "E"}, {"127": "E"}, {"127": "E"}, {"127": "S"}, {"127": "S"}, {"127": "S"}, {"127": "S"}, {"127": "S"}, {"127": "S"}, {"127": "S"}, {"127": "S"}, {"127": "S"}, {"127": "S"}, {"127": "S"}, {"127": "S"}, {"127": "S"}, {"127": "S"}, {"127": "S"}, {"127": "S"}, {"127": "S"}, {"127": "S"}, {"127": "S"}, {"127": "W"}, {"127": "S"}, {"127": "W"}, {"111": "E"}, {"111": "E"}, {"111": "E"}, {"111": "E"}, {"111": "E"}, {"111": "E"}, {"111": "S"}, {"111": "S"}, {"111": "E"}, {"111": "E"}, {"111": "E"}, {"111": "E"}, {"111": "E"}, {"111": "E"}, {"111": "E"}, {"111": "E"}, {"111": "E"}, {"111": "E"}, {"111": "S"}, {"111": "S"}, {"111": "E"}, {"111": "E"}, {"84": "W"}, {"84": "S"}, {"84": "W"}, {"84": "W"}, {"84": "W"}, {"84": "W"}, {"84": "W"}, {"84": "W"}, {"84": "W"}, {"84": "W"}, {"84": "W"}, {"84": "W"}, {"84": "W"}, {"84": "W"}, {"84": "S"}, {"84": "S"}, {"84": "S"}, {"84": "E"}, {"84": "S"}, {"84": "S"}, {"84": "E"}, {"84": "S"}, {"84": "E"}, {"84": "S"}, {"84": "E"}, {"83": "S"}, {"83": "E"}, {"83": "E"}, {"83": "E"}, {"83": "E"}, {"83": "E"}, {"83": "S"}, {"83": "E"}, {"83": "S"}, {"83": "E"}, {"83": "S"}, {"83": "S"}, {"83": "S"}, {"83": "S"}, {"83": "S"}, {"83": "S"}, {"83": "S"}, {"83": "S"}, {"83": "S"}, {"83": "S"}, {"83": "E"}, {"83": "E"}, {"83": "E"}, {"83": "E"}, {"83": "E"}, {"83": "E"}, {"83": "E"}, {"83": "E"}, {"83": "E"}, {"83": "E"}, {"55": "S"}, {"55": "E"}, {"55": "E"}, {"55": "E"}, {"55": "E"}, {"55": "E"}, {"55": "E"}, {"55": "E"}, {"55": "E"}, {"55": "E"}, {"55": "E"}, {"55": "E"}, {"55": "E"}, {"55": "E"}, {"55": "S"}, {"25": "W"}, {"25": "S"}, {"25": "S"}, {"25": "S"}, {"25": "W"}, {"25": "W"}, {"25": "W"}, {"25": "W"}, {"25": "W"}, {"25": "W"}, {"25": "W"}, {"25": "W"}, {"25": "W"}, {"25": "W"}, {"25": "W"}, {"25": "W"}, {"25": "S"}, {"25": "S"}, {"25": "S"}, {"25": "E"}, {"25": "S"}, {"11": "N"}, {"11": "E"}, {"11": "E"}, {"11": "E"}, {"11": "E"}, {"11": "E"}, {"11": "S"}, {"11": "E"}, {"11": "E"}, {"11": "S"}, {"11": "E"}, {"11": "S"}, {"11": "S"}, {"11": "E"}, {"11": "S"}, {"11": "S"}, {"11": "E"}, {"11": "E"}, {"11": "E"}, {"6": "E"}, {"6": "E"}, {"6": "E"}, {"6": "E"}, {"6": "E"}, {"6": "S"}, {"6": "E"}, {"6": "S"}, {"6": "S"}, {"6": "E"}, {"6": "S"}, {"6": "S"}, {"6": "E"}, {"6": "E"}, {"6": "S"}, {"6": "E"}, {"6": "S"}, {"162": "S"}, {"162": "S"}, {"162": "W"}, {"162": "W"}, {"162": "W"}, {"162": "S"}, {"162": "S"}, {"162": "W"}, {"162": "W"}, {"162": "W"}, {"162": "W"}, {"162": "W"}, {"162": "W"}, {"162": "W"}, {"162": "W"}, {"162": "W"}, {"162": "W"}, {"162": "W"}, {"162": "W"}, {"162": "W"}, {"162": "W"}, {"162": "W"}, {"162": "W"}, {"162": "N"}, {"162": "N"}, {"162": "N"}, {"162": "N"}, {"162": "N"}, {"162": "N"}, {"162": "N"}, {"162": "N"}, {"162": "N"}, {"162": "N"}, {"162": "N"}, {"162": "N"}, {"162": "N"}, {"162": "N"}, {"162": "N"}, {"131": "W"}, {"131": "W"}, {"131": "S"}, {"131": "S"}, {"131": "S"}, {"131": "S"}, {"131": "S"}, {"131": "S"}, {"131": "S"}, {"131": "S"}, {"131": "S"}, {"131": "E"}, {"131": "S"}, {"131": "S"}, {"131": "E"}, {"131": "E"}, {"131": "S"}, {"131": "S"}, {"131": "S"}, {"131": "S"}, {"131": "S"}, {"131": "S"}, {"131": "S"}, {"131": "S"}, {"131": "S"}, {"131": "E"}, {"131": "E"}, {"131": "E"}, {"131": "E"}, {"131": "E"}, {"131": "E"}, {"131": "E"}, {"131": "E"}, {"131": "E"}, {"131": "S"}, {"131": "E"}, {"131": "S"}, {"131": "E"}, {"131": "S"}, {"131": "E"}, {"131": "E"}, {"131": "S"}, {"36": "W"}, {"36": "S"}, {"36": "S"}, {"36": "S"}, {"36": "S"}, {"36": "W"}, {"36": "W"}, {"36": "W"}, {"36": "S"}, {"36": "S"}, {"36": "S"}, {"36": "S"}, {"36": "S"}, {"36": "E"}, {"36": "S"}, {"36": "S"}, {"36": "E"}, {"36": "E"}, {"36": "S"}, {"36": "E"}, {"36": "S"}, {"36": "S"}, {"36": "E"}, {"36": "E"}, {"10": "E"}, {"10": "S"}, {"10": "S"}, {"10": "S"}, {"10": "S"}, {"10": "W"}, {"10": "W"}, {"10": "W"}, {"10": "W"}, {"10": "W"}, {"10": "W"}, {"10": "W"}, {"10": "W"}, {"10": "W"}, {"10": "S"}, {"10": "S"}, {"10": "S"}, {"10": "S"}, {"10": "S"}, {"10": "E"}, {"10": "S"}, {"10": "S"}, {"10": "E"}, {"10": "E"}, {"154": "W"}, {"154": "S"}, {"154": "S"}, {"154": "S"}, {"154": "S"}, {"154": "W"}, {"154": "S"}, {"154": "S"}, {"154": "W"}, {"154": "W"}, {"154": "W"}, {"154": "N"}, {"132": "W"}, {"132": "N"}, {"132": "N"}, {"132": "W"}, {"132": "W"}, {"132": "W"}, {"132": "W"}, {"132": "W"}, {"132": "W"}, {"132": "N"}, {"132": "N"}, {"132": "N"}, {"132": "N"}, {"132": "N"}, {"132": "N"}, {"132": "N"}, {"132": "N"}, {"132": "N"}, {"132": "N"}, {"132": "E"}, {"132": "E"}, {"132": "E"}, {"116": "N"}, {"116": "W"}, {"116": "W"}, {"116": "W"}, {"116": "W"}, {"116": "N"}, {"116": "N"}, {"116": "N"}, {"116": "N"}, {"116": "N"}, {"116": "N"}, {"86": "E"}, {"86": "N"}, {"86": "N"}, {"86": "W"}, {"86": "W"}, {"86": "W"}, {"86": "N"}, {"86": "N"}, {"86": "N"}, {"86": "N"}, {"86": "N"}, {"86": "N"}, {"86": "N"}, {"86": "N"}, {"86": "N"}, {"86": "N"}, {"86": "N"}, {"86": "N"}, {"86": "N"}, {"86": "N"}, {"86": "N"}, {"86": "N"}, {"73": "S"}, {"73": "W"}, {"73": "W"}, {"73": "W"}, {"73": "W"}, {"73": "W"}, {"73": "W"}, {"73": "W"}, {"73": "W"}, {"73": "S"}, {"73": "S"}, {"73": "S"}, {"73": "S"}, {"73": "S"}, {"73": "S"}, {"73": "W"}, {"73": "S"}, {"73": "S"}, {"73": "W"}, {"73": "W"}, {"73": "W"}, {"73": "W"}, {"73": "W"}, {"73": "N"}, {"73": "N"}, {"73": "N"}, {"47": "W"}, {"47": "S"}, {"47": "S"}, {"47": "S"}, {"47": "W"}, {"47": "W"}, {"47": "W"}, {"47": "W"}, {"47": "W"}, {"47": "W"}, {"47": "S"}, {"47": "S"}, {"47": "W"}, {"47": "S"}, {"47": "S"}, {"47": "S"}, {"47": "S"}, {"47": "E"}, {"47": "E"}, {"47": "S"}, {"47": "E"}, {"3": "W"}, {"3": "S"}, {"3": "S"}, {"3": "W"}, {"3": "W"}, {"3": "W"}, {"3": "W"}, {"3": "W"}, {"3": "W"}, {"3": "W"}, {"3": "W"}, {"3": "W"}, {"3": "W"}, {"3": "W"}, {"3": "W"}, {"3": "S"}, {"3": "S"}, {"3": "W"}, {"3": "S"}, {"3": "S"}, {"3": "S"}, {"3": "S"}, {"3": "E"}, {"3": "E"}, {"3": "S"}, {"3": "S"}, {"3": "E"}, {"3": "E"}, {"1": "E"}, {"1": "N"}, {"1": "N"}, {"1": "W"}, {"1": "W"}, {"1": "W"}, {"1": "W"}, {"1": "W"}, {"1": "W"}, {"1": "W"}, {"1": "W"}, {"1": "W"}, {"1": "W"}, {"1": "W"}, {"1": "W"}, {"1": "W"}, {"1": "W"}, {"1": "W"}, {"1": "W"}, {"1": "N"}, {"1": "N"}, {"1": "N"}, {"1": "N"}, {"1": "N"}, {"1": "N"}, {"1": "N"}, {"1": "N"}, {"1": "N"}, {"1": "N"}, {"1": "N"}, {"1": "N"}, {"1": "N"}, {"1": "N"}, {"1": "N"}, {"1": "N"}, {"1": "N"}, {"151": "W"}, {"151": "W"}, {"151": "W"}, {"151": "W"}, {"151": "W"}, {"151": "W"}, {"151": "W"}, {"151": "W"}, {"151": "W"}, {"151": "W"}, {"151": "S"}, {"151": "S"}, {"151": "S"}, {"151": "S"}, {"151": "S"}, {"151": "S"}, {"151": "S"}, {"151": "S"}, {"151": "S"}, {"151": "S"}, {"151": "S"}, {"151": "S"}, {"151": "S"}, {"151": "E"}, {"151": "S"}, {"151": "E"}, {"151": "E"}, {"151": "S"}, {"151": "S"}, {"151": "E"}, {"151": "S"}, {"151": "E"}, {"151": "S"}, {"151": "S"}, {"151": "S"}, {"151": "S"}, {"151": "S"}, {"151": "S"}, {"151": "S"}, {"151": "E"}, {"151": "E"}, {"151": "E"}, {"151": "E"}, {"151": "E"}, {"151": "E"}, {"151": "E"}, {"151": "E"}, {"151": "S"}, {"134": "W"}, {"134": "W"}, {"134": "W"}, {"134": "W"}, {"134": "S"}, {"134": "S"}, {"134": "S"}, {"134": "S"}, {"134": "S"}, {"134": "S"}, {"134": "S"}, {"134": "E"}, {"134": "S"}, {"134": "E"}, {"113": "S"}, {"113": "E"}, {"113": "E"}, {"113": "E"}, {"113": "S"}, {"113": "S"}, {"113": "S"}, {"113": "S"}, {"113": "S"}, {"113": "S"}, {"113": "S"}, {"113": "S"}, {"113": "S"}, {"113": "S"}, {"113": "S"}, {"113": "S"}, {"113": "S"}, {"113": "S"}, {"113": "S"}, {"113": "S"}, {"113": "S"}, {"113": "S"}, {"113": "S"}, {"113": "W"}, {"113": "S"}, {"113": "S"}, {"113": "W"}, {"113": "W"}, {"113": "W"}, {"113": "W"}, {"113": "W"}, {"113": "W"}, {"113": "W"}, {"113": "W"}, {"113": "W"}, {"113": "N"}, {"113": "N"}, {"113": "N"}, {"113": "N"}, {"113": "N"}, {"113": "N"}, {"72": "N"}, {"72": "E"}, {"72": "E"}, {"72": "E"}, {"72": "E"}, {"72": "E"}, {"72": "E"}, {"72": "E"}, {"72": "E"}, {"72": "E"}, {"72": "S"}, {"72": "S"}, {"72": "S"}, {"72": "E"}, {"72": "E"}, {"72": "E"}, {"72": "E"}, {"72": "E"}, {"72": "E"}, {"72": "E"}, {"72": "E"}, {"72": "E"}, {"72": "S"}, {"72": "S"}, {"72": "S"}, {"72": "E"}, {"72": "E"}, {"72": "S"}, {"68": "E"}, {"68": "E"}, {"68": "E"}, {"68": "E"}, {"68": "E"}, {"68": "E"}, {"68": "E"}, {"68": "E"}, {"68": "E"}, {"68": "S"}, {"68": "S"}, {"68": "S"}, {"68": "S"}, {"68": "S"}, {"68": "S"}, {"68": "S"}, {"68": "S"}, {"68": "S"}, {"68": "S"}, {"68": "S"}, {"68": "S"}, {"68": "S"}, {"68": "S"}, {"68": "S"}, {"68": "S"}, {"68": "S"}, {"68": "S"}, {"68": "S"}, {"68": "S"}, {"68": "S"}, {"68": "S"}, {"68": "S"}, {"68": "W"}, {"68": "S"}, {"68": "S"}, {"68": "W"}, {"68": "W"}, {"68": "W"}, {"68": "W"}, {"68": "W"}, {"68": "W"}, {"68": "N"}, {"68": "N"}, {"68": "N"}, {"60": "E"}, {"60": "E"}, {"60": "E"}, {"60": "E"}, {"60": "N"}, {"18": "W"}, {"18": "S"}, {"18": "S"}, {"18": "S"}, {"18": "S"}, {"18": "S"}, {"18": "S"}, {"18": "W"}, {"18": "W"}, {"18": "W"}, {"18": "W"}, {"18": "W"}, {"18": "W"}, {"18": "W"}, {"18": "W"}, {"18": "W"}, {"18": "W"}, {"18": "W"}, {"18": "S"}, {"18": "S"}, {"18": "S"}, {"18": "S"}, {"18": "S"}, {"18": "E"}, {"18": "S"}, {"18": "S"}, {"18": "E"}, {"18": "S"}, {"18": "E"}, {"18": "E"}, {"142": "W"}, {"142": "S"}, {"142": "S"}, {"142": "S"}, {"142": "S"}, {"142": "S"}, {"142": "S"}, {"142": "S"}, {"142": "W"}, {"142": "W"}, {"142": "W"}, {"142": "W"}, {"142": "W"}, {"142": "W"}, {"142": "W"}, {"142": "W"}, {"142": "W"}, {"142": "W"}, {"142": "W"}, {"142": "S"}, {"142": "S"}, {"142": "S"}, {"142": "S"}, {"142": "S"}, {"142": "E"}, {"142": "S"}, {"142": "S"}, {"142": "E"}, {"142": "S"}, {"142": "E"}, {"142": "S"}, {"142": "E"}, {"142": "E"}, {"142": "S"}, {"138": "N"}, {"138": "E"}, {"138": "E"}, {"138": "E"}, {"138": "E"}, {"138": "E"}, {"138": "E"}, {"138": "S"}, {"138": "E"}, {"138": "S"}, {"138": "S"}, {"138": "S"}, {"138": "S"}, {"138": "S"}, {"138": "E"}, {"138": "E"}, {"138": "E"}, {"138": "E"}, {"138": "E"}, {"138": "E"}, {"138": "E"}, {"138": "S"}, {"118": "W"}, {"118": "W"}, {"118": "W"}, {"118": "W"}, {"118": "W"}, {"118": "W"}, {"118": "W"}, {"118": "W"}, {"118": "W"}, {"118": "W"}, {"118": "S"}, {"118": "S"}, {"118": "S"}, {"118": "S"}, {"118": "S"}, {"118": "S"}, {"118": "S"}, {"118": "S"}, {"118": "S"}, {"118": "S"}, {"118": "S"}, {"118": "S"}, {"118": "E"}, {"118": "S"}, {"115": "W"}, {"115": "N"}, {"115": "N"}, {"115": "N"}, {"115": "N"}, {"115": "N"}, {"115": "N"}, {"171": "S"}, {"171": "W"}, {"171": "W"}, {"171": "W"}, {"171": "W"}, {"171": "W"}, {"171": "W"}, {"171": "W"}, {"171": "S"}, {"171": "S"}, {"171": "S"}, {"171": "S"}, {"171": "S"}, {"171": "S"}, {"171": "W"}, {"171": "S"}, {"171": "S"}, {"171": "W"}, {"171": "W"}, {"171": "W"}, {"171": "W"}, {"171": "W"}, {"171": "W"}, {"171": "W"}, {"171": "W"}, {"171": "W"}, {"171": "W"}, {"171": "W"}, {"171": "W"}, {"171": "W"}, {"171": "W"}, {"171": "W"}, {"171": "W"}, {"171": "W"}, {"171": "W"}, {"171": "N"}, {"171": "N"}, {"171": "N"}, {"171": "N"}, {"171": "N"}, {"171": "N"}, {"171": "N"}, {"171": "N"}, {"171": "N"}, {"171": "N"}, {"171": "N"}, {"171": "N"}, {"171": "N"}, {"161": "N"}, {"161": "E"}, {"161": "E"}, {"161": "E"}, {"161": "E"}, {"161": "E"}, {"161": "E"}, {"161": "E"}, {"161": "S"}, {"161": "S"}, {"161": "S"}, {"161": "E"}, {"161": "E"}, {"161": "E"}, {"161": "E"}, {"161": "E"}, {"81": "N"}, {"81": "E"}, {"81": "E"}, {"81": "E"}, {"81": "E"}, {"81": "E"}, {"81": "E"}, {"81": "N"}, {"81": "N"}, {"81": "N"}, {"81": "N"}, {"81": "N"}, {"81": "N"}, {"75": "S"}, {"75": "E"}, {"75": "E"}, {"75": "E"}, {"75": "E"}, {"75": "E"}, {"75": "E"}, {"75": "E"}, {"75": "E"}, {"75": "E"}, {"75": "S"}, {"75": "S"}, {"75": "S"}, {"75": "E"}, {"75": "E"}, {"75": "E"}, {"75": "E"}, {"75": "S"}, {"75": "E"}, {"75": "E"}, {"75": "S"}, {"75": "E"}, {"75": "E"}, {"75": "S"}, {"62": "S"}, {"62": "W"}, {"62": "W"}, {"62": "W"}, {"62": "W"}, {"62": "W"}, {"62": "W"}, {"62": "W"}, {"62": "W"}, {"62": "W"}, {"62": "W"}, {"62": "S"}, {"62": "S"}, {"62": "S"}, {"62": "S"}, {"62": "S"}, {"62": "S"}, {"62": "S"}, {"62": "E"}, {"62": "S"}, {"62": "S"}, {"62": "E"}, {"62": "E"}, {"62": "E"}, {"62": "S"}, {"62": "S"}, {"62": "E"}, {"168": "S"}, {"168": "S"}, {"168": "W"}, {"168": "W"}, {"168": "W"}, {"168": "W"}, {"168": "W"}, {"168": "W"}, {"168": "S"}, {"168": "S"}, {"168": "S"}, {"168": "W"}, {"168": "S"}, {"168": "S"}, {"168": "W"}, {"168": "W"}, {"168": "W"}, {"168": "W"}, {"168": "W"}, {"168": "W"}, {"168": "W"}, {"168": "N"}, {"160": "N"}, {"160": "E"}, {"160": "E"}, {"160": "N"}, {"160": "N"}, {"160": "N"}, {"109": "S"}, {"109": "W"}, {"109": "W"}, {"109": "S"}, {"109": "S"}, {"109": "S"}, {"109": "W"}, {"109": "S"}, {"109": "S"}, {"109": "W"}, {"109": "W"}, {"109": "W"}, {"109": "W"}, {"109": "W"}, {"109": "W"}, {"109": "W"}, {"109": "W"}, {"109": "W"}, {"109": "W"}, {"109": "W"}, {"109": "W"}, {"109": "W"}, {"109": "W"}, {"109": "W"}, {"109": "W"}, {"109": "W"}, {"109": "W"}, {"109": "N"}, {"109": "N"}, {"109": "N"}, {"109": "N"}, {"109": "N"}, {"109": "N"}, {"109": "N"}, {"109": "N"}, {"109": "N"}, {"109": "N"}, {"109": "N"}, {"109": "N"}, {"74": "E"}, {"74": "S"}, {"74": "S"}, {"74": "S"}, {"74": "W"}, {"74": "W"}, {"74": "W"}, {"74": "W"}, {"74": "W"}, {"74": "W"}, {"74": "W"}, {"74": "W"}, {"74": "S"}, {"74": "S"}, {"74": "S"}, {"74": "S"}, {"74": "S"}, {"74": "S"}, {"74": "S"}, {"74": "E"}, {"74": "S"}, {"74": "S"}, {"74": "S"}, {"74": "E"}, {"74": "E"}, {"74": "E"}, {"74": "S"}, {"74": "S"}, {"74": "E"}, {"74": "S"}, {"74": "S"}, {"74": "S"}, {"74": "S"}, {"74": "E"}, {"74": "E"}, {"74": "E"}, {"74": "E"}, {"63": "N"}, {"63": "W"}, {"63": "W"}, {"63": "W"}, {"63": "S"}, {"63": "S"}, {"63": "S"}, {"63": "S"}, {"63": "S"}, {"63": "S"}, {"63": "W"}, {"63": "S"}, {"63": "S"}, {"63": "W"}, {"63": "W"}, {"63": "W"}, {"63": "W"}, {"63": "W"}, {"63": "W"}, {"63": "W"}, {"63": "W"}, {"63": "N"}, {"63": "N"}, {"159": "N"}, {"159": "W"}, {"159": "W"}, {"159": "W"}, {"159": "W"}, {"159": "W"}, {"159": "W"}, {"159": "W"}, {"159": "W"}, {"159": "W"}, {"159": "N"}, {"159": "N"}, {"159": "N"}, {"159": "N"}, {"159": "N"}, {"159": "N"}, {"159": "N"}, {"159": "N"}, {"159": "N"}, {"159": "N"}, {"159": "N"}, {"159": "N"}, {"123": "E"}, {"123": "S"}, {"123": "S"}, {"123": "W"}, {"123": "W"}, {"123": "W"}, {"123": "W"}, {"123": "W"}, {"123": "W"}, {"123": "W"}, {"123": "W"}, {"123": "W"}, {"123": "W"}, {"123": "W"}, {"123": "S"}, {"123": "S"}, {"123": "S"}, {"123": "S"}, {"123": "S"}, {"123": "S"}, {"123": "S"}, {"123": "S"}, {"123": "S"}, {"123": "S"}, {"123": "E"}, {"123": "E"}, {"123": "E"}, {"123": "E"}, {"123": "S"}, {"123": "S"}, {"123": "E"}, {"123": "S"}, {"120": "N"}, {"120": "E"}, {"120": "E"}, {"120": "E"}, {"120": "E"}, {"120": "S"}, {"120": "S"}, {"120": "S"}, {"120": "S"}, {"120": "S"}, {"120": "S"}, {"120": "E"}, {"120": "E"}, {"120": "E"}, {"120": "E"}, {"120": "S"}, {"120": "S"}, {"120": "S"}, {"120": "S"}, {"120": "E"}, {"120": "S"}, {"120": "S"}, {"120": "E"}, {"120": "E"}, {"120": "E"}, {"120": "S"}, {"120": "E"}, {"120": "E"}, {"120": "S"}, {"120": "S"}, {"120": "E"}, {"120": "S"}, {"120": "E"}, {"106": "N"}, {"106": "E"}, {"106": "E"}, {"106": "E"}, {"106": "S"}, {"106": "S"}, {"106": "S"}, {"106": "E"}, {"106": "E"}, {"106": "E"}, {"106": "E"}, {"106": "S"}, {"106": "S"}, {"98": "W"}, {"98": "S"}, {"98": "S"}, {"98": "W"}, {"98": "W"}, {"98": "W"}, {"98": "W"}, {"98": "W"}, {"98": "W"}, {"98": "W"}, {"98": "W"}, {"98": "W"}, {"98": "W"}, {"98": "W"}, {"98": "S"}, {"98": "S"}, {"98": "S"}, {"98": "S"}, {"98": "S"}, {"98": "S"}, {"98": "S"}, {"98": "S"}, {"98": "S"}, {"98": "S"}, {"98": "E"}, {"98": "E"}, {"98": "E"}, {"98": "S"}, {"98": "S"}, {"98": "S"}, {"98": "E"}, {"98": "S"}, {"98": "E"}, {"98": "S"}, {"98": "S"}, {"98": "E"}, {"98": "E"}, {"98": "E"}, {"110": "W"}, {"110": "W"}, {"110": "N"}, {"110": "N"}, {"110": "N"}, {"110": "N"}, {"110": "N"}, {"110": "N"}, {"110": "N"}, {"110": "N"}, {"110": "N"}, {"107": "S"}, {"107": "W"}, {"107": "W"}, {"107": "W"}, {"107": "W"}, {"107": "S"}, {"107": "S"}, {"107": "S"}, {"107": "S"}, {"107": "S"}, {"107": "S"}, {"107": "W"}, {"107": "S"}, {"107": "S"}, {"107": "W"}, {"107": "W"}, {"107": "W"}, {"107": "W"}, {"107": "W"}, {"107": "W"}, {"107": "W"}, {"107": "W"}, {"107": "W"}, {"107": "W"}, {"107": "W"}, {"107": "W"}, {"107": "W"}, {"107": "N"}, {"107": "N"}, {"107": "N"}, {"107": "N"}, {"107": "N"}, {"91": "N"}, {"91": "E"}, {"91": "E"}, {"91": "E"}, {"91": "E"}, {"91": "E"}, {"91": "E"}, {"91": "E"}, {"91": "E"}, {"91": "E"}, {"91": "S"}, {"91": "E"}, {"91": "E"}, {"157": "W"}, {"157": "W"}, {"157": "W"}, {"157": "W"}, {"157": "W"}, {"157": "W"}, {"157": "W"}, {"157": "W"}, {"157": "W"}, {"157": "W"}, {"157": "S"}, {"157": "S"}, {"157": "S"}, {"157": "S"}, {"157": "S"}, {"157": "S"}, {"157": "S"}, {"157": "S"}, {"157": "S"}, {"157": "S"}, {"157": "S"}, {"157": "S"}, {"157": "S"}, {"157": "S"}, {"157": "S"}, {"157": "S"}, {"157": "S"}, {"157": "S"}, {"157": "S"}, {"157": "E"}, {"157": "E"}, {"157": "E"}, {"157": "S"}, {"157": "S"}, {"157": "S"}, {"122": "E"}, {"122": "N"}, {"122": "N"}, {"122": "N"}, {"122": "W"}, {"122": "W"}, {"122": "W"}, {"122": "W"}, {"122": "W"}, {"122": "W"}, {"122": "W"}, {"122": "W"}, {"122": "W"}, {"122": "W"}, {"122": "W"}, {"122": "W"}, {"122": "W"}, {"122": "W"}, {"122": "W"}, {"122": "N"}, {"122": "N"}, {"122": "N"}, {"122": "N"}, {"122": "N"}, {"122": "N"}, {"122": "N"}, {"122": "N"}, {"122": "N"}, {"69": "S"}, {"69": "S"}, {"69": "E"}, {"69": "E"}, {"69": "E"}, {"69": "E"}, {"69": "E"}, {"69": "E"}, {"69": "E"}, {"69": "E"}, {"69": "S"}, {"69": "E"}, {"69": "E"}, {"69": "S"}, {"69": "E"}, {"69": "S"}, {"69": "E"}, {"69": "S"}, {"69": "E"}, {"69": "S"}, {"69": "E"}, {"69": "E"}, {"69": "E"}, {"69": "S"}, {"69": "S"}, {"158": "W"}, {"158": "N"}, {"158": "N"}, {"158": "W"}, {"158": "W"}, {"158": "W"}, {"158": "W"}, {"158": "W"}, {"158": "W"}, {"158": "W"}, {"158": "N"}, {"158": "N"}, {"158": "N"}, {"100": "W"}, {"100": "S"}, {"100": "S"}, {"100": "S"}, {"100": "W"}, {"100": "W"}, {"100": "W"}, {"100": "W"}, {"100": "W"}, {"100": "W"}, {"100": "W"}, {"100": "W"}, {"100": "W"}, {"100": "W"}, {"100": "W"}, {"100": "W"}, {"100": "W"}, {"100": "W"}, {"100": "W"}, {"100": "W"}, {"100": "W"}, {"100": "S"}, {"100": "S"}, {"100": "S"}, {"100": "S"}, {"100": "S"}, {"100": "S"}, {"100": "S"}, {"100": "S"}, {"100": "S"}, {"100": "S"}, {"100": "E"}, {"100": "S"}, {"100": "S"}, {"89": "S"}, {"89": "E"}, {"89": "E"}, {"89": "E"}, {"89": "E"}, {"89": "E"}, {"89": "S"}, {"89": "S"}, {"89": "S"}, {"89": "E"}, {"89": "E"}, {"89": "S"}, {"89": "E"}, {"89": "E"}, {"89": "S"}, {"71": "N"}, {"71": "W"}, {"71": "W"}, {"71": "W"}, {"71": "N"}, {"71": "N"}, {"71": "W"}, {"71": "N"}, {"71": "N"}, {"71": "W"}, {"71": "W"}, {"71": "W"}, {"71": "W"}, {"71": "W"}, {"71": "W"}, {"71": "W"}, {"71": "W"}, {"71": "W"}, {"71": "W"}, {"71": "W"}, {"71": "W"}, {"71": "W"}, {"71": "W"}, {"71": "W"}, {"71": "W"}, {"71": "W"}, {"71": "W"}, {"71": "W"}, {"71": "W"}, {"71": "S"}, {"71": "S"}, {"71": "S"}, {"71": "S"}, {"71": "S"}, {"71": "S"}, {"71": "S"}, {"71": "S"}, {"71": "S"}, {"71": "S"}, {"71": "S"}, {"71": "S"}, {"71": "S"}, {"71": "E"}, {"71": "E"}, {"170": "S"}, {"170": "E"}, {"170": "E"}, {"170": "E"}, {"170": "E"}, {"170": "S"}, {"170": "S"}, {"170": "S"}, {"170": "S"}, {"170": "S"}, {"170": "S"}, {"170": "E"}, {"170": "S"}, {"170": "E"}, {"170": "E"}, {"170": "S"}, {"170": "S"}, {"170": "E"}, {"170": "E"}, {"170": "E"}, {"170": "S"}, {"170": "S"}, {"166": "S"}, {"166": "E"}, {"166": "E"}, {"166": "E"}, {"166": "E"}, {"166": "E"}, {"166": "E"}, {"166": "E"}, {"166": "S"}, {"166": "S"}, {"166": "S"}, {"166": "E"}, {"128": "N"}, {"128": "E"}, {"128": "E"}, {"128": "E"}, {"128": "S"}, {"128": "S"}, {"128": "S"}, {"128": "S"}, {"128": "E"}, {"128": "E"}, {"128": "E"}, {"128": "S"}, {"128": "S"}, {"128": "E"}, {"128": "E"}, {"128": "S"}, {"114": "S"}, {"114": "E"}, {"114": "E"}, {"114": "E"}, {"114": "E"}, {"114": "E"}, {"114": "E"}, {"114": "S"}, {"114": "S"}, {"114": "S"}, {"114": "S"}, {"114": "S"}, {"114": "S"}, {"114": "S"}, {"114": "S"}, {"114": "S"}, {"114": "S"}, {"114": "E"}, {"114": "E"}, {"114": "E"}, {"114": "S"}, {"114": "S"}, {"114": "E"}, {"114": "S"}, {"114": "S"}, {"114": "E"}, {"104": "W"}, {"104": "S"}, {"104": "S"}, {"104": "S"}, {"104": "W"}, {"104": "W"}, {"104": "W"}, {"104": "W"}, {"104": "W"}, {"104": "W"}, {"104": "W"}, {"104": "W"}, {"104": "W"}, {"104": "W"}, {"104": "W"}, {"104": "S"}, {"104": "S"}, {"104": "S"}, {"104": "S"}, {"104": "S"}, {"104": "S"}, {"104": "S"}, {"104": "S"}, {"104": "S"}, {"104": "S"}, {"104": "S"}, {"104": "S"}, {"104": "S"}, {"104": "S"}, {"104": "E"}, {"85": "W"}, {"85": "N"}, {"85": "W"}, {"85": "N"}, {"85": "N"}, {"85": "N"}, {"85": "N"}, {"150": "S"}, {"150": "E"}, {"150": "E"}, {"150": "S"}, {"150": "S"}, {"150": "E"}, {"150": "E"}, {"150": "E"}, {"150": "S"}, {"150": "S"}, {"150": "S"}, {"150": "E"}, {"117": "S"}, {"117": "W"}, {"117": "W"}, {"117": "S"}, {"117": "S"}, {"117": "S"}, {"117": "S"}, {"117": "S"}, {"117": "S"}, {"117": "S"}, {"117": "S"}, {"117": "S"}, {"117": "S"}, {"117": "S"}, {"117": "S"}, {"117": "W"}, {"117": "S"}, {"117": "S"}, {"117": "W"}, {"117": "W"}, {"117": "W"}, {"117": "W"}, {"117": "W"}, {"117": "W"}, {"117": "W"}, {"117": "W"}, {"117": "W"}, {"117": "W"}, {"117": "W"}, {"117": "W"}, {"117": "W"}, {"117": "W"}, {"117": "W"}, {"117": "N"}, {"117": "N"}, {"94": "S"}, {"94": "E"}, {"94": "E"}, {"94": "E"}, {"94": "N"}, {"94": "N"}, {"94": "N"}, {"94": "N"}, {"148": "W"}, {"148": "S"}, {"148": "S"}, {"148": "S"}, {"148": "S"}, {"148": "S"}, {"148": "S"}, {"148": "S"}, {"148": "S"}, {"148": "S"}, {"148": "S"}, {"148": "S"}, {"148": "W"}, {"148": "S"}, {"148": "S"}, {"148": "W"}, {"148": "W"}, {"148": "W"}, {"148": "W"}, {"148": "W"}, {"148": "W"}, {"148": "W"}, {"148": "W"}, {"148": "W"}, {"148": "W"}, {"148": "W"}, {"148": "W"}, {"148": "W"}, {"148": "W"}, {"148": "W"}, {"148": "W"}, {"148": "W"}, {"148": "N"}, {"148": "N"}, {"148": "N"}, {"153": "S"}, {"153": "E"}, {"153": "E"}, {"153": "E"}, {"153": "E"}, {"153": "E"}, {"153": "S"}, {"153": "S"}, {"153": "S"}, {"153": "E"}, {"153": "S"}, {"153": "S"}, {"153": "S"}, {"153": "S"}, {"121": "N"}, {"121": "E"}, {"121": "E"}, {"121": "E"}, {"121": "E"}, {"121": "E"}, {"121": "S"}, {"121": "S"}, {"121": "S"}, {"121": "S"}, {"121": "S"}, {"121": "S"}, {"121": "E"}, {"121": "E"}, {"121": "S"}, {"121": "S"}, {"121": "S"}, {"121": "E"}, {"121": "S"}, {"88": "W"}, {"88": "S"}, {"88": "S"}, {"88": "S"}, {"88": "S"}, {"88": "S"}, {"88": "S"}, {"88": "S"}, {"88": "S"}, {"88": "W"}, {"88": "W"}, {"88": "W"}, {"88": "W"}, {"88": "W"}, {"88": "W"}, {"88": "W"}, {"88": "W"}, {"88": "W"}, {"88": "W"}, {"88": "W"}, {"88": "S"}, {"88": "S"}, {"88": "S"}, {"88": "S"}, {"88": "S"}, {"88": "S"}, {"88": "S"}, {"88": "S"}, {"88": "S"}, {"88": "S"}, {"88": "S"}, {"88": "S"}, {"88": "S"}, {"88": "S"}, {"88": "S"}, {"88": "S"}, {"88": "E"}, {"88": "S"}, {"88": "S"}, {"67": "E"}, {"67": "S"}, {"67": "S"}, {"67": "S"}, {"67": "S"}, {"67": "S"}, {"67": "S"}, {"67": "S"}, {"67": "S"}, {"67": "S"}, {"67": "S"}, {"67": "S"}, {"67": "S"}, {"67": "S"}, {"67": "E"}, {"67": "E"}, {"67": "S"}, {"67": "S"}, {"67": "S"}, {"65": "E"}, {"65": "S"}, {"65": "S"}, {"65": "W"}, {"65": "W"}, {"65": "W"}, {"65": "W"}, {"65": "W"}, {"65": "W"}, {"65": "W"}, {"65": "W"}, {"65": "S"}, {"65": "S"}, {"65": "S"}, {"65": "S"}, {"65": "S"}, {"65": "S"}, {"65": "S"}, {"65": "S"}, {"65": "S"}, {"65": "S"}, {"65": "S"}, {"65": "S"}, {"65": "S"}, {"65": "S"}, {"65": "S"}, {"65": "S"}, {"65": "S"}, {"65": "S"}, {"65": "S"}, {"65": "E"}], "result": "SUCCESS", "makespan": 4312, "sum": 5504, "algo_name": "OutAndInBFS_default"}