{"instance": "small_free_013_20x20_60_240", "steps": [{"59": "E", "42": "W", "70": "W", "171": "S", "68": "S", "173": "W", "74": "E", "162": "S", "25": "S", "48": "N", "136": "W", "185": "E", "207": "W", "60": "W", "193": "N", "192": "E", "92": "N", "30": "W", "93": "N", "72": "W", "238": "N", "153": "S", "169": "N", "124": "E", "148": "S", "53": "S", "154": "S", "85": "S", "40": "S", "111": "E", "14": "S", "184": "N", "147": "S", "205": "W", "130": "W", "120": "W", "161": "E", "89": "E", "45": "E", "33": "E", "36": "N", "13": "S", "103": "N", "20": "S", "41": "N", "34": "W", "206": "E", "239": "W", "191": "N", "216": "W", "31": "E", "214": "W", "1": "N", "181": "E", "58": "W", "56": "W", "109": "S", "4": "S", "110": "N", "75": "E", "223": "E", "220": "N", "54": "N", "145": "W", "99": "W", "229": "E", "156": "W", "199": "S", "101": "S", "151": "S", "51": "S", "182": "S", "127": "E", "233": "E", "198": "N", "100": "N", "137": "N", "65": "W", "213": "S", "62": "W", "128": "S", "90": "S", "218": "S", "172": "E", "208": "E", "12": "S", "188": "W", "19": "E", "135": "N", "160": "W", "176": "E", "180": "N", "117": "S", "152": "W", "189": "N", "129": "W", "18": "N", "174": "E", "163": "W", "146": "S", "141": "W", "170": "S", "132": "N", "126": "E", "119": "W", "87": "W", "106": "N", "203": "W", "118": "E", "235": "S", "149": "E", "236": "N", "134": "W", "195": "N", "217": "E", "232": "E", "26": "W", "196": "W", "140": "E", "43": "W", "228": "E", "159": "W", "133": "E", "96": "W", "46": "W", "212": "N", "107": "S", "115": "S", "158": "W", "225": "N", "80": "N", "175": "N", "164": "N", "114": "N", "222": "W", "3": "S", "202": "N"}, {"66": "S", "59": "S", "42": "W", "197": "W", "162": "S", "25": "W", "63": "N", "143": "N", "177": "E", "48": "E", "185": "E", "105": "W", "207": "W", "60": "W", "88": "W", "193": "N", "192": "E", "92": "E", "30": "S", "234": "E", "93": "N", "72": "W", "238": "E", "153": "S", "169": "N", "17": "S", "5": "N", "139": "S", "124": "E", "148": "W", "53": "S", "8": "W", "85": "E", "40": "S", "32": "S", "165": "S", "14": "S", "147": "S", "121": "N", "205": "S", "89": "E", "45": "E", "33": "E", "64": "E", "226": "N", "36": "N", "11": "S", "13": "E", "178": "E", "79": "E", "103": "W", "97": "S", "41": "W", "34": "W", "206": "E", "239": "S", "216": "W", "224": "W", "186": "N", "31": "E", "214": "W", "1": "N", "181": "S", "58": "W", "56": "W", "109": "S", "4": "W", "61": "W", "73": "W", "54": "N", "39": "E", "145": "W", "99": "N", "229": "E", "83": "E", "156": "W", "101": "E", "77": "E", "51": "S", "127": "E", "233": "E", "50": "W", "198": "W", "65": "W", "166": "W", "213": "S", "62": "W", "128": "E", "219": "N", "112": "N", "218": "S", "16": "E", "208": "E", "138": "N", "135": "N", "160": "W", "176": "E", "117": "S", "152": "W", "190": "E", "189": "W", "129": "W", "18": "N", "174": "N", "29": "E", "142": "W", "146": "S", "141": "N", "170": "S", "132": "N", "126": "E", "94": "E", "119": "W", "87": "N", "203": "W", "118": "E", "108": "N", "235": "S", "236": "N", "131": "N", "134": "S", "195": "E", "217": "S", "232": "E", "26": "W", "140": "E", "102": "W", "113": "W", "104": "N", "43": "W", "9": "E", "228": "E", "96": "W", "46": "W", "212": "N", "107": "S", "115": "S", "158": "W", "225": "N", "175": "E", "227": "E", "114": "W", "155": "W", "69": "E", "237": "E", "211": "E", "3": "S"}, {"6": "S", "27": "E", "59": "E", "194": "W", "204": "N", "167": "E", "171": "E", "15": "W", "52": "S", "230": "E", "21": "N", "78": "W", "0": "N", "74": "E", "162": "S", "168": "W", "125": "E", "63": "W", "143": "W", "136": "E", "185": "E", "105": "S", "82": "W", "60": "W", "88": "N", "193": "W", "192": "E", "234": "E", "93": "N", "72": "W", "22": "W", "169": "N", "139": "S", "124": "E", "148": "S", "53": "S", "8": "N", "40": "S", "111": "E", "32": "W", "165": "S", "14": "S", "147": "S", "121": "W", "205": "W", "120": "N", "89": "E", "45": "E", "33": "S", "226": "W", "23": "E", "36": "N", "11": "S", "13": "E", "178": "E", "79": "E", "103": "N", "20": "W", "97": "S", "34": "S", "206": "E", "239": "W", "191": "W", "216": "S", "31": "E", "1": "W", "181": "S", "58": "W", "56": "N", "109": "S", "4": "W", "61": "N", "110": "N", "223": "W", "73": "N", "220": "N", "54": "N", "39": "E", "145": "N", "201": "W", "99": "E", "83": "S", "156": "S", "199": "S", "101": "S", "51": "S", "127": "E", "233": "S", "198": "W", "100": "N", "137": "W", "65": "N", "166": "W", "213": "E", "128": "S", "219": "N", "90": "N", "218": "S", "16": "S", "208": "E", "138": "W", "19": "E", "135": "N", "160": "S", "176": "E", "180": "N", "117": "S", "152": "W", "190": "E", "189": "W", "129": "S", "18": "N", "71": "W", "29": "S", "163": "W", "142": "W", "146": "S", "141": "W", "132": "W", "94": "E", "118": "E", "108": "N", "149": "S", "144": "W", "236": "E", "131": "N", "134": "S", "195": "E", "217": "W", "232": "E", "196": "N", "140": "E", "57": "E", "113": "N", "43": "W", "9": "N", "228": "E", "133": "E", "96": "W", "46": "W", "212": "N", "115": "S", "158": "S", "210": "E", "225": "N", "80": "N", "175": "E", "164": "N", "155": "S", "211": "N", "3": "S", "202": "N"}, {"24": "N", "27": "E", "59": "E", "42": "S", "183": "N", "204": "N", "167": "E", "171": "E", "52": "W", "230": "E", "173": "W", "21": "N", "78": "S", "0": "N", "74": "E", "55": "S", "168": "W", "125": "E", "63": "W", "81": "N", "143": "W", "2": "E", "185": "E", "105": "W", "207": "W", "49": "N", "82": "W", "60": "W", "88": "N", "193": "N", "192": "E", "234": "E", "93": "E", "72": "W", "153": "W", "22": "W", "169": "N", "5": "N", "139": "S", "124": "E", "148": "W", "53": "E", "154": "S", "40": "S", "111": "E", "32": "W", "165": "S", "147": "S", "121": "N", "205": "S", "120": "W", "161": "E", "89": "E", "45": "E", "33": "E", "226": "N", "23": "E", "36": "N", "11": "W", "13": "E", "178": "E", "79": "N", "103": "N", "20": "W", "97": "S", "41": "N", "34": "S", "206": "E", "67": "W", "239": "S", "191": "W", "10": "E", "31": "E", "214": "W", "1": "W", "181": "S", "58": "W", "109": "S", "4": "W", "61": "N", "110": "N", "75": "W", "223": "S", "220": "N", "54": "W", "39": "S", "145": "N", "201": "W", "83": "S", "156": "W", "51": "S", "123": "E", "127": "E", "233": "E", "50": "N", "198": "W", "100": "N", "137": "W", "65": "W", "166": "W", "213": "E", "219": "N", "90": "W", "218": "S", "16": "S", "19": "E", "135": "N", "176": "E", "180": "N", "117": "E", "152": "W", "190": "E", "129": "S", "71": "W", "163": "W", "142": "W", "146": "W", "141": "W", "132": "W", "94": "E", "119": "W", "203": "W", "108": "N", "144": "W", "236": "E", "131": "N", "134": "W", "195": "E", "217": "S", "232": "E", "26": "W", "140": "E", "113": "N", "104": "N", "9": "N", "228": "E", "133": "E", "96": "W", "46": "N", "212": "N", "107": "W", "115": "S", "158": "S", "210": "E", "80": "N", "164": "N", "211": "N", "3": "S", "202": "N"}, {"37": "N", "91": "S", "24": "N", "27": "E", "59": "S", "42": "W", "183": "N", "204": "N", "70": "N", "167": "E", "197": "E", "171": "E", "52": "S", "68": "E", "230": "E", "173": "N", "21": "N", "78": "S", "0": "N", "162": "S", "55": "S", "168": "S", "125": "N", "63": "N", "81": "E", "143": "W", "177": "E", "136": "W", "2": "E", "185": "E", "105": "S", "207": "W", "49": "E", "60": "S", "88": "N", "193": "W", "30": "N", "98": "E", "234": "E", "93": "E", "153": "S", "22": "W", "5": "N", "124": "E", "148": "S", "157": "E", "53": "N", "154": "W", "85": "N", "40": "S", "32": "W", "165": "W", "14": "S", "184": "E", "47": "E", "147": "S", "205": "W", "161": "S", "89": "E", "45": "E", "226": "W", "36": "N", "11": "N", "13": "E", "178": "E", "79": "E", "20": "W", "97": "S", "206": "E", "84": "S", "67": "S", "239": "W", "191": "W", "224": "E", "186": "S", "31": "E", "214": "W", "1": "W", "181": "S", "58": "N", "109": "S", "4": "S", "61": "N", "110": "N", "75": "W", "223": "W", "73": "S", "220": "N", "54": "N", "39": "E", "145": "N", "201": "W", "83": "S", "156": "W", "199": "W", "51": "S", "123": "N", "127": "E", "233": "S", "50": "N", "100": "N", "137": "N", "65": "W", "213": "E", "62": "W", "112": "S", "16": "S", "138": "S", "188": "W", "19": "E", "135": "N", "160": "E", "176": "S", "180": "N", "117": "N", "152": "W", "190": "S", "189": "W", "215": "N", "129": "E", "18": "W", "71": "W", "174": "S", "29": "W", "163": "W", "142": "W", "141": "N", "170": "S", "132": "N", "94": "E", "119": "W", "106": "N", "203": "W", "118": "N", "108": "W", "149": "S", "144": "W", "236": "E", "134": "S", "217": "W", "232": "E", "26": "W", "196": "W", "140": "E", "57": "E", "102": "E", "104": "W", "228": "E", "133": "S", "96": "W", "46": "N", "212": "E", "107": "S", "115": "S", "158": "W", "210": "S", "225": "W", "80": "N", "175": "S", "164": "N", "3": "S"}, {"37": "E", "91": "S", "24": "N", "27": "E", "122": "S", "59": "S", "42": "W", "183": "W", "204": "N", "70": "W", "167": "E", "150": "N", "171": "E", "15": "E", "68": "S", "230": "E", "173": "W", "21": "W", "0": "E", "162": "S", "55": "S", "25": "S", "168": "E", "125": "N", "63": "N", "81": "N", "143": "N", "116": "W", "136": "W", "2": "E", "185": "E", "105": "W", "207": "W", "49": "N", "88": "N", "193": "N", "30": "E", "98": "S", "234": "E", "72": "W", "238": "S", "153": "S", "22": "W", "169": "N", "5": "N", "124": "E", "148": "S", "157": "N", "53": "N", "154": "W", "8": "E", "40": "S", "32": "W", "184": "E", "147": "S", "120": "N", "161": "S", "89": "E", "45": "N", "64": "E", "226": "N", "36": "E", "13": "E", "179": "N", "79": "E", "103": "N", "20": "W", "97": "E", "41": "N", "206": "E", "84": "S", "187": "S", "67": "S", "191": "S", "10": "E", "31": "E", "214": "W", "1": "N", "181": "S", "109": "S", "4": "S", "61": "N", "110": "N", "223": "S", "220": "N", "54": "N", "39": "E", "145": "N", "201": "W", "229": "E", "156": "W", "199": "S", "101": "S", "123": "W", "182": "S", "127": "S", "233": "S", "100": "N", "137": "N", "65": "W", "166": "N", "213": "E", "62": "W", "90": "W", "112": "S", "218": "S", "16": "E", "172": "W", "208": "E", "138": "S", "188": "N", "19": "E", "135": "N", "176": "S", "180": "N", "152": "W", "215": "W", "18": "N", "71": "W", "29": "S", "146": "S", "170": "E", "126": "E", "94": "E", "119": "W", "106": "E", "203": "W", "118": "N", "76": "W", "149": "S", "231": "S", "236": "S", "134": "S", "217": "S", "232": "E", "26": "S", "196": "W", "140": "E", "104": "W", "228": "E", "159": "S", "133": "S", "96": "S", "46": "W", "212": "S", "107": "S", "115": "S", "158": "S", "210": "W", "225": "N", "80": "N", "175": "S", "164": "W", "114": "N", "155": "W", "69": "N", "237": "N"}, {"37": "N", "91": "E", "24": "N", "66": "S", "27": "E", "122": "S", "59": "S", "42": "S", "183": "W", "194": "S", "204": "E", "70": "N", "167": "E", "150": "N", "171": "E", "52": "W", "68": "S", "230": "E", "200": "S", "173": "W", "21": "W", "0": "N", "74": "N", "25": "S", "168": "S", "125": "E", "63": "N", "81": "N", "143": "W", "177": "N", "136": "W", "185": "E", "105": "W", "207": "W", "49": "N", "60": "W", "88": "N", "192": "E", "92": "S", "30": "N", "234": "E", "72": "W", "238": "S", "153": "S", "22": "W", "169": "N", "5": "N", "139": "S", "124": "E", "148": "S", "157": "N", "53": "N", "154": "S", "40": "S", "32": "W", "165": "S", "14": "S", "184": "N", "147": "S", "121": "E", "120": "N", "35": "W", "161": "S", "89": "E", "45": "W", "64": "E", "226": "W", "23": "S", "36": "S", "11": "E", "13": "E", "7": "W", "178": "W", "79": "N", "103": "E", "20": "W", "97": "E", "187": "S", "239": "S", "216": "W", "10": "E", "224": "W", "31": "E", "214": "W", "1": "N", "181": "S", "109": "S", "4": "E", "61": "N", "110": "N", "73": "N", "220": "N", "145": "E", "201": "W", "99": "E", "229": "N", "83": "S", "156": "W", "199": "W", "101": "E", "51": "S", "182": "S", "127": "E", "233": "S", "198": "W", "100": "N", "65": "W", "166": "N", "213": "S", "62": "W", "219": "N", "90": "S", "16": "S", "208": "N", "138": "W", "12": "S", "188": "N", "135": "N", "160": "W", "176": "S", "180": "N", "152": "W", "215": "W", "129": "W", "18": "N", "29": "S", "163": "W", "170": "S", "126": "E", "94": "S", "119": "W", "87": "W", "106": "E", "203": "W", "108": "W", "76": "N", "144": "W", "134": "S", "217": "S", "232": "E", "26": "W", "140": "E", "57": "N", "102": "W", "113": "S", "104": "W", "9": "N", "228": "E", "159": "S", "96": "S", "46": "W", "107": "S", "115": "S", "158": "W", "210": "S", "225": "E", "80": "N", "164": "N", "227": "N", "155": "N", "211": "N", "3": "S", "202": "N"}, {"37": "E", "24": "N", "66": "W", "27": "E", "122": "S", "59": "W", "42": "S", "183": "W", "194": "W", "204": "N", "70": "N", "150": "N", "197": "W", "52": "S", "68": "W", "200": "S", "173": "W", "21": "W", "78": "W", "0": "N", "74": "E", "55": "W", "168": "W", "125": "E", "63": "N", "81": "N", "143": "W", "177": "N", "136": "W", "185": "E", "105": "W", "207": "W", "49": "N", "82": "W", "60": "W", "88": "N", "192": "S", "92": "S", "98": "W", "234": "N", "93": "S", "238": "S", "153": "S", "22": "W", "169": "E", "17": "N", "5": "N", "139": "S", "124": "E", "148": "S", "157": "N", "53": "N", "154": "S", "40": "W", "111": "S", "32": "W", "165": "W", "14": "S", "184": "E", "47": "S", "147": "S", "121": "E", "35": "W", "161": "W", "89": "S", "45": "W", "64": "N", "226": "W", "23": "W", "36": "S", "11": "E", "13": "E", "7": "W", "178": "W", "79": "N", "103": "E", "20": "W", "41": "S", "84": "N", "67": "N", "10": "E", "186": "N", "214": "W", "1": "N", "181": "S", "109": "S", "4": "E", "110": "W", "54": "N", "39": "E", "145": "N", "201": "N", "99": "E", "229": "N", "156": "W", "199": "W", "101": "N", "151": "S", "51": "S", "182": "E", "127": "S", "233": "S", "198": "N", "100": "W", "137": "N", "65": "W", "166": "N", "213": "E", "62": "W", "128": "S", "219": "N", "90": "S", "16": "E", "208": "W", "12": "W", "188": "N", "135": "E", "176": "W", "117": "W", "152": "W", "190": "E", "18": "N", "71": "W", "163": "N", "170": "S", "126": "E", "119": "W", "87": "S", "203": "W", "118": "N", "108": "W", "235": "E", "76": "N", "144": "S", "134": "E", "217": "S", "26": "S", "196": "W", "57": "E", "113": "E", "104": "W", "9": "N", "228": "N", "133": "W", "96": "S", "46": "W", "107": "S", "115": "S", "158": "S", "210": "W", "175": "S", "209": "W", "227": "W", "114": "W", "155": "E", "237": "W", "211": "W", "3": "S"}, {"37": "E", "24": "N", "66": "W", "27": "E", "122": "E", "59": "W", "183": "N", "194": "W", "204": "N", "70": "W", "167": "S", "150": "E", "197": "S", "15": "W", "68": "W", "200": "S", "173": "W", "21": "N", "78": "W", "0": "N", "74": "S", "162": "S", "55": "W", "125": "E", "63": "N", "81": "N", "143": "W", "177": "W", "136": "N", "185": "E", "105": "S", "207": "W", "49": "N", "88": "N", "193": "E", "92": "S", "30": "E", "93": "E", "72": "W", "153": "S", "22": "W", "17": "E", "5": "N", "139": "E", "124": "E", "148": "S", "157": "E", "53": "E", "40": "S", "111": "S", "32": "W", "165": "W", "184": "E", "147": "W", "120": "W", "35": "S", "161": "W", "89": "W", "45": "W", "226": "S", "36": "W", "11": "N", "13": "E", "179": "S", "178": "W", "79": "E", "103": "E", "20": "W", "41": "S", "34": "N", "187": "E", "67": "W", "191": "N", "216": "N", "10": "E", "186": "W", "214": "W", "1": "N", "181": "E", "109": "E", "4": "E", "61": "N", "54": "N", "39": "E", "145": "N", "201": "N", "99": "E", "229": "N", "156": "W", "199": "N", "101": "E", "151": "S", "51": "W", "123": "E", "182": "E", "127": "S", "233": "E", "50": "E", "100": "W", "137": "N", "65": "W", "166": "W", "213": "E", "62": "W", "128": "S", "219": "N", "218": "E", "208": "N", "12": "W", "188": "E", "135": "E", "176": "S", "117": "N", "152": "W", "190": "S", "215": "S", "18": "N", "71": "W", "174": "E", "146": "E", "141": "E", "170": "S", "126": "E", "94": "E", "119": "W", "87": "S", "203": "W", "118": "N", "108": "W", "76": "W", "144": "S", "231": "W", "236": "S", "134": "S", "195": "W", "217": "S", "232": "E", "26": "S", "196": "N", "140": "E", "57": "N", "104": "S", "9": "W", "228": "E", "96": "S", "46": "W", "107": "S", "158": "S", "80": "N", "175": "S", "209": "N", "164": "N", "227": "W", "155": "N", "237": "N", "211": "W", "222": "E", "3": "S"}, {"221": "N", "37": "N", "91": "S", "24": "N", "66": "W", "95": "W", "59": "S", "183": "N", "194": "W", "204": "E", "70": "W", "167": "S", "150": "E", "171": "E", "15": "S", "68": "W", "200": "S", "173": "W", "78": "W", "0": "N", "74": "E", "55": "W", "25": "W", "168": "S", "125": "E", "63": "N", "81": "E", "143": "W", "177": "W", "136": "W", "185": "E", "105": "S", "207": "W", "49": "E", "88": "W", "193": "E", "192": "S", "92": "S", "30": "E", "93": "E", "153": "S", "22": "W", "169": "E", "17": "S", "5": "E", "139": "E", "124": "E", "148": "E", "157": "E", "53": "E", "8": "W", "40": "W", "32": "W", "165": "N", "14": "W", "184": "E", "147": "N", "130": "N", "120": "N", "35": "W", "161": "W", "89": "W", "45": "N", "64": "S", "23": "N", "36": "W", "11": "N", "13": "E", "179": "W", "178": "S", "79": "E", "103": "E", "20": "W", "41": "S", "34": "E", "206": "S", "84": "S", "239": "N", "216": "E", "10": "E", "224": "N", "186": "N", "31": "E", "214": "W", "1": "N", "181": "N", "109": "N", "4": "E", "61": "N", "75": "N", "220": "N", "54": "E", "39": "S", "145": "N", "201": "N", "83": "S", "156": "W", "101": "S", "151": "S", "51": "N", "123": "N", "182": "N", "127": "S", "233": "E", "198": "E", "100": "S", "137": "E", "65": "W", "213": "S", "62": "W", "219": "E", "16": "E", "172": "E", "208": "W", "12": "S", "188": "N", "176": "W", "180": "N", "117": "N", "152": "W", "190": "E", "18": "N", "174": "E", "29": "W", "163": "E", "142": "E", "146": "N", "141": "E", "170": "W", "126": "E", "119": "W", "87": "E", "106": "N", "203": "W", "108": "S", "76": "W", "144": "S", "231": "W", "131": "E", "134": "S", "217": "W", "232": "E", "26": "E", "196": "E", "140": "E", "57": "N", "104": "S", "228": "N", "159": "E", "96": "S", "212": "W", "107": "S", "158": "S", "210": "S", "80": "N", "175": "W", "209": "N", "164": "W", "227": "W", "114": "N", "237": "W"}, {"221": "W", "37": "E", "24": "N", "66": "W", "27": "E", "95": "W", "59": "W", "183": "N", "204": "E", "70": "N", "167": "W", "150": "S", "171": "E", "52": "N", "68": "S", "230": "N", "200": "S", "173": "W", "78": "S", "162": "N", "55": "S", "25": "W", "168": "S", "125": "E", "63": "W", "81": "E", "143": "W", "177": "S", "48": "N", "136": "W", "2": "S", "185": "E", "105": "S", "207": "W", "49": "E", "88": "W", "192": "E", "92": "S", "30": "E", "234": "E", "93": "E", "72": "S", "238": "W", "22": "W", "169": "S", "5": "N", "139": "E", "124": "E", "148": "E", "157": "E", "53": "E", "8": "W", "40": "W", "32": "N", "165": "N", "14": "W", "184": "E", "147": "N", "120": "N", "35": "W", "161": "W", "89": "N", "45": "W", "23": "W", "36": "W", "11": "W", "7": "W", "178": "W", "79": "E", "103": "N", "20": "N", "187": "N", "67": "W", "216": "N", "10": "E", "224": "E", "186": "W", "31": "E", "1": "W", "181": "E", "109": "N", "4": "E", "61": "E", "223": "N", "220": "E", "54": "E", "39": "S", "145": "E", "201": "N", "229": "N", "83": "W", "156": "S", "199": "N", "101": "E", "77": "W", "151": "S", "51": "W", "123": "N", "182": "N", "127": "W", "50": "E", "100": "W", "137": "N", "213": "E", "62": "W", "128": "W", "219": "N", "112": "E", "218": "W", "16": "E", "172": "E", "208": "W", "12": "W", "188": "N", "19": "W", "135": "E", "160": "N", "176": "W", "180": "W", "117": "W", "152": "W", "190": "E", "189": "E", "71": "W", "174": "E", "29": "W", "163": "E", "142": "E", "146": "N", "170": "W", "132": "E", "87": "S", "106": "N", "118": "S", "108": "S", "235": "W", "76": "S", "149": "S", "144": "S", "231": "W", "236": "S", "131": "S", "217": "S", "26": "S", "196": "N", "140": "N", "57": "N", "104": "W", "9": "S", "228": "E", "159": "E", "96": "S", "107": "E", "115": "S", "158": "S", "80": "W", "175": "S", "164": "S", "155": "S", "69": "N", "237": "N", "211": "E", "3": "S"}, {"221": "N", "37": "E", "24": "N", "6": "E", "66": "W", "95": "W", "122": "S", "59": "W", "204": "E", "70": "W", "167": "W", "150": "S", "68": "W", "230": "N", "200": "W", "173": "N", "78": "W", "0": "E", "162": "N", "55": "W", "25": "S", "168": "S", "63": "W", "81": "E", "143": "N", "136": "S", "185": "N", "105": "S", "207": "W", "49": "E", "82": "N", "60": "S", "88": "N", "30": "E", "93": "N", "72": "E", "238": "S", "153": "S", "22": "W", "169": "S", "17": "N", "139": "N", "124": "E", "148": "S", "157": "E", "154": "E", "8": "N", "85": "N", "40": "N", "32": "E", "165": "N", "14": "N", "184": "N", "147": "N", "130": "W", "120": "N", "161": "S", "45": "W", "226": "N", "36": "S", "11": "N", "178": "S", "79": "E", "103": "E", "20": "E", "34": "S", "84": "S", "187": "W", "67": "W", "10": "E", "224": "N", "186": "N", "31": "E", "1": "N", "58": "S", "109": "N", "4": "N", "223": "W", "220": "N", "54": "E", "39": "S", "145": "E", "201": "N", "229": "W", "156": "S", "101": "E", "77": "W", "151": "S", "123": "W", "182": "E", "50": "E", "100": "W", "137": "N", "65": "E", "213": "S", "62": "W", "219": "E", "112": "E", "218": "W", "16": "N", "172": "S", "208": "W", "12": "S", "135": "N", "160": "N", "176": "W", "180": "W", "117": "W", "152": "W", "190": "E", "189": "E", "215": "W", "129": "E", "18": "N", "71": "W", "174": "S", "29": "S", "163": "S", "142": "E", "170": "W", "132": "S", "94": "E", "87": "S", "118": "E", "108": "W", "235": "W", "231": "W", "236": "E", "134": "S", "217": "W", "26": "E", "196": "N", "140": "W", "57": "E", "113": "N", "104": "S", "9": "S", "228": "E", "159": "N", "107": "E", "115": "S", "80": "W", "175": "W", "209": "N", "227": "N", "114": "N", "69": "N", "237": "E", "211": "E", "3": "S"}, {"221": "N", "91": "N", "24": "N", "6": "S", "66": "W", "27": "S", "95": "W", "122": "S", "59": "S", "194": "N", "167": "W", "150": "S", "171": "E", "15": "E", "52": "S", "68": "W", "230": "E", "200": "W", "173": "N", "78": "W", "0": "E", "162": "N", "55": "W", "25": "E", "168": "S", "63": "N", "143": "N", "136": "W", "49": "E", "82": "W", "60": "S", "88": "W", "92": "S", "30": "E", "98": "S", "93": "E", "72": "N", "238": "S", "153": "S", "22": "W", "169": "S", "17": "E", "5": "N", "124": "E", "148": "S", "157": "E", "154": "S", "8": "N", "40": "N", "32": "E", "165": "W", "14": "N", "147": "N", "121": "S", "130": "W", "120": "E", "35": "S", "161": "S", "45": "N", "64": "E", "23": "N", "36": "S", "11": "W", "7": "N", "178": "S", "79": "E", "103": "N", "20": "E", "97": "E", "34": "S", "84": "E", "187": "S", "67": "N", "10": "N", "186": "W", "31": "E", "1": "N", "58": "E", "109": "W", "4": "N", "75": "N", "39": "S", "145": "E", "201": "N", "229": "W", "83": "W", "156": "E", "101": "S", "77": "N", "151": "S", "51": "N", "123": "N", "50": "S", "198": "W", "100": "W", "137": "E", "213": "W", "62": "N", "219": "S", "90": "W", "218": "W", "16": "N", "172": "S", "208": "N", "138": "W", "12": "S", "188": "E", "19": "W", "135": "N", "160": "E", "176": "W", "180": "W", "117": "N", "152": "W", "190": "E", "189": "S", "215": "W", "129": "N", "18": "N", "71": "S", "163": "S", "170": "W", "132": "S", "126": "S", "94": "S", "87": "S", "118": "E", "108": "W", "149": "E", "231": "W", "236": "N", "131": "S", "134": "W", "217": "W", "232": "S", "26": "E", "196": "N", "140": "N", "57": "E", "102": "E", "113": "N", "159": "E", "133": "S", "212": "N", "115": "W", "158": "N", "210": "E", "80": "W", "175": "W", "209": "N", "164": "N", "227": "N", "114": "N", "155": "W", "69": "E", "237": "N", "211": "N", "202": "N"}, {"221": "N", "24": "N", "6": "S", "66": "W", "27": "E", "95": "W", "122": "S", "59": "W", "194": "W", "204": "N", "150": "E", "15": "E", "68": "S", "230": "E", "200": "S", "173": "N", "38": "S", "78": "S", "0": "S", "162": "N", "55": "S", "63": "W", "136": "W", "2": "S", "105": "N", "207": "W", "82": "S", "60": "S", "88": "W", "92": "S", "30": "E", "98": "S", "72": "E", "238": "S", "153": "W", "22": "W", "169": "S", "17": "E", "124": "E", "148": "W", "157": "N", "53": "N", "154": "S", "85": "S", "40": "N", "32": "E", "165": "W", "14": "N", "184": "S", "147": "E", "121": "S", "130": "N", "120": "E", "35": "W", "161": "S", "89": "N", "45": "W", "64": "N", "23": "W", "36": "S", "11": "N", "7": "W", "178": "S", "79": "N", "103": "N", "20": "E", "34": "S", "84": "N", "187": "S", "67": "N", "10": "E", "186": "S", "31": "S", "1": "W", "58": "E", "109": "W", "4": "E", "75": "W", "223": "E", "220": "S", "39": "S", "201": "N", "229": "W", "156": "E", "199": "S", "77": "N", "151": "S", "51": "N", "123": "W", "127": "E", "50": "S", "198": "N", "100": "W", "137": "E", "65": "N", "166": "E", "213": "S", "62": "N", "219": "E", "218": "W", "16": "E", "172": "S", "208": "W", "12": "S", "188": "N", "19": "N", "176": "W", "180": "W", "117": "N", "152": "W", "189": "S", "129": "N", "18": "N", "29": "W", "163": "S", "141": "E", "170": "N", "132": "S", "126": "W", "94": "S", "87": "E", "106": "N", "108": "S", "235": "S", "149": "E", "144": "E", "231": "W", "236": "N", "134": "W", "195": "W", "217": "S", "232": "S", "140": "W", "57": "E", "102": "N", "113": "W", "9": "N", "228": "W", "159": "E", "133": "S", "46": "S", "212": "E", "115": "W", "158": "E", "210": "S", "225": "S", "80": "W", "175": "W", "227": "W", "155": "N", "69": "E", "237": "W", "211": "E", "222": "E"}, {"221": "N", "24": "E", "6": "S", "66": "W", "27": "N", "95": "W", "44": "E", "122": "S", "59": "W", "183": "S", "194": "W", "70": "W", "167": "E", "150": "S", "171": "W", "15": "S", "68": "W", "173": "N", "38": "W", "78": "S", "0": "E", "162": "N", "55": "S", "63": "W", "81": "E", "136": "W", "2": "S", "185": "S", "105": "W", "207": "W", "60": "S", "88": "W", "193": "W", "92": "S", "30": "E", "98": "S", "72": "E", "238": "S", "22": "W", "169": "E", "5": "E", "124": "E", "148": "W", "53": "E", "154": "W", "8": "W", "85": "S", "40": "N", "32": "E", "165": "W", "14": "N", "184": "E", "47": "N", "147": "E", "121": "S", "205": "E", "120": "N", "35": "W", "161": "S", "89": "N", "64": "E", "23": "W", "13": "N", "7": "W", "178": "W", "79": "N", "103": "N", "20": "E", "97": "E", "41": "S", "34": "E", "84": "N", "67": "N", "10": "E", "31": "S", "1": "W", "58": "E", "56": "E", "109": "W", "4": "N", "75": "N", "223": "S", "220": "E", "39": "E", "201": "E", "99": "S", "229": "S", "156": "E", "199": "W", "101": "E", "123": "W", "127": "S", "233": "E", "100": "W", "137": "E", "65": "E", "166": "S", "213": "S", "62": "N", "219": "E", "218": "W", "16": "E", "172": "E", "208": "N", "12": "S", "188": "N", "19": "N", "135": "N", "160": "S", "176": "S", "180": "S", "117": "N", "152": "W", "190": "W", "215": "S", "18": "E", "174": "S", "29": "W", "142": "E", "141": "N", "132": "W", "126": "W", "94": "E", "119": "E", "87": "E", "106": "N", "203": "N", "108": "S", "235": "E", "149": "S", "144": "E", "231": "W", "134": "W", "195": "W", "26": "W", "196": "E", "140": "N", "57": "N", "102": "N", "113": "S", "43": "W", "159": "E", "96": "W", "46": "W", "212": "S", "107": "N", "115": "N", "158": "E", "210": "E", "225": "S", "80": "W", "175": "S", "209": "N", "227": "W", "114": "N", "155": "N", "69": "N", "237": "N", "211": "S", "222": "E", "202": "E"}, {"221": "N", "24": "E", "6": "S", "95": "S", "44": "S", "122": "E", "59": "W", "183": "W", "194": "W", "167": "E", "150": "S", "15": "E", "68": "W", "173": "N", "78": "S", "0": "E", "162": "N", "55": "S", "25": "S", "63": "W", "143": "W", "177": "W", "48": "S", "2": "W", "185": "W", "105": "W", "60": "W", "88": "W", "192": "W", "92": "S", "30": "N", "98": "S", "93": "S", "72": "E", "238": "S", "169": "E", "5": "E", "124": "S", "148": "S", "53": "E", "154": "S", "8": "W", "85": "W", "40": "N", "111": "N", "32": "E", "165": "W", "14": "N", "184": "N", "147": "N", "121": "S", "205": "S", "130": "N", "120": "N", "89": "W", "64": "E", "23": "W", "13": "N", "7": "W", "178": "S", "79": "W", "103": "N", "20": "E", "97": "N", "84": "E", "67": "N", "191": "S", "10": "E", "186": "S", "31": "W", "214": "N", "1": "N", "58": "E", "56": "N", "4": "E", "61": "E", "75": "W", "223": "S", "73": "W", "220": "E", "54": "N", "39": "E", "201": "E", "99": "S", "83": "N", "156": "E", "199": "S", "101": "N", "77": "S", "51": "S", "123": "N", "127": "S", "198": "E", "100": "S", "137": "N", "65": "E", "166": "S", "213": "S", "62": "N", "219": "E", "218": "N", "172": "S", "208": "N", "12": "S", "188": "N", "19": "N", "135": "N", "160": "E", "180": "S", "117": "N", "190": "W", "189": "S", "18": "N", "71": "N", "174": "S", "29": "W", "163": "S", "142": "E", "146": "S", "141": "N", "126": "W", "94": "S", "119": "E", "87": "S", "108": "S", "235": "S", "76": "E", "149": "E", "231": "W", "236": "E", "134": "W", "232": "N", "140": "W", "57": "N", "113": "W", "43": "S", "228": "W", "159": "N", "133": "E", "96": "W", "46": "W", "107": "N", "115": "W", "210": "E", "80": "W", "175": "W", "209": "N", "164": "S", "114": "N", "69": "E", "237": "W", "211": "E", "202": "E"}, {"221": "N", "24": "E", "6": "S", "44": "S", "122": "E", "59": "S", "183": "N", "194": "W", "167": "E", "150": "W", "15": "S", "68": "W", "200": "S", "173": "N", "38": "W", "0": "E", "74": "S", "162": "N", "55": "S", "25": "S", "168": "S", "125": "S", "63": "S", "143": "W", "177": "W", "48": "W", "136": "N", "185": "W", "105": "S", "207": "W", "49": "W", "82": "N", "60": "W", "88": "S", "193": "E", "28": "S", "192": "W", "92": "S", "30": "E", "98": "S", "234": "S", "93": "E", "72": "E", "238": "S", "22": "W", "169": "S", "148": "W", "157": "W", "53": "S", "8": "N", "85": "W", "40": "N", "32": "E", "165": "N", "14": "N", "184": "E", "47": "W", "147": "E", "121": "W", "120": "W", "35": "N", "89": "W", "64": "E", "226": "W", "23": "W", "11": "N", "13": "W", "178": "S", "79": "W", "103": "E", "20": "E", "97": "N", "34": "S", "206": "S", "84": "E", "67": "W", "191": "W", "216": "S", "10": "E", "224": "N", "186": "S", "31": "W", "214": "E", "1": "W", "58": "E", "4": "E", "61": "S", "75": "W", "223": "S", "54": "N", "39": "E", "145": "W", "99": "S", "83": "W", "156": "S", "101": "N", "77": "E", "123": "N", "127": "S", "50": "E", "137": "W", "65": "E", "166": "E", "62": "N", "128": "E", "219": "S", "90": "W", "218": "W", "172": "E", "208": "W", "138": "W", "12": "E", "188": "N", "19": "N", "135": "E", "117": "N", "152": "W", "189": "S", "129": "S", "18": "N", "71": "W", "174": "S", "29": "W", "163": "E", "142": "S", "146": "S", "141": "N", "132": "S", "126": "W", "94": "S", "87": "E", "106": "N", "108": "W", "235": "E", "76": "S", "149": "E", "144": "E", "231": "W", "236": "N", "131": "N", "195": "E", "26": "E", "140": "N", "57": "N", "102": "E", "113": "W", "43": "S", "9": "S", "159": "E", "133": "S", "96": "W", "46": "W", "115": "W", "158": "S", "210": "S", "80": "W", "175": "W", "164": "W", "69": "E", "222": "W"}, {"221": "N", "86": "W", "24": "E", "6": "W", "44": "E", "59": "S", "194": "W", "150": "W", "15": "S", "52": "N", "68": "N", "200": "W", "173": "E", "38": "W", "78": "S", "0": "E", "162": "N", "55": "S", "25": "W", "63": "S", "81": "S", "143": "N", "177": "W", "48": "S", "136": "W", "2": "E", "185": "W", "207": "W", "49": "N", "60": "N", "88": "S", "192": "W", "92": "W", "30": "E", "98": "W", "234": "W", "93": "E", "72": "E", "238": "W", "153": "S", "22": "W", "169": "S", "17": "S", "5": "W", "148": "S", "157": "S", "53": "W", "8": "N", "85": "W", "40": "N", "32": "S", "165": "N", "14": "N", "184": "E", "47": "N", "147": "E", "121": "S", "35": "W", "161": "W", "89": "W", "45": "W", "64": "N", "226": "W", "36": "S", "11": "W", "13": "W", "7": "S", "178": "W", "79": "N", "103": "E", "20": "N", "97": "N", "41": "W", "34": "S", "206": "W", "84": "S", "187": "N", "67": "N", "239": "S", "191": "S", "10": "N", "224": "N", "31": "W", "214": "E", "1": "W", "58": "S", "56": "N", "4": "E", "61": "S", "75": "S", "223": "S", "73": "W", "220": "S", "54": "N", "99": "S", "229": "E", "83": "S", "156": "S", "199": "S", "101": "E", "127": "W", "50": "E", "137": "W", "65": "S", "166": "E", "62": "E", "128": "E", "219": "S", "172": "S", "208": "W", "138": "S", "188": "W", "19": "W", "176": "E", "117": "N", "152": "W", "189": "W", "18": "E", "71": "S", "29": "S", "163": "S", "142": "E", "141": "W", "132": "S", "126": "W", "94": "S", "87": "S", "108": "W", "235": "S", "149": "N", "231": "S", "236": "W", "131": "N", "134": "E", "195": "E", "217": "S", "232": "N", "26": "N", "140": "N", "57": "E", "102": "N", "113": "N", "104": "S", "43": "S", "159": "N", "133": "S", "96": "S", "46": "W", "107": "S", "115": "W", "158": "S", "210": "E", "80": "W", "175": "S", "209": "S", "164": "W", "155": "N", "69": "E", "3": "N"}, {"221": "N", "86": "W", "24": "E", "6": "S", "44": "E", "59": "S", "194": "W", "150": "W", "197": "S", "171": "W", "15": "S", "52": "E", "230": "W", "200": "S", "173": "E", "78": "W", "0": "E", "74": "S", "162": "N", "63": "S", "81": "E", "143": "N", "177": "S", "136": "N", "2": "E", "185": "W", "207": "S", "49": "N", "82": "S", "60": "N", "88": "S", "192": "W", "92": "W", "30": "E", "98": "W", "234": "W", "93": "E", "72": "E", "153": "W", "169": "E", "5": "N", "148": "W", "157": "E", "53": "N", "154": "W", "8": "N", "85": "S", "40": "N", "32": "S", "165": "N", "14": "E", "184": "E", "47": "N", "147": "E", "121": "S", "35": "W", "161": "S", "89": "N", "64": "E", "226": "N", "11": "W", "13": "W", "178": "S", "79": "N", "103": "S", "20": "N", "97": "N", "41": "N", "34": "E", "206": "W", "187": "N", "239": "S", "191": "S", "10": "E", "224": "N", "186": "S", "31": "W", "214": "N", "1": "W", "181": "W", "58": "E", "56": "N", "109": "W", "4": "E", "61": "S", "75": "S", "223": "S", "73": "N", "220": "S", "54": "E", "145": "E", "201": "E", "99": "S", "229": "N", "83": "S", "156": "E", "101": "N", "77": "E", "51": "E", "182": "E", "127": "S", "198": "E", "137": "W", "65": "S", "213": "E", "62": "E", "219": "S", "16": "N", "172": "E", "208": "W", "12": "N", "19": "W", "135": "E", "160": "N", "176": "S", "117": "N", "152": "N", "189": "S", "215": "S", "129": "N", "18": "E", "71": "S", "174": "S", "29": "S", "142": "N", "141": "N", "170": "W", "132": "W", "94": "W", "119": "S", "87": "E", "106": "N", "203": "N", "118": "N", "108": "S", "235": "E", "149": "E", "231": "S", "236": "W", "195": "E", "217": "S", "232": "N", "196": "S", "140": "W", "57": "E", "102": "N", "113": "W", "104": "W", "43": "S", "159": "E", "133": "S", "96": "S", "46": "S", "115": "W", "158": "S", "210": "S", "225": "N", "80": "W", "175": "S", "164": "W", "155": "E", "69": "N", "211": "N", "222": "W", "3": "W", "202": "N"}, {"221": "N", "86": "S", "24": "E", "6": "S", "44": "E", "59": "S", "42": "N", "183": "E", "194": "S", "70": "N", "150": "S", "197": "S", "15": "S", "200": "S", "173": "E", "78": "W", "0": "E", "162": "N", "55": "S", "125": "N", "63": "S", "81": "E", "143": "W", "177": "S", "136": "N", "2": "E", "185": "W", "207": "S", "49": "N", "82": "S", "60": "N", "88": "S", "192": "W", "30": "E", "98": "S", "234": "W", "93": "E", "72": "E", "238": "E", "153": "W", "22": "W", "169": "S", "5": "N", "148": "W", "157": "E", "53": "E", "154": "S", "8": "N", "85": "S", "40": "E", "111": "N", "32": "S", "14": "E", "184": "E", "47": "N", "147": "N", "121": "W", "35": "W", "161": "S", "89": "N", "64": "E", "226": "W", "23": "S", "36": "E", "11": "W", "13": "W", "178": "S", "103": "S", "20": "E", "97": "E", "41": "N", "34": "E", "84": "E", "239": "E", "191": "W", "10": "N", "186": "E", "31": "W", "214": "N", "1": "W", "181": "N", "58": "E", "109": "W", "4": "N", "61": "S", "110": "N", "75": "W", "223": "S", "220": "E", "54": "N", "145": "E", "201": "E", "99": "S", "229": "N", "83": "S", "156": "E", "199": "W", "101": "E", "77": "E", "182": "S", "127": "W", "198": "N", "137": "N", "65": "S", "213": "E", "62": "E", "219": "S", "90": "E", "218": "S", "16": "N", "172": "E", "208": "N", "188": "N", "19": "N", "135": "S", "160": "N", "117": "N", "152": "N", "189": "W", "215": "W", "129": "N", "18": "E", "71": "S", "174": "S", "29": "S", "142": "N", "146": "W", "141": "N", "170": "W", "132": "W", "94": "W", "119": "E", "87": "E", "203": "N", "118": "N", "108": "S", "235": "E", "149": "E", "231": "E", "236": "S", "131": "S", "134": "S", "195": "E", "217": "S", "232": "N", "196": "E", "140": "N", "57": "S", "113": "S", "43": "E", "228": "N", "159": "N", "133": "S", "96": "S", "46": "S", "115": "W", "158": "S", "225": "N", "80": "S", "175": "S", "164": "W", "114": "N", "155": "E", "69": "N", "211": "N", "222": "W", "3": "W", "202": "N"}, {"86": "W", "24": "E", "6": "W", "95": "N", "44": "E", "59": "W", "42": "E", "194": "S", "70": "N", "150": "S", "197": "S", "15": "S", "68": "N", "230": "E", "200": "S", "173": "E", "78": "S", "0": "E", "162": "N", "63": "S", "81": "E", "116": "E", "2": "E", "185": "W", "207": "S", "49": "N", "60": "N", "88": "W", "193": "E", "192": "W", "30": "E", "234": "W", "93": "N", "72": "E", "238": "E", "153": "N", "22": "W", "169": "S", "17": "W", "5": "N", "139": "W", "148": "W", "157": "E", "53": "E", "154": "W", "8": "N", "85": "S", "40": "E", "32": "S", "165": "E", "14": "E", "47": "N", "147": "E", "121": "W", "205": "E", "130": "W", "35": "S", "161": "S", "89": "N", "64": "E", "226": "W", "23": "W", "36": "S", "11": "W", "13": "W", "7": "N", "178": "S", "103": "E", "20": "N", "97": "N", "41": "N", "34": "E", "206": "E", "187": "E", "191": "W", "216": "W", "10": "E", "224": "N", "186": "S", "31": "W", "214": "N", "1": "W", "181": "N", "58": "E", "56": "W", "109": "W", "4": "E", "75": "W", "223": "S", "73": "N", "220": "E", "54": "N", "145": "E", "201": "E", "229": "N", "83": "S", "156": "E", "199": "N", "101": "E", "77": "E", "51": "W", "182": "W", "127": "S", "50": "S", "198": "N", "100": "S", "137": "N", "65": "S", "213": "S", "62": "E", "219": "S", "90": "S", "218": "W", "16": "E", "172": "E", "188": "W", "135": "S", "160": "N", "176": "S", "117": "N", "152": "N", "189": "W", "215": "W", "18": "E", "71": "S", "174": "S", "29": "S", "142": "N", "141": "N", "170": "W", "132": "W", "126": "N", "94": "S", "87": "E", "106": "N", "203": "N", "108": "S", "76": "N", "149": "E", "231": "S", "236": "W", "232": "N", "26": "S", "140": "E", "57": "S", "104": "W", "43": "S", "9": "N", "228": "N", "159": "N", "133": "S", "96": "S", "46": "S", "107": "W", "115": "W", "158": "E", "210": "W", "80": "S", "175": "S", "209": "N", "164": "N", "114": "N", "155": "E", "69": "E", "211": "E", "3": "W"}, {"86": "W", "6": "S", "95": "N", "44": "E", "122": "S", "59": "W", "42": "S", "183": "S", "70": "N", "171": "E", "15": "S", "68": "N", "200": "S", "173": "N", "0": "N", "162": "N", "63": "S", "81": "E", "136": "W", "185": "W", "105": "N", "207": "E", "49": "N", "82": "W", "88": "S", "192": "W", "92": "W", "98": "S", "234": "W", "93": "E", "72": "E", "238": "S", "153": "N", "22": "S", "169": "S", "17": "W", "5": "N", "139": "N", "148": "N", "157": "E", "53": "E", "154": "W", "8": "N", "85": "S", "40": "N", "32": "S", "165": "N", "14": "N", "184": "W", "147": "E", "121": "W", "205": "S", "130": "S", "35": "S", "161": "S", "89": "N", "45": "N", "64": "E", "23": "N", "36": "W", "11": "S", "13": "W", "7": "N", "178": "W", "79": "N", "103": "E", "20": "N", "41": "N", "34": "S", "206": "N", "84": "E", "187": "S", "67": "W", "239": "S", "191": "W", "216": "N", "10": "E", "224": "N", "186": "S", "31": "W", "214": "N", "1": "W", "181": "N", "58": "S", "56": "S", "109": "W", "4": "N", "61": "S", "110": "N", "75": "W", "223": "S", "220": "N", "54": "E", "229": "N", "83": "S", "156": "E", "199": "E", "77": "N", "51": "N", "123": "N", "127": "W", "50": "S", "198": "N", "137": "N", "65": "S", "166": "E", "213": "S", "128": "E", "219": "S", "90": "S", "218": "W", "16": "N", "172": "E", "208": "N", "138": "E", "12": "S", "135": "S", "160": "N", "176": "S", "117": "N", "152": "N", "189": "W", "18": "S", "71": "S", "174": "W", "29": "S", "141": "W", "170": "W", "132": "S", "94": "S", "119": "N", "87": "E", "106": "N", "203": "N", "118": "S", "108": "S", "76": "N", "149": "E", "231": "S", "232": "W", "196": "S", "140": "N", "57": "S", "102": "N", "104": "S", "43": "S", "9": "N", "159": "E", "133": "S", "96": "S", "46": "S", "212": "S", "115": "W", "225": "S", "80": "S", "175": "S", "209": "N", "164": "N", "227": "W", "114": "W", "155": "N", "69": "E", "237": "S", "3": "W", "202": "N"}, {"86": "W", "6": "W", "95": "N", "44": "E", "59": "S", "42": "W", "183": "W", "70": "N", "197": "W", "171": "E", "15": "S", "52": "W", "68": "W", "230": "N", "200": "W", "173": "N", "38": "W", "78": "S", "0": "E", "162": "N", "55": "S", "63": "S", "81": "E", "116": "W", "136": "N", "2": "E", "185": "W", "105": "N", "207": "E", "49": "N", "88": "S", "192": "W", "92": "S", "30": "E", "234": "W", "93": "N", "72": "E", "238": "S", "153": "N", "22": "S", "169": "S", "17": "S", "5": "E", "139": "N", "148": "W", "157": "E", "53": "E", "154": "S", "8": "E", "85": "S", "40": "E", "111": "W", "32": "S", "165": "N", "14": "N", "184": "N", "147": "E", "205": "W", "130": "W", "120": "N", "35": "W", "161": "S", "89": "W", "45": "W", "64": "N", "23": "W", "36": "W", "11": "E", "13": "W", "179": "N", "178": "S", "79": "W", "103": "E", "20": "E", "34": "E", "206": "N", "84": "E", "187": "S", "67": "W", "239": "W", "191": "W", "216": "N", "10": "E", "224": "N", "186": "S", "31": "S", "214": "N", "1": "S", "181": "E", "58": "E", "56": "S", "109": "N", "4": "N", "110": "N", "75": "S", "223": "E", "220": "E", "54": "E", "39": "E", "201": "N", "99": "W", "229": "N", "83": "S", "156": "E", "199": "N", "101": "S", "51": "N", "123": "E", "182": "S", "127": "W", "233": "E", "50": "W", "198": "N", "65": "S", "166": "N", "213": "E", "219": "E", "90": "S", "218": "W", "16": "N", "172": "E", "138": "S", "12": "S", "188": "W", "135": "S", "160": "N", "180": "N", "117": "N", "152": "N", "189": "W", "215": "E", "129": "S", "18": "E", "71": "S", "174": "W", "29": "S", "163": "S", "146": "S", "170": "W", "132": "W", "126": "S", "94": "E", "119": "N", "87": "S", "106": "N", "203": "N", "108": "S", "235": "N", "76": "W", "149": "E", "231": "S", "236": "E", "131": "N", "134": "S", "195": "N", "217": "N", "232": "N", "140": "W", "57": "S", "102": "W", "113": "S", "104": "S", "43": "S", "228": "S", "159": "N", "133": "S", "96": "S", "46": "S", "107": "E", "115": "W", "80": "S", "175": "S", "209": "N", "227": "W", "114": "W", "155": "N", "69": "N", "211": "N", "3": "N", "202": "E"}, {"86": "W", "6": "W", "44": "S", "59": "W", "70": "E", "197": "W", "15": "S", "68": "W", "200": "W", "173": "N", "21": "S", "0": "E", "162": "E", "55": "W", "63": "S", "81": "N", "136": "N", "2": "E", "185": "N", "207": "E", "49": "N", "82": "E", "88": "W", "193": "N", "28": "S", "192": "N", "92": "S", "30": "E", "98": "E", "234": "W", "93": "E", "72": "E", "238": "S", "153": "N", "22": "S", "169": "E", "17": "S", "139": "N", "148": "N", "157": "E", "53": "E", "154": "S", "8": "E", "85": "S", "40": "E", "32": "S", "165": "W", "14": "E", "147": "E", "121": "W", "205": "W", "130": "W", "120": "W", "161": "S", "89": "W", "45": "W", "226": "E", "36": "S", "13": "W", "179": "W", "7": "W", "178": "S", "79": "W", "103": "E", "20": "E", "97": "W", "41": "W", "34": "E", "206": "E", "84": "E", "187": "S", "67": "N", "239": "N", "191": "W", "216": "N", "10": "N", "224": "N", "186": "S", "31": "S", "214": "N", "1": "S", "181": "N", "58": "E", "56": "S", "109": "W", "4": "E", "61": "W", "75": "S", "223": "S", "73": "W", "220": "E", "54": "S", "201": "E", "229": "E", "83": "S", "77": "E", "51": "E", "123": "N", "127": "W", "50": "S", "198": "W", "137": "N", "65": "S", "166": "N", "62": "N", "128": "W", "219": "E", "90": "S", "112": "E", "218": "W", "172": "N", "208": "E", "138": "S", "12": "S", "188": "W", "19": "E", "135": "E", "176": "S", "117": "E", "152": "N", "189": "S", "215": "N", "129": "S", "18": "S", "71": "S", "174": "S", "29": "S", "163": "S", "146": "W", "170": "W", "132": "W", "126": "S", "94": "N", "119": "N", "87": "S", "203": "E", "118": "N", "108": "S", "235": "E", "149": "E", "231": "S", "134": "S", "195": "E", "232": "N", "26": "S", "196": "N", "57": "E", "113": "W", "104": "S", "43": "S", "228": "S", "159": "N", "133": "S", "96": "S", "46": "S", "107": "S", "115": "N", "158": "S", "210": "S", "225": "N", "80": "S", "175": "S", "227": "W", "114": "W", "155": "E", "69": "E", "237": "W", "211": "N", "222": "S", "202": "E"}, {"86": "S", "6": "W", "95": "S", "44": "E", "122": "N", "59": "N", "183": "E", "70": "S", "197": "W", "15": "S", "68": "W", "173": "W", "0": "N", "162": "E", "55": "S", "63": "S", "177": "S", "136": "N", "2": "N", "185": "N", "105": "S", "207": "E", "82": "S", "88": "W", "193": "N", "192": "N", "92": "S", "30": "N", "98": "N", "234": "W", "93": "N", "72": "E", "238": "E", "153": "N", "22": "E", "169": "E", "17": "S", "5": "N", "139": "N", "148": "E", "157": "N", "53": "S", "154": "E", "8": "N", "85": "S", "111": "E", "32": "E", "14": "E", "184": "N", "147": "N", "121": "W", "205": "N", "130": "N", "120": "N", "161": "S", "89": "W", "45": "W", "64": "N", "36": "S", "13": "W", "179": "N", "7": "S", "178": "W", "79": "W", "103": "S", "20": "N", "41": "S", "34": "E", "84": "E", "187": "S", "67": "N", "191": "W", "216": "N", "186": "S", "31": "S", "214": "E", "1": "S", "181": "E", "56": "S", "109": "N", "4": "E", "61": "W", "110": "S", "75": "S", "223": "S", "73": "W", "220": "S", "54": "S", "145": "N", "201": "N", "83": "S", "156": "E", "101": "N", "77": "E", "51": "S", "123": "W", "127": "W", "233": "E", "50": "S", "198": "W", "137": "W", "166": "W", "213": "E", "62": "E", "219": "S", "90": "S", "218": "W", "16": "S", "172": "E", "12": "S", "135": "S", "160": "N", "176": "W", "180": "N", "152": "N", "189": "W", "215": "N", "18": "S", "71": "S", "174": "S", "29": "E", "163": "E", "146": "W", "141": "E", "170": "W", "132": "N", "119": "N", "87": "E", "106": "N", "108": "S", "149": "N", "231": "S", "232": "W", "196": "N", "57": "E", "102": "S", "113": "N", "104": "S", "43": "S", "159": "N", "133": "S", "96": "S", "46": "S", "115": "N", "158": "E", "210": "S", "80": "S", "175": "E", "209": "N", "164": "S", "227": "S", "114": "W", "155": "E", "69": "S", "211": "N", "222": "S", "3": "N", "202": "E"}, {"86": "S", "6": "N", "95": "S", "44": "N", "183": "N", "70": "S", "197": "W", "15": "W", "68": "W", "200": "S", "173": "N", "21": "N", "78": "E", "0": "W", "74": "E", "55": "W", "63": "S", "81": "E", "116": "E", "136": "W", "2": "W", "185": "N", "105": "S", "207": "E", "49": "E", "88": "W", "193": "N", "192": "N", "30": "N", "98": "W", "234": "W", "93": "W", "72": "E", "238": "E", "153": "N", "22": "E", "169": "E", "17": "S", "139": "N", "124": "N", "157": "E", "53": "E", "154": "E", "8": "N", "85": "S", "40": "E", "14": "E", "147": "E", "121": "W", "205": "E", "130": "N", "120": "W", "35": "W", "161": "S", "89": "W", "45": "W", "64": "E", "36": "S", "13": "W", "179": "W", "7": "S", "178": "S", "79": "W", "103": "S", "20": "N", "97": "E", "41": "S", "34": "N", "206": "N", "84": "E", "187": "S", "67": "N", "191": "N", "216": "N", "10": "N", "224": "E", "186": "S", "31": "S", "214": "E", "1": "S", "181": "N", "56": "S", "109": "W", "4": "E", "61": "W", "75": "S", "223": "S", "73": "W", "220": "S", "54": "S", "39": "S", "145": "N", "201": "N", "99": "S", "229": "S", "83": "S", "156": "S", "199": "S", "77": "E", "127": "W", "50": "W", "198": "W", "137": "W", "166": "N", "213": "S", "62": "E", "219": "S", "90": "S", "112": "W", "218": "W", "16": "E", "172": "E", "208": "W", "19": "W", "135": "E", "160": "W", "176": "S", "180": "N", "152": "N", "189": "W", "18": "S", "71": "S", "174": "W", "29": "E", "163": "S", "146": "W", "141": "N", "170": "W", "132": "W", "126": "N", "119": "N", "87": "E", "106": "N", "118": "E", "108": "S", "235": "S", "149": "E", "144": "E", "231": "S", "134": "N", "195": "E", "232": "N", "26": "W", "196": "N", "140": "E", "57": "E", "102": "S", "113": "E", "104": "S", "43": "S", "9": "E", "159": "N", "133": "S", "96": "S", "46": "S", "212": "N", "107": "E", "115": "N", "158": "N", "210": "S", "209": "N", "164": "S", "114": "W", "155": "N", "69": "S", "237": "W", "211": "N", "3": "N", "202": "S"}, {"86": "S", "95": "S", "70": "S", "197": "S", "15": "W", "68": "S", "230": "S", "200": "W", "173": "N", "78": "N", "0": "N", "74": "N", "55": "W", "63": "S", "136": "N", "2": "N", "185": "N", "207": "E", "82": "W", "88": "W", "193": "N", "192": "N", "92": "N", "30": "N", "234": "W", "93": "N", "72": "E", "153": "N", "22": "E", "169": "S", "17": "S", "139": "N", "124": "W", "53": "N", "154": "E", "8": "E", "85": "S", "40": "N", "14": "E", "121": "W", "205": "N", "120": "N", "35": "S", "161": "S", "89": "W", "45": "W", "64": "N", "226": "N", "23": "N", "36": "S", "13": "N", "179": "W", "7": "S", "178": "W", "79": "N", "103": "S", "20": "E", "34": "E", "206": "N", "84": "N", "187": "S", "67": "N", "216": "N", "10": "N", "224": "E", "186": "E", "31": "W", "214": "E", "1": "S", "181": "E", "56": "S", "109": "W", "4": "S", "61": "W", "75": "S", "223": "S", "73": "W", "220": "S", "54": "S", "201": "E", "99": "E", "83": "S", "156": "E", "199": "W", "101": "N", "77": "E", "51": "W", "127": "S", "50": "W", "198": "N", "137": "N", "166": "N", "213": "W", "62": "E", "128": "W", "219": "S", "90": "S", "218": "W", "16": "E", "172": "E", "208": "W", "12": "W", "135": "S", "160": "N", "176": "W", "117": "W", "152": "N", "189": "W", "215": "W", "18": "S", "71": "E", "174": "W", "29": "S", "163": "E", "141": "N", "170": "W", "132": "W", "126": "N", "119": "W", "87": "E", "118": "E", "108": "S", "235": "E", "76": "N", "149": "N", "144": "E", "231": "S", "236": "N", "131": "E", "195": "S", "232": "N", "196": "N", "140": "N", "57": "S", "102": "E", "113": "N", "104": "S", "43": "S", "159": "N", "133": "S", "96": "S", "46": "E", "212": "W", "107": "E", "115": "N", "210": "S", "225": "S", "175": "S", "209": "W", "114": "W", "155": "E", "69": "E", "211": "E", "202": "S"}, {"86": "S", "95": "S", "70": "S", "197": "S", "15": "S", "200": "W", "173": "N", "78": "N", "0": "N", "74": "N", "162": "S", "55": "W", "25": "W", "63": "S", "177": "W", "136": "E", "2": "N", "185": "W", "207": "E", "49": "W", "82": "W", "88": "W", "193": "N", "28": "W", "192": "W", "92": "N", "30": "W", "98": "W", "234": "N", "93": "W", "72": "E", "153": "N", "22": "E", "169": "W", "17": "E", "139": "N", "124": "W", "8": "E", "85": "E", "40": "N", "32": "E", "14": "E", "47": "W", "147": "N", "121": "W", "89": "W", "64": "N", "226": "E", "36": "W", "13": "W", "179": "W", "7": "W", "178": "W", "79": "W", "103": "S", "20": "E", "97": "W", "41": "E", "84": "N", "187": "W", "67": "N", "191": "N", "216": "N", "10": "N", "186": "E", "31": "S", "1": "S", "181": "E", "58": "E", "56": "S", "109": "N", "4": "E", "61": "W", "75": "S", "223": "W", "73": "W", "220": "S", "54": "E", "39": "N", "201": "E", "99": "E", "229": "W", "156": "E", "199": "N", "101": "N", "77": "E", "151": "E", "51": "W", "127": "W", "50": "W", "198": "N", "137": "N", "166": "W", "62": "E", "219": "S", "90": "S", "218": "N", "16": "E", "172": "E", "208": "W", "188": "N", "135": "S", "160": "N", "176": "W", "180": "S", "117": "W", "152": "E", "189": "W", "18": "E", "71": "E", "174": "W", "29": "S", "163": "E", "142": "N", "146": "N", "141": "N", "170": "N", "132": "W", "119": "W", "87": "E", "106": "N", "203": "N", "118": "E", "108": "S", "235": "E", "76": "W", "149": "E", "231": "S", "236": "E", "131": "N", "26": "W", "196": "N", "140": "N", "57": "E", "102": "N", "113": "N", "104": "S", "43": "S", "9": "W", "159": "N", "133": "S", "96": "E", "46": "E", "212": "W", "107": "E", "210": "W", "225": "E", "175": "S", "209": "W", "227": "W", "114": "W", "155": "E", "69": "E", "237": "W", "211": "E", "3": "N", "202": "S"}, {"197": "W", "15": "W", "52": "W", "200": "W", "173": "N", "38": "W", "78": "W", "0": "W", "74": "W", "162": "S", "55": "N", "63": "S", "177": "W", "116": "W", "136": "N", "2": "N", "185": "W", "207": "E", "49": "N", "82": "W", "88": "W", "193": "W", "28": "W", "192": "W", "92": "W", "30": "W", "98": "W", "234": "W", "93": "W", "72": "N", "153": "N", "22": "E", "169": "W", "17": "S", "5": "N", "139": "N", "124": "W", "157": "E", "154": "E", "8": "E", "85": "E", "40": "N", "32": "E", "14": "E", "184": "N", "47": "N", "147": "N", "130": "E", "89": "N", "45": "S", "64": "N", "226": "N", "36": "S", "13": "N", "7": "S", "178": "W", "79": "N", "103": "S", "20": "E", "97": "N", "41": "S", "34": "N", "84": "N", "67": "N", "216": "N", "10": "N", "186": "E", "31": "S", "1": "S", "181": "N", "58": "E", "56": "S", "109": "N", "4": "S", "61": "W", "75": "S", "223": "S", "73": "W", "220": "E", "54": "S", "201": "E", "99": "S", "229": "N", "199": "N", "77": "E", "51": "S", "182": "N", "127": "S", "233": "W", "50": "W", "198": "N", "137": "N", "62": "E", "219": "S", "218": "N", "16": "E", "188": "N", "160": "N", "117": "N", "152": "E", "189": "W", "215": "S", "18": "E", "174": "W", "29": "S", "163": "E", "142": "N", "141": "N", "170": "N", "132": "W", "94": "S", "119": "N", "87": "N", "106": "E", "203": "E", "118": "E", "108": "W", "76": "W", "149": "N", "231": "E", "236": "E", "131": "E", "26": "N", "196": "N", "140": "W", "57": "E", "104": "E", "43": "W", "159": "N", "133": "S", "96": "E", "212": "N", "158": "E", "210": "W", "225": "E", "80": "W", "209": "W", "164": "S", "114": "W", "155": "N", "69": "E", "237": "W", "211": "E", "202": "E"}, {"197": "S", "15": "W", "52": "W", "68": "S", "200": "W", "173": "W", "38": "W", "78": "N", "162": "E", "55": "N", "63": "S", "177": "W", "136": "N", "2": "N", "185": "N", "207": "E", "49": "N", "88": "S", "193": "W", "28": "W", "192": "N", "98": "W", "93": "W", "72": "N", "153": "N", "22": "E", "169": "S", "17": "S", "5": "N", "139": "N", "124": "W", "157": "N", "53": "N", "154": "S", "8": "S", "85": "S", "40": "N", "14": "N", "47": "N", "121": "W", "130": "N", "35": "E", "161": "S", "89": "N", "33": "N", "64": "W", "226": "N", "36": "S", "13": "N", "179": "N", "7": "S", "178": "W", "79": "W", "103": "S", "20": "N", "97": "E", "34": "E", "206": "S", "84": "N", "187": "E", "67": "N", "216": "E", "10": "E", "224": "N", "31": "W", "1": "S", "181": "N", "58": "E", "56": "S", "109": "N", "4": "E", "110": "N", "75": "S", "223": "S", "73": "W", "220": "S", "54": "E", "201": "N", "99": "W", "229": "E", "83": "E", "156": "E", "199": "E", "151": "W", "51": "E", "123": "S", "127": "W", "50": "W", "198": "W", "100": "W", "137": "N", "213": "W", "62": "N", "219": "E", "16": "E", "172": "S", "208": "W", "138": "E", "12": "E", "188": "W", "135": "E", "160": "N", "176": "W", "117": "N", "152": "E", "189": "W", "215": "W", "18": "E", "71": "E", "174": "W", "29": "S", "163": "E", "142": "N", "141": "W", "170": "N", "132": "W", "94": "S", "119": "N", "87": "E", "106": "E", "203": "E", "118": "E", "108": "S", "235": "S", "149": "E", "144": "E", "231": "E", "236": "E", "131": "E", "195": "N", "196": "N", "57": "E", "113": "E", "43": "S", "159": "N", "133": "W", "96": "E", "212": "W", "107": "S", "158": "E", "210": "S", "225": "E", "80": "W", "175": "W", "209": "S", "114": "W", "155": "E", "69": "E", "237": "W", "211": "E", "222": "S", "202": "E"}, {"197": "S", "15": "W", "68": "S", "200": "S", "173": "W", "55": "N", "168": "S", "177": "W", "136": "E", "2": "W", "185": "N", "105": "S", "207": "E", "49": "E", "88": "S", "193": "N", "192": "N", "93": "N", "72": "E", "238": "E", "153": "N", "22": "E", "169": "S", "17": "S", "5": "E", "139": "E", "124": "W", "157": "N", "53": "N", "154": "W", "8": "E", "85": "S", "40": "N", "32": "S", "14": "N", "47": "N", "205": "W", "130": "W", "120": "W", "161": "S", "89": "W", "33": "W", "64": "W", "226": "E", "36": "S", "13": "W", "7": "S", "178": "W", "79": "W", "103": "S", "20": "N", "97": "E", "41": "S", "84": "N", "187": "S", "67": "N", "239": "N", "191": "S", "216": "E", "10": "N", "31": "W", "1": "S", "181": "N", "58": "E", "56": "S", "109": "N", "4": "S", "61": "W", "75": "S", "223": "W", "73": "S", "220": "S", "54": "S", "39": "W", "201": "E", "99": "W", "83": "E", "101": "S", "77": "E", "127": "W", "233": "W", "50": "W", "100": "S", "137": "N", "62": "N", "219": "E", "90": "S", "16": "E", "172": "E", "208": "W", "138": "E", "188": "W", "135": "E", "160": "E", "176": "W", "117": "N", "152": "E", "189": "W", "215": "W", "129": "N", "18": "S", "174": "W", "29": "S", "163": "E", "142": "N", "141": "N", "170": "E", "132": "W", "126": "N", "94": "S", "87": "E", "106": "S", "203": "N", "118": "E", "235": "E", "149": "N", "144": "S", "231": "E", "131": "S", "134": "W", "195": "W", "232": "E", "26": "N", "196": "N", "57": "E", "102": "S", "113": "E", "104": "N", "43": "S", "159": "N", "133": "W", "96": "E", "212": "W", "107": "E", "158": "E", "210": "S", "80": "W", "175": "W", "209": "S", "164": "S", "114": "S", "155": "E", "69": "E", "237": "W", "211": "S", "222": "S", "3": "S", "202": "E"}, {"197": "S", "15": "W", "68": "S", "230": "N", "200": "W", "173": "W", "162": "W", "177": "S", "136": "S", "2": "N", "185": "W", "105": "S", "207": "E", "49": "N", "88": "S", "193": "W", "192": "N", "72": "E", "153": "W", "22": "E", "169": "S", "17": "E", "5": "E", "124": "W", "157": "N", "53": "N", "154": "N", "8": "E", "85": "E", "40": "N", "32": "E", "14": "N", "184": "E", "47": "N", "130": "N", "161": "E", "89": "W", "45": "E", "33": "W", "64": "N", "226": "S", "36": "S", "11": "W", "13": "W", "7": "S", "178": "W", "79": "W", "103": "E", "20": "N", "97": "N", "41": "W", "34": "N", "84": "N", "187": "S", "67": "N", "239": "N", "191": "W", "10": "N", "224": "E", "31": "W", "214": "N", "1": "W", "181": "N", "58": "E", "56": "E", "109": "N", "4": "E", "61": "W", "110": "N", "75": "S", "223": "W", "73": "W", "54": "E", "201": "S", "99": "W", "83": "S", "101": "S", "77": "N", "123": "N", "127": "W", "50": "W", "198": "E", "100": "W", "137": "W", "166": "E", "62": "N", "219": "E", "90": "E", "218": "W", "16": "E", "172": "E", "208": "S", "188": "N", "135": "E", "160": "N", "176": "W", "117": "W", "152": "E", "190": "S", "189": "W", "215": "W", "129": "N", "18": "E", "174": "W", "29": "S", "163": "S", "142": "N", "146": "W", "141": "N", "170": "N", "132": "W", "126": "E", "94": "S", "87": "E", "106": "S", "203": "N", "118": "E", "235": "E", "149": "N", "231": "S", "131": "E", "134": "W", "217": "E", "232": "N", "26": "W", "196": "N", "140": "N", "57": "E", "102": "W", "113": "E", "43": "S", "228": "E", "159": "N", "133": "W", "46": "W", "212": "W", "107": "E", "115": "S", "158": "E", "210": "S", "225": "N", "80": "S", "175": "S", "164": "W", "227": "N", "114": "S", "155": "N", "69": "S", "237": "W", "211": "S", "222": "W", "3": "S", "202": "E"}, {"197": "S", "15": "N", "52": "W", "68": "S", "200": "W", "173": "W", "38": "W", "162": "N", "177": "S", "48": "N", "136": "S", "2": "N", "185": "N", "207": "S", "49": "N", "88": "S", "72": "E", "153": "N", "22": "E", "169": "S", "17": "N", "5": "E", "124": "W", "157": "N", "53": "N", "8": "S", "85": "N", "40": "W", "32": "N", "14": "N", "184": "N", "47": "N", "121": "N", "130": "N", "161": "N", "89": "W", "33": "W", "64": "N", "226": "S", "36": "S", "13": "N", "7": "S", "178": "N", "79": "W", "103": "E", "20": "E", "41": "S", "84": "N", "187": "S", "67": "N", "191": "N", "216": "N", "10": "N", "224": "E", "31": "W", "214": "N", "1": "W", "181": "E", "58": "E", "109": "N", "4": "E", "61": "W", "75": "S", "223": "W", "73": "W", "54": "E", "201": "S", "99": "W", "229": "W", "83": "S", "101": "S", "77": "E", "51": "N", "182": "S", "127": "S", "50": "W", "198": "N", "100": "S", "137": "W", "166": "N", "62": "N", "219": "E", "218": "W", "16": "S", "172": "N", "138": "W", "188": "W", "135": "E", "160": "E", "176": "W", "117": "N", "152": "E", "190": "W", "189": "W", "215": "W", "129": "N", "18": "E", "174": "W", "29": "E", "163": "E", "142": "N", "146": "N", "141": "W", "170": "N", "132": "W", "126": "E", "94": "W", "119": "N", "87": "E", "106": "S", "203": "N", "118": "S", "235": "N", "76": "E", "149": "N", "144": "N", "231": "E", "131": "E", "134": "W", "195": "E", "217": "E", "232": "N", "196": "W", "57": "S", "102": "W", "113": "E", "43": "S", "159": "N", "133": "W", "96": "E", "46": "W", "212": "S", "107": "E", "115": "W", "210": "W", "225": "N", "80": "S", "175": "S", "209": "S", "164": "W", "227": "N", "114": "S", "155": "E", "69": "E", "237": "W", "211": "S", "222": "W", "3": "W", "202": "E"}, {"197": "E", "171": "N", "15": "N", "52": "S", "230": "S", "200": "N", "173": "N", "38": "N", "162": "N", "168": "N", "48": "E", "2": "N", "185": "W", "105": "N", "207": "E", "49": "E", "82": "S", "88": "S", "193": "N", "28": "N", "72": "N", "153": "N", "22": "E", "169": "S", "17": "N", "5": "E", "124": "W", "157": "N", "53": "N", "8": "S", "85": "N", "40": "N", "14": "N", "184": "N", "47": "N", "147": "E", "121": "N", "130": "W", "35": "E", "161": "N", "89": "W", "33": "W", "64": "N", "226": "E", "36": "S", "13": "W", "7": "S", "178": "N", "79": "W", "103": "S", "20": "E", "41": "S", "206": "S", "187": "W", "67": "E", "191": "N", "216": "N", "10": "N", "31": "W", "1": "S", "181": "E", "58": "E", "56": "E", "109": "N", "4": "S", "75": "S", "223": "W", "73": "S", "220": "S", "54": "S", "201": "E", "99": "W", "229": "W", "83": "E", "77": "N", "127": "W", "50": "W", "198": "N", "100": "W", "137": "W", "65": "S", "166": "N", "62": "E", "219": "S", "218": "N", "16": "E", "172": "N", "188": "W", "135": "E", "160": "E", "176": "W", "117": "N", "152": "E", "190": "S", "189": "N", "215": "W", "129": "N", "18": "E", "174": "W", "29": "S", "163": "E", "142": "E", "146": "E", "170": "E", "132": "W", "94": "W", "119": "W", "87": "N", "106": "S", "203": "E", "118": "S", "108": "W", "235": "E", "76": "S", "149": "N", "144": "E", "231": "S", "236": "W", "131": "S", "134": "W", "195": "S", "217": "N", "232": "E", "26": "E", "196": "W", "57": "E", "102": "W", "43": "S", "228": "E", "159": "E", "133": "S", "46": "S", "212": "W", "107": "E", "210": "W", "225": "N", "80": "S", "175": "S", "209": "S", "164": "W", "227": "E", "114": "S", "155": "S", "69": "E", "237": "W", "211": "S", "222": "W", "3": "W", "202": "S"}, {"171": "E", "15": "W", "52": "E", "200": "N", "173": "W", "38": "W", "177": "E", "2": "W", "185": "W", "105": "N", "207": "E", "49": "E", "82": "W", "88": "S", "28": "N", "192": "W", "72": "N", "153": "N", "22": "E", "169": "S", "17": "N", "5": "E", "124": "W", "157": "N", "8": "E", "40": "N", "14": "E", "47": "N", "121": "N", "120": "W", "89": "W", "33": "W", "64": "N", "36": "E", "13": "W", "7": "S", "79": "W", "103": "S", "20": "S", "41": "S", "67": "E", "216": "N", "10": "W", "224": "E", "31": "W", "1": "S", "181": "N", "58": "N", "109": "N", "4": "S", "61": "W", "110": "S", "75": "S", "223": "S", "73": "S", "220": "S", "54": "S", "201": "S", "99": "W", "229": "W", "83": "E", "101": "N", "77": "E", "51": "E", "182": "N", "127": "W", "50": "W", "137": "N", "65": "E", "166": "N", "62": "E", "219": "S", "218": "N", "16": "E", "172": "N", "19": "E", "135": "E", "160": "N", "176": "W", "117": "N", "190": "W", "215": "W", "129": "N", "174": "W", "29": "E", "163": "N", "142": "N", "141": "W", "170": "E", "132": "N", "126": "N", "94": "W", "87": "N", "106": "E", "203": "S", "118": "E", "108": "W", "235": "E", "76": "E", "149": "N", "144": "E", "231": "E", "236": "W", "131": "E", "134": "W", "196": "W", "57": "S", "102": "N", "43": "E", "9": "E", "159": "E", "133": "S", "212": "W", "107": "E", "158": "W", "210": "W", "225": "E", "80": "S", "175": "S", "164": "S", "155": "E", "69": "E", "237": "W", "211": "E", "222": "W", "3": "S", "202": "E"}, {"171": "E", "173": "S", "38": "W", "2": "W", "185": "W", "207": "E", "49": "E", "82": "W", "88": "S", "193": "N", "28": "W", "192": "W", "72": "N", "153": "W", "22": "S", "169": "W", "5": "S", "124": "W", "53": "W", "8": "S", "40": "W", "14": "N", "47": "N", "147": "W", "121": "N", "130": "W", "89": "W", "45": "N", "33": "W", "64": "N", "226": "N", "36": "E", "13": "W", "179": "S", "79": "S", "103": "W", "20": "E", "41": "S", "206": "N", "84": "E", "67": "E", "216": "E", "10": "N", "31": "W", "1": "S", "181": "W", "58": "N", "56": "E", "109": "N", "4": "E", "61": "S", "110": "W", "75": "E", "223": "W", "73": "S", "54": "E", "145": "S", "99": "W", "83": "E", "77": "E", "182": "N", "127": "W", "50": "W", "137": "W", "65": "E", "166": "N", "62": "E", "219": "S", "218": "E", "16": "S", "172": "N", "208": "N", "138": "E", "188": "W", "135": "N", "176": "W", "180": "W", "117": "E", "152": "E", "190": "W", "189": "W", "18": "E", "71": "W", "174": "W", "29": "E", "163": "E", "142": "W", "141": "W", "170": "N", "132": "W", "126": "W", "94": "W", "87": "E", "106": "S", "118": "N", "108": "S", "235": "N", "149": "N", "144": "E", "231": "E", "236": "S", "131": "S", "134": "W", "217": "W", "232": "E", "26": "S", "196": "W", "57": "S", "113": "N", "104": "S", "43": "E", "228": "W", "159": "N", "133": "W", "96": "S", "212": "W", "107": "N", "115": "W", "210": "W", "225": "E", "80": "W", "175": "S", "164": "S", "114": "W", "155": "E", "69": "S", "211": "E", "222": "W", "202": "E"}, {"171": "E", "38": "W", "2": "W", "185": "W", "207": "E", "49": "E", "82": "W", "88": "S", "193": "W", "28": "S", "72": "N", "153": "N", "22": "E", "169": "S", "5": "E", "124": "W", "8": "E", "40": "W", "14": "N", "184": "S", "47": "N", "121": "N", "120": "N", "35": "W", "89": "S", "45": "W", "33": "W", "64": "N", "23": "N", "36": "N", "11": "W", "13": "W", "79": "S", "103": "S", "20": "E", "41": "W", "84": "N", "67": "N", "216": "E", "10": "W", "31": "W", "214": "N", "1": "S", "58": "N", "109": "N", "4": "E", "61": "S", "110": "W", "75": "E", "223": "W", "73": "S", "220": "E", "54": "E", "145": "W", "99": "W", "229": "N", "83": "E", "101": "N", "77": "N", "123": "E", "127": "W", "50": "W", "100": "N", "137": "W", "65": "E", "166": "N", "62": "E", "219": "S", "16": "S", "172": "N", "208": "E", "188": "W", "135": "N", "176": "W", "180": "N", "117": "E", "152": "E", "190": "W", "189": "N", "129": "N", "18": "E", "174": "W", "29": "S", "163": "N", "142": "W", "141": "N", "170": "N", "94": "W", "87": "E", "106": "E", "118": "E", "108": "S", "235": "N", "76": "E", "149": "E", "144": "E", "231": "S", "236": "E", "131": "E", "134": "N", "195": "E", "217": "W", "232": "E", "26": "E", "196": "N", "57": "S", "102": "E", "113": "N", "104": "W", "43": "E", "9": "W", "159": "N", "133": "W", "96": "E", "212": "S", "107": "N", "115": "N", "158": "W", "210": "W", "225": "E", "80": "S", "175": "E", "164": "S", "114": "S", "155": "E", "69": "E", "237": "S", "211": "E", "222": "W", "3": "S", "202": "E"}, {"171": "E", "38": "S", "48": "E", "2": "S", "185": "W", "207": "E", "49": "S", "82": "S", "193": "W", "28": "E", "72": "N", "153": "N", "22": "E", "5": "E", "124": "W", "157": "N", "8": "E", "40": "W", "14": "E", "47": "E", "121": "N", "120": "E", "89": "W", "45": "W", "33": "W", "64": "N", "226": "S", "13": "W", "7": "E", "79": "S", "103": "W", "20": "S", "41": "S", "84": "N", "67": "E", "216": "E", "10": "N", "224": "N", "31": "W", "214": "N", "1": "S", "58": "E", "109": "E", "4": "S", "61": "S", "110": "W", "75": "E", "223": "W", "73": "S", "220": "N", "54": "S", "145": "W", "99": "W", "229": "E", "83": "E", "101": "N", "77": "N", "123": "S", "127": "W", "50": "W", "198": "N", "137": "W", "65": "E", "166": "W", "62": "N", "219": "S", "90": "E", "16": "E", "172": "E", "188": "W", "19": "W", "135": "W", "160": "S", "176": "W", "180": "W", "190": "S", "189": "N", "129": "E", "18": "S", "174": "W", "29": "E", "163": "N", "142": "N", "141": "N", "170": "N", "132": "W", "126": "S", "94": "W", "87": "E", "106": "E", "203": "E", "118": "E", "108": "S", "235": "E", "76": "E", "149": "N", "144": "E", "231": "E", "131": "E", "134": "E", "195": "E", "196": "W", "57": "S", "113": "E", "104": "S", "43": "S", "159": "W", "133": "W", "96": "E", "212": "W", "107": "E", "115": "W", "158": "W", "210": "W", "225": "E", "80": "S", "175": "E", "114": "W", "155": "E", "237": "W", "211": "S", "222": "W", "3": "S", "202": "E"}, {"171": "E", "38": "S", "48": "E", "185": "W", "207": "E", "49": "S", "82": "S", "193": "S", "28": "S", "72": "N", "153": "N", "22": "E", "5": "E", "124": "S", "157": "E", "53": "E", "8": "E", "40": "N", "14": "N", "184": "N", "47": "E", "121": "N", "130": "E", "120": "E", "35": "W", "89": "S", "45": "W", "33": "W", "226": "S", "13": "W", "7": "E", "79": "W", "103": "N", "20": "E", "41": "S", "84": "N", "67": "E", "216": "E", "10": "N", "224": "W", "31": "W", "214": "E", "1": "S", "58": "N", "109": "N", "4": "E", "61": "S", "110": "S", "75": "E", "223": "W", "54": "E", "145": "W", "201": "S", "99": "W", "229": "N", "83": "E", "77": "N", "123": "W", "127": "W", "50": "N", "198": "N", "100": "S", "137": "W", "65": "S", "166": "W", "62": "N", "219": "S", "218": "N", "16": "S", "172": "N", "208": "W", "12": "W", "188": "W", "135": "S", "160": "E", "176": "W", "180": "S", "190": "S", "189": "N", "215": "S", "18": "S", "174": "N", "29": "E", "163": "E", "142": "E", "146": "N", "141": "N", "170": "N", "132": "W", "126": "S", "94": "W", "87": "E", "106": "N", "118": "E", "108": "S", "235": "E", "76": "S", "149": "W", "231": "E", "236": "S", "131": "S", "134": "E", "232": "W", "196": "N", "57": "S", "102": "N", "104": "S", "43": "E", "9": "N", "159": "N", "133": "W", "96": "S", "212": "W", "115": "W", "210": "N", "225": "E", "80": "S", "175": "S", "164": "W", "227": "W", "114": "W", "155": "E", "69": "E", "237": "W", "211": "E", "222": "W", "3": "W"}, {"171": "S", "38": "S", "185": "W", "207": "E", "82": "S", "193": "S", "72": "N", "153": "N", "22": "E", "5": "S", "124": "W", "157": "S", "8": "E", "40": "W", "14": "N", "184": "N", "47": "E", "121": "N", "130": "E", "120": "E", "35": "N", "89": "S", "45": "W", "33": "S", "23": "S", "13": "S", "20": "S", "41": "S", "206": "N", "84": "N", "67": "N", "216": "E", "10": "N", "224": "S", "31": "W", "214": "S", "1": "S", "58": "E", "109": "W", "4": "S", "61": "E", "110": "S", "223": "W", "220": "S", "54": "S", "145": "S", "201": "E", "99": "W", "229": "E", "83": "E", "51": "S", "123": "N", "127": "W", "50": "N", "198": "W", "100": "S", "137": "W", "65": "S", "166": "N", "213": "S", "62": "E", "128": "W", "219": "S", "90": "W", "218": "N", "16": "S", "172": "E", "208": "W", "188": "W", "135": "S", "176": "W", "180": "S", "190": "S", "189": "N", "18": "S", "174": "N", "29": "E", "163": "E", "142": "N", "141": "W", "170": "N", "132": "W", "126": "S", "94": "W", "87": "N", "106": "E", "118": "S", "108": "S", "235": "E", "76": "W", "149": "N", "144": "S", "231": "E", "236": "W", "131": "E", "134": "E", "195": "S", "232": "W", "196": "N", "57": "S", "102": "W", "104": "S", "43": "E", "228": "E", "159": "W", "133": "W", "96": "E", "212": "S", "107": "N", "115": "N", "158": "W", "210": "W", "225": "E", "80": "S", "175": "E", "164": "S", "227": "S", "114": "W", "155": "E", "69": "E", "237": "S", "211": "E", "222": "W", "3": "W", "202": "E"}, {"171": "S", "38": "S", "48": "W", "185": "S", "82": "S", "72": "N", "153": "N", "22": "E", "157": "W", "8": "S", "40": "N", "14": "N", "184": "N", "47": "E", "121": "N", "120": "S", "35": "E", "89": "S", "11": "E", "13": "S", "179": "S", "20": "E", "41": "E", "206": "N", "84": "N", "67": "E", "216": "S", "10": "N", "224": "S", "31": "W", "214": "S", "1": "S", "58": "E", "109": "N", "4": "S", "61": "S", "110": "E", "75": "S", "223": "W", "73": "E", "220": "W", "54": "S", "99": "W", "229": "E", "83": "N", "127": "N", "50": "N", "198": "W", "100": "S", "137": "W", "65": "S", "166": "N", "213": "W", "62": "E", "219": "S", "112": "N", "218": "N", "16": "S", "172": "E", "208": "W", "138": "E", "188": "W", "160": "E", "176": "W", "180": "S", "117": "E", "152": "E", "190": "S", "189": "N", "215": "E", "18": "S", "174": "N", "29": "E", "163": "E", "142": "N", "141": "W", "170": "N", "132": "N", "126": "S", "94": "W", "119": "E", "87": "N", "106": "E", "118": "E", "108": "E", "235": "E", "76": "W", "149": "N", "144": "E", "231": "E", "236": "W", "131": "E", "134": "E", "195": "E", "196": "N", "57": "S", "102": "W", "113": "W", "104": "E", "43": "E", "9": "S", "159": "N", "133": "W", "96": "E", "46": "N", "212": "W", "115": "N", "210": "W", "225": "E", "80": "S", "175": "E", "209": "E", "164": "S", "227": "S", "114": "W", "155": "E", "69": "S", "237": "S", "211": "E", "222": "W", "3": "W", "202": "E"}, {"171": "W", "185": "S", "72": "W", "153": "N", "22": "E", "8": "W", "40": "N", "14": "W", "184": "W", "47": "E", "120": "E", "35": "S", "89": "S", "13": "S", "20": "E", "41": "E", "84": "N", "67": "E", "216": "E", "10": "N", "31": "W", "214": "S", "1": "S", "58": "N", "109": "N", "4": "S", "61": "S", "110": "E", "223": "W", "220": "N", "54": "S", "145": "W", "99": "W", "229": "S", "83": "E", "77": "E", "127": "N", "50": "N", "198": "W", "100": "S", "137": "W", "65": "S", "166": "N", "213": "W", "62": "S", "128": "E", "219": "W", "112": "N", "218": "N", "16": "S", "172": "E", "208": "W", "12": "E", "188": "W", "176": "W", "180": "E", "117": "E", "152": "E", "190": "W", "189": "N", "215": "N", "18": "S", "71": "E", "29": "N", "163": "E", "142": "N", "146": "S", "141": "W", "170": "N", "132": "E", "94": "W", "119": "E", "87": "N", "106": "E", "203": "W", "118": "E", "108": "E", "235": "E", "76": "W", "149": "N", "144": "E", "231": "N", "131": "S", "134": "N", "195": "E", "217": "N", "196": "N", "140": "E", "57": "E", "102": "W", "104": "E", "43": "E", "9": "S", "228": "E", "159": "N", "133": "W", "96": "E", "212": "S", "115": "N", "158": "S", "210": "W", "225": "E", "80": "S", "175": "S", "209": "S", "227": "S", "155": "E", "69": "S", "237": "S", "211": "E", "222": "W", "3": "W", "202": "S"}, {"171": "N", "185": "S", "153": "E", "5": "E", "40": "W", "14": "N", "47": "E", "89": "S", "45": "S", "13": "S", "20": "E", "41": "E", "206": "S", "67": "E", "216": "E", "10": "W", "31": "W", "214": "S", "1": "S", "58": "N", "109": "N", "4": "S", "61": "S", "110": "E", "223": "W", "54": "S", "145": "W", "99": "W", "229": "S", "83": "E", "77": "E", "51": "E", "123": "S", "127": "N", "50": "N", "198": "W", "100": "S", "137": "S", "65": "E", "166": "W", "213": "W", "62": "S", "219": "S", "218": "N", "16": "S", "172": "N", "208": "W", "188": "W", "160": "N", "176": "W", "180": "E", "190": "N", "189": "N", "215": "E", "129": "E", "18": "S", "71": "S", "174": "W", "29": "E", "163": "E", "142": "W", "141": "W", "170": "N", "132": "N", "94": "W", "87": "N", "106": "S", "203": "W", "118": "S", "108": "E", "76": "W", "149": "W", "144": "N", "231": "E", "236": "N", "131": "E", "134": "E", "232": "W", "196": "E", "57": "S", "102": "W", "113": "W", "104": "S", "43": "E", "9": "S", "159": "N", "133": "W", "96": "E", "46": "S", "212": "W", "115": "N", "158": "E", "210": "W", "225": "E", "80": "S", "175": "E", "227": "S", "114": "E", "155": "E", "69": "S", "237": "S", "211": "S", "222": "W", "3": "N", "202": "S"}, {"171": "W", "153": "E", "5": "S", "40": "W", "47": "E", "89": "S", "13": "S", "179": "S", "20": "S", "206": "S", "84": "N", "67": "S", "216": "S", "10": "S", "31": "W", "1": "S", "58": "N", "109": "N", "4": "S", "61": "S", "110": "S", "75": "N", "223": "S", "54": "S", "99": "N", "83": "E", "101": "W", "77": "N", "51": "N", "123": "S", "50": "N", "198": "S", "100": "S", "137": "S", "65": "N", "166": "S", "213": "W", "62": "S", "219": "W", "112": "S", "218": "N", "16": "S", "172": "N", "138": "W", "188": "W", "160": "E", "117": "N", "152": "N", "190": "N", "189": "N", "215": "N", "18": "S", "71": "S", "174": "W", "29": "N", "163": "N", "142": "N", "141": "W", "170": "N", "132": "N", "126": "E", "94": "W", "119": "E", "87": "N", "106": "E", "203": "N", "118": "S", "108": "S", "76": "W", "149": "N", "231": "N", "131": "S", "134": "N", "232": "W", "26": "W", "196": "E", "140": "E", "57": "S", "102": "W", "104": "S", "43": "E", "228": "W", "159": "W", "133": "W", "96": "E", "46": "S", "115": "N", "210": "W", "225": "E", "80": "S", "175": "E", "209": "N", "227": "S", "114": "E", "155": "E", "69": "S", "237": "S", "211": "E", "222": "W", "202": "S"}, {"48": "W", "5": "W", "47": "S", "89": "S", "13": "S", "20": "S", "206": "S", "84": "N", "67": "S", "216": "S", "10": "S", "31": "N", "1": "E", "58": "N", "109": "E", "4": "S", "61": "S", "223": "W", "73": "E", "54": "S", "145": "E", "99": "N", "83": "E", "77": "N", "51": "W", "50": "N", "198": "S", "100": "S", "137": "S", "65": "N", "166": "S", "213": "W", "62": "E", "128": "S", "219": "W", "112": "S", "218": "N", "16": "S", "172": "N", "188": "S", "160": "E", "117": "E", "152": "E", "190": "N", "189": "N", "215": "W", "18": "S", "71": "E", "174": "W", "29": "E", "163": "E", "142": "N", "146": "N", "141": "N", "170": "N", "132": "N", "126": "S", "94": "W", "87": "N", "203": "E", "118": "S", "108": "E", "76": "S", "149": "W", "231": "E", "131": "S", "134": "E", "195": "N", "232": "N", "26": "S", "196": "E", "140": "N", "57": "S", "102": "S", "113": "E", "43": "E", "159": "N", "133": "W", "96": "S", "46": "E", "212": "E", "115": "N", "158": "E", "210": "W", "225": "S", "80": "E", "175": "E", "209": "W", "164": "S", "227": "S", "114": "E", "155": "S", "69": "S", "237": "S", "211": "S", "222": "N", "202": "S"}, {"38": "S", "89": "E", "20": "E", "84": "W", "31": "N", "1": "E", "58": "N", "109": "E", "4": "W", "61": "S", "223": "W", "220": "E", "54": "W", "145": "E", "99": "N", "83": "N", "77": "N", "50": "W", "100": "S", "137": "S", "65": "N", "213": "N", "62": "E", "219": "S", "218": "N", "16": "S", "172": "N", "188": "S", "160": "E", "176": "W", "117": "E", "152": "E", "190": "N", "189": "N", "215": "W", "18": "S", "71": "E", "174": "N", "29": "E", "163": "N", "142": "W", "141": "W", "170": "N", "132": "N", "126": "S", "94": "W", "87": "N", "118": "S", "108": "E", "235": "N", "149": "N", "231": "E", "131": "S", "232": "W", "26": "E", "196": "E", "140": "W", "57": "S", "102": "E", "113": "N", "104": "N", "43": "E", "159": "W", "133": "W", "96": "E", "46": "S", "212": "S", "115": "N", "158": "E", "210": "W", "225": "S", "80": "S", "175": "E", "209": "S", "164": "E", "114": "E", "155": "S", "69": "S", "237": "E", "211": "S", "3": "N", "202": "S"}, {"82": "E", "121": "E", "20": "S", "84": "S", "31": "N", "58": "N", "109": "E", "4": "S", "61": "S", "223": "W", "145": "E", "99": "N", "83": "E", "101": "E", "77": "N", "50": "N", "100": "E", "137": "W", "65": "N", "62": "E", "128": "N", "219": "S", "218": "N", "16": "S", "172": "N", "208": "S", "188": "S", "160": "S", "176": "N", "117": "E", "152": "E", "190": "N", "189": "E", "215": "W", "18": "S", "71": "N", "174": "N", "29": "E", "163": "N", "142": "W", "141": "S", "170": "N", "132": "N", "126": "S", "94": "W", "87": "N", "106": "S", "203": "W", "118": "S", "108": "N", "76": "S", "149": "N", "231": "E", "131": "S", "26": "S", "196": "E", "140": "S", "57": "S", "113": "E", "104": "N", "43": "E", "159": "W", "133": "N", "96": "N", "46": "E", "115": "N", "158": "E", "210": "W", "225": "S", "80": "S", "175": "E", "164": "S", "114": "E", "155": "S", "69": "S", "237": "E", "211": "S", "222": "N", "202": "S"}, {"20": "S", "84": "S", "31": "N", "58": "N", "109": "E", "4": "S", "61": "W", "223": "N", "145": "E", "99": "N", "83": "E", "77": "W", "123": "S", "50": "W", "100": "E", "137": "W", "65": "N", "62": "E", "128": "W", "219": "S", "218": "E", "172": "N", "188": "S", "19": "N", "160": "S", "176": "N", "117": "E", "152": "E", "190": "W", "18": "W", "71": "N", "174": "N", "29": "E", "163": "N", "142": "W", "141": "W", "170": "N", "132": "N", "126": "W", "94": "S", "87": "E", "106": "S", "118": "S", "108": "E", "149": "N", "231": "E", "131": "S", "217": "E", "26": "S", "140": "S", "57": "W", "102": "N", "113": "N", "104": "N", "43": "E", "9": "S", "159": "W", "133": "N", "96": "N", "46": "E", "115": "E", "158": "E", "210": "W", "225": "S", "80": "S", "175": "E", "209": "W", "227": "E", "155": "S", "69": "E", "211": "W", "202": "S"}, {"20": "S", "206": "E", "31": "N", "109": "E", "61": "S", "223": "N", "145": "E", "99": "N", "83": "E", "50": "N", "100": "S", "137": "S", "62": "E", "219": "W", "16": "S", "19": "W", "160": "E", "176": "N", "117": "E", "152": "E", "190": "N", "18": "S", "174": "N", "29": "E", "163": "N", "142": "W", "141": "W", "170": "E", "132": "N", "94": "W", "87": "N", "106": "S", "203": "E", "118": "S", "108": "E", "149": "W", "231": "E", "236": "N", "131": "S", "217": "E", "26": "E", "140": "W", "57": "S", "102": "W", "113": "W", "104": "N", "43": "E", "159": "W", "96": "E", "46": "E", "212": "E", "115": "E", "158": "E", "210": "W", "225": "W", "80": "S", "175": "E", "209": "S", "164": "N", "155": "S", "69": "S", "211": "N", "3": "N", "202": "S"}, {"20": "S", "31": "N", "109": "E", "61": "S", "99": "N", "50": "N", "100": "S", "62": "E", "219": "S", "16": "S", "19": "W", "160": "E", "176": "N", "117": "E", "152": "E", "18": "W", "174": "N", "29": "E", "163": "E", "142": "W", "141": "W", "170": "E", "132": "N", "94": "W", "87": "W", "106": "E", "203": "E", "118": "S", "108": "N", "149": "N", "231": "E", "131": "E", "217": "N", "26": "S", "57": "S", "102": "W", "104": "N", "43": "E", "159": "W", "96": "E", "46": "E", "115": "E", "158": "E", "210": "W", "80": "S", "175": "E", "209": "E", "164": "N", "155": "S", "69": "S", "3": "W", "202": "E"}, {"20": "W", "206": "W", "31": "N", "58": "W", "61": "S", "220": "W", "99": "N", "77": "W", "123": "N", "50": "N", "100": "E", "62": "E", "219": "W", "90": "W", "16": "S", "172": "W", "19": "W", "160": "E", "117": "E", "152": "S", "174": "E", "29": "E", "163": "N", "142": "W", "141": "W", "170": "E", "132": "N", "126": "W", "94": "W", "87": "N", "106": "S", "203": "E", "118": "S", "108": "N", "149": "N", "231": "E", "131": "S", "195": "N", "217": "W", "232": "S", "26": "S", "57": "S", "102": "S", "43": "E", "9": "E", "159": "W", "96": "E", "46": "N", "115": "E", "158": "E", "210": "N", "80": "S", "175": "E", "155": "S", "69": "W", "211": "S", "222": "N", "3": "N", "202": "S"}, {"20": "S", "31": "N", "61": "S", "99": "N", "50": "N", "62": "E", "219": "W", "16": "S", "19": "W", "117": "E", "29": "E", "163": "W", "142": "S", "141": "W", "170": "E", "132": "N", "94": "W", "87": "N", "106": "S", "203": "E", "118": "W", "108": "E", "76": "N", "149": "N", "144": "S", "231": "E", "131": "S", "217": "W", "57": "S", "43": "E", "9": "N", "228": "W", "159": "W", "96": "E", "158": "E", "210": "N", "80": "E", "175": "E", "155": "S", "69": "S", "211": "S", "222": "N", "3": "N", "202": "W"}, {"31": "N", "61": "S", "50": "E", "62": "E", "219": "W", "112": "N", "19": "S", "176": "E", "117": "E", "29": "N", "141": "W", "132": "E", "94": "N", "87": "N", "106": "S", "118": "W", "108": "E", "149": "E", "231": "N", "131": "W", "217": "S", "232": "N", "26": "N", "57": "S", "43": "E", "9": "W", "159": "S", "96": "E", "158": "E", "210": "N", "80": "E", "175": "E", "155": "S", "69": "W", "211": "S", "3": "N", "202": "S"}, {"31": "E", "61": "E", "50": "E", "62": "E", "219": "N", "90": "E", "117": "E", "29": "E", "141": "S", "132": "E", "94": "N", "87": "W", "106": "S", "108": "E", "144": "N", "231": "E", "195": "S", "26": "N", "57": "S", "43": "E", "9": "N", "159": "S", "96": "E", "158": "E", "210": "N", "175": "E", "155": "S", "69": "S", "3": "N", "202": "W"}, {"61": "E", "62": "S", "112": "S", "117": "E", "141": "S", "94": "N", "87": "N", "106": "S", "108": "E", "231": "E", "232": "S", "26": "N", "57": "S", "43": "N", "159": "S", "96": "E", "107": "S", "158": "E", "210": "N", "175": "E", "155": "S", "69": "S", "202": "S"}, {"62": "S", "117": "S", "94": "N", "87": "N", "106": "W", "108": "E", "231": "E", "236": "S", "26": "N", "57": "S", "43": "E", "9": "S", "228": "W", "96": "E", "107": "S", "158": "E", "210": "N", "80": "E", "175": "E", "155": "W", "69": "S", "202": "S"}, {"62": "S", "94": "N", "108": "E", "231": "E", "26": "N", "57": "W", "43": "E", "96": "N", "158": "E", "175": "E", "155": "S", "69": "S", "202": "S"}, {"62": "E", "94": "E", "231": "N", "57": "N", "43": "E", "96": "E", "107": "N", "158": "E", "175": "E", "155": "S", "69": "S", "3": "E", "202": "S"}, {"62": "S", "231": "N", "57": "N", "96": "E", "107": "N", "158": "N", "175": "N", "155": "S", "69": "S", "202": "S"}, {"231": "N", "57": "N", "175": "N", "155": "S", "69": "S", "202": "S"}, {"231": "N", "57": "N", "155": "S", "69": "S", "202": "S"}, {"231": "N", "57": "N", "155": "S", "69": "W", "202": "S"}, {"231": "N", "155": "S", "202": "W"}, {"231": "N", "155": "W"}, {"231": "N"}], "result": "SUCCESS", "makespan": 65, "sum": 7271, "algo_name": "Chill_per_20_BIT_", "extra": {"arrival_order": [221, 86, 37, 91, 24, 6, 66, 27, 95, 44, 122, 59, 42, 183, 194, 204, 70, 167, 150, 197, 171, 15, 52, 68, 230, 200, 173, 38, 21, 78, 0, 74, 162, 55, 25, 168, 125, 63, 81, 143, 177, 116, 48, 136, 2, 185, 105, 207, 49, 82, 60, 88, 193, 28, 192, 92, 30, 98, 234, 93, 72, 238, 153, 22, 169, 17, 5, 139, 124, 148, 157, 53, 154, 8, 85, 40, 111, 32, 165, 14, 184, 47, 147, 121, 205, 130, 120, 35, 161, 89, 45, 33, 64, 226, 23, 36, 11, 13, 179, 7, 178, 79, 103, 20, 97, 41, 34, 206, 84, 187, 67, 239, 191, 216, 10, 224, 186, 31, 214, 1, 181, 58, 56, 109, 4, 61, 110, 75, 223, 73, 220, 54, 39, 145, 201, 99, 229, 83, 156, 199, 101, 77, 151, 51, 123, 182, 127, 233, 50, 198, 100, 137, 65, 166, 213, 62, 128, 219, 90, 112, 218, 16, 172, 208, 138, 12, 188, 19, 135, 160, 176, 180, 117, 152, 190, 189, 215, 129, 18, 71, 174, 29, 163, 142, 146, 141, 170, 132, 126, 94, 119, 87, 106, 203, 118, 108, 235, 76, 149, 144, 231, 236, 131, 134, 195, 217, 232, 26, 196, 140, 57, 102, 113, 104, 43, 9, 228, 159, 133, 96, 46, 212, 107, 115, 158, 210, 225, 80, 175, 209, 164, 227, 114, 155, 69, 237, 211, 222, 3, 202], "time_arrived": [538, 2452, 722, 5514, 2601, 1199, 224, 1960, 1371, 4884, 2334, 1883, 3642, 1912, 1497, 398, 3554, 1167, 3977, 3692, 2091, 504, 1129, 1831, 208, 588, 4711, 245, 906, 4075, 964, 2411, 1456, 1767, 2150, 1682, 1861, 181, 497, 2842, 1420, 2125, 299, 4880, 263, 1756, 5027, 1553, 688, 816, 3198, 3107, 405, 1319, 2797, 578, 2527, 4783, 2505, 292, 852, 2633, 3412, 631, 1800, 3310, 234, 2242, 423, 5424, 341, 3996, 1051, 2734, 545, 2675, 4522, 3084, 518, 2013, 5212, 647, 834, 2985, 2190, 1391, 171, 4350, 872, 1738, 3483, 190, 942, 1021, 4298, 253, 5000, 2104, 982, 2932, 3255, 3053, 4799, 2049, 4838, 770, 4388, 5059, 4485, 2565, 2645, 1434, 3488, 4817, 5338, 5085, 686, 3836, 4442, 4308, 1659, 1596, 275, 3122, 1231, 618, 4259, 3161, 3427, 3947, 1632, 4652, 4248, 4962, 4657, 3714, 709, 3293, 3626, 1215, 4746, 4178, 4134, 664, 4581, 2868, 4142, 1572, 1264, 4559, 352, 3101, 3871, 1107, 1347, 5380, 3015, 1293, 5127, 4929, 3745, 1705, 558, 4108, 5297, 1471, 3329, 348, 609, 1151, 4214, 381, 3589, 480, 4033, 5254, 3781, 684, 1985, 1929, 3794, 2472, 3131, 307, 1523, 753, 2374, 2208, 3677, 3914, 3880, 2273, 926, 901, 319, 4670, 4731, 369, 3227, 3028, 456, 2898, 5550, 4405, 332, 1608, 2163, 791, 3616, 5267, 5162, 5476, 5042, 3371, 2424, 3931, 2298, 4686, 3518, 3468, 2759, 160, 5494, 2709, 2350, 5176, 1818, 5317, 4889, 2949, 432, 4623, 4700, 3173, 996, 4512, 4628, 5452, 1082, 2257], "BIT_runs": 1, "old_makespan": 5550, "old_sum": 7129, "improved": "[221, 86, 37, 91, 24, 6, 66, 27, 95, 44, 122, 59, 42, 183, 194, 204, 70, 167, 150, 197, 171, 15, 52, 68, 230, 200, 173, 38, 21, 78, 0, 74, 162, 55, 25, 168, 125, 63, 81, 143, 177, 116, 48, 136, 2, 185, 105, 207, 49, 82, 60, 88, 193, 28, 192, 92, 30, 98, 234, 93, 72, 238, 153, 22, 169, 17, 5, 139, 124, 148, 157, 53, 154, 8, 85, 40, 111, 32, 165, 14, 184, 47, 147, 121, 205, 130, 120, 35, 161, 89, 45, 33, 64, 226, 23, 36, 11, 13, 179, 7, 178, 79, 103, 20, 97, 41, 34, 206, 84, 187, 67, 239, 191, 216, 10, 224, 186, 31, 214, 1, 181, 58, 56, 109, 4, 61, 110, 75, 223, 73, 220, 54, 39, 145, 201, 99, 229, 83, 156, 199, 101, 77, 151, 51, 123, 182, 127, 233, 50, 198, 100, 137, 65, 166, 213, 62, 128, 219, 90, 112, 218, 16, 172, 208, 138, 12, 188, 19, 135, 160, 176, 180, 117, 152, 190, 189, 215, 129, 18, 71, 174, 29, 163, 142, 146, 141, 170, 132, 126, 94, 119, 87, 106, 203, 118, 108, 235, 76, 149, 144, 231, 236, 131, 134, 195, 217, 232, 26, 196, 140, 57, 102, 113, 104, 43, 9, 228, 159, 133, 96, 46, 212, 107, 115, 158, 210, 225, 80, 175, 209, 164, 227, 114, 155, 69, 237, 211, 222, 3, 202],", "goal_raise_for_bs": 32}}