{"instance": "small_free_009_20x20_40_160", "steps": [{"27": "W", "84": "N", "68": "E", "139": "W", "77": "N", "50": "W", "102": "W", "11": "W", "80": "S", "129": "W", "144": "S", "61": "W", "105": "W", "16": "N", "6": "W", "64": "W", "113": "W", "145": "N", "48": "S", "45": "W", "118": "N", "153": "S", "74": "W", "138": "S", "10": "W", "92": "W", "58": "W", "63": "E", "98": "W", "51": "N", "73": "N", "125": "W", "24": "S", "54": "S", "41": "S", "123": "N", "62": "S", "8": "N", "126": "W", "155": "S", "0": "W", "114": "E", "36": "N", "43": "W", "83": "S", "49": "W", "52": "W", "108": "N", "158": "S", "34": "W", "46": "W", "1": "S", "53": "S", "122": "W", "136": "W", "111": "W", "30": "W", "47": "N", "31": "W", "69": "W", "56": "E", "93": "W", "131": "W", "26": "W", "116": "S", "110": "W", "150": "S", "103": "E", "132": "W", "143": "S", "5": "E", "121": "S", "35": "W", "95": "W", "112": "S", "22": "W", "115": "S", "107": "S", "76": "W", "141": "E", "94": "N", "151": "S", "4": "S", "39": "E", "37": "W", "96": "W", "81": "S", "100": "N", "9": "W", "148": "S", "137": "E", "135": "W", "67": "S", "88": "E", "14": "W", "25": "W", "55": "W", "57": "S", "117": "N", "99": "W", "119": "N", "157": "W", "82": "W", "134": "N", "87": "E", "159": "W", "15": "W", "133": "S", "2": "W", "29": "E", "154": "S", "75": "W", "70": "W", "130": "N"}, {"32": "W", "27": "W", "68": "E", "77": "N", "50": "W", "102": "W", "11": "S", "146": "W", "129": "W", "144": "S", "13": "N", "33": "N", "61": "N", "105": "W", "127": "N", "18": "N", "6": "W", "85": "S", "64": "W", "113": "W", "145": "W", "48": "E", "120": "S", "118": "N", "74": "W", "86": "N", "10": "S", "92": "W", "58": "N", "63": "N", "142": "E", "91": "S", "109": "S", "98": "W", "51": "W", "101": "S", "73": "N", "125": "W", "24": "S", "41": "S", "123": "N", "62": "E", "89": "W", "8": "N", "140": "E", "126": "S", "155": "S", "114": "S", "36": "N", "43": "W", "83": "S", "49": "N", "108": "N", "158": "S", "34": "W", "1": "S", "53": "W", "122": "S", "65": "N", "136": "W", "111": "W", "30": "S", "47": "N", "69": "W", "59": "N", "56": "E", "28": "W", "93": "W", "131": "W", "26": "W", "116": "S", "110": "N", "71": "S", "97": "S", "103": "N", "132": "W", "143": "E", "44": "N", "121": "S", "35": "W", "95": "W", "112": "S", "22": "W", "115": "E", "149": "W", "141": "E", "151": "S", "39": "E", "37": "W", "96": "S", "81": "W", "100": "E", "9": "W", "148": "S", "137": "N", "135": "S", "67": "S", "88": "E", "104": "W", "14": "W", "25": "W", "55": "W", "147": "N", "57": "S", "117": "W", "99": "W", "119": "E", "157": "N", "82": "W", "134": "W", "87": "N", "15": "W", "2": "W", "106": "W", "29": "N", "75": "S", "70": "W", "130": "W"}, {"7": "N", "152": "W", "66": "N", "32": "W", "27": "S", "84": "N", "77": "N", "50": "S", "102": "W", "11": "S", "146": "W", "23": "W", "80": "S", "129": "W", "144": "E", "33": "N", "61": "N", "105": "W", "127": "E", "18": "W", "16": "N", "6": "S", "85": "W", "64": "N", "113": "W", "145": "S", "48": "E", "120": "W", "153": "W", "74": "S", "86": "E", "138": "W", "10": "W", "58": "N", "40": "N", "63": "E", "91": "S", "98": "W", "51": "N", "101": "W", "73": "N", "125": "W", "24": "E", "41": "S", "123": "N", "62": "S", "19": "W", "140": "S", "126": "W", "155": "S", "0": "S", "114": "W", "36": "N", "43": "W", "83": "W", "49": "W", "108": "E", "158": "E", "34": "W", "1": "S", "53": "N", "122": "S", "136": "S", "30": "S", "47": "N", "31": "W", "69": "W", "56": "E", "28": "W", "93": "W", "131": "S", "26": "W", "79": "S", "116": "W", "110": "N", "150": "E", "71": "S", "97": "S", "103": "W", "132": "W", "143": "E", "5": "S", "121": "S", "35": "W", "95": "N", "90": "W", "22": "W", "115": "N", "107": "N", "149": "W", "156": "E", "141": "E", "94": "N", "151": "E", "37": "W", "96": "W", "128": "W", "100": "E", "9": "N", "148": "S", "137": "N", "135": "E", "67": "W", "124": "S", "88": "S", "104": "N", "3": "W", "25": "N", "55": "W", "147": "N", "117": "W", "99": "S", "119": "E", "82": "W", "134": "S", "87": "N", "159": "W", "15": "S", "2": "W", "75": "S", "70": "W", "130": "W"}, {"152": "W", "66": "W", "32": "W", "84": "N", "60": "N", "77": "W", "102": "S", "11": "S", "146": "W", "23": "W", "80": "S", "129": "W", "144": "N", "13": "W", "61": "N", "105": "W", "85": "W", "64": "W", "113": "W", "145": "W", "48": "S", "153": "W", "12": "W", "86": "E", "138": "W", "58": "W", "142": "E", "91": "S", "109": "N", "98": "N", "73": "E", "125": "S", "24": "N", "54": "E", "41": "E", "123": "N", "62": "S", "89": "W", "19": "N", "8": "W", "140": "S", "126": "S", "155": "S", "42": "W", "0": "S", "114": "S", "36": "N", "43": "W", "83": "S", "49": "W", "52": "S", "158": "E", "34": "W", "46": "N", "1": "W", "122": "S", "65": "N", "136": "S", "111": "W", "30": "S", "47": "W", "31": "W", "69": "W", "59": "N", "56": "E", "93": "W", "131": "S", "79": "E", "116": "W", "110": "W", "150": "E", "71": "S", "97": "W", "103": "W", "132": "W", "143": "S", "44": "N", "5": "S", "121": "E", "35": "W", "95": "N", "22": "W", "115": "N", "107": "N", "149": "W", "156": "S", "76": "W", "141": "E", "94": "W", "151": "E", "4": "E", "37": "W", "96": "W", "128": "W", "100": "E", "9": "W", "148": "S", "124": "W", "88": "E", "104": "N", "3": "W", "14": "W", "25": "N", "55": "W", "147": "W", "57": "S", "117": "W", "119": "E", "157": "W", "82": "W", "87": "N", "159": "W", "15": "S", "133": "E", "2": "W", "106": "W", "70": "W"}, {"152": "W", "66": "N", "32": "W", "84": "N", "60": "N", "20": "N", "50": "S", "102": "W", "11": "S", "146": "W", "23": "W", "80": "S", "129": "S", "144": "N", "13": "N", "61": "N", "105": "S", "6": "W", "85": "S", "113": "W", "145": "W", "48": "S", "45": "N", "38": "N", "153": "W", "74": "W", "12": "W", "138": "W", "78": "W", "58": "W", "142": "N", "91": "E", "98": "N", "125": "W", "54": "E", "17": "N", "41": "S", "123": "N", "62": "S", "89": "W", "19": "N", "8": "N", "140": "S", "126": "S", "42": "W", "0": "S", "114": "S", "36": "N", "43": "W", "83": "S", "49": "N", "52": "S", "158": "E", "34": "N", "53": "W", "122": "S", "65": "N", "136": "S", "111": "W", "30": "S", "47": "W", "69": "W", "56": "E", "28": "S", "93": "W", "131": "W", "79": "E", "116": "W", "150": "E", "71": "S", "97": "S", "103": "N", "132": "W", "143": "S", "5": "S", "121": "E", "35": "W", "95": "W", "115": "W", "149": "W", "76": "N", "141": "N", "94": "W", "4": "S", "37": "N", "96": "W", "81": "W", "128": "W", "100": "E", "9": "W", "148": "S", "135": "N", "67": "E", "124": "S", "88": "E", "104": "N", "14": "N", "25": "N", "55": "S", "147": "W", "57": "E", "117": "W", "99": "W", "119": "N", "157": "W", "82": "W", "87": "N", "15": "S", "133": "S", "2": "W", "106": "N", "70": "W"}, {"152": "W", "66": "N", "32": "W", "27": "S", "21": "W", "84": "N", "60": "N", "20": "N", "50": "S", "102": "W", "11": "W", "146": "W", "23": "W", "80": "E", "129": "S", "144": "E", "13": "N", "61": "N", "105": "S", "127": "W", "18": "E", "6": "W", "85": "S", "113": "S", "145": "W", "48": "S", "45": "W", "120": "E", "38": "W", "153": "W", "74": "W", "12": "W", "138": "W", "10": "S", "78": "W", "58": "W", "40": "E", "91": "E", "109": "W", "98": "N", "51": "N", "101": "W", "73": "E", "125": "S", "24": "E", "54": "N", "17": "W", "41": "S", "123": "N", "62": "E", "89": "S", "19": "N", "8": "N", "140": "E", "126": "S", "42": "W", "114": "S", "36": "N", "43": "W", "83": "S", "49": "W", "52": "W", "108": "N", "34": "W", "46": "W", "53": "W", "122": "S", "65": "N", "136": "S", "111": "W", "30": "W", "47": "N", "31": "N", "69": "W", "59": "W", "28": "S", "93": "S", "26": "E", "79": "E", "116": "W", "150": "N", "71": "E", "97": "S", "103": "N", "143": "E", "5": "E", "121": "E", "35": "W", "95": "W", "90": "N", "112": "W", "22": "W", "115": "N", "107": "N", "149": "W", "156": "W", "76": "W", "141": "N", "94": "W", "4": "S", "39": "S", "37": "N", "96": "W", "128": "W", "100": "E", "9": "W", "67": "S", "124": "W", "104": "N", "3": "S", "14": "E", "147": "W", "57": "S", "117": "W", "99": "S", "119": "E", "157": "W", "82": "W", "87": "N", "159": "N", "133": "S", "2": "W", "106": "N", "29": "N", "75": "E", "70": "W", "130": "E"}, {"152": "W", "66": "N", "32": "N", "27": "S", "21": "W", "84": "N", "60": "N", "20": "N", "77": "N", "50": "S", "102": "W", "11": "W", "146": "W", "23": "W", "80": "E", "144": "S", "13": "N", "61": "N", "105": "S", "127": "W", "6": "W", "85": "S", "145": "W", "48": "S", "45": "W", "120": "S", "118": "N", "38": "W", "153": "W", "74": "S", "12": "S", "86": "W", "138": "N", "10": "W", "78": "S", "58": "N", "40": "N", "142": "S", "91": "N", "109": "W", "98": "N", "51": "N", "101": "N", "73": "N", "125": "S", "54": "N", "17": "W", "41": "S", "123": "N", "89": "W", "19": "W", "8": "N", "140": "S", "126": "W", "155": "N", "42": "N", "0": "N", "114": "S", "43": "W", "83": "S", "52": "W", "108": "N", "158": "N", "34": "W", "46": "W", "1": "S", "122": "S", "65": "N", "136": "W", "111": "W", "30": "S", "69": "N", "28": "S", "93": "E", "79": "E", "110": "W", "150": "E", "71": "E", "97": "S", "103": "N", "132": "E", "143": "E", "5": "E", "35": "W", "95": "N", "90": "N", "112": "N", "22": "W", "115": "N", "107": "N", "149": "W", "156": "W", "76": "W", "72": "S", "141": "N", "94": "W", "4": "S", "39": "S", "37": "N", "96": "N", "81": "E", "128": "W", "100": "S", "9": "W", "135": "W", "67": "S", "124": "W", "104": "E", "147": "W", "57": "W", "117": "W", "99": "S", "119": "N", "157": "W", "82": "N", "134": "S", "87": "E", "159": "E", "133": "S", "2": "W", "106": "N", "29": "N", "70": "N", "130": "S"}, {"152": "W", "66": "N", "21": "W", "84": "N", "68": "E", "20": "W", "77": "W", "50": "W", "102": "W", "11": "N", "146": "W", "23": "W", "80": "E", "13": "N", "61": "W", "105": "W", "127": "N", "18": "W", "16": "N", "6": "W", "85": "S", "113": "S", "145": "W", "48": "S", "45": "W", "118": "N", "38": "W", "153": "W", "86": "W", "138": "E", "10": "W", "58": "N", "63": "E", "142": "W", "91": "N", "109": "W", "98": "W", "51": "N", "73": "W", "125": "S", "54": "E", "17": "W", "41": "S", "123": "N", "89": "W", "140": "S", "126": "W", "155": "E", "42": "W", "114": "S", "36": "N", "43": "W", "83": "S", "49": "N", "52": "W", "158": "E", "46": "W", "1": "W", "122": "S", "65": "N", "111": "W", "30": "S", "47": "W", "31": "N", "69": "E", "28": "S", "93": "S", "131": "W", "26": "S", "79": "E", "110": "N", "150": "S", "71": "E", "97": "E", "103": "W", "132": "S", "44": "S", "5": "E", "95": "W", "115": "N", "107": "N", "156": "W", "76": "W", "72": "S", "141": "E", "94": "W", "151": "N", "4": "S", "39": "S", "37": "N", "96": "W", "128": "W", "100": "E", "9": "W", "148": "E", "135": "W", "67": "S", "124": "S", "88": "W", "14": "W", "55": "W", "147": "W", "57": "W", "117": "N", "99": "E", "119": "N", "157": "W", "82": "N", "134": "E", "87": "E", "159": "E", "15": "W", "133": "S", "2": "W", "29": "N", "75": "N", "70": "N", "130": "E"}, {"152": "W", "66": "E", "21": "N", "84": "N", "68": "N", "139": "N", "20": "N", "77": "W", "102": "S", "11": "E", "146": "W", "23": "W", "80": "E", "129": "S", "144": "N", "13": "N", "33": "E", "61": "N", "105": "S", "127": "N", "18": "S", "16": "N", "85": "S", "64": "N", "113": "S", "145": "W", "48": "S", "45": "W", "120": "N", "118": "N", "38": "N", "153": "S", "138": "E", "10": "W", "92": "S", "78": "N", "58": "N", "40": "N", "142": "N", "91": "N", "109": "N", "98": "W", "101": "S", "73": "N", "125": "S", "24": "N", "54": "N", "17": "W", "41": "S", "89": "W", "19": "S", "8": "S", "140": "E", "126": "W", "155": "E", "42": "W", "114": "S", "36": "W", "43": "W", "83": "S", "52": "W", "158": "S", "46": "N", "1": "S", "122": "S", "65": "N", "136": "S", "111": "N", "30": "W", "31": "N", "69": "E", "56": "N", "28": "S", "93": "S", "131": "S", "26": "S", "79": "E", "116": "S", "150": "S", "71": "S", "97": "N", "103": "N", "132": "E", "44": "S", "5": "E", "121": "W", "95": "W", "90": "N", "115": "N", "107": "N", "156": "S", "76": "N", "72": "S", "141": "N", "94": "W", "151": "E", "4": "S", "39": "S", "37": "N", "96": "W", "81": "E", "128": "W", "100": "S", "9": "W", "135": "N", "67": "S", "124": "S", "25": "N", "147": "W", "57": "W", "99": "S", "157": "W", "82": "N", "159": "E", "15": "S", "133": "S", "2": "W", "29": "E", "75": "W", "70": "N", "130": "S"}, {"152": "S", "66": "E", "21": "N", "84": "E", "68": "N", "139": "W", "20": "W", "77": "W", "102": "S", "11": "N", "146": "W", "23": "W", "80": "E", "144": "N", "13": "N", "33": "N", "61": "W", "105": "W", "18": "S", "16": "W", "85": "S", "64": "W", "113": "S", "145": "W", "45": "N", "120": "W", "118": "N", "38": "N", "153": "W", "74": "E", "12": "E", "86": "E", "138": "E", "10": "W", "92": "W", "78": "W", "58": "W", "40": "N", "63": "S", "91": "N", "109": "N", "98": "W", "73": "N", "24": "E", "54": "N", "17": "W", "41": "S", "89": "S", "140": "E", "126": "W", "155": "E", "42": "N", "114": "S", "36": "W", "83": "S", "49": "E", "108": "W", "34": "S", "46": "N", "1": "W", "53": "N", "122": "S", "65": "N", "136": "S", "111": "N", "30": "W", "47": "W", "31": "E", "69": "S", "59": "S", "56": "E", "93": "E", "26": "E", "79": "E", "116": "S", "150": "S", "71": "E", "97": "E", "103": "W", "132": "E", "44": "E", "5": "E", "35": "N", "90": "N", "112": "S", "115": "N", "107": "N", "76": "W", "72": "W", "141": "N", "94": "W", "151": "E", "4": "S", "39": "S", "37": "W", "96": "S", "81": "S", "128": "W", "100": "S", "9": "S", "148": "N", "135": "N", "67": "S", "124": "E", "88": "W", "3": "N", "147": "N", "99": "E", "157": "W", "82": "N", "134": "E", "159": "E", "15": "E", "133": "S", "2": "W", "29": "N", "75": "W", "70": "N", "130": "W"}, {"152": "S", "66": "E", "21": "N", "84": "E", "68": "W", "60": "E", "139": "W", "20": "W", "77": "N", "50": "S", "102": "S", "11": "N", "146": "S", "23": "S", "80": "E", "144": "N", "13": "N", "33": "N", "61": "W", "105": "S", "18": "W", "16": "N", "85": "S", "113": "S", "145": "W", "48": "S", "45": "W", "120": "N", "118": "N", "38": "N", "153": "W", "74": "S", "12": "S", "86": "E", "138": "S", "10": "S", "92": "N", "78": "W", "40": "E", "63": "E", "142": "E", "91": "N", "109": "W", "51": "W", "101": "W", "73": "N", "54": "E", "17": "S", "89": "S", "19": "N", "8": "N", "140": "E", "126": "S", "155": "N", "42": "N", "36": "S", "43": "N", "83": "S", "52": "W", "108": "N", "158": "E", "34": "S", "46": "W", "1": "W", "53": "N", "122": "S", "136": "S", "111": "N", "30": "W", "47": "W", "31": "N", "69": "S", "59": "W", "56": "S", "28": "W", "93": "E", "26": "E", "79": "E", "110": "S", "150": "E", "71": "N", "97": "N", "103": "W", "132": "S", "44": "N", "5": "N", "121": "E", "35": "E", "90": "N", "112": "S", "22": "S", "115": "N", "107": "N", "76": "W", "72": "W", "141": "N", "94": "W", "151": "N", "4": "W", "39": "W", "37": "N", "96": "W", "81": "S", "128": "W", "100": "S", "9": "S", "148": "E", "135": "N", "67": "S", "124": "E", "88": "N", "3": "N", "25": "W", "55": "W", "147": "W", "57": "N", "117": "W", "99": "S", "157": "W", "82": "N", "134": "N", "87": "S", "133": "W", "2": "W", "106": "N", "29": "E", "75": "W", "70": "E"}, {"152": "S", "66": "E", "21": "E", "84": "N", "68": "W", "60": "N", "139": "W", "20": "W", "50": "W", "102": "S", "11": "W", "146": "S", "23": "S", "80": "E", "129": "S", "144": "N", "13": "E", "33": "W", "105": "S", "127": "W", "18": "W", "16": "W", "6": "W", "85": "S", "113": "S", "145": "W", "45": "W", "120": "W", "118": "W", "38": "N", "74": "W", "12": "W", "86": "E", "138": "S", "92": "N", "78": "S", "58": "E", "63": "E", "142": "E", "91": "N", "109": "N", "51": "N", "73": "E", "54": "N", "17": "S", "41": "E", "19": "N", "8": "N", "140": "E", "155": "E", "42": "N", "36": "S", "43": "W", "83": "W", "49": "E", "52": "W", "108": "N", "158": "E", "34": "W", "46": "N", "1": "W", "53": "N", "122": "S", "136": "W", "111": "E", "30": "W", "47": "N", "31": "E", "69": "S", "59": "N", "93": "E", "26": "E", "79": "E", "150": "E", "71": "N", "97": "N", "132": "E", "44": "N", "5": "N", "121": "E", "35": "E", "112": "S", "22": "E", "115": "E", "149": "W", "76": "N", "72": "W", "141": "N", "151": "E", "4": "W", "39": "W", "37": "N", "96": "W", "81": "S", "128": "W", "100": "S", "9": "S", "148": "E", "135": "N", "67": "S", "124": "S", "3": "N", "14": "E", "25": "W", "147": "N", "57": "W", "117": "S", "99": "S", "82": "N", "134": "W", "159": "N", "133": "W", "2": "S", "106": "N", "29": "E", "75": "N", "130": "E"}, {"152": "S", "66": "E", "21": "N", "84": "E", "68": "W", "60": "N", "139": "W", "50": "W", "11": "N", "146": "S", "23": "S", "80": "E", "144": "N", "13": "N", "33": "N", "61": "N", "127": "N", "18": "W", "16": "S", "6": "S", "85": "S", "64": "S", "113": "S", "145": "W", "120": "S", "118": "W", "38": "N", "153": "W", "74": "S", "12": "S", "86": "E", "138": "S", "10": "W", "92": "N", "58": "N", "63": "N", "142": "N", "91": "N", "109": "N", "51": "E", "73": "N", "24": "N", "54": "N", "17": "S", "41": "N", "62": "W", "19": "W", "140": "E", "126": "S", "155": "S", "42": "N", "0": "W", "36": "S", "43": "N", "83": "S", "49": "E", "52": "W", "108": "N", "158": "S", "34": "W", "1": "W", "53": "N", "122": "S", "136": "S", "111": "E", "30": "N", "47": "N", "69": "S", "131": "S", "26": "E", "79": "N", "110": "E", "71": "E", "97": "E", "103": "E", "132": "E", "5": "E", "35": "N", "95": "W", "112": "E", "22": "E", "115": "N", "107": "N", "149": "W", "72": "S", "94": "W", "151": "E", "4": "W", "39": "N", "37": "N", "96": "W", "81": "E", "128": "W", "100": "S", "9": "W", "148": "S", "135": "N", "67": "W", "124": "S", "88": "E", "3": "N", "25": "N", "55": "N", "147": "W", "57": "W", "117": "W", "99": "S", "157": "W", "82": "E", "134": "N", "87": "S", "159": "E", "15": "W", "133": "W", "2": "S", "29": "E", "75": "N", "130": "N"}, {"152": "S", "66": "N", "32": "W", "21": "N", "84": "E", "68": "W", "60": "N", "139": "W", "102": "S", "11": "N", "146": "W", "144": "E", "13": "E", "33": "N", "61": "W", "127": "N", "18": "W", "16": "W", "85": "S", "64": "S", "113": "S", "145": "W", "45": "W", "120": "S", "118": "W", "38": "N", "153": "N", "74": "S", "12": "S", "138": "S", "10": "W", "92": "N", "78": "W", "58": "N", "63": "E", "142": "W", "91": "W", "109": "N", "51": "E", "101": "E", "73": "N", "24": "N", "54": "W", "17": "W", "41": "E", "62": "W", "19": "N", "140": "E", "126": "S", "155": "S", "42": "N", "0": "W", "36": "S", "43": "E", "83": "S", "52": "W", "108": "N", "158": "S", "34": "W", "46": "W", "1": "N", "53": "N", "122": "W", "65": "N", "136": "S", "111": "E", "30": "N", "47": "W", "31": "N", "69": "S", "56": "E", "93": "W", "131": "W", "26": "E", "79": "N", "71": "E", "97": "N", "132": "E", "44": "E", "5": "E", "35": "N", "112": "N", "22": "E", "115": "N", "149": "N", "72": "W", "94": "W", "151": "E", "39": "W", "37": "N", "81": "S", "128": "W", "100": "S", "9": "S", "148": "S", "135": "N", "124": "S", "3": "N", "25": "E", "55": "E", "147": "W", "57": "W", "117": "W", "99": "W", "157": "W", "82": "N", "134": "E", "87": "E", "159": "E", "133": "W", "2": "S", "106": "E", "29": "S", "75": "N"}, {"152": "S", "66": "N", "21": "E", "84": "E", "68": "W", "60": "N", "139": "W", "102": "S", "11": "N", "146": "S", "129": "N", "144": "N", "13": "E", "33": "N", "61": "W", "127": "N", "18": "W", "85": "S", "64": "W", "113": "S", "145": "W", "45": "N", "118": "N", "38": "W", "153": "W", "74": "W", "12": "W", "86": "S", "138": "E", "92": "N", "78": "S", "58": "N", "40": "N", "63": "E", "142": "W", "91": "W", "109": "W", "98": "S", "73": "W", "24": "N", "54": "W", "17": "W", "19": "N", "155": "S", "42": "N", "36": "S", "83": "S", "49": "N", "52": "N", "108": "N", "46": "W", "1": "N", "53": "N", "122": "W", "65": "N", "111": "E", "30": "N", "47": "N", "31": "N", "69": "S", "59": "W", "56": "E", "131": "W", "26": "E", "79": "E", "110": "N", "71": "N", "97": "E", "132": "E", "5": "N", "35": "E", "112": "E", "22": "S", "115": "W", "149": "N", "76": "W", "72": "W", "151": "S", "4": "S", "39": "W", "37": "W", "96": "W", "81": "S", "128": "W", "100": "S", "9": "S", "148": "E", "135": "N", "67": "W", "124": "S", "104": "W", "14": "S", "147": "S", "99": "W", "157": "N", "82": "N", "87": "N", "159": "E", "133": "W", "2": "S", "29": "E", "75": "N"}, {"152": "S", "66": "E", "21": "E", "84": "E", "68": "W", "60": "N", "139": "W", "102": "S", "11": "W", "146": "W", "144": "W", "13": "E", "33": "N", "61": "W", "127": "E", "18": "W", "16": "E", "6": "S", "85": "S", "64": "W", "113": "S", "145": "S", "45": "W", "38": "W", "153": "N", "74": "W", "12": "W", "86": "E", "138": "E", "10": "E", "92": "N", "78": "W", "58": "E", "63": "N", "142": "W", "91": "N", "109": "W", "98": "E", "51": "W", "73": "W", "24": "N", "54": "N", "62": "E", "19": "N", "8": "W", "140": "N", "155": "S", "42": "W", "0": "N", "36": "S", "83": "S", "49": "N", "52": "N", "46": "W", "1": "N", "53": "W", "122": "S", "65": "N", "111": "E", "30": "W", "31": "N", "69": "S", "59": "W", "56": "S", "28": "W", "93": "E", "131": "W", "26": "E", "79": "N", "116": "N", "110": "N", "71": "N", "97": "E", "132": "S", "44": "E", "5": "N", "35": "N", "112": "S", "22": "E", "115": "N", "149": "E", "76": "W", "72": "W", "94": "W", "151": "E", "4": "S", "39": "W", "37": "W", "81": "S", "128": "W", "100": "S", "9": "S", "135": "N", "67": "W", "124": "E", "88": "N", "25": "W", "55": "E", "147": "S", "117": "W", "99": "S", "82": "N", "87": "N", "159": "E", "133": "W", "2": "S", "29": "S", "75": "W", "130": "S"}, {"32": "E", "21": "N", "84": "E", "68": "N", "60": "W", "139": "S", "50": "N", "102": "S", "11": "N", "146": "S", "13": "E", "33": "N", "61": "W", "127": "E", "18": "N", "16": "E", "6": "W", "64": "W", "113": "S", "145": "S", "45": "W", "38": "N", "153": "W", "74": "W", "12": "W", "86": "E", "138": "E", "10": "S", "92": "E", "58": "E", "40": "E", "63": "N", "142": "N", "91": "N", "109": "N", "51": "W", "24": "N", "54": "N", "41": "W", "62": "E", "19": "N", "140": "N", "126": "W", "155": "E", "42": "N", "36": "S", "83": "S", "49": "W", "52": "N", "46": "N", "1": "W", "122": "S", "136": "S", "111": "E", "30": "N", "31": "N", "69": "S", "59": "N", "56": "S", "28": "S", "93": "E", "131": "W", "26": "E", "79": "N", "116": "N", "71": "N", "97": "E", "103": "E", "132": "E", "44": "E", "5": "N", "35": "W", "95": "N", "112": "E", "22": "S", "115": "N", "149": "E", "76": "W", "72": "W", "94": "S", "151": "E", "4": "W", "39": "W", "37": "W", "81": "E", "100": "E", "9": "S", "148": "S", "135": "E", "67": "S", "124": "E", "88": "E", "104": "E", "3": "N", "14": "S", "55": "S", "147": "S", "57": "W", "117": "N", "99": "S", "157": "N", "82": "N", "134": "W", "87": "E", "159": "E", "15": "N", "133": "W", "2": "S", "29": "E", "75": "W", "70": "S", "130": "S"}, {"21": "N", "84": "E", "68": "N", "60": "S", "102": "S", "11": "N", "146": "S", "13": "S", "61": "S", "127": "E", "18": "N", "16": "E", "6": "S", "64": "W", "113": "S", "145": "S", "48": "E", "45": "W", "38": "N", "153": "W", "74": "W", "12": "W", "86": "E", "138": "E", "10": "S", "58": "S", "40": "E", "63": "N", "142": "N", "91": "N", "109": "W", "98": "E", "51": "S", "24": "E", "54": "N", "41": "S", "19": "N", "140": "N", "126": "W", "155": "E", "42": "N", "0": "W", "36": "S", "83": "S", "49": "W", "52": "N", "108": "E", "34": "W", "46": "W", "1": "W", "53": "W", "122": "W", "136": "W", "111": "E", "30": "N", "47": "W", "31": "N", "69": "S", "56": "E", "28": "S", "93": "E", "131": "W", "26": "S", "79": "N", "116": "W", "110": "N", "71": "N", "103": "E", "132": "E", "44": "E", "5": "N", "121": "S", "35": "S", "112": "E", "22": "S", "115": "N", "107": "E", "149": "E", "76": "W", "72": "W", "94": "W", "151": "S", "4": "W", "39": "W", "37": "W", "96": "N", "81": "E", "128": "W", "100": "E", "9": "E", "148": "E", "135": "E", "67": "W", "124": "E", "88": "E", "147": "S", "57": "S", "117": "N", "99": "S", "82": "N", "87": "E", "159": "E", "133": "W", "2": "S", "106": "S", "29": "E", "75": "S", "130": "W"}, {"21": "N", "84": "S", "68": "N", "102": "S", "11": "N", "146": "S", "61": "S", "6": "W", "64": "W", "113": "S", "145": "S", "48": "E", "45": "W", "38": "N", "153": "W", "74": "W", "12": "W", "86": "E", "138": "E", "10": "S", "78": "S", "58": "S", "40": "E", "63": "N", "142": "W", "91": "W", "109": "N", "98": "N", "73": "N", "24": "E", "54": "W", "41": "S", "19": "N", "8": "N", "140": "N", "126": "S", "155": "E", "42": "N", "0": "S", "36": "W", "43": "W", "83": "W", "49": "W", "52": "N", "34": "W", "46": "N", "1": "W", "53": "N", "122": "W", "65": "W", "136": "W", "111": "N", "30": "N", "47": "N", "31": "N", "69": "S", "59": "N", "56": "S", "131": "W", "26": "E", "79": "N", "116": "W", "110": "E", "71": "N", "97": "N", "132": "E", "44": "N", "5": "N", "121": "E", "35": "E", "112": "S", "115": "N", "107": "N", "149": "E", "156": "N", "76": "N", "72": "W", "94": "S", "151": "E", "4": "W", "39": "S", "37": "N", "96": "N", "81": "E", "100": "E", "9": "E", "148": "E", "135": "E", "67": "W", "124": "E", "88": "E", "14": "N", "147": "S", "57": "W", "117": "N", "99": "W", "82": "N", "87": "E", "159": "S", "133": "W", "2": "S", "106": "S", "29": "E", "75": "S", "70": "N", "130": "S"}, {"21": "N", "68": "N", "11": "W", "146": "S", "18": "W", "6": "W", "64": "W", "145": "S", "45": "S", "38": "N", "153": "S", "74": "W", "12": "W", "138": "E", "10": "W", "78": "W", "40": "N", "63": "N", "142": "N", "91": "N", "109": "N", "98": "N", "73": "W", "24": "N", "54": "N", "41": "S", "62": "W", "19": "N", "8": "N", "140": "N", "126": "W", "155": "S", "42": "N", "36": "S", "43": "S", "83": "W", "49": "W", "34": "W", "46": "N", "1": "W", "53": "N", "122": "W", "136": "W", "111": "E", "30": "W", "47": "E", "31": "N", "69": "E", "59": "N", "56": "S", "28": "S", "93": "W", "131": "W", "26": "E", "79": "N", "116": "W", "71": "N", "97": "N", "132": "E", "44": "N", "5": "N", "121": "E", "35": "N", "112": "E", "22": "S", "115": "N", "107": "N", "149": "E", "76": "N", "72": "W", "94": "S", "151": "S", "4": "W", "39": "W", "37": "N", "96": "N", "81": "E", "100": "E", "9": "N", "148": "N", "135": "E", "67": "W", "124": "E", "88": "N", "14": "N", "55": "W", "147": "W", "57": "W", "117": "N", "99": "W", "119": "E", "82": "N", "134": "S", "87": "E", "159": "E", "133": "N", "2": "S", "106": "W", "29": "E", "154": "E", "70": "N", "130": "W"}, {"21": "E", "68": "N", "146": "S", "23": "S", "18": "W", "6": "W", "64": "W", "145": "S", "45": "S", "38": "N", "153": "S", "74": "W", "12": "W", "86": "N", "138": "S", "10": "W", "40": "N", "63": "E", "142": "N", "91": "W", "109": "N", "98": "W", "73": "W", "24": "N", "54": "W", "41": "S", "19": "E", "8": "N", "155": "E", "42": "N", "0": "W", "43": "S", "83": "S", "52": "W", "34": "W", "46": "N", "1": "W", "53": "N", "122": "W", "136": "S", "111": "E", "30": "N", "47": "E", "31": "W", "69": "E", "59": "N", "56": "S", "28": "S", "131": "W", "26": "N", "79": "N", "116": "W", "71": "N", "97": "N", "132": "E", "143": "N", "44": "N", "5": "N", "121": "N", "35": "N", "112": "N", "22": "S", "115": "N", "107": "N", "149": "E", "76": "N", "72": "W", "94": "E", "151": "S", "4": "W", "39": "N", "37": "N", "96": "W", "81": "S", "100": "S", "9": "E", "148": "N", "135": "E", "67": "W", "124": "S", "88": "N", "25": "W", "55": "W", "147": "W", "57": "N", "117": "N", "99": "S", "82": "N", "134": "W", "87": "E", "159": "E", "133": "W", "2": "S", "29": "E", "75": "W", "70": "N", "130": "S"}, {"68": "N", "11": "N", "146": "E", "23": "S", "18": "N", "6": "W", "64": "W", "145": "S", "45": "S", "38": "N", "74": "W", "12": "W", "138": "E", "10": "S", "78": "E", "40": "W", "63": "N", "142": "N", "91": "N", "109": "N", "98": "N", "73": "W", "24": "W", "54": "N", "41": "S", "123": "E", "19": "E", "8": "N", "42": "N", "0": "S", "83": "W", "52": "N", "34": "W", "46": "N", "1": "W", "122": "W", "65": "E", "136": "W", "111": "E", "30": "W", "31": "W", "69": "N", "59": "W", "56": "S", "28": "S", "93": "E", "131": "W", "26": "E", "79": "W", "116": "N", "71": "N", "97": "N", "103": "E", "132": "N", "143": "N", "44": "N", "5": "N", "121": "E", "35": "W", "95": "E", "112": "E", "22": "S", "115": "N", "107": "N", "149": "N", "76": "N", "72": "W", "94": "E", "151": "S", "4": "N", "39": "W", "37": "N", "96": "W", "81": "S", "100": "E", "9": "E", "148": "N", "135": "E", "67": "W", "124": "E", "88": "N", "14": "S", "25": "W", "147": "S", "117": "E", "99": "S", "119": "W", "82": "N", "134": "W", "159": "E", "15": "S", "133": "N", "2": "S", "29": "E", "75": "S", "70": "N", "130": "W"}, {"11": "N", "146": "E", "23": "S", "18": "N", "6": "W", "64": "W", "145": "S", "38": "N", "74": "W", "138": "E", "10": "S", "78": "E", "40": "W", "63": "N", "142": "N", "91": "N", "109": "E", "98": "W", "73": "W", "24": "N", "54": "N", "41": "S", "123": "S", "62": "E", "19": "E", "8": "E", "42": "N", "0": "E", "83": "W", "52": "N", "34": "W", "46": "W", "1": "N", "122": "W", "65": "E", "136": "W", "111": "E", "30": "W", "47": "N", "31": "S", "69": "N", "56": "W", "28": "E", "93": "E", "131": "W", "26": "E", "79": "W", "116": "W", "71": "W", "97": "N", "103": "N", "44": "W", "5": "N", "121": "E", "35": "N", "95": "N", "112": "E", "22": "S", "107": "W", "149": "N", "156": "N", "76": "N", "72": "N", "94": "E", "151": "W", "4": "W", "39": "W", "37": "N", "96": "W", "81": "S", "100": "S", "9": "E", "148": "N", "135": "E", "67": "W", "124": "S", "88": "E", "3": "N", "25": "W", "147": "S", "57": "N", "117": "N", "82": "E", "159": "E", "133": "N", "2": "E", "29": "E", "154": "W", "75": "S", "70": "E", "130": "W"}, {"11": "W", "6": "N", "64": "N", "145": "S", "48": "E", "38": "E", "153": "S", "138": "E", "78": "N", "63": "W", "91": "N", "109": "E", "98": "N", "73": "S", "24": "N", "54": "N", "41": "E", "123": "S", "8": "E", "126": "W", "42": "N", "0": "E", "36": "W", "83": "W", "49": "N", "52": "N", "34": "W", "46": "N", "1": "N", "53": "N", "122": "S", "136": "S", "111": "S", "30": "N", "31": "E", "59": "N", "56": "W", "28": "N", "131": "W", "26": "N", "79": "N", "116": "S", "71": "N", "97": "N", "103": "N", "143": "S", "44": "N", "5": "N", "121": "E", "35": "N", "95": "N", "22": "E", "107": "N", "149": "E", "76": "N", "72": "N", "94": "E", "151": "S", "4": "W", "39": "W", "37": "N", "96": "S", "81": "W", "100": "W", "9": "E", "148": "N", "135": "E", "67": "W", "124": "E", "88": "E", "3": "E", "14": "N", "25": "S", "147": "S", "57": "W", "117": "N", "119": "N", "82": "E", "134": "W", "159": "E", "133": "N", "2": "E", "106": "W", "29": "S", "70": "N", "130": "W"}, {"11": "N", "6": "N", "64": "N", "145": "S", "45": "N", "38": "E", "153": "S", "138": "E", "91": "W", "109": "N", "98": "N", "24": "N", "54": "W", "123": "W", "62": "S", "8": "E", "126": "W", "42": "N", "0": "E", "36": "S", "43": "N", "83": "N", "49": "W", "52": "N", "34": "W", "46": "N", "1": "N", "53": "N", "122": "W", "136": "W", "111": "S", "30": "N", "47": "S", "31": "N", "59": "N", "56": "S", "28": "N", "131": "W", "26": "E", "79": "N", "116": "S", "71": "W", "97": "E", "103": "W", "132": "N", "143": "S", "44": "W", "5": "W", "121": "E", "35": "N", "95": "N", "112": "N", "22": "E", "107": "N", "149": "E", "76": "N", "72": "N", "94": "E", "151": "E", "4": "W", "39": "W", "37": "N", "96": "W", "81": "S", "100": "W", "9": "S", "148": "N", "135": "E", "67": "W", "124": "E", "88": "E", "3": "N", "14": "N", "25": "S", "147": "E", "117": "N", "82": "E", "134": "N", "159": "E", "133": "N", "2": "E", "29": "E", "75": "W", "70": "N"}, {"6": "E", "145": "W", "48": "W", "138": "E", "91": "N", "109": "E", "54": "N", "41": "E", "123": "S", "126": "W", "42": "E", "0": "E", "36": "S", "43": "E", "83": "W", "49": "W", "52": "E", "34": "N", "46": "N", "1": "N", "53": "N", "122": "W", "65": "E", "136": "W", "111": "S", "30": "W", "31": "E", "59": "N", "56": "S", "28": "N", "131": "N", "26": "E", "79": "N", "116": "S", "71": "W", "97": "E", "103": "N", "132": "N", "44": "W", "5": "N", "121": "E", "35": "N", "95": "N", "112": "E", "149": "N", "76": "N", "72": "N", "94": "E", "151": "E", "4": "N", "39": "W", "37": "N", "96": "W", "81": "W", "100": "S", "9": "E", "148": "E", "135": "E", "67": "W", "124": "N", "88": "E", "3": "N", "14": "N", "25": "E", "147": "S", "117": "N", "119": "S", "82": "E", "159": "E", "15": "E", "133": "W", "2": "E", "106": "W", "29": "S", "75": "S", "70": "N"}, {"145": "S", "45": "S", "138": "E", "91": "W", "109": "E", "54": "W", "123": "S", "126": "W", "42": "E", "0": "N", "36": "S", "43": "S", "83": "W", "49": "W", "34": "N", "46": "N", "1": "N", "53": "N", "122": "N", "136": "N", "111": "E", "30": "W", "31": "S", "59": "N", "56": "S", "28": "N", "26": "E", "79": "N", "110": "N", "71": "N", "97": "E", "103": "W", "132": "E", "44": "N", "5": "W", "121": "E", "35": "N", "95": "N", "90": "W", "112": "E", "149": "E", "156": "W", "76": "E", "72": "N", "151": "S", "4": "N", "39": "W", "37": "E", "96": "S", "81": "W", "128": "S", "100": "S", "9": "E", "148": "N", "67": "W", "124": "N", "88": "E", "3": "N", "14": "N", "25": "S", "147": "S", "117": "E", "82": "N", "134": "W", "159": "E", "15": "E", "133": "W", "2": "E", "106": "W", "29": "W", "70": "E"}, {"145": "S", "45": "S", "138": "E", "91": "W", "109": "E", "54": "W", "123": "S", "62": "N", "126": "W", "42": "E", "36": "S", "83": "W", "49": "W", "34": "N", "46": "N", "1": "N", "53": "N", "111": "E", "30": "W", "59": "N", "56": "W", "28": "N", "131": "W", "26": "N", "79": "W", "71": "N", "97": "E", "103": "W", "132": "E", "44": "N", "5": "W", "35": "N", "95": "N", "149": "E", "156": "W", "76": "E", "72": "W", "151": "S", "4": "N", "39": "W", "37": "E", "96": "S", "81": "W", "100": "S", "9": "E", "148": "W", "135": "E", "67": "W", "124": "E", "88": "E", "3": "N", "14": "N", "25": "E", "147": "S", "117": "N", "82": "E", "134": "N", "159": "N", "15": "E", "133": "N", "2": "E", "106": "N", "29": "S", "130": "N"}, {"145": "E", "138": "N", "91": "W", "109": "E", "54": "N", "123": "S", "126": "W", "36": "S", "83": "W", "49": "W", "34": "N", "46": "N", "1": "N", "53": "N", "65": "W", "111": "E", "30": "N", "59": "N", "56": "S", "28": "E", "131": "W", "26": "N", "79": "W", "71": "W", "97": "N", "103": "N", "132": "N", "44": "W", "5": "N", "121": "E", "35": "N", "95": "N", "112": "S", "107": "E", "149": "E", "156": "W", "76": "E", "151": "S", "39": "W", "37": "E", "96": "E", "81": "S", "100": "S", "148": "W", "67": "W", "124": "N", "88": "E", "3": "N", "14": "W", "25": "E", "55": "E", "147": "S", "117": "E", "82": "E", "134": "N", "159": "E", "15": "N", "133": "N", "2": "E", "106": "N", "29": "S", "130": "N"}, {"109": "E", "54": "N", "123": "S", "89": "N", "36": "E", "83": "W", "49": "W", "46": "N", "53": "N", "111": "E", "30": "N", "59": "E", "56": "W", "26": "N", "79": "W", "110": "S", "71": "W", "97": "N", "103": "N", "132": "E", "44": "W", "5": "N", "35": "N", "112": "S", "22": "E", "149": "E", "156": "S", "76": "E", "151": "S", "39": "N", "37": "E", "96": "E", "81": "S", "128": "N", "100": "S", "148": "N", "67": "N", "124": "N", "88": "E", "3": "E", "25": "E", "147": "S", "117": "E", "157": "N", "82": "E", "134": "N", "159": "E", "133": "N", "2": "E", "106": "N", "29": "S", "130": "N"}, {"54": "W", "123": "W", "36": "E", "83": "W", "49": "W", "46": "E", "53": "E", "111": "E", "30": "N", "26": "N", "79": "N", "71": "N", "97": "N", "103": "W", "132": "E", "44": "N", "5": "W", "121": "W", "35": "E", "95": "E", "112": "S", "107": "W", "149": "E", "156": "E", "76": "E", "151": "S", "39": "N", "37": "E", "96": "S", "81": "S", "100": "S", "148": "N", "124": "N", "88": "E", "3": "N", "25": "N", "147": "S", "117": "N", "157": "N", "82": "E", "134": "E", "159": "S", "133": "N", "2": "S", "29": "S", "75": "N", "70": "N"}, {"54": "W", "83": "W", "49": "S", "46": "E", "53": "E", "111": "S", "30": "N", "26": "E", "79": "N", "71": "N", "97": "W", "103": "W", "132": "E", "44": "N", "5": "N", "35": "E", "95": "E", "149": "E", "156": "S", "76": "E", "151": "E", "37": "E", "96": "S", "81": "S", "148": "N", "67": "W", "124": "E", "88": "E", "14": "E", "25": "E", "55": "W", "147": "E", "117": "E", "82": "E", "134": "E", "159": "S", "133": "W", "2": "E", "106": "E", "29": "W", "70": "N"}, {"54": "S", "89": "S", "83": "S", "111": "E", "30": "N", "26": "N", "79": "W", "71": "W", "97": "W", "103": "N", "132": "E", "44": "W", "5": "N", "35": "E", "95": "N", "149": "E", "156": "E", "76": "E", "151": "E", "37": "E", "96": "S", "81": "W", "148": "N", "67": "W", "124": "E", "88": "N", "3": "W", "14": "N", "25": "N", "147": "E", "117": "E", "82": "E", "134": "E", "159": "S", "133": "N", "2": "E", "106": "N", "29": "S", "70": "N", "130": "N"}, {"111": "E", "30": "N", "26": "N", "79": "N", "71": "W", "97": "N", "103": "N", "132": "E", "5": "W", "35": "E", "95": "N", "149": "E", "156": "E", "76": "E", "37": "E", "96": "S", "81": "W", "148": "N", "67": "W", "124": "N", "88": "E", "3": "N", "14": "N", "147": "E", "117": "E", "157": "E", "82": "E", "134": "N", "159": "S", "133": "W", "2": "E", "29": "S"}, {"111": "S", "30": "N", "26": "E", "79": "N", "71": "N", "97": "N", "103": "W", "132": "N", "44": "E", "5": "N", "35": "E", "95": "E", "90": "W", "149": "E", "76": "E", "37": "E", "96": "S", "81": "S", "128": "E", "148": "N", "67": "N", "124": "N", "88": "E", "3": "N", "14": "N", "55": "E", "147": "E", "117": "E", "157": "N", "82": "E", "134": "N", "159": "S", "133": "N", "2": "E", "29": "S", "75": "S", "70": "N"}, {"111": "E", "30": "N", "26": "N", "79": "N", "71": "N", "97": "N", "103": "N", "132": "N", "5": "W", "35": "S", "95": "E", "90": "W", "149": "E", "76": "E", "37": "E", "96": "E", "81": "S", "148": "N", "124": "E", "88": "S", "3": "N", "14": "N", "55": "E", "117": "E", "82": "E", "134": "N", "159": "S", "133": "N", "2": "E", "106": "W", "29": "W", "75": "E"}, {"111": "E", "30": "E", "26": "E", "79": "W", "110": "E", "71": "W", "97": "W", "103": "W", "44": "W", "5": "W", "95": "E", "90": "S", "149": "E", "37": "N", "96": "E", "81": "S", "128": "N", "148": "N", "124": "E", "88": "S", "3": "E", "14": "N", "117": "E", "157": "E", "82": "E", "134": "W", "159": "S", "133": "N", "2": "E", "106": "N", "29": "W", "75": "E", "70": "E"}, {"111": "E", "26": "N", "79": "W", "110": "E", "71": "W", "103": "W", "132": "E", "44": "W", "5": "W", "95": "E", "90": "S", "112": "N", "149": "S", "37": "E", "128": "W", "148": "N", "124": "E", "88": "S", "3": "E", "14": "N", "117": "E", "82": "E", "134": "N", "159": "W", "133": "N", "2": "E", "106": "N", "29": "S", "70": "E"}, {"111": "S", "26": "N", "79": "W", "110": "E", "71": "W", "132": "N", "5": "W", "95": "E", "112": "E", "149": "S", "37": "E", "128": "S", "148": "N", "124": "E", "88": "S", "3": "N", "117": "E", "119": "N", "82": "E", "134": "N", "159": "S", "133": "N", "2": "E", "106": "N", "29": "W", "154": "E"}, {"111": "S", "26": "W", "79": "W", "110": "E", "71": "W", "132": "E", "5": "W", "95": "E", "112": "E", "149": "E", "37": "S", "148": "N", "124": "E", "88": "S", "117": "E", "82": "E", "159": "S", "133": "N", "2": "E", "106": "N", "29": "S"}, {"111": "S", "26": "N", "79": "S", "71": "S", "132": "N", "5": "W", "95": "E", "90": "N", "112": "S", "149": "E", "148": "E", "124": "N", "88": "S", "117": "E", "119": "S", "82": "S", "87": "S", "159": "S", "133": "N", "2": "E", "106": "N", "29": "S"}, {"111": "S", "26": "W", "79": "S", "110": "W", "71": "S", "132": "N", "5": "W", "95": "E", "149": "S", "124": "E", "88": "S", "117": "E", "82": "E", "159": "S", "133": "N", "2": "E", "106": "N", "29": "W", "154": "W"}, {"111": "E", "26": "W", "110": "W", "132": "W", "5": "S", "95": "S", "90": "N", "112": "W", "149": "E", "124": "E", "88": "W", "117": "E", "82": "E", "134": "W", "159": "S", "133": "N", "2": "E", "106": "N", "29": "S"}, {"111": "S", "26": "W", "110": "W", "132": "N", "95": "E", "90": "E", "149": "E", "124": "E", "117": "E", "82": "E", "134": "N", "133": "N", "2": "E", "106": "N", "29": "S"}, {"111": "E", "26": "W", "110": "W", "132": "W", "95": "E", "90": "E", "112": "W", "117": "S", "82": "E", "134": "N", "133": "E", "2": "E", "106": "N", "29": "W"}, {"111": "E", "132": "N", "95": "E", "90": "E", "117": "E", "82": "E", "134": "N", "87": "W", "133": "N", "2": "N", "106": "N"}, {"132": "N", "95": "S", "117": "E", "82": "E", "134": "N", "87": "N", "133": "E", "106": "N"}, {"95": "E", "117": "E", "82": "E", "134": "N", "133": "E", "106": "N"}, {"95": "E", "117": "E", "134": "E", "87": "E", "133": "E", "106": "E"}, {"95": "E", "117": "E", "133": "S", "106": "E"}, {"95": "E", "117": "S", "133": "E", "106": "E"}, {"95": "E", "117": "E", "133": "E", "106": "S"}, {"117": "S", "133": "E", "106": "E"}, {"117": "E", "133": "E", "106": "E"}, {"117": "E", "133": "E"}, {"117": "S"}, {"117": "S"}, {"117": "W"}, {"117": "S"}], "result": "SUCCESS", "makespan": 59, "sum": 3570, "algo_name": "Chill_per_25_BIT_", "extra": {"arrival_order": [7, 152, 66, 32, 27, 21, 84, 68, 60, 139, 20, 77, 50, 102, 11, 146, 23, 80, 129, 144, 13, 33, 61, 105, 127, 18, 16, 6, 85, 64, 113, 145, 48, 45, 120, 118, 38, 153, 74, 12, 86, 138, 10, 92, 78, 58, 40, 63, 142, 91, 109, 98, 51, 101, 73, 125, 24, 54, 17, 41, 123, 62, 89, 19, 8, 140, 126, 155, 42, 0, 114, 36, 43, 83, 49, 52, 108, 158, 34, 46, 1, 53, 122, 65, 136, 111, 30, 47, 31, 69, 59, 56, 28, 93, 131, 26, 79, 116, 110, 150, 71, 97, 103, 132, 143, 44, 5, 121, 35, 95, 90, 112, 22, 115, 107, 149, 156, 76, 72, 141, 94, 151, 4, 39, 37, 96, 81, 128, 100, 9, 148, 137, 135, 67, 124, 88, 104, 3, 14, 25, 55, 147, 57, 117, 99, 119, 157, 82, 134, 87, 159, 15, 133, 2, 106, 29, 154, 75, 70, 130], "time_arrived": [1280, 1552, 3178, 2839, 2480, 2172, 483, 127, 1180, 2642, 747, 287, 697, 389, 2853, 3111, 463, 1088, 456, 1161, 234, 177, 2296, 323, 1031, 2860, 1889, 167, 1821, 3238, 1716, 1744, 161, 400, 1493, 2213, 1309, 2527, 638, 2503, 806, 1109, 1267, 1340, 2134, 594, 1530, 1728, 575, 1411, 255, 944, 1439, 1574, 1058, 2864, 1807, 2902, 783, 1781, 216, 416, 1129, 829, 515, 1615, 153, 2729, 206, 1757, 3276, 2004, 2409, 987, 682, 3257, 2393, 243, 760, 1925, 341, 2584, 3021, 1374, 193, 498, 706, 3063, 2808, 1142, 2262, 869, 753, 1832, 2430, 2247, 2553, 2035, 917, 2962, 2631, 954, 273, 2060, 2818, 428, 3210, 2338, 1453, 900, 1956, 1682, 2281, 533, 1292, 2319, 1941, 2941, 618, 2968, 600, 2192, 1601, 1119, 2765, 1000, 1221, 440, 2601, 356, 3282, 1857, 2097, 3146, 3041, 2698, 1643, 2674, 729, 226, 1196, 2421, 846, 2106, 375, 563, 307, 2891, 2669, 2369, 1969, 2465, 141, 664, 3242, 1242, 2378, 2979, 1471, 3103], "BIT_runs": 1, "old_makespan": 3282, "old_sum": 3982, "improved": "[7, 152, 66, 32, 27, 21, 84, 68, 60, 139, 20, 77, 50, 102, 11, 146, 23, 80, 129, 144, 13, 33, 61, 105, 127, 18, 16, 6, 85, 64, 113, 145, 48, 45, 120, 118, 38, 153, 74, 12, 86, 138, 10, 92, 78, 58, 40, 63, 142, 91, 109, 98, 51, 101, 73, 125, 24, 54, 17, 41, 123, 62, 89, 19, 8, 140, 126, 155, 42, 0, 114, 36, 43, 83, 49, 52, 108, 158, 34, 46, 1, 53, 122, 65, 136, 111, 30, 47, 31, 69, 59, 56, 28, 93, 131, 26, 79, 116, 110, 150, 71, 97, 103, 132, 143, 44, 5, 121, 35, 95, 90, 112, 22, 115, 107, 149, 156, 76, 72, 141, 94, 151, 4, 39, 37, 96, 81, 128, 100, 9, 148, 137, 135, 67, 124, 88, 104, 3, 14, 25, 55, 147, 57, 117, 99, 119, 157, 82, 134, 87, 159, 15, 133, 2, 106, 29, 154, 75, 70, 130],", "goal_raise_for_bs": 32}}