{"instance": "small_free_012_20x20_60_240", "steps": [{"155": "N", "200": "S", "172": "N", "197": "N", "188": "S", "125": "N", "42": "N", "206": "W", "121": "W", "132": "S", "95": "W", "20": "N", "91": "S", "30": "E", "65": "S", "131": "W", "109": "N", "220": "S", "222": "E", "170": "N", "53": "W", "14": "E", "29": "W", "70": "E", "159": "N", "183": "W", "235": "E", "59": "W", "198": "E", "8": "E", "215": "N", "216": "E", "25": "W", "56": "N", "61": "E", "99": "W", "86": "N", "156": "W", "115": "E", "74": "E", "137": "N", "154": "N", "134": "N", "1": "S", "110": "W", "45": "E", "66": "N", "181": "W", "139": "E", "88": "N", "33": "W", "123": "E", "126": "N", "208": "W", "43": "W", "75": "W", "105": "N", "78": "N", "239": "W", "217": "E", "191": "S", "81": "W", "219": "E", "89": "E", "174": "W", "192": "E", "71": "E", "135": "E", "142": "N", "176": "N", "178": "W", "68": "E", "104": "S", "209": "W", "189": "E", "76": "W", "79": "W", "16": "N", "32": "N", "98": "W", "73": "S", "23": "E", "2": "W", "151": "E", "133": "W", "31": "W", "48": "S", "40": "S", "173": "W", "180": "W", "63": "S", "140": "S", "101": "S", "129": "W", "60": "N", "153": "E", "196": "S", "9": "W", "113": "W", "226": "W", "10": "S", "11": "N", "207": "N", "12": "W", "124": "W", "166": "N", "138": "N", "82": "N", "100": "N", "141": "E", "97": "E", "179": "W", "93": "E", "148": "S", "4": "S", "37": "S", "167": "N", "120": "S", "234": "N", "49": "E", "92": "W", "149": "W", "27": "W", "212": "W", "230": "W", "55": "W", "227": "S", "168": "S", "175": "N", "5": "N", "51": "N", "203": "E", "187": "W", "41": "W", "238": "S", "118": "E", "144": "W", "69": "E", "3": "S", "136": "N", "232": "W", "228": "S", "6": "E", "67": "W", "83": "S", "107": "W", "182": "N", "15": "W", "146": "N", "233": "N", "199": "W", "112": "N", "185": "N", "38": "E", "26": "N", "171": "E", "143": "S", "44": "W", "225": "N", "236": "W", "210": "E", "195": "W", "54": "E", "114": "S", "39": "E", "94": "W"}, {"50": "N", "155": "N", "200": "S", "172": "N", "145": "N", "164": "S", "197": "N", "188": "S", "125": "N", "42": "N", "206": "W", "121": "W", "132": "E", "95": "W", "20": "N", "193": "S", "91": "S", "30": "E", "65": "S", "131": "S", "109": "N", "220": "S", "222": "E", "170": "N", "18": "S", "53": "W", "77": "N", "160": "S", "14": "E", "29": "W", "70": "E", "159": "N", "183": "W", "106": "E", "116": "E", "235": "S", "59": "W", "198": "E", "8": "E", "0": "S", "215": "N", "216": "E", "201": "E", "22": "S", "205": "N", "25": "W", "56": "N", "58": "S", "61": "E", "223": "N", "86": "N", "156": "W", "211": "S", "115": "E", "74": "E", "137": "W", "154": "N", "62": "E", "134": "N", "1": "S", "110": "W", "45": "N", "66": "N", "181": "W", "139": "E", "88": "N", "33": "W", "123": "E", "96": "S", "126": "N", "186": "N", "208": "W", "75": "W", "21": "E", "105": "N", "78": "N", "239": "W", "217": "E", "191": "S", "214": "S", "81": "W", "219": "E", "89": "E", "117": "E", "174": "N", "192": "N", "135": "N", "142": "N", "176": "N", "102": "W", "178": "S", "68": "E", "104": "S", "209": "S", "189": "S", "85": "E", "76": "W", "79": "W", "16": "N", "32": "N", "98": "W", "73": "S", "23": "E", "127": "E", "147": "S", "2": "W", "151": "E", "218": "E", "133": "W", "31": "W", "119": "W", "48": "S", "40": "E", "128": "W", "80": "E", "173": "W", "180": "W", "63": "S", "140": "S", "101": "S", "129": "W", "190": "E", "60": "N", "213": "W", "153": "E", "196": "S", "9": "W", "17": "N", "122": "E", "113": "W", "226": "W", "10": "S", "169": "S", "87": "S", "11": "N", "207": "N", "158": "S", "12": "W", "138": "N", "57": "N", "82": "E", "100": "N", "130": "S", "141": "E", "97": "E", "179": "W", "93": "E", "162": "S", "148": "S", "4": "S", "37": "S", "167": "N", "120": "S", "90": "S", "49": "E", "92": "W", "194": "S", "103": "W", "221": "W", "161": "S", "212": "W", "108": "W", "230": "W", "55": "W", "64": "S", "227": "S", "175": "N", "157": "E", "51": "E", "187": "W", "41": "W", "238": "W", "118": "E", "144": "W", "3": "S", "136": "N", "150": "E", "232": "W", "237": "S", "228": "S", "6": "E", "83": "S", "107": "W", "229": "N", "182": "E", "15": "W", "146": "N", "233": "N", "199": "W", "185": "N", "38": "E", "26": "E", "171": "E", "44": "W", "210": "N", "195": "W", "7": "S", "114": "S", "39": "E", "94": "W", "224": "S"}, {"200": "S", "172": "N", "145": "N", "164": "S", "197": "N", "188": "W", "125": "N", "42": "N", "206": "W", "121": "W", "132": "S", "95": "W", "20": "N", "193": "S", "91": "S", "30": "E", "65": "S", "131": "W", "109": "N", "220": "S", "222": "E", "170": "N", "18": "S", "53": "W", "77": "N", "160": "W", "14": "E", "29": "N", "70": "E", "183": "W", "106": "E", "116": "S", "235": "S", "231": "N", "59": "W", "0": "S", "215": "N", "216": "E", "201": "E", "22": "S", "205": "N", "25": "W", "47": "E", "56": "N", "58": "S", "223": "N", "19": "E", "99": "W", "86": "N", "156": "N", "211": "S", "115": "E", "74": "E", "137": "N", "154": "N", "62": "S", "134": "N", "1": "S", "110": "W", "66": "N", "84": "E", "181": "N", "139": "E", "88": "N", "123": "S", "96": "S", "186": "W", "208": "S", "43": "S", "75": "W", "21": "E", "165": "S", "105": "N", "239": "W", "217": "S", "191": "S", "214": "S", "117": "N", "192": "W", "71": "S", "135": "N", "142": "N", "202": "W", "176": "N", "102": "W", "35": "W", "178": "W", "68": "E", "104": "S", "209": "W", "189": "E", "85": "E", "79": "N", "16": "N", "32": "N", "98": "W", "13": "S", "73": "S", "23": "E", "127": "E", "147": "W", "2": "W", "151": "E", "133": "N", "48": "S", "128": "W", "80": "E", "173": "W", "180": "W", "63": "S", "140": "S", "101": "S", "129": "W", "190": "E", "60": "E", "213": "W", "153": "E", "196": "S", "9": "S", "17": "N", "122": "N", "10": "S", "169": "S", "87": "S", "11": "N", "207": "N", "158": "S", "12": "S", "124": "N", "138": "N", "57": "N", "82": "N", "100": "N", "130": "S", "97": "E", "179": "W", "93": "E", "4": "S", "37": "S", "120": "S", "152": "N", "194": "E", "149": "W", "103": "N", "27": "S", "221": "S", "161": "S", "108": "W", "230": "N", "24": "E", "55": "W", "64": "S", "175": "W", "51": "N", "187": "W", "41": "W", "238": "W", "177": "S", "144": "S", "3": "S", "232": "W", "228": "S", "6": "E", "67": "W", "83": "S", "107": "N", "182": "N", "15": "W", "146": "N", "233": "E", "199": "W", "185": "N", "26": "S", "171": "E", "225": "N", "210": "E", "195": "W", "94": "W", "224": "W"}, {"155": "N", "200": "S", "172": "N", "145": "N", "164": "S", "197": "N", "188": "S", "125": "N", "42": "N", "206": "W", "121": "W", "132": "E", "95": "W", "20": "N", "193": "S", "91": "S", "163": "E", "30": "E", "65": "W", "131": "W", "109": "N", "220": "S", "222": "E", "170": "E", "18": "S", "53": "W", "77": "N", "160": "S", "14": "E", "29": "W", "70": "E", "159": "N", "183": "W", "106": "E", "116": "E", "235": "E", "231": "N", "59": "W", "198": "E", "8": "E", "0": "S", "215": "N", "72": "E", "216": "E", "201": "E", "22": "S", "205": "N", "25": "W", "47": "E", "56": "E", "58": "S", "61": "E", "223": "N", "19": "E", "99": "W", "86": "N", "156": "N", "115": "E", "74": "E", "137": "W", "154": "N", "134": "N", "1": "S", "110": "S", "66": "N", "84": "E", "181": "W", "139": "E", "88": "N", "33": "W", "123": "E", "96": "S", "126": "N", "186": "N", "208": "E", "43": "S", "75": "W", "21": "E", "165": "W", "105": "N", "78": "N", "239": "S", "217": "E", "191": "E", "214": "S", "81": "W", "89": "E", "117": "E", "174": "W", "192": "W", "135": "W", "142": "N", "202": "N", "176": "E", "102": "W", "35": "S", "46": "W", "178": "W", "28": "E", "111": "N", "68": "E", "104": "S", "209": "W", "189": "N", "85": "E", "76": "W", "79": "E", "16": "N", "32": "N", "98": "W", "13": "S", "73": "S", "34": "W", "23": "E", "127": "E", "147": "W", "2": "W", "218": "W", "133": "N", "31": "W", "119": "E", "48": "S", "40": "E", "128": "N", "80": "E", "173": "W", "63": "S", "140": "S", "101": "S", "129": "W", "190": "E", "213": "W", "153": "E", "196": "W", "9": "W", "17": "N", "122": "E", "113": "S", "226": "W", "10": "S", "169": "S", "87": "E", "11": "N", "207": "N", "158": "S", "12": "E", "138": "N", "57": "N", "82": "N", "100": "N", "130": "S", "141": "E", "97": "E", "179": "W", "93": "E", "162": "N", "4": "S", "37": "S", "234": "E", "90": "S", "52": "E", "152": "N", "49": "S", "194": "N", "149": "W", "27": "S", "161": "E", "108": "N", "230": "W", "24": "N", "55": "W", "64": "W", "227": "W", "175": "W", "5": "E", "157": "E", "51": "E", "187": "W", "41": "W", "238": "W", "118": "E", "177": "E", "144": "S", "3": "S", "150": "W", "232": "W", "228": "E", "6": "E", "67": "W", "107": "W", "182": "N", "15": "W", "146": "E", "233": "S", "199": "W", "185": "N", "38": "E", "171": "E", "143": "W", "44": "W", "236": "W", "210": "N", "195": "W", "7": "S", "39": "E", "94": "W", "224": "S"}, {"155": "N", "200": "E", "172": "N", "145": "N", "164": "S", "197": "N", "188": "S", "125": "N", "42": "N", "206": "W", "121": "W", "132": "E", "95": "W", "193": "S", "184": "E", "91": "S", "163": "E", "30": "E", "65": "W", "131": "W", "109": "N", "222": "E", "18": "E", "53": "W", "77": "N", "160": "S", "14": "E", "29": "W", "70": "E", "159": "N", "183": "W", "106": "E", "116": "E", "235": "E", "231": "N", "59": "W", "198": "E", "8": "E", "0": "E", "215": "N", "72": "E", "216": "E", "201": "E", "22": "S", "205": "N", "25": "W", "47": "E", "58": "E", "61": "E", "223": "N", "19": "E", "86": "N", "156": "N", "211": "S", "115": "E", "74": "E", "137": "N", "154": "N", "62": "S", "134": "N", "45": "N", "66": "N", "181": "W", "139": "E", "88": "W", "33": "W", "123": "E", "96": "S", "126": "N", "208": "N", "43": "E", "75": "W", "21": "E", "165": "S", "105": "E", "78": "N", "239": "S", "217": "S", "191": "N", "214": "S", "81": "W", "219": "N", "89": "E", "117": "N", "204": "E", "192": "W", "135": "W", "142": "N", "36": "E", "202": "W", "176": "N", "102": "N", "35": "E", "46": "W", "178": "S", "28": "E", "68": "E", "104": "S", "189": "E", "85": "E", "76": "W", "79": "S", "16": "N", "32": "N", "98": "W", "13": "S", "73": "S", "34": "W", "23": "E", "127": "E", "147": "N", "2": "W", "151": "E", "218": "W", "31": "W", "48": "S", "128": "N", "80": "E", "173": "W", "63": "S", "140": "S", "101": "E", "129": "W", "190": "E", "60": "N", "213": "W", "153": "E", "196": "S", "9": "W", "17": "N", "113": "S", "226": "W", "10": "S", "169": "S", "87": "E", "11": "N", "207": "N", "158": "S", "12": "E", "166": "W", "138": "N", "57": "N", "82": "E", "100": "N", "130": "S", "141": "E", "97": "E", "179": "W", "93": "E", "162": "W", "148": "W", "4": "S", "37": "S", "167": "E", "90": "E", "52": "E", "49": "S", "194": "E", "149": "W", "103": "N", "27": "S", "161": "E", "212": "N", "230": "W", "64": "W", "227": "W", "175": "W", "51": "E", "187": "W", "41": "W", "238": "W", "118": "E", "177": "N", "144": "W", "3": "E", "136": "N", "232": "W", "237": "S", "6": "E", "67": "W", "107": "W", "229": "E", "182": "E", "15": "W", "146": "N", "233": "W", "199": "W", "112": "W", "38": "S", "171": "E", "143": "N", "236": "W", "210": "E", "195": "W", "7": "E", "114": "E", "39": "E", "94": "W", "224": "W"}, {"155": "N", "200": "E", "172": "N", "145": "N", "164": "S", "197": "N", "188": "S", "125": "N", "42": "N", "206": "W", "121": "W", "132": "E", "95": "W", "193": "S", "184": "E", "91": "S", "163": "E", "30": "E", "65": "N", "131": "W", "109": "N", "222": "E", "18": "E", "53": "W", "77": "N", "14": "E", "29": "W", "70": "E", "159": "N", "183": "W", "106": "E", "116": "E", "235": "E", "231": "N", "59": "W", "198": "E", "8": "E", "0": "E", "215": "N", "72": "E", "216": "E", "201": "E", "22": "S", "47": "E", "56": "N", "58": "E", "61": "E", "223": "N", "19": "E", "86": "N", "156": "N", "211": "S", "74": "E", "137": "W", "154": "N", "62": "S", "134": "N", "1": "S", "66": "N", "84": "N", "181": "W", "139": "E", "33": "W", "123": "E", "96": "S", "126": "N", "208": "N", "43": "S", "21": "E", "105": "S", "78": "N", "239": "S", "217": "S", "191": "N", "214": "S", "81": "W", "89": "E", "117": "N", "174": "W", "192": "W", "135": "W", "142": "N", "36": "E", "202": "W", "176": "N", "102": "W", "35": "E", "178": "S", "68": "E", "104": "S", "209": "S", "189": "E", "85": "E", "76": "W", "79": "S", "16": "N", "32": "N", "98": "W", "13": "S", "73": "S", "34": "W", "23": "E", "127": "E", "147": "E", "2": "W", "151": "E", "218": "W", "133": "S", "31": "W", "119": "S", "48": "S", "128": "N", "80": "E", "173": "W", "63": "S", "140": "S", "101": "N", "129": "W", "190": "E", "213": "W", "153": "E", "196": "S", "9": "W", "17": "N", "122": "E", "113": "S", "226": "W", "10": "S", "169": "S", "87": "N", "11": "N", "207": "N", "158": "S", "12": "E", "166": "W", "138": "N", "57": "N", "82": "E", "100": "N", "130": "S", "141": "E", "179": "W", "93": "E", "162": "W", "148": "W", "4": "S", "37": "S", "167": "E", "90": "N", "52": "E", "49": "S", "194": "N", "149": "W", "103": "N", "27": "S", "221": "N", "161": "E", "212": "W", "55": "W", "64": "S", "227": "W", "175": "W", "51": "E", "187": "W", "41": "W", "238": "W", "118": "E", "177": "E", "3": "N", "150": "E", "232": "W", "237": "S", "67": "W", "229": "S", "182": "N", "15": "W", "146": "N", "233": "W", "199": "W", "112": "W", "185": "E", "38": "S", "26": "W", "171": "N", "44": "N", "236": "W", "210": "S", "195": "W", "7": "E", "114": "E", "39": "E", "94": "S", "224": "S"}, {"155": "N", "200": "E", "145": "N", "164": "E", "125": "N", "132": "E", "95": "W", "193": "S", "184": "E", "91": "S", "163": "E", "30": "E", "65": "N", "131": "W", "109": "N", "222": "E", "18": "E", "53": "W", "77": "N", "160": "W", "14": "E", "29": "W", "70": "E", "159": "N", "183": "W", "106": "E", "116": "E", "235": "E", "59": "S", "198": "E", "8": "E", "0": "E", "215": "N", "216": "E", "201": "E", "22": "S", "47": "E", "58": "E", "61": "E", "19": "E", "99": "N", "156": "N", "74": "E", "137": "W", "154": "N", "62": "S", "1": "S", "66": "N", "181": "W", "139": "E", "33": "W", "123": "E", "96": "E", "126": "N", "208": "N", "43": "S", "21": "E", "105": "S", "78": "N", "239": "S", "217": "E", "191": "N", "214": "S", "81": "W", "117": "N", "174": "W", "192": "W", "135": "W", "202": "W", "176": "N", "102": "N", "46": "N", "68": "E", "104": "S", "209": "S", "189": "N", "85": "E", "76": "W", "79": "S", "16": "N", "32": "N", "98": "N", "13": "S", "73": "S", "34": "W", "23": "E", "127": "E", "147": "S", "2": "W", "218": "W", "119": "S", "48": "S", "128": "N", "80": "E", "63": "S", "140": "S", "101": "N", "190": "E", "153": "E", "9": "W", "17": "N", "122": "E", "113": "S", "226": "W", "10": "S", "169": "S", "87": "E", "12": "N", "166": "W", "138": "W", "57": "N", "82": "E", "100": "N", "130": "S", "141": "E", "97": "S", "179": "W", "93": "E", "148": "W", "37": "S", "167": "E", "52": "E", "49": "E", "92": "N", "149": "W", "103": "E", "27": "S", "221": "W", "212": "N", "108": "E", "230": "W", "24": "S", "55": "W", "168": "E", "175": "N", "157": "S", "51": "N", "41": "W", "238": "W", "118": "E", "177": "E", "3": "N", "150": "N", "237": "S", "67": "W", "83": "E", "229": "S", "182": "N", "15": "W", "146": "E", "233": "W", "199": "S", "112": "W", "38": "E", "26": "N", "171": "W", "44": "N", "225": "E", "236": "W", "210": "S", "195": "N", "7": "S", "39": "E", "94": "S", "224": "W"}, {"200": "E", "164": "E", "125": "E", "121": "W", "132": "E", "95": "W", "193": "S", "184": "E", "91": "S", "163": "E", "65": "N", "131": "W", "109": "E", "220": "E", "222": "E", "18": "E", "53": "S", "160": "W", "14": "E", "29": "W", "70": "E", "159": "W", "106": "E", "116": "E", "59": "S", "198": "E", "8": "E", "0": "E", "201": "E", "22": "S", "47": "E", "58": "E", "61": "E", "19": "E", "99": "W", "156": "N", "211": "E", "74": "E", "137": "W", "1": "S", "110": "E", "84": "W", "181": "W", "139": "E", "88": "E", "33": "W", "123": "E", "96": "E", "208": "N", "43": "S", "21": "E", "105": "S", "239": "S", "217": "S", "191": "N", "81": "W", "89": "W", "117": "N", "174": "W", "192": "W", "135": "W", "202": "W", "176": "E", "102": "N", "46": "W", "68": "E", "104": "S", "209": "W", "189": "E", "85": "E", "76": "W", "79": "S", "13": "S", "34": "N", "23": "E", "147": "S", "2": "W", "218": "W", "31": "W", "119": "S", "48": "S", "128": "N", "80": "E", "173": "W", "63": "S", "101": "N", "129": "W", "190": "E", "60": "S", "213": "W", "9": "W", "122": "N", "113": "S", "226": "W", "169": "S", "87": "E", "12": "E", "166": "W", "138": "S", "57": "E", "141": "E", "97": "W", "179": "W", "93": "E", "148": "W", "37": "E", "234": "S", "90": "W", "52": "E", "49": "S", "92": "W", "194": "E", "149": "W", "103": "N", "221": "N", "212": "W", "108": "E", "230": "N", "24": "S", "55": "W", "5": "S", "157": "S", "51": "W", "187": "W", "118": "E", "3": "N", "136": "W", "150": "N", "232": "W", "228": "S", "6": "W", "67": "W", "229": "S", "182": "N", "15": "W", "146": "E", "233": "W", "199": "S", "112": "W", "38": "S", "26": "N", "171": "W", "44": "N", "225": "E", "236": "N", "195": "N", "7": "E", "114": "E", "39": "E", "94": "S", "224": "W"}, {"145": "N", "164": "E", "125": "S", "206": "S", "121": "W", "95": "S", "20": "E", "163": "S", "65": "N", "131": "W", "220": "S", "18": "E", "53": "S", "77": "N", "160": "W", "14": "E", "29": "W", "70": "E", "116": "S", "59": "S", "8": "S", "22": "E", "47": "E", "19": "E", "156": "N", "211": "N", "137": "W", "84": "S", "181": "W", "123": "S", "208": "E", "43": "S", "75": "N", "105": "S", "239": "S", "217": "W", "191": "N", "214": "S", "81": "W", "89": "W", "117": "N", "192": "W", "135": "W", "176": "N", "102": "N", "46": "W", "178": "N", "68": "E", "104": "W", "209": "W", "85": "E", "76": "W", "79": "S", "32": "N", "13": "S", "34": "W", "23": "E", "147": "S", "2": "W", "151": "E", "218": "W", "133": "N", "31": "W", "48": "S", "128": "N", "80": "E", "173": "W", "180": "N", "63": "W", "101": "N", "129": "W", "190": "E", "60": "E", "213": "W", "196": "W", "17": "N", "122": "E", "113": "W", "226": "W", "87": "S", "12": "E", "124": "W", "166": "W", "138": "W", "82": "E", "100": "N", "130": "S", "97": "W", "179": "W", "93": "E", "148": "W", "37": "E", "167": "N", "234": "E", "52": "E", "92": "N", "194": "N", "103": "N", "27": "S", "221": "W", "161": "W", "212": "W", "108": "E", "24": "W", "64": "N", "175": "N", "157": "S", "51": "W", "187": "W", "177": "S", "69": "W", "3": "N", "136": "N", "150": "E", "232": "W", "228": "W", "107": "W", "229": "W", "182": "N", "15": "S", "146": "S", "233": "W", "199": "E", "38": "S", "26": "N", "171": "W", "44": "N", "236": "N", "195": "N", "7": "S", "224": "S"}, {"155": "N", "145": "N", "164": "E", "125": "E", "95": "S", "20": "S", "193": "S", "91": "S", "163": "S", "65": "N", "131": "W", "109": "E", "220": "S", "77": "N", "160": "W", "29": "W", "106": "E", "116": "E", "231": "E", "59": "S", "0": "W", "72": "N", "25": "S", "156": "N", "211": "N", "137": "W", "62": "S", "110": "W", "84": "S", "88": "N", "123": "S", "126": "N", "43": "S", "75": "E", "21": "N", "105": "S", "78": "N", "239": "S", "217": "S", "191": "E", "214": "S", "219": "W", "89": "W", "117": "N", "192": "W", "135": "W", "36": "E", "176": "N", "102": "N", "104": "W", "209": "W", "79": "S", "32": "N", "13": "S", "147": "S", "2": "W", "218": "N", "133": "N", "31": "W", "48": "S", "128": "N", "80": "N", "173": "N", "180": "W", "63": "W", "101": "N", "129": "S", "190": "N", "60": "E", "213": "N", "196": "W", "17": "N", "122": "N", "10": "W", "87": "S", "12": "E", "166": "W", "138": "S", "82": "N", "100": "N", "130": "S", "141": "S", "97": "W", "179": "W", "162": "E", "148": "W", "37": "E", "167": "E", "234": "N", "90": "N", "49": "E", "103": "N", "27": "S", "221": "N", "212": "W", "24": "W", "64": "N", "5": "N", "157": "S", "51": "W", "187": "S", "177": "S", "69": "S", "3": "N", "136": "W", "232": "W", "237": "S", "228": "W", "6": "S", "107": "W", "229": "S", "182": "N", "15": "S", "233": "W", "199": "E", "185": "E", "38": "E", "26": "N", "171": "W", "44": "N", "236": "N", "7": "S", "224": "E"}, {"172": "E", "164": "E", "42": "W", "206": "W", "121": "W", "95": "S", "20": "S", "193": "S", "91": "S", "163": "S", "30": "S", "65": "N", "131": "S", "109": "E", "220": "W", "53": "E", "160": "S", "14": "E", "29": "N", "70": "E", "106": "E", "231": "S", "198": "E", "0": "S", "72": "W", "25": "E", "61": "E", "223": "W", "99": "S", "211": "N", "137": "W", "110": "W", "45": "N", "84": "S", "88": "W", "33": "N", "123": "E", "96": "E", "43": "S", "75": "N", "21": "N", "105": "S", "239": "S", "217": "S", "191": "E", "89": "W", "117": "E", "174": "E", "192": "W", "135": "N", "202": "E", "176": "E", "102": "N", "178": "E", "28": "S", "68": "E", "104": "N", "209": "W", "85": "E", "79": "S", "32": "E", "13": "S", "34": "W", "23": "E", "147": "S", "133": "N", "31": "W", "48": "E", "128": "N", "80": "E", "63": "W", "101": "N", "129": "S", "190": "N", "60": "E", "213": "N", "196": "N", "17": "E", "122": "E", "113": "S", "10": "W", "169": "E", "87": "S", "207": "E", "12": "E", "166": "W", "138": "S", "82": "E", "100": "E", "97": "W", "179": "S", "93": "E", "162": "N", "148": "W", "4": "E", "37": "S", "167": "S", "234": "E", "90": "N", "49": "E", "103": "N", "27": "W", "221": "E", "161": "W", "212": "W", "230": "E", "24": "W", "64": "W", "168": "W", "5": "N", "157": "S", "51": "W", "187": "E", "238": "N", "118": "E", "177": "E", "69": "S", "3": "E", "150": "S", "232": "W", "228": "S", "6": "W", "67": "S", "83": "W", "107": "W", "229": "S", "182": "N", "15": "S", "146": "S", "233": "W", "199": "S", "26": "N", "171": "W", "44": "N", "225": "N", "236": "N", "195": "S", "7": "W", "39": "E", "224": "S"}, {"155": "W", "172": "S", "145": "N", "197": "S", "125": "N", "42": "S", "121": "W", "95": "E", "20": "S", "193": "E", "163": "S", "30": "W", "65": "N", "109": "N", "220": "S", "222": "S", "77": "N", "29": "N", "70": "E", "106": "S", "231": "S", "59": "W", "72": "W", "216": "W", "25": "S", "56": "W", "223": "S", "211": "N", "110": "W", "45": "N", "84": "S", "88": "W", "33": "E", "96": "E", "43": "S", "75": "E", "21": "W", "105": "S", "239": "S", "217": "S", "191": "N", "214": "E", "89": "W", "117": "N", "174": "N", "192": "W", "135": "W", "36": "E", "176": "E", "102": "N", "68": "E", "104": "N", "209": "S", "85": "S", "79": "S", "32": "E", "13": "S", "73": "E", "34": "S", "23": "S", "127": "S", "147": "S", "2": "W", "133": "N", "31": "W", "119": "S", "48": "N", "128": "N", "80": "N", "63": "N", "101": "N", "129": "W", "190": "W", "153": "W", "196": "N", "122": "E", "10": "N", "169": "N", "87": "E", "207": "S", "12": "E", "124": "E", "166": "W", "138": "S", "82": "E", "100": "E", "141": "N", "97": "W", "179": "S", "93": "E", "162": "N", "148": "W", "4": "N", "37": "E", "167": "E", "234": "E", "92": "N", "194": "N", "103": "N", "27": "W", "221": "N", "161": "N", "212": "W", "108": "N", "230": "S", "24": "S", "64": "W", "227": "S", "168": "W", "175": "W", "5": "E", "157": "E", "51": "W", "187": "S", "41": "N", "177": "E", "69": "E", "3": "E", "136": "W", "150": "E", "232": "W", "228": "S", "6": "W", "67": "E", "229": "W", "182": "N", "15": "S", "146": "S", "233": "W", "199": "S", "112": "W", "185": "S", "26": "N", "171": "W", "44": "N", "225": "N", "236": "N", "7": "S", "224": "E"}, {"155": "W", "172": "S", "145": "N", "197": "S", "42": "S", "206": "E", "121": "S", "95": "E", "20": "S", "91": "S", "163": "S", "30": "W", "65": "N", "220": "S", "222": "W", "53": "E", "77": "N", "14": "E", "70": "N", "183": "N", "235": "W", "231": "W", "72": "W", "216": "S", "201": "W", "25": "E", "223": "S", "19": "N", "211": "N", "110": "W", "66": "W", "84": "S", "88": "S", "33": "E", "43": "S", "75": "E", "21": "W", "105": "S", "78": "E", "239": "S", "217": "S", "191": "E", "214": "N", "219": "E", "89": "W", "117": "N", "174": "E", "192": "W", "135": "W", "36": "E", "202": "W", "176": "E", "102": "N", "178": "W", "68": "S", "104": "W", "85": "E", "79": "S", "32": "S", "13": "S", "34": "S", "127": "W", "147": "E", "2": "N", "218": "W", "31": "W", "48": "N", "128": "N", "80": "N", "63": "N", "140": "N", "101": "N", "129": "S", "190": "W", "196": "W", "122": "E", "113": "E", "10": "W", "169": "N", "87": "E", "207": "S", "12": "S", "166": "W", "138": "S", "82": "N", "100": "S", "141": "W", "97": "W", "179": "S", "162": "N", "148": "N", "4": "N", "37": "E", "167": "E", "234": "E", "90": "E", "52": "N", "92": "N", "194": "N", "149": "S", "27": "W", "221": "N", "212": "N", "230": "E", "24": "W", "64": "S", "227": "S", "5": "N", "157": "S", "51": "W", "187": "E", "41": "N", "118": "N", "177": "E", "69": "E", "3": "E", "136": "W", "150": "E", "232": "N", "228": "S", "6": "W", "67": "S", "83": "S", "107": "W", "229": "S", "182": "N", "15": "S", "233": "W", "199": "S", "185": "E", "38": "S", "26": "N", "171": "W", "225": "N", "236": "W", "7": "S", "39": "N"}, {"155": "S", "172": "S", "145": "W", "197": "S", "125": "S", "42": "S", "206": "E", "121": "S", "95": "E", "20": "S", "91": "S", "163": "S", "30": "W", "65": "N", "109": "S", "220": "S", "222": "W", "53": "E", "14": "E", "70": "N", "183": "E", "235": "W", "231": "S", "215": "E", "72": "W", "216": "W", "201": "W", "25": "S", "56": "E", "223": "S", "19": "W", "211": "N", "134": "E", "66": "S", "84": "S", "88": "W", "33": "E", "43": "S", "75": "E", "21": "W", "105": "S", "78": "S", "217": "E", "191": "E", "214": "N", "89": "W", "174": "N", "192": "W", "135": "W", "36": "S", "202": "W", "176": "S", "28": "W", "111": "E", "104": "N", "85": "E", "79": "S", "13": "S", "73": "E", "34": "W", "127": "W", "147": "S", "218": "W", "133": "N", "119": "N", "48": "N", "80": "N", "63": "N", "140": "E", "129": "S", "190": "N", "60": "E", "213": "N", "153": "W", "196": "N", "122": "E", "113": "S", "10": "W", "169": "N", "207": "S", "12": "S", "166": "W", "138": "S", "57": "W", "82": "N", "130": "E", "141": "W", "97": "W", "179": "S", "93": "E", "162": "N", "148": "N", "4": "N", "37": "N", "167": "E", "234": "E", "90": "S", "52": "W", "49": "N", "194": "N", "149": "S", "27": "W", "221": "E", "161": "W", "212": "N", "108": "E", "230": "E", "24": "S", "64": "S", "168": "E", "5": "E", "157": "E", "51": "W", "41": "N", "69": "E", "3": "E", "136": "N", "150": "E", "232": "N", "228": "E", "67": "S", "83": "E", "107": "W", "229": "S", "182": "E", "15": "S", "146": "S", "199": "E", "185": "E", "171": "W", "236": "S", "7": "S", "54": "E"}, {"155": "S", "172": "S", "197": "S", "125": "S", "42": "S", "206": "E", "121": "S", "95": "E", "20": "S", "91": "E", "163": "S", "30": "W", "65": "N", "109": "S", "220": "W", "222": "W", "53": "E", "77": "S", "70": "W", "183": "E", "235": "W", "231": "S", "59": "W", "215": "S", "72": "W", "216": "W", "201": "W", "25": "E", "223": "S", "19": "W", "211": "N", "134": "S", "66": "S", "84": "S", "88": "W", "33": "E", "123": "W", "96": "N", "43": "E", "75": "E", "21": "W", "105": "S", "78": "S", "217": "E", "191": "E", "214": "N", "89": "W", "174": "W", "192": "W", "135": "W", "36": "E", "176": "E", "28": "S", "111": "E", "104": "N", "85": "S", "79": "S", "98": "S", "13": "S", "73": "N", "34": "S", "127": "W", "147": "S", "218": "S", "133": "N", "31": "E", "119": "N", "48": "N", "180": "E", "63": "N", "129": "S", "190": "W", "60": "E", "213": "N", "153": "W", "196": "N", "122": "E", "113": "S", "10": "N", "169": "N", "87": "E", "207": "S", "12": "S", "166": "W", "138": "S", "57": "S", "82": "N", "141": "W", "97": "W", "179": "S", "93": "N", "162": "N", "148": "N", "4": "N", "37": "N", "90": "S", "52": "W", "92": "W", "194": "N", "149": "S", "103": "S", "27": "W", "221": "N", "212": "W", "108": "E", "24": "W", "64": "W", "227": "N", "168": "S", "175": "E", "5": "E", "157": "E", "51": "W", "187": "W", "41": "N", "177": "S", "3": "N", "136": "W", "150": "N", "232": "W", "228": "S", "67": "S", "107": "W", "229": "W", "182": "S", "15": "S", "146": "S", "233": "E", "185": "N", "171": "W", "44": "W", "225": "E", "236": "W", "39": "N", "224": "W"}, {"155": "S", "172": "S", "197": "S", "125": "S", "42": "S", "206": "E", "121": "E", "95": "E", "20": "S", "91": "E", "163": "S", "30": "W", "65": "E", "109": "S", "220": "S", "222": "W", "53": "E", "77": "S", "14": "E", "70": "W", "183": "S", "106": "E", "231": "S", "8": "N", "215": "S", "72": "W", "216": "W", "201": "W", "25": "E", "223": "S", "19": "W", "211": "N", "137": "N", "134": "S", "66": "S", "84": "S", "88": "W", "33": "S", "96": "N", "208": "N", "43": "E", "75": "E", "21": "W", "105": "S", "78": "S", "191": "E", "214": "N", "89": "N", "174": "N", "71": "E", "135": "N", "36": "N", "202": "S", "176": "S", "46": "W", "28": "S", "104": "N", "85": "E", "79": "S", "16": "N", "32": "N", "98": "E", "13": "S", "73": "N", "34": "S", "127": "W", "147": "S", "218": "S", "48": "N", "80": "N", "173": "E", "180": "E", "63": "N", "140": "E", "101": "E", "129": "W", "190": "W", "60": "E", "213": "N", "153": "W", "196": "N", "122": "E", "113": "S", "226": "N", "10": "W", "169": "N", "87": "E", "207": "S", "12": "E", "166": "W", "138": "S", "57": "W", "82": "N", "100": "N", "141": "W", "97": "S", "179": "E", "162": "W", "148": "W", "4": "N", "37": "N", "120": "N", "52": "W", "152": "E", "92": "N", "194": "N", "149": "S", "27": "W", "221": "N", "108": "E", "230": "N", "24": "W", "64": "W", "227": "W", "168": "E", "157": "E", "51": "N", "203": "W", "187": "S", "41": "N", "118": "N", "177": "E", "3": "N", "136": "N", "232": "N", "228": "S", "67": "S", "83": "N", "229": "W", "182": "S", "15": "E", "199": "S", "185": "N", "38": "E", "171": "N", "44": "N", "225": "E", "236": "N", "195": "E", "54": "W", "39": "N", "224": "W"}, {"155": "S", "172": "S", "145": "E", "197": "S", "125": "S", "42": "S", "206": "E", "121": "E", "95": "E", "20": "S", "193": "W", "91": "E", "163": "E", "30": "W", "65": "E", "109": "S", "220": "W", "222": "W", "53": "E", "77": "S", "14": "E", "70": "W", "183": "E", "235": "E", "231": "S", "8": "W", "215": "W", "72": "W", "216": "W", "201": "W", "25": "E", "47": "N", "61": "S", "223": "S", "19": "W", "99": "E", "211": "N", "134": "S", "66": "S", "84": "S", "139": "N", "88": "S", "33": "E", "123": "W", "96": "W", "43": "E", "75": "E", "21": "W", "105": "S", "78": "S", "214": "W", "89": "N", "174": "N", "135": "N", "202": "W", "176": "S", "28": "S", "104": "N", "85": "S", "79": "S", "16": "E", "32": "E", "98": "S", "13": "E", "73": "N", "127": "W", "147": "S", "2": "S", "151": "N", "218": "W", "119": "S", "48": "N", "80": "W", "180": "E", "63": "N", "140": "N", "129": "S", "190": "W", "60": "E", "213": "N", "153": "W", "196": "N", "122": "N", "113": "S", "226": "N", "10": "N", "169": "N", "207": "E", "12": "E", "124": "E", "166": "S", "57": "S", "82": "E", "100": "E", "130": "N", "141": "W", "97": "E", "179": "E", "162": "N", "148": "W", "4": "E", "37": "N", "167": "E", "234": "E", "90": "S", "52": "W", "49": "N", "194": "E", "149": "S", "27": "W", "221": "E", "212": "W", "24": "W", "64": "S", "227": "N", "168": "N", "175": "N", "5": "S", "157": "E", "51": "N", "187": "S", "41": "E", "238": "W", "118": "N", "177": "E", "3": "E", "232": "W", "228": "S", "67": "S", "229": "W", "182": "E", "15": "E", "233": "W", "199": "S", "185": "W", "26": "W", "44": "N", "225": "E", "236": "N", "195": "E", "7": "E", "224": "S"}, {"155": "S", "172": "S", "145": "S", "197": "S", "125": "S", "42": "S", "206": "E", "121": "E", "95": "E", "20": "S", "193": "N", "91": "N", "163": "E", "30": "W", "65": "E", "109": "S", "220": "N", "222": "W", "53": "E", "77": "S", "14": "S", "70": "N", "183": "S", "106": "E", "235": "E", "231": "S", "59": "W", "198": "S", "8": "W", "0": "S", "215": "W", "216": "W", "201": "W", "25": "E", "47": "W", "58": "S", "61": "W", "223": "S", "19": "W", "211": "N", "137": "W", "134": "S", "84": "E", "139": "W", "88": "S", "33": "E", "123": "W", "75": "E", "21": "W", "105": "E", "78": "S", "214": "W", "81": "N", "117": "S", "174": "N", "135": "W", "202": "W", "176": "E", "35": "W", "28": "E", "68": "S", "104": "N", "85": "W", "79": "S", "16": "E", "32": "E", "98": "E", "13": "E", "73": "N", "23": "W", "127": "W", "147": "E", "2": "E", "151": "W", "218": "W", "48": "E", "80": "W", "173": "S", "180": "N", "63": "N", "140": "N", "129": "W", "190": "W", "213": "N", "153": "W", "196": "N", "122": "N", "113": "S", "10": "W", "169": "N", "87": "N", "207": "E", "12": "E", "166": "W", "57": "S", "82": "E", "130": "N", "141": "W", "97": "E", "179": "E", "162": "N", "148": "S", "4": "E", "37": "N", "167": "E", "120": "S", "234": "E", "90": "E", "52": "W", "49": "E", "92": "N", "194": "N", "149": "E", "103": "N", "27": "N", "161": "N", "212": "N", "24": "W", "64": "W", "5": "E", "157": "E", "51": "N", "187": "S", "41": "E", "238": "N", "118": "W", "177": "E", "69": "E", "136": "N", "232": "W", "228": "E", "67": "E", "107": "W", "229": "S", "182": "S", "15": "E", "233": "W", "199": "S", "112": "N", "185": "N", "26": "W", "171": "N", "225": "E", "236": "N", "7": "S", "39": "W", "224": "W"}, {"155": "S", "172": "S", "145": "S", "197": "S", "125": "S", "42": "S", "206": "E", "121": "E", "95": "S", "20": "S", "193": "N", "91": "N", "163": "E", "30": "W", "109": "S", "220": "N", "222": "W", "53": "S", "77": "S", "14": "S", "70": "W", "183": "S", "235": "E", "231": "S", "59": "S", "198": "W", "8": "W", "0": "E", "215": "W", "216": "W", "201": "W", "47": "W", "56": "W", "61": "W", "223": "E", "19": "W", "211": "N", "137": "N", "134": "S", "84": "S", "139": "W", "88": "W", "33": "E", "123": "W", "208": "S", "75": "E", "21": "W", "78": "S", "191": "W", "214": "W", "81": "E", "174": "E", "135": "N", "36": "E", "202": "W", "176": "S", "46": "W", "28": "N", "111": "E", "68": "W", "104": "N", "85": "W", "76": "E", "79": "S", "16": "E", "98": "S", "13": "E", "73": "N", "127": "S", "2": "E", "151": "W", "218": "W", "48": "N", "80": "W", "173": "E", "180": "N", "63": "N", "140": "N", "101": "N", "129": "S", "190": "W", "213": "N", "153": "N", "196": "N", "122": "E", "113": "S", "226": "E", "10": "N", "169": "N", "87": "N", "12": "E", "166": "S", "138": "W", "82": "E", "100": "S", "130": "N", "141": "N", "179": "E", "93": "N", "148": "W", "4": "E", "37": "N", "234": "E", "90": "E", "52": "W", "152": "S", "92": "E", "149": "E", "27": "N", "212": "W", "230": "S", "24": "W", "64": "W", "227": "W", "157": "E", "51": "W", "203": "E", "187": "S", "41": "E", "238": "N", "118": "W", "177": "E", "69": "S", "3": "S", "150": "S", "232": "W", "228": "E", "67": "E", "107": "N", "229": "S", "15": "E", "233": "W", "199": "W", "112": "N", "185": "N", "38": "N", "26": "W", "171": "N", "225": "E", "236": "N", "195": "S", "7": "E", "54": "S", "114": "S", "39": "W", "224": "W"}, {"155": "S", "172": "S", "145": "S", "197": "S", "125": "S", "42": "S", "206": "E", "121": "E", "95": "S", "20": "E", "193": "N", "91": "N", "163": "E", "30": "N", "109": "S", "220": "N", "222": "W", "53": "S", "77": "S", "14": "S", "70": "W", "183": "E", "106": "S", "235": "E", "231": "S", "59": "S", "198": "W", "8": "W", "215": "W", "216": "W", "201": "W", "25": "E", "47": "W", "56": "S", "61": "W", "223": "E", "19": "W", "99": "W", "211": "E", "115": "S", "137": "N", "134": "S", "139": "W", "88": "W", "33": "E", "123": "W", "96": "N", "75": "E", "21": "N", "214": "W", "81": "E", "174": "N", "202": "S", "176": "S", "46": "S", "111": "N", "104": "N", "189": "N", "85": "W", "79": "S", "16": "E", "98": "S", "13": "E", "73": "N", "127": "S", "2": "E", "151": "W", "218": "S", "31": "N", "48": "E", "80": "N", "173": "E", "180": "E", "63": "N", "140": "N", "129": "S", "190": "W", "213": "E", "153": "N", "196": "N", "122": "E", "113": "S", "10": "N", "169": "E", "87": "N", "12": "E", "166": "S", "138": "S", "82": "E", "100": "S", "130": "N", "141": "W", "179": "E", "93": "W", "162": "N", "148": "S", "4": "E", "37": "N", "234": "E", "90": "S", "52": "N", "152": "S", "49": "N", "27": "N", "161": "E", "212": "W", "108": "W", "230": "W", "24": "S", "55": "N", "64": "W", "227": "N", "168": "S", "5": "S", "41": "E", "238": "N", "118": "W", "177": "E", "144": "S", "69": "W", "3": "S", "150": "S", "232": "W", "67": "E", "107": "N", "229": "S", "182": "N", "15": "E", "233": "W", "199": "W", "38": "W", "26": "W", "171": "N", "143": "S", "225": "S", "236": "E", "195": "S", "7": "S", "54": "S", "39": "W", "224": "W"}, {"155": "S", "172": "S", "145": "S", "197": "S", "125": "S", "42": "S", "206": "E", "121": "E", "95": "S", "193": "N", "91": "N", "30": "N", "109": "S", "220": "N", "222": "W", "53": "E", "77": "W", "14": "W", "70": "W", "183": "S", "106": "W", "231": "S", "59": "S", "198": "W", "8": "W", "215": "S", "72": "W", "216": "N", "201": "N", "47": "W", "56": "S", "58": "S", "61": "W", "223": "E", "19": "W", "211": "E", "115": "W", "137": "N", "154": "W", "134": "E", "66": "S", "139": "W", "33": "E", "123": "W", "96": "E", "126": "E", "75": "E", "21": "W", "191": "E", "214": "W", "81": "E", "117": "S", "174": "N", "135": "W", "36": "E", "202": "W", "176": "S", "102": "E", "35": "N", "46": "S", "111": "N", "68": "S", "104": "E", "189": "N", "85": "W", "79": "E", "16": "E", "32": "S", "98": "E", "13": "E", "73": "N", "34": "S", "127": "W", "2": "E", "151": "W", "218": "W", "133": "E", "31": "N", "48": "E", "80": "W", "173": "N", "140": "N", "101": "N", "129": "S", "190": "W", "213": "E", "153": "W", "122": "E", "113": "S", "169": "E", "207": "N", "158": "W", "12": "E", "124": "W", "166": "S", "138": "S", "82": "E", "100": "S", "130": "N", "141": "N", "93": "W", "162": "E", "4": "E", "37": "N", "52": "N", "49": "W", "92": "E", "194": "E", "27": "N", "161": "N", "24": "W", "55": "N", "64": "W", "227": "E", "157": "S", "41": "E", "238": "W", "118": "W", "177": "E", "136": "N", "232": "W", "6": "N", "67": "E", "83": "S", "107": "W", "229": "S", "233": "W", "199": "S", "38": "S", "26": "N", "225": "W", "236": "E", "7": "E", "39": "W", "224": "W"}, {"155": "S", "172": "S", "145": "S", "197": "S", "125": "S", "42": "S", "121": "E", "95": "S", "193": "N", "91": "N", "30": "N", "109": "S", "220": "N", "222": "N", "53": "E", "77": "W", "14": "W", "70": "W", "183": "S", "106": "W", "116": "N", "231": "S", "59": "E", "198": "W", "8": "W", "0": "S", "215": "S", "72": "W", "216": "N", "201": "W", "25": "S", "47": "W", "58": "S", "61": "W", "223": "E", "19": "N", "211": "E", "115": "W", "137": "W", "154": "S", "62": "S", "134": "E", "110": "N", "66": "S", "139": "W", "88": "W", "33": "E", "123": "W", "96": "E", "126": "S", "75": "E", "21": "N", "191": "E", "214": "W", "81": "E", "117": "S", "174": "N", "192": "E", "135": "W", "36": "N", "202": "W", "176": "S", "102": "N", "35": "E", "46": "S", "111": "W", "68": "W", "104": "E", "209": "E", "189": "N", "85": "W", "79": "E", "16": "S", "32": "E", "98": "S", "13": "E", "73": "N", "127": "W", "2": "E", "151": "W", "218": "S", "31": "N", "40": "W", "80": "W", "180": "N", "63": "N", "140": "N", "129": "S", "190": "W", "213": "E", "153": "N", "122": "N", "113": "S", "169": "S", "207": "N", "158": "W", "12": "E", "138": "S", "100": "S", "130": "N", "93": "N", "162": "E", "37": "N", "90": "S", "52": "N", "152": "N", "49": "N", "92": "E", "27": "N", "221": "N", "161": "E", "24": "W", "55": "E", "64": "W", "227": "E", "157": "E", "238": "W", "118": "W", "177": "E", "136": "E", "232": "W", "228": "S", "67": "E", "107": "W", "229": "S", "15": "S", "146": "E", "233": "W", "199": "S", "112": "N", "185": "N", "26": "N", "44": "N", "225": "N", "236": "E", "210": "E", "195": "N", "7": "S", "114": "N", "39": "N"}, {"155": "S", "172": "E", "145": "S", "197": "S", "125": "S", "42": "S", "121": "E", "95": "E", "20": "E", "193": "N", "91": "N", "30": "N", "109": "S", "220": "N", "222": "W", "53": "E", "77": "W", "14": "W", "70": "W", "183": "S", "106": "W", "231": "W", "59": "E", "198": "W", "8": "W", "0": "E", "215": "S", "72": "W", "216": "N", "201": "N", "205": "N", "25": "S", "47": "W", "61": "W", "223": "E", "19": "W", "211": "E", "115": "W", "137": "N", "154": "S", "134": "S", "110": "E", "66": "S", "139": "W", "88": "W", "123": "W", "96": "E", "126": "S", "75": "E", "21": "W", "105": "S", "78": "E", "214": "W", "174": "E", "36": "N", "202": "W", "176": "S", "102": "N", "35": "E", "46": "S", "111": "N", "68": "W", "104": "E", "209": "S", "85": "W", "79": "E", "16": "S", "32": "S", "98": "S", "13": "E", "73": "E", "127": "W", "2": "E", "151": "W", "218": "W", "31": "N", "48": "S", "40": "W", "80": "W", "180": "E", "63": "N", "140": "N", "129": "S", "190": "W", "60": "E", "122": "N", "113": "E", "169": "E", "158": "W", "12": "E", "124": "W", "138": "S", "57": "S", "82": "N", "100": "S", "130": "N", "93": "W", "148": "N", "4": "S", "37": "E", "167": "E", "234": "S", "90": "S", "52": "N", "152": "W", "92": "S", "221": "E", "161": "E", "212": "E", "108": "E", "230": "E", "24": "W", "55": "E", "64": "W", "227": "E", "175": "W", "5": "E", "157": "E", "51": "E", "203": "E", "41": "E", "238": "N", "118": "N", "177": "E", "69": "N", "136": "N", "232": "W", "228": "S", "6": "W", "67": "S", "107": "W", "229": "W", "15": "E", "233": "W", "199": "S", "112": "N", "185": "N", "26": "N", "143": "S", "236": "E", "7": "S"}, {"155": "S", "172": "E", "145": "S", "197": "S", "125": "S", "42": "S", "206": "E", "121": "E", "95": "E", "20": "E", "193": "N", "91": "N", "30": "N", "109": "S", "220": "N", "222": "N", "53": "E", "77": "W", "14": "W", "70": "W", "183": "S", "106": "W", "116": "S", "231": "W", "59": "E", "198": "W", "8": "W", "0": "E", "215": "S", "72": "W", "216": "N", "201": "W", "205": "N", "25": "E", "47": "S", "61": "W", "223": "E", "19": "N", "211": "E", "115": "W", "137": "E", "154": "S", "134": "E", "110": "N", "66": "S", "139": "W", "88": "W", "123": "W", "96": "E", "126": "S", "75": "E", "21": "W", "78": "E", "214": "W", "219": "S", "117": "N", "192": "W", "36": "N", "202": "N", "176": "S", "102": "N", "35": "E", "111": "N", "68": "W", "209": "S", "85": "W", "16": "S", "32": "S", "98": "S", "13": "S", "23": "N", "127": "W", "2": "N", "151": "W", "218": "W", "133": "N", "48": "S", "80": "W", "173": "E", "63": "N", "140": "E", "129": "S", "190": "W", "196": "E", "122": "W", "113": "E", "169": "N", "87": "N", "11": "N", "158": "W", "12": "E", "138": "S", "82": "N", "100": "E", "130": "E", "93": "W", "148": "N", "4": "S", "37": "E", "90": "E", "52": "N", "194": "W", "221": "E", "161": "E", "24": "W", "55": "N", "64": "N", "227": "S", "175": "S", "5": "E", "157": "E", "51": "E", "41": "E", "238": "W", "177": "E", "69": "W", "3": "E", "136": "E", "150": "E", "67": "S", "83": "N", "107": "N", "229": "S", "199": "S", "26": "N", "236": "N", "195": "N", "7": "S", "114": "E"}, {"155": "S", "172": "E", "145": "S", "197": "S", "125": "S", "42": "W", "206": "E", "121": "E", "95": "E", "20": "E", "193": "N", "184": "N", "91": "N", "131": "N", "109": "S", "220": "N", "222": "W", "18": "N", "77": "S", "14": "W", "70": "W", "183": "S", "106": "W", "231": "S", "59": "E", "198": "W", "8": "W", "0": "E", "215": "S", "72": "W", "216": "N", "201": "W", "22": "W", "25": "E", "47": "S", "56": "S", "58": "N", "61": "W", "223": "S", "19": "W", "211": "E", "115": "W", "74": "N", "137": "E", "154": "S", "62": "N", "134": "N", "1": "W", "66": "S", "139": "W", "88": "S", "123": "W", "96": "E", "126": "S", "75": "E", "21": "N", "191": "N", "214": "N", "81": "E", "89": "E", "174": "E", "71": "E", "135": "N", "202": "N", "176": "S", "102": "N", "68": "W", "209": "S", "85": "W", "76": "N", "16": "E", "32": "S", "98": "E", "13": "S", "127": "W", "2": "N", "151": "N", "218": "W", "133": "N", "31": "W", "48": "E", "80": "W", "173": "N", "180": "E", "140": "E", "129": "E", "9": "N", "122": "W", "113": "N", "10": "W", "169": "E", "87": "N", "11": "W", "207": "N", "158": "N", "138": "S", "57": "N", "100": "S", "130": "E", "93": "W", "162": "E", "148": "W", "4": "E", "90": "E", "52": "W", "152": "E", "194": "N", "27": "N", "221": "E", "108": "S", "24": "W", "55": "N", "64": "W", "157": "E", "203": "W", "41": "E", "118": "E", "177": "N", "3": "N", "150": "N", "232": "S", "237": "E", "228": "E", "6": "E", "67": "E", "107": "N", "229": "S", "15": "S", "199": "S", "112": "S", "185": "E", "38": "N", "26": "N", "44": "W", "236": "E", "195": "N", "7": "E", "54": "N", "114": "E", "39": "E", "224": "E"}, {"155": "S", "172": "E", "145": "S", "197": "E", "125": "S", "42": "W", "206": "E", "121": "E", "95": "E", "20": "E", "193": "N", "184": "W", "91": "N", "109": "S", "220": "N", "222": "W", "53": "E", "77": "S", "14": "W", "70": "W", "183": "E", "106": "W", "231": "S", "59": "E", "198": "W", "8": "W", "215": "S", "216": "N", "201": "W", "22": "N", "47": "W", "56": "S", "61": "W", "223": "S", "19": "N", "211": "N", "115": "N", "74": "W", "137": "N", "154": "S", "134": "E", "110": "E", "139": "W", "88": "S", "123": "W", "96": "E", "126": "S", "208": "S", "75": "E", "21": "N", "214": "N", "81": "N", "219": "E", "89": "E", "174": "E", "71": "E", "135": "N", "142": "W", "202": "N", "176": "S", "102": "W", "111": "E", "68": "W", "189": "N", "85": "W", "76": "E", "79": "E", "16": "E", "32": "E", "98": "E", "13": "E", "23": "W", "147": "S", "2": "N", "151": "N", "218": "W", "31": "S", "48": "N", "40": "W", "80": "W", "173": "N", "180": "E", "129": "E", "60": "E", "153": "W", "9": "E", "122": "N", "11": "W", "207": "E", "158": "W", "124": "W", "138": "S", "100": "S", "141": "E", "93": "W", "148": "W", "4": "E", "52": "N", "92": "E", "194": "N", "27": "N", "221": "E", "212": "N", "24": "W", "64": "W", "175": "W", "157": "E", "203": "S", "41": "E", "177": "N", "144": "W", "232": "S", "228": "E", "67": "E", "107": "N", "229": "W", "15": "E", "233": "S", "199": "E", "185": "E", "38": "N", "26": "N", "143": "N", "44": "N", "225": "E", "195": "N", "7": "S", "39": "E", "94": "W", "224": "S"}, {"155": "S", "172": "E", "145": "S", "197": "E", "125": "S", "42": "W", "206": "E", "121": "E", "95": "E", "193": "N", "184": "S", "91": "N", "131": "S", "220": "N", "222": "N", "18": "S", "53": "E", "77": "S", "14": "W", "70": "W", "183": "E", "106": "W", "231": "W", "59": "E", "198": "W", "8": "W", "0": "N", "215": "S", "72": "N", "216": "W", "22": "N", "205": "W", "47": "S", "56": "S", "61": "S", "223": "S", "19": "N", "211": "N", "115": "N", "74": "W", "154": "S", "62": "E", "134": "E", "1": "W", "45": "W", "139": "S", "123": "W", "96": "E", "126": "S", "21": "N", "105": "N", "78": "N", "239": "E", "191": "E", "214": "N", "81": "N", "89": "N", "117": "N", "174": "N", "142": "S", "36": "S", "202": "N", "176": "S", "102": "N", "178": "W", "28": "W", "68": "W", "209": "N", "189": "N", "85": "S", "76": "E", "79": "E", "16": "E", "32": "E", "98": "E", "13": "E", "34": "S", "23": "W", "127": "E", "147": "E", "2": "E", "151": "N", "31": "S", "119": "N", "48": "E", "80": "N", "173": "N", "180": "N", "63": "S", "101": "E", "129": "E", "190": "N", "60": "E", "153": "N", "196": "E", "9": "E", "122": "N", "113": "E", "10": "W", "87": "E", "11": "W", "207": "E", "158": "N", "12": "E", "82": "N", "130": "S", "141": "E", "93": "W", "148": "N", "4": "E", "52": "N", "92": "S", "194": "N", "27": "N", "221": "E", "64": "N", "227": "N", "5": "S", "187": "W", "41": "E", "144": "N", "150": "W", "232": "S", "228": "E", "67": "E", "107": "N", "229": "W", "15": "E", "146": "N", "233": "E", "199": "E", "112": "E", "185": "E", "38": "E", "26": "N", "171": "N", "44": "E", "7": "E", "39": "N", "94": "W", "224": "S"}, {"155": "S", "172": "E", "145": "S", "197": "E", "125": "S", "42": "S", "121": "E", "95": "E", "20": "E", "193": "N", "184": "E", "91": "N", "220": "N", "53": "E", "77": "S", "160": "W", "14": "W", "70": "W", "183": "E", "106": "W", "231": "W", "59": "E", "198": "W", "8": "W", "0": "E", "72": "W", "22": "N", "205": "S", "25": "S", "47": "S", "56": "S", "58": "N", "61": "S", "223": "S", "211": "E", "115": "N", "74": "W", "137": "N", "154": "E", "62": "N", "134": "E", "1": "N", "110": "W", "45": "S", "139": "S", "88": "W", "123": "W", "96": "E", "126": "E", "75": "E", "21": "W", "78": "N", "191": "S", "214": "N", "81": "N", "89": "N", "117": "N", "174": "E", "71": "W", "135": "N", "142": "S", "36": "S", "202": "W", "176": "E", "35": "E", "46": "W", "111": "N", "68": "S", "209": "W", "85": "W", "76": "E", "16": "S", "32": "E", "13": "E", "34": "S", "23": "W", "147": "E", "2": "N", "151": "N", "133": "W", "48": "E", "80": "N", "173": "N", "180": "E", "101": "E", "129": "E", "153": "N", "196": "E", "9": "E", "10": "W", "169": "E", "11": "S", "207": "E", "12": "E", "57": "S", "130": "E", "93": "N", "162": "N", "148": "W", "4": "E", "37": "S", "152": "E", "49": "E", "92": "E", "194": "N", "221": "N", "212": "N", "24": "W", "64": "N", "227": "W", "5": "S", "157": "E", "51": "E", "187": "W", "118": "N", "144": "N", "69": "S", "136": "N", "232": "S", "237": "N", "6": "E", "67": "E", "107": "N", "229": "S", "182": "E", "146": "E", "233": "S", "199": "E", "112": "E", "185": "E", "38": "E", "26": "N", "143": "S", "44": "E", "236": "N", "210": "E", "195": "S", "7": "E", "54": "E", "114": "S", "39": "N", "94": "S", "224": "W"}, {"155": "S", "145": "S", "125": "E", "42": "W", "206": "E", "121": "E", "95": "E", "20": "E", "193": "N", "91": "N", "220": "N", "53": "E", "77": "S", "160": "S", "14": "W", "29": "S", "70": "W", "183": "E", "106": "W", "231": "S", "59": "E", "198": "W", "8": "W", "0": "N", "215": "W", "201": "N", "22": "N", "205": "S", "25": "S", "47": "S", "56": "S", "58": "N", "61": "S", "223": "S", "19": "N", "86": "N", "211": "E", "115": "N", "74": "W", "154": "E", "62": "W", "134": "E", "1": "N", "45": "S", "84": "S", "139": "S", "88": "W", "123": "W", "126": "E", "208": "N", "75": "E", "21": "W", "78": "W", "239": "N", "191": "S", "214": "N", "81": "N", "219": "N", "89": "N", "117": "N", "71": "W", "135": "N", "142": "S", "202": "W", "176": "S", "35": "S", "46": "S", "28": "W", "111": "N", "68": "S", "85": "W", "76": "S", "16": "S", "32": "E", "13": "E", "73": "S", "34": "S", "23": "W", "147": "N", "2": "N", "151": "N", "218": "W", "133": "S", "40": "W", "80": "N", "173": "N", "180": "N", "140": "S", "129": "E", "190": "E", "153": "N", "9": "E", "17": "W", "122": "W", "10": "W", "169": "E", "87": "N", "11": "S", "207": "E", "12": "E", "124": "W", "166": "W", "82": "N", "100": "N", "130": "E", "93": "N", "148": "N", "4": "E", "37": "E", "52": "N", "152": "E", "103": "W", "221": "E", "161": "W", "212": "E", "108": "W", "230": "W", "24": "W", "64": "N", "227": "N", "5": "E", "157": "N", "51": "N", "203": "N", "187": "S", "41": "E", "118": "N", "177": "E", "144": "N", "69": "E", "3": "E", "136": "E", "150": "E", "232": "S", "6": "E", "67": "E", "107": "N", "229": "W", "146": "N", "233": "W", "199": "E", "112": "E", "185": "S", "26": "N", "236": "E", "114": "E", "39": "N", "94": "S", "224": "S"}, {"155": "E", "145": "S", "197": "E", "125": "E", "42": "S", "206": "E", "121": "E", "95": "E", "20": "E", "193": "N", "91": "N", "220": "N", "53": "E", "77": "W", "14": "W", "70": "W", "183": "E", "106": "W", "116": "N", "231": "S", "59": "E", "198": "S", "0": "N", "215": "S", "72": "W", "201": "N", "22": "N", "205": "E", "25": "S", "47": "S", "223": "S", "19": "N", "86": "E", "211": "N", "115": "W", "74": "W", "137": "S", "154": "E", "62": "S", "134": "S", "1": "N", "110": "N", "139": "S", "88": "S", "96": "S", "126": "S", "186": "S", "21": "W", "78": "W", "214": "N", "81": "N", "219": "N", "117": "W", "135": "N", "142": "S", "202": "N", "176": "S", "46": "E", "28": "S", "111": "N", "68": "W", "85": "S", "76": "E", "16": "S", "32": "S", "98": "E", "13": "E", "73": "E", "23": "W", "127": "S", "147": "E", "2": "N", "151": "W", "218": "N", "133": "W", "31": "S", "119": "S", "48": "S", "128": "N", "173": "N", "63": "W", "140": "E", "101": "W", "129": "E", "190": "E", "60": "W", "153": "W", "9": "E", "17": "S", "122": "N", "10": "N", "169": "N", "87": "E", "11": "S", "207": "E", "12": "N", "124": "N", "166": "S", "138": "W", "100": "E", "130": "E", "141": "W", "93": "N", "162": "S", "4": "E", "37": "E", "167": "N", "234": "N", "90": "E", "52": "N", "152": "N", "92": "N", "103": "W", "221": "E", "212": "E", "24": "W", "227": "W", "175": "S", "5": "E", "157": "E", "203": "W", "118": "N", "177": "N", "69": "N", "3": "N", "150": "N", "232": "S", "237": "W", "6": "S", "67": "E", "107": "E", "229": "S", "15": "N", "146": "N", "233": "S", "199": "S", "112": "E", "185": "E", "38": "S", "26": "E", "171": "E", "225": "E", "236": "E", "7": "W", "54": "E", "39": "W", "224": "S"}, {"155": "E", "145": "E", "121": "E", "95": "E", "20": "E", "193": "N", "91": "N", "220": "N", "170": "S", "77": "W", "14": "W", "70": "W", "159": "E", "183": "S", "106": "W", "231": "S", "59": "E", "198": "S", "8": "W", "0": "E", "215": "S", "72": "W", "201": "E", "22": "N", "47": "S", "56": "S", "58": "W", "61": "S", "223": "S", "19": "W", "99": "W", "86": "E", "211": "W", "115": "N", "74": "W", "137": "S", "154": "S", "134": "E", "1": "N", "110": "N", "139": "S", "88": "S", "123": "W", "96": "E", "126": "W", "186": "S", "75": "E", "21": "W", "165": "S", "105": "W", "78": "S", "239": "S", "191": "S", "214": "N", "81": "N", "117": "W", "135": "N", "142": "S", "36": "N", "202": "N", "176": "S", "35": "W", "28": "E", "111": "W", "189": "S", "85": "W", "76": "S", "16": "S", "32": "S", "13": "S", "73": "E", "23": "W", "127": "S", "2": "N", "151": "N", "218": "N", "48": "E", "40": "E", "128": "E", "80": "S", "173": "N", "180": "E", "63": "W", "140": "S", "129": "E", "190": "E", "153": "N", "9": "E", "17": "S", "122": "N", "113": "S", "10": "E", "169": "N", "87": "S", "11": "S", "207": "S", "12": "N", "124": "E", "166": "S", "57": "S", "82": "N", "100": "S", "130": "N", "141": "N", "97": "S", "93": "N", "4": "E", "37": "N", "167": "N", "234": "E", "90": "N", "52": "N", "103": "W", "221": "E", "161": "E", "108": "E", "24": "N", "227": "S", "5": "E", "157": "N", "51": "N", "41": "E", "118": "N", "144": "W", "136": "E", "150": "E", "67": "E", "107": "N", "229": "W", "182": "N", "146": "W", "233": "S", "199": "E", "112": "N", "185": "E", "26": "E", "225": "E", "236": "N", "54": "N", "114": "E", "39": "W", "94": "E", "224": "W"}, {"145": "S", "121": "E", "95": "E", "20": "S", "193": "E", "91": "N", "220": "N", "170": "E", "77": "S", "160": "N", "14": "W", "29": "N", "70": "N", "159": "S", "183": "E", "106": "W", "116": "S", "231": "E", "59": "E", "198": "S", "8": "W", "0": "S", "215": "S", "201": "S", "22": "N", "47": "W", "58": "W", "61": "W", "223": "S", "19": "W", "86": "S", "115": "N", "74": "S", "137": "S", "154": "E", "134": "S", "1": "N", "110": "W", "45": "S", "84": "S", "181": "S", "139": "W", "123": "W", "96": "S", "126": "W", "43": "S", "75": "S", "21": "W", "239": "W", "214": "N", "81": "N", "219": "S", "117": "W", "204": "S", "174": "E", "135": "N", "142": "S", "36": "W", "202": "N", "176": "S", "35": "W", "28": "E", "111": "N", "68": "W", "209": "W", "189": "S", "85": "S", "76": "S", "16": "S", "32": "S", "13": "S", "23": "N", "2": "N", "218": "N", "133": "W", "48": "N", "40": "E", "128": "S", "80": "W", "173": "E", "180": "N", "63": "N", "140": "E", "101": "W", "129": "E", "190": "E", "9": "S", "17": "S", "122": "E", "10": "E", "169": "N", "87": "S", "11": "S", "207": "S", "12": "N", "124": "E", "166": "S", "57": "S", "100": "S", "130": "E", "141": "W", "148": "E", "4": "E", "37": "N", "167": "E", "52": "N", "152": "W", "49": "E", "92": "N", "103": "W", "221": "E", "212": "S", "108": "N", "230": "E", "24": "W", "64": "W", "227": "S", "5": "E", "157": "N", "203": "W", "187": "N", "41": "N", "118": "W", "177": "W", "144": "W", "136": "N", "67": "E", "107": "N", "229": "W", "182": "W", "15": "E", "146": "W", "233": "S", "199": "E", "112": "E", "185": "E", "143": "N", "44": "S", "225": "E", "236": "E", "114": "E", "39": "N", "224": "S"}, {"145": "S", "95": "S", "91": "N", "77": "S", "160": "E", "14": "W", "70": "W", "159": "S", "183": "E", "106": "W", "59": "E", "198": "W", "8": "W", "215": "S", "72": "W", "201": "W", "22": "N", "205": "E", "47": "W", "56": "N", "58": "N", "223": "S", "19": "W", "86": "S", "115": "W", "74": "W", "137": "S", "134": "S", "1": "W", "110": "W", "139": "W", "88": "W", "96": "S", "126": "W", "186": "N", "208": "W", "75": "S", "21": "W", "191": "N", "81": "E", "219": "W", "89": "W", "117": "N", "71": "S", "135": "N", "142": "E", "202": "N", "176": "S", "46": "E", "178": "S", "111": "N", "189": "S", "85": "W", "76": "E", "16": "E", "32": "S", "13": "E", "23": "W", "2": "N", "151": "N", "218": "N", "48": "N", "40": "E", "173": "E", "180": "N", "63": "N", "140": "E", "129": "E", "190": "N", "196": "W", "9": "E", "17": "S", "122": "S", "10": "E", "169": "N", "87": "S", "11": "S", "207": "E", "12": "N", "166": "E", "138": "W", "82": "N", "100": "E", "130": "E", "141": "W", "179": "S", "148": "N", "4": "N", "37": "N", "167": "N", "52": "W", "152": "W", "49": "E", "92": "N", "149": "N", "103": "W", "221": "E", "161": "N", "108": "N", "24": "N", "64": "N", "168": "W", "5": "N", "157": "N", "51": "N", "41": "N", "118": "N", "144": "W", "3": "N", "136": "N", "150": "N", "232": "S", "67": "E", "107": "E", "229": "S", "182": "S", "15": "N", "146": "S", "233": "W", "199": "S", "112": "E", "185": "E", "26": "E", "171": "W", "225": "N", "236": "E", "210": "E", "195": "W", "7": "E", "114": "N", "39": "N", "94": "W"}, {"145": "W", "91": "N", "170": "E", "77": "S", "14": "W", "70": "W", "159": "S", "183": "E", "106": "W", "59": "E", "198": "W", "8": "W", "215": "S", "72": "S", "201": "S", "22": "N", "58": "N", "19": "W", "99": "N", "86": "S", "74": "W", "137": "S", "1": "N", "110": "W", "66": "N", "139": "W", "126": "S", "75": "S", "21": "W", "78": "S", "81": "E", "89": "W", "117": "N", "71": "W", "135": "E", "142": "E", "202": "N", "176": "S", "46": "E", "178": "S", "111": "W", "68": "S", "189": "S", "85": "W", "76": "E", "16": "S", "32": "S", "13": "E", "73": "N", "23": "N", "127": "S", "2": "N", "151": "W", "218": "N", "31": "E", "48": "N", "40": "E", "80": "N", "173": "E", "180": "W", "63": "N", "140": "N", "101": "N", "129": "S", "190": "N", "196": "W", "9": "E", "17": "S", "10": "E", "169": "N", "87": "S", "11": "S", "207": "E", "12": "E", "138": "S", "57": "S", "100": "S", "130": "N", "97": "N", "179": "E", "162": "W", "148": "N", "4": "N", "37": "N", "167": "N", "90": "E", "52": "W", "49": "S", "149": "E", "103": "W", "221": "E", "161": "N", "108": "N", "24": "N", "64": "N", "227": "W", "175": "W", "157": "N", "51": "N", "187": "E", "41": "E", "238": "W", "118": "N", "144": "S", "136": "N", "232": "S", "229": "W", "15": "W", "146": "W", "233": "S", "199": "E", "112": "E", "185": "S", "143": "N", "44": "W", "225": "N", "236": "N", "39": "N", "224": "E"}, {"145": "S", "91": "W", "170": "N", "77": "S", "14": "W", "70": "W", "159": "S", "183": "E", "106": "W", "59": "E", "198": "W", "8": "W", "215": "S", "22": "N", "205": "W", "58": "E", "19": "W", "99": "E", "86": "S", "137": "S", "154": "S", "1": "N", "110": "W", "66": "W", "123": "W", "126": "S", "75": "S", "21": "W", "165": "W", "105": "E", "78": "S", "191": "N", "81": "E", "117": "N", "174": "W", "71": "N", "135": "N", "142": "E", "202": "N", "176": "E", "102": "E", "178": "E", "68": "S", "189": "S", "85": "W", "76": "E", "16": "W", "32": "E", "98": "N", "13": "E", "23": "W", "2": "N", "151": "W", "218": "N", "31": "N", "48": "N", "128": "W", "80": "N", "180": "W", "63": "N", "140": "N", "101": "W", "129": "E", "190": "N", "213": "N", "153": "E", "9": "E", "17": "S", "122": "E", "113": "S", "10": "N", "169": "W", "87": "E", "11": "S", "207": "E", "12": "N", "138": "S", "100": "S", "130": "N", "141": "N", "179": "E", "93": "S", "162": "N", "148": "N", "4": "N", "37": "N", "167": "W", "90": "N", "52": "W", "49": "S", "92": "E", "149": "E", "221": "N", "161": "E", "108": "E", "230": "W", "24": "N", "64": "N", "5": "W", "157": "N", "203": "W", "187": "E", "41": "E", "177": "E", "144": "S", "136": "N", "232": "S", "67": "E", "229": "W", "146": "S", "233": "W", "199": "E", "112": "E", "185": "S", "26": "N", "171": "N", "44": "N", "225": "N", "236": "E", "114": "W", "39": "N", "224": "S"}, {"91": "N", "77": "S", "14": "W", "70": "W", "159": "W", "183": "E", "106": "W", "59": "E", "198": "W", "215": "S", "22": "E", "47": "S", "56": "S", "61": "N", "19": "W", "86": "S", "137": "S", "1": "N", "45": "S", "66": "S", "84": "S", "139": "W", "88": "W", "123": "S", "186": "N", "43": "S", "75": "S", "21": "W", "165": "N", "78": "S", "117": "N", "174": "W", "135": "E", "142": "E", "36": "S", "202": "N", "176": "S", "68": "S", "209": "N", "85": "S", "76": "E", "16": "W", "32": "S", "98": "E", "13": "N", "23": "S", "127": "N", "2": "E", "151": "W", "218": "N", "31": "W", "48": "N", "40": "W", "80": "W", "180": "W", "63": "N", "140": "E", "101": "S", "129": "E", "190": "W", "213": "E", "153": "N", "196": "E", "17": "S", "113": "S", "169": "W", "87": "E", "11": "W", "207": "S", "12": "N", "124": "E", "138": "E", "82": "N", "100": "E", "130": "N", "141": "E", "179": "N", "93": "W", "162": "W", "148": "N", "4": "N", "37": "N", "167": "W", "90": "N", "52": "W", "49": "S", "92": "N", "149": "S", "103": "E", "27": "S", "221": "E", "212": "N", "108": "N", "24": "N", "64": "N", "227": "E", "5": "N", "157": "N", "51": "N", "41": "E", "177": "N", "144": "E", "69": "S", "136": "E", "232": "W", "67": "E", "83": "S", "107": "E", "229": "N", "182": "E", "146": "W", "233": "S", "199": "N", "112": "S", "185": "S", "38": "E", "26": "E", "171": "W", "44": "E", "225": "N", "236": "E", "210": "E", "195": "W", "54": "W", "39": "N", "224": "S"}, {"91": "N", "77": "S", "14": "W", "70": "W", "159": "W", "183": "E", "106": "W", "59": "E", "198": "W", "8": "W", "215": "E", "72": "W", "22": "E", "58": "W", "19": "W", "86": "E", "1": "N", "110": "W", "45": "E", "66": "W", "88": "S", "123": "E", "208": "E", "75": "S", "21": "S", "165": "E", "117": "N", "174": "W", "142": "E", "36": "S", "202": "N", "176": "S", "35": "W", "178": "E", "111": "N", "68": "W", "209": "N", "85": "W", "76": "E", "79": "S", "16": "W", "32": "S", "98": "S", "127": "W", "2": "E", "151": "W", "218": "N", "133": "E", "31": "S", "48": "N", "80": "W", "173": "N", "180": "W", "63": "N", "101": "S", "129": "E", "190": "W", "213": "E", "153": "W", "9": "E", "17": "S", "113": "E", "169": "N", "87": "S", "11": "W", "207": "E", "12": "W", "138": "E", "130": "N", "179": "E", "93": "W", "162": "W", "148": "N", "4": "N", "167": "S", "234": "W", "90": "N", "52": "W", "152": "S", "49": "S", "149": "E", "103": "E", "221": "E", "212": "E", "108": "E", "24": "E", "64": "N", "175": "E", "5": "E", "157": "N", "51": "W", "203": "E", "187": "E", "41": "E", "238": "E", "177": "N", "144": "E", "136": "E", "150": "S", "232": "S", "6": "S", "67": "E", "83": "S", "146": "W", "233": "S", "199": "E", "112": "S", "26": "E", "171": "W", "225": "N", "236": "E", "210": "E", "195": "N", "114": "W", "39": "N", "94": "E", "224": "W"}, {"77": "E", "14": "W", "70": "S", "159": "S", "183": "N", "106": "W", "59": "E", "198": "W", "8": "N", "22": "N", "47": "N", "19": "W", "86": "S", "1": "N", "110": "W", "45": "E", "66": "W", "84": "N", "181": "S", "139": "S", "88": "S", "43": "N", "75": "E", "21": "W", "117": "E", "204": "N", "174": "W", "192": "N", "142": "S", "202": "N", "176": "S", "102": "W", "178": "N", "111": "W", "68": "W", "209": "E", "85": "W", "79": "E", "16": "W", "32": "S", "13": "E", "73": "N", "34": "E", "127": "W", "2": "E", "151": "W", "218": "N", "133": "S", "48": "W", "40": "E", "80": "W", "173": "W", "180": "W", "63": "N", "140": "N", "101": "E", "129": "E", "190": "W", "60": "W", "213": "E", "196": "E", "17": "E", "113": "E", "169": "N", "87": "S", "11": "S", "207": "S", "12": "W", "138": "E", "82": "S", "100": "E", "130": "E", "179": "E", "93": "W", "162": "W", "148": "N", "4": "E", "167": "S", "120": "S", "90": "N", "52": "W", "49": "S", "92": "S", "149": "E", "103": "E", "221": "S", "108": "N", "230": "W", "64": "N", "227": "E", "175": "E", "5": "N", "157": "N", "51": "W", "203": "E", "187": "E", "41": "E", "177": "N", "144": "E", "3": "S", "136": "E", "150": "W", "232": "S", "6": "S", "67": "E", "83": "S", "107": "E", "233": "S", "199": "E", "112": "E", "185": "E", "26": "E", "171": "W", "225": "N", "236": "E", "195": "N", "39": "W", "94": "E", "224": "S"}, {"77": "E", "14": "W", "70": "S", "159": "S", "106": "W", "198": "W", "8": "N", "58": "E", "19": "S", "86": "S", "110": "S", "45": "E", "66": "S", "181": "E", "139": "W", "88": "E", "75": "S", "21": "S", "117": "S", "174": "W", "192": "W", "135": "S", "142": "E", "36": "W", "202": "N", "176": "S", "178": "W", "111": "S", "68": "W", "85": "W", "79": "E", "16": "W", "32": "S", "13": "E", "127": "W", "2": "N", "151": "W", "218": "N", "133": "E", "80": "W", "180": "W", "63": "N", "140": "E", "129": "S", "190": "W", "60": "W", "213": "E", "17": "S", "113": "E", "169": "N", "87": "E", "11": "S", "207": "S", "12": "N", "124": "S", "166": "S", "82": "S", "130": "N", "141": "S", "179": "E", "93": "W", "162": "W", "148": "N", "4": "N", "167": "S", "234": "S", "90": "N", "52": "W", "152": "N", "49": "W", "92": "W", "103": "E", "221": "S", "161": "N", "108": "E", "24": "N", "64": "W", "168": "S", "175": "N", "5": "N", "157": "N", "51": "W", "203": "E", "187": "E", "41": "S", "118": "N", "177": "N", "144": "E", "3": "S", "136": "E", "232": "S", "6": "W", "67": "N", "83": "S", "182": "N", "146": "S", "233": "S", "199": "E", "112": "S", "185": "S", "38": "W", "26": "E", "171": "W", "225": "N", "236": "S", "210": "N", "195": "N", "54": "W", "39": "W", "224": "S"}, {"14": "N", "29": "S", "70": "S", "159": "S", "106": "N", "59": "S", "198": "S", "8": "N", "72": "E", "58": "E", "19": "S", "86": "S", "1": "N", "66": "S", "181": "N", "139": "W", "88": "E", "123": "N", "21": "S", "81": "N", "117": "E", "174": "W", "135": "S", "142": "E", "36": "N", "202": "N", "176": "S", "178": "N", "68": "S", "85": "W", "79": "E", "32": "S", "13": "E", "73": "S", "127": "N", "147": "E", "2": "E", "151": "W", "218": "N", "133": "E", "31": "N", "80": "W", "173": "E", "180": "W", "63": "N", "140": "E", "129": "E", "190": "W", "213": "E", "122": "W", "113": "E", "226": "S", "169": "W", "11": "W", "207": "S", "158": "E", "12": "N", "166": "S", "57": "E", "82": "S", "100": "W", "130": "W", "179": "E", "93": "W", "162": "W", "148": "E", "4": "E", "37": "W", "167": "S", "90": "W", "52": "W", "152": "W", "49": "W", "92": "W", "103": "E", "221": "E", "161": "E", "108": "E", "24": "N", "64": "N", "168": "S", "175": "E", "5": "E", "157": "W", "51": "W", "41": "S", "118": "W", "177": "N", "3": "W", "136": "E", "150": "W", "232": "S", "6": "W", "67": "E", "107": "E", "146": "E", "233": "S", "199": "E", "112": "W", "185": "W", "26": "E", "171": "W", "225": "W", "236": "S", "210": "W", "195": "N", "39": "W", "224": "W"}, {"14": "W", "29": "S", "70": "E", "159": "S", "106": "W", "198": "W", "8": "N", "72": "N", "58": "E", "86": "S", "110": "W", "45": "W", "66": "S", "84": "S", "181": "W", "139": "W", "43": "S", "21": "W", "81": "E", "117": "E", "174": "W", "192": "W", "142": "S", "36": "E", "202": "E", "176": "S", "68": "W", "85": "W", "79": "N", "32": "S", "13": "N", "127": "N", "147": "E", "2": "E", "151": "W", "218": "N", "80": "W", "173": "E", "180": "W", "63": "N", "101": "W", "129": "E", "190": "W", "213": "E", "226": "E", "169": "N", "11": "S", "207": "S", "158": "N", "12": "N", "82": "S", "130": "N", "179": "E", "93": "N", "162": "W", "148": "S", "4": "N", "234": "N", "90": "N", "52": "W", "49": "N", "92": "W", "103": "E", "221": "E", "161": "E", "212": "E", "108": "E", "24": "N", "64": "N", "168": "E", "5": "N", "157": "N", "51": "W", "41": "E", "118": "W", "177": "N", "3": "N", "136": "S", "232": "S", "6": "W", "67": "E", "83": "N", "107": "E", "146": "E", "233": "S", "199": "E", "112": "W", "185": "W", "26": "N", "171": "W", "143": "S", "225": "W", "236": "E", "210": "W", "195": "N", "54": "E", "39": "W", "224": "S"}, {"14": "W", "70": "E", "159": "S", "198": "W", "8": "N", "72": "N", "99": "N", "86": "S", "1": "N", "110": "S", "45": "W", "66": "S", "181": "N", "139": "N", "21": "S", "81": "S", "117": "E", "174": "N", "192": "N", "36": "S", "202": "S", "176": "W", "68": "W", "85": "W", "13": "W", "147": "S", "2": "S", "151": "S", "218": "N", "133": "W", "80": "W", "173": "S", "180": "W", "63": "N", "140": "W", "129": "N", "190": "W", "213": "S", "226": "E", "169": "W", "11": "S", "207": "S", "158": "N", "12": "W", "57": "W", "82": "S", "130": "N", "93": "W", "162": "W", "148": "W", "4": "N", "37": "E", "120": "N", "52": "S", "49": "W", "92": "W", "27": "N", "221": "E", "161": "S", "212": "S", "108": "S", "230": "W", "24": "N", "55": "S", "64": "N", "168": "N", "5": "W", "157": "N", "51": "W", "41": "E", "118": "W", "177": "W", "69": "N", "3": "W", "136": "S", "232": "E", "6": "N", "67": "E", "83": "N", "146": "E", "233": "S", "199": "E", "112": "W", "38": "W", "26": "E", "171": "W", "225": "W", "236": "E", "210": "W", "39": "W", "224": "W"}, {"14": "N", "29": "N", "159": "W", "59": "N", "198": "N", "8": "N", "58": "W", "86": "E", "110": "S", "45": "N", "66": "E", "84": "N", "139": "N", "43": "N", "21": "S", "81": "E", "117": "S", "192": "E", "202": "E", "176": "W", "46": "S", "68": "W", "85": "W", "13": "W", "73": "N", "147": "W", "2": "E", "80": "W", "173": "E", "180": "S", "63": "N", "140": "W", "190": "W", "213": "E", "113": "S", "226": "N", "11": "S", "158": "N", "12": "N", "130": "N", "93": "W", "162": "W", "148": "N", "4": "N", "90": "W", "52": "W", "92": "W", "221": "S", "161": "S", "108": "S", "24": "N", "55": "E", "64": "N", "5": "N", "157": "N", "51": "S", "118": "W", "177": "N", "3": "N", "136": "S", "150": "N", "6": "N", "67": "E", "83": "N", "182": "S", "233": "S", "199": "E", "112": "W", "26": "N", "171": "N", "225": "W", "236": "E", "210": "W", "114": "S", "39": "W", "224": "N"}, {"14": "N", "29": "N", "159": "S", "198": "N", "8": "N", "72": "S", "99": "S", "86": "S", "110": "S", "45": "N", "66": "E", "84": "N", "139": "N", "43": "N", "21": "S", "117": "S", "174": "S", "192": "S", "176": "W", "28": "N", "68": "W", "85": "W", "79": "E", "13": "W", "147": "W", "218": "E", "31": "S", "80": "W", "180": "S", "63": "E", "190": "W", "113": "E", "226": "E", "11": "E", "158": "N", "130": "W", "141": "W", "93": "W", "162": "W", "4": "W", "52": "W", "92": "S", "161": "E", "212": "W", "108": "E", "230": "E", "24": "N", "55": "E", "64": "N", "5": "N", "157": "N", "51": "S", "118": "W", "177": "N", "3": "N", "136": "W", "150": "N", "67": "E", "83": "N", "233": "S", "199": "E", "112": "W", "26": "E", "171": "W", "143": "N", "225": "W", "236": "E", "210": "W", "195": "W", "39": "W", "224": "E"}, {"14": "N", "159": "S", "198": "N", "8": "E", "72": "S", "99": "S", "62": "W", "110": "E", "84": "N", "21": "S", "192": "S", "176": "S", "68": "W", "85": "N", "73": "S", "147": "N", "31": "S", "80": "W", "63": "E", "190": "W", "113": "N", "226": "N", "11": "E", "158": "N", "93": "W", "162": "S", "4": "N", "52": "W", "92": "S", "212": "W", "108": "S", "230": "E", "24": "N", "55": "E", "64": "N", "5": "N", "157": "N", "51": "S", "118": "W", "177": "N", "3": "N", "136": "W", "237": "N", "67": "N", "107": "E", "182": "S", "233": "E", "199": "E", "112": "W", "26": "S", "171": "S", "225": "W", "236": "S", "210": "S", "195": "W", "114": "N", "39": "W"}, {"14": "N", "159": "S", "8": "N", "110": "E", "21": "S", "176": "W", "46": "W", "68": "N", "209": "W", "85": "N", "80": "W", "190": "S", "113": "E", "226": "E", "11": "E", "158": "W", "93": "W", "4": "W", "52": "S", "212": "S", "108": "S", "230": "E", "24": "W", "55": "E", "64": "N", "5": "N", "157": "N", "51": "S", "118": "W", "177": "N", "3": "N", "136": "S", "237": "N", "67": "E", "182": "S", "199": "N", "112": "W", "38": "W", "26": "S", "171": "S", "225": "W", "236": "E", "54": "S", "39": "W"}, {"14": "N", "159": "S", "110": "E", "21": "S", "176": "W", "46": "N", "28": "S", "68": "N", "80": "W", "113": "E", "226": "E", "166": "W", "93": "W", "4": "N", "52": "S", "212": "S", "108": "S", "24": "N", "55": "N", "64": "E", "168": "S", "5": "N", "157": "W", "118": "W", "3": "N", "67": "E", "112": "W", "26": "S", "171": "S", "225": "W", "236": "E", "195": "E", "54": "W", "39": "W"}, {"14": "E", "159": "E", "62": "E", "66": "E", "21": "S", "176": "W", "46": "E", "209": "E", "80": "W", "63": "N", "113": "E", "226": "E", "4": "N", "161": "S", "24": "N", "55": "E", "64": "E", "5": "W", "157": "N", "118": "W", "237": "S", "67": "N", "182": "W", "112": "W", "225": "W", "236": "S", "195": "E", "54": "N", "39": "W"}, {"14": "E", "21": "E", "176": "W", "80": "W", "63": "N", "226": "E", "166": "E", "4": "N", "52": "S", "24": "N", "55": "E", "64": "E", "118": "W", "67": "N", "112": "W", "171": "S", "225": "W", "236": "S", "195": "E", "39": "W"}, {"21": "E", "176": "N", "80": "W", "113": "N", "162": "S", "4": "N", "194": "E", "24": "N", "64": "E", "168": "N", "118": "W", "67": "N", "112": "S", "225": "S", "236": "E", "195": "E", "39": "W"}, {"176": "N", "80": "S", "63": "S", "113": "N", "4": "N", "24": "E", "168": "N", "118": "W", "237": "E", "67": "N", "39": "W"}, {"176": "N", "80": "S", "63": "S", "4": "N", "118": "W", "237": "S", "67": "N", "39": "W"}, {"194": "W", "118": "W", "237": "W", "67": "N", "39": "W"}, {"118": "W", "67": "N", "39": "W"}, {"118": "W", "67": "N", "39": "S"}, {"118": "S", "67": "W", "39": "S"}, {"67": "N", "39": "S"}, {"67": "N"}, {"67": "N"}], "result": "SUCCESS", "makespan": 59, "sum": 6326, "algo_name": "Chill_BIT_", "extra": {"arrival_order": [50, 155, 200, 172, 145, 164, 197, 188, 125, 42, 206, 121, 132, 95, 20, 193, 184, 91, 163, 30, 65, 131, 109, 220, 222, 170, 18, 53, 77, 160, 14, 29, 70, 159, 183, 106, 116, 235, 231, 59, 198, 8, 0, 215, 72, 216, 201, 22, 205, 25, 47, 56, 58, 61, 223, 19, 99, 86, 156, 211, 115, 74, 137, 154, 62, 134, 1, 110, 45, 66, 84, 181, 139, 88, 33, 123, 96, 126, 186, 208, 43, 75, 21, 165, 105, 78, 239, 217, 191, 214, 81, 219, 89, 117, 204, 174, 192, 71, 135, 142, 36, 202, 176, 102, 35, 46, 178, 28, 111, 68, 104, 209, 189, 85, 76, 79, 16, 32, 98, 13, 73, 34, 23, 127, 147, 2, 151, 218, 133, 31, 119, 48, 40, 128, 80, 173, 180, 63, 140, 101, 129, 190, 60, 213, 153, 196, 9, 17, 122, 113, 226, 10, 169, 87, 11, 207, 158, 12, 124, 166, 138, 57, 82, 100, 130, 141, 97, 179, 93, 162, 148, 4, 37, 167, 120, 234, 90, 52, 152, 49, 92, 194, 149, 103, 27, 221, 161, 212, 108, 230, 24, 55, 64, 227, 168, 175, 5, 157, 51, 203, 187, 41, 238, 118, 177, 144, 69, 3, 136, 150, 232, 237, 228, 6, 67, 83, 107, 229, 182, 15, 146, 233, 199, 112, 185, 38, 26, 171, 143, 44, 225, 236, 210, 195, 7, 54, 114, 39, 94, 224], "time_arrived": [976, 1372, 2491, 4116, 3433, 3887, 4237, 4701, 955, 2890, 2990, 3054, 3128, 2377, 698, 4397, 2301, 2901, 596, 1195, 396, 1688, 1062, 2426, 3775, 1097, 4531, 3641, 2128, 715, 482, 2586, 2326, 1531, 2413, 2080, 1983, 3455, 4504, 4746, 2620, 3995, 302, 1628, 4575, 1414, 2102, 1114, 2611, 3564, 130, 3953, 3549, 616, 4703, 3787, 1123, 3192, 1133, 896, 2826, 1147, 1339, 2725, 3822, 495, 1434, 4285, 2175, 4095, 744, 1922, 1018, 2390, 1283, 1655, 2261, 642, 1720, 2289, 2670, 1810, 3227, 4288, 1455, 2247, 1221, 3037, 1519, 1829, 3520, 444, 3578, 3329, 4754, 375, 1574, 3287, 2341, 1205, 3245, 2754, 2072, 3626, 2188, 1711, 809, 4324, 3724, 527, 1402, 2147, 4484, 2966, 4713, 1273, 834, 1852, 4051, 2593, 3484, 336, 2933, 1555, 3133, 282, 1585, 2444, 2634, 2782, 3269, 511, 351, 2571, 1357, 1953, 4143, 1300, 3183, 1493, 2742, 3279, 1969, 4559, 4088, 202, 4408, 2466, 3398, 3614, 4156, 2514, 3557, 2865, 1313, 148, 1235, 3931, 3088, 762, 665, 3685, 3363, 468, 218, 1697, 3162, 3475, 3843, 3014, 578, 4554, 181, 2688, 1890, 3860, 2053, 4082, 2118, 3303, 2696, 1471, 4380, 788, 422, 4497, 1592, 3971, 263, 2221, 2807, 1771, 1910, 412, 3603, 4670, 2878, 236, 922, 4475, 163, 1048, 2015, 3956, 1859, 1080, 317, 3076, 1602, 2210, 4657, 1259, 3708, 2848, 1792, 999, 1034, 1754, 2553, 1817, 540, 3671, 556, 1170, 4786, 4618, 2977, 3837, 4231, 4363, 3733, 875, 4196, 4442, 3503, 852, 4650, 4202, 4018, 1736], "BIT_runs": 1, "old_makespan": 4786, "old_sum": 6402, "improved": "[50, 155, 200, 172, 145, 164, 197, 188, 125, 42, 206, 121, 132, 95, 20, 193, 184, 91, 163, 30, 65, 131, 109, 220, 222, 170, 18, 53, 77, 160, 14, 29, 70, 159, 183, 106, 116, 235, 231, 59, 198, 8, 0, 215, 72, 216, 201, 22, 205, 25, 47, 56, 58, 61, 223, 19, 99, 86, 156, 211, 115, 74, 137, 154, 62, 134, 1, 110, 45, 66, 84, 181, 139, 88, 33, 123, 96, 126, 186, 208, 43, 75, 21, 165, 105, 78, 239, 217, 191, 214, 81, 219, 89, 117, 204, 174, 192, 71, 135, 142, 36, 202, 176, 102, 35, 46, 178, 28, 111, 68, 104, 209, 189, 85, 76, 79, 16, 32, 98, 13, 73, 34, 23, 127, 147, 2, 151, 218, 133, 31, 119, 48, 40, 128, 80, 173, 180, 63, 140, 101, 129, 190, 60, 213, 153, 196, 9, 17, 122, 113, 226, 10, 169, 87, 11, 207, 158, 12, 124, 166, 138, 57, 82, 100, 130, 141, 97, 179, 93, 162, 148, 4, 37, 167, 120, 234, 90, 52, 152, 49, 92, 194, 149, 103, 27, 221, 161, 212, 108, 230, 24, 55, 64, 227, 168, 175, 5, 157, 51, 203, 187, 41, 238, 118, 177, 144, 69, 3, 136, 150, 232, 237, 228, 6, 67, 83, 107, 229, 182, 15, 146, 233, 199, 112, 185, 38, 26, 171, 143, 44, 225, 236, 210, 195, 7, 54, 114, 39, 94, 224],", "goal_raise_for_bs": 32}}