{"instance": "small_free_013_20x20_60_240", "steps": [{"4": "W", "10": "S", "14": "S", "16": "N", "30": "W", "33": "E", "43": "W", "92": "N", "112": "N", "127": "E", "129": "W", "130": "S", "131": "N", "139": "S", "141": "E", "158": "W", "161": "N", "165": "S", "166": "E", "172": "W", "175": "N", "176": "E", "178": "E", "208": "E", "219": "N", "222": "S", "229": "W", "23": "E", "57": "N", "58": "W", "62": "W", "69": "W", "87": "W", "97": "S", "113": "E", "117": "S", "132": "E", "133": "E", "145": "W", "157": "S", "159": "S", "160": "W", "162": "S", "188": "E", "190": "E", "192": "E", "195": "W", "198": "E", "212": "N", "215": "S", "217": "E", "223": "E", "224": "W", "236": "N", "1": "N", "26": "W", "29": "N", "45": "E", "53": "S", "56": "W", "65": "W", "67": "S", "72": "W", "83": "N", "96": "W", "108": "N", "118": "W", "128": "E", "137": "E", "142": "E", "149": "S", "151": "E", "169": "N", "184": "S", "191": "S", "196": "W", "202": "N", "211": "N", "225": "N", "234": "E", "19": "E", "34": "W", "40": "S", "50": "S", "80": "N", "84": "S", "93": "S", "98": "E", "126": "E", "144": "W", "155": "W", "181": "E", "182": "S", "189": "E", "207": "W", "210": "E", "235": "W", "238": "N", "20": "S", "47": "W", "90": "W", "104": "N", "115": "S", "120": "S", "146": "S", "156": "W", "199": "S", "205": "E", "216": "W", "226": "E", "239": "E", "12": "S", "22": "W", "31": "E", "36": "N", "85": "N", "100": "N", "109": "S", "147": "S", "153": "S", "163": "W", "174": "E", "203": "W", "218": "S", "227": "E", "3": "S", "11": "S", "41": "N", "51": "S", "75": "E", "89": "E", "114": "N", "170": "S", "180": "N", "214": "W", "13": "S", "107": "S", "119": "W", "121": "S", "124": "E", "135": "N", "140": "E", "148": "E", "185": "E", "220": "N", "18": "N", "99": "E", "101": "S", "110": "N", "134": "W", "152": "W", "228": "E", "233": "E", "46": "W", "79": "S", "164": "N", "206": "E", "232": "E"}, {"4": "W", "10": "S", "14": "S", "16": "N", "30": "W", "33": "E", "43": "W", "92": "N", "112": "N", "127": "E", "129": "W", "130": "S", "131": "N", "139": "S", "141": "E", "158": "W", "161": "N", "165": "S", "166": "E", "172": "W", "175": "N", "176": "E", "178": "E", "208": "E", "219": "N", "222": "S", "229": "W", "23": "E", "57": "N", "58": "W", "62": "W", "69": "W", "87": "W", "97": "S", "113": "E", "117": "S", "132": "E", "133": "E", "145": "W", "157": "S", "159": "S", "160": "W", "162": "S", "188": "E", "190": "E", "192": "E", "195": "W", "198": "E", "212": "N", "215": "S", "217": "E", "223": "E", "224": "W", "236": "N", "1": "N", "5": "W", "26": "W", "29": "N", "45": "E", "53": "S", "56": "W", "65": "W", "67": "S", "72": "W", "83": "N", "96": "W", "108": "N", "118": "W", "128": "E", "137": "E", "142": "E", "149": "S", "151": "E", "169": "N", "184": "S", "191": "S", "196": "W", "202": "N", "211": "N", "225": "N", "234": "E", "9": "E", "19": "E", "32": "S", "34": "W", "40": "S", "50": "S", "64": "W", "80": "N", "84": "S", "93": "S", "98": "S", "126": "E", "144": "W", "155": "W", "181": "S", "182": "S", "189": "E", "207": "W", "210": "E", "235": "W", "238": "N", "17": "S", "47": "W", "61": "W", "90": "N", "104": "N", "111": "N", "115": "S", "120": "S", "138": "N", "146": "S", "156": "W", "177": "E", "199": "S", "205": "E", "216": "W", "226": "E", "239": "E", "22": "W", "31": "E", "36": "N", "85": "N", "109": "S", "147": "S", "153": "S", "174": "E", "203": "W", "218": "S", "227": "N", "237": "E", "3": "S", "11": "S", "41": "N", "51": "S", "75": "N", "89": "E", "114": "W", "168": "N", "170": "S", "214": "W", "8": "W", "13": "E", "73": "W", "94": "E", "107": "S", "119": "W", "121": "E", "124": "E", "135": "N", "140": "E", "185": "E", "18": "N", "99": "E", "101": "S", "134": "S", "152": "W", "228": "E", "233": "E", "46": "W", "79": "S", "206": "E", "232": "E"}, {"10": "S", "14": "S", "16": "W", "33": "N", "43": "W", "92": "E", "127": "E", "129": "S", "158": "W", "165": "E", "176": "E", "178": "N", "208": "E", "222": "S", "229": "S", "57": "N", "58": "W", "69": "W", "97": "S", "113": "E", "117": "S", "132": "E", "145": "W", "157": "S", "159": "S", "162": "S", "188": "E", "190": "E", "192": "E", "195": "W", "198": "E", "212": "N", "215": "S", "217": "E", "224": "W", "236": "N", "1": "N", "5": "S", "29": "N", "45": "E", "53": "S", "56": "W", "67": "S", "72": "W", "76": "W", "77": "W", "83": "N", "96": "W", "108": "N", "118": "W", "128": "E", "137": "E", "142": "E", "149": "S", "151": "E", "169": "N", "184": "S", "191": "S", "196": "W", "202": "N", "211": "N", "225": "N", "234": "E", "19": "E", "32": "W", "40": "S", "50": "S", "80": "N", "84": "S", "93": "S", "98": "E", "126": "E", "144": "W", "155": "W", "181": "S", "182": "S", "189": "E", "210": "E", "235": "W", "238": "N", "20": "W", "47": "W", "61": "N", "90": "W", "104": "N", "111": "W", "115": "S", "120": "S", "138": "W", "146": "S", "199": "S", "201": "W", "205": "E", "226": "E", "239": "E", "31": "E", "36": "N", "85": "N", "100": "N", "109": "S", "147": "S", "163": "W", "174": "E", "186": "W", "218": "S", "227": "N", "3": "S", "11": "S", "41": "N", "51": "S", "71": "W", "75": "N", "89": "E", "168": "N", "180": "N", "193": "W", "8": "S", "13": "E", "73": "N", "94": "E", "121": "S", "124": "E", "135": "N", "140": "E", "185": "E", "220": "N", "18": "N", "99": "E", "101": "S", "110": "N", "152": "W", "228": "E", "233": "E", "39": "S", "46": "W", "79": "S", "164": "N", "206": "E", "232": "E"}, {"4": "W", "30": "W", "33": "E", "127": "E", "129": "W", "131": "N", "139": "S", "158": "W", "161": "N", "176": "E", "219": "N", "222": "S", "229": "W", "23": "E", "57": "W", "58": "W", "62": "W", "87": "W", "113": "E", "117": "S", "133": "E", "145": "W", "160": "W", "162": "W", "192": "E", "195": "N", "198": "S", "212": "N", "215": "S", "217": "N", "223": "E", "1": "N", "45": "E", "53": "S", "56": "W", "67": "S", "72": "W", "96": "W", "108": "N", "118": "W", "128": "E", "137": "E", "149": "S", "151": "E", "169": "N", "191": "S", "196": "W", "202": "N", "211": "N", "225": "N", "5": "S", "26": "W", "65": "W", "76": "N", "77": "S", "9": "N", "19": "E", "32": "W", "34": "W", "40": "S", "50": "S", "64": "S", "80": "N", "84": "S", "98": "E", "126": "E", "144": "W", "155": "W", "181": "S", "182": "S", "187": "N", "207": "W", "210": "E", "235": "W", "238": "N", "20": "W", "47": "W", "61": "N", "90": "W", "104": "N", "111": "W", "115": "S", "120": "S", "146": "S", "156": "W", "199": "S", "201": "W", "205": "E", "216": "W", "226": "E", "239": "E", "22": "W", "31": "E", "36": "N", "85": "N", "100": "N", "109": "S", "147": "S", "153": "W", "163": "W", "174": "E", "186": "W", "203": "W", "218": "S", "227": "N", "3": "S", "41": "N", "51": "S", "71": "W", "75": "N", "89": "E", "168": "N", "180": "N", "193": "S", "214": "W", "8": "S", "13": "E", "54": "S", "94": "E", "107": "W", "119": "W", "121": "S", "124": "E", "135": "N", "140": "E", "185": "E", "220": "N", "99": "S", "110": "N", "134": "S", "152": "W", "228": "E", "233": "E", "39": "W", "46": "W", "123": "E", "164": "N", "206": "E", "232": "E"}, {"4": "W", "10": "S", "14": "S", "127": "N", "129": "W", "130": "S", "229": "W", "23": "E", "57": "N", "58": "N", "62": "W", "87": "W", "97": "S", "133": "S", "157": "S", "160": "W", "198": "E", "212": "E", "1": "N", "29": "N", "45": "E", "67": "E", "83": "N", "96": "W", "118": "S", "137": "E", "142": "E", "184": "S", "234": "E", "5": "S", "26": "W", "65": "W", "19": "E", "40": "S", "50": "S", "84": "S", "98": "E", "144": "W", "155": "W", "181": "S", "182": "S", "210": "E", "238": "N", "76": "N", "77": "S", "9": "N", "32": "W", "34": "W", "64": "S", "93": "S", "189": "E", "207": "W", "20": "W", "61": "N", "90": "W", "104": "N", "111": "W", "115": "S", "120": "S", "138": "N", "146": "S", "156": "W", "177": "E", "199": "S", "201": "W", "205": "E", "216": "W", "239": "E", "22": "W", "31": "E", "36": "N", "85": "N", "100": "N", "109": "S", "147": "S", "153": "S", "163": "W", "174": "E", "186": "W", "203": "W", "218": "S", "227": "N", "237": "E", "3": "S", "11": "S", "41": "N", "51": "S", "71": "W", "75": "N", "89": "E", "103": "S", "168": "N", "170": "S", "180": "N", "193": "S", "214": "W", "8": "S", "13": "E", "94": "E", "107": "S", "119": "W", "121": "S", "124": "E", "135": "N", "140": "E", "185": "E", "220": "N", "18": "W", "99": "E", "101": "S", "106": "W", "110": "N", "134": "S", "152": "W", "228": "E", "233": "E", "39": "W", "46": "W", "79": "S", "123": "N", "164": "N", "206": "E", "232": "E"}, {"127": "E", "129": "W", "130": "S", "158": "W", "161": "N", "165": "S", "166": "E", "208": "E", "23": "N", "62": "W", "113": "E", "117": "S", "145": "W", "160": "W", "190": "E", "198": "E", "1": "W", "29": "N", "53": "S", "56": "W", "72": "W", "128": "E", "137": "N", "142": "E", "169": "N", "184": "S", "202": "N", "234": "E", "26": "W", "65": "W", "40": "S", "80": "N", "126": "E", "181": "S", "182": "S", "210": "E", "235": "W", "238": "N", "76": "N", "77": "S", "32": "W", "34": "W", "93": "S", "189": "E", "207": "W", "90": "W", "104": "N", "115": "S", "120": "S", "146": "S", "199": "S", "205": "E", "239": "E", "9": "N", "64": "S", "187": "W", "20": "W", "47": "W", "61": "N", "111": "W", "138": "W", "156": "W", "201": "W", "216": "W", "226": "E", "22": "W", "31": "E", "36": "N", "85": "N", "100": "N", "109": "S", "147": "S", "153": "S", "163": "W", "174": "E", "179": "N", "186": "W", "203": "W", "218": "S", "227": "N", "231": "S", "3": "S", "11": "S", "41": "N", "51": "S", "71": "W", "75": "N", "89": "E", "154": "N", "168": "N", "170": "E", "180": "N", "214": "W", "8": "S", "13": "E", "94": "E", "107": "S", "119": "W", "121": "S", "124": "E", "135": "N", "140": "E", "185": "E", "213": "W", "220": "N", "18": "N", "99": "E", "101": "S", "106": "W", "110": "N", "152": "W", "228": "E", "233": "E", "39": "W", "46": "W", "79": "S", "164": "N", "206": "E", "232": "E"}, {"127": "N", "129": "W", "130": "S", "139": "S", "158": "W", "176": "E", "219": "N", "229": "W", "62": "W", "87": "W", "113": "E", "117": "S", "145": "W", "159": "S", "160": "W", "192": "E", "29": "E", "53": "S", "56": "W", "72": "W", "108": "N", "128": "E", "149": "S", "151": "E", "169": "N", "184": "W", "234": "E", "26": "W", "65": "W", "40": "S", "80": "N", "98": "E", "144": "W", "181": "S", "182": "E", "210": "N", "235": "W", "238": "N", "76": "N", "77": "S", "32": "W", "34": "W", "207": "W", "90": "W", "115": "S", "120": "S", "199": "S", "239": "E", "9": "N", "64": "S", "20": "W", "47": "W", "61": "N", "111": "W", "156": "W", "216": "W", "31": "E", "36": "N", "109": "S", "147": "S", "174": "E", "218": "S", "227": "N", "187": "N", "138": "W", "177": "N", "201": "W", "12": "S", "22": "W", "100": "N", "153": "S", "163": "W", "186": "W", "203": "W", "3": "S", "7": "W", "11": "S", "41": "N", "51": "S", "71": "W", "75": "N", "89": "E", "168": "N", "170": "S", "180": "N", "193": "S", "214": "W", "8": "S", "13": "E", "94": "E", "107": "S", "119": "W", "121": "S", "124": "E", "135": "N", "140": "E", "185": "E", "220": "N", "18": "N", "99": "E", "101": "S", "106": "W", "110": "N", "134": "S", "152": "W", "228": "E", "233": "E", "39": "W", "46": "W", "79": "S", "164": "N", "206": "E", "232": "E"}, {"129": "W", "130": "S", "139": "S", "158": "W", "161": "N", "176": "S", "208": "E", "219": "N", "229": "W", "62": "W", "87": "W", "113": "S", "145": "W", "160": "W", "190": "E", "29": "N", "56": "W", "72": "S", "108": "N", "149": "S", "169": "E", "202": "N", "211": "N", "234": "N", "26": "W", "65": "W", "40": "E", "98": "E", "126": "E", "144": "W", "181": "S", "238": "E", "76": "E", "32": "W", "34": "W", "93": "S", "207": "W", "90": "S", "104": "N", "115": "S", "120": "E", "20": "W", "111": "W", "156": "W", "216": "W", "226": "E", "36": "N", "85": "N", "109": "S", "147": "S", "174": "E", "227": "N", "138": "W", "201": "W", "22": "W", "153": "S", "163": "W", "203": "W", "3": "S", "41": "N", "51": "S", "75": "N", "187": "N", "17": "S", "177": "N", "186": "W", "209": "W", "237": "E", "11": "S", "71": "W", "168": "N", "170": "S", "193": "S", "214": "W", "8": "S", "13": "E", "94": "E", "107": "S", "119": "W", "121": "S", "124": "E", "135": "N", "185": "E", "18": "N", "99": "E", "101": "S", "106": "W", "134": "S", "152": "W", "233": "E", "39": "W", "46": "W", "206": "E"}, {"129": "W", "158": "W", "208": "E", "219": "N", "62": "W", "113": "E", "145": "W", "159": "S", "160": "W", "190": "E", "192": "E", "56": "W", "108": "N", "128": "E", "151": "E", "26": "W", "65": "W", "80": "N", "98": "N", "126": "E", "235": "W", "32": "W", "34": "W", "93": "S", "207": "W", "199": "S", "239": "E", "9": "N", "20": "W", "47": "W", "61": "N", "156": "W", "216": "W", "226": "E", "31": "E", "36": "N", "174": "S", "218": "S", "227": "N", "138": "W", "201": "W", "22": "W", "100": "N", "153": "S", "203": "W", "75": "N", "89": "E", "187": "N", "186": "W", "11": "S", "168": "N", "214": "W", "13": "E", "121": "S", "124": "E", "135": "N", "185": "E", "17": "W", "35": "N", "177": "N", "12": "W", "102": "N", "231": "W", "237": "N", "71": "W", "103": "W", "170": "S", "180": "N", "193": "S", "8": "S", "54": "W", "94": "E", "107": "S", "119": "W", "140": "E", "148": "N", "220": "N", "18": "N", "99": "E", "101": "S", "106": "W", "110": "N", "134": "S", "152": "W", "228": "E", "233": "E", "39": "W", "46": "W", "79": "W", "164": "N", "206": "E", "232": "E"}, {"129": "W", "130": "S", "139": "S", "158": "W", "208": "E", "62": "W", "113": "E", "145": "W", "160": "W", "190": "E", "192": "E", "56": "W", "128": "E", "149": "S", "151": "E", "234": "E", "26": "W", "65": "W", "80": "N", "126": "E", "181": "S", "235": "N", "32": "W", "34": "W", "93": "W", "207": "W", "115": "S", "199": "S", "239": "E", "9": "N", "20": "W", "61": "N", "156": "W", "216": "W", "226": "E", "31": "E", "36": "N", "109": "S", "147": "S", "138": "W", "201": "W", "22": "W", "100": "N", "153": "S", "203": "W", "3": "S", "51": "S", "89": "E", "187": "N", "186": "W", "11": "S", "214": "W", "13": "E", "124": "E", "135": "N", "185": "E", "177": "N", "71": "W", "170": "S", "180": "N", "8": "S", "94": "E", "107": "S", "119": "W", "140": "E", "152": "W", "233": "E", "17": "W", "35": "E", "12": "W", "179": "E", "209": "N", "231": "W", "237": "N", "7": "N", "103": "W", "193": "S", "54": "W", "213": "N", "220": "N", "18": "N", "101": "S", "110": "N", "134": "S", "228": "E", "39": "W", "46": "W", "79": "S", "123": "N", "164": "N", "206": "E", "232": "E"}, {"130": "S", "166": "E", "62": "W", "113": "S", "128": "E", "234": "E", "65": "W", "80": "E", "181": "S", "207": "W", "115": "S", "199": "E", "205": "E", "239": "S", "9": "W", "47": "W", "156": "W", "36": "E", "109": "S", "138": "S", "22": "W", "153": "E", "3": "S", "124": "E", "135": "N", "185": "E", "170": "S", "99": "E", "152": "W", "233": "E", "193": "S", "18": "N", "46": "W", "206": "E", "17": "W", "35": "N", "12": "W", "209": "N", "231": "W", "237": "N", "7": "N", "103": "W", "154": "N", "54": "W", "213": "N", "134": "S", "39": "W", "79": "S", "123": "N"}, {"130": "S", "158": "W", "62": "W", "145": "W", "192": "E", "56": "W", "128": "E", "151": "E", "65": "W", "181": "S", "32": "W", "207": "W", "115": "S", "20": "W", "47": "W", "61": "N", "156": "W", "31": "E", "109": "S", "201": "W", "22": "W", "100": "N", "3": "S", "89": "E", "187": "N", "186": "W", "11": "S", "124": "E", "135": "N", "185": "N", "177": "N", "71": "W", "170": "S", "180": "N", "107": "S", "140": "E", "152": "W", "193": "S", "220": "N", "18": "N", "101": "S", "228": "E", "46": "W", "206": "E", "17": "W", "237": "N", "134": "S", "35": "N", "12": "W", "179": "E", "231": "W", "103": "W", "154": "E", "54": "W", "110": "N", "39": "W", "79": "S", "164": "N", "232": "E"}, {"158": "W", "62": "S", "145": "W", "192": "E", "56": "W", "128": "N", "151": "E", "32": "W", "20": "W", "47": "S", "61": "N", "31": "E", "201": "W", "100": "N", "89": "E", "187": "E", "186": "W", "11": "S", "124": "E", "135": "N", "71": "W", "180": "N", "107": "S", "140": "E", "152": "W", "233": "E", "220": "N", "18": "N", "101": "S", "228": "E", "46": "W", "206": "E", "17": "W", "12": "W", "110": "N", "39": "W", "79": "S", "232": "E", "35": "N", "179": "N", "209": "N", "231": "W", "7": "N", "103": "W", "54": "W", "213": "N", "123": "N", "164": "N"}, {"158": "W", "145": "W", "56": "W", "65": "W", "32": "W", "207": "W", "20": "W", "61": "E", "156": "W", "201": "W", "22": "W", "186": "W", "11": "E", "124": "E", "135": "W", "177": "N", "71": "W", "152": "W", "233": "S", "18": "N", "46": "W", "206": "E", "17": "W", "237": "N", "12": "W", "39": "W", "35": "N", "231": "W", "179": "N", "209": "N", "7": "N", "103": "W", "154": "E", "54": "W", "213": "N", "106": "S", "123": "N"}, {"158": "W", "145": "W", "56": "W", "65": "W", "32": "W", "207": "W", "20": "W", "156": "W", "201": "W", "22": "W", "100": "N", "186": "W", "124": "E", "177": "N", "71": "W", "180": "N", "107": "S", "152": "W", "220": "N", "18": "N", "101": "S", "46": "W", "206": "E", "17": "W", "237": "N", "12": "W", "110": "N", "39": "W", "79": "S", "35": "N", "231": "W", "164": "N", "103": "W", "102": "N", "179": "N", "209": "N", "7": "N", "154": "N", "54": "W", "148": "N", "213": "N", "106": "W", "123": "N"}, {"158": "W", "145": "W", "56": "W", "65": "S", "32": "W", "20": "W", "201": "W", "100": "N", "186": "W", "124": "E", "177": "W", "71": "W", "180": "N", "107": "W", "220": "N", "18": "E", "206": "E", "17": "W", "12": "W", "110": "N", "39": "W", "231": "W", "164": "N", "103": "W", "179": "N", "209": "N", "54": "W", "102": "E", "7": "N", "114": "W", "154": "N", "73": "W", "213": "N", "106": "W", "123": "N"}, {"207": "W", "156": "W", "22": "W", "100": "W", "124": "N", "152": "W", "101": "S", "46": "W", "206": "E", "237": "N", "39": "W", "79": "S", "35": "N", "179": "N", "102": "N", "114": "N", "154": "N", "148": "N", "106": "W"}, {"158": "W", "145": "W", "56": "W", "32": "W", "207": "W", "20": "W", "156": "W", "201": "W", "22": "W", "186": "W", "71": "W", "180": "N", "152": "W", "220": "N", "101": "S", "46": "W", "206": "E", "17": "W", "237": "E", "12": "W", "110": "N", "39": "W", "79": "S", "231": "W", "164": "N", "103": "W", "209": "N", "54": "W", "7": "N", "154": "N", "106": "W", "102": "N", "73": "W", "148": "E", "213": "N", "123": "N"}, {"207": "S", "180": "E", "101": "E", "206": "S", "35": "N", "179": "N", "154": "N", "102": "N", "114": "N", "73": "N", "148": "N"}, {"156": "W", "22": "W", "152": "W", "220": "N", "46": "W", "110": "N", "39": "W", "79": "S", "35": "N", "164": "N", "179": "N", "209": "N", "7": "N", "154": "N", "213": "N", "102": "N", "148": "N", "123": "N"}, {"156": "W", "22": "W", "152": "W", "220": "N", "46": "W", "110": "N", "39": "W", "79": "W", "35": "W", "164": "N", "209": "N", "7": "N", "213": "N", "102": "N", "123": "N", "114": "N", "73": "N", "148": "N"}, {"156": "S", "220": "W", "179": "N", "154": "N", "102": "N", "148": "N", "114": "N", "73": "N"}, {"22": "W", "152": "W", "46": "W", "110": "N", "39": "W", "164": "N", "179": "E", "209": "N", "7": "N", "213": "N", "123": "N", "148": "N", "114": "N", "73": "N"}, {"22": "W", "152": "W", "46": "W", "110": "E", "39": "W", "154": "N", "102": "N", "148": "N"}, {"22": "S", "164": "N", "209": "N", "7": "N", "154": "N", "213": "N", "102": "N", "123": "N", "148": "N", "114": "N", "73": "N"}, {"152": "W", "46": "W", "39": "W", "164": "N", "209": "N", "7": "N", "154": "W", "213": "N", "123": "N", "114": "N", "73": "N"}, {"152": "W", "46": "W", "39": "W", "164": "W", "102": "N", "148": "N"}, {"152": "S", "209": "N", "7": "N", "213": "N", "102": "E", "123": "N", "114": "N", "73": "N"}, {"46": "W", "39": "W", "209": "E", "148": "N"}, {"46": "W", "39": "W", "7": "N", "213": "N", "123": "N", "148": "N", "114": "N", "73": "N"}, {"46": "S", "7": "N", "213": "N", "123": "N", "148": "W", "114": "N", "73": "N"}, {"39": "W", "7": "W"}, {"39": "N", "213": "N", "123": "N", "114": "N", "73": "N"}, {"213": "E"}, {"123": "N", "114": "N", "73": "N"}, {"123": "N", "114": "N", "73": "N"}, {"123": "W"}, {"114": "N", "73": "N"}, {"114": "E"}, {"73": "N"}, {"73": "N"}, {"73": "W"}, {"91": "N", "116": "S", "105": "N", "60": "E", "48": "N", "2": "W"}, {"91": "N", "105": "N", "48": "N", "2": "W"}, {"91": "N", "2": "W"}, {"37": "W", "74": "W"}, {"37": "W", "74": "W"}, {"2": "W"}, {"91": "N"}, {}, {}, {}, {}, {}, {}, {}, {}, {}, {}, {}, {}, {}, {}, {}, {}, {}, {}, {}, {}, {}, {}, {}, {}, {}, {}, {}, {}, {}, {}, {}, {}, {}, {}, {}, {}, {}, {}, {}, {}, {}, {}, {}, {}, {}, {}, {}, {}, {}, {}, {}, {}, {}, {}, {}, {}, {}, {}, {}, {}, {}, {}, {}, {}, {}, {}, {}, {}, {}, {}, {}, {}, {}, {}, {}, {}, {}, {}, {}, {}, {}, {}, {}, {}, {}, {}, {}, {}, {}, {}, {}, {}, {}, {}, {}, {}, {}, {}, {}, {}, {"221": "W"}, {"221": "N"}, {"221": "N"}, {"221": "N"}, {"221": "N"}, {"221": "N"}, {"221": "N"}, {"221": "N"}, {"221": "N"}, {"221": "N"}, {"221": "N"}, {"86": "W"}, {"86": "W"}, {"86": "S"}, {"86": "S"}, {"86": "W"}, {"86": "W"}, {"86": "W"}, {"86": "W"}, {"86": "S"}, {"86": "S"}, {"86": "S"}, {"37": "N"}, {"37": "N"}, {"37": "E"}, {"37": "N"}, {"37": "E"}, {"37": "E"}, {"37": "E"}, {"37": "E"}, {"37": "E"}, {"37": "E"}, {"91": "S"}, {"91": "S"}, {"91": "S"}, {"91": "S"}, {"91": "W"}, {"91": "S"}, {"91": "S"}, {"91": "E"}, {"91": "E"}, {"24": "N"}, {"24": "N"}, {"24": "N"}, {"24": "N"}, {"24": "N"}, {"24": "N"}, {"24": "E"}, {"24": "N"}, {"24": "N"}, {"24": "N"}, {"24": "E"}, {"24": "E"}, {"24": "E"}, {"24": "E"}, {"24": "E"}, {"24": "E"}, {"24": "N"}, {"24": "N"}, {"6": "S"}, {"6": "E"}, {"6": "S"}, {"6": "S"}, {"6": "S"}, {"6": "W"}, {"6": "W"}, {"6": "W"}, {"6": "W"}, {"6": "W"}, {"6": "S"}, {"6": "S"}, {"6": "W"}, {"6": "S"}, {"6": "S"}, {"6": "E"}, {"66": "S"}, {"66": "S"}, {"66": "W"}, {"66": "W"}, {"66": "W"}, {"66": "W"}, {"66": "W"}, {"66": "W"}, {"66": "W"}, {"66": "W"}, {"27": "E"}, {"27": "E"}, {"27": "E"}, {"27": "E"}, {"27": "E"}, {"27": "E"}, {"27": "N"}, {"27": "E"}, {"27": "E"}, {"27": "S"}, {"27": "E"}, {"95": "W"}, {"95": "W"}, {"95": "W"}, {"95": "W"}, {"95": "W"}, {"95": "W"}, {"95": "S"}, {"95": "S"}, {"44": "S"}, {"44": "S"}, {"44": "E"}, {"44": "E"}, {"44": "E"}, {"44": "E"}, {"44": "E"}, {"44": "E"}, {"44": "E"}, {"44": "E"}, {"122": "S"}, {"122": "S"}, {"122": "S"}, {"122": "S"}, {"122": "S"}, {"122": "S"}, {"122": "S"}, {"122": "E"}, {"122": "S"}, {"122": "E"}, {"122": "E"}, {"122": "N"}, {"59": "W"}, {"59": "W"}, {"59": "S"}, {"59": "W"}, {"59": "W"}, {"59": "S"}, {"59": "S"}, {"59": "S"}, {"59": "W"}, {"59": "S"}, {"59": "S"}, {"59": "S"}, {"59": "S"}, {"59": "W"}, {"59": "S"}, {"59": "S"}, {"59": "W"}, {"42": "W"}, {"42": "W"}, {"42": "W"}, {"42": "S"}, {"42": "S"}, {"42": "S"}, {"42": "W"}, {"183": "W"}, {"183": "W"}, {"183": "W"}, {"183": "N"}, {"183": "N"}, {"183": "N"}, {"183": "N"}, {"183": "N"}, {"194": "W"}, {"194": "W"}, {"194": "W"}, {"194": "W"}, {"194": "W"}, {"194": "W"}, {"194": "W"}, {"194": "W"}, {"194": "W"}, {"194": "W"}, {"194": "S"}, {"194": "S"}, {"204": "N"}, {"204": "N"}, {"204": "E"}, {"204": "E"}, {"204": "E"}, {"204": "E"}, {"204": "N"}, {"204": "N"}, {"204": "E"}, {"204": "N"}, {"204": "N"}, {"204": "N"}, {"204": "W"}, {"70": "N"}, {"70": "W"}, {"70": "W"}, {"70": "N"}, {"70": "N"}, {"70": "N"}, {"70": "W"}, {"70": "W"}, {"70": "W"}, {"167": "S"}, {"167": "S"}, {"167": "E"}, {"167": "E"}, {"167": "E"}, {"167": "E"}, {"167": "E"}, {"150": "S"}, {"150": "S"}, {"150": "S"}, {"150": "S"}, {"197": "W"}, {"197": "W"}, {"197": "W"}, {"197": "W"}, {"197": "W"}, {"197": "S"}, {"197": "S"}, {"197": "S"}, {"197": "S"}, {"197": "S"}, {"197": "S"}, {"197": "W"}, {"197": "S"}, {"197": "S"}, {"197": "S"}, {"197": "S"}, {"197": "E"}, {"171": "E"}, {"171": "E"}, {"171": "E"}, {"171": "E"}, {"171": "E"}, {"171": "E"}, {"171": "E"}, {"171": "E"}, {"171": "E"}, {"171": "E"}, {"171": "E"}, {"171": "S"}, {"15": "W"}, {"15": "W"}, {"15": "W"}, {"15": "W"}, {"15": "W"}, {"15": "S"}, {"15": "S"}, {"15": "S"}, {"15": "S"}, {"15": "S"}, {"15": "S"}, {"15": "S"}, {"15": "W"}, {"15": "S"}, {"15": "S"}, {"15": "S"}, {"15": "E"}, {"52": "W"}, {"52": "W"}, {"52": "W"}, {"52": "W"}, {"52": "S"}, {"52": "S"}, {"52": "S"}, {"68": "W"}, {"68": "W"}, {"68": "W"}, {"68": "W"}, {"68": "W"}, {"68": "W"}, {"68": "W"}, {"68": "W"}, {"68": "W"}, {"68": "W"}, {"68": "W"}, {"68": "S"}, {"68": "S"}, {"68": "S"}, {"68": "S"}, {"68": "S"}, {"68": "S"}, {"68": "S"}, {"230": "N"}, {"230": "N"}, {"230": "E"}, {"230": "E"}, {"230": "E"}, {"230": "E"}, {"230": "E"}, {"230": "E"}, {"230": "E"}, {"200": "W"}, {"200": "W"}, {"200": "W"}, {"200": "W"}, {"200": "W"}, {"200": "W"}, {"200": "W"}, {"200": "W"}, {"200": "W"}, {"200": "W"}, {"200": "W"}, {"200": "S"}, {"200": "S"}, {"200": "S"}, {"200": "S"}, {"200": "S"}, {"200": "S"}, {"200": "S"}, {"200": "S"}, {"200": "S"}, {"200": "W"}, {"200": "S"}, {"200": "S"}, {"200": "E"}, {"173": "W"}, {"173": "W"}, {"173": "W"}, {"173": "W"}, {"173": "N"}, {"173": "N"}, {"173": "N"}, {"173": "N"}, {"173": "N"}, {"173": "N"}, {"173": "W"}, {"173": "W"}, {"173": "N"}, {"173": "N"}, {"173": "N"}, {"173": "N"}, {"173": "N"}, {"173": "N"}, {"173": "N"}, {"173": "N"}, {"173": "W"}, {"173": "W"}, {"173": "W"}, {"173": "W"}, {"38": "W"}, {"38": "W"}, {"38": "S"}, {"38": "W"}, {"38": "W"}, {"38": "W"}, {"38": "W"}, {"38": "N"}, {"38": "W"}, {"38": "W"}, {"38": "W"}, {"38": "W"}, {"38": "S"}, {"38": "S"}, {"38": "S"}, {"38": "S"}, {"38": "S"}, {"21": "W"}, {"21": "W"}, {"21": "W"}, {"21": "N"}, {"21": "N"}, {"21": "N"}, {"21": "N"}, {"78": "W"}, {"78": "W"}, {"78": "W"}, {"78": "W"}, {"78": "W"}, {"78": "W"}, {"78": "S"}, {"78": "W"}, {"78": "S"}, {"78": "S"}, {"78": "S"}, {"78": "S"}, {"78": "S"}, {"78": "W"}, {"0": "N"}, {"0": "N"}, {"0": "N"}, {"0": "E"}, {"0": "N"}, {"0": "N"}, {"0": "N"}, {"0": "E"}, {"0": "E"}, {"0": "N"}, {"0": "E"}, {"0": "E"}, {"0": "E"}, {"0": "E"}, {"0": "E"}, {"0": "E"}, {"0": "N"}, {"0": "E"}, {"0": "N"}, {"0": "N"}, {"74": "E"}, {"74": "E"}, {"74": "E"}, {"74": "E"}, {"74": "E"}, {"74": "E"}, {"74": "E"}, {"162": "N"}, {"162": "N"}, {"162": "N"}, {"162": "N"}, {"162": "N"}, {"162": "N"}, {"162": "N"}, {"162": "N"}, {"162": "N"}, {"162": "E"}, {"162": "E"}, {"162": "E"}, {"162": "N"}, {"55": "S"}, {"55": "W"}, {"55": "W"}, {"55": "W"}, {"55": "W"}, {"55": "W"}, {"55": "S"}, {"55": "S"}, {"55": "S"}, {"55": "S"}, {"55": "S"}, {"55": "S"}, {"55": "S"}, {"55": "W"}, {"55": "W"}, {"55": "S"}, {"55": "S"}, {"55": "W"}, {"55": "W"}, {"55": "N"}, {"25": "W"}, {"25": "W"}, {"25": "W"}, {"25": "W"}, {"25": "S"}, {"25": "S"}, {"25": "S"}, {"25": "S"}, {"25": "S"}, {"25": "S"}, {"168": "S"}, {"168": "W"}, {"168": "W"}, {"168": "S"}, {"168": "S"}, {"168": "S"}, {"168": "S"}, {"168": "S"}, {"168": "S"}, {"168": "S"}, {"168": "S"}, {"168": "W"}, {"168": "S"}, {"168": "W"}, {"168": "S"}, {"168": "S"}, {"168": "S"}, {"168": "S"}, {"168": "S"}, {"168": "E"}, {"168": "E"}, {"125": "N"}, {"125": "E"}, {"125": "E"}, {"125": "E"}, {"125": "E"}, {"125": "E"}, {"125": "N"}, {"125": "E"}, {"125": "E"}, {"63": "W"}, {"63": "W"}, {"63": "W"}, {"63": "W"}, {"63": "W"}, {"63": "W"}, {"63": "W"}, {"63": "S"}, {"63": "S"}, {"63": "S"}, {"63": "S"}, {"63": "S"}, {"63": "S"}, {"81": "N"}, {"81": "N"}, {"81": "N"}, {"81": "N"}, {"81": "E"}, {"81": "E"}, {"81": "E"}, {"81": "E"}, {"81": "E"}, {"81": "E"}, {"81": "E"}, {"81": "E"}, {"81": "E"}, {"81": "E"}, {"81": "N"}, {"81": "E"}, {"143": "W"}, {"143": "W"}, {"143": "W"}, {"143": "W"}, {"143": "W"}, {"143": "W"}, {"143": "W"}, {"143": "W"}, {"143": "W"}, {"143": "W"}, {"143": "N"}, {"143": "N"}, {"143": "N"}, {"143": "N"}, {"143": "N"}, {"143": "N"}, {"143": "W"}, {"177": "W"}, {"177": "W"}, {"177": "W"}, {"177": "S"}, {"177": "S"}, {"177": "S"}, {"177": "S"}, {"177": "W"}, {"177": "W"}, {"177": "W"}, {"177": "W"}, {"177": "S"}, {"177": "S"}, {"177": "S"}, {"177": "S"}, {"177": "S"}, {"177": "W"}, {"177": "S"}, {"177": "S"}, {"177": "E"}, {"116": "W"}, {"116": "N"}, {"48": "S"}, {"48": "E"}, {"136": "W"}, {"136": "W"}, {"136": "N"}, {"136": "N"}, {"136": "N"}, {"136": "N"}, {"136": "N"}, {"136": "W"}, {"136": "N"}, {"136": "N"}, {"136": "N"}, {"136": "N"}, {"136": "W"}, {"136": "W"}, {"136": "W"}, {"136": "W"}, {"136": "W"}, {"136": "W"}, {"136": "W"}, {"136": "S"}, {"136": "S"}, {"2": "N"}, {"2": "N"}, {"2": "N"}, {"2": "N"}, {"2": "E"}, {"2": "E"}, {"2": "N"}, {"2": "E"}, {"2": "E"}, {"2": "E"}, {"2": "E"}, {"2": "S"}, {"2": "E"}, {"185": "S"}, {"185": "W"}, {"185": "W"}, {"185": "W"}, {"185": "W"}, {"185": "W"}, {"185": "W"}, {"185": "W"}, {"185": "W"}, {"185": "W"}, {"185": "W"}, {"185": "S"}, {"185": "S"}, {"185": "S"}, {"185": "W"}, {"185": "W"}, {"185": "W"}, {"185": "W"}, {"185": "W"}, {"185": "W"}, {"185": "W"}, {"185": "W"}, {"185": "N"}, {"185": "N"}, {"185": "W"}, {"185": "N"}, {"185": "N"}, {"185": "N"}, {"185": "N"}, {"185": "N"}, {"185": "E"}, {"105": "W"}, {"105": "W"}, {"105": "W"}, {"105": "W"}, {"105": "W"}, {"105": "W"}, {"105": "W"}, {"105": "S"}, {"105": "S"}, {"105": "W"}, {"105": "S"}, {"105": "S"}, {"105": "S"}, {"105": "S"}, {"105": "S"}, {"105": "S"}, {"105": "E"}, {"207": "S"}, {"207": "S"}, {"207": "E"}, {"207": "E"}, {"207": "E"}, {"207": "E"}, {"207": "E"}, {"207": "E"}, {"207": "E"}, {"207": "E"}, {"207": "E"}, {"207": "E"}, {"207": "E"}, {"207": "S"}, {"207": "E"}, {"207": "E"}, {"207": "E"}, {"207": "E"}, {"207": "E"}, {"207": "E"}, {"207": "E"}, {"49": "N"}, {"49": "N"}, {"49": "N"}, {"49": "N"}, {"49": "N"}, {"49": "N"}, {"49": "N"}, {"49": "N"}, {"49": "N"}, {"49": "N"}, {"49": "N"}, {"49": "N"}, {"49": "N"}, {"49": "N"}, {"49": "E"}, {"49": "E"}, {"49": "E"}, {"49": "E"}, {"49": "E"}, {"49": "N"}, {"49": "E"}, {"49": "E"}, {"49": "E"}, {"49": "E"}, {"49": "S"}, {"82": "W"}, {"82": "W"}, {"82": "W"}, {"82": "W"}, {"82": "W"}, {"82": "W"}, {"82": "W"}, {"82": "W"}, {"82": "W"}, {"82": "S"}, {"82": "S"}, {"82": "S"}, {"82": "S"}, {"82": "S"}, {"82": "W"}, {"82": "S"}, {"82": "S"}, {"82": "E"}, {"60": "S"}, {"60": "S"}, {"60": "S"}, {"60": "S"}, {"60": "W"}, {"60": "W"}, {"60": "W"}, {"60": "W"}, {"60": "W"}, {"60": "W"}, {"60": "S"}, {"60": "W"}, {"60": "W"}, {"60": "W"}, {"60": "N"}, {"60": "N"}, {"60": "N"}, {"60": "N"}, {"88": "W"}, {"88": "W"}, {"88": "W"}, {"88": "W"}, {"88": "W"}, {"88": "W"}, {"88": "W"}, {"88": "W"}, {"88": "W"}, {"88": "W"}, {"88": "W"}, {"88": "W"}, {"88": "W"}, {"88": "W"}, {"88": "S"}, {"88": "S"}, {"88": "S"}, {"88": "S"}, {"88": "S"}, {"88": "S"}, {"193": "E"}, {"193": "N"}, {"193": "N"}, {"193": "N"}, {"193": "N"}, {"193": "N"}, {"193": "N"}, {"193": "N"}, {"193": "N"}, {"193": "E"}, {"193": "E"}, {"193": "N"}, {"193": "N"}, {"193": "N"}, {"193": "N"}, {"193": "N"}, {"193": "E"}, {"193": "N"}, {"193": "N"}, {"193": "W"}, {"193": "N"}, {"193": "N"}, {"193": "N"}, {"193": "W"}, {"193": "W"}, {"193": "W"}, {"193": "W"}, {"193": "W"}, {"193": "W"}, {"28": "W"}, {"28": "W"}, {"28": "W"}, {"28": "S"}, {"28": "S"}, {"192": "N"}, {"192": "W"}, {"192": "W"}, {"192": "W"}, {"192": "W"}, {"192": "W"}, {"192": "W"}, {"192": "W"}, {"192": "W"}, {"192": "W"}, {"192": "W"}, {"192": "W"}, {"192": "W"}, {"192": "W"}, {"192": "N"}, {"192": "W"}, {"192": "N"}, {"192": "N"}, {"192": "N"}, {"192": "W"}, {"92": "W"}, {"92": "S"}, {"92": "W"}, {"92": "S"}, {"92": "S"}, {"92": "S"}, {"92": "S"}, {"92": "S"}, {"92": "S"}, {"92": "S"}, {"92": "S"}, {"92": "S"}, {"92": "S"}, {"92": "W"}, {"92": "S"}, {"92": "W"}, {"30": "N"}, {"30": "E"}, {"30": "E"}, {"30": "N"}, {"30": "E"}, {"30": "E"}, {"30": "E"}, {"30": "E"}, {"30": "E"}, {"30": "E"}, {"30": "E"}, {"30": "E"}, {"30": "N"}, {"30": "E"}, {"30": "E"}, {"30": "E"}, {"30": "E"}, {"30": "E"}, {"30": "E"}, {"30": "N"}, {"30": "N"}, {"30": "W"}, {"98": "S"}, {"98": "W"}, {"98": "W"}, {"98": "W"}, {"98": "W"}, {"98": "W"}, {"98": "W"}, {"98": "W"}, {"98": "W"}, {"98": "W"}, {"98": "S"}, {"98": "S"}, {"98": "S"}, {"98": "S"}, {"98": "W"}, {"98": "S"}, {"98": "S"}, {"98": "W"}, {"234": "W"}, {"234": "S"}, {"234": "W"}, {"234": "W"}, {"234": "W"}, {"234": "W"}, {"234": "W"}, {"234": "W"}, {"234": "W"}, {"234": "W"}, {"234": "W"}, {"234": "W"}, {"234": "W"}, {"234": "N"}, {"93": "E"}, {"93": "N"}, {"93": "N"}, {"93": "N"}, {"93": "N"}, {"93": "N"}, {"93": "N"}, {"93": "N"}, {"93": "N"}, {"93": "E"}, {"93": "E"}, {"93": "N"}, {"93": "E"}, {"93": "E"}, {"93": "E"}, {"93": "E"}, {"93": "E"}, {"93": "E"}, {"93": "E"}, {"93": "N"}, {"93": "N"}, {"93": "W"}, {"93": "N"}, {"93": "N"}, {"93": "N"}, {"72": "N"}, {"72": "E"}, {"72": "E"}, {"72": "E"}, {"72": "N"}, {"72": "E"}, {"72": "E"}, {"72": "E"}, {"72": "E"}, {"72": "E"}, {"72": "E"}, {"72": "E"}, {"72": "E"}, {"72": "N"}, {"72": "E"}, {"72": "E"}, {"72": "E"}, {"72": "E"}, {"72": "E"}, {"72": "E"}, {"72": "E"}, {"72": "N"}, {"72": "N"}, {"72": "N"}, {"72": "N"}, {"72": "N"}, {"72": "N"}, {"72": "N"}, {"72": "W"}, {"72": "N"}, {"238": "W"}, {"238": "S"}, {"238": "S"}, {"238": "S"}, {"238": "S"}, {"238": "S"}, {"238": "S"}, {"238": "S"}, {"238": "S"}, {"238": "W"}, {"238": "S"}, {"238": "S"}, {"238": "W"}, {"238": "S"}, {"238": "S"}, {"238": "W"}, {"238": "S"}, {"238": "S"}, {"238": "S"}, {"238": "S"}, {"238": "S"}, {"238": "S"}, {"238": "E"}, {"238": "E"}, {"238": "S"}, {"238": "E"}, {"238": "E"}, {"238": "N"}, {"238": "E"}, {"238": "E"}, {"238": "E"}, {"153": "W"}, {"153": "N"}, {"153": "N"}, {"153": "N"}, {"153": "W"}, {"153": "W"}, {"153": "W"}, {"153": "N"}, {"153": "N"}, {"153": "N"}, {"153": "N"}, {"153": "N"}, {"153": "N"}, {"153": "N"}, {"153": "W"}, {"153": "N"}, {"153": "W"}, {"153": "N"}, {"153": "N"}, {"153": "N"}, {"153": "N"}, {"153": "N"}, {"153": "N"}, {"153": "E"}, {"153": "E"}, {"22": "S"}, {"22": "S"}, {"22": "E"}, {"22": "E"}, {"22": "E"}, {"22": "E"}, {"22": "E"}, {"22": "E"}, {"22": "E"}, {"22": "E"}, {"22": "E"}, {"22": "E"}, {"22": "E"}, {"22": "E"}, {"22": "E"}, {"22": "S"}, {"22": "E"}, {"22": "E"}, {"22": "E"}, {"22": "E"}, {"22": "E"}, {"22": "E"}, {"169": "E"}, {"169": "S"}, {"169": "S"}, {"169": "S"}, {"169": "S"}, {"169": "S"}, {"169": "S"}, {"169": "S"}, {"169": "E"}, {"169": "E"}, {"169": "S"}, {"169": "S"}, {"169": "E"}, {"169": "S"}, {"169": "S"}, {"169": "S"}, {"169": "S"}, {"169": "S"}, {"169": "S"}, {"169": "S"}, {"169": "S"}, {"169": "S"}, {"17": "S"}, {"17": "E"}, {"17": "E"}, {"17": "E"}, {"17": "E"}, {"17": "E"}, {"17": "E"}, {"17": "S"}, {"17": "S"}, {"17": "S"}, {"17": "E"}, {"17": "E"}, {"17": "E"}, {"17": "E"}, {"17": "E"}, {"17": "E"}, {"5": "N"}, {"5": "N"}, {"5": "N"}, {"5": "N"}, {"5": "N"}, {"5": "N"}, {"5": "N"}, {"5": "N"}, {"5": "N"}, {"5": "N"}, {"5": "N"}, {"5": "N"}, {"5": "N"}, {"5": "N"}, {"5": "N"}, {"5": "N"}, {"5": "E"}, {"5": "E"}, {"5": "E"}, {"5": "E"}, {"5": "N"}, {"5": "E"}, {"5": "N"}, {"5": "E"}, {"5": "E"}, {"5": "E"}, {"5": "E"}, {"5": "E"}, {"5": "E"}, {"5": "E"}, {"5": "S"}, {"5": "S"}, {"139": "W"}, {"139": "N"}, {"139": "N"}, {"139": "N"}, {"139": "N"}, {"139": "N"}, {"139": "N"}, {"139": "N"}, {"139": "N"}, {"139": "N"}, {"139": "N"}, {"139": "E"}, {"139": "E"}, {"139": "N"}, {"139": "E"}, {"139": "E"}, {"124": "S"}, {"124": "W"}, {"124": "W"}, {"124": "W"}, {"124": "W"}, {"124": "W"}, {"124": "W"}, {"124": "W"}, {"124": "W"}, {"124": "W"}, {"124": "W"}, {"124": "W"}, {"124": "W"}, {"124": "W"}, {"124": "W"}, {"124": "S"}, {"148": "E"}, {"148": "S"}, {"148": "S"}, {"148": "S"}, {"148": "S"}, {"148": "S"}, {"148": "S"}, {"148": "S"}, {"148": "S"}, {"148": "S"}, {"148": "S"}, {"148": "S"}, {"148": "S"}, {"148": "S"}, {"148": "S"}, {"148": "S"}, {"148": "S"}, {"148": "S"}, {"148": "S"}, {"148": "S"}, {"148": "S"}, {"148": "S"}, {"148": "S"}, {"148": "S"}, {"148": "W"}, {"148": "W"}, {"148": "W"}, {"148": "W"}, {"148": "W"}, {"148": "W"}, {"148": "W"}, {"148": "W"}, {"148": "N"}, {"157": "N"}, {"157": "N"}, {"157": "N"}, {"157": "N"}, {"157": "N"}, {"157": "N"}, {"157": "N"}, {"157": "E"}, {"157": "E"}, {"157": "E"}, {"157": "E"}, {"157": "E"}, {"157": "E"}, {"157": "E"}, {"157": "E"}, {"157": "E"}, {"157": "E"}, {"157": "E"}, {"157": "E"}, {"157": "E"}, {"157": "E"}, {"157": "N"}, {"157": "N"}, {"157": "N"}, {"157": "N"}, {"157": "N"}, {"157": "N"}, {"157": "N"}, {"157": "W"}, {"53": "E"}, {"53": "E"}, {"53": "N"}, {"53": "N"}, {"53": "N"}, {"53": "N"}, {"53": "N"}, {"53": "N"}, {"53": "N"}, {"53": "N"}, {"53": "E"}, {"53": "E"}, {"53": "E"}, {"53": "E"}, {"53": "E"}, {"53": "E"}, {"53": "E"}, {"53": "E"}, {"53": "E"}, {"53": "E"}, {"53": "N"}, {"53": "N"}, {"53": "W"}, {"53": "N"}, {"53": "N"}, {"53": "N"}, {"154": "E"}, {"154": "S"}, {"154": "S"}, {"154": "S"}, {"154": "S"}, {"154": "S"}, {"154": "S"}, {"154": "S"}, {"154": "S"}, {"154": "S"}, {"154": "S"}, {"154": "S"}, {"154": "S"}, {"154": "S"}, {"154": "S"}, {"154": "S"}, {"154": "S"}, {"154": "S"}, {"154": "S"}, {"154": "S"}, {"154": "S"}, {"154": "S"}, {"154": "S"}, {"154": "W"}, {"154": "W"}, {"154": "W"}, {"154": "W"}, {"154": "N"}, {"8": "N"}, {"8": "N"}, {"8": "N"}, {"8": "N"}, {"8": "N"}, {"8": "N"}, {"8": "E"}, {"8": "E"}, {"8": "E"}, {"8": "E"}, {"8": "E"}, {"8": "E"}, {"8": "E"}, {"8": "E"}, {"8": "E"}, {"8": "N"}, {"8": "N"}, {"8": "N"}, {"8": "N"}, {"8": "N"}, {"8": "N"}, {"8": "N"}, {"8": "N"}, {"8": "W"}, {"85": "S"}, {"85": "S"}, {"85": "S"}, {"85": "S"}, {"85": "S"}, {"85": "S"}, {"85": "S"}, {"85": "S"}, {"85": "S"}, {"85": "S"}, {"85": "W"}, {"85": "S"}, {"85": "S"}, {"85": "S"}, {"85": "S"}, {"85": "S"}, {"85": "S"}, {"85": "S"}, {"85": "E"}, {"85": "E"}, {"40": "W"}, {"40": "N"}, {"40": "N"}, {"40": "N"}, {"40": "N"}, {"40": "N"}, {"40": "N"}, {"40": "N"}, {"40": "N"}, {"40": "E"}, {"40": "N"}, {"40": "N"}, {"40": "N"}, {"40": "N"}, {"40": "N"}, {"40": "N"}, {"40": "N"}, {"40": "N"}, {"40": "N"}, {"40": "W"}, {"40": "N"}, {"40": "N"}, {"40": "W"}, {"40": "N"}, {"40": "W"}, {"40": "W"}, {"40": "W"}, {"40": "W"}, {"40": "S"}, {"111": "N"}, {"111": "E"}, {"111": "E"}, {"111": "S"}, {"111": "S"}, {"111": "E"}, {"111": "E"}, {"111": "E"}, {"111": "E"}, {"111": "E"}, {"111": "S"}, {"111": "E"}, {"111": "E"}, {"111": "N"}, {"32": "S"}, {"32": "S"}, {"32": "S"}, {"32": "S"}, {"32": "E"}, {"32": "E"}, {"32": "E"}, {"32": "E"}, {"32": "E"}, {"32": "E"}, {"32": "E"}, {"32": "E"}, {"32": "E"}, {"32": "E"}, {"32": "E"}, {"32": "S"}, {"32": "S"}, {"32": "E"}, {"32": "E"}, {"32": "E"}, {"32": "E"}, {"32": "E"}, {"165": "W"}, {"165": "N"}, {"165": "N"}, {"165": "W"}, {"165": "W"}, {"165": "W"}, {"165": "W"}, {"165": "W"}, {"165": "W"}, {"165": "W"}, {"165": "N"}, {"165": "N"}, {"165": "N"}, {"165": "N"}, {"165": "N"}, {"14": "E"}, {"14": "N"}, {"14": "N"}, {"14": "N"}, {"14": "N"}, {"14": "N"}, {"14": "N"}, {"14": "N"}, {"14": "N"}, {"14": "E"}, {"14": "E"}, {"14": "E"}, {"14": "E"}, {"14": "E"}, {"14": "E"}, {"14": "E"}, {"14": "N"}, {"14": "N"}, {"14": "N"}, {"14": "N"}, {"14": "N"}, {"14": "N"}, {"14": "N"}, {"14": "N"}, {"14": "N"}, {"14": "N"}, {"184": "N"}, {"184": "N"}, {"184": "N"}, {"184": "N"}, {"184": "N"}, {"184": "N"}, {"184": "E"}, {"184": "E"}, {"184": "E"}, {"184": "E"}, {"184": "N"}, {"184": "E"}, {"184": "E"}, {"184": "E"}, {"184": "E"}, {"184": "E"}, {"184": "E"}, {"184": "E"}, {"184": "N"}, {"184": "N"}, {"184": "N"}, {"184": "N"}, {"184": "N"}, {"184": "N"}, {"184": "N"}, {"184": "N"}, {"47": "N"}, {"47": "E"}, {"47": "E"}, {"47": "E"}, {"47": "E"}, {"47": "N"}, {"47": "N"}, {"47": "N"}, {"47": "N"}, {"47": "N"}, {"47": "N"}, {"47": "N"}, {"47": "N"}, {"47": "N"}, {"47": "N"}, {"47": "N"}, {"47": "N"}, {"47": "E"}, {"47": "E"}, {"47": "E"}, {"47": "E"}, {"47": "E"}, {"47": "E"}, {"47": "E"}, {"47": "N"}, {"47": "E"}, {"47": "E"}, {"47": "E"}, {"47": "E"}, {"47": "S"}, {"147": "E"}, {"147": "E"}, {"147": "N"}, {"147": "N"}, {"147": "N"}, {"147": "N"}, {"147": "N"}, {"147": "N"}, {"147": "N"}, {"147": "N"}, {"147": "E"}, {"147": "E"}, {"147": "E"}, {"147": "E"}, {"147": "E"}, {"147": "E"}, {"147": "E"}, {"147": "N"}, {"147": "N"}, {"121": "N"}, {"121": "W"}, {"121": "W"}, {"121": "W"}, {"121": "W"}, {"121": "W"}, {"121": "W"}, {"121": "W"}, {"121": "W"}, {"121": "W"}, {"121": "N"}, {"121": "N"}, {"121": "N"}, {"121": "N"}, {"121": "W"}, {"121": "N"}, {"121": "N"}, {"121": "N"}, {"121": "N"}, {"121": "N"}, {"121": "N"}, {"121": "N"}, {"121": "N"}, {"121": "E"}, {"205": "S"}, {"205": "W"}, {"205": "W"}, {"205": "W"}, {"205": "W"}, {"205": "W"}, {"205": "W"}, {"205": "W"}, {"205": "S"}, {"205": "W"}, {"205": "W"}, {"205": "W"}, {"130": "W"}, {"130": "W"}, {"130": "W"}, {"130": "W"}, {"130": "W"}, {"130": "W"}, {"130": "N"}, {"130": "N"}, {"130": "N"}, {"130": "N"}, {"130": "N"}, {"130": "N"}, {"130": "N"}, {"130": "N"}, {"130": "N"}, {"130": "N"}, {"130": "N"}, {"130": "N"}, {"130": "W"}, {"130": "N"}, {"130": "N"}, {"130": "N"}, {"130": "N"}, {"130": "E"}, {"120": "W"}, {"120": "N"}, {"120": "N"}, {"120": "W"}, {"120": "W"}, {"120": "N"}, {"120": "N"}, {"120": "N"}, {"120": "N"}, {"120": "W"}, {"120": "W"}, {"120": "W"}, {"120": "N"}, {"120": "N"}, {"120": "N"}, {"120": "N"}, {"120": "N"}, {"120": "N"}, {"120": "N"}, {"120": "N"}, {"120": "N"}, {"120": "N"}, {"120": "N"}, {"120": "N"}, {"120": "E"}, {"120": "E"}, {"120": "E"}, {"35": "W"}, {"35": "W"}, {"35": "W"}, {"35": "S"}, {"35": "S"}, {"35": "W"}, {"35": "W"}, {"35": "S"}, {"35": "S"}, {"35": "W"}, {"35": "S"}, {"35": "W"}, {"35": "W"}, {"35": "W"}, {"35": "W"}, {"35": "S"}, {"35": "S"}, {"35": "S"}, {"35": "S"}, {"35": "S"}, {"35": "S"}, {"35": "S"}, {"35": "S"}, {"161": "W"}, {"161": "W"}, {"161": "S"}, {"161": "S"}, {"161": "S"}, {"161": "S"}, {"161": "S"}, {"161": "S"}, {"161": "S"}, {"161": "S"}, {"161": "S"}, {"161": "S"}, {"161": "S"}, {"161": "S"}, {"161": "S"}, {"161": "S"}, {"161": "S"}, {"161": "S"}, {"161": "S"}, {"161": "S"}, {"161": "S"}, {"161": "S"}, {"161": "S"}, {"89": "N"}, {"89": "W"}, {"89": "W"}, {"89": "W"}, {"89": "W"}, {"89": "W"}, {"89": "W"}, {"89": "W"}, {"89": "W"}, {"89": "N"}, {"89": "N"}, {"89": "W"}, {"89": "W"}, {"89": "N"}, {"89": "N"}, {"89": "W"}, {"89": "N"}, {"89": "W"}, {"89": "W"}, {"89": "W"}, {"89": "W"}, {"89": "W"}, {"89": "W"}, {"89": "W"}, {"89": "W"}, {"89": "W"}, {"89": "W"}, {"89": "S"}, {"89": "S"}, {"89": "S"}, {"89": "S"}, {"89": "S"}, {"89": "S"}, {"45": "N"}, {"45": "W"}, {"45": "W"}, {"45": "W"}, {"45": "W"}, {"45": "W"}, {"45": "W"}, {"45": "N"}, {"45": "W"}, {"45": "W"}, {"45": "W"}, {"45": "N"}, {"45": "W"}, {"45": "W"}, {"45": "W"}, {"45": "W"}, {"45": "W"}, {"45": "W"}, {"33": "S"}, {"33": "W"}, {"33": "W"}, {"33": "W"}, {"33": "W"}, {"33": "W"}, {"33": "W"}, {"33": "W"}, {"33": "W"}, {"33": "W"}, {"33": "S"}, {"64": "N"}, {"64": "N"}, {"64": "N"}, {"64": "N"}, {"64": "W"}, {"64": "N"}, {"64": "N"}, {"64": "N"}, {"64": "N"}, {"64": "N"}, {"64": "N"}, {"64": "N"}, {"64": "N"}, {"64": "N"}, {"64": "N"}, {"64": "N"}, {"64": "N"}, {"64": "N"}, {"64": "N"}, {"64": "E"}, {"64": "E"}, {"64": "E"}, {"64": "E"}, {"64": "N"}, {"64": "E"}, {"64": "E"}, {"64": "E"}, {"64": "E"}, {"64": "E"}, {"64": "E"}, {"64": "E"}, {"64": "E"}, {"64": "S"}, {"226": "N"}, {"226": "W"}, {"226": "N"}, {"226": "W"}, {"226": "W"}, {"226": "W"}, {"226": "W"}, {"226": "W"}, {"226": "W"}, {"226": "N"}, {"226": "W"}, {"226": "N"}, {"226": "N"}, {"226": "W"}, {"226": "W"}, {"226": "W"}, {"226": "W"}, {"226": "S"}, {"23": "N"}, {"23": "N"}, {"23": "W"}, {"23": "W"}, {"23": "W"}, {"23": "W"}, {"23": "W"}, {"23": "W"}, {"23": "W"}, {"23": "W"}, {"23": "W"}, {"23": "W"}, {"23": "S"}, {"36": "W"}, {"36": "S"}, {"36": "S"}, {"36": "S"}, {"36": "S"}, {"36": "W"}, {"36": "W"}, {"36": "S"}, {"36": "S"}, {"36": "S"}, {"36": "S"}, {"36": "S"}, {"36": "S"}, {"36": "S"}, {"36": "W"}, {"36": "S"}, {"36": "S"}, {"36": "W"}, {"36": "S"}, {"36": "S"}, {"36": "S"}, {"36": "S"}, {"36": "S"}, {"36": "S"}, {"36": "S"}, {"36": "S"}, {"36": "S"}, {"36": "E"}, {"36": "E"}, {"36": "N"}, {"11": "W"}, {"11": "N"}, {"11": "W"}, {"11": "W"}, {"11": "W"}, {"11": "W"}, {"11": "N"}, {"11": "N"}, {"11": "W"}, {"11": "N"}, {"11": "N"}, {"11": "N"}, {"11": "N"}, {"11": "W"}, {"11": "N"}, {"11": "N"}, {"11": "N"}, {"11": "N"}, {"11": "N"}, {"11": "N"}, {"11": "N"}, {"11": "E"}, {"13": "N"}, {"13": "N"}, {"13": "W"}, {"13": "W"}, {"13": "W"}, {"13": "W"}, {"13": "W"}, {"13": "W"}, {"13": "N"}, {"13": "W"}, {"13": "N"}, {"13": "N"}, {"13": "W"}, {"13": "W"}, {"13": "W"}, {"13": "W"}, {"13": "W"}, {"13": "W"}, {"13": "W"}, {"13": "W"}, {"13": "W"}, {"13": "W"}, {"13": "W"}, {"13": "W"}, {"13": "S"}, {"13": "S"}, {"13": "S"}, {"13": "S"}, {"13": "S"}, {"179": "W"}, {"179": "W"}, {"179": "W"}, {"179": "W"}, {"179": "W"}, {"179": "S"}, {"179": "S"}, {"179": "W"}, {"179": "W"}, {"179": "S"}, {"179": "S"}, {"179": "W"}, {"179": "S"}, {"179": "S"}, {"179": "S"}, {"179": "S"}, {"179": "S"}, {"7": "W"}, {"7": "W"}, {"7": "S"}, {"7": "S"}, {"7": "S"}, {"7": "S"}, {"7": "S"}, {"7": "S"}, {"7": "S"}, {"7": "S"}, {"7": "S"}, {"7": "W"}, {"7": "W"}, {"7": "S"}, {"7": "S"}, {"7": "S"}, {"7": "S"}, {"7": "S"}, {"7": "S"}, {"7": "S"}, {"7": "W"}, {"7": "W"}, {"7": "S"}, {"7": "S"}, {"7": "S"}, {"7": "S"}, {"7": "S"}, {"7": "S"}, {"7": "S"}, {"7": "E"}, {"7": "E"}, {"178": "W"}, {"178": "W"}, {"178": "W"}, {"178": "W"}, {"178": "W"}, {"178": "S"}, {"178": "S"}, {"178": "S"}, {"178": "S"}, {"178": "S"}, {"178": "S"}, {"178": "S"}, {"178": "S"}, {"178": "S"}, {"178": "S"}, {"178": "W"}, {"178": "S"}, {"178": "W"}, {"178": "W"}, {"178": "S"}, {"178": "W"}, {"178": "W"}, {"178": "W"}, {"178": "W"}, {"178": "N"}, {"79": "W"}, {"79": "W"}, {"79": "W"}, {"79": "N"}, {"79": "N"}, {"79": "N"}, {"79": "N"}, {"79": "N"}, {"79": "N"}, {"79": "N"}, {"79": "N"}, {"79": "W"}, {"79": "W"}, {"79": "N"}, {"79": "N"}, {"79": "N"}, {"79": "N"}, {"79": "N"}, {"79": "N"}, {"79": "N"}, {"79": "N"}, {"79": "N"}, {"79": "N"}, {"79": "N"}, {"79": "N"}, {"79": "N"}, {"79": "E"}, {"79": "E"}, {"103": "S"}, {"103": "E"}, {"103": "E"}, {"103": "E"}, {"103": "E"}, {"103": "E"}, {"103": "E"}, {"103": "S"}, {"103": "S"}, {"103": "S"}, {"103": "S"}, {"103": "S"}, {"103": "S"}, {"103": "S"}, {"103": "E"}, {"103": "E"}, {"103": "E"}, {"103": "N"}, {"103": "E"}, {"103": "E"}, {"103": "E"}, {"103": "E"}, {"103": "E"}, {"103": "E"}, {"103": "E"}, {"103": "E"}, {"103": "N"}, {"103": "E"}, {"103": "E"}, {"103": "N"}, {"103": "E"}, {"103": "N"}, {"103": "N"}, {"103": "W"}, {"103": "N"}, {"103": "N"}, {"20": "N"}, {"20": "E"}, {"20": "E"}, {"20": "E"}, {"20": "E"}, {"20": "E"}, {"20": "E"}, {"20": "E"}, {"20": "E"}, {"20": "E"}, {"20": "E"}, {"20": "E"}, {"20": "E"}, {"20": "E"}, {"20": "N"}, {"20": "N"}, {"20": "E"}, {"20": "E"}, {"20": "N"}, {"20": "E"}, {"20": "N"}, {"20": "N"}, {"20": "E"}, {"20": "N"}, {"20": "E"}, {"20": "E"}, {"20": "E"}, {"20": "E"}, {"20": "E"}, {"20": "E"}, {"20": "E"}, {"20": "E"}, {"20": "E"}, {"20": "S"}, {"20": "S"}, {"20": "E"}, {"20": "S"}, {"20": "S"}, {"20": "S"}, {"20": "S"}, {"20": "W"}, {"20": "S"}, {"97": "E"}, {"97": "N"}, {"97": "N"}, {"97": "N"}, {"97": "N"}, {"97": "N"}, {"97": "N"}, {"97": "E"}, {"97": "E"}, {"97": "E"}, {"97": "E"}, {"97": "E"}, {"97": "N"}, {"41": "S"}, {"41": "S"}, {"41": "S"}, {"41": "S"}, {"41": "S"}, {"41": "S"}, {"41": "S"}, {"41": "W"}, {"41": "S"}, {"41": "W"}, {"41": "W"}, {"41": "S"}, {"41": "S"}, {"41": "S"}, {"41": "S"}, {"41": "S"}, {"41": "S"}, {"41": "S"}, {"41": "S"}, {"41": "E"}, {"41": "E"}, {"34": "S"}, {"34": "S"}, {"34": "E"}, {"34": "E"}, {"34": "E"}, {"34": "E"}, {"34": "E"}, {"34": "S"}, {"34": "S"}, {"34": "E"}, {"34": "E"}, {"34": "E"}, {"34": "S"}, {"34": "S"}, {"34": "E"}, {"34": "E"}, {"34": "E"}, {"34": "N"}, {"34": "E"}, {"34": "E"}, {"34": "E"}, {"34": "E"}, {"34": "E"}, {"34": "N"}, {"34": "E"}, {"206": "W"}, {"206": "N"}, {"206": "W"}, {"206": "W"}, {"206": "W"}, {"206": "W"}, {"206": "W"}, {"206": "W"}, {"206": "W"}, {"206": "W"}, {"206": "W"}, {"206": "W"}, {"206": "W"}, {"84": "N"}, {"84": "N"}, {"84": "N"}, {"84": "N"}, {"84": "N"}, {"84": "E"}, {"84": "E"}, {"84": "E"}, {"84": "E"}, {"84": "E"}, {"84": "E"}, {"84": "E"}, {"84": "N"}, {"84": "E"}, {"84": "N"}, {"84": "E"}, {"84": "N"}, {"84": "N"}, {"84": "N"}, {"84": "N"}, {"84": "N"}, {"84": "E"}, {"84": "N"}, {"84": "N"}, {"84": "W"}, {"84": "N"}, {"84": "N"}, {"187": "E"}, {"187": "S"}, {"187": "S"}, {"187": "S"}, {"187": "S"}, {"187": "S"}, {"187": "S"}, {"187": "S"}, {"187": "S"}, {"187": "S"}, {"187": "S"}, {"187": "S"}, {"187": "S"}, {"187": "S"}, {"187": "W"}, {"187": "S"}, {"187": "S"}, {"187": "S"}, {"67": "N"}, {"67": "N"}, {"67": "N"}, {"67": "N"}, {"67": "W"}, {"67": "W"}, {"67": "W"}, {"67": "W"}, {"67": "W"}, {"67": "W"}, {"67": "W"}, {"67": "N"}, {"67": "N"}, {"67": "N"}, {"67": "N"}, {"67": "N"}, {"67": "N"}, {"67": "N"}, {"67": "N"}, {"67": "N"}, {"67": "N"}, {"67": "N"}, {"67": "N"}, {"67": "N"}, {"67": "N"}, {"67": "E"}, {"67": "E"}, {"67": "E"}, {"67": "E"}, {"67": "N"}, {"67": "E"}, {"67": "E"}, {"67": "E"}, {"67": "S"}, {"239": "S"}, {"239": "W"}, {"239": "S"}, {"239": "W"}, {"239": "W"}, {"239": "W"}, {"239": "W"}, {"239": "W"}, {"239": "W"}, {"239": "W"}, {"239": "W"}, {"239": "W"}, {"239": "W"}, {"239": "W"}, {"239": "N"}, {"191": "N"}, {"191": "W"}, {"191": "W"}, {"191": "W"}, {"191": "W"}, {"191": "W"}, {"191": "W"}, {"191": "W"}, {"191": "W"}, {"191": "W"}, {"191": "W"}, {"191": "W"}, {"191": "N"}, {"191": "N"}, {"191": "N"}, {"191": "N"}, {"216": "N"}, {"216": "E"}, {"216": "N"}, {"216": "N"}, {"216": "N"}, {"216": "N"}, {"216": "E"}, {"216": "E"}, {"216": "E"}, {"216": "N"}, {"216": "N"}, {"216": "N"}, {"216": "E"}, {"216": "E"}, {"216": "E"}, {"216": "E"}, {"216": "E"}, {"216": "E"}, {"216": "E"}, {"216": "N"}, {"216": "E"}, {"216": "E"}, {"216": "E"}, {"216": "E"}, {"216": "S"}, {"10": "N"}, {"10": "N"}, {"10": "N"}, {"10": "N"}, {"10": "N"}, {"10": "N"}, {"10": "N"}, {"10": "N"}, {"10": "N"}, {"10": "N"}, {"10": "N"}, {"10": "N"}, {"10": "N"}, {"10": "N"}, {"10": "N"}, {"10": "N"}, {"10": "N"}, {"10": "N"}, {"10": "N"}, {"10": "N"}, {"10": "E"}, {"10": "E"}, {"10": "E"}, {"10": "E"}, {"10": "E"}, {"10": "N"}, {"10": "E"}, {"10": "E"}, {"10": "E"}, {"10": "E"}, {"10": "E"}, {"10": "E"}, {"10": "E"}, {"10": "E"}, {"10": "E"}, {"10": "S"}, {"224": "E"}, {"224": "N"}, {"224": "N"}, {"224": "N"}, {"224": "N"}, {"224": "N"}, {"224": "N"}, {"224": "N"}, {"224": "N"}, {"224": "N"}, {"224": "E"}, {"224": "E"}, {"224": "E"}, {"224": "E"}, {"224": "E"}, {"224": "E"}, {"186": "S"}, {"186": "E"}, {"186": "E"}, {"186": "E"}, {"186": "S"}, {"186": "S"}, {"186": "S"}, {"186": "E"}, {"186": "E"}, {"186": "E"}, {"186": "E"}, {"186": "E"}, {"186": "S"}, {"186": "S"}, {"186": "S"}, {"186": "E"}, {"186": "E"}, {"186": "E"}, {"186": "S"}, {"186": "E"}, {"186": "E"}, {"186": "E"}, {"186": "E"}, {"186": "N"}, {"31": "W"}, {"31": "N"}, {"31": "W"}, {"31": "W"}, {"31": "W"}, {"31": "W"}, {"31": "W"}, {"31": "W"}, {"31": "W"}, {"31": "N"}, {"31": "N"}, {"31": "N"}, {"31": "N"}, {"31": "W"}, {"31": "N"}, {"31": "N"}, {"31": "W"}, {"31": "W"}, {"31": "W"}, {"31": "W"}, {"31": "W"}, {"31": "W"}, {"31": "W"}, {"31": "W"}, {"31": "W"}, {"31": "W"}, {"31": "W"}, {"31": "W"}, {"31": "W"}, {"31": "S"}, {"31": "S"}, {"31": "S"}, {"31": "S"}, {"31": "W"}, {"31": "S"}, {"31": "S"}, {"31": "E"}, {"214": "N"}, {"214": "E"}, {"214": "E"}, {"214": "N"}, {"214": "N"}, {"214": "N"}, {"214": "N"}, {"214": "N"}, {"214": "N"}, {"214": "E"}, {"214": "E"}, {"214": "E"}, {"214": "E"}, {"1": "W"}, {"1": "W"}, {"1": "W"}, {"1": "S"}, {"1": "S"}, {"1": "W"}, {"1": "W"}, {"1": "W"}, {"1": "W"}, {"1": "W"}, {"1": "W"}, {"1": "W"}, {"1": "W"}, {"1": "S"}, {"1": "S"}, {"1": "S"}, {"1": "S"}, {"1": "W"}, {"1": "S"}, {"1": "S"}, {"1": "S"}, {"1": "S"}, {"1": "S"}, {"1": "S"}, {"1": "S"}, {"1": "S"}, {"1": "S"}, {"1": "E"}, {"181": "E"}, {"181": "N"}, {"181": "N"}, {"181": "N"}, {"181": "N"}, {"181": "N"}, {"181": "N"}, {"181": "N"}, {"181": "N"}, {"181": "N"}, {"181": "N"}, {"181": "E"}, {"181": "E"}, {"181": "N"}, {"181": "E"}, {"181": "N"}, {"181": "E"}, {"181": "N"}, {"181": "E"}, {"181": "N"}, {"58": "S"}, {"58": "E"}, {"58": "E"}, {"58": "E"}, {"58": "E"}, {"58": "E"}, {"58": "S"}, {"58": "E"}, {"58": "E"}, {"58": "E"}, {"58": "E"}, {"58": "E"}, {"58": "E"}, {"58": "E"}, {"58": "E"}, {"58": "E"}, {"58": "E"}, {"58": "E"}, {"58": "N"}, {"58": "E"}, {"58": "N"}, {"58": "E"}, {"58": "N"}, {"58": "E"}, {"58": "E"}, {"58": "N"}, {"58": "N"}, {"58": "N"}, {"58": "N"}, {"58": "N"}, {"58": "N"}, {"58": "N"}, {"58": "W"}, {"56": "S"}, {"56": "E"}, {"56": "S"}, {"56": "S"}, {"56": "S"}, {"56": "E"}, {"56": "E"}, {"56": "E"}, {"56": "E"}, {"56": "E"}, {"56": "E"}, {"56": "E"}, {"56": "E"}, {"56": "E"}, {"56": "E"}, {"56": "E"}, {"56": "S"}, {"56": "S"}, {"56": "E"}, {"56": "E"}, {"56": "E"}, {"56": "E"}, {"109": "E"}, {"109": "N"}, {"109": "N"}, {"109": "N"}, {"109": "W"}, {"109": "W"}, {"109": "W"}, {"109": "W"}, {"109": "N"}, {"109": "N"}, {"109": "N"}, {"109": "N"}, {"109": "N"}, {"109": "W"}, {"109": "W"}, {"109": "W"}, {"109": "W"}, {"109": "W"}, {"109": "N"}, {"109": "N"}, {"109": "N"}, {"109": "N"}, {"109": "N"}, {"109": "N"}, {"109": "N"}, {"109": "N"}, {"109": "N"}, {"109": "N"}, {"109": "N"}, {"109": "N"}, {"109": "N"}, {"109": "N"}, {"109": "N"}, {"109": "E"}, {"109": "E"}, {"109": "E"}, {"109": "E"}, {"109": "E"}, {"4": "N"}, {"4": "N"}, {"4": "E"}, {"4": "E"}, {"4": "E"}, {"4": "E"}, {"4": "E"}, {"4": "E"}, {"4": "E"}, {"4": "E"}, {"4": "E"}, {"4": "E"}, {"4": "E"}, {"4": "E"}, {"4": "S"}, {"4": "E"}, {"4": "E"}, {"4": "E"}, {"4": "E"}, {"4": "E"}, {"4": "E"}, {"4": "E"}, {"4": "E"}, {"4": "S"}, {"4": "S"}, {"4": "E"}, {"4": "S"}, {"4": "S"}, {"4": "S"}, {"4": "S"}, {"4": "S"}, {"4": "S"}, {"4": "S"}, {"4": "S"}, {"4": "S"}, {"4": "S"}, {"61": "W"}, {"61": "S"}, {"61": "S"}, {"61": "S"}, {"61": "S"}, {"61": "W"}, {"61": "S"}, {"61": "W"}, {"61": "W"}, {"61": "W"}, {"61": "W"}, {"61": "W"}, {"61": "S"}, {"61": "S"}, {"61": "S"}, {"61": "S"}, {"61": "W"}, {"61": "S"}, {"61": "S"}, {"61": "S"}, {"61": "S"}, {"61": "S"}, {"61": "S"}, {"61": "S"}, {"61": "S"}, {"61": "S"}, {"61": "S"}, {"61": "S"}, {"61": "S"}, {"61": "S"}, {"61": "S"}, {"61": "E"}, {"110": "W"}, {"110": "S"}, {"110": "S"}, {"110": "S"}, {"110": "S"}, {"110": "S"}, {"110": "S"}, {"110": "W"}, {"110": "S"}, {"110": "S"}, {"110": "S"}, {"110": "S"}, {"75": "S"}, {"75": "S"}, {"75": "W"}, {"75": "W"}, {"75": "W"}, {"75": "W"}, {"75": "S"}, {"75": "S"}, {"75": "S"}, {"75": "S"}, {"75": "W"}, {"75": "W"}, {"75": "S"}, {"75": "S"}, {"75": "S"}, {"75": "S"}, {"75": "S"}, {"75": "S"}, {"75": "S"}, {"75": "S"}, {"75": "S"}, {"75": "S"}, {"75": "S"}, {"75": "S"}, {"75": "S"}, {"75": "S"}, {"75": "S"}, {"75": "E"}, {"75": "E"}, {"75": "N"}, {"223": "W"}, {"223": "W"}, {"223": "W"}, {"223": "W"}, {"223": "W"}, {"223": "W"}, {"223": "W"}, {"223": "W"}, {"223": "W"}, {"223": "W"}, {"223": "W"}, {"223": "W"}, {"223": "W"}, {"223": "W"}, {"223": "W"}, {"223": "W"}, {"223": "W"}, {"223": "W"}, {"223": "W"}, {"223": "S"}, {"223": "S"}, {"223": "S"}, {"223": "S"}, {"223": "S"}, {"223": "S"}, {"223": "S"}, {"223": "S"}, {"223": "S"}, {"223": "S"}, {"223": "S"}, {"223": "S"}, {"223": "S"}, {"223": "S"}, {"223": "S"}, {"73": "W"}, {"73": "W"}, {"73": "W"}, {"73": "W"}, {"73": "W"}, {"73": "S"}, {"73": "S"}, {"73": "S"}, {"73": "S"}, {"73": "S"}, {"73": "S"}, {"73": "S"}, {"73": "S"}, {"73": "S"}, {"73": "S"}, {"73": "S"}, {"73": "W"}, {"73": "S"}, {"73": "S"}, {"73": "S"}, {"73": "S"}, {"73": "S"}, {"73": "S"}, {"73": "S"}, {"73": "S"}, {"220": "E"}, {"220": "S"}, {"220": "S"}, {"220": "S"}, {"220": "S"}, {"220": "S"}, {"220": "S"}, {"220": "S"}, {"220": "S"}, {"220": "S"}, {"220": "S"}, {"220": "E"}, {"220": "E"}, {"220": "E"}, {"220": "E"}, {"220": "E"}, {"220": "E"}, {"220": "E"}, {"220": "S"}, {"220": "S"}, {"220": "E"}, {"220": "S"}, {"220": "S"}, {"220": "S"}, {"220": "S"}, {"54": "S"}, {"54": "E"}, {"54": "E"}, {"54": "S"}, {"54": "E"}, {"54": "E"}, {"54": "S"}, {"54": "S"}, {"54": "S"}, {"54": "S"}, {"54": "S"}, {"54": "S"}, {"54": "E"}, {"54": "S"}, {"54": "E"}, {"54": "E"}, {"54": "E"}, {"54": "N"}, {"54": "E"}, {"54": "E"}, {"54": "E"}, {"54": "E"}, {"54": "E"}, {"54": "E"}, {"54": "E"}, {"54": "E"}, {"54": "N"}, {"54": "E"}, {"54": "N"}, {"54": "E"}, {"54": "E"}, {"54": "E"}, {"54": "E"}, {"54": "N"}, {"54": "N"}, {"54": "W"}, {"54": "N"}, {"54": "N"}, {"39": "S"}, {"39": "E"}, {"39": "E"}, {"39": "S"}, {"39": "S"}, {"39": "S"}, {"39": "E"}, {"39": "E"}, {"39": "E"}, {"39": "E"}, {"39": "E"}, {"39": "E"}, {"39": "E"}, {"39": "E"}, {"39": "E"}, {"39": "E"}, {"39": "E"}, {"39": "E"}, {"39": "E"}, {"39": "S"}, {"39": "S"}, {"39": "E"}, {"39": "E"}, {"39": "S"}, {"39": "S"}, {"39": "E"}, {"39": "S"}, {"39": "E"}, {"39": "E"}, {"39": "E"}, {"39": "N"}, {"39": "E"}, {"39": "E"}, {"39": "E"}, {"39": "E"}, {"39": "E"}, {"39": "E"}, {"39": "E"}, {"39": "E"}, {"39": "N"}, {"39": "E"}, {"39": "N"}, {"39": "E"}, {"39": "E"}, {"39": "E"}, {"145": "N"}, {"145": "N"}, {"145": "N"}, {"145": "N"}, {"145": "N"}, {"145": "E"}, {"145": "E"}, {"145": "E"}, {"145": "E"}, {"145": "E"}, {"145": "E"}, {"145": "E"}, {"145": "E"}, {"145": "E"}, {"145": "E"}, {"145": "E"}, {"145": "E"}, {"145": "E"}, {"145": "N"}, {"145": "N"}, {"145": "E"}, {"145": "E"}, {"145": "E"}, {"145": "E"}, {"145": "E"}, {"145": "E"}, {"201": "N"}, {"201": "N"}, {"201": "N"}, {"201": "N"}, {"201": "N"}, {"201": "E"}, {"201": "E"}, {"201": "E"}, {"201": "E"}, {"201": "E"}, {"201": "E"}, {"201": "E"}, {"201": "E"}, {"201": "E"}, {"201": "N"}, {"201": "N"}, {"201": "E"}, {"201": "E"}, {"201": "E"}, {"201": "E"}, {"201": "E"}, {"201": "N"}, {"201": "E"}, {"201": "E"}, {"201": "E"}, {"201": "E"}, {"201": "E"}, {"201": "S"}, {"201": "E"}, {"201": "E"}, {"99": "W"}, {"99": "W"}, {"99": "W"}, {"99": "S"}, {"99": "S"}, {"99": "S"}, {"99": "W"}, {"99": "W"}, {"99": "W"}, {"99": "W"}, {"99": "W"}, {"99": "S"}, {"99": "W"}, {"99": "W"}, {"99": "W"}, {"99": "W"}, {"99": "W"}, {"99": "W"}, {"99": "W"}, {"99": "W"}, {"99": "S"}, {"99": "W"}, {"99": "W"}, {"99": "W"}, {"99": "N"}, {"99": "W"}, {"99": "N"}, {"99": "N"}, {"99": "N"}, {"99": "N"}, {"99": "N"}, {"99": "N"}, {"99": "N"}, {"99": "E"}, {"229": "N"}, {"229": "N"}, {"229": "N"}, {"229": "N"}, {"229": "E"}, {"229": "E"}, {"229": "N"}, {"229": "N"}, {"229": "N"}, {"229": "N"}, {"229": "E"}, {"229": "E"}, {"229": "E"}, {"229": "N"}, {"229": "E"}, {"229": "E"}, {"229": "E"}, {"83": "S"}, {"83": "S"}, {"83": "S"}, {"83": "E"}, {"83": "E"}, {"83": "E"}, {"83": "E"}, {"83": "E"}, {"83": "E"}, {"83": "E"}, {"83": "E"}, {"83": "E"}, {"83": "E"}, {"83": "S"}, {"83": "E"}, {"83": "E"}, {"83": "E"}, {"83": "E"}, {"83": "S"}, {"83": "S"}, {"83": "E"}, {"83": "S"}, {"83": "S"}, {"83": "S"}, {"83": "E"}, {"83": "S"}, {"83": "S"}, {"83": "S"}, {"83": "S"}, {"83": "S"}, {"83": "S"}, {"83": "S"}, {"83": "S"}, {"83": "S"}, {"83": "W"}, {"83": "W"}, {"156": "S"}, {"156": "S"}, {"156": "S"}, {"156": "S"}, {"156": "S"}, {"156": "E"}, {"156": "E"}, {"156": "E"}, {"156": "E"}, {"156": "E"}, {"156": "E"}, {"156": "E"}, {"156": "E"}, {"156": "E"}, {"156": "E"}, {"156": "E"}, {"156": "E"}, {"156": "E"}, {"156": "E"}, {"156": "S"}, {"156": "E"}, {"156": "S"}, {"156": "E"}, {"156": "E"}, {"156": "E"}, {"156": "N"}, {"156": "E"}, {"156": "E"}, {"156": "N"}, {"156": "E"}, {"199": "W"}, {"199": "W"}, {"199": "W"}, {"199": "W"}, {"199": "N"}, {"199": "N"}, {"199": "N"}, {"199": "N"}, {"199": "W"}, {"199": "N"}, {"199": "N"}, {"199": "N"}, {"199": "N"}, {"101": "N"}, {"101": "N"}, {"101": "N"}, {"101": "N"}, {"101": "N"}, {"101": "N"}, {"101": "N"}, {"101": "N"}, {"101": "E"}, {"101": "E"}, {"101": "E"}, {"101": "E"}, {"101": "E"}, {"101": "E"}, {"101": "E"}, {"101": "E"}, {"101": "N"}, {"101": "E"}, {"101": "N"}, {"101": "N"}, {"101": "N"}, {"101": "N"}, {"101": "N"}, {"101": "N"}, {"101": "W"}, {"77": "N"}, {"77": "N"}, {"77": "N"}, {"77": "N"}, {"77": "E"}, {"77": "E"}, {"77": "N"}, {"77": "E"}, {"77": "E"}, {"77": "E"}, {"77": "E"}, {"77": "E"}, {"77": "E"}, {"77": "E"}, {"77": "E"}, {"77": "E"}, {"77": "E"}, {"77": "E"}, {"77": "E"}, {"77": "N"}, {"77": "E"}, {"77": "N"}, {"77": "N"}, {"77": "N"}, {"77": "N"}, {"77": "N"}, {"77": "N"}, {"77": "N"}, {"77": "N"}, {"77": "N"}, {"77": "W"}, {"151": "W"}, {"151": "S"}, {"151": "S"}, {"151": "W"}, {"151": "W"}, {"151": "W"}, {"151": "W"}, {"151": "W"}, {"151": "W"}, {"151": "W"}, {"151": "S"}, {"151": "S"}, {"151": "S"}, {"151": "S"}, {"151": "S"}, {"151": "W"}, {"151": "S"}, {"51": "W"}, {"51": "N"}, {"51": "N"}, {"51": "N"}, {"51": "N"}, {"51": "N"}, {"123": "W"}, {"123": "W"}, {"123": "S"}, {"123": "S"}, {"123": "S"}, {"123": "S"}, {"123": "S"}, {"123": "S"}, {"123": "S"}, {"123": "S"}, {"123": "S"}, {"123": "S"}, {"123": "S"}, {"123": "S"}, {"123": "S"}, {"182": "W"}, {"182": "N"}, {"182": "N"}, {"182": "N"}, {"182": "N"}, {"182": "N"}, {"182": "E"}, {"182": "E"}, {"182": "E"}, {"127": "W"}, {"127": "W"}, {"127": "S"}, {"127": "S"}, {"127": "W"}, {"127": "W"}, {"127": "W"}, {"127": "W"}, {"127": "S"}, {"127": "S"}, {"127": "S"}, {"127": "S"}, {"127": "S"}, {"127": "S"}, {"127": "S"}, {"127": "S"}, {"127": "S"}, {"127": "S"}, {"127": "W"}, {"127": "W"}, {"127": "W"}, {"127": "W"}, {"127": "W"}, {"127": "W"}, {"127": "W"}, {"127": "W"}, {"127": "W"}, {"127": "W"}, {"127": "W"}, {"127": "N"}, {"233": "N"}, {"233": "W"}, {"233": "W"}, {"233": "W"}, {"233": "W"}, {"233": "W"}, {"233": "S"}, {"233": "S"}, {"233": "S"}, {"233": "S"}, {"233": "S"}, {"233": "W"}, {"50": "W"}, {"50": "N"}, {"50": "W"}, {"50": "W"}, {"50": "W"}, {"50": "W"}, {"50": "W"}, {"50": "W"}, {"50": "W"}, {"50": "W"}, {"50": "W"}, {"50": "N"}, {"50": "N"}, {"50": "N"}, {"50": "W"}, {"50": "N"}, {"50": "N"}, {"50": "N"}, {"50": "N"}, {"50": "N"}, {"50": "N"}, {"50": "N"}, {"50": "N"}, {"50": "N"}, {"50": "E"}, {"198": "N"}, {"198": "W"}, {"198": "W"}, {"198": "W"}, {"198": "W"}, {"198": "W"}, {"198": "N"}, {"198": "N"}, {"198": "N"}, {"198": "N"}, {"198": "N"}, {"198": "N"}, {"198": "N"}, {"198": "N"}, {"198": "W"}, {"198": "N"}, {"198": "N"}, {"198": "W"}, {"198": "N"}, {"198": "N"}, {"198": "W"}, {"198": "W"}, {"198": "W"}, {"198": "W"}, {"198": "N"}, {"198": "W"}, {"198": "W"}, {"198": "W"}, {"198": "S"}, {"100": "W"}, {"100": "W"}, {"100": "W"}, {"100": "W"}, {"100": "W"}, {"100": "S"}, {"100": "S"}, {"100": "S"}, {"100": "S"}, {"100": "S"}, {"100": "W"}, {"100": "S"}, {"100": "S"}, {"100": "S"}, {"100": "S"}, {"100": "S"}, {"100": "S"}, {"100": "W"}, {"100": "S"}, {"100": "S"}, {"100": "S"}, {"100": "S"}, {"100": "S"}, {"100": "S"}, {"100": "S"}, {"100": "S"}, {"100": "S"}, {"100": "E"}, {"137": "S"}, {"137": "W"}, {"137": "W"}, {"137": "W"}, {"137": "W"}, {"137": "S"}, {"137": "W"}, {"137": "W"}, {"137": "W"}, {"137": "W"}, {"137": "W"}, {"137": "W"}, {"137": "W"}, {"137": "W"}, {"137": "W"}, {"137": "W"}, {"137": "W"}, {"137": "W"}, {"137": "W"}, {"137": "W"}, {"137": "W"}, {"137": "W"}, {"137": "N"}, {"137": "W"}, {"137": "N"}, {"137": "N"}, {"137": "N"}, {"137": "N"}, {"137": "N"}, {"137": "N"}, {"137": "N"}, {"137": "N"}, {"137": "N"}, {"137": "N"}, {"137": "N"}, {"137": "N"}, {"137": "N"}, {"137": "E"}, {"65": "S"}, {"65": "S"}, {"65": "E"}, {"65": "E"}, {"65": "E"}, {"65": "E"}, {"65": "E"}, {"65": "E"}, {"65": "E"}, {"65": "E"}, {"65": "E"}, {"65": "E"}, {"65": "S"}, {"65": "S"}, {"65": "E"}, {"65": "E"}, {"65": "E"}, {"166": "W"}, {"166": "W"}, {"166": "W"}, {"166": "W"}, {"166": "W"}, {"166": "N"}, {"166": "N"}, {"166": "N"}, {"166": "N"}, {"166": "N"}, {"166": "N"}, {"166": "N"}, {"166": "W"}, {"166": "N"}, {"166": "N"}, {"166": "W"}, {"166": "N"}, {"166": "N"}, {"166": "W"}, {"213": "E"}, {"213": "S"}, {"213": "S"}, {"213": "S"}, {"213": "S"}, {"213": "S"}, {"213": "S"}, {"213": "S"}, {"213": "S"}, {"213": "S"}, {"213": "S"}, {"213": "S"}, {"213": "E"}, {"213": "E"}, {"213": "E"}, {"213": "E"}, {"213": "E"}, {"213": "S"}, {"213": "S"}, {"213": "S"}, {"213": "E"}, {"213": "S"}, {"213": "S"}, {"213": "E"}, {"213": "S"}, {"213": "S"}, {"213": "S"}, {"213": "S"}, {"213": "S"}, {"213": "S"}, {"213": "S"}, {"213": "S"}, {"213": "S"}, {"213": "S"}, {"213": "S"}, {"213": "S"}, {"213": "W"}, {"213": "W"}, {"213": "W"}, {"213": "W"}, {"213": "W"}, {"213": "N"}, {"62": "N"}, {"62": "N"}, {"62": "N"}, {"62": "N"}, {"62": "N"}, {"62": "E"}, {"62": "E"}, {"62": "E"}, {"62": "E"}, {"62": "E"}, {"62": "E"}, {"62": "E"}, {"62": "E"}, {"62": "E"}, {"62": "N"}, {"62": "E"}, {"62": "E"}, {"62": "N"}, {"62": "N"}, {"62": "E"}, {"62": "E"}, {"62": "E"}, {"62": "N"}, {"62": "N"}, {"62": "E"}, {"62": "E"}, {"62": "E"}, {"62": "E"}, {"62": "E"}, {"62": "E"}, {"62": "E"}, {"62": "E"}, {"62": "E"}, {"62": "E"}, {"62": "E"}, {"62": "E"}, {"62": "S"}, {"62": "S"}, {"62": "S"}, {"62": "E"}, {"62": "S"}, {"128": "S"}, {"128": "W"}, {"128": "W"}, {"128": "W"}, {"128": "W"}, {"128": "W"}, {"128": "W"}, {"128": "W"}, {"128": "W"}, {"128": "W"}, {"128": "S"}, {"128": "S"}, {"128": "S"}, {"128": "S"}, {"128": "W"}, {"219": "E"}, {"219": "S"}, {"219": "S"}, {"219": "S"}, {"219": "S"}, {"219": "S"}, {"219": "S"}, {"219": "S"}, {"219": "E"}, {"219": "E"}, {"219": "E"}, {"219": "E"}, {"219": "E"}, {"219": "E"}, {"219": "E"}, {"219": "S"}, {"219": "S"}, {"219": "S"}, {"219": "E"}, {"219": "E"}, {"219": "S"}, {"219": "S"}, {"219": "S"}, {"219": "S"}, {"219": "S"}, {"219": "S"}, {"219": "S"}, {"219": "S"}, {"219": "S"}, {"219": "S"}, {"219": "S"}, {"219": "S"}, {"219": "S"}, {"219": "S"}, {"219": "W"}, {"219": "W"}, {"219": "W"}, {"219": "W"}, {"219": "W"}, {"219": "W"}, {"219": "N"}, {"90": "S"}, {"90": "S"}, {"90": "S"}, {"90": "S"}, {"90": "S"}, {"90": "S"}, {"90": "S"}, {"90": "S"}, {"90": "S"}, {"90": "S"}, {"90": "S"}, {"90": "E"}, {"90": "E"}, {"90": "E"}, {"90": "E"}, {"112": "S"}, {"112": "S"}, {"112": "S"}, {"112": "E"}, {"112": "E"}, {"218": "W"}, {"218": "W"}, {"218": "W"}, {"218": "W"}, {"218": "W"}, {"218": "W"}, {"218": "W"}, {"218": "W"}, {"218": "W"}, {"218": "W"}, {"218": "W"}, {"218": "W"}, {"218": "N"}, {"218": "N"}, {"218": "N"}, {"218": "N"}, {"218": "N"}, {"218": "W"}, {"218": "N"}, {"218": "N"}, {"218": "N"}, {"218": "N"}, {"218": "N"}, {"218": "N"}, {"218": "N"}, {"218": "N"}, {"218": "N"}, {"218": "N"}, {"218": "N"}, {"218": "E"}, {"16": "S"}, {"16": "S"}, {"16": "E"}, {"16": "E"}, {"16": "E"}, {"16": "E"}, {"16": "E"}, {"16": "E"}, {"16": "E"}, {"16": "E"}, {"16": "E"}, {"16": "E"}, {"16": "E"}, {"16": "E"}, {"16": "E"}, {"16": "E"}, {"16": "E"}, {"16": "E"}, {"16": "E"}, {"16": "E"}, {"16": "S"}, {"16": "S"}, {"16": "S"}, {"16": "S"}, {"16": "E"}, {"16": "S"}, {"16": "S"}, {"16": "S"}, {"16": "S"}, {"16": "S"}, {"16": "S"}, {"16": "S"}, {"16": "S"}, {"16": "S"}, {"16": "S"}, {"16": "S"}, {"172": "E"}, {"172": "E"}, {"172": "S"}, {"172": "S"}, {"172": "E"}, {"172": "E"}, {"172": "S"}, {"172": "E"}, {"172": "E"}, {"172": "E"}, {"172": "E"}, {"172": "E"}, {"172": "E"}, {"172": "E"}, {"172": "E"}, {"172": "E"}, {"172": "E"}, {"172": "E"}, {"172": "E"}, {"172": "E"}, {"172": "E"}, {"172": "E"}, {"172": "E"}, {"172": "N"}, {"172": "N"}, {"172": "E"}, {"172": "N"}, {"172": "N"}, {"172": "W"}, {"172": "N"}, {"172": "N"}, {"172": "N"}, {"172": "N"}, {"172": "N"}, {"172": "N"}, {"208": "N"}, {"208": "W"}, {"208": "W"}, {"208": "W"}, {"208": "W"}, {"208": "N"}, {"208": "W"}, {"208": "W"}, {"208": "W"}, {"208": "W"}, {"208": "N"}, {"208": "W"}, {"208": "N"}, {"208": "N"}, {"208": "N"}, {"208": "N"}, {"208": "W"}, {"208": "W"}, {"208": "W"}, {"208": "W"}, {"208": "W"}, {"208": "W"}, {"208": "W"}, {"208": "W"}, {"208": "W"}, {"208": "W"}, {"208": "S"}, {"138": "S"}, {"138": "S"}, {"138": "S"}, {"138": "S"}, {"138": "S"}, {"138": "E"}, {"138": "E"}, {"138": "E"}, {"138": "E"}, {"138": "E"}, {"12": "S"}, {"12": "S"}, {"12": "S"}, {"12": "S"}, {"12": "S"}, {"12": "S"}, {"12": "S"}, {"12": "S"}, {"12": "S"}, {"12": "E"}, {"12": "E"}, {"12": "E"}, {"12": "E"}, {"12": "E"}, {"12": "E"}, {"12": "E"}, {"188": "W"}, {"188": "W"}, {"188": "N"}, {"188": "N"}, {"188": "N"}, {"188": "N"}, {"188": "N"}, {"188": "W"}, {"188": "N"}, {"188": "N"}, {"188": "N"}, {"188": "W"}, {"188": "N"}, {"188": "N"}, {"188": "N"}, {"188": "N"}, {"188": "W"}, {"188": "W"}, {"188": "W"}, {"188": "W"}, {"188": "W"}, {"188": "W"}, {"188": "W"}, {"188": "W"}, {"188": "W"}, {"188": "W"}, {"188": "W"}, {"188": "W"}, {"188": "W"}, {"188": "W"}, {"188": "W"}, {"188": "W"}, {"188": "S"}, {"188": "S"}, {"188": "S"}, {"19": "W"}, {"19": "W"}, {"19": "W"}, {"19": "N"}, {"19": "N"}, {"19": "W"}, {"19": "N"}, {"19": "N"}, {"19": "N"}, {"19": "N"}, {"19": "W"}, {"19": "W"}, {"19": "W"}, {"19": "W"}, {"19": "S"}, {"135": "S"}, {"135": "E"}, {"135": "S"}, {"135": "S"}, {"135": "S"}, {"135": "S"}, {"135": "S"}, {"135": "E"}, {"135": "E"}, {"135": "E"}, {"135": "E"}, {"135": "E"}, {"135": "E"}, {"135": "E"}, {"135": "E"}, {"135": "E"}, {"135": "E"}, {"135": "E"}, {"135": "S"}, {"135": "S"}, {"135": "S"}, {"135": "E"}, {"160": "N"}, {"160": "E"}, {"160": "N"}, {"160": "N"}, {"160": "N"}, {"160": "N"}, {"160": "N"}, {"160": "N"}, {"160": "N"}, {"160": "N"}, {"160": "N"}, {"160": "E"}, {"160": "E"}, {"160": "E"}, {"160": "E"}, {"160": "E"}, {"160": "E"}, {"160": "E"}, {"160": "E"}, {"160": "E"}, {"160": "E"}, {"160": "E"}, {"160": "E"}, {"160": "E"}, {"160": "N"}, {"160": "E"}, {"160": "E"}, {"160": "S"}, {"160": "E"}, {"160": "E"}, {"160": "E"}, {"176": "W"}, {"176": "S"}, {"176": "W"}, {"176": "W"}, {"176": "W"}, {"176": "W"}, {"176": "S"}, {"176": "S"}, {"176": "S"}, {"176": "S"}, {"176": "S"}, {"176": "W"}, {"176": "S"}, {"176": "S"}, {"176": "W"}, {"176": "W"}, {"176": "W"}, {"176": "W"}, {"176": "W"}, {"176": "W"}, {"176": "W"}, {"176": "W"}, {"176": "W"}, {"176": "W"}, {"176": "W"}, {"176": "W"}, {"176": "W"}, {"176": "W"}, {"176": "W"}, {"176": "W"}, {"176": "N"}, {"176": "W"}, {"176": "W"}, {"176": "N"}, {"176": "N"}, {"176": "E"}, {"180": "W"}, {"180": "W"}, {"180": "W"}, {"180": "W"}, {"180": "S"}, {"180": "S"}, {"180": "S"}, {"180": "S"}, {"180": "S"}, {"180": "W"}, {"180": "S"}, {"180": "S"}, {"180": "S"}, {"117": "N"}, {"117": "N"}, {"117": "N"}, {"117": "N"}, {"117": "N"}, {"117": "N"}, {"117": "W"}, {"117": "N"}, {"117": "W"}, {"117": "W"}, {"117": "N"}, {"117": "N"}, {"117": "N"}, {"117": "N"}, {"117": "N"}, {"117": "N"}, {"117": "N"}, {"117": "N"}, {"117": "N"}, {"117": "N"}, {"117": "N"}, {"117": "N"}, {"117": "N"}, {"117": "N"}, {"117": "N"}, {"117": "N"}, {"117": "E"}, {"117": "E"}, {"117": "E"}, {"117": "E"}, {"117": "N"}, {"117": "E"}, {"117": "E"}, {"117": "E"}, {"117": "E"}, {"117": "E"}, {"117": "E"}, {"117": "E"}, {"117": "E"}, {"117": "E"}, {"117": "E"}, {"117": "S"}, {"152": "N"}, {"152": "E"}, {"152": "N"}, {"152": "N"}, {"152": "N"}, {"152": "N"}, {"152": "N"}, {"152": "N"}, {"152": "N"}, {"152": "N"}, {"152": "N"}, {"152": "E"}, {"152": "E"}, {"152": "E"}, {"152": "E"}, {"152": "E"}, {"152": "E"}, {"152": "E"}, {"152": "E"}, {"152": "E"}, {"152": "E"}, {"152": "E"}, {"152": "E"}, {"152": "E"}, {"152": "E"}, {"152": "E"}, {"152": "E"}, {"152": "E"}, {"152": "E"}, {"152": "N"}, {"152": "E"}, {"152": "E"}, {"152": "E"}, {"152": "E"}, {"152": "S"}, {"190": "S"}, {"190": "W"}, {"190": "W"}, {"190": "W"}, {"190": "W"}, {"190": "W"}, {"190": "W"}, {"190": "S"}, {"190": "W"}, {"189": "W"}, {"189": "W"}, {"189": "S"}, {"189": "W"}, {"189": "S"}, {"189": "S"}, {"189": "W"}, {"189": "W"}, {"189": "W"}, {"189": "W"}, {"189": "W"}, {"189": "W"}, {"189": "W"}, {"189": "W"}, {"189": "W"}, {"189": "W"}, {"189": "W"}, {"189": "W"}, {"189": "W"}, {"189": "W"}, {"189": "W"}, {"189": "W"}, {"189": "N"}, {"189": "W"}, {"189": "W"}, {"189": "N"}, {"189": "N"}, {"189": "N"}, {"189": "N"}, {"189": "N"}, {"189": "N"}, {"189": "N"}, {"189": "N"}, {"189": "E"}, {"215": "W"}, {"215": "W"}, {"215": "W"}, {"215": "W"}, {"215": "W"}, {"215": "W"}, {"215": "W"}, {"215": "W"}, {"215": "W"}, {"215": "W"}, {"215": "W"}, {"215": "W"}, {"215": "W"}, {"215": "N"}, {"215": "N"}, {"215": "N"}, {"215": "N"}, {"129": "N"}, {"129": "N"}, {"129": "N"}, {"129": "N"}, {"129": "N"}, {"129": "E"}, {"129": "E"}, {"129": "E"}, {"129": "E"}, {"129": "E"}, {"129": "E"}, {"129": "E"}, {"129": "E"}, {"129": "N"}, {"129": "E"}, {"129": "E"}, {"18": "E"}, {"18": "E"}, {"18": "S"}, {"18": "S"}, {"18": "S"}, {"18": "S"}, {"18": "S"}, {"18": "S"}, {"18": "E"}, {"18": "E"}, {"18": "E"}, {"18": "E"}, {"18": "E"}, {"18": "E"}, {"18": "E"}, {"18": "E"}, {"18": "S"}, {"18": "S"}, {"18": "S"}, {"18": "S"}, {"18": "E"}, {"18": "S"}, {"18": "S"}, {"18": "S"}, {"18": "E"}, {"18": "S"}, {"18": "S"}, {"18": "S"}, {"18": "W"}, {"18": "S"}, {"71": "S"}, {"71": "S"}, {"71": "S"}, {"71": "S"}, {"71": "S"}, {"71": "S"}, {"71": "S"}, {"71": "E"}, {"71": "E"}, {"71": "E"}, {"71": "E"}, {"71": "E"}, {"71": "E"}, {"71": "E"}, {"71": "S"}, {"71": "E"}, {"71": "E"}, {"71": "E"}, {"71": "S"}, {"174": "W"}, {"174": "W"}, {"174": "W"}, {"174": "S"}, {"174": "S"}, {"174": "S"}, {"174": "S"}, {"174": "W"}, {"174": "S"}, {"174": "S"}, {"174": "W"}, {"174": "W"}, {"174": "W"}, {"174": "W"}, {"174": "W"}, {"174": "W"}, {"174": "W"}, {"174": "W"}, {"174": "W"}, {"174": "W"}, {"174": "W"}, {"174": "W"}, {"174": "W"}, {"174": "W"}, {"174": "S"}, {"174": "W"}, {"174": "W"}, {"174": "W"}, {"174": "W"}, {"174": "N"}, {"174": "N"}, {"174": "N"}, {"174": "N"}, {"174": "N"}, {"174": "N"}, {"174": "N"}, {"174": "E"}, {"29": "W"}, {"29": "S"}, {"29": "S"}, {"29": "S"}, {"29": "S"}, {"29": "E"}, {"29": "E"}, {"29": "E"}, {"29": "E"}, {"29": "E"}, {"29": "E"}, {"29": "E"}, {"29": "E"}, {"29": "E"}, {"29": "E"}, {"29": "E"}, {"29": "E"}, {"29": "E"}, {"29": "E"}, {"29": "S"}, {"29": "S"}, {"29": "S"}, {"29": "S"}, {"29": "E"}, {"29": "S"}, {"29": "S"}, {"29": "S"}, {"29": "E"}, {"29": "S"}, {"29": "S"}, {"29": "S"}, {"29": "S"}, {"29": "S"}, {"29": "S"}, {"29": "S"}, {"29": "S"}, {"29": "S"}, {"29": "W"}, {"29": "S"}, {"29": "S"}, {"29": "W"}, {"29": "W"}, {"163": "E"}, {"163": "E"}, {"163": "S"}, {"163": "S"}, {"163": "S"}, {"163": "S"}, {"163": "S"}, {"163": "E"}, {"163": "E"}, {"163": "E"}, {"163": "E"}, {"163": "E"}, {"163": "E"}, {"163": "E"}, {"163": "E"}, {"163": "E"}, {"163": "E"}, {"163": "E"}, {"163": "E"}, {"163": "E"}, {"163": "E"}, {"163": "E"}, {"163": "E"}, {"163": "E"}, {"163": "N"}, {"163": "E"}, {"163": "N"}, {"163": "N"}, {"163": "E"}, {"163": "N"}, {"163": "N"}, {"163": "W"}, {"163": "N"}, {"142": "W"}, {"142": "W"}, {"142": "W"}, {"142": "N"}, {"142": "N"}, {"142": "N"}, {"142": "N"}, {"142": "N"}, {"142": "N"}, {"142": "N"}, {"142": "N"}, {"142": "W"}, {"142": "N"}, {"142": "N"}, {"142": "N"}, {"142": "W"}, {"142": "N"}, {"142": "N"}, {"142": "N"}, {"142": "N"}, {"142": "W"}, {"142": "W"}, {"142": "W"}, {"142": "W"}, {"142": "W"}, {"142": "S"}, {"146": "W"}, {"146": "W"}, {"146": "W"}, {"146": "W"}, {"146": "N"}, {"146": "N"}, {"146": "N"}, {"146": "N"}, {"141": "W"}, {"141": "W"}, {"141": "N"}, {"141": "N"}, {"141": "N"}, {"141": "N"}, {"141": "N"}, {"141": "N"}, {"141": "N"}, {"141": "N"}, {"141": "N"}, {"141": "W"}, {"141": "N"}, {"141": "N"}, {"141": "N"}, {"141": "W"}, {"141": "N"}, {"141": "N"}, {"141": "N"}, {"141": "N"}, {"141": "W"}, {"141": "W"}, {"141": "W"}, {"141": "W"}, {"141": "W"}, {"141": "W"}, {"141": "W"}, {"141": "W"}, {"141": "W"}, {"141": "W"}, {"141": "W"}, {"141": "W"}, {"141": "W"}, {"141": "W"}, {"141": "W"}, {"141": "S"}, {"170": "W"}, {"170": "W"}, {"170": "W"}, {"170": "W"}, {"170": "W"}, {"170": "W"}, {"170": "N"}, {"170": "N"}, {"170": "N"}, {"170": "N"}, {"170": "W"}, {"170": "W"}, {"170": "W"}, {"170": "W"}, {"170": "N"}, {"170": "N"}, {"170": "N"}, {"170": "N"}, {"170": "N"}, {"170": "N"}, {"170": "N"}, {"170": "N"}, {"170": "N"}, {"170": "N"}, {"170": "N"}, {"170": "N"}, {"170": "N"}, {"170": "N"}, {"170": "N"}, {"170": "N"}, {"170": "N"}, {"170": "E"}, {"170": "E"}, {"170": "E"}, {"170": "N"}, {"170": "E"}, {"132": "W"}, {"132": "W"}, {"132": "W"}, {"132": "W"}, {"132": "S"}, {"132": "W"}, {"132": "W"}, {"132": "W"}, {"132": "W"}, {"132": "W"}, {"132": "W"}, {"132": "W"}, {"132": "W"}, {"132": "W"}, {"132": "W"}, {"132": "W"}, {"132": "W"}, {"132": "W"}, {"132": "W"}, {"132": "W"}, {"132": "W"}, {"132": "W"}, {"132": "N"}, {"132": "N"}, {"132": "N"}, {"132": "N"}, {"132": "N"}, {"132": "N"}, {"132": "N"}, {"132": "N"}, {"132": "N"}, {"132": "N"}, {"132": "N"}, {"132": "E"}, {"126": "W"}, {"126": "W"}, {"126": "S"}, {"126": "W"}, {"126": "W"}, {"126": "W"}, {"126": "S"}, {"126": "S"}, {"126": "S"}, {"126": "S"}, {"126": "W"}, {"94": "W"}, {"94": "W"}, {"94": "S"}, {"94": "S"}, {"94": "S"}, {"94": "S"}, {"94": "S"}, {"94": "S"}, {"94": "S"}, {"94": "S"}, {"94": "S"}, {"94": "W"}, {"94": "S"}, {"94": "S"}, {"94": "W"}, {"94": "S"}, {"94": "W"}, {"94": "W"}, {"94": "W"}, {"94": "W"}, {"94": "W"}, {"94": "W"}, {"94": "W"}, {"94": "W"}, {"94": "W"}, {"94": "W"}, {"94": "W"}, {"94": "W"}, {"94": "W"}, {"94": "W"}, {"94": "W"}, {"94": "W"}, {"94": "W"}, {"94": "N"}, {"94": "N"}, {"94": "N"}, {"94": "N"}, {"94": "N"}, {"94": "E"}, {"119": "N"}, {"119": "E"}, {"119": "N"}, {"119": "N"}, {"119": "N"}, {"119": "N"}, {"119": "N"}, {"119": "N"}, {"119": "E"}, {"119": "E"}, {"87": "N"}, {"87": "N"}, {"87": "N"}, {"87": "N"}, {"87": "E"}, {"87": "N"}, {"87": "N"}, {"87": "N"}, {"87": "N"}, {"87": "E"}, {"87": "E"}, {"87": "E"}, {"87": "N"}, {"87": "E"}, {"87": "N"}, {"87": "N"}, {"87": "N"}, {"87": "E"}, {"87": "E"}, {"87": "E"}, {"87": "N"}, {"87": "N"}, {"87": "E"}, {"87": "E"}, {"87": "E"}, {"87": "E"}, {"87": "E"}, {"87": "E"}, {"87": "E"}, {"87": "E"}, {"87": "E"}, {"87": "E"}, {"87": "E"}, {"87": "E"}, {"87": "E"}, {"87": "E"}, {"87": "S"}, {"87": "S"}, {"87": "S"}, {"87": "S"}, {"87": "E"}, {"87": "S"}, {"106": "N"}, {"106": "N"}, {"106": "E"}, {"106": "E"}, {"106": "N"}, {"106": "N"}, {"106": "N"}, {"106": "N"}, {"106": "N"}, {"106": "E"}, {"106": "E"}, {"106": "E"}, {"106": "N"}, {"106": "N"}, {"106": "E"}, {"106": "E"}, {"106": "E"}, {"106": "E"}, {"106": "E"}, {"106": "E"}, {"106": "E"}, {"106": "E"}, {"106": "E"}, {"106": "E"}, {"106": "E"}, {"106": "E"}, {"106": "E"}, {"106": "E"}, {"106": "S"}, {"106": "S"}, {"106": "S"}, {"106": "S"}, {"106": "E"}, {"106": "E"}, {"106": "S"}, {"106": "S"}, {"106": "W"}, {"106": "S"}, {"203": "N"}, {"203": "N"}, {"203": "N"}, {"203": "N"}, {"203": "N"}, {"203": "N"}, {"203": "N"}, {"203": "E"}, {"203": "E"}, {"203": "E"}, {"203": "N"}, {"203": "N"}, {"203": "E"}, {"203": "E"}, {"203": "E"}, {"203": "E"}, {"203": "N"}, {"118": "E"}, {"118": "E"}, {"118": "N"}, {"118": "N"}, {"118": "N"}, {"118": "E"}, {"118": "N"}, {"118": "N"}, {"118": "E"}, {"118": "E"}, {"118": "E"}, {"118": "E"}, {"118": "E"}, {"118": "E"}, {"118": "E"}, {"118": "E"}, {"118": "E"}, {"118": "E"}, {"118": "E"}, {"118": "E"}, {"118": "E"}, {"118": "E"}, {"118": "E"}, {"118": "E"}, {"118": "S"}, {"118": "S"}, {"118": "S"}, {"118": "S"}, {"118": "E"}, {"118": "E"}, {"118": "S"}, {"118": "S"}, {"118": "S"}, {"118": "S"}, {"118": "S"}, {"118": "S"}, {"118": "W"}, {"108": "W"}, {"108": "S"}, {"108": "W"}, {"108": "S"}, {"108": "S"}, {"108": "S"}, {"108": "S"}, {"108": "W"}, {"108": "W"}, {"108": "W"}, {"108": "W"}, {"108": "W"}, {"108": "S"}, {"108": "S"}, {"108": "W"}, {"108": "S"}, {"108": "S"}, {"108": "S"}, {"108": "S"}, {"108": "S"}, {"108": "S"}, {"108": "S"}, {"108": "S"}, {"108": "S"}, {"108": "S"}, {"108": "S"}, {"108": "S"}, {"108": "S"}, {"108": "S"}, {"108": "S"}, {"108": "S"}, {"108": "S"}, {"108": "E"}, {"108": "E"}, {"108": "E"}, {"108": "E"}, {"108": "N"}, {"108": "E"}, {"108": "E"}, {"108": "E"}, {"108": "E"}, {"108": "E"}, {"108": "E"}, {"235": "S"}, {"235": "S"}, {"235": "S"}, {"235": "E"}, {"235": "E"}, {"235": "E"}, {"235": "E"}, {"235": "S"}, {"235": "E"}, {"235": "E"}, {"235": "E"}, {"235": "E"}, {"235": "E"}, {"235": "E"}, {"235": "E"}, {"235": "E"}, {"235": "E"}, {"235": "E"}, {"235": "E"}, {"235": "E"}, {"235": "E"}, {"235": "E"}, {"235": "E"}, {"235": "E"}, {"235": "E"}, {"235": "N"}, {"235": "E"}, {"76": "W"}, {"76": "W"}, {"76": "W"}, {"76": "W"}, {"76": "W"}, {"76": "S"}, {"76": "S"}, {"76": "W"}, {"76": "S"}, {"76": "S"}, {"149": "N"}, {"149": "N"}, {"149": "N"}, {"149": "N"}, {"149": "N"}, {"149": "E"}, {"149": "E"}, {"149": "E"}, {"149": "E"}, {"149": "E"}, {"149": "E"}, {"149": "E"}, {"149": "E"}, {"149": "E"}, {"149": "E"}, {"149": "E"}, {"149": "E"}, {"149": "E"}, {"149": "N"}, {"149": "N"}, {"149": "N"}, {"149": "N"}, {"149": "N"}, {"149": "N"}, {"149": "N"}, {"149": "N"}, {"149": "N"}, {"149": "N"}, {"149": "N"}, {"149": "N"}, {"149": "N"}, {"149": "N"}, {"149": "N"}, {"149": "N"}, {"149": "N"}, {"149": "W"}, {"149": "N"}, {"144": "S"}, {"144": "S"}, {"144": "S"}, {"144": "S"}, {"144": "E"}, {"144": "E"}, {"144": "E"}, {"144": "E"}, {"144": "S"}, {"144": "E"}, {"144": "E"}, {"144": "E"}, {"144": "E"}, {"144": "E"}, {"144": "E"}, {"144": "E"}, {"144": "E"}, {"144": "E"}, {"144": "E"}, {"144": "E"}, {"144": "N"}, {"144": "E"}, {"231": "S"}, {"231": "S"}, {"231": "E"}, {"231": "E"}, {"231": "E"}, {"231": "E"}, {"231": "E"}, {"231": "S"}, {"231": "S"}, {"231": "S"}, {"231": "S"}, {"231": "S"}, {"231": "S"}, {"231": "S"}, {"231": "S"}, {"231": "E"}, {"231": "E"}, {"231": "E"}, {"231": "E"}, {"231": "E"}, {"231": "E"}, {"231": "E"}, {"231": "E"}, {"231": "E"}, {"231": "E"}, {"231": "E"}, {"231": "E"}, {"231": "E"}, {"231": "E"}, {"231": "E"}, {"231": "E"}, {"231": "E"}, {"231": "E"}, {"231": "E"}, {"231": "N"}, {"231": "N"}, {"231": "N"}, {"231": "N"}, {"231": "N"}, {"231": "N"}, {"231": "N"}, {"231": "N"}, {"236": "S"}, {"236": "S"}, {"236": "E"}, {"236": "E"}, {"236": "E"}, {"131": "E"}, {"131": "S"}, {"131": "S"}, {"131": "E"}, {"131": "E"}, {"131": "E"}, {"131": "E"}, {"131": "E"}, {"131": "E"}, {"131": "S"}, {"131": "E"}, {"131": "E"}, {"131": "E"}, {"131": "S"}, {"131": "S"}, {"131": "S"}, {"131": "S"}, {"131": "E"}, {"131": "E"}, {"131": "S"}, {"131": "S"}, {"131": "S"}, {"131": "S"}, {"131": "S"}, {"134": "W"}, {"134": "W"}, {"134": "W"}, {"134": "N"}, {"134": "N"}, {"195": "E"}, {"195": "E"}, {"195": "E"}, {"195": "E"}, {"195": "E"}, {"195": "E"}, {"195": "E"}, {"195": "E"}, {"195": "E"}, {"195": "E"}, {"195": "E"}, {"195": "E"}, {"195": "E"}, {"217": "W"}, {"217": "S"}, {"217": "S"}, {"217": "W"}, {"217": "S"}, {"217": "S"}, {"217": "S"}, {"217": "S"}, {"217": "S"}, {"217": "S"}, {"217": "S"}, {"217": "W"}, {"217": "W"}, {"217": "W"}, {"217": "W"}, {"217": "W"}, {"232": "W"}, {"232": "N"}, {"232": "W"}, {"232": "N"}, {"232": "N"}, {"232": "N"}, {"232": "N"}, {"232": "W"}, {"232": "W"}, {"232": "N"}, {"232": "N"}, {"232": "N"}, {"232": "N"}, {"232": "W"}, {"26": "S"}, {"26": "S"}, {"26": "S"}, {"26": "S"}, {"26": "E"}, {"26": "E"}, {"26": "E"}, {"26": "E"}, {"26": "E"}, {"26": "E"}, {"26": "E"}, {"196": "N"}, {"196": "N"}, {"196": "N"}, {"196": "N"}, {"196": "N"}, {"196": "N"}, {"196": "N"}, {"196": "N"}, {"196": "N"}, {"196": "N"}, {"196": "N"}, {"196": "N"}, {"196": "N"}, {"196": "E"}, {"196": "N"}, {"196": "N"}, {"196": "N"}, {"196": "N"}, {"196": "E"}, {"196": "E"}, {"140": "N"}, {"140": "W"}, {"140": "W"}, {"140": "W"}, {"140": "W"}, {"140": "N"}, {"140": "N"}, {"140": "N"}, {"140": "N"}, {"140": "W"}, {"140": "W"}, {"140": "N"}, {"140": "N"}, {"140": "N"}, {"140": "N"}, {"57": "S"}, {"57": "S"}, {"57": "E"}, {"57": "E"}, {"57": "E"}, {"57": "E"}, {"57": "E"}, {"57": "E"}, {"57": "E"}, {"57": "E"}, {"57": "E"}, {"57": "E"}, {"57": "E"}, {"57": "E"}, {"57": "E"}, {"57": "E"}, {"57": "E"}, {"57": "E"}, {"57": "S"}, {"57": "E"}, {"57": "S"}, {"57": "S"}, {"57": "S"}, {"57": "S"}, {"57": "S"}, {"57": "S"}, {"57": "S"}, {"57": "S"}, {"57": "E"}, {"57": "S"}, {"57": "S"}, {"57": "S"}, {"57": "S"}, {"57": "W"}, {"57": "S"}, {"57": "S"}, {"57": "S"}, {"102": "W"}, {"102": "W"}, {"102": "W"}, {"102": "W"}, {"102": "W"}, {"102": "W"}, {"102": "W"}, {"102": "S"}, {"102": "S"}, {"102": "S"}, {"102": "S"}, {"102": "W"}, {"102": "S"}, {"102": "S"}, {"102": "W"}, {"102": "S"}, {"113": "W"}, {"113": "W"}, {"113": "W"}, {"113": "N"}, {"113": "N"}, {"113": "W"}, {"113": "W"}, {"113": "W"}, {"113": "W"}, {"113": "N"}, {"113": "N"}, {"113": "N"}, {"113": "N"}, {"113": "N"}, {"113": "N"}, {"113": "N"}, {"113": "N"}, {"113": "W"}, {"104": "S"}, {"104": "W"}, {"104": "W"}, {"104": "W"}, {"104": "S"}, {"104": "W"}, {"104": "W"}, {"104": "S"}, {"104": "S"}, {"104": "S"}, {"104": "S"}, {"104": "S"}, {"104": "S"}, {"104": "S"}, {"104": "S"}, {"104": "S"}, {"104": "S"}, {"104": "S"}, {"104": "S"}, {"104": "S"}, {"104": "S"}, {"43": "W"}, {"43": "S"}, {"43": "S"}, {"43": "S"}, {"43": "S"}, {"43": "S"}, {"43": "S"}, {"43": "S"}, {"43": "S"}, {"43": "S"}, {"43": "S"}, {"43": "S"}, {"43": "S"}, {"43": "S"}, {"43": "S"}, {"43": "S"}, {"43": "S"}, {"43": "S"}, {"43": "E"}, {"43": "E"}, {"43": "E"}, {"43": "E"}, {"43": "E"}, {"43": "E"}, {"43": "E"}, {"43": "E"}, {"43": "E"}, {"43": "E"}, {"43": "S"}, {"43": "E"}, {"43": "E"}, {"43": "E"}, {"43": "E"}, {"43": "E"}, {"43": "E"}, {"43": "E"}, {"43": "E"}, {"43": "E"}, {"43": "N"}, {"43": "E"}, {"43": "E"}, {"43": "E"}, {"9": "S"}, {"9": "S"}, {"9": "S"}, {"9": "S"}, {"228": "W"}, {"228": "W"}, {"228": "N"}, {"228": "W"}, {"228": "N"}, {"159": "N"}, {"159": "N"}, {"159": "N"}, {"159": "E"}, {"159": "E"}, {"159": "E"}, {"159": "E"}, {"159": "E"}, {"159": "E"}, {"159": "N"}, {"159": "N"}, {"159": "N"}, {"159": "N"}, {"159": "E"}, {"159": "N"}, {"159": "N"}, {"159": "N"}, {"159": "N"}, {"159": "N"}, {"159": "N"}, {"159": "N"}, {"159": "N"}, {"159": "N"}, {"159": "N"}, {"159": "W"}, {"159": "N"}, {"159": "N"}, {"159": "N"}, {"159": "N"}, {"159": "N"}, {"159": "N"}, {"159": "N"}, {"159": "W"}, {"159": "W"}, {"159": "W"}, {"159": "W"}, {"159": "W"}, {"159": "W"}, {"159": "W"}, {"159": "S"}, {"133": "W"}, {"133": "S"}, {"133": "S"}, {"133": "S"}, {"133": "S"}, {"133": "S"}, {"133": "S"}, {"133": "S"}, {"133": "S"}, {"133": "S"}, {"133": "S"}, {"133": "S"}, {"133": "S"}, {"133": "S"}, {"133": "W"}, {"133": "S"}, {"133": "S"}, {"133": "S"}, {"133": "S"}, {"133": "W"}, {"133": "W"}, {"133": "W"}, {"133": "W"}, {"133": "W"}, {"133": "W"}, {"133": "W"}, {"133": "W"}, {"133": "W"}, {"133": "W"}, {"133": "W"}, {"133": "W"}, {"133": "W"}, {"133": "N"}, {"96": "S"}, {"96": "S"}, {"96": "S"}, {"96": "S"}, {"96": "S"}, {"96": "S"}, {"96": "S"}, {"96": "S"}, {"96": "S"}, {"96": "S"}, {"96": "S"}, {"96": "S"}, {"96": "S"}, {"96": "S"}, {"96": "S"}, {"96": "S"}, {"96": "E"}, {"96": "E"}, {"96": "E"}, {"96": "E"}, {"96": "E"}, {"96": "E"}, {"96": "E"}, {"96": "E"}, {"96": "S"}, {"96": "E"}, {"96": "E"}, {"96": "E"}, {"96": "E"}, {"96": "E"}, {"96": "E"}, {"96": "E"}, {"96": "E"}, {"96": "E"}, {"96": "E"}, {"96": "N"}, {"96": "E"}, {"96": "E"}, {"46": "S"}, {"46": "S"}, {"46": "S"}, {"46": "S"}, {"46": "S"}, {"46": "S"}, {"46": "S"}, {"46": "S"}, {"46": "E"}, {"46": "E"}, {"46": "E"}, {"46": "E"}, {"46": "E"}, {"46": "E"}, {"46": "E"}, {"46": "E"}, {"46": "E"}, {"46": "E"}, {"46": "E"}, {"46": "E"}, {"46": "E"}, {"46": "E"}, {"46": "E"}, {"46": "E"}, {"46": "E"}, {"46": "E"}, {"46": "E"}, {"212": "W"}, {"212": "W"}, {"212": "W"}, {"212": "W"}, {"212": "W"}, {"212": "S"}, {"212": "W"}, {"212": "W"}, {"212": "W"}, {"212": "S"}, {"212": "W"}, {"212": "W"}, {"212": "S"}, {"212": "S"}, {"212": "S"}, {"107": "N"}, {"107": "N"}, {"107": "N"}, {"107": "N"}, {"107": "E"}, {"107": "E"}, {"107": "E"}, {"107": "E"}, {"107": "E"}, {"107": "E"}, {"107": "E"}, {"107": "E"}, {"107": "E"}, {"107": "E"}, {"107": "E"}, {"107": "E"}, {"107": "N"}, {"115": "W"}, {"115": "W"}, {"115": "W"}, {"115": "W"}, {"115": "W"}, {"115": "W"}, {"115": "W"}, {"115": "W"}, {"115": "W"}, {"115": "W"}, {"115": "N"}, {"115": "N"}, {"115": "N"}, {"115": "N"}, {"115": "N"}, {"115": "N"}, {"115": "N"}, {"115": "N"}, {"115": "N"}, {"115": "N"}, {"115": "W"}, {"115": "N"}, {"115": "N"}, {"115": "N"}, {"115": "N"}, {"115": "E"}, {"158": "S"}, {"158": "S"}, {"158": "S"}, {"158": "S"}, {"158": "S"}, {"158": "S"}, {"158": "S"}, {"158": "S"}, {"158": "S"}, {"158": "S"}, {"158": "E"}, {"158": "E"}, {"158": "E"}, {"158": "E"}, {"158": "E"}, {"158": "E"}, {"158": "E"}, {"158": "E"}, {"158": "E"}, {"158": "E"}, {"158": "E"}, {"158": "E"}, {"158": "E"}, {"158": "E"}, {"158": "E"}, {"158": "E"}, {"158": "E"}, {"158": "S"}, {"158": "E"}, {"158": "E"}, {"158": "E"}, {"158": "E"}, {"158": "E"}, {"158": "E"}, {"158": "E"}, {"158": "E"}, {"158": "E"}, {"158": "E"}, {"158": "E"}, {"158": "E"}, {"158": "E"}, {"158": "N"}, {"210": "W"}, {"210": "W"}, {"210": "S"}, {"210": "S"}, {"210": "S"}, {"210": "S"}, {"210": "S"}, {"210": "S"}, {"210": "S"}, {"210": "S"}, {"210": "S"}, {"210": "S"}, {"210": "W"}, {"210": "W"}, {"210": "W"}, {"210": "W"}, {"210": "W"}, {"210": "W"}, {"210": "W"}, {"210": "W"}, {"210": "W"}, {"210": "W"}, {"210": "W"}, {"210": "W"}, {"210": "W"}, {"210": "W"}, {"210": "W"}, {"210": "W"}, {"210": "W"}, {"210": "W"}, {"210": "W"}, {"210": "W"}, {"210": "N"}, {"210": "N"}, {"210": "N"}, {"225": "S"}, {"225": "E"}, {"225": "E"}, {"225": "E"}, {"225": "E"}, {"225": "E"}, {"225": "E"}, {"225": "E"}, {"225": "E"}, {"225": "E"}, {"225": "E"}, {"225": "E"}, {"225": "E"}, {"225": "S"}, {"80": "W"}, {"80": "W"}, {"80": "W"}, {"80": "W"}, {"80": "W"}, {"80": "W"}, {"80": "W"}, {"80": "W"}, {"80": "W"}, {"80": "W"}, {"80": "S"}, {"80": "S"}, {"80": "S"}, {"80": "S"}, {"80": "S"}, {"80": "S"}, {"80": "W"}, {"80": "S"}, {"80": "S"}, {"80": "S"}, {"80": "S"}, {"80": "S"}, {"80": "S"}, {"80": "S"}, {"80": "S"}, {"80": "S"}, {"80": "S"}, {"80": "S"}, {"80": "S"}, {"80": "S"}, {"80": "S"}, {"80": "S"}, {"80": "S"}, {"80": "S"}, {"80": "S"}, {"80": "E"}, {"175": "S"}, {"175": "W"}, {"175": "S"}, {"175": "S"}, {"175": "W"}, {"175": "S"}, {"175": "S"}, {"175": "S"}, {"175": "S"}, {"175": "S"}, {"175": "S"}, {"175": "S"}, {"175": "S"}, {"175": "S"}, {"175": "S"}, {"175": "S"}, {"175": "S"}, {"175": "S"}, {"175": "S"}, {"175": "S"}, {"175": "S"}, {"175": "S"}, {"175": "S"}, {"175": "S"}, {"175": "E"}, {"175": "E"}, {"175": "E"}, {"175": "E"}, {"175": "E"}, {"175": "E"}, {"175": "E"}, {"175": "E"}, {"175": "E"}, {"175": "E"}, {"175": "E"}, {"175": "E"}, {"175": "E"}, {"175": "E"}, {"175": "E"}, {"175": "E"}, {"175": "E"}, {"175": "N"}, {"209": "W"}, {"209": "S"}, {"209": "W"}, {"209": "W"}, {"209": "W"}, {"209": "S"}, {"209": "S"}, {"209": "S"}, {"209": "S"}, {"209": "S"}, {"209": "S"}, {"209": "S"}, {"209": "S"}, {"164": "W"}, {"164": "W"}, {"164": "W"}, {"164": "W"}, {"164": "W"}, {"164": "W"}, {"164": "W"}, {"164": "W"}, {"164": "S"}, {"164": "S"}, {"164": "S"}, {"164": "S"}, {"164": "S"}, {"164": "S"}, {"164": "S"}, {"164": "S"}, {"164": "S"}, {"164": "S"}, {"164": "W"}, {"164": "S"}, {"164": "S"}, {"164": "S"}, {"164": "S"}, {"164": "S"}, {"164": "S"}, {"164": "S"}, {"164": "S"}, {"164": "S"}, {"164": "S"}, {"164": "E"}, {"227": "W"}, {"227": "W"}, {"227": "S"}, {"227": "W"}, {"227": "S"}, {"227": "W"}, {"227": "W"}, {"227": "W"}, {"227": "W"}, {"227": "W"}, {"227": "S"}, {"227": "S"}, {"227": "S"}, {"227": "W"}, {"227": "S"}, {"227": "S"}, {"227": "S"}, {"227": "S"}, {"227": "S"}, {"227": "E"}, {"114": "W"}, {"114": "W"}, {"114": "W"}, {"114": "W"}, {"114": "W"}, {"114": "W"}, {"114": "W"}, {"114": "W"}, {"114": "W"}, {"114": "W"}, {"114": "S"}, {"114": "S"}, {"114": "S"}, {"114": "S"}, {"114": "S"}, {"114": "S"}, {"114": "S"}, {"114": "S"}, {"114": "S"}, {"114": "S"}, {"114": "S"}, {"155": "E"}, {"155": "N"}, {"155": "N"}, {"155": "N"}, {"155": "N"}, {"155": "E"}, {"155": "E"}, {"155": "E"}, {"155": "E"}, {"155": "E"}, {"155": "E"}, {"155": "E"}, {"155": "E"}, {"155": "E"}, {"155": "E"}, {"155": "E"}, {"155": "E"}, {"155": "E"}, {"155": "E"}, {"155": "E"}, {"155": "E"}, {"155": "E"}, {"155": "E"}, {"155": "E"}, {"155": "E"}, {"155": "E"}, {"155": "S"}, {"155": "S"}, {"155": "S"}, {"155": "S"}, {"155": "S"}, {"155": "S"}, {"155": "S"}, {"155": "S"}, {"155": "S"}, {"155": "S"}, {"155": "S"}, {"155": "S"}, {"155": "S"}, {"155": "W"}, {"155": "S"}, {"155": "S"}, {"69": "S"}, {"69": "S"}, {"69": "S"}, {"69": "S"}, {"69": "S"}, {"69": "S"}, {"69": "S"}, {"69": "S"}, {"69": "S"}, {"69": "S"}, {"69": "S"}, {"69": "S"}, {"69": "S"}, {"69": "S"}, {"69": "S"}, {"69": "E"}, {"69": "S"}, {"69": "S"}, {"69": "S"}, {"69": "E"}, {"69": "E"}, {"69": "E"}, {"69": "E"}, {"69": "E"}, {"69": "E"}, {"69": "E"}, {"69": "E"}, {"69": "E"}, {"69": "E"}, {"69": "E"}, {"69": "E"}, {"69": "E"}, {"69": "E"}, {"69": "E"}, {"69": "E"}, {"69": "E"}, {"69": "E"}, {"69": "E"}, {"69": "E"}, {"69": "E"}, {"69": "N"}, {"69": "N"}, {"69": "W"}, {"69": "N"}, {"237": "W"}, {"237": "W"}, {"237": "W"}, {"237": "W"}, {"237": "W"}, {"237": "W"}, {"237": "W"}, {"237": "W"}, {"237": "W"}, {"237": "W"}, {"237": "W"}, {"237": "W"}, {"237": "W"}, {"237": "W"}, {"237": "W"}, {"237": "W"}, {"237": "S"}, {"237": "S"}, {"237": "S"}, {"237": "S"}, {"237": "W"}, {"237": "S"}, {"237": "S"}, {"237": "S"}, {"237": "S"}, {"237": "S"}, {"237": "S"}, {"237": "E"}, {"211": "S"}, {"211": "S"}, {"211": "E"}, {"211": "E"}, {"211": "E"}, {"211": "E"}, {"211": "E"}, {"211": "E"}, {"211": "E"}, {"211": "E"}, {"211": "E"}, {"211": "E"}, {"211": "E"}, {"211": "E"}, {"211": "E"}, {"211": "E"}, {"211": "E"}, {"211": "E"}, {"211": "S"}, {"211": "S"}, {"211": "W"}, {"211": "S"}, {"211": "S"}, {"211": "S"}, {"222": "W"}, {"222": "W"}, {"222": "W"}, {"222": "W"}, {"222": "W"}, {"222": "W"}, {"222": "W"}, {"222": "W"}, {"222": "W"}, {"222": "W"}, {"222": "W"}, {"222": "W"}, {"222": "W"}, {"222": "W"}, {"222": "N"}, {"222": "N"}, {"222": "N"}, {"222": "N"}, {"3": "W"}, {"3": "W"}, {"3": "W"}, {"3": "W"}, {"3": "W"}, {"3": "W"}, {"3": "W"}, {"3": "W"}, {"3": "W"}, {"3": "W"}, {"3": "N"}, {"3": "N"}, {"3": "N"}, {"3": "N"}, {"3": "W"}, {"3": "N"}, {"3": "N"}, {"3": "N"}, {"3": "N"}, {"3": "E"}, {"202": "S"}, {"202": "S"}, {"202": "S"}, {"202": "E"}, {"202": "E"}, {"202": "E"}, {"202": "E"}, {"202": "E"}, {"202": "E"}, {"202": "E"}, {"202": "E"}, {"202": "E"}, {"202": "E"}, {"202": "E"}, {"202": "E"}, {"202": "E"}, {"202": "E"}, {"202": "E"}, {"202": "S"}, {"202": "S"}, {"202": "S"}, {"202": "S"}, {"202": "S"}, {"202": "S"}, {"202": "S"}, {"202": "S"}, {"202": "S"}, {"202": "S"}, {"202": "S"}, {"202": "S"}, {"202": "S"}, {"202": "S"}, {"202": "S"}, {"202": "S"}, {"202": "S"}, {"202": "W"}], "result": "SUCCESS", "makespan": 5550, "sum": 7129, "algo_name": "Chill_per_20", "extra": {"arrival_order": [221, 86, 37, 91, 24, 6, 66, 27, 95, 44, 122, 59, 42, 183, 194, 204, 70, 167, 150, 197, 171, 15, 52, 68, 230, 200, 173, 38, 21, 78, 0, 74, 162, 55, 25, 168, 125, 63, 81, 143, 177, 116, 48, 136, 2, 185, 105, 207, 49, 82, 60, 88, 193, 28, 192, 92, 30, 98, 234, 93, 72, 238, 153, 22, 169, 17, 5, 139, 124, 148, 157, 53, 154, 8, 85, 40, 111, 32, 165, 14, 184, 47, 147, 121, 205, 130, 120, 35, 161, 89, 45, 33, 64, 226, 23, 36, 11, 13, 179, 7, 178, 79, 103, 20, 97, 41, 34, 206, 84, 187, 67, 239, 191, 216, 10, 224, 186, 31, 214, 1, 181, 58, 56, 109, 4, 61, 110, 75, 223, 73, 220, 54, 39, 145, 201, 99, 229, 83, 156, 199, 101, 77, 151, 51, 123, 182, 127, 233, 50, 198, 100, 137, 65, 166, 213, 62, 128, 219, 90, 112, 218, 16, 172, 208, 138, 12, 188, 19, 135, 160, 176, 180, 117, 152, 190, 189, 215, 129, 18, 71, 174, 29, 163, 142, 146, 141, 170, 132, 126, 94, 119, 87, 106, 203, 118, 108, 235, 76, 149, 144, 231, 236, 131, 134, 195, 217, 232, 26, 196, 140, 57, 102, 113, 104, 43, 9, 228, 159, 133, 96, 46, 212, 107, 115, 158, 210, 225, 80, 175, 209, 164, 227, 114, 155, 69, 237, 211, 222, 3, 202], "time_arrived": [538, 2452, 722, 5514, 2601, 1199, 224, 1960, 1371, 4884, 2334, 1883, 3642, 1912, 1497, 398, 3554, 1167, 3977, 3692, 2091, 504, 1129, 1831, 208, 588, 4711, 245, 906, 4075, 964, 2411, 1456, 1767, 2150, 1682, 1861, 181, 497, 2842, 1420, 2125, 299, 4880, 263, 1756, 5027, 1553, 688, 816, 3198, 3107, 405, 1319, 2797, 578, 2527, 4783, 2505, 292, 852, 2633, 3412, 631, 1800, 3310, 234, 2242, 423, 5424, 341, 3996, 1051, 2734, 545, 2675, 4522, 3084, 518, 2013, 5212, 647, 834, 2985, 2190, 1391, 171, 4350, 872, 1738, 3483, 190, 942, 1021, 4298, 253, 5000, 2104, 982, 2932, 3255, 3053, 4799, 2049, 4838, 770, 4388, 5059, 4485, 2565, 2645, 1434, 3488, 4817, 5338, 5085, 686, 3836, 4442, 4308, 1659, 1596, 275, 3122, 1231, 618, 4259, 3161, 3427, 3947, 1632, 4652, 4248, 4962, 4657, 3714, 709, 3293, 3626, 1215, 4746, 4178, 4134, 664, 4581, 2868, 4142, 1572, 1264, 4559, 352, 3101, 3871, 1107, 1347, 5380, 3015, 1293, 5127, 4929, 3745, 1705, 558, 4108, 5297, 1471, 3329, 348, 609, 1151, 4214, 381, 3589, 480, 4033, 5254, 3781, 684, 1985, 1929, 3794, 2472, 3131, 307, 1523, 753, 2374, 2208, 3677, 3914, 3880, 2273, 926, 901, 319, 4670, 4731, 369, 3227, 3028, 456, 2898, 5550, 4405, 332, 1608, 2163, 791, 3616, 5267, 5162, 5476, 5042, 3371, 2424, 3931, 2298, 4686, 3518, 3468, 2759, 160, 5494, 2709, 2350, 5176, 1818, 5317, 4889, 2949, 432, 4623, 4700, 3173, 996, 4512, 4628, 5452, 1082, 2257]}}