{"instance": "small_free_011_20x20_50_200", "steps": [{"74": "E", "110": "E", "194": "W", "48": "S", "39": "E", "139": "S", "47": "E", "99": "S", "147": "E", "15": "S", "70": "W", "186": "N", "59": "N", "179": "W", "141": "N", "182": "W", "62": "E", "29": "N", "129": "S", "109": "S", "79": "W", "58": "N", "67": "E", "64": "N", "149": "E", "65": "E", "178": "W", "138": "N", "24": "N", "198": "N", "84": "E", "164": "S", "167": "W", "100": "E", "132": "S", "137": "W", "11": "N", "52": "N", "116": "E", "51": "E", "98": "S", "187": "E", "95": "N", "168": "E", "3": "E", "153": "E", "49": "E", "106": "N", "120": "S", "1": "E", "77": "N", "94": "E", "85": "E", "81": "E", "148": "W", "12": "E", "130": "W", "196": "E", "69": "W", "181": "W", "156": "N", "19": "E", "56": "S", "152": "E", "158": "E", "55": "E", "136": "E", "72": "E", "27": "E", "155": "W", "111": "N", "91": "E", "104": "N", "119": "E", "53": "E", "169": "E", "117": "S", "46": "S", "25": "S", "38": "N", "40": "S", "63": "N", "71": "S", "92": "W", "171": "S", "66": "N", "189": "W", "146": "E", "102": "W", "6": "E", "175": "S", "41": "E", "112": "S", "143": "S", "135": "E", "31": "S", "144": "S", "131": "W", "7": "E", "166": "E", "125": "E", "113": "S", "172": "W", "108": "E", "118": "E", "124": "N", "0": "E", "140": "N", "126": "S", "33": "E", "145": "W", "184": "W", "127": "N", "90": "W", "134": "E", "93": "N", "190": "E", "88": "N", "5": "N", "10": "E", "37": "W"}, {"74": "E", "110": "E", "194": "W", "48": "W", "76": "N", "170": "S", "121": "S", "157": "N", "115": "W", "176": "E", "147": "S", "15": "S", "195": "N", "103": "S", "70": "W", "186": "N", "59": "N", "179": "W", "182": "S", "159": "N", "75": "W", "21": "S", "62": "E", "161": "N", "129": "W", "109": "S", "79": "W", "18": "W", "58": "N", "67": "N", "64": "E", "149": "E", "183": "S", "65": "E", "178": "W", "20": "N", "138": "N", "24": "N", "198": "N", "84": "E", "164": "W", "105": "E", "14": "N", "100": "E", "114": "S", "137": "W", "11": "N", "28": "E", "52": "N", "116": "N", "42": "S", "86": "N", "51": "E", "174": "W", "98": "S", "95": "N", "150": "E", "168": "E", "153": "E", "61": "N", "49": "E", "106": "N", "120": "W", "1": "E", "77": "N", "94": "E", "177": "N", "85": "S", "148": "N", "193": "E", "12": "E", "130": "W", "196": "E", "57": "E", "68": "N", "69": "W", "181": "N", "2": "W", "19": "E", "43": "S", "158": "E", "101": "E", "55": "E", "160": "N", "136": "E", "72": "E", "27": "S", "155": "W", "97": "W", "111": "E", "104": "E", "36": "N", "128": "S", "119": "E", "53": "E", "169": "E", "117": "W", "46": "E", "25": "S", "38": "N", "40": "E", "63": "N", "71": "S", "92": "W", "171": "S", "189": "W", "146": "N", "102": "W", "163": "S", "142": "S", "6": "E", "175": "W", "41": "E", "112": "W", "143": "E", "31": "S", "45": "S", "144": "S", "131": "N", "7": "N", "166": "S", "125": "E", "162": "E", "113": "S", "172": "S", "180": "W", "122": "E", "108": "E", "124": "E", "0": "E", "140": "N", "126": "S", "33": "E", "145": "W", "184": "W", "90": "W", "134": "E", "93": "N", "8": "E", "73": "N", "5": "N", "10": "E", "188": "S", "37": "S"}, {"74": "E", "194": "W", "48": "S", "76": "N", "173": "S", "39": "W", "121": "S", "139": "W", "157": "N", "165": "S", "176": "S", "147": "S", "15": "S", "30": "S", "103": "S", "133": "S", "70": "W", "186": "N", "59": "N", "179": "W", "141": "N", "182": "S", "159": "N", "75": "W", "13": "N", "21": "S", "62": "E", "29": "N", "161": "N", "109": "S", "79": "S", "18": "W", "58": "W", "67": "N", "64": "E", "149": "E", "4": "W", "183": "S", "65": "E", "178": "W", "20": "N", "138": "W", "24": "N", "198": "N", "84": "E", "164": "N", "14": "N", "167": "S", "100": "E", "132": "S", "137": "W", "11": "N", "28": "E", "52": "N", "42": "W", "9": "N", "86": "W", "51": "S", "174": "W", "98": "S", "187": "E", "95": "N", "150": "E", "168": "E", "3": "N", "153": "E", "49": "E", "106": "N", "120": "W", "1": "E", "77": "N", "94": "E", "177": "W", "85": "S", "81": "E", "148": "W", "12": "E", "130": "S", "196": "E", "69": "S", "181": "W", "2": "N", "156": "N", "19": "E", "158": "E", "101": "N", "55": "E", "136": "E", "72": "E", "155": "W", "97": "W", "111": "E", "104": "E", "36": "N", "128": "S", "119": "E", "53": "E", "35": "W", "169": "E", "117": "N", "46": "S", "25": "S", "38": "N", "40": "E", "63": "E", "71": "S", "92": "W", "171": "S", "66": "N", "189": "W", "102": "S", "163": "E", "142": "W", "6": "E", "192": "W", "185": "W", "175": "W", "41": "E", "112": "S", "143": "E", "31": "S", "144": "S", "7": "N", "166": "W", "162": "E", "113": "S", "172": "S", "180": "W", "122": "N", "108": "E", "118": "W", "124": "N", "0": "E", "140": "N", "126": "S", "33": "S", "184": "W", "127": "N", "90": "W", "73": "E", "88": "N", "5": "N", "10": "E", "188": "S", "37": "S"}, {"74": "S", "194": "N", "48": "W", "76": "N", "191": "W", "173": "W", "39": "S", "121": "S", "54": "E", "157": "W", "47": "W", "176": "S", "147": "S", "80": "W", "195": "N", "103": "S", "133": "S", "70": "W", "186": "E", "59": "W", "179": "W", "182": "S", "75": "W", "21": "S", "62": "E", "29": "N", "161": "N", "79": "S", "18": "W", "58": "S", "67": "N", "64": "E", "4": "W", "183": "S", "65": "E", "20": "N", "138": "S", "24": "N", "198": "N", "84": "E", "164": "N", "105": "N", "14": "N", "167": "W", "100": "E", "114": "W", "132": "W", "137": "S", "11": "N", "28": "E", "32": "W", "23": "N", "52": "N", "42": "S", "86": "W", "51": "W", "174": "W", "98": "S", "95": "N", "153": "E", "49": "E", "106": "N", "120": "W", "1": "E", "77": "W", "94": "E", "177": "W", "148": "W", "193": "S", "12": "S", "130": "E", "196": "E", "57": "N", "68": "W", "69": "W", "181": "W", "2": "W", "19": "E", "43": "W", "56": "W", "158": "E", "55": "E", "136": "E", "72": "E", "155": "W", "97": "N", "111": "S", "91": "W", "36": "W", "128": "S", "119": "E", "53": "E", "35": "N", "169": "E", "46": "S", "25": "S", "38": "N", "40": "E", "63": "S", "92": "S", "171": "S", "66": "E", "189": "W", "102": "W", "163": "E", "142": "S", "192": "W", "185": "N", "175": "W", "41": "N", "112": "S", "143": "E", "31": "S", "45": "E", "144": "S", "7": "N", "162": "E", "113": "S", "172": "W", "180": "S", "108": "N", "118": "W", "124": "N", "0": "E", "140": "E", "126": "S", "184": "N", "127": "E", "90": "W", "134": "E", "8": "E", "190": "S", "151": "E", "154": "W", "73": "E", "10": "E", "188": "S", "37": "S"}, {"74": "S", "110": "W", "194": "N", "76": "N", "191": "S", "83": "S", "39": "S", "121": "S", "139": "W", "54": "S", "157": "W", "34": "S", "47": "S", "176": "S", "99": "S", "147": "S", "80": "W", "195": "N", "30": "S", "103": "S", "133": "S", "70": "W", "59": "S", "179": "N", "141": "N", "182": "S", "75": "W", "13": "S", "21": "E", "62": "E", "29": "N", "161": "N", "18": "S", "58": "S", "67": "E", "64": "S", "4": "S", "65": "E", "178": "W", "138": "S", "24": "N", "198": "N", "84": "E", "164": "E", "105": "N", "14": "N", "167": "S", "100": "E", "114": "W", "132": "S", "107": "N", "11": "N", "32": "N", "23": "N", "52": "N", "42": "W", "9": "S", "86": "W", "51": "W", "98": "S", "95": "N", "153": "E", "61": "S", "49": "E", "106": "N", "120": "S", "1": "E", "77": "S", "94": "E", "177": "W", "81": "S", "148": "W", "193": "E", "12": "E", "130": "N", "196": "S", "50": "W", "57": "N", "68": "W", "69": "W", "181": "W", "2": "N", "156": "S", "19": "E", "158": "E", "101": "N", "55": "E", "136": "E", "72": "E", "27": "S", "155": "S", "97": "N", "111": "S", "199": "W", "104": "N", "36": "W", "128": "S", "119": "E", "53": "E", "35": "N", "169": "E", "46": "E", "25": "S", "38": "N", "40": "E", "63": "W", "71": "E", "92": "S", "171": "W", "66": "N", "189": "W", "102": "W", "163": "E", "6": "E", "185": "N", "175": "W", "41": "W", "143": "E", "135": "W", "31": "W", "144": "S", "131": "S", "7": "W", "125": "E", "162": "E", "113": "S", "180": "S", "108": "N", "118": "W", "124": "N", "0": "E", "140": "E", "126": "S", "127": "E", "90": "W", "8": "S", "190": "W", "151": "S", "73": "E", "188": "S", "37": "S"}, {"74": "S", "110": "W", "194": "N", "48": "E", "76": "N", "83": "S", "39": "S", "121": "S", "54": "S", "123": "W", "157": "N", "176": "S", "99": "S", "147": "E", "80": "W", "195": "N", "103": "S", "133": "S", "70": "W", "59": "W", "179": "E", "141": "E", "182": "S", "159": "W", "75": "W", "21": "E", "62": "E", "161": "N", "109": "E", "18": "S", "58": "E", "67": "S", "64": "W", "4": "W", "183": "W", "65": "E", "138": "S", "24": "W", "198": "N", "84": "E", "14": "N", "100": "E", "114": "W", "11": "N", "32": "N", "52": "N", "116": "W", "42": "S", "86": "W", "51": "W", "98": "S", "187": "E", "95": "N", "150": "W", "168": "E", "153": "E", "61": "S", "49": "E", "106": "N", "1": "E", "77": "S", "94": "E", "177": "W", "85": "S", "60": "W", "81": "S", "148": "W", "193": "E", "130": "E", "196": "E", "50": "W", "57": "E", "68": "W", "69": "W", "181": "N", "2": "N", "19": "E", "56": "S", "152": "W", "158": "E", "101": "N", "55": "E", "160": "N", "136": "E", "72": "E", "27": "S", "97": "W", "111": "S", "91": "N", "104": "E", "128": "S", "119": "E", "53": "E", "35": "N", "169": "E", "117": "S", "46": "E", "25": "S", "40": "E", "63": "W", "92": "S", "171": "W", "66": "E", "102": "S", "163": "E", "142": "S", "6": "E", "192": "W", "185": "N", "175": "W", "143": "E", "135": "W", "31": "W", "45": "S", "144": "S", "131": "W", "7": "N", "125": "N", "162": "E", "113": "S", "122": "S", "108": "N", "118": "N", "0": "E", "140": "N", "126": "E", "184": "S", "127": "E", "90": "S", "134": "N", "8": "W", "151": "W", "154": "W", "10": "E", "188": "W", "37": "S"}, {"74": "S", "48": "S", "76": "W", "83": "S", "44": "W", "39": "E", "121": "E", "54": "S", "123": "W", "115": "S", "78": "W", "89": "W", "176": "S", "99": "S", "147": "E", "80": "S", "22": "S", "195": "N", "133": "E", "70": "W", "59": "W", "179": "E", "17": "S", "141": "S", "182": "S", "75": "W", "13": "N", "21": "E", "29": "N", "109": "E", "67": "E", "64": "S", "4": "W", "183": "W", "138": "S", "24": "N", "84": "E", "105": "N", "167": "E", "114": "S", "132": "S", "107": "N", "137": "W", "11": "N", "28": "S", "32": "N", "52": "N", "116": "W", "9": "N", "86": "W", "51": "W", "174": "E", "95": "N", "150": "W", "3": "S", "61": "S", "49": "S", "120": "E", "1": "E", "77": "S", "94": "E", "177": "W", "85": "S", "60": "N", "81": "S", "148": "W", "12": "S", "130": "E", "196": "S", "50": "W", "57": "E", "68": "W", "69": "S", "181": "N", "2": "E", "156": "N", "19": "E", "56": "S", "158": "E", "101": "W", "55": "E", "160": "E", "136": "N", "72": "E", "27": "S", "97": "N", "111": "S", "91": "W", "104": "E", "36": "N", "128": "W", "119": "S", "53": "E", "35": "N", "169": "E", "117": "W", "46": "N", "40": "E", "63": "S", "92": "S", "171": "W", "66": "S", "189": "E", "146": "W", "163": "E", "142": "W", "185": "N", "175": "W", "41": "S", "112": "W", "143": "E", "135": "W", "31": "W", "45": "S", "144": "S", "131": "S", "7": "N", "125": "N", "162": "S", "113": "S", "108": "W", "140": "N", "145": "E", "127": "E", "90": "S", "134": "N", "190": "W", "151": "S", "88": "N", "10": "S", "37": "S"}, {"74": "E", "48": "S", "76": "N", "170": "W", "83": "S", "44": "S", "82": "S", "39": "E", "54": "E", "115": "W", "78": "W", "176": "S", "99": "E", "147": "E", "80": "S", "22": "W", "195": "N", "103": "N", "133": "E", "70": "W", "59": "S", "179": "E", "17": "E", "182": "S", "159": "E", "75": "W", "21": "E", "62": "E", "16": "E", "109": "E", "79": "W", "26": "S", "67": "S", "64": "S", "4": "W", "183": "W", "65": "S", "178": "W", "138": "E", "24": "N", "84": "E", "105": "E", "167": "N", "100": "E", "107": "E", "137": "N", "11": "N", "28": "W", "23": "E", "52": "N", "116": "W", "9": "W", "86": "W", "51": "W", "187": "S", "95": "E", "150": "S", "153": "E", "61": "S", "120": "E", "77": "S", "177": "W", "85": "E", "81": "S", "148": "W", "130": "E", "196": "S", "50": "N", "57": "E", "68": "W", "69": "W", "181": "W", "19": "N", "43": "N", "56": "W", "101": "S", "55": "E", "136": "N", "87": "S", "97": "N", "91": "W", "104": "E", "36": "W", "119": "S", "35": "W", "117": "W", "40": "E", "63": "W", "71": "E", "171": "W", "189": "N", "102": "W", "163": "E", "142": "S", "192": "E", "185": "E", "175": "W", "112": "S", "143": "E", "135": "W", "31": "W", "45": "W", "125": "E", "113": "S", "172": "W", "180": "W", "122": "S", "108": "W", "118": "W", "124": "E", "0": "E", "140": "E", "145": "S", "184": "W", "127": "E", "90": "S", "134": "W", "190": "W", "151": "S", "73": "W", "88": "N", "5": "E", "10": "E", "37": "S"}, {"74": "E", "110": "S", "48": "S", "76": "N", "170": "S", "83": "S", "44": "W", "82": "E", "139": "W", "54": "E", "34": "S", "165": "E", "115": "W", "78": "N", "89": "S", "176": "S", "99": "E", "80": "S", "22": "W", "15": "S", "195": "N", "133": "E", "186": "W", "179": "E", "17": "S", "141": "S", "182": "S", "159": "N", "75": "W", "21": "E", "62": "E", "109": "E", "79": "W", "18": "S", "67": "E", "149": "S", "4": "W", "183": "S", "65": "W", "20": "W", "138": "E", "24": "W", "84": "E", "105": "S", "14": "E", "167": "W", "114": "E", "107": "E", "137": "E", "11": "N", "28": "W", "32": "S", "23": "E", "52": "N", "116": "W", "9": "W", "86": "W", "51": "W", "98": "W", "187": "W", "95": "S", "150": "W", "168": "E", "153": "E", "61": "E", "49": "W", "177": "W", "81": "S", "148": "W", "193": "N", "130": "E", "50": "E", "57": "S", "68": "W", "69": "W", "181": "W", "2": "W", "43": "E", "152": "E", "55": "E", "160": "S", "136": "N", "72": "E", "87": "S", "97": "N", "111": "E", "91": "N", "104": "S", "36": "W", "128": "S", "53": "E", "35": "S", "117": "W", "46": "W", "38": "N", "40": "E", "63": "S", "171": "W", "66": "S", "189": "N", "102": "W", "163": "E", "142": "W", "6": "E", "192": "N", "185": "E", "175": "W", "41": "E", "143": "N", "31": "W", "45": "S", "144": "S", "131": "W", "7": "S", "166": "E", "125": "E", "113": "E", "172": "S", "0": "S", "140": "E", "145": "E", "184": "W", "127": "E", "134": "S", "190": "S", "151": "S", "154": "S", "88": "N", "5": "E", "10": "E", "188": "W", "37": "W"}, {"74": "E", "110": "E", "48": "W", "76": "W", "191": "E", "173": "W", "170": "S", "83": "S", "44": "S", "34": "E", "47": "N", "165": "N", "115": "N", "176": "S", "99": "E", "80": "W", "22": "W", "15": "S", "195": "N", "30": "N", "133": "E", "70": "E", "186": "S", "59": "N", "179": "N", "17": "E", "182": "W", "75": "N", "21": "E", "62": "N", "29": "E", "109": "E", "79": "W", "58": "E", "149": "W", "4": "W", "183": "S", "65": "W", "20": "S", "138": "E", "24": "W", "84": "E", "105": "E", "14": "S", "167": "W", "100": "E", "114": "S", "132": "N", "107": "E", "137": "E", "11": "E", "28": "W", "23": "E", "116": "W", "42": "E", "9": "N", "86": "W", "51": "W", "174": "N", "98": "N", "187": "N", "150": "S", "153": "S", "61": "E", "49": "W", "106": "W", "1": "S", "77": "W", "177": "W", "60": "N", "81": "S", "148": "W", "12": "S", "130": "N", "196": "S", "50": "N", "57": "W", "68": "W", "69": "W", "19": "E", "56": "S", "152": "N", "55": "S", "160": "S", "87": "S", "155": "E", "97": "N", "111": "S", "91": "W", "104": "S", "36": "W", "128": "S", "169": "S", "117": "W", "46": "W", "25": "W", "38": "W", "40": "E", "71": "S", "171": "W", "66": "E", "189": "N", "146": "W", "102": "W", "163": "S", "142": "W", "192": "N", "185": "N", "143": "E", "135": "N", "45": "S", "131": "W", "7": "W", "166": "E", "125": "E", "162": "E", "180": "E", "122": "E", "108": "W", "0": "E", "140": "S", "33": "N", "184": "W", "127": "E", "134": "S", "93": "N", "8": "E", "190": "S", "154": "E", "73": "E", "5": "S", "10": "E", "188": "W", "37": "W"}, {"74": "E", "110": "E", "48": "W", "191": "S", "173": "S", "170": "S", "83": "S", "44": "S", "121": "E", "197": "W", "54": "N", "34": "E", "47": "E", "165": "W", "78": "E", "176": "S", "147": "N", "80": "S", "22": "W", "195": "E", "103": "N", "133": "E", "70": "E", "186": "S", "179": "E", "17": "S", "182": "N", "75": "N", "21": "E", "62": "N", "161": "E", "79": "W", "26": "S", "18": "S", "58": "S", "67": "S", "149": "W", "4": "N", "65": "W", "178": "S", "20": "S", "138": "E", "24": "W", "84": "E", "105": "S", "14": "S", "167": "S", "114": "S", "107": "E", "137": "N", "11": "S", "28": "W", "32": "E", "23": "E", "116": "S", "9": "W", "86": "W", "51": "W", "98": "W", "187": "E", "150": "S", "168": "W", "153": "S", "61": "E", "49": "W", "106": "W", "1": "W", "77": "W", "94": "W", "177": "W", "60": "N", "81": "E", "148": "W", "193": "E", "12": "W", "130": "E", "196": "S", "50": "N", "57": "S", "68": "W", "69": "W", "181": "S", "2": "E", "56": "W", "152": "N", "158": "W", "101": "W", "160": "S", "87": "S", "155": "E", "97": "N", "111": "W", "91": "W", "104": "S", "36": "W", "128": "W", "119": "S", "53": "S", "35": "W", "169": "W", "117": "W", "46": "S", "25": "N", "38": "W", "40": "S", "63": "E", "71": "S", "171": "N", "66": "E", "189": "E", "146": "W", "102": "W", "163": "W", "142": "S", "6": "S", "192": "N", "185": "E", "143": "E", "135": "W", "45": "W", "131": "W", "166": "E", "125": "N", "162": "E", "122": "E", "108": "W", "118": "W", "0": "S", "140": "S", "33": "W", "145": "E", "184": "W", "134": "S", "8": "E", "154": "S", "73": "E", "5": "E", "10": "S", "188": "W", "37": "S"}, {"74": "E", "110": "E", "194": "S", "48": "W", "191": "S", "173": "S", "170": "E", "83": "E", "44": "S", "197": "S", "54": "N", "123": "S", "157": "N", "34": "S", "47": "S", "176": "S", "147": "E", "80": "S", "195": "S", "30": "S", "103": "W", "133": "E", "70": "E", "186": "W", "59": "S", "179": "N", "17": "E", "182": "W", "159": "W", "75": "E", "13": "W", "62": "N", "161": "S", "79": "S", "26": "S", "18": "S", "58": "E", "67": "E", "149": "W", "4": "W", "183": "W", "65": "W", "178": "E", "20": "S", "138": "S", "24": "W", "198": "E", "84": "N", "105": "S", "14": "W", "167": "S", "100": "E", "114": "S", "107": "E", "137": "E", "11": "S", "28": "W", "32": "E", "23": "E", "52": "N", "116": "W", "9": "W", "86": "W", "51": "W", "98": "N", "95": "W", "150": "S", "168": "W", "153": "W", "61": "E", "49": "W", "106": "S", "1": "W", "77": "S", "177": "W", "60": "N", "148": "W", "12": "W", "130": "E", "196": "W", "50": "N", "57": "W", "68": "W", "69": "W", "181": "W", "19": "W", "43": "E", "56": "W", "152": "N", "158": "S", "55": "S", "160": "E", "136": "S", "72": "S", "155": "E", "97": "E", "111": "S", "199": "S", "91": "N", "104": "S", "36": "N", "128": "W", "119": "W", "53": "S", "35": "W", "169": "S", "117": "N", "46": "S", "25": "W", "38": "W", "40": "E", "63": "S", "171": "N", "189": "E", "146": "S", "102": "W", "163": "W", "142": "W", "6": "S", "192": "N", "185": "E", "143": "E", "135": "W", "45": "S", "131": "W", "125": "E", "172": "E", "180": "S", "122": "S", "108": "W", "124": "W", "0": "W", "140": "S", "126": "W", "33": "S", "145": "E", "184": "W", "134": "E", "8": "S", "190": "S", "154": "S", "73": "S", "88": "N", "5": "S", "10": "S", "188": "W", "37": "W"}, {"74": "E", "110": "E", "191": "S", "173": "E", "83": "E", "44": "E", "197": "S", "54": "N", "123": "W", "157": "N", "34": "S", "47": "E", "115": "N", "78": "E", "176": "S", "147": "N", "80": "E", "30": "W", "133": "E", "70": "E", "186": "S", "17": "S", "182": "N", "159": "N", "75": "E", "21": "N", "62": "W", "161": "S", "79": "S", "26": "S", "18": "S", "67": "E", "64": "S", "149": "W", "4": "W", "183": "S", "178": "E", "20": "S", "24": "W", "198": "S", "84": "N", "105": "S", "14": "W", "167": "S", "100": "S", "114": "S", "132": "N", "137": "N", "28": "W", "32": "E", "52": "E", "116": "W", "9": "W", "86": "W", "51": "W", "98": "W", "150": "S", "168": "S", "3": "S", "153": "S", "61": "E", "49": "S", "106": "S", "1": "W", "77": "S", "177": "W", "85": "W", "60": "N", "148": "W", "193": "S", "12": "W", "130": "E", "196": "W", "50": "N", "68": "W", "69": "W", "181": "W", "19": "W", "56": "W", "152": "E", "55": "W", "160": "E", "136": "W", "72": "W", "27": "S", "155": "S", "97": "E", "199": "S", "91": "N", "104": "S", "36": "W", "128": "W", "119": "W", "53": "S", "35": "S", "169": "S", "117": "W", "46": "S", "25": "N", "38": "W", "40": "E", "63": "S", "171": "N", "66": "S", "189": "N", "146": "W", "102": "W", "163": "W", "6": "S", "192": "E", "185": "E", "41": "E", "143": "E", "135": "W", "31": "W", "45": "W", "131": "W", "7": "N", "125": "N", "172": "E", "180": "S", "122": "S", "108": "W", "118": "S", "124": "N", "0": "W", "140": "S", "33": "S", "145": "E", "184": "W", "8": "S", "190": "S", "154": "S", "73": "S", "5": "E", "10": "S", "188": "W"}, {"74": "E", "110": "E", "191": "W", "173": "S", "83": "E", "82": "W", "197": "W", "54": "N", "157": "N", "34": "S", "47": "S", "165": "W", "115": "W", "78": "N", "176": "E", "147": "N", "80": "S", "30": "W", "70": "E", "186": "W", "59": "W", "179": "N", "17": "S", "182": "N", "159": "N", "75": "E", "21": "N", "62": "W", "161": "S", "129": "N", "79": "S", "26": "S", "18": "S", "58": "E", "67": "E", "64": "E", "149": "W", "4": "W", "183": "S", "178": "E", "20": "S", "138": "W", "24": "W", "198": "S", "84": "W", "105": "S", "14": "W", "167": "W", "100": "S", "114": "E", "137": "E", "28": "W", "32": "E", "23": "N", "116": "W", "9": "W", "86": "N", "51": "W", "174": "S", "98": "W", "95": "N", "150": "S", "168": "S", "3": "S", "153": "W", "61": "S", "49": "W", "106": "S", "1": "W", "77": "S", "94": "S", "177": "N", "60": "N", "148": "W", "12": "W", "130": "E", "196": "W", "50": "W", "57": "S", "68": "W", "69": "W", "181": "W", "19": "W", "56": "W", "152": "N", "101": "N", "55": "S", "136": "W", "155": "S", "97": "E", "91": "W", "104": "S", "36": "W", "128": "W", "119": "W", "53": "W", "35": "W", "169": "S", "117": "W", "46": "S", "25": "N", "38": "W", "40": "E", "63": "S", "92": "W", "171": "N", "189": "E", "146": "W", "102": "W", "163": "W", "6": "S", "41": "E", "112": "E", "143": "N", "135": "W", "31": "W", "45": "W", "131": "N", "7": "W", "166": "W", "162": "W", "180": "S", "122": "S", "108": "N", "118": "W", "0": "S", "140": "E", "33": "E", "145": "N", "184": "W", "8": "S", "151": "S", "154": "E", "88": "E", "5": "E", "10": "S", "188": "N", "37": "W"}, {"110": "E", "194": "N", "191": "W", "83": "E", "82": "W", "197": "W", "54": "N", "34": "S", "47": "S", "115": "W", "78": "N", "176": "E", "147": "E", "80": "S", "30": "S", "133": "N", "70": "E", "186": "W", "59": "S", "179": "E", "17": "S", "182": "N", "159": "W", "75": "N", "21": "E", "62": "W", "29": "N", "161": "S", "129": "W", "79": "S", "26": "S", "58": "E", "67": "E", "64": "S", "149": "W", "4": "W", "183": "S", "65": "N", "178": "E", "20": "S", "138": "S", "24": "S", "198": "S", "84": "W", "105": "E", "14": "W", "167": "W", "100": "W", "114": "E", "107": "N", "137": "E", "28": "W", "32": "E", "116": "W", "9": "S", "86": "N", "51": "W", "174": "W", "98": "N", "150": "S", "3": "S", "153": "W", "61": "S", "49": "W", "106": "W", "1": "W", "77": "S", "94": "W", "177": "N", "60": "N", "148": "N", "12": "S", "130": "N", "196": "W", "50": "N", "57": "S", "68": "W", "69": "N", "181": "W", "2": "N", "156": "W", "19": "W", "56": "W", "152": "N", "158": "W", "101": "N", "55": "W", "160": "S", "136": "W", "72": "W", "155": "S", "97": "E", "111": "S", "91": "W", "104": "E", "36": "W", "128": "W", "119": "W", "53": "W", "35": "S", "169": "S", "46": "W", "25": "W", "38": "W", "40": "N", "63": "S", "171": "N", "146": "S", "102": "W", "6": "E", "185": "E", "41": "E", "143": "N", "135": "W", "31": "W", "7": "S", "166": "W", "125": "N", "162": "N", "180": "S", "122": "S", "108": "N", "118": "S", "0": "W", "140": "E", "33": "E", "184": "W", "127": "N", "8": "S", "151": "S", "154": "S", "88": "E", "5": "E", "10": "S", "37": "W"}, {"110": "E", "191": "W", "83": "E", "82": "W", "121": "S", "197": "W", "54": "E", "34": "S", "47": "W", "115": "W", "78": "N", "176": "E", "147": "E", "80": "S", "22": "E", "195": "W", "30": "W", "103": "W", "133": "E", "70": "E", "186": "W", "59": "S", "179": "E", "17": "E", "182": "N", "159": "W", "75": "N", "13": "W", "21": "E", "62": "W", "16": "W", "161": "W", "129": "W", "26": "S", "18": "W", "58": "S", "67": "S", "64": "S", "149": "S", "4": "W", "183": "S", "65": "N", "178": "E", "20": "S", "138": "S", "24": "S", "198": "W", "84": "W", "14": "S", "167": "N", "100": "W", "114": "S", "107": "W", "137": "E", "11": "S", "28": "W", "32": "N", "23": "W", "116": "N", "9": "W", "51": "W", "174": "W", "98": "N", "187": "E", "150": "S", "168": "S", "153": "W", "61": "S", "49": "S", "106": "W", "1": "W", "77": "W", "94": "W", "85": "E", "60": "W", "148": "N", "193": "W", "12": "W", "130": "N", "196": "W", "50": "W", "57": "S", "68": "W", "69": "N", "181": "N", "2": "E", "156": "W", "19": "W", "43": "W", "152": "E", "158": "W", "55": "W", "136": "W", "155": "S", "97": "E", "111": "E", "199": "W", "91": "W", "104": "S", "128": "W", "119": "W", "53": "W", "35": "W", "169": "W", "46": "W", "25": "W", "38": "W", "40": "N", "63": "E", "71": "W", "171": "N", "102": "W", "192": "E", "185": "E", "41": "E", "143": "W", "31": "W", "144": "N", "131": "W", "7": "W", "166": "N", "125": "N", "172": "W", "122": "S", "108": "W", "124": "N", "0": "S", "126": "S", "33": "E", "184": "W", "90": "W", "93": "N", "8": "S", "151": "S", "154": "S", "73": "W", "88": "S", "5": "E", "10": "W", "188": "W", "37": "W"}, {"96": "E", "110": "E", "191": "S", "121": "E", "197": "S", "54": "S", "157": "W", "34": "S", "47": "S", "78": "W", "89": "W", "176": "E", "147": "S", "22": "S", "195": "S", "30": "S", "103": "S", "133": "S", "186": "W", "59": "S", "179": "S", "17": "S", "182": "N", "159": "W", "75": "N", "21": "S", "62": "W", "161": "W", "129": "N", "58": "S", "67": "S", "64": "W", "149": "S", "4": "W", "183": "E", "65": "W", "178": "S", "20": "S", "138": "W", "24": "S", "198": "W", "84": "W", "14": "W", "167": "W", "100": "W", "114": "W", "132": "S", "107": "S", "137": "N", "11": "S", "28": "W", "32": "N", "9": "W", "51": "W", "174": "W", "150": "S", "168": "S", "153": "W", "61": "S", "49": "W", "1": "S", "77": "S", "94": "W", "60": "W", "148": "N", "12": "W", "130": "E", "196": "W", "50": "N", "68": "N", "69": "N", "181": "W", "2": "E", "19": "W", "152": "E", "158": "W", "55": "W", "136": "W", "72": "S", "155": "S", "97": "E", "111": "S", "199": "S", "91": "W", "104": "S", "128": "W", "119": "N", "53": "S", "35": "W", "169": "W", "46": "S", "25": "W", "38": "S", "40": "E", "63": "E", "66": "E", "192": "E", "185": "N", "41": "S", "143": "W", "135": "W", "31": "W", "45": "N", "131": "W", "166": "E", "125": "W", "162": "N", "113": "E", "172": "S", "122": "W", "108": "W", "118": "S", "124": "E", "0": "S", "126": "E", "33": "S", "145": "S", "184": "N", "127": "N", "134": "N", "8": "W", "151": "W", "154": "S", "73": "S", "88": "S", "5": "E", "10": "S", "37": "W"}, {"96": "S", "191": "S", "82": "E", "121": "E", "197": "S", "54": "S", "157": "N", "34": "S", "115": "W", "78": "N", "176": "E", "147": "E", "22": "S", "195": "S", "30": "S", "103": "S", "133": "E", "186": "W", "179": "E", "17": "S", "141": "S", "182": "N", "159": "N", "75": "N", "13": "E", "21": "E", "62": "W", "29": "S", "161": "W", "129": "W", "79": "W", "58": "S", "67": "S", "64": "S", "4": "N", "183": "N", "65": "N", "178": "S", "20": "E", "138": "W", "24": "S", "198": "S", "84": "W", "14": "W", "167": "W", "100": "W", "114": "S", "137": "E", "11": "S", "28": "W", "32": "N", "23": "E", "52": "W", "116": "N", "9": "S", "51": "W", "174": "W", "95": "E", "150": "S", "3": "E", "153": "W", "61": "S", "49": "S", "106": "W", "1": "S", "77": "W", "94": "W", "177": "W", "60": "W", "148": "N", "193": "E", "12": "S", "130": "E", "196": "S", "50": "W", "68": "N", "69": "N", "181": "W", "2": "E", "156": "W", "19": "N", "43": "E", "56": "W", "152": "E", "158": "W", "101": "E", "55": "W", "136": "W", "72": "W", "155": "S", "97": "E", "111": "E", "199": "S", "91": "W", "104": "S", "36": "E", "128": "W", "53": "S", "35": "W", "169": "W", "46": "S", "25": "W", "40": "N", "63": "E", "189": "N", "146": "N", "163": "E", "142": "N", "192": "E", "185": "N", "175": "N", "41": "S", "143": "N", "135": "W", "31": "W", "45": "E", "131": "W", "166": "S", "125": "W", "162": "W", "113": "E", "122": "W", "108": "N", "118": "S", "0": "W", "140": "S", "126": "N", "33": "S", "145": "W", "184": "N", "134": "E", "93": "S", "8": "W", "151": "W", "88": "W", "5": "E", "10": "S", "37": "W"}, {"96": "S", "191": "S", "82": "E", "121": "N", "197": "S", "54": "S", "34": "S", "115": "S", "176": "E", "99": "S", "147": "E", "22": "S", "15": "S", "195": "S", "30": "W", "103": "S", "133": "E", "186": "W", "179": "E", "17": "W", "141": "S", "182": "N", "159": "N", "75": "N", "21": "N", "62": "S", "161": "W", "109": "S", "18": "E", "58": "S", "67": "S", "64": "S", "4": "N", "183": "N", "65": "N", "178": "S", "20": "E", "138": "S", "24": "S", "198": "S", "84": "W", "105": "E", "167": "S", "100": "W", "114": "S", "107": "E", "137": "E", "11": "S", "28": "W", "32": "N", "23": "E", "52": "W", "42": "S", "9": "S", "86": "W", "51": "W", "174": "N", "95": "E", "150": "S", "3": "S", "153": "W", "61": "S", "49": "S", "106": "W", "120": "S", "1": "W", "77": "S", "94": "S", "60": "S", "81": "S", "193": "E", "130": "E", "196": "S", "50": "N", "57": "E", "69": "N", "181": "W", "2": "E", "156": "W", "19": "N", "43": "E", "56": "N", "152": "E", "158": "S", "101": "E", "55": "W", "136": "N", "72": "W", "87": "S", "155": "S", "97": "E", "111": "S", "199": "S", "91": "W", "104": "W", "36": "S", "128": "W", "53": "W", "35": "W", "169": "W", "46": "W", "25": "W", "63": "E", "71": "E", "189": "N", "146": "E", "185": "W", "175": "W", "41": "S", "143": "N", "135": "W", "31": "N", "45": "S", "144": "S", "131": "W", "7": "S", "125": "W", "162": "N", "113": "S", "172": "N", "122": "S", "108": "W", "118": "S", "0": "W", "140": "E", "33": "W", "145": "S", "184": "N", "127": "S", "90": "E", "134": "E", "93": "S", "8": "S", "151": "S", "73": "W", "88": "W", "5": "S", "188": "N", "37": "N"}, {"96": "W", "110": "S", "191": "W", "82": "E", "197": "S", "54": "S", "157": "E", "34": "S", "115": "E", "78": "N", "89": "E", "176": "E", "99": "E", "147": "S", "22": "S", "15": "E", "195": "S", "30": "W", "103": "S", "133": "E", "186": "W", "59": "W", "179": "E", "17": "S", "141": "E", "182": "N", "159": "W", "75": "E", "13": "E", "21": "E", "62": "W", "161": "W", "58": "S", "67": "S", "64": "E", "4": "N", "183": "N", "65": "N", "178": "S", "20": "E", "138": "S", "24": "S", "198": "S", "84": "W", "14": "S", "167": "W", "100": "W", "114": "S", "107": "S", "137": "E", "28": "W", "52": "S", "116": "S", "9": "S", "86": "W", "51": "W", "174": "W", "98": "N", "187": "E", "95": "E", "150": "S", "3": "S", "153": "W", "61": "E", "49": "S", "106": "W", "120": "S", "1": "S", "77": "S", "94": "W", "60": "S", "148": "S", "193": "N", "196": "S", "50": "N", "57": "S", "69": "N", "181": "S", "2": "E", "156": "N", "43": "E", "152": "E", "158": "W", "55": "W", "136": "W", "72": "W", "27": "E", "87": "E", "155": "S", "97": "E", "111": "W", "199": "S", "91": "W", "104": "S", "36": "S", "128": "W", "119": "E", "53": "W", "35": "W", "169": "W", "117": "W", "46": "S", "25": "W", "38": "S", "63": "E", "66": "E", "189": "N", "146": "S", "163": "E", "6": "W", "185": "W", "175": "W", "41": "W", "143": "N", "135": "W", "31": "N", "144": "E", "125": "W", "162": "N", "122": "S", "108": "W", "118": "S", "124": "S", "0": "S", "140": "S", "145": "S", "184": "N", "127": "W", "134": "S", "8": "S", "190": "E", "151": "S", "73": "W", "88": "S", "5": "S", "188": "W", "37": "N"}, {"96": "S", "110": "E", "191": "S", "82": "E", "197": "S", "34": "S", "165": "S", "78": "W", "176": "E", "99": "E", "147": "S", "15": "S", "195": "S", "30": "S", "103": "E", "133": "E", "186": "S", "59": "S", "17": "S", "159": "W", "75": "E", "13": "S", "21": "S", "62": "S", "161": "S", "79": "N", "26": "N", "18": "E", "58": "E", "4": "N", "183": "N", "65": "W", "178": "E", "20": "E", "138": "S", "24": "S", "198": "E", "84": "W", "105": "E", "14": "W", "167": "S", "100": "W", "114": "S", "137": "E", "28": "W", "32": "S", "23": "N", "52": "S", "9": "S", "86": "W", "51": "W", "98": "N", "187": "E", "95": "E", "150": "S", "168": "E", "3": "S", "153": "W", "61": "E", "106": "W", "120": "W", "1": "W", "77": "S", "94": "S", "177": "N", "60": "S", "193": "W", "130": "S", "196": "S", "50": "E", "57": "E", "68": "S", "69": "N", "181": "W", "2": "E", "156": "N", "43": "S", "152": "S", "158": "S", "101": "S", "55": "W", "136": "N", "72": "S", "27": "E", "155": "S", "97": "E", "111": "S", "199": "S", "104": "S", "36": "W", "128": "W", "53": "W", "35": "S", "169": "S", "46": "S", "25": "W", "38": "S", "63": "S", "171": "N", "66": "E", "189": "E", "146": "E", "102": "W", "142": "S", "6": "S", "185": "W", "175": "W", "41": "W", "143": "W", "135": "W", "31": "N", "7": "W", "166": "N", "125": "W", "162": "W", "172": "S", "180": "W", "122": "S", "108": "N", "118": "W", "124": "S", "140": "E", "145": "S", "134": "W", "8": "S", "151": "S", "73": "S", "5": "S", "10": "S", "188": "W"}, {"96": "S", "110": "E", "191": "S", "82": "E", "121": "E", "197": "S", "34": "S", "78": "S", "89": "N", "176": "E", "99": "E", "147": "S", "22": "E", "15": "S", "195": "S", "30": "W", "103": "E", "133": "S", "186": "S", "179": "S", "17": "S", "182": "W", "159": "W", "75": "E", "21": "S", "62": "S", "161": "S", "79": "E", "18": "S", "58": "S", "67": "S", "149": "E", "4": "N", "65": "W", "178": "E", "20": "E", "138": "S", "24": "S", "198": "S", "84": "W", "14": "W", "167": "W", "100": "N", "114": "S", "137": "E", "11": "E", "28": "W", "32": "S", "23": "E", "52": "S", "116": "N", "9": "S", "86": "W", "51": "N", "174": "S", "95": "S", "150": "S", "3": "S", "153": "W", "61": "E", "106": "S", "120": "S", "1": "W", "77": "S", "94": "S", "177": "N", "60": "S", "81": "N", "193": "S", "130": "S", "196": "S", "57": "E", "68": "E", "181": "N", "2": "N", "156": "E", "19": "W", "43": "E", "152": "S", "158": "S", "101": "S", "55": "W", "136": "N", "72": "S", "27": "E", "87": "S", "155": "E", "97": "N", "199": "S", "91": "W", "104": "E", "36": "S", "128": "W", "53": "W", "35": "S", "169": "S", "46": "S", "25": "W", "38": "S", "40": "E", "63": "S", "92": "S", "189": "E", "102": "N", "163": "E", "192": "E", "185": "N", "175": "S", "41": "S", "112": "S", "143": "N", "135": "W", "45": "W", "131": "N", "7": "W", "166": "W", "125": "W", "162": "N", "172": "S", "180": "W", "108": "W", "118": "W", "145": "E", "8": "S", "151": "S", "154": "W", "88": "S", "5": "S", "10": "E", "188": "W"}, {"96": "W", "110": "N", "191": "E", "82": "S", "121": "S", "197": "E", "34": "S", "89": "N", "176": "S", "99": "N", "147": "S", "22": "N", "15": "S", "195": "S", "30": "S", "103": "E", "133": "S", "186": "S", "179": "S", "17": "S", "141": "N", "182": "N", "159": "W", "75": "E", "13": "N", "21": "S", "62": "S", "161": "S", "129": "S", "79": "S", "26": "N", "18": "W", "58": "S", "67": "S", "64": "W", "65": "N", "178": "E", "20": "E", "138": "W", "24": "S", "198": "S", "84": "W", "14": "N", "167": "S", "100": "N", "114": "W", "107": "N", "137": "E", "11": "E", "28": "W", "32": "S", "52": "S", "116": "N", "9": "W", "86": "N", "51": "N", "174": "W", "150": "S", "3": "W", "153": "W", "61": "E", "49": "S", "106": "S", "120": "W", "1": "W", "94": "S", "85": "S", "60": "S", "130": "S", "196": "W", "50": "N", "57": "S", "69": "W", "181": "W", "2": "E", "19": "N", "152": "S", "136": "N", "72": "W", "155": "S", "97": "N", "111": "W", "199": "E", "104": "S", "128": "N", "53": "S", "35": "S", "169": "W", "117": "E", "46": "S", "25": "N", "38": "S", "40": "N", "63": "S", "92": "S", "189": "E", "146": "E", "163": "S", "192": "E", "185": "N", "41": "S", "112": "E", "143": "W", "135": "N", "31": "N", "45": "S", "144": "E", "7": "W", "166": "S", "125": "W", "162": "W", "113": "E", "172": "S", "180": "W", "108": "W", "118": "W", "0": "S", "140": "E", "33": "S", "145": "S", "184": "W", "134": "E", "8": "S", "190": "S", "151": "W", "154": "W", "73": "S", "5": "W"}, {"96": "S", "110": "E", "191": "E", "173": "S", "82": "S", "197": "E", "34": "W", "165": "W", "89": "N", "176": "S", "99": "W", "147": "S", "22": "W", "15": "W", "195": "S", "30": "S", "133": "S", "186": "S", "179": "S", "17": "W", "141": "W", "182": "N", "159": "W", "75": "E", "21": "S", "62": "S", "161": "S", "129": "S", "109": "S", "79": "S", "18": "S", "58": "E", "149": "E", "65": "W", "178": "E", "20": "E", "138": "W", "24": "S", "198": "W", "84": "N", "105": "W", "14": "W", "167": "W", "100": "N", "114": "W", "132": "N", "107": "E", "137": "E", "11": "E", "28": "W", "32": "S", "52": "S", "116": "W", "9": "W", "86": "N", "51": "N", "174": "W", "95": "E", "150": "E", "3": "S", "153": "W", "61": "E", "106": "S", "120": "W", "1": "S", "77": "S", "94": "W", "60": "S", "148": "S", "12": "S", "130": "E", "50": "E", "57": "S", "69": "W", "2": "E", "156": "W", "19": "N", "43": "S", "56": "S", "152": "S", "101": "W", "136": "W", "27": "W", "87": "N", "97": "E", "111": "S", "104": "S", "128": "N", "119": "S", "53": "W", "35": "S", "169": "W", "46": "S", "25": "N", "40": "N", "63": "E", "66": "S", "189": "S", "146": "N", "102": "W", "163": "S", "142": "S", "6": "S", "192": "N", "185": "N", "175": "S", "41": "S", "112": "E", "143": "W", "45": "S", "144": "E", "7": "W", "166": "S", "125": "W", "162": "W", "172": "S", "180": "S", "122": "E", "108": "W", "118": "W", "0": "S", "140": "S", "145": "S", "184": "N", "127": "N", "90": "W", "134": "S", "8": "W", "190": "S", "151": "W", "154": "S", "73": "S", "88": "E", "5": "S", "37": "W"}, {"96": "E", "110": "E", "191": "N", "82": "E", "197": "E", "34": "W", "147": "E", "22": "W", "195": "S", "30": "S", "186": "S", "17": "W", "141": "S", "182": "N", "159": "W", "75": "E", "62": "S", "16": "W", "161": "S", "109": "W", "26": "S", "18": "S", "58": "S", "67": "S", "65": "N", "178": "E", "20": "S", "138": "W", "24": "W", "198": "S", "84": "N", "105": "W", "14": "W", "167": "W", "100": "W", "114": "W", "132": "N", "137": "N", "11": "N", "28": "W", "23": "S", "52": "E", "116": "N", "42": "S", "9": "S", "51": "N", "174": "N", "187": "N", "95": "E", "150": "S", "168": "S", "3": "S", "153": "S", "61": "N", "106": "W", "120": "W", "1": "W", "77": "S", "94": "W", "85": "N", "60": "S", "148": "S", "193": "W", "12": "S", "130": "E", "196": "S", "50": "E", "57": "S", "68": "E", "69": "N", "2": "E", "156": "N", "19": "N", "43": "W", "56": "S", "152": "S", "101": "W", "55": "S", "136": "W", "27": "W", "155": "S", "97": "E", "91": "W", "104": "S", "128": "N", "119": "W", "53": "W", "35": "S", "169": "W", "46": "S", "63": "S", "92": "N", "66": "S", "189": "E", "146": "N", "102": "W", "163": "S", "142": "S", "6": "S", "192": "E", "185": "W", "41": "W", "112": "E", "143": "N", "135": "N", "31": "N", "131": "S", "7": "S", "166": "W", "125": "N", "162": "N", "113": "N", "172": "S", "180": "S", "108": "W", "118": "W", "0": "W", "140": "S", "33": "E", "145": "S", "184": "N", "127": "W", "90": "W", "134": "W", "190": "W", "151": "W", "154": "S", "88": "E", "5": "S", "10": "W", "188": "S", "37": "W"}, {"191": "E", "173": "N", "82": "S", "121": "W", "197": "E", "34": "N", "89": "S", "176": "N", "147": "S", "195": "S", "30": "S", "186": "S", "17": "W", "141": "S", "182": "E", "159": "S", "75": "E", "62": "S", "16": "S", "109": "N", "26": "S", "18": "S", "58": "S", "65": "N", "178": "E", "20": "S", "138": "W", "24": "W", "84": "W", "14": "N", "167": "W", "100": "W", "114": "S", "137": "E", "11": "N", "28": "N", "23": "E", "52": "S", "116": "E", "42": "W", "9": "S", "86": "W", "98": "N", "95": "E", "150": "E", "168": "S", "3": "S", "153": "W", "61": "E", "106": "W", "120": "S", "1": "W", "77": "W", "94": "W", "60": "W", "148": "W", "193": "W", "12": "W", "130": "S", "196": "S", "50": "E", "57": "W", "69": "N", "181": "W", "156": "N", "19": "W", "56": "E", "152": "S", "158": "S", "101": "W", "55": "W", "160": "E", "136": "W", "72": "S", "27": "W", "155": "E", "97": "S", "91": "W", "104": "S", "128": "N", "119": "S", "53": "S", "35": "S", "169": "W", "46": "S", "25": "N", "63": "S", "71": "W", "92": "N", "171": "S", "66": "S", "189": "S", "146": "E", "102": "N", "6": "S", "192": "S", "185": "W", "41": "S", "112": "E", "143": "N", "7": "S", "166": "N", "125": "W", "162": "N", "172": "S", "180": "S", "122": "S", "118": "W", "0": "S", "140": "S", "145": "S", "184": "E", "134": "W", "93": "W", "151": "W", "154": "S", "73": "S", "88": "N", "5": "S", "10": "W", "37": "N"}, {"82": "S", "121": "N", "197": "N", "34": "N", "165": "E", "89": "S", "176": "N", "147": "S", "195": "S", "30": "S", "59": "E", "17": "W", "159": "S", "75": "E", "62": "S", "16": "S", "109": "N", "18": "E", "58": "S", "149": "N", "65": "W", "178": "S", "20": "W", "138": "N", "24": "S", "84": "N", "14": "N", "167": "W", "100": "W", "114": "W", "132": "S", "107": "N", "137": "E", "11": "W", "28": "N", "52": "S", "42": "W", "9": "S", "86": "N", "51": "N", "174": "W", "98": "N", "187": "S", "95": "E", "150": "E", "168": "W", "3": "S", "153": "W", "61": "E", "49": "E", "106": "W", "1": "W", "94": "W", "60": "N", "148": "N", "12": "S", "130": "E", "196": "W", "50": "S", "57": "S", "68": "E", "69": "N", "2": "E", "156": "E", "19": "W", "152": "E", "158": "W", "101": "W", "55": "S", "160": "E", "136": "W", "72": "E", "27": "W", "87": "N", "155": "S", "97": "E", "91": "W", "104": "S", "36": "N", "128": "N", "119": "W", "53": "W", "35": "S", "169": "W", "46": "E", "40": "W", "63": "S", "71": "W", "66": "S", "189": "E", "146": "E", "102": "N", "163": "S", "6": "S", "185": "N", "175": "S", "41": "S", "112": "E", "144": "S", "131": "N", "7": "W", "166": "E", "125": "N", "162": "W", "172": "S", "180": "S", "122": "S", "108": "W", "118": "W", "124": "N", "0": "S", "140": "E", "33": "N", "145": "S", "127": "S", "90": "E", "134": "S", "93": "S", "190": "S", "151": "W", "88": "W", "5": "S", "37": "N"}, {"82": "S", "34": "N", "89": "S", "147": "S", "195": "E", "30": "E", "17": "W", "159": "S", "75": "E", "62": "S", "16": "S", "109": "E", "18": "S", "58": "S", "64": "N", "149": "W", "65": "W", "178": "E", "20": "S", "138": "E", "24": "W", "84": "W", "105": "W", "14": "N", "100": "W", "114": "W", "132": "S", "107": "W", "137": "N", "28": "N", "52": "E", "42": "W", "9": "S", "86": "N", "174": "N", "187": "E", "95": "S", "150": "E", "3": "E", "153": "W", "61": "E", "49": "E", "106": "W", "1": "W", "77": "S", "94": "W", "177": "N", "193": "E", "12": "W", "130": "E", "196": "W", "57": "W", "68": "N", "69": "N", "181": "S", "2": "S", "156": "E", "19": "N", "152": "E", "158": "W", "101": "W", "55": "W", "136": "N", "72": "S", "27": "N", "155": "S", "97": "S", "91": "W", "128": "N", "119": "S", "53": "W", "35": "S", "169": "W", "117": "E", "46": "E", "25": "N", "40": "N", "63": "S", "71": "S", "171": "N", "66": "W", "189": "S", "146": "E", "102": "N", "163": "S", "6": "S", "192": "E", "185": "N", "175": "S", "41": "W", "112": "E", "144": "E", "7": "S", "166": "S", "125": "W", "162": "W", "113": "S", "122": "W", "108": "W", "118": "W", "0": "S", "140": "E", "126": "S", "145": "S", "184": "S", "127": "S", "90": "E", "134": "S", "93": "E", "8": "W", "151": "W", "154": "S", "73": "N", "88": "W", "5": "S", "10": "E", "188": "W"}, {"147": "E", "30": "E", "17": "N", "159": "S", "62": "S", "16": "S", "18": "E", "58": "S", "67": "E", "149": "W", "65": "W", "178": "E", "20": "S", "138": "E", "24": "W", "84": "W", "14": "W", "100": "N", "114": "W", "107": "S", "137": "E", "11": "E", "28": "N", "52": "S", "42": "N", "9": "W", "86": "N", "51": "N", "174": "N", "98": "W", "95": "S", "150": "E", "153": "W", "106": "S", "1": "N", "77": "E", "94": "W", "193": "E", "12": "W", "130": "E", "196": "W", "50": "E", "57": "W", "68": "N", "69": "N", "2": "E", "156": "N", "19": "N", "43": "N", "152": "E", "158": "N", "101": "W", "55": "W", "136": "W", "72": "W", "27": "E", "155": "W", "91": "W", "104": "W", "36": "S", "128": "N", "53": "W", "35": "S", "169": "W", "117": "E", "46": "E", "40": "N", "63": "S", "71": "W", "66": "W", "189": "E", "146": "E", "102": "N", "163": "W", "192": "E", "185": "N", "175": "W", "41": "S", "112": "E", "143": "N", "135": "N", "31": "N", "45": "S", "144": "E", "7": "S", "166": "S", "125": "W", "162": "W", "172": "W", "108": "W", "118": "W", "0": "W", "140": "S", "33": "W", "145": "W", "184": "S", "127": "S", "134": "S", "190": "N", "151": "W", "154": "S", "73": "E", "88": "S", "5": "S", "188": "W"}, {"147": "S", "30": "E", "17": "N", "62": "W", "16": "S", "18": "S", "58": "S", "67": "S", "64": "S", "149": "S", "65": "S", "178": "N", "20": "S", "138": "E", "24": "S", "84": "W", "105": "S", "14": "N", "100": "N", "114": "W", "137": "E", "11": "S", "28": "N", "116": "W", "42": "N", "9": "S", "86": "E", "174": "N", "95": "S", "150": "E", "153": "N", "49": "S", "106": "S", "120": "W", "1": "W", "77": "E", "94": "W", "85": "W", "193": "E", "12": "W", "130": "S", "196": "W", "50": "E", "57": "W", "68": "W", "69": "N", "181": "N", "2": "E", "156": "E", "19": "N", "43": "W", "56": "S", "152": "E", "101": "W", "55": "W", "136": "W", "72": "S", "155": "W", "199": "W", "91": "W", "36": "W", "128": "N", "119": "S", "53": "W", "35": "E", "169": "W", "38": "S", "63": "S", "71": "S", "66": "S", "189": "E", "146": "E", "102": "N", "163": "S", "142": "W", "6": "S", "192": "E", "185": "N", "175": "W", "41": "S", "143": "W", "135": "N", "31": "W", "144": "E", "7": "S", "166": "S", "125": "N", "162": "W", "172": "S", "122": "S", "108": "S", "118": "W", "0": "W", "140": "S", "145": "S", "127": "S", "90": "W", "134": "S", "190": "N", "151": "W", "154": "S", "73": "S", "88": "S", "5": "S", "188": "W"}, {"30": "E", "17": "N", "62": "S", "16": "S", "26": "E", "18": "E", "58": "W", "67": "S", "64": "E", "149": "W", "65": "S", "178": "E", "20": "W", "138": "E", "24": "S", "84": "W", "14": "W", "167": "N", "100": "W", "114": "W", "137": "E", "11": "S", "28": "N", "116": "W", "42": "W", "9": "S", "174": "E", "95": "S", "150": "E", "3": "N", "153": "W", "61": "E", "49": "W", "106": "W", "120": "W", "1": "W", "77": "E", "94": "N", "148": "W", "12": "W", "130": "S", "196": "W", "57": "W", "68": "W", "69": "E", "2": "E", "156": "E", "43": "N", "152": "E", "101": "W", "55": "W", "136": "N", "72": "W", "87": "S", "155": "W", "91": "S", "104": "W", "36": "W", "128": "N", "53": "W", "35": "E", "169": "W", "38": "S", "40": "E", "63": "S", "71": "E", "92": "S", "66": "W", "189": "E", "146": "E", "102": "N", "163": "W", "142": "W", "6": "S", "185": "N", "175": "W", "41": "S", "112": "E", "143": "W", "135": "W", "7": "S", "166": "S", "125": "W", "162": "N", "172": "S", "180": "W", "122": "W", "108": "W", "118": "W", "0": "W", "140": "S", "33": "N", "145": "S", "184": "N", "127": "S", "134": "S", "8": "E", "151": "W", "154": "S", "73": "S", "5": "S", "10": "W", "188": "W"}, {"30": "E", "62": "S", "16": "S", "26": "E", "18": "E", "58": "W", "67": "W", "149": "S", "65": "W", "20": "S", "138": "E", "24": "S", "84": "N", "105": "N", "14": "N", "167": "N", "100": "W", "114": "N", "137": "S", "116": "W", "42": "W", "9": "E", "98": "E", "95": "S", "150": "E", "168": "N", "153": "W", "61": "E", "49": "W", "106": "S", "120": "W", "1": "W", "77": "N", "94": "W", "148": "W", "12": "W", "196": "N", "57": "S", "68": "W", "69": "E", "181": "W", "2": "S", "156": "E", "19": "N", "152": "S", "101": "W", "55": "S", "160": "N", "136": "W", "72": "W", "87": "W", "155": "S", "199": "E", "91": "S", "36": "W", "128": "N", "119": "N", "53": "W", "35": "S", "169": "W", "38": "S", "40": "N", "63": "S", "71": "E", "92": "W", "66": "N", "189": "E", "146": "E", "102": "N", "163": "S", "142": "W", "6": "S", "185": "W", "175": "W", "41": "S", "135": "W", "131": "W", "7": "S", "166": "S", "125": "W", "162": "W", "180": "W", "122": "W", "108": "W", "118": "W", "124": "E", "0": "W", "140": "S", "33": "N", "145": "W", "184": "N", "134": "S", "93": "N", "151": "W", "154": "E", "73": "E", "5": "W", "188": "N", "37": "W"}, {"30": "E", "62": "S", "16": "S", "18": "S", "58": "W", "149": "E", "138": "E", "24": "S", "84": "W", "14": "N", "100": "W", "114": "N", "137": "S", "116": "N", "9": "E", "86": "E", "98": "S", "187": "N", "95": "S", "150": "E", "3": "S", "153": "W", "61": "N", "49": "W", "106": "W", "120": "S", "1": "W", "77": "E", "94": "W", "85": "E", "148": "N", "12": "W", "196": "W", "57": "W", "69": "E", "156": "E", "19": "W", "56": "S", "152": "W", "101": "S", "55": "W", "160": "W", "136": "N", "72": "W", "87": "S", "155": "S", "91": "S", "36": "N", "128": "N", "119": "E", "53": "W", "35": "S", "169": "W", "46": "S", "40": "N", "63": "S", "71": "E", "92": "N", "171": "N", "66": "N", "189": "E", "146": "N", "102": "N", "163": "W", "142": "N", "6": "S", "192": "W", "185": "W", "175": "N", "41": "S", "112": "E", "143": "N", "135": "N", "7": "S", "166": "S", "125": "W", "162": "W", "122": "W", "108": "W", "118": "N", "0": "W", "140": "E", "33": "W", "145": "W", "127": "E", "134": "E", "151": "W", "154": "E", "73": "E", "5": "S", "188": "N"}, {"30": "E", "62": "W", "16": "E", "26": "W", "18": "W", "58": "W", "64": "W", "138": "E", "24": "S", "14": "E", "100": "W", "137": "S", "116": "N", "42": "E", "9": "N", "51": "W", "98": "S", "95": "S", "150": "E", "3": "W", "153": "W", "61": "W", "49": "W", "106": "S", "120": "S", "1": "W", "77": "E", "94": "W", "148": "E", "12": "W", "196": "W", "57": "W", "181": "E", "156": "E", "19": "W", "56": "S", "152": "W", "101": "S", "55": "W", "160": "W", "136": "W", "72": "W", "155": "W", "91": "S", "36": "N", "119": "N", "53": "W", "35": "S", "169": "W", "46": "E", "25": "E", "40": "N", "63": "S", "92": "N", "66": "N", "189": "E", "146": "E", "102": "N", "163": "W", "142": "E", "6": "S", "192": "W", "185": "N", "41": "S", "143": "W", "135": "E", "144": "N", "7": "S", "166": "S", "125": "W", "162": "W", "172": "E", "180": "S", "122": "W", "108": "W", "118": "N", "124": "W", "0": "W", "140": "S", "126": "S", "33": "S", "145": "W", "127": "S", "134": "S", "190": "E", "151": "N", "73": "S", "5": "S"}, {"62": "W", "16": "E", "26": "W", "18": "W", "24": "S", "14": "N", "100": "W", "116": "N", "42": "E", "9": "E", "86": "W", "51": "W", "174": "N", "95": "S", "150": "E", "168": "N", "153": "W", "61": "N", "49": "S", "106": "S", "120": "S", "1": "N", "77": "E", "94": "N", "148": "E", "12": "W", "196": "W", "57": "W", "181": "E", "156": "N", "19": "W", "56": "S", "101": "S", "55": "W", "136": "W", "72": "S", "87": "N", "155": "W", "91": "S", "36": "W", "119": "N", "53": "W", "35": "E", "169": "W", "117": "N", "46": "E", "25": "S", "40": "N", "63": "W", "92": "E", "66": "N", "189": "E", "146": "E", "102": "N", "163": "W", "142": "N", "6": "W", "185": "W", "41": "W", "112": "W", "143": "W", "135": "E", "45": "N", "131": "S", "7": "S", "166": "S", "125": "W", "162": "W", "172": "S", "180": "E", "122": "W", "108": "W", "118": "N", "124": "W", "0": "W", "140": "S", "33": "S", "145": "W", "184": "S", "127": "S", "134": "S", "8": "W", "190": "S", "73": "S", "5": "S"}, {"62": "S", "18": "W", "58": "S", "24": "S", "14": "E", "100": "W", "116": "E", "86": "N", "174": "W", "187": "S", "95": "E", "150": "E", "153": "W", "61": "N", "49": "W", "106": "E", "120": "S", "1": "W", "77": "E", "94": "N", "148": "E", "193": "N", "12": "N", "196": "N", "57": "N", "181": "E", "156": "E", "19": "W", "56": "S", "55": "S", "160": "S", "136": "W", "72": "W", "87": "N", "155": "S", "91": "W", "36": "N", "119": "W", "53": "W", "35": "E", "169": "W", "46": "E", "25": "W", "38": "W", "40": "N", "63": "W", "71": "N", "92": "E", "66": "N", "189": "S", "146": "S", "102": "N", "163": "W", "6": "W", "192": "E", "185": "W", "41": "W", "112": "W", "143": "W", "144": "N", "131": "S", "7": "S", "166": "S", "125": "W", "162": "W", "172": "S", "180": "E", "122": "W", "108": "S", "118": "N", "124": "S", "0": "S", "140": "S", "126": "N", "33": "S", "145": "W", "184": "S", "127": "S", "134": "S", "190": "W", "151": "S", "5": "S"}, {"62": "W", "16": "S", "18": "W", "24": "E", "14": "E", "100": "W", "116": "N", "51": "E", "174": "S", "98": "S", "95": "E", "150": "N", "153": "W", "61": "N", "49": "N", "106": "E", "1": "N", "94": "N", "193": "N", "196": "N", "156": "S", "19": "W", "101": "S", "55": "W", "136": "W", "72": "W", "155": "W", "111": "E", "91": "S", "36": "W", "119": "N", "53": "W", "35": "S", "169": "W", "117": "S", "46": "E", "25": "N", "38": "S", "63": "W", "71": "N", "92": "S", "189": "E", "146": "E", "102": "N", "163": "W", "6": "W", "185": "W", "41": "W", "112": "W", "143": "W", "131": "E", "7": "E", "166": "S", "125": "W", "162": "W", "113": "W", "172": "E", "180": "E", "122": "W", "108": "S", "118": "N", "124": "E", "0": "W", "140": "S", "33": "S", "145": "W", "127": "S", "134": "S", "8": "E", "190": "S", "151": "W", "154": "E", "5": "S"}, {"62": "W", "16": "S", "18": "N", "24": "E", "14": "S", "100": "W", "116": "E", "51": "E", "174": "E", "98": "S", "95": "S", "150": "N", "168": "S", "153": "N", "61": "N", "120": "N", "1": "N", "94": "N", "12": "W", "19": "W", "56": "N", "55": "W", "136": "W", "72": "W", "155": "W", "91": "S", "36": "N", "53": "W", "35": "S", "169": "W", "46": "E", "63": "W", "171": "S", "189": "S", "146": "E", "102": "N", "163": "W", "142": "E", "6": "W", "185": "W", "175": "N", "41": "W", "112": "W", "143": "W", "45": "W", "166": "W", "125": "W", "162": "W", "113": "W", "122": "W", "108": "S", "118": "N", "0": "W", "140": "S", "33": "S", "145": "W", "184": "N", "127": "W", "134": "S", "151": "W", "5": "W", "10": "W", "188": "S"}, {"62": "W", "58": "N", "24": "E", "14": "E", "100": "S", "116": "E", "174": "E", "95": "S", "153": "N", "61": "N", "49": "N", "120": "N", "1": "N", "193": "S", "12": "W", "19": "W", "56": "N", "101": "W", "55": "W", "136": "W", "72": "N", "155": "N", "91": "S", "36": "N", "53": "W", "35": "E", "169": "W", "46": "N", "63": "W", "189": "S", "146": "E", "102": "E", "163": "W", "142": "E", "6": "W", "192": "N", "185": "W", "41": "W", "112": "W", "143": "W", "31": "S", "45": "N", "166": "W", "125": "W", "162": "W", "113": "S", "172": "S", "122": "W", "108": "W", "118": "N", "0": "W", "140": "S", "33": "S", "145": "W", "184": "N", "127": "S", "134": "S", "8": "W", "151": "N", "154": "S", "5": "S", "188": "E", "37": "W"}, {"62": "N", "16": "N", "24": "E", "100": "S", "116": "S", "98": "N", "95": "S", "153": "N", "61": "W", "120": "N", "1": "N", "148": "N", "193": "S", "19": "W", "56": "N", "101": "S", "55": "W", "136": "W", "72": "N", "111": "W", "91": "S", "36": "W", "53": "W", "35": "E", "169": "W", "63": "W", "189": "E", "146": "S", "102": "E", "163": "W", "6": "W", "192": "E", "185": "W", "41": "W", "112": "W", "143": "W", "31": "S", "166": "S", "125": "W", "162": "W", "113": "E", "172": "S", "122": "W", "108": "S", "118": "W", "0": "W", "140": "S", "126": "N", "33": "S", "145": "N", "127": "S", "134": "S", "190": "N", "154": "E", "5": "W", "188": "N", "37": "N"}, {"62": "N", "16": "N", "24": "E", "98": "N", "95": "W", "153": "N", "120": "N", "1": "N", "19": "W", "56": "N", "101": "S", "55": "W", "136": "W", "72": "N", "91": "S", "53": "W", "35": "E", "169": "N", "38": "E", "63": "W", "189": "S", "146": "S", "102": "E", "163": "W", "6": "W", "192": "S", "185": "W", "41": "W", "112": "W", "143": "W", "31": "S", "125": "W", "162": "W", "113": "S", "172": "S", "180": "S", "122": "W", "108": "S", "118": "N", "0": "W", "140": "S", "33": "S", "145": "W", "184": "W", "90": "E", "134": "S", "8": "E", "5": "W", "10": "W", "188": "N", "37": "N"}, {"153": "N", "120": "N", "1": "N", "19": "W", "56": "N", "101": "S", "55": "W", "136": "W", "91": "S", "53": "W", "35": "S", "169": "N", "63": "W", "189": "S", "102": "E", "163": "W", "6": "W", "185": "W", "41": "W", "112": "W", "143": "W", "31": "S", "45": "E", "125": "W", "162": "W", "113": "E", "180": "E", "122": "W", "108": "S", "118": "N", "0": "W", "140": "W", "145": "W", "184": "N", "134": "W", "151": "S", "5": "W", "188": "N", "37": "N"}, {"153": "N", "120": "N", "1": "N", "19": "W", "56": "N", "101": "S", "55": "W", "136": "S", "91": "E", "36": "W", "53": "W", "35": "E", "169": "N", "63": "W", "189": "S", "102": "N", "163": "W", "6": "W", "185": "W", "41": "W", "112": "W", "31": "E", "131": "N", "125": "S", "162": "W", "113": "E", "180": "E", "122": "N", "108": "S", "118": "N", "0": "W", "140": "W", "145": "W", "184": "N", "134": "W", "8": "E", "190": "E", "151": "W", "5": "S", "188": "E", "37": "N"}, {"153": "N", "120": "N", "1": "N", "19": "W", "56": "N", "101": "S", "55": "W", "136": "S", "36": "N", "53": "N", "35": "E", "169": "N", "63": "W", "189": "W", "102": "N", "163": "W", "6": "W", "185": "W", "41": "W", "112": "W", "143": "N", "31": "N", "125": "S", "162": "W", "113": "N", "122": "N", "108": "S", "118": "N", "0": "W", "140": "W", "145": "W", "8": "N", "190": "N", "151": "N", "154": "E", "5": "S", "37": "N"}, {"153": "N", "120": "N", "1": "W", "19": "W", "55": "W", "136": "S", "36": "N", "53": "N", "35": "E", "169": "W", "63": "W", "102": "E", "163": "W", "6": "W", "185": "W", "41": "W", "112": "W", "31": "N", "45": "E", "125": "S", "162": "S", "113": "N", "122": "N", "108": "S", "118": "N", "0": "W", "140": "W", "145": "W", "184": "E", "8": "N", "151": "N", "5": "W", "37": "N"}, {"153": "N", "1": "N", "19": "S", "55": "N", "136": "S", "36": "N", "53": "N", "35": "E", "169": "N", "63": "W", "102": "S", "163": "W", "6": "W", "185": "S", "41": "W", "112": "W", "143": "S", "31": "N", "45": "S", "131": "N", "125": "S", "162": "S", "113": "N", "180": "N", "108": "S", "118": "N", "0": "W", "145": "W", "184": "N", "190": "W", "151": "N", "154": "N", "5": "W", "37": "N"}, {"1": "N", "101": "E", "55": "N", "53": "N", "35": "E", "169": "N", "63": "W", "163": "W", "6": "W", "185": "S", "41": "N", "112": "N", "143": "S", "31": "N", "45": "W", "125": "S", "162": "S", "113": "W", "108": "S", "118": "N", "0": "W", "145": "W", "184": "N", "8": "W", "151": "N", "5": "W", "188": "E", "37": "N"}, {"1": "E", "55": "N", "36": "E", "53": "W", "169": "N", "63": "N", "163": "W", "6": "N", "185": "S", "41": "N", "112": "N", "143": "S", "45": "N", "125": "S", "162": "S", "180": "N", "108": "S", "118": "W", "0": "W", "145": "W", "190": "N", "151": "N", "5": "W", "37": "E"}, {"55": "N", "53": "N", "169": "N", "63": "N", "163": "W", "6": "N", "125": "S", "162": "S", "108": "S", "118": "N", "0": "W", "145": "W", "151": "N", "5": "W", "37": "E"}, {"53": "N", "169": "N", "63": "N", "163": "N", "6": "N", "125": "S", "162": "S", "108": "S", "118": "N", "0": "N", "145": "N", "184": "S", "151": "E", "5": "W", "188": "W", "37": "E"}, {"53": "N", "169": "N", "163": "N", "125": "W", "162": "S", "108": "S", "118": "N", "0": "N", "151": "N", "5": "W", "188": "W"}, {"53": "N", "169": "N", "163": "N", "125": "S", "162": "W", "108": "S", "0": "N", "184": "N", "5": "W", "188": "W"}, {"53": "N", "169": "N", "163": "N", "125": "S", "162": "S", "108": "S", "118": "S", "184": "N", "5": "W"}, {"53": "N", "169": "E", "125": "S", "162": "S", "108": "S", "118": "S", "5": "N"}, {"53": "N", "125": "E", "162": "S", "108": "E", "118": "S", "184": "S", "5": "N"}, {"53": "E", "162": "S", "118": "E", "37": "W"}, {"162": "S"}, {"162": "E"}], "result": "SUCCESS", "makespan": 58, "sum": 5124, "algo_name": "Chill_per_20_BIT_", "extra": {"arrival_order": [96, 74, 110, 194, 48, 76, 191, 173, 170, 83, 44, 82, 39, 121, 139, 197, 54, 123, 157, 34, 47, 165, 115, 78, 89, 176, 99, 147, 80, 22, 15, 195, 30, 103, 133, 70, 186, 59, 179, 17, 141, 182, 159, 75, 13, 21, 62, 29, 16, 161, 129, 109, 79, 26, 18, 58, 67, 64, 149, 4, 183, 65, 178, 20, 138, 24, 198, 84, 164, 105, 14, 167, 100, 114, 132, 107, 137, 11, 28, 32, 23, 52, 116, 42, 9, 86, 51, 174, 98, 187, 95, 150, 168, 3, 153, 61, 49, 106, 120, 1, 77, 94, 177, 85, 60, 81, 148, 193, 12, 130, 196, 50, 57, 68, 69, 181, 2, 156, 19, 43, 56, 152, 158, 101, 55, 160, 136, 72, 27, 87, 155, 97, 111, 199, 91, 104, 36, 128, 119, 53, 35, 169, 117, 46, 25, 38, 40, 63, 71, 92, 171, 66, 189, 146, 102, 163, 142, 6, 192, 185, 175, 41, 112, 143, 135, 31, 45, 144, 131, 7, 166, 125, 162, 113, 172, 180, 122, 108, 118, 124, 0, 140, 126, 33, 145, 184, 127, 90, 134, 93, 8, 190, 151, 154, 73, 88, 5, 10, 188, 37], "time_arrived": [3868, 1902, 2304, 1726, 976, 4222, 3290, 3550, 4061, 1524, 4238, 1376, 2093, 709, 1221, 474, 785, 635, 875, 2354, 1066, 726, 462, 1434, 1133, 2965, 856, 2551, 1401, 760, 506, 3483, 1413, 3940, 347, 2860, 2742, 4294, 2983, 273, 3018, 3400, 1497, 2361, 255, 3501, 2948, 353, 193, 1819, 2175, 1576, 1446, 2821, 312, 2473, 2386, 2200, 902, 592, 2017, 1796, 753, 3059, 941, 1021, 3114, 924, 2220, 2256, 558, 3077, 2541, 4166, 160, 706, 205, 1939, 376, 847, 453, 2031, 268, 250, 1165, 2003, 1551, 2564, 4174, 379, 4016, 2677, 3087, 4038, 1965, 1657, 145, 2613, 1617, 418, 1277, 2435, 3196, 526, 2703, 1187, 1842, 1335, 3780, 832, 174, 2629, 3409, 3664, 1309, 367, 1476, 2918, 3821, 2775, 1867, 283, 3739, 317, 3827, 3614, 3925, 4010, 2766, 813, 2112, 3526, 1319, 548, 4036, 3466, 2521, 1362, 1097, 290, 3910, 648, 3254, 3439, 3510, 3970, 3158, 441, 2055, 951, 1693, 4126, 2401, 1760, 4147, 2589, 2321, 329, 2413, 687, 2482, 800, 3657, 3232, 1176, 357, 3571, 1253, 1710, 2904, 237, 3100, 3684, 230, 1607, 3369, 401, 1985, 1042, 610, 3705, 2281, 665, 994, 3998, 3343, 576, 1630, 4265, 3142, 4081, 220, 3309, 2064, 183, 491, 2145, 305, 1145, 2642], "BIT_runs": 1, "old_makespan": 4294, "old_sum": 5446, "improved": "[96, 74, 110, 194, 48, 76, 191, 173, 170, 83, 44, 82, 39, 121, 139, 197, 54, 123, 157, 34, 47, 165, 115, 78, 89, 176, 99, 147, 80, 22, 15, 195, 30, 103, 133, 70, 186, 59, 179, 17, 141, 182, 159, 75, 13, 21, 62, 29, 16, 161, 129, 109, 79, 26, 18, 58, 67, 64, 149, 4, 183, 65, 178, 20, 138, 24, 198, 84, 164, 105, 14, 167, 100, 114, 132, 107, 137, 11, 28, 32, 23, 52, 116, 42, 9, 86, 51, 174, 98, 187, 95, 150, 168, 3, 153, 61, 49, 106, 120, 1, 77, 94, 177, 85, 60, 81, 148, 193, 12, 130, 196, 50, 57, 68, 69, 181, 2, 156, 19, 43, 56, 152, 158, 101, 55, 160, 136, 72, 27, 87, 155, 97, 111, 199, 91, 104, 36, 128, 119, 53, 35, 169, 117, 46, 25, 38, 40, 63, 71, 92, 171, 66, 189, 146, 102, 163, 142, 6, 192, 185, 175, 41, 112, 143, 135, 31, 45, 144, 131, 7, 166, 125, 162, 113, 172, 180, 122, 108, 118, 124, 0, 140, 126, 33, 145, 184, 127, 90, 134, 93, 8, 190, 151, 154, 73, 88, 5, 10, 188, 37],", "goal_raise_for_bs": 32}}