{"instance": "small_free_010_20x20_50_200", "steps": [{"185": "S", "94": "E", "137": "S", "50": "W", "154": "S", "88": "W", "97": "S", "99": "S", "101": "W", "134": "N", "80": "S", "167": "N", "53": "W", "77": "N", "173": "N", "116": "W", "144": "S", "70": "W", "172": "E", "48": "S", "102": "S", "44": "S", "148": "W", "169": "W", "193": "S", "82": "N", "63": "W", "13": "S", "18": "N", "152": "W", "47": "W", "24": "S", "30": "W", "119": "W", "151": "E", "117": "W", "22": "W", "164": "N", "29": "S", "181": "W", "98": "S", "89": "W", "59": "S", "55": "N", "96": "N", "16": "W", "95": "N", "72": "S", "157": "E", "103": "S", "184": "S", "49": "W", "85": "N", "192": "N", "129": "E", "158": "W", "166": "W", "127": "S", "36": "W", "54": "S", "35": "W", "6": "N", "188": "S", "5": "E", "79": "N", "0": "N", "9": "W", "176": "N", "199": "N", "61": "W", "23": "N", "51": "N", "107": "N", "186": "E", "40": "N", "93": "N", "174": "S", "112": "E", "4": "S", "171": "N", "147": "S", "45": "E", "1": "W", "8": "N", "81": "W", "33": "W", "124": "N", "15": "S", "11": "E", "17": "S", "161": "W", "132": "S", "104": "W", "34": "N", "149": "N", "143": "S", "197": "S", "28": "W", "170": "S", "57": "W", "84": "S", "159": "E", "111": "W", "41": "N", "52": "N", "183": "N", "20": "E", "46": "W", "179": "N", "189": "E", "165": "N", "180": "E", "110": "W", "142": "S", "135": "S", "128": "N", "113": "S", "92": "W", "168": "E", "177": "S", "191": "S", "12": "W", "114": "E", "178": "S", "120": "N", "122": "W", "66": "S", "115": "E", "78": "W", "42": "S", "139": "W", "195": "N", "73": "E", "67": "E", "198": "E", "190": "W", "26": "S", "10": "N", "90": "N", "155": "S", "87": "S", "130": "E", "65": "S", "146": "E", "43": "W"}, {"185": "S", "94": "N", "137": "E", "154": "S", "88": "N", "97": "W", "99": "W", "150": "E", "39": "N", "101": "W", "134": "W", "80": "W", "167": "N", "156": "E", "109": "W", "53": "W", "69": "N", "121": "E", "58": "S", "173": "W", "182": "E", "56": "N", "144": "S", "141": "N", "70": "W", "48": "W", "102": "S", "21": "W", "44": "S", "105": "W", "148": "S", "169": "W", "193": "S", "82": "E", "63": "W", "13": "S", "163": "E", "18": "W", "152": "W", "47": "W", "24": "S", "30": "W", "119": "W", "151": "E", "117": "W", "22": "W", "164": "E", "29": "S", "181": "W", "98": "W", "89": "W", "59": "S", "55": "E", "16": "W", "95": "N", "72": "W", "60": "W", "103": "E", "184": "S", "71": "N", "49": "W", "76": "W", "125": "W", "192": "N", "129": "N", "158": "W", "166": "W", "127": "W", "36": "W", "54": "S", "6": "N", "188": "E", "5": "E", "79": "N", "0": "N", "176": "N", "199": "N", "61": "N", "51": "N", "138": "W", "107": "E", "186": "E", "40": "N", "174": "S", "112": "E", "4": "S", "171": "N", "147": "E", "45": "E", "1": "S", "81": "W", "15": "S", "11": "E", "17": "S", "161": "W", "132": "S", "104": "W", "34": "N", "149": "W", "28": "W", "68": "E", "170": "S", "160": "E", "57": "W", "84": "S", "86": "S", "159": "N", "111": "N", "183": "E", "20": "E", "179": "E", "126": "S", "189": "E", "180": "E", "110": "W", "64": "E", "135": "S", "113": "E", "92": "W", "168": "E", "177": "S", "191": "S", "12": "W", "114": "E", "178": "S", "120": "N", "122": "W", "66": "E", "115": "E", "78": "W", "100": "E", "42": "S", "139": "W", "195": "N", "73": "E", "67": "E", "198": "E", "187": "S", "90": "N", "155": "S", "75": "W", "130": "S", "37": "S", "65": "E", "146": "E", "43": "W"}, {"185": "W", "94": "N", "50": "S", "88": "W", "97": "S", "99": "W", "150": "S", "39": "N", "101": "W", "19": "N", "134": "W", "14": "S", "80": "W", "167": "E", "156": "N", "109": "W", "53": "N", "69": "N", "121": "N", "58": "W", "173": "W", "182": "E", "91": "E", "116": "E", "56": "N", "144": "S", "141": "W", "136": "N", "70": "N", "172": "W", "102": "E", "21": "W", "44": "S", "148": "S", "169": "S", "193": "S", "63": "W", "13": "E", "163": "S", "152": "W", "47": "W", "24": "S", "30": "S", "119": "W", "151": "S", "117": "W", "22": "W", "164": "S", "29": "W", "181": "W", "98": "W", "89": "S", "59": "S", "55": "E", "96": "W", "16": "W", "95": "N", "74": "S", "157": "E", "60": "W", "103": "N", "184": "S", "71": "E", "49": "W", "76": "W", "85": "N", "125": "W", "129": "W", "158": "N", "127": "W", "36": "W", "54": "S", "188": "N", "194": "W", "5": "N", "79": "N", "0": "W", "153": "S", "176": "W", "61": "W", "23": "E", "51": "N", "138": "W", "107": "N", "186": "E", "40": "N", "174": "S", "108": "N", "112": "E", "171": "W", "147": "E", "106": "S", "45": "E", "1": "S", "8": "W", "81": "W", "33": "E", "124": "W", "15": "S", "11": "E", "17": "S", "161": "W", "132": "E", "104": "N", "197": "W", "28": "W", "68": "S", "170": "S", "160": "E", "57": "N", "84": "S", "86": "W", "159": "N", "111": "E", "52": "W", "183": "N", "25": "S", "179": "N", "126": "S", "189": "E", "110": "W", "64": "N", "135": "E", "62": "S", "113": "S", "92": "W", "168": "N", "177": "S", "191": "S", "114": "S", "178": "S", "120": "N", "122": "S", "66": "S", "115": "E", "100": "S", "42": "W", "195": "N", "73": "E", "198": "E", "190": "E", "187": "E", "26": "N", "10": "W", "87": "S", "75": "W", "130": "W", "37": "W", "146": "E", "43": "W"}, {"185": "S", "94": "E", "137": "E", "50": "W", "88": "W", "99": "S", "150": "S", "39": "N", "145": "E", "101": "S", "19": "N", "134": "W", "14": "S", "175": "W", "80": "S", "156": "N", "109": "N", "53": "W", "69": "W", "121": "N", "58": "W", "182": "S", "56": "E", "144": "E", "31": "N", "136": "E", "70": "W", "172": "S", "48": "E", "102": "E", "21": "N", "44": "E", "105": "S", "169": "W", "131": "S", "193": "S", "82": "N", "63": "W", "163": "S", "18": "N", "152": "N", "47": "W", "24": "S", "30": "W", "119": "W", "151": "E", "117": "W", "22": "W", "164": "S", "29": "S", "181": "W", "98": "W", "89": "E", "59": "S", "3": "E", "55": "N", "16": "W", "95": "W", "74": "S", "157": "E", "60": "W", "103": "E", "184": "S", "49": "W", "76": "W", "85": "W", "125": "W", "192": "N", "129": "N", "158": "E", "127": "W", "36": "W", "54": "W", "6": "N", "188": "N", "194": "S", "5": "N", "79": "N", "0": "W", "153": "W", "176": "W", "199": "S", "61": "W", "23": "E", "51": "N", "138": "W", "186": "E", "93": "S", "174": "S", "108": "W", "112": "E", "171": "S", "147": "E", "106": "S", "45": "E", "1": "E", "81": "W", "33": "S", "15": "S", "11": "E", "17": "S", "161": "W", "34": "N", "28": "W", "170": "S", "160": "E", "57": "N", "84": "S", "41": "S", "52": "N", "20": "N", "179": "N", "126": "S", "189": "E", "180": "W", "110": "W", "64": "N", "135": "N", "62": "S", "113": "S", "92": "W", "177": "W", "191": "S", "114": "S", "178": "S", "122": "S", "66": "W", "115": "E", "42": "W", "195": "N", "73": "E", "67": "S", "198": "E", "190": "S", "187": "E", "10": "N", "90": "N", "75": "W", "130": "W", "37": "W", "65": "N", "146": "E"}, {"185": "W", "94": "N", "137": "S", "50": "W", "88": "N", "97": "S", "150": "S", "39": "E", "145": "E", "101": "W", "19": "N", "134": "N", "14": "S", "175": "W", "80": "S", "156": "E", "109": "W", "69": "N", "58": "S", "182": "S", "56": "N", "144": "S", "31": "N", "136": "E", "38": "S", "172": "S", "21": "N", "44": "E", "105": "W", "148": "N", "131": "E", "193": "S", "63": "W", "163": "S", "18": "W", "47": "W", "24": "W", "30": "S", "119": "W", "22": "N", "164": "S", "29": "S", "98": "W", "89": "E", "3": "E", "55": "E", "96": "E", "16": "W", "74": "E", "72": "N", "157": "E", "60": "N", "103": "E", "49": "N", "85": "W", "125": "N", "129": "N", "166": "E", "36": "S", "54": "W", "6": "N", "188": "E", "194": "E", "5": "E", "79": "E", "0": "N", "9": "N", "199": "W", "23": "E", "51": "E", "138": "N", "186": "E", "40": "W", "174": "S", "108": "W", "112": "E", "4": "E", "171": "W", "147": "S", "106": "S", "45": "E", "81": "N", "33": "S", "15": "S", "11": "E", "17": "E", "161": "S", "34": "W", "143": "W", "170": "S", "160": "N", "84": "S", "159": "N", "52": "N", "25": "N", "179": "N", "126": "S", "189": "E", "165": "W", "180": "S", "110": "N", "64": "N", "135": "E", "62": "S", "113": "S", "92": "W", "177": "W", "191": "S", "12": "N", "114": "W", "178": "S", "120": "E", "122": "S", "115": "S", "78": "S", "100": "N", "42": "W", "139": "E", "195": "W", "118": "E", "73": "E", "198": "E", "190": "S", "187": "E", "10": "N", "90": "N", "155": "S", "87": "E", "75": "W", "130": "W", "37": "N", "65": "E", "146": "E", "43": "W"}, {"27": "S", "185": "W", "94": "E", "137": "S", "50": "W", "154": "E", "88": "W", "97": "W", "150": "E", "39": "E", "145": "E", "101": "W", "19": "N", "175": "S", "80": "S", "83": "E", "156": "N", "109": "W", "133": "N", "69": "W", "58": "S", "182": "S", "56": "E", "144": "E", "141": "W", "31": "N", "136": "E", "70": "W", "172": "S", "48": "W", "102": "E", "21": "N", "105": "W", "148": "W", "131": "E", "193": "S", "82": "S", "63": "W", "13": "N", "163": "E", "18": "W", "47": "W", "24": "N", "119": "W", "151": "W", "117": "W", "22": "W", "164": "W", "29": "S", "181": "W", "89": "S", "3": "E", "55": "E", "96": "E", "16": "S", "72": "E", "157": "E", "60": "E", "49": "N", "76": "W", "85": "S", "192": "S", "129": "E", "196": "N", "158": "E", "166": "S", "127": "S", "36": "E", "54": "W", "35": "S", "6": "N", "188": "E", "194": "S", "79": "S", "9": "N", "176": "E", "199": "W", "61": "E", "23": "E", "51": "S", "138": "N", "107": "N", "186": "E", "93": "W", "174": "S", "108": "S", "112": "S", "4": "E", "171": "W", "147": "E", "106": "E", "45": "N", "1": "S", "81": "E", "124": "W", "15": "S", "11": "N", "17": "E", "161": "S", "132": "N", "7": "S", "34": "W", "143": "S", "197": "W", "28": "W", "170": "W", "162": "S", "84": "W", "159": "N", "111": "E", "41": "W", "52": "N", "46": "E", "25": "N", "179": "E", "126": "S", "189": "E", "180": "S", "110": "W", "142": "W", "64": "N", "113": "W", "92": "W", "191": "S", "12": "N", "114": "S", "178": "S", "120": "S", "115": "S", "78": "W", "195": "W", "118": "S", "73": "E", "67": "N", "198": "E", "187": "S", "10": "W", "90": "N", "155": "S", "75": "W", "130": "N", "37": "N", "65": "E", "146": "E", "43": "W"}, {"27": "E", "185": "S", "94": "N", "137": "E", "50": "W", "154": "S", "88": "W", "97": "W", "150": "S", "145": "S", "101": "N", "19": "E", "175": "W", "83": "E", "156": "E", "109": "W", "133": "N", "69": "W", "121": "W", "77": "W", "58": "S", "182": "S", "56": "E", "144": "E", "31": "W", "136": "E", "70": "W", "172": "S", "21": "W", "105": "W", "123": "S", "148": "N", "131": "S", "32": "W", "193": "S", "63": "N", "13": "N", "18": "W", "47": "W", "24": "N", "119": "W", "151": "S", "117": "N", "22": "W", "164": "W", "29": "S", "98": "W", "89": "S", "3": "S", "55": "S", "16": "E", "95": "E", "74": "S", "72": "E", "157": "E", "60": "E", "49": "N", "76": "W", "85": "S", "192": "S", "129": "E", "158": "E", "166": "E", "36": "E", "54": "W", "6": "N", "188": "E", "194": "S", "79": "S", "9": "N", "176": "N", "199": "W", "51": "S", "138": "N", "107": "N", "186": "S", "174": "S", "112": "S", "171": "W", "106": "S", "45": "N", "1": "S", "81": "E", "124": "W", "15": "S", "11": "W", "17": "N", "161": "S", "132": "E", "149": "N", "143": "S", "197": "W", "28": "W", "68": "N", "170": "W", "57": "E", "84": "W", "159": "E", "111": "E", "41": "W", "183": "N", "20": "N", "46": "E", "25": "N", "179": "S", "126": "W", "189": "E", "2": "N", "180": "S", "110": "N", "142": "W", "64": "N", "128": "E", "113": "W", "92": "N", "177": "W", "191": "S", "12": "N", "178": "W", "122": "S", "66": "N", "115": "W", "78": "W", "100": "N", "42": "S", "195": "W", "118": "E", "67": "W", "198": "N", "190": "E", "187": "E", "26": "N", "10": "N", "90": "N", "155": "S", "140": "N", "87": "N", "75": "W", "130": "N", "37": "N", "65": "N", "43": "N"}, {"27": "E", "185": "S", "94": "N", "137": "E", "50": "W", "154": "S", "88": "W", "97": "W", "150": "S", "145": "S", "19": "N", "175": "W", "83": "N", "156": "E", "133": "N", "69": "W", "121": "W", "77": "W", "58": "S", "173": "S", "182": "S", "91": "S", "56": "E", "144": "E", "141": "S", "136": "E", "172": "S", "48": "W", "102": "E", "21": "N", "44": "S", "123": "E", "148": "E", "169": "S", "131": "S", "32": "W", "193": "S", "63": "N", "13": "E", "18": "S", "152": "W", "47": "W", "24": "W", "119": "W", "151": "S", "117": "W", "22": "W", "164": "S", "29": "E", "181": "W", "98": "W", "3": "S", "55": "E", "96": "W", "95": "E", "72": "N", "157": "N", "60": "E", "103": "S", "184": "N", "71": "W", "49": "E", "76": "W", "85": "S", "192": "S", "129": "N", "196": "S", "158": "E", "166": "S", "6": "E", "188": "S", "79": "S", "0": "E", "9": "N", "153": "E", "176": "N", "199": "N", "51": "S", "138": "N", "186": "S", "40": "E", "174": "S", "112": "S", "171": "W", "106": "S", "45": "W", "1": "S", "81": "S", "124": "W", "15": "S", "11": "W", "17": "N", "161": "S", "132": "E", "7": "N", "104": "N", "143": "W", "28": "W", "68": "W", "170": "N", "162": "N", "57": "N", "84": "W", "86": "E", "159": "S", "41": "W", "183": "E", "20": "N", "46": "S", "25": "N", "179": "S", "189": "E", "2": "N", "110": "W", "142": "N", "64": "W", "135": "E", "62": "S", "128": "E", "113": "W", "177": "W", "191": "S", "12": "N", "120": "S", "115": "W", "78": "W", "100": "E", "42": "W", "139": "S", "118": "E", "73": "E", "67": "W", "198": "N", "190": "S", "187": "E", "26": "E", "10": "W", "90": "W", "140": "W", "75": "W", "37": "N", "65": "E", "146": "S", "43": "N"}, {"27": "N", "185": "W", "94": "N", "137": "S", "50": "S", "154": "S", "88": "W", "97": "W", "150": "S", "39": "N", "19": "N", "83": "N", "156": "E", "133": "N", "69": "N", "121": "N", "77": "N", "58": "S", "173": "W", "182": "S", "116": "N", "56": "E", "144": "E", "31": "W", "136": "E", "38": "N", "172": "E", "48": "W", "21": "N", "44": "S", "105": "N", "169": "S", "131": "S", "32": "N", "193": "S", "63": "E", "13": "N", "163": "N", "18": "S", "152": "W", "47": "N", "24": "W", "30": "S", "119": "N", "151": "S", "117": "W", "164": "S", "29": "E", "181": "W", "89": "S", "3": "S", "55": "E", "96": "N", "95": "N", "74": "W", "72": "N", "157": "E", "60": "S", "103": "S", "49": "E", "76": "W", "85": "S", "192": "S", "196": "E", "158": "E", "166": "S", "127": "W", "36": "S", "54": "E", "35": "S", "6": "S", "188": "S", "194": "S", "5": "N", "79": "S", "0": "E", "9": "N", "153": "N", "176": "W", "199": "N", "61": "S", "51": "E", "138": "N", "186": "S", "174": "S", "112": "W", "4": "S", "171": "W", "106": "S", "45": "W", "1": "E", "8": "W", "124": "W", "15": "S", "11": "W", "17": "N", "161": "E", "132": "N", "104": "N", "34": "N", "149": "S", "143": "W", "197": "S", "28": "W", "68": "W", "170": "W", "160": "N", "84": "W", "86": "N", "41": "W", "52": "N", "183": "E", "20": "N", "46": "S", "25": "N", "179": "S", "189": "E", "2": "N", "110": "W", "142": "E", "64": "W", "135": "N", "62": "E", "128": "E", "92": "W", "168": "S", "191": "S", "115": "S", "100": "E", "42": "W", "195": "N", "118": "S", "73": "E", "67": "N", "198": "N", "190": "E", "187": "E", "10": "N", "90": "W", "140": "W", "87": "W", "75": "N", "37": "N", "65": "N", "146": "S", "43": "W"}, {"27": "E", "185": "S", "94": "E", "137": "S", "50": "S", "154": "S", "88": "W", "97": "W", "99": "E", "150": "S", "39": "E", "19": "E", "83": "W", "133": "N", "69": "N", "121": "W", "77": "W", "58": "S", "173": "W", "182": "S", "91": "S", "116": "W", "56": "E", "144": "N", "31": "W", "38": "E", "172": "S", "48": "S", "21": "W", "44": "S", "105": "N", "123": "E", "169": "S", "131": "W", "32": "W", "193": "S", "63": "E", "13": "E", "163": "E", "18": "S", "47": "N", "24": "W", "30": "S", "119": "E", "151": "S", "117": "N", "164": "S", "29": "S", "181": "N", "89": "W", "59": "W", "3": "S", "55": "E", "96": "N", "16": "S", "95": "E", "74": "S", "72": "N", "157": "E", "60": "S", "103": "S", "71": "W", "49": "E", "76": "W", "85": "S", "129": "W", "196": "N", "158": "E", "166": "S", "127": "S", "54": "N", "6": "E", "188": "E", "194": "S", "5": "N", "79": "S", "0": "E", "9": "E", "153": "N", "176": "W", "23": "E", "51": "E", "186": "W", "40": "E", "174": "S", "112": "W", "171": "W", "106": "S", "45": "W", "1": "S", "8": "W", "124": "W", "15": "S", "11": "W", "17": "N", "161": "E", "132": "E", "104": "W", "143": "W", "197": "W", "28": "W", "170": "N", "160": "W", "57": "N", "84": "N", "86": "E", "159": "S", "41": "W", "52": "W", "46": "S", "25": "E", "179": "E", "126": "W", "189": "E", "2": "W", "165": "E", "110": "N", "142": "S", "64": "S", "128": "E", "113": "W", "92": "N", "168": "S", "177": "W", "191": "S", "114": "N", "178": "S", "120": "E", "122": "W", "66": "S", "115": "S", "78": "N", "100": "S", "42": "W", "195": "W", "118": "S", "73": "E", "198": "N", "190": "S", "187": "S", "26": "E", "10": "W", "90": "W", "140": "S", "75": "W", "130": "S", "65": "E", "146": "S", "43": "N"}, {"27": "E", "185": "W", "137": "W", "50": "S", "154": "W", "88": "W", "97": "S", "150": "S", "39": "N", "19": "E", "134": "E", "175": "S", "83": "N", "133": "N", "121": "N", "77": "N", "58": "S", "173": "N", "182": "S", "91": "S", "116": "W", "56": "E", "144": "E", "141": "E", "31": "W", "38": "S", "21": "N", "44": "S", "105": "W", "123": "S", "148": "W", "169": "S", "131": "W", "32": "N", "193": "W", "63": "E", "13": "E", "163": "E", "18": "S", "24": "W", "30": "S", "119": "E", "151": "E", "117": "N", "22": "E", "164": "S", "181": "E", "89": "S", "59": "W", "3": "W", "55": "E", "96": "W", "16": "S", "95": "E", "72": "N", "157": "S", "60": "S", "103": "S", "184": "S", "71": "W", "49": "E", "76": "N", "85": "S", "192": "S", "129": "N", "196": "E", "158": "E", "166": "S", "54": "N", "35": "W", "188": "N", "194": "S", "79": "E", "0": "N", "9": "N", "176": "N", "61": "S", "23": "N", "51": "S", "138": "E", "107": "E", "186": "S", "40": "E", "93": "W", "174": "E", "108": "S", "112": "W", "171": "S", "106": "S", "8": "W", "81": "S", "33": "S", "124": "W", "15": "E", "11": "W", "17": "E", "161": "E", "132": "E", "104": "W", "34": "N", "149": "N", "197": "W", "170": "N", "160": "W", "57": "E", "84": "N", "86": "E", "159": "E", "41": "N", "52": "W", "46": "W", "179": "S", "126": "W", "189": "S", "2": "W", "180": "E", "110": "N", "142": "E", "64": "S", "135": "E", "128": "E", "92": "W", "178": "E", "120": "E", "66": "W", "115": "S", "78": "W", "100": "E", "139": "N", "195": "W", "118": "E", "67": "W", "190": "S", "187": "E", "26": "E", "10": "N", "90": "W", "140": "W", "87": "E", "75": "W", "130": "S", "37": "S", "65": "E", "146": "S", "43": "N"}, {"27": "N", "185": "S", "50": "S", "154": "S", "88": "N", "97": "S", "150": "E", "39": "N", "19": "E", "134": "E", "175": "S", "83": "N", "69": "W", "121": "N", "77": "W", "58": "S", "91": "E", "116": "N", "56": "E", "144": "E", "141": "N", "31": "W", "38": "S", "48": "W", "21": "N", "105": "W", "123": "E", "148": "W", "131": "W", "32": "N", "193": "W", "82": "E", "63": "N", "13": "S", "163": "E", "18": "S", "47": "S", "24": "W", "119": "N", "151": "S", "117": "E", "164": "S", "29": "E", "89": "S", "59": "W", "55": "E", "96": "N", "16": "E", "95": "S", "74": "W", "72": "N", "157": "S", "60": "S", "103": "S", "184": "W", "71": "S", "49": "E", "76": "N", "192": "S", "129": "N", "196": "N", "158": "S", "166": "S", "36": "S", "54": "N", "188": "N", "194": "S", "5": "E", "0": "N", "9": "N", "153": "E", "176": "N", "199": "S", "23": "N", "51": "E", "107": "N", "186": "W", "93": "W", "174": "N", "108": "S", "112": "W", "4": "W", "171": "S", "147": "N", "106": "E", "1": "W", "81": "E", "33": "E", "124": "N", "15": "N", "11": "W", "161": "E", "132": "E", "7": "E", "104": "N", "34": "W", "149": "N", "197": "W", "28": "W", "170": "N", "160": "N", "57": "E", "84": "N", "159": "E", "111": "W", "41": "N", "52": "W", "46": "S", "179": "E", "126": "W", "189": "S", "2": "N", "180": "E", "110": "E", "142": "E", "64": "W", "135": "E", "128": "E", "92": "N", "168": "N", "191": "W", "178": "S", "120": "E", "122": "N", "66": "W", "115": "S", "100": "E", "139": "W", "195": "W", "118": "S", "73": "E", "67": "W", "198": "E", "190": "E", "187": "E", "26": "E", "10": "N", "90": "W", "140": "S", "65": "S", "146": "E", "43": "N"}, {"27": "E", "50": "W", "154": "S", "88": "N", "97": "S", "150": "S", "145": "W", "19": "N", "175": "W", "83": "N", "69": "W", "121": "N", "77": "N", "58": "S", "91": "E", "116": "W", "56": "E", "144": "E", "31": "W", "70": "E", "38": "S", "172": "N", "48": "W", "21": "W", "105": "W", "123": "E", "148": "W", "131": "N", "32": "W", "193": "N", "63": "E", "13": "E", "163": "E", "47": "E", "24": "N", "119": "N", "151": "S", "117": "E", "22": "E", "164": "S", "29": "N", "89": "S", "59": "S", "3": "S", "55": "N", "96": "N", "95": "E", "72": "E", "157": "E", "60": "S", "103": "S", "184": "S", "71": "W", "49": "E", "76": "N", "192": "S", "129": "E", "196": "E", "158": "S", "166": "E", "127": "W", "36": "S", "54": "E", "188": "E", "194": "S", "9": "W", "153": "N", "176": "N", "199": "W", "61": "N", "23": "N", "51": "E", "138": "N", "107": "N", "40": "E", "93": "S", "174": "E", "108": "S", "112": "S", "4": "N", "171": "S", "147": "N", "106": "S", "1": "W", "81": "S", "33": "S", "124": "N", "15": "E", "11": "W", "161": "E", "132": "E", "7": "N", "104": "N", "34": "W", "149": "N", "143": "S", "197": "W", "68": "S", "170": "W", "160": "E", "162": "S", "84": "N", "86": "E", "159": "E", "41": "N", "52": "W", "183": "S", "46": "W", "179": "E", "126": "W", "189": "W", "2": "N", "180": "S", "110": "E", "64": "W", "135": "E", "128": "E", "113": "E", "92": "N", "168": "N", "177": "E", "191": "N", "178": "E", "120": "S", "122": "N", "66": "W", "115": "W", "100": "E", "42": "N", "139": "W", "195": "W", "118": "S", "73": "S", "67": "N", "198": "N", "190": "S", "187": "E", "26": "E", "10": "N", "90": "W", "87": "N", "75": "W", "130": "S", "37": "S", "146": "S"}, {"50": "S", "88": "N", "97": "S", "99": "S", "150": "S", "145": "W", "19": "E", "134": "W", "175": "S", "80": "E", "83": "E", "167": "N", "156": "E", "133": "E", "69": "W", "121": "E", "77": "N", "58": "S", "182": "E", "91": "E", "116": "W", "56": "E", "31": "N", "70": "E", "38": "E", "172": "E", "21": "W", "105": "W", "123": "E", "148": "W", "169": "E", "131": "W", "32": "N", "193": "W", "82": "W", "63": "E", "13": "S", "163": "E", "152": "W", "47": "E", "24": "N", "30": "E", "119": "N", "151": "E", "117": "E", "164": "S", "29": "N", "89": "S", "59": "W", "3": "S", "55": "N", "96": "W", "95": "E", "72": "N", "157": "E", "60": "S", "103": "S", "71": "N", "76": "N", "129": "N", "196": "E", "158": "S", "166": "S", "127": "N", "36": "E", "54": "E", "35": "W", "188": "E", "194": "S", "0": "E", "9": "N", "153": "N", "176": "W", "199": "W", "61": "N", "23": "N", "51": "E", "107": "N", "186": "E", "40": "E", "174": "N", "108": "S", "112": "S", "171": "S", "147": "N", "106": "S", "45": "S", "81": "E", "33": "S", "124": "N", "15": "N", "11": "W", "161": "E", "132": "E", "7": "N", "34": "W", "149": "N", "143": "S", "197": "N", "68": "S", "170": "W", "160": "E", "86": "E", "41": "N", "52": "W", "46": "S", "25": "E", "179": "E", "126": "W", "189": "S", "180": "S", "110": "N", "142": "S", "64": "W", "135": "E", "128": "E", "92": "N", "191": "N", "114": "N", "178": "E", "120": "S", "66": "S", "115": "W", "100": "E", "42": "W", "139": "W", "195": "W", "118": "S", "73": "S", "198": "W", "190": "S", "187": "E", "26": "S", "10": "N", "90": "W", "140": "N", "87": "N", "75": "N", "65": "S", "146": "S", "43": "N"}, {"50": "S", "88": "N", "97": "S", "150": "S", "145": "S", "19": "E", "134": "S", "80": "E", "83": "E", "167": "E", "133": "S", "69": "W", "121": "N", "77": "N", "58": "S", "182": "S", "91": "E", "116": "S", "56": "S", "144": "E", "31": "W", "38": "E", "172": "E", "48": "W", "21": "W", "44": "W", "105": "W", "123": "E", "169": "S", "131": "W", "32": "N", "193": "N", "63": "S", "13": "E", "163": "E", "152": "S", "47": "E", "24": "N", "119": "N", "151": "E", "117": "E", "22": "W", "164": "S", "29": "N", "98": "N", "89": "S", "59": "N", "3": "S", "55": "E", "96": "W", "95": "S", "74": "E", "72": "E", "157": "S", "60": "S", "103": "S", "184": "E", "71": "N", "49": "N", "76": "N", "85": "W", "129": "N", "196": "E", "158": "E", "166": "S", "127": "W", "36": "N", "54": "E", "188": "E", "194": "S", "5": "W", "0": "N", "9": "N", "153": "W", "176": "N", "199": "N", "61": "W", "23": "W", "51": "E", "138": "N", "107": "W", "186": "S", "40": "E", "174": "N", "108": "S", "112": "W", "4": "E", "171": "S", "106": "S", "81": "S", "33": "S", "124": "W", "15": "N", "11": "N", "17": "S", "132": "E", "7": "N", "34": "W", "143": "E", "197": "W", "162": "S", "84": "W", "86": "N", "159": "S", "111": "E", "41": "E", "52": "W", "126": "W", "189": "W", "180": "S", "110": "E", "64": "W", "135": "E", "128": "E", "92": "N", "191": "N", "178": "E", "120": "S", "122": "W", "66": "S", "115": "W", "100": "E", "195": "W", "118": "S", "73": "S", "67": "N", "198": "N", "190": "S", "187": "E", "26": "E", "10": "W", "90": "W", "155": "N", "87": "E", "75": "N", "65": "S", "146": "S", "43": "N"}, {"50": "S", "88": "N", "97": "S", "150": "E", "19": "N", "134": "S", "175": "E", "133": "S", "121": "N", "77": "N", "58": "W", "182": "S", "91": "E", "116": "W", "38": "E", "172": "S", "48": "S", "21": "N", "44": "W", "105": "W", "148": "S", "169": "W", "131": "S", "32": "N", "193": "N", "82": "E", "63": "E", "13": "E", "163": "E", "152": "W", "47": "N", "24": "W", "30": "W", "119": "N", "117": "E", "22": "W", "164": "S", "29": "N", "98": "W", "89": "E", "59": "W", "3": "W", "55": "N", "96": "N", "95": "S", "74": "S", "72": "N", "60": "S", "103": "S", "184": "E", "71": "N", "49": "N", "76": "N", "85": "S", "129": "E", "196": "E", "158": "E", "166": "E", "127": "S", "36": "N", "54": "E", "35": "N", "188": "E", "194": "S", "5": "W", "0": "N", "9": "N", "153": "N", "176": "W", "199": "W", "23": "N", "51": "S", "138": "N", "107": "N", "186": "S", "40": "S", "174": "N", "112": "S", "4": "E", "147": "S", "106": "S", "45": "N", "1": "E", "8": "W", "81": "E", "33": "S", "15": "E", "11": "N", "7": "N", "34": "W", "149": "N", "68": "W", "84": "N", "86": "W", "159": "E", "111": "E", "41": "E", "52": "W", "46": "E", "25": "N", "179": "S", "126": "W", "110": "E", "64": "W", "135": "N", "128": "E", "92": "N", "168": "N", "191": "W", "114": "E", "178": "E", "120": "S", "66": "S", "115": "S", "42": "S", "195": "W", "118": "S", "73": "S", "67": "N", "198": "N", "190": "S", "187": "E", "26": "E", "10": "W", "90": "W", "155": "N", "140": "S", "87": "E", "75": "N", "130": "W", "65": "E", "146": "S", "43": "N"}, {"50": "W", "88": "E", "97": "S", "150": "E", "19": "W", "134": "W", "175": "S", "80": "W", "156": "E", "133": "E", "121": "N", "77": "N", "58": "W", "182": "E", "91": "E", "116": "W", "56": "N", "144": "W", "141": "N", "31": "W", "38": "E", "172": "E", "48": "S", "44": "W", "105": "W", "169": "S", "131": "W", "32": "W", "193": "W", "63": "E", "13": "S", "163": "E", "18": "W", "152": "W", "47": "N", "30": "W", "119": "N", "151": "S", "117": "N", "164": "S", "29": "N", "181": "S", "98": "W", "89": "E", "59": "W", "3": "W", "55": "E", "96": "N", "95": "S", "72": "N", "157": "E", "60": "S", "184": "E", "71": "N", "49": "E", "76": "N", "85": "W", "129": "N", "196": "N", "158": "E", "166": "S", "36": "E", "54": "E", "35": "N", "188": "E", "5": "N", "79": "S", "0": "W", "153": "N", "23": "N", "51": "E", "107": "W", "40": "E", "174": "E", "108": "S", "112": "W", "4": "E", "147": "W", "106": "S", "45": "W", "1": "S", "8": "N", "81": "S", "33": "S", "124": "N", "15": "E", "11": "N", "17": "N", "161": "S", "7": "N", "104": "N", "34": "W", "149": "N", "143": "W", "68": "W", "170": "S", "84": "E", "86": "N", "159": "S", "111": "E", "183": "S", "25": "E", "179": "E", "126": "W", "189": "S", "2": "N", "180": "W", "110": "E", "64": "W", "135": "N", "62": "E", "128": "E", "92": "E", "168": "N", "191": "W", "12": "W", "114": "S", "178": "E", "120": "S", "66": "S", "115": "S", "78": "S", "42": "W", "139": "E", "195": "S", "118": "S", "73": "S", "67": "W", "198": "N", "190": "S", "26": "E", "10": "N", "90": "S", "155": "W", "140": "S", "75": "N", "37": "W", "65": "S", "146": "W", "43": "N"}, {"50": "W", "88": "N", "97": "S", "150": "E", "145": "W", "19": "W", "134": "N", "14": "E", "175": "S", "133": "N", "121": "N", "77": "N", "58": "W", "182": "E", "91": "E", "116": "W", "56": "N", "144": "W", "141": "W", "31": "N", "38": "E", "48": "S", "44": "W", "105": "S", "169": "S", "131": "S", "32": "W", "193": "N", "63": "E", "13": "S", "163": "E", "152": "W", "47": "N", "30": "S", "119": "W", "151": "S", "117": "N", "164": "S", "29": "N", "181": "E", "89": "S", "55": "N", "96": "N", "95": "S", "72": "W", "60": "S", "184": "E", "71": "N", "76": "E", "129": "N", "196": "E", "158": "N", "166": "W", "127": "E", "54": "E", "35": "N", "188": "E", "5": "N", "79": "S", "0": "W", "153": "N", "176": "E", "23": "N", "51": "S", "138": "S", "107": "N", "186": "E", "174": "E", "108": "E", "4": "E", "147": "S", "106": "S", "45": "W", "1": "S", "8": "N", "81": "E", "33": "S", "124": "W", "15": "N", "11": "W", "17": "E", "34": "W", "28": "N", "68": "S", "160": "N", "162": "W", "57": "S", "84": "E", "159": "W", "111": "E", "41": "W", "25": "E", "179": "S", "126": "W", "110": "N", "142": "S", "64": "W", "135": "N", "128": "E", "92": "N", "168": "N", "191": "W", "12": "W", "114": "S", "178": "E", "120": "S", "122": "W", "66": "W", "115": "S", "78": "S", "42": "W", "139": "E", "195": "S", "118": "S", "73": "S", "67": "N", "198": "W", "190": "S", "26": "S", "10": "N", "90": "S", "155": "W", "140": "S", "87": "E", "75": "N", "37": "N", "65": "E", "146": "S", "43": "E"}, {"88": "N", "97": "W", "145": "S", "19": "N", "134": "N", "14": "S", "175": "S", "156": "W", "133": "E", "53": "E", "121": "N", "77": "N", "58": "W", "91": "E", "116": "S", "56": "E", "144": "S", "141": "S", "31": "N", "70": "W", "38": "S", "172": "E", "48": "S", "105": "S", "169": "S", "131": "W", "193": "N", "82": "E", "63": "E", "13": "S", "163": "S", "152": "W", "47": "N", "30": "S", "151": "E", "117": "E", "164": "W", "29": "N", "181": "E", "98": "N", "89": "E", "59": "E", "3": "E", "55": "E", "96": "E", "95": "E", "72": "W", "157": "W", "60": "E", "71": "E", "49": "E", "76": "E", "85": "W", "129": "W", "196": "E", "158": "E", "166": "W", "127": "S", "36": "N", "54": "E", "35": "N", "6": "S", "188": "N", "5": "E", "79": "E", "0": "N", "153": "W", "199": "E", "23": "N", "51": "S", "138": "W", "107": "N", "186": "E", "108": "E", "147": "S", "106": "S", "1": "S", "81": "E", "33": "S", "124": "W", "15": "E", "11": "W", "161": "N", "132": "E", "7": "W", "143": "W", "28": "E", "160": "E", "162": "W", "57": "E", "86": "E", "159": "N", "111": "E", "25": "S", "179": "S", "126": "N", "180": "S", "110": "E", "142": "E", "64": "W", "128": "E", "92": "N", "168": "N", "191": "W", "12": "W", "178": "E", "120": "E", "122": "S", "66": "W", "115": "W", "42": "W", "195": "S", "118": "S", "73": "S", "67": "N", "198": "N", "190": "S", "187": "E", "10": "N", "155": "W", "140": "S", "87": "E", "75": "W", "130": "N", "37": "N", "65": "E", "146": "W"}, {"88": "N", "97": "W", "145": "S", "19": "W", "14": "S", "175": "S", "156": "W", "133": "N", "121": "E", "77": "E", "58": "N", "91": "N", "116": "E", "56": "N", "144": "S", "31": "N", "70": "W", "38": "S", "44": "E", "105": "S", "169": "S", "131": "W", "32": "E", "193": "N", "82": "E", "63": "E", "13": "S", "163": "S", "47": "N", "30": "S", "119": "E", "151": "E", "117": "E", "164": "W", "29": "E", "181": "E", "98": "W", "89": "E", "59": "E", "3": "E", "96": "E", "95": "E", "72": "N", "60": "E", "71": "E", "49": "E", "76": "E", "85": "W", "125": "E", "129": "W", "196": "N", "158": "S", "166": "W", "127": "S", "36": "N", "54": "E", "35": "E", "188": "E", "194": "E", "5": "E", "0": "N", "153": "W", "176": "N", "199": "S", "23": "W", "51": "S", "107": "W", "40": "S", "147": "S", "106": "S", "45": "E", "1": "S", "81": "E", "33": "W", "124": "N", "15": "N", "161": "W", "132": "E", "149": "E", "143": "S", "28": "N", "170": "W", "160": "N", "162": "N", "57": "E", "84": "S", "86": "N", "111": "E", "183": "N", "46": "S", "25": "E", "179": "S", "189": "E", "165": "W", "180": "E", "110": "N", "142": "N", "64": "W", "62": "W", "113": "W", "92": "N", "168": "N", "177": "W", "12": "N", "178": "N", "120": "S", "122": "S", "66": "S", "115": "N", "78": "W", "42": "W", "139": "W", "118": "S", "73": "S", "67": "W", "198": "W", "190": "S", "187": "E", "10": "N", "90": "W", "155": "S", "140": "S", "87": "E", "75": "N", "130": "W", "37": "N", "65": "S", "146": "S"}, {"88": "N", "145": "E", "19": "W", "14": "S", "175": "W", "80": "W", "133": "N", "53": "W", "121": "N", "77": "E", "58": "N", "91": "N", "116": "E", "56": "W", "144": "S", "31": "E", "38": "S", "172": "W", "48": "E", "44": "E", "131": "W", "32": "E", "193": "N", "82": "N", "63": "E", "13": "E", "163": "S", "18": "E", "152": "S", "47": "N", "30": "W", "119": "N", "151": "E", "117": "E", "164": "S", "29": "N", "181": "N", "98": "W", "89": "E", "59": "E", "3": "E", "55": "S", "96": "E", "72": "W", "60": "S", "71": "E", "49": "E", "76": "E", "85": "S", "129": "N", "196": "N", "158": "E", "166": "W", "127": "S", "54": "E", "35": "N", "6": "W", "188": "N", "0": "N", "153": "N", "176": "W", "199": "W", "23": "W", "51": "S", "107": "W", "186": "W", "147": "S", "106": "W", "45": "N", "1": "E", "8": "W", "81": "E", "33": "W", "124": "N", "15": "E", "11": "W", "17": "S", "132": "N", "104": "N", "143": "S", "28": "N", "170": "W", "160": "E", "162": "N", "57": "E", "86": "N", "111": "E", "41": "N", "25": "E", "179": "S", "126": "W", "2": "N", "165": "W", "180": "S", "110": "N", "135": "E", "178": "E", "120": "S", "122": "S", "66": "W", "115": "W", "78": "S", "100": "S", "139": "W", "118": "E", "73": "S", "67": "W", "198": "W", "190": "S", "187": "E", "26": "S", "10": "N", "90": "W", "140": "S", "87": "E", "75": "N", "130": "N", "37": "N", "146": "W"}, {"88": "W", "39": "S", "145": "E", "19": "W", "14": "S", "167": "E", "133": "N", "121": "E", "77": "E", "173": "S", "116": "E", "144": "S", "70": "W", "38": "S", "48": "E", "44": "E", "169": "S", "131": "W", "32": "E", "193": "N", "82": "W", "63": "E", "13": "E", "163": "S", "152": "W", "47": "N", "30": "W", "119": "N", "151": "E", "117": "E", "164": "W", "29": "N", "181": "N", "98": "W", "89": "E", "59": "E", "55": "E", "16": "N", "72": "W", "60": "E", "184": "S", "49": "E", "76": "E", "85": "W", "125": "W", "129": "W", "196": "N", "158": "E", "166": "W", "36": "W", "54": "N", "35": "N", "6": "W", "188": "N", "194": "W", "79": "E", "0": "W", "153": "W", "176": "W", "199": "W", "23": "W", "51": "S", "107": "W", "186": "W", "174": "N", "108": "W", "4": "S", "147": "E", "106": "W", "45": "W", "8": "W", "81": "E", "33": "W", "124": "N", "15": "N", "11": "W", "161": "E", "132": "N", "104": "N", "143": "W", "28": "N", "160": "E", "162": "N", "57": "E", "84": "N", "86": "E", "111": "N", "41": "N", "25": "E", "179": "S", "126": "N", "2": "N", "180": "S", "110": "N", "64": "W", "135": "N", "191": "W", "12": "W", "178": "E", "120": "S", "122": "S", "66": "W", "115": "N", "100": "S", "42": "W", "118": "S", "73": "S", "67": "W", "198": "W", "190": "S", "187": "E", "26": "E", "90": "W", "140": "S", "75": "N", "130": "N", "37": "N", "146": "W", "43": "W"}, {"88": "W", "99": "W", "145": "E", "19": "S", "14": "S", "167": "S", "133": "N", "77": "E", "116": "E", "144": "S", "38": "W", "48": "E", "44": "E", "32": "E", "193": "N", "82": "N", "63": "E", "13": "S", "163": "S", "18": "W", "152": "W", "47": "E", "30": "S", "119": "N", "151": "E", "117": "E", "164": "S", "29": "E", "181": "N", "98": "W", "89": "E", "59": "E", "55": "E", "16": "N", "72": "W", "60": "E", "184": "W", "49": "E", "85": "S", "129": "W", "196": "N", "158": "E", "166": "W", "36": "W", "54": "N", "35": "E", "6": "W", "188": "N", "5": "E", "0": "N", "153": "W", "176": "W", "199": "N", "23": "W", "51": "S", "138": "S", "40": "N", "174": "N", "108": "S", "112": "N", "4": "S", "171": "S", "147": "E", "106": "S", "45": "N", "1": "S", "8": "N", "81": "E", "33": "W", "124": "E", "15": "E", "11": "W", "132": "N", "7": "W", "104": "E", "143": "W", "197": "E", "28": "N", "170": "N", "162": "N", "57": "E", "84": "W", "86": "E", "111": "E", "41": "N", "52": "W", "25": "E", "179": "S", "126": "N", "189": "W", "110": "N", "142": "W", "64": "W", "135": "N", "113": "E", "92": "W", "168": "E", "177": "E", "191": "W", "12": "W", "114": "E", "178": "E", "120": "W", "122": "S", "66": "W", "115": "W", "100": "S", "42": "W", "118": "S", "73": "S", "67": "W", "198": "W", "190": "S", "187": "E", "26": "E", "10": "E", "140": "S", "87": "N", "75": "N", "130": "N", "37": "N", "146": "W"}, {"88": "W", "145": "N", "14": "W", "167": "W", "133": "N", "77": "N", "144": "E", "38": "W", "193": "N", "63": "E", "13": "W", "163": "E", "18": "W", "152": "N", "47": "E", "30": "S", "119": "E", "151": "E", "117": "E", "164": "W", "29": "N", "181": "E", "98": "W", "89": "E", "59": "E", "55": "E", "72": "W", "60": "E", "103": "E", "184": "N", "49": "E", "76": "E", "85": "S", "129": "N", "196": "N", "158": "S", "166": "W", "36": "N", "54": "E", "6": "W", "188": "E", "5": "N", "79": "E", "0": "W", "153": "N", "176": "W", "51": "E", "107": "W", "108": "S", "112": "N", "4": "E", "147": "S", "106": "W", "45": "N", "1": "S", "81": "S", "33": "S", "124": "N", "15": "E", "11": "W", "17": "E", "132": "N", "104": "E", "149": "S", "143": "S", "28": "N", "68": "E", "170": "N", "160": "E", "162": "N", "57": "E", "86": "N", "111": "E", "41": "N", "52": "W", "46": "E", "25": "E", "126": "N", "2": "N", "165": "N", "180": "S", "110": "N", "142": "W", "64": "S", "135": "N", "168": "N", "191": "N", "12": "W", "114": "E", "178": "E", "120": "S", "122": "S", "66": "S", "115": "W", "78": "E", "100": "S", "42": "W", "195": "N", "118": "S", "67": "W", "198": "W", "190": "S", "26": "S", "10": "E", "90": "W", "155": "E", "140": "S", "87": "N", "75": "N", "130": "N", "37": "N", "65": "E", "146": "W", "43": "W"}, {"88": "W", "39": "N", "14": "S", "133": "W", "121": "E", "77": "E", "173": "N", "70": "E", "38": "S", "193": "N", "82": "W", "63": "E", "13": "W", "163": "E", "47": "E", "30": "E", "119": "E", "151": "E", "117": "E", "164": "W", "29": "N", "181": "E", "98": "W", "89": "E", "55": "E", "60": "E", "184": "E", "49": "E", "76": "N", "85": "W", "129": "W", "196": "W", "158": "S", "166": "W", "36": "N", "54": "E", "35": "W", "6": "W", "188": "N", "194": "W", "5": "E", "79": "S", "0": "N", "153": "W", "176": "W", "23": "W", "51": "S", "186": "S", "174": "N", "108": "E", "112": "E", "4": "N", "147": "S", "106": "S", "45": "N", "1": "S", "81": "E", "33": "W", "124": "N", "15": "E", "11": "W", "17": "N", "132": "N", "149": "S", "143": "S", "197": "W", "28": "N", "68": "S", "160": "E", "162": "N", "57": "S", "84": "W", "86": "N", "111": "E", "41": "E", "52": "W", "25": "E", "126": "N", "2": "N", "165": "W", "180": "S", "110": "E", "142": "N", "64": "S", "135": "N", "92": "E", "168": "W", "191": "W", "12": "S", "114": "S", "178": "N", "120": "S", "122": "S", "66": "W", "115": "N", "100": "E", "42": "W", "195": "W", "118": "S", "67": "W", "198": "W", "190": "W", "187": "E", "26": "S", "10": "N", "90": "W", "155": "S", "140": "E", "87": "N", "75": "E", "130": "E", "37": "N", "65": "E", "146": "W", "43": "W"}, {"88": "S", "133": "S", "121": "E", "77": "E", "38": "S", "193": "W", "82": "N", "63": "E", "163": "S", "152": "N", "47": "E", "30": "E", "119": "E", "151": "N", "117": "E", "164": "W", "29": "W", "181": "E", "98": "S", "89": "N", "55": "N", "16": "S", "60": "E", "103": "W", "49": "E", "76": "E", "85": "W", "192": "S", "129": "N", "196": "N", "158": "S", "166": "S", "127": "W", "36": "N", "54": "N", "35": "N", "6": "W", "188": "N", "5": "E", "79": "S", "176": "W", "51": "S", "186": "S", "108": "E", "4": "E", "147": "W", "106": "S", "45": "N", "81": "S", "33": "W", "124": "N", "15": "N", "11": "W", "17": "E", "132": "N", "7": "E", "104": "W", "34": "N", "149": "S", "143": "S", "28": "E", "68": "S", "162": "N", "57": "S", "84": "W", "86": "W", "159": "W", "111": "E", "41": "N", "52": "S", "183": "S", "25": "E", "126": "E", "189": "W", "2": "N", "165": "W", "180": "S", "110": "E", "142": "E", "64": "S", "135": "N", "92": "E", "168": "N", "191": "N", "12": "E", "114": "S", "178": "N", "120": "S", "122": "E", "66": "W", "115": "W", "100": "S", "42": "W", "118": "S", "73": "W", "67": "W", "198": "N", "190": "W", "187": "E", "26": "W", "10": "N", "90": "S", "155": "W", "140": "E", "87": "E", "75": "E", "130": "E", "37": "E", "65": "N", "146": "W"}, {"133": "E", "38": "S", "169": "S", "193": "W", "82": "W", "63": "E", "163": "W", "47": "E", "30": "S", "119": "E", "117": "E", "164": "W", "181": "N", "98": "S", "89": "E", "60": "E", "49": "E", "76": "E", "85": "W", "192": "W", "129": "W", "196": "N", "158": "E", "166": "W", "127": "S", "36": "N", "54": "E", "35": "N", "6": "W", "188": "N", "194": "E", "79": "E", "0": "N", "176": "W", "51": "S", "138": "E", "107": "E", "186": "W", "108": "E", "112": "N", "4": "E", "171": "W", "147": "S", "106": "W", "45": "N", "8": "W", "81": "E", "33": "S", "124": "E", "15": "N", "11": "W", "132": "N", "149": "S", "143": "S", "197": "E", "28": "E", "68": "S", "160": "E", "162": "N", "57": "E", "84": "W", "86": "N", "111": "E", "41": "E", "25": "E", "179": "N", "126": "N", "2": "N", "165": "W", "110": "E", "142": "E", "64": "S", "135": "N", "168": "N", "191": "W", "12": "E", "114": "S", "178": "N", "122": "E", "66": "W", "115": "W", "78": "S", "100": "E", "42": "N", "139": "N", "195": "E", "118": "W", "73": "W", "67": "W", "190": "W", "187": "N", "26": "S", "10": "N", "90": "S", "155": "S", "75": "E", "65": "E", "146": "W", "43": "E"}, {"193": "N", "82": "S", "63": "S", "47": "E", "119": "E", "117": "E", "164": "W", "181": "E", "98": "W", "16": "N", "60": "E", "49": "S", "76": "E", "85": "W", "192": "N", "129": "W", "196": "N", "158": "E", "166": "W", "127": "E", "36": "N", "54": "N", "6": "W", "188": "W", "79": "S", "176": "W", "51": "S", "138": "E", "107": "N", "186": "W", "93": "E", "108": "S", "147": "S", "106": "W", "45": "N", "8": "N", "81": "N", "33": "W", "124": "E", "11": "W", "17": "S", "132": "W", "104": "S", "143": "S", "197": "E", "28": "E", "68": "S", "160": "S", "162": "N", "57": "E", "84": "N", "86": "N", "111": "E", "41": "E", "46": "S", "25": "E", "126": "N", "189": "W", "2": "E", "165": "W", "180": "S", "110": "E", "142": "E", "64": "E", "135": "N", "168": "N", "191": "W", "12": "E", "114": "W", "178": "N", "120": "S", "122": "E", "66": "W", "100": "S", "195": "E", "118": "S", "73": "S", "67": "W", "190": "S", "187": "N", "26": "S", "10": "N", "90": "E", "155": "S", "140": "W", "75": "E", "130": "S", "65": "E"}, {"193": "N", "63": "S", "119": "E", "117": "E", "164": "W", "181": "E", "98": "W", "60": "N", "49": "S", "76": "E", "85": "W", "192": "E", "129": "W", "196": "N", "158": "S", "166": "W", "127": "E", "36": "E", "54": "N", "35": "E", "6": "W", "188": "W", "176": "W", "199": "W", "51": "S", "107": "E", "186": "W", "93": "E", "108": "E", "112": "S", "4": "S", "171": "W", "147": "S", "106": "S", "8": "N", "81": "E", "33": "S", "124": "E", "15": "E", "17": "W", "132": "N", "104": "E", "34": "S", "143": "S", "28": "E", "68": "S", "160": "S", "162": "N", "57": "E", "84": "N", "86": "N", "111": "E", "41": "E", "52": "W", "46": "W", "25": "E", "179": "S", "165": "W", "180": "E", "110": "E", "142": "E", "64": "S", "135": "N", "168": "N", "191": "N", "12": "E", "114": "S", "178": "N", "120": "E", "122": "E", "66": "W", "115": "E", "78": "S", "100": "W", "195": "N", "118": "W", "67": "N", "190": "W", "187": "N", "26": "S", "10": "N", "90": "E", "155": "S", "75": "E", "130": "W", "65": "E", "146": "W"}, {"193": "N", "117": "N", "22": "N", "164": "W", "181": "N", "98": "S", "60": "N", "71": "S", "49": "E", "76": "E", "85": "W", "196": "N", "158": "S", "166": "W", "127": "N", "36": "N", "54": "E", "6": "W", "188": "W", "176": "W", "51": "W", "138": "W", "107": "E", "186": "W", "108": "E", "4": "E", "171": "S", "147": "W", "106": "W", "8": "N", "81": "E", "33": "W", "124": "E", "15": "N", "17": "W", "132": "N", "104": "E", "143": "S", "197": "W", "28": "E", "68": "S", "160": "E", "162": "E", "57": "S", "86": "N", "111": "E", "41": "E", "183": "N", "46": "W", "165": "W", "180": "S", "110": "N", "64": "E", "135": "N", "62": "S", "113": "W", "168": "N", "177": "W", "191": "N", "12": "E", "114": "S", "178": "E", "120": "S", "66": "W", "115": "E", "100": "S", "139": "S", "118": "W", "67": "N", "190": "W", "187": "N", "26": "E", "10": "E", "155": "S", "140": "E", "75": "N", "130": "N", "37": "S", "65": "S", "146": "W", "43": "E"}, {"193": "N", "117": "E", "164": "W", "181": "E", "98": "E", "74": "E", "60": "E", "71": "S", "49": "E", "76": "E", "85": "W", "196": "N", "158": "S", "166": "N", "36": "E", "54": "N", "35": "E", "6": "S", "188": "W", "176": "S", "51": "W", "107": "N", "186": "W", "40": "E", "108": "E", "112": "S", "4": "N", "171": "S", "147": "S", "106": "W", "45": "E", "8": "E", "81": "E", "33": "W", "124": "E", "15": "N", "17": "W", "132": "W", "149": "S", "143": "E", "28": "E", "162": "E", "57": "E", "86": "N", "111": "E", "41": "E", "52": "E", "179": "W", "2": "E", "180": "W", "110": "E", "64": "S", "135": "N", "168": "N", "191": "N", "12": "E", "114": "S", "178": "E", "66": "N", "115": "E", "100": "S", "118": "S", "190": "W", "187": "N", "10": "E", "90": "S", "155": "S", "75": "E", "130": "E", "37": "S", "65": "E", "146": "W", "43": "E"}, {"193": "N", "117": "E", "22": "S", "164": "N", "181": "E", "60": "E", "184": "S", "71": "S", "49": "S", "76": "E", "85": "N", "196": "N", "158": "S", "166": "N", "36": "E", "54": "W", "35": "E", "6": "S", "79": "N", "199": "E", "51": "S", "107": "N", "186": "W", "108": "E", "112": "S", "4": "E", "171": "S", "147": "E", "106": "W", "1": "S", "8": "E", "81": "E", "33": "N", "124": "E", "15": "N", "17": "N", "132": "N", "7": "W", "104": "N", "149": "W", "143": "S", "197": "E", "68": "S", "162": "N", "57": "E", "86": "N", "111": "E", "41": "E", "52": "E", "46": "N", "179": "S", "180": "W", "110": "E", "142": "E", "64": "S", "135": "N", "113": "E", "177": "E", "191": "N", "114": "S", "178": "E", "120": "S", "66": "N", "115": "E", "100": "S", "42": "S", "195": "S", "118": "W", "73": "W", "190": "W", "187": "N", "10": "N", "90": "S", "155": "S", "75": "E", "130": "N", "146": "W", "43": "E"}, {"193": "W", "164": "N", "181": "E", "96": "W", "74": "W", "60": "E", "49": "E", "76": "E", "85": "W", "196": "N", "158": "S", "36": "E", "54": "N", "35": "N", "6": "S", "79": "E", "51": "S", "138": "E", "107": "W", "186": "N", "40": "W", "108": "N", "4": "E", "171": "S", "106": "W", "8": "E", "81": "E", "33": "N", "124": "E", "15": "N", "11": "N", "17": "N", "132": "N", "7": "W", "143": "E", "68": "W", "170": "W", "57": "E", "84": "N", "86": "W", "159": "E", "111": "E", "41": "E", "52": "E", "179": "E", "189": "E", "2": "N", "180": "S", "110": "E", "142": "S", "64": "S", "135": "N", "191": "N", "114": "S", "178": "N", "120": "S", "66": "W", "115": "E", "78": "N", "100": "S", "118": "W", "73": "W", "67": "S", "190": "W", "187": "N", "10": "E", "90": "S", "155": "S", "140": "W", "87": "E", "75": "S", "130": "N", "146": "W"}, {"193": "N", "181": "E", "96": "N", "60": "E", "71": "N", "49": "E", "76": "E", "85": "N", "36": "E", "54": "N", "35": "E", "6": "E", "79": "E", "51": "W", "107": "W", "186": "N", "93": "N", "108": "E", "4": "E", "171": "S", "147": "W", "106": "W", "45": "W", "1": "N", "8": "E", "81": "E", "33": "E", "124": "E", "15": "N", "11": "N", "132": "N", "143": "E", "197": "W", "68": "S", "57": "S", "84": "N", "86": "N", "111": "S", "41": "S", "52": "E", "183": "S", "20": "N", "46": "E", "189": "E", "2": "N", "110": "S", "142": "S", "64": "S", "135": "N", "62": "E", "168": "S", "191": "N", "114": "W", "178": "N", "66": "N", "115": "E", "78": "N", "100": "S", "42": "N", "195": "S", "118": "W", "73": "W", "190": "W", "187": "N", "10": "E", "90": "S", "155": "S", "87": "E", "75": "E", "130": "N", "146": "W"}, {"193": "N", "181": "E", "96": "N", "60": "E", "184": "N", "71": "N", "85": "N", "125": "S", "36": "E", "54": "W", "35": "E", "6": "E", "79": "N", "51": "S", "138": "W", "107": "N", "93": "W", "112": "W", "171": "E", "106": "W", "8": "E", "81": "E", "33": "N", "124": "E", "15": "W", "11": "W", "17": "S", "132": "N", "7": "E", "143": "N", "197": "W", "68": "E", "170": "E", "160": "S", "57": "E", "84": "N", "86": "W", "111": "W", "41": "E", "183": "W", "179": "E", "2": "E", "165": "W", "180": "S", "110": "E", "142": "S", "64": "S", "135": "W", "62": "N", "191": "N", "114": "S", "178": "W", "66": "E", "100": "W", "195": "W", "118": "W", "73": "W", "190": "W", "187": "W", "10": "E", "90": "S", "155": "S", "87": "N", "75": "S", "130": "W", "37": "S", "146": "W", "43": "E"}, {"193": "N", "181": "E", "96": "N", "60": "E", "71": "N", "85": "N", "36": "E", "54": "W", "35": "E", "6": "E", "194": "W", "79": "E", "176": "W", "51": "W", "138": "W", "107": "W", "93": "W", "4": "W", "171": "E", "106": "W", "8": "E", "81": "E", "124": "E", "15": "N", "11": "S", "132": "N", "7": "E", "149": "N", "143": "E", "68": "E", "160": "E", "57": "E", "86": "W", "111": "W", "41": "E", "183": "W", "46": "W", "179": "E", "2": "E", "180": "W", "110": "E", "142": "W", "64": "S", "135": "W", "191": "N", "114": "S", "178": "W", "120": "W", "100": "S", "118": "W", "73": "W", "190": "W", "187": "W", "10": "E", "90": "S", "155": "S", "75": "E", "130": "W", "146": "W"}, {"193": "N", "181": "E", "96": "N", "60": "E", "71": "E", "85": "E", "36": "E", "54": "N", "35": "E", "6": "E", "79": "E", "176": "W", "51": "W", "107": "W", "93": "S", "4": "W", "106": "W", "8": "N", "81": "N", "124": "E", "15": "N", "11": "S", "132": "N", "34": "W", "149": "N", "143": "E", "68": "S", "160": "E", "57": "S", "84": "E", "86": "W", "111": "W", "41": "N", "46": "W", "2": "E", "165": "E", "180": "N", "110": "E", "142": "N", "64": "S", "135": "W", "168": "N", "191": "N", "114": "S", "178": "N", "120": "S", "118": "W", "73": "W", "190": "W", "10": "N", "90": "S", "155": "S", "140": "W", "87": "E", "75": "E", "130": "N", "37": "N", "146": "W"}, {"193": "N", "181": "S", "96": "N", "125": "N", "36": "E", "54": "N", "35": "E", "6": "E", "194": "E", "79": "S", "51": "N", "107": "W", "93": "S", "4": "N", "106": "W", "8": "E", "81": "N", "124": "E", "15": "N", "11": "E", "132": "N", "149": "N", "143": "E", "68": "E", "160": "N", "57": "S", "84": "N", "86": "W", "111": "W", "41": "E", "183": "E", "2": "E", "180": "N", "110": "E", "142": "N", "64": "S", "135": "W", "62": "W", "168": "N", "177": "S", "191": "N", "114": "S", "178": "N", "120": "W", "118": "W", "73": "W", "190": "W", "10": "N", "90": "S", "155": "S", "87": "N", "75": "E", "130": "N", "37": "N", "146": "W"}, {"193": "N", "181": "E", "96": "W", "36": "E", "54": "N", "35": "E", "6": "E", "79": "S", "176": "W", "51": "N", "107": "W", "93": "W", "106": "W", "8": "E", "81": "N", "15": "N", "132": "N", "34": "W", "149": "N", "143": "E", "197": "S", "68": "E", "57": "W", "84": "N", "86": "W", "111": "W", "41": "E", "183": "N", "20": "N", "179": "W", "2": "E", "110": "E", "142": "N", "64": "S", "135": "W", "113": "W", "191": "N", "114": "W", "178": "W", "120": "W", "118": "W", "73": "N", "198": "S", "190": "N", "10": "E", "90": "S", "155": "S", "87": "E", "75": "E", "130": "N", "37": "N", "146": "W"}, {"193": "N", "181": "S", "36": "S", "54": "N", "35": "E", "6": "E", "79": "E", "107": "W", "93": "W", "106": "W", "8": "E", "81": "N", "124": "E", "15": "N", "149": "N", "143": "E", "57": "S", "84": "E", "86": "W", "111": "W", "183": "E", "179": "W", "2": "E", "110": "E", "64": "S", "135": "W", "113": "W", "177": "W", "191": "N", "178": "N", "120": "W", "118": "N", "190": "N", "10": "E", "90": "S", "155": "E", "87": "N", "75": "E", "130": "N", "37": "N", "146": "W"}, {"193": "E", "181": "E", "96": "E", "36": "E", "54": "N", "35": "E", "6": "E", "176": "E", "107": "N", "93": "N", "106": "N", "8": "S", "81": "W", "124": "S", "15": "N", "34": "E", "143": "E", "160": "E", "57": "S", "84": "N", "86": "W", "111": "W", "189": "E", "110": "E", "64": "E", "135": "W", "113": "W", "191": "N", "178": "N", "120": "W", "10": "S", "90": "E", "140": "E", "87": "N", "75": "N", "130": "N", "37": "N", "146": "W"}, {"193": "E", "181": "E", "96": "E", "54": "W", "35": "E", "6": "E", "176": "E", "107": "W", "106": "N", "8": "W", "81": "N", "124": "W", "15": "N", "34": "E", "197": "N", "57": "S", "84": "E", "86": "W", "111": "W", "183": "N", "2": "N", "110": "E", "64": "E", "135": "N", "62": "E", "128": "S", "113": "W", "177": "N", "191": "N", "178": "N", "120": "W", "42": "W", "198": "N", "10": "E", "90": "E", "155": "S", "140": "E", "75": "E", "130": "N", "37": "N", "146": "N"}, {"193": "E", "181": "E", "96": "E", "54": "W", "35": "E", "6": "E", "176": "E", "107": "W", "106": "N", "15": "N", "57": "S", "84": "N", "41": "S", "183": "N", "20": "E", "165": "N", "110": "E", "64": "E", "113": "W", "168": "E", "177": "E", "191": "N", "178": "N", "120": "N", "42": "W", "67": "N", "10": "S", "155": "E", "140": "E", "75": "E", "130": "W", "146": "N"}, {"193": "E", "96": "E", "54": "S", "35": "S", "107": "W", "15": "N", "57": "S", "20": "S", "189": "W", "110": "E", "64": "S", "135": "W", "168": "N", "177": "E", "191": "N", "178": "N", "10": "E", "155": "E", "75": "E", "130": "N", "146": "N", "43": "W"}, {"193": "E", "96": "E", "35": "E", "107": "S", "15": "N", "84": "N", "183": "S", "20": "S", "2": "S", "165": "S", "110": "E", "64": "E", "135": "W", "62": "W", "128": "N", "113": "E", "168": "N", "177": "E", "191": "N", "178": "N", "42": "E", "67": "S", "10": "E", "155": "E", "75": "E", "130": "N", "146": "N", "43": "N"}, {"107": "S", "15": "W", "183": "S", "20": "W", "165": "S", "110": "E", "64": "E", "135": "W", "113": "E", "168": "W", "191": "E", "178": "N", "42": "E", "67": "S", "10": "E", "155": "E", "75": "E", "130": "N", "146": "N", "43": "W"}, {"15": "W", "110": "S", "64": "E", "135": "W", "113": "E", "168": "S", "191": "E", "178": "N", "10": "E", "75": "N", "130": "N", "146": "N", "43": "S"}, {"15": "W", "110": "S", "64": "E", "135": "W", "113": "E", "168": "S", "177": "S", "191": "N", "178": "N", "10": "E", "75": "E", "130": "E", "146": "N", "43": "E"}, {"15": "W", "110": "S", "64": "E", "113": "E", "191": "E", "178": "N", "139": "S", "10": "E", "155": "N", "75": "E", "130": "E", "146": "N", "43": "E"}, {"110": "W", "64": "N", "62": "E", "177": "N", "191": "E", "178": "W", "10": "E", "75": "E", "130": "N", "146": "N"}, {"110": "S", "64": "E", "191": "E", "178": "W", "67": "N", "10": "E", "75": "E", "130": "E", "146": "N"}, {"110": "S", "191": "E", "178": "W", "139": "N", "10": "S", "75": "E", "146": "N"}, {"110": "S", "62": "W", "191": "E", "75": "E", "146": "E"}, {"191": "E", "67": "S", "75": "S", "146": "E"}, {"191": "E"}, {"191": "E"}], "result": "SUCCESS", "makespan": 56, "sum": 4751, "algo_name": "Chill_per_25_BIT_", "extra": {"arrival_order": [27, 185, 94, 137, 50, 154, 88, 97, 99, 150, 39, 145, 101, 19, 134, 14, 175, 80, 83, 167, 156, 109, 133, 53, 69, 121, 77, 58, 173, 182, 91, 116, 56, 144, 141, 31, 136, 70, 38, 172, 48, 102, 21, 44, 105, 123, 148, 169, 131, 32, 193, 82, 63, 13, 163, 18, 152, 47, 24, 30, 119, 151, 117, 22, 164, 29, 181, 98, 89, 59, 3, 55, 96, 16, 95, 74, 72, 157, 60, 103, 184, 71, 49, 76, 85, 125, 192, 129, 196, 158, 166, 127, 36, 54, 35, 6, 188, 194, 5, 79, 0, 9, 153, 176, 199, 61, 23, 51, 138, 107, 186, 40, 93, 174, 108, 112, 4, 171, 147, 106, 45, 1, 8, 81, 33, 124, 15, 11, 17, 161, 132, 7, 104, 34, 149, 143, 197, 28, 68, 170, 160, 162, 57, 84, 86, 159, 111, 41, 52, 183, 20, 46, 25, 179, 126, 189, 2, 165, 180, 110, 142, 64, 135, 62, 128, 113, 92, 168, 177, 191, 12, 114, 178, 120, 122, 66, 115, 78, 100, 42, 139, 195, 118, 73, 67, 198, 190, 187, 26, 10, 90, 155, 140, 87, 75, 130, 37, 65, 146, 43], "time_arrived": [1848, 2260, 2972, 1170, 2156, 1794, 1723, 2491, 2286, 1865, 3724, 2424, 3258, 821, 322, 2400, 1225, 2434, 858, 303, 2870, 635, 1022, 1969, 911, 2901, 3684, 142, 2594, 1070, 933, 558, 719, 2342, 2520, 1710, 1650, 3900, 592, 271, 2084, 2841, 3470, 3986, 644, 2242, 2881, 894, 613, 1410, 189, 2004, 2853, 385, 1685, 1193, 517, 2713, 458, 1157, 1338, 1949, 3148, 799, 3098, 3926, 3395, 3582, 2614, 398, 571, 1375, 1284, 3557, 1254, 3851, 1436, 442, 3423, 1823, 341, 2320, 776, 350, 2746, 1469, 2782, 3815, 222, 1146, 3754, 495, 3188, 2094, 164, 1245, 1216, 241, 1119, 245, 3451, 286, 619, 1358, 2506, 662, 2227, 2051, 2128, 369, 3049, 2813, 2142, 3171, 3277, 3410, 502, 1006, 3531, 952, 3349, 421, 3364, 672, 2364, 1478, 2942, 1624, 3164, 1519, 3880, 711, 2483, 381, 311, 3138, 565, 172, 2016, 3476, 3790, 542, 3057, 2568, 540, 278, 3972, 2191, 679, 2531, 262, 983, 876, 1885, 200, 3778, 363, 1307, 1577, 2795, 2665, 2448, 2678, 843, 1053, 2985, 1601, 355, 3204, 696, 2625, 2175, 606, 467, 2105, 335, 1917, 3209, 3313, 2922, 3003, 1098, 482, 2863, 1366, 154, 2070, 3662, 1750, 2949, 3635, 3250, 1485, 754, 1768, 3494, 1544, 2580, 3605, 1939], "BIT_runs": 1, "old_makespan": 3986, "old_sum": 4969, "improved": "[27, 185, 94, 137, 50, 154, 88, 97, 99, 150, 39, 145, 101, 19, 134, 14, 175, 80, 83, 167, 156, 109, 133, 53, 69, 121, 77, 58, 173, 182, 91, 116, 56, 144, 141, 31, 136, 70, 38, 172, 48, 102, 21, 44, 105, 123, 148, 169, 131, 32, 193, 82, 63, 13, 163, 18, 152, 47, 24, 30, 119, 151, 117, 22, 164, 29, 181, 98, 89, 59, 3, 55, 96, 16, 95, 74, 72, 157, 60, 103, 184, 71, 49, 76, 85, 125, 192, 129, 196, 158, 166, 127, 36, 54, 35, 6, 188, 194, 5, 79, 0, 9, 153, 176, 199, 61, 23, 51, 138, 107, 186, 40, 93, 174, 108, 112, 4, 171, 147, 106, 45, 1, 8, 81, 33, 124, 15, 11, 17, 161, 132, 7, 104, 34, 149, 143, 197, 28, 68, 170, 160, 162, 57, 84, 86, 159, 111, 41, 52, 183, 20, 46, 25, 179, 126, 189, 2, 165, 180, 110, 142, 64, 135, 62, 128, 113, 92, 168, 177, 191, 12, 114, 178, 120, 122, 66, 115, 78, 100, 42, 139, 195, 118, 73, 67, 198, 190, 187, 26, 10, 90, 155, 140, 87, 75, 130, 37, 65, 146, 43],", "goal_raise_for_bs": 32}}