{"instance": "small_free_010_20x20_50_200", "steps": [{"185": "S", "137": "S", "50": "W", "154": "S", "88": "W", "97": "S", "99": "S", "101": "N", "175": "N", "134": "N", "83": "W", "156": "S", "167": "N", "58": "N", "173": "N", "109": "E", "121": "S", "53": "W", "69": "S", "77": "S", "91": "W", "144": "S", "182": "W", "56": "S", "141": "W", "172": "E", "48": "S", "44": "S", "102": "S", "193": "S", "169": "W", "63": "W", "82": "N", "18": "N", "13": "S", "47": "W", "24": "S", "119": "W", "164": "N", "22": "W", "181": "W", "30": "S", "151": "E", "89": "W", "117": "W", "55": "E", "16": "S", "59": "S", "49": "W", "103": "S", "85": "N", "184": "S", "157": "S", "96": "N", "95": "S", "192": "N", "158": "W", "129": "N", "36": "W", "54": "S", "6": "N", "188": "S", "35": "W", "79": "N", "5": "E", "0": "N", "176": "E", "51": "N", "107": "N", "23": "N", "61": "W", "40": "N", "153": "W", "186": "E", "106": "S", "11": "E", "171": "N", "45": "E", "147": "E", "174": "S", "81": "W", "17": "S", "15": "S", "1": "E", "4": "S", "124": "W", "112": "E", "93": "N", "161": "W", "7": "W", "34": "N", "197": "S", "160": "W", "170": "S", "28": "W", "104": "S", "149": "N", "57": "W", "143": "N", "84": "S", "183": "E", "52": "N", "111": "N", "86": "W", "159": "E", "20": "E", "165": "N", "189": "E", "110": "W", "135": "N", "46": "W", "179": "N", "142": "S", "2": "W", "146": "E", "177": "S", "43": "W", "65": "S", "90": "N", "122": "W", "128": "N", "190": "W", "66": "S", "26": "S", "191": "S", "155": "S", "87": "S", "139": "W", "73": "E", "100": "N", "92": "W", "118": "N", "114": "E", "120": "N", "67": "E", "168": "E", "37": "S", "42": "S", "12": "W", "198": "E", "187": "N", "75": "E", "195": "N", "178": "S", "130": "N", "78": "E"}, {"185": "S", "94": "N", "137": "S", "50": "W", "154": "S", "88": "N", "97": "W", "99": "W", "150": "E", "39": "N", "101": "N", "175": "N", "134": "W", "83": "W", "156": "S", "167": "N", "58": "N", "173": "W", "109": "E", "121": "S", "53": "W", "69": "S", "77": "E", "91": "W", "144": "S", "182": "W", "56": "S", "141": "W", "136": "W", "21": "W", "148": "S", "48": "W", "70": "E", "44": "S", "38": "W", "102": "S", "131": "N", "193": "S", "169": "W", "63": "W", "82": "E", "18": "W", "152": "E", "163": "E", "13": "S", "47": "W", "24": "S", "98": "E", "119": "W", "22": "W", "181": "W", "30": "S", "151": "E", "89": "W", "117": "W", "60": "W", "55": "E", "16": "S", "59": "S", "49": "W", "103": "E", "85": "W", "184": "S", "157": "E", "96": "E", "76": "W", "125": "W", "72": "W", "192": "N", "166": "W", "196": "S", "158": "W", "129": "W", "127": "E", "36": "W", "54": "S", "188": "S", "35": "W", "79": "N", "5": "E", "0": "N", "176": "E", "51": "N", "138": "W", "107": "N", "23": "E", "61": "N", "40": "N", "186": "E", "11": "E", "171": "N", "45": "E", "147": "E", "174": "S", "33": "E", "81": "W", "17": "S", "15": "S", "1": "S", "4": "S", "124": "W", "112": "E", "93": "N", "162": "N", "161": "W", "132": "S", "34": "N", "197": "W", "160": "W", "170": "S", "28": "W", "149": "W", "57": "W", "68": "E", "143": "N", "84": "S", "183": "N", "52": "N", "41": "W", "86": "S", "159": "N", "20": "N", "189": "E", "110": "W", "126": "S", "46": "W", "179": "E", "142": "E", "25": "W", "62": "E", "146": "E", "177": "S", "43": "W", "65": "E", "90": "N", "122": "W", "115": "E", "190": "W", "66": "E", "191": "S", "155": "S", "139": "W", "73": "E", "100": "E", "92": "W", "118": "N", "114": "S", "120": "N", "67": "E", "168": "E", "37": "S", "42": "W", "12": "N", "198": "E", "187": "N", "75": "E", "195": "N", "178": "S", "78": "S"}, {"185": "S", "94": "N", "137": "E", "50": "W", "154": "W", "88": "W", "97": "W", "99": "W", "150": "S", "39": "N", "101": "W", "175": "N", "19": "N", "134": "W", "83": "W", "156": "S", "80": "W", "167": "E", "109": "E", "121": "S", "53": "W", "69": "S", "133": "S", "77": "N", "91": "W", "144": "S", "116": "E", "182": "W", "56": "S", "136": "W", "172": "S", "21": "W", "70": "E", "44": "S", "38": "S", "102": "E", "131": "N", "193": "S", "105": "W", "169": "S", "63": "W", "18": "W", "152": "S", "163": "S", "47": "W", "24": "S", "98": "E", "119": "W", "22": "W", "181": "W", "30": "W", "29": "W", "151": "S", "89": "S", "117": "W", "60": "W", "74": "S", "55": "E", "16": "S", "59": "S", "49": "W", "103": "E", "85": "S", "184": "S", "96": "N", "95": "E", "76": "W", "71": "W", "125": "W", "72": "W", "166": "W", "196": "S", "158": "N", "129": "W", "36": "W", "54": "E", "6": "N", "188": "S", "35": "W", "194": "W", "79": "N", "5": "N", "0": "W", "176": "E", "51": "N", "138": "W", "107": "W", "9": "W", "186": "E", "106": "S", "11": "E", "171": "W", "45": "E", "147": "E", "174": "S", "33": "S", "81": "W", "17": "S", "15": "S", "1": "S", "124": "N", "112": "E", "93": "N", "108": "N", "161": "W", "132": "S", "34": "N", "160": "W", "170": "S", "28": "W", "84": "S", "183": "N", "52": "N", "41": "W", "86": "W", "159": "N", "20": "N", "189": "E", "110": "S", "180": "S", "126": "W", "179": "N", "25": "W", "62": "S", "146": "E", "177": "S", "43": "W", "65": "E", "90": "N", "122": "S", "128": "S", "115": "N", "190": "W", "66": "E", "26": "N", "140": "W", "191": "S", "113": "W", "155": "S", "87": "N", "73": "E", "100": "S", "92": "W", "118": "N", "114": "S", "120": "N", "67": "N", "168": "N", "42": "S", "12": "N", "10": "N", "198": "E", "75": "E", "195": "N", "178": "S", "130": "N", "78": "W"}, {"185": "W", "94": "N", "137": "S", "50": "W", "154": "S", "88": "W", "97": "W", "99": "S", "150": "S", "39": "N", "145": "E", "101": "W", "175": "N", "19": "N", "134": "W", "83": "W", "156": "S", "80": "W", "109": "E", "121": "S", "53": "N", "69": "S", "133": "S", "77": "N", "91": "W", "31": "N", "116": "N", "182": "W", "56": "S", "141": "N", "136": "W", "172": "S", "21": "W", "70": "E", "44": "S", "38": "W", "123": "W", "131": "N", "193": "S", "105": "W", "169": "W", "63": "W", "18": "S", "152": "W", "163": "S", "13": "W", "47": "W", "24": "S", "98": "E", "119": "W", "164": "S", "22": "W", "181": "W", "30": "W", "29": "N", "89": "E", "117": "W", "60": "W", "74": "S", "55": "E", "16": "S", "59": "S", "49": "W", "103": "S", "85": "W", "184": "S", "157": "E", "96": "E", "76": "W", "71": "W", "125": "W", "72": "W", "192": "N", "196": "E", "129": "N", "36": "W", "54": "S", "6": "N", "188": "S", "35": "S", "79": "N", "5": "N", "0": "N", "176": "E", "51": "N", "138": "W", "107": "N", "40": "W", "186": "E", "106": "S", "11": "E", "171": "S", "45": "E", "174": "S", "33": "W", "81": "W", "17": "S", "15": "S", "8": "S", "124": "N", "112": "E", "93": "N", "108": "W", "161": "W", "132": "S", "34": "N", "160": "W", "170": "S", "28": "W", "57": "W", "68": "W", "143": "W", "84": "S", "41": "W", "159": "E", "20": "E", "189": "E", "180": "S", "135": "E", "179": "N", "142": "W", "2": "N", "25": "W", "62": "S", "146": "E", "177": "W", "43": "N", "90": "W", "128": "E", "190": "W", "66": "E", "191": "S", "113": "W", "87": "N", "73": "E", "100": "E", "92": "W", "118": "N", "120": "N", "67": "W", "168": "N", "37": "S", "42": "W", "12": "W", "10": "N", "198": "E", "178": "S", "78": "W"}, {"27": "N", "185": "W", "94": "N", "137": "S", "50": "S", "154": "S", "88": "W", "97": "W", "99": "S", "150": "S", "39": "N", "145": "E", "101": "W", "175": "N", "19": "N", "134": "N", "83": "W", "156": "S", "167": "E", "58": "W", "109": "E", "121": "S", "69": "E", "133": "S", "77": "N", "91": "W", "144": "N", "116": "N", "182": "W", "136": "W", "172": "S", "21": "W", "148": "W", "48": "S", "70": "E", "44": "S", "38": "S", "102": "E", "123": "S", "193": "S", "105": "S", "169": "S", "63": "W", "18": "W", "163": "S", "47": "W", "24": "W", "98": "E", "119": "N", "164": "W", "22": "W", "30": "W", "29": "N", "89": "E", "74": "S", "55": "E", "16": "S", "49": "N", "103": "S", "85": "W", "184": "S", "157": "E", "96": "E", "95": "S", "125": "N", "72": "N", "166": "S", "127": "S", "54": "S", "6": "N", "188": "S", "79": "E", "5": "E", "0": "N", "176": "E", "138": "N", "107": "N", "61": "W", "153": "E", "9": "N", "186": "E", "106": "W", "11": "E", "171": "S", "45": "E", "174": "S", "33": "S", "15": "S", "8": "E", "1": "S", "4": "E", "112": "E", "93": "N", "108": "S", "162": "N", "161": "S", "132": "S", "34": "N", "197": "W", "160": "W", "170": "S", "143": "W", "41": "W", "159": "S", "165": "W", "189": "E", "110": "S", "180": "E", "126": "S", "135": "E", "46": "E", "179": "N", "2": "W", "25": "W", "146": "E", "43": "N", "90": "W", "122": "S", "128": "E", "115": "E", "190": "S", "66": "S", "191": "S", "113": "S", "155": "W", "87": "N", "139": "W", "73": "E", "92": "W", "118": "N", "67": "W", "168": "N", "37": "S", "42": "W", "12": "N", "10": "N", "198": "E", "187": "E", "195": "N", "178": "S", "130": "N", "78": "W"}, {"27": "E", "185": "W", "94": "N", "137": "S", "50": "W", "154": "S", "88": "W", "97": "S", "150": "S", "39": "N", "145": "E", "101": "W", "19": "E", "83": "W", "156": "S", "80": "S", "167": "N", "58": "W", "173": "W", "109": "E", "121": "W", "69": "E", "133": "S", "77": "E", "91": "W", "31": "S", "182": "N", "141": "W", "172": "S", "21": "W", "148": "W", "48": "S", "70": "S", "44": "S", "38": "W", "102": "E", "123": "S", "32": "W", "131": "S", "193": "S", "105": "S", "169": "S", "63": "W", "82": "S", "18": "W", "152": "N", "163": "S", "13": "E", "47": "W", "119": "E", "164": "W", "22": "W", "181": "W", "30": "S", "29": "E", "89": "S", "117": "W", "60": "W", "16": "S", "49": "W", "103": "S", "85": "W", "184": "E", "157": "E", "96": "N", "95": "E", "76": "W", "71": "E", "192": "S", "166": "S", "158": "W", "129": "E", "127": "E", "36": "W", "54": "S", "6": "N", "188": "W", "35": "E", "194": "E", "79": "S", "5": "E", "0": "E", "176": "N", "51": "N", "138": "N", "107": "N", "23": "N", "61": "W", "9": "N", "186": "S", "199": "W", "106": "W", "11": "N", "171": "W", "45": "N", "147": "W", "174": "S", "33": "W", "81": "W", "17": "N", "15": "S", "8": "N", "1": "S", "4": "E", "124": "W", "112": "S", "93": "N", "108": "S", "161": "S", "7": "N", "132": "S", "197": "W", "160": "W", "170": "W", "28": "W", "104": "S", "143": "S", "84": "S", "183": "E", "52": "E", "41": "W", "111": "E", "159": "E", "20": "N", "189": "E", "135": "N", "46": "S", "179": "E", "142": "E", "2": "W", "64": "N", "25": "N", "43": "N", "90": "W", "128": "E", "66": "S", "140": "E", "191": "S", "113": "S", "73": "E", "100": "N", "92": "W", "118": "E", "120": "E", "67": "N", "168": "N", "37": "W", "12": "W", "10": "N", "187": "E", "75": "S", "195": "W", "178": "S", "78": "S"}, {"27": "E", "185": "W", "94": "N", "137": "E", "50": "W", "154": "E", "88": "N", "97": "W", "99": "S", "150": "S", "39": "N", "145": "S", "101": "W", "19": "N", "83": "W", "156": "S", "80": "S", "167": "W", "58": "S", "173": "S", "109": "E", "121": "S", "69": "N", "77": "N", "91": "W", "144": "S", "141": "N", "172": "S", "148": "W", "70": "W", "44": "S", "38": "S", "102": "E", "123": "E", "131": "S", "193": "S", "169": "S", "63": "W", "82": "S", "18": "W", "152": "W", "163": "S", "13": "S", "47": "W", "119": "N", "164": "S", "22": "W", "30": "S", "29": "E", "151": "S", "89": "S", "117": "N", "60": "N", "55": "E", "16": "S", "49": "N", "103": "S", "85": "S", "184": "E", "157": "E", "95": "N", "76": "W", "71": "N", "72": "W", "192": "S", "166": "S", "196": "S", "158": "N", "129": "N", "127": "S", "36": "W", "54": "S", "6": "N", "194": "S", "79": "S", "5": "N", "0": "N", "176": "N", "51": "N", "138": "N", "107": "W", "23": "E", "106": "S", "11": "N", "171": "W", "45": "N", "147": "S", "174": "S", "81": "W", "17": "N", "15": "S", "1": "S", "4": "E", "124": "W", "112": "S", "93": "W", "108": "W", "162": "N", "161": "S", "132": "S", "34": "W", "197": "W", "160": "S", "28": "W", "104": "W", "149": "N", "57": "N", "68": "W", "143": "W", "52": "N", "41": "N", "111": "E", "86": "N", "20": "N", "165": "W", "189": "E", "135": "N", "46": "S", "179": "S", "142": "E", "2": "W", "64": "W", "25": "E", "62": "N", "146": "S", "177": "W", "43": "N", "65": "S", "90": "W", "122": "E", "128": "E", "115": "E", "66": "S", "191": "S", "155": "N", "87": "N", "100": "N", "118": "S", "120": "S", "67": "N", "168": "N", "37": "W", "12": "N", "10": "W", "198": "N", "187": "E", "75": "E", "195": "W", "178": "S", "130": "W", "78": "W"}, {"27": "E", "185": "S", "94": "E", "137": "E", "50": "W", "154": "S", "88": "W", "97": "W", "150": "S", "39": "E", "101": "S", "175": "W", "83": "W", "156": "S", "80": "S", "167": "S", "58": "W", "173": "W", "121": "W", "69": "N", "91": "W", "144": "W", "116": "S", "141": "W", "136": "N", "172": "E", "148": "W", "70": "W", "44": "E", "38": "W", "123": "E", "32": "W", "131": "W", "193": "S", "169": "S", "63": "N", "18": "W", "152": "W", "163": "E", "13": "S", "47": "N", "24": "W", "98": "S", "119": "N", "164": "W", "22": "N", "181": "W", "30": "S", "29": "E", "151": "W", "117": "W", "60": "E", "55": "E", "16": "S", "49": "N", "103": "S", "85": "S", "184": "E", "157": "S", "95": "E", "76": "W", "71": "N", "72": "N", "192": "S", "166": "E", "196": "E", "158": "E", "129": "N", "36": "W", "54": "S", "6": "N", "188": "W", "35": "N", "194": "S", "79": "S", "0": "N", "176": "W", "51": "N", "138": "N", "107": "N", "23": "E", "61": "E", "9": "E", "199": "W", "106": "S", "11": "N", "171": "W", "45": "W", "147": "E", "174": "S", "17": "N", "15": "S", "8": "E", "4": "E", "124": "W", "112": "W", "93": "W", "108": "W", "161": "S", "7": "N", "132": "S", "34": "N", "197": "W", "160": "S", "28": "W", "104": "N", "57": "E", "143": "W", "84": "S", "52": "W", "41": "N", "86": "E", "165": "W", "189": "E", "110": "S", "126": "N", "135": "E", "46": "S", "179": "S", "142": "E", "2": "N", "64": "S", "25": "N", "146": "S", "43": "N", "65": "S", "90": "S", "128": "N", "115": "S", "66": "W", "26": "N", "191": "S", "113": "S", "87": "N", "139": "S", "73": "E", "100": "E", "92": "W", "118": "S", "114": "S", "120": "S", "67": "N", "37": "N", "10": "W", "198": "N", "187": "E", "195": "S", "178": "S", "130": "W", "78": "W"}, {"27": "E", "185": "S", "94": "E", "50": "S", "154": "S", "88": "W", "97": "W", "150": "S", "39": "E", "101": "S", "14": "S", "175": "S", "83": "W", "80": "S", "58": "W", "173": "W", "121": "W", "69": "W", "91": "S", "31": "W", "144": "S", "116": "W", "182": "S", "56": "E", "141": "S", "136": "E", "172": "E", "21": "E", "148": "W", "48": "N", "70": "W", "44": "E", "38": "S", "123": "E", "32": "N", "131": "W", "193": "S", "105": "W", "63": "N", "82": "N", "18": "S", "152": "W", "163": "E", "13": "E", "47": "E", "24": "W", "98": "W", "119": "N", "164": "S", "181": "W", "30": "S", "29": "E", "151": "S", "117": "W", "60": "E", "55": "E", "49": "E", "103": "S", "85": "E", "3": "W", "157": "E", "95": "E", "76": "W", "72": "W", "192": "S", "166": "E", "158": "E", "129": "N", "36": "W", "54": "S", "6": "E", "188": "W", "35": "E", "194": "S", "79": "S", "5": "N", "0": "E", "176": "W", "51": "E", "138": "N", "107": "N", "23": "N", "40": "S", "153": "E", "186": "E", "199": "W", "106": "S", "11": "W", "171": "W", "45": "W", "174": "S", "17": "E", "15": "S", "8": "N", "4": "E", "112": "S", "93": "W", "108": "S", "161": "E", "132": "S", "34": "W", "197": "W", "160": "E", "28": "W", "57": "N", "143": "W", "84": "W", "52": "W", "41": "N", "86": "E", "165": "W", "189": "E", "110": "E", "180": "S", "126": "W", "135": "E", "46": "S", "179": "S", "2": "W", "25": "N", "146": "E", "177": "S", "43": "N", "128": "E", "115": "S", "190": "E", "66": "S", "26": "E", "140": "W", "191": "S", "73": "E", "100": "S", "118": "S", "120": "S", "67": "N", "168": "E", "37": "N", "42": "W", "12": "S", "10": "W", "198": "E", "187": "E", "75": "E", "195": "W", "178": "S", "78": "S"}, {"27": "E", "185": "S", "94": "E", "50": "S", "154": "S", "88": "W", "97": "S", "99": "N", "150": "S", "39": "E", "14": "S", "175": "S", "156": "W", "167": "E", "58": "S", "173": "N", "121": "N", "69": "W", "91": "S", "31": "W", "144": "S", "116": "W", "182": "E", "56": "N", "141": "W", "136": "E", "172": "S", "21": "N", "70": "W", "38": "S", "123": "E", "131": "W", "193": "S", "105": "W", "63": "E", "18": "S", "152": "W", "163": "E", "47": "N", "98": "W", "119": "N", "164": "S", "181": "N", "30": "S", "29": "N", "89": "N", "117": "W", "60": "S", "74": "N", "55": "E", "49": "E", "103": "S", "85": "S", "3": "W", "157": "E", "95": "S", "76": "N", "71": "S", "72": "N", "192": "S", "196": "E", "158": "E", "129": "N", "127": "S", "54": "S", "6": "S", "188": "S", "35": "S", "194": "S", "79": "S", "5": "E", "0": "N", "176": "W", "51": "E", "138": "N", "107": "W", "23": "N", "153": "N", "186": "S", "199": "S", "106": "E", "11": "W", "171": "W", "45": "W", "174": "S", "33": "S", "17": "N", "15": "S", "8": "W", "1": "N", "124": "W", "112": "W", "93": "W", "108": "S", "162": "S", "161": "E", "7": "W", "132": "S", "34": "W", "160": "S", "104": "S", "57": "N", "143": "W", "84": "W", "52": "W", "41": "N", "86": "E", "159": "E", "165": "W", "110": "S", "180": "E", "126": "N", "135": "E", "46": "W", "179": "S", "142": "S", "2": "W", "64": "W", "25": "N", "146": "S", "43": "N", "65": "E", "122": "N", "128": "E", "115": "W", "66": "W", "26": "S", "140": "W", "191": "S", "155": "N", "87": "N", "73": "E", "100": "S", "118": "S", "114": "E", "67": "W", "37": "N", "42": "W", "12": "E", "10": "N", "198": "E", "187": "S", "195": "W", "178": "E", "78": "W"}, {"185": "W", "94": "E", "50": "S", "88": "W", "97": "S", "150": "S", "145": "S", "14": "S", "175": "W", "19": "N", "83": "S", "156": "N", "58": "S", "121": "W", "69": "W", "91": "E", "31": "W", "144": "S", "116": "W", "182": "E", "56": "N", "141": "W", "136": "E", "172": "E", "21": "E", "70": "W", "38": "S", "123": "E", "32": "N", "131": "W", "193": "W", "105": "W", "169": "W", "63": "N", "18": "S", "152": "W", "163": "E", "13": "E", "47": "E", "24": "W", "98": "W", "119": "E", "164": "S", "181": "W", "30": "S", "29": "E", "151": "W", "117": "N", "60": "E", "74": "W", "55": "E", "59": "W", "49": "E", "103": "E", "3": "W", "157": "E", "95": "E", "71": "E", "72": "W", "192": "S", "196": "N", "158": "E", "129": "W", "127": "W", "54": "E", "6": "S", "35": "E", "194": "S", "79": "E", "0": "W", "176": "W", "51": "N", "138": "E", "107": "W", "23": "N", "61": "W", "153": "W", "186": "S", "199": "W", "106": "S", "11": "N", "171": "W", "45": "W", "174": "E", "33": "W", "15": "E", "8": "N", "1": "W", "4": "W", "124": "N", "112": "W", "93": "W", "108": "S", "161": "E", "132": "E", "34": "W", "197": "E", "160": "E", "149": "S", "57": "E", "68": "W", "143": "W", "84": "W", "52": "W", "41": "N", "86": "N", "159": "E", "165": "W", "110": "E", "180": "S", "179": "S", "142": "E", "2": "N", "64": "W", "25": "E", "146": "S", "177": "S", "43": "W", "90": "W", "122": "N", "128": "E", "115": "S", "190": "E", "26": "S", "140": "W", "139": "W", "73": "E", "100": "S", "118": "E", "120": "E", "67": "W", "37": "N", "42": "W", "10": "N", "198": "E", "187": "E", "75": "E", "195": "W", "178": "E"}, {"185": "S", "50": "S", "88": "N", "97": "S", "150": "S", "145": "S", "14": "S", "175": "S", "19": "N", "83": "E", "156": "N", "58": "S", "121": "N", "69": "W", "91": "E", "31": "W", "144": "S", "116": "W", "182": "E", "56": "E", "141": "W", "136": "E", "21": "E", "48": "W", "70": "W", "38": "S", "32": "N", "131": "W", "193": "W", "105": "W", "169": "S", "63": "E", "152": "N", "163": "E", "13": "S", "47": "N", "24": "W", "98": "W", "119": "E", "164": "S", "181": "W", "29": "N", "151": "S", "89": "S", "117": "N", "60": "S", "74": "S", "55": "N", "59": "W", "49": "S", "85": "S", "157": "E", "95": "E", "76": "W", "71": "E", "196": "E", "158": "E", "127": "W", "54": "N", "6": "S", "188": "N", "35": "E", "194": "S", "79": "E", "0": "N", "176": "W", "51": "E", "107": "N", "23": "N", "40": "N", "186": "W", "199": "W", "106": "E", "11": "W", "171": "S", "45": "N", "147": "E", "174": "N", "15": "N", "8": "N", "1": "W", "124": "N", "112": "W", "93": "S", "108": "S", "162": "N", "161": "E", "7": "N", "132": "N", "34": "W", "160": "E", "57": "E", "143": "W", "84": "W", "183": "N", "52": "W", "41": "E", "111": "E", "86": "E", "165": "W", "189": "S", "110": "S", "180": "E", "126": "S", "179": "S", "142": "N", "2": "N", "64": "W", "25": "E", "146": "S", "43": "W", "90": "W", "128": "E", "115": "S", "190": "E", "66": "S", "191": "W", "155": "W", "87": "E", "139": "N", "73": "S", "100": "E", "92": "W", "118": "E", "120": "E", "67": "N", "12": "E", "10": "N", "75": "N", "195": "N", "178": "E"}, {"50": "S", "88": "N", "97": "S", "150": "S", "14": "S", "175": "S", "83": "E", "156": "N", "58": "S", "109": "S", "121": "N", "69": "W", "133": "E", "77": "W", "91": "E", "31": "W", "144": "S", "116": "S", "182": "S", "56": "E", "136": "E", "21": "N", "48": "W", "70": "W", "44": "S", "38": "S", "32": "N", "131": "W", "193": "N", "105": "W", "169": "W", "63": "E", "82": "N", "163": "S", "47": "N", "98": "W", "119": "E", "164": "S", "181": "W", "30": "E", "29": "W", "151": "S", "89": "S", "117": "N", "60": "E", "74": "S", "55": "N", "16": "W", "59": "W", "49": "E", "3": "S", "157": "E", "95": "N", "71": "N", "72": "E", "166": "W", "196": "N", "158": "E", "129": "N", "127": "S", "54": "N", "6": "S", "188": "N", "35": "S", "79": "S", "5": "E", "0": "N", "176": "N", "51": "E", "23": "N", "40": "E", "153": "W", "186": "W", "199": "W", "106": "S", "11": "W", "171": "S", "45": "W", "147": "S", "174": "E", "33": "W", "17": "S", "15": "E", "8": "N", "1": "W", "124": "E", "112": "S", "93": "S", "108": "S", "162": "N", "161": "E", "7": "N", "132": "N", "34": "W", "197": "W", "160": "S", "170": "W", "104": "N", "149": "N", "57": "E", "68": "W", "143": "S", "183": "E", "52": "W", "41": "N", "111": "N", "86": "E", "159": "N", "189": "S", "110": "S", "180": "S", "126": "W", "135": "E", "179": "E", "2": "N", "25": "E", "146": "W", "90": "S", "122": "N", "128": "E", "115": "W", "140": "S", "191": "N", "155": "S", "87": "N", "73": "S", "100": "E", "92": "S", "118": "S", "114": "S", "120": "E", "168": "N", "10": "W", "198": "S", "195": "W", "178": "E", "130": "W", "78": "E"}, {"50": "S", "88": "N", "97": "S", "150": "E", "14": "S", "175": "S", "134": "S", "83": "E", "156": "N", "58": "S", "109": "W", "121": "N", "69": "W", "133": "N", "77": "W", "91": "S", "31": "W", "144": "S", "116": "W", "182": "S", "56": "E", "141": "E", "136": "E", "21": "N", "48": "S", "70": "W", "38": "S", "32": "N", "131": "W", "193": "W", "105": "W", "169": "S", "63": "E", "82": "E", "152": "N", "163": "E", "47": "N", "24": "E", "98": "W", "119": "N", "164": "S", "181": "N", "30": "S", "151": "S", "117": "N", "60": "S", "74": "W", "55": "N", "16": "W", "59": "W", "49": "E", "103": "S", "95": "E", "76": "N", "71": "N", "196": "N", "158": "E", "129": "W", "54": "N", "6": "S", "188": "N", "35": "S", "79": "E", "5": "N", "176": "N", "51": "S", "107": "E", "23": "W", "40": "E", "153": "N", "186": "S", "199": "W", "106": "S", "11": "W", "45": "N", "147": "S", "174": "N", "33": "S", "17": "E", "15": "N", "1": "W", "4": "E", "124": "N", "112": "S", "93": "S", "108": "S", "132": "N", "34": "W", "160": "S", "170": "W", "104": "N", "57": "E", "68": "W", "143": "S", "183": "S", "41": "N", "111": "E", "86": "N", "20": "S", "189": "S", "110": "E", "180": "S", "126": "W", "135": "N", "46": "S", "179": "S", "25": "E", "146": "S", "177": "N", "90": "S", "128": "E", "115": "S", "66": "E", "26": "E", "191": "W", "113": "W", "155": "S", "73": "S", "118": "E", "114": "S", "120": "S", "37": "N", "12": "N", "10": "W", "198": "W", "187": "E", "75": "E", "178": "N", "130": "N"}, {"50": "S", "88": "N", "97": "S", "150": "E", "14": "S", "175": "S", "19": "E", "134": "E", "83": "E", "156": "N", "58": "S", "109": "W", "121": "N", "69": "W", "77": "W", "91": "E", "31": "N", "144": "E", "116": "W", "182": "S", "56": "N", "141": "E", "136": "E", "21": "N", "48": "S", "70": "W", "38": "W", "131": "W", "193": "N", "169": "S", "63": "E", "82": "N", "152": "W", "163": "E", "47": "E", "24": "N", "98": "W", "119": "N", "164": "S", "181": "N", "30": "W", "151": "S", "89": "W", "117": "N", "60": "S", "55": "E", "59": "W", "49": "E", "85": "S", "3": "E", "76": "N", "71": "N", "72": "W", "192": "W", "166": "S", "196": "N", "158": "E", "129": "N", "127": "E", "54": "N", "6": "E", "188": "N", "35": "E", "194": "S", "0": "W", "176": "N", "51": "E", "138": "W", "107": "N", "23": "N", "40": "E", "186": "W", "199": "W", "106": "S", "11": "W", "45": "N", "147": "S", "174": "E", "33": "W", "81": "S", "17": "N", "1": "S", "124": "N", "112": "S", "93": "S", "108": "S", "132": "N", "160": "E", "170": "N", "28": "N", "57": "E", "68": "S", "143": "S", "41": "N", "111": "S", "86": "W", "165": "W", "189": "S", "110": "E", "180": "S", "126": "S", "46": "S", "179": "S", "2": "W", "25": "N", "146": "W", "177": "N", "90": "W", "122": "S", "128": "E", "115": "S", "190": "S", "66": "S", "26": "E", "191": "W", "155": "S", "73": "S", "92": "S", "118": "S", "114": "S", "120": "S", "12": "W", "10": "N", "187": "N", "195": "S", "178": "N", "130": "W", "78": "S"}, {"50": "W", "88": "N", "97": "S", "150": "E", "14": "S", "175": "S", "19": "N", "83": "N", "156": "N", "58": "S", "109": "W", "121": "N", "69": "W", "133": "N", "77": "W", "91": "E", "31": "N", "144": "E", "116": "W", "182": "S", "56": "N", "141": "E", "136": "E", "21": "N", "48": "S", "70": "W", "44": "N", "38": "S", "131": "S", "193": "N", "169": "S", "63": "E", "82": "N", "152": "W", "163": "E", "47": "N", "24": "N", "98": "W", "119": "N", "164": "S", "181": "E", "30": "W", "151": "S", "89": "S", "117": "E", "60": "S", "74": "S", "55": "E", "59": "W", "49": "E", "85": "W", "3": "E", "76": "E", "72": "W", "192": "S", "196": "N", "158": "N", "127": "S", "54": "N", "188": "N", "35": "E", "194": "S", "79": "S", "5": "N", "0": "N", "176": "W", "51": "S", "107": "N", "23": "N", "40": "E", "153": "W", "9": "N", "199": "W", "106": "S", "11": "W", "171": "S", "45": "N", "147": "S", "174": "E", "81": "E", "17": "E", "15": "N", "1": "S", "124": "N", "93": "S", "108": "E", "162": "E", "7": "W", "132": "N", "34": "S", "160": "E", "170": "N", "28": "N", "149": "W", "57": "N", "143": "S", "41": "E", "110": "E", "180": "E", "126": "S", "179": "E", "2": "N", "64": "W", "25": "E", "146": "S", "43": "W", "90": "W", "128": "E", "115": "S", "190": "S", "66": "W", "26": "E", "191": "N", "113": "W", "155": "S", "139": "S", "73": "W", "118": "S", "120": "S", "67": "E", "168": "W", "42": "E", "10": "N", "198": "W", "187": "N", "75": "E", "178": "N", "130": "S", "78": "W"}, {"50": "W", "97": "S", "150": "E", "145": "W", "14": "S", "175": "S", "134": "E", "83": "N", "156": "N", "109": "W", "121": "N", "69": "W", "133": "N", "77": "W", "91": "E", "31": "N", "144": "N", "116": "W", "182": "S", "56": "N", "141": "E", "136": "E", "21": "W", "70": "W", "38": "E", "32": "N", "131": "S", "193": "W", "169": "S", "63": "S", "82": "N", "152": "W", "163": "E", "13": "N", "47": "E", "24": "N", "98": "S", "119": "N", "164": "S", "181": "N", "151": "E", "89": "S", "117": "E", "60": "S", "55": "E", "59": "W", "85": "W", "3": "S", "76": "N", "72": "N", "166": "S", "196": "E", "158": "E", "129": "N", "127": "S", "54": "N", "6": "S", "188": "N", "35": "N", "194": "S", "5": "N", "0": "W", "176": "N", "51": "S", "107": "N", "23": "W", "153": "N", "9": "N", "199": "W", "106": "S", "11": "W", "45": "N", "147": "S", "174": "N", "81": "S", "15": "N", "8": "W", "1": "S", "4": "S", "124": "N", "162": "E", "7": "S", "132": "N", "197": "S", "160": "S", "170": "W", "149": "N", "57": "N", "68": "W", "143": "W", "84": "W", "20": "N", "180": "S", "126": "W", "135": "N", "179": "S", "2": "N", "64": "W", "25": "E", "146": "S", "43": "N", "128": "E", "115": "W", "190": "S", "66": "W", "26": "E", "191": "W", "155": "W", "73": "S", "92": "S", "118": "S", "114": "W", "120": "S", "67": "E", "37": "N", "42": "S", "10": "W", "198": "N", "187": "N", "75": "N", "178": "E", "130": "W"}, {"88": "N", "97": "S", "150": "E", "145": "S", "101": "E", "175": "S", "83": "N", "156": "N", "58": "E", "109": "W", "121": "N", "69": "W", "133": "N", "77": "N", "91": "N", "31": "N", "144": "E", "116": "W", "182": "E", "56": "N", "141": "E", "136": "E", "21": "W", "48": "S", "70": "W", "131": "S", "193": "N", "169": "S", "63": "E", "82": "W", "152": "W", "163": "E", "13": "E", "47": "E", "119": "N", "164": "S", "181": "N", "151": "S", "89": "S", "117": "E", "60": "S", "74": "E", "55": "E", "49": "E", "85": "S", "3": "S", "76": "E", "72": "N", "192": "E", "166": "W", "196": "E", "158": "E", "129": "W", "36": "N", "54": "E", "188": "N", "35": "E", "194": "S", "79": "W", "5": "E", "0": "N", "176": "W", "51": "S", "23": "W", "40": "N", "153": "E", "9": "W", "106": "S", "11": "W", "45": "N", "147": "S", "174": "N", "33": "W", "81": "E", "17": "E", "15": "N", "8": "N", "1": "S", "124": "N", "162": "N", "7": "E", "132": "N", "197": "W", "160": "E", "170": "W", "104": "E", "149": "N", "68": "S", "143": "S", "84": "W", "110": "E", "180": "S", "126": "S", "135": "N", "179": "W", "2": "N", "64": "S", "25": "E", "146": "S", "177": "S", "43": "N", "65": "W", "90": "S", "115": "W", "191": "N", "113": "E", "155": "S", "87": "S", "73": "S", "118": "S", "114": "S", "120": "S", "168": "E", "37": "W", "42": "S", "10": "N", "198": "N", "187": "E", "75": "E", "178": "N", "130": "W"}, {"88": "E", "97": "W", "145": "S", "101": "E", "14": "E", "175": "S", "19": "N", "134": "W", "83": "N", "156": "N", "58": "S", "109": "W", "121": "N", "69": "N", "133": "N", "77": "N", "91": "N", "144": "E", "116": "W", "182": "S", "56": "E", "21": "W", "48": "S", "38": "S", "193": "N", "169": "S", "63": "E", "152": "W", "163": "S", "13": "E", "24": "W", "164": "S", "181": "E", "30": "S", "151": "S", "89": "S", "117": "E", "60": "S", "55": "E", "49": "E", "85": "S", "3": "S", "184": "S", "76": "E", "72": "N", "166": "W", "196": "N", "158": "E", "36": "N", "54": "N", "188": "N", "35": "E", "194": "S", "79": "S", "0": "N", "176": "N", "51": "S", "107": "N", "23": "W", "40": "E", "153": "N", "186": "E", "199": "W", "106": "S", "171": "S", "45": "N", "147": "S", "174": "N", "33": "S", "81": "S", "15": "E", "8": "N", "1": "S", "124": "N", "112": "W", "93": "S", "162": "W", "161": "E", "7": "N", "132": "N", "197": "W", "160": "E", "170": "W", "28": "S", "104": "E", "149": "N", "68": "E", "143": "S", "84": "W", "41": "N", "86": "E", "159": "N", "110": "E", "180": "S", "126": "W", "135": "N", "179": "S", "2": "N", "64": "W", "25": "E", "146": "W", "43": "W", "90": "W", "190": "S", "66": "S", "26": "N", "140": "E", "191": "W", "113": "E", "155": "S", "87": "E", "139": "N", "73": "S", "100": "S", "118": "S", "120": "S", "168": "N", "37": "W", "10": "N", "198": "W", "187": "E", "178": "N", "130": "W", "78": "S"}, {"88": "N", "145": "E", "101": "E", "14": "E", "175": "S", "19": "W", "134": "N", "83": "N", "156": "E", "58": "S", "109": "W", "121": "N", "69": "N", "133": "N", "77": "N", "91": "E", "31": "W", "144": "E", "116": "W", "182": "S", "56": "E", "21": "W", "70": "W", "38": "E", "131": "W", "193": "N", "169": "E", "63": "E", "152": "W", "163": "E", "13": "E", "24": "N", "98": "W", "164": "W", "181": "N", "30": "S", "151": "E", "89": "S", "117": "E", "60": "S", "55": "N", "16": "E", "59": "S", "49": "E", "85": "S", "3": "W", "184": "S", "76": "E", "71": "N", "72": "N", "166": "S", "196": "E", "158": "S", "36": "E", "54": "N", "188": "N", "35": "N", "0": "N", "176": "N", "51": "S", "107": "N", "40": "E", "186": "E", "199": "N", "106": "S", "11": "E", "147": "S", "33": "S", "81": "S", "17": "W", "15": "E", "8": "N", "1": "S", "4": "E", "124": "E", "112": "W", "108": "S", "162": "W", "7": "N", "132": "E", "197": "N", "160": "S", "170": "W", "28": "E", "149": "N", "68": "S", "143": "S", "84": "W", "41": "E", "86": "E", "110": "E", "180": "S", "126": "W", "135": "N", "179": "S", "2": "N", "64": "S", "25": "E", "146": "S", "43": "W", "90": "W", "122": "W", "190": "S", "66": "S", "140": "S", "87": "E", "73": "S", "100": "S", "92": "S", "118": "S", "120": "S", "168": "W", "37": "N", "10": "N", "198": "W", "75": "E", "178": "N", "130": "N", "78": "S"}, {"88": "N", "145": "E", "175": "S", "134": "W", "83": "N", "156": "E", "58": "W", "109": "N", "121": "N", "69": "N", "133": "N", "77": "N", "91": "E", "144": "E", "182": "S", "21": "N", "70": "N", "38": "E", "131": "S", "193": "N", "169": "E", "63": "S", "152": "W", "163": "S", "13": "N", "47": "W", "98": "W", "164": "S", "181": "E", "151": "E", "89": "E", "117": "E", "60": "E", "55": "E", "16": "N", "49": "N", "85": "W", "3": "S", "96": "W", "72": "W", "166": "S", "196": "N", "158": "E", "129": "N", "54": "E", "188": "E", "35": "E", "0": "N", "176": "W", "51": "S", "107": "N", "40": "N", "153": "N", "9": "E", "186": "E", "199": "E", "106": "S", "171": "S", "147": "S", "33": "S", "81": "E", "15": "E", "1": "S", "124": "E", "93": "S", "108": "E", "162": "N", "161": "E", "7": "E", "132": "E", "160": "E", "170": "N", "28": "E", "149": "N", "57": "E", "68": "W", "143": "E", "41": "E", "111": "N", "86": "N", "165": "N", "110": "S", "180": "W", "126": "W", "135": "E", "179": "S", "142": "S", "2": "N", "64": "W", "25": "E", "146": "S", "43": "W", "65": "N", "122": "W", "190": "E", "66": "W", "26": "N", "140": "S", "113": "W", "87": "E", "73": "W", "100": "E", "92": "S", "118": "S", "114": "W", "120": "S", "168": "N", "37": "W", "42": "W", "12": "S", "10": "N", "198": "N", "187": "E", "75": "N", "195": "N", "178": "E", "130": "N", "78": "W"}, {"88": "W", "145": "N", "101": "W", "14": "W", "175": "W", "83": "E", "156": "N", "58": "W", "173": "S", "109": "W", "121": "N", "69": "N", "133": "N", "77": "N", "91": "E", "144": "S", "116": "E", "182": "S", "56": "E", "21": "W", "70": "E", "123": "W", "131": "S", "193": "N", "63": "E", "152": "W", "13": "E", "24": "S", "98": "W", "164": "S", "181": "E", "151": "E", "117": "E", "55": "N", "16": "N", "59": "W", "49": "E", "85": "W", "3": "S", "96": "N", "76": "E", "71": "E", "72": "N", "166": "S", "196": "N", "158": "E", "129": "N", "127": "S", "54": "E", "188": "N", "35": "E", "79": "N", "51": "S", "107": "W", "40": "E", "9": "N", "186": "S", "199": "E", "106": "W", "147": "W", "174": "E", "81": "E", "15": "E", "124": "E", "108": "N", "162": "N", "160": "E", "170": "N", "28": "N", "104": "N", "149": "E", "57": "E", "68": "S", "143": "S", "84": "W", "183": "S", "41": "E", "111": "E", "86": "N", "110": "E", "180": "S", "126": "W", "135": "N", "179": "E", "2": "N", "64": "S", "25": "E", "146": "W", "177": "N", "43": "W", "122": "W", "115": "E", "190": "S", "66": "W", "26": "E", "140": "S", "191": "W", "113": "S", "155": "E", "87": "E", "73": "S", "100": "S", "118": "S", "120": "S", "168": "N", "37": "N", "42": "W", "10": "N", "198": "N", "187": "E", "75": "N", "178": "N", "130": "N"}, {"88": "W", "145": "W", "101": "W", "14": "W", "175": "W", "19": "N", "83": "E", "156": "E", "80": "E", "58": "S", "109": "W", "121": "N", "69": "N", "133": "E", "77": "N", "91": "E", "31": "W", "144": "E", "116": "E", "182": "S", "56": "E", "21": "N", "48": "W", "70": "E", "131": "S", "193": "N", "105": "W", "63": "E", "152": "W", "13": "N", "24": "W", "98": "N", "164": "S", "181": "E", "151": "S", "89": "S", "117": "E", "74": "E", "16": "W", "59": "N", "49": "E", "85": "W", "3": "S", "76": "N", "72": "N", "166": "W", "196": "N", "158": "S", "129": "N", "127": "S", "36": "S", "54": "E", "6": "N", "188": "E", "35": "E", "0": "S", "176": "N", "51": "S", "107": "W", "40": "S", "9": "N", "186": "W", "106": "W", "11": "N", "171": "S", "174": "N", "81": "E", "15": "N", "1": "E", "124": "E", "112": "E", "93": "N", "108": "E", "161": "W", "7": "E", "132": "S", "160": "E", "170": "N", "28": "N", "104": "W", "57": "E", "68": "S", "143": "S", "84": "W", "41": "E", "111": "E", "86": "N", "189": "W", "110": "S", "180": "W", "126": "W", "135": "E", "46": "W", "179": "E", "2": "N", "64": "W", "25": "E", "146": "W", "43": "W", "122": "S", "115": "S", "190": "S", "66": "W", "191": "W", "113": "E", "155": "E", "87": "N", "73": "S", "100": "E", "118": "S", "120": "S", "168": "N", "37": "N", "42": "W", "10": "N", "198": "W", "75": "N", "178": "E", "130": "E"}, {"88": "W", "101": "W", "175": "S", "83": "E", "156": "E", "58": "S", "109": "W", "121": "N", "69": "N", "133": "N", "77": "W", "91": "E", "31": "W", "144": "E", "116": "E", "182": "E", "56": "E", "21": "N", "48": "W", "70": "E", "38": "E", "32": "N", "131": "E", "193": "N", "105": "W", "63": "E", "82": "S", "152": "W", "13": "E", "24": "W", "98": "W", "164": "W", "181": "E", "151": "E", "89": "E", "117": "E", "60": "E", "16": "W", "59": "E", "49": "N", "85": "W", "3": "E", "76": "N", "71": "W", "192": "N", "166": "W", "196": "N", "158": "E", "129": "W", "127": "W", "36": "E", "54": "N", "188": "E", "35": "S", "79": "N", "176": "W", "51": "S", "107": "W", "40": "S", "153": "E", "9": "N", "186": "S", "199": "W", "106": "S", "11": "W", "174": "W", "81": "E", "17": "S", "15": "E", "1": "S", "124": "E", "108": "E", "161": "N", "132": "E", "34": "N", "197": "S", "160": "E", "28": "N", "104": "N", "57": "E", "68": "S", "143": "S", "84": "N", "52": "E", "41": "E", "111": "E", "86": "N", "110": "S", "180": "S", "135": "N", "179": "E", "2": "N", "64": "S", "25": "E", "146": "W", "65": "S", "90": "W", "122": "S", "115": "W", "190": "S", "66": "W", "140": "S", "191": "W", "155": "S", "87": "N", "73": "S", "118": "S", "114": "E", "120": "S", "168": "N", "37": "N", "42": "W", "12": "N", "10": "N", "198": "W", "195": "S", "178": "E"}, {"88": "W", "175": "W", "83": "E", "156": "E", "80": "W", "58": "S", "173": "N", "109": "W", "121": "N", "69": "N", "133": "N", "77": "W", "91": "E", "31": "N", "144": "N", "116": "E", "182": "E", "56": "N", "48": "W", "70": "N", "44": "S", "38": "E", "123": "E", "193": "N", "63": "E", "152": "W", "13": "S", "47": "W", "24": "N", "98": "W", "164": "W", "181": "E", "30": "W", "151": "E", "89": "E", "117": "E", "60": "E", "16": "N", "59": "E", "49": "E", "85": "W", "3": "E", "76": "E", "166": "W", "196": "N", "158": "S", "129": "N", "127": "W", "36": "E", "54": "N", "6": "S", "188": "E", "35": "S", "176": "W", "51": "S", "107": "W", "153": "N", "9": "N", "186": "W", "199": "N", "106": "W", "11": "W", "171": "W", "174": "N", "33": "E", "81": "E", "15": "E", "8": "N", "1": "S", "108": "E", "132": "N", "34": "W", "160": "S", "28": "N", "104": "N", "57": "S", "68": "S", "143": "S", "84": "N", "183": "N", "52": "N", "41": "N", "111": "N", "86": "E", "110": "E", "180": "S", "126": "W", "135": "N", "46": "S", "179": "E", "142": "S", "2": "E", "64": "S", "25": "E", "146": "W", "43": "E", "65": "E", "90": "S", "122": "W", "190": "S", "66": "W", "26": "N", "191": "W", "155": "S", "87": "E", "73": "S", "118": "S", "120": "S", "168": "N", "37": "N", "42": "W", "12": "N", "10": "N", "198": "N", "187": "E", "195": "W", "178": "N"}, {"19": "S", "83": "E", "156": "E", "58": "W", "109": "W", "121": "N", "133": "N", "77": "N", "91": "E", "31": "N", "144": "E", "116": "E", "56": "E", "48": "N", "70": "E", "38": "E", "123": "S", "193": "W", "63": "E", "152": "W", "13": "E", "47": "N", "24": "N", "98": "W", "164": "W", "181": "E", "30": "W", "151": "E", "89": "E", "117": "E", "60": "E", "16": "N", "59": "E", "49": "E", "85": "W", "3": "E", "184": "N", "96": "W", "72": "W", "192": "W", "166": "W", "196": "N", "158": "E", "127": "W", "36": "N", "54": "N", "188": "E", "35": "E", "176": "W", "51": "E", "107": "W", "153": "N", "9": "N", "199": "N", "106": "S", "11": "W", "171": "W", "33": "E", "81": "S", "17": "N", "15": "N", "1": "E", "112": "W", "93": "W", "108": "S", "162": "N", "161": "S", "132": "E", "34": "W", "160": "E", "28": "N", "104": "N", "57": "S", "68": "S", "143": "S", "84": "N", "52": "W", "41": "E", "111": "E", "86": "N", "110": "E", "180": "S", "126": "N", "135": "N", "46": "E", "142": "S", "2": "E", "64": "S", "25": "E", "146": "W", "43": "E", "90": "S", "122": "S", "190": "S", "66": "W", "26": "E", "191": "N", "155": "S", "87": "E", "73": "S", "100": "N", "92": "W", "118": "S", "120": "S", "168": "N", "37": "E", "42": "W", "10": "E", "198": "N", "187": "E", "75": "S", "195": "W", "178": "E", "130": "N", "78": "N"}, {"83": "E", "156": "N", "58": "N", "109": "N", "121": "N", "133": "E", "77": "N", "91": "E", "31": "N", "116": "E", "182": "E", "56": "N", "48": "E", "38": "N", "123": "E", "193": "W", "105": "S", "63": "E", "152": "W", "13": "S", "47": "W", "98": "W", "164": "W", "181": "E", "151": "E", "89": "E", "117": "N", "60": "E", "16": "N", "59": "E", "49": "S", "85": "W", "3": "S", "184": "N", "96": "N", "76": "N", "166": "W", "196": "N", "158": "S", "127": "W", "36": "N", "54": "N", "188": "E", "35": "N", "79": "W", "176": "W", "51": "E", "107": "S", "153": "N", "9": "W", "199": "N", "106": "W", "11": "W", "33": "E", "81": "E", "15": "E", "1": "E", "4": "N", "108": "E", "162": "N", "161": "W", "132": "E", "197": "N", "160": "N", "28": "N", "104": "N", "57": "S", "68": "S", "143": "S", "84": "N", "52": "W", "41": "E", "111": "E", "86": "N", "110": "E", "180": "W", "126": "N", "135": "N", "46": "S", "2": "E", "64": "S", "25": "E", "146": "W", "43": "E", "90": "S", "122": "S", "190": "S", "66": "N", "26": "E", "140": "W", "191": "N", "155": "W", "73": "S", "100": "N", "92": "W", "118": "S", "114": "S", "120": "S", "168": "N", "37": "N", "42": "W", "10": "E", "198": "N", "187": "E", "75": "E", "195": "W", "178": "E", "130": "N", "78": "N"}, {"83": "E", "121": "N", "133": "N", "91": "E", "31": "E", "116": "E", "182": "E", "56": "N", "48": "E", "38": "E", "123": "E", "32": "S", "193": "W", "105": "W", "63": "E", "152": "S", "13": "S", "47": "N", "98": "W", "164": "W", "181": "E", "30": "E", "151": "N", "89": "E", "117": "E", "60": "E", "16": "N", "59": "E", "49": "E", "85": "W", "3": "S", "76": "N", "72": "E", "192": "E", "166": "W", "196": "N", "158": "S", "127": "W", "36": "N", "54": "N", "188": "E", "35": "N", "79": "S", "176": "W", "51": "E", "9": "N", "186": "S", "199": "E", "106": "W", "11": "W", "171": "S", "33": "S", "81": "E", "17": "S", "15": "N", "1": "E", "93": "E", "108": "E", "132": "E", "197": "E", "160": "E", "104": "W", "57": "S", "68": "S", "143": "S", "84": "N", "52": "W", "41": "E", "111": "E", "86": "N", "159": "E", "110": "N", "180": "S", "126": "N", "135": "N", "46": "W", "142": "N", "2": "E", "64": "S", "25": "S", "146": "W", "43": "E", "65": "S", "90": "S", "122": "S", "115": "W", "190": "S", "26": "S", "140": "S", "191": "N", "113": "S", "155": "S", "73": "W", "92": "N", "118": "S", "114": "S", "120": "S", "67": "S", "37": "N", "12": "S", "10": "E", "198": "W", "195": "W", "178": "N", "130": "N"}, {"83": "E", "121": "E", "133": "N", "77": "E", "91": "E", "31": "E", "182": "E", "48": "E", "44": "N", "38": "E", "123": "N", "193": "N", "105": "N", "63": "S", "152": "E", "13": "S", "47": "E", "98": "W", "164": "W", "181": "E", "30": "E", "151": "N", "89": "E", "117": "E", "60": "E", "16": "N", "59": "E", "49": "E", "85": "W", "3": "E", "96": "W", "76": "E", "72": "E", "166": "W", "196": "N", "158": "S", "127": "N", "36": "N", "54": "N", "188": "E", "35": "E", "79": "E", "176": "W", "51": "S", "153": "N", "186": "W", "199": "E", "106": "W", "11": "W", "171": "S", "33": "S", "81": "E", "15": "N", "108": "S", "161": "E", "132": "E", "160": "E", "28": "E", "104": "N", "149": "E", "57": "E", "68": "S", "143": "S", "84": "N", "52": "W", "41": "E", "111": "E", "86": "N", "159": "S", "165": "S", "110": "E", "180": "W", "126": "N", "135": "N", "46": "N", "142": "N", "2": "E", "64": "S", "25": "E", "146": "W", "177": "S", "43": "E", "65": "E", "90": "S", "122": "S", "190": "S", "66": "E", "26": "E", "140": "S", "191": "N", "155": "S", "87": "S", "73": "W", "100": "S", "92": "E", "118": "S", "120": "S", "67": "W", "37": "N", "12": "S", "10": "E", "198": "W", "187": "E", "178": "W", "130": "N"}, {"121": "E", "77": "E", "91": "E", "182": "E", "38": "E", "193": "N", "63": "E", "152": "E", "13": "W", "47": "E", "98": "W", "164": "W", "181": "E", "151": "E", "89": "E", "117": "E", "60": "E", "59": "E", "49": "E", "85": "N", "3": "N", "184": "S", "96": "W", "76": "E", "72": "E", "166": "S", "196": "N", "158": "S", "127": "N", "36": "E", "54": "E", "188": "E", "35": "N", "194": "W", "79": "E", "176": "N", "51": "S", "107": "N", "153": "W", "186": "W", "199": "E", "106": "W", "11": "W", "171": "S", "174": "S", "33": "W", "81": "E", "15": "N", "8": "N", "1": "S", "124": "N", "93": "S", "108": "E", "132": "N", "160": "E", "28": "E", "57": "E", "68": "S", "143": "S", "84": "N", "52": "S", "41": "E", "111": "E", "86": "N", "159": "S", "189": "E", "110": "E", "180": "W", "126": "N", "135": "W", "46": "N", "142": "N", "2": "E", "64": "S", "146": "N", "43": "E", "65": "E", "90": "S", "122": "S", "115": "S", "190": "S", "66": "S", "26": "E", "140": "S", "191": "N", "155": "S", "73": "W", "100": "S", "92": "N", "118": "S", "120": "W", "67": "W", "168": "E", "37": "N", "10": "E", "198": "W", "75": "E", "195": "N", "178": "N", "130": "E"}, {"121": "E", "77": "E", "193": "N", "63": "E", "152": "E", "47": "E", "98": "W", "164": "W", "181": "N", "151": "E", "89": "E", "117": "E", "60": "E", "59": "E", "49": "E", "85": "W", "3": "E", "96": "N", "76": "E", "72": "E", "192": "S", "196": "N", "158": "S", "36": "E", "54": "E", "188": "N", "35": "N", "79": "E", "176": "W", "51": "S", "138": "N", "153": "W", "186": "W", "106": "W", "11": "W", "171": "S", "45": "E", "174": "E", "33": "S", "81": "E", "15": "N", "124": "N", "112": "E", "108": "E", "7": "S", "132": "E", "197": "W", "160": "E", "28": "E", "104": "W", "57": "E", "68": "E", "143": "E", "84": "N", "41": "S", "86": "N", "110": "E", "180": "W", "126": "N", "135": "W", "179": "W", "142": "E", "2": "E", "64": "S", "146": "W", "43": "E", "65": "E", "90": "S", "122": "S", "115": "E", "190": "S", "66": "W", "26": "S", "140": "S", "191": "N", "113": "N", "155": "S", "73": "W", "100": "E", "92": "N", "118": "S", "114": "E", "120": "W", "67": "N", "37": "N", "42": "N", "198": "N", "187": "S", "75": "N", "178": "E", "78": "S"}, {"121": "E", "77": "E", "193": "N", "152": "E", "47": "E", "164": "N", "181": "E", "151": "E", "89": "N", "117": "E", "49": "E", "85": "N", "3": "N", "96": "N", "76": "E", "72": "E", "166": "N", "196": "N", "158": "E", "36": "E", "54": "E", "188": "E", "35": "E", "194": "E", "79": "S", "176": "W", "51": "S", "153": "W", "186": "S", "106": "W", "11": "W", "171": "E", "174": "N", "33": "W", "81": "E", "15": "N", "1": "N", "124": "E", "112": "E", "108": "E", "132": "N", "34": "S", "197": "W", "160": "E", "104": "N", "149": "W", "57": "E", "68": "E", "143": "E", "84": "N", "41": "E", "111": "W", "86": "W", "165": "N", "110": "E", "180": "W", "126": "E", "135": "W", "2": "E", "64": "S", "146": "W", "177": "W", "43": "E", "65": "E", "90": "E", "122": "S", "115": "N", "190": "W", "66": "S", "26": "S", "140": "E", "191": "W", "155": "S", "73": "W", "92": "E", "118": "W", "114": "E", "120": "S", "67": "W", "37": "N", "42": "W", "12": "N", "75": "N", "178": "N"}, {"121": "E", "77": "E", "193": "N", "152": "E", "47": "E", "164": "N", "181": "E", "151": "E", "89": "E", "117": "E", "60": "E", "49": "S", "85": "N", "96": "N", "76": "E", "72": "E", "196": "N", "158": "E", "36": "E", "54": "N", "188": "N", "35": "E", "79": "S", "176": "W", "51": "S", "153": "W", "186": "W", "106": "W", "11": "W", "174": "W", "33": "W", "81": "E", "17": "N", "15": "N", "8": "S", "108": "N", "7": "W", "132": "N", "197": "S", "160": "N", "104": "N", "57": "S", "68": "S", "143": "S", "84": "N", "111": "S", "86": "N", "159": "W", "20": "N", "110": "E", "180": "N", "135": "N", "2": "E", "64": "E", "62": "N", "146": "W", "177": "W", "65": "E", "122": "E", "190": "W", "66": "W", "26": "S", "140": "E", "191": "N", "113": "E", "155": "S", "73": "W", "100": "S", "92": "N", "118": "W", "114": "S", "67": "W", "168": "W", "37": "E", "42": "W", "10": "E", "187": "N", "75": "E", "178": "E", "78": "N"}, {"121": "E", "77": "E", "193": "N", "152": "E", "47": "E", "181": "S", "151": "N", "117": "E", "60": "E", "49": "E", "85": "N", "96": "N", "76": "E", "158": "S", "36": "E", "54": "E", "188": "N", "35": "N", "79": "E", "176": "W", "51": "E", "138": "S", "107": "S", "153": "W", "186": "W", "106": "W", "11": "S", "45": "W", "33": "S", "81": "E", "8": "S", "4": "W", "124": "S", "7": "N", "132": "N", "197": "E", "160": "E", "104": "E", "57": "E", "68": "E", "143": "E", "84": "N", "86": "W", "110": "N", "180": "N", "135": "W", "46": "N", "179": "E", "64": "E", "146": "N", "177": "N", "65": "N", "122": "E", "115": "N", "190": "W", "66": "W", "26": "S", "140": "E", "191": "N", "155": "E", "87": "N", "73": "W", "100": "S", "92": "N", "118": "S", "114": "S", "67": "W", "37": "E", "42": "S", "10": "N", "75": "N", "178": "N", "130": "W", "78": "N"}, {"121": "E", "77": "E", "193": "N", "98": "S", "181": "S", "117": "S", "60": "E", "49": "E", "85": "E", "96": "N", "76": "E", "158": "S", "36": "N", "54": "N", "188": "E", "35": "N", "79": "E", "176": "W", "51": "S", "138": "E", "153": "S", "186": "N", "106": "W", "171": "E", "33": "W", "81": "E", "15": "N", "124": "E", "112": "S", "108": "W", "7": "E", "132": "N", "197": "N", "160": "E", "57": "E", "68": "E", "143": "E", "84": "N", "52": "E", "41": "S", "111": "S", "86": "W", "20": "S", "165": "S", "189": "S", "110": "E", "180": "W", "135": "W", "64": "S", "62": "S", "146": "N", "65": "E", "90": "S", "122": "E", "190": "S", "66": "W", "26": "S", "140": "S", "191": "N", "155": "S", "87": "N", "73": "N", "100": "S", "92": "N", "118": "W", "114": "S", "67": "W", "42": "W", "10": "N", "198": "N", "187": "W", "75": "N", "178": "N", "130": "N"}, {"193": "N", "181": "E", "117": "E", "60": "E", "96": "N", "76": "E", "158": "S", "36": "E", "54": "W", "188": "E", "35": "N", "79": "E", "176": "S", "51": "W", "138": "E", "107": "N", "186": "N", "106": "W", "33": "W", "81": "E", "15": "E", "8": "N", "124": "N", "93": "W", "108": "N", "160": "N", "28": "W", "57": "S", "68": "E", "143": "E", "84": "N", "86": "W", "189": "S", "110": "E", "180": "W", "135": "W", "46": "S", "64": "E", "146": "W", "177": "E", "90": "S", "122": "S", "190": "W", "66": "W", "26": "S", "140": "S", "191": "N", "113": "S", "155": "S", "87": "E", "73": "N", "100": "E", "92": "N", "118": "W", "114": "S", "67": "W", "42": "N", "12": "W", "10": "E", "75": "N", "178": "N", "130": "N"}, {"193": "N", "181": "E", "60": "E", "184": "N", "96": "N", "76": "E", "125": "S", "158": "S", "36": "E", "54": "N", "188": "N", "35": "N", "176": "W", "51": "S", "106": "W", "33": "N", "81": "N", "15": "N", "4": "E", "124": "E", "112": "N", "108": "E", "132": "E", "160": "N", "57": "E", "68": "E", "143": "E", "84": "N", "52": "W", "86": "W", "189": "S", "110": "E", "135": "N", "46": "E", "142": "S", "2": "E", "64": "E", "146": "W", "177": "E", "90": "S", "122": "S", "190": "W", "66": "S", "26": "S", "140": "S", "191": "N", "155": "E", "87": "E", "73": "N", "100": "S", "92": "N", "118": "S", "114": "S", "42": "W", "10": "N", "75": "E", "178": "N", "130": "N"}, {"193": "N", "181": "E", "60": "E", "96": "N", "158": "S", "36": "E", "54": "W", "35": "N", "79": "N", "176": "W", "51": "S", "138": "W", "106": "N", "81": "E", "15": "W", "124": "S", "112": "W", "132": "N", "34": "W", "160": "E", "57": "E", "68": "N", "143": "N", "84": "E", "86": "W", "110": "E", "180": "E", "135": "W", "179": "W", "142": "E", "2": "E", "64": "E", "177": "S", "90": "S", "122": "S", "190": "W", "66": "W", "26": "S", "140": "S", "191": "N", "113": "S", "155": "E", "100": "S", "92": "N", "118": "W", "114": "E", "120": "W", "10": "E", "187": "E", "75": "N", "195": "W", "178": "N", "130": "N"}, {"193": "N", "181": "E", "60": "E", "96": "W", "36": "E", "54": "W", "194": "W", "79": "E", "176": "W", "51": "S", "138": "W", "147": "E", "81": "E", "15": "N", "124": "S", "112": "W", "132": "W", "34": "W", "160": "N", "149": "W", "57": "S", "143": "E", "84": "E", "86": "N", "189": "N", "110": "N", "180": "E", "135": "W", "2": "N", "64": "E", "146": "S", "65": "E", "90": "S", "122": "S", "190": "W", "66": "W", "26": "S", "140": "S", "191": "N", "113": "W", "155": "S", "100": "S", "92": "N", "118": "W", "114": "S", "120": "W", "67": "W", "10": "E", "187": "N", "75": "E", "195": "S", "178": "N", "130": "N"}, {"193": "N", "181": "E", "125": "N", "36": "E", "54": "N", "79": "E", "176": "S", "51": "S", "147": "E", "81": "E", "15": "N", "8": "E", "124": "E", "132": "N", "160": "N", "57": "S", "143": "E", "84": "E", "86": "W", "189": "N", "110": "E", "180": "E", "135": "W", "46": "S", "142": "W", "2": "E", "64": "E", "146": "W", "65": "E", "90": "S", "122": "S", "190": "W", "66": "W", "26": "S", "140": "S", "191": "N", "113": "N", "155": "E", "100": "S", "92": "N", "118": "W", "114": "W", "120": "W", "67": "W", "10": "E", "75": "N", "195": "S", "178": "N", "130": "N"}, {"193": "E", "181": "S", "96": "E", "36": "E", "54": "N", "194": "E", "79": "S", "176": "E", "51": "S", "107": "N", "81": "E", "15": "N", "8": "S", "4": "S", "93": "E", "132": "N", "34": "E", "160": "W", "28": "E", "57": "S", "143": "E", "84": "E", "86": "W", "189": "W", "110": "N", "180": "E", "142": "W", "2": "E", "64": "N", "146": "W", "177": "N", "65": "N", "90": "S", "122": "S", "190": "W", "66": "W", "26": "S", "191": "N", "113": "N", "155": "N", "139": "W", "100": "W", "92": "N", "118": "W", "114": "W", "120": "N", "67": "W", "12": "E", "10": "E", "75": "N", "195": "E", "178": "N", "130": "N"}, {"193": "E", "181": "E", "96": "E", "36": "E", "54": "N", "35": "E", "79": "S", "176": "E", "51": "W", "107": "W", "147": "W", "81": "E", "17": "W", "15": "N", "8": "W", "4": "E", "124": "W", "132": "N", "34": "E", "160": "N", "57": "S", "143": "E", "84": "E", "183": "N", "86": "W", "165": "N", "189": "N", "110": "N", "180": "E", "135": "W", "142": "S", "64": "E", "146": "W", "65": "E", "122": "E", "190": "W", "66": "N", "26": "S", "140": "N", "191": "N", "139": "W", "100": "S", "92": "N", "118": "W", "114": "S", "10": "E", "75": "W", "178": "N"}, {"193": "E", "181": "S", "96": "E", "36": "E", "54": "N", "35": "E", "79": "E", "176": "E", "51": "W", "107": "W", "147": "W", "81": "E", "17": "S", "15": "N", "4": "E", "132": "N", "160": "N", "57": "S", "143": "N", "84": "E", "183": "N", "86": "S", "165": "N", "110": "N", "180": "E", "135": "W", "146": "N", "65": "E", "90": "N", "122": "N", "190": "N", "66": "N", "26": "S", "140": "N", "191": "N", "139": "W", "100": "S", "92": "N", "118": "W", "114": "W", "42": "N", "10": "E", "75": "W", "178": "N"}, {"193": "E", "181": "E", "96": "E", "36": "S", "54": "N", "51": "W", "107": "W", "81": "N", "17": "E", "15": "N", "4": "E", "132": "N", "160": "N", "57": "S", "84": "N", "110": "N", "142": "N", "146": "N", "65": "S", "90": "N", "122": "N", "66": "N", "26": "S", "140": "N", "191": "N", "139": "W", "100": "E", "92": "N", "118": "N", "114": "N", "168": "N", "10": "S", "187": "E", "178": "N", "130": "N"}, {"193": "E", "181": "E", "96": "E", "36": "E", "54": "W", "35": "W", "51": "W", "107": "S", "81": "N", "17": "N", "15": "N", "4": "E", "132": "N", "160": "N", "57": "S", "84": "N", "183": "S", "165": "S", "110": "W", "46": "N", "142": "N", "2": "S", "62": "E", "146": "N", "90": "N", "122": "N", "66": "N", "140": "N", "191": "N", "139": "W", "100": "N", "92": "W", "10": "E", "178": "W", "130": "E"}, {"181": "E", "54": "W", "35": "W", "51": "N", "107": "S", "81": "N", "15": "N", "4": "N", "132": "N", "160": "N", "149": "E", "183": "S", "20": "N", "165": "S", "110": "N", "62": "S", "146": "N", "90": "N", "122": "N", "66": "N", "26": "N", "140": "N", "191": "N", "100": "W", "67": "W", "168": "S", "10": "E", "178": "W", "130": "E"}, {"54": "S", "81": "W", "15": "W", "132": "N", "57": "W", "110": "N", "179": "E", "62": "S", "146": "N", "65": "E", "90": "N", "122": "N", "66": "N", "26": "N", "140": "N", "191": "E", "87": "E", "139": "E", "92": "E", "67": "W", "10": "E", "178": "W", "130": "E"}, {"81": "N", "15": "W", "132": "N", "110": "N", "62": "S", "146": "N", "65": "E", "90": "N", "122": "N", "26": "N", "191": "E", "87": "S", "139": "E", "92": "E", "10": "E", "198": "S", "187": "E", "178": "S", "130": "E"}, {"15": "W", "132": "N", "110": "N", "146": "N", "90": "N", "26": "N", "191": "E", "87": "E", "139": "E", "92": "E", "10": "E"}, {"15": "W", "132": "N", "20": "W", "110": "N", "62": "W", "146": "N", "65": "E", "26": "N", "191": "E", "87": "E", "139": "E", "10": "E"}, {"132": "N", "20": "S", "110": "N", "146": "N", "26": "N", "191": "E", "87": "N", "139": "E", "67": "N", "198": "N"}, {"20": "E", "110": "W", "146": "N", "65": "W", "191": "E", "130": "S"}, {"110": "N", "191": "E"}, {"191": "E", "67": "S"}, {"191": "E"}, {"191": "E"}], "result": "SUCCESS", "makespan": 56, "sum": 4905, "algo_name": "Chill_per_10_BIT_", "extra": {"arrival_order": [27, 185, 94, 137, 50, 154, 88, 97, 99, 150, 39, 145, 101, 14, 175, 19, 134, 83, 156, 80, 167, 58, 173, 109, 121, 53, 69, 133, 77, 91, 31, 144, 116, 182, 56, 141, 136, 172, 21, 148, 48, 70, 44, 38, 102, 123, 32, 131, 193, 105, 169, 63, 82, 18, 152, 163, 13, 47, 24, 98, 119, 164, 22, 181, 30, 29, 151, 89, 117, 60, 74, 55, 16, 59, 49, 103, 85, 3, 184, 157, 96, 95, 76, 71, 125, 72, 192, 166, 196, 158, 129, 127, 36, 54, 6, 188, 35, 194, 79, 5, 0, 176, 51, 138, 107, 23, 61, 40, 153, 9, 186, 199, 106, 11, 171, 45, 147, 174, 33, 81, 17, 15, 8, 1, 4, 124, 112, 93, 108, 162, 161, 7, 132, 34, 197, 160, 170, 28, 104, 149, 57, 68, 143, 84, 183, 52, 41, 111, 86, 159, 20, 165, 189, 110, 180, 126, 135, 46, 179, 142, 2, 64, 25, 62, 146, 177, 43, 65, 90, 122, 128, 115, 190, 66, 26, 140, 191, 113, 155, 87, 139, 73, 100, 92, 118, 114, 120, 67, 168, 37, 42, 12, 10, 198, 187, 75, 195, 178, 130, 78], "time_arrived": [2057, 2565, 3312, 1526, 2583, 2032, 1899, 2690, 2548, 2256, 4043, 2357, 4003, 1074, 291, 2520, 1414, 2484, 1009, 328, 3099, 735, 1192, 2193, 1107, 3377, 3629, 132, 2812, 1257, 1242, 595, 836, 2440, 2739, 1962, 1852, 3975, 799, 260, 2217, 3023, 3994, 3448, 779, 2391, 3257, 1090, 758, 1458, 179, 2128, 2995, 499, 1887, 1404, 677, 2872, 428, 1425, 1371, 2203, 3387, 969, 3353, 3472, 3606, 3939, 2894, 516, 770, 1633, 1672, 3773, 1381, 4127, 1617, 558, 4228, 2007, 394, 2472, 992, 363, 2965, 1513, 3077, 3736, 211, 1316, 3501, 577, 3818, 2633, 154, 1593, 1573, 230, 1128, 234, 3801, 282, 809, 1478, 2825, 922, 2329, 2173, 2657, 459, 3163, 3040, 2621, 3691, 3876, 3545, 637, 1339, 3857, 1145, 3912, 487, 3516, 829, 2607, 1642, 3204, 1828, 3532, 1805, 4213, 861, 2725, 532, 344, 3244, 696, 162, 2140, 3745, 3641, 685, 3287, 2932, 620, 267, 3429, 2405, 750, 2836, 251, 1289, 1029, 2239, 189, 3713, 381, 1550, 1767, 3090, 2789, 2682, 2670, 1051, 1176, 3112, 1705, 407, 3955, 946, 2800, 2376, 719, 444, 2416, 309, 2092, 3434, 4182, 3278, 3181, 1220, 658, 2978, 1534, 144, 2275, 4093, 1930, 3119, 3575, 3684, 1679, 896, 1980, 4144, 1732, 2750, 4066, 2293], "BIT_runs": 1, "old_makespan": 4228, "old_sum": 5427, "improved": "[27, 185, 94, 137, 50, 154, 88, 97, 99, 150, 39, 145, 101, 14, 175, 19, 134, 83, 156, 80, 167, 58, 173, 109, 121, 53, 69, 133, 77, 91, 31, 144, 116, 182, 56, 141, 136, 172, 21, 148, 48, 70, 44, 38, 102, 123, 32, 131, 193, 105, 169, 63, 82, 18, 152, 163, 13, 47, 24, 98, 119, 164, 22, 181, 30, 29, 151, 89, 117, 60, 74, 55, 16, 59, 49, 103, 85, 3, 184, 157, 96, 95, 76, 71, 125, 72, 192, 166, 196, 158, 129, 127, 36, 54, 6, 188, 35, 194, 79, 5, 0, 176, 51, 138, 107, 23, 61, 40, 153, 9, 186, 199, 106, 11, 171, 45, 147, 174, 33, 81, 17, 15, 8, 1, 4, 124, 112, 93, 108, 162, 161, 7, 132, 34, 197, 160, 170, 28, 104, 149, 57, 68, 143, 84, 183, 52, 41, 111, 86, 159, 20, 165, 189, 110, 180, 126, 135, 46, 179, 142, 2, 64, 25, 62, 146, 177, 43, 65, 90, 122, 128, 115, 190, 66, 26, 140, 191, 113, 155, 87, 139, 73, 100, 92, 118, 114, 120, 67, 168, 37, 42, 12, 10, 198, 187, 75, 195, 178, 130, 78],", "goal_raise_for_bs": 32}}