{"instance": "small_free_009_20x20_40_160", "steps": [{"7": "S", "66": "S", "32": "N", "27": "W", "21": "E", "84": "N", "68": "S", "50": "W", "102": "W", "20": "S", "23": "N", "146": "E", "11": "S", "80": "W", "129": "W", "144": "S", "33": "S", "13": "S", "61": "W", "105": "W", "6": "N", "85": "N", "64": "W", "48": "S", "113": "W", "145": "S", "45": "N", "86": "S", "78": "S", "74": "E", "138": "S", "153": "E", "92": "W", "63": "S", "40": "S", "109": "S", "98": "W", "51": "N", "101": "E", "24": "S", "54": "S", "125": "W", "123": "N", "41": "S", "62": "S", "8": "N", "17": "W", "114": "N", "36": "N", "0": "W", "126": "S", "43": "W", "155": "S", "52": "S", "83": "S", "34": "W", "108": "N", "53": "S", "158": "S", "49": "N", "131": "W", "136": "W", "122": "W", "56": "S", "59": "N", "47": "W", "69": "W", "111": "W", "30": "W", "116": "S", "97": "N", "150": "S", "5": "S", "121": "S", "103": "E", "143": "S", "90": "S", "22": "W", "95": "W", "35": "W", "115": "S", "112": "S", "107": "S", "100": "S", "141": "N", "76": "W", "4": "S", "81": "S", "96": "W", "72": "N", "37": "N", "94": "W", "137": "E", "147": "S", "75": "W", "106": "S", "25": "W", "133": "S", "159": "W", "157": "S", "2": "W", "55": "W", "15": "W", "67": "W", "87": "E", "99": "W", "130": "W", "134": "N", "117": "N", "135": "W", "3": "W", "70": "N", "57": "W", "14": "W", "119": "N"}, {"7": "S", "152": "S", "66": "S", "32": "W", "27": "W", "21": "S", "84": "N", "68": "S", "139": "E", "50": "W", "102": "W", "20": "S", "23": "W", "11": "S", "80": "W", "129": "W", "144": "S", "33": "S", "13": "S", "61": "N", "127": "N", "105": "W", "18": "N", "6": "E", "16": "W", "85": "N", "64": "W", "48": "E", "113": "W", "145": "W", "45": "N", "120": "S", "86": "S", "78": "S", "74": "E", "92": "W", "63": "S", "40": "S", "58": "S", "142": "S", "91": "S", "109": "S", "98": "W", "51": "W", "24": "S", "54": "S", "125": "W", "140": "E", "123": "N", "89": "W", "41": "S", "62": "E", "8": "N", "17": "W", "36": "N", "43": "W", "155": "S", "52": "S", "83": "W", "34": "W", "108": "N", "53": "S", "158": "E", "49": "W", "131": "W", "93": "W", "122": "W", "56": "S", "65": "N", "59": "W", "47": "W", "69": "W", "28": "W", "111": "W", "30": "N", "110": "W", "116": "S", "97": "E", "71": "N", "150": "S", "44": "N", "5": "S", "121": "S", "103": "N", "132": "W", "143": "E", "90": "W", "22": "W", "95": "W", "35": "W", "115": "E", "112": "S", "149": "W", "100": "S", "128": "W", "141": "N", "9": "W", "76": "W", "4": "W", "81": "S", "96": "S", "37": "N", "151": "E", "94": "W", "137": "N", "147": "W", "75": "S", "106": "S", "25": "W", "157": "S", "2": "W", "55": "W", "15": "W", "29": "W", "87": "N", "99": "S", "130": "W", "134": "W", "117": "N", "135": "S", "82": "W", "88": "W", "124": "N", "14": "W"}, {"7": "S", "152": "W", "66": "S", "32": "W", "21": "S", "84": "N", "60": "S", "139": "E", "102": "W", "20": "S", "23": "W", "146": "W", "11": "S", "80": "W", "129": "W", "144": "S", "33": "E", "13": "S", "61": "W", "127": "N", "105": "W", "6": "E", "85": "N", "64": "W", "48": "E", "113": "W", "145": "W", "38": "S", "45": "W", "118": "N", "120": "S", "86": "S", "74": "E", "153": "W", "12": "E", "92": "W", "63": "S", "40": "S", "58": "S", "142": "E", "91": "S", "109": "S", "98": "W", "51": "N", "101": "W", "24": "S", "54": "S", "125": "W", "123": "N", "89": "N", "41": "S", "62": "S", "19": "N", "8": "N", "17": "W", "36": "N", "0": "S", "43": "W", "42": "S", "155": "S", "1": "E", "83": "W", "108": "E", "53": "S", "158": "E", "49": "W", "131": "W", "93": "S", "122": "W", "56": "E", "65": "N", "31": "S", "59": "N", "47": "W", "69": "W", "28": "W", "30": "W", "26": "S", "110": "N", "79": "S", "116": "W", "97": "E", "150": "S", "5": "E", "121": "S", "103": "W", "132": "W", "143": "E", "90": "N", "22": "W", "95": "N", "115": "N", "112": "E", "107": "E", "149": "W", "148": "S", "100": "S", "128": "W", "141": "E", "9": "W", "76": "W", "4": "S", "96": "S", "37": "W", "156": "E", "151": "E", "94": "W", "137": "N", "147": "W", "75": "S", "106": "S", "25": "W", "159": "W", "157": "S", "2": "W", "55": "W", "15": "S", "29": "W", "67": "S", "87": "N", "99": "W", "130": "W", "134": "N", "117": "N", "135": "E", "3": "W", "70": "N", "82": "W", "88": "W", "124": "E", "57": "W"}, {"7": "S", "152": "W", "66": "S", "32": "W", "21": "S", "84": "N", "68": "S", "60": "S", "139": "E", "102": "S", "20": "S", "23": "W", "146": "W", "11": "S", "80": "W", "129": "W", "144": "S", "13": "S", "61": "W", "127": "N", "105": "W", "18": "W", "6": "E", "64": "N", "48": "S", "113": "W", "145": "W", "38": "S", "45": "W", "118": "N", "86": "S", "78": "S", "74": "E", "138": "W", "153": "W", "12": "E", "10": "N", "92": "W", "63": "S", "40": "S", "58": "S", "142": "N", "91": "S", "109": "S", "98": "W", "51": "N", "101": "W", "24": "S", "54": "S", "125": "S", "140": "E", "123": "N", "41": "E", "62": "E", "8": "N", "17": "S", "114": "S", "36": "N", "0": "S", "126": "N", "43": "W", "42": "S", "155": "S", "52": "S", "83": "S", "34": "S", "108": "E", "53": "S", "158": "E", "49": "W", "131": "W", "93": "S", "136": "N", "122": "W", "65": "N", "31": "S", "47": "W", "69": "W", "111": "W", "30": "W", "26": "S", "110": "N", "79": "S", "116": "W", "150": "E", "44": "N", "5": "N", "121": "E", "103": "N", "132": "W", "143": "S", "22": "W", "95": "W", "35": "W", "115": "N", "112": "E", "107": "N", "149": "W", "148": "E", "100": "E", "141": "E", "9": "W", "76": "W", "4": "S", "81": "W", "156": "S", "151": "N", "94": "W", "147": "W", "106": "S", "25": "W", "133": "S", "159": "W", "157": "S", "104": "W", "2": "W", "55": "W", "15": "W", "29": "W", "67": "W", "87": "N", "99": "N", "130": "W", "117": "N", "135": "E", "70": "W", "82": "W", "88": "W", "124": "E", "57": "W", "14": "W", "119": "N"}, {"7": "S", "152": "W", "66": "S", "32": "W", "21": "S", "84": "E", "68": "S", "60": "S", "139": "E", "50": "S", "77": "S", "102": "W", "23": "W", "146": "W", "11": "S", "80": "W", "129": "S", "144": "S", "13": "S", "61": "W", "127": "N", "105": "W", "18": "W", "6": "E", "16": "N", "85": "W", "64": "W", "48": "S", "113": "W", "145": "W", "38": "S", "45": "W", "118": "N", "120": "W", "86": "E", "78": "S", "74": "S", "138": "W", "153": "W", "12": "E", "10": "W", "92": "W", "63": "S", "40": "S", "58": "S", "109": "S", "51": "N", "101": "W", "24": "S", "73": "S", "54": "W", "125": "W", "140": "E", "123": "N", "89": "W", "41": "S", "19": "N", "8": "N", "17": "W", "114": "S", "36": "N", "126": "W", "42": "S", "1": "W", "52": "S", "83": "S", "34": "S", "46": "S", "108": "N", "53": "S", "158": "E", "49": "N", "131": "W", "93": "E", "136": "W", "122": "W", "65": "N", "31": "W", "59": "W", "47": "W", "69": "W", "28": "S", "111": "W", "30": "W", "26": "E", "110": "N", "79": "S", "116": "W", "97": "E", "71": "N", "150": "E", "44": "N", "121": "E", "103": "N", "143": "S", "95": "W", "35": "W", "115": "N", "112": "E", "107": "N", "149": "W", "148": "N", "100": "N", "141": "E", "9": "W", "76": "W", "4": "S", "39": "W", "81": "S", "96": "E", "72": "W", "151": "N", "94": "W", "147": "W", "106": "S", "25": "W", "133": "S", "157": "W", "104": "N", "2": "W", "55": "S", "15": "S", "29": "W", "67": "W", "87": "N", "130": "W", "117": "N", "135": "N", "3": "N", "57": "W", "154": "S", "119": "E"}, {"7": "S", "152": "W", "66": "S", "32": "W", "27": "S", "84": "N", "60": "S", "139": "E", "50": "S", "77": "S", "102": "W", "23": "W", "146": "W", "11": "W", "80": "W", "144": "S", "33": "S", "13": "S", "61": "W", "127": "N", "105": "W", "18": "W", "6": "E", "16": "N", "85": "S", "64": "W", "48": "S", "113": "S", "145": "W", "38": "W", "45": "W", "118": "N", "120": "W", "74": "E", "138": "W", "153": "W", "12": "E", "10": "W", "92": "W", "63": "S", "40": "S", "58": "S", "142": "W", "91": "S", "109": "S", "98": "W", "51": "N", "101": "S", "24": "S", "73": "S", "125": "S", "140": "E", "123": "N", "89": "W", "41": "S", "19": "N", "8": "N", "17": "W", "114": "S", "36": "N", "126": "W", "155": "N", "83": "S", "34": "S", "46": "S", "108": "N", "53": "S", "158": "E", "49": "N", "131": "W", "93": "E", "136": "W", "122": "W", "65": "E", "31": "N", "59": "N", "47": "W", "69": "W", "28": "S", "111": "W", "30": "W", "26": "N", "79": "S", "116": "W", "97": "S", "71": "N", "44": "N", "121": "E", "103": "N", "132": "E", "143": "E", "22": "W", "95": "W", "35": "W", "115": "N", "107": "N", "149": "W", "100": "E", "128": "W", "141": "E", "9": "W", "76": "W", "4": "S", "39": "W", "81": "S", "96": "E", "37": "E", "156": "W", "94": "W", "147": "W", "75": "N", "106": "S", "25": "W", "159": "S", "157": "W", "104": "N", "2": "W", "15": "S", "29": "W", "67": "W", "87": "N", "130": "W", "117": "N", "135": "N", "3": "E", "70": "W", "57": "S", "14": "W", "119": "E"}, {"7": "S", "152": "W", "66": "W", "27": "S", "84": "N", "60": "S", "139": "E", "50": "S", "77": "S", "102": "W", "20": "S", "23": "W", "146": "W", "11": "S", "80": "W", "144": "S", "61": "W", "127": "N", "105": "S", "18": "W", "6": "E", "16": "N", "85": "S", "64": "N", "48": "S", "145": "W", "38": "N", "45": "W", "118": "N", "78": "S", "74": "E", "138": "W", "153": "W", "12": "E", "10": "W", "92": "W", "63": "E", "40": "S", "58": "S", "142": "W", "91": "W", "109": "S", "98": "W", "101": "E", "24": "S", "73": "S", "125": "S", "140": "E", "123": "N", "41": "S", "19": "N", "8": "N", "17": "W", "114": "S", "126": "S", "43": "W", "42": "S", "1": "W", "52": "S", "83": "S", "34": "S", "46": "S", "108": "N", "53": "W", "158": "S", "93": "E", "136": "W", "122": "S", "56": "S", "65": "N", "31": "N", "59": "N", "47": "W", "28": "S", "111": "W", "30": "W", "26": "N", "79": "S", "97": "S", "71": "N", "150": "S", "5": "S", "121": "E", "103": "N", "132": "N", "143": "E", "22": "W", "95": "W", "115": "N", "112": "S", "107": "N", "149": "W", "148": "E", "100": "E", "128": "W", "141": "N", "76": "W", "81": "W", "72": "W", "37": "N", "156": "W", "151": "N", "94": "W", "147": "W", "75": "W", "25": "W", "159": "S", "157": "W", "104": "N", "2": "W", "55": "W", "15": "E", "29": "W", "67": "S", "87": "E", "99": "E", "130": "W", "134": "N", "117": "E", "70": "W", "82": "W", "88": "W", "57": "W", "14": "W", "119": "N"}, {"7": "S", "152": "W", "66": "N", "27": "S", "84": "N", "68": "S", "60": "S", "139": "E", "50": "S", "77": "S", "102": "W", "20": "S", "23": "S", "146": "W", "11": "W", "80": "W", "129": "S", "144": "S", "33": "S", "61": "W", "127": "E", "105": "S", "18": "W", "6": "E", "16": "N", "85": "W", "64": "W", "48": "S", "113": "S", "145": "W", "38": "W", "45": "S", "118": "W", "78": "S", "74": "S", "153": "S", "10": "S", "92": "N", "63": "N", "40": "S", "58": "S", "142": "N", "91": "N", "109": "E", "51": "W", "24": "S", "73": "S", "125": "S", "140": "E", "123": "N", "89": "W", "41": "S", "19": "N", "8": "N", "17": "W", "114": "S", "126": "S", "42": "W", "155": "S", "1": "W", "52": "S", "83": "S", "34": "W", "46": "S", "108": "N", "158": "S", "136": "W", "56": "S", "65": "N", "31": "N", "59": "N", "47": "W", "28": "S", "111": "W", "30": "W", "26": "N", "110": "E", "79": "S", "97": "E", "71": "N", "150": "E", "103": "N", "132": "N", "90": "N", "115": "N", "112": "S", "107": "N", "148": "E", "100": "S", "128": "W", "141": "N", "76": "W", "4": "W", "39": "S", "81": "W", "72": "W", "156": "W", "94": "W", "147": "S", "75": "W", "25": "W", "133": "S", "157": "W", "104": "N", "15": "E", "67": "S", "87": "E", "99": "S", "130": "W", "134": "W", "135": "E", "82": "W", "88": "N", "124": "N", "57": "W", "119": "N"}, {"152": "W", "66": "N", "84": "N", "139": "E", "50": "W", "77": "S", "102": "S", "23": "S", "146": "W", "11": "S", "80": "W", "129": "S", "144": "S", "61": "W", "105": "S", "18": "W", "6": "E", "16": "E", "85": "S", "64": "W", "48": "S", "113": "S", "145": "W", "38": "W", "45": "S", "118": "W", "74": "W", "153": "S", "10": "S", "92": "N", "63": "N", "58": "S", "142": "N", "91": "N", "24": "S", "73": "S", "54": "E", "125": "S", "140": "E", "123": "E", "89": "W", "41": "S", "8": "N", "17": "S", "114": "S", "126": "S", "42": "N", "1": "W", "83": "S", "34": "S", "46": "S", "108": "W", "53": "W", "158": "S", "49": "S", "136": "S", "122": "S", "56": "S", "65": "N", "31": "N", "47": "W", "28": "S", "111": "N", "30": "W", "26": "N", "79": "W", "116": "W", "97": "E", "71": "N", "150": "N", "44": "W", "121": "N", "103": "N", "132": "N", "90": "N", "35": "E", "115": "N", "112": "W", "107": "N", "149": "S", "148": "E", "100": "S", "128": "W", "141": "N", "9": "S", "76": "W", "4": "W", "39": "S", "81": "S", "96": "S", "72": "W", "156": "S", "151": "S", "94": "W", "75": "W", "25": "W", "157": "W", "104": "E", "2": "W", "29": "W", "67": "E", "87": "E", "130": "W", "134": "W", "135": "N", "82": "W", "88": "E", "124": "N", "57": "W"}, {"152": "S", "66": "W", "84": "E", "68": "S", "139": "E", "50": "W", "77": "W", "102": "S", "23": "S", "146": "S", "11": "W", "144": "S", "13": "E", "61": "N", "105": "S", "18": "W", "6": "S", "85": "S", "64": "W", "48": "S", "113": "S", "145": "W", "38": "N", "45": "W", "118": "W", "78": "S", "74": "W", "138": "N", "153": "W", "10": "S", "92": "E", "63": "N", "142": "N", "91": "N", "109": "E", "101": "W", "24": "S", "140": "E", "123": "S", "89": "W", "41": "S", "62": "N", "19": "N", "114": "S", "126": "S", "42": "W", "155": "E", "1": "W", "52": "S", "83": "S", "34": "W", "108": "N", "53": "W", "158": "E", "136": "S", "122": "S", "31": "N", "59": "W", "47": "N", "111": "N", "30": "W", "26": "N", "79": "N", "116": "W", "97": "N", "71": "W", "150": "E", "44": "W", "5": "N", "121": "E", "103": "W", "132": "N", "95": "N", "35": "N", "115": "N", "112": "N", "107": "N", "149": "E", "148": "E", "100": "E", "128": "W", "141": "N", "76": "N", "4": "W", "39": "W", "81": "S", "96": "S", "72": "N", "37": "N", "151": "S", "94": "S", "75": "W", "25": "N", "133": "N", "159": "E", "157": "N", "2": "S", "29": "W", "67": "E", "134": "W", "135": "N", "3": "N", "70": "S", "82": "N", "88": "E", "124": "W", "57": "W", "14": "S"}, {"7": "E", "152": "S", "66": "N", "21": "S", "84": "E", "68": "W", "50": "W", "77": "N", "102": "S", "23": "S", "146": "S", "11": "S", "144": "S", "13": "N", "105": "S", "18": "W", "6": "S", "85": "S", "64": "W", "48": "E", "113": "S", "145": "W", "38": "N", "45": "S", "118": "N", "78": "S", "74": "W", "138": "E", "153": "S", "12": "S", "10": "S", "92": "E", "63": "N", "142": "N", "91": "W", "24": "S", "73": "S", "123": "S", "89": "S", "41": "S", "62": "N", "19": "N", "8": "N", "114": "S", "126": "S", "43": "S", "42": "N", "1": "W", "52": "S", "83": "S", "34": "S", "108": "N", "53": "N", "49": "N", "131": "W", "93": "E", "136": "S", "122": "S", "59": "N", "47": "N", "111": "N", "30": "W", "26": "N", "110": "W", "79": "N", "116": "W", "97": "N", "71": "N", "150": "E", "44": "N", "5": "W", "121": "E", "103": "N", "132": "N", "90": "N", "22": "S", "95": "N", "35": "N", "115": "N", "112": "N", "107": "N", "149": "E", "148": "N", "100": "E", "128": "W", "141": "N", "76": "N", "4": "S", "39": "W", "81": "S", "37": "N", "151": "S", "94": "E", "106": "N", "25": "N", "159": "E", "2": "S", "55": "N", "15": "W", "29": "W", "67": "S", "130": "E", "134": "N", "135": "N", "82": "N", "88": "E", "124": "S", "57": "S", "119": "N"}, {"7": "N", "152": "S", "66": "N", "84": "E", "68": "S", "77": "W", "102": "S", "20": "E", "23": "W", "146": "S", "11": "W", "80": "S", "144": "E", "13": "N", "105": "S", "18": "W", "6": "W", "85": "S", "64": "W", "48": "E", "113": "S", "145": "W", "38": "N", "118": "N", "78": "S", "74": "W", "138": "E", "153": "S", "12": "W", "10": "S", "92": "N", "63": "N", "40": "N", "58": "W", "142": "N", "91": "W", "109": "S", "24": "E", "73": "W", "54": "E", "123": "W", "89": "S", "41": "S", "62": "N", "19": "N", "114": "S", "0": "N", "126": "S", "43": "W", "42": "W", "1": "W", "52": "S", "83": "S", "34": "S", "46": "W", "108": "N", "53": "N", "49": "N", "131": "W", "93": "E", "136": "S", "56": "S", "65": "W", "59": "N", "47": "N", "111": "E", "30": "W", "79": "W", "116": "W", "97": "N", "71": "N", "44": "N", "5": "N", "121": "S", "103": "N", "132": "N", "90": "N", "22": "E", "95": "N", "35": "W", "115": "N", "112": "E", "107": "N", "149": "E", "148": "E", "100": "S", "128": "W", "141": "E", "76": "N", "4": "W", "81": "S", "96": "W", "151": "S", "94": "S", "147": "E", "106": "N", "25": "N", "133": "E", "159": "S", "157": "W", "2": "S", "55": "W", "29": "S", "67": "S", "87": "E", "130": "E", "117": "E", "135": "E", "3": "S", "82": "N", "124": "E", "57": "W", "119": "N"}, {"7": "N", "152": "S", "66": "N", "32": "W", "68": "S", "77": "W", "102": "S", "20": "N", "23": "W", "146": "S", "11": "W", "80": "E", "144": "E", "18": "N", "6": "S", "85": "S", "64": "W", "113": "S", "145": "W", "38": "N", "118": "N", "74": "W", "138": "E", "153": "W", "12": "W", "10": "W", "92": "N", "63": "N", "40": "E", "91": "W", "109": "E", "73": "W", "54": "N", "123": "W", "89": "S", "41": "S", "62": "N", "19": "N", "8": "E", "36": "E", "0": "N", "126": "W", "43": "W", "42": "N", "1": "W", "52": "E", "83": "W", "34": "W", "46": "W", "53": "N", "49": "N", "131": "W", "93": "E", "136": "S", "56": "E", "59": "W", "47": "E", "111": "E", "30": "N", "26": "N", "110": "S", "79": "N", "116": "W", "97": "N", "71": "W", "44": "N", "5": "N", "121": "E", "103": "W", "132": "N", "143": "W", "90": "N", "22": "E", "95": "N", "35": "N", "115": "W", "112": "S", "107": "N", "149": "N", "148": "E", "100": "S", "128": "W", "76": "E", "4": "W", "39": "W", "81": "S", "151": "E", "94": "E", "106": "N", "25": "E", "133": "N", "159": "E", "157": "W", "2": "E", "55": "S", "29": "S", "67": "W", "134": "W", "135": "E", "3": "E", "82": "N", "88": "E", "119": "E"}, {"7": "W", "152": "S", "66": "N", "21": "W", "68": "W", "139": "S", "77": "W", "102": "S", "20": "N", "23": "S", "146": "S", "11": "N", "80": "E", "144": "N", "18": "N", "6": "W", "85": "S", "64": "W", "113": "S", "145": "W", "38": "N", "45": "N", "78": "S", "74": "W", "138": "S", "12": "W", "10": "W", "92": "N", "63": "E", "40": "N", "91": "W", "109": "S", "24": "E", "73": "W", "54": "N", "123": "S", "89": "S", "41": "S", "19": "N", "36": "S", "126": "W", "42": "N", "155": "E", "1": "W", "52": "N", "83": "W", "34": "S", "46": "W", "53": "N", "131": "W", "93": "E", "56": "E", "31": "S", "59": "N", "47": "N", "111": "E", "30": "W", "26": "N", "79": "W", "116": "S", "97": "N", "71": "W", "44": "N", "5": "N", "121": "E", "103": "N", "95": "N", "35": "N", "115": "N", "112": "S", "107": "N", "149": "N", "148": "E", "100": "S", "128": "W", "9": "S", "76": "E", "4": "W", "39": "W", "81": "E", "72": "W", "151": "E", "147": "E", "75": "N", "106": "N", "25": "E", "133": "E", "159": "E", "157": "N", "2": "S", "29": "S", "67": "S", "130": "E", "134": "N", "117": "S", "135": "N", "82": "N", "88": "S", "119": "S"}, {"7": "N", "152": "S", "66": "N", "21": "N", "68": "S", "139": "W", "77": "N", "102": "S", "20": "N", "23": "S", "146": "S", "11": "N", "80": "E", "13": "N", "6": "W", "85": "S", "64": "W", "113": "S", "145": "S", "38": "N", "45": "W", "78": "W", "74": "W", "138": "S", "153": "N", "12": "W", "10": "W", "92": "E", "63": "E", "40": "N", "142": "W", "91": "N", "109": "E", "24": "E", "73": "W", "54": "N", "123": "S", "41": "S", "62": "S", "36": "S", "126": "W", "42": "N", "155": "S", "1": "N", "83": "W", "34": "S", "46": "W", "53": "N", "131": "S", "93": "E", "136": "E", "122": "E", "56": "S", "31": "S", "59": "N", "47": "N", "28": "W", "111": "E", "30": "N", "26": "N", "110": "E", "79": "N", "116": "S", "97": "N", "71": "W", "150": "E", "44": "N", "5": "E", "121": "E", "103": "N", "143": "E", "35": "N", "115": "N", "112": "S", "107": "W", "149": "E", "148": "N", "100": "E", "128": "W", "76": "E", "4": "N", "39": "W", "96": "N", "72": "S", "151": "E", "147": "S", "106": "N", "25": "E", "133": "E", "159": "E", "157": "N", "2": "E", "55": "N", "29": "E", "67": "W", "130": "N", "134": "E", "117": "S", "135": "N", "82": "N", "88": "E", "119": "E"}, {"7": "N", "66": "N", "32": "E", "21": "N", "84": "E", "68": "W", "60": "E", "139": "W", "77": "N", "102": "S", "20": "N", "23": "S", "146": "S", "11": "N", "80": "E", "13": "N", "6": "W", "85": "S", "113": "S", "145": "S", "38": "N", "45": "W", "78": "W", "74": "W", "138": "S", "153": "W", "12": "W", "10": "W", "92": "E", "63": "E", "40": "N", "142": "N", "91": "N", "109": "E", "24": "E", "73": "N", "54": "N", "123": "S", "41": "E", "62": "S", "36": "W", "126": "W", "42": "N", "155": "S", "1": "N", "83": "S", "34": "W", "53": "N", "49": "W", "131": "S", "93": "E", "136": "S", "122": "E", "56": "S", "59": "N", "47": "E", "111": "E", "30": "N", "26": "N", "110": "N", "79": "N", "97": "N", "71": "W", "44": "N", "5": "E", "121": "E", "103": "N", "22": "E", "35": "E", "115": "N", "112": "S", "107": "N", "149": "E", "148": "N", "100": "E", "128": "W", "9": "E", "76": "E", "96": "W", "37": "E", "151": "E", "147": "S", "75": "N", "106": "W", "25": "E", "133": "N", "159": "E", "157": "N", "2": "E", "15": "E", "29": "S", "67": "S", "87": "E", "99": "E", "130": "E", "134": "S", "117": "E", "135": "E", "82": "N", "88": "E", "124": "N"}, {"7": "N", "66": "N", "21": "N", "68": "N", "60": "N", "139": "W", "77": "N", "102": "S", "20": "W", "146": "S", "11": "N", "80": "S", "33": "W", "13": "N", "6": "W", "85": "S", "113": "S", "145": "S", "38": "N", "45": "W", "78": "W", "74": "W", "138": "S", "153": "N", "12": "W", "10": "S", "92": "E", "63": "E", "40": "N", "142": "N", "91": "N", "109": "E", "101": "W", "73": "N", "54": "W", "123": "S", "41": "E", "62": "S", "19": "E", "36": "S", "126": "W", "43": "S", "42": "N", "155": "S", "34": "W", "53": "N", "49": "W", "131": "S", "93": "S", "122": "E", "56": "E", "31": "N", "47": "N", "111": "E", "30": "N", "26": "N", "110": "N", "79": "N", "116": "E", "97": "N", "71": "N", "44": "N", "5": "N", "121": "E", "103": "W", "22": "S", "95": "N", "115": "N", "107": "N", "148": "N", "76": "E", "39": "S", "96": "W", "72": "S", "37": "N", "151": "E", "94": "N", "147": "W", "133": "N", "159": "E", "2": "S", "29": "S", "67": "S", "87": "E", "99": "S", "134": "S", "117": "E", "135": "N", "3": "W", "70": "N", "82": "N", "88": "E", "124": "N", "154": "N", "14": "W", "119": "S"}, {"7": "N", "66": "N", "21": "N", "68": "N", "60": "N", "139": "W", "77": "N", "102": "S", "20": "W", "146": "S", "11": "N", "80": "S", "33": "N", "13": "N", "6": "W", "85": "S", "113": "S", "145": "S", "38": "N", "45": "W", "78": "N", "74": "W", "138": "E", "153": "W", "12": "W", "10": "S", "63": "E", "40": "N", "142": "N", "109": "N", "24": "E", "73": "N", "54": "N", "123": "S", "62": "S", "19": "N", "36": "S", "0": "W", "126": "S", "43": "W", "155": "E", "52": "W", "83": "E", "34": "W", "49": "W", "136": "E", "122": "E", "56": "S", "31": "N", "59": "N", "47": "N", "111": "E", "110": "N", "79": "N", "97": "N", "71": "N", "5": "N", "121": "E", "103": "N", "132": "W", "22": "S", "95": "N", "115": "N", "112": "S", "107": "N", "148": "N", "9": "E", "96": "W", "72": "W", "37": "N", "151": "E", "147": "W", "106": "W", "159": "E", "2": "S", "29": "S", "67": "S", "87": "E", "99": "W", "130": "W", "134": "S", "117": "E", "135": "N", "3": "S", "70": "N", "82": "N", "88": "E", "124": "E", "14": "N"}, {"7": "N", "66": "N", "21": "N", "68": "N", "60": "N", "139": "W", "50": "W", "77": "N", "20": "W", "146": "S", "11": "N", "80": "S", "13": "N", "6": "W", "85": "S", "113": "S", "145": "S", "38": "N", "45": "S", "86": "W", "78": "W", "74": "W", "138": "E", "153": "W", "12": "W", "10": "W", "63": "E", "40": "E", "58": "E", "142": "E", "109": "N", "73": "N", "54": "E", "41": "S", "62": "S", "36": "S", "0": "S", "126": "W", "155": "E", "52": "S", "83": "S", "34": "W", "46": "W", "53": "W", "49": "W", "122": "S", "56": "E", "65": "W", "31": "N", "59": "N", "47": "N", "28": "E", "111": "N", "110": "W", "79": "W", "116": "W", "97": "N", "5": "W", "103": "W", "132": "N", "143": "W", "22": "S", "95": "N", "35": "N", "115": "N", "112": "E", "107": "N", "149": "N", "148": "N", "100": "S", "9": "S", "76": "N", "81": "S", "96": "W", "72": "N", "37": "N", "156": "N", "151": "E", "147": "S", "106": "W", "133": "W", "159": "E", "2": "S", "55": "S", "29": "S", "67": "W", "87": "E", "99": "S", "135": "E", "3": "S", "70": "N", "82": "N", "88": "E", "124": "E", "154": "N", "14": "N"}, {"7": "N", "66": "E", "21": "N", "68": "N", "60": "N", "139": "W", "77": "N", "20": "W", "146": "W", "11": "N", "80": "E", "144": "E", "13": "N", "61": "E", "18": "W", "6": "W", "85": "S", "145": "S", "38": "N", "45": "W", "86": "N", "74": "W", "138": "E", "153": "W", "12": "W", "10": "W", "63": "N", "40": "N", "58": "E", "91": "E", "109": "N", "101": "E", "24": "E", "73": "N", "54": "N", "62": "S", "19": "W", "8": "E", "17": "W", "36": "S", "0": "W", "126": "S", "43": "W", "42": "W", "155": "E", "52": "W", "83": "E", "34": "W", "46": "W", "53": "W", "136": "E", "122": "E", "56": "S", "65": "S", "31": "N", "59": "W", "47": "E", "111": "E", "26": "W", "79": "W", "97": "N", "5": "W", "103": "W", "132": "N", "90": "E", "22": "E", "35": "N", "115": "N", "149": "E", "148": "N", "100": "E", "128": "W", "141": "E", "9": "S", "81": "S", "96": "W", "37": "N", "151": "E", "94": "E", "147": "S", "106": "W", "133": "W", "159": "E", "157": "S", "15": "E", "29": "S", "67": "W", "99": "E", "130": "S", "117": "E", "135": "E", "82": "N", "88": "E", "124": "E", "14": "N"}, {"7": "N", "66": "E", "21": "N", "68": "N", "60": "W", "139": "W", "77": "N", "20": "W", "146": "W", "11": "W", "80": "E", "144": "N", "33": "N", "61": "N", "6": "W", "85": "S", "145": "S", "38": "N", "45": "W", "86": "N", "74": "W", "138": "E", "153": "S", "12": "W", "40": "N", "58": "N", "91": "E", "109": "N", "24": "N", "73": "W", "54": "N", "36": "S", "0": "S", "126": "S", "43": "W", "42": "N", "1": "W", "52": "W", "34": "W", "46": "W", "53": "N", "93": "E", "136": "S", "122": "S", "56": "E", "65": "S", "31": "N", "47": "E", "28": "W", "111": "E", "79": "W", "116": "W", "97": "N", "5": "W", "103": "W", "132": "N", "90": "E", "22": "S", "95": "N", "35": "W", "112": "N", "149": "E", "148": "N", "100": "S", "128": "W", "9": "S", "4": "E", "39": "W", "81": "E", "96": "N", "37": "W", "156": "S", "151": "S", "147": "S", "106": "N", "133": "W", "159": "E", "157": "W", "2": "S", "29": "S", "67": "S", "99": "S", "130": "W", "134": "N", "117": "E", "135": "E", "3": "W", "82": "N", "88": "E", "124": "E", "154": "S", "14": "N"}, {"66": "E", "21": "N", "68": "N", "60": "N", "139": "W", "50": "E", "77": "N", "20": "N", "146": "W", "11": "N", "80": "E", "144": "N", "33": "N", "13": "W", "61": "N", "6": "W", "85": "S", "64": "W", "145": "S", "38": "N", "86": "N", "74": "S", "138": "E", "153": "W", "12": "S", "10": "W", "63": "S", "40": "N", "58": "N", "91": "E", "109": "N", "98": "E", "24": "N", "73": "W", "54": "N", "41": "W", "36": "S", "0": "S", "126": "W", "43": "N", "42": "W", "1": "W", "52": "W", "83": "E", "34": "W", "46": "W", "53": "N", "131": "W", "93": "E", "122": "S", "56": "E", "65": "S", "31": "N", "59": "E", "111": "E", "30": "W", "79": "N", "97": "E", "5": "N", "103": "N", "132": "E", "143": "E", "22": "S", "95": "N", "35": "N", "148": "W", "100": "E", "141": "W", "9": "E", "76": "N", "4": "S", "39": "S", "96": "N", "151": "S", "147": "S", "75": "N", "106": "W", "25": "E", "133": "N", "159": "E", "157": "N", "2": "S", "29": "S", "67": "S", "99": "S", "134": "N", "117": "E", "135": "E", "3": "N", "82": "N", "88": "E", "124": "E", "57": "S", "154": "S", "14": "N"}, {"66": "E", "21": "N", "68": "N", "60": "N", "139": "W", "50": "S", "77": "N", "20": "N", "146": "N", "11": "N", "80": "E", "144": "N", "33": "N", "13": "N", "61": "N", "18": "E", "6": "W", "113": "N", "38": "N", "118": "W", "86": "N", "74": "W", "138": "E", "153": "S", "10": "S", "40": "W", "58": "N", "91": "E", "109": "N", "98": "E", "24": "N", "73": "N", "54": "E", "41": "N", "8": "W", "36": "S", "0": "E", "126": "W", "43": "N", "42": "N", "155": "N", "52": "N", "83": "S", "34": "W", "46": "N", "53": "N", "131": "S", "93": "E", "136": "S", "122": "S", "56": "E", "65": "S", "31": "N", "111": "E", "26": "E", "79": "N", "5": "W", "103": "W", "132": "N", "143": "E", "90": "W", "22": "S", "95": "E", "35": "N", "149": "N", "148": "W", "100": "S", "9": "S", "76": "N", "39": "W", "96": "N", "151": "S", "94": "E", "147": "W", "106": "W", "25": "N", "133": "N", "159": "E", "157": "N", "2": "E", "29": "S", "67": "S", "99": "S", "117": "E", "3": "N", "70": "N", "82": "N", "88": "E", "124": "E", "57": "S", "14": "N"}, {"66": "E", "21": "N", "68": "N", "60": "N", "139": "W", "20": "N", "11": "N", "144": "N", "33": "N", "13": "N", "61": "W", "6": "W", "113": "N", "38": "N", "86": "E", "74": "S", "138": "E", "153": "W", "12": "W", "10": "E", "63": "N", "40": "N", "58": "N", "91": "N", "109": "N", "98": "N", "24": "N", "54": "N", "41": "E", "36": "S", "0": "E", "126": "S", "42": "N", "155": "E", "1": "E", "52": "N", "83": "S", "34": "W", "46": "N", "53": "N", "131": "W", "93": "E", "136": "S", "122": "S", "56": "E", "65": "E", "31": "N", "111": "S", "79": "N", "5": "W", "103": "W", "132": "N", "90": "W", "22": "S", "95": "N", "35": "N", "149": "E", "148": "N", "100": "S", "128": "W", "9": "E", "76": "N", "4": "S", "39": "W", "96": "W", "156": "E", "151": "S", "147": "S", "75": "N", "106": "W", "25": "E", "133": "N", "159": "E", "157": "W", "2": "S", "55": "E", "15": "W", "29": "E", "67": "W", "99": "S", "130": "E", "134": "E", "117": "E", "3": "N", "70": "N", "82": "N", "88": "E", "124": "E", "14": "N"}, {"66": "E", "21": "E", "68": "N", "60": "N", "139": "W", "50": "E", "102": "S", "20": "N", "11": "N", "144": "N", "33": "N", "13": "N", "61": "N", "6": "W", "145": "W", "38": "N", "86": "E", "74": "S", "153": "W", "12": "S", "63": "N", "40": "N", "58": "N", "91": "N", "109": "N", "98": "N", "24": "N", "73": "W", "54": "N", "140": "N", "36": "W", "0": "N", "126": "W", "42": "N", "155": "E", "1": "S", "52": "W", "83": "S", "34": "W", "46": "N", "53": "N", "131": "W", "136": "S", "122": "S", "65": "S", "31": "N", "69": "N", "111": "S", "30": "E", "79": "N", "5": "N", "103": "S", "132": "E", "143": "W", "95": "E", "35": "N", "149": "N", "148": "N", "100": "S", "128": "W", "76": "N", "4": "W", "39": "W", "81": "N", "96": "N", "72": "W", "156": "S", "151": "E", "147": "S", "106": "N", "133": "N", "159": "E", "2": "S", "29": "E", "67": "W", "99": "S", "134": "E", "117": "E", "3": "N", "70": "N", "82": "E", "88": "E", "124": "E", "14": "N"}, {"66": "N", "21": "E", "68": "N", "60": "N", "139": "W", "50": "N", "20": "N", "11": "N", "144": "N", "33": "N", "13": "N", "6": "S", "48": "W", "113": "S", "145": "W", "118": "E", "86": "E", "74": "W", "138": "E", "12": "S", "63": "N", "40": "N", "58": "N", "91": "N", "109": "N", "24": "N", "73": "N", "54": "N", "140": "N", "36": "W", "126": "S", "43": "W", "42": "N", "155": "E", "1": "W", "52": "W", "83": "S", "34": "W", "46": "N", "53": "N", "131": "W", "136": "S", "122": "S", "56": "E", "65": "S", "69": "E", "28": "E", "111": "S", "26": "W", "79": "N", "5": "N", "132": "E", "22": "E", "95": "E", "35": "E", "149": "E", "148": "N", "100": "S", "128": "W", "9": "W", "76": "E", "4": "W", "39": "W", "81": "E", "96": "N", "37": "N", "151": "S", "147": "E", "75": "S", "106": "N", "133": "N", "159": "S", "157": "N", "2": "E", "29": "E", "67": "W", "99": "S", "134": "E", "117": "N", "3": "N", "70": "N", "82": "E", "88": "E", "124": "E", "57": "N", "14": "N"}, {"66": "N", "21": "N", "68": "N", "60": "N", "139": "W", "102": "N", "20": "N", "11": "N", "80": "E", "144": "N", "33": "N", "13": "N", "6": "S", "113": "S", "145": "S", "86": "E", "78": "E", "138": "S", "12": "S", "10": "W", "63": "N", "40": "N", "58": "N", "91": "E", "109": "N", "98": "W", "24": "N", "73": "N", "54": "W", "36": "S", "126": "W", "42": "N", "1": "W", "52": "W", "83": "W", "34": "W", "46": "N", "53": "N", "131": "W", "136": "S", "122": "S", "56": "E", "65": "S", "69": "E", "111": "E", "26": "N", "79": "N", "116": "E", "5": "N", "132": "E", "22": "E", "95": "N", "35": "E", "149": "E", "100": "S", "4": "N", "39": "W", "81": "E", "96": "W", "37": "N", "151": "S", "106": "N", "133": "N", "159": "E", "157": "N", "2": "S", "29": "S", "67": "W", "99": "S", "134": "N", "117": "E", "3": "N", "70": "N", "82": "E", "88": "E", "124": "S", "14": "N"}, {"66": "E", "21": "N", "84": "N", "68": "N", "60": "W", "139": "W", "50": "W", "11": "N", "80": "E", "144": "N", "33": "N", "13": "E", "6": "S", "64": "E", "48": "E", "145": "S", "86": "E", "78": "N", "138": "E", "153": "W", "12": "W", "63": "N", "40": "N", "58": "N", "91": "N", "109": "N", "98": "N", "24": "N", "73": "N", "54": "N", "140": "E", "36": "S", "126": "W", "43": "E", "1": "W", "52": "W", "83": "S", "34": "N", "46": "W", "53": "N", "131": "W", "93": "E", "136": "E", "122": "S", "56": "E", "65": "E", "69": "S", "111": "E", "26": "E", "79": "W", "5": "N", "132": "E", "143": "N", "95": "E", "35": "E", "149": "E", "100": "S", "128": "E", "76": "N", "4": "W", "39": "W", "81": "E", "96": "W", "72": "S", "37": "N", "151": "S", "94": "W", "106": "N", "133": "N", "159": "E", "157": "N", "2": "S", "29": "S", "67": "W", "134": "N", "117": "E", "3": "N", "70": "N", "82": "E", "88": "E", "124": "E", "14": "N"}, {"21": "N", "84": "E", "68": "N", "60": "N", "139": "N", "11": "N", "80": "E", "129": "E", "144": "N", "33": "N", "13": "E", "6": "W", "145": "S", "86": "E", "78": "N", "74": "W", "138": "E", "12": "S", "10": "N", "63": "N", "40": "N", "58": "N", "91": "N", "109": "W", "24": "N", "73": "N", "54": "W", "140": "S", "41": "E", "36": "S", "126": "W", "42": "N", "155": "S", "1": "N", "52": "W", "83": "S", "34": "N", "46": "N", "53": "N", "131": "W", "122": "S", "65": "N", "69": "S", "111": "E", "30": "W", "26": "E", "79": "N", "5": "N", "132": "E", "95": "E", "35": "E", "149": "E", "100": "S", "128": "E", "76": "N", "4": "N", "81": "S", "96": "N", "72": "W", "37": "N", "151": "S", "75": "N", "106": "N", "133": "N", "159": "S", "157": "N", "2": "E", "55": "W", "29": "E", "67": "W", "134": "N", "117": "N", "3": "N", "70": "N", "82": "E", "88": "S", "124": "N", "57": "N", "14": "N"}, {"21": "W", "84": "E", "68": "N", "60": "N", "139": "N", "11": "N", "80": "E", "144": "N", "33": "N", "13": "E", "6": "W", "145": "E", "86": "E", "78": "N", "74": "W", "138": "E", "153": "E", "12": "W", "63": "N", "40": "E", "58": "N", "91": "W", "109": "N", "24": "N", "73": "W", "54": "N", "140": "S", "17": "E", "126": "W", "43": "E", "42": "N", "1": "N", "52": "W", "83": "W", "34": "N", "46": "N", "53": "N", "131": "W", "93": "W", "136": "W", "122": "W", "56": "W", "65": "N", "69": "S", "28": "E", "111": "E", "30": "N", "26": "E", "79": "N", "132": "S", "143": "S", "95": "E", "35": "E", "149": "E", "128": "E", "76": "N", "81": "S", "96": "W", "72": "W", "37": "N", "156": "N", "151": "S", "94": "W", "75": "N", "106": "N", "25": "W", "133": "E", "159": "E", "157": "N", "104": "N", "2": "E", "29": "E", "67": "W", "99": "W", "130": "E", "134": "N", "117": "E", "70": "N", "82": "N", "88": "E", "124": "E", "57": "N", "14": "E"}, {"21": "N", "84": "S", "68": "N", "60": "N", "139": "W", "80": "E", "129": "W", "144": "N", "33": "N", "61": "N", "6": "W", "145": "E", "86": "E", "78": "N", "74": "W", "138": "E", "12": "W", "10": "E", "63": "N", "40": "E", "58": "N", "142": "S", "91": "N", "109": "W", "98": "E", "24": "N", "73": "N", "54": "N", "140": "S", "8": "W", "126": "N", "42": "N", "1": "N", "52": "N", "83": "W", "34": "N", "46": "N", "53": "N", "49": "N", "131": "N", "93": "W", "136": "W", "122": "W", "56": "W", "65": "N", "31": "N", "59": "N", "47": "N", "69": "S", "111": "E", "30": "N", "26": "N", "79": "N", "5": "N", "132": "E", "22": "W", "95": "E", "35": "N", "112": "N", "149": "E", "9": "E", "76": "E", "39": "N", "96": "W", "72": "W", "37": "N", "151": "S", "106": "N", "133": "E", "159": "S", "157": "W", "2": "E", "29": "N", "67": "W", "134": "N", "70": "N", "82": "N", "88": "S", "124": "E"}, {"84": "E", "68": "N", "60": "N", "139": "W", "80": "E", "144": "W", "33": "N", "13": "E", "127": "N", "6": "W", "86": "N", "78": "W", "74": "W", "138": "N", "12": "W", "58": "N", "142": "S", "91": "W", "109": "N", "98": "N", "51": "N", "24": "N", "73": "N", "54": "W", "140": "S", "8": "W", "126": "N", "42": "N", "1": "N", "52": "N", "83": "W", "34": "N", "46": "N", "53": "N", "49": "N", "93": "W", "136": "W", "122": "W", "56": "W", "65": "N", "31": "E", "69": "S", "111": "E", "30": "N", "26": "N", "79": "E", "116": "N", "5": "N", "132": "S", "95": "E", "149": "N", "76": "E", "4": "W", "39": "N", "81": "W", "96": "W", "72": "W", "37": "N", "151": "E", "106": "N", "133": "N", "159": "S", "2": "E", "55": "E", "15": "E", "29": "E", "67": "W", "99": "S", "134": "N", "70": "N", "82": "E", "88": "E", "124": "S", "57": "W"}, {"68": "N", "60": "E", "139": "W", "80": "E", "144": "N", "13": "N", "6": "W", "78": "W", "138": "E", "12": "W", "10": "S", "58": "E", "91": "N", "109": "N", "98": "N", "24": "E", "73": "N", "54": "N", "140": "W", "8": "W", "126": "N", "42": "N", "52": "N", "83": "W", "34": "N", "46": "N", "53": "N", "49": "W", "93": "W", "136": "W", "122": "W", "56": "W", "65": "N", "69": "S", "28": "W", "111": "E", "30": "N", "26": "E", "79": "E", "5": "N", "132": "E", "95": "E", "149": "E", "81": "S", "96": "W", "72": "W", "37": "N", "151": "E", "106": "N", "25": "E", "133": "N", "159": "S", "2": "E", "55": "E", "29": "E", "67": "N", "99": "W", "134": "N", "70": "E", "82": "E", "88": "E", "124": "E", "57": "W", "14": "E"}, {"139": "S", "80": "E", "144": "N", "61": "S", "127": "S", "6": "W", "78": "N", "74": "S", "12": "N", "10": "S", "58": "N", "142": "N", "91": "N", "109": "N", "98": "W", "51": "S", "24": "N", "73": "N", "54": "N", "140": "N", "8": "W", "42": "N", "52": "N", "83": "W", "34": "N", "46": "N", "53": "N", "49": "W", "93": "W", "136": "W", "122": "W", "56": "W", "65": "N", "59": "N", "47": "N", "69": "S", "111": "E", "30": "N", "26": "E", "79": "N", "116": "S", "5": "N", "132": "E", "22": "S", "95": "E", "149": "E", "39": "E", "81": "S", "96": "W", "72": "W", "37": "E", "75": "W", "106": "E", "133": "N", "159": "S", "2": "N", "29": "E", "67": "N", "99": "W", "130": "W", "134": "N", "3": "E", "82": "S", "124": "E", "14": "E"}, {"80": "E", "144": "N", "6": "W", "64": "S", "78": "N", "12": "N", "58": "N", "142": "N", "91": "N", "109": "N", "98": "N", "24": "N", "73": "N", "54": "W", "140": "N", "42": "N", "52": "N", "83": "W", "34": "N", "46": "N", "53": "N", "49": "S", "93": "W", "136": "W", "122": "W", "56": "W", "65": "N", "31": "W", "59": "N", "47": "N", "69": "S", "111": "E", "30": "N", "26": "S", "79": "E", "5": "W", "132": "S", "22": "E", "95": "E", "112": "N", "149": "S", "81": "S", "96": "S", "37": "N", "156": "S", "106": "N", "133": "N", "159": "S", "104": "S", "2": "N", "29": "N", "87": "E", "99": "W", "130": "S", "134": "N", "3": "E", "82": "E", "124": "S", "57": "S"}, {"144": "N", "6": "N", "64": "S", "78": "N", "74": "N", "58": "N", "91": "N", "109": "E", "98": "W", "24": "N", "73": "E", "54": "W", "8": "E", "42": "E", "52": "N", "83": "W", "34": "N", "46": "N", "53": "E", "49": "W", "93": "W", "136": "W", "122": "W", "56": "W", "65": "N", "31": "S", "69": "E", "111": "S", "26": "E", "79": "E", "132": "E", "22": "E", "95": "E", "112": "N", "149": "S", "81": "W", "96": "W", "72": "E", "37": "E", "156": "W", "94": "E", "106": "N", "25": "E", "133": "N", "159": "E", "2": "E", "29": "E", "67": "W", "99": "W", "134": "N", "70": "W", "82": "E", "124": "E", "57": "E", "14": "W"}, {"6": "W", "58": "W", "91": "W", "109": "N", "98": "N", "24": "N", "73": "E", "54": "W", "8": "E", "42": "E", "52": "N", "83": "W", "34": "N", "46": "N", "53": "E", "49": "W", "93": "W", "136": "W", "122": "W", "65": "N", "69": "S", "111": "E", "26": "E", "79": "E", "132": "E", "22": "E", "95": "E", "112": "E", "149": "E", "81": "W", "96": "S", "72": "N", "37": "E", "94": "S", "75": "S", "106": "W", "133": "W", "157": "N", "2": "E", "29": "E", "67": "W", "87": "W", "99": "S", "130": "N", "134": "W", "135": "N", "82": "E", "124": "S", "57": "E"}, {"6": "N", "64": "N", "58": "W", "91": "W", "109": "N", "98": "N", "24": "N", "73": "E", "54": "W", "41": "W", "8": "E", "52": "N", "83": "W", "34": "N", "46": "N", "49": "W", "93": "W", "136": "W", "122": "W", "65": "N", "59": "S", "47": "S", "69": "S", "28": "W", "111": "E", "26": "E", "79": "N", "132": "E", "95": "S", "112": "E", "149": "E", "9": "E", "39": "W", "81": "S", "96": "S", "72": "W", "37": "S", "156": "W", "94": "S", "75": "S", "106": "W", "133": "W", "157": "W", "2": "E", "55": "W", "29": "E", "67": "W", "130": "E", "82": "E", "124": "S"}, {"6": "N", "64": "N", "58": "W", "91": "W", "109": "W", "24": "N", "73": "E", "54": "N", "8": "E", "52": "N", "83": "W", "34": "N", "46": "N", "49": "S", "93": "W", "136": "W", "122": "W", "65": "N", "31": "W", "59": "S", "47": "S", "69": "S", "111": "S", "26": "E", "110": "N", "79": "N", "116": "W", "132": "E", "95": "S", "112": "S", "149": "E", "81": "S", "96": "S", "156": "N", "94": "S", "75": "S", "106": "N", "133": "W", "2": "E", "29": "E", "67": "N", "3": "W", "70": "E", "82": "E", "124": "S"}, {"6": "E", "58": "W", "91": "W", "109": "N", "24": "W", "54": "N", "41": "E", "52": "W", "83": "W", "46": "N", "93": "W", "69": "E", "111": "E", "30": "E", "26": "E", "79": "N", "132": "E", "95": "E", "112": "E", "149": "S", "81": "S", "96": "S", "75": "S", "106": "N", "133": "W", "104": "W", "2": "E", "29": "E", "67": "N", "135": "S", "3": "N", "70": "E", "82": "E", "124": "S", "14": "E"}, {"58": "S", "109": "W", "24": "W", "52": "N", "83": "N", "46": "N", "59": "W", "69": "N", "28": "E", "111": "S", "26": "E", "79": "E", "116": "E", "132": "E", "22": "N", "95": "E", "112": "S", "149": "E", "96": "S", "94": "N", "75": "S", "106": "N", "133": "W", "104": "W", "2": "E", "55": "E", "29": "E", "3": "W", "82": "E", "124": "E", "14": "E"}, {"109": "W", "24": "W", "52": "N", "46": "N", "31": "E", "59": "S", "47": "W", "69": "N", "111": "E", "26": "S", "110": "S", "79": "E", "132": "E", "22": "W", "95": "E", "112": "E", "149": "E", "9": "W", "96": "S", "156": "W", "94": "N", "75": "S", "106": "N", "133": "W", "157": "E", "104": "W", "2": "E", "29": "E", "99": "S", "3": "N", "82": "E"}, {"109": "N", "24": "N", "52": "N", "46": "N", "59": "E", "47": "S", "69": "N", "111": "S", "30": "W", "26": "S", "132": "E", "95": "E", "112": "S", "96": "S", "94": "N", "75": "E", "106": "N", "157": "S", "104": "W", "2": "E", "3": "N", "82": "E", "14": "W"}, {"109": "W", "24": "N", "52": "N", "46": "N", "47": "E", "111": "S", "95": "E", "96": "S", "156": "E", "106": "N", "157": "E", "104": "W", "2": "E", "3": "N", "82": "E"}, {"109": "W", "24": "N", "52": "N", "46": "E", "111": "S", "30": "E", "9": "E", "96": "E", "156": "E", "106": "N", "99": "N", "3": "N", "70": "W", "82": "E", "14": "E"}, {"52": "E", "111": "S", "96": "E", "106": "E", "104": "E", "3": "N", "70": "W", "82": "E"}, {"106": "E", "104": "E", "3": "N", "70": "W", "82": "E"}, {"106": "E", "104": "E", "3": "N", "82": "E"}, {"106": "E", "104": "E", "3": "E", "70": "E", "82": "S"}, {"106": "E", "104": "E", "3": "E", "70": "E", "82": "E"}, {"106": "E", "3": "E", "70": "E", "82": "E"}, {"106": "E", "3": "N", "82": "E"}, {"106": "E", "82": "E"}], "result": "SUCCESS", "makespan": 53, "sum": 3808, "algo_name": "Chill_BIT_", "extra": {"arrival_order": [7, 152, 66, 32, 27, 21, 84, 68, 60, 139, 50, 77, 102, 20, 23, 146, 11, 80, 129, 144, 33, 13, 61, 127, 105, 18, 6, 16, 85, 64, 48, 113, 145, 38, 45, 118, 120, 86, 78, 74, 138, 153, 12, 10, 92, 63, 40, 58, 142, 91, 109, 98, 51, 101, 24, 73, 54, 125, 140, 123, 89, 41, 62, 19, 8, 17, 114, 36, 0, 126, 43, 42, 155, 1, 52, 83, 34, 46, 108, 53, 158, 49, 131, 93, 136, 122, 56, 65, 31, 59, 47, 69, 28, 111, 30, 26, 110, 79, 116, 97, 71, 150, 44, 5, 121, 103, 132, 143, 90, 22, 95, 35, 115, 112, 107, 149, 148, 100, 128, 141, 9, 76, 4, 39, 81, 96, 72, 37, 156, 151, 94, 137, 147, 75, 106, 25, 133, 159, 157, 104, 2, 55, 15, 29, 67, 87, 99, 130, 134, 117, 135, 3, 70, 82, 88, 124, 57, 154, 14, 119], "time_arrived": [1474, 1605, 3146, 3376, 2745, 2336, 639, 134, 1409, 2708, 983, 434, 960, 527, 3557, 3158, 655, 1433, 611, 1391, 366, 222, 2460, 388, 1226, 3000, 2130, 206, 2026, 3184, 2100, 1960, 191, 505, 1689, 2515, 1461, 2865, 782, 2768, 1040, 1356, 1560, 1532, 2301, 808, 1720, 1999, 708, 1819, 313, 1181, 1633, 1767, 1282, 3150, 1931, 3532, 1062, 1987, 273, 549, 1366, 1016, 694, 1945, 176, 3219, 255, 2012, 3394, 2261, 2841, 1253, 892, 2955, 2727, 328, 868, 2183, 455, 2799, 3435, 1667, 240, 673, 856, 3241, 3480, 1335, 2445, 1103, 993, 1852, 2913, 2494, 2825, 2229, 1149, 3262, 2663, 1194, 350, 2385, 3116, 587, 2989, 2576, 1738, 1132, 2143, 2067, 2557, 730, 1444, 2538, 2199, 3330, 829, 3564, 842, 2356, 1905, 1321, 3520, 1295, 1502, 572, 2682, 470, 3266, 1842, 2421, 3039, 3289, 3356, 1878, 2917, 913, 294, 1311, 2697, 1079, 2430, 489, 760, 415, 2942, 2633, 2607, 2274, 2909, 158, 940, 3540, 1581, 2874, 3106, 1785, 3079], "BIT_runs": 1, "old_makespan": 3564, "old_sum": 4502, "improved": "[7, 152, 66, 32, 27, 21, 84, 68, 60, 139, 50, 77, 102, 20, 23, 146, 11, 80, 129, 144, 33, 13, 61, 127, 105, 18, 6, 16, 85, 64, 48, 113, 145, 38, 45, 118, 120, 86, 78, 74, 138, 153, 12, 10, 92, 63, 40, 58, 142, 91, 109, 98, 51, 101, 24, 73, 54, 125, 140, 123, 89, 41, 62, 19, 8, 17, 114, 36, 0, 126, 43, 42, 155, 1, 52, 83, 34, 46, 108, 53, 158, 49, 131, 93, 136, 122, 56, 65, 31, 59, 47, 69, 28, 111, 30, 26, 110, 79, 116, 97, 71, 150, 44, 5, 121, 103, 132, 143, 90, 22, 95, 35, 115, 112, 107, 149, 148, 100, 128, 141, 9, 76, 4, 39, 81, 96, 72, 37, 156, 151, 94, 137, 147, 75, 106, 25, 133, 159, 157, 104, 2, 55, 15, 29, 67, 87, 99, 130, 134, 117, 135, 3, 70, 82, 88, 124, 57, 154, 14, 119],", "goal_raise_for_bs": 32}}