{"instance": "small_free_012_20x20_60_240", "steps": [{"3": "S", "5": "S", "6": "E", "9": "W", "11": "N", "13": "N", "27": "S", "37": "S", "51": "E", "55": "W", "69": "W", "75": "W", "79": "W", "87": "N", "89": "E", "96": "N", "101": "S", "102": "S", "108": "W", "123": "E", "127": "E", "128": "S", "141": "E", "143": "S", "146": "N", "150": "S", "151": "E", "158": "S", "176": "N", "182": "S", "192": "E", "196": "S", "203": "W", "210": "N", "213": "W", "217": "W", "221": "W", "232": "E", "233": "N", "237": "E", "239": "E", "1": "S", "12": "W", "24": "E", "26": "W", "52": "E", "54": "E", "57": "N", "67": "W", "76": "W", "80": "E", "88": "N", "97": "E", "103": "W", "112": "N", "113": "W", "124": "S", "140": "S", "152": "E", "161": "W", "175": "S", "190": "E", "207": "N", "231": "N", "234": "S", "17": "N", "21": "E", "28": "W", "31": "N", "33": "W", "40": "W", "63": "S", "66": "E", "73": "S", "81": "W", "85": "E", "98": "W", "105": "W", "111": "S", "114": "S", "119": "W", "130": "S", "149": "W", "153": "E", "166": "N", "169": "S", "171": "E", "179": "W", "181": "E", "194": "S", "199": "S", "223": "N", "2": "W", "4": "S", "10": "S", "16": "E", "41": "S", "104": "S", "117": "W", "144": "W", "173": "W", "186": "E", "191": "W", "202": "S", "204": "S", "212": "E", "214": "S", "216": "E", "224": "E", "226": "W", "230": "W", "15": "W", "23": "E", "44": "W", "45": "S", "46": "W", "64": "S", "78": "W", "83": "E", "110": "E", "120": "S", "122": "W", "129": "S", "139": "E", "148": "S", "157": "W", "168": "S", "177": "S", "195": "W", "208": "W", "229": "N", "60": "S", "71": "S", "82": "W", "90": "S", "92": "E", "94": "W", "165": "W", "187": "W", "238": "S", "136": "W", "174": "S", "227": "S", "235": "W", "236": "W", "48": "S", "68": "N", "189": "E", "228": "W", "93": "S", "225": "S", "133": "E", "180": "N"}, {"3": "S", "5": "S", "6": "E", "9": "W", "11": "N", "13": "N", "27": "S", "37": "S", "51": "E", "55": "W", "69": "W", "75": "W", "79": "W", "87": "N", "89": "E", "96": "N", "101": "S", "102": "S", "108": "W", "123": "E", "127": "E", "128": "S", "141": "E", "143": "S", "146": "N", "150": "S", "151": "E", "158": "S", "176": "N", "182": "S", "192": "E", "196": "S", "203": "W", "210": "N", "213": "W", "217": "W", "221": "W", "232": "E", "233": "N", "237": "E", "239": "E", "1": "S", "12": "W", "24": "E", "26": "W", "52": "E", "54": "E", "57": "N", "67": "W", "76": "W", "80": "E", "88": "N", "97": "E", "103": "W", "112": "N", "113": "W", "124": "S", "140": "S", "152": "E", "161": "W", "175": "S", "190": "E", "207": "N", "231": "N", "234": "S", "17": "N", "21": "E", "28": "W", "31": "N", "33": "W", "40": "W", "63": "S", "66": "N", "73": "S", "81": "W", "85": "E", "98": "W", "100": "W", "105": "W", "111": "S", "114": "S", "119": "W", "130": "S", "149": "W", "153": "E", "166": "N", "169": "S", "171": "E", "179": "W", "181": "E", "194": "S", "199": "W", "223": "N", "2": "W", "4": "W", "10": "S", "16": "N", "34": "E", "36": "N", "104": "S", "117": "W", "126": "E", "144": "W", "173": "W", "186": "S", "191": "S", "202": "S", "204": "S", "212": "E", "214": "S", "216": "E", "218": "S", "224": "E", "226": "W", "230": "W", "15": "W", "23": "E", "44": "W", "45": "S", "46": "N", "64": "S", "83": "S", "110": "E", "120": "S", "122": "W", "135": "S", "147": "S", "148": "S", "157": "W", "168": "S", "177": "W", "195": "W", "208": "W", "229": "N", "7": "S", "35": "E", "60": "S", "71": "S", "82": "W", "90": "S", "92": "E", "94": "W", "118": "S", "165": "W", "187": "W", "209": "N", "238": "S", "43": "S", "136": "W", "174": "S", "227": "S", "235": "W", "236": "W", "48": "S", "68": "N", "178": "W", "189": "N", "228": "W", "225": "S", "162": "E", "180": "N"}, {"3": "S", "5": "W", "6": "E", "9": "S", "11": "N", "13": "W", "27": "W", "37": "S", "51": "N", "55": "W", "79": "N", "87": "W", "89": "S", "108": "W", "123": "N", "141": "S", "143": "S", "146": "W", "150": "S", "151": "E", "196": "E", "213": "S", "221": "N", "232": "E", "233": "W", "1": "S", "26": "W", "52": "E", "67": "W", "88": "N", "97": "E", "103": "W", "124": "S", "140": "S", "161": "W", "207": "N", "21": "E", "28": "W", "31": "N", "40": "W", "63": "S", "66": "N", "73": "S", "98": "W", "100": "N", "111": "S", "114": "S", "119": "W", "130": "S", "149": "W", "153": "E", "169": "S", "171": "E", "179": "W", "194": "S", "199": "W", "223": "N", "2": "W", "4": "S", "10": "S", "16": "N", "32": "N", "34": "N", "36": "W", "104": "S", "117": "W", "126": "N", "173": "W", "186": "S", "191": "S", "202": "S", "204": "S", "212": "E", "214": "S", "216": "E", "218": "E", "224": "E", "230": "W", "15": "W", "23": "E", "39": "S", "45": "S", "46": "N", "64": "S", "78": "N", "83": "S", "110": "E", "120": "S", "122": "W", "135": "E", "139": "S", "147": "W", "148": "S", "157": "W", "167": "N", "168": "S", "177": "S", "195": "W", "229": "N", "35": "N", "60": "S", "62": "N", "71": "S", "90": "S", "92": "S", "94": "W", "187": "W", "209": "N", "238": "S", "38": "E", "136": "W", "174": "S", "227": "S", "236": "W", "48": "S", "49": "E", "68": "N", "178": "S", "189": "N", "228": "W", "219": "S", "225": "S", "162": "E", "180": "N"}, {"3": "S", "9": "W", "27": "S", "37": "S", "51": "E", "55": "W", "89": "E", "108": "W", "127": "E", "141": "E", "143": "E", "150": "E", "158": "S", "176": "N", "192": "E", "196": "S", "213": "W", "232": "N", "233": "N", "1": "S", "12": "W", "24": "E", "26": "N", "54": "E", "57": "N", "67": "W", "76": "W", "80": "E", "88": "N", "103": "W", "112": "N", "113": "W", "140": "S", "152": "E", "161": "W", "175": "S", "190": "E", "231": "N", "234": "S", "21": "E", "28": "W", "31": "N", "63": "S", "66": "N", "73": "S", "98": "W", "114": "S", "119": "W", "130": "S", "149": "W", "153": "E", "169": "S", "171": "E", "179": "W", "194": "S", "199": "W", "223": "N", "17": "N", "33": "W", "81": "W", "85": "E", "100": "N", "105": "W", "142": "E", "166": "N", "181": "E", "2": "W", "4": "S", "10": "S", "16": "N", "34": "N", "36": "W", "41": "S", "104": "S", "117": "W", "126": "N", "144": "W", "173": "W", "186": "S", "191": "S", "204": "S", "212": "E", "214": "S", "216": "E", "218": "E", "224": "E", "226": "W", "230": "W", "15": "W", "23": "E", "39": "E", "44": "W", "45": "S", "46": "N", "64": "S", "78": "N", "83": "S", "110": "E", "120": "S", "122": "W", "129": "S", "135": "S", "139": "E", "148": "S", "157": "W", "168": "S", "177": "S", "195": "W", "208": "W", "229": "N", "7": "S", "35": "N", "60": "S", "71": "S", "82": "W", "90": "S", "92": "E", "94": "W", "118": "E", "165": "W", "187": "W", "209": "E", "238": "S", "38": "E", "43": "S", "136": "W", "174": "S", "185": "W", "227": "S", "235": "W", "236": "W", "48": "S", "49": "E", "68": "E", "178": "S", "189": "W", "107": "N", "219": "W", "225": "S", "162": "N", "180": "N"}, {"9": "W", "11": "W", "27": "S", "37": "S", "127": "N", "141": "E", "150": "S", "158": "S", "176": "W", "182": "S", "192": "E", "196": "S", "213": "W", "12": "W", "24": "E", "26": "W", "57": "N", "76": "W", "80": "S", "112": "E", "113": "W", "124": "S", "140": "S", "152": "E", "175": "S", "190": "E", "234": "S", "40": "W", "63": "W", "73": "S", "98": "W", "111": "S", "114": "S", "130": "S", "171": "E", "179": "W", "194": "S", "199": "W", "17": "N", "33": "W", "81": "W", "105": "W", "181": "E", "2": "W", "4": "S", "10": "S", "117": "W", "173": "W", "186": "S", "191": "S", "204": "S", "212": "E", "214": "S", "224": "E", "230": "W", "142": "N", "34": "N", "36": "W", "41": "W", "126": "N", "138": "N", "144": "W", "202": "S", "218": "E", "226": "W", "15": "W", "39": "E", "44": "W", "45": "S", "64": "S", "78": "N", "83": "S", "110": "E", "122": "W", "134": "N", "135": "S", "139": "E", "147": "W", "148": "S", "157": "W", "168": "S", "177": "S", "195": "W", "208": "W", "229": "N", "7": "W", "35": "N", "60": "S", "71": "S", "82": "W", "84": "N", "90": "S", "92": "E", "94": "W", "118": "E", "165": "W", "187": "W", "209": "N", "238": "S", "136": "W", "174": "S", "227": "S", "235": "W", "236": "W", "48": "S", "49": "S", "68": "E", "178": "S", "189": "N", "228": "W", "93": "S", "219": "S", "225": "S", "162": "N", "180": "N"}, {"3": "S", "9": "W", "37": "S", "55": "W", "108": "W", "141": "E", "150": "S", "182": "S", "196": "S", "213": "W", "233": "N", "1": "S", "12": "W", "24": "E", "26": "W", "57": "W", "67": "W", "76": "W", "113": "N", "124": "S", "140": "S", "152": "E", "161": "W", "175": "S", "190": "E", "207": "N", "231": "N", "234": "W", "28": "W", "40": "W", "66": "N", "73": "S", "98": "W", "111": "S", "149": "W", "153": "E", "169": "S", "179": "W", "194": "S", "199": "S", "223": "N", "33": "W", "81": "W", "85": "E", "100": "N", "166": "N", "181": "E", "2": "W", "4": "S", "10": "S", "16": "N", "104": "S", "117": "W", "173": "W", "186": "S", "191": "S", "212": "S", "216": "E", "34": "N", "36": "W", "144": "W", "202": "S", "218": "E", "226": "W", "15": "W", "45": "S", "64": "S", "83": "S", "122": "W", "148": "S", "157": "W", "168": "S", "177": "S", "195": "W", "229": "N", "142": "N", "32": "W", "41": "W", "23": "E", "39": "E", "44": "W", "46": "N", "78": "N", "120": "S", "135": "S", "139": "E", "147": "W", "208": "W", "7": "W", "35": "N", "60": "S", "71": "S", "82": "W", "90": "S", "92": "E", "94": "W", "118": "E", "165": "W", "187": "W", "209": "N", "238": "S", "38": "S", "136": "W", "174": "S", "227": "S", "235": "W", "236": "W", "48": "S", "68": "E", "178": "S", "189": "N", "228": "W", "93": "E", "107": "E", "219": "S", "225": "S", "133": "E", "162": "N", "180": "W"}, {"3": "S", "9": "W", "27": "S", "37": "S", "51": "E", "55": "W", "150": "S", "182": "S", "213": "W", "1": "S", "12": "W", "67": "W", "76": "W", "140": "S", "152": "N", "190": "S", "207": "N", "21": "E", "40": "S", "66": "N", "73": "S", "98": "N", "111": "S", "130": "S", "149": "W", "153": "E", "169": "S", "179": "W", "194": "S", "223": "N", "17": "N", "33": "W", "81": "W", "85": "E", "100": "N", "105": "W", "166": "N", "2": "W", "10": "S", "16": "N", "104": "S", "186": "W", "214": "S", "216": "E", "230": "W", "34": "N", "126": "N", "144": "W", "202": "S", "226": "W", "15": "W", "64": "S", "83": "S", "110": "E", "148": "S", "157": "W", "168": "S", "142": "N", "41": "W", "23": "E", "44": "W", "46": "N", "78": "N", "120": "S", "135": "S", "139": "E", "208": "W", "60": "S", "71": "S", "90": "S", "92": "E", "94": "W", "238": "S", "32": "N", "39": "E", "147": "W", "167": "N", "7": "W", "35": "N", "62": "N", "82": "W", "118": "E", "165": "W", "209": "N", "38": "E", "43": "S", "174": "S", "185": "N", "227": "S", "235": "W", "236": "W", "48": "S", "49": "E", "68": "E", "178": "S", "189": "N", "228": "W", "93": "E", "107": "E", "219": "S", "225": "S", "162": "E", "180": "N"}, {"3": "S", "9": "W", "196": "S", "213": "W", "233": "W", "1": "S", "12": "W", "76": "W", "175": "S", "169": "S", "179": "W", "194": "S", "199": "W", "17": "E", "33": "W", "81": "W", "85": "N", "105": "W", "166": "E", "2": "W", "104": "W", "173": "W", "191": "S", "230": "N", "144": "W", "226": "W", "45": "S", "64": "S", "83": "S", "110": "E", "148": "S", "157": "W", "195": "W", "44": "W", "135": "S", "208": "W", "90": "S", "187": "W", "82": "W", "165": "W", "174": "S", "227": "S", "32": "N", "138": "E", "38": "E", "43": "W", "136": "W", "235": "W", "48": "S", "49": "E", "68": "E", "178": "S", "189": "N", "107": "S", "219": "S", "225": "S", "133": "S", "162": "E", "180": "N"}, {"27": "S", "213": "W", "217": "W", "76": "W", "207": "N", "231": "N", "66": "N", "130": "S", "179": "W", "194": "S", "199": "W", "81": "W", "100": "N", "105": "N", "2": "W", "16": "N", "173": "W", "214": "S", "126": "N", "226": "W", "83": "W", "110": "S", "148": "S", "157": "W", "195": "W", "229": "N", "142": "N", "41": "W", "23": "E", "44": "W", "46": "N", "120": "S", "135": "S", "187": "W", "238": "S", "39": "E", "147": "W", "35": "N", "165": "W", "209": "N", "236": "W", "32": "N", "136": "W", "235": "W", "48": "S", "68": "E", "189": "N", "138": "N", "134": "N", "7": "W", "84": "N", "118": "E", "38": "E", "49": "E", "178": "S", "228": "W", "93": "S", "219": "S", "225": "S", "133": "E", "162": "E", "180": "N"}, {"3": "S", "27": "S", "1": "S", "130": "S", "169": "S", "179": "N", "194": "E", "173": "N", "214": "S", "126": "N", "64": "S", "148": "S", "41": "W", "23": "E", "120": "S", "135": "E", "90": "S", "238": "S", "39": "E", "147": "W", "209": "N", "174": "S", "48": "S", "68": "E", "7": "W", "118": "E", "178": "S", "225": "S", "138": "N", "129": "S", "134": "E", "38": "E", "49": "E", "228": "W", "93": "E", "107": "E", "219": "S", "133": "E", "162": "E", "180": "N"}, {"207": "W", "223": "N", "2": "W", "34": "N", "126": "W", "148": "S", "157": "W", "195": "W", "41": "S", "23": "N", "78": "N", "120": "W", "187": "W", "136": "W", "68": "E", "180": "N", "129": "W", "134": "N", "84": "N", "43": "W", "93": "E", "107": "E", "219": "S", "162": "E"}, {"3": "S", "1": "S", "169": "S", "100": "N", "2": "W", "64": "S", "148": "S", "157": "W", "195": "W", "142": "N", "90": "S", "187": "W", "39": "E", "147": "W", "209": "N", "174": "S", "32": "N", "136": "W", "68": "S", "7": "W", "118": "E", "178": "S", "138": "N", "38": "E", "228": "W", "219": "S", "162": "E", "129": "W", "134": "N", "167": "W", "43": "W", "49": "E", "93": "E", "107": "E", "133": "S"}, {"100": "N", "2": "S", "148": "E", "195": "N", "142": "N", "39": "S", "147": "N", "209": "N", "32": "N", "138": "N", "162": "E", "134": "N", "167": "N", "62": "N", "185": "N", "133": "E"}, {"157": "W", "187": "W", "209": "W", "136": "W", "7": "W", "118": "E", "38": "E", "228": "W", "162": "E", "129": "W", "49": "E", "167": "N", "62": "W", "43": "W", "93": "E", "107": "E", "133": "E"}, {"100": "N", "157": "N", "142": "N", "187": "W", "32": "N", "136": "W", "7": "W", "118": "E", "138": "N", "38": "E", "228": "W", "162": "E", "129": "W", "134": "N", "49": "E", "167": "N", "43": "W", "93": "E", "62": "N", "185": "N", "107": "E", "133": "E"}, {"187": "N", "7": "N", "118": "N", "162": "N", "62": "N", "84": "E"}, {"100": "W", "136": "W", "38": "E", "228": "W", "129": "W", "49": "E", "43": "W", "93": "E", "107": "E", "84": "N", "133": "E"}, {"142": "N", "32": "N", "136": "W", "138": "N", "38": "S", "228": "W", "129": "W", "134": "N", "167": "N", "43": "W", "62": "N", "84": "N", "185": "W"}, {"142": "N", "32": "N", "136": "N", "138": "N", "228": "S", "134": "N", "49": "E", "167": "N", "93": "E", "107": "E", "62": "N", "133": "E", "84": "N", "185": "N"}, {"129": "W", "49": "E", "43": "W", "93": "E", "107": "E", "133": "E", "185": "N"}, {"142": "N", "32": "N", "138": "N", "129": "N", "134": "N", "49": "N", "167": "N", "62": "N", "84": "N", "185": "N"}, {"43": "W", "93": "E", "107": "E", "133": "E"}, {"43": "W", "93": "S"}, {"43": "S", "107": "E", "133": "E"}, {"107": "E", "133": "E"}, {"107": "N"}, {"133": "E"}, {"133": "S"}, {"14": "E", "50": "E", "222": "E", "205": "E", "156": "W", "137": "S", "99": "N", "74": "E"}, {"200": "N", "156": "W"}, {"19": "E", "47": "E", "156": "W"}, {"160": "E"}, {"14": "E"}, {"215": "N"}, {"116": "N"}, {"116": "N"}, {"205": "E"}, {"154": "N", "200": "N"}, {"197": "N", "172": "N", "164": "N"}, {}, {}, {}, {}, {}, {}, {}, {}, {}, {}, {}, {}, {}, {}, {}, {}, {}, {}, {}, {}, {}, {}, {}, {}, {}, {}, {}, {}, {}, {}, {}, {}, {}, {}, {}, {}, {}, {}, {}, {}, {}, {}, {}, {}, {}, {}, {}, {}, {}, {}, {}, {}, {}, {}, {}, {}, {}, {}, {}, {}, {}, {}, {}, {}, {}, {}, {}, {}, {}, {}, {}, {}, {}, {}, {}, {}, {}, {}, {}, {}, {}, {}, {}, {}, {}, {}, {}, {}, {}, {}, {}, {}, {}, {}, {}, {}, {}, {}, {}, {}, {"50": "W"}, {"50": "N"}, {"200": "S"}, {"200": "S"}, {"200": "S"}, {"200": "S"}, {"200": "S"}, {"200": "S"}, {"200": "E"}, {"200": "E"}, {"200": "E"}, {"200": "E"}, {"155": "S"}, {"155": "S"}, {"155": "S"}, {"155": "S"}, {"155": "S"}, {"155": "S"}, {"155": "S"}, {"155": "W"}, {"155": "S"}, {"155": "S"}, {"155": "E"}, {"172": "E"}, {"172": "N"}, {"172": "E"}, {"172": "E"}, {"172": "S"}, {"172": "E"}, {"172": "S"}, {"172": "S"}, {"172": "S"}, {"172": "S"}, {"172": "S"}, {"172": "S"}, {"172": "E"}, {"172": "E"}, {"172": "E"}, {"145": "S"}, {"145": "E"}, {"145": "S"}, {"145": "S"}, {"145": "S"}, {"145": "S"}, {"145": "W"}, {"145": "S"}, {"164": "S"}, {"164": "E"}, {"164": "S"}, {"164": "S"}, {"164": "S"}, {"164": "S"}, {"164": "S"}, {"164": "E"}, {"164": "E"}, {"164": "E"}, {"164": "E"}, {"197": "S"}, {"197": "S"}, {"197": "S"}, {"197": "E"}, {"197": "S"}, {"197": "S"}, {"197": "S"}, {"197": "S"}, {"197": "S"}, {"197": "S"}, {"197": "E"}, {"197": "E"}, {"197": "E"}, {"188": "S"}, {"188": "E"}, {"188": "S"}, {"188": "S"}, {"188": "S"}, {"188": "E"}, {"188": "S"}, {"188": "S"}, {"188": "W"}, {"188": "W"}, {"188": "W"}, {"188": "N"}, {"125": "S"}, {"125": "E"}, {"125": "S"}, {"125": "E"}, {"125": "S"}, {"125": "S"}, {"125": "S"}, {"125": "S"}, {"125": "S"}, {"125": "S"}, {"125": "E"}, {"125": "E"}, {"193": "N"}, {"193": "W"}, {"193": "N"}, {"193": "N"}, {"193": "N"}, {"193": "N"}, {"193": "E"}, {"193": "E"}, {"95": "E"}, {"95": "S"}, {"95": "S"}, {"95": "S"}, {"95": "S"}, {"95": "S"}, {"95": "S"}, {"95": "S"}, {"95": "E"}, {"95": "E"}, {"95": "E"}, {"95": "S"}, {"95": "E"}, {"95": "E"}, {"95": "E"}, {"95": "E"}, {"95": "E"}, {"132": "S"}, {"132": "S"}, {"132": "E"}, {"132": "E"}, {"132": "E"}, {"132": "E"}, {"132": "E"}, {"132": "E"}, {"20": "E"}, {"20": "N"}, {"20": "E"}, {"20": "E"}, {"20": "S"}, {"20": "S"}, {"20": "S"}, {"20": "S"}, {"20": "S"}, {"20": "S"}, {"20": "S"}, {"20": "E"}, {"20": "E"}, {"20": "E"}, {"20": "E"}, {"20": "E"}, {"20": "E"}, {"20": "E"}, {"20": "S"}, {"42": "S"}, {"42": "W"}, {"42": "W"}, {"42": "W"}, {"42": "W"}, {"42": "W"}, {"42": "S"}, {"42": "S"}, {"42": "S"}, {"42": "S"}, {"42": "S"}, {"42": "S"}, {"42": "S"}, {"42": "S"}, {"121": "E"}, {"121": "S"}, {"121": "S"}, {"121": "S"}, {"121": "E"}, {"121": "E"}, {"121": "E"}, {"121": "E"}, {"121": "E"}, {"121": "E"}, {"206": "S"}, {"206": "E"}, {"206": "E"}, {"206": "E"}, {"206": "E"}, {"206": "E"}, {"206": "E"}, {"206": "S"}, {"206": "E"}, {"206": "E"}, {"206": "N"}, {"163": "E"}, {"163": "S"}, {"163": "S"}, {"163": "S"}, {"163": "S"}, {"163": "S"}, {"163": "S"}, {"163": "S"}, {"163": "S"}, {"163": "E"}, {"163": "E"}, {"163": "E"}, {"163": "E"}, {"163": "E"}, {"163": "E"}, {"163": "E"}, {"163": "E"}, {"184": "E"}, {"184": "E"}, {"184": "E"}, {"184": "E"}, {"91": "E"}, {"91": "N"}, {"91": "E"}, {"91": "E"}, {"91": "N"}, {"91": "N"}, {"91": "N"}, {"91": "N"}, {"91": "W"}, {"91": "N"}, {"91": "N"}, {"109": "S"}, {"109": "E"}, {"109": "E"}, {"109": "S"}, {"109": "E"}, {"109": "S"}, {"109": "S"}, {"109": "S"}, {"65": "N"}, {"65": "N"}, {"65": "N"}, {"65": "N"}, {"65": "N"}, {"65": "N"}, {"65": "N"}, {"65": "E"}, {"222": "N"}, {"222": "W"}, {"222": "W"}, {"222": "W"}, {"222": "W"}, {"222": "W"}, {"222": "N"}, {"170": "E"}, {"170": "E"}, {"170": "E"}, {"170": "N"}, {"170": "N"}, {"170": "N"}, {"131": "W"}, {"131": "W"}, {"131": "W"}, {"131": "S"}, {"131": "W"}, {"131": "W"}, {"131": "W"}, {"131": "W"}, {"131": "W"}, {"131": "W"}, {"131": "S"}, {"18": "E"}, {"18": "S"}, {"18": "S"}, {"18": "E"}, {"18": "E"}, {"18": "E"}, {"18": "E"}, {"18": "S"}, {"220": "W"}, {"220": "W"}, {"220": "N"}, {"220": "N"}, {"220": "N"}, {"220": "N"}, {"220": "N"}, {"30": "N"}, {"30": "N"}, {"30": "N"}, {"30": "W"}, {"30": "N"}, {"53": "E"}, {"53": "S"}, {"53": "S"}, {"53": "S"}, {"53": "S"}, {"53": "E"}, {"53": "E"}, {"53": "E"}, {"53": "E"}, {"53": "E"}, {"53": "E"}, {"53": "E"}, {"53": "E"}, {"160": "S"}, {"160": "E"}, {"160": "S"}, {"160": "S"}, {"160": "S"}, {"160": "S"}, {"160": "S"}, {"160": "S"}, {"160": "W"}, {"160": "W"}, {"160": "W"}, {"160": "W"}, {"160": "W"}, {"160": "N"}, {"160": "N"}, {"160": "N"}, {"160": "W"}, {"160": "W"}, {"77": "W"}, {"77": "S"}, {"77": "W"}, {"77": "W"}, {"77": "W"}, {"77": "W"}, {"77": "W"}, {"77": "S"}, {"77": "S"}, {"77": "S"}, {"77": "S"}, {"77": "S"}, {"77": "S"}, {"77": "E"}, {"77": "E"}, {"14": "W"}, {"14": "S"}, {"14": "S"}, {"14": "S"}, {"14": "W"}, {"14": "W"}, {"14": "W"}, {"14": "W"}, {"14": "W"}, {"14": "W"}, {"14": "N"}, {"14": "W"}, {"14": "W"}, {"14": "N"}, {"14": "N"}, {"14": "N"}, {"14": "N"}, {"14": "N"}, {"14": "E"}, {"14": "E"}, {"29": "W"}, {"29": "W"}, {"29": "W"}, {"29": "W"}, {"29": "W"}, {"29": "W"}, {"29": "W"}, {"29": "W"}, {"29": "W"}, {"29": "N"}, {"29": "N"}, {"29": "N"}, {"70": "W"}, {"70": "W"}, {"70": "N"}, {"70": "W"}, {"70": "N"}, {"70": "W"}, {"70": "W"}, {"70": "N"}, {"70": "N"}, {"70": "W"}, {"70": "W"}, {"70": "W"}, {"70": "W"}, {"70": "W"}, {"70": "S"}, {"70": "S"}, {"70": "S"}, {"70": "E"}, {"70": "E"}, {"183": "S"}, {"183": "S"}, {"183": "S"}, {"183": "S"}, {"183": "S"}, {"183": "S"}, {"183": "E"}, {"183": "E"}, {"183": "E"}, {"183": "E"}, {"183": "S"}, {"183": "S"}, {"183": "E"}, {"183": "E"}, {"183": "E"}, {"183": "E"}, {"183": "N"}, {"159": "S"}, {"159": "S"}, {"159": "S"}, {"159": "W"}, {"159": "W"}, {"159": "W"}, {"159": "S"}, {"159": "S"}, {"159": "S"}, {"159": "S"}, {"159": "E"}, {"59": "S"}, {"59": "S"}, {"59": "S"}, {"59": "S"}, {"59": "S"}, {"59": "S"}, {"59": "S"}, {"59": "E"}, {"59": "E"}, {"59": "E"}, {"59": "E"}, {"59": "E"}, {"59": "E"}, {"59": "E"}, {"59": "E"}, {"106": "W"}, {"106": "S"}, {"106": "W"}, {"106": "W"}, {"106": "S"}, {"106": "W"}, {"106": "W"}, {"106": "W"}, {"106": "W"}, {"106": "W"}, {"106": "W"}, {"106": "N"}, {"198": "S"}, {"198": "W"}, {"198": "W"}, {"198": "W"}, {"198": "S"}, {"198": "S"}, {"198": "S"}, {"198": "W"}, {"198": "W"}, {"198": "W"}, {"198": "W"}, {"198": "W"}, {"198": "W"}, {"198": "W"}, {"198": "W"}, {"198": "W"}, {"198": "N"}, {"198": "N"}, {"8": "W"}, {"8": "N"}, {"8": "W"}, {"8": "W"}, {"8": "N"}, {"8": "N"}, {"8": "N"}, {"8": "N"}, {"8": "N"}, {"8": "W"}, {"8": "N"}, {"8": "W"}, {"8": "N"}, {"8": "W"}, {"8": "W"}, {"8": "N"}, {"8": "N"}, {"8": "W"}, {"8": "W"}, {"8": "W"}, {"8": "W"}, {"8": "W"}, {"8": "S"}, {"8": "S"}, {"8": "E"}, {"116": "S"}, {"116": "E"}, {"116": "E"}, {"116": "E"}, {"116": "E"}, {"116": "E"}, {"116": "S"}, {"116": "S"}, {"116": "E"}, {"116": "E"}, {"116": "S"}, {"235": "E"}, {"235": "S"}, {"235": "S"}, {"235": "E"}, {"235": "E"}, {"235": "E"}, {"235": "E"}, {"235": "E"}, {"235": "E"}, {"235": "E"}, {"235": "E"}, {"235": "S"}, {"235": "E"}, {"235": "E"}, {"235": "E"}, {"235": "N"}, {"235": "E"}, {"235": "E"}, {"231": "E"}, {"231": "S"}, {"231": "S"}, {"231": "S"}, {"231": "S"}, {"231": "S"}, {"231": "S"}, {"231": "S"}, {"231": "S"}, {"231": "S"}, {"231": "S"}, {"231": "S"}, {"231": "S"}, {"231": "S"}, {"231": "S"}, {"231": "S"}, {"231": "S"}, {"231": "S"}, {"231": "S"}, {"231": "W"}, {"231": "W"}, {"231": "W"}, {"231": "W"}, {"231": "N"}, {"201": "W"}, {"201": "W"}, {"201": "N"}, {"201": "W"}, {"201": "W"}, {"201": "W"}, {"201": "N"}, {"22": "N"}, {"22": "N"}, {"22": "N"}, {"22": "N"}, {"22": "E"}, {"22": "E"}, {"205": "W"}, {"205": "N"}, {"205": "N"}, {"205": "N"}, {"205": "N"}, {"205": "W"}, {"25": "S"}, {"25": "S"}, {"25": "S"}, {"25": "S"}, {"25": "S"}, {"25": "S"}, {"25": "S"}, {"25": "S"}, {"25": "E"}, {"25": "E"}, {"25": "E"}, {"25": "E"}, {"0": "S"}, {"0": "E"}, {"0": "S"}, {"0": "S"}, {"0": "E"}, {"0": "E"}, {"0": "E"}, {"0": "E"}, {"0": "E"}, {"0": "E"}, {"0": "E"}, {"0": "E"}, {"0": "S"}, {"72": "W"}, {"72": "W"}, {"72": "W"}, {"72": "W"}, {"72": "W"}, {"72": "W"}, {"72": "N"}, {"72": "N"}, {"72": "W"}, {"72": "W"}, {"72": "W"}, {"72": "W"}, {"72": "W"}, {"72": "W"}, {"72": "W"}, {"72": "S"}, {"215": "W"}, {"215": "W"}, {"215": "W"}, {"215": "S"}, {"215": "S"}, {"215": "S"}, {"215": "S"}, {"215": "S"}, {"215": "S"}, {"215": "S"}, {"215": "W"}, {"215": "S"}, {"215": "S"}, {"215": "S"}, {"215": "E"}, {"216": "S"}, {"216": "W"}, {"216": "W"}, {"216": "W"}, {"216": "W"}, {"216": "W"}, {"216": "W"}, {"216": "W"}, {"216": "N"}, {"216": "N"}, {"216": "N"}, {"216": "N"}, {"216": "N"}, {"216": "N"}, {"216": "W"}, {"223": "W"}, {"223": "S"}, {"223": "S"}, {"223": "S"}, {"223": "S"}, {"223": "E"}, {"223": "S"}, {"223": "S"}, {"223": "S"}, {"223": "E"}, {"223": "S"}, {"223": "S"}, {"223": "E"}, {"223": "E"}, {"223": "S"}, {"223": "S"}, {"223": "E"}, {"223": "S"}, {"223": "E"}, {"223": "S"}, {"223": "S"}, {"223": "S"}, {"223": "S"}, {"223": "S"}, {"223": "S"}, {"156": "N"}, {"156": "N"}, {"156": "N"}, {"156": "N"}, {"156": "N"}, {"156": "N"}, {"156": "N"}, {"156": "N"}, {"156": "E"}, {"99": "W"}, {"99": "W"}, {"99": "W"}, {"99": "W"}, {"99": "S"}, {"211": "N"}, {"211": "N"}, {"211": "N"}, {"211": "N"}, {"211": "E"}, {"211": "E"}, {"211": "E"}, {"211": "E"}, {"211": "E"}, {"211": "E"}, {"211": "E"}, {"211": "N"}, {"211": "E"}, {"211": "E"}, {"211": "N"}, {"211": "E"}, {"211": "N"}, {"211": "N"}, {"211": "W"}, {"211": "W"}, {"211": "N"}, {"211": "N"}, {"56": "S"}, {"56": "S"}, {"56": "S"}, {"56": "S"}, {"47": "S"}, {"47": "S"}, {"47": "E"}, {"47": "S"}, {"47": "S"}, {"47": "W"}, {"47": "S"}, {"47": "W"}, {"47": "W"}, {"47": "S"}, {"47": "W"}, {"58": "E"}, {"58": "E"}, {"58": "E"}, {"58": "E"}, {"58": "S"}, {"137": "W"}, {"137": "W"}, {"137": "W"}, {"137": "W"}, {"137": "W"}, {"137": "W"}, {"137": "W"}, {"137": "W"}, {"137": "N"}, {"137": "N"}, {"137": "N"}, {"137": "N"}, {"19": "W"}, {"19": "N"}, {"19": "W"}, {"19": "N"}, {"19": "W"}, {"19": "N"}, {"19": "W"}, {"19": "N"}, {"19": "N"}, {"19": "W"}, {"19": "W"}, {"19": "W"}, {"19": "N"}, {"19": "W"}, {"19": "W"}, {"19": "W"}, {"19": "W"}, {"19": "W"}, {"19": "S"}, {"115": "N"}, {"115": "N"}, {"115": "N"}, {"115": "N"}, {"115": "N"}, {"115": "W"}, {"115": "W"}, {"74": "W"}, {"154": "S"}, {"154": "E"}, {"154": "E"}, {"154": "E"}, {"154": "S"}, {"61": "W"}, {"61": "S"}, {"61": "S"}, {"61": "S"}, {"61": "S"}, {"61": "W"}, {"86": "S"}, {"86": "S"}, {"86": "S"}, {"86": "E"}, {"86": "E"}, {"86": "E"}, {"86": "E"}, {"86": "S"}, {"62": "W"}, {"62": "W"}, {"62": "S"}, {"62": "S"}, {"62": "S"}, {"62": "S"}, {"62": "S"}, {"62": "S"}, {"62": "S"}, {"62": "S"}, {"62": "S"}, {"62": "S"}, {"62": "S"}, {"62": "S"}, {"62": "S"}, {"62": "E"}, {"62": "E"}, {"62": "E"}, {"62": "E"}, {"84": "E"}, {"84": "S"}, {"84": "S"}, {"84": "S"}, {"84": "S"}, {"84": "S"}, {"84": "S"}, {"84": "W"}, {"84": "W"}, {"84": "W"}, {"84": "S"}, {"84": "S"}, {"84": "S"}, {"84": "S"}, {"84": "S"}, {"84": "S"}, {"84": "S"}, {"84": "S"}, {"84": "S"}, {"84": "S"}, {"84": "E"}, {"84": "S"}, {"84": "E"}, {"84": "E"}, {"84": "N"}, {"1": "W"}, {"1": "W"}, {"1": "N"}, {"1": "N"}, {"1": "N"}, {"1": "N"}, {"1": "N"}, {"1": "N"}, {"1": "N"}, {"1": "W"}, {"1": "N"}, {"1": "N"}, {"1": "N"}, {"1": "N"}, {"1": "N"}, {"1": "N"}, {"1": "N"}, {"66": "W"}, {"66": "W"}, {"66": "S"}, {"66": "S"}, {"66": "S"}, {"66": "S"}, {"66": "S"}, {"66": "S"}, {"66": "S"}, {"66": "S"}, {"66": "W"}, {"66": "W"}, {"66": "W"}, {"66": "S"}, {"66": "S"}, {"66": "S"}, {"66": "S"}, {"66": "E"}, {"66": "E"}, {"66": "E"}, {"45": "W"}, {"45": "N"}, {"45": "N"}, {"45": "N"}, {"45": "N"}, {"45": "N"}, {"45": "N"}, {"45": "N"}, {"45": "N"}, {"45": "E"}, {"45": "E"}, {"45": "N"}, {"110": "N"}, {"110": "W"}, {"110": "W"}, {"110": "W"}, {"110": "W"}, {"110": "W"}, {"110": "W"}, {"110": "W"}, {"110": "W"}, {"110": "W"}, {"110": "N"}, {"110": "W"}, {"110": "W"}, {"110": "N"}, {"110": "W"}, {"110": "W"}, {"110": "W"}, {"110": "W"}, {"110": "W"}, {"110": "W"}, {"110": "W"}, {"110": "W"}, {"110": "S"}, {"110": "S"}, {"110": "S"}, {"110": "E"}, {"110": "E"}, {"110": "E"}, {"134": "E"}, {"134": "S"}, {"134": "S"}, {"134": "S"}, {"134": "S"}, {"134": "S"}, {"134": "S"}, {"134": "S"}, {"134": "S"}, {"134": "S"}, {"134": "E"}, {"134": "E"}, {"134": "E"}, {"134": "E"}, {"134": "E"}, {"134": "S"}, {"134": "E"}, {"134": "E"}, {"134": "S"}, {"134": "S"}, {"88": "N"}, {"88": "W"}, {"88": "W"}, {"88": "S"}, {"88": "S"}, {"88": "S"}, {"88": "W"}, {"88": "W"}, {"88": "W"}, {"88": "W"}, {"88": "W"}, {"88": "W"}, {"88": "W"}, {"88": "W"}, {"88": "W"}, {"88": "W"}, {"88": "S"}, {"88": "S"}, {"88": "S"}, {"88": "S"}, {"88": "W"}, {"88": "W"}, {"88": "S"}, {"88": "S"}, {"88": "E"}, {"88": "E"}, {"139": "W"}, {"139": "W"}, {"139": "W"}, {"139": "W"}, {"139": "W"}, {"139": "S"}, {"139": "S"}, {"139": "W"}, {"139": "W"}, {"139": "S"}, {"139": "W"}, {"139": "W"}, {"139": "W"}, {"139": "W"}, {"139": "W"}, {"139": "W"}, {"139": "N"}, {"139": "N"}, {"123": "W"}, {"123": "W"}, {"123": "W"}, {"123": "W"}, {"123": "W"}, {"123": "S"}, {"123": "S"}, {"123": "S"}, {"123": "S"}, {"123": "S"}, {"123": "W"}, {"123": "W"}, {"123": "S"}, {"123": "W"}, {"123": "W"}, {"123": "W"}, {"123": "N"}, {"123": "N"}, {"33": "N"}, {"33": "E"}, {"33": "E"}, {"33": "E"}, {"33": "E"}, {"33": "S"}, {"33": "E"}, {"33": "E"}, {"33": "E"}, {"33": "E"}, {"33": "E"}, {"33": "E"}, {"96": "S"}, {"96": "S"}, {"96": "S"}, {"96": "S"}, {"96": "S"}, {"96": "E"}, {"96": "E"}, {"96": "E"}, {"96": "E"}, {"96": "E"}, {"96": "E"}, {"96": "E"}, {"96": "E"}, {"96": "E"}, {"96": "E"}, {"96": "S"}, {"96": "E"}, {"96": "E"}, {"96": "S"}, {"181": "N"}, {"181": "W"}, {"181": "W"}, {"181": "W"}, {"181": "W"}, {"181": "W"}, {"181": "W"}, {"181": "S"}, {"181": "W"}, {"181": "W"}, {"181": "S"}, {"181": "W"}, {"181": "W"}, {"181": "W"}, {"181": "W"}, {"181": "W"}, {"181": "N"}, {"181": "N"}, {"186": "E"}, {"186": "N"}, {"186": "N"}, {"186": "W"}, {"186": "W"}, {"186": "N"}, {"186": "N"}, {"186": "N"}, {"186": "N"}, {"186": "N"}, {"75": "E"}, {"75": "E"}, {"75": "E"}, {"75": "E"}, {"75": "E"}, {"75": "E"}, {"75": "E"}, {"75": "E"}, {"75": "E"}, {"75": "E"}, {"75": "E"}, {"75": "E"}, {"75": "E"}, {"75": "S"}, {"75": "E"}, {"75": "E"}, {"75": "E"}, {"75": "S"}, {"75": "S"}, {"75": "S"}, {"75": "E"}, {"75": "S"}, {"105": "S"}, {"105": "E"}, {"105": "E"}, {"105": "E"}, {"105": "S"}, {"105": "S"}, {"105": "S"}, {"105": "S"}, {"105": "S"}, {"105": "S"}, {"105": "S"}, {"105": "S"}, {"105": "E"}, {"105": "E"}, {"105": "E"}, {"105": "E"}, {"105": "E"}, {"208": "N"}, {"208": "E"}, {"208": "E"}, {"208": "N"}, {"208": "N"}, {"208": "E"}, {"208": "E"}, {"208": "E"}, {"208": "E"}, {"208": "E"}, {"21": "N"}, {"21": "N"}, {"21": "W"}, {"21": "W"}, {"21": "W"}, {"21": "W"}, {"21": "W"}, {"21": "W"}, {"21": "W"}, {"21": "W"}, {"21": "N"}, {"21": "W"}, {"21": "W"}, {"21": "W"}, {"21": "N"}, {"21": "W"}, {"21": "W"}, {"21": "W"}, {"21": "W"}, {"21": "W"}, {"21": "W"}, {"21": "W"}, {"21": "W"}, {"21": "S"}, {"21": "S"}, {"21": "S"}, {"21": "S"}, {"21": "S"}, {"21": "S"}, {"21": "S"}, {"21": "E"}, {"126": "E"}, {"126": "S"}, {"126": "S"}, {"126": "S"}, {"126": "W"}, {"126": "S"}, {"126": "S"}, {"126": "S"}, {"126": "S"}, {"126": "S"}, {"78": "W"}, {"78": "S"}, {"78": "S"}, {"78": "S"}, {"78": "S"}, {"78": "S"}, {"78": "S"}, {"78": "E"}, {"78": "E"}, {"78": "E"}, {"78": "S"}, {"43": "N"}, {"43": "E"}, {"43": "E"}, {"43": "E"}, {"43": "E"}, {"43": "E"}, {"43": "E"}, {"43": "S"}, {"43": "S"}, {"43": "S"}, {"43": "S"}, {"43": "S"}, {"43": "S"}, {"43": "S"}, {"43": "S"}, {"43": "E"}, {"43": "E"}, {"43": "E"}, {"43": "E"}, {"43": "E"}, {"43": "E"}, {"43": "E"}, {"165": "E"}, {"165": "E"}, {"165": "S"}, {"165": "S"}, {"165": "E"}, {"165": "E"}, {"165": "E"}, {"165": "E"}, {"165": "E"}, {"89": "N"}, {"89": "W"}, {"89": "W"}, {"89": "W"}, {"89": "W"}, {"89": "W"}, {"89": "W"}, {"89": "N"}, {"89": "N"}, {"89": "N"}, {"89": "N"}, {"89": "N"}, {"239": "W"}, {"239": "W"}, {"239": "W"}, {"239": "W"}, {"239": "S"}, {"239": "S"}, {"239": "S"}, {"239": "S"}, {"239": "S"}, {"239": "S"}, {"239": "S"}, {"239": "S"}, {"239": "S"}, {"239": "S"}, {"239": "W"}, {"174": "E"}, {"174": "N"}, {"174": "N"}, {"174": "N"}, {"174": "N"}, {"174": "N"}, {"174": "N"}, {"174": "N"}, {"174": "E"}, {"174": "E"}, {"174": "N"}, {"174": "N"}, {"174": "E"}, {"174": "N"}, {"174": "N"}, {"174": "N"}, {"174": "W"}, {"174": "N"}, {"174": "N"}, {"174": "N"}, {"174": "N"}, {"174": "W"}, {"174": "W"}, {"174": "N"}, {"174": "N"}, {"174": "N"}, {"174": "W"}, {"174": "N"}, {"174": "W"}, {"174": "W"}, {"174": "W"}, {"174": "W"}, {"174": "W"}, {"214": "E"}, {"214": "N"}, {"214": "N"}, {"214": "N"}, {"214": "N"}, {"214": "W"}, {"214": "W"}, {"214": "W"}, {"214": "W"}, {"214": "W"}, {"214": "W"}, {"214": "W"}, {"214": "W"}, {"214": "N"}, {"214": "N"}, {"214": "N"}, {"214": "N"}, {"214": "N"}, {"214": "N"}, {"214": "N"}, {"214": "N"}, {"192": "N"}, {"192": "W"}, {"192": "W"}, {"192": "W"}, {"192": "W"}, {"192": "W"}, {"192": "W"}, {"192": "W"}, {"192": "W"}, {"192": "W"}, {"192": "W"}, {"192": "W"}, {"192": "W"}, {"192": "W"}, {"192": "W"}, {"192": "N"}, {"192": "W"}, {"192": "W"}, {"192": "W"}, {"192": "S"}, {"71": "N"}, {"71": "N"}, {"71": "N"}, {"71": "N"}, {"71": "N"}, {"71": "E"}, {"71": "N"}, {"219": "N"}, {"219": "N"}, {"219": "N"}, {"219": "N"}, {"219": "N"}, {"219": "E"}, {"219": "E"}, {"219": "E"}, {"219": "E"}, {"219": "N"}, {"219": "N"}, {"219": "N"}, {"219": "N"}, {"219": "N"}, {"219": "W"}, {"117": "N"}, {"117": "N"}, {"117": "E"}, {"117": "E"}, {"117": "N"}, {"117": "N"}, {"117": "N"}, {"117": "N"}, {"117": "N"}, {"117": "N"}, {"117": "N"}, {"117": "N"}, {"117": "N"}, {"117": "N"}, {"117": "E"}, {"117": "E"}, {"117": "E"}, {"117": "E"}, {"117": "E"}, {"117": "E"}, {"117": "N"}, {"117": "E"}, {"117": "E"}, {"117": "S"}, {"202": "W"}, {"202": "N"}, {"202": "W"}, {"202": "N"}, {"202": "W"}, {"202": "W"}, {"202": "W"}, {"202": "W"}, {"202": "W"}, {"202": "W"}, {"202": "W"}, {"202": "W"}, {"202": "W"}, {"202": "W"}, {"202": "N"}, {"202": "N"}, {"202": "N"}, {"202": "N"}, {"202": "N"}, {"202": "N"}, {"202": "N"}, {"202": "W"}, {"202": "N"}, {"202": "N"}, {"202": "N"}, {"202": "N"}, {"202": "N"}, {"202": "N"}, {"202": "N"}, {"202": "N"}, {"202": "N"}, {"202": "N"}, {"202": "E"}, {"191": "N"}, {"191": "W"}, {"191": "N"}, {"191": "N"}, {"191": "N"}, {"191": "N"}, {"191": "N"}, {"191": "N"}, {"191": "E"}, {"191": "E"}, {"191": "E"}, {"191": "E"}, {"191": "E"}, {"191": "E"}, {"191": "E"}, {"191": "E"}, {"191": "E"}, {"191": "E"}, {"191": "E"}, {"191": "E"}, {"191": "N"}, {"191": "N"}, {"191": "W"}, {"217": "N"}, {"217": "E"}, {"217": "E"}, {"217": "S"}, {"217": "S"}, {"217": "S"}, {"217": "S"}, {"217": "S"}, {"217": "S"}, {"217": "S"}, {"217": "S"}, {"217": "S"}, {"217": "E"}, {"217": "E"}, {"217": "E"}, {"217": "E"}, {"217": "E"}, {"217": "E"}, {"81": "N"}, {"81": "E"}, {"81": "E"}, {"81": "E"}, {"81": "E"}, {"81": "E"}, {"81": "N"}, {"81": "N"}, {"81": "N"}, {"81": "N"}, {"81": "N"}, {"81": "N"}, {"81": "N"}, {"81": "E"}, {"81": "E"}, {"81": "E"}, {"81": "N"}, {"81": "E"}, {"81": "E"}, {"81": "S"}, {"142": "E"}, {"142": "S"}, {"142": "S"}, {"142": "S"}, {"142": "S"}, {"142": "S"}, {"142": "S"}, {"142": "S"}, {"142": "S"}, {"142": "S"}, {"142": "S"}, {"142": "S"}, {"142": "E"}, {"142": "E"}, {"142": "E"}, {"142": "S"}, {"142": "E"}, {"204": "N"}, {"204": "N"}, {"204": "N"}, {"204": "N"}, {"204": "N"}, {"204": "E"}, {"135": "W"}, {"135": "N"}, {"135": "N"}, {"135": "N"}, {"135": "N"}, {"135": "N"}, {"135": "N"}, {"135": "N"}, {"135": "N"}, {"135": "N"}, {"135": "N"}, {"135": "N"}, {"135": "N"}, {"135": "N"}, {"135": "W"}, {"135": "N"}, {"135": "N"}, {"135": "N"}, {"135": "W"}, {"135": "W"}, {"135": "N"}, {"135": "N"}, {"135": "N"}, {"135": "W"}, {"135": "N"}, {"135": "W"}, {"135": "W"}, {"135": "N"}, {"135": "W"}, {"135": "W"}, {"135": "W"}, {"135": "W"}, {"135": "W"}, {"135": "W"}, {"135": "S"}, {"36": "E"}, {"36": "E"}, {"36": "E"}, {"36": "E"}, {"36": "E"}, {"36": "E"}, {"36": "E"}, {"36": "E"}, {"36": "E"}, {"36": "E"}, {"36": "E"}, {"36": "S"}, {"35": "S"}, {"35": "S"}, {"35": "S"}, {"35": "S"}, {"35": "S"}, {"35": "S"}, {"35": "S"}, {"46": "E"}, {"46": "S"}, {"46": "S"}, {"46": "W"}, {"46": "W"}, {"46": "W"}, {"46": "W"}, {"46": "S"}, {"46": "S"}, {"46": "S"}, {"46": "W"}, {"46": "W"}, {"46": "W"}, {"46": "S"}, {"46": "S"}, {"46": "S"}, {"46": "S"}, {"46": "S"}, {"46": "E"}, {"46": "E"}, {"46": "E"}, {"176": "S"}, {"176": "S"}, {"176": "S"}, {"176": "S"}, {"176": "S"}, {"176": "W"}, {"176": "W"}, {"176": "W"}, {"176": "W"}, {"176": "W"}, {"176": "S"}, {"176": "S"}, {"176": "S"}, {"176": "S"}, {"176": "S"}, {"176": "S"}, {"176": "S"}, {"176": "S"}, {"176": "S"}, {"176": "S"}, {"176": "S"}, {"176": "S"}, {"176": "E"}, {"176": "E"}, {"176": "S"}, {"176": "S"}, {"176": "S"}, {"176": "E"}, {"176": "E"}, {"176": "N"}, {"176": "E"}, {"176": "N"}, {"176": "E"}, {"176": "E"}, {"176": "E"}, {"176": "N"}, {"102": "W"}, {"102": "N"}, {"102": "N"}, {"102": "N"}, {"102": "N"}, {"102": "N"}, {"102": "N"}, {"102": "N"}, {"102": "N"}, {"102": "N"}, {"102": "N"}, {"102": "N"}, {"102": "W"}, {"102": "N"}, {"102": "N"}, {"102": "N"}, {"102": "W"}, {"102": "W"}, {"102": "N"}, {"111": "N"}, {"111": "N"}, {"111": "N"}, {"111": "N"}, {"111": "N"}, {"111": "N"}, {"111": "N"}, {"111": "E"}, {"111": "E"}, {"111": "N"}, {"111": "N"}, {"111": "N"}, {"111": "N"}, {"111": "N"}, {"111": "N"}, {"111": "W"}, {"111": "N"}, {"111": "N"}, {"111": "N"}, {"111": "W"}, {"104": "E"}, {"104": "N"}, {"104": "N"}, {"104": "N"}, {"104": "N"}, {"104": "N"}, {"104": "W"}, {"104": "N"}, {"104": "N"}, {"104": "E"}, {"68": "W"}, {"68": "S"}, {"68": "S"}, {"68": "W"}, {"68": "W"}, {"68": "W"}, {"68": "W"}, {"68": "W"}, {"68": "S"}, {"68": "S"}, {"68": "S"}, {"68": "S"}, {"68": "S"}, {"68": "S"}, {"68": "S"}, {"68": "S"}, {"68": "W"}, {"68": "W"}, {"68": "W"}, {"68": "S"}, {"68": "W"}, {"68": "W"}, {"68": "W"}, {"68": "W"}, {"68": "W"}, {"68": "N"}, {"68": "N"}, {"28": "S"}, {"28": "S"}, {"28": "S"}, {"28": "E"}, {"28": "E"}, {"28": "S"}, {"28": "E"}, {"28": "E"}, {"28": "E"}, {"28": "E"}, {"28": "E"}, {"209": "W"}, {"209": "W"}, {"209": "W"}, {"209": "W"}, {"209": "W"}, {"209": "S"}, {"209": "S"}, {"209": "S"}, {"209": "S"}, {"209": "W"}, {"209": "W"}, {"209": "S"}, {"209": "S"}, {"209": "S"}, {"209": "W"}, {"209": "W"}, {"209": "S"}, {"209": "S"}, {"209": "S"}, {"209": "S"}, {"209": "S"}, {"209": "S"}, {"209": "E"}, {"209": "E"}, {"178": "N"}, {"178": "W"}, {"178": "W"}, {"178": "N"}, {"178": "N"}, {"178": "N"}, {"178": "N"}, {"178": "N"}, {"178": "N"}, {"189": "S"}, {"189": "S"}, {"189": "S"}, {"189": "S"}, {"189": "E"}, {"189": "E"}, {"189": "E"}, {"189": "S"}, {"189": "E"}, {"189": "E"}, {"189": "S"}, {"23": "S"}, {"23": "W"}, {"23": "W"}, {"23": "W"}, {"23": "W"}, {"23": "W"}, {"23": "W"}, {"23": "N"}, {"23": "W"}, {"16": "S"}, {"16": "S"}, {"16": "S"}, {"16": "S"}, {"16": "S"}, {"16": "S"}, {"16": "E"}, {"16": "E"}, {"16": "E"}, {"16": "S"}, {"98": "S"}, {"98": "E"}, {"98": "S"}, {"98": "E"}, {"98": "E"}, {"98": "S"}, {"98": "S"}, {"98": "S"}, {"98": "S"}, {"98": "S"}, {"98": "E"}, {"98": "E"}, {"98": "E"}, {"98": "E"}, {"98": "E"}, {"32": "E"}, {"32": "S"}, {"32": "S"}, {"32": "S"}, {"32": "S"}, {"32": "S"}, {"32": "S"}, {"32": "S"}, {"32": "S"}, {"32": "S"}, {"32": "S"}, {"32": "E"}, {"32": "E"}, {"32": "E"}, {"32": "E"}, {"32": "E"}, {"32": "E"}, {"32": "S"}, {"32": "E"}, {"32": "E"}, {"32": "S"}, {"32": "E"}, {"32": "S"}, {"32": "S"}, {"32": "E"}, {"32": "S"}, {"32": "S"}, {"79": "S"}, {"79": "S"}, {"79": "S"}, {"79": "S"}, {"79": "S"}, {"79": "E"}, {"79": "S"}, {"79": "S"}, {"79": "S"}, {"79": "S"}, {"79": "S"}, {"79": "S"}, {"79": "S"}, {"79": "S"}, {"79": "S"}, {"79": "S"}, {"79": "S"}, {"79": "E"}, {"79": "E"}, {"79": "E"}, {"79": "E"}, {"79": "S"}, {"79": "E"}, {"79": "E"}, {"79": "E"}, {"79": "N"}, {"79": "E"}, {"79": "E"}, {"34": "W"}, {"34": "W"}, {"34": "W"}, {"34": "W"}, {"34": "W"}, {"34": "W"}, {"34": "W"}, {"34": "S"}, {"34": "S"}, {"34": "S"}, {"34": "S"}, {"34": "S"}, {"34": "S"}, {"34": "W"}, {"34": "S"}, {"34": "S"}, {"34": "S"}, {"34": "S"}, {"34": "S"}, {"34": "S"}, {"34": "S"}, {"34": "E"}, {"127": "S"}, {"127": "W"}, {"127": "W"}, {"127": "W"}, {"127": "W"}, {"127": "W"}, {"127": "S"}, {"127": "S"}, {"127": "S"}, {"127": "W"}, {"127": "W"}, {"127": "W"}, {"127": "S"}, {"127": "W"}, {"127": "W"}, {"127": "N"}, {"73": "E"}, {"73": "E"}, {"73": "N"}, {"73": "N"}, {"73": "N"}, {"73": "N"}, {"73": "N"}, {"73": "N"}, {"73": "N"}, {"73": "E"}, {"73": "E"}, {"73": "E"}, {"73": "N"}, {"147": "S"}, {"147": "E"}, {"147": "E"}, {"147": "E"}, {"147": "S"}, {"147": "S"}, {"147": "S"}, {"147": "S"}, {"147": "S"}, {"147": "S"}, {"147": "S"}, {"147": "S"}, {"147": "S"}, {"147": "E"}, {"147": "E"}, {"147": "E"}, {"147": "E"}, {"147": "S"}, {"147": "E"}, {"147": "E"}, {"147": "E"}, {"147": "N"}, {"147": "E"}, {"85": "W"}, {"85": "W"}, {"85": "W"}, {"85": "W"}, {"85": "W"}, {"85": "S"}, {"85": "S"}, {"85": "S"}, {"85": "S"}, {"85": "S"}, {"85": "S"}, {"85": "W"}, {"85": "W"}, {"85": "S"}, {"85": "W"}, {"85": "W"}, {"85": "W"}, {"85": "W"}, {"85": "W"}, {"85": "W"}, {"85": "W"}, {"85": "W"}, {"85": "W"}, {"85": "N"}, {"13": "S"}, {"13": "S"}, {"13": "S"}, {"13": "S"}, {"13": "S"}, {"13": "S"}, {"13": "S"}, {"13": "S"}, {"13": "S"}, {"13": "S"}, {"13": "S"}, {"13": "S"}, {"13": "S"}, {"13": "S"}, {"13": "S"}, {"13": "S"}, {"13": "S"}, {"13": "S"}, {"13": "E"}, {"13": "E"}, {"13": "E"}, {"13": "E"}, {"13": "S"}, {"13": "E"}, {"13": "E"}, {"13": "E"}, {"13": "E"}, {"13": "E"}, {"13": "E"}, {"13": "E"}, {"13": "E"}, {"13": "E"}, {"13": "E"}, {"13": "E"}, {"13": "E"}, {"13": "N"}, {"76": "E"}, {"76": "N"}, {"76": "E"}, {"76": "E"}, {"76": "E"}, {"76": "S"}, {"76": "E"}, {"76": "E"}, {"76": "S"}, {"76": "S"}, {"76": "E"}, {"76": "E"}, {"76": "E"}, {"76": "E"}, {"129": "S"}, {"129": "E"}, {"129": "E"}, {"129": "E"}, {"129": "E"}, {"129": "E"}, {"129": "S"}, {"129": "S"}, {"129": "S"}, {"129": "S"}, {"129": "S"}, {"129": "S"}, {"129": "S"}, {"129": "S"}, {"129": "S"}, {"129": "S"}, {"129": "E"}, {"129": "E"}, {"129": "E"}, {"129": "E"}, {"129": "E"}, {"129": "E"}, {"140": "N"}, {"140": "E"}, {"140": "E"}, {"140": "N"}, {"140": "N"}, {"140": "N"}, {"140": "N"}, {"140": "N"}, {"140": "N"}, {"140": "N"}, {"140": "E"}, {"140": "E"}, {"140": "E"}, {"140": "E"}, {"140": "E"}, {"140": "N"}, {"140": "E"}, {"31": "S"}, {"31": "W"}, {"31": "W"}, {"31": "W"}, {"31": "W"}, {"31": "W"}, {"31": "W"}, {"31": "W"}, {"31": "W"}, {"31": "W"}, {"31": "W"}, {"31": "W"}, {"31": "S"}, {"31": "S"}, {"31": "S"}, {"133": "N"}, {"133": "W"}, {"133": "W"}, {"133": "W"}, {"133": "W"}, {"133": "W"}, {"133": "W"}, {"133": "W"}, {"133": "W"}, {"133": "W"}, {"133": "N"}, {"133": "N"}, {"133": "N"}, {"133": "N"}, {"133": "W"}, {"133": "N"}, {"133": "W"}, {"133": "N"}, {"133": "N"}, {"133": "W"}, {"133": "N"}, {"133": "W"}, {"133": "W"}, {"133": "N"}, {"133": "W"}, {"133": "W"}, {"63": "N"}, {"63": "W"}, {"63": "W"}, {"63": "N"}, {"63": "N"}, {"63": "N"}, {"63": "N"}, {"63": "N"}, {"63": "N"}, {"63": "N"}, {"63": "N"}, {"63": "N"}, {"63": "N"}, {"63": "N"}, {"63": "N"}, {"63": "N"}, {"63": "N"}, {"63": "N"}, {"63": "N"}, {"63": "N"}, {"63": "N"}, {"48": "E"}, {"48": "N"}, {"48": "N"}, {"48": "N"}, {"48": "N"}, {"48": "N"}, {"48": "E"}, {"48": "E"}, {"48": "E"}, {"48": "E"}, {"48": "E"}, {"48": "E"}, {"48": "E"}, {"48": "N"}, {"48": "N"}, {"48": "W"}, {"48": "N"}, {"48": "N"}, {"48": "N"}, {"48": "N"}, {"80": "W"}, {"80": "W"}, {"80": "W"}, {"80": "N"}, {"80": "N"}, {"80": "W"}, {"80": "N"}, {"80": "N"}, {"80": "N"}, {"80": "W"}, {"80": "N"}, {"80": "W"}, {"80": "N"}, {"80": "N"}, {"80": "W"}, {"80": "N"}, {"80": "W"}, {"80": "W"}, {"80": "N"}, {"80": "W"}, {"80": "N"}, {"80": "W"}, {"80": "W"}, {"80": "W"}, {"80": "W"}, {"80": "W"}, {"80": "W"}, {"80": "W"}, {"80": "W"}, {"80": "W"}, {"80": "W"}, {"80": "S"}, {"80": "S"}, {"80": "E"}, {"218": "W"}, {"218": "W"}, {"218": "W"}, {"218": "S"}, {"218": "S"}, {"218": "W"}, {"218": "W"}, {"218": "W"}, {"218": "W"}, {"218": "W"}, {"218": "W"}, {"218": "W"}, {"218": "W"}, {"218": "W"}, {"218": "W"}, {"218": "W"}, {"218": "W"}, {"218": "S"}, {"218": "W"}, {"218": "W"}, {"218": "W"}, {"218": "W"}, {"218": "N"}, {"218": "N"}, {"218": "N"}, {"218": "N"}, {"218": "N"}, {"218": "N"}, {"218": "N"}, {"218": "N"}, {"218": "N"}, {"218": "N"}, {"218": "N"}, {"218": "N"}, {"218": "N"}, {"218": "N"}, {"173": "E"}, {"173": "S"}, {"173": "E"}, {"173": "E"}, {"173": "E"}, {"173": "N"}, {"173": "N"}, {"173": "N"}, {"173": "N"}, {"173": "N"}, {"173": "N"}, {"173": "N"}, {"173": "N"}, {"173": "E"}, {"173": "E"}, {"173": "N"}, {"173": "E"}, {"173": "E"}, {"173": "S"}, {"173": "E"}, {"151": "N"}, {"151": "W"}, {"151": "W"}, {"151": "W"}, {"151": "W"}, {"151": "W"}, {"151": "N"}, {"151": "W"}, {"151": "N"}, {"151": "W"}, {"151": "N"}, {"151": "N"}, {"151": "W"}, {"151": "N"}, {"151": "W"}, {"151": "W"}, {"151": "N"}, {"151": "W"}, {"151": "N"}, {"151": "W"}, {"151": "W"}, {"151": "S"}, {"190": "W"}, {"190": "N"}, {"190": "W"}, {"190": "W"}, {"190": "W"}, {"190": "W"}, {"190": "W"}, {"190": "N"}, {"190": "W"}, {"190": "N"}, {"190": "W"}, {"190": "N"}, {"190": "N"}, {"190": "W"}, {"190": "N"}, {"190": "W"}, {"190": "W"}, {"190": "N"}, {"190": "W"}, {"190": "N"}, {"190": "W"}, {"190": "W"}, {"190": "W"}, {"190": "S"}, {"101": "N"}, {"101": "N"}, {"101": "N"}, {"101": "N"}, {"101": "E"}, {"101": "E"}, {"101": "N"}, {"101": "N"}, {"101": "W"}, {"101": "N"}, {"40": "N"}, {"40": "E"}, {"40": "E"}, {"40": "S"}, {"40": "E"}, {"40": "E"}, {"40": "E"}, {"40": "E"}, {"40": "E"}, {"180": "W"}, {"180": "W"}, {"180": "W"}, {"180": "S"}, {"180": "S"}, {"180": "S"}, {"180": "S"}, {"119": "S"}, {"119": "S"}, {"119": "E"}, {"119": "S"}, {"119": "E"}, {"119": "E"}, {"119": "E"}, {"213": "N"}, {"213": "E"}, {"213": "E"}, {"213": "E"}, {"213": "E"}, {"213": "E"}, {"213": "E"}, {"213": "N"}, {"213": "E"}, {"213": "N"}, {"213": "N"}, {"213": "N"}, {"213": "N"}, {"213": "N"}, {"213": "N"}, {"213": "N"}, {"213": "E"}, {"213": "E"}, {"213": "N"}, {"213": "E"}, {"213": "E"}, {"213": "S"}, {"60": "N"}, {"60": "N"}, {"60": "N"}, {"60": "N"}, {"60": "E"}, {"60": "E"}, {"60": "E"}, {"60": "E"}, {"60": "E"}, {"60": "E"}, {"60": "E"}, {"60": "E"}, {"60": "E"}, {"60": "N"}, {"60": "N"}, {"60": "N"}, {"60": "N"}, {"60": "W"}, {"60": "N"}, {"2": "N"}, {"2": "E"}, {"2": "E"}, {"2": "E"}, {"2": "E"}, {"2": "E"}, {"2": "E"}, {"2": "E"}, {"2": "N"}, {"2": "N"}, {"2": "N"}, {"2": "N"}, {"2": "N"}, {"2": "N"}, {"2": "N"}, {"2": "N"}, {"2": "N"}, {"2": "N"}, {"2": "N"}, {"2": "E"}, {"2": "E"}, {"2": "N"}, {"2": "E"}, {"2": "E"}, {"2": "E"}, {"2": "E"}, {"2": "S"}, {"128": "W"}, {"128": "N"}, {"128": "N"}, {"128": "N"}, {"128": "N"}, {"128": "N"}, {"128": "N"}, {"128": "N"}, {"128": "N"}, {"128": "N"}, {"128": "N"}, {"128": "N"}, {"128": "W"}, {"128": "N"}, {"196": "W"}, {"196": "N"}, {"196": "N"}, {"196": "N"}, {"196": "W"}, {"196": "N"}, {"196": "N"}, {"196": "N"}, {"196": "N"}, {"196": "W"}, {"196": "N"}, {"196": "N"}, {"196": "N"}, {"196": "E"}, {"153": "W"}, {"153": "W"}, {"153": "W"}, {"153": "W"}, {"153": "W"}, {"153": "N"}, {"153": "N"}, {"153": "N"}, {"153": "N"}, {"153": "N"}, {"153": "W"}, {"153": "N"}, {"153": "W"}, {"153": "N"}, {"153": "W"}, {"153": "N"}, {"87": "S"}, {"87": "S"}, {"87": "S"}, {"87": "E"}, {"87": "E"}, {"87": "E"}, {"87": "E"}, {"87": "E"}, {"87": "E"}, {"87": "E"}, {"87": "E"}, {"87": "E"}, {"87": "S"}, {"87": "E"}, {"87": "S"}, {"87": "E"}, {"87": "E"}, {"87": "S"}, {"87": "E"}, {"87": "E"}, {"113": "S"}, {"113": "S"}, {"113": "S"}, {"113": "S"}, {"113": "S"}, {"113": "E"}, {"113": "E"}, {"113": "S"}, {"113": "S"}, {"113": "S"}, {"113": "S"}, {"113": "S"}, {"113": "S"}, {"113": "S"}, {"113": "S"}, {"113": "S"}, {"113": "S"}, {"113": "S"}, {"113": "E"}, {"113": "E"}, {"113": "E"}, {"113": "E"}, {"113": "S"}, {"113": "S"}, {"113": "E"}, {"113": "E"}, {"113": "E"}, {"113": "N"}, {"113": "E"}, {"113": "E"}, {"113": "E"}, {"113": "N"}, {"113": "E"}, {"17": "W"}, {"17": "S"}, {"17": "S"}, {"17": "S"}, {"17": "S"}, {"17": "S"}, {"17": "S"}, {"17": "E"}, {"226": "N"}, {"226": "E"}, {"226": "E"}, {"226": "E"}, {"226": "N"}, {"226": "E"}, {"226": "N"}, {"226": "E"}, {"226": "E"}, {"226": "E"}, {"226": "E"}, {"9": "N"}, {"9": "E"}, {"9": "E"}, {"9": "E"}, {"9": "E"}, {"9": "E"}, {"9": "E"}, {"9": "S"}, {"9": "E"}, {"9": "E"}, {"9": "E"}, {"9": "E"}, {"169": "E"}, {"169": "N"}, {"169": "N"}, {"169": "N"}, {"169": "N"}, {"169": "N"}, {"169": "N"}, {"169": "N"}, {"169": "N"}, {"169": "N"}, {"169": "E"}, {"169": "E"}, {"169": "E"}, {"169": "E"}, {"169": "N"}, {"169": "N"}, {"169": "N"}, {"169": "N"}, {"169": "N"}, {"169": "N"}, {"169": "N"}, {"169": "N"}, {"169": "N"}, {"169": "W"}, {"169": "N"}, {"169": "W"}, {"10": "W"}, {"10": "N"}, {"10": "N"}, {"10": "N"}, {"10": "W"}, {"10": "W"}, {"10": "W"}, {"10": "W"}, {"10": "W"}, {"10": "N"}, {"10": "N"}, {"10": "N"}, {"10": "N"}, {"122": "E"}, {"122": "N"}, {"122": "N"}, {"122": "N"}, {"122": "N"}, {"122": "N"}, {"122": "N"}, {"122": "N"}, {"122": "N"}, {"122": "N"}, {"122": "N"}, {"122": "E"}, {"122": "E"}, {"122": "N"}, {"122": "N"}, {"122": "N"}, {"122": "N"}, {"122": "E"}, {"122": "E"}, {"122": "E"}, {"122": "E"}, {"122": "E"}, {"122": "E"}, {"122": "E"}, {"122": "E"}, {"122": "E"}, {"122": "E"}, {"122": "S"}, {"122": "E"}, {"122": "E"}, {"122": "E"}, {"122": "S"}, {"122": "E"}, {"122": "E"}, {"122": "E"}, {"122": "S"}, {"122": "S"}, {"122": "W"}, {"166": "W"}, {"166": "S"}, {"166": "W"}, {"166": "S"}, {"166": "W"}, {"166": "W"}, {"166": "W"}, {"166": "W"}, {"166": "W"}, {"166": "W"}, {"166": "W"}, {"166": "W"}, {"166": "W"}, {"166": "W"}, {"166": "W"}, {"166": "W"}, {"166": "S"}, {"166": "S"}, {"166": "W"}, {"166": "S"}, {"166": "S"}, {"166": "S"}, {"166": "S"}, {"166": "S"}, {"166": "S"}, {"166": "S"}, {"166": "S"}, {"166": "S"}, {"166": "E"}, {"12": "E"}, {"12": "S"}, {"12": "S"}, {"12": "E"}, {"12": "E"}, {"12": "E"}, {"12": "E"}, {"12": "E"}, {"12": "E"}, {"12": "E"}, {"12": "S"}, {"12": "E"}, {"12": "S"}, {"12": "E"}, {"12": "E"}, {"12": "E"}, {"12": "N"}, {"12": "E"}, {"12": "E"}, {"12": "E"}, {"12": "E"}, {"12": "E"}, {"12": "E"}, {"12": "E"}, {"12": "E"}, {"12": "E"}, {"12": "E"}, {"12": "E"}, {"12": "E"}, {"12": "N"}, {"12": "N"}, {"12": "N"}, {"12": "N"}, {"12": "N"}, {"12": "N"}, {"12": "N"}, {"12": "N"}, {"12": "N"}, {"12": "W"}, {"12": "N"}, {"57": "W"}, {"57": "S"}, {"57": "S"}, {"57": "S"}, {"57": "S"}, {"57": "E"}, {"57": "S"}, {"100": "S"}, {"100": "E"}, {"100": "E"}, {"100": "S"}, {"100": "S"}, {"100": "S"}, {"100": "S"}, {"100": "S"}, {"100": "S"}, {"100": "S"}, {"100": "E"}, {"100": "E"}, {"100": "E"}, {"100": "E"}, {"100": "E"}, {"100": "E"}, {"100": "S"}, {"100": "E"}, {"158": "W"}, {"158": "N"}, {"158": "N"}, {"158": "N"}, {"158": "W"}, {"158": "W"}, {"158": "W"}, {"158": "W"}, {"158": "N"}, {"158": "N"}, {"158": "N"}, {"138": "W"}, {"138": "W"}, {"138": "W"}, {"138": "S"}, {"138": "S"}, {"138": "S"}, {"138": "S"}, {"138": "S"}, {"138": "S"}, {"138": "S"}, {"138": "S"}, {"138": "W"}, {"138": "S"}, {"138": "S"}, {"138": "S"}, {"138": "S"}, {"138": "S"}, {"138": "S"}, {"138": "S"}, {"138": "S"}, {"138": "S"}, {"138": "S"}, {"138": "S"}, {"138": "S"}, {"138": "E"}, {"130": "N"}, {"130": "E"}, {"130": "N"}, {"130": "N"}, {"130": "N"}, {"130": "N"}, {"130": "N"}, {"130": "N"}, {"130": "N"}, {"130": "E"}, {"130": "E"}, {"130": "E"}, {"130": "E"}, {"130": "E"}, {"130": "E"}, {"130": "E"}, {"130": "N"}, {"130": "N"}, {"130": "N"}, {"130": "N"}, {"130": "N"}, {"130": "N"}, {"130": "N"}, {"130": "W"}, {"82": "N"}, {"82": "E"}, {"82": "N"}, {"82": "N"}, {"82": "N"}, {"82": "N"}, {"82": "N"}, {"82": "N"}, {"82": "N"}, {"82": "N"}, {"82": "N"}, {"82": "E"}, {"82": "E"}, {"82": "N"}, {"82": "N"}, {"82": "N"}, {"82": "E"}, {"82": "E"}, {"82": "E"}, {"82": "E"}, {"82": "E"}, {"82": "E"}, {"82": "E"}, {"82": "E"}, {"82": "E"}, {"82": "E"}, {"82": "E"}, {"82": "E"}, {"82": "E"}, {"82": "S"}, {"82": "S"}, {"82": "E"}, {"82": "E"}, {"82": "E"}, {"82": "S"}, {"11": "W"}, {"11": "W"}, {"11": "S"}, {"11": "S"}, {"11": "S"}, {"11": "S"}, {"11": "W"}, {"11": "S"}, {"11": "S"}, {"11": "S"}, {"11": "S"}, {"11": "S"}, {"11": "E"}, {"124": "W"}, {"124": "N"}, {"124": "N"}, {"124": "N"}, {"124": "N"}, {"124": "N"}, {"124": "N"}, {"207": "S"}, {"207": "S"}, {"207": "S"}, {"207": "S"}, {"207": "S"}, {"207": "S"}, {"207": "E"}, {"207": "E"}, {"207": "E"}, {"207": "E"}, {"207": "E"}, {"207": "E"}, {"207": "E"}, {"207": "E"}, {"207": "E"}, {"207": "E"}, {"207": "S"}, {"207": "S"}, {"207": "E"}, {"207": "E"}, {"207": "E"}, {"207": "E"}, {"207": "S"}, {"207": "S"}, {"207": "W"}, {"162": "W"}, {"162": "N"}, {"162": "W"}, {"162": "W"}, {"162": "W"}, {"162": "W"}, {"162": "W"}, {"162": "W"}, {"162": "W"}, {"162": "W"}, {"162": "W"}, {"162": "N"}, {"162": "N"}, {"162": "W"}, {"162": "W"}, {"162": "W"}, {"162": "W"}, {"162": "W"}, {"162": "W"}, {"162": "W"}, {"162": "W"}, {"162": "W"}, {"162": "W"}, {"90": "N"}, {"90": "N"}, {"90": "N"}, {"90": "N"}, {"90": "N"}, {"90": "N"}, {"90": "N"}, {"90": "E"}, {"90": "E"}, {"90": "E"}, {"90": "E"}, {"90": "E"}, {"90": "N"}, {"90": "N"}, {"90": "N"}, {"90": "N"}, {"90": "N"}, {"93": "N"}, {"93": "W"}, {"93": "W"}, {"93": "W"}, {"93": "W"}, {"93": "W"}, {"93": "W"}, {"93": "W"}, {"93": "N"}, {"93": "N"}, {"93": "N"}, {"93": "N"}, {"93": "N"}, {"93": "N"}, {"93": "N"}, {"93": "N"}, {"93": "W"}, {"93": "W"}, {"93": "W"}, {"93": "W"}, {"93": "N"}, {"93": "N"}, {"93": "W"}, {"93": "W"}, {"93": "W"}, {"93": "W"}, {"93": "W"}, {"93": "W"}, {"120": "N"}, {"120": "N"}, {"120": "N"}, {"120": "N"}, {"120": "N"}, {"120": "E"}, {"152": "S"}, {"152": "W"}, {"152": "W"}, {"152": "W"}, {"152": "W"}, {"152": "W"}, {"152": "N"}, {"152": "N"}, {"27": "N"}, {"27": "W"}, {"27": "W"}, {"27": "W"}, {"27": "W"}, {"27": "W"}, {"27": "W"}, {"27": "N"}, {"27": "N"}, {"27": "N"}, {"27": "N"}, {"27": "N"}, {"27": "W"}, {"27": "N"}, {"27": "N"}, {"37": "N"}, {"37": "N"}, {"37": "E"}, {"37": "E"}, {"37": "N"}, {"37": "N"}, {"37": "N"}, {"37": "N"}, {"37": "N"}, {"37": "N"}, {"37": "N"}, {"37": "E"}, {"37": "E"}, {"37": "E"}, {"37": "E"}, {"37": "E"}, {"37": "E"}, {"37": "E"}, {"37": "N"}, {"37": "E"}, {"37": "N"}, {"37": "N"}, {"37": "W"}, {"37": "N"}, {"97": "W"}, {"97": "W"}, {"97": "W"}, {"97": "S"}, {"97": "W"}, {"97": "S"}, {"49": "S"}, {"49": "W"}, {"49": "W"}, {"49": "W"}, {"49": "W"}, {"49": "W"}, {"49": "W"}, {"49": "S"}, {"49": "S"}, {"49": "S"}, {"49": "W"}, {"179": "S"}, {"179": "S"}, {"179": "S"}, {"179": "S"}, {"179": "E"}, {"179": "E"}, {"179": "E"}, {"179": "E"}, {"179": "E"}, {"179": "E"}, {"179": "S"}, {"179": "S"}, {"179": "E"}, {"179": "E"}, {"179": "E"}, {"179": "S"}, {"179": "E"}, {"179": "E"}, {"179": "N"}, {"161": "N"}, {"161": "E"}, {"161": "E"}, {"161": "E"}, {"161": "E"}, {"161": "E"}, {"161": "E"}, {"161": "E"}, {"161": "N"}, {"161": "E"}, {"161": "E"}, {"161": "E"}, {"161": "E"}, {"161": "E"}, {"161": "E"}, {"161": "S"}, {"141": "N"}, {"141": "W"}, {"141": "W"}, {"141": "W"}, {"141": "W"}, {"141": "W"}, {"141": "N"}, {"141": "N"}, {"141": "N"}, {"141": "W"}, {"4": "E"}, {"4": "N"}, {"4": "N"}, {"4": "N"}, {"4": "E"}, {"4": "E"}, {"4": "N"}, {"4": "E"}, {"4": "E"}, {"4": "N"}, {"4": "E"}, {"4": "E"}, {"4": "E"}, {"4": "E"}, {"4": "E"}, {"4": "E"}, {"4": "E"}, {"4": "E"}, {"4": "E"}, {"4": "E"}, {"4": "N"}, {"4": "E"}, {"4": "N"}, {"4": "N"}, {"4": "N"}, {"4": "N"}, {"4": "N"}, {"4": "N"}, {"4": "W"}, {"4": "N"}, {"4": "N"}, {"4": "N"}, {"4": "N"}, {"4": "N"}, {"4": "N"}, {"234": "E"}, {"234": "N"}, {"234": "N"}, {"234": "N"}, {"234": "N"}, {"234": "N"}, {"234": "E"}, {"234": "E"}, {"234": "E"}, {"234": "E"}, {"234": "E"}, {"234": "E"}, {"234": "E"}, {"234": "E"}, {"234": "E"}, {"234": "E"}, {"92": "W"}, {"92": "W"}, {"92": "N"}, {"92": "N"}, {"92": "N"}, {"92": "N"}, {"92": "W"}, {"92": "W"}, {"92": "W"}, {"92": "W"}, {"92": "W"}, {"92": "N"}, {"92": "N"}, {"92": "W"}, {"92": "W"}, {"149": "S"}, {"149": "E"}, {"149": "S"}, {"149": "S"}, {"149": "S"}, {"149": "E"}, {"149": "E"}, {"149": "S"}, {"149": "E"}, {"149": "E"}, {"167": "S"}, {"167": "S"}, {"167": "E"}, {"167": "S"}, {"167": "S"}, {"167": "S"}, {"167": "E"}, {"167": "E"}, {"167": "E"}, {"167": "E"}, {"167": "E"}, {"167": "E"}, {"167": "E"}, {"167": "S"}, {"167": "E"}, {"167": "E"}, {"194": "E"}, {"194": "N"}, {"194": "N"}, {"194": "N"}, {"194": "N"}, {"194": "N"}, {"194": "N"}, {"194": "N"}, {"194": "E"}, {"194": "E"}, {"194": "N"}, {"194": "E"}, {"194": "N"}, {"194": "N"}, {"194": "N"}, {"194": "N"}, {"194": "N"}, {"194": "N"}, {"194": "N"}, {"194": "N"}, {"194": "W"}, {"194": "N"}, {"194": "N"}, {"194": "N"}, {"194": "N"}, {"194": "N"}, {"108": "N"}, {"108": "E"}, {"108": "E"}, {"108": "E"}, {"108": "E"}, {"108": "E"}, {"108": "E"}, {"108": "E"}, {"108": "E"}, {"108": "N"}, {"108": "E"}, {"108": "E"}, {"108": "E"}, {"108": "E"}, {"108": "E"}, {"108": "E"}, {"108": "E"}, {"108": "S"}, {"230": "S"}, {"230": "E"}, {"230": "E"}, {"230": "N"}, {"230": "E"}, {"230": "E"}, {"52": "W"}, {"52": "W"}, {"52": "N"}, {"52": "N"}, {"52": "N"}, {"52": "N"}, {"52": "N"}, {"52": "N"}, {"52": "W"}, {"52": "W"}, {"52": "W"}, {"52": "W"}, {"52": "W"}, {"52": "N"}, {"52": "N"}, {"52": "W"}, {"52": "N"}, {"52": "W"}, {"52": "W"}, {"52": "W"}, {"52": "W"}, {"52": "W"}, {"52": "W"}, {"52": "W"}, {"52": "W"}, {"52": "S"}, {"221": "N"}, {"221": "N"}, {"221": "N"}, {"221": "N"}, {"221": "N"}, {"221": "E"}, {"221": "E"}, {"221": "E"}, {"221": "E"}, {"221": "E"}, {"221": "N"}, {"221": "E"}, {"221": "E"}, {"221": "E"}, {"221": "E"}, {"221": "E"}, {"221": "E"}, {"221": "E"}, {"221": "E"}, {"221": "E"}, {"221": "E"}, {"221": "E"}, {"221": "E"}, {"221": "E"}, {"221": "S"}, {"55": "N"}, {"55": "N"}, {"55": "E"}, {"55": "E"}, {"55": "E"}, {"55": "E"}, {"55": "N"}, {"55": "E"}, {"55": "N"}, {"55": "E"}, {"55": "E"}, {"24": "W"}, {"24": "W"}, {"24": "W"}, {"24": "W"}, {"24": "N"}, {"24": "N"}, {"24": "N"}, {"24": "N"}, {"24": "N"}, {"24": "N"}, {"24": "N"}, {"24": "N"}, {"24": "N"}, {"24": "N"}, {"24": "N"}, {"24": "N"}, {"24": "W"}, {"24": "W"}, {"24": "W"}, {"24": "W"}, {"24": "W"}, {"24": "N"}, {"24": "N"}, {"24": "W"}, {"24": "N"}, {"24": "W"}, {"24": "W"}, {"24": "W"}, {"24": "W"}, {"24": "W"}, {"24": "W"}, {"24": "W"}, {"24": "W"}, {"24": "W"}, {"24": "W"}, {"24": "W"}, {"24": "W"}, {"24": "S"}, {"24": "S"}, {"24": "S"}, {"64": "W"}, {"64": "W"}, {"64": "W"}, {"64": "W"}, {"64": "W"}, {"64": "W"}, {"64": "W"}, {"64": "W"}, {"64": "W"}, {"64": "W"}, {"64": "W"}, {"64": "W"}, {"64": "N"}, {"64": "N"}, {"64": "N"}, {"64": "N"}, {"64": "N"}, {"64": "N"}, {"64": "N"}, {"64": "W"}, {"64": "N"}, {"64": "N"}, {"64": "N"}, {"64": "N"}, {"64": "N"}, {"64": "N"}, {"64": "N"}, {"64": "N"}, {"64": "N"}, {"64": "N"}, {"64": "N"}, {"64": "N"}, {"64": "N"}, {"64": "N"}, {"64": "N"}, {"64": "N"}, {"64": "E"}, {"103": "N"}, {"103": "N"}, {"103": "N"}, {"103": "N"}, {"103": "N"}, {"103": "N"}, {"103": "N"}, {"103": "N"}, {"103": "E"}, {"103": "E"}, {"103": "E"}, {"103": "E"}, {"148": "W"}, {"148": "W"}, {"148": "W"}, {"148": "W"}, {"148": "W"}, {"148": "W"}, {"148": "W"}, {"148": "W"}, {"148": "W"}, {"148": "W"}, {"148": "W"}, {"148": "W"}, {"148": "W"}, {"148": "W"}, {"148": "N"}, {"148": "N"}, {"148": "N"}, {"148": "N"}, {"148": "N"}, {"148": "N"}, {"148": "N"}, {"148": "N"}, {"148": "N"}, {"148": "W"}, {"148": "N"}, {"148": "N"}, {"148": "N"}, {"148": "N"}, {"148": "N"}, {"148": "N"}, {"148": "N"}, {"148": "N"}, {"148": "N"}, {"148": "N"}, {"148": "N"}, {"148": "N"}, {"148": "N"}, {"148": "E"}, {"212": "W"}, {"212": "W"}, {"212": "N"}, {"212": "N"}, {"212": "N"}, {"212": "W"}, {"212": "W"}, {"212": "W"}, {"212": "W"}, {"212": "W"}, {"212": "N"}, {"212": "N"}, {"212": "W"}, {"212": "N"}, {"212": "W"}, {"212": "W"}, {"212": "W"}, {"212": "W"}, {"212": "W"}, {"212": "W"}, {"212": "S"}, {"227": "W"}, {"227": "W"}, {"227": "N"}, {"227": "W"}, {"227": "N"}, {"227": "W"}, {"227": "N"}, {"227": "W"}, {"227": "W"}, {"227": "N"}, {"227": "N"}, {"227": "N"}, {"227": "E"}, {"227": "E"}, {"227": "E"}, {"175": "W"}, {"175": "W"}, {"175": "W"}, {"175": "W"}, {"175": "N"}, {"175": "N"}, {"175": "N"}, {"175": "N"}, {"175": "N"}, {"175": "N"}, {"175": "W"}, {"175": "W"}, {"175": "N"}, {"175": "N"}, {"175": "N"}, {"175": "N"}, {"175": "E"}, {"175": "E"}, {"168": "N"}, {"168": "N"}, {"168": "N"}, {"168": "N"}, {"168": "N"}, {"168": "E"}, {"203": "E"}, {"203": "E"}, {"203": "E"}, {"5": "N"}, {"5": "N"}, {"5": "E"}, {"5": "E"}, {"5": "E"}, {"5": "E"}, {"5": "E"}, {"5": "E"}, {"5": "E"}, {"5": "E"}, {"5": "E"}, {"5": "E"}, {"5": "E"}, {"5": "N"}, {"5": "E"}, {"5": "N"}, {"5": "N"}, {"5": "N"}, {"5": "N"}, {"5": "N"}, {"5": "N"}, {"5": "N"}, {"5": "N"}, {"5": "W"}, {"187": "S"}, {"187": "S"}, {"187": "S"}, {"187": "S"}, {"187": "S"}, {"187": "S"}, {"187": "S"}, {"187": "E"}, {"187": "E"}, {"187": "E"}, {"187": "E"}, {"187": "E"}, {"187": "E"}, {"187": "E"}, {"187": "E"}, {"51": "W"}, {"51": "W"}, {"51": "W"}, {"51": "W"}, {"51": "N"}, {"51": "N"}, {"51": "N"}, {"51": "N"}, {"51": "W"}, {"51": "W"}, {"51": "W"}, {"51": "W"}, {"51": "W"}, {"51": "N"}, {"51": "N"}, {"51": "W"}, {"51": "N"}, {"51": "W"}, {"51": "W"}, {"51": "S"}, {"157": "N"}, {"157": "N"}, {"157": "E"}, {"157": "N"}, {"157": "N"}, {"157": "N"}, {"157": "N"}, {"157": "N"}, {"157": "N"}, {"157": "N"}, {"157": "E"}, {"157": "E"}, {"157": "E"}, {"157": "E"}, {"157": "E"}, {"157": "E"}, {"157": "E"}, {"157": "N"}, {"157": "N"}, {"157": "N"}, {"157": "E"}, {"157": "E"}, {"157": "E"}, {"157": "E"}, {"157": "E"}, {"157": "E"}, {"157": "E"}, {"157": "E"}, {"157": "E"}, {"157": "E"}, {"157": "E"}, {"157": "E"}, {"157": "E"}, {"157": "S"}, {"157": "E"}, {"157": "S"}, {"157": "S"}, {"157": "E"}, {"157": "E"}, {"157": "E"}, {"157": "E"}, {"54": "W"}, {"54": "W"}, {"195": "E"}, {"195": "E"}, {"195": "E"}, {"195": "N"}, {"195": "N"}, {"195": "N"}, {"195": "N"}, {"195": "N"}, {"195": "N"}, {"195": "N"}, {"195": "E"}, {"195": "E"}, {"195": "E"}, {"236": "N"}, {"236": "N"}, {"236": "N"}, {"236": "N"}, {"236": "N"}, {"236": "N"}, {"236": "N"}, {"236": "E"}, {"236": "E"}, {"236": "N"}, {"236": "E"}, {"236": "E"}, {"236": "E"}, {"236": "E"}, {"236": "E"}, {"236": "E"}, {"236": "E"}, {"236": "E"}, {"236": "E"}, {"236": "E"}, {"236": "E"}, {"236": "E"}, {"236": "E"}, {"236": "E"}, {"236": "E"}, {"236": "E"}, {"236": "E"}, {"236": "S"}, {"236": "E"}, {"236": "E"}, {"7": "S"}, {"7": "E"}, {"7": "E"}, {"7": "S"}, {"7": "S"}, {"7": "S"}, {"7": "S"}, {"7": "E"}, {"7": "E"}, {"7": "S"}, {"7": "S"}, {"7": "S"}, {"7": "S"}, {"7": "S"}, {"7": "S"}, {"7": "S"}, {"7": "S"}, {"7": "E"}, {"7": "E"}, {"7": "E"}, {"7": "E"}, {"7": "E"}, {"7": "E"}, {"7": "E"}, {"7": "E"}, {"7": "E"}, {"7": "E"}, {"7": "E"}, {"7": "E"}, {"150": "E"}, {"150": "N"}, {"150": "N"}, {"150": "N"}, {"150": "N"}, {"150": "N"}, {"150": "N"}, {"150": "E"}, {"150": "E"}, {"150": "E"}, {"150": "E"}, {"150": "N"}, {"150": "N"}, {"150": "W"}, {"150": "N"}, {"150": "N"}, {"67": "N"}, {"67": "N"}, {"67": "N"}, {"67": "E"}, {"67": "E"}, {"67": "N"}, {"67": "N"}, {"67": "E"}, {"67": "E"}, {"67": "N"}, {"67": "N"}, {"67": "N"}, {"67": "N"}, {"67": "N"}, {"67": "N"}, {"67": "E"}, {"67": "N"}, {"67": "E"}, {"67": "E"}, {"67": "E"}, {"67": "E"}, {"67": "E"}, {"67": "E"}, {"67": "E"}, {"67": "E"}, {"67": "E"}, {"67": "E"}, {"67": "E"}, {"67": "E"}, {"67": "E"}, {"67": "S"}, {"67": "E"}, {"67": "S"}, {"67": "E"}, {"67": "E"}, {"67": "E"}, {"67": "E"}, {"67": "E"}, {"67": "S"}, {"67": "S"}, {"67": "S"}, {"67": "S"}, {"67": "S"}, {"118": "W"}, {"118": "W"}, {"118": "W"}, {"118": "W"}, {"118": "N"}, {"118": "N"}, {"118": "N"}, {"118": "N"}, {"118": "W"}, {"118": "N"}, {"118": "N"}, {"118": "N"}, {"118": "N"}, {"118": "W"}, {"118": "W"}, {"118": "W"}, {"118": "W"}, {"118": "W"}, {"118": "N"}, {"118": "W"}, {"118": "N"}, {"118": "W"}, {"118": "W"}, {"118": "W"}, {"118": "W"}, {"118": "W"}, {"118": "W"}, {"118": "W"}, {"118": "W"}, {"118": "W"}, {"118": "W"}, {"118": "W"}, {"39": "W"}, {"39": "W"}, {"39": "W"}, {"39": "N"}, {"39": "N"}, {"39": "N"}, {"39": "N"}, {"39": "N"}, {"39": "N"}, {"39": "W"}, {"39": "N"}, {"39": "N"}, {"39": "N"}, {"39": "N"}, {"39": "W"}, {"39": "W"}, {"39": "W"}, {"39": "W"}, {"39": "W"}, {"39": "N"}, {"39": "W"}, {"39": "N"}, {"39": "W"}, {"39": "W"}, {"39": "W"}, {"39": "W"}, {"39": "W"}, {"39": "W"}, {"39": "W"}, {"39": "W"}, {"39": "W"}, {"39": "W"}, {"41": "N"}, {"41": "N"}, {"41": "N"}, {"41": "N"}, {"41": "N"}, {"41": "N"}, {"41": "N"}, {"41": "N"}, {"41": "E"}, {"41": "E"}, {"41": "E"}, {"41": "E"}, {"41": "E"}, {"41": "N"}, {"41": "E"}, {"41": "E"}, {"41": "E"}, {"41": "S"}, {"41": "E"}, {"41": "E"}, {"41": "E"}, {"41": "E"}, {"41": "E"}, {"41": "E"}, {"41": "E"}, {"41": "E"}, {"41": "E"}, {"107": "W"}, {"107": "W"}, {"107": "W"}, {"107": "W"}, {"107": "W"}, {"107": "W"}, {"107": "N"}, {"107": "N"}, {"107": "N"}, {"107": "N"}, {"107": "W"}, {"107": "N"}, {"107": "N"}, {"107": "N"}, {"107": "N"}, {"107": "W"}, {"107": "W"}, {"107": "W"}, {"107": "W"}, {"107": "W"}, {"107": "N"}, {"107": "N"}, {"107": "N"}, {"107": "W"}, {"107": "W"}, {"107": "W"}, {"107": "W"}, {"107": "W"}, {"107": "W"}, {"107": "W"}, {"107": "W"}, {"107": "S"}, {"225": "N"}, {"225": "E"}, {"225": "E"}, {"225": "N"}, {"225": "E"}, {"225": "E"}, {"225": "E"}, {"225": "E"}, {"225": "E"}, {"225": "E"}, {"225": "E"}, {"225": "E"}, {"225": "N"}, {"225": "N"}, {"225": "N"}, {"225": "N"}, {"225": "N"}, {"225": "N"}, {"225": "N"}, {"225": "N"}, {"225": "N"}, {"225": "N"}, {"225": "N"}, {"225": "N"}, {"225": "N"}, {"225": "W"}, {"225": "N"}, {"225": "N"}, {"225": "N"}, {"225": "N"}, {"225": "W"}, {"225": "W"}, {"225": "W"}, {"225": "W"}, {"225": "W"}, {"225": "N"}, {"225": "N"}, {"225": "N"}, {"225": "W"}, {"225": "W"}, {"225": "W"}, {"225": "W"}, {"225": "S"}, {"15": "S"}, {"15": "S"}, {"15": "S"}, {"15": "S"}, {"15": "S"}, {"15": "S"}, {"15": "S"}, {"15": "E"}, {"15": "E"}, {"15": "E"}, {"15": "E"}, {"15": "E"}, {"15": "E"}, {"15": "E"}, {"171": "N"}, {"171": "W"}, {"171": "W"}, {"171": "W"}, {"171": "N"}, {"171": "W"}, {"171": "W"}, {"171": "W"}, {"171": "W"}, {"171": "W"}, {"171": "N"}, {"171": "N"}, {"171": "N"}, {"171": "W"}, {"171": "W"}, {"171": "W"}, {"171": "W"}, {"171": "W"}, {"171": "W"}, {"171": "W"}, {"171": "W"}, {"171": "W"}, {"171": "S"}, {"6": "W"}, {"6": "W"}, {"6": "W"}, {"6": "S"}, {"224": "W"}, {"224": "S"}, {"224": "S"}, {"224": "S"}, {"224": "S"}, {"224": "S"}, {"224": "S"}, {"224": "S"}, {"224": "S"}, {"224": "S"}, {"224": "S"}, {"224": "S"}, {"224": "S"}, {"224": "S"}, {"224": "S"}, {"224": "S"}, {"224": "W"}, {"224": "W"}, {"224": "W"}, {"224": "W"}, {"224": "W"}, {"224": "W"}, {"224": "W"}, {"224": "W"}, {"224": "S"}, {"224": "W"}, {"224": "W"}, {"224": "W"}, {"224": "W"}, {"224": "W"}, {"224": "W"}, {"224": "N"}, {"83": "N"}, {"83": "N"}, {"83": "N"}, {"83": "N"}, {"83": "E"}, {"233": "W"}, {"233": "W"}, {"233": "W"}, {"233": "W"}, {"233": "W"}, {"233": "W"}, {"233": "W"}, {"233": "W"}, {"233": "W"}, {"233": "W"}, {"233": "W"}, {"233": "W"}, {"233": "W"}, {"233": "S"}, {"233": "S"}, {"233": "S"}, {"233": "S"}, {"233": "S"}, {"233": "W"}, {"233": "S"}, {"233": "S"}, {"233": "S"}, {"233": "S"}, {"233": "S"}, {"233": "S"}, {"233": "S"}, {"233": "S"}, {"233": "S"}, {"233": "S"}, {"233": "S"}, {"233": "S"}, {"233": "S"}, {"233": "E"}, {"238": "W"}, {"238": "W"}, {"238": "W"}, {"238": "W"}, {"238": "W"}, {"238": "W"}, {"238": "W"}, {"238": "W"}, {"238": "W"}, {"238": "W"}, {"238": "N"}, {"238": "N"}, {"238": "N"}, {"238": "N"}, {"238": "N"}, {"238": "N"}, {"238": "N"}, {"238": "N"}, {"238": "W"}, {"238": "N"}, {"238": "N"}, {"238": "N"}, {"238": "N"}, {"238": "N"}, {"238": "E"}, {"144": "E"}, {"144": "S"}, {"144": "S"}, {"144": "E"}, {"144": "E"}, {"144": "E"}, {"26": "N"}, {"26": "N"}, {"26": "N"}, {"26": "E"}, {"26": "N"}, {"26": "N"}, {"26": "N"}, {"26": "N"}, {"26": "N"}, {"26": "N"}, {"26": "N"}, {"26": "N"}, {"26": "N"}, {"26": "N"}, {"26": "N"}, {"26": "N"}, {"26": "E"}, {"26": "E"}, {"26": "E"}, {"26": "E"}, {"26": "N"}, {"26": "E"}, {"26": "E"}, {"26": "E"}, {"26": "E"}, {"26": "E"}, {"26": "E"}, {"26": "S"}, {"143": "W"}, {"143": "W"}, {"143": "N"}, {"143": "N"}, {"143": "N"}, {"177": "N"}, {"177": "E"}, {"177": "E"}, {"177": "E"}, {"177": "E"}, {"177": "E"}, {"177": "E"}, {"177": "E"}, {"177": "E"}, {"177": "E"}, {"177": "E"}, {"177": "E"}, {"177": "E"}, {"177": "E"}, {"177": "E"}, {"177": "N"}, {"177": "E"}, {"177": "E"}, {"177": "E"}, {"177": "N"}, {"177": "N"}, {"177": "N"}, {"177": "N"}, {"177": "N"}, {"177": "N"}, {"177": "N"}, {"177": "N"}, {"177": "N"}, {"177": "N"}, {"177": "N"}, {"177": "N"}, {"177": "N"}, {"177": "W"}, {"229": "W"}, {"229": "W"}, {"229": "W"}, {"229": "W"}, {"229": "W"}, {"229": "W"}, {"229": "W"}, {"229": "W"}, {"229": "W"}, {"229": "W"}, {"229": "W"}, {"229": "W"}, {"229": "S"}, {"229": "S"}, {"229": "W"}, {"229": "S"}, {"229": "W"}, {"229": "S"}, {"229": "W"}, {"229": "S"}, {"229": "S"}, {"229": "S"}, {"229": "S"}, {"229": "S"}, {"229": "S"}, {"229": "S"}, {"229": "S"}, {"229": "S"}, {"229": "S"}, {"229": "S"}, {"229": "S"}, {"229": "S"}, {"229": "S"}, {"229": "S"}, {"229": "S"}, {"229": "S"}, {"229": "S"}, {"229": "E"}, {"229": "E"}, {"229": "E"}, {"94": "S"}, {"94": "S"}, {"94": "S"}, {"94": "S"}, {"94": "E"}, {"94": "S"}, {"94": "E"}, {"69": "S"}, {"69": "S"}, {"69": "E"}, {"69": "E"}, {"69": "E"}, {"69": "S"}, {"69": "E"}, {"69": "E"}, {"69": "N"}, {"38": "W"}, {"38": "W"}, {"38": "W"}, {"38": "W"}, {"38": "W"}, {"38": "S"}, {"38": "S"}, {"44": "N"}, {"44": "N"}, {"44": "N"}, {"44": "N"}, {"44": "N"}, {"44": "N"}, {"44": "N"}, {"44": "N"}, {"44": "N"}, {"44": "N"}, {"44": "N"}, {"44": "E"}, {"44": "E"}, {"44": "E"}, {"44": "E"}, {"44": "E"}, {"210": "S"}, {"210": "E"}, {"210": "S"}, {"210": "E"}, {"210": "E"}, {"228": "S"}, {"228": "S"}, {"228": "S"}, {"228": "S"}, {"228": "S"}, {"228": "S"}, {"228": "S"}, {"228": "S"}, {"228": "S"}, {"228": "S"}, {"228": "S"}, {"228": "E"}, {"228": "E"}, {"228": "E"}, {"228": "E"}, {"228": "E"}, {"228": "E"}, {"228": "E"}, {"228": "S"}, {"228": "E"}, {"228": "E"}, {"228": "E"}, {"228": "E"}, {"228": "E"}, {"228": "E"}, {"228": "E"}, {"228": "E"}, {"228": "E"}, {"228": "E"}, {"228": "E"}, {"228": "N"}, {"237": "W"}, {"237": "S"}, {"237": "W"}, {"237": "S"}, {"237": "S"}, {"237": "S"}, {"136": "N"}, {"136": "N"}, {"136": "N"}, {"136": "N"}, {"136": "N"}, {"136": "N"}, {"136": "N"}, {"136": "N"}, {"136": "N"}, {"136": "E"}, {"136": "E"}, {"136": "E"}, {"136": "E"}, {"136": "E"}, {"136": "E"}, {"136": "E"}, {"136": "E"}, {"136": "N"}, {"136": "E"}, {"136": "E"}, {"136": "E"}, {"136": "E"}, {"136": "E"}, {"136": "E"}, {"136": "E"}, {"136": "E"}, {"136": "S"}, {"112": "W"}, {"112": "W"}, {"112": "W"}, {"112": "W"}, {"112": "S"}, {"112": "W"}, {"112": "W"}, {"112": "W"}, {"112": "S"}, {"3": "N"}, {"3": "N"}, {"3": "N"}, {"3": "N"}, {"3": "N"}, {"3": "N"}, {"3": "N"}, {"3": "N"}, {"3": "E"}, {"3": "E"}, {"3": "E"}, {"3": "E"}, {"3": "N"}, {"3": "E"}, {"3": "E"}, {"3": "E"}, {"3": "N"}, {"3": "N"}, {"3": "N"}, {"3": "N"}, {"3": "N"}, {"3": "N"}, {"3": "W"}, {"3": "N"}, {"3": "N"}, {"185": "S"}, {"185": "E"}, {"185": "E"}, {"185": "E"}, {"185": "E"}, {"185": "E"}, {"185": "E"}, {"185": "E"}, {"185": "E"}, {"185": "E"}, {"185": "E"}, {"185": "E"}, {"185": "E"}, {"185": "S"}, {"114": "N"}, {"114": "N"}, {"114": "E"}, {"114": "E"}, {"114": "E"}, {"114": "E"}, {"114": "E"}, {"114": "N"}, {"114": "E"}, {"232": "W"}, {"232": "W"}, {"232": "N"}, {"232": "W"}, {"232": "W"}, {"232": "N"}, {"232": "W"}, {"232": "W"}, {"232": "W"}, {"232": "W"}, {"232": "W"}, {"232": "W"}, {"232": "W"}, {"232": "W"}, {"232": "W"}, {"232": "W"}, {"232": "W"}, {"232": "W"}, {"232": "W"}, {"232": "W"}, {"232": "W"}, {"232": "W"}, {"232": "W"}, {"232": "W"}, {"232": "S"}, {"232": "S"}, {"232": "W"}, {"232": "S"}, {"232": "S"}, {"232": "S"}, {"232": "S"}, {"232": "S"}, {"232": "S"}, {"232": "S"}, {"232": "S"}, {"232": "S"}, {"232": "S"}, {"232": "S"}, {"232": "S"}, {"232": "E"}, {"199": "S"}, {"199": "S"}, {"199": "S"}, {"199": "S"}, {"199": "S"}, {"199": "S"}, {"199": "S"}, {"199": "S"}, {"199": "S"}, {"199": "S"}, {"199": "S"}, {"199": "E"}, {"199": "E"}, {"199": "E"}, {"199": "E"}, {"199": "E"}, {"199": "E"}, {"199": "S"}, {"199": "E"}, {"199": "E"}, {"199": "E"}, {"199": "E"}, {"199": "E"}, {"199": "E"}, {"199": "E"}, {"199": "E"}, {"199": "E"}, {"199": "E"}, {"199": "E"}, {"199": "E"}, {"199": "N"}, {"146": "S"}, {"146": "E"}, {"146": "E"}, {"146": "E"}, {"146": "S"}, {"146": "E"}, {"182": "N"}, {"182": "N"}, {"182": "N"}, {"182": "N"}, {"182": "E"}, {"182": "E"}, {"182": "E"}, {"182": "E"}, {"182": "N"}, {"182": "E"}, {"182": "N"}, {"182": "N"}, {"182": "N"}, {"182": "N"}, {"182": "N"}, {"182": "N"}, {"182": "W"}, {"182": "N"}], "result": "SUCCESS", "makespan": 4307, "sum": 5458, "algo_name": "Chill_per_25", "extra": {"arrival_order": [50, 200, 155, 172, 145, 164, 197, 188, 125, 193, 95, 132, 20, 42, 121, 206, 163, 184, 91, 109, 65, 222, 170, 131, 18, 220, 30, 53, 160, 77, 14, 29, 70, 183, 159, 59, 106, 198, 8, 116, 235, 231, 201, 22, 205, 25, 0, 72, 215, 216, 223, 156, 99, 211, 56, 47, 58, 137, 19, 115, 74, 154, 61, 86, 62, 84, 1, 66, 45, 110, 134, 88, 139, 123, 33, 96, 181, 186, 75, 105, 208, 21, 126, 78, 43, 165, 89, 239, 174, 214, 192, 71, 219, 117, 202, 191, 217, 81, 142, 204, 135, 36, 35, 46, 176, 102, 111, 104, 68, 28, 209, 178, 189, 23, 16, 98, 32, 79, 34, 127, 73, 147, 85, 13, 76, 129, 140, 31, 133, 63, 48, 80, 218, 173, 151, 190, 101, 40, 180, 119, 213, 60, 2, 128, 196, 153, 87, 113, 17, 226, 9, 169, 10, 122, 166, 12, 57, 100, 158, 138, 130, 82, 11, 124, 207, 162, 90, 93, 120, 152, 27, 37, 97, 49, 179, 161, 141, 4, 234, 92, 149, 167, 194, 108, 230, 52, 221, 55, 24, 64, 103, 148, 212, 227, 175, 168, 203, 5, 187, 51, 157, 54, 195, 236, 7, 150, 67, 118, 39, 41, 107, 225, 15, 171, 6, 224, 83, 233, 238, 144, 26, 143, 177, 229, 94, 69, 38, 44, 210, 228, 237, 136, 112, 3, 185, 114, 232, 199, 146, 182], "time_arrived": [704, 950, 2384, 4189, 3041, 3424, 3840, 3574, 607, 2512, 2551, 2791, 2658, 2012, 478, 3813, 1808, 2489, 400, 862, 285, 1231, 673, 1798, 3250, 691, 3969, 2920, 1745, 490, 412, 2080, 1850, 1104, 1900, 1601, 1594, 2944, 4070, 3697, 2302, 3724, 299, 1274, 4086, 982, 1622, 826, 2147, 2961, 141, 3459, 3174, 425, 3502, 3210, 815, 2665, 831, 552, 2357, 881, 908, 2127, 3287, 368, 970, 3633, 1734, 4063, 509, 1391, 720, 1929, 870, 1173, 2026, 458, 1252, 1878, 2181, 1524, 2778, 3877, 933, 1976, 889, 2448, 1056, 1295, 2863, 352, 3072, 2891, 4054, 258, 1123, 2950, 1823, 789, 2683, 2293, 1677, 3299, 1707, 1190, 564, 3756, 3142, 360, 1010, 1697, 4164, 2481, 4212, 869, 618, 1430, 3665, 2316, 2897, 309, 2589, 1092, 2798, 233, 1241, 1916, 2398, 2048, 2743, 392, 266, 2106, 1030, 1582, 4155, 843, 2719, 1074, 2065, 3006, 1541, 3974, 3941, 185, 4289, 1952, 3337, 3082, 3590, 2259, 2905, 2428, 875, 162, 784, 3500, 2694, 537, 443, 2996, 2846, 337, 196, 1283, 2618, 3098, 3397, 2538, 381, 3836, 177, 2237, 1343, 3391, 1658, 4007, 1778, 2980, 2309, 1141, 4307, 526, 341, 4203, 1151, 3439, 221, 1789, 2283, 1486, 1384, 241, 3124, 3515, 2412, 209, 582, 4283, 151, 667, 1463, 3400, 1547, 679, 320, 2823, 1200, 1769, 4091, 811, 3358, 2338, 1364, 735, 750, 1504, 2217, 1406, 407, 3199, 375, 775, 3872, 3799, 2500, 3373, 4122, 4047, 3148, 660, 4252, 3910, 3057, 636, 3545, 4128, 3935, 1310]}}