{"instance": "buffalo_free_001_25x25_40_250", "steps": [{"173": "S", "41": "N", "166": "N", "215": "W", "212": "E", "71": "W", "67": "S", "224": "N", "120": "N", "78": "N", "174": "N", "84": "S", "26": "W", "16": "E", "153": "S", "201": "N", "89": "S", "217": "E", "88": "N", "176": "W", "143": "W", "124": "W", "138": "E", "131": "E", "91": "W", "90": "E", "198": "W", "139": "W", "136": "W", "93": "E", "31": "W", "10": "E", "181": "E", "115": "W", "247": "S", "169": "S", "92": "S", "4": "S", "214": "N", "190": "S", "184": "W", "161": "S", "157": "E", "94": "W", "28": "S", "183": "S", "145": "N", "104": "W", "18": "N", "17": "N", "12": "E", "135": "N", "230": "S", "220": "S", "194": "E", "180": "E", "105": "W", "86": "W", "61": "W", "56": "W", "8": "N", "227": "N", "205": "E", "150": "N", "146": "W", "64": "E", "237": "N", "241": "E", "59": "N", "37": "N", "9": "N", "167": "N", "133": "S", "83": "N", "82": "E", "191": "N", "47": "N", "36": "N", "6": "E", "3": "N", "156": "W", "116": "W", "49": "W", "75": "E", "242": "W", "235": "N", "193": "W", "123": "W", "118": "E", "155": "W", "109": "W", "81": "W", "68": "S", "63": "S", "53": "W", "147": "N", "13": "N", "238": "E", "144": "E", "128": "W", "127": "S", "111": "S", "74": "N", "24": "W", "23": "W", "58": "E", "200": "E", "197": "S", "172": "E", "165": "E", "80": "N", "45": "S", "40": "S", "32": "W", "2": "S", "211": "E", "203": "N", "151": "N", "148": "S", "126": "S", "113": "N", "106": "S", "103": "N", "66": "S", "33": "E", "125": "S", "244": "N", "240": "E", "232": "W", "226": "W", "210": "S", "209": "W", "188": "S", "158": "W", "154": "S", "102": "E", "99": "N", "98": "N", "76": "S", "73": "N", "62": "W", "46": "S", "39": "N", "22": "E", "1": "S", "221": "E", "195": "S", "186": "E", "179": "E", "168": "S", "137": "S", "122": "N", "43": "N", "42": "N", "245": "S", "204": "E", "199": "N", "189": "S", "187": "N", "182": "E", "110": "S", "101": "E", "79": "N", "69": "N", "55": "S", "48": "E", "38": "E", "20": "N", "7": "N", "216": "W", "207": "S", "206": "N", "163": "S", "141": "S", "140": "E", "134": "E", "132": "N", "117": "S", "107": "S", "100": "N", "19": "N", "14": "S", "249": "W", "248": "S", "243": "N", "208": "S", "142": "E", "114": "E", "95": "E", "87": "S", "65": "S", "57": "N", "54": "N", "44": "N", "27": "N", "229": "S", "170": "E", "160": "W", "149": "S", "108": "N", "51": "N", "35": "N", "30": "N"}, {"173": "S", "41": "E", "166": "N", "215": "S", "77": "W", "212": "E", "185": "W", "85": "N", "72": "W", "71": "W", "236": "W", "67": "W", "224": "N", "120": "N", "78": "N", "174": "N", "84": "S", "26": "W", "16": "E", "153": "S", "201": "N", "89": "S", "217": "E", "88": "E", "176": "W", "143": "N", "124": "W", "138": "S", "131": "E", "91": "W", "90": "E", "198": "W", "139": "W", "136": "W", "93": "E", "31": "W", "10": "E", "21": "E", "181": "E", "115": "W", "159": "S", "247": "S", "169": "W", "92": "E", "4": "S", "11": "S", "214": "N", "190": "S", "161": "S", "157": "E", "94": "W", "28": "S", "15": "E", "145": "N", "104": "W", "18": "N", "17": "N", "12": "E", "135": "N", "230": "S", "220": "S", "194": "E", "180": "E", "105": "W", "86": "W", "61": "W", "56": "W", "8": "N", "227": "N", "205": "E", "150": "N", "146": "W", "121": "N", "64": "E", "237": "N", "241": "E", "162": "E", "59": "N", "37": "N", "9": "N", "167": "N", "133": "E", "119": "E", "83": "N", "82": "E", "191": "N", "47": "N", "36": "N", "6": "E", "3": "N", "156": "W", "222": "W", "116": "W", "49": "W", "75": "E", "242": "W", "235": "N", "193": "W", "123": "W", "213": "E", "118": "E", "219": "S", "155": "W", "109": "W", "81": "W", "68": "E", "147": "W", "13": "W", "238": "E", "128": "W", "127": "S", "74": "N", "24": "W", "23": "W", "0": "W", "58": "E", "200": "E", "197": "E", "172": "E", "165": "E", "45": "S", "40": "E", "32": "W", "5": "E", "2": "S", "211": "E", "218": "S", "203": "N", "178": "W", "148": "S", "126": "W", "113": "E", "106": "S", "103": "N", "66": "S", "50": "E", "33": "E", "125": "W", "233": "E", "232": "W", "226": "W", "210": "S", "209": "S", "188": "S", "171": "N", "158": "W", "154": "E", "102": "E", "99": "N", "76": "S", "73": "N", "62": "S", "46": "S", "39": "N", "22": "E", "239": "W", "221": "E", "195": "E", "186": "E", "179": "S", "137": "S", "112": "W", "42": "N", "175": "E", "204": "E", "199": "E", "189": "E", "187": "N", "182": "N", "177": "N", "110": "S", "79": "N", "69": "N", "55": "S", "48": "E", "38": "E", "20": "N", "7": "N", "202": "E", "234": "E", "216": "W", "207": "S", "206": "E", "163": "W", "141": "S", "140": "E", "132": "W", "129": "N", "117": "S", "107": "E", "100": "N", "96": "E", "25": "S", "19": "N", "14": "S", "248": "S", "246": "S", "243": "W", "208": "S", "192": "E", "164": "E", "142": "N", "114": "E", "97": "N", "95": "E", "65": "S", "57": "N", "54": "E", "27": "N", "229": "S", "170": "S", "160": "W", "149": "E", "108": "W", "51": "N", "35": "E", "30": "W"}, {"173": "S", "41": "E", "166": "N", "215": "S", "77": "W", "212": "E", "185": "S", "85": "W", "72": "W", "71": "W", "236": "S", "67": "W", "224": "N", "120": "N", "78": "N", "174": "N", "84": "S", "26": "W", "16": "E", "153": "S", "201": "N", "89": "S", "217": "N", "88": "E", "176": "W", "143": "N", "124": "W", "138": "S", "131": "S", "91": "W", "90": "E", "198": "W", "139": "W", "136": "W", "93": "E", "31": "W", "10": "E", "21": "E", "181": "E", "115": "W", "159": "S", "247": "S", "169": "W", "4": "S", "11": "S", "214": "N", "190": "S", "184": "W", "161": "W", "157": "E", "94": "W", "28": "S", "145": "N", "18": "N", "17": "N", "12": "E", "135": "N", "230": "S", "220": "S", "194": "E", "180": "E", "105": "W", "86": "W", "61": "W", "56": "W", "8": "N", "227": "N", "205": "E", "150": "N", "146": "W", "121": "N", "64": "E", "237": "E", "241": "E", "162": "S", "59": "N", "37": "N", "34": "E", "9": "N", "167": "N", "133": "S", "119": "E", "82": "E", "29": "E", "191": "N", "47": "N", "36": "N", "6": "N", "3": "N", "156": "W", "222": "W", "116": "W", "49": "W", "242": "N", "235": "N", "193": "W", "123": "W", "213": "S", "219": "S", "155": "W", "109": "W", "81": "W", "63": "W", "53": "W", "147": "W", "13": "N", "238": "E", "144": "W", "128": "W", "127": "E", "111": "W", "74": "N", "24": "W", "23": "W", "197": "E", "172": "E", "165": "E", "152": "N", "80": "S", "45": "S", "40": "N", "32": "W", "5": "N", "2": "S", "203": "N", "178": "S", "151": "W", "148": "S", "126": "W", "113": "N", "106": "S", "103": "N", "50": "E", "33": "E", "125": "W", "244": "N", "240": "S", "233": "E", "232": "W", "226": "W", "209": "W", "188": "S", "171": "W", "158": "S", "154": "E", "99": "N", "98": "S", "76": "S", "46": "S", "39": "E", "1": "W", "239": "W", "223": "W", "221": "E", "195": "E", "186": "E", "179": "S", "137": "S", "122": "N", "112": "W", "52": "E", "43": "E", "175": "E", "204": "S", "199": "E", "189": "N", "182": "W", "177": "N", "110": "E", "101": "N", "70": "S", "69": "N", "55": "S", "48": "E", "20": "N", "7": "N", "228": "N", "202": "E", "130": "N", "234": "S", "216": "N", "207": "E", "206": "N", "196": "W", "141": "E", "140": "E", "129": "N", "117": "E", "107": "N", "100": "E", "96": "S", "25": "S", "14": "E", "248": "S", "246": "E", "243": "W", "208": "W", "192": "S", "164": "E", "97": "N", "95": "S", "87": "W", "65": "W", "57": "E", "27": "N", "229": "S", "225": "E", "170": "E", "160": "N", "149": "E", "108": "W", "51": "N", "35": "S", "30": "W"}, {"173": "S", "41": "E", "166": "N", "215": "E", "77": "W", "212": "E", "185": "S", "85": "N", "72": "W", "71": "W", "236": "S", "67": "S", "224": "N", "120": "N", "78": "N", "174": "N", "84": "S", "26": "W", "16": "E", "153": "S", "201": "N", "89": "S", "217": "E", "88": "E", "176": "W", "143": "N", "124": "W", "138": "S", "131": "S", "91": "W", "198": "W", "139": "W", "136": "W", "93": "E", "31": "W", "10": "N", "21": "N", "181": "E", "115": "W", "159": "S", "247": "S", "169": "W", "92": "W", "4": "S", "11": "S", "214": "N", "190": "S", "184": "W", "157": "E", "94": "N", "28": "S", "15": "W", "145": "N", "104": "N", "18": "N", "17": "N", "12": "E", "135": "N", "230": "S", "220": "S", "194": "E", "180": "E", "105": "W", "86": "W", "61": "W", "56": "W", "8": "N", "227": "N", "150": "N", "146": "W", "121": "N", "64": "E", "237": "S", "241": "E", "162": "S", "59": "N", "37": "N", "34": "E", "9": "N", "167": "N", "133": "S", "119": "E", "83": "N", "82": "S", "29": "E", "191": "N", "47": "N", "36": "N", "6": "E", "3": "N", "156": "W", "222": "W", "116": "W", "49": "W", "235": "N", "193": "W", "123": "W", "213": "S", "219": "S", "155": "W", "109": "W", "81": "W", "53": "W", "147": "W", "13": "N", "238": "E", "128": "W", "127": "E", "74": "N", "24": "W", "23": "W", "197": "S", "172": "E", "165": "E", "80": "W", "45": "S", "40": "N", "32": "W", "203": "N", "178": "S", "151": "W", "148": "S", "126": "W", "113": "E", "106": "S", "103": "N", "66": "E", "60": "N", "50": "N", "33": "E", "125": "W", "244": "W", "240": "S", "233": "E", "232": "W", "231": "N", "226": "N", "209": "W", "188": "S", "158": "S", "154": "E", "99": "N", "76": "S", "73": "W", "46": "S", "39": "E", "223": "N", "221": "N", "186": "E", "179": "S", "168": "N", "137": "S", "122": "E", "112": "N", "52": "S", "42": "E", "175": "S", "204": "E", "199": "N", "189": "N", "187": "W", "182": "W", "177": "W", "110": "E", "101": "E", "70": "W", "69": "N", "55": "S", "48": "E", "38": "S", "20": "N", "7": "N", "202": "E", "130": "N", "234": "E", "196": "W", "141": "E", "140": "E", "134": "S", "132": "S", "129": "N", "117": "E", "107": "N", "100": "E", "96": "E", "25": "S", "14": "E", "249": "S", "248": "E", "246": "E", "243": "S", "208": "S", "192": "S", "164": "E", "97": "N", "65": "W", "57": "S", "44": "N", "27": "N", "229": "S", "225": "E", "170": "E", "160": "N", "149": "S", "108": "S", "51": "N", "35": "E", "30": "N"}, {"173": "S", "166": "N", "77": "W", "212": "E", "185": "S", "85": "N", "72": "W", "71": "W", "236": "W", "67": "W", "224": "N", "120": "N", "78": "N", "174": "N", "84": "S", "26": "W", "16": "E", "153": "E", "201": "N", "217": "E", "88": "E", "176": "W", "138": "S", "131": "S", "139": "W", "136": "W", "93": "E", "31": "W", "10": "W", "181": "E", "115": "W", "159": "S", "247": "S", "92": "N", "4": "S", "11": "S", "214": "N", "190": "S", "184": "W", "161": "W", "157": "E", "94": "N", "28": "S", "15": "N", "183": "E", "145": "N", "104": "W", "18": "N", "17": "N", "12": "E", "230": "S", "220": "S", "194": "E", "180": "E", "105": "W", "86": "W", "61": "W", "56": "W", "8": "N", "227": "N", "205": "E", "150": "N", "146": "W", "121": "N", "64": "E", "237": "S", "241": "E", "162": "S", "59": "N", "37": "N", "34": "E", "133": "S", "119": "E", "83": "N", "82": "W", "29": "E", "191": "N", "36": "W", "6": "E", "3": "N", "156": "W", "222": "W", "116": "W", "49": "W", "75": "N", "235": "E", "193": "W", "123": "W", "213": "S", "118": "N", "219": "S", "155": "W", "109": "W", "81": "W", "63": "E", "53": "W", "147": "W", "13": "W", "144": "E", "128": "W", "127": "E", "111": "W", "74": "N", "24": "W", "23": "W", "0": "E", "200": "N", "197": "E", "165": "E", "152": "E", "80": "W", "45": "E", "40": "N", "32": "W", "203": "N", "178": "S", "151": "W", "148": "S", "113": "E", "106": "S", "103": "N", "66": "E", "60": "E", "50": "W", "33": "E", "125": "W", "244": "W", "240": "S", "233": "E", "232": "W", "231": "W", "226": "N", "210": "N", "209": "W", "188": "S", "171": "W", "158": "S", "154": "E", "99": "N", "76": "E", "73": "W", "46": "S", "39": "E", "223": "N", "179": "S", "168": "N", "137": "E", "122": "S", "52": "S", "175": "S", "204": "N", "199": "E", "187": "W", "182": "W", "177": "W", "101": "E", "79": "E", "69": "N", "55": "S", "38": "S", "20": "N", "7": "W", "228": "S", "202": "E", "234": "N", "206": "S", "196": "S", "140": "E", "134": "S", "117": "E", "100": "N", "96": "N", "25": "E", "14": "E", "248": "S", "246": "E", "208": "S", "192": "S", "164": "E", "114": "W", "97": "N", "57": "S", "54": "S", "44": "N", "27": "W", "229": "S", "225": "E", "170": "E", "160": "N", "149": "E", "51": "W", "35": "N"}, {"173": "S", "41": "N", "166": "N", "77": "W", "212": "E", "185": "S", "85": "N", "72": "W", "71": "W", "236": "W", "67": "W", "224": "N", "120": "N", "78": "N", "174": "N", "84": "S", "26": "W", "16": "E", "153": "E", "201": "W", "89": "S", "217": "E", "88": "E", "176": "W", "124": "S", "138": "E", "131": "S", "139": "W", "136": "W", "93": "E", "31": "W", "10": "N", "21": "N", "181": "E", "115": "W", "159": "S", "247": "S", "4": "S", "11": "S", "214": "N", "190": "S", "184": "W", "161": "W", "157": "E", "94": "N", "28": "S", "183": "S", "145": "N", "104": "W", "17": "N", "12": "E", "135": "N", "230": "S", "220": "S", "194": "E", "180": "E", "105": "W", "86": "W", "61": "W", "56": "W", "8": "N", "227": "N", "150": "N", "146": "W", "121": "N", "64": "E", "237": "S", "241": "E", "162": "E", "59": "N", "37": "N", "34": "E", "9": "N", "133": "S", "119": "E", "83": "N", "82": "W", "29": "E", "191": "N", "36": "N", "6": "E", "3": "W", "156": "W", "222": "W", "116": "W", "49": "S", "235": "N", "193": "W", "123": "W", "213": "S", "118": "N", "109": "W", "81": "W", "63": "E", "53": "W", "147": "W", "13": "N", "144": "N", "128": "N", "127": "E", "111": "N", "74": "N", "24": "W", "23": "W", "0": "N", "58": "W", "200": "N", "197": "E", "165": "E", "80": "S", "45": "E", "40": "E", "32": "W", "5": "S", "2": "E", "211": "W", "178": "E", "151": "W", "148": "S", "113": "S", "106": "S", "103": "N", "60": "E", "50": "N", "33": "E", "125": "W", "244": "S", "240": "S", "233": "E", "232": "N", "231": "S", "226": "N", "210": "E", "209": "W", "188": "S", "158": "S", "154": "E", "102": "W", "99": "N", "98": "N", "76": "N", "46": "S", "1": "E", "239": "N", "223": "N", "195": "S", "179": "E", "168": "N", "137": "E", "122": "S", "112": "N", "52": "S", "43": "E", "42": "N", "175": "S", "204": "N", "189": "E", "182": "N", "177": "N", "101": "E", "79": "N", "70": "S", "69": "N", "55": "S", "38": "S", "20": "N", "7": "S", "228": "S", "202": "N", "130": "N", "234": "N", "207": "S", "206": "S", "196": "W", "140": "E", "117": "E", "100": "N", "25": "E", "19": "S", "14": "E", "248": "W", "246": "E", "192": "E", "114": "W", "97": "N", "65": "W", "54": "W", "44": "N", "27": "S", "229": "E", "225": "E", "170": "E", "160": "N", "149": "E", "108": "W", "51": "S", "35": "W"}, {"173": "S", "166": "N", "77": "W", "212": "E", "185": "E", "85": "N", "72": "W", "71": "N", "236": "W", "67": "W", "224": "N", "120": "N", "78": "N", "174": "N", "84": "S", "26": "W", "201": "S", "89": "S", "217": "E", "88": "E", "176": "W", "138": "E", "131": "S", "90": "S", "139": "W", "136": "W", "93": "E", "31": "W", "10": "N", "21": "W", "181": "E", "115": "W", "159": "S", "247": "S", "169": "S", "4": "S", "11": "S", "214": "N", "190": "S", "184": "W", "161": "W", "157": "E", "94": "N", "28": "S", "183": "S", "145": "N", "104": "W", "17": "N", "12": "E", "135": "N", "230": "S", "220": "S", "180": "E", "105": "W", "86": "W", "61": "W", "56": "W", "8": "N", "146": "W", "121": "N", "64": "E", "237": "S", "241": "E", "162": "S", "37": "N", "34": "E", "9": "N", "133": "S", "83": "N", "82": "W", "29": "E", "191": "N", "36": "N", "156": "W", "222": "W", "116": "W", "75": "W", "242": "S", "235": "N", "193": "W", "123": "S", "213": "S", "118": "N", "219": "S", "155": "S", "109": "W", "68": "N", "63": "E", "53": "W", "147": "W", "13": "N", "144": "E", "128": "W", "127": "E", "111": "W", "74": "N", "24": "W", "0": "N", "58": "N", "200": "N", "197": "S", "172": "E", "80": "S", "45": "E", "40": "E", "32": "W", "2": "E", "211": "N", "151": "W", "148": "E", "113": "E", "106": "E", "103": "E", "60": "S", "50": "N", "33": "S", "125": "W", "244": "W", "240": "S", "233": "E", "232": "N", "231": "W", "210": "N", "209": "W", "188": "E", "154": "S", "102": "N", "99": "N", "98": "W", "76": "E", "73": "W", "62": "S", "46": "S", "39": "N", "22": "E", "1": "E", "239": "W", "223": "W", "179": "E", "168": "N", "137": "N", "122": "E", "112": "W", "52": "S", "43": "N", "42": "W", "175": "S", "204": "E", "189": "N", "187": "W", "177": "W", "101": "N", "79": "N", "70": "S", "69": "N", "55": "S", "38": "S", "20": "N", "228": "S", "202": "N", "130": "N", "234": "E", "206": "S", "196": "W", "163": "N", "141": "E", "132": "N", "117": "E", "107": "E", "100": "N", "25": "N", "19": "W", "14": "E", "246": "S", "243": "N", "192": "E", "164": "N", "142": "W", "114": "W", "97": "N", "95": "W", "87": "N", "65": "W", "44": "N", "229": "E", "225": "N", "170": "E", "160": "N", "149": "N", "108": "W", "51": "W", "35": "N", "30": "N"}, {"173": "S", "166": "N", "77": "W", "212": "E", "185": "E", "72": "W", "71": "N", "236": "S", "67": "W", "224": "N", "120": "N", "174": "N", "84": "E", "26": "W", "16": "E", "201": "S", "89": "S", "217": "E", "88": "E", "176": "W", "124": "N", "138": "E", "131": "E", "91": "N", "90": "S", "139": "W", "136": "W", "93": "E", "31": "N", "10": "N", "21": "W", "181": "E", "115": "W", "159": "S", "247": "S", "169": "S", "4": "S", "11": "S", "214": "N", "190": "S", "184": "W", "157": "E", "94": "W", "28": "S", "183": "S", "145": "N", "104": "W", "18": "E", "17": "N", "12": "E", "135": "N", "230": "W", "220": "S", "194": "E", "105": "S", "86": "N", "61": "W", "56": "N", "8": "N", "205": "E", "146": "N", "121": "N", "64": "E", "237": "S", "241": "E", "162": "S", "37": "W", "34": "E", "9": "N", "133": "S", "83": "N", "82": "W", "191": "N", "36": "N", "3": "W", "156": "W", "222": "W", "116": "W", "235": "N", "193": "W", "118": "W", "155": "S", "109": "W", "68": "E", "53": "W", "147": "W", "13": "W", "144": "E", "128": "W", "127": "E", "111": "W", "74": "N", "24": "W", "0": "N", "58": "N", "200": "N", "197": "S", "165": "N", "45": "E", "40": "E", "32": "W", "2": "E", "211": "N", "151": "W", "148": "E", "126": "S", "113": "E", "106": "E", "66": "S", "60": "W", "50": "W", "33": "W", "125": "N", "244": "W", "233": "E", "210": "E", "209": "W", "188": "E", "171": "N", "99": "N", "98": "W", "76": "E", "73": "W", "62": "S", "46": "S", "22": "N", "1": "E", "239": "W", "223": "W", "186": "S", "179": "E", "137": "N", "122": "E", "112": "W", "52": "S", "43": "W", "42": "W", "175": "E", "189": "E", "187": "W", "177": "W", "110": "N", "79": "E", "69": "E", "55": "S", "20": "N", "7": "N", "202": "W", "234": "E", "206": "W", "196": "W", "140": "E", "117": "E", "107": "E", "96": "E", "25": "N", "19": "W", "14": "S", "249": "N", "246": "W", "192": "E", "164": "W", "114": "W", "97": "E", "95": "N", "87": "E", "65": "S", "44": "N", "229": "E", "225": "N", "160": "N", "149": "N", "108": "W", "51": "S", "35": "N", "30": "N"}, {"173": "S", "166": "N", "77": "W", "212": "E", "185": "E", "72": "W", "71": "N", "67": "W", "78": "N", "26": "W", "16": "E", "153": "S", "201": "S", "89": "S", "217": "N", "88": "N", "176": "W", "131": "E", "91": "N", "90": "S", "198": "N", "139": "W", "136": "W", "93": "E", "10": "N", "21": "W", "181": "E", "115": "W", "159": "S", "247": "S", "169": "S", "92": "E", "4": "S", "11": "S", "190": "S", "184": "W", "161": "W", "157": "E", "28": "S", "15": "E", "183": "S", "145": "N", "104": "W", "18": "N", "17": "N", "12": "E", "230": "N", "220": "S", "194": "E", "105": "W", "86": "E", "61": "N", "56": "E", "8": "N", "205": "E", "150": "W", "146": "N", "121": "N", "237": "E", "241": "E", "162": "S", "133": "S", "83": "N", "82": "W", "191": "W", "3": "S", "156": "W", "222": "W", "116": "W", "49": "S", "242": "W", "235": "N", "193": "W", "213": "S", "118": "W", "109": "W", "81": "W", "68": "S", "53": "W", "147": "N", "13": "W", "128": "S", "127": "E", "111": "N", "74": "N", "24": "W", "0": "N", "58": "N", "200": "N", "197": "S", "165": "N", "45": "E", "40": "N", "32": "W", "5": "N", "2": "E", "211": "N", "151": "W", "148": "E", "126": "S", "113": "E", "106": "E", "50": "N", "33": "W", "125": "W", "233": "E", "231": "S", "210": "E", "209": "W", "188": "E", "171": "N", "158": "S", "154": "S", "99": "E", "76": "S", "73": "W", "46": "S", "39": "S", "22": "W", "1": "E", "239": "W", "223": "W", "186": "S", "168": "N", "137": "E", "122": "E", "112": "W", "52": "E", "43": "W", "42": "W", "175": "E", "189": "E", "187": "W", "177": "W", "110": "N", "101": "N", "79": "S", "70": "S", "69": "S", "55": "S", "48": "W", "38": "W", "20": "N", "7": "E", "228": "W", "202": "W", "130": "W", "234": "N", "216": "S", "206": "W", "196": "S", "163": "E", "140": "E", "134": "E", "129": "E", "117": "E", "107": "N", "96": "N", "25": "E", "19": "W", "249": "W", "248": "E", "208": "N", "192": "S", "164": "W", "142": "W", "114": "W", "97": "E", "95": "E", "87": "N", "65": "E", "57": "N", "54": "N", "27": "W", "229": "E", "225": "N", "160": "W", "149": "E", "108": "S", "51": "W"}, {"173": "S", "166": "N", "77": "W", "212": "E", "185": "E", "72": "W", "71": "N", "67": "W", "224": "N", "78": "N", "174": "N", "26": "N", "153": "E", "201": "S", "89": "S", "88": "E", "176": "W", "131": "E", "91": "N", "90": "S", "198": "N", "139": "W", "136": "W", "93": "E", "21": "W", "181": "E", "115": "W", "159": "S", "247": "S", "169": "S", "92": "E", "4": "S", "11": "S", "214": "N", "190": "S", "184": "W", "157": "E", "94": "S", "28": "S", "15": "E", "183": "S", "104": "W", "18": "W", "17": "N", "12": "E", "230": "N", "220": "S", "194": "S", "180": "E", "105": "S", "86": "E", "56": "S", "8": "W", "150": "S", "146": "N", "121": "N", "64": "E", "241": "N", "162": "S", "59": "S", "133": "S", "83": "N", "82": "W", "29": "E", "191": "W", "156": "W", "222": "N", "116": "W", "49": "S", "242": "N", "235": "N", "193": "W", "123": "N", "213": "S", "118": "W", "219": "S", "109": "N", "81": "W", "68": "S", "53": "W", "13": "W", "128": "W", "127": "E", "111": "N", "74": "N", "24": "W", "23": "W", "0": "N", "58": "N", "200": "N", "197": "S", "172": "W", "152": "W", "45": "E", "40": "N", "32": "W", "5": "N", "2": "E", "211": "N", "203": "W", "148": "E", "126": "S", "113": "S", "106": "E", "60": "N", "50": "W", "33": "W", "125": "N", "233": "E", "209": "W", "188": "E", "99": "E", "62": "E", "46": "S", "22": "N", "1": "E", "239": "W", "223": "W", "195": "S", "186": "S", "137": "E", "122": "E", "112": "W", "52": "S", "43": "W", "42": "W", "175": "S", "204": "S", "187": "W", "177": "W", "110": "N", "101": "W", "79": "S", "69": "S", "55": "S", "48": "W", "38": "S", "7": "S", "228": "S", "202": "W", "130": "W", "234": "N", "206": "S", "196": "S", "163": "N", "140": "S", "134": "E", "129": "N", "107": "N", "96": "E", "19": "W", "248": "E", "208": "N", "192": "S", "164": "W", "142": "N", "114": "W", "97": "S", "95": "E", "87": "E", "65": "S", "57": "N", "27": "S", "229": "E", "225": "N", "170": "N", "160": "N", "51": "S"}, {"173": "S", "166": "N", "77": "W", "212": "E", "185": "E", "72": "W", "71": "N", "67": "S", "224": "N", "174": "N", "26": "N", "153": "N", "201": "S", "89": "S", "88": "E", "176": "N", "143": "W", "91": "N", "198": "E", "139": "W", "136": "W", "93": "E", "31": "N", "21": "W", "181": "E", "159": "S", "247": "S", "169": "E", "11": "S", "214": "N", "190": "S", "184": "S", "157": "E", "94": "W", "183": "S", "145": "N", "104": "W", "18": "N", "12": "E", "135": "E", "230": "N", "180": "E", "105": "S", "86": "E", "61": "N", "56": "S", "8": "N", "150": "S", "146": "N", "64": "E", "237": "W", "162": "S", "34": "E", "167": "E", "133": "E", "83": "W", "82": "W", "29": "E", "191": "N", "36": "N", "156": "N", "116": "N", "235": "N", "193": "N", "123": "N", "213": "S", "118": "N", "219": "S", "155": "W", "109": "E", "81": "W", "68": "E", "53": "W", "147": "W", "13": "W", "128": "W", "127": "E", "111": "N", "74": "N", "24": "W", "58": "W", "200": "N", "197": "S", "152": "W", "80": "W", "45": "E", "40": "N", "32": "S", "5": "N", "2": "E", "211": "W", "218": "S", "203": "W", "148": "E", "126": "S", "113": "S", "106": "E", "103": "W", "66": "N", "50": "W", "33": "W", "125": "W", "244": "W", "233": "E", "209": "S", "188": "E", "154": "S", "102": "S", "99": "S", "98": "W", "46": "W", "22": "N", "1": "E", "239": "W", "223": "N", "186": "S", "137": "E", "122": "S", "112": "W", "52": "W", "43": "N", "42": "W", "175": "S", "187": "W", "177": "W", "110": "E", "101": "W", "79": "S", "69": "S", "55": "E", "48": "W", "38": "S", "7": "S", "228": "S", "202": "W", "130": "W", "206": "S", "196": "S", "141": "W", "140": "W", "134": "S", "129": "N", "117": "S", "100": "E", "96": "E", "25": "N", "14": "N", "249": "N", "243": "W", "208": "W", "192": "S", "164": "W", "114": "W", "97": "S", "95": "N", "87": "E", "65": "E", "57": "E", "54": "S", "27": "E", "229": "E", "225": "W", "170": "N", "160": "W", "149": "N", "51": "E", "30": "N"}, {"173": "S", "166": "N", "77": "W", "212": "E", "185": "E", "72": "W", "67": "S", "224": "N", "78": "N", "174": "N", "26": "E", "201": "E", "89": "S", "88": "N", "176": "N", "91": "N", "198": "E", "139": "W", "136": "W", "93": "E", "31": "N", "21": "W", "181": "E", "115": "W", "169": "E", "4": "S", "214": "N", "190": "S", "184": "W", "94": "N", "28": "S", "183": "S", "104": "W", "18": "N", "17": "N", "135": "S", "230": "N", "220": "S", "105": "S", "86": "S", "61": "W", "56": "E", "8": "N", "205": "E", "150": "W", "146": "N", "121": "N", "64": "N", "237": "S", "241": "E", "162": "S", "167": "S", "133": "S", "82": "W", "191": "W", "47": "S", "156": "N", "116": "N", "75": "E", "242": "E", "235": "N", "123": "E", "118": "W", "219": "S", "155": "S", "109": "N", "81": "W", "68": "S", "53": "W", "147": "W", "13": "W", "128": "N", "127": "E", "111": "N", "74": "N", "24": "W", "0": "W", "58": "W", "200": "N", "197": "S", "152": "W", "80": "W", "45": "E", "40": "N", "32": "W", "5": "E", "2": "E", "211": "W", "203": "W", "178": "W", "151": "S", "126": "S", "113": "S", "106": "E", "103": "W", "50": "W", "33": "S", "125": "W", "244": "W", "240": "S", "233": "E", "231": "W", "209": "W", "188": "E", "171": "W", "102": "W", "99": "S", "98": "W", "22": "N", "1": "E", "239": "W", "223": "N", "186": "S", "137": "E", "122": "S", "112": "W", "52": "S", "43": "W", "42": "W", "245": "W", "175": "S", "187": "W", "177": "N", "110": "E", "101": "W", "79": "S", "70": "E", "69": "S", "55": "E", "38": "S", "7": "S", "228": "S", "202": "W", "130": "W", "234": "N", "216": "N", "206": "S", "196": "S", "141": "S", "140": "W", "134": "S", "132": "N", "129": "N", "25": "N", "249": "N", "243": "S", "208": "N", "192": "S", "164": "N", "114": "S", "97": "S", "95": "W", "87": "E", "65": "S", "57": "E", "27": "S", "229": "E", "225": "W", "160": "W", "149": "N", "51": "S", "30": "N"}, {"173": "S", "166": "N", "185": "E", "72": "S", "67": "S", "78": "N", "26": "E", "201": "S", "89": "S", "88": "N", "176": "N", "91": "N", "139": "W", "136": "W", "31": "N", "21": "W", "115": "N", "159": "W", "169": "E", "92": "E", "4": "S", "190": "S", "157": "E", "94": "N", "28": "S", "15": "E", "183": "S", "145": "N", "104": "W", "18": "N", "12": "E", "135": "S", "230": "N", "220": "S", "105": "S", "86": "S", "61": "N", "56": "S", "8": "N", "150": "W", "146": "N", "64": "N", "237": "E", "241": "E", "162": "S", "59": "W", "9": "E", "167": "S", "133": "S", "82": "N", "191": "N", "47": "E", "6": "N", "3": "W", "156": "N", "222": "N", "116": "N", "49": "W", "75": "N", "235": "E", "193": "E", "123": "N", "118": "N", "155": "S", "109": "W", "81": "W", "68": "S", "53": "W", "147": "W", "13": "W", "128": "N", "127": "E", "111": "N", "74": "N", "24": "W", "23": "N", "0": "W", "58": "W", "197": "S", "80": "S", "40": "N", "5": "N", "2": "E", "211": "N", "218": "S", "203": "W", "151": "S", "126": "S", "113": "S", "106": "E", "103": "W", "60": "N", "50": "W", "33": "S", "125": "W", "244": "W", "232": "W", "209": "S", "188": "E", "171": "W", "102": "N", "99": "W", "98": "W", "62": "W", "22": "N", "1": "E", "239": "S", "223": "W", "195": "W", "137": "E", "122": "S", "112": "W", "52": "W", "43": "N", "245": "W", "175": "S", "204": "N", "177": "W", "110": "N", "101": "S", "79": "E", "70": "S", "69": "E", "55": "E", "48": "S", "38": "S", "20": "N", "7": "S", "228": "E", "202": "N", "130": "W", "234": "N", "206": "E", "196": "S", "141": "S", "140": "W", "134": "S", "129": "N", "107": "W", "25": "N", "19": "W", "249": "W", "243": "S", "208": "W", "192": "S", "164": "W", "142": "E", "114": "W", "97": "S", "95": "W", "87": "E", "65": "S", "27": "E", "229": "E", "225": "W", "170": "N", "160": "S", "149": "N", "108": "S", "30": "W"}, {"166": "N", "185": "E", "78": "E", "26": "E", "201": "S", "89": "E", "217": "N", "88": "W", "176": "N", "143": "E", "91": "N", "198": "E", "139": "W", "31": "N", "159": "N", "247": "W", "169": "E", "92": "E", "11": "W", "190": "S", "157": "E", "94": "N", "15": "E", "183": "S", "104": "W", "12": "E", "135": "W", "230": "N", "180": "E", "105": "S", "86": "S", "56": "S", "8": "N", "150": "W", "146": "N", "64": "W", "241": "N", "162": "S", "59": "W", "37": "E", "9": "S", "167": "S", "133": "S", "83": "N", "82": "W", "29": "E", "191": "W", "47": "S", "6": "W", "3": "S", "156": "N", "222": "N", "116": "N", "235": "E", "193": "N", "118": "N", "155": "S", "109": "N", "81": "N", "53": "N", "147": "W", "13": "W", "111": "E", "74": "N", "0": "W", "58": "W", "197": "E", "80": "S", "40": "N", "5": "W", "211": "W", "203": "W", "151": "S", "126": "S", "113": "S", "103": "S", "60": "W", "50": "W", "33": "W", "125": "W", "244": "W", "233": "S", "231": "W", "209": "S", "188": "E", "171": "W", "99": "W", "98": "W", "22": "N", "1": "E", "239": "W", "223": "W", "195": "S", "137": "E", "122": "S", "112": "W", "52": "S", "43": "N", "245": "N", "175": "S", "187": "S", "177": "W", "110": "N", "79": "E", "70": "S", "55": "N", "48": "W", "38": "S", "7": "S", "228": "E", "202": "N", "130": "W", "206": "E", "196": "S", "163": "S", "141": "W", "140": "W", "134": "S", "132": "N", "129": "E", "117": "N", "107": "N", "100": "N", "25": "N", "19": "W", "249": "S", "246": "W", "243": "S", "208": "N", "192": "E", "164": "N", "142": "S", "114": "S", "97": "S", "95": "W", "87": "E", "65": "S", "57": "N", "54": "N", "44": "W", "27": "E", "229": "E", "225": "W", "160": "W", "149": "N", "51": "E", "35": "E"}, {"173": "E", "166": "N", "72": "N", "120": "E", "78": "E", "26": "E", "201": "S", "89": "E", "217": "W", "88": "N", "176": "N", "91": "N", "198": "E", "139": "W", "31": "N", "159": "N", "247": "N", "169": "E", "4": "E", "190": "S", "157": "N", "94": "N", "183": "S", "104": "W", "17": "W", "12": "N", "135": "W", "230": "N", "105": "E", "86": "S", "56": "S", "8": "N", "150": "W", "146": "N", "64": "W", "237": "S", "241": "N", "162": "E", "37": "S", "9": "S", "167": "S", "133": "E", "83": "N", "82": "N", "191": "W", "47": "S", "6": "N", "3": "S", "156": "N", "222": "N", "116": "N", "235": "E", "193": "N", "118": "N", "155": "S", "109": "N", "68": "S", "53": "N", "147": "W", "13": "W", "111": "N", "74": "N", "0": "W", "58": "N", "197": "E", "80": "S", "40": "N", "5": "N", "211": "N", "218": "E", "203": "W", "178": "W", "126": "S", "113": "E", "103": "S", "60": "W", "33": "S", "125": "W", "233": "E", "231": "S", "226": "S", "209": "S", "171": "S", "102": "N", "99": "W", "98": "S", "46": "N", "22": "N", "1": "E", "239": "W", "223": "W", "195": "E", "137": "E", "122": "S", "112": "W", "52": "S", "43": "W", "42": "N", "175": "E", "187": "W", "182": "E", "177": "W", "79": "S", "70": "E", "55": "N", "48": "S", "38": "S", "7": "E", "202": "N", "130": "W", "216": "E", "207": "W", "206": "E", "196": "E", "163": "S", "141": "S", "140": "W", "134": "S", "132": "N", "129": "N", "100": "N", "19": "W", "249": "S", "246": "W", "243": "S", "208": "W", "192": "S", "164": "N", "142": "W", "114": "W", "97": "S", "95": "N", "87": "E", "65": "S", "57": "N", "44": "S", "27": "E", "225": "W", "170": "S", "160": "W", "108": "W", "51": "S", "30": "W"}, {"173": "N", "166": "N", "77": "N", "72": "E", "120": "S", "78": "E", "26": "E", "201": "S", "217": "W", "88": "W", "176": "N", "91": "N", "198": "E", "139": "W", "31": "N", "115": "S", "159": "N", "247": "N", "169": "E", "4": "N", "11": "N", "190": "E", "94": "N", "28": "N", "183": "E", "104": "N", "17": "S", "135": "W", "230": "E", "180": "E", "105": "E", "86": "S", "56": "S", "8": "N", "150": "W", "146": "N", "121": "S", "64": "W", "237": "S", "241": "N", "162": "E", "37": "S", "9": "S", "167": "S", "133": "E", "83": "W", "82": "W", "29": "E", "47": "S", "6": "W", "3": "S", "156": "N", "222": "N", "116": "N", "49": "E", "235": "E", "193": "N", "123": "E", "118": "N", "155": "S", "109": "N", "81": "W", "68": "S", "53": "N", "147": "W", "13": "W", "144": "S", "128": "N", "111": "N", "74": "N", "24": "S", "0": "W", "58": "N", "80": "W", "40": "N", "5": "N", "211": "W", "178": "W", "151": "W", "126": "S", "113": "S", "103": "S", "60": "W", "50": "N", "33": "S", "125": "S", "233": "E", "232": "E", "231": "S", "209": "S", "102": "N", "99": "W", "98": "S", "46": "N", "22": "N", "1": "E", "239": "S", "223": "W", "195": "E", "137": "E", "122": "S", "112": "S", "52": "S", "43": "W", "42": "W", "182": "E", "177": "W", "110": "N", "79": "S", "55": "N", "38": "E", "7": "S", "202": "W", "130": "W", "216": "N", "207": "S", "196": "S", "141": "S", "140": "S", "134": "E", "132": "N", "129": "N", "100": "N", "19": "W", "249": "S", "246": "S", "243": "S", "208": "W", "192": "E", "142": "W", "114": "W", "97": "S", "95": "W", "87": "E", "65": "E", "57": "E", "44": "W", "27": "S", "229": "E", "225": "W", "170": "E", "160": "S", "108": "W", "51": "S", "30": "S"}, {"173": "N", "166": "N", "77": "E", "72": "E", "120": "S", "78": "S", "26": "E", "201": "S", "217": "W", "88": "N", "176": "N", "91": "N", "198": "E", "139": "W", "31": "N", "181": "N", "115": "E", "159": "N", "247": "N", "169": "E", "4": "N", "11": "N", "190": "E", "184": "N", "157": "N", "28": "E", "183": "E", "145": "W", "104": "N", "17": "S", "12": "N", "135": "W", "230": "E", "105": "E", "86": "S", "56": "S", "8": "E", "150": "W", "146": "N", "64": "N", "237": "S", "241": "N", "162": "E", "37": "S", "34": "N", "9": "S", "167": "E", "133": "E", "83": "W", "82": "W", "47": "S", "6": "W", "3": "S", "156": "N", "222": "N", "116": "N", "193": "N", "123": "E", "118": "W", "155": "S", "109": "N", "68": "S", "53": "N", "147": "N", "13": "N", "144": "S", "111": "N", "74": "N", "23": "N", "0": "W", "58": "N", "80": "W", "40": "N", "5": "N", "211": "N", "178": "S", "126": "E", "113": "S", "60": "S", "50": "N", "33": "S", "125": "S", "233": "N", "231": "S", "226": "N", "209": "S", "188": "N", "171": "W", "99": "W", "98": "W", "46": "N", "22": "N", "239": "W", "223": "W", "195": "S", "168": "S", "137": "E", "122": "E", "112": "S", "52": "S", "43": "W", "42": "W", "245": "N", "187": "W", "182": "N", "177": "W", "110": "N", "79": "S", "55": "N", "48": "W", "7": "S", "228": "S", "202": "W", "130": "W", "234": "E", "216": "W", "207": "S", "206": "S", "196": "S", "141": "S", "140": "S", "134": "E", "132": "E", "129": "W", "100": "N", "249": "S", "246": "S", "208": "W", "192": "S", "142": "S", "114": "W", "97": "E", "95": "N", "87": "S", "65": "E", "57": "S", "44": "W", "225": "W", "170": "E", "160": "S", "108": "S", "51": "S"}, {"173": "N", "166": "N", "77": "E", "72": "E", "120": "S", "78": "S", "26": "E", "16": "S", "201": "S", "217": "W", "88": "W", "176": "N", "91": "N", "198": "E", "139": "S", "115": "E", "159": "N", "247": "N", "169": "E", "4": "W", "11": "W", "190": "E", "184": "E", "28": "N", "183": "E", "145": "S", "104": "N", "17": "S", "12": "N", "135": "W", "230": "E", "180": "N", "105": "E", "86": "S", "56": "E", "8": "S", "150": "W", "146": "N", "64": "W", "237": "W", "241": "N", "162": "E", "37": "S", "34": "W", "9": "W", "167": "S", "133": "E", "83": "N", "82": "W", "47": "E", "6": "W", "3": "S", "156": "N", "222": "N", "75": "E", "242": "W", "123": "E", "118": "W", "155": "W", "53": "N", "147": "N", "13": "N", "144": "E", "128": "W", "111": "N", "74": "N", "24": "E", "23": "N", "0": "W", "58": "N", "80": "S", "40": "N", "5": "W", "211": "N", "203": "E", "178": "W", "126": "E", "113": "S", "60": "S", "233": "E", "231": "S", "209": "S", "171": "W", "99": "W", "98": "S", "46": "N", "239": "S", "223": "W", "195": "W", "168": "S", "122": "S", "112": "S", "52": "S", "43": "N", "42": "W", "245": "N", "182": "W", "177": "W", "79": "S", "69": "W", "55": "N", "48": "S", "20": "S", "7": "S", "228": "S", "202": "W", "130": "W", "234": "N", "216": "N", "207": "S", "206": "S", "196": "S", "140": "S", "134": "E", "132": "S", "129": "W", "100": "N", "249": "W", "246": "S", "243": "S", "208": "W", "192": "E", "164": "W", "97": "E", "95": "E", "87": "S", "65": "E", "57": "E", "44": "W", "225": "W", "170": "N", "108": "S", "51": "S"}, {"173": "N", "77": "S", "72": "E", "224": "E", "120": "W", "78": "S", "26": "E", "16": "W", "201": "S", "217": "W", "88": "W", "176": "N", "91": "N", "198": "E", "139": "S", "93": "S", "115": "S", "159": "N", "247": "N", "169": "E", "4": "N", "11": "N", "190": "N", "184": "E", "157": "N", "28": "N", "183": "E", "145": "S", "104": "N", "17": "S", "135": "W", "230": "E", "220": "E", "180": "W", "105": "E", "86": "E", "56": "E", "8": "E", "150": "W", "146": "N", "64": "W", "237": "S", "241": "N", "162": "E", "37": "S", "34": "W", "9": "W", "167": "S", "133": "E", "83": "W", "82": "W", "29": "W", "47": "S", "36": "E", "6": "W", "3": "E", "156": "N", "222": "N", "75": "N", "123": "S", "118": "N", "155": "W", "81": "E", "53": "N", "147": "N", "13": "N", "144": "E", "128": "W", "111": "N", "74": "E", "24": "S", "23": "N", "58": "N", "152": "W", "80": "S", "45": "S", "5": "N", "211": "N", "178": "S", "126": "E", "113": "S", "60": "S", "244": "S", "233": "N", "231": "S", "209": "E", "171": "N", "98": "S", "46": "N", "239": "S", "223": "N", "122": "S", "112": "S", "52": "S", "43": "E", "42": "N", "245": "N", "187": "N", "182": "W", "177": "N", "79": "S", "69": "S", "55": "N", "48": "E", "20": "S", "7": "S", "228": "S", "202": "W", "130": "N", "234": "W", "216": "N", "207": "E", "206": "S", "196": "S", "141": "E", "140": "S", "134": "E", "132": "E", "129": "W", "107": "S", "100": "E", "25": "S", "249": "N", "246": "S", "243": "S", "208": "W", "192": "S", "164": "W", "114": "N", "97": "S", "95": "N", "65": "E", "57": "E", "44": "S", "160": "W", "149": "S", "51": "E", "35": "E", "30": "S"}, {"173": "N", "166": "N", "77": "S", "72": "N", "224": "S", "120": "W", "78": "S", "174": "S", "26": "E", "16": "W", "201": "S", "217": "W", "88": "W", "176": "N", "198": "E", "139": "S", "93": "W", "115": "E", "159": "N", "247": "N", "169": "E", "4": "N", "11": "N", "190": "N", "184": "N", "157": "W", "28": "N", "183": "E", "145": "S", "104": "W", "17": "S", "12": "W", "135": "W", "230": "E", "220": "N", "194": "N", "180": "W", "105": "E", "86": "S", "56": "S", "8": "E", "150": "S", "146": "N", "64": "W", "237": "S", "241": "W", "37": "E", "34": "W", "9": "S", "167": "E", "83": "W", "29": "N", "191": "W", "47": "S", "36": "S", "6": "W", "3": "S", "156": "N", "222": "N", "116": "E", "75": "N", "193": "N", "123": "E", "118": "W", "155": "W", "81": "N", "53": "N", "147": "N", "144": "E", "128": "N", "111": "E", "24": "S", "23": "N", "0": "S", "58": "N", "80": "S", "211": "N", "178": "S", "126": "E", "113": "S", "33": "E", "233": "N", "231": "S", "209": "E", "188": "W", "171": "N", "99": "W", "98": "S", "73": "N", "62": "E", "46": "N", "239": "S", "223": "W", "122": "S", "112": "W", "52": "S", "42": "W", "245": "E", "187": "E", "182": "N", "79": "S", "69": "S", "55": "N", "48": "S", "20": "S", "7": "E", "202": "N", "130": "W", "234": "N", "216": "W", "206": "E", "196": "S", "163": "E", "140": "S", "134": "E", "129": "N", "107": "S", "100": "N", "25": "S", "246": "S", "243": "S", "208": "N", "192": "S", "142": "N", "114": "N", "97": "S", "95": "W", "65": "E", "57": "E", "44": "S", "229": "W", "160": "S", "149": "S", "51": "S", "35": "E"}, {"173": "N", "166": "N", "77": "S", "72": "N", "224": "S", "120": "W", "78": "S", "174": "E", "26": "E", "16": "W", "201": "S", "217": "W", "88": "W", "176": "N", "139": "E", "93": "W", "31": "N", "181": "N", "115": "E", "159": "N", "247": "N", "169": "S", "4": "W", "11": "N", "190": "N", "184": "E", "157": "W", "28": "N", "145": "S", "104": "W", "17": "S", "12": "W", "135": "W", "230": "E", "220": "N", "194": "W", "180": "N", "105": "E", "86": "S", "56": "S", "8": "E", "150": "S", "64": "W", "237": "S", "241": "N", "37": "S", "34": "W", "9": "S", "167": "E", "83": "S", "82": "N", "29": "W", "191": "S", "47": "S", "36": "S", "6": "W", "3": "S", "156": "N", "222": "N", "116": "E", "75": "N", "242": "E", "193": "N", "123": "E", "118": "W", "81": "N", "53": "N", "147": "N", "144": "N", "128": "N", "111": "N", "24": "S", "23": "E", "0": "W", "58": "N", "211": "N", "178": "S", "151": "E", "126": "E", "113": "S", "66": "S", "125": "S", "233": "N", "231": "S", "209": "E", "188": "S", "171": "N", "99": "W", "73": "N", "62": "N", "46": "N", "239": "S", "122": "S", "112": "W", "52": "S", "42": "W", "204": "S", "187": "N", "182": "N", "79": "S", "69": "S", "55": "N", "48": "S", "20": "S", "7": "S", "130": "W", "234": "N", "216": "W", "196": "E", "163": "E", "141": "N", "140": "W", "129": "W", "107": "S", "100": "E", "246": "W", "208": "N", "192": "W", "114": "N", "97": "S", "95": "W", "65": "E", "57": "E", "225": "E", "160": "S", "108": "W", "51": "E", "30": "W"}, {"173": "N", "166": "W", "77": "E", "212": "S", "72": "N", "224": "S", "120": "S", "78": "S", "174": "S", "26": "E", "16": "W", "201": "S", "217": "W", "88": "W", "139": "E", "93": "W", "31": "N", "181": "W", "115": "E", "159": "N", "247": "N", "169": "S", "4": "W", "11": "N", "190": "N", "184": "N", "157": "W", "28": "N", "145": "S", "104": "W", "17": "S", "12": "W", "135": "S", "230": "E", "220": "W", "194": "W", "105": "E", "86": "E", "56": "S", "150": "S", "64": "W", "237": "E", "241": "W", "37": "S", "34": "W", "9": "S", "167": "E", "83": "W", "82": "N", "191": "S", "47": "S", "36": "S", "6": "W", "3": "S", "156": "W", "222": "N", "75": "N", "193": "N", "123": "N", "118": "W", "219": "E", "155": "E", "81": "N", "53": "N", "147": "W", "144": "N", "128": "N", "111": "N", "74": "W", "24": "S", "23": "N", "0": "N", "58": "N", "152": "S", "45": "N", "211": "N", "218": "W", "178": "S", "126": "E", "113": "E", "103": "E", "50": "W", "33": "W", "125": "W", "244": "S", "233": "N", "209": "E", "171": "W", "99": "W", "98": "S", "62": "W", "39": "W", "239": "W", "223": "W", "122": "S", "112": "N", "52": "W", "43": "W", "42": "W", "182": "N", "110": "S", "79": "E", "69": "S", "55": "N", "48": "W", "38": "S", "20": "S", "7": "E", "228": "W", "130": "W", "216": "N", "196": "S", "140": "S", "134": "E", "132": "S", "129": "N", "100": "S", "19": "E", "246": "S", "208": "N", "192": "S", "142": "S", "114": "N", "97": "S", "95": "W", "65": "E", "57": "S", "27": "W", "225": "N", "51": "S", "30": "W"}, {"173": "N", "166": "W", "77": "E", "212": "W", "72": "N", "224": "S", "120": "S", "78": "S", "174": "S", "26": "E", "16": "W", "201": "S", "217": "W", "88": "W", "139": "E", "93": "W", "31": "N", "181": "W", "115": "E", "159": "N", "247": "N", "4": "W", "11": "N", "190": "N", "184": "N", "157": "W", "28": "N", "183": "W", "145": "S", "104": "W", "17": "S", "12": "W", "135": "S", "230": "E", "220": "W", "194": "W", "180": "S", "105": "E", "86": "E", "56": "E", "8": "E", "205": "N", "150": "S", "121": "W", "64": "W", "237": "E", "241": "W", "37": "S", "34": "W", "9": "S", "167": "E", "83": "S", "82": "N", "191": "S", "47": "E", "36": "S", "6": "W", "3": "S", "156": "W", "75": "N", "235": "S", "193": "N", "123": "E", "118": "N", "155": "E", "81": "N", "147": "W", "144": "W", "128": "W", "111": "N", "74": "S", "24": "S", "23": "N", "0": "W", "152": "S", "211": "N", "203": "W", "178": "S", "151": "E", "126": "E", "113": "E", "50": "S", "33": "W", "125": "W", "244": "S", "233": "N", "232": "W", "231": "E", "209": "E", "188": "W", "102": "N", "99": "W", "98": "S", "39": "N", "239": "W", "122": "S", "52": "S", "43": "W", "42": "W", "245": "N", "204": "S", "182": "N", "110": "E", "79": "S", "69": "W", "55": "N", "48": "S", "20": "S", "7": "S", "228": "S", "130": "N", "234": "W", "206": "E", "196": "S", "141": "W", "140": "S", "134": "S", "129": "N", "100": "E", "25": "S", "248": "W", "246": "S", "208": "N", "192": "W", "164": "E", "142": "S", "114": "N", "97": "S", "95": "W", "65": "E", "57": "S", "54": "S", "44": "W", "27": "S", "229": "E", "225": "E", "149": "S", "51": "E", "30": "W"}, {"173": "N", "166": "W", "77": "E", "212": "W", "72": "E", "224": "S", "120": "S", "78": "S", "174": "S", "26": "E", "16": "W", "201": "S", "217": "W", "88": "W", "198": "S", "139": "E", "93": "W", "181": "W", "115": "E", "159": "N", "247": "N", "4": "N", "11": "N", "190": "N", "184": "N", "157": "W", "28": "N", "145": "S", "17": "S", "12": "W", "135": "S", "230": "E", "220": "W", "194": "W", "180": "W", "105": "E", "86": "E", "56": "E", "8": "S", "205": "E", "121": "S", "64": "W", "237": "N", "241": "W", "37": "E", "34": "W", "9": "S", "167": "E", "83": "S", "82": "N", "29": "W", "191": "S", "36": "S", "6": "W", "3": "S", "75": "N", "193": "N", "123": "E", "118": "W", "155": "E", "81": "N", "147": "N", "144": "N", "128": "N", "111": "N", "74": "S", "24": "E", "23": "N", "0": "W", "152": "W", "80": "N", "211": "W", "203": "W", "178": "E", "151": "E", "126": "E", "113": "E", "66": "N", "50": "E", "33": "W", "125": "N", "244": "W", "233": "W", "232": "W", "231": "S", "209": "E", "102": "N", "99": "W", "98": "S", "46": "E", "239": "S", "52": "W", "42": "W", "245": "E", "187": "W", "182": "N", "177": "W", "110": "S", "79": "S", "69": "W", "55": "E", "48": "S", "7": "E", "228": "W", "202": "W", "130": "W", "234": "N", "196": "E", "140": "S", "134": "W", "129": "N", "100": "E", "25": "E", "19": "N", "246": "W", "208": "W", "192": "W", "142": "S", "114": "N", "97": "E", "95": "W", "65": "E", "57": "E", "44": "W", "27": "S", "225": "N", "160": "W", "51": "E", "35": "S", "30": "W"}, {"173": "N", "166": "W", "77": "E", "212": "W", "72": "E", "224": "S", "120": "S", "78": "S", "174": "S", "26": "E", "16": "W", "201": "S", "217": "W", "88": "W", "198": "E", "139": "E", "93": "W", "181": "W", "115": "E", "159": "N", "247": "N", "4": "N", "11": "N", "190": "N", "184": "N", "157": "W", "28": "N", "15": "N", "145": "S", "17": "S", "12": "W", "135": "S", "220": "N", "194": "W", "180": "W", "105": "E", "86": "E", "56": "E", "8": "S", "205": "E", "150": "S", "121": "S", "64": "W", "237": "E", "241": "W", "34": "W", "9": "S", "167": "E", "83": "S", "29": "W", "191": "S", "36": "S", "6": "W", "3": "S", "116": "E", "75": "N", "193": "N", "123": "N", "118": "W", "155": "E", "81": "N", "147": "N", "144": "N", "128": "W", "111": "N", "74": "W", "24": "S", "23": "N", "0": "W", "152": "S", "80": "N", "40": "S", "151": "E", "126": "E", "103": "S", "60": "W", "50": "E", "33": "W", "244": "N", "233": "W", "231": "E", "209": "E", "102": "N", "99": "W", "98": "S", "46": "N", "239": "S", "223": "S", "168": "N", "112": "E", "52": "W", "43": "E", "42": "W", "245": "S", "204": "N", "182": "N", "177": "S", "110": "S", "79": "S", "69": "W", "55": "N", "48": "S", "7": "E", "228": "S", "202": "W", "130": "W", "234": "E", "216": "E", "196": "S", "141": "W", "140": "S", "134": "W", "129": "N", "107": "E", "100": "E", "96": "S", "25": "E", "19": "E", "249": "E", "248": "E", "246": "S", "208": "N", "192": "W", "97": "S", "95": "W", "65": "E", "57": "E", "225": "N", "160": "W", "149": "W", "51": "E", "30": "S"}, {"173": "N", "166": "W", "77": "E", "212": "W", "72": "E", "224": "S", "120": "S", "78": "S", "174": "S", "26": "E", "16": "W", "201": "E", "217": "W", "88": "W", "198": "E", "139": "E", "93": "W", "181": "W", "115": "E", "159": "N", "247": "N", "4": "N", "11": "N", "190": "N", "184": "N", "157": "W", "28": "N", "15": "N", "145": "S", "17": "S", "12": "W", "220": "N", "194": "W", "180": "W", "105": "E", "86": "E", "56": "E", "8": "E", "227": "W", "205": "S", "121": "S", "64": "W", "237": "E", "241": "N", "34": "W", "9": "S", "167": "S", "133": "N", "83": "S", "82": "E", "29": "W", "191": "S", "36": "S", "6": "W", "3": "S", "116": "E", "75": "W", "193": "N", "123": "N", "213": "W", "118": "W", "81": "N", "238": "S", "144": "N", "128": "N", "111": "N", "74": "S", "24": "E", "23": "N", "0": "N", "152": "W", "5": "E", "178": "S", "151": "E", "126": "E", "60": "W", "50": "N", "33": "W", "233": "W", "226": "S", "209": "E", "188": "E", "171": "W", "102": "N", "62": "S", "239": "W", "223": "S", "112": "S", "52": "W", "245": "E", "182": "E", "177": "W", "110": "E", "79": "E", "55": "N", "48": "S", "228": "S", "130": "W", "216": "N", "206": "E", "196": "S", "141": "S", "140": "W", "134": "W", "107": "E", "100": "E", "25": "E", "246": "W", "208": "W", "192": "W", "164": "W", "142": "S", "97": "E", "95": "W", "65": "E", "57": "E", "44": "W", "225": "W", "170": "N", "160": "W", "149": "S", "108": "S", "51": "S", "30": "W"}, {"173": "N", "166": "W", "77": "E", "212": "W", "72": "E", "224": "S", "120": "S", "78": "S", "174": "S", "26": "E", "16": "W", "201": "E", "217": "W", "88": "W", "143": "W", "198": "E", "139": "E", "93": "W", "181": "W", "115": "E", "159": "N", "247": "N", "4": "N", "11": "N", "214": "E", "190": "N", "184": "N", "157": "W", "28": "N", "15": "E", "183": "W", "145": "S", "17": "W", "12": "W", "220": "N", "194": "W", "180": "W", "105": "E", "86": "E", "56": "E", "8": "S", "227": "S", "205": "E", "121": "S", "64": "W", "237": "E", "241": "W", "34": "W", "9": "S", "167": "E", "133": "E", "83": "S", "82": "E", "29": "W", "191": "S", "47": "W", "36": "W", "6": "W", "3": "S", "116": "E", "49": "N", "75": "N", "242": "N", "123": "E", "118": "W", "81": "N", "144": "N", "111": "E", "74": "W", "24": "E", "23": "W", "152": "W", "5": "N", "211": "W", "218": "E", "178": "E", "151": "E", "126": "E", "60": "S", "50": "W", "244": "W", "233": "W", "232": "E", "231": "N", "226": "S", "209": "E", "171": "W", "98": "N", "73": "S", "62": "W", "46": "E", "39": "N", "239": "S", "223": "S", "112": "W", "52": "W", "245": "E", "187": "N", "182": "E", "177": "S", "110": "E", "79": "E", "69": "W", "55": "N", "48": "S", "20": "N", "228": "E", "202": "N", "130": "W", "216": "E", "140": "W", "134": "W", "132": "N", "129": "N", "107": "E", "100": "E", "96": "E", "25": "E", "19": "E", "249": "E", "248": "E", "246": "W", "208": "W", "192": "S", "97": "S", "95": "N", "65": "E", "57": "E", "54": "W", "160": "W", "149": "S", "108": "W", "51": "E", "35": "E", "30": "W"}, {"173": "N", "166": "S", "77": "E", "212": "W", "72": "E", "224": "S", "120": "S", "78": "S", "174": "S", "84": "N", "16": "W", "201": "E", "217": "W", "88": "W", "143": "W", "124": "N", "198": "E", "139": "E", "93": "W", "21": "E", "181": "W", "115": "E", "159": "N", "247": "N", "4": "N", "11": "N", "214": "S", "190": "N", "184": "N", "161": "E", "157": "W", "28": "N", "145": "S", "17": "S", "12": "W", "135": "W", "220": "N", "194": "W", "180": "W", "105": "E", "86": "E", "56": "E", "8": "S", "227": "S", "205": "E", "146": "E", "121": "S", "64": "W", "237": "E", "241": "W", "37": "N", "34": "W", "9": "W", "133": "E", "83": "S", "82": "E", "29": "W", "191": "S", "47": "S", "36": "W", "6": "W", "3": "S", "49": "N", "75": "N", "235": "N", "123": "E", "118": "W", "81": "N", "144": "N", "128": "W", "74": "W", "24": "E", "23": "N", "58": "S", "152": "N", "80": "S", "211": "N", "178": "E", "126": "E", "60": "S", "244": "N", "233": "W", "232": "E", "209": "E", "188": "E", "171": "N", "73": "S", "46": "E", "39": "N", "239": "S", "223": "S", "52": "S", "245": "E", "182": "N", "177": "W", "110": "E", "69": "S", "55": "E", "48": "S", "20": "W", "228": "E", "202": "W", "130": "S", "234": "E", "216": "N", "140": "S", "134": "W", "132": "N", "129": "N", "107": "N", "100": "E", "96": "N", "25": "E", "249": "E", "248": "E", "246": "W", "243": "W", "208": "W", "192": "S", "114": "N", "97": "S", "65": "E", "54": "N", "160": "W", "149": "E", "108": "W", "51": "E", "35": "S", "30": "W"}, {"173": "N", "166": "S", "77": "E", "212": "W", "72": "E", "224": "S", "120": "S", "78": "S", "174": "S", "84": "N", "16": "W", "201": "E", "217": "W", "88": "W", "198": "E", "139": "E", "21": "N", "181": "W", "115": "S", "159": "N", "247": "E", "4": "N", "11": "N", "214": "S", "190": "N", "184": "N", "161": "E", "157": "W", "94": "E", "28": "N", "15": "E", "145": "E", "17": "S", "12": "W", "135": "W", "220": "N", "194": "N", "180": "W", "105": "E", "86": "E", "56": "E", "8": "S", "227": "S", "150": "W", "121": "S", "64": "W", "237": "E", "241": "W", "59": "E", "37": "E", "34": "W", "9": "S", "133": "E", "119": "S", "83": "S", "82": "E", "29": "W", "191": "S", "36": "W", "6": "W", "3": "S", "116": "E", "242": "S", "123": "E", "213": "E", "118": "W", "238": "E", "144": "N", "74": "S", "24": "E", "0": "S", "172": "E", "152": "W", "80": "S", "5": "E", "178": "E", "151": "E", "103": "W", "60": "S", "233": "W", "209": "E", "171": "W", "102": "E", "46": "E", "239": "S", "223": "W", "52": "W", "182": "N", "177": "S", "110": "N", "55": "E", "48": "S", "20": "W", "228": "E", "202": "W", "130": "S", "216": "N", "163": "N", "141": "E", "140": "W", "134": "W", "129": "W", "100": "S", "96": "W", "25": "E", "19": "S", "249": "S", "248": "E", "246": "W", "208": "N", "192": "S", "142": "N", "114": "N", "97": "E", "54": "E", "27": "E", "225": "W", "170": "S", "160": "S", "149": "E", "108": "S", "51": "S", "35": "W", "30": "W"}, {"166": "S", "77": "E", "212": "W", "72": "E", "224": "S", "120": "S", "78": "S", "174": "S", "84": "E", "16": "S", "201": "E", "217": "W", "88": "W", "198": "N", "139": "E", "21": "E", "181": "W", "115": "E", "159": "N", "247": "N", "4": "N", "11": "N", "214": "S", "190": "N", "184": "E", "161": "N", "157": "W", "28": "N", "15": "S", "183": "E", "145": "S", "17": "W", "12": "W", "220": "N", "194": "N", "180": "W", "105": "E", "86": "E", "56": "E", "8": "S", "227": "S", "205": "E", "150": "W", "146": "E", "121": "S", "64": "W", "237": "N", "241": "W", "59": "S", "37": "S", "34": "N", "9": "W", "167": "N", "133": "E", "119": "W", "83": "S", "82": "N", "29": "W", "191": "S", "47": "E", "36": "W", "6": "W", "3": "S", "116": "E", "75": "N", "123": "E", "118": "N", "74": "S", "24": "E", "23": "N", "152": "S", "211": "W", "178": "E", "151": "E", "60": "S", "233": "W", "231": "S", "226": "N", "209": "E", "102": "N", "62": "E", "239": "S", "223": "S", "52": "W", "43": "N", "182": "N", "177": "S", "110": "N", "79": "S", "38": "W", "20": "W", "228": "E", "130": "W", "206": "E", "141": "E", "140": "W", "134": "W", "129": "W", "100": "E", "25": "E", "19": "W", "246": "N", "243": "S", "208": "N", "192": "S", "142": "N", "114": "W", "97": "E", "95": "W", "27": "E", "160": "W", "149": "E", "108": "W", "51": "E", "35": "N", "30": "W"}, {"166": "S", "77": "E", "212": "W", "72": "E", "224": "S", "120": "S", "78": "S", "174": "S", "84": "E", "16": "W", "201": "E", "217": "W", "88": "W", "198": "W", "139": "E", "21": "N", "181": "W", "115": "E", "159": "N", "247": "N", "92": "W", "4": "N", "214": "S", "190": "N", "184": "E", "161": "W", "157": "W", "94": "S", "28": "E", "15": "E", "183": "E", "145": "E", "17": "S", "12": "W", "220": "N", "194": "W", "180": "W", "105": "E", "86": "S", "56": "E", "8": "S", "227": "E", "205": "S", "150": "W", "121": "S", "64": "W", "237": "N", "241": "W", "59": "S", "37": "E", "9": "S", "167": "E", "133": "E", "119": "W", "83": "S", "82": "E", "29": "W", "191": "S", "47": "E", "36": "W", "6": "N", "3": "S", "222": "E", "49": "S", "75": "N", "123": "E", "219": "W", "238": "W", "128": "E", "74": "S", "24": "E", "23": "N", "172": "E", "152": "W", "5": "E", "211": "W", "178": "S", "151": "E", "33": "W", "244": "W", "233": "W", "231": "S", "209": "E", "102": "E", "73": "S", "239": "S", "223": "W", "52": "W", "42": "N", "245": "N", "187": "N", "182": "E", "177": "S", "110": "N", "79": "S", "69": "N", "55": "E", "38": "N", "20": "N", "228": "E", "202": "N", "130": "S", "206": "E", "196": "E", "141": "S", "140": "S", "134": "W", "132": "E", "107": "E", "100": "E", "25": "N", "246": "W", "243": "S", "208": "W", "192": "S", "164": "N", "114": "N", "97": "S", "54": "S", "27": "N", "225": "N", "170": "S", "160": "S", "149": "E", "108": "W", "51": "S", "30": "S"}, {"166": "S", "77": "E", "212": "W", "72": "E", "67": "W", "224": "S", "120": "S", "78": "E", "174": "S", "84": "N", "16": "S", "201": "E", "217": "W", "88": "W", "143": "E", "124": "W", "139": "E", "93": "S", "21": "N", "181": "N", "115": "E", "159": "N", "247": "E", "4": "N", "11": "N", "214": "W", "190": "N", "184": "E", "161": "S", "157": "W", "94": "S", "28": "E", "15": "E", "183": "E", "145": "E", "18": "N", "17": "S", "12": "W", "220": "N", "194": "N", "180": "W", "105": "E", "86": "E", "61": "W", "56": "E", "8": "S", "227": "E", "205": "S", "150": "W", "121": "S", "64": "W", "237": "E", "241": "W", "162": "W", "59": "W", "37": "E", "9": "S", "167": "E", "133": "E", "119": "W", "83": "S", "82": "N", "29": "W", "191": "S", "47": "N", "36": "W", "6": "W", "3": "S", "222": "N", "49": "S", "242": "W", "123": "N", "118": "E", "74": "S", "24": "E", "23": "E", "0": "S", "80": "S", "5": "N", "211": "W", "218": "E", "203": "N", "178": "W", "244": "W", "233": "W", "231": "S", "209": "E", "171": "W", "46": "E", "223": "S", "52": "W", "42": "W", "245": "N", "187": "N", "182": "N", "177": "E", "110": "E", "79": "E", "69": "E", "55": "N", "48": "S", "38": "E", "20": "N", "228": "E", "202": "W", "130": "W", "234": "N", "196": "E", "141": "S", "140": "W", "132": "E", "129": "S", "107": "N", "100": "S", "25": "N", "19": "W", "248": "E", "246": "W", "243": "W", "208": "W", "192": "S", "164": "W", "114": "W", "97": "S", "65": "S", "44": "W", "27": "N", "229": "N", "225": "N", "160": "S", "149": "E", "108": "S", "51": "S", "30": "W"}, {"166": "S", "77": "E", "212": "W", "72": "E", "67": "S", "224": "S", "120": "S", "78": "E", "174": "S", "16": "W", "201": "E", "217": "S", "88": "W", "143": "E", "139": "E", "181": "W", "115": "N", "159": "E", "247": "E", "4": "N", "11": "W", "214": "W", "190": "N", "184": "E", "161": "E", "157": "W", "28": "E", "183": "E", "145": "S", "17": "E", "12": "W", "220": "N", "194": "W", "180": "W", "105": "E", "86": "E", "61": "N", "56": "E", "8": "S", "227": "E", "205": "S", "150": "W", "146": "S", "121": "E", "64": "W", "237": "N", "241": "W", "162": "S", "59": "W", "37": "E", "34": "E", "9": "S", "167": "E", "133": "S", "119": "W", "83": "S", "82": "E", "29": "W", "191": "W", "47": "E", "36": "W", "6": "W", "3": "E", "222": "N", "116": "E", "75": "E", "123": "E", "118": "N", "63": "S", "74": "S", "24": "E", "23": "N", "58": "N", "172": "E", "152": "W", "40": "E", "5": "E", "218": "E", "203": "N", "178": "N", "244": "W", "233": "W", "226": "W", "209": "E", "171": "N", "102": "E", "46": "E", "39": "N", "239": "S", "223": "S", "168": "E", "42": "W", "245": "E", "182": "N", "110": "E", "69": "S", "55": "E", "48": "S", "20": "W", "7": "S", "228": "S", "130": "S", "196": "E", "141": "S", "140": "W", "132": "E", "129": "W", "107": "N", "100": "S", "25": "E", "249": "N", "248": "E", "246": "W", "208": "W", "192": "S", "164": "W", "114": "W", "97": "S", "95": "S", "65": "S", "44": "W", "27": "E", "229": "E", "225": "N", "160": "S", "149": "E", "108": "S", "51": "S", "30": "W"}, {"166": "S", "77": "E", "212": "W", "72": "E", "67": "S", "224": "S", "120": "S", "174": "S", "201": "E", "88": "W", "138": "S", "139": "E", "136": "S", "21": "E", "181": "W", "115": "E", "159": "E", "247": "N", "4": "N", "11": "S", "214": "W", "190": "N", "184": "E", "157": "W", "94": "E", "28": "E", "15": "E", "183": "E", "145": "E", "17": "E", "12": "W", "220": "N", "194": "N", "180": "N", "86": "E", "61": "N", "56": "E", "8": "S", "227": "E", "205": "E", "150": "W", "146": "E", "121": "E", "64": "W", "237": "E", "241": "W", "162": "S", "59": "W", "37": "E", "34": "N", "9": "S", "133": "E", "119": "W", "83": "S", "82": "N", "29": "N", "191": "W", "47": "E", "36": "S", "6": "W", "3": "E", "222": "E", "116": "E", "49": "S", "75": "E", "235": "S", "123": "E", "118": "N", "68": "S", "63": "S", "238": "N", "24": "E", "23": "N", "152": "N", "40": "N", "32": "S", "5": "N", "211": "W", "203": "N", "151": "E", "103": "W", "60": "S", "50": "E", "244": "W", "233": "W", "226": "W", "209": "E", "171": "W", "73": "W", "46": "E", "39": "N", "239": "W", "223": "S", "168": "N", "52": "W", "43": "N", "42": "S", "245": "S", "187": "W", "182": "N", "177": "S", "110": "E", "69": "S", "55": "N", "48": "S", "20": "W", "7": "W", "228": "E", "202": "S", "130": "S", "234": "S", "196": "E", "141": "S", "140": "W", "132": "E", "129": "W", "107": "N", "100": "E", "25": "N", "19": "S", "249": "E", "248": "E", "246": "W", "208": "W", "192": "S", "164": "W", "114": "W", "97": "S", "95": "W", "65": "S", "54": "N", "44": "W", "27": "E", "225": "W", "160": "S", "149": "N", "108": "S", "51": "E", "30": "S"}, {"166": "S", "77": "E", "212": "W", "72": "E", "67": "E", "224": "S", "120": "S", "174": "S", "201": "E", "88": "W", "124": "E", "139": "E", "136": "E", "93": "N", "21": "N", "181": "W", "115": "E", "159": "N", "247": "E", "4": "N", "214": "W", "190": "E", "184": "E", "157": "W", "94": "N", "28": "E", "15": "E", "145": "S", "18": "S", "17": "E", "12": "W", "220": "N", "194": "N", "180": "N", "86": "E", "61": "E", "56": "E", "8": "S", "227": "S", "150": "W", "121": "E", "64": "W", "241": "W", "162": "E", "59": "W", "37": "E", "34": "N", "9": "W", "119": "W", "83": "S", "82": "N", "29": "N", "191": "S", "47": "N", "36": "S", "6": "W", "3": "E", "222": "N", "75": "E", "242": "E", "118": "W", "68": "S", "144": "N", "74": "E", "24": "E", "23": "W", "0": "N", "152": "W", "80": "N", "32": "E", "5": "N", "203": "E", "103": "W", "60": "E", "50": "E", "233": "N", "226": "N", "209": "E", "171": "S", "102": "W", "98": "S", "73": "N", "39": "E", "1": "E", "239": "S", "223": "S", "168": "N", "52": "W", "42": "W", "245": "S", "204": "E", "187": "W", "182": "N", "177": "S", "110": "E", "69": "S", "55": "N", "20": "W", "7": "S", "228": "S", "202": "S", "130": "S", "234": "W", "196": "E", "163": "E", "141": "S", "140": "W", "132": "E", "129": "N", "107": "E", "100": "E", "25": "N", "249": "S", "246": "W", "243": "E", "208": "W", "192": "W", "114": "W", "97": "S", "95": "W", "65": "E", "57": "E", "44": "W", "27": "E", "229": "E", "225": "W", "160": "S", "149": "N", "108": "S", "51": "S", "35": "E", "30": "W"}, {"166": "S", "77": "E", "212": "W", "72": "E", "224": "S", "78": "E", "174": "E", "84": "E", "88": "W", "90": "S", "139": "E", "136": "E", "21": "N", "181": "W", "159": "N", "247": "E", "92": "E", "4": "N", "214": "W", "190": "E", "161": "E", "157": "N", "94": "N", "28": "N", "15": "S", "145": "S", "12": "N", "220": "N", "194": "W", "180": "W", "86": "E", "61": "E", "8": "S", "227": "E", "205": "S", "150": "N", "121": "E", "64": "N", "241": "N", "162": "S", "59": "W", "37": "E", "34": "W", "9": "W", "119": "W", "83": "S", "82": "W", "29": "W", "191": "S", "47": "E", "36": "S", "6": "W", "3": "E", "235": "N", "123": "E", "118": "N", "144": "N", "128": "N", "74": "S", "24": "E", "23": "N", "200": "E", "152": "N", "40": "S", "5": "N", "218": "W", "60": "S", "50": "E", "233": "N", "231": "S", "226": "N", "209": "E", "171": "W", "39": "S", "22": "N", "1": "S", "239": "E", "223": "S", "168": "N", "52": "W", "42": "S", "245": "S", "204": "N", "187": "S", "182": "N", "177": "W", "110": "S", "69": "S", "55": "N", "48": "N", "20": "W", "7": "S", "228": "E", "130": "S", "234": "N", "216": "E", "196": "E", "163": "N", "140": "W", "132": "S", "107": "N", "100": "E", "249": "E", "246": "W", "243": "N", "208": "W", "192": "W", "164": "N", "142": "E", "114": "W", "97": "S", "95": "W", "65": "E", "57": "E", "44": "W", "27": "S", "229": "S", "225": "W", "170": "N", "160": "S", "149": "N", "108": "S", "51": "E", "30": "S"}, {"166": "S", "72": "E", "224": "W", "78": "S", "174": "S", "84": "S", "16": "S", "88": "W", "138": "E", "139": "E", "136": "N", "21": "W", "181": "N", "159": "E", "247": "N", "4": "N", "214": "S", "190": "N", "157": "W", "94": "W", "28": "E", "15": "W", "145": "W", "12": "W", "220": "N", "194": "W", "180": "N", "86": "E", "61": "E", "8": "S", "227": "E", "150": "W", "146": "W", "121": "E", "64": "W", "241": "W", "59": "W", "37": "E", "34": "W", "9": "W", "167": "E", "119": "W", "83": "S", "82": "W", "29": "N", "191": "S", "47": "N", "36": "S", "6": "W", "3": "E", "116": "N", "75": "W", "123": "S", "118": "W", "68": "N", "63": "N", "144": "W", "74": "S", "24": "E", "200": "E", "152": "N", "32": "S", "5": "W", "218": "W", "203": "S", "178": "E", "60": "E", "50": "E", "233": "N", "231": "E", "226": "N", "209": "E", "171": "S", "98": "S", "73": "N", "1": "E", "239": "E", "223": "S", "168": "N", "52": "W", "42": "S", "245": "S", "204": "N", "182": "W", "177": "S", "110": "S", "69": "S", "55": "N", "48": "N", "20": "S", "7": "S", "228": "E", "130": "S", "234": "E", "216": "N", "206": "S", "196": "E", "163": "N", "140": "W", "132": "S", "107": "N", "100": "E", "19": "N", "249": "S", "246": "W", "243": "N", "208": "S", "192": "W", "114": "W", "97": "S", "95": "N", "65": "E", "57": "E", "44": "W", "27": "S", "229": "E", "225": "N", "160": "S", "149": "N", "108": "S", "51": "S", "30": "S"}, {"166": "W", "224": "S", "78": "S", "174": "S", "84": "S", "16": "S", "88": "W", "138": "N", "90": "N", "139": "E", "136": "E", "21": "W", "115": "E", "247": "N", "4": "W", "214": "W", "190": "N", "157": "W", "94": "W", "28": "N", "15": "W", "145": "N", "12": "W", "220": "N", "194": "N", "180": "N", "86": "S", "61": "E", "8": "S", "227": "S", "150": "W", "121": "E", "64": "W", "237": "S", "241": "W", "162": "S", "59": "W", "37": "S", "34": "W", "9": "W", "167": "S", "133": "E", "119": "N", "83": "S", "82": "W", "29": "N", "191": "S", "47": "E", "36": "S", "6": "S", "3": "E", "222": "W", "116": "N", "49": "N", "75": "W", "242": "W", "123": "W", "68": "N", "63": "N", "144": "S", "128": "S", "74": "S", "24": "E", "23": "N", "152": "E", "40": "N", "32": "S", "5": "W", "218": "W", "203": "W", "60": "S", "233": "N", "231": "N", "226": "N", "171": "W", "102": "N", "98": "S", "73": "E", "1": "N", "239": "E", "223": "S", "168": "N", "52": "W", "43": "N", "42": "S", "245": "E", "204": "N", "182": "W", "177": "S", "69": "E", "55": "N", "48": "N", "7": "S", "202": "E", "130": "S", "234": "N", "216": "N", "206": "E", "196": "E", "163": "N", "140": "W", "132": "E", "129": "N", "107": "N", "19": "W", "249": "S", "248": "E", "246": "W", "243": "E", "208": "S", "192": "W", "114": "W", "97": "W", "65": "E", "57": "S", "44": "W", "27": "S", "229": "E", "225": "W", "160": "S", "149": "W", "108": "S", "51": "S", "35": "W", "30": "S"}, {"166": "W", "224": "S", "78": "S", "174": "S", "84": "S", "88": "W", "138": "W", "139": "E", "136": "N", "21": "W", "115": "E", "4": "N", "214": "W", "161": "W", "157": "W", "28": "N", "145": "W", "12": "W", "220": "W", "194": "W", "180": "N", "86": "S", "61": "E", "8": "E", "227": "E", "205": "S", "121": "S", "64": "W", "237": "W", "241": "W", "59": "W", "37": "E", "34": "W", "9": "W", "167": "E", "119": "N", "83": "S", "82": "W", "191": "S", "47": "E", "36": "W", "6": "S", "116": "E", "75": "W", "74": "S", "24": "E", "23": "W", "200": "N", "172": "N", "152": "N", "40": "N", "32": "E", "5": "W", "178": "W", "60": "S", "50": "W", "233": "N", "226": "N", "171": "S", "73": "N", "39": "W", "239": "E", "223": "S", "168": "N", "52": "W", "43": "W", "42": "S", "245": "S", "204": "W", "182": "W", "177": "S", "69": "S", "20": "W", "7": "E", "130": "W", "234": "N", "206": "S", "196": "N", "163": "W", "141": "E", "140": "W", "132": "E", "107": "N", "249": "W", "246": "W", "243": "N", "208": "S", "192": "W", "142": "E", "114": "W", "97": "S", "95": "E", "57": "S", "44": "S", "27": "S", "225": "W", "160": "S", "149": "N", "108": "S", "51": "S", "35": "N", "30": "S"}, {"166": "S", "224": "S", "78": "S", "174": "S", "88": "W", "139": "E", "136": "N", "21": "W", "181": "W", "115": "E", "247": "W", "4": "N", "214": "S", "161": "W", "157": "W", "28": "N", "145": "W", "12": "W", "220": "N", "194": "N", "180": "N", "61": "E", "8": "S", "227": "E", "205": "W", "121": "E", "64": "W", "237": "W", "241": "W", "162": "N", "59": "W", "37": "E", "34": "W", "9": "N", "167": "S", "119": "W", "83": "S", "82": "W", "29": "W", "191": "S", "47": "S", "36": "W", "6": "S", "3": "S", "116": "E", "74": "E", "24": "E", "200": "W", "172": "N", "152": "N", "40": "E", "32": "E", "5": "W", "50": "W", "233": "W", "226": "N", "171": "S", "39": "S", "22": "E", "1": "W", "239": "N", "223": "S", "168": "N", "52": "W", "43": "W", "42": "S", "245": "E", "204": "N", "182": "W", "177": "S", "69": "S", "55": "E", "20": "W", "7": "S", "130": "S", "234": "W", "196": "E", "163": "N", "141": "E", "140": "W", "132": "E", "129": "N", "107": "N", "100": "E", "19": "N", "249": "W", "246": "W", "243": "N", "208": "W", "192": "W", "164": "E", "142": "E", "114": "W", "97": "S", "57": "E", "44": "W", "27": "S", "225": "W", "160": "E", "108": "E", "51": "W", "35": "W", "30": "S"}, {"166": "S", "78": "E", "88": "W", "139": "E", "136": "N", "181": "W", "4": "N", "214": "S", "184": "E", "161": "W", "157": "W", "28": "N", "12": "W", "220": "N", "194": "N", "180": "W", "61": "E", "8": "W", "227": "E", "205": "N", "121": "E", "64": "N", "241": "W", "162": "N", "59": "W", "37": "E", "34": "W", "167": "W", "119": "W", "83": "S", "82": "W", "29": "W", "191": "S", "47": "E", "36": "S", "6": "W", "3": "E", "116": "E", "242": "W", "53": "S", "74": "E", "24": "E", "23": "E", "0": "S", "200": "W", "172": "N", "152": "E", "40": "N", "32": "E", "5": "N", "103": "W", "233": "N", "226": "W", "171": "S", "39": "S", "22": "S", "239": "E", "52": "W", "43": "W", "42": "S", "245": "E", "204": "N", "182": "N", "177": "W", "110": "E", "69": "W", "55": "N", "20": "S", "7": "S", "130": "S", "234": "N", "196": "E", "163": "N", "141": "E", "140": "W", "132": "S", "129": "W", "107": "N", "100": "S", "19": "W", "246": "W", "208": "S", "192": "W", "142": "E", "114": "S", "97": "W", "95": "W", "57": "S", "44": "S", "27": "S", "225": "W", "160": "E", "108": "E", "51": "S", "35": "W", "30": "S"}, {"166": "S", "78": "E", "88": "W", "136": "N", "4": "N", "214": "S", "157": "W", "28": "W", "145": "S", "12": "W", "220": "N", "194": "W", "180": "W", "61": "E", "8": "W", "227": "S", "205": "W", "146": "W", "121": "E", "64": "W", "241": "W", "162": "N", "59": "W", "37": "S", "34": "W", "167": "S", "119": "W", "83": "W", "29": "W", "191": "S", "47": "E", "36": "S", "6": "W", "3": "E", "222": "W", "74": "S", "24": "E", "0": "S", "200": "S", "172": "N", "152": "S", "32": "E", "218": "E", "178": "N", "103": "N", "50": "N", "33": "E", "125": "S", "233": "W", "226": "N", "171": "S", "102": "W", "73": "S", "39": "S", "239": "N", "168": "E", "52": "N", "43": "S", "42": "W", "245": "S", "204": "N", "182": "W", "177": "W", "110": "S", "69": "S", "55": "N", "20": "W", "130": "S", "234": "N", "196": "E", "163": "N", "140": "W", "132": "W", "107": "W", "100": "E", "19": "W", "246": "W", "243": "W", "208": "W", "192": "N", "142": "S", "114": "W", "97": "S", "95": "W", "57": "S", "44": "S", "225": "W", "160": "E", "108": "E", "51": "S", "30": "W"}, {"78": "S", "174": "S", "88": "W", "136": "N", "4": "N", "214": "W", "184": "W", "157": "W", "28": "N", "18": "N", "12": "W", "220": "N", "194": "N", "180": "W", "61": "E", "8": "W", "227": "S", "146": "N", "121": "S", "64": "W", "237": "S", "241": "W", "162": "N", "59": "S", "37": "S", "34": "N", "9": "W", "167": "S", "119": "W", "83": "S", "82": "N", "191": "S", "47": "E", "6": "W", "3": "N", "81": "W", "128": "S", "74": "S", "24": "N", "172": "W", "152": "S", "40": "W", "32": "E", "103": "N", "50": "N", "33": "S", "244": "W", "233": "N", "226": "N", "171": "S", "73": "S", "39": "E", "22": "W", "168": "N", "52": "N", "43": "S", "42": "S", "245": "E", "204": "N", "187": "S", "182": "W", "177": "S", "110": "S", "69": "E", "55": "N", "20": "W", "130": "E", "234": "N", "216": "N", "206": "W", "196": "E", "163": "W", "140": "W", "132": "W", "129": "W", "107": "N", "100": "S", "248": "W", "246": "N", "243": "S", "208": "W", "192": "W", "142": "S", "114": "W", "97": "W", "57": "S", "44": "S", "27": "E", "225": "S", "160": "E", "108": "E", "51": "S", "30": "S"}, {"88": "W", "136": "E", "4": "N", "214": "W", "157": "W", "28": "W", "18": "E", "12": "W", "220": "N", "194": "W", "180": "W", "61": "E", "227": "S", "146": "W", "121": "S", "64": "W", "237": "S", "241": "W", "59": "S", "37": "S", "34": "W", "9": "S", "119": "W", "83": "S", "82": "W", "29": "W", "191": "S", "47": "S", "6": "W", "242": "E", "118": "N", "81": "N", "53": "N", "74": "W", "24": "E", "172": "W", "40": "W", "32": "E", "5": "S", "103": "E", "50": "W", "33": "W", "233": "W", "226": "N", "102": "W", "99": "W", "1": "W", "52": "N", "42": "E", "245": "E", "204": "N", "187": "S", "182": "W", "177": "S", "110": "W", "69": "E", "55": "N", "20": "W", "202": "W", "130": "E", "216": "W", "206": "S", "196": "N", "163": "W", "140": "W", "132": "W", "129": "W", "107": "W", "100": "W", "249": "W", "246": "N", "243": "S", "208": "W", "192": "W", "142": "W", "114": "W", "97": "S", "57": "S", "44": "W", "27": "S", "225": "S", "160": "E", "108": "E", "51": "S", "30": "S"}, {"88": "W", "136": "E", "4": "E", "214": "W", "157": "W", "28": "N", "18": "S", "12": "W", "220": "W", "194": "W", "180": "W", "61": "E", "150": "N", "121": "S", "64": "W", "241": "W", "59": "S", "37": "S", "34": "W", "9": "E", "167": "S", "119": "W", "83": "W", "29": "N", "191": "E", "47": "E", "116": "S", "193": "N", "123": "E", "81": "N", "74": "W", "24": "E", "23": "S", "0": "E", "172": "S", "32": "E", "5": "S", "103": "E", "50": "W", "33": "N", "233": "W", "226": "N", "99": "W", "39": "E", "168": "E", "112": "E", "52": "N", "42": "E", "204": "N", "177": "E", "55": "W", "20": "W", "202": "W", "130": "E", "234": "E", "206": "S", "196": "N", "163": "N", "140": "N", "132": "S", "129": "S", "107": "W", "100": "S", "249": "S", "246": "N", "243": "E", "208": "W", "192": "W", "164": "W", "142": "W", "114": "W", "97": "S", "57": "S", "44": "S", "27": "S", "225": "S", "51": "W", "30": "S"}, {"88": "W", "136": "E", "31": "W", "214": "W", "157": "W", "28": "W", "18": "W", "12": "W", "220": "N", "194": "W", "180": "W", "61": "N", "121": "W", "64": "W", "241": "W", "59": "S", "37": "S", "34": "W", "9": "N", "167": "W", "119": "W", "83": "S", "82": "E", "29": "N", "47": "S", "116": "E", "81": "N", "53": "E", "128": "N", "74": "W", "172": "S", "32": "E", "5": "S", "218": "W", "103": "S", "50": "S", "125": "E", "233": "N", "226": "E", "171": "E", "99": "S", "52": "N", "204": "N", "177": "E", "110": "S", "55": "N", "20": "S", "130": "E", "206": "S", "196": "N", "163": "N", "141": "W", "140": "N", "132": "W", "129": "S", "107": "W", "100": "S", "249": "S", "246": "N", "208": "S", "192": "W", "164": "W", "142": "W", "114": "S", "97": "W", "57": "S", "44": "S", "27": "S", "225": "S", "160": "E", "51": "S", "30": "S"}, {"88": "N", "136": "N", "214": "W", "157": "W", "28": "W", "12": "W", "220": "N", "194": "N", "180": "N", "61": "E", "121": "W", "64": "S", "241": "W", "37": "S", "34": "W", "119": "S", "83": "S", "82": "S", "29": "W", "191": "E", "47": "S", "6": "S", "193": "S", "118": "S", "109": "W", "81": "E", "53": "E", "74": "W", "0": "W", "172": "S", "32": "E", "103": "E", "50": "S", "125": "E", "233": "W", "226": "E", "171": "E", "99": "S", "39": "W", "168": "N", "112": "W", "52": "N", "204": "W", "177": "E", "110": "S", "55": "W", "20": "W", "202": "W", "130": "N", "234": "W", "206": "E", "163": "W", "141": "W", "140": "N", "132": "S", "129": "E", "107": "N", "100": "E", "19": "S", "249": "W", "246": "N", "243": "W", "208": "W", "192": "W", "164": "S", "142": "S", "114": "W", "97": "W", "57": "W", "44": "S", "27": "W", "225": "W", "170": "S", "108": "S", "51": "W", "30": "S"}, {"88": "N", "214": "S", "157": "N", "28": "N", "220": "N", "194": "W", "180": "W", "61": "N", "150": "S", "121": "S", "241": "W", "37": "S", "34": "S", "119": "W", "83": "S", "82": "W", "29": "W", "191": "E", "47": "S", "6": "S", "116": "W", "242": "E", "123": "W", "81": "S", "74": "S", "0": "N", "172": "S", "125": "N", "233": "W", "226": "N", "99": "S", "39": "S", "168": "W", "52": "N", "182": "S", "177": "E", "110": "S", "69": "E", "55": "N", "20": "S", "130": "E", "163": "W", "140": "N", "132": "S", "107": "W", "100": "S", "19": "W", "249": "S", "246": "N", "208": "S", "192": "W", "142": "W", "114": "S", "97": "W", "57": "W", "54": "S", "44": "S", "27": "W", "160": "N", "108": "S", "51": "S", "30": "S"}, {"31": "E", "214": "E", "28": "N", "12": "W", "220": "N", "194": "W", "180": "W", "61": "N", "121": "S", "241": "W", "59": "S", "37": "S", "34": "W", "119": "W", "83": "E", "82": "W", "47": "S", "6": "W", "116": "W", "109": "E", "53": "W", "74": "W", "172": "W", "32": "E", "218": "E", "203": "E", "125": "W", "233": "W", "226": "E", "171": "E", "99": "E", "168": "W", "52": "N", "187": "S", "177": "E", "69": "E", "55": "W", "20": "S", "202": "W", "163": "W", "141": "E", "140": "N", "132": "W", "100": "S", "249": "S", "248": "S", "246": "N", "208": "S", "192": "W", "164": "W", "142": "S", "114": "S", "97": "W", "57": "W", "44": "S", "27": "W", "108": "E", "51": "S", "30": "S"}, {"28": "N", "12": "W", "220": "E", "194": "W", "180": "W", "61": "E", "241": "W", "59": "S", "37": "S", "34": "N", "119": "W", "83": "E", "47": "S", "6": "W", "116": "S", "53": "W", "74": "S", "0": "N", "203": "S", "125": "W", "233": "N", "226": "N", "171": "E", "99": "E", "168": "W", "52": "N", "43": "S", "204": "E", "182": "N", "69": "E", "20": "S", "202": "W", "141": "E", "140": "N", "132": "S", "100": "S", "249": "S", "246": "N", "243": "E", "208": "S", "192": "W", "164": "S", "142": "W", "114": "S", "97": "W", "57": "W", "44": "E", "27": "S", "170": "N", "160": "N", "108": "S", "51": "W", "30": "S"}, {"12": "N", "220": "E", "194": "W", "180": "W", "61": "N", "241": "S", "37": "W", "34": "N", "119": "W", "83": "E", "47": "S", "74": "S", "203": "E", "233": "W", "171": "N", "168": "S", "52": "N", "43": "W", "187": "E", "20": "S", "141": "E", "140": "W", "132": "S", "100": "S", "19": "E", "249": "W", "246": "N", "208": "S", "192": "W", "142": "W", "114": "S", "97": "W", "57": "N", "54": "N", "44": "S", "27": "S", "160": "N", "108": "E", "51": "W", "30": "E"}, {"194": "N", "61": "N", "59": "N", "37": "W", "74": "S", "218": "W", "203": "S", "103": "S", "233": "W", "20": "S", "140": "N", "100": "S", "19": "S", "248": "N", "246": "W", "208": "S", "192": "W", "164": "W", "142": "S", "114": "S", "97": "W", "44": "E", "27": "W", "160": "E", "108": "N", "51": "S", "30": "E"}, {"194": "N", "61": "E", "59": "N", "37": "N", "74": "S", "203": "E", "233": "W", "187": "E", "20": "S", "140": "N", "100": "S", "19": "W", "246": "N", "243": "E", "208": "S", "192": "W", "164": "W", "114": "S", "97": "W", "44": "E", "27": "S", "160": "N", "108": "N", "51": "W", "30": "E"}, {"194": "N", "74": "S", "233": "W", "20": "S", "140": "N", "100": "S", "246": "N", "208": "S", "192": "W", "114": "S", "97": "W", "44": "E", "27": "S", "108": "N", "51": "W", "30": "E"}, {"194": "W", "61": "W", "74": "S", "203": "W", "233": "W", "187": "W", "20": "S", "202": "W", "140": "N", "100": "S", "19": "W", "246": "N", "208": "S", "192": "W", "114": "S", "97": "W", "44": "E", "27": "S", "51": "W", "30": "E"}, {"194": "W", "61": "W", "74": "S", "32": "W", "203": "W", "233": "W", "187": "W", "20": "S", "140": "N", "100": "W", "246": "N", "208": "S", "192": "N", "114": "S", "97": "W", "44": "E", "27": "S", "51": "N", "30": "E"}, {"194": "W", "61": "W", "74": "S", "203": "W", "233": "W", "20": "S", "140": "N", "100": "W", "246": "W", "208": "S", "192": "N", "114": "S", "97": "N", "44": "N", "27": "W", "51": "W", "30": "E"}, {"194": "W", "61": "W", "74": "S", "233": "W", "98": "W", "20": "E", "140": "E", "246": "N", "208": "E", "192": "N", "114": "E", "97": "N", "44": "E", "27": "S", "51": "W", "30": "E"}, {"74": "S", "32": "E", "233": "W", "20": "E", "140": "N", "246": "N", "208": "E", "192": "N", "114": "E", "97": "W", "44": "E", "51": "W", "30": "E"}, {"74": "S", "233": "W", "20": "E", "140": "N", "246": "N", "208": "E", "192": "N", "114": "E", "97": "N", "51": "W"}, {"233": "S", "98": "E", "20": "E", "140": "N", "246": "N", "208": "E", "192": "N", "114": "E", "97": "N", "51": "W"}, {"233": "S", "20": "E", "140": "N", "208": "E", "192": "W", "114": "E", "97": "N", "51": "W"}, {"20": "E", "140": "N", "208": "E", "192": "N", "114": "N", "44": "E", "51": "W"}, {"20": "S", "140": "N", "192": "N", "51": "W"}, {"20": "E", "51": "N"}, {"51": "N"}, {"51": "N"}, {"51": "N"}, {"51": "N"}], "result": "SUCCESS", "makespan": 69, "sum": 6949, "algo_name": "OutAndInByPercentage_BIT_", "extra": {"arrival_order": [173, 41, 166, 215, 77, 212, 185, 85, 72, 71, 236, 67, 224, 120, 78, 174, 84, 26, 16, 153, 201, 89, 217, 88, 176, 143, 124, 138, 131, 91, 90, 198, 139, 136, 93, 31, 10, 21, 181, 115, 159, 247, 169, 92, 4, 11, 214, 190, 184, 161, 157, 94, 28, 15, 183, 145, 104, 18, 17, 12, 135, 230, 220, 194, 180, 105, 86, 61, 56, 8, 227, 205, 150, 146, 121, 64, 237, 241, 162, 59, 37, 34, 9, 167, 133, 119, 83, 82, 29, 191, 47, 36, 6, 3, 156, 222, 116, 49, 75, 242, 235, 193, 123, 213, 118, 219, 155, 109, 81, 68, 63, 53, 147, 13, 238, 144, 128, 127, 111, 74, 24, 23, 0, 58, 200, 197, 172, 165, 152, 80, 45, 40, 32, 5, 2, 211, 218, 203, 178, 151, 148, 126, 113, 106, 103, 66, 60, 50, 33, 125, 244, 240, 233, 232, 231, 226, 210, 209, 188, 171, 158, 154, 102, 99, 98, 76, 73, 62, 46, 39, 22, 1, 239, 223, 221, 195, 186, 179, 168, 137, 122, 112, 52, 43, 42, 245, 175, 204, 199, 189, 187, 182, 177, 110, 101, 79, 70, 69, 55, 48, 38, 20, 7, 228, 202, 130, 234, 216, 207, 206, 196, 163, 141, 140, 134, 132, 129, 117, 107, 100, 96, 25, 19, 14, 249, 248, 246, 243, 208, 192, 164, 142, 114, 97, 95, 87, 65, 57, 54, 44, 27, 229, 225, 170, 160, 149, 108, 51, 35, 30], "time_arrived": [3312, 4433, 3604, 2433, 1034, 3583, 2392, 5241, 1658, 2058, 832, 1051, 1388, 3002, 5821, 1243, 423, 1355, 1336, 5808, 5215, 857, 4415, 3268, 3222, 5789, 405, 6371, 1220, 2241, 6666, 811, 3560, 3914, 2016, 6622, 2352, 1969, 5176, 4397, 3544, 70, 4803, 4775, 6342, 3513, 4383, 2313, 5162, 2580, 3887, 6607, 4750, 2948, 6302, 5141, 1641, 6294, 3343, 1934, 3867, 1612, 4367, 2916, 1819, 6262, 3847, 278, 2904, 5102, 5068, 226, 210, 4355, 3193, 2610, 4344, 126, 350, 5054, 3490, 2874, 2213, 2185, 388, 187, 1588, 6230, 543, 484, 720, 697, 1003, 793, 1185, 6214, 5763, 6189, 4333, 4290, 5750, 5024, 4266, 3836, 1316, 1555, 3819, 5701, 6555, 2838, 5009, 3145, 4696, 3806, 6136, 906, 2552, 5670, 2777, 2143, 321, 1783, 4657, 2698, 610, 3948, 3778, 3109, 3088, 5655, 5348, 670, 5622, 2122, 5603, 1405, 783, 4625, 642, 769, 5592, 5537, 6089, 594, 3050, 1287, 1755, 2986, 3746, 6514, 1726, 3723, 3451, 435, 4245, 2830, 2472, 1164, 4235, 937, 6489, 1131, 1915, 5507, 6072, 3413, 90, 2084, 4604, 990, 6447, 4228, 3400, 43, 372, 4844, 579, 4983, 3707, 4579, 1528, 879, 4937, 1270, 1116, 165, 4568, 4907, 4182, 4892, 1094, 2285, 6042, 2665, 1497, 4559, 5488, 3381, 746, 4880, 3361, 465, 5308, 3665, 4870, 1702, 5454, 5427, 5993, 4160, 4131, 3641, 141, 2732, 1072, 105, 5404, 505, 3652, 2811, 1458, 4536, 2515, 4521, 300, 6425, 4117, 1677, 5273, 6393, 1425, 4086, 4042, 4035, 5383, 2642, 250, 1850, 3016, 4473, 3992, 1893, 2624, 5954, 3980, 4821, 5911, 963, 5858, 5842], "BIT_runs": 1, "old_makespan": 6666, "old_sum": 9169, "improved": "[173, 41, 166, 215, 77, 212, 185, 85, 72, 71, 236, 67, 224, 120, 78, 174, 84, 26, 16, 153, 201, 89, 217, 88, 176, 143, 124, 138, 131, 91, 90, 198, 139, 136, 93, 31, 10, 21, 181, 115, 159, 247, 169, 92, 4, 11, 214, 190, 184, 161, 157, 94, 28, 15, 183, 145, 104, 18, 17, 12, 135, 230, 220, 194, 180, 105, 86, 61, 56, 8, 227, 205, 150, 146, 121, 64, 237, 241, 162, 59, 37, 34, 9, 167, 133, 119, 83, 82, 29, 191, 47, 36, 6, 3, 156, 222, 116, 49, 75, 242, 235, 193, 123, 213, 118, 219, 155, 109, 81, 68, 63, 53, 147, 13, 238, 144, 128, 127, 111, 74, 24, 23, 0, 58, 200, 197, 172, 165, 152, 80, 45, 40, 32, 5, 2, 211, 218, 203, 178, 151, 148, 126, 113, 106, 103, 66, 60, 50, 33, 125, 244, 240, 233, 232, 231, 226, 210, 209, 188, 171, 158, 154, 102, 99, 98, 76, 73, 62, 46, 39, 22, 1, 239, 223, 221, 195, 186, 179, 168, 137, 122, 112, 52, 43, 42, 245, 175, 204, 199, 189, 187, 182, 177, 110, 101, 79, 70, 69, 55, 48, 38, 20, 7, 228, 202, 130, 234, 216, 207, 206, 196, 163, 141, 140, 134, 132, 129, 117, 107, 100, 96, 25, 19, 14, 249, 248, 246, 243, 208, 192, 164, 142, 114, 97, 95, 87, 65, 57, 54, 44, 27, 229, 225, 170, 160, 149, 108, 51, 35, 30],", "goal_raise_for_bs": 32}}