{"instance": "buffalo_001_25x25_40_174", "steps": [{"110": "N", "76": "N", "82": "S", "153": "S", "152": "N", "45": "N", "23": "W", "117": "E", "98": "E", "101": "N", "165": "N", "50": "N", "19": "S", "146": "E", "41": "E", "5": "N", "49": "N", "42": "W", "81": "E", "90": "N", "143": "W", "10": "W", "158": "N", "22": "W", "112": "W", "172": "E", "111": "S", "154": "E", "61": "E", "53": "N", "83": "E", "156": "S", "107": "S", "85": "S", "36": "S", "155": "E", "114": "S", "119": "W", "84": "W", "40": "S", "15": "E", "3": "N", "16": "N", "87": "E", "89": "N", "166": "N", "65": "E", "144": "N", "92": "E", "157": "W", "116": "W", "103": "N", "39": "N", "124": "N", "67": "W", "132": "E", "97": "N", "170": "N", "125": "W", "122": "W", "93": "W", "37": "W", "163": "E", "80": "N", "160": "W", "64": "W", "51": "W", "91": "N", "133": "N", "140": "W", "38": "S", "30": "W", "20": "E", "18": "W", "56": "E", "115": "N", "34": "N", "118": "S", "100": "W", "0": "W", "159": "N", "147": "E", "136": "E", "134": "W", "25": "S", "24": "S", "139": "N", "168": "N", "167": "W", "142": "S", "131": "W", "128": "W", "105": "N", "96": "W", "62": "S", "57": "N", "11": "S", "2": "S", "151": "S", "145": "S", "135": "N", "129": "N", "86": "W", "59": "S", "47": "W", "46": "W", "43": "W", "9": "S", "63": "N", "161": "W", "99": "W", "73": "N", "71": "E", "52": "N", "26": "W", "14": "E", "7": "N", "1": "N", "162": "S", "113": "N", "108": "W", "106": "N", "54": "S", "32": "N", "169": "S", "137": "S", "121": "W", "95": "N"}, {"79": "S", "110": "N", "21": "S", "8": "E", "33": "S", "76": "N", "82": "S", "153": "S", "152": "E", "45": "W", "23": "W", "117": "E", "98": "E", "120": "E", "101": "N", "165": "N", "50": "N", "19": "S", "58": "S", "146": "E", "41": "E", "5": "N", "49": "N", "81": "E", "94": "S", "90": "N", "143": "W", "10": "W", "158": "N", "22": "W", "112": "W", "102": "W", "172": "E", "111": "S", "154": "S", "61": "N", "53": "N", "156": "S", "107": "S", "85": "S", "36": "S", "155": "E", "114": "S", "119": "W", "84": "W", "40": "S", "17": "N", "15": "N", "70": "S", "16": "N", "87": "E", "89": "N", "166": "N", "65": "E", "144": "N", "92": "E", "157": "W", "116": "W", "103": "N", "39": "N", "124": "N", "67": "W", "132": "E", "97": "N", "170": "N", "149": "W", "125": "W", "37": "W", "163": "E", "80": "N", "171": "N", "160": "S", "64": "W", "91": "N", "133": "N", "150": "W", "140": "W", "38": "S", "20": "E", "18": "W", "56": "E", "115": "N", "34": "N", "138": "W", "118": "S", "100": "W", "159": "N", "147": "E", "136": "E", "134": "N", "88": "W", "25": "S", "139": "N", "173": "W", "168": "W", "142": "S", "131": "W", "128": "W", "105": "N", "96": "W", "57": "N", "11": "S", "2": "S", "126": "W", "145": "S", "135": "N", "129": "N", "86": "S", "59": "S", "47": "W", "46": "W", "43": "W", "9": "S", "63": "N", "161": "W", "99": "W", "78": "N", "73": "N", "69": "N", "52": "N", "26": "W", "14": "E", "7": "N", "1": "N", "162": "S", "106": "N", "77": "W", "54": "S", "32": "E", "169": "S", "137": "W", "121": "N", "95": "N", "12": "S"}, {"79": "S", "110": "N", "21": "S", "33": "S", "76": "N", "82": "S", "153": "S", "23": "W", "117": "E", "98": "E", "35": "S", "120": "E", "101": "N", "50": "N", "19": "S", "58": "S", "146": "E", "41": "E", "5": "N", "49": "N", "81": "E", "94": "S", "90": "N", "143": "W", "10": "W", "158": "N", "22": "W", "112": "W", "109": "N", "172": "E", "111": "S", "53": "N", "83": "S", "156": "S", "107": "S", "85": "S", "36": "S", "155": "E", "114": "S", "119": "W", "84": "S", "40": "S", "17": "N", "15": "N", "70": "S", "27": "S", "3": "N", "16": "E", "87": "E", "166": "N", "65": "E", "144": "N", "92": "E", "157": "W", "116": "W", "39": "N", "67": "W", "132": "E", "97": "N", "149": "N", "125": "S", "37": "W", "163": "E", "80": "N", "64": "W", "51": "W", "91": "N", "133": "E", "140": "W", "38": "S", "30": "W", "20": "E", "18": "W", "56": "E", "115": "E", "34": "N", "118": "S", "100": "N", "0": "W", "159": "N", "147": "E", "136": "E", "25": "S", "173": "W", "168": "N", "142": "S", "131": "W", "128": "W", "105": "N", "74": "S", "62": "E", "11": "S", "2": "W", "135": "W", "129": "N", "86": "S", "59": "S", "47": "N", "46": "W", "44": "N", "161": "W", "99": "N", "78": "E", "73": "N", "52": "W", "26": "S", "14": "S", "7": "W", "1": "N", "162": "S", "148": "N", "106": "E", "77": "W", "66": "N", "54": "S", "169": "S", "137": "S", "121": "W", "95": "W"}, {"79": "S", "110": "N", "21": "S", "8": "S", "33": "S", "76": "N", "82": "S", "153": "S", "23": "W", "117": "E", "98": "E", "35": "W", "120": "E", "101": "N", "165": "N", "50": "N", "19": "S", "58": "S", "72": "W", "146": "E", "41": "E", "5": "N", "49": "N", "42": "S", "81": "E", "94": "S", "90": "N", "143": "W", "10": "W", "158": "N", "22": "W", "112": "W", "109": "N", "172": "E", "111": "S", "53": "N", "156": "S", "107": "S", "85": "S", "36": "S", "155": "E", "114": "S", "119": "S", "84": "W", "40": "S", "17": "N", "15": "W", "70": "S", "27": "S", "68": "S", "16": "E", "87": "E", "89": "S", "166": "N", "65": "E", "144": "N", "92": "E", "157": "W", "116": "W", "39": "N", "124": "W", "67": "W", "48": "W", "132": "E", "97": "N", "170": "N", "149": "N", "125": "S", "93": "N", "37": "W", "163": "E", "80": "N", "160": "W", "64": "W", "91": "N", "133": "E", "150": "S", "140": "W", "38": "S", "20": "E", "18": "W", "56": "E", "115": "N", "34": "N", "118": "S", "159": "N", "147": "N", "136": "E", "134": "W", "25": "S", "139": "S", "173": "W", "167": "W", "142": "S", "105": "N", "74": "S", "62": "E", "57": "N", "11": "S", "6": "N", "126": "N", "129": "N", "59": "S", "47": "N", "46": "S", "44": "N", "9": "N", "63": "N", "99": "E", "78": "N", "73": "N", "71": "W", "26": "S", "14": "S", "7": "W", "162": "S", "148": "W", "77": "S", "66": "N", "54": "S", "169": "S", "137": "S", "121": "W", "95": "N", "29": "W", "12": "E"}, {"79": "E", "110": "N", "21": "E", "33": "S", "76": "N", "127": "E", "82": "S", "153": "S", "152": "E", "164": "S", "23": "W", "117": "E", "98": "E", "35": "S", "120": "E", "101": "N", "165": "N", "50": "N", "19": "S", "58": "S", "72": "N", "146": "E", "41": "E", "5": "N", "49": "N", "42": "S", "81": "E", "94": "S", "90": "N", "143": "W", "10": "W", "158": "N", "22": "W", "112": "W", "109": "N", "172": "E", "111": "S", "53": "N", "156": "S", "107": "S", "85": "S", "36": "S", "155": "S", "114": "S", "119": "S", "40": "S", "17": "N", "15": "W", "104": "S", "70": "S", "27": "E", "130": "S", "75": "W", "3": "E", "16": "N", "87": "E", "89": "W", "166": "N", "65": "E", "144": "N", "92": "E", "157": "W", "116": "W", "103": "N", "39": "N", "124": "S", "67": "W", "48": "W", "132": "E", "97": "N", "170": "E", "149": "E", "125": "E", "122": "W", "93": "E", "37": "W", "163": "E", "80": "N", "171": "W", "160": "W", "64": "W", "91": "N", "133": "E", "150": "W", "140": "W", "30": "W", "20": "E", "18": "W", "56": "E", "115": "E", "34": "N", "138": "E", "118": "W", "0": "W", "159": "N", "147": "E", "136": "E", "134": "W", "25": "E", "173": "W", "167": "W", "142": "W", "105": "N", "74": "W", "57": "W", "11": "W", "126": "N", "145": "W", "129": "N", "47": "W", "46": "W", "43": "N", "63": "N", "99": "N", "78": "E", "73": "N", "26": "S", "14": "W", "7": "W", "1": "S", "162": "S", "148": "S", "113": "S", "108": "W", "77": "W", "66": "E", "60": "W", "54": "S", "169": "S", "137": "S", "121": "W", "95": "N"}, {"79": "S", "110": "E", "21": "S", "33": "E", "76": "N", "127": "E", "82": "S", "153": "S", "152": "E", "164": "S", "23": "W", "117": "E", "98": "E", "35": "W", "120": "N", "101": "N", "165": "N", "50": "N", "13": "S", "72": "N", "146": "E", "41": "E", "5": "N", "49": "N", "42": "S", "81": "E", "94": "S", "90": "N", "143": "W", "10": "W", "22": "W", "112": "W", "109": "N", "172": "E", "111": "S", "154": "S", "53": "N", "156": "E", "107": "S", "85": "S", "36": "W", "155": "S", "114": "S", "119": "E", "40": "S", "15": "W", "70": "E", "27": "E", "75": "W", "31": "S", "3": "E", "16": "N", "87": "E", "89": "W", "166": "E", "65": "E", "92": "E", "157": "S", "116": "W", "103": "N", "124": "S", "67": "W", "48": "N", "132": "E", "170": "E", "149": "E", "125": "E", "122": "N", "93": "E", "37": "W", "163": "E", "171": "W", "64": "S", "51": "W", "91": "N", "133": "E", "150": "W", "38": "W", "30": "W", "20": "E", "18": "W", "56": "E", "115": "E", "138": "S", "118": "W", "100": "W", "0": "W", "159": "N", "136": "E", "25": "N", "139": "E", "173": "W", "168": "W", "142": "N", "96": "W", "62": "E", "11": "N", "126": "W", "151": "N", "145": "N", "86": "W", "59": "W", "44": "W", "63": "N", "99": "N", "71": "S", "26": "S", "14": "S", "7": "W", "1": "E", "162": "S", "148": "S", "108": "S", "77": "S", "66": "E", "60": "S", "54": "S", "169": "S", "137": "S", "121": "W", "95": "W", "12": "W"}, {"79": "S", "110": "S", "21": "S", "76": "N", "127": "E", "82": "S", "153": "S", "28": "S", "152": "E", "164": "W", "23": "W", "117": "E", "98": "E", "35": "N", "120": "N", "101": "N", "50": "N", "19": "S", "58": "S", "72": "N", "146": "E", "41": "E", "5": "N", "49": "N", "94": "E", "90": "N", "143": "W", "10": "W", "22": "W", "112": "W", "109": "N", "111": "S", "154": "S", "53": "N", "83": "S", "156": "E", "107": "S", "85": "S", "36": "S", "155": "W", "114": "S", "119": "S", "84": "E", "40": "S", "15": "W", "70": "N", "55": "S", "27": "N", "123": "S", "75": "W", "3": "E", "16": "N", "166": "N", "116": "W", "103": "N", "124": "E", "48": "N", "132": "E", "97": "E", "170": "E", "125": "E", "122": "N", "93": "E", "37": "W", "171": "W", "160": "N", "64": "W", "51": "W", "91": "N", "133": "E", "150": "W", "30": "W", "20": "E", "18": "W", "56": "N", "115": "E", "34": "E", "138": "S", "118": "W", "0": "W", "159": "N", "136": "N", "134": "W", "25": "N", "24": "S", "139": "E", "173": "W", "167": "W", "142": "N", "128": "S", "96": "W", "11": "W", "6": "E", "86": "W", "59": "W", "47": "W", "46": "W", "44": "S", "9": "S", "161": "E", "99": "N", "26": "S", "7": "W", "162": "S", "148": "W", "108": "W", "77": "S", "66": "E", "54": "S", "169": "S", "137": "S", "121": "W", "95": "N", "29": "N"}, {"110": "S", "21": "E", "8": "N", "33": "E", "76": "W", "127": "N", "82": "S", "28": "S", "152": "E", "164": "W", "45": "W", "23": "W", "117": "E", "98": "E", "35": "W", "120": "N", "165": "N", "50": "W", "19": "S", "72": "N", "146": "E", "41": "E", "81": "E", "94": "E", "143": "W", "10": "W", "158": "N", "22": "W", "112": "W", "109": "N", "102": "S", "172": "E", "111": "S", "154": "S", "61": "N", "53": "N", "83": "S", "156": "N", "107": "S", "36": "S", "155": "W", "119": "E", "84": "S", "40": "W", "15": "W", "70": "E", "55": "S", "27": "E", "75": "W", "4": "E", "3": "N", "16": "N", "89": "W", "166": "N", "116": "W", "103": "N", "39": "W", "67": "W", "48": "N", "132": "E", "97": "N", "170": "E", "149": "E", "125": "E", "37": "W", "163": "E", "80": "W", "171": "W", "160": "N", "51": "W", "133": "E", "150": "W", "38": "E", "30": "W", "20": "E", "18": "W", "56": "N", "138": "E", "118": "W", "100": "W", "0": "W", "147": "E", "136": "N", "25": "E", "24": "S", "139": "E", "173": "W", "168": "W", "142": "W", "131": "E", "105": "E", "96": "W", "74": "W", "57": "E", "11": "W", "6": "E", "2": "S", "126": "N", "151": "E", "145": "W", "141": "E", "129": "N", "86": "W", "59": "W", "44": "S", "63": "N", "99": "N", "73": "N", "71": "S", "52": "N", "26": "S", "7": "S", "162": "S", "148": "W", "113": "W", "108": "W", "106": "N", "66": "E", "60": "W", "32": "N", "169": "S", "137": "S", "121": "W", "95": "W", "29": "E"}, {"79": "E", "110": "W", "21": "E", "8": "E", "33": "S", "76": "S", "127": "E", "82": "S", "28": "W", "164": "S", "23": "W", "117": "S", "98": "S", "35": "W", "165": "N", "50": "W", "19": "S", "72": "E", "5": "N", "49": "N", "42": "W", "81": "N", "90": "N", "143": "W", "10": "W", "158": "N", "22": "W", "112": "W", "109": "N", "102": "W", "172": "E", "111": "E", "154": "S", "61": "N", "53": "E", "83": "S", "156": "N", "107": "S", "36": "S", "155": "S", "119": "S", "84": "W", "40": "N", "15": "W", "55": "E", "27": "N", "123": "E", "68": "E", "130": "E", "75": "W", "31": "E", "4": "N", "3": "N", "16": "E", "89": "S", "166": "N", "65": "E", "144": "E", "92": "E", "103": "E", "39": "W", "48": "N", "97": "N", "170": "E", "125": "S", "122": "E", "93": "S", "37": "W", "80": "S", "171": "S", "160": "E", "51": "W", "91": "N", "140": "E", "38": "E", "30": "N", "18": "W", "56": "N", "118": "W", "147": "E", "136": "N", "88": "S", "25": "E", "24": "W", "139": "E", "173": "W", "167": "N", "142": "N", "128": "S", "96": "S", "74": "N", "57": "S", "11": "N", "6": "N", "126": "W", "145": "W", "141": "N", "135": "W", "129": "N", "59": "W", "44": "E", "63": "N", "161": "N", "99": "N", "73": "N", "71": "W", "69": "N", "26": "S", "14": "W", "162": "S", "108": "W", "106": "W", "66": "E", "60": "S", "32": "W", "169": "S", "137": "S", "121": "S", "95": "W", "29": "E"}, {"79": "S", "110": "W", "33": "S", "76": "S", "127": "E", "28": "W", "164": "W", "45": "E", "23": "W", "117": "W", "98": "W", "35": "W", "101": "N", "50": "W", "19": "W", "58": "E", "72": "N", "146": "E", "41": "E", "5": "N", "49": "N", "42": "W", "81": "N", "94": "E", "90": "N", "143": "W", "10": "W", "158": "N", "22": "W", "112": "W", "109": "N", "102": "W", "172": "N", "154": "E", "61": "N", "53": "E", "83": "S", "156": "W", "107": "W", "36": "S", "155": "W", "119": "E", "84": "S", "15": "W", "55": "S", "27": "N", "75": "W", "31": "S", "4": "N", "3": "N", "16": "N", "89": "W", "166": "N", "65": "E", "144": "N", "92": "E", "157": "N", "116": "W", "39": "N", "48": "N", "132": "E", "97": "W", "170": "E", "149": "E", "37": "W", "160": "E", "51": "W", "91": "N", "133": "E", "150": "W", "140": "S", "38": "E", "30": "W", "18": "W", "56": "N", "138": "E", "118": "W", "159": "N", "147": "E", "136": "N", "134": "W", "88": "W", "25": "E", "24": "W", "139": "E", "173": "W", "167": "E", "142": "W", "131": "W", "128": "W", "74": "W", "11": "W", "126": "N", "151": "N", "145": "W", "129": "N", "59": "W", "46": "N", "44": "E", "43": "W", "63": "E", "161": "W", "99": "E", "73": "N", "71": "W", "52": "N", "26": "S", "14": "S", "162": "W", "148": "W", "108": "W", "77": "W", "66": "E", "60": "W", "32": "W", "169": "E", "137": "S", "95": "W", "12": "S"}, {"110": "W", "33": "E", "127": "E", "28": "W", "164": "W", "45": "S", "23": "W", "117": "W", "98": "W", "35": "W", "120": "N", "101": "W", "165": "N", "50": "S", "19": "S", "58": "N", "72": "N", "49": "W", "42": "W", "81": "N", "143": "W", "10": "W", "158": "N", "22": "W", "102": "W", "172": "N", "111": "S", "154": "E", "61": "N", "53": "S", "83": "S", "156": "W", "107": "N", "36": "W", "155": "W", "119": "S", "84": "S", "40": "W", "15": "W", "55": "E", "27": "N", "123": "E", "68": "E", "130": "E", "75": "W", "31": "W", "3": "W", "16": "N", "89": "W", "166": "N", "65": "E", "144": "N", "92": "E", "157": "N", "116": "N", "67": "E", "48": "N", "97": "N", "149": "N", "125": "S", "37": "W", "163": "E", "80": "N", "171": "W", "51": "S", "150": "S", "140": "S", "38": "E", "18": "W", "56": "N", "138": "E", "118": "W", "100": "N", "147": "N", "136": "N", "134": "W", "88": "W", "25": "E", "24": "W", "139": "E", "168": "S", "167": "S", "142": "W", "131": "W", "128": "W", "105": "W", "74": "W", "62": "S", "11": "W", "126": "W", "145": "W", "141": "N", "129": "W", "59": "W", "47": "W", "46": "N", "44": "E", "43": "W", "63": "E", "161": "W", "99": "E", "78": "E", "71": "W", "69": "E", "26": "S", "14": "S", "162": "W", "148": "S", "108": "W", "77": "W", "66": "E", "60": "W", "32": "N", "169": "N", "137": "S", "95": "W", "29": "N", "12": "S"}, {"110": "W", "21": "S", "127": "E", "82": "W", "164": "W", "45": "S", "23": "W", "117": "W", "98": "W", "35": "W", "120": "E", "165": "N", "50": "S", "19": "W", "58": "N", "72": "N", "146": "E", "41": "E", "5": "N", "49": "W", "42": "W", "81": "E", "94": "E", "143": "W", "10": "W", "158": "N", "22": "W", "112": "W", "109": "N", "102": "W", "172": "W", "111": "E", "154": "E", "61": "E", "53": "S", "83": "S", "156": "W", "107": "W", "85": "E", "36": "W", "155": "W", "119": "S", "84": "W", "40": "W", "15": "W", "70": "W", "55": "E", "27": "N", "123": "E", "68": "E", "130": "E", "75": "W", "31": "W", "3": "N", "16": "N", "89": "W", "166": "N", "65": "N", "144": "N", "92": "N", "116": "N", "103": "N", "67": "N", "48": "E", "132": "E", "149": "E", "125": "W", "37": "W", "80": "W", "171": "W", "64": "N", "51": "S", "150": "S", "140": "S", "38": "E", "30": "E", "20": "E", "18": "W", "56": "N", "34": "N", "138": "S", "118": "W", "0": "S", "147": "E", "134": "S", "88": "W", "25": "E", "24": "W", "139": "E", "173": "W", "168": "E", "142": "W", "131": "W", "128": "W", "105": "W", "96": "S", "74": "W", "62": "W", "57": "N", "11": "W", "6": "N", "126": "N", "145": "W", "129": "W", "86": "W", "59": "W", "47": "N", "46": "E", "44": "E", "43": "W", "9": "N", "63": "E", "161": "N", "99": "E", "71": "W", "26": "S", "14": "W", "1": "S", "162": "W", "148": "S", "113": "W", "108": "W", "106": "N", "66": "E", "60": "S", "169": "N", "137": "S", "121": "N", "95": "W", "29": "N"}, {"110": "W", "8": "S", "127": "E", "82": "N", "164": "W", "23": "W", "117": "N", "98": "W", "35": "W", "101": "N", "165": "E", "50": "S", "19": "W", "58": "W", "72": "E", "5": "N", "49": "W", "81": "N", "94": "E", "90": "N", "10": "W", "158": "N", "22": "W", "112": "W", "109": "N", "102": "W", "172": "W", "111": "E", "154": "E", "61": "E", "53": "E", "83": "S", "156": "W", "107": "N", "85": "N", "36": "W", "155": "S", "119": "S", "84": "S", "15": "W", "104": "S", "70": "S", "55": "N", "27": "N", "68": "N", "75": "W", "4": "E", "3": "N", "16": "E", "89": "W", "166": "E", "65": "N", "144": "E", "92": "N", "116": "E", "103": "E", "67": "N", "48": "E", "132": "S", "97": "E", "149": "E", "93": "S", "37": "W", "163": "W", "171": "W", "51": "S", "91": "N", "150": "S", "140": "S", "38": "E", "30": "E", "20": "N", "56": "N", "34": "W", "138": "S", "118": "W", "0": "S", "159": "N", "147": "N", "134": "S", "88": "W", "25": "E", "24": "W", "139": "E", "173": "W", "168": "N", "142": "W", "131": "W", "128": "W", "105": "S", "96": "S", "11": "W", "6": "W", "2": "N", "126": "W", "145": "W", "129": "N", "59": "W", "47": "E", "44": "N", "43": "S", "63": "S", "99": "E", "73": "W", "71": "W", "52": "W", "26": "S", "14": "S", "1": "W", "162": "W", "148": "S", "108": "W", "77": "W", "66": "N", "60": "S", "54": "N", "32": "W", "169": "N", "121": "N", "95": "W", "29": "N"}, {"110": "W", "127": "E", "82": "N", "164": "W", "98": "W", "35": "W", "101": "W", "165": "E", "50": "W", "19": "N", "58": "N", "72": "E", "146": "S", "5": "E", "49": "W", "42": "W", "81": "N", "158": "N", "109": "N", "102": "W", "172": "W", "111": "N", "154": "E", "61": "E", "53": "S", "83": "S", "156": "W", "107": "N", "85": "N", "36": "W", "155": "S", "119": "S", "84": "W", "40": "W", "15": "W", "55": "E", "27": "E", "123": "E", "130": "S", "75": "W", "4": "E", "3": "N", "16": "E", "89": "W", "166": "E", "65": "N", "144": "E", "157": "S", "116": "N", "103": "E", "39": "S", "124": "S", "48": "E", "132": "W", "97": "E", "149": "E", "37": "N", "80": "S", "171": "W", "51": "S", "133": "N", "150": "S", "140": "E", "38": "E", "20": "W", "56": "N", "34": "S", "118": "W", "100": "E", "0": "S", "159": "W", "147": "N", "134": "S", "88": "W", "25": "E", "24": "W", "139": "S", "173": "W", "168": "E", "167": "W", "142": "W", "131": "W", "128": "W", "105": "W", "96": "S", "74": "W", "11": "W", "6": "W", "126": "N", "145": "W", "129": "W", "86": "S", "59": "W", "47": "E", "44": "N", "43": "S", "9": "N", "63": "S", "161": "N", "99": "E", "73": "N", "71": "W", "26": "S", "14": "W", "1": "N", "162": "W", "148": "S", "113": "W", "108": "W", "77": "W", "66": "E", "60": "S", "54": "N", "169": "N", "137": "E", "121": "W", "95": "W", "29": "E"}, {"110": "S", "8": "W", "127": "E", "82": "N", "164": "W", "35": "W", "101": "W", "165": "E", "50": "W", "19": "N", "58": "N", "13": "S", "72": "E", "146": "W", "41": "W", "5": "S", "49": "W", "42": "S", "81": "N", "90": "E", "112": "W", "102": "W", "172": "W", "111": "N", "154": "E", "61": "E", "53": "S", "83": "S", "156": "W", "107": "N", "85": "N", "36": "W", "155": "S", "119": "S", "84": "W", "40": "W", "17": "E", "15": "W", "55": "E", "27": "E", "123": "E", "130": "W", "75": "W", "4": "E", "3": "N", "16": "E", "89": "S", "166": "E", "65": "E", "144": "E", "92": "W", "116": "N", "103": "E", "39": "S", "132": "S", "97": "E", "170": "E", "37": "E", "80": "S", "171": "W", "64": "S", "51": "S", "150": "S", "140": "E", "38": "E", "20": "N", "18": "S", "56": "N", "115": "N", "34": "S", "138": "S", "118": "N", "100": "E", "0": "S", "147": "N", "134": "S", "88": "W", "25": "E", "24": "W", "139": "S", "173": "W", "167": "W", "142": "W", "131": "W", "128": "W", "105": "W", "96": "S", "74": "W", "62": "N", "11": "W", "6": "W", "126": "W", "145": "W", "129": "W", "86": "S", "59": "W", "47": "E", "44": "N", "43": "E", "9": "W", "63": "S", "161": "W", "99": "N", "78": "N", "73": "W", "71": "W", "69": "N", "52": "W", "26": "S", "14": "W", "7": "E", "1": "E", "162": "W", "148": "E", "113": "S", "108": "W", "106": "W", "66": "S", "60": "W", "54": "W", "32": "W", "169": "N", "121": "N", "95": "W", "29": "E"}, {"110": "S", "8": "W", "33": "W", "127": "E", "82": "N", "164": "W", "45": "W", "23": "N", "35": "W", "101": "S", "165": "S", "50": "W", "19": "N", "58": "N", "72": "E", "146": "S", "5": "S", "42": "S", "81": "N", "94": "N", "90": "S", "158": "N", "112": "W", "102": "W", "172": "N", "111": "N", "154": "E", "61": "E", "53": "S", "83": "W", "156": "W", "107": "N", "85": "W", "36": "W", "155": "W", "119": "S", "84": "W", "40": "W", "17": "S", "15": "W", "104": "N", "55": "E", "27": "E", "68": "W", "130": "N", "75": "N", "31": "N", "4": "E", "3": "N", "16": "E", "87": "S", "89": "S", "166": "E", "65": "N", "144": "E", "92": "N", "116": "N", "103": "E", "39": "S", "170": "E", "37": "N", "163": "S", "80": "S", "171": "W", "160": "N", "64": "E", "51": "S", "91": "S", "150": "S", "140": "E", "38": "E", "30": "W", "20": "N", "18": "E", "56": "E", "34": "S", "138": "E", "118": "N", "0": "S", "147": "N", "134": "S", "88": "W", "25": "E", "24": "W", "139": "E", "173": "S", "168": "N", "167": "S", "142": "W", "131": "W", "128": "W", "105": "W", "96": "S", "74": "W", "57": "N", "11": "W", "6": "S", "126": "N", "145": "W", "141": "N", "129": "W", "59": "W", "47": "E", "44": "N", "43": "S", "9": "W", "63": "S", "161": "W", "99": "E", "73": "W", "71": "W", "69": "N", "26": "S", "14": "W", "7": "N", "1": "N", "162": "W", "148": "S", "108": "W", "77": "W", "66": "E", "60": "W", "54": "W", "169": "N", "95": "W", "29": "E"}, {"110": "S", "8": "S", "127": "N", "82": "N", "164": "W", "23": "E", "35": "N", "101": "S", "165": "S", "50": "W", "19": "N", "58": "W", "72": "E", "146": "S", "5": "E", "42": "W", "81": "N", "94": "N", "90": "S", "10": "N", "158": "N", "112": "W", "109": "W", "102": "W", "111": "N", "154": "E", "61": "E", "53": "S", "83": "S", "156": "W", "107": "N", "85": "N", "36": "W", "155": "W", "119": "S", "84": "W", "40": "W", "17": "S", "15": "W", "104": "N", "55": "E", "27": "N", "123": "E", "68": "N", "130": "N", "75": "N", "31": "N", "4": "E", "3": "N", "16": "E", "89": "W", "166": "E", "65": "N", "144": "E", "103": "E", "39": "S", "170": "E", "149": "N", "125": "W", "122": "E", "37": "E", "163": "S", "80": "S", "171": "W", "160": "N", "51": "S", "91": "S", "133": "S", "150": "S", "140": "E", "30": "N", "20": "N", "18": "E", "56": "E", "34": "W", "118": "N", "0": "S", "147": "N", "136": "N", "134": "S", "88": "W", "25": "E", "24": "W", "139": "E", "173": "S", "168": "N", "167": "S", "142": "N", "131": "W", "128": "W", "105": "W", "96": "S", "74": "W", "57": "W", "11": "W", "6": "S", "126": "W", "151": "E", "141": "N", "129": "W", "59": "W", "47": "E", "43": "S", "9": "W", "63": "S", "161": "W", "99": "E", "73": "W", "71": "W", "69": "W", "52": "W", "26": "S", "14": "W", "7": "N", "1": "E", "162": "W", "148": "W", "108": "W", "106": "W", "77": "S", "66": "S", "60": "S", "54": "W", "32": "W", "169": "N", "95": "S", "29": "N", "12": "N"}, {"110": "W", "21": "E", "8": "E", "33": "E", "127": "N", "82": "N", "153": "W", "28": "E", "164": "W", "45": "E", "23": "E", "98": "E", "35": "N", "101": "S", "165": "S", "50": "W", "19": "N", "58": "W", "13": "E", "72": "E", "146": "S", "5": "E", "49": "N", "42": "W", "81": "N", "94": "N", "90": "S", "10": "E", "158": "W", "22": "E", "112": "S", "109": "S", "102": "W", "172": "N", "111": "N", "154": "E", "61": "E", "53": "S", "83": "S", "156": "W", "107": "N", "85": "W", "36": "W", "155": "W", "119": "S", "84": "W", "40": "W", "17": "S", "15": "W", "104": "N", "55": "S", "27": "E", "123": "E", "130": "W", "75": "N", "31": "W", "4": "E", "3": "E", "89": "W", "166": "E", "65": "N", "144": "N", "157": "S", "103": "E", "39": "S", "48": "E", "170": "E", "149": "E", "125": "W", "122": "E", "93": "E", "37": "N", "80": "E", "171": "W", "160": "N", "51": "S", "91": "W", "133": "E", "150": "S", "140": "E", "38": "E", "30": "E", "20": "N", "18": "N", "56": "E", "115": "S", "34": "S", "0": "S", "159": "W", "147": "N", "136": "N", "134": "S", "88": "W", "24": "W", "139": "E", "173": "S", "168": "N", "167": "E", "142": "W", "131": "W", "128": "W", "105": "W", "96": "S", "74": "W", "57": "W", "11": "W", "126": "W", "145": "W", "141": "N", "129": "W", "59": "W", "47": "E", "46": "N", "43": "E", "9": "W", "63": "E", "161": "W", "99": "E", "73": "W", "71": "W", "52": "W", "26": "S", "14": "W", "1": "E", "162": "W", "148": "S", "108": "W", "106": "W", "77": "S", "60": "W", "54": "W", "32": "W", "169": "E", "95": "S", "29": "E", "12": "N"}, {"110": "S", "21": "E", "8": "S", "127": "N", "82": "N", "153": "N", "164": "S", "23": "S", "117": "E", "35": "N", "120": "E", "101": "S", "165": "S", "50": "W", "19": "W", "58": "W", "13": "E", "72": "E", "146": "W", "41": "E", "5": "S", "49": "W", "42": "S", "81": "N", "94": "N", "90": "S", "10": "E", "158": "S", "22": "N", "112": "S", "109": "W", "102": "W", "172": "N", "111": "N", "154": "E", "61": "E", "53": "S", "83": "W", "156": "W", "107": "N", "85": "W", "36": "W", "155": "W", "114": "N", "119": "S", "84": "W", "40": "W", "17": "W", "15": "W", "104": "N", "55": "E", "27": "E", "123": "E", "68": "W", "130": "W", "75": "N", "31": "N", "4": "E", "3": "E", "16": "N", "87": "N", "89": "S", "166": "E", "65": "N", "144": "E", "103": "N", "39": "W", "48": "N", "149": "E", "125": "W", "122": "E", "93": "S", "37": "N", "80": "S", "160": "N", "51": "S", "133": "S", "150": "W", "140": "E", "38": "N", "20": "N", "18": "N", "56": "N", "34": "S", "118": "E", "0": "W", "159": "W", "147": "N", "136": "N", "134": "S", "88": "W", "24": "W", "139": "S", "173": "S", "168": "E", "167": "S", "142": "W", "131": "W", "128": "W", "105": "W", "96": "S", "74": "W", "57": "S", "11": "W", "6": "E", "126": "W", "145": "W", "141": "W", "129": "W", "59": "N", "47": "E", "46": "N", "44": "S", "43": "S", "9": "W", "161": "W", "99": "N", "78": "W", "73": "W", "71": "W", "26": "E", "14": "W", "7": "W", "1": "N", "162": "W", "148": "S", "108": "W", "106": "W", "77": "S", "66": "E", "60": "S", "54": "W", "32": "N", "169": "E", "137": "S", "95": "S", "29": "E", "12": "N"}, {"110": "S", "21": "E", "8": "E", "127": "N", "82": "N", "153": "N", "28": "E", "164": "S", "23": "S", "35": "N", "101": "S", "165": "S", "50": "W", "19": "W", "13": "E", "72": "E", "146": "W", "5": "S", "49": "W", "42": "W", "81": "N", "94": "E", "90": "S", "10": "E", "158": "W", "109": "W", "102": "W", "172": "N", "111": "N", "154": "N", "61": "E", "53": "S", "83": "S", "156": "W", "107": "W", "85": "W", "36": "W", "155": "W", "119": "S", "84": "W", "40": "W", "17": "W", "15": "W", "104": "N", "55": "S", "27": "E", "123": "E", "68": "W", "130": "W", "75": "N", "31": "W", "4": "E", "3": "N", "16": "E", "87": "E", "89": "W", "166": "E", "65": "N", "144": "E", "39": "S", "48": "N", "149": "N", "125": "W", "122": "E", "93": "S", "37": "E", "163": "W", "80": "W", "160": "E", "51": "S", "133": "S", "150": "S", "140": "E", "38": "E", "20": "N", "18": "E", "56": "N", "34": "S", "118": "N", "0": "S", "159": "W", "147": "N", "136": "N", "134": "S", "88": "W", "24": "W", "139": "S", "173": "S", "168": "N", "167": "S", "142": "W", "128": "W", "96": "S", "74": "W", "57": "S", "11": "W", "6": "S", "126": "W", "151": "E", "145": "W", "141": "W", "129": "W", "59": "N", "47": "E", "46": "N", "43": "S", "9": "W", "161": "W", "99": "E", "78": "S", "73": "W", "71": "W", "26": "E", "14": "W", "7": "W", "1": "N", "162": "W", "148": "S", "108": "W", "106": "S", "77": "S", "66": "E", "60": "S", "54": "W", "32": "W", "169": "E", "137": "S", "29": "E"}, {"110": "S", "76": "E", "127": "W", "82": "N", "153": "N", "28": "N", "164": "W", "23": "S", "117": "W", "98": "W", "35": "N", "120": "W", "101": "E", "165": "W", "50": "W", "19": "N", "13": "E", "72": "S", "146": "W", "41": "W", "5": "S", "49": "W", "42": "S", "81": "W", "94": "N", "90": "S", "143": "S", "10": "E", "158": "W", "109": "S", "102": "N", "172": "N", "111": "N", "154": "N", "53": "E", "83": "S", "156": "W", "107": "N", "85": "W", "36": "W", "155": "W", "119": "S", "84": "W", "40": "W", "17": "W", "15": "W", "55": "W", "27": "E", "68": "W", "31": "W", "4": "E", "3": "N", "16": "E", "87": "E", "89": "S", "65": "N", "144": "E", "103": "E", "39": "S", "124": "E", "48": "N", "149": "N", "125": "W", "93": "W", "37": "N", "163": "S", "80": "W", "160": "E", "51": "S", "91": "W", "133": "S", "150": "S", "140": "N", "38": "N", "20": "N", "18": "E", "56": "N", "34": "W", "118": "N", "0": "S", "159": "W", "147": "N", "136": "E", "134": "S", "24": "W", "139": "E", "173": "S", "168": "E", "167": "S", "142": "W", "128": "W", "96": "S", "74": "W", "57": "S", "11": "W", "126": "W", "151": "E", "145": "W", "141": "W", "135": "E", "129": "W", "47": "E", "46": "N", "43": "S", "9": "W", "161": "W", "99": "E", "73": "W", "71": "W", "26": "E", "14": "W", "7": "W", "1": "N", "162": "N", "148": "S", "108": "W", "106": "W", "77": "S", "66": "N", "60": "S", "54": "W", "32": "N", "169": "N", "137": "S", "29": "E"}, {"110": "S", "76": "E", "127": "W", "82": "N", "153": "N", "28": "W", "164": "W", "23": "S", "35": "W", "101": "E", "165": "W", "50": "W", "19": "N", "58": "N", "72": "S", "146": "W", "5": "E", "49": "W", "42": "S", "81": "W", "94": "N", "90": "S", "143": "E", "10": "E", "158": "W", "22": "E", "112": "S", "109": "S", "102": "N", "172": "N", "111": "N", "154": "E", "53": "E", "83": "S", "156": "W", "107": "N", "85": "W", "36": "N", "155": "W", "119": "S", "84": "S", "40": "W", "17": "W", "15": "W", "70": "W", "55": "W", "27": "E", "123": "E", "68": "N", "130": "N", "31": "N", "4": "E", "3": "E", "16": "E", "89": "W", "65": "E", "144": "E", "103": "N", "39": "W", "48": "E", "149": "E", "125": "S", "122": "W", "37": "E", "163": "S", "80": "W", "160": "E", "51": "E", "91": "W", "133": "S", "150": "S", "140": "E", "38": "N", "20": "N", "18": "E", "56": "N", "34": "S", "118": "N", "0": "S", "159": "W", "147": "N", "136": "E", "134": "S", "24": "W", "139": "S", "173": "S", "168": "E", "167": "S", "142": "N", "128": "W", "105": "N", "96": "S", "74": "W", "57": "S", "11": "W", "2": "E", "126": "W", "151": "E", "145": "W", "141": "W", "135": "E", "129": "W", "86": "E", "47": "E", "46": "E", "43": "S", "9": "N", "161": "W", "99": "E", "73": "W", "71": "W", "69": "E", "52": "S", "26": "E", "14": "S", "7": "W", "1": "E", "162": "N", "148": "S", "108": "W", "106": "W", "77": "S", "66": "N", "60": "S", "54": "W", "32": "W", "169": "N", "137": "E", "95": "W", "29": "N", "12": "N"}, {"110": "S", "76": "S", "127": "W", "82": "E", "153": "N", "28": "W", "164": "S", "23": "S", "35": "N", "101": "E", "165": "W", "50": "S", "19": "N", "58": "W", "13": "E", "72": "S", "146": "W", "5": "E", "49": "W", "42": "S", "81": "W", "94": "N", "90": "S", "143": "E", "10": "E", "158": "S", "22": "E", "112": "E", "109": "S", "172": "N", "111": "N", "53": "E", "83": "E", "156": "W", "107": "W", "85": "W", "36": "N", "119": "S", "40": "N", "17": "W", "15": "N", "70": "W", "55": "S", "27": "E", "123": "N", "68": "N", "130": "N", "31": "N", "4": "E", "3": "E", "16": "S", "87": "E", "89": "S", "65": "E", "144": "S", "103": "E", "39": "W", "124": "N", "48": "E", "170": "N", "149": "E", "125": "W", "122": "W", "163": "S", "80": "W", "160": "E", "51": "E", "91": "W", "133": "E", "150": "S", "140": "E", "38": "N", "18": "E", "56": "N", "115": "E", "34": "S", "118": "W", "100": "E", "0": "S", "159": "W", "147": "N", "136": "N", "134": "S", "88": "S", "139": "W", "173": "S", "167": "S", "142": "N", "128": "W", "105": "W", "96": "S", "74": "N", "57": "W", "11": "N", "6": "N", "126": "W", "151": "N", "145": "W", "141": "W", "129": "W", "86": "E", "47": "E", "46": "N", "44": "S", "43": "S", "161": "W", "99": "S", "73": "W", "71": "W", "69": "E", "52": "W", "26": "E", "14": "S", "1": "E", "162": "N", "148": "S", "113": "N", "106": "W", "77": "S", "66": "E", "60": "S", "54": "W", "32": "W", "169": "N", "137": "E", "95": "W", "29": "E", "12": "N"}, {"110": "S", "76": "S", "127": "W", "82": "E", "153": "N", "28": "N", "164": "S", "23": "S", "117": "W", "35": "N", "101": "S", "165": "S", "50": "S", "19": "N", "58": "W", "13": "E", "72": "S", "146": "S", "5": "E", "49": "W", "42": "S", "81": "W", "94": "E", "90": "S", "143": "N", "10": "E", "158": "S", "112": "E", "109": "S", "172": "W", "111": "E", "154": "N", "53": "E", "83": "S", "156": "W", "107": "W", "85": "W", "36": "N", "119": "S", "40": "N", "17": "W", "15": "W", "70": "W", "55": "S", "27": "E", "123": "N", "16": "E", "87": "E", "89": "S", "65": "E", "144": "E", "92": "E", "103": "E", "39": "W", "48": "E", "170": "E", "149": "N", "125": "S", "122": "W", "163": "S", "80": "W", "160": "E", "51": "E", "91": "W", "133": "S", "150": "E", "140": "N", "38": "E", "20": "E", "18": "N", "56": "W", "34": "W", "118": "N", "100": "N", "0": "S", "159": "W", "147": "E", "136": "N", "134": "S", "139": "S", "173": "S", "167": "S", "142": "N", "128": "W", "105": "W", "96": "S", "74": "N", "57": "S", "11": "N", "6": "W", "126": "W", "151": "W", "145": "N", "141": "W", "129": "S", "86": "E", "47": "E", "46": "N", "43": "S", "63": "E", "161": "W", "99": "E", "73": "W", "71": "W", "52": "S", "26": "E", "14": "W", "7": "W", "1": "E", "162": "N", "148": "S", "113": "N", "108": "W", "106": "W", "77": "S", "66": "E", "60": "S", "54": "W", "32": "W", "169": "E", "137": "S", "95": "W", "29": "S", "12": "N"}, {"110": "S", "76": "S", "127": "W", "82": "E", "153": "N", "28": "N", "164": "S", "23": "S", "117": "N", "98": "N", "35": "E", "101": "S", "165": "S", "50": "S", "19": "N", "58": "W", "72": "E", "5": "E", "49": "S", "42": "S", "81": "W", "94": "E", "90": "S", "143": "E", "10": "E", "158": "S", "22": "E", "112": "E", "109": "S", "102": "W", "172": "N", "111": "E", "154": "N", "61": "W", "53": "S", "83": "E", "156": "W", "107": "W", "85": "W", "36": "N", "119": "S", "40": "N", "17": "W", "15": "W", "70": "W", "55": "S", "130": "W", "4": "N", "16": "S", "87": "N", "89": "S", "65": "N", "144": "S", "92": "N", "103": "E", "39": "W", "124": "E", "67": "N", "48": "E", "149": "N", "125": "S", "122": "W", "163": "E", "80": "W", "160": "N", "51": "E", "91": "W", "133": "E", "150": "S", "140": "N", "38": "N", "20": "N", "18": "E", "56": "W", "115": "W", "34": "W", "118": "N", "100": "E", "0": "W", "159": "W", "147": "N", "136": "N", "134": "W", "88": "S", "139": "S", "173": "S", "168": "S", "167": "S", "142": "N", "131": "E", "128": "S", "105": "W", "74": "N", "57": "S", "11": "N", "6": "N", "2": "W", "126": "W", "145": "W", "141": "W", "135": "N", "129": "S", "86": "E", "59": "W", "46": "N", "43": "S", "63": "N", "161": "S", "99": "E", "73": "W", "26": "E", "14": "W", "7": "W", "1": "E", "162": "N", "148": "W", "113": "E", "77": "S", "66": "E", "60": "S", "54": "W", "32": "W", "169": "N", "137": "E", "95": "S", "29": "E", "12": "E"}, {"110": "S", "76": "S", "127": "N", "82": "N", "153": "N", "164": "S", "23": "S", "117": "E", "35": "E", "101": "S", "165": "S", "50": "S", "58": "W", "13": "E", "72": "S", "5": "E", "49": "S", "42": "E", "81": "W", "94": "E", "90": "S", "143": "N", "10": "E", "158": "S", "22": "N", "112": "S", "109": "S", "102": "N", "172": "W", "111": "N", "154": "N", "53": "S", "83": "E", "156": "W", "107": "W", "85": "W", "36": "N", "119": "E", "40": "N", "17": "W", "15": "N", "70": "W", "55": "S", "68": "W", "130": "W", "31": "W", "16": "S", "89": "S", "65": "N", "144": "S", "92": "E", "103": "S", "39": "W", "170": "N", "149": "E", "125": "W", "80": "W", "51": "E", "91": "W", "133": "E", "150": "S", "140": "E", "38": "E", "20": "E", "18": "E", "56": "W", "34": "W", "100": "E", "0": "S", "159": "W", "147": "E", "136": "N", "134": "S", "139": "S", "173": "S", "168": "E", "167": "S", "142": "N", "131": "S", "128": "W", "105": "W", "74": "N", "57": "W", "11": "N", "6": "W", "126": "W", "151": "S", "145": "N", "141": "W", "135": "E", "129": "W", "86": "E", "59": "W", "46": "E", "44": "S", "43": "S", "161": "S", "99": "E", "73": "W", "26": "E", "14": "N", "7": "W", "1": "E", "162": "N", "148": "S", "113": "N", "106": "S", "77": "S", "66": "E", "60": "S", "54": "W", "32": "W", "169": "E", "137": "S", "95": "W", "29": "E", "12": "E"}, {"110": "S", "76": "S", "127": "N", "82": "E", "153": "N", "28": "W", "164": "S", "23": "S", "35": "E", "101": "S", "165": "S", "50": "S", "58": "W", "13": "E", "72": "S", "5": "E", "49": "S", "42": "E", "81": "W", "94": "E", "90": "S", "143": "N", "10": "E", "158": "S", "22": "E", "112": "S", "109": "E", "102": "N", "172": "N", "111": "N", "154": "E", "53": "S", "83": "E", "156": "W", "107": "W", "85": "W", "36": "N", "119": "S", "40": "N", "17": "W", "15": "W", "70": "W", "130": "W", "31": "N", "4": "S", "16": "S", "87": "E", "65": "W", "144": "S", "92": "N", "103": "S", "39": "W", "48": "N", "170": "W", "149": "E", "125": "W", "80": "W", "51": "E", "91": "W", "133": "S", "150": "E", "140": "E", "38": "E", "30": "S", "20": "N", "18": "E", "56": "N", "34": "W", "100": "S", "0": "E", "159": "W", "147": "N", "136": "N", "134": "E", "24": "S", "139": "S", "173": "E", "168": "E", "167": "S", "142": "N", "131": "W", "128": "S", "105": "W", "74": "N", "57": "W", "11": "N", "6": "N", "126": "W", "151": "W", "145": "N", "141": "W", "135": "E", "129": "W", "59": "W", "47": "S", "46": "E", "43": "S", "9": "S", "99": "E", "73": "S", "71": "S", "52": "W", "26": "E", "7": "S", "1": "E", "148": "S", "113": "E", "108": "N", "106": "S", "77": "S", "66": "E", "60": "S", "54": "W", "32": "S", "137": "S", "121": "W", "95": "S", "29": "E", "12": "E"}, {"110": "S", "76": "S", "127": "E", "82": "E", "153": "N", "164": "S", "23": "S", "35": "N", "101": "S", "165": "S", "50": "S", "58": "W", "13": "E", "72": "S", "5": "E", "42": "E", "81": "W", "94": "E", "90": "S", "143": "N", "10": "E", "158": "S", "22": "N", "112": "S", "109": "E", "102": "E", "172": "W", "111": "N", "154": "E", "53": "S", "83": "E", "156": "N", "107": "W", "85": "W", "36": "N", "119": "S", "40": "N", "17": "W", "15": "N", "70": "W", "130": "N", "31": "N", "16": "S", "87": "N", "89": "S", "65": "W", "144": "S", "92": "E", "103": "S", "39": "W", "124": "W", "67": "S", "48": "E", "170": "W", "125": "S", "37": "S", "80": "W", "64": "N", "51": "E", "91": "W", "133": "S", "150": "E", "140": "N", "38": "N", "30": "E", "20": "N", "18": "E", "56": "W", "34": "W", "100": "W", "0": "E", "159": "W", "147": "N", "136": "W", "134": "E", "88": "E", "24": "W", "139": "S", "173": "E", "168": "E", "142": "N", "128": "W", "105": "W", "96": "S", "74": "N", "57": "W", "11": "N", "6": "W", "126": "S", "151": "W", "145": "N", "141": "W", "135": "E", "129": "W", "59": "N", "46": "E", "43": "W", "9": "W", "63": "S", "99": "E", "73": "S", "69": "E", "52": "W", "26": "E", "7": "S", "1": "N", "162": "W", "148": "S", "113": "E", "108": "W", "106": "S", "77": "S", "66": "E", "60": "S", "54": "W", "137": "E", "121": "W", "95": "S", "29": "E", "12": "N"}, {"110": "S", "76": "S", "82": "E", "153": "E", "164": "E", "23": "E", "35": "E", "101": "S", "165": "S", "50": "S", "58": "W", "13": "S", "72": "W", "41": "N", "5": "E", "42": "E", "81": "W", "94": "E", "143": "E", "10": "E", "158": "S", "22": "N", "112": "S", "109": "S", "172": "W", "111": "E", "154": "E", "53": "S", "83": "E", "156": "N", "107": "W", "85": "N", "36": "N", "119": "E", "40": "N", "17": "W", "15": "N", "104": "W", "70": "W", "123": "E", "68": "W", "130": "W", "31": "E", "4": "E", "16": "S", "87": "E", "65": "W", "144": "S", "92": "N", "157": "N", "103": "S", "39": "W", "124": "W", "48": "E", "170": "W", "125": "W", "80": "W", "51": "E", "91": "W", "133": "S", "150": "E", "140": "N", "38": "N", "30": "E", "20": "W", "18": "S", "56": "W", "34": "S", "100": "W", "0": "S", "159": "S", "147": "W", "136": "W", "134": "S", "88": "N", "24": "N", "139": "S", "173": "E", "168": "N", "142": "N", "128": "N", "105": "S", "96": "W", "74": "N", "57": "W", "11": "N", "6": "W", "126": "S", "151": "W", "145": "N", "141": "W", "135": "E", "129": "S", "86": "W", "59": "N", "47": "E", "46": "E", "44": "N", "43": "S", "99": "E", "73": "S", "69": "E", "52": "W", "26": "E", "7": "W", "1": "E", "162": "N", "148": "S", "113": "E", "77": "E", "66": "E", "60": "S", "54": "W", "32": "W", "137": "E", "121": "W", "95": "W", "29": "S", "12": "E"}, {"110": "S", "76": "S", "82": "E", "153": "E", "28": "E", "164": "E", "23": "E", "35": "E", "101": "S", "165": "S", "50": "S", "58": "N", "13": "W", "72": "S", "41": "W", "5": "S", "42": "E", "81": "S", "94": "E", "143": "E", "10": "E", "158": "S", "22": "N", "112": "S", "109": "S", "172": "W", "111": "E", "154": "E", "53": "S", "83": "E", "156": "N", "107": "N", "85": "N", "36": "N", "17": "W", "15": "N", "104": "N", "70": "S", "123": "N", "68": "N", "130": "N", "16": "S", "89": "S", "65": "W", "144": "S", "92": "N", "103": "S", "39": "S", "124": "W", "48": "E", "170": "W", "125": "S", "80": "S", "171": "W", "160": "E", "64": "S", "51": "E", "91": "W", "133": "S", "150": "E", "140": "N", "38": "E", "30": "N", "20": "W", "18": "E", "56": "S", "115": "E", "34": "W", "100": "W", "0": "S", "159": "S", "147": "W", "136": "W", "88": "W", "24": "N", "139": "S", "173": "E", "168": "E", "142": "N", "131": "W", "128": "N", "105": "S", "96": "S", "74": "N", "57": "W", "11": "E", "6": "W", "151": "S", "145": "N", "141": "W", "135": "N", "59": "N", "47": "N", "46": "E", "43": "S", "9": "W", "99": "E", "73": "S", "69": "E", "26": "E", "7": "W", "1": "N", "162": "N", "148": "S", "77": "E", "66": "E", "60": "S", "54": "N", "32": "W", "137": "E", "121": "W", "95": "W", "29": "E", "12": "E"}, {"110": "S", "76": "S", "82": "E", "153": "E", "164": "E", "23": "E", "35": "E", "101": "S", "165": "S", "50": "S", "58": "W", "13": "W", "72": "S", "5": "S", "42": "E", "81": "S", "94": "E", "90": "S", "10": "E", "158": "E", "22": "N", "112": "S", "109": "S", "172": "W", "111": "E", "154": "E", "53": "S", "83": "E", "156": "N", "107": "W", "85": "N", "36": "N", "40": "W", "17": "W", "15": "N", "104": "N", "70": "S", "123": "W", "68": "N", "130": "N", "16": "S", "87": "E", "89": "S", "65": "W", "144": "S", "92": "W", "103": "S", "39": "S", "124": "S", "170": "W", "125": "S", "37": "N", "80": "S", "160": "E", "51": "E", "133": "W", "150": "S", "38": "E", "30": "E", "20": "W", "18": "E", "56": "S", "34": "W", "0": "E", "159": "S", "147": "W", "136": "N", "134": "S", "24": "N", "139": "W", "173": "E", "168": "E", "167": "W", "142": "N", "128": "N", "105": "W", "96": "S", "74": "N", "57": "W", "11": "N", "6": "S", "126": "W", "151": "W", "145": "N", "141": "W", "135": "E", "129": "W", "59": "N", "47": "W", "46": "E", "43": "W", "99": "E", "71": "W", "69": "E", "52": "W", "26": "E", "7": "S", "1": "E", "162": "N", "148": "S", "108": "W", "77": "S", "66": "E", "60": "S", "54": "N", "32": "W", "137": "E", "121": "N", "95": "S", "29": "E", "12": "E"}, {"76": "S", "82": "E", "153": "E", "164": "E", "23": "S", "35": "E", "101": "S", "165": "W", "50": "S", "58": "N", "13": "S", "72": "S", "5": "S", "42": "E", "81": "S", "94": "S", "90": "W", "10": "E", "158": "E", "22": "E", "112": "S", "109": "S", "172": "W", "111": "N", "154": "E", "53": "S", "83": "E", "156": "W", "107": "N", "85": "N", "36": "N", "119": "E", "40": "N", "17": "W", "15": "N", "104": "W", "70": "S", "68": "N", "130": "N", "16": "S", "87": "N", "89": "S", "65": "W", "144": "S", "92": "N", "157": "S", "103": "S", "39": "S", "125": "W", "80": "S", "51": "E", "133": "W", "150": "E", "140": "E", "38": "N", "30": "E", "20": "W", "18": "E", "34": "S", "0": "N", "159": "S", "147": "W", "136": "W", "134": "S", "88": "N", "24": "N", "139": "S", "173": "E", "168": "N", "167": "W", "142": "N", "128": "W", "105": "W", "96": "E", "74": "N", "57": "W", "11": "N", "6": "S", "126": "W", "151": "W", "141": "W", "135": "E", "129": "S", "59": "N", "46": "E", "43": "S", "99": "E", "78": "E", "71": "N", "69": "S", "52": "N", "26": "E", "7": "S", "1": "N", "162": "W", "148": "S", "108": "N", "77": "S", "66": "E", "60": "S", "54": "N", "32": "W", "137": "E", "121": "W", "95": "S", "29": "E", "12": "S"}, {"76": "S", "82": "E", "153": "E", "164": "E", "45": "W", "23": "E", "35": "E", "101": "S", "165": "S", "50": "S", "58": "N", "13": "W", "72": "S", "5": "S", "42": "E", "81": "S", "94": "S", "10": "E", "158": "S", "22": "E", "112": "S", "109": "S", "172": "W", "111": "N", "154": "E", "61": "S", "53": "S", "83": "E", "156": "W", "107": "N", "85": "W", "36": "N", "119": "E", "17": "W", "15": "N", "104": "N", "70": "W", "68": "E", "130": "E", "31": "E", "16": "S", "87": "W", "89": "E", "65": "W", "144": "E", "92": "N", "103": "S", "39": "W", "125": "W", "80": "S", "171": "E", "160": "E", "51": "E", "133": "W", "150": "E", "140": "E", "38": "N", "30": "E", "20": "W", "18": "E", "34": "S", "138": "N", "118": "S", "0": "E", "159": "S", "147": "W", "136": "W", "134": "E", "88": "E", "139": "W", "173": "E", "167": "S", "142": "N", "131": "W", "128": "W", "105": "S", "96": "E", "74": "N", "57": "W", "11": "N", "6": "S", "126": "S", "151": "W", "141": "W", "135": "S", "129": "S", "59": "W", "46": "E", "43": "E", "63": "N", "99": "E", "78": "N", "73": "W", "71": "N", "69": "S", "52": "W", "26": "E", "7": "S", "1": "E", "162": "N", "148": "E", "113": "E", "108": "W", "77": "E", "66": "E", "60": "E", "32": "W", "137": "E", "121": "W", "95": "S", "29": "E", "12": "S"}, {"76": "S", "82": "E", "153": "E", "164": "E", "23": "E", "35": "E", "101": "S", "165": "S", "50": "S", "58": "N", "13": "S", "72": "S", "5": "E", "42": "E", "81": "W", "94": "S", "10": "E", "158": "S", "22": "E", "112": "S", "109": "W", "172": "W", "111": "N", "154": "E", "53": "S", "83": "E", "156": "N", "107": "N", "85": "W", "36": "N", "119": "E", "40": "N", "17": "W", "15": "E", "104": "N", "70": "W", "68": "E", "130": "E", "16": "W", "87": "N", "89": "N", "65": "W", "144": "S", "92": "N", "103": "S", "39": "W", "170": "S", "125": "S", "93": "N", "80": "S", "51": "S", "91": "N", "133": "S", "150": "E", "140": "E", "38": "E", "30": "E", "20": "N", "18": "E", "34": "S", "138": "W", "0": "N", "147": "N", "136": "W", "134": "E", "88": "S", "24": "E", "173": "S", "168": "W", "167": "S", "142": "N", "131": "W", "128": "N", "105": "S", "74": "N", "57": "S", "11": "E", "126": "S", "151": "W", "145": "E", "141": "W", "135": "E", "129": "S", "59": "N", "47": "W", "46": "S", "43": "E", "63": "W", "99": "E", "78": "W", "73": "S", "71": "W", "69": "S", "52": "W", "26": "E", "7": "S", "1": "N", "148": "E", "108": "N", "77": "S", "66": "S", "54": "N", "32": "W", "137": "E", "121": "S", "95": "S", "29": "N", "12": "E"}, {"76": "E", "82": "N", "153": "E", "164": "E", "45": "E", "23": "E", "35": "E", "101": "E", "165": "S", "50": "S", "58": "N", "13": "S", "72": "W", "5": "S", "42": "E", "81": "S", "94": "S", "90": "E", "10": "E", "158": "S", "112": "S", "109": "S", "172": "W", "111": "N", "154": "S", "61": "E", "53": "W", "83": "E", "156": "N", "107": "N", "85": "N", "36": "N", "119": "E", "40": "N", "17": "W", "15": "N", "104": "N", "70": "W", "123": "E", "130": "N", "31": "W", "16": "S", "87": "N", "89": "E", "65": "W", "144": "S", "92": "N", "103": "E", "39": "W", "170": "S", "125": "S", "93": "W", "80": "S", "51": "E", "133": "S", "140": "E", "38": "N", "30": "E", "20": "W", "18": "S", "115": "S", "138": "S", "118": "E", "0": "E", "159": "W", "147": "W", "136": "W", "134": "E", "88": "W", "139": "W", "173": "S", "167": "S", "142": "N", "131": "N", "128": "N", "105": "S", "96": "E", "74": "E", "57": "S", "11": "E", "6": "N", "126": "W", "151": "W", "145": "N", "141": "W", "135": "S", "129": "W", "59": "N", "46": "E", "44": "N", "43": "S", "9": "W", "63": "S", "99": "S", "73": "S", "71": "W", "69": "S", "52": "W", "26": "E", "7": "W", "1": "E", "162": "W", "148": "E", "108": "N", "77": "E", "66": "S", "60": "E", "54": "N", "32": "W", "169": "W", "137": "E", "121": "W", "95": "W", "29": "E", "12": "S"}, {"76": "S", "82": "N", "153": "E", "164": "E", "23": "E", "35": "E", "101": "E", "165": "E", "50": "S", "58": "N", "13": "S", "72": "S", "5": "S", "42": "E", "81": "S", "94": "E", "90": "N", "10": "N", "158": "S", "112": "S", "109": "S", "172": "S", "111": "E", "154": "S", "61": "N", "53": "S", "83": "S", "156": "N", "107": "N", "85": "N", "36": "N", "119": "E", "40": "N", "17": "S", "15": "N", "70": "W", "123": "E", "130": "E", "4": "W", "16": "S", "87": "N", "89": "E", "65": "W", "144": "S", "92": "W", "103": "E", "48": "S", "125": "S", "93": "W", "51": "E", "91": "S", "133": "S", "140": "E", "38": "N", "30": "E", "20": "W", "138": "E", "118": "N", "0": "E", "159": "S", "147": "W", "136": "W", "134": "E", "88": "W", "139": "S", "173": "S", "168": "E", "167": "S", "142": "E", "128": "N", "105": "S", "96": "E", "74": "E", "62": "S", "57": "S", "11": "N", "6": "W", "126": "W", "151": "W", "145": "N", "141": "W", "135": "E", "129": "S", "59": "N", "47": "E", "46": "E", "43": "E", "9": "W", "99": "E", "78": "W", "73": "S", "71": "N", "69": "E", "52": "W", "26": "N", "162": "N", "148": "E", "108": "N", "77": "E", "66": "S", "32": "S", "169": "S", "137": "E", "121": "W", "95": "S", "29": "E", "12": "E"}, {"76": "E", "82": "N", "153": "N", "164": "E", "23": "E", "98": "E", "35": "E", "120": "E", "101": "S", "50": "S", "58": "E", "13": "S", "72": "S", "5": "S", "42": "E", "81": "E", "94": "S", "90": "W", "10": "E", "158": "S", "112": "S", "109": "S", "172": "S", "111": "N", "154": "S", "53": "S", "83": "E", "156": "N", "107": "N", "85": "N", "36": "W", "119": "E", "17": "S", "15": "N", "70": "S", "123": "N", "130": "N", "31": "E", "16": "E", "87": "N", "89": "E", "65": "W", "144": "W", "92": "W", "103": "S", "39": "W", "124": "W", "125": "S", "93": "W", "51": "E", "91": "S", "133": "W", "140": "E", "38": "N", "30": "E", "20": "W", "0": "E", "159": "S", "147": "W", "136": "W", "134": "E", "88": "W", "139": "S", "173": "S", "167": "E", "142": "E", "128": "N", "96": "E", "74": "E", "57": "S", "11": "E", "6": "S", "126": "W", "151": "W", "145": "N", "141": "W", "135": "E", "129": "S", "86": "E", "59": "N", "46": "E", "43": "S", "9": "W", "99": "S", "78": "W", "73": "W", "71": "N", "69": "S", "52": "W", "26": "E", "7": "S", "162": "N", "148": "E", "108": "N", "77": "E", "66": "S", "60": "S", "32": "S", "169": "E", "137": "E", "121": "S", "95": "S", "29": "E", "12": "E"}, {"76": "E", "82": "N", "153": "N", "164": "E", "23": "E", "35": "N", "101": "S", "50": "S", "58": "N", "13": "W", "72": "S", "5": "W", "42": "S", "94": "S", "90": "S", "10": "N", "158": "S", "112": "E", "109": "S", "172": "S", "111": "N", "154": "S", "53": "W", "83": "E", "156": "W", "107": "N", "85": "W", "36": "N", "119": "E", "17": "W", "15": "N", "104": "E", "70": "S", "123": "N", "75": "W", "16": "S", "87": "W", "89": "E", "65": "W", "144": "W", "92": "W", "103": "W", "39": "S", "125": "E", "93": "W", "51": "E", "133": "S", "140": "N", "38": "N", "20": "W", "18": "N", "115": "N", "118": "N", "0": "E", "159": "S", "147": "N", "136": "W", "134": "E", "88": "N", "24": "S", "139": "S", "173": "E", "167": "E", "142": "E", "128": "N", "105": "S", "96": "E", "74": "E", "11": "E", "6": "S", "126": "S", "151": "W", "145": "E", "141": "W", "135": "S", "129": "S", "86": "N", "59": "N", "46": "E", "43": "E", "99": "S", "78": "S", "73": "W", "71": "N", "69": "S", "52": "W", "26": "E", "7": "S", "162": "N", "148": "E", "108": "N", "77": "E", "66": "S", "60": "E", "32": "S", "169": "N", "137": "E", "121": "S", "95": "S", "29": "E", "12": "E"}, {"76": "S", "82": "W", "153": "N", "164": "E", "23": "E", "35": "E", "101": "E", "50": "S", "58": "E", "13": "W", "72": "W", "5": "S", "94": "S", "90": "E", "10": "E", "158": "S", "112": "E", "109": "S", "111": "N", "154": "E", "53": "W", "83": "E", "156": "N", "107": "E", "85": "W", "36": "N", "119": "E", "40": "W", "17": "S", "15": "N", "104": "E", "70": "S", "123": "N", "130": "N", "16": "S", "87": "N", "89": "E", "65": "W", "144": "S", "92": "W", "103": "W", "39": "S", "124": "S", "125": "E", "93": "W", "80": "N", "51": "E", "133": "S", "140": "N", "38": "N", "20": "W", "115": "N", "34": "S", "118": "N", "0": "E", "159": "S", "147": "N", "136": "W", "134": "E", "88": "N", "24": "E", "139": "W", "173": "E", "168": "E", "167": "E", "142": "E", "128": "N", "105": "E", "96": "E", "74": "N", "11": "E", "126": "S", "151": "W", "145": "E", "141": "W", "135": "E", "129": "S", "86": "W", "59": "N", "46": "E", "44": "N", "43": "E", "63": "N", "161": "E", "99": "S", "78": "S", "73": "W", "71": "N", "69": "S", "52": "W", "26": "E", "7": "E", "1": "E", "162": "N", "148": "E", "113": "N", "108": "N", "77": "E", "66": "S", "60": "E", "32": "S", "137": "E", "121": "W", "95": "E", "29": "S", "12": "E"}, {"76": "E", "82": "W", "153": "N", "164": "N", "23": "E", "35": "E", "50": "S", "58": "E", "13": "W", "72": "W", "5": "S", "42": "N", "94": "W", "10": "N", "158": "S", "112": "E", "109": "W", "172": "S", "111": "W", "154": "E", "53": "S", "83": "E", "156": "N", "107": "E", "85": "N", "36": "N", "119": "E", "40": "N", "17": "S", "15": "N", "70": "S", "123": "E", "130": "N", "16": "W", "87": "N", "89": "E", "65": "S", "144": "S", "92": "W", "103": "S", "39": "S", "124": "E", "48": "S", "125": "E", "93": "W", "160": "W", "51": "E", "133": "W", "140": "E", "38": "W", "20": "W", "115": "W", "118": "W", "0": "E", "159": "S", "147": "W", "136": "S", "134": "E", "88": "N", "24": "N", "139": "W", "173": "E", "168": "E", "167": "E", "142": "E", "131": "W", "128": "E", "105": "E", "96": "E", "74": "E", "11": "N", "126": "S", "151": "S", "145": "N", "141": "W", "135": "E", "129": "E", "59": "N", "46": "E", "43": "E", "9": "E", "161": "E", "99": "S", "78": "E", "73": "S", "71": "N", "69": "E", "52": "W", "26": "E", "7": "E", "162": "N", "148": "E", "113": "E", "108": "N", "77": "E", "66": "E", "60": "E", "54": "N", "137": "E", "121": "S", "95": "S", "29": "E", "12": "E"}, {"76": "E", "82": "N", "153": "W", "164": "E", "23": "E", "98": "W", "35": "S", "120": "W", "50": "S", "58": "N", "13": "W", "72": "W", "5": "S", "94": "S", "10": "N", "158": "S", "112": "E", "109": "W", "172": "S", "111": "N", "154": "S", "53": "W", "83": "E", "156": "N", "107": "E", "85": "N", "36": "N", "119": "E", "40": "N", "17": "S", "15": "N", "104": "W", "70": "S", "123": "N", "130": "N", "75": "E", "31": "W", "16": "S", "87": "N", "89": "E", "65": "W", "144": "S", "92": "W", "103": "S", "39": "S", "124": "N", "132": "E", "125": "E", "93": "W", "80": "W", "51": "E", "133": "S", "140": "E", "38": "N", "20": "W", "115": "S", "118": "S", "0": "E", "159": "E", "147": "W", "136": "S", "134": "E", "88": "N", "24": "W", "139": "S", "173": "E", "168": "E", "167": "E", "142": "E", "131": "W", "128": "N", "105": "E", "96": "E", "74": "E", "62": "N", "11": "N", "6": "S", "126": "S", "151": "S", "145": "E", "141": "S", "135": "E", "129": "S", "59": "N", "46": "E", "44": "S", "43": "E", "9": "N", "161": "E", "99": "E", "78": "S", "73": "S", "71": "N", "69": "S", "52": "S", "26": "E", "7": "E", "1": "W", "162": "N", "148": "E", "113": "E", "108": "N", "77": "E", "66": "S", "60": "E", "32": "W", "137": "E", "121": "S", "95": "E", "29": "E", "12": "E"}, {"76": "E", "82": "W", "153": "N", "23": "E", "35": "S", "50": "E", "58": "N", "13": "S", "72": "W", "5": "S", "42": "S", "94": "S", "10": "N", "158": "E", "112": "E", "109": "W", "172": "S", "111": "W", "154": "W", "61": "N", "53": "S", "83": "S", "156": "N", "107": "N", "85": "N", "36": "N", "119": "E", "40": "N", "17": "E", "15": "N", "70": "S", "123": "W", "130": "E", "87": "N", "89": "E", "65": "S", "144": "S", "92": "W", "157": "N", "103": "S", "39": "S", "124": "E", "125": "E", "93": "W", "80": "S", "51": "N", "133": "E", "140": "E", "38": "W", "20": "N", "34": "N", "118": "S", "0": "E", "159": "S", "147": "N", "136": "S", "134": "N", "88": "W", "24": "N", "139": "S", "173": "E", "168": "S", "167": "E", "142": "E", "131": "N", "128": "N", "96": "E", "74": "N", "11": "N", "6": "W", "2": "S", "126": "E", "145": "S", "141": "S", "135": "E", "129": "S", "86": "E", "59": "N", "47": "W", "46": "E", "44": "S", "43": "E", "9": "W", "63": "S", "161": "E", "99": "S", "78": "E", "73": "S", "71": "N", "69": "W", "52": "W", "26": "E", "7": "E", "1": "N", "162": "N", "148": "E", "113": "S", "108": "N", "106": "E", "77": "E", "66": "W", "60": "E", "54": "W", "32": "S", "137": "E", "121": "S", "95": "E", "29": "E", "12": "E"}, {"82": "S", "153": "W", "23": "E", "50": "S", "58": "E", "72": "S", "5": "S", "94": "S", "10": "E", "158": "E", "112": "E", "109": "W", "172": "W", "111": "N", "154": "S", "53": "S", "83": "E", "156": "N", "107": "E", "85": "N", "36": "N", "119": "E", "40": "N", "15": "N", "104": "E", "70": "E", "123": "W", "87": "W", "89": "E", "65": "S", "144": "S", "92": "W", "157": "N", "103": "S", "39": "S", "48": "N", "125": "E", "93": "W", "80": "E", "160": "E", "51": "E", "140": "E", "38": "N", "20": "N", "0": "E", "147": "W", "136": "W", "134": "E", "88": "N", "24": "N", "139": "W", "173": "E", "168": "E", "167": "E", "142": "E", "131": "N", "128": "N", "96": "E", "74": "N", "11": "E", "6": "W", "126": "S", "145": "S", "135": "S", "129": "S", "86": "N", "59": "N", "47": "S", "46": "N", "44": "S", "43": "E", "63": "E", "161": "S", "99": "W", "73": "S", "71": "E", "69": "S", "52": "W", "26": "N", "1": "W", "162": "N", "148": "E", "113": "E", "108": "N", "106": "E", "77": "E", "66": "S", "60": "E", "54": "W", "32": "S", "137": "E", "121": "S", "95": "E", "29": "S", "12": "E"}, {"82": "W", "153": "W", "23": "N", "50": "S", "58": "E", "5": "W", "42": "N", "94": "S", "10": "E", "112": "E", "109": "W", "172": "S", "111": "N", "154": "S", "61": "S", "53": "W", "83": "N", "156": "N", "107": "E", "85": "N", "36": "N", "119": "E", "40": "E", "15": "N", "70": "E", "87": "W", "89": "E", "65": "W", "144": "W", "92": "W", "103": "S", "39": "S", "124": "W", "125": "E", "93": "S", "51": "E", "133": "W", "140": "S", "38": "N", "34": "N", "118": "E", "0": "E", "147": "W", "136": "S", "134": "E", "24": "N", "139": "S", "173": "E", "167": "E", "142": "E", "128": "N", "96": "E", "74": "E", "57": "N", "11": "E", "6": "W", "126": "S", "135": "E", "129": "S", "86": "N", "59": "N", "43": "E", "9": "S", "161": "S", "99": "S", "78": "S", "73": "S", "71": "E", "69": "W", "52": "S", "26": "E", "1": "S", "162": "E", "148": "E", "113": "E", "108": "N", "106": "E", "77": "E", "66": "E", "60": "E", "54": "N", "32": "W", "137": "E", "121": "S", "95": "E", "29": "S"}, {"82": "W", "153": "S", "50": "E", "58": "E", "5": "W", "10": "E", "112": "E", "109": "W", "172": "S", "111": "N", "154": "S", "53": "W", "83": "N", "156": "N", "107": "E", "85": "N", "36": "N", "119": "E", "15": "N", "70": "E", "123": "W", "31": "E", "87": "W", "89": "E", "65": "S", "144": "S", "92": "S", "103": "S", "39": "S", "125": "E", "93": "S", "51": "N", "140": "S", "38": "N", "118": "E", "0": "E", "159": "W", "147": "S", "136": "W", "134": "E", "24": "N", "139": "W", "173": "E", "167": "E", "142": "E", "128": "N", "96": "E", "74": "E", "11": "E", "6": "S", "126": "S", "151": "S", "135": "S", "129": "E", "86": "E", "59": "N", "47": "S", "46": "S", "43": "E", "9": "S", "161": "S", "99": "S", "73": "S", "71": "N", "69": "S", "52": "S", "26": "E", "7": "S", "1": "S", "162": "E", "148": "E", "113": "E", "108": "N", "106": "E", "77": "E", "66": "S", "60": "E", "54": "N", "32": "S", "169": "S", "137": "E", "121": "S", "95": "E", "29": "S", "12": "N"}, {"82": "N", "153": "W", "50": "E", "58": "E", "5": "S", "10": "E", "112": "E", "109": "S", "172": "E", "111": "N", "154": "S", "53": "W", "83": "E", "156": "N", "107": "E", "85": "N", "36": "N", "119": "E", "15": "E", "70": "E", "123": "N", "4": "N", "87": "W", "89": "E", "65": "S", "157": "S", "103": "S", "39": "S", "124": "E", "132": "W", "125": "E", "93": "S", "163": "E", "51": "N", "140": "S", "38": "W", "34": "S", "0": "E", "159": "S", "147": "S", "136": "S", "134": "E", "24": "N", "139": "S", "173": "E", "167": "E", "142": "E", "128": "N", "96": "E", "74": "E", "57": "S", "11": "S", "6": "W", "2": "S", "126": "W", "151": "S", "145": "N", "135": "W", "129": "S", "86": "E", "59": "E", "47": "E", "46": "E", "43": "E", "9": "W", "161": "S", "99": "S", "73": "E", "71": "N", "69": "S", "52": "S", "26": "E", "7": "E", "1": "W", "162": "N", "148": "E", "113": "E", "108": "N", "106": "E", "77": "E", "66": "S", "60": "N", "54": "N", "32": "S", "137": "N", "121": "W", "29": "E", "12": "E"}, {"82": "W", "50": "E", "58": "E", "5": "S", "10": "E", "112": "E", "109": "W", "111": "W", "154": "S", "53": "W", "83": "E", "156": "N", "107": "E", "85": "N", "36": "N", "119": "E", "15": "E", "70": "E", "123": "N", "87": "W", "89": "E", "65": "S", "157": "S", "103": "S", "39": "E", "48": "W", "170": "N", "125": "E", "93": "W", "37": "W", "51": "E", "133": "W", "140": "S", "38": "N", "138": "N", "118": "W", "0": "E", "147": "S", "136": "S", "134": "E", "24": "N", "139": "W", "173": "E", "167": "E", "142": "E", "128": "N", "96": "E", "74": "E", "11": "S", "6": "W", "126": "S", "151": "S", "145": "E", "141": "W", "135": "W", "86": "S", "59": "E", "46": "E", "43": "E", "9": "N", "161": "S", "99": "S", "78": "W", "73": "E", "71": "N", "69": "S", "52": "S", "26": "N", "7": "E", "162": "N", "148": "E", "113": "E", "108": "N", "106": "S", "77": "E", "66": "S", "60": "E", "54": "N", "32": "W", "169": "S", "137": "N", "121": "S", "29": "S", "12": "E"}, {"82": "W", "50": "E", "58": "E", "5": "S", "10": "E", "112": "E", "109": "S", "102": "N", "111": "N", "154": "S", "53": "W", "83": "E", "156": "N", "107": "E", "85": "N", "36": "N", "119": "E", "70": "E", "123": "N", "87": "S", "89": "E", "65": "S", "103": "S", "39": "E", "170": "W", "125": "E", "93": "W", "51": "E", "133": "S", "140": "S", "38": "N", "118": "W", "0": "E", "147": "E", "136": "S", "134": "E", "24": "E", "139": "W", "173": "E", "167": "E", "142": "E", "128": "N", "96": "E", "74": "E", "11": "S", "6": "W", "126": "S", "151": "W", "145": "E", "141": "S", "135": "S", "86": "E", "59": "N", "47": "W", "46": "S", "43": "E", "9": "N", "161": "S", "99": "S", "71": "E", "69": "S", "52": "S", "26": "N", "14": "N", "7": "N", "162": "E", "148": "E", "113": "E", "108": "N", "106": "S", "77": "E", "66": "S", "60": "E", "54": "N", "32": "S", "121": "W", "95": "N", "29": "S", "12": "E"}, {"50": "E", "58": "E", "5": "W", "10": "E", "112": "E", "109": "S", "102": "N", "111": "W", "154": "S", "53": "S", "83": "N", "156": "N", "107": "E", "85": "N", "36": "N", "119": "N", "70": "E", "123": "N", "4": "N", "89": "E", "65": "E", "103": "S", "39": "E", "170": "S", "125": "E", "93": "S", "163": "W", "51": "E", "133": "E", "140": "S", "38": "N", "0": "E", "136": "S", "134": "E", "24": "E", "139": "S", "173": "E", "167": "E", "142": "E", "128": "N", "96": "E", "74": "E", "11": "E", "6": "W", "2": "N", "126": "S", "151": "W", "145": "E", "141": "S", "135": "S", "86": "S", "59": "N", "47": "N", "46": "E", "43": "E", "9": "N", "63": "N", "161": "S", "99": "S", "73": "S", "71": "S", "69": "S", "52": "S", "26": "W", "7": "N", "1": "E", "162": "S", "148": "E", "113": "E", "108": "N", "106": "S", "77": "E", "66": "S", "60": "E", "54": "N", "32": "S", "169": "S", "121": "S", "95": "E", "29": "S", "12": "E"}, {"50": "E", "58": "E", "5": "W", "10": "E", "112": "E", "109": "W", "102": "N", "111": "W", "154": "W", "83": "N", "156": "E", "107": "E", "85": "N", "36": "N", "114": "W", "119": "N", "70": "E", "75": "W", "89": "E", "39": "E", "170": "E", "93": "S", "37": "E", "51": "N", "133": "N", "140": "S", "38": "N", "0": "E", "136": "S", "134": "E", "24": "N", "139": "W", "173": "S", "167": "E", "142": "N", "128": "E", "105": "S", "96": "E", "74": "E", "11": "E", "6": "W", "126": "S", "151": "W", "145": "S", "141": "S", "135": "S", "129": "E", "86": "S", "59": "N", "47": "N", "46": "E", "43": "E", "9": "N", "161": "W", "99": "S", "71": "S", "69": "S", "52": "S", "26": "W", "162": "S", "148": "E", "108": "N", "106": "E", "77": "E", "66": "S", "60": "E", "54": "N", "32": "S", "137": "N", "121": "E", "95": "E", "29": "S", "12": "E"}, {"50": "E", "58": "S", "5": "W", "10": "S", "112": "E", "109": "W", "111": "W", "83": "N", "156": "E", "85": "N", "36": "N", "114": "N", "119": "E", "70": "E", "123": "S", "4": "S", "89": "E", "39": "E", "48": "N", "125": "S", "93": "S", "51": "N", "140": "S", "38": "W", "115": "N", "138": "S", "0": "E", "159": "E", "136": "S", "134": "E", "139": "W", "173": "S", "167": "E", "142": "N", "128": "N", "96": "E", "74": "E", "11": "E", "6": "S", "126": "S", "151": "W", "145": "S", "141": "E", "129": "E", "86": "E", "59": "E", "47": "E", "46": "S", "43": "E", "9": "N", "63": "S", "161": "W", "99": "S", "78": "S", "73": "N", "71": "S", "69": "S", "52": "E", "7": "S", "148": "S", "108": "N", "106": "S", "77": "E", "66": "S", "60": "E", "54": "E", "32": "E", "169": "N", "137": "E", "121": "E", "95": "N", "29": "S", "12": "E"}, {"50": "E", "58": "S", "5": "W", "10": "S", "112": "E", "109": "S", "102": "S", "111": "W", "83": "N", "156": "N", "107": "E", "85": "E", "36": "N", "114": "N", "119": "N", "70": "E", "123": "S", "4": "S", "89": "E", "39": "E", "48": "E", "125": "E", "93": "S", "51": "W", "133": "S", "140": "S", "38": "W", "0": "E", "134": "E", "24": "S", "139": "W", "173": "E", "167": "E", "142": "N", "128": "N", "96": "E", "74": "N", "11": "E", "6": "W", "126": "E", "151": "S", "129": "E", "86": "E", "59": "E", "46": "S", "44": "S", "43": "E", "161": "W", "99": "S", "78": "E", "73": "E", "69": "S", "52": "E", "148": "E", "108": "N", "106": "S", "77": "S", "66": "S", "60": "E", "54": "E", "32": "E", "169": "N", "137": "N", "121": "E", "95": "N", "29": "S", "12": "E"}, {"50": "E", "5": "W", "10": "S", "112": "E", "109": "S", "102": "S", "111": "N", "156": "E", "107": "S", "85": "E", "36": "E", "114": "N", "119": "E", "70": "E", "123": "S", "75": "E", "89": "N", "116": "E", "39": "E", "48": "S", "125": "E", "93": "S", "140": "W", "38": "W", "115": "S", "0": "N", "134": "N", "24": "S", "139": "W", "173": "E", "167": "E", "142": "N", "128": "N", "96": "S", "74": "N", "11": "E", "6": "S", "126": "E", "129": "N", "86": "E", "46": "S", "44": "S", "43": "E", "9": "W", "161": "W", "78": "N", "73": "E", "69": "S", "52": "E", "14": "E", "148": "N", "108": "E", "106": "W", "77": "E", "66": "W", "60": "E", "32": "S", "137": "N", "121": "E", "29": "W", "12": "E"}, {"50": "N", "5": "W", "10": "S", "112": "E", "109": "S", "102": "S", "156": "N", "85": "N", "114": "N", "119": "N", "84": "S", "123": "S", "89": "N", "39": "E", "125": "N", "93": "S", "133": "N", "140": "S", "38": "W", "0": "E", "134": "E", "25": "S", "24": "S", "139": "W", "173": "E", "167": "E", "142": "N", "128": "N", "105": "N", "96": "E", "74": "N", "11": "S", "6": "S", "2": "N", "126": "E", "129": "N", "46": "E", "43": "E", "161": "N", "69": "S", "52": "E", "148": "E", "108": "E", "106": "S", "77": "E", "66": "S", "60": "S", "32": "E", "137": "N", "121": "S", "29": "S", "12": "S"}, {"50": "N", "10": "E", "112": "E", "109": "S", "85": "E", "114": "N", "119": "N", "70": "S", "89": "N", "116": "S", "39": "E", "125": "E", "93": "E", "140": "S", "38": "W", "0": "E", "139": "W", "173": "E", "167": "E", "142": "E", "128": "N", "96": "E", "74": "N", "11": "E", "6": "S", "126": "E", "46": "E", "43": "E", "69": "S", "14": "W", "148": "E", "108": "E", "106": "S", "77": "E", "60": "E", "32": "E", "121": "S", "29": "S", "12": "E"}, {"10": "S", "112": "E", "109": "S", "85": "E", "114": "N", "119": "N", "70": "E", "116": "W", "39": "E", "125": "E", "93": "E", "140": "S", "38": "S", "0": "E", "139": "N", "173": "E", "167": "E", "142": "E", "128": "N", "96": "E", "74": "E", "62": "S", "126": "E", "46": "E", "43": "N", "9": "E", "69": "W", "148": "E", "108": "N", "106": "W", "77": "E", "32": "E", "121": "E", "95": "W", "29": "S", "12": "S"}, {"10": "S", "112": "E", "109": "S", "85": "N", "114": "N", "84": "N", "70": "S", "116": "N", "39": "E", "125": "S", "93": "S", "0": "E", "25": "N", "173": "E", "167": "E", "142": "E", "128": "E", "96": "N", "62": "E", "46": "E", "43": "N", "69": "W", "14": "S", "148": "E", "108": "N", "106": "W", "77": "E", "32": "N", "121": "E", "95": "N", "29": "S", "12": "S"}, {"10": "S", "112": "E", "109": "E", "114": "N", "70": "E", "39": "E", "93": "E", "173": "N", "142": "E", "96": "E", "62": "S", "46": "S", "43": "E", "69": "W", "148": "E", "108": "E", "106": "W", "77": "E", "60": "E", "32": "E", "169": "S", "121": "E", "12": "S"}, {"10": "W", "112": "E", "109": "E", "114": "E", "70": "E", "39": "E", "93": "E", "173": "E", "142": "N", "62": "W", "46": "S", "43": "N", "69": "S", "106": "W", "77": "E", "60": "E", "32": "E", "121": "N", "12": "S"}, {"10": "S", "112": "E", "109": "E", "70": "N", "125": "N", "93": "E", "139": "N", "173": "E", "167": "S", "62": "N", "46": "S", "69": "S", "106": "W", "77": "E", "60": "E", "32": "E", "169": "N", "121": "E", "12": "S"}, {"10": "S", "109": "E", "93": "E", "173": "E", "62": "N", "46": "E", "69": "W", "77": "N", "60": "N", "32": "N", "121": "E", "12": "S"}, {"109": "E", "93": "E", "173": "N", "167": "N", "46": "S", "69": "W", "77": "N", "60": "E", "32": "E", "121": "E", "12": "S"}, {"109": "E", "93": "E", "173": "N", "46": "S", "69": "S", "14": "W", "77": "N", "60": "E", "32": "E", "121": "N", "12": "E"}, {"109": "E", "93": "E", "173": "E", "46": "W", "69": "W", "14": "S", "77": "N", "60": "E", "121": "E", "12": "S"}, {"109": "E", "93": "E", "173": "E", "46": "S", "69": "N", "77": "W", "169": "N", "12": "S"}, {"109": "E", "93": "E", "173": "E", "46": "S", "43": "S", "77": "W", "12": "W"}, {"109": "N", "93": "N", "173": "N", "46": "S", "43": "E", "14": "N", "12": "S"}, {"173": "N", "46": "W", "43": "E", "14": "E"}, {"173": "W", "43": "N"}, {"173": "N"}], "result": "SUCCESS", "makespan": 70, "sum": 6190, "algo_name": "OutAndInByPercentage_sea_level__BIT_", "extra": {"arrival_order": [79, 110, 21, 8, 33, 76, 127, 82, 153, 28, 152, 164, 45, 23, 117, 98, 35, 120, 101, 165, 50, 19, 58, 13, 72, 146, 41, 5, 49, 42, 81, 94, 90, 143, 10, 158, 22, 112, 109, 102, 172, 111, 154, 61, 53, 83, 156, 107, 85, 36, 155, 114, 119, 84, 40, 17, 15, 104, 70, 55, 27, 123, 68, 130, 75, 31, 4, 3, 16, 87, 89, 166, 65, 144, 92, 157, 116, 103, 39, 124, 67, 48, 132, 97, 170, 149, 125, 122, 93, 37, 163, 80, 171, 160, 64, 51, 91, 133, 150, 140, 38, 30, 20, 18, 56, 115, 34, 138, 118, 100, 0, 159, 147, 136, 134, 88, 25, 24, 139, 173, 168, 167, 142, 131, 128, 105, 96, 74, 62, 57, 11, 6, 2, 126, 151, 145, 141, 135, 129, 86, 59, 47, 46, 44, 43, 9, 63, 161, 99, 78, 73, 71, 69, 52, 26, 14, 7, 1, 162, 148, 113, 108, 106, 77, 66, 60, 54, 32, 169, 137, 121, 95, 29, 12], "time_arrived": [3310, 4882, 4102, 2147, 2118, 831, 4094, 4854, 160, 4506, 1042, 4062, 5471, 723, 4834, 1798, 2188, 1754, 3139, 657, 3121, 141, 1078, 465, 3542, 3511, 4804, 1936, 345, 5433, 3089, 2090, 5253, 181, 3206, 533, 1591, 2708, 3067, 2485, 1726, 781, 885, 4480, 4433, 436, 4424, 4373, 2547, 851, 643, 2878, 4749, 1371, 5226, 1911, 3158, 4010, 696, 4352, 5192, 1331, 3987, 4517, 2822, 2314, 5150, 2513, 1993, 4717, 1893, 4674, 761, 4646, 3977, 2052, 209, 5104, 4611, 82, 2756, 917, 279, 1420, 1697, 1549, 4310, 2213, 3491, 2260, 987, 2894, 2377, 2699, 966, 5384, 3928, 2564, 486, 4599, 3262, 574, 1189, 2434, 1831, 3885, 5056, 1505, 5031, 1166, 108, 1268, 1119, 4982, 1624, 3173, 2396, 474, 3252, 1675, 549, 5357, 2669, 1955, 2502, 2654, 4133, 242, 3853, 4287, 2025, 3802, 2553, 2935, 3462, 4251, 3420, 5330, 3227, 3596, 3021, 4228, 3774, 997, 2350, 4190, 775, 3382, 4959, 2619, 2964, 4156, 374, 308, 1311, 1613, 1464, 2386, 1064, 3335, 2808, 4547, 4913, 2721, 416, 593, 2274, 3718, 3675, 5270, 2583, 2781, 1227, 3650], "BIT_runs": 1, "old_makespan": 5471, "old_sum": 7446, "improved": "[79, 110, 21, 8, 33, 76, 127, 82, 153, 28, 152, 164, 45, 23, 117, 98, 35, 120, 101, 165, 50, 19, 58, 13, 72, 146, 41, 5, 49, 42, 81, 94, 90, 143, 10, 158, 22, 112, 109, 102, 172, 111, 154, 61, 53, 83, 156, 107, 85, 36, 155, 114, 119, 84, 40, 17, 15, 104, 70, 55, 27, 123, 68, 130, 75, 31, 4, 3, 16, 87, 89, 166, 65, 144, 92, 157, 116, 103, 39, 124, 67, 48, 132, 97, 170, 149, 125, 122, 93, 37, 163, 80, 171, 160, 64, 51, 91, 133, 150, 140, 38, 30, 20, 18, 56, 115, 34, 138, 118, 100, 0, 159, 147, 136, 134, 88, 25, 24, 139, 173, 168, 167, 142, 131, 128, 105, 96, 74, 62, 57, 11, 6, 2, 126, 151, 145, 141, 135, 129, 86, 59, 47, 46, 44, 43, 9, 63, 161, 99, 78, 73, 71, 69, 52, 26, 14, 7, 1, 162, 148, 113, 108, 106, 77, 66, 60, 54, 32, 169, 137, 121, 95, 29, 12],", "goal_raise_for_bs": 32}}