{"instance": "galaxy_cluster2_00000_20x20_20_80", "steps": [{"1": "W", "49": "W", "38": "W", "79": "W", "76": "W", "23": "N", "77": "N", "64": "E", "60": "N", "57": "W", "45": "W", "25": "N", "19": "N", "10": "N", "72": "N", "70": "W", "68": "W", "42": "N", "39": "S", "34": "E", "13": "E", "11": "N", "4": "E", "0": "W", "73": "W", "52": "N", "35": "S", "28": "E", "17": "S", "14": "N", "12": "W", "5": "N", "3": "S", "74": "W", "46": "E", "69": "N", "66": "S", "61": "W", "48": "S", "43": "E", "37": "E", "32": "N", "20": "W", "9": "S", "7": "E", "2": "W", "26": "W", "67": "W", "62": "S", "56": "E", "53": "S", "51": "W", "50": "S", "30": "S", "27": "N", "24": "E", "18": "E", "16": "N", "63": "W", "58": "W", "55": "W", "47": "N", "41": "N", "40": "W", "36": "N", "31": "N", "15": "E", "75": "S", "71": "N", "65": "S", "59": "W", "54": "W", "44": "N", "29": "N", "22": "S", "21": "E"}, {"1": "W", "49": "W", "38": "W", "79": "W", "76": "W", "23": "E", "77": "E", "64": "N", "60": "N", "57": "W", "45": "W", "25": "E", "19": "E", "72": "N", "70": "N", "68": "W", "42": "N", "39": "S", "34": "N", "13": "E", "11": "N", "4": "E", "0": "W", "73": "W", "28": "E", "17": "E", "14": "E", "12": "W", "5": "E", "3": "S", "74": "W", "46": "E", "69": "E", "66": "S", "61": "W", "48": "S", "43": "N", "37": "E", "33": "E", "32": "E", "20": "W", "9": "E", "26": "W", "67": "W", "62": "S", "56": "E", "53": "S", "51": "W", "50": "E", "27": "E", "24": "E", "18": "E", "16": "N", "6": "W", "63": "W", "58": "W", "55": "W", "47": "N", "41": "N", "40": "W", "31": "N", "15": "E", "75": "S", "71": "N", "65": "E", "59": "W", "54": "W", "29": "N", "22": "S"}, {"49": "W", "38": "W", "79": "W", "76": "W", "23": "E", "77": "E", "64": "N", "60": "E", "57": "W", "45": "W", "25": "E", "10": "E", "72": "N", "70": "W", "68": "W", "42": "E", "39": "E", "13": "E", "11": "N", "4": "N", "0": "W", "73": "W", "52": "S", "35": "W", "28": "N", "17": "E", "14": "E", "12": "W", "3": "E", "46": "S", "69": "E", "66": "S", "61": "N", "48": "E", "37": "E", "33": "E", "32": "E", "20": "W", "26": "N", "67": "S", "62": "S", "53": "S", "51": "W", "50": "S", "30": "W", "27": "S", "24": "E", "18": "E", "16": "N", "6": "W", "78": "W", "63": "W", "58": "W", "55": "W", "41": "W", "40": "W", "36": "E", "31": "W", "75": "S", "71": "E", "65": "N", "59": "W", "54": "W", "44": "E", "29": "N", "22": "S", "21": "S", "8": "W"}, {"1": "W", "49": "W", "38": "W", "79": "W", "76": "W", "23": "E", "77": "E", "64": "N", "60": "E", "57": "S", "45": "W", "25": "S", "19": "N", "10": "E", "72": "N", "70": "W", "68": "S", "39": "E", "34": "N", "13": "N", "4": "E", "73": "S", "52": "W", "35": "W", "28": "E", "17": "S", "14": "N", "12": "S", "5": "N", "3": "E", "74": "N", "46": "S", "69": "E", "66": "S", "48": "E", "43": "N", "37": "S", "33": "E", "32": "N", "7": "N", "2": "N", "26": "N", "67": "S", "62": "E", "56": "E", "53": "S", "51": "W", "50": "S", "27": "E", "24": "E", "18": "E", "16": "W", "6": "N", "78": "W", "63": "W", "58": "W", "55": "W", "47": "E", "41": "N", "40": "W", "36": "N", "31": "N", "15": "E", "71": "N", "65": "E", "59": "W", "54": "W", "44": "E", "29": "N", "22": "E", "21": "E"}, {"1": "W", "49": "N", "38": "W", "79": "W", "76": "W", "23": "E", "77": "E", "64": "N", "60": "E", "57": "S", "45": "W", "25": "S", "19": "N", "72": "N", "70": "S", "39": "E", "34": "N", "13": "N", "11": "N", "4": "S", "0": "E", "73": "S", "52": "W", "35": "W", "28": "N", "14": "N", "12": "E", "5": "N", "3": "E", "74": "N", "69": "E", "66": "E", "61": "S", "48": "E", "37": "E", "33": "S", "32": "N", "20": "S", "9": "N", "7": "E", "2": "N", "26": "N", "67": "S", "62": "N", "56": "E", "53": "S", "51": "S", "50": "S", "27": "E", "24": "E", "18": "E", "16": "N", "6": "N", "63": "W", "58": "W", "55": "W", "47": "S", "41": "N", "40": "W", "36": "N", "31": "W", "75": "S", "71": "N", "65": "S", "54": "W", "44": "E", "29": "N", "22": "N", "8": "S"}, {"1": "W", "49": "N", "38": "W", "79": "W", "76": "W", "23": "E", "64": "N", "60": "E", "57": "W", "45": "W", "25": "S", "19": "N", "72": "N", "70": "S", "39": "E", "34": "E", "13": "N", "4": "S", "0": "E", "73": "S", "52": "W", "35": "W", "28": "E", "14": "N", "12": "N", "5": "N", "3": "E", "46": "S", "69": "E", "66": "E", "48": "S", "43": "E", "37": "E", "33": "E", "32": "N", "20": "S", "9": "E", "7": "E", "2": "N", "26": "W", "62": "E", "56": "E", "53": "S", "51": "S", "50": "S", "30": "N", "27": "E", "18": "E", "16": "N", "6": "W", "63": "W", "58": "W", "55": "W", "47": "E", "41": "N", "36": "N", "71": "N", "65": "E", "54": "W", "44": "E", "22": "E", "21": "S", "8": "E"}, {"1": "W", "49": "N", "38": "S", "79": "W", "76": "N", "64": "E", "60": "E", "57": "S", "45": "S", "25": "S", "19": "N", "10": "N", "72": "N", "70": "W", "42": "N", "39": "E", "34": "E", "13": "N", "4": "E", "0": "S", "73": "S", "52": "W", "35": "S", "28": "E", "17": "E", "14": "N", "12": "E", "74": "N", "46": "W", "69": "E", "48": "S", "43": "E", "37": "E", "33": "E", "32": "N", "20": "S", "9": "E", "7": "E", "2": "N", "26": "N", "62": "E", "56": "E", "53": "E", "51": "S", "50": "S", "30": "W", "27": "E", "24": "E", "18": "E", "16": "N", "6": "N", "63": "W", "58": "S", "55": "W", "47": "N", "41": "N", "36": "N", "31": "W", "15": "N", "75": "N", "71": "E", "65": "E", "54": "W", "44": "E", "29": "S", "22": "S", "21": "E", "8": "E"}, {"49": "N", "38": "S", "79": "N", "76": "N", "64": "E", "57": "S", "45": "S", "25": "S", "72": "N", "70": "S", "68": "S", "42": "N", "39": "E", "34": "N", "13": "E", "11": "E", "4": "E", "0": "S", "73": "S", "52": "W", "35": "S", "28": "E", "17": "E", "12": "S", "5": "W", "3": "N", "74": "N", "46": "S", "69": "E", "61": "N", "48": "S", "37": "E", "33": "E", "32": "E", "20": "S", "9": "E", "7": "E", "26": "N", "67": "W", "62": "S", "56": "E", "53": "E", "51": "S", "50": "S", "30": "S", "24": "E", "18": "E", "16": "N", "6": "N", "78": "W", "63": "W", "58": "S", "55": "W", "47": "E", "41": "N", "36": "N", "15": "E", "71": "E", "65": "E", "54": "W", "44": "N", "29": "E", "22": "E", "21": "E", "8": "E"}, {"1": "W", "49": "N", "38": "S", "79": "N", "76": "N", "57": "S", "45": "S", "25": "S", "72": "E", "70": "W", "68": "S", "42": "N", "39": "E", "34": "E", "13": "N", "11": "E", "4": "S", "0": "S", "73": "S", "52": "W", "35": "S", "28": "S", "17": "S", "14": "N", "12": "S", "5": "N", "3": "N", "46": "S", "69": "E", "48": "S", "43": "E", "37": "E", "33": "S", "20": "S", "9": "S", "7": "N", "2": "N", "26": "N", "67": "S", "62": "S", "56": "N", "53": "E", "50": "S", "30": "S", "24": "E", "16": "N", "6": "N", "63": "W", "58": "S", "55": "S", "47": "E", "41": "N", "36": "N", "15": "E", "75": "S", "71": "N", "65": "S", "59": "S", "54": "W", "29": "E", "22": "E", "21": "E", "8": "E"}, {"49": "N", "38": "S", "79": "N", "76": "N", "57": "S", "45": "S", "25": "S", "72": "E", "70": "S", "68": "S", "42": "N", "39": "E", "34": "E", "13": "N", "11": "N", "4": "S", "0": "S", "73": "W", "52": "W", "35": "S", "28": "E", "17": "S", "14": "N", "12": "S", "3": "N", "46": "S", "69": "E", "48": "S", "43": "E", "37": "E", "33": "E", "20": "S", "9": "E", "7": "E", "26": "N", "67": "E", "62": "E", "56": "E", "53": "E", "50": "E", "30": "S", "27": "N", "24": "E", "16": "E", "6": "N", "63": "W", "58": "S", "55": "S", "47": "E", "41": "W", "36": "E", "15": "E", "71": "N", "65": "E", "59": "S", "54": "W", "29": "E", "22": "E", "21": "E", "8": "E"}, {"79": "N", "76": "N", "57": "S", "45": "S", "25": "S", "72": "E", "70": "S", "42": "N", "39": "E", "34": "N", "13": "N", "11": "E", "4": "S", "0": "S", "73": "W", "52": "N", "35": "S", "28": "S", "17": "S", "12": "E", "5": "W", "3": "N", "46": "S", "69": "E", "48": "S", "43": "E", "37": "E", "33": "S", "32": "E", "20": "S", "9": "S", "7": "E", "2": "E", "26": "N", "62": "E", "56": "E", "53": "E", "50": "S", "30": "S", "27": "N", "24": "N", "18": "W", "16": "N", "6": "N", "63": "W", "58": "S", "55": "S", "47": "E", "41": "N", "15": "E", "75": "E", "71": "E", "59": "S", "54": "N", "44": "N", "29": "E", "22": "E", "21": "E", "8": "E"}, {"79": "N", "76": "N", "57": "S", "45": "S", "25": "S", "70": "S", "39": "E", "34": "E", "13": "E", "11": "E", "4": "E", "0": "S", "73": "W", "52": "N", "35": "S", "28": "S", "17": "E", "12": "S", "3": "N", "46": "S", "69": "E", "48": "E", "43": "E", "37": "S", "33": "S", "20": "E", "9": "E", "7": "E", "2": "N", "26": "N", "62": "S", "56": "E", "53": "E", "50": "S", "30": "E", "27": "N", "24": "N", "18": "N", "16": "N", "6": "N", "63": "S", "58": "S", "55": "S", "47": "E", "41": "N", "31": "E", "15": "E", "71": "S", "65": "S", "54": "N", "29": "S", "22": "E", "21": "E", "8": "E"}, {"76": "N", "57": "S", "45": "S", "25": "S", "70": "S", "13": "N", "4": "E", "0": "S", "73": "S", "52": "N", "35": "E", "28": "S", "17": "E", "12": "E", "5": "W", "3": "N", "46": "S", "69": "E", "48": "E", "43": "N", "37": "E", "33": "S", "32": "N", "20": "N", "9": "S", "7": "E", "2": "N", "26": "E", "62": "E", "56": "E", "53": "E", "50": "S", "30": "E", "27": "N", "24": "E", "18": "N", "16": "N", "6": "N", "78": "E", "63": "S", "58": "S", "41": "N", "31": "E", "15": "E", "65": "E", "54": "N", "29": "E", "22": "E", "21": "E"}, {"1": "N", "76": "N", "57": "S", "45": "S", "25": "S", "13": "N", "4": "E", "0": "S", "73": "S", "52": "W", "35": "E", "28": "E", "17": "E", "12": "E", "5": "N", "3": "N", "46": "S", "43": "N", "37": "S", "33": "E", "32": "N", "20": "E", "9": "S", "7": "S", "2": "W", "26": "E", "62": "N", "56": "S", "50": "S", "30": "E", "27": "N", "24": "E", "18": "E", "16": "N", "6": "N", "78": "E", "63": "S", "58": "W", "47": "N", "41": "N", "36": "N", "31": "E", "15": "E", "65": "E", "54": "N", "29": "E", "22": "E", "8": "E"}, {"1": "N", "76": "E", "57": "S", "25": "E", "13": "N", "4": "E", "0": "S", "73": "W", "52": "W", "35": "E", "28": "E", "12": "E", "5": "N", "3": "N", "46": "S", "43": "N", "37": "E", "33": "E", "32": "N", "20": "E", "7": "S", "26": "E", "62": "N", "56": "S", "53": "E", "50": "S", "30": "E", "27": "W", "24": "N", "18": "E", "16": "N", "6": "N", "58": "S", "41": "E", "36": "N", "31": "E", "15": "S", "71": "N", "65": "N", "59": "N", "44": "S", "29": "N", "22": "S", "21": "E", "8": "N"}, {"1": "N", "76": "E", "57": "S", "25": "E", "13": "E", "4": "E", "0": "E", "73": "W", "52": "N", "35": "E", "28": "E", "12": "S", "5": "N", "3": "E", "46": "E", "43": "N", "33": "E", "32": "N", "20": "E", "9": "S", "7": "S", "26": "E", "62": "E", "56": "S", "53": "E", "50": "S", "30": "E", "27": "N", "24": "N", "18": "E", "16": "E", "6": "N", "58": "W", "41": "E", "36": "N", "31": "E", "15": "E", "75": "E", "71": "W", "65": "N", "29": "E", "22": "E", "8": "E"}, {"1": "N", "76": "E", "25": "E", "13": "E", "4": "E", "0": "E", "73": "W", "35": "E", "28": "E", "17": "S", "12": "E", "5": "N", "3": "N", "46": "E", "43": "N", "33": "E", "32": "N", "20": "E", "9": "S", "7": "S", "2": "W", "26": "N", "62": "N", "56": "E", "50": "E", "30": "E", "27": "N", "24": "N", "18": "E", "16": "N", "6": "E", "58": "S", "41": "N", "36": "N", "15": "S", "65": "E", "59": "N", "54": "N", "29": "E", "22": "S", "21": "N", "8": "E"}, {"1": "N", "76": "E", "13": "E", "4": "S", "0": "E", "73": "W", "35": "E", "28": "E", "17": "S", "12": "E", "5": "W", "3": "N", "43": "N", "33": "E", "32": "E", "20": "S", "9": "S", "7": "E", "2": "N", "26": "E", "62": "E", "56": "S", "30": "E", "27": "E", "24": "E", "18": "E", "16": "E", "6": "E", "41": "E", "36": "E", "31": "E", "15": "S", "54": "E", "44": "N", "29": "E", "22": "S", "21": "N", "8": "E"}, {"1": "E", "76": "E", "13": "E", "4": "E", "0": "E", "73": "S", "35": "E", "28": "E", "17": "S", "12": "E", "5": "W", "3": "N", "43": "N", "33": "E", "32": "E", "20": "E", "9": "E", "7": "E", "2": "N", "26": "E", "62": "N", "56": "E", "30": "S", "27": "N", "24": "E", "18": "E", "16": "E", "6": "E", "78": "S", "41": "E", "36": "N", "31": "N", "15": "E", "71": "W", "59": "S", "54": "N", "29": "E", "22": "E", "8": "E"}, {"1": "E", "76": "E", "4": "E", "0": "E", "73": "W", "35": "E", "28": "E", "17": "S", "12": "E", "5": "W", "3": "N", "43": "N", "33": "E", "32": "N", "20": "S", "9": "S", "2": "E", "26": "E", "67": "W", "62": "E", "56": "S", "30": "S", "24": "E", "18": "N", "16": "E", "6": "E", "78": "E", "41": "E", "36": "E", "15": "E", "71": "N", "59": "S", "54": "W", "29": "N", "22": "E", "21": "N", "8": "N"}, {"1": "E", "76": "E", "0": "E", "73": "W", "35": "E", "17": "S", "12": "E", "5": "W", "3": "N", "43": "N", "33": "S", "20": "E", "9": "S", "26": "E", "67": "W", "62": "E", "56": "S", "30": "E", "24": "N", "18": "E", "16": "E", "6": "E", "78": "E", "41": "N", "36": "N", "15": "S", "71": "N", "59": "S", "54": "N", "29": "N", "22": "S", "21": "N", "8": "E"}, {"1": "E", "0": "E", "73": "S", "35": "E", "12": "E", "5": "W", "3": "N", "43": "E", "20": "E", "9": "S", "26": "E", "67": "W", "62": "E", "56": "S", "30": "E", "27": "N", "24": "N", "18": "N", "16": "E", "6": "E", "78": "N", "41": "E", "36": "E", "71": "N", "54": "N", "44": "W", "29": "N", "22": "S", "21": "N"}, {"1": "E", "0": "E", "73": "S", "35": "E", "12": "E", "5": "W", "3": "N", "43": "E", "20": "E", "9": "E", "26": "E", "67": "W", "56": "E", "30": "E", "24": "N", "18": "E", "16": "E", "6": "E", "78": "E", "41": "E", "31": "S", "15": "E", "71": "N", "54": "N", "44": "W", "29": "N", "22": "S", "21": "N", "8": "E"}, {"1": "N", "0": "E", "17": "S", "12": "E", "3": "N", "43": "E", "20": "E", "56": "S", "30": "E", "24": "W", "18": "N", "16": "E", "6": "E", "78": "E", "41": "E", "40": "N", "36": "N", "31": "E", "15": "S", "75": "S", "71": "N", "44": "N", "29": "N", "22": "W", "21": "N", "8": "E"}, {"1": "E", "0": "E", "12": "E", "5": "E", "3": "E", "43": "E", "20": "E", "9": "W", "26": "E", "67": "E", "56": "S", "30": "E", "24": "N", "18": "N", "16": "E", "6": "E", "41": "E", "36": "N", "31": "E", "15": "S", "75": "E", "71": "N", "44": "N", "29": "N", "22": "W", "21": "N", "8": "E"}, {"1": "E", "0": "E", "12": "E", "5": "E", "3": "E", "43": "E", "20": "E", "9": "S", "67": "E", "56": "E", "30": "E", "24": "N", "18": "W", "16": "N", "6": "E", "36": "N", "31": "N", "15": "W", "71": "N", "44": "N", "29": "N", "22": "S", "21": "N", "8": "E"}, {"1": "E", "0": "E", "17": "N", "12": "E", "5": "E", "3": "E", "43": "E", "20": "E", "9": "S", "67": "E", "56": "E", "30": "E", "24": "N", "18": "N", "16": "E", "6": "E", "36": "N", "31": "E", "15": "S", "75": "S", "71": "N", "44": "E", "29": "N", "22": "S", "21": "N", "8": "N"}, {"1": "E", "0": "E", "12": "E", "5": "E", "3": "E", "43": "E", "20": "E", "9": "E", "67": "E", "56": "E", "30": "E", "24": "E", "18": "N", "16": "E", "6": "E", "78": "N", "36": "E", "31": "E", "15": "S", "75": "E", "71": "N", "59": "W", "44": "E", "29": "N", "22": "S", "21": "E", "8": "N"}, {"1": "E", "0": "E", "5": "E", "43": "E", "51": "S", "30": "E", "16": "E", "6": "E", "78": "E", "36": "N", "31": "E", "15": "S", "71": "E", "59": "S", "22": "S", "21": "E", "8": "W"}, {"1": "E", "0": "E", "5": "E", "30": "E", "16": "E", "6": "E", "78": "E", "40": "S", "36": "E", "31": "E", "75": "S", "71": "N", "59": "S", "22": "S", "21": "E", "8": "N"}, {"1": "E", "5": "E", "78": "E", "36": "E", "31": "E", "75": "E", "59": "E", "21": "N", "8": "N"}, {"1": "E", "5": "E", "78": "E", "36": "E", "31": "E", "75": "E", "21": "N", "8": "N"}, {"1": "E", "5": "E", "51": "N", "36": "E", "31": "E", "75": "N", "8": "N"}, {"1": "E", "5": "E", "36": "E", "31": "E", "75": "N", "8": "N"}, {"1": "E", "5": "E", "36": "E", "31": "E", "75": "E", "8": "N"}, {"1": "E", "5": "E", "78": "S", "36": "E"}, {"1": "E", "5": "E", "78": "E"}, {"1": "E", "5": "E", "78": "E"}, {"1": "E", "5": "E", "31": "S"}, {"1": "E"}, {"1": "E"}, {"31": "N"}], "result": "SUCCESS", "makespan": 42, "sum": 1432, "algo_name": "OutAndInByPercentage_BIT_", "extra": {"arrival_order": [1, 49, 38, 79, 76, 23, 77, 64, 60, 57, 45, 25, 19, 10, 72, 70, 68, 42, 39, 34, 13, 11, 4, 0, 73, 52, 35, 28, 17, 14, 12, 5, 3, 74, 46, 69, 66, 61, 48, 43, 37, 33, 32, 20, 9, 7, 2, 26, 67, 62, 56, 53, 51, 50, 30, 27, 24, 18, 16, 6, 78, 63, 58, 55, 47, 41, 40, 36, 31, 15, 75, 71, 65, 59, 54, 44, 29, 22, 21, 8], "time_arrived": [470, 41, 980, 688, 440, 657, 1301, 962, 1734, 940, 260, 415, 635, 396, 606, 1510, 1270, 590, 1237, 248, 913, 1700, 1671, 128, 1211, 234, 1007, 1181, 567, 1644, 1159, 1482, 885, 860, 365, 542, 1456, 835, 82, 343, 1422, 1414, 324, 812, 1619, 210, 720, 1390, 781, 62, 1131, 1102, 518, 1089, 1603, 1377, 1068, 200, 1361, 1582, 176, 761, 1038, 1338, 161, 1568, 752, 1018, 309, 740, 294, 1552, 273, 499, 699, 1523, 113, 141, 1319, 95], "BIT_runs": 1, "old_makespan": 1734, "old_sum": 2250, "improved": "[49, 38, 79, 76, 23, 77, 64, 60, 57, 45, 25, 19, 10, 72, 70, 68, 42, 39, 34, 13, 11, 4, 0, 73, 52, 35, 28, 17, 14, 12, 5, 3, 74, 46, 69, 66, 61, 48, 43, 37, 33, 32, 20, 9, 7, 2, 26, 67, 62, 56, 53, 51, 50, 30, 27, 24, 18, 16, 6, 78, 63, 58, 55, 47, 41, 40, 36, 31, 15, 75, 71, 65, 59, 54, 44, 29, 22, 21, 8],", "goal_raise_for_bs": 32}}