{"instance": "galaxy_cluster_00000_20x20_20_80", "steps": [{"19": "W", "18": "E", "45": "S", "73": "S", "59": "S", "50": "N", "79": "S", "74": "W", "69": "W", "62": "E", "40": "E", "29": "S", "21": "W", "15": "W", "63": "E", "49": "N", "25": "S", "22": "N", "77": "E", "72": "W", "58": "W", "39": "S", "37": "E", "26": "E", "17": "W", "14": "S", "9": "W", "5": "S", "71": "N", "64": "E", "57": "W", "52": "W", "51": "E", "44": "W", "42": "W", "13": "S", "12": "S", "2": "W", "0": "W", "68": "S", "61": "E", "53": "W", "48": "W", "38": "N", "10": "S", "7": "N", "70": "E", "66": "S", "65": "W", "56": "W", "36": "S", "34": "N", "30": "E", "11": "S", "8": "W", "78": "N", "55": "N", "46": "E", "43": "S", "32": "N", "16": "W", "6": "W", "4": "W", "3": "W", "76": "W", "75": "N", "60": "N", "41": "W", "33": "E", "31": "W", "28": "W", "27": "N", "24": "W"}, {"19": "W", "18": "E", "45": "E", "59": "S", "50": "N", "79": "S", "74": "N", "69": "S", "62": "E", "47": "N", "40": "S", "29": "E", "21": "W", "23": "W", "63": "N", "49": "E", "25": "S", "22": "W", "72": "W", "39": "S", "37": "S", "35": "N", "26": "E", "17": "W", "14": "W", "9": "W", "64": "E", "57": "S", "54": "W", "52": "N", "51": "E", "44": "W", "42": "S", "13": "S", "12": "W", "2": "W", "0": "W", "68": "W", "61": "N", "53": "W", "48": "W", "38": "N", "10": "S", "7": "W", "1": "W", "70": "E", "66": "S", "65": "W", "56": "W", "36": "E", "34": "N", "30": "E", "11": "S", "8": "N", "78": "N", "67": "S", "55": "W", "46": "N", "43": "E", "32": "N", "16": "W", "6": "N", "4": "W", "3": "W", "76": "W", "75": "N", "60": "N", "41": "W", "33": "E", "31": "W", "28": "W", "27": "N", "24": "W"}, {"19": "W", "18": "E", "45": "E", "73": "W", "59": "S", "50": "W", "79": "S", "74": "W", "69": "W", "62": "E", "47": "W", "40": "S", "29": "E", "21": "W", "15": "N", "23": "W", "63": "W", "49": "S", "25": "S", "22": "W", "77": "W", "72": "W", "58": "S", "39": "S", "37": "E", "35": "E", "26": "N", "17": "W", "14": "S", "71": "E", "64": "E", "57": "W", "54": "S", "52": "N", "51": "N", "44": "W", "42": "W", "13": "S", "2": "W", "68": "W", "61": "N", "53": "W", "48": "W", "38": "W", "10": "W", "7": "W", "70": "E", "66": "W", "65": "W", "56": "S", "36": "E", "34": "N", "30": "E", "11": "E", "8": "N", "78": "N", "67": "S", "55": "W", "46": "W", "43": "E", "32": "N", "16": "N", "6": "W", "4": "W", "3": "W", "76": "W", "75": "N", "60": "E", "41": "W", "33": "S", "31": "S", "28": "N", "24": "W"}, {"19": "W", "18": "N", "45": "E", "73": "W", "59": "E", "50": "W", "79": "S", "74": "W", "69": "W", "47": "W", "40": "E", "29": "S", "15": "N", "23": "W", "63": "W", "49": "S", "25": "S", "22": "W", "20": "N", "77": "W", "72": "W", "58": "S", "39": "E", "37": "E", "35": "E", "26": "N", "14": "W", "5": "N", "71": "E", "64": "E", "57": "W", "54": "E", "52": "N", "51": "N", "44": "W", "42": "W", "12": "W", "68": "W", "61": "N", "53": "S", "48": "W", "38": "W", "10": "W", "7": "S", "1": "S", "70": "E", "66": "W", "56": "S", "36": "E", "34": "N", "11": "S", "8": "N", "78": "E", "67": "W", "55": "N", "46": "N", "43": "E", "32": "N", "6": "N", "4": "W", "3": "W", "76": "W", "75": "W", "33": "E", "28": "N", "27": "E", "24": "W"}, {"18": "W", "45": "E", "73": "W", "59": "E", "50": "W", "79": "S", "74": "W", "69": "S", "47": "W", "29": "S", "21": "S", "15": "N", "23": "W", "63": "W", "49": "S", "25": "S", "77": "W", "72": "W", "58": "S", "39": "S", "37": "E", "35": "E", "26": "N", "17": "S", "14": "W", "5": "N", "71": "E", "64": "N", "57": "W", "54": "S", "51": "E", "44": "W", "12": "S", "2": "N", "68": "S", "53": "S", "48": "W", "38": "W", "10": "W", "1": "S", "70": "E", "66": "W", "65": "E", "56": "S", "36": "E", "34": "N", "30": "E", "8": "N", "78": "E", "67": "S", "55": "N", "46": "W", "43": "N", "32": "N", "16": "N", "4": "W", "3": "N", "76": "W", "75": "W", "33": "E", "28": "E", "27": "E", "24": "W"}, {"19": "W", "18": "W", "45": "E", "73": "W", "59": "E", "50": "W", "79": "E", "74": "W", "62": "S", "47": "W", "29": "E", "21": "S", "23": "W", "63": "W", "49": "E", "25": "S", "77": "W", "72": "N", "58": "W", "39": "S", "37": "E", "35": "E", "26": "N", "17": "S", "14": "W", "5": "N", "71": "E", "64": "N", "57": "W", "54": "W", "44": "W", "42": "S", "13": "W", "12": "W", "2": "N", "68": "W", "61": "W", "53": "E", "38": "W", "10": "W", "1": "S", "70": "E", "66": "W", "65": "N", "34": "E", "8": "N", "78": "E", "67": "S", "55": "E", "46": "W", "43": "E", "32": "E", "16": "W", "4": "N", "3": "E", "76": "W", "75": "W", "60": "N", "41": "N", "33": "E", "31": "S", "28": "N", "24": "W"}, {"19": "W", "18": "W", "45": "E", "73": "W", "59": "E", "50": "W", "79": "E", "74": "W", "47": "W", "21": "S", "23": "W", "63": "W", "49": "E", "25": "S", "77": "W", "72": "N", "58": "W", "39": "S", "37": "S", "35": "E", "26": "N", "17": "S", "14": "W", "9": "S", "5": "N", "71": "E", "64": "E", "57": "S", "54": "S", "44": "N", "12": "W", "2": "N", "61": "N", "53": "S", "48": "N", "38": "S", "10": "N", "1": "W", "70": "N", "66": "W", "65": "E", "36": "W", "34": "E", "8": "N", "67": "S", "55": "E", "46": "W", "43": "E", "16": "N", "6": "E", "4": "N", "3": "E", "76": "S", "75": "N", "60": "W", "41": "N", "33": "S", "31": "W", "28": "W", "24": "W"}, {"18": "N", "45": "E", "73": "W", "59": "E", "50": "W", "79": "E", "74": "W", "47": "W", "23": "S", "63": "W", "49": "S", "25": "E", "20": "N", "77": "S", "72": "N", "58": "W", "39": "S", "37": "S", "35": "S", "26": "N", "14": "W", "9": "S", "5": "E", "64": "E", "57": "W", "54": "S", "44": "N", "42": "S", "12": "W", "2": "N", "0": "E", "68": "N", "61": "W", "53": "S", "48": "N", "38": "S", "10": "W", "1": "W", "70": "E", "66": "W", "65": "S", "30": "W", "11": "E", "8": "W", "78": "N", "67": "S", "55": "N", "46": "W", "43": "S", "16": "W", "6": "N", "4": "N", "3": "E", "76": "S", "75": "W", "60": "N", "33": "E", "31": "W", "28": "N", "24": "N"}, {"18": "N", "45": "E", "73": "W", "59": "E", "50": "W", "79": "E", "74": "N", "47": "W", "29": "S", "23": "S", "63": "W", "49": "S", "25": "E", "20": "N", "72": "N", "58": "W", "37": "E", "35": "E", "26": "N", "17": "N", "14": "S", "64": "N", "57": "W", "42": "S", "12": "W", "2": "E", "0": "E", "61": "N", "53": "S", "38": "W", "10": "W", "1": "W", "70": "N", "66": "W", "65": "E", "30": "N", "8": "N", "78": "E", "67": "W", "55": "N", "46": "W", "43": "E", "16": "W", "6": "E", "4": "N", "3": "E", "76": "S", "75": "W", "60": "N", "41": "N", "33": "S", "31": "W", "28": "W"}, {"18": "N", "73": "W", "59": "E", "50": "W", "79": "E", "47": "W", "29": "S", "63": "W", "49": "E", "25": "E", "20": "N", "77": "W", "72": "N", "58": "W", "39": "E", "37": "S", "35": "E", "26": "N", "64": "E", "57": "W", "54": "S", "12": "W", "2": "E", "61": "N", "53": "S", "10": "W", "1": "W", "70": "N", "66": "W", "65": "E", "36": "E", "30": "N", "8": "N", "78": "E", "67": "S", "55": "N", "46": "W", "43": "S", "32": "E", "16": "S", "3": "S", "75": "N", "60": "N", "41": "N", "33": "E", "31": "W", "28": "W", "27": "S"}, {"18": "N", "73": "W", "50": "W", "79": "E", "62": "N", "47": "N", "29": "E", "21": "N", "23": "W", "63": "W", "49": "E", "25": "E", "77": "W", "72": "N", "58": "W", "39": "S", "37": "E", "35": "S", "26": "N", "14": "S", "57": "W", "54": "S", "44": "E", "42": "S", "2": "E", "68": "W", "61": "E", "53": "S", "38": "N", "10": "W", "1": "W", "70": "E", "66": "W", "65": "E", "30": "N", "8": "W", "78": "E", "67": "W", "55": "N", "46": "W", "43": "S", "32": "N", "16": "S", "6": "W", "4": "N", "3": "E", "75": "W", "60": "N", "41": "N", "33": "S", "31": "W", "27": "S"}, {"50": "N", "79": "E", "74": "N", "47": "N", "21": "N", "49": "E", "25": "E", "77": "W", "72": "N", "58": "W", "39": "W", "37": "E", "17": "E", "57": "W", "54": "S", "44": "N", "42": "S", "12": "N", "68": "W", "61": "N", "53": "E", "48": "N", "38": "W", "10": "W", "1": "W", "70": "E", "66": "W", "65": "E", "30": "N", "8": "W", "78": "N", "67": "W", "55": "N", "46": "W", "43": "S", "32": "N", "16": "W", "6": "W", "4": "N", "60": "N", "41": "E", "33": "S", "31": "W"}, {"50": "N", "79": "E", "74": "N", "47": "N", "21": "N", "63": "S", "49": "E", "25": "E", "77": "W", "72": "N", "58": "W", "37": "E", "17": "S", "57": "W", "54": "S", "44": "N", "68": "W", "61": "E", "48": "N", "38": "W", "10": "W", "1": "W", "70": "E", "66": "N", "65": "E", "30": "N", "8": "W", "78": "E", "67": "W", "55": "W", "46": "W", "43": "S", "32": "N", "16": "W", "6": "W", "4": "N", "60": "N", "41": "N", "33": "S", "31": "W", "27": "E", "24": "W"}, {"50": "N", "79": "E", "74": "N", "23": "E", "63": "W", "25": "E", "77": "W", "72": "N", "58": "W", "37": "E", "17": "W", "57": "S", "44": "N", "68": "W", "61": "E", "48": "N", "38": "W", "10": "N", "1": "W", "70": "E", "66": "N", "65": "E", "30": "N", "8": "W", "78": "E", "67": "W", "55": "W", "46": "W", "43": "S", "32": "E", "6": "W", "60": "N", "41": "N", "33": "S", "31": "W", "27": "E", "24": "N"}, {"50": "N", "79": "E", "74": "N", "63": "W", "25": "E", "77": "W", "72": "N", "58": "W", "57": "S", "44": "E", "13": "E", "53": "S", "38": "S", "10": "W", "1": "N", "70": "E", "66": "W", "65": "E", "30": "E", "8": "W", "78": "N", "67": "W", "55": "N", "46": "W", "43": "S", "32": "N", "6": "W", "60": "N", "41": "N", "33": "E", "31": "N", "27": "E", "24": "N"}, {"19": "N", "50": "N", "79": "E", "63": "W", "77": "W", "58": "W", "17": "S", "44": "N", "53": "E", "48": "N", "38": "S", "10": "N", "1": "N", "66": "N", "65": "E", "8": "W", "78": "E", "67": "W", "46": "N", "43": "S", "32": "N", "6": "W", "4": "N", "60": "E", "41": "W", "33": "E", "27": "N", "24": "N"}, {"19": "E", "50": "N", "63": "N", "77": "W", "58": "W", "44": "N", "53": "N", "38": "S", "10": "N", "1": "N", "66": "N", "65": "E", "8": "W", "78": "N", "67": "W", "46": "N", "32": "N", "6": "W", "4": "N", "60": "E", "41": "N", "33": "E", "27": "N", "24": "N"}, {"19": "E", "50": "N", "77": "W", "58": "N", "44": "N", "48": "N", "10": "N", "1": "N", "66": "N", "65": "E", "8": "W", "78": "N", "67": "W", "46": "N", "32": "N", "4": "N", "60": "E", "41": "N", "33": "E", "27": "N", "24": "N"}, {"19": "E", "50": "N", "77": "W", "58": "N", "17": "N", "44": "N", "48": "N", "10": "N", "1": "W", "66": "N", "65": "E", "8": "W", "78": "N", "67": "W", "46": "N", "32": "E", "60": "N", "41": "E", "33": "E", "27": "N", "24": "E"}, {"19": "S", "23": "W", "77": "S", "44": "N", "0": "N", "10": "N", "66": "N", "65": "E", "11": "N", "78": "E", "67": "S", "46": "W", "43": "S", "32": "N", "60": "E", "41": "N", "33": "E", "27": "E"}, {"19": "S", "23": "W", "44": "W", "66": "W", "65": "E", "78": "E", "67": "S", "46": "N", "43": "S", "32": "N", "60": "E", "41": "N", "33": "E", "27": "E"}, {"19": "S", "23": "W", "44": "W", "66": "N", "65": "E", "11": "S", "46": "W", "43": "E", "32": "N", "60": "E", "41": "W", "33": "E", "27": "E"}, {"19": "S", "44": "N", "0": "S", "66": "W", "65": "E", "46": "N", "43": "E", "32": "W", "60": "E", "41": "N", "33": "E", "24": "N"}, {"19": "E", "23": "E", "44": "N", "66": "N", "65": "E", "46": "W", "43": "S", "32": "N", "60": "S", "33": "E", "24": "N"}, {"19": "E", "23": "E", "44": "N", "66": "W", "46": "W", "43": "S", "32": "W", "60": "E", "33": "E"}, {"19": "E", "23": "E", "44": "N", "66": "N", "46": "N", "32": "N", "60": "E"}, {"66": "W", "46": "W", "32": "W", "60": "E"}, {"66": "N", "46": "S", "60": "E"}, {"66": "N", "46": "S", "60": "E"}, {"66": "N", "46": "W"}, {"66": "N"}], "result": "SUCCESS", "makespan": 31, "sum": 1031, "algo_name": "OutAndInByPercentage_BIT_", "extra": {"arrival_order": [19, 18, 45, 73, 59, 50, 79, 74, 69, 62, 47, 40, 29, 21, 15, 23, 63, 49, 25, 22, 20, 77, 72, 58, 39, 37, 35, 26, 17, 14, 9, 5, 71, 64, 57, 54, 52, 51, 44, 42, 13, 12, 2, 0, 68, 61, 53, 48, 38, 10, 7, 1, 70, 66, 65, 56, 36, 34, 30, 11, 8, 78, 67, 55, 46, 43, 32, 16, 6, 4, 3, 76, 75, 60, 41, 33, 31, 28, 27, 24], "time_arrived": [746, 888, 737, 1256, 1247, 577, 1224, 866, 1045, 563, 855, 1022, 724, 705, 556, 279, 1210, 539, 37, 26, 386, 268, 374, 295, 1430, 362, 532, 1409, 1395, 258, 1012, 1383, 1192, 1370, 996, 517, 984, 497, 833, 473, 240, 1341, 694, 1165, 679, 61, 1140, 227, 812, 339, 132, 652, 643, 794, 637, 1106, 974, 618, 452, 103, 1318, 780, 206, 318, 605, 968, 940, 1092, 760, 193, 907, 588, 426, 82, 179, 1292, 1273, 411, 1068, 157], "BIT_runs": 1, "old_makespan": 1430, "old_sum": 1981, "improved": "[18, 45, 73, 59, 50, 79, 74, 69, 62, 47, 40, 29, 21, 15, 23, 63, 49, 25, 22, 20, 77, 72, 58, 39, 37, 35, 26, 17, 14, 9, 5, 71, 64, 57, 54, 52, 51, 44, 42, 13, 12, 2, 0, 68, 61, 53, 48, 38, 10, 7, 1, 70, 66, 65, 56, 36, 34, 30, 11, 8, 78, 67, 55, 46, 43, 32, 16, 6, 4, 3, 76, 75, 60, 41, 33, 31, 28, 27, 24],", "goal_raise_for_bs": 32}}