{"instance": "medium_free_002_30x30_20_180", "steps": [{"36": "W", "168": "E", "174": "E", "160": "E", "142": "E", "101": "E", "87": "W", "33": "E", "70": "W", "173": "E", "152": "W", "161": "W", "150": "E", "78": "E", "179": "W", "117": "E", "157": "W", "124": "W", "86": "W", "170": "E", "122": "E", "113": "W", "116": "E", "57": "E", "166": "E", "137": "E", "4": "W", "12": "E", "121": "E", "139": "E", "22": "E", "108": "W", "143": "E", "80": "W", "50": "W", "15": "E", "6": "W", "44": "E", "18": "W", "125": "W", "39": "W", "90": "E", "153": "E", "162": "E", "111": "W", "28": "W", "165": "E", "138": "W", "156": "E", "159": "E", "172": "E", "43": "W", "25": "W", "75": "W", "29": "W", "26": "E", "140": "E", "144": "W", "58": "E", "171": "E", "167": "E", "40": "E", "134": "E", "38": "E", "42": "E", "112": "E", "20": "E", "21": "E", "63": "E", "118": "E", "83": "E", "176": "W", "136": "E", "131": "W", "11": "W", "61": "W", "151": "W", "16": "W", "62": "E", "31": "E", "19": "W", "0": "E", "89": "W", "48": "W", "164": "E", "107": "W", "145": "E", "147": "E", "85": "E", "8": "E", "100": "W", "163": "W", "96": "E", "54": "W", "146": "E", "52": "E", "79": "E", "23": "W", "98": "W", "110": "E", "94": "W", "73": "E", "64": "E", "67": "W", "141": "W", "34": "E", "47": "E", "13": "W", "178": "E", "91": "E", "7": "S", "109": "E", "133": "E", "149": "N", "154": "W", "127": "E", "10": "W", "132": "W", "1": "E", "155": "W", "169": "E", "119": "W", "103": "E", "102": "W", "3": "E", "14": "W", "24": "W", "72": "E", "120": "W"}, {"15": "E", "18": "W", "57": "E", "156": "E", "89": "W", "158": "N", "161": "W", "171": "E", "138": "W", "127": "E", "47": "E", "23": "W", "78": "E", "79": "E", "155": "W", "13": "W", "124": "W", "121": "E", "152": "W", "130": "W", "26": "E", "141": "W", "1": "E", "20": "E", "175": "W", "44": "N", "162": "S", "42": "N", "85": "E", "153": "E", "75": "S", "71": "S", "176": "W", "67": "W", "144": "W", "19": "W", "169": "E", "6": "W", "48": "W", "160": "E", "73": "E", "107": "W", "118": "N", "179": "W", "52": "S", "12": "E", "145": "E", "128": "E", "25": "W", "142": "E", "116": "E", "28": "W", "159": "E", "113": "W", "77": "E", "4": "W", "11": "W", "14": "W", "65": "E", "41": "W", "167": "E", "122": "E", "91": "E", "81": "E", "163": "W", "149": "N", "173": "E", "93": "E", "139": "S", "157": "W", "59": "E", "87": "W", "33": "E", "94": "W", "27": "E", "126": "E", "103": "E", "83": "E", "137": "E", "22": "E", "43": "W", "170": "E", "146": "E", "133": "E", "172": "E", "136": "E", "101": "E", "150": "E", "64": "E", "178": "N", "63": "S", "154": "W", "140": "E", "96": "E", "108": "W", "90": "E", "174": "E", "143": "E", "120": "W", "50": "W", "166": "E", "165": "E", "123": "W", "61": "W", "49": "W", "151": "W", "117": "E", "115": "E", "29": "W", "84": "E", "40": "E", "58": "E", "31": "E", "38": "E", "54": "W", "74": "W", "36": "W", "119": "W", "80": "W", "34": "E"}, {"41": "W", "47": "E", "28": "W", "171": "E", "48": "W", "159": "E", "83": "E", "140": "E", "174": "E", "169": "E", "178": "N", "3": "E", "122": "E", "65": "E", "78": "E", "64": "E", "162": "S", "103": "E", "0": "E", "94": "W", "89": "W", "67": "W", "150": "E", "176": "W", "49": "W", "13": "W", "146": "E", "120": "W", "77": "E", "124": "W", "100": "W", "93": "N", "175": "W", "142": "E", "54": "W", "59": "E", "87": "W", "60": "W", "44": "N", "108": "W", "126": "S", "105": "W", "9": "E", "133": "E", "173": "E", "158": "N", "148": "W", "31": "E", "81": "E", "101": "E", "165": "E", "160": "E", "29": "N", "72": "E", "127": "E", "149": "N", "25": "W", "128": "E", "10": "W", "4": "W", "74": "W", "61": "W", "80": "W", "143": "E", "26": "E", "115": "E", "145": "E", "53": "E", "14": "W", "12": "E", "123": "W", "1": "E", "119": "N", "153": "E", "132": "W", "102": "W", "63": "S", "19": "W", "155": "W", "21": "S", "38": "E", "85": "E", "90": "E", "117": "E", "152": "W", "58": "E", "40": "E", "110": "E", "15": "E", "39": "S", "163": "W", "33": "S", "27": "E", "161": "W", "179": "W", "46": "E", "154": "W", "125": "W", "170": "E", "172": "S", "156": "E", "79": "N", "6": "N", "157": "W", "82": "W", "139": "S", "22": "E", "43": "W", "138": "W", "42": "N", "71": "S", "57": "E", "134": "E", "20": "E"}, {"40": "E", "73": "E", "126": "S", "120": "W", "1": "E", "79": "N", "125": "W", "20": "E", "39": "S", "170": "E", "3": "E", "64": "E", "27": "E", "102": "W", "9": "E", "38": "E", "103": "E", "124": "W", "83": "E", "117": "E", "153": "E", "163": "W", "155": "W", "85": "E", "71": "S", "80": "W", "161": "W", "156": "E", "72": "E", "53": "E", "24": "W", "26": "E", "94": "W", "176": "W", "169": "E", "139": "S", "150": "E", "179": "W", "47": "E", "101": "E", "149": "N", "34": "E", "91": "E", "0": "E", "42": "N", "36": "W", "131": "W", "15": "E", "128": "E", "178": "N", "174": "E", "152": "W", "162": "S", "146": "E", "141": "W", "6": "N", "50": "W", "145": "E", "21": "S", "25": "W", "43": "W", "138": "W", "96": "E", "171": "E", "95": "E", "160": "E", "109": "E", "110": "E", "65": "E", "59": "E", "41": "W", "22": "E", "140": "E", "77": "E", "63": "S", "172": "S", "132": "W", "10": "W", "57": "E", "134": "E", "108": "W", "142": "E", "31": "E", "159": "E", "54": "W", "46": "E", "165": "E", "115": "E", "74": "W", "33": "S", "127": "E", "173": "E", "12": "E", "28": "N", "144": "W", "93": "N", "44": "N", "90": "E", "49": "W", "121": "E"}, {"27": "E", "109": "E", "46": "E", "138": "W", "25": "S", "141": "W", "57": "E", "117": "E", "28": "N", "49": "W", "165": "E", "94": "W", "50": "W", "176": "W", "36": "W", "16": "N", "95": "E", "44": "N", "73": "E", "85": "E", "63": "S", "42": "N", "64": "E", "161": "W", "65": "E", "115": "E", "143": "E", "150": "E", "24": "W", "20": "E", "172": "S", "26": "S", "3": "E", "179": "W", "12": "E", "134": "E", "140": "E", "127": "E", "142": "E", "159": "E", "131": "W", "1": "E", "124": "W", "102": "W", "154": "W", "153": "E", "121": "S", "6": "N", "43": "W", "34": "E", "15": "E", "163": "W", "137": "E", "145": "E", "110": "E", "120": "W", "96": "E", "80": "W", "77": "E", "146": "E", "160": "E", "72": "E", "38": "E", "170": "E", "19": "W", "54": "W", "59": "E", "149": "N", "31": "E", "93": "N", "90": "E", "155": "W", "21": "S", "128": "E", "156": "E", "39": "S", "122": "E", "58": "E", "108": "W", "132": "W", "47": "E", "103": "E", "83": "E", "0": "S", "9": "E", "91": "E", "10": "W", "173": "S", "40": "E", "171": "E", "152": "W"}, {"25": "S", "172": "S", "179": "W", "50": "W", "141": "S", "1": "E", "46": "E", "59": "E", "174": "E", "42": "N", "0": "S", "90": "E", "15": "E", "80": "W", "108": "S", "109": "E", "3": "E", "144": "W", "150": "E", "171": "E", "127": "E", "128": "E", "149": "N", "49": "W", "47": "E", "110": "E", "102": "S", "121": "S", "155": "W", "43": "W", "131": "N", "176": "W", "139": "S", "137": "E", "24": "W", "27": "E", "83": "E", "63": "S", "165": "E", "12": "E", "33": "S", "145": "E", "161": "W", "103": "E", "44": "N", "19": "W", "132": "W", "134": "E", "53": "E", "9": "E", "91": "E", "95": "E", "152": "W", "22": "E", "120": "W", "64": "E", "54": "N", "28": "N", "20": "E", "34": "E", "146": "E", "29": "N", "21": "S", "156": "E", "93": "N", "124": "W", "160": "E", "154": "W", "14": "S", "122": "E", "115": "E", "173": "S", "85": "E", "153": "E", "65": "E", "72": "E", "170": "E", "40": "E", "6": "N", "16": "N", "36": "W", "140": "E", "38": "E", "117": "E", "163": "W", "73": "E", "78": "E"}, {"144": "W", "117": "E", "163": "W", "170": "E", "137": "E", "12": "E", "140": "E", "46": "E", "20": "E", "38": "E", "78": "E", "40": "E", "42": "N", "1": "E", "64": "E", "73": "E", "3": "E", "15": "E", "150": "E", "126": "S", "0": "S", "161": "W", "65": "E", "160": "E", "93": "N", "14": "S", "149": "N", "169": "E", "171": "E", "34": "E", "44": "N", "90": "E", "154": "W", "156": "E", "124": "W", "91": "E", "173": "S", "176": "W", "143": "S", "127": "E", "43": "W", "54": "N", "121": "S", "165": "E", "145": "E", "22": "E", "110": "E", "19": "W", "96": "E", "49": "W", "131": "N", "172": "S", "72": "E", "115": "E", "153": "E", "94": "W", "63": "S", "103": "E", "80": "W", "47": "E", "134": "E", "109": "E", "25": "S", "21": "S", "50": "W", "27": "E", "155": "W", "36": "W", "95": "E", "174": "E", "77": "E", "53": "E", "85": "E", "108": "S", "83": "E", "4": "W", "139": "S", "132": "W", "152": "W", "59": "E", "122": "E", "102": "S", "6": "N", "26": "S", "179": "W", "120": "W"}, {"3": "E", "27": "E", "22": "E", "34": "E", "150": "E", "110": "E", "83": "E", "120": "W", "132": "W", "161": "W", "15": "E", "47": "E", "65": "E", "134": "E", "38": "E", "149": "N", "77": "E", "127": "E", "14": "S", "102": "S", "145": "N", "9": "E", "159": "E", "171": "E", "1": "E", "165": "E", "131": "N", "155": "W", "80": "S", "96": "E", "170": "E", "53": "E", "16": "N", "44": "N", "122": "E", "140": "E", "179": "W", "176": "W", "42": "N", "29": "N", "49": "W", "33": "S", "64": "E", "26": "S", "46": "E", "139": "S", "143": "S", "172": "S", "103": "E", "85": "E", "109": "E", "59": "E", "4": "W", "36": "W", "156": "E", "137": "E", "163": "W", "72": "E", "0": "S", "121": "S", "108": "S", "40": "E", "73": "E", "94": "N", "173": "S", "91": "E", "162": "S", "174": "E", "78": "E", "21": "S", "90": "E", "126": "S", "115": "E", "153": "E", "169": "E", "28": "N", "152": "W"}, {"143": "S", "109": "E", "34": "E", "22": "E", "161": "W", "64": "E", "121": "S", "154": "W", "77": "E", "162": "S", "72": "E", "28": "N", "26": "S", "27": "E", "15": "E", "131": "N", "0": "S", "108": "S", "33": "S", "102": "S", "59": "E", "165": "E", "171": "E", "47": "E", "145": "N", "159": "E", "127": "E", "83": "E", "78": "S", "179": "W", "150": "E", "176": "W", "172": "S", "126": "S", "25": "S", "54": "N", "156": "E", "115": "E", "103": "E", "49": "W", "137": "E", "85": "E", "155": "W", "173": "S", "4": "W", "153": "E", "36": "W", "96": "E", "163": "W", "139": "S", "65": "E", "170": "E", "134": "E", "140": "E", "91": "E", "46": "E", "42": "N", "10": "W", "3": "E", "44": "N", "174": "S", "122": "E", "14": "S", "152": "W", "9": "E"}, {"161": "W", "15": "E", "40": "E", "54": "N", "78": "S", "162": "S", "109": "E", "154": "W", "59": "E", "108": "S", "9": "E", "174": "S", "143": "S", "72": "E", "34": "E", "140": "E", "85": "E", "150": "E", "155": "W", "22": "E", "80": "S", "77": "E", "96": "E", "26": "S", "176": "W", "14": "S", "122": "E", "33": "S", "145": "N", "170": "E", "47": "E", "36": "W", "27": "E", "44": "N", "46": "E", "165": "E", "83": "E", "134": "E", "146": "E", "0": "S", "126": "S", "102": "S", "53": "E", "127": "E", "103": "E", "163": "W", "10": "W", "64": "E", "115": "E", "179": "N", "172": "S", "28": "N", "153": "E", "152": "W", "139": "S", "137": "S", "24": "W", "159": "E", "171": "E"}, {"27": "E", "28": "N", "139": "S", "171": "E", "108": "S", "165": "E", "24": "W", "46": "E", "115": "E", "33": "S", "77": "E", "154": "S", "131": "N", "155": "W", "179": "N", "96": "E", "153": "E", "146": "E", "90": "E", "102": "S", "22": "E", "156": "E", "40": "E", "150": "E", "15": "E", "144": "W", "176": "W", "162": "S", "172": "S", "103": "E", "10": "W", "140": "E", "64": "E", "109": "E", "59": "E", "53": "E", "83": "E", "4": "W", "127": "E", "159": "E", "134": "E", "78": "S", "85": "E", "163": "W", "122": "E", "143": "S", "152": "W", "170": "E", "137": "S", "145": "N", "174": "S", "9": "E"}, {"141": "W", "27": "E", "1": "S", "133": "S", "17": "W", "40": "E", "94": "W", "101": "S", "147": "S", "158": "W", "59": "E", "90": "E", "93": "S", "46": "E", "67": "E", "82": "E", "3": "E", "162": "S", "125": "N", "12": "S", "88": "N", "169": "S", "61": "S", "153": "E", "152": "W", "22": "W", "103": "E", "127": "E", "28": "N", "159": "E", "83": "E", "156": "E", "132": "E", "5": "S", "10": "W", "117": "N", "69": "W", "72": "E", "39": "W", "174": "S", "9": "E", "114": "S", "163": "W", "66": "N", "102": "S", "154": "S", "146": "E", "84": "S", "34": "N", "172": "W", "21": "W", "131": "N", "115": "E", "24": "W", "43": "N", "144": "W", "140": "E", "4": "W", "53": "E", "134": "E", "179": "N", "109": "E", "157": "N", "155": "N", "60": "S", "142": "S", "145": "W", "126": "S", "63": "E", "30": "W", "15": "E", "64": "E", "130": "N", "91": "S", "170": "E", "161": "S", "168": "N", "176": "S", "166": "S"}, {"46": "E", "21": "S", "168": "E", "135": "W", "74": "W", "138": "W", "159": "E", "64": "E", "120": "S", "153": "E", "39": "S", "94": "N", "45": "E", "133": "E", "147": "E", "148": "W", "34": "E", "156": "E", "110": "E", "59": "E", "72": "E", "127": "E", "155": "N", "5": "W", "161": "W", "28": "N", "105": "W", "87": "W", "154": "S", "89": "W", "65": "E", "169": "E", "93": "W", "86": "W", "85": "E", "71": "S", "104": "W", "166": "E", "10": "W", "121": "S", "103": "E", "125": "W", "172": "S", "53": "E", "109": "E", "150": "E", "27": "E", "7": "S", "15": "E", "63": "S", "4": "W", "162": "S", "91": "E", "174": "S", "152": "W", "43": "W", "146": "E", "134": "E", "60": "W", "114": "W", "77": "E", "117": "E", "66": "W", "8": "E", "84": "E", "54": "N", "90": "E", "32": "W", "140": "E", "144": "W", "115": "E", "176": "S", "3": "E"}, {"133": "S", "176": "S", "158": "N", "159": "E", "54": "N", "174": "S", "25": "S", "134": "E", "150": "E", "63": "S", "87": "W", "28": "N", "89": "S", "127": "E", "121": "S", "109": "E", "27": "E", "161": "W", "152": "W", "77": "E", "39": "S", "59": "E", "3": "E", "172": "S", "110": "E", "86": "S", "21": "S", "34": "E", "26": "W", "71": "S", "125": "W", "60": "W", "94": "N", "138": "W", "115": "E", "146": "E", "95": "S", "168": "E", "90": "E", "13": "S", "129": "W", "45": "E", "9": "E", "169": "S", "46": "E", "66": "W", "114": "W", "140": "E", "15": "E", "154": "S", "35": "W", "56": "E", "64": "E"}, {"147": "S", "4": "E", "22": "E", "166": "S", "11": "N", "176": "W", "154": "S", "177": "E", "31": "W", "15": "E", "129": "S", "53": "E", "18": "S", "150": "E", "8": "S", "82": "W", "169": "S", "172": "E", "70": "E", "114": "S", "45": "E", "127": "E", "55": "N", "13": "W", "156": "N", "98": "N", "140": "E", "168": "E", "30": "N", "157": "W", "64": "E", "48": "N", "161": "W", "27": "E", "90": "E", "167": "N", "34": "E", "146": "E", "24": "W", "136": "E", "49": "N", "163": "S", "84": "S", "77": "E", "74": "E", "21": "S", "159": "E", "26": "S", "65": "E", "51": "N", "145": "W", "170": "N", "3": "E", "121": "W", "109": "E", "105": "S", "134": "E", "54": "N", "164": "N", "95": "S", "171": "N", "78": "S", "46": "E", "20": "N", "119": "W", "89": "S", "59": "E", "152": "S", "9": "E", "66": "W", "28": "N", "75": "S", "87": "W", "96": "S", "76": "S", "135": "S", "144": "W", "41": "N"}, {"97": "S", "21": "S", "154": "S", "146": "E", "147": "E", "150": "E", "84": "E", "157": "W", "161": "W", "116": "E", "9": "E", "22": "E", "34": "E", "119": "N", "159": "E", "74": "S", "100": "S", "76": "W", "8": "S", "89": "S", "118": "N", "169": "S", "43": "W", "131": "W", "134": "E", "63": "W", "27": "E", "51": "W", "96": "E", "91": "E", "167": "W", "121": "S", "35": "W", "140": "E", "172": "S", "133": "S", "64": "E", "77": "E", "47": "E", "28": "N", "177": "E", "73": "E", "15": "E", "127": "E", "36": "W", "49": "W", "163": "W", "122": "E", "53": "E", "170": "E", "59": "E", "168": "E", "164": "E", "105": "W", "70": "N", "11": "N", "54": "N", "31": "N", "152": "W", "176": "S", "114": "S", "109": "E", "93": "W", "46": "E", "39": "E", "162": "S", "87": "W", "174": "S", "151": "W", "45": "E", "6": "N", "24": "N", "3": "E"}, {"59": "E", "170": "E", "135": "S", "21": "S", "151": "N", "136": "E", "34": "E", "133": "S", "89": "S", "42": "N", "77": "E", "175": "W", "39": "S", "168": "E", "159": "E", "111": "W", "96": "E", "141": "S", "26": "S", "15": "E", "8": "S", "87": "W", "152": "W", "134": "E", "123": "W", "172": "S", "174": "S", "9": "E", "95": "S", "140": "E", "53": "E", "74": "S", "45": "E", "76": "S", "113": "W", "51": "W", "98": "W", "109": "E", "126": "S", "28": "N", "163": "W", "157": "W", "47": "E", "46": "E", "121": "S", "33": "S", "40": "N", "31": "N", "130": "W", "24": "N", "90": "E", "54": "N", "22": "E", "127": "E", "27": "E", "169": "S", "150": "E", "162": "S", "43": "W", "177": "S", "114": "S", "122": "E", "154": "S", "164": "E", "144": "W", "161": "S"}, {"169": "S", "114": "S", "72": "E", "177": "S", "28": "N", "79": "N", "172": "S", "15": "E", "34": "E", "122": "E", "22": "E", "95": "S", "154": "S", "146": "E", "161": "S", "53": "E", "76": "S", "162": "S", "47": "E", "163": "W", "39": "S", "150": "E", "26": "E", "89": "S", "134": "E", "21": "E", "8": "S", "123": "W", "59": "E", "20": "E", "43": "W", "86": "S", "164": "N", "140": "E", "174": "S", "160": "N", "96": "E", "158": "N", "12": "E", "51": "W", "168": "E", "159": "E", "9": "E", "54": "N", "133": "S", "170": "E", "109": "E", "127": "E", "45": "S", "132": "S", "74": "W", "144": "S", "46": "E", "121": "S", "147": "E", "152": "W", "128": "N"}, {"20": "E", "28": "N", "34": "E", "163": "S", "32": "N", "158": "E", "123": "W", "133": "S", "46": "E", "89": "S", "146": "E", "93": "N", "150": "E", "82": "W", "122": "E", "114": "S", "96": "E", "47": "E", "161": "S", "97": "E", "86": "S", "74": "W", "177": "S", "59": "E", "5": "S", "50": "N", "164": "N", "176": "S", "127": "E", "162": "S", "84": "E", "90": "E", "8": "S", "121": "S", "152": "W", "26": "S", "43": "W", "140": "E", "168": "E", "109": "E", "95": "S", "174": "S", "45": "S", "134": "E", "159": "E", "169": "S", "39": "S", "132": "S", "170": "E", "172": "S", "54": "N", "53": "E", "51": "W"}, {"8": "S", "169": "S", "54": "N", "12": "E", "170": "N", "134": "E", "152": "W", "174": "S", "163": "S", "109": "E", "133": "S", "172": "S", "95": "S", "93": "N", "127": "E", "97": "E", "114": "S", "46": "E", "26": "S", "177": "S", "20": "E", "43": "W", "59": "E", "63": "S", "90": "E", "176": "S", "86": "S", "160": "E", "154": "S", "74": "W", "28": "N", "150": "E", "162": "S", "122": "E", "39": "S", "140": "E", "47": "E", "85": "E", "146": "E", "159": "E", "5": "S", "147": "E", "168": "E", "161": "S", "3": "E", "89": "S"}, {"74": "W", "91": "N", "4": "W", "33": "W", "26": "S", "3": "W", "28": "N", "152": "W", "168": "N", "150": "E", "123": "N", "172": "S", "95": "S", "84": "E", "177": "S", "159": "E", "97": "S", "145": "E", "170": "N", "115": "S", "47": "E", "86": "S", "161": "S", "37": "N", "156": "E", "112": "S", "59": "E", "5": "S", "8": "S", "122": "W", "60": "N", "67": "N", "133": "S", "51": "E", "146": "E", "162": "S", "113": "E", "109": "E", "18": "S", "166": "E", "11": "E", "6": "W", "157": "W", "34": "N", "147": "E", "2": "N", "76": "S", "53": "N", "169": "S", "131": "E", "69": "N", "77": "N", "54": "N", "49": "N", "61": "N", "134": "E", "114": "S", "140": "N", "66": "E", "94": "N", "12": "W", "48": "N", "73": "N", "63": "S", "165": "W", "15": "W", "83": "N", "174": "S", "20": "E", "176": "W", "46": "E", "121": "S"}, {"158": "N", "174": "S", "168": "E", "172": "S", "109": "E", "114": "S", "134": "E", "9": "E", "85": "S", "63": "S", "53": "E", "78": "S", "68": "E", "76": "W", "30": "N", "161": "S", "150": "E", "152": "W", "84": "E", "46": "E", "92": "W", "170": "N", "35": "W", "6": "N", "33": "S", "17": "E", "69": "W", "74": "W", "177": "S", "94": "E", "115": "E", "26": "S", "159": "E", "70": "N", "95": "S", "169": "E", "133": "S", "67": "W", "8": "E", "51": "N", "99": "W", "122": "N", "42": "N", "77": "E", "157": "W", "28": "N", "176": "S", "11": "N", "12": "N", "138": "W", "3": "N", "64": "E", "162": "S", "20": "E", "97": "E", "118": "S", "96": "E", "37": "E", "73": "E", "105": "W", "82": "W", "10": "S", "147": "E", "47": "E", "86": "S", "54": "N", "98": "W", "61": "W", "140": "N"}, {"33": "S", "109": "E", "26": "S", "168": "N", "35": "W", "122": "N", "98": "W", "28": "N", "140": "N", "174": "S", "92": "W", "162": "S", "62": "E", "161": "S", "147": "E", "157": "W", "169": "S", "53": "E", "97": "E", "152": "S", "66": "N", "166": "S", "95": "S", "101": "E", "114": "S", "40": "E", "106": "S", "63": "S", "16": "W", "11": "N", "42": "N", "12": "N", "73": "E", "69": "W", "54": "N", "61": "W", "37": "E", "172": "S", "45": "S", "47": "E", "134": "E", "170": "E", "8": "S", "20": "E", "150": "E"}, {"2": "W", "63": "S", "170": "N", "162": "E", "6": "W", "176": "E", "1": "W", "85": "S", "69": "W", "4": "S", "73": "E", "144": "W", "150": "S", "66": "E", "112": "S", "113": "E", "132": "W", "145": "W", "19": "S", "3": "E", "168": "N", "72": "N", "82": "E", "67": "E", "121": "S", "55": "S", "65": "N", "37": "S", "177": "S", "157": "W", "32": "W", "122": "E", "140": "W", "8": "S", "20": "S", "169": "S", "75": "E", "110": "S", "47": "S", "114": "S", "159": "S", "41": "E", "147": "E", "77": "E", "161": "S", "103": "N", "134": "N", "40": "E", "48": "N", "109": "E", "53": "N", "54": "N", "96": "W", "99": "N", "152": "W", "79": "N", "59": "S", "11": "W", "28": "N"}, {"27": "W", "33": "S", "105": "W", "91": "E", "142": "S", "109": "E", "65": "E", "158": "N", "127": "W", "79": "N", "135": "W", "69": "W", "41": "N", "96": "N", "20": "E", "54": "N", "85": "E", "152": "W", "90": "E", "112": "E", "169": "S", "4": "W", "121": "E", "157": "W", "53": "E", "114": "S", "133": "S", "118": "W", "24": "E", "28": "N", "140": "N", "72": "E", "68": "N", "177": "S", "82": "N", "73": "E", "162": "S", "170": "N", "59": "E", "161": "S", "150": "S", "5": "S", "147": "E", "99": "W", "2": "N", "145": "N", "122": "E", "134": "N"}, {"152": "W", "150": "S", "122": "E", "117": "N", "4": "W", "69": "W", "157": "W", "145": "N", "54": "N", "96": "N", "121": "S", "64": "N", "41": "N", "73": "E", "65": "E", "59": "E", "28": "N", "162": "S", "103": "N", "47": "S", "99": "W", "33": "E", "134": "N", "90": "E", "42": "N", "2": "N", "60": "S", "109": "N", "177": "S", "147": "E", "114": "S", "112": "S", "20": "E", "113": "N", "166": "W"}, {"166": "E", "1": "E", "145": "E", "112": "S", "51": "W", "151": "E", "12": "W", "11": "N", "117": "S", "55": "N", "54": "N", "28": "N", "82": "W", "69": "W", "19": "E", "90": "E", "162": "S", "98": "N", "116": "N", "47": "S", "114": "W", "64": "N", "16": "E", "110": "W", "59": "E", "101": "W", "157": "W", "67": "W", "73": "S", "127": "N", "60": "N", "15": "N", "66": "N", "45": "E", "156": "W", "165": "E", "62": "W", "109": "N", "129": "N", "27": "E", "96": "N", "46": "N", "150": "S", "148": "W", "99": "W", "33": "S", "41": "W", "22": "E", "4": "N", "134": "W", "122": "W", "6": "E", "147": "E", "152": "W", "20": "S", "35": "W", "177": "S"}, {"116": "E", "114": "S", "157": "W", "99": "W", "64": "E", "110": "S", "78": "S", "45": "S", "5": "S", "54": "N", "85": "E", "122": "N", "115": "E", "152": "W", "147": "E", "177": "S", "151": "N", "68": "W", "11": "N", "109": "N", "171": "E", "42": "S", "20": "S", "162": "W", "59": "E", "106": "W", "15": "E", "69": "S", "159": "E", "136": "N", "90": "E", "150": "S", "73": "S", "51": "W", "4": "W", "145": "N", "33": "S", "19": "N", "129": "W", "65": "E", "156": "N", "47": "S"}, {"54": "N", "20": "S", "68": "N", "115": "E", "156": "N", "150": "S", "33": "S", "128": "E", "47": "S", "85": "E", "35": "W", "96": "E", "167": "E", "129": "W", "119": "N", "122": "N", "97": "N", "162": "S", "4": "N", "51": "N", "59": "N", "45": "S", "116": "E", "147": "E", "134": "N", "145": "E", "152": "S", "127": "N", "31": "E", "159": "S", "90": "E"}, {"152": "S", "46": "E", "109": "W", "45": "W", "145": "N", "101": "S", "97": "E", "111": "W", "66": "E", "156": "N", "49": "N", "16": "E", "162": "W", "131": "N", "13": "E", "146": "N", "36": "S", "27": "E", "122": "N", "75": "W", "85": "E", "65": "E", "41": "N", "150": "S", "73": "W", "147": "E", "79": "W", "55": "N", "96": "E", "51": "S", "133": "S", "54": "N", "142": "S", "125": "E", "115": "E", "48": "W", "59": "N", "4": "N", "165": "W", "22": "W"}, {"98": "S", "134": "N", "4": "N", "158": "N", "66": "W", "146": "E", "152": "S", "55": "W", "35": "W", "85": "E", "10": "W", "60": "N", "59": "N", "109": "N", "41": "W", "27": "S", "101": "S", "176": "S", "49": "W", "151": "N", "51": "N", "145": "N", "76": "W", "135": "W", "83": "W", "36": "W", "156": "N", "130": "W", "127": "E", "54": "W", "142": "E", "165": "N", "166": "W", "53": "E", "17": "E", "45": "W", "147": "S", "162": "S", "65": "E", "22": "E", "133": "S", "56": "E", "122": "E", "15": "E", "150": "E", "12": "W", "136": "W"}, {"30": "N", "36": "W", "46": "N", "127": "E", "115": "E", "10": "S", "75": "S", "93": "N", "145": "N", "150": "S", "61": "N", "85": "E", "27": "E", "55": "W", "140": "N", "152": "S", "13": "E", "110": "E", "166": "S", "151": "N", "162": "S", "35": "N", "45": "S", "165": "N", "159": "N", "49": "W", "76": "S", "4": "E", "133": "S"}, {"45": "S", "22": "W", "54": "E", "127": "N", "145": "N", "55": "W", "144": "W", "35": "N", "140": "N", "122": "E", "176": "W", "110": "W", "135": "W", "76": "S", "162": "S", "132": "W", "165": "E", "46": "E", "15": "W", "113": "N", "29": "N", "27": "E", "13": "W", "141": "E", "128": "N", "61": "W", "150": "S", "36": "W", "6": "W", "117": "E", "85": "E", "151": "N", "73": "E", "134": "N", "133": "E", "30": "N", "152": "S", "159": "W", "49": "W", "92": "E", "146": "N", "115": "E", "96": "N", "109": "E", "4": "N", "65": "N", "48": "W", "10": "W"}, {"166": "S", "103": "N", "76": "S", "49": "S", "27": "E", "1": "N", "152": "W", "36": "W", "127": "N", "55": "S", "31": "N", "156": "N", "54": "S", "124": "W", "12": "S", "165": "E", "6": "N", "68": "S", "35": "N", "162": "E", "73": "S", "151": "N", "133": "S", "142": "S", "150": "S", "38": "N", "92": "E", "176": "S", "146": "E", "45": "S", "91": "N", "65": "W", "83": "E", "115": "E", "85": "N", "97": "W", "74": "S", "144": "S", "10": "W", "46": "E"}, {"70": "W", "109": "N", "65": "W", "92": "N", "146": "E", "27": "N", "76": "S", "74": "S", "64": "E", "73": "S", "151": "N", "9": "E", "54": "E", "55": "S", "49": "W", "166": "S", "1": "E", "142": "S", "36": "W", "144": "S", "117": "E", "152": "S", "45": "S", "133": "S", "59": "N", "132": "W", "165": "E", "150": "S", "147": "S", "162": "S"}, {"64": "W", "144": "E", "17": "E", "67": "S", "159": "E", "27": "E", "165": "E", "45": "S", "54": "E", "91": "E", "128": "N", "134": "N", "31": "N", "9": "W", "132": "W", "56": "W", "105": "S", "146": "N", "46": "W", "151": "N", "136": "S", "162": "S", "30": "E", "166": "S", "59": "W", "156": "W", "2": "W", "23": "E", "85": "N", "49": "S", "145": "N", "131": "W", "150": "S", "152": "S", "6": "E", "142": "S", "73": "S", "57": "N", "92": "N", "76": "S", "61": "W"}, {"101": "E", "19": "W", "17": "S", "41": "W", "53": "N", "73": "S", "27": "N", "166": "S", "54": "N", "156": "N", "42": "E", "61": "W", "152": "S", "142": "E", "151": "W", "146": "E", "150": "S", "115": "E", "76": "S", "77": "N", "85": "N", "92": "N", "5": "W", "107": "S", "23": "E", "45": "E", "132": "S", "144": "E", "9": "N", "162": "S", "90": "E", "7": "W", "165": "E", "134": "E", "6": "N"}, {"61": "W", "134": "N", "46": "E", "152": "S", "76": "S", "98": "N", "5": "E", "110": "N", "127": "S", "125": "W", "176": "E", "17": "S", "103": "E", "13": "W", "45": "S", "90": "N", "41": "E", "142": "S", "166": "S", "146": "N", "22": "E", "9": "N", "35": "W", "156": "N", "15": "S", "36": "W", "66": "W", "92": "W", "159": "E", "91": "W", "162": "S", "23": "S", "147": "N", "50": "S", "32": "N", "54": "N", "151": "N", "132": "W", "144": "S", "135": "S", "140": "E", "131": "W", "64": "W"}, {"35": "N", "150": "S", "92": "W", "17": "W", "61": "N", "129": "E", "152": "S", "19": "W", "127": "W", "30": "E", "151": "W", "54": "W", "165": "E", "1": "E", "22": "N", "147": "W", "176": "S", "82": "S", "131": "N", "36": "W", "23": "S", "166": "S", "53": "E", "144": "S", "15": "E", "159": "S", "122": "E", "50": "W", "31": "E", "67": "N", "142": "S", "146": "N", "156": "E"}, {"146": "N", "127": "E", "23": "S", "67": "S", "85": "E", "134": "E", "6": "N", "35": "N", "92": "W", "152": "S", "68": "E", "144": "S", "166": "S", "22": "N", "105": "W", "159": "E", "50": "W", "61": "W", "176": "S", "12": "E", "91": "E", "150": "E", "82": "N", "54": "N", "15": "E", "19": "E", "17": "S", "93": "N", "9": "N", "113": "E", "56": "S", "142": "S", "30": "E", "36": "N", "156": "E", "131": "N", "109": "E", "151": "N", "147": "E", "16": "W", "167": "W"}, {"9": "E", "85": "E", "1": "S", "125": "W", "90": "N", "15": "E", "40": "S", "152": "S", "66": "E", "105": "W", "50": "N", "68": "N", "36": "N", "3": "S", "5": "S", "35": "E", "61": "W", "135": "E", "156": "E", "134": "E", "127": "N", "109": "E", "176": "S", "54": "W", "70": "W", "13": "W", "30": "S", "2": "E", "159": "S", "46": "N", "146": "E", "150": "E", "151": "N"}, {"105": "W", "30": "E", "134": "N", "70": "E", "9": "E", "115": "N", "131": "E", "36": "E", "150": "S", "6": "N", "106": "S", "159": "S", "67": "N", "109": "N", "51": "S", "156": "N", "15": "E", "61": "W", "54": "N", "113": "W", "85": "W", "60": "S", "64": "W", "147": "S", "141": "N", "32": "W", "140": "E", "90": "W", "165": "W", "59": "E", "50": "N", "17": "W", "103": "E", "65": "E", "46": "E", "151": "N", "146": "E", "123": "N", "152": "S", "18": "N", "35": "N", "167": "E"}, {"90": "W", "67": "N", "141": "W", "65": "E", "156": "E", "15": "E", "135": "S", "72": "N", "115": "N", "30": "E", "109": "N", "35": "N", "92": "W", "165": "N", "61": "W", "150": "S", "81": "N", "122": "N", "146": "E", "176": "S", "152": "S", "151": "N", "113": "W", "105": "N", "134": "N", "73": "S", "6": "E", "17": "S", "106": "S", "36": "N", "118": "W"}, {"81": "E", "122": "S", "16": "W", "50": "E", "109": "N", "105": "W", "117": "E", "68": "W", "36": "N", "140": "W", "27": "W", "110": "S", "134": "N", "152": "S", "141": "E", "91": "E", "159": "E", "65": "S", "30": "E", "61": "W", "2": "N", "132": "E", "131": "N", "92": "E", "106": "W", "165": "E", "41": "W", "146": "E", "6": "N", "150": "S", "156": "N", "23": "N", "31": "W", "1": "E", "38": "E", "151": "W"}, {"6": "N", "92": "N", "165": "N", "61": "W", "134": "N", "42": "W", "132": "S", "30": "N", "147": "S", "31": "S", "158": "N", "106": "W", "105": "N", "68": "N", "152": "S", "146": "E", "150": "S", "81": "E", "156": "E", "151": "N", "109": "N"}, {"19": "S", "105": "E", "123": "E", "90": "W", "42": "E", "46": "S", "65": "S", "64": "E", "132": "S", "135": "W", "165": "N", "109": "N", "146": "N", "30": "N", "91": "N", "32": "W", "150": "W", "160": "S", "106": "W", "61": "W", "23": "S", "115": "W", "51": "N", "81": "E", "134": "W", "176": "W", "6": "N", "152": "S", "27": "W", "151": "N", "167": "W", "22": "W", "147": "N", "97": "S"}, {"151": "N", "67": "N", "41": "N", "73": "S", "152": "S", "30": "E", "106": "W", "81": "E", "61": "S", "123": "N", "22": "N", "105": "N", "140": "W", "109": "N", "65": "E", "70": "W", "150": "S", "134": "N", "165": "N", "27": "W", "15": "N", "132": "W", "147": "W", "146": "N", "23": "S", "1": "E", "160": "E", "159": "S"}, {"67": "E", "12": "N", "50": "W", "42": "N", "132": "W", "27": "W", "93": "E", "128": "N", "115": "E", "152": "S", "141": "W", "147": "E", "97": "N", "40": "E", "140": "E", "136": "N", "131": "W", "30": "N", "23": "W", "134": "W", "3": "W", "81": "E", "82": "E", "106": "W", "61": "S", "60": "W", "105": "W", "72": "W", "151": "N", "109": "N", "165": "N", "159": "S", "16": "W", "13": "E", "7": "N", "41": "S", "19": "W", "176": "E", "65": "E", "38": "E", "146": "N"}, {"147": "S", "61": "E", "167": "S", "81": "S", "148": "S", "56": "W", "31": "S", "106": "W", "110": "E", "91": "E", "38": "E", "30": "N", "146": "N", "131": "N", "165": "E", "117": "S", "109": "W", "75": "S", "3": "N", "132": "W", "16": "W", "151": "N", "60": "W", "152": "S", "13": "S", "135": "S", "12": "E", "122": "W", "22": "N"}, {"16": "E", "56": "E", "31": "N", "140": "E", "38": "W", "132": "W", "48": "S", "81": "S", "167": "S", "105": "N", "109": "N", "13": "N", "165": "E", "131": "E", "106": "S", "118": "S", "146": "N", "159": "S", "1": "E", "53": "N", "59": "W", "3": "S", "141": "E", "128": "E", "85": "E", "30": "E", "147": "N", "15": "W", "65": "W"}, {"136": "E", "18": "W", "31": "S", "32": "W", "64": "E", "22": "N", "111": "E", "15": "E", "134": "N", "90": "S", "132": "W", "165": "E", "83": "E", "41": "N", "16": "W", "93": "E", "23": "W", "81": "S", "38": "N", "19": "W", "42": "N", "27": "E", "40": "N", "109": "N", "53": "S", "85": "N", "106": "S", "3": "N", "146": "N", "67": "E", "159": "S", "103": "E", "167": "W", "5": "S", "135": "E"}, {"106": "S", "97": "E", "16": "N", "135": "E", "91": "E", "3": "E", "146": "N", "109": "N", "27": "N", "67": "N", "83": "E", "81": "S", "7": "W", "165": "E", "122": "E", "50": "E", "85": "N", "167": "S", "132": "N", "160": "W", "32": "N"}, {"128": "N", "146": "N", "118": "S", "42": "E", "31": "S", "41": "S", "77": "S", "64": "S", "67": "S", "167": "E", "12": "W", "81": "E", "105": "N", "97": "E", "7": "E", "165": "E", "32": "N", "22": "E", "85": "N", "106": "S", "134": "E", "109": "N", "16": "N", "19": "W", "90": "N", "123": "S", "13": "S", "92": "N"}, {"19": "W", "1": "W", "110": "W", "146": "N", "165": "N", "46": "E", "115": "W", "85": "W", "96": "E", "90": "N", "64": "W", "7": "W", "40": "E", "134": "N", "82": "E", "131": "E", "16": "W", "38": "N", "42": "W", "117": "E", "106": "W", "109": "E", "125": "W", "32": "N", "97": "E", "65": "E", "67": "N"}, {"165": "N", "128": "W", "176": "S", "83": "W", "123": "N", "90": "S", "38": "W", "106": "W", "15": "N", "42": "E", "40": "W", "16": "E", "175": "N", "12": "W", "97": "E", "91": "E", "57": "W", "64": "W", "105": "N", "82": "W", "141": "W", "85": "N", "1": "S", "32": "E", "68": "W", "46": "E", "109": "N", "19": "W", "66": "W", "140": "W", "131": "N"}, {"106": "N", "9": "W", "46": "N", "131": "N", "113": "E", "109": "N", "147": "S", "70": "W", "83": "S", "117": "E", "165": "N", "53": "W", "19": "W", "38": "S"}, {"66": "E", "141": "S", "175": "N", "140": "S", "32": "E", "9": "W", "131": "N", "64": "E", "38": "S", "101": "N", "176": "W", "56": "E", "117": "E", "167": "N", "129": "W", "13": "N", "15": "S", "96": "W", "7": "W", "159": "N", "165": "N", "23": "S", "41": "S", "90": "S", "46": "N", "19": "N", "79": "N", "105": "N", "109": "N", "16": "W", "65": "E"}, {"147": "S", "16": "N", "46": "W", "85": "W", "91": "E", "130": "W", "50": "W", "53": "N", "9": "N", "1": "S", "65": "E", "96": "N", "72": "N", "19": "N", "115": "E", "27": "N", "118": "S", "83": "S", "56": "E", "109": "N", "119": "N", "165": "N", "117": "S", "64": "N", "15": "W", "131": "N", "13": "W", "32": "N"}, {"64": "W", "72": "E", "165": "N", "141": "S", "12": "N", "22": "N", "9": "W", "46": "N", "159": "E", "16": "E", "65": "S", "19": "N", "129": "W", "56": "N", "70": "N", "103": "N", "123": "N", "48": "W", "118": "E", "67": "S", "147": "N", "1": "E", "109": "N", "131": "N", "15": "E", "32": "E", "51": "E", "117": "S", "50": "E"}, {"19": "N", "159": "E", "82": "N", "118": "N", "117": "S", "65": "S", "1": "E", "127": "N", "176": "S", "34": "N", "3": "N", "70": "N", "9": "N", "140": "E", "123": "W", "56": "E", "32": "E", "115": "N", "91": "S", "131": "N", "128": "E", "83": "S"}, {"1": "S", "117": "E", "111": "W", "147": "S", "176": "S", "83": "E", "131": "N", "15": "N", "19": "N", "13": "W", "65": "S", "140": "W", "75": "N", "91": "E", "77": "E", "56": "N", "105": "N", "32": "E", "70": "N", "96": "N", "123": "E", "160": "W", "16": "E"}, {"129": "W", "66": "S", "13": "S", "140": "E", "19": "N", "34": "W", "105": "N", "75": "S", "42": "W", "9": "E", "131": "N", "111": "E", "176": "E", "91": "E", "31": "N", "70": "N", "141": "S", "72": "W", "56": "E", "1": "N", "85": "N", "115": "E", "67": "W", "65": "S", "38": "E", "128": "N", "160": "E"}, {"23": "W", "34": "E", "159": "S", "129": "W", "111": "W", "131": "N", "123": "S", "32": "E", "167": "N", "85": "N", "127": "S", "9": "N", "141": "E", "125": "N", "67": "W", "2": "W", "105": "E", "176": "S", "56": "E", "175": "W", "19": "N", "148": "W", "128": "E", "59": "S", "42": "N", "140": "E", "66": "N", "113": "E", "1": "S", "65": "W", "70": "N"}, {"128": "E", "147": "N", "19": "N", "53": "S", "118": "E", "59": "W", "51": "N", "64": "E", "38": "E", "72": "N", "129": "N", "50": "W", "42": "N", "85": "N", "22": "E", "113": "N", "105": "N", "117": "E", "131": "N", "46": "S", "75": "S", "123": "S", "159": "W", "176": "S", "70": "N", "140": "E", "32": "E"}, {"140": "N", "38": "E", "51": "W", "128": "S", "159": "W", "82": "W", "59": "W", "105": "N", "42": "N", "90": "N", "176": "E", "96": "E", "85": "N", "19": "N", "65": "S", "117": "S", "7": "E", "131": "N", "50": "N", "129": "N", "113": "N"}, {"32": "W", "42": "N", "64": "W", "90": "N", "128": "E", "85": "N", "91": "S", "7": "E", "59": "E", "12": "S", "72": "N", "113": "N", "131": "N", "105": "N", "140": "N", "176": "S", "129": "W", "19": "N", "15": "E", "50": "N", "83": "E", "135": "N"}, {"147": "S", "42": "N", "19": "N", "123": "N", "72": "W", "50": "E", "117": "W", "27": "S", "38": "E", "56": "E", "9": "E", "59": "E", "140": "W", "92": "E", "105": "N", "113": "N", "83": "W", "167": "E", "128": "E", "91": "W", "7": "E", "127": "N", "51": "S", "15": "W", "96": "W", "129": "E"}, {"123": "N", "19": "N", "9": "E", "67": "E", "122": "W", "15": "N", "59": "N", "129": "N", "23": "E", "72": "N", "105": "N", "98": "W", "92": "N", "42": "N", "38": "S", "66": "W"}, {"38": "N", "31": "N", "119": "N", "105": "N", "159": "N", "42": "W", "12": "N", "32": "E", "46": "N", "18": "S", "129": "N", "123": "W", "75": "S", "67": "N", "92": "N", "160": "W", "50": "W"}, {"22": "W", "18": "N", "46": "W", "147": "E", "50": "N", "1": "N", "16": "N", "34": "E", "82": "N", "117": "W", "175": "N", "85": "E", "67": "N", "113": "W", "105": "N", "127": "W", "31": "N", "53": "E", "27": "S", "159": "W", "160": "E", "92": "S", "42": "N", "91": "E"}, {"135": "W", "46": "W", "175": "W", "91": "S", "140": "N", "123": "N", "118": "W", "59": "W", "90": "S", "113": "N", "85": "W", "93": "N", "122": "N", "92": "S", "127": "N", "159": "S", "53": "W", "31": "E", "77": "W", "105": "N", "72": "N", "38": "E", "42": "N", "1": "N"}, {"122": "S", "3": "N", "31": "E", "83": "E", "60": "N", "57": "N", "127": "S", "135": "E", "123": "W", "118": "E", "159": "N", "16": "W", "41": "N", "105": "N", "115": "N", "67": "W", "82": "S", "128": "E", "140": "E", "27": "W", "93": "N", "42": "N", "91": "S", "1": "E", "119": "N"}, {"117": "W", "48": "E", "113": "N", "85": "N", "91": "W", "64": "E", "103": "W", "79": "W", "42": "N", "160": "E", "123": "W", "140": "N", "159": "W", "147": "W", "105": "N", "128": "S", "22": "E", "83": "N", "1": "E"}, {"38": "W", "104": "W", "147": "E", "32": "W", "113": "S", "91": "W", "59": "E", "9": "N", "67": "W", "140": "N", "42": "N", "22": "N", "62": "N", "15": "E", "105": "N", "148": "N", "92": "W", "118": "S", "160": "W", "50": "W", "128": "S", "64": "W", "83": "E", "175": "N", "85": "N", "12": "S", "41": "N"}, {"105": "N", "12": "E", "2": "E", "31": "E", "32": "S", "123": "S", "16": "N", "118": "W", "38": "W", "41": "W", "50": "N", "42": "N", "72": "E", "175": "W", "140": "W", "62": "N", "93": "S"}, {"77": "N", "175": "W", "59": "W", "66": "S", "72": "N", "50": "N", "31": "N", "111": "N", "148": "N", "46": "S", "9": "N", "159": "N", "113": "N", "27": "W", "42": "N", "1": "N", "93": "N", "2": "N", "68": "N", "105": "N", "12": "W"}, {"115": "W", "67": "N", "113": "W", "140": "E", "96": "W", "42": "N", "12": "E", "127": "W", "92": "W", "50": "N", "41": "E", "147": "W", "105": "N", "59": "W", "27": "E", "7": "W", "93": "N", "9": "N", "40": "N", "72": "E", "15": "E", "38": "E", "31": "E", "83": "W", "175": "W", "1": "E", "13": "E"}, {"32": "S", "50": "E", "140": "N", "93": "N", "123": "S", "160": "S", "175": "W", "42": "N", "38": "E", "113": "W", "15": "E", "96": "N", "105": "N", "9": "E", "46": "S"}, {"83": "E", "96": "E", "32": "S", "113": "W", "46": "N", "90": "S", "38": "E", "68": "S", "93": "N", "123": "S", "140": "N", "117": "S", "67": "N", "77": "W", "118": "E", "72": "N", "27": "E", "175": "N", "92": "E", "1": "N", "15": "E", "9": "E", "105": "N"}, {"92": "S", "1": "E", "160": "E", "113": "W", "53": "S", "135": "W", "175": "W", "118": "E", "15": "N", "72": "N", "171": "S", "18": "E", "68": "W", "130": "S", "59": "E", "83": "E", "93": "N", "31": "E", "67": "W", "122": "S", "140": "E", "38": "S", "62": "E"}, {"59": "E", "15": "N", "72": "E", "31": "E", "1": "E", "98": "W", "68": "W", "175": "W", "93": "N", "83": "N", "67": "W", "34": "E"}, {"68": "E", "66": "N", "135": "W", "67": "S", "9": "N", "82": "S", "147": "W", "18": "E", "27": "N", "46": "E", "118": "N", "175": "W", "77": "W", "90": "E", "3": "E", "110": "S", "88": "S", "93": "N", "96": "S", "83": "E", "15": "W", "31": "S", "140": "E", "160": "W", "62": "E"}, {"118": "N", "72": "E", "83": "N", "167": "S", "77": "N", "38": "S", "175": "W", "15": "N", "93": "N", "46": "N", "59": "N", "88": "E", "140": "N", "66": "W", "103": "N", "32": "S", "31": "E", "1": "S", "160": "N", "22": "N", "90": "S", "147": "S"}, {"111": "W", "13": "W", "32": "S", "140": "N", "130": "W", "22": "E", "27": "N", "77": "N", "31": "E", "93": "N", "38": "W", "15": "W", "50": "E", "175": "W", "83": "E", "90": "E"}, {"64": "E", "171": "N", "13": "S", "7": "W", "41": "W", "113": "E", "175": "N", "59": "E", "1": "S", "15": "N", "118": "S", "83": "E", "51": "W", "50": "N", "46": "E", "90": "E", "12": "W", "72": "E", "135": "S", "53": "W", "31": "E", "38": "S", "93": "N", "123": "W", "167": "W", "9": "N", "160": "S"}, {"160": "E", "1": "W", "118": "W", "9": "E", "59": "E", "83": "S", "38": "S", "115": "N", "175": "N", "31": "E", "93": "N", "68": "S", "117": "S", "50": "N", "136": "E", "90": "N", "113": "N"}, {"136": "W", "110": "N", "115": "E", "31": "E", "93": "N", "50": "N", "59": "E", "66": "W", "175": "N", "77": "N", "90": "N", "72": "E", "1": "S", "9": "E", "22": "W", "83": "S", "38": "S", "127": "W", "51": "E", "159": "N", "68": "E", "118": "E", "46": "S", "160": "E", "62": "N", "103": "N"}, {"66": "W", "59": "N", "96": "W", "90": "N", "175": "N", "118": "N", "31": "S", "7": "W", "98": "W", "23": "N", "51": "N", "117": "E", "46": "W", "93": "N", "22": "N", "9": "E", "3": "W", "50": "E", "1": "S", "82": "W", "83": "W", "41": "W", "72": "E"}, {"31": "S", "83": "S", "40": "S", "113": "N", "22": "N", "159": "W", "118": "N", "72": "E", "9": "E", "59": "N", "140": "W", "93": "N", "175": "N", "122": "N", "50": "N", "66": "W"}, {"3": "E", "31": "W", "72": "E", "40": "E", "175": "N", "16": "E", "167": "N", "140": "W", "46": "W", "122": "N", "51": "S", "62": "N", "77": "N", "41": "N", "9": "S", "82": "E", "53": "E", "66": "W", "92": "E", "96": "W", "98": "W", "113": "W", "90": "W", "93": "N", "22": "E"}, {"38": "S", "16": "E", "159": "W", "66": "W", "22": "E", "140": "W", "115": "N", "96": "N", "113": "W", "82": "N", "12": "S", "62": "N", "93": "N", "1": "S", "175": "N", "72": "E", "9": "S", "83": "S"}, {"62": "E", "12": "S", "22": "E", "127": "E", "57": "N", "96": "E", "167": "N", "93": "N", "53": "N", "66": "W", "9": "E", "23": "N", "118": "W", "59": "E", "160": "W", "68": "W", "90": "S", "98": "W", "51": "N", "1": "E", "175": "N", "113": "W"}, {"68": "N", "119": "N", "46": "N", "23": "N", "98": "N", "59": "E", "62": "N", "1": "E", "90": "E", "160": "N", "79": "N", "51": "N", "113": "W", "38": "W", "66": "W", "135": "E", "175": "N", "96": "E", "22": "E"}, {"66": "N", "98": "N", "103": "E", "53": "N", "171": "S", "51": "N", "90": "E", "22": "E", "113": "W", "57": "N", "167": "W", "115": "W", "175": "N", "9": "W", "23": "W", "59": "N", "119": "N", "77": "E"}, {"18": "W", "90": "E", "77": "W", "130": "E", "98": "N", "64": "E", "23": "E", "46": "N", "1": "W", "57": "N", "59": "E", "159": "E", "15": "W", "16": "W", "92": "W", "167": "E", "9": "E", "66": "N", "119": "N", "147": "E", "113": "W", "53": "E", "135": "W", "38": "W"}, {"90": "N", "1": "W", "57": "E", "122": "S", "66": "N", "136": "E", "64": "E", "167": "S", "7": "E", "22": "E", "98": "N", "113": "W", "23": "N", "118": "E", "59": "N", "77": "W"}, {"98": "N", "64": "W", "90": "N", "147": "W", "23": "E", "113": "W", "22": "W", "96": "E", "66": "N", "118": "W", "1": "S", "16": "E", "57": "E", "77": "E", "119": "N", "123": "S", "68": "N", "12": "N", "92": "S"}, {"98": "N", "119": "N", "90": "N", "66": "N", "57": "S", "7": "E", "135": "S", "1": "S", "38": "W", "64": "W"}, {"59": "W", "77": "E", "130": "W", "7": "W", "41": "W", "15": "E", "98": "N", "90": "N", "64": "E", "135": "W", "12": "S", "147": "E", "92": "S", "66": "N", "62": "E", "96": "W", "119": "N", "18": "E", "22": "E", "159": "E"}, {"23": "N", "64": "E", "62": "E", "59": "N", "12": "E", "57": "S", "115": "N", "15": "S", "167": "S", "135": "S", "90": "N", "98": "N", "66": "N", "159": "N", "119": "N", "92": "W"}, {"66": "N", "22": "W", "57": "N", "2": "W", "160": "E", "159": "E", "12": "W", "136": "E", "62": "W", "119": "N", "115": "S", "135": "E", "59": "N", "15": "N", "77": "E", "90": "W", "64": "W", "98": "N", "147": "W"}, {"57": "N", "96": "N", "90": "N", "79": "N", "148": "S", "59": "N", "32": "S", "88": "E", "136": "E", "119": "E"}, {"167": "W", "57": "W", "40": "W", "90": "N", "41": "E", "135": "W", "64": "E", "32": "N", "48": "N", "22": "E", "62": "S", "136": "N", "160": "W", "46": "E", "101": "W", "59": "W", "119": "N", "72": "S"}, {"90": "W", "167": "S", "140": "W", "57": "W", "34": "E", "82": "N", "119": "N", "92": "N", "41": "S", "59": "N", "160": "N", "135": "S", "64": "N"}, {"64": "N", "135": "S", "57": "S", "13": "W", "2": "N", "171": "N", "16": "W", "46": "S", "15": "S", "77": "N", "92": "W", "136": "S", "119": "N", "27": "S", "90": "W", "40": "S", "59": "N", "7": "E", "72": "E", "160": "N", "96": "N", "22": "W", "127": "S"}, {"32": "N", "22": "W", "9": "W", "7": "E", "77": "E", "140": "W", "59": "N", "135": "E", "57": "S", "136": "W", "96": "E", "27": "W", "119": "N", "62": "N", "127": "W", "160": "E"}, {"27": "E", "115": "S", "159": "W", "104": "E", "135": "E", "40": "E", "119": "N", "122": "N", "12": "W", "16": "N", "22": "N", "9": "W", "59": "N", "15": "N", "160": "W", "127": "E", "136": "E"}, {"59": "W", "9": "W", "148": "S", "15": "S", "135": "S", "122": "N", "46": "N", "167": "S", "159": "E", "13": "S", "57": "E", "77": "E", "16": "N", "88": "S", "119": "N", "22": "N"}, {"135": "S", "15": "N", "62": "S", "136": "N", "167": "E", "32": "W", "59": "W", "18": "W", "12": "N", "119": "N", "96": "E", "127": "W", "9": "N", "77": "N", "92": "W", "22": "N"}, {"22": "N", "127": "E", "92": "E", "171": "E", "23": "E", "77": "N", "38": "N", "12": "E", "167": "S", "96": "E", "104": "N", "34": "N", "53": "S", "40": "W", "9": "N", "130": "E", "136": "S", "59": "W", "135": "E", "119": "N", "122": "N"}, {"136": "W", "12": "E", "9": "N", "119": "N", "59": "N", "22": "N", "40": "N", "77": "E", "135": "S", "16": "N", "167": "S", "122": "E", "171": "N"}, {"122": "W", "27": "W", "167": "S", "103": "W", "160": "S", "159": "W", "15": "S", "23": "W", "171": "S", "59": "N", "7": "N", "77": "E", "9": "N", "62": "W", "34": "S", "22": "N"}, {"48": "W", "130": "W", "22": "E", "3": "N", "27": "E", "18": "W", "9": "N", "159": "S", "122": "E", "57": "E", "15": "W", "148": "W", "167": "E", "23": "E", "77": "N", "59": "W", "12": "S", "64": "E", "118": "W"}, {"88": "N", "62": "W", "9": "N", "16": "N", "53": "E", "77": "N", "96": "E", "22": "E", "2": "S", "122": "E", "12": "E"}, {"7": "N", "77": "N", "115": "N", "147": "W", "9": "E", "62": "E", "16": "E", "103": "W", "160": "S", "2": "N", "64": "W", "23": "W", "72": "W", "57": "N", "167": "W", "22": "E", "41": "N"}, {"110": "S", "77": "N", "40": "E", "147": "S", "9": "E", "167": "W", "64": "W", "136": "W", "7": "W", "90": "S", "62": "E", "22": "E"}, {"147": "E", "16": "W", "79": "W", "12": "W", "171": "W", "15": "E", "7": "W", "23": "S", "9": "E", "159": "W", "77": "N", "64": "E", "57": "N", "122": "W", "40": "W", "72": "N", "46": "W", "167": "S", "22": "E", "53": "W"}, {"15": "E", "9": "E", "127": "W", "23": "W", "167": "S", "79": "W", "22": "E", "118": "N", "77": "N", "16": "N", "72": "E", "62": "N", "57": "W", "7": "S"}, {"2": "W", "167": "E", "122": "S", "16": "N", "72": "E", "160": "W", "101": "N", "27": "N", "34": "W", "118": "S", "23": "S", "7": "S", "62": "W", "77": "E", "15": "E", "22": "S", "57": "E", "103": "N", "12": "N", "9": "E"}, {"9": "E", "57": "S", "72": "E", "15": "N", "147": "E", "167": "E", "92": "W", "77": "E", "22": "S", "62": "S", "16": "E", "103": "E"}, {"72": "N", "15": "E", "16": "E", "79": "N", "167": "S", "22": "S", "48": "S", "46": "W", "103": "W", "9": "S", "118": "E", "23": "N", "77": "E", "7": "W", "160": "E"}, {"122": "S", "27": "N", "115": "S", "7": "S", "159": "E", "160": "E", "77": "E", "18": "W", "101": "N", "72": "N", "15": "E", "9": "S", "16": "N", "136": "E", "103": "N", "88": "W"}, {"15": "N", "79": "E", "160": "N", "77": "S", "16": "N", "72": "W"}, {"7": "E", "41": "S", "53": "W", "15": "N", "9": "W", "16": "N", "103": "E", "72": "W", "64": "E", "62": "E", "57": "S", "77": "S", "40": "S", "88": "E"}, {"62": "N", "15": "N", "57": "N", "12": "N", "77": "S", "101": "N", "40": "E", "110": "S", "9": "S", "82": "N", "23": "E", "160": "S", "118": "E", "64": "N", "41": "N", "53": "N", "88": "S", "16": "N"}, {"3": "W", "62": "N", "15": "W", "159": "N", "104": "N", "27": "E", "127": "E", "79": "E", "88": "E", "16": "N", "101": "N", "57": "N", "23": "E"}, {"147": "S", "127": "N", "12": "W", "23": "W", "62": "S", "101": "E", "88": "W", "68": "S", "15": "N", "122": "W", "40": "N", "118": "E", "9": "N", "136": "E", "7": "S", "104": "S", "130": "S", "16": "N", "41": "N"}, {"64": "N", "40": "E", "12": "S", "15": "N", "68": "E", "118": "N", "103": "E", "160": "W", "16": "N", "122": "N", "62": "W", "72": "N", "9": "E", "96": "E"}, {"23": "E", "118": "S", "2": "S", "15": "W", "57": "N", "96": "W", "16": "N", "7": "W", "82": "S", "53": "N", "64": "S", "9": "N", "122": "N", "159": "E", "147": "S", "72": "N", "115": "S", "130": "S"}, {"57": "N", "16": "N", "88": "E", "12": "E", "41": "S", "72": "E", "3": "E", "101": "E", "9": "E", "23": "N", "130": "W", "64": "W", "122": "E", "136": "N", "15": "W", "32": "W"}, {"23": "N", "72": "N", "41": "S", "9": "E", "57": "W", "7": "S", "88": "S", "16": "N", "101": "S", "159": "E", "104": "W"}, {"101": "S", "23": "S", "18": "E", "13": "E", "9": "S", "64": "N", "57": "W", "122": "S", "7": "N", "2": "S", "15": "E", "160": "E", "62": "S", "41": "S", "68": "W", "16": "N"}, {"101": "S", "34": "N", "23": "W", "16": "N", "3": "W", "9": "S", "171": "N", "147": "S", "57": "S", "115": "N", "15": "E"}, {"18": "E", "160": "W", "9": "S", "96": "E", "92": "W", "27": "E", "13": "E", "57": "S", "110": "E", "15": "W", "3": "E", "16": "N", "46": "W", "127": "E", "159": "N", "12": "E", "136": "S"}, {"9": "W", "96": "N", "62": "W", "148": "E", "57": "E", "160": "N", "136": "W", "41": "S", "2": "E", "79": "E", "16": "N", "15": "W", "101": "N", "127": "N", "159": "N"}, {"62": "S", "57": "E", "23": "S", "9": "W", "103": "N", "68": "N", "136": "W"}, {"32": "N", "62": "W", "40": "S", "27": "W", "118": "S", "15": "E", "88": "S", "57": "W", "68": "S", "53": "N", "103": "N", "136": "S", "110": "W", "159": "S", "23": "W"}, {"103": "N", "40": "W", "62": "W", "110": "W", "159": "W", "32": "N", "23": "S", "118": "W", "104": "W", "15": "E", "96": "N"}, {"40": "W", "118": "S", "115": "S", "103": "N", "147": "S", "32": "N", "122": "E", "53": "E", "136": "W", "7": "W", "159": "S", "3": "S", "96": "N", "88": "S", "15": "E", "110": "E", "23": "W"}, {"96": "N", "12": "E", "122": "N", "62": "S", "32": "N", "118": "W", "7": "S", "15": "S", "159": "W", "88": "E", "103": "N"}, {"96": "N", "53": "E", "115": "N", "118": "W", "159": "S", "92": "W", "103": "E", "101": "S", "15": "S", "7": "S", "12": "W"}, {"118": "W", "79": "E", "104": "S", "27": "E", "7": "N", "64": "E", "82": "E", "96": "N", "15": "W", "148": "E", "122": "E", "2": "N", "32": "N", "103": "E"}, {"53": "N", "15": "N", "64": "S", "79": "N", "32": "N", "13": "S", "57": "W", "96": "N", "103": "N"}, {"136": "W", "159": "N", "96": "N", "101": "N", "148": "W", "79": "N", "62": "W", "32": "E", "40": "S", "15": "N", "64": "N", "18": "W", "160": "N", "118": "N", "12": "N", "27": "W", "57": "S", "103": "N", "53": "S"}, {"23": "W", "96": "E", "15": "W", "79": "N", "57": "S", "7": "E", "32": "E", "103": "N", "40": "E", "159": "E"}, {"53": "W", "15": "W", "32": "N", "79": "E", "68": "S", "64": "S", "159": "E", "103": "N", "40": "N", "12": "W", "23": "S", "96": "E", "148": "S"}, {"103": "E", "27": "W", "15": "W", "53": "S", "79": "N", "101": "S", "32": "N", "159": "N", "57": "S", "12": "S", "96": "E", "147": "S"}, {"79": "N", "27": "E", "32": "N", "159": "W", "122": "E", "103": "E", "96": "E", "82": "E", "92": "S", "110": "W", "53": "N", "68": "S", "13": "E"}, {"127": "N", "136": "W", "62": "W", "68": "E", "3": "W", "103": "E", "15": "S", "32": "N", "46": "S", "23": "W", "147": "S", "79": "W", "27": "N", "48": "S", "96": "N", "159": "S"}, {"104": "S", "32": "E", "127": "W", "15": "W", "68": "E", "79": "N", "101": "S", "147": "S", "96": "N", "103": "E", "159": "W"}, {"122": "S", "110": "W", "103": "E", "2": "W", "53": "N", "68": "N", "79": "N", "40": "W", "27": "N", "46": "E", "32": "E", "96": "N", "12": "N", "34": "W", "159": "S"}, {"103": "N", "53": "E", "79": "N", "160": "N", "40": "N", "46": "N", "110": "N", "171": "N", "122": "E", "32": "E"}, {"68": "W", "160": "N", "118": "N", "18": "E", "122": "W", "32": "E", "159": "W", "136": "N", "7": "N", "3": "W", "79": "N", "46": "S", "40": "S", "103": "N", "110": "E", "53": "E"}, {"115": "W", "110": "E", "118": "N", "46": "W", "148": "S", "53": "E", "32": "E", "79": "N", "103": "E", "68": "N", "64": "W"}, {"68": "N", "159": "E", "79": "N", "12": "S", "32": "S", "82": "S", "40": "E", "103": "E"}, {"115": "S", "159": "W", "3": "E", "92": "S", "57": "N", "64": "S", "12": "N", "13": "S", "32": "S", "27": "S", "79": "N", "40": "N"}, {"148": "W", "136": "E", "79": "N", "18": "S", "32": "S", "57": "E"}, {"32": "S", "2": "S", "53": "N", "122": "N", "82": "N", "46": "S", "27": "N", "79": "N", "136": "N", "110": "W"}, {"53": "N", "118": "W", "46": "N", "27": "S", "48": "W", "110": "E", "79": "N", "136": "S", "32": "W", "148": "W", "159": "W"}, {"27": "W", "127": "E", "79": "N", "57": "W", "53": "W"}, {"46": "S", "7": "N", "127": "W", "110": "N", "159": "E", "13": "W", "82": "S", "122": "W", "53": "E", "3": "N"}, {"115": "W", "46": "S", "82": "W", "53": "S", "64": "W", "159": "E"}, {"122": "E", "64": "E", "159": "N", "127": "E", "160": "E", "3": "W", "40": "E", "57": "W", "92": "E"}, {"122": "S", "171": "S", "53": "N", "110": "S", "2": "S", "118": "S", "18": "E", "92": "S", "159": "E", "13": "S"}, {"53": "W", "159": "E", "62": "W", "34": "E", "122": "E", "2": "E", "82": "N", "18": "S", "110": "E"}, {"53": "E", "118": "S", "57": "E", "127": "S", "136": "S", "18": "S", "122": "E", "7": "W", "64": "N", "159": "W"}, {"18": "W", "57": "S", "53": "S", "160": "E", "171": "E", "159": "W", "62": "N"}, {"62": "N", "46": "E", "12": "E", "101": "N", "118": "N", "3": "E", "53": "S", "92": "E", "171": "W", "18": "S"}, {"148": "N", "57": "W", "46": "E", "7": "S", "62": "E", "27": "N"}, {"122": "W", "2": "S", "18": "N", "3": "W", "110": "W", "82": "E", "68": "S", "62": "E", "101": "S", "115": "N", "34": "W"}, {"64": "N", "40": "N", "171": "N", "159": "S", "18": "N", "118": "E", "82": "S", "46": "N", "122": "W"}, {"92": "N", "159": "W", "57": "E", "18": "S", "27": "W", "64": "S", "110": "S", "53": "N", "12": "S"}, {"53": "N", "115": "N", "64": "N", "159": "E", "12": "N", "118": "W", "2": "E", "57": "W", "62": "E", "46": "E"}, {"122": "E", "110": "N", "82": "W", "159": "N", "53": "W", "62": "N", "18": "S", "46": "N", "136": "N"}, {"159": "S", "23": "W", "62": "E", "18": "N", "115": "S", "7": "N", "101": "W", "46": "N", "53": "E"}, {"2": "W", "115": "N", "40": "W", "57": "N", "110": "S", "101": "E", "3": "N", "62": "N", "53": "S"}, {"92": "N", "3": "W", "7": "E", "64": "E", "171": "N", "62": "E", "148": "S", "101": "N", "110": "W", "57": "E", "53": "S", "12": "S", "160": "E"}, {"115": "E", "62": "N", "92": "N", "3": "N", "27": "E", "171": "E", "110": "W"}, {"68": "E", "110": "E", "92": "S", "148": "N", "3": "E", "12": "N", "62": "N", "57": "W", "64": "E"}, {"148": "E", "64": "W", "92": "N", "68": "N", "2": "E", "159": "N", "136": "N", "23": "E", "110": "E"}, {"110": "N", "68": "S", "7": "E", "3": "E", "53": "W", "34": "E", "159": "S", "118": "S", "64": "E", "18": "S", "12": "E", "160": "E"}, {"101": "N", "171": "N", "40": "E", "18": "S", "110": "E", "64": "E"}, {"57": "W", "110": "W", "12": "W", "160": "E", "159": "N", "23": "E", "2": "W", "148": "N", "27": "W", "46": "S", "18": "W", "118": "N"}, {"46": "W", "34": "N", "68": "S", "7": "S", "2": "N", "27": "N", "122": "E", "110": "W", "136": "S", "92": "N", "159": "E", "57": "S"}, {"57": "S", "92": "W", "127": "W", "53": "W", "46": "S", "122": "N", "159": "E", "110": "W", "101": "W", "82": "W"}, {"110": "S", "127": "N", "159": "N", "122": "E", "46": "S"}, {"82": "W", "57": "S", "110": "E", "12": "S", "171": "N", "64": "E", "23": "N", "159": "N", "122": "E", "118": "S", "18": "S"}, {"159": "E", "12": "E", "64": "N", "160": "E", "57": "E", "68": "E", "171": "N", "34": "E", "115": "S", "122": "N", "18": "W", "110": "E"}, {"171": "N", "27": "N", "64": "E", "18": "W", "122": "N", "160": "E", "159": "E", "23": "N", "115": "E"}, {"118": "N", "122": "E", "18": "N", "34": "N", "23": "N", "27": "S", "57": "N", "46": "N", "115": "E", "2": "E", "171": "N", "160": "N", "110": "N"}, {"34": "E", "7": "E", "46": "N", "148": "S", "57": "E", "23": "N", "171": "N", "68": "E", "115": "N", "18": "W"}, {"115": "E", "23": "W", "148": "S", "34": "E", "118": "E", "18": "N", "171": "N", "46": "N", "68": "N"}, {"34": "N", "53": "W", "127": "E", "23": "W", "18": "N", "46": "W", "57": "W", "122": "W", "171": "N", "118": "S", "148": "S", "7": "W", "115": "W", "92": "E", "68": "N", "159": "W"}, {"34": "E", "171": "N", "57": "W", "23": "N", "115": "W", "148": "S", "101": "W", "68": "N", "122": "S"}, {"122": "S", "23": "N", "171": "N", "7": "W", "57": "W", "148": "W", "159": "W"}, {"57": "S", "64": "E", "159": "S", "92": "W", "136": "S", "110": "W", "2": "S", "53": "W", "160": "E", "148": "S", "171": "E", "101": "S", "118": "N"}, {"2": "E", "110": "N", "136": "E", "53": "S", "64": "N", "148": "W", "82": "N", "7": "E", "171": "E", "40": "N", "57": "S"}, {"57": "S", "171": "E", "2": "E", "148": "W", "160": "E", "64": "N", "118": "E"}, {"68": "E", "171": "E", "12": "W", "160": "N", "64": "N", "148": "W", "3": "N", "118": "S", "159": "N", "2": "W", "57": "E", "136": "E", "27": "W"}, {"122": "N", "159": "E", "12": "W", "57": "N", "2": "W", "53": "E", "136": "N", "64": "W", "160": "N", "68": "N", "92": "N", "148": "W", "7": "E", "171": "E", "3": "E"}, {"101": "S", "27": "W", "57": "E", "171": "S", "159": "E", "34": "E", "68": "E", "92": "W", "64": "N", "148": "W", "136": "E", "122": "N", "110": "N", "12": "W", "3": "E", "160": "N", "82": "W"}, {"53": "E", "171": "S", "27": "N", "110": "E", "160": "N", "148": "W", "64": "N", "122": "E", "82": "N", "12": "S", "40": "N", "68": "E", "34": "N", "136": "E", "3": "E"}, {"34": "N", "46": "W", "68": "E", "171": "E", "40": "W", "136": "N", "148": "W", "57": "N", "160": "N", "12": "S", "53": "N", "3": "N"}, {"53": "E", "68": "N", "160": "N", "110": "E", "46": "N", "148": "N", "12": "S", "136": "E", "3": "N"}, {"3": "N", "53": "E", "12": "S", "68": "E", "27": "N", "160": "N", "136": "E", "148": "N"}, {"160": "N", "12": "S", "53": "S", "27": "N", "115": "S", "148": "N", "136": "N", "101": "W", "3": "N", "64": "E", "118": "N", "159": "E", "68": "E", "7": "W"}, {"122": "E", "127": "E", "115": "W", "101": "W", "68": "N", "27": "E", "118": "N", "12": "S", "53": "E", "160": "N", "3": "N", "64": "S", "2": "N", "148": "N", "7": "W"}, {"159": "E", "122": "E", "101": "W", "7": "W", "160": "N", "64": "S", "27": "E", "2": "N", "148": "N", "68": "N", "110": "S", "53": "E", "3": "N", "127": "E", "12": "S"}, {"127": "E", "3": "N", "160": "N", "101": "S", "27": "E", "159": "S", "122": "S", "12": "S", "110": "E", "53": "N", "148": "N"}, {"3": "N", "12": "E", "127": "E", "160": "N", "101": "S", "7": "W", "53": "E", "27": "N"}, {"27": "E", "12": "E", "127": "E", "101": "S", "160": "N", "7": "S", "53": "E", "3": "E"}, {"12": "E", "127": "N", "160": "N", "7": "S", "101": "S", "3": "E", "27": "N"}, {"27": "E", "101": "E", "7": "S", "46": "E", "68": "E", "34": "E", "57": "N", "110": "W", "3": "E", "127": "E", "160": "W", "53": "W", "12": "E"}, {"127": "E", "136": "N", "101": "N", "68": "N", "34": "E", "53": "W", "92": "W", "64": "S", "12": "E", "160": "W", "46": "E", "3": "E", "159": "S", "118": "N", "7": "S"}, {"127": "N", "82": "W", "46": "E", "7": "S", "68": "N", "160": "N", "115": "W", "136": "E", "101": "N", "53": "S", "3": "N", "12": "E"}, {"101": "E", "7": "S", "12": "E", "46": "E", "68": "W", "40": "N", "160": "N", "53": "W"}, {"118": "W", "68": "N", "160": "N", "7": "S", "53": "W", "40": "N", "46": "E", "12": "E"}, {"118": "N", "7": "S", "53": "S", "68": "N", "12": "N", "115": "N", "46": "E", "160": "N"}, {"46": "N", "2": "N", "12": "N", "7": "S", "160": "W", "68": "N", "115": "W"}, {"68": "N", "7": "E", "46": "E", "2": "N", "12": "N"}, {"46": "W", "110": "N", "127": "S", "12": "N", "7": "E", "159": "E", "92": "W", "68": "N", "82": "N"}, {"92": "N", "64": "S", "46": "S", "12": "N", "68": "N", "127": "W", "7": "E", "101": "N", "110": "W", "159": "S"}, {"46": "W", "127": "W", "110": "W", "101": "E", "12": "N", "159": "S", "68": "N", "64": "S", "7": "E"}, {"64": "W", "110": "W", "127": "S", "159": "W", "12": "N", "7": "E", "46": "W", "68": "N"}, {"127": "W", "110": "S", "159": "S", "7": "N", "64": "W", "68": "N", "92": "N"}, {"159": "W", "92": "E", "68": "N", "110": "S", "64": "S", "7": "N"}, {"159": "W", "68": "W", "7": "N", "110": "S"}, {"82": "N", "53": "N", "7": "N", "68": "W", "110": "E", "159": "E", "136": "W"}, {"110": "E", "40": "E", "53": "N", "7": "N", "57": "E", "159": "E", "136": "S", "68": "W", "82": "N"}, {"68": "N", "7": "N", "40": "N", "110": "N", "136": "S", "82": "W", "57": "E", "159": "S", "53": "W"}, {"40": "N", "68": "W", "159": "S", "82": "W", "53": "W", "136": "W"}, {"136": "W", "159": "W", "82": "W", "40": "N", "53": "S", "68": "W"}, {"82": "N", "53": "S", "40": "E", "136": "S", "68": "W", "159": "S"}, {"159": "W", "68": "N", "136": "W", "40": "N", "82": "W"}, {"110": "N", "136": "W", "64": "N", "53": "N", "82": "W", "12": "S", "159": "S", "68": "N", "40": "N"}, {"40": "N", "46": "W", "127": "W", "12": "S", "159": "W", "82": "N", "53": "N", "136": "S", "68": "N", "64": "E", "110": "E"}, {"64": "E", "12": "S", "53": "E", "159": "S", "82": "W", "46": "W", "40": "N", "68": "N"}, {"82": "W", "53": "E", "127": "W", "64": "S", "68": "N", "46": "W", "159": "S", "12": "S", "40": "N"}, {"68": "W", "64": "S", "127": "W", "82": "N", "12": "S", "53": "N", "159": "W"}, {"64": "W", "53": "N"}, {"53": "S", "12": "N", "136": "N", "46": "S", "101": "W", "127": "S", "64": "E"}, {"53": "S", "64": "N", "159": "W", "12": "N", "101": "W"}, {"64": "N", "159": "W", "12": "N", "101": "W"}, {"136": "S", "64": "W", "53": "W", "2": "E", "101": "S", "12": "N", "159": "W"}, {"159": "W", "7": "N", "64": "W", "2": "E", "101": "S", "53": "W", "12": "N"}, {"101": "S", "159": "N", "53": "S", "12": "E", "2": "E", "64": "S", "46": "N"}, {"101": "S", "12": "E", "159": "N", "127": "W"}, {"53": "N", "118": "W", "46": "E", "101": "S", "2": "E", "159": "N", "127": "W"}, {"46": "S", "101": "S", "115": "N", "53": "E"}, {"46": "S", "101": "S", "53": "E"}, {"127": "E", "136": "N", "64": "N", "101": "S", "46": "S", "2": "W", "53": "N"}, {"136": "N", "46": "S", "64": "E", "101": "E", "2": "S", "127": "E", "53": "N", "57": "E", "110": "E"}, {"127": "S", "53": "N", "46": "W", "2": "S", "136": "W", "101": "E", "64": "E", "118": "N", "57": "N"}, {"136": "W", "118": "N", "2": "S", "53": "N", "46": "W", "101": "E", "127": "S", "57": "N", "64": "N"}, {"64": "N", "53": "N", "46": "W", "101": "E", "2": "S", "57": "W", "136": "W", "127": "S"}, {"53": "N", "118": "N", "46": "S", "101": "E", "2": "S", "64": "N", "127": "W", "136": "W"}, {"64": "N", "2": "E", "127": "W", "46": "S", "53": "N", "101": "E", "136": "W"}, {"46": "W", "53": "N", "101": "E", "64": "N", "127": "W", "2": "E", "136": "S"}, {"53": "E", "2": "E", "136": "S", "127": "S", "101": "E", "46": "S", "64": "N"}, {"101": "N", "53": "E", "127": "S", "2": "E", "136": "S", "46": "W", "64": "N"}, {"46": "W", "64": "N", "136": "S", "53": "E", "127": "W", "101": "N", "2": "E"}, {"127": "S", "46": "W", "101": "N", "64": "N", "53": "E", "2": "N", "136": "S"}, {"101": "N", "46": "N", "136": "S", "64": "N", "53": "E", "2": "N", "127": "W"}, {"101": "N", "127": "W", "136": "S", "46": "N", "64": "N", "53": "N", "2": "N"}, {"46": "N", "101": "N", "2": "N", "53": "N", "127": "W", "64": "N"}, {"127": "N", "53": "E", "64": "N", "2": "N"}, {"127": "N", "53": "N", "64": "N", "2": "N"}, {"2": "N", "64": "W"}, {"115": "W", "127": "W", "2": "N", "110": "W", "118": "N", "136": "W"}, {"127": "N", "110": "W", "46": "N", "118": "N", "2": "N", "57": "W"}, {"115": "N", "110": "W", "118": "E", "57": "W", "2": "N", "46": "E"}, {"110": "W", "46": "N", "115": "N", "2": "N", "57": "W", "118": "E"}, {"46": "N", "118": "E", "2": "N", "115": "N", "57": "W", "110": "S"}, {"2": "N", "118": "S", "46": "N", "110": "S", "115": "E", "57": "S"}, {"110": "S", "2": "N", "57": "S", "46": "E", "115": "E"}, {"57": "S", "46": "N", "2": "N", "110": "S", "115": "N"}, {"46": "E", "2": "N", "110": "S", "57": "S"}, {"2": "N", "46": "E", "57": "S", "110": "S"}, {"46": "N", "57": "S", "110": "S", "2": "N"}, {"57": "S", "110": "S", "46": "E", "2": "N"}, {"46": "N", "2": "N", "110": "S", "57": "S"}, {"110": "E", "46": "N", "57": "S"}, {"127": "E", "110": "E", "57": "S", "64": "N", "2": "N"}, {"136": "S", "57": "S", "53": "E", "127": "N", "110": "E", "64": "W"}, {"110": "E", "64": "W", "2": "W", "136": "S", "57": "E", "127": "E", "53": "E"}, {"57": "E", "110": "E", "2": "W", "136": "E", "127": "N", "64": "W", "53": "S"}, {"127": "N", "2": "W", "136": "S", "64": "W", "53": "S", "57": "E", "110": "E"}, {"110": "E", "2": "W", "64": "W", "57": "E", "53": "S", "136": "S", "127": "N"}, {"64": "W", "57": "E", "127": "E", "136": "E", "53": "S", "110": "E", "2": "W"}, {"110": "N", "64": "W", "53": "S", "136": "E", "127": "N", "2": "W", "57": "E"}, {"53": "S", "136": "E", "64": "S", "110": "N", "127": "E", "57": "E", "2": "N"}, {"2": "N", "110": "N", "136": "E", "127": "E", "64": "S", "57": "E", "53": "S"}, {"136": "E", "57": "N", "64": "S", "2": "N", "53": "W", "110": "N", "127": "N"}, {"64": "S", "53": "S", "57": "N", "136": "E", "2": "N", "127": "E"}, {"136": "E", "2": "N", "57": "N", "64": "S", "127": "N"}, {"64": "S", "2": "N", "136": "E"}, {"2": "W", "64": "S", "136": "E"}, {"64": "E", "2": "W", "136": "E"}, {"136": "N", "2": "S", "64": "S"}, {"136": "E", "64": "S"}, {"46": "W", "64": "E", "136": "N", "115": "N"}, {"115": "E", "127": "N", "136": "N", "46": "W"}, {"127": "N", "115": "N", "136": "N", "46": "N"}, {"136": "N", "127": "N", "115": "N", "46": "N"}, {"136": "E", "127": "E", "115": "N", "46": "E"}, {"46": "E", "136": "N", "127": "N", "115": "E"}, {"46": "E", "127": "N"}, {"57": "W"}, {"57": "N"}, {"57": "N"}, {"57": "N"}, {"57": "N"}, {"57": "E"}], "result": "SUCCESS", "makespan": 313, "sum": 5846, "algo_name": "BFS_3"}