{"instance": "medium_000_30x30_20_90", "steps": [{"22": "E", "33": "E", "74": "W", "14": "W", "81": "E", "23": "E", "31": "W", "50": "W", "7": "W", "4": "N", "52": "E", "55": "N", "39": "W", "26": "W", "69": "S", "65": "W", "87": "S", "46": "S", "85": "W", "42": "S", "66": "S", "5": "W", "45": "N", "47": "W", "60": "W", "41": "N", "34": "E", "27": "N", "0": "N", "12": "W", "38": "E", "71": "W", "64": "S", "75": "S", "88": "E", "43": "E", "32": "S", "3": "W", "76": "W", "51": "N", "73": "N", "10": "N", "21": "W", "89": "W", "44": "E", "63": "E", "68": "N", "13": "E", "36": "E", "70": "W", "61": "S", "48": "E", "82": "S", "57": "W", "19": "N", "77": "S", "67": "E", "79": "W", "80": "N", "24": "E", "29": "W", "6": "S", "40": "E", "58": "N", "8": "E", "84": "S", "30": "W", "16": "W", "37": "E", "11": "E", "25": "E", "28": "S", "18": "N", "35": "S", "78": "W", "62": "W", "1": "S", "56": "N"}, {"22": "E", "33": "N", "74": "S", "14": "W", "81": "E", "23": "E", "31": "W", "50": "S", "83": "E", "7": "N", "4": "E", "52": "E", "55": "N", "39": "W", "26": "W", "69": "S", "65": "W", "87": "S", "46": "S", "85": "W", "42": "S", "66": "S", "5": "W", "45": "N", "47": "W", "41": "N", "34": "N", "27": "N", "0": "N", "12": "W", "20": "W", "38": "E", "71": "W", "64": "S", "75": "S", "88": "E", "43": "E", "32": "S", "3": "N", "51": "E", "21": "S", "89": "W", "44": "E", "63": "N", "68": "N", "13": "E", "36": "S", "70": "W", "61": "W", "48": "E", "82": "E", "57": "W", "19": "N", "77": "S", "67": "E", "79": "W", "80": "N", "24": "E", "29": "S", "40": "E", "58": "E", "8": "E", "72": "S", "84": "S", "30": "W", "16": "W", "37": "E", "11": "E", "25": "N", "18": "N", "35": "S", "78": "W", "1": "S", "56": "N"}, {"22": "E", "33": "N", "74": "S", "14": "W", "81": "S", "23": "S", "31": "W", "50": "S", "15": "N", "83": "E", "7": "N", "4": "E", "52": "E", "55": "N", "39": "W", "26": "N", "69": "E", "65": "W", "87": "S", "46": "S", "85": "N", "42": "S", "53": "E", "66": "S", "5": "W", "45": "E", "47": "N", "60": "S", "34": "N", "0": "W", "12": "W", "20": "N", "38": "E", "71": "W", "64": "S", "75": "S", "88": "E", "32": "W", "3": "N", "86": "E", "10": "W", "21": "S", "54": "S", "44": "E", "63": "N", "68": "N", "36": "S", "70": "W", "61": "W", "48": "E", "82": "E", "19": "N", "67": "E", "24": "E", "29": "S", "40": "S", "58": "E", "2": "N", "8": "E", "72": "S", "84": "E", "30": "W", "16": "W", "37": "E", "11": "E", "25": "N", "35": "S", "62": "W", "56": "W"}, {"22": "E", "33": "N", "74": "S", "14": "W", "81": "S", "23": "S", "31": "W", "50": "S", "15": "E", "83": "N", "7": "N", "4": "E", "52": "E", "55": "E", "39": "W", "26": "N", "69": "E", "65": "N", "87": "S", "46": "S", "42": "S", "53": "E", "66": "S", "5": "W", "45": "E", "47": "N", "60": "S", "34": "N", "27": "N", "0": "N", "17": "W", "12": "W", "20": "N", "38": "E", "49": "N", "71": "S", "64": "S", "75": "S", "88": "E", "32": "S", "3": "W", "86": "E", "21": "S", "54": "S", "44": "E", "63": "E", "68": "N", "13": "N", "36": "E", "70": "W", "61": "S", "48": "N", "82": "E", "57": "N", "19": "N", "67": "E", "79": "W", "24": "E", "6": "W", "40": "S", "58": "E", "2": "W", "8": "E", "72": "S", "84": "S", "30": "W", "16": "W", "37": "E", "11": "E", "25": "E", "18": "E", "35": "S", "1": "E", "56": "W"}, {"22": "E", "33": "N", "74": "W", "81": "S", "23": "S", "31": "W", "50": "S", "15": "S", "83": "N", "7": "N", "4": "E", "52": "E", "55": "E", "39": "W", "26": "N", "69": "N", "65": "N", "87": "W", "85": "W", "42": "S", "53": "E", "66": "S", "5": "W", "45": "E", "47": "W", "34": "N", "0": "W", "17": "W", "9": "S", "12": "W", "20": "N", "38": "E", "71": "W", "64": "S", "75": "S", "88": "N", "32": "S", "3": "N", "51": "S", "86": "E", "21": "S", "54": "S", "44": "E", "63": "E", "68": "N", "36": "E", "70": "W", "61": "S", "48": "N", "19": "N", "77": "N", "80": "E", "24": "E", "6": "S", "40": "S", "58": "E", "2": "W", "8": "E", "72": "S", "30": "W", "16": "W", "37": "E", "11": "E", "25": "E", "18": "N", "35": "E", "78": "N", "56": "N"}, {"22": "E", "74": "W", "14": "N", "81": "S", "23": "S", "31": "N", "50": "S", "15": "E", "83": "N", "7": "N", "4": "E", "52": "E", "55": "N", "39": "W", "26": "N", "69": "N", "65": "E", "87": "W", "85": "S", "42": "S", "53": "E", "66": "S", "5": "W", "45": "S", "47": "N", "34": "E", "0": "W", "17": "W", "9": "E", "12": "W", "20": "N", "38": "E", "49": "W", "71": "S", "75": "S", "88": "E", "32": "S", "3": "W", "76": "N", "51": "E", "86": "E", "10": "N", "21": "S", "89": "W", "54": "S", "44": "E", "63": "E", "68": "W", "13": "N", "36": "S", "70": "N", "61": "S", "48": "N", "82": "S", "57": "S", "19": "N", "79": "S", "80": "E", "6": "W", "40": "S", "58": "E", "2": "W", "8": "E", "72": "S", "30": "W", "16": "W", "37": "E", "11": "E", "25": "E", "18": "N", "78": "E", "1": "E"}, {"22": "S", "74": "W", "14": "W", "81": "E", "23": "S", "31": "N", "50": "S", "15": "E", "83": "N", "7": "N", "4": "E", "55": "N", "39": "W", "26": "N", "69": "E", "65": "E", "87": "W", "85": "W", "42": "E", "53": "E", "66": "S", "5": "W", "45": "E", "47": "W", "60": "E", "34": "E", "27": "E", "0": "W", "17": "W", "9": "E", "20": "N", "38": "E", "49": "W", "71": "S", "75": "S", "88": "S", "32": "S", "3": "W", "76": "W", "86": "E", "10": "N", "21": "S", "89": "W", "54": "S", "44": "N", "63": "E", "68": "N", "13": "E", "36": "E", "70": "W", "48": "N", "82": "S", "57": "W", "19": "N", "77": "W", "67": "W", "80": "E", "24": "E", "40": "E", "58": "E", "2": "W", "72": "S", "84": "E", "30": "W", "16": "W", "37": "N", "25": "E", "28": "W", "18": "W", "78": "S"}, {"74": "W", "14": "W", "81": "E", "23": "E", "31": "E", "50": "W", "15": "S", "83": "N", "7": "N", "4": "E", "52": "N", "55": "N", "39": "W", "26": "N", "69": "E", "65": "E", "87": "W", "46": "W", "85": "W", "42": "E", "53": "E", "66": "E", "5": "W", "45": "N", "47": "W", "60": "E", "34": "E", "27": "E", "0": "S", "17": "W", "9": "S", "12": "N", "20": "N", "38": "E", "49": "W", "75": "E", "88": "S", "43": "S", "32": "E", "3": "W", "76": "N", "86": "S", "21": "S", "89": "W", "44": "N", "63": "E", "68": "N", "13": "E", "36": "E", "70": "W", "61": "E", "48": "E", "82": "S", "57": "S", "19": "N", "77": "W", "79": "E", "24": "E", "6": "E", "2": "W", "8": "S", "72": "S", "84": "E", "30": "W", "16": "S", "37": "N", "18": "N", "78": "S", "56": "S"}, {"22": "E", "74": "W", "14": "W", "81": "E", "23": "E", "31": "E", "50": "W", "15": "S", "83": "N", "7": "N", "4": "E", "52": "E", "55": "N", "39": "W", "26": "N", "69": "E", "65": "E", "87": "N", "46": "W", "85": "W", "42": "E", "66": "N", "5": "S", "45": "N", "47": "S", "60": "S", "41": "S", "34": "E", "17": "W", "9": "E", "12": "N", "20": "N", "38": "E", "49": "W", "75": "S", "88": "E", "3": "W", "76": "N", "51": "W", "86": "S", "10": "S", "21": "W", "89": "W", "44": "W", "63": "E", "68": "N", "13": "E", "36": "E", "48": "E", "82": "E", "19": "N", "77": "S", "79": "S", "24": "E", "29": "W", "6": "S", "2": "W", "8": "S", "72": "S", "18": "N", "35": "S", "78": "S", "1": "W"}, {"74": "W", "14": "W", "81": "E", "23": "E", "31": "E", "50": "W", "15": "S", "83": "N", "7": "N", "4": "E", "52": "S", "55": "N", "39": "W", "26": "E", "69": "E", "65": "E", "87": "W", "46": "W", "85": "S", "42": "E", "53": "N", "66": "N", "5": "S", "45": "N", "60": "E", "34": "E", "17": "W", "9": "S", "12": "N", "20": "N", "38": "N", "49": "N", "64": "E", "88": "E", "43": "S", "3": "N", "76": "W", "51": "N", "73": "W", "86": "S", "21": "S", "89": "W", "44": "W", "63": "E", "68": "N", "13": "N", "36": "E", "48": "N", "82": "E", "57": "S", "19": "N", "77": "S", "79": "W", "24": "E", "29": "S", "6": "S", "40": "S", "2": "W", "8": "S", "72": "S", "37": "E", "28": "W", "78": "W"}, {"74": "N", "14": "W", "81": "E", "23": "E", "31": "E", "50": "W", "15": "S", "83": "N", "7": "N", "4": "E", "52": "E", "55": "N", "39": "W", "26": "N", "69": "N", "65": "E", "87": "S", "46": "W", "85": "W", "42": "E", "53": "N", "66": "E", "5": "S", "45": "E", "47": "W", "60": "E", "41": "W", "34": "E", "27": "W", "0": "W", "17": "W", "9": "E", "12": "N", "20": "N", "38": "W", "49": "N", "71": "N", "75": "S", "88": "S", "43": "E", "3": "N", "76": "W", "51": "W", "73": "N", "86": "S", "21": "S", "89": "W", "44": "W", "63": "N", "68": "N", "13": "E", "36": "E", "61": "N", "48": "W", "57": "W", "77": "S", "67": "N", "79": "W", "24": "N", "40": "E", "58": "N", "2": "W", "8": "S", "72": "S", "84": "E", "16": "N", "37": "N", "28": "N", "35": "N", "1": "E"}, {"74": "N", "14": "W", "81": "E", "23": "E", "31": "E", "50": "W", "15": "E", "83": "N", "7": "N", "4": "E", "52": "E", "55": "N", "39": "W", "26": "E", "69": "N", "65": "E", "87": "S", "85": "W", "42": "E", "66": "E", "5": "S", "45": "E", "47": "W", "60": "E", "41": "W", "34": "E", "27": "N", "0": "W", "17": "W", "9": "E", "12": "N", "20": "N", "38": "W", "49": "N", "71": "N", "75": "E", "88": "E", "43": "N", "32": "W", "3": "W", "76": "W", "51": "N", "73": "N", "86": "S", "10": "N", "21": "W", "44": "W", "63": "E", "68": "W", "13": "N", "36": "S", "48": "N", "57": "W", "19": "N", "79": "S", "24": "N", "6": "E", "40": "E", "58": "E", "2": "W", "8": "S", "37": "N", "11": "N", "28": "N", "78": "E", "1": "E"}, {"74": "N", "14": "W", "81": "E", "31": "E", "50": "W", "15": "E", "83": "N", "7": "E", "4": "E", "52": "S", "55": "N", "39": "W", "26": "E", "69": "N", "65": "E", "87": "S", "85": "W", "42": "E", "53": "E", "66": "N", "5": "S", "45": "E", "47": "W", "60": "S", "41": "N", "34": "N", "0": "W", "17": "W", "9": "E", "12": "W", "20": "N", "38": "W", "49": "N", "71": "W", "75": "E", "88": "E", "43": "E", "3": "N", "76": "W", "51": "W", "73": "N", "86": "E", "21": "W", "54": "S", "44": "W", "63": "E", "68": "N", "13": "N", "48": "N", "57": "W", "19": "N", "79": "W", "80": "S", "24": "N", "6": "E", "40": "E", "58": "E", "2": "S", "72": "E", "37": "N", "28": "N", "35": "E"}, {"74": "N", "14": "W", "81": "E", "31": "E", "50": "W", "15": "S", "83": "N", "7": "N", "4": "E", "52": "E", "55": "N", "39": "W", "26": "E", "69": "N", "65": "E", "87": "S", "46": "W", "85": "W", "42": "E", "53": "N", "66": "N", "5": "S", "45": "E", "47": "W", "60": "S", "41": "W", "34": "N", "27": "N", "0": "S", "17": "S", "9": "E", "12": "N", "20": "E", "38": "W", "49": "N", "71": "W", "75": "E", "88": "S", "43": "E", "3": "N", "76": "W", "51": "N", "73": "W", "86": "E", "21": "W", "54": "W", "44": "W", "63": "E", "68": "N", "13": "N", "61": "W", "48": "N", "57": "W", "79": "S", "80": "E", "24": "E", "40": "E", "58": "E", "2": "S", "8": "E", "72": "S", "84": "N", "37": "N", "11": "N", "25": "S", "28": "N"}, {"74": "W", "14": "W", "31": "E", "50": "S", "15": "S", "83": "E", "7": "N", "4": "N", "52": "E", "55": "N", "39": "W", "26": "E", "69": "E", "65": "E", "87": "S", "46": "W", "85": "W", "42": "E", "53": "N", "66": "N", "5": "S", "45": "E", "47": "S", "60": "E", "41": "W", "34": "N", "27": "E", "0": "S", "17": "S", "9": "E", "12": "N", "20": "S", "38": "W", "49": "N", "71": "W", "64": "E", "75": "S", "88": "S", "43": "E", "3": "N", "76": "N", "51": "N", "73": "N", "86": "S", "21": "W", "89": "N", "54": "S", "44": "W", "63": "E", "68": "W", "13": "N", "70": "E", "61": "N", "48": "N", "80": "E", "29": "E", "40": "E", "58": "E", "2": "S", "8": "E", "30": "N", "16": "E", "37": "N", "28": "N"}, {"74": "N", "14": "W", "31": "E", "50": "S", "15": "S", "83": "N", "7": "N", "4": "N", "52": "E", "55": "N", "39": "W", "26": "E", "69": "E", "65": "E", "87": "S", "46": "W", "85": "W", "42": "S", "53": "N", "66": "N", "5": "S", "45": "E", "47": "W", "60": "E", "41": "N", "34": "N", "27": "N", "0": "W", "17": "W", "9": "N", "12": "N", "20": "E", "38": "W", "49": "N", "71": "W", "75": "E", "88": "S", "43": "E", "3": "W", "76": "N", "51": "N", "73": "N", "86": "S", "21": "W", "89": "N", "54": "S", "44": "W", "63": "E", "68": "N", "13": "W", "36": "E", "70": "E", "48": "N", "57": "N", "19": "N", "2": "S", "8": "S", "72": "S", "59": "S", "16": "S", "37": "N", "11": "N", "28": "E", "35": "W"}, {"74": "N", "14": "S", "31": "E", "50": "S", "15": "S", "83": "N", "7": "N", "4": "E", "55": "E", "39": "W", "26": "E", "69": "E", "65": "E", "87": "S", "46": "W", "85": "W", "42": "E", "53": "N", "5": "S", "45": "E", "47": "W", "60": "S", "41": "N", "34": "N", "27": "N", "0": "W", "17": "W", "9": "N", "12": "N", "20": "E", "38": "W", "49": "N", "71": "W", "75": "E", "88": "E", "43": "E", "3": "W", "76": "W", "51": "N", "86": "S", "21": "W", "54": "S", "44": "W", "63": "E", "68": "N", "13": "N", "36": "E", "70": "S", "48": "N", "82": "N", "19": "N", "79": "E", "2": "S", "8": "S", "72": "W", "59": "S", "25": "N", "28": "S", "35": "W", "78": "W"}, {"22": "N", "74": "N", "14": "S", "31": "E", "50": "S", "15": "E", "83": "N", "7": "N", "4": "E", "52": "E", "55": "N", "39": "W", "26": "E", "69": "E", "87": "S", "46": "S", "85": "W", "42": "E", "53": "N", "66": "E", "5": "S", "45": "E", "47": "S", "60": "W", "41": "N", "34": "N", "27": "E", "0": "S", "17": "W", "9": "N", "12": "W", "20": "E", "38": "W", "49": "N", "71": "W", "75": "S", "88": "E", "43": "E", "32": "N", "3": "W", "76": "W", "51": "N", "86": "S", "21": "W", "89": "S", "54": "S", "44": "W", "63": "E", "68": "N", "13": "N", "70": "E", "61": "S", "48": "W", "79": "E", "80": "E", "8": "S", "72": "N", "59": "S", "28": "S"}, {"22": "W", "33": "W", "74": "N", "14": "S", "31": "E", "50": "S", "15": "E", "83": "N", "7": "W", "4": "E", "52": "S", "55": "N", "39": "W", "26": "N", "69": "E", "65": "S", "87": "S", "46": "S", "85": "N", "42": "E", "53": "N", "66": "E", "5": "S", "45": "E", "47": "S", "60": "S", "41": "N", "34": "N", "27": "N", "0": "S", "17": "W", "9": "E", "12": "W", "20": "E", "38": "W", "49": "N", "71": "W", "64": "E", "75": "W", "88": "S", "43": "E", "76": "N", "51": "N", "73": "N", "86": "S", "21": "S", "89": "S", "54": "S", "44": "W", "63": "E", "68": "E", "13": "N", "61": "S", "48": "W", "19": "W", "79": "N", "80": "E", "6": "N", "8": "W", "59": "S", "16": "S", "11": "S", "28": "S", "35": "E"}, {"22": "W", "33": "N", "74": "W", "14": "S", "50": "S", "15": "E", "83": "N", "7": "N", "4": "E", "52": "S", "55": "N", "39": "W", "26": "N", "69": "E", "65": "E", "87": "S", "46": "S", "85": "N", "42": "E", "53": "N", "66": "E", "5": "E", "47": "S", "60": "S", "41": "N", "34": "E", "27": "N", "0": "S", "17": "W", "9": "E", "12": "W", "20": "E", "38": "N", "49": "W", "71": "W", "75": "S", "88": "E", "43": "E", "3": "N", "76": "N", "51": "W", "73": "N", "86": "S", "21": "W", "89": "S", "54": "S", "44": "N", "63": "E", "68": "N", "13": "N", "36": "E", "70": "N", "48": "N", "82": "S", "19": "N", "79": "E", "80": "N", "6": "N", "58": "S", "8": "W", "59": "E", "84": "W", "30": "S", "28": "S"}, {"22": "W", "33": "N", "74": "W", "14": "S", "50": "S", "15": "E", "83": "N", "7": "W", "4": "E", "52": "S", "55": "N", "39": "W", "26": "N", "69": "E", "65": "E", "87": "S", "46": "S", "85": "W", "42": "E", "53": "N", "66": "E", "5": "S", "47": "S", "60": "S", "41": "N", "34": "E", "27": "N", "0": "S", "17": "W", "9": "E", "12": "W", "20": "N", "38": "N", "49": "N", "71": "W", "64": "S", "75": "S", "88": "E", "43": "E", "32": "N", "76": "W", "51": "W", "73": "E", "86": "W", "10": "E", "21": "W", "89": "S", "54": "S", "44": "N", "63": "S", "68": "N", "13": "W", "36": "S", "70": "N", "48": "N", "19": "N", "80": "E", "29": "S", "58": "S", "72": "E", "59": "E", "84": "W", "11": "W", "28": "S"}, {"22": "W", "33": "N", "74": "W", "14": "S", "50": "S", "15": "E", "83": "W", "7": "W", "4": "E", "52": "S", "55": "E", "39": "W", "26": "E", "69": "E", "65": "E", "87": "S", "46": "S", "85": "W", "42": "E", "53": "W", "66": "E", "5": "S", "45": "E", "47": "S", "60": "S", "41": "N", "34": "E", "27": "N", "0": "S", "17": "W", "9": "E", "12": "W", "20": "E", "38": "N", "49": "N", "71": "S", "64": "E", "75": "S", "88": "E", "43": "E", "32": "E", "3": "N", "76": "W", "73": "E", "86": "W", "10": "E", "21": "S", "89": "W", "54": "S", "44": "W", "63": "E", "68": "E", "13": "W", "36": "E", "61": "S", "48": "N", "19": "N", "79": "W", "80": "N", "29": "S", "59": "E", "84": "S", "30": "E", "16": "N", "11": "N", "28": "S"}, {"22": "N", "33": "N", "74": "N", "14": "S", "23": "W", "50": "S", "15": "S", "83": "W", "7": "W", "4": "E", "52": "S", "55": "N", "39": "W", "26": "E", "69": "E", "65": "E", "87": "S", "46": "S", "85": "W", "42": "N", "53": "W", "66": "E", "5": "S", "45": "E", "47": "S", "60": "S", "41": "N", "34": "N", "27": "N", "0": "S", "17": "W", "9": "E", "12": "W", "20": "E", "38": "W", "49": "N", "71": "S", "64": "E", "75": "S", "88": "E", "32": "E", "3": "W", "51": "W", "73": "E", "86": "S", "10": "N", "21": "S", "89": "W", "54": "S", "44": "N", "63": "S", "68": "N", "13": "W", "36": "S", "70": "E", "19": "E", "79": "W", "80": "N", "29": "S", "6": "W", "8": "W", "72": "E", "59": "S", "84": "W", "37": "E", "11": "W", "78": "E"}, {"22": "N", "33": "N", "74": "W", "14": "S", "81": "N", "50": "S", "15": "S", "83": "W", "7": "W", "4": "E", "52": "S", "55": "W", "39": "W", "26": "E", "69": "E", "65": "E", "87": "S", "46": "S", "85": "N", "42": "N", "53": "W", "66": "E", "5": "S", "45": "E", "47": "S", "60": "W", "41": "N", "34": "N", "27": "W", "0": "S", "17": "W", "9": "E", "12": "W", "20": "E", "49": "N", "71": "S", "64": "N", "75": "S", "88": "S", "43": "E", "32": "E", "3": "W", "51": "N", "73": "N", "86": "S", "10": "N", "89": "W", "54": "S", "63": "S", "68": "E", "13": "N", "36": "W", "70": "N", "19": "N", "79": "W", "80": "E", "6": "N", "8": "S", "59": "S", "84": "W", "30": "W", "16": "S", "25": "W", "78": "E"}, {"22": "N", "33": "N", "74": "W", "81": "N", "50": "S", "15": "S", "83": "W", "7": "W", "4": "E", "52": "E", "55": "W", "39": "N", "26": "N", "69": "S", "65": "E", "87": "S", "46": "S", "85": "W", "42": "E", "53": "W", "66": "E", "5": "S", "45": "N", "47": "S", "60": "S", "41": "N", "34": "N", "27": "W", "0": "S", "17": "W", "9": "E", "12": "W", "20": "S", "49": "N", "71": "S", "64": "N", "75": "W", "88": "E", "43": "E", "32": "S", "3": "W", "51": "N", "73": "E", "86": "S", "10": "N", "89": "W", "54": "S", "63": "S", "68": "E", "13": "N", "36": "S", "70": "W", "79": "W", "80": "E", "6": "E", "58": "N", "8": "S", "59": "E", "84": "W", "16": "S", "37": "W", "11": "E", "35": "E"}, {"22": "N", "33": "N", "74": "W", "81": "N", "23": "E", "50": "S", "15": "E", "83": "W", "7": "N", "4": "E", "52": "E", "55": "W", "39": "N", "26": "N", "69": "S", "65": "N", "87": "S", "46": "S", "85": "N", "42": "E", "53": "N", "66": "E", "5": "S", "45": "N", "47": "S", "60": "S", "41": "N", "34": "N", "27": "W", "0": "S", "17": "W", "9": "E", "12": "W", "20": "S", "38": "N", "49": "N", "71": "S", "75": "S", "88": "S", "43": "N", "32": "E", "3": "W", "51": "N", "73": "E", "86": "S", "10": "N", "89": "W", "54": "S", "63": "W", "68": "E", "13": "N", "36": "S", "79": "W", "80": "E", "29": "E", "6": "S", "58": "N", "8": "S", "72": "W", "59": "E", "84": "S", "16": "W", "37": "W", "11": "N"}, {"22": "N", "33": "N", "74": "W", "81": "N", "50": "S", "15": "S", "83": "W", "7": "N", "4": "E", "52": "S", "55": "W", "39": "W", "26": "N", "69": "E", "65": "N", "87": "S", "46": "S", "85": "N", "42": "E", "53": "W", "66": "N", "5": "S", "45": "N", "47": "S", "60": "S", "41": "N", "34": "N", "27": "W", "0": "S", "17": "W", "9": "E", "12": "W", "20": "E", "38": "N", "49": "N", "71": "S", "64": "E", "75": "S", "88": "S", "43": "E", "32": "S", "3": "S", "51": "N", "73": "E", "86": "S", "10": "N", "89": "W", "54": "S", "44": "W", "63": "S", "68": "E", "13": "N", "36": "S", "70": "N", "61": "W", "67": "S", "79": "W", "80": "N", "29": "S", "6": "E", "72": "W", "59": "E", "84": "W", "30": "N", "11": "E", "25": "E", "35": "W", "1": "S"}, {"22": "N", "33": "N", "74": "W", "81": "N", "50": "S", "15": "W", "83": "N", "7": "N", "4": "E", "52": "E", "55": "W", "39": "W", "26": "E", "69": "E", "65": "E", "87": "S", "46": "S", "85": "N", "42": "E", "53": "W", "66": "N", "5": "S", "45": "N", "47": "S", "60": "S", "41": "W", "34": "W", "27": "N", "0": "S", "17": "W", "9": "E", "12": "N", "20": "E", "38": "N", "49": "N", "71": "W", "64": "S", "75": "S", "88": "S", "43": "E", "32": "S", "3": "W", "51": "N", "73": "E", "86": "S", "10": "N", "89": "W", "54": "S", "44": "W", "63": "S", "68": "E", "13": "N", "70": "W", "61": "S", "19": "W", "67": "E", "79": "W", "80": "N", "29": "S", "6": "S", "8": "N", "59": "E", "11": "E", "35": "W"}, {"22": "N", "33": "N", "74": "W", "81": "N", "50": "S", "15": "S", "83": "N", "7": "W", "4": "N", "52": "E", "55": "W", "39": "W", "26": "N", "69": "E", "65": "E", "87": "S", "46": "S", "85": "N", "42": "E", "53": "N", "66": "N", "5": "S", "45": "N", "47": "S", "60": "S", "41": "N", "34": "N", "27": "W", "0": "S", "17": "W", "9": "N", "12": "N", "20": "E", "38": "W", "49": "N", "71": "S", "64": "E", "75": "S", "88": "S", "43": "E", "32": "S", "51": "N", "73": "E", "86": "S", "10": "N", "89": "W", "54": "S", "44": "W", "68": "E", "36": "S", "70": "W", "61": "S", "19": "N", "79": "W", "80": "N", "29": "S", "6": "E", "8": "E", "59": "N", "84": "W"}, {"22": "N", "33": "N", "74": "W", "81": "N", "50": "S", "15": "W", "83": "N", "7": "N", "4": "N", "52": "E", "55": "W", "39": "N", "26": "E", "69": "S", "65": "E", "87": "S", "46": "S", "85": "N", "42": "E", "53": "N", "66": "N", "5": "E", "45": "N", "47": "S", "60": "S", "41": "N", "34": "N", "27": "W", "0": "S", "17": "W", "9": "N", "12": "W", "20": "S", "38": "W", "49": "N", "71": "S", "64": "S", "75": "S", "88": "S", "43": "E", "32": "E", "3": "S", "51": "N", "73": "E", "86": "W", "10": "N", "89": "W", "54": "S", "44": "W", "68": "E", "36": "W", "70": "W", "61": "S", "19": "N", "67": "E", "79": "W", "80": "N", "29": "S", "6": "N", "8": "S", "59": "E", "11": "E", "1": "N"}, {"22": "W", "33": "W", "74": "W", "50": "S", "15": "S", "83": "W", "7": "N", "4": "N", "52": "E", "55": "N", "39": "W", "26": "E", "69": "E", "65": "E", "87": "E", "46": "S", "85": "N", "42": "E", "53": "N", "66": "N", "5": "E", "45": "N", "47": "S", "60": "S", "41": "N", "34": "N", "27": "N", "0": "S", "17": "W", "9": "N", "12": "S", "20": "E", "38": "W", "49": "E", "71": "S", "64": "E", "75": "S", "88": "W", "43": "E", "32": "S", "3": "W", "51": "N", "73": "E", "86": "W", "10": "E", "89": "W", "54": "S", "44": "W", "36": "W", "70": "W", "61": "W", "19": "E", "79": "W", "80": "W", "29": "S", "59": "N", "84": "E"}, {"22": "W", "33": "N", "74": "S", "81": "S", "50": "S", "15": "S", "83": "N", "7": "N", "4": "N", "52": "S", "55": "N", "39": "N", "26": "E", "69": "S", "65": "E", "87": "E", "46": "S", "85": "N", "42": "E", "53": "N", "66": "N", "5": "E", "45": "E", "47": "S", "60": "W", "41": "N", "34": "N", "27": "N", "0": "S", "17": "N", "9": "N", "12": "S", "20": "N", "38": "W", "49": "E", "71": "S", "64": "S", "75": "S", "88": "W", "43": "E", "32": "S", "51": "N", "73": "S", "86": "W", "10": "N", "89": "W", "54": "S", "44": "W", "36": "S", "70": "W", "61": "S", "67": "E", "79": "W", "80": "N", "29": "W", "6": "S", "8": "E", "59": "N", "84": "E", "16": "S", "1": "S"}, {"22": "W", "33": "N", "74": "S", "81": "S", "50": "S", "15": "S", "7": "N", "4": "N", "52": "S", "55": "N", "39": "N", "26": "E", "69": "S", "65": "E", "87": "E", "46": "S", "85": "N", "42": "E", "53": "W", "5": "E", "45": "N", "47": "S", "60": "S", "41": "N", "34": "N", "27": "N", "0": "S", "17": "N", "9": "N", "20": "E", "38": "W", "49": "E", "71": "S", "64": "S", "75": "S", "88": "S", "43": "E", "32": "S", "51": "N", "73": "E", "86": "S", "10": "N", "89": "W", "54": "S", "44": "W", "36": "W", "70": "W", "61": "S", "19": "N", "77": "N", "67": "N", "79": "W", "80": "N", "29": "S", "6": "S", "59": "N", "84": "E", "16": "W", "11": "E", "78": "W", "62": "W"}, {"22": "W", "33": "N", "74": "S", "81": "S", "50": "S", "15": "S", "83": "N", "7": "W", "4": "E", "52": "S", "55": "N", "39": "N", "26": "E", "69": "E", "65": "E", "87": "E", "46": "S", "85": "N", "42": "E", "53": "W", "66": "E", "5": "E", "45": "N", "47": "S", "60": "S", "41": "N", "34": "W", "27": "N", "0": "S", "17": "N", "12": "W", "20": "S", "38": "W", "49": "E", "71": "E", "64": "S", "75": "S", "88": "S", "43": "E", "32": "S", "3": "W", "51": "N", "73": "E", "86": "W", "10": "E", "89": "W", "54": "S", "44": "W", "36": "S", "70": "W", "61": "S", "77": "E", "67": "N", "79": "W", "80": "W", "29": "S", "6": "S", "59": "N", "84": "E", "16": "N", "37": "S", "11": "N", "78": "W", "62": "W"}, {"22": "W", "33": "N", "74": "S", "81": "S", "23": "W", "50": "S", "15": "S", "83": "N", "7": "W", "4": "N", "52": "S", "55": "W", "39": "N", "26": "E", "69": "S", "65": "E", "87": "E", "46": "S", "85": "N", "42": "E", "53": "N", "66": "N", "5": "E", "45": "N", "47": "S", "60": "W", "41": "N", "34": "W", "27": "W", "0": "S", "17": "N", "9": "E", "12": "W", "20": "E", "38": "W", "49": "E", "71": "S", "64": "S", "75": "S", "88": "W", "43": "S", "32": "S", "3": "W", "51": "N", "73": "S", "86": "S", "10": "N", "89": "W", "54": "E", "44": "W", "70": "W", "61": "S", "19": "S", "77": "E", "67": "N", "79": "W", "80": "W", "2": "N", "59": "N", "84": "E", "16": "E", "11": "N", "25": "W", "62": "W"}, {"22": "W", "33": "N", "74": "S", "81": "S", "50": "S", "15": "S", "83": "N", "7": "W", "4": "N", "52": "S", "55": "N", "39": "N", "26": "E", "69": "S", "65": "E", "87": "E", "46": "S", "85": "N", "42": "E", "53": "N", "66": "N", "5": "E", "45": "E", "47": "S", "60": "W", "41": "N", "34": "W", "27": "W", "0": "S", "17": "N", "9": "N", "12": "W", "20": "S", "38": "W", "49": "E", "71": "S", "64": "S", "75": "W", "88": "W", "43": "E", "32": "S", "3": "W", "51": "N", "73": "E", "86": "W", "10": "N", "54": "N", "44": "W", "70": "W", "61": "S", "19": "S", "77": "E", "67": "N", "80": "W", "2": "N", "72": "S", "59": "E", "84": "E", "11": "W", "1": "N"}, {"22": "N", "33": "N", "74": "S", "81": "S", "50": "E", "15": "S", "83": "W", "7": "N", "4": "N", "52": "S", "55": "N", "39": "N", "26": "E", "69": "S", "65": "E", "87": "E", "46": "S", "85": "W", "42": "N", "53": "W", "66": "N", "5": "E", "45": "N", "47": "S", "60": "W", "41": "N", "34": "W", "27": "N", "0": "S", "17": "N", "9": "N", "12": "W", "20": "S", "38": "W", "49": "E", "71": "S", "64": "S", "75": "W", "88": "W", "43": "E", "32": "W", "3": "W", "76": "E", "51": "N", "73": "S", "86": "W", "10": "N", "54": "N", "36": "N", "70": "W", "61": "S", "77": "S", "67": "W", "80": "W", "6": "E", "2": "N", "72": "E", "59": "N", "84": "E", "37": "N", "78": "E", "62": "E"}, {"22": "N", "33": "N", "74": "S", "81": "S", "50": "E", "15": "S", "83": "W", "7": "W", "4": "N", "52": "W", "55": "N", "39": "N", "26": "S", "69": "S", "65": "E", "87": "E", "46": "E", "85": "N", "42": "E", "53": "N", "66": "N", "5": "E", "45": "N", "47": "E", "60": "W", "41": "N", "34": "N", "27": "N", "0": "E", "17": "N", "9": "N", "12": "W", "20": "S", "38": "W", "49": "E", "71": "S", "64": "W", "75": "W", "88": "W", "43": "E", "32": "S", "3": "W", "76": "E", "51": "N", "73": "S", "86": "W", "10": "N", "36": "W", "70": "N", "61": "S", "77": "S", "67": "N", "29": "E", "6": "E", "2": "N", "72": "N", "59": "N", "84": "E", "25": "E", "62": "E"}, {"22": "N", "33": "N", "74": "E", "23": "E", "50": "E", "15": "S", "83": "W", "7": "W", "4": "N", "52": "S", "55": "N", "39": "N", "26": "E", "69": "E", "65": "E", "87": "E", "46": "E", "85": "N", "42": "N", "53": "W", "66": "N", "5": "E", "45": "N", "47": "E", "60": "W", "41": "N", "34": "W", "27": "N", "0": "E", "17": "N", "9": "N", "12": "W", "20": "S", "38": "W", "49": "E", "71": "S", "64": "S", "75": "W", "88": "W", "43": "N", "32": "S", "3": "S", "76": "E", "51": "N", "73": "S", "86": "W", "10": "N", "89": "W", "44": "S", "70": "W", "61": "S", "82": "E", "19": "E", "77": "S", "67": "N", "80": "N", "6": "S", "2": "N", "8": "S", "59": "W", "84": "E", "16": "N", "78": "E", "62": "E"}, {"22": "N", "33": "N", "50": "E", "15": "S", "83": "N", "7": "W", "4": "N", "52": "S", "55": "W", "39": "N", "26": "E", "69": "E", "65": "E", "87": "E", "46": "E", "85": "N", "42": "N", "53": "W", "66": "N", "5": "E", "45": "N", "47": "E", "60": "W", "41": "N", "34": "W", "27": "N", "17": "N", "9": "N", "12": "W", "20": "S", "38": "W", "49": "E", "71": "E", "64": "S", "75": "W", "88": "S", "43": "E", "32": "W", "76": "N", "51": "E", "73": "S", "10": "N", "89": "N", "36": "E", "70": "W", "61": "S", "82": "S", "19": "S", "77": "S", "67": "W", "80": "W", "29": "W", "6": "S", "8": "W", "59": "W", "30": "W", "16": "N", "11": "S", "35": "S"}, {"22": "W", "33": "N", "50": "E", "15": "S", "83": "W", "7": "W", "4": "N", "52": "S", "55": "W", "39": "N", "26": "S", "69": "E", "65": "N", "87": "S", "46": "E", "85": "N", "42": "N", "53": "W", "66": "N", "5": "E", "45": "N", "47": "E", "60": "W", "41": "E", "34": "W", "27": "W", "0": "S", "17": "N", "9": "N", "12": "S", "20": "E", "38": "W", "64": "S", "75": "W", "88": "S", "43": "N", "32": "W", "76": "E", "51": "N", "73": "S", "10": "N", "89": "N", "70": "W", "61": "E", "82": "S", "77": "S", "67": "W", "80": "W", "29": "N", "6": "W", "2": "S", "72": "W", "59": "N", "30": "S", "16": "E", "35": "W"}, {"22": "N", "33": "N", "50": "E", "15": "W", "83": "W", "7": "W", "4": "N", "52": "S", "55": "W", "39": "N", "26": "S", "69": "E", "65": "N", "87": "E", "46": "E", "85": "N", "42": "N", "53": "W", "66": "N", "5": "E", "45": "N", "47": "E", "60": "W", "41": "E", "34": "N", "27": "W", "0": "E", "17": "N", "9": "N", "12": "S", "20": "E", "38": "W", "64": "S", "88": "S", "43": "N", "32": "S", "76": "N", "51": "N", "73": "E", "10": "E", "89": "E", "44": "N", "70": "W", "61": "E", "82": "S", "77": "S", "80": "W", "6": "S", "2": "S", "8": "N", "59": "N", "16": "N", "37": "N", "11": "N", "35": "W"}, {"22": "N", "33": "E", "50": "E", "15": "W", "83": "W", "7": "W", "4": "N", "52": "S", "55": "N", "39": "W", "26": "E", "69": "E", "65": "N", "87": "E", "46": "E", "85": "N", "42": "N", "53": "W", "66": "N", "5": "E", "45": "N", "47": "E", "60": "W", "41": "E", "34": "N", "27": "W", "0": "E", "17": "N", "9": "N", "12": "S", "20": "E", "38": "W", "64": "S", "43": "N", "32": "S", "76": "W", "51": "E", "73": "E", "70": "W", "82": "S", "19": "W", "77": "S", "67": "N", "80": "S", "6": "S", "58": "S", "2": "S", "30": "E", "16": "W", "11": "W", "35": "W"}, {"22": "N", "33": "E", "50": "E", "15": "W", "83": "W", "7": "W", "4": "N", "52": "S", "55": "W", "39": "N", "26": "S", "69": "E", "65": "N", "87": "E", "46": "E", "85": "N", "42": "N", "53": "W", "66": "N", "5": "E", "45": "E", "47": "E", "60": "W", "41": "E", "34": "W", "27": "W", "0": "E", "17": "N", "9": "N", "12": "S", "20": "E", "38": "W", "64": "S", "43": "N", "32": "S", "76": "W", "51": "E", "73": "E", "10": "E", "44": "N", "70": "W", "82": "S", "77": "S", "67": "N", "6": "W", "2": "S", "8": "N", "30": "E", "16": "S", "11": "N", "35": "W"}, {"22": "N", "33": "E", "50": "E", "15": "W", "83": "W", "7": "W", "4": "N", "52": "S", "55": "W", "39": "N", "26": "S", "69": "S", "65": "N", "87": "E", "46": "E", "85": "N", "42": "W", "53": "W", "66": "N", "5": "E", "45": "N", "60": "S", "41": "E", "34": "N", "27": "W", "0": "E", "17": "N", "9": "N", "12": "S", "20": "S", "38": "W", "64": "S", "43": "N", "32": "S", "76": "W", "51": "E", "73": "E", "70": "W", "82": "S", "19": "E", "77": "E", "6": "S", "2": "S", "59": "S", "30": "S", "16": "S", "35": "W", "78": "S"}, {"22": "W", "33": "E", "50": "E", "15": "W", "83": "W", "7": "W", "4": "W", "52": "S", "55": "W", "39": "N", "26": "S", "69": "S", "65": "N", "87": "E", "46": "E", "85": "N", "42": "W", "53": "W", "66": "W", "5": "E", "45": "W", "60": "S", "41": "E", "34": "N", "27": "W", "0": "S", "17": "E", "9": "N", "20": "S", "38": "W", "64": "W", "32": "S", "76": "W", "51": "E", "73": "E", "10": "W", "70": "W", "82": "S", "67": "N", "59": "W", "30": "S", "16": "S", "11": "E", "35": "W"}, {"22": "W", "33": "E", "50": "E", "15": "W", "83": "W", "7": "W", "4": "W", "52": "S", "55": "W", "39": "N", "26": "S", "69": "S", "65": "N", "87": "E", "46": "E", "85": "N", "42": "W", "53": "W", "66": "W", "5": "E", "45": "W", "60": "W", "41": "E", "34": "N", "27": "W", "0": "E", "9": "N", "20": "S", "38": "S", "64": "S", "43": "W", "32": "S", "76": "N", "51": "E", "73": "E", "10": "W", "44": "N", "82": "W", "67": "N", "8": "W", "59": "N", "30": "S", "35": "W", "78": "N"}, {"22": "W", "33": "E", "50": "E", "15": "W", "83": "W", "7": "W", "4": "W", "52": "S", "55": "W", "39": "N", "26": "S", "69": "S", "65": "N", "87": "N", "46": "E", "85": "N", "42": "W", "53": "W", "66": "W", "5": "E", "45": "W", "60": "W", "41": "E", "34": "N", "27": "W", "0": "E", "9": "W", "20": "S", "38": "S", "64": "S", "32": "S", "76": "W", "51": "N", "73": "S", "10": "W", "82": "S", "77": "E", "67": "N", "29": "E", "58": "N", "8": "S", "59": "E", "30": "W", "18": "W", "35": "N", "78": "W"}, {"22": "N", "33": "E", "50": "E", "15": "W", "83": "W", "7": "W", "4": "N", "52": "S", "55": "W", "39": "N", "26": "S", "69": "S", "65": "N", "87": "N", "46": "E", "85": "N", "42": "W", "53": "W", "66": "N", "5": "E", "45": "W", "60": "W", "41": "E", "34": "N", "27": "W", "0": "N", "9": "W", "20": "S", "38": "S", "64": "S", "32": "S", "76": "W", "51": "N", "10": "W", "70": "W", "82": "S", "19": "W", "67": "N", "6": "W", "8": "E", "59": "S", "37": "S", "18": "W", "78": "W"}, {"22": "W", "33": "E", "50": "E", "15": "W", "83": "W", "7": "W", "4": "N", "52": "W", "55": "W", "39": "N", "26": "S", "69": "S", "65": "N", "87": "N", "46": "E", "85": "N", "42": "W", "53": "W", "66": "N", "5": "E", "45": "N", "60": "W", "41": "E", "27": "W", "9": "W", "20": "S", "64": "W", "32": "W", "76": "W", "51": "N", "10": "W", "70": "S", "77": "W", "67": "N", "29": "W", "11": "W"}, {"22": "W", "33": "E", "50": "E", "15": "W", "83": "S", "7": "W", "4": "N", "52": "W", "55": "W", "39": "N", "26": "E", "69": "S", "65": "N", "87": "N", "46": "E", "85": "E", "42": "W", "53": "W", "66": "N", "5": "E", "45": "N", "60": "W", "41": "N", "27": "W", "9": "N", "20": "S", "64": "W", "32": "W", "76": "W", "51": "E", "70": "S", "77": "W", "67": "N", "58": "S", "72": "E"}, {"22": "W", "33": "E", "50": "E", "15": "W", "83": "S", "7": "W", "4": "N", "52": "W", "55": "S", "39": "N", "26": "E", "69": "S", "65": "N", "87": "N", "46": "E", "85": "E", "42": "N", "53": "W", "66": "N", "5": "E", "45": "N", "60": "W", "41": "N", "27": "W", "9": "W", "20": "S", "64": "W", "32": "W", "76": "W", "51": "N", "10": "W", "70": "E", "77": "W", "25": "W"}, {"22": "W", "33": "N", "50": "E", "15": "W", "83": "S", "7": "W", "4": "N", "52": "W", "55": "S", "39": "N", "26": "E", "69": "S", "65": "N", "46": "E", "85": "E", "42": "N", "53": "W", "66": "N", "5": "E", "45": "N", "60": "W", "41": "E", "27": "W", "20": "W", "64": "W", "32": "W", "76": "W", "51": "E", "70": "S", "77": "W", "18": "N"}, {"22": "W", "33": "N", "50": "E", "15": "S", "83": "S", "7": "W", "4": "N", "52": "W", "55": "S", "39": "E", "26": "E", "69": "S", "65": "N", "46": "E", "85": "E", "42": "N", "53": "S", "66": "N", "5": "E", "45": "N", "60": "W", "41": "E", "27": "W", "20": "S", "64": "W", "76": "N", "51": "S", "21": "S", "77": "W", "67": "E", "72": "W", "11": "E", "18": "E"}, {"22": "W", "33": "N", "50": "E", "15": "S", "7": "S", "4": "N", "52": "W", "55": "W", "39": "E", "26": "E", "69": "S", "65": "N", "46": "E", "85": "N", "42": "N", "53": "S", "66": "N", "5": "E", "45": "N", "60": "W", "41": "N", "27": "S", "20": "S", "64": "W", "32": "S", "76": "N", "51": "S", "70": "N", "82": "S", "19": "S", "6": "E", "8": "W", "11": "N", "18": "S"}, {"22": "W", "33": "N", "50": "E", "15": "W", "7": "S", "52": "S", "39": "E", "26": "E", "69": "S", "65": "E", "46": "E", "85": "E", "53": "S", "66": "W", "5": "E", "45": "W", "60": "W", "41": "E", "27": "S", "20": "S", "76": "W", "51": "S", "44": "N", "67": "W", "11": "N", "25": "E", "18": "E"}, {"22": "W", "33": "E", "50": "E", "15": "W", "7": "S", "52": "S", "39": "N", "26": "S", "69": "S", "65": "N", "46": "E", "53": "S", "66": "W", "5": "E", "45": "W", "60": "W", "41": "S", "27": "S", "20": "S", "76": "W", "51": "S", "21": "N", "19": "N"}, {"22": "S", "33": "S", "15": "W", "52": "S", "39": "N", "26": "S", "69": "S", "65": "W", "46": "E", "53": "S", "66": "W", "5": "E", "60": "W", "27": "S", "20": "S", "76": "S", "51": "S", "44": "S", "82": "N", "58": "N", "8": "E", "11": "W"}, {"22": "S", "33": "S", "15": "W", "39": "E", "26": "E", "65": "W", "46": "E", "53": "S", "66": "W", "5": "E", "60": "W", "76": "S", "44": "S"}, {"22": "S", "33": "S", "15": "W", "39": "E", "65": "W", "46": "E", "53": "S", "66": "W", "76": "S", "44": "S"}, {"22": "S", "33": "S", "23": "W", "15": "W", "65": "W", "46": "S", "53": "S", "66": "W", "76": "S"}, {"22": "S", "15": "S", "65": "W", "46": "E", "66": "W"}, {"22": "E", "23": "E", "15": "S", "46": "E"}, {"22": "E"}], "result": "SUCCESS", "makespan": 64, "sum": 3350, "algo_name": "OutAndInByPercentage_dist_BFS_desc_BIT_", "extra": {"arrival_order": [22, 33, 74, 14, 81, 23, 31, 50, 15, 83, 7, 4, 52, 55, 39, 26, 69, 65, 87, 46, 85, 42, 53, 66, 5, 45, 47, 60, 41, 34, 27, 0, 17, 9, 12, 20, 38, 49, 71, 64, 75, 88, 43, 32, 3, 76, 51, 73, 86, 10, 21, 89, 54, 44, 63, 68, 13, 36, 70, 61, 48, 82, 57, 19, 77, 67, 79, 80, 24, 29, 6, 40, 58, 2, 8, 72, 59, 84, 30, 16, 37, 11, 25, 28, 18, 35, 78, 62, 1, 56], "time_arrived": [1567, 2948, 2781, 2092, 510, 1225, 2735, 452, 2795, 1659, 2255, 2884, 1702, 2444, 168, 336, 2862, 1614, 2919, 2609, 1742, 2285, 64, 202, 2702, 2895, 739, 1520, 2908, 2719, 2850, 216, 2056, 105, 1471, 2929, 2469, 2873, 1784, 682, 2751, 1423, 1069, 2018, 2367, 1276, 961, 1325, 2546, 1826, 277, 2159, 568, 1122, 2339, 625, 2953, 2588, 2766, 2822, 1374, 2519, 2942, 2393, 1904, 851, 1174, 2648, 2419, 795, 2494, 1865, 2809, 2190, 143, 1943, 2127, 2629, 2936, 2667, 2685, 186, 2567, 394, 2837, 1015, 2225, 906, 1981, 2312], "BIT_runs": 1, "old_makespan": 2953, "old_sum": 3450, "improved": "[33, 74, 14, 81, 23, 31, 50, 15, 83, 7, 4, 52, 55, 39, 26, 69, 65, 87, 46, 85, 42, 53, 66, 5, 45, 47, 60, 41, 34, 27, 0, 17, 9, 12, 20, 38, 49, 71, 64, 75, 88, 43, 32, 3, 76, 51, 73, 86, 10, 21, 89, 54, 44, 63, 68, 13, 36, 70, 61, 48, 82, 57, 19, 77, 67, 79, 80, 24, 29, 6, 40, 58, 2, 8, 72, 59, 84, 30, 16, 37, 11, 25, 28, 18, 35, 78, 62, 1, 56],", "goal_raise_for_bs": 32}}