{"instance": "medium_002_30x30_30_162", "steps": [{"5": "N", "14": "E", "11": "S", "54": "E", "58": "N", "22": "N", "18": "W", "42": "N", "142": "W", "94": "N", "116": "N", "77": "W", "38": "W", "147": "N", "107": "N", "99": "W", "16": "W", "140": "N", "98": "S", "57": "N", "31": "W", "120": "N", "17": "N", "158": "N", "69": "E", "1": "N", "67": "N", "132": "S", "88": "N", "80": "S", "40": "N", "96": "W", "3": "N", "151": "W", "139": "W", "126": "W", "24": "N", "27": "N", "146": "W", "128": "N", "124": "E", "104": "N", "135": "E", "133": "N", "73": "N", "56": "W", "41": "W", "0": "W", "134": "N", "111": "W", "86": "N", "83": "E", "72": "W", "50": "N", "23": "S", "115": "N", "28": "N", "149": "N", "75": "N", "74": "E", "59": "E", "49": "N", "9": "W", "156": "S", "121": "N", "108": "E", "87": "N", "53": "S", "48": "S", "63": "W", "160": "S", "136": "E", "109": "S", "79": "N", "76": "S", "71": "W", "70": "W", "66": "S", "45": "W", "34": "W", "21": "E", "102": "S", "51": "W", "161": "N", "138": "N", "137": "E", "129": "N", "112": "N", "101": "W", "81": "N", "47": "E", "30": "S", "154": "S", "152": "E", "145": "N", "118": "W", "89": "W", "68": "W", "64": "W", "62": "N", "55": "N", "46": "N", "39": "S", "37": "S", "36": "S", "33": "W", "32": "N", "26": "W", "20": "W", "15": "N", "8": "N", "7": "E", "157": "S", "144": "W", "131": "W", "123": "W", "119": "W", "113": "N", "106": "W", "100": "N", "97": "S", "95": "S", "93": "W", "84": "E", "60": "S", "52": "E", "19": "N", "12": "W", "2": "S"}, {"5": "N", "14": "E", "11": "S", "54": "E", "105": "N", "58": "N", "22": "N", "18": "N", "42": "N", "142": "W", "94": "N", "116": "N", "77": "W", "38": "N", "147": "N", "107": "N", "16": "N", "140": "N", "98": "S", "65": "N", "57": "N", "31": "N", "143": "N", "120": "N", "17": "N", "158": "N", "69": "N", "10": "S", "1": "N", "92": "E", "67": "W", "132": "S", "88": "N", "80": "S", "40": "W", "96": "N", "3": "N", "155": "N", "151": "W", "139": "W", "126": "N", "4": "S", "24": "N", "27": "N", "146": "W", "128": "N", "124": "E", "104": "N", "135": "S", "133": "N", "103": "W", "85": "N", "73": "N", "56": "S", "41": "S", "0": "S", "134": "N", "111": "W", "86": "N", "72": "W", "50": "N", "23": "E", "130": "N", "115": "N", "91": "N", "28": "N", "149": "N", "75": "N", "74": "S", "59": "E", "49": "N", "29": "N", "9": "W", "150": "E", "148": "N", "121": "N", "87": "N", "53": "S", "114": "W", "63": "W", "160": "E", "141": "W", "136": "S", "110": "N", "109": "S", "79": "W", "76": "S", "71": "N", "70": "N", "66": "S", "45": "S", "21": "N", "51": "W", "161": "E", "159": "S", "138": "N", "129": "N", "125": "W", "112": "N", "81": "E", "61": "N", "47": "E", "35": "S", "30": "S", "154": "E", "152": "S", "145": "N", "122": "W", "118": "W", "117": "E", "82": "S", "68": "W", "64": "W", "55": "N", "46": "N", "39": "E", "37": "E", "33": "N", "32": "N", "26": "W", "25": "N", "20": "N", "7": "E", "157": "S", "123": "W", "119": "W", "113": "N", "100": "N", "97": "S", "95": "S", "93": "W", "90": "N", "60": "S", "19": "N", "12": "W", "2": "E"}, {"5": "N", "14": "E", "11": "S", "54": "E", "105": "N", "58": "N", "22": "N", "18": "N", "42": "N", "142": "W", "94": "N", "116": "N", "77": "W", "38": "N", "147": "N", "107": "N", "99": "N", "16": "N", "140": "N", "98": "S", "57": "N", "143": "W", "120": "N", "17": "N", "158": "N", "69": "N", "10": "S", "1": "N", "92": "E", "67": "W", "6": "E", "132": "S", "88": "N", "80": "S", "40": "W", "96": "N", "3": "N", "155": "N", "151": "W", "139": "N", "126": "N", "4": "S", "24": "N", "27": "N", "146": "W", "128": "N", "124": "E", "104": "N", "135": "E", "133": "N", "103": "W", "85": "N", "73": "N", "56": "W", "41": "W", "0": "W", "134": "N", "111": "W", "86": "N", "83": "S", "72": "W", "50": "N", "23": "E", "130": "N", "115": "N", "91": "E", "43": "N", "28": "N", "149": "N", "75": "N", "74": "S", "49": "N", "29": "E", "9": "W", "156": "E", "150": "E", "148": "N", "87": "N", "53": "S", "114": "N", "63": "S", "160": "S", "141": "W", "136": "E", "110": "N", "109": "S", "79": "S", "76": "S", "71": "E", "70": "N", "66": "S", "51": "S", "161": "N", "159": "S", "138": "N", "137": "N", "129": "N", "112": "N", "101": "N", "81": "N", "47": "N", "35": "S", "30": "S", "13": "W", "154": "E", "152": "S", "145": "N", "122": "S", "117": "N", "82": "W", "68": "W", "64": "W", "62": "E", "55": "W", "46": "N", "39": "E", "37": "E", "32": "N", "25": "N", "20": "E", "8": "S", "157": "S", "144": "N", "123": "W", "119": "W", "106": "E", "100": "N", "97": "S", "95": "S", "93": "W", "84": "E", "60": "E", "52": "S", "19": "N", "12": "W", "2": "E"}, {"5": "N", "14": "E", "11": "S", "54": "E", "105": "N", "58": "N", "22": "N", "18": "N", "42": "N", "142": "W", "94": "E", "116": "N", "77": "W", "147": "N", "107": "N", "16": "N", "57": "N", "31": "W", "143": "N", "17": "N", "158": "N", "69": "N", "92": "E", "67": "N", "6": "E", "132": "S", "88": "N", "80": "S", "44": "E", "40": "N", "96": "W", "3": "E", "155": "E", "139": "W", "127": "N", "126": "W", "4": "E", "24": "N", "27": "N", "128": "N", "124": "E", "104": "N", "135": "E", "133": "N", "103": "W", "73": "N", "56": "W", "41": "W", "0": "W", "134": "N", "111": "N", "86": "N", "83": "E", "72": "W", "50": "N", "23": "E", "115": "N", "91": "E", "43": "N", "28": "N", "149": "N", "74": "S", "59": "E", "49": "N", "29": "E", "9": "W", "156": "E", "150": "N", "148": "N", "121": "E", "87": "N", "53": "W", "48": "S", "114": "N", "160": "S", "141": "W", "136": "S", "110": "N", "109": "S", "76": "W", "71": "N", "70": "N", "66": "S", "34": "E", "102": "N", "161": "E", "159": "S", "138": "W", "137": "N", "112": "N", "101": "N", "81": "N", "61": "E", "30": "W", "13": "S", "154": "E", "152": "S", "145": "N", "122": "S", "118": "S", "117": "N", "68": "N", "64": "W", "55": "S", "46": "N", "39": "E", "37": "E", "36": "N", "33": "E", "20": "N", "7": "E", "157": "S", "123": "W", "119": "W", "113": "S", "106": "E", "100": "W", "97": "S", "95": "E", "93": "W", "90": "S", "84": "E", "60": "E", "52": "E", "19": "N", "12": "W", "2": "S"}, {"5": "N", "153": "N", "14": "N", "11": "S", "54": "E", "105": "N", "18": "N", "42": "N", "142": "W", "94": "E", "116": "N", "77": "W", "147": "N", "107": "N", "16": "W", "98": "W", "31": "N", "17": "N", "158": "N", "69": "N", "1": "N", "92": "S", "67": "N", "132": "S", "88": "N", "44": "S", "40": "N", "96": "W", "3": "N", "155": "N", "139": "W", "127": "E", "126": "N", "4": "E", "24": "N", "27": "N", "146": "W", "128": "N", "124": "E", "104": "N", "135": "E", "133": "N", "103": "W", "73": "N", "56": "W", "41": "W", "0": "W", "134": "N", "111": "W", "86": "N", "83": "E", "72": "W", "50": "N", "23": "E", "115": "N", "91": "N", "43": "W", "28": "N", "149": "N", "74": "E", "59": "E", "49": "E", "29": "N", "9": "S", "156": "E", "150": "N", "108": "E", "87": "N", "114": "E", "63": "W", "160": "E", "141": "N", "136": "S", "110": "N", "109": "S", "76": "W", "71": "N", "70": "N", "66": "S", "45": "W", "51": "W", "161": "E", "159": "S", "138": "W", "129": "N", "112": "N", "101": "N", "81": "N", "35": "S", "30": "W", "154": "E", "152": "S", "145": "N", "122": "S", "118": "S", "117": "N", "82": "E", "64": "W", "55": "S", "46": "N", "39": "E", "37": "S", "33": "E", "32": "S", "25": "N", "20": "N", "157": "S", "144": "W", "131": "E", "123": "W", "119": "W", "113": "S", "100": "W", "97": "S", "95": "E", "93": "W", "90": "S", "84": "E", "52": "E", "19": "N", "12": "W", "2": "S"}, {"5": "N", "153": "N", "78": "N", "14": "N", "11": "S", "54": "E", "105": "N", "22": "N", "18": "N", "42": "N", "142": "W", "94": "E", "77": "W", "38": "N", "147": "N", "107": "W", "16": "N", "140": "E", "98": "S", "65": "S", "57": "N", "31": "N", "143": "E", "17": "E", "158": "N", "69": "N", "1": "N", "92": "E", "67": "N", "6": "E", "132": "S", "88": "N", "44": "E", "40": "N", "96": "W", "3": "N", "155": "N", "139": "W", "127": "E", "126": "W", "24": "N", "27": "N", "146": "W", "124": "N", "104": "N", "135": "E", "133": "N", "103": "W", "73": "N", "56": "W", "41": "W", "0": "W", "134": "N", "111": "W", "86": "N", "83": "E", "72": "W", "50": "W", "23": "S", "115": "N", "91": "N", "43": "W", "149": "W", "74": "E", "59": "E", "49": "E", "29": "N", "9": "W", "150": "N", "148": "N", "121": "W", "108": "E", "87": "W", "63": "S", "160": "S", "136": "S", "110": "W", "109": "S", "76": "W", "71": "N", "70": "W", "66": "E", "102": "W", "161": "E", "159": "S", "138": "S", "129": "N", "125": "W", "112": "N", "101": "W", "81": "N", "35": "S", "30": "W", "13": "W", "154": "S", "152": "S", "145": "N", "122": "S", "118": "S", "117": "E", "89": "W", "82": "E", "68": "N", "64": "W", "62": "E", "55": "W", "46": "N", "37": "S", "32": "W", "26": "N", "20": "N", "157": "S", "144": "S", "131": "E", "123": "W", "119": "N", "113": "E", "100": "W", "97": "S", "95": "E", "93": "W", "90": "S", "52": "E", "19": "N", "12": "W", "2": "E"}, {"5": "N", "153": "N", "78": "N", "14": "N", "11": "S", "54": "E", "105": "N", "18": "N", "142": "N", "94": "E", "77": "W", "147": "N", "107": "S", "99": "N", "16": "N", "98": "S", "65": "E", "57": "N", "31": "N", "120": "E", "17": "N", "158": "N", "69": "N", "1": "N", "92": "E", "67": "N", "132": "W", "40": "N", "96": "W", "3": "N", "155": "N", "126": "W", "24": "N", "27": "N", "146": "N", "124": "E", "104": "N", "135": "E", "133": "N", "103": "W", "73": "N", "134": "N", "111": "W", "86": "N", "83": "E", "50": "N", "23": "E", "130": "W", "115": "N", "91": "N", "43": "W", "28": "S", "149": "S", "75": "E", "74": "E", "59": "E", "49": "N", "29": "N", "150": "N", "148": "N", "121": "W", "108": "E", "87": "W", "63": "S", "160": "S", "136": "S", "110": "W", "109": "S", "76": "W", "71": "N", "70": "N", "66": "E", "45": "S", "34": "S", "102": "S", "51": "E", "161": "E", "159": "S", "138": "W", "137": "N", "129": "N", "125": "N", "112": "E", "101": "N", "81": "N", "47": "W", "35": "S", "30": "W", "13": "W", "154": "E", "152": "S", "145": "E", "122": "S", "118": "S", "82": "S", "68": "N", "64": "W", "62": "E", "39": "E", "37": "S", "32": "W", "20": "N", "15": "N", "8": "W", "157": "S", "144": "W", "123": "W", "119": "W", "113": "S", "106": "W", "100": "S", "97": "S", "95": "E", "93": "W", "90": "S", "52": "N", "19": "W", "12": "W"}, {"5": "N", "153": "N", "78": "N", "14": "N", "11": "S", "54": "N", "105": "N", "58": "E", "18": "N", "142": "N", "94": "E", "77": "W", "147": "N", "107": "S", "98": "S", "57": "N", "120": "E", "17": "N", "158": "E", "69": "N", "10": "W", "1": "N", "92": "E", "67": "N", "132": "N", "88": "N", "44": "S", "40": "N", "96": "N", "3": "N", "155": "N", "126": "N", "4": "N", "24": "N", "27": "E", "146": "N", "124": "E", "104": "E", "135": "E", "103": "N", "73": "N", "134": "N", "111": "W", "86": "E", "83": "E", "72": "S", "50": "W", "23": "S", "130": "N", "115": "N", "43": "W", "28": "W", "149": "W", "74": "E", "59": "E", "49": "E", "9": "S", "156": "W", "150": "N", "148": "N", "121": "W", "108": "E", "114": "N", "63": "S", "160": "S", "141": "S", "136": "E", "109": "S", "76": "W", "71": "N", "70": "N", "66": "E", "45": "W", "34": "S", "21": "S", "102": "W", "161": "E", "159": "S", "138": "S", "129": "N", "125": "E", "112": "E", "101": "W", "81": "E", "47": "N", "35": "S", "30": "W", "13": "S", "154": "E", "152": "S", "145": "E", "122": "E", "118": "S", "82": "W", "68": "N", "64": "W", "46": "N", "39": "S", "37": "S", "36": "N", "33": "W", "32": "W", "26": "S", "20": "E", "15": "E", "157": "S", "131": "E", "119": "W", "100": "W", "97": "E", "95": "E", "90": "S", "60": "S", "52": "N", "19": "W"}, {"5": "N", "153": "E", "14": "N", "11": "E", "54": "N", "58": "S", "18": "N", "142": "N", "94": "E", "77": "N", "147": "N", "107": "S", "140": "E", "98": "W", "57": "N", "143": "W", "120": "E", "17": "E", "158": "S", "10": "S", "1": "N", "6": "S", "132": "N", "44": "S", "40": "N", "96": "N", "3": "N", "155": "N", "127": "N", "126": "N", "4": "N", "24": "N", "146": "N", "124": "E", "104": "E", "135": "S", "133": "W", "103": "N", "85": "N", "73": "N", "56": "W", "41": "W", "0": "W", "134": "N", "111": "W", "86": "E", "83": "E", "72": "W", "50": "W", "23": "S", "130": "N", "115": "N", "43": "W", "28": "W", "149": "W", "75": "W", "74": "E", "59": "E", "49": "S", "29": "E", "150": "N", "148": "N", "121": "W", "108": "E", "48": "W", "114": "N", "63": "S", "160": "S", "141": "S", "136": "E", "109": "S", "76": "W", "71": "N", "70": "N", "66": "E", "34": "S", "21": "S", "102": "S", "51": "S", "161": "E", "159": "S", "138": "S", "137": "W", "129": "N", "112": "E", "81": "S", "47": "E", "35": "S", "30": "W", "13": "S", "154": "E", "152": "S", "122": "S", "118": "S", "82": "S", "68": "E", "64": "W", "62": "N", "46": "E", "39": "E", "37": "S", "36": "N", "32": "W", "26": "S", "20": "N", "15": "E", "157": "S", "131": "S", "119": "W", "100": "W", "97": "S", "95": "E", "90": "S", "84": "S", "60": "S", "52": "N", "19": "W", "12": "S"}, {"5": "N", "153": "E", "14": "N", "11": "N", "54": "N", "58": "S", "18": "N", "42": "E", "142": "W", "94": "E", "77": "N", "147": "N", "107": "S", "98": "W", "57": "N", "120": "N", "17": "E", "158": "S", "69": "N", "10": "S", "92": "E", "67": "N", "132": "N", "88": "N", "44": "S", "40": "N", "96": "N", "3": "E", "155": "N", "151": "N", "127": "E", "126": "N", "4": "E", "24": "N", "146": "N", "128": "S", "124": "N", "135": "S", "133": "W", "103": "N", "85": "N", "73": "N", "134": "N", "111": "W", "86": "E", "83": "E", "72": "W", "50": "W", "23": "E", "130": "N", "115": "N", "43": "W", "28": "W", "149": "W", "75": "S", "74": "E", "59": "E", "9": "W", "150": "N", "148": "N", "108": "E", "63": "S", "160": "E", "141": "S", "136": "E", "109": "S", "79": "E", "76": "W", "71": "E", "70": "N", "66": "S", "34": "E", "21": "E", "102": "S", "51": "S", "161": "E", "159": "E", "138": "S", "129": "E", "125": "E", "112": "E", "81": "S", "61": "W", "47": "E", "35": "S", "30": "S", "13": "S", "154": "E", "152": "S", "122": "E", "118": "S", "89": "N", "82": "S", "68": "E", "46": "E", "39": "E", "37": "S", "36": "E", "32": "W", "26": "S", "25": "N", "20": "E", "8": "E", "157": "S", "131": "W", "119": "W", "113": "W", "97": "E", "84": "S", "60": "S", "52": "N", "19": "W", "12": "W", "2": "E"}, {"5": "N", "153": "E", "78": "N", "14": "W", "11": "N", "54": "W", "58": "S", "18": "N", "42": "E", "142": "W", "94": "E", "77": "N", "147": "N", "107": "S", "98": "W", "120": "N", "17": "E", "158": "S", "69": "N", "10": "W", "1": "N", "92": "E", "132": "N", "88": "N", "44": "E", "96": "N", "3": "E", "155": "N", "151": "E", "139": "N", "127": "N", "126": "N", "4": "E", "24": "N", "27": "N", "146": "N", "128": "W", "124": "N", "135": "S", "133": "W", "103": "N", "85": "N", "73": "N", "41": "N", "134": "N", "111": "N", "86": "E", "83": "S", "50": "W", "23": "S", "130": "N", "115": "N", "91": "E", "43": "W", "28": "W", "149": "W", "75": "E", "74": "E", "59": "S", "49": "W", "9": "W", "108": "E", "87": "S", "53": "W", "63": "S", "160": "E", "141": "W", "136": "E", "109": "S", "79": "N", "76": "N", "70": "W", "66": "E", "45": "W", "34": "E", "21": "E", "102": "S", "51": "S", "161": "E", "159": "S", "138": "S", "137": "W", "112": "E", "81": "E", "61": "N", "35": "S", "30": "W", "13": "S", "154": "E", "152": "S", "145": "S", "122": "E", "118": "S", "117": "E", "89": "N", "82": "W", "68": "E", "62": "W", "55": "N", "46": "N", "39": "E", "37": "S", "36": "E", "33": "E", "32": "S", "26": "S", "25": "W", "20": "E", "8": "N", "157": "S", "131": "S", "119": "W", "100": "S", "97": "S", "95": "E", "93": "N", "84": "S", "60": "S", "52": "N", "19": "S", "12": "S", "2": "E"}, {"5": "N", "153": "E", "78": "E", "14": "W", "11": "E", "54": "W", "105": "W", "58": "S", "18": "N", "42": "E", "142": "N", "94": "N", "116": "E", "77": "W", "147": "E", "99": "E", "140": "E", "98": "S", "65": "W", "120": "N", "17": "N", "158": "S", "10": "W", "1": "N", "92": "E", "132": "N", "88": "E", "44": "S", "96": "N", "3": "S", "155": "N", "151": "E", "139": "N", "127": "N", "126": "N", "4": "S", "24": "N", "27": "N", "146": "W", "128": "W", "124": "N", "135": "S", "133": "N", "103": "N", "85": "N", "73": "N", "41": "W", "0": "W", "134": "N", "111": "N", "86": "E", "83": "S", "50": "W", "23": "S", "130": "N", "91": "E", "43": "W", "28": "W", "149": "W", "75": "E", "74": "E", "59": "S", "150": "W", "108": "E", "53": "S", "63": "S", "160": "E", "141": "S", "136": "E", "110": "W", "109": "E", "79": "N", "76": "W", "71": "S", "70": "N", "66": "E", "45": "N", "34": "E", "21": "E", "102": "S", "51": "S", "161": "N", "159": "E", "138": "S", "137": "S", "112": "E", "47": "S", "35": "S", "30": "W", "13": "S", "154": "E", "152": "S", "145": "E", "122": "S", "118": "S", "89": "N", "82": "S", "68": "N", "55": "N", "46": "N", "39": "E", "37": "S", "36": "N", "26": "S", "20": "N", "8": "N", "7": "W", "157": "S", "131": "S", "123": "W", "119": "N", "113": "N", "97": "E", "95": "S", "93": "W", "84": "S", "60": "E", "52": "N", "19": "S", "12": "S", "2": "E"}, {"153": "E", "78": "E", "14": "W", "11": "E", "54": "W", "105": "S", "58": "E", "22": "E", "18": "N", "42": "E", "142": "N", "94": "N", "116": "E", "77": "W", "38": "E", "147": "E", "99": "E", "140": "E", "98": "W", "65": "W", "120": "N", "17": "N", "158": "S", "10": "S", "1": "E", "92": "E", "67": "N", "132": "N", "88": "E", "44": "E", "96": "N", "3": "S", "155": "N", "151": "N", "139": "E", "127": "N", "126": "N", "4": "S", "24": "N", "27": "W", "146": "W", "128": "W", "124": "N", "135": "S", "133": "N", "103": "N", "85": "N", "41": "N", "111": "N", "86": "E", "83": "S", "50": "W", "23": "E", "130": "W", "115": "S", "91": "E", "43": "N", "28": "W", "75": "E", "74": "E", "59": "S", "29": "N", "156": "W", "150": "W", "121": "S", "108": "E", "87": "W", "53": "W", "114": "W", "63": "S", "160": "E", "141": "W", "136": "E", "110": "W", "109": "E", "79": "N", "76": "W", "71": "E", "70": "W", "66": "E", "34": "E", "21": "E", "102": "S", "51": "S", "161": "N", "159": "E", "138": "S", "137": "S", "112": "E", "101": "N", "47": "S", "35": "E", "30": "S", "13": "S", "154": "E", "152": "S", "145": "E", "122": "S", "118": "S", "89": "N", "82": "S", "68": "N", "64": "N", "62": "E", "55": "W", "46": "E", "39": "E", "37": "S", "36": "E", "26": "S", "20": "N", "8": "E", "157": "E", "144": "N", "131": "W", "123": "N", "97": "E", "95": "E", "93": "N", "90": "E", "84": "S", "60": "E", "52": "N", "19": "S", "12": "W", "2": "E"}, {"5": "N", "153": "N", "78": "E", "14": "W", "11": "E", "54": "W", "105": "S", "58": "E", "22": "S", "18": "E", "42": "E", "142": "N", "94": "N", "116": "E", "77": "N", "38": "E", "147": "N", "99": "E", "16": "N", "140": "E", "98": "W", "65": "W", "31": "E", "143": "N", "120": "N", "17": "N", "158": "S", "10": "W", "1": "E", "92": "E", "132": "N", "80": "N", "40": "S", "96": "N", "3": "S", "155": "N", "151": "E", "139": "E", "127": "N", "126": "N", "4": "E", "24": "E", "27": "W", "146": "N", "128": "W", "124": "N", "135": "E", "133": "W", "103": "W", "85": "W", "73": "N", "56": "N", "41": "N", "0": "N", "134": "N", "111": "W", "86": "E", "83": "S", "50": "W", "23": "S", "130": "W", "115": "S", "91": "N", "43": "N", "28": "N", "75": "E", "74": "S", "59": "S", "150": "S", "108": "S", "53": "S", "48": "W", "63": "S", "160": "E", "141": "S", "136": "E", "110": "W", "109": "E", "79": "N", "76": "W", "71": "N", "70": "N", "66": "E", "34": "S", "21": "E", "102": "S", "51": "S", "161": "E", "159": "E", "138": "W", "137": "S", "112": "N", "81": "N", "47": "E", "35": "S", "30": "W", "13": "S", "154": "S", "152": "S", "145": "S", "122": "E", "118": "S", "89": "N", "82": "S", "68": "E", "64": "N", "62": "N", "55": "W", "46": "E", "39": "E", "37": "S", "36": "E", "26": "S", "25": "N", "20": "E", "8": "N", "157": "E", "131": "S", "123": "N", "97": "E", "95": "E", "93": "N", "90": "E", "84": "E", "60": "S", "52": "N", "19": "S", "2": "E"}, {"5": "N", "153": "N", "78": "E", "14": "W", "11": "E", "54": "N", "105": "S", "58": "S", "22": "S", "18": "N", "42": "E", "142": "N", "94": "N", "116": "E", "77": "N", "38": "E", "147": "E", "99": "E", "140": "E", "98": "W", "65": "W", "31": "N", "120": "N", "17": "N", "158": "S", "10": "W", "1": "E", "92": "E", "67": "E", "132": "N", "88": "E", "80": "N", "40": "W", "96": "N", "3": "S", "155": "E", "151": "E", "139": "E", "127": "N", "126": "N", "4": "E", "24": "E", "27": "W", "146": "N", "128": "W", "124": "N", "135": "S", "133": "W", "103": "W", "85": "W", "73": "N", "56": "N", "41": "W", "0": "N", "134": "N", "111": "W", "86": "E", "83": "S", "50": "N", "23": "S", "130": "W", "115": "S", "91": "E", "43": "N", "28": "W", "149": "W", "75": "E", "74": "S", "59": "S", "49": "N", "156": "W", "150": "E", "53": "W", "48": "W", "63": "S", "160": "E", "141": "W", "136": "E", "110": "W", "109": "E", "79": "W", "76": "W", "71": "E", "70": "N", "66": "N", "45": "N", "34": "E", "21": "E", "102": "S", "51": "S", "161": "E", "159": "E", "138": "W", "137": "E", "112": "E", "101": "S", "47": "E", "35": "S", "30": "W", "13": "S", "154": "E", "152": "E", "145": "E", "122": "E", "118": "S", "117": "N", "89": "W", "82": "S", "68": "N", "64": "W", "55": "W", "46": "E", "39": "S", "37": "S", "36": "E", "26": "S", "20": "E", "157": "E", "131": "S", "97": "E", "95": "E", "93": "W", "90": "S", "84": "E", "60": "E", "52": "N", "2": "E"}, {"153": "N", "78": "N", "14": "W", "11": "E", "54": "N", "105": "S", "58": "S", "22": "S", "18": "N", "42": "E", "142": "W", "94": "N", "116": "E", "77": "N", "38": "E", "147": "E", "99": "E", "16": "E", "140": "E", "98": "W", "65": "W", "57": "W", "31": "N", "143": "E", "120": "W", "17": "N", "158": "S", "69": "S", "10": "W", "1": "S", "92": "E", "67": "E", "6": "W", "132": "N", "88": "S", "80": "N", "40": "W", "96": "N", "3": "S", "155": "N", "151": "E", "139": "E", "127": "E", "126": "N", "4": "E", "24": "E", "27": "S", "146": "W", "128": "N", "104": "W", "135": "S", "133": "W", "103": "W", "85": "W", "56": "N", "41": "W", "0": "N", "134": "E", "111": "N", "86": "E", "83": "E", "72": "W", "50": "N", "23": "W", "130": "W", "115": "W", "91": "E", "43": "W", "28": "W", "149": "W", "74": "S", "59": "E", "49": "E", "150": "N", "148": "W", "121": "E", "108": "E", "53": "W", "63": "S", "160": "E", "141": "W", "136": "E", "110": "N", "109": "S", "79": "W", "76": "W", "70": "W", "66": "E", "34": "E", "21": "E", "102": "S", "51": "S", "161": "E", "159": "S", "138": "S", "112": "N", "61": "N", "47": "E", "35": "E", "30": "W", "13": "S", "154": "S", "152": "S", "145": "S", "122": "E", "118": "S", "89": "W", "82": "S", "68": "N", "64": "W", "62": "N", "46": "N", "39": "E", "37": "E", "36": "N", "33": "W", "26": "S", "25": "W", "20": "E", "8": "N", "157": "E", "131": "S", "97": "S", "95": "E", "93": "W", "84": "E", "60": "S", "52": "N", "19": "N", "2": "E"}, {"5": "N", "153": "N", "78": "N", "14": "W", "11": "N", "54": "N", "105": "S", "58": "S", "22": "S", "18": "N", "42": "E", "142": "W", "94": "N", "116": "E", "77": "N", "38": "E", "147": "S", "99": "E", "16": "E", "140": "E", "98": "W", "65": "N", "57": "S", "31": "E", "143": "E", "120": "W", "17": "N", "158": "S", "69": "S", "10": "W", "1": "S", "92": "E", "67": "E", "6": "W", "132": "N", "88": "S", "80": "N", "40": "N", "3": "S", "155": "N", "151": "E", "139": "E", "127": "E", "4": "E", "24": "E", "27": "S", "146": "N", "124": "E", "104": "W", "135": "E", "133": "W", "103": "W", "85": "W", "73": "N", "56": "N", "41": "N", "0": "N", "134": "N", "111": "N", "86": "E", "83": "S", "72": "N", "50": "W", "23": "W", "130": "N", "115": "S", "91": "E", "43": "W", "28": "N", "74": "S", "59": "S", "49": "S", "29": "N", "150": "E", "148": "W", "121": "N", "108": "S", "87": "W", "53": "W", "63": "S", "160": "E", "141": "W", "136": "E", "109": "E", "79": "W", "76": "S", "70": "W", "66": "E", "45": "W", "34": "E", "21": "E", "102": "S", "51": "S", "161": "S", "159": "E", "138": "S", "137": "S", "112": "E", "61": "N", "47": "E", "35": "E", "30": "W", "13": "S", "154": "E", "152": "S", "145": "E", "122": "E", "118": "S", "89": "W", "82": "S", "68": "E", "64": "N", "62": "E", "55": "W", "46": "E", "39": "S", "37": "S", "36": "E", "33": "N", "26": "S", "25": "W", "20": "E", "8": "E", "157": "E", "131": "S", "123": "S", "97": "E", "95": "S", "93": "W", "84": "E", "60": "E", "52": "N", "12": "E", "2": "E"}, {"5": "N", "153": "N", "78": "N", "14": "W", "11": "N", "54": "N", "105": "S", "58": "E", "22": "S", "18": "N", "42": "E", "142": "W", "94": "W", "116": "E", "77": "W", "38": "E", "147": "S", "99": "N", "16": "E", "140": "E", "98": "W", "57": "S", "31": "E", "143": "E", "120": "W", "17": "N", "158": "E", "69": "S", "10": "W", "1": "S", "92": "E", "67": "N", "6": "N", "132": "N", "88": "S", "80": "N", "3": "S", "155": "N", "151": "N", "139": "E", "127": "S", "126": "N", "4": "S", "24": "E", "146": "N", "124": "N", "104": "W", "135": "E", "103": "W", "85": "W", "73": "N", "56": "W", "41": "N", "0": "W", "134": "E", "111": "N", "86": "E", "83": "S", "72": "N", "50": "W", "23": "S", "130": "W", "115": "S", "91": "N", "43": "N", "28": "N", "149": "W", "74": "S", "59": "S", "29": "N", "9": "N", "150": "N", "148": "W", "108": "S", "53": "W", "63": "S", "160": "E", "141": "W", "136": "S", "110": "W", "109": "E", "79": "N", "76": "S", "71": "E", "70": "W", "66": "E", "45": "N", "34": "S", "21": "E", "102": "S", "51": "S", "161": "S", "159": "E", "138": "S", "137": "E", "112": "N", "101": "S", "81": "E", "61": "N", "47": "E", "35": "E", "30": "W", "13": "S", "154": "N", "152": "E", "145": "E", "122": "S", "118": "S", "117": "E", "89": "W", "82": "S", "68": "N", "64": "W", "55": "W", "46": "E", "39": "E", "37": "S", "36": "E", "33": "W", "32": "W", "26": "S", "25": "W", "20": "E", "8": "E", "7": "S", "157": "E", "144": "W", "131": "S", "123": "W", "113": "N", "106": "W", "100": "W", "97": "E", "95": "E", "93": "N", "84": "E", "60": "E", "52": "E", "19": "S", "12": "E", "2": "E"}, {"153": "N", "78": "N", "14": "W", "11": "N", "54": "N", "105": "S", "58": "E", "22": "S", "18": "N", "42": "E", "142": "W", "94": "W", "77": "W", "38": "E", "147": "S", "99": "N", "16": "E", "98": "W", "57": "S", "31": "E", "143": "E", "120": "W", "17": "E", "158": "S", "69": "S", "10": "W", "1": "S", "92": "E", "67": "E", "6": "N", "132": "N", "88": "S", "80": "N", "96": "N", "3": "S", "155": "N", "151": "N", "139": "E", "127": "S", "4": "S", "24": "E", "146": "N", "128": "N", "124": "N", "104": "W", "135": "E", "133": "W", "103": "W", "73": "E", "56": "W", "0": "N", "134": "E", "111": "N", "86": "E", "83": "E", "72": "N", "50": "W", "23": "W", "130": "W", "115": "S", "91": "N", "43": "N", "28": "W", "149": "N", "74": "E", "59": "E", "9": "N", "150": "E", "148": "S", "108": "S", "53": "W", "48": "W", "114": "W", "63": "S", "160": "E", "141": "W", "136": "S", "110": "W", "109": "S", "76": "W", "71": "N", "70": "W", "66": "E", "45": "N", "34": "E", "21": "E", "102": "S", "51": "S", "159": "S", "138": "S", "137": "E", "129": "W", "112": "N", "81": "S", "47": "E", "35": "E", "30": "W", "13": "S", "154": "E", "152": "S", "145": "E", "122": "E", "118": "S", "117": "S", "89": "N", "82": "W", "68": "N", "64": "N", "55": "S", "46": "E", "39": "E", "37": "E", "33": "N", "26": "S", "20": "E", "8": "E", "7": "S", "131": "S", "123": "W", "113": "W", "97": "S", "95": "S", "93": "W", "90": "W", "84": "E", "60": "E", "52": "E", "2": "E"}, {"5": "N", "153": "W", "78": "N", "14": "W", "11": "N", "54": "N", "105": "S", "58": "E", "22": "S", "18": "N", "142": "N", "94": "W", "77": "W", "38": "N", "147": "S", "99": "N", "16": "E", "98": "W", "57": "S", "31": "E", "143": "N", "120": "W", "17": "N", "158": "E", "69": "S", "10": "W", "1": "S", "92": "E", "67": "N", "132": "N", "88": "S", "80": "E", "40": "N", "3": "S", "155": "N", "151": "N", "139": "N", "127": "S", "4": "S", "146": "W", "128": "N", "124": "N", "104": "W", "135": "E", "133": "W", "103": "N", "73": "E", "56": "N", "41": "N", "0": "N", "134": "S", "111": "W", "86": "E", "83": "E", "72": "W", "50": "W", "23": "W", "130": "W", "115": "S", "91": "N", "43": "N", "28": "W", "149": "N", "74": "S", "59": "E", "9": "W", "156": "S", "150": "N", "148": "S", "108": "S", "87": "E", "53": "W", "48": "N", "63": "S", "160": "S", "141": "W", "136": "S", "110": "W", "109": "E", "76": "W", "71": "N", "70": "W", "66": "E", "34": "E", "21": "S", "102": "S", "51": "S", "159": "E", "138": "S", "137": "N", "129": "S", "112": "N", "81": "S", "47": "E", "35": "S", "30": "S", "13": "S", "154": "N", "152": "W", "145": "E", "122": "S", "118": "S", "117": "S", "89": "W", "82": "S", "68": "E", "64": "W", "46": "E", "39": "E", "37": "S", "36": "N", "33": "N", "26": "S", "25": "N", "20": "S", "8": "E", "7": "E", "144": "N", "131": "W", "123": "N", "113": "N", "97": "E", "93": "W", "90": "W", "84": "E", "60": "E", "52": "N", "12": "N", "2": "N"}, {"5": "E", "153": "W", "78": "N", "14": "W", "11": "N", "105": "E", "58": "S", "22": "S", "18": "N", "142": "N", "94": "W", "77": "W", "38": "N", "147": "S", "99": "N", "16": "E", "98": "W", "57": "S", "31": "E", "143": "E", "120": "W", "17": "N", "158": "E", "69": "S", "10": "W", "1": "S", "92": "E", "67": "N", "6": "S", "132": "N", "88": "S", "80": "E", "3": "S", "155": "N", "151": "N", "139": "N", "127": "E", "4": "E", "27": "S", "146": "W", "128": "N", "124": "N", "135": "E", "133": "W", "103": "W", "85": "W", "73": "E", "56": "N", "41": "N", "0": "N", "134": "S", "111": "W", "83": "E", "72": "N", "50": "W", "23": "W", "115": "S", "91": "N", "43": "N", "28": "W", "149": "W", "75": "S", "74": "S", "59": "E", "29": "N", "9": "N", "156": "E", "150": "E", "148": "S", "108": "E", "87": "S", "53": "W", "48": "E", "63": "S", "160": "S", "141": "W", "136": "S", "110": "W", "109": "E", "76": "W", "71": "E", "70": "W", "66": "S", "45": "S", "34": "E", "21": "S", "102": "S", "51": "S", "161": "E", "159": "E", "138": "W", "137": "N", "129": "S", "112": "N", "101": "S", "61": "S", "47": "E", "35": "S", "30": "S", "13": "S", "154": "E", "152": "W", "145": "E", "122": "E", "118": "S", "89": "W", "82": "S", "68": "N", "64": "W", "62": "S", "55": "W", "46": "E", "39": "E", "37": "S", "36": "E", "26": "S", "20": "E", "8": "N", "7": "E", "157": "S", "144": "E", "131": "S", "123": "W", "113": "W", "97": "E", "93": "W", "90": "S", "84": "E", "60": "E", "52": "N", "12": "W", "2": "E"}, {"5": "E", "153": "W", "78": "W", "14": "N", "11": "N", "54": "W", "105": "E", "58": "S", "22": "S", "18": "W", "142": "N", "94": "W", "77": "N", "38": "N", "147": "S", "99": "N", "16": "E", "98": "W", "57": "E", "31": "E", "143": "E", "120": "W", "17": "N", "69": "S", "10": "W", "1": "S", "92": "E", "67": "N", "6": "S", "132": "N", "88": "S", "80": "S", "3": "S", "155": "E", "151": "E", "139": "E", "127": "E", "4": "E", "27": "S", "146": "W", "128": "W", "124": "N", "104": "E", "135": "N", "133": "W", "103": "W", "85": "N", "73": "S", "56": "W", "41": "W", "0": "W", "134": "S", "111": "W", "83": "E", "72": "N", "50": "S", "23": "S", "130": "W", "115": "W", "91": "N", "43": "W", "28": "W", "149": "W", "74": "E", "59": "E", "49": "E", "29": "E", "9": "N", "150": "E", "148": "S", "108": "S", "87": "W", "53": "W", "48": "E", "114": "E", "63": "S", "160": "S", "141": "W", "136": "S", "110": "W", "109": "E", "76": "W", "71": "E", "70": "W", "66": "E", "34": "E", "21": "S", "102": "S", "51": "S", "161": "E", "159": "E", "138": "S", "137": "E", "129": "S", "112": "N", "81": "S", "61": "S", "47": "E", "35": "E", "30": "W", "13": "S", "154": "E", "152": "W", "145": "E", "122": "E", "118": "S", "89": "W", "82": "S", "68": "N", "64": "W", "62": "S", "55": "S", "46": "E", "39": "E", "37": "E", "36": "E", "33": "N", "26": "S", "25": "W", "20": "E", "8": "E", "7": "E", "157": "E", "144": "S", "131": "S", "123": "W", "113": "W", "106": "W", "97": "E", "95": "E", "93": "N", "90": "S", "84": "E", "60": "E", "52": "E", "12": "W", "2": "E"}, {"5": "E", "153": "W", "78": "W", "11": "N", "54": "W", "105": "E", "58": "S", "22": "S", "18": "W", "142": "N", "94": "W", "77": "N", "38": "N", "147": "S", "99": "E", "16": "N", "140": "N", "98": "W", "57": "E", "31": "N", "143": "N", "120": "W", "17": "N", "69": "S", "10": "W", "1": "S", "92": "S", "67": "N", "6": "S", "132": "N", "88": "S", "80": "S", "3": "E", "155": "N", "151": "E", "139": "E", "127": "E", "4": "E", "24": "E", "146": "N", "128": "W", "124": "N", "104": "E", "135": "N", "133": "W", "103": "W", "85": "N", "73": "S", "41": "N", "0": "W", "134": "S", "111": "W", "83": "E", "72": "W", "50": "S", "23": "W", "130": "S", "115": "W", "91": "N", "43": "W", "28": "S", "149": "W", "74": "E", "59": "E", "49": "E", "29": "E", "9": "W", "150": "N", "148": "S", "108": "S", "53": "W", "48": "E", "114": "E", "63": "E", "160": "S", "141": "W", "136": "E", "109": "E", "76": "W", "71": "N", "70": "W", "66": "E", "45": "W", "34": "N", "21": "S", "102": "S", "51": "S", "161": "E", "159": "E", "138": "S", "137": "S", "129": "S", "112": "N", "81": "S", "61": "S", "47": "E", "35": "E", "30": "W", "13": "S", "154": "E", "152": "W", "145": "E", "122": "E", "118": "E", "117": "W", "89": "W", "82": "S", "68": "N", "64": "W", "62": "E", "46": "E", "39": "E", "37": "S", "36": "E", "33": "E", "32": "E", "26": "S", "25": "W", "20": "S", "8": "E", "7": "S", "157": "E", "131": "S", "123": "W", "106": "N", "100": "E", "97": "E", "95": "E", "93": "N", "90": "W", "84": "E", "60": "E", "52": "N", "12": "N"}, {"5": "S", "153": "W", "78": "W", "11": "N", "54": "W", "105": "E", "58": "E", "22": "E", "18": "W", "142": "N", "94": "W", "77": "N", "38": "N", "147": "S", "99": "N", "16": "N", "140": "E", "98": "W", "57": "E", "31": "N", "143": "N", "120": "W", "17": "N", "69": "S", "10": "W", "1": "S", "67": "N", "6": "E", "132": "N", "88": "S", "80": "S", "3": "E", "155": "N", "151": "E", "139": "E", "127": "S", "4": "E", "24": "E", "146": "W", "128": "S", "124": "E", "104": "E", "135": "N", "133": "W", "103": "W", "85": "W", "73": "S", "56": "N", "41": "N", "134": "S", "111": "N", "83": "N", "72": "W", "50": "S", "23": "W", "130": "W", "91": "N", "43": "W", "28": "S", "149": "W", "75": "N", "74": "E", "29": "E", "9": "W", "156": "S", "150": "N", "148": "S", "108": "E", "53": "W", "48": "E", "114": "N", "63": "E", "160": "S", "141": "W", "136": "S", "109": "N", "76": "W", "71": "N", "70": "W", "66": "E", "34": "E", "21": "S", "102": "S", "51": "S", "161": "S", "159": "E", "138": "S", "129": "E", "112": "N", "101": "E", "61": "S", "47": "S", "35": "E", "30": "W", "13": "S", "154": "E", "152": "W", "145": "E", "122": "E", "118": "E", "117": "W", "89": "W", "82": "S", "68": "E", "64": "W", "46": "S", "39": "E", "37": "W", "36": "S", "33": "N", "26": "S", "25": "S", "20": "S", "8": "E", "7": "S", "157": "E", "131": "S", "123": "W", "106": "N", "97": "E", "95": "E", "93": "W", "90": "S", "84": "S", "60": "E", "52": "N", "12": "N", "2": "S"}, {"5": "S", "153": "W", "78": "W", "11": "N", "54": "W", "105": "E", "58": "E", "22": "E", "18": "W", "142": "N", "94": "W", "77": "N", "38": "N", "147": "S", "16": "N", "140": "E", "98": "W", "57": "E", "31": "N", "143": "N", "120": "W", "17": "N", "69": "S", "10": "W", "1": "S", "67": "E", "6": "E", "132": "E", "88": "S", "80": "E", "3": "E", "155": "N", "151": "E", "139": "S", "127": "S", "4": "E", "146": "W", "128": "S", "104": "E", "135": "N", "133": "W", "85": "W", "73": "S", "56": "N", "41": "W", "0": "N", "134": "S", "111": "N", "83": "N", "72": "W", "50": "S", "23": "W", "130": "W", "91": "E", "43": "W", "28": "S", "149": "W", "74": "E", "59": "E", "29": "N", "9": "S", "150": "N", "108": "E", "87": "N", "53": "W", "48": "E", "114": "E", "63": "E", "160": "E", "141": "W", "136": "S", "109": "E", "76": "W", "71": "N", "70": "W", "66": "E", "45": "E", "34": "E", "21": "E", "102": "E", "51": "E", "161": "E", "159": "E", "138": "S", "129": "S", "112": "E", "101": "S", "81": "W", "47": "S", "35": "E", "30": "W", "13": "S", "154": "E", "152": "S", "145": "E", "122": "E", "118": "E", "89": "W", "82": "E", "68": "E", "64": "W", "62": "N", "46": "S", "39": "N", "37": "W", "36": "S", "33": "N", "26": "S", "25": "S", "20": "E", "15": "W", "8": "E", "7": "S", "157": "E", "144": "W", "131": "S", "123": "N", "113": "N", "106": "N", "100": "W", "97": "E", "95": "E", "93": "W", "90": "S", "84": "S", "60": "E", "52": "N", "12": "W", "2": "W"}, {"5": "S", "153": "W", "78": "W", "11": "N", "54": "W", "105": "E", "58": "E", "22": "E", "18": "W", "142": "N", "94": "W", "77": "N", "38": "W", "147": "S", "99": "W", "16": "N", "140": "S", "98": "W", "57": "E", "31": "N", "143": "N", "120": "W", "17": "N", "10": "W", "1": "E", "67": "N", "6": "E", "132": "E", "88": "S", "80": "E", "40": "E", "3": "E", "155": "N", "151": "E", "139": "S", "127": "S", "4": "E", "27": "E", "146": "W", "128": "S", "104": "E", "135": "N", "133": "W", "85": "W", "73": "S", "56": "W", "41": "N", "0": "W", "134": "S", "111": "N", "83": "N", "50": "S", "23": "S", "130": "W", "115": "N", "91": "N", "43": "N", "28": "S", "149": "S", "74": "E", "59": "E", "29": "N", "9": "W", "150": "N", "148": "W", "108": "E", "87": "E", "53": "W", "48": "N", "114": "E", "63": "E", "160": "S", "141": "W", "136": "E", "109": "E", "76": "W", "71": "N", "70": "W", "66": "E", "34": "E", "21": "S", "102": "E", "51": "E", "161": "E", "159": "E", "138": "S", "137": "N", "129": "E", "112": "N", "101": "W", "81": "N", "61": "W", "47": "S", "35": "E", "30": "W", "13": "E", "154": "E", "152": "S", "145": "S", "122": "E", "89": "N", "82": "E", "68": "S", "64": "W", "62": "E", "46": "S", "39": "E", "37": "W", "36": "E", "33": "E", "26": "E", "25": "S", "20": "E", "15": "S", "8": "E", "7": "E", "157": "E", "131": "S", "123": "W", "113": "E", "106": "N", "100": "S", "97": "E", "95": "E", "93": "W", "90": "S", "84": "S", "52": "N", "12": "W"}, {"5": "S", "153": "W", "78": "W", "11": "N", "54": "W", "105": "E", "58": "E", "22": "E", "18": "W", "142": "N", "94": "W", "77": "N", "38": "W", "99": "W", "16": "N", "98": "W", "57": "E", "31": "N", "143": "N", "120": "W", "17": "N", "10": "W", "1": "E", "67": "E", "6": "E", "132": "E", "88": "S", "80": "E", "40": "E", "96": "E", "3": "E", "155": "N", "151": "E", "139": "S", "127": "E", "126": "E", "4": "E", "27": "S", "146": "W", "135": "N", "133": "W", "103": "W", "85": "W", "73": "S", "56": "W", "41": "W", "0": "W", "134": "S", "111": "N", "83": "N", "72": "W", "50": "S", "23": "S", "130": "W", "115": "W", "91": "E", "43": "N", "28": "S", "149": "S", "75": "N", "74": "N", "59": "N", "29": "N", "9": "W", "150": "N", "148": "W", "108": "E", "87": "S", "53": "W", "114": "E", "63": "E", "160": "S", "141": "W", "136": "E", "109": "E", "76": "W", "71": "N", "70": "S", "66": "N", "34": "E", "21": "S", "102": "E", "51": "E", "161": "E", "159": "E", "138": "S", "137": "W", "129": "E", "112": "E", "61": "S", "47": "S", "35": "E", "30": "W", "13": "E", "154": "N", "152": "S", "145": "S", "122": "E", "117": "N", "89": "N", "82": "E", "68": "S", "64": "N", "62": "N", "46": "S", "39": "N", "37": "W", "36": "S", "33": "E", "20": "S", "15": "S", "8": "E", "7": "E", "157": "E", "144": "N", "131": "S", "123": "W", "113": "E", "106": "E", "100": "S", "97": "E", "95": "E", "93": "W", "90": "S", "84": "S", "60": "E", "52": "N", "12": "W"}, {"5": "S", "153": "W", "78": "W", "11": "N", "54": "W", "105": "E", "58": "E", "22": "E", "18": "W", "142": "E", "94": "W", "77": "N", "38": "W", "99": "W", "16": "N", "98": "N", "57": "E", "31": "N", "143": "N", "120": "W", "17": "W", "10": "W", "1": "E", "6": "E", "132": "N", "88": "E", "80": "S", "40": "E", "96": "E", "3": "E", "155": "N", "151": "E", "139": "E", "127": "E", "4": "E", "146": "W", "128": "E", "135": "N", "133": "S", "103": "N", "85": "W", "73": "S", "56": "W", "41": "W", "0": "W", "134": "S", "111": "N", "83": "N", "72": "N", "50": "W", "23": "S", "130": "W", "115": "W", "91": "N", "43": "N", "28": "W", "149": "S", "74": "N", "59": "N", "29": "N", "9": "W", "148": "W", "121": "W", "108": "E", "53": "W", "114": "E", "63": "E", "160": "E", "141": "W", "136": "E", "109": "E", "76": "W", "71": "N", "70": "S", "66": "E", "45": "S", "34": "E", "21": "E", "102": "E", "51": "E", "161": "S", "159": "E", "138": "S", "129": "E", "125": "W", "112": "N", "47": "S", "35": "E", "30": "W", "13": "E", "154": "N", "152": "S", "145": "S", "122": "E", "117": "W", "89": "W", "82": "E", "68": "S", "64": "N", "46": "S", "39": "E", "37": "W", "36": "S", "33": "S", "32": "N", "26": "S", "20": "S", "15": "S", "8": "E", "7": "E", "157": "E", "144": "E", "131": "S", "123": "W", "113": "S", "106": "E", "100": "S", "97": "E", "95": "E", "93": "W", "90": "S", "84": "S", "60": "S", "19": "N", "12": "W"}, {"5": "S", "153": "W", "78": "W", "11": "N", "54": "W", "105": "E", "58": "E", "22": "E", "18": "W", "142": "E", "94": "W", "77": "N", "38": "W", "99": "W", "16": "W", "98": "N", "31": "W", "143": "W", "17": "W", "10": "W", "1": "E", "67": "W", "6": "E", "132": "N", "88": "E", "80": "S", "40": "E", "96": "E", "3": "E", "155": "N", "151": "E", "139": "E", "127": "E", "126": "E", "146": "W", "128": "E", "135": "N", "133": "S", "103": "W", "85": "W", "73": "E", "56": "W", "41": "W", "0": "W", "134": "E", "111": "N", "83": "N", "72": "W", "50": "W", "23": "S", "130": "W", "115": "W", "91": "W", "43": "N", "28": "W", "149": "S", "74": "N", "59": "N", "49": "E", "29": "N", "9": "N", "150": "W", "148": "S", "108": "N", "53": "W", "114": "E", "63": "E", "160": "E", "141": "W", "136": "E", "109": "E", "76": "N", "71": "W", "70": "S", "66": "N", "45": "S", "34": "E", "21": "E", "102": "E", "51": "E", "161": "E", "159": "E", "138": "S", "137": "S", "129": "E", "125": "S", "112": "N", "81": "S", "61": "W", "47": "E", "35": "E", "30": "W", "13": "E", "154": "N", "152": "S", "145": "S", "122": "E", "118": "S", "117": "W", "89": "W", "82": "E", "68": "S", "64": "W", "62": "S", "46": "S", "39": "N", "37": "W", "36": "S", "33": "E", "32": "N", "26": "S", "25": "S", "20": "E", "8": "S", "7": "E", "157": "E", "144": "E", "131": "S", "123": "W", "113": "E", "106": "E", "100": "S", "97": "E", "95": "E", "93": "W", "90": "S", "84": "E", "60": "S", "19": "N", "2": "S"}, {"5": "S", "153": "W", "78": "W", "11": "E", "54": "W", "105": "E", "58": "E", "22": "E", "18": "W", "142": "E", "94": "W", "77": "N", "38": "W", "99": "W", "16": "W", "98": "N", "65": "E", "31": "W", "143": "W", "120": "W", "17": "W", "10": "N", "67": "W", "6": "E", "132": "N", "88": "E", "80": "S", "40": "N", "96": "E", "3": "E", "155": "N", "151": "E", "139": "E", "127": "E", "126": "E", "4": "S", "146": "W", "135": "E", "133": "S", "103": "W", "85": "W", "73": "E", "56": "W", "41": "W", "0": "W", "134": "E", "111": "N", "83": "N", "72": "W", "50": "S", "23": "S", "130": "W", "115": "W", "91": "N", "43": "N", "28": "W", "149": "S", "75": "S", "74": "N", "59": "N", "49": "E", "29": "E", "9": "N", "148": "S", "108": "N", "87": "S", "53": "W", "114": "S", "63": "E", "160": "E", "141": "W", "136": "E", "110": "E", "109": "E", "76": "N", "71": "N", "70": "S", "66": "N", "45": "E", "34": "E", "21": "E", "102": "E", "51": "E", "159": "S", "138": "S", "129": "E", "125": "S", "112": "N", "61": "S", "47": "S", "35": "E", "30": "N", "13": "E", "154": "N", "152": "S", "145": "S", "122": "E", "118": "S", "117": "S", "89": "W", "82": "E", "68": "E", "64": "N", "62": "S", "46": "S", "39": "E", "37": "S", "36": "S", "33": "E", "26": "S", "25": "S", "20": "E", "15": "S", "8": "S", "7": "E", "157": "E", "131": "S", "123": "N", "113": "S", "106": "E", "100": "E", "97": "S", "95": "N", "93": "W", "90": "S", "84": "S", "60": "S", "2": "S"}, {"5": "S", "153": "W", "78": "W", "11": "E", "54": "W", "105": "E", "58": "E", "18": "N", "142": "N", "94": "N", "77": "N", "38": "W", "99": "W", "16": "W", "98": "N", "65": "E", "31": "W", "143": "W", "17": "W", "10": "N", "67": "W", "132": "N", "88": "E", "80": "E", "44": "N", "40": "N", "96": "E", "3": "E", "155": "N", "151": "E", "139": "S", "127": "E", "126": "E", "4": "E", "146": "S", "124": "W", "135": "E", "133": "S", "103": "S", "85": "S", "73": "E", "56": "N", "0": "N", "134": "S", "111": "N", "83": "N", "72": "W", "50": "S", "23": "W", "130": "S", "115": "W", "91": "N", "43": "N", "28": "S", "149": "S", "74": "E", "59": "E", "49": "E", "29": "E", "9": "W", "150": "E", "121": "S", "108": "N", "87": "S", "53": "W", "114": "E", "63": "E", "160": "E", "141": "N", "136": "N", "110": "S", "109": "E", "79": "S", "76": "N", "71": "N", "66": "N", "45": "S", "34": "N", "21": "E", "102": "E", "51": "E", "161": "N", "159": "E", "138": "S", "129": "E", "112": "N", "101": "S", "61": "E", "47": "S", "35": "E", "30": "N", "13": "E", "154": "E", "152": "S", "145": "S", "122": "E", "118": "S", "117": "S", "89": "W", "82": "E", "68": "S", "64": "N", "55": "E", "46": "S", "39": "E", "37": "S", "36": "S", "33": "S", "26": "S", "20": "E", "15": "W", "8": "E", "7": "E", "157": "S", "131": "E", "123": "W", "113": "E", "106": "E", "97": "E", "95": "E", "93": "S", "90": "S", "84": "S", "60": "S", "2": "S"}, {"5": "S", "153": "N", "78": "N", "11": "E", "54": "N", "58": "E", "18": "N", "142": "N", "94": "N", "77": "E", "38": "W", "99": "W", "16": "W", "65": "E", "31": "W", "143": "W", "120": "E", "17": "W", "10": "N", "67": "W", "132": "N", "88": "E", "80": "E", "44": "E", "40": "N", "96": "N", "3": "E", "155": "W", "151": "E", "139": "E", "127": "E", "126": "E", "4": "E", "146": "S", "135": "E", "133": "W", "103": "S", "85": "S", "73": "E", "56": "W", "41": "W", "0": "W", "134": "E", "111": "E", "83": "N", "72": "W", "50": "S", "23": "S", "115": "W", "91": "N", "43": "N", "28": "S", "149": "W", "74": "N", "59": "N", "29": "N", "9": "W", "156": "E", "150": "N", "148": "N", "108": "E", "87": "S", "53": "N", "114": "E", "63": "E", "160": "E", "136": "N", "110": "W", "109": "E", "76": "N", "71": "N", "66": "E", "34": "E", "21": "E", "102": "E", "51": "E", "161": "E", "159": "E", "138": "S", "137": "W", "129": "E", "125": "S", "112": "N", "61": "E", "47": "E", "35": "E", "30": "N", "13": "E", "154": "N", "152": "S", "145": "E", "122": "S", "118": "S", "89": "W", "82": "S", "68": "S", "64": "W", "46": "E", "39": "E", "37": "S", "33": "E", "26": "S", "25": "S", "20": "E", "8": "E", "7": "E", "157": "S", "144": "E", "131": "E", "123": "W", "113": "E", "106": "E", "100": "W", "97": "E", "95": "E", "93": "W", "90": "S", "84": "E", "60": "S", "52": "N", "19": "S", "12": "N", "2": "S"}, {"5": "S", "78": "N", "11": "E", "54": "N", "58": "E", "18": "N", "142": "N", "77": "E", "38": "N", "99": "N", "16": "W", "65": "E", "31": "W", "143": "W", "17": "S", "10": "W", "67": "W", "132": "N", "80": "E", "44": "E", "40": "N", "96": "N", "3": "S", "155": "W", "151": "E", "139": "E", "127": "E", "126": "E", "4": "S", "146": "S", "135": "E", "133": "S", "103": "W", "85": "W", "73": "E", "56": "W", "41": "W", "0": "W", "111": "E", "83": "N", "72": "N", "50": "S", "23": "S", "115": "W", "91": "N", "43": "N", "28": "S", "149": "W", "74": "N", "59": "N", "49": "E", "29": "N", "9": "W", "150": "N", "108": "N", "87": "S", "53": "N", "48": "S", "114": "E", "63": "E", "160": "N", "136": "E", "110": "W", "109": "N", "79": "W", "71": "N", "70": "W", "66": "N", "34": "N", "21": "S", "102": "E", "51": "E", "161": "E", "159": "N", "138": "S", "129": "E", "125": "S", "112": "N", "61": "E", "47": "E", "35": "E", "30": "W", "13": "E", "154": "E", "152": "W", "145": "S", "122": "E", "89": "W", "82": "S", "68": "E", "64": "W", "62": "S", "55": "N", "46": "E", "39": "E", "37": "S", "36": "W", "33": "S", "26": "S", "20": "E", "15": "S", "8": "E", "7": "E", "157": "S", "131": "E", "123": "W", "113": "E", "106": "S", "100": "S", "97": "S", "95": "N", "93": "W", "90": "S", "84": "E", "60": "S", "52": "N", "19": "S", "12": "W", "2": "S"}, {"5": "S", "78": "N", "11": "E", "58": "E", "18": "N", "142": "N", "77": "E", "38": "N", "99": "N", "16": "W", "65": "E", "31": "W", "143": "W", "10": "N", "67": "W", "132": "W", "88": "N", "80": "E", "44": "E", "40": "N", "96": "N", "3": "S", "155": "W", "151": "E", "139": "E", "127": "E", "126": "N", "146": "S", "135": "E", "133": "S", "103": "S", "85": "S", "73": "S", "56": "W", "41": "W", "0": "W", "111": "E", "83": "E", "72": "N", "50": "S", "23": "S", "130": "W", "115": "W", "91": "N", "43": "E", "28": "S", "149": "S", "74": "N", "59": "N", "49": "E", "29": "N", "9": "W", "150": "N", "108": "N", "53": "N", "114": "E", "63": "E", "160": "E", "136": "N", "110": "W", "109": "E", "79": "W", "71": "N", "70": "W", "66": "E", "45": "N", "34": "E", "21": "E", "102": "E", "51": "E", "161": "S", "159": "N", "138": "E", "129": "E", "125": "E", "112": "N", "81": "S", "61": "N", "47": "E", "35": "S", "30": "N", "13": "E", "154": "E", "152": "W", "145": "S", "118": "S", "89": "S", "82": "S", "68": "E", "64": "W", "55": "W", "46": "E", "37": "W", "36": "S", "33": "E", "26": "E", "25": "S", "20": "E", "15": "E", "8": "E", "7": "E", "157": "S", "144": "E", "131": "E", "123": "W", "113": "E", "106": "E", "97": "E", "95": "E", "93": "W", "90": "S", "84": "E", "60": "E", "52": "N", "12": "W", "2": "E"}, {"5": "S", "78": "N", "11": "E", "54": "W", "18": "N", "142": "N", "77": "N", "99": "N", "16": "W", "65": "E", "31": "W", "143": "W", "69": "W", "10": "N", "67": "N", "132": "W", "88": "E", "80": "E", "44": "E", "40": "N", "96": "N", "3": "W", "155": "W", "151": "E", "139": "E", "127": "S", "126": "N", "146": "S", "133": "S", "103": "S", "85": "S", "56": "S", "41": "S", "0": "N", "111": "N", "83": "E", "72": "W", "50": "S", "23": "S", "130": "S", "115": "N", "91": "N", "43": "E", "28": "S", "149": "S", "74": "N", "59": "E", "49": "E", "29": "N", "9": "N", "156": "N", "150": "N", "148": "S", "121": "N", "108": "N", "114": "E", "63": "E", "160": "N", "136": "N", "110": "N", "109": "N", "79": "S", "71": "N", "70": "S", "66": "E", "34": "N", "21": "E", "102": "E", "51": "E", "161": "S", "159": "E", "138": "E", "129": "E", "125": "E", "112": "N", "61": "E", "47": "E", "35": "E", "30": "W", "13": "E", "154": "E", "152": "S", "145": "E", "122": "E", "118": "S", "117": "S", "89": "S", "82": "E", "68": "E", "64": "W", "55": "N", "46": "E", "37": "S", "36": "E", "33": "E", "32": "N", "26": "E", "25": "S", "20": "E", "15": "S", "8": "E", "7": "S", "157": "S", "131": "E", "123": "W", "113": "E", "106": "E", "97": "E", "95": "E", "93": "N", "90": "S", "84": "E", "60": "S", "52": "N", "12": "N", "2": "S"}, {"5": "S", "11": "N", "54": "W", "142": "N", "77": "N", "99": "W", "16": "W", "65": "E", "31": "W", "143": "W", "10": "E", "67": "N", "132": "W", "88": "E", "80": "E", "44": "E", "40": "W", "96": "N", "3": "W", "155": "W", "151": "E", "139": "E", "127": "E", "126": "N", "4": "S", "146": "S", "133": "S", "103": "S", "85": "S", "56": "S", "41": "S", "0": "W", "111": "N", "83": "E", "72": "N", "50": "S", "23": "S", "130": "S", "115": "N", "91": "W", "43": "E", "28": "S", "149": "S", "74": "N", "59": "E", "49": "E", "29": "N", "9": "N", "156": "N", "150": "N", "121": "N", "108": "E", "87": "S", "114": "E", "63": "E", "160": "N", "136": "N", "110": "N", "109": "N", "79": "S", "71": "N", "70": "S", "34": "N", "21": "N", "102": "E", "51": "E", "161": "S", "159": "N", "138": "E", "129": "E", "125": "E", "112": "N", "47": "S", "35": "E", "30": "W", "13": "E", "154": "E", "152": "S", "145": "E", "122": "E", "118": "E", "89": "S", "82": "E", "68": "E", "64": "W", "55": "N", "46": "E", "37": "S", "36": "S", "33": "E", "32": "W", "26": "S", "25": "S", "20": "E", "15": "E", "8": "E", "7": "S", "157": "S", "144": "E", "131": "E", "123": "N", "113": "E", "106": "E", "97": "E", "95": "E", "93": "W", "90": "S", "84": "S", "60": "S", "52": "N", "12": "W", "2": "S"}, {"5": "E", "11": "N", "142": "E", "77": "N", "99": "W", "16": "W", "65": "E", "31": "W", "143": "W", "69": "E", "132": "N", "88": "E", "80": "E", "44": "S", "40": "W", "96": "N", "155": "W", "151": "E", "139": "E", "127": "S", "126": "N", "27": "N", "146": "S", "124": "N", "133": "S", "103": "S", "85": "S", "56": "S", "41": "S", "0": "S", "111": "N", "83": "E", "72": "W", "50": "S", "23": "W", "130": "S", "115": "N", "91": "N", "43": "N", "28": "S", "149": "S", "74": "N", "59": "E", "49": "E", "29": "N", "9": "N", "150": "N", "121": "N", "108": "E", "114": "E", "63": "S", "160": "N", "136": "N", "110": "N", "109": "N", "79": "S", "71": "N", "70": "S", "34": "N", "21": "N", "102": "E", "51": "E", "161": "W", "159": "N", "138": "S", "129": "E", "125": "E", "112": "N", "81": "N", "47": "E", "35": "N", "13": "E", "154": "E", "152": "W", "145": "S", "122": "N", "118": "E", "89": "W", "82": "E", "68": "E", "64": "W", "55": "N", "46": "E", "37": "W", "33": "E", "26": "E", "20": "E", "15": "E", "8": "E", "7": "S", "157": "E", "144": "E", "131": "E", "123": "W", "113": "E", "106": "S", "100": "E", "97": "N", "95": "E", "93": "W", "90": "E", "84": "E", "60": "E", "52": "N", "12": "W", "2": "E"}, {"11": "N", "142": "E", "77": "N", "99": "W", "16": "W", "65": "N", "31": "W", "143": "W", "132": "W", "88": "S", "80": "E", "44": "E", "40": "W", "96": "W", "155": "N", "151": "E", "139": "E", "127": "E", "126": "N", "27": "W", "146": "S", "124": "N", "133": "S", "103": "W", "85": "W", "56": "S", "41": "S", "0": "S", "111": "N", "83": "E", "72": "W", "50": "S", "23": "W", "130": "S", "115": "W", "91": "N", "43": "N", "28": "S", "149": "S", "74": "N", "59": "E", "29": "N", "9": "W", "150": "N", "121": "E", "87": "W", "114": "E", "63": "S", "160": "N", "136": "N", "110": "W", "109": "N", "79": "S", "71": "N", "70": "S", "34": "N", "21": "N", "102": "E", "51": "E", "161": "S", "159": "N", "138": "S", "129": "E", "125": "E", "112": "N", "47": "N", "35": "N", "13": "E", "152": "S", "145": "E", "122": "N", "118": "E", "89": "S", "82": "E", "68": "E", "64": "S", "55": "N", "46": "E", "37": "S", "33": "E", "32": "N", "26": "S", "20": "E", "15": "E", "8": "E", "7": "S", "157": "S", "144": "E", "131": "E", "123": "W", "113": "S", "106": "E", "97": "N", "95": "E", "93": "W", "90": "E", "84": "S", "60": "S", "52": "N", "12": "W", "2": "S"}, {"11": "N", "142": "S", "77": "E", "99": "N", "16": "W", "65": "N", "31": "W", "143": "N", "132": "N", "80": "S", "44": "S", "40": "W", "96": "W", "155": "W", "151": "E", "139": "E", "127": "S", "126": "N", "4": "N", "24": "N", "27": "N", "146": "S", "124": "W", "133": "S", "103": "W", "85": "W", "56": "S", "41": "S", "0": "S", "111": "N", "83": "E", "72": "W", "50": "S", "23": "W", "115": "W", "91": "W", "43": "N", "28": "S", "149": "S", "74": "E", "59": "E", "29": "N", "9": "W", "150": "N", "121": "N", "114": "E", "63": "E", "160": "N", "136": "N", "110": "W", "109": "N", "71": "W", "70": "S", "34": "N", "21": "N", "102": "S", "51": "S", "161": "S", "159": "N", "138": "S", "129": "E", "125": "E", "112": "W", "47": "N", "35": "N", "13": "E", "152": "W", "145": "E", "122": "E", "118": "E", "89": "S", "82": "E", "68": "E", "64": "S", "55": "N", "46": "E", "37": "S", "33": "E", "32": "N", "26": "E", "20": "E", "15": "E", "8": "E", "7": "S", "157": "S", "144": "S", "131": "E", "123": "N", "113": "S", "106": "E", "97": "N", "95": "E", "93": "W", "90": "E", "84": "E", "60": "E", "52": "N", "12": "W", "2": "E"}, {"11": "N", "142": "S", "77": "E", "16": "W", "65": "N", "31": "N", "143": "N", "120": "S", "132": "N", "80": "E", "44": "E", "40": "N", "96": "W", "155": "W", "151": "E", "139": "E", "126": "W", "4": "E", "27": "N", "146": "S", "124": "W", "133": "S", "103": "S", "85": "S", "56": "S", "41": "S", "0": "S", "111": "N", "83": "E", "72": "S", "50": "E", "23": "W", "115": "W", "91": "W", "43": "N", "28": "S", "149": "S", "74": "E", "59": "E", "29": "N", "9": "W", "150": "N", "121": "W", "87": "E", "63": "S", "160": "N", "136": "N", "110": "W", "109": "N", "71": "N", "70": "S", "34": "N", "21": "N", "102": "E", "51": "E", "161": "S", "159": "N", "138": "S", "129": "E", "125": "E", "112": "W", "47": "N", "35": "N", "13": "E", "152": "S", "145": "N", "122": "N", "118": "E", "89": "S", "82": "E", "68": "E", "64": "S", "55": "E", "46": "E", "37": "S", "33": "E", "32": "E", "26": "S", "20": "E", "15": "E", "8": "S", "7": "S", "157": "S", "144": "W", "131": "E", "113": "E", "106": "E", "97": "N", "95": "N", "93": "W", "90": "E", "84": "E", "60": "E", "52": "N", "12": "W", "2": "E"}, {"11": "N", "142": "S", "77": "S", "16": "W", "65": "N", "31": "N", "143": "N", "132": "N", "80": "E", "40": "N", "96": "W", "155": "W", "151": "S", "139": "E", "127": "E", "126": "W", "4": "E", "24": "S", "146": "S", "124": "W", "133": "S", "103": "S", "85": "S", "56": "W", "41": "W", "0": "S", "111": "E", "83": "E", "72": "S", "50": "E", "23": "W", "115": "W", "91": "W", "43": "N", "28": "S", "149": "S", "74": "E", "29": "W", "9": "W", "156": "E", "150": "W", "121": "W", "63": "S", "160": "N", "136": "N", "110": "S", "109": "N", "71": "W", "70": "W", "34": "N", "21": "N", "102": "S", "161": "S", "159": "N", "138": "S", "129": "S", "125": "E", "112": "W", "47": "N", "35": "N", "13": "S", "152": "W", "145": "E", "122": "N", "118": "E", "89": "W", "82": "E", "68": "E", "64": "W", "46": "E", "37": "S", "33": "E", "32": "S", "26": "E", "20": "S", "15": "E", "8": "E", "7": "E", "157": "E", "144": "W", "131": "E", "123": "W", "113": "E", "106": "E", "97": "N", "95": "E", "93": "S", "90": "E", "84": "E", "60": "N", "52": "E", "19": "W", "12": "W", "2": "N"}, {"11": "W", "142": "E", "77": "S", "16": "N", "65": "N", "31": "N", "120": "N", "132": "W", "80": "S", "44": "S", "40": "N", "96": "W", "155": "S", "151": "E", "139": "E", "127": "N", "126": "W", "4": "E", "146": "S", "124": "W", "133": "S", "103": "S", "85": "S", "56": "W", "41": "W", "0": "S", "111": "E", "72": "S", "23": "W", "115": "S", "91": "N", "43": "N", "28": "S", "149": "S", "74": "E", "29": "W", "9": "S", "121": "W", "63": "S", "160": "N", "136": "N", "110": "S", "109": "N", "79": "E", "70": "S", "34": "N", "21": "N", "102": "S", "159": "N", "138": "E", "129": "S", "125": "E", "112": "W", "47": "N", "35": "N", "13": "S", "152": "W", "145": "N", "122": "N", "118": "E", "89": "S", "82": "E", "68": "E", "64": "S", "55": "S", "46": "E", "37": "S", "33": "E", "32": "S", "26": "E", "20": "E", "15": "E", "8": "E", "7": "S", "157": "E", "144": "W", "131": "E", "123": "S", "106": "E", "100": "W", "97": "N", "93": "S", "90": "E", "84": "N", "60": "E", "52": "N", "19": "S", "12": "W", "2": "E"}, {"11": "W", "142": "E", "77": "S", "65": "N", "132": "N", "80": "W", "96": "N", "151": "S", "126": "W", "4": "N", "146": "S", "124": "W", "133": "S", "103": "S", "85": "S", "56": "S", "41": "S", "0": "S", "111": "S", "72": "S", "23": "W", "130": "S", "115": "S", "43": "E", "28": "S", "149": "S", "74": "E", "49": "E", "29": "W", "9": "S", "121": "W", "63": "E", "160": "N", "136": "E", "110": "S", "109": "N", "79": "S", "70": "S", "34": "N", "21": "N", "102": "S", "161": "E", "159": "N", "138": "S", "129": "E", "125": "E", "112": "W", "47": "N", "35": "N", "13": "S", "152": "W", "145": "N", "122": "N", "118": "E", "89": "S", "82": "S", "68": "E", "64": "S", "55": "S", "46": "S", "37": "W", "33": "E", "32": "S", "26": "E", "25": "N", "20": "E", "15": "E", "8": "E", "7": "S", "157": "S", "144": "W", "131": "E", "123": "S", "106": "E", "97": "N", "93": "S", "90": "E", "84": "E", "60": "E", "52": "N", "19": "S", "12": "W", "2": "E"}, {"11": "W", "142": "E", "77": "E", "65": "W", "132": "N", "80": "S", "44": "N", "96": "N", "151": "S", "126": "W", "4": "N", "146": "S", "124": "N", "133": "S", "103": "S", "85": "S", "56": "S", "41": "S", "0": "W", "111": "S", "72": "S", "23": "N", "130": "W", "115": "S", "43": "E", "28": "E", "149": "S", "74": "E", "29": "W", "9": "S", "121": "S", "63": "S", "160": "N", "136": "E", "110": "S", "109": "N", "79": "E", "70": "W", "34": "E", "21": "N", "102": "S", "161": "S", "159": "N", "138": "E", "125": "E", "112": "S", "47": "N", "35": "N", "13": "S", "152": "W", "145": "N", "122": "N", "118": "E", "89": "S", "82": "S", "68": "E", "64": "S", "55": "S", "46": "S", "37": "W", "33": "E", "32": "S", "26": "E", "25": "E", "20": "S", "15": "E", "8": "E", "7": "E", "157": "E", "144": "S", "131": "E", "123": "S", "106": "E", "100": "W", "97": "N", "93": "S", "90": "E", "84": "N", "60": "N", "52": "N", "19": "S", "12": "W"}, {"11": "W", "142": "S", "77": "E", "65": "W", "132": "E", "80": "S", "44": "W", "96": "N", "151": "W", "126": "N", "146": "S", "124": "W", "133": "S", "103": "S", "85": "S", "56": "S", "41": "S", "0": "W", "111": "S", "72": "S", "23": "N", "115": "S", "43": "S", "28": "E", "149": "S", "49": "W", "29": "W", "9": "S", "121": "S", "63": "S", "160": "N", "136": "E", "110": "S", "109": "N", "70": "S", "34": "E", "21": "N", "102": "E", "161": "E", "159": "N", "138": "S", "129": "W", "125": "E", "112": "W", "47": "N", "35": "N", "13": "E", "152": "W", "145": "N", "122": "N", "118": "N", "89": "S", "82": "E", "68": "E", "64": "S", "55": "S", "46": "E", "37": "W", "33": "E", "32": "S", "26": "E", "20": "E", "15": "N", "8": "S", "7": "E", "157": "S", "144": "S", "131": "E", "123": "S", "113": "N", "106": "S", "97": "N", "93": "S", "90": "E", "84": "N", "60": "N", "19": "S", "12": "W", "2": "S"}, {"11": "W", "142": "S", "77": "E", "65": "W", "132": "E", "151": "S", "126": "N", "146": "S", "124": "W", "133": "S", "103": "S", "85": "S", "56": "S", "41": "S", "0": "S", "111": "E", "72": "S", "23": "N", "115": "S", "43": "E", "28": "E", "149": "S", "49": "W", "9": "S", "121": "S", "63": "E", "160": "N", "136": "E", "110": "S", "109": "N", "70": "S", "21": "N", "102": "S", "159": "N", "138": "E", "129": "W", "125": "E", "112": "W", "61": "N", "47": "N", "35": "N", "13": "S", "152": "S", "145": "N", "122": "N", "118": "E", "117": "N", "89": "S", "82": "S", "68": "E", "64": "S", "55": "S", "46": "S", "37": "W", "33": "E", "26": "E", "20": "S", "15": "E", "8": "E", "7": "E", "157": "E", "144": "S", "131": "S", "123": "S", "113": "E", "106": "E", "100": "E", "97": "N", "93": "S", "90": "E", "84": "N", "60": "N", "52": "N", "19": "S", "12": "W", "2": "E"}, {"11": "W", "142": "S", "77": "S", "65": "W", "151": "W", "146": "S", "124": "W", "133": "S", "103": "S", "85": "S", "56": "S", "41": "S", "0": "S", "111": "E", "72": "W", "23": "N", "115": "S", "43": "E", "149": "S", "49": "W", "9": "S", "63": "E", "160": "E", "136": "E", "110": "S", "109": "E", "70": "S", "45": "S", "34": "N", "21": "E", "102": "S", "159": "E", "138": "E", "129": "W", "125": "E", "112": "W", "61": "E", "47": "N", "35": "N", "13": "W", "152": "W", "145": "N", "122": "N", "118": "E", "82": "S", "68": "E", "64": "S", "55": "S", "46": "S", "37": "S", "33": "E", "26": "E", "25": "N", "20": "E", "15": "E", "8": "E", "157": "E", "131": "E", "123": "W", "113": "E", "106": "E", "97": "E", "93": "S", "90": "E", "84": "N", "60": "N", "52": "W", "19": "E", "12": "S", "2": "N"}, {"11": "W", "142": "E", "77": "E", "65": "W", "146": "S", "124": "W", "133": "S", "103": "S", "85": "S", "56": "S", "41": "S", "0": "S", "111": "E", "72": "S", "23": "N", "130": "S", "115": "S", "43": "E", "149": "S", "49": "W", "148": "N", "87": "W", "63": "E", "160": "E", "136": "N", "110": "S", "109": "E", "70": "S", "21": "E", "102": "E", "161": "S", "159": "E", "138": "E", "129": "W", "125": "E", "61": "E", "47": "N", "35": "N", "13": "S", "152": "W", "145": "N", "122": "E", "118": "E", "89": "S", "82": "S", "68": "E", "64": "S", "55": "S", "46": "W", "37": "W", "33": "E", "26": "E", "25": "W", "20": "S", "15": "E", "8": "S", "7": "E", "157": "N", "123": "S", "113": "E", "106": "E", "97": "E", "93": "S", "90": "E", "84": "N", "60": "N", "52": "S", "12": "S", "2": "N"}, {"11": "W", "142": "E", "77": "E", "65": "W", "146": "S", "124": "W", "133": "S", "103": "S", "85": "S", "56": "S", "41": "S", "0": "S", "111": "S", "72": "S", "23": "N", "130": "S", "115": "W", "43": "E", "149": "S", "49": "W", "156": "W", "87": "S", "63": "E", "160": "E", "136": "E", "110": "S", "109": "E", "70": "S", "21": "E", "102": "E", "161": "E", "159": "E", "138": "E", "129": "W", "125": "E", "61": "N", "47": "E", "35": "E", "152": "W", "145": "N", "122": "E", "118": "E", "89": "S", "82": "S", "68": "E", "64": "S", "62": "N", "46": "S", "37": "S", "33": "E", "26": "E", "25": "S", "20": "S", "15": "E", "8": "E", "7": "E", "157": "N", "123": "S", "113": "E", "106": "E", "100": "N", "97": "N", "93": "S", "90": "E", "84": "N", "60": "N", "12": "S", "2": "N"}, {"11": "W", "142": "E", "77": "E", "65": "W", "27": "S", "146": "S", "124": "W", "133": "E", "103": "S", "85": "S", "56": "S", "41": "S", "0": "S", "111": "S", "72": "S", "23": "N", "130": "S", "115": "W", "43": "E", "149": "E", "75": "N", "49": "W", "9": "W", "114": "S", "63": "E", "160": "E", "136": "E", "110": "W", "70": "S", "45": "N", "102": "E", "161": "E", "159": "E", "138": "E", "129": "W", "125": "E", "61": "E", "47": "E", "35": "E", "152": "W", "145": "N", "122": "E", "118": "E", "89": "W", "82": "E", "68": "E", "64": "W", "46": "S", "37": "W", "33": "E", "26": "E", "25": "S", "20": "W", "15": "E", "8": "S", "7": "E", "157": "E", "123": "S", "119": "S", "113": "E", "106": "E", "100": "E", "97": "E", "93": "S", "90": "E", "84": "E", "60": "N", "12": "W", "2": "N"}, {"11": "W", "142": "E", "77": "E", "65": "W", "80": "W", "146": "S", "124": "W", "103": "S", "85": "S", "56": "S", "41": "S", "0": "S", "111": "S", "72": "S", "23": "W", "130": "S", "115": "S", "43": "E", "149": "E", "75": "N", "49": "W", "9": "S", "148": "S", "63": "N", "160": "E", "136": "S", "110": "S", "70": "S", "45": "N", "102": "E", "161": "E", "159": "E", "138": "E", "129": "W", "125": "E", "61": "E", "47": "E", "35": "E", "152": "W", "145": "N", "122": "E", "118": "E", "89": "S", "82": "S", "68": "S", "64": "S", "46": "S", "37": "W", "33": "E", "26": "E", "20": "S", "15": "E", "8": "S", "7": "N", "157": "N", "123": "S", "119": "S", "113": "S", "106": "E", "100": "S", "97": "E", "93": "S", "90": "E", "84": "N", "60": "N", "12": "W", "2": "N"}, {"11": "N", "142": "E", "77": "E", "65": "W", "44": "E", "146": "S", "124": "W", "103": "S", "85": "S", "56": "S", "41": "S", "0": "S", "111": "E", "72": "S", "23": "W", "130": "S", "115": "S", "43": "E", "149": "E", "75": "N", "49": "W", "9": "S", "148": "W", "87": "N", "63": "N", "160": "E", "110": "S", "70": "S", "102": "E", "161": "S", "159": "E", "138": "E", "129": "W", "125": "E", "81": "S", "61": "N", "35": "E", "152": "W", "145": "N", "122": "N", "118": "E", "89": "S", "82": "S", "68": "S", "64": "S", "62": "S", "46": "S", "37": "W", "33": "E", "26": "E", "20": "S", "15": "E", "8": "W", "7": "N", "157": "N", "123": "S", "119": "E", "113": "E", "106": "S", "97": "N", "93": "S", "90": "S", "84": "N", "60": "N", "12": "S", "2": "N"}, {"11": "N", "142": "E", "77": "E", "65": "W", "27": "N", "146": "S", "124": "W", "103": "S", "85": "S", "56": "S", "41": "S", "0": "S", "111": "E", "72": "S", "23": "W", "130": "S", "115": "S", "43": "E", "149": "N", "49": "W", "9": "S", "148": "S", "87": "E", "63": "N", "110": "S", "70": "S", "45": "S", "102": "N", "138": "N", "125": "N", "61": "E", "35": "E", "152": "W", "145": "E", "118": "E", "117": "S", "89": "S", "82": "E", "68": "S", "64": "S", "46": "S", "37": "W", "33": "S", "26": "E", "20": "S", "15": "E", "8": "S", "7": "N", "157": "N", "123": "S", "119": "S", "97": "E", "93": "S", "90": "S", "84": "N", "60": "E", "12": "S", "2": "N"}, {"11": "W", "54": "W", "142": "E", "77": "E", "65": "N", "44": "W", "146": "S", "124": "S", "103": "S", "85": "E", "56": "S", "41": "S", "0": "S", "111": "S", "72": "S", "23": "W", "130": "S", "115": "S", "43": "E", "149": "N", "75": "S", "9": "S", "156": "E", "148": "S", "114": "N", "63": "N", "110": "S", "70": "S", "102": "N", "138": "E", "125": "N", "61": "S", "35": "N", "152": "W", "145": "E", "118": "E", "89": "S", "82": "E", "68": "E", "64": "S", "46": "S", "37": "W", "33": "S", "26": "E", "20": "S", "15": "E", "8": "S", "7": "N", "157": "N", "123": "S", "119": "W", "97": "N", "93": "S", "90": "S", "84": "N", "60": "E", "12": "W", "2": "N"}, {"11": "N", "77": "E", "80": "E", "124": "S", "103": "E", "85": "E", "56": "S", "41": "S", "0": "S", "111": "E", "72": "S", "23": "W", "130": "S", "115": "S", "149": "E", "75": "S", "9": "S", "148": "E", "63": "N", "110": "S", "70": "S", "102": "N", "138": "E", "125": "N", "81": "N", "61": "S", "35": "N", "152": "W", "145": "E", "118": "E", "89": "S", "82": "E", "68": "E", "64": "S", "46": "S", "37": "W", "33": "S", "26": "E", "20": "S", "15": "E", "8": "S", "7": "N", "157": "E", "123": "S", "119": "W", "97": "E", "93": "S", "90": "E", "84": "E", "60": "E", "12": "S", "2": "E"}, {"54": "E", "124": "S", "103": "E", "85": "S", "56": "S", "41": "S", "0": "S", "72": "S", "23": "W", "130": "S", "115": "S", "149": "N", "75": "S", "9": "S", "63": "E", "110": "S", "70": "S", "102": "E", "138": "E", "125": "E", "61": "S", "35": "N", "152": "W", "118": "N", "89": "S", "82": "E", "64": "S", "46": "W", "37": "W", "33": "E", "26": "E", "20": "S", "15": "N", "8": "S", "7": "E", "157": "E", "123": "S", "119": "W", "93": "S", "84": "N", "60": "E", "12": "S", "2": "E"}, {"103": "E", "85": "E", "56": "S", "41": "E", "0": "S", "72": "S", "23": "W", "130": "E", "115": "S", "149": "W", "9": "S", "63": "E", "110": "S", "70": "S", "102": "E", "138": "E", "125": "E", "35": "E", "152": "W", "118": "N", "89": "S", "82": "E", "64": "S", "46": "S", "37": "W", "26": "E", "20": "S", "15": "E", "8": "S", "7": "E", "157": "E", "123": "S", "119": "W", "93": "S", "84": "N", "60": "E", "12": "S", "2": "E"}, {"103": "E", "85": "E", "56": "S", "41": "E", "0": "S", "72": "S", "23": "W", "130": "E", "115": "S", "149": "W", "9": "S", "63": "E", "110": "S", "70": "S", "102": "E", "138": "E", "125": "E", "35": "E", "152": "W", "118": "E", "89": "S", "82": "N", "64": "S", "46": "S", "37": "W", "26": "N", "20": "W", "15": "N", "8": "S", "7": "E", "157": "E", "123": "S", "119": "W", "93": "S", "84": "N", "60": "N", "12": "S"}, {"103": "E", "56": "E", "41": "E", "0": "S", "72": "S", "23": "W", "130": "E", "115": "S", "149": "N", "9": "S", "110": "S", "70": "S", "102": "E", "138": "E", "125": "E", "35": "E", "152": "W", "118": "E", "89": "S", "82": "N", "64": "S", "46": "W", "37": "W", "26": "N", "20": "W", "15": "E", "8": "S", "7": "N", "157": "N", "123": "S", "119": "W", "93": "W", "84": "E", "60": "N", "12": "S"}, {"56": "E", "41": "E", "0": "S", "72": "E", "23": "W", "130": "E", "115": "S", "149": "N", "9": "E", "110": "E", "70": "E", "102": "E", "138": "E", "125": "E", "35": "N", "152": "W", "118": "E", "89": "S", "82": "N", "64": "W", "46": "S", "37": "W", "26": "N", "15": "E", "8": "W", "7": "N", "157": "N", "123": "S", "119": "W", "93": "S", "84": "E", "60": "N", "12": "S"}, {"56": "E", "41": "E", "0": "S", "23": "N", "130": "E", "115": "S", "9": "E", "70": "E", "102": "N", "138": "E", "125": "N", "152": "N", "118": "E", "82": "N", "64": "S", "46": "S", "37": "W", "26": "N", "15": "E", "8": "S", "7": "W", "157": "N", "123": "S", "119": "W", "93": "S", "84": "E", "60": "E", "12": "S", "2": "W"}, {"56": "E", "41": "S", "0": "E", "23": "W", "115": "S", "9": "S", "70": "E", "102": "N", "138": "E", "152": "N", "118": "E", "89": "E", "82": "N", "64": "S", "46": "S", "37": "W", "26": "N", "15": "E", "8": "S", "7": "N", "157": "N", "123": "S", "119": "N", "93": "S", "84": "E", "60": "E", "12": "S"}, {"56": "E", "0": "S", "23": "S", "115": "S", "9": "S", "70": "N", "102": "N", "138": "E", "152": "N", "118": "E", "89": "S", "82": "N", "64": "S", "46": "S", "37": "W", "26": "N", "15": "E", "8": "W", "7": "N", "157": "W", "123": "S", "93": "S", "84": "N", "60": "E", "12": "S", "2": "E"}, {"56": "E", "0": "S", "115": "E", "9": "E", "70": "E", "102": "E", "138": "N", "152": "W", "118": "N", "89": "S", "82": "N", "64": "S", "46": "W", "37": "W", "26": "N", "15": "N", "8": "S", "157": "N", "123": "S", "119": "W", "93": "S", "84": "N", "60": "E", "12": "S"}, {"0": "E", "115": "E", "9": "S", "70": "E", "102": "E", "138": "N", "152": "N", "118": "N", "89": "S", "82": "N", "64": "S", "46": "S", "37": "W", "26": "N", "15": "N", "8": "S", "157": "N", "123": "S", "119": "N", "93": "E", "84": "W", "60": "N", "12": "S"}, {"0": "E", "115": "S", "9": "S", "70": "N", "138": "N", "152": "N", "118": "N", "89": "E", "82": "N", "64": "S", "46": "S", "37": "W", "26": "N", "8": "S", "157": "E", "123": "S", "119": "W", "93": "S", "84": "W", "60": "N", "12": "S"}, {"9": "E", "70": "W", "138": "N", "152": "N", "89": "E", "82": "N", "64": "S", "46": "S", "37": "W", "8": "S", "7": "W", "157": "E", "123": "S", "119": "N", "93": "S", "84": "N", "60": "W", "12": "S"}, {"9": "E", "138": "N", "89": "N", "82": "N", "64": "S", "46": "S", "37": "N", "8": "W", "7": "N", "123": "E", "93": "S", "84": "W", "12": "S"}, {"138": "N", "89": "E", "82": "E", "64": "S", "46": "W", "37": "N", "8": "W", "7": "N", "157": "W", "123": "E", "93": "S", "84": "N", "12": "S"}, {"138": "E", "89": "E", "64": "E", "46": "W", "37": "N", "8": "W", "7": "N", "123": "E", "93": "E", "12": "S"}, {"89": "N", "64": "E", "37": "N", "8": "S", "7": "N", "123": "E", "93": "E", "12": "S"}, {"89": "N", "64": "S", "37": "W", "7": "E", "123": "E", "12": "S"}, {"89": "W", "64": "E", "37": "N", "12": "S"}, {"89": "W", "37": "N", "12": "E"}, {"37": "E", "12": "E"}, {"12": "E"}], "result": "SUCCESS", "makespan": 76, "sum": 6434, "algo_name": "OutAndInByPercentage_BIT_", "extra": {"arrival_order": [5, 153, 78, 14, 11, 54, 105, 58, 22, 18, 42, 142, 94, 116, 77, 38, 147, 107, 99, 16, 140, 98, 65, 57, 31, 143, 120, 17, 158, 69, 10, 1, 92, 67, 6, 132, 88, 80, 44, 40, 96, 3, 155, 151, 139, 127, 126, 4, 24, 27, 146, 128, 124, 104, 135, 133, 103, 85, 73, 56, 41, 0, 134, 111, 86, 83, 72, 50, 23, 130, 115, 91, 43, 28, 149, 75, 74, 59, 49, 29, 9, 156, 150, 148, 121, 108, 87, 53, 48, 114, 63, 160, 141, 136, 110, 109, 79, 76, 71, 70, 66, 45, 34, 21, 102, 51, 161, 159, 138, 137, 129, 125, 112, 101, 81, 61, 47, 35, 30, 13, 154, 152, 145, 122, 118, 117, 89, 82, 68, 64, 62, 55, 46, 39, 37, 36, 33, 32, 26, 25, 20, 15, 8, 7, 157, 144, 131, 123, 119, 113, 106, 100, 97, 95, 93, 90, 84, 60, 52, 19, 12, 2], "time_arrived": [1817, 830, 5638, 1122, 1344, 40, 895, 4907, 4855, 2591, 812, 168, 5592, 3932, 122, 4801, 566, 757, 297, 5536, 4765, 3364, 262, 2106, 1354, 4717, 4698, 1365, 2339, 2543, 3891, 675, 4640, 4629, 3313, 3858, 4593, 4573, 486, 4517, 1062, 1764, 314, 2299, 1035, 3269, 4490, 3800, 2765, 2498, 2048, 3462, 5520, 2751, 197, 4433, 1717, 643, 244, 2489, 5478, 3753, 4418, 2851, 4406, 630, 3256, 880, 4345, 784, 3218, 3166, 2012, 1668, 2442, 2391, 3128, 461, 100, 3098, 998, 3741, 4306, 1968, 5415, 1651, 1914, 2727, 957, 4243, 5348, 2237, 856, 5294, 394, 5240, 1092, 5204, 606, 536, 5150, 3730, 3426, 1609, 1472, 217, 5136, 511, 2708, 3083, 3033, 1899, 3719, 5109, 2795, 2193, 409, 4188, 4179, 5086, 729, 2666, 4120, 5064, 1466, 3670, 1314, 1281, 1431, 3642, 2147, 5010, 933, 1559, 1833, 1516, 2998, 3625, 3617, 1235, 582, 2939, 366, 701, 4969, 4069, 1411, 499, 2656, 2378, 2640, 1203, 4024, 70, 3963, 1165, 2607, 4964, 772, 3558, 2908, 3506], "BIT_runs": 1, "old_makespan": 5638, "old_sum": 6816, "improved": "[5, 153, 78, 14, 11, 54, 105, 58, 22, 18, 42, 142, 94, 116, 77, 38, 147, 107, 99, 16, 140, 98, 65, 57, 31, 143, 120, 17, 158, 69, 10, 1, 92, 67, 6, 132, 88, 80, 44, 40, 96, 3, 155, 151, 139, 127, 126, 4, 24, 27, 146, 128, 124, 104, 135, 133, 103, 85, 73, 56, 41, 0, 134, 111, 86, 83, 72, 50, 23, 130, 115, 91, 43, 28, 149, 75, 74, 59, 49, 29, 9, 156, 150, 148, 121, 108, 87, 53, 48, 114, 63, 160, 141, 136, 110, 109, 79, 76, 71, 70, 66, 45, 34, 21, 102, 51, 161, 159, 138, 137, 129, 125, 112, 101, 81, 61, 47, 35, 30, 13, 154, 152, 145, 122, 118, 117, 89, 82, 68, 64, 62, 55, 46, 39, 37, 36, 33, 32, 26, 25, 20, 15, 8, 7, 157, 144, 131, 123, 119, 113, 106, 100, 97, 95, 93, 90, 84, 60, 52, 19, 12, 2],", "goal_raise_for_bs": 32}}