{"instance": "medium_free_001_30x30_20_180", "steps": [{"11": "W", "22": "N", "38": "W", "78": "N", "124": "W", "127": "N", "150": "W", "7": "W", "45": "W", "49": "E", "58": "N", "60": "W", "67": "W", "69": "W", "82": "W", "92": "N", "118": "W", "137": "W", "144": "W", "170": "W", "172": "W", "14": "W", "24": "W", "32": "W", "33": "W", "53": "W", "64": "W", "65": "W", "80": "W", "87": "N", "90": "W", "98": "S", "102": "W", "107": "W", "108": "S", "113": "N", "139": "W", "151": "S", "160": "W", "163": "E", "6": "W", "10": "S", "12": "E", "15": "W", "37": "W", "40": "S", "85": "E", "91": "W", "95": "W", "101": "W", "105": "N", "117": "W", "143": "W", "157": "N", "161": "S", "169": "W", "171": "W", "175": "W", "176": "W", "3": "W", "5": "W", "8": "W", "16": "N", "54": "W", "66": "W", "68": "S", "70": "E", "73": "W", "74": "E", "111": "E", "125": "S", "128": "S", "133": "W", "136": "N", "153": "E", "162": "W", "165": "W", "167": "N", "179": "E", "9": "N", "23": "S", "29": "W", "36": "W", "39": "W", "51": "E", "61": "N", "63": "W", "71": "E", "77": "S", "86": "E", "96": "S", "97": "W", "103": "E", "106": "S", "120": "N", "126": "S", "134": "S", "148": "N", "177": "S", "1": "N", "2": "E", "21": "W", "31": "E", "41": "W", "43": "E", "47": "W", "79": "S", "81": "S", "84": "N", "89": "W", "100": "S", "104": "S", "109": "S", "112": "W", "114": "N", "121": "N", "130": "E", "135": "E", "138": "S", "147": "E", "155": "S", "166": "S", "17": "S", "19": "W", "20": "S", "25": "S", "44": "S", "48": "N", "50": "W", "59": "S", "88": "E", "110": "E", "115": "E", "119": "S", "122": "E", "123": "W", "140": "W", "142": "W", "145": "S", "158": "E", "13": "E", "27": "S", "30": "E", "34": "N", "42": "E", "52": "E", "55": "S", "94": "N", "116": "W", "129": "S", "146": "S", "154": "W", "168": "E", "173": "E", "178": "S", "4": "S", "26": "E", "56": "E", "57": "E", "72": "E", "75": "E", "83": "W", "93": "E", "131": "E", "156": "W", "174": "E", "0": "E", "35": "S", "46": "E", "76": "W", "132": "S", "149": "E", "152": "E", "164": "E", "99": "E", "18": "W", "62": "S", "141": "E", "159": "W", "28": "W"}, {"11": "W", "22": "N", "38": "W", "78": "N", "124": "W", "127": "N", "150": "W", "7": "W", "45": "W", "49": "E", "58": "N", "60": "W", "67": "W", "69": "W", "82": "W", "92": "N", "118": "W", "137": "W", "144": "W", "170": "W", "172": "W", "14": "W", "24": "W", "32": "W", "33": "W", "53": "W", "64": "W", "65": "W", "80": "W", "87": "N", "90": "W", "98": "S", "102": "W", "107": "W", "108": "S", "113": "N", "139": "W", "151": "S", "160": "W", "163": "E", "6": "W", "10": "S", "12": "E", "15": "W", "37": "W", "40": "S", "85": "E", "91": "W", "95": "W", "101": "W", "105": "N", "117": "W", "143": "W", "157": "N", "161": "S", "169": "W", "171": "W", "175": "W", "176": "W", "3": "W", "5": "W", "8": "W", "16": "N", "54": "W", "66": "W", "68": "S", "70": "E", "73": "W", "74": "E", "111": "E", "125": "S", "128": "S", "133": "W", "136": "N", "153": "E", "162": "W", "165": "W", "167": "N", "179": "E", "9": "N", "23": "S", "29": "W", "36": "W", "39": "W", "51": "E", "61": "N", "63": "W", "71": "E", "77": "S", "86": "E", "96": "S", "97": "W", "103": "E", "106": "S", "120": "N", "126": "S", "134": "S", "148": "N", "177": "S", "1": "N", "2": "E", "21": "W", "31": "E", "41": "W", "43": "E", "47": "W", "79": "S", "81": "S", "84": "N", "89": "W", "100": "S", "104": "S", "109": "S", "112": "W", "114": "N", "121": "N", "130": "E", "135": "E", "138": "S", "147": "E", "155": "S", "166": "S", "17": "S", "19": "W", "20": "S", "25": "S", "44": "S", "48": "N", "50": "W", "59": "S", "88": "E", "110": "E", "115": "E", "119": "S", "122": "E", "123": "W", "140": "W", "142": "W", "145": "S", "158": "E", "13": "E", "27": "S", "30": "E", "34": "N", "42": "E", "52": "E", "55": "S", "94": "N", "116": "W", "129": "S", "146": "S", "154": "W", "168": "E", "173": "E", "178": "S", "4": "S", "26": "E", "56": "E", "57": "E", "72": "E", "75": "E", "83": "W", "93": "E", "131": "E", "156": "W", "174": "E", "0": "E", "35": "S", "46": "E", "76": "W", "132": "S", "149": "E", "152": "E", "164": "E", "99": "E", "18": "W", "62": "S", "141": "E", "159": "W", "28": "W"}, {"22": "E", "127": "N", "38": "W", "124": "N", "7": "W", "45": "W", "49": "E", "58": "N", "60": "W", "67": "W", "69": "W", "82": "W", "92": "N", "118": "W", "137": "W", "170": "W", "172": "W", "14": "W", "24": "W", "32": "W", "33": "W", "53": "W", "64": "W", "80": "W", "87": "N", "90": "W", "98": "S", "102": "W", "107": "W", "108": "S", "113": "N", "139": "W", "151": "S", "160": "W", "163": "E", "6": "W", "10": "S", "12": "E", "15": "W", "37": "W", "40": "S", "85": "E", "91": "W", "95": "W", "101": "W", "105": "N", "117": "W", "143": "W", "157": "N", "161": "S", "169": "W", "171": "W", "175": "W", "176": "W", "3": "W", "5": "W", "8": "W", "16": "N", "54": "W", "66": "W", "68": "S", "70": "E", "73": "W", "74": "E", "111": "E", "125": "S", "128": "S", "133": "W", "136": "N", "153": "E", "162": "W", "165": "W", "167": "N", "179": "E", "9": "N", "23": "S", "29": "W", "36": "W", "39": "W", "51": "E", "61": "N", "63": "W", "71": "E", "77": "S", "86": "E", "96": "S", "97": "W", "103": "E", "106": "S", "120": "N", "126": "S", "134": "S", "148": "N", "177": "S", "1": "N", "2": "E", "21": "W", "31": "E", "41": "W", "43": "E", "47": "W", "79": "S", "81": "S", "84": "N", "89": "W", "100": "S", "104": "S", "109": "S", "112": "W", "114": "N", "121": "N", "130": "E", "135": "E", "138": "S", "147": "E", "155": "S", "166": "S", "17": "S", "19": "W", "20": "S", "25": "S", "44": "S", "48": "N", "50": "W", "59": "S", "88": "E", "110": "E", "115": "E", "119": "S", "122": "E", "123": "W", "140": "W", "142": "W", "145": "S", "158": "E", "13": "E", "27": "S", "30": "E", "34": "N", "42": "E", "52": "E", "55": "S", "94": "N", "116": "W", "129": "S", "146": "S", "154": "W", "168": "E", "173": "E", "178": "S", "4": "S", "26": "E", "56": "E", "57": "E", "72": "E", "75": "E", "83": "W", "93": "E", "131": "E", "156": "W", "174": "E", "0": "E", "35": "S", "46": "E", "76": "W", "132": "S", "149": "E", "152": "E", "164": "E", "99": "E", "18": "W", "62": "S", "141": "E", "159": "W", "28": "W"}, {"11": "W", "124": "W", "150": "W", "45": "W", "60": "W", "67": "W", "69": "W", "118": "N", "137": "W", "170": "W", "144": "W", "14": "W", "24": "W", "32": "W", "33": "W", "53": "W", "64": "W", "65": "W", "80": "W", "87": "N", "90": "W", "98": "S", "102": "W", "107": "W", "108": "S", "113": "N", "139": "W", "151": "S", "160": "W", "163": "E", "6": "W", "10": "S", "12": "E", "15": "W", "37": "W", "40": "S", "85": "E", "91": "W", "95": "W", "101": "W", "105": "N", "117": "W", "143": "W", "157": "N", "161": "S", "169": "W", "171": "W", "175": "W", "176": "W", "3": "W", "5": "W", "8": "W", "16": "N", "54": "W", "66": "W", "68": "S", "70": "E", "73": "W", "74": "E", "111": "E", "125": "S", "128": "S", "133": "W", "136": "N", "153": "E", "162": "W", "165": "W", "167": "N", "179": "E", "9": "N", "23": "S", "29": "W", "36": "W", "39": "W", "51": "E", "61": "N", "63": "W", "71": "E", "77": "S", "86": "E", "96": "S", "97": "W", "103": "E", "106": "S", "120": "N", "126": "S", "134": "S", "148": "N", "177": "S", "1": "N", "2": "E", "21": "W", "31": "E", "41": "W", "43": "E", "47": "W", "79": "S", "81": "S", "84": "N", "89": "W", "100": "S", "104": "S", "109": "S", "112": "W", "114": "N", "121": "N", "130": "E", "135": "E", "138": "S", "147": "E", "155": "S", "166": "S", "17": "S", "19": "W", "20": "S", "25": "S", "44": "S", "48": "N", "50": "W", "59": "S", "88": "E", "110": "E", "115": "E", "119": "S", "122": "E", "123": "W", "140": "W", "142": "W", "145": "S", "158": "E", "13": "E", "27": "S", "30": "E", "34": "N", "42": "E", "52": "E", "55": "S", "94": "N", "116": "W", "129": "S", "146": "S", "154": "W", "168": "E", "173": "E", "178": "S", "4": "S", "26": "E", "56": "E", "57": "E", "72": "E", "75": "E", "83": "W", "93": "E", "131": "E", "156": "W", "174": "E", "0": "E", "35": "S", "46": "E", "76": "W", "132": "S", "149": "E", "152": "E", "164": "E", "99": "E", "18": "W", "62": "S", "141": "E", "159": "W", "28": "W"}, {"22": "N", "113": "N", "108": "S", "151": "S", "11": "W", "124": "W", "150": "W", "60": "W", "67": "W", "69": "W", "82": "W", "137": "W", "170": "W", "144": "W", "14": "W", "24": "W", "32": "W", "53": "W", "64": "W", "80": "W", "90": "S", "107": "W", "160": "W", "163": "N", "65": "W", "6": "W", "10": "S", "12": "E", "15": "W", "37": "W", "40": "S", "85": "E", "91": "W", "101": "W", "105": "N", "117": "W", "143": "W", "157": "N", "161": "S", "169": "W", "171": "W", "175": "W", "176": "W", "3": "W", "5": "W", "8": "W", "16": "N", "54": "W", "66": "W", "68": "S", "70": "E", "73": "W", "74": "E", "111": "E", "125": "S", "128": "S", "133": "W", "136": "N", "153": "E", "162": "W", "165": "W", "167": "N", "179": "E", "9": "N", "23": "S", "29": "W", "36": "W", "39": "W", "51": "E", "61": "N", "63": "W", "71": "E", "77": "S", "86": "E", "96": "S", "97": "W", "103": "E", "106": "S", "120": "N", "126": "S", "134": "S", "148": "N", "177": "S", "1": "N", "2": "E", "21": "W", "31": "E", "41": "W", "43": "E", "47": "W", "79": "S", "81": "S", "84": "N", "89": "W", "100": "S", "104": "S", "109": "S", "112": "W", "114": "N", "121": "N", "130": "E", "135": "E", "138": "S", "147": "E", "155": "S", "166": "S", "17": "S", "19": "W", "20": "S", "25": "S", "44": "S", "48": "N", "50": "W", "59": "S", "88": "E", "110": "E", "115": "E", "119": "S", "122": "E", "123": "W", "140": "W", "142": "W", "145": "S", "158": "E", "13": "E", "27": "S", "30": "E", "34": "N", "42": "E", "52": "E", "55": "S", "94": "N", "116": "W", "129": "S", "146": "S", "154": "W", "168": "E", "173": "E", "178": "S", "4": "S", "26": "E", "56": "E", "57": "E", "72": "E", "75": "E", "83": "W", "93": "E", "131": "E", "156": "W", "174": "E", "0": "E", "35": "S", "46": "E", "76": "W", "132": "S", "149": "E", "152": "E", "164": "E", "99": "E", "18": "W", "62": "S", "141": "E", "159": "W", "28": "W"}, {"113": "N", "108": "W", "38": "W", "150": "W", "7": "W", "60": "W", "67": "W", "118": "W", "137": "W", "170": "S", "14": "W", "24": "W", "32": "W", "80": "W", "90": "W", "107": "W", "37": "W", "91": "W", "101": "W", "143": "W", "171": "W", "175": "W", "49": "E", "12": "E", "95": "W", "3": "W", "5": "W", "8": "W", "16": "N", "54": "W", "66": "W", "68": "S", "70": "E", "73": "W", "74": "E", "111": "E", "128": "S", "133": "W", "136": "N", "153": "E", "162": "W", "165": "W", "167": "N", "179": "E", "9": "N", "23": "S", "29": "W", "36": "W", "39": "W", "51": "E", "61": "N", "63": "W", "71": "E", "77": "S", "86": "E", "96": "S", "97": "W", "103": "E", "106": "S", "120": "N", "126": "S", "134": "S", "148": "N", "177": "S", "1": "N", "2": "E", "21": "W", "31": "E", "41": "W", "43": "E", "47": "W", "79": "S", "81": "S", "84": "N", "89": "W", "100": "S", "104": "S", "109": "S", "112": "W", "114": "N", "121": "N", "130": "E", "135": "E", "138": "S", "147": "E", "155": "S", "166": "S", "17": "S", "19": "W", "20": "S", "25": "S", "44": "S", "48": "N", "50": "W", "59": "S", "88": "E", "110": "E", "115": "E", "119": "S", "122": "E", "123": "W", "140": "W", "142": "W", "145": "S", "158": "E", "13": "E", "27": "S", "30": "E", "34": "N", "42": "E", "52": "E", "55": "S", "94": "N", "116": "W", "129": "S", "146": "S", "154": "W", "168": "E", "173": "E", "178": "S", "4": "S", "26": "E", "56": "E", "57": "E", "72": "E", "75": "E", "83": "W", "93": "E", "131": "E", "156": "W", "174": "E", "0": "E", "35": "S", "46": "E", "76": "W", "132": "S", "149": "E", "152": "E", "164": "E", "99": "E", "18": "W", "62": "S", "141": "E", "159": "W", "28": "W"}, {"58": "N", "87": "N", "113": "W", "136": "N", "167": "W", "98": "S", "108": "S", "151": "S", "10": "S", "40": "S", "161": "S", "128": "E", "11": "W", "38": "W", "7": "W", "60": "W", "14": "W", "24": "W", "53": "W", "64": "W", "102": "W", "6": "W", "37": "W", "117": "W", "171": "S", "5": "W", "54": "W", "162": "W", "70": "E", "153": "N", "179": "E", "125": "S", "9": "N", "23": "S", "29": "W", "36": "W", "39": "W", "51": "E", "61": "N", "63": "W", "71": "E", "77": "S", "86": "E", "96": "S", "97": "W", "103": "E", "106": "S", "120": "N", "126": "S", "134": "S", "148": "N", "1": "N", "2": "E", "21": "W", "31": "E", "41": "W", "43": "E", "47": "W", "79": "S", "81": "S", "84": "N", "89": "W", "100": "S", "104": "S", "109": "S", "112": "W", "114": "N", "121": "N", "130": "E", "135": "E", "138": "S", "147": "E", "155": "S", "166": "S", "17": "S", "19": "W", "20": "S", "25": "S", "44": "S", "48": "N", "50": "W", "59": "S", "88": "E", "110": "E", "115": "E", "119": "S", "122": "E", "123": "W", "140": "W", "142": "W", "145": "S", "158": "E", "13": "E", "27": "S", "30": "E", "34": "N", "42": "E", "52": "E", "55": "S", "94": "N", "116": "W", "129": "S", "146": "S", "154": "W", "168": "E", "173": "E", "178": "S", "4": "S", "26": "E", "56": "E", "57": "E", "72": "E", "75": "E", "83": "W", "93": "E", "131": "E", "156": "W", "174": "E", "0": "E", "35": "S", "46": "E", "76": "W", "132": "S", "149": "E", "152": "E", "164": "E", "99": "E", "18": "W", "62": "S", "141": "E", "159": "W", "28": "W"}, {"87": "N", "157": "N", "136": "N", "120": "N", "108": "S", "40": "S", "161": "S", "68": "S", "128": "S", "125": "S", "23": "S", "126": "S", "134": "S", "11": "W", "38": "W", "7": "W", "60": "W", "14": "W", "24": "W", "53": "W", "64": "W", "6": "W", "37": "W", "117": "W", "5": "S", "54": "W", "66": "W", "162": "W", "36": "W", "39": "W", "63": "W", "97": "W", "70": "E", "179": "E", "51": "E", "86": "N", "177": "S", "1": "N", "2": "E", "21": "W", "31": "E", "41": "W", "43": "E", "47": "W", "79": "S", "81": "S", "84": "N", "89": "W", "100": "S", "104": "S", "109": "S", "112": "W", "114": "N", "121": "N", "130": "E", "135": "E", "138": "S", "147": "E", "155": "S", "166": "S", "17": "S", "19": "W", "20": "S", "25": "S", "44": "S", "48": "N", "50": "W", "59": "S", "88": "E", "110": "E", "115": "E", "119": "S", "122": "E", "123": "W", "140": "W", "142": "W", "145": "S", "158": "E", "13": "E", "27": "S", "30": "E", "34": "N", "42": "E", "52": "E", "55": "S", "94": "N", "116": "W", "129": "S", "146": "S", "154": "W", "168": "E", "173": "E", "178": "S", "4": "S", "26": "E", "56": "E", "57": "E", "72": "E", "75": "E", "83": "W", "93": "E", "131": "E", "156": "W", "174": "E", "0": "E", "35": "S", "46": "E", "76": "W", "132": "S", "149": "E", "152": "E", "164": "E", "99": "E", "18": "W", "62": "S", "141": "E", "159": "W", "28": "W"}, {"136": "N", "1": "E", "151": "S", "10": "S", "161": "S", "68": "S", "128": "S", "77": "S", "126": "S", "134": "W", "177": "S", "79": "S", "81": "E", "100": "S", "104": "W", "109": "S", "138": "S", "60": "N", "67": "W", "14": "W", "24": "N", "64": "W", "107": "W", "6": "W", "101": "W", "3": "W", "5": "W", "66": "W", "36": "W", "47": "W", "89": "W", "179": "E", "31": "E", "43": "E", "130": "E", "147": "E", "17": "S", "19": "W", "20": "S", "25": "S", "44": "S", "48": "N", "50": "W", "59": "S", "88": "E", "110": "E", "115": "E", "119": "S", "122": "E", "123": "W", "142": "W", "145": "S", "158": "E", "13": "E", "27": "S", "30": "E", "34": "N", "42": "E", "52": "E", "55": "S", "94": "N", "116": "W", "129": "S", "146": "S", "154": "W", "168": "E", "173": "E", "178": "S", "4": "S", "26": "E", "56": "E", "57": "E", "72": "E", "75": "E", "83": "W", "93": "E", "131": "E", "156": "W", "174": "E", "0": "E", "35": "S", "46": "E", "76": "W", "132": "S", "149": "E", "152": "E", "164": "E", "99": "E", "18": "W", "62": "S", "141": "E", "159": "W", "28": "W"}, {"136": "W", "121": "N", "48": "N", "151": "S", "10": "S", "161": "S", "68": "S", "77": "S", "126": "S", "79": "S", "109": "S", "138": "S", "17": "S", "20": "S", "25": "S", "44": "S", "119": "S", "38": "W", "7": "W", "14": "N", "64": "W", "6": "W", "37": "W", "176": "W", "5": "W", "54": "W", "66": "N", "162": "W", "36": "W", "39": "W", "63": "W", "41": "W", "47": "W", "89": "W", "112": "W", "19": "W", "50": "W", "123": "W", "163": "E", "70": "E", "153": "E", "179": "N", "51": "E", "71": "E", "2": "E", "43": "E", "130": "E", "135": "E", "88": "E", "122": "N", "140": "W", "13": "E", "27": "S", "30": "E", "34": "N", "42": "E", "52": "E", "55": "S", "94": "N", "116": "W", "129": "S", "146": "S", "154": "W", "168": "E", "173": "E", "178": "S", "4": "S", "26": "E", "56": "E", "57": "E", "72": "E", "75": "E", "83": "W", "93": "E", "131": "E", "156": "W", "174": "E", "0": "E", "35": "S", "46": "E", "76": "W", "132": "S", "149": "E", "152": "E", "164": "E", "99": "E", "18": "W", "62": "S", "141": "E", "159": "W", "28": "W"}, {"48": "N", "34": "N", "161": "S", "126": "E", "79": "W", "109": "E", "17": "S", "119": "E", "27": "S", "129": "S", "64": "S", "6": "S", "37": "W", "54": "W", "66": "W", "36": "S", "63": "W", "41": "W", "47": "W", "89": "S", "19": "W", "123": "W", "116": "W", "49": "E", "70": "E", "111": "E", "51": "E", "86": "E", "2": "E", "43": "N", "130": "N", "135": "E", "147": "E", "110": "E", "42": "E", "52": "E", "168": "E", "4": "S", "26": "E", "56": "E", "57": "E", "72": "E", "75": "E", "83": "W", "93": "E", "131": "E", "174": "E", "0": "E", "35": "S", "46": "E", "76": "W", "132": "S", "149": "E", "152": "E", "164": "E", "99": "E", "18": "W", "62": "S", "141": "E", "159": "W", "28": "W"}, {"48": "W", "34": "W", "161": "W", "68": "S", "128": "S", "177": "S", "138": "S", "17": "S", "25": "S", "44": "S", "59": "S", "27": "S", "55": "S", "129": "E", "178": "S", "4": "S", "60": "W", "118": "W", "24": "W", "37": "S", "8": "W", "66": "W", "47": "N", "50": "W", "123": "W", "116": "W", "83": "W", "71": "E", "130": "E", "147": "E", "88": "E", "110": "E", "115": "E", "30": "E", "168": "E", "57": "E", "72": "E", "75": "E", "131": "E", "156": "W", "35": "S", "46": "E", "132": "S", "149": "E", "152": "E", "164": "E", "99": "E", "18": "W", "62": "S", "141": "E", "159": "W", "28": "W"}, {"17": "S", "25": "S", "27": "S", "178": "S", "4": "S", "150": "W", "60": "W", "24": "W", "32": "W", "143": "W", "54": "W", "133": "W", "63": "W", "41": "W", "19": "W", "50": "W", "123": "W", "116": "W", "83": "W", "153": "E", "130": "E", "88": "S", "115": "E", "168": "E", "173": "E", "57": "E", "75": "E", "131": "E", "46": "E", "149": "E", "0": "E", "76": "W", "99": "E", "18": "W", "62": "S", "141": "E", "159": "W", "28": "W"}, {"79": "S", "17": "W", "25": "S", "178": "S", "38": "W", "7": "W", "54": "N", "162": "W", "39": "W", "112": "W", "19": "W", "50": "S", "123": "W", "116": "W", "154": "W", "83": "W", "168": "N", "75": "N", "131": "E", "18": "W", "141": "E", "159": "W", "28": "W"}, {"98": "S", "96": "S", "79": "S", "25": "E", "27": "S", "178": "S", "4": "S", "137": "W", "80": "W", "91": "W", "165": "W", "63": "W", "41": "W", "19": "N", "123": "W", "116": "W", "57": "E", "75": "E", "131": "N", "149": "E", "62": "S", "159": "W", "28": "W"}, {"27": "S", "178": "E", "4": "S", "38": "W", "7": "W", "162": "W", "39": "W", "63": "W", "41": "W", "112": "W", "123": "S", "154": "W", "83": "W", "18": "W", "86": "E", "57": "S", "75": "E", "93": "E", "141": "E", "28": "W"}, {"27": "E", "63": "S", "116": "W", "83": "W", "149": "E"}, {"4": "S", "41": "W", "116": "W", "83": "S", "149": "E"}, {"4": "S", "41": "W", "116": "S", "149": "N"}, {"4": "W", "41": "S"}, {"171": "N"}, {"171": "E"}, {"171": "E"}, {"171": "E"}, {"171": "E"}, {"171": "E"}, {"171": "E"}, {"171": "E"}, {"171": "E"}, {"171": "E"}, {"171": "E"}, {"171": "E"}, {"171": "E"}, {"171": "E"}, {"171": "E"}, {"171": "E"}, {"171": "E"}, {"171": "E"}, {"171": "E"}, {"171": "E"}, {"171": "E"}, {"171": "E"}, {"171": "E"}, {"171": "E"}, {"171": "E"}, {"171": "E"}, {"171": "E"}, {"171": "E"}, {"171": "E"}, {"171": "E"}, {"171": "E"}, {"171": "E"}, {"171": "N"}, {"171": "N"}, {"52": "N"}, {"52": "W"}, {"52": "W"}, {"52": "W"}, {"52": "W"}, {"52": "W"}, {"52": "W"}, {"52": "W"}, {"52": "W"}, {"52": "W"}, {"52": "W"}, {"52": "W"}, {"52": "W"}, {"52": "N"}, {"52": "N"}, {"52": "N"}, {"52": "N"}, {"52": "N"}, {"52": "N"}, {"52": "N"}, {"52": "N"}, {"52": "N"}, {"52": "N"}, {"52": "N"}, {"134": "E"}, {"134": "N"}, {"134": "N"}, {"134": "W"}, {"134": "W"}, {"134": "N"}, {"134": "N"}, {"134": "N"}, {"134": "N"}, {"134": "N"}, {"134": "N"}, {"134": "N"}, {"134": "N"}, {"134": "N"}, {"134": "N"}, {"134": "N"}, {"134": "N"}, {"134": "N"}, {"134": "N"}, {"134": "N"}, {"134": "N"}, {"134": "N"}, {"134": "N"}, {"134": "N"}, {"134": "N"}, {"134": "N"}, {"134": "N"}, {"134": "N"}, {"134": "N"}, {"134": "N"}, {"134": "N"}, {"134": "N"}, {"91": "N"}, {"91": "E"}, {"91": "E"}, {"91": "E"}, {"91": "E"}, {"91": "E"}, {"91": "E"}, {"91": "E"}, {"91": "E"}, {"91": "E"}, {"91": "E"}, {"91": "E"}, {"91": "E"}, {"91": "E"}, {"91": "E"}, {"91": "E"}, {"91": "E"}, {"91": "E"}, {"91": "E"}, {"91": "E"}, {"91": "E"}, {"91": "E"}, {"91": "E"}, {"91": "E"}, {"91": "E"}, {"91": "E"}, {"91": "E"}, {"91": "E"}, {"91": "E"}, {"91": "E"}, {"91": "E"}, {"91": "E"}, {"91": "N"}, {"91": "N"}, {"65": "E"}, {"65": "E"}, {"65": "E"}, {"65": "E"}, {"65": "E"}, {"65": "E"}, {"65": "E"}, {"65": "E"}, {"65": "E"}, {"65": "E"}, {"65": "E"}, {"65": "E"}, {"65": "E"}, {"65": "E"}, {"65": "E"}, {"65": "E"}, {"65": "E"}, {"65": "E"}, {"65": "E"}, {"65": "E"}, {"65": "E"}, {"65": "E"}, {"65": "E"}, {"65": "E"}, {"65": "E"}, {"65": "E"}, {"65": "E"}, {"65": "N"}, {"65": "N"}, {"65": "N"}, {"12": "N"}, {"12": "W"}, {"12": "W"}, {"12": "W"}, {"12": "W"}, {"12": "W"}, {"12": "W"}, {"12": "W"}, {"12": "W"}, {"12": "W"}, {"12": "W"}, {"12": "N"}, {"12": "N"}, {"12": "N"}, {"12": "N"}, {"12": "N"}, {"12": "N"}, {"12": "N"}, {"12": "N"}, {"12": "N"}, {"12": "N"}, {"12": "N"}, {"12": "N"}, {"12": "N"}, {"12": "N"}, {"12": "N"}, {"12": "N"}, {"153": "E"}, {"153": "N"}, {"153": "N"}, {"153": "W"}, {"153": "W"}, {"153": "W"}, {"153": "W"}, {"153": "W"}, {"153": "W"}, {"153": "W"}, {"153": "W"}, {"153": "W"}, {"153": "W"}, {"153": "W"}, {"153": "W"}, {"153": "W"}, {"153": "W"}, {"153": "W"}, {"153": "W"}, {"153": "N"}, {"153": "N"}, {"153": "N"}, {"153": "N"}, {"153": "N"}, {"153": "N"}, {"153": "N"}, {"144": "S"}, {"144": "E"}, {"144": "E"}, {"144": "E"}, {"144": "E"}, {"144": "E"}, {"144": "E"}, {"144": "E"}, {"144": "E"}, {"144": "E"}, {"144": "E"}, {"144": "E"}, {"144": "E"}, {"144": "E"}, {"144": "E"}, {"144": "E"}, {"144": "E"}, {"144": "E"}, {"144": "E"}, {"144": "E"}, {"144": "E"}, {"144": "E"}, {"144": "E"}, {"144": "E"}, {"144": "E"}, {"144": "E"}, {"144": "E"}, {"144": "E"}, {"144": "E"}, {"144": "E"}, {"144": "E"}, {"144": "E"}, {"131": "N"}, {"131": "W"}, {"131": "N"}, {"131": "W"}, {"131": "W"}, {"131": "W"}, {"131": "W"}, {"131": "W"}, {"131": "W"}, {"131": "W"}, {"131": "W"}, {"131": "W"}, {"131": "W"}, {"131": "W"}, {"131": "W"}, {"131": "W"}, {"131": "W"}, {"131": "W"}, {"131": "W"}, {"131": "N"}, {"131": "N"}, {"131": "N"}, {"131": "N"}, {"131": "N"}, {"111": "S"}, {"111": "W"}, {"111": "W"}, {"111": "W"}, {"111": "W"}, {"111": "W"}, {"111": "W"}, {"111": "W"}, {"111": "W"}, {"111": "W"}, {"111": "W"}, {"111": "W"}, {"111": "W"}, {"111": "W"}, {"111": "N"}, {"111": "N"}, {"111": "N"}, {"111": "N"}, {"111": "N"}, {"111": "N"}, {"42": "N"}, {"42": "W"}, {"42": "W"}, {"42": "W"}, {"42": "W"}, {"42": "W"}, {"42": "W"}, {"42": "W"}, {"42": "W"}, {"42": "W"}, {"42": "W"}, {"42": "W"}, {"42": "W"}, {"42": "N"}, {"42": "N"}, {"42": "N"}, {"42": "N"}, {"42": "N"}, {"42": "N"}, {"42": "N"}, {"42": "N"}, {"42": "N"}, {"42": "N"}, {"42": "N"}, {"42": "N"}, {"42": "N"}, {"42": "N"}, {"74": "W"}, {"74": "W"}, {"74": "W"}, {"74": "W"}, {"74": "W"}, {"74": "W"}, {"74": "W"}, {"74": "W"}, {"74": "W"}, {"74": "W"}, {"74": "N"}, {"74": "N"}, {"74": "N"}, {"74": "N"}, {"74": "N"}, {"74": "N"}, {"74": "N"}, {"74": "N"}, {"74": "N"}, {"74": "N"}, {"74": "N"}, {"74": "N"}, {"74": "N"}, {"74": "N"}, {"74": "N"}, {"74": "N"}, {"118": "S"}, {"118": "E"}, {"118": "E"}, {"118": "E"}, {"118": "E"}, {"118": "E"}, {"118": "E"}, {"118": "E"}, {"118": "E"}, {"118": "E"}, {"118": "E"}, {"118": "E"}, {"118": "E"}, {"118": "E"}, {"118": "E"}, {"118": "E"}, {"118": "E"}, {"118": "E"}, {"118": "E"}, {"118": "E"}, {"118": "E"}, {"118": "E"}, {"118": "E"}, {"118": "E"}, {"118": "E"}, {"118": "E"}, {"118": "E"}, {"118": "E"}, {"118": "E"}, {"118": "E"}, {"118": "E"}, {"118": "S"}, {"118": "S"}, {"118": "E"}, {"118": "S"}, {"118": "S"}, {"94": "E"}, {"94": "S"}, {"94": "S"}, {"94": "S"}, {"94": "S"}, {"94": "S"}, {"94": "S"}, {"94": "S"}, {"94": "S"}, {"94": "W"}, {"94": "S"}, {"2": "N"}, {"2": "W"}, {"2": "W"}, {"2": "W"}, {"2": "W"}, {"2": "N"}, {"2": "W"}, {"2": "W"}, {"2": "W"}, {"2": "W"}, {"2": "W"}, {"2": "W"}, {"2": "W"}, {"2": "W"}, {"2": "W"}, {"2": "W"}, {"2": "W"}, {"2": "N"}, {"2": "N"}, {"2": "N"}, {"2": "N"}, {"2": "N"}, {"2": "N"}, {"2": "N"}, {"103": "W"}, {"103": "W"}, {"103": "W"}, {"103": "W"}, {"103": "W"}, {"103": "W"}, {"103": "W"}, {"103": "W"}, {"103": "W"}, {"103": "W"}, {"103": "W"}, {"103": "W"}, {"103": "N"}, {"103": "N"}, {"103": "N"}, {"103": "N"}, {"103": "N"}, {"103": "N"}, {"103": "N"}, {"103": "N"}, {"103": "N"}, {"103": "N"}, {"103": "N"}, {"103": "N"}, {"103": "N"}, {"103": "N"}, {"103": "N"}, {"103": "N"}, {"103": "N"}, {"31": "N"}, {"31": "W"}, {"31": "W"}, {"31": "W"}, {"31": "W"}, {"31": "W"}, {"31": "W"}, {"31": "W"}, {"31": "W"}, {"31": "W"}, {"31": "W"}, {"31": "S"}, {"31": "W"}, {"31": "W"}, {"31": "W"}, {"31": "W"}, {"31": "N"}, {"31": "N"}, {"174": "W"}, {"174": "W"}, {"174": "W"}, {"174": "W"}, {"174": "W"}, {"174": "N"}, {"174": "W"}, {"174": "W"}, {"174": "W"}, {"174": "W"}, {"174": "W"}, {"174": "W"}, {"174": "W"}, {"174": "W"}, {"174": "W"}, {"174": "N"}, {"174": "N"}, {"163": "S"}, {"163": "W"}, {"163": "W"}, {"163": "W"}, {"163": "W"}, {"163": "W"}, {"163": "W"}, {"163": "W"}, {"163": "W"}, {"163": "W"}, {"163": "W"}, {"163": "W"}, {"163": "W"}, {"163": "N"}, {"163": "N"}, {"163": "N"}, {"163": "N"}, {"163": "N"}, {"163": "N"}, {"163": "N"}, {"163": "N"}, {"163": "N"}, {"163": "N"}, {"163": "N"}, {"163": "N"}, {"163": "N"}, {"71": "N"}, {"71": "W"}, {"71": "W"}, {"71": "W"}, {"71": "W"}, {"71": "W"}, {"71": "W"}, {"71": "W"}, {"71": "W"}, {"71": "W"}, {"71": "W"}, {"71": "W"}, {"71": "W"}, {"71": "W"}, {"71": "W"}, {"71": "W"}, {"71": "W"}, {"71": "W"}, {"71": "N"}, {"71": "N"}, {"71": "N"}, {"71": "N"}, {"71": "N"}, {"14": "S"}, {"14": "E"}, {"14": "E"}, {"14": "E"}, {"14": "E"}, {"14": "E"}, {"14": "E"}, {"14": "E"}, {"14": "E"}, {"14": "E"}, {"14": "E"}, {"14": "E"}, {"14": "E"}, {"14": "E"}, {"14": "E"}, {"14": "E"}, {"14": "E"}, {"14": "E"}, {"14": "E"}, {"14": "E"}, {"14": "E"}, {"14": "E"}, {"14": "E"}, {"14": "E"}, {"14": "E"}, {"14": "E"}, {"14": "E"}, {"14": "E"}, {"14": "E"}, {"14": "E"}, {"14": "E"}, {"14": "E"}, {"178": "E"}, {"178": "E"}, {"178": "E"}, {"178": "E"}, {"178": "E"}, {"178": "E"}, {"178": "N"}, {"178": "N"}, {"178": "N"}, {"178": "N"}, {"178": "N"}, {"178": "N"}, {"178": "N"}, {"178": "N"}, {"178": "N"}, {"178": "N"}, {"178": "N"}, {"178": "N"}, {"178": "N"}, {"178": "N"}, {"178": "N"}, {"178": "N"}, {"178": "N"}, {"178": "N"}, {"178": "N"}, {"38": "N"}, {"38": "E"}, {"38": "N"}, {"38": "E"}, {"38": "E"}, {"38": "E"}, {"38": "E"}, {"38": "E"}, {"38": "E"}, {"38": "E"}, {"38": "E"}, {"38": "E"}, {"38": "E"}, {"38": "E"}, {"38": "E"}, {"38": "E"}, {"38": "E"}, {"38": "E"}, {"38": "E"}, {"38": "E"}, {"38": "E"}, {"38": "E"}, {"38": "E"}, {"38": "E"}, {"38": "E"}, {"38": "E"}, {"38": "E"}, {"38": "E"}, {"38": "E"}, {"38": "E"}, {"38": "E"}, {"38": "E"}, {"38": "E"}, {"38": "E"}, {"38": "S"}, {"38": "E"}, {"147": "N"}, {"147": "W"}, {"147": "W"}, {"147": "W"}, {"147": "W"}, {"147": "W"}, {"147": "S"}, {"147": "S"}, {"147": "S"}, {"147": "S"}, {"147": "S"}, {"128": "W"}, {"128": "N"}, {"128": "N"}, {"128": "N"}, {"128": "N"}, {"128": "E"}, {"128": "E"}, {"128": "E"}, {"128": "E"}, {"128": "E"}, {"128": "E"}, {"128": "E"}, {"128": "E"}, {"128": "N"}, {"128": "N"}, {"128": "N"}, {"128": "N"}, {"128": "N"}, {"128": "N"}, {"128": "N"}, {"128": "N"}, {"128": "N"}, {"128": "N"}, {"128": "N"}, {"128": "N"}, {"128": "N"}, {"128": "N"}, {"47": "N"}, {"47": "E"}, {"47": "N"}, {"47": "E"}, {"47": "E"}, {"47": "E"}, {"47": "E"}, {"47": "E"}, {"47": "E"}, {"47": "E"}, {"47": "E"}, {"47": "E"}, {"47": "E"}, {"47": "E"}, {"47": "E"}, {"47": "E"}, {"47": "E"}, {"47": "E"}, {"47": "E"}, {"47": "E"}, {"47": "E"}, {"47": "E"}, {"47": "E"}, {"47": "E"}, {"47": "E"}, {"164": "W"}, {"164": "W"}, {"164": "W"}, {"164": "S"}, {"164": "S"}, {"164": "S"}, {"164": "S"}, {"66": "E"}, {"66": "S"}, {"66": "E"}, {"66": "E"}, {"66": "E"}, {"66": "E"}, {"66": "E"}, {"66": "E"}, {"66": "E"}, {"66": "E"}, {"66": "E"}, {"66": "E"}, {"66": "E"}, {"66": "E"}, {"66": "E"}, {"66": "E"}, {"66": "E"}, {"66": "E"}, {"66": "E"}, {"66": "E"}, {"66": "E"}, {"66": "E"}, {"66": "N"}, {"66": "N"}, {"59": "W"}, {"59": "N"}, {"59": "N"}, {"59": "E"}, {"59": "E"}, {"59": "E"}, {"59": "E"}, {"59": "E"}, {"59": "E"}, {"59": "E"}, {"59": "E"}, {"59": "N"}, {"59": "N"}, {"59": "N"}, {"59": "N"}, {"59": "N"}, {"59": "N"}, {"59": "N"}, {"59": "N"}, {"59": "N"}, {"59": "N"}, {"59": "N"}, {"59": "N"}, {"59": "N"}, {"176": "N"}, {"176": "E"}, {"176": "E"}, {"176": "E"}, {"176": "E"}, {"176": "E"}, {"176": "E"}, {"176": "E"}, {"176": "E"}, {"176": "E"}, {"176": "E"}, {"176": "E"}, {"176": "E"}, {"176": "E"}, {"176": "E"}, {"176": "E"}, {"176": "E"}, {"176": "E"}, {"176": "S"}, {"146": "N"}, {"146": "E"}, {"146": "E"}, {"146": "E"}, {"146": "E"}, {"146": "E"}, {"146": "E"}, {"146": "E"}, {"146": "E"}, {"146": "E"}, {"146": "E"}, {"146": "E"}, {"146": "E"}, {"146": "N"}, {"146": "N"}, {"146": "N"}, {"146": "N"}, {"146": "N"}, {"146": "N"}, {"146": "N"}, {"146": "N"}, {"146": "N"}, {"93": "S"}, {"93": "W"}, {"93": "W"}, {"93": "W"}, {"93": "W"}, {"93": "W"}, {"93": "N"}, {"93": "W"}, {"93": "W"}, {"93": "W"}, {"93": "W"}, {"93": "W"}, {"93": "W"}, {"93": "W"}, {"93": "W"}, {"93": "W"}, {"93": "W"}, {"93": "W"}, {"93": "W"}, {"93": "W"}, {"93": "W"}, {"93": "W"}, {"93": "W"}, {"93": "W"}, {"93": "W"}, {"93": "N"}, {"93": "N"}, {"93": "N"}, {"93": "N"}, {"93": "N"}, {"93": "N"}, {"93": "N"}, {"93": "N"}, {"93": "N"}, {"93": "N"}, {"93": "N"}, {"44": "E"}, {"44": "N"}, {"44": "N"}, {"44": "N"}, {"44": "E"}, {"44": "E"}, {"44": "E"}, {"44": "E"}, {"44": "E"}, {"44": "E"}, {"44": "N"}, {"44": "N"}, {"44": "N"}, {"44": "N"}, {"44": "N"}, {"44": "N"}, {"44": "N"}, {"44": "N"}, {"44": "N"}, {"44": "N"}, {"26": "W"}, {"26": "S"}, {"26": "S"}, {"26": "W"}, {"26": "W"}, {"26": "S"}, {"173": "S"}, {"173": "W"}, {"173": "W"}, {"173": "W"}, {"173": "N"}, {"173": "W"}, {"173": "W"}, {"173": "W"}, {"173": "W"}, {"173": "W"}, {"173": "W"}, {"173": "W"}, {"173": "W"}, {"173": "W"}, {"173": "W"}, {"173": "W"}, {"173": "W"}, {"173": "W"}, {"173": "W"}, {"173": "W"}, {"173": "W"}, {"173": "W"}, {"173": "W"}, {"173": "W"}, {"173": "W"}, {"173": "N"}, {"173": "N"}, {"173": "N"}, {"173": "N"}, {"173": "N"}, {"173": "N"}, {"173": "N"}, {"169": "E"}, {"169": "E"}, {"169": "E"}, {"169": "E"}, {"169": "E"}, {"169": "E"}, {"169": "E"}, {"169": "E"}, {"169": "E"}, {"169": "E"}, {"169": "N"}, {"169": "N"}, {"169": "N"}, {"169": "N"}, {"169": "N"}, {"169": "N"}, {"169": "N"}, {"169": "N"}, {"169": "N"}, {"169": "N"}, {"169": "N"}, {"169": "N"}, {"169": "N"}, {"156": "E"}, {"156": "E"}, {"156": "E"}, {"156": "E"}, {"156": "E"}, {"156": "E"}, {"156": "E"}, {"156": "E"}, {"156": "E"}, {"156": "E"}, {"156": "E"}, {"156": "E"}, {"156": "E"}, {"156": "E"}, {"156": "N"}, {"56": "W"}, {"56": "W"}, {"56": "W"}, {"56": "S"}, {"56": "W"}, {"56": "W"}, {"56": "W"}, {"56": "W"}, {"56": "W"}, {"56": "W"}, {"56": "W"}, {"56": "W"}, {"56": "W"}, {"56": "W"}, {"56": "N"}, {"51": "N"}, {"51": "W"}, {"51": "W"}, {"51": "W"}, {"51": "W"}, {"51": "W"}, {"51": "N"}, {"51": "W"}, {"51": "W"}, {"51": "W"}, {"51": "W"}, {"51": "W"}, {"51": "W"}, {"51": "W"}, {"51": "W"}, {"51": "W"}, {"51": "W"}, {"51": "W"}, {"51": "W"}, {"51": "W"}, {"51": "W"}, {"51": "W"}, {"51": "W"}, {"51": "W"}, {"51": "W"}, {"51": "W"}, {"51": "N"}, {"51": "N"}, {"51": "N"}, {"51": "N"}, {"51": "N"}, {"51": "N"}, {"43": "S"}, {"43": "W"}, {"43": "W"}, {"43": "W"}, {"43": "W"}, {"43": "S"}, {"43": "S"}, {"43": "S"}, {"23": "E"}, {"23": "N"}, {"23": "N"}, {"23": "W"}, {"23": "W"}, {"23": "W"}, {"23": "N"}, {"23": "N"}, {"23": "N"}, {"23": "N"}, {"23": "N"}, {"23": "N"}, {"23": "N"}, {"23": "N"}, {"23": "N"}, {"23": "N"}, {"23": "N"}, {"23": "N"}, {"23": "N"}, {"23": "N"}, {"23": "N"}, {"23": "N"}, {"23": "N"}, {"23": "N"}, {"23": "N"}, {"23": "N"}, {"23": "N"}, {"23": "N"}, {"23": "N"}, {"23": "N"}, {"23": "N"}, {"23": "N"}, {"23": "N"}, {"8": "S"}, {"8": "E"}, {"8": "E"}, {"8": "E"}, {"8": "E"}, {"8": "E"}, {"8": "E"}, {"8": "E"}, {"8": "E"}, {"8": "E"}, {"8": "E"}, {"8": "E"}, {"8": "E"}, {"8": "E"}, {"8": "E"}, {"8": "E"}, {"8": "E"}, {"8": "E"}, {"161": "E"}, {"161": "N"}, {"161": "N"}, {"161": "N"}, {"161": "N"}, {"161": "N"}, {"161": "N"}, {"161": "E"}, {"161": "E"}, {"161": "E"}, {"161": "E"}, {"161": "E"}, {"161": "E"}, {"161": "E"}, {"161": "E"}, {"161": "E"}, {"161": "E"}, {"161": "E"}, {"161": "N"}, {"161": "N"}, {"161": "N"}, {"161": "N"}, {"161": "N"}, {"161": "N"}, {"161": "N"}, {"161": "N"}, {"161": "N"}, {"130": "W"}, {"130": "N"}, {"130": "N"}, {"130": "W"}, {"130": "W"}, {"130": "W"}, {"130": "W"}, {"130": "W"}, {"130": "W"}, {"130": "W"}, {"130": "W"}, {"130": "W"}, {"130": "W"}, {"130": "W"}, {"130": "W"}, {"130": "W"}, {"130": "W"}, {"130": "W"}, {"130": "N"}, {"130": "W"}, {"130": "W"}, {"130": "W"}, {"130": "W"}, {"130": "W"}, {"130": "W"}, {"130": "W"}, {"130": "W"}, {"130": "W"}, {"130": "W"}, {"130": "W"}, {"130": "W"}, {"130": "W"}, {"130": "N"}, {"130": "N"}, {"130": "N"}, {"130": "N"}, {"130": "N"}, {"130": "N"}, {"129": "W"}, {"129": "N"}, {"129": "N"}, {"129": "W"}, {"129": "W"}, {"129": "W"}, {"129": "W"}, {"129": "W"}, {"129": "N"}, {"129": "N"}, {"129": "N"}, {"129": "N"}, {"129": "N"}, {"129": "N"}, {"129": "N"}, {"129": "N"}, {"129": "N"}, {"129": "N"}, {"129": "N"}, {"129": "N"}, {"129": "N"}, {"129": "N"}, {"129": "N"}, {"129": "N"}, {"129": "N"}, {"129": "N"}, {"129": "N"}, {"129": "N"}, {"129": "N"}, {"129": "N"}, {"129": "N"}, {"129": "N"}, {"129": "N"}, {"129": "N"}, {"129": "N"}, {"129": "N"}, {"120": "W"}, {"120": "S"}, {"120": "S"}, {"120": "E"}, {"120": "E"}, {"120": "E"}, {"120": "E"}, {"120": "E"}, {"120": "E"}, {"120": "E"}, {"120": "E"}, {"120": "S"}, {"120": "S"}, {"120": "S"}, {"120": "S"}, {"120": "S"}, {"120": "S"}, {"120": "S"}, {"120": "E"}, {"120": "S"}, {"120": "S"}, {"120": "S"}, {"120": "S"}, {"120": "S"}, {"120": "S"}, {"120": "S"}, {"155": "N"}, {"155": "W"}, {"155": "N"}, {"155": "N"}, {"155": "N"}, {"155": "N"}, {"155": "N"}, {"155": "N"}, {"155": "N"}, {"155": "N"}, {"155": "N"}, {"155": "N"}, {"155": "N"}, {"155": "N"}, {"155": "N"}, {"155": "N"}, {"155": "N"}, {"155": "N"}, {"155": "N"}, {"155": "N"}, {"155": "N"}, {"155": "N"}, {"155": "N"}, {"155": "N"}, {"155": "N"}, {"155": "N"}, {"152": "W"}, {"152": "W"}, {"152": "W"}, {"152": "N"}, {"152": "W"}, {"152": "W"}, {"152": "W"}, {"152": "W"}, {"152": "W"}, {"152": "W"}, {"152": "W"}, {"152": "W"}, {"152": "W"}, {"152": "N"}, {"152": "W"}, {"152": "W"}, {"152": "W"}, {"152": "W"}, {"152": "W"}, {"152": "W"}, {"152": "W"}, {"152": "W"}, {"152": "W"}, {"152": "W"}, {"152": "W"}, {"152": "W"}, {"152": "W"}, {"152": "W"}, {"152": "N"}, {"152": "N"}, {"152": "N"}, {"152": "N"}, {"152": "N"}, {"152": "N"}, {"139": "E"}, {"139": "E"}, {"139": "E"}, {"139": "E"}, {"139": "E"}, {"139": "E"}, {"139": "E"}, {"139": "E"}, {"139": "E"}, {"139": "E"}, {"139": "E"}, {"139": "E"}, {"139": "E"}, {"139": "E"}, {"139": "E"}, {"139": "E"}, {"139": "S"}, {"102": "S"}, {"102": "E"}, {"102": "E"}, {"102": "E"}, {"102": "E"}, {"102": "E"}, {"102": "E"}, {"102": "E"}, {"102": "E"}, {"102": "E"}, {"102": "E"}, {"102": "E"}, {"102": "E"}, {"102": "E"}, {"102": "E"}, {"102": "S"}, {"102": "S"}, {"102": "E"}, {"102": "S"}, {"86": "S"}, {"86": "W"}, {"86": "W"}, {"86": "W"}, {"86": "W"}, {"86": "W"}, {"86": "W"}, {"86": "S"}, {"86": "S"}, {"86": "S"}, {"86": "S"}, {"86": "S"}, {"86": "S"}, {"86": "W"}, {"86": "W"}, {"86": "W"}, {"77": "W"}, {"77": "N"}, {"77": "N"}, {"77": "N"}, {"77": "E"}, {"77": "E"}, {"77": "E"}, {"77": "E"}, {"77": "E"}, {"77": "E"}, {"77": "E"}, {"77": "E"}, {"77": "E"}, {"77": "E"}, {"77": "N"}, {"77": "N"}, {"77": "N"}, {"77": "N"}, {"77": "N"}, {"77": "N"}, {"77": "N"}, {"77": "N"}, {"77": "N"}, {"30": "N"}, {"30": "W"}, {"30": "W"}, {"30": "W"}, {"30": "W"}, {"30": "W"}, {"30": "W"}, {"30": "W"}, {"30": "W"}, {"30": "W"}, {"30": "W"}, {"30": "W"}, {"30": "W"}, {"30": "W"}, {"30": "N"}, {"30": "W"}, {"30": "W"}, {"30": "W"}, {"30": "W"}, {"30": "W"}, {"30": "W"}, {"30": "W"}, {"30": "W"}, {"30": "W"}, {"30": "W"}, {"30": "N"}, {"30": "N"}, {"29": "E"}, {"29": "E"}, {"29": "E"}, {"29": "E"}, {"29": "E"}, {"29": "E"}, {"29": "E"}, {"29": "E"}, {"29": "E"}, {"29": "S"}, {"29": "E"}, {"29": "S"}, {"29": "E"}, {"29": "E"}, {"17": "E"}, {"17": "N"}, {"17": "N"}, {"17": "N"}, {"17": "N"}, {"17": "N"}, {"17": "E"}, {"17": "E"}, {"17": "E"}, {"17": "E"}, {"17": "E"}, {"17": "E"}, {"17": "N"}, {"17": "N"}, {"17": "N"}, {"17": "N"}, {"17": "N"}, {"17": "N"}, {"17": "N"}, {"17": "N"}, {"17": "N"}, {"17": "N"}, {"17": "N"}, {"17": "N"}, {"17": "N"}, {"13": "W"}, {"13": "S"}, {"13": "W"}, {"13": "W"}, {"13": "W"}, {"13": "W"}, {"13": "W"}, {"13": "S"}, {"159": "E"}, {"159": "E"}, {"159": "E"}, {"159": "E"}, {"159": "E"}, {"159": "E"}, {"159": "E"}, {"159": "E"}, {"159": "E"}, {"159": "E"}, {"159": "E"}, {"159": "E"}, {"159": "E"}, {"159": "E"}, {"159": "E"}, {"159": "E"}, {"159": "E"}, {"159": "E"}, {"159": "S"}, {"135": "N"}, {"135": "W"}, {"135": "W"}, {"135": "W"}, {"135": "S"}, {"135": "S"}, {"135": "S"}, {"135": "S"}, {"135": "S"}, {"135": "S"}, {"135": "S"}, {"135": "W"}, {"135": "S"}, {"135": "S"}, {"110": "N"}, {"110": "W"}, {"110": "W"}, {"110": "W"}, {"110": "W"}, {"110": "W"}, {"110": "W"}, {"110": "N"}, {"110": "W"}, {"110": "W"}, {"110": "W"}, {"110": "W"}, {"110": "W"}, {"110": "W"}, {"110": "W"}, {"110": "W"}, {"110": "W"}, {"110": "W"}, {"110": "N"}, {"110": "W"}, {"110": "W"}, {"110": "W"}, {"110": "W"}, {"110": "W"}, {"110": "W"}, {"110": "W"}, {"110": "W"}, {"110": "W"}, {"110": "N"}, {"110": "N"}, {"110": "N"}, {"110": "N"}, {"110": "N"}, {"110": "N"}, {"110": "N"}, {"100": "W"}, {"100": "N"}, {"100": "N"}, {"100": "E"}, {"100": "E"}, {"100": "N"}, {"100": "N"}, {"100": "N"}, {"100": "N"}, {"100": "N"}, {"100": "N"}, {"100": "N"}, {"100": "N"}, {"100": "N"}, {"100": "N"}, {"100": "N"}, {"100": "N"}, {"100": "N"}, {"100": "N"}, {"100": "N"}, {"100": "N"}, {"100": "N"}, {"100": "N"}, {"100": "N"}, {"100": "N"}, {"100": "N"}, {"100": "N"}, {"49": "S"}, {"49": "W"}, {"49": "W"}, {"49": "W"}, {"49": "W"}, {"49": "W"}, {"49": "W"}, {"49": "W"}, {"49": "W"}, {"49": "W"}, {"49": "W"}, {"49": "W"}, {"49": "W"}, {"49": "W"}, {"49": "W"}, {"49": "N"}, {"49": "W"}, {"49": "W"}, {"49": "W"}, {"49": "W"}, {"49": "W"}, {"49": "W"}, {"49": "W"}, {"49": "W"}, {"49": "W"}, {"49": "W"}, {"49": "W"}, {"49": "W"}, {"49": "W"}, {"49": "N"}, {"49": "N"}, {"49": "N"}, {"49": "N"}, {"104": "E"}, {"104": "E"}, {"104": "E"}, {"104": "E"}, {"104": "E"}, {"104": "E"}, {"104": "N"}, {"104": "N"}, {"104": "N"}, {"104": "N"}, {"89": "N"}, {"89": "E"}, {"89": "E"}, {"89": "E"}, {"89": "E"}, {"89": "E"}, {"89": "E"}, {"89": "E"}, {"89": "E"}, {"89": "N"}, {"89": "N"}, {"89": "N"}, {"89": "N"}, {"89": "N"}, {"89": "N"}, {"89": "N"}, {"89": "N"}, {"89": "N"}, {"89": "N"}, {"89": "N"}, {"89": "N"}, {"89": "N"}, {"89": "N"}, {"89": "N"}, {"89": "N"}, {"89": "N"}, {"89": "N"}, {"72": "N"}, {"72": "W"}, {"72": "W"}, {"72": "W"}, {"72": "W"}, {"72": "W"}, {"72": "N"}, {"72": "W"}, {"72": "W"}, {"72": "W"}, {"72": "W"}, {"72": "W"}, {"72": "W"}, {"72": "W"}, {"72": "W"}, {"72": "W"}, {"72": "W"}, {"72": "N"}, {"72": "W"}, {"72": "W"}, {"72": "W"}, {"72": "W"}, {"72": "N"}, {"36": "N"}, {"36": "E"}, {"36": "E"}, {"36": "E"}, {"36": "E"}, {"36": "E"}, {"36": "E"}, {"36": "E"}, {"36": "E"}, {"36": "E"}, {"36": "E"}, {"36": "E"}, {"36": "E"}, {"36": "N"}, {"36": "N"}, {"36": "N"}, {"36": "N"}, {"36": "N"}, {"36": "N"}, {"36": "N"}, {"36": "N"}, {"36": "N"}, {"158": "W"}, {"158": "W"}, {"158": "N"}, {"158": "W"}, {"158": "W"}, {"158": "W"}, {"158": "W"}, {"158": "W"}, {"158": "W"}, {"158": "W"}, {"158": "S"}, {"158": "W"}, {"158": "W"}, {"158": "W"}, {"158": "W"}, {"158": "W"}, {"158": "W"}, {"158": "S"}, {"158": "W"}, {"158": "W"}, {"158": "W"}, {"158": "W"}, {"158": "W"}, {"158": "W"}, {"158": "W"}, {"158": "W"}, {"158": "W"}, {"158": "W"}, {"158": "N"}, {"158": "N"}, {"122": "W"}, {"122": "W"}, {"122": "W"}, {"122": "W"}, {"122": "W"}, {"122": "W"}, {"122": "W"}, {"122": "W"}, {"122": "S"}, {"122": "W"}, {"122": "S"}, {"122": "W"}, {"122": "W"}, {"122": "W"}, {"122": "W"}, {"122": "W"}, {"122": "W"}, {"122": "S"}, {"122": "W"}, {"122": "W"}, {"122": "W"}, {"122": "W"}, {"122": "W"}, {"122": "W"}, {"122": "W"}, {"122": "W"}, {"122": "W"}, {"122": "N"}, {"119": "W"}, {"119": "N"}, {"119": "N"}, {"119": "E"}, {"119": "E"}, {"119": "E"}, {"119": "E"}, {"119": "E"}, {"119": "E"}, {"119": "E"}, {"119": "N"}, {"119": "N"}, {"119": "N"}, {"109": "W"}, {"109": "N"}, {"109": "N"}, {"109": "N"}, {"109": "E"}, {"109": "N"}, {"109": "N"}, {"109": "N"}, {"109": "N"}, {"109": "N"}, {"109": "N"}, {"109": "N"}, {"109": "N"}, {"109": "N"}, {"83": "N"}, {"83": "E"}, {"83": "E"}, {"83": "E"}, {"83": "E"}, {"83": "E"}, {"83": "E"}, {"83": "E"}, {"83": "E"}, {"83": "E"}, {"83": "E"}, {"83": "E"}, {"83": "E"}, {"83": "E"}, {"83": "E"}, {"83": "E"}, {"83": "E"}, {"83": "E"}, {"83": "E"}, {"83": "E"}, {"75": "W"}, {"75": "S"}, {"75": "W"}, {"75": "W"}, {"75": "W"}, {"75": "W"}, {"75": "W"}, {"75": "W"}, {"75": "W"}, {"75": "S"}, {"75": "S"}, {"75": "S"}, {"75": "S"}, {"75": "S"}, {"75": "S"}, {"75": "W"}, {"75": "S"}, {"75": "S"}, {"75": "W"}, {"75": "W"}, {"75": "S"}, {"35": "W"}, {"35": "N"}, {"35": "N"}, {"35": "N"}, {"35": "N"}, {"35": "N"}, {"35": "N"}, {"35": "N"}, {"35": "N"}, {"35": "N"}, {"35": "N"}, {"35": "N"}, {"35": "N"}, {"35": "N"}, {"35": "N"}, {"177": "W"}, {"177": "N"}, {"177": "N"}, {"177": "N"}, {"177": "W"}, {"177": "W"}, {"177": "W"}, {"177": "W"}, {"177": "N"}, {"177": "N"}, {"177": "N"}, {"177": "N"}, {"177": "N"}, {"177": "N"}, {"177": "N"}, {"177": "N"}, {"177": "N"}, {"177": "N"}, {"177": "N"}, {"177": "N"}, {"177": "N"}, {"177": "N"}, {"177": "N"}, {"177": "N"}, {"70": "N"}, {"70": "W"}, {"70": "W"}, {"70": "W"}, {"70": "W"}, {"70": "W"}, {"70": "W"}, {"70": "N"}, {"70": "W"}, {"70": "W"}, {"70": "W"}, {"70": "W"}, {"70": "W"}, {"70": "W"}, {"70": "W"}, {"70": "W"}, {"70": "W"}, {"70": "W"}, {"70": "W"}, {"70": "W"}, {"70": "W"}, {"70": "W"}, {"70": "N"}, {"70": "W"}, {"70": "W"}, {"70": "W"}, {"70": "W"}, {"70": "W"}, {"70": "W"}, {"70": "W"}, {"70": "W"}, {"70": "W"}, {"70": "N"}, {"70": "N"}, {"70": "N"}, {"63": "N"}, {"63": "E"}, {"63": "E"}, {"63": "E"}, {"63": "E"}, {"63": "E"}, {"63": "E"}, {"63": "E"}, {"63": "E"}, {"63": "E"}, {"63": "E"}, {"63": "E"}, {"63": "E"}, {"63": "E"}, {"63": "E"}, {"63": "E"}, {"63": "N"}, {"63": "N"}, {"63": "N"}, {"63": "N"}, {"63": "N"}, {"63": "N"}, {"63": "N"}, {"63": "N"}, {"63": "N"}, {"63": "N"}, {"20": "W"}, {"20": "N"}, {"20": "N"}, {"20": "E"}, {"20": "N"}, {"20": "N"}, {"20": "N"}, {"20": "N"}, {"20": "N"}, {"20": "N"}, {"20": "N"}, {"20": "N"}, {"20": "N"}, {"20": "N"}, {"20": "N"}, {"20": "N"}, {"20": "N"}, {"20": "N"}, {"10": "W"}, {"10": "N"}, {"10": "N"}, {"10": "N"}, {"10": "N"}, {"10": "W"}, {"10": "W"}, {"10": "W"}, {"10": "W"}, {"10": "W"}, {"10": "N"}, {"10": "N"}, {"10": "N"}, {"10": "N"}, {"10": "N"}, {"10": "N"}, {"10": "N"}, {"10": "N"}, {"10": "N"}, {"10": "N"}, {"10": "N"}, {"10": "N"}, {"10": "N"}, {"10": "N"}, {"10": "N"}, {"10": "N"}, {"10": "N"}, {"10": "N"}, {"10": "N"}, {"10": "N"}, {"0": "W"}, {"0": "W"}, {"0": "W"}, {"0": "W"}, {"0": "W"}, {"0": "W"}, {"0": "W"}, {"0": "W"}, {"0": "W"}, {"0": "W"}, {"0": "W"}, {"0": "W"}, {"0": "W"}, {"0": "W"}, {"0": "W"}, {"0": "W"}, {"0": "N"}, {"0": "W"}, {"0": "W"}, {"0": "W"}, {"0": "W"}, {"0": "W"}, {"0": "W"}, {"0": "W"}, {"0": "W"}, {"0": "W"}, {"0": "W"}, {"0": "N"}, {"0": "N"}, {"0": "N"}, {"0": "N"}, {"166": "N"}, {"166": "W"}, {"166": "W"}, {"166": "W"}, {"166": "N"}, {"166": "N"}, {"166": "N"}, {"166": "N"}, {"166": "N"}, {"166": "N"}, {"166": "N"}, {"166": "N"}, {"166": "N"}, {"166": "N"}, {"166": "N"}, {"166": "N"}, {"166": "N"}, {"166": "N"}, {"166": "N"}, {"166": "N"}, {"166": "N"}, {"166": "N"}, {"145": "N"}, {"145": "N"}, {"145": "N"}, {"145": "N"}, {"145": "N"}, {"145": "N"}, {"145": "N"}, {"145": "N"}, {"145": "N"}, {"145": "N"}, {"145": "N"}, {"145": "N"}, {"145": "N"}, {"145": "N"}, {"145": "N"}, {"145": "N"}, {"145": "N"}, {"145": "N"}, {"145": "N"}, {"145": "N"}, {"125": "E"}, {"125": "N"}, {"125": "N"}, {"125": "W"}, {"125": "W"}, {"125": "W"}, {"125": "W"}, {"125": "W"}, {"125": "W"}, {"125": "W"}, {"125": "W"}, {"125": "W"}, {"125": "N"}, {"125": "N"}, {"125": "N"}, {"125": "N"}, {"125": "N"}, {"125": "N"}, {"125": "N"}, {"125": "N"}, {"125": "N"}, {"125": "N"}, {"125": "N"}, {"125": "N"}, {"125": "N"}, {"125": "N"}, {"125": "N"}, {"125": "N"}, {"125": "N"}, {"125": "N"}, {"125": "N"}, {"125": "N"}, {"125": "N"}, {"125": "N"}, {"125": "N"}, {"57": "E"}, {"57": "S"}, {"57": "S"}, {"57": "W"}, {"57": "W"}, {"57": "W"}, {"57": "W"}, {"57": "W"}, {"57": "W"}, {"57": "W"}, {"57": "W"}, {"57": "W"}, {"57": "S"}, {"57": "S"}, {"57": "W"}, {"57": "S"}, {"57": "S"}, {"57": "W"}, {"57": "S"}, {"40": "W"}, {"40": "W"}, {"40": "W"}, {"40": "W"}, {"40": "W"}, {"40": "W"}, {"40": "W"}, {"40": "N"}, {"40": "N"}, {"40": "N"}, {"40": "N"}, {"40": "N"}, {"40": "N"}, {"40": "N"}, {"40": "N"}, {"40": "N"}, {"40": "N"}, {"40": "N"}, {"40": "N"}, {"40": "N"}, {"40": "N"}, {"40": "N"}, {"40": "N"}, {"40": "N"}, {"40": "N"}, {"40": "N"}, {"40": "N"}, {"40": "N"}, {"40": "N"}, {"40": "N"}, {"40": "N"}, {"40": "N"}, {"28": "E"}, {"28": "E"}, {"28": "E"}, {"28": "E"}, {"28": "E"}, {"28": "E"}, {"28": "E"}, {"28": "E"}, {"28": "E"}, {"28": "E"}, {"28": "E"}, {"28": "E"}, {"28": "E"}, {"28": "E"}, {"28": "E"}, {"28": "E"}, {"28": "E"}, {"28": "S"}, {"28": "S"}, {"28": "S"}, {"6": "N"}, {"6": "E"}, {"6": "E"}, {"6": "E"}, {"6": "E"}, {"6": "E"}, {"6": "E"}, {"6": "E"}, {"6": "E"}, {"6": "E"}, {"6": "E"}, {"6": "E"}, {"6": "E"}, {"6": "N"}, {"6": "N"}, {"6": "N"}, {"6": "N"}, {"6": "N"}, {"6": "N"}, {"6": "N"}, {"142": "E"}, {"142": "E"}, {"142": "E"}, {"142": "E"}, {"142": "E"}, {"142": "N"}, {"142": "N"}, {"142": "N"}, {"142": "N"}, {"142": "N"}, {"142": "N"}, {"142": "N"}, {"142": "N"}, {"142": "N"}, {"142": "N"}, {"142": "N"}, {"142": "N"}, {"142": "N"}, {"138": "E"}, {"138": "N"}, {"138": "N"}, {"138": "N"}, {"138": "N"}, {"138": "W"}, {"138": "W"}, {"138": "W"}, {"138": "W"}, {"138": "W"}, {"138": "W"}, {"138": "W"}, {"138": "W"}, {"138": "W"}, {"138": "W"}, {"138": "W"}, {"138": "W"}, {"138": "W"}, {"138": "W"}, {"138": "W"}, {"138": "W"}, {"138": "W"}, {"138": "N"}, {"138": "N"}, {"138": "N"}, {"138": "N"}, {"138": "N"}, {"138": "N"}, {"138": "N"}, {"138": "N"}, {"138": "N"}, {"138": "N"}, {"138": "N"}, {"138": "N"}, {"138": "N"}, {"138": "N"}, {"138": "N"}, {"138": "N"}, {"138": "N"}, {"138": "N"}, {"138": "N"}, {"138": "N"}, {"138": "N"}, {"138": "N"}, {"138": "N"}, {"138": "N"}, {"108": "W"}, {"108": "W"}, {"108": "W"}, {"108": "W"}, {"108": "W"}, {"108": "W"}, {"108": "N"}, {"108": "N"}, {"108": "N"}, {"108": "N"}, {"108": "N"}, {"108": "N"}, {"108": "N"}, {"108": "N"}, {"108": "N"}, {"108": "N"}, {"108": "N"}, {"108": "N"}, {"108": "N"}, {"108": "N"}, {"108": "N"}, {"108": "N"}, {"108": "N"}, {"108": "N"}, {"108": "N"}, {"108": "N"}, {"108": "N"}, {"108": "N"}, {"108": "N"}, {"108": "N"}, {"96": "E"}, {"96": "N"}, {"96": "N"}, {"96": "E"}, {"96": "E"}, {"96": "E"}, {"96": "N"}, {"96": "N"}, {"96": "N"}, {"96": "N"}, {"96": "N"}, {"96": "N"}, {"96": "N"}, {"81": "W"}, {"81": "N"}, {"81": "W"}, {"81": "W"}, {"81": "W"}, {"81": "W"}, {"81": "W"}, {"81": "N"}, {"81": "N"}, {"81": "N"}, {"81": "N"}, {"81": "N"}, {"81": "N"}, {"81": "N"}, {"81": "N"}, {"81": "N"}, {"81": "N"}, {"81": "N"}, {"81": "N"}, {"81": "N"}, {"81": "N"}, {"81": "N"}, {"81": "N"}, {"81": "N"}, {"81": "N"}, {"81": "N"}, {"81": "N"}, {"81": "N"}, {"53": "S"}, {"53": "E"}, {"53": "E"}, {"53": "E"}, {"53": "E"}, {"53": "E"}, {"53": "E"}, {"53": "E"}, {"53": "E"}, {"53": "E"}, {"53": "N"}, {"53": "N"}, {"53": "N"}, {"53": "N"}, {"53": "N"}, {"53": "N"}, {"53": "N"}, {"53": "N"}, {"53": "N"}, {"53": "N"}, {"53": "N"}, {"53": "N"}, {"53": "N"}, {"53": "N"}, {"48": "W"}, {"48": "W"}, {"48": "W"}, {"48": "W"}, {"48": "W"}, {"48": "S"}, {"48": "S"}, {"48": "S"}, {"48": "W"}, {"48": "W"}, {"48": "S"}, {"48": "S"}, {"48": "S"}, {"48": "S"}, {"48": "S"}, {"48": "S"}, {"48": "S"}, {"48": "S"}, {"48": "S"}, {"48": "S"}, {"48": "W"}, {"48": "S"}, {"48": "S"}, {"48": "S"}, {"48": "S"}, {"48": "W"}, {"48": "W"}, {"48": "N"}, {"179": "S"}, {"179": "W"}, {"179": "W"}, {"179": "W"}, {"179": "W"}, {"179": "W"}, {"179": "W"}, {"179": "W"}, {"179": "W"}, {"179": "S"}, {"179": "S"}, {"179": "W"}, {"179": "S"}, {"179": "S"}, {"179": "S"}, {"179": "S"}, {"179": "W"}, {"179": "S"}, {"116": "N"}, {"116": "E"}, {"116": "E"}, {"116": "E"}, {"116": "E"}, {"116": "E"}, {"116": "E"}, {"116": "E"}, {"116": "E"}, {"116": "E"}, {"116": "E"}, {"116": "E"}, {"116": "E"}, {"116": "N"}, {"116": "N"}, {"116": "N"}, {"116": "N"}, {"116": "N"}, {"116": "N"}, {"116": "N"}, {"116": "N"}, {"112": "S"}, {"112": "E"}, {"112": "E"}, {"112": "E"}, {"112": "E"}, {"112": "E"}, {"112": "E"}, {"112": "E"}, {"112": "E"}, {"112": "E"}, {"112": "E"}, {"112": "E"}, {"112": "E"}, {"112": "E"}, {"112": "N"}, {"112": "N"}, {"112": "N"}, {"101": "N"}, {"101": "E"}, {"101": "E"}, {"101": "E"}, {"101": "E"}, {"101": "E"}, {"101": "E"}, {"101": "E"}, {"101": "E"}, {"101": "N"}, {"101": "N"}, {"101": "N"}, {"101": "N"}, {"101": "N"}, {"101": "N"}, {"101": "N"}, {"101": "N"}, {"101": "N"}, {"101": "N"}, {"79": "E"}, {"79": "N"}, {"79": "N"}, {"79": "N"}, {"79": "N"}, {"79": "N"}, {"79": "E"}, {"79": "N"}, {"79": "N"}, {"79": "N"}, {"79": "N"}, {"79": "N"}, {"79": "N"}, {"79": "N"}, {"79": "N"}, {"76": "E"}, {"76": "E"}, {"76": "E"}, {"76": "E"}, {"76": "N"}, {"76": "N"}, {"76": "N"}, {"76": "N"}, {"76": "N"}, {"76": "N"}, {"76": "N"}, {"76": "N"}, {"76": "N"}, {"76": "N"}, {"76": "N"}, {"68": "E"}, {"68": "N"}, {"68": "N"}, {"68": "N"}, {"68": "N"}, {"68": "N"}, {"68": "W"}, {"68": "W"}, {"68": "W"}, {"68": "W"}, {"68": "W"}, {"68": "W"}, {"68": "W"}, {"68": "W"}, {"68": "W"}, {"68": "W"}, {"68": "W"}, {"68": "W"}, {"68": "N"}, {"68": "N"}, {"68": "N"}, {"68": "N"}, {"68": "N"}, {"68": "N"}, {"68": "N"}, {"68": "N"}, {"68": "N"}, {"68": "N"}, {"68": "N"}, {"68": "N"}, {"68": "N"}, {"68": "N"}, {"68": "N"}, {"68": "N"}, {"68": "N"}, {"68": "N"}, {"27": "E"}, {"27": "E"}, {"27": "N"}, {"27": "N"}, {"27": "N"}, {"27": "N"}, {"27": "N"}, {"27": "N"}, {"27": "E"}, {"27": "E"}, {"27": "N"}, {"27": "N"}, {"27": "N"}, {"27": "N"}, {"27": "N"}, {"27": "N"}, {"27": "N"}, {"25": "W"}, {"25": "N"}, {"25": "N"}, {"25": "N"}, {"25": "N"}, {"25": "N"}, {"25": "W"}, {"25": "W"}, {"25": "W"}, {"25": "W"}, {"25": "W"}, {"25": "W"}, {"25": "W"}, {"25": "W"}, {"25": "W"}, {"25": "W"}, {"25": "N"}, {"25": "N"}, {"25": "N"}, {"25": "N"}, {"25": "N"}, {"25": "N"}, {"25": "N"}, {"25": "N"}, {"25": "N"}, {"25": "N"}, {"25": "N"}, {"25": "N"}, {"25": "N"}, {"25": "N"}, {"25": "N"}, {"25": "N"}, {"25": "N"}, {"25": "N"}, {"25": "N"}, {"4": "E"}, {"4": "E"}, {"4": "E"}, {"4": "E"}, {"4": "N"}, {"4": "N"}, {"4": "N"}, {"4": "N"}, {"4": "N"}, {"4": "N"}, {"4": "N"}, {"4": "N"}, {"4": "N"}, {"4": "N"}, {"4": "N"}, {"4": "N"}, {"4": "N"}, {"4": "N"}, {"4": "N"}, {"4": "N"}, {"98": "E"}, {"98": "N"}, {"98": "N"}, {"98": "N"}, {"98": "W"}, {"98": "W"}, {"98": "W"}, {"98": "W"}, {"98": "W"}, {"98": "W"}, {"98": "W"}, {"98": "W"}, {"98": "W"}, {"98": "N"}, {"98": "N"}, {"98": "N"}, {"98": "N"}, {"98": "N"}, {"98": "N"}, {"98": "N"}, {"98": "N"}, {"98": "N"}, {"98": "N"}, {"98": "N"}, {"98": "N"}, {"98": "N"}, {"98": "N"}, {"98": "N"}, {"98": "N"}, {"98": "N"}, {"50": "N"}, {"50": "E"}, {"50": "E"}, {"50": "E"}, {"50": "E"}, {"50": "E"}, {"50": "E"}, {"50": "E"}, {"50": "E"}, {"50": "N"}, {"50": "N"}, {"50": "N"}, {"50": "N"}, {"50": "N"}, {"50": "N"}, {"50": "N"}, {"50": "N"}, {"50": "N"}, {"50": "N"}, {"50": "N"}, {"50": "N"}, {"50": "N"}, {"7": "N"}, {"7": "N"}, {"7": "E"}, {"7": "E"}, {"7": "E"}, {"7": "E"}, {"7": "E"}, {"7": "E"}, {"7": "E"}, {"7": "E"}, {"7": "E"}, {"7": "E"}, {"7": "E"}, {"7": "E"}, {"7": "E"}, {"7": "N"}, {"7": "N"}, {"168": "S"}, {"168": "W"}, {"168": "W"}, {"168": "W"}, {"168": "W"}, {"168": "W"}, {"168": "W"}, {"168": "W"}, {"168": "W"}, {"168": "W"}, {"168": "W"}, {"168": "W"}, {"168": "W"}, {"168": "W"}, {"168": "W"}, {"168": "W"}, {"168": "W"}, {"168": "W"}, {"168": "W"}, {"168": "W"}, {"168": "W"}, {"168": "W"}, {"168": "W"}, {"168": "W"}, {"168": "W"}, {"168": "W"}, {"168": "W"}, {"168": "N"}, {"168": "N"}, {"168": "N"}, {"168": "N"}, {"151": "W"}, {"151": "N"}, {"151": "N"}, {"151": "N"}, {"151": "N"}, {"151": "N"}, {"151": "W"}, {"151": "W"}, {"151": "W"}, {"151": "W"}, {"151": "W"}, {"151": "W"}, {"151": "W"}, {"151": "W"}, {"151": "W"}, {"151": "W"}, {"151": "W"}, {"151": "N"}, {"151": "N"}, {"151": "N"}, {"151": "N"}, {"151": "N"}, {"151": "N"}, {"151": "N"}, {"151": "N"}, {"151": "N"}, {"151": "N"}, {"151": "N"}, {"151": "N"}, {"151": "N"}, {"151": "N"}, {"151": "N"}, {"151": "N"}, {"151": "N"}, {"151": "N"}, {"151": "N"}, {"151": "N"}, {"151": "N"}, {"132": "N"}, {"132": "W"}, {"132": "W"}, {"132": "W"}, {"132": "W"}, {"132": "N"}, {"132": "N"}, {"132": "N"}, {"132": "N"}, {"132": "N"}, {"132": "N"}, {"132": "N"}, {"132": "N"}, {"132": "N"}, {"123": "N"}, {"123": "E"}, {"123": "E"}, {"123": "E"}, {"123": "E"}, {"123": "E"}, {"123": "E"}, {"123": "E"}, {"123": "E"}, {"123": "E"}, {"123": "E"}, {"123": "E"}, {"123": "E"}, {"123": "E"}, {"123": "E"}, {"123": "N"}, {"123": "N"}, {"123": "N"}, {"88": "N"}, {"88": "W"}, {"88": "W"}, {"88": "W"}, {"88": "W"}, {"88": "W"}, {"88": "W"}, {"88": "W"}, {"88": "S"}, {"88": "S"}, {"88": "W"}, {"88": "W"}, {"88": "W"}, {"88": "W"}, {"88": "W"}, {"88": "W"}, {"88": "W"}, {"88": "W"}, {"88": "W"}, {"88": "W"}, {"88": "W"}, {"88": "N"}, {"88": "N"}, {"62": "N"}, {"62": "W"}, {"62": "W"}, {"62": "W"}, {"62": "N"}, {"62": "N"}, {"62": "N"}, {"62": "N"}, {"62": "N"}, {"62": "N"}, {"62": "N"}, {"62": "N"}, {"62": "N"}, {"62": "N"}, {"62": "N"}, {"55": "E"}, {"55": "N"}, {"55": "N"}, {"55": "W"}, {"55": "W"}, {"55": "W"}, {"55": "W"}, {"55": "W"}, {"55": "W"}, {"55": "W"}, {"55": "W"}, {"55": "W"}, {"55": "W"}, {"55": "W"}, {"55": "W"}, {"55": "N"}, {"55": "N"}, {"55": "N"}, {"55": "N"}, {"55": "N"}, {"55": "N"}, {"55": "N"}, {"55": "N"}, {"55": "N"}, {"55": "N"}, {"55": "N"}, {"55": "N"}, {"55": "N"}, {"55": "N"}, {"55": "N"}, {"55": "N"}, {"41": "N"}, {"41": "E"}, {"41": "E"}, {"41": "E"}, {"41": "E"}, {"41": "E"}, {"41": "E"}, {"41": "E"}, {"41": "E"}, {"41": "E"}, {"41": "E"}, {"41": "N"}, {"41": "N"}, {"41": "N"}, {"41": "N"}, {"41": "N"}, {"41": "N"}, {"41": "N"}, {"41": "N"}, {"41": "N"}, {"41": "N"}, {"41": "N"}, {"154": "S"}, {"154": "E"}, {"154": "E"}, {"154": "E"}, {"154": "E"}, {"154": "E"}, {"154": "N"}, {"154": "N"}, {"154": "N"}, {"154": "N"}, {"154": "N"}, {"154": "N"}, {"154": "N"}, {"126": "W"}, {"126": "N"}, {"126": "N"}, {"126": "N"}, {"126": "N"}, {"126": "W"}, {"126": "W"}, {"126": "W"}, {"126": "W"}, {"126": "W"}, {"126": "W"}, {"126": "W"}, {"126": "W"}, {"126": "N"}, {"126": "N"}, {"126": "N"}, {"126": "N"}, {"126": "N"}, {"126": "N"}, {"126": "N"}, {"126": "N"}, {"126": "N"}, {"126": "N"}, {"126": "N"}, {"115": "S"}, {"115": "W"}, {"115": "W"}, {"115": "W"}, {"115": "W"}, {"115": "W"}, {"115": "W"}, {"115": "W"}, {"115": "W"}, {"115": "W"}, {"115": "W"}, {"115": "W"}, {"115": "W"}, {"115": "W"}, {"115": "W"}, {"115": "W"}, {"115": "W"}, {"115": "W"}, {"115": "W"}, {"115": "W"}, {"115": "W"}, {"115": "N"}, {"115": "W"}, {"115": "W"}, {"115": "W"}, {"85": "W"}, {"85": "W"}, {"85": "W"}, {"85": "W"}, {"85": "W"}, {"85": "W"}, {"85": "W"}, {"85": "W"}, {"85": "W"}, {"85": "W"}, {"85": "N"}, {"85": "N"}, {"85": "N"}, {"85": "N"}, {"85": "W"}, {"85": "W"}, {"85": "W"}, {"85": "W"}, {"85": "W"}, {"85": "W"}, {"85": "W"}, {"85": "W"}, {"85": "W"}, {"85": "W"}, {"85": "W"}, {"85": "W"}, {"85": "W"}, {"85": "W"}, {"85": "W"}, {"85": "W"}, {"85": "W"}, {"85": "W"}, {"85": "W"}, {"85": "W"}, {"85": "W"}, {"85": "S"}, {"85": "S"}, {"85": "S"}, {"85": "S"}, {"85": "S"}, {"85": "S"}, {"85": "S"}, {"85": "S"}, {"85": "S"}, {"85": "E"}, {"85": "E"}, {"46": "S"}, {"46": "W"}, {"46": "W"}, {"46": "W"}, {"46": "W"}, {"46": "W"}, {"46": "W"}, {"46": "W"}, {"46": "W"}, {"46": "W"}, {"46": "W"}, {"46": "W"}, {"46": "W"}, {"46": "W"}, {"46": "W"}, {"46": "W"}, {"46": "W"}, {"46": "W"}, {"46": "W"}, {"46": "W"}, {"46": "S"}, {"46": "W"}, {"32": "S"}, {"32": "E"}, {"32": "E"}, {"32": "E"}, {"32": "E"}, {"32": "E"}, {"32": "E"}, {"32": "E"}, {"32": "E"}, {"32": "E"}, {"32": "E"}, {"32": "N"}, {"32": "N"}, {"32": "N"}, {"32": "N"}, {"32": "N"}, {"32": "N"}, {"16": "W"}, {"16": "W"}, {"16": "W"}, {"16": "S"}, {"16": "W"}, {"16": "W"}, {"16": "W"}, {"16": "W"}, {"16": "W"}, {"16": "W"}, {"16": "W"}, {"16": "W"}, {"16": "W"}, {"16": "W"}, {"16": "W"}, {"16": "W"}, {"16": "W"}, {"16": "W"}, {"16": "W"}, {"16": "W"}, {"16": "W"}, {"16": "W"}, {"16": "W"}, {"16": "W"}, {"16": "W"}, {"16": "S"}, {"16": "S"}, {"16": "S"}, {"16": "S"}, {"16": "S"}, {"16": "S"}, {"16": "S"}, {"16": "S"}, {"16": "S"}, {"16": "S"}, {"16": "S"}, {"16": "E"}, {"16": "S"}, {"16": "E"}, {"16": "E"}, {"167": "S"}, {"167": "W"}, {"167": "W"}, {"167": "W"}, {"167": "W"}, {"167": "W"}, {"167": "W"}, {"167": "W"}, {"167": "W"}, {"167": "W"}, {"167": "W"}, {"167": "W"}, {"167": "W"}, {"167": "S"}, {"167": "S"}, {"167": "S"}, {"167": "S"}, {"167": "S"}, {"167": "S"}, {"167": "S"}, {"167": "S"}, {"167": "S"}, {"167": "S"}, {"167": "S"}, {"167": "E"}, {"167": "S"}, {"167": "E"}, {"84": "W"}, {"84": "W"}, {"84": "W"}, {"84": "S"}, {"84": "W"}, {"84": "W"}, {"84": "W"}, {"84": "W"}, {"84": "S"}, {"84": "S"}, {"84": "S"}, {"84": "S"}, {"84": "S"}, {"84": "S"}, {"84": "S"}, {"84": "S"}, {"84": "S"}, {"84": "S"}, {"84": "W"}, {"84": "S"}, {"84": "S"}, {"84": "S"}, {"84": "S"}, {"84": "W"}, {"84": "S"}, {"84": "S"}, {"84": "S"}, {"84": "W"}, {"84": "W"}, {"5": "S"}, {"5": "S"}, {"5": "E"}, {"5": "E"}, {"5": "E"}, {"5": "E"}, {"5": "E"}, {"5": "E"}, {"5": "S"}, {"5": "S"}, {"5": "E"}, {"5": "E"}, {"5": "E"}, {"5": "S"}, {"5": "S"}, {"5": "E"}, {"5": "E"}, {"5": "S"}, {"5": "S"}, {"5": "S"}, {"5": "E"}, {"5": "E"}, {"5": "E"}, {"5": "S"}, {"5": "S"}, {"5": "E"}, {"5": "S"}, {"5": "E"}, {"5": "S"}, {"5": "E"}, {"121": "W"}, {"121": "S"}, {"121": "S"}, {"121": "W"}, {"121": "W"}, {"121": "W"}, {"121": "W"}, {"121": "W"}, {"121": "W"}, {"121": "W"}, {"121": "W"}, {"121": "S"}, {"121": "S"}, {"121": "S"}, {"121": "S"}, {"121": "S"}, {"121": "S"}, {"121": "S"}, {"121": "S"}, {"121": "S"}, {"121": "S"}, {"121": "W"}, {"121": "S"}, {"121": "S"}, {"121": "S"}, {"121": "S"}, {"121": "W"}, {"121": "S"}, {"121": "S"}, {"121": "S"}, {"121": "W"}, {"121": "S"}, {"121": "W"}, {"121": "W"}, {"121": "W"}, {"121": "N"}, {"121": "N"}, {"106": "W"}, {"106": "N"}, {"106": "W"}, {"106": "W"}, {"106": "W"}, {"106": "W"}, {"106": "W"}, {"106": "W"}, {"106": "N"}, {"106": "N"}, {"106": "N"}, {"106": "N"}, {"106": "N"}, {"106": "N"}, {"106": "N"}, {"99": "W"}, {"99": "W"}, {"99": "W"}, {"99": "W"}, {"99": "W"}, {"99": "W"}, {"99": "W"}, {"99": "W"}, {"99": "W"}, {"99": "W"}, {"99": "W"}, {"99": "W"}, {"99": "W"}, {"99": "W"}, {"99": "W"}, {"99": "S"}, {"99": "W"}, {"99": "W"}, {"99": "W"}, {"99": "S"}, {"99": "S"}, {"99": "S"}, {"99": "W"}, {"61": "S"}, {"61": "W"}, {"61": "W"}, {"61": "W"}, {"61": "W"}, {"61": "W"}, {"61": "W"}, {"61": "W"}, {"61": "W"}, {"61": "W"}, {"61": "S"}, {"61": "S"}, {"61": "S"}, {"61": "S"}, {"61": "S"}, {"61": "S"}, {"61": "S"}, {"61": "S"}, {"61": "S"}, {"61": "S"}, {"61": "S"}, {"61": "E"}, {"61": "S"}, {"61": "S"}, {"61": "E"}, {"61": "E"}, {"61": "S"}, {"21": "E"}, {"21": "E"}, {"21": "E"}, {"21": "N"}, {"21": "N"}, {"21": "N"}, {"21": "N"}, {"21": "N"}, {"21": "N"}, {"21": "N"}, {"21": "N"}, {"21": "N"}, {"21": "N"}, {"9": "W"}, {"9": "S"}, {"9": "W"}, {"9": "W"}, {"9": "W"}, {"9": "W"}, {"9": "W"}, {"9": "W"}, {"9": "W"}, {"9": "W"}, {"9": "W"}, {"9": "W"}, {"9": "W"}, {"9": "W"}, {"9": "W"}, {"9": "S"}, {"9": "S"}, {"9": "S"}, {"9": "S"}, {"9": "S"}, {"9": "S"}, {"9": "S"}, {"9": "S"}, {"9": "S"}, {"9": "S"}, {"9": "S"}, {"9": "S"}, {"9": "S"}, {"9": "E"}, {"9": "E"}, {"162": "S"}, {"162": "E"}, {"162": "E"}, {"162": "E"}, {"162": "E"}, {"162": "E"}, {"162": "E"}, {"162": "E"}, {"162": "E"}, {"162": "E"}, {"162": "E"}, {"162": "E"}, {"162": "E"}, {"162": "E"}, {"162": "S"}, {"157": "W"}, {"157": "W"}, {"157": "W"}, {"157": "W"}, {"157": "W"}, {"157": "S"}, {"157": "S"}, {"157": "W"}, {"157": "W"}, {"157": "S"}, {"157": "S"}, {"157": "S"}, {"157": "S"}, {"157": "S"}, {"157": "S"}, {"157": "S"}, {"157": "S"}, {"157": "S"}, {"157": "S"}, {"157": "W"}, {"157": "S"}, {"157": "S"}, {"157": "S"}, {"157": "S"}, {"157": "W"}, {"157": "S"}, {"157": "S"}, {"157": "S"}, {"157": "W"}, {"157": "S"}, {"157": "W"}, {"157": "S"}, {"157": "W"}, {"157": "W"}, {"157": "W"}, {"157": "N"}, {"157": "N"}, {"157": "N"}, {"141": "W"}, {"141": "W"}, {"141": "W"}, {"141": "W"}, {"141": "W"}, {"141": "W"}, {"141": "W"}, {"141": "W"}, {"141": "W"}, {"141": "W"}, {"141": "S"}, {"141": "S"}, {"141": "S"}, {"141": "S"}, {"141": "S"}, {"141": "S"}, {"141": "S"}, {"141": "W"}, {"141": "S"}, {"141": "S"}, {"141": "W"}, {"141": "W"}, {"141": "W"}, {"141": "W"}, {"141": "W"}, {"141": "W"}, {"141": "W"}, {"141": "W"}, {"141": "N"}, {"133": "S"}, {"133": "E"}, {"133": "E"}, {"133": "E"}, {"133": "E"}, {"133": "N"}, {"133": "N"}, {"133": "N"}, {"133": "N"}, {"133": "N"}, {"133": "N"}, {"133": "N"}, {"82": "N"}, {"82": "E"}, {"82": "E"}, {"82": "E"}, {"82": "E"}, {"82": "E"}, {"82": "E"}, {"82": "E"}, {"82": "E"}, {"82": "S"}, {"82": "S"}, {"82": "E"}, {"82": "E"}, {"60": "W"}, {"60": "N"}, {"60": "N"}, {"60": "E"}, {"60": "E"}, {"60": "E"}, {"60": "E"}, {"60": "E"}, {"60": "E"}, {"60": "E"}, {"60": "E"}, {"60": "E"}, {"60": "E"}, {"60": "E"}, {"60": "E"}, {"60": "E"}, {"60": "E"}, {"60": "E"}, {"149": "S"}, {"149": "W"}, {"149": "W"}, {"149": "W"}, {"149": "W"}, {"149": "W"}, {"149": "W"}, {"149": "W"}, {"149": "W"}, {"149": "W"}, {"149": "W"}, {"149": "W"}, {"149": "W"}, {"149": "W"}, {"149": "W"}, {"149": "W"}, {"149": "W"}, {"149": "W"}, {"149": "W"}, {"149": "W"}, {"149": "W"}, {"149": "W"}, {"149": "W"}, {"149": "N"}, {"149": "W"}, {"149": "W"}, {"149": "N"}, {"149": "W"}, {"149": "W"}, {"149": "S"}, {"149": "S"}, {"149": "S"}, {"149": "S"}, {"140": "E"}, {"140": "E"}, {"140": "S"}, {"140": "S"}, {"140": "S"}, {"140": "S"}, {"140": "S"}, {"140": "E"}, {"140": "E"}, {"140": "S"}, {"140": "S"}, {"95": "E"}, {"95": "E"}, {"95": "E"}, {"95": "E"}, {"95": "E"}, {"95": "E"}, {"95": "E"}, {"95": "N"}, {"95": "N"}, {"95": "N"}, {"95": "N"}, {"95": "N"}, {"73": "E"}, {"73": "E"}, {"73": "N"}, {"73": "N"}, {"73": "N"}, {"73": "N"}, {"73": "N"}, {"73": "N"}, {"73": "N"}, {"73": "N"}, {"73": "N"}, {"73": "N"}, {"73": "N"}, {"87": "W"}, {"87": "S"}, {"87": "S"}, {"87": "S"}, {"87": "W"}, {"87": "W"}, {"87": "W"}, {"87": "W"}, {"87": "W"}, {"87": "W"}, {"87": "W"}, {"87": "W"}, {"87": "S"}, {"87": "S"}, {"87": "S"}, {"87": "S"}, {"87": "S"}, {"87": "S"}, {"87": "S"}, {"87": "S"}, {"87": "S"}, {"87": "S"}, {"87": "S"}, {"87": "S"}, {"87": "S"}, {"87": "S"}, {"87": "S"}, {"87": "E"}, {"87": "E"}, {"87": "S"}, {"87": "S"}, {"87": "E"}, {"143": "S"}, {"143": "E"}, {"143": "E"}, {"143": "E"}, {"143": "E"}, {"143": "E"}, {"143": "E"}, {"143": "E"}, {"143": "E"}, {"143": "E"}, {"143": "E"}, {"143": "S"}, {"143": "S"}, {"19": "S"}, {"19": "E"}, {"19": "E"}, {"19": "E"}, {"19": "E"}, {"19": "E"}, {"19": "S"}, {"19": "E"}, {"19": "E"}, {"19": "S"}, {"19": "S"}, {"19": "S"}, {"19": "E"}, {"1": "W"}, {"1": "S"}, {"1": "W"}, {"1": "W"}, {"1": "W"}, {"1": "W"}, {"1": "W"}, {"1": "W"}, {"1": "W"}, {"1": "W"}, {"1": "W"}, {"1": "W"}, {"1": "W"}, {"1": "S"}, {"1": "S"}, {"1": "S"}, {"1": "S"}, {"1": "S"}, {"1": "S"}, {"1": "S"}, {"1": "S"}, {"1": "S"}, {"1": "S"}, {"1": "S"}, {"1": "S"}, {"1": "S"}, {"1": "S"}, {"1": "S"}, {"1": "E"}, {"1": "S"}, {"170": "N"}, {"170": "E"}, {"170": "E"}, {"170": "E"}, {"170": "E"}, {"170": "E"}, {"170": "S"}, {"170": "S"}, {"170": "E"}, {"170": "E"}, {"170": "E"}, {"170": "S"}, {"170": "E"}, {"170": "E"}, {"170": "E"}, {"170": "E"}, {"170": "S"}, {"170": "S"}, {"170": "S"}, {"170": "S"}, {"170": "S"}, {"34": "E"}, {"34": "S"}, {"34": "S"}, {"34": "W"}, {"34": "W"}, {"34": "W"}, {"34": "W"}, {"34": "W"}, {"34": "W"}, {"34": "W"}, {"34": "W"}, {"34": "W"}, {"34": "W"}, {"34": "W"}, {"34": "S"}, {"34": "S"}, {"34": "S"}, {"34": "S"}, {"34": "S"}, {"34": "S"}, {"34": "S"}, {"34": "S"}, {"34": "S"}, {"34": "S"}, {"34": "S"}, {"34": "S"}, {"34": "S"}, {"34": "S"}, {"34": "S"}, {"34": "E"}, {"34": "E"}, {"34": "S"}, {"34": "S"}, {"34": "S"}, {"175": "S"}, {"175": "E"}, {"175": "E"}, {"175": "E"}, {"175": "E"}, {"175": "N"}, {"175": "N"}, {"175": "N"}, {"175": "N"}, {"175": "N"}, {"175": "N"}, {"175": "N"}, {"114": "W"}, {"114": "S"}, {"114": "W"}, {"114": "W"}, {"114": "W"}, {"114": "W"}, {"114": "W"}, {"114": "W"}, {"114": "W"}, {"114": "W"}, {"114": "S"}, {"114": "S"}, {"114": "S"}, {"114": "S"}, {"114": "S"}, {"114": "S"}, {"114": "S"}, {"114": "S"}, {"114": "S"}, {"114": "S"}, {"114": "S"}, {"114": "S"}, {"114": "S"}, {"114": "S"}, {"114": "S"}, {"114": "S"}, {"114": "S"}, {"114": "E"}, {"114": "S"}, {"113": "E"}, {"113": "S"}, {"113": "S"}, {"113": "S"}, {"113": "E"}, {"113": "E"}, {"113": "E"}, {"113": "E"}, {"113": "S"}, {"113": "S"}, {"113": "S"}, {"113": "S"}, {"113": "S"}, {"113": "S"}, {"113": "S"}, {"113": "S"}, {"113": "S"}, {"113": "S"}, {"113": "W"}, {"113": "S"}, {"113": "S"}, {"113": "S"}, {"113": "S"}, {"113": "W"}, {"113": "S"}, {"113": "S"}, {"113": "S"}, {"113": "W"}, {"113": "S"}, {"113": "S"}, {"113": "S"}, {"113": "W"}, {"113": "W"}, {"113": "W"}, {"113": "S"}, {"113": "S"}, {"113": "S"}, {"18": "S"}, {"18": "E"}, {"18": "E"}, {"18": "S"}, {"18": "S"}, {"18": "E"}, {"18": "S"}, {"18": "E"}, {"18": "E"}, {"18": "E"}, {"18": "E"}, {"18": "E"}, {"18": "E"}, {"18": "E"}, {"18": "E"}, {"18": "S"}, {"18": "S"}, {"18": "S"}, {"18": "E"}, {"18": "S"}, {"18": "S"}, {"18": "S"}, {"18": "S"}, {"64": "N"}, {"64": "E"}, {"64": "E"}, {"64": "E"}, {"64": "E"}, {"64": "E"}, {"64": "E"}, {"64": "S"}, {"64": "S"}, {"64": "E"}, {"64": "S"}, {"64": "E"}, {"64": "E"}, {"64": "E"}, {"64": "E"}, {"64": "S"}, {"64": "S"}, {"64": "S"}, {"64": "S"}, {"64": "E"}, {"64": "E"}, {"64": "S"}, {"37": "S"}, {"37": "S"}, {"37": "E"}, {"37": "E"}, {"37": "E"}, {"37": "E"}, {"37": "E"}, {"37": "E"}, {"37": "E"}, {"37": "E"}, {"37": "E"}, {"37": "E"}, {"37": "E"}, {"11": "S"}, {"11": "E"}, {"11": "E"}, {"11": "E"}, {"11": "E"}, {"11": "E"}, {"11": "E"}, {"11": "E"}, {"11": "E"}, {"11": "E"}, {"11": "S"}, {"11": "E"}, {"11": "E"}, {"11": "E"}, {"11": "E"}, {"11": "S"}, {"11": "S"}, {"11": "E"}, {"11": "S"}, {"148": "E"}, {"148": "S"}, {"148": "E"}, {"148": "E"}, {"148": "E"}, {"148": "E"}, {"148": "S"}, {"148": "S"}, {"148": "S"}, {"148": "S"}, {"148": "S"}, {"148": "S"}, {"148": "S"}, {"148": "S"}, {"148": "S"}, {"148": "S"}, {"148": "W"}, {"148": "S"}, {"148": "S"}, {"148": "S"}, {"148": "S"}, {"148": "W"}, {"148": "S"}, {"148": "S"}, {"148": "S"}, {"148": "W"}, {"148": "S"}, {"148": "S"}, {"148": "S"}, {"148": "W"}, {"148": "S"}, {"148": "S"}, {"148": "S"}, {"148": "S"}, {"148": "S"}, {"148": "S"}, {"148": "W"}, {"90": "N"}, {"90": "E"}, {"90": "E"}, {"90": "E"}, {"90": "E"}, {"90": "E"}, {"90": "E"}, {"90": "S"}, {"90": "E"}, {"90": "E"}, {"90": "E"}, {"90": "E"}, {"90": "S"}, {"90": "S"}, {"90": "S"}, {"15": "E"}, {"15": "S"}, {"15": "S"}, {"15": "S"}, {"15": "S"}, {"15": "S"}, {"15": "S"}, {"15": "S"}, {"15": "S"}, {"15": "S"}, {"15": "S"}, {"15": "S"}, {"15": "E"}, {"15": "E"}, {"15": "E"}, {"15": "E"}, {"15": "S"}, {"15": "S"}, {"15": "S"}, {"15": "S"}, {"15": "S"}, {"15": "S"}, {"15": "S"}, {"15": "S"}, {"15": "S"}, {"15": "E"}, {"15": "E"}, {"15": "S"}, {"165": "N"}, {"165": "E"}, {"165": "E"}, {"165": "S"}, {"165": "S"}, {"165": "S"}, {"165": "S"}, {"165": "S"}, {"165": "E"}, {"165": "S"}, {"165": "E"}, {"165": "E"}, {"165": "S"}, {"165": "S"}, {"165": "S"}, {"107": "N"}, {"107": "E"}, {"107": "E"}, {"107": "E"}, {"107": "E"}, {"107": "E"}, {"107": "E"}, {"107": "E"}, {"107": "E"}, {"107": "S"}, {"107": "S"}, {"107": "S"}, {"107": "S"}, {"107": "E"}, {"107": "S"}, {"107": "S"}, {"107": "E"}, {"67": "N"}, {"67": "E"}, {"67": "E"}, {"67": "E"}, {"67": "E"}, {"67": "E"}, {"67": "E"}, {"67": "E"}, {"67": "E"}, {"67": "E"}, {"67": "S"}, {"67": "S"}, {"67": "S"}, {"67": "S"}, {"33": "E"}, {"33": "S"}, {"33": "S"}, {"33": "S"}, {"33": "S"}, {"33": "S"}, {"33": "S"}, {"33": "S"}, {"33": "S"}, {"33": "S"}, {"33": "S"}, {"33": "S"}, {"33": "S"}, {"33": "S"}, {"33": "S"}, {"33": "S"}, {"33": "S"}, {"33": "E"}, {"33": "S"}, {"33": "E"}, {"33": "S"}, {"33": "S"}, {"33": "S"}, {"33": "S"}, {"33": "E"}, {"33": "S"}, {"33": "E"}, {"33": "E"}, {"33": "S"}, {"33": "S"}, {"33": "E"}, {"33": "E"}, {"33": "S"}, {"33": "E"}, {"160": "S"}, {"160": "E"}, {"160": "E"}, {"160": "S"}, {"160": "S"}, {"160": "S"}, {"160": "S"}, {"160": "S"}, {"160": "S"}, {"160": "S"}, {"160": "S"}, {"160": "S"}, {"160": "S"}, {"160": "S"}, {"160": "S"}, {"160": "S"}, {"160": "S"}, {"160": "E"}, {"160": "S"}, {"160": "E"}, {"160": "S"}, {"160": "S"}, {"160": "S"}, {"160": "S"}, {"160": "E"}, {"160": "S"}, {"160": "E"}, {"160": "E"}, {"160": "S"}, {"160": "S"}, {"160": "E"}, {"69": "S"}, {"69": "E"}, {"69": "E"}, {"69": "E"}, {"69": "S"}, {"69": "S"}, {"69": "S"}, {"69": "S"}, {"69": "S"}, {"69": "S"}, {"69": "S"}, {"69": "S"}, {"69": "S"}, {"69": "S"}, {"69": "S"}, {"69": "S"}, {"69": "S"}, {"69": "S"}, {"69": "E"}, {"69": "S"}, {"69": "E"}, {"69": "S"}, {"69": "S"}, {"69": "S"}, {"69": "S"}, {"69": "E"}, {"69": "S"}, {"69": "E"}, {"117": "S"}, {"117": "E"}, {"117": "E"}, {"117": "E"}, {"117": "E"}, {"117": "E"}, {"117": "S"}, {"117": "E"}, {"117": "S"}, {"117": "S"}, {"117": "E"}, {"24": "S"}, {"24": "E"}, {"24": "E"}, {"24": "E"}, {"24": "E"}, {"24": "E"}, {"24": "E"}, {"24": "E"}, {"24": "E"}, {"24": "E"}, {"24": "S"}, {"24": "S"}, {"24": "S"}, {"24": "S"}, {"24": "E"}, {"24": "S"}, {"22": "W"}, {"22": "S"}, {"22": "S"}, {"22": "W"}, {"22": "W"}, {"22": "W"}, {"22": "W"}, {"22": "W"}, {"22": "S"}, {"22": "S"}, {"22": "S"}, {"22": "S"}, {"22": "S"}, {"22": "S"}, {"22": "S"}, {"22": "S"}, {"22": "S"}, {"22": "S"}, {"22": "S"}, {"22": "S"}, {"22": "S"}, {"22": "S"}, {"22": "S"}, {"22": "S"}, {"22": "S"}, {"22": "S"}, {"22": "S"}, {"22": "E"}, {"22": "S"}, {"22": "E"}, {"22": "S"}, {"22": "S"}, {"22": "S"}, {"22": "S"}, {"22": "S"}, {"22": "S"}, {"22": "E"}, {"22": "S"}, {"22": "E"}, {"22": "E"}, {"22": "S"}, {"22": "E"}, {"22": "E"}, {"22": "S"}, {"22": "E"}, {"22": "S"}, {"172": "E"}, {"172": "S"}, {"172": "S"}, {"172": "S"}, {"172": "S"}, {"172": "S"}, {"172": "S"}, {"172": "S"}, {"172": "S"}, {"172": "S"}, {"172": "S"}, {"172": "S"}, {"172": "S"}, {"172": "S"}, {"172": "E"}, {"172": "S"}, {"172": "E"}, {"172": "S"}, {"172": "S"}, {"172": "S"}, {"172": "S"}, {"172": "S"}, {"172": "S"}, {"172": "E"}, {"172": "S"}, {"172": "E"}, {"172": "E"}, {"172": "S"}, {"172": "E"}, {"172": "E"}, {"172": "S"}, {"172": "S"}, {"150": "S"}, {"150": "E"}, {"150": "E"}, {"150": "E"}, {"150": "E"}, {"150": "E"}, {"150": "E"}, {"150": "E"}, {"150": "S"}, {"150": "S"}, {"150": "S"}, {"150": "S"}, {"150": "S"}, {"150": "S"}, {"150": "E"}, {"150": "S"}, {"150": "E"}, {"150": "E"}, {"150": "S"}, {"150": "E"}, {"150": "S"}, {"124": "S"}, {"124": "E"}, {"124": "E"}, {"124": "E"}, {"124": "S"}, {"124": "S"}, {"124": "S"}, {"124": "S"}, {"124": "S"}, {"124": "E"}, {"124": "S"}, {"124": "E"}, {"124": "S"}, {"124": "S"}, {"124": "S"}, {"124": "S"}, {"124": "S"}, {"97": "S"}, {"97": "E"}, {"97": "E"}, {"97": "E"}, {"97": "S"}, {"127": "W"}, {"127": "W"}, {"127": "W"}, {"127": "W"}, {"127": "S"}, {"127": "S"}, {"127": "S"}, {"127": "S"}, {"127": "S"}, {"127": "S"}, {"127": "S"}, {"127": "S"}, {"127": "S"}, {"127": "S"}, {"127": "S"}, {"127": "S"}, {"127": "S"}, {"127": "S"}, {"127": "S"}, {"127": "S"}, {"127": "S"}, {"127": "S"}, {"127": "S"}, {"127": "S"}, {"127": "S"}, {"127": "S"}, {"127": "S"}, {"127": "S"}, {"127": "S"}, {"127": "S"}, {"127": "S"}, {"127": "E"}, {"127": "S"}, {"127": "E"}, {"127": "E"}, {"127": "S"}, {"127": "E"}, {"127": "E"}, {"127": "S"}, {"127": "S"}, {"127": "S"}, {"127": "E"}, {"58": "E"}, {"58": "S"}, {"58": "S"}, {"58": "W"}, {"58": "W"}, {"58": "W"}, {"58": "W"}, {"58": "W"}, {"58": "W"}, {"58": "W"}, {"58": "W"}, {"58": "S"}, {"58": "S"}, {"58": "S"}, {"58": "S"}, {"58": "S"}, {"58": "S"}, {"58": "S"}, {"58": "S"}, {"58": "S"}, {"58": "S"}, {"58": "S"}, {"58": "S"}, {"58": "S"}, {"58": "S"}, {"58": "S"}, {"58": "S"}, {"58": "S"}, {"58": "S"}, {"58": "S"}, {"58": "S"}, {"58": "S"}, {"58": "S"}, {"58": "S"}, {"58": "S"}, {"58": "S"}, {"58": "E"}, {"58": "S"}, {"58": "E"}, {"137": "N"}, {"137": "E"}, {"137": "E"}, {"137": "E"}, {"137": "E"}, {"137": "E"}, {"137": "S"}, {"137": "S"}, {"137": "S"}, {"137": "S"}, {"137": "S"}, {"137": "S"}, {"137": "S"}, {"137": "S"}, {"137": "S"}, {"137": "S"}, {"137": "S"}, {"137": "E"}, {"137": "S"}, {"137": "S"}, {"137": "E"}, {"137": "E"}, {"137": "S"}, {"78": "W"}, {"78": "W"}, {"78": "W"}, {"78": "S"}, {"78": "S"}, {"78": "S"}, {"78": "S"}, {"78": "S"}, {"78": "S"}, {"78": "S"}, {"78": "S"}, {"78": "S"}, {"78": "S"}, {"78": "S"}, {"78": "S"}, {"78": "S"}, {"78": "S"}, {"78": "S"}, {"78": "S"}, {"78": "S"}, {"78": "S"}, {"78": "S"}, {"78": "S"}, {"78": "S"}, {"78": "S"}, {"78": "S"}, {"78": "S"}, {"78": "S"}, {"78": "S"}, {"78": "E"}, {"78": "S"}, {"78": "S"}, {"78": "E"}, {"78": "E"}, {"78": "E"}, {"78": "E"}, {"78": "S"}, {"78": "S"}, {"78": "S"}, {"39": "S"}, {"39": "E"}, {"39": "E"}, {"39": "E"}, {"39": "E"}, {"39": "E"}, {"39": "S"}, {"39": "S"}, {"39": "S"}, {"39": "S"}, {"39": "S"}, {"39": "S"}, {"39": "S"}, {"39": "S"}, {"39": "E"}, {"39": "S"}, {"39": "S"}, {"39": "E"}, {"39": "E"}, {"39": "E"}, {"39": "S"}, {"39": "S"}, {"105": "W"}, {"105": "S"}, {"105": "W"}, {"105": "W"}, {"105": "W"}, {"105": "W"}, {"105": "W"}, {"105": "S"}, {"105": "S"}, {"105": "S"}, {"105": "S"}, {"105": "S"}, {"105": "S"}, {"105": "S"}, {"105": "S"}, {"105": "S"}, {"105": "S"}, {"105": "S"}, {"105": "S"}, {"105": "S"}, {"105": "S"}, {"105": "S"}, {"105": "S"}, {"105": "S"}, {"105": "S"}, {"105": "S"}, {"105": "S"}, {"105": "S"}, {"105": "S"}, {"105": "S"}, {"105": "S"}, {"105": "S"}, {"105": "E"}, {"105": "S"}, {"105": "S"}, {"105": "E"}, {"105": "S"}, {"105": "S"}, {"105": "E"}, {"105": "S"}, {"105": "E"}, {"92": "S"}, {"92": "W"}, {"92": "W"}, {"92": "W"}, {"92": "W"}, {"92": "S"}, {"92": "S"}, {"92": "S"}, {"92": "S"}, {"92": "S"}, {"92": "S"}, {"92": "S"}, {"92": "S"}, {"92": "S"}, {"92": "S"}, {"92": "S"}, {"92": "S"}, {"92": "S"}, {"92": "S"}, {"92": "S"}, {"92": "S"}, {"92": "S"}, {"92": "S"}, {"92": "S"}, {"92": "S"}, {"92": "S"}, {"92": "S"}, {"92": "S"}, {"92": "S"}, {"92": "S"}, {"92": "E"}, {"92": "S"}, {"92": "S"}, {"45": "N"}, {"45": "E"}, {"45": "E"}, {"45": "S"}, {"45": "S"}, {"45": "S"}, {"45": "S"}, {"45": "S"}, {"45": "S"}, {"45": "S"}, {"45": "S"}, {"45": "S"}, {"45": "S"}, {"45": "S"}, {"45": "S"}, {"45": "S"}, {"45": "S"}, {"45": "S"}, {"45": "S"}, {"45": "S"}, {"45": "S"}, {"45": "S"}, {"45": "S"}, {"45": "S"}, {"45": "S"}, {"45": "S"}, {"45": "S"}, {"45": "S"}, {"45": "S"}, {"45": "E"}, {"45": "E"}, {"45": "S"}, {"45": "E"}, {"80": "N"}, {"80": "E"}, {"80": "E"}, {"80": "E"}, {"80": "E"}, {"80": "S"}, {"80": "S"}, {"80": "S"}, {"80": "S"}, {"80": "S"}, {"80": "S"}, {"80": "S"}, {"80": "S"}, {"80": "S"}, {"80": "S"}, {"80": "S"}, {"80": "S"}, {"80": "S"}, {"80": "S"}, {"80": "E"}, {"80": "S"}, {"80": "S"}, {"54": "S"}, {"54": "E"}, {"54": "E"}, {"54": "E"}, {"54": "E"}, {"54": "E"}, {"54": "E"}, {"54": "S"}, {"54": "S"}, {"54": "S"}, {"54": "S"}, {"54": "S"}, {"54": "S"}, {"54": "S"}, {"54": "S"}, {"54": "E"}, {"54": "E"}, {"54": "S"}, {"3": "N"}, {"3": "E"}, {"3": "E"}, {"3": "S"}, {"3": "S"}, {"3": "S"}, {"3": "S"}, {"3": "S"}, {"3": "S"}, {"3": "S"}, {"3": "S"}, {"3": "E"}, {"136": "W"}, {"136": "W"}, {"136": "W"}, {"136": "W"}, {"136": "W"}, {"136": "W"}, {"136": "W"}, {"136": "S"}, {"136": "S"}, {"136": "S"}, {"136": "S"}, {"136": "S"}, {"136": "S"}, {"136": "S"}, {"136": "S"}, {"136": "S"}, {"136": "S"}, {"136": "S"}, {"136": "S"}, {"136": "S"}, {"136": "S"}, {"136": "S"}, {"136": "S"}, {"136": "S"}, {"136": "S"}, {"136": "S"}, {"136": "S"}, {"136": "S"}, {"136": "S"}, {"136": "S"}, {"136": "S"}, {"136": "S"}, {"136": "S"}, {"136": "S"}, {"136": "S"}, {"136": "S"}, {"136": "S"}, {"136": "S"}, {"136": "S"}, {"136": "S"}, {"136": "S"}, {"136": "S"}, {"136": "E"}, {"136": "E"}, {"136": "N"}], "result": "SUCCESS", "makespan": 4356, "sum": 6017, "algo_name": "OutAndInBFS_default"}