{"instance": "medium_000_30x30_20_90", "steps": [{"31": "W", "23": "E", "81": "E", "74": "W", "14": "W", "22": "S", "33": "E", "62": "S", "56": "W", "1": "W", "78": "S", "35": "S", "37": "E", "11": "E", "25": "N", "28": "S", "18": "N", "16": "W", "84": "S", "30": "W", "8": "S", "58": "S", "2": "W", "6": "E", "24": "N", "29": "S", "80": "N", "67": "E", "57": "W", "79": "W", "48": "E", "82": "E", "19": "E", "13": "E", "36": "E", "61": "N", "63": "S", "10": "N", "70": "W", "44": "E", "68": "N", "89": "W", "64": "S", "54": "S", "88": "E", "21": "S", "73": "N", "0": "W", "76": "W", "75": "S", "49": "N", "42": "S", "38": "N", "66": "S", "32": "W", "51": "N", "3": "W", "43": "E", "34": "N", "47": "W", "87": "S", "26": "W", "71": "W", "53": "E", "41": "N", "15": "N", "27": "E", "17": "N", "45": "E", "83": "W", "85": "W", "52": "E", "55": "N", "50": "E", "65": "N", "46": "E", "60": "E", "69": "N", "5": "W", "7": "W", "39": "N"}, {"31": "W", "23": "E", "81": "E", "74": "S", "14": "W", "22": "E", "33": "N", "62": "S", "56": "W", "1": "W", "78": "W", "35": "S", "37": "E", "11": "E", "25": "E", "28": "S", "18": "N", "16": "W", "59": "S", "84": "S", "30": "W", "8": "E", "72": "S", "58": "S", "2": "W", "6": "E", "24": "N", "29": "S", "80": "E", "77": "E", "67": "E", "57": "S", "79": "W", "48": "N", "82": "E", "19": "E", "63": "E", "10": "N", "70": "W", "44": "E", "68": "N", "89": "W", "64": "S", "54": "S", "88": "E", "21": "S", "73": "W", "76": "N", "49": "N", "42": "S", "86": "E", "38": "N", "66": "S", "32": "S", "51": "N", "3": "W", "43": "S", "34": "N", "87": "S", "26": "W", "71": "W", "53": "E", "41": "N", "15": "N", "20": "W", "27": "E", "17": "W", "45": "E", "83": "W", "85": "N", "52": "N", "50": "S", "60": "E", "69": "E", "5": "W", "4": "E", "39": "N"}, {"31": "W", "23": "S", "81": "S", "74": "S", "14": "W", "22": "E", "33": "N", "62": "W", "56": "N", "1": "S", "78": "W", "35": "S", "37": "E", "11": "E", "25": "N", "28": "W", "18": "N", "16": "W", "84": "E", "8": "E", "72": "S", "58": "S", "2": "W", "6": "E", "40": "S", "24": "E", "29": "S", "80": "E", "67": "E", "57": "W", "79": "S", "48": "N", "82": "E", "19": "E", "13": "N", "36": "S", "61": "S", "63": "S", "10": "N", "70": "W", "44": "E", "68": "N", "89": "W", "64": "S", "88": "E", "73": "W", "76": "W", "75": "S", "42": "S", "86": "E", "66": "S", "32": "S", "51": "E", "3": "N", "43": "E", "34": "E", "47": "W", "26": "S", "71": "W", "53": "N", "41": "E", "15": "W", "20": "N", "27": "E", "17": "W", "45": "E", "83": "W", "85": "N", "52": "E", "55": "N", "50": "E", "65": "S", "46": "E", "60": "E", "69": "E", "5": "W", "7": "S", "4": "E", "39": "N"}, {"31": "W", "23": "S", "81": "S", "74": "S", "14": "W", "22": "S", "33": "N", "62": "S", "56": "N", "1": "E", "78": "S", "35": "S", "37": "E", "11": "E", "25": "E", "18": "N", "16": "S", "84": "S", "30": "W", "8": "E", "72": "S", "58": "E", "2": "W", "40": "S", "24": "E", "29": "S", "80": "E", "77": "E", "67": "E", "57": "W", "79": "S", "48": "N", "82": "E", "19": "N", "13": "E", "36": "S", "61": "S", "63": "E", "10": "E", "70": "W", "44": "N", "68": "N", "89": "W", "64": "S", "54": "S", "88": "E", "21": "S", "73": "N", "0": "W", "76": "W", "75": "S", "42": "S", "86": "E", "12": "E", "38": "W", "66": "S", "32": "S", "3": "W", "43": "E", "34": "E", "47": "W", "26": "S", "71": "N", "9": "S", "53": "E", "41": "E", "15": "W", "20": "N", "27": "N", "17": "W", "45": "E", "83": "S", "85": "W", "52": "S", "55": "N", "50": "E", "65": "E", "46": "E", "60": "S", "69": "N", "5": "W", "7": "W", "4": "E", "39": "N"}, {"31": "W", "23": "S", "81": "S", "74": "W", "33": "N", "62": "W", "1": "S", "35": "W", "37": "E", "11": "E", "25": "E", "18": "N", "16": "W", "84": "E", "30": "S", "8": "E", "72": "S", "58": "N", "2": "S", "40": "S", "24": "E", "29": "S", "80": "E", "77": "N", "67": "E", "57": "W", "79": "W", "48": "N", "82": "E", "19": "N", "13": "E", "36": "E", "61": "S", "63": "E", "10": "N", "70": "N", "44": "W", "68": "N", "89": "W", "64": "S", "54": "S", "88": "E", "21": "S", "73": "N", "0": "W", "76": "W", "75": "S", "42": "S", "86": "E", "12": "N", "38": "N", "66": "E", "32": "S", "3": "W", "43": "N", "34": "N", "26": "S", "71": "N", "9": "E", "53": "E", "15": "W", "20": "N", "27": "N", "17": "S", "45": "E", "83": "S", "85": "W", "52": "E", "55": "E", "50": "N", "65": "E", "60": "E", "69": "E", "5": "W", "7": "W", "4": "E", "39": "E"}, {"23": "S", "81": "S", "74": "W", "14": "N", "62": "N", "1": "E", "35": "W", "37": "E", "11": "E", "25": "E", "18": "N", "16": "W", "59": "S", "84": "S", "30": "W", "8": "E", "72": "S", "58": "N", "2": "W", "6": "S", "40": "S", "24": "E", "29": "S", "80": "E", "67": "E", "57": "N", "79": "W", "48": "E", "19": "N", "13": "E", "36": "E", "61": "S", "63": "E", "10": "N", "70": "N", "44": "W", "89": "W", "64": "E", "54": "S", "88": "E", "21": "S", "73": "N", "0": "W", "76": "W", "75": "S", "42": "S", "86": "E", "12": "W", "38": "W", "66": "N", "32": "S", "3": "W", "43": "E", "34": "E", "47": "N", "87": "W", "26": "S", "71": "W", "9": "E", "53": "E", "15": "W", "20": "N", "27": "N", "17": "S", "45": "N", "83": "W", "85": "S", "52": "E", "55": "E", "50": "N", "65": "E", "46": "N", "60": "E", "69": "E", "5": "W", "4": "E", "39": "E"}, {"23": "S", "81": "E", "74": "W", "14": "W", "22": "N", "33": "W", "62": "N", "1": "E", "35": "W", "37": "E", "11": "E", "25": "E", "28": "N", "16": "W", "59": "S", "84": "E", "30": "W", "8": "S", "72": "S", "58": "N", "2": "W", "6": "S", "40": "S", "24": "E", "29": "S", "80": "E", "67": "E", "57": "N", "79": "W", "48": "E", "19": "N", "13": "E", "36": "S", "10": "E", "70": "N", "44": "W", "68": "W", "89": "W", "64": "E", "54": "S", "88": "E", "21": "S", "73": "N", "76": "W", "75": "S", "42": "E", "86": "S", "38": "N", "66": "E", "51": "S", "3": "N", "43": "N", "34": "E", "47": "N", "26": "S", "71": "N", "9": "S", "53": "E", "15": "W", "20": "N", "27": "N", "17": "W", "45": "E", "83": "W", "85": "S", "52": "E", "55": "N", "50": "E", "65": "E", "46": "N", "60": "E", "69": "N", "5": "W", "4": "E", "39": "N"}, {"23": "E", "81": "E", "74": "W", "14": "W", "22": "N", "33": "N", "62": "N", "1": "E", "35": "W", "37": "E", "16": "W", "59": "S", "84": "E", "30": "W", "8": "E", "72": "S", "58": "N", "2": "W", "6": "S", "40": "E", "24": "E", "29": "S", "80": "E", "67": "E", "57": "W", "79": "W", "48": "E", "19": "W", "13": "E", "36": "S", "61": "W", "63": "N", "10": "E", "70": "W", "44": "W", "68": "N", "89": "W", "64": "E", "54": "S", "88": "E", "21": "E", "73": "N", "76": "N", "75": "S", "49": "W", "42": "S", "86": "E", "12": "N", "38": "N", "66": "N", "51": "E", "3": "N", "43": "E", "34": "E", "47": "N", "26": "S", "71": "N", "9": "E", "53": "E", "15": "W", "20": "N", "27": "E", "17": "W", "45": "E", "83": "W", "85": "W", "55": "E", "50": "E", "65": "S", "46": "N", "60": "S", "69": "E", "5": "S", "7": "S", "4": "E", "39": "E"}, {"23": "E", "81": "E", "74": "W", "14": "W", "22": "N", "33": "N", "1": "E", "35": "W", "37": "E", "11": "N", "16": "S", "59": "E", "84": "E", "30": "W", "8": "S", "72": "S", "58": "E", "2": "W", "6": "S", "40": "E", "24": "E", "29": "S", "80": "E", "77": "S", "67": "E", "57": "W", "79": "W", "48": "N", "82": "S", "19": "W", "13": "E", "36": "S", "61": "W", "63": "E", "10": "N", "70": "W", "44": "W", "68": "N", "89": "S", "64": "S", "54": "W", "21": "E", "73": "N", "76": "N", "75": "S", "49": "W", "42": "E", "86": "S", "12": "W", "38": "N", "66": "E", "32": "S", "51": "N", "43": "E", "34": "E", "47": "W", "26": "S", "71": "W", "9": "E", "53": "E", "15": "W", "20": "N", "27": "E", "17": "W", "45": "E", "83": "W", "85": "W", "52": "N", "55": "E", "50": "E", "65": "E", "46": "E", "60": "W", "69": "E", "5": "S", "7": "W", "4": "E", "39": "E"}, {"23": "E", "81": "E", "74": "W", "14": "W", "22": "N", "33": "N", "35": "W", "37": "E", "16": "S", "59": "E", "84": "E", "30": "W", "8": "S", "72": "S", "58": "E", "2": "W", "6": "S", "40": "E", "24": "E", "29": "S", "77": "W", "67": "E", "57": "W", "79": "W", "48": "N", "82": "S", "19": "N", "13": "N", "36": "E", "61": "S", "63": "E", "10": "N", "70": "W", "44": "W", "68": "N", "89": "W", "64": "E", "54": "S", "21": "S", "73": "N", "76": "W", "75": "S", "49": "N", "42": "E", "86": "S", "12": "W", "38": "W", "66": "E", "32": "E", "51": "W", "3": "E", "43": "E", "34": "E", "47": "S", "26": "S", "71": "W", "9": "E", "53": "N", "41": "W", "15": "W", "20": "N", "27": "E", "17": "W", "45": "E", "83": "W", "85": "W", "52": "E", "55": "N", "50": "N", "65": "E", "46": "E", "60": "S", "69": "E", "5": "W", "7": "W", "4": "E", "39": "N"}, {"23": "E", "81": "E", "74": "N", "14": "W", "33": "N", "35": "W", "37": "N", "11": "N", "28": "N", "59": "E", "30": "S", "8": "S", "72": "W", "58": "E", "2": "S", "6": "S", "40": "E", "24": "N", "29": "S", "80": "E", "77": "W", "67": "N", "57": "S", "79": "W", "48": "E", "82": "S", "19": "N", "13": "N", "36": "E", "61": "S", "63": "N", "10": "N", "70": "N", "44": "N", "68": "N", "89": "W", "64": "E", "54": "W", "88": "S", "21": "W", "73": "E", "76": "N", "75": "E", "49": "W", "42": "E", "86": "E", "12": "W", "38": "W", "66": "E", "32": "E", "51": "W", "3": "N", "43": "E", "34": "E", "87": "S", "26": "S", "71": "W", "9": "E", "53": "N", "41": "W", "15": "W", "20": "N", "27": "N", "17": "W", "45": "N", "83": "W", "85": "W", "52": "E", "55": "N", "50": "E", "65": "E", "46": "N", "60": "S", "69": "E", "5": "S", "7": "W", "4": "E", "39": "N"}, {"23": "E", "81": "E", "74": "N", "14": "W", "22": "N", "33": "N", "37": "N", "11": "N", "28": "N", "59": "E", "30": "S", "8": "S", "72": "S", "58": "E", "2": "S", "40": "E", "24": "E", "29": "W", "80": "N", "77": "S", "67": "N", "57": "S", "79": "N", "48": "N", "82": "S", "19": "N", "13": "N", "36": "E", "61": "W", "63": "N", "10": "N", "70": "W", "44": "W", "68": "N", "89": "W", "64": "E", "54": "S", "88": "E", "21": "S", "73": "N", "0": "S", "76": "N", "75": "E", "49": "N", "42": "E", "86": "E", "12": "W", "38": "W", "66": "E", "32": "E", "51": "N", "3": "N", "34": "E", "47": "W", "87": "S", "26": "S", "71": "S", "9": "N", "53": "E", "41": "W", "15": "W", "20": "N", "27": "N", "17": "W", "45": "E", "83": "S", "85": "W", "52": "E", "55": "N", "50": "E", "65": "E", "46": "E", "60": "S", "69": "N", "5": "S", "7": "S", "4": "E", "39": "N"}, {"81": "E", "74": "N", "14": "W", "22": "E", "33": "N", "37": "W", "28": "N", "59": "E", "8": "E", "72": "S", "58": "N", "2": "S", "40": "E", "24": "E", "29": "S", "80": "E", "77": "S", "67": "N", "79": "W", "48": "N", "82": "E", "19": "N", "13": "W", "36": "E", "61": "S", "63": "N", "10": "N", "70": "W", "44": "N", "68": "W", "89": "W", "64": "S", "54": "W", "88": "S", "21": "W", "73": "E", "0": "S", "76": "W", "75": "E", "49": "N", "42": "E", "86": "E", "12": "W", "66": "E", "32": "S", "51": "W", "3": "N", "34": "E", "47": "S", "87": "W", "26": "S", "71": "S", "9": "E", "53": "E", "41": "W", "15": "W", "20": "N", "27": "N", "17": "S", "45": "E", "83": "W", "85": "S", "52": "E", "55": "N", "50": "E", "65": "E", "46": "E", "60": "E", "69": "N", "5": "S", "7": "W", "4": "N", "39": "N"}, {"81": "E", "74": "N", "14": "W", "22": "N", "33": "N", "37": "W", "11": "N", "28": "N", "59": "E", "8": "E", "72": "E", "58": "E", "6": "E", "40": "E", "80": "E", "77": "S", "67": "N", "79": "W", "48": "N", "82": "S", "19": "N", "13": "W", "36": "E", "61": "S", "63": "N", "10": "N", "70": "W", "44": "W", "68": "N", "89": "S", "64": "E", "54": "S", "88": "S", "21": "W", "73": "E", "0": "W", "76": "W", "75": "E", "49": "N", "42": "E", "86": "S", "12": "N", "66": "E", "32": "E", "51": "N", "3": "N", "34": "E", "47": "S", "87": "N", "26": "S", "71": "S", "9": "E", "53": "E", "41": "W", "15": "S", "20": "E", "27": "N", "17": "W", "45": "E", "83": "W", "85": "W", "52": "S", "55": "N", "50": "E", "65": "E", "46": "E", "60": "E", "69": "E", "5": "S", "7": "W", "4": "E", "39": "N"}, {"74": "W", "14": "W", "22": "N", "33": "N", "37": "W", "11": "N", "28": "N", "59": "E", "8": "S", "58": "E", "6": "E", "40": "E", "80": "N", "77": "S", "67": "N", "79": "W", "48": "N", "82": "S", "19": "N", "13": "N", "36": "E", "61": "S", "10": "E", "70": "W", "44": "N", "68": "E", "89": "W", "64": "E", "54": "S", "88": "S", "21": "W", "73": "E", "0": "W", "75": "E", "49": "N", "86": "S", "12": "N", "66": "E", "32": "E", "51": "N", "3": "W", "34": "N", "47": "W", "26": "E", "71": "W", "9": "E", "53": "N", "41": "N", "15": "S", "20": "E", "27": "N", "17": "W", "45": "E", "83": "W", "85": "W", "52": "E", "55": "N", "50": "E", "65": "E", "46": "E", "60": "E", "69": "E", "5": "S", "7": "W", "4": "E", "39": "N"}, {"74": "N", "14": "W", "22": "N", "33": "N", "37": "N", "11": "N", "59": "N", "30": "W", "8": "W", "58": "E", "6": "S", "80": "N", "77": "E", "67": "N", "79": "W", "48": "N", "82": "S", "19": "N", "13": "N", "36": "E", "61": "S", "63": "E", "10": "N", "70": "W", "44": "W", "68": "N", "89": "W", "64": "S", "54": "S", "88": "S", "21": "W", "73": "E", "0": "W", "75": "E", "49": "N", "42": "N", "86": "S", "12": "N", "66": "E", "32": "E", "51": "N", "3": "W", "34": "N", "47": "W", "26": "E", "71": "W", "9": "E", "53": "N", "15": "S", "20": "E", "27": "N", "17": "W", "45": "E", "83": "W", "85": "W", "52": "E", "55": "N", "50": "E", "65": "E", "46": "E", "60": "S", "69": "E", "5": "S", "7": "W", "4": "N", "39": "N"}, {"74": "N", "14": "S", "22": "N", "33": "N", "37": "N", "11": "N", "28": "S", "59": "N", "8": "W", "58": "E", "6": "S", "80": "N", "77": "S", "67": "N", "79": "W", "48": "N", "82": "E", "19": "N", "13": "N", "36": "E", "61": "S", "63": "E", "10": "N", "70": "W", "44": "W", "68": "N", "89": "W", "64": "S", "54": "S", "88": "S", "21": "W", "73": "E", "0": "W", "75": "S", "49": "N", "42": "E", "86": "W", "12": "W", "38": "N", "66": "E", "32": "S", "51": "N", "3": "W", "34": "N", "47": "W", "26": "E", "71": "W", "9": "E", "53": "N", "15": "S", "20": "E", "27": "N", "17": "W", "45": "E", "83": "W", "85": "W", "52": "E", "50": "S", "65": "E", "46": "E", "60": "S", "69": "E", "5": "S", "7": "W", "4": "E", "39": "N"}, {"31": "N", "74": "N", "14": "S", "22": "N", "33": "N", "37": "N", "11": "N", "28": "S", "59": "N", "8": "S", "58": "E", "6": "W", "80": "W", "77": "S", "67": "W", "79": "W", "48": "W", "82": "S", "19": "N", "13": "N", "36": "S", "61": "S", "63": "E", "10": "N", "70": "W", "44": "W", "68": "N", "89": "W", "64": "W", "54": "S", "88": "S", "21": "W", "73": "E", "0": "W", "75": "E", "49": "N", "42": "E", "86": "S", "12": "N", "38": "W", "66": "N", "32": "E", "51": "N", "3": "W", "34": "N", "47": "W", "26": "S", "71": "W", "9": "E", "53": "N", "15": "W", "20": "E", "17": "W", "45": "E", "83": "W", "85": "W", "52": "E", "55": "E", "50": "E", "65": "E", "46": "E", "60": "S", "69": "E", "5": "S", "7": "W", "4": "E", "39": "E"}, {"31": "N", "74": "N", "14": "S", "22": "W", "33": "W", "37": "W", "28": "S", "59": "N", "30": "E", "8": "S", "6": "W", "80": "W", "77": "S", "67": "W", "79": "W", "48": "W", "82": "S", "19": "W", "13": "W", "36": "S", "61": "W", "63": "E", "10": "N", "70": "W", "44": "N", "68": "N", "89": "W", "64": "W", "54": "S", "88": "S", "21": "W", "73": "E", "0": "S", "76": "E", "75": "S", "49": "N", "42": "S", "86": "W", "12": "W", "38": "W", "66": "E", "32": "S", "51": "N", "3": "W", "34": "N", "47": "W", "87": "S", "26": "E", "71": "W", "9": "E", "53": "N", "41": "W", "15": "W", "20": "E", "27": "N", "17": "W", "45": "E", "83": "W", "85": "N", "52": "S", "55": "E", "50": "E", "65": "N", "46": "S", "60": "S", "69": "E", "5": "S", "7": "S", "4": "E", "39": "N"}, {"31": "E", "74": "W", "14": "S", "22": "W", "33": "N", "37": "N", "11": "N", "28": "S", "59": "N", "8": "S", "6": "S", "80": "W", "77": "E", "67": "W", "79": "S", "48": "W", "82": "W", "19": "N", "13": "W", "36": "S", "61": "S", "63": "E", "10": "N", "70": "W", "44": "W", "68": "N", "89": "W", "64": "S", "54": "S", "88": "E", "21": "W", "73": "E", "0": "S", "76": "E", "75": "S", "49": "N", "42": "E", "86": "S", "12": "N", "38": "W", "66": "E", "32": "S", "51": "N", "3": "W", "43": "S", "34": "N", "47": "W", "87": "W", "26": "E", "71": "S", "9": "E", "53": "W", "41": "N", "15": "W", "20": "E", "27": "W", "17": "W", "45": "N", "83": "W", "85": "N", "52": "E", "55": "N", "50": "E", "65": "E", "46": "E", "60": "S", "69": "E", "5": "S", "7": "W", "4": "E", "39": "N"}, {"31": "E", "74": "W", "14": "S", "22": "W", "33": "N", "37": "N", "28": "S", "59": "N", "8": "S", "6": "S", "80": "N", "77": "S", "67": "W", "79": "S", "48": "N", "82": "S", "19": "N", "13": "N", "36": "W", "61": "E", "63": "E", "70": "W", "44": "W", "68": "N", "89": "W", "64": "S", "54": "S", "88": "E", "21": "W", "73": "S", "0": "S", "75": "S", "49": "N", "42": "E", "86": "S", "12": "W", "38": "W", "66": "E", "32": "S", "51": "N", "3": "N", "43": "S", "34": "N", "47": "S", "87": "W", "26": "E", "71": "W", "9": "E", "53": "W", "41": "N", "15": "W", "20": "E", "27": "W", "17": "W", "45": "E", "83": "W", "85": "W", "52": "S", "55": "N", "50": "S", "65": "E", "46": "E", "60": "S", "69": "E", "5": "S", "7": "W", "4": "E", "39": "N"}, {"31": "E", "74": "W", "14": "S", "22": "W", "33": "N", "37": "N", "28": "S", "59": "N", "80": "N", "77": "S", "67": "N", "48": "N", "82": "S", "19": "N", "13": "N", "36": "W", "61": "S", "63": "E", "10": "N", "70": "W", "44": "W", "68": "E", "89": "N", "64": "W", "54": "S", "88": "E", "21": "W", "73": "E", "0": "W", "76": "E", "75": "W", "49": "N", "42": "E", "86": "W", "12": "N", "38": "W", "66": "E", "32": "W", "51": "N", "3": "W", "43": "E", "34": "N", "47": "S", "87": "W", "26": "E", "71": "W", "9": "E", "53": "W", "41": "N", "15": "W", "20": "E", "27": "W", "17": "W", "45": "E", "83": "W", "85": "W", "52": "S", "55": "W", "50": "S", "65": "E", "46": "E", "60": "S", "69": "E", "5": "S", "7": "W", "4": "E", "39": "W"}, {"31": "E", "74": "N", "14": "S", "22": "W", "33": "N", "80": "W", "77": "W", "67": "N", "82": "W", "19": "N", "13": "N", "36": "S", "61": "S", "63": "E", "10": "N", "70": "W", "44": "W", "68": "E", "89": "W", "64": "S", "54": "S", "88": "E", "21": "W", "73": "S", "0": "S", "76": "N", "75": "S", "49": "W", "42": "E", "86": "S", "12": "N", "38": "W", "66": "N", "32": "S", "51": "N", "3": "W", "43": "E", "34": "N", "47": "W", "87": "S", "26": "E", "71": "W", "9": "E", "53": "N", "41": "N", "15": "W", "20": "S", "27": "N", "17": "W", "45": "N", "83": "W", "85": "W", "52": "E", "55": "W", "50": "E", "65": "E", "46": "S", "60": "S", "69": "S", "5": "S", "7": "W", "4": "E", "39": "W"}, {"31": "E", "74": "W", "14": "S", "22": "W", "33": "N", "80": "W", "77": "S", "67": "N", "82": "S", "19": "N", "13": "N", "36": "S", "61": "S", "63": "E", "10": "N", "70": "W", "44": "W", "68": "E", "89": "W", "64": "S", "54": "S", "88": "E", "21": "W", "73": "E", "0": "S", "76": "N", "75": "S", "49": "N", "42": "S", "86": "S", "12": "W", "38": "W", "66": "N", "32": "S", "51": "N", "3": "W", "43": "E", "34": "E", "47": "S", "87": "W", "26": "S", "71": "S", "9": "E", "53": "W", "41": "N", "15": "W", "20": "S", "27": "W", "17": "S", "45": "N", "83": "N", "85": "W", "52": "S", "55": "N", "50": "E", "65": "E", "46": "S", "60": "S", "69": "E", "5": "S", "7": "W", "4": "E", "39": "W"}, {"31": "E", "74": "W", "22": "N", "33": "N", "2": "S", "80": "W", "77": "S", "67": "W", "82": "S", "13": "N", "36": "S", "61": "S", "63": "S", "10": "N", "70": "W", "44": "W", "68": "E", "89": "W", "64": "S", "54": "S", "88": "S", "21": "S", "73": "S", "0": "S", "76": "N", "75": "S", "49": "N", "42": "E", "86": "W", "12": "W", "38": "W", "66": "N", "32": "S", "51": "W", "3": "W", "43": "E", "34": "E", "47": "S", "87": "S", "26": "E", "71": "S", "9": "E", "53": "N", "41": "N", "15": "S", "20": "E", "27": "N", "17": "W", "45": "N", "83": "W", "85": "N", "52": "S", "55": "N", "50": "S", "65": "E", "46": "S", "60": "S", "69": "E", "5": "S", "7": "W", "4": "E", "39": "N"}, {"31": "E", "74": "W", "22": "N", "33": "N", "80": "W", "77": "W", "67": "W", "13": "N", "36": "W", "61": "S", "63": "S", "10": "W", "70": "S", "44": "W", "68": "E", "89": "N", "64": "S", "54": "S", "88": "S", "21": "S", "73": "E", "0": "S", "76": "N", "75": "S", "49": "N", "42": "E", "86": "S", "12": "N", "38": "W", "66": "N", "32": "S", "51": "N", "3": "W", "43": "S", "34": "N", "47": "S", "87": "S", "26": "E", "71": "S", "9": "N", "53": "N", "41": "N", "15": "W", "20": "E", "27": "N", "17": "W", "45": "N", "83": "W", "85": "W", "52": "S", "55": "N", "50": "S", "65": "E", "46": "E", "60": "S", "69": "E", "5": "S", "7": "W", "4": "E", "39": "N"}, {"31": "E", "74": "W", "22": "N", "33": "N", "80": "W", "77": "W", "67": "W", "13": "W", "61": "E", "63": "E", "10": "W", "70": "W", "44": "W", "68": "E", "64": "S", "54": "S", "88": "S", "21": "S", "73": "S", "0": "E", "76": "W", "75": "W", "49": "N", "42": "E", "86": "S", "12": "W", "38": "W", "66": "N", "32": "S", "51": "N", "3": "W", "43": "E", "34": "W", "47": "S", "87": "S", "26": "E", "71": "S", "9": "N", "53": "N", "41": "N", "15": "W", "20": "S", "27": "N", "17": "W", "45": "N", "83": "W", "85": "N", "52": "S", "55": "N", "50": "S", "65": "E", "46": "S", "60": "S", "69": "E", "5": "S", "7": "W", "4": "E", "39": "N"}, {"31": "E", "74": "W", "22": "N", "33": "N", "2": "N", "80": "N", "77": "W", "67": "N", "13": "N", "63": "E", "10": "W", "68": "N", "64": "S", "54": "S", "88": "S", "21": "S", "73": "E", "0": "S", "76": "N", "75": "S", "49": "N", "42": "E", "86": "S", "12": "W", "38": "W", "66": "N", "32": "S", "51": "N", "3": "W", "43": "E", "34": "W", "47": "S", "87": "S", "26": "E", "71": "S", "9": "E", "53": "W", "41": "N", "15": "S", "20": "E", "27": "W", "17": "N", "45": "N", "83": "W", "85": "N", "52": "E", "50": "S", "65": "E", "46": "S", "60": "S", "69": "E", "5": "S", "7": "W", "4": "N", "39": "N"}, {"31": "E", "74": "W", "22": "W", "33": "N", "80": "N", "67": "N", "13": "N", "63": "E", "10": "W", "68": "E", "64": "S", "54": "E", "88": "S", "73": "S", "0": "S", "76": "W", "75": "S", "49": "N", "42": "E", "86": "S", "12": "W", "38": "W", "66": "N", "32": "S", "51": "N", "3": "N", "43": "E", "34": "N", "47": "E", "87": "S", "26": "E", "71": "S", "9": "E", "53": "W", "41": "N", "15": "S", "20": "S", "27": "W", "17": "N", "45": "N", "83": "W", "85": "N", "52": "E", "55": "W", "50": "S", "65": "E", "46": "E", "60": "S", "69": "E", "5": "E", "7": "W", "4": "E", "39": "W"}, {"31": "E", "74": "W", "22": "N", "33": "N", "30": "W", "80": "N", "67": "N", "63": "S", "10": "W", "64": "E", "54": "E", "88": "S", "73": "S", "0": "S", "76": "W", "75": "W", "49": "N", "42": "E", "86": "W", "12": "W", "38": "W", "66": "N", "32": "W", "51": "N", "3": "W", "43": "E", "34": "N", "47": "S", "87": "S", "26": "E", "71": "S", "9": "N", "53": "W", "41": "N", "15": "W", "20": "E", "27": "W", "17": "W", "45": "N", "83": "N", "85": "N", "52": "E", "55": "N", "50": "E", "65": "E", "46": "S", "60": "S", "69": "E", "5": "S", "7": "W", "4": "E", "39": "N"}, {"31": "E", "74": "W", "22": "N", "33": "E", "67": "N", "63": "E", "44": "W", "64": "S", "54": "E", "88": "E", "73": "E", "0": "S", "76": "W", "75": "S", "49": "E", "42": "E", "86": "S", "12": "W", "38": "W", "66": "N", "32": "W", "51": "N", "3": "W", "43": "E", "34": "N", "47": "S", "87": "E", "26": "E", "71": "S", "9": "N", "53": "N", "15": "S", "20": "S", "27": "N", "17": "W", "45": "N", "83": "N", "85": "W", "52": "S", "55": "N", "50": "E", "65": "E", "46": "S", "60": "W", "69": "S", "5": "E", "7": "W", "4": "E", "39": "N"}, {"74": "S", "22": "N", "33": "E", "63": "S", "64": "S", "88": "S", "73": "E", "0": "S", "76": "W", "75": "S", "49": "E", "42": "E", "86": "S", "12": "W", "38": "S", "66": "N", "32": "S", "51": "N", "3": "W", "43": "E", "34": "W", "47": "S", "87": "S", "26": "E", "71": "S", "9": "N", "53": "W", "15": "S", "20": "S", "17": "W", "45": "N", "83": "W", "85": "W", "52": "E", "55": "W", "50": "S", "65": "E", "46": "E", "60": "W", "69": "E", "5": "S", "7": "N", "4": "E", "39": "N"}, {"74": "S", "22": "N", "33": "E", "30": "E", "63": "E", "44": "E", "64": "W", "88": "E", "73": "E", "0": "S", "76": "W", "75": "S", "49": "E", "42": "E", "86": "W", "12": "W", "38": "S", "66": "E", "32": "S", "51": "N", "3": "W", "43": "E", "34": "W", "47": "S", "87": "S", "26": "N", "71": "S", "9": "N", "53": "W", "41": "W", "15": "S", "20": "E", "17": "W", "45": "E", "83": "N", "85": "N", "52": "E", "55": "W", "50": "E", "65": "N", "46": "E", "60": "W", "69": "S", "5": "S", "7": "N", "4": "N", "39": "W"}, {"74": "S", "22": "W", "33": "E", "63": "S", "64": "S", "88": "S", "73": "E", "0": "S", "76": "W", "75": "S", "49": "E", "42": "E", "86": "W", "12": "W", "66": "N", "32": "S", "51": "N", "3": "S", "43": "E", "34": "N", "47": "S", "87": "S", "26": "E", "71": "S", "9": "N", "53": "N", "41": "N", "15": "S", "20": "S", "27": "N", "17": "N", "45": "N", "83": "N", "85": "N", "52": "E", "55": "W", "50": "E", "65": "E", "46": "S", "60": "S", "69": "S", "5": "E", "7": "W", "4": "N", "39": "N"}, {"74": "S", "22": "W", "33": "E", "63": "S", "64": "S", "88": "S", "73": "E", "0": "S", "76": "W", "75": "W", "49": "E", "42": "E", "86": "S", "12": "W", "66": "W", "32": "W", "51": "N", "3": "S", "43": "E", "34": "N", "47": "S", "87": "S", "26": "E", "71": "S", "9": "N", "53": "W", "41": "N", "15": "S", "20": "S", "27": "W", "17": "N", "45": "W", "83": "E", "85": "N", "52": "S", "55": "W", "50": "E", "65": "N", "46": "E", "60": "S", "69": "S", "5": "E", "7": "W", "4": "N", "39": "N"}, {"74": "E", "22": "W", "33": "E", "63": "W", "64": "W", "88": "W", "73": "E", "0": "S", "76": "W", "75": "S", "49": "E", "42": "E", "86": "W", "12": "W", "66": "W", "32": "S", "51": "N", "43": "E", "34": "N", "47": "S", "87": "S", "26": "E", "71": "S", "9": "N", "53": "W", "41": "N", "15": "S", "20": "E", "27": "W", "17": "W", "45": "W", "83": "N", "85": "N", "52": "S", "55": "N", "50": "E", "65": "E", "46": "E", "60": "W", "69": "S", "5": "E", "7": "W", "4": "N", "39": "N"}, {"74": "S", "22": "N", "33": "E", "63": "W", "64": "W", "88": "W", "73": "S", "0": "S", "76": "W", "75": "S", "49": "N", "42": "E", "86": "W", "12": "W", "38": "S", "66": "W", "32": "S", "51": "E", "43": "E", "34": "N", "47": "S", "87": "S", "26": "E", "71": "S", "9": "N", "53": "N", "41": "N", "15": "S", "20": "E", "27": "W", "17": "W", "83": "N", "85": "N", "52": "S", "55": "N", "50": "S", "65": "N", "46": "E", "60": "S", "69": "S", "5": "E", "7": "W", "4": "N", "39": "W"}, {"74": "S", "22": "W", "33": "E", "63": "W", "64": "S", "88": "W", "73": "S", "0": "S", "76": "W", "75": "W", "49": "E", "42": "E", "86": "W", "12": "W", "66": "N", "32": "W", "51": "E", "43": "E", "34": "W", "47": "S", "87": "S", "26": "E", "71": "S", "9": "N", "53": "W", "41": "N", "15": "S", "20": "S", "27": "W", "17": "N", "45": "N", "83": "N", "85": "N", "52": "S", "55": "N", "50": "S", "65": "E", "46": "E", "60": "W", "69": "E", "5": "E", "7": "W", "4": "N", "39": "W"}, {"74": "S", "22": "W", "33": "E", "64": "W", "88": "W", "0": "S", "76": "W", "75": "W", "49": "E", "42": "N", "86": "W", "12": "W", "66": "N", "32": "W", "51": "E", "43": "E", "34": "W", "47": "S", "87": "S", "26": "E", "71": "S", "9": "N", "53": "N", "41": "N", "15": "S", "20": "E", "27": "N", "17": "N", "45": "W", "83": "W", "85": "N", "52": "S", "55": "N", "50": "S", "65": "N", "46": "S", "60": "W", "69": "E", "5": "E", "7": "W", "4": "N", "39": "W"}, {"22": "W", "33": "E", "64": "W", "88": "W", "0": "E", "76": "N", "75": "S", "49": "S", "42": "E", "86": "W", "12": "W", "66": "N", "32": "S", "51": "E", "43": "E", "34": "W", "47": "S", "87": "S", "26": "E", "71": "S", "9": "W", "53": "W", "41": "N", "15": "S", "20": "E", "27": "W", "17": "N", "45": "N", "83": "N", "85": "N", "52": "S", "55": "W", "50": "S", "65": "N", "46": "S", "60": "W", "69": "S", "5": "E", "7": "N", "4": "N", "39": "W"}, {"22": "W", "33": "N", "64": "W", "88": "W", "0": "S", "76": "W", "75": "W", "49": "E", "42": "N", "86": "S", "12": "S", "66": "N", "32": "W", "43": "N", "34": "W", "47": "S", "87": "S", "26": "E", "71": "E", "9": "N", "53": "W", "41": "N", "15": "S", "20": "E", "27": "W", "17": "N", "45": "N", "83": "N", "85": "N", "52": "S", "55": "N", "50": "S", "65": "N", "46": "S", "60": "W", "69": "E", "5": "E", "7": "N", "4": "E", "39": "W"}, {"22": "W", "33": "N", "64": "N", "88": "W", "0": "E", "76": "W", "75": "W", "42": "N", "86": "S", "12": "S", "66": "N", "32": "W", "43": "E", "34": "N", "47": "E", "87": "S", "26": "E", "71": "E", "9": "W", "53": "W", "41": "N", "15": "S", "20": "E", "27": "W", "17": "N", "45": "N", "83": "N", "85": "N", "52": "S", "55": "N", "50": "S", "65": "N", "46": "S", "60": "W", "69": "S", "5": "E", "7": "N", "4": "N", "39": "W"}, {"22": "W", "33": "N", "0": "E", "76": "W", "75": "W", "42": "N", "12": "S", "66": "W", "32": "W", "51": "N", "43": "N", "34": "N", "47": "S", "87": "E", "26": "E", "71": "E", "9": "N", "53": "N", "41": "N", "15": "S", "20": "S", "27": "N", "17": "N", "45": "N", "83": "N", "85": "N", "52": "S", "55": "W", "50": "S", "65": "N", "46": "S", "60": "W", "69": "S", "5": "E", "7": "N", "4": "N", "39": "W"}, {"22": "W", "33": "N", "0": "N", "76": "S", "42": "N", "12": "S", "66": "W", "32": "S", "51": "E", "43": "N", "34": "N", "47": "E", "87": "S", "26": "N", "9": "N", "53": "W", "41": "N", "15": "S", "20": "S", "27": "W", "17": "N", "45": "N", "83": "N", "85": "N", "52": "S", "55": "N", "50": "S", "65": "E", "46": "S", "60": "W", "69": "S", "5": "E", "7": "N", "4": "N", "39": "N"}, {"22": "W", "33": "E", "44": "W", "0": "E", "76": "S", "42": "N", "12": "S", "66": "W", "51": "E", "43": "N", "34": "N", "47": "E", "87": "S", "26": "N", "9": "N", "53": "W", "41": "N", "15": "S", "20": "S", "27": "W", "17": "N", "45": "W", "83": "N", "85": "N", "52": "S", "55": "W", "50": "S", "65": "N", "46": "S", "60": "W", "69": "S", "5": "E", "7": "N", "4": "N", "39": "W"}, {"22": "S", "33": "S", "0": "E", "76": "S", "42": "N", "12": "S", "66": "W", "51": "S", "43": "N", "34": "W", "47": "N", "87": "E", "26": "E", "9": "N", "53": "W", "41": "N", "15": "S", "20": "S", "27": "W", "17": "N", "45": "W", "83": "N", "85": "E", "52": "S", "55": "N", "50": "W", "65": "N", "46": "S", "60": "W", "69": "S", "5": "E", "7": "N", "4": "N", "39": "W"}, {"22": "S", "33": "S", "0": "E", "76": "E", "42": "W", "12": "W", "66": "N", "43": "N", "34": "N", "47": "E", "87": "E", "26": "E", "9": "N", "53": "W", "41": "N", "15": "S", "20": "S", "27": "W", "17": "N", "45": "W", "83": "N", "85": "N", "52": "S", "55": "W", "50": "S", "65": "N", "46": "S", "60": "N", "69": "S", "5": "E", "7": "N", "4": "N", "39": "W"}, {"22": "S", "33": "S", "44": "E", "0": "E", "42": "N", "66": "N", "43": "N", "34": "N", "47": "E", "87": "E", "26": "N", "9": "W", "53": "W", "41": "E", "15": "S", "20": "S", "27": "W", "17": "N", "45": "W", "83": "N", "85": "N", "52": "S", "55": "W", "50": "S", "65": "N", "46": "W", "60": "W", "69": "S", "5": "E", "7": "N", "4": "W", "39": "N"}, {"22": "S", "33": "S", "0": "E", "42": "N", "66": "N", "43": "W", "34": "W", "47": "E", "87": "E", "26": "N", "9": "W", "53": "W", "41": "E", "15": "S", "20": "S", "27": "W", "17": "E", "45": "N", "83": "N", "85": "N", "52": "S", "55": "W", "50": "S", "65": "N", "46": "S", "60": "W", "69": "S", "5": "E", "7": "N", "4": "W", "39": "W"}, {"22": "E", "76": "E", "42": "N", "66": "N", "34": "N", "47": "E", "87": "E", "26": "E", "9": "W", "53": "W", "41": "E", "15": "S", "20": "S", "27": "W", "17": "E", "45": "N", "83": "N", "85": "N", "52": "S", "55": "N", "50": "S", "65": "N", "46": "S", "60": "W", "69": "S", "5": "E", "7": "N", "4": "W", "39": "W"}, {"22": "S", "42": "W", "66": "W", "34": "W", "87": "E", "26": "N", "9": "W", "53": "N", "41": "N", "15": "S", "20": "S", "27": "N", "17": "E", "45": "N", "83": "N", "85": "N", "52": "S", "55": "W", "50": "S", "65": "W", "46": "S", "60": "W", "69": "S", "5": "E", "7": "N", "4": "N", "39": "W"}, {"22": "E", "42": "W", "66": "N", "34": "N", "87": "E", "26": "N", "9": "N", "53": "W", "41": "E", "15": "E", "20": "S", "27": "W", "45": "N", "83": "N", "85": "N", "52": "W", "55": "W", "50": "S", "65": "W", "46": "S", "60": "W", "69": "S", "5": "E", "7": "N", "4": "N", "39": "W"}, {"42": "W", "66": "N", "34": "N", "87": "S", "26": "N", "53": "W", "41": "E", "15": "E", "20": "S", "27": "W", "45": "N", "83": "E", "85": "E", "52": "W", "55": "W", "50": "W", "65": "W", "46": "S", "60": "W", "69": "S", "5": "N", "7": "N", "4": "W", "39": "W"}, {"42": "W", "66": "W", "87": "E", "26": "N", "53": "W", "41": "E", "15": "E", "20": "S", "27": "W", "45": "N", "83": "E", "85": "E", "52": "W", "55": "W", "50": "W", "65": "N", "46": "W", "60": "W", "69": "S", "5": "E", "7": "N", "4": "W", "39": "W"}, {"42": "W", "66": "N", "87": "E", "26": "E", "53": "S", "41": "E", "15": "E", "20": "W", "27": "S", "45": "N", "83": "E", "85": "E", "52": "W", "55": "W", "50": "S", "65": "N", "46": "S", "60": "W", "5": "E", "7": "N", "4": "N", "39": "W"}, {"42": "W", "66": "W", "87": "E", "26": "N", "53": "S", "41": "E", "15": "E", "20": "W", "27": "S", "45": "N", "83": "E", "85": "E", "52": "W", "55": "W", "50": "S", "65": "N", "46": "W", "60": "S", "69": "S", "5": "E", "7": "N", "4": "N", "39": "N"}, {"42": "N", "66": "N", "87": "E", "26": "N", "53": "S", "41": "E", "15": "E", "27": "S", "83": "E", "85": "E", "52": "S", "55": "W", "50": "W", "65": "N", "46": "S", "60": "W", "69": "W", "5": "E", "7": "N", "4": "N", "39": "W"}, {"42": "N", "66": "W", "87": "E", "26": "E", "53": "W", "41": "E", "15": "E", "27": "W", "83": "N", "85": "N", "52": "W", "55": "N", "50": "W", "65": "N", "46": "S", "60": "W", "69": "S", "5": "E", "7": "N", "4": "N", "39": "N"}, {"42": "N", "66": "W", "87": "E", "26": "N", "53": "W", "41": "E", "15": "S", "27": "S", "83": "E", "85": "N", "52": "S", "55": "N", "50": "S", "65": "W", "46": "W", "60": "W", "69": "S", "5": "E", "7": "N", "4": "N", "39": "W"}, {"42": "N", "66": "W", "87": "E", "26": "N", "53": "S", "41": "E", "15": "S", "83": "N", "52": "S", "55": "W", "50": "W", "65": "W", "46": "W", "60": "W", "5": "N", "7": "N", "4": "N", "39": "W"}, {"87": "E", "26": "W", "53": "S", "41": "S", "15": "E", "83": "E", "52": "W", "55": "W", "50": "S", "65": "W", "46": "S", "60": "N", "5": "E", "7": "N", "4": "N", "39": "W"}, {"87": "N", "26": "N", "53": "W", "41": "E", "15": "E", "83": "E", "52": "W", "55": "S", "50": "S", "65": "W", "46": "W", "60": "W", "5": "E", "7": "N", "4": "W", "39": "W"}, {"87": "N", "26": "N", "53": "S", "15": "E", "83": "N", "52": "W", "55": "S", "50": "W", "46": "S", "60": "W", "5": "N", "7": "N", "39": "W"}, {"87": "N", "26": "N", "53": "S", "15": "E", "83": "E", "55": "S", "50": "W", "46": "S", "60": "W", "5": "E", "7": "E", "39": "S"}, {"87": "N", "26": "N", "53": "S", "15": "E", "55": "S", "50": "S", "5": "E", "7": "E", "39": "S"}, {"87": "N", "55": "S", "50": "W", "7": "E", "39": "S"}, {"87": "N", "50": "W", "39": "W"}, {"39": "S"}], "result": "SUCCESS", "makespan": 68, "sum": 3180, "algo_name": "OutAndInByPercentage_dist_from_target_BIT_", "extra": {"arrival_order": [31, 23, 81, 74, 14, 22, 33, 62, 56, 1, 78, 35, 37, 11, 25, 28, 18, 16, 59, 84, 30, 8, 72, 58, 2, 6, 40, 24, 29, 80, 77, 67, 57, 79, 48, 82, 19, 13, 36, 61, 63, 10, 70, 44, 68, 89, 64, 54, 88, 21, 73, 0, 76, 75, 49, 42, 86, 12, 38, 66, 32, 51, 3, 43, 34, 47, 87, 26, 71, 9, 53, 41, 15, 20, 27, 17, 45, 83, 85, 52, 55, 50, 65, 46, 60, 69, 5, 7, 4, 39], "time_arrived": [1103, 231, 412, 1563, 2992, 2870, 428, 2930, 368, 1913, 779, 270, 1357, 667, 126, 2078, 315, 2222, 303, 642, 2122, 1025, 173, 47, 461, 281, 1825, 2171, 292, 478, 354, 31, 1495, 214, 1658, 248, 692, 259, 1399, 3051, 444, 2019, 1283, 1606, 830, 2277, 2700, 1709, 600, 1225, 2579, 1527, 2455, 1968, 955, 2518, 225, 556, 397, 328, 2753, 717, 220, 747, 928, 2641, 1455, 535, 856, 2813, 804, 1864, 382, 1056, 101, 1183, 1140, 516, 238, 575, 496, 65, 621, 2339, 341, 2393, 1314, 1766, 997, 883], "BIT_runs": 1, "old_makespan": 3051, "old_sum": 3548, "improved": "[23, 81, 74, 14, 22, 33, 62, 56, 1, 78, 35, 37, 11, 25, 28, 18, 16, 59, 84, 30, 8, 72, 58, 2, 6, 40, 24, 29, 80, 77, 67, 57, 79, 48, 82, 19, 13, 36, 61, 63, 10, 70, 44, 68, 89, 64, 54, 88, 21, 73, 0, 76, 75, 49, 42, 86, 12, 38, 66, 32, 51, 3, 43, 34, 47, 87, 26, 71, 9, 53, 41, 15, 20, 27, 17, 45, 83, 85, 52, 55, 50, 65, 46, 60, 69, 5, 7, 4, 39],", "goal_raise_for_bs": 32}}