{"instance": "medium_002_30x30_30_162", "steps": [{"11": "S", "18": "W", "54": "E", "58": "N", "14": "W", "22": "N", "5": "N", "142": "W", "155": "N", "132": "S", "151": "W", "126": "W", "31": "E", "139": "W", "16": "N", "96": "N", "94": "N", "17": "N", "40": "E", "143": "E", "38": "N", "98": "S", "67": "N", "88": "N", "3": "N", "44": "N", "1": "N", "42": "N", "140": "N", "116": "N", "158": "N", "147": "N", "57": "N", "107": "N", "69": "E", "102": "W", "152": "W", "118": "W", "84": "S", "60": "S", "43": "N", "35": "W", "26": "W", "160": "S", "64": "W", "157": "S", "136": "E", "23": "W", "37": "W", "97": "W", "111": "N", "83": "W", "159": "W", "7": "E", "123": "W", "93": "W", "74": "E", "122": "W", "46": "N", "109": "E", "56": "S", "21": "N", "9": "W", "8": "N", "41": "N", "47": "S", "146": "W", "115": "N", "70": "E", "59": "E", "145": "N", "135": "E", "72": "W", "91": "N", "34": "N", "2": "S", "133": "N", "89": "W", "108": "E", "130": "S", "29": "N", "112": "N", "13": "E", "131": "W", "28": "N", "20": "W", "52": "N", "66": "W", "161": "N", "68": "E", "71": "S", "15": "E", "95": "S", "110": "N", "30": "E", "154": "S", "114": "W", "76": "S", "124": "E", "125": "S", "39": "S", "106": "W", "53": "S", "113": "N", "119": "W", "128": "N", "36": "N", "25": "N", "73": "N", "87": "N", "129": "N", "134": "N", "86": "N", "79": "N", "55": "N", "156": "S", "48": "E", "100": "N", "75": "N", "45": "W", "62": "N", "19": "N", "27": "N", "101": "W", "81": "N", "24": "N", "121": "N", "49": "N", "117": "N", "137": "N", "104": "N", "144": "N"}, {"11": "S", "18": "N", "54": "E", "58": "N", "14": "W", "105": "N", "22": "N", "5": "N", "142": "W", "155": "N", "132": "S", "151": "W", "126": "N", "31": "E", "139": "W", "94": "N", "120": "S", "4": "S", "40": "E", "10": "S", "92": "E", "99": "E", "98": "S", "65": "N", "67": "W", "88": "N", "3": "N", "44": "N", "1": "N", "42": "N", "140": "N", "116": "N", "158": "N", "147": "N", "57": "N", "107": "N", "69": "N", "102": "W", "152": "W", "118": "W", "84": "S", "60": "E", "35": "W", "26": "W", "160": "E", "64": "W", "157": "S", "63": "S", "136": "S", "82": "E", "23": "W", "37": "W", "97": "W", "12": "W", "0": "W", "83": "W", "159": "W", "7": "E", "123": "W", "93": "W", "122": "W", "46": "N", "103": "W", "109": "S", "56": "S", "21": "N", "8": "N", "41": "W", "47": "E", "146": "W", "115": "N", "70": "S", "59": "E", "145": "E", "135": "S", "72": "W", "91": "N", "34": "N", "2": "E", "133": "N", "89": "S", "108": "E", "130": "S", "29": "N", "112": "N", "13": "S", "131": "W", "28": "N", "20": "W", "149": "N", "66": "S", "161": "E", "50": "N", "71": "S", "15": "E", "95": "S", "110": "N", "150": "E", "30": "E", "141": "W", "154": "S", "114": "W", "76": "S", "124": "E", "106": "W", "53": "S", "113": "N", "119": "W", "128": "N", "36": "E", "25": "N", "73": "N", "87": "N", "129": "N", "134": "N", "148": "N", "86": "N", "55": "N", "100": "N", "75": "N", "61": "N", "62": "N", "19": "N", "27": "N", "101": "W", "24": "N", "121": "N", "49": "N", "117": "N", "137": "E", "104": "N", "144": "W"}, {"11": "S", "18": "W", "54": "E", "58": "N", "14": "W", "105": "N", "22": "N", "5": "N", "77": "W", "142": "W", "155": "N", "127": "N", "132": "S", "151": "W", "126": "N", "31": "E", "139": "N", "16": "E", "96": "N", "94": "E", "17": "N", "4": "S", "40": "E", "10": "S", "92": "E", "38": "N", "99": "E", "98": "S", "65": "E", "67": "W", "88": "N", "3": "N", "44": "N", "1": "N", "42": "N", "140": "N", "116": "N", "158": "N", "6": "E", "147": "N", "57": "N", "107": "N", "69": "N", "152": "W", "84": "S", "60": "E", "43": "W", "35": "W", "64": "W", "157": "S", "136": "E", "82": "N", "23": "W", "37": "W", "97": "W", "12": "W", "0": "W", "138": "S", "111": "W", "83": "W", "159": "W", "93": "N", "74": "S", "122": "W", "46": "N", "103": "W", "8": "N", "41": "N", "146": "W", "115": "N", "59": "E", "135": "E", "72": "W", "91": "N", "2": "S", "133": "N", "89": "S", "108": "E", "90": "S", "130": "W", "29": "N", "112": "N", "131": "W", "28": "N", "20": "N", "52": "W", "149": "N", "66": "E", "161": "N", "68": "N", "50": "N", "71": "S", "51": "W", "95": "S", "110": "N", "150": "N", "30": "E", "141": "W", "154": "S", "76": "S", "124": "E", "125": "S", "113": "N", "119": "W", "128": "N", "36": "E", "25": "N", "73": "N", "87": "N", "129": "N", "134": "N", "148": "N", "86": "N", "55": "N", "48": "N", "100": "N", "75": "N", "45": "N", "61": "N", "62": "N", "19": "N", "27": "N", "101": "N", "81": "N", "32": "E", "24": "N", "49": "N", "117": "N", "137": "N", "104": "N"}, {"11": "S", "18": "N", "54": "E", "58": "N", "14": "W", "105": "N", "22": "N", "5": "N", "77": "W", "142": "W", "155": "W", "127": "E", "132": "S", "31": "E", "139": "W", "96": "W", "94": "E", "17": "N", "4": "E", "40": "E", "10": "S", "92": "E", "38": "E", "67": "N", "88": "N", "3": "E", "44": "N", "42": "N", "116": "N", "158": "N", "6": "E", "147": "N", "57": "N", "107": "N", "69": "N", "102": "W", "152": "W", "118": "W", "84": "E", "60": "S", "35": "W", "26": "W", "64": "W", "157": "S", "136": "S", "82": "E", "23": "W", "97": "W", "12": "W", "0": "W", "138": "E", "83": "W", "159": "W", "93": "W", "74": "S", "122": "W", "46": "N", "103": "W", "8": "N", "41": "N", "47": "N", "115": "N", "70": "W", "59": "E", "145": "N", "135": "E", "72": "W", "133": "N", "85": "W", "108": "E", "90": "S", "130": "W", "29": "E", "112": "N", "131": "W", "28": "N", "20": "E", "52": "N", "149": "N", "66": "S", "161": "E", "68": "N", "71": "S", "15": "S", "95": "E", "110": "N", "150": "N", "30": "E", "141": "W", "154": "E", "114": "W", "76": "S", "124": "E", "125": "E", "39": "E", "106": "E", "113": "N", "119": "W", "128": "N", "36": "S", "25": "N", "73": "N", "87": "N", "134": "N", "148": "N", "86": "N", "55": "N", "48": "N", "100": "N", "61": "N", "62": "N", "19": "N", "27": "N", "81": "N", "32": "N", "24": "N", "49": "N", "117": "N", "137": "E", "104": "N"}, {"11": "S", "18": "N", "153": "N", "54": "E", "105": "N", "5": "N", "77": "W", "142": "W", "155": "W", "127": "E", "132": "S", "31": "E", "139": "W", "16": "E", "96": "W", "80": "N", "94": "N", "120": "N", "17": "E", "40": "E", "143": "E", "10": "S", "92": "S", "38": "N", "98": "W", "67": "N", "88": "N", "3": "N", "44": "N", "1": "N", "42": "N", "116": "N", "158": "N", "6": "S", "147": "N", "107": "N", "69": "N", "102": "W", "152": "S", "118": "W", "84": "E", "60": "E", "43": "N", "35": "W", "26": "W", "64": "S", "157": "S", "136": "S", "82": "N", "23": "W", "37": "N", "97": "W", "12": "S", "0": "W", "138": "E", "83": "W", "159": "W", "7": "S", "93": "W", "74": "S", "122": "W", "46": "N", "103": "W", "109": "S", "56": "E", "9": "W", "8": "E", "41": "N", "47": "E", "146": "W", "115": "N", "70": "S", "59": "E", "145": "E", "135": "E", "72": "W", "2": "S", "133": "N", "89": "W", "108": "E", "90": "S", "130": "S", "29": "E", "112": "N", "28": "N", "20": "E", "52": "E", "149": "N", "66": "S", "161": "E", "68": "N", "50": "N", "71": "S", "51": "S", "15": "S", "95": "E", "110": "N", "33": "N", "150": "N", "30": "S", "141": "S", "154": "E", "76": "S", "124": "E", "125": "E", "39": "S", "106": "E", "53": "S", "113": "N", "119": "W", "36": "S", "25": "W", "73": "N", "87": "N", "129": "N", "134": "N", "86": "N", "48": "N", "100": "N", "45": "N", "61": "N", "62": "N", "19": "N", "27": "N", "101": "N", "81": "N", "24": "N", "49": "W", "104": "N", "144": "W"}, {"11": "S", "18": "N", "153": "N", "78": "W", "54": "E", "105": "N", "22": "N", "5": "N", "77": "W", "142": "W", "155": "W", "127": "E", "132": "S", "126": "E", "31": "E", "139": "W", "16": "N", "96": "W", "80": "N", "94": "E", "120": "W", "17": "N", "4": "E", "40": "N", "10": "S", "92": "S", "38": "E", "99": "N", "65": "E", "67": "N", "88": "N", "3": "N", "1": "N", "42": "N", "140": "E", "158": "N", "6": "E", "147": "N", "57": "N", "107": "W", "69": "N", "102": "W", "152": "W", "118": "W", "84": "E", "60": "E", "43": "W", "35": "W", "26": "W", "160": "W", "157": "S", "63": "W", "136": "S", "82": "N", "23": "W", "37": "E", "97": "N", "12": "S", "0": "W", "138": "E", "111": "W", "83": "W", "159": "N", "123": "E", "74": "E", "46": "N", "103": "W", "109": "S", "56": "E", "21": "E", "9": "W", "8": "S", "146": "W", "115": "N", "70": "W", "59": "E", "135": "E", "72": "W", "91": "S", "2": "E", "133": "N", "85": "N", "108": "E", "90": "S", "130": "W", "112": "E", "28": "N", "20": "N", "52": "N", "149": "N", "66": "S", "161": "S", "50": "N", "71": "S", "51": "S", "15": "E", "95": "E", "110": "N", "33": "E", "150": "N", "30": "W", "141": "S", "154": "E", "114": "W", "76": "S", "124": "E", "125": "E", "39": "E", "106": "E", "53": "S", "119": "S", "36": "S", "25": "W", "73": "N", "87": "N", "129": "N", "134": "N", "148": "N", "86": "N", "55": "N", "156": "S", "100": "W", "61": "N", "19": "N", "27": "N", "81": "N", "24": "N", "117": "N", "104": "N", "144": "S"}, {"11": "S", "18": "N", "153": "N", "78": "N", "54": "E", "105": "N", "5": "N", "77": "W", "142": "N", "155": "N", "132": "E", "151": "S", "126": "N", "31": "E", "139": "N", "16": "N", "96": "N", "80": "E", "94": "E", "120": "N", "17": "N", "4": "N", "40": "W", "143": "N", "10": "S", "92": "E", "38": "E", "99": "E", "65": "E", "67": "N", "3": "N", "1": "N", "140": "E", "116": "S", "158": "N", "6": "E", "147": "N", "57": "N", "69": "N", "102": "S", "152": "W", "118": "S", "84": "E", "60": "S", "43": "W", "35": "S", "26": "S", "64": "W", "157": "S", "63": "S", "136": "S", "82": "E", "23": "W", "37": "S", "97": "E", "12": "W", "0": "W", "138": "E", "111": "W", "83": "W", "159": "E", "123": "S", "93": "E", "74": "E", "103": "W", "56": "E", "21": "E", "9": "W", "146": "S", "115": "N", "70": "W", "59": "E", "145": "N", "135": "E", "72": "W", "91": "E", "2": "S", "133": "N", "108": "E", "90": "S", "130": "W", "29": "N", "112": "E", "13": "W", "131": "S", "28": "N", "20": "N", "52": "N", "149": "N", "66": "S", "161": "S", "68": "N", "50": "N", "51": "W", "15": "E", "95": "S", "33": "N", "150": "N", "30": "W", "141": "W", "154": "E", "114": "N", "76": "W", "124": "E", "125": "E", "39": "E", "53": "W", "113": "N", "119": "S", "36": "E", "25": "N", "73": "N", "87": "N", "129": "N", "134": "N", "148": "N", "86": "N", "100": "W", "75": "E", "19": "W", "27": "N", "101": "N", "81": "N", "24": "N", "117": "N", "104": "N"}, {"11": "S", "18": "N", "153": "N", "78": "N", "54": "N", "58": "E", "105": "N", "5": "N", "77": "W", "142": "N", "155": "N", "132": "N", "151": "E", "126": "N", "31": "E", "139": "N", "16": "N", "96": "N", "80": "E", "94": "E", "120": "N", "17": "N", "4": "N", "40": "W", "143": "N", "10": "S", "92": "E", "38": "E", "99": "E", "65": "E", "67": "N", "88": "N", "3": "N", "1": "N", "140": "E", "158": "E", "6": "E", "147": "N", "57": "N", "69": "N", "152": "W", "118": "S", "84": "E", "60": "S", "43": "W", "35": "S", "26": "S", "64": "W", "157": "S", "63": "W", "136": "E", "82": "E", "23": "W", "37": "W", "97": "E", "12": "W", "0": "W", "138": "E", "111": "W", "83": "W", "159": "E", "7": "S", "123": "W", "93": "S", "74": "E", "46": "N", "103": "W", "56": "E", "9": "W", "8": "S", "41": "W", "47": "E", "146": "S", "115": "N", "70": "W", "59": "E", "145": "N", "135": "N", "72": "W", "91": "E", "2": "S", "133": "N", "85": "W", "108": "E", "90": "E", "130": "W", "112": "E", "13": "W", "131": "S", "28": "N", "20": "N", "52": "N", "149": "N", "66": "E", "161": "S", "50": "W", "51": "S", "15": "E", "95": "E", "110": "N", "33": "N", "150": "N", "30": "W", "141": "W", "154": "E", "114": "N", "76": "S", "124": "E", "125": "S", "39": "E", "53": "W", "113": "E", "119": "S", "128": "E", "36": "E", "73": "N", "87": "N", "129": "N", "134": "N", "148": "N", "86": "E", "48": "W", "100": "W", "45": "W", "19": "W", "27": "E", "101": "W", "81": "N", "32": "N", "24": "N", "144": "N"}, {"11": "E", "18": "N", "153": "E", "78": "N", "54": "N", "58": "S", "5": "N", "77": "W", "142": "N", "155": "N", "127": "N", "132": "N", "151": "E", "126": "N", "31": "E", "139": "E", "16": "N", "96": "N", "80": "S", "94": "E", "17": "N", "4": "E", "40": "W", "92": "E", "38": "E", "99": "E", "98": "S", "65": "N", "67": "N", "1": "N", "158": "S", "147": "N", "57": "N", "107": "S", "102": "S", "152": "W", "118": "S", "84": "S", "60": "S", "43": "W", "35": "S", "26": "S", "64": "W", "157": "S", "63": "W", "136": "E", "82": "S", "23": "W", "37": "W", "97": "E", "12": "W", "0": "W", "138": "E", "111": "W", "83": "W", "159": "E", "7": "S", "123": "W", "93": "W", "74": "E", "122": "W", "46": "E", "56": "E", "9": "W", "8": "E", "41": "W", "47": "E", "115": "N", "70": "S", "59": "E", "145": "E", "135": "E", "72": "W", "91": "E", "2": "S", "133": "N", "85": "W", "108": "E", "90": "E", "130": "S", "29": "E", "112": "E", "13": "W", "131": "W", "28": "N", "20": "E", "52": "N", "149": "N", "66": "E", "161": "E", "50": "N", "51": "S", "15": "E", "95": "E", "33": "E", "150": "E", "30": "W", "141": "S", "154": "E", "114": "N", "76": "W", "124": "N", "125": "E", "39": "E", "53": "S", "113": "N", "119": "W", "36": "E", "25": "S", "73": "N", "87": "N", "129": "N", "134": "N", "148": "N", "86": "E", "79": "W", "156": "N", "48": "S", "100": "W", "75": "W", "45": "W", "61": "E", "19": "W", "32": "N", "24": "N", "121": "N", "49": "W", "117": "N", "137": "E"}, {"11": "N", "18": "N", "153": "E", "78": "N", "54": "N", "58": "S", "5": "N", "77": "W", "142": "W", "155": "N", "127": "N", "132": "N", "151": "N", "126": "N", "31": "N", "139": "E", "16": "E", "96": "N", "80": "S", "94": "E", "17": "E", "4": "E", "40": "W", "92": "E", "38": "E", "99": "E", "98": "S", "65": "N", "88": "N", "44": "W", "42": "E", "158": "S", "147": "N", "57": "N", "69": "N", "102": "S", "152": "W", "118": "S", "84": "S", "60": "S", "43": "W", "35": "E", "26": "S", "64": "W", "157": "S", "63": "S", "136": "E", "82": "E", "23": "W", "37": "W", "97": "E", "12": "W", "0": "N", "138": "N", "111": "W", "83": "W", "159": "E", "7": "S", "123": "W", "93": "W", "74": "E", "122": "S", "46": "N", "109": "S", "56": "E", "21": "E", "9": "N", "8": "E", "41": "N", "47": "E", "115": "N", "70": "W", "59": "E", "91": "E", "2": "E", "133": "N", "89": "S", "85": "N", "108": "E", "90": "S", "130": "S", "112": "E", "13": "S", "131": "S", "20": "N", "52": "N", "149": "N", "66": "E", "161": "E", "50": "W", "71": "E", "51": "S", "15": "S", "95": "E", "110": "N", "33": "E", "150": "N", "30": "W", "141": "W", "154": "E", "114": "N", "76": "W", "124": "N", "125": "E", "39": "S", "53": "W", "113": "E", "119": "W", "128": "W", "36": "S", "25": "S", "73": "N", "87": "W", "129": "W", "134": "N", "148": "N", "79": "S", "48": "E", "100": "W", "75": "S", "45": "S", "61": "S", "19": "W", "32": "W", "24": "N", "121": "N"}, {"11": "N", "18": "N", "153": "E", "54": "N", "58": "S", "5": "N", "77": "N", "142": "W", "155": "N", "127": "N", "132": "N", "151": "N", "126": "N", "31": "N", "139": "E", "16": "E", "96": "N", "80": "E", "94": "E", "120": "W", "17": "E", "4": "S", "40": "W", "143": "E", "92": "E", "38": "E", "99": "E", "98": "S", "65": "N", "67": "N", "88": "N", "44": "S", "1": "N", "42": "E", "116": "E", "158": "S", "6": "E", "147": "N", "69": "N", "102": "S", "152": "W", "118": "S", "84": "E", "60": "E", "43": "W", "35": "E", "26": "S", "160": "S", "64": "W", "157": "S", "63": "S", "136": "E", "82": "E", "23": "N", "37": "W", "97": "S", "12": "W", "0": "W", "138": "E", "111": "W", "159": "E", "7": "S", "123": "W", "93": "W", "74": "E", "122": "S", "46": "E", "103": "W", "109": "E", "56": "E", "21": "N", "9": "N", "8": "S", "41": "N", "47": "E", "115": "N", "70": "W", "59": "S", "72": "E", "91": "E", "34": "S", "2": "S", "133": "N", "89": "S", "85": "W", "108": "S", "29": "E", "13": "S", "131": "S", "20": "E", "52": "N", "149": "N", "66": "E", "161": "E", "50": "W", "71": "N", "51": "S", "15": "E", "95": "E", "33": "N", "150": "E", "30": "W", "141": "W", "154": "E", "114": "E", "76": "W", "124": "N", "125": "E", "39": "E", "106": "N", "53": "W", "113": "E", "119": "W", "36": "S", "25": "S", "73": "N", "134": "N", "156": "N", "48": "N", "100": "S", "75": "E", "61": "S", "62": "S", "19": "S", "101": "N", "24": "N", "121": "N", "49": "N", "104": "N"}, {"11": "E", "18": "N", "153": "E", "54": "W", "58": "S", "105": "W", "5": "N", "77": "N", "142": "N", "155": "N", "127": "N", "132": "N", "151": "N", "126": "N", "31": "W", "139": "E", "16": "E", "96": "N", "80": "E", "94": "N", "120": "W", "17": "E", "4": "S", "40": "W", "143": "E", "10": "W", "92": "E", "38": "N", "99": "N", "98": "W", "65": "N", "88": "E", "44": "S", "1": "N", "42": "E", "140": "E", "116": "E", "158": "S", "6": "E", "147": "E", "107": "S", "102": "S", "152": "W", "118": "S", "84": "E", "60": "S", "43": "W", "35": "E", "26": "S", "160": "S", "64": "W", "157": "E", "63": "S", "136": "E", "82": "E", "23": "N", "37": "W", "97": "E", "12": "W", "0": "W", "138": "E", "111": "W", "83": "N", "159": "E", "7": "S", "123": "W", "93": "W", "74": "E", "122": "E", "46": "N", "103": "N", "109": "E", "56": "E", "21": "W", "9": "N", "41": "N", "47": "E", "59": "S", "145": "S", "72": "S", "91": "E", "34": "S", "2": "S", "89": "S", "85": "W", "29": "E", "112": "E", "13": "S", "131": "S", "28": "W", "20": "E", "52": "N", "149": "N", "66": "S", "161": "E", "68": "N", "50": "W", "71": "N", "51": "S", "15": "E", "95": "S", "33": "E", "150": "E", "30": "W", "141": "S", "154": "E", "114": "E", "76": "W", "124": "N", "125": "E", "39": "E", "53": "S", "113": "E", "119": "W", "36": "E", "25": "W", "73": "N", "134": "N", "79": "E", "100": "S", "62": "S", "19": "S", "27": "E", "24": "N", "49": "E", "104": "N"}, {"11": "E", "18": "N", "153": "E", "78": "E", "54": "W", "58": "E", "105": "S", "22": "E", "77": "N", "142": "N", "155": "N", "127": "N", "132": "N", "151": "E", "126": "N", "31": "W", "139": "E", "16": "E", "96": "N", "80": "E", "94": "N", "120": "W", "17": "E", "4": "S", "40": "W", "10": "N", "92": "E", "38": "N", "99": "E", "98": "S", "65": "N", "88": "N", "44": "S", "1": "E", "42": "E", "140": "E", "116": "E", "158": "S", "6": "E", "147": "E", "107": "S", "102": "S", "152": "N", "118": "S", "84": "E", "60": "E", "43": "W", "35": "E", "26": "S", "160": "E", "157": "E", "63": "S", "136": "E", "82": "E", "23": "W", "37": "W", "97": "E", "12": "S", "0": "W", "138": "E", "111": "W", "83": "E", "159": "E", "7": "S", "123": "W", "93": "W", "74": "E", "122": "E", "46": "E", "103": "W", "109": "E", "56": "E", "21": "S", "9": "W", "8": "N", "41": "W", "47": "N", "115": "S", "70": "E", "59": "S", "72": "W", "91": "E", "34": "S", "2": "S", "85": "W", "108": "E", "29": "S", "112": "E", "13": "S", "131": "S", "28": "W", "20": "N", "52": "N", "66": "E", "161": "E", "68": "N", "50": "W", "71": "N", "51": "S", "15": "E", "95": "E", "110": "N", "33": "N", "30": "W", "141": "W", "154": "E", "76": "W", "124": "N", "125": "E", "39": "E", "53": "W", "113": "E", "119": "W", "25": "W", "79": "N", "100": "S", "75": "N", "62": "S", "19": "S", "27": "E", "81": "S", "32": "N", "24": "N", "121": "N", "49": "E", "137": "N", "144": "E"}, {"11": "E", "18": "N", "153": "N", "78": "E", "54": "W", "58": "E", "105": "S", "22": "S", "5": "N", "77": "W", "142": "N", "155": "N", "127": "N", "132": "N", "151": "E", "126": "N", "31": "W", "139": "E", "16": "N", "96": "N", "80": "E", "94": "N", "120": "N", "17": "N", "4": "E", "40": "W", "143": "N", "10": "N", "92": "E", "38": "N", "98": "W", "65": "N", "67": "E", "88": "E", "44": "S", "1": "E", "42": "E", "140": "E", "116": "E", "158": "S", "147": "N", "107": "S", "102": "S", "152": "W", "118": "S", "84": "E", "60": "S", "43": "N", "35": "E", "26": "S", "160": "S", "64": "W", "157": "E", "63": "S", "136": "E", "82": "E", "23": "W", "37": "W", "97": "E", "0": "N", "111": "S", "83": "E", "159": "S", "7": "S", "123": "W", "93": "W", "74": "E", "122": "E", "46": "E", "103": "N", "109": "E", "56": "S", "21": "E", "9": "N", "8": "E", "41": "N", "47": "E", "59": "S", "145": "S", "91": "E", "34": "S", "2": "S", "85": "N", "90": "W", "29": "E", "112": "E", "13": "S", "131": "S", "20": "N", "52": "N", "149": "N", "66": "E", "161": "E", "68": "N", "50": "W", "71": "N", "51": "S", "15": "E", "95": "E", "110": "N", "33": "E", "30": "W", "141": "W", "154": "E", "114": "E", "76": "W", "124": "E", "125": "E", "39": "E", "106": "N", "53": "W", "113": "S", "119": "W", "73": "N", "87": "N", "129": "S", "134": "N", "79": "E", "48": "S", "100": "S", "45": "N", "61": "W", "19": "S", "27": "E", "81": "S", "32": "W", "24": "E", "121": "W", "49": "E", "104": "N", "144": "N"}, {"11": "E", "18": "N", "153": "N", "78": "E", "54": "W", "58": "S", "105": "S", "22": "S", "5": "N", "77": "W", "142": "N", "155": "N", "127": "E", "132": "N", "151": "E", "126": "N", "31": "W", "139": "E", "96": "N", "80": "E", "94": "N", "4": "E", "40": "W", "143": "E", "10": "W", "92": "E", "38": "N", "99": "N", "98": "W", "65": "W", "67": "E", "88": "E", "44": "S", "1": "E", "42": "E", "140": "E", "116": "E", "158": "S", "6": "S", "147": "E", "107": "S", "102": "S", "152": "W", "118": "S", "84": "E", "60": "E", "43": "N", "35": "E", "26": "S", "160": "S", "64": "W", "63": "S", "136": "E", "82": "E", "23": "W", "37": "W", "97": "E", "0": "N", "138": "N", "111": "W", "83": "N", "159": "E", "7": "S", "123": "W", "93": "W", "122": "E", "46": "E", "103": "N", "109": "E", "56": "E", "9": "N", "8": "S", "41": "N", "47": "E", "59": "S", "91": "E", "34": "S", "2": "S", "89": "W", "85": "N", "108": "W", "90": "W", "29": "E", "112": "E", "13": "S", "131": "S", "20": "N", "149": "N", "66": "E", "161": "S", "68": "E", "50": "W", "71": "N", "51": "S", "15": "N", "95": "E", "110": "N", "30": "S", "141": "W", "154": "E", "76": "W", "125": "E", "39": "E", "106": "E", "113": "E", "119": "W", "128": "S", "73": "N", "87": "N", "134": "N", "156": "N", "48": "S", "100": "S", "75": "S", "45": "W", "27": "E", "81": "S", "32": "W", "24": "N", "49": "N", "104": "E"}, {"11": "E", "18": "N", "153": "N", "78": "E", "54": "N", "58": "S", "105": "S", "22": "S", "77": "N", "142": "W", "155": "N", "127": "E", "132": "N", "151": "E", "126": "N", "31": "N", "139": "E", "16": "N", "80": "E", "94": "N", "17": "N", "4": "E", "40": "N", "143": "N", "10": "W", "92": "E", "38": "N", "99": "N", "98": "W", "65": "W", "88": "S", "44": "S", "1": "S", "42": "E", "140": "E", "116": "E", "158": "S", "147": "E", "69": "S", "102": "S", "152": "W", "118": "S", "84": "E", "60": "E", "43": "N", "35": "E", "26": "S", "160": "E", "64": "W", "157": "E", "63": "S", "136": "E", "82": "E", "37": "W", "97": "E", "12": "N", "0": "N", "138": "N", "111": "W", "83": "E", "159": "E", "7": "S", "123": "W", "93": "W", "74": "S", "122": "E", "46": "S", "103": "N", "109": "E", "9": "N", "8": "E", "47": "E", "59": "E", "145": "W", "91": "N", "34": "E", "2": "E", "89": "W", "85": "N", "90": "S", "130": "E", "29": "N", "112": "N", "13": "S", "131": "S", "28": "N", "20": "E", "52": "E", "149": "W", "66": "E", "161": "S", "68": "E", "50": "W", "71": "N", "51": "S", "15": "E", "95": "E", "110": "W", "33": "N", "150": "N", "30": "S", "141": "W", "154": "E", "76": "W", "124": "E", "125": "S", "39": "E", "106": "E", "53": "S", "119": "W", "128": "W", "25": "S", "73": "E", "134": "E", "148": "W", "86": "N", "156": "N", "100": "S", "75": "E", "45": "W", "27": "E", "101": "E", "81": "S", "32": "W", "24": "N", "137": "N", "104": "S", "144": "E"}, {"11": "N", "18": "N", "153": "N", "78": "E", "54": "N", "58": "S", "105": "S", "22": "S", "5": "N", "77": "N", "142": "W", "155": "E", "127": "S", "132": "N", "151": "N", "126": "N", "31": "N", "139": "N", "16": "N", "96": "W", "80": "E", "94": "N", "17": "N", "4": "S", "40": "N", "143": "N", "10": "W", "92": "E", "38": "N", "99": "N", "98": "W", "65": "W", "88": "S", "44": "E", "1": "S", "42": "E", "140": "E", "116": "E", "158": "S", "147": "S", "107": "W", "69": "S", "102": "E", "152": "N", "118": "S", "84": "E", "60": "E", "43": "W", "35": "E", "26": "S", "160": "E", "64": "S", "157": "E", "63": "S", "136": "E", "82": "E", "23": "N", "37": "S", "97": "E", "12": "W", "0": "N", "138": "E", "111": "W", "83": "E", "159": "E", "7": "S", "123": "S", "93": "S", "74": "S", "122": "E", "46": "E", "103": "W", "109": "E", "56": "E", "21": "N", "9": "W", "8": "E", "41": "W", "47": "E", "146": "N", "59": "S", "145": "W", "91": "N", "34": "E", "2": "E", "85": "N", "90": "S", "130": "S", "29": "N", "112": "N", "13": "S", "131": "S", "28": "W", "20": "E", "52": "E", "149": "W", "66": "N", "161": "S", "68": "E", "50": "N", "71": "N", "51": "S", "15": "E", "95": "E", "110": "W", "33": "N", "150": "N", "141": "W", "154": "E", "76": "W", "124": "E", "125": "E", "39": "E", "106": "N", "53": "W", "119": "W", "128": "W", "73": "S", "134": "S", "148": "W", "79": "W", "156": "W", "100": "S", "62": "N", "19": "S", "27": "E", "101": "N", "81": "E", "32": "W", "24": "E", "121": "N", "49": "N", "104": "S"}, {"11": "N", "18": "N", "153": "N", "78": "N", "54": "N", "58": "E", "105": "S", "22": "S", "5": "N", "77": "N", "142": "W", "155": "E", "127": "S", "132": "N", "151": "N", "126": "E", "31": "N", "139": "N", "16": "N", "96": "N", "80": "E", "94": "W", "17": "N", "4": "S", "40": "N", "143": "N", "10": "W", "92": "E", "99": "N", "98": "W", "65": "W", "67": "W", "88": "S", "44": "E", "1": "S", "42": "E", "140": "E", "158": "S", "147": "S", "69": "S", "102": "E", "152": "W", "118": "S", "84": "E", "60": "E", "43": "N", "35": "E", "26": "S", "160": "S", "64": "W", "157": "E", "63": "S", "136": "S", "82": "E", "23": "N", "97": "S", "12": "W", "0": "N", "138": "E", "111": "N", "83": "E", "159": "E", "7": "S", "123": "S", "74": "S", "122": "E", "46": "S", "103": "W", "109": "E", "56": "E", "9": "W", "41": "W", "47": "E", "146": "N", "59": "S", "145": "N", "135": "S", "91": "N", "34": "E", "2": "E", "89": "N", "85": "N", "90": "S", "130": "W", "29": "N", "112": "N", "13": "S", "131": "S", "28": "W", "20": "N", "52": "N", "149": "W", "66": "E", "68": "E", "50": "W", "71": "N", "51": "S", "15": "E", "95": "E", "110": "W", "33": "N", "150": "N", "30": "W", "141": "W", "154": "E", "76": "W", "125": "E", "39": "E", "106": "N", "53": "W", "119": "W", "128": "N", "36": "S", "25": "E", "73": "E", "134": "E", "148": "W", "86": "W", "48": "S", "100": "S", "45": "W", "61": "W", "19": "S", "101": "E", "32": "W", "24": "S", "121": "W", "104": "E", "144": "S"}, {"11": "N", "18": "N", "153": "N", "78": "N", "54": "N", "58": "E", "105": "S", "22": "S", "77": "N", "142": "W", "155": "E", "127": "S", "132": "N", "151": "N", "126": "E", "31": "N", "139": "E", "16": "N", "80": "E", "94": "W", "17": "N", "4": "E", "40": "N", "143": "N", "10": "W", "92": "E", "38": "E", "99": "N", "98": "W", "65": "W", "88": "S", "3": "W", "44": "S", "1": "S", "42": "E", "140": "E", "158": "E", "147": "S", "107": "E", "69": "S", "102": "S", "152": "W", "118": "E", "84": "E", "60": "E", "43": "N", "35": "E", "26": "E", "160": "E", "64": "W", "63": "S", "136": "S", "82": "E", "23": "N", "37": "N", "97": "E", "12": "W", "0": "N", "138": "E", "111": "N", "83": "S", "159": "E", "7": "S", "123": "W", "93": "E", "74": "S", "122": "E", "46": "S", "103": "N", "109": "E", "56": "S", "9": "N", "8": "N", "47": "E", "146": "N", "59": "E", "135": "S", "91": "N", "34": "E", "2": "E", "89": "N", "85": "N", "108": "S", "90": "S", "130": "S", "29": "N", "112": "N", "13": "W", "131": "S", "20": "E", "52": "N", "149": "W", "66": "E", "161": "E", "68": "N", "50": "N", "71": "N", "51": "S", "15": "E", "95": "E", "110": "W", "33": "N", "150": "N", "30": "W", "141": "W", "154": "E", "76": "W", "124": "S", "125": "E", "39": "E", "106": "N", "53": "W", "119": "W", "128": "N", "36": "E", "73": "E", "134": "E", "86": "S", "156": "N", "100": "S", "75": "S", "101": "E", "32": "S", "121": "W", "49": "W", "104": "S", "144": "W"}, {"11": "N", "18": "N", "153": "W", "78": "N", "54": "N", "58": "E", "105": "S", "22": "S", "5": "N", "77": "W", "142": "N", "155": "E", "127": "E", "132": "N", "151": "N", "126": "E", "31": "E", "139": "E", "16": "N", "80": "E", "94": "W", "17": "N", "4": "E", "40": "N", "143": "N", "10": "W", "92": "E", "38": "N", "99": "N", "98": "W", "65": "W", "88": "S", "3": "S", "44": "S", "1": "S", "42": "S", "116": "N", "158": "E", "147": "S", "69": "S", "102": "S", "152": "W", "118": "E", "84": "E", "60": "E", "43": "N", "35": "S", "160": "E", "64": "W", "157": "S", "63": "S", "136": "S", "82": "E", "23": "N", "37": "W", "97": "E", "12": "N", "0": "N", "138": "N", "111": "N", "83": "S", "159": "E", "7": "E", "123": "W", "93": "S", "74": "S", "122": "S", "46": "S", "103": "N", "109": "E", "56": "W", "21": "S", "9": "N", "8": "E", "41": "W", "146": "N", "70": "N", "59": "E", "145": "S", "135": "W", "91": "N", "34": "S", "2": "S", "89": "W", "85": "N", "90": "S", "29": "E", "112": "N", "13": "S", "131": "S", "20": "E", "52": "E", "149": "S", "66": "E", "161": "E", "68": "N", "50": "W", "71": "N", "51": "S", "15": "E", "95": "E", "110": "S", "33": "N", "150": "N", "30": "S", "141": "W", "154": "S", "76": "W", "125": "N", "106": "E", "53": "W", "119": "W", "128": "W", "25": "E", "73": "S", "129": "N", "134": "S", "148": "E", "86": "E", "156": "N", "81": "N", "32": "S", "121": "W", "49": "N", "144": "N"}, {"11": "N", "18": "N", "153": "W", "78": "N", "58": "S", "105": "E", "22": "S", "5": "E", "77": "W", "142": "N", "155": "N", "127": "E", "132": "N", "151": "E", "126": "N", "31": "N", "139": "S", "80": "E", "94": "W", "17": "N", "4": "E", "40": "N", "143": "N", "10": "W", "92": "E", "38": "N", "99": "N", "98": "W", "65": "W", "88": "S", "3": "S", "44": "S", "1": "S", "158": "E", "147": "S", "69": "S", "102": "S", "152": "W", "84": "S", "60": "E", "43": "N", "35": "E", "26": "S", "160": "E", "64": "W", "63": "S", "136": "S", "82": "E", "23": "N", "37": "W", "97": "E", "12": "W", "0": "W", "138": "E", "111": "N", "83": "E", "159": "E", "7": "E", "123": "W", "93": "S", "74": "E", "122": "S", "46": "S", "56": "S", "9": "N", "8": "E", "146": "N", "70": "N", "59": "E", "145": "E", "91": "N", "34": "E", "2": "E", "89": "N", "85": "E", "90": "W", "29": "N", "112": "N", "13": "S", "131": "S", "20": "E", "52": "E", "66": "E", "161": "E", "68": "N", "50": "W", "71": "N", "51": "S", "15": "E", "95": "E", "33": "N", "150": "N", "30": "W", "141": "N", "154": "E", "114": "E", "76": "W", "124": "N", "39": "E", "106": "N", "53": "W", "119": "W", "128": "S", "25": "E", "73": "S", "129": "E", "134": "S", "86": "E", "79": "N", "156": "N", "48": "S", "45": "N", "27": "W", "32": "S", "24": "E", "121": "W"}, {"11": "N", "18": "W", "153": "W", "78": "N", "58": "S", "105": "E", "22": "S", "5": "E", "77": "W", "142": "N", "155": "N", "127": "E", "132": "N", "151": "E", "126": "N", "31": "N", "139": "S", "80": "E", "94": "W", "17": "N", "4": "E", "40": "N", "143": "N", "10": "W", "92": "E", "38": "N", "99": "N", "98": "W", "65": "W", "88": "S", "3": "S", "44": "E", "1": "S", "147": "S", "102": "S", "152": "W", "84": "S", "60": "E", "43": "W", "35": "E", "160": "E", "64": "W", "157": "S", "63": "S", "136": "S", "82": "E", "23": "W", "97": "E", "12": "W", "0": "W", "138": "E", "111": "N", "83": "E", "159": "E", "7": "E", "123": "W", "93": "W", "74": "S", "122": "S", "46": "S", "103": "W", "56": "S", "9": "W", "8": "S", "47": "S", "146": "N", "70": "N", "59": "E", "145": "E", "72": "W", "91": "E", "34": "E", "2": "E", "89": "N", "90": "S", "29": "N", "112": "E", "13": "S", "131": "S", "20": "E", "52": "E", "66": "E", "161": "E", "68": "N", "50": "W", "71": "N", "51": "S", "15": "E", "95": "E", "110": "N", "33": "E", "150": "N", "30": "W", "154": "E", "76": "W", "124": "N", "39": "E", "106": "N", "53": "W", "119": "W", "128": "W", "36": "N", "25": "E", "73": "S", "129": "N", "134": "S", "148": "W", "86": "E", "79": "N", "48": "E", "75": "E", "45": "N", "61": "N", "62": "N", "19": "S", "27": "W", "121": "W"}, {"11": "N", "18": "W", "153": "W", "78": "N", "58": "S", "105": "E", "22": "S", "5": "E", "77": "W", "142": "N", "155": "N", "127": "S", "132": "N", "151": "S", "126": "N", "31": "N", "139": "S", "16": "E", "80": "E", "94": "W", "120": "E", "17": "N", "4": "E", "10": "W", "38": "N", "99": "N", "98": "W", "65": "W", "88": "S", "3": "S", "44": "E", "1": "S", "42": "N", "147": "S", "102": "S", "152": "W", "118": "E", "84": "S", "60": "E", "43": "W", "35": "E", "26": "E", "160": "E", "64": "W", "157": "E", "63": "S", "136": "E", "82": "E", "23": "W", "37": "N", "97": "E", "0": "W", "138": "E", "111": "N", "83": "E", "159": "E", "7": "E", "123": "W", "93": "W", "74": "S", "122": "S", "46": "S", "103": "N", "56": "S", "9": "W", "8": "E", "41": "N", "47": "S", "146": "W", "70": "N", "59": "E", "145": "E", "72": "N", "91": "N", "34": "S", "2": "S", "89": "N", "85": "W", "90": "S", "29": "N", "112": "N", "13": "E", "131": "S", "28": "W", "20": "E", "52": "N", "149": "E", "66": "S", "161": "E", "68": "N", "50": "W", "71": "N", "51": "S", "15": "E", "95": "N", "33": "E", "150": "E", "30": "S", "154": "N", "76": "W", "124": "N", "125": "N", "39": "S", "106": "N", "53": "S", "113": "W", "119": "N", "128": "N", "36": "N", "73": "S", "129": "N", "134": "S", "148": "W", "86": "E", "79": "N", "48": "S", "75": "E", "19": "S", "27": "W", "101": "E", "121": "S", "49": "E", "104": "S", "144": "S"}, {"11": "N", "18": "W", "153": "W", "78": "W", "54": "W", "58": "E", "105": "E", "22": "E", "5": "S", "77": "N", "142": "N", "155": "N", "127": "S", "132": "N", "151": "S", "126": "N", "31": "N", "139": "E", "16": "N", "96": "E", "80": "E", "94": "W", "120": "E", "17": "N", "4": "E", "40": "E", "143": "N", "10": "W", "38": "N", "99": "N", "98": "W", "65": "W", "88": "S", "3": "S", "44": "S", "1": "S", "6": "S", "102": "S", "152": "W", "118": "S", "84": "S", "60": "S", "43": "W", "35": "E", "160": "E", "64": "W", "157": "E", "63": "S", "136": "S", "82": "E", "37": "W", "97": "E", "12": "W", "0": "W", "138": "E", "111": "N", "83": "E", "159": "E", "7": "S", "93": "W", "74": "E", "122": "S", "46": "E", "103": "N", "56": "W", "9": "W", "8": "S", "41": "W", "47": "S", "146": "N", "59": "N", "145": "E", "135": "S", "72": "N", "91": "N", "34": "E", "2": "E", "89": "W", "108": "S", "90": "S", "29": "N", "112": "N", "13": "S", "131": "S", "28": "S", "20": "S", "52": "N", "149": "S", "66": "E", "161": "E", "68": "N", "50": "S", "71": "E", "51": "E", "15": "E", "95": "E", "33": "E", "30": "W", "154": "N", "76": "W", "124": "N", "125": "E", "39": "E", "106": "E", "53": "W", "113": "S", "119": "N", "128": "N", "25": "E", "73": "S", "129": "E", "134": "S", "148": "W", "86": "E", "79": "W", "75": "E", "19": "S", "27": "W", "101": "S", "121": "S", "49": "E"}, {"11": "N", "18": "W", "153": "W", "78": "W", "54": "W", "58": "E", "105": "E", "22": "E", "5": "S", "77": "N", "142": "N", "155": "N", "127": "S", "132": "E", "151": "E", "126": "N", "31": "N", "139": "E", "16": "E", "96": "E", "80": "E", "94": "W", "120": "E", "17": "N", "4": "E", "40": "E", "143": "N", "10": "W", "38": "N", "99": "N", "98": "W", "65": "N", "67": "E", "88": "S", "3": "S", "44": "E", "1": "S", "147": "N", "69": "S", "102": "S", "152": "W", "118": "S", "84": "S", "60": "S", "43": "W", "35": "E", "26": "E", "160": "E", "64": "N", "157": "E", "63": "S", "136": "S", "82": "E", "23": "N", "37": "W", "97": "E", "12": "W", "0": "W", "138": "E", "111": "N", "83": "E", "159": "E", "7": "S", "74": "E", "122": "S", "46": "S", "103": "N", "109": "S", "56": "S", "21": "S", "9": "W", "8": "S", "41": "S", "47": "S", "146": "N", "115": "E", "70": "N", "59": "N", "145": "E", "135": "S", "72": "N", "91": "N", "34": "E", "2": "E", "89": "N", "85": "N", "108": "S", "90": "S", "29": "N", "112": "N", "13": "S", "131": "S", "20": "E", "52": "N", "149": "E", "66": "E", "161": "E", "68": "N", "50": "S", "71": "E", "51": "E", "15": "E", "95": "E", "110": "W", "33": "N", "30": "W", "154": "E", "114": "N", "76": "W", "124": "W", "125": "E", "39": "E", "106": "N", "53": "W", "113": "S", "119": "N", "128": "W", "36": "W", "25": "S", "73": "E", "129": "N", "134": "E", "148": "W", "86": "E", "48": "S", "75": "N", "101": "S", "24": "E", "121": "S", "49": "S", "137": "N"}, {"11": "N", "18": "W", "153": "W", "78": "W", "54": "W", "58": "E", "105": "E", "22": "E", "5": "S", "77": "N", "142": "N", "155": "N", "127": "E", "132": "N", "151": "E", "126": "N", "31": "N", "139": "E", "96": "E", "80": "E", "94": "W", "120": "E", "17": "N", "4": "E", "40": "E", "143": "N", "10": "W", "38": "N", "99": "N", "98": "W", "67": "E", "88": "S", "3": "S", "44": "E", "1": "E", "107": "E", "69": "S", "102": "S", "152": "W", "118": "S", "84": "E", "60": "S", "43": "N", "35": "E", "26": "S", "160": "E", "64": "N", "157": "E", "63": "S", "136": "E", "82": "E", "23": "N", "37": "W", "97": "E", "12": "W", "0": "W", "138": "E", "111": "W", "83": "E", "159": "S", "7": "E", "93": "N", "74": "E", "122": "E", "46": "S", "103": "W", "109": "S", "56": "S", "21": "S", "9": "N", "8": "E", "41": "W", "47": "S", "146": "W", "115": "S", "70": "N", "59": "N", "145": "E", "135": "S", "72": "N", "91": "N", "34": "E", "2": "E", "89": "N", "85": "W", "108": "S", "90": "S", "29": "N", "112": "N", "13": "S", "131": "S", "28": "N", "20": "S", "52": "N", "66": "E", "161": "E", "68": "E", "50": "S", "71": "E", "51": "E", "15": "N", "95": "E", "110": "W", "33": "E", "150": "S", "30": "W", "141": "S", "154": "N", "114": "N", "76": "W", "124": "W", "125": "E", "39": "E", "106": "E", "53": "W", "113": "S", "119": "N", "128": "S", "36": "S", "25": "S", "73": "E", "129": "E", "134": "E", "86": "E", "156": "W", "48": "S", "45": "W", "101": "S", "24": "E", "121": "S", "49": "E", "137": "W", "104": "N", "144": "N"}, {"11": "N", "18": "W", "153": "W", "78": "W", "54": "W", "58": "E", "105": "E", "22": "E", "5": "S", "77": "N", "142": "N", "155": "W", "127": "E", "132": "N", "151": "E", "126": "W", "31": "W", "139": "S", "16": "W", "96": "E", "80": "E", "94": "W", "120": "E", "17": "N", "4": "E", "40": "E", "143": "N", "10": "W", "38": "N", "99": "N", "98": "W", "67": "E", "88": "E", "3": "S", "44": "E", "1": "E", "6": "N", "107": "E", "102": "E", "152": "N", "118": "S", "84": "S", "60": "S", "43": "N", "35": "E", "26": "S", "160": "E", "64": "W", "157": "E", "63": "S", "136": "E", "82": "S", "23": "W", "37": "W", "97": "E", "12": "W", "0": "W", "138": "E", "111": "W", "83": "E", "159": "S", "7": "E", "123": "N", "93": "W", "74": "E", "122": "E", "46": "E", "103": "W", "109": "S", "56": "S", "21": "E", "9": "N", "8": "S", "41": "W", "47": "S", "146": "W", "115": "S", "70": "W", "59": "N", "145": "E", "135": "S", "91": "N", "34": "E", "2": "E", "89": "W", "85": "N", "108": "S", "90": "S", "29": "E", "112": "N", "13": "S", "131": "E", "28": "N", "20": "S", "52": "N", "66": "E", "161": "N", "68": "E", "50": "S", "71": "E", "51": "E", "15": "N", "95": "E", "33": "E", "150": "W", "30": "N", "141": "W", "154": "N", "114": "E", "76": "W", "124": "N", "125": "E", "39": "N", "106": "E", "53": "W", "113": "S", "119": "N", "128": "E", "73": "E", "129": "E", "134": "E", "86": "E", "79": "N", "156": "N", "48": "W", "61": "N", "62": "N", "27": "N", "101": "W", "24": "E", "121": "S", "49": "E"}, {"11": "N", "18": "W", "153": "W", "78": "W", "54": "W", "58": "E", "105": "E", "22": "E", "5": "S", "77": "N", "142": "E", "155": "W", "127": "E", "132": "N", "151": "E", "126": "W", "31": "W", "139": "E", "16": "W", "96": "N", "80": "E", "94": "W", "120": "E", "17": "N", "4": "E", "40": "N", "143": "N", "10": "W", "38": "W", "99": "N", "98": "W", "67": "N", "88": "E", "3": "E", "44": "S", "1": "E", "6": "N", "147": "S", "102": "E", "152": "W", "118": "S", "84": "S", "60": "S", "43": "N", "35": "E", "26": "S", "160": "S", "64": "W", "157": "E", "63": "E", "136": "E", "23": "W", "37": "W", "97": "S", "12": "W", "0": "S", "138": "E", "111": "W", "83": "E", "159": "S", "7": "N", "123": "N", "93": "W", "74": "E", "122": "E", "46": "S", "103": "W", "109": "S", "56": "W", "21": "E", "9": "N", "8": "S", "41": "W", "47": "E", "146": "S", "115": "S", "70": "W", "59": "N", "145": "E", "135": "E", "72": "N", "91": "N", "34": "E", "2": "E", "89": "W", "85": "N", "90": "S", "130": "N", "29": "N", "112": "N", "13": "S", "131": "E", "28": "W", "20": "S", "52": "E", "149": "W", "66": "E", "161": "N", "68": "E", "50": "S", "71": "N", "51": "E", "15": "N", "95": "E", "110": "N", "33": "S", "30": "W", "141": "S", "154": "N", "114": "E", "76": "W", "124": "N", "125": "E", "39": "E", "106": "E", "53": "W", "113": "E", "119": "W", "36": "S", "73": "E", "129": "S", "48": "S", "75": "E", "45": "N", "61": "E", "27": "N", "101": "W", "49": "S", "144": "S"}, {"11": "N", "18": "N", "153": "W", "78": "W", "54": "W", "58": "E", "105": "E", "22": "E", "5": "S", "77": "N", "142": "E", "155": "W", "127": "E", "132": "N", "151": "E", "126": "W", "31": "W", "139": "E", "16": "W", "96": "N", "80": "E", "94": "W", "120": "E", "17": "N", "4": "E", "40": "E", "143": "N", "10": "W", "38": "W", "99": "N", "98": "W", "67": "E", "88": "E", "3": "E", "44": "E", "1": "E", "107": "W", "102": "E", "152": "W", "118": "E", "84": "E", "60": "S", "43": "N", "35": "E", "26": "S", "160": "S", "64": "W", "157": "E", "63": "E", "136": "E", "82": "S", "23": "W", "37": "W", "97": "S", "12": "W", "0": "S", "138": "E", "111": "N", "83": "E", "159": "S", "7": "E", "123": "W", "93": "N", "74": "N", "122": "E", "46": "S", "103": "W", "109": "S", "56": "W", "21": "E", "9": "W", "8": "S", "41": "W", "47": "S", "146": "W", "115": "W", "70": "W", "59": "N", "145": "E", "135": "S", "72": "N", "91": "N", "34": "E", "2": "E", "89": "W", "85": "N", "90": "S", "130": "N", "29": "N", "112": "N", "13": "E", "131": "E", "20": "S", "52": "E", "66": "N", "161": "N", "68": "E", "50": "S", "71": "N", "51": "E", "15": "E", "95": "N", "110": "W", "33": "E", "30": "W", "141": "W", "154": "E", "76": "W", "124": "N", "125": "N", "39": "N", "106": "E", "53": "W", "113": "S", "119": "N", "128": "W", "36": "E", "25": "N", "73": "E", "129": "E", "134": "S", "75": "E", "61": "E", "101": "W", "49": "S"}, {"11": "E", "18": "N", "153": "W", "78": "W", "54": "W", "58": "E", "14": "E", "105": "E", "22": "E", "5": "S", "77": "N", "142": "E", "155": "W", "127": "E", "132": "N", "151": "E", "126": "W", "31": "W", "139": "E", "16": "W", "96": "N", "80": "E", "94": "W", "120": "N", "17": "W", "4": "E", "40": "N", "143": "N", "10": "W", "99": "W", "98": "W", "67": "N", "88": "E", "3": "E", "44": "E", "57": "W", "107": "W", "102": "E", "152": "W", "118": "E", "84": "E", "60": "E", "43": "N", "35": "S", "26": "E", "160": "S", "64": "N", "157": "E", "136": "E", "82": "E", "23": "N", "37": "W", "97": "S", "12": "W", "0": "S", "138": "E", "111": "N", "83": "E", "159": "S", "7": "E", "123": "W", "93": "W", "74": "N", "122": "S", "46": "E", "109": "E", "56": "W", "21": "E", "9": "N", "8": "E", "41": "W", "47": "S", "146": "W", "115": "W", "70": "W", "59": "N", "145": "E", "135": "S", "72": "N", "91": "N", "34": "E", "2": "E", "133": "W", "89": "W", "85": "N", "90": "S", "130": "N", "29": "N", "112": "N", "13": "E", "131": "E", "20": "S", "52": "N", "149": "N", "66": "E", "161": "N", "68": "E", "50": "W", "71": "N", "15": "E", "95": "E", "110": "W", "33": "E", "150": "N", "30": "S", "141": "W", "154": "E", "114": "N", "76": "N", "124": "N", "125": "N", "39": "E", "106": "E", "53": "W", "113": "S", "119": "N", "36": "E", "25": "W", "129": "E", "134": "S", "79": "N", "156": "N", "48": "N", "45": "N", "61": "S", "101": "W", "24": "E", "49": "E", "104": "N"}, {"11": "E", "18": "N", "153": "W", "78": "W", "54": "W", "58": "E", "14": "E", "105": "E", "5": "S", "77": "N", "142": "N", "155": "W", "127": "E", "132": "N", "151": "E", "126": "W", "31": "W", "139": "E", "16": "W", "96": "N", "80": "E", "94": "N", "120": "N", "17": "N", "4": "E", "40": "N", "143": "N", "10": "W", "38": "N", "99": "N", "98": "S", "67": "N", "88": "E", "3": "E", "44": "E", "6": "S", "57": "S", "102": "E", "152": "S", "118": "E", "84": "E", "60": "S", "43": "N", "35": "S", "26": "E", "160": "S", "64": "W", "157": "E", "136": "N", "82": "E", "23": "W", "37": "W", "97": "S", "12": "W", "0": "W", "138": "E", "111": "N", "83": "E", "159": "S", "7": "E", "123": "W", "93": "W", "74": "N", "122": "E", "46": "S", "103": "W", "109": "S", "56": "W", "21": "E", "9": "W", "8": "E", "41": "W", "47": "E", "115": "W", "70": "W", "59": "E", "145": "E", "135": "E", "72": "W", "91": "N", "34": "E", "2": "E", "89": "W", "85": "N", "90": "S", "130": "N", "29": "N", "112": "N", "13": "E", "131": "E", "20": "S", "52": "N", "149": "W", "66": "N", "161": "E", "68": "E", "50": "W", "71": "N", "15": "E", "95": "E", "110": "W", "150": "N", "30": "W", "141": "W", "154": "E", "114": "E", "76": "N", "124": "N", "125": "N", "39": "E", "106": "E", "53": "W", "113": "E", "119": "N", "36": "N", "25": "W", "129": "E", "86": "E", "79": "W", "156": "W", "48": "N", "45": "W", "61": "E", "19": "W", "101": "W", "81": "S", "121": "W"}, {"11": "E", "18": "N", "153": "N", "78": "W", "54": "W", "58": "E", "14": "E", "5": "S", "77": "N", "142": "N", "155": "W", "127": "E", "132": "W", "151": "E", "126": "W", "31": "W", "139": "E", "16": "W", "96": "N", "80": "E", "94": "N", "120": "N", "17": "W", "4": "E", "40": "N", "143": "N", "10": "W", "38": "W", "99": "W", "67": "N", "88": "E", "3": "E", "44": "E", "1": "N", "57": "S", "102": "E", "152": "S", "118": "E", "84": "E", "60": "S", "43": "N", "35": "S", "26": "E", "160": "S", "64": "W", "157": "S", "136": "N", "82": "E", "23": "W", "37": "W", "97": "S", "12": "W", "0": "S", "138": "E", "111": "N", "83": "E", "159": "E", "7": "E", "123": "W", "93": "W", "74": "N", "122": "E", "46": "E", "103": "W", "109": "S", "56": "W", "21": "E", "9": "W", "41": "W", "47": "E", "115": "S", "70": "W", "59": "E", "145": "E", "135": "S", "72": "W", "91": "N", "34": "N", "2": "E", "133": "W", "89": "W", "85": "W", "90": "S", "130": "N", "29": "N", "112": "N", "13": "E", "131": "E", "28": "E", "20": "S", "52": "N", "149": "N", "66": "N", "161": "N", "68": "S", "50": "S", "71": "N", "51": "N", "15": "E", "95": "E", "110": "W", "150": "N", "30": "W", "141": "W", "154": "E", "114": "E", "76": "N", "124": "N", "125": "E", "39": "E", "106": "N", "53": "N", "113": "S", "119": "N", "36": "E", "25": "W", "129": "S", "86": "E", "79": "W", "156": "N", "48": "N", "45": "S", "61": "S", "62": "S", "101": "W", "137": "N", "144": "W"}, {"11": "E", "18": "N", "78": "W", "54": "W", "58": "E", "14": "E", "5": "S", "77": "N", "142": "N", "155": "N", "127": "E", "132": "W", "151": "E", "126": "N", "31": "N", "139": "E", "96": "N", "80": "E", "120": "N", "17": "W", "40": "N", "143": "W", "10": "N", "38": "W", "99": "W", "98": "N", "65": "W", "67": "N", "88": "E", "3": "E", "44": "E", "1": "N", "57": "E", "69": "E", "102": "E", "152": "S", "118": "E", "84": "E", "60": "E", "43": "N", "35": "S", "26": "E", "160": "S", "64": "W", "157": "S", "136": "N", "82": "E", "23": "W", "37": "W", "97": "S", "12": "N", "0": "S", "138": "S", "111": "N", "83": "E", "159": "S", "7": "E", "123": "W", "93": "W", "74": "N", "122": "E", "46": "E", "103": "W", "109": "E", "56": "S", "21": "E", "9": "W", "8": "S", "47": "E", "146": "N", "115": "W", "70": "W", "59": "E", "135": "E", "72": "W", "91": "N", "34": "E", "2": "E", "133": "S", "89": "W", "85": "N", "108": "S", "90": "E", "130": "N", "29": "N", "112": "N", "13": "E", "131": "E", "28": "N", "20": "S", "52": "N", "149": "W", "66": "N", "161": "E", "68": "S", "50": "S", "71": "N", "51": "N", "15": "E", "95": "E", "110": "W", "33": "W", "150": "N", "30": "W", "141": "W", "154": "E", "76": "N", "124": "N", "125": "E", "39": "E", "106": "E", "53": "N", "113": "E", "119": "E", "36": "E", "25": "S", "129": "S", "134": "E", "156": "N", "48": "W", "100": "N", "75": "N", "61": "S", "62": "E", "19": "N", "27": "N", "81": "E", "121": "N", "137": "N", "144": "W"}, {"11": "E", "78": "N", "54": "N", "58": "E", "14": "E", "5": "S", "77": "E", "142": "N", "155": "N", "127": "E", "132": "W", "151": "E", "126": "N", "31": "N", "139": "E", "16": "W", "96": "W", "80": "E", "120": "N", "17": "W", "40": "N", "143": "W", "10": "N", "38": "W", "99": "W", "98": "N", "67": "N", "88": "E", "3": "E", "44": "E", "147": "N", "57": "E", "102": "E", "152": "W", "118": "E", "84": "N", "60": "E", "43": "N", "35": "S", "26": "E", "160": "E", "64": "S", "157": "S", "63": "S", "136": "N", "82": "E", "23": "S", "37": "N", "97": "E", "12": "W", "0": "S", "138": "S", "111": "N", "83": "S", "159": "S", "7": "E", "123": "W", "93": "W", "74": "N", "122": "E", "46": "S", "103": "N", "109": "S", "56": "S", "21": "E", "9": "S", "8": "E", "41": "W", "47": "E", "146": "N", "115": "W", "59": "E", "135": "E", "72": "W", "91": "N", "34": "E", "133": "S", "89": "W", "85": "W", "90": "E", "130": "N", "29": "N", "112": "N", "13": "E", "131": "E", "28": "N", "20": "S", "52": "N", "149": "W", "66": "N", "161": "N", "68": "S", "50": "S", "71": "N", "15": "E", "95": "E", "110": "W", "33": "S", "150": "N", "30": "W", "141": "N", "154": "E", "76": "N", "124": "E", "125": "E", "39": "E", "106": "S", "53": "N", "119": "S", "36": "E", "25": "S", "129": "S", "86": "N", "156": "E", "48": "N", "75": "N", "61": "E", "62": "E", "27": "N", "101": "E", "81": "E", "137": "N"}, {"11": "E", "78": "N", "54": "N", "14": "E", "5": "S", "77": "E", "142": "N", "155": "N", "127": "E", "132": "N", "151": "E", "31": "N", "139": "E", "16": "W", "96": "W", "80": "S", "120": "N", "17": "W", "40": "N", "143": "W", "10": "N", "38": "W", "99": "W", "98": "N", "67": "N", "3": "E", "42": "N", "147": "N", "57": "E", "69": "N", "102": "E", "152": "W", "118": "E", "84": "N", "60": "E", "43": "E", "35": "S", "26": "E", "160": "S", "64": "S", "157": "S", "63": "S", "136": "N", "82": "E", "23": "S", "37": "W", "97": "S", "12": "W", "0": "W", "138": "S", "111": "N", "83": "S", "159": "E", "7": "E", "123": "N", "93": "W", "74": "N", "122": "E", "46": "E", "109": "E", "56": "S", "21": "E", "9": "W", "8": "E", "41": "W", "47": "E", "146": "W", "115": "W", "59": "E", "135": "E", "72": "W", "91": "N", "34": "E", "2": "S", "133": "W", "89": "N", "85": "W", "108": "N", "90": "E", "130": "W", "29": "N", "112": "N", "13": "E", "131": "E", "28": "W", "20": "S", "52": "N", "149": "W", "66": "E", "161": "N", "68": "S", "50": "S", "71": "N", "95": "E", "110": "W", "33": "S", "150": "N", "30": "W", "141": "N", "154": "N", "114": "S", "76": "N", "124": "N", "125": "E", "106": "S", "53": "N", "113": "N", "119": "S", "25": "S", "73": "N", "129": "S", "86": "N", "79": "W", "55": "N", "156": "N", "48": "E", "100": "W", "61": "S", "62": "S", "101": "S", "81": "N", "24": "N", "49": "N", "137": "N", "104": "W"}, {"11": "N", "78": "N", "14": "E", "5": "S", "77": "E", "142": "N", "155": "N", "127": "S", "132": "N", "151": "E", "31": "W", "139": "E", "16": "W", "96": "W", "80": "S", "120": "W", "17": "S", "40": "W", "143": "W", "10": "N", "38": "W", "99": "W", "98": "N", "65": "E", "67": "W", "3": "E", "42": "N", "147": "E", "57": "E", "69": "N", "102": "E", "152": "S", "118": "E", "84": "N", "60": "E", "43": "N", "35": "E", "26": "E", "160": "S", "64": "S", "157": "S", "63": "S", "136": "N", "82": "E", "23": "S", "37": "W", "97": "S", "12": "N", "0": "W", "138": "E", "111": "W", "83": "S", "159": "E", "7": "E", "123": "N", "93": "N", "74": "N", "122": "E", "46": "S", "103": "N", "109": "E", "56": "S", "21": "S", "9": "S", "8": "E", "41": "N", "47": "N", "146": "W", "115": "W", "59": "E", "135": "E", "72": "W", "91": "N", "34": "E", "2": "S", "133": "W", "89": "N", "85": "W", "108": "N", "90": "E", "130": "W", "29": "E", "112": "E", "13": "E", "131": "E", "28": "N", "20": "S", "52": "E", "149": "N", "66": "E", "161": "E", "68": "S", "50": "S", "71": "N", "95": "E", "110": "W", "33": "S", "30": "W", "141": "W", "154": "N", "114": "E", "76": "N", "124": "W", "39": "N", "106": "S", "53": "N", "113": "E", "119": "S", "25": "S", "73": "N", "129": "S", "134": "W", "79": "S", "55": "W", "156": "E", "100": "S", "61": "S", "62": "S", "27": "N", "101": "S", "49": "W", "137": "N", "104": "N", "144": "W"}, {"11": "N", "78": "N", "54": "W", "14": "E", "5": "E", "77": "N", "142": "E", "155": "N", "127": "E", "132": "N", "151": "E", "31": "W", "139": "E", "16": "W", "96": "W", "80": "S", "120": "W", "17": "S", "40": "W", "143": "W", "10": "N", "38": "S", "99": "W", "98": "N", "67": "W", "3": "E", "44": "W", "1": "S", "42": "N", "140": "N", "147": "S", "57": "E", "69": "W", "102": "E", "152": "S", "118": "E", "84": "N", "60": "E", "43": "N", "35": "S", "26": "E", "160": "E", "64": "S", "157": "S", "63": "S", "136": "N", "82": "S", "23": "S", "37": "S", "97": "E", "12": "W", "0": "S", "138": "S", "111": "N", "83": "S", "159": "E", "7": "E", "123": "W", "93": "N", "74": "N", "122": "E", "103": "N", "109": "E", "21": "S", "9": "S", "8": "N", "41": "N", "47": "N", "146": "N", "115": "W", "70": "N", "59": "E", "135": "E", "72": "S", "91": "W", "34": "E", "2": "E", "133": "W", "89": "N", "85": "W", "108": "N", "90": "E", "130": "W", "29": "N", "112": "N", "13": "E", "131": "E", "28": "W", "20": "E", "52": "E", "149": "W", "66": "E", "161": "E", "68": "S", "50": "S", "71": "N", "110": "W", "33": "S", "150": "E", "30": "W", "141": "W", "154": "E", "114": "S", "124": "W", "106": "S", "53": "N", "113": "E", "119": "S", "25": "W", "87": "N", "129": "E", "134": "W", "55": "W", "156": "S", "45": "E", "61": "E", "62": "E", "19": "W", "27": "W", "101": "E", "81": "N", "121": "E", "49": "S", "137": "W", "104": "N"}, {"11": "N", "54": "W", "14": "N", "77": "N", "142": "E", "155": "N", "127": "S", "132": "N", "151": "E", "31": "W", "139": "E", "16": "W", "96": "N", "80": "S", "120": "W", "40": "W", "143": "W", "92": "W", "38": "S", "99": "W", "67": "W", "88": "S", "3": "E", "44": "W", "1": "S", "42": "E", "140": "N", "147": "S", "57": "E", "102": "E", "152": "S", "118": "E", "84": "N", "60": "N", "43": "N", "35": "S", "26": "E", "160": "E", "64": "S", "157": "E", "63": "E", "136": "N", "82": "S", "23": "S", "37": "W", "97": "E", "12": "S", "0": "S", "138": "S", "111": "N", "83": "S", "159": "E", "7": "E", "123": "W", "93": "W", "74": "N", "122": "E", "46": "S", "103": "W", "109": "E", "56": "S", "21": "S", "9": "W", "8": "E", "41": "W", "47": "N", "146": "N", "115": "W", "70": "W", "59": "E", "145": "E", "135": "N", "91": "W", "34": "N", "2": "E", "133": "W", "89": "N", "85": "S", "90": "E", "130": "W", "29": "W", "112": "W", "13": "E", "131": "E", "28": "W", "20": "E", "52": "N", "149": "W", "161": "E", "68": "E", "50": "S", "71": "N", "51": "S", "110": "W", "33": "S", "30": "W", "141": "W", "114": "S", "124": "W", "106": "S", "113": "E", "25": "N", "87": "W", "129": "E", "79": "E", "55": "N", "156": "S", "75": "W", "45": "E", "61": "E", "62": "N", "19": "S", "27": "W", "32": "W", "121": "S", "49": "E", "137": "N", "104": "W", "144": "E"}, {"11": "N", "14": "N", "77": "N", "142": "S", "155": "N", "132": "N", "151": "E", "31": "W", "16": "W", "96": "N", "80": "S", "120": "W", "40": "W", "143": "S", "38": "S", "99": "W", "67": "W", "88": "S", "3": "E", "147": "S", "57": "E", "102": "E", "152": "S", "118": "E", "84": "N", "60": "N", "43": "N", "35": "E", "26": "E", "160": "E", "64": "S", "157": "S", "63": "S", "136": "N", "82": "S", "23": "S", "37": "S", "97": "E", "12": "W", "0": "S", "138": "S", "111": "E", "83": "S", "159": "E", "7": "E", "123": "W", "93": "W", "74": "N", "122": "E", "46": "S", "109": "E", "56": "S", "21": "S", "9": "W", "8": "S", "41": "W", "47": "N", "146": "N", "115": "W", "70": "W", "135": "E", "72": "W", "91": "W", "34": "E", "2": "E", "133": "W", "89": "N", "85": "S", "90": "E", "130": "W", "29": "W", "112": "W", "13": "E", "131": "E", "28": "W", "20": "E", "52": "N", "149": "W", "161": "E", "68": "S", "50": "S", "71": "N", "51": "E", "110": "S", "33": "S", "150": "E", "30": "N", "114": "E", "124": "W", "106": "S", "113": "E", "25": "W", "73": "S", "87": "W", "129": "E", "134": "W", "55": "N", "156": "E", "75": "W", "45": "S", "61": "E", "62": "E", "19": "E", "27": "S", "81": "S", "104": "S"}, {"11": "N", "14": "N", "77": "N", "142": "S", "155": "W", "132": "N", "151": "E", "31": "W", "16": "W", "96": "N", "80": "S", "120": "W", "40": "W", "143": "S", "38": "W", "99": "W", "67": "W", "3": "E", "116": "W", "147": "W", "57": "S", "69": "N", "102": "E", "152": "S", "118": "E", "84": "N", "60": "N", "43": "E", "35": "E", "26": "E", "160": "E", "64": "W", "157": "S", "63": "E", "136": "N", "82": "S", "23": "W", "37": "S", "97": "E", "12": "W", "0": "S", "138": "S", "111": "N", "83": "E", "159": "N", "7": "E", "123": "S", "93": "W", "74": "W", "122": "E", "46": "S", "103": "W", "109": "E", "56": "S", "21": "S", "9": "W", "41": "S", "47": "N", "146": "W", "115": "W", "70": "W", "135": "N", "91": "W", "34": "N", "2": "E", "133": "W", "89": "N", "85": "S", "90": "E", "130": "N", "29": "W", "112": "W", "13": "E", "131": "E", "28": "W", "20": "E", "52": "W", "149": "W", "161": "E", "68": "S", "50": "S", "71": "E", "51": "E", "110": "S", "33": "S", "150": "N", "30": "W", "141": "E", "114": "E", "124": "W", "106": "S", "113": "S", "25": "W", "73": "S", "87": "S", "129": "S", "134": "S", "86": "S", "55": "N", "156": "S", "75": "S", "62": "S", "19": "E", "27": "S", "32": "N", "24": "S", "49": "S", "137": "S", "104": "S", "144": "W"}, {"11": "N", "14": "N", "77": "E", "142": "S", "155": "N", "151": "S", "31": "W", "16": "W", "96": "W", "80": "S", "120": "W", "40": "N", "143": "S", "92": "E", "38": "S", "99": "W", "67": "N", "3": "S", "42": "W", "140": "S", "147": "S", "57": "S", "69": "N", "102": "E", "152": "S", "118": "E", "84": "N", "60": "N", "43": "E", "35": "E", "26": "E", "160": "E", "64": "W", "157": "E", "63": "E", "136": "N", "82": "S", "23": "W", "37": "S", "97": "E", "12": "S", "0": "S", "138": "S", "111": "E", "83": "S", "159": "N", "7": "E", "123": "W", "93": "W", "122": "E", "46": "E", "103": "S", "109": "E", "56": "S", "21": "S", "9": "S", "41": "S", "47": "N", "146": "N", "115": "W", "70": "W", "145": "S", "135": "N", "91": "W", "34": "N", "2": "N", "133": "W", "89": "W", "85": "S", "90": "E", "130": "N", "29": "W", "112": "W", "13": "E", "131": "E", "28": "W", "20": "E", "52": "W", "149": "W", "161": "E", "68": "E", "50": "S", "71": "N", "51": "E", "110": "S", "33": "S", "150": "W", "30": "W", "141": "E", "114": "E", "124": "W", "106": "S", "113": "E", "87": "S", "129": "E", "86": "E", "55": "W", "156": "S", "75": "S", "45": "N", "62": "S", "27": "W", "24": "S", "137": "S", "104": "S", "144": "S"}, {"11": "W", "14": "N", "77": "E", "142": "E", "151": "S", "16": "W", "80": "S", "120": "W", "40": "N", "143": "S", "38": "S", "99": "W", "67": "N", "3": "S", "42": "S", "140": "S", "116": "E", "147": "S", "57": "S", "102": "S", "152": "S", "118": "E", "84": "N", "60": "N", "43": "N", "35": "E", "26": "E", "160": "N", "64": "S", "157": "E", "63": "E", "136": "E", "82": "S", "23": "S", "37": "S", "97": "E", "12": "S", "0": "S", "138": "S", "111": "E", "83": "S", "159": "N", "7": "N", "123": "S", "93": "W", "74": "E", "122": "E", "46": "E", "103": "S", "109": "N", "56": "S", "21": "E", "9": "S", "8": "S", "41": "W", "47": "N", "146": "W", "115": "N", "70": "W", "145": "S", "135": "N", "91": "N", "34": "N", "2": "E", "133": "W", "89": "W", "85": "W", "108": "E", "90": "E", "130": "N", "29": "W", "112": "W", "13": "E", "131": "E", "28": "W", "20": "E", "52": "N", "149": "W", "161": "S", "68": "E", "50": "E", "71": "W", "51": "E", "110": "S", "33": "E", "150": "N", "30": "W", "141": "E", "114": "E", "124": "W", "106": "E", "113": "E", "87": "S", "129": "S", "134": "N", "86": "E", "55": "W", "156": "S", "61": "E", "62": "E", "32": "N", "24": "E", "137": "S", "104": "E"}, {"11": "W", "14": "N", "77": "S", "142": "E", "16": "W", "80": "W", "120": "W", "40": "N", "143": "S", "38": "W", "99": "S", "3": "E", "69": "S", "102": "E", "152": "S", "118": "E", "84": "N", "60": "N", "43": "E", "35": "E", "26": "E", "160": "N", "64": "S", "157": "E", "63": "E", "136": "E", "82": "S", "23": "S", "37": "S", "97": "E", "12": "S", "0": "S", "138": "S", "111": "E", "83": "E", "159": "N", "7": "N", "123": "S", "93": "W", "74": "E", "122": "E", "46": "E", "103": "W", "109": "N", "56": "S", "21": "S", "9": "W", "8": "S", "41": "W", "47": "N", "146": "W", "115": "W", "70": "W", "145": "S", "135": "N", "72": "N", "34": "N", "2": "N", "133": "W", "89": "W", "85": "S", "108": "S", "90": "E", "130": "N", "29": "W", "112": "W", "13": "E", "131": "E", "28": "S", "20": "S", "52": "N", "149": "W", "161": "S", "68": "E", "50": "E", "71": "N", "51": "E", "110": "S", "33": "E", "150": "N", "30": "N", "114": "E", "124": "W", "106": "E", "113": "N", "87": "S", "129": "S", "134": "E", "86": "S", "55": "W", "156": "S", "62": "E", "27": "S", "24": "N", "137": "S", "104": "E", "144": "E"}, {"11": "W", "14": "W", "77": "S", "142": "E", "16": "N", "80": "W", "120": "W", "143": "W", "38": "S", "99": "S", "3": "S", "42": "S", "69": "S", "102": "S", "152": "S", "118": "S", "84": "N", "60": "N", "43": "E", "35": "N", "26": "E", "160": "N", "64": "S", "157": "E", "63": "S", "136": "E", "82": "S", "23": "S", "37": "S", "97": "N", "12": "S", "0": "S", "138": "S", "111": "N", "83": "E", "159": "N", "7": "N", "123": "S", "93": "S", "74": "E", "122": "E", "46": "E", "103": "S", "109": "N", "56": "S", "21": "S", "9": "S", "8": "S", "41": "S", "47": "N", "146": "W", "115": "W", "70": "N", "145": "S", "135": "N", "72": "N", "34": "N", "2": "N", "133": "W", "89": "W", "85": "W", "108": "E", "90": "E", "130": "W", "29": "W", "112": "W", "13": "S", "131": "E", "28": "W", "20": "S", "52": "N", "149": "S", "161": "S", "68": "E", "71": "N", "51": "E", "110": "S", "33": "E", "150": "N", "114": "E", "124": "W", "106": "E", "113": "E", "87": "S", "129": "S", "134": "N", "55": "W", "156": "S", "45": "S", "27": "W", "81": "S", "137": "S", "144": "E"}, {"11": "W", "14": "W", "77": "S", "142": "S", "80": "W", "120": "W", "143": "W", "38": "S", "99": "S", "3": "S", "42": "S", "69": "S", "102": "S", "152": "S", "118": "S", "84": "N", "60": "N", "43": "S", "35": "N", "26": "E", "160": "N", "64": "S", "157": "E", "63": "E", "136": "E", "82": "W", "23": "S", "37": "S", "97": "N", "12": "S", "0": "S", "138": "W", "111": "N", "83": "E", "159": "N", "7": "N", "123": "S", "93": "S", "74": "E", "122": "E", "46": "E", "103": "S", "109": "N", "56": "W", "21": "E", "9": "S", "8": "E", "41": "S", "47": "N", "146": "W", "115": "W", "145": "S", "135": "N", "72": "N", "34": "N", "2": "N", "133": "W", "89": "S", "85": "W", "108": "S", "90": "E", "130": "N", "112": "N", "13": "W", "131": "N", "28": "S", "20": "S", "149": "S", "161": "E", "68": "E", "71": "N", "110": "S", "33": "E", "150": "N", "114": "E", "124": "W", "106": "E", "113": "S", "87": "S", "129": "S", "134": "E", "55": "S", "156": "S", "45": "E", "27": "W", "32": "N", "24": "S", "49": "S", "117": "E", "137": "S", "104": "S", "144": "E"}, {"11": "W", "14": "W", "77": "E", "142": "S", "80": "W", "120": "W", "143": "W", "99": "S", "3": "W", "69": "S", "102": "S", "152": "S", "118": "E", "84": "N", "60": "N", "43": "E", "35": "N", "26": "S", "160": "N", "64": "S", "157": "N", "63": "E", "136": "E", "82": "S", "23": "S", "37": "S", "97": "N", "12": "S", "0": "S", "138": "S", "111": "N", "83": "E", "159": "N", "7": "N", "123": "S", "93": "S", "74": "E", "122": "N", "46": "E", "103": "S", "109": "N", "56": "S", "21": "E", "9": "S", "8": "E", "41": "S", "47": "E", "146": "S", "115": "W", "70": "S", "145": "E", "135": "N", "72": "W", "34": "N", "2": "N", "133": "W", "89": "S", "85": "S", "108": "S", "90": "E", "130": "N", "112": "W", "13": "S", "131": "E", "28": "S", "20": "S", "149": "S", "161": "E", "68": "E", "71": "N", "51": "E", "110": "S", "33": "E", "150": "W", "114": "E", "124": "W", "106": "E", "87": "S", "134": "S", "55": "S", "156": "S", "45": "E", "27": "S", "32": "E", "117": "S", "137": "S", "144": "E"}, {"11": "W", "14": "W", "77": "E", "142": "S", "80": "W", "120": "W", "143": "S", "99": "S", "3": "W", "69": "S", "102": "S", "152": "S", "118": "S", "84": "E", "60": "N", "43": "E", "35": "N", "26": "S", "160": "N", "64": "S", "157": "N", "63": "E", "136": "E", "82": "S", "23": "S", "37": "S", "97": "N", "12": "S", "0": "S", "138": "S", "111": "N", "83": "E", "159": "N", "7": "N", "123": "S", "93": "S", "74": "E", "122": "N", "103": "S", "109": "N", "56": "W", "21": "E", "9": "S", "8": "E", "41": "S", "47": "E", "146": "S", "115": "S", "70": "S", "145": "S", "135": "N", "72": "W", "34": "N", "2": "N", "89": "S", "85": "S", "108": "E", "90": "E", "130": "W", "13": "S", "131": "E", "28": "S", "20": "S", "149": "S", "161": "S", "68": "E", "71": "N", "51": "E", "110": "S", "33": "E", "150": "S", "114": "E", "124": "W", "106": "E", "25": "W", "87": "S", "134": "S", "55": "S", "156": "E", "100": "W", "45": "N", "27": "S", "32": "N", "117": "S", "137": "S", "144": "E"}, {"11": "W", "14": "W", "77": "E", "142": "E", "80": "W", "120": "W", "143": "W", "99": "S", "3": "W", "69": "S", "102": "E", "152": "S", "118": "S", "84": "E", "60": "N", "43": "E", "35": "N", "26": "S", "160": "N", "64": "S", "157": "N", "63": "E", "136": "E", "82": "S", "23": "S", "37": "S", "97": "N", "12": "S", "0": "S", "138": "S", "111": "E", "83": "N", "159": "N", "7": "N", "123": "W", "93": "S", "74": "E", "122": "N", "103": "S", "109": "N", "56": "W", "21": "E", "9": "S", "8": "E", "41": "S", "47": "E", "146": "S", "115": "S", "70": "S", "145": "S", "135": "E", "72": "W", "34": "E", "2": "N", "133": "W", "89": "S", "85": "S", "108": "E", "90": "S", "130": "N", "13": "S", "131": "S", "28": "S", "20": "E", "149": "S", "161": "S", "68": "E", "71": "W", "51": "S", "110": "S", "33": "E", "124": "S", "106": "E", "87": "S", "129": "N", "55": "S", "156": "S", "45": "N", "32": "N", "24": "N", "121": "E", "49": "N", "117": "W", "137": "S", "104": "N", "144": "N"}, {"11": "W", "14": "W", "77": "S", "142": "E", "80": "W", "102": "S", "152": "S", "118": "S", "84": "E", "60": "N", "43": "E", "35": "N", "26": "S", "160": "N", "64": "S", "157": "N", "63": "E", "136": "E", "82": "S", "23": "S", "37": "S", "97": "N", "12": "S", "0": "S", "138": "S", "111": "E", "83": "N", "159": "E", "7": "N", "123": "S", "93": "S", "74": "E", "122": "N", "46": "S", "103": "S", "109": "N", "56": "W", "21": "E", "9": "S", "8": "E", "41": "S", "146": "S", "115": "S", "70": "S", "145": "E", "135": "E", "72": "W", "34": "E", "2": "N", "133": "W", "89": "W", "85": "S", "108": "E", "90": "S", "130": "W", "13": "S", "131": "S", "28": "W", "20": "E", "149": "W", "161": "S", "68": "E", "71": "W", "110": "S", "33": "E", "124": "W", "106": "E", "25": "S", "73": "S", "87": "S", "129": "W", "55": "W", "156": "E", "45": "N", "19": "E", "117": "S", "137": "S", "144": "W"}, {"11": "W", "14": "W", "77": "E", "142": "E", "80": "W", "102": "S", "152": "S", "118": "E", "84": "E", "60": "N", "43": "E", "35": "N", "26": "S", "160": "N", "64": "S", "157": "N", "63": "E", "82": "S", "23": "S", "37": "S", "97": "N", "12": "S", "0": "S", "138": "S", "111": "S", "83": "N", "159": "E", "7": "N", "123": "S", "93": "S", "122": "N", "46": "E", "103": "S", "109": "N", "56": "W", "21": "N", "9": "S", "8": "S", "41": "S", "146": "S", "115": "S", "70": "S", "145": "E", "135": "E", "72": "W", "34": "E", "2": "N", "133": "W", "89": "S", "85": "S", "108": "E", "90": "E", "130": "S", "13": "S", "28": "S", "20": "E", "149": "S", "161": "S", "68": "E", "51": "E", "110": "S", "33": "E", "124": "W", "87": "S", "86": "N", "79": "S", "55": "S", "156": "S", "45": "N", "27": "E", "32": "S", "117": "S", "137": "S"}, {"11": "W", "14": "W", "77": "E", "142": "E", "80": "W", "102": "E", "152": "S", "118": "S", "84": "E", "60": "E", "43": "E", "35": "N", "26": "S", "160": "N", "64": "S", "157": "N", "63": "E", "82": "S", "23": "S", "37": "S", "97": "N", "12": "S", "0": "S", "138": "S", "111": "S", "83": "N", "159": "E", "7": "N", "123": "S", "93": "S", "122": "N", "46": "E", "103": "S", "109": "E", "56": "W", "21": "N", "9": "S", "8": "E", "41": "S", "146": "S", "115": "S", "70": "S", "145": "E", "135": "E", "72": "S", "34": "E", "2": "N", "133": "S", "89": "S", "85": "S", "108": "E", "130": "W", "13": "S", "28": "S", "20": "E", "149": "S", "161": "S", "68": "E", "110": "S", "33": "E", "124": "W", "106": "S", "25": "N", "87": "S", "148": "W", "55": "S", "75": "W", "61": "W", "32": "S", "121": "W", "117": "S", "144": "N"}, {"11": "W", "14": "W", "77": "E", "142": "E", "80": "W", "102": "E", "152": "S", "118": "S", "84": "E", "60": "E", "43": "E", "35": "N", "26": "E", "160": "N", "64": "S", "157": "N", "63": "E", "82": "S", "23": "S", "37": "S", "97": "N", "12": "S", "0": "S", "138": "S", "111": "S", "83": "N", "159": "E", "7": "N", "123": "S", "93": "S", "122": "N", "46": "E", "103": "S", "109": "E", "56": "W", "21": "N", "9": "S", "8": "E", "41": "S", "146": "S", "115": "S", "145": "E", "72": "S", "34": "N", "2": "N", "133": "S", "89": "S", "85": "W", "108": "N", "130": "W", "13": "S", "28": "S", "20": "S", "149": "S", "161": "S", "68": "E", "110": "W", "33": "E", "124": "S", "106": "S", "87": "S", "148": "S", "55": "S", "45": "S", "19": "W", "81": "W", "32": "S", "117": "S", "144": "W"}, {"11": "N", "54": "W", "14": "W", "77": "E", "142": "E", "80": "W", "102": "E", "152": "S", "118": "E", "84": "N", "60": "E", "43": "E", "35": "N", "26": "S", "160": "N", "64": "S", "157": "N", "63": "E", "82": "W", "23": "S", "37": "S", "97": "E", "12": "S", "0": "S", "138": "W", "111": "E", "83": "N", "159": "E", "7": "N", "123": "S", "93": "S", "122": "N", "46": "S", "103": "S", "56": "S", "21": "N", "9": "S", "8": "E", "41": "S", "115": "W", "145": "E", "72": "S", "34": "N", "2": "N", "133": "S", "89": "S", "85": "S", "108": "N", "130": "S", "13": "S", "28": "S", "20": "E", "149": "S", "161": "S", "68": "S", "33": "E", "124": "S", "25": "N", "87": "S", "148": "S", "79": "S", "55": "S", "100": "N", "45": "S", "61": "E", "27": "N", "81": "S", "32": "S", "24": "S", "117": "S", "144": "S"}, {"11": "N", "14": "W", "77": "E", "142": "E", "80": "W", "102": "E", "152": "S", "118": "E", "84": "N", "60": "E", "43": "E", "35": "N", "26": "S", "160": "N", "64": "S", "157": "N", "63": "E", "82": "W", "23": "S", "37": "S", "97": "E", "12": "S", "0": "S", "138": "W", "111": "E", "83": "N", "159": "E", "7": "N", "123": "S", "93": "S", "122": "N", "46": "S", "103": "S", "109": "N", "56": "W", "21": "N", "9": "S", "8": "E", "41": "S", "146": "W", "115": "W", "70": "W", "145": "N", "72": "S", "34": "W", "133": "S", "89": "S", "85": "W", "108": "N", "130": "S", "13": "S", "28": "S", "20": "E", "149": "S", "161": "S", "68": "S", "110": "W", "33": "E", "25": "N", "73": "N", "148": "S", "79": "S", "55": "S", "156": "E", "100": "E", "45": "S", "27": "W", "81": "S", "32": "S", "144": "S"}, {"11": "N", "14": "N", "77": "E", "102": "E", "152": "S", "118": "E", "84": "N", "60": "E", "35": "N", "26": "E", "160": "W", "64": "S", "157": "E", "63": "E", "82": "W", "23": "S", "37": "S", "97": "E", "12": "S", "0": "E", "138": "W", "111": "E", "83": "N", "159": "E", "7": "N", "123": "S", "93": "S", "122": "E", "46": "E", "103": "S", "109": "N", "56": "W", "21": "N", "9": "S", "8": "S", "41": "S", "146": "S", "115": "S", "70": "S", "145": "N", "135": "S", "72": "S", "34": "N", "133": "S", "89": "S", "85": "S", "108": "N", "130": "S", "13": "S", "28": "S", "20": "E", "149": "S", "161": "W", "68": "E", "33": "S", "124": "N", "148": "S", "86": "S", "79": "S", "55": "S", "45": "S", "27": "S", "81": "E", "144": "S"}, {"54": "E", "77": "E", "102": "N", "152": "S", "118": "E", "60": "E", "35": "N", "26": "E", "64": "S", "157": "E", "63": "E", "82": "W", "23": "S", "37": "S", "97": "E", "12": "S", "0": "E", "138": "W", "111": "S", "83": "N", "7": "E", "123": "S", "93": "S", "122": "E", "46": "S", "103": "S", "109": "N", "56": "W", "21": "N", "9": "S", "8": "S", "41": "S", "146": "S", "115": "S", "70": "S", "145": "N", "72": "S", "133": "S", "89": "S", "85": "S", "108": "N", "130": "S", "28": "S", "20": "E", "149": "S", "161": "S", "68": "E", "110": "E", "33": "S", "25": "S", "148": "S", "79": "S", "100": "N", "75": "N", "45": "S", "61": "N", "144": "S"}, {"77": "E", "102": "N", "152": "S", "118": "E", "60": "N", "35": "E", "26": "E", "160": "E", "64": "S", "157": "E", "63": "E", "82": "W", "23": "S", "37": "S", "97": "E", "12": "S", "0": "E", "138": "W", "111": "S", "83": "E", "7": "E", "123": "S", "93": "S", "122": "E", "46": "S", "103": "S", "109": "E", "56": "N", "21": "N", "9": "S", "8": "E", "41": "S", "146": "S", "115": "S", "70": "S", "145": "N", "72": "S", "34": "E", "133": "S", "89": "S", "85": "S", "108": "N", "130": "S", "13": "N", "28": "S", "20": "E", "149": "S", "161": "W", "110": "N", "33": "E", "25": "S", "148": "S", "79": "S", "100": "E", "75": "E", "45": "S"}, {"102": "N", "152": "E", "118": "N", "60": "E", "35": "E", "26": "E", "160": "E", "64": "S", "157": "E", "63": "E", "82": "W", "23": "S", "37": "S", "97": "E", "12": "S", "138": "W", "111": "S", "83": "E", "7": "E", "123": "S", "93": "S", "122": "E", "46": "W", "103": "S", "109": "N", "56": "N", "21": "N", "9": "S", "8": "S", "41": "S", "146": "S", "115": "S", "70": "S", "145": "N", "72": "W", "133": "W", "89": "W", "85": "S", "108": "E", "130": "S", "13": "N", "28": "W", "149": "W", "124": "S", "148": "S", "100": "S", "75": "S", "45": "S", "61": "S"}, {"102": "N", "152": "E", "118": "N", "60": "E", "35": "E", "26": "E", "160": "E", "64": "E", "157": "E", "63": "E", "82": "S", "23": "E", "37": "S", "97": "E", "12": "S", "138": "S", "111": "E", "83": "E", "7": "S", "123": "S", "93": "S", "122": "E", "46": "S", "103": "S", "109": "E", "56": "N", "21": "E", "9": "S", "8": "S", "41": "S", "146": "S", "115": "S", "70": "S", "145": "N", "72": "S", "34": "W", "133": "S", "89": "S", "85": "S", "108": "E", "130": "W", "13": "N", "28": "S", "149": "S", "110": "S", "148": "S", "100": "S", "45": "S"}, {"102": "N", "118": "N", "35": "E", "26": "N", "160": "E", "64": "E", "63": "N", "23": "E", "37": "S", "12": "S", "138": "S", "111": "E", "83": "N", "7": "W", "123": "S", "93": "S", "46": "S", "103": "S", "109": "E", "56": "N", "21": "E", "9": "S", "8": "S", "41": "S", "47": "N", "146": "S", "115": "S", "70": "S", "145": "N", "135": "N", "72": "S", "34": "W", "133": "S", "89": "S", "85": "S", "130": "W", "13": "N", "28": "S", "149": "S", "110": "S", "148": "S", "45": "S"}, {"102": "N", "118": "N", "35": "E", "26": "N", "160": "E", "63": "N", "23": "E", "37": "S", "12": "S", "138": "W", "111": "S", "83": "E", "123": "S", "93": "S", "46": "S", "103": "S", "56": "N", "21": "E", "9": "S", "8": "S", "41": "S", "146": "S", "115": "S", "70": "S", "145": "N", "72": "S", "133": "S", "89": "S", "85": "S", "130": "W", "28": "S", "149": "S", "110": "S", "148": "S"}, {"102": "E", "118": "N", "35": "E", "26": "N", "160": "E", "63": "N", "37": "S", "12": "S", "138": "S", "111": "E", "83": "E", "7": "N", "123": "E", "93": "S", "46": "W", "103": "S", "109": "W", "56": "N", "21": "N", "9": "S", "8": "E", "41": "S", "146": "S", "115": "S", "70": "S", "145": "N", "72": "S", "133": "S", "89": "S", "85": "S", "108": "N", "130": "S", "28": "S", "149": "S", "110": "S", "148": "E"}, {"102": "E", "118": "E", "35": "E", "26": "N", "160": "E", "63": "N", "37": "S", "12": "E", "138": "S", "83": "E", "123": "E", "93": "S", "46": "W", "103": "S", "109": "W", "56": "N", "21": "E", "9": "S", "8": "S", "41": "S", "146": "S", "115": "S", "70": "S", "145": "N", "72": "S", "133": "S", "89": "S", "85": "S", "130": "S", "28": "S", "149": "S", "110": "S"}, {"102": "E", "118": "E", "35": "E", "26": "N", "160": "E", "63": "N", "37": "E", "12": "E", "138": "S", "83": "E", "123": "E", "93": "S", "46": "W", "103": "S", "109": "W", "56": "N", "9": "S", "8": "W", "41": "S", "47": "S", "146": "S", "115": "S", "70": "S", "145": "N", "72": "S", "133": "S", "89": "S", "85": "S", "130": "S", "28": "S", "149": "S", "110": "S"}, {"102": "E", "118": "E", "26": "N", "63": "N", "138": "S", "83": "E", "123": "E", "93": "S", "46": "S", "103": "S", "56": "N", "9": "E", "8": "W", "47": "W", "146": "S", "115": "S", "70": "S", "72": "S", "34": "E", "133": "S", "89": "S", "85": "S", "108": "S", "130": "S", "28": "S", "149": "S", "110": "S"}, {"102": "E", "118": "E", "26": "N", "63": "E", "46": "S", "103": "E", "56": "W", "9": "E", "8": "W", "41": "E", "146": "S", "115": "S", "70": "S", "72": "S", "34": "E", "133": "S", "89": "S", "85": "S", "108": "E", "130": "S", "28": "S", "149": "S", "110": "S"}, {"102": "E", "118": "E", "26": "N", "63": "E", "46": "S", "103": "S", "56": "W", "9": "E", "8": "S", "146": "S", "115": "S", "70": "S", "145": "S", "72": "S", "133": "S", "89": "S", "85": "S", "130": "S", "28": "S", "149": "S", "110": "S"}, {"102": "E", "118": "E", "103": "E", "56": "W", "9": "E", "8": "W", "41": "E", "47": "E", "146": "W", "115": "E", "70": "E", "145": "E", "72": "S", "34": "W", "133": "S", "89": "S", "85": "S", "130": "S", "28": "S", "149": "S", "110": "S"}, {"103": "E", "56": "W", "9": "E", "8": "W", "41": "E", "146": "S", "115": "S", "70": "E", "145": "E", "72": "S", "34": "W", "133": "S", "89": "S", "85": "S", "130": "S", "28": "S", "149": "S", "110": "S"}, {"103": "E", "56": "W", "8": "N", "41": "E", "146": "S", "115": "S", "70": "E", "145": "N", "72": "S", "133": "S", "89": "E", "85": "E", "130": "E", "28": "S", "149": "S", "110": "E"}, {"103": "E", "56": "W", "41": "E", "146": "S", "115": "E", "145": "E", "72": "E", "133": "S", "89": "E", "85": "E", "130": "E", "28": "E", "149": "E"}, {"56": "W", "41": "E", "146": "S", "133": "S", "85": "E", "130": "E", "28": "E", "149": "E"}, {"56": "W", "146": "E", "133": "E", "85": "E", "130": "E", "28": "E"}, {"133": "E", "85": "S", "130": "E"}, {"85": "E"}], "result": "SUCCESS", "makespan": 75, "sum": 6826, "algo_name": "OutAndInByPercentage_dist_BFS_desc_BIT_", "extra": {"arrival_order": [11, 18, 153, 78, 54, 58, 14, 105, 22, 5, 77, 142, 155, 127, 132, 151, 126, 31, 139, 16, 96, 80, 94, 120, 17, 4, 40, 143, 10, 92, 38, 99, 98, 65, 67, 88, 3, 44, 1, 42, 140, 116, 158, 6, 147, 57, 107, 69, 102, 152, 118, 84, 60, 43, 35, 26, 160, 64, 157, 63, 136, 82, 23, 37, 97, 12, 0, 138, 111, 83, 159, 7, 123, 93, 74, 122, 46, 103, 109, 56, 21, 9, 8, 41, 47, 146, 115, 70, 59, 145, 135, 72, 91, 34, 2, 133, 89, 85, 108, 90, 130, 29, 112, 13, 131, 28, 20, 52, 149, 66, 161, 68, 50, 71, 51, 15, 95, 110, 33, 150, 30, 141, 154, 114, 76, 124, 125, 39, 106, 53, 113, 119, 128, 36, 25, 73, 87, 129, 134, 148, 86, 79, 55, 156, 48, 100, 75, 45, 61, 62, 19, 27, 101, 81, 32, 24, 121, 49, 117, 137, 104, 144], "time_arrived": [2446, 1204, 3850, 1149, 868, 297, 1282, 2725, 3286, 3232, 947, 70, 2393, 4254, 243, 4753, 669, 840, 105, 5527, 4393, 3184, 281, 2231, 5581, 5295, 1836, 5538, 4349, 4162, 4926, 607, 5571, 4858, 3804, 1778, 5276, 2285, 998, 5142, 895, 3333, 1221, 1720, 1186, 5491, 2986, 3380, 5451, 5600, 4627, 4717, 4435, 5191, 194, 5423, 3135, 1334, 221, 3567, 1658, 5503, 5515, 2063, 1950, 1071, 4512, 1095, 4591, 1358, 3520, 4665, 3702, 5312, 2880, 5478, 5048, 349, 165, 5408, 728, 5560, 2177, 2621, 1599, 3978, 5393, 5329, 1119, 3936, 4074, 3748, 973, 2829, 766, 4789, 699, 2339, 1047, 1023, 5465, 5549, 1420, 3036, 5623, 263, 5167, 1346, 4020, 3086, 4824, 2569, 4209, 5214, 5018, 3474, 1252, 5609, 1540, 5236, 810, 5591, 2931, 2777, 5087, 5115, 575, 474, 5256, 5346, 4115, 4309, 508, 3893, 5362, 3658, 2118, 5617, 2503, 639, 1237, 4957, 401, 921, 5628, 3612, 3428, 1321, 5378, 4474, 4893, 542, 1481, 135, 4988, 438, 5437, 2007, 1267, 2673, 1893, 4554], "BIT_runs": 1, "old_makespan": 5628, "old_sum": 6806, "improved": "[11, 18, 153, 78, 54, 58, 14, 105, 22, 5, 77, 142, 155, 127, 132, 151, 126, 31, 139, 16, 96, 80, 94, 120, 17, 4, 40, 143, 10, 92, 38, 99, 98, 65, 67, 88, 3, 44, 1, 42, 140, 116, 158, 6, 147, 57, 107, 69, 102, 152, 118, 84, 60, 43, 35, 26, 160, 64, 157, 63, 136, 82, 23, 37, 97, 12, 0, 138, 111, 83, 159, 7, 123, 93, 74, 122, 46, 103, 109, 56, 21, 9, 8, 41, 47, 146, 115, 70, 59, 145, 135, 72, 91, 34, 2, 133, 89, 85, 108, 90, 130, 29, 112, 13, 131, 28, 20, 52, 149, 66, 161, 68, 50, 71, 51, 15, 95, 110, 33, 150, 30, 141, 154, 114, 76, 124, 125, 39, 106, 53, 113, 119, 128, 36, 25, 73, 87, 129, 134, 148, 86, 79, 55, 156, 48, 100, 75, 45, 61, 62, 19, 27, 101, 81, 32, 24, 121, 49, 117, 137, 104, 144],", "goal_raise_for_bs": 32}}