{"instance": "medium_002_30x30_30_162", "steps": [{"2": "W", "4": "N", "12": "N", "18": "E", "19": "N", "22": "N", "52": "S", "58": "N", "60": "W", "84": "W", "90": "W", "93": "N", "95": "W", "97": "W", "100": "N", "106": "W", "113": "N", "119": "S", "123": "N", "126": "S", "127": "W", "131": "W", "139": "W", "144": "N", "151": "W", "155": "S", "157": "W", "3": "N", "7": "W", "8": "N", "15": "W", "20": "W", "25": "N", "26": "W", "32": "N", "33": "W", "36": "N", "37": "N", "39": "S", "46": "N", "55": "N", "62": "N", "64": "E", "68": "W", "82": "W", "89": "N", "96": "S", "117": "N", "118": "W", "122": "W", "145": "W", "152": "E", "154": "S", "13": "W", "30": "E", "35": "W", "40": "E", "44": "N", "47": "W", "51": "W", "61": "N", "80": "N", "81": "N", "88": "N", "101": "N", "102": "W", "112": "S", "125": "S", "129": "N", "132": "S", "138": "N", "159": "W", "161": "W", "1": "N", "6": "N", "21": "W", "34": "W", "45": "N", "63": "W", "66": "W", "67": "E", "70": "N", "71": "S", "76": "S", "79": "N", "92": "N", "105": "N", "109": "W", "110": "N", "114": "W", "136": "W", "141": "E", "160": "W", "10": "S", "48": "N", "53": "S", "54": "E", "69": "N", "87": "N", "108": "W", "121": "N", "148": "N", "150": "E", "156": "N", "9": "N", "17": "E", "29": "S", "59": "W", "74": "W", "75": "N", "120": "E", "143": "E", "149": "N", "11": "S", "14": "E", "28": "N", "31": "E", "43": "S", "57": "N", "65": "E", "78": "E", "91": "S", "98": "S", "115": "N", "130": "N", "140": "N", "16": "E", "23": "E", "50": "N", "72": "N", "83": "W", "99": "E", "107": "N", "111": "S", "134": "N", "147": "N", "153": "E", "0": "N", "38": "E", "41": "N", "56": "N", "73": "N", "77": "S", "85": "N", "86": "W", "103": "N", "116": "N", "133": "N", "135": "W", "5": "N", "104": "N", "124": "E", "94": "E", "128": "N", "142": "E", "146": "N", "27": "N", "42": "N", "24": "N"}, {"2": "W", "4": "N", "12": "N", "18": "E", "19": "N", "22": "N", "52": "S", "58": "N", "60": "W", "84": "W", "90": "W", "93": "N", "95": "W", "97": "W", "100": "N", "106": "W", "113": "N", "119": "S", "123": "N", "126": "S", "127": "W", "131": "W", "139": "W", "144": "N", "151": "W", "155": "S", "157": "W", "3": "N", "7": "W", "8": "N", "15": "W", "20": "W", "25": "N", "26": "W", "32": "N", "33": "W", "36": "N", "37": "N", "39": "S", "46": "N", "55": "N", "62": "N", "64": "E", "68": "W", "82": "W", "89": "N", "96": "S", "117": "N", "118": "W", "122": "W", "145": "W", "152": "E", "154": "S", "13": "W", "30": "E", "35": "W", "40": "E", "44": "N", "47": "W", "51": "W", "61": "N", "80": "N", "81": "N", "88": "N", "101": "N", "102": "W", "112": "S", "125": "S", "129": "N", "132": "S", "138": "N", "159": "W", "161": "W", "1": "N", "6": "N", "21": "W", "34": "W", "45": "N", "63": "W", "66": "W", "67": "E", "70": "N", "71": "S", "76": "S", "79": "N", "92": "N", "105": "N", "109": "W", "110": "N", "114": "W", "136": "W", "141": "E", "160": "W", "10": "S", "48": "N", "53": "S", "54": "E", "69": "N", "87": "N", "108": "W", "121": "N", "148": "N", "150": "E", "156": "N", "9": "N", "17": "E", "29": "S", "59": "W", "74": "W", "75": "N", "120": "E", "143": "E", "149": "N", "11": "S", "14": "E", "28": "N", "31": "E", "43": "S", "57": "N", "65": "E", "78": "E", "91": "S", "98": "S", "115": "N", "130": "N", "140": "N", "16": "E", "23": "S", "50": "N", "72": "N", "83": "W", "99": "E", "107": "N", "111": "S", "134": "N", "147": "N", "153": "E", "0": "N", "38": "E", "41": "N", "56": "N", "73": "N", "77": "S", "85": "N", "86": "N", "103": "N", "116": "N", "133": "N", "135": "W", "5": "N", "104": "N", "124": "E", "94": "E", "128": "N", "142": "E", "146": "N", "27": "N", "42": "N", "24": "N"}, {"4": "W", "12": "E", "19": "N", "22": "N", "58": "N", "100": "N", "113": "N", "123": "N", "144": "W", "52": "E", "126": "W", "2": "N", "60": "N", "97": "W", "106": "W", "127": "W", "131": "W", "139": "W", "151": "W", "3": "N", "7": "W", "8": "N", "15": "W", "20": "W", "25": "N", "26": "W", "32": "N", "33": "W", "37": "N", "39": "S", "46": "N", "55": "N", "62": "N", "64": "E", "68": "W", "82": "W", "89": "N", "96": "S", "117": "N", "118": "W", "122": "W", "145": "W", "152": "E", "154": "S", "13": "W", "30": "E", "35": "W", "40": "E", "44": "N", "47": "W", "51": "W", "61": "N", "81": "N", "88": "N", "101": "N", "102": "W", "112": "S", "125": "S", "129": "N", "132": "S", "138": "N", "159": "W", "161": "W", "1": "N", "6": "N", "21": "W", "34": "W", "45": "N", "63": "W", "66": "W", "67": "E", "70": "N", "71": "S", "76": "S", "79": "N", "92": "N", "105": "N", "109": "W", "110": "N", "114": "W", "136": "W", "137": "W", "141": "E", "160": "W", "10": "S", "48": "N", "53": "S", "54": "E", "69": "N", "87": "N", "108": "W", "121": "N", "148": "N", "150": "E", "156": "N", "9": "N", "17": "E", "29": "S", "59": "W", "74": "W", "120": "E", "143": "E", "149": "N", "11": "S", "14": "E", "28": "N", "31": "E", "43": "S", "49": "W", "57": "N", "65": "E", "78": "E", "91": "S", "98": "S", "115": "N", "130": "N", "16": "E", "23": "E", "50": "N", "72": "N", "83": "W", "99": "E", "107": "N", "111": "S", "134": "N", "147": "N", "153": "E", "0": "N", "38": "E", "41": "N", "56": "N", "73": "N", "77": "S", "85": "N", "103": "N", "116": "N", "133": "N", "135": "W", "5": "N", "104": "N", "124": "E", "94": "E", "128": "N", "142": "S", "146": "N", "27": "N", "42": "N", "24": "N"}, {"19": "N", "22": "N", "100": "N", "113": "N", "144": "N", "3": "N", "25": "N", "32": "N", "46": "N", "55": "N", "62": "N", "119": "S", "154": "S", "84": "W", "97": "W", "106": "N", "127": "S", "131": "W", "139": "W", "7": "N", "26": "W", "33": "W", "82": "W", "118": "W", "122": "W", "64": "N", "36": "N", "13": "W", "30": "E", "35": "W", "40": "E", "44": "N", "47": "W", "51": "W", "61": "N", "80": "N", "81": "N", "88": "N", "101": "N", "102": "W", "112": "S", "125": "S", "129": "N", "132": "S", "138": "N", "159": "W", "161": "W", "1": "N", "6": "N", "21": "W", "34": "W", "45": "N", "63": "W", "66": "W", "67": "E", "70": "N", "71": "S", "76": "S", "79": "N", "92": "N", "105": "N", "109": "W", "110": "N", "114": "W", "136": "W", "137": "N", "141": "E", "160": "W", "10": "S", "48": "N", "53": "S", "54": "E", "69": "N", "87": "N", "108": "W", "121": "N", "148": "N", "150": "E", "156": "N", "9": "N", "17": "E", "29": "S", "59": "W", "74": "W", "75": "N", "120": "E", "143": "E", "149": "N", "11": "S", "14": "E", "28": "N", "31": "E", "43": "S", "57": "N", "65": "E", "78": "E", "91": "S", "98": "S", "115": "N", "130": "N", "140": "N", "16": "E", "23": "E", "50": "N", "72": "N", "83": "W", "99": "E", "107": "N", "111": "S", "134": "N", "147": "N", "153": "E", "0": "N", "38": "E", "41": "N", "56": "N", "73": "N", "77": "S", "85": "N", "103": "N", "116": "N", "133": "N", "135": "W", "5": "N", "104": "N", "124": "E", "94": "E", "128": "N", "142": "S", "146": "N", "27": "N", "42": "N", "24": "N"}, {"19": "N", "100": "N", "113": "N", "144": "N", "3": "N", "32": "N", "46": "N", "62": "N", "36": "N", "44": "N", "81": "N", "88": "N", "129": "N", "138": "N", "52": "S", "132": "S", "2": "W", "84": "W", "95": "W", "97": "W", "139": "W", "7": "W", "20": "W", "26": "W", "118": "W", "122": "W", "145": "W", "35": "W", "47": "S", "51": "W", "102": "W", "159": "W", "30": "E", "40": "E", "80": "N", "1": "N", "6": "N", "21": "W", "34": "W", "45": "N", "63": "W", "66": "W", "67": "E", "70": "N", "71": "S", "76": "S", "79": "N", "92": "N", "105": "N", "109": "W", "110": "N", "114": "W", "136": "W", "137": "N", "141": "E", "160": "W", "10": "S", "48": "N", "53": "S", "54": "E", "69": "N", "87": "N", "108": "W", "121": "N", "148": "N", "150": "E", "156": "N", "9": "N", "17": "E", "29": "S", "59": "W", "74": "W", "75": "N", "120": "E", "143": "E", "149": "N", "158": "W", "11": "S", "14": "E", "28": "N", "31": "E", "43": "S", "57": "N", "65": "E", "78": "E", "91": "S", "98": "S", "115": "N", "130": "N", "140": "N", "16": "E", "23": "E", "50": "N", "72": "N", "83": "W", "99": "E", "107": "N", "111": "S", "134": "N", "147": "N", "153": "E", "0": "N", "38": "E", "41": "N", "56": "N", "73": "N", "77": "S", "85": "N", "103": "N", "116": "N", "133": "N", "135": "W", "5": "N", "104": "N", "124": "E", "94": "E", "128": "N", "142": "S", "146": "N", "27": "N", "42": "N", "24": "N"}, {"22": "N", "113": "N", "3": "N", "55": "N", "62": "N", "44": "N", "61": "N", "81": "E", "129": "N", "1": "N", "6": "N", "45": "W", "110": "N", "52": "S", "132": "W", "76": "S", "20": "W", "26": "W", "51": "W", "63": "W", "40": "E", "67": "E", "137": "N", "10": "S", "53": "S", "54": "E", "69": "N", "87": "N", "108": "W", "121": "N", "148": "N", "150": "E", "156": "N", "9": "N", "17": "E", "29": "S", "59": "W", "74": "W", "75": "N", "120": "E", "143": "E", "149": "N", "158": "N", "11": "S", "14": "E", "28": "N", "31": "E", "43": "S", "49": "N", "57": "N", "65": "E", "78": "E", "91": "S", "98": "S", "115": "N", "130": "N", "140": "N", "16": "E", "23": "E", "50": "N", "72": "N", "83": "W", "99": "E", "107": "N", "111": "S", "134": "N", "147": "N", "153": "E", "0": "N", "38": "E", "41": "N", "56": "N", "73": "N", "77": "S", "85": "N", "86": "N", "103": "N", "116": "N", "133": "N", "135": "W", "5": "N", "104": "N", "124": "E", "94": "E", "128": "N", "142": "S", "146": "N", "27": "N", "42": "N", "24": "N"}, {"113": "W", "45": "N", "105": "N", "110": "W", "119": "S", "112": "S", "71": "S", "10": "S", "20": "N", "26": "N", "108": "W", "40": "N", "67": "N", "54": "E", "150": "N", "137": "N", "48": "N", "9": "N", "29": "S", "59": "W", "74": "W", "75": "N", "120": "E", "143": "E", "158": "N", "11": "S", "14": "E", "28": "N", "31": "E", "43": "S", "49": "N", "57": "N", "65": "E", "78": "E", "91": "S", "98": "S", "115": "N", "130": "N", "140": "N", "16": "E", "23": "E", "50": "N", "72": "N", "83": "W", "99": "E", "107": "N", "111": "S", "134": "N", "147": "N", "153": "E", "0": "N", "38": "E", "41": "N", "56": "N", "73": "N", "77": "S", "85": "N", "86": "N", "103": "N", "116": "N", "133": "N", "135": "W", "5": "N", "104": "N", "124": "E", "94": "E", "128": "N", "142": "S", "146": "N", "27": "N", "42": "N", "24": "N"}, {"25": "N", "62": "N", "44": "N", "101": "N", "6": "N", "70": "N", "105": "N", "110": "N", "69": "N", "87": "N", "148": "N", "137": "N", "9": "W", "119": "S", "112": "S", "71": "E", "10": "S", "29": "S", "51": "W", "63": "W", "108": "S", "74": "S", "40": "E", "67": "E", "54": "N", "150": "E", "120": "N", "143": "E", "17": "E", "75": "N", "149": "N", "158": "N", "11": "S", "14": "E", "28": "N", "31": "E", "43": "S", "49": "N", "57": "N", "65": "E", "78": "E", "91": "S", "98": "S", "115": "N", "130": "N", "140": "N", "16": "E", "23": "E", "50": "N", "72": "N", "83": "W", "99": "E", "107": "N", "111": "S", "134": "N", "147": "N", "153": "E", "0": "N", "38": "E", "41": "N", "56": "N", "73": "N", "77": "S", "85": "N", "86": "N", "103": "N", "116": "N", "133": "N", "135": "W", "5": "N", "104": "N", "124": "E", "94": "E", "128": "N", "142": "S", "146": "N", "27": "N", "42": "N", "24": "N"}, {"25": "N", "62": "E", "101": "N", "105": "N", "110": "N", "69": "N", "87": "N", "148": "N", "137": "N", "75": "N", "149": "N", "28": "N", "57": "N", "115": "N", "10": "S", "11": "S", "98": "S", "97": "W", "122": "W", "51": "W", "159": "W", "21": "W", "63": "W", "59": "W", "54": "E", "120": "E", "143": "E", "14": "N", "31": "E", "78": "E", "158": "N", "49": "N", "140": "N", "16": "E", "23": "E", "50": "N", "72": "N", "83": "W", "99": "E", "107": "N", "111": "S", "134": "N", "147": "N", "153": "E", "0": "N", "38": "E", "41": "N", "56": "N", "73": "N", "77": "S", "85": "N", "86": "N", "103": "N", "116": "N", "133": "N", "135": "W", "5": "N", "104": "N", "124": "E", "94": "E", "128": "N", "142": "S", "146": "N", "27": "N", "42": "N", "24": "N"}, {"89": "N", "44": "N", "6": "N", "105": "E", "110": "N", "69": "N", "87": "N", "148": "N", "137": "E", "9": "N", "149": "N", "57": "N", "115": "N", "107": "N", "134": "N", "147": "N", "10": "E", "43": "S", "98": "S", "97": "W", "122": "W", "51": "N", "159": "W", "21": "W", "59": "W", "83": "W", "31": "N", "16": "N", "23": "N", "158": "N", "49": "N", "0": "N", "38": "E", "41": "N", "56": "N", "73": "N", "77": "S", "85": "N", "86": "N", "103": "N", "116": "N", "133": "N", "135": "W", "5": "N", "104": "N", "124": "E", "94": "E", "128": "N", "142": "S", "146": "N", "27": "N", "42": "N", "24": "N"}, {"44": "N", "6": "N", "110": "N", "69": "N", "87": "N", "148": "N", "75": "N", "149": "N", "57": "N", "115": "N", "140": "N", "107": "N", "134": "N", "147": "N", "56": "N", "73": "N", "85": "N", "103": "N", "116": "N", "133": "N", "98": "S", "63": "W", "59": "S", "65": "E", "38": "E", "158": "N", "49": "N", "86": "N", "5": "N", "104": "N", "124": "E", "94": "E", "128": "N", "142": "S", "146": "N", "27": "N", "42": "N", "24": "N"}, {"44": "W", "70": "N", "110": "N", "87": "N", "148": "N", "75": "N", "149": "N", "57": "N", "130": "N", "140": "N", "107": "W", "134": "N", "56": "N", "73": "N", "85": "N", "103": "E", "158": "N", "5": "N", "43": "S", "98": "S", "77": "S", "63": "S", "38": "E", "49": "N", "86": "N", "94": "E", "128": "N", "142": "S", "146": "N", "27": "N", "42": "N", "24": "N"}, {"25": "N", "101": "N", "6": "N", "148": "E", "75": "N", "28": "N", "140": "N", "50": "N", "56": "E", "85": "N", "116": "N", "158": "N", "49": "N", "98": "W", "38": "E", "94": "E", "86": "N", "27": "N", "42": "N", "24": "N"}, {"6": "E", "75": "W", "57": "N", "85": "N", "116": "N", "42": "N", "38": "N", "94": "E", "24": "N"}, {"25": "N", "101": "N", "28": "N", "57": "N", "140": "N", "50": "N", "85": "N", "116": "W", "158": "N", "49": "N", "86": "N", "27": "N", "42": "N", "94": "E", "24": "N"}, {"57": "E", "140": "E", "42": "N", "94": "S"}, {"85": "N", "158": "N", "49": "N", "86": "N", "42": "N"}, {"85": "N", "158": "N", "49": "N", "86": "N", "42": "W"}, {"85": "W", "158": "W"}, {"49": "N", "86": "N"}, {"49": "E"}, {"86": "N"}, {"86": "N"}, {"86": "W"}, {"150": "N"}, {"150": "W"}, {"150": "W"}, {"150": "W"}, {"150": "N"}, {"150": "N"}, {"150": "N"}, {"150": "N"}, {"150": "N"}, {"150": "N"}, {"150": "N"}, {"150": "N"}, {"150": "N"}, {"150": "N"}, {"150": "N"}, {"150": "N"}, {"150": "N"}, {"150": "N"}, {"150": "N"}, {"150": "N"}, {"150": "N"}, {"150": "N"}, {"150": "N"}, {"150": "N"}, {"150": "N"}, {"71": "E"}, {"71": "E"}, {"71": "E"}, {"71": "E"}, {"71": "N"}, {"71": "N"}, {"71": "N"}, {"71": "N"}, {"71": "N"}, {"71": "N"}, {"71": "N"}, {"71": "N"}, {"71": "N"}, {"71": "N"}, {"71": "N"}, {"71": "N"}, {"71": "N"}, {"71": "N"}, {"71": "N"}, {"71": "N"}, {"71": "N"}, {"71": "N"}, {"71": "N"}, {"71": "N"}, {"71": "N"}, {"71": "N"}, {"71": "N"}, {"71": "N"}, {"71": "N"}, {"71": "N"}, {"71": "N"}, {"71": "N"}, {"71": "N"}, {"71": "N"}, {"71": "N"}, {"71": "W"}, {"71": "W"}, {"68": "E"}, {"68": "E"}, {"68": "E"}, {"68": "E"}, {"68": "E"}, {"68": "N"}, {"68": "N"}, {"68": "N"}, {"68": "N"}, {"68": "N"}, {"68": "N"}, {"68": "E"}, {"68": "E"}, {"68": "E"}, {"68": "E"}, {"68": "E"}, {"68": "E"}, {"68": "E"}, {"68": "E"}, {"68": "E"}, {"68": "E"}, {"68": "E"}, {"68": "E"}, {"68": "E"}, {"68": "E"}, {"68": "E"}, {"68": "E"}, {"68": "E"}, {"68": "E"}, {"68": "E"}, {"68": "E"}, {"68": "E"}, {"68": "E"}, {"68": "E"}, {"68": "E"}, {"68": "S"}, {"68": "S"}, {"52": "E"}, {"52": "E"}, {"52": "E"}, {"52": "E"}, {"52": "E"}, {"52": "E"}, {"52": "E"}, {"52": "N"}, {"52": "N"}, {"52": "N"}, {"52": "N"}, {"52": "N"}, {"52": "N"}, {"52": "N"}, {"52": "N"}, {"52": "N"}, {"52": "N"}, {"52": "N"}, {"52": "N"}, {"52": "N"}, {"52": "N"}, {"52": "N"}, {"52": "N"}, {"52": "N"}, {"52": "N"}, {"52": "N"}, {"52": "N"}, {"52": "N"}, {"52": "N"}, {"52": "N"}, {"52": "N"}, {"52": "N"}, {"52": "N"}, {"52": "N"}, {"52": "N"}, {"52": "N"}, {"52": "N"}, {"52": "N"}, {"52": "N"}, {"52": "W"}, {"52": "N"}, {"132": "E"}, {"132": "N"}, {"132": "N"}, {"132": "E"}, {"132": "E"}, {"132": "N"}, {"132": "N"}, {"132": "N"}, {"132": "N"}, {"132": "N"}, {"132": "N"}, {"132": "N"}, {"132": "N"}, {"132": "N"}, {"132": "N"}, {"132": "N"}, {"132": "N"}, {"132": "N"}, {"132": "N"}, {"132": "N"}, {"132": "N"}, {"132": "N"}, {"132": "N"}, {"132": "N"}, {"132": "N"}, {"132": "W"}, {"132": "W"}, {"132": "W"}, {"132": "N"}, {"132": "N"}, {"132": "N"}, {"132": "N"}, {"132": "N"}, {"132": "N"}, {"42": "E"}, {"42": "S"}, {"42": "S"}, {"42": "S"}, {"42": "S"}, {"42": "S"}, {"42": "E"}, {"42": "E"}, {"42": "E"}, {"42": "E"}, {"42": "E"}, {"42": "E"}, {"42": "E"}, {"42": "E"}, {"42": "E"}, {"42": "E"}, {"42": "S"}, {"42": "S"}, {"42": "S"}, {"42": "S"}, {"42": "S"}, {"42": "S"}, {"38": "N"}, {"38": "W"}, {"38": "N"}, {"38": "W"}, {"38": "W"}, {"38": "W"}, {"38": "W"}, {"38": "W"}, {"38": "W"}, {"38": "N"}, {"38": "N"}, {"38": "N"}, {"38": "N"}, {"38": "N"}, {"38": "N"}, {"38": "W"}, {"38": "W"}, {"38": "W"}, {"38": "W"}, {"38": "W"}, {"38": "W"}, {"38": "W"}, {"38": "N"}, {"38": "N"}, {"33": "S"}, {"33": "E"}, {"33": "E"}, {"33": "E"}, {"33": "E"}, {"33": "E"}, {"33": "E"}, {"33": "N"}, {"33": "N"}, {"33": "N"}, {"33": "N"}, {"33": "E"}, {"33": "E"}, {"33": "E"}, {"33": "E"}, {"33": "E"}, {"33": "E"}, {"33": "E"}, {"33": "E"}, {"33": "E"}, {"33": "E"}, {"33": "E"}, {"33": "E"}, {"33": "E"}, {"33": "E"}, {"33": "E"}, {"33": "E"}, {"33": "E"}, {"33": "E"}, {"33": "E"}, {"33": "E"}, {"33": "E"}, {"33": "E"}, {"33": "E"}, {"33": "S"}, {"33": "S"}, {"127": "N"}, {"127": "E"}, {"127": "E"}, {"127": "E"}, {"127": "N"}, {"127": "E"}, {"127": "E"}, {"127": "E"}, {"127": "N"}, {"127": "N"}, {"127": "N"}, {"127": "N"}, {"127": "N"}, {"127": "N"}, {"127": "E"}, {"127": "E"}, {"127": "E"}, {"127": "E"}, {"127": "E"}, {"127": "E"}, {"127": "E"}, {"127": "E"}, {"127": "E"}, {"127": "E"}, {"127": "E"}, {"127": "E"}, {"127": "E"}, {"127": "E"}, {"127": "E"}, {"127": "E"}, {"127": "S"}, {"127": "S"}, {"127": "S"}, {"127": "S"}, {"127": "S"}, {"127": "S"}, {"127": "S"}, {"127": "S"}, {"96": "N"}, {"96": "N"}, {"96": "N"}, {"96": "N"}, {"96": "N"}, {"96": "N"}, {"96": "N"}, {"96": "N"}, {"96": "N"}, {"96": "N"}, {"96": "N"}, {"96": "N"}, {"96": "N"}, {"96": "N"}, {"96": "N"}, {"96": "N"}, {"96": "N"}, {"96": "N"}, {"96": "N"}, {"96": "N"}, {"96": "N"}, {"96": "W"}, {"96": "W"}, {"96": "W"}, {"96": "W"}, {"96": "W"}, {"96": "N"}, {"96": "N"}, {"96": "N"}, {"92": "S"}, {"92": "E"}, {"92": "E"}, {"92": "E"}, {"92": "E"}, {"92": "E"}, {"92": "E"}, {"92": "E"}, {"92": "E"}, {"92": "E"}, {"92": "E"}, {"92": "E"}, {"92": "E"}, {"92": "E"}, {"92": "E"}, {"92": "E"}, {"92": "E"}, {"92": "E"}, {"92": "S"}, {"92": "S"}, {"92": "S"}, {"92": "S"}, {"92": "S"}, {"92": "S"}, {"92": "S"}, {"92": "E"}, {"92": "E"}, {"92": "N"}, {"80": "E"}, {"80": "S"}, {"80": "E"}, {"80": "E"}, {"80": "E"}, {"80": "E"}, {"80": "E"}, {"80": "E"}, {"80": "E"}, {"80": "E"}, {"80": "E"}, {"80": "E"}, {"80": "E"}, {"80": "E"}, {"80": "E"}, {"80": "S"}, {"80": "S"}, {"80": "S"}, {"80": "S"}, {"80": "S"}, {"80": "S"}, {"80": "S"}, {"80": "S"}, {"80": "S"}, {"80": "S"}, {"80": "S"}, {"17": "W"}, {"17": "W"}, {"17": "W"}, {"17": "W"}, {"17": "N"}, {"17": "N"}, {"17": "N"}, {"17": "N"}, {"17": "N"}, {"17": "N"}, {"17": "N"}, {"17": "N"}, {"17": "N"}, {"17": "N"}, {"17": "N"}, {"17": "N"}, {"17": "N"}, {"17": "N"}, {"17": "W"}, {"17": "W"}, {"17": "W"}, {"17": "W"}, {"17": "N"}, {"17": "N"}, {"17": "N"}, {"17": "N"}, {"17": "W"}, {"17": "N"}, {"17": "N"}, {"17": "E"}, {"17": "N"}, {"17": "E"}, {"4": "E"}, {"4": "S"}, {"4": "E"}, {"4": "E"}, {"4": "E"}, {"4": "E"}, {"4": "E"}, {"4": "E"}, {"4": "E"}, {"4": "E"}, {"4": "E"}, {"4": "E"}, {"4": "E"}, {"4": "E"}, {"4": "E"}, {"4": "E"}, {"4": "E"}, {"4": "E"}, {"4": "E"}, {"4": "E"}, {"4": "E"}, {"4": "E"}, {"4": "E"}, {"4": "S"}, {"4": "S"}, {"4": "S"}, {"4": "S"}, {"4": "S"}, {"4": "S"}, {"147": "W"}, {"147": "S"}, {"147": "S"}, {"147": "S"}, {"147": "E"}, {"147": "E"}, {"147": "E"}, {"147": "E"}, {"147": "E"}, {"147": "S"}, {"147": "S"}, {"147": "S"}, {"147": "S"}, {"147": "S"}, {"147": "S"}, {"143": "N"}, {"143": "W"}, {"143": "W"}, {"143": "W"}, {"143": "W"}, {"143": "W"}, {"143": "W"}, {"143": "N"}, {"143": "N"}, {"143": "N"}, {"143": "N"}, {"143": "N"}, {"143": "N"}, {"143": "N"}, {"143": "N"}, {"143": "N"}, {"143": "W"}, {"143": "W"}, {"143": "W"}, {"143": "W"}, {"143": "W"}, {"143": "W"}, {"143": "N"}, {"143": "N"}, {"143": "N"}, {"143": "W"}, {"143": "W"}, {"126": "E"}, {"126": "N"}, {"126": "E"}, {"126": "E"}, {"126": "N"}, {"126": "N"}, {"126": "N"}, {"126": "N"}, {"126": "N"}, {"126": "N"}, {"126": "N"}, {"126": "N"}, {"126": "N"}, {"126": "N"}, {"126": "N"}, {"126": "N"}, {"126": "N"}, {"126": "N"}, {"126": "N"}, {"126": "N"}, {"126": "N"}, {"126": "N"}, {"126": "N"}, {"126": "N"}, {"126": "W"}, {"126": "W"}, {"126": "W"}, {"126": "W"}, {"126": "W"}, {"126": "N"}, {"126": "N"}, {"91": "E"}, {"91": "N"}, {"91": "E"}, {"91": "E"}, {"91": "E"}, {"91": "E"}, {"91": "E"}, {"91": "E"}, {"91": "E"}, {"91": "E"}, {"91": "N"}, {"91": "N"}, {"91": "N"}, {"91": "N"}, {"91": "N"}, {"91": "N"}, {"91": "N"}, {"91": "N"}, {"91": "N"}, {"91": "N"}, {"91": "N"}, {"91": "N"}, {"91": "N"}, {"91": "N"}, {"91": "N"}, {"91": "N"}, {"91": "N"}, {"91": "N"}, {"91": "N"}, {"91": "N"}, {"91": "N"}, {"91": "N"}, {"91": "N"}, {"91": "N"}, {"91": "N"}, {"91": "N"}, {"91": "N"}, {"91": "N"}, {"91": "N"}, {"91": "N"}, {"91": "N"}, {"91": "W"}, {"91": "W"}, {"91": "W"}, {"91": "W"}, {"91": "S"}, {"65": "N"}, {"65": "W"}, {"65": "W"}, {"65": "W"}, {"65": "W"}, {"65": "W"}, {"65": "N"}, {"65": "N"}, {"65": "N"}, {"65": "N"}, {"65": "N"}, {"65": "N"}, {"65": "W"}, {"65": "W"}, {"65": "W"}, {"65": "W"}, {"65": "W"}, {"65": "W"}, {"65": "W"}, {"65": "W"}, {"65": "W"}, {"65": "N"}, {"65": "W"}, {"40": "N"}, {"40": "W"}, {"40": "W"}, {"40": "W"}, {"40": "W"}, {"40": "W"}, {"40": "W"}, {"40": "W"}, {"40": "N"}, {"40": "N"}, {"40": "N"}, {"40": "N"}, {"40": "N"}, {"40": "N"}, {"40": "N"}, {"40": "N"}, {"40": "N"}, {"40": "N"}, {"40": "N"}, {"40": "N"}, {"40": "N"}, {"40": "W"}, {"40": "W"}, {"40": "W"}, {"40": "W"}, {"40": "N"}, {"40": "N"}, {"40": "N"}, {"29": "E"}, {"29": "N"}, {"29": "N"}, {"29": "E"}, {"29": "E"}, {"29": "E"}, {"29": "E"}, {"29": "E"}, {"29": "N"}, {"29": "N"}, {"29": "N"}, {"29": "N"}, {"29": "N"}, {"29": "N"}, {"29": "N"}, {"29": "N"}, {"29": "N"}, {"29": "N"}, {"29": "N"}, {"29": "N"}, {"29": "N"}, {"29": "N"}, {"29": "N"}, {"29": "N"}, {"29": "N"}, {"29": "N"}, {"29": "N"}, {"29": "N"}, {"29": "W"}, {"29": "W"}, {"29": "W"}, {"29": "W"}, {"29": "W"}, {"29": "W"}, {"29": "N"}, {"29": "N"}, {"29": "N"}, {"29": "W"}, {"29": "N"}, {"29": "N"}, {"29": "N"}, {"29": "E"}, {"29": "E"}, {"29": "E"}, {"29": "N"}, {"29": "N"}, {"29": "E"}, {"3": "E"}, {"3": "S"}, {"3": "S"}, {"3": "S"}, {"3": "S"}, {"3": "E"}, {"3": "E"}, {"3": "E"}, {"3": "E"}, {"3": "E"}, {"3": "E"}, {"3": "E"}, {"3": "E"}, {"3": "E"}, {"3": "E"}, {"3": "S"}, {"3": "S"}, {"3": "S"}, {"3": "S"}, {"3": "S"}, {"3": "S"}, {"3": "S"}, {"151": "S"}, {"151": "E"}, {"151": "E"}, {"151": "E"}, {"151": "N"}, {"151": "E"}, {"151": "E"}, {"151": "E"}, {"151": "N"}, {"151": "N"}, {"151": "N"}, {"151": "N"}, {"151": "N"}, {"151": "N"}, {"151": "E"}, {"151": "E"}, {"151": "E"}, {"151": "E"}, {"151": "E"}, {"151": "E"}, {"151": "E"}, {"151": "E"}, {"151": "E"}, {"151": "E"}, {"151": "E"}, {"151": "E"}, {"151": "E"}, {"151": "E"}, {"151": "E"}, {"151": "E"}, {"151": "E"}, {"151": "E"}, {"151": "S"}, {"151": "S"}, {"151": "S"}, {"151": "S"}, {"112": "E"}, {"112": "N"}, {"112": "N"}, {"112": "N"}, {"112": "E"}, {"112": "E"}, {"112": "E"}, {"112": "E"}, {"112": "E"}, {"112": "E"}, {"112": "E"}, {"112": "E"}, {"112": "N"}, {"112": "N"}, {"112": "N"}, {"112": "N"}, {"112": "N"}, {"112": "N"}, {"112": "N"}, {"112": "N"}, {"112": "N"}, {"112": "N"}, {"112": "N"}, {"112": "N"}, {"112": "N"}, {"112": "N"}, {"112": "N"}, {"112": "N"}, {"112": "N"}, {"112": "N"}, {"112": "N"}, {"112": "N"}, {"112": "N"}, {"112": "N"}, {"112": "N"}, {"112": "N"}, {"112": "N"}, {"112": "N"}, {"112": "N"}, {"112": "N"}, {"112": "N"}, {"112": "N"}, {"112": "N"}, {"112": "W"}, {"112": "W"}, {"112": "W"}, {"112": "W"}, {"112": "W"}, {"112": "W"}, {"112": "S"}, {"112": "S"}, {"58": "W"}, {"58": "S"}, {"58": "S"}, {"58": "E"}, {"58": "E"}, {"58": "E"}, {"58": "E"}, {"58": "E"}, {"58": "E"}, {"58": "E"}, {"58": "E"}, {"58": "E"}, {"58": "E"}, {"58": "E"}, {"58": "E"}, {"58": "E"}, {"58": "E"}, {"58": "E"}, {"58": "E"}, {"58": "E"}, {"58": "E"}, {"58": "S"}, {"58": "S"}, {"58": "S"}, {"58": "S"}, {"58": "S"}, {"58": "S"}, {"58": "S"}, {"44": "E"}, {"44": "S"}, {"44": "S"}, {"44": "S"}, {"44": "S"}, {"44": "S"}, {"44": "S"}, {"44": "E"}, {"44": "E"}, {"44": "E"}, {"44": "E"}, {"44": "E"}, {"44": "E"}, {"44": "E"}, {"44": "E"}, {"44": "E"}, {"44": "E"}, {"44": "S"}, {"44": "S"}, {"44": "S"}, {"44": "S"}, {"44": "S"}, {"44": "S"}, {"44": "S"}, {"44": "S"}, {"44": "S"}, {"18": "W"}, {"18": "W"}, {"18": "W"}, {"18": "W"}, {"18": "N"}, {"18": "N"}, {"18": "N"}, {"18": "N"}, {"18": "N"}, {"18": "N"}, {"18": "N"}, {"18": "N"}, {"18": "N"}, {"18": "N"}, {"18": "N"}, {"18": "N"}, {"18": "N"}, {"18": "N"}, {"18": "N"}, {"18": "N"}, {"18": "N"}, {"18": "N"}, {"18": "N"}, {"18": "W"}, {"18": "W"}, {"18": "W"}, {"18": "W"}, {"18": "W"}, {"18": "W"}, {"18": "W"}, {"18": "W"}, {"18": "W"}, {"18": "N"}, {"18": "N"}, {"18": "N"}, {"18": "N"}, {"18": "N"}, {"18": "E"}, {"18": "E"}, {"14": "W"}, {"14": "W"}, {"14": "W"}, {"14": "W"}, {"14": "N"}, {"14": "N"}, {"14": "N"}, {"14": "N"}, {"14": "N"}, {"14": "W"}, {"14": "W"}, {"14": "W"}, {"14": "W"}, {"14": "W"}, {"14": "W"}, {"14": "W"}, {"14": "W"}, {"14": "W"}, {"14": "N"}, {"14": "N"}, {"14": "N"}, {"14": "W"}, {"14": "W"}, {"14": "S"}, {"14": "S"}, {"153": "W"}, {"153": "W"}, {"153": "W"}, {"153": "W"}, {"153": "N"}, {"153": "N"}, {"153": "N"}, {"153": "N"}, {"153": "N"}, {"153": "N"}, {"153": "N"}, {"153": "N"}, {"153": "N"}, {"153": "N"}, {"153": "W"}, {"153": "W"}, {"153": "W"}, {"153": "W"}, {"153": "W"}, {"153": "W"}, {"153": "W"}, {"153": "W"}, {"153": "W"}, {"153": "N"}, {"153": "N"}, {"153": "N"}, {"153": "W"}, {"153": "W"}, {"153": "W"}, {"153": "S"}, {"153": "S"}, {"140": "W"}, {"140": "S"}, {"140": "S"}, {"140": "S"}, {"140": "S"}, {"140": "S"}, {"140": "E"}, {"140": "E"}, {"140": "E"}, {"140": "E"}, {"140": "E"}, {"140": "E"}, {"140": "E"}, {"140": "E"}, {"140": "E"}, {"140": "E"}, {"140": "E"}, {"140": "S"}, {"140": "S"}, {"140": "S"}, {"140": "S"}, {"120": "S"}, {"120": "W"}, {"120": "W"}, {"120": "W"}, {"120": "W"}, {"120": "W"}, {"120": "N"}, {"120": "N"}, {"120": "N"}, {"120": "N"}, {"120": "N"}, {"120": "N"}, {"120": "N"}, {"120": "N"}, {"120": "N"}, {"120": "W"}, {"120": "W"}, {"120": "W"}, {"120": "W"}, {"120": "W"}, {"120": "W"}, {"120": "W"}, {"120": "W"}, {"120": "W"}, {"120": "N"}, {"120": "N"}, {"120": "N"}, {"120": "W"}, {"120": "W"}, {"120": "W"}, {"120": "W"}, {"120": "S"}, {"120": "S"}, {"120": "S"}, {"105": "W"}, {"105": "S"}, {"105": "S"}, {"105": "S"}, {"105": "S"}, {"105": "E"}, {"105": "E"}, {"105": "E"}, {"105": "E"}, {"105": "E"}, {"105": "E"}, {"105": "E"}, {"105": "E"}, {"105": "E"}, {"105": "E"}, {"105": "S"}, {"105": "S"}, {"105": "S"}, {"105": "S"}, {"105": "S"}, {"99": "W"}, {"99": "W"}, {"99": "W"}, {"99": "W"}, {"99": "N"}, {"99": "N"}, {"99": "N"}, {"99": "N"}, {"99": "N"}, {"99": "N"}, {"99": "N"}, {"99": "N"}, {"99": "W"}, {"99": "W"}, {"99": "W"}, {"99": "W"}, {"99": "W"}, {"99": "W"}, {"99": "W"}, {"99": "W"}, {"99": "W"}, {"99": "N"}, {"99": "N"}, {"99": "N"}, {"99": "N"}, {"86": "E"}, {"86": "E"}, {"86": "E"}, {"86": "E"}, {"86": "S"}, {"86": "S"}, {"86": "S"}, {"86": "S"}, {"86": "S"}, {"86": "S"}, {"86": "S"}, {"86": "E"}, {"86": "E"}, {"86": "E"}, {"86": "E"}, {"86": "E"}, {"86": "E"}, {"86": "E"}, {"86": "E"}, {"86": "E"}, {"86": "E"}, {"86": "E"}, {"86": "S"}, {"67": "N"}, {"67": "W"}, {"67": "W"}, {"67": "W"}, {"67": "W"}, {"67": "W"}, {"67": "W"}, {"67": "N"}, {"67": "N"}, {"67": "N"}, {"67": "N"}, {"67": "N"}, {"67": "N"}, {"67": "N"}, {"67": "N"}, {"67": "N"}, {"67": "N"}, {"67": "N"}, {"67": "N"}, {"67": "N"}, {"67": "W"}, {"67": "W"}, {"67": "W"}, {"67": "N"}, {"67": "N"}, {"57": "E"}, {"57": "E"}, {"57": "E"}, {"57": "E"}, {"57": "E"}, {"57": "S"}, {"57": "S"}, {"57": "S"}, {"57": "S"}, {"57": "S"}, {"57": "S"}, {"57": "S"}, {"57": "S"}, {"57": "S"}, {"57": "S"}, {"54": "N"}, {"54": "N"}, {"54": "W"}, {"54": "W"}, {"54": "W"}, {"54": "W"}, {"54": "W"}, {"54": "W"}, {"54": "N"}, {"54": "N"}, {"54": "N"}, {"54": "N"}, {"54": "N"}, {"54": "N"}, {"54": "W"}, {"54": "W"}, {"54": "W"}, {"54": "W"}, {"54": "W"}, {"54": "W"}, {"54": "W"}, {"54": "W"}, {"54": "W"}, {"54": "N"}, {"54": "N"}, {"54": "N"}, {"54": "W"}, {"54": "W"}, {"54": "S"}, {"31": "S"}, {"31": "W"}, {"31": "W"}, {"31": "W"}, {"31": "W"}, {"31": "W"}, {"31": "N"}, {"31": "N"}, {"31": "N"}, {"31": "N"}, {"31": "N"}, {"31": "N"}, {"31": "N"}, {"31": "N"}, {"31": "N"}, {"31": "N"}, {"31": "N"}, {"31": "N"}, {"31": "W"}, {"31": "W"}, {"31": "W"}, {"31": "W"}, {"31": "W"}, {"31": "W"}, {"31": "W"}, {"31": "W"}, {"31": "W"}, {"31": "N"}, {"31": "N"}, {"31": "N"}, {"31": "W"}, {"5": "E"}, {"5": "S"}, {"5": "S"}, {"5": "E"}, {"5": "E"}, {"5": "E"}, {"5": "S"}, {"5": "S"}, {"5": "S"}, {"5": "S"}, {"5": "S"}, {"5": "S"}, {"139": "N"}, {"139": "E"}, {"139": "E"}, {"139": "E"}, {"139": "E"}, {"139": "E"}, {"139": "E"}, {"139": "E"}, {"139": "E"}, {"139": "N"}, {"139": "N"}, {"139": "N"}, {"139": "N"}, {"139": "E"}, {"139": "E"}, {"139": "E"}, {"139": "E"}, {"139": "E"}, {"139": "E"}, {"139": "E"}, {"139": "E"}, {"139": "E"}, {"139": "E"}, {"139": "E"}, {"139": "E"}, {"139": "E"}, {"139": "E"}, {"139": "E"}, {"139": "E"}, {"139": "S"}, {"139": "S"}, {"139": "S"}, {"139": "S"}, {"134": "E"}, {"134": "S"}, {"134": "S"}, {"134": "S"}, {"134": "S"}, {"134": "E"}, {"134": "E"}, {"134": "E"}, {"134": "E"}, {"134": "E"}, {"134": "S"}, {"134": "S"}, {"134": "S"}, {"116": "E"}, {"116": "S"}, {"116": "S"}, {"116": "S"}, {"116": "S"}, {"116": "E"}, {"116": "E"}, {"116": "E"}, {"116": "E"}, {"116": "E"}, {"116": "E"}, {"116": "E"}, {"116": "S"}, {"116": "S"}, {"116": "S"}, {"116": "S"}, {"113": "E"}, {"113": "S"}, {"113": "S"}, {"113": "S"}, {"113": "S"}, {"113": "S"}, {"113": "E"}, {"113": "E"}, {"113": "E"}, {"113": "E"}, {"113": "E"}, {"113": "E"}, {"113": "E"}, {"113": "E"}, {"113": "E"}, {"113": "E"}, {"113": "E"}, {"113": "E"}, {"113": "E"}, {"113": "E"}, {"113": "E"}, {"113": "S"}, {"113": "S"}, {"78": "N"}, {"78": "W"}, {"78": "W"}, {"78": "N"}, {"78": "N"}, {"78": "N"}, {"78": "N"}, {"78": "N"}, {"78": "N"}, {"78": "N"}, {"78": "N"}, {"78": "N"}, {"78": "N"}, {"78": "N"}, {"78": "N"}, {"78": "N"}, {"78": "N"}, {"78": "N"}, {"78": "N"}, {"78": "N"}, {"78": "N"}, {"78": "N"}, {"78": "N"}, {"78": "W"}, {"78": "W"}, {"78": "W"}, {"78": "W"}, {"78": "W"}, {"78": "W"}, {"78": "W"}, {"78": "W"}, {"78": "W"}, {"78": "W"}, {"78": "W"}, {"78": "W"}, {"78": "W"}, {"78": "S"}, {"78": "S"}, {"78": "S"}, {"78": "S"}, {"78": "S"}, {"78": "S"}, {"78": "S"}, {"73": "E"}, {"73": "S"}, {"73": "S"}, {"73": "S"}, {"73": "E"}, {"73": "E"}, {"73": "E"}, {"73": "E"}, {"73": "E"}, {"73": "E"}, {"73": "E"}, {"73": "S"}, {"69": "W"}, {"69": "S"}, {"69": "S"}, {"69": "S"}, {"69": "S"}, {"69": "S"}, {"69": "E"}, {"69": "E"}, {"69": "S"}, {"69": "S"}, {"69": "S"}, {"69": "S"}, {"69": "S"}, {"69": "S"}, {"16": "W"}, {"16": "N"}, {"16": "N"}, {"16": "N"}, {"16": "N"}, {"16": "N"}, {"16": "N"}, {"16": "N"}, {"16": "N"}, {"16": "N"}, {"16": "N"}, {"16": "N"}, {"16": "N"}, {"16": "N"}, {"16": "N"}, {"16": "N"}, {"16": "N"}, {"16": "N"}, {"16": "N"}, {"16": "N"}, {"16": "N"}, {"16": "N"}, {"16": "N"}, {"16": "W"}, {"16": "W"}, {"16": "W"}, {"16": "W"}, {"16": "W"}, {"16": "W"}, {"16": "W"}, {"16": "W"}, {"16": "W"}, {"16": "W"}, {"16": "W"}, {"16": "W"}, {"16": "W"}, {"16": "W"}, {"16": "W"}, {"16": "W"}, {"16": "S"}, {"16": "S"}, {"16": "S"}, {"16": "S"}, {"16": "S"}, {"16": "S"}, {"16": "S"}, {"16": "S"}, {"16": "S"}, {"16": "S"}, {"11": "E"}, {"11": "E"}, {"11": "E"}, {"11": "E"}, {"11": "E"}, {"11": "N"}, {"11": "N"}, {"11": "E"}, {"11": "E"}, {"11": "E"}, {"11": "E"}, {"11": "E"}, {"11": "E"}, {"11": "E"}, {"11": "E"}, {"11": "E"}, {"11": "E"}, {"11": "N"}, {"11": "N"}, {"11": "N"}, {"11": "N"}, {"11": "N"}, {"11": "N"}, {"11": "N"}, {"11": "N"}, {"11": "N"}, {"11": "N"}, {"11": "N"}, {"11": "N"}, {"11": "N"}, {"11": "N"}, {"11": "N"}, {"11": "N"}, {"11": "N"}, {"11": "N"}, {"11": "N"}, {"11": "N"}, {"11": "N"}, {"11": "N"}, {"11": "N"}, {"11": "N"}, {"11": "N"}, {"11": "N"}, {"11": "N"}, {"11": "N"}, {"11": "N"}, {"11": "N"}, {"11": "N"}, {"11": "W"}, {"11": "W"}, {"11": "W"}, {"11": "W"}, {"11": "W"}, {"11": "W"}, {"11": "W"}, {"11": "W"}, {"11": "W"}, {"11": "W"}, {"11": "W"}, {"11": "W"}, {"11": "W"}, {"11": "W"}, {"11": "S"}, {"11": "S"}, {"11": "S"}, {"11": "S"}, {"11": "S"}, {"11": "S"}, {"11": "S"}, {"11": "S"}, {"158": "E"}, {"158": "S"}, {"158": "S"}, {"158": "S"}, {"158": "S"}, {"158": "S"}, {"158": "S"}, {"158": "E"}, {"158": "E"}, {"158": "E"}, {"158": "E"}, {"158": "E"}, {"158": "S"}, {"158": "S"}, {"158": "S"}, {"158": "S"}, {"158": "S"}, {"158": "S"}, {"158": "S"}, {"158": "S"}, {"155": "N"}, {"155": "E"}, {"155": "E"}, {"155": "E"}, {"155": "E"}, {"155": "N"}, {"155": "N"}, {"155": "N"}, {"155": "N"}, {"155": "N"}, {"155": "N"}, {"155": "N"}, {"155": "N"}, {"155": "N"}, {"155": "N"}, {"155": "N"}, {"155": "N"}, {"155": "N"}, {"155": "N"}, {"155": "N"}, {"155": "N"}, {"155": "N"}, {"155": "N"}, {"155": "N"}, {"155": "N"}, {"155": "N"}, {"155": "N"}, {"155": "N"}, {"155": "N"}, {"155": "N"}, {"155": "N"}, {"155": "N"}, {"155": "N"}, {"155": "N"}, {"155": "N"}, {"155": "N"}, {"155": "W"}, {"155": "W"}, {"155": "W"}, {"155": "W"}, {"155": "W"}, {"155": "W"}, {"155": "W"}, {"155": "W"}, {"155": "W"}, {"155": "W"}, {"155": "S"}, {"155": "S"}, {"155": "S"}, {"94": "N"}, {"94": "W"}, {"94": "W"}, {"94": "W"}, {"94": "W"}, {"94": "N"}, {"94": "N"}, {"94": "N"}, {"94": "N"}, {"94": "N"}, {"94": "N"}, {"94": "N"}, {"94": "N"}, {"94": "N"}, {"94": "N"}, {"94": "N"}, {"94": "N"}, {"94": "N"}, {"94": "N"}, {"94": "N"}, {"94": "N"}, {"94": "N"}, {"94": "N"}, {"94": "N"}, {"94": "N"}, {"94": "W"}, {"94": "W"}, {"94": "W"}, {"94": "W"}, {"94": "W"}, {"94": "W"}, {"94": "W"}, {"94": "W"}, {"94": "W"}, {"94": "W"}, {"94": "W"}, {"94": "W"}, {"94": "W"}, {"94": "W"}, {"94": "W"}, {"94": "W"}, {"94": "S"}, {"94": "S"}, {"94": "S"}, {"94": "S"}, {"94": "S"}, {"94": "S"}, {"94": "S"}, {"94": "S"}, {"94": "S"}, {"88": "E"}, {"88": "S"}, {"88": "S"}, {"88": "E"}, {"88": "E"}, {"88": "E"}, {"88": "E"}, {"88": "E"}, {"88": "E"}, {"88": "E"}, {"88": "E"}, {"88": "E"}, {"88": "E"}, {"88": "S"}, {"88": "S"}, {"88": "S"}, {"88": "S"}, {"88": "S"}, {"88": "S"}, {"24": "S"}, {"24": "E"}, {"24": "E"}, {"24": "E"}, {"24": "E"}, {"24": "E"}, {"24": "E"}, {"24": "E"}, {"24": "E"}, {"24": "S"}, {"142": "W"}, {"142": "W"}, {"142": "W"}, {"142": "W"}, {"142": "W"}, {"142": "W"}, {"142": "W"}, {"142": "W"}, {"142": "W"}, {"142": "W"}, {"142": "N"}, {"142": "W"}, {"142": "W"}, {"142": "W"}, {"142": "W"}, {"142": "N"}, {"142": "N"}, {"142": "N"}, {"142": "N"}, {"142": "N"}, {"142": "N"}, {"142": "N"}, {"142": "N"}, {"142": "N"}, {"142": "N"}, {"142": "N"}, {"142": "N"}, {"142": "N"}, {"142": "N"}, {"142": "N"}, {"142": "N"}, {"142": "N"}, {"142": "N"}, {"142": "N"}, {"142": "N"}, {"142": "N"}, {"142": "N"}, {"142": "N"}, {"142": "N"}, {"142": "E"}, {"142": "E"}, {"142": "E"}, {"142": "N"}, {"142": "N"}, {"142": "N"}, {"142": "N"}, {"142": "N"}, {"142": "N"}, {"142": "E"}, {"142": "E"}, {"142": "E"}, {"142": "E"}, {"142": "E"}, {"142": "E"}, {"142": "E"}, {"142": "E"}, {"142": "E"}, {"142": "E"}, {"142": "E"}, {"142": "E"}, {"142": "S"}, {"142": "S"}, {"142": "S"}, {"142": "S"}, {"142": "S"}, {"142": "S"}, {"106": "N"}, {"106": "E"}, {"106": "E"}, {"106": "E"}, {"106": "E"}, {"106": "E"}, {"106": "E"}, {"106": "E"}, {"106": "E"}, {"106": "E"}, {"106": "E"}, {"106": "E"}, {"106": "E"}, {"106": "E"}, {"106": "E"}, {"106": "E"}, {"106": "E"}, {"106": "E"}, {"106": "E"}, {"106": "E"}, {"106": "E"}, {"106": "E"}, {"106": "E"}, {"106": "E"}, {"106": "S"}, {"106": "S"}, {"104": "S"}, {"104": "E"}, {"104": "E"}, {"104": "S"}, {"104": "S"}, {"104": "S"}, {"22": "W"}, {"22": "S"}, {"22": "S"}, {"22": "S"}, {"22": "S"}, {"22": "E"}, {"22": "E"}, {"22": "E"}, {"22": "E"}, {"22": "E"}, {"22": "E"}, {"22": "E"}, {"22": "E"}, {"22": "E"}, {"22": "S"}, {"22": "S"}, {"22": "S"}, {"22": "S"}, {"22": "S"}, {"22": "S"}, {"77": "W"}, {"77": "W"}, {"77": "W"}, {"77": "W"}, {"77": "W"}, {"77": "W"}, {"77": "W"}, {"77": "W"}, {"77": "W"}, {"77": "W"}, {"77": "N"}, {"77": "N"}, {"77": "W"}, {"77": "W"}, {"77": "W"}, {"77": "W"}, {"77": "N"}, {"77": "N"}, {"77": "N"}, {"77": "N"}, {"77": "N"}, {"77": "N"}, {"77": "N"}, {"77": "N"}, {"77": "N"}, {"77": "N"}, {"77": "N"}, {"77": "N"}, {"77": "N"}, {"77": "N"}, {"77": "N"}, {"77": "N"}, {"77": "N"}, {"77": "N"}, {"77": "N"}, {"77": "N"}, {"77": "N"}, {"77": "N"}, {"77": "N"}, {"77": "N"}, {"77": "E"}, {"77": "E"}, {"77": "E"}, {"77": "N"}, {"77": "N"}, {"77": "N"}, {"77": "N"}, {"77": "N"}, {"77": "N"}, {"77": "E"}, {"77": "E"}, {"77": "E"}, {"77": "E"}, {"77": "E"}, {"77": "E"}, {"77": "E"}, {"77": "E"}, {"77": "E"}, {"77": "E"}, {"77": "E"}, {"77": "E"}, {"77": "E"}, {"77": "S"}, {"77": "S"}, {"77": "S"}, {"77": "S"}, {"6": "W"}, {"6": "S"}, {"6": "S"}, {"6": "S"}, {"6": "S"}, {"6": "S"}, {"6": "S"}, {"6": "E"}, {"6": "E"}, {"6": "E"}, {"6": "E"}, {"6": "E"}, {"6": "E"}, {"6": "E"}, {"6": "E"}, {"6": "S"}, {"6": "S"}, {"6": "S"}, {"6": "S"}, {"6": "S"}, {"6": "S"}, {"129": "E"}, {"129": "S"}, {"129": "S"}, {"129": "S"}, {"129": "E"}, {"129": "E"}, {"129": "E"}, {"129": "E"}, {"129": "E"}, {"129": "E"}, {"129": "E"}, {"129": "E"}, {"129": "S"}, {"129": "S"}, {"124": "W"}, {"124": "N"}, {"124": "N"}, {"124": "N"}, {"124": "N"}, {"124": "N"}, {"124": "N"}, {"124": "N"}, {"124": "N"}, {"124": "N"}, {"124": "N"}, {"124": "N"}, {"124": "N"}, {"124": "N"}, {"124": "N"}, {"124": "N"}, {"124": "N"}, {"124": "N"}, {"124": "N"}, {"124": "W"}, {"124": "W"}, {"124": "W"}, {"124": "W"}, {"124": "W"}, {"124": "W"}, {"124": "W"}, {"124": "W"}, {"124": "W"}, {"124": "W"}, {"124": "W"}, {"124": "W"}, {"124": "W"}, {"124": "W"}, {"124": "W"}, {"124": "S"}, {"124": "S"}, {"124": "S"}, {"124": "S"}, {"124": "S"}, {"107": "E"}, {"107": "S"}, {"107": "S"}, {"107": "S"}, {"107": "W"}, {"107": "S"}, {"107": "S"}, {"107": "S"}, {"107": "S"}, {"107": "S"}, {"107": "S"}, {"107": "S"}, {"107": "S"}, {"36": "E"}, {"36": "S"}, {"36": "S"}, {"36": "E"}, {"36": "E"}, {"36": "E"}, {"36": "E"}, {"36": "E"}, {"36": "E"}, {"36": "E"}, {"36": "E"}, {"36": "E"}, {"36": "E"}, {"36": "S"}, {"36": "S"}, {"36": "S"}, {"36": "S"}, {"36": "S"}, {"36": "S"}, {"20": "N"}, {"20": "E"}, {"20": "E"}, {"20": "E"}, {"20": "E"}, {"20": "E"}, {"20": "E"}, {"20": "E"}, {"20": "E"}, {"20": "E"}, {"20": "E"}, {"20": "E"}, {"20": "E"}, {"20": "E"}, {"20": "E"}, {"20": "E"}, {"20": "E"}, {"20": "E"}, {"20": "E"}, {"20": "E"}, {"20": "E"}, {"20": "E"}, {"20": "E"}, {"20": "E"}, {"20": "E"}, {"20": "E"}, {"20": "E"}, {"20": "E"}, {"20": "E"}, {"20": "E"}, {"20": "E"}, {"20": "E"}, {"20": "E"}, {"20": "E"}, {"20": "E"}, {"20": "S"}, {"20": "S"}, {"20": "S"}, {"20": "S"}, {"20": "W"}, {"20": "S"}, {"20": "S"}, {"20": "S"}, {"20": "S"}, {"20": "S"}, {"20": "S"}, {"20": "S"}, {"20": "W"}, {"20": "W"}, {"1": "E"}, {"1": "S"}, {"1": "S"}, {"1": "E"}, {"1": "E"}, {"1": "E"}, {"1": "E"}, {"1": "E"}, {"1": "E"}, {"1": "S"}, {"1": "S"}, {"1": "S"}, {"1": "S"}, {"161": "E"}, {"161": "E"}, {"161": "E"}, {"161": "E"}, {"161": "E"}, {"161": "N"}, {"161": "N"}, {"161": "E"}, {"161": "E"}, {"161": "E"}, {"161": "E"}, {"161": "E"}, {"161": "E"}, {"161": "E"}, {"161": "E"}, {"161": "E"}, {"161": "E"}, {"161": "E"}, {"161": "E"}, {"161": "E"}, {"161": "E"}, {"161": "E"}, {"161": "E"}, {"161": "E"}, {"161": "E"}, {"161": "N"}, {"161": "E"}, {"161": "E"}, {"161": "E"}, {"161": "E"}, {"161": "E"}, {"161": "E"}, {"161": "E"}, {"161": "E"}, {"161": "E"}, {"161": "S"}, {"161": "S"}, {"161": "S"}, {"161": "S"}, {"161": "W"}, {"161": "S"}, {"161": "S"}, {"161": "S"}, {"161": "S"}, {"161": "S"}, {"161": "S"}, {"161": "S"}, {"161": "W"}, {"161": "S"}, {"161": "W"}, {"114": "E"}, {"114": "E"}, {"114": "E"}, {"114": "E"}, {"114": "E"}, {"114": "N"}, {"114": "N"}, {"114": "N"}, {"114": "N"}, {"114": "N"}, {"114": "E"}, {"114": "E"}, {"114": "E"}, {"114": "E"}, {"114": "E"}, {"114": "E"}, {"114": "E"}, {"114": "E"}, {"114": "E"}, {"114": "E"}, {"114": "E"}, {"114": "E"}, {"114": "E"}, {"114": "E"}, {"114": "S"}, {"111": "N"}, {"111": "W"}, {"111": "W"}, {"111": "W"}, {"111": "W"}, {"111": "W"}, {"111": "W"}, {"111": "W"}, {"111": "W"}, {"111": "W"}, {"111": "W"}, {"111": "W"}, {"111": "W"}, {"111": "W"}, {"111": "W"}, {"111": "W"}, {"111": "N"}, {"111": "N"}, {"111": "N"}, {"111": "N"}, {"111": "N"}, {"111": "N"}, {"111": "N"}, {"111": "N"}, {"111": "N"}, {"111": "N"}, {"111": "N"}, {"111": "N"}, {"111": "N"}, {"111": "N"}, {"111": "N"}, {"111": "N"}, {"111": "N"}, {"111": "N"}, {"111": "N"}, {"111": "N"}, {"111": "N"}, {"111": "N"}, {"111": "N"}, {"111": "N"}, {"111": "E"}, {"111": "E"}, {"111": "E"}, {"111": "N"}, {"111": "N"}, {"111": "N"}, {"111": "N"}, {"111": "N"}, {"111": "N"}, {"111": "E"}, {"111": "E"}, {"111": "E"}, {"111": "E"}, {"111": "E"}, {"111": "E"}, {"111": "E"}, {"111": "E"}, {"111": "S"}, {"111": "S"}, {"111": "S"}, {"111": "S"}, {"111": "S"}, {"111": "S"}, {"111": "S"}, {"87": "E"}, {"87": "S"}, {"87": "S"}, {"87": "S"}, {"87": "S"}, {"87": "S"}, {"87": "S"}, {"87": "W"}, {"87": "W"}, {"87": "W"}, {"87": "W"}, {"87": "S"}, {"87": "S"}, {"87": "S"}, {"87": "S"}, {"87": "S"}, {"87": "S"}, {"87": "S"}, {"75": "E"}, {"75": "S"}, {"75": "S"}, {"75": "S"}, {"75": "S"}, {"75": "S"}, {"75": "E"}, {"75": "E"}, {"75": "E"}, {"75": "E"}, {"75": "E"}, {"75": "S"}, {"75": "S"}, {"75": "S"}, {"75": "S"}, {"48": "E"}, {"48": "S"}, {"48": "S"}, {"48": "S"}, {"48": "S"}, {"48": "S"}, {"48": "S"}, {"48": "S"}, {"156": "E"}, {"156": "S"}, {"156": "E"}, {"156": "E"}, {"156": "S"}, {"156": "S"}, {"156": "S"}, {"156": "S"}, {"156": "S"}, {"156": "S"}, {"61": "W"}, {"61": "S"}, {"61": "S"}, {"61": "E"}, {"61": "E"}, {"61": "E"}, {"61": "E"}, {"61": "E"}, {"61": "E"}, {"61": "E"}, {"61": "E"}, {"61": "S"}, {"61": "S"}, {"61": "S"}, {"49": "E"}, {"49": "E"}, {"49": "S"}, {"49": "S"}, {"49": "S"}, {"49": "S"}, {"49": "S"}, {"49": "S"}, {"49": "E"}, {"49": "E"}, {"49": "E"}, {"49": "S"}, {"49": "S"}, {"148": "W"}, {"148": "S"}, {"148": "S"}, {"148": "S"}, {"148": "S"}, {"148": "S"}, {"148": "S"}, {"148": "W"}, {"148": "W"}, {"148": "W"}, {"148": "W"}, {"148": "W"}, {"148": "W"}, {"148": "S"}, {"148": "S"}, {"148": "S"}, {"148": "S"}, {"148": "S"}, {"148": "S"}, {"148": "S"}, {"84": "S"}, {"84": "S"}, {"84": "E"}, {"84": "E"}, {"84": "E"}, {"84": "E"}, {"84": "E"}, {"84": "E"}, {"84": "E"}, {"84": "E"}, {"84": "E"}, {"84": "E"}, {"84": "S"}, {"84": "S"}, {"84": "E"}, {"84": "E"}, {"84": "E"}, {"84": "E"}, {"84": "E"}, {"84": "E"}, {"84": "E"}, {"84": "E"}, {"84": "E"}, {"84": "S"}, {"84": "S"}, {"84": "S"}, {"84": "S"}, {"84": "S"}, {"84": "S"}, {"84": "E"}, {"84": "S"}, {"84": "S"}, {"84": "E"}, {"84": "E"}, {"84": "E"}, {"84": "E"}, {"84": "E"}, {"84": "E"}, {"84": "E"}, {"84": "E"}, {"84": "E"}, {"84": "E"}, {"84": "E"}, {"84": "N"}, {"84": "N"}, {"84": "N"}, {"84": "N"}, {"84": "N"}, {"84": "N"}, {"84": "N"}, {"84": "N"}, {"84": "N"}, {"84": "N"}, {"84": "N"}, {"84": "N"}, {"84": "N"}, {"84": "N"}, {"84": "N"}, {"84": "N"}, {"60": "E"}, {"60": "E"}, {"60": "N"}, {"60": "N"}, {"60": "N"}, {"60": "N"}, {"60": "N"}, {"60": "N"}, {"60": "E"}, {"60": "E"}, {"60": "E"}, {"60": "N"}, {"60": "N"}, {"60": "N"}, {"60": "N"}, {"60": "N"}, {"60": "N"}, {"60": "E"}, {"60": "E"}, {"60": "E"}, {"60": "E"}, {"60": "E"}, {"60": "E"}, {"60": "E"}, {"60": "E"}, {"60": "E"}, {"60": "E"}, {"60": "E"}, {"60": "E"}, {"60": "E"}, {"60": "E"}, {"60": "E"}, {"60": "E"}, {"60": "E"}, {"60": "E"}, {"60": "N"}, {"60": "E"}, {"60": "E"}, {"60": "E"}, {"60": "E"}, {"60": "E"}, {"60": "E"}, {"60": "E"}, {"60": "E"}, {"60": "E"}, {"60": "S"}, {"60": "S"}, {"60": "S"}, {"60": "S"}, {"60": "W"}, {"60": "S"}, {"60": "S"}, {"60": "S"}, {"60": "S"}, {"60": "S"}, {"60": "S"}, {"60": "S"}, {"60": "S"}, {"60": "S"}, {"60": "S"}, {"60": "S"}, {"60": "S"}, {"27": "W"}, {"27": "S"}, {"27": "S"}, {"27": "W"}, {"27": "S"}, {"27": "S"}, {"27": "S"}, {"27": "S"}, {"27": "S"}, {"128": "S"}, {"128": "W"}, {"128": "W"}, {"128": "W"}, {"128": "W"}, {"128": "W"}, {"128": "S"}, {"128": "S"}, {"128": "S"}, {"128": "S"}, {"128": "S"}, {"128": "S"}, {"43": "W"}, {"43": "W"}, {"43": "W"}, {"43": "W"}, {"43": "W"}, {"43": "W"}, {"43": "W"}, {"43": "W"}, {"43": "W"}, {"43": "W"}, {"43": "W"}, {"43": "W"}, {"43": "W"}, {"43": "W"}, {"43": "N"}, {"43": "N"}, {"43": "N"}, {"43": "N"}, {"43": "N"}, {"43": "N"}, {"43": "N"}, {"43": "N"}, {"43": "N"}, {"43": "N"}, {"43": "N"}, {"43": "N"}, {"43": "N"}, {"43": "N"}, {"43": "N"}, {"43": "N"}, {"43": "N"}, {"43": "N"}, {"43": "N"}, {"43": "N"}, {"43": "N"}, {"43": "N"}, {"43": "N"}, {"43": "N"}, {"43": "N"}, {"43": "N"}, {"43": "N"}, {"43": "E"}, {"43": "E"}, {"43": "E"}, {"43": "N"}, {"43": "N"}, {"43": "N"}, {"43": "N"}, {"43": "N"}, {"43": "N"}, {"43": "E"}, {"43": "E"}, {"43": "E"}, {"43": "E"}, {"43": "E"}, {"43": "E"}, {"43": "E"}, {"43": "E"}, {"43": "E"}, {"43": "E"}, {"43": "E"}, {"43": "S"}, {"35": "N"}, {"35": "E"}, {"35": "E"}, {"35": "E"}, {"35": "E"}, {"35": "E"}, {"35": "E"}, {"35": "E"}, {"35": "S"}, {"35": "S"}, {"35": "E"}, {"35": "E"}, {"35": "S"}, {"35": "S"}, {"35": "S"}, {"35": "E"}, {"35": "E"}, {"35": "E"}, {"35": "E"}, {"35": "E"}, {"35": "E"}, {"35": "E"}, {"35": "E"}, {"35": "E"}, {"35": "S"}, {"35": "S"}, {"35": "S"}, {"35": "S"}, {"35": "S"}, {"35": "S"}, {"35": "E"}, {"35": "S"}, {"35": "S"}, {"35": "E"}, {"35": "E"}, {"35": "E"}, {"35": "E"}, {"35": "E"}, {"35": "E"}, {"35": "E"}, {"35": "E"}, {"35": "E"}, {"35": "E"}, {"35": "E"}, {"35": "E"}, {"35": "E"}, {"35": "N"}, {"35": "N"}, {"35": "N"}, {"35": "N"}, {"35": "N"}, {"35": "N"}, {"35": "N"}, {"35": "N"}, {"35": "N"}, {"35": "N"}, {"35": "N"}, {"35": "N"}, {"35": "N"}, {"160": "E"}, {"160": "E"}, {"160": "E"}, {"160": "E"}, {"160": "E"}, {"160": "E"}, {"160": "S"}, {"160": "S"}, {"160": "S"}, {"160": "E"}, {"160": "E"}, {"160": "S"}, {"160": "S"}, {"160": "S"}, {"160": "E"}, {"160": "E"}, {"160": "E"}, {"160": "E"}, {"160": "E"}, {"160": "E"}, {"160": "E"}, {"160": "E"}, {"160": "E"}, {"160": "S"}, {"160": "S"}, {"160": "S"}, {"160": "S"}, {"160": "S"}, {"160": "S"}, {"160": "E"}, {"160": "S"}, {"160": "S"}, {"160": "E"}, {"160": "E"}, {"160": "E"}, {"160": "E"}, {"160": "E"}, {"160": "E"}, {"160": "E"}, {"160": "E"}, {"160": "E"}, {"160": "E"}, {"160": "E"}, {"160": "E"}, {"160": "N"}, {"160": "N"}, {"160": "N"}, {"160": "N"}, {"160": "N"}, {"160": "N"}, {"160": "N"}, {"160": "N"}, {"160": "N"}, {"160": "N"}, {"160": "N"}, {"160": "N"}, {"160": "N"}, {"137": "W"}, {"137": "S"}, {"137": "S"}, {"137": "S"}, {"137": "E"}, {"137": "E"}, {"137": "S"}, {"137": "S"}, {"137": "S"}, {"81": "W"}, {"81": "S"}, {"81": "S"}, {"81": "E"}, {"81": "E"}, {"81": "E"}, {"81": "S"}, {"81": "S"}, {"136": "E"}, {"136": "E"}, {"136": "E"}, {"136": "E"}, {"136": "E"}, {"136": "E"}, {"136": "S"}, {"136": "E"}, {"136": "E"}, {"136": "S"}, {"136": "S"}, {"136": "S"}, {"136": "E"}, {"136": "E"}, {"136": "E"}, {"136": "E"}, {"136": "E"}, {"136": "E"}, {"136": "E"}, {"136": "E"}, {"136": "E"}, {"136": "S"}, {"136": "S"}, {"136": "S"}, {"136": "S"}, {"136": "S"}, {"136": "S"}, {"136": "E"}, {"136": "S"}, {"136": "S"}, {"136": "E"}, {"136": "E"}, {"136": "E"}, {"136": "E"}, {"136": "E"}, {"136": "E"}, {"136": "E"}, {"136": "E"}, {"136": "E"}, {"136": "E"}, {"136": "E"}, {"136": "E"}, {"136": "E"}, {"136": "N"}, {"136": "N"}, {"136": "N"}, {"136": "N"}, {"136": "N"}, {"136": "N"}, {"136": "N"}, {"136": "N"}, {"136": "N"}, {"136": "N"}, {"136": "N"}, {"101": "W"}, {"101": "S"}, {"101": "S"}, {"101": "S"}, {"101": "S"}, {"101": "S"}, {"101": "W"}, {"101": "W"}, {"101": "S"}, {"101": "S"}, {"101": "S"}, {"62": "W"}, {"62": "S"}, {"62": "S"}, {"62": "S"}, {"62": "S"}, {"62": "S"}, {"62": "E"}, {"62": "E"}, {"62": "E"}, {"62": "E"}, {"62": "E"}, {"62": "E"}, {"62": "S"}, {"45": "E"}, {"45": "S"}, {"45": "S"}, {"45": "W"}, {"45": "W"}, {"45": "W"}, {"45": "W"}, {"45": "S"}, {"45": "S"}, {"45": "S"}, {"45": "S"}, {"45": "S"}, {"117": "S"}, {"117": "S"}, {"117": "S"}, {"83": "S"}, {"83": "E"}, {"83": "E"}, {"83": "E"}, {"83": "E"}, {"83": "E"}, {"83": "E"}, {"83": "E"}, {"83": "E"}, {"83": "E"}, {"83": "E"}, {"83": "E"}, {"83": "E"}, {"83": "E"}, {"83": "E"}, {"83": "E"}, {"83": "E"}, {"83": "E"}, {"83": "E"}, {"83": "S"}, {"83": "S"}, {"83": "S"}, {"83": "S"}, {"83": "S"}, {"83": "E"}, {"83": "S"}, {"83": "S"}, {"83": "E"}, {"83": "E"}, {"83": "E"}, {"83": "E"}, {"83": "E"}, {"83": "E"}, {"83": "E"}, {"83": "E"}, {"83": "E"}, {"83": "E"}, {"83": "E"}, {"83": "E"}, {"83": "E"}, {"83": "N"}, {"83": "N"}, {"83": "N"}, {"83": "N"}, {"83": "N"}, {"83": "N"}, {"83": "N"}, {"83": "N"}, {"83": "N"}, {"83": "N"}, {"74": "E"}, {"74": "E"}, {"74": "E"}, {"74": "E"}, {"74": "E"}, {"74": "E"}, {"74": "E"}, {"74": "E"}, {"74": "S"}, {"74": "E"}, {"74": "E"}, {"74": "E"}, {"74": "E"}, {"74": "E"}, {"74": "E"}, {"74": "E"}, {"74": "E"}, {"74": "E"}, {"74": "S"}, {"74": "S"}, {"74": "S"}, {"74": "S"}, {"74": "S"}, {"74": "S"}, {"74": "E"}, {"74": "S"}, {"74": "S"}, {"74": "E"}, {"74": "E"}, {"74": "E"}, {"74": "E"}, {"74": "E"}, {"74": "E"}, {"74": "E"}, {"74": "E"}, {"74": "E"}, {"74": "E"}, {"74": "E"}, {"74": "E"}, {"74": "N"}, {"74": "N"}, {"74": "N"}, {"74": "N"}, {"74": "N"}, {"74": "N"}, {"74": "N"}, {"74": "N"}, {"74": "N"}, {"74": "N"}, {"74": "N"}, {"25": "W"}, {"25": "S"}, {"25": "S"}, {"25": "S"}, {"25": "S"}, {"25": "S"}, {"25": "S"}, {"25": "W"}, {"25": "W"}, {"25": "W"}, {"25": "W"}, {"25": "W"}, {"25": "S"}, {"25": "S"}, {"25": "S"}, {"25": "S"}, {"25": "S"}, {"159": "S"}, {"159": "E"}, {"159": "E"}, {"159": "E"}, {"159": "E"}, {"159": "E"}, {"159": "E"}, {"159": "E"}, {"159": "E"}, {"159": "E"}, {"159": "E"}, {"159": "E"}, {"159": "E"}, {"159": "E"}, {"159": "E"}, {"159": "E"}, {"159": "E"}, {"159": "E"}, {"159": "E"}, {"159": "E"}, {"159": "E"}, {"159": "S"}, {"159": "S"}, {"159": "S"}, {"159": "S"}, {"159": "S"}, {"159": "E"}, {"159": "S"}, {"159": "S"}, {"159": "E"}, {"159": "E"}, {"159": "E"}, {"159": "E"}, {"159": "E"}, {"159": "E"}, {"159": "E"}, {"159": "E"}, {"159": "E"}, {"159": "E"}, {"159": "E"}, {"159": "E"}, {"159": "N"}, {"159": "N"}, {"159": "N"}, {"159": "N"}, {"159": "N"}, {"159": "N"}, {"159": "N"}, {"159": "N"}, {"159": "N"}, {"109": "E"}, {"109": "E"}, {"109": "E"}, {"109": "E"}, {"109": "E"}, {"109": "E"}, {"109": "E"}, {"109": "E"}, {"109": "S"}, {"109": "S"}, {"109": "S"}, {"109": "E"}, {"109": "E"}, {"109": "E"}, {"109": "E"}, {"109": "E"}, {"109": "E"}, {"109": "E"}, {"109": "E"}, {"109": "E"}, {"109": "S"}, {"109": "S"}, {"109": "S"}, {"109": "S"}, {"109": "S"}, {"109": "S"}, {"109": "E"}, {"109": "S"}, {"109": "S"}, {"109": "E"}, {"109": "E"}, {"109": "E"}, {"109": "E"}, {"109": "E"}, {"109": "E"}, {"109": "E"}, {"109": "E"}, {"109": "E"}, {"109": "N"}, {"109": "N"}, {"109": "N"}, {"109": "N"}, {"109": "N"}, {"109": "N"}, {"109": "N"}, {"109": "N"}, {"109": "N"}, {"109": "N"}, {"109": "N"}, {"109": "N"}, {"97": "S"}, {"97": "E"}, {"97": "E"}, {"97": "E"}, {"97": "E"}, {"97": "E"}, {"97": "E"}, {"97": "E"}, {"97": "E"}, {"97": "E"}, {"97": "E"}, {"97": "E"}, {"97": "E"}, {"97": "E"}, {"97": "E"}, {"97": "E"}, {"97": "E"}, {"97": "E"}, {"97": "E"}, {"97": "E"}, {"97": "E"}, {"97": "E"}, {"97": "E"}, {"97": "S"}, {"97": "S"}, {"97": "S"}, {"97": "S"}, {"97": "S"}, {"97": "E"}, {"97": "S"}, {"97": "S"}, {"97": "E"}, {"97": "E"}, {"97": "E"}, {"97": "E"}, {"97": "E"}, {"97": "E"}, {"97": "E"}, {"97": "E"}, {"97": "E"}, {"97": "E"}, {"97": "E"}, {"97": "E"}, {"97": "E"}, {"97": "N"}, {"97": "N"}, {"97": "N"}, {"97": "N"}, {"97": "N"}, {"97": "N"}, {"97": "N"}, {"97": "N"}, {"7": "S"}, {"7": "E"}, {"7": "E"}, {"7": "E"}, {"7": "E"}, {"7": "E"}, {"7": "E"}, {"7": "E"}, {"7": "S"}, {"7": "S"}, {"7": "E"}, {"7": "E"}, {"7": "S"}, {"7": "S"}, {"7": "S"}, {"7": "E"}, {"7": "E"}, {"7": "E"}, {"7": "E"}, {"7": "E"}, {"7": "E"}, {"7": "E"}, {"7": "E"}, {"7": "E"}, {"7": "S"}, {"7": "S"}, {"7": "S"}, {"7": "S"}, {"7": "S"}, {"7": "S"}, {"7": "E"}, {"7": "S"}, {"7": "S"}, {"7": "E"}, {"7": "E"}, {"7": "E"}, {"7": "E"}, {"7": "E"}, {"7": "E"}, {"7": "E"}, {"7": "E"}, {"7": "N"}, {"7": "N"}, {"7": "N"}, {"7": "N"}, {"7": "N"}, {"7": "N"}, {"7": "N"}, {"7": "N"}, {"7": "N"}, {"7": "N"}, {"7": "N"}, {"7": "N"}, {"7": "N"}, {"59": "N"}, {"59": "E"}, {"59": "E"}, {"59": "E"}, {"59": "E"}, {"59": "E"}, {"59": "E"}, {"59": "E"}, {"59": "E"}, {"59": "E"}, {"59": "E"}, {"59": "E"}, {"59": "E"}, {"59": "E"}, {"59": "E"}, {"59": "E"}, {"59": "E"}, {"59": "E"}, {"59": "E"}, {"59": "E"}, {"59": "S"}, {"59": "S"}, {"59": "S"}, {"59": "S"}, {"59": "S"}, {"59": "E"}, {"59": "S"}, {"59": "S"}, {"59": "E"}, {"59": "E"}, {"59": "E"}, {"59": "E"}, {"59": "E"}, {"59": "E"}, {"59": "E"}, {"59": "E"}, {"59": "E"}, {"59": "E"}, {"59": "E"}, {"59": "E"}, {"59": "E"}, {"59": "N"}, {"59": "N"}, {"59": "N"}, {"59": "N"}, {"59": "N"}, {"59": "N"}, {"59": "N"}, {"34": "E"}, {"34": "E"}, {"34": "E"}, {"34": "E"}, {"34": "E"}, {"34": "S"}, {"34": "S"}, {"34": "S"}, {"34": "E"}, {"34": "E"}, {"34": "E"}, {"34": "E"}, {"34": "S"}, {"34": "E"}, {"34": "E"}, {"34": "E"}, {"34": "E"}, {"34": "E"}, {"34": "E"}, {"34": "E"}, {"34": "E"}, {"34": "E"}, {"34": "E"}, {"34": "E"}, {"34": "E"}, {"34": "E"}, {"34": "E"}, {"34": "E"}, {"34": "E"}, {"34": "E"}, {"34": "E"}, {"34": "N"}, {"34": "N"}, {"34": "N"}, {"34": "N"}, {"34": "N"}, {"34": "N"}, {"34": "N"}, {"34": "N"}, {"34": "N"}, {"34": "N"}, {"34": "N"}, {"34": "N"}, {"8": "S"}, {"8": "E"}, {"8": "E"}, {"8": "E"}, {"8": "E"}, {"8": "E"}, {"8": "E"}, {"8": "E"}, {"8": "E"}, {"8": "E"}, {"8": "E"}, {"8": "E"}, {"8": "E"}, {"8": "E"}, {"8": "E"}, {"8": "E"}, {"8": "E"}, {"8": "E"}, {"8": "E"}, {"8": "E"}, {"8": "E"}, {"8": "E"}, {"8": "E"}, {"8": "E"}, {"8": "E"}, {"8": "E"}, {"8": "E"}, {"8": "E"}, {"8": "E"}, {"8": "S"}, {"8": "S"}, {"8": "S"}, {"8": "S"}, {"8": "W"}, {"8": "S"}, {"8": "S"}, {"8": "S"}, {"8": "S"}, {"8": "S"}, {"8": "S"}, {"8": "S"}, {"8": "W"}, {"8": "S"}, {"8": "S"}, {"8": "S"}, {"8": "S"}, {"8": "W"}, {"8": "S"}, {"8": "S"}, {"8": "W"}, {"8": "S"}, {"8": "S"}, {"8": "S"}, {"8": "W"}, {"8": "W"}, {"8": "N"}, {"8": "N"}, {"157": "E"}, {"157": "E"}, {"157": "S"}, {"157": "S"}, {"157": "S"}, {"157": "S"}, {"157": "S"}, {"157": "S"}, {"157": "E"}, {"157": "E"}, {"157": "E"}, {"157": "E"}, {"157": "S"}, {"157": "S"}, {"157": "S"}, {"157": "S"}, {"157": "E"}, {"157": "E"}, {"157": "S"}, {"157": "S"}, {"157": "S"}, {"157": "E"}, {"157": "E"}, {"157": "E"}, {"157": "E"}, {"157": "E"}, {"157": "E"}, {"157": "E"}, {"157": "E"}, {"157": "E"}, {"157": "S"}, {"157": "S"}, {"157": "S"}, {"157": "S"}, {"157": "S"}, {"157": "S"}, {"157": "E"}, {"157": "S"}, {"157": "S"}, {"157": "E"}, {"157": "E"}, {"157": "E"}, {"157": "E"}, {"157": "E"}, {"157": "E"}, {"157": "E"}, {"157": "E"}, {"157": "E"}, {"157": "E"}, {"157": "N"}, {"157": "N"}, {"157": "N"}, {"157": "N"}, {"157": "N"}, {"157": "N"}, {"157": "N"}, {"157": "N"}, {"157": "N"}, {"145": "S"}, {"145": "E"}, {"145": "E"}, {"145": "E"}, {"145": "E"}, {"145": "E"}, {"145": "E"}, {"145": "S"}, {"145": "S"}, {"145": "S"}, {"145": "S"}, {"145": "E"}, {"145": "E"}, {"145": "E"}, {"145": "E"}, {"145": "S"}, {"145": "E"}, {"145": "E"}, {"145": "E"}, {"145": "E"}, {"145": "E"}, {"145": "E"}, {"145": "E"}, {"145": "E"}, {"145": "E"}, {"145": "E"}, {"145": "E"}, {"145": "E"}, {"145": "E"}, {"145": "E"}, {"145": "E"}, {"145": "E"}, {"145": "E"}, {"145": "N"}, {"145": "N"}, {"145": "N"}, {"145": "N"}, {"145": "N"}, {"145": "N"}, {"145": "N"}, {"145": "N"}, {"145": "N"}, {"145": "N"}, {"145": "N"}, {"145": "N"}, {"122": "S"}, {"122": "E"}, {"122": "E"}, {"122": "E"}, {"122": "E"}, {"122": "E"}, {"122": "E"}, {"122": "E"}, {"122": "E"}, {"122": "E"}, {"122": "E"}, {"122": "E"}, {"122": "E"}, {"122": "E"}, {"122": "E"}, {"122": "E"}, {"122": "E"}, {"122": "E"}, {"122": "E"}, {"122": "E"}, {"122": "E"}, {"122": "E"}, {"122": "S"}, {"122": "S"}, {"122": "S"}, {"122": "S"}, {"122": "S"}, {"122": "E"}, {"122": "S"}, {"122": "S"}, {"122": "E"}, {"122": "E"}, {"122": "E"}, {"122": "E"}, {"122": "E"}, {"122": "E"}, {"122": "E"}, {"122": "E"}, {"122": "E"}, {"122": "E"}, {"122": "E"}, {"122": "N"}, {"122": "N"}, {"122": "N"}, {"122": "N"}, {"122": "N"}, {"122": "N"}, {"122": "N"}, {"122": "N"}, {"21": "S"}, {"21": "E"}, {"21": "E"}, {"21": "E"}, {"21": "E"}, {"21": "E"}, {"21": "E"}, {"21": "E"}, {"21": "E"}, {"21": "E"}, {"21": "E"}, {"21": "E"}, {"21": "E"}, {"21": "E"}, {"21": "E"}, {"21": "E"}, {"21": "E"}, {"21": "E"}, {"21": "E"}, {"21": "E"}, {"21": "S"}, {"21": "S"}, {"21": "S"}, {"21": "S"}, {"21": "S"}, {"21": "E"}, {"21": "S"}, {"21": "S"}, {"21": "E"}, {"21": "E"}, {"21": "E"}, {"21": "E"}, {"21": "E"}, {"21": "E"}, {"21": "E"}, {"21": "E"}, {"21": "E"}, {"21": "N"}, {"21": "N"}, {"21": "N"}, {"21": "N"}, {"21": "N"}, {"21": "N"}, {"21": "N"}, {"21": "N"}, {"21": "N"}, {"21": "N"}, {"135": "E"}, {"135": "E"}, {"135": "E"}, {"135": "E"}, {"135": "E"}, {"135": "E"}, {"135": "E"}, {"135": "E"}, {"135": "E"}, {"135": "E"}, {"135": "E"}, {"135": "E"}, {"135": "E"}, {"135": "E"}, {"135": "E"}, {"135": "E"}, {"135": "E"}, {"135": "S"}, {"135": "S"}, {"135": "S"}, {"135": "S"}, {"135": "S"}, {"135": "S"}, {"135": "E"}, {"135": "S"}, {"135": "S"}, {"135": "E"}, {"135": "E"}, {"135": "E"}, {"135": "E"}, {"135": "E"}, {"135": "E"}, {"135": "E"}, {"135": "E"}, {"135": "E"}, {"135": "E"}, {"135": "N"}, {"135": "N"}, {"135": "N"}, {"135": "N"}, {"135": "N"}, {"135": "N"}, {"135": "N"}, {"135": "N"}, {"102": "N"}, {"102": "E"}, {"102": "E"}, {"102": "E"}, {"102": "S"}, {"102": "S"}, {"102": "S"}, {"102": "S"}, {"102": "S"}, {"102": "S"}, {"102": "S"}, {"102": "S"}, {"102": "S"}, {"102": "S"}, {"102": "E"}, {"102": "E"}, {"102": "E"}, {"102": "E"}, {"102": "S"}, {"102": "S"}, {"102": "S"}, {"102": "S"}, {"102": "E"}, {"102": "E"}, {"102": "S"}, {"102": "S"}, {"102": "S"}, {"102": "E"}, {"102": "E"}, {"102": "E"}, {"102": "E"}, {"102": "E"}, {"102": "E"}, {"102": "E"}, {"102": "E"}, {"102": "E"}, {"102": "S"}, {"102": "S"}, {"102": "S"}, {"102": "S"}, {"102": "S"}, {"102": "S"}, {"102": "E"}, {"102": "S"}, {"102": "S"}, {"102": "E"}, {"102": "E"}, {"102": "E"}, {"102": "E"}, {"102": "E"}, {"102": "E"}, {"102": "E"}, {"102": "E"}, {"102": "E"}, {"102": "E"}, {"102": "E"}, {"102": "E"}, {"102": "N"}, {"102": "N"}, {"102": "N"}, {"102": "N"}, {"102": "N"}, {"102": "N"}, {"47": "E"}, {"47": "E"}, {"47": "E"}, {"47": "E"}, {"47": "E"}, {"47": "N"}, {"47": "E"}, {"47": "E"}, {"47": "E"}, {"47": "E"}, {"47": "E"}, {"47": "E"}, {"47": "E"}, {"47": "E"}, {"47": "E"}, {"47": "E"}, {"47": "E"}, {"47": "E"}, {"47": "S"}, {"47": "S"}, {"47": "S"}, {"47": "S"}, {"47": "S"}, {"47": "E"}, {"47": "S"}, {"47": "S"}, {"47": "E"}, {"47": "E"}, {"47": "E"}, {"47": "E"}, {"47": "E"}, {"47": "E"}, {"47": "E"}, {"47": "E"}, {"47": "N"}, {"47": "N"}, {"47": "N"}, {"47": "N"}, {"47": "N"}, {"47": "N"}, {"47": "N"}, {"47": "N"}, {"47": "N"}, {"47": "N"}, {"154": "E"}, {"154": "E"}, {"154": "E"}, {"154": "E"}, {"154": "E"}, {"154": "E"}, {"154": "E"}, {"154": "E"}, {"154": "E"}, {"154": "E"}, {"154": "N"}, {"154": "N"}, {"154": "E"}, {"154": "E"}, {"154": "E"}, {"154": "E"}, {"154": "E"}, {"154": "E"}, {"154": "E"}, {"154": "E"}, {"154": "E"}, {"154": "E"}, {"154": "E"}, {"154": "E"}, {"154": "E"}, {"154": "E"}, {"154": "E"}, {"154": "E"}, {"154": "N"}, {"154": "N"}, {"154": "N"}, {"154": "N"}, {"154": "N"}, {"82": "N"}, {"82": "E"}, {"82": "E"}, {"82": "E"}, {"82": "S"}, {"82": "S"}, {"82": "S"}, {"82": "S"}, {"82": "S"}, {"82": "S"}, {"82": "S"}, {"82": "S"}, {"82": "S"}, {"82": "S"}, {"82": "S"}, {"82": "S"}, {"82": "S"}, {"82": "E"}, {"82": "E"}, {"82": "E"}, {"82": "E"}, {"82": "S"}, {"82": "S"}, {"82": "S"}, {"82": "S"}, {"82": "E"}, {"82": "E"}, {"82": "S"}, {"82": "S"}, {"82": "S"}, {"82": "E"}, {"82": "E"}, {"82": "E"}, {"82": "E"}, {"82": "E"}, {"82": "E"}, {"82": "E"}, {"82": "E"}, {"82": "E"}, {"82": "S"}, {"82": "S"}, {"82": "S"}, {"82": "S"}, {"82": "S"}, {"82": "S"}, {"82": "E"}, {"82": "S"}, {"82": "S"}, {"82": "E"}, {"82": "E"}, {"82": "E"}, {"82": "E"}, {"82": "E"}, {"82": "E"}, {"82": "N"}, {"82": "N"}, {"82": "N"}, {"82": "N"}, {"82": "N"}, {"82": "N"}, {"82": "N"}, {"82": "N"}, {"82": "N"}, {"82": "N"}, {"82": "N"}, {"46": "E"}, {"46": "S"}, {"46": "S"}, {"46": "S"}, {"46": "E"}, {"46": "E"}, {"46": "E"}, {"46": "E"}, {"46": "E"}, {"46": "E"}, {"46": "E"}, {"46": "E"}, {"46": "E"}, {"46": "E"}, {"46": "E"}, {"46": "E"}, {"46": "E"}, {"46": "E"}, {"46": "E"}, {"46": "E"}, {"46": "E"}, {"46": "E"}, {"46": "E"}, {"46": "E"}, {"46": "E"}, {"46": "E"}, {"46": "E"}, {"46": "S"}, {"46": "S"}, {"46": "S"}, {"46": "S"}, {"46": "S"}, {"46": "S"}, {"46": "S"}, {"46": "S"}, {"46": "S"}, {"46": "S"}, {"46": "S"}, {"46": "S"}, {"46": "S"}, {"46": "S"}, {"46": "S"}, {"46": "S"}, {"46": "S"}, {"46": "S"}, {"46": "S"}, {"46": "S"}, {"46": "S"}, {"46": "S"}, {"46": "S"}, {"46": "S"}, {"46": "W"}, {"46": "S"}, {"46": "W"}, {"46": "W"}, {"46": "W"}, {"46": "W"}, {"46": "W"}, {"46": "N"}, {"46": "N"}, {"46": "N"}, {"46": "N"}, {"118": "S"}, {"118": "S"}, {"118": "E"}, {"118": "E"}, {"118": "E"}, {"118": "E"}, {"118": "S"}, {"118": "S"}, {"118": "S"}, {"118": "S"}, {"118": "S"}, {"118": "S"}, {"118": "S"}, {"118": "E"}, {"118": "E"}, {"118": "E"}, {"118": "E"}, {"118": "S"}, {"118": "S"}, {"118": "S"}, {"118": "S"}, {"118": "E"}, {"118": "E"}, {"118": "S"}, {"118": "S"}, {"118": "S"}, {"118": "E"}, {"118": "E"}, {"118": "E"}, {"118": "E"}, {"118": "E"}, {"118": "E"}, {"118": "E"}, {"118": "E"}, {"118": "E"}, {"118": "S"}, {"118": "S"}, {"118": "S"}, {"118": "S"}, {"118": "S"}, {"118": "S"}, {"118": "E"}, {"118": "S"}, {"118": "S"}, {"118": "E"}, {"118": "E"}, {"118": "E"}, {"118": "E"}, {"118": "E"}, {"118": "E"}, {"118": "E"}, {"118": "E"}, {"118": "E"}, {"118": "E"}, {"118": "E"}, {"118": "N"}, {"118": "N"}, {"118": "N"}, {"118": "N"}, {"118": "N"}, {"2": "S"}, {"2": "E"}, {"2": "E"}, {"2": "E"}, {"2": "E"}, {"2": "E"}, {"2": "E"}, {"2": "E"}, {"2": "E"}, {"2": "E"}, {"2": "S"}, {"2": "S"}, {"2": "E"}, {"2": "E"}, {"2": "E"}, {"2": "E"}, {"2": "E"}, {"2": "E"}, {"2": "E"}, {"2": "E"}, {"2": "E"}, {"2": "S"}, {"2": "S"}, {"2": "S"}, {"2": "S"}, {"2": "S"}, {"2": "S"}, {"2": "E"}, {"2": "S"}, {"2": "S"}, {"2": "E"}, {"2": "E"}, {"2": "E"}, {"2": "E"}, {"2": "E"}, {"2": "E"}, {"2": "E"}, {"2": "E"}, {"2": "N"}, {"2": "N"}, {"2": "N"}, {"2": "N"}, {"2": "N"}, {"2": "N"}, {"2": "N"}, {"108": "N"}, {"108": "E"}, {"108": "E"}, {"108": "E"}, {"108": "E"}, {"108": "E"}, {"108": "E"}, {"108": "E"}, {"108": "E"}, {"108": "E"}, {"108": "E"}, {"108": "E"}, {"108": "E"}, {"108": "E"}, {"108": "E"}, {"108": "E"}, {"108": "E"}, {"108": "E"}, {"108": "E"}, {"108": "S"}, {"108": "S"}, {"108": "S"}, {"108": "S"}, {"108": "S"}, {"108": "E"}, {"108": "S"}, {"108": "S"}, {"108": "E"}, {"108": "E"}, {"108": "E"}, {"108": "E"}, {"108": "E"}, {"108": "E"}, {"108": "E"}, {"108": "E"}, {"108": "N"}, {"108": "N"}, {"108": "N"}, {"108": "N"}, {"108": "N"}, {"108": "N"}, {"15": "E"}, {"15": "E"}, {"15": "E"}, {"15": "E"}, {"15": "E"}, {"15": "S"}, {"15": "S"}, {"15": "E"}, {"15": "E"}, {"15": "E"}, {"15": "E"}, {"15": "S"}, {"15": "E"}, {"15": "E"}, {"15": "E"}, {"15": "E"}, {"15": "E"}, {"15": "E"}, {"15": "E"}, {"15": "E"}, {"15": "E"}, {"15": "E"}, {"15": "E"}, {"15": "E"}, {"15": "E"}, {"15": "E"}, {"15": "E"}, {"15": "E"}, {"15": "E"}, {"15": "E"}, {"15": "E"}, {"15": "E"}, {"15": "N"}, {"15": "N"}, {"15": "N"}, {"15": "N"}, {"125": "E"}, {"125": "E"}, {"125": "E"}, {"125": "E"}, {"125": "E"}, {"125": "E"}, {"125": "E"}, {"125": "E"}, {"125": "E"}, {"125": "E"}, {"125": "N"}, {"125": "E"}, {"125": "E"}, {"125": "E"}, {"125": "E"}, {"125": "E"}, {"125": "E"}, {"125": "E"}, {"125": "E"}, {"125": "E"}, {"125": "E"}, {"125": "E"}, {"125": "E"}, {"125": "E"}, {"125": "N"}, {"125": "N"}, {"125": "N"}, {"125": "N"}, {"95": "S"}, {"95": "S"}, {"95": "E"}, {"95": "E"}, {"95": "E"}, {"95": "E"}, {"95": "E"}, {"95": "E"}, {"95": "S"}, {"95": "E"}, {"95": "E"}, {"95": "E"}, {"95": "E"}, {"95": "S"}, {"95": "E"}, {"95": "E"}, {"95": "E"}, {"95": "E"}, {"95": "E"}, {"95": "E"}, {"95": "E"}, {"95": "E"}, {"95": "E"}, {"95": "E"}, {"95": "E"}, {"95": "E"}, {"95": "E"}, {"95": "E"}, {"95": "E"}, {"95": "E"}, {"95": "E"}, {"95": "E"}, {"95": "E"}, {"95": "E"}, {"95": "E"}, {"95": "E"}, {"95": "N"}, {"66": "E"}, {"66": "E"}, {"66": "E"}, {"66": "E"}, {"66": "E"}, {"66": "S"}, {"66": "S"}, {"66": "S"}, {"66": "S"}, {"66": "S"}, {"66": "E"}, {"66": "E"}, {"66": "E"}, {"66": "E"}, {"66": "S"}, {"66": "E"}, {"66": "E"}, {"66": "E"}, {"66": "E"}, {"66": "E"}, {"66": "E"}, {"66": "E"}, {"66": "E"}, {"66": "E"}, {"66": "E"}, {"66": "E"}, {"66": "E"}, {"66": "E"}, {"66": "E"}, {"66": "E"}, {"66": "E"}, {"66": "E"}, {"66": "E"}, {"66": "N"}, {"66": "N"}, {"66": "N"}, {"66": "N"}, {"66": "N"}, {"63": "S"}, {"63": "E"}, {"63": "E"}, {"63": "S"}, {"63": "E"}, {"63": "E"}, {"63": "E"}, {"63": "E"}, {"63": "S"}, {"63": "S"}, {"63": "S"}, {"63": "S"}, {"63": "S"}, {"63": "S"}, {"63": "S"}, {"63": "E"}, {"63": "E"}, {"63": "E"}, {"63": "E"}, {"63": "S"}, {"63": "S"}, {"63": "S"}, {"63": "S"}, {"63": "E"}, {"63": "E"}, {"63": "S"}, {"63": "S"}, {"63": "S"}, {"63": "E"}, {"63": "E"}, {"63": "E"}, {"63": "E"}, {"63": "E"}, {"63": "E"}, {"63": "E"}, {"63": "E"}, {"63": "E"}, {"63": "S"}, {"63": "S"}, {"63": "S"}, {"63": "S"}, {"63": "S"}, {"63": "S"}, {"63": "E"}, {"63": "S"}, {"63": "S"}, {"63": "E"}, {"63": "E"}, {"63": "E"}, {"63": "E"}, {"63": "E"}, {"63": "E"}, {"63": "E"}, {"63": "E"}, {"63": "N"}, {"63": "N"}, {"63": "N"}, {"63": "N"}, {"63": "N"}, {"26": "S"}, {"26": "E"}, {"26": "E"}, {"26": "E"}, {"26": "E"}, {"26": "E"}, {"26": "S"}, {"26": "S"}, {"26": "S"}, {"26": "S"}, {"26": "S"}, {"26": "S"}, {"26": "S"}, {"26": "S"}, {"26": "S"}, {"26": "S"}, {"26": "E"}, {"26": "E"}, {"26": "E"}, {"26": "E"}, {"26": "S"}, {"26": "S"}, {"26": "S"}, {"26": "S"}, {"26": "E"}, {"26": "E"}, {"26": "S"}, {"26": "S"}, {"26": "S"}, {"26": "E"}, {"26": "E"}, {"26": "E"}, {"26": "E"}, {"26": "E"}, {"26": "E"}, {"26": "E"}, {"26": "E"}, {"26": "E"}, {"26": "S"}, {"26": "S"}, {"26": "S"}, {"26": "S"}, {"26": "S"}, {"26": "S"}, {"26": "E"}, {"26": "S"}, {"26": "S"}, {"26": "E"}, {"26": "E"}, {"26": "E"}, {"26": "E"}, {"26": "E"}, {"26": "N"}, {"26": "N"}, {"26": "N"}, {"26": "N"}, {"26": "N"}, {"26": "N"}, {"26": "N"}, {"26": "N"}, {"144": "E"}, {"144": "S"}, {"144": "S"}, {"144": "S"}, {"144": "W"}, {"144": "S"}, {"144": "S"}, {"144": "S"}, {"138": "W"}, {"138": "S"}, {"138": "S"}, {"138": "W"}, {"138": "W"}, {"138": "W"}, {"138": "W"}, {"138": "S"}, {"138": "S"}, {"138": "S"}, {"138": "S"}, {"138": "S"}, {"138": "S"}, {"138": "S"}, {"138": "S"}, {"138": "S"}, {"138": "S"}, {"138": "S"}, {"138": "S"}, {"138": "S"}, {"138": "S"}, {"138": "S"}, {"138": "E"}, {"138": "E"}, {"138": "E"}, {"138": "E"}, {"138": "S"}, {"138": "S"}, {"138": "S"}, {"138": "S"}, {"138": "E"}, {"138": "E"}, {"138": "S"}, {"138": "S"}, {"138": "S"}, {"138": "E"}, {"138": "E"}, {"138": "E"}, {"138": "E"}, {"138": "E"}, {"138": "E"}, {"138": "E"}, {"138": "E"}, {"138": "E"}, {"138": "S"}, {"138": "S"}, {"138": "S"}, {"138": "S"}, {"138": "S"}, {"138": "S"}, {"138": "E"}, {"138": "S"}, {"138": "S"}, {"138": "E"}, {"138": "E"}, {"138": "E"}, {"138": "E"}, {"138": "E"}, {"138": "E"}, {"138": "N"}, {"138": "N"}, {"138": "N"}, {"138": "N"}, {"138": "N"}, {"138": "N"}, {"121": "W"}, {"121": "S"}, {"121": "W"}, {"121": "W"}, {"121": "W"}, {"121": "W"}, {"121": "W"}, {"121": "S"}, {"121": "S"}, {"121": "S"}, {"39": "N"}, {"39": "E"}, {"39": "E"}, {"39": "E"}, {"39": "E"}, {"39": "E"}, {"39": "E"}, {"39": "E"}, {"39": "E"}, {"39": "E"}, {"39": "E"}, {"39": "E"}, {"39": "E"}, {"39": "E"}, {"39": "E"}, {"39": "E"}, {"39": "E"}, {"39": "E"}, {"39": "E"}, {"39": "E"}, {"39": "E"}, {"39": "E"}, {"39": "E"}, {"39": "E"}, {"39": "E"}, {"39": "E"}, {"39": "N"}, {"32": "W"}, {"32": "S"}, {"32": "S"}, {"32": "S"}, {"32": "W"}, {"32": "W"}, {"32": "W"}, {"32": "W"}, {"32": "S"}, {"79": "S"}, {"79": "W"}, {"79": "W"}, {"79": "W"}, {"79": "W"}, {"79": "W"}, {"79": "S"}, {"79": "S"}, {"79": "S"}, {"79": "S"}, {"79": "E"}, {"79": "E"}, {"79": "S"}, {"55": "W"}, {"55": "S"}, {"55": "S"}, {"55": "S"}, {"55": "W"}, {"55": "W"}, {"55": "W"}, {"55": "W"}, {"55": "W"}, {"55": "W"}, {"55": "S"}, {"55": "S"}, {"55": "S"}, {"19": "E"}, {"19": "S"}, {"19": "S"}, {"19": "S"}, {"19": "S"}, {"19": "W"}, {"19": "W"}, {"19": "W"}, {"19": "W"}, {"19": "W"}, {"19": "W"}, {"19": "S"}, {"19": "S"}, {"19": "W"}, {"19": "S"}, {"19": "S"}, {"19": "E"}, {"19": "E"}, {"100": "W"}, {"100": "W"}, {"100": "W"}, {"100": "W"}, {"100": "S"}, {"100": "S"}, {"100": "S"}, {"100": "S"}, {"100": "S"}, {"100": "S"}, {"100": "W"}, {"100": "S"}, {"100": "S"}, {"100": "S"}, {"131": "S"}, {"131": "E"}, {"131": "E"}, {"131": "E"}, {"131": "S"}, {"131": "E"}, {"131": "S"}, {"131": "S"}, {"131": "S"}, {"131": "S"}, {"131": "S"}, {"131": "S"}, {"131": "S"}, {"131": "S"}, {"131": "S"}, {"131": "E"}, {"131": "E"}, {"131": "E"}, {"131": "E"}, {"131": "S"}, {"131": "S"}, {"131": "S"}, {"131": "S"}, {"131": "E"}, {"131": "E"}, {"131": "S"}, {"131": "S"}, {"131": "S"}, {"131": "E"}, {"131": "E"}, {"131": "E"}, {"131": "E"}, {"131": "E"}, {"131": "E"}, {"131": "E"}, {"131": "E"}, {"131": "E"}, {"131": "S"}, {"131": "S"}, {"90": "E"}, {"90": "S"}, {"90": "S"}, {"90": "S"}, {"90": "S"}, {"90": "S"}, {"90": "E"}, {"90": "S"}, {"90": "S"}, {"90": "S"}, {"90": "S"}, {"90": "S"}, {"90": "S"}, {"90": "S"}, {"90": "S"}, {"90": "S"}, {"90": "E"}, {"90": "E"}, {"90": "E"}, {"90": "E"}, {"90": "S"}, {"90": "S"}, {"90": "S"}, {"90": "S"}, {"90": "E"}, {"90": "E"}, {"90": "S"}, {"90": "S"}, {"90": "S"}, {"90": "E"}, {"90": "E"}, {"90": "E"}, {"90": "E"}, {"90": "E"}, {"90": "E"}, {"90": "E"}, {"90": "E"}, {"90": "S"}, {"90": "S"}, {"90": "S"}, {"90": "E"}, {"51": "S"}, {"51": "E"}, {"51": "E"}, {"51": "E"}, {"51": "E"}, {"51": "E"}, {"51": "S"}, {"51": "E"}, {"51": "S"}, {"51": "S"}, {"51": "S"}, {"51": "S"}, {"51": "S"}, {"51": "S"}, {"51": "S"}, {"51": "S"}, {"51": "S"}, {"51": "E"}, {"51": "E"}, {"51": "E"}, {"51": "E"}, {"51": "S"}, {"51": "S"}, {"51": "S"}, {"51": "S"}, {"51": "E"}, {"51": "E"}, {"51": "S"}, {"51": "S"}, {"51": "S"}, {"51": "E"}, {"51": "E"}, {"51": "E"}, {"51": "E"}, {"51": "E"}, {"51": "E"}, {"51": "E"}, {"51": "E"}, {"51": "E"}, {"51": "S"}, {"130": "E"}, {"130": "S"}, {"130": "S"}, {"130": "W"}, {"130": "W"}, {"130": "W"}, {"130": "W"}, {"130": "W"}, {"130": "W"}, {"130": "W"}, {"130": "W"}, {"130": "W"}, {"130": "W"}, {"130": "W"}, {"130": "W"}, {"130": "W"}, {"130": "W"}, {"130": "W"}, {"130": "W"}, {"130": "W"}, {"130": "W"}, {"130": "W"}, {"130": "W"}, {"130": "S"}, {"130": "S"}, {"130": "S"}, {"130": "S"}, {"130": "S"}, {"130": "S"}, {"130": "E"}, {"130": "S"}, {"130": "S"}, {"130": "S"}, {"130": "S"}, {"130": "S"}, {"130": "S"}, {"130": "S"}, {"130": "S"}, {"130": "S"}, {"130": "E"}, {"130": "E"}, {"130": "E"}, {"130": "E"}, {"130": "E"}, {"13": "E"}, {"13": "S"}, {"13": "S"}, {"13": "E"}, {"13": "S"}, {"13": "S"}, {"13": "S"}, {"13": "S"}, {"13": "S"}, {"13": "S"}, {"13": "S"}, {"13": "S"}, {"13": "S"}, {"13": "E"}, {"13": "E"}, {"13": "E"}, {"13": "E"}, {"13": "S"}, {"13": "S"}, {"13": "S"}, {"13": "S"}, {"13": "E"}, {"13": "E"}, {"13": "S"}, {"13": "S"}, {"13": "S"}, {"13": "E"}, {"13": "E"}, {"13": "E"}, {"13": "E"}, {"13": "E"}, {"13": "E"}, {"13": "E"}, {"13": "E"}, {"13": "S"}, {"13": "S"}, {"13": "S"}, {"13": "S"}, {"13": "S"}, {"13": "S"}, {"13": "S"}, {"9": "E"}, {"9": "S"}, {"9": "S"}, {"9": "W"}, {"9": "W"}, {"9": "W"}, {"9": "W"}, {"9": "W"}, {"9": "W"}, {"9": "W"}, {"9": "W"}, {"9": "W"}, {"9": "W"}, {"9": "W"}, {"9": "W"}, {"9": "W"}, {"9": "W"}, {"9": "W"}, {"9": "W"}, {"9": "W"}, {"9": "W"}, {"9": "W"}, {"9": "W"}, {"9": "W"}, {"9": "W"}, {"9": "W"}, {"9": "S"}, {"9": "S"}, {"9": "S"}, {"9": "S"}, {"9": "S"}, {"9": "S"}, {"9": "E"}, {"9": "S"}, {"9": "S"}, {"9": "S"}, {"9": "S"}, {"9": "S"}, {"9": "S"}, {"9": "S"}, {"9": "S"}, {"9": "S"}, {"9": "E"}, {"9": "E"}, {"9": "E"}, {"9": "E"}, {"9": "S"}, {"9": "S"}, {"9": "S"}, {"9": "S"}, {"9": "E"}, {"110": "W"}, {"110": "W"}, {"110": "W"}, {"110": "W"}, {"110": "W"}, {"110": "S"}, {"110": "S"}, {"110": "S"}, {"110": "S"}, {"110": "S"}, {"110": "S"}, {"110": "S"}, {"110": "W"}, {"110": "W"}, {"110": "W"}, {"110": "W"}, {"110": "W"}, {"110": "W"}, {"110": "W"}, {"110": "W"}, {"110": "W"}, {"110": "W"}, {"110": "W"}, {"110": "S"}, {"110": "S"}, {"110": "S"}, {"110": "S"}, {"110": "S"}, {"110": "S"}, {"110": "E"}, {"110": "S"}, {"110": "S"}, {"110": "S"}, {"110": "S"}, {"110": "S"}, {"110": "S"}, {"110": "S"}, {"110": "S"}, {"110": "S"}, {"89": "W"}, {"89": "S"}, {"89": "S"}, {"89": "W"}, {"89": "W"}, {"89": "W"}, {"89": "W"}, {"89": "W"}, {"89": "W"}, {"89": "W"}, {"89": "W"}, {"89": "W"}, {"89": "W"}, {"89": "W"}, {"89": "W"}, {"89": "W"}, {"89": "W"}, {"89": "W"}, {"89": "W"}, {"89": "W"}, {"89": "W"}, {"89": "W"}, {"89": "W"}, {"89": "S"}, {"89": "S"}, {"89": "S"}, {"89": "S"}, {"89": "S"}, {"89": "S"}, {"89": "S"}, {"89": "S"}, {"89": "S"}, {"89": "S"}, {"89": "S"}, {"89": "S"}, {"89": "S"}, {"89": "S"}, {"89": "S"}, {"89": "S"}, {"89": "E"}, {"89": "E"}, {"89": "E"}, {"89": "S"}, {"70": "E"}, {"70": "S"}, {"70": "S"}, {"70": "S"}, {"70": "W"}, {"70": "W"}, {"70": "W"}, {"70": "W"}, {"70": "W"}, {"70": "W"}, {"70": "W"}, {"70": "W"}, {"70": "W"}, {"70": "W"}, {"70": "W"}, {"70": "W"}, {"70": "W"}, {"70": "W"}, {"70": "W"}, {"70": "W"}, {"70": "W"}, {"70": "W"}, {"70": "W"}, {"70": "W"}, {"70": "S"}, {"70": "S"}, {"70": "S"}, {"70": "S"}, {"70": "S"}, {"70": "S"}, {"70": "S"}, {"70": "S"}, {"70": "S"}, {"70": "S"}, {"70": "S"}, {"70": "S"}, {"70": "S"}, {"70": "S"}, {"70": "S"}, {"70": "S"}, {"70": "E"}, {"70": "E"}, {"70": "E"}, {"70": "E"}, {"70": "S"}, {"70": "S"}, {"50": "W"}, {"50": "S"}, {"50": "S"}, {"50": "S"}, {"50": "W"}, {"50": "W"}, {"50": "W"}, {"50": "W"}, {"50": "W"}, {"50": "W"}, {"50": "W"}, {"50": "W"}, {"50": "W"}, {"50": "W"}, {"50": "W"}, {"50": "W"}, {"50": "W"}, {"50": "W"}, {"50": "S"}, {"50": "S"}, {"50": "S"}, {"50": "S"}, {"50": "S"}, {"50": "S"}, {"50": "S"}, {"50": "S"}, {"50": "S"}, {"50": "S"}, {"50": "S"}, {"50": "S"}, {"50": "S"}, {"50": "S"}, {"50": "S"}, {"50": "S"}, {"50": "E"}, {"50": "E"}, {"149": "E"}, {"149": "S"}, {"149": "S"}, {"149": "S"}, {"149": "S"}, {"149": "S"}, {"149": "W"}, {"149": "W"}, {"149": "W"}, {"149": "W"}, {"149": "W"}, {"149": "W"}, {"149": "W"}, {"149": "W"}, {"149": "W"}, {"149": "W"}, {"149": "W"}, {"149": "W"}, {"149": "W"}, {"149": "W"}, {"149": "W"}, {"149": "W"}, {"149": "W"}, {"149": "S"}, {"149": "S"}, {"149": "S"}, {"149": "S"}, {"149": "S"}, {"149": "S"}, {"149": "S"}, {"149": "S"}, {"149": "S"}, {"149": "S"}, {"149": "S"}, {"149": "S"}, {"149": "S"}, {"149": "S"}, {"149": "S"}, {"149": "S"}, {"149": "E"}, {"149": "S"}, {"149": "E"}, {"123": "W"}, {"123": "W"}, {"123": "S"}, {"123": "S"}, {"123": "W"}, {"123": "W"}, {"123": "W"}, {"123": "W"}, {"123": "W"}, {"123": "W"}, {"123": "W"}, {"123": "W"}, {"123": "W"}, {"123": "W"}, {"123": "W"}, {"123": "W"}, {"123": "W"}, {"123": "W"}, {"123": "W"}, {"123": "W"}, {"123": "W"}, {"123": "W"}, {"123": "W"}, {"123": "W"}, {"123": "W"}, {"123": "W"}, {"123": "W"}, {"123": "W"}, {"123": "W"}, {"123": "S"}, {"123": "S"}, {"123": "S"}, {"123": "S"}, {"123": "S"}, {"123": "S"}, {"123": "S"}, {"123": "S"}, {"123": "S"}, {"123": "S"}, {"123": "S"}, {"123": "S"}, {"123": "S"}, {"123": "S"}, {"123": "S"}, {"123": "S"}, {"123": "E"}, {"123": "S"}, {"123": "S"}, {"123": "E"}, {"123": "E"}, {"123": "S"}, {"123": "E"}, {"123": "E"}, {"123": "S"}, {"41": "W"}, {"41": "S"}, {"41": "W"}, {"41": "W"}, {"41": "W"}, {"41": "W"}, {"41": "W"}, {"41": "W"}, {"41": "W"}, {"41": "W"}, {"41": "W"}, {"41": "W"}, {"41": "W"}, {"41": "W"}, {"41": "W"}, {"41": "W"}, {"41": "W"}, {"41": "W"}, {"41": "W"}, {"41": "W"}, {"41": "W"}, {"41": "W"}, {"41": "S"}, {"41": "S"}, {"41": "S"}, {"41": "S"}, {"41": "S"}, {"41": "S"}, {"41": "S"}, {"41": "S"}, {"41": "S"}, {"41": "S"}, {"41": "S"}, {"41": "S"}, {"41": "S"}, {"41": "S"}, {"41": "S"}, {"41": "S"}, {"41": "E"}, {"41": "S"}, {"41": "S"}, {"41": "E"}, {"41": "E"}, {"41": "S"}, {"41": "E"}, {"41": "S"}, {"41": "S"}, {"41": "E"}, {"41": "E"}, {"28": "W"}, {"28": "S"}, {"28": "S"}, {"28": "S"}, {"28": "S"}, {"28": "W"}, {"28": "W"}, {"28": "W"}, {"28": "W"}, {"28": "W"}, {"28": "W"}, {"28": "W"}, {"28": "W"}, {"28": "W"}, {"28": "W"}, {"28": "W"}, {"28": "W"}, {"28": "W"}, {"28": "W"}, {"28": "S"}, {"28": "S"}, {"28": "S"}, {"28": "S"}, {"28": "S"}, {"28": "S"}, {"28": "S"}, {"28": "S"}, {"28": "S"}, {"28": "S"}, {"28": "S"}, {"28": "S"}, {"28": "S"}, {"28": "S"}, {"28": "S"}, {"28": "S"}, {"28": "E"}, {"28": "S"}, {"28": "S"}, {"28": "E"}, {"28": "E"}, {"103": "W"}, {"103": "S"}, {"103": "S"}, {"103": "W"}, {"103": "W"}, {"103": "W"}, {"103": "W"}, {"103": "W"}, {"103": "W"}, {"103": "W"}, {"103": "W"}, {"103": "W"}, {"103": "W"}, {"103": "W"}, {"103": "W"}, {"103": "W"}, {"103": "W"}, {"103": "W"}, {"103": "W"}, {"103": "W"}, {"103": "W"}, {"103": "W"}, {"103": "W"}, {"103": "W"}, {"103": "W"}, {"103": "W"}, {"103": "S"}, {"103": "S"}, {"103": "S"}, {"103": "S"}, {"103": "S"}, {"103": "S"}, {"103": "S"}, {"103": "S"}, {"103": "S"}, {"103": "S"}, {"103": "S"}, {"103": "S"}, {"103": "S"}, {"103": "S"}, {"103": "S"}, {"103": "S"}, {"103": "E"}, {"103": "S"}, {"103": "S"}, {"103": "E"}, {"103": "S"}, {"103": "E"}, {"103": "E"}, {"103": "S"}, {"103": "S"}, {"103": "E"}, {"103": "S"}, {"103": "E"}, {"85": "W"}, {"85": "W"}, {"85": "W"}, {"85": "W"}, {"85": "W"}, {"85": "W"}, {"85": "W"}, {"85": "W"}, {"85": "W"}, {"85": "W"}, {"85": "W"}, {"85": "W"}, {"85": "W"}, {"85": "W"}, {"85": "W"}, {"85": "W"}, {"85": "S"}, {"85": "S"}, {"85": "S"}, {"85": "S"}, {"85": "S"}, {"85": "S"}, {"85": "S"}, {"85": "S"}, {"85": "S"}, {"85": "S"}, {"85": "S"}, {"85": "S"}, {"85": "S"}, {"85": "S"}, {"85": "S"}, {"85": "S"}, {"85": "S"}, {"85": "S"}, {"85": "S"}, {"85": "S"}, {"85": "S"}, {"85": "S"}, {"85": "S"}, {"85": "S"}, {"85": "E"}, {"85": "S"}, {"85": "S"}, {"85": "E"}, {"85": "S"}, {"85": "E"}, {"85": "E"}, {"85": "S"}, {"85": "S"}, {"85": "E"}, {"56": "W"}, {"56": "S"}, {"56": "S"}, {"56": "S"}, {"56": "W"}, {"56": "W"}, {"56": "W"}, {"56": "W"}, {"56": "W"}, {"56": "W"}, {"56": "W"}, {"56": "W"}, {"56": "W"}, {"56": "W"}, {"56": "W"}, {"56": "W"}, {"56": "W"}, {"56": "W"}, {"56": "W"}, {"56": "W"}, {"56": "W"}, {"56": "W"}, {"56": "W"}, {"56": "W"}, {"56": "S"}, {"56": "S"}, {"56": "S"}, {"56": "S"}, {"56": "S"}, {"56": "S"}, {"56": "S"}, {"56": "S"}, {"56": "S"}, {"56": "S"}, {"56": "S"}, {"56": "S"}, {"56": "S"}, {"56": "S"}, {"56": "S"}, {"56": "S"}, {"56": "E"}, {"56": "S"}, {"56": "S"}, {"56": "E"}, {"56": "S"}, {"56": "E"}, {"56": "E"}, {"56": "S"}, {"56": "S"}, {"56": "S"}, {"56": "E"}, {"56": "S"}, {"56": "E"}, {"56": "E"}, {"72": "W"}, {"72": "S"}, {"72": "W"}, {"72": "W"}, {"72": "W"}, {"72": "W"}, {"72": "W"}, {"72": "W"}, {"72": "W"}, {"72": "W"}, {"72": "W"}, {"72": "W"}, {"72": "W"}, {"72": "W"}, {"72": "W"}, {"72": "W"}, {"72": "W"}, {"72": "W"}, {"72": "W"}, {"72": "W"}, {"72": "W"}, {"72": "W"}, {"72": "W"}, {"72": "W"}, {"72": "W"}, {"72": "S"}, {"72": "S"}, {"72": "S"}, {"72": "S"}, {"72": "S"}, {"72": "S"}, {"72": "S"}, {"72": "S"}, {"72": "S"}, {"72": "S"}, {"72": "S"}, {"72": "S"}, {"72": "S"}, {"72": "S"}, {"72": "S"}, {"72": "S"}, {"72": "E"}, {"72": "S"}, {"72": "S"}, {"72": "E"}, {"72": "S"}, {"115": "W"}, {"115": "S"}, {"115": "S"}, {"115": "S"}, {"115": "S"}, {"115": "W"}, {"115": "W"}, {"115": "W"}, {"115": "W"}, {"115": "W"}, {"115": "W"}, {"115": "W"}, {"115": "W"}, {"115": "W"}, {"115": "W"}, {"115": "W"}, {"115": "W"}, {"115": "W"}, {"115": "W"}, {"115": "W"}, {"115": "W"}, {"115": "W"}, {"115": "S"}, {"115": "S"}, {"115": "S"}, {"115": "S"}, {"115": "S"}, {"115": "S"}, {"115": "S"}, {"115": "S"}, {"115": "S"}, {"115": "S"}, {"115": "S"}, {"115": "S"}, {"115": "S"}, {"115": "S"}, {"115": "S"}, {"115": "S"}, {"115": "E"}, {"115": "S"}, {"115": "S"}, {"115": "S"}, {"115": "S"}, {"115": "E"}, {"115": "E"}, {"115": "S"}, {"133": "W"}, {"133": "S"}, {"133": "S"}, {"133": "W"}, {"133": "W"}, {"133": "W"}, {"133": "W"}, {"133": "W"}, {"133": "W"}, {"133": "W"}, {"133": "W"}, {"133": "W"}, {"133": "W"}, {"133": "W"}, {"133": "W"}, {"133": "W"}, {"133": "W"}, {"133": "W"}, {"133": "W"}, {"133": "W"}, {"133": "S"}, {"133": "S"}, {"133": "S"}, {"133": "S"}, {"133": "S"}, {"133": "S"}, {"133": "S"}, {"133": "S"}, {"133": "S"}, {"133": "S"}, {"133": "S"}, {"133": "S"}, {"133": "S"}, {"133": "S"}, {"133": "S"}, {"133": "S"}, {"133": "E"}, {"133": "S"}, {"133": "S"}, {"133": "S"}, {"133": "S"}, {"133": "E"}, {"133": "S"}, {"23": "W"}, {"23": "S"}, {"23": "S"}, {"23": "S"}, {"23": "S"}, {"23": "S"}, {"23": "S"}, {"23": "S"}, {"23": "S"}, {"23": "S"}, {"23": "S"}, {"23": "S"}, {"23": "S"}, {"23": "S"}, {"23": "S"}, {"23": "W"}, {"23": "S"}, {"23": "W"}, {"23": "S"}, {"23": "S"}, {"23": "S"}, {"23": "W"}, {"23": "W"}, {"23": "W"}, {"23": "W"}, {"23": "W"}, {"23": "W"}, {"23": "W"}, {"23": "S"}, {"23": "S"}, {"23": "W"}, {"23": "W"}, {"23": "W"}, {"23": "W"}, {"23": "W"}, {"23": "W"}, {"23": "W"}, {"23": "W"}, {"23": "W"}, {"23": "W"}, {"23": "S"}, {"23": "W"}, {"23": "W"}, {"23": "W"}, {"23": "W"}, {"23": "W"}, {"23": "W"}, {"23": "W"}, {"23": "W"}, {"23": "N"}, {"23": "N"}, {"23": "N"}, {"23": "N"}, {"23": "N"}, {"23": "N"}, {"23": "N"}, {"23": "N"}, {"12": "W"}, {"12": "S"}, {"12": "W"}, {"12": "W"}, {"12": "W"}, {"12": "W"}, {"12": "W"}, {"12": "W"}, {"12": "W"}, {"12": "W"}, {"12": "W"}, {"12": "W"}, {"12": "W"}, {"12": "W"}, {"12": "W"}, {"12": "W"}, {"12": "W"}, {"12": "W"}, {"12": "W"}, {"12": "W"}, {"12": "W"}, {"12": "W"}, {"12": "W"}, {"12": "W"}, {"12": "W"}, {"12": "W"}, {"12": "W"}, {"12": "W"}, {"12": "W"}, {"12": "W"}, {"12": "W"}, {"12": "S"}, {"12": "S"}, {"12": "S"}, {"12": "S"}, {"12": "S"}, {"12": "S"}, {"12": "S"}, {"12": "S"}, {"12": "S"}, {"12": "S"}, {"12": "S"}, {"12": "S"}, {"12": "S"}, {"12": "S"}, {"12": "S"}, {"12": "S"}, {"12": "E"}, {"12": "S"}, {"12": "S"}, {"12": "S"}, {"12": "S"}, {"12": "S"}, {"12": "S"}, {"12": "E"}, {"12": "E"}, {"12": "S"}, {"93": "S"}, {"93": "W"}, {"93": "W"}, {"93": "W"}, {"93": "W"}, {"93": "W"}, {"93": "W"}, {"93": "W"}, {"93": "W"}, {"93": "W"}, {"93": "W"}, {"93": "W"}, {"93": "W"}, {"93": "W"}, {"93": "W"}, {"93": "W"}, {"93": "W"}, {"93": "W"}, {"93": "W"}, {"93": "W"}, {"93": "W"}, {"93": "W"}, {"93": "W"}, {"93": "W"}, {"93": "W"}, {"93": "W"}, {"93": "W"}, {"93": "W"}, {"93": "W"}, {"93": "S"}, {"93": "S"}, {"93": "S"}, {"93": "S"}, {"93": "S"}, {"93": "S"}, {"93": "S"}, {"93": "S"}, {"93": "S"}, {"93": "S"}, {"93": "S"}, {"93": "S"}, {"93": "S"}, {"93": "S"}, {"93": "S"}, {"93": "S"}, {"93": "E"}, {"93": "S"}, {"93": "S"}, {"93": "S"}, {"93": "S"}, {"93": "S"}, {"93": "S"}, {"64": "W"}, {"64": "N"}, {"64": "W"}, {"64": "W"}, {"64": "W"}, {"64": "W"}, {"64": "W"}, {"64": "W"}, {"64": "W"}, {"64": "W"}, {"64": "W"}, {"64": "W"}, {"64": "W"}, {"64": "W"}, {"64": "W"}, {"64": "W"}, {"64": "W"}, {"64": "W"}, {"64": "W"}, {"64": "W"}, {"64": "W"}, {"64": "W"}, {"64": "W"}, {"64": "W"}, {"64": "W"}, {"64": "W"}, {"64": "W"}, {"64": "W"}, {"64": "W"}, {"64": "W"}, {"64": "W"}, {"64": "W"}, {"64": "W"}, {"64": "S"}, {"64": "S"}, {"64": "S"}, {"64": "S"}, {"64": "S"}, {"64": "S"}, {"64": "S"}, {"64": "S"}, {"64": "S"}, {"64": "S"}, {"64": "S"}, {"64": "S"}, {"64": "S"}, {"64": "S"}, {"64": "S"}, {"64": "S"}, {"64": "S"}, {"64": "S"}, {"64": "S"}, {"64": "S"}, {"64": "S"}, {"64": "S"}, {"64": "S"}, {"64": "E"}, {"64": "E"}, {"64": "S"}, {"64": "E"}, {"0": "S"}, {"0": "W"}, {"0": "W"}, {"0": "W"}, {"0": "W"}, {"0": "W"}, {"0": "W"}, {"0": "W"}, {"0": "W"}, {"0": "W"}, {"0": "W"}, {"0": "W"}, {"0": "W"}, {"0": "W"}, {"0": "W"}, {"0": "W"}, {"0": "W"}, {"0": "W"}, {"0": "W"}, {"0": "W"}, {"0": "W"}, {"0": "W"}, {"0": "W"}, {"0": "S"}, {"0": "S"}, {"0": "S"}, {"0": "S"}, {"0": "S"}, {"0": "S"}, {"0": "S"}, {"0": "S"}, {"0": "S"}, {"0": "S"}, {"0": "S"}, {"0": "S"}, {"0": "S"}, {"0": "S"}, {"0": "S"}, {"0": "S"}, {"0": "S"}, {"0": "S"}, {"0": "S"}, {"0": "S"}, {"0": "S"}, {"0": "S"}, {"0": "S"}, {"0": "E"}, {"0": "E"}, {"0": "S"}, {"0": "S"}, {"0": "E"}, {"0": "E"}, {"10": "W"}, {"10": "N"}, {"10": "N"}, {"10": "N"}, {"10": "N"}, {"10": "W"}, {"10": "W"}, {"10": "W"}, {"10": "W"}, {"10": "W"}, {"10": "W"}, {"10": "W"}, {"10": "W"}, {"10": "W"}, {"10": "W"}, {"10": "W"}, {"10": "W"}, {"10": "W"}, {"10": "W"}, {"10": "W"}, {"10": "W"}, {"10": "W"}, {"10": "W"}, {"10": "W"}, {"10": "N"}, {"10": "N"}, {"10": "N"}, {"10": "N"}, {"10": "N"}, {"152": "W"}, {"152": "S"}, {"152": "S"}, {"152": "S"}, {"152": "S"}, {"152": "S"}, {"152": "S"}, {"152": "S"}, {"152": "S"}, {"152": "S"}, {"152": "S"}, {"152": "S"}, {"152": "S"}, {"152": "S"}, {"152": "S"}, {"152": "S"}, {"152": "S"}, {"152": "S"}, {"152": "S"}, {"152": "S"}, {"152": "S"}, {"152": "S"}, {"152": "W"}, {"152": "S"}, {"152": "W"}, {"152": "S"}, {"152": "S"}, {"152": "S"}, {"152": "W"}, {"152": "W"}, {"152": "W"}, {"152": "W"}, {"152": "W"}, {"152": "W"}, {"152": "W"}, {"152": "S"}, {"152": "S"}, {"152": "W"}, {"152": "W"}, {"152": "W"}, {"152": "W"}, {"152": "W"}, {"152": "W"}, {"152": "W"}, {"152": "W"}, {"152": "W"}, {"152": "W"}, {"152": "S"}, {"152": "W"}, {"152": "W"}, {"152": "W"}, {"152": "W"}, {"152": "W"}, {"152": "W"}, {"152": "W"}, {"152": "W"}, {"152": "W"}, {"152": "N"}, {"152": "N"}, {"152": "N"}, {"152": "N"}, {"152": "N"}, {"146": "S"}, {"146": "W"}, {"146": "W"}, {"146": "W"}, {"146": "W"}, {"146": "W"}, {"146": "W"}, {"146": "W"}, {"146": "W"}, {"146": "W"}, {"146": "W"}, {"146": "W"}, {"146": "W"}, {"146": "W"}, {"146": "W"}, {"146": "W"}, {"146": "W"}, {"146": "W"}, {"146": "W"}, {"146": "W"}, {"146": "S"}, {"146": "S"}, {"146": "S"}, {"146": "S"}, {"146": "S"}, {"146": "S"}, {"146": "S"}, {"146": "S"}, {"146": "S"}, {"146": "S"}, {"146": "S"}, {"146": "S"}, {"146": "S"}, {"146": "S"}, {"146": "S"}, {"146": "S"}, {"146": "S"}, {"146": "S"}, {"146": "S"}, {"146": "S"}, {"146": "S"}, {"146": "S"}, {"146": "S"}, {"146": "E"}, {"146": "S"}, {"98": "W"}, {"98": "W"}, {"98": "W"}, {"98": "W"}, {"98": "W"}, {"98": "W"}, {"98": "W"}, {"98": "W"}, {"98": "W"}, {"98": "W"}, {"98": "W"}, {"98": "W"}, {"98": "W"}, {"98": "W"}, {"98": "W"}, {"98": "W"}, {"98": "W"}, {"98": "N"}, {"98": "N"}, {"98": "N"}, {"98": "N"}, {"98": "N"}, {"98": "W"}, {"98": "N"}, {"98": "N"}, {"98": "N"}, {"98": "N"}, {"141": "W"}, {"141": "W"}, {"141": "W"}, {"141": "S"}, {"141": "W"}, {"141": "W"}, {"141": "W"}, {"141": "W"}, {"141": "W"}, {"141": "W"}, {"141": "W"}, {"141": "S"}, {"141": "S"}, {"141": "W"}, {"141": "W"}, {"141": "W"}, {"141": "W"}, {"141": "W"}, {"141": "W"}, {"141": "W"}, {"141": "W"}, {"141": "W"}, {"141": "W"}, {"141": "S"}, {"141": "W"}, {"141": "W"}, {"141": "W"}, {"141": "W"}, {"141": "W"}, {"141": "W"}, {"141": "N"}, {"53": "W"}, {"53": "N"}, {"53": "W"}, {"53": "W"}, {"53": "W"}, {"53": "W"}, {"53": "W"}, {"53": "W"}, {"53": "W"}, {"53": "W"}, {"53": "W"}, {"53": "W"}, {"53": "W"}, {"53": "W"}, {"53": "W"}, {"53": "W"}, {"53": "W"}, {"53": "W"}, {"53": "W"}, {"53": "W"}, {"53": "W"}, {"53": "N"}, {"53": "N"}, {"53": "N"}, {"37": "W"}, {"37": "W"}, {"37": "S"}, {"37": "W"}, {"37": "W"}, {"37": "W"}, {"37": "W"}, {"37": "W"}, {"37": "W"}, {"37": "W"}, {"37": "W"}, {"37": "W"}, {"37": "W"}, {"37": "W"}, {"37": "W"}, {"37": "W"}, {"37": "W"}, {"37": "W"}, {"37": "W"}, {"37": "W"}, {"37": "W"}, {"37": "W"}, {"37": "W"}, {"37": "W"}, {"37": "W"}, {"37": "W"}, {"37": "W"}, {"37": "W"}, {"37": "S"}, {"37": "S"}, {"37": "S"}, {"37": "S"}, {"37": "S"}, {"37": "S"}, {"37": "S"}, {"37": "S"}, {"37": "S"}, {"37": "S"}, {"37": "S"}, {"37": "S"}, {"37": "S"}, {"37": "S"}, {"37": "S"}, {"37": "S"}, {"37": "S"}, {"37": "S"}, {"37": "S"}, {"37": "S"}, {"37": "S"}, {"37": "S"}, {"37": "S"}, {"37": "E"}, {"37": "E"}, {"37": "S"}, {"37": "S"}, {"37": "S"}, {"119": "W"}, {"119": "W"}, {"119": "W"}, {"119": "W"}, {"119": "W"}, {"119": "W"}, {"119": "W"}, {"119": "W"}, {"119": "W"}, {"119": "W"}, {"119": "W"}, {"119": "W"}, {"119": "W"}, {"119": "W"}, {"119": "W"}, {"119": "W"}, {"119": "W"}, {"119": "N"}, {"119": "N"}, {"119": "N"}, {"119": "N"}, {"119": "W"}, {"119": "W"}, {"119": "N"}, {"119": "N"}, {"119": "N"}, {"76": "W"}, {"76": "N"}, {"76": "N"}, {"76": "W"}, {"76": "W"}, {"76": "W"}, {"76": "W"}, {"76": "W"}, {"76": "W"}, {"76": "W"}, {"76": "W"}, {"76": "W"}, {"76": "W"}, {"76": "W"}, {"76": "W"}, {"76": "W"}, {"76": "W"}, {"76": "W"}, {"76": "W"}, {"76": "W"}, {"76": "W"}, {"76": "W"}, {"76": "W"}, {"76": "W"}, {"76": "N"}, {"76": "N"}, {"76": "N"}, {"76": "N"}, {"30": "S"}, {"30": "W"}, {"30": "W"}, {"30": "W"}, {"30": "W"}, {"30": "W"}, {"30": "W"}, {"30": "W"}, {"30": "W"}, {"30": "W"}, {"30": "W"}, {"30": "W"}, {"30": "S"}, {"30": "S"}, {"30": "W"}, {"30": "W"}, {"30": "W"}, {"30": "W"}, {"30": "W"}, {"30": "W"}, {"30": "W"}, {"30": "W"}, {"30": "W"}, {"30": "W"}, {"30": "S"}, {"30": "W"}, {"30": "W"}, {"30": "W"}, {"30": "W"}, {"30": "W"}, {"30": "W"}, {"30": "W"}, {"30": "W"}, {"30": "W"}, {"30": "N"}], "result": "SUCCESS", "makespan": 5713, "sum": 6906, "algo_name": "OutAndInBFS_default"}