{"instance": "medium_001_30x30_20_145", "steps": [{"23": "N", "31": "E", "139": "N", "50": "S", "104": "E", "109": "W", "86": "W", "40": "E", "70": "N", "25": "N", "45": "W", "12": "E", "94": "E", "121": "N", "65": "N", "11": "W", "55": "E", "75": "N", "52": "N", "20": "S", "80": "W", "78": "N", "30": "N", "51": "W", "39": "N", "38": "S", "8": "W", "140": "W", "102": "N", "43": "N", "6": "W", "131": "E", "16": "N", "32": "N", "143": "N", "111": "N", "13": "N", "57": "W", "60": "N", "103": "E", "58": "W", "21": "E", "142": "N", "128": "N", "123": "W", "120": "W", "117": "W", "44": "W", "22": "E", "62": "W", "28": "E", "19": "W", "15": "W", "14": "N", "0": "W", "134": "W", "113": "N", "63": "W", "37": "W", "73": "N", "72": "E", "69": "W", "61": "N", "5": "W", "46": "E", "138": "N", "127": "W", "105": "W", "85": "N", "76": "N", "54": "N", "48": "W", "36": "N", "34": "W", "110": "N", "130": "W", "112": "W", "106": "N", "74": "N", "66": "W", "56": "N", "49": "E", "41": "W", "35": "N", "24": "E", "132": "E", "126": "N", "98": "N", "95": "N", "93": "N", "88": "N", "87": "W", "83": "N", "68": "E", "67": "N", "42": "E", "18": "W", "9": "E", "7": "E", "1": "N", "136": "N", "125": "E", "108": "W", "100": "N", "99": "N", "97": "S", "92": "E", "90": "N", "77": "N", "53": "N", "47": "N", "33": "N", "10": "E", "3": "N", "2": "N"}, {"23": "N", "31": "E", "139": "N", "50": "S", "104": "N", "109": "W", "86": "W", "40": "E", "70": "N", "101": "S", "12": "N", "65": "N", "11": "W", "55": "E", "75": "N", "52": "N", "20": "E", "80": "W", "78": "N", "30": "N", "51": "W", "39": "N", "38": "S", "8": "W", "102": "N", "43": "N", "6": "N", "131": "N", "114": "W", "16": "N", "32": "W", "143": "N", "111": "N", "13": "N", "57": "W", "60": "N", "103": "E", "58": "N", "21": "N", "142": "N", "128": "E", "123": "W", "120": "W", "117": "W", "44": "W", "22": "N", "129": "S", "64": "N", "62": "W", "28": "N", "19": "W", "15": "N", "14": "N", "0": "W", "134": "W", "113": "N", "63": "W", "37": "W", "72": "E", "69": "W", "61": "N", "5": "N", "138": "N", "127": "W", "85": "N", "76": "N", "59": "E", "54": "N", "48": "W", "36": "N", "34": "W", "122": "W", "110": "E", "124": "N", "112": "W", "107": "E", "106": "N", "74": "N", "66": "W", "56": "E", "49": "N", "41": "N", "24": "N", "135": "N", "132": "E", "126": "N", "98": "N", "95": "E", "93": "N", "88": "N", "87": "N", "83": "W", "79": "W", "68": "E", "67": "N", "7": "E", "1": "N", "136": "N", "125": "S", "119": "W", "100": "N", "99": "E", "92": "E", "82": "E", "53": "W", "47": "N", "33": "N", "29": "W", "26": "W", "17": "N", "10": "E", "3": "W", "2": "N"}, {"23": "N", "31": "N", "139": "N", "50": "S", "104": "N", "109": "W", "86": "W", "40": "E", "70": "E", "118": "S", "12": "N", "65": "N", "11": "W", "55": "E", "75": "N", "52": "N", "80": "W", "78": "W", "30": "N", "51": "N", "39": "W", "38": "S", "8": "N", "140": "N", "102": "W", "6": "N", "131": "N", "133": "W", "16": "N", "32": "N", "143": "N", "111": "N", "13": "N", "57": "W", "60": "N", "103": "N", "58": "N", "21": "E", "142": "N", "128": "E", "120": "W", "117": "W", "44": "W", "22": "E", "129": "S", "116": "W", "64": "N", "62": "W", "28": "E", "19": "W", "15": "N", "14": "N", "0": "W", "134": "W", "113": "N", "63": "W", "37": "W", "141": "N", "72": "N", "69": "W", "61": "N", "4": "W", "46": "E", "138": "N", "127": "W", "105": "N", "85": "N", "76": "N", "54": "N", "48": "W", "36": "N", "34": "W", "110": "S", "130": "N", "124": "N", "115": "N", "112": "W", "107": "E", "106": "N", "81": "N", "66": "N", "56": "E", "41": "W", "35": "N", "135": "E", "132": "S", "126": "N", "98": "N", "95": "N", "88": "N", "87": "N", "83": "W", "79": "W", "67": "N", "42": "E", "18": "N", "1": "N", "136": "N", "125": "S", "119": "W", "100": "N", "99": "E", "92": "N", "91": "W", "90": "W", "82": "E", "53": "N", "47": "N", "33": "N", "29": "N", "26": "W", "17": "N", "10": "S", "3": "W", "2": "E"}, {"23": "N", "31": "N", "139": "N", "50": "E", "104": "N", "109": "W", "86": "W", "40": "E", "70": "E", "118": "E", "101": "S", "12": "N", "94": "W", "121": "S", "65": "N", "11": "W", "55": "N", "75": "N", "52": "N", "80": "W", "78": "S", "30": "N", "51": "W", "8": "W", "140": "N", "102": "W", "6": "N", "131": "N", "16": "E", "96": "W", "32": "N", "143": "N", "111": "N", "13": "N", "57": "W", "60": "N", "103": "N", "58": "N", "21": "E", "142": "N", "128": "E", "123": "N", "120": "W", "117": "W", "44": "W", "22": "E", "129": "W", "116": "S", "64": "E", "62": "W", "28": "E", "19": "W", "15": "N", "14": "N", "0": "W", "137": "N", "134": "W", "113": "N", "63": "W", "37": "W", "72": "N", "69": "W", "61": "N", "4": "S", "46": "E", "138": "E", "105": "N", "76": "N", "54": "N", "48": "W", "36": "N", "110": "S", "130": "N", "115": "N", "107": "E", "106": "W", "66": "N", "56": "E", "35": "W", "132": "E", "126": "W", "95": "E", "88": "W", "87": "N", "83": "W", "67": "N", "42": "S", "18": "W", "7": "E", "1": "W", "136": "N", "125": "S", "119": "W", "100": "N", "99": "N", "97": "E", "92": "E", "91": "W", "90": "W", "82": "E", "77": "W", "53": "W", "47": "N", "29": "N", "27": "N", "26": "N", "17": "N", "10": "S", "3": "W"}, {"23": "N", "31": "N", "139": "N", "50": "S", "104": "N", "109": "W", "40": "N", "70": "E", "25": "N", "101": "E", "45": "S", "12": "N", "94": "N", "65": "N", "11": "W", "55": "N", "75": "N", "52": "N", "80": "W", "78": "W", "51": "W", "39": "N", "8": "W", "140": "N", "102": "W", "43": "N", "6": "N", "131": "W", "133": "W", "114": "W", "16": "E", "96": "W", "32": "N", "143": "N", "111": "N", "13": "W", "57": "N", "60": "N", "103": "N", "58": "N", "21": "E", "142": "E", "128": "N", "123": "N", "120": "N", "117": "N", "44": "N", "22": "E", "129": "W", "116": "S", "64": "N", "62": "N", "28": "E", "19": "N", "15": "N", "0": "N", "137": "E", "134": "W", "63": "N", "37": "N", "144": "N", "141": "N", "73": "N", "72": "N", "69": "N", "61": "N", "5": "N", "4": "S", "46": "E", "138": "N", "127": "N", "105": "N", "85": "N", "76": "N", "54": "N", "48": "N", "36": "N", "34": "N", "110": "E", "130": "N", "124": "N", "115": "N", "107": "E", "106": "N", "74": "N", "66": "N", "56": "E", "49": "S", "41": "N", "35": "N", "132": "E", "126": "N", "95": "N", "87": "N", "83": "N", "79": "W", "67": "N", "42": "S", "18": "N", "7": "E", "1": "N", "136": "N", "125": "S", "108": "N", "100": "N", "99": "N", "97": "E", "92": "E", "89": "N", "82": "E", "77": "W", "53": "N", "47": "N", "33": "W", "29": "N", "27": "N", "26": "W", "17": "N", "10": "S", "3": "N"}, {"23": "N", "31": "N", "139": "N", "50": "E", "104": "N", "109": "W", "86": "W", "40": "N", "70": "N", "25": "E", "118": "E", "45": "E", "12": "N", "94": "N", "121": "S", "65": "N", "11": "W", "55": "N", "75": "N", "52": "N", "80": "N", "78": "W", "30": "N", "51": "N", "140": "N", "102": "W", "43": "N", "6": "N", "114": "W", "16": "E", "96": "W", "32": "N", "143": "N", "111": "N", "13": "W", "57": "N", "60": "N", "103": "N", "58": "N", "21": "N", "142": "E", "128": "N", "123": "N", "120": "N", "117": "N", "44": "N", "129": "W", "64": "E", "62": "N", "28": "N", "19": "N", "15": "N", "0": "N", "137": "E", "134": "N", "113": "W", "84": "N", "63": "N", "37": "N", "144": "N", "141": "N", "73": "E", "72": "N", "69": "N", "61": "N", "5": "N", "4": "S", "46": "S", "138": "E", "127": "N", "105": "N", "85": "N", "76": "E", "59": "N", "54": "N", "48": "N", "36": "N", "34": "N", "110": "E", "130": "N", "124": "N", "115": "N", "112": "N", "107": "S", "81": "E", "74": "N", "66": "N", "56": "E", "41": "N", "35": "N", "132": "S", "126": "N", "98": "W", "95": "N", "87": "W", "79": "N", "71": "W", "68": "S", "67": "N", "42": "S", "18": "N", "7": "S", "1": "N", "136": "E", "125": "S", "108": "N", "100": "N", "99": "N", "97": "E", "92": "N", "91": "N", "89": "N", "77": "W", "53": "N", "47": "N", "33": "W", "29": "N", "27": "E", "17": "E", "10": "S", "2": "E"}, {"23": "N", "31": "N", "139": "N", "50": "N", "104": "E", "109": "W", "86": "W", "40": "N", "70": "N", "25": "N", "118": "N", "12": "E", "94": "N", "121": "E", "65": "N", "55": "N", "75": "W", "52": "N", "78": "S", "30": "N", "51": "W", "8": "E", "140": "N", "102": "W", "43": "E", "6": "N", "131": "N", "114": "N", "16": "E", "96": "N", "32": "N", "143": "N", "111": "N", "57": "N", "60": "N", "103": "E", "58": "N", "21": "N", "142": "E", "128": "N", "123": "N", "120": "N", "117": "N", "22": "N", "129": "W", "116": "W", "64": "N", "28": "N", "19": "N", "15": "N", "14": "E", "0": "N", "137": "N", "134": "N", "113": "S", "84": "N", "63": "N", "37": "N", "144": "N", "141": "N", "73": "E", "72": "N", "69": "N", "61": "N", "5": "W", "46": "S", "138": "E", "127": "N", "105": "N", "76": "E", "54": "N", "48": "N", "36": "N", "34": "N", "110": "E", "130": "N", "115": "N", "112": "N", "106": "W", "74": "N", "66": "N", "56": "S", "49": "W", "41": "N", "35": "N", "24": "S", "135": "S", "132": "S", "126": "W", "98": "W", "95": "N", "93": "S", "88": "S", "83": "E", "79": "N", "71": "W", "68": "E", "67": "N", "42": "S", "18": "N", "1": "N", "136": "E", "125": "S", "100": "N", "99": "N", "97": "S", "92": "N", "91": "N", "89": "W", "77": "N", "53": "N", "47": "N", "33": "S", "27": "E", "26": "W", "17": "S", "10": "S", "3": "W", "2": "E"}, {"23": "N", "31": "N", "50": "N", "109": "W", "86": "W", "40": "N", "70": "N", "25": "N", "118": "N", "94": "N", "65": "N", "11": "S", "55": "E", "52": "N", "78": "W", "30": "E", "51": "W", "38": "E", "8": "E", "140": "N", "102": "W", "6": "W", "131": "N", "133": "N", "16": "E", "96": "N", "32": "N", "143": "N", "111": "N", "13": "W", "57": "N", "60": "N", "103": "E", "21": "N", "142": "N", "128": "N", "123": "N", "120": "N", "117": "N", "22": "N", "129": "S", "64": "N", "28": "N", "19": "N", "14": "E", "0": "N", "134": "N", "84": "E", "63": "N", "37": "N", "144": "N", "141": "N", "73": "E", "72": "E", "69": "N", "5": "W", "4": "S", "46": "S", "138": "E", "127": "N", "105": "N", "76": "E", "59": "N", "54": "N", "48": "N", "34": "N", "122": "N", "110": "S", "130": "N", "124": "S", "115": "N", "107": "E", "106": "W", "81": "N", "74": "N", "66": "N", "56": "S", "35": "W", "24": "E", "135": "S", "132": "S", "126": "W", "95": "N", "93": "S", "88": "S", "83": "N", "79": "N", "68": "S", "42": "S", "18": "N", "1": "W", "136": "E", "125": "S", "108": "E", "100": "E", "99": "N", "92": "N", "91": "N", "90": "E", "89": "W", "77": "N", "53": "N", "47": "E", "33": "W", "27": "E", "26": "N", "17": "S", "10": "S", "3": "W", "2": "E"}, {"23": "N", "31": "N", "139": "N", "50": "N", "109": "W", "86": "W", "40": "N", "70": "N", "25": "N", "118": "N", "101": "N", "94": "N", "65": "N", "11": "E", "55": "E", "52": "N", "78": "W", "30": "E", "51": "W", "38": "E", "8": "E", "102": "W", "6": "W", "131": "N", "133": "N", "114": "N", "16": "E", "96": "N", "143": "N", "111": "N", "57": "N", "103": "E", "21": "N", "142": "E", "128": "N", "120": "N", "117": "N", "22": "N", "116": "W", "64": "N", "28": "N", "19": "N", "14": "N", "0": "N", "137": "N", "134": "N", "113": "E", "84": "E", "63": "N", "37": "N", "144": "N", "141": "N", "73": "N", "72": "E", "69": "N", "61": "N", "5": "S", "46": "S", "138": "N", "127": "N", "105": "N", "76": "E", "59": "N", "54": "N", "48": "N", "36": "N", "34": "N", "110": "S", "130": "N", "124": "E", "115": "N", "112": "E", "107": "E", "106": "N", "81": "E", "74": "N", "66": "N", "56": "E", "41": "W", "35": "N", "24": "E", "135": "E", "132": "S", "126": "N", "95": "N", "93": "E", "88": "E", "83": "N", "79": "W", "71": "W", "68": "S", "42": "S", "18": "W", "1": "N", "136": "N", "125": "S", "119": "E", "100": "N", "99": "N", "97": "E", "92": "N", "91": "W", "89": "N", "82": "E", "77": "N", "53": "W", "33": "W", "27": "E", "26": "N", "10": "S", "2": "S"}, {"23": "N", "31": "N", "139": "N", "50": "N", "109": "W", "86": "W", "70": "N", "25": "N", "118": "N", "101": "N", "45": "N", "94": "N", "11": "S", "55": "E", "52": "E", "80": "W", "78": "S", "30": "S", "51": "N", "38": "E", "102": "W", "6": "N", "131": "N", "133": "N", "114": "N", "16": "E", "96": "N", "143": "N", "111": "N", "57": "N", "103": "N", "21": "N", "142": "E", "128": "E", "120": "N", "117": "N", "44": "N", "22": "N", "116": "W", "28": "N", "19": "N", "14": "E", "0": "N", "137": "N", "134": "N", "84": "N", "63": "N", "37": "N", "141": "E", "73": "N", "69": "N", "61": "N", "46": "S", "138": "N", "127": "N", "105": "N", "85": "N", "76": "E", "54": "N", "48": "N", "36": "N", "34": "N", "122": "N", "110": "S", "130": "N", "124": "N", "115": "N", "112": "N", "106": "N", "81": "E", "74": "N", "66": "N", "56": "E", "49": "W", "41": "N", "35": "N", "24": "S", "132": "S", "126": "N", "95": "N", "88": "E", "83": "N", "79": "N", "71": "W", "68": "S", "67": "S", "42": "S", "18": "N", "7": "W", "1": "N", "136": "N", "125": "W", "119": "S", "100": "E", "99": "N", "97": "E", "92": "N", "91": "N", "90": "S", "89": "W", "82": "E", "77": "N", "53": "N", "47": "S", "33": "W", "29": "W", "27": "S", "26": "N", "17": "E", "10": "S", "2": "S"}, {"23": "N", "31": "E", "50": "E", "109": "W", "86": "W", "40": "E", "70": "N", "25": "N", "118": "N", "101": "N", "45": "N", "94": "N", "121": "N", "65": "N", "55": "E", "52": "E", "80": "W", "78": "S", "30": "S", "51": "N", "38": "N", "8": "N", "102": "W", "43": "S", "6": "N", "131": "N", "133": "N", "114": "N", "16": "E", "96": "N", "32": "W", "143": "N", "111": "N", "13": "N", "57": "N", "103": "E", "21": "N", "142": "S", "128": "E", "120": "N", "117": "N", "44": "N", "22": "N", "116": "W", "64": "N", "62": "N", "28": "N", "19": "N", "14": "E", "0": "N", "137": "N", "134": "N", "113": "E", "84": "E", "63": "N", "141": "E", "73": "N", "69": "N", "61": "W", "4": "W", "46": "S", "138": "N", "127": "N", "105": "N", "85": "N", "54": "N", "48": "N", "34": "N", "110": "S", "124": "N", "115": "N", "112": "N", "106": "W", "81": "E", "74": "N", "66": "N", "56": "E", "49": "W", "41": "N", "35": "N", "24": "S", "135": "N", "132": "S", "126": "W", "95": "N", "93": "N", "88": "E", "87": "W", "83": "N", "79": "N", "71": "W", "68": "S", "67": "E", "42": "S", "18": "N", "7": "S", "1": "N", "136": "N", "125": "W", "100": "E", "99": "N", "97": "E", "92": "N", "91": "N", "90": "E", "89": "N", "77": "N", "53": "N", "47": "E", "33": "W", "27": "E", "26": "N", "17": "E", "10": "S", "3": "E", "2": "E"}, {"23": "N", "31": "E", "50": "E", "104": "S", "109": "W", "86": "W", "40": "E", "70": "N", "25": "E", "118": "N", "101": "N", "45": "N", "94": "N", "121": "N", "65": "N", "11": "S", "55": "E", "52": "S", "80": "S", "78": "S", "30": "S", "51": "N", "38": "N", "8": "N", "102": "W", "6": "N", "131": "N", "133": "N", "114": "N", "16": "E", "96": "N", "143": "N", "111": "N", "57": "E", "103": "E", "21": "E", "142": "E", "128": "E", "120": "N", "117": "N", "44": "N", "22": "N", "116": "W", "62": "N", "28": "E", "19": "N", "14": "E", "0": "N", "137": "N", "134": "N", "113": "E", "84": "E", "63": "N", "37": "E", "141": "N", "73": "N", "72": "N", "69": "N", "61": "W", "5": "N", "4": "W", "46": "S", "138": "N", "127": "N", "105": "N", "85": "N", "59": "S", "54": "N", "48": "N", "36": "S", "34": "N", "110": "S", "130": "E", "124": "N", "115": "N", "112": "N", "106": "W", "81": "E", "74": "N", "66": "W", "56": "S", "49": "W", "41": "N", "35": "N", "24": "S", "135": "E", "132": "S", "126": "W", "98": "E", "95": "N", "93": "E", "88": "E", "87": "N", "83": "N", "79": "N", "71": "W", "68": "S", "67": "E", "42": "W", "18": "N", "7": "S", "1": "N", "136": "N", "125": "W", "119": "E", "100": "S", "99": "E", "97": "S", "92": "N", "91": "N", "90": "E", "89": "N", "77": "N", "53": "N", "47": "E", "33": "W", "27": "E", "26": "N", "17": "E", "10": "W", "2": "E"}, {"23": "E", "31": "E", "139": "E", "50": "E", "109": "W", "86": "W", "40": "E", "70": "N", "25": "E", "118": "E", "101": "N", "45": "N", "94": "N", "121": "N", "65": "E", "11": "E", "52": "S", "80": "E", "78": "S", "30": "S", "51": "E", "38": "N", "8": "N", "102": "W", "6": "N", "131": "N", "133": "N", "16": "E", "96": "W", "143": "N", "111": "E", "57": "E", "103": "S", "21": "E", "142": "E", "128": "E", "120": "N", "117": "N", "44": "N", "22": "N", "116": "S", "62": "N", "28": "E", "19": "N", "14": "S", "134": "N", "113": "E", "84": "E", "63": "N", "37": "E", "141": "N", "72": "N", "69": "N", "61": "S", "5": "N", "4": "W", "46": "S", "138": "N", "127": "N", "105": "N", "85": "N", "54": "N", "48": "N", "34": "N", "122": "S", "110": "S", "130": "E", "124": "E", "115": "N", "112": "N", "106": "W", "81": "E", "74": "N", "56": "S", "49": "S", "41": "N", "35": "N", "24": "S", "135": "E", "132": "S", "126": "W", "98": "N", "95": "E", "93": "E", "83": "N", "79": "N", "68": "S", "67": "N", "42": "W", "18": "N", "9": "S", "7": "S", "1": "N", "136": "N", "125": "S", "108": "N", "100": "S", "99": "E", "97": "S", "92": "N", "91": "N", "90": "S", "89": "N", "77": "N", "53": "N", "47": "N", "33": "W", "27": "S", "26": "N", "17": "E", "10": "S", "2": "S"}, {"23": "E", "31": "E", "139": "S", "50": "E", "109": "W", "86": "W", "70": "N", "25": "E", "118": "E", "101": "N", "45": "E", "94": "N", "121": "N", "65": "E", "11": "E", "75": "E", "80": "E", "78": "S", "30": "S", "51": "E", "38": "N", "8": "N", "6": "N", "131": "N", "133": "N", "114": "E", "16": "N", "96": "N", "143": "E", "111": "E", "13": "N", "57": "E", "103": "E", "142": "E", "128": "E", "117": "N", "44": "N", "22": "E", "116": "W", "64": "E", "62": "N", "28": "E", "14": "E", "134": "N", "113": "E", "84": "E", "63": "N", "37": "E", "141": "N", "72": "N", "61": "S", "5": "N", "4": "W", "46": "W", "138": "E", "127": "N", "105": "N", "85": "E", "54": "E", "48": "N", "36": "S", "34": "N", "110": "S", "130": "E", "124": "E", "115": "W", "112": "N", "106": "N", "81": "E", "74": "N", "56": "S", "49": "S", "41": "N", "35": "N", "24": "S", "135": "E", "132": "S", "126": "N", "95": "E", "79": "N", "68": "S", "67": "E", "42": "W", "18": "N", "7": "S", "1": "N", "136": "E", "125": "S", "108": "N", "100": "E", "99": "E", "97": "S", "92": "N", "91": "N", "90": "S", "89": "N", "77": "N", "53": "N", "47": "E", "33": "W", "29": "W", "27": "S", "26": "N", "17": "E", "10": "W", "2": "S"}, {"23": "E", "31": "E", "139": "S", "50": "E", "104": "N", "86": "W", "70": "N", "25": "E", "118": "E", "101": "N", "45": "E", "94": "N", "121": "E", "65": "S", "11": "E", "75": "S", "52": "S", "80": "E", "78": "S", "30": "S", "51": "E", "8": "N", "102": "W", "6": "N", "131": "E", "133": "N", "114": "E", "16": "N", "96": "N", "32": "E", "143": "E", "13": "N", "57": "E", "103": "E", "142": "S", "128": "N", "117": "N", "44": "N", "22": "E", "116": "S", "64": "E", "62": "N", "28": "E", "14": "E", "134": "N", "113": "E", "84": "E", "63": "N", "37": "E", "141": "N", "73": "W", "72": "W", "69": "E", "61": "S", "5": "N", "4": "W", "46": "W", "138": "E", "105": "N", "85": "E", "48": "N", "36": "S", "110": "S", "130": "E", "124": "E", "115": "S", "112": "N", "106": "N", "81": "E", "74": "N", "66": "W", "56": "S", "49": "W", "41": "N", "35": "N", "24": "S", "135": "N", "132": "S", "126": "W", "95": "E", "93": "S", "88": "N", "83": "W", "79": "N", "68": "S", "67": "N", "42": "S", "18": "N", "7": "S", "1": "N", "136": "E", "125": "S", "119": "E", "108": "N", "100": "S", "99": "E", "97": "S", "92": "N", "90": "E", "89": "N", "82": "E", "77": "W", "53": "W", "47": "N", "33": "W", "29": "W", "27": "E", "17": "S", "10": "W", "2": "E"}, {"23": "E", "31": "E", "139": "S", "50": "E", "109": "W", "86": "W", "70": "N", "118": "E", "101": "N", "45": "E", "94": "N", "121": "E", "65": "S", "11": "N", "55": "E", "75": "S", "52": "E", "80": "E", "78": "S", "30": "S", "51": "E", "38": "W", "8": "N", "102": "W", "43": "E", "6": "E", "131": "E", "133": "N", "114": "E", "16": "N", "96": "N", "32": "E", "143": "E", "13": "N", "57": "E", "103": "E", "21": "N", "142": "S", "128": "E", "117": "N", "44": "N", "116": "W", "64": "E", "62": "N", "28": "E", "14": "E", "134": "N", "113": "S", "63": "N", "37": "E", "141": "W", "73": "N", "72": "N", "69": "E", "61": "S", "5": "N", "4": "S", "46": "S", "138": "E", "127": "N", "105": "W", "85": "N", "48": "N", "36": "S", "122": "S", "110": "W", "130": "E", "124": "N", "107": "E", "106": "N", "81": "S", "74": "N", "56": "S", "49": "W", "41": "N", "35": "N", "24": "S", "135": "E", "132": "W", "126": "N", "98": "W", "93": "S", "87": "S", "79": "N", "68": "S", "67": "N", "42": "S", "18": "W", "9": "N", "7": "S", "136": "E", "125": "W", "119": "E", "108": "N", "100": "E", "99": "E", "97": "S", "92": "N", "91": "E", "90": "E", "89": "N", "82": "E", "77": "W", "53": "W", "47": "N", "33": "W", "29": "S", "27": "E", "17": "E", "10": "S", "3": "E", "2": "E"}, {"23": "E", "31": "E", "139": "S", "50": "E", "86": "W", "70": "E", "101": "N", "45": "E", "94": "N", "121": "E", "65": "S", "11": "N", "55": "E", "75": "S", "52": "S", "80": "N", "78": "S", "30": "E", "51": "E", "38": "N", "8": "N", "102": "W", "6": "E", "131": "E", "16": "E", "96": "N", "143": "E", "13": "N", "57": "E", "103": "S", "21": "W", "142": "S", "128": "E", "117": "N", "44": "N", "22": "W", "116": "S", "64": "E", "62": "N", "28": "E", "14": "S", "137": "W", "113": "E", "63": "E", "37": "E", "73": "W", "72": "N", "61": "S", "5": "N", "4": "S", "46": "W", "138": "E", "127": "N", "105": "N", "85": "N", "48": "E", "36": "S", "110": "W", "130": "E", "124": "E", "115": "N", "106": "N", "81": "E", "74": "N", "66": "E", "56": "S", "49": "W", "41": "N", "35": "W", "24": "S", "135": "E", "132": "W", "126": "N", "93": "S", "88": "S", "83": "S", "79": "N", "68": "S", "67": "N", "42": "W", "18": "N", "7": "S", "1": "E", "136": "E", "125": "S", "119": "S", "108": "N", "100": "S", "99": "E", "97": "S", "92": "N", "91": "N", "90": "S", "89": "N", "82": "E", "77": "N", "53": "N", "47": "N", "33": "W", "29": "S", "27": "S", "26": "S", "17": "E", "10": "S", "3": "E", "2": "S"}, {"23": "E", "31": "E", "139": "S", "50": "N", "86": "W", "70": "E", "101": "N", "45": "E", "94": "N", "121": "E", "65": "E", "11": "N", "55": "E", "75": "S", "52": "S", "80": "E", "30": "E", "51": "E", "38": "N", "8": "E", "102": "W", "6": "E", "131": "E", "133": "S", "96": "N", "143": "E", "13": "N", "57": "E", "103": "S", "21": "N", "142": "S", "128": "E", "117": "N", "44": "N", "64": "E", "62": "N", "28": "N", "14": "S", "0": "S", "137": "N", "113": "E", "84": "E", "63": "E", "37": "E", "73": "N", "72": "N", "69": "S", "61": "S", "5": "N", "46": "S", "138": "E", "105": "N", "85": "N", "48": "E", "36": "S", "34": "W", "122": "E", "110": "S", "130": "E", "124": "N", "107": "E", "106": "N", "81": "E", "74": "N", "66": "E", "56": "S", "49": "S", "41": "W", "35": "N", "24": "W", "135": "E", "132": "S", "126": "N", "93": "S", "88": "S", "87": "W", "79": "W", "71": "W", "68": "W", "67": "N", "42": "S", "18": "W", "7": "S", "1": "N", "136": "E", "125": "S", "119": "S", "108": "N", "100": "S", "99": "E", "97": "S", "92": "E", "90": "S", "89": "N", "82": "E", "77": "N", "53": "N", "47": "N", "27": "S", "17": "E", "10": "S", "2": "S"}, {"23": "E", "31": "E", "139": "S", "50": "N", "109": "N", "86": "N", "70": "E", "101": "N", "45": "E", "94": "N", "121": "E", "65": "S", "11": "N", "55": "E", "75": "S", "52": "S", "80": "N", "51": "E", "38": "N", "8": "E", "6": "E", "131": "E", "133": "S", "143": "E", "57": "E", "103": "S", "21": "W", "142": "S", "128": "E", "117": "N", "44": "N", "22": "E", "62": "N", "28": "E", "14": "S", "0": "W", "137": "N", "113": "E", "84": "E", "63": "E", "37": "E", "73": "N", "72": "N", "69": "E", "61": "S", "5": "N", "4": "N", "46": "S", "138": "E", "105": "N", "85": "N", "54": "S", "48": "E", "36": "E", "34": "N", "110": "W", "130": "E", "124": "N", "115": "W", "107": "E", "106": "N", "81": "E", "56": "S", "49": "S", "41": "N", "35": "N", "24": "W", "135": "S", "132": "W", "126": "N", "98": "W", "93": "S", "88": "S", "87": "S", "79": "N", "71": "W", "68": "W", "67": "N", "42": "W", "18": "N", "7": "S", "136": "E", "125": "S", "119": "E", "108": "N", "100": "S", "99": "E", "97": "S", "92": "E", "91": "E", "90": "S", "89": "N", "77": "N", "53": "N", "27": "E", "17": "S", "10": "S", "2": "S"}, {"23": "E", "31": "E", "139": "S", "50": "N", "109": "E", "70": "E", "101": "N", "45": "E", "94": "E", "121": "E", "65": "S", "11": "N", "55": "E", "75": "S", "52": "S", "80": "N", "51": "E", "38": "N", "8": "E", "102": "W", "6": "E", "131": "E", "133": "S", "96": "E", "32": "S", "143": "E", "13": "E", "57": "E", "103": "S", "21": "N", "142": "S", "128": "E", "117": "N", "44": "N", "62": "N", "28": "E", "14": "S", "0": "S", "137": "N", "113": "S", "84": "S", "63": "E", "37": "E", "73": "N", "72": "N", "69": "E", "5": "N", "46": "S", "138": "N", "105": "N", "85": "N", "54": "E", "34": "N", "110": "S", "130": "E", "124": "E", "115": "N", "112": "N", "107": "N", "106": "N", "81": "S", "56": "W", "49": "S", "41": "N", "35": "N", "24": "S", "135": "E", "132": "S", "126": "N", "98": "W", "88": "S", "87": "E", "83": "E", "79": "N", "71": "W", "68": "S", "67": "E", "42": "S", "18": "N", "7": "W", "136": "E", "125": "S", "119": "S", "108": "N", "100": "S", "99": "E", "97": "S", "92": "E", "90": "S", "89": "N", "77": "W", "53": "N", "47": "E", "33": "W", "29": "S", "27": "S", "26": "S", "17": "E", "10": "S", "2": "S"}, {"23": "E", "31": "E", "139": "S", "50": "N", "109": "E", "70": "E", "101": "N", "45": "E", "94": "E", "121": "E", "65": "S", "11": "N", "55": "E", "75": "S", "52": "S", "80": "N", "78": "W", "30": "E", "51": "E", "38": "N", "8": "E", "102": "W", "131": "E", "133": "S", "96": "E", "32": "S", "143": "E", "13": "E", "57": "E", "103": "S", "21": "W", "142": "S", "128": "E", "117": "N", "44": "W", "22": "W", "62": "E", "28": "E", "14": "S", "0": "E", "137": "N", "113": "S", "84": "S", "63": "E", "37": "E", "73": "N", "72": "N", "69": "S", "61": "E", "5": "E", "46": "S", "105": "N", "85": "N", "54": "E", "34": "N", "122": "E", "110": "S", "124": "E", "115": "N", "112": "N", "107": "E", "106": "N", "81": "S", "74": "W", "56": "W", "49": "S", "41": "N", "24": "W", "135": "E", "132": "S", "126": "N", "98": "S", "87": "E", "83": "E", "79": "N", "71": "W", "68": "W", "67": "E", "42": "S", "18": "N", "7": "W", "1": "W", "136": "E", "125": "S", "119": "S", "100": "S", "99": "N", "97": "S", "92": "E", "91": "W", "90": "S", "89": "N", "82": "W", "77": "N", "53": "N", "47": "N", "33": "W", "29": "E", "27": "S", "26": "E", "17": "E", "10": "S", "3": "W", "2": "S"}, {"31": "E", "139": "S", "50": "N", "109": "E", "86": "S", "70": "E", "101": "N", "45": "E", "94": "E", "121": "E", "65": "S", "11": "N", "55": "E", "75": "E", "52": "S", "20": "N", "80": "N", "78": "W", "30": "S", "51": "E", "38": "N", "8": "E", "140": "S", "43": "S", "131": "E", "133": "S", "96": "E", "32": "S", "143": "E", "13": "E", "57": "E", "103": "S", "21": "N", "142": "S", "128": "E", "117": "N", "44": "N", "22": "N", "116": "W", "62": "N", "28": "E", "15": "S", "14": "S", "0": "N", "137": "N", "113": "S", "84": "S", "63": "E", "37": "E", "144": "S", "73": "N", "72": "N", "61": "E", "5": "N", "46": "S", "105": "N", "85": "N", "54": "E", "48": "E", "34": "N", "110": "S", "130": "S", "124": "E", "115": "E", "112": "E", "107": "N", "106": "N", "81": "S", "74": "N", "56": "S", "49": "E", "41": "N", "132": "S", "126": "N", "98": "E", "87": "E", "83": "E", "79": "N", "71": "S", "68": "S", "67": "E", "42": "W", "18": "N", "7": "S", "1": "N", "136": "E", "125": "S", "119": "S", "108": "N", "100": "E", "99": "E", "97": "S", "91": "N", "90": "S", "89": "N", "77": "N", "53": "E", "47": "N", "33": "W", "29": "E", "27": "S", "26": "E", "17": "S", "10": "E", "2": "S"}, {"31": "E", "139": "S", "50": "N", "109": "N", "86": "E", "70": "E", "45": "E", "94": "E", "121": "E", "65": "S", "11": "N", "55": "E", "75": "E", "52": "S", "80": "N", "78": "W", "30": "E", "51": "E", "38": "N", "8": "E", "43": "W", "131": "N", "133": "E", "114": "N", "96": "N", "32": "E", "143": "E", "13": "N", "57": "E", "103": "S", "21": "N", "142": "W", "128": "E", "117": "E", "44": "N", "116": "N", "62": "N", "28": "E", "15": "E", "14": "S", "0": "N", "137": "N", "113": "S", "84": "S", "63": "E", "144": "E", "73": "N", "72": "E", "61": "S", "5": "N", "4": "S", "46": "S", "138": "S", "105": "N", "85": "W", "54": "E", "48": "E", "36": "E", "34": "E", "110": "S", "130": "E", "124": "E", "115": "N", "112": "N", "107": "E", "106": "N", "81": "S", "74": "N", "56": "W", "49": "E", "41": "N", "35": "N", "24": "W", "135": "E", "132": "S", "126": "N", "98": "S", "87": "S", "83": "N", "79": "N", "71": "S", "68": "S", "67": "E", "42": "W", "18": "N", "9": "W", "7": "W", "1": "N", "136": "E", "125": "S", "119": "S", "108": "W", "99": "N", "97": "S", "92": "W", "91": "N", "90": "S", "89": "N", "82": "E", "77": "N", "53": "N", "47": "N", "33": "W", "29": "E", "27": "S", "17": "E", "10": "S", "2": "S"}, {"31": "N", "139": "S", "50": "N", "109": "N", "86": "E", "45": "E", "94": "E", "121": "E", "65": "S", "11": "N", "55": "E", "75": "E", "52": "E", "80": "N", "78": "W", "30": "E", "51": "E", "38": "N", "43": "W", "131": "N", "133": "E", "114": "W", "16": "E", "96": "N", "32": "S", "143": "E", "13": "N", "57": "E", "103": "S", "21": "N", "142": "S", "128": "E", "117": "E", "44": "N", "22": "N", "62": "N", "28": "E", "15": "E", "14": "S", "137": "N", "113": "S", "84": "S", "63": "E", "144": "E", "73": "N", "72": "E", "61": "S", "5": "E", "46": "S", "138": "E", "105": "N", "59": "E", "36": "E", "110": "W", "130": "N", "124": "N", "115": "N", "107": "E", "106": "N", "81": "S", "56": "S", "41": "E", "35": "N", "24": "N", "135": "S", "132": "W", "126": "N", "98": "E", "87": "S", "79": "N", "71": "W", "68": "S", "67": "N", "42": "W", "18": "N", "7": "S", "1": "W", "136": "E", "119": "S", "108": "N", "99": "E", "97": "S", "92": "N", "91": "W", "90": "S", "89": "N", "77": "N", "53": "E", "47": "N", "33": "W", "29": "E", "27": "S", "26": "N", "17": "S", "10": "W", "2": "S"}, {"31": "N", "139": "S", "50": "N", "109": "E", "86": "E", "45": "N", "94": "E", "121": "E", "65": "S", "11": "N", "55": "E", "75": "E", "52": "E", "80": "N", "78": "S", "30": "E", "51": "E", "38": "N", "140": "N", "102": "E", "43": "N", "131": "N", "114": "S", "16": "E", "96": "N", "32": "S", "143": "E", "13": "N", "57": "N", "103": "S", "21": "E", "142": "W", "128": "E", "123": "W", "117": "E", "44": "N", "22": "N", "129": "N", "116": "S", "64": "S", "62": "E", "28": "E", "15": "N", "14": "S", "137": "N", "113": "S", "84": "S", "63": "E", "144": "E", "73": "N", "72": "E", "69": "S", "61": "E", "5": "N", "46": "S", "138": "N", "85": "S", "59": "E", "36": "E", "110": "W", "130": "N", "124": "N", "115": "N", "107": "E", "106": "N", "81": "S", "74": "E", "56": "S", "41": "N", "35": "N", "24": "E", "135": "E", "132": "W", "126": "N", "98": "E", "93": "N", "87": "S", "79": "N", "71": "S", "68": "W", "67": "N", "42": "W", "18": "N", "1": "N", "136": "E", "119": "S", "108": "N", "100": "E", "99": "N", "97": "S", "92": "N", "91": "N", "90": "S", "89": "N", "77": "N", "53": "N", "47": "E", "33": "W", "29": "S", "27": "S", "26": "N", "17": "E", "10": "S", "3": "E", "2": "S"}, {"31": "N", "139": "S", "50": "N", "109": "E", "86": "E", "45": "E", "94": "E", "121": "E", "65": "S", "11": "E", "75": "E", "52": "E", "80": "N", "78": "W", "30": "S", "38": "N", "8": "N", "102": "E", "43": "W", "131": "N", "114": "S", "16": "E", "96": "N", "32": "E", "143": "E", "13": "N", "57": "E", "103": "W", "21": "N", "142": "W", "128": "E", "123": "W", "117": "E", "44": "N", "22": "N", "116": "S", "28": "E", "14": "E", "137": "W", "113": "E", "84": "E", "63": "E", "37": "S", "73": "W", "72": "E", "69": "E", "61": "S", "5": "N", "4": "W", "46": "S", "138": "N", "85": "E", "59": "S", "36": "E", "122": "N", "110": "W", "130": "N", "124": "N", "115": "N", "107": "S", "106": "N", "81": "E", "56": "W", "49": "W", "41": "E", "35": "N", "135": "S", "132": "W", "126": "W", "98": "E", "93": "N", "79": "E", "71": "W", "68": "W", "67": "N", "42": "S", "18": "N", "9": "W", "7": "W", "1": "N", "136": "E", "119": "E", "108": "N", "100": "E", "99": "N", "97": "S", "92": "E", "91": "N", "90": "E", "89": "N", "77": "N", "53": "N", "33": "W", "29": "E", "27": "E", "26": "N", "17": "S", "3": "E", "2": "E"}, {"139": "S", "50": "N", "109": "E", "86": "E", "45": "E", "94": "E", "121": "N", "65": "E", "11": "E", "55": "N", "75": "E", "52": "E", "80": "N", "78": "W", "30": "S", "38": "N", "8": "N", "102": "E", "43": "N", "131": "N", "114": "S", "16": "N", "96": "N", "32": "N", "143": "E", "13": "N", "57": "N", "103": "W", "21": "N", "142": "W", "128": "E", "123": "W", "117": "E", "44": "E", "22": "N", "116": "S", "64": "N", "62": "N", "28": "E", "19": "S", "14": "S", "137": "N", "113": "S", "84": "S", "63": "E", "73": "N", "72": "E", "69": "N", "61": "S", "4": "N", "46": "S", "138": "E", "85": "N", "59": "E", "54": "S", "36": "E", "122": "W", "110": "W", "130": "N", "124": "N", "115": "N", "107": "E", "106": "N", "81": "S", "56": "W", "49": "S", "41": "N", "35": "N", "135": "E", "132": "W", "126": "N", "98": "S", "93": "E", "88": "E", "87": "N", "83": "S", "79": "E", "71": "W", "68": "W", "67": "N", "18": "N", "9": "W", "7": "W", "1": "N", "136": "E", "119": "S", "108": "E", "100": "E", "99": "E", "97": "W", "92": "E", "91": "N", "90": "S", "89": "N", "77": "N", "53": "N", "33": "W", "29": "N", "27": "S", "26": "N", "17": "E", "10": "W", "3": "E", "2": "S"}, {"139": "W", "50": "N", "109": "E", "86": "E", "45": "E", "94": "E", "121": "E", "65": "E", "11": "E", "55": "E", "75": "S", "52": "E", "80": "N", "78": "W", "30": "S", "38": "N", "8": "N", "102": "E", "43": "W", "131": "E", "133": "W", "114": "W", "16": "N", "96": "N", "32": "E", "143": "E", "13": "N", "57": "E", "60": "S", "103": "W", "21": "N", "142": "S", "123": "W", "117": "E", "22": "N", "129": "S", "116": "W", "64": "N", "62": "N", "28": "E", "19": "E", "14": "W", "137": "N", "113": "S", "84": "S", "63": "N", "73": "N", "72": "E", "69": "N", "61": "S", "5": "N", "4": "E", "46": "S", "138": "E", "105": "E", "85": "E", "59": "E", "54": "E", "48": "N", "36": "E", "122": "S", "110": "W", "130": "N", "124": "N", "115": "E", "107": "S", "106": "N", "81": "S", "74": "S", "56": "W", "49": "S", "41": "E", "35": "E", "135": "S", "132": "W", "126": "N", "98": "E", "95": "S", "87": "N", "83": "E", "79": "E", "71": "W", "68": "W", "67": "N", "18": "E", "9": "W", "7": "W", "1": "N", "136": "E", "119": "S", "108": "E", "100": "S", "99": "N", "97": "W", "92": "S", "91": "N", "90": "W", "89": "N", "77": "W", "53": "N", "33": "W", "29": "N", "27": "S", "26": "N", "17": "S", "10": "W", "3": "E", "2": "W"}, {"139": "W", "50": "N", "109": "E", "86": "N", "45": "E", "121": "E", "65": "E", "11": "E", "55": "S", "75": "S", "52": "E", "80": "N", "78": "W", "30": "S", "38": "N", "8": "E", "102": "E", "43": "N", "131": "E", "133": "W", "114": "S", "16": "E", "96": "N", "32": "E", "143": "E", "13": "N", "57": "N", "60": "S", "103": "S", "21": "N", "142": "S", "123": "W", "117": "E", "22": "N", "116": "S", "62": "N", "28": "E", "19": "E", "15": "E", "14": "W", "137": "N", "113": "W", "84": "W", "63": "E", "73": "N", "72": "E", "69": "N", "61": "S", "5": "N", "4": "S", "138": "S", "127": "W", "105": "N", "85": "E", "59": "E", "54": "E", "48": "W", "36": "E", "110": "W", "130": "N", "124": "N", "107": "E", "106": "N", "81": "E", "56": "W", "49": "S", "41": "N", "35": "E", "24": "S", "135": "S", "132": "W", "126": "N", "98": "E", "88": "N", "87": "N", "83": "E", "79": "N", "71": "S", "68": "W", "67": "W", "42": "S", "18": "E", "9": "W", "7": "W", "1": "N", "136": "E", "119": "W", "100": "S", "99": "N", "97": "W", "92": "E", "91": "N", "90": "W", "89": "E", "82": "N", "77": "W", "53": "N", "33": "W", "29": "N", "27": "S", "26": "N", "17": "S", "10": "W", "3": "E", "2": "S"}, {"139": "W", "50": "N", "109": "E", "86": "N", "45": "E", "121": "E", "65": "E", "11": "E", "75": "S", "52": "S", "20": "S", "80": "N", "78": "S", "30": "S", "38": "N", "8": "E", "102": "E", "43": "N", "131": "E", "114": "E", "16": "N", "96": "E", "32": "E", "143": "E", "13": "E", "57": "E", "60": "E", "103": "S", "21": "N", "142": "S", "123": "W", "117": "E", "22": "N", "116": "E", "64": "S", "62": "N", "28": "N", "19": "N", "14": "W", "137": "N", "113": "W", "63": "E", "73": "N", "61": "W", "127": "W", "105": "E", "85": "E", "59": "S", "54": "E", "36": "E", "110": "W", "130": "N", "124": "E", "107": "S", "106": "W", "81": "S", "56": "S", "49": "W", "41": "E", "35": "N", "24": "S", "135": "S", "132": "W", "126": "N", "98": "E", "93": "E", "87": "N", "79": "E", "71": "W", "68": "S", "67": "W", "42": "E", "18": "E", "9": "N", "7": "S", "1": "N", "136": "E", "119": "W", "100": "E", "99": "N", "97": "W", "92": "S", "91": "N", "90": "W", "89": "E", "82": "E", "77": "W", "53": "N", "33": "S", "29": "N", "27": "S", "26": "W", "17": "S", "10": "W", "3": "E", "2": "S"}, {"139": "W", "50": "N", "109": "E", "86": "N", "45": "E", "121": "E", "65": "E", "11": "E", "75": "S", "52": "S", "80": "N", "78": "S", "30": "S", "38": "N", "102": "E", "43": "N", "131": "E", "114": "E", "16": "N", "96": "E", "57": "E", "60": "E", "103": "S", "21": "E", "142": "S", "123": "W", "117": "E", "22": "N", "116": "E", "62": "N", "28": "N", "19": "E", "14": "W", "137": "N", "113": "W", "84": "S", "63": "E", "37": "E", "144": "S", "73": "N", "61": "W", "4": "W", "138": "E", "127": "W", "105": "E", "85": "E", "59": "S", "54": "S", "36": "S", "110": "S", "130": "N", "124": "N", "107": "S", "106": "N", "81": "W", "56": "W", "49": "W", "41": "N", "35": "N", "24": "S", "135": "E", "132": "S", "126": "N", "98": "E", "95": "N", "93": "E", "87": "N", "83": "N", "79": "E", "68": "S", "67": "N", "42": "N", "18": "N", "9": "N", "7": "W", "1": "E", "136": "N", "119": "S", "100": "E", "99": "E", "97": "S", "92": "E", "91": "N", "90": "S", "89": "E", "82": "S", "77": "N", "53": "N", "47": "S", "33": "S", "29": "E", "27": "S", "26": "W", "17": "E", "10": "W", "3": "E", "2": "W"}, {"139": "W", "50": "E", "109": "E", "86": "N", "45": "E", "121": "E", "65": "E", "11": "E", "75": "S", "52": "S", "80": "N", "78": "W", "30": "S", "38": "N", "102": "E", "43": "N", "114": "E", "16": "N", "96": "E", "32": "E", "13": "N", "60": "E", "103": "S", "21": "N", "142": "S", "117": "E", "22": "N", "62": "E", "28": "N", "19": "E", "14": "S", "137": "E", "113": "W", "84": "W", "63": "N", "144": "S", "73": "E", "72": "N", "61": "S", "5": "E", "4": "W", "138": "E", "105": "S", "85": "E", "59": "S", "48": "E", "36": "S", "110": "W", "130": "N", "124": "E", "107": "E", "106": "N", "81": "S", "56": "S", "49": "W", "41": "E", "35": "E", "24": "S", "135": "S", "132": "W", "126": "E", "98": "E", "83": "N", "79": "E", "71": "E", "68": "S", "42": "E", "18": "E", "9": "N", "7": "S", "1": "E", "136": "N", "119": "S", "100": "E", "99": "E", "97": "S", "92": "N", "91": "N", "90": "S", "89": "E", "82": "E", "77": "N", "53": "N", "47": "E", "33": "S", "27": "W", "26": "N", "17": "S", "10": "W", "3": "E", "2": "W"}, {"139": "W", "50": "E", "109": "E", "86": "N", "45": "E", "121": "E", "65": "S", "11": "E", "75": "S", "52": "S", "80": "E", "78": "S", "30": "S", "38": "N", "102": "E", "43": "N", "114": "E", "16": "N", "96": "E", "32": "E", "13": "N", "60": "N", "103": "S", "21": "N", "142": "S", "123": "E", "117": "E", "22": "N", "116": "S", "62": "E", "28": "E", "19": "E", "14": "S", "137": "E", "113": "S", "84": "W", "63": "E", "37": "W", "144": "E", "73": "E", "72": "W", "61": "S", "5": "N", "4": "S", "138": "E", "127": "E", "105": "E", "59": "S", "36": "S", "122": "E", "110": "S", "130": "N", "124": "E", "107": "S", "106": "N", "81": "S", "74": "W", "56": "S", "49": "S", "41": "E", "35": "N", "24": "S", "135": "W", "132": "S", "126": "N", "98": "E", "83": "N", "79": "N", "71": "S", "68": "S", "67": "W", "18": "E", "9": "N", "1": "E", "136": "N", "119": "W", "100": "S", "99": "N", "97": "S", "92": "E", "91": "E", "82": "S", "77": "N", "53": "E", "47": "E", "33": "S", "29": "E", "27": "W", "26": "N", "17": "S", "10": "W", "3": "E", "2": "S"}, {"139": "W", "50": "E", "109": "E", "86": "N", "40": "S", "45": "E", "121": "E", "65": "S", "11": "E", "75": "S", "52": "S", "80": "E", "78": "S", "30": "W", "38": "N", "102": "E", "43": "N", "133": "E", "114": "S", "16": "N", "96": "N", "32": "E", "13": "N", "60": "N", "103": "S", "21": "E", "142": "S", "123": "E", "22": "N", "116": "S", "64": "S", "28": "E", "19": "E", "14": "S", "113": "S", "84": "W", "63": "E", "37": "N", "144": "S", "73": "N", "72": "S", "61": "W", "5": "E", "4": "S", "138": "E", "127": "E", "105": "E", "85": "E", "59": "S", "54": "S", "36": "E", "122": "E", "110": "S", "130": "N", "124": "E", "107": "W", "106": "E", "81": "S", "56": "W", "49": "S", "41": "E", "35": "E", "24": "S", "135": "S", "132": "S", "126": "N", "98": "N", "88": "E", "83": "N", "79": "E", "68": "S", "42": "W", "18": "E", "9": "N", "1": "N", "136": "E", "119": "W", "100": "E", "99": "N", "97": "S", "92": "S", "91": "E", "89": "N", "82": "S", "77": "N", "53": "E", "47": "S", "33": "S", "29": "N", "27": "W", "26": "N", "17": "S", "10": "N", "3": "E", "2": "S"}, {"139": "W", "50": "E", "104": "W", "109": "E", "86": "N", "40": "E", "25": "S", "118": "S", "45": "N", "121": "E", "65": "S", "11": "E", "75": "S", "52": "S", "20": "E", "80": "E", "78": "S", "30": "W", "38": "E", "102": "E", "43": "W", "114": "E", "16": "W", "96": "E", "32": "E", "13": "E", "60": "N", "103": "S", "21": "E", "142": "S", "123": "E", "117": "E", "22": "N", "116": "E", "28": "E", "19": "E", "14": "W", "113": "S", "84": "S", "63": "S", "144": "E", "73": "E", "72": "E", "61": "W", "5": "E", "4": "S", "138": "E", "127": "E", "85": "E", "59": "S", "48": "S", "36": "E", "122": "E", "110": "S", "124": "E", "107": "S", "106": "N", "81": "W", "74": "E", "56": "W", "49": "S", "41": "E", "35": "E", "24": "S", "135": "S", "132": "S", "126": "N", "98": "N", "88": "E", "83": "N", "79": "E", "71": "E", "68": "S", "67": "E", "42": "W", "18": "E", "9": "N", "7": "S", "1": "N", "136": "E", "125": "W", "119": "S", "100": "S", "99": "N", "97": "W", "92": "E", "91": "N", "90": "N", "89": "N", "82": "E", "77": "N", "53": "N", "47": "E", "33": "S", "29": "E", "27": "S", "26": "N", "17": "S", "10": "W", "3": "E", "2": "W"}, {"139": "S", "50": "E", "104": "W", "109": "E", "86": "N", "40": "N", "25": "E", "118": "S", "45": "N", "121": "E", "65": "S", "11": "N", "75": "W", "52": "S", "20": "E", "80": "E", "78": "S", "30": "S", "38": "E", "102": "E", "43": "N", "114": "E", "16": "N", "96": "E", "32": "E", "13": "E", "60": "N", "103": "S", "21": "E", "142": "S", "123": "E", "117": "E", "22": "N", "116": "E", "28": "N", "19": "E", "14": "W", "113": "S", "84": "S", "63": "E", "144": "E", "73": "N", "72": "E", "61": "W", "5": "N", "4": "S", "138": "E", "59": "S", "36": "S", "122": "E", "110": "S", "124": "E", "107": "S", "106": "E", "81": "W", "56": "W", "49": "E", "41": "E", "35": "E", "24": "S", "132": "S", "126": "E", "88": "S", "83": "W", "79": "E", "71": "S", "68": "S", "42": "W", "18": "E", "9": "N", "7": "W", "1": "E", "136": "E", "119": "S", "100": "S", "99": "N", "97": "S", "92": "E", "91": "E", "90": "W", "89": "E", "82": "E", "77": "N", "53": "E", "47": "S", "33": "S", "29": "N", "27": "S", "26": "N", "17": "S", "10": "W", "3": "E", "2": "S"}, {"139": "S", "104": "W", "109": "E", "86": "E", "40": "E", "25": "N", "118": "E", "45": "E", "121": "N", "65": "S", "11": "E", "75": "W", "52": "S", "20": "E", "80": "E", "78": "E", "30": "S", "38": "E", "102": "E", "43": "N", "114": "E", "16": "N", "96": "S", "32": "E", "13": "E", "60": "N", "142": "S", "123": "E", "22": "E", "116": "E", "28": "N", "19": "E", "14": "S", "113": "W", "84": "S", "63": "E", "144": "E", "73": "E", "61": "W", "5": "E", "4": "W", "59": "S", "54": "N", "36": "W", "122": "S", "110": "S", "130": "W", "124": "S", "106": "E", "81": "S", "56": "W", "41": "S", "35": "E", "135": "E", "126": "E", "93": "E", "88": "E", "83": "N", "79": "E", "71": "S", "42": "W", "18": "E", "9": "N", "7": "W", "1": "N", "136": "E", "119": "W", "100": "S", "99": "E", "97": "S", "92": "E", "91": "E", "90": "S", "89": "N", "82": "E", "77": "W", "53": "E", "47": "S", "33": "S", "29": "W", "27": "S", "26": "E", "17": "W", "10": "W", "2": "W"}, {"139": "S", "104": "W", "109": "E", "86": "E", "40": "E", "25": "E", "118": "E", "45": "N", "121": "N", "65": "S", "11": "E", "75": "S", "52": "W", "20": "E", "80": "E", "78": "E", "30": "W", "39": "E", "38": "E", "102": "E", "43": "N", "114": "E", "16": "W", "96": "E", "32": "E", "13": "E", "60": "N", "123": "E", "117": "E", "116": "E", "28": "N", "14": "W", "113": "S", "84": "W", "63": "E", "144": "N", "72": "E", "61": "N", "4": "W", "138": "S", "54": "N", "36": "S", "122": "S", "124": "S", "107": "N", "106": "N", "81": "W", "74": "N", "56": "W", "49": "S", "41": "E", "35": "E", "135": "S", "126": "N", "93": "E", "88": "E", "83": "N", "79": "E", "71": "S", "42": "W", "18": "E", "9": "N", "7": "W", "1": "E", "136": "E", "125": "E", "119": "S", "100": "S", "99": "N", "97": "W", "92": "E", "91": "E", "90": "W", "89": "E", "82": "S", "77": "W", "53": "E", "47": "E", "33": "S", "27": "W", "26": "E", "17": "S", "10": "W", "2": "W"}, {"139": "S", "109": "E", "86": "E", "40": "E", "25": "E", "118": "E", "121": "E", "65": "S", "11": "E", "75": "S", "52": "S", "20": "S", "80": "E", "78": "E", "30": "W", "39": "S", "38": "E", "102": "E", "43": "N", "133": "E", "114": "E", "16": "W", "96": "E", "32": "E", "13": "E", "60": "N", "123": "E", "117": "E", "116": "E", "64": "N", "28": "N", "14": "W", "113": "W", "84": "W", "63": "S", "144": "N", "72": "E", "61": "W", "4": "S", "138": "E", "59": "S", "54": "N", "36": "S", "122": "S", "124": "E", "107": "W", "106": "N", "81": "S", "56": "W", "49": "S", "41": "E", "35": "S", "135": "W", "126": "E", "93": "E", "88": "E", "83": "E", "79": "S", "71": "S", "67": "E", "42": "W", "9": "N", "7": "W", "1": "E", "136": "E", "119": "W", "100": "S", "99": "N", "97": "W", "92": "E", "91": "E", "90": "W", "89": "E", "82": "W", "77": "N", "53": "E", "47": "E", "33": "S", "29": "N", "27": "W", "26": "E", "17": "S", "10": "W", "2": "W"}, {"139": "E", "104": "E", "109": "E", "86": "E", "40": "E", "25": "E", "118": "E", "121": "E", "65": "S", "11": "E", "75": "W", "52": "S", "20": "S", "78": "E", "30": "N", "39": "S", "38": "E", "102": "E", "43": "N", "114": "E", "16": "W", "96": "E", "32": "E", "13": "E", "60": "N", "117": "E", "116": "E", "28": "N", "14": "S", "113": "W", "84": "W", "63": "E", "144": "N", "72": "E", "61": "S", "4": "E", "138": "E", "59": "S", "54": "N", "36": "S", "122": "E", "124": "E", "107": "S", "106": "E", "81": "S", "74": "E", "56": "W", "49": "S", "41": "S", "35": "E", "135": "S", "126": "E", "93": "E", "88": "E", "83": "N", "79": "E", "71": "S", "18": "E", "9": "E", "7": "S", "1": "E", "136": "N", "119": "S", "100": "S", "99": "N", "97": "N", "91": "E", "90": "W", "89": "E", "82": "N", "77": "N", "53": "E", "47": "E", "33": "S", "27": "W", "26": "E", "17": "S", "10": "W", "3": "E", "2": "S"}, {"139": "E", "104": "E", "109": "E", "86": "E", "40": "E", "25": "E", "118": "E", "121": "N", "65": "W", "11": "E", "75": "W", "52": "W", "20": "S", "78": "E", "39": "W", "38": "E", "102": "E", "43": "N", "114": "E", "16": "S", "96": "E", "32": "E", "13": "E", "60": "W", "117": "E", "116": "E", "64": "N", "28": "N", "14": "W", "113": "S", "84": "S", "63": "E", "144": "N", "72": "E", "61": "W", "4": "S", "138": "N", "59": "S", "36": "S", "122": "S", "124": "N", "107": "S", "106": "E", "81": "W", "74": "S", "56": "W", "49": "S", "41": "S", "35": "E", "135": "W", "126": "N", "93": "E", "88": "E", "79": "E", "71": "S", "18": "E", "9": "N", "7": "S", "1": "E", "136": "E", "119": "S", "100": "S", "99": "N", "97": "W", "91": "E", "89": "E", "82": "E", "77": "E", "53": "E", "47": "E", "33": "S", "27": "S", "26": "E", "17": "S", "10": "W", "3": "E", "2": "S"}, {"139": "E", "104": "E", "109": "E", "86": "E", "40": "E", "25": "E", "118": "E", "65": "S", "75": "S", "52": "W", "20": "S", "78": "E", "39": "W", "38": "E", "102": "E", "43": "N", "114": "E", "96": "E", "32": "N", "13": "E", "117": "E", "64": "N", "28": "N", "14": "S", "113": "W", "84": "W", "72": "E", "61": "S", "4": "E", "138": "N", "59": "S", "36": "S", "122": "S", "130": "E", "124": "N", "107": "S", "106": "S", "81": "W", "74": "E", "56": "S", "49": "E", "41": "S", "35": "S", "135": "S", "126": "N", "93": "S", "79": "E", "71": "S", "67": "E", "18": "E", "9": "N", "136": "N", "119": "W", "100": "S", "99": "W", "97": "W", "92": "N", "91": "N", "90": "W", "89": "E", "77": "E", "53": "N", "47": "N", "33": "S", "27": "W", "26": "N", "17": "S", "10": "S", "3": "E", "2": "W"}, {"139": "E", "104": "E", "109": "E", "86": "E", "25": "S", "118": "S", "65": "W", "75": "W", "52": "W", "20": "S", "39": "W", "38": "E", "102": "E", "43": "E", "114": "E", "96": "E", "32": "E", "13": "E", "60": "E", "117": "E", "116": "S", "64": "N", "28": "W", "14": "S", "113": "W", "84": "W", "72": "E", "61": "W", "4": "E", "138": "E", "59": "S", "36": "S", "122": "W", "124": "E", "107": "S", "106": "E", "81": "S", "74": "E", "56": "S", "49": "E", "35": "E", "135": "S", "126": "E", "93": "E", "79": "E", "71": "S", "67": "E", "18": "E", "9": "N", "1": "E", "136": "N", "119": "W", "100": "S", "99": "N", "97": "W", "92": "N", "91": "E", "90": "S", "89": "E", "82": "N", "77": "N", "53": "E", "47": "N", "33": "S", "27": "W", "26": "E", "17": "W", "10": "S", "3": "E", "2": "W"}, {"139": "E", "109": "E", "86": "E", "25": "S", "118": "S", "75": "W", "52": "S", "20": "S", "78": "S", "39": "W", "38": "N", "43": "E", "114": "E", "96": "E", "32": "N", "60": "E", "117": "E", "116": "S", "28": "N", "14": "S", "113": "W", "84": "S", "72": "E", "61": "S", "4": "E", "138": "E", "59": "S", "36": "S", "122": "S", "124": "N", "107": "S", "106": "E", "81": "W", "74": "E", "49": "E", "35": "E", "135": "S", "126": "E", "93": "S", "88": "S", "79": "E", "71": "S", "67": "E", "18": "E", "9": "N", "1": "E", "136": "N", "119": "W", "100": "S", "99": "N", "97": "S", "91": "E", "90": "W", "89": "E", "82": "N", "77": "N", "53": "E", "47": "E", "33": "S", "27": "W", "26": "N", "17": "S", "3": "E", "2": "W"}, {"139": "E", "109": "E", "86": "E", "118": "E", "75": "S", "52": "W", "20": "S", "78": "E", "39": "W", "38": "N", "43": "E", "114": "E", "96": "E", "32": "E", "60": "E", "28": "N", "14": "S", "113": "S", "84": "S", "61": "S", "4": "E", "138": "N", "59": "W", "36": "S", "122": "S", "124": "N", "107": "S", "106": "S", "81": "S", "74": "E", "49": "E", "35": "E", "135": "S", "126": "S", "93": "W", "79": "E", "71": "S", "67": "E", "18": "E", "9": "N", "1": "E", "136": "N", "119": "W", "100": "W", "99": "W", "97": "W", "92": "E", "91": "S", "90": "W", "89": "E", "77": "E", "53": "S", "47": "E", "33": "S", "27": "W", "26": "E", "17": "W", "3": "E", "2": "W"}, {"139": "E", "109": "E", "86": "E", "40": "S", "118": "E", "75": "S", "52": "S", "20": "S", "78": "E", "39": "W", "38": "E", "43": "E", "114": "N", "32": "N", "60": "E", "28": "W", "113": "S", "84": "S", "61": "S", "4": "E", "138": "E", "59": "W", "36": "S", "122": "S", "124": "N", "107": "S", "106": "E", "81": "S", "74": "E", "49": "E", "35": "E", "135": "S", "126": "E", "93": "S", "88": "W", "79": "E", "71": "E", "67": "E", "18": "E", "9": "N", "1": "E", "136": "E", "119": "S", "100": "S", "99": "W", "97": "W", "92": "N", "91": "E", "90": "S", "89": "E", "77": "N", "53": "E", "47": "N", "33": "S", "26": "E", "17": "W", "3": "E", "2": "S"}, {"139": "E", "109": "E", "86": "E", "40": "E", "25": "N", "118": "N", "75": "W", "52": "S", "20": "W", "78": "N", "39": "W", "38": "E", "43": "E", "114": "N", "32": "E", "60": "E", "116": "N", "28": "W", "113": "W", "84": "W", "61": "S", "4": "E", "138": "E", "59": "W", "36": "W", "122": "S", "124": "E", "107": "S", "106": "E", "81": "S", "74": "E", "49": "E", "35": "E", "135": "W", "126": "E", "93": "S", "88": "S", "79": "E", "71": "E", "67": "E", "18": "S", "9": "N", "7": "N", "1": "E", "136": "N", "119": "W", "100": "S", "99": "W", "97": "W", "92": "W", "91": "E", "90": "S", "89": "E", "77": "E", "53": "E", "47": "N", "33": "S", "27": "W", "26": "E", "17": "W", "2": "W"}, {"139": "E", "109": "E", "86": "E", "40": "E", "25": "N", "118": "E", "75": "S", "52": "W", "20": "S", "78": "N", "39": "S", "43": "E", "114": "E", "32": "N", "60": "E", "116": "N", "64": "W", "28": "N", "113": "W", "84": "W", "61": "E", "4": "N", "138": "E", "85": "N", "59": "W", "36": "W", "122": "S", "107": "S", "106": "E", "81": "S", "74": "E", "49": "E", "35": "E", "135": "W", "126": "S", "93": "S", "88": "S", "79": "E", "71": "E", "67": "E", "18": "E", "9": "N", "7": "N", "1": "E", "136": "W", "119": "W", "100": "S", "99": "N", "97": "N", "92": "W", "91": "S", "90": "W", "89": "E", "77": "E", "53": "S", "47": "E", "33": "E", "27": "W", "26": "E", "17": "W", "2": "W"}, {"109": "E", "86": "E", "40": "E", "118": "E", "75": "W", "52": "S", "20": "S", "78": "E", "39": "S", "140": "S", "43": "E", "114": "N", "32": "W", "60": "E", "64": "N", "28": "W", "113": "W", "84": "W", "61": "E", "4": "E", "138": "N", "85": "E", "59": "W", "36": "S", "122": "S", "107": "W", "106": "E", "81": "S", "74": "E", "49": "E", "35": "E", "135": "N", "126": "E", "93": "S", "88": "S", "79": "E", "71": "E", "18": "E", "9": "E", "1": "E", "136": "N", "100": "W", "99": "N", "92": "N", "90": "W", "89": "E", "77": "E", "53": "E", "33": "E", "26": "E", "17": "W", "2": "S"}, {"109": "N", "86": "E", "118": "E", "75": "N", "52": "W", "20": "W", "39": "S", "43": "E", "114": "N", "60": "E", "64": "N", "28": "W", "113": "W", "84": "S", "61": "E", "4": "E", "138": "W", "85": "E", "59": "S", "36": "W", "122": "W", "107": "W", "106": "E", "74": "N", "35": "E", "126": "E", "93": "S", "88": "S", "79": "E", "71": "E", "18": "E", "7": "S", "1": "E", "136": "N", "100": "W", "99": "N", "92": "W", "90": "S", "89": "E", "77": "E", "53": "E", "33": "E", "27": "N", "26": "E", "17": "S"}, {"109": "E", "86": "E", "40": "W", "118": "E", "75": "N", "52": "N", "20": "W", "39": "S", "43": "E", "64": "E", "28": "S", "113": "S", "84": "S", "85": "E", "36": "S", "122": "S", "107": "W", "106": "E", "74": "N", "49": "S", "35": "S", "135": "N", "126": "E", "93": "S", "88": "S", "79": "E", "71": "E", "18": "E", "9": "N", "7": "S", "1": "E", "136": "N", "100": "W", "99": "W", "89": "E", "77": "E", "53": "E", "33": "E", "27": "W", "26": "E", "17": "W"}, {"109": "E", "86": "E", "40": "N", "118": "N", "52": "N", "20": "S", "39": "S", "140": "N", "114": "S", "129": "S", "64": "N", "113": "S", "59": "N", "36": "W", "122": "W", "107": "S", "106": "E", "74": "E", "49": "S", "35": "E", "135": "N", "126": "E", "93": "S", "88": "S", "79": "E", "71": "E", "18": "E", "9": "N", "1": "E", "136": "W", "100": "S", "90": "W", "89": "E", "77": "E", "53": "E", "33": "E", "27": "W", "26": "E", "17": "S"}, {"109": "N", "86": "E", "118": "N", "20": "S", "39": "S", "114": "S", "36": "S", "122": "W", "106": "E", "74": "N", "35": "E", "93": "S", "88": "S", "79": "E", "71": "E", "9": "E", "1": "E", "136": "N", "100": "S", "90": "W", "89": "E", "77": "E", "53": "S", "33": "E", "27": "W", "26": "S", "17": "S"}, {"109": "E", "86": "E", "118": "E", "94": "S", "20": "W", "39": "S", "85": "S", "36": "S", "122": "S", "106": "S", "74": "E", "35": "E", "135": "S", "93": "S", "88": "S", "79": "E", "71": "E", "9": "E", "1": "E", "136": "N", "100": "W", "90": "W", "89": "E", "77": "E", "53": "E", "33": "E", "27": "N", "26": "S", "17": "S"}, {"109": "E", "86": "E", "118": "N", "20": "N", "39": "S", "129": "N", "36": "W", "122": "W", "107": "W", "106": "E", "74": "N", "35": "S", "93": "S", "88": "S", "79": "S", "71": "E", "9": "E", "1": "E", "136": "N", "100": "W", "90": "W", "77": "S", "53": "S", "33": "E", "27": "N", "26": "E", "17": "W"}, {"86": "E", "39": "S", "36": "W", "122": "W", "107": "W", "106": "E", "74": "E", "35": "S", "93": "S", "88": "S", "79": "E", "71": "E", "1": "E", "136": "N", "100": "W", "90": "W", "77": "E", "53": "E", "33": "E", "27": "N", "26": "E", "17": "S"}, {"86": "E", "94": "N", "39": "W", "36": "W", "107": "W", "106": "E", "74": "N", "35": "S", "93": "W", "88": "S", "79": "E", "71": "E", "1": "E", "136": "W", "100": "W", "90": "W", "89": "S", "77": "E", "53": "E", "33": "E", "17": "S"}, {"86": "E", "39": "S", "36": "W", "107": "W", "106": "E", "35": "S", "93": "W", "88": "S", "71": "E", "1": "E", "136": "W", "100": "W", "89": "S", "53": "E", "33": "E", "17": "E"}, {"86": "E", "36": "W", "35": "S", "93": "W", "88": "W", "71": "E", "1": "E", "136": "N", "100": "W", "89": "S", "53": "S", "33": "E"}, {"36": "W", "35": "E", "93": "W", "88": "W", "71": "E", "1": "E", "136": "W", "100": "W", "53": "E", "33": "E"}, {"36": "W", "93": "S", "88": "W", "71": "E", "1": "E", "136": "W", "100": "N", "53": "E", "33": "E"}, {"36": "S", "93": "W", "88": "W", "71": "S", "1": "S", "136": "N", "53": "E", "33": "E"}, {"93": "W", "88": "S", "1": "S", "136": "N", "53": "S", "33": "E"}, {"93": "N", "88": "W", "1": "W", "53": "S"}, {"93": "W", "88": "W", "1": "S", "53": "S"}, {"93": "W", "88": "N", "1": "W", "53": "S"}, {"1": "W", "53": "S"}, {"53": "S"}], "result": "SUCCESS", "makespan": 68, "sum": 5059, "algo_name": "OutAndInByPercentage_BIT_", "extra": {"arrival_order": [23, 31, 139, 50, 104, 109, 86, 40, 70, 25, 118, 101, 45, 12, 94, 121, 65, 11, 55, 75, 52, 20, 80, 78, 30, 51, 39, 38, 8, 140, 102, 43, 6, 131, 133, 114, 16, 96, 32, 143, 111, 13, 57, 60, 103, 58, 21, 142, 128, 123, 120, 117, 44, 22, 129, 116, 64, 62, 28, 19, 15, 14, 0, 137, 134, 113, 84, 63, 37, 144, 141, 73, 72, 69, 61, 5, 4, 46, 138, 127, 105, 85, 76, 59, 54, 48, 36, 34, 122, 110, 130, 124, 115, 112, 107, 106, 81, 74, 66, 56, 49, 41, 35, 24, 135, 132, 126, 98, 95, 93, 88, 87, 83, 79, 71, 68, 67, 42, 18, 9, 7, 1, 136, 125, 119, 108, 100, 99, 97, 92, 91, 90, 89, 82, 77, 53, 47, 33, 29, 27, 26, 17, 10, 3, 2], "time_arrived": [2048, 4096, 5062, 5021, 2508, 2461, 1070, 4037, 958, 4005, 4996, 632, 493, 1398, 2033, 1991, 1190, 4936, 3973, 1972, 759, 1562, 1773, 62, 3445, 367, 4890, 4847, 1949, 4788, 855, 102, 1276, 4774, 2850, 3422, 2828, 2253, 931, 893, 300, 3373, 3925, 1035, 1734, 474, 2532, 4723, 2783, 3330, 174, 871, 734, 4689, 2759, 663, 3287, 1440, 1525, 2725, 1476, 2431, 1896, 2229, 1867, 602, 3245, 3891, 3852, 2392, 333, 3822, 2371, 2327, 3233, 697, 2693, 4631, 821, 3777, 788, 3184, 4574, 3724, 2185, 2663, 269, 3699, 3687, 4554, 4503, 4445, 4408, 3646, 528, 3604, 1237, 4371, 3583, 4327, 4280, 434, 996, 1511, 194, 2628, 3144, 3090, 4235, 231, 2914, 1351, 3050, 2139, 1173, 3029, 1838, 1711, 403, 4212, 1665, 570, 2875, 1651, 3003, 4180, 3567, 2596, 1639, 1795, 2957, 1112, 3515, 1131, 2097, 3478, 4157, 2080, 2575, 138, 979, 2291, 1598, 1323, 2274], "BIT_runs": 1, "old_makespan": 5062, "old_sum": 6317, "improved": "[23, 31, 139, 50, 104, 109, 86, 40, 70, 25, 118, 101, 45, 12, 94, 121, 65, 11, 55, 75, 52, 20, 80, 78, 30, 51, 39, 38, 8, 140, 102, 43, 6, 131, 133, 114, 16, 96, 32, 143, 111, 13, 57, 60, 103, 58, 21, 142, 128, 123, 120, 117, 44, 22, 129, 116, 64, 62, 28, 19, 15, 14, 0, 137, 134, 113, 84, 63, 37, 144, 141, 73, 72, 69, 61, 5, 4, 46, 138, 127, 105, 85, 76, 59, 54, 48, 36, 34, 122, 110, 130, 124, 115, 112, 107, 106, 81, 74, 66, 56, 49, 41, 35, 24, 135, 132, 126, 98, 95, 93, 88, 87, 83, 79, 71, 68, 67, 42, 18, 9, 7, 1, 136, 125, 119, 108, 100, 99, 97, 92, 91, 90, 89, 82, 77, 53, 47, 33, 29, 27, 26, 17, 10, 3, 2],", "goal_raise_for_bs": 32}}