{"instance": "small_010_20x20_50_175", "steps": [{"15": "E", "39": "E", "117": "E", "60": "E", "57": "W", "34": "E", "56": "W", "7": "S", "124": "S", "121": "W", "93": "E", "89": "W", "79": "E", "155": "N", "92": "W", "72": "N", "68": "W", "161": "S", "101": "S", "50": "E", "43": "E", "1": "S", "156": "S", "96": "W", "78": "E", "49": "N", "46": "S", "141": "E", "122": "W", "58": "W", "22": "S", "21": "W", "166": "N", "164": "W", "119": "E", "105": "S", "38": "E", "17": "S", "148": "S", "138": "W", "131": "W", "99": "E", "85": "S", "146": "S", "110": "E", "53": "W", "35": "E", "31": "N", "20": "W", "143": "N", "6": "S", "147": "N", "144": "N", "133": "S", "25": "E", "5": "N", "170": "W", "152": "N", "67": "N", "2": "S", "159": "S", "51": "N", "27": "W", "158": "N", "130": "S", "127": "E", "125": "W", "112": "W", "12": "W", "172": "E", "100": "W", "73": "W", "19": "N", "153": "S", "154": "N", "132": "N", "118": "S", "30": "W", "97": "S", "160": "E", "157": "N", "149": "E", "137": "N", "109": "N", "108": "E", "104": "W", "66": "E", "65": "W", "64": "E", "54": "S", "37": "E", "13": "W", "3": "W", "150": "S", "145": "E", "140": "E", "136": "W", "115": "W", "113": "W", "111": "E", "90": "S", "88": "S", "86": "S", "82": "N", "81": "S", "75": "E", "74": "W", "59": "N", "28": "N", "8": "W", "173": "S", "169": "N", "129": "S", "107": "W", "95": "E", "77": "N", "62": "W", "61": "W", "52": "E", "40": "W", "32": "W", "29": "S", "4": "E", "168": "W", "167": "W", "165": "S", "151": "S", "142": "E", "135": "S", "102": "W", "94": "N", "84": "S", "80": "W", "69": "W", "63": "W", "48": "N", "41": "W", "24": "W", "11": "W", "0": "W"}, {"15": "E", "18": "S", "39": "S", "60": "E", "57": "W", "34": "E", "56": "W", "7": "S", "114": "N", "106": "E", "36": "S", "124": "S", "121": "N", "93": "S", "89": "W", "79": "S", "155": "N", "92": "W", "72": "N", "68": "N", "161": "S", "101": "S", "87": "N", "50": "S", "43": "E", "156": "S", "96": "W", "78": "S", "70": "N", "49": "N", "46": "S", "141": "E", "122": "W", "23": "N", "22": "S", "21": "W", "166": "N", "164": "W", "105": "S", "38": "E", "17": "W", "148": "S", "138": "W", "99": "E", "146": "E", "110": "E", "76": "E", "44": "E", "35": "N", "31": "W", "20": "W", "143": "N", "6": "E", "147": "N", "144": "N", "25": "E", "5": "N", "170": "N", "152": "N", "67": "N", "2": "S", "159": "E", "51": "N", "27": "W", "120": "S", "158": "N", "130": "S", "127": "S", "125": "W", "112": "W", "12": "W", "172": "N", "100": "W", "73": "W", "19": "N", "153": "S", "154": "N", "118": "S", "30": "W", "97": "S", "160": "E", "157": "E", "149": "S", "137": "N", "109": "N", "108": "E", "98": "N", "66": "E", "64": "S", "54": "S", "37": "E", "16": "N", "13": "W", "10": "N", "3": "W", "55": "N", "42": "N", "150": "S", "145": "E", "140": "N", "136": "W", "115": "W", "111": "S", "90": "W", "86": "S", "82": "N", "81": "S", "75": "E", "74": "W", "28": "E", "169": "W", "139": "N", "129": "S", "116": "N", "107": "W", "61": "W", "52": "E", "40": "W", "29": "S", "4": "E", "168": "W", "167": "S", "165": "S", "151": "S", "135": "S", "102": "W", "94": "N", "84": "S", "69": "N", "48": "W", "47": "N", "45": "S", "41": "W", "24": "W", "11": "W", "0": "W"}, {"15": "E", "83": "E", "18": "S", "39": "S", "117": "S", "57": "W", "34": "E", "56": "W", "106": "E", "26": "E", "36": "S", "124": "S", "93": "S", "89": "W", "79": "S", "155": "N", "92": "W", "72": "E", "68": "N", "161": "S", "101": "S", "87": "N", "50": "S", "43": "E", "156": "S", "96": "W", "78": "S", "70": "N", "49": "N", "46": "E", "141": "S", "122": "W", "23": "N", "21": "W", "166": "N", "164": "W", "105": "E", "148": "S", "138": "W", "99": "E", "174": "W", "146": "S", "110": "S", "76": "S", "44": "S", "35": "N", "31": "S", "20": "W", "9": "E", "143": "N", "6": "S", "147": "N", "144": "N", "25": "S", "5": "N", "170": "N", "152": "N", "67": "N", "2": "S", "159": "E", "51": "N", "27": "S", "120": "S", "158": "N", "130": "S", "127": "S", "125": "S", "112": "W", "172": "N", "100": "W", "73": "W", "19": "N", "153": "S", "154": "N", "132": "N", "118": "S", "30": "W", "97": "S", "160": "E", "157": "E", "149": "S", "137": "N", "109": "N", "108": "N", "98": "N", "66": "E", "65": "N", "64": "E", "54": "S", "37": "E", "16": "N", "13": "S", "3": "W", "55": "N", "150": "S", "145": "E", "140": "N", "136": "W", "115": "W", "90": "S", "86": "E", "82": "N", "81": "S", "74": "W", "59": "N", "28": "N", "173": "E", "169": "W", "139": "N", "116": "E", "107": "W", "95": "S", "61": "W", "52": "E", "40": "W", "29": "S", "4": "S", "168": "W", "167": "W", "165": "S", "162": "E", "151": "S", "142": "S", "126": "W", "102": "W", "84": "S", "69": "W", "48": "S", "45": "S", "41": "W", "24": "W", "11": "W", "0": "W"}, {"15": "E", "83": "E", "18": "S", "39": "S", "117": "S", "57": "W", "34": "E", "56": "W", "7": "S", "106": "N", "26": "E", "36": "S", "124": "S", "128": "N", "121": "W", "93": "S", "89": "S", "79": "S", "155": "N", "92": "W", "72": "E", "101": "S", "87": "N", "50": "S", "43": "E", "1": "W", "156": "E", "96": "W", "78": "S", "49": "N", "141": "S", "122": "W", "58": "W", "22": "N", "21": "W", "14": "N", "166": "N", "164": "W", "119": "S", "148": "S", "138": "W", "99": "E", "174": "W", "146": "S", "110": "S", "44": "W", "35": "E", "31": "E", "20": "S", "9": "E", "143": "N", "6": "S", "147": "N", "144": "N", "25": "S", "5": "N", "170": "N", "152": "N", "67": "N", "2": "S", "159": "E", "51": "N", "120": "S", "158": "N", "130": "S", "127": "S", "112": "W", "12": "W", "172": "N", "100": "W", "73": "W", "19": "N", "154": "N", "132": "N", "118": "S", "33": "E", "30": "W", "149": "E", "137": "N", "109": "N", "98": "N", "66": "E", "54": "S", "37": "S", "13": "S", "10": "E", "3": "W", "55": "N", "42": "E", "150": "E", "145": "S", "140": "N", "136": "W", "115": "W", "113": "N", "111": "N", "82": "W", "81": "S", "75": "S", "74": "W", "59": "N", "28": "N", "8": "E", "171": "N", "169": "S", "139": "E", "129": "E", "107": "W", "95": "S", "62": "S", "61": "W", "52": "S", "40": "W", "32": "E", "168": "S", "167": "S", "151": "S", "142": "W", "126": "S", "103": "N", "102": "W", "69": "W", "63": "E", "45": "W", "41": "W", "24": "W", "11": "W", "0": "W"}, {"15": "E", "83": "E", "18": "S", "39": "S", "117": "S", "34": "E", "56": "W", "7": "S", "114": "N", "106": "N", "26": "E", "36": "S", "124": "S", "128": "N", "93": "S", "89": "W", "79": "S", "155": "N", "92": "S", "72": "E", "161": "S", "101": "S", "87": "N", "50": "S", "43": "E", "1": "W", "156": "E", "96": "W", "78": "S", "70": "E", "122": "W", "58": "W", "22": "N", "21": "W", "14": "E", "166": "N", "164": "W", "119": "S", "38": "E", "148": "S", "138": "W", "99": "E", "174": "W", "110": "E", "44": "W", "31": "E", "20": "E", "9": "E", "143": "N", "6": "E", "147": "E", "144": "N", "25": "S", "5": "N", "152": "N", "67": "N", "2": "S", "159": "E", "51": "N", "27": "S", "120": "S", "158": "N", "130": "S", "127": "S", "112": "W", "12": "W", "172": "N", "100": "W", "73": "W", "19": "N", "153": "S", "154": "N", "132": "N", "118": "S", "30": "W", "97": "S", "160": "N", "149": "E", "137": "N", "104": "W", "98": "N", "71": "E", "65": "N", "54": "S", "13": "E", "10": "E", "3": "W", "55": "E", "140": "W", "136": "W", "115": "W", "111": "W", "88": "W", "81": "S", "75": "W", "74": "W", "59": "N", "8": "E", "169": "S", "123": "W", "107": "W", "77": "W", "62": "S", "61": "W", "52": "S", "40": "N", "32": "N", "168": "S", "167": "S", "165": "S", "162": "E", "151": "S", "134": "E", "103": "W", "102": "W", "94": "W", "91": "E", "84": "W", "80": "S", "69": "W", "63": "S", "48": "W", "47": "N", "45": "W", "41": "W", "24": "W", "11": "N", "0": "W"}, {"15": "E", "83": "N", "18": "S", "39": "S", "117": "S", "57": "W", "34": "N", "56": "W", "114": "N", "106": "N", "26": "N", "124": "S", "128": "E", "93": "S", "89": "W", "79": "E", "155": "N", "92": "S", "72": "E", "161": "S", "101": "S", "87": "E", "50": "S", "43": "E", "1": "W", "96": "W", "78": "S", "70": "E", "46": "E", "122": "W", "58": "W", "22": "N", "21": "W", "164": "W", "119": "S", "38": "S", "148": "S", "138": "S", "174": "W", "110": "E", "76": "E", "53": "N", "44": "W", "31": "E", "20": "E", "9": "N", "143": "N", "6": "N", "147": "E", "144": "N", "133": "W", "25": "S", "5": "N", "152": "N", "67": "N", "2": "S", "159": "E", "51": "N", "27": "W", "120": "S", "158": "N", "127": "S", "125": "W", "112": "S", "12": "N", "172": "N", "73": "S", "19": "N", "153": "S", "154": "N", "132": "E", "118": "S", "33": "E", "30": "N", "97": "S", "160": "N", "157": "E", "137": "N", "109": "N", "98": "E", "65": "N", "54": "S", "16": "E", "55": "E", "42": "S", "136": "N", "115": "W", "111": "W", "81": "S", "75": "W", "74": "W", "59": "N", "28": "W", "169": "S", "139": "N", "116": "S", "95": "S", "62": "S", "61": "W", "52": "S", "40": "E", "4": "N", "168": "S", "167": "S", "165": "W", "162": "S", "151": "S", "135": "W", "134": "S", "126": "E", "103": "S", "102": "W", "94": "N", "84": "W", "80": "S", "69": "W", "63": "S", "47": "N", "24": "W", "11": "E"}, {"15": "E", "83": "N", "39": "S", "57": "W", "34": "W", "56": "W", "114": "N", "106": "N", "26": "N", "36": "E", "124": "S", "128": "E", "93": "S", "89": "S", "79": "E", "155": "N", "72": "E", "161": "S", "101": "S", "87": "E", "50": "S", "43": "E", "1": "W", "96": "W", "78": "S", "70": "E", "122": "W", "58": "W", "22": "N", "21": "W", "166": "W", "164": "W", "119": "S", "38": "E", "17": "S", "148": "S", "138": "S", "131": "S", "99": "W", "85": "S", "146": "S", "110": "E", "53": "N", "44": "S", "31": "E", "20": "N", "9": "N", "143": "N", "6": "E", "147": "E", "144": "N", "25": "E", "5": "N", "152": "N", "67": "N", "2": "E", "159": "E", "51": "N", "27": "S", "120": "S", "127": "S", "112": "S", "12": "N", "172": "N", "100": "S", "73": "S", "19": "N", "153": "S", "154": "N", "132": "N", "118": "S", "33": "E", "30": "N", "97": "S", "157": "E", "137": "N", "109": "N", "98": "E", "65": "E", "54": "S", "37": "S", "16": "E", "3": "E", "55": "E", "42": "E", "150": "S", "136": "N", "115": "W", "113": "E", "111": "W", "86": "W", "81": "S", "75": "W", "74": "W", "59": "E", "8": "N", "171": "S", "169": "S", "139": "N", "107": "E", "95": "S", "62": "E", "61": "W", "52": "W", "40": "E", "32": "E", "168": "S", "165": "W", "162": "S", "151": "S", "142": "E", "135": "N", "134": "S", "102": "W", "94": "N", "91": "E", "84": "W", "69": "N", "63": "E", "47": "N", "41": "E", "24": "W", "11": "E", "0": "E"}, {"15": "E", "83": "N", "18": "W", "39": "W", "34": "W", "7": "W", "114": "N", "106": "N", "26": "N", "36": "E", "124": "S", "128": "E", "89": "W", "79": "E", "155": "N", "72": "N", "68": "W", "161": "S", "101": "S", "87": "E", "50": "S", "43": "E", "1": "W", "156": "W", "96": "W", "78": "S", "70": "N", "58": "W", "22": "N", "21": "W", "166": "S", "164": "W", "119": "S", "38": "S", "17": "S", "148": "S", "138": "S", "131": "S", "99": "W", "85": "S", "146": "E", "110": "E", "53": "N", "44": "S", "31": "E", "20": "E", "9": "N", "143": "N", "6": "E", "147": "E", "144": "N", "133": "N", "25": "E", "5": "N", "152": "N", "67": "N", "159": "S", "51": "N", "27": "W", "120": "S", "127": "E", "125": "W", "112": "S", "12": "N", "172": "E", "100": "S", "73": "S", "19": "N", "153": "S", "154": "N", "132": "N", "118": "S", "33": "N", "30": "N", "97": "S", "160": "S", "137": "N", "109": "N", "108": "W", "98": "N", "71": "W", "54": "S", "37": "S", "16": "E", "3": "N", "55": "S", "42": "E", "150": "S", "145": "W", "136": "N", "111": "S", "86": "W", "81": "S", "75": "W", "74": "W", "59": "N", "28": "E", "8": "N", "173": "N", "171": "S", "139": "N", "123": "E", "116": "N", "107": "E", "95": "E", "77": "E", "62": "S", "61": "W", "52": "S", "32": "N", "168": "W", "165": "W", "151": "S", "142": "E", "134": "S", "126": "E", "102": "W", "94": "E", "91": "E", "84": "S", "69": "N", "63": "S", "48": "N", "47": "N", "45": "E", "41": "N", "24": "S", "11": "N", "0": "E"}, {"83": "N", "18": "W", "57": "W", "34": "W", "7": "N", "114": "E", "106": "E", "26": "N", "36": "S", "124": "S", "128": "N", "121": "N", "93": "W", "89": "W", "79": "E", "155": "N", "68": "W", "161": "S", "101": "W", "87": "N", "50": "S", "43": "E", "1": "S", "156": "W", "78": "S", "70": "E", "46": "E", "58": "S", "22": "E", "14": "W", "166": "S", "164": "S", "119": "S", "38": "W", "138": "E", "99": "W", "146": "S", "110": "E", "53": "N", "44": "S", "31": "S", "20": "E", "9": "N", "143": "N", "6": "N", "147": "E", "144": "N", "133": "N", "5": "N", "152": "N", "67": "N", "159": "S", "51": "N", "27": "W", "120": "S", "127": "N", "125": "W", "112": "S", "12": "N", "172": "N", "100": "S", "73": "S", "19": "N", "153": "S", "154": "N", "118": "W", "33": "N", "30": "N", "97": "S", "137": "N", "109": "N", "108": "W", "104": "W", "98": "E", "71": "S", "37": "S", "10": "N", "3": "N", "55": "E", "42": "S", "145": "S", "140": "N", "136": "E", "111": "S", "86": "N", "82": "N", "81": "W", "75": "W", "74": "N", "59": "N", "28": "E", "8": "E", "173": "W", "171": "S", "139": "E", "123": "E", "116": "N", "107": "E", "95": "E", "77": "E", "52": "S", "32": "N", "29": "E", "168": "W", "165": "S", "162": "S", "151": "E", "142": "E", "134": "S", "126": "E", "94": "E", "91": "E", "84": "S", "80": "S", "69": "E", "48": "W", "47": "E", "45": "E", "41": "E", "24": "S", "11": "N"}, {"83": "N", "18": "W", "57": "W", "34": "W", "7": "N", "114": "E", "106": "E", "26": "N", "36": "E", "124": "S", "128": "N", "121": "W", "89": "W", "79": "S", "92": "W", "68": "W", "161": "S", "101": "N", "87": "N", "50": "S", "1": "W", "96": "W", "78": "S", "70": "E", "58": "W", "22": "E", "21": "W", "14": "W", "166": "S", "164": "S", "38": "S", "131": "S", "99": "W", "146": "S", "76": "W", "53": "N", "31": "S", "20": "E", "9": "N", "6": "W", "147": "E", "133": "E", "170": "S", "67": "E", "159": "E", "51": "E", "27": "W", "120": "S", "127": "E", "112": "S", "12": "N", "172": "E", "100": "S", "73": "S", "19": "W", "153": "S", "118": "N", "33": "E", "30": "N", "97": "S", "137": "W", "109": "N", "108": "W", "104": "S", "98": "N", "71": "E", "54": "N", "37": "S", "16": "S", "10": "N", "3": "N", "55": "E", "42": "S", "150": "E", "145": "S", "140": "E", "136": "N", "86": "N", "82": "E", "81": "N", "75": "W", "74": "E", "59": "N", "28": "E", "8": "E", "173": "S", "171": "S", "129": "W", "123": "N", "116": "N", "107": "N", "77": "E", "61": "N", "52": "S", "32": "N", "29": "N", "168": "S", "165": "S", "162": "S", "151": "E", "142": "E", "135": "S", "134": "S", "126": "E", "103": "E", "94": "E", "91": "S", "69": "E", "63": "S", "48": "W", "45": "E", "41": "N", "24": "S", "11": "N"}, {"83": "E", "18": "W", "39": "E", "57": "S", "34": "W", "7": "N", "114": "E", "106": "E", "26": "E", "36": "E", "124": "S", "121": "W", "89": "S", "79": "S", "155": "N", "92": "W", "68": "W", "161": "S", "101": "N", "87": "E", "50": "S", "43": "E", "1": "W", "156": "S", "96": "W", "78": "S", "70": "N", "58": "W", "22": "E", "21": "W", "14": "W", "166": "S", "164": "S", "38": "S", "131": "S", "99": "W", "85": "S", "110": "E", "76": "S", "53": "E", "31": "S", "20": "E", "9": "E", "143": "N", "6": "N", "144": "N", "133": "E", "5": "S", "152": "N", "67": "S", "159": "E", "51": "N", "27": "W", "120": "S", "130": "W", "127": "N", "125": "S", "12": "W", "172": "N", "100": "E", "73": "S", "19": "W", "153": "S", "154": "N", "118": "W", "33": "E", "30": "N", "97": "S", "157": "W", "137": "W", "109": "N", "108": "W", "104": "S", "98": "E", "54": "N", "13": "W", "10": "N", "3": "N", "55": "E", "42": "E", "150": "N", "145": "S", "140": "N", "136": "N", "113": "S", "88": "S", "86": "E", "81": "N", "75": "W", "74": "E", "59": "N", "8": "E", "173": "S", "169": "S", "129": "W", "123": "W", "116": "E", "107": "N", "95": "S", "77": "E", "61": "E", "168": "S", "165": "S", "134": "S", "102": "N", "94": "E", "69": "E", "63": "E", "48": "W", "47": "W", "45": "E", "41": "N", "24": "S", "11": "N", "0": "S"}, {"83": "E", "18": "W", "39": "N", "34": "W", "7": "N", "114": "E", "106": "E", "26": "E", "36": "E", "124": "E", "128": "N", "121": "W", "93": "N", "89": "S", "155": "N", "92": "S", "68": "W", "161": "E", "101": "N", "87": "N", "50": "S", "43": "E", "1": "S", "156": "W", "78": "S", "70": "N", "58": "S", "22": "E", "14": "W", "166": "E", "164": "S", "138": "S", "99": "W", "85": "E", "110": "E", "76": "S", "53": "E", "35": "W", "31": "S", "20": "N", "9": "E", "143": "E", "6": "N", "144": "E", "133": "N", "5": "W", "152": "E", "67": "S", "159": "S", "27": "N", "158": "E", "130": "W", "127": "E", "125": "W", "112": "W", "12": "N", "19": "W", "153": "E", "154": "W", "132": "E", "118": "N", "33": "E", "30": "N", "160": "N", "157": "W", "137": "W", "109": "E", "108": "W", "104": "S", "98": "S", "37": "S", "13": "N", "10": "W", "3": "N", "55": "N", "42": "N", "145": "S", "140": "N", "136": "N", "115": "N", "86": "E", "82": "N", "81": "N", "75": "N", "59": "E", "28": "E", "8": "N", "169": "S", "129": "N", "116": "E", "107": "N", "62": "S", "40": "S", "29": "N", "168": "S", "165": "S", "162": "S", "142": "W", "134": "S", "126": "E", "103": "N", "102": "N", "94": "E", "80": "E", "69": "E", "63": "S", "48": "W", "47": "N", "41": "N", "24": "E", "11": "N", "0": "E"}, {"83": "E", "18": "W", "39": "N", "57": "N", "34": "S", "7": "N", "114": "E", "106": "E", "26": "E", "124": "N", "128": "N", "121": "W", "93": "E", "89": "S", "155": "N", "92": "S", "68": "W", "161": "N", "101": "N", "87": "N", "50": "W", "43": "S", "1": "S", "156": "W", "96": "W", "78": "E", "70": "N", "58": "S", "22": "S", "21": "W", "166": "S", "164": "E", "17": "E", "138": "S", "110": "E", "53": "E", "44": "S", "31": "S", "20": "E", "9": "E", "143": "E", "6": "N", "144": "E", "133": "N", "170": "E", "152": "E", "67": "S", "159": "S", "27": "W", "120": "N", "158": "E", "130": "W", "127": "E", "125": "W", "12": "N", "172": "N", "19": "W", "153": "N", "154": "W", "132": "E", "118": "N", "33": "E", "30": "N", "97": "N", "137": "W", "109": "E", "108": "W", "104": "S", "98": "E", "66": "W", "37": "S", "3": "N", "55": "N", "42": "E", "145": "S", "136": "N", "115": "N", "88": "W", "86": "N", "81": "N", "74": "S", "59": "E", "8": "N", "173": "E", "169": "S", "139": "S", "129": "W", "116": "N", "107": "N", "77": "W", "62": "E", "40": "S", "168": "W", "165": "S", "162": "E", "151": "E", "134": "S", "103": "N", "102": "N", "91": "S", "80": "E", "69": "N", "63": "E", "48": "S", "47": "E", "41": "N", "24": "E", "11": "N", "0": "S"}, {"83": "E", "39": "N", "57": "E", "34": "S", "7": "E", "114": "E", "106": "E", "26": "E", "124": "N", "128": "N", "121": "W", "93": "N", "92": "S", "68": "S", "161": "N", "101": "N", "87": "N", "50": "N", "43": "S", "156": "W", "96": "W", "78": "N", "70": "N", "141": "E", "58": "S", "22": "S", "21": "W", "14": "E", "166": "E", "164": "E", "17": "N", "148": "W", "138": "E", "110": "E", "53": "E", "44": "S", "35": "E", "31": "S", "20": "S", "9": "E", "143": "E", "6": "N", "144": "E", "133": "N", "5": "W", "159": "S", "51": "S", "27": "W", "120": "N", "158": "E", "127": "E", "112": "E", "12": "N", "172": "E", "19": "W", "153": "N", "154": "W", "132": "E", "118": "N", "33": "E", "30": "E", "97": "N", "163": "W", "157": "E", "137": "W", "109": "E", "108": "W", "104": "S", "98": "E", "37": "S", "10": "E", "3": "N", "55": "N", "42": "E", "150": "N", "145": "S", "136": "N", "115": "E", "86": "E", "81": "N", "74": "E", "59": "E", "28": "N", "8": "E", "173": "N", "171": "S", "139": "E", "129": "N", "116": "N", "107": "E", "95": "E", "62": "E", "61": "E", "40": "S", "32": "S", "29": "N", "168": "S", "165": "E", "162": "E", "151": "N", "142": "E", "102": "N", "91": "S", "80": "S", "69": "E", "63": "E", "48": "S", "41": "N", "24": "E", "11": "N", "0": "S"}, {"83": "E", "39": "N", "57": "E", "56": "N", "7": "N", "114": "E", "106": "N", "26": "E", "124": "W", "128": "W", "121": "W", "93": "N", "92": "S", "161": "N", "101": "N", "87": "N", "50": "N", "43": "W", "156": "W", "78": "N", "70": "N", "141": "E", "58": "W", "14": "S", "164": "E", "17": "W", "148": "N", "138": "S", "110": "E", "76": "E", "44": "S", "31": "W", "20": "E", "9": "E", "143": "E", "6": "N", "144": "E", "133": "E", "25": "W", "5": "W", "170": "N", "152": "S", "51": "S", "27": "W", "158": "E", "130": "E", "127": "E", "125": "S", "12": "E", "172": "N", "19": "S", "153": "E", "154": "W", "118": "W", "33": "E", "30": "E", "97": "N", "137": "S", "109": "E", "108": "W", "104": "S", "98": "E", "54": "S", "16": "N", "13": "S", "3": "N", "55": "E", "42": "E", "150": "W", "140": "E", "136": "N", "115": "E", "88": "W", "86": "E", "82": "W", "81": "W", "75": "E", "59": "E", "8": "E", "173": "W", "171": "S", "139": "N", "129": "E", "116": "N", "107": "N", "95": "E", "62": "S", "52": "W", "40": "S", "32": "E", "29": "E", "168": "S", "162": "S", "151": "N", "135": "S", "102": "N", "80": "S", "69": "E", "63": "E", "48": "S", "41": "N", "24": "E", "11": "N", "0": "S"}, {"83": "E", "39": "N", "57": "E", "56": "E", "7": "N", "114": "E", "106": "N", "26": "E", "124": "W", "128": "W", "121": "W", "93": "N", "92": "S", "161": "N", "101": "N", "87": "N", "50": "N", "43": "W", "156": "W", "96": "W", "78": "N", "70": "N", "141": "E", "122": "N", "58": "W", "22": "S", "21": "W", "14": "E", "17": "N", "148": "N", "138": "E", "85": "W", "76": "S", "44": "S", "31": "W", "20": "E", "9": "E", "143": "E", "144": "E", "25": "W", "5": "W", "170": "N", "152": "E", "51": "S", "27": "N", "158": "E", "130": "E", "127": "E", "125": "S", "12": "N", "172": "N", "19": "S", "154": "W", "118": "N", "33": "E", "30": "E", "157": "E", "137": "S", "108": "W", "104": "S", "98": "E", "65": "E", "54": "S", "13": "S", "10": "E", "3": "N", "55": "E", "42": "E", "150": "N", "140": "N", "115": "E", "113": "W", "86": "N", "82": "W", "81": "W", "75": "N", "74": "E", "59": "N", "8": "E", "139": "E", "129": "N", "116": "E", "107": "N", "95": "N", "77": "W", "62": "E", "61": "W", "52": "W", "40": "S", "32": "N", "29": "S", "162": "E", "151": "N", "126": "W", "103": "W", "102": "N", "94": "W", "80": "S", "63": "E", "41": "N", "24": "E", "11": "N", "0": "S"}, {"83": "N", "39": "N", "57": "E", "56": "E", "7": "N", "114": "E", "106": "N", "26": "N", "124": "W", "128": "W", "93": "N", "92": "E", "68": "N", "161": "W", "101": "N", "87": "N", "50": "N", "43": "S", "156": "W", "96": "W", "78": "E", "70": "E", "49": "S", "141": "S", "122": "E", "22": "E", "21": "W", "14": "S", "166": "S", "17": "E", "148": "N", "138": "E", "85": "N", "76": "W", "44": "W", "31": "S", "20": "E", "9": "N", "143": "E", "6": "E", "144": "E", "133": "E", "25": "W", "5": "S", "170": "W", "152": "E", "51": "E", "27": "W", "158": "E", "130": "E", "127": "E", "125": "W", "12": "N", "172": "N", "19": "S", "153": "N", "154": "W", "132": "E", "118": "W", "33": "S", "163": "E", "137": "S", "109": "N", "108": "W", "104": "S", "98": "E", "65": "E", "54": "E", "13": "E", "3": "N", "55": "E", "42": "E", "150": "W", "140": "W", "115": "E", "113": "W", "86": "N", "82": "W", "81": "W", "75": "W", "74": "E", "59": "N", "28": "S", "8": "E", "173": "W", "171": "E", "139": "E", "129": "E", "116": "E", "107": "E", "95": "E", "62": "E", "61": "S", "40": "E", "32": "N", "29": "W", "167": "E", "162": "E", "151": "N", "135": "N", "103": "W", "102": "N", "80": "E", "69": "S", "45": "N", "41": "E", "24": "E", "11": "N"}, {"39": "N", "57": "E", "56": "E", "7": "N", "114": "E", "106": "E", "124": "W", "128": "W", "93": "N", "155": "E", "92": "E", "161": "W", "101": "N", "87": "N", "50": "W", "43": "W", "156": "W", "78": "N", "70": "E", "141": "S", "122": "E", "22": "E", "21": "S", "14": "S", "166": "S", "17": "N", "148": "N", "138": "E", "85": "N", "53": "S", "44": "W", "31": "W", "20": "E", "9": "N", "143": "E", "6": "N", "144": "E", "133": "E", "25": "S", "5": "S", "170": "N", "152": "E", "27": "W", "158": "E", "130": "E", "127": "N", "125": "W", "12": "N", "19": "W", "153": "N", "154": "W", "132": "N", "118": "W", "33": "E", "97": "E", "157": "E", "137": "S", "98": "E", "65": "N", "54": "E", "13": "E", "10": "E", "3": "N", "55": "E", "42": "E", "150": "W", "140": "W", "136": "E", "115": "N", "113": "S", "86": "E", "82": "W", "81": "W", "75": "W", "74": "E", "59": "E", "8": "S", "173": "W", "171": "E", "139": "N", "129": "E", "116": "E", "107": "E", "62": "E", "61": "S", "40": "S", "32": "E", "29": "W", "162": "E", "151": "N", "103": "W", "102": "N", "94": "N", "80": "S", "63": "S", "45": "W", "41": "E", "11": "N", "0": "S"}, {"39": "N", "57": "N", "56": "E", "7": "N", "114": "E", "106": "E", "124": "W", "128": "W", "93": "N", "155": "S", "161": "W", "101": "N", "87": "E", "50": "W", "43": "W", "156": "N", "96": "W", "78": "N", "70": "E", "141": "S", "122": "E", "22": "S", "14": "S", "166": "S", "164": "S", "17": "N", "148": "N", "138": "E", "85": "W", "76": "S", "53": "E", "44": "W", "31": "W", "20": "E", "6": "W", "144": "E", "133": "E", "25": "S", "5": "S", "170": "W", "152": "E", "2": "S", "27": "W", "120": "E", "125": "W", "12": "W", "172": "S", "19": "S", "153": "N", "154": "W", "132": "E", "118": "W", "33": "E", "97": "N", "137": "S", "109": "S", "98": "E", "65": "N", "64": "N", "54": "N", "3": "E", "55": "E", "42": "E", "150": "W", "145": "E", "140": "N", "136": "E", "115": "N", "113": "S", "88": "N", "86": "N", "82": "W", "81": "N", "74": "E", "59": "S", "8": "S", "171": "N", "139": "N", "129": "N", "107": "E", "95": "N", "77": "N", "62": "E", "61": "S", "40": "E", "32": "S", "29": "W", "167": "W", "165": "S", "162": "N", "151": "N", "142": "E", "103": "W", "102": "E", "94": "E", "80": "E", "63": "E", "45": "N", "41": "E", "11": "E", "0": "S"}, {"39": "N", "57": "N", "56": "E", "7": "E", "114": "E", "106": "E", "124": "W", "128": "W", "93": "N", "155": "S", "161": "W", "101": "N", "50": "W", "43": "W", "156": "N", "96": "W", "78": "N", "49": "N", "141": "W", "122": "E", "22": "E", "14": "S", "166": "S", "164": "S", "17": "W", "138": "E", "131": "E", "85": "W", "76": "S", "53": "N", "44": "S", "31": "S", "20": "N", "9": "N", "6": "N", "144": "S", "25": "W", "5": "S", "170": "W", "152": "E", "67": "W", "2": "E", "27": "W", "120": "N", "127": "E", "125": "N", "12": "W", "172": "S", "19": "S", "153": "N", "154": "S", "132": "E", "118": "N", "33": "E", "30": "W", "97": "N", "137": "S", "109": "S", "104": "W", "98": "E", "65": "E", "64": "N", "54": "N", "3": "E", "42": "E", "150": "W", "145": "S", "140": "E", "136": "E", "115": "N", "113": "S", "86": "E", "82": "W", "81": "N", "74": "N", "59": "S", "8": "S", "171": "E", "169": "S", "139": "E", "129": "N", "107": "E", "95": "E", "77": "E", "61": "S", "52": "E", "40": "E", "32": "E", "29": "W", "168": "E", "165": "S", "162": "N", "151": "N", "135": "S", "103": "W", "102": "E", "94": "E", "80": "S", "69": "W", "63": "N", "11": "N", "0": "E"}, {"39": "N", "57": "N", "56": "N", "7": "E", "114": "E", "124": "W", "93": "N", "155": "S", "161": "W", "101": "N", "50": "N", "43": "W", "156": "N", "96": "S", "78": "N", "141": "W", "122": "S", "22": "S", "14": "S", "166": "S", "164": "E", "17": "N", "148": "N", "138": "E", "131": "S", "85": "N", "174": "S", "53": "E", "44": "S", "31": "S", "20": "N", "9": "W", "6": "N", "144": "E", "25": "S", "5": "W", "170": "W", "152": "E", "67": "S", "2": "E", "120": "N", "158": "N", "127": "E", "125": "W", "12": "W", "172": "S", "19": "S", "153": "N", "154": "S", "132": "S", "118": "N", "33": "E", "97": "N", "137": "S", "109": "S", "104": "S", "98": "E", "65": "E", "64": "W", "54": "N", "37": "E", "16": "N", "42": "E", "150": "N", "145": "E", "140": "N", "115": "N", "113": "S", "86": "E", "81": "W", "75": "N", "74": "E", "59": "S", "8": "S", "171": "E", "139": "E", "129": "E", "116": "E", "107": "E", "77": "E", "62": "N", "61": "S", "40": "E", "32": "E", "29": "N", "168": "S", "162": "N", "151": "E", "142": "N", "126": "N", "103": "W", "102": "E", "94": "N", "80": "E", "63": "N", "48": "W", "45": "E", "41": "E", "11": "N", "0": "S"}, {"39": "N", "57": "N", "56": "N", "7": "N", "114": "E", "124": "N", "121": "W", "93": "N", "155": "S", "161": "N", "101": "N", "50": "N", "43": "W", "156": "N", "96": "S", "78": "N", "141": "S", "122": "S", "22": "E", "14": "S", "166": "S", "17": "N", "148": "N", "138": "E", "85": "N", "174": "E", "76": "W", "53": "E", "44": "S", "31": "S", "20": "N", "9": "N", "144": "E", "133": "N", "25": "S", "5": "W", "170": "W", "152": "S", "67": "S", "2": "E", "120": "N", "158": "E", "127": "N", "125": "W", "12": "W", "172": "S", "153": "N", "154": "S", "118": "W", "33": "E", "97": "N", "137": "S", "109": "S", "104": "S", "98": "E", "71": "W", "64": "S", "54": "N", "3": "E", "42": "E", "145": "S", "140": "W", "136": "N", "115": "N", "113": "E", "86": "E", "81": "N", "74": "E", "59": "S", "8": "S", "171": "E", "139": "E", "129": "E", "116": "E", "107": "E", "77": "E", "61": "S", "52": "E", "40": "E", "32": "N", "29": "N", "168": "W", "167": "S", "162": "N", "151": "S", "142": "W", "126": "N", "103": "W", "94": "E", "80": "N", "47": "W", "24": "S", "11": "N", "0": "E"}, {"39": "N", "57": "N", "56": "N", "7": "N", "114": "E", "124": "N", "121": "W", "93": "N", "155": "S", "161": "N", "101": "E", "50": "W", "43": "W", "156": "W", "96": "S", "78": "N", "70": "N", "141": "S", "122": "S", "23": "S", "22": "E", "21": "N", "14": "S", "166": "S", "164": "E", "17": "N", "148": "N", "138": "S", "131": "E", "85": "N", "174": "E", "76": "S", "53": "E", "44": "S", "31": "W", "20": "E", "9": "N", "144": "S", "25": "S", "5": "W", "170": "W", "152": "E", "67": "E", "2": "E", "120": "E", "158": "E", "127": "E", "125": "N", "12": "W", "172": "S", "100": "N", "153": "N", "154": "S", "118": "N", "33": "S", "30": "W", "97": "E", "137": "S", "109": "S", "108": "S", "71": "W", "54": "E", "3": "E", "42": "E", "145": "W", "140": "N", "115": "N", "113": "E", "86": "E", "81": "W", "75": "N", "74": "E", "59": "S", "8": "S", "173": "W", "171": "E", "139": "E", "129": "N", "116": "E", "107": "N", "95": "E", "62": "E", "61": "E", "52": "E", "40": "E", "29": "N", "162": "E", "151": "E", "142": "S", "135": "N", "126": "E", "103": "W", "94": "S", "80": "E", "69": "W", "63": "E", "47": "W", "11": "N", "0": "E"}, {"39": "N", "57": "N", "56": "N", "7": "N", "114": "E", "124": "N", "121": "S", "93": "E", "155": "S", "161": "N", "101": "E", "50": "W", "156": "N", "96": "E", "78": "E", "70": "N", "141": "W", "122": "S", "22": "E", "21": "E", "14": "W", "166": "E", "164": "E", "17": "N", "148": "N", "138": "E", "131": "S", "174": "E", "76": "S", "53": "E", "44": "E", "31": "W", "20": "E", "144": "S", "25": "E", "5": "W", "170": "S", "152": "E", "67": "S", "2": "E", "27": "E", "120": "N", "158": "S", "127": "N", "112": "N", "12": "W", "172": "S", "100": "W", "19": "S", "153": "W", "154": "S", "118": "N", "30": "N", "97": "N", "137": "S", "109": "S", "108": "W", "71": "S", "65": "W", "54": "N", "16": "S", "13": "E", "3": "E", "42": "E", "150": "S", "145": "S", "140": "W", "115": "E", "113": "E", "86": "E", "81": "N", "75": "N", "74": "E", "59": "S", "173": "W", "171": "S", "139": "E", "129": "E", "116": "E", "107": "E", "77": "S", "62": "N", "61": "E", "40": "N", "32": "S", "29": "E", "165": "N", "162": "E", "151": "E", "142": "W", "126": "S", "103": "W", "94": "E", "80": "N", "63": "N", "47": "W", "45": "S", "11": "N", "0": "E"}, {"15": "W", "39": "N", "57": "N", "56": "N", "7": "E", "114": "E", "124": "N", "128": "W", "121": "W", "93": "E", "155": "S", "161": "N", "101": "E", "50": "N", "96": "E", "78": "E", "122": "S", "22": "E", "21": "E", "14": "W", "166": "S", "164": "E", "17": "N", "148": "N", "138": "S", "131": "S", "174": "N", "76": "E", "44": "E", "31": "W", "144": "E", "25": "E", "5": "W", "170": "W", "152": "S", "67": "E", "2": "E", "27": "E", "120": "N", "158": "E", "127": "N", "112": "N", "12": "W", "172": "S", "100": "S", "153": "N", "154": "S", "118": "N", "30": "E", "97": "N", "160": "E", "137": "W", "109": "S", "71": "E", "66": "E", "65": "W", "13": "S", "3": "N", "42": "S", "140": "N", "136": "E", "115": "E", "113": "S", "86": "E", "82": "W", "81": "N", "75": "W", "74": "E", "59": "S", "8": "S", "171": "E", "139": "E", "129": "N", "116": "E", "107": "E", "95": "N", "62": "N", "61": "E", "40": "E", "162": "E", "151": "E", "142": "S", "135": "N", "126": "E", "103": "S", "94": "S", "91": "W", "80": "E", "69": "N", "63": "E", "47": "N", "45": "E", "41": "S", "11": "N", "0": "S"}, {"15": "W", "39": "E", "57": "N", "56": "N", "7": "E", "114": "N", "128": "W", "121": "W", "93": "E", "155": "S", "161": "N", "101": "N", "50": "N", "96": "E", "78": "E", "122": "E", "23": "N", "22": "E", "21": "E", "14": "S", "166": "S", "164": "N", "148": "N", "138": "E", "131": "W", "85": "W", "174": "N", "76": "S", "53": "E", "44": "E", "144": "S", "25": "E", "5": "S", "170": "W", "152": "S", "2": "E", "120": "N", "158": "E", "127": "N", "125": "N", "12": "W", "172": "S", "100": "S", "153": "N", "154": "S", "118": "N", "30": "N", "97": "N", "137": "W", "109": "S", "104": "E", "71": "E", "65": "N", "37": "W", "13": "E", "3": "E", "42": "E", "150": "N", "145": "S", "140": "W", "136": "E", "115": "E", "113": "E", "88": "S", "86": "E", "82": "S", "81": "N", "75": "N", "74": "E", "59": "S", "8": "S", "171": "S", "169": "W", "139": "E", "129": "E", "107": "E", "95": "E", "62": "E", "61": "E", "52": "W", "40": "E", "168": "S", "162": "E", "151": "E", "126": "E", "103": "W", "94": "E", "91": "S", "80": "E", "63": "E", "48": "W", "47": "N", "45": "E", "41": "E", "11": "E", "0": "E"}, {"15": "W", "39": "E", "57": "N", "56": "N", "7": "E", "128": "W", "121": "W", "93": "E", "155": "S", "161": "W", "101": "N", "50": "N", "96": "E", "78": "E", "122": "E", "22": "E", "21": "N", "14": "S", "166": "S", "164": "E", "105": "S", "148": "E", "138": "E", "131": "S", "85": "W", "174": "E", "110": "S", "76": "S", "53": "E", "44": "S", "31": "W", "144": "S", "133": "S", "25": "E", "5": "S", "170": "W", "152": "E", "2": "S", "27": "E", "120": "N", "158": "E", "127": "N", "12": "S", "172": "S", "100": "E", "153": "N", "154": "S", "118": "N", "30": "E", "97": "N", "137": "S", "109": "S", "104": "E", "71": "N", "65": "E", "13": "S", "42": "E", "145": "W", "140": "W", "115": "N", "113": "E", "88": "E", "86": "N", "82": "S", "81": "N", "75": "W", "59": "S", "171": "S", "169": "S", "139": "E", "129": "E", "107": "E", "62": "E", "61": "E", "52": "W", "40": "E", "29": "E", "168": "S", "165": "S", "162": "E", "151": "E", "134": "S", "126": "S", "103": "S", "94": "N", "91": "S", "80": "E", "63": "E", "47": "N", "41": "N", "11": "E", "0": "E"}, {"15": "W", "39": "E", "57": "N", "56": "N", "7": "N", "128": "W", "121": "W", "93": "E", "155": "S", "101": "E", "50": "N", "96": "E", "78": "E", "70": "S", "122": "E", "22": "N", "21": "N", "14": "W", "166": "S", "164": "E", "105": "S", "148": "E", "138": "E", "131": "S", "85": "N", "174": "N", "76": "W", "53": "E", "31": "W", "144": "S", "25": "E", "5": "S", "170": "W", "152": "S", "2": "S", "27": "E", "120": "E", "127": "N", "12": "S", "172": "S", "153": "N", "118": "N", "30": "E", "97": "E", "137": "S", "109": "S", "108": "N", "104": "E", "65": "E", "13": "S", "42": "N", "145": "N", "140": "W", "136": "E", "115": "E", "111": "S", "88": "E", "86": "E", "82": "S", "81": "N", "75": "W", "59": "S", "171": "S", "169": "S", "139": "E", "129": "N", "116": "N", "107": "S", "62": "E", "61": "E", "52": "W", "40": "E", "168": "S", "167": "S", "162": "E", "151": "E", "142": "S", "126": "E", "103": "W", "91": "W", "63": "E", "48": "N", "47": "N", "11": "E", "0": "E"}, {"15": "W", "39": "E", "57": "N", "56": "N", "7": "N", "26": "S", "93": "E", "155": "S", "101": "E", "50": "N", "96": "E", "78": "E", "22": "E", "21": "N", "14": "W", "166": "S", "164": "S", "148": "N", "131": "W", "174": "N", "76": "W", "44": "S", "31": "N", "25": "E", "5": "S", "152": "S", "120": "N", "127": "N", "12": "S", "172": "S", "153": "E", "118": "N", "30": "S", "97": "N", "163": "N", "160": "W", "137": "S", "109": "S", "108": "W", "65": "E", "13": "S", "42": "N", "150": "S", "140": "W", "115": "E", "88": "S", "86": "E", "82": "S", "81": "N", "75": "W", "74": "E", "59": "S", "171": "S", "169": "S", "139": "E", "129": "E", "116": "E", "107": "E", "95": "S", "77": "S", "61": "E", "40": "E", "32": "N", "162": "E", "151": "E", "103": "W", "94": "E", "91": "S", "80": "N", "69": "W", "63": "E", "48": "E", "41": "N", "11": "E", "0": "N"}, {"15": "W", "39": "E", "57": "N", "56": "N", "7": "N", "155": "S", "101": "N", "96": "E", "78": "N", "22": "S", "21": "N", "14": "W", "166": "S", "164": "E", "105": "S", "131": "N", "85": "W", "174": "N", "110": "N", "76": "S", "147": "W", "133": "N", "5": "S", "152": "E", "120": "N", "127": "N", "172": "S", "153": "N", "154": "N", "118": "N", "30": "S", "97": "N", "163": "E", "109": "S", "66": "W", "65": "N", "64": "E", "13": "E", "42": "N", "150": "W", "140": "N", "136": "W", "115": "N", "113": "S", "82": "E", "81": "N", "75": "W", "59": "S", "171": "S", "169": "S", "139": "N", "129": "E", "116": "E", "107": "S", "95": "S", "77": "E", "61": "S", "40": "E", "32": "N", "167": "N", "165": "N", "162": "E", "151": "E", "142": "S", "134": "N", "126": "E", "103": "S", "91": "W", "80": "N", "63": "E", "48": "N", "47": "N", "45": "E", "41": "E", "11": "E", "0": "E"}, {"15": "N", "39": "E", "57": "E", "56": "N", "7": "N", "128": "E", "121": "E", "93": "N", "155": "S", "101": "E", "43": "N", "96": "E", "78": "E", "70": "N", "21": "N", "166": "E", "164": "E", "174": "E", "76": "S", "44": "N", "5": "S", "170": "S", "152": "S", "120": "N", "127": "N", "12": "W", "172": "S", "153": "N", "118": "N", "30": "E", "97": "N", "163": "E", "109": "S", "108": "E", "65": "N", "64": "S", "13": "E", "42": "W", "150": "W", "140": "W", "136": "S", "115": "E", "113": "S", "111": "N", "88": "N", "82": "S", "81": "N", "75": "N", "74": "E", "59": "S", "171": "E", "169": "S", "139": "E", "129": "E", "116": "E", "107": "S", "77": "E", "61": "S", "40": "E", "168": "N", "162": "E", "151": "E", "142": "S", "126": "S", "103": "W", "91": "S", "80": "N", "63": "E", "48": "E", "47": "E", "41": "E", "11": "E", "0": "E"}, {"15": "N", "39": "N", "57": "E", "56": "E", "7": "N", "26": "N", "128": "E", "121": "E", "93": "N", "155": "S", "101": "E", "43": "W", "96": "E", "78": "N", "22": "N", "21": "N", "164": "E", "105": "N", "131": "N", "174": "E", "5": "S", "170": "W", "152": "S", "2": "N", "120": "N", "127": "N", "172": "S", "100": "S", "153": "W", "118": "N", "30": "E", "97": "N", "163": "E", "109": "S", "104": "S", "65": "N", "64": "W", "13": "S", "150": "S", "140": "W", "115": "E", "113": "E", "88": "N", "82": "E", "81": "N", "75": "W", "59": "S", "171": "E", "169": "S", "139": "E", "116": "N", "107": "S", "77": "N", "61": "S", "52": "E", "40": "E", "32": "N", "167": "N", "162": "N", "151": "N", "142": "E", "135": "N", "126": "S", "103": "S", "102": "N", "91": "S", "80": "E", "69": "E", "63": "E", "48": "S", "47": "E", "45": "W", "41": "E", "11": "E", "0": "E"}, {"15": "N", "39": "N", "57": "E", "56": "E", "7": "N", "128": "E", "121": "E", "93": "N", "155": "S", "101": "E", "43": "W", "96": "E", "78": "N", "22": "N", "21": "E", "105": "N", "174": "E", "76": "W", "35": "W", "147": "S", "5": "S", "152": "W", "2": "N", "51": "W", "120": "N", "172": "S", "100": "E", "153": "N", "118": "E", "30": "E", "97": "N", "163": "E", "109": "S", "65": "N", "150": "W", "140": "S", "115": "E", "113": "E", "82": "S", "81": "N", "75": "W", "74": "E", "59": "S", "171": "E", "169": "E", "139": "S", "116": "E", "107": "S", "61": "E", "40": "E", "32": "N", "4": "E", "168": "S", "165": "S", "162": "E", "151": "E", "142": "E", "126": "S", "103": "S", "102": "E", "94": "W", "91": "S", "63": "E", "47": "E", "41": "E", "24": "S", "11": "E", "0": "E"}, {"15": "N", "57": "E", "56": "E", "7": "E", "128": "E", "121": "E", "155": "S", "101": "E", "43": "W", "96": "E", "78": "N", "70": "S", "22": "N", "21": "E", "105": "N", "174": "E", "76": "W", "35": "W", "147": "E", "5": "S", "2": "N", "51": "S", "120": "N", "127": "N", "172": "S", "100": "N", "153": "N", "154": "S", "118": "E", "30": "E", "97": "N", "163": "E", "109": "S", "108": "E", "104": "N", "65": "W", "13": "W", "10": "N", "150": "N", "140": "S", "115": "E", "113": "E", "82": "S", "81": "N", "75": "W", "74": "E", "59": "S", "171": "E", "139": "E", "129": "N", "123": "E", "116": "E", "107": "E", "61": "N", "40": "E", "32": "E", "4": "S", "162": "E", "151": "E", "142": "E", "126": "S", "103": "S", "102": "E", "91": "E", "69": "S", "63": "E", "41": "E", "24": "E", "11": "E", "0": "E"}, {"57": "E", "56": "E", "7": "E", "26": "W", "128": "E", "121": "E", "155": "S", "101": "E", "43": "W", "96": "E", "78": "N", "22": "N", "21": "E", "164": "N", "174": "E", "110": "S", "35": "W", "6": "W", "133": "S", "170": "N", "51": "W", "120": "N", "127": "N", "172": "S", "100": "E", "153": "N", "118": "N", "97": "E", "163": "E", "157": "W", "109": "S", "65": "W", "150": "N", "140": "S", "115": "E", "113": "N", "82": "S", "81": "N", "75": "S", "74": "N", "59": "S", "171": "S", "129": "E", "123": "E", "116": "E", "107": "E", "77": "E", "61": "E", "40": "E", "32": "E", "4": "E", "168": "N", "162": "N", "151": "N", "103": "S", "102": "S", "94": "E", "91": "E", "63": "E", "48": "S", "47": "S", "41": "E", "24": "E", "11": "E", "0": "E"}, {"57": "E", "56": "E", "7": "N", "26": "W", "128": "E", "121": "E", "155": "S", "101": "E", "87": "N", "43": "W", "96": "S", "78": "N", "23": "E", "22": "N", "21": "E", "164": "E", "174": "E", "76": "E", "53": "S", "6": "N", "67": "S", "51": "S", "120": "N", "127": "N", "172": "S", "153": "N", "132": "N", "118": "E", "97": "E", "163": "S", "157": "S", "65": "W", "150": "W", "113": "E", "82": "W", "81": "E", "75": "W", "74": "N", "171": "S", "123": "N", "116": "E", "107": "E", "61": "E", "52": "W", "40": "E", "32": "N", "4": "S", "162": "N", "151": "N", "126": "S", "103": "E", "102": "E", "91": "E", "84": "E", "63": "E", "48": "S", "41": "E", "24": "N", "11": "E", "0": "E"}, {"57": "E", "56": "E", "7": "N", "26": "W", "128": "E", "155": "S", "101": "N", "87": "E", "43": "W", "96": "E", "78": "N", "70": "N", "23": "S", "22": "N", "21": "E", "164": "E", "174": "E", "146": "S", "76": "E", "35": "E", "147": "N", "51": "S", "127": "W", "112": "W", "153": "W", "118": "E", "30": "S", "97": "E", "163": "E", "66": "E", "150": "W", "113": "E", "82": "S", "81": "E", "75": "S", "74": "N", "171": "E", "123": "E", "116": "S", "107": "E", "77": "S", "61": "E", "40": "E", "32": "N", "4": "E", "165": "W", "162": "N", "151": "N", "142": "N", "103": "E", "102": "E", "91": "N", "63": "N", "48": "S", "41": "E", "24": "N", "11": "E", "0": "E"}, {"57": "E", "56": "E", "7": "N", "26": "W", "128": "E", "155": "S", "101": "E", "87": "E", "43": "W", "96": "E", "78": "N", "23": "W", "22": "N", "21": "E", "164": "E", "174": "E", "110": "N", "35": "E", "133": "N", "127": "N", "112": "S", "153": "W", "154": "W", "118": "E", "97": "E", "150": "N", "113": "E", "81": "E", "75": "S", "74": "E", "169": "S", "123": "N", "116": "S", "77": "S", "61": "E", "40": "E", "32": "N", "4": "S", "162": "N", "151": "N", "134": "N", "126": "S", "103": "E", "102": "E", "91": "N", "84": "S", "63": "N", "45": "S", "41": "N", "11": "E", "0": "E"}, {"57": "E", "56": "E", "7": "E", "26": "N", "128": "E", "155": "S", "101": "E", "87": "E", "43": "W", "96": "E", "78": "N", "23": "N", "21": "E", "164": "E", "119": "W", "85": "E", "174": "E", "146": "N", "53": "N", "35": "E", "9": "N", "67": "N", "127": "N", "112": "S", "100": "E", "153": "W", "154": "S", "97": "E", "160": "N", "65": "N", "150": "N", "115": "S", "113": "N", "81": "E", "75": "W", "74": "E", "28": "N", "123": "W", "116": "W", "61": "N", "40": "E", "32": "E", "4": "W", "162": "N", "151": "N", "134": "E", "126": "W", "103": "E", "102": "E", "91": "N", "69": "S", "63": "N", "41": "E", "11": "E", "0": "E"}, {"57": "E", "56": "E", "7": "E", "26": "N", "128": "E", "101": "N", "87": "E", "43": "S", "96": "N", "78": "N", "21": "N", "164": "S", "85": "S", "174": "S", "127": "W", "112": "E", "100": "S", "153": "N", "154": "S", "97": "E", "66": "W", "65": "N", "10": "W", "150": "E", "88": "S", "74": "E", "123": "N", "77": "S", "61": "N", "40": "N", "4": "W", "162": "N", "151": "N", "134": "E", "126": "S", "102": "S", "84": "S", "69": "E", "63": "N", "41": "E", "11": "E", "0": "E"}, {"57": "E", "56": "E", "7": "E", "26": "N", "128": "E", "87": "S", "96": "E", "78": "N", "49": "N", "21": "E", "85": "W", "174": "E", "53": "S", "143": "N", "67": "S", "51": "E", "127": "N", "153": "N", "154": "S", "30": "N", "97": "E", "160": "S", "157": "N", "149": "S", "65": "N", "10": "S", "115": "W", "82": "E", "81": "S", "74": "E", "28": "S", "77": "W", "61": "W", "40": "N", "29": "N", "4": "S", "162": "N", "151": "N", "134": "S", "102": "E", "91": "S", "84": "W", "69": "E", "63": "N", "45": "N", "41": "E", "11": "E", "0": "E"}, {"57": "E", "56": "E", "7": "E", "26": "N", "128": "E", "87": "E", "96": "E", "21": "E", "119": "E", "85": "N", "110": "S", "133": "S", "127": "N", "100": "N", "153": "N", "154": "S", "132": "W", "97": "E", "157": "E", "149": "S", "65": "W", "10": "E", "136": "N", "115": "N", "88": "N", "82": "N", "81": "E", "74": "E", "123": "W", "77": "N", "61": "N", "40": "N", "4": "S", "162": "N", "151": "N", "134": "E", "102": "E", "63": "W", "41": "E", "11": "E", "0": "E"}, {"57": "E", "56": "N", "7": "S", "26": "E", "128": "E", "87": "E", "96": "E", "70": "S", "21": "E", "174": "N", "127": "W", "100": "W", "153": "N", "154": "E", "132": "W", "97": "E", "65": "W", "136": "W", "115": "N", "82": "N", "81": "E", "74": "E", "123": "W", "77": "E", "61": "W", "40": "N", "4": "S", "162": "N", "151": "N", "102": "N", "94": "W", "41": "E", "11": "S", "0": "E"}, {"57": "E", "56": "N", "7": "E", "26": "E", "128": "E", "87": "N", "21": "E", "51": "E", "153": "W", "132": "S", "97": "N", "149": "N", "65": "S", "115": "E", "82": "W", "81": "N", "123": "N", "77": "N", "61": "N", "40": "N", "29": "S", "4": "S", "162": "N", "151": "N", "94": "S", "84": "N", "69": "S", "41": "E", "11": "E", "0": "E"}, {"57": "E", "56": "E", "7": "E", "26": "E", "128": "E", "21": "E", "53": "N", "6": "E", "67": "N", "153": "W", "132": "E", "97": "N", "149": "N", "115": "N", "81": "N", "77": "N", "40": "N", "4": "S", "162": "W", "151": "W", "94": "E", "84": "W", "69": "E", "41": "S", "11": "E", "0": "N"}, {"57": "E", "56": "E", "7": "S", "26": "E", "128": "E", "87": "S", "49": "S", "21": "E", "110": "N", "143": "S", "133": "N", "120": "E", "153": "N", "132": "E", "97": "E", "65": "N", "81": "N", "77": "W", "40": "N", "32": "E", "4": "W", "162": "W", "151": "W", "84": "W", "69": "E", "45": "S", "41": "S", "11": "E", "0": "N"}, {"56": "E", "7": "S", "26": "N", "70": "N", "21": "E", "9": "N", "120": "E", "153": "N", "97": "N", "65": "N", "40": "N", "32": "E", "162": "W", "151": "W", "84": "N", "69": "E", "11": "E", "0": "N"}, {"56": "E", "21": "E", "120": "E", "97": "N", "136": "E", "40": "N", "32": "E", "162": "W", "69": "E", "11": "S", "0": "N"}, {"56": "S", "26": "S", "21": "E", "9": "S", "97": "N", "136": "S", "40": "N", "162": "N", "69": "E", "11": "S", "0": "N"}, {"56": "S", "26": "S", "21": "E", "9": "S", "97": "W", "66": "E", "40": "N", "162": "W", "69": "E", "11": "S", "0": "N"}, {"21": "E", "97": "N", "160": "W", "40": "N", "32": "S", "162": "W", "69": "N", "11": "E", "0": "N"}, {"21": "E", "97": "N", "40": "N", "32": "E", "162": "S", "69": "E", "11": "S", "0": "W"}, {"21": "E", "120": "S", "97": "N", "66": "W", "40": "W", "32": "S", "84": "S", "69": "N", "11": "W", "0": "W"}, {"21": "E", "160": "E", "32": "E", "69": "E", "11": "S", "0": "N"}, {"21": "E", "147": "S", "32": "N", "84": "N", "69": "E", "11": "W"}, {"21": "E", "120": "N"}, {"21": "E", "146": "S", "32": "N"}, {"21": "E", "147": "N"}, {"21": "N", "146": "N"}, {"21": "E"}], "result": "SUCCESS", "makespan": 60, "sum": 4173, "algo_name": "OutAndInByPercentage_sea_level__BIT_", "extra": {"BIT_runs": 1, "old_makespan": 3822, "old_sum": 5203, "improved": "[83, 18, 39, 117, 60, 57, 34, 56, 7, 114, 106, 26, 36, 124, 128, 121, 93, 89, 79, 155, 92, 72, 68, 161, 101, 87, 50, 43, 1, 156, 96, 78, 70, 49, 46, 141, 122, 58, 23, 22, 21, 14, 166, 164, 119, 105, 38, 17, 148, 138, 131, 99, 85, 174, 146, 110, 76, 53, 44, 35, 31, 20, 9, 143, 6, 147, 144, 133, 25, 5, 170, 152, 67, 2, 159, 51, 27, 120, 158, 130, 127, 125, 112, 12, 172, 100, 73, 19, 153, 154, 132, 118, 33, 30, 97, 163, 160, 157, 149, 137, 109, 108, 104, 98, 71, 66, 65, 64, 54, 37, 16, 13, 10, 3, 55, 42, 150, 145, 140, 136, 115, 113, 111, 90, 88, 86, 82, 81, 75, 74, 59, 28, 8, 173, 171, 169, 139, 129, 123, 116, 107, 95, 77, 62, 61, 52, 40, 32, 29, 4, 168, 167, 165, 162, 151, 142, 135, 134, 126, 103, 102, 94, 91, 84, 80, 69, 63, 48, 47, 45, 41, 24, 11, 0],", "goal_raise_for_bs": 32}}