{"instance": "small_free_000_10x10_30_30", "steps": [{"20": "W", "12": "N", "8": "S", "16": "E", "0": "E", "10": "W", "1": "W", "23": "W", "26": "W", "17": "E", "7": "S", "4": "E", "6": "E", "9": "E", "29": "W", "3": "E", "15": "W", "13": "W", "18": "W", "28": "W", "25": "W"}, {"16": "E", "17": "E", "9": "E", "12": "N", "29": "W", "28": "W", "13": "S", "20": "W", "11": "E", "0": "E", "27": "S", "14": "W", "1": "N", "7": "S", "8": "S", "2": "N", "23": "W", "3": "N", "18": "W"}, {"5": "N", "10": "W", "18": "W", "12": "N", "2": "N", "29": "W", "9": "E", "1": "N", "25": "W", "8": "S", "16": "E", "28": "W", "14": "W"}, {"10": "S", "8": "S", "29": "W", "18": "W", "2": "N", "5": "N"}, {"15": "E", "20": "S", "21": "W", "10": "S", "26": "N", "28": "E", "23": "S", "6": "E", "14": "N", "16": "E", "18": "W", "29": "N"}, {"15": "S", "24": "E", "29": "N", "11": "E", "21": "S", "3": "E", "13": "S", "10": "S", "17": "E", "14": "W"}, {"1": "N", "6": "E", "15": "S", "17": "E", "29": "N", "14": "W", "0": "S", "21": "S"}, {"29": "N", "17": "E", "6": "S", "15": "W", "21": "S", "4": "S", "0": "S", "20": "W", "14": "W"}, {"14": "S", "20": "W", "6": "S", "21": "S", "17": "S", "15": "W", "29": "W"}, {"17": "S", "21": "E", "20": "W", "6": "S"}, {"18": "W", "19": "W", "26": "N", "21": "S", "11": "W", "17": "S", "20": "W", "22": "W", "16": "S"}, {"18": "N", "16": "E", "23": "W", "27": "S", "21": "S", "22": "S", "26": "N", "7": "S", "0": "S", "19": "N", "11": "N"}, {"16": "S", "3": "W", "27": "S", "19": "N", "23": "W", "15": "W", "18": "N", "11": "N", "21": "S"}, {"23": "W", "19": "E", "27": "S", "16": "E", "18": "E", "17": "S", "11": "N"}, {"17": "S", "27": "S", "23": "W", "16": "E", "18": "N"}, {"23": "S", "16": "E", "18": "N", "17": "S"}, {"25": "N", "16": "N", "17": "S", "18": "N", "28": "W", "23": "S", "10": "E", "4": "W"}, {"25": "W", "28": "W", "26": "W", "10": "S", "23": "W", "16": "N", "17": "S"}, {"16": "N", "10": "S", "25": "W", "4": "S", "3": "N", "28": "W", "23": "W"}, {"28": "N", "16": "N", "3": "N", "4": "S", "25": "W", "10": "S"}, {"25": "S", "16": "N", "28": "N", "10": "S"}, {"28": "N", "25": "S"}, {"26": "E", "19": "N", "25": "N", "11": "E"}, {"25": "N", "18": "N", "26": "S", "28": "W", "19": "E"}, {"18": "N", "25": "E", "26": "S", "19": "E", "11": "E"}, {"11": "E", "19": "E", "26": "W"}, {"11": "E", "19": "S", "26": "W"}, {"19": "E", "26": "W"}, {"26": "S", "19": "E", "22": "W", "25": "W", "10": "W"}, {"28": "W", "19": "E", "22": "S", "25": "S", "10": "W"}, {"10": "S", "19": "E", "25": "S", "22": "S"}, {"19": "E", "10": "S", "22": "E", "25": "E"}, {"10": "E", "19": "E", "25": "E"}, {"25": "S"}, {"25": "E"}, {"25": "S"}, {"25": "S"}, {"25": "S"}, {"4": "S"}, {"4": "E"}, {"4": "S"}], "result": "SUCCESS", "makespan": 41, "sum": 239, "algo_name": "BFS_4"}