{"instance": "small_004_20x20_20_61", "steps": [{"18": "N", "48": "W", "27": "W", "57": "W", "38": "W", "33": "S", "8": "W", "7": "W", "37": "W", "47": "N", "34": "W", "50": "S", "26": "W", "23": "W", "58": "S", "36": "S", "13": "W", "9": "S", "21": "W", "19": "N", "3": "S", "0": "N", "28": "E", "60": "S", "51": "E", "17": "W", "12": "S", "56": "W", "55": "N", "49": "N", "41": "W", "32": "W", "4": "W", "53": "N", "5": "S", "2": "W", "40": "S", "39": "E", "25": "S", "11": "W", "15": "S", "54": "S", "1": "E", "35": "W", "30": "S", "31": "S", "14": "E", "24": "S", "10": "E", "45": "S", "44": "S", "16": "E"}, {"18": "N", "27": "S", "57": "S", "38": "S", "33": "W", "8": "W", "7": "W", "52": "S", "37": "W", "47": "N", "50": "S", "26": "W", "23": "S", "58": "S", "36": "S", "13": "N", "9": "S", "21": "W", "19": "E", "3": "W", "28": "E", "60": "S", "51": "N", "17": "W", "56": "W", "55": "N", "49": "N", "41": "N", "32": "N", "4": "S", "53": "N", "5": "S", "2": "W", "40": "S", "39": "E", "25": "S", "22": "N", "20": "E", "11": "W", "43": "N", "15": "S", "54": "S", "1": "E", "30": "S", "31": "S", "24": "S", "46": "S", "45": "S", "44": "S", "16": "S"}, {"18": "N", "48": "N", "27": "S", "57": "S", "33": "W", "8": "W", "7": "W", "52": "W", "37": "W", "47": "N", "34": "N", "50": "W", "26": "W", "58": "E", "36": "S", "9": "E", "6": "E", "21": "W", "3": "W", "0": "S", "60": "S", "51": "N", "12": "S", "56": "W", "49": "N", "41": "E", "32": "N", "53": "N", "5": "E", "2": "W", "29": "W", "40": "S", "39": "S", "25": "S", "20": "S", "11": "W", "43": "N", "15": "E", "54": "S", "35": "S", "30": "E", "31": "E", "14": "E", "24": "S", "46": "S", "10": "S", "45": "E", "44": "E"}, {"18": "N", "48": "N", "27": "S", "57": "S", "33": "W", "8": "W", "7": "N", "52": "W", "37": "N", "47": "N", "34": "N", "50": "W", "26": "W", "58": "E", "36": "S", "9": "E", "6": "S", "21": "W", "19": "S", "3": "W", "0": "E", "42": "W", "28": "S", "60": "S", "51": "N", "12": "W", "56": "W", "49": "N", "41": "E", "32": "N", "53": "E", "5": "E", "2": "W", "29": "S", "59": "E", "11": "W", "43": "W", "15": "E", "54": "W", "30": "N", "31": "E", "14": "E", "24": "S", "46": "S", "10": "E", "45": "S", "44": "S", "16": "S"}, {"18": "N", "48": "N", "27": "S", "57": "W", "38": "W", "33": "S", "8": "W", "7": "W", "52": "S", "37": "W", "47": "W", "34": "N", "50": "W", "26": "W", "58": "E", "36": "S", "9": "E", "6": "E", "21": "W", "19": "S", "3": "S", "0": "E", "42": "W", "28": "E", "60": "S", "51": "N", "12": "S", "56": "W", "55": "E", "49": "E", "41": "N", "32": "N", "4": "W", "53": "E", "5": "E", "2": "W", "29": "W", "40": "E", "22": "W", "59": "E", "11": "W", "43": "W", "54": "N", "1": "S", "24": "S", "46": "E", "10": "E", "45": "S", "44": "E", "16": "E"}, {"18": "N", "48": "N", "27": "W", "57": "S", "38": "S", "33": "S", "8": "S", "7": "W", "52": "S", "37": "W", "34": "N", "50": "W", "26": "W", "23": "S", "58": "E", "36": "E", "9": "E", "6": "E", "21": "W", "19": "E", "3": "S", "0": "E", "42": "S", "28": "E", "60": "S", "51": "N", "17": "W", "12": "S", "56": "W", "55": "E", "49": "S", "41": "N", "32": "N", "53": "E", "5": "E", "2": "W", "29": "S", "40": "E", "25": "E", "20": "S", "59": "E", "11": "S", "43": "W", "54": "E", "1": "S", "31": "S", "24": "S", "46": "E", "45": "S", "16": "E"}, {"48": "W", "27": "W", "57": "S", "38": "S", "33": "S", "8": "W", "7": "W", "52": "S", "37": "W", "47": "N", "34": "W", "50": "W", "26": "W", "23": "S", "58": "E", "36": "E", "13": "W", "9": "E", "6": "E", "21": "W", "19": "E", "3": "S", "0": "E", "42": "W", "28": "E", "60": "S", "51": "N", "17": "W", "12": "S", "56": "W", "55": "E", "49": "E", "41": "N", "32": "N", "53": "E", "5": "N", "2": "W", "29": "S", "40": "E", "25": "E", "22": "E", "20": "S", "11": "W", "43": "W", "54": "N", "1": "E", "31": "S", "14": "S", "24": "S", "46": "E", "10": "E", "45": "E", "44": "S", "16": "E"}, {"18": "N", "48": "W", "27": "W", "57": "S", "38": "W", "33": "S", "8": "S", "7": "W", "52": "S", "37": "W", "47": "N", "34": "W", "50": "W", "26": "W", "23": "S", "58": "N", "36": "E", "9": "E", "6": "E", "21": "W", "19": "E", "3": "S", "0": "E", "42": "S", "28": "E", "60": "S", "51": "N", "17": "W", "12": "S", "56": "W", "55": "E", "49": "E", "41": "N", "32": "N", "53": "N", "5": "N", "2": "W", "29": "E", "39": "N", "25": "E", "22": "S", "20": "E", "59": "N", "11": "W", "43": "W", "54": "E", "1": "N", "35": "W", "30": "W", "31": "E", "24": "W", "46": "E", "45": "E", "44": "E", "16": "E"}, {"48": "W", "27": "W", "38": "W", "33": "S", "8": "S", "7": "W", "52": "S", "37": "W", "47": "N", "34": "W", "26": "W", "23": "W", "58": "N", "36": "E", "9": "E", "6": "E", "21": "W", "19": "E", "3": "S", "0": "N", "42": "S", "28": "E", "60": "S", "51": "N", "17": "W", "12": "S", "56": "N", "55": "E", "49": "E", "41": "N", "32": "N", "4": "N", "53": "N", "5": "N", "2": "W", "29": "E", "40": "S", "39": "N", "25": "E", "22": "S", "20": "E", "59": "E", "11": "W", "15": "N", "54": "E", "1": "N", "35": "N", "30": "N", "31": "N", "14": "W", "24": "N", "46": "E", "10": "W", "45": "N", "44": "E", "16": "E"}, {"18": "N", "48": "W", "27": "W", "57": "S", "38": "W", "33": "S", "8": "S", "7": "W", "52": "S", "37": "W", "47": "N", "34": "W", "26": "N", "23": "S", "58": "N", "36": "E", "13": "S", "9": "E", "6": "N", "21": "W", "19": "E", "3": "S", "0": "E", "42": "S", "28": "E", "60": "S", "51": "N", "17": "W", "12": "S", "56": "W", "55": "E", "49": "E", "41": "N", "32": "N", "4": "N", "53": "N", "5": "N", "2": "N", "29": "E", "39": "E", "25": "E", "22": "W", "59": "E", "11": "W", "43": "W", "15": "E", "54": "N", "1": "E", "35": "E", "30": "E", "31": "E", "14": "N", "24": "N", "46": "E", "44": "E", "16": "N"}, {"18": "W", "48": "W", "27": "W", "57": "W", "38": "W", "33": "S", "8": "S", "7": "W", "52": "S", "37": "W", "47": "N", "34": "W", "26": "N", "23": "W", "58": "W", "36": "E", "13": "S", "9": "S", "6": "E", "21": "W", "19": "N", "3": "S", "0": "N", "42": "S", "28": "N", "60": "S", "51": "N", "17": "W", "12": "S", "56": "W", "55": "N", "49": "E", "41": "N", "32": "N", "4": "N", "53": "N", "5": "N", "2": "W", "29": "E", "39": "N", "25": "E", "22": "S", "59": "S", "11": "W", "15": "N", "54": "E", "1": "E", "35": "E", "30": "E", "14": "E", "24": "N", "46": "E", "10": "W", "44": "N", "16": "N"}, {"48": "W", "27": "W", "57": "W", "38": "W", "33": "S", "8": "S", "7": "W", "52": "S", "37": "W", "47": "N", "34": "W", "50": "W", "26": "N", "23": "W", "58": "N", "36": "E", "13": "S", "9": "E", "6": "N", "21": "W", "19": "E", "3": "S", "0": "E", "42": "S", "28": "E", "60": "S", "51": "N", "17": "W", "12": "S", "56": "W", "55": "E", "49": "N", "41": "N", "32": "N", "4": "W", "53": "N", "5": "E", "2": "W", "29": "E", "40": "N", "39": "E", "25": "N", "22": "S", "20": "S", "59": "E", "11": "W", "43": "W", "54": "E", "1": "E", "35": "E", "30": "E", "31": "S", "14": "E", "24": "N", "46": "E", "44": "N", "16": "E"}, {"48": "W", "27": "W", "57": "W", "38": "W", "33": "S", "8": "S", "7": "W", "52": "S", "37": "W", "47": "N", "34": "W", "50": "W", "26": "W", "23": "W", "36": "E", "13": "W", "21": "W", "19": "E", "3": "S", "0": "N", "42": "S", "28": "E", "60": "E", "51": "N", "17": "W", "12": "S", "56": "W", "55": "E", "49": "E", "41": "N", "32": "N", "4": "W", "53": "N", "5": "E", "2": "N", "29": "N", "39": "N", "25": "E", "22": "S", "20": "E", "59": "N", "11": "W", "43": "W", "15": "N", "54": "N", "1": "E", "14": "N", "24": "E", "46": "E", "45": "N", "44": "N", "16": "E"}, {"18": "W", "48": "S", "27": "N", "57": "W", "38": "W", "33": "S", "8": "E", "7": "W", "52": "S", "37": "W", "47": "N", "34": "S", "50": "W", "26": "W", "23": "W", "36": "E", "13": "W", "21": "W", "19": "E", "3": "S", "0": "E", "42": "W", "28": "E", "60": "E", "51": "N", "17": "W", "12": "S", "56": "W", "55": "E", "49": "N", "41": "N", "32": "N", "4": "W", "53": "W", "5": "E", "2": "N", "29": "E", "39": "E", "25": "E", "22": "S", "20": "E", "11": "W", "43": "S", "15": "N", "54": "E", "1": "E", "30": "N", "14": "E", "24": "N", "46": "N", "10": "N", "44": "E", "16": "E"}, {"18": "W", "48": "S", "27": "N", "57": "W", "38": "W", "33": "S", "7": "W", "52": "S", "37": "W", "47": "N", "34": "S", "26": "W", "23": "W", "36": "E", "13": "W", "21": "N", "19": "N", "3": "W", "0": "E", "42": "S", "28": "N", "60": "E", "51": "N", "17": "N", "12": "W", "56": "W", "55": "N", "49": "E", "41": "N", "32": "N", "4": "W", "53": "W", "29": "E", "39": "E", "25": "E", "22": "S", "20": "N", "11": "W", "43": "S", "54": "E", "1": "N", "30": "N", "31": "N", "14": "E", "46": "E", "45": "N", "44": "E", "16": "N"}, {"18": "W", "48": "S", "27": "N", "57": "W", "38": "W", "33": "S", "7": "N", "52": "S", "47": "N", "34": "S", "26": "N", "23": "W", "36": "E", "13": "W", "21": "W", "19": "N", "3": "S", "0": "E", "42": "S", "28": "E", "51": "N", "17": "W", "12": "S", "56": "W", "55": "N", "49": "N", "41": "N", "32": "N", "4": "W", "53": "W", "2": "W", "29": "E", "39": "E", "25": "E", "22": "W", "20": "E", "59": "S", "11": "N", "43": "S", "15": "N", "54": "E", "1": "N", "30": "N", "14": "E", "46": "E", "45": "N", "44": "E", "16": "N"}, {"18": "W", "48": "S", "57": "W", "38": "N", "33": "S", "7": "W", "52": "E", "37": "W", "47": "W", "34": "S", "50": "E", "26": "W", "23": "W", "36": "E", "13": "W", "21": "W", "19": "E", "3": "S", "0": "E", "42": "E", "28": "E", "51": "N", "17": "N", "12": "S", "56": "W", "55": "E", "49": "E", "41": "N", "32": "N", "4": "W", "53": "W", "2": "W", "29": "E", "39": "E", "25": "E", "22": "W", "20": "E", "59": "E", "54": "E", "1": "N", "30": "N", "14": "E", "46": "E", "44": "E", "16": "N"}, {"18": "W", "48": "S", "57": "W", "38": "N", "33": "S", "7": "W", "52": "E", "37": "W", "47": "W", "34": "S", "50": "E", "26": "N", "23": "W", "36": "E", "13": "W", "21": "N", "19": "E", "3": "S", "42": "S", "28": "E", "51": "N", "17": "W", "12": "E", "56": "N", "55": "E", "49": "E", "41": "N", "32": "N", "4": "W", "53": "W", "2": "N", "29": "E", "39": "N", "25": "E", "22": "S", "20": "E", "59": "E", "54": "E", "1": "N", "35": "S", "30": "N", "14": "E", "24": "N", "46": "E", "10": "N", "44": "N", "16": "W"}, {"18": "W", "57": "W", "33": "E", "7": "N", "52": "E", "47": "W", "34": "W", "50": "E", "26": "W", "23": "W", "13": "W", "21": "N", "19": "E", "3": "S", "42": "E", "28": "E", "51": "N", "17": "W", "12": "S", "56": "W", "55": "E", "49": "N", "41": "N", "32": "N", "4": "W", "53": "W", "2": "N", "29": "N", "40": "W", "39": "E", "25": "E", "22": "S", "20": "E", "59": "E", "15": "N", "54": "N", "1": "N", "35": "E", "30": "N", "24": "E", "46": "E", "10": "N", "44": "N", "16": "W"}, {"18": "S", "57": "W", "33": "E", "7": "N", "52": "E", "37": "W", "47": "W", "34": "S", "50": "E", "26": "N", "23": "W", "13": "N", "21": "E", "3": "E", "42": "E", "51": "W", "17": "N", "12": "S", "56": "N", "55": "E", "49": "E", "41": "N", "32": "W", "4": "S", "53": "W", "2": "W", "29": "E", "40": "W", "25": "E", "22": "S", "20": "E", "59": "E", "11": "W", "54": "E", "1": "N", "35": "N", "30": "E", "14": "W", "24": "E", "46": "N", "10": "N", "44": "N", "16": "W"}, {"18": "S", "57": "N", "33": "E", "7": "N", "52": "E", "37": "N", "47": "W", "34": "S", "50": "E", "26": "N", "23": "N", "13": "N", "21": "N", "3": "E", "42": "S", "51": "W", "17": "N", "12": "E", "56": "W", "55": "E", "49": "E", "41": "N", "32": "W", "4": "S", "53": "W", "2": "N", "29": "E", "40": "W", "25": "E", "22": "S", "20": "E", "59": "E", "11": "W", "43": "E", "15": "S", "54": "E", "1": "W", "35": "E", "30": "E", "14": "N", "46": "E", "10": "N", "44": "E"}, {"18": "S", "57": "N", "33": "E", "52": "E", "37": "N", "47": "W", "34": "W", "50": "E", "26": "N", "23": "N", "13": "N", "21": "W", "3": "E", "42": "S", "51": "W", "17": "N", "12": "E", "56": "N", "55": "E", "49": "E", "41": "N", "32": "W", "4": "S", "53": "W", "2": "N", "40": "W", "25": "S", "20": "E", "11": "N", "15": "S", "54": "N", "1": "N", "35": "E", "30": "E", "31": "S", "14": "N", "46": "N", "10": "N", "16": "N"}, {"18": "S", "57": "N", "33": "E", "52": "E", "37": "W", "47": "W", "34": "W", "50": "E", "26": "N", "23": "N", "21": "N", "3": "E", "42": "S", "51": "W", "17": "N", "12": "E", "56": "N", "41": "W", "32": "W", "4": "W", "53": "W", "2": "E", "40": "W", "22": "E", "11": "N", "54": "E", "35": "E", "14": "N", "46": "N"}, {"18": "S", "57": "W", "33": "E", "52": "E", "37": "N", "47": "W", "34": "S", "50": "E", "26": "N", "21": "N", "3": "E", "42": "S", "51": "W", "17": "W", "12": "E", "56": "N", "41": "W", "32": "W", "4": "S", "53": "W", "2": "N", "40": "W", "22": "S", "11": "N", "54": "E", "35": "E", "14": "N", "46": "N", "10": "E", "16": "N"}, {"18": "S", "57": "N", "33": "E", "7": "N", "52": "E", "37": "N", "47": "W", "34": "S", "50": "E", "26": "N", "21": "N", "3": "E", "42": "S", "51": "W", "17": "N", "12": "E", "41": "W", "32": "W", "4": "W", "53": "W", "2": "N", "40": "W", "22": "E", "11": "N", "31": "N", "14": "W", "46": "W", "10": "N", "44": "W"}, {"18": "S", "57": "N", "33": "E", "7": "N", "52": "E", "37": "N", "47": "W", "34": "E", "50": "E", "26": "N", "21": "N", "3": "E", "42": "S", "51": "W", "17": "N", "12": "N", "41": "W", "32": "W", "4": "S", "53": "W", "2": "N", "40": "W", "22": "E", "11": "N", "14": "N", "24": "S", "46": "N", "10": "N"}, {"18": "S", "57": "N", "33": "E", "7": "N", "52": "E", "37": "N", "47": "W", "34": "E", "50": "E", "26": "N", "21": "N", "3": "E", "42": "S", "51": "W", "17": "N", "12": "E", "41": "W", "32": "W", "4": "S", "53": "S", "2": "N", "22": "N", "11": "N", "46": "N"}, {"18": "S", "57": "N", "33": "E", "7": "N", "52": "E", "37": "N", "47": "W", "34": "E", "50": "E", "26": "E", "3": "E", "42": "E", "51": "W", "17": "N", "12": "E", "56": "W", "41": "W", "32": "W", "4": "S", "53": "S", "2": "W", "40": "E", "22": "E", "11": "N", "46": "N", "44": "E"}, {"18": "S", "57": "N", "33": "E", "7": "N", "52": "E", "37": "N", "47": "W", "34": "E", "50": "E", "26": "E", "21": "N", "3": "E", "42": "E", "51": "W", "17": "N", "12": "E", "56": "N", "41": "W", "32": "W", "4": "S", "53": "S", "40": "E", "22": "E", "11": "N"}, {"57": "E", "33": "E", "52": "E", "37": "N", "47": "W", "34": "E", "26": "E", "3": "E", "42": "E", "51": "W", "17": "W", "12": "E", "56": "N", "41": "W", "32": "W", "4": "E", "53": "S", "2": "W", "40": "E", "22": "E", "11": "N"}, {"37": "N", "47": "W", "34": "N", "26": "E", "21": "S", "3": "E", "42": "E", "51": "W", "17": "N", "12": "E", "56": "N", "41": "W", "32": "W", "4": "E", "40": "E", "22": "E", "11": "N"}, {"37": "N", "47": "W", "34": "E", "26": "E", "3": "E", "42": "E", "51": "W", "17": "N", "12": "E", "56": "N", "41": "W", "32": "W", "40": "E", "22": "E", "11": "N", "24": "N"}, {"37": "N", "34": "N", "3": "S", "42": "E", "17": "N", "12": "E", "56": "N", "41": "W", "32": "W", "40": "E", "22": "E", "11": "N", "30": "W", "31": "S"}, {"37": "N", "3": "E", "42": "E", "17": "E", "12": "E", "56": "N", "41": "W", "32": "W", "2": "E", "40": "E", "22": "E", "11": "N", "43": "S", "35": "S", "30": "S"}, {"37": "E", "3": "E", "42": "E", "17": "E", "12": "E", "56": "E", "41": "S", "32": "S", "2": "E", "40": "E", "22": "E", "20": "E", "11": "N", "43": "W"}, {"3": "N", "42": "E", "17": "E", "12": "E", "41": "W", "32": "S", "2": "E", "22": "E", "20": "S", "11": "N", "43": "N", "15": "S"}, {"3": "E", "42": "E", "17": "E", "12": "E", "41": "S", "32": "W", "2": "E", "22": "E", "11": "N", "30": "N"}, {"3": "E", "42": "E", "17": "E", "12": "N", "41": "W", "32": "S", "22": "E", "20": "S", "11": "N", "35": "S", "30": "E"}, {"42": "E", "41": "W", "32": "S", "22": "E", "20": "W", "11": "E", "15": "N", "31": "N"}, {"42": "E", "41": "W", "20": "N", "11": "E", "35": "N"}, {"41": "N", "32": "N", "20": "N", "35": "N"}], "result": "SUCCESS", "makespan": 41, "sum": 1430, "algo_name": "OutAndInByPercentage_dist_from_grid_BIT_", "extra": {"arrival_order": [18, 48, 27, 57, 38, 33, 8, 7, 52, 37, 47, 34, 50, 26, 23, 58, 36, 13, 9, 6, 21, 19, 3, 0, 42, 28, 60, 51, 17, 12, 56, 55, 49, 41, 32, 4, 53, 5, 2, 29, 40, 39, 25, 22, 20, 59, 11, 43, 15, 54, 1, 35, 30, 31, 14, 24, 46, 10, 45, 44, 16], "time_arrived": [626, 1335, 1079, 607, 994, 1045, 519, 218, 187, 505, 1447, 1245, 807, 492, 1397, 1282, 1513, 776, 29, 572, 1190, 553, 1168, 431, 1406, 1141, 402, 74, 685, 1098, 1363, 1374, 966, 166, 354, 1346, 469, 291, 129, 1123, 1104, 928, 664, 1267, 1479, 1459, 1432, 323, 49, 886, 364, 738, 254, 1025, 1314, 863, 841, 105, 444, 1207, 702], "BIT_runs": 1, "old_makespan": 1513, "old_sum": 1886, "improved": "[48, 27, 57, 38, 33, 8, 7, 52, 37, 47, 34, 50, 26, 23, 58, 36, 13, 9, 6, 21, 19, 3, 0, 42, 28, 60, 51, 17, 12, 56, 55, 49, 41, 32, 4, 53, 5, 2, 29, 40, 39, 25, 22, 20, 59, 11, 43, 15, 54, 1, 35, 30, 31, 14, 24, 46, 10, 45, 44, 16],", "goal_raise_for_bs": 32}}