{"instance": "small_free_001_10x10_40_40", "steps": [{"1": "N", "6": "N", "12": "W", "13": "E", "14": "W", "17": "W", "20": "W", "26": "W", "28": "E", "33": "S", "38": "N", "0": "N", "2": "N", "7": "W", "8": "W", "15": "E", "16": "N", "18": "S", "21": "S", "23": "W", "25": "N", "29": "E", "30": "W", "35": "E", "36": "W", "37": "W", "3": "E", "5": "W", "9": "W", "10": "S", "19": "N", "24": "W", "32": "N", "34": "E", "39": "E", "11": "N", "22": "E", "27": "W", "31": "E", "4": "E"}, {"1": "N", "6": "N", "12": "W", "13": "E", "14": "W", "17": "W", "20": "W", "26": "W", "28": "E", "33": "S", "38": "N", "0": "N", "2": "N", "7": "W", "8": "W", "15": "E", "16": "N", "18": "S", "21": "S", "23": "W", "25": "N", "29": "E", "30": "W", "35": "E", "36": "W", "37": "W", "3": "E", "5": "W", "9": "W", "10": "S", "19": "N", "24": "W", "32": "N", "34": "E", "39": "E", "11": "N", "22": "E", "27": "W", "31": "E", "4": "E"}, {"6": "W", "38": "N", "33": "S", "12": "W", "17": "W", "20": "W", "26": "W", "0": "N", "2": "N", "7": "W", "8": "W", "15": "E", "18": "S", "21": "S", "23": "W", "25": "N", "29": "E", "30": "W", "35": "E", "36": "W", "37": "W", "3": "E", "5": "W", "9": "W", "10": "S", "19": "N", "24": "W", "32": "N", "34": "E", "39": "E", "11": "N", "22": "E", "27": "W", "31": "E", "4": "E"}, {"6": "N", "38": "N", "0": "N", "2": "N", "33": "W", "18": "W", "17": "W", "20": "W", "26": "W", "8": "W", "23": "W", "30": "S", "37": "W", "13": "E", "28": "E", "15": "S", "29": "E", "16": "N", "3": "E", "5": "W", "9": "W", "10": "S", "19": "N", "32": "N", "34": "E", "39": "E", "11": "N", "22": "E", "27": "W", "31": "E", "4": "E"}, {"2": "E", "17": "N", "20": "W", "8": "W", "30": "W", "5": "W", "28": "E", "29": "S", "35": "E", "34": "E", "39": "S", "24": "W", "22": "E", "27": "W", "31": "E", "4": "E"}, {"2": "N", "25": "N", "32": "N", "23": "W", "28": "E", "34": "E", "22": "E", "11": "N", "4": "E"}, {"32": "N", "23": "W"}, {"32": "N", "23": "N"}, {"32": "W"}, {"7": "E"}, {"7": "E"}, {"7": "E"}, {"7": "E"}, {"7": "E"}, {"7": "E"}, {"7": "E"}, {"7": "E"}, {"7": "E"}, {"7": "E"}, {"7": "E"}, {"7": "N"}, {"11": "S"}, {"11": "E"}, {"11": "E"}, {"11": "E"}, {"11": "S"}, {"10": "E"}, {"10": "N"}, {"10": "E"}, {"10": "E"}, {"10": "N"}, {"10": "N"}, {"10": "N"}, {"10": "N"}, {"10": "N"}, {"10": "N"}, {"10": "N"}, {"10": "N"}, {"10": "N"}, {"10": "N"}, {"25": "W"}, {"25": "S"}, {"25": "S"}, {"25": "E"}, {"25": "E"}, {"25": "E"}, {"25": "S"}, {"25": "S"}, {"25": "E"}, {"25": "S"}, {"25": "S"}, {"24": "E"}, {"24": "E"}, {"24": "E"}, {"24": "E"}, {"24": "E"}, {"24": "E"}, {"24": "E"}, {"24": "E"}, {"24": "N"}, {"24": "N"}, {"24": "N"}, {"24": "N"}, {"24": "N"}, {"20": "N"}, {"20": "E"}, {"20": "E"}, {"20": "E"}, {"20": "E"}, {"20": "E"}, {"20": "E"}, {"20": "E"}, {"20": "E"}, {"20": "E"}, {"20": "E"}, {"20": "E"}, {"20": "E"}, {"20": "E"}, {"20": "E"}, {"20": "S"}, {"20": "S"}, {"2": "E"}, {"2": "E"}, {"2": "S"}, {"2": "S"}, {"2": "S"}, {"2": "S"}, {"2": "S"}, {"2": "S"}, {"35": "N"}, {"35": "W"}, {"35": "W"}, {"35": "S"}, {"35": "S"}, {"35": "S"}, {"35": "W"}, {"35": "W"}, {"35": "W"}, {"35": "N"}, {"35": "N"}, {"5": "N"}, {"5": "E"}, {"5": "E"}, {"5": "E"}, {"5": "E"}, {"5": "E"}, {"5": "E"}, {"5": "E"}, {"5": "N"}, {"5": "N"}, {"1": "W"}, {"1": "S"}, {"1": "W"}, {"1": "W"}, {"1": "S"}, {"1": "S"}, {"1": "S"}, {"1": "E"}, {"31": "W"}, {"31": "S"}, {"31": "S"}, {"31": "W"}, {"31": "S"}, {"21": "N"}, {"21": "E"}, {"21": "N"}, {"21": "N"}, {"21": "N"}, {"21": "N"}, {"21": "N"}, {"21": "N"}, {"21": "N"}, {"14": "E"}, {"14": "E"}, {"14": "E"}, {"14": "E"}, {"14": "E"}, {"14": "S"}, {"14": "E"}, {"14": "E"}, {"14": "S"}, {"14": "S"}, {"14": "S"}, {"14": "E"}, {"14": "E"}, {"14": "E"}, {"14": "S"}, {"12": "S"}, {"12": "E"}, {"12": "E"}, {"12": "E"}, {"12": "E"}, {"12": "E"}, {"12": "E"}, {"12": "E"}, {"12": "E"}, {"6": "E"}, {"6": "S"}, {"6": "S"}, {"6": "W"}, {"6": "W"}, {"6": "W"}, {"6": "W"}, {"6": "S"}, {"29": "N"}, {"29": "W"}, {"29": "W"}, {"29": "S"}, {"29": "S"}, {"29": "W"}, {"29": "W"}, {"29": "W"}, {"29": "W"}, {"29": "W"}, {"29": "W"}, {"29": "N"}, {"29": "N"}, {"29": "N"}, {"29": "N"}, {"29": "N"}, {"26": "S"}, {"26": "E"}, {"26": "E"}, {"26": "E"}, {"26": "E"}, {"26": "E"}, {"26": "E"}, {"26": "E"}, {"26": "E"}, {"26": "E"}, {"26": "E"}, {"26": "E"}, {"26": "S"}, {"26": "E"}, {"3": "W"}, {"3": "W"}, {"3": "W"}, {"3": "W"}, {"3": "W"}, {"3": "W"}, {"3": "N"}, {"3": "N"}, {"3": "N"}, {"3": "N"}, {"0": "W"}, {"0": "S"}, {"0": "S"}, {"0": "S"}, {"0": "S"}, {"0": "E"}, {"0": "S"}, {"0": "S"}, {"0": "E"}, {"0": "S"}, {"0": "E"}, {"0": "E"}, {"37": "S"}, {"37": "E"}, {"37": "E"}, {"37": "E"}, {"37": "E"}, {"37": "E"}, {"37": "E"}, {"37": "E"}, {"37": "E"}, {"37": "E"}, {"37": "E"}, {"37": "S"}, {"33": "W"}, {"33": "W"}, {"33": "W"}, {"33": "W"}, {"33": "N"}, {"33": "N"}, {"33": "N"}, {"33": "N"}, {"33": "N"}, {"33": "N"}, {"33": "N"}, {"33": "N"}, {"33": "N"}, {"33": "N"}, {"33": "N"}, {"23": "S"}, {"23": "E"}, {"23": "E"}, {"23": "E"}, {"23": "E"}, {"23": "E"}, {"23": "E"}, {"23": "E"}, {"23": "E"}, {"23": "S"}, {"23": "E"}, {"23": "S"}, {"23": "E"}, {"23": "S"}, {"23": "E"}, {"23": "S"}, {"23": "S"}, {"23": "E"}, {"23": "E"}, {"22": "S"}, {"22": "W"}, {"22": "W"}, {"22": "N"}, {"22": "N"}, {"22": "W"}, {"22": "N"}, {"22": "W"}, {"22": "N"}, {"22": "W"}, {"22": "N"}, {"22": "N"}, {"22": "W"}, {"22": "W"}, {"22": "S"}, {"22": "S"}, {"22": "W"}, {"22": "W"}, {"22": "S"}, {"16": "S"}, {"16": "W"}, {"16": "W"}, {"16": "W"}, {"16": "W"}, {"16": "W"}, {"16": "S"}, {"16": "S"}, {"16": "S"}, {"16": "E"}, {"16": "S"}, {"16": "E"}, {"16": "E"}, {"16": "S"}, {"16": "E"}, {"16": "S"}, {"16": "E"}, {"15": "W"}, {"15": "W"}, {"15": "W"}, {"15": "W"}, {"15": "W"}, {"15": "W"}, {"15": "N"}, {"15": "N"}, {"15": "N"}, {"15": "N"}, {"15": "N"}, {"34": "S"}, {"34": "W"}, {"34": "W"}, {"34": "W"}, {"34": "S"}, {"34": "S"}, {"34": "W"}, {"34": "S"}, {"34": "W"}, {"34": "W"}, {"34": "W"}, {"34": "W"}, {"34": "N"}, {"34": "N"}, {"34": "N"}, {"28": "N"}, {"28": "W"}, {"28": "N"}, {"28": "W"}, {"28": "W"}, {"28": "W"}, {"28": "W"}, {"28": "W"}, {"28": "N"}, {"28": "W"}, {"28": "N"}, {"28": "N"}, {"28": "W"}, {"28": "W"}, {"28": "W"}, {"28": "W"}, {"28": "W"}, {"28": "W"}, {"28": "S"}, {"28": "S"}, {"28": "S"}, {"28": "E"}, {"27": "E"}, {"27": "E"}, {"27": "E"}, {"27": "E"}, {"27": "E"}, {"27": "E"}, {"27": "S"}, {"27": "S"}, {"27": "S"}, {"27": "E"}, {"27": "E"}, {"27": "S"}, {"27": "E"}, {"18": "N"}, {"18": "W"}, {"18": "W"}, {"18": "W"}, {"18": "N"}, {"18": "N"}, {"18": "N"}, {"18": "N"}, {"18": "N"}, {"18": "N"}, {"18": "N"}, {"13": "S"}, {"13": "W"}, {"13": "W"}, {"13": "W"}, {"13": "W"}, {"13": "W"}, {"13": "W"}, {"13": "W"}, {"13": "W"}, {"13": "N"}, {"13": "N"}, {"13": "N"}, {"13": "N"}, {"8": "N"}, {"8": "E"}, {"8": "E"}, {"8": "E"}, {"8": "E"}, {"8": "E"}, {"8": "N"}, {"36": "E"}, {"36": "E"}, {"36": "E"}, {"36": "N"}, {"36": "N"}, {"36": "N"}, {"36": "N"}, {"36": "N"}, {"17": "S"}, {"17": "E"}, {"17": "E"}, {"17": "E"}, {"17": "E"}, {"17": "S"}, {"17": "E"}, {"17": "E"}, {"17": "S"}, {"17": "E"}, {"17": "S"}, {"17": "E"}, {"9": "E"}, {"9": "E"}, {"9": "E"}, {"9": "E"}, {"9": "E"}, {"9": "S"}, {"9": "S"}, {"9": "E"}, {"9": "E"}, {"9": "E"}, {"9": "S"}, {"9": "S"}, {"9": "E"}, {"4": "W"}, {"4": "S"}, {"4": "S"}, {"4": "S"}, {"4": "W"}, {"4": "S"}, {"4": "W"}, {"4": "S"}, {"4": "W"}, {"4": "W"}, {"4": "W"}, {"4": "W"}, {"4": "W"}, {"4": "W"}, {"4": "N"}, {"4": "N"}, {"4": "N"}, {"4": "N"}, {"4": "N"}, {"4": "N"}, {"19": "W"}, {"19": "W"}, {"19": "W"}, {"19": "S"}, {"19": "S"}, {"19": "S"}, {"19": "S"}, {"19": "S"}, {"19": "E"}, {"19": "S"}, {"19": "E"}, {"39": "W"}, {"39": "S"}, {"39": "W"}, {"39": "S"}, {"39": "W"}, {"39": "S"}, {"39": "W"}, {"39": "W"}, {"39": "W"}, {"39": "W"}, {"39": "W"}, {"39": "W"}, {"39": "N"}, {"39": "N"}, {"39": "N"}, {"39": "N"}, {"32": "W"}, {"32": "W"}, {"32": "W"}, {"32": "S"}, {"32": "S"}, {"32": "S"}, {"32": "S"}, {"32": "S"}, {"32": "S"}, {"32": "S"}, {"32": "S"}, {"32": "E"}, {"32": "S"}, {"32": "S"}, {"32": "S"}, {"32": "E"}, {"32": "E"}, {"32": "E"}, {"32": "E"}, {"32": "S"}, {"32": "S"}, {"38": "W"}, {"38": "W"}, {"38": "W"}, {"38": "S"}, {"38": "S"}, {"38": "S"}, {"38": "S"}, {"38": "S"}, {"38": "S"}, {"38": "S"}, {"38": "E"}, {"38": "S"}, {"38": "S"}, {"38": "S"}, {"38": "E"}, {"38": "E"}, {"38": "E"}, {"38": "S"}, {"38": "S"}, {"30": "N"}, {"30": "E"}, {"30": "E"}, {"30": "E"}, {"30": "N"}], "result": "SUCCESS", "makespan": 515, "sum": 682, "algo_name": "OutAndInBFS_default"}