{"instance": "small_007_20x20_40_82", "steps": [{"16": "W", "7": "N", "52": "E", "26": "S", "24": "S", "34": "S", "23": "W", "30": "N", "62": "N", "17": "W", "19": "W", "65": "W", "38": "N", "75": "W", "61": "E", "32": "W", "28": "S", "6": "E", "33": "W", "66": "E", "42": "W", "14": "S", "10": "E", "12": "N", "13": "W", "41": "S", "77": "W", "57": "S", "15": "S", "60": "S", "43": "S", "9": "E", "71": "W", "8": "E", "80": "W", "0": "N", "21": "S", "37": "S", "29": "N", "25": "E", "5": "E", "68": "S", "20": "W", "58": "W", "79": "E", "3": "W", "31": "N", "76": "W", "73": "N", "36": "W", "72": "W", "63": "S", "44": "W", "22": "N", "18": "W", "56": "S", "39": "N", "45": "S", "69": "W", "50": "N", "48": "E", "74": "W", "40": "W", "2": "W", "47": "W", "11": "E", "54": "S", "35": "W"}, {"16": "W", "7": "N", "52": "E", "26": "W", "24": "S", "23": "W", "30": "N", "62": "N", "17": "W", "19": "W", "65": "W", "38": "N", "61": "E", "32": "W", "53": "S", "28": "E", "6": "E", "33": "W", "66": "E", "14": "S", "10": "S", "12": "N", "13": "S", "41": "S", "77": "S", "57": "S", "15": "S", "60": "S", "9": "E", "51": "E", "8": "N", "80": "W", "0": "E", "21": "S", "37": "S", "29": "N", "5": "S", "1": "N", "68": "W", "20": "W", "58": "W", "79": "S", "3": "W", "4": "S", "31": "N", "49": "W", "73": "N", "67": "N", "36": "W", "72": "W", "63": "S", "44": "W", "22": "W", "81": "N", "56": "S", "39": "E", "45": "S", "69": "S", "50": "N", "47": "W", "11": "E", "54": "S", "35": "W"}, {"52": "E", "26": "W", "24": "S", "34": "W", "23": "W", "30": "N", "62": "N", "17": "W", "19": "W", "65": "W", "38": "N", "75": "S", "61": "E", "32": "W", "53": "S", "28": "N", "6": "E", "33": "W", "66": "E", "42": "N", "14": "E", "10": "S", "12": "W", "13": "W", "41": "S", "77": "S", "57": "S", "15": "S", "60": "S", "9": "E", "51": "E", "71": "S", "8": "N", "80": "W", "21": "S", "37": "S", "29": "N", "1": "N", "68": "S", "20": "S", "58": "W", "79": "E", "3": "W", "4": "S", "49": "N", "76": "N", "36": "W", "72": "W", "55": "W", "63": "S", "44": "S", "22": "S", "81": "N", "56": "E", "45": "S", "69": "S", "50": "N", "59": "W", "40": "N", "47": "W", "11": "E", "54": "S"}, {"7": "N", "52": "E", "26": "W", "24": "S", "34": "W", "23": "W", "30": "E", "62": "E", "17": "W", "19": "W", "65": "W", "38": "E", "75": "W", "61": "E", "32": "N", "53": "S", "28": "N", "6": "S", "66": "E", "42": "N", "14": "E", "10": "S", "12": "S", "13": "S", "41": "E", "77": "S", "57": "S", "15": "S", "60": "S", "43": "N", "9": "E", "51": "S", "71": "S", "8": "N", "80": "W", "21": "S", "37": "S", "29": "W", "25": "W", "27": "W", "1": "W", "68": "W", "20": "E", "58": "W", "79": "S", "3": "W", "4": "S", "49": "N", "76": "N", "67": "N", "72": "N", "55": "N", "63": "S", "44": "S", "18": "S", "81": "N", "56": "E", "45": "W", "69": "S", "50": "W", "46": "S", "40": "N", "2": "N", "47": "W", "11": "N"}, {"16": "W", "7": "N", "52": "E", "24": "S", "34": "W", "23": "W", "62": "N", "17": "N", "19": "W", "65": "W", "38": "S", "75": "S", "32": "E", "53": "S", "28": "N", "6": "W", "33": "W", "66": "N", "42": "N", "14": "E", "10": "S", "12": "S", "13": "S", "77": "S", "57": "S", "15": "S", "60": "S", "43": "W", "64": "S", "9": "E", "51": "S", "71": "S", "8": "N", "80": "W", "21": "S", "37": "S", "29": "W", "25": "S", "27": "N", "1": "W", "68": "W", "20": "S", "58": "W", "3": "S", "4": "S", "31": "W", "49": "N", "76": "N", "67": "N", "72": "E", "63": "S", "44": "S", "18": "S", "81": "W", "56": "N", "45": "W", "69": "S", "50": "N", "48": "S", "46": "E", "40": "N", "47": "W", "11": "W", "35": "E"}, {"16": "W", "52": "E", "26": "W", "24": "S", "23": "S", "30": "E", "62": "E", "17": "N", "19": "S", "38": "S", "75": "S", "61": "E", "32": "E", "53": "S", "28": "E", "6": "W", "33": "W", "66": "E", "42": "N", "14": "E", "10": "S", "12": "S", "77": "W", "57": "S", "15": "S", "60": "S", "43": "N", "64": "S", "9": "N", "51": "S", "8": "N", "21": "W", "37": "S", "29": "W", "25": "S", "27": "E", "1": "W", "68": "S", "58": "W", "3": "S", "31": "W", "49": "N", "76": "N", "73": "N", "67": "N", "55": "W", "63": "S", "44": "S", "22": "N", "18": "S", "45": "W", "69": "S", "50": "N", "59": "E", "40": "W", "2": "N", "47": "W", "11": "N"}, {"52": "E", "26": "W", "24": "S", "34": "W", "23": "E", "30": "S", "62": "S", "19": "E", "65": "E", "38": "S", "75": "S", "61": "E", "32": "E", "53": "S", "28": "N", "6": "N", "33": "N", "66": "E", "42": "N", "14": "N", "10": "S", "12": "S", "77": "S", "57": "S", "15": "S", "60": "S", "43": "N", "64": "S", "70": "N", "9": "W", "51": "S", "71": "S", "8": "N", "21": "S", "37": "S", "29": "W", "25": "S", "1": "W", "68": "W", "58": "N", "3": "S", "4": "S", "31": "N", "49": "N", "76": "N", "73": "N", "67": "E", "36": "S", "55": "W", "63": "S", "44": "S", "69": "S", "48": "N", "46": "S", "2": "N", "47": "W"}, {"16": "W", "52": "E", "26": "N", "24": "W", "34": "W", "23": "E", "30": "S", "62": "E", "19": "E", "65": "E", "38": "S", "75": "S", "61": "N", "32": "E", "53": "S", "28": "N", "6": "W", "33": "E", "66": "N", "42": "N", "14": "N", "10": "S", "12": "W", "13": "E", "41": "W", "77": "S", "57": "E", "15": "W", "43": "W", "64": "S", "70": "N", "9": "W", "51": "E", "71": "W", "8": "N", "0": "S", "21": "S", "37": "S", "25": "S", "5": "N", "1": "W", "68": "N", "20": "E", "58": "N", "4": "W", "31": "N", "76": "N", "36": "E", "55": "S", "63": "S", "44": "S", "18": "W", "39": "S", "45": "S", "59": "E", "48": "N", "74": "N", "47": "W", "54": "E"}, {"52": "N", "26": "W", "24": "W", "34": "N", "23": "E", "30": "W", "62": "S", "19": "E", "38": "S", "75": "S", "61": "E", "32": "E", "53": "S", "28": "E", "6": "W", "33": "E", "66": "N", "42": "N", "14": "N", "10": "S", "13": "S", "78": "W", "41": "W", "77": "S", "57": "N", "15": "W", "60": "S", "43": "W", "64": "E", "9": "W", "51": "S", "71": "S", "8": "N", "0": "S", "21": "S", "37": "W", "25": "S", "5": "N", "1": "W", "68": "W", "20": "N", "58": "N", "3": "E", "4": "S", "31": "N", "76": "N", "36": "E", "72": "N", "55": "S", "63": "W", "44": "S", "18": "W", "39": "S", "45": "W", "59": "N", "47": "S", "54": "S"}, {"52": "N", "26": "N", "24": "W", "34": "W", "23": "S", "30": "W", "19": "E", "75": "S", "61": "N", "32": "E", "53": "W", "28": "E", "6": "N", "33": "N", "66": "W", "42": "N", "14": "N", "10": "S", "13": "W", "78": "N", "41": "N", "77": "S", "15": "W", "60": "E", "43": "W", "64": "E", "70": "W", "9": "W", "51": "S", "71": "W", "8": "N", "21": "S", "37": "W", "25": "S", "27": "S", "1": "N", "68": "W", "20": "W", "58": "N", "3": "N", "4": "W", "31": "N", "76": "N", "36": "S", "72": "N", "55": "W", "63": "W", "44": "S", "81": "W", "59": "W", "46": "N", "74": "W", "47": "S", "11": "E", "54": "S"}, {"52": "N", "26": "N", "24": "W", "23": "S", "30": "W", "19": "E", "75": "S", "61": "N", "32": "E", "53": "S", "28": "E", "6": "N", "33": "N", "66": "W", "42": "N", "14": "N", "10": "S", "13": "S", "78": "W", "41": "W", "57": "E", "60": "E", "43": "W", "64": "E", "70": "W", "9": "N", "51": "W", "71": "W", "8": "N", "21": "S", "37": "W", "25": "S", "1": "N", "68": "S", "20": "W", "58": "E", "3": "E", "4": "W", "31": "N", "76": "N", "67": "E", "36": "S", "72": "W", "55": "W", "63": "W", "18": "W", "45": "W", "59": "N", "48": "N", "46": "W", "40": "E", "47": "S"}, {"52": "E", "26": "N", "24": "N", "23": "S", "30": "W", "19": "E", "75": "S", "61": "W", "32": "E", "53": "S", "28": "E", "6": "N", "33": "N", "66": "W", "42": "N", "14": "N", "10": "S", "12": "W", "13": "S", "78": "W", "41": "W", "77": "W", "57": "S", "15": "N", "60": "S", "43": "W", "64": "E", "9": "N", "51": "S", "71": "W", "8": "N", "0": "S", "21": "W", "37": "W", "25": "S", "5": "N", "1": "W", "68": "S", "20": "S", "3": "N", "4": "W", "31": "N", "76": "N", "67": "N", "72": "N", "55": "W", "63": "N", "18": "S", "81": "E", "56": "S", "39": "S", "45": "W", "40": "N", "47": "E"}, {"52": "E", "26": "N", "24": "N", "34": "S", "23": "S", "30": "S", "62": "S", "19": "E", "75": "W", "61": "W", "32": "E", "53": "S", "28": "E", "6": "N", "33": "E", "66": "W", "42": "N", "14": "N", "10": "S", "12": "S", "13": "W", "78": "S", "41": "W", "77": "S", "57": "E", "60": "E", "43": "N", "64": "E", "70": "W", "9": "W", "51": "S", "71": "W", "8": "N", "0": "E", "21": "W", "37": "W", "5": "N", "1": "W", "68": "S", "20": "S", "79": "N", "3": "W", "4": "W", "31": "N", "76": "N", "67": "N", "55": "S", "44": "E", "18": "S", "45": "S", "74": "E", "40": "W", "47": "E", "11": "W"}, {"16": "N", "52": "E", "26": "N", "24": "N", "34": "W", "23": "S", "30": "S", "62": "S", "19": "E", "75": "S", "61": "W", "32": "E", "53": "S", "28": "E", "6": "N", "33": "N", "66": "W", "42": "W", "14": "N", "10": "S", "12": "S", "13": "S", "78": "S", "41": "W", "77": "S", "57": "E", "15": "W", "60": "E", "43": "W", "64": "N", "70": "W", "9": "N", "51": "W", "71": "W", "8": "N", "0": "S", "21": "W", "37": "W", "25": "N", "27": "S", "5": "N", "1": "W", "58": "E", "79": "W", "3": "W", "4": "W", "31": "N", "73": "W", "67": "E", "36": "S", "55": "S", "18": "S", "56": "N", "45": "W", "59": "W", "48": "W"}, {"16": "E", "52": "E", "26": "N", "34": "W", "23": "S", "30": "S", "62": "S", "19": "E", "75": "S", "61": "W", "32": "E", "53": "W", "28": "E", "6": "N", "33": "N", "66": "W", "42": "W", "14": "W", "10": "S", "12": "S", "13": "S", "78": "W", "41": "S", "77": "W", "57": "N", "15": "W", "60": "N", "43": "S", "64": "N", "70": "S", "9": "N", "51": "W", "71": "W", "8": "N", "80": "W", "0": "S", "21": "W", "37": "W", "29": "W", "25": "W", "27": "S", "5": "E", "1": "W", "79": "W", "4": "N", "31": "N", "76": "E", "73": "N", "67": "E", "36": "S", "55": "S", "18": "S", "45": "W", "69": "W", "11": "E", "54": "E"}, {"16": "E", "52": "E", "26": "W", "24": "W", "34": "W", "23": "S", "30": "S", "62": "S", "19": "N", "75": "S", "61": "W", "32": "N", "53": "W", "6": "N", "33": "N", "66": "N", "42": "N", "14": "W", "10": "S", "12": "S", "13": "S", "78": "S", "41": "W", "77": "S", "57": "N", "15": "W", "60": "N", "43": "W", "64": "N", "70": "S", "9": "N", "51": "W", "71": "W", "8": "N", "80": "W", "0": "E", "21": "W", "37": "W", "29": "W", "25": "W", "27": "S", "5": "N", "1": "W", "68": "W", "58": "S", "3": "W", "4": "N", "31": "E", "76": "N", "73": "N", "67": "E", "36": "S", "72": "E", "55": "W", "18": "S", "56": "N", "39": "E", "45": "W", "69": "S", "74": "W", "54": "S"}, {"16": "E", "52": "E", "26": "W", "24": "W", "34": "W", "23": "E", "30": "S", "62": "S", "75": "S", "61": "W", "32": "N", "53": "W", "28": "W", "6": "N", "33": "N", "66": "N", "42": "W", "14": "N", "10": "E", "12": "S", "13": "S", "78": "S", "77": "S", "57": "N", "15": "W", "60": "N", "43": "W", "64": "N", "70": "W", "51": "S", "71": "W", "8": "N", "80": "N", "0": "E", "21": "N", "37": "W", "29": "S", "25": "W", "27": "S", "5": "N", "1": "W", "68": "S", "58": "E", "3": "S", "4": "N", "49": "W", "76": "N", "73": "W", "67": "E", "36": "S", "72": "E", "55": "W", "63": "S", "44": "W", "22": "W", "18": "S", "56": "N", "39": "S", "59": "S", "46": "N", "74": "S", "54": "S"}, {"16": "E", "52": "E", "26": "W", "24": "N", "34": "W", "23": "E", "62": "S", "75": "W", "61": "N", "32": "E", "53": "W", "28": "N", "6": "N", "33": "N", "66": "N", "42": "W", "14": "N", "10": "E", "12": "S", "13": "S", "78": "S", "41": "E", "77": "S", "57": "E", "15": "N", "60": "E", "43": "W", "64": "N", "70": "S", "9": "N", "51": "S", "71": "W", "8": "N", "80": "W", "0": "E", "21": "N", "37": "W", "29": "W", "25": "W", "27": "E", "5": "E", "1": "W", "68": "S", "20": "E", "58": "N", "3": "S", "4": "N", "76": "N", "73": "N", "67": "S", "36": "S", "72": "N", "55": "W", "63": "W", "22": "W", "18": "E", "56": "N", "39": "E", "45": "E", "69": "W", "50": "E", "40": "W", "54": "W"}, {"16": "S", "52": "E", "26": "W", "24": "N", "34": "W", "23": "E", "75": "W", "61": "N", "32": "N", "53": "W", "28": "E", "6": "N", "33": "N", "66": "N", "42": "W", "14": "N", "10": "E", "12": "S", "78": "S", "41": "N", "77": "S", "57": "N", "15": "N", "60": "N", "43": "W", "64": "N", "70": "S", "9": "E", "51": "W", "71": "W", "8": "N", "80": "N", "0": "N", "21": "N", "37": "W", "29": "W", "25": "W", "27": "E", "5": "E", "1": "W", "68": "S", "20": "E", "58": "N", "79": "E", "3": "W", "4": "W", "31": "E", "73": "N", "67": "E", "36": "S", "72": "N", "55": "W", "63": "W", "44": "W", "81": "E", "56": "N", "39": "E", "45": "N", "69": "N", "59": "W", "74": "E", "2": "E", "54": "N"}, {"16": "E", "52": "S", "26": "W", "24": "N", "34": "N", "23": "S", "75": "W", "61": "N", "32": "N", "53": "W", "28": "N", "6": "N", "33": "N", "66": "N", "42": "W", "14": "N", "10": "E", "12": "S", "78": "S", "41": "W", "77": "W", "57": "N", "15": "N", "60": "N", "43": "W", "64": "E", "70": "S", "9": "N", "51": "W", "8": "E", "80": "N", "0": "E", "21": "N", "37": "N", "25": "N", "5": "E", "1": "W", "68": "S", "20": "E", "58": "N", "3": "S", "31": "N", "49": "E", "73": "N", "36": "S", "72": "N", "55": "W", "63": "W", "81": "E", "56": "N", "39": "E", "45": "W", "74": "S"}, {"16": "E", "52": "S", "26": "W", "24": "N", "34": "N", "23": "S", "75": "W", "61": "N", "32": "N", "53": "S", "28": "N", "6": "N", "33": "N", "66": "N", "42": "N", "14": "N", "10": "E", "12": "S", "78": "S", "77": "W", "57": "N", "15": "N", "60": "N", "43": "W", "64": "N", "70": "S", "9": "W", "51": "W", "71": "W", "8": "E", "80": "N", "0": "E", "21": "N", "37": "N", "25": "N", "5": "E", "1": "W", "68": "S", "20": "E", "58": "N", "79": "E", "3": "S", "31": "E", "49": "S", "73": "N", "67": "E", "36": "S", "72": "N", "55": "N", "63": "W", "22": "W", "81": "E", "39": "E", "69": "E", "74": "E", "54": "S"}, {"16": "E", "52": "S", "26": "S", "24": "N", "34": "N", "23": "S", "75": "W", "61": "N", "32": "E", "53": "W", "28": "N", "6": "W", "33": "N", "66": "N", "42": "W", "14": "N", "10": "E", "12": "S", "13": "S", "78": "W", "41": "W", "77": "W", "57": "N", "15": "N", "60": "E", "43": "W", "64": "N", "70": "S", "9": "W", "51": "N", "71": "W", "8": "E", "80": "N", "0": "E", "21": "N", "37": "N", "25": "N", "5": "E", "1": "S", "20": "S", "58": "N", "3": "S", "4": "E", "31": "E", "49": "E", "73": "E", "67": "E", "36": "S", "55": "N", "63": "W", "44": "W", "22": "S", "18": "E", "81": "N", "39": "E", "59": "N", "46": "E", "74": "E"}, {"16": "E", "52": "S", "26": "W", "24": "N", "34": "N", "23": "S", "75": "W", "61": "N", "32": "E", "53": "W", "28": "N", "6": "N", "33": "E", "66": "W", "42": "W", "14": "N", "10": "E", "12": "S", "13": "S", "78": "S", "41": "W", "77": "W", "57": "E", "15": "W", "60": "E", "43": "W", "64": "N", "70": "S", "9": "W", "51": "N", "8": "E", "80": "N", "0": "N", "21": "N", "37": "N", "29": "W", "25": "N", "27": "N", "5": "E", "1": "S", "20": "S", "58": "E", "3": "S", "31": "E", "49": "E", "76": "W", "73": "N", "67": "S", "36": "S", "55": "N", "63": "W", "44": "N", "22": "S", "18": "E", "81": "E", "45": "S", "59": "N", "46": "E", "40": "W"}, {"16": "E", "52": "S", "26": "N", "24": "N", "34": "N", "23": "S", "75": "S", "61": "W", "32": "E", "53": "W", "28": "E", "6": "W", "33": "E", "66": "N", "42": "S", "14": "N", "10": "E", "12": "S", "13": "S", "78": "S", "41": "N", "77": "W", "57": "N", "15": "N", "60": "E", "43": "W", "64": "N", "70": "W", "9": "W", "51": "W", "8": "E", "80": "N", "0": "E", "37": "N", "29": "N", "27": "E", "5": "E", "1": "S", "20": "S", "58": "E", "79": "N", "3": "S", "31": "E", "49": "N", "76": "N", "73": "E", "67": "S", "36": "E", "72": "N", "55": "N", "63": "N", "22": "S", "81": "E", "56": "S", "69": "N", "59": "N", "48": "E", "46": "N", "74": "N"}, {"16": "E", "52": "S", "26": "N", "24": "N", "34": "N", "23": "E", "75": "W", "61": "N", "32": "E", "53": "W", "28": "E", "6": "W", "33": "E", "66": "N", "42": "S", "14": "N", "10": "N", "12": "E", "13": "W", "78": "S", "41": "W", "77": "W", "57": "N", "15": "N", "60": "E", "43": "S", "64": "N", "70": "S", "9": "N", "51": "W", "8": "E", "80": "N", "0": "E", "37": "N", "29": "N", "27": "E", "5": "E", "1": "S", "20": "S", "58": "E", "79": "N", "3": "W", "31": "S", "49": "E", "76": "N", "67": "S", "36": "E", "72": "N", "55": "N", "63": "N", "22": "S", "81": "S", "39": "N", "59": "N", "46": "W", "11": "W", "54": "S"}, {"16": "E", "52": "S", "26": "N", "24": "W", "34": "N", "23": "S", "75": "W", "61": "N", "32": "E", "53": "W", "28": "E", "6": "N", "33": "E", "66": "W", "42": "W", "14": "N", "10": "N", "12": "S", "13": "S", "78": "S", "41": "N", "77": "S", "57": "E", "15": "E", "60": "E", "43": "S", "64": "E", "70": "S", "9": "W", "51": "W", "71": "N", "8": "E", "80": "E", "0": "E", "37": "N", "29": "N", "27": "N", "5": "E", "1": "S", "68": "E", "20": "S", "58": "N", "79": "N", "3": "S", "49": "E", "76": "N", "67": "E", "72": "N", "55": "N", "44": "W", "22": "S", "56": "N", "69": "S", "59": "N", "48": "E", "46": "N", "74": "S", "40": "E"}, {"7": "S", "52": "W", "26": "N", "24": "N", "34": "N", "23": "S", "75": "W", "61": "N", "32": "E", "53": "W", "28": "E", "6": "W", "33": "E", "66": "N", "42": "W", "14": "N", "10": "E", "12": "S", "13": "S", "78": "S", "41": "N", "77": "W", "57": "N", "15": "N", "60": "E", "43": "W", "64": "N", "70": "S", "9": "W", "51": "W", "71": "N", "8": "E", "80": "E", "0": "E", "37": "N", "29": "N", "27": "E", "5": "S", "1": "S", "20": "S", "58": "N", "79": "N", "3": "S", "49": "E", "67": "S", "36": "E", "55": "W", "63": "W", "44": "S", "22": "S", "18": "W", "56": "N", "39": "S", "50": "S", "59": "E", "46": "W", "40": "E", "11": "W", "35": "W"}, {"7": "W", "52": "S", "26": "N", "24": "N", "34": "E", "23": "S", "75": "W", "61": "W", "32": "N", "53": "S", "28": "E", "6": "W", "33": "E", "66": "N", "42": "W", "14": "N", "10": "E", "12": "S", "13": "S", "78": "S", "41": "N", "77": "W", "57": "N", "15": "N", "60": "N", "43": "S", "64": "N", "70": "S", "9": "W", "51": "W", "71": "N", "80": "N", "0": "E", "37": "N", "29": "N", "27": "N", "5": "E", "1": "S", "20": "E", "58": "E", "79": "N", "3": "E", "49": "E", "73": "N", "67": "W", "55": "N", "63": "N", "44": "S", "22": "S", "56": "N", "50": "W", "54": "N"}, {"7": "S", "52": "S", "26": "N", "24": "N", "34": "E", "23": "E", "65": "S", "75": "S", "61": "W", "32": "E", "53": "W", "28": "N", "6": "W", "33": "E", "66": "W", "42": "W", "14": "N", "10": "E", "13": "S", "78": "S", "41": "N", "77": "W", "57": "N", "15": "N", "60": "N", "43": "S", "64": "N", "70": "S", "9": "S", "51": "W", "71": "N", "0": "E", "37": "N", "29": "N", "27": "N", "5": "S", "1": "S", "20": "S", "58": "E", "79": "N", "3": "E", "49": "E", "76": "E", "67": "W", "36": "W", "55": "N", "63": "N", "44": "E", "22": "S", "56": "E", "48": "W", "2": "S", "47": "N", "54": "N"}, {"7": "S", "52": "S", "26": "N", "24": "N", "23": "E", "65": "E", "75": "W", "61": "W", "32": "S", "53": "N", "28": "E", "6": "W", "33": "E", "66": "W", "42": "W", "14": "N", "10": "E", "12": "S", "13": "S", "78": "E", "41": "N", "77": "S", "57": "N", "15": "N", "60": "N", "43": "S", "64": "N", "70": "S", "9": "W", "51": "W", "71": "N", "8": "S", "0": "N", "37": "N", "29": "N", "27": "N", "5": "S", "1": "S", "20": "W", "58": "E", "79": "E", "3": "E", "67": "S", "72": "N", "55": "E", "63": "N", "44": "E", "22": "S", "39": "N", "45": "S", "50": "N", "2": "W", "11": "E", "54": "N"}, {"7": "S", "52": "S", "26": "N", "24": "N", "23": "E", "65": "E", "38": "W", "75": "W", "61": "W", "32": "E", "53": "N", "28": "S", "6": "S", "33": "E", "66": "W", "42": "W", "14": "N", "10": "E", "12": "E", "13": "W", "78": "E", "41": "N", "77": "W", "57": "E", "15": "N", "60": "N", "43": "S", "64": "N", "70": "E", "9": "W", "51": "W", "71": "N", "0": "N", "37": "N", "29": "N", "27": "N", "5": "S", "1": "W", "20": "S", "58": "E", "79": "E", "73": "W", "67": "S", "55": "S", "63": "E", "44": "S", "22": "E", "18": "E", "56": "E", "39": "N", "50": "N", "40": "N", "2": "N", "47": "W", "35": "E"}, {"7": "S", "52": "S", "26": "E", "24": "N", "23": "E", "65": "N", "75": "W", "61": "W", "32": "S", "53": "N", "28": "E", "6": "W", "66": "W", "42": "W", "14": "W", "10": "N", "12": "E", "13": "W", "78": "S", "41": "N", "77": "W", "57": "N", "15": "N", "60": "N", "43": "S", "64": "N", "70": "E", "9": "W", "51": "W", "71": "N", "0": "N", "37": "N", "29": "E", "27": "N", "5": "S", "1": "N", "20": "W", "58": "E", "79": "S", "73": "W", "67": "S", "44": "E", "22": "E", "81": "N", "39": "N", "50": "N", "59": "E", "40": "N", "2": "N", "47": "S"}, {"7": "S", "24": "N", "23": "E", "65": "E", "75": "N", "61": "W", "32": "S", "53": "N", "28": "E", "6": "W", "66": "W", "42": "W", "14": "W", "10": "N", "12": "E", "13": "W", "78": "S", "41": "N", "77": "W", "57": "N", "15": "N", "60": "N", "43": "S", "64": "E", "70": "S", "9": "W", "51": "W", "71": "N", "80": "E", "0": "N", "37": "N", "27": "E", "5": "W", "68": "W", "20": "W", "79": "E", "73": "N", "67": "S", "36": "S", "44": "S", "81": "E", "39": "N", "45": "N", "59": "N", "46": "S", "74": "W", "47": "E"}, {"24": "N", "23": "E", "65": "E", "38": "E", "75": "N", "61": "W", "32": "S", "53": "N", "28": "S", "6": "W", "66": "W", "42": "S", "14": "W", "10": "N", "12": "E", "13": "W", "78": "E", "41": "N", "77": "W", "57": "N", "15": "N", "60": "N", "43": "S", "70": "S", "9": "W", "51": "W", "71": "N", "0": "N", "37": "N", "27": "N", "5": "S", "20": "W", "79": "S", "49": "S", "76": "W", "67": "W", "36": "S", "72": "W", "44": "E", "22": "S", "81": "E", "39": "E", "69": "W", "50": "S", "59": "W", "2": "S"}, {"24": "E", "23": "N", "65": "E", "38": "N", "75": "N", "61": "W", "32": "S", "53": "N", "28": "S", "6": "W", "66": "W", "42": "S", "14": "W", "10": "N", "12": "E", "13": "W", "78": "E", "41": "N", "77": "W", "57": "N", "15": "N", "60": "N", "43": "S", "70": "S", "9": "W", "51": "W", "71": "N", "80": "N", "0": "N", "37": "N", "27": "N", "5": "S", "20": "W", "79": "E", "49": "E", "73": "W", "67": "S", "36": "E", "44": "E", "22": "E", "81": "E", "56": "W", "39": "E", "69": "N", "50": "S", "59": "S", "74": "N", "40": "W", "11": "E"}, {"24": "E", "23": "N", "65": "E", "75": "N", "61": "W", "32": "S", "53": "N", "28": "S", "6": "W", "33": "N", "66": "S", "42": "S", "14": "W", "10": "E", "12": "E", "13": "N", "78": "E", "41": "N", "77": "N", "57": "N", "15": "N", "60": "N", "43": "S", "70": "E", "9": "W", "51": "N", "71": "N", "8": "N", "0": "N", "37": "N", "27": "N", "5": "S", "68": "E", "20": "W", "79": "E", "49": "N", "67": "S", "36": "N", "44": "N", "22": "N", "81": "S", "69": "E", "48": "E", "46": "N", "40": "S"}, {"24": "E", "23": "N", "75": "N", "61": "W", "32": "S", "28": "S", "6": "W", "33": "N", "42": "S", "14": "W", "10": "N", "12": "N", "13": "N", "78": "E", "41": "N", "15": "N", "60": "N", "43": "S", "70": "E", "9": "W", "51": "N", "71": "N", "0": "E", "37": "N", "29": "W", "27": "N", "5": "S", "20": "W", "79": "E", "76": "E", "67": "S", "36": "N", "44": "N", "56": "E", "69": "S", "46": "N", "40": "S"}, {"23": "N", "38": "S", "75": "N", "61": "W", "32": "S", "28": "S", "6": "W", "33": "E", "42": "S", "14": "W", "10": "N", "12": "E", "13": "W", "78": "E", "41": "N", "57": "E", "15": "N", "60": "N", "43": "E", "70": "E", "9": "W", "51": "N", "71": "N", "80": "S", "0": "N", "27": "W", "5": "E", "20": "W", "79": "E", "73": "N", "44": "N", "69": "E", "48": "E", "54": "S"}, {"23": "N", "61": "W", "32": "S", "28": "S", "6": "W", "33": "E", "66": "S", "42": "S", "14": "W", "10": "E", "12": "E", "13": "N", "78": "E", "41": "N", "57": "N", "15": "W", "60": "N", "70": "E", "9": "S", "71": "N", "0": "N", "27": "N", "5": "S", "20": "W", "79": "E", "73": "N", "67": "N", "44": "E", "59": "E", "46": "S", "74": "E"}, {"23": "N", "61": "W", "32": "S", "28": "S", "6": "W", "33": "E", "66": "W", "14": "W", "10": "N", "12": "E", "13": "N", "78": "E", "41": "N", "57": "N", "15": "N", "60": "N", "70": "E", "9": "S", "29": "E", "27": "N", "5": "S", "20": "W", "79": "S", "76": "W", "45": "N", "48": "W", "74": "S", "40": "E", "54": "E"}, {"23": "N", "61": "W", "32": "S", "28": "E", "6": "S", "33": "E", "66": "W", "14": "S", "10": "E", "12": "E", "13": "N", "41": "W", "57": "W", "15": "N", "60": "N", "70": "E", "9": "E", "0": "W", "29": "E", "27": "E", "5": "S", "20": "N", "79": "S", "72": "N", "56": "W", "48": "S", "11": "W"}, {"23": "N", "61": "W", "32": "S", "28": "E", "6": "S", "33": "E", "66": "W", "14": "S", "10": "N", "12": "E", "13": "N", "41": "N", "57": "N", "15": "N", "60": "N", "70": "N", "0": "N", "27": "N", "5": "S", "20": "N", "79": "S", "73": "N", "72": "N", "50": "N", "48": "W", "54": "N"}, {"23": "W", "61": "W", "32": "S", "6": "W", "33": "E", "66": "W", "14": "W", "13": "N", "41": "W", "57": "N", "15": "E", "60": "W", "70": "E", "0": "E", "5": "S", "20": "N", "79": "E", "76": "N", "73": "N", "72": "N", "56": "E", "39": "N", "48": "N", "46": "N"}, {"23": "W", "61": "W", "32": "S", "6": "S", "33": "E", "66": "W", "14": "W", "13": "N", "41": "N", "57": "N", "15": "S", "60": "N", "70": "E", "9": "N", "5": "W", "20": "W", "79": "S", "76": "E", "73": "E", "72": "E", "50": "S", "54": "S"}, {"61": "S", "32": "W", "6": "S", "33": "E", "66": "W", "14": "S", "13": "W", "41": "E", "57": "N", "15": "E", "60": "N", "70": "E", "9": "W", "5": "W", "20": "S", "79": "S", "76": "N", "73": "E", "72": "S", "56": "W", "39": "S", "46": "S", "54": "W"}, {"61": "S", "32": "S", "6": "E", "33": "S", "66": "W", "41": "E", "57": "E", "15": "S", "60": "N", "70": "E", "80": "N", "79": "E", "76": "N", "73": "E", "72": "S", "2": "E", "54": "N"}, {"61": "S", "33": "S", "66": "W", "41": "E", "57": "N", "15": "E", "70": "S", "80": "N", "73": "S", "72": "S", "56": "W"}, {"66": "S", "41": "E", "57": "W", "15": "E", "70": "E", "9": "S", "76": "S", "73": "S", "2": "W"}, {"66": "S", "41": "E", "15": "E", "70": "E", "76": "S", "73": "S"}, {"66": "S", "70": "N", "80": "S", "76": "S", "73": "S"}, {"80": "S"}], "result": "SUCCESS", "makespan": 51, "sum": 2341, "algo_name": "OutAndInByPercentage_dist_BFS_desc_BIT_", "extra": {"arrival_order": [16, 7, 52, 26, 24, 34, 23, 30, 62, 17, 19, 65, 38, 75, 61, 32, 53, 28, 6, 33, 66, 42, 14, 10, 12, 13, 78, 41, 77, 57, 15, 60, 43, 64, 70, 9, 51, 71, 8, 80, 0, 21, 37, 29, 25, 27, 5, 1, 68, 20, 58, 79, 3, 4, 31, 49, 76, 73, 67, 36, 72, 55, 63, 44, 22, 18, 81, 56, 39, 45, 69, 50, 59, 48, 46, 74, 40, 2, 47, 11, 54, 35], "time_arrived": [1330, 1528, 2037, 1655, 1679, 1502, 499, 33, 1258, 1162, 692, 2047, 736, 780, 655, 980, 26, 231, 1909, 244, 1580, 1360, 1895, 195, 130, 1444, 100, 1474, 459, 1415, 208, 1705, 381, 536, 156, 2053, 1809, 1386, 261, 1960, 2031, 862, 614, 1054, 1875, 1971, 2018, 2042, 2008, 1729, 1991, 1193, 68, 421, 2051, 1843, 1948, 939, 1604, 2000, 1015, 340, 220, 1859, 1088, 254, 573, 1791, 1553, 1981, 1130, 1225, 1826, 1771, 2025, 301, 1749, 899, 821, 1626, 1296, 1928], "BIT_runs": 1, "old_makespan": 2053, "old_sum": 2479, "improved": "[52, 26, 24, 34, 23, 30, 62, 17, 19, 65, 38, 75, 61, 32, 53, 28, 6, 33, 66, 42, 14, 10, 12, 13, 78, 41, 77, 57, 15, 60, 43, 64, 70, 9, 51, 71, 8, 80, 0, 21, 37, 29, 25, 27, 5, 1, 68, 20, 58, 79, 3, 4, 31, 49, 76, 73, 67, 36, 72, 55, 63, 44, 22, 18, 81, 56, 39, 45, 69, 50, 59, 48, 46, 74, 40, 2, 47, 11, 54, 35],", "goal_raise_for_bs": 32}}