{"instance": "small_000_10x10_20_10", "steps": [{"6": "N", "1": "N", "9": "N", "8": "W", "7": "S", "5": "S", "4": "W", "2": "S", "0": "W"}, {"6": "N", "9": "E", "8": "W", "7": "S", "4": "W", "2": "W"}, {"6": "N", "9": "N", "8": "N", "7": "S", "5": "W", "2": "S"}, {"6": "N", "9": "N", "3": "E", "8": "N", "5": "N", "2": "S", "0": "W"}, {"6": "S", "9": "E", "3": "N", "8": "N", "5": "W", "2": "E", "0": "S"}, {"6": "S", "9": "E", "3": "N", "8": "N", "5": "S", "2": "E", "0": "W"}, {"6": "E", "9": "N", "3": "N", "8": "N", "7": "W", "5": "S", "2": "E", "0": "N"}, {"6": "E", "9": "E", "3": "N", "8": "N", "5": "S", "2": "E", "0": "N"}, {"6": "E", "9": "E", "3": "N", "8": "N", "5": "S", "2": "E", "0": "N"}, {"6": "E", "9": "E", "3": "N", "8": "N", "7": "E", "5": "W", "2": "S", "0": "N"}, {"6": "E", "9": "E", "3": "W", "8": "E", "5": "S", "2": "E", "0": "E"}, {"6": "S", "9": "S", "3": "S", "8": "E", "5": "S", "2": "E", "0": "N"}, {"6": "E", "9": "E", "8": "E", "2": "E", "0": "N"}, {"6": "E", "9": "E", "8": "E", "2": "E", "0": "N"}, {"6": "S", "9": "S", "8": "N", "2": "E", "0": "E"}, {"6": "S", "9": "S", "8": "E", "2": "E"}, {"9": "S", "8": "E", "2": "N"}, {"9": "W", "8": "E", "2": "N"}, {"9": "S", "8": "S", "2": "N"}, {"9": "S", "2": "W"}], "result": "SUCCESS", "makespan": 20, "sum": 116, "algo_name": "OutAndInByPercentage_BIT_", "extra": {"arrival_order": [6, 1, 9, 3, 8, 7, 5, 4, 2, 0], "time_arrived": [127, 21, 114, 51, 95, 90, 16, 78, 72, 44], "BIT_runs": 1, "old_makespan": 127, "old_sum": 154, "improved": "[1, 9, 3, 8, 7, 5, 4, 2, 0],", "goal_raise_for_bs": 32}}