{"instance": "small_free_010_20x20_50_200", "steps": [{"2": "W", "11": "E", "14": "N", "18": "E", "33": "E", "54": "S", "60": "W", "110": "W", "139": "N", "140": "W", "150": "N", "161": "W", "163": "N", "196": "S", "3": "W", "39": "S", "56": "S", "69": "S", "76": "W", "81": "W", "87": "S", "112": "E", "117": "W", "118": "N", "122": "W", "132": "S", "133": "S", "152": "E", "169": "N", "182": "W", "188": "S", "17": "S", "19": "S", "22": "E", "35": "W", "45": "E", "67": "E", "85": "E", "89": "W", "145": "W", "175": "N", "20": "E", "24": "S", "29": "S", "36": "W", "51": "N", "53": "E", "58": "E", "96": "W", "158": "W", "177": "S", "193": "S", "13": "N", "15": "S", "21": "E", "28": "W", "41": "W", "68": "W", "83": "W", "86": "S", "105": "E", "109": "E", "113": "S", "126": "S", "156": "S", "195": "N", "38": "N", "40": "N", "66": "E", "75": "W", "80": "E", "90": "N", "160": "W", "174": "S", "198": "E", "6": "N", "23": "E", "52": "N", "64": "N", "124": "W", "146": "E", "191": "S", "5": "W", "48": "W", "82": "S", "172": "N", "186": "E", "173": "E", "189": "E", "97": "S", "99": "W", "184": "S", "8": "W", "127": "W", "59": "S", "157": "S", "134": "W", "144": "S", "148": "W", "147": "S", "137": "S", "101": "W", "27": "W", "123": "W", "107": "W", "103": "S", "164": "N", "151": "E", "91": "W", "70": "W", "50": "E", "44": "S", "31": "S", "34": "W", "178": "S", "141": "W", "116": "W", "159": "E", "92": "W", "84": "S", "32": "W", "16": "S", "131": "E", "199": "N", "143": "S", "120": "W", "65": "S", "57": "S", "4": "S", "180": "S", "153": "W", "142": "S", "100": "N", "93": "S", "79": "E", "43": "W", "197": "S", "183": "N", "181": "W", "179": "N", "176": "N", "170": "S", "168": "E", "165": "N", "130": "N", "114": "E", "104": "W", "77": "W", "71": "W", "42": "S", "12": "W", "9": "E", "162": "S", "155": "S", "136": "E", "128": "N", "26": "E", "1": "W", "194": "S", "192": "N", "190": "E", "111": "W", "106": "S", "88": "W", "78": "W", "63": "E", "55": "N", "49": "W", "10": "N"}, {"2": "W", "11": "E", "14": "N", "18": "E", "33": "E", "54": "S", "60": "W", "110": "W", "139": "N", "140": "W", "150": "N", "161": "W", "163": "N", "196": "S", "3": "W", "39": "S", "56": "S", "69": "S", "76": "W", "81": "W", "87": "S", "112": "E", "117": "W", "118": "N", "122": "W", "132": "S", "133": "S", "152": "E", "169": "N", "182": "W", "188": "S", "17": "S", "19": "S", "22": "E", "35": "W", "45": "E", "67": "E", "85": "E", "89": "W", "145": "W", "175": "N", "20": "E", "24": "S", "29": "S", "36": "W", "51": "N", "53": "E", "58": "E", "96": "W", "158": "W", "177": "S", "193": "S", "13": "N", "15": "S", "21": "E", "28": "W", "41": "W", "68": "W", "83": "W", "86": "S", "105": "E", "109": "E", "113": "S", "126": "S", "156": "S", "195": "N", "38": "N", "40": "N", "66": "E", "75": "W", "80": "E", "90": "N", "160": "W", "174": "S", "198": "E", "6": "N", "23": "E", "52": "N", "64": "N", "124": "W", "146": "E", "191": "S", "5": "W", "48": "W", "82": "S", "172": "N", "186": "E", "173": "E", "189": "E", "97": "W", "99": "W", "184": "S", "8": "W", "127": "W", "72": "W", "59": "S", "167": "W", "157": "S", "144": "E", "148": "S", "147": "S", "137": "S", "101": "N", "27": "W", "166": "N", "123": "W", "107": "N", "103": "S", "154": "N", "94": "N", "151": "E", "125": "W", "91": "W", "70": "W", "50": "N", "44": "S", "31": "E", "34": "N", "178": "S", "141": "W", "116": "S", "159": "E", "95": "E", "92": "W", "84": "S", "16": "S", "131": "S", "199": "N", "143": "S", "129": "S", "65": "E", "4": "S", "185": "S", "180": "E", "153": "W", "142": "S", "115": "S", "100": "E", "93": "W", "43": "W", "183": "E", "181": "W", "179": "E", "176": "N", "170": "S", "168": "E", "130": "N", "77": "S", "71": "W", "42": "S", "9": "E", "187": "E", "155": "S", "136": "N", "135": "W", "128": "E", "121": "S", "46": "N", "30": "N", "26": "N", "194": "S", "149": "E", "138": "W", "111": "N", "88": "N", "63": "E", "62": "E", "49": "W", "37": "W", "10": "W"}, {"2": "W", "11": "E", "33": "E", "54": "E", "110": "W", "139": "N", "140": "W", "150": "W", "161": "W", "196": "S", "3": "W", "56": "S", "69": "S", "76": "W", "81": "W", "87": "S", "112": "E", "117": "W", "118": "N", "133": "S", "152": "E", "169": "N", "182": "W", "188": "S", "17": "S", "19": "S", "22": "E", "35": "W", "45": "E", "67": "E", "85": "E", "145": "W", "175": "N", "20": "E", "24": "S", "29": "S", "36": "W", "51": "N", "53": "E", "58": "E", "96": "W", "177": "S", "193": "S", "13": "N", "15": "S", "21": "E", "28": "W", "41": "W", "83": "W", "86": "S", "105": "E", "109": "E", "113": "S", "126": "S", "156": "S", "195": "N", "38": "N", "40": "N", "66": "E", "75": "W", "80": "E", "90": "N", "160": "W", "174": "S", "198": "E", "6": "N", "23": "E", "52": "N", "64": "N", "124": "W", "146": "E", "191": "S", "5": "W", "48": "W", "82": "S", "172": "N", "186": "E", "173": "E", "189": "E", "97": "W", "99": "S", "184": "S", "8": "N", "127": "W", "72": "W", "59": "S", "157": "E", "134": "W", "144": "E", "147": "E", "137": "E", "101": "W", "27": "W", "166": "W", "123": "W", "107": "W", "103": "S", "154": "N", "94": "N", "164": "W", "125": "W", "91": "W", "70": "W", "50": "W", "44": "S", "31": "S", "73": "S", "34": "N", "178": "S", "141": "W", "116": "S", "159": "N", "95": "S", "92": "W", "84": "S", "32": "E", "16": "W", "131": "S", "65": "E", "185": "S", "153": "W", "142": "S", "115": "S", "100": "S", "93": "W", "79": "E", "74": "S", "43": "W", "197": "W", "183": "N", "181": "W", "179": "S", "176": "N", "170": "S", "114": "S", "71": "W", "42": "W", "9": "E", "187": "E", "155": "S", "136": "E", "135": "N", "128": "E", "121": "W", "46": "W", "30": "N", "26": "N", "1": "S", "194": "S", "192": "S", "190": "S", "171": "N", "138": "W", "111": "E", "106": "W", "88": "W", "49": "W", "37": "W", "25": "W", "10": "W"}, {"11": "E", "14": "N", "18": "E", "54": "S", "60": "W", "140": "W", "161": "W", "3": "W", "39": "S", "56": "S", "69": "S", "81": "W", "87": "S", "112": "E", "117": "W", "118": "N", "122": "W", "132": "S", "182": "W", "188": "S", "17": "S", "19": "S", "22": "E", "45": "E", "67": "E", "85": "E", "145": "W", "175": "N", "89": "W", "20": "E", "24": "S", "29": "S", "36": "W", "51": "N", "53": "E", "58": "E", "96": "W", "158": "W", "177": "S", "193": "S", "13": "N", "15": "S", "21": "E", "28": "W", "41": "W", "68": "W", "83": "W", "86": "S", "105": "E", "109": "E", "113": "S", "126": "S", "156": "S", "195": "N", "38": "N", "40": "N", "66": "E", "75": "W", "80": "E", "90": "N", "160": "W", "174": "S", "198": "E", "6": "N", "23": "E", "52": "N", "64": "N", "124": "W", "146": "E", "191": "S", "5": "W", "48": "W", "82": "S", "172": "N", "186": "E", "173": "E", "189": "E", "97": "W", "99": "S", "184": "S", "8": "N", "127": "W", "72": "W", "59": "S", "167": "N", "134": "W", "144": "S", "147": "E", "137": "S", "101": "W", "166": "W", "107": "W", "103": "S", "154": "N", "94": "N", "125": "W", "91": "W", "70": "W", "50": "W", "44": "S", "31": "S", "73": "S", "34": "W", "178": "S", "141": "W", "116": "W", "159": "E", "95": "E", "92": "W", "84": "S", "32": "N", "119": "N", "16": "W", "131": "W", "199": "W", "143": "S", "65": "E", "57": "S", "47": "N", "4": "E", "185": "W", "153": "W", "142": "S", "115": "S", "100": "S", "93": "W", "79": "S", "74": "S", "43": "W", "183": "E", "181": "W", "179": "S", "176": "W", "170": "S", "165": "W", "130": "N", "102": "S", "42": "W", "9": "E", "0": "W", "187": "S", "162": "N", "155": "S", "136": "S", "121": "S", "46": "W", "30": "N", "26": "N", "7": "W", "1": "S", "194": "S", "192": "S", "190": "W", "171": "N", "138": "N", "111": "E", "98": "W", "88": "W", "78": "S", "62": "S", "61": "S", "49": "W", "37": "N", "25": "N", "10": "N"}, {"11": "E", "14": "W", "54": "S", "139": "N", "140": "W", "3": "W", "39": "S", "112": "E", "122": "W", "132": "S", "169": "N", "182": "W", "188": "S", "17": "S", "22": "E", "35": "W", "45": "E", "67": "E", "145": "W", "89": "W", "20": "E", "24": "S", "29": "S", "53": "E", "58": "E", "96": "W", "177": "S", "193": "S", "158": "W", "13": "N", "15": "S", "21": "E", "68": "W", "83": "W", "86": "S", "105": "E", "109": "E", "113": "S", "126": "S", "156": "S", "38": "N", "40": "N", "66": "E", "80": "E", "160": "W", "174": "S", "198": "E", "23": "E", "52": "N", "64": "N", "124": "W", "146": "E", "191": "S", "5": "W", "48": "W", "82": "S", "172": "N", "186": "E", "173": "E", "189": "E", "97": "W", "99": "S", "184": "S", "8": "N", "127": "S", "72": "N", "167": "N", "157": "E", "134": "N", "144": "S", "148": "W", "147": "E", "137": "S", "101": "W", "27": "W", "166": "W", "123": "W", "107": "W", "103": "E", "154": "E", "94": "N", "164": "W", "151": "S", "125": "N", "91": "W", "70": "W", "50": "W", "44": "S", "31": "S", "73": "S", "34": "W", "178": "S", "141": "W", "116": "W", "159": "E", "95": "E", "92": "W", "84": "W", "32": "N", "119": "N", "16": "W", "131": "W", "199": "N", "143": "S", "120": "S", "65": "E", "57": "E", "47": "N", "185": "W", "180": "S", "153": "N", "142": "S", "115": "S", "108": "S", "100": "S", "93": "W", "79": "E", "197": "W", "183": "E", "179": "S", "176": "W", "170": "S", "168": "N", "130": "N", "102": "S", "77": "N", "71": "W", "12": "S", "9": "E", "0": "W", "187": "E", "162": "N", "136": "E", "135": "S", "46": "S", "26": "E", "7": "N", "192": "S", "190": "W", "171": "N", "138": "N", "111": "E", "106": "W", "98": "W", "88": "S", "78": "W", "62": "S", "61": "W", "55": "N", "49": "W", "37": "N", "25": "N"}, {"11": "S", "14": "N", "18": "E", "33": "E", "54": "S", "60": "W", "110": "W", "139": "N", "161": "W", "196": "S", "76": "W", "81": "W", "87": "S", "117": "W", "122": "W", "132": "S", "133": "S", "152": "E", "169": "N", "182": "N", "188": "W", "19": "S", "22": "E", "35": "W", "85": "E", "89": "W", "29": "S", "36": "W", "51": "N", "53": "E", "96": "W", "177": "S", "193": "S", "158": "W", "13": "N", "15": "S", "21": "E", "83": "W", "86": "S", "109": "E", "113": "S", "126": "S", "156": "S", "28": "W", "41": "W", "68": "W", "195": "N", "38": "N", "40": "N", "66": "E", "75": "W", "90": "N", "160": "W", "174": "S", "198": "E", "6": "N", "23": "E", "52": "N", "64": "N", "124": "W", "146": "E", "191": "S", "5": "W", "48": "W", "82": "S", "172": "N", "186": "E", "173": "E", "189": "E", "97": "W", "184": "E", "8": "N", "127": "S", "72": "N", "167": "E", "157": "E", "134": "N", "144": "S", "148": "N", "147": "N", "137": "S", "101": "S", "27": "W", "166": "W", "123": "W", "107": "N", "103": "S", "154": "N", "94": "N", "164": "W", "151": "S", "91": "W", "70": "N", "50": "W", "44": "S", "73": "S", "34": "N", "178": "E", "116": "N", "159": "E", "95": "E", "92": "W", "84": "W", "32": "N", "16": "N", "131": "W", "143": "S", "129": "N", "120": "S", "65": "E", "57": "N", "4": "W", "180": "S", "153": "N", "142": "S", "115": "W", "100": "E", "93": "W", "79": "E", "74": "S", "43": "W", "197": "W", "181": "W", "179": "E", "176": "N", "170": "S", "168": "N", "114": "S", "104": "N", "77": "W", "71": "W", "42": "W", "9": "E", "0": "N", "187": "E", "162": "N", "155": "S", "136": "N", "128": "E", "46": "S", "30": "W", "26": "E", "194": "S", "192": "S", "190": "W", "171": "W", "149": "W", "138": "N", "111": "N", "106": "W", "98": "W", "88": "W", "78": "W", "62": "S", "61": "W", "55": "N", "49": "W", "37": "N", "25": "N", "10": "N"}, {"11": "E", "14": "N", "18": "E", "33": "E", "54": "S", "110": "W", "139": "N", "161": "W", "76": "W", "81": "W", "112": "E", "117": "W", "122": "W", "132": "S", "152": "E", "169": "N", "17": "S", "22": "E", "35": "W", "67": "E", "85": "E", "89": "W", "20": "E", "24": "S", "36": "W", "51": "N", "96": "S", "177": "S", "193": "S", "158": "W", "13": "N", "15": "S", "21": "E", "83": "W", "86": "S", "105": "E", "109": "E", "126": "S", "156": "S", "28": "W", "41": "W", "68": "W", "195": "N", "38": "N", "40": "N", "66": "E", "160": "W", "174": "S", "75": "W", "80": "E", "90": "N", "6": "N", "23": "E", "52": "N", "64": "N", "124": "W", "191": "S", "5": "W", "48": "W", "82": "S", "172": "N", "173": "E", "189": "E", "97": "W", "184": "E", "8": "N", "127": "S", "72": "N", "167": "E", "157": "E", "144": "S", "148": "W", "27": "W", "166": "S", "123": "W", "107": "N", "103": "S", "154": "N", "94": "N", "164": "W", "151": "S", "91": "W", "50": "W", "44": "S", "31": "S", "73": "S", "34": "N", "178": "E", "141": "N", "116": "N", "95": "E", "92": "N", "84": "N", "32": "N", "131": "W", "199": "W", "143": "S", "129": "N", "120": "W", "65": "E", "57": "N", "185": "E", "153": "N", "142": "S", "115": "S", "100": "E", "79": "E", "74": "S", "43": "W", "197": "W", "181": "W", "179": "E", "176": "N", "170": "S", "130": "W", "104": "N", "77": "N", "71": "W", "42": "W", "12": "S", "187": "E", "162": "N", "155": "S", "135": "W", "128": "E", "121": "N", "46": "S", "30": "S", "26": "S", "7": "N", "1": "S", "194": "E", "192": "S", "190": "W", "171": "W", "149": "W", "138": "N", "111": "E", "106": "W", "98": "W", "88": "W", "78": "S", "63": "S", "62": "S", "61": "W", "55": "N", "49": "N", "37": "N", "25": "N", "10": "N"}, {"14": "N", "54": "S", "110": "W", "140": "W", "3": "W", "76": "W", "112": "E", "117": "W", "122": "W", "132": "S", "17": "S", "22": "N", "35": "W", "67": "E", "145": "W", "89": "W", "20": "E", "24": "S", "36": "W", "51": "N", "53": "E", "193": "S", "158": "W", "13": "W", "15": "S", "21": "E", "83": "W", "105": "E", "126": "S", "156": "S", "28": "W", "41": "W", "68": "W", "195": "N", "38": "N", "40": "N", "66": "E", "160": "W", "174": "S", "198": "E", "75": "W", "80": "E", "90": "N", "23": "E", "52": "N", "64": "N", "124": "W", "191": "S", "6": "N", "146": "E", "5": "W", "48": "W", "82": "S", "172": "N", "186": "E", "173": "E", "189": "E", "97": "W", "184": "E", "8": "N", "127": "S", "72": "N", "59": "W", "167": "E", "157": "E", "144": "E", "148": "W", "137": "E", "27": "W", "166": "S", "123": "W", "107": "N", "103": "S", "154": "N", "94": "E", "164": "W", "151": "E", "91": "W", "50": "W", "44": "E", "31": "S", "73": "S", "34": "N", "178": "E", "141": "E", "95": "E", "84": "N", "32": "W", "131": "W", "199": "S", "143": "E", "129": "N", "120": "S", "65": "S", "57": "E", "4": "E", "180": "E", "153": "W", "142": "S", "115": "S", "108": "E", "100": "S", "79": "E", "74": "W", "43": "W", "197": "W", "181": "W", "179": "S", "176": "N", "170": "S", "168": "N", "165": "W", "130": "W", "104": "N", "77": "N", "71": "W", "42": "W", "12": "W", "9": "E", "0": "E", "187": "E", "162": "N", "155": "S", "135": "W", "128": "E", "121": "N", "46": "S", "30": "W", "26": "S", "7": "N", "1": "S", "194": "S", "190": "S", "171": "W", "149": "N", "138": "W", "111": "E", "106": "W", "88": "W", "78": "S", "63": "E", "61": "N", "55": "E", "49": "W", "25": "E", "10": "N"}, {"14": "N", "54": "S", "110": "W", "76": "W", "117": "W", "132": "S", "35": "W", "36": "W", "51": "N", "53": "S", "177": "S", "193": "S", "15": "S", "21": "E", "83": "W", "86": "S", "126": "S", "28": "W", "41": "W", "195": "N", "38": "N", "40": "N", "66": "E", "160": "W", "174": "S", "198": "E", "75": "W", "90": "N", "23": "E", "52": "N", "64": "N", "124": "W", "191": "S", "6": "N", "146": "E", "5": "W", "82": "S", "172": "N", "186": "E", "173": "E", "189": "E", "97": "W", "8": "N", "127": "S", "72": "N", "157": "E", "144": "S", "148": "W", "147": "S", "137": "E", "101": "W", "27": "W", "166": "S", "123": "W", "107": "N", "103": "S", "154": "N", "94": "E", "164": "W", "151": "E", "91": "S", "70": "S", "50": "W", "44": "E", "31": "W", "178": "E", "141": "E", "95": "E", "92": "N", "84": "N", "32": "W", "131": "W", "199": "W", "143": "S", "129": "W", "120": "S", "65": "E", "57": "E", "4": "E", "185": "W", "180": "S", "153": "N", "142": "E", "108": "E", "100": "S", "79": "E", "74": "S", "43": "W", "197": "W", "181": "W", "179": "S", "176": "N", "170": "W", "168": "N", "165": "W", "130": "N", "114": "S", "104": "N", "102": "E", "77": "N", "71": "W", "42": "W", "12": "N", "0": "N", "187": "E", "162": "N", "155": "E", "136": "E", "128": "E", "121": "N", "46": "S", "30": "W", "26": "E", "7": "N", "1": "E", "194": "E", "171": "S", "149": "N", "138": "N", "111": "E", "106": "W", "98": "N", "88": "W", "63": "E", "61": "N", "55": "E", "49": "N", "37": "N", "25": "E", "10": "N"}, {"14": "N", "54": "S", "60": "W", "140": "W", "3": "W", "117": "W", "132": "S", "145": "W", "51": "N", "177": "S", "193": "S", "15": "S", "86": "S", "126": "W", "41": "W", "195": "N", "40": "N", "174": "S", "198": "E", "90": "N", "52": "N", "191": "S", "6": "N", "146": "E", "48": "W", "82": "S", "172": "N", "186": "E", "173": "E", "189": "E", "97": "S", "8": "E", "127": "S", "72": "N", "157": "E", "144": "S", "148": "S", "147": "S", "27": "W", "166": "S", "123": "W", "107": "N", "103": "S", "154": "N", "94": "E", "164": "W", "151": "E", "91": "S", "50": "S", "31": "W", "73": "S", "34": "W", "178": "E", "141": "E", "92": "N", "84": "N", "32": "N", "131": "S", "143": "S", "129": "W", "120": "S", "65": "E", "57": "E", "185": "S", "180": "S", "142": "E", "108": "E", "100": "S", "79": "S", "74": "E", "43": "W", "197": "W", "181": "W", "179": "S", "176": "W", "170": "S", "165": "W", "130": "N", "114": "S", "104": "N", "102": "E", "77": "N", "71": "W", "42": "W", "12": "N", "9": "W", "0": "N", "187": "S", "162": "N", "155": "S", "136": "E", "128": "E", "121": "N", "46": "S", "30": "W", "26": "S", "7": "N", "1": "E", "194": "S", "190": "W", "171": "W", "149": "N", "138": "N", "111": "E", "106": "W", "98": "W", "88": "W", "63": "E", "55": "E", "49": "E", "37": "N", "25": "E", "10": "N"}, {"18": "E", "140": "W", "3": "W", "117": "W", "85": "E", "145": "W", "177": "W", "86": "E", "41": "W", "40": "N", "198": "E", "146": "E", "82": "S", "186": "E", "173": "E", "189": "E", "97": "S", "8": "E", "72": "N", "59": "E", "157": "E", "144": "S", "147": "S", "166": "W", "107": "W", "103": "E", "154": "N", "94": "E", "164": "W", "151": "E", "91": "E", "50": "S", "31": "W", "73": "S", "34": "W", "178": "N", "92": "N", "84": "N", "32": "N", "131": "S", "143": "S", "120": "S", "65": "E", "57": "E", "47": "N", "185": "S", "180": "S", "153": "N", "142": "N", "108": "E", "100": "S", "79": "E", "43": "W", "197": "W", "181": "W", "179": "S", "176": "W", "170": "W", "168": "N", "165": "W", "130": "N", "114": "S", "104": "N", "102": "E", "77": "N", "71": "N", "42": "W", "12": "N", "9": "W", "0": "W", "187": "E", "162": "N", "155": "E", "136": "E", "135": "W", "128": "E", "121": "N", "46": "S", "30": "S", "26": "S", "194": "S", "190": "W", "171": "W", "111": "N", "106": "W", "88": "W", "63": "S", "55": "E", "37": "N", "25": "E", "10": "N"}, {"117": "S", "40": "N", "82": "S", "97": "S", "72": "N", "157": "E", "144": "E", "147": "S", "27": "W", "166": "W", "123": "W", "107": "N", "103": "E", "154": "N", "164": "W", "151": "S", "91": "E", "70": "N", "50": "S", "73": "S", "34": "W", "92": "N", "84": "N", "131": "W", "199": "W", "143": "E", "120": "S", "65": "E", "57": "E", "47": "N", "185": "W", "180": "S", "153": "N", "142": "N", "100": "S", "79": "S", "179": "S", "176": "N", "170": "W", "168": "N", "165": "W", "130": "N", "114": "S", "104": "N", "77": "N", "42": "W", "12": "N", "9": "W", "0": "N", "187": "E", "162": "N", "128": "E", "121": "N", "30": "S", "26": "E", "7": "E", "194": "S", "190": "W", "171": "W", "149": "E", "111": "E", "106": "S", "98": "S", "88": "W", "78": "S", "63": "E", "49": "N", "37": "N", "10": "N"}, {"40": "N", "82": "S", "97": "S", "72": "N", "157": "E", "144": "E", "147": "S", "27": "W", "166": "W", "123": "W", "107": "N", "154": "N", "164": "W", "151": "E", "91": "E", "50": "S", "73": "S", "34": "W", "178": "N", "92": "N", "84": "N", "131": "W", "41": "E", "199": "W", "129": "N", "120": "S", "65": "E", "57": "S", "47": "N", "185": "S", "180": "S", "153": "N", "142": "E", "108": "E", "100": "S", "79": "S", "43": "E", "181": "E", "179": "S", "176": "W", "170": "W", "168": "N", "165": "W", "130": "N", "114": "S", "104": "N", "77": "N", "42": "W", "12": "N", "9": "W", "0": "W", "187": "E", "162": "N", "128": "E", "121": "E", "30": "S", "26": "S", "1": "N", "194": "S", "190": "S", "171": "W", "149": "N", "138": "E", "111": "E", "106": "S", "98": "W", "88": "W", "78": "W", "63": "N", "55": "E", "49": "E", "37": "N", "10": "N"}, {"40": "W", "82": "E", "97": "S", "144": "E", "147": "S", "166": "S", "123": "W", "107": "N", "154": "W", "164": "W", "151": "S", "91": "S", "50": "S", "31": "E", "73": "S", "34": "W", "178": "N", "92": "N", "84": "N", "131": "W", "41": "E", "199": "W", "143": "S", "120": "S", "65": "E", "57": "E", "47": "E", "185": "W", "180": "S", "153": "N", "142": "N", "108": "S", "100": "S", "79": "S", "43": "E", "181": "E", "179": "E", "176": "N", "170": "W", "168": "N", "165": "W", "130": "N", "114": "S", "102": "E", "77": "E", "42": "W", "12": "N", "9": "W", "0": "N", "187": "N", "155": "W", "128": "E", "121": "E", "30": "S", "26": "S", "1": "E", "194": "S", "190": "S", "171": "S", "149": "N", "138": "S", "111": "S", "106": "S", "98": "W", "88": "W", "78": "W", "63": "N", "55": "E", "49": "E", "37": "N", "10": "N"}, {"97": "S", "144": "E", "147": "S", "27": "W", "166": "W", "123": "S", "107": "N", "154": "W", "164": "W", "151": "S", "91": "E", "50": "S", "31": "N", "73": "E", "34": "W", "178": "N", "92": "N", "84": "N", "131": "S", "41": "N", "199": "W", "143": "S", "120": "S", "65": "E", "57": "S", "47": "N", "185": "W", "180": "S", "142": "N", "108": "S", "100": "E", "79": "S", "43": "N", "183": "W", "179": "E", "176": "W", "170": "W", "168": "N", "165": "W", "130": "N", "114": "S", "77": "N", "42": "W", "9": "N", "0": "N", "187": "E", "155": "S", "128": "E", "30": "S", "26": "S", "194": "W", "190": "S", "171": "S", "149": "W", "111": "E", "106": "S", "98": "W", "88": "W", "78": "W", "63": "E", "55": "S", "49": "E", "37": "N", "10": "N"}, {"97": "S", "144": "E", "147": "S", "137": "W", "27": "W", "166": "W", "123": "S", "107": "W", "154": "S", "164": "S", "151": "S", "91": "E", "50": "W", "31": "N", "178": "N", "92": "N", "84": "N", "119": "E", "41": "E", "199": "N", "143": "S", "129": "W", "120": "E", "65": "S", "57": "S", "185": "S", "180": "S", "142": "N", "108": "S", "100": "S", "79": "E", "43": "E", "181": "E", "179": "E", "176": "W", "170": "N", "168": "N", "130": "N", "114": "S", "77": "E", "71": "S", "42": "W", "9": "N", "0": "N", "187": "N", "155": "S", "128": "E", "30": "S", "26": "S", "194": "W", "190": "W", "171": "S", "149": "N", "138": "N", "111": "E", "106": "E", "98": "W", "88": "N", "78": "N", "55": "E", "49": "E", "37": "N", "10": "N"}, {"97": "S", "134": "W", "147": "S", "27": "N", "166": "W", "123": "E", "107": "W", "154": "S", "164": "S", "151": "S", "91": "E", "50": "W", "31": "N", "178": "N", "92": "N", "84": "N", "119": "N", "41": "E", "143": "S", "129": "W", "120": "S", "65": "E", "57": "S", "185": "S", "180": "S", "142": "E", "108": "S", "100": "S", "79": "E", "43": "E", "181": "N", "179": "E", "176": "W", "170": "N", "168": "N", "165": "E", "130": "E", "114": "S", "77": "N", "71": "E", "42": "W", "9": "W", "0": "N", "187": "E", "155": "S", "121": "N", "26": "E", "1": "W", "192": "E", "190": "W", "171": "S", "149": "N", "138": "W", "111": "E", "106": "S", "98": "S", "88": "N", "55": "N", "49": "E", "37": "N", "25": "E", "10": "N"}, {"97": "S", "166": "S", "123": "E", "107": "W", "154": "W", "164": "S", "151": "E", "91": "N", "50": "W", "31": "N", "178": "N", "84": "N", "119": "N", "41": "E", "143": "S", "129": "N", "120": "S", "65": "E", "57": "S", "180": "S", "142": "E", "108": "E", "100": "E", "79": "E", "43": "N", "183": "E", "181": "E", "176": "N", "170": "N", "168": "N", "130": "N", "114": "S", "77": "N", "71": "E", "42": "W", "9": "W", "0": "N", "187": "E", "155": "S", "121": "E", "26": "E", "1": "S", "190": "W", "171": "E", "111": "S", "106": "S", "98": "W", "88": "N", "63": "S", "55": "E", "49": "E", "25": "N", "10": "N"}, {"97": "S", "137": "E", "27": "S", "166": "S", "123": "E", "107": "W", "154": "S", "164": "S", "151": "E", "91": "N", "50": "W", "44": "N", "31": "N", "178": "N", "84": "N", "119": "N", "41": "N", "129": "N", "120": "S", "57": "E", "180": "S", "142": "N", "108": "S", "100": "E", "43": "N", "181": "E", "176": "W", "170": "N", "168": "N", "130": "N", "114": "S", "77": "E", "71": "E", "42": "W", "9": "N", "0": "N", "187": "N", "155": "S", "121": "N", "30": "W", "26": "E", "1": "S", "190": "W", "171": "E", "106": "S", "98": "W", "88": "N", "55": "N", "49": "S", "25": "E", "10": "N"}, {"134": "E", "27": "E", "166": "S", "123": "E", "107": "W", "154": "S", "164": "S", "151": "E", "91": "E", "70": "S", "50": "S", "44": "N", "31": "W", "178": "N", "84": "W", "119": "N", "41": "N", "129": "W", "120": "S", "57": "E", "185": "W", "180": "W", "142": "W", "108": "S", "100": "S", "43": "E", "181": "E", "176": "W", "170": "N", "168": "N", "130": "W", "114": "E", "71": "E", "9": "N", "0": "N", "187": "E", "155": "S", "121": "N", "30": "S", "26": "S", "1": "S", "192": "W", "171": "S", "106": "S", "98": "W", "88": "N", "55": "E", "49": "E", "25": "E", "10": "N"}, {"27": "E", "166": "S", "123": "E", "107": "W", "154": "S", "164": "W", "151": "E", "91": "E", "50": "S", "31": "W", "178": "N", "84": "W", "119": "N", "41": "N", "129": "N", "120": "S", "57": "E", "142": "N", "108": "S", "100": "E", "43": "N", "181": "E", "176": "W", "170": "N", "165": "N", "130": "N", "114": "S", "77": "N", "71": "E", "9": "N", "0": "N", "187": "N", "155": "S", "121": "E", "30": "W", "26": "E", "1": "S", "171": "E", "106": "S", "88": "N", "63": "E", "55": "E", "49": "E", "25": "E", "10": "N"}, {"27": "E", "123": "S", "107": "N", "154": "S", "164": "S", "151": "E", "91": "E", "50": "S", "44": "S", "31": "W", "178": "N", "84": "N", "119": "N", "41": "N", "129": "N", "57": "S", "47": "E", "185": "E", "108": "E", "100": "E", "43": "N", "181": "N", "176": "W", "170": "W", "130": "N", "114": "W", "77": "E", "71": "N", "42": "W", "9": "N", "0": "N", "187": "E", "155": "S", "121": "N", "30": "S", "26": "S", "1": "S", "171": "E", "149": "S", "106": "S", "88": "N", "55": "E", "49": "E", "25": "S", "10": "E"}, {"27": "E", "123": "E", "107": "N", "154": "S", "164": "S", "91": "E", "70": "N", "50": "E", "44": "S", "31": "W", "178": "N", "119": "W", "41": "N", "129": "N", "57": "E", "47": "N", "43": "N", "181": "E", "176": "W", "170": "N", "130": "N", "114": "S", "71": "E", "9": "N", "0": "E", "187": "N", "155": "S", "121": "W", "30": "S", "26": "E", "1": "S", "171": "S", "106": "S", "88": "N", "55": "E", "25": "E", "10": "E"}, {"27": "E", "123": "E", "107": "N", "154": "S", "164": "S", "91": "E", "31": "W", "178": "N", "119": "N", "41": "N", "129": "N", "57": "E", "47": "N", "181": "E", "176": "W", "170": "N", "165": "S", "71": "N", "9": "N", "187": "N", "155": "S", "121": "N", "30": "S", "1": "S", "171": "S", "149": "N", "106": "S", "98": "E", "88": "N", "63": "W", "55": "E", "25": "E", "10": "N"}, {"27": "E", "123": "E", "154": "S", "164": "S", "91": "E", "31": "N", "178": "N", "119": "N", "41": "N", "129": "N", "57": "E", "47": "W", "43": "E", "181": "E", "176": "S", "170": "N", "71": "N", "42": "E", "9": "W", "187": "E", "155": "E", "136": "W", "128": "W", "121": "N", "30": "S", "1": "S", "106": "W", "88": "N", "63": "N", "55": "E", "49": "E", "25": "E", "10": "N"}, {"27": "E", "123": "N", "154": "S", "164": "S", "91": "E", "31": "N", "178": "N", "41": "E", "129": "N", "57": "S", "43": "N", "181": "E", "176": "S", "71": "N", "9": "N", "187": "N", "128": "W", "121": "E", "30": "S", "1": "S", "190": "E", "171": "W", "106": "W", "88": "E", "55": "E", "49": "E", "25": "E", "10": "E"}, {"27": "E", "123": "E", "154": "S", "164": "S", "91": "E", "31": "N", "178": "N", "41": "E", "129": "N", "57": "S", "43": "N", "181": "E", "71": "N", "9": "N", "187": "E", "128": "W", "121": "N", "30": "E", "1": "S", "190": "S", "171": "W", "106": "W", "98": "W", "55": "E", "49": "E", "25": "E", "10": "E"}, {"27": "E", "123": "E", "154": "S", "164": "S", "91": "E", "31": "N", "178": "N", "41": "E", "129": "N", "57": "E", "43": "N", "181": "E", "71": "E", "136": "E", "121": "N", "30": "E", "171": "W", "106": "W", "98": "W", "49": "E", "25": "E", "10": "E"}, {"27": "E", "123": "E", "154": "S", "164": "S", "91": "E", "31": "N", "178": "E", "16": "S", "41": "E", "43": "E", "181": "E", "71": "E", "128": "E", "30": "S", "171": "W", "106": "S", "98": "W", "49": "E", "25": "E", "10": "E"}, {"27": "E", "123": "E", "154": "S", "164": "E", "91": "E", "31": "N", "178": "E", "41": "E", "183": "N", "181": "E", "165": "N", "71": "E", "128": "E", "171": "S", "106": "S", "98": "W", "49": "E", "10": "E"}, {"27": "E", "123": "E", "154": "S", "31": "N", "178": "E", "41": "E", "181": "E", "71": "E", "128": "E", "171": "S", "106": "W", "98": "S", "49": "E", "10": "S"}, {"27": "E", "123": "E", "154": "S", "31": "N", "16": "N", "41": "E", "129": "S", "181": "E", "171": "S", "106": "S", "63": "S", "49": "E", "10": "E"}, {"27": "E", "123": "E", "154": "S", "31": "W", "41": "E", "185": "W", "183": "S", "181": "N", "165": "S", "171": "S", "106": "W", "63": "E", "49": "E", "10": "E"}, {"27": "E", "123": "E", "154": "S", "164": "S", "185": "W", "181": "E", "171": "S", "106": "W", "63": "E", "49": "E", "10": "E"}, {"27": "E", "123": "N", "154": "S", "181": "E", "106": "S", "63": "N", "49": "E", "10": "E"}, {"27": "E", "123": "E", "154": "E", "185": "E", "181": "E", "63": "E", "49": "E", "10": "E"}, {"27": "N", "123": "E", "154": "E", "185": "E", "181": "E", "63": "E", "49": "E", "10": "E"}, {"27": "E", "123": "S", "181": "E", "10": "E"}, {"181": "E", "10": "E"}, {"184": "W"}, {"184": "W"}, {"184": "W"}, {"184": "W", "59": "W"}, {"184": "W", "59": "W"}, {"60": "N", "184": "W", "59": "W"}, {"60": "E", "184": "W", "59": "W"}, {"60": "E", "184": "W", "59": "W"}, {"60": "E"}, {"60": "E"}, {"60": "S"}, {"60": "S", "190": "E"}, {"60": "S", "184": "W", "59": "W", "1": "W", "190": "S"}, {"60": "S", "184": "W", "59": "W", "1": "W", "190": "S"}, {"60": "S", "184": "W", "59": "W", "1": "W", "190": "S"}, {"60": "S", "184": "W", "59": "W", "1": "W", "190": "S"}, {"60": "S", "184": "W", "59": "W", "1": "W", "190": "S"}, {"60": "S", "184": "W", "59": "W", "1": "W", "190": "S"}, {"60": "S", "190": "S"}, {"60": "E", "184": "E", "59": "E", "1": "E", "190": "S"}, {"60": "E", "184": "E", "59": "E", "1": "E", "190": "S"}, {"60": "E", "184": "E", "59": "E", "1": "E", "190": "W"}, {"60": "E", "184": "E", "59": "E", "1": "E", "190": "S"}, {"60": "E", "184": "E", "59": "E", "1": "E", "190": "W"}, {"60": "E", "184": "E", "59": "E", "135": "W", "1": "E", "190": "W"}, {"60": "E", "184": "E", "59": "E", "4": "S", "197": "S", "135": "N", "190": "S"}, {"60": "E", "184": "E", "59": "E", "4": "E", "197": "W", "135": "E", "190": "W"}, {"60": "E", "184": "E", "59": "E", "4": "S", "197": "N", "190": "N"}, {"60": "E", "184": "E", "59": "E", "4": "E", "197": "E", "190": "E"}, {"60": "E", "184": "E", "59": "E", "4": "E", "190": "E"}, {"60": "E", "184": "E", "4": "N", "135": "N"}, {"60": "E", "184": "E", "4": "E", "135": "N"}, {"60": "E", "184": "E", "4": "E", "135": "N"}, {"60": "E", "125": "S", "4": "E", "135": "N"}, {"60": "E", "4": "E", "135": "E"}, {"60": "E", "4": "E", "135": "N"}, {"125": "N", "4": "N", "135": "N"}, {"135": "S"}, {"135": "S"}, {"135": "W"}, {"135": "W"}, {"135": "N"}, {"135": "N"}, {"135": "N"}, {"135": "N"}, {"135": "N"}, {"135": "N"}, {"135": "N"}, {"135": "N"}, {"135": "N"}, {"135": "N"}, {"135": "N"}, {"41": "N", "129": "N", "135": "N"}, {"41": "E", "135": "E"}, {"41": "E", "135": "E"}, {"41": "E"}, {"41": "E"}, {"41": "E"}, {"41": "N"}, {"41": "N"}, {"41": "N"}, {"41": "N"}, {"41": "N"}, {"172": "E"}, {"172": "S", "41": "S"}, {"172": "S", "41": "S"}, {"172": "S", "41": "S"}, {"172": "S", "41": "S"}, {"172": "S", "41": "S"}, {"172": "S", "41": "S"}, {"172": "S"}, {"172": "S"}, {"172": "S"}, {"172": "S"}, {"172": "S"}, {"172": "S"}, {"172": "S"}, {"172": "S"}, {"172": "S"}, {"172": "S"}, {"172": "E"}, {"172": "E"}, {"172": "E"}, {"82": "W"}, {"82": "N"}, {"82": "N"}, {"82": "N"}, {"82": "N"}, {"82": "N"}, {"82": "N"}, {"82": "N"}, {"82": "N"}, {"82": "N"}, {"82": "N"}, {"82": "N"}, {"82": "N"}, {"82": "N"}, {"82": "N"}, {"82": "N"}, {"82": "N"}, {"82": "E"}, {"80": "W"}, {"80": "W"}, {"80": "W"}, {"80": "W"}, {"80": "W"}, {"80": "W"}, {"80": "W"}, {"80": "W"}, {"80": "S"}, {"80": "S"}, {"80": "S"}, {"80": "S"}, {"80": "W"}, {"38": "E"}, {"38": "S"}, {"38": "S"}, {"38": "S"}, {"38": "S"}, {"38": "S"}, {"38": "S"}, {"38": "E"}, {"38": "S"}, {"38": "S"}, {"38": "S"}, {"38": "S"}, {"38": "S"}, {"38": "S"}, {"38": "S"}, {"38": "E"}, {"38": "S"}, {"38": "S"}, {"38": "S"}, {"38": "S"}, {"38": "S"}, {"38": "S"}, {"38": "E"}, {"156": "W"}, {"156": "N"}, {"156": "N"}, {"156": "N"}, {"156": "N"}, {"156": "N"}, {"156": "E"}, {"156": "N"}, {"156": "N"}, {"156": "N"}, {"156": "N"}, {"156": "N"}, {"156": "E"}, {"156": "E"}, {"156": "E"}, {"156": "E"}, {"156": "E"}, {"156": "N"}, {"13": "E"}, {"13": "S"}, {"13": "S"}, {"13": "S"}, {"13": "S"}, {"13": "S"}, {"13": "S"}, {"13": "S"}, {"13": "S"}, {"13": "S"}, {"13": "S"}, {"13": "S"}, {"13": "E"}, {"13": "E"}, {"13": "E"}, {"13": "E"}, {"13": "E"}, {"13": "E"}, {"13": "E"}, {"13": "S"}, {"13": "S"}, {"158": "S"}, {"158": "E"}, {"158": "E"}, {"158": "E"}, {"158": "S"}, {"158": "S"}, {"158": "S"}, {"158": "S"}, {"158": "S"}, {"158": "S"}, {"158": "E"}, {"158": "E"}, {"158": "E"}, {"158": "E"}, {"158": "E"}, {"158": "E"}, {"158": "E"}, {"158": "E"}, {"158": "E"}, {"158": "E"}, {"158": "E"}, {"158": "E"}, {"158": "E"}, {"158": "E"}, {"158": "E"}, {"158": "S"}, {"158": "E"}, {"158": "E"}, {"158": "E"}, {"158": "S"}, {"158": "S"}, {"193": "W"}, {"193": "N"}, {"193": "N"}, {"193": "N"}, {"193": "N"}, {"193": "N"}, {"193": "N"}, {"193": "W"}, {"193": "N"}, {"193": "N"}, {"193": "N"}, {"193": "N"}, {"193": "N"}, {"193": "N"}, {"193": "N"}, {"193": "W"}, {"193": "N"}, {"193": "N"}, {"193": "N"}, {"193": "N"}, {"193": "N"}, {"193": "N"}, {"193": "N"}, {"193": "N"}, {"193": "N"}, {"193": "N"}, {"193": "E"}, {"58": "W"}, {"58": "W"}, {"58": "W"}, {"58": "W"}, {"58": "W"}, {"58": "W"}, {"58": "W"}, {"58": "S"}, {"58": "S"}, {"58": "S"}, {"58": "S"}, {"58": "S"}, {"58": "S"}, {"58": "S"}, {"58": "S"}, {"58": "W"}, {"58": "W"}, {"58": "S"}, {"58": "S"}, {"58": "W"}, {"58": "W"}, {"53": "N"}, {"53": "W"}, {"53": "W"}, {"53": "W"}, {"53": "W"}, {"53": "W"}, {"53": "W"}, {"53": "W"}, {"53": "W"}, {"53": "W"}, {"53": "N"}, {"53": "W"}, {"29": "W"}, {"29": "N"}, {"29": "N"}, {"29": "N"}, {"29": "N"}, {"29": "N"}, {"29": "N"}, {"29": "N"}, {"29": "N"}, {"29": "N"}, {"29": "E"}, {"29": "N"}, {"29": "E"}, {"29": "E"}, {"29": "E"}, {"24": "E"}, {"24": "N"}, {"24": "N"}, {"24": "N"}, {"24": "W"}, {"24": "W"}, {"24": "W"}, {"24": "W"}, {"24": "W"}, {"24": "W"}, {"24": "W"}, {"24": "W"}, {"24": "N"}, {"24": "N"}, {"24": "N"}, {"24": "N"}, {"24": "N"}, {"89": "S"}, {"89": "E"}, {"89": "E"}, {"89": "E"}, {"89": "E"}, {"89": "S"}, {"89": "S"}, {"89": "S"}, {"89": "S"}, {"89": "S"}, {"89": "S"}, {"89": "S"}, {"89": "E"}, {"89": "E"}, {"89": "E"}, {"89": "E"}, {"89": "E"}, {"89": "E"}, {"89": "E"}], "result": "SUCCESS", "makespan": 357, "sum": 2983, "algo_name": "OutAndInByPercentage_sea_level__BIT_", "extra": {"arrival_order": [97, 60, 99, 184, 8, 172, 127, 82, 72, 59, 167, 157, 134, 144, 80, 148, 147, 137, 101, 38, 27, 166, 156, 13, 158, 123, 193, 107, 103, 58, 53, 29, 24, 154, 94, 89, 175, 164, 151, 145, 45, 19, 17, 182, 169, 133, 125, 91, 76, 70, 69, 56, 50, 39, 163, 44, 31, 18, 14, 11, 189, 173, 73, 34, 186, 178, 141, 116, 48, 5, 146, 6, 191, 159, 124, 95, 92, 84, 64, 52, 23, 90, 75, 32, 198, 174, 160, 119, 66, 40, 16, 195, 131, 68, 41, 28, 199, 143, 129, 126, 120, 113, 109, 105, 86, 83, 65, 57, 47, 21, 15, 4, 185, 180, 177, 153, 142, 115, 108, 100, 96, 93, 79, 74, 51, 43, 36, 20, 197, 183, 181, 179, 176, 170, 168, 165, 130, 114, 104, 102, 85, 77, 71, 67, 42, 35, 22, 12, 9, 0, 188, 187, 162, 155, 152, 136, 135, 132, 128, 122, 121, 118, 117, 112, 87, 81, 46, 30, 26, 7, 3, 1, 196, 194, 192, 190, 171, 161, 150, 149, 140, 139, 138, 111, 110, 106, 98, 88, 78, 63, 62, 61, 55, 54, 49, 37, 33, 25, 10, 2], "time_arrived": [3128, 3681, 4406, 3664, 2349, 1376, 1418, 3646, 115, 3099, 4377, 1189, 3081, 459, 1163, 2331, 1858, 841, 1143, 831, 2667, 2293, 3073, 1634, 648, 4337, 3638, 392, 1960, 631, 3612, 1126, 1712, 4311, 1262, 3055, 2658, 4281, 373, 1071, 1848, 1948, 3027, 2634, 1104, 813, 3578, 2269, 1353, 4259, 1056, 2614, 1615, 616, 4204, 4165, 1015, 2253, 604, 211, 75, 4128, 4116, 4104, 1599, 2220, 1830, 3008, 1919, 988, 971, 2983, 197, 1248, 2568, 1693, 957, 2967, 4081, 2558, 292, 3559, 176, 2196, 1567, 2937, 2177, 3521, 4066, 706, 1661, 935, 1539, 2533, 681, 1517, 2520, 44, 4036, 87, 2497, 350, 2906, 583, 2888, 2144, 4003, 566, 2468, 2120, 3961, 3927, 3494, 2105, 2875, 2439, 1341, 3478, 3450, 1796, 2101, 3410, 3380, 510, 1493, 914, 2071, 158, 3365, 2049, 2856, 1899, 3348, 903, 256, 3307, 3262, 335, 3906, 3894, 3884, 1327, 2427, 2013, 279, 797, 1406, 320, 306, 3867, 3854, 782, 3249, 2418, 667, 3227, 438, 243, 490, 1467, 1779, 3832, 3205, 1093, 752, 2825, 420, 227, 2813, 883, 2797, 3820, 135, 1214, 1748, 723, 2782, 2396, 1319, 2751, 2387, 2727, 862, 2697, 95, 2369, 1283, 3192, 3163, 1196, 3791, 1453, 3757, 537, 3738, 1875, 3714, 2678, 1735, 1978], "BIT_runs": 1, "old_makespan": 4406, "old_sum": 5855, "improved": "[97, 99, 184, 8, 127, 72, 59, 167, 157, 134, 144, 148, 147, 137, 101, 27, 166, 123, 107, 103, 154, 94, 164, 151, 125, 91, 70, 50, 44, 31, 73, 34, 178, 141, 116, 159, 95, 92, 84, 32, 119, 16, 131, 41, 199, 143, 129, 120, 65, 57, 47, 4, 185, 180, 153, 142, 115, 108, 100, 93, 79, 74, 43, 197, 183, 181, 179, 176, 170, 168, 165, 130, 114, 104, 102, 77, 71, 42, 12, 9, 0, 187, 162, 155, 136, 135, 128, 121, 46, 30, 26, 7, 1, 194, 192, 190, 171, 149, 138, 111, 106, 98, 88, 78, 63, 62, 61, 55, 49, 37, 25, 10],", "goal_raise_for_bs": 32}}