{"instance": "small_010_20x20_50_175", "steps": [{"0": "W", "11": "W", "20": "W", "24": "W", "31": "N", "35": "S", "41": "W", "44": "N", "45": "N", "47": "W", "48": "N", "53": "W", "63": "W", "69": "W", "76": "N", "80": "W", "84": "E", "91": "N", "94": "W", "102": "W", "103": "N", "110": "W", "114": "W", "126": "N", "134": "N", "135": "S", "142": "W", "146": "N", "151": "S", "162": "S", "165": "N", "167": "E", "168": "N", "174": "W", "4": "N", "7": "S", "29": "S", "32": "W", "40": "W", "52": "E", "56": "W", "61": "W", "62": "W", "77": "W", "85": "S", "95": "W", "99": "E", "107": "W", "116": "S", "123": "E", "129": "S", "131": "E", "138": "W", "139": "W", "148": "S", "169": "N", "171": "N", "173": "S", "8": "W", "17": "S", "28": "W", "34": "E", "38": "N", "42": "S", "55": "S", "57": "W", "59": "N", "74": "W", "75": "E", "81": "S", "82": "N", "86": "S", "88": "S", "90": "S", "105": "E", "111": "E", "113": "W", "115": "W", "119": "N", "136": "W", "140": "S", "145": "E", "150": "S", "164": "W", "166": "N", "3": "W", "10": "W", "13": "N", "14": "N", "16": "W", "21": "W", "22": "S", "23": "E", "37": "E", "54": "S", "58": "E", "60": "N", "64": "E", "65": "W", "66": "E", "71": "S", "97": "S", "98": "W", "104": "W", "108": "E", "109": "N", "117": "E", "122": "W", "137": "N", "141": "W", "149": "E", "157": "W", "160": "E", "163": "W", "30": "W", "33": "W", "46": "S", "49": "E", "70": "S", "78": "E", "96": "W", "118": "S", "132": "W", "153": "S", "154": "N", "156": "S", "1": "E", "19": "N", "43": "E", "50": "E", "73": "W", "87": "W", "100": "W", "101": "S", "161": "S", "172": "W", "12": "E", "15": "E", "68": "W", "72": "E", "92": "N", "112": "W", "120": "S", "125": "E", "127": "E", "130": "S", "155": "N", "158": "N", "27": "E", "51": "N", "79": "E", "89": "E", "93": "E", "121": "E", "159": "S", "2": "S", "39": "E", "67": "N", "124": "S", "152": "N", "170": "E", "5": "N", "18": "E", "25": "E", "133": "S", "144": "N", "6": "S", "143": "N"}, {"0": "W", "11": "W", "20": "W", "24": "W", "31": "N", "35": "S", "41": "W", "44": "N", "45": "N", "47": "W", "48": "N", "53": "W", "63": "W", "69": "W", "76": "N", "80": "W", "84": "E", "91": "N", "94": "W", "102": "W", "103": "N", "110": "W", "114": "W", "126": "N", "134": "N", "135": "S", "142": "W", "146": "N", "151": "S", "162": "S", "165": "N", "167": "E", "168": "N", "174": "W", "4": "N", "7": "S", "29": "S", "32": "W", "40": "W", "52": "E", "56": "W", "61": "W", "62": "W", "77": "W", "85": "S", "95": "W", "99": "E", "107": "W", "116": "S", "123": "E", "129": "S", "131": "E", "138": "W", "139": "W", "148": "S", "169": "N", "171": "N", "173": "S", "8": "W", "17": "S", "28": "W", "34": "E", "38": "N", "42": "S", "55": "S", "57": "W", "59": "N", "74": "W", "75": "E", "81": "S", "82": "N", "86": "S", "88": "S", "90": "S", "105": "E", "111": "E", "113": "W", "115": "W", "119": "N", "136": "W", "140": "S", "145": "E", "150": "S", "164": "W", "166": "N", "3": "W", "10": "W", "13": "N", "14": "N", "16": "W", "21": "W", "22": "S", "23": "E", "37": "E", "54": "S", "58": "E", "60": "N", "64": "E", "65": "W", "66": "E", "71": "S", "97": "S", "98": "W", "104": "W", "108": "E", "109": "N", "117": "E", "122": "W", "137": "N", "141": "W", "149": "E", "157": "W", "160": "E", "163": "W", "30": "W", "33": "W", "46": "S", "49": "E", "70": "S", "78": "S", "96": "W", "118": "S", "132": "W", "153": "S", "154": "N", "156": "S", "1": "E", "19": "N", "43": "E", "50": "S", "73": "W", "87": "W", "100": "W", "101": "S", "161": "S", "172": "W", "12": "E", "15": "E", "68": "N", "72": "E", "92": "N", "112": "W", "120": "S", "125": "E", "127": "S", "130": "S", "155": "N", "158": "N", "27": "E", "36": "S", "51": "N", "79": "E", "89": "E", "93": "S", "121": "N", "159": "S", "2": "S", "9": "S", "39": "S", "67": "N", "124": "S", "152": "N", "170": "E", "5": "N", "18": "S", "25": "E", "106": "S", "133": "S", "144": "N", "147": "S", "6": "S", "143": "N"}, {"0": "W", "11": "W", "20": "W", "24": "W", "41": "W", "45": "W", "63": "W", "69": "W", "80": "W", "91": "N", "102": "W", "114": "W", "135": "S", "142": "N", "146": "E", "151": "S", "162": "E", "167": "N", "168": "N", "4": "N", "29": "S", "32": "W", "40": "W", "52": "E", "56": "W", "61": "W", "62": "W", "77": "W", "85": "S", "99": "E", "107": "W", "123": "E", "129": "S", "131": "E", "138": "W", "139": "W", "148": "S", "169": "N", "171": "N", "173": "S", "8": "W", "17": "S", "28": "W", "34": "E", "38": "N", "57": "W", "59": "N", "74": "W", "75": "E", "81": "S", "82": "N", "86": "S", "88": "S", "90": "S", "105": "E", "111": "E", "113": "W", "115": "W", "119": "N", "136": "W", "140": "S", "145": "E", "150": "S", "164": "W", "166": "N", "3": "W", "10": "W", "13": "N", "14": "N", "16": "W", "21": "W", "22": "S", "23": "E", "37": "E", "54": "S", "58": "E", "60": "N", "64": "E", "65": "W", "66": "E", "71": "S", "97": "S", "98": "W", "104": "W", "108": "E", "109": "N", "117": "E", "122": "W", "137": "N", "141": "W", "149": "E", "157": "W", "160": "E", "163": "W", "30": "W", "33": "W", "46": "S", "49": "E", "70": "S", "78": "S", "96": "W", "118": "S", "132": "W", "153": "S", "154": "N", "156": "S", "1": "E", "19": "N", "43": "E", "50": "S", "73": "W", "87": "W", "100": "W", "101": "S", "161": "S", "172": "W", "12": "E", "15": "E", "68": "N", "72": "E", "92": "N", "112": "W", "120": "S", "125": "E", "127": "S", "128": "S", "130": "S", "155": "N", "158": "N", "26": "S", "27": "E", "51": "N", "79": "E", "89": "E", "93": "S", "121": "E", "159": "S", "2": "S", "39": "S", "67": "N", "83": "S", "124": "S", "152": "N", "170": "E", "5": "N", "18": "S", "25": "E", "133": "S", "144": "N", "147": "S", "6": "S", "143": "N"}, {"0": "W", "11": "W", "24": "W", "31": "N", "41": "W", "48": "N", "69": "N", "80": "W", "84": "E", "91": "W", "102": "W", "114": "S", "135": "S", "151": "S", "162": "S", "168": "N", "4": "N", "7": "S", "29": "S", "40": "W", "52": "E", "56": "W", "61": "W", "62": "W", "77": "N", "85": "W", "95": "W", "99": "N", "107": "W", "116": "S", "123": "N", "129": "S", "138": "W", "148": "S", "169": "W", "173": "S", "8": "W", "17": "S", "34": "E", "38": "N", "57": "W", "74": "W", "75": "E", "81": "S", "82": "N", "86": "S", "88": "S", "90": "S", "105": "E", "111": "E", "113": "W", "115": "W", "119": "N", "136": "W", "140": "S", "145": "E", "164": "W", "166": "N", "42": "S", "55": "S", "3": "W", "10": "W", "13": "N", "14": "N", "16": "W", "21": "W", "22": "S", "23": "E", "37": "E", "54": "S", "58": "E", "60": "N", "64": "E", "65": "W", "66": "E", "71": "S", "98": "W", "104": "W", "108": "E", "109": "N", "117": "E", "122": "W", "137": "N", "149": "E", "157": "W", "160": "E", "163": "W", "30": "W", "33": "W", "46": "S", "49": "E", "70": "S", "78": "S", "96": "W", "118": "S", "132": "W", "154": "N", "156": "S", "1": "E", "19": "N", "43": "E", "50": "S", "73": "W", "87": "W", "100": "W", "101": "S", "172": "W", "12": "E", "15": "E", "68": "N", "72": "E", "92": "N", "112": "W", "125": "E", "127": "S", "128": "W", "130": "S", "155": "N", "158": "N", "27": "E", "36": "W", "51": "N", "79": "E", "89": "E", "93": "S", "121": "N", "159": "S", "2": "S", "39": "S", "67": "N", "124": "S", "152": "N", "170": "E", "5": "N", "18": "S", "25": "E", "133": "S", "144": "N", "147": "S", "6": "W", "143": "N"}, {"0": "W", "11": "S", "24": "W", "41": "W", "44": "N", "48": "N", "69": "W", "76": "N", "80": "W", "84": "E", "94": "W", "102": "W", "135": "S", "151": "S", "162": "S", "167": "E", "174": "W", "7": "S", "29": "S", "52": "E", "56": "W", "61": "W", "62": "W", "77": "W", "85": "S", "95": "W", "107": "W", "116": "W", "123": "E", "129": "S", "131": "E", "138": "W", "148": "S", "8": "W", "28": "W", "34": "E", "38": "N", "59": "N", "74": "W", "75": "S", "81": "S", "86": "S", "88": "S", "90": "E", "105": "S", "111": "E", "113": "W", "115": "W", "136": "W", "145": "E", "150": "S", "164": "W", "166": "N", "55": "S", "3": "W", "10": "W", "13": "N", "14": "N", "16": "W", "21": "W", "22": "S", "23": "E", "37": "E", "54": "S", "58": "E", "60": "N", "64": "E", "65": "W", "66": "E", "71": "S", "104": "W", "109": "N", "122": "W", "137": "N", "149": "E", "157": "W", "160": "E", "163": "W", "97": "S", "141": "W", "30": "W", "33": "W", "46": "S", "49": "E", "70": "S", "78": "S", "96": "W", "118": "S", "132": "W", "153": "S", "154": "N", "156": "S", "1": "E", "19": "N", "43": "E", "50": "S", "73": "W", "87": "W", "100": "W", "101": "S", "161": "S", "172": "W", "12": "E", "15": "E", "68": "N", "72": "E", "92": "N", "112": "W", "120": "S", "125": "E", "127": "S", "128": "W", "130": "S", "155": "N", "158": "N", "27": "E", "36": "W", "51": "N", "79": "E", "89": "E", "93": "S", "121": "N", "159": "S", "2": "S", "39": "S", "67": "N", "124": "S", "152": "N", "170": "E", "5": "N", "18": "S", "25": "E", "133": "S", "144": "N", "147": "S", "6": "W", "143": "N"}, {"0": "W", "24": "W", "69": "W", "76": "N", "102": "W", "135": "S", "151": "S", "174": "W", "29": "S", "40": "W", "56": "W", "61": "W", "85": "S", "95": "S", "107": "W", "129": "S", "148": "S", "173": "S", "17": "S", "28": "W", "38": "W", "57": "W", "59": "N", "74": "W", "75": "E", "81": "S", "86": "S", "88": "S", "115": "W", "136": "W", "140": "S", "150": "S", "164": "W", "42": "S", "3": "W", "10": "W", "14": "N", "21": "W", "22": "S", "54": "S", "71": "S", "98": "W", "108": "E", "117": "E", "122": "W", "137": "N", "163": "W", "97": "S", "141": "W", "30": "W", "33": "W", "46": "S", "49": "E", "70": "S", "78": "S", "96": "W", "118": "S", "132": "W", "154": "N", "156": "S", "153": "S", "1": "E", "19": "N", "43": "E", "50": "S", "73": "W", "87": "W", "100": "W", "101": "S", "161": "S", "172": "W", "12": "E", "15": "E", "68": "N", "72": "E", "92": "N", "112": "W", "120": "S", "125": "E", "127": "S", "128": "W", "130": "S", "155": "N", "158": "N", "27": "E", "36": "W", "51": "N", "79": "E", "89": "E", "93": "S", "121": "N", "159": "S", "2": "S", "9": "S", "39": "S", "67": "N", "124": "S", "152": "N", "170": "E", "5": "N", "18": "S", "25": "E", "106": "S", "133": "S", "144": "N", "147": "S", "6": "W", "143": "N"}, {"0": "W", "24": "W", "76": "N", "94": "W", "102": "W", "151": "S", "29": "S", "40": "W", "52": "E", "56": "W", "61": "W", "85": "S", "107": "W", "148": "S", "173": "S", "17": "S", "28": "W", "57": "W", "59": "W", "74": "W", "81": "S", "88": "S", "115": "W", "136": "W", "145": "E", "150": "S", "164": "W", "42": "S", "3": "W", "14": "N", "16": "W", "21": "W", "37": "E", "54": "S", "60": "N", "71": "S", "98": "W", "108": "E", "122": "W", "137": "N", "163": "W", "97": "S", "141": "W", "30": "W", "33": "W", "49": "E", "70": "S", "78": "S", "96": "W", "118": "S", "154": "N", "153": "S", "1": "E", "19": "N", "43": "E", "50": "S", "73": "W", "87": "W", "100": "W", "101": "S", "172": "W", "161": "S", "12": "E", "15": "E", "68": "N", "72": "E", "92": "N", "112": "W", "120": "S", "125": "E", "127": "S", "128": "W", "130": "S", "155": "N", "158": "N", "26": "S", "27": "E", "36": "W", "51": "N", "79": "E", "89": "E", "93": "S", "121": "N", "159": "S", "2": "S", "39": "S", "67": "N", "83": "S", "124": "S", "152": "N", "170": "E", "5": "N", "18": "S", "25": "E", "133": "S", "144": "N", "147": "S", "6": "W", "143": "N"}, {"0": "W", "31": "N", "48": "N", "76": "N", "102": "W", "151": "S", "29": "S", "40": "S", "61": "W", "85": "S", "107": "W", "148": "S", "173": "S", "17": "S", "28": "N", "74": "W", "75": "E", "81": "S", "82": "N", "88": "S", "111": "E", "136": "W", "150": "S", "164": "W", "166": "N", "42": "W", "3": "W", "13": "N", "14": "N", "21": "W", "23": "E", "54": "S", "60": "E", "71": "S", "108": "E", "117": "E", "137": "N", "149": "E", "163": "W", "97": "S", "30": "W", "49": "E", "70": "S", "78": "S", "96": "W", "118": "S", "154": "N", "153": "S", "19": "N", "43": "E", "50": "S", "73": "W", "100": "W", "101": "S", "161": "S", "12": "E", "15": "E", "68": "N", "72": "E", "92": "N", "112": "W", "125": "E", "127": "S", "130": "S", "155": "N", "158": "N", "120": "S", "128": "W", "26": "W", "27": "E", "36": "W", "51": "N", "79": "E", "89": "E", "93": "S", "121": "N", "159": "S", "2": "S", "9": "W", "39": "S", "67": "N", "124": "S", "152": "N", "170": "E", "5": "N", "18": "S", "25": "E", "133": "S", "144": "N", "147": "S", "6": "W", "143": "N"}, {"76": "N", "102": "S", "29": "W", "52": "S", "85": "S", "131": "E", "173": "S", "17": "S", "38": "N", "57": "W", "150": "S", "164": "S", "14": "E", "58": "E", "98": "W", "108": "E", "137": "N", "97": "S", "141": "W", "49": "N", "78": "S", "154": "N", "153": "S", "19": "N", "43": "E", "50": "S", "161": "S", "12": "E", "92": "N", "127": "S", "155": "N", "120": "S", "27": "E", "51": "N", "89": "E", "93": "S", "159": "S", "128": "W", "26": "W", "36": "W", "2": "S", "9": "W", "39": "S", "67": "N", "124": "S", "152": "N", "170": "E", "5": "N", "18": "S", "25": "E", "106": "S", "133": "S", "144": "N", "147": "S", "6": "W", "143": "N"}, {"0": "W", "76": "W", "165": "N", "61": "W", "85": "S", "107": "W", "173": "S", "17": "S", "38": "N", "57": "W", "74": "W", "88": "S", "136": "W", "140": "S", "145": "E", "150": "S", "3": "W", "21": "W", "37": "E", "71": "S", "98": "W", "108": "S", "163": "W", "97": "S", "141": "W", "30": "W", "70": "S", "78": "S", "96": "W", "156": "S", "153": "S", "1": "E", "50": "S", "73": "W", "100": "W", "161": "S", "92": "N", "112": "W", "127": "S", "120": "S", "79": "E", "93": "S", "121": "N", "159": "E", "128": "W", "2": "S", "39": "S", "67": "N", "124": "S", "170": "E", "26": "W", "36": "W", "9": "W", "83": "S", "5": "N", "18": "S", "25": "E", "133": "S", "147": "S", "6": "W"}, {"0": "W", "61": "W", "85": "S", "107": "W", "173": "S", "17": "S", "57": "S", "74": "W", "88": "S", "136": "W", "145": "E", "150": "S", "3": "W", "21": "W", "37": "E", "71": "S", "137": "N", "163": "N", "97": "S", "141": "S", "30": "W", "70": "S", "78": "S", "96": "W", "154": "N", "153": "S", "1": "E", "19": "N", "43": "E", "50": "S", "73": "W", "100": "W", "161": "S", "12": "E", "92": "W", "112": "W", "127": "S", "155": "N", "120": "S", "27": "E", "51": "N", "79": "E", "93": "S", "128": "W", "39": "S", "67": "N", "124": "S", "152": "N", "170": "E", "36": "W", "5": "N", "18": "S", "25": "E", "133": "S", "26": "W", "9": "W", "83": "W", "106": "W", "144": "N", "147": "S", "6": "W", "143": "N"}, {"0": "W", "61": "S", "107": "W", "173": "S", "17": "S", "88": "W", "136": "W", "3": "W", "98": "W", "137": "N", "30": "W", "78": "S", "154": "N", "19": "N", "43": "E", "50": "S", "100": "W", "12": "E", "112": "W", "127": "S", "155": "N", "27": "E", "51": "N", "93": "S", "128": "W", "39": "S", "67": "N", "152": "N", "170": "E", "36": "W", "5": "N", "18": "S", "144": "N", "147": "S", "6": "W", "26": "W", "9": "W", "83": "W", "106": "W", "143": "N"}, {"74": "W", "21": "W", "71": "S", "98": "N", "137": "N", "70": "S", "96": "W", "154": "N", "19": "N", "43": "N", "73": "W", "155": "N", "51": "N", "67": "N", "152": "N", "170": "N", "5": "N", "144": "N", "143": "N", "26": "W", "9": "W", "83": "W", "106": "W"}, {"0": "W", "107": "W", "74": "W", "136": "W", "3": "W", "21": "W", "71": "S", "30": "W", "70": "S", "96": "W", "73": "W", "100": "W", "12": "E", "112": "W", "27": "E", "128": "W", "67": "N", "36": "W", "5": "N", "6": "W", "26": "W", "9": "W", "83": "W", "106": "W"}, {"0": "W", "107": "W", "74": "S", "136": "W", "3": "W", "71": "E", "30": "W", "100": "W", "12": "S", "112": "W", "128": "W", "67": "E", "36": "W", "6": "W", "26": "W", "9": "W", "83": "W", "106": "W"}, {"21": "W", "70": "S", "96": "W", "73": "W", "27": "E", "5": "N", "83": "W", "106": "W"}, {"0": "W", "107": "W", "136": "W", "3": "W", "21": "W", "30": "W", "70": "W", "96": "W", "73": "W", "100": "W", "112": "W", "27": "E", "128": "W", "36": "W", "5": "N", "6": "W", "26": "W", "9": "W", "83": "W", "106": "W"}, {"0": "W", "107": "W", "136": "W", "3": "W", "21": "S", "30": "W", "100": "W", "112": "W", "27": "N", "128": "W", "36": "W", "5": "E", "6": "W", "26": "W", "9": "W", "83": "W", "106": "W"}, {"96": "W", "73": "W"}, {"96": "W", "73": "W"}, {"96": "S"}, {"73": "W"}, {"73": "W"}, {"73": "S"}, {"15": "W"}, {"15": "W"}, {"15": "W"}, {"15": "W"}, {"15": "W"}, {"15": "W"}, {"15": "N"}, {"15": "N"}, {"15": "N"}, {"15": "N"}, {"83": "S"}, {"83": "E"}, {"83": "E"}, {"83": "N"}, {"83": "N"}, {"83": "N"}, {"83": "N"}, {"83": "N"}, {"83": "N"}, {"83": "N"}, {"83": "N"}, {"83": "N"}, {"83": "E"}, {"83": "E"}, {"83": "E"}, {"83": "E"}, {"83": "E"}, {"83": "E"}, {"83": "E"}, {"83": "E"}, {"83": "E"}, {"83": "E"}, {"83": "E"}, {"83": "E"}, {"83": "E"}, {"83": "E"}, {"83": "E"}, {"83": "N"}, {"18": "W"}, {"18": "N"}, {"18": "N"}, {"18": "W"}, {"18": "W"}, {"18": "W"}, {"18": "W"}, {"18": "W"}, {"18": "W"}, {"18": "N"}, {"18": "N"}, {"18": "N"}, {"18": "N"}, {"39": "W"}, {"39": "N"}, {"39": "N"}, {"39": "N"}, {"39": "N"}, {"39": "N"}, {"39": "E"}, {"39": "N"}, {"39": "N"}, {"39": "N"}, {"39": "N"}, {"39": "N"}, {"39": "N"}, {"39": "N"}, {"39": "N"}, {"39": "N"}, {"39": "N"}, {"39": "N"}, {"39": "N"}, {"39": "N"}, {"39": "N"}, {"39": "E"}, {"39": "E"}, {"39": "E"}, {"39": "E"}, {"39": "E"}, {"39": "E"}, {"39": "E"}, {"39": "N"}, {"39": "N"}, {"39": "W"}, {"117": "N"}, {"117": "W"}, {"117": "W"}, {"117": "W"}, {"117": "W"}, {"117": "W"}, {"117": "S"}, {"117": "S"}, {"117": "S"}, {"117": "S"}, {"117": "S"}, {"60": "W"}, {"60": "S"}, {"60": "S"}, {"60": "S"}, {"60": "S"}, {"60": "E"}, {"60": "S"}, {"60": "S"}, {"60": "E"}, {"57": "N"}, {"57": "E"}, {"57": "E"}, {"57": "E"}, {"57": "E"}, {"57": "E"}, {"57": "N"}, {"57": "N"}, {"57": "N"}, {"57": "N"}, {"57": "N"}, {"57": "N"}, {"57": "N"}, {"57": "N"}, {"57": "N"}, {"57": "N"}, {"57": "N"}, {"57": "N"}, {"57": "E"}, {"57": "E"}, {"57": "E"}, {"57": "E"}, {"57": "E"}, {"57": "E"}, {"57": "E"}, {"57": "E"}, {"57": "E"}, {"57": "E"}, {"57": "E"}, {"57": "E"}, {"57": "E"}, {"57": "E"}, {"57": "E"}, {"57": "E"}, {"34": "N"}, {"34": "W"}, {"34": "W"}, {"34": "W"}, {"34": "W"}, {"34": "W"}, {"34": "W"}, {"34": "S"}, {"34": "S"}, {"56": "N"}, {"56": "E"}, {"56": "E"}, {"56": "E"}, {"56": "E"}, {"56": "E"}, {"56": "N"}, {"56": "N"}, {"56": "N"}, {"56": "N"}, {"56": "N"}, {"56": "N"}, {"56": "N"}, {"56": "N"}, {"56": "N"}, {"56": "N"}, {"56": "N"}, {"56": "E"}, {"56": "E"}, {"56": "E"}, {"56": "E"}, {"56": "E"}, {"56": "E"}, {"56": "E"}, {"56": "E"}, {"56": "E"}, {"56": "E"}, {"56": "E"}, {"56": "N"}, {"56": "N"}, {"56": "E"}, {"56": "E"}, {"56": "E"}, {"56": "E"}, {"56": "S"}, {"56": "S"}, {"7": "W"}, {"7": "N"}, {"7": "N"}, {"7": "N"}, {"7": "N"}, {"7": "N"}, {"7": "E"}, {"7": "N"}, {"7": "N"}, {"7": "N"}, {"7": "N"}, {"7": "N"}, {"7": "E"}, {"7": "E"}, {"7": "N"}, {"7": "N"}, {"7": "N"}, {"7": "E"}, {"7": "E"}, {"7": "E"}, {"7": "N"}, {"7": "N"}, {"7": "N"}, {"7": "N"}, {"7": "E"}, {"7": "E"}, {"7": "E"}, {"7": "E"}, {"7": "E"}, {"7": "E"}, {"7": "E"}, {"7": "E"}, {"7": "E"}, {"7": "N"}, {"7": "E"}, {"7": "N"}, {"7": "N"}, {"7": "W"}, {"7": "W"}, {"7": "S"}, {"114": "N"}, {"114": "E"}, {"114": "E"}, {"114": "N"}, {"114": "N"}, {"114": "N"}, {"114": "N"}, {"114": "N"}, {"114": "E"}, {"114": "E"}, {"114": "E"}, {"114": "E"}, {"114": "E"}, {"114": "E"}, {"114": "E"}, {"114": "E"}, {"114": "E"}, {"114": "E"}, {"114": "E"}, {"114": "E"}, {"114": "E"}, {"114": "E"}, {"114": "E"}, {"114": "E"}, {"114": "E"}, {"114": "E"}, {"114": "N"}, {"106": "E"}, {"106": "N"}, {"106": "N"}, {"106": "N"}, {"106": "N"}, {"106": "N"}, {"106": "N"}, {"106": "N"}, {"106": "E"}, {"106": "E"}, {"106": "E"}, {"106": "E"}, {"106": "E"}, {"106": "E"}, {"106": "E"}, {"106": "E"}, {"106": "E"}, {"106": "E"}, {"106": "E"}, {"106": "E"}, {"106": "E"}, {"106": "E"}, {"106": "E"}, {"106": "E"}, {"106": "E"}, {"106": "E"}, {"106": "E"}, {"106": "N"}, {"106": "N"}, {"106": "N"}, {"106": "W"}, {"106": "N"}, {"26": "N"}, {"26": "N"}, {"26": "E"}, {"26": "E"}, {"26": "E"}, {"26": "E"}, {"26": "N"}, {"26": "N"}, {"26": "N"}, {"26": "N"}, {"26": "N"}, {"26": "N"}, {"26": "N"}, {"26": "N"}, {"26": "N"}, {"26": "E"}, {"26": "E"}, {"26": "E"}, {"26": "E"}, {"26": "E"}, {"26": "E"}, {"26": "E"}, {"26": "E"}, {"26": "E"}, {"26": "E"}, {"26": "E"}, {"26": "N"}, {"26": "E"}, {"26": "E"}, {"26": "E"}, {"26": "E"}, {"26": "S"}, {"36": "S"}, {"36": "E"}, {"36": "E"}, {"36": "E"}, {"36": "E"}, {"36": "E"}, {"36": "E"}, {"36": "S"}, {"36": "S"}, {"36": "E"}, {"36": "E"}, {"36": "E"}, {"36": "E"}, {"36": "S"}, {"36": "E"}, {"36": "E"}, {"36": "E"}, {"36": "E"}, {"36": "E"}, {"36": "E"}, {"36": "E"}, {"36": "E"}, {"124": "E"}, {"124": "N"}, {"124": "N"}, {"124": "W"}, {"124": "W"}, {"124": "W"}, {"124": "W"}, {"124": "W"}, {"124": "W"}, {"124": "W"}, {"124": "N"}, {"124": "N"}, {"124": "N"}, {"124": "N"}, {"128": "N"}, {"128": "N"}, {"128": "N"}, {"128": "N"}, {"128": "N"}, {"128": "N"}, {"128": "N"}, {"128": "N"}, {"128": "E"}, {"128": "E"}, {"128": "E"}, {"128": "E"}, {"128": "E"}, {"128": "E"}, {"128": "E"}, {"128": "E"}, {"128": "E"}, {"128": "E"}, {"128": "E"}, {"128": "E"}, {"128": "E"}, {"128": "E"}, {"128": "E"}, {"128": "E"}, {"128": "E"}, {"128": "E"}, {"128": "E"}, {"128": "E"}, {"128": "E"}, {"128": "E"}, {"121": "S"}, {"121": "W"}, {"121": "W"}, {"121": "W"}, {"121": "W"}, {"121": "W"}, {"121": "W"}, {"121": "W"}, {"121": "W"}, {"121": "W"}, {"121": "W"}, {"121": "W"}, {"121": "S"}, {"121": "S"}, {"121": "S"}, {"121": "S"}, {"121": "S"}, {"93": "E"}, {"93": "E"}, {"93": "N"}, {"93": "N"}, {"93": "N"}, {"93": "N"}, {"93": "N"}, {"93": "N"}, {"93": "N"}, {"93": "W"}, {"93": "N"}, {"93": "N"}, {"93": "N"}, {"93": "N"}, {"93": "N"}, {"93": "N"}, {"93": "N"}, {"93": "N"}, {"93": "N"}, {"93": "N"}, {"93": "N"}, {"93": "N"}, {"93": "E"}, {"93": "E"}, {"93": "E"}, {"93": "E"}, {"93": "E"}, {"89": "W"}, {"89": "W"}, {"89": "W"}, {"89": "W"}, {"89": "W"}, {"89": "W"}, {"89": "W"}, {"89": "W"}, {"89": "W"}, {"89": "W"}, {"89": "W"}, {"89": "W"}, {"89": "W"}, {"89": "W"}, {"89": "W"}, {"89": "W"}, {"89": "S"}, {"89": "S"}, {"89": "W"}, {"89": "S"}, {"89": "S"}, {"89": "S"}, {"79": "N"}, {"79": "W"}, {"79": "W"}, {"79": "W"}, {"79": "W"}, {"79": "W"}, {"79": "S"}, {"79": "S"}, {"79": "S"}, {"79": "S"}, {"79": "S"}, {"79": "S"}, {"79": "S"}, {"155": "E"}, {"155": "S"}, {"155": "S"}, {"155": "S"}, {"155": "S"}, {"155": "S"}, {"155": "S"}, {"155": "S"}, {"155": "S"}, {"155": "S"}, {"155": "S"}, {"155": "S"}, {"155": "S"}, {"155": "S"}, {"155": "S"}, {"155": "S"}, {"155": "S"}, {"155": "S"}, {"155": "S"}, {"155": "S"}, {"155": "S"}, {"155": "S"}, {"92": "W"}, {"92": "W"}, {"92": "S"}, {"92": "S"}, {"92": "S"}, {"92": "W"}, {"92": "S"}, {"92": "S"}, {"92": "S"}, {"92": "S"}, {"92": "S"}, {"92": "S"}, {"92": "S"}, {"92": "S"}, {"92": "S"}, {"92": "W"}, {"92": "W"}, {"92": "S"}, {"92": "S"}, {"92": "S"}, {"92": "S"}, {"92": "S"}, {"92": "E"}, {"92": "E"}, {"72": "W"}, {"72": "W"}, {"72": "W"}, {"72": "N"}, {"72": "N"}, {"72": "N"}, {"68": "W"}, {"68": "S"}, {"68": "W"}, {"68": "W"}, {"68": "W"}, {"68": "W"}, {"68": "W"}, {"68": "S"}, {"68": "S"}, {"68": "S"}, {"68": "S"}, {"161": "E"}, {"161": "N"}, {"161": "N"}, {"161": "N"}, {"161": "N"}, {"161": "W"}, {"161": "W"}, {"161": "W"}, {"161": "W"}, {"161": "W"}, {"161": "N"}, {"161": "N"}, {"161": "N"}, {"161": "N"}, {"161": "N"}, {"161": "W"}, {"101": "W"}, {"101": "N"}, {"101": "N"}, {"101": "N"}, {"101": "N"}, {"101": "N"}, {"101": "N"}, {"101": "N"}, {"101": "N"}, {"101": "N"}, {"101": "N"}, {"101": "N"}, {"101": "N"}, {"101": "N"}, {"101": "E"}, {"101": "E"}, {"101": "E"}, {"101": "N"}, {"101": "N"}, {"101": "N"}, {"101": "E"}, {"101": "E"}, {"101": "E"}, {"101": "E"}, {"101": "E"}, {"101": "E"}, {"101": "E"}, {"101": "E"}, {"101": "N"}, {"101": "E"}, {"101": "E"}, {"101": "N"}, {"87": "N"}, {"87": "E"}, {"87": "N"}, {"87": "N"}, {"87": "N"}, {"87": "N"}, {"87": "N"}, {"87": "N"}, {"87": "N"}, {"87": "N"}, {"87": "N"}, {"87": "N"}, {"87": "N"}, {"87": "N"}, {"87": "E"}, {"87": "E"}, {"87": "E"}, {"87": "E"}, {"87": "E"}, {"87": "E"}, {"87": "E"}, {"87": "E"}, {"87": "E"}, {"87": "E"}, {"87": "E"}, {"87": "N"}, {"87": "E"}, {"87": "E"}, {"87": "E"}, {"87": "E"}, {"87": "E"}, {"87": "S"}, {"87": "E"}, {"50": "W"}, {"50": "N"}, {"50": "N"}, {"50": "N"}, {"50": "N"}, {"50": "N"}, {"50": "N"}, {"50": "W"}, {"50": "W"}, {"50": "W"}, {"50": "W"}, {"50": "W"}, {"50": "N"}, {"50": "N"}, {"50": "N"}, {"50": "N"}, {"50": "N"}, {"43": "S"}, {"43": "W"}, {"43": "W"}, {"43": "W"}, {"43": "W"}, {"43": "W"}, {"43": "W"}, {"43": "W"}, {"43": "W"}, {"43": "W"}, {"43": "W"}, {"43": "W"}, {"43": "W"}, {"43": "W"}, {"43": "W"}, {"43": "W"}, {"43": "W"}, {"43": "S"}, {"43": "S"}, {"43": "S"}, {"1": "N"}, {"1": "W"}, {"1": "W"}, {"1": "W"}, {"1": "W"}, {"1": "W"}, {"1": "W"}, {"1": "W"}, {"1": "W"}, {"1": "W"}, {"1": "W"}, {"1": "W"}, {"1": "W"}, {"1": "W"}, {"1": "W"}, {"1": "W"}, {"1": "S"}, {"1": "W"}, {"1": "S"}, {"1": "S"}, {"1": "S"}, {"1": "S"}, {"156": "E"}, {"156": "N"}, {"156": "N"}, {"156": "W"}, {"156": "W"}, {"156": "W"}, {"156": "W"}, {"156": "W"}, {"156": "W"}, {"156": "N"}, {"156": "N"}, {"156": "N"}, {"156": "N"}, {"156": "N"}, {"156": "N"}, {"156": "W"}, {"156": "W"}, {"156": "W"}, {"96": "S"}, {"96": "S"}, {"96": "E"}, {"96": "E"}, {"96": "E"}, {"96": "E"}, {"96": "E"}, {"96": "E"}, {"96": "E"}, {"96": "E"}, {"96": "E"}, {"96": "E"}, {"96": "E"}, {"96": "E"}, {"96": "S"}, {"96": "E"}, {"96": "E"}, {"96": "E"}, {"96": "N"}, {"96": "E"}, {"96": "E"}, {"96": "E"}, {"78": "E"}, {"78": "N"}, {"78": "N"}, {"78": "N"}, {"78": "E"}, {"78": "N"}, {"78": "N"}, {"78": "N"}, {"78": "N"}, {"78": "N"}, {"78": "N"}, {"78": "E"}, {"78": "E"}, {"78": "E"}, {"78": "E"}, {"78": "E"}, {"78": "E"}, {"78": "N"}, {"78": "E"}, {"78": "N"}, {"78": "N"}, {"78": "N"}, {"78": "N"}, {"78": "N"}, {"78": "N"}, {"78": "N"}, {"78": "N"}, {"78": "N"}, {"78": "N"}, {"70": "E"}, {"70": "N"}, {"70": "N"}, {"70": "N"}, {"70": "N"}, {"70": "N"}, {"70": "N"}, {"70": "N"}, {"70": "N"}, {"70": "N"}, {"70": "N"}, {"70": "N"}, {"70": "N"}, {"70": "N"}, {"70": "N"}, {"70": "N"}, {"70": "N"}, {"70": "N"}, {"70": "N"}, {"70": "N"}, {"70": "E"}, {"70": "E"}, {"70": "E"}, {"70": "N"}, {"70": "N"}, {"70": "N"}, {"70": "N"}, {"70": "N"}, {"70": "E"}, {"70": "E"}, {"70": "E"}, {"70": "E"}, {"70": "E"}, {"49": "S"}, {"49": "W"}, {"49": "W"}, {"49": "W"}, {"49": "W"}, {"49": "N"}, {"49": "N"}, {"49": "N"}, {"49": "W"}, {"49": "N"}, {"49": "N"}, {"49": "W"}, {"49": "W"}, {"49": "W"}, {"49": "S"}, {"46": "N"}, {"46": "N"}, {"46": "N"}, {"46": "N"}, {"46": "E"}, {"46": "E"}, {"46": "E"}, {"141": "N"}, {"141": "E"}, {"141": "E"}, {"141": "E"}, {"141": "E"}, {"141": "S"}, {"141": "S"}, {"141": "S"}, {"141": "S"}, {"141": "S"}, {"141": "S"}, {"141": "S"}, {"141": "E"}, {"141": "S"}, {"141": "E"}, {"141": "E"}, {"141": "E"}, {"141": "E"}, {"141": "E"}, {"141": "N"}, {"122": "N"}, {"122": "E"}, {"122": "E"}, {"122": "E"}, {"122": "S"}, {"122": "S"}, {"122": "S"}, {"122": "S"}, {"122": "S"}, {"122": "E"}, {"122": "E"}, {"122": "E"}, {"122": "E"}, {"58": "S"}, {"58": "W"}, {"58": "W"}, {"58": "W"}, {"58": "W"}, {"58": "W"}, {"58": "W"}, {"58": "W"}, {"58": "W"}, {"58": "W"}, {"58": "W"}, {"58": "W"}, {"58": "W"}, {"58": "W"}, {"58": "W"}, {"58": "W"}, {"58": "W"}, {"58": "S"}, {"58": "S"}, {"58": "S"}, {"23": "S"}, {"23": "W"}, {"23": "W"}, {"23": "W"}, {"23": "W"}, {"23": "W"}, {"23": "W"}, {"23": "N"}, {"23": "N"}, {"23": "N"}, {"22": "E"}, {"22": "N"}, {"22": "N"}, {"22": "N"}, {"22": "N"}, {"22": "N"}, {"22": "N"}, {"22": "N"}, {"22": "N"}, {"22": "N"}, {"22": "N"}, {"22": "E"}, {"22": "N"}, {"22": "E"}, {"22": "E"}, {"22": "E"}, {"22": "E"}, {"22": "E"}, {"22": "E"}, {"22": "E"}, {"22": "E"}, {"22": "E"}, {"22": "E"}, {"22": "E"}, {"22": "E"}, {"21": "N"}, {"21": "E"}, {"21": "E"}, {"21": "E"}, {"21": "E"}, {"21": "E"}, {"21": "E"}, {"21": "E"}, {"21": "E"}, {"21": "E"}, {"21": "E"}, {"21": "N"}, {"21": "N"}, {"21": "N"}, {"21": "N"}, {"21": "N"}, {"21": "N"}, {"21": "N"}, {"21": "E"}, {"21": "E"}, {"21": "E"}, {"21": "E"}, {"21": "E"}, {"21": "E"}, {"21": "E"}, {"21": "E"}, {"21": "E"}, {"21": "E"}, {"21": "E"}, {"21": "E"}, {"21": "E"}, {"21": "E"}, {"21": "E"}, {"21": "E"}, {"21": "E"}, {"21": "E"}, {"21": "N"}, {"21": "E"}, {"14": "W"}, {"14": "S"}, {"14": "S"}, {"14": "S"}, {"14": "S"}, {"14": "W"}, {"14": "S"}, {"14": "S"}, {"14": "S"}, {"14": "S"}, {"14": "S"}, {"14": "S"}, {"14": "S"}, {"14": "S"}, {"14": "S"}, {"14": "S"}, {"14": "W"}, {"14": "W"}, {"14": "S"}, {"14": "S"}, {"14": "S"}, {"14": "W"}, {"14": "W"}, {"14": "W"}, {"166": "W"}, {"166": "S"}, {"166": "S"}, {"166": "S"}, {"166": "S"}, {"166": "S"}, {"166": "S"}, {"166": "S"}, {"166": "S"}, {"166": "S"}, {"166": "S"}, {"166": "E"}, {"166": "E"}, {"166": "S"}, {"166": "S"}, {"166": "S"}, {"166": "S"}, {"166": "S"}, {"166": "S"}, {"166": "S"}, {"166": "E"}, {"166": "E"}, {"166": "S"}, {"166": "S"}, {"164": "N"}, {"164": "E"}, {"164": "E"}, {"164": "E"}, {"164": "E"}, {"164": "E"}, {"164": "E"}, {"164": "E"}, {"164": "E"}, {"164": "E"}, {"164": "N"}, {"164": "E"}, {"164": "E"}, {"164": "E"}, {"164": "E"}, {"164": "E"}, {"164": "S"}, {"164": "S"}, {"164": "S"}, {"164": "S"}, {"164": "S"}, {"164": "S"}, {"164": "S"}, {"164": "E"}, {"164": "E"}, {"119": "S"}, {"119": "S"}, {"119": "E"}, {"119": "S"}, {"119": "S"}, {"119": "E"}, {"119": "S"}, {"119": "S"}, {"119": "S"}, {"119": "S"}, {"119": "S"}, {"119": "S"}, {"119": "W"}, {"105": "W"}, {"105": "W"}, {"105": "W"}, {"105": "S"}, {"38": "S"}, {"38": "E"}, {"38": "S"}, {"38": "S"}, {"38": "S"}, {"38": "S"}, {"38": "E"}, {"38": "E"}, {"38": "E"}, {"38": "S"}, {"38": "S"}, {"38": "E"}, {"38": "S"}, {"38": "S"}, {"38": "S"}, {"38": "S"}, {"38": "W"}, {"17": "W"}, {"17": "N"}, {"17": "N"}, {"17": "N"}, {"17": "N"}, {"17": "N"}, {"17": "N"}, {"17": "N"}, {"17": "N"}, {"17": "N"}, {"17": "N"}, {"17": "E"}, {"17": "N"}, {"17": "N"}, {"17": "W"}, {"17": "N"}, {"17": "N"}, {"17": "N"}, {"17": "N"}, {"17": "N"}, {"148": "W"}, {"148": "N"}, {"148": "N"}, {"148": "N"}, {"148": "N"}, {"148": "N"}, {"148": "N"}, {"148": "N"}, {"148": "N"}, {"148": "N"}, {"148": "N"}, {"148": "N"}, {"148": "E"}, {"148": "E"}, {"148": "N"}, {"138": "S"}, {"138": "S"}, {"138": "E"}, {"138": "E"}, {"138": "E"}, {"138": "S"}, {"138": "S"}, {"138": "S"}, {"138": "S"}, {"138": "S"}, {"138": "S"}, {"138": "E"}, {"138": "S"}, {"138": "E"}, {"138": "E"}, {"138": "E"}, {"138": "N"}, {"138": "E"}, {"138": "E"}, {"138": "N"}, {"138": "E"}, {"138": "E"}, {"138": "S"}, {"138": "E"}, {"138": "E"}, {"131": "S"}, {"131": "W"}, {"131": "W"}, {"131": "W"}, {"131": "W"}, {"131": "S"}, {"131": "S"}, {"131": "S"}, {"131": "S"}, {"131": "S"}, {"131": "S"}, {"131": "W"}, {"131": "W"}, {"99": "W"}, {"99": "W"}, {"99": "W"}, {"99": "S"}, {"99": "W"}, {"85": "S"}, {"85": "W"}, {"85": "W"}, {"85": "N"}, {"85": "N"}, {"85": "N"}, {"85": "N"}, {"85": "N"}, {"85": "N"}, {"85": "N"}, {"85": "N"}, {"85": "N"}, {"85": "W"}, {"85": "N"}, {"85": "N"}, {"85": "N"}, {"85": "W"}, {"85": "N"}, {"174": "S"}, {"174": "E"}, {"174": "E"}, {"174": "E"}, {"174": "N"}, {"174": "N"}, {"174": "N"}, {"174": "N"}, {"174": "N"}, {"174": "E"}, {"174": "E"}, {"174": "E"}, {"174": "E"}, {"174": "E"}, {"174": "E"}, {"174": "E"}, {"174": "E"}, {"174": "E"}, {"174": "E"}, {"174": "E"}, {"146": "S"}, {"146": "S"}, {"146": "E"}, {"146": "E"}, {"146": "S"}, {"146": "S"}, {"146": "E"}, {"146": "S"}, {"146": "S"}, {"146": "S"}, {"146": "S"}, {"146": "S"}, {"146": "S"}, {"146": "S"}, {"146": "W"}, {"146": "W"}, {"146": "N"}, {"146": "N"}, {"146": "N"}, {"110": "E"}, {"110": "E"}, {"110": "E"}, {"110": "E"}, {"110": "E"}, {"110": "E"}, {"110": "E"}, {"110": "S"}, {"110": "S"}, {"110": "E"}, {"110": "E"}, {"110": "E"}, {"110": "E"}, {"110": "E"}, {"110": "E"}, {"110": "E"}, {"76": "S"}, {"76": "W"}, {"76": "S"}, {"76": "S"}, {"76": "S"}, {"76": "S"}, {"76": "S"}, {"76": "S"}, {"76": "S"}, {"76": "S"}, {"76": "S"}, {"76": "S"}, {"76": "S"}, {"76": "S"}, {"76": "E"}, {"76": "E"}, {"76": "S"}, {"76": "S"}, {"76": "S"}, {"76": "W"}, {"76": "S"}, {"76": "S"}, {"76": "S"}, {"53": "E"}, {"53": "N"}, {"53": "N"}, {"53": "N"}, {"53": "N"}, {"53": "E"}, {"53": "E"}, {"53": "E"}, {"53": "E"}, {"53": "E"}, {"53": "N"}, {"53": "E"}, {"53": "E"}, {"53": "E"}, {"53": "E"}, {"53": "E"}, {"53": "E"}, {"53": "E"}, {"44": "E"}, {"44": "S"}, {"44": "S"}, {"44": "S"}, {"44": "S"}, {"44": "S"}, {"44": "S"}, {"44": "S"}, {"44": "S"}, {"44": "S"}, {"44": "E"}, {"44": "E"}, {"44": "S"}, {"44": "S"}, {"44": "S"}, {"44": "W"}, {"44": "W"}, {"44": "S"}, {"44": "S"}, {"44": "S"}, {"44": "W"}, {"44": "W"}, {"44": "S"}, {"44": "W"}, {"35": "N"}, {"35": "N"}, {"35": "N"}, {"35": "N"}, {"35": "E"}, {"35": "E"}, {"31": "W"}, {"31": "S"}, {"31": "S"}, {"31": "S"}, {"31": "W"}, {"31": "S"}, {"31": "S"}, {"31": "S"}, {"31": "S"}, {"31": "S"}, {"31": "S"}, {"31": "S"}, {"31": "S"}, {"31": "S"}, {"31": "S"}, {"31": "W"}, {"31": "W"}, {"31": "W"}, {"20": "S"}, {"20": "E"}, {"20": "E"}, {"20": "E"}, {"20": "E"}, {"20": "E"}, {"20": "E"}, {"20": "E"}, {"20": "N"}, {"20": "N"}, {"20": "N"}, {"20": "E"}, {"20": "N"}, {"20": "E"}, {"20": "E"}, {"20": "E"}, {"20": "N"}, {"20": "N"}, {"20": "E"}, {"20": "N"}, {"20": "E"}, {"20": "E"}, {"20": "S"}, {"20": "S"}, {"20": "S"}, {"9": "N"}, {"9": "N"}, {"9": "E"}, {"9": "E"}, {"9": "E"}, {"9": "N"}, {"9": "N"}, {"9": "N"}, {"9": "N"}, {"9": "N"}, {"9": "N"}, {"9": "N"}, {"9": "N"}, {"9": "N"}, {"9": "N"}, {"9": "E"}, {"9": "E"}, {"9": "E"}, {"9": "E"}, {"9": "E"}, {"9": "E"}, {"9": "E"}, {"9": "E"}, {"9": "E"}, {"9": "E"}, {"9": "E"}, {"9": "E"}, {"9": "E"}, {"9": "E"}, {"9": "E"}, {"143": "S"}, {"143": "E"}, {"143": "E"}, {"143": "E"}, {"143": "E"}, {"143": "E"}, {"143": "E"}, {"143": "E"}, {"143": "S"}, {"6": "N"}, {"6": "N"}, {"6": "E"}, {"6": "E"}, {"6": "E"}, {"6": "E"}, {"6": "E"}, {"6": "N"}, {"6": "N"}, {"6": "N"}, {"6": "N"}, {"6": "N"}, {"6": "N"}, {"6": "N"}, {"6": "N"}, {"6": "N"}, {"6": "E"}, {"6": "E"}, {"6": "E"}, {"6": "E"}, {"6": "E"}, {"6": "E"}, {"6": "E"}, {"6": "E"}, {"6": "E"}, {"6": "E"}, {"6": "E"}, {"147": "N"}, {"147": "N"}, {"147": "N"}, {"147": "E"}, {"147": "E"}, {"147": "E"}, {"147": "E"}, {"147": "E"}, {"147": "E"}, {"147": "E"}, {"147": "E"}, {"147": "E"}, {"147": "N"}, {"147": "E"}, {"147": "N"}, {"147": "N"}, {"147": "W"}, {"147": "N"}, {"147": "W"}, {"147": "N"}, {"147": "W"}, {"147": "W"}, {"147": "N"}, {"147": "N"}, {"147": "N"}, {"147": "N"}, {"147": "N"}, {"147": "N"}, {"147": "N"}, {"144": "E"}, {"144": "S"}, {"144": "S"}, {"144": "E"}, {"144": "E"}, {"144": "E"}, {"144": "E"}, {"144": "E"}, {"144": "E"}, {"144": "E"}, {"144": "S"}, {"144": "E"}, {"144": "E"}, {"144": "S"}, {"144": "S"}, {"144": "E"}, {"144": "S"}, {"144": "S"}, {"144": "S"}, {"133": "N"}, {"133": "N"}, {"133": "N"}, {"133": "W"}, {"133": "N"}, {"133": "W"}, {"133": "N"}, {"133": "N"}, {"133": "N"}, {"133": "N"}, {"133": "N"}, {"133": "E"}, {"133": "N"}, {"133": "N"}, {"133": "N"}, {"133": "E"}, {"133": "E"}, {"133": "N"}, {"133": "N"}, {"133": "N"}, {"133": "N"}, {"133": "E"}, {"133": "E"}, {"133": "E"}, {"133": "E"}, {"25": "W"}, {"25": "W"}, {"25": "S"}, {"25": "S"}, {"25": "S"}, {"25": "S"}, {"25": "S"}, {"25": "S"}, {"25": "S"}, {"25": "S"}, {"25": "W"}, {"25": "S"}, {"25": "W"}, {"25": "W"}, {"5": "W"}, {"5": "S"}, {"5": "S"}, {"5": "S"}, {"5": "S"}, {"5": "S"}, {"5": "S"}, {"5": "W"}, {"5": "W"}, {"5": "W"}, {"5": "W"}, {"5": "W"}, {"5": "W"}, {"5": "W"}, {"5": "W"}, {"5": "W"}, {"5": "S"}, {"5": "S"}, {"5": "S"}, {"5": "S"}, {"5": "S"}, {"5": "S"}, {"5": "S"}, {"5": "S"}, {"5": "S"}, {"5": "S"}, {"5": "S"}, {"5": "S"}, {"5": "S"}, {"5": "S"}, {"5": "S"}, {"170": "S"}, {"170": "W"}, {"170": "W"}, {"170": "W"}, {"170": "W"}, {"170": "S"}, {"170": "W"}, {"170": "W"}, {"170": "W"}, {"170": "W"}, {"170": "W"}, {"170": "W"}, {"170": "W"}, {"170": "W"}, {"170": "W"}, {"170": "W"}, {"170": "W"}, {"170": "N"}, {"170": "N"}, {"170": "N"}, {"170": "W"}, {"170": "W"}, {"170": "W"}, {"170": "W"}, {"170": "W"}, {"170": "W"}, {"170": "W"}, {"170": "W"}, {"170": "N"}, {"170": "N"}, {"152": "E"}, {"152": "S"}, {"152": "S"}, {"152": "S"}, {"152": "E"}, {"152": "E"}, {"152": "E"}, {"152": "E"}, {"152": "E"}, {"152": "E"}, {"152": "E"}, {"152": "S"}, {"152": "E"}, {"152": "E"}, {"152": "S"}, {"152": "S"}, {"152": "E"}, {"152": "S"}, {"152": "S"}, {"152": "E"}, {"152": "S"}, {"152": "S"}, {"152": "W"}, {"67": "W"}, {"67": "S"}, {"67": "S"}, {"67": "S"}, {"67": "S"}, {"67": "S"}, {"67": "S"}, {"67": "S"}, {"67": "S"}, {"67": "S"}, {"67": "S"}, {"67": "S"}, {"67": "E"}, {"67": "E"}, {"2": "N"}, {"2": "N"}, {"2": "E"}, {"2": "E"}, {"2": "E"}, {"2": "E"}, {"2": "E"}, {"2": "E"}, {"2": "E"}, {"2": "N"}, {"2": "E"}, {"2": "N"}, {"159": "N"}, {"159": "N"}, {"159": "E"}, {"159": "E"}, {"159": "E"}, {"159": "E"}, {"159": "E"}, {"159": "N"}, {"159": "E"}, {"159": "E"}, {"51": "E"}, {"51": "S"}, {"51": "S"}, {"51": "S"}, {"51": "S"}, {"51": "S"}, {"51": "S"}, {"51": "S"}, {"51": "S"}, {"51": "E"}, {"27": "S"}, {"27": "W"}, {"27": "W"}, {"27": "W"}, {"27": "W"}, {"27": "W"}, {"27": "W"}, {"27": "W"}, {"27": "N"}, {"27": "W"}, {"27": "W"}, {"27": "W"}, {"27": "W"}, {"27": "W"}, {"27": "W"}, {"27": "W"}, {"27": "W"}, {"27": "W"}, {"27": "W"}, {"27": "W"}, {"27": "N"}, {"27": "N"}, {"27": "N"}, {"27": "N"}, {"27": "W"}, {"27": "W"}, {"27": "W"}, {"27": "W"}, {"27": "W"}, {"27": "W"}, {"27": "S"}, {"27": "S"}, {"27": "W"}, {"27": "W"}, {"27": "S"}, {"27": "S"}, {"27": "S"}, {"27": "S"}, {"27": "E"}, {"27": "E"}, {"120": "E"}, {"120": "N"}, {"120": "N"}, {"120": "N"}, {"120": "N"}, {"120": "N"}, {"120": "W"}, {"120": "W"}, {"120": "N"}, {"120": "W"}, {"120": "N"}, {"120": "N"}, {"120": "N"}, {"120": "N"}, {"120": "N"}, {"120": "E"}, {"120": "N"}, {"120": "N"}, {"120": "N"}, {"120": "E"}, {"120": "E"}, {"120": "N"}, {"120": "N"}, {"120": "N"}, {"120": "E"}, {"120": "E"}, {"120": "E"}, {"120": "E"}, {"120": "E"}, {"158": "S"}, {"158": "E"}, {"158": "E"}, {"158": "E"}, {"158": "E"}, {"158": "E"}, {"158": "E"}, {"158": "E"}, {"158": "E"}, {"158": "E"}, {"158": "S"}, {"158": "E"}, {"158": "E"}, {"158": "E"}, {"130": "N"}, {"130": "N"}, {"130": "N"}, {"130": "E"}, {"127": "E"}, {"127": "N"}, {"127": "E"}, {"127": "N"}, {"127": "N"}, {"127": "N"}, {"127": "N"}, {"127": "N"}, {"127": "E"}, {"127": "E"}, {"127": "E"}, {"127": "E"}, {"127": "E"}, {"127": "E"}, {"127": "E"}, {"127": "E"}, {"127": "E"}, {"127": "N"}, {"127": "N"}, {"127": "N"}, {"127": "N"}, {"127": "N"}, {"127": "N"}, {"127": "N"}, {"127": "N"}, {"127": "N"}, {"127": "N"}, {"127": "N"}, {"127": "N"}, {"127": "N"}, {"127": "N"}, {"127": "N"}, {"127": "W"}, {"127": "N"}, {"127": "N"}, {"127": "W"}, {"127": "N"}, {"127": "N"}, {"127": "W"}, {"125": "W"}, {"125": "W"}, {"125": "W"}, {"125": "W"}, {"125": "W"}, {"125": "W"}, {"125": "W"}, {"125": "W"}, {"125": "W"}, {"125": "W"}, {"125": "W"}, {"125": "W"}, {"125": "W"}, {"125": "S"}, {"125": "S"}, {"125": "S"}, {"125": "W"}, {"125": "W"}, {"125": "W"}, {"125": "S"}, {"125": "W"}, {"125": "S"}, {"125": "S"}, {"125": "S"}, {"125": "W"}, {"125": "W"}, {"125": "W"}, {"125": "N"}, {"125": "N"}, {"125": "W"}, {"125": "N"}, {"125": "N"}, {"125": "E"}, {"125": "N"}, {"125": "N"}, {"112": "S"}, {"112": "E"}, {"112": "E"}, {"112": "E"}, {"112": "E"}, {"112": "E"}, {"112": "E"}, {"112": "E"}, {"112": "E"}, {"112": "S"}, {"112": "S"}, {"112": "S"}, {"112": "S"}, {"112": "E"}, {"112": "E"}, {"12": "N"}, {"12": "W"}, {"12": "W"}, {"12": "W"}, {"12": "W"}, {"12": "W"}, {"12": "W"}, {"12": "N"}, {"12": "W"}, {"12": "W"}, {"12": "W"}, {"12": "W"}, {"12": "W"}, {"12": "W"}, {"12": "W"}, {"12": "W"}, {"12": "W"}, {"12": "W"}, {"12": "W"}, {"12": "N"}, {"12": "N"}, {"12": "N"}, {"12": "N"}, {"12": "W"}, {"12": "W"}, {"12": "W"}, {"12": "W"}, {"12": "W"}, {"12": "W"}, {"12": "W"}, {"12": "N"}, {"12": "N"}, {"12": "N"}, {"12": "W"}, {"172": "E"}, {"172": "S"}, {"172": "E"}, {"172": "E"}, {"172": "E"}, {"172": "E"}, {"172": "E"}, {"172": "E"}, {"172": "E"}, {"172": "E"}, {"172": "E"}, {"172": "S"}, {"172": "S"}, {"172": "S"}, {"172": "S"}, {"172": "E"}, {"172": "S"}, {"100": "S"}, {"100": "E"}, {"100": "E"}, {"100": "E"}, {"100": "E"}, {"100": "E"}, {"100": "E"}, {"100": "E"}, {"100": "E"}, {"100": "E"}, {"100": "S"}, {"100": "S"}, {"100": "S"}, {"100": "S"}, {"100": "E"}, {"100": "S"}, {"100": "E"}, {"100": "E"}, {"100": "S"}, {"100": "E"}, {"100": "E"}, {"100": "N"}, {"100": "N"}, {"100": "W"}, {"73": "S"}, {"73": "S"}, {"73": "S"}, {"73": "S"}, {"73": "S"}, {"73": "E"}, {"73": "E"}, {"73": "E"}, {"73": "E"}, {"73": "E"}, {"73": "E"}, {"73": "E"}, {"73": "E"}, {"73": "E"}, {"73": "E"}, {"73": "E"}, {"73": "E"}, {"73": "E"}, {"19": "E"}, {"19": "S"}, {"19": "S"}, {"19": "S"}, {"19": "S"}, {"19": "S"}, {"19": "S"}, {"19": "W"}, {"19": "W"}, {"19": "W"}, {"19": "W"}, {"19": "W"}, {"19": "W"}, {"19": "W"}, {"19": "S"}, {"19": "S"}, {"19": "S"}, {"19": "S"}, {"153": "E"}, {"153": "N"}, {"153": "N"}, {"153": "N"}, {"153": "N"}, {"153": "N"}, {"153": "W"}, {"153": "W"}, {"153": "W"}, {"153": "N"}, {"153": "N"}, {"153": "N"}, {"153": "N"}, {"153": "N"}, {"153": "N"}, {"153": "N"}, {"153": "N"}, {"153": "E"}, {"153": "N"}, {"153": "N"}, {"153": "N"}, {"153": "E"}, {"153": "E"}, {"153": "N"}, {"153": "N"}, {"153": "N"}, {"153": "W"}, {"153": "W"}, {"153": "W"}, {"153": "N"}, {"153": "N"}, {"153": "N"}, {"153": "N"}, {"153": "W"}, {"153": "W"}, {"153": "N"}, {"153": "N"}, {"154": "W"}, {"154": "W"}, {"154": "W"}, {"154": "W"}, {"154": "W"}, {"154": "S"}, {"154": "S"}, {"154": "S"}, {"154": "S"}, {"154": "S"}, {"154": "S"}, {"154": "S"}, {"154": "W"}, {"154": "W"}, {"154": "S"}, {"154": "S"}, {"154": "S"}, {"154": "S"}, {"154": "S"}, {"154": "S"}, {"154": "W"}, {"154": "S"}, {"132": "E"}, {"132": "N"}, {"132": "N"}, {"132": "N"}, {"132": "N"}, {"132": "N"}, {"132": "E"}, {"132": "E"}, {"132": "E"}, {"132": "E"}, {"132": "E"}, {"132": "N"}, {"132": "E"}, {"132": "E"}, {"132": "E"}, {"132": "E"}, {"132": "E"}, {"132": "E"}, {"132": "E"}, {"118": "W"}, {"118": "N"}, {"118": "N"}, {"118": "N"}, {"118": "N"}, {"118": "N"}, {"118": "N"}, {"118": "N"}, {"118": "N"}, {"118": "N"}, {"118": "N"}, {"118": "N"}, {"118": "E"}, {"118": "N"}, {"118": "N"}, {"118": "N"}, {"118": "E"}, {"118": "E"}, {"118": "N"}, {"118": "N"}, {"118": "N"}, {"118": "W"}, {"118": "W"}, {"118": "W"}, {"118": "W"}, {"118": "N"}, {"33": "N"}, {"33": "E"}, {"33": "E"}, {"33": "S"}, {"33": "S"}, {"33": "E"}, {"33": "S"}, {"33": "S"}, {"33": "S"}, {"33": "E"}, {"33": "E"}, {"33": "S"}, {"33": "E"}, {"33": "E"}, {"33": "E"}, {"33": "E"}, {"33": "E"}, {"33": "E"}, {"33": "E"}, {"33": "E"}, {"33": "E"}, {"33": "E"}, {"33": "E"}, {"33": "E"}, {"33": "E"}, {"33": "E"}, {"33": "E"}, {"33": "E"}, {"33": "E"}, {"33": "E"}, {"33": "N"}, {"33": "N"}, {"33": "W"}, {"33": "N"}, {"33": "N"}, {"33": "N"}, {"30": "N"}, {"30": "N"}, {"30": "N"}, {"30": "N"}, {"30": "N"}, {"30": "E"}, {"30": "E"}, {"30": "E"}, {"30": "E"}, {"30": "E"}, {"30": "E"}, {"30": "E"}, {"30": "E"}, {"30": "E"}, {"30": "E"}, {"30": "E"}, {"30": "E"}, {"30": "N"}, {"30": "E"}, {"30": "E"}, {"30": "E"}, {"30": "E"}, {"30": "N"}, {"30": "N"}, {"30": "E"}, {"30": "E"}, {"97": "E"}, {"97": "N"}, {"97": "N"}, {"97": "N"}, {"97": "N"}, {"97": "N"}, {"97": "N"}, {"97": "N"}, {"97": "E"}, {"97": "E"}, {"97": "E"}, {"97": "E"}, {"97": "E"}, {"97": "E"}, {"97": "E"}, {"97": "E"}, {"97": "E"}, {"97": "E"}, {"97": "E"}, {"97": "E"}, {"97": "N"}, {"97": "N"}, {"97": "N"}, {"97": "N"}, {"97": "N"}, {"97": "N"}, {"97": "N"}, {"97": "N"}, {"97": "N"}, {"97": "N"}, {"97": "N"}, {"97": "N"}, {"97": "N"}, {"97": "N"}, {"97": "N"}, {"97": "W"}, {"97": "N"}, {"97": "N"}, {"97": "N"}, {"163": "S"}, {"163": "E"}, {"163": "E"}, {"163": "E"}, {"163": "E"}, {"163": "E"}, {"163": "E"}, {"163": "E"}, {"163": "E"}, {"163": "E"}, {"163": "N"}, {"163": "E"}, {"163": "E"}, {"163": "E"}, {"163": "E"}, {"163": "E"}, {"163": "S"}, {"163": "E"}, {"163": "E"}, {"160": "W"}, {"160": "W"}, {"160": "N"}, {"160": "N"}, {"157": "E"}, {"157": "N"}, {"157": "E"}, {"157": "E"}, {"157": "E"}, {"157": "E"}, {"157": "E"}, {"157": "E"}, {"157": "E"}, {"157": "E"}, {"157": "E"}, {"149": "N"}, {"149": "W"}, {"149": "W"}, {"149": "S"}, {"149": "S"}, {"149": "W"}, {"149": "S"}, {"137": "W"}, {"137": "W"}, {"137": "W"}, {"137": "W"}, {"137": "W"}, {"137": "S"}, {"137": "S"}, {"137": "S"}, {"137": "S"}, {"137": "S"}, {"137": "S"}, {"137": "S"}, {"137": "S"}, {"137": "W"}, {"137": "W"}, {"137": "S"}, {"137": "S"}, {"137": "S"}, {"137": "S"}, {"137": "S"}, {"137": "S"}, {"137": "S"}, {"137": "S"}, {"109": "S"}, {"109": "S"}, {"109": "S"}, {"109": "S"}, {"109": "S"}, {"109": "S"}, {"109": "S"}, {"109": "S"}, {"109": "E"}, {"109": "E"}, {"109": "E"}, {"109": "S"}, {"109": "S"}, {"109": "S"}, {"109": "E"}, {"108": "N"}, {"108": "W"}, {"108": "W"}, {"108": "W"}, {"108": "W"}, {"108": "W"}, {"108": "N"}, {"108": "W"}, {"108": "W"}, {"108": "W"}, {"108": "W"}, {"108": "W"}, {"108": "W"}, {"108": "W"}, {"108": "W"}, {"108": "W"}, {"108": "W"}, {"108": "W"}, {"104": "E"}, {"104": "S"}, {"104": "S"}, {"104": "S"}, {"104": "S"}, {"104": "S"}, {"104": "S"}, {"104": "S"}, {"104": "S"}, {"104": "S"}, {"104": "S"}, {"104": "E"}, {"104": "E"}, {"104": "E"}, {"98": "S"}, {"98": "E"}, {"98": "E"}, {"98": "E"}, {"98": "E"}, {"98": "E"}, {"98": "E"}, {"98": "S"}, {"98": "S"}, {"98": "E"}, {"98": "S"}, {"98": "E"}, {"98": "E"}, {"98": "E"}, {"98": "N"}, {"98": "N"}, {"98": "N"}, {"98": "E"}, {"98": "N"}, {"98": "E"}, {"98": "E"}, {"98": "E"}, {"98": "N"}, {"98": "N"}, {"98": "N"}, {"98": "E"}, {"98": "E"}, {"98": "N"}, {"98": "E"}, {"98": "E"}, {"98": "E"}, {"98": "E"}, {"98": "E"}, {"98": "E"}, {"98": "E"}, {"71": "W"}, {"71": "N"}, {"71": "N"}, {"71": "N"}, {"71": "N"}, {"71": "N"}, {"71": "N"}, {"71": "N"}, {"71": "N"}, {"71": "N"}, {"71": "N"}, {"71": "N"}, {"71": "E"}, {"66": "W"}, {"66": "W"}, {"65": "E"}, {"65": "N"}, {"65": "N"}, {"65": "N"}, {"65": "N"}, {"65": "N"}, {"65": "N"}, {"65": "N"}, {"65": "N"}, {"65": "N"}, {"65": "N"}, {"65": "N"}, {"65": "N"}, {"65": "N"}, {"65": "N"}, {"65": "E"}, {"65": "E"}, {"65": "E"}, {"65": "E"}, {"64": "W"}, {"64": "W"}, {"64": "W"}, {"64": "W"}, {"64": "S"}, {"54": "W"}, {"54": "N"}, {"54": "N"}, {"54": "N"}, {"54": "N"}, {"54": "N"}, {"54": "E"}, {"54": "E"}, {"54": "E"}, {"54": "E"}, {"37": "N"}, {"37": "W"}, {"37": "W"}, {"37": "W"}, {"37": "W"}, {"37": "S"}, {"37": "S"}, {"37": "S"}, {"37": "S"}, {"37": "S"}, {"37": "S"}, {"37": "S"}, {"37": "W"}, {"37": "S"}, {"37": "S"}, {"16": "N"}, {"16": "E"}, {"16": "E"}, {"16": "N"}, {"16": "N"}, {"16": "E"}, {"16": "E"}, {"16": "E"}, {"16": "E"}, {"16": "E"}, {"16": "E"}, {"16": "S"}, {"16": "E"}, {"13": "W"}, {"13": "S"}, {"13": "S"}, {"13": "S"}, {"13": "S"}, {"13": "S"}, {"13": "E"}, {"13": "S"}, {"13": "E"}, {"13": "S"}, {"13": "S"}, {"13": "S"}, {"13": "S"}, {"13": "S"}, {"13": "E"}, {"13": "E"}, {"13": "S"}, {"13": "S"}, {"13": "S"}, {"10": "S"}, {"10": "E"}, {"10": "E"}, {"10": "N"}, {"10": "N"}, {"10": "N"}, {"10": "N"}, {"10": "N"}, {"10": "E"}, {"10": "E"}, {"10": "E"}, {"10": "E"}, {"10": "E"}, {"10": "E"}, {"10": "E"}, {"10": "E"}, {"3": "N"}, {"3": "N"}, {"3": "N"}, {"3": "N"}, {"3": "N"}, {"3": "N"}, {"3": "N"}, {"3": "N"}, {"3": "E"}, {"3": "E"}, {"3": "E"}, {"3": "E"}, {"3": "E"}, {"3": "E"}, {"3": "E"}, {"3": "E"}, {"3": "E"}, {"3": "E"}, {"3": "E"}, {"3": "N"}, {"3": "N"}, {"3": "E"}, {"3": "E"}, {"3": "E"}, {"3": "E"}, {"3": "E"}, {"3": "N"}, {"3": "N"}, {"3": "E"}, {"55": "N"}, {"55": "N"}, {"55": "E"}, {"55": "N"}, {"55": "N"}, {"55": "N"}, {"55": "E"}, {"55": "N"}, {"55": "E"}, {"55": "E"}, {"55": "E"}, {"55": "N"}, {"55": "N"}, {"55": "N"}, {"55": "E"}, {"55": "E"}, {"55": "E"}, {"55": "E"}, {"55": "E"}, {"55": "E"}, {"42": "E"}, {"42": "N"}, {"42": "N"}, {"42": "E"}, {"42": "E"}, {"42": "E"}, {"42": "E"}, {"42": "E"}, {"42": "E"}, {"42": "E"}, {"42": "E"}, {"42": "N"}, {"42": "E"}, {"42": "E"}, {"42": "E"}, {"42": "E"}, {"42": "E"}, {"42": "E"}, {"42": "E"}, {"42": "E"}, {"42": "E"}, {"42": "E"}, {"42": "N"}, {"42": "N"}, {"42": "N"}, {"42": "W"}, {"150": "E"}, {"150": "N"}, {"150": "N"}, {"150": "N"}, {"150": "N"}, {"150": "N"}, {"150": "N"}, {"150": "N"}, {"150": "W"}, {"150": "W"}, {"150": "W"}, {"150": "W"}, {"150": "W"}, {"150": "W"}, {"150": "W"}, {"150": "N"}, {"150": "N"}, {"150": "W"}, {"150": "N"}, {"150": "N"}, {"145": "N"}, {"145": "W"}, {"145": "W"}, {"145": "W"}, {"145": "W"}, {"145": "W"}, {"145": "S"}, {"145": "S"}, {"145": "S"}, {"145": "S"}, {"145": "S"}, {"145": "S"}, {"145": "S"}, {"145": "S"}, {"145": "S"}, {"145": "S"}, {"145": "S"}, {"145": "W"}, {"140": "E"}, {"140": "N"}, {"140": "N"}, {"140": "N"}, {"140": "W"}, {"140": "W"}, {"140": "W"}, {"140": "W"}, {"140": "W"}, {"140": "W"}, {"140": "W"}, {"140": "W"}, {"140": "N"}, {"140": "W"}, {"140": "W"}, {"140": "N"}, {"140": "W"}, {"140": "N"}, {"140": "W"}, {"140": "N"}, {"140": "N"}, {"140": "N"}, {"140": "N"}, {"140": "N"}, {"140": "N"}, {"140": "N"}, {"140": "N"}, {"140": "N"}, {"140": "E"}, {"140": "E"}, {"140": "E"}, {"140": "E"}, {"136": "N"}, {"136": "N"}, {"136": "N"}, {"136": "N"}, {"136": "N"}, {"136": "E"}, {"136": "E"}, {"136": "E"}, {"136": "E"}, {"136": "E"}, {"136": "E"}, {"136": "E"}, {"136": "E"}, {"136": "E"}, {"136": "E"}, {"136": "E"}, {"136": "E"}, {"136": "N"}, {"136": "N"}, {"136": "E"}, {"136": "E"}, {"136": "N"}, {"136": "N"}, {"136": "N"}, {"136": "E"}, {"136": "E"}, {"136": "S"}, {"115": "N"}, {"115": "E"}, {"115": "E"}, {"115": "E"}, {"115": "E"}, {"115": "N"}, {"115": "N"}, {"115": "N"}, {"115": "N"}, {"115": "N"}, {"115": "E"}, {"115": "E"}, {"115": "E"}, {"115": "N"}, {"115": "N"}, {"115": "E"}, {"115": "E"}, {"115": "E"}, {"115": "N"}, {"115": "E"}, {"115": "E"}, {"115": "E"}, {"115": "N"}, {"115": "N"}, {"115": "E"}, {"115": "N"}, {"113": "N"}, {"113": "E"}, {"113": "E"}, {"113": "S"}, {"113": "E"}, {"113": "E"}, {"113": "E"}, {"113": "N"}, {"113": "E"}, {"113": "N"}, {"113": "E"}, {"113": "E"}, {"113": "E"}, {"113": "E"}, {"113": "E"}, {"113": "S"}, {"113": "S"}, {"113": "E"}, {"113": "E"}, {"113": "S"}, {"113": "S"}, {"113": "E"}, {"113": "S"}, {"113": "S"}, {"113": "S"}, {"111": "N"}, {"111": "W"}, {"111": "W"}, {"111": "W"}, {"111": "S"}, {"111": "S"}, {"111": "S"}, {"111": "S"}, {"111": "W"}, {"111": "W"}, {"111": "W"}, {"111": "W"}, {"111": "W"}, {"111": "N"}, {"90": "W"}, {"90": "W"}, {"90": "N"}, {"90": "N"}, {"88": "E"}, {"88": "N"}, {"88": "N"}, {"88": "N"}, {"88": "N"}, {"88": "N"}, {"88": "N"}, {"88": "N"}, {"88": "W"}, {"88": "N"}, {"88": "N"}, {"86": "E"}, {"86": "N"}, {"86": "N"}, {"86": "N"}, {"86": "N"}, {"86": "N"}, {"86": "N"}, {"86": "N"}, {"86": "N"}, {"86": "E"}, {"86": "E"}, {"86": "E"}, {"86": "N"}, {"86": "N"}, {"86": "N"}, {"86": "E"}, {"86": "E"}, {"86": "E"}, {"86": "E"}, {"86": "E"}, {"86": "S"}, {"86": "E"}, {"86": "E"}, {"86": "N"}, {"86": "E"}, {"86": "E"}, {"82": "W"}, {"82": "S"}, {"82": "S"}, {"82": "W"}, {"82": "W"}, {"82": "W"}, {"82": "S"}, {"82": "S"}, {"82": "W"}, {"82": "S"}, {"82": "S"}, {"82": "S"}, {"82": "W"}, {"81": "W"}, {"81": "N"}, {"81": "N"}, {"81": "N"}, {"81": "N"}, {"81": "N"}, {"81": "N"}, {"81": "N"}, {"81": "N"}, {"81": "N"}, {"81": "N"}, {"81": "N"}, {"81": "N"}, {"81": "N"}, {"81": "E"}, {"81": "N"}, {"81": "N"}, {"81": "N"}, {"81": "E"}, {"81": "E"}, {"81": "N"}, {"81": "N"}, {"81": "N"}, {"81": "W"}, {"81": "W"}, {"81": "W"}, {"81": "N"}, {"81": "N"}, {"81": "N"}, {"75": "N"}, {"75": "W"}, {"75": "W"}, {"75": "W"}, {"75": "W"}, {"75": "N"}, {"75": "W"}, {"75": "W"}, {"75": "W"}, {"75": "W"}, {"75": "W"}, {"75": "W"}, {"75": "W"}, {"75": "W"}, {"75": "W"}, {"75": "N"}, {"75": "N"}, {"75": "W"}, {"75": "W"}, {"75": "N"}, {"75": "N"}, {"75": "W"}, {"75": "W"}, {"75": "W"}, {"75": "W"}, {"75": "W"}, {"75": "W"}, {"75": "S"}, {"75": "S"}, {"75": "W"}, {"74": "N"}, {"74": "E"}, {"74": "E"}, {"74": "E"}, {"74": "E"}, {"74": "E"}, {"74": "E"}, {"74": "E"}, {"74": "E"}, {"74": "E"}, {"74": "N"}, {"74": "N"}, {"74": "N"}, {"74": "N"}, {"74": "N"}, {"74": "N"}, {"74": "N"}, {"74": "N"}, {"74": "E"}, {"74": "E"}, {"74": "S"}, {"74": "E"}, {"74": "E"}, {"74": "E"}, {"74": "E"}, {"74": "E"}, {"74": "E"}, {"74": "E"}, {"74": "S"}, {"74": "S"}, {"74": "E"}, {"74": "E"}, {"74": "S"}, {"74": "E"}, {"74": "E"}, {"74": "E"}, {"74": "E"}, {"74": "E"}, {"74": "E"}, {"74": "E"}, {"59": "E"}, {"59": "S"}, {"59": "S"}, {"59": "W"}, {"59": "S"}, {"59": "S"}, {"59": "S"}, {"59": "W"}, {"59": "S"}, {"59": "S"}, {"59": "S"}, {"59": "S"}, {"59": "E"}, {"59": "E"}, {"59": "E"}, {"59": "E"}, {"59": "E"}, {"59": "E"}, {"59": "E"}, {"59": "S"}, {"59": "S"}, {"59": "E"}, {"28": "N"}, {"28": "N"}, {"28": "E"}, {"28": "E"}, {"28": "E"}, {"28": "E"}, {"28": "E"}, {"28": "E"}, {"28": "S"}, {"28": "E"}, {"28": "E"}, {"28": "N"}, {"28": "E"}, {"28": "E"}, {"8": "S"}, {"8": "E"}, {"8": "E"}, {"8": "S"}, {"8": "S"}, {"8": "E"}, {"8": "E"}, {"8": "S"}, {"8": "E"}, {"8": "E"}, {"8": "E"}, {"8": "E"}, {"8": "E"}, {"8": "E"}, {"8": "E"}, {"8": "S"}, {"8": "E"}, {"8": "E"}, {"8": "N"}, {"173": "W"}, {"173": "W"}, {"173": "W"}, {"173": "W"}, {"173": "N"}, {"173": "N"}, {"173": "N"}, {"173": "N"}, {"173": "N"}, {"173": "N"}, {"173": "N"}, {"173": "N"}, {"173": "N"}, {"173": "N"}, {"171": "S"}, {"171": "S"}, {"171": "S"}, {"171": "S"}, {"171": "W"}, {"171": "W"}, {"171": "W"}, {"171": "S"}, {"171": "S"}, {"171": "S"}, {"171": "S"}, {"171": "E"}, {"171": "E"}, {"171": "E"}, {"171": "E"}, {"171": "E"}, {"171": "E"}, {"171": "E"}, {"171": "E"}, {"171": "E"}, {"171": "E"}, {"171": "S"}, {"171": "S"}, {"171": "S"}, {"171": "S"}, {"171": "S"}, {"171": "S"}, {"171": "E"}, {"171": "S"}, {"171": "E"}, {"171": "E"}, {"171": "E"}, {"171": "E"}, {"169": "S"}, {"169": "W"}, {"169": "S"}, {"169": "S"}, {"169": "S"}, {"169": "S"}, {"169": "S"}, {"169": "S"}, {"169": "W"}, {"169": "W"}, {"169": "S"}, {"169": "S"}, {"169": "S"}, {"169": "S"}, {"169": "S"}, {"169": "S"}, {"169": "S"}, {"169": "S"}, {"169": "S"}, {"169": "S"}, {"169": "E"}, {"169": "E"}, {"139": "E"}, {"139": "E"}, {"139": "E"}, {"139": "S"}, {"139": "E"}, {"139": "E"}, {"139": "E"}, {"139": "S"}, {"139": "E"}, {"139": "E"}, {"139": "E"}, {"139": "E"}, {"139": "E"}, {"139": "E"}, {"139": "E"}, {"139": "E"}, {"139": "E"}, {"139": "E"}, {"139": "E"}, {"139": "E"}, {"139": "E"}, {"139": "E"}, {"139": "E"}, {"139": "E"}, {"139": "N"}, {"139": "N"}, {"139": "N"}, {"139": "N"}, {"139": "N"}, {"139": "N"}, {"139": "N"}, {"139": "W"}, {"139": "N"}, {"139": "N"}, {"129": "E"}, {"129": "N"}, {"129": "N"}, {"129": "N"}, {"129": "N"}, {"129": "E"}, {"129": "N"}, {"129": "N"}, {"129": "W"}, {"129": "N"}, {"129": "N"}, {"129": "N"}, {"129": "E"}, {"129": "E"}, {"129": "E"}, {"129": "N"}, {"129": "N"}, {"129": "N"}, {"129": "E"}, {"129": "E"}, {"129": "E"}, {"129": "N"}, {"129": "E"}, {"129": "E"}, {"129": "E"}, {"123": "S"}, {"123": "W"}, {"123": "W"}, {"123": "N"}, {"123": "N"}, {"123": "N"}, {"123": "N"}, {"123": "N"}, {"123": "N"}, {"123": "W"}, {"123": "W"}, {"123": "S"}, {"116": "N"}, {"116": "E"}, {"116": "E"}, {"116": "E"}, {"116": "E"}, {"116": "E"}, {"116": "E"}, {"116": "E"}, {"116": "E"}, {"116": "E"}, {"116": "E"}, {"116": "E"}, {"116": "E"}, {"116": "E"}, {"116": "E"}, {"116": "E"}, {"116": "E"}, {"116": "E"}, {"116": "E"}, {"116": "E"}, {"116": "N"}, {"116": "N"}, {"116": "N"}, {"116": "N"}, {"116": "N"}, {"116": "N"}, {"116": "N"}, {"116": "W"}, {"116": "N"}, {"107": "N"}, {"107": "N"}, {"107": "E"}, {"107": "E"}, {"107": "E"}, {"107": "E"}, {"107": "E"}, {"107": "E"}, {"107": "E"}, {"107": "E"}, {"107": "E"}, {"107": "E"}, {"107": "E"}, {"107": "E"}, {"107": "E"}, {"107": "N"}, {"107": "N"}, {"107": "N"}, {"107": "N"}, {"107": "N"}, {"107": "E"}, {"107": "E"}, {"107": "S"}, {"107": "E"}, {"107": "E"}, {"107": "E"}, {"107": "E"}, {"107": "E"}, {"107": "E"}, {"107": "E"}, {"107": "E"}, {"107": "E"}, {"107": "E"}, {"107": "S"}, {"107": "S"}, {"107": "S"}, {"107": "S"}, {"107": "E"}, {"107": "E"}, {"107": "E"}, {"107": "E"}, {"95": "N"}, {"95": "E"}, {"95": "E"}, {"95": "S"}, {"95": "S"}, {"95": "S"}, {"95": "S"}, {"95": "E"}, {"95": "E"}, {"95": "E"}, {"95": "E"}, {"95": "S"}, {"95": "E"}, {"95": "E"}, {"95": "N"}, {"95": "E"}, {"95": "E"}, {"95": "E"}, {"95": "E"}, {"95": "E"}, {"77": "S"}, {"77": "E"}, {"77": "E"}, {"77": "S"}, {"77": "E"}, {"77": "E"}, {"77": "E"}, {"77": "E"}, {"77": "S"}, {"77": "E"}, {"77": "E"}, {"77": "N"}, {"77": "E"}, {"77": "E"}, {"77": "E"}, {"77": "N"}, {"77": "N"}, {"77": "W"}, {"62": "S"}, {"62": "E"}, {"62": "E"}, {"62": "E"}, {"62": "S"}, {"62": "S"}, {"62": "E"}, {"62": "E"}, {"62": "S"}, {"62": "E"}, {"62": "E"}, {"62": "E"}, {"62": "S"}, {"62": "E"}, {"62": "E"}, {"62": "N"}, {"62": "E"}, {"62": "E"}, {"62": "N"}, {"62": "E"}, {"62": "E"}, {"62": "E"}, {"61": "S"}, {"61": "S"}, {"61": "E"}, {"61": "E"}, {"61": "E"}, {"61": "E"}, {"61": "E"}, {"61": "E"}, {"61": "E"}, {"61": "E"}, {"61": "S"}, {"61": "E"}, {"61": "S"}, {"61": "E"}, {"61": "S"}, {"61": "E"}, {"61": "E"}, {"61": "E"}, {"61": "S"}, {"61": "E"}, {"61": "E"}, {"61": "N"}, {"61": "N"}, {"61": "W"}, {"61": "N"}, {"61": "W"}, {"61": "N"}, {"52": "S"}, {"52": "W"}, {"52": "W"}, {"52": "W"}, {"52": "W"}, {"52": "S"}, {"52": "S"}, {"52": "W"}, {"52": "W"}, {"52": "S"}, {"52": "S"}, {"40": "S"}, {"40": "E"}, {"40": "S"}, {"40": "E"}, {"40": "E"}, {"40": "E"}, {"40": "S"}, {"40": "E"}, {"40": "E"}, {"40": "E"}, {"40": "E"}, {"40": "E"}, {"40": "E"}, {"40": "E"}, {"40": "E"}, {"40": "E"}, {"40": "E"}, {"40": "E"}, {"40": "E"}, {"40": "E"}, {"40": "E"}, {"40": "E"}, {"40": "E"}, {"40": "E"}, {"40": "E"}, {"40": "E"}, {"40": "E"}, {"40": "E"}, {"40": "N"}, {"40": "N"}, {"40": "N"}, {"40": "N"}, {"40": "N"}, {"40": "N"}, {"40": "N"}, {"40": "N"}, {"40": "N"}, {"40": "N"}, {"40": "N"}, {"40": "N"}, {"40": "N"}, {"40": "W"}, {"32": "N"}, {"32": "E"}, {"32": "N"}, {"32": "N"}, {"32": "N"}, {"32": "N"}, {"32": "N"}, {"32": "N"}, {"32": "N"}, {"32": "N"}, {"32": "N"}, {"32": "N"}, {"32": "N"}, {"32": "E"}, {"32": "E"}, {"32": "S"}, {"32": "E"}, {"32": "E"}, {"32": "E"}, {"32": "E"}, {"32": "E"}, {"32": "E"}, {"32": "E"}, {"32": "E"}, {"32": "E"}, {"32": "E"}, {"32": "E"}, {"32": "S"}, {"32": "E"}, {"32": "E"}, {"32": "N"}, {"29": "E"}, {"29": "N"}, {"29": "N"}, {"29": "N"}, {"29": "N"}, {"29": "N"}, {"29": "N"}, {"29": "E"}, {"29": "N"}, {"29": "N"}, {"29": "W"}, {"29": "N"}, {"29": "N"}, {"4": "E"}, {"4": "S"}, {"4": "S"}, {"4": "E"}, {"4": "E"}, {"4": "S"}, {"4": "S"}, {"4": "S"}, {"4": "S"}, {"4": "S"}, {"4": "S"}, {"4": "S"}, {"4": "S"}, {"4": "S"}, {"4": "S"}, {"4": "W"}, {"168": "E"}, {"168": "S"}, {"168": "S"}, {"168": "S"}, {"168": "E"}, {"168": "E"}, {"168": "S"}, {"168": "S"}, {"168": "S"}, {"168": "S"}, {"168": "S"}, {"168": "S"}, {"168": "S"}, {"168": "S"}, {"168": "S"}, {"168": "S"}, {"168": "S"}, {"168": "W"}, {"168": "W"}, {"168": "W"}, {"168": "W"}, {"168": "S"}, {"168": "W"}, {"168": "S"}, {"168": "S"}, {"168": "W"}, {"168": "W"}, {"168": "W"}, {"168": "N"}, {"168": "W"}, {"167": "S"}, {"167": "W"}, {"167": "W"}, {"167": "S"}, {"167": "S"}, {"167": "S"}, {"167": "S"}, {"167": "S"}, {"167": "S"}, {"167": "W"}, {"167": "W"}, {"167": "W"}, {"167": "N"}, {"167": "N"}, {"165": "E"}, {"165": "S"}, {"165": "S"}, {"165": "E"}, {"165": "E"}, {"165": "E"}, {"165": "E"}, {"165": "E"}, {"165": "S"}, {"165": "S"}, {"165": "S"}, {"165": "S"}, {"165": "S"}, {"165": "S"}, {"165": "S"}, {"165": "S"}, {"165": "S"}, {"165": "S"}, {"165": "S"}, {"165": "W"}, {"165": "W"}, {"165": "W"}, {"165": "W"}, {"165": "N"}, {"165": "W"}, {"165": "W"}, {"165": "W"}, {"165": "W"}, {"165": "W"}, {"165": "S"}, {"165": "S"}, {"162": "W"}, {"162": "N"}, {"162": "N"}, {"162": "N"}, {"162": "E"}, {"162": "E"}, {"162": "E"}, {"162": "E"}, {"162": "E"}, {"162": "E"}, {"162": "E"}, {"162": "E"}, {"162": "E"}, {"162": "E"}, {"162": "E"}, {"162": "E"}, {"162": "E"}, {"162": "E"}, {"162": "E"}, {"162": "E"}, {"162": "E"}, {"162": "E"}, {"162": "N"}, {"162": "N"}, {"162": "N"}, {"162": "N"}, {"162": "N"}, {"162": "N"}, {"162": "N"}, {"162": "N"}, {"162": "N"}, {"162": "N"}, {"162": "W"}, {"162": "W"}, {"162": "W"}, {"162": "W"}, {"162": "N"}, {"162": "W"}, {"162": "W"}, {"162": "S"}, {"151": "W"}, {"151": "N"}, {"151": "N"}, {"151": "N"}, {"151": "N"}, {"151": "N"}, {"151": "N"}, {"151": "N"}, {"151": "E"}, {"151": "E"}, {"151": "E"}, {"151": "E"}, {"151": "E"}, {"151": "E"}, {"151": "E"}, {"151": "E"}, {"151": "E"}, {"151": "E"}, {"151": "E"}, {"151": "E"}, {"151": "E"}, {"151": "E"}, {"151": "E"}, {"151": "N"}, {"151": "N"}, {"151": "N"}, {"151": "N"}, {"151": "N"}, {"151": "N"}, {"151": "N"}, {"151": "N"}, {"151": "N"}, {"151": "N"}, {"151": "W"}, {"151": "W"}, {"142": "S"}, {"142": "E"}, {"142": "S"}, {"142": "S"}, {"142": "S"}, {"142": "S"}, {"142": "E"}, {"142": "E"}, {"142": "E"}, {"142": "E"}, {"142": "S"}, {"142": "E"}, {"142": "E"}, {"142": "N"}, {"142": "E"}, {"135": "W"}, {"135": "N"}, {"135": "W"}, {"135": "N"}, {"135": "N"}, {"135": "N"}, {"135": "N"}, {"135": "N"}, {"135": "E"}, {"134": "S"}, {"134": "W"}, {"134": "W"}, {"134": "W"}, {"134": "W"}, {"134": "W"}, {"134": "W"}, {"134": "W"}, {"134": "W"}, {"134": "W"}, {"134": "S"}, {"134": "S"}, {"134": "S"}, {"134": "W"}, {"134": "W"}, {"134": "W"}, {"134": "S"}, {"134": "S"}, {"134": "S"}, {"134": "S"}, {"134": "E"}, {"134": "E"}, {"134": "E"}, {"134": "E"}, {"134": "E"}, {"134": "E"}, {"134": "E"}, {"134": "E"}, {"134": "E"}, {"134": "E"}, {"134": "S"}, {"134": "E"}, {"134": "E"}, {"134": "E"}, {"134": "E"}, {"134": "E"}, {"134": "S"}, {"134": "E"}, {"126": "S"}, {"126": "S"}, {"126": "S"}, {"126": "S"}, {"126": "S"}, {"126": "S"}, {"126": "S"}, {"126": "S"}, {"126": "E"}, {"126": "E"}, {"126": "E"}, {"126": "E"}, {"126": "E"}, {"126": "E"}, {"126": "E"}, {"126": "S"}, {"126": "S"}, {"103": "S"}, {"103": "W"}, {"103": "W"}, {"103": "W"}, {"103": "W"}, {"103": "W"}, {"103": "W"}, {"103": "W"}, {"103": "W"}, {"103": "W"}, {"103": "S"}, {"103": "S"}, {"103": "S"}, {"103": "W"}, {"103": "S"}, {"103": "S"}, {"103": "S"}, {"103": "E"}, {"102": "N"}, {"102": "E"}, {"102": "E"}, {"102": "E"}, {"102": "E"}, {"102": "E"}, {"102": "E"}, {"102": "E"}, {"102": "N"}, {"102": "N"}, {"102": "N"}, {"102": "N"}, {"102": "N"}, {"102": "N"}, {"102": "N"}, {"102": "N"}, {"102": "E"}, {"102": "E"}, {"102": "S"}, {"102": "E"}, {"102": "E"}, {"102": "N"}, {"94": "N"}, {"94": "E"}, {"94": "E"}, {"94": "E"}, {"94": "N"}, {"94": "N"}, {"94": "E"}, {"94": "E"}, {"94": "E"}, {"94": "E"}, {"94": "E"}, {"94": "N"}, {"94": "N"}, {"94": "N"}, {"94": "E"}, {"94": "E"}, {"94": "S"}, {"94": "E"}, {"94": "S"}, {"94": "E"}, {"94": "E"}, {"91": "E"}, {"91": "S"}, {"91": "S"}, {"91": "W"}, {"91": "W"}, {"91": "W"}, {"91": "W"}, {"91": "W"}, {"91": "W"}, {"91": "W"}, {"91": "W"}, {"91": "S"}, {"91": "S"}, {"91": "S"}, {"91": "W"}, {"91": "W"}, {"91": "W"}, {"91": "S"}, {"91": "S"}, {"91": "S"}, {"91": "S"}, {"91": "E"}, {"91": "E"}, {"91": "E"}, {"91": "E"}, {"91": "E"}, {"91": "E"}, {"91": "E"}, {"91": "E"}, {"91": "E"}, {"91": "E"}, {"91": "S"}, {"91": "E"}, {"91": "E"}, {"91": "E"}, {"91": "E"}, {"91": "E"}, {"84": "N"}, {"84": "W"}, {"84": "W"}, {"84": "W"}, {"84": "N"}, {"84": "N"}, {"84": "N"}, {"84": "W"}, {"84": "W"}, {"84": "W"}, {"84": "W"}, {"84": "W"}, {"84": "W"}, {"84": "W"}, {"84": "W"}, {"84": "W"}, {"84": "W"}, {"84": "W"}, {"84": "W"}, {"84": "W"}, {"84": "W"}, {"84": "W"}, {"84": "W"}, {"84": "S"}, {"84": "S"}, {"84": "S"}, {"84": "W"}, {"84": "W"}, {"84": "W"}, {"84": "S"}, {"84": "S"}, {"84": "S"}, {"84": "S"}, {"84": "E"}, {"84": "E"}, {"84": "E"}, {"84": "E"}, {"84": "E"}, {"84": "E"}, {"84": "E"}, {"84": "E"}, {"84": "E"}, {"84": "E"}, {"84": "S"}, {"84": "S"}, {"84": "E"}, {"84": "E"}, {"84": "E"}, {"80": "S"}, {"80": "E"}, {"80": "E"}, {"80": "E"}, {"80": "E"}, {"80": "S"}, {"80": "S"}, {"80": "E"}, {"80": "E"}, {"80": "S"}, {"80": "E"}, {"80": "S"}, {"80": "E"}, {"80": "E"}, {"80": "E"}, {"80": "E"}, {"80": "N"}, {"80": "E"}, {"80": "E"}, {"80": "N"}, {"80": "E"}, {"69": "S"}, {"69": "E"}, {"69": "E"}, {"69": "E"}, {"69": "E"}, {"69": "N"}, {"69": "N"}, {"69": "E"}, {"69": "E"}, {"69": "S"}, {"69": "E"}, {"69": "E"}, {"69": "E"}, {"69": "E"}, {"69": "E"}, {"69": "E"}, {"69": "N"}, {"69": "E"}, {"69": "N"}, {"69": "E"}, {"69": "E"}, {"63": "N"}, {"63": "E"}, {"63": "E"}, {"63": "S"}, {"63": "E"}, {"63": "S"}, {"63": "E"}, {"63": "S"}, {"63": "E"}, {"63": "S"}, {"63": "E"}, {"63": "E"}, {"63": "E"}, {"63": "E"}, {"63": "E"}, {"63": "E"}, {"63": "E"}, {"63": "E"}, {"63": "E"}, {"63": "E"}, {"63": "E"}, {"63": "E"}, {"63": "E"}, {"63": "E"}, {"63": "E"}, {"63": "E"}, {"63": "E"}, {"63": "E"}, {"63": "N"}, {"63": "N"}, {"63": "N"}, {"63": "N"}, {"63": "N"}, {"63": "W"}, {"48": "W"}, {"48": "W"}, {"48": "W"}, {"48": "W"}, {"48": "S"}, {"48": "S"}, {"48": "S"}, {"48": "S"}, {"48": "W"}, {"48": "W"}, {"48": "S"}, {"48": "S"}, {"48": "S"}, {"48": "S"}, {"48": "S"}, {"47": "N"}, {"47": "E"}, {"47": "N"}, {"47": "N"}, {"47": "N"}, {"47": "N"}, {"47": "N"}, {"47": "N"}, {"47": "N"}, {"47": "N"}, {"47": "N"}, {"47": "E"}, {"47": "E"}, {"45": "S"}, {"45": "S"}, {"45": "S"}, {"45": "S"}, {"45": "E"}, {"45": "E"}, {"45": "E"}, {"45": "E"}, {"45": "E"}, {"41": "N"}, {"41": "E"}, {"41": "E"}, {"41": "E"}, {"41": "E"}, {"41": "N"}, {"41": "N"}, {"41": "N"}, {"41": "N"}, {"41": "N"}, {"41": "N"}, {"41": "N"}, {"41": "E"}, {"41": "E"}, {"41": "E"}, {"41": "N"}, {"41": "E"}, {"41": "E"}, {"41": "E"}, {"41": "E"}, {"41": "E"}, {"41": "E"}, {"41": "E"}, {"41": "E"}, {"41": "E"}, {"41": "E"}, {"41": "E"}, {"41": "E"}, {"41": "E"}, {"41": "E"}, {"41": "S"}, {"24": "S"}, {"24": "S"}, {"24": "E"}, {"24": "E"}, {"24": "E"}, {"24": "E"}, {"24": "E"}, {"24": "E"}, {"24": "S"}, {"24": "S"}, {"24": "E"}, {"24": "E"}, {"11": "S"}, {"11": "S"}, {"11": "E"}, {"11": "E"}, {"11": "E"}, {"11": "S"}, {"11": "E"}, {"11": "E"}, {"11": "E"}, {"11": "E"}, {"11": "E"}, {"11": "E"}, {"11": "E"}, {"11": "E"}, {"11": "E"}, {"11": "E"}, {"11": "E"}, {"11": "E"}, {"11": "E"}, {"11": "E"}, {"11": "E"}, {"11": "E"}, {"11": "E"}, {"11": "E"}, {"11": "E"}, {"11": "E"}, {"11": "E"}, {"11": "N"}, {"11": "N"}, {"11": "N"}, {"11": "N"}, {"11": "N"}, {"11": "N"}, {"11": "N"}, {"11": "N"}, {"11": "N"}, {"11": "N"}, {"11": "N"}, {"11": "N"}, {"11": "N"}, {"11": "N"}, {"11": "N"}, {"11": "N"}, {"11": "W"}, {"0": "S"}, {"0": "E"}, {"0": "E"}, {"0": "E"}, {"0": "E"}, {"0": "E"}, {"0": "E"}, {"0": "E"}, {"0": "E"}, {"0": "E"}, {"0": "E"}, {"0": "E"}, {"0": "E"}, {"0": "E"}, {"0": "E"}, {"0": "S"}, {"0": "S"}, {"0": "S"}, {"0": "S"}, {"0": "S"}, {"0": "S"}, {"0": "S"}, {"0": "E"}, {"0": "E"}, {"0": "E"}, {"0": "E"}, {"0": "E"}, {"0": "E"}, {"0": "E"}, {"0": "E"}, {"0": "E"}, {"0": "E"}, {"0": "E"}, {"0": "E"}, {"0": "E"}, {"0": "E"}, {"0": "E"}, {"0": "E"}, {"0": "E"}, {"0": "E"}, {"0": "E"}, {"0": "E"}, {"0": "E"}, {"0": "N"}, {"0": "N"}, {"0": "N"}, {"0": "N"}, {"0": "N"}, {"0": "N"}, {"0": "N"}, {"0": "W"}, {"0": "W"}, {"0": "N"}], "result": "SUCCESS", "makespan": 3822, "sum": 5203, "algo_name": "OutAndInByPercentage_sea_level_", "extra": {}}