{"instance": "small_free_000_10x10_30_30", "steps": [{"26": "W", "13": "W", "1": "W", "0": "E", "12": "N", "7": "S", "18": "W", "4": "E", "5": "N", "29": "W", "6": "E", "23": "W", "9": "E", "25": "W", "3": "E", "8": "S", "17": "E", "28": "W", "20": "W", "15": "W"}, {"11": "E", "29": "W", "23": "W", "28": "W", "1": "N", "0": "E", "27": "S", "3": "N", "9": "E", "8": "S", "7": "S", "20": "W", "14": "W", "10": "W", "5": "N", "13": "S", "17": "E", "12": "N", "18": "W"}, {"8": "S", "10": "W", "1": "N", "12": "N", "16": "E", "25": "W", "28": "W", "18": "W", "29": "W", "9": "E"}, {"14": "W", "2": "N", "16": "E", "10": "S", "18": "W", "29": "W", "28": "W", "8": "S"}, {"23": "S", "14": "N", "7": "S", "0": "W", "22": "S", "6": "S", "17": "W", "2": "N", "26": "N", "10": "S", "3": "N", "4": "W", "29": "W"}, {"10": "S", "19": "E", "17": "S", "1": "N", "29": "N", "14": "W", "0": "S", "22": "W", "15": "W", "6": "S", "2": "N", "27": "W", "24": "E"}, {"17": "S", "19": "E", "26": "W", "10": "S", "3": "N", "15": "W", "21": "S", "29": "N", "6": "E", "23": "W", "13": "S", "11": "E"}, {"15": "S", "19": "E", "6": "E", "10": "S", "27": "S", "4": "S"}, {"6": "S", "10": "S", "14": "N", "4": "S", "15": "S", "19": "W", "26": "W", "20": "S"}, {"11": "N", "17": "E", "10": "S", "14": "W", "4": "S", "26": "W", "19": "N"}, {"20": "W", "14": "W", "27": "E", "4": "E"}, {"10": "W", "23": "E", "0": "E", "4": "S", "11": "E", "18": "N", "20": "W", "27": "S", "22": "W", "25": "W", "14": "W"}, {"18": "W", "25": "S", "10": "S", "21": "S", "20": "W", "16": "N", "4": "S", "14": "S", "23": "S", "22": "S", "17": "S"}, {"14": "S", "22": "S", "25": "S", "10": "S", "11": "E", "28": "W", "20": "W", "23": "S", "27": "S", "17": "E"}, {"19": "N", "0": "S", "11": "E", "27": "S", "25": "E", "23": "W", "22": "E", "10": "E", "17": "E", "14": "E"}, {"19": "E", "17": "E", "25": "S", "23": "W", "11": "N", "16": "E"}, {"26": "S", "19": "E"}, {"21": "W", "17": "W", "19": "E", "29": "W", "16": "N"}, {"11": "N", "16": "E", "19": "E", "29": "W", "21": "S", "28": "W", "17": "W"}, {"19": "E", "28": "W", "29": "N", "16": "E", "17": "S"}, {"16": "E", "19": "E"}, {"29": "W", "28": "W", "23": "S", "25": "S", "16": "E", "19": "E", "17": "S"}, {"28": "N", "16": "E", "29": "N", "17": "E"}, {"16": "N", "29": "N", "17": "E"}, {"17": "S", "29": "E"}, {"21": "W", "23": "E", "17": "S", "29": "E"}, {"25": "S", "17": "S", "21": "S", "29": "E", "28": "N", "23": "S"}, {"28": "N", "21": "S", "23": "S", "29": "S"}, {"28": "E", "21": "E", "23": "W"}, {"23": "W", "21": "E"}, {"23": "W", "21": "S"}, {"21": "S", "23": "W"}, {"23": "W"}, {"23": "W"}, {"23": "N", "18": "W"}, {"0": "S", "23": "N", "18": "W"}, {"23": "E"}, {"23": "N"}, {"18": "W"}, {"18": "W"}, {"18": "N"}, {"18": "N"}, {"18": "N"}, {"18": "N"}, {"18": "N"}, {"18": "E"}, {"18": "E"}, {"18": "N"}, {"18": "E"}, {"18": "E"}], "result": "SUCCESS", "makespan": 50, "sum": 249, "algo_name": "BFS_0"}