{"instance": "small_free_011_20x20_50_200", "steps": [{"9": "N", "12": "E", "15": "N", "20": "N", "21": "N", "28": "E", "38": "N", "46": "N", "51": "E", "53": "E", "55": "E", "77": "N", "79": "N", "91": "E", "108": "E", "110": "W", "114": "E", "130": "W", "131": "S", "133": "N", "135": "S", "136": "E", "137": "W", "145": "E", "149": "E", "152": "N", "154": "W", "155": "E", "160": "N", "161": "N", "171": "S", "177": "S", "178": "W", "186": "N", "196": "E", "0": "E", "23": "W", "24": "N", "30": "N", "31": "S", "34": "N", "41": "E", "43": "W", "63": "N", "68": "S", "74": "W", "80": "E", "84": "E", "86": "E", "87": "E", "88": "N", "118": "E", "119": "E", "128": "S", "166": "E", "167": "E", "169": "E", "172": "W", "175": "E", "192": "W", "193": "W", "5": "N", "18": "N", "19": "E", "22": "E", "25": "S", "33": "E", "40": "W", "49": "E", "58": "N", "67": "N", "73": "N", "81": "W", "93": "N", "97": "W", "101": "N", "106": "N", "107": "W", "111": "N", "146": "N", "148": "S", "150": "N", "153": "E", "158": "E", "176": "W", "181": "E", "184": "S", "185": "E", "191": "N", "199": "N", "2": "W", "3": "E", "4": "E", "36": "E", "47": "N", "48": "N", "54": "W", "59": "N", "62": "E", "65": "E", "72": "E", "94": "E", "98": "S", "100": "E", "125": "E", "134": "E", "140": "N", "147": "N", "159": "E", "170": "N", "183": "N", "187": "W", "188": "S", "190": "E", "198": "N", "1": "E", "7": "N", "10": "E", "17": "N", "26": "E", "35": "N", "61": "W", "69": "E", "75": "W", "76": "S", "89": "E", "102": "S", "103": "N", "104": "N", "112": "S", "117": "S", "123": "E", "124": "N", "138": "N", "142": "E", "151": "E", "162": "E", "163": "E", "189": "N", "197": "N", "6": "E", "13": "W", "14": "S", "27": "E", "42": "E", "44": "E", "45": "E", "64": "E", "66": "N", "82": "N", "83": "N", "90": "W", "121": "N", "126": "W", "127": "E", "156": "W", "157": "S", "164": "S", "165": "N", "168": "N", "8": "E", "32": "N", "37": "S", "50": "S", "52": "N", "57": "E", "60": "N", "78": "E", "92": "W", "96": "N", "105": "N", "116": "S", "132": "W", "141": "N", "173": "E", "179": "N", "180": "E", "182": "S", "194": "E", "11": "W", "16": "N", "29": "E", "70": "W", "71": "W", "85": "W", "95": "W", "109": "W", "115": "E", "122": "E", "129": "N", "139": "N", "195": "N", "39": "S", "113": "S", "120": "N", "144": "S", "174": "E", "56": "W", "99": "W", "143": "E"}, {"9": "N", "12": "E", "15": "N", "20": "N", "21": "N", "28": "E", "38": "N", "46": "N", "51": "E", "53": "E", "55": "E", "77": "N", "79": "N", "91": "E", "108": "E", "110": "W", "114": "E", "130": "W", "131": "S", "133": "N", "135": "S", "136": "E", "137": "W", "145": "E", "149": "E", "152": "N", "154": "W", "155": "E", "160": "N", "161": "N", "171": "S", "177": "S", "178": "W", "186": "N", "196": "E", "0": "E", "23": "W", "24": "N", "30": "N", "31": "S", "34": "N", "41": "E", "43": "W", "63": "N", "68": "S", "74": "W", "80": "E", "84": "E", "86": "E", "87": "E", "88": "N", "118": "E", "119": "E", "128": "S", "166": "E", "167": "E", "169": "E", "172": "W", "175": "E", "192": "W", "193": "W", "5": "N", "18": "N", "19": "E", "22": "E", "25": "S", "33": "E", "40": "W", "49": "E", "58": "N", "67": "N", "73": "N", "81": "W", "93": "N", "97": "W", "101": "N", "106": "N", "107": "W", "111": "N", "146": "N", "148": "S", "150": "N", "153": "E", "158": "E", "176": "W", "181": "E", "184": "S", "185": "E", "191": "N", "199": "N", "2": "W", "3": "E", "4": "E", "36": "E", "47": "N", "48": "N", "54": "W", "59": "N", "62": "E", "65": "E", "72": "E", "94": "E", "98": "S", "100": "E", "125": "E", "134": "E", "140": "N", "147": "N", "159": "E", "170": "N", "183": "N", "187": "W", "188": "S", "190": "E", "198": "N", "1": "E", "7": "N", "10": "E", "17": "N", "26": "E", "35": "N", "61": "W", "69": "E", "75": "W", "76": "S", "89": "E", "102": "S", "103": "N", "104": "N", "112": "S", "117": "S", "123": "E", "124": "N", "138": "N", "142": "E", "151": "E", "162": "E", "163": "E", "189": "N", "197": "N", "6": "E", "13": "W", "14": "S", "27": "E", "42": "E", "44": "E", "45": "E", "64": "E", "66": "N", "82": "N", "83": "N", "90": "W", "121": "N", "126": "W", "127": "E", "156": "W", "157": "S", "164": "S", "165": "N", "168": "N", "8": "E", "32": "N", "37": "S", "50": "S", "52": "N", "57": "E", "60": "N", "78": "E", "92": "W", "96": "N", "105": "N", "116": "S", "132": "W", "141": "N", "173": "E", "179": "N", "180": "E", "182": "S", "194": "E", "11": "W", "16": "N", "29": "E", "70": "W", "71": "W", "85": "W", "95": "W", "109": "W", "115": "E", "122": "E", "129": "N", "139": "N", "195": "N", "39": "S", "113": "S", "120": "N", "144": "S", "174": "E", "56": "W", "99": "W", "143": "E"}, {"9": "N", "12": "E", "38": "N", "51": "S", "53": "E", "55": "E", "77": "N", "79": "N", "91": "E", "108": "E", "130": "S", "131": "W", "133": "W", "136": "E", "137": "S", "149": "E", "154": "W", "155": "N", "171": "S", "178": "W", "186": "E", "196": "E", "0": "E", "24": "N", "30": "N", "31": "S", "34": "N", "41": "E", "43": "W", "68": "S", "74": "W", "80": "E", "84": "E", "87": "E", "88": "N", "119": "E", "166": "E", "167": "E", "169": "E", "175": "E", "192": "W", "193": "W", "5": "N", "18": "N", "19": "E", "22": "E", "25": "S", "33": "E", "40": "W", "49": "E", "58": "N", "67": "N", "81": "W", "93": "N", "97": "W", "101": "N", "106": "N", "111": "N", "146": "N", "148": "S", "150": "N", "153": "E", "158": "E", "176": "W", "181": "E", "184": "S", "185": "E", "191": "N", "199": "N", "2": "W", "3": "E", "4": "E", "36": "E", "47": "N", "59": "N", "62": "E", "65": "E", "72": "E", "94": "E", "98": "S", "100": "E", "125": "E", "134": "E", "140": "N", "147": "N", "159": "E", "170": "N", "183": "N", "187": "W", "188": "S", "190": "E", "198": "N", "1": "E", "7": "N", "10": "E", "17": "N", "26": "E", "35": "N", "61": "W", "69": "E", "75": "W", "76": "S", "89": "E", "102": "S", "103": "N", "104": "N", "112": "S", "117": "S", "123": "E", "124": "N", "138": "N", "142": "E", "151": "E", "162": "E", "163": "E", "189": "N", "197": "N", "6": "E", "13": "W", "14": "S", "27": "E", "42": "E", "44": "E", "45": "E", "64": "E", "66": "N", "82": "N", "83": "N", "90": "W", "121": "N", "126": "W", "127": "E", "156": "W", "157": "S", "164": "S", "165": "N", "168": "N", "8": "E", "32": "N", "37": "S", "50": "S", "52": "N", "57": "E", "60": "N", "78": "E", "92": "W", "96": "N", "105": "N", "116": "S", "132": "W", "141": "N", "173": "E", "179": "N", "180": "E", "182": "S", "194": "E", "11": "W", "16": "N", "29": "E", "70": "W", "71": "W", "85": "W", "95": "W", "109": "W", "115": "E", "122": "E", "129": "N", "139": "N", "195": "N", "39": "S", "113": "S", "120": "N", "144": "S", "174": "E", "56": "W", "99": "W", "143": "E"}, {"9": "W", "12": "S", "15": "N", "20": "N", "28": "E", "38": "N", "46": "N", "51": "E", "53": "E", "55": "E", "79": "N", "108": "E", "110": "W", "135": "S", "136": "E", "137": "W", "152": "N", "161": "N", "171": "S", "186": "N", "0": "E", "23": "W", "24": "N", "30": "N", "31": "S", "41": "E", "43": "W", "63": "N", "84": "E", "86": "E", "87": "E", "118": "E", "119": "E", "128": "S", "169": "E", "172": "W", "175": "E", "193": "W", "5": "N", "18": "N", "19": "E", "22": "E", "25": "S", "33": "E", "40": "W", "49": "E", "67": "N", "81": "W", "93": "N", "97": "W", "101": "N", "106": "N", "111": "N", "146": "N", "148": "S", "150": "N", "153": "E", "158": "E", "176": "W", "181": "E", "184": "S", "185": "E", "199": "N", "73": "N", "107": "W", "2": "W", "3": "E", "4": "E", "36": "E", "47": "N", "48": "N", "54": "W", "59": "N", "62": "E", "65": "E", "72": "E", "94": "E", "98": "S", "100": "E", "125": "E", "134": "E", "140": "N", "147": "N", "159": "E", "170": "N", "183": "N", "187": "W", "188": "S", "190": "E", "198": "N", "1": "E", "7": "N", "10": "E", "17": "N", "26": "E", "35": "N", "61": "W", "69": "E", "75": "W", "76": "S", "89": "E", "102": "S", "103": "N", "104": "N", "112": "S", "117": "S", "123": "E", "124": "N", "138": "N", "142": "E", "151": "E", "162": "E", "163": "E", "189": "N", "197": "N", "6": "E", "13": "W", "14": "S", "27": "E", "42": "E", "44": "E", "45": "E", "64": "E", "66": "N", "82": "N", "83": "N", "90": "W", "121": "N", "126": "W", "127": "E", "156": "W", "157": "S", "164": "S", "165": "N", "168": "N", "8": "E", "32": "N", "37": "S", "50": "S", "52": "N", "57": "E", "60": "N", "78": "E", "92": "W", "96": "N", "105": "N", "116": "S", "132": "W", "141": "N", "173": "E", "179": "N", "180": "E", "182": "S", "194": "E", "11": "W", "16": "N", "29": "E", "70": "W", "71": "W", "85": "W", "95": "W", "109": "W", "115": "E", "122": "E", "129": "N", "139": "N", "195": "N", "39": "S", "113": "S", "120": "N", "144": "S", "174": "E", "56": "W", "99": "W", "143": "E"}, {"9": "N", "12": "E", "15": "N", "20": "N", "38": "N", "53": "E", "55": "E", "77": "N", "79": "N", "91": "E", "108": "S", "114": "E", "135": "S", "136": "E", "145": "E", "160": "N", "161": "N", "178": "W", "0": "E", "23": "W", "24": "N", "30": "N", "34": "N", "43": "W", "63": "N", "80": "E", "84": "E", "87": "E", "88": "N", "118": "E", "119": "E", "128": "S", "169": "E", "172": "N", "175": "E", "192": "W", "193": "W", "5": "N", "19": "E", "22": "E", "25": "S", "33": "E", "49": "E", "58": "N", "67": "N", "93": "N", "101": "N", "106": "N", "148": "S", "150": "N", "153": "E", "158": "E", "176": "W", "185": "E", "191": "N", "73": "N", "107": "W", "2": "W", "3": "E", "4": "E", "36": "E", "47": "N", "59": "N", "62": "E", "65": "E", "72": "E", "94": "E", "98": "S", "125": "E", "134": "E", "140": "N", "147": "N", "159": "E", "170": "N", "183": "N", "187": "W", "188": "S", "190": "E", "198": "N", "48": "N", "54": "W", "1": "E", "7": "N", "10": "E", "17": "N", "26": "E", "35": "N", "61": "W", "69": "E", "75": "W", "76": "S", "89": "E", "102": "S", "103": "N", "104": "N", "112": "S", "117": "S", "123": "E", "124": "N", "138": "N", "142": "E", "151": "E", "163": "E", "189": "N", "197": "N", "6": "E", "13": "W", "14": "S", "27": "E", "42": "E", "44": "E", "45": "E", "64": "E", "66": "N", "82": "N", "83": "N", "90": "W", "121": "N", "126": "W", "127": "E", "156": "W", "157": "S", "164": "S", "165": "N", "168": "N", "8": "E", "32": "N", "37": "S", "50": "S", "52": "N", "57": "E", "60": "N", "78": "E", "92": "W", "96": "N", "105": "N", "116": "S", "132": "W", "141": "N", "173": "E", "179": "N", "180": "E", "182": "S", "194": "E", "11": "W", "16": "N", "29": "E", "70": "W", "71": "W", "85": "W", "95": "W", "109": "W", "115": "E", "122": "E", "129": "N", "139": "N", "195": "N", "39": "S", "113": "S", "120": "N", "144": "S", "174": "E", "56": "W", "99": "W", "143": "E"}, {"9": "N", "12": "E", "15": "N", "20": "N", "38": "N", "53": "E", "55": "E", "77": "N", "79": "N", "108": "E", "110": "W", "131": "S", "135": "S", "136": "E", "145": "E", "149": "E", "160": "N", "161": "N", "171": "S", "196": "E", "0": "E", "23": "W", "24": "N", "30": "N", "31": "S", "34": "N", "41": "E", "43": "S", "63": "N", "84": "E", "87": "E", "88": "N", "118": "E", "119": "E", "128": "S", "166": "E", "167": "E", "169": "E", "5": "N", "19": "E", "22": "E", "25": "S", "33": "E", "49": "E", "58": "N", "67": "N", "81": "W", "93": "N", "101": "N", "106": "N", "148": "E", "150": "N", "153": "E", "158": "E", "184": "S", "191": "N", "73": "N", "107": "W", "4": "E", "47": "N", "59": "N", "62": "E", "65": "E", "72": "E", "94": "E", "98": "S", "100": "E", "125": "E", "140": "N", "147": "N", "159": "E", "170": "N", "183": "N", "188": "S", "190": "E", "198": "N", "48": "N", "54": "W", "1": "E", "7": "N", "10": "E", "17": "N", "26": "E", "35": "N", "61": "W", "69": "E", "75": "W", "76": "S", "89": "E", "102": "S", "103": "N", "104": "N", "112": "S", "117": "S", "123": "E", "124": "N", "138": "N", "142": "E", "151": "E", "163": "E", "189": "N", "197": "N", "162": "E", "6": "E", "13": "W", "14": "S", "27": "E", "42": "E", "44": "E", "45": "E", "64": "E", "66": "N", "82": "N", "83": "N", "90": "W", "121": "N", "126": "W", "127": "E", "156": "W", "157": "S", "164": "S", "165": "N", "168": "N", "8": "E", "32": "N", "37": "S", "50": "S", "52": "N", "57": "E", "60": "N", "78": "E", "92": "W", "96": "N", "105": "N", "116": "S", "132": "W", "141": "N", "173": "E", "179": "N", "180": "E", "182": "S", "194": "E", "11": "W", "16": "N", "29": "E", "70": "W", "71": "W", "85": "W", "95": "W", "109": "W", "115": "E", "122": "E", "129": "N", "139": "N", "195": "N", "39": "S", "113": "S", "120": "N", "144": "S", "174": "E", "56": "W", "99": "W", "143": "E"}, {"9": "N", "12": "E", "15": "N", "38": "N", "53": "E", "55": "E", "79": "N", "108": "E", "137": "W", "145": "E", "149": "E", "160": "N", "171": "S", "196": "E", "23": "W", "24": "N", "30": "N", "31": "S", "34": "N", "41": "E", "63": "E", "84": "E", "87": "E", "118": "N", "119": "S", "128": "W", "166": "E", "167": "E", "169": "E", "5": "N", "19": "E", "22": "E", "33": "E", "40": "W", "58": "N", "67": "N", "97": "W", "101": "N", "150": "W", "158": "E", "184": "S", "191": "N", "107": "W", "4": "E", "47": "N", "59": "N", "62": "E", "72": "E", "94": "E", "100": "E", "125": "E", "159": "E", "170": "N", "183": "N", "54": "W", "1": "E", "7": "N", "10": "E", "17": "N", "26": "E", "35": "N", "76": "S", "89": "E", "103": "N", "117": "S", "123": "E", "124": "N", "142": "E", "163": "E", "197": "N", "162": "E", "6": "E", "13": "W", "14": "S", "27": "E", "42": "E", "44": "E", "45": "E", "64": "E", "66": "N", "82": "N", "83": "N", "90": "W", "121": "N", "126": "W", "127": "E", "156": "W", "157": "S", "164": "S", "165": "N", "168": "N", "8": "E", "32": "N", "37": "S", "50": "S", "52": "N", "57": "E", "60": "N", "78": "E", "92": "W", "96": "N", "105": "N", "116": "S", "132": "W", "141": "N", "173": "E", "179": "N", "180": "E", "182": "S", "194": "E", "11": "W", "16": "N", "29": "E", "70": "W", "71": "W", "85": "W", "95": "W", "109": "W", "115": "E", "122": "E", "129": "N", "139": "N", "195": "N", "39": "S", "113": "S", "120": "N", "144": "S", "174": "E", "56": "W", "99": "W", "143": "E"}, {"9": "N", "12": "E", "15": "N", "38": "E", "53": "E", "55": "N", "77": "N", "79": "N", "145": "E", "149": "E", "160": "N", "171": "S", "23": "S", "30": "N", "31": "S", "34": "N", "41": "N", "88": "N", "167": "E", "169": "E", "19": "E", "33": "E", "58": "N", "67": "N", "101": "N", "153": "E", "184": "S", "191": "N", "73": "N", "47": "N", "72": "E", "125": "E", "140": "N", "159": "E", "170": "N", "183": "W", "188": "S", "190": "E", "48": "N", "7": "N", "26": "E", "35": "N", "69": "E", "75": "W", "76": "S", "89": "E", "123": "E", "124": "N", "138": "N", "142": "E", "197": "N", "14": "S", "42": "E", "44": "E", "64": "E", "66": "N", "82": "N", "83": "N", "90": "W", "127": "E", "156": "S", "157": "S", "165": "N", "32": "N", "37": "S", "50": "S", "52": "N", "57": "E", "60": "N", "92": "W", "105": "N", "116": "S", "132": "W", "141": "N", "173": "E", "180": "E", "182": "S", "194": "E", "11": "W", "16": "N", "29": "E", "70": "W", "71": "W", "85": "W", "95": "W", "109": "W", "115": "E", "129": "N", "139": "N", "195": "N", "39": "S", "113": "S", "120": "N", "144": "S", "174": "E", "56": "W", "99": "W", "143": "E"}, {"9": "N", "12": "E", "15": "N", "55": "E", "79": "N", "110": "W", "136": "E", "145": "E", "149": "E", "160": "N", "0": "E", "23": "W", "24": "N", "30": "N", "34": "N", "87": "E", "167": "E", "5": "N", "22": "E", "33": "E", "49": "E", "58": "N", "67": "N", "81": "W", "101": "N", "153": "E", "191": "N", "73": "N", "107": "W", "4": "E", "47": "N", "59": "N", "62": "E", "65": "E", "125": "E", "159": "E", "170": "N", "188": "S", "190": "E", "48": "N", "54": "W", "7": "N", "10": "E", "17": "N", "26": "E", "35": "N", "61": "W", "69": "E", "75": "W", "89": "E", "103": "N", "123": "E", "124": "N", "151": "E", "163": "E", "197": "N", "6": "E", "44": "E", "45": "E", "64": "E", "66": "N", "82": "N", "83": "N", "90": "W", "121": "N", "127": "E", "156": "W", "165": "N", "168": "N", "8": "E", "32": "N", "37": "S", "57": "E", "60": "N", "78": "E", "92": "W", "96": "N", "105": "N", "132": "W", "141": "N", "173": "E", "179": "N", "180": "E", "11": "W", "16": "N", "29": "E", "70": "W", "71": "W", "85": "W", "109": "W", "115": "E", "129": "N", "139": "N", "195": "N", "122": "E", "39": "S", "113": "S", "120": "N", "144": "S", "174": "E", "56": "W", "99": "W", "143": "E"}, {"12": "E", "55": "E", "79": "N", "136": "E", "137": "W", "145": "E", "0": "E", "23": "W", "30": "N", "34": "N", "87": "E", "22": "E", "33": "E", "49": "E", "97": "W", "101": "N", "153": "S", "191": "N", "73": "E", "107": "N", "4": "E", "47": "N", "62": "E", "65": "E", "125": "E", "159": "E", "188": "W", "10": "E", "26": "E", "35": "N", "89": "E", "103": "N", "117": "S", "124": "N", "151": "E", "163": "E", "6": "E", "13": "W", "44": "E", "45": "E", "66": "N", "82": "N", "90": "S", "121": "N", "127": "E", "164": "S", "8": "E", "37": "S", "57": "E", "60": "N", "78": "E", "141": "N", "179": "N", "180": "E", "16": "N", "29": "E", "70": "W", "95": "W", "195": "N", "122": "E", "39": "S", "113": "S", "120": "N", "144": "S", "174": "E", "56": "W", "99": "W", "143": "E"}, {"12": "E", "110": "W", "145": "E", "34": "E", "87": "E", "22": "E", "33": "N", "81": "W", "4": "E", "62": "N", "159": "E", "190": "E", "48": "N", "54": "W", "61": "W", "69": "E", "89": "E", "103": "W", "163": "E", "44": "E", "45": "E", "37": "S", "78": "E", "132": "W", "180": "E", "11": "W", "29": "E", "70": "W", "85": "W", "195": "N", "39": "S", "113": "W", "174": "E", "56": "W", "99": "W", "143": "E"}, {"87": "S", "191": "N", "125": "E", "190": "E", "48": "N", "54": "W", "10": "E", "26": "E", "69": "E", "124": "N", "6": "E", "66": "N", "121": "N", "127": "E", "37": "W", "57": "E", "132": "W", "141": "N", "179": "N", "11": "W", "70": "S", "195": "N", "39": "S", "99": "W"}, {"22": "E", "191": "N", "4": "E", "125": "E", "190": "N", "48": "W", "54": "S", "10": "E", "26": "E", "124": "N", "163": "E", "6": "E", "45": "E", "66": "N", "121": "N", "127": "E", "57": "E", "78": "E", "141": "N", "179": "N", "195": "N", "39": "S", "99": "W"}, {"22": "E", "191": "W", "4": "E", "125": "N", "10": "N", "69": "E", "163": "E", "45": "E", "121": "W", "78": "E", "132": "W", "11": "W", "195": "N", "39": "S", "99": "W"}, {"22": "N", "26": "E", "69": "S", "124": "N", "6": "E", "66": "N", "127": "E", "57": "E", "132": "N", "141": "N", "179": "N", "195": "N", "39": "W", "99": "S"}, {"4": "E", "26": "E", "124": "E", "163": "E", "6": "S", "45": "E", "127": "E", "57": "E", "78": "E", "179": "N", "11": "W", "195": "N"}, {"4": "S", "26": "N", "66": "N", "141": "N", "179": "W", "11": "W", "195": "W"}, {"163": "E", "45": "E", "66": "N", "127": "E", "57": "E", "78": "E", "141": "N", "11": "N"}, {"163": "E", "45": "E", "66": "W", "127": "E", "57": "E", "78": "E"}, {"163": "N", "127": "N", "141": "N"}, {"45": "E", "57": "E", "78": "E", "141": "E"}, {"45": "S", "57": "S"}, {"78": "E"}, {"78": "E"}, {"78": "N"}, {"195": "E"}, {"195": "S"}, {"195": "S"}, {"195": "S"}, {"195": "S"}, {"195": "S"}, {"195": "S"}, {"195": "S"}, {"195": "S"}, {"195": "S"}, {"195": "S"}, {"195": "S"}, {"195": "S"}, {"195": "S"}, {"195": "S"}, {"195": "S"}, {"195": "S"}, {"195": "S"}, {"195": "S"}, {"195": "S"}, {"195": "S"}, {"195": "E"}, {"129": "S"}, {"129": "W"}, {"129": "W"}, {"129": "W"}, {"129": "W"}, {"129": "S"}, {"129": "S"}, {"129": "S"}, {"129": "S"}, {"129": "S"}, {"129": "S"}, {"129": "S"}, {"129": "S"}, {"129": "S"}, {"115": "W"}, {"115": "W"}, {"115": "W"}, {"115": "W"}, {"115": "W"}, {"115": "W"}, {"115": "W"}, {"115": "W"}, {"115": "W"}, {"115": "W"}, {"115": "W"}, {"115": "W"}, {"115": "W"}, {"115": "W"}, {"115": "W"}, {"16": "W"}, {"16": "S"}, {"16": "S"}, {"16": "S"}, {"16": "S"}, {"16": "S"}, {"16": "S"}, {"16": "S"}, {"16": "S"}, {"16": "S"}, {"16": "S"}, {"16": "S"}, {"16": "S"}, {"16": "S"}, {"16": "S"}, {"16": "S"}, {"16": "S"}, {"16": "S"}, {"16": "S"}, {"16": "E"}, {"16": "E"}, {"157": "W"}, {"157": "N"}, {"157": "N"}, {"157": "W"}, {"157": "N"}, {"157": "N"}, {"157": "N"}, {"157": "N"}, {"157": "N"}, {"157": "N"}, {"157": "N"}, {"157": "N"}, {"157": "N"}, {"157": "N"}, {"157": "N"}, {"157": "N"}, {"157": "N"}, {"13": "N"}, {"13": "E"}, {"13": "E"}, {"13": "E"}, {"13": "E"}, {"13": "E"}, {"13": "E"}, {"13": "E"}, {"13": "E"}, {"183": "E"}, {"183": "S"}, {"183": "S"}, {"183": "S"}, {"183": "W"}, {"183": "W"}, {"183": "W"}, {"183": "S"}, {"183": "S"}, {"183": "S"}, {"183": "S"}, {"183": "S"}, {"183": "S"}, {"183": "S"}, {"183": "S"}, {"183": "S"}, {"159": "N"}, {"159": "W"}, {"159": "W"}, {"159": "W"}, {"159": "W"}, {"159": "W"}, {"159": "W"}, {"159": "W"}, {"159": "W"}, {"159": "W"}, {"159": "W"}, {"159": "W"}, {"159": "W"}, {"159": "W"}, {"159": "W"}, {"159": "W"}, {"159": "W"}, {"159": "W"}, {"159": "W"}, {"159": "W"}, {"159": "N"}, {"159": "N"}, {"159": "W"}, {"159": "W"}, {"30": "W"}, {"30": "S"}, {"30": "S"}, {"30": "S"}, {"30": "S"}, {"30": "S"}, {"30": "S"}, {"30": "S"}, {"30": "S"}, {"30": "S"}, {"30": "S"}, {"30": "S"}, {"30": "S"}, {"30": "S"}, {"30": "S"}, {"30": "S"}, {"30": "S"}, {"30": "S"}, {"30": "S"}, {"30": "S"}, {"30": "S"}, {"30": "S"}, {"30": "E"}, {"30": "E"}, {"120": "W"}, {"120": "S"}, {"120": "W"}, {"120": "W"}, {"120": "W"}, {"120": "W"}, {"120": "W"}, {"120": "W"}, {"120": "W"}, {"120": "S"}, {"120": "S"}, {"120": "S"}, {"120": "S"}, {"120": "S"}, {"120": "S"}, {"120": "S"}, {"120": "S"}, {"120": "S"}, {"120": "S"}, {"120": "S"}, {"39": "E"}, {"39": "N"}, {"39": "N"}, {"39": "N"}, {"39": "N"}, {"39": "N"}, {"39": "N"}, {"39": "N"}, {"39": "N"}, {"39": "N"}, {"39": "E"}, {"39": "N"}, {"39": "N"}, {"39": "E"}, {"139": "S"}, {"139": "W"}, {"139": "W"}, {"139": "W"}, {"139": "S"}, {"139": "S"}, {"139": "S"}, {"139": "S"}, {"139": "S"}, {"139": "S"}, {"139": "S"}, {"139": "S"}, {"139": "S"}, {"109": "S"}, {"109": "E"}, {"109": "S"}, {"109": "E"}, {"109": "E"}, {"109": "E"}, {"109": "E"}, {"109": "E"}, {"109": "E"}, {"109": "E"}, {"109": "E"}, {"109": "E"}, {"109": "E"}, {"109": "E"}, {"109": "E"}, {"109": "E"}, {"109": "S"}, {"182": "W"}, {"182": "N"}, {"182": "W"}, {"182": "W"}, {"182": "N"}, {"182": "N"}, {"182": "N"}, {"182": "N"}, {"182": "N"}, {"182": "N"}, {"182": "N"}, {"182": "N"}, {"182": "N"}, {"182": "N"}, {"182": "N"}, {"132": "S"}, {"132": "E"}, {"132": "E"}, {"132": "E"}, {"132": "E"}, {"132": "E"}, {"132": "S"}, {"132": "S"}, {"132": "E"}, {"132": "E"}, {"132": "E"}, {"132": "E"}, {"132": "S"}, {"132": "E"}, {"132": "E"}, {"165": "E"}, {"165": "S"}, {"165": "S"}, {"165": "S"}, {"165": "W"}, {"165": "W"}, {"165": "S"}, {"165": "S"}, {"165": "S"}, {"165": "S"}, {"165": "S"}, {"165": "S"}, {"165": "S"}, {"164": "E"}, {"164": "N"}, {"164": "N"}, {"164": "W"}, {"164": "N"}, {"164": "N"}, {"164": "N"}, {"164": "N"}, {"164": "N"}, {"164": "N"}, {"164": "N"}, {"121": "E"}, {"121": "S"}, {"121": "S"}, {"121": "S"}, {"121": "S"}, {"121": "S"}, {"121": "S"}, {"121": "S"}, {"121": "S"}, {"121": "S"}, {"121": "S"}, {"121": "S"}, {"121": "E"}, {"121": "S"}, {"121": "E"}, {"121": "S"}, {"121": "E"}, {"121": "S"}, {"121": "S"}, {"121": "S"}, {"121": "E"}, {"42": "N"}, {"42": "W"}, {"42": "W"}, {"42": "W"}, {"42": "W"}, {"42": "W"}, {"42": "W"}, {"42": "W"}, {"42": "W"}, {"42": "W"}, {"42": "W"}, {"42": "S"}, {"42": "S"}, {"42": "W"}, {"42": "S"}, {"42": "W"}, {"42": "S"}, {"14": "W"}, {"14": "N"}, {"14": "N"}, {"14": "W"}, {"14": "W"}, {"14": "N"}, {"14": "N"}, {"14": "N"}, {"14": "N"}, {"14": "N"}, {"14": "N"}, {"14": "N"}, {"14": "N"}, {"14": "N"}, {"14": "N"}, {"14": "N"}, {"14": "N"}, {"14": "N"}, {"14": "W"}, {"14": "N"}, {"14": "W"}, {"14": "N"}, {"14": "W"}, {"14": "W"}, {"14": "S"}, {"197": "E"}, {"197": "S"}, {"197": "S"}, {"197": "S"}, {"197": "S"}, {"197": "W"}, {"197": "S"}, {"197": "S"}, {"197": "S"}, {"197": "S"}, {"197": "S"}, {"197": "S"}, {"197": "S"}, {"197": "S"}, {"197": "S"}, {"197": "S"}, {"197": "S"}, {"197": "S"}, {"138": "W"}, {"138": "S"}, {"138": "S"}, {"138": "S"}, {"138": "S"}, {"138": "S"}, {"138": "S"}, {"138": "S"}, {"138": "S"}, {"138": "E"}, {"138": "S"}, {"138": "E"}, {"138": "S"}, {"138": "E"}, {"138": "S"}, {"138": "S"}, {"138": "S"}, {"138": "S"}, {"138": "S"}, {"138": "E"}, {"76": "W"}, {"76": "N"}, {"76": "N"}, {"76": "N"}, {"76": "W"}, {"76": "N"}, {"76": "N"}, {"76": "N"}, {"76": "N"}, {"76": "W"}, {"76": "N"}, {"76": "N"}, {"76": "N"}, {"76": "N"}, {"76": "N"}, {"76": "N"}, {"76": "N"}, {"76": "N"}, {"76": "E"}, {"17": "W"}, {"17": "S"}, {"17": "S"}, {"17": "S"}, {"17": "S"}, {"17": "S"}, {"17": "S"}, {"17": "S"}, {"17": "S"}, {"17": "S"}, {"17": "S"}, {"17": "S"}, {"17": "S"}, {"17": "S"}, {"17": "S"}, {"17": "S"}, {"17": "S"}, {"17": "S"}, {"17": "W"}, {"54": "N"}, {"54": "E"}, {"54": "E"}, {"54": "E"}, {"54": "E"}, {"54": "E"}, {"54": "S"}, {"54": "S"}, {"54": "E"}, {"54": "E"}, {"54": "E"}, {"54": "E"}, {"54": "E"}, {"54": "E"}, {"54": "N"}, {"54": "E"}, {"54": "E"}, {"54": "S"}, {"170": "E"}, {"170": "S"}, {"170": "S"}, {"170": "S"}, {"170": "S"}, {"170": "S"}, {"170": "W"}, {"170": "S"}, {"170": "S"}, {"170": "S"}, {"170": "S"}, {"170": "S"}, {"170": "S"}, {"170": "S"}, {"170": "S"}, {"100": "N"}, {"100": "W"}, {"100": "W"}, {"100": "W"}, {"100": "W"}, {"100": "W"}, {"100": "W"}, {"100": "W"}, {"100": "W"}, {"100": "W"}, {"100": "W"}, {"100": "W"}, {"100": "W"}, {"100": "W"}, {"100": "W"}, {"100": "W"}, {"100": "W"}, {"98": "W"}, {"98": "N"}, {"98": "N"}, {"98": "W"}, {"98": "W"}, {"98": "W"}, {"98": "N"}, {"98": "N"}, {"98": "N"}, {"98": "N"}, {"62": "S"}, {"62": "W"}, {"62": "W"}, {"62": "W"}, {"62": "W"}, {"62": "W"}, {"62": "W"}, {"62": "W"}, {"62": "W"}, {"62": "W"}, {"62": "W"}, {"62": "W"}, {"62": "W"}, {"62": "W"}, {"62": "S"}, {"62": "S"}, {"62": "S"}, {"62": "S"}, {"62": "S"}, {"62": "S"}, {"62": "S"}, {"62": "S"}, {"62": "S"}, {"62": "W"}, {"59": "W"}, {"59": "S"}, {"59": "S"}, {"59": "S"}, {"59": "S"}, {"59": "W"}, {"59": "W"}, {"59": "W"}, {"59": "S"}, {"59": "S"}, {"59": "S"}, {"59": "S"}, {"59": "S"}, {"59": "S"}, {"59": "S"}, {"47": "W"}, {"47": "S"}, {"47": "S"}, {"47": "S"}, {"47": "S"}, {"47": "S"}, {"47": "S"}, {"47": "S"}, {"47": "S"}, {"47": "S"}, {"47": "S"}, {"47": "S"}, {"47": "S"}, {"47": "E"}, {"47": "E"}, {"47": "S"}, {"47": "S"}, {"4": "N"}, {"4": "W"}, {"4": "W"}, {"4": "W"}, {"4": "W"}, {"4": "W"}, {"4": "W"}, {"4": "W"}, {"4": "W"}, {"4": "W"}, {"4": "W"}, {"4": "W"}, {"4": "W"}, {"4": "W"}, {"4": "W"}, {"4": "W"}, {"4": "W"}, {"4": "W"}, {"4": "N"}, {"4": "N"}, {"4": "N"}, {"4": "N"}, {"4": "N"}, {"4": "W"}, {"4": "N"}, {"4": "W"}, {"4": "W"}, {"4": "W"}, {"4": "W"}, {"4": "N"}, {"4": "W"}, {"4": "W"}, {"4": "W"}, {"4": "W"}, {"4": "S"}, {"4": "S"}, {"176": "S"}, {"176": "E"}, {"176": "E"}, {"176": "E"}, {"176": "E"}, {"176": "E"}, {"176": "E"}, {"176": "E"}, {"176": "E"}, {"176": "E"}, {"176": "E"}, {"176": "S"}, {"176": "E"}, {"176": "E"}, {"176": "E"}, {"176": "E"}, {"176": "S"}, {"176": "E"}, {"176": "S"}, {"176": "S"}, {"176": "S"}, {"176": "S"}, {"176": "S"}, {"176": "S"}, {"176": "S"}, {"176": "S"}, {"153": "N"}, {"153": "W"}, {"153": "W"}, {"153": "W"}, {"153": "W"}, {"153": "W"}, {"153": "W"}, {"153": "W"}, {"153": "W"}, {"153": "W"}, {"153": "W"}, {"153": "W"}, {"153": "N"}, {"153": "W"}, {"153": "W"}, {"153": "N"}, {"153": "N"}, {"153": "N"}, {"153": "W"}, {"153": "N"}, {"153": "W"}, {"153": "W"}, {"153": "W"}, {"153": "S"}, {"153": "W"}, {"153": "W"}, {"153": "S"}, {"153": "W"}, {"153": "W"}, {"153": "W"}, {"153": "N"}, {"153": "N"}, {"153": "W"}, {"153": "N"}, {"106": "E"}, {"106": "S"}, {"106": "S"}, {"106": "S"}, {"106": "W"}, {"106": "W"}, {"106": "W"}, {"106": "W"}, {"106": "W"}, {"106": "W"}, {"106": "W"}, {"106": "W"}, {"106": "W"}, {"106": "W"}, {"106": "W"}, {"106": "W"}, {"106": "W"}, {"106": "S"}, {"106": "S"}, {"106": "S"}, {"106": "S"}, {"106": "S"}, {"106": "S"}, {"106": "S"}, {"106": "S"}, {"22": "S"}, {"22": "W"}, {"22": "W"}, {"22": "W"}, {"22": "W"}, {"22": "W"}, {"22": "W"}, {"22": "W"}, {"22": "W"}, {"22": "W"}, {"22": "W"}, {"22": "W"}, {"22": "W"}, {"22": "W"}, {"22": "W"}, {"22": "W"}, {"22": "S"}, {"22": "S"}, {"22": "S"}, {"22": "S"}, {"22": "W"}, {"86": "W"}, {"86": "W"}, {"86": "W"}, {"86": "W"}, {"86": "W"}, {"86": "W"}, {"86": "W"}, {"86": "W"}, {"86": "W"}, {"86": "W"}, {"86": "W"}, {"86": "W"}, {"86": "W"}, {"86": "W"}, {"86": "W"}, {"86": "W"}, {"86": "W"}, {"86": "W"}, {"86": "N"}, {"86": "N"}, {"86": "N"}, {"86": "N"}, {"86": "N"}, {"86": "N"}, {"86": "N"}, {"86": "N"}, {"86": "N"}, {"34": "W"}, {"34": "S"}, {"34": "S"}, {"34": "S"}, {"34": "S"}, {"34": "S"}, {"34": "S"}, {"34": "S"}, {"34": "S"}, {"34": "S"}, {"34": "S"}, {"34": "S"}, {"34": "S"}, {"34": "S"}, {"34": "S"}, {"34": "S"}, {"34": "S"}, {"34": "S"}, {"34": "S"}, {"34": "S"}, {"34": "S"}, {"186": "W"}, {"186": "S"}, {"186": "S"}, {"186": "W"}, {"186": "W"}, {"186": "W"}, {"186": "W"}, {"186": "W"}, {"186": "W"}, {"186": "W"}, {"186": "W"}, {"186": "S"}, {"186": "S"}, {"186": "S"}, {"186": "S"}, {"186": "S"}, {"186": "S"}, {"186": "S"}, {"178": "S"}, {"178": "E"}, {"178": "E"}, {"178": "E"}, {"178": "S"}, {"178": "S"}, {"178": "S"}, {"178": "S"}, {"178": "E"}, {"178": "E"}, {"178": "E"}, {"178": "E"}, {"178": "E"}, {"178": "E"}, {"178": "E"}, {"178": "E"}, {"178": "E"}, {"178": "E"}, {"79": "W"}, {"79": "W"}, {"79": "W"}, {"79": "W"}, {"79": "S"}, {"79": "S"}, {"79": "S"}, {"79": "S"}, {"79": "S"}, {"79": "S"}, {"79": "S"}, {"79": "S"}, {"79": "S"}, {"79": "W"}, {"79": "W"}, {"79": "S"}, {"79": "S"}, {"79": "S"}, {"79": "S"}, {"79": "S"}, {"79": "S"}, {"79": "S"}, {"79": "S"}, {"51": "N"}, {"51": "W"}, {"51": "W"}, {"51": "W"}, {"51": "W"}, {"51": "W"}, {"51": "W"}, {"51": "W"}, {"51": "W"}, {"51": "W"}, {"51": "W"}, {"51": "W"}, {"51": "W"}, {"51": "W"}, {"51": "W"}, {"51": "W"}, {"51": "W"}, {"51": "W"}, {"51": "W"}, {"51": "W"}, {"51": "N"}, {"51": "N"}, {"51": "N"}, {"51": "N"}, {"51": "N"}, {"28": "S"}, {"28": "W"}, {"28": "W"}, {"28": "W"}, {"28": "W"}, {"28": "W"}, {"28": "W"}, {"28": "W"}, {"28": "W"}, {"28": "W"}, {"28": "W"}, {"28": "W"}, {"28": "W"}, {"28": "W"}, {"28": "W"}, {"28": "W"}, {"28": "W"}, {"28": "W"}, {"28": "W"}, {"28": "N"}, {"28": "N"}, {"28": "N"}, {"28": "N"}, {"28": "N"}, {"28": "N"}, {"20": "W"}, {"20": "S"}, {"20": "S"}, {"20": "S"}, {"20": "S"}, {"20": "S"}, {"20": "S"}, {"20": "S"}, {"20": "S"}, {"20": "S"}, {"20": "S"}, {"20": "W"}, {"20": "S"}, {"20": "W"}, {"20": "S"}, {"20": "S"}, {"20": "S"}, {"20": "S"}, {"20": "S"}, {"20": "E"}, {"20": "S"}, {"20": "S"}, {"20": "E"}, {"20": "E"}, {"20": "N"}, {"20": "E"}, {"20": "N"}, {"20": "E"}, {"20": "E"}, {"20": "E"}, {"15": "E"}, {"15": "S"}, {"15": "S"}, {"15": "S"}, {"15": "S"}, {"15": "S"}, {"15": "S"}, {"15": "S"}, {"15": "S"}, {"15": "S"}, {"15": "S"}, {"15": "S"}, {"15": "S"}, {"15": "S"}, {"15": "E"}, {"15": "E"}, {"15": "S"}, {"15": "E"}, {"15": "S"}, {"15": "S"}, {"15": "W"}, {"15": "S"}, {"15": "W"}, {"15": "W"}, {"15": "W"}, {"9": "E"}, {"9": "S"}, {"9": "S"}, {"9": "S"}, {"9": "S"}, {"9": "S"}, {"9": "S"}, {"9": "S"}, {"9": "W"}, {"9": "W"}, {"9": "W"}, {"9": "W"}, {"9": "W"}, {"9": "W"}, {"9": "W"}, {"9": "W"}, {"9": "S"}, {"9": "S"}, {"9": "S"}, {"9": "S"}, {"9": "S"}, {"9": "S"}, {"9": "W"}, {"9": "W"}, {"9": "S"}, {"9": "W"}, {"9": "S"}, {"9": "S"}, {"9": "S"}, {"9": "S"}, {"9": "S"}, {"9": "E"}, {"9": "E"}, {"9": "N"}, {"9": "E"}, {"9": "N"}, {"99": "S"}, {"99": "S"}, {"99": "E"}, {"99": "E"}, {"99": "E"}, {"99": "E"}, {"99": "S"}, {"99": "E"}, {"99": "E"}, {"99": "E"}, {"99": "E"}, {"99": "E"}, {"99": "E"}, {"99": "E"}, {"99": "E"}, {"99": "E"}, {"99": "E"}, {"99": "S"}, {"99": "S"}, {"99": "E"}, {"99": "S"}, {"99": "E"}, {"99": "E"}, {"99": "N"}, {"99": "E"}, {"99": "E"}, {"99": "N"}, {"99": "N"}, {"56": "S"}, {"56": "E"}, {"56": "S"}, {"56": "S"}, {"56": "E"}, {"56": "E"}, {"56": "E"}, {"174": "N"}, {"174": "W"}, {"174": "W"}, {"174": "W"}, {"174": "W"}, {"174": "W"}, {"174": "W"}, {"174": "W"}, {"174": "W"}, {"174": "W"}, {"174": "W"}, {"174": "N"}, {"174": "N"}, {"174": "W"}, {"174": "N"}, {"174": "W"}, {"174": "W"}, {"174": "W"}, {"174": "W"}, {"174": "N"}, {"174": "W"}, {"174": "W"}, {"174": "W"}, {"174": "W"}, {"174": "S"}, {"85": "S"}, {"85": "E"}, {"85": "E"}, {"85": "S"}, {"85": "S"}, {"85": "S"}, {"85": "E"}, {"85": "E"}, {"85": "E"}, {"85": "E"}, {"85": "E"}, {"85": "E"}, {"85": "E"}, {"85": "E"}, {"85": "E"}, {"85": "E"}, {"70": "N"}, {"70": "E"}, {"70": "E"}, {"70": "E"}, {"70": "E"}, {"70": "E"}, {"70": "S"}, {"70": "S"}, {"70": "S"}, {"70": "E"}, {"70": "E"}, {"70": "E"}, {"70": "N"}, {"70": "E"}, {"70": "N"}, {"70": "E"}, {"70": "N"}, {"194": "W"}, {"194": "W"}, {"194": "W"}, {"194": "W"}, {"194": "W"}, {"194": "W"}, {"194": "W"}, {"194": "W"}, {"194": "N"}, {"194": "W"}, {"194": "N"}, {"194": "W"}, {"194": "N"}, {"194": "W"}, {"179": "E"}, {"179": "S"}, {"179": "S"}, {"179": "S"}, {"179": "S"}, {"179": "S"}, {"179": "S"}, {"179": "S"}, {"179": "S"}, {"179": "S"}, {"179": "S"}, {"179": "S"}, {"179": "E"}, {"179": "S"}, {"179": "E"}, {"179": "E"}, {"179": "E"}, {"179": "E"}, {"179": "S"}, {"179": "E"}, {"173": "S"}, {"173": "W"}, {"173": "W"}, {"173": "W"}, {"173": "W"}, {"173": "W"}, {"173": "W"}, {"173": "W"}, {"173": "W"}, {"173": "W"}, {"173": "W"}, {"173": "S"}, {"173": "S"}, {"173": "S"}, {"116": "W"}, {"116": "N"}, {"116": "W"}, {"116": "W"}, {"116": "W"}, {"116": "W"}, {"116": "W"}, {"116": "W"}, {"116": "W"}, {"116": "N"}, {"116": "N"}, {"116": "N"}, {"116": "N"}, {"116": "N"}, {"116": "N"}, {"116": "N"}, {"116": "W"}, {"116": "W"}, {"116": "W"}, {"116": "N"}, {"116": "N"}, {"116": "N"}, {"116": "N"}, {"116": "N"}, {"116": "N"}, {"116": "N"}, {"116": "E"}, {"116": "N"}, {"116": "N"}, {"116": "E"}, {"116": "E"}, {"116": "S"}, {"116": "S"}, {"78": "N"}, {"78": "N"}, {"78": "W"}, {"78": "W"}, {"78": "W"}, {"78": "W"}, {"78": "W"}, {"78": "W"}, {"78": "W"}, {"78": "W"}, {"78": "W"}, {"78": "W"}, {"78": "W"}, {"78": "W"}, {"78": "W"}, {"78": "W"}, {"78": "W"}, {"78": "W"}, {"78": "W"}, {"78": "W"}, {"78": "N"}, {"78": "N"}, {"78": "N"}, {"78": "W"}, {"78": "W"}, {"78": "S"}, {"60": "W"}, {"60": "S"}, {"60": "S"}, {"60": "S"}, {"60": "W"}, {"60": "W"}, {"60": "W"}, {"60": "W"}, {"60": "S"}, {"60": "S"}, {"60": "S"}, {"60": "S"}, {"60": "S"}, {"60": "S"}, {"57": "N"}, {"57": "W"}, {"57": "W"}, {"57": "W"}, {"57": "W"}, {"57": "W"}, {"57": "W"}, {"57": "W"}, {"57": "W"}, {"57": "W"}, {"57": "W"}, {"57": "W"}, {"57": "W"}, {"57": "W"}, {"57": "W"}, {"57": "W"}, {"57": "S"}, {"57": "S"}, {"57": "S"}, {"57": "S"}, {"57": "S"}, {"57": "S"}, {"57": "S"}, {"57": "W"}, {"57": "S"}, {"57": "W"}, {"57": "W"}, {"57": "S"}, {"57": "W"}, {"57": "W"}, {"57": "N"}, {"83": "E"}, {"83": "S"}, {"83": "S"}, {"83": "S"}, {"83": "S"}, {"83": "S"}, {"83": "S"}, {"83": "S"}, {"83": "S"}, {"83": "S"}, {"83": "E"}, {"83": "E"}, {"83": "E"}, {"83": "E"}, {"83": "S"}, {"83": "S"}, {"83": "S"}, {"83": "S"}, {"83": "S"}, {"83": "S"}, {"83": "S"}, {"44": "N"}, {"44": "W"}, {"44": "W"}, {"44": "W"}, {"44": "W"}, {"44": "W"}, {"44": "W"}, {"44": "W"}, {"44": "W"}, {"44": "W"}, {"44": "W"}, {"44": "W"}, {"44": "S"}, {"44": "S"}, {"44": "S"}, {"44": "S"}, {"44": "S"}, {"44": "W"}, {"103": "E"}, {"103": "S"}, {"103": "S"}, {"103": "S"}, {"103": "S"}, {"103": "S"}, {"103": "S"}, {"103": "S"}, {"103": "S"}, {"103": "S"}, {"103": "W"}, {"103": "W"}, {"103": "W"}, {"103": "W"}, {"103": "S"}, {"103": "S"}, {"103": "W"}, {"103": "S"}, {"103": "S"}, {"103": "S"}, {"103": "S"}, {"103": "S"}, {"103": "S"}, {"103": "S"}, {"103": "E"}, {"103": "E"}, {"103": "E"}, {"103": "N"}, {"103": "E"}, {"103": "N"}, {"103": "E"}, {"103": "E"}, {"75": "S"}, {"75": "E"}, {"75": "E"}, {"75": "E"}, {"75": "N"}, {"75": "N"}, {"75": "N"}, {"75": "N"}, {"75": "N"}, {"75": "N"}, {"75": "N"}, {"75": "N"}, {"75": "E"}, {"75": "E"}, {"75": "E"}, {"75": "N"}, {"75": "E"}, {"75": "E"}, {"75": "E"}, {"75": "E"}, {"75": "E"}, {"75": "S"}, {"75": "E"}, {"69": "N"}, {"69": "W"}, {"69": "W"}, {"69": "W"}, {"69": "W"}, {"69": "W"}, {"69": "W"}, {"69": "W"}, {"69": "W"}, {"69": "W"}, {"69": "W"}, {"69": "W"}, {"69": "N"}, {"69": "W"}, {"69": "N"}, {"69": "N"}, {"69": "W"}, {"69": "N"}, {"69": "N"}, {"69": "N"}, {"69": "N"}, {"69": "N"}, {"69": "N"}, {"69": "W"}, {"69": "W"}, {"69": "W"}, {"69": "W"}, {"69": "N"}, {"69": "W"}, {"69": "W"}, {"69": "W"}, {"69": "W"}, {"69": "W"}, {"69": "N"}, {"35": "W"}, {"35": "S"}, {"35": "S"}, {"35": "S"}, {"35": "S"}, {"35": "S"}, {"35": "S"}, {"35": "S"}, {"35": "S"}, {"35": "S"}, {"35": "S"}, {"35": "S"}, {"35": "E"}, {"35": "E"}, {"35": "E"}, {"35": "E"}, {"35": "S"}, {"35": "S"}, {"35": "S"}, {"35": "S"}, {"35": "S"}, {"35": "S"}, {"35": "E"}, {"35": "S"}, {"35": "S"}, {"35": "E"}, {"35": "S"}, {"35": "S"}, {"35": "W"}, {"35": "S"}, {"35": "W"}, {"35": "W"}, {"35": "S"}, {"35": "S"}, {"1": "S"}, {"1": "W"}, {"1": "W"}, {"1": "W"}, {"1": "W"}, {"1": "W"}, {"1": "W"}, {"1": "W"}, {"1": "N"}, {"1": "W"}, {"1": "N"}, {"1": "N"}, {"1": "W"}, {"1": "N"}, {"1": "N"}, {"1": "N"}, {"1": "N"}, {"1": "N"}, {"1": "N"}, {"1": "W"}, {"1": "W"}, {"1": "W"}, {"1": "W"}, {"1": "N"}, {"1": "W"}, {"1": "W"}, {"1": "W"}, {"1": "W"}, {"1": "W"}, {"1": "W"}, {"1": "W"}, {"1": "S"}, {"1": "S"}, {"48": "E"}, {"48": "S"}, {"48": "S"}, {"48": "S"}, {"48": "S"}, {"48": "S"}, {"48": "W"}, {"48": "W"}, {"48": "S"}, {"48": "S"}, {"48": "S"}, {"48": "S"}, {"48": "S"}, {"48": "S"}, {"48": "S"}, {"48": "S"}, {"48": "W"}, {"48": "S"}, {"48": "W"}, {"147": "W"}, {"147": "S"}, {"147": "S"}, {"147": "S"}, {"147": "S"}, {"147": "S"}, {"147": "S"}, {"147": "S"}, {"147": "E"}, {"147": "E"}, {"147": "E"}, {"147": "E"}, {"147": "E"}, {"147": "E"}, {"147": "S"}, {"147": "E"}, {"147": "E"}, {"147": "E"}, {"147": "E"}, {"147": "S"}, {"147": "S"}, {"147": "S"}, {"147": "S"}, {"147": "S"}, {"147": "S"}, {"147": "E"}, {"147": "S"}, {"147": "S"}, {"147": "E"}, {"147": "S"}, {"94": "S"}, {"94": "W"}, {"94": "W"}, {"94": "W"}, {"94": "W"}, {"94": "W"}, {"94": "W"}, {"94": "W"}, {"94": "S"}, {"94": "W"}, {"94": "W"}, {"94": "S"}, {"94": "W"}, {"94": "W"}, {"94": "S"}, {"94": "W"}, {"94": "W"}, {"94": "W"}, {"94": "W"}, {"94": "W"}, {"94": "N"}, {"94": "N"}, {"94": "N"}, {"94": "N"}, {"72": "N"}, {"72": "W"}, {"72": "W"}, {"72": "W"}, {"72": "W"}, {"72": "W"}, {"72": "W"}, {"72": "W"}, {"72": "W"}, {"72": "S"}, {"72": "S"}, {"72": "S"}, {"72": "S"}, {"72": "W"}, {"72": "W"}, {"72": "S"}, {"72": "W"}, {"72": "W"}, {"72": "S"}, {"72": "W"}, {"65": "S"}, {"65": "W"}, {"65": "W"}, {"65": "W"}, {"65": "W"}, {"65": "W"}, {"65": "W"}, {"65": "W"}, {"65": "W"}, {"65": "W"}, {"65": "W"}, {"65": "W"}, {"65": "N"}, {"65": "N"}, {"65": "N"}, {"65": "N"}, {"65": "N"}, {"65": "N"}, {"65": "W"}, {"65": "W"}, {"65": "W"}, {"107": "N"}, {"107": "N"}, {"107": "E"}, {"107": "E"}, {"107": "E"}, {"107": "E"}, {"107": "E"}, {"107": "E"}, {"107": "E"}, {"107": "E"}, {"107": "E"}, {"107": "E"}, {"107": "E"}, {"107": "E"}, {"107": "S"}, {"199": "S"}, {"199": "W"}, {"199": "S"}, {"199": "S"}, {"199": "S"}, {"199": "S"}, {"199": "S"}, {"199": "S"}, {"199": "S"}, {"199": "S"}, {"199": "S"}, {"199": "S"}, {"199": "S"}, {"191": "E"}, {"191": "S"}, {"191": "S"}, {"191": "S"}, {"191": "S"}, {"191": "S"}, {"191": "S"}, {"191": "S"}, {"191": "S"}, {"191": "S"}, {"191": "S"}, {"191": "S"}, {"191": "S"}, {"191": "S"}, {"191": "S"}, {"191": "E"}, {"191": "S"}, {"191": "S"}, {"191": "W"}, {"191": "S"}, {"191": "S"}, {"191": "W"}, {"191": "S"}, {"181": "W"}, {"181": "W"}, {"181": "W"}, {"181": "W"}, {"181": "W"}, {"181": "W"}, {"181": "W"}, {"181": "W"}, {"181": "S"}, {"181": "S"}, {"181": "S"}, {"181": "W"}, {"181": "W"}, {"181": "W"}, {"181": "W"}, {"181": "W"}, {"181": "W"}, {"181": "W"}, {"181": "W"}, {"181": "W"}, {"181": "W"}, {"181": "N"}, {"181": "N"}, {"181": "N"}, {"181": "N"}, {"181": "N"}, {"181": "N"}, {"148": "W"}, {"148": "N"}, {"148": "N"}, {"148": "W"}, {"148": "W"}, {"148": "W"}, {"148": "W"}, {"148": "W"}, {"148": "W"}, {"148": "W"}, {"148": "W"}, {"148": "W"}, {"148": "W"}, {"148": "W"}, {"148": "W"}, {"148": "W"}, {"148": "N"}, {"148": "N"}, {"148": "N"}, {"148": "N"}, {"148": "N"}, {"148": "N"}, {"148": "N"}, {"148": "N"}, {"101": "W"}, {"101": "S"}, {"101": "S"}, {"101": "S"}, {"101": "S"}, {"101": "S"}, {"101": "S"}, {"101": "S"}, {"101": "W"}, {"101": "W"}, {"101": "W"}, {"101": "W"}, {"101": "W"}, {"101": "W"}, {"101": "W"}, {"101": "S"}, {"101": "S"}, {"101": "S"}, {"101": "S"}, {"101": "S"}, {"101": "S"}, {"101": "W"}, {"101": "S"}, {"101": "S"}, {"101": "S"}, {"101": "S"}, {"101": "E"}, {"81": "S"}, {"81": "E"}, {"81": "E"}, {"81": "E"}, {"81": "E"}, {"81": "S"}, {"81": "S"}, {"81": "S"}, {"81": "S"}, {"81": "S"}, {"81": "E"}, {"81": "E"}, {"81": "E"}, {"81": "E"}, {"81": "E"}, {"81": "E"}, {"58": "E"}, {"58": "S"}, {"58": "S"}, {"58": "S"}, {"58": "S"}, {"58": "S"}, {"58": "S"}, {"58": "S"}, {"58": "S"}, {"58": "S"}, {"58": "S"}, {"58": "S"}, {"58": "E"}, {"58": "S"}, {"58": "S"}, {"58": "S"}, {"58": "S"}, {"58": "S"}, {"58": "S"}, {"58": "E"}, {"58": "S"}, {"58": "S"}, {"58": "E"}, {"58": "E"}, {"58": "S"}, {"58": "S"}, {"58": "W"}, {"58": "W"}, {"58": "S"}, {"58": "W"}, {"49": "S"}, {"49": "W"}, {"49": "W"}, {"49": "W"}, {"49": "W"}, {"49": "W"}, {"49": "W"}, {"49": "W"}, {"49": "W"}, {"49": "W"}, {"49": "S"}, {"49": "S"}, {"49": "S"}, {"49": "S"}, {"49": "W"}, {"49": "W"}, {"49": "S"}, {"49": "S"}, {"49": "W"}, {"18": "S"}, {"18": "W"}, {"18": "S"}, {"18": "S"}, {"18": "S"}, {"18": "S"}, {"18": "S"}, {"18": "S"}, {"18": "S"}, {"18": "S"}, {"18": "S"}, {"18": "S"}, {"18": "S"}, {"18": "S"}, {"18": "S"}, {"18": "S"}, {"18": "S"}, {"18": "S"}, {"18": "W"}, {"18": "W"}, {"193": "S"}, {"193": "E"}, {"193": "E"}, {"193": "E"}, {"193": "E"}, {"193": "E"}, {"193": "E"}, {"193": "E"}, {"193": "E"}, {"193": "E"}, {"193": "E"}, {"169": "N"}, {"169": "W"}, {"169": "W"}, {"169": "W"}, {"169": "W"}, {"169": "W"}, {"169": "W"}, {"169": "W"}, {"169": "W"}, {"169": "W"}, {"169": "W"}, {"169": "W"}, {"169": "W"}, {"169": "W"}, {"169": "N"}, {"169": "N"}, {"169": "N"}, {"169": "N"}, {"169": "N"}, {"169": "N"}, {"169": "W"}, {"169": "W"}, {"169": "N"}, {"169": "W"}, {"169": "W"}, {"169": "W"}, {"169": "W"}, {"169": "N"}, {"169": "W"}, {"169": "W"}, {"169": "S"}, {"169": "W"}, {"169": "W"}, {"169": "W"}, {"169": "W"}, {"169": "S"}, {"169": "S"}, {"169": "S"}, {"167": "S"}, {"167": "W"}, {"167": "W"}, {"167": "W"}, {"167": "W"}, {"167": "W"}, {"167": "W"}, {"167": "W"}, {"167": "W"}, {"167": "W"}, {"167": "S"}, {"167": "S"}, {"167": "S"}, {"167": "S"}, {"167": "S"}, {"167": "S"}, {"167": "S"}, {"167": "W"}, {"167": "S"}, {"167": "W"}, {"167": "S"}, {"167": "S"}, {"167": "W"}, {"167": "S"}, {"167": "W"}, {"167": "W"}, {"167": "W"}, {"167": "W"}, {"167": "W"}, {"167": "W"}, {"167": "W"}, {"167": "N"}, {"167": "N"}, {"167": "N"}, {"167": "N"}, {"167": "N"}, {"167": "W"}, {"167": "N"}, {"167": "N"}, {"167": "N"}, {"128": "E"}, {"128": "N"}, {"128": "N"}, {"128": "N"}, {"128": "W"}, {"128": "W"}, {"128": "W"}, {"128": "W"}, {"128": "W"}, {"128": "W"}, {"128": "W"}, {"128": "W"}, {"128": "W"}, {"128": "W"}, {"128": "W"}, {"128": "W"}, {"128": "W"}, {"128": "N"}, {"128": "N"}, {"128": "N"}, {"128": "N"}, {"128": "N"}, {"128": "N"}, {"68": "N"}, {"68": "W"}, {"68": "W"}, {"68": "W"}, {"68": "W"}, {"68": "W"}, {"68": "W"}, {"68": "W"}, {"68": "W"}, {"68": "W"}, {"68": "W"}, {"68": "W"}, {"68": "W"}, {"68": "W"}, {"68": "N"}, {"68": "N"}, {"68": "N"}, {"68": "N"}, {"68": "N"}, {"68": "N"}, {"24": "W"}, {"24": "S"}, {"24": "S"}, {"24": "S"}, {"24": "S"}, {"24": "S"}, {"24": "S"}, {"24": "W"}, {"24": "W"}, {"24": "W"}, {"24": "W"}, {"24": "W"}, {"24": "S"}, {"24": "S"}, {"24": "S"}, {"24": "S"}, {"24": "W"}, {"24": "W"}, {"24": "S"}, {"24": "W"}, {"24": "W"}, {"24": "W"}, {"24": "S"}, {"24": "W"}, {"24": "S"}, {"24": "W"}, {"24": "S"}, {"24": "S"}, {"24": "S"}, {"24": "S"}, {"24": "S"}, {"24": "S"}, {"24": "E"}, {"24": "S"}, {"24": "E"}, {"24": "S"}, {"24": "S"}, {"24": "E"}, {"24": "E"}, {"24": "N"}, {"24": "N"}, {"24": "E"}, {"24": "N"}, {"24": "E"}, {"24": "E"}, {"23": "N"}, {"23": "E"}, {"23": "E"}, {"23": "E"}, {"23": "E"}, {"23": "E"}, {"23": "E"}, {"23": "N"}, {"23": "N"}, {"23": "N"}, {"23": "E"}, {"23": "E"}, {"23": "E"}, {"23": "E"}, {"23": "E"}, {"23": "E"}, {"23": "N"}, {"23": "E"}, {"23": "E"}, {"23": "S"}, {"23": "E"}, {"23": "E"}, {"196": "N"}, {"196": "W"}, {"196": "W"}, {"196": "W"}, {"196": "W"}, {"196": "W"}, {"196": "W"}, {"196": "W"}, {"196": "W"}, {"196": "S"}, {"196": "S"}, {"196": "S"}, {"196": "S"}, {"196": "S"}, {"196": "S"}, {"196": "S"}, {"196": "S"}, {"196": "S"}, {"196": "S"}, {"196": "W"}, {"196": "S"}, {"196": "W"}, {"196": "S"}, {"196": "S"}, {"196": "W"}, {"196": "S"}, {"196": "W"}, {"196": "W"}, {"196": "W"}, {"196": "W"}, {"196": "N"}, {"196": "N"}, {"196": "N"}, {"196": "N"}, {"177": "W"}, {"177": "N"}, {"177": "W"}, {"177": "W"}, {"177": "W"}, {"177": "W"}, {"177": "W"}, {"177": "W"}, {"177": "W"}, {"177": "W"}, {"177": "W"}, {"177": "W"}, {"177": "W"}, {"177": "N"}, {"177": "N"}, {"177": "N"}, {"177": "N"}, {"177": "N"}, {"177": "N"}, {"177": "N"}, {"161": "E"}, {"161": "S"}, {"161": "S"}, {"161": "S"}, {"161": "S"}, {"161": "W"}, {"161": "W"}, {"161": "W"}, {"161": "W"}, {"161": "W"}, {"161": "S"}, {"161": "S"}, {"161": "S"}, {"161": "S"}, {"161": "S"}, {"155": "W"}, {"155": "W"}, {"155": "W"}, {"155": "W"}, {"155": "W"}, {"155": "S"}, {"155": "S"}, {"155": "S"}, {"155": "S"}, {"155": "S"}, {"155": "S"}, {"155": "S"}, {"155": "S"}, {"155": "S"}, {"155": "S"}, {"155": "S"}, {"155": "S"}, {"155": "S"}, {"155": "S"}, {"155": "W"}, {"155": "S"}, {"155": "W"}, {"155": "S"}, {"155": "S"}, {"155": "W"}, {"133": "S"}, {"133": "S"}, {"133": "S"}, {"133": "S"}, {"133": "E"}, {"133": "E"}, {"133": "E"}, {"133": "E"}, {"133": "E"}, {"133": "E"}, {"133": "S"}, {"133": "E"}, {"133": "E"}, {"133": "E"}, {"133": "E"}, {"133": "E"}, {"133": "E"}, {"133": "S"}, {"133": "S"}, {"133": "E"}, {"133": "E"}, {"133": "S"}, {"133": "S"}, {"133": "W"}, {"114": "N"}, {"114": "W"}, {"114": "W"}, {"114": "W"}, {"114": "W"}, {"114": "W"}, {"114": "W"}, {"114": "S"}, {"114": "S"}, {"114": "S"}, {"114": "S"}, {"114": "S"}, {"114": "S"}, {"114": "S"}, {"114": "S"}, {"114": "S"}, {"114": "S"}, {"114": "S"}, {"114": "S"}, {"114": "S"}, {"114": "W"}, {"114": "S"}, {"114": "W"}, {"114": "S"}, {"114": "S"}, {"114": "S"}, {"114": "W"}, {"114": "W"}, {"114": "W"}, {"114": "W"}, {"114": "N"}, {"114": "N"}, {"114": "W"}, {"114": "N"}, {"114": "W"}, {"114": "N"}, {"114": "N"}, {"114": "E"}, {"114": "E"}, {"91": "S"}, {"91": "W"}, {"91": "W"}, {"91": "W"}, {"91": "W"}, {"91": "W"}, {"91": "W"}, {"91": "W"}, {"91": "W"}, {"91": "W"}, {"91": "W"}, {"91": "W"}, {"91": "W"}, {"91": "N"}, {"91": "N"}, {"91": "W"}, {"91": "W"}, {"91": "W"}, {"91": "W"}, {"91": "W"}, {"91": "W"}, {"91": "S"}, {"91": "W"}, {"91": "W"}, {"91": "W"}, {"91": "W"}, {"91": "S"}, {"91": "S"}, {"91": "W"}, {"91": "S"}, {"91": "S"}, {"91": "S"}, {"91": "S"}, {"91": "S"}, {"91": "E"}, {"77": "W"}, {"77": "S"}, {"77": "S"}, {"77": "S"}, {"77": "S"}, {"77": "S"}, {"77": "S"}, {"77": "S"}, {"77": "S"}, {"77": "S"}, {"77": "W"}, {"77": "S"}, {"77": "W"}, {"77": "W"}, {"77": "W"}, {"77": "S"}, {"77": "W"}, {"77": "S"}, {"77": "W"}, {"77": "S"}, {"77": "S"}, {"77": "S"}, {"77": "S"}, {"77": "S"}, {"77": "S"}, {"77": "E"}, {"77": "S"}, {"77": "E"}, {"77": "S"}, {"77": "S"}, {"77": "E"}, {"77": "E"}, {"77": "N"}, {"77": "E"}, {"77": "E"}, {"77": "E"}, {"77": "E"}, {"77": "N"}, {"77": "N"}, {"55": "S"}, {"55": "W"}, {"55": "W"}, {"55": "W"}, {"55": "W"}, {"55": "W"}, {"55": "W"}, {"55": "W"}, {"55": "W"}, {"55": "W"}, {"55": "W"}, {"55": "W"}, {"55": "W"}, {"55": "S"}, {"55": "S"}, {"55": "S"}, {"55": "S"}, {"55": "W"}, {"55": "S"}, {"55": "W"}, {"55": "S"}, {"55": "S"}, {"55": "S"}, {"55": "W"}, {"55": "W"}, {"55": "W"}, {"55": "W"}, {"55": "W"}, {"55": "W"}, {"55": "W"}, {"55": "W"}, {"55": "W"}, {"55": "W"}, {"55": "W"}, {"55": "W"}, {"55": "N"}, {"55": "N"}, {"55": "N"}, {"55": "N"}, {"55": "N"}, {"53": "N"}, {"53": "W"}, {"53": "W"}, {"53": "W"}, {"53": "W"}, {"53": "W"}, {"53": "W"}, {"53": "W"}, {"53": "W"}, {"53": "W"}, {"53": "W"}, {"53": "W"}, {"53": "W"}, {"53": "W"}, {"53": "W"}, {"53": "N"}, {"53": "N"}, {"53": "N"}, {"53": "N"}, {"53": "N"}, {"53": "N"}, {"53": "W"}, {"53": "W"}, {"53": "N"}, {"53": "N"}, {"53": "W"}, {"53": "W"}, {"53": "W"}, {"53": "W"}, {"53": "W"}, {"53": "W"}, {"53": "S"}, {"53": "W"}, {"53": "W"}, {"53": "W"}, {"53": "W"}, {"53": "S"}, {"53": "S"}, {"53": "W"}, {"53": "S"}, {"53": "S"}, {"53": "E"}, {"21": "S"}, {"21": "S"}, {"21": "S"}, {"21": "S"}, {"21": "E"}, {"21": "E"}, {"21": "E"}, {"21": "E"}, {"21": "S"}, {"21": "E"}, {"21": "E"}, {"21": "E"}, {"21": "E"}, {"21": "E"}, {"21": "E"}, {"21": "S"}, {"21": "S"}, {"21": "E"}, {"12": "N"}, {"12": "W"}, {"12": "W"}, {"12": "W"}, {"12": "W"}, {"12": "W"}, {"12": "W"}, {"12": "W"}, {"12": "W"}, {"12": "W"}, {"12": "W"}, {"12": "W"}, {"12": "W"}, {"12": "W"}, {"12": "S"}, {"12": "S"}, {"12": "S"}, {"12": "S"}, {"12": "S"}, {"12": "S"}, {"12": "S"}, {"12": "W"}, {"12": "S"}, {"12": "W"}, {"12": "S"}, {"12": "S"}, {"12": "S"}, {"12": "W"}, {"12": "W"}, {"12": "W"}, {"12": "W"}, {"12": "W"}, {"12": "W"}, {"12": "W"}, {"12": "W"}, {"12": "N"}, {"12": "N"}, {"12": "N"}, {"12": "N"}, {"143": "W"}, {"143": "W"}, {"143": "W"}, {"143": "W"}, {"143": "W"}, {"143": "W"}, {"143": "W"}, {"143": "W"}, {"143": "N"}, {"143": "N"}, {"143": "N"}, {"143": "N"}, {"143": "N"}, {"143": "W"}, {"143": "W"}, {"143": "N"}, {"143": "W"}, {"143": "W"}, {"143": "W"}, {"143": "W"}, {"143": "W"}, {"143": "W"}, {"143": "N"}, {"143": "N"}, {"144": "N"}, {"144": "N"}, {"144": "E"}, {"144": "E"}, {"144": "E"}, {"144": "E"}, {"144": "N"}, {"144": "E"}, {"144": "E"}, {"113": "N"}, {"113": "N"}, {"113": "E"}, {"113": "E"}, {"113": "E"}, {"113": "E"}, {"113": "E"}, {"122": "W"}, {"122": "W"}, {"122": "W"}, {"122": "W"}, {"122": "W"}, {"122": "S"}, {"122": "S"}, {"122": "S"}, {"122": "S"}, {"122": "S"}, {"122": "W"}, {"122": "S"}, {"122": "W"}, {"122": "S"}, {"122": "S"}, {"122": "S"}, {"122": "W"}, {"122": "S"}, {"122": "W"}, {"122": "W"}, {"122": "W"}, {"122": "W"}, {"122": "W"}, {"122": "W"}, {"122": "W"}, {"122": "W"}, {"122": "W"}, {"122": "W"}, {"122": "W"}, {"122": "W"}, {"122": "N"}, {"95": "E"}, {"95": "E"}, {"95": "N"}, {"95": "N"}, {"95": "E"}, {"95": "N"}, {"95": "E"}, {"95": "N"}, {"95": "E"}, {"95": "E"}, {"95": "E"}, {"95": "N"}, {"95": "E"}, {"95": "E"}, {"95": "E"}, {"95": "E"}, {"95": "E"}, {"95": "E"}, {"95": "S"}, {"95": "E"}, {"95": "E"}, {"95": "S"}, {"95": "S"}, {"95": "S"}, {"95": "S"}, {"95": "S"}, {"95": "S"}, {"95": "S"}, {"95": "E"}, {"95": "S"}, {"95": "S"}, {"95": "E"}, {"95": "E"}, {"71": "E"}, {"71": "S"}, {"71": "S"}, {"71": "S"}, {"71": "S"}, {"71": "S"}, {"71": "E"}, {"71": "E"}, {"71": "E"}, {"71": "E"}, {"71": "E"}, {"71": "E"}, {"71": "E"}, {"71": "E"}, {"71": "E"}, {"71": "E"}, {"29": "N"}, {"29": "W"}, {"29": "W"}, {"29": "W"}, {"29": "W"}, {"29": "W"}, {"29": "W"}, {"29": "W"}, {"29": "W"}, {"29": "W"}, {"29": "W"}, {"29": "N"}, {"29": "N"}, {"29": "N"}, {"29": "N"}, {"11": "N"}, {"11": "N"}, {"11": "E"}, {"11": "E"}, {"11": "E"}, {"11": "E"}, {"11": "E"}, {"11": "E"}, {"11": "E"}, {"11": "E"}, {"11": "E"}, {"11": "E"}, {"11": "E"}, {"11": "E"}, {"11": "N"}, {"11": "E"}, {"11": "E"}, {"11": "E"}, {"11": "E"}, {"11": "E"}, {"11": "E"}, {"11": "S"}, {"180": "N"}, {"180": "W"}, {"180": "W"}, {"180": "W"}, {"180": "W"}, {"180": "W"}, {"180": "W"}, {"180": "W"}, {"180": "S"}, {"180": "S"}, {"180": "S"}, {"180": "S"}, {"180": "S"}, {"180": "S"}, {"180": "W"}, {"180": "S"}, {"180": "W"}, {"180": "S"}, {"180": "W"}, {"180": "S"}, {"180": "S"}, {"180": "S"}, {"180": "W"}, {"180": "S"}, {"180": "W"}, {"180": "W"}, {"180": "N"}, {"141": "W"}, {"141": "S"}, {"141": "S"}, {"141": "S"}, {"141": "S"}, {"141": "S"}, {"141": "S"}, {"141": "S"}, {"141": "S"}, {"141": "S"}, {"141": "S"}, {"141": "S"}, {"141": "S"}, {"141": "S"}, {"141": "E"}, {"141": "E"}, {"141": "S"}, {"141": "S"}, {"141": "W"}, {"141": "S"}, {"141": "S"}, {"141": "S"}, {"105": "E"}, {"105": "S"}, {"105": "S"}, {"105": "S"}, {"105": "S"}, {"105": "S"}, {"105": "S"}, {"105": "E"}, {"105": "E"}, {"105": "S"}, {"105": "S"}, {"105": "S"}, {"105": "S"}, {"105": "S"}, {"96": "S"}, {"96": "S"}, {"96": "S"}, {"96": "S"}, {"96": "S"}, {"96": "E"}, {"96": "S"}, {"96": "S"}, {"96": "S"}, {"96": "S"}, {"96": "E"}, {"96": "S"}, {"96": "S"}, {"96": "W"}, {"96": "W"}, {"96": "S"}, {"96": "S"}, {"92": "S"}, {"92": "E"}, {"92": "E"}, {"92": "S"}, {"92": "S"}, {"92": "S"}, {"92": "E"}, {"92": "E"}, {"92": "E"}, {"92": "E"}, {"52": "S"}, {"52": "S"}, {"52": "S"}, {"52": "S"}, {"52": "S"}, {"52": "S"}, {"52": "E"}, {"50": "N"}, {"50": "N"}, {"50": "N"}, {"50": "N"}, {"50": "N"}, {"50": "W"}, {"50": "W"}, {"50": "N"}, {"50": "W"}, {"50": "W"}, {"50": "W"}, {"50": "W"}, {"50": "N"}, {"50": "N"}, {"50": "N"}, {"50": "N"}, {"50": "N"}, {"50": "N"}, {"50": "N"}, {"50": "N"}, {"50": "N"}, {"50": "N"}, {"50": "N"}, {"50": "E"}, {"50": "E"}, {"50": "E"}, {"50": "E"}, {"50": "E"}, {"50": "N"}, {"50": "E"}, {"50": "E"}, {"50": "S"}, {"37": "W"}, {"37": "W"}, {"37": "W"}, {"37": "W"}, {"37": "W"}, {"37": "W"}, {"37": "W"}, {"37": "W"}, {"37": "W"}, {"37": "W"}, {"37": "N"}, {"37": "N"}, {"37": "N"}, {"37": "N"}, {"37": "N"}, {"37": "N"}, {"37": "N"}, {"37": "N"}, {"37": "N"}, {"37": "N"}, {"37": "N"}, {"37": "N"}, {"37": "N"}, {"37": "N"}, {"37": "N"}, {"32": "E"}, {"32": "S"}, {"32": "S"}, {"32": "S"}, {"32": "S"}, {"32": "S"}, {"32": "S"}, {"32": "E"}, {"32": "E"}, {"32": "E"}, {"32": "S"}, {"8": "S"}, {"8": "W"}, {"8": "W"}, {"8": "W"}, {"8": "W"}, {"8": "W"}, {"8": "S"}, {"8": "S"}, {"8": "S"}, {"8": "W"}, {"8": "S"}, {"8": "W"}, {"8": "S"}, {"8": "W"}, {"8": "S"}, {"8": "S"}, {"8": "S"}, {"8": "W"}, {"168": "W"}, {"168": "S"}, {"168": "S"}, {"168": "S"}, {"168": "S"}, {"168": "S"}, {"168": "S"}, {"168": "E"}, {"168": "E"}, {"168": "S"}, {"168": "S"}, {"168": "S"}, {"168": "S"}, {"168": "E"}, {"168": "S"}, {"168": "S"}, {"168": "S"}, {"168": "E"}, {"156": "N"}, {"156": "E"}, {"156": "E"}, {"156": "N"}, {"156": "N"}, {"156": "N"}, {"156": "N"}, {"156": "N"}, {"156": "N"}, {"156": "E"}, {"156": "E"}, {"156": "E"}, {"156": "E"}, {"156": "E"}, {"156": "E"}, {"156": "N"}, {"156": "E"}, {"156": "E"}, {"156": "E"}, {"156": "E"}, {"127": "S"}, {"127": "W"}, {"127": "W"}, {"127": "W"}, {"127": "W"}, {"127": "W"}, {"127": "W"}, {"127": "W"}, {"127": "W"}, {"127": "W"}, {"127": "W"}, {"127": "W"}, {"127": "S"}, {"127": "S"}, {"127": "S"}, {"127": "S"}, {"127": "S"}, {"127": "S"}, {"127": "S"}, {"126": "S"}, {"126": "S"}, {"126": "S"}, {"126": "S"}, {"126": "E"}, {"126": "E"}, {"126": "E"}, {"126": "E"}, {"126": "S"}, {"126": "E"}, {"126": "E"}, {"126": "E"}, {"126": "E"}, {"90": "S"}, {"90": "S"}, {"90": "E"}, {"90": "E"}, {"90": "E"}, {"90": "E"}, {"82": "W"}, {"82": "S"}, {"82": "S"}, {"82": "S"}, {"82": "S"}, {"82": "S"}, {"82": "S"}, {"82": "S"}, {"82": "E"}, {"82": "S"}, {"82": "E"}, {"82": "E"}, {"82": "E"}, {"82": "E"}, {"82": "S"}, {"82": "S"}, {"82": "S"}, {"82": "S"}, {"82": "E"}, {"82": "S"}, {"82": "S"}, {"82": "W"}, {"82": "S"}, {"82": "S"}, {"66": "E"}, {"66": "S"}, {"66": "S"}, {"66": "S"}, {"66": "S"}, {"66": "S"}, {"66": "S"}, {"66": "S"}, {"66": "S"}, {"66": "S"}, {"66": "S"}, {"66": "S"}, {"66": "S"}, {"66": "S"}, {"66": "E"}, {"66": "E"}, {"66": "S"}, {"66": "S"}, {"66": "E"}, {"66": "E"}, {"64": "S"}, {"64": "W"}, {"64": "W"}, {"64": "W"}, {"64": "W"}, {"64": "W"}, {"64": "W"}, {"64": "S"}, {"64": "S"}, {"64": "S"}, {"64": "S"}, {"64": "S"}, {"64": "S"}, {"64": "W"}, {"45": "S"}, {"45": "W"}, {"45": "W"}, {"45": "W"}, {"45": "S"}, {"45": "W"}, {"45": "W"}, {"45": "W"}, {"45": "W"}, {"45": "W"}, {"45": "W"}, {"45": "W"}, {"45": "W"}, {"45": "W"}, {"45": "W"}, {"45": "S"}, {"45": "W"}, {"45": "W"}, {"45": "S"}, {"45": "W"}, {"45": "S"}, {"45": "S"}, {"45": "S"}, {"45": "S"}, {"45": "W"}, {"45": "W"}, {"45": "W"}, {"45": "W"}, {"45": "N"}, {"45": "N"}, {"45": "E"}, {"27": "W"}, {"27": "W"}, {"27": "W"}, {"27": "W"}, {"27": "S"}, {"27": "S"}, {"27": "W"}, {"27": "W"}, {"27": "S"}, {"27": "S"}, {"6": "N"}, {"6": "W"}, {"6": "W"}, {"6": "W"}, {"6": "W"}, {"6": "W"}, {"6": "W"}, {"6": "W"}, {"6": "W"}, {"6": "W"}, {"6": "S"}, {"6": "S"}, {"6": "S"}, {"6": "S"}, {"6": "S"}, {"6": "S"}, {"6": "S"}, {"6": "S"}, {"6": "S"}, {"6": "S"}, {"6": "W"}, {"6": "W"}, {"6": "S"}, {"6": "W"}, {"6": "S"}, {"6": "S"}, {"6": "S"}, {"6": "S"}, {"6": "W"}, {"6": "W"}, {"6": "W"}, {"6": "W"}, {"6": "W"}, {"6": "W"}, {"6": "W"}, {"6": "N"}, {"6": "N"}, {"6": "N"}, {"162": "W"}, {"162": "W"}, {"162": "W"}, {"162": "W"}, {"162": "W"}, {"162": "W"}, {"162": "W"}, {"162": "N"}, {"162": "N"}, {"162": "N"}, {"162": "W"}, {"162": "W"}, {"162": "W"}, {"162": "W"}, {"162": "N"}, {"162": "W"}, {"162": "W"}, {"162": "W"}, {"162": "W"}, {"162": "W"}, {"162": "W"}, {"162": "W"}, {"162": "W"}, {"162": "W"}, {"162": "W"}, {"162": "S"}, {"162": "S"}, {"162": "S"}, {"162": "S"}, {"162": "S"}, {"162": "S"}, {"162": "W"}, {"162": "S"}, {"162": "S"}, {"162": "S"}, {"162": "E"}, {"189": "S"}, {"189": "S"}, {"189": "S"}, {"189": "S"}, {"189": "E"}, {"189": "E"}, {"189": "E"}, {"189": "E"}, {"189": "E"}, {"189": "E"}, {"189": "S"}, {"189": "E"}, {"189": "E"}, {"189": "E"}, {"189": "E"}, {"189": "S"}, {"189": "S"}, {"189": "S"}, {"189": "E"}, {"189": "E"}, {"163": "S"}, {"163": "W"}, {"163": "W"}, {"163": "W"}, {"163": "W"}, {"163": "W"}, {"163": "W"}, {"163": "W"}, {"163": "W"}, {"163": "W"}, {"163": "W"}, {"163": "W"}, {"163": "W"}, {"163": "W"}, {"163": "S"}, {"163": "S"}, {"163": "S"}, {"163": "S"}, {"163": "W"}, {"163": "W"}, {"163": "S"}, {"163": "W"}, {"163": "S"}, {"163": "S"}, {"163": "S"}, {"163": "S"}, {"163": "W"}, {"163": "W"}, {"163": "W"}, {"163": "W"}, {"163": "W"}, {"163": "W"}, {"163": "W"}, {"163": "W"}, {"163": "W"}, {"163": "W"}, {"163": "W"}, {"163": "W"}, {"163": "N"}, {"163": "N"}, {"163": "N"}, {"163": "N"}, {"151": "S"}, {"151": "W"}, {"151": "W"}, {"151": "W"}, {"151": "W"}, {"151": "W"}, {"151": "W"}, {"151": "S"}, {"151": "S"}, {"151": "S"}, {"151": "S"}, {"151": "W"}, {"151": "W"}, {"151": "S"}, {"151": "W"}, {"151": "S"}, {"151": "S"}, {"151": "S"}, {"151": "S"}, {"151": "W"}, {"151": "W"}, {"151": "W"}, {"151": "W"}, {"151": "W"}, {"151": "W"}, {"151": "W"}, {"151": "W"}, {"151": "W"}, {"151": "W"}, {"151": "W"}, {"151": "W"}, {"151": "N"}, {"151": "N"}, {"151": "W"}, {"151": "N"}, {"151": "N"}, {"151": "N"}, {"151": "W"}, {"151": "N"}, {"142": "N"}, {"142": "W"}, {"142": "W"}, {"142": "W"}, {"142": "W"}, {"142": "W"}, {"142": "W"}, {"142": "S"}, {"142": "S"}, {"142": "S"}, {"142": "S"}, {"142": "W"}, {"142": "W"}, {"142": "S"}, {"142": "W"}, {"142": "S"}, {"142": "S"}, {"142": "S"}, {"142": "S"}, {"142": "W"}, {"142": "W"}, {"142": "W"}, {"142": "W"}, {"142": "N"}, {"142": "N"}, {"142": "N"}, {"124": "E"}, {"124": "S"}, {"124": "E"}, {"124": "S"}, {"124": "S"}, {"124": "S"}, {"124": "S"}, {"124": "S"}, {"124": "S"}, {"124": "S"}, {"124": "W"}, {"124": "S"}, {"123": "S"}, {"123": "W"}, {"123": "W"}, {"123": "W"}, {"123": "W"}, {"123": "W"}, {"123": "W"}, {"123": "W"}, {"123": "W"}, {"123": "W"}, {"123": "S"}, {"123": "W"}, {"123": "W"}, {"123": "W"}, {"123": "N"}, {"117": "W"}, {"117": "W"}, {"117": "W"}, {"117": "W"}, {"117": "W"}, {"117": "W"}, {"117": "N"}, {"117": "N"}, {"117": "N"}, {"117": "N"}, {"117": "N"}, {"117": "N"}, {"117": "N"}, {"117": "N"}, {"112": "N"}, {"112": "W"}, {"112": "W"}, {"112": "W"}, {"112": "W"}, {"112": "N"}, {"112": "N"}, {"104": "S"}, {"104": "E"}, {"104": "S"}, {"104": "S"}, {"104": "S"}, {"104": "S"}, {"104": "S"}, {"104": "S"}, {"104": "S"}, {"104": "S"}, {"104": "S"}, {"104": "S"}, {"104": "S"}, {"104": "S"}, {"104": "S"}, {"104": "E"}, {"104": "E"}, {"104": "S"}, {"104": "S"}, {"104": "S"}, {"104": "S"}, {"104": "S"}, {"104": "S"}, {"104": "E"}, {"102": "N"}, {"102": "N"}, {"102": "E"}, {"102": "E"}, {"102": "N"}, {"102": "N"}, {"102": "N"}, {"102": "N"}, {"102": "N"}, {"102": "N"}, {"102": "N"}, {"102": "W"}, {"102": "W"}, {"102": "N"}, {"102": "N"}, {"102": "N"}, {"102": "N"}, {"102": "N"}, {"102": "W"}, {"102": "N"}, {"102": "N"}, {"102": "N"}, {"102": "N"}, {"102": "W"}, {"102": "W"}, {"102": "W"}, {"102": "W"}, {"102": "N"}, {"102": "W"}, {"102": "W"}, {"102": "W"}, {"102": "W"}, {"102": "W"}, {"102": "W"}, {"89": "N"}, {"89": "W"}, {"89": "W"}, {"89": "W"}, {"89": "W"}, {"89": "W"}, {"89": "W"}, {"89": "W"}, {"89": "W"}, {"89": "W"}, {"89": "W"}, {"89": "W"}, {"89": "S"}, {"89": "W"}, {"89": "S"}, {"61": "S"}, {"61": "E"}, {"61": "E"}, {"61": "E"}, {"61": "N"}, {"61": "N"}, {"61": "E"}, {"61": "N"}, {"61": "N"}, {"61": "E"}, {"61": "N"}, {"61": "E"}, {"61": "N"}, {"61": "E"}, {"61": "E"}, {"61": "E"}, {"61": "N"}, {"61": "E"}, {"61": "E"}, {"61": "E"}, {"61": "N"}, {"61": "E"}, {"61": "E"}, {"61": "S"}, {"61": "E"}, {"61": "E"}, {"61": "E"}, {"61": "E"}, {"61": "S"}, {"61": "S"}, {"61": "S"}, {"61": "S"}, {"61": "E"}, {"61": "S"}, {"61": "S"}, {"61": "S"}, {"61": "S"}, {"61": "E"}, {"61": "E"}, {"26": "S"}, {"26": "W"}, {"26": "W"}, {"26": "W"}, {"26": "W"}, {"26": "W"}, {"26": "W"}, {"26": "W"}, {"26": "W"}, {"26": "W"}, {"26": "W"}, {"26": "W"}, {"26": "S"}, {"26": "S"}, {"26": "S"}, {"26": "S"}, {"26": "W"}, {"26": "S"}, {"26": "S"}, {"26": "S"}, {"26": "W"}, {"26": "W"}, {"10": "S"}, {"10": "W"}, {"10": "W"}, {"10": "W"}, {"10": "W"}, {"10": "W"}, {"10": "W"}, {"10": "W"}, {"10": "S"}, {"10": "S"}, {"10": "S"}, {"10": "S"}, {"10": "S"}, {"10": "S"}, {"10": "S"}, {"10": "S"}, {"10": "S"}, {"7": "E"}, {"7": "S"}, {"7": "S"}, {"7": "S"}, {"7": "S"}, {"7": "W"}, {"7": "W"}, {"7": "W"}, {"7": "W"}, {"7": "W"}, {"7": "W"}, {"7": "W"}, {"7": "W"}, {"7": "S"}, {"7": "S"}, {"7": "S"}, {"7": "S"}, {"7": "S"}, {"7": "S"}, {"7": "S"}, {"7": "W"}, {"7": "S"}, {"7": "S"}, {"7": "W"}, {"7": "S"}, {"7": "S"}, {"7": "S"}, {"7": "S"}, {"7": "E"}, {"7": "E"}, {"198": "E"}, {"198": "S"}, {"198": "S"}, {"198": "S"}, {"198": "S"}, {"198": "W"}, {"198": "S"}, {"198": "S"}, {"198": "S"}, {"198": "S"}, {"198": "W"}, {"198": "S"}, {"190": "S"}, {"190": "W"}, {"190": "W"}, {"190": "W"}, {"190": "W"}, {"190": "W"}, {"190": "W"}, {"190": "S"}, {"190": "S"}, {"190": "W"}, {"190": "W"}, {"190": "W"}, {"190": "W"}, {"190": "W"}, {"190": "W"}, {"190": "S"}, {"190": "S"}, {"190": "S"}, {"188": "E"}, {"188": "N"}, {"188": "N"}, {"188": "N"}, {"188": "N"}, {"188": "W"}, {"188": "W"}, {"188": "W"}, {"188": "W"}, {"188": "W"}, {"188": "W"}, {"188": "W"}, {"188": "W"}, {"188": "W"}, {"188": "W"}, {"188": "W"}, {"188": "W"}, {"188": "N"}, {"188": "N"}, {"188": "W"}, {"188": "N"}, {"188": "N"}, {"188": "N"}, {"188": "W"}, {"187": "E"}, {"187": "E"}, {"187": "E"}, {"187": "E"}, {"187": "E"}, {"187": "S"}, {"187": "E"}, {"187": "E"}, {"187": "N"}, {"187": "E"}, {"187": "E"}, {"187": "E"}, {"187": "N"}, {"187": "E"}, {"187": "E"}, {"187": "S"}, {"140": "W"}, {"140": "S"}, {"140": "S"}, {"140": "S"}, {"140": "S"}, {"140": "S"}, {"140": "S"}, {"140": "E"}, {"140": "E"}, {"140": "E"}, {"140": "E"}, {"140": "E"}, {"140": "S"}, {"140": "E"}, {"140": "E"}, {"140": "E"}, {"140": "S"}, {"140": "S"}, {"140": "S"}, {"140": "S"}, {"140": "E"}, {"140": "S"}, {"140": "S"}, {"140": "S"}, {"140": "S"}, {"140": "S"}, {"140": "E"}, {"140": "E"}, {"140": "S"}, {"140": "S"}, {"140": "S"}, {"140": "S"}, {"140": "S"}, {"140": "S"}, {"140": "S"}, {"140": "W"}, {"140": "W"}, {"134": "W"}, {"134": "S"}, {"134": "S"}, {"134": "S"}, {"134": "S"}, {"134": "S"}, {"134": "S"}, {"134": "S"}, {"134": "S"}, {"134": "S"}, {"134": "S"}, {"134": "S"}, {"134": "S"}, {"134": "S"}, {"134": "W"}, {"134": "S"}, {"134": "S"}, {"134": "S"}, {"134": "W"}, {"125": "N"}, {"125": "W"}, {"125": "N"}, {"125": "W"}, {"125": "W"}, {"125": "W"}, {"125": "W"}, {"125": "W"}, {"125": "W"}, {"125": "W"}, {"125": "W"}, {"125": "W"}, {"125": "W"}, {"125": "N"}, {"125": "W"}, {"125": "W"}, {"125": "W"}, {"125": "N"}, {"125": "W"}, {"125": "W"}, {"125": "W"}, {"125": "N"}, {"125": "W"}, {"125": "W"}, {"125": "W"}, {"125": "W"}, {"125": "W"}, {"125": "W"}, {"125": "S"}, {"125": "S"}, {"125": "W"}, {"125": "W"}, {"125": "W"}, {"125": "W"}, {"125": "W"}, {"125": "S"}, {"125": "S"}, {"125": "S"}, {"125": "S"}, {"125": "W"}, {"125": "S"}, {"125": "S"}, {"125": "E"}, {"36": "W"}, {"36": "N"}, {"36": "N"}, {"36": "W"}, {"36": "W"}, {"36": "W"}, {"36": "N"}, {"36": "W"}, {"36": "W"}, {"36": "N"}, {"36": "N"}, {"36": "N"}, {"36": "N"}, {"36": "N"}, {"36": "W"}, {"36": "N"}, {"36": "N"}, {"36": "N"}, {"36": "N"}, {"36": "W"}, {"36": "W"}, {"36": "W"}, {"36": "N"}, {"36": "W"}, {"36": "W"}, {"36": "W"}, {"36": "W"}, {"36": "W"}, {"36": "W"}, {"36": "S"}, {"36": "S"}, {"36": "W"}, {"36": "W"}, {"36": "W"}, {"36": "W"}, {"36": "S"}, {"36": "S"}, {"3": "W"}, {"3": "W"}, {"3": "W"}, {"3": "S"}, {"3": "S"}, {"3": "S"}, {"3": "S"}, {"3": "S"}, {"3": "S"}, {"3": "S"}, {"3": "S"}, {"3": "W"}, {"3": "S"}, {"3": "S"}, {"3": "S"}, {"2": "E"}, {"2": "N"}, {"2": "N"}, {"2": "E"}, {"2": "E"}, {"2": "E"}, {"2": "E"}, {"2": "E"}, {"2": "E"}, {"2": "N"}, {"2": "E"}, {"2": "E"}, {"2": "E"}, {"2": "N"}, {"2": "E"}, {"2": "E"}, {"2": "E"}, {"2": "S"}, {"2": "E"}, {"2": "E"}, {"2": "E"}, {"2": "E"}, {"73": "E"}, {"73": "S"}, {"73": "S"}, {"73": "E"}, {"73": "S"}, {"73": "S"}, {"73": "S"}, {"73": "S"}, {"73": "S"}, {"73": "S"}, {"73": "S"}, {"73": "S"}, {"73": "S"}, {"73": "S"}, {"73": "S"}, {"73": "S"}, {"73": "S"}, {"73": "S"}, {"73": "E"}, {"185": "N"}, {"185": "W"}, {"185": "W"}, {"185": "N"}, {"185": "W"}, {"185": "W"}, {"185": "W"}, {"185": "N"}, {"185": "W"}, {"185": "W"}, {"185": "N"}, {"185": "N"}, {"185": "N"}, {"185": "N"}, {"185": "N"}, {"185": "W"}, {"185": "N"}, {"185": "N"}, {"185": "N"}, {"185": "N"}, {"185": "W"}, {"185": "W"}, {"185": "W"}, {"185": "N"}, {"185": "W"}, {"185": "W"}, {"185": "W"}, {"185": "W"}, {"185": "W"}, {"185": "W"}, {"184": "W"}, {"184": "N"}, {"184": "N"}, {"184": "N"}, {"184": "N"}, {"184": "W"}, {"184": "W"}, {"184": "W"}, {"184": "W"}, {"184": "W"}, {"184": "W"}, {"184": "W"}, {"184": "W"}, {"184": "W"}, {"184": "W"}, {"184": "W"}, {"184": "N"}, {"184": "N"}, {"184": "N"}, {"184": "W"}, {"184": "N"}, {"184": "N"}, {"184": "N"}, {"184": "N"}, {"184": "N"}, {"184": "N"}, {"184": "N"}, {"184": "N"}, {"184": "N"}, {"184": "N"}, {"184": "E"}, {"158": "S"}, {"158": "W"}, {"158": "W"}, {"158": "W"}, {"158": "W"}, {"158": "S"}, {"158": "S"}, {"158": "W"}, {"158": "W"}, {"158": "W"}, {"158": "W"}, {"158": "S"}, {"150": "E"}, {"150": "S"}, {"150": "S"}, {"150": "S"}, {"150": "S"}, {"150": "E"}, {"150": "E"}, {"150": "E"}, {"150": "S"}, {"150": "S"}, {"150": "E"}, {"150": "E"}, {"150": "E"}, {"150": "E"}, {"150": "E"}, {"150": "S"}, {"150": "E"}, {"150": "E"}, {"150": "E"}, {"150": "S"}, {"150": "S"}, {"150": "S"}, {"150": "S"}, {"150": "E"}, {"150": "S"}, {"150": "S"}, {"150": "S"}, {"150": "S"}, {"150": "S"}, {"150": "E"}, {"150": "E"}, {"150": "S"}, {"150": "S"}, {"150": "E"}, {"150": "S"}, {"150": "S"}, {"150": "W"}, {"150": "W"}, {"150": "W"}, {"150": "W"}, {"146": "S"}, {"146": "S"}, {"146": "E"}, {"146": "S"}, {"146": "S"}, {"146": "E"}, {"146": "E"}, {"146": "E"}, {"146": "E"}, {"146": "E"}, {"146": "E"}, {"146": "E"}, {"146": "E"}, {"146": "E"}, {"146": "E"}, {"146": "S"}, {"111": "S"}, {"111": "S"}, {"111": "S"}, {"111": "S"}, {"111": "E"}, {"111": "S"}, {"111": "S"}, {"111": "S"}, {"111": "S"}, {"111": "S"}, {"111": "S"}, {"111": "S"}, {"111": "S"}, {"111": "E"}, {"111": "S"}, {"111": "S"}, {"97": "N"}, {"97": "E"}, {"97": "E"}, {"97": "E"}, {"97": "N"}, {"97": "N"}, {"97": "N"}, {"97": "E"}, {"97": "E"}, {"97": "E"}, {"97": "E"}, {"97": "E"}, {"97": "E"}, {"97": "N"}, {"97": "E"}, {"97": "N"}, {"97": "N"}, {"97": "E"}, {"97": "E"}, {"97": "E"}, {"97": "E"}, {"97": "E"}, {"97": "E"}, {"93": "W"}, {"93": "S"}, {"93": "S"}, {"93": "S"}, {"93": "S"}, {"93": "E"}, {"67": "E"}, {"67": "S"}, {"67": "S"}, {"67": "S"}, {"67": "S"}, {"67": "S"}, {"67": "S"}, {"67": "S"}, {"67": "S"}, {"67": "S"}, {"67": "E"}, {"67": "E"}, {"67": "S"}, {"67": "E"}, {"67": "E"}, {"67": "E"}, {"67": "S"}, {"67": "S"}, {"67": "S"}, {"67": "S"}, {"67": "E"}, {"67": "S"}, {"67": "S"}, {"67": "S"}, {"67": "S"}, {"67": "S"}, {"67": "E"}, {"40": "N"}, {"40": "E"}, {"40": "E"}, {"40": "N"}, {"40": "N"}, {"40": "N"}, {"40": "N"}, {"40": "N"}, {"40": "N"}, {"40": "N"}, {"40": "N"}, {"40": "N"}, {"40": "E"}, {"40": "E"}, {"40": "E"}, {"40": "E"}, {"40": "E"}, {"40": "E"}, {"40": "N"}, {"40": "E"}, {"40": "E"}, {"40": "E"}, {"40": "N"}, {"40": "E"}, {"40": "E"}, {"40": "E"}, {"40": "S"}, {"40": "E"}, {"40": "E"}, {"40": "E"}, {"40": "S"}, {"40": "E"}, {"40": "E"}, {"33": "S"}, {"33": "W"}, {"33": "W"}, {"33": "W"}, {"33": "W"}, {"33": "W"}, {"33": "W"}, {"33": "W"}, {"33": "S"}, {"33": "S"}, {"33": "S"}, {"33": "S"}, {"33": "S"}, {"33": "S"}, {"33": "S"}, {"33": "S"}, {"33": "W"}, {"33": "S"}, {"33": "S"}, {"25": "W"}, {"25": "N"}, {"25": "N"}, {"25": "N"}, {"25": "W"}, {"25": "W"}, {"25": "W"}, {"25": "W"}, {"25": "W"}, {"25": "W"}, {"25": "W"}, {"25": "W"}, {"25": "W"}, {"25": "N"}, {"25": "N"}, {"25": "N"}, {"25": "N"}, {"19": "N"}, {"19": "W"}, {"19": "W"}, {"19": "W"}, {"19": "W"}, {"19": "W"}, {"19": "N"}, {"19": "W"}, {"19": "W"}, {"19": "W"}, {"19": "N"}, {"19": "W"}, {"19": "W"}, {"19": "N"}, {"19": "N"}, {"19": "W"}, {"19": "N"}, {"19": "N"}, {"19": "N"}, {"19": "N"}, {"19": "W"}, {"19": "W"}, {"19": "W"}, {"19": "N"}, {"19": "W"}, {"19": "W"}, {"19": "W"}, {"19": "W"}, {"19": "W"}, {"19": "S"}, {"19": "W"}, {"19": "S"}, {"19": "W"}, {"19": "W"}, {"19": "N"}, {"5": "W"}, {"5": "S"}, {"5": "S"}, {"5": "S"}, {"5": "S"}, {"5": "S"}, {"5": "W"}, {"5": "W"}, {"5": "W"}, {"5": "W"}, {"5": "W"}, {"5": "S"}, {"5": "S"}, {"5": "S"}, {"5": "S"}, {"5": "W"}, {"5": "W"}, {"5": "S"}, {"5": "W"}, {"5": "W"}, {"5": "W"}, {"5": "S"}, {"5": "W"}, {"5": "W"}, {"5": "S"}, {"5": "W"}, {"5": "S"}, {"5": "S"}, {"5": "S"}, {"5": "S"}, {"5": "S"}, {"5": "S"}, {"5": "S"}, {"5": "S"}, {"5": "S"}, {"5": "S"}, {"5": "S"}, {"5": "S"}, {"5": "E"}, {"5": "E"}, {"5": "E"}, {"5": "E"}, {"5": "E"}, {"5": "E"}, {"5": "E"}, {"5": "E"}, {"5": "S"}, {"192": "S"}, {"192": "E"}, {"192": "E"}, {"192": "N"}, {"192": "N"}, {"192": "N"}, {"192": "E"}, {"192": "E"}, {"192": "E"}, {"192": "E"}, {"192": "E"}, {"192": "E"}, {"192": "N"}, {"192": "E"}, {"192": "N"}, {"192": "E"}, {"192": "E"}, {"192": "E"}, {"175": "N"}, {"175": "W"}, {"175": "W"}, {"175": "W"}, {"175": "S"}, {"175": "S"}, {"175": "W"}, {"175": "W"}, {"175": "W"}, {"175": "S"}, {"175": "S"}, {"175": "S"}, {"175": "W"}, {"175": "S"}, {"175": "W"}, {"175": "W"}, {"175": "W"}, {"175": "W"}, {"175": "W"}, {"175": "W"}, {"175": "W"}, {"175": "W"}, {"175": "W"}, {"175": "W"}, {"175": "W"}, {"175": "W"}, {"175": "W"}, {"175": "N"}, {"175": "N"}, {"175": "N"}, {"172": "S"}, {"172": "E"}, {"172": "S"}, {"172": "S"}, {"172": "S"}, {"172": "S"}, {"172": "S"}, {"172": "S"}, {"172": "S"}, {"172": "S"}, {"172": "S"}, {"172": "S"}, {"172": "S"}, {"172": "S"}, {"172": "S"}, {"172": "S"}, {"172": "S"}, {"172": "S"}, {"172": "S"}, {"172": "E"}, {"166": "N"}, {"166": "W"}, {"166": "W"}, {"166": "W"}, {"166": "S"}, {"166": "S"}, {"166": "S"}, {"166": "S"}, {"166": "S"}, {"166": "S"}, {"166": "S"}, {"166": "W"}, {"166": "S"}, {"166": "W"}, {"166": "S"}, {"166": "S"}, {"166": "S"}, {"166": "W"}, {"166": "S"}, {"166": "S"}, {"119": "S"}, {"119": "S"}, {"119": "W"}, {"119": "W"}, {"119": "W"}, {"119": "W"}, {"119": "W"}, {"119": "W"}, {"119": "N"}, {"118": "S"}, {"118": "W"}, {"118": "W"}, {"118": "W"}, {"118": "S"}, {"118": "S"}, {"118": "W"}, {"118": "S"}, {"118": "W"}, {"118": "W"}, {"118": "W"}, {"118": "W"}, {"118": "W"}, {"118": "W"}, {"118": "W"}, {"118": "W"}, {"118": "W"}, {"118": "W"}, {"118": "W"}, {"118": "W"}, {"118": "W"}, {"118": "W"}, {"118": "W"}, {"118": "W"}, {"118": "W"}, {"118": "N"}, {"118": "N"}, {"118": "W"}, {"118": "N"}, {"118": "W"}, {"118": "W"}, {"118": "N"}, {"118": "N"}, {"118": "N"}, {"118": "N"}, {"118": "N"}, {"118": "N"}, {"118": "N"}, {"118": "N"}, {"118": "N"}, {"118": "E"}, {"88": "W"}, {"88": "S"}, {"88": "S"}, {"88": "S"}, {"88": "S"}, {"88": "S"}, {"88": "E"}, {"87": "S"}, {"87": "W"}, {"87": "S"}, {"87": "W"}, {"87": "W"}, {"87": "W"}, {"87": "W"}, {"87": "W"}, {"87": "W"}, {"87": "W"}, {"87": "N"}, {"87": "W"}, {"87": "W"}, {"87": "S"}, {"87": "S"}, {"84": "S"}, {"84": "W"}, {"84": "W"}, {"84": "W"}, {"84": "W"}, {"84": "W"}, {"84": "N"}, {"84": "N"}, {"84": "N"}, {"84": "N"}, {"84": "W"}, {"84": "W"}, {"84": "W"}, {"84": "N"}, {"84": "W"}, {"84": "W"}, {"84": "N"}, {"84": "N"}, {"84": "W"}, {"84": "W"}, {"80": "S"}, {"80": "W"}, {"80": "W"}, {"80": "W"}, {"80": "W"}, {"80": "W"}, {"80": "S"}, {"80": "S"}, {"80": "W"}, {"80": "W"}, {"80": "S"}, {"80": "S"}, {"80": "S"}, {"80": "S"}, {"80": "S"}, {"74": "E"}, {"74": "E"}, {"74": "E"}, {"74": "E"}, {"74": "N"}, {"74": "E"}, {"74": "E"}, {"74": "E"}, {"74": "N"}, {"74": "E"}, {"74": "E"}, {"74": "E"}, {"74": "N"}, {"74": "N"}, {"74": "E"}, {"74": "E"}, {"74": "S"}, {"74": "E"}, {"74": "S"}, {"74": "E"}, {"74": "E"}, {"74": "E"}, {"74": "S"}, {"74": "S"}, {"74": "S"}, {"74": "S"}, {"74": "E"}, {"74": "S"}, {"74": "S"}, {"74": "W"}, {"74": "W"}, {"74": "W"}, {"74": "W"}, {"63": "E"}, {"63": "S"}, {"63": "E"}, {"63": "S"}, {"63": "S"}, {"63": "S"}, {"63": "S"}, {"63": "S"}, {"63": "S"}, {"63": "S"}, {"63": "S"}, {"63": "S"}, {"63": "S"}, {"63": "S"}, {"63": "S"}, {"63": "S"}, {"63": "E"}, {"63": "E"}, {"63": "S"}, {"63": "S"}, {"63": "S"}, {"63": "S"}, {"63": "S"}, {"63": "S"}, {"63": "S"}, {"63": "S"}, {"63": "S"}, {"63": "W"}, {"63": "S"}, {"63": "W"}, {"63": "W"}, {"63": "W"}, {"63": "W"}, {"63": "W"}, {"63": "W"}, {"63": "W"}, {"63": "W"}, {"63": "W"}, {"63": "W"}, {"63": "W"}, {"63": "N"}, {"63": "N"}, {"63": "N"}, {"63": "N"}, {"63": "W"}, {"43": "N"}, {"43": "E"}, {"43": "E"}, {"43": "E"}, {"43": "E"}, {"43": "E"}, {"43": "E"}, {"43": "E"}, {"41": "S"}, {"41": "W"}, {"41": "W"}, {"41": "W"}, {"41": "W"}, {"41": "S"}, {"41": "S"}, {"41": "S"}, {"41": "S"}, {"41": "S"}, {"41": "S"}, {"41": "S"}, {"41": "S"}, {"41": "S"}, {"41": "S"}, {"41": "S"}, {"41": "S"}, {"41": "S"}, {"41": "S"}, {"41": "W"}, {"41": "S"}, {"41": "W"}, {"41": "W"}, {"41": "W"}, {"41": "W"}, {"41": "W"}, {"41": "W"}, {"41": "W"}, {"41": "W"}, {"41": "W"}, {"41": "W"}, {"41": "N"}, {"41": "W"}, {"41": "N"}, {"41": "N"}, {"41": "E"}, {"31": "W"}, {"31": "N"}, {"31": "N"}, {"31": "N"}, {"31": "N"}, {"31": "N"}, {"31": "W"}, {"31": "W"}, {"31": "W"}, {"31": "W"}, {"31": "W"}, {"31": "W"}, {"31": "W"}, {"31": "W"}, {"31": "W"}, {"31": "N"}, {"31": "N"}, {"31": "W"}, {"31": "N"}, {"31": "N"}, {"0": "S"}, {"0": "W"}, {"0": "W"}, {"0": "W"}, {"0": "W"}, {"0": "W"}, {"0": "W"}, {"0": "S"}, {"0": "S"}, {"0": "S"}, {"0": "S"}, {"0": "S"}, {"0": "S"}, {"0": "S"}, {"0": "S"}, {"0": "W"}, {"0": "S"}, {"0": "W"}, {"0": "W"}, {"0": "W"}, {"0": "W"}, {"0": "W"}, {"0": "W"}, {"0": "W"}, {"0": "W"}, {"0": "W"}, {"0": "W"}, {"0": "W"}, {"0": "W"}, {"0": "W"}, {"0": "W"}, {"0": "W"}, {"0": "W"}, {"0": "W"}, {"0": "W"}, {"0": "W"}, {"0": "N"}, {"171": "W"}, {"171": "W"}, {"171": "W"}, {"171": "W"}, {"171": "N"}, {"171": "N"}, {"171": "N"}, {"171": "N"}, {"171": "N"}, {"171": "N"}, {"171": "N"}, {"171": "N"}, {"171": "W"}, {"171": "W"}, {"171": "N"}, {"171": "N"}, {"160": "E"}, {"160": "S"}, {"160": "S"}, {"160": "S"}, {"160": "S"}, {"160": "S"}, {"160": "S"}, {"160": "S"}, {"160": "E"}, {"160": "S"}, {"160": "S"}, {"160": "E"}, {"154": "N"}, {"154": "E"}, {"154": "E"}, {"154": "S"}, {"154": "S"}, {"154": "S"}, {"154": "S"}, {"154": "S"}, {"154": "S"}, {"154": "S"}, {"154": "S"}, {"154": "S"}, {"154": "S"}, {"154": "S"}, {"154": "S"}, {"154": "S"}, {"154": "E"}, {"154": "E"}, {"154": "S"}, {"154": "E"}, {"154": "S"}, {"154": "E"}, {"152": "E"}, {"152": "S"}, {"152": "S"}, {"152": "E"}, {"152": "E"}, {"152": "S"}, {"152": "E"}, {"152": "E"}, {"152": "E"}, {"152": "E"}, {"152": "E"}, {"152": "S"}, {"152": "E"}, {"152": "E"}, {"152": "S"}, {"149": "S"}, {"149": "W"}, {"149": "W"}, {"149": "W"}, {"149": "W"}, {"149": "W"}, {"149": "W"}, {"149": "W"}, {"149": "W"}, {"149": "W"}, {"149": "W"}, {"149": "S"}, {"149": "W"}, {"149": "S"}, {"149": "S"}, {"149": "E"}, {"145": "N"}, {"145": "W"}, {"145": "W"}, {"145": "W"}, {"145": "W"}, {"145": "W"}, {"145": "W"}, {"145": "W"}, {"145": "W"}, {"145": "S"}, {"145": "S"}, {"145": "S"}, {"145": "S"}, {"145": "S"}, {"145": "S"}, {"145": "S"}, {"145": "S"}, {"145": "S"}, {"145": "S"}, {"145": "S"}, {"145": "W"}, {"145": "S"}, {"145": "W"}, {"145": "W"}, {"145": "W"}, {"145": "W"}, {"145": "W"}, {"145": "W"}, {"145": "W"}, {"145": "W"}, {"145": "W"}, {"145": "W"}, {"145": "W"}, {"145": "W"}, {"145": "W"}, {"145": "W"}, {"145": "W"}, {"145": "N"}, {"137": "N"}, {"137": "E"}, {"137": "E"}, {"137": "E"}, {"137": "E"}, {"137": "N"}, {"137": "N"}, {"137": "E"}, {"137": "E"}, {"137": "E"}, {"137": "N"}, {"137": "N"}, {"137": "N"}, {"137": "E"}, {"137": "N"}, {"137": "N"}, {"137": "N"}, {"137": "E"}, {"137": "E"}, {"137": "S"}, {"137": "E"}, {"137": "S"}, {"137": "E"}, {"137": "E"}, {"137": "E"}, {"137": "E"}, {"137": "S"}, {"137": "E"}, {"137": "S"}, {"137": "E"}, {"137": "E"}, {"137": "E"}, {"137": "S"}, {"137": "S"}, {"136": "S"}, {"136": "W"}, {"136": "W"}, {"136": "W"}, {"136": "W"}, {"136": "W"}, {"136": "W"}, {"136": "W"}, {"136": "N"}, {"136": "W"}, {"136": "W"}, {"136": "W"}, {"136": "N"}, {"136": "W"}, {"136": "W"}, {"136": "N"}, {"136": "N"}, {"136": "N"}, {"136": "N"}, {"136": "N"}, {"136": "W"}, {"136": "N"}, {"136": "W"}, {"136": "W"}, {"136": "W"}, {"136": "N"}, {"136": "W"}, {"136": "N"}, {"136": "W"}, {"136": "W"}, {"136": "W"}, {"136": "W"}, {"136": "N"}, {"136": "W"}, {"136": "N"}, {"136": "W"}, {"136": "W"}, {"136": "W"}, {"136": "S"}, {"136": "S"}, {"136": "S"}, {"136": "S"}, {"136": "S"}, {"136": "S"}, {"135": "W"}, {"135": "N"}, {"135": "N"}, {"135": "N"}, {"135": "N"}, {"135": "W"}, {"135": "W"}, {"135": "W"}, {"135": "W"}, {"135": "W"}, {"135": "W"}, {"135": "W"}, {"135": "W"}, {"135": "W"}, {"135": "W"}, {"135": "W"}, {"135": "W"}, {"135": "N"}, {"135": "N"}, {"135": "W"}, {"135": "N"}, {"135": "W"}, {"135": "W"}, {"135": "N"}, {"135": "N"}, {"135": "N"}, {"135": "N"}, {"135": "E"}, {"135": "E"}, {"131": "E"}, {"131": "N"}, {"131": "N"}, {"131": "W"}, {"131": "W"}, {"131": "W"}, {"131": "W"}, {"131": "W"}, {"131": "W"}, {"131": "W"}, {"131": "W"}, {"131": "W"}, {"131": "N"}, {"131": "N"}, {"131": "W"}, {"131": "W"}, {"130": "E"}, {"130": "E"}, {"130": "E"}, {"130": "E"}, {"130": "E"}, {"130": "N"}, {"130": "N"}, {"130": "N"}, {"130": "E"}, {"130": "E"}, {"130": "S"}, {"130": "E"}, {"130": "S"}, {"130": "E"}, {"130": "E"}, {"130": "E"}, {"130": "E"}, {"130": "S"}, {"130": "E"}, {"130": "S"}, {"130": "E"}, {"130": "E"}, {"130": "E"}, {"130": "S"}, {"130": "E"}, {"110": "S"}, {"110": "E"}, {"110": "E"}, {"110": "E"}, {"110": "E"}, {"110": "E"}, {"110": "N"}, {"110": "N"}, {"110": "N"}, {"110": "N"}, {"110": "E"}, {"110": "N"}, {"110": "E"}, {"110": "N"}, {"110": "E"}, {"110": "N"}, {"110": "N"}, {"110": "E"}, {"110": "N"}, {"110": "N"}, {"110": "N"}, {"110": "E"}, {"110": "E"}, {"110": "E"}, {"110": "E"}, {"110": "E"}, {"110": "S"}, {"110": "E"}, {"110": "E"}, {"110": "E"}, {"110": "E"}, {"110": "E"}, {"110": "S"}, {"110": "E"}, {"110": "E"}, {"110": "E"}, {"110": "S"}, {"110": "E"}, {"110": "S"}, {"110": "S"}, {"110": "S"}, {"110": "S"}, {"110": "S"}, {"110": "W"}, {"110": "W"}, {"110": "S"}, {"110": "S"}, {"110": "W"}, {"110": "W"}, {"110": "W"}, {"110": "S"}, {"108": "N"}, {"108": "W"}, {"108": "W"}, {"108": "W"}, {"108": "W"}, {"108": "W"}, {"108": "S"}, {"108": "S"}, {"108": "S"}, {"108": "S"}, {"108": "S"}, {"108": "S"}, {"108": "S"}, {"108": "S"}, {"108": "S"}, {"108": "S"}, {"108": "S"}, {"108": "S"}, {"108": "S"}, {"108": "S"}, {"108": "W"}, {"108": "S"}, {"108": "W"}, {"108": "W"}, {"108": "W"}, {"108": "W"}, {"108": "W"}, {"108": "W"}, {"108": "W"}, {"108": "W"}, {"108": "W"}, {"108": "W"}, {"108": "W"}, {"108": "W"}, {"108": "W"}, {"108": "W"}, {"108": "W"}, {"108": "W"}, {"108": "W"}, {"108": "N"}, {"108": "N"}, {"108": "W"}, {"108": "N"}, {"108": "W"}, {"46": "W"}, {"46": "W"}, {"46": "S"}, {"46": "S"}, {"46": "S"}, {"46": "S"}, {"46": "S"}, {"46": "S"}, {"46": "S"}, {"46": "S"}, {"46": "S"}, {"46": "W"}, {"46": "S"}, {"46": "S"}, {"46": "S"}, {"46": "S"}, {"46": "S"}, {"46": "S"}, {"46": "S"}, {"46": "S"}, {"46": "S"}, {"46": "S"}, {"46": "S"}, {"46": "S"}, {"46": "S"}, {"46": "S"}, {"46": "E"}, {"46": "E"}, {"46": "E"}, {"46": "E"}, {"46": "E"}, {"46": "E"}, {"46": "N"}, {"46": "N"}, {"46": "E"}, {"46": "E"}, {"46": "E"}, {"46": "N"}, {"46": "N"}, {"46": "N"}, {"38": "E"}, {"38": "S"}, {"38": "S"}, {"38": "S"}, {"38": "S"}, {"38": "S"}, {"38": "S"}, {"38": "W"}, {"38": "W"}, {"38": "W"}, {"38": "W"}, {"38": "W"}, {"38": "W"}, {"38": "W"}, {"38": "W"}, {"38": "W"}, {"38": "S"}, {"38": "S"}, {"38": "S"}, {"38": "S"}], "result": "SUCCESS", "makespan": 4642, "sum": 6254, "algo_name": "OutAndInByPercentage_sea_level_", "extra": {"arrival_order": [195, 129, 115, 16, 157, 13, 183, 159, 30, 120, 39, 139, 109, 182, 132, 165, 164, 121, 42, 14, 197, 138, 76, 17, 54, 170, 100, 98, 62, 59, 47, 4, 176, 153, 106, 22, 86, 34, 186, 178, 79, 51, 28, 20, 15, 9, 99, 56, 174, 85, 70, 194, 179, 173, 116, 78, 60, 57, 83, 44, 103, 75, 69, 35, 1, 48, 147, 94, 72, 65, 107, 199, 191, 181, 148, 101, 81, 58, 49, 18, 193, 169, 167, 128, 68, 24, 23, 196, 177, 161, 155, 133, 114, 91, 77, 55, 53, 21, 12, 143, 144, 113, 122, 95, 71, 29, 11, 180, 141, 105, 96, 92, 52, 50, 37, 32, 8, 168, 156, 127, 126, 90, 82, 66, 64, 45, 27, 6, 162, 189, 163, 151, 142, 124, 123, 117, 112, 104, 102, 89, 61, 26, 10, 7, 198, 190, 188, 187, 140, 134, 125, 36, 3, 2, 73, 185, 184, 158, 150, 146, 111, 97, 93, 67, 40, 33, 25, 19, 5, 192, 175, 172, 166, 119, 118, 88, 87, 84, 80, 74, 63, 43, 41, 31, 0, 171, 160, 154, 152, 149, 145, 137, 136, 135, 131, 130, 110, 108, 46, 38], "time_arrived": [4220, 1390, 3475, 3453, 596, 3846, 2840, 3232, 2627, 950, 3202, 2444, 2287, 123, 368, 914, 97, 444, 1718, 3799, 889, 2248, 702, 1917, 1895, 3764, 3185, 2802, 859, 2422, 187, 4183, 2609, 3747, 750, 1357, 3438, 2598, 4642, 221, 3728, 4163, 343, 4127, 1234, 2792, 4622, 560, 1409, 1698, 2573, 834, 2541, 2230, 462, 2188, 985, 1195, 1679, 543, 1164, 3163, 528, 4119, 2761, 1504, 2747, 3695, 1850, 1323, 1043, 2407, 1483, 3494, 4074, 1289, 425, 2148, 1150, 809, 4041, 1649, 2727, 1216, 4026, 1026, 729, 4006, 3991, 3124, 2703, 2109, 2534, 3668, 1463, 2391, 2524, 3662, 504, 978, 494, 1633, 3109, 1266, 3075, 2507, 681, 1519, 4582, 251, 4538, 3639, 3051, 2327, 2074, 76, 1124, 3044, 3984, 3943, 207, 326, 2358, 3030, 3015, 3401, 2697, 2684, 1830, 61, 4487, 4462, 281, 2035, 3358, 4446, 4417, 4373, 406, 234, 3339, 2493, 3003, 2311, 2320, 4339, 3623, 1439, 1606, 4301, 3607, 2977, 4285, 656, 4270, 2011, 2665, 114, 3567, 163, 4248, 1986, 2876, 2938, 305, 294, 3934, 1807, 2645, 1767, 477, 4236, 3914, 1091, 1010, 3894, 622, 1971, 786, 1077, 2471, 1582, 266, 139, 3555, 3524, 768, 3302, 3286, 2896, 3262, 1555, 3864, 1729, 1057, 47, 1951, 386, 3244, 1532]}}