{"instance": "small_003_10x10_90_46", "steps": [{"38": "S", "18": "S", "44": "E", "43": "S", "10": "S", "39": "S", "25": "N", "23": "S", "15": "W", "5": "S", "2": "E", "24": "S", "16": "S", "8": "N", "17": "S", "1": "S", "31": "S", "12": "S", "40": "S", "28": "W", "19": "S", "4": "W", "45": "E", "42": "W", "37": "E", "36": "S", "34": "N", "32": "W", "29": "S", "26": "W", "20": "N", "14": "W", "9": "W", "6": "W", "3": "W", "0": "S"}, {"38": "S", "18": "S", "44": "E", "43": "S", "13": "N", "25": "E", "23": "S", "21": "S", "15": "W", "5": "S", "24": "S", "16": "S", "17": "S", "1": "W", "12": "S", "40": "S", "28": "N", "22": "S", "19": "W", "11": "W", "45": "E", "41": "N", "37": "S", "34": "N", "33": "E", "29": "S", "26": "W", "14": "S", "3": "N", "0": "S"}, {"38": "S", "18": "S", "44": "S", "43": "S", "13": "W", "25": "E", "23": "S", "21": "S", "15": "N", "5": "S", "2": "W", "24": "S", "16": "S", "8": "S", "17": "S", "1": "W", "12": "S", "40": "S", "28": "N", "22": "E", "19": "N", "11": "N", "45": "S", "42": "S", "35": "S", "34": "N", "33": "E", "32": "N", "29": "S", "27": "W", "26": "N", "14": "W", "6": "N", "3": "W", "0": "S"}, {"38": "S", "18": "S", "44": "S", "43": "S", "13": "W", "10": "E", "39": "W", "25": "E", "23": "S", "15": "N", "5": "S", "24": "S", "16": "E", "8": "S", "1": "W", "28": "N", "22": "E", "19": "N", "11": "N", "45": "S", "42": "W", "34": "W", "33": "E", "32": "N", "20": "S", "14": "W", "0": "S"}, {"18": "S", "44": "S", "43": "W", "13": "N", "30": "S", "39": "W", "25": "E", "23": "E", "15": "N", "5": "S", "24": "S", "16": "N", "8": "S", "17": "W", "1": "W", "31": "W", "28": "E", "22": "N", "19": "W", "11": "N", "45": "S", "42": "S", "36": "W", "35": "N", "34": "W", "33": "E", "32": "N", "29": "S", "26": "W", "20": "E"}, {"44": "S", "43": "N", "30": "S", "10": "E", "39": "N", "25": "E", "23": "N", "15": "N", "5": "W", "24": "S", "16": "W", "17": "W", "1": "W", "12": "N", "28": "E", "22": "E", "19": "W", "11": "N", "4": "W", "45": "S", "42": "S", "36": "W", "34": "W", "32": "N", "29": "W", "26": "N", "20": "E", "14": "N", "0": "N"}, {"44": "S", "43": "N", "30": "E", "39": "N", "25": "E", "15": "E", "5": "N", "2": "W", "24": "E", "16": "N", "1": "S", "12": "E", "28": "E", "22": "E", "19": "N", "4": "N", "45": "S", "42": "S", "41": "W", "36": "N", "35": "S", "34": "W", "32": "W", "29": "S", "26": "E", "20": "E", "9": "W", "3": "S"}, {"44": "S", "43": "N", "7": "S", "30": "E", "25": "E", "15": "E", "5": "W", "24": "E", "16": "W", "1": "S", "31": "E", "12": "E", "40": "E", "28": "E", "22": "N", "19": "N", "4": "N", "42": "S", "41": "S", "37": "S", "34": "S", "33": "E", "32": "N", "29": "W", "27": "W", "26": "N", "20": "E", "14": "S", "9": "N", "0": "W"}, {"44": "W", "43": "N", "7": "W", "30": "E", "39": "W", "25": "S", "2": "S", "24": "N", "16": "W", "40": "N", "28": "E", "22": "W", "19": "N", "4": "N", "42": "E", "41": "W", "36": "S", "34": "S", "32": "N", "29": "W", "27": "W", "26": "N", "20": "E", "14": "S", "9": "E", "6": "N", "0": "N"}, {"44": "S", "43": "N", "7": "W", "30": "N", "10": "S", "39": "W", "21": "W", "24": "N", "16": "W", "8": "W", "17": "E", "12": "E", "40": "E", "22": "N", "19": "N", "4": "N", "45": "S", "42": "S", "41": "S", "36": "W", "34": "S", "33": "W", "32": "N", "29": "W", "27": "W", "14": "S", "6": "N", "3": "N"}, {"44": "W", "43": "N", "7": "W", "30": "W", "23": "S", "21": "W", "24": "N", "16": "N", "8": "S", "31": "S", "12": "E", "22": "N", "19": "N", "11": "W", "4": "W", "45": "W", "42": "S", "41": "S", "37": "S", "36": "N", "34": "S", "32": "N", "29": "W", "27": "S", "26": "W", "14": "S", "9": "W", "6": "E", "3": "N"}, {"38": "N", "44": "W", "43": "E", "7": "W", "30": "W", "39": "E", "23": "S", "21": "S", "5": "N", "24": "N", "16": "N", "8": "S", "31": "S", "12": "N", "22": "N", "19": "N", "11": "W", "4": "N", "45": "W", "42": "E", "41": "W", "37": "S", "36": "N", "35": "N", "34": "W", "32": "W", "29": "W", "27": "S", "14": "E", "9": "N", "6": "S", "3": "E"}, {"38": "N", "18": "W", "44": "W", "43": "E", "7": "S", "30": "W", "39": "E", "21": "S", "5": "N", "24": "N", "8": "E", "17": "S", "31": "S", "12": "N", "40": "S", "22": "N", "19": "N", "4": "N", "45": "S", "42": "E", "41": "S", "37": "W", "36": "W", "35": "W", "34": "S", "29": "N", "27": "S", "20": "N", "9": "W", "6": "E", "3": "E", "0": "S"}, {"38": "N", "18": "N", "44": "W", "43": "E", "23": "N", "21": "S", "5": "W", "24": "E", "16": "S", "12": "N", "22": "N", "19": "E", "11": "E", "4": "N", "45": "S", "42": "S", "41": "S", "37": "W", "36": "W", "35": "N", "34": "S", "32": "E", "29": "N", "27": "S", "26": "E", "20": "E", "9": "N", "6": "E", "3": "E", "0": "E"}, {"38": "N", "18": "N", "44": "W", "43": "E", "13": "S", "23": "N", "21": "E", "5": "W", "24": "N", "16": "W", "12": "N", "40": "N", "22": "N", "19": "E", "11": "E", "4": "E", "41": "W", "37": "N", "36": "W", "35": "E", "34": "W", "33": "E", "32": "E", "29": "W", "27": "S", "26": "N", "20": "E", "14": "W", "9": "N", "6": "E", "3": "E", "0": "N"}, {"38": "E", "18": "N", "44": "W", "43": "E", "7": "N", "23": "N", "21": "E", "5": "N", "2": "S", "24": "N", "16": "W", "1": "S", "31": "N", "12": "N", "40": "N", "28": "E", "22": "W", "19": "E", "11": "E", "4": "E", "45": "S", "41": "S", "37": "N", "36": "N", "35": "N", "34": "S", "33": "E", "32": "E", "29": "N", "27": "S", "26": "N", "20": "E", "9": "N", "6": "E", "3": "E"}, {"38": "E", "18": "N", "44": "N", "43": "E", "23": "N", "21": "S", "5": "W", "2": "W", "16": "W", "12": "N", "28": "E", "22": "N", "19": "E", "11": "E", "45": "W", "42": "E", "41": "S", "37": "W", "36": "N", "34": "S", "32": "E", "29": "N", "27": "S", "26": "N", "20": "E", "14": "E", "6": "E", "3": "E", "0": "E"}, {"38": "N", "18": "N", "13": "N", "10": "N", "23": "N", "21": "E", "5": "N", "2": "W", "17": "W", "1": "N", "31": "N", "12": "N", "28": "E", "22": "N", "19": "E", "45": "W", "42": "N", "41": "S", "37": "W", "36": "N", "34": "S", "29": "N", "27": "S", "26": "E", "20": "S", "9": "E", "6": "E", "3": "E", "0": "E"}, {"38": "E", "18": "E", "44": "E", "21": "E", "5": "N", "2": "N", "16": "N", "17": "N", "12": "N", "28": "E", "22": "W", "19": "E", "45": "N", "42": "E", "41": "S", "37": "N", "36": "N", "34": "S", "29": "W", "27": "E", "26": "E", "20": "S", "9": "E", "6": "E", "0": "N"}, {"18": "N", "7": "N", "21": "N", "5": "W", "2": "N", "16": "N", "31": "N", "12": "W", "28": "E", "22": "W", "19": "E", "42": "E", "41": "E", "36": "N", "34": "W", "33": "E", "29": "W", "27": "E", "20": "W", "14": "E", "0": "N"}, {"5": "N", "16": "W", "12": "N", "22": "W", "42": "E", "41": "E", "36": "E", "34": "S", "29": "N", "27": "S", "14": "E", "3": "S"}, {"5": "N", "16": "W", "12": "W", "28": "W", "22": "W", "42": "E", "41": "S", "36": "E", "34": "E", "33": "W", "29": "E", "27": "E", "20": "W", "6": "N"}, {"5": "N", "16": "N", "12": "W", "28": "W", "22": "W", "19": "N", "42": "E", "41": "E", "34": "N", "33": "W", "29": "N", "27": "N", "6": "E"}, {"5": "N", "16": "N", "12": "W", "28": "W", "22": "W", "19": "E", "4": "W", "42": "E", "41": "E", "34": "E", "33": "W", "29": "N", "27": "E", "14": "E", "6": "E", "3": "N"}, {"5": "N", "16": "N", "12": "W", "28": "W", "22": "S", "4": "W", "42": "E", "41": "N", "34": "E", "29": "N", "6": "S", "3": "E"}, {"5": "N", "16": "N", "12": "W", "28": "W", "19": "S", "42": "N", "29": "N", "27": "N"}, {"5": "E", "16": "N", "4": "E", "42": "N", "29": "N", "14": "W", "3": "S"}, {"5": "E", "16": "E", "4": "E", "29": "N"}, {"16": "E", "29": "E"}, {"29": "E"}], "result": "SUCCESS", "makespan": 30, "sum": 683, "algo_name": "OutAndInByPercentage_BIT_", "extra": {"arrival_order": [38, 18, 44, 43, 13, 7, 30, 10, 39, 25, 23, 21, 15, 5, 2, 24, 16, 8, 17, 1, 31, 12, 40, 28, 22, 19, 11, 4, 45, 42, 41, 37, 36, 35, 34, 33, 32, 29, 27, 26, 20, 14, 9, 6, 3, 0], "time_arrived": [550, 214, 163, 544, 324, 153, 532, 69, 203, 514, 86, 315, 239, 61, 505, 133, 195, 207, 27, 307, 498, 126, 282, 114, 174, 109, 488, 478, 258, 468, 76, 217, 446, 432, 426, 409, 403, 387, 19, 97, 245, 380, 360, 55, 42, 339], "BIT_runs": 1, "old_makespan": 550, "old_sum": 723, "improved": "[18, 44, 43, 13, 7, 30, 10, 39, 25, 23, 21, 15, 5, 2, 24, 16, 8, 17, 1, 31, 12, 40, 28, 22, 19, 11, 4, 45, 42, 41, 37, 36, 35, 34, 33, 32, 29, 27, 26, 20, 14, 9, 6, 3, 0],", "goal_raise_for_bs": 32}}