{"instance": "small_008_20x20_40_83", "steps": [{"3": "W", "8": "W", "11": "W", "19": "N", "29": "W", "34": "W", "37": "W", "39": "N", "45": "W", "51": "W", "54": "W", "57": "W", "60": "W", "61": "W", "63": "S", "65": "N", "73": "W", "76": "N", "79": "W", "81": "W", "82": "W", "2": "W", "15": "W", "16": "N", "20": "W", "24": "W", "25": "W", "26": "W", "35": "W", "47": "W", "48": "S", "55": "W", "67": "W", "69": "W", "9": "W", "21": "W", "30": "W", "36": "W", "42": "N", "52": "W", "56": "W", "58": "W", "74": "S", "77": "W", "78": "S", "10": "S", "14": "S", "27": "W", "31": "W", "33": "W", "38": "W", "43": "W", "44": "S", "62": "W", "68": "S", "72": "W", "6": "S", "13": "W", "41": "W", "46": "W", "59": "W", "70": "W", "71": "W", "5": "W", "22": "W", "28": "W", "32": "S", "12": "S", "17": "S", "49": "W", "50": "W", "66": "W", "0": "W", "23": "W", "53": "W", "80": "W", "1": "W", "64": "W", "75": "N", "7": "N"}, {"3": "W", "8": "W", "11": "W", "19": "N", "29": "W", "34": "W", "37": "W", "39": "N", "45": "W", "51": "W", "54": "W", "57": "W", "60": "W", "61": "W", "63": "S", "65": "N", "73": "W", "76": "N", "79": "W", "81": "W", "82": "W", "2": "W", "15": "W", "16": "N", "20": "W", "24": "W", "25": "W", "26": "W", "35": "W", "47": "W", "48": "S", "55": "W", "67": "W", "69": "W", "9": "W", "21": "W", "30": "W", "36": "W", "42": "N", "52": "W", "56": "W", "58": "W", "74": "S", "77": "W", "78": "S", "10": "S", "14": "S", "27": "W", "31": "W", "33": "W", "38": "W", "43": "W", "44": "S", "62": "W", "68": "S", "72": "W", "6": "S", "13": "W", "18": "N", "41": "W", "46": "W", "59": "W", "70": "W", "71": "W", "5": "W", "22": "W", "28": "W", "32": "S", "12": "S", "17": "S", "49": "W", "50": "W", "66": "W", "0": "W", "23": "S", "53": "W", "80": "W", "1": "W", "64": "W", "7": "N", "4": "W"}, {"19": "N", "65": "N", "3": "S", "8": "W", "11": "W", "29": "N", "34": "W", "54": "W", "57": "W", "73": "W", "79": "W", "82": "W", "2": "W", "15": "W", "16": "N", "24": "W", "25": "W", "26": "W", "35": "W", "47": "W", "48": "S", "55": "W", "67": "W", "69": "W", "9": "W", "21": "W", "30": "W", "36": "W", "42": "N", "52": "W", "56": "W", "58": "W", "74": "S", "77": "W", "78": "S", "10": "S", "14": "S", "27": "W", "31": "W", "33": "W", "38": "W", "43": "W", "44": "S", "62": "W", "68": "S", "72": "W", "6": "S", "13": "W", "18": "W", "41": "W", "46": "W", "59": "W", "70": "W", "71": "W", "5": "W", "22": "W", "28": "W", "32": "S", "12": "S", "17": "S", "49": "W", "50": "W", "66": "W", "0": "W", "23": "S", "53": "W", "80": "W", "1": "W", "64": "W", "75": "N", "7": "N", "4": "N"}, {"19": "N", "65": "E", "16": "N", "3": "W", "8": "N", "11": "W", "34": "S", "54": "W", "57": "W", "61": "W", "73": "W", "82": "W", "15": "W", "24": "W", "25": "W", "26": "W", "35": "W", "69": "W", "20": "W", "21": "W", "30": "W", "36": "W", "42": "N", "52": "W", "56": "W", "58": "W", "74": "S", "77": "W", "78": "S", "10": "S", "14": "S", "27": "W", "31": "W", "33": "W", "38": "W", "43": "W", "44": "S", "62": "W", "68": "S", "72": "W", "6": "S", "13": "W", "18": "W", "41": "W", "46": "W", "59": "W", "70": "W", "71": "W", "5": "W", "22": "W", "28": "W", "32": "S", "12": "S", "17": "S", "49": "W", "50": "W", "66": "W", "0": "W", "23": "S", "53": "W", "80": "W", "1": "W", "64": "W", "75": "W", "4": "N", "40": "E"}, {"48": "S", "74": "E", "8": "W", "11": "W", "34": "W", "45": "W", "54": "W", "57": "S", "79": "W", "81": "W", "2": "W", "15": "W", "26": "W", "35": "W", "47": "W", "67": "W", "21": "W", "36": "W", "58": "W", "9": "W", "10": "S", "14": "S", "27": "W", "31": "W", "33": "W", "38": "W", "43": "W", "44": "S", "62": "W", "72": "W", "6": "S", "13": "W", "18": "W", "41": "W", "46": "W", "59": "W", "70": "W", "71": "W", "5": "W", "22": "W", "28": "W", "32": "S", "12": "S", "17": "S", "49": "W", "50": "W", "66": "W", "0": "W", "23": "S", "53": "W", "80": "W", "1": "W", "64": "W", "75": "W", "7": "N", "4": "N", "40": "N"}, {"74": "S", "14": "S", "44": "S", "11": "W", "34": "W", "54": "W", "60": "W", "81": "W", "15": "W", "24": "W", "26": "W", "35": "W", "47": "W", "67": "W", "21": "W", "36": "W", "56": "W", "58": "W", "27": "W", "33": "W", "38": "W", "43": "W", "62": "W", "72": "W", "68": "S", "6": "S", "13": "W", "18": "W", "41": "W", "46": "W", "59": "W", "70": "W", "71": "W", "5": "W", "22": "W", "28": "W", "32": "S", "12": "S", "17": "S", "49": "W", "50": "W", "66": "W", "0": "W", "23": "S", "53": "W", "80": "W", "1": "W", "64": "W", "75": "W", "7": "W", "40": "N"}, {"14": "S", "44": "W", "6": "S", "11": "W", "54": "W", "79": "W", "2": "W", "15": "W", "24": "W", "26": "N", "35": "W", "47": "W", "67": "W", "21": "W", "56": "W", "58": "W", "27": "W", "31": "W", "33": "W", "62": "W", "72": "W", "13": "W", "41": "W", "46": "W", "70": "W", "18": "W", "5": "W", "22": "W", "28": "W", "32": "S", "12": "S", "17": "S", "49": "W", "50": "W", "66": "W", "0": "W", "23": "S", "53": "W", "80": "W", "1": "W", "64": "W", "75": "W", "7": "W", "4": "N", "40": "N"}, {"14": "S", "6": "S", "32": "S", "11": "W", "54": "W", "15": "W", "24": "S", "35": "W", "47": "N", "67": "W", "21": "W", "36": "W", "58": "W", "33": "W", "43": "W", "62": "W", "72": "W", "13": "W", "41": "W", "46": "W", "70": "W", "5": "W", "22": "W", "28": "W", "12": "S", "17": "S", "49": "W", "50": "W", "66": "W", "0": "W", "23": "S", "53": "W", "80": "W", "1": "W", "64": "W", "75": "W", "7": "W", "4": "W"}, {"11": "W", "54": "W", "15": "W", "35": "W", "67": "W", "21": "W", "36": "W", "56": "W", "58": "W", "27": "W", "33": "W", "43": "W", "62": "W", "72": "W", "13": "W", "41": "N", "46": "W", "70": "W", "5": "W", "22": "W", "28": "W", "49": "W", "50": "W", "66": "W", "0": "W", "23": "S", "53": "W", "80": "W", "1": "W", "64": "W", "75": "W", "7": "W", "4": "W", "40": "N"}, {"67": "W", "36": "N", "56": "W", "27": "W", "62": "W", "70": "W", "28": "W", "66": "W", "53": "W", "1": "W", "64": "W", "75": "W", "7": "W", "4": "W", "40": "W"}, {"11": "W", "35": "W", "67": "N", "56": "S", "58": "W", "27": "N", "33": "W", "43": "W", "62": "N", "13": "W", "70": "N", "22": "W", "28": "N", "50": "W", "80": "W", "64": "W", "75": "W", "7": "W", "4": "W", "40": "W"}, {"43": "S", "66": "W", "53": "W", "1": "W", "75": "W", "7": "W", "4": "W", "40": "W"}, {"11": "W", "35": "W", "58": "W", "33": "W", "13": "W", "22": "W", "50": "W", "66": "W", "53": "W", "80": "W", "1": "W", "64": "W", "75": "W", "7": "W", "4": "W", "40": "W"}, {"66": "W", "53": "W", "1": "W", "7": "W", "4": "W", "40": "W"}, {"11": "W", "35": "W", "58": "W", "33": "W", "13": "W", "22": "W", "50": "W", "66": "W", "53": "W", "80": "W", "1": "W", "64": "W", "75": "W", "7": "W", "4": "W", "40": "W"}, {"66": "W", "53": "W", "1": "W", "4": "W", "40": "W"}, {"11": "W", "35": "W", "58": "W", "33": "W", "13": "W", "22": "W", "50": "W", "66": "N", "80": "W", "64": "W", "75": "W", "7": "W", "4": "W", "40": "W"}, {"53": "W", "1": "W", "40": "W"}, {"11": "W", "35": "W", "58": "W", "33": "W", "13": "W", "22": "W", "50": "W", "53": "W", "80": "W", "1": "W", "64": "W", "75": "W", "7": "W", "4": "W", "40": "W"}, {"53": "N"}, {"1": "W"}, {"1": "W"}, {"1": "N"}, {"51": "E"}, {"51": "E"}, {"51": "E"}, {"51": "E"}, {"51": "N"}, {"51": "N"}, {"51": "N"}, {"51": "N"}, {"51": "N"}, {"51": "N"}, {"51": "N"}, {"51": "N"}, {"51": "N"}, {"51": "E"}, {"51": "E"}, {"51": "E"}, {"51": "E"}, {"51": "E"}, {"51": "E"}, {"51": "E"}, {"51": "S"}, {"51": "S"}, {"51": "S"}, {"70": "S"}, {"70": "E"}, {"70": "E"}, {"70": "E"}, {"70": "E"}, {"70": "E"}, {"70": "E"}, {"70": "E"}, {"70": "E"}, {"70": "E"}, {"70": "E"}, {"70": "E"}, {"70": "E"}, {"70": "E"}, {"70": "E"}, {"70": "S"}, {"70": "S"}, {"70": "S"}, {"70": "S"}, {"70": "S"}, {"76": "W"}, {"76": "S"}, {"76": "W"}, {"76": "S"}, {"76": "S"}, {"76": "S"}, {"76": "S"}, {"76": "S"}, {"76": "S"}, {"76": "S"}, {"76": "E"}, {"76": "E"}, {"76": "E"}, {"76": "E"}, {"76": "E"}, {"76": "E"}, {"76": "S"}, {"65": "W"}, {"65": "S"}, {"65": "S"}, {"65": "W"}, {"65": "S"}, {"65": "S"}, {"65": "S"}, {"65": "S"}, {"65": "S"}, {"65": "S"}, {"65": "S"}, {"65": "E"}, {"65": "E"}, {"65": "E"}, {"65": "E"}, {"65": "S"}, {"65": "S"}, {"65": "S"}, {"65": "S"}, {"65": "S"}, {"30": "E"}, {"30": "E"}, {"30": "E"}, {"30": "E"}, {"30": "N"}, {"30": "N"}, {"30": "E"}, {"30": "E"}, {"30": "E"}, {"30": "E"}, {"30": "E"}, {"30": "E"}, {"30": "S"}, {"30": "S"}, {"82": "S"}, {"82": "E"}, {"82": "E"}, {"82": "E"}, {"82": "E"}, {"82": "E"}, {"82": "E"}, {"82": "E"}, {"82": "S"}, {"82": "S"}, {"82": "S"}, {"82": "E"}, {"82": "E"}, {"82": "E"}, {"82": "E"}, {"82": "E"}, {"82": "S"}, {"82": "S"}, {"82": "E"}, {"29": "E"}, {"29": "E"}, {"29": "E"}, {"29": "E"}, {"29": "E"}, {"29": "S"}, {"29": "S"}, {"29": "S"}, {"29": "S"}, {"29": "S"}, {"29": "S"}, {"29": "S"}, {"29": "E"}, {"29": "E"}, {"29": "E"}, {"29": "E"}, {"29": "E"}, {"29": "S"}, {"29": "S"}, {"29": "S"}, {"14": "W"}, {"14": "W"}, {"14": "W"}, {"14": "W"}, {"14": "W"}, {"14": "W"}, {"14": "W"}, {"14": "N"}, {"14": "N"}, {"14": "N"}, {"14": "N"}, {"14": "N"}, {"14": "N"}, {"14": "N"}, {"14": "N"}, {"14": "N"}, {"14": "N"}, {"14": "N"}, {"14": "N"}, {"14": "N"}, {"14": "N"}, {"14": "N"}, {"14": "N"}, {"14": "E"}, {"14": "E"}, {"14": "E"}, {"14": "E"}, {"14": "E"}, {"14": "S"}, {"14": "S"}, {"60": "S"}, {"60": "E"}, {"60": "E"}, {"60": "E"}, {"60": "E"}, {"60": "E"}, {"60": "E"}, {"60": "E"}, {"60": "S"}, {"60": "E"}, {"60": "E"}, {"60": "E"}, {"60": "E"}, {"60": "E"}, {"60": "E"}, {"60": "E"}, {"60": "E"}, {"60": "E"}, {"60": "N"}, {"60": "N"}, {"60": "N"}, {"69": "S"}, {"69": "E"}, {"69": "E"}, {"69": "E"}, {"69": "E"}, {"69": "E"}, {"69": "E"}, {"69": "S"}, {"69": "S"}, {"69": "S"}, {"69": "E"}, {"69": "E"}, {"69": "E"}, {"69": "E"}, {"69": "S"}, {"69": "S"}, {"63": "E"}, {"63": "N"}, {"63": "E"}, {"63": "E"}, {"63": "E"}, {"63": "E"}, {"63": "E"}, {"63": "E"}, {"63": "E"}, {"63": "E"}, {"63": "N"}, {"63": "N"}, {"63": "N"}, {"63": "N"}, {"63": "E"}, {"63": "N"}, {"63": "N"}, {"52": "E"}, {"52": "E"}, {"52": "E"}, {"52": "E"}, {"52": "E"}, {"52": "S"}, {"52": "S"}, {"52": "S"}, {"52": "S"}, {"52": "E"}, {"52": "E"}, {"42": "S"}, {"42": "W"}, {"42": "S"}, {"42": "S"}, {"42": "S"}, {"42": "S"}, {"44": "E"}, {"44": "N"}, {"44": "N"}, {"44": "E"}, {"44": "E"}, {"44": "E"}, {"44": "E"}, {"44": "E"}, {"44": "E"}, {"44": "E"}, {"44": "E"}, {"44": "N"}, {"44": "N"}, {"44": "N"}, {"44": "N"}, {"44": "E"}, {"44": "N"}, {"39": "S"}, {"39": "E"}, {"39": "S"}, {"39": "S"}, {"39": "S"}, {"39": "S"}, {"39": "S"}, {"39": "S"}, {"17": "E"}, {"17": "N"}, {"17": "E"}, {"17": "N"}, {"17": "N"}, {"17": "N"}, {"17": "N"}, {"17": "N"}, {"17": "N"}, {"17": "N"}, {"5": "S"}, {"5": "E"}, {"5": "E"}, {"5": "E"}, {"5": "E"}, {"5": "E"}, {"5": "N"}, {"5": "N"}, {"5": "N"}, {"5": "N"}, {"5": "N"}, {"5": "N"}, {"72": "S"}, {"72": "E"}, {"72": "E"}, {"72": "E"}, {"72": "E"}, {"72": "E"}, {"72": "E"}, {"72": "E"}, {"72": "E"}, {"72": "N"}, {"72": "E"}, {"72": "N"}, {"72": "N"}, {"56": "W"}, {"56": "S"}, {"56": "S"}, {"56": "E"}, {"56": "E"}, {"56": "E"}, {"56": "E"}, {"56": "E"}, {"56": "E"}, {"56": "E"}, {"56": "E"}, {"56": "E"}, {"56": "E"}, {"56": "E"}, {"56": "S"}, {"56": "S"}, {"56": "S"}, {"56": "S"}, {"56": "E"}, {"56": "E"}, {"56": "E"}, {"56": "E"}, {"56": "E"}, {"56": "E"}, {"56": "N"}, {"56": "N"}, {"56": "N"}, {"48": "E"}, {"48": "N"}, {"48": "N"}, {"48": "E"}, {"48": "E"}, {"48": "E"}, {"48": "E"}, {"48": "E"}, {"48": "N"}, {"48": "N"}, {"48": "N"}, {"48": "N"}, {"48": "N"}, {"19": "E"}, {"19": "S"}, {"19": "S"}, {"19": "S"}, {"19": "W"}, {"19": "S"}, {"19": "S"}, {"19": "S"}, {"19": "S"}, {"19": "S"}, {"19": "W"}, {"19": "S"}, {"19": "S"}, {"19": "S"}, {"19": "E"}, {"19": "E"}, {"19": "E"}, {"19": "S"}, {"9": "E"}, {"9": "E"}, {"9": "E"}, {"9": "E"}, {"22": "N"}, {"22": "E"}, {"22": "E"}, {"22": "E"}, {"22": "E"}, {"22": "E"}, {"22": "E"}, {"22": "E"}, {"22": "E"}, {"22": "E"}, {"22": "N"}, {"22": "N"}, {"78": "N"}, {"78": "E"}, {"78": "E"}, {"78": "E"}, {"78": "E"}, {"78": "E"}, {"78": "E"}, {"78": "N"}, {"78": "N"}, {"78": "N"}, {"78": "N"}, {"26": "S"}, {"26": "E"}, {"26": "E"}, {"26": "E"}, {"26": "E"}, {"26": "S"}, {"26": "S"}, {"26": "E"}, {"26": "E"}, {"26": "S"}, {"26": "E"}, {"26": "S"}, {"26": "S"}, {"26": "S"}, {"26": "S"}, {"26": "S"}, {"26": "S"}, {"26": "E"}, {"26": "E"}, {"26": "S"}, {"26": "S"}, {"26": "S"}, {"26": "S"}, {"26": "E"}, {"26": "E"}, {"26": "E"}, {"26": "E"}, {"26": "E"}, {"26": "N"}, {"26": "N"}, {"10": "E"}, {"10": "N"}, {"10": "E"}, {"10": "E"}, {"10": "E"}, {"10": "N"}, {"10": "N"}, {"10": "N"}, {"10": "N"}, {"10": "N"}, {"71": "E"}, {"71": "E"}, {"71": "E"}, {"71": "E"}, {"71": "E"}, {"71": "E"}, {"71": "S"}, {"71": "S"}, {"71": "E"}, {"71": "E"}, {"71": "E"}, {"71": "E"}, {"71": "E"}, {"71": "N"}, {"55": "E"}, {"55": "S"}, {"55": "S"}, {"55": "S"}, {"55": "S"}, {"55": "E"}, {"55": "E"}, {"55": "S"}, {"55": "E"}, {"55": "S"}, {"55": "S"}, {"32": "E"}, {"32": "N"}, {"32": "N"}, {"32": "E"}, {"32": "E"}, {"32": "N"}, {"32": "N"}, {"74": "W"}, {"74": "N"}, {"74": "N"}, {"74": "E"}, {"74": "E"}, {"74": "E"}, {"74": "E"}, {"74": "E"}, {"74": "N"}, {"4": "N"}, {"4": "E"}, {"4": "E"}, {"4": "E"}, {"4": "E"}, {"4": "S"}, {"4": "S"}, {"4": "S"}, {"4": "E"}, {"4": "S"}, {"4": "S"}, {"4": "S"}, {"4": "E"}, {"4": "E"}, {"4": "S"}, {"4": "S"}, {"4": "S"}, {"4": "S"}, {"4": "E"}, {"4": "E"}, {"4": "E"}, {"4": "E"}, {"4": "E"}, {"38": "N"}, {"38": "E"}, {"38": "E"}, {"38": "E"}, {"38": "E"}, {"38": "E"}, {"38": "E"}, {"38": "E"}, {"34": "N"}, {"34": "E"}, {"34": "E"}, {"34": "E"}, {"34": "E"}, {"34": "E"}, {"34": "E"}, {"34": "E"}, {"34": "N"}, {"34": "N"}, {"79": "N"}, {"79": "E"}, {"79": "E"}, {"79": "E"}, {"79": "E"}, {"79": "S"}, {"79": "S"}, {"79": "E"}, {"79": "S"}, {"79": "S"}, {"79": "S"}, {"79": "S"}, {"57": "N"}, {"57": "E"}, {"57": "E"}, {"57": "E"}, {"57": "S"}, {"57": "E"}, {"57": "E"}, {"57": "S"}, {"57": "E"}, {"40": "E"}, {"40": "E"}, {"40": "E"}, {"40": "S"}, {"40": "S"}, {"40": "S"}, {"40": "S"}, {"40": "S"}, {"40": "E"}, {"40": "E"}, {"40": "S"}, {"40": "E"}, {"16": "E"}, {"16": "S"}, {"16": "S"}, {"16": "W"}, {"16": "S"}, {"16": "S"}, {"16": "S"}, {"16": "S"}, {"16": "S"}, {"16": "W"}, {"16": "W"}, {"16": "S"}, {"16": "S"}, {"16": "S"}, {"16": "S"}, {"16": "S"}, {"16": "S"}, {"16": "S"}, {"16": "S"}, {"16": "E"}, {"16": "E"}, {"16": "S"}, {"16": "S"}, {"16": "E"}, {"16": "S"}, {"16": "S"}, {"16": "E"}, {"16": "E"}, {"16": "E"}, {"13": "S"}, {"13": "S"}, {"13": "E"}, {"13": "E"}, {"13": "E"}, {"13": "E"}, {"13": "E"}, {"13": "E"}, {"13": "E"}, {"13": "E"}, {"13": "E"}, {"13": "S"}, {"13": "E"}, {"13": "E"}, {"13": "S"}, {"13": "S"}, {"13": "E"}, {"13": "E"}, {"80": "N"}, {"80": "E"}, {"80": "E"}, {"80": "E"}, {"80": "E"}, {"80": "E"}, {"80": "E"}, {"80": "E"}, {"80": "E"}, {"80": "S"}, {"80": "S"}, {"80": "S"}, {"80": "S"}, {"80": "S"}, {"80": "S"}, {"80": "E"}, {"80": "S"}, {"80": "E"}, {"80": "S"}, {"80": "E"}, {"80": "S"}, {"80": "S"}, {"80": "E"}, {"80": "E"}, {"80": "S"}, {"80": "E"}, {"80": "E"}, {"80": "S"}, {"64": "N"}, {"64": "E"}, {"64": "E"}, {"64": "E"}, {"64": "E"}, {"64": "E"}, {"64": "E"}, {"64": "E"}, {"64": "S"}, {"64": "S"}, {"64": "S"}, {"64": "S"}, {"64": "S"}, {"64": "S"}, {"64": "E"}, {"64": "S"}, {"64": "E"}, {"64": "S"}, {"64": "E"}, {"64": "S"}, {"64": "S"}, {"64": "E"}, {"64": "E"}, {"37": "E"}, {"37": "E"}, {"37": "E"}, {"37": "E"}, {"37": "E"}, {"37": "E"}, {"37": "E"}, {"37": "E"}, {"37": "E"}, {"37": "N"}, {"37": "N"}, {"36": "S"}, {"36": "E"}, {"36": "E"}, {"36": "E"}, {"36": "E"}, {"36": "E"}, {"36": "S"}, {"36": "S"}, {"36": "S"}, {"36": "S"}, {"36": "S"}, {"36": "S"}, {"36": "S"}, {"36": "E"}, {"33": "S"}, {"33": "E"}, {"33": "S"}, {"33": "E"}, {"33": "E"}, {"33": "E"}, {"33": "E"}, {"33": "E"}, {"33": "E"}, {"33": "E"}, {"33": "E"}, {"33": "E"}, {"33": "S"}, {"33": "S"}, {"33": "E"}, {"33": "E"}, {"33": "S"}, {"33": "E"}, {"23": "N"}, {"23": "W"}, {"23": "W"}, {"23": "W"}, {"23": "W"}, {"23": "W"}, {"23": "W"}, {"23": "W"}, {"23": "W"}, {"23": "W"}, {"23": "W"}, {"23": "W"}, {"23": "N"}, {"23": "N"}, {"23": "N"}, {"23": "N"}, {"23": "N"}, {"23": "N"}, {"23": "N"}, {"23": "N"}, {"23": "N"}, {"20": "E"}, {"20": "E"}, {"20": "E"}, {"20": "E"}, {"20": "E"}, {"20": "E"}, {"20": "N"}, {"20": "N"}, {"8": "S"}, {"8": "E"}, {"8": "E"}, {"8": "E"}, {"8": "S"}, {"8": "S"}, {"8": "S"}, {"8": "S"}, {"8": "S"}, {"8": "E"}, {"8": "S"}, {"8": "E"}, {"8": "S"}, {"8": "E"}, {"8": "E"}, {"77": "E"}, {"77": "E"}, {"77": "S"}, {"77": "E"}, {"77": "S"}, {"77": "E"}, {"77": "S"}, {"77": "E"}, {"75": "N"}, {"75": "E"}, {"75": "E"}, {"75": "E"}, {"75": "E"}, {"75": "S"}, {"75": "S"}, {"75": "S"}, {"75": "S"}, {"75": "S"}, {"75": "E"}, {"75": "S"}, {"75": "E"}, {"75": "S"}, {"75": "E"}, {"75": "S"}, {"75": "S"}, {"75": "E"}, {"75": "E"}, {"75": "S"}, {"75": "E"}, {"75": "S"}, {"75": "E"}, {"75": "S"}, {"75": "E"}, {"75": "S"}, {"75": "E"}, {"59": "E"}, {"59": "E"}, {"59": "N"}, {"59": "N"}, {"58": "S"}, {"58": "E"}, {"58": "E"}, {"58": "S"}, {"58": "E"}, {"58": "E"}, {"58": "E"}, {"58": "E"}, {"58": "E"}, {"58": "E"}, {"58": "E"}, {"58": "E"}, {"58": "E"}, {"58": "S"}, {"58": "S"}, {"58": "S"}, {"58": "E"}, {"58": "E"}, {"58": "S"}, {"58": "E"}, {"58": "S"}, {"58": "S"}, {"58": "E"}, {"58": "E"}, {"58": "S"}, {"58": "E"}, {"58": "S"}, {"58": "E"}, {"41": "S"}, {"41": "E"}, {"41": "E"}, {"41": "E"}, {"41": "E"}, {"41": "E"}, {"41": "E"}, {"41": "E"}, {"41": "E"}, {"41": "S"}, {"41": "E"}, {"7": "N"}, {"7": "E"}, {"7": "E"}, {"7": "E"}, {"7": "S"}, {"7": "S"}, {"7": "S"}, {"7": "S"}, {"7": "S"}, {"7": "S"}, {"7": "E"}, {"7": "E"}, {"7": "S"}, {"7": "E"}, {"7": "S"}, {"7": "S"}, {"7": "E"}, {"7": "E"}, {"7": "S"}, {"7": "S"}, {"7": "E"}, {"7": "S"}, {"7": "E"}, {"7": "E"}, {"2": "N"}, {"2": "E"}, {"2": "E"}, {"2": "E"}, {"2": "S"}, {"2": "S"}, {"2": "S"}, {"2": "S"}, {"2": "S"}, {"2": "S"}, {"2": "S"}, {"2": "S"}, {"2": "S"}, {"2": "E"}, {"2": "E"}, {"2": "S"}, {"2": "E"}, {"2": "S"}, {"2": "S"}, {"2": "E"}, {"2": "E"}, {"1": "S"}, {"1": "E"}, {"1": "E"}, {"1": "E"}, {"1": "E"}, {"1": "E"}, {"1": "E"}, {"1": "E"}, {"1": "E"}, {"1": "E"}, {"1": "E"}, {"1": "S"}, {"1": "S"}, {"1": "S"}, {"1": "S"}, {"1": "S"}, {"1": "S"}, {"1": "E"}, {"1": "E"}, {"1": "S"}, {"1": "E"}, {"68": "W"}, {"68": "N"}, {"68": "N"}, {"67": "S"}, {"67": "E"}, {"67": "E"}, {"67": "E"}, {"67": "E"}, {"67": "E"}, {"67": "E"}, {"67": "E"}, {"67": "S"}, {"67": "S"}, {"67": "S"}, {"67": "S"}, {"67": "S"}, {"67": "S"}, {"67": "E"}, {"67": "E"}, {"67": "S"}, {"67": "S"}, {"67": "E"}, {"67": "S"}, {"67": "E"}, {"67": "S"}, {"67": "E"}, {"46": "S"}, {"46": "E"}, {"46": "E"}, {"46": "E"}, {"46": "E"}, {"46": "S"}, {"46": "S"}, {"46": "S"}, {"46": "E"}, {"46": "E"}, {"46": "S"}, {"46": "S"}, {"46": "E"}, {"46": "S"}, {"46": "E"}, {"46": "S"}, {"46": "S"}, {"46": "E"}, {"46": "E"}, {"46": "S"}, {"46": "E"}, {"45": "S"}, {"45": "E"}, {"45": "E"}, {"45": "S"}, {"45": "S"}, {"45": "S"}, {"45": "S"}, {"45": "S"}, {"45": "S"}, {"45": "E"}, {"45": "E"}, {"45": "S"}, {"45": "S"}, {"45": "E"}, {"45": "S"}, {"45": "E"}, {"35": "S"}, {"35": "E"}, {"35": "E"}, {"35": "E"}, {"35": "S"}, {"35": "E"}, {"35": "E"}, {"35": "E"}, {"35": "E"}, {"35": "E"}, {"35": "E"}, {"35": "E"}, {"35": "E"}, {"35": "E"}, {"35": "S"}, {"35": "S"}, {"35": "S"}, {"35": "E"}, {"35": "E"}, {"35": "S"}, {"27": "S"}, {"27": "E"}, {"27": "E"}, {"27": "E"}, {"27": "E"}, {"27": "E"}, {"27": "E"}, {"27": "S"}, {"27": "S"}, {"27": "E"}, {"27": "E"}, {"11": "S"}, {"11": "E"}, {"11": "E"}, {"11": "E"}, {"11": "E"}, {"11": "S"}, {"11": "E"}, {"11": "E"}, {"11": "E"}, {"11": "E"}, {"11": "E"}, {"11": "E"}, {"11": "E"}, {"11": "E"}, {"11": "E"}, {"11": "S"}, {"11": "S"}, {"11": "S"}, {"11": "E"}, {"66": "S"}, {"66": "E"}, {"66": "E"}, {"66": "E"}, {"66": "E"}, {"66": "E"}, {"66": "E"}, {"66": "E"}, {"66": "E"}, {"66": "S"}, {"66": "S"}, {"66": "S"}, {"66": "S"}, {"66": "S"}, {"66": "S"}, {"66": "S"}, {"66": "E"}, {"66": "S"}, {"66": "E"}, {"66": "S"}, {"66": "E"}, {"66": "S"}, {"66": "E"}, {"66": "S"}, {"66": "E"}, {"66": "E"}, {"66": "S"}, {"25": "S"}, {"25": "E"}, {"25": "E"}, {"25": "S"}, {"25": "E"}, {"25": "S"}, {"25": "E"}, {"25": "S"}, {"25": "E"}, {"25": "S"}, {"25": "E"}, {"25": "S"}, {"25": "E"}, {"25": "S"}, {"25": "S"}, {"25": "E"}, {"25": "E"}, {"24": "N"}, {"24": "E"}, {"24": "E"}, {"24": "E"}, {"24": "E"}, {"24": "S"}, {"24": "S"}, {"24": "S"}, {"24": "S"}, {"24": "E"}, {"24": "S"}, {"24": "E"}, {"3": "N"}, {"3": "E"}, {"3": "E"}, {"3": "E"}, {"3": "E"}, {"3": "E"}, {"3": "S"}, {"3": "E"}, {"3": "S"}, {"3": "E"}, {"0": "E"}, {"0": "S"}, {"0": "S"}, {"0": "S"}, {"0": "S"}, {"0": "S"}, {"0": "E"}, {"61": "N"}, {"61": "E"}, {"61": "E"}, {"61": "S"}, {"61": "S"}, {"61": "S"}, {"61": "S"}, {"61": "S"}, {"61": "E"}, {"61": "S"}, {"61": "E"}, {"49": "S"}, {"49": "E"}, {"49": "E"}, {"49": "S"}, {"49": "S"}, {"49": "S"}, {"49": "S"}, {"49": "S"}, {"49": "E"}, {"49": "S"}, {"49": "S"}, {"49": "E"}, {"49": "E"}, {"49": "E"}, {"49": "S"}, {"43": "N"}, {"43": "E"}, {"43": "E"}, {"43": "E"}, {"43": "E"}, {"43": "E"}, {"43": "S"}, {"43": "S"}, {"43": "S"}, {"43": "S"}, {"43": "S"}, {"43": "S"}, {"43": "S"}, {"43": "S"}, {"43": "S"}, {"43": "S"}, {"43": "S"}, {"43": "E"}, {"31": "N"}, {"31": "E"}, {"31": "E"}, {"31": "S"}, {"31": "S"}, {"31": "S"}, {"31": "S"}, {"31": "S"}, {"31": "S"}, {"31": "S"}, {"31": "S"}, {"31": "S"}, {"31": "S"}, {"31": "S"}, {"31": "S"}, {"31": "E"}, {"31": "S"}, {"31": "E"}, {"31": "E"}, {"21": "S"}, {"21": "E"}, {"21": "E"}, {"21": "E"}, {"21": "E"}, {"21": "E"}, {"21": "E"}, {"21": "S"}, {"21": "S"}, {"21": "S"}, {"21": "S"}, {"21": "S"}, {"21": "S"}, {"21": "E"}, {"21": "S"}, {"21": "E"}, {"21": "S"}, {"21": "E"}, {"21": "S"}, {"21": "E"}, {"21": "E"}, {"21": "S"}, {"21": "E"}, {"6": "W"}, {"6": "W"}, {"6": "W"}, {"6": "W"}, {"6": "W"}, {"6": "N"}, {"6": "N"}, {"6": "N"}, {"6": "N"}, {"6": "N"}, {"53": "S"}, {"53": "E"}, {"53": "E"}, {"53": "E"}, {"53": "E"}, {"53": "E"}, {"53": "E"}, {"53": "E"}, {"53": "E"}, {"53": "E"}, {"53": "S"}, {"53": "S"}, {"53": "S"}, {"53": "S"}, {"53": "S"}, {"53": "S"}, {"53": "S"}, {"53": "S"}, {"53": "S"}, {"53": "E"}, {"15": "S"}, {"15": "E"}, {"15": "E"}, {"15": "E"}, {"15": "E"}, {"15": "E"}, {"15": "E"}, {"15": "E"}, {"15": "S"}, {"15": "S"}, {"15": "S"}, {"15": "S"}, {"15": "S"}, {"15": "S"}, {"15": "S"}, {"15": "E"}, {"15": "E"}, {"15": "S"}, {"15": "E"}, {"62": "S"}, {"62": "E"}, {"62": "E"}, {"62": "E"}, {"62": "E"}, {"62": "E"}, {"62": "E"}, {"62": "S"}, {"62": "S"}, {"62": "S"}, {"62": "S"}, {"62": "S"}, {"62": "S"}, {"62": "S"}, {"62": "S"}, {"62": "S"}, {"62": "S"}, {"62": "E"}, {"62": "E"}, {"62": "S"}, {"54": "S"}, {"54": "E"}, {"54": "E"}, {"54": "E"}, {"54": "E"}, {"54": "E"}, {"54": "E"}, {"54": "E"}, {"54": "E"}, {"54": "S"}, {"54": "S"}, {"54": "S"}, {"54": "S"}, {"54": "S"}, {"54": "S"}, {"54": "S"}, {"54": "E"}, {"54": "S"}, {"54": "S"}, {"54": "E"}, {"54": "E"}, {"54": "E"}, {"54": "S"}, {"47": "S"}, {"47": "E"}, {"47": "E"}, {"47": "E"}, {"47": "E"}, {"47": "S"}, {"47": "S"}, {"47": "S"}, {"47": "S"}, {"47": "E"}, {"12": "W"}, {"12": "N"}, {"12": "W"}, {"12": "W"}, {"12": "W"}, {"12": "W"}, {"12": "W"}, {"12": "W"}, {"12": "W"}, {"12": "W"}, {"12": "N"}, {"12": "N"}, {"81": "N"}, {"81": "E"}, {"81": "E"}, {"81": "E"}, {"81": "S"}, {"81": "S"}, {"81": "S"}, {"81": "S"}, {"81": "S"}, {"81": "E"}, {"81": "S"}, {"81": "E"}, {"73": "S"}, {"73": "E"}, {"73": "E"}, {"73": "E"}, {"73": "S"}, {"73": "S"}, {"73": "S"}, {"73": "S"}, {"73": "S"}, {"73": "E"}, {"73": "S"}, {"73": "S"}, {"28": "S"}, {"28": "E"}, {"28": "E"}, {"28": "E"}, {"28": "E"}, {"28": "S"}, {"28": "S"}, {"28": "S"}, {"28": "S"}, {"28": "S"}, {"28": "S"}, {"28": "S"}, {"28": "S"}, {"28": "S"}, {"28": "S"}, {"28": "S"}, {"28": "E"}, {"50": "N"}, {"50": "E"}, {"50": "E"}, {"50": "E"}, {"50": "E"}, {"50": "E"}, {"50": "E"}, {"50": "E"}, {"50": "S"}, {"50": "S"}, {"50": "S"}, {"50": "S"}, {"50": "S"}, {"50": "S"}, {"50": "S"}, {"50": "S"}, {"50": "S"}, {"50": "S"}, {"50": "S"}, {"50": "S"}, {"50": "S"}, {"50": "S"}, {"50": "E"}, {"50": "E"}, {"50": "N"}, {"18": "E"}, {"18": "S"}, {"18": "S"}, {"18": "S"}, {"18": "S"}, {"18": "S"}, {"18": "S"}, {"18": "S"}, {"18": "S"}, {"18": "S"}, {"18": "S"}, {"18": "S"}, {"18": "S"}, {"18": "S"}, {"18": "S"}, {"18": "E"}], "result": "SUCCESS", "makespan": 1354, "sum": 1977, "algo_name": "OutAndInBFS_default"}