{"instance": "small_000_10x10_20_10", "steps": [{"4": "W", "1": "N", "9": "N", "7": "S", "8": "W", "2": "S", "0": "W", "5": "S", "6": "N", "3": "E"}, {"4": "W", "9": "E", "7": "S", "8": "W", "2": "W", "6": "N", "3": "N"}, {"9": "N", "7": "S", "8": "N", "2": "S", "5": "W", "6": "E", "3": "N"}, {"9": "N", "8": "N", "2": "S", "0": "W", "5": "N", "6": "E", "3": "N"}, {"9": "E", "8": "N", "2": "E", "0": "S", "5": "W", "6": "E", "3": "N"}, {"9": "E", "8": "N", "2": "E", "0": "W", "5": "S", "6": "E", "3": "W"}, {"9": "N", "8": "N", "2": "E", "0": "N", "5": "W", "6": "E", "3": "N"}, {"9": "E", "8": "E", "2": "E", "0": "N", "5": "S", "6": "S"}, {"9": "E", "8": "N", "2": "E", "0": "N", "5": "W", "6": "E"}, {"9": "E", "8": "N", "2": "S", "0": "N", "5": "S", "6": "E"}, {"9": "S", "8": "N", "2": "E", "0": "N", "5": "S"}, {"9": "E", "8": "E", "2": "E", "0": "N", "5": "S", "6": "N"}, {"9": "E", "8": "E", "2": "E", "0": "E", "5": "S"}, {"9": "S", "8": "E", "2": "E", "0": "N", "5": "E", "6": "S"}, {"9": "S", "8": "N", "2": "E", "0": "E", "6": "S"}, {"9": "S", "8": "E", "2": "E", "6": "S"}, {"9": "S", "8": "E", "2": "N"}, {"9": "S", "8": "E", "2": "N"}, {"8": "S", "2": "N"}, {"2": "W"}], "result": "SUCCESS", "makespan": 20, "sum": 110, "algo_name": "OutAndInByPercentage_rand_BIT_", "extra": {"arrival_order": [4, 1, 9, 7, 8, 2, 0, 5, 6, 3], "time_arrived": [94, 14, 81, 125, 9, 106, 118, 41, 62, 35], "BIT_runs": 1, "old_makespan": 125, "old_sum": 152, "improved": "[4, 1, 9, 7, 8, 2, 0, 5, 6, 3],", "goal_raise_for_bs": 32}}