{"instance": "small_000_10x10_20_10", "steps": [{"8": "W", "6": "N", "3": "E", "9": "E", "0": "W", "7": "S", "4": "W", "2": "S", "5": "W"}, {"9": "N", "3": "N", "4": "W", "2": "S", "5": "W", "1": "N", "6": "E", "8": "W", "7": "S"}, {"0": "W", "9": "N", "6": "E", "3": "N", "7": "S"}, {"3": "N", "9": "N", "6": "N"}, {"6": "E", "3": "N", "9": "E"}, {"3": "W", "9": "E", "6": "E"}, {"3": "N", "6": "E", "9": "N"}, {"9": "E"}, {"6": "S", "2": "W", "9": "E"}, {"8": "N", "6": "E", "2": "S", "9": "E"}, {"0": "W", "8": "N", "2": "S", "9": "S", "6": "E"}, {"9": "E", "8": "E", "6": "S", "2": "E", "0": "N"}, {"2": "E", "0": "N", "8": "N", "9": "E", "6": "S"}, {"2": "E", "9": "S", "0": "E", "8": "E"}, {"0": "N", "2": "E", "8": "N"}, {"0": "E", "2": "E"}, {"2": "E"}, {"8": "W", "2": "E", "5": "S"}, {"0": "N", "2": "E", "5": "S", "8": "N"}, {"8": "N", "2": "E"}, {"8": "E", "2": "E"}, {"5": "S", "8": "N", "2": "E"}, {"8": "N", "5": "S", "2": "N"}, {"8": "E", "5": "W", "2": "N"}, {"2": "N", "8": "E", "5": "S"}, {"2": "W", "8": "N", "5": "S"}, {"8": "E"}, {"8": "E"}, {"9": "E", "8": "E"}, {"8": "S", "9": "S"}, {"9": "S"}, {"9": "W"}, {"9": "S"}, {"9": "S"}, {"0": "W"}, {"0": "N"}, {"0": "N"}, {"0": "E"}], "result": "SUCCESS", "makespan": 38, "sum": 108, "algo_name": "BFS_0"}