{"instance": "small_001_10x10_40_30", "steps": [{"11": "E", "13": "E", "10": "E", "3": "W", "15": "E", "16": "E", "25": "E", "5": "W", "2": "W", "8": "N", "22": "W", "6": "E", "7": "E", "4": "E", "21": "W", "24": "W", "14": "S", "17": "W"}, {"7": "E", "10": "S", "5": "W", "25": "S", "2": "W", "11": "S", "9": "S", "24": "W", "6": "E", "28": "W", "8": "N", "15": "E", "16": "E", "20": "S", "4": "E"}, {"23": "S", "6": "E", "10": "S", "29": "E", "9": "S", "2": "W", "11": "S", "15": "E", "7": "E", "28": "N"}, {"11": "S", "24": "W"}, {"1": "S", "27": "W", "15": "S", "25": "W", "6": "W", "28": "S", "11": "S", "24": "W", "5": "N", "19": "S", "2": "E"}, {"25": "S", "24": "S", "12": "S", "6": "N", "13": "N", "14": "S"}, {"5": "E", "13": "W", "27": "E", "0": "W", "3": "S", "25": "S", "15": "N", "26": "N", "2": "S", "6": "N"}, {"3": "W", "6": "N", "12": "E", "5": "N", "7": "E", "20": "S", "29": "N", "25": "E"}, {"0": "W", "20": "S", "23": "S", "15": "S", "21": "W", "8": "S", "3": "W", "22": "E", "2": "S", "12": "E", "6": "E", "7": "E"}, {"22": "S", "14": "S", "20": "E", "16": "S", "18": "E", "23": "S", "6": "E", "3": "W", "0": "S", "12": "E", "17": "N"}, {"7": "E", "20": "E", "23": "S", "27": "S", "6": "S", "1": "E", "4": "E", "17": "N", "3": "N", "18": "E", "0": "S"}, {"20": "E", "26": "W", "24": "S", "0": "E", "1": "S", "15": "S", "27": "S", "23": "E"}, {"0": "E", "27": "S", "23": "E", "1": "S", "24": "E", "20": "S"}, {"13": "N", "24": "S", "23": "E", "25": "W", "4": "N", "1": "E", "19": "N", "5": "E"}, {"28": "S", "1": "E", "24": "S", "29": "N", "23": "E", "21": "W", "5": "E", "8": "S", "13": "N", "4": "E", "22": "S"}, {"4": "N", "28": "E", "24": "E", "13": "E", "5": "N", "1": "E", "23": "E", "19": "E"}, {"23": "E", "5": "N", "8": "S", "28": "E", "1": "E", "19": "E", "13": "N", "22": "S", "29": "N", "4": "N", "21": "N"}, {"19": "E", "28": "N", "23": "E", "1": "E", "29": "N", "5": "W", "13": "E", "26": "W"}, {"13": "E", "29": "N", "1": "E", "26": "N", "23": "S", "24": "S", "19": "S", "28": "N"}, {"26": "N", "24": "S", "29": "N", "19": "S", "1": "E", "13": "E"}, {"19": "E", "1": "E"}, {"8": "E", "2": "N", "19": "S", "28": "N", "23": "N", "0": "N", "15": "N", "1": "N", "25": "E"}, {"19": "E", "0": "E", "5": "W", "21": "N", "23": "E", "18": "E", "22": "S", "15": "N", "25": "E", "16": "E", "8": "E"}, {"18": "N", "16": "E", "8": "N", "25": "E", "5": "N", "0": "E", "15": "E", "21": "N", "20": "S"}, {"18": "N", "15": "E", "0": "S", "21": "N", "8": "N", "16": "E", "25": "S"}, {"16": "N", "18": "E", "25": "S", "21": "N", "0": "E", "8": "W"}, {"21": "N", "0": "S", "8": "W", "25": "S"}, {"12": "E", "7": "E", "28": "S", "0": "S", "15": "N", "25": "E"}, {"25": "S", "23": "E", "28": "W", "18": "E", "0": "E", "12": "E", "15": "E"}, {"15": "N", "23": "S", "0": "E", "12": "N"}, {"15": "E", "12": "N", "0": "E", "18": "N", "2": "E", "7": "E"}, {"16": "N", "0": "E", "15": "E", "5": "W", "19": "E", "7": "E", "18": "E"}, {"2": "S", "8": "N", "15": "S", "7": "N", "5": "W", "0": "N", "25": "E"}, {"2": "S", "5": "W", "8": "W", "19": "E", "15": "S", "28": "W"}, {"28": "N", "8": "W", "2": "W", "5": "W"}, {"28": "W", "12": "E", "7": "E", "16": "E", "2": "W", "5": "W", "8": "W"}, {"8": "W", "2": "W", "0": "N", "5": "W", "16": "E", "23": "S", "12": "N"}, {"19": "E", "16": "N", "15": "S", "5": "W", "2": "N", "7": "N", "8": "W", "12": "N"}, {"8": "S", "7": "N", "12": "W", "5": "W", "2": "N"}, {"2": "N", "12": "N", "5": "N"}, {"12": "N", "2": "W"}, {"2": "N", "12": "W", "22": "E", "15": "W"}, {"7": "W", "22": "S", "15": "W"}, {"15": "S", "22": "S", "7": "N"}, {"15": "S", "7": "N", "22": "S"}, {"15": "E", "7": "N", "22": "W"}, {"22": "W"}, {"23": "E", "22": "W"}, {"22": "W", "23": "S", "16": "N"}, {"22": "W", "16": "N", "23": "S"}, {"23": "W", "16": "N", "22": "N"}, {"23": "W", "16": "N", "22": "N"}, {"22": "W", "23": "S"}, {"22": "E"}, {"22": "S", "16": "E"}, {"22": "S", "16": "N"}, {"16": "N", "22": "W"}, {"16": "W", "22": "W"}, {"22": "W", "16": "W"}, {"22": "W"}, {"22": "N"}, {"22": "N"}, {"22": "E"}, {"22": "N"}, {"22": "E"}, {"7": "N"}, {"7": "N"}, {"7": "W"}], "result": "SUCCESS", "makespan": 68, "sum": 368, "algo_name": "BFS_2"}