{"instance": "small_005_10x10_90_63", "steps": [{"14": "E", "62": "S", "52": "E", "60": "S", "5": "S", "20": "W", "7": "N", "49": "E", "46": "E", "42": "S", "28": "E", "8": "N", "48": "N", "35": "N", "19": "W", "18": "W", "1": "E", "0": "S", "36": "N", "30": "E", "51": "N", "45": "E", "37": "S", "32": "S", "27": "S", "3": "N", "41": "E", "22": "N", "13": "S", "11": "N", "61": "E", "59": "N", "58": "W", "56": "S", "55": "E", "54": "S", "44": "S", "43": "S", "40": "N", "31": "N", "25": "E", "23": "E", "16": "E", "9": "W"}, {"14": "E", "29": "E", "34": "E", "52": "E", "60": "S", "39": "W", "26": "W", "21": "S", "47": "S", "7": "E", "49": "E", "46": "E", "42": "S", "33": "E", "28": "E", "8": "N", "53": "S", "48": "N", "35": "N", "18": "W", "4": "W", "1": "E", "0": "S", "36": "E", "30": "N", "45": "E", "37": "S", "32": "S", "27": "S", "12": "E", "3": "N", "41": "E", "24": "S", "13": "S", "11": "E", "61": "E", "59": "N", "58": "N", "56": "S", "55": "E", "44": "E", "38": "E", "25": "E", "17": "S", "16": "S", "9": "W", "2": "W"}, {"14": "E", "29": "E", "62": "E", "52": "E", "60": "S", "39": "N", "26": "S", "21": "S", "20": "W", "6": "N", "47": "S", "7": "E", "57": "E", "49": "E", "46": "E", "42": "S", "28": "E", "8": "N", "53": "W", "48": "N", "35": "N", "19": "S", "18": "W", "10": "E", "1": "E", "0": "S", "36": "E", "30": "N", "51": "W", "32": "S", "41": "E", "11": "N", "61": "E", "59": "N", "58": "W", "56": "S", "55": "E", "54": "W", "50": "E", "44": "E", "38": "E", "31": "E", "25": "E", "17": "W", "16": "E", "9": "N", "2": "N"}, {"14": "E", "29": "E", "34": "E", "62": "E", "52": "E", "60": "S", "39": "N", "5": "E", "26": "W", "21": "S", "20": "N", "6": "N", "57": "N", "49": "E", "46": "E", "42": "S", "28": "E", "53": "S", "48": "N", "35": "E", "19": "S", "10": "E", "4": "N", "1": "E", "0": "S", "30": "E", "51": "S", "45": "S", "32": "W", "12": "E", "3": "E", "41": "E", "24": "S", "22": "E", "61": "E", "59": "W", "56": "S", "55": "E", "54": "N", "43": "N", "40": "E", "38": "E", "31": "E", "25": "E", "17": "N", "9": "E", "2": "N"}, {"14": "E", "34": "S", "52": "E", "39": "N", "5": "E", "26": "S", "21": "S", "6": "W", "47": "S", "7": "N", "49": "E", "46": "E", "28": "E", "8": "N", "53": "W", "48": "E", "35": "S", "10": "E", "4": "N", "1": "E", "36": "N", "30": "N", "51": "S", "45": "S", "32": "W", "41": "E", "24": "W", "15": "W", "13": "S", "61": "E", "56": "E", "55": "E", "54": "E", "50": "S", "44": "S", "43": "N", "40": "S", "25": "E", "23": "S", "17": "E", "9": "E", "2": "N"}, {"34": "S", "62": "S", "60": "E", "5": "S", "26": "S", "21": "S", "6": "N", "47": "S", "57": "N", "46": "S", "28": "E", "8": "N", "48": "S", "35": "S", "19": "E", "10": "E", "1": "E", "36": "E", "51": "S", "45": "S", "37": "E", "32": "W", "27": "S", "12": "N", "3": "N", "41": "N", "24": "W", "22": "N", "15": "W", "13": "S", "11": "S", "61": "S", "58": "E", "56": "E", "54": "E", "50": "S", "44": "S", "40": "S", "38": "S", "25": "N", "23": "S", "17": "E", "16": "S", "9": "N"}, {"34": "S", "62": "E", "60": "N", "5": "E", "21": "E", "6": "N", "57": "W", "46": "S", "8": "W", "53": "E", "35": "E", "19": "S", "18": "S", "10": "E", "1": "S", "0": "N", "36": "N", "30": "N", "51": "S", "37": "E", "32": "N", "27": "S", "12": "N", "3": "W", "41": "W", "24": "W", "22": "W", "15": "W", "13": "S", "61": "S", "59": "E", "58": "N", "56": "N", "50": "W", "40": "S", "38": "E", "25": "W", "16": "S", "9": "N", "2": "N"}, {"34": "S", "62": "E", "60": "N", "5": "E", "21": "E", "6": "N", "47": "E", "57": "W", "46": "W", "42": "E", "28": "E", "53": "S", "35": "E", "19": "S", "18": "E", "10": "S", "1": "S", "0": "W", "36": "N", "30": "W", "51": "S", "3": "S", "41": "W", "24": "W", "15": "N", "61": "W", "59": "E", "58": "N", "56": "E", "44": "S", "40": "S", "25": "W", "16": "S", "9": "N"}, {"29": "S", "34": "S", "62": "N", "52": "N", "60": "E", "5": "N", "26": "E", "21": "E", "6": "N", "47": "S", "57": "W", "49": "S", "46": "W", "42": "N", "33": "W", "28": "E", "53": "E", "35": "E", "19": "E", "18": "E", "10": "S", "1": "W", "0": "N", "36": "W", "30": "N", "51": "E", "37": "E", "12": "N", "3": "W", "41": "W", "22": "N", "15": "N", "13": "N", "61": "W", "58": "N", "56": "N", "55": "S", "44": "E", "40": "E", "38": "S", "31": "N", "25": "W", "23": "S", "16": "S", "9": "E", "2": "E"}, {"29": "S", "62": "N", "52": "W", "60": "N", "5": "N", "26": "S", "21": "E", "20": "E", "6": "N", "47": "W", "57": "W", "49": "W", "46": "W", "33": "W", "28": "N", "8": "E", "53": "E", "35": "E", "19": "E", "18": "N", "10": "S", "4": "E", "1": "W", "0": "N", "30": "W", "51": "E", "45": "S", "12": "N", "3": "W", "41": "W", "24": "W", "22": "W", "15": "N", "13": "W", "11": "W", "61": "W", "58": "N", "56": "N", "55": "W", "44": "E", "43": "S", "38": "S", "31": "E", "25": "W", "23": "S", "17": "W", "9": "N"}, {"29": "E", "62": "N", "52": "W", "60": "E", "5": "N", "26": "S", "6": "E", "47": "W", "57": "W", "49": "W", "46": "W", "42": "N", "33": "W", "28": "N", "8": "S", "53": "E", "48": "E", "35": "S", "19": "E", "18": "N", "10": "E", "1": "N", "0": "N", "51": "E", "32": "N", "12": "N", "3": "W", "41": "W", "24": "N", "22": "S", "15": "E", "13": "W", "11": "W", "59": "S", "58": "W", "55": "W", "44": "E", "43": "S", "40": "E", "38": "S", "25": "W", "23": "E", "16": "S", "9": "E"}, {"29": "E", "62": "E", "52": "W", "60": "E", "5": "E", "26": "S", "21": "S", "20": "E", "6": "N", "47": "W", "57": "W", "49": "W", "46": "W", "42": "E", "33": "S", "28": "W", "8": "S", "53": "E", "48": "S", "35": "S", "18": "N", "10": "E", "4": "E", "1": "W", "30": "N", "37": "N", "32": "N", "27": "N", "12": "W", "3": "W", "24": "N", "22": "W", "15": "N", "13": "W", "11": "W", "61": "S", "58": "N", "56": "E", "55": "W", "54": "S", "50": "E", "44": "S", "43": "E", "40": "E", "25": "N", "23": "N", "16": "S", "9": "N", "2": "E"}, {"29": "N", "62": "N", "52": "W", "60": "N", "39": "E", "5": "N", "26": "S", "21": "S", "6": "E", "47": "W", "57": "W", "49": "S", "33": "S", "28": "N", "8": "S", "48": "S", "35": "S", "19": "E", "18": "N", "1": "N", "0": "N", "30": "W", "37": "E", "32": "N", "27": "W", "12": "W", "3": "W", "24": "N", "22": "W", "15": "E", "13": "W", "11": "W", "61": "W", "56": "E", "55": "S", "54": "W", "50": "E", "44": "S", "31": "N", "23": "E", "17": "S", "16": "E", "9": "N", "2": "N"}, {"29": "N", "62": "N", "52": "S", "60": "N", "5": "N", "26": "S", "21": "E", "6": "E", "47": "N", "57": "W", "49": "S", "46": "S", "33": "S", "28": "W", "8": "S", "53": "E", "48": "S", "35": "S", "18": "E", "10": "E", "4": "S", "1": "W", "30": "W", "37": "N", "27": "W", "3": "W", "24": "N", "22": "W", "15": "N", "13": "W", "11": "S", "61": "S", "56": "N", "55": "E", "54": "N", "50": "E", "44": "S", "43": "S", "40": "E", "38": "S", "31": "E", "25": "S", "23": "E", "17": "S", "9": "E", "2": "N"}, {"14": "N", "29": "N", "34": "E", "62": "W", "52": "W", "60": "E", "39": "W", "5": "E", "21": "E", "6": "N", "47": "N", "57": "S", "46": "W", "33": "S", "28": "W", "53": "S", "48": "S", "35": "E", "19": "S", "18": "N", "10": "S", "4": "W", "1": "W", "45": "E", "37": "N", "27": "W", "12": "W", "3": "S", "41": "W", "24": "W", "22": "W", "15": "N", "13": "W", "11": "S", "61": "W", "58": "E", "56": "N", "50": "S", "44": "S", "43": "W", "38": "E", "31": "E", "25": "W", "23": "E", "17": "E", "16": "S", "9": "E", "2": "N"}, {"14": "W", "29": "N", "62": "N", "52": "S", "60": "N", "5": "N", "26": "N", "21": "N", "6": "E", "47": "N", "49": "S", "42": "N", "33": "S", "28": "W", "53": "E", "48": "S", "35": "E", "18": "N", "10": "E", "4": "S", "1": "W", "30": "N", "51": "E", "37": "N", "27": "W", "12": "W", "41": "N", "24": "N", "22": "W", "15": "W", "13": "N", "11": "W", "59": "S", "58": "E", "56": "N", "54": "E", "50": "E", "44": "W", "43": "W", "40": "E", "38": "E", "17": "E", "16": "W", "9": "E", "2": "N"}, {"14": "W", "29": "N", "62": "N", "52": "W", "60": "N", "5": "N", "26": "W", "21": "E", "20": "W", "6": "E", "49": "W", "46": "W", "33": "S", "28": "W", "53": "S", "48": "S", "35": "S", "19": "S", "18": "N", "1": "S", "30": "W", "51": "S", "37": "N", "27": "W", "12": "W", "3": "W", "41": "N", "24": "E", "22": "W", "15": "W", "13": "W", "11": "W", "61": "S", "59": "E", "56": "N", "50": "S", "44": "S", "43": "W", "40": "E", "38": "E", "25": "W", "23": "E", "17": "E", "16": "N", "9": "E", "2": "N"}, {"14": "W", "29": "N", "34": "W", "62": "N", "52": "S", "60": "W", "5": "W", "26": "N", "21": "N", "6": "E", "49": "W", "46": "W", "33": "S", "28": "W", "8": "N", "53": "E", "48": "W", "35": "S", "19": "S", "18": "N", "1": "W", "30": "W", "51": "S", "45": "E", "37": "N", "27": "N", "12": "W", "3": "S", "41": "N", "24": "N", "22": "W", "15": "N", "13": "N", "11": "S", "61": "S", "59": "E", "56": "W", "55": "W", "50": "S", "44": "S", "40": "S", "38": "N", "25": "N", "23": "N", "17": "E", "16": "N", "9": "S", "2": "W"}, {"14": "W", "29": "N", "52": "S", "26": "W", "21": "W", "20": "W", "6": "E", "49": "W", "46": "W", "33": "E", "28": "W", "8": "W", "53": "E", "35": "S", "19": "E", "18": "N", "10": "W", "4": "N", "1": "W", "30": "W", "51": "S", "37": "W", "12": "W", "3": "E", "41": "W", "24": "N", "22": "S", "15": "N", "13": "N", "11": "E", "61": "W", "59": "S", "58": "N", "56": "N", "54": "S", "50": "S", "44": "W", "43": "S", "40": "W", "38": "E", "25": "N", "9": "E", "2": "N"}, {"14": "W", "29": "N", "62": "N", "52": "W", "6": "N", "49": "W", "46": "W", "42": "N", "33": "E", "28": "W", "53": "N", "35": "S", "19": "E", "18": "E", "10": "W", "4": "E", "0": "N", "30": "W", "51": "W", "45": "W", "37": "W", "12": "W", "41": "N", "24": "E", "22": "S", "11": "E", "61": "W", "58": "W", "56": "W", "55": "W", "54": "E", "50": "W", "44": "W", "43": "W", "40": "W", "38": "E", "25": "N", "23": "E", "17": "E", "9": "E", "2": "W"}, {"14": "W", "52": "W", "6": "E", "49": "S", "46": "W", "42": "N", "33": "E", "8": "E", "53": "N", "35": "S", "19": "E", "18": "E", "4": "N", "30": "S", "45": "N", "37": "N", "27": "S", "22": "S", "15": "E", "11": "S", "61": "W", "56": "N", "55": "W", "54": "E", "50": "W", "44": "W", "43": "W", "40": "S", "38": "E", "25": "E", "23": "N", "9": "E", "2": "W"}, {"14": "S", "29": "S", "62": "S", "52": "N", "6": "S", "49": "W", "46": "W", "42": "N", "33": "E", "8": "S", "53": "W", "35": "W", "19": "N", "18": "E", "4": "W", "30": "S", "45": "W", "37": "N", "12": "W", "41": "S", "22": "S", "11": "S", "61": "W", "59": "E", "58": "W", "56": "N", "50": "W", "44": "W", "43": "W", "40": "S", "38": "N", "23": "N", "17": "N", "9": "S", "2": "W"}, {"14": "S", "29": "S", "62": "S", "52": "N", "6": "S", "49": "W", "42": "N", "8": "S", "19": "N", "18": "E", "4": "W", "0": "S", "37": "N", "12": "S", "41": "W", "22": "S", "15": "N", "11": "S", "61": "W", "59": "S", "50": "S", "44": "W", "43": "N", "40": "S", "38": "E", "25": "W", "23": "N", "17": "N", "9": "E", "2": "W"}, {"6": "S", "49": "W", "33": "E", "18": "E", "37": "N", "12": "W", "41": "W", "22": "S", "15": "E", "11": "S", "61": "W", "59": "W", "58": "E", "55": "W", "54": "N", "50": "S", "44": "W", "43": "N", "40": "S", "38": "N", "25": "W", "23": "N", "17": "E", "16": "N", "9": "S", "2": "W"}, {"49": "W", "46": "S", "18": "E", "37": "W", "27": "S", "12": "S", "41": "W", "22": "S", "15": "S", "11": "S", "61": "W", "58": "S", "50": "W", "44": "N", "40": "S", "38": "N", "31": "S", "23": "W", "16": "W", "9": "S", "2": "W"}, {"49": "W", "18": "E", "37": "W", "12": "S", "41": "W", "22": "S", "15": "E", "11": "S", "61": "W", "58": "E", "50": "W", "43": "N", "40": "S", "38": "W", "31": "S", "25": "N", "23": "W", "9": "S", "2": "W"}, {"49": "N", "46": "N", "18": "S", "37": "W", "27": "N", "12": "S", "41": "W", "22": "E", "15": "E", "11": "S", "61": "N", "58": "E", "50": "W", "43": "N", "40": "W", "38": "N", "23": "N", "16": "E", "9": "S", "2": "W"}, {"49": "N", "46": "N", "37": "W", "27": "N", "12": "S", "41": "W", "15": "E", "11": "E", "61": "W", "58": "E", "50": "W", "40": "W", "38": "N", "23": "N", "16": "S", "9": "S", "2": "S"}, {"37": "W", "12": "S", "41": "S", "15": "E", "11": "E", "61": "W", "58": "E", "50": "W", "40": "N", "38": "N", "31": "E", "16": "W", "9": "W", "2": "S"}, {"37": "W", "12": "E", "15": "E", "11": "E", "61": "N", "50": "W", "38": "N", "31": "N", "16": "W", "2": "S"}, {"37": "W", "15": "E", "11": "N", "61": "N", "50": "W", "38": "N", "31": "W"}, {"37": "S", "15": "E", "11": "E", "61": "N", "50": "W", "38": "N", "31": "S", "25": "S"}, {"11": "E", "61": "E", "50": "N", "38": "W", "25": "S"}], "result": "SUCCESS", "makespan": 33, "sum": 1137, "algo_name": "OutAndInByPercentage_BIT_", "extra": {"arrival_order": [14, 29, 34, 62, 52, 60, 39, 5, 26, 21, 20, 6, 47, 7, 57, 49, 46, 42, 33, 28, 8, 53, 48, 35, 19, 18, 10, 4, 1, 0, 36, 30, 51, 45, 37, 32, 27, 12, 3, 41, 24, 22, 15, 13, 11, 61, 59, 58, 56, 55, 54, 50, 44, 43, 40, 38, 31, 25, 23, 17, 16, 9, 2], "time_arrived": [403, 395, 905, 533, 385, 118, 171, 194, 284, 883, 380, 637, 519, 616, 23, 605, 860, 852, 365, 344, 153, 147, 586, 842, 567, 830, 130, 494, 278, 41, 430, 817, 487, 267, 52, 326, 410, 479, 806, 100, 781, 551, 252, 761, 753, 454, 243, 189, 307, 227, 734, 443, 82, 297, 714, 705, 697, 208, 682, 667, 93, 659, 67], "BIT_runs": 1, "old_makespan": 905, "old_sum": 1153, "improved": "[29, 34, 62, 52, 60, 39, 5, 26, 21, 20, 6, 47, 7, 57, 49, 46, 42, 33, 28, 8, 53, 48, 35, 19, 18, 10, 4, 1, 0, 36, 30, 51, 45, 37, 32, 27, 12, 3, 41, 24, 22, 15, 13, 11, 61, 59, 58, 56, 55, 54, 50, 44, 43, 40, 38, 31, 25, 23, 17, 16, 9, 2],", "goal_raise_for_bs": 32}}