{"instance": "small_008_20x20_40_83", "steps": [{"20": "N", "38": "W", "8": "W", "1": "W", "41": "S", "70": "W", "13": "W", "17": "E", "71": "S", "63": "N", "51": "N", "3": "W", "7": "N", "60": "E", "66": "W", "26": "W", "14": "S", "30": "W", "31": "W", "49": "W", "62": "W", "46": "W", "35": "W", "58": "W", "33": "W", "15": "W", "64": "W", "29": "E", "23": "W", "43": "W", "18": "W", "10": "E", "74": "S", "55": "E", "16": "N", "37": "N", "19": "N", "53": "W", "12": "S", "32": "S", "68": "S", "44": "S", "36": "W", "42": "N", "9": "W", "47": "W", "6": "S", "78": "S", "34": "W", "75": "W", "28": "W", "59": "W", "0": "W", "5": "W", "72": "W", "21": "W", "54": "W", "22": "W", "11": "W", "80": "W", "50": "W"}, {"20": "E", "38": "W", "2": "W", "8": "W", "1": "W", "41": "E", "45": "W", "70": "W", "67": "W", "13": "W", "17": "E", "56": "S", "63": "N", "51": "N", "3": "S", "7": "W", "66": "W", "26": "W", "14": "S", "30": "W", "81": "W", "61": "W", "49": "W", "62": "W", "46": "W", "35": "W", "58": "W", "33": "W", "15": "W", "64": "W", "52": "E", "29": "S", "4": "W", "23": "S", "43": "W", "18": "W", "10": "E", "74": "S", "69": "E", "16": "N", "37": "N", "19": "N", "53": "W", "12": "W", "32": "S", "68": "W", "44": "E", "36": "W", "42": "N", "9": "W", "82": "E", "6": "S", "73": "W", "34": "W", "75": "N", "28": "W", "59": "W", "79": "W", "0": "W", "5": "W", "72": "W", "21": "W", "54": "W", "22": "W", "11": "W", "80": "W", "50": "W"}, {"20": "E", "77": "S", "38": "W", "2": "W", "8": "W", "1": "W", "27": "S", "45": "W", "70": "W", "67": "W", "13": "W", "71": "S", "56": "S", "63": "E", "51": "N", "3": "S", "7": "N", "24": "S", "60": "E", "66": "W", "14": "S", "30": "W", "81": "S", "61": "W", "31": "S", "49": "W", "62": "W", "46": "W", "35": "W", "58": "W", "33": "W", "15": "W", "64": "W", "52": "S", "29": "S", "4": "N", "23": "W", "43": "S", "69": "S", "16": "N", "37": "E", "19": "N", "53": "W", "12": "W", "32": "S", "68": "S", "44": "E", "42": "N", "25": "W", "82": "S", "6": "S", "73": "S", "34": "N", "75": "W", "28": "W", "59": "W", "79": "W", "0": "W", "5": "W", "72": "W", "21": "W", "54": "W", "22": "W", "11": "W", "80": "W", "50": "W"}, {"20": "N", "77": "S", "38": "W", "2": "W", "8": "W", "65": "W", "1": "W", "45": "W", "70": "W", "67": "W", "13": "W", "71": "S", "56": "S", "63": "S", "51": "E", "3": "E", "7": "N", "24": "S", "66": "W", "26": "W", "57": "S", "14": "S", "81": "S", "49": "W", "62": "W", "46": "W", "35": "W", "58": "W", "33": "W", "15": "W", "64": "W", "52": "S", "29": "E", "4": "W", "23": "W", "43": "W", "10": "E", "69": "S", "16": "E", "37": "E", "19": "E", "53": "W", "12": "S", "32": "S", "44": "N", "42": "W", "9": "W", "48": "S", "25": "W", "6": "S", "78": "S", "73": "W", "34": "W", "75": "W", "28": "W", "59": "W", "79": "W", "0": "W", "5": "W", "72": "W", "21": "W", "54": "W", "22": "W", "11": "W", "80": "W", "50": "W"}, {"20": "E", "77": "S", "38": "W", "2": "W", "8": "W", "65": "S", "1": "W", "45": "W", "70": "W", "67": "W", "13": "W", "71": "E", "56": "S", "63": "E", "51": "N", "3": "E", "7": "W", "24": "S", "60": "S", "66": "W", "26": "W", "57": "S", "14": "S", "81": "S", "61": "S", "49": "W", "62": "W", "46": "W", "35": "W", "58": "W", "33": "W", "15": "W", "64": "W", "52": "S", "76": "W", "29": "S", "4": "N", "23": "W", "43": "S", "10": "E", "74": "E", "69": "W", "55": "S", "16": "S", "39": "S", "37": "E", "19": "S", "53": "W", "32": "E", "44": "E", "36": "S", "42": "S", "48": "E", "78": "E", "73": "W", "34": "N", "75": "W", "28": "W", "59": "S", "79": "W", "0": "W", "5": "W", "72": "W", "21": "W", "54": "W", "22": "W", "11": "W", "80": "W", "50": "W"}, {"40": "N", "77": "E", "38": "W", "2": "W", "8": "W", "65": "S", "1": "W", "27": "W", "70": "W", "67": "W", "13": "W", "71": "E", "56": "W", "63": "E", "51": "W", "3": "E", "7": "W", "60": "E", "66": "W", "26": "W", "57": "E", "14": "S", "30": "E", "81": "S", "61": "S", "49": "W", "62": "W", "46": "W", "35": "W", "58": "W", "33": "W", "15": "W", "64": "W", "76": "W", "29": "S", "4": "N", "23": "S", "10": "N", "55": "S", "16": "E", "39": "S", "37": "E", "19": "E", "53": "W", "12": "S", "32": "E", "68": "S", "44": "E", "42": "S", "48": "S", "6": "N", "34": "E", "75": "W", "28": "W", "79": "W", "0": "W", "5": "W", "72": "W", "21": "W", "54": "W", "22": "W", "11": "W", "80": "W", "50": "W"}, {"40": "N", "38": "W", "2": "W", "8": "N", "65": "S", "27": "S", "70": "W", "67": "W", "13": "W", "71": "N", "56": "S", "63": "N", "51": "N", "3": "E", "7": "W", "24": "S", "66": "W", "57": "E", "14": "S", "30": "E", "81": "S", "61": "E", "49": "W", "62": "W", "46": "W", "35": "W", "58": "W", "33": "W", "15": "W", "64": "W", "52": "S", "76": "S", "4": "W", "23": "S", "74": "E", "16": "S", "37": "E", "19": "S", "53": "W", "12": "S", "32": "E", "42": "W", "48": "E", "47": "N", "6": "W", "73": "E", "34": "E", "75": "W", "28": "W", "59": "N", "79": "W", "0": "W", "5": "W", "72": "W", "21": "W", "54": "W", "22": "W", "11": "W", "80": "W", "50": "W"}, {"40": "N", "38": "S", "2": "S", "65": "S", "70": "W", "67": "W", "13": "W", "71": "E", "56": "S", "63": "E", "51": "N", "3": "E", "7": "W", "24": "S", "60": "S", "66": "W", "14": "S", "81": "E", "61": "S", "49": "W", "62": "W", "46": "W", "35": "W", "58": "W", "33": "W", "15": "W", "64": "W", "52": "E", "76": "S", "23": "S", "18": "S", "74": "E", "69": "S", "37": "E", "53": "W", "12": "S", "42": "S", "48": "E", "47": "N", "25": "S", "82": "S", "6": "W", "73": "S", "75": "S", "28": "W", "59": "N", "5": "W", "72": "W", "21": "W", "54": "W", "22": "W", "11": "W", "80": "W", "50": "W"}, {"40": "W", "65": "S", "1": "S", "70": "W", "67": "W", "13": "W", "71": "E", "56": "E", "63": "E", "51": "E", "7": "W", "60": "S", "66": "W", "14": "W", "81": "E", "61": "S", "31": "S", "49": "W", "62": "W", "46": "W", "35": "W", "58": "W", "33": "W", "15": "W", "52": "E", "76": "S", "29": "S", "4": "W", "23": "S", "43": "S", "74": "E", "55": "S", "37": "E", "12": "S", "44": "E", "36": "S", "42": "S", "48": "E", "25": "S", "6": "W", "73": "S", "75": "W", "28": "W", "79": "E", "5": "W", "72": "W", "21": "W", "54": "W", "22": "W", "11": "W", "80": "S"}, {"40": "W", "8": "W", "65": "S", "70": "W", "67": "W", "13": "W", "71": "E", "56": "E", "63": "E", "7": "S", "60": "S", "66": "W", "14": "N", "61": "S", "49": "S", "62": "W", "46": "S", "35": "W", "58": "W", "33": "W", "15": "S", "64": "S", "76": "S", "4": "W", "23": "W", "43": "S", "18": "S", "74": "E", "69": "S", "39": "E", "53": "S", "12": "W", "44": "E", "36": "S", "42": "E", "48": "N", "47": "S", "25": "S", "6": "W", "78": "S", "73": "S", "75": "W", "28": "W", "59": "W", "0": "W", "21": "S", "54": "S", "22": "W", "11": "W", "80": "W"}, {"40": "W", "38": "N", "2": "N", "8": "N", "65": "S", "45": "N", "67": "N", "71": "N", "56": "E", "63": "N", "7": "S", "60": "E", "57": "S", "14": "N", "61": "E", "49": "S", "46": "S", "35": "N", "15": "S", "64": "S", "76": "S", "4": "W", "23": "W", "43": "S", "18": "S", "69": "S", "12": "W", "68": "W", "44": "E", "9": "E", "48": "N", "47": "S", "25": "E", "6": "S", "78": "E", "73": "S", "75": "W", "59": "N", "79": "N", "5": "E", "72": "E", "21": "S", "54": "S", "11": "S", "80": "S"}, {"40": "W", "38": "E", "2": "E", "8": "E", "65": "E", "45": "E", "67": "E", "13": "W", "56": "S", "63": "E", "3": "W", "7": "S", "60": "E", "26": "N", "57": "W", "14": "N", "30": "W", "61": "E", "49": "E", "46": "S", "35": "E", "58": "W", "33": "W", "15": "S", "64": "E", "76": "S", "4": "W", "23": "W", "43": "S", "10": "E", "44": "E", "9": "E", "48": "N", "47": "S", "6": "W", "78": "E", "73": "S", "5": "E", "72": "E", "21": "S", "54": "S", "22": "W", "11": "S", "50": "W"}, {"40": "W", "38": "E", "2": "E", "8": "E", "65": "S", "45": "E", "67": "N", "56": "S", "63": "N", "51": "N", "7": "S", "60": "N", "26": "N", "57": "N", "14": "N", "31": "W", "49": "S", "62": "N", "58": "N", "15": "S", "64": "S", "76": "S", "29": "E", "4": "W", "23": "S", "18": "W", "69": "W", "39": "N", "12": "N", "68": "S", "44": "N", "48": "N", "47": "S", "25": "S", "78": "N", "73": "S", "79": "E", "5": "N", "72": "E", "21": "S", "54": "S", "22": "S", "11": "S", "80": "S", "50": "W"}, {"40": "S", "38": "E", "2": "E", "8": "E", "65": "E", "1": "S", "45": "E", "67": "E", "13": "W", "56": "E", "63": "N", "51": "N", "3": "E", "7": "S", "60": "E", "26": "E", "14": "W", "31": "S", "49": "S", "62": "E", "35": "E", "58": "E", "33": "W", "15": "S", "64": "S", "76": "E", "29": "S", "4": "W", "23": "W", "43": "W", "18": "W", "55": "S", "39": "N", "12": "W", "44": "E", "48": "E", "47": "S", "25": "S", "6": "S", "78": "N", "73": "S", "34": "W", "75": "W", "79": "E", "0": "W", "5": "N", "72": "N", "21": "S", "54": "S", "22": "E", "11": "S", "80": "W", "50": "S"}, {"40": "S", "38": "N", "2": "E", "8": "E", "65": "E", "1": "S", "45": "E", "67": "E", "13": "W", "56": "E", "63": "E", "51": "N", "7": "W", "24": "W", "60": "E", "26": "E", "14": "N", "30": "E", "31": "W", "49": "S", "62": "E", "33": "W", "15": "S", "64": "S", "76": "E", "29": "S", "4": "S", "23": "W", "43": "S", "18": "S", "10": "W", "69": "W", "55": "S", "16": "W", "39": "N", "37": "E", "53": "W", "12": "W", "68": "N", "48": "E", "47": "S", "25": "S", "82": "E", "78": "E", "73": "E", "59": "W", "79": "E", "0": "W", "5": "N", "72": "N", "21": "S", "54": "S", "11": "S", "80": "S", "50": "S"}, {"40": "S", "38": "E", "2": "S", "8": "E", "65": "E", "1": "S", "45": "S", "67": "E", "13": "N", "56": "N", "63": "E", "51": "E", "7": "S", "60": "N", "66": "S", "26": "E", "14": "N", "61": "W", "31": "S", "49": "S", "62": "E", "58": "N", "15": "S", "64": "S", "76": "E", "29": "S", "4": "S", "23": "W", "43": "S", "18": "S", "69": "S", "55": "S", "16": "W", "19": "S", "53": "S", "12": "W", "36": "S", "9": "E", "48": "N", "25": "S", "82": "E", "78": "N", "75": "W", "28": "S", "79": "E", "72": "E", "21": "S", "54": "S", "22": "W", "11": "E", "80": "S", "50": "S"}, {"40": "S", "38": "E", "2": "S", "8": "E", "65": "S", "1": "S", "45": "S", "67": "E", "13": "E", "56": "E", "63": "E", "51": "E", "7": "S", "60": "E", "66": "S", "26": "S", "57": "N", "14": "W", "30": "N", "31": "S", "49": "S", "62": "S", "58": "E", "33": "N", "15": "S", "64": "W", "76": "E", "29": "E", "4": "S", "23": "W", "43": "S", "18": "S", "16": "S", "39": "S", "37": "W", "53": "S", "12": "W", "68": "E", "36": "S", "25": "S", "82": "S", "6": "N", "78": "E", "34": "W", "28": "S", "79": "E", "0": "N", "21": "S", "54": "S", "11": "E", "80": "S", "50": "S"}, {"40": "S", "2": "S", "8": "S", "65": "S", "1": "W", "45": "S", "67": "E", "56": "E", "51": "E", "7": "S", "24": "E", "60": "E", "66": "E", "26": "S", "57": "E", "14": "W", "30": "E", "31": "W", "49": "S", "62": "S", "58": "E", "33": "E", "15": "S", "76": "E", "29": "E", "4": "S", "23": "W", "43": "S", "18": "S", "69": "W", "55": "S", "16": "S", "39": "S", "53": "S", "12": "W", "36": "E", "82": "S", "78": "E", "75": "W", "28": "S", "59": "W", "79": "S", "0": "E", "21": "S", "54": "S", "11": "E", "80": "S", "50": "S"}, {"40": "E", "38": "E", "2": "S", "8": "S", "65": "S", "1": "W", "45": "S", "70": "S", "67": "E", "56": "E", "51": "E", "7": "S", "60": "E", "66": "S", "26": "E", "57": "S", "14": "W", "30": "S", "61": "E", "31": "W", "49": "S", "62": "S", "58": "E", "15": "E", "76": "E", "29": "E", "4": "S", "23": "W", "43": "S", "18": "S", "16": "S", "39": "S", "53": "S", "36": "S", "25": "W", "82": "S", "73": "W", "75": "S", "28": "S", "79": "S", "21": "E", "54": "S", "22": "E", "80": "S", "50": "S"}, {"40": "E", "38": "E", "2": "S", "8": "S", "1": "S", "45": "S", "70": "E", "67": "S", "56": "E", "51": "E", "7": "S", "60": "E", "66": "S", "26": "S", "14": "W", "81": "S", "49": "E", "62": "S", "35": "E", "58": "E", "15": "E", "29": "E", "4": "S", "23": "N", "10": "N", "16": "S", "39": "S", "53": "S", "12": "S", "36": "S", "82": "S", "34": "S", "75": "S", "59": "S", "79": "S", "5": "N", "21": "E", "54": "S", "80": "S", "50": "S"}, {"38": "E", "2": "S", "8": "S", "1": "S", "45": "S", "70": "E", "67": "S", "56": "N", "51": "E", "7": "E", "60": "N", "66": "E", "26": "S", "14": "N", "49": "E", "62": "S", "35": "S", "58": "S", "15": "E", "29": "E", "4": "S", "18": "W", "10": "W", "16": "S", "39": "S", "47": "W", "25": "E", "82": "E", "78": "N", "73": "E", "75": "S", "79": "S", "5": "N", "21": "E", "54": "E", "22": "E", "50": "S"}, {"2": "S", "8": "S", "1": "W", "45": "S", "70": "E", "67": "S", "13": "S", "56": "N", "51": "S", "7": "E", "60": "N", "66": "S", "26": "S", "14": "N", "81": "N", "31": "S", "49": "E", "62": "W", "46": "W", "35": "E", "15": "E", "64": "W", "29": "S", "4": "S", "23": "W", "18": "S", "16": "S", "39": "S", "53": "S", "47": "W", "82": "E", "34": "N", "75": "S", "28": "W", "59": "N", "79": "E", "0": "N", "5": "E", "72": "N", "21": "E", "54": "E", "22": "E"}, {"2": "S", "8": "S", "1": "W", "45": "S", "70": "E", "67": "S", "13": "E", "56": "N", "51": "S", "7": "E", "60": "E", "66": "S", "26": "S", "31": "S", "49": "E", "62": "S", "46": "S", "35": "E", "33": "E", "15": "E", "64": "S", "23": "N", "18": "S", "16": "S", "53": "W", "12": "N", "36": "W", "47": "W", "25": "E", "82": "E", "73": "E", "75": "S", "0": "E", "5": "E", "72": "E", "21": "E", "54": "E", "80": "W"}, {"2": "S", "8": "S", "45": "S", "70": "E", "67": "S", "13": "E", "51": "E", "7": "E", "60": "N", "26": "S", "14": "W", "49": "E", "62": "W", "46": "S", "35": "S", "58": "S", "33": "S", "64": "S", "23": "N", "43": "W", "18": "S", "10": "E", "16": "W", "53": "S", "25": "E", "82": "E", "34": "E", "75": "S", "28": "E", "79": "N", "5": "E", "72": "E", "21": "S", "54": "E", "22": "N", "11": "N", "80": "S", "50": "S"}, {"2": "S", "8": "S", "45": "S", "70": "S", "67": "S", "13": "E", "51": "S", "7": "E", "24": "N", "60": "E", "26": "S", "14": "W", "62": "S", "46": "S", "35": "S", "58": "S", "33": "E", "64": "S", "4": "S", "23": "W", "18": "W", "10": "S", "16": "W", "53": "S", "36": "E", "47": "W", "25": "E", "82": "E", "6": "N", "28": "S", "79": "W", "72": "E", "21": "S", "54": "E", "22": "N", "11": "N", "80": "S", "50": "W"}, {"2": "S", "8": "S", "45": "E", "70": "E", "67": "S", "13": "E", "51": "E", "7": "E", "26": "S", "14": "W", "30": "N", "62": "S", "46": "S", "35": "S", "58": "S", "33": "S", "64": "W", "4": "E", "23": "N", "43": "W", "69": "E", "16": "W", "82": "E", "34": "N", "28": "E", "72": "S", "21": "E", "54": "E", "22": "N", "11": "E", "80": "E", "50": "S"}, {"2": "E", "8": "E", "1": "E", "70": "E", "67": "S", "13": "E", "24": "N", "26": "S", "14": "W", "30": "N", "61": "S", "62": "S", "46": "S", "35": "E", "58": "E", "33": "S", "64": "W", "4": "E", "23": "N", "69": "E", "55": "N", "16": "W", "34": "E", "28": "S", "72": "E", "54": "E", "22": "N", "11": "E", "80": "E", "50": "S"}, {"2": "E", "8": "E", "1": "E", "70": "E", "67": "E", "13": "E", "24": "N", "66": "S", "14": "N", "30": "E", "31": "S", "62": "S", "46": "S", "35": "E", "58": "E", "33": "S", "4": "N", "23": "E", "69": "E", "16": "S", "36": "W", "34": "E", "28": "S", "79": "S", "72": "E", "22": "E", "11": "E", "80": "E", "50": "S"}, {"2": "E", "8": "E", "1": "E", "70": "E", "67": "E", "13": "E", "66": "S", "14": "N", "30": "E", "81": "W", "31": "S", "62": "S", "46": "S", "35": "S", "58": "S", "33": "E", "15": "S", "64": "E", "23": "N", "18": "S", "69": "E", "16": "S", "34": "E", "75": "W", "28": "E", "79": "S", "0": "W", "22": "E", "11": "N", "80": "N"}, {"2": "E", "8": "E", "1": "E", "45": "S", "70": "E", "13": "S", "66": "S", "26": "S", "14": "N", "30": "E", "81": "W", "31": "S", "62": "S", "46": "E", "35": "S", "58": "S", "33": "E", "15": "S", "23": "N", "69": "E", "16": "S", "19": "W", "47": "N", "75": "S", "59": "N", "79": "S", "0": "S", "22": "E", "11": "N", "80": "E"}, {"2": "E", "45": "E", "70": "E", "67": "S", "13": "S", "24": "S", "66": "S", "26": "S", "14": "N", "30": "E", "81": "W", "61": "W", "31": "S", "62": "E", "46": "E", "35": "S", "58": "S", "33": "E", "15": "W", "23": "N", "69": "E", "55": "S", "16": "W", "19": "W", "68": "W", "47": "N", "82": "S", "75": "E", "59": "N", "0": "S", "11": "N", "80": "S"}, {"45": "E", "70": "E", "67": "S", "13": "S", "24": "S", "66": "S", "26": "S", "14": "E", "30": "E", "81": "W", "61": "N", "31": "S", "62": "E", "35": "E", "58": "E", "33": "E", "15": "W", "64": "S", "23": "E", "43": "E", "18": "N", "69": "E", "16": "S", "19": "S", "68": "W", "36": "N", "47": "E", "82": "S", "28": "W", "59": "E", "79": "N", "0": "W", "11": "E", "80": "E", "50": "W"}, {"70": "E", "67": "S", "13": "S", "24": "S", "66": "S", "14": "N", "30": "E", "61": "W", "31": "E", "62": "E", "46": "S", "35": "E", "33": "E", "64": "E", "29": "E", "4": "S", "23": "N", "18": "E", "69": "E", "16": "S", "19": "S", "53": "E", "68": "W", "36": "W", "47": "N", "25": "W", "75": "E", "28": "S", "0": "S", "11": "S", "80": "S"}, {"70": "S", "67": "S", "13": "S", "66": "E", "26": "S", "14": "N", "30": "S", "81": "E", "31": "E", "62": "E", "46": "E", "35": "E", "58": "S", "33": "S", "15": "E", "64": "E", "4": "S", "23": "N", "18": "E", "16": "S", "19": "S", "12": "S", "68": "W", "36": "S", "47": "N", "25": "S", "34": "N", "75": "E", "28": "S", "59": "S", "0": "S", "21": "S", "54": "S", "11": "S", "80": "S", "50": "E"}, {"70": "S", "67": "E", "13": "E", "66": "E", "26": "E", "14": "E", "81": "E", "61": "E", "31": "E", "62": "E", "46": "E", "58": "S", "33": "S", "15": "E", "64": "E", "29": "N", "4": "E", "23": "E", "18": "E", "69": "E", "16": "W", "19": "S", "68": "S", "36": "E", "82": "N", "6": "S", "75": "E", "28": "S", "59": "S", "0": "S", "21": "E", "11": "S", "80": "S", "50": "E"}, {"70": "E", "67": "E", "13": "E", "66": "E", "26": "E", "14": "E", "81": "E", "61": "E", "62": "E", "46": "E", "58": "S", "33": "E", "15": "E", "64": "S", "29": "W", "4": "E", "16": "S", "19": "W", "68": "W", "9": "W", "47": "S", "25": "W", "73": "S", "34": "W", "28": "S", "59": "E", "79": "W", "0": "S", "21": "S", "11": "S", "80": "E", "50": "E"}, {"70": "S", "67": "E", "13": "E", "66": "E", "26": "S", "14": "N", "30": "S", "81": "E", "62": "E", "46": "E", "58": "S", "33": "E", "15": "E", "64": "E", "29": "S", "4": "E", "23": "S", "43": "E", "55": "W", "16": "S", "19": "S", "68": "W", "47": "S", "25": "W", "82": "N", "73": "W", "34": "S", "75": "S", "28": "E", "59": "E", "79": "S", "0": "S", "21": "E", "11": "S", "80": "E"}, {"13": "E", "66": "E", "26": "E", "14": "N", "31": "E", "49": "W", "46": "E", "58": "S", "33": "E", "15": "E", "64": "E", "4": "N", "23": "S", "43": "E", "16": "S", "19": "S", "53": "E", "12": "S", "68": "W", "47": "S", "25": "W", "73": "W", "34": "E", "75": "S", "28": "E", "79": "E", "0": "E", "21": "E", "54": "W", "11": "E", "80": "N"}, {"66": "E", "26": "S", "14": "E", "46": "E", "58": "E", "33": "E", "15": "E", "64": "E", "4": "E", "55": "E", "16": "E", "19": "S", "53": "E", "9": "E", "47": "E", "25": "N", "6": "S", "73": "N", "34": "S", "75": "E", "0": "E", "21": "E", "11": "E", "80": "N"}, {"66": "E", "26": "S", "14": "E", "46": "E", "58": "S", "15": "E", "64": "E", "4": "N", "18": "S", "16": "E", "19": "E", "68": "W", "47": "E", "25": "W", "73": "W", "34": "E", "75": "S", "0": "E", "21": "E", "54": "E", "11": "E", "80": "E", "50": "W"}, {"26": "E", "14": "E", "49": "E", "46": "E", "58": "S", "15": "N", "64": "N", "4": "E", "18": "S", "16": "S", "19": "S", "12": "N", "68": "N", "47": "S", "6": "W", "75": "S", "21": "E", "80": "E", "50": "S"}, {"26": "S", "14": "E", "46": "S", "58": "E", "15": "N", "64": "N", "4": "E", "69": "N", "16": "S", "19": "E", "12": "N", "68": "W", "47": "E", "25": "W", "6": "N", "73": "W", "75": "E", "54": "E", "80": "E", "50": "E"}, {"26": "E", "14": "E", "46": "E", "58": "E", "4": "E", "16": "S", "19": "E", "6": "N", "75": "E", "28": "E", "54": "E", "80": "E", "50": "E"}, {"26": "E", "14": "S", "46": "E", "58": "E", "69": "S", "16": "E", "68": "E", "25": "E", "6": "E", "73": "E", "75": "E", "28": "E", "54": "E", "80": "E", "50": "E"}, {"26": "N", "14": "S", "46": "N", "58": "E", "16": "E", "68": "E", "25": "E", "73": "E", "75": "E", "54": "E", "80": "N", "50": "E"}, {"26": "N", "46": "N", "58": "E", "64": "E", "16": "E", "37": "E", "68": "E", "25": "E", "73": "E", "75": "E", "54": "E", "50": "E"}, {"26": "N", "58": "E", "64": "S", "16": "E", "68": "E", "25": "E", "73": "E", "75": "E"}, {"26": "E", "58": "E", "64": "W", "16": "E", "37": "W", "68": "E", "25": "E", "75": "E", "21": "N"}, {"26": "E", "58": "E", "64": "N", "4": "S", "10": "S", "16": "E", "68": "E", "25": "E", "75": "E", "80": "E", "50": "N"}, {"26": "E", "58": "N", "10": "S", "16": "E", "68": "E", "25": "E"}, {"26": "E", "58": "N", "16": "E", "37": "N", "68": "E", "25": "E", "54": "N"}, {"26": "N", "58": "W", "4": "N", "10": "N", "16": "E", "68": "E", "25": "E"}, {"26": "N", "58": "W", "10": "N", "16": "N", "75": "N", "21": "N"}, {"26": "W", "16": "N"}, {"16": "W", "37": "E", "80": "W"}, {"16": "N", "37": "S"}, {"37": "W"}], "result": "SUCCESS", "makespan": 57, "sum": 1897, "algo_name": "OutAndInByPercentage_dist_from_grid_BIT_", "extra": {"arrival_order": [20, 40, 77, 38, 2, 8, 65, 1, 41, 27, 45, 70, 67, 13, 17, 71, 56, 63, 51, 3, 7, 24, 60, 66, 26, 57, 14, 30, 81, 61, 31, 49, 62, 46, 35, 58, 33, 15, 64, 52, 76, 29, 4, 23, 43, 18, 10, 74, 69, 55, 16, 39, 37, 19, 53, 12, 32, 68, 44, 36, 42, 9, 48, 47, 25, 82, 6, 78, 73, 34, 75, 28, 59, 79, 0, 5, 72, 21, 54, 22, 11, 80, 50], "time_arrived": [1269, 145, 97, 337, 832, 1283, 1155, 359, 116, 1084, 893, 1390, 1030, 239, 492, 719, 967, 249, 883, 1004, 43, 1327, 1372, 855, 368, 1125, 450, 157, 1239, 807, 510, 553, 1037, 692, 1195, 636, 1068, 989, 76, 976, 58, 151, 1077, 868, 1058, 176, 618, 1106, 1099, 572, 1460, 329, 770, 1016, 1356, 927, 289, 458, 672, 1247, 393, 532, 591, 306, 759, 134, 414, 217, 1042, 915, 195, 265, 1298, 1183, 900, 1223, 787, 66, 1169, 1258, 1431, 520, 1145], "BIT_runs": 1, "old_makespan": 1460, "old_sum": 2111, "improved": "[20, 40, 77, 38, 2, 8, 65, 1, 41, 27, 45, 70, 67, 13, 17, 71, 56, 63, 51, 3, 7, 24, 60, 66, 26, 57, 14, 30, 81, 61, 31, 49, 62, 46, 35, 58, 33, 15, 64, 52, 76, 29, 4, 23, 43, 18, 10, 74, 69, 55, 16, 39, 37, 19, 53, 12, 32, 68, 44, 36, 42, 9, 48, 47, 25, 82, 6, 78, 73, 34, 75, 28, 59, 79, 0, 5, 72, 21, 54, 22, 11, 80, 50],", "goal_raise_for_bs": 32}}