{"instance": "small_free_003_10x10_70_70", "steps": [{"2": "S", "5": "S", "6": "E", "7": "W", "11": "S", "12": "W", "13": "E", "15": "E", "17": "S", "19": "N", "23": "W", "24": "E", "25": "N", "28": "E", "29": "E", "33": "E", "34": "W", "36": "E", "37": "N", "43": "W", "46": "S", "47": "S", "51": "N", "55": "W", "56": "S", "68": "E", "1": "E", "3": "N", "9": "E", "21": "E", "22": "N", "30": "S", "38": "W", "39": "S", "40": "S", "41": "N", "42": "W", "45": "W", "50": "E", "53": "W", "59": "S", "62": "W", "65": "N", "67": "S", "69": "N", "0": "E", "4": "W", "8": "W", "10": "E", "14": "W", "16": "W", "18": "S", "31": "N", "35": "S", "44": "E", "48": "N", "54": "E", "61": "N", "63": "S", "64": "N", "26": "W", "27": "W", "49": "W", "52": "E", "58": "N", "60": "E", "20": "W", "32": "E", "57": "W", "66": "E"}, {"2": "S", "5": "S", "6": "E", "7": "W", "11": "S", "12": "W", "13": "E", "15": "E", "17": "S", "19": "N", "23": "W", "24": "E", "25": "N", "28": "E", "29": "E", "33": "E", "34": "W", "36": "E", "37": "N", "43": "W", "46": "S", "47": "S", "51": "N", "55": "W", "56": "S", "68": "E", "1": "E", "3": "N", "9": "E", "21": "E", "22": "N", "30": "S", "38": "W", "39": "S", "40": "S", "41": "N", "42": "W", "45": "W", "50": "E", "53": "W", "59": "S", "62": "W", "65": "N", "67": "S", "69": "N", "0": "E", "4": "W", "8": "W", "10": "E", "14": "W", "16": "W", "18": "S", "31": "N", "35": "S", "44": "E", "48": "N", "54": "E", "61": "N", "63": "S", "64": "N", "26": "W", "27": "W", "49": "W", "52": "E", "58": "N", "60": "E", "20": "W", "32": "E", "57": "W", "66": "E"}, {"19": "W", "25": "N", "51": "N", "2": "S", "5": "S", "11": "S", "46": "S", "47": "S", "56": "W", "7": "W", "23": "W", "43": "W", "55": "N", "28": "E", "33": "E", "36": "E", "1": "E", "3": "N", "9": "E", "21": "E", "22": "N", "30": "S", "38": "W", "39": "S", "40": "S", "41": "N", "45": "W", "50": "E", "53": "W", "59": "S", "62": "W", "65": "N", "67": "S", "69": "N", "0": "E", "4": "W", "8": "W", "10": "E", "14": "W", "16": "W", "18": "S", "31": "N", "35": "S", "44": "E", "48": "N", "54": "E", "61": "N", "63": "S", "64": "N", "26": "W", "27": "W", "49": "W", "52": "E", "58": "N", "60": "E", "20": "W", "32": "E", "57": "W", "66": "E"}, {"37": "N", "51": "N", "3": "N", "22": "N", "41": "E", "65": "N", "2": "S", "5": "S", "17": "S", "46": "E", "30": "S", "40": "E", "67": "S", "23": "N", "43": "S", "55": "W", "13": "E", "24": "E", "28": "N", "33": "E", "36": "E", "1": "E", "21": "E", "50": "E", "42": "W", "0": "E", "8": "W", "10": "E", "14": "W", "18": "S", "31": "N", "35": "S", "44": "E", "48": "N", "54": "E", "61": "N", "63": "S", "64": "N", "27": "W", "49": "W", "52": "E", "58": "N", "60": "E", "20": "W", "32": "E", "57": "W", "66": "E"}, {"51": "N", "3": "N", "61": "N", "5": "W", "7": "W", "23": "W", "34": "W", "43": "W", "38": "W", "45": "W", "53": "W", "62": "W", "8": "W", "14": "W", "13": "E", "24": "E", "36": "E", "1": "E", "9": "E", "21": "N", "10": "E", "44": "E", "54": "E", "4": "W", "16": "W", "26": "W", "27": "W", "49": "W", "52": "E", "58": "N", "60": "E", "20": "W", "32": "E", "57": "W", "66": "E"}, {"51": "W", "3": "W", "30": "S", "18": "S", "7": "W", "43": "W", "38": "W", "45": "W", "53": "S", "62": "W", "8": "W", "4": "W", "27": "W", "24": "E", "36": "E", "1": "E", "9": "E", "10": "E", "54": "E", "52": "E", "26": "W", "20": "W", "32": "E", "57": "W", "66": "E"}, {"61": "N", "58": "N", "30": "S", "18": "S", "62": "W", "8": "N", "57": "W", "36": "N", "1": "S", "9": "N", "32": "E"}, {"61": "E", "30": "W", "62": "W", "57": "W", "10": "E", "32": "E"}, {"58": "N", "18": "S", "62": "N", "57": "W", "10": "E", "32": "E"}, {"58": "N", "18": "E", "57": "W", "10": "S"}, {"58": "E", "57": "S", "32": "E"}, {"32": "E"}, {"32": "N"}, {"48": "E"}, {"48": "S"}, {"48": "E"}, {"48": "S"}, {"47": "W"}, {"47": "N"}, {"47": "N"}, {"47": "E"}, {"47": "E"}, {"47": "E"}, {"47": "E"}, {"47": "E"}, {"47": "E"}, {"47": "E"}, {"47": "N"}, {"47": "N"}, {"47": "N"}, {"47": "N"}, {"47": "N"}, {"47": "N"}, {"47": "N"}, {"47": "N"}, {"47": "N"}, {"46": "E"}, {"46": "N"}, {"46": "N"}, {"46": "N"}, {"46": "N"}, {"46": "N"}, {"46": "N"}, {"46": "N"}, {"46": "N"}, {"46": "N"}, {"46": "N"}, {"61": "E"}, {"61": "E"}, {"61": "S"}, {"61": "S"}, {"61": "S"}, {"61": "S"}, {"61": "S"}, {"59": "N"}, {"59": "E"}, {"59": "E"}, {"59": "E"}, {"59": "E"}, {"59": "E"}, {"59": "E"}, {"59": "N"}, {"59": "N"}, {"59": "N"}, {"59": "N"}, {"59": "N"}, {"59": "N"}, {"59": "N"}, {"59": "N"}, {"53": "N"}, {"53": "E"}, {"53": "E"}, {"53": "E"}, {"53": "E"}, {"53": "E"}, {"53": "E"}, {"53": "E"}, {"53": "E"}, {"53": "E"}, {"53": "E"}, {"53": "E"}, {"53": "E"}, {"53": "N"}, {"53": "N"}, {"53": "N"}, {"53": "N"}, {"53": "N"}, {"66": "W"}, {"66": "W"}, {"66": "W"}, {"66": "W"}, {"66": "W"}, {"66": "W"}, {"66": "N"}, {"66": "N"}, {"66": "N"}, {"66": "N"}, {"56": "E"}, {"56": "N"}, {"56": "E"}, {"56": "E"}, {"56": "E"}, {"56": "E"}, {"56": "E"}, {"56": "E"}, {"56": "E"}, {"56": "N"}, {"56": "N"}, {"56": "N"}, {"56": "N"}, {"56": "N"}, {"56": "N"}, {"56": "N"}, {"43": "N"}, {"43": "E"}, {"43": "E"}, {"43": "E"}, {"43": "E"}, {"43": "E"}, {"43": "E"}, {"43": "E"}, {"43": "E"}, {"43": "E"}, {"43": "E"}, {"43": "E"}, {"43": "E"}, {"43": "E"}, {"43": "E"}, {"43": "N"}, {"63": "N"}, {"63": "N"}, {"63": "N"}, {"63": "N"}, {"63": "N"}, {"63": "N"}, {"63": "N"}, {"63": "N"}, {"63": "N"}, {"63": "N"}, {"15": "W"}, {"15": "S"}, {"15": "S"}, {"15": "S"}, {"15": "S"}, {"15": "W"}, {"15": "W"}, {"15": "N"}, {"7": "S"}, {"7": "E"}, {"7": "E"}, {"7": "E"}, {"7": "E"}, {"7": "E"}, {"7": "E"}, {"7": "E"}, {"7": "E"}, {"7": "E"}, {"7": "E"}, {"7": "E"}, {"7": "E"}, {"7": "E"}, {"7": "E"}, {"64": "E"}, {"64": "S"}, {"64": "E"}, {"64": "E"}, {"64": "S"}, {"64": "S"}, {"64": "S"}, {"64": "E"}, {"64": "S"}, {"64": "S"}, {"64": "S"}, {"64": "E"}, {"58": "W"}, {"58": "S"}, {"58": "S"}, {"58": "S"}, {"58": "S"}, {"58": "E"}, {"58": "E"}, {"58": "S"}, {"58": "S"}, {"58": "S"}, {"58": "S"}, {"17": "E"}, {"17": "N"}, {"17": "N"}, {"17": "W"}, {"17": "W"}, {"17": "N"}, {"17": "N"}, {"17": "N"}, {"17": "N"}, {"17": "N"}, {"17": "N"}, {"17": "N"}, {"17": "N"}, {"16": "E"}, {"16": "E"}, {"16": "E"}, {"16": "E"}, {"16": "E"}, {"16": "E"}, {"16": "E"}, {"16": "E"}, {"16": "E"}, {"16": "N"}, {"16": "N"}, {"16": "N"}, {"11": "E"}, {"11": "N"}, {"11": "N"}, {"11": "E"}, {"11": "E"}, {"11": "E"}, {"11": "E"}, {"11": "E"}, {"11": "N"}, {"11": "N"}, {"11": "N"}, {"11": "N"}, {"65": "E"}, {"65": "S"}, {"65": "S"}, {"65": "S"}, {"65": "S"}, {"65": "S"}, {"65": "S"}, {"65": "E"}, {"62": "N"}, {"62": "E"}, {"62": "E"}, {"62": "N"}, {"62": "E"}, {"62": "E"}, {"62": "E"}, {"62": "E"}, {"62": "E"}, {"62": "E"}, {"62": "E"}, {"62": "N"}, {"60": "W"}, {"60": "N"}, {"60": "N"}, {"60": "N"}, {"60": "N"}, {"60": "N"}, {"60": "W"}, {"60": "N"}, {"60": "N"}, {"60": "W"}, {"60": "W"}, {"60": "W"}, {"60": "W"}, {"60": "W"}, {"60": "W"}, {"60": "W"}, {"60": "S"}, {"35": "N"}, {"35": "N"}, {"35": "N"}, {"35": "N"}, {"35": "N"}, {"35": "N"}, {"35": "N"}, {"32": "S"}, {"32": "W"}, {"32": "W"}, {"32": "W"}, {"32": "W"}, {"32": "W"}, {"32": "W"}, {"32": "S"}, {"32": "S"}, {"32": "W"}, {"32": "W"}, {"32": "N"}, {"22": "E"}, {"22": "E"}, {"22": "E"}, {"22": "E"}, {"22": "S"}, {"22": "S"}, {"22": "S"}, {"22": "S"}, {"22": "S"}, {"22": "S"}, {"22": "S"}, {"22": "S"}, {"22": "S"}, {"22": "S"}, {"22": "W"}, {"6": "W"}, {"6": "S"}, {"6": "W"}, {"6": "W"}, {"6": "W"}, {"6": "W"}, {"6": "W"}, {"6": "W"}, {"6": "N"}, {"6": "N"}, {"6": "N"}, {"6": "N"}, {"6": "N"}, {"6": "N"}, {"57": "S"}, {"57": "E"}, {"57": "S"}, {"57": "E"}, {"57": "E"}, {"57": "E"}, {"57": "E"}, {"57": "E"}, {"57": "E"}, {"57": "E"}, {"57": "E"}, {"57": "E"}, {"57": "E"}, {"57": "E"}, {"57": "E"}, {"57": "E"}, {"57": "E"}, {"45": "N"}, {"45": "E"}, {"45": "E"}, {"45": "E"}, {"45": "E"}, {"45": "E"}, {"45": "E"}, {"45": "E"}, {"45": "E"}, {"45": "E"}, {"45": "E"}, {"41": "W"}, {"41": "S"}, {"41": "W"}, {"41": "W"}, {"41": "W"}, {"41": "W"}, {"41": "W"}, {"41": "W"}, {"41": "S"}, {"41": "S"}, {"41": "E"}, {"41": "S"}, {"41": "E"}, {"41": "S"}, {"41": "E"}, {"41": "S"}, {"41": "E"}, {"55": "N"}, {"55": "E"}, {"55": "E"}, {"55": "E"}, {"52": "S"}, {"52": "W"}, {"52": "W"}, {"52": "S"}, {"52": "S"}, {"52": "S"}, {"52": "S"}, {"52": "W"}, {"52": "W"}, {"52": "W"}, {"52": "W"}, {"52": "W"}, {"52": "N"}, {"52": "N"}, {"52": "N"}, {"52": "N"}, {"51": "W"}, {"51": "W"}, {"51": "S"}, {"51": "S"}, {"51": "S"}, {"51": "S"}, {"51": "S"}, {"51": "S"}, {"51": "E"}, {"51": "S"}, {"51": "E"}, {"51": "S"}, {"51": "E"}, {"51": "S"}, {"51": "S"}, {"51": "S"}, {"51": "E"}, {"51": "E"}, {"51": "E"}, {"51": "S"}, {"51": "E"}, {"51": "S"}, {"9": "S"}, {"9": "W"}, {"9": "W"}, {"9": "W"}, {"9": "S"}, {"9": "S"}, {"9": "S"}, {"9": "S"}, {"9": "S"}, {"9": "S"}, {"9": "S"}, {"9": "W"}, {"68": "W"}, {"68": "W"}, {"68": "N"}, {"68": "W"}, {"68": "W"}, {"68": "W"}, {"68": "W"}, {"68": "W"}, {"68": "W"}, {"68": "W"}, {"68": "W"}, {"68": "S"}, {"68": "S"}, {"68": "E"}, {"68": "S"}, {"68": "S"}, {"44": "N"}, {"44": "W"}, {"44": "W"}, {"44": "S"}, {"44": "S"}, {"44": "S"}, {"44": "S"}, {"44": "S"}, {"44": "W"}, {"44": "W"}, {"44": "W"}, {"44": "W"}, {"44": "W"}, {"44": "N"}, {"44": "N"}, {"44": "N"}, {"44": "N"}, {"39": "E"}, {"39": "N"}, {"39": "E"}, {"39": "E"}, {"39": "E"}, {"39": "N"}, {"39": "N"}, {"38": "S"}, {"38": "E"}, {"38": "E"}, {"38": "E"}, {"38": "E"}, {"38": "E"}, {"38": "E"}, {"38": "E"}, {"38": "E"}, {"38": "S"}, {"38": "S"}, {"38": "E"}, {"38": "E"}, {"21": "S"}, {"21": "W"}, {"21": "W"}, {"21": "S"}, {"21": "S"}, {"21": "W"}, {"21": "W"}, {"21": "N"}, {"1": "S"}, {"1": "W"}, {"1": "S"}, {"1": "W"}, {"1": "W"}, {"1": "W"}, {"1": "S"}, {"1": "S"}, {"1": "W"}, {"1": "W"}, {"1": "W"}, {"1": "W"}, {"1": "W"}, {"1": "W"}, {"1": "W"}, {"1": "N"}, {"1": "N"}, {"1": "N"}, {"1": "N"}, {"1": "N"}, {"1": "N"}, {"54": "S"}, {"54": "W"}, {"54": "W"}, {"54": "W"}, {"54": "S"}, {"54": "S"}, {"54": "S"}, {"54": "S"}, {"54": "S"}, {"54": "W"}, {"54": "W"}, {"54": "W"}, {"54": "W"}, {"54": "N"}, {"54": "N"}, {"50": "N"}, {"50": "W"}, {"50": "W"}, {"50": "S"}, {"50": "S"}, {"50": "S"}, {"50": "S"}, {"50": "S"}, {"50": "S"}, {"50": "S"}, {"50": "S"}, {"50": "W"}, {"50": "W"}, {"50": "W"}, {"50": "W"}, {"50": "W"}, {"50": "W"}, {"50": "N"}, {"50": "N"}, {"50": "N"}, {"50": "N"}, {"49": "E"}, {"49": "E"}, {"49": "E"}, {"49": "S"}, {"49": "E"}, {"49": "S"}, {"49": "E"}, {"49": "S"}, {"49": "S"}, {"49": "E"}, {"49": "E"}, {"40": "W"}, {"40": "N"}, {"40": "W"}, {"40": "W"}, {"40": "W"}, {"40": "W"}, {"40": "W"}, {"40": "W"}, {"40": "W"}, {"40": "N"}, {"40": "N"}, {"40": "N"}, {"40": "N"}, {"40": "N"}, {"40": "N"}, {"40": "N"}, {"40": "N"}, {"28": "S"}, {"28": "W"}, {"28": "W"}, {"28": "S"}, {"28": "S"}, {"28": "S"}, {"28": "S"}, {"28": "S"}, {"28": "S"}, {"28": "S"}, {"28": "S"}, {"28": "W"}, {"28": "W"}, {"28": "W"}, {"28": "N"}, {"24": "N"}, {"24": "N"}, {"24": "W"}, {"24": "W"}, {"24": "W"}, {"24": "W"}, {"24": "N"}, {"24": "W"}, {"24": "N"}, {"24": "N"}, {"24": "W"}, {"24": "W"}, {"24": "W"}, {"24": "W"}, {"24": "W"}, {"24": "W"}, {"24": "W"}, {"24": "W"}, {"24": "S"}, {"24": "S"}, {"24": "S"}, {"24": "S"}, {"23": "S"}, {"23": "E"}, {"23": "E"}, {"23": "E"}, {"23": "E"}, {"23": "E"}, {"23": "E"}, {"23": "N"}, {"23": "N"}, {"23": "N"}, {"23": "N"}, {"0": "W"}, {"0": "S"}, {"0": "S"}, {"0": "S"}, {"0": "S"}, {"0": "S"}, {"0": "S"}, {"0": "S"}, {"0": "W"}, {"0": "W"}, {"0": "W"}, {"0": "W"}, {"0": "W"}, {"0": "W"}, {"0": "W"}, {"0": "N"}, {"0": "N"}, {"0": "N"}, {"0": "N"}, {"0": "N"}, {"69": "W"}, {"69": "S"}, {"69": "W"}, {"69": "W"}, {"69": "S"}, {"69": "S"}, {"69": "S"}, {"69": "S"}, {"69": "E"}, {"69": "S"}, {"69": "E"}, {"69": "S"}, {"69": "E"}, {"69": "S"}, {"69": "E"}, {"69": "S"}, {"69": "E"}, {"69": "S"}, {"69": "E"}, {"37": "W"}, {"37": "S"}, {"37": "S"}, {"37": "W"}, {"37": "W"}, {"37": "W"}, {"37": "W"}, {"37": "W"}, {"37": "S"}, {"37": "S"}, {"37": "S"}, {"37": "S"}, {"37": "E"}, {"37": "S"}, {"37": "E"}, {"37": "S"}, {"37": "E"}, {"37": "S"}, {"37": "E"}, {"26": "E"}, {"26": "E"}, {"26": "E"}, {"26": "N"}, {"26": "N"}, {"20": "E"}, {"20": "E"}, {"20": "S"}, {"20": "E"}, {"20": "E"}, {"18": "W"}, {"18": "N"}, {"18": "N"}, {"18": "N"}, {"18": "N"}, {"18": "N"}, {"18": "N"}, {"18": "N"}, {"5": "E"}, {"5": "N"}, {"5": "N"}, {"5": "N"}, {"5": "E"}, {"5": "E"}, {"5": "N"}, {"67": "W"}, {"67": "N"}, {"67": "N"}, {"67": "W"}, {"67": "W"}, {"67": "W"}, {"67": "N"}, {"67": "N"}, {"67": "N"}, {"67": "N"}, {"67": "N"}, {"36": "S"}, {"36": "W"}, {"36": "W"}, {"36": "W"}, {"36": "W"}, {"36": "W"}, {"36": "S"}, {"36": "S"}, {"36": "S"}, {"36": "S"}, {"36": "S"}, {"36": "W"}, {"36": "W"}, {"36": "W"}, {"36": "W"}, {"36": "W"}, {"36": "W"}, {"36": "N"}, {"36": "N"}, {"33": "N"}, {"33": "W"}, {"33": "W"}, {"33": "W"}, {"33": "N"}, {"33": "W"}, {"33": "N"}, {"33": "N"}, {"33": "W"}, {"33": "W"}, {"33": "W"}, {"33": "W"}, {"33": "W"}, {"33": "W"}, {"33": "W"}, {"33": "W"}, {"33": "W"}, {"33": "W"}, {"33": "S"}, {"33": "S"}, {"33": "S"}, {"33": "S"}, {"33": "E"}, {"33": "S"}, {"19": "W"}, {"19": "S"}, {"19": "S"}, {"19": "S"}, {"19": "S"}, {"19": "S"}, {"19": "S"}, {"19": "S"}, {"19": "E"}, {"19": "S"}, {"19": "E"}, {"19": "E"}, {"3": "W"}, {"3": "W"}, {"3": "W"}, {"3": "W"}, {"3": "S"}, {"3": "S"}, {"3": "S"}, {"3": "S"}, {"3": "S"}, {"3": "S"}, {"3": "S"}, {"3": "S"}, {"3": "S"}, {"3": "E"}, {"3": "S"}, {"3": "E"}, {"3": "S"}, {"3": "E"}, {"3": "E"}, {"31": "W"}, {"31": "S"}, {"31": "W"}, {"31": "W"}, {"31": "W"}, {"31": "W"}, {"31": "W"}, {"31": "S"}, {"31": "S"}, {"31": "S"}, {"31": "S"}, {"31": "S"}, {"31": "S"}, {"31": "E"}, {"31": "S"}, {"31": "E"}, {"31": "S"}, {"31": "E"}, {"31": "S"}, {"31": "E"}, {"29": "W"}, {"29": "S"}, {"29": "W"}, {"29": "W"}, {"29": "W"}, {"29": "W"}, {"29": "W"}, {"29": "W"}, {"29": "W"}, {"29": "W"}, {"29": "N"}, {"29": "N"}, {"29": "N"}, {"14": "N"}, {"14": "E"}, {"14": "E"}, {"14": "S"}, {"14": "S"}, {"14": "S"}, {"14": "E"}, {"13": "S"}, {"13": "S"}, {"13": "W"}, {"13": "W"}, {"13": "W"}, {"13": "S"}, {"13": "S"}, {"13": "W"}, {"13": "W"}, {"13": "W"}, {"13": "W"}, {"13": "W"}, {"13": "W"}, {"13": "W"}, {"13": "W"}, {"13": "W"}, {"13": "N"}, {"13": "N"}, {"13": "N"}, {"13": "N"}, {"30": "W"}, {"30": "W"}, {"30": "N"}, {"30": "N"}, {"30": "N"}, {"30": "N"}, {"30": "W"}, {"30": "N"}, {"30": "N"}, {"30": "N"}, {"30": "N"}, {"27": "S"}, {"27": "E"}, {"27": "E"}, {"27": "S"}, {"27": "S"}, {"27": "E"}, {"27": "E"}, {"25": "W"}, {"25": "W"}, {"25": "W"}, {"25": "S"}, {"25": "S"}, {"25": "S"}, {"25": "S"}, {"25": "S"}, {"25": "S"}, {"25": "S"}, {"25": "S"}, {"25": "S"}, {"25": "S"}, {"25": "E"}, {"25": "S"}, {"25": "E"}, {"25": "E"}, {"8": "S"}, {"8": "E"}, {"8": "E"}, {"8": "E"}, {"8": "S"}, {"8": "S"}, {"8": "S"}, {"8": "S"}, {"8": "S"}, {"8": "E"}, {"8": "S"}, {"8": "E"}, {"8": "S"}, {"8": "E"}, {"8": "E"}, {"34": "S"}, {"34": "E"}, {"34": "E"}, {"34": "E"}, {"34": "S"}, {"12": "E"}, {"12": "N"}, {"12": "E"}, {"12": "E"}, {"10": "S"}, {"10": "W"}, {"10": "W"}, {"10": "S"}, {"10": "W"}, {"10": "W"}, {"10": "W"}, {"10": "S"}, {"10": "S"}, {"10": "W"}, {"10": "W"}, {"10": "W"}, {"10": "W"}, {"10": "W"}, {"10": "W"}, {"10": "W"}, {"10": "W"}, {"10": "N"}, {"4": "N"}, {"4": "E"}, {"4": "E"}, {"4": "S"}, {"4": "S"}, {"4": "E"}, {"42": "E"}, {"42": "S"}, {"42": "S"}, {"42": "S"}, {"42": "S"}, {"42": "S"}, {"42": "S"}, {"42": "S"}, {"42": "E"}, {"2": "W"}, {"2": "N"}, {"2": "N"}, {"2": "N"}, {"2": "W"}, {"2": "W"}, {"2": "W"}, {"2": "N"}], "result": "SUCCESS", "makespan": 928, "sum": 1253, "algo_name": "OutAndInBFS_default"}