{"instance": "small_012_20x20_70_186", "steps": [{"12": "S", "38": "E", "106": "S", "109": "W", "102": "S", "80": "N", "15": "S", "73": "S", "72": "E", "53": "S", "139": "N", "70": "E", "55": "E", "43": "S", "100": "E", "179": "W", "182": "S", "112": "S", "68": "N", "24": "E", "16": "S", "170": "S", "105": "N", "128": "W", "9": "E", "101": "E", "44": "S", "34": "E", "10": "S", "87": "N", "64": "N", "7": "N", "76": "N", "13": "S", "164": "E", "120": "E", "91": "N", "79": "E", "56": "N", "86": "N", "122": "S", "25": "S", "169": "S", "168": "W", "83": "S", "98": "N", "36": "S", "121": "E", "84": "S", "52": "S", "174": "N", "58": "N", "19": "N", "8": "E", "126": "S", "41": "E", "31": "N", "26": "S", "3": "S", "92": "S", "66": "S", "49": "E", "82": "S", "30": "N", "138": "E", "110": "S", "108": "E", "47": "E", "28": "S", "173": "E", "114": "N", "61": "N", "181": "S", "160": "S", "50": "N", "46": "S", "23": "S", "171": "S", "154": "W", "141": "E", "123": "W", "111": "S", "107": "E", "59": "S", "33": "S", "4": "S", "1": "E", "127": "E", "71": "S", "136": "S", "18": "N", "172": "E", "163": "E", "152": "N", "35": "S", "51": "S", "96": "S", "177": "S", "147": "N", "143": "E", "118": "S", "117": "N", "175": "E", "156": "S", "145": "S", "135": "E", "75": "S", "74": "E", "69": "S", "42": "S", "131": "W", "178": "E", "157": "S", "130": "E", "119": "E", "77": "E", "45": "S", "22": "S", "167": "E", "99": "S", "183": "S", "146": "E", "113": "E", "103": "S", "40": "E", "29": "S", "21": "W", "158": "S", "142": "W", "140": "E", "124": "E", "115": "S", "90": "E", "89": "S", "67": "E", "37": "N", "32": "S", "11": "N", "162": "S", "161": "S", "149": "S", "148": "E", "137": "E", "134": "W", "129": "N", "94": "E", "85": "N", "62": "S", "39": "E", "0": "N"}, {"12": "S", "60": "N", "38": "E", "106": "S", "109": "W", "78": "N", "102": "S", "80": "N", "15": "S", "73": "S", "72": "E", "53": "S", "139": "N", "70": "E", "55": "N", "43": "S", "100": "E", "179": "W", "182": "S", "112": "S", "68": "N", "24": "E", "16": "S", "170": "S", "105": "N", "128": "W", "6": "S", "9": "E", "101": "E", "44": "S", "34": "E", "10": "S", "87": "N", "7": "N", "76": "W", "13": "S", "164": "E", "120": "E", "91": "N", "79": "E", "56": "N", "86": "N", "122": "S", "25": "S", "169": "S", "168": "W", "83": "S", "98": "N", "36": "S", "121": "E", "84": "W", "52": "S", "174": "N", "58": "W", "19": "N", "8": "E", "180": "S", "126": "S", "116": "N", "41": "E", "31": "N", "3": "W", "92": "W", "66": "S", "49": "E", "82": "S", "30": "N", "110": "S", "108": "E", "47": "E", "28": "S", "173": "E", "114": "N", "61": "N", "181": "S", "144": "W", "50": "N", "46": "S", "23": "S", "171": "S", "154": "W", "141": "E", "111": "S", "107": "E", "81": "W", "59": "S", "33": "S", "4": "S", "1": "E", "20": "S", "18": "N", "172": "E", "163": "S", "152": "N", "35": "W", "65": "S", "51": "S", "159": "S", "177": "S", "147": "N", "143": "E", "118": "S", "117": "N", "175": "E", "156": "S", "145": "S", "135": "E", "95": "S", "75": "S", "74": "S", "69": "S", "42": "S", "131": "W", "178": "E", "157": "S", "130": "S", "45": "S", "22": "S", "167": "E", "99": "S", "183": "S", "146": "E", "113": "E", "103": "S", "29": "W", "158": "S", "142": "S", "140": "E", "124": "N", "115": "S", "90": "E", "89": "S", "67": "E", "37": "N", "32": "S", "27": "E", "11": "N", "185": "W", "162": "S", "161": "S", "150": "S", "149": "S", "148": "E", "137": "N", "134": "N", "94": "E", "85": "N", "62": "S", "39": "E", "5": "N", "0": "N"}, {"38": "E", "106": "S", "109": "W", "78": "W", "80": "N", "15": "S", "73": "S", "72": "E", "155": "E", "139": "N", "70": "E", "55": "W", "100": "N", "179": "W", "68": "N", "16": "S", "105": "N", "128": "N", "133": "E", "9": "E", "101": "E", "44": "S", "34": "E", "64": "W", "54": "N", "7": "N", "164": "E", "120": "N", "91": "E", "79": "E", "56": "N", "86": "N", "122": "S", "169": "S", "98": "N", "36": "S", "121": "E", "57": "W", "52": "S", "174": "N", "97": "N", "58": "W", "48": "S", "19": "N", "8": "N", "126": "S", "116": "W", "41": "E", "31": "N", "3": "N", "92": "N", "17": "E", "66": "S", "82": "S", "110": "S", "108": "E", "47": "E", "28": "S", "181": "S", "144": "W", "50": "N", "46": "S", "171": "S", "165": "S", "154": "W", "141": "S", "111": "S", "107": "E", "81": "W", "59": "S", "33": "S", "4": "S", "1": "E", "71": "N", "88": "N", "20": "E", "18": "N", "172": "E", "163": "S", "152": "N", "35": "S", "51": "S", "159": "S", "176": "E", "147": "N", "143": "E", "117": "N", "156": "S", "135": "E", "95": "E", "42": "S", "178": "E", "130": "E", "45": "S", "99": "E", "183": "S", "146": "E", "132": "N", "113": "E", "103": "S", "29": "W", "140": "E", "124": "N", "90": "E", "89": "S", "67": "S", "27": "E", "11": "N", "185": "W", "184": "S", "166": "W", "149": "E", "148": "E", "137": "E", "134": "E", "94": "S", "85": "N", "62": "S", "39": "S", "5": "W"}, {"12": "S", "38": "E", "106": "S", "109": "W", "78": "W", "102": "S", "80": "N", "15": "S", "73": "S", "72": "N", "155": "S", "53": "S", "139": "N", "70": "E", "55": "W", "100": "W", "179": "S", "182": "S", "112": "S", "68": "N", "24": "E", "16": "S", "105": "N", "128": "W", "6": "E", "133": "N", "9": "E", "101": "E", "44": "W", "34": "E", "10": "S", "87": "E", "7": "N", "76": "W", "13": "S", "120": "W", "91": "S", "56": "N", "14": "E", "86": "N", "122": "S", "25": "S", "169": "S", "83": "S", "98": "N", "36": "S", "121": "E", "84": "W", "57": "W", "52": "S", "174": "N", "58": "W", "48": "W", "19": "N", "8": "W", "126": "S", "116": "W", "41": "E", "31": "N", "92": "N", "17": "E", "82": "S", "30": "N", "108": "S", "47": "E", "28": "S", "173": "E", "114": "N", "181": "S", "144": "W", "50": "N", "46": "S", "23": "S", "171": "S", "165": "E", "141": "E", "111": "S", "81": "W", "59": "S", "33": "S", "4": "W", "1": "E", "71": "N", "136": "S", "20": "E", "18": "N", "172": "E", "163": "S", "152": "N", "35": "S", "51": "S", "96": "S", "159": "S", "177": "W", "176": "E", "147": "N", "143": "E", "118": "S", "117": "N", "175": "E", "145": "S", "135": "E", "95": "N", "75": "S", "74": "N", "69": "S", "42": "S", "131": "N", "157": "S", "130": "E", "77": "S", "22": "S", "167": "S", "99": "S", "183": "S", "146": "E", "132": "N", "29": "S", "158": "S", "151": "N", "124": "N", "115": "S", "90": "E", "89": "S", "37": "N", "32": "N", "11": "N", "185": "N", "166": "N", "162": "S", "161": "S", "150": "W", "149": "S", "148": "E", "137": "E", "129": "E", "104": "E", "85": "N", "62": "S", "39": "E", "5": "W", "0": "N"}, {"12": "S", "60": "S", "38": "E", "106": "S", "109": "W", "78": "W", "102": "S", "80": "N", "15": "W", "73": "S", "155": "S", "93": "E", "53": "S", "139": "N", "70": "E", "55": "N", "179": "E", "112": "S", "68": "N", "24": "E", "105": "N", "6": "N", "133": "E", "9": "E", "101": "E", "34": "E", "10": "S", "64": "W", "7": "N", "13": "S", "120": "W", "79": "E", "56": "N", "14": "E", "86": "N", "122": "S", "25": "S", "169": "S", "168": "S", "83": "S", "98": "N", "36": "S", "121": "E", "57": "N", "52": "S", "2": "E", "174": "N", "97": "S", "58": "W", "48": "W", "116": "W", "41": "E", "31": "N", "26": "E", "92": "N", "49": "E", "82": "S", "30": "N", "138": "E", "110": "S", "47": "E", "28": "S", "173": "N", "114": "N", "61": "N", "144": "N", "50": "N", "46": "S", "23": "S", "171": "S", "165": "E", "141": "S", "111": "S", "81": "N", "59": "S", "4": "N", "1": "S", "136": "E", "88": "E", "20": "S", "18": "N", "172": "E", "163": "E", "152": "E", "35": "W", "65": "S", "51": "S", "96": "W", "159": "E", "177": "W", "147": "N", "143": "E", "118": "S", "175": "E", "156": "S", "145": "S", "75": "S", "69": "S", "42": "S", "131": "W", "178": "S", "157": "S", "130": "E", "119": "S", "45": "S", "22": "S", "99": "S", "183": "S", "146": "E", "113": "E", "103": "S", "40": "N", "21": "S", "158": "S", "151": "N", "142": "W", "140": "E", "124": "N", "115": "S", "90": "E", "89": "S", "37": "N", "11": "N", "185": "N", "184": "S", "166": "W", "162": "S", "150": "N", "149": "S", "148": "E", "137": "N", "134": "N", "39": "E", "5": "W", "0": "N"}, {"60": "W", "38": "E", "106": "S", "109": "W", "78": "W", "102": "S", "80": "N", "15": "S", "73": "S", "155": "S", "53": "S", "139": "N", "70": "E", "55": "N", "43": "S", "179": "N", "182": "S", "112": "S", "68": "N", "24": "E", "16": "S", "105": "W", "6": "W", "133": "N", "9": "E", "101": "E", "34": "E", "10": "S", "64": "W", "7": "N", "76": "W", "13": "S", "120": "W", "56": "N", "14": "S", "86": "N", "122": "S", "25": "E", "169": "S", "83": "S", "98": "N", "121": "E", "84": "W", "52": "S", "2": "E", "58": "S", "48": "W", "180": "W", "116": "W", "41": "S", "31": "N", "3": "W", "92": "N", "17": "N", "49": "E", "82": "S", "30": "W", "138": "E", "108": "W", "47": "E", "28": "S", "125": "S", "61": "W", "181": "S", "160": "W", "144": "N", "50": "N", "23": "S", "171": "S", "165": "E", "141": "W", "123": "N", "111": "S", "81": "N", "59": "W", "33": "S", "4": "N", "127": "S", "71": "W", "136": "S", "88": "E", "18": "N", "172": "E", "163": "S", "152": "N", "65": "W", "51": "S", "159": "E", "177": "S", "147": "N", "143": "E", "118": "E", "175": "E", "156": "E", "145": "S", "69": "E", "42": "W", "131": "W", "157": "S", "130": "E", "119": "W", "77": "E", "22": "S", "99": "S", "146": "E", "113": "S", "29": "E", "158": "S", "151": "N", "142": "W", "124": "N", "90": "E", "89": "S", "27": "W", "11": "N", "185": "N", "184": "S", "166": "N", "161": "S", "150": "N", "149": "S", "148": "E", "134": "E", "94": "E", "62": "S", "39": "E", "0": "N"}, {"12": "S", "60": "W", "38": "E", "106": "S", "109": "W", "78": "W", "73": "E", "155": "S", "93": "E", "53": "S", "139": "W", "70": "E", "55": "W", "43": "S", "179": "N", "182": "S", "112": "S", "68": "N", "24": "E", "170": "W", "105": "S", "6": "N", "133": "N", "9": "E", "101": "E", "34": "E", "10": "S", "7": "E", "76": "W", "13": "S", "164": "N", "120": "W", "56": "E", "14": "S", "86": "N", "122": "S", "25": "E", "169": "S", "168": "S", "83": "S", "98": "W", "36": "S", "121": "E", "84": "W", "57": "W", "52": "S", "2": "S", "58": "S", "48": "S", "41": "E", "31": "E", "3": "W", "92": "N", "17": "E", "49": "E", "82": "S", "30": "S", "138": "S", "110": "E", "47": "E", "28": "S", "114": "W", "153": "W", "61": "W", "181": "S", "160": "S", "63": "W", "46": "S", "23": "S", "171": "S", "141": "W", "111": "E", "107": "N", "59": "S", "4": "N", "71": "N", "88": "E", "18": "N", "163": "E", "152": "N", "65": "W", "51": "W", "177": "S", "147": "E", "143": "E", "118": "S", "175": "E", "156": "N", "75": "W", "69": "S", "42": "W", "130": "S", "119": "W", "183": "S", "146": "E", "132": "W", "113": "E", "21": "N", "151": "N", "140": "W", "115": "S", "90": "E", "89": "S", "32": "S", "27": "S", "11": "E", "185": "N", "166": "N", "162": "S", "161": "S", "150": "N", "149": "S", "148": "E", "134": "N", "94": "E", "39": "E", "0": "E"}, {"12": "S", "60": "W", "38": "E", "106": "S", "109": "W", "78": "W", "73": "E", "155": "W", "53": "S", "139": "S", "70": "E", "55": "N", "43": "S", "100": "S", "179": "N", "182": "S", "112": "S", "68": "W", "24": "E", "170": "S", "105": "S", "128": "S", "6": "W", "9": "E", "44": "S", "10": "S", "64": "N", "54": "S", "7": "S", "76": "W", "164": "W", "120": "W", "79": "N", "56": "S", "14": "E", "86": "N", "122": "S", "25": "E", "169": "S", "168": "W", "83": "S", "98": "S", "36": "S", "121": "N", "84": "W", "57": "W", "2": "S", "174": "E", "58": "S", "19": "W", "126": "S", "116": "N", "41": "E", "31": "S", "3": "N", "92": "N", "17": "E", "66": "W", "49": "S", "82": "S", "30": "S", "138": "S", "47": "E", "28": "S", "173": "S", "114": "S", "153": "W", "61": "W", "181": "S", "160": "S", "144": "N", "63": "S", "46": "S", "23": "S", "171": "W", "154": "S", "141": "W", "111": "S", "107": "W", "81": "S", "59": "S", "4": "E", "1": "W", "71": "N", "136": "S", "88": "E", "20": "E", "18": "N", "163": "S", "152": "N", "35": "N", "65": "W", "51": "W", "177": "E", "176": "S", "147": "E", "143": "E", "118": "S", "175": "N", "156": "N", "145": "E", "69": "E", "130": "S", "183": "S", "146": "S", "113": "S", "40": "E", "142": "S", "140": "W", "115": "S", "90": "S", "37": "E", "27": "S", "11": "S", "166": "N", "162": "S", "161": "S", "150": "N", "134": "N", "39": "E", "0": "E"}, {"60": "W", "38": "E", "106": "S", "109": "N", "78": "W", "15": "E", "73": "N", "155": "W", "139": "W", "55": "N", "43": "S", "100": "S", "179": "N", "112": "S", "24": "N", "170": "S", "105": "S", "6": "N", "44": "S", "54": "S", "7": "E", "76": "N", "164": "W", "120": "W", "91": "W", "79": "W", "56": "S", "14": "E", "122": "S", "25": "N", "169": "S", "36": "S", "121": "E", "2": "S", "58": "S", "19": "S", "126": "S", "116": "N", "41": "S", "31": "E", "3": "W", "92": "N", "66": "S", "49": "W", "30": "E", "108": "W", "28": "S", "173": "S", "114": "S", "153": "S", "61": "W", "181": "E", "160": "S", "63": "E", "46": "S", "171": "S", "154": "S", "141": "W", "111": "E", "107": "W", "81": "W", "59": "S", "4": "E", "71": "N", "136": "E", "88": "E", "20": "S", "18": "E", "172": "E", "152": "E", "35": "W", "65": "W", "51": "W", "96": "W", "177": "E", "176": "W", "147": "N", "143": "E", "117": "N", "175": "W", "156": "E", "145": "N", "75": "S", "74": "E", "69": "N", "131": "W", "157": "N", "22": "W", "99": "E", "183": "S", "146": "W", "113": "W", "103": "W", "40": "E", "142": "E", "140": "N", "90": "W", "89": "S", "67": "S", "37": "E", "27": "S", "11": "S", "166": "W", "161": "E", "150": "W", "148": "W", "134": "E", "129": "E", "104": "E", "94": "W", "85": "S", "0": "E"}, {"60": "W", "106": "W", "109": "N", "78": "W", "15": "N", "73": "N", "72": "E", "155": "W", "93": "S", "53": "S", "139": "W", "55": "W", "100": "W", "112": "W", "24": "E", "170": "S", "105": "W", "6": "N", "133": "S", "64": "N", "54": "W", "7": "S", "164": "W", "120": "W", "91": "W", "79": "W", "56": "W", "14": "S", "122": "W", "25": "N", "83": "S", "98": "S", "36": "S", "121": "N", "84": "W", "2": "S", "174": "N", "97": "W", "19": "S", "8": "W", "126": "W", "116": "N", "41": "E", "31": "E", "26": "S", "3": "W", "92": "N", "66": "E", "49": "W", "30": "S", "108": "N", "173": "W", "114": "S", "153": "S", "61": "S", "160": "S", "63": "N", "50": "E", "46": "S", "23": "S", "171": "S", "154": "S", "141": "W", "111": "S", "107": "W", "81": "S", "59": "S", "4": "E", "71": "N", "136": "N", "88": "S", "20": "S", "18": "N", "163": "S", "152": "E", "35": "N", "65": "W", "51": "W", "96": "N", "177": "E", "176": "S", "143": "S", "118": "E", "117": "N", "175": "N", "156": "N", "145": "E", "95": "E", "75": "W", "74": "E", "42": "W", "131": "W", "157": "E", "130": "S", "119": "S", "45": "S", "167": "S", "99": "E", "183": "S", "146": "W", "132": "E", "113": "S", "103": "W", "40": "S", "142": "N", "140": "E", "90": "W", "89": "E", "67": "S", "37": "E", "32": "N", "185": "W", "166": "N", "161": "N", "150": "N", "148": "W", "134": "N", "129": "E", "85": "S", "39": "W", "0": "E"}, {"60": "S", "38": "E", "106": "N", "78": "W", "102": "S", "15": "N", "73": "E", "72": "N", "155": "W", "93": "E", "53": "S", "139": "W", "55": "W", "43": "S", "100": "W", "112": "N", "68": "E", "24": "E", "170": "E", "105": "W", "128": "N", "6": "N", "133": "E", "44": "S", "54": "W", "7": "S", "164": "W", "91": "W", "79": "W", "56": "W", "14": "E", "122": "N", "25": "N", "168": "E", "83": "S", "98": "W", "121": "N", "84": "W", "2": "S", "174": "E", "97": "S", "48": "E", "19": "S", "180": "N", "126": "S", "116": "N", "41": "E", "31": "S", "26": "E", "3": "N", "92": "E", "82": "E", "108": "W", "28": "N", "173": "W", "114": "E", "153": "S", "125": "E", "61": "W", "160": "S", "50": "S", "46": "S", "23": "S", "171": "S", "165": "S", "154": "S", "141": "S", "111": "S", "107": "W", "81": "W", "59": "S", "33": "S", "4": "N", "127": "W", "71": "N", "136": "E", "88": "E", "20": "W", "18": "N", "172": "W", "163": "E", "152": "S", "35": "W", "65": "W", "51": "W", "96": "W", "177": "N", "176": "E", "118": "N", "117": "W", "175": "N", "156": "E", "145": "N", "95": "E", "75": "W", "69": "E", "42": "W", "131": "N", "157": "E", "130": "S", "119": "S", "45": "W", "99": "E", "183": "E", "146": "W", "113": "S", "103": "W", "40": "S", "21": "E", "158": "S", "142": "E", "140": "N", "90": "W", "89": "E", "67": "E", "37": "S", "185": "N", "166": "N", "161": "N", "150": "N", "134": "E", "104": "E", "94": "W", "85": "E", "39": "S", "0": "S"}, {"60": "S", "38": "E", "106": "N", "78": "N", "102": "S", "15": "N", "73": "N", "72": "N", "155": "W", "93": "E", "139": "W", "55": "W", "43": "S", "100": "W", "112": "N", "68": "S", "24": "S", "16": "E", "170": "E", "105": "W", "44": "S", "54": "W", "7": "E", "164": "N", "91": "W", "79": "W", "56": "S", "14": "S", "122": "N", "25": "N", "168": "S", "98": "W", "36": "S", "121": "N", "84": "W", "2": "W", "174": "S", "97": "W", "48": "S", "19": "S", "8": "W", "180": "N", "126": "S", "116": "N", "41": "S", "31": "S", "26": "S", "3": "N", "92": "N", "82": "N", "108": "N", "153": "S", "61": "S", "160": "S", "50": "S", "46": "E", "171": "W", "165": "E", "154": "S", "141": "S", "123": "N", "111": "E", "107": "W", "81": "W", "59": "W", "33": "S", "127": "W", "71": "N", "136": "E", "88": "S", "20": "S", "18": "W", "172": "S", "163": "S", "152": "E", "35": "W", "65": "N", "51": "W", "96": "N", "159": "S", "177": "E", "176": "S", "117": "W", "175": "W", "156": "N", "145": "E", "75": "N", "69": "E", "131": "N", "178": "E", "157": "E", "130": "E", "119": "E", "45": "W", "22": "W", "99": "E", "183": "E", "146": "W", "103": "W", "29": "E", "158": "S", "140": "N", "90": "W", "89": "E", "67": "E", "37": "E", "32": "W", "185": "N", "166": "N", "161": "N", "150": "N", "137": "S", "134": "E", "129": "S", "104": "S", "94": "W", "85": "S", "62": "W", "39": "S", "5": "E", "0": "E"}, {"12": "E", "60": "S", "106": "N", "15": "W", "73": "N", "72": "N", "155": "S", "93": "N", "53": "S", "139": "W", "55": "W", "100": "W", "179": "S", "112": "N", "68": "S", "24": "S", "16": "E", "170": "E", "105": "W", "87": "E", "7": "E", "164": "W", "91": "N", "79": "W", "56": "S", "14": "S", "122": "W", "25": "E", "83": "S", "98": "W", "121": "N", "84": "W", "2": "S", "174": "E", "97": "W", "48": "S", "19": "S", "180": "N", "126": "S", "116": "E", "41": "S", "31": "E", "26": "E", "3": "N", "92": "N", "49": "N", "82": "N", "108": "N", "153": "S", "61": "S", "160": "S", "144": "E", "50": "E", "46": "E", "171": "W", "165": "E", "154": "S", "141": "S", "123": "N", "111": "E", "107": "W", "81": "W", "59": "W", "127": "W", "71": "E", "136": "E", "88": "S", "20": "S", "18": "W", "163": "E", "152": "E", "35": "W", "65": "W", "51": "W", "96": "W", "159": "E", "143": "N", "118": "E", "175": "N", "156": "E", "145": "E", "135": "N", "95": "N", "75": "W", "74": "N", "69": "E", "42": "W", "131": "N", "178": "S", "157": "S", "130": "E", "119": "E", "77": "N", "45": "W", "22": "W", "99": "E", "183": "E", "132": "N", "113": "S", "103": "W", "40": "S", "29": "E", "140": "N", "90": "S", "89": "E", "67": "S", "37": "S", "32": "W", "27": "S", "11": "E", "185": "N", "184": "N", "166": "N", "162": "E", "161": "E", "150": "W", "149": "E", "137": "S", "134": "E", "129": "W", "104": "W", "94": "S", "85": "E", "39": "W", "5": "E", "0": "E"}, {"12": "N", "60": "S", "38": "E", "106": "N", "80": "E", "15": "W", "73": "N", "72": "N", "93": "E", "53": "S", "139": "S", "55": "W", "100": "S", "179": "E", "112": "N", "68": "S", "24": "S", "16": "N", "170": "E", "105": "S", "44": "S", "10": "E", "87": "E", "64": "S", "54": "S", "7": "E", "164": "W", "120": "N", "79": "W", "56": "S", "14": "W", "122": "W", "25": "E", "83": "S", "98": "W", "36": "S", "121": "W", "84": "W", "57": "S", "2": "W", "174": "E", "48": "W", "19": "E", "180": "N", "126": "S", "116": "N", "41": "S", "31": "S", "26": "S", "3": "E", "49": "E", "82": "W", "30": "S", "28": "W", "173": "W", "114": "S", "153": "S", "61": "S", "50": "E", "46": "E", "23": "S", "171": "W", "165": "S", "154": "E", "141": "S", "123": "N", "111": "E", "107": "W", "81": "S", "59": "W", "4": "E", "127": "N", "71": "N", "136": "E", "88": "S", "20": "W", "18": "W", "163": "E", "152": "E", "35": "W", "96": "W", "177": "S", "176": "W", "147": "S", "143": "W", "118": "E", "117": "W", "175": "W", "156": "E", "95": "E", "75": "W", "69": "E", "131": "N", "157": "E", "130": "S", "119": "S", "45": "W", "99": "E", "183": "N", "132": "N", "113": "S", "103": "W", "40": "S", "21": "E", "140": "N", "115": "N", "90": "S", "89": "N", "67": "S", "37": "S", "32": "W", "27": "S", "11": "E", "185": "N", "166": "N", "162": "N", "161": "E", "150": "N", "149": "N", "137": "E", "129": "S", "85": "N", "39": "W", "5": "E", "0": "E"}, {"12": "N", "38": "E", "106": "N", "80": "S", "15": "W", "73": "W", "93": "E", "139": "W", "55": "W", "100": "S", "179": "E", "182": "E", "112": "N", "68": "S", "24": "W", "16": "N", "170": "S", "105": "W", "44": "S", "10": "N", "87": "E", "64": "S", "54": "S", "7": "E", "164": "W", "120": "N", "79": "W", "56": "W", "14": "S", "122": "N", "25": "N", "83": "E", "98": "W", "36": "S", "121": "N", "84": "W", "57": "S", "2": "S", "174": "E", "97": "W", "48": "S", "180": "E", "126": "S", "116": "E", "41": "W", "31": "S", "26": "S", "3": "N", "49": "N", "82": "W", "30": "S", "110": "E", "108": "N", "28": "N", "114": "S", "153": "S", "61": "S", "181": "E", "160": "S", "50": "E", "46": "E", "171": "W", "165": "S", "154": "E", "123": "N", "111": "S", "107": "W", "81": "W", "59": "W", "4": "E", "127": "N", "71": "N", "136": "E", "88": "W", "20": "W", "172": "E", "163": "N", "152": "E", "65": "W", "96": "W", "177": "E", "147": "S", "143": "W", "117": "W", "175": "W", "95": "E", "75": "S", "74": "S", "69": "E", "131": "N", "130": "S", "119": "E", "45": "W", "183": "E", "113": "W", "103": "N", "40": "S", "29": "E", "21": "E", "158": "E", "151": "E", "142": "W", "140": "N", "124": "E", "115": "W", "90": "S", "89": "E", "37": "S", "27": "W", "11": "E", "185": "N", "166": "E", "162": "N", "150": "N", "137": "S", "134": "N", "129": "S", "104": "N", "94": "W", "85": "E", "62": "E", "39": "W", "5": "E", "0": "E"}, {"12": "N", "38": "N", "106": "N", "80": "S", "15": "W", "73": "W", "93": "E", "53": "S", "139": "S", "55": "N", "100": "W", "179": "E", "182": "N", "112": "N", "68": "S", "24": "W", "16": "N", "170": "E", "105": "S", "133": "N", "9": "N", "101": "N", "10": "N", "87": "S", "54": "S", "7": "S", "164": "W", "120": "N", "91": "S", "79": "W", "56": "W", "14": "S", "25": "N", "98": "S", "36": "W", "121": "W", "174": "E", "97": "W", "48": "S", "180": "E", "126": "S", "41": "W", "31": "S", "26": "S", "3": "N", "49": "N", "82": "N", "30": "S", "138": "W", "108": "N", "28": "N", "153": "W", "61": "S", "181": "N", "160": "E", "50": "E", "46": "E", "171": "W", "165": "E", "154": "E", "123": "W", "111": "E", "107": "W", "81": "W", "59": "W", "4": "E", "127": "N", "136": "E", "88": "S", "172": "S", "163": "E", "152": "E", "65": "S", "96": "N", "177": "N", "176": "E", "147": "E", "143": "W", "117": "W", "95": "S", "75": "W", "69": "N", "131": "N", "178": "E", "130": "S", "45": "W", "113": "S", "40": "S", "21": "E", "158": "N", "140": "N", "124": "N", "115": "N", "90": "S", "89": "N", "67": "S", "37": "S", "27": "S", "11": "S", "185": "N", "184": "S", "166": "N", "162": "N", "161": "E", "150": "N", "149": "N", "137": "W", "134": "E", "85": "S", "62": "N", "39": "W", "0": "S"}, {"12": "W", "38": "N", "106": "E", "80": "S", "15": "W", "73": "W", "53": "S", "139": "S", "55": "N", "100": "W", "179": "S", "182": "N", "112": "N", "68": "S", "24": "W", "16": "N", "170": "E", "105": "S", "133": "E", "9": "W", "44": "S", "34": "W", "10": "E", "87": "S", "54": "S", "7": "S", "164": "W", "120": "N", "91": "W", "56": "W", "14": "W", "25": "N", "169": "W", "98": "W", "36": "S", "121": "W", "84": "E", "2": "E", "174": "E", "97": "S", "48": "W", "19": "E", "180": "E", "126": "S", "41": "W", "31": "S", "26": "E", "3": "N", "49": "W", "82": "W", "30": "E", "138": "N", "110": "W", "108": "W", "28": "N", "114": "E", "153": "S", "125": "W", "61": "S", "181": "N", "160": "S", "144": "W", "50": "E", "46": "N", "23": "S", "171": "W", "165": "E", "141": "E", "111": "N", "107": "W", "81": "W", "59": "W", "127": "N", "136": "N", "88": "W", "172": "W", "163": "E", "152": "S", "35": "W", "65": "W", "96": "N", "159": "E", "177": "N", "176": "S", "147": "E", "143": "N", "117": "W", "95": "E", "75": "W", "74": "E", "69": "N", "131": "N", "178": "E", "157": "N", "130": "E", "45": "W", "183": "E", "146": "S", "113": "S", "40": "W", "21": "S", "158": "N", "142": "W", "140": "W", "115": "N", "90": "S", "89": "N", "67": "S", "37": "S", "27": "W", "11": "S", "185": "N", "166": "N", "162": "E", "161": "E", "150": "E", "149": "N", "148": "W", "137": "W", "134": "E", "129": "W", "104": "E", "94": "W", "39": "S", "5": "S", "0": "S"}, {"12": "W", "38": "W", "106": "N", "80": "W", "15": "W", "73": "W", "53": "E", "139": "S", "55": "N", "100": "W", "179": "E", "182": "N", "112": "N", "68": "S", "24": "W", "16": "N", "170": "E", "105": "S", "9": "W", "101": "N", "44": "S", "34": "N", "10": "N", "87": "E", "54": "S", "7": "E", "164": "W", "120": "W", "91": "W", "79": "W", "56": "W", "14": "S", "25": "E", "169": "N", "98": "S", "121": "W", "57": "S", "52": "E", "2": "S", "174": "S", "19": "S", "180": "E", "126": "S", "116": "W", "41": "W", "31": "S", "26": "S", "3": "N", "49": "N", "82": "W", "30": "E", "138": "N", "110": "N", "108": "N", "28": "N", "173": "W", "114": "S", "153": "S", "61": "S", "181": "E", "160": "S", "50": "E", "46": "N", "171": "W", "165": "S", "154": "S", "111": "N", "107": "W", "81": "W", "59": "W", "127": "N", "136": "N", "88": "S", "20": "S", "172": "S", "163": "N", "152": "S", "35": "N", "65": "W", "96": "W", "159": "S", "177": "N", "176": "S", "147": "S", "143": "W", "118": "E", "117": "S", "175": "E", "145": "S", "135": "E", "95": "S", "75": "W", "69": "N", "131": "N", "157": "E", "130": "E", "77": "N", "45": "N", "99": "N", "183": "N", "146": "S", "113": "S", "103": "S", "40": "S", "21": "S", "158": "N", "151": "E", "140": "W", "124": "E", "89": "E", "37": "E", "27": "W", "11": "S", "185": "N", "184": "E", "166": "N", "162": "E", "161": "E", "150": "E", "149": "E", "137": "N", "134": "E", "94": "S", "62": "W", "39": "S", "5": "S", "0": "S"}, {"12": "W", "38": "N", "106": "N", "80": "S", "15": "W", "73": "W", "53": "S", "139": "S", "55": "N", "100": "W", "179": "E", "182": "N", "112": "E", "68": "E", "24": "W", "16": "N", "170": "N", "105": "S", "9": "W", "101": "W", "44": "S", "10": "N", "87": "E", "7": "E", "164": "W", "120": "W", "91": "W", "79": "W", "56": "W", "14": "S", "25": "E", "169": "N", "98": "S", "36": "S", "121": "W", "57": "S", "52": "N", "2": "S", "174": "S", "97": "E", "19": "S", "8": "E", "180": "S", "126": "E", "116": "N", "41": "W", "31": "S", "26": "S", "3": "N", "92": "S", "17": "N", "49": "N", "82": "W", "30": "E", "110": "E", "28": "W", "153": "S", "125": "N", "61": "S", "181": "N", "160": "E", "63": "S", "50": "S", "46": "N", "171": "W", "165": "E", "123": "E", "111": "N", "107": "W", "81": "S", "59": "W", "127": "N", "71": "S", "136": "E", "88": "W", "20": "S", "172": "S", "163": "E", "152": "E", "35": "N", "65": "N", "51": "W", "159": "S", "177": "N", "176": "W", "147": "E", "143": "N", "118": "N", "117": "W", "135": "S", "95": "S", "75": "W", "74": "E", "69": "N", "42": "S", "131": "N", "157": "N", "130": "E", "77": "E", "22": "S", "167": "E", "99": "N", "183": "N", "146": "S", "132": "N", "113": "S", "103": "W", "40": "S", "21": "E", "158": "E", "151": "N", "140": "N", "115": "W", "37": "E", "27": "S", "11": "E", "185": "N", "166": "N", "150": "N", "149": "E", "148": "W", "137": "W", "134": "E", "94": "S", "62": "S", "39": "S", "5": "W", "0": "E"}, {"12": "W", "38": "W", "106": "N", "80": "S", "15": "W", "73": "W", "72": "W", "53": "E", "139": "S", "55": "N", "179": "E", "182": "W", "112": "N", "68": "E", "24": "W", "16": "N", "170": "E", "105": "S", "9": "W", "101": "W", "34": "N", "10": "W", "87": "S", "7": "S", "164": "W", "120": "W", "91": "W", "79": "W", "56": "S", "14": "S", "25": "N", "169": "N", "98": "S", "121": "W", "57": "W", "52": "E", "2": "S", "174": "S", "48": "W", "19": "S", "180": "E", "126": "E", "116": "W", "41": "W", "31": "S", "26": "E", "3": "N", "17": "N", "49": "N", "82": "W", "30": "S", "138": "W", "108": "E", "28": "W", "173": "W", "153": "S", "125": "N", "61": "W", "181": "N", "63": "W", "50": "S", "46": "N", "171": "W", "165": "E", "154": "W", "123": "N", "111": "E", "107": "N", "81": "W", "59": "W", "127": "E", "136": "N", "88": "W", "20": "W", "172": "S", "163": "N", "152": "E", "35": "N", "65": "W", "51": "W", "177": "W", "143": "N", "118": "N", "117": "S", "175": "E", "145": "N", "135": "S", "95": "E", "75": "W", "74": "S", "69": "N", "42": "S", "131": "N", "178": "W", "157": "N", "130": "E", "77": "N", "45": "W", "22": "S", "183": "E", "146": "S", "132": "W", "113": "S", "21": "S", "158": "E", "142": "E", "140": "W", "89": "E", "67": "E", "37": "S", "32": "W", "27": "W", "11": "E", "185": "E", "184": "E", "166": "W", "161": "E", "150": "E", "137": "W", "134": "E", "94": "S", "85": "E", "62": "W", "39": "S", "0": "E"}, {"12": "N", "38": "W", "106": "N", "80": "S", "15": "W", "73": "W", "53": "E", "139": "S", "70": "N", "55": "N", "179": "N", "182": "W", "112": "N", "68": "N", "24": "W", "16": "N", "170": "N", "105": "S", "9": "W", "101": "W", "34": "W", "10": "N", "87": "S", "7": "S", "164": "W", "120": "W", "91": "W", "79": "W", "56": "W", "14": "S", "25": "N", "169": "N", "98": "S", "121": "W", "57": "W", "52": "N", "2": "S", "174": "S", "48": "S", "19": "S", "180": "E", "126": "S", "41": "W", "31": "S", "26": "E", "3": "N", "92": "N", "17": "N", "49": "N", "82": "N", "30": "S", "138": "N", "108": "N", "28": "W", "153": "S", "125": "E", "61": "S", "181": "N", "63": "N", "50": "S", "46": "N", "171": "N", "165": "S", "141": "E", "123": "N", "111": "E", "81": "W", "59": "N", "127": "N", "71": "N", "136": "E", "88": "S", "20": "S", "172": "S", "163": "E", "152": "S", "65": "W", "176": "S", "143": "N", "118": "E", "117": "S", "175": "N", "135": "S", "95": "E", "75": "W", "74": "S", "69": "N", "42": "W", "131": "N", "157": "N", "130": "N", "77": "N", "22": "W", "183": "N", "146": "S", "132": "W", "113": "S", "103": "W", "21": "E", "158": "E", "115": "W", "89": "E", "67": "E", "37": "E", "32": "S", "27": "S", "11": "S", "185": "E", "166": "N", "162": "N", "161": "E", "150": "E", "137": "N", "134": "E", "129": "E", "104": "E", "94": "S", "85": "E", "62": "W", "0": "S"}, {"12": "N", "38": "W", "106": "N", "80": "S", "15": "W", "73": "W", "53": "N", "139": "S", "70": "W", "43": "E", "179": "E", "182": "W", "112": "N", "68": "E", "24": "W", "16": "N", "170": "N", "105": "S", "9": "N", "101": "W", "34": "W", "10": "N", "87": "S", "54": "N", "7": "S", "164": "W", "120": "N", "91": "W", "79": "W", "56": "S", "14": "S", "25": "N", "169": "E", "98": "S", "36": "N", "121": "W", "84": "W", "57": "W", "52": "N", "2": "S", "174": "S", "48": "S", "19": "E", "180": "S", "126": "E", "41": "W", "31": "S", "26": "S", "3": "W", "17": "E", "49": "N", "30": "S", "138": "N", "108": "W", "47": "W", "28": "W", "114": "N", "153": "S", "125": "N", "61": "S", "181": "N", "46": "E", "23": "S", "171": "N", "165": "S", "154": "E", "141": "N", "123": "E", "111": "N", "81": "W", "59": "N", "4": "S", "88": "S", "172": "S", "163": "N", "152": "E", "65": "W", "177": "E", "176": "W", "147": "N", "143": "W", "118": "E", "117": "S", "175": "N", "135": "S", "95": "S", "75": "N", "74": "S", "69": "E", "42": "W", "131": "N", "157": "E", "130": "E", "99": "E", "183": "N", "146": "S", "132": "W", "113": "S", "103": "W", "21": "S", "158": "E", "124": "S", "115": "W", "89": "E", "67": "S", "37": "E", "32": "W", "27": "W", "11": "S", "185": "N", "184": "E", "166": "N", "161": "N", "150": "E", "149": "E", "137": "W", "134": "E", "104": "S", "94": "W", "85": "S", "62": "W", "39": "W", "0": "S"}, {"12": "N", "38": "W", "106": "N", "78": "W", "102": "E", "80": "S", "15": "W", "73": "W", "53": "N", "139": "S", "70": "W", "43": "N", "179": "N", "182": "N", "112": "W", "68": "E", "24": "W", "16": "N", "170": "N", "105": "S", "9": "N", "101": "W", "34": "W", "10": "N", "87": "S", "54": "W", "7": "S", "164": "W", "120": "W", "91": "W", "79": "S", "56": "S", "14": "S", "25": "W", "169": "E", "98": "S", "36": "E", "121": "W", "57": "W", "52": "N", "2": "W", "174": "E", "58": "W", "48": "S", "19": "E", "180": "S", "126": "S", "41": "W", "31": "S", "3": "W", "66": "E", "49": "W", "30": "E", "138": "E", "110": "E", "108": "W", "47": "W", "28": "N", "114": "W", "153": "S", "125": "E", "61": "S", "181": "N", "46": "N", "171": "N", "165": "E", "123": "E", "111": "N", "59": "N", "127": "W", "88": "S", "18": "S", "172": "S", "163": "N", "152": "N", "65": "N", "176": "W", "143": "W", "117": "S", "175": "W", "95": "E", "75": "N", "42": "W", "131": "E", "178": "W", "157": "E", "130": "N", "77": "S", "45": "W", "22": "N", "99": "E", "183": "E", "146": "S", "132": "W", "113": "W", "103": "W", "40": "E", "21": "S", "151": "E", "115": "W", "89": "N", "67": "S", "37": "S", "32": "W", "27": "W", "11": "S", "185": "E", "184": "S", "166": "N", "161": "N", "150": "E", "149": "E", "148": "S", "137": "W", "134": "S", "94": "W", "85": "E", "62": "W", "39": "S", "0": "S"}, {"12": "N", "38": "W", "106": "E", "78": "N", "102": "N", "80": "S", "15": "N", "73": "W", "53": "N", "139": "S", "70": "W", "43": "N", "179": "E", "182": "N", "68": "E", "24": "W", "16": "N", "105": "S", "9": "N", "101": "N", "34": "W", "10": "N", "87": "S", "54": "N", "7": "S", "164": "W", "120": "W", "91": "W", "79": "W", "56": "S", "14": "E", "25": "N", "169": "E", "98": "S", "36": "N", "121": "W", "57": "W", "52": "N", "2": "W", "174": "E", "97": "W", "58": "S", "48": "S", "19": "E", "180": "E", "126": "E", "41": "W", "31": "S", "26": "E", "3": "N", "49": "W", "82": "W", "30": "E", "138": "N", "110": "E", "108": "W", "47": "S", "28": "N", "153": "S", "125": "E", "61": "S", "181": "N", "63": "S", "46": "N", "171": "N", "165": "S", "154": "S", "123": "E", "111": "N", "107": "S", "59": "N", "4": "S", "127": "W", "88": "W", "172": "S", "163": "N", "159": "E", "176": "S", "117": "S", "175": "N", "135": "E", "95": "S", "75": "N", "74": "E", "42": "W", "131": "E", "130": "E", "99": "E", "146": "S", "132": "W", "113": "W", "103": "W", "40": "S", "21": "E", "142": "W", "115": "W", "89": "N", "67": "S", "37": "E", "27": "W", "11": "E", "185": "E", "184": "E", "166": "E", "162": "E", "161": "E", "150": "N", "149": "E", "148": "W", "137": "N", "134": "S", "129": "E", "104": "W", "94": "W", "85": "S", "62": "N", "39": "S", "5": "S", "0": "E"}, {"12": "N", "38": "W", "106": "N", "78": "N", "102": "N", "80": "S", "15": "N", "73": "W", "72": "E", "53": "N", "139": "S", "70": "W", "43": "N", "100": "S", "182": "N", "68": "E", "24": "W", "16": "N", "105": "S", "9": "W", "101": "N", "34": "N", "10": "W", "87": "W", "54": "W", "7": "S", "76": "W", "164": "W", "120": "W", "91": "W", "79": "S", "56": "S", "14": "S", "25": "N", "169": "E", "98": "S", "36": "N", "121": "W", "84": "E", "57": "S", "52": "N", "2": "S", "174": "E", "58": "S", "48": "E", "19": "S", "8": "N", "180": "E", "126": "E", "116": "E", "41": "W", "31": "E", "26": "S", "3": "E", "92": "S", "49": "W", "82": "S", "30": "S", "138": "E", "108": "N", "47": "S", "28": "W", "153": "E", "125": "E", "61": "S", "181": "N", "63": "E", "50": "E", "46": "N", "171": "N", "165": "E", "154": "E", "123": "N", "111": "N", "59": "N", "4": "E", "127": "N", "71": "S", "88": "W", "20": "S", "18": "N", "172": "S", "163": "N", "35": "W", "51": "E", "96": "S", "177": "S", "176": "S", "147": "E", "117": "S", "175": "N", "135": "S", "95": "S", "75": "N", "74": "E", "69": "E", "42": "W", "131": "E", "167": "N", "99": "E", "146": "W", "132": "W", "113": "W", "103": "W", "40": "S", "29": "E", "21": "S", "151": "E", "115": "W", "89": "E", "67": "S", "37": "E", "27": "W", "11": "S", "185": "N", "184": "S", "166": "N", "162": "N", "161": "E", "150": "E", "148": "S", "137": "N", "134": "S", "94": "S", "85": "S", "62": "W", "0": "S"}, {"12": "N", "60": "W", "38": "W", "106": "N", "78": "E", "102": "N", "80": "S", "15": "N", "73": "N", "53": "N", "139": "S", "70": "W", "43": "N", "100": "S", "182": "N", "68": "S", "24": "W", "16": "N", "170": "E", "105": "S", "128": "E", "9": "W", "101": "N", "87": "S", "54": "W", "7": "E", "164": "W", "120": "W", "91": "W", "79": "S", "56": "S", "14": "S", "122": "W", "25": "W", "169": "E", "168": "N", "98": "S", "36": "N", "121": "W", "57": "W", "52": "N", "2": "W", "174": "S", "58": "S", "48": "S", "19": "E", "180": "E", "126": "N", "41": "W", "31": "S", "3": "N", "49": "N", "30": "S", "138": "E", "110": "W", "47": "W", "28": "W", "114": "S", "153": "S", "125": "E", "61": "S", "181": "N", "50": "S", "46": "N", "171": "N", "165": "E", "154": "E", "141": "S", "123": "E", "111": "N", "59": "N", "4": "E", "1": "S", "127": "N", "136": "S", "88": "W", "20": "E", "163": "E", "35": "W", "65": "E", "51": "S", "96": "W", "159": "S", "176": "W", "147": "S", "118": "E", "117": "S", "175": "W", "135": "S", "95": "W", "75": "N", "74": "E", "69": "N", "42": "W", "131": "N", "130": "S", "119": "S", "77": "E", "45": "S", "167": "W", "99": "N", "146": "W", "132": "W", "113": "S", "40": "S", "21": "E", "158": "E", "151": "N", "124": "E", "90": "S", "89": "N", "67": "S", "37": "S", "32": "N", "27": "W", "11": "S", "185": "N", "184": "S", "166": "N", "162": "E", "161": "N", "150": "E", "149": "E", "137": "N", "134": "E", "104": "E", "94": "S", "85": "E", "62": "W", "0": "S"}, {"12": "N", "38": "W", "106": "N", "78": "N", "102": "N", "80": "W", "15": "N", "73": "N", "53": "N", "139": "S", "70": "W", "43": "N", "100": "W", "182": "N", "68": "S", "24": "W", "16": "N", "105": "S", "9": "W", "101": "W", "87": "S", "54": "W", "7": "E", "164": "W", "120": "W", "91": "W", "79": "S", "56": "S", "14": "S", "122": "W", "25": "N", "169": "N", "98": "S", "36": "N", "121": "N", "52": "E", "174": "S", "58": "E", "48": "S", "19": "S", "8": "E", "180": "N", "126": "E", "41": "S", "31": "E", "26": "S", "3": "N", "92": "N", "17": "S", "49": "N", "82": "S", "30": "S", "138": "E", "108": "N", "47": "W", "28": "N", "114": "E", "153": "E", "125": "E", "61": "S", "181": "N", "144": "E", "63": "W", "50": "S", "46": "N", "23": "S", "171": "N", "165": "E", "154": "E", "123": "E", "111": "N", "59": "N", "33": "E", "1": "W", "127": "N", "136": "S", "88": "W", "35": "N", "51": "W", "159": "S", "176": "W", "118": "E", "117": "S", "175": "N", "135": "S", "95": "S", "75": "W", "74": "S", "42": "N", "131": "N", "178": "W", "130": "E", "119": "S", "77": "S", "45": "E", "167": "S", "99": "N", "183": "S", "146": "S", "132": "W", "113": "W", "40": "S", "29": "S", "21": "S", "158": "E", "151": "W", "124": "N", "89": "E", "67": "S", "37": "S", "32": "N", "27": "W", "11": "S", "185": "E", "184": "S", "166": "N", "162": "E", "161": "N", "150": "E", "149": "E", "148": "W", "137": "N", "134": "E", "104": "S", "94": "W", "85": "S", "62": "W", "39": "S", "0": "S"}, {"12": "N", "38": "W", "106": "N", "78": "N", "102": "N", "80": "S", "15": "N", "73": "N", "72": "E", "53": "N", "139": "S", "70": "W", "43": "N", "100": "W", "68": "E", "24": "W", "16": "N", "105": "S", "128": "E", "133": "E", "9": "N", "101": "N", "34": "W", "87": "S", "54": "W", "7": "E", "76": "E", "164": "W", "120": "W", "91": "S", "79": "S", "56": "S", "14": "S", "122": "N", "25": "N", "169": "E", "98": "S", "36": "N", "121": "W", "52": "N", "174": "E", "58": "S", "19": "S", "8": "S", "180": "E", "126": "E", "116": "S", "41": "S", "31": "S", "26": "W", "3": "N", "17": "E", "66": "S", "49": "N", "82": "W", "30": "W", "138": "E", "110": "E", "47": "W", "28": "N", "173": "S", "114": "E", "153": "E", "125": "N", "61": "W", "181": "N", "50": "E", "46": "N", "171": "W", "165": "E", "154": "N", "123": "E", "111": "E", "107": "W", "59": "W", "33": "N", "1": "W", "127": "E", "136": "S", "88": "W", "163": "E", "35": "E", "96": "S", "159": "S", "177": "N", "176": "W", "147": "N", "143": "E", "117": "S", "156": "S", "135": "S", "95": "S", "75": "N", "74": "E", "42": "N", "131": "N", "130": "E", "119": "W", "77": "S", "45": "E", "22": "W", "99": "E", "183": "E", "146": "W", "132": "W", "113": "W", "40": "E", "21": "S", "158": "E", "151": "N", "124": "W", "115": "S", "89": "N", "67": "S", "37": "S", "32": "N", "27": "W", "11": "S", "185": "E", "184": "S", "166": "N", "162": "E", "161": "N", "150": "S", "149": "E", "137": "N", "134": "E", "129": "S", "85": "S", "62": "W", "39": "S", "5": "W", "0": "S"}, {"12": "N", "60": "E", "38": "W", "106": "N", "78": "N", "102": "N", "80": "S", "15": "N", "73": "N", "53": "N", "139": "E", "70": "W", "43": "N", "68": "E", "24": "W", "16": "W", "105": "S", "133": "E", "9": "N", "101": "N", "87": "S", "54": "S", "7": "S", "13": "W", "164": "W", "120": "W", "91": "W", "79": "S", "56": "S", "14": "W", "122": "W", "25": "N", "169": "E", "98": "S", "36": "N", "121": "N", "57": "W", "52": "N", "2": "S", "174": "S", "97": "E", "58": "E", "48": "S", "19": "S", "180": "E", "126": "E", "116": "E", "41": "S", "31": "S", "26": "W", "3": "N", "17": "S", "49": "W", "82": "W", "30": "W", "138": "N", "110": "S", "47": "W", "28": "N", "114": "S", "153": "E", "125": "E", "61": "S", "181": "E", "63": "E", "50": "S", "46": "N", "171": "W", "154": "E", "123": "S", "111": "N", "81": "S", "59": "W", "1": "W", "127": "E", "136": "E", "88": "S", "20": "N", "163": "E", "35": "N", "51": "S", "177": "E", "176": "N", "147": "E", "117": "S", "135": "W", "95": "S", "75": "N", "74": "S", "69": "E", "42": "W", "131": "E", "130": "E", "119": "W", "77": "S", "22": "W", "99": "N", "146": "W", "132": "W", "113": "W", "40": "E", "21": "S", "158": "E", "151": "N", "124": "N", "115": "W", "90": "S", "89": "N", "67": "S", "37": "S", "32": "N", "27": "W", "11": "S", "185": "E", "184": "S", "166": "E", "162": "E", "161": "N", "150": "E", "149": "S", "137": "N", "134": "E", "104": "S", "85": "S", "62": "W", "39": "S", "5": "W", "0": "S"}, {"12": "N", "38": "W", "106": "N", "78": "N", "102": "N", "80": "S", "15": "N", "73": "N", "53": "N", "139": "E", "70": "W", "43": "E", "68": "S", "24": "W", "16": "W", "105": "S", "133": "N", "9": "E", "101": "N", "87": "S", "54": "E", "7": "S", "13": "N", "164": "S", "120": "W", "91": "S", "79": "W", "56": "S", "14": "W", "122": "W", "25": "N", "169": "E", "168": "N", "98": "S", "36": "N", "121": "W", "84": "W", "57": "W", "52": "N", "2": "S", "174": "E", "48": "S", "19": "S", "180": "N", "126": "E", "116": "N", "41": "W", "31": "W", "26": "S", "3": "N", "17": "S", "49": "W", "82": "W", "30": "S", "138": "E", "110": "S", "47": "W", "28": "E", "173": "W", "114": "S", "153": "S", "125": "E", "61": "S", "181": "E", "144": "E", "50": "E", "46": "N", "171": "N", "165": "E", "154": "E", "123": "E", "111": "E", "81": "E", "59": "N", "33": "N", "1": "W", "127": "E", "88": "W", "163": "E", "35": "N", "51": "S", "96": "E", "177": "S", "176": "W", "147": "S", "118": "E", "117": "S", "175": "W", "156": "W", "145": "E", "95": "S", "75": "N", "74": "S", "69": "E", "42": "N", "131": "E", "157": "E", "130": "E", "119": "W", "77": "S", "99": "E", "146": "W", "132": "W", "113": "W", "40": "S", "29": "E", "21": "S", "158": "E", "151": "W", "124": "N", "115": "W", "90": "W", "89": "N", "67": "S", "37": "S", "27": "W", "11": "E", "185": "E", "184": "S", "166": "N", "162": "E", "161": "W", "150": "E", "149": "E", "137": "N", "134": "E", "85": "S", "62": "W", "39": "S", "5": "W", "0": "E"}, {"12": "N", "38": "S", "106": "N", "78": "N", "102": "N", "80": "S", "15": "N", "73": "N", "155": "W", "53": "W", "139": "E", "43": "N", "100": "W", "179": "W", "68": "S", "24": "W", "16": "N", "105": "S", "133": "E", "9": "N", "101": "N", "87": "S", "54": "S", "7": "S", "13": "N", "164": "W", "120": "W", "91": "S", "79": "W", "56": "S", "14": "W", "122": "N", "25": "W", "169": "N", "168": "E", "83": "W", "98": "S", "36": "N", "121": "W", "57": "S", "52": "N", "2": "S", "174": "S", "19": "W", "180": "E", "126": "E", "41": "S", "31": "W", "26": "W", "3": "N", "17": "S", "49": "N", "82": "W", "30": "W", "138": "E", "108": "S", "47": "W", "28": "E", "114": "S", "153": "E", "125": "S", "61": "W", "181": "N", "144": "E", "50": "S", "46": "E", "23": "W", "171": "N", "165": "E", "154": "S", "123": "E", "111": "E", "81": "N", "59": "N", "33": "N", "1": "S", "127": "N", "136": "S", "88": "W", "20": "N", "163": "N", "35": "N", "96": "N", "177": "E", "176": "W", "118": "E", "117": "W", "156": "S", "145": "N", "95": "S", "75": "N", "74": "W", "69": "N", "42": "N", "131": "E", "157": "E", "130": "N", "119": "W", "77": "E", "22": "W", "99": "E", "146": "W", "132": "W", "113": "W", "40": "S", "21": "S", "158": "S", "142": "E", "124": "N", "115": "S", "90": "N", "89": "E", "67": "W", "37": "S", "32": "W", "27": "W", "11": "S", "185": "E", "184": "S", "166": "E", "162": "N", "161": "N", "150": "N", "149": "E", "137": "N", "134": "E", "129": "S", "104": "E", "94": "S", "85": "S", "62": "W", "39": "W", "5": "W", "0": "S"}, {"12": "N", "38": "S", "106": "E", "78": "N", "102": "N", "80": "S", "73": "N", "53": "W", "139": "E", "43": "N", "100": "N", "68": "S", "24": "S", "16": "N", "105": "S", "133": "E", "9": "N", "101": "N", "87": "S", "7": "S", "13": "N", "164": "S", "120": "S", "91": "S", "79": "W", "56": "S", "14": "W", "122": "W", "25": "W", "169": "E", "168": "E", "83": "N", "98": "S", "36": "N", "121": "W", "57": "W", "52": "N", "174": "S", "58": "N", "19": "S", "180": "S", "126": "E", "41": "W", "31": "S", "26": "S", "3": "N", "17": "E", "66": "E", "49": "N", "82": "W", "30": "S", "138": "S", "110": "W", "47": "S", "28": "N", "114": "E", "153": "E", "125": "S", "61": "S", "181": "N", "50": "S", "46": "E", "23": "N", "171": "W", "165": "N", "154": "W", "123": "E", "111": "N", "107": "W", "81": "W", "59": "W", "33": "N", "1": "W", "127": "E", "88": "W", "20": "W", "172": "S", "163": "N", "35": "N", "96": "W", "176": "W", "147": "S", "118": "N", "117": "W", "156": "E", "145": "N", "95": "W", "75": "N", "74": "S", "69": "N", "42": "W", "131": "E", "157": "E", "130": "N", "119": "W", "77": "E", "22": "W", "99": "E", "146": "W", "132": "W", "113": "W", "40": "W", "29": "W", "21": "S", "158": "E", "151": "E", "124": "E", "90": "W", "89": "N", "67": "W", "37": "S", "32": "N", "27": "W", "11": "E", "185": "E", "166": "E", "161": "N", "150": "E", "149": "N", "148": "E", "137": "N", "134": "S", "129": "W", "104": "S", "94": "S", "85": "E", "62": "W", "39": "W", "5": "W", "0": "E"}, {"12": "N", "38": "W", "102": "N", "80": "S", "53": "N", "139": "E", "70": "W", "43": "E", "100": "N", "68": "S", "24": "W", "16": "N", "170": "W", "105": "S", "128": "E", "6": "S", "133": "N", "9": "W", "101": "W", "87": "E", "7": "W", "13": "N", "164": "S", "120": "W", "91": "S", "79": "W", "56": "S", "14": "W", "122": "N", "25": "W", "169": "N", "168": "E", "83": "N", "98": "W", "36": "N", "121": "W", "57": "W", "52": "E", "174": "S", "58": "W", "48": "E", "19": "S", "8": "W", "180": "E", "116": "W", "41": "W", "31": "S", "26": "S", "3": "N", "17": "E", "66": "E", "49": "W", "82": "W", "30": "S", "138": "E", "110": "W", "47": "S", "28": "N", "173": "E", "114": "S", "153": "E", "61": "S", "181": "W", "144": "S", "63": "W", "50": "S", "46": "N", "23": "E", "171": "W", "165": "E", "154": "S", "123": "E", "111": "E", "107": "W", "59": "W", "33": "N", "1": "W", "127": "S", "71": "W", "136": "S", "20": "W", "18": "N", "163": "N", "35": "N", "65": "E", "96": "W", "177": "E", "143": "W", "118": "N", "117": "W", "156": "S", "145": "E", "135": "E", "95": "W", "75": "N", "74": "S", "42": "N", "131": "E", "157": "E", "130": "N", "119": "W", "77": "E", "22": "W", "99": "E", "183": "E", "146": "W", "132": "S", "113": "W", "40": "S", "29": "W", "21": "E", "158": "E", "142": "W", "90": "W", "67": "W", "37": "S", "32": "N", "27": "W", "11": "E", "185": "E", "184": "W", "166": "E", "162": "E", "161": "N", "150": "E", "149": "E", "137": "E", "134": "E", "104": "S", "94": "W", "85": "E", "62": "S", "39": "W", "5": "W", "0": "E"}, {"38": "W", "80": "S", "155": "E", "53": "N", "70": "N", "68": "S", "24": "S", "16": "W", "105": "S", "128": "E", "6": "E", "133": "E", "9": "N", "34": "N", "87": "S", "7": "W", "13": "N", "164": "S", "120": "S", "91": "S", "79": "W", "56": "S", "14": "W", "122": "N", "25": "N", "169": "E", "168": "N", "83": "N", "98": "S", "36": "N", "121": "W", "57": "W", "52": "E", "174": "E", "97": "W", "19": "W", "180": "E", "41": "S", "31": "W", "26": "S", "3": "E", "17": "S", "49": "W", "82": "N", "30": "S", "138": "E", "47": "S", "28": "N", "173": "N", "114": "S", "153": "N", "61": "E", "181": "W", "63": "S", "50": "E", "46": "N", "23": "N", "171": "W", "165": "N", "154": "E", "123": "S", "111": "N", "107": "S", "81": "S", "59": "W", "33": "N", "1": "W", "127": "E", "71": "W", "136": "S", "88": "S", "20": "N", "18": "N", "172": "N", "163": "N", "35": "N", "96": "N", "147": "E", "143": "W", "118": "N", "117": "S", "175": "E", "156": "S", "145": "E", "95": "W", "75": "N", "74": "S", "69": "W", "42": "N", "131": "E", "157": "N", "130": "E", "119": "W", "77": "S", "22": "N", "99": "N", "183": "N", "146": "W", "132": "W", "113": "W", "40": "S", "29": "W", "21": "S", "158": "E", "124": "N", "115": "N", "90": "W", "89": "N", "67": "W", "37": "S", "27": "W", "11": "S", "185": "E", "166": "E", "162": "E", "161": "N", "150": "N", "149": "E", "137": "N", "134": "S", "104": "W", "85": "E", "62": "W", "39": "W", "5": "W", "0": "S"}, {"38": "S", "80": "W", "53": "N", "70": "W", "68": "W", "24": "W", "16": "N", "105": "E", "128": "E", "6": "E", "133": "E", "9": "N", "101": "N", "34": "N", "87": "S", "64": "S", "7": "S", "13": "N", "164": "S", "120": "S", "91": "S", "79": "W", "56": "S", "14": "W", "122": "E", "25": "N", "169": "N", "83": "N", "98": "S", "36": "E", "121": "W", "57": "W", "52": "N", "174": "S", "58": "S", "48": "N", "19": "S", "180": "E", "126": "E", "41": "W", "31": "S", "26": "S", "3": "E", "17": "S", "66": "E", "49": "W", "82": "W", "30": "S", "138": "N", "110": "N", "47": "W", "28": "W", "114": "E", "153": "N", "61": "S", "181": "N", "144": "N", "50": "S", "46": "N", "23": "N", "171": "N", "165": "E", "154": "N", "123": "E", "111": "E", "107": "W", "81": "W", "59": "N", "33": "N", "4": "W", "1": "W", "127": "N", "71": "N", "88": "S", "20": "W", "18": "W", "163": "N", "65": "W", "51": "N", "96": "N", "177": "N", "176": "S", "147": "S", "118": "E", "117": "S", "145": "N", "135": "E", "95": "S", "75": "E", "74": "S", "69": "N", "42": "W", "131": "E", "178": "N", "157": "E", "130": "N", "119": "W", "77": "E", "45": "S", "22": "W", "99": "E", "183": "N", "146": "W", "132": "S", "113": "S", "40": "S", "29": "W", "21": "E", "158": "E", "142": "E", "124": "W", "90": "W", "89": "N", "67": "S", "37": "E", "27": "W", "11": "S", "185": "E", "166": "E", "162": "N", "161": "N", "150": "E", "149": "N", "134": "S", "104": "S", "94": "W", "85": "S", "62": "W", "39": "W", "5": "W", "0": "S"}, {"38": "S", "80": "W", "53": "N", "70": "W", "43": "S", "68": "S", "24": "W", "16": "N", "105": "E", "128": "S", "6": "N", "9": "W", "101": "W", "34": "W", "64": "E", "7": "S", "13": "N", "164": "S", "120": "S", "91": "S", "79": "W", "56": "S", "122": "N", "25": "W", "169": "W", "83": "N", "98": "S", "36": "E", "121": "W", "57": "W", "52": "N", "174": "S", "58": "S", "19": "S", "180": "E", "126": "N", "41": "S", "31": "S", "26": "S", "3": "E", "17": "W", "66": "E", "49": "W", "82": "W", "30": "S", "108": "W", "47": "S", "28": "N", "114": "S", "153": "E", "125": "E", "61": "E", "181": "N", "144": "W", "50": "S", "46": "E", "23": "N", "171": "N", "165": "N", "154": "N", "123": "N", "111": "N", "81": "W", "59": "N", "33": "E", "4": "N", "1": "W", "127": "E", "71": "N", "136": "N", "88": "W", "18": "N", "163": "W", "96": "N", "159": "W", "177": "E", "147": "W", "118": "N", "117": "S", "175": "W", "156": "N", "145": "E", "95": "S", "75": "E", "74": "S", "69": "N", "42": "W", "131": "E", "130": "W", "119": "W", "77": "S", "22": "W", "99": "N", "183": "E", "146": "W", "132": "S", "113": "W", "40": "W", "29": "W", "21": "S", "158": "E", "142": "E", "124": "N", "115": "W", "90": "W", "89": "W", "37": "S", "32": "N", "27": "W", "11": "W", "185": "N", "166": "E", "161": "N", "150": "E", "149": "N", "134": "S", "104": "S", "94": "S", "85": "S", "39": "W", "5": "W", "0": "S"}, {"38": "W", "80": "W", "53": "N", "70": "W", "68": "S", "24": "W", "16": "N", "105": "S", "128": "W", "6": "W", "133": "W", "9": "W", "101": "N", "34": "W", "64": "E", "7": "S", "13": "E", "164": "S", "120": "S", "91": "S", "79": "W", "56": "W", "14": "E", "122": "N", "25": "W", "169": "N", "168": "W", "83": "N", "98": "E", "36": "E", "121": "N", "52": "N", "2": "W", "174": "S", "58": "E", "48": "S", "19": "S", "8": "S", "180": "S", "126": "E", "41": "W", "31": "S", "26": "S", "3": "E", "92": "N", "17": "S", "66": "E", "49": "W", "82": "W", "30": "S", "138": "S", "108": "N", "47": "S", "28": "N", "173": "E", "114": "S", "153": "E", "125": "S", "61": "S", "181": "N", "50": "S", "46": "N", "23": "N", "171": "N", "165": "N", "154": "N", "123": "E", "111": "N", "107": "S", "59": "N", "33": "E", "1": "W", "127": "E", "71": "N", "136": "N", "88": "W", "18": "W", "163": "W", "65": "W", "96": "N", "159": "W", "177": "E", "176": "N", "147": "S", "118": "W", "117": "S", "156": "N", "135": "W", "95": "S", "75": "N", "74": "W", "69": "N", "42": "N", "131": "E", "157": "W", "77": "S", "45": "N", "22": "N", "99": "W", "183": "N", "146": "W", "132": "S", "113": "W", "40": "W", "29": "W", "21": "W", "158": "N", "124": "N", "115": "W", "90": "W", "89": "W", "67": "S", "37": "W", "32": "N", "11": "W", "185": "E", "184": "N", "166": "E", "161": "N", "150": "S", "149": "N", "137": "E", "134": "E", "129": "E", "94": "W", "85": "S", "62": "W", "39": "W", "5": "S", "0": "S"}, {"38": "W", "80": "W", "70": "W", "68": "S", "24": "N", "16": "W", "105": "E", "128": "W", "6": "W", "133": "W", "9": "N", "101": "W", "34": "W", "64": "E", "54": "W", "7": "S", "13": "E", "164": "S", "120": "S", "91": "S", "79": "W", "56": "S", "14": "N", "122": "N", "25": "W", "169": "N", "168": "W", "83": "N", "98": "E", "36": "E", "121": "W", "57": "W", "52": "N", "2": "W", "174": "W", "58": "S", "48": "W", "19": "S", "180": "S", "126": "E", "41": "W", "31": "S", "26": "S", "3": "N", "92": "N", "17": "W", "49": "W", "82": "W", "30": "E", "138": "S", "108": "W", "47": "W", "28": "W", "173": "S", "114": "S", "153": "E", "125": "S", "61": "E", "181": "N", "144": "S", "63": "W", "50": "E", "46": "N", "23": "N", "171": "N", "165": "N", "154": "E", "141": "W", "123": "E", "111": "N", "107": "W", "81": "S", "59": "N", "33": "N", "1": "W", "127": "E", "71": "W", "136": "N", "88": "W", "20": "E", "18": "N", "172": "E", "163": "N", "65": "N", "96": "N", "177": "N", "176": "N", "147": "W", "118": "N", "117": "E", "156": "N", "145": "N", "95": "W", "75": "N", "74": "W", "69": "W", "42": "E", "131": "E", "178": "E", "157": "W", "130": "N", "119": "S", "77": "W", "45": "N", "99": "W", "183": "W", "146": "W", "132": "S", "113": "W", "40": "W", "29": "W", "21": "W", "158": "N", "115": "W", "90": "W", "89": "N", "67": "W", "37": "W", "32": "N", "27": "N", "11": "W", "185": "E", "166": "E", "161": "N", "150": "E", "134": "S", "129": "E", "94": "W", "85": "E", "62": "N", "39": "W", "5": "S", "0": "S"}, {"38": "W", "70": "W", "43": "N", "68": "S", "16": "W", "105": "E", "128": "W", "133": "W", "9": "N", "101": "N", "34": "W", "87": "S", "64": "N", "7": "S", "13": "N", "164": "S", "120": "S", "91": "S", "79": "N", "56": "W", "122": "E", "25": "W", "169": "N", "83": "N", "98": "S", "36": "N", "121": "W", "57": "N", "52": "W", "2": "W", "174": "S", "97": "S", "58": "S", "8": "N", "180": "S", "41": "W", "31": "S", "26": "W", "3": "E", "92": "E", "17": "W", "66": "W", "82": "N", "138": "S", "110": "E", "108": "W", "47": "W", "28": "N", "173": "E", "114": "W", "153": "E", "125": "S", "61": "N", "181": "E", "144": "W", "63": "N", "50": "S", "46": "N", "23": "N", "171": "N", "165": "W", "123": "E", "111": "N", "81": "W", "59": "N", "4": "S", "1": "S", "127": "S", "71": "N", "136": "N", "88": "W", "18": "W", "163": "W", "35": "E", "65": "W", "96": "N", "177": "N", "118": "N", "117": "E", "156": "N", "145": "N", "95": "W", "75": "N", "74": "W", "69": "N", "42": "N", "131": "N", "178": "S", "157": "W", "119": "W", "77": "W", "22": "N", "99": "N", "183": "N", "146": "W", "132": "S", "113": "W", "40": "W", "29": "W", "21": "W", "158": "N", "115": "N", "90": "W", "89": "N", "67": "W", "37": "S", "32": "N", "27": "N", "11": "S", "185": "S", "166": "E", "162": "E", "161": "W", "150": "E", "149": "E", "134": "S", "104": "E", "94": "W", "85": "S", "62": "N", "39": "W", "5": "W", "0": "S"}, {"38": "W", "70": "S", "68": "S", "16": "N", "170": "S", "105": "E", "128": "W", "133": "S", "9": "W", "101": "W", "34": "S", "87": "W", "64": "W", "7": "W", "13": "N", "164": "S", "120": "S", "91": "S", "79": "N", "56": "W", "122": "E", "25": "W", "169": "N", "168": "S", "83": "N", "98": "E", "36": "W", "121": "W", "57": "N", "52": "W", "174": "W", "97": "E", "48": "N", "8": "W", "180": "S", "116": "S", "41": "W", "31": "W", "26": "W", "3": "S", "92": "E", "17": "S", "66": "W", "82": "W", "30": "W", "138": "S", "110": "S", "108": "W", "47": "W", "28": "N", "173": "N", "114": "S", "153": "E", "125": "S", "61": "N", "181": "N", "50": "W", "46": "W", "23": "N", "171": "N", "165": "N", "123": "E", "111": "N", "81": "W", "1": "W", "127": "E", "71": "N", "136": "N", "88": "W", "20": "W", "18": "W", "172": "W", "163": "S", "65": "N", "51": "N", "96": "N", "159": "S", "177": "N", "118": "N", "145": "N", "135": "W", "95": "W", "75": "E", "74": "W", "69": "N", "42": "N", "131": "E", "178": "W", "157": "W", "119": "W", "77": "W", "45": "S", "22": "W", "99": "W", "183": "W", "146": "W", "132": "S", "113": "W", "40": "N", "21": "W", "158": "N", "124": "W", "115": "N", "67": "S", "37": "W", "27": "N", "11": "S", "185": "E", "184": "E", "166": "E", "162": "E", "161": "W", "150": "E", "134": "E", "129": "N", "104": "S", "85": "S", "62": "N", "39": "W", "5": "S", "0": "S"}, {"38": "W", "68": "S", "16": "N", "105": "E", "128": "W", "133": "W", "9": "W", "101": "N", "34": "W", "87": "W", "64": "N", "7": "S", "164": "S", "120": "S", "91": "S", "79": "W", "56": "S", "86": "N", "122": "E", "25": "W", "169": "W", "168": "W", "83": "E", "98": "E", "36": "W", "121": "W", "57": "N", "52": "W", "2": "E", "174": "W", "97": "N", "58": "S", "48": "E", "8": "S", "180": "S", "41": "W", "31": "W", "26": "W", "3": "E", "17": "W", "66": "W", "49": "N", "82": "N", "30": "W", "138": "S", "110": "S", "108": "N", "47": "N", "28": "N", "173": "W", "114": "W", "153": "S", "125": "S", "61": "E", "181": "W", "63": "E", "50": "S", "46": "W", "23": "N", "171": "N", "165": "W", "123": "S", "111": "N", "107": "E", "81": "W", "59": "E", "33": "S", "4": "S", "1": "N", "71": "N", "136": "N", "88": "W", "20": "W", "18": "W", "163": "S", "65": "N", "96": "N", "159": "S", "177": "N", "118": "N", "117": "W", "175": "W", "135": "W", "95": "W", "75": "S", "74": "W", "69": "W", "42": "N", "131": "E", "157": "W", "119": "W", "77": "S", "22": "W", "99": "N", "146": "N", "132": "W", "113": "W", "40": "W", "21": "W", "158": "N", "142": "E", "124": "W", "115": "W", "90": "S", "89": "N", "67": "W", "37": "W", "27": "W", "11": "S", "185": "S", "184": "N", "166": "N", "162": "N", "161": "N", "150": "S", "149": "N", "148": "E", "137": "W", "134": "S", "104": "S", "94": "S", "85": "W", "62": "W", "39": "W", "5": "W", "0": "S"}, {"38": "N", "68": "S", "16": "W", "170": "N", "105": "N", "128": "N", "133": "W", "9": "W", "101": "W", "34": "W", "87": "W", "64": "N", "7": "W", "164": "S", "120": "S", "91": "S", "79": "N", "56": "S", "86": "N", "122": "E", "25": "W", "169": "N", "83": "E", "98": "E", "36": "W", "121": "S", "57": "N", "52": "N", "2": "E", "174": "W", "97": "W", "58": "W", "48": "S", "19": "W", "8": "W", "180": "S", "126": "E", "116": "W", "41": "W", "31": "S", "26": "W", "3": "E", "92": "N", "17": "W", "66": "W", "82": "N", "30": "S", "138": "S", "110": "S", "47": "E", "28": "N", "173": "W", "114": "W", "153": "E", "125": "S", "61": "E", "181": "W", "144": "E", "63": "N", "50": "S", "46": "N", "23": "N", "171": "E", "165": "W", "141": "N", "123": "S", "111": "N", "81": "N", "59": "N", "1": "W", "71": "E", "20": "W", "18": "S", "163": "S", "65": "N", "96": "N", "159": "W", "177": "N", "118": "N", "117": "S", "145": "N", "95": "S", "75": "S", "74": "W", "69": "W", "42": "N", "131": "S", "157": "W", "130": "N", "119": "W", "77": "S", "22": "N", "99": "N", "146": "W", "132": "S", "113": "W", "103": "N", "40": "W", "29": "S", "21": "W", "158": "N", "115": "W", "90": "S", "89": "W", "67": "W", "37": "W", "32": "E", "11": "S", "185": "E", "184": "N", "166": "E", "162": "N", "161": "N", "150": "E", "149": "N", "148": "N", "137": "N", "134": "S", "129": "W", "104": "S", "94": "S", "85": "S", "62": "N", "39": "W", "5": "W", "0": "S"}, {"68": "W", "16": "W", "105": "E", "133": "W", "9": "W", "101": "W", "34": "W", "87": "W", "64": "W", "7": "W", "164": "S", "120": "S", "91": "S", "79": "N", "56": "S", "86": "N", "25": "S", "169": "N", "168": "S", "83": "E", "98": "E", "36": "W", "121": "W", "84": "E", "57": "N", "52": "N", "2": "E", "174": "W", "48": "W", "19": "W", "8": "W", "180": "S", "126": "E", "41": "W", "31": "W", "26": "W", "3": "S", "17": "W", "66": "W", "49": "S", "82": "N", "30": "W", "138": "S", "110": "S", "108": "N", "28": "N", "114": "W", "153": "E", "125": "S", "61": "E", "181": "N", "144": "N", "63": "E", "50": "S", "46": "W", "23": "N", "171": "E", "165": "W", "154": "E", "141": "W", "123": "S", "111": "W", "81": "W", "59": "N", "33": "W", "4": "N", "71": "N", "88": "N", "20": "S", "18": "S", "65": "N", "51": "S", "96": "N", "159": "N", "177": "W", "147": "E", "118": "W", "117": "S", "145": "W", "95": "W", "75": "S", "74": "W", "69": "N", "42": "N", "131": "S", "178": "E", "157": "N", "130": "N", "119": "W", "77": "S", "22": "N", "99": "W", "146": "W", "132": "S", "113": "W", "40": "W", "29": "W", "21": "W", "158": "W", "151": "W", "115": "N", "90": "W", "89": "N", "67": "W", "37": "W", "32": "N", "27": "W", "11": "W", "185": "E", "184": "W", "166": "E", "162": "W", "161": "N", "150": "E", "149": "W", "148": "N", "137": "N", "134": "E", "104": "W", "94": "W", "85": "S", "62": "W", "39": "W", "5": "W", "0": "W"}, {"68": "W", "16": "W", "105": "N", "133": "S", "9": "W", "101": "W", "34": "S", "87": "W", "64": "W", "7": "W", "164": "E", "120": "S", "91": "E", "79": "N", "56": "E", "25": "S", "169": "N", "168": "S", "83": "E", "98": "N", "36": "W", "121": "S", "57": "N", "52": "N", "2": "E", "174": "N", "19": "W", "8": "W", "180": "W", "126": "N", "41": "W", "31": "W", "26": "W", "3": "S", "66": "W", "49": "S", "82": "E", "30": "N", "110": "W", "28": "N", "114": "S", "153": "E", "61": "E", "181": "W", "160": "N", "144": "N", "50": "S", "46": "W", "171": "N", "123": "S", "111": "N", "81": "N", "59": "N", "33": "N", "4": "E", "71": "E", "88": "W", "20": "S", "18": "S", "65": "N", "96": "N", "159": "N", "177": "N", "176": "S", "118": "N", "117": "S", "145": "W", "95": "N", "74": "S", "69": "N", "42": "N", "131": "E", "130": "W", "119": "W", "77": "W", "22": "N", "99": "W", "146": "W", "132": "S", "113": "W", "40": "W", "29": "W", "21": "W", "158": "N", "142": "W", "124": "E", "115": "N", "90": "W", "89": "N", "67": "W", "37": "W", "32": "N", "27": "W", "185": "E", "184": "W", "166": "S", "162": "N", "161": "N", "150": "E", "149": "N", "148": "W", "137": "N", "134": "S", "129": "W", "104": "S", "94": "W", "85": "S", "62": "W", "39": "W", "5": "W", "0": "S"}, {"16": "W", "105": "N", "9": "S", "101": "W", "87": "W", "7": "N", "164": "E", "120": "S", "91": "E", "79": "N", "56": "E", "86": "S", "122": "S", "25": "S", "169": "N", "83": "N", "98": "E", "121": "S", "57": "W", "52": "N", "2": "N", "174": "N", "8": "W", "180": "S", "126": "N", "41": "W", "31": "W", "26": "W", "3": "S", "92": "S", "66": "N", "49": "S", "82": "N", "110": "S", "28": "N", "153": "N", "125": "N", "61": "E", "144": "N", "50": "W", "46": "N", "154": "S", "141": "S", "123": "E", "111": "N", "107": "S", "81": "N", "59": "N", "33": "E", "71": "E", "88": "N", "18": "S", "65": "N", "96": "N", "177": "N", "176": "S", "147": "E", "143": "E", "118": "N", "145": "S", "74": "S", "69": "W", "42": "N", "131": "E", "130": "W", "119": "W", "77": "S", "45": "S", "22": "N", "99": "N", "146": "W", "132": "E", "113": "N", "103": "S", "40": "N", "29": "W", "21": "W", "158": "N", "151": "W", "115": "N", "89": "N", "67": "N", "37": "W", "27": "N", "11": "S", "185": "E", "166": "S", "162": "N", "161": "N", "150": "S", "149": "N", "148": "W", "137": "E", "134": "S", "104": "W", "94": "W", "85": "S", "62": "N", "39": "W", "5": "W", "0": "W"}, {"16": "S", "105": "E", "9": "S", "101": "S", "87": "W", "164": "E", "120": "S", "91": "E", "79": "N", "56": "E", "86": "S", "98": "E", "121": "S", "84": "W", "52": "N", "174": "W", "8": "N", "180": "W", "126": "N", "116": "N", "41": "W", "31": "W", "26": "W", "3": "S", "92": "S", "49": "S", "82": "N", "110": "S", "108": "S", "28": "N", "114": "E", "153": "N", "125": "W", "61": "N", "144": "W", "50": "S", "46": "N", "165": "N", "154": "W", "141": "W", "123": "S", "111": "W", "107": "W", "81": "N", "59": "N", "71": "S", "88": "W", "20": "W", "65": "N", "96": "N", "177": "W", "176": "E", "118": "W", "117": "S", "145": "W", "74": "S", "42": "N", "131": "E", "178": "W", "119": "W", "77": "S", "45": "E", "22": "E", "99": "W", "146": "W", "132": "E", "40": "N", "29": "W", "21": "W", "158": "N", "142": "S", "124": "W", "115": "N", "89": "N", "67": "N", "37": "W", "27": "N", "11": "S", "185": "E", "184": "W", "166": "E", "162": "N", "161": "W", "150": "E", "149": "N", "148": "W", "137": "E", "134": "S", "104": "W", "94": "W", "85": "W", "62": "N", "39": "W", "5": "W", "0": "W"}, {"16": "S", "105": "N", "9": "S", "101": "S", "87": "N", "164": "N", "120": "E", "91": "E", "79": "E", "56": "E", "86": "S", "122": "N", "98": "N", "121": "S", "57": "E", "52": "N", "174": "W", "180": "W", "126": "N", "116": "W", "41": "W", "31": "W", "26": "N", "92": "E", "82": "E", "110": "S", "108": "W", "28": "N", "114": "S", "153": "N", "61": "E", "160": "S", "144": "W", "50": "S", "46": "N", "23": "N", "171": "E", "141": "W", "123": "W", "111": "W", "107": "W", "81": "N", "59": "N", "4": "N", "71": "E", "88": "N", "18": "S", "35": "S", "65": "N", "177": "W", "176": "N", "118": "N", "117": "E", "145": "W", "74": "S", "69": "W", "42": "N", "131": "E", "119": "W", "77": "W", "45": "N", "22": "N", "99": "W", "146": "W", "113": "W", "21": "S", "158": "W", "115": "N", "90": "N", "89": "N", "37": "S", "32": "N", "27": "N", "11": "W", "185": "S", "166": "E", "162": "W", "161": "N", "150": "S", "149": "W", "137": "E", "134": "S", "104": "W", "94": "W", "85": "W", "62": "N", "39": "W", "5": "W", "0": "W"}, {"16": "S", "101": "S", "120": "E", "91": "E", "79": "E", "56": "E", "121": "E", "57": "E", "52": "W", "126": "W", "41": "W", "31": "W", "26": "N", "92": "E", "82": "E", "110": "W", "108": "S", "28": "E", "114": "W", "153": "E", "61": "E", "50": "W", "46": "N", "23": "N", "171": "E", "123": "S", "111": "N", "107": "W", "81": "N", "59": "N", "4": "N", "71": "S", "88": "N", "20": "S", "65": "E", "176": "N", "147": "N", "118": "N", "74": "W", "69": "W", "42": "N", "131": "E", "119": "N", "77": "W", "45": "N", "22": "N", "99": "N", "146": "N", "113": "N", "158": "N", "151": "S", "115": "E", "90": "N", "89": "N", "37": "S", "32": "N", "27": "N", "11": "W", "185": "E", "184": "S", "166": "E", "162": "N", "161": "E", "149": "N", "137": "E", "134": "S", "104": "W", "94": "W", "85": "W", "62": "N", "39": "W", "5": "W", "0": "W"}, {"16": "S", "101": "S", "120": "E", "79": "E", "56": "E", "121": "E", "57": "E", "52": "W", "126": "W", "41": "N", "31": "N", "82": "N", "110": "W", "108": "S", "28": "N", "153": "N", "63": "S", "50": "S", "46": "W", "171": "E", "123": "S", "111": "N", "107": "W", "81": "N", "59": "N", "1": "N", "71": "S", "88": "N", "20": "W", "18": "N", "35": "N", "65": "N", "143": "W", "118": "W", "74": "W", "69": "N", "42": "N", "131": "E", "119": "N", "77": "W", "45": "W", "22": "N", "99": "N", "146": "W", "113": "W", "29": "N", "158": "N", "151": "S", "115": "N", "90": "N", "89": "N", "37": "S", "32": "N", "27": "N", "11": "W", "185": "S", "184": "S", "166": "E", "162": "N", "161": "N", "150": "S", "149": "N", "137": "E", "134": "S", "129": "N", "104": "W", "94": "W", "85": "W", "62": "N", "5": "W", "0": "S"}, {"120": "E", "79": "E", "56": "E", "57": "E", "52": "N", "41": "N", "31": "N", "92": "E", "82": "N", "28": "E", "63": "E", "50": "W", "46": "W", "111": "N", "107": "W", "81": "E", "59": "N", "1": "N", "71": "E", "88": "N", "20": "W", "96": "E", "177": "W", "147": "E", "143": "W", "118": "W", "117": "S", "175": "E", "74": "W", "69": "N", "42": "N", "131": "S", "119": "N", "77": "W", "45": "N", "22": "N", "99": "N", "146": "N", "113": "N", "29": "N", "158": "N", "151": "W", "140": "E", "115": "N", "89": "N", "37": "W", "32": "N", "27": "N", "11": "W", "185": "E", "184": "W", "166": "E", "162": "N", "161": "E", "149": "N", "137": "E", "134": "W", "129": "N", "104": "W", "94": "W", "85": "W", "62": "N", "0": "W"}, {"56": "E", "84": "S", "52": "N", "41": "W", "92": "S", "82": "N", "28": "N", "63": "E", "50": "W", "46": "N", "111": "N", "107": "N", "81": "E", "59": "N", "71": "E", "88": "N", "20": "W", "177": "W", "147": "S", "143": "N", "118": "N", "117": "E", "175": "E", "74": "W", "69": "N", "131": "S", "22": "N", "99": "W", "146": "N", "113": "N", "103": "N", "158": "W", "151": "S", "115": "N", "89": "N", "37": "S", "32": "N", "27": "N", "11": "W", "185": "S", "184": "S", "166": "E", "162": "W", "161": "N", "150": "S", "149": "W", "148": "E", "137": "E", "134": "S", "104": "S", "94": "W", "85": "W", "62": "N", "39": "N", "0": "W"}, {"56": "N", "84": "S", "52": "W", "41": "N", "92": "W", "82": "N", "28": "E", "63": "E", "46": "N", "154": "S", "111": "W", "107": "N", "59": "N", "71": "E", "88": "N", "20": "W", "147": "W", "118": "N", "117": "E", "74": "W", "69": "W", "42": "W", "131": "E", "22": "N", "99": "W", "146": "N", "113": "N", "103": "N", "158": "W", "142": "N", "140": "E", "115": "N", "89": "N", "37": "W", "32": "N", "27": "N", "185": "W", "184": "W", "166": "S", "162": "N", "161": "E", "150": "W", "149": "W", "148": "N", "137": "E", "134": "W", "129": "S", "94": "N", "85": "N", "62": "N", "39": "N", "5": "N", "0": "W"}, {"56": "E", "52": "W", "41": "N", "82": "N", "108": "N", "28": "E", "63": "E", "46": "W", "111": "W", "59": "N", "71": "E", "88": "E", "20": "N", "51": "N", "147": "W", "118": "W", "117": "E", "175": "W", "74": "W", "22": "N", "99": "N", "146": "N", "113": "N", "103": "W", "158": "N", "151": "N", "115": "N", "89": "N", "37": "W", "32": "N", "27": "N", "185": "S", "184": "S", "166": "S", "162": "N", "150": "W", "149": "N", "148": "N", "137": "E", "134": "S", "129": "W", "94": "N", "85": "W", "62": "N", "39": "N", "5": "N", "0": "W"}, {"56": "N", "84": "N", "52": "W", "41": "N", "82": "N", "108": "N", "28": "E", "63": "N", "46": "N", "154": "N", "111": "N", "107": "W", "59": "E", "71": "E", "88": "E", "51": "N", "118": "W", "117": "E", "175": "W", "74": "W", "42": "E", "22": "N", "99": "N", "146": "N", "113": "N", "158": "N", "151": "N", "140": "S", "115": "N", "89": "W", "37": "W", "32": "N", "27": "N", "185": "W", "184": "E", "162": "N", "161": "W", "150": "W", "149": "N", "148": "W", "137": "N", "134": "S", "94": "N", "62": "N", "5": "N", "0": "S"}, {"56": "N", "84": "N", "52": "W", "41": "N", "82": "N", "28": "E", "160": "W", "46": "N", "154": "N", "111": "N", "107": "W", "59": "E", "71": "S", "35": "W", "118": "N", "117": "E", "74": "W", "69": "N", "42": "E", "22": "N", "99": "N", "146": "N", "113": "N", "158": "N", "151": "N", "140": "W", "115": "N", "89": "W", "37": "W", "27": "E", "185": "W", "162": "N", "161": "W", "150": "N", "149": "N", "148": "N", "137": "E", "134": "W", "129": "S", "94": "W", "62": "N", "39": "N", "5": "W", "0": "W"}, {"52": "S", "41": "E", "82": "N", "108": "S", "28": "S", "160": "S", "46": "W", "111": "W", "107": "N", "59": "E", "71": "W", "35": "W", "143": "W", "118": "W", "117": "E", "74": "W", "42": "E", "22": "N", "99": "N", "146": "N", "113": "N", "158": "W", "140": "S", "115": "N", "89": "W", "37": "N", "32": "N", "27": "E", "185": "S", "162": "N", "161": "W", "149": "W", "148": "N", "137": "S", "134": "W", "129": "W", "94": "N", "62": "N", "39": "N", "5": "N", "0": "W"}, {"52": "S", "41": "E", "82": "N", "108": "S", "28": "S", "46": "W", "111": "W", "107": "N", "59": "E", "71": "W", "143": "S", "117": "N", "74": "W", "69": "E", "42": "E", "22": "N", "99": "N", "146": "N", "113": "N", "158": "W", "140": "W", "115": "N", "89": "N", "32": "E", "27": "E", "185": "S", "162": "W", "149": "N", "148": "N", "137": "E", "134": "W", "129": "W", "94": "N", "62": "N", "5": "N", "0": "W"}, {"41": "E", "82": "E", "28": "E", "46": "W", "107": "N", "59": "E", "71": "W", "35": "E", "118": "N", "117": "E", "74": "W", "69": "S", "22": "N", "99": "W", "146": "E", "113": "E", "158": "N", "140": "W", "115": "N", "89": "W", "32": "E", "185": "S", "162": "W", "149": "N", "148": "W", "137": "E", "134": "N", "129": "W", "94": "N", "62": "N", "5": "N", "0": "W"}, {"41": "E", "82": "E", "28": "E", "160": "N", "46": "W", "107": "E", "71": "W", "35": "E", "118": "W", "74": "N", "69": "W", "22": "N", "99": "W", "146": "N", "113": "E", "158": "N", "140": "W", "115": "N", "89": "W", "32": "E", "185": "S", "162": "N", "149": "N", "148": "N", "137": "E", "134": "N", "129": "W", "94": "N", "62": "N", "5": "E", "0": "W"}, {"160": "E", "46": "W", "107": "E", "71": "W", "118": "W", "69": "W", "22": "N", "99": "N", "146": "N", "158": "N", "140": "W", "115": "N", "89": "W", "32": "E", "185": "W", "162": "N", "149": "W", "148": "W", "137": "E", "94": "N", "62": "E", "0": "N"}, {"46": "W", "71": "W", "118": "W", "22": "E", "99": "W", "146": "N", "140": "W", "115": "N", "89": "W", "32": "E", "185": "S", "149": "N", "148": "N", "137": "S", "94": "E", "62": "E"}, {"46": "W", "22": "E", "99": "N", "146": "N", "140": "N", "115": "N", "89": "W", "32": "E", "149": "W", "148": "W", "137": "E", "62": "E"}, {"46": "W", "22": "N", "99": "N", "146": "E", "140": "W", "115": "N", "89": "W", "32": "E", "149": "N", "137": "S", "62": "E"}, {"46": "S", "22": "N", "99": "N", "140": "N", "115": "E", "89": "W", "32": "S", "149": "W", "137": "S"}, {"46": "S", "22": "E", "99": "W", "115": "E", "89": "S", "149": "W", "137": "W"}, {"22": "E", "99": "W", "115": "N", "149": "N"}, {"22": "E", "99": "W", "115": "E", "149": "N"}, {"22": "E", "99": "W", "115": "E", "149": "N", "137": "E"}, {"22": "E", "99": "W", "115": "S"}, {"22": "E", "99": "W"}, {"22": "S", "99": "S"}, {"22": "S"}], "result": "SUCCESS", "makespan": 72, "sum": 6544, "algo_name": "OutAndInByPercentage_sea_level__BIT_", "extra": {"arrival_order": [12, 60, 38, 106, 109, 78, 102, 80, 15, 73, 72, 155, 93, 53, 139, 70, 55, 43, 100, 179, 182, 112, 68, 24, 16, 170, 105, 128, 6, 133, 9, 101, 44, 34, 10, 87, 64, 54, 7, 76, 13, 164, 120, 91, 79, 56, 14, 86, 122, 25, 169, 168, 83, 98, 36, 121, 84, 57, 52, 2, 174, 97, 58, 48, 19, 8, 180, 126, 116, 41, 31, 26, 3, 92, 17, 66, 49, 82, 30, 138, 110, 108, 47, 28, 173, 114, 153, 125, 61, 181, 160, 144, 63, 50, 46, 23, 171, 165, 154, 141, 123, 111, 107, 81, 59, 33, 4, 1, 127, 71, 136, 88, 20, 18, 172, 163, 152, 35, 65, 51, 96, 159, 177, 176, 147, 143, 118, 117, 175, 156, 145, 135, 95, 75, 74, 69, 42, 131, 178, 157, 130, 119, 77, 45, 22, 167, 99, 183, 146, 132, 113, 103, 40, 29, 21, 158, 151, 142, 140, 124, 115, 90, 89, 67, 37, 32, 27, 11, 185, 184, 166, 162, 161, 150, 149, 148, 137, 134, 129, 104, 94, 85, 62, 39, 5, 0], "time_arrived": [5144, 2894, 1630, 1985, 2878, 5103, 746, 997, 1748, 814, 893, 4533, 54, 1019, 1253, 261, 623, 2049, 3123, 1735, 3091, 4161, 3902, 2580, 587, 1353, 1947, 4500, 2290, 4141, 2160, 1910, 4459, 2866, 883, 3219, 1461, 4422, 101, 5079, 4129, 1874, 3701, 440, 865, 3860, 2569, 2246, 1707, 2096, 2521, 3269, 1599, 346, 960, 428, 1221, 1561, 1686, 2855, 80, 2421, 5044, 2484, 940, 3258, 2061, 4386, 561, 3662, 393, 2982, 294, 283, 3626, 3590, 1007, 3844, 203, 1181, 239, 2816, 2132, 1408, 1521, 5008, 1292, 929, 3059, 4357, 4311, 1141, 2029, 332, 4974, 3565, 3308, 1666, 1448, 3955, 468, 846, 214, 4102, 4934, 703, 147, 2780, 2227, 167, 2201, 2750, 529, 4081, 2326, 4288, 1829, 3480, 3441, 3826, 1104, 1502, 1314, 2706, 4247, 2384, 1814, 2935, 727, 4913, 3799, 3739, 4041, 784, 4902, 3546, 3011, 4859, 2178, 375, 4233, 2676, 4216, 3403, 2475, 3536, 4017, 3387, 4804, 4785, 4741, 4213, 3183, 2361, 2662, 320, 3520, 3762, 4198, 3332, 2460, 4708, 4675, 3168, 1060, 2645, 4641, 3909, 1393, 1381, 665, 2610, 3142, 2302, 1655, 3502, 3374, 3355, 3746, 501, 1776, 2445, 514, 3973, 4598, 4579], "BIT_runs": 1, "old_makespan": 5144, "old_sum": 6504, "improved": "[12, 60, 38, 106, 109, 78, 102, 80, 15, 73, 72, 155, 93, 53, 139, 70, 55, 43, 100, 179, 182, 112, 68, 24, 16, 170, 105, 128, 6, 133, 9, 101, 44, 34, 10, 87, 64, 54, 7, 76, 13, 164, 120, 91, 79, 56, 14, 86, 122, 25, 169, 168, 83, 98, 36, 121, 84, 57, 52, 2, 174, 97, 58, 48, 19, 8, 180, 126, 116, 41, 31, 26, 3, 92, 17, 66, 49, 82, 30, 138, 110, 108, 47, 28, 173, 114, 153, 125, 61, 181, 160, 144, 63, 50, 46, 23, 171, 165, 154, 141, 123, 111, 107, 81, 59, 33, 4, 1, 127, 71, 136, 88, 20, 18, 172, 163, 152, 35, 65, 51, 96, 159, 177, 176, 147, 143, 118, 117, 175, 156, 145, 135, 95, 75, 74, 69, 42, 131, 178, 157, 130, 119, 77, 45, 22, 167, 99, 183, 146, 132, 113, 103, 40, 29, 21, 158, 151, 142, 140, 124, 115, 90, 89, 67, 37, 32, 27, 11, 185, 184, 166, 162, 161, 150, 149, 148, 137, 134, 129, 104, 94, 85, 62, 39, 5, 0],", "goal_raise_for_bs": 32}}