{"instance": "small_013_20x20_50_186", "steps": [{"0": "W", "2": "W", "9": "S", "12": "N", "28": "E", "32": "S", "35": "S", "40": "N", "44": "W", "51": "W", "61": "W", "69": "W", "87": "W", "90": "W", "103": "S", "105": "N", "117": "E", "126": "S", "129": "W", "140": "S", "141": "N", "164": "W", "170": "W", "171": "W", "175": "E", "7": "N", "11": "E", "16": "W", "36": "W", "37": "E", "38": "W", "43": "S", "52": "W", "63": "S", "66": "W", "67": "E", "71": "E", "78": "W", "82": "W", "88": "W", "91": "N", "95": "W", "100": "E", "115": "N", "128": "S", "136": "N", "146": "W", "151": "N", "169": "E", "180": "S", "183": "S", "185": "N", "3": "W", "25": "W", "34": "W", "41": "S", "53": "W", "54": "S", "60": "W", "68": "N", "73": "N", "76": "N", "94": "W", "112": "W", "122": "W", "125": "W", "130": "W", "131": "W", "137": "W", "145": "S", "163": "S", "167": "W", "174": "N", "21": "E", "22": "S", "26": "S", "31": "S", "50": "N", "72": "W", "74": "E", "81": "N", "102": "W", "110": "N", "113": "W", "116": "S", "118": "W", "139": "E", "144": "W", "150": "N", "157": "W", "172": "W", "177": "N", "178": "S", "4": "W", "6": "E", "47": "E", "55": "W", "58": "S", "59": "E", "85": "W", "111": "W", "120": "S", "121": "W", "132": "S", "148": "E", "149": "S", "153": "S", "154": "S", "162": "W", "166": "E", "176": "N", "23": "N", "29": "E", "30": "W", "46": "S", "70": "W", "75": "E", "80": "S", "99": "S", "107": "E", "109": "S", "114": "E", "124": "W", "127": "W", "142": "E", "147": "W", "152": "E", "156": "W", "159": "S", "179": "W", "1": "S", "5": "W", "8": "E", "20": "E", "42": "W", "64": "W", "83": "E", "92": "S", "98": "W", "106": "E", "123": "S", "158": "S", "173": "E", "181": "W", "182": "W", "10": "W", "14": "W", "18": "W", "89": "S", "97": "W", "104": "W", "108": "E", "133": "W", "134": "S", "143": "W", "160": "E", "184": "E", "19": "W", "33": "E", "45": "W", "62": "W", "86": "W", "93": "W", "96": "E", "101": "E", "135": "W", "138": "E", "15": "W", "24": "E", "48": "E", "49": "E", "65": "E", "84": "W", "119": "W", "165": "W", "168": "E"}, {"0": "W", "2": "W", "9": "S", "12": "N", "28": "E", "32": "S", "35": "S", "40": "N", "44": "W", "51": "W", "61": "W", "69": "W", "87": "W", "90": "W", "103": "S", "105": "N", "117": "E", "126": "S", "129": "W", "140": "S", "141": "N", "164": "W", "170": "W", "171": "W", "175": "E", "7": "N", "11": "E", "16": "W", "36": "W", "37": "E", "38": "W", "43": "S", "52": "W", "63": "S", "66": "W", "67": "E", "71": "E", "78": "W", "82": "W", "88": "W", "91": "N", "95": "W", "100": "E", "115": "N", "128": "S", "136": "N", "146": "W", "151": "N", "169": "E", "180": "S", "183": "S", "185": "N", "3": "W", "25": "W", "34": "W", "41": "S", "53": "W", "54": "S", "60": "W", "68": "N", "73": "N", "76": "N", "94": "W", "112": "W", "122": "W", "125": "W", "130": "W", "131": "W", "137": "W", "145": "S", "163": "S", "167": "W", "174": "N", "21": "E", "22": "S", "26": "S", "31": "S", "50": "N", "72": "W", "74": "E", "81": "N", "102": "W", "110": "N", "113": "W", "116": "S", "118": "W", "139": "E", "144": "W", "150": "N", "157": "W", "172": "W", "177": "N", "178": "S", "4": "W", "6": "E", "47": "E", "55": "W", "58": "S", "59": "E", "79": "E", "85": "W", "111": "W", "120": "S", "121": "W", "132": "S", "148": "E", "149": "S", "153": "S", "154": "S", "162": "W", "166": "E", "176": "N", "17": "E", "23": "N", "29": "E", "30": "W", "46": "S", "70": "W", "75": "E", "80": "S", "99": "S", "107": "E", "109": "S", "114": "E", "124": "W", "127": "W", "142": "E", "147": "W", "152": "E", "156": "W", "159": "S", "161": "W", "179": "W", "1": "S", "5": "W", "8": "E", "20": "E", "39": "W", "42": "W", "64": "W", "83": "E", "92": "S", "98": "W", "106": "E", "123": "S", "158": "S", "173": "E", "181": "W", "182": "W", "10": "W", "14": "W", "18": "W", "89": "S", "97": "W", "104": "W", "108": "E", "133": "W", "134": "S", "143": "W", "160": "E", "184": "E", "19": "W", "33": "E", "45": "W", "62": "W", "86": "W", "93": "W", "96": "E", "101": "E", "135": "W", "138": "E", "15": "W", "24": "E", "48": "E", "49": "E", "65": "E", "84": "W", "119": "W", "165": "W", "168": "E"}, {"141": "W", "9": "W", "32": "W", "35": "S", "140": "W", "0": "S", "44": "W", "51": "W", "61": "W", "87": "W", "90": "N", "129": "N", "164": "W", "170": "W", "171": "W", "117": "E", "175": "E", "7": "N", "11": "E", "16": "W", "36": "W", "37": "E", "38": "W", "43": "S", "52": "W", "63": "S", "66": "W", "67": "E", "71": "E", "78": "W", "82": "W", "88": "W", "91": "N", "95": "W", "100": "E", "115": "N", "128": "S", "136": "N", "146": "W", "151": "N", "169": "E", "180": "S", "183": "S", "185": "N", "3": "W", "25": "W", "34": "W", "41": "S", "53": "W", "54": "S", "60": "W", "68": "N", "73": "N", "76": "N", "94": "W", "112": "W", "122": "W", "125": "W", "130": "W", "131": "W", "137": "W", "145": "S", "163": "S", "167": "W", "174": "N", "21": "E", "22": "S", "26": "S", "31": "S", "50": "N", "72": "W", "74": "E", "81": "N", "102": "W", "110": "N", "113": "W", "116": "S", "118": "W", "139": "E", "144": "W", "150": "N", "157": "W", "172": "W", "177": "N", "178": "S", "4": "W", "6": "E", "47": "E", "55": "W", "57": "W", "58": "S", "59": "E", "79": "N", "85": "N", "111": "W", "120": "S", "121": "W", "132": "S", "148": "E", "149": "S", "153": "S", "154": "S", "162": "W", "166": "E", "176": "N", "23": "N", "29": "E", "30": "W", "46": "S", "56": "W", "70": "W", "75": "E", "80": "S", "99": "S", "107": "E", "109": "S", "114": "E", "124": "W", "127": "W", "142": "E", "147": "W", "152": "E", "156": "W", "159": "S", "179": "W", "1": "S", "5": "W", "8": "E", "20": "E", "42": "W", "64": "W", "77": "W", "83": "E", "92": "S", "98": "W", "106": "E", "123": "S", "158": "S", "173": "E", "181": "W", "182": "W", "10": "W", "14": "W", "18": "W", "89": "S", "97": "W", "104": "W", "108": "E", "133": "W", "134": "S", "143": "W", "160": "E", "184": "E", "19": "W", "33": "E", "45": "W", "62": "W", "86": "W", "93": "W", "96": "E", "101": "E", "135": "W", "138": "E", "15": "W", "24": "E", "48": "E", "49": "E", "65": "E", "84": "W", "119": "W", "165": "W", "168": "E"}, {"12": "N", "136": "E", "151": "W", "35": "S", "63": "S", "128": "E", "180": "S", "0": "W", "2": "W", "44": "W", "51": "W", "61": "W", "69": "W", "129": "W", "164": "W", "170": "W", "36": "W", "38": "W", "52": "S", "78": "N", "82": "W", "88": "W", "95": "W", "146": "W", "71": "S", "3": "W", "25": "W", "34": "W", "41": "S", "53": "W", "54": "S", "60": "W", "68": "N", "73": "N", "76": "N", "112": "W", "122": "W", "125": "W", "130": "W", "131": "W", "137": "W", "145": "S", "167": "W", "174": "N", "21": "E", "22": "S", "31": "S", "50": "N", "72": "W", "74": "E", "81": "N", "102": "W", "110": "N", "113": "W", "116": "S", "118": "W", "139": "E", "150": "N", "157": "W", "172": "W", "177": "N", "178": "S", "4": "W", "6": "E", "47": "E", "57": "N", "58": "S", "59": "E", "79": "N", "85": "W", "111": "W", "120": "S", "121": "W", "132": "S", "148": "E", "149": "S", "153": "S", "162": "W", "166": "E", "176": "N", "17": "E", "23": "N", "29": "E", "30": "W", "46": "S", "70": "W", "75": "E", "80": "S", "99": "S", "107": "E", "109": "S", "114": "E", "127": "W", "142": "E", "147": "W", "152": "E", "156": "W", "159": "S", "161": "N", "179": "W", "1": "S", "5": "W", "8": "E", "20": "E", "42": "W", "64": "W", "83": "E", "92": "S", "98": "W", "106": "E", "123": "S", "158": "S", "173": "E", "181": "W", "182": "W", "10": "W", "14": "W", "18": "W", "89": "S", "97": "W", "104": "W", "108": "E", "133": "W", "134": "S", "143": "W", "160": "E", "184": "E", "19": "W", "27": "N", "33": "E", "45": "W", "62": "W", "86": "W", "93": "W", "96": "E", "101": "E", "135": "W", "138": "E", "15": "W", "24": "E", "48": "E", "49": "E", "65": "E", "84": "W", "119": "W", "165": "W", "168": "E"}, {"12": "N", "105": "N", "115": "N", "185": "N", "68": "N", "76": "N", "174": "E", "35": "S", "126": "S", "63": "S", "128": "S", "180": "S", "41": "S", "54": "S", "44": "W", "51": "W", "164": "W", "170": "W", "38": "W", "78": "W", "82": "W", "88": "W", "95": "W", "146": "W", "3": "W", "25": "W", "34": "W", "112": "W", "122": "W", "130": "W", "131": "W", "28": "E", "67": "E", "71": "E", "94": "W", "163": "S", "21": "E", "22": "S", "26": "S", "31": "S", "50": "N", "72": "W", "74": "E", "81": "N", "102": "W", "110": "N", "113": "W", "116": "S", "118": "W", "139": "E", "144": "W", "150": "N", "157": "W", "172": "W", "177": "N", "178": "S", "4": "W", "6": "E", "47": "E", "55": "W", "57": "N", "58": "S", "59": "E", "79": "N", "85": "W", "111": "W", "120": "S", "121": "W", "132": "S", "148": "E", "149": "S", "153": "S", "154": "S", "162": "W", "166": "E", "176": "N", "17": "N", "23": "N", "29": "E", "30": "W", "46": "S", "70": "W", "75": "E", "80": "S", "99": "S", "107": "E", "109": "S", "114": "E", "124": "W", "127": "W", "142": "E", "147": "W", "152": "E", "156": "W", "159": "S", "161": "N", "179": "W", "1": "S", "8": "E", "20": "E", "39": "W", "42": "W", "64": "W", "83": "E", "92": "S", "98": "W", "106": "E", "123": "S", "158": "S", "173": "E", "181": "W", "182": "W", "14": "W", "18": "W", "89": "S", "97": "W", "104": "W", "108": "E", "133": "W", "134": "S", "143": "W", "160": "E", "184": "E", "19": "W", "27": "W", "33": "E", "45": "W", "62": "W", "93": "W", "96": "E", "101": "E", "135": "W", "138": "E", "13": "W", "15": "W", "24": "E", "48": "E", "49": "E", "65": "E", "84": "W", "119": "W", "165": "W", "168": "E", "155": "W"}, {"115": "N", "76": "W", "50": "N", "110": "N", "32": "S", "140": "S", "128": "S", "145": "S", "163": "S", "116": "S", "0": "W", "51": "W", "170": "W", "171": "W", "66": "W", "78": "W", "82": "W", "88": "W", "3": "W", "25": "W", "53": "W", "122": "W", "131": "W", "94": "W", "102": "W", "157": "W", "172": "W", "175": "E", "37": "E", "67": "E", "71": "E", "74": "E", "139": "E", "26": "S", "144": "W", "4": "W", "6": "E", "47": "E", "55": "W", "57": "N", "58": "S", "59": "E", "79": "N", "85": "W", "111": "W", "120": "S", "121": "W", "132": "S", "148": "E", "149": "S", "153": "S", "154": "S", "162": "W", "166": "E", "176": "N", "17": "N", "23": "N", "29": "E", "30": "W", "46": "S", "56": "W", "70": "W", "75": "E", "80": "S", "99": "S", "107": "E", "109": "S", "114": "E", "124": "W", "127": "W", "142": "E", "147": "W", "152": "E", "156": "W", "159": "S", "161": "N", "179": "W", "1": "S", "8": "E", "20": "E", "42": "W", "64": "W", "77": "W", "83": "E", "92": "S", "98": "W", "106": "E", "123": "S", "158": "S", "173": "E", "181": "W", "182": "W", "14": "W", "18": "W", "89": "S", "97": "W", "104": "W", "108": "E", "133": "W", "134": "S", "143": "W", "160": "E", "184": "E", "19": "W", "27": "W", "33": "E", "45": "W", "62": "W", "93": "W", "96": "E", "101": "E", "135": "W", "138": "E", "13": "N", "15": "W", "24": "E", "48": "E", "49": "E", "65": "E", "84": "W", "119": "W", "165": "W", "168": "E"}, {"12": "N", "68": "N", "110": "W", "177": "N", "35": "S", "140": "S", "63": "S", "128": "S", "180": "S", "41": "S", "54": "S", "163": "S", "31": "S", "116": "S", "178": "S", "26": "S", "58": "S", "149": "S", "44": "W", "51": "W", "164": "W", "170": "W", "171": "W", "38": "W", "66": "W", "78": "W", "82": "W", "88": "W", "146": "W", "3": "N", "25": "W", "112": "W", "122": "W", "130": "W", "131": "W", "94": "W", "72": "W", "102": "W", "113": "W", "172": "W", "144": "W", "4": "W", "85": "W", "121": "W", "162": "W", "175": "E", "37": "E", "67": "E", "71": "E", "169": "E", "74": "E", "139": "E", "6": "E", "47": "E", "59": "E", "166": "E", "55": "W", "57": "N", "79": "N", "154": "S", "17": "N", "23": "N", "29": "E", "30": "W", "46": "S", "56": "N", "70": "W", "75": "E", "80": "S", "99": "S", "107": "E", "109": "S", "114": "E", "124": "W", "127": "W", "142": "E", "147": "W", "152": "E", "156": "W", "159": "S", "161": "N", "179": "W", "1": "S", "8": "E", "20": "E", "39": "N", "42": "W", "64": "W", "83": "E", "92": "S", "98": "W", "106": "E", "123": "S", "158": "S", "173": "E", "181": "W", "182": "W", "14": "W", "18": "W", "89": "S", "97": "W", "104": "W", "108": "E", "133": "W", "134": "S", "143": "W", "160": "E", "184": "E", "19": "W", "27": "W", "33": "E", "45": "W", "62": "W", "93": "W", "96": "E", "101": "E", "135": "W", "138": "E", "13": "W", "15": "W", "24": "E", "48": "E", "49": "E", "65": "E", "84": "W", "119": "W", "165": "W", "168": "E", "155": "W"}, {"115": "N", "50": "N", "176": "N", "23": "N", "32": "S", "35": "S", "140": "S", "180": "S", "41": "S", "116": "S", "178": "S", "58": "S", "149": "S", "153": "S", "80": "S", "99": "S", "109": "S", "159": "S", "51": "W", "164": "W", "170": "W", "171": "W", "66": "W", "78": "W", "82": "W", "88": "W", "146": "W", "25": "W", "122": "W", "130": "W", "131": "W", "94": "W", "72": "W", "102": "W", "157": "W", "172": "W", "144": "W", "4": "W", "85": "W", "121": "W", "162": "W", "55": "W", "30": "W", "127": "W", "147": "W", "156": "W", "179": "W", "175": "E", "37": "E", "71": "E", "74": "E", "6": "E", "47": "E", "59": "E", "29": "E", "107": "E", "114": "E", "142": "E", "57": "N", "17": "N", "56": "N", "124": "W", "161": "N", "1": "S", "8": "E", "20": "E", "39": "N", "42": "W", "64": "W", "83": "E", "92": "S", "98": "W", "106": "E", "123": "S", "158": "S", "173": "E", "181": "W", "182": "W", "14": "W", "18": "W", "89": "S", "97": "W", "104": "W", "108": "E", "133": "W", "134": "S", "143": "W", "160": "E", "184": "E", "19": "W", "27": "W", "33": "E", "45": "W", "62": "W", "93": "W", "96": "E", "101": "E", "135": "W", "138": "E", "13": "W", "15": "W", "24": "E", "48": "E", "49": "E", "65": "E", "84": "W", "119": "W", "165": "W", "168": "E", "155": "N"}, {"12": "N", "115": "N", "68": "N", "50": "N", "177": "N", "176": "N", "79": "N", "23": "N", "57": "N", "35": "S", "63": "S", "180": "S", "41": "S", "54": "S", "31": "S", "116": "W", "178": "S", "46": "S", "99": "S", "109": "E", "92": "S", "0": "W", "51": "W", "164": "W", "170": "W", "171": "W", "66": "W", "82": "W", "88": "W", "146": "W", "25": "W", "53": "W", "122": "W", "130": "W", "131": "W", "72": "W", "102": "W", "157": "S", "172": "W", "4": "W", "85": "W", "111": "W", "121": "W", "162": "W", "30": "W", "127": "W", "147": "W", "156": "W", "179": "W", "42": "W", "64": "W", "98": "W", "181": "W", "182": "W", "175": "E", "37": "E", "169": "E", "47": "E", "59": "E", "29": "E", "107": "E", "114": "E", "152": "E", "8": "E", "83": "E", "106": "E", "173": "S", "17": "N", "56": "N", "161": "N", "5": "N", "39": "N", "77": "W", "14": "W", "18": "W", "89": "S", "97": "W", "104": "W", "108": "E", "133": "W", "134": "S", "143": "W", "160": "E", "184": "E", "19": "W", "27": "W", "33": "E", "45": "W", "62": "W", "93": "W", "96": "E", "101": "E", "135": "W", "138": "E", "13": "W", "15": "W", "24": "E", "48": "E", "49": "E", "65": "E", "84": "W", "119": "W", "165": "W", "168": "E", "155": "W"}, {"23": "W", "149": "S", "80": "S", "1": "S", "44": "W", "51": "W", "170": "W", "171": "W", "38": "W", "66": "W", "82": "W", "88": "W", "25": "W", "112": "W", "122": "W", "131": "W", "102": "W", "113": "W", "172": "W", "4": "W", "85": "W", "121": "W", "162": "W", "30": "W", "70": "W", "127": "W", "147": "W", "156": "W", "42": "W", "64": "W", "181": "W", "182": "W", "18": "W", "97": "W", "133": "W", "143": "W", "175": "E", "37": "E", "169": "E", "47": "E", "59": "E", "29": "E", "107": "E", "114": "E", "152": "E", "8": "E", "83": "E", "106": "E", "108": "E", "160": "E", "184": "E", "56": "N", "5": "W", "39": "N", "77": "N", "10": "W", "19": "W", "27": "W", "33": "E", "45": "W", "62": "W", "86": "W", "93": "W", "96": "E", "101": "E", "135": "W", "138": "E", "13": "W", "15": "W", "24": "E", "48": "E", "49": "E", "65": "E", "84": "W", "119": "W", "165": "W", "168": "E", "155": "W"}, {"115": "N", "50": "N", "176": "N", "57": "N", "161": "N", "149": "S", "80": "S", "1": "S", "44": "W", "51": "W", "170": "W", "38": "W", "82": "W", "88": "W", "25": "W", "112": "W", "122": "W", "131": "W", "102": "W", "113": "W", "172": "W", "4": "W", "121": "W", "162": "W", "30": "W", "70": "W", "127": "W", "147": "W", "64": "W", "181": "W", "182": "W", "97": "W", "133": "W", "143": "W", "19": "W", "45": "W", "93": "W", "135": "W", "28": "E", "169": "E", "21": "E", "59": "E", "107": "E", "114": "E", "152": "E", "8": "E", "106": "E", "173": "E", "108": "E", "184": "E", "33": "E", "101": "E", "138": "E", "56": "N", "5": "W", "39": "N", "77": "N", "10": "N", "27": "W", "13": "W", "15": "W", "24": "E", "48": "E", "49": "E", "65": "E", "84": "W", "119": "W", "165": "W", "168": "E", "155": "W"}, {"115": "N", "50": "N", "176": "N", "57": "N", "161": "N", "56": "N", "149": "W", "51": "N", "170": "N", "171": "W", "66": "W", "82": "N", "88": "N", "122": "S", "131": "N", "172": "S", "4": "W", "85": "W", "162": "S", "30": "W", "127": "S", "156": "W", "42": "W", "181": "W", "182": "S", "18": "W", "133": "W", "62": "W", "93": "W", "119": "W", "59": "N", "107": "E", "114": "S", "8": "S", "106": "E", "33": "N", "5": "W", "39": "N", "77": "N", "10": "W", "27": "W", "86": "W", "13": "W", "155": "W"}, {"80": "S", "1": "S", "4": "W", "30": "W", "181": "W", "133": "W", "143": "W", "19": "W", "93": "W", "15": "W", "119": "W", "107": "S", "184": "E", "101": "E", "24": "E", "168": "E", "77": "N", "10": "W", "27": "W", "86": "N", "13": "W", "155": "W"}, {"115": "N", "50": "N", "176": "N", "57": "N", "161": "N", "56": "N", "39": "N", "80": "S", "1": "S", "171": "W", "66": "W", "4": "S", "85": "W", "156": "W", "42": "W", "18": "W", "143": "W", "19": "W", "62": "W", "15": "W", "5": "W", "27": "W", "106": "E", "184": "E", "101": "E", "24": "E", "168": "E", "77": "N", "10": "W", "86": "W", "13": "W", "155": "W"}, {"80": "W", "30": "W", "181": "W", "133": "W", "143": "W", "19": "W", "93": "W", "15": "W", "119": "W", "27": "W", "106": "E", "184": "E", "101": "E", "24": "E", "168": "N", "86": "W", "13": "W", "155": "W"}, {"1": "S", "171": "W", "66": "W", "85": "W", "30": "W", "156": "W", "42": "W", "181": "W", "18": "W", "133": "W", "143": "W", "19": "W", "62": "W", "93": "W", "15": "W", "119": "W", "5": "W", "27": "W", "10": "W", "13": "W", "106": "S", "184": "S", "86": "W", "155": "W"}, {"1": "E", "30": "S", "143": "W", "19": "W", "15": "W", "27": "W", "13": "W", "101": "E", "24": "E", "155": "W"}, {"181": "W", "133": "W", "143": "W", "19": "W", "93": "W", "15": "W", "119": "W", "27": "W", "13": "W", "155": "W", "101": "E", "24": "E"}, {"181": "W", "133": "W", "143": "S", "93": "W", "119": "W", "13": "W", "155": "W", "101": "N"}, {"181": "S", "19": "W", "15": "W", "27": "W", "13": "W", "155": "W", "24": "E"}, {"133": "W", "19": "W", "93": "W", "15": "W", "119": "W", "27": "W", "13": "W", "155": "W", "24": "S"}, {"133": "W", "19": "S", "93": "W", "119": "W", "155": "W"}, {"133": "N", "15": "W", "27": "W", "13": "W", "155": "W"}, {"93": "W", "15": "W", "119": "W", "27": "W", "13": "W", "155": "W"}, {"93": "S", "15": "N"}, {"119": "W", "27": "W", "13": "W", "155": "W"}, {"119": "W", "27": "S"}, {"119": "N", "13": "W", "155": "W"}, {"13": "W", "155": "W"}, {"13": "N"}, {"155": "W"}, {"155": "S"}, {"95": "N"}, {"95": "E"}, {"95": "E"}, {"95": "E"}, {"95": "E"}, {"95": "E"}, {"95": "E"}, {"95": "E"}, {"95": "E"}, {"95": "E"}, {"95": "E"}, {"95": "N"}, {"95": "N"}, {"95": "E"}, {"95": "E"}, {"95": "E"}, {"95": "E"}, {"95": "E"}, {"95": "E"}, {"95": "E"}, {"95": "E"}, {"95": "E"}, {"95": "E"}, {"95": "E"}, {"95": "E"}, {"95": "E"}, {"95": "N"}, {"95": "N"}, {"95": "N"}, {"95": "N"}, {"95": "N"}, {"95": "N"}, {"95": "N"}, {"95": "N"}, {"95": "N"}, {"95": "N"}, {"95": "N"}, {"180": "W"}, {"180": "N"}, {"180": "N"}, {"180": "N"}, {"180": "N"}, {"180": "N"}, {"180": "N"}, {"180": "E"}, {"180": "E"}, {"180": "E"}, {"180": "E"}, {"180": "E"}, {"180": "E"}, {"180": "E"}, {"180": "E"}, {"180": "E"}, {"180": "E"}, {"180": "E"}, {"180": "E"}, {"180": "N"}, {"180": "N"}, {"180": "N"}, {"180": "N"}, {"180": "N"}, {"180": "N"}, {"180": "N"}, {"180": "N"}, {"180": "N"}, {"180": "N"}, {"180": "N"}, {"180": "N"}, {"180": "N"}, {"180": "N"}, {"180": "N"}, {"180": "N"}, {"180": "N"}, {"137": "E"}, {"137": "E"}, {"137": "E"}, {"137": "E"}, {"137": "E"}, {"137": "E"}, {"137": "E"}, {"137": "E"}, {"137": "N"}, {"137": "N"}, {"137": "N"}, {"137": "N"}, {"137": "E"}, {"137": "E"}, {"137": "E"}, {"137": "E"}, {"137": "E"}, {"137": "E"}, {"137": "E"}, {"137": "E"}, {"137": "E"}, {"137": "E"}, {"137": "E"}, {"137": "N"}, {"137": "N"}, {"137": "N"}, {"137": "N"}, {"137": "N"}, {"137": "N"}, {"137": "N"}, {"137": "N"}, {"137": "N"}, {"137": "N"}, {"137": "N"}, {"137": "N"}, {"171": "S"}, {"171": "E"}, {"171": "E"}, {"171": "E"}, {"171": "E"}, {"171": "E"}, {"171": "E"}, {"171": "E"}, {"171": "E"}, {"171": "E"}, {"171": "E"}, {"171": "E"}, {"171": "E"}, {"171": "E"}, {"171": "E"}, {"171": "E"}, {"171": "E"}, {"171": "E"}, {"171": "E"}, {"171": "E"}, {"171": "N"}, {"171": "N"}, {"171": "E"}, {"171": "E"}, {"171": "E"}, {"171": "E"}, {"171": "E"}, {"171": "E"}, {"171": "E"}, {"171": "E"}, {"171": "N"}, {"171": "N"}, {"171": "N"}, {"171": "N"}, {"171": "N"}, {"171": "N"}, {"171": "N"}, {"171": "N"}, {"171": "N"}, {"35": "E"}, {"35": "E"}, {"35": "E"}, {"35": "E"}, {"35": "E"}, {"35": "E"}, {"35": "E"}, {"35": "E"}, {"35": "N"}, {"35": "N"}, {"35": "N"}, {"35": "N"}, {"35": "N"}, {"35": "N"}, {"35": "N"}, {"35": "E"}, {"35": "N"}, {"35": "N"}, {"35": "N"}, {"35": "N"}, {"35": "N"}, {"35": "N"}, {"35": "N"}, {"35": "N"}, {"35": "N"}, {"35": "N"}, {"35": "N"}, {"35": "N"}, {"35": "N"}, {"35": "N"}, {"35": "N"}, {"35": "N"}, {"35": "N"}, {"35": "N"}, {"86": "E"}, {"86": "E"}, {"86": "E"}, {"86": "E"}, {"86": "E"}, {"86": "E"}, {"86": "E"}, {"86": "E"}, {"86": "E"}, {"86": "E"}, {"86": "N"}, {"86": "E"}, {"86": "E"}, {"86": "E"}, {"86": "E"}, {"86": "E"}, {"86": "E"}, {"86": "E"}, {"86": "E"}, {"86": "E"}, {"86": "E"}, {"86": "N"}, {"86": "N"}, {"86": "N"}, {"86": "N"}, {"86": "N"}, {"86": "N"}, {"18": "S"}, {"18": "E"}, {"18": "E"}, {"18": "E"}, {"18": "E"}, {"18": "E"}, {"18": "E"}, {"18": "E"}, {"18": "E"}, {"18": "E"}, {"18": "E"}, {"18": "E"}, {"18": "E"}, {"18": "E"}, {"18": "E"}, {"18": "N"}, {"18": "N"}, {"18": "E"}, {"18": "E"}, {"18": "E"}, {"18": "E"}, {"18": "E"}, {"18": "E"}, {"18": "E"}, {"18": "E"}, {"18": "E"}, {"18": "N"}, {"18": "N"}, {"18": "N"}, {"18": "N"}, {"18": "N"}, {"18": "N"}, {"18": "N"}, {"1": "E"}, {"1": "E"}, {"1": "N"}, {"1": "N"}, {"1": "N"}, {"1": "N"}, {"1": "N"}, {"1": "N"}, {"1": "N"}, {"1": "N"}, {"1": "N"}, {"1": "N"}, {"1": "N"}, {"1": "N"}, {"1": "N"}, {"1": "N"}, {"1": "N"}, {"1": "N"}, {"1": "N"}, {"1": "N"}, {"1": "N"}, {"1": "N"}, {"1": "N"}, {"1": "N"}, {"1": "N"}, {"1": "N"}, {"1": "N"}, {"1": "N"}, {"78": "N"}, {"78": "N"}, {"78": "E"}, {"78": "E"}, {"78": "E"}, {"78": "E"}, {"78": "E"}, {"78": "E"}, {"78": "E"}, {"78": "E"}, {"78": "E"}, {"78": "E"}, {"78": "E"}, {"78": "E"}, {"78": "E"}, {"78": "E"}, {"78": "N"}, {"78": "N"}, {"78": "E"}, {"78": "E"}, {"78": "E"}, {"78": "E"}, {"78": "E"}, {"78": "E"}, {"78": "E"}, {"78": "N"}, {"78": "N"}, {"78": "N"}, {"78": "N"}, {"78": "N"}, {"78": "N"}, {"78": "N"}, {"67": "S"}, {"67": "W"}, {"67": "W"}, {"67": "W"}, {"67": "W"}, {"67": "W"}, {"67": "W"}, {"67": "W"}, {"67": "W"}, {"67": "W"}, {"67": "W"}, {"67": "N"}, {"67": "N"}, {"67": "N"}, {"67": "N"}, {"67": "N"}, {"67": "N"}, {"67": "N"}, {"67": "N"}, {"67": "N"}, {"67": "N"}, {"67": "N"}, {"67": "N"}, {"67": "N"}, {"16": "E"}, {"16": "E"}, {"16": "E"}, {"16": "E"}, {"16": "E"}, {"16": "E"}, {"16": "E"}, {"16": "E"}, {"16": "E"}, {"16": "E"}, {"16": "E"}, {"16": "E"}, {"16": "E"}, {"16": "E"}, {"16": "E"}, {"16": "E"}, {"16": "E"}, {"16": "S"}, {"16": "E"}, {"16": "S"}, {"16": "S"}, {"16": "E"}, {"16": "S"}, {"16": "E"}, {"16": "E"}, {"16": "S"}, {"16": "S"}, {"111": "N"}, {"111": "E"}, {"111": "E"}, {"111": "E"}, {"111": "E"}, {"111": "E"}, {"111": "E"}, {"111": "E"}, {"111": "E"}, {"111": "E"}, {"111": "E"}, {"111": "E"}, {"111": "N"}, {"111": "N"}, {"111": "E"}, {"111": "E"}, {"111": "E"}, {"111": "E"}, {"111": "E"}, {"111": "E"}, {"111": "N"}, {"111": "N"}, {"111": "N"}, {"111": "N"}, {"111": "N"}, {"111": "N"}, {"111": "N"}, {"110": "E"}, {"110": "S"}, {"110": "S"}, {"110": "E"}, {"110": "E"}, {"110": "E"}, {"110": "E"}, {"110": "E"}, {"110": "E"}, {"110": "E"}, {"110": "E"}, {"110": "E"}, {"110": "E"}, {"110": "E"}, {"110": "S"}, {"110": "S"}, {"110": "S"}, {"110": "E"}, {"110": "S"}, {"110": "S"}, {"110": "E"}, {"110": "S"}, {"110": "E"}, {"110": "S"}, {"110": "S"}, {"110": "S"}, {"110": "E"}, {"163": "E"}, {"163": "E"}, {"163": "N"}, {"163": "N"}, {"163": "N"}, {"163": "E"}, {"163": "E"}, {"163": "E"}, {"163": "E"}, {"163": "E"}, {"163": "E"}, {"163": "E"}, {"163": "E"}, {"163": "N"}, {"163": "N"}, {"163": "N"}, {"163": "N"}, {"163": "N"}, {"163": "N"}, {"163": "N"}, {"163": "N"}, {"163": "N"}, {"163": "N"}, {"163": "N"}, {"163": "N"}, {"163": "N"}, {"163": "N"}, {"163": "N"}, {"153": "E"}, {"153": "N"}, {"153": "N"}, {"153": "E"}, {"153": "E"}, {"153": "E"}, {"153": "E"}, {"153": "E"}, {"153": "E"}, {"153": "E"}, {"153": "E"}, {"153": "E"}, {"153": "N"}, {"153": "N"}, {"153": "N"}, {"153": "N"}, {"153": "N"}, {"153": "N"}, {"153": "N"}, {"153": "N"}, {"153": "N"}, {"153": "N"}, {"153": "N"}, {"120": "E"}, {"120": "N"}, {"120": "E"}, {"120": "E"}, {"120": "E"}, {"120": "E"}, {"120": "E"}, {"120": "E"}, {"120": "N"}, {"120": "N"}, {"120": "N"}, {"120": "N"}, {"120": "N"}, {"120": "N"}, {"120": "N"}, {"120": "N"}, {"120": "N"}, {"120": "N"}, {"120": "N"}, {"120": "N"}, {"120": "N"}, {"120": "N"}, {"120": "N"}, {"120": "N"}, {"120": "N"}, {"61": "N"}, {"61": "E"}, {"61": "E"}, {"61": "E"}, {"61": "E"}, {"61": "E"}, {"61": "E"}, {"61": "E"}, {"61": "E"}, {"61": "E"}, {"61": "E"}, {"61": "E"}, {"61": "N"}, {"61": "N"}, {"61": "N"}, {"61": "N"}, {"61": "N"}, {"61": "N"}, {"61": "E"}, {"61": "E"}, {"61": "E"}, {"61": "E"}, {"61": "E"}, {"61": "N"}, {"24": "N"}, {"24": "W"}, {"24": "W"}, {"24": "W"}, {"24": "W"}, {"24": "W"}, {"24": "W"}, {"24": "W"}, {"24": "N"}, {"24": "N"}, {"24": "N"}, {"24": "W"}, {"24": "W"}, {"24": "W"}, {"24": "W"}, {"24": "N"}, {"24": "N"}, {"24": "N"}, {"24": "N"}, {"24": "W"}, {"24": "N"}, {"24": "W"}, {"24": "W"}, {"24": "W"}, {"24": "W"}, {"11": "W"}, {"11": "W"}, {"11": "W"}, {"11": "W"}, {"11": "W"}, {"11": "W"}, {"11": "W"}, {"11": "N"}, {"11": "N"}, {"11": "N"}, {"11": "N"}, {"11": "N"}, {"11": "N"}, {"11": "N"}, {"11": "N"}, {"11": "N"}, {"11": "N"}, {"11": "N"}, {"11": "N"}, {"5": "S"}, {"5": "E"}, {"5": "E"}, {"5": "E"}, {"5": "E"}, {"5": "E"}, {"5": "E"}, {"5": "E"}, {"5": "E"}, {"5": "E"}, {"5": "E"}, {"5": "E"}, {"5": "E"}, {"5": "N"}, {"5": "N"}, {"5": "E"}, {"5": "E"}, {"5": "E"}, {"5": "E"}, {"5": "E"}, {"5": "E"}, {"5": "E"}, {"5": "E"}, {"5": "E"}, {"5": "E"}, {"5": "N"}, {"5": "N"}, {"113": "N"}, {"113": "E"}, {"113": "E"}, {"113": "E"}, {"113": "E"}, {"113": "E"}, {"113": "E"}, {"113": "E"}, {"113": "E"}, {"113": "E"}, {"113": "E"}, {"113": "E"}, {"113": "E"}, {"113": "E"}, {"113": "E"}, {"113": "E"}, {"113": "E"}, {"113": "E"}, {"113": "E"}, {"113": "E"}, {"113": "E"}, {"113": "E"}, {"113": "E"}, {"113": "S"}, {"113": "S"}, {"103": "N"}, {"103": "E"}, {"103": "E"}, {"103": "E"}, {"103": "E"}, {"103": "E"}, {"103": "E"}, {"103": "E"}, {"103": "E"}, {"103": "E"}, {"103": "E"}, {"103": "E"}, {"103": "E"}, {"103": "E"}, {"103": "E"}, {"103": "E"}, {"103": "E"}, {"103": "E"}, {"103": "N"}, {"103": "N"}, {"103": "N"}, {"103": "N"}, {"103": "N"}, {"103": "N"}, {"103": "N"}, {"103": "N"}, {"103": "N"}, {"103": "N"}, {"89": "W"}, {"89": "N"}, {"89": "W"}, {"89": "W"}, {"89": "N"}, {"89": "N"}, {"89": "N"}, {"89": "N"}, {"89": "N"}, {"89": "N"}, {"89": "N"}, {"89": "W"}, {"89": "N"}, {"89": "N"}, {"89": "N"}, {"89": "N"}, {"89": "N"}, {"89": "N"}, {"89": "N"}, {"89": "N"}, {"89": "N"}, {"89": "N"}, {"89": "E"}, {"89": "E"}, {"89": "E"}, {"89": "E"}, {"89": "E"}, {"66": "S"}, {"66": "E"}, {"66": "E"}, {"66": "E"}, {"66": "E"}, {"66": "E"}, {"66": "E"}, {"66": "E"}, {"66": "E"}, {"66": "E"}, {"66": "E"}, {"66": "E"}, {"66": "E"}, {"66": "E"}, {"66": "E"}, {"66": "E"}, {"66": "E"}, {"66": "E"}, {"66": "E"}, {"66": "N"}, {"66": "N"}, {"66": "E"}, {"66": "E"}, {"66": "E"}, {"66": "E"}, {"66": "E"}, {"66": "E"}, {"66": "E"}, {"66": "E"}, {"66": "N"}, {"66": "N"}, {"66": "N"}, {"8": "N"}, {"8": "W"}, {"8": "W"}, {"8": "W"}, {"8": "W"}, {"8": "S"}, {"8": "S"}, {"8": "W"}, {"8": "W"}, {"8": "N"}, {"8": "N"}, {"173": "N"}, {"173": "W"}, {"173": "W"}, {"173": "S"}, {"173": "S"}, {"173": "S"}, {"173": "S"}, {"173": "S"}, {"173": "W"}, {"128": "E"}, {"128": "E"}, {"128": "N"}, {"128": "N"}, {"128": "N"}, {"128": "N"}, {"128": "E"}, {"128": "E"}, {"128": "E"}, {"128": "E"}, {"128": "E"}, {"128": "E"}, {"128": "E"}, {"128": "E"}, {"128": "E"}, {"128": "E"}, {"128": "E"}, {"128": "N"}, {"128": "N"}, {"128": "N"}, {"128": "N"}, {"128": "N"}, {"128": "N"}, {"128": "N"}, {"128": "N"}, {"128": "N"}, {"128": "N"}, {"94": "S"}, {"94": "E"}, {"94": "E"}, {"94": "E"}, {"94": "E"}, {"94": "E"}, {"94": "E"}, {"94": "E"}, {"94": "E"}, {"94": "E"}, {"94": "E"}, {"94": "E"}, {"94": "N"}, {"94": "N"}, {"94": "E"}, {"94": "E"}, {"94": "E"}, {"94": "E"}, {"94": "E"}, {"94": "E"}, {"94": "E"}, {"94": "E"}, {"94": "E"}, {"94": "N"}, {"94": "N"}, {"94": "N"}, {"94": "N"}, {"94": "N"}, {"94": "N"}, {"9": "E"}, {"9": "N"}, {"9": "E"}, {"9": "E"}, {"9": "E"}, {"9": "E"}, {"9": "E"}, {"9": "E"}, {"9": "E"}, {"9": "E"}, {"9": "E"}, {"9": "E"}, {"9": "E"}, {"9": "E"}, {"9": "N"}, {"9": "N"}, {"9": "N"}, {"9": "N"}, {"9": "N"}, {"9": "N"}, {"9": "N"}, {"9": "N"}, {"9": "N"}, {"9": "N"}, {"9": "N"}, {"9": "N"}, {"9": "N"}, {"9": "N"}, {"9": "N"}, {"177": "W"}, {"177": "S"}, {"177": "S"}, {"177": "S"}, {"177": "E"}, {"177": "E"}, {"177": "E"}, {"177": "E"}, {"177": "E"}, {"177": "S"}, {"177": "S"}, {"177": "S"}, {"177": "E"}, {"177": "S"}, {"177": "S"}, {"177": "S"}, {"177": "S"}, {"177": "W"}, {"177": "W"}, {"177": "S"}, {"177": "S"}, {"177": "E"}, {"177": "E"}, {"177": "S"}, {"177": "E"}, {"177": "S"}, {"177": "S"}, {"177": "E"}, {"174": "W"}, {"174": "S"}, {"174": "W"}, {"174": "S"}, {"174": "S"}, {"174": "S"}, {"174": "E"}, {"174": "S"}, {"174": "S"}, {"174": "S"}, {"174": "S"}, {"174": "W"}, {"174": "W"}, {"174": "S"}, {"174": "S"}, {"174": "E"}, {"174": "E"}, {"174": "S"}, {"174": "E"}, {"174": "S"}, {"170": "S"}, {"170": "E"}, {"170": "E"}, {"170": "E"}, {"170": "E"}, {"170": "E"}, {"170": "E"}, {"170": "E"}, {"170": "E"}, {"170": "E"}, {"170": "E"}, {"170": "E"}, {"170": "E"}, {"170": "E"}, {"170": "E"}, {"170": "E"}, {"170": "E"}, {"170": "E"}, {"170": "E"}, {"170": "E"}, {"170": "E"}, {"170": "E"}, {"170": "E"}, {"170": "E"}, {"170": "E"}, {"170": "E"}, {"170": "N"}, {"170": "N"}, {"143": "N"}, {"143": "E"}, {"143": "E"}, {"143": "E"}, {"143": "E"}, {"143": "E"}, {"143": "E"}, {"143": "E"}, {"143": "E"}, {"143": "E"}, {"143": "E"}, {"143": "E"}, {"143": "E"}, {"143": "E"}, {"143": "E"}, {"143": "E"}, {"143": "E"}, {"143": "E"}, {"143": "N"}, {"143": "N"}, {"143": "N"}, {"143": "N"}, {"143": "N"}, {"143": "N"}, {"143": "E"}, {"143": "E"}, {"143": "E"}, {"131": "S"}, {"131": "E"}, {"131": "E"}, {"131": "E"}, {"131": "E"}, {"131": "E"}, {"131": "E"}, {"131": "E"}, {"131": "E"}, {"131": "E"}, {"131": "E"}, {"131": "E"}, {"131": "E"}, {"131": "E"}, {"131": "E"}, {"131": "E"}, {"131": "E"}, {"131": "E"}, {"131": "E"}, {"131": "E"}, {"131": "E"}, {"131": "E"}, {"131": "E"}, {"131": "S"}, {"131": "S"}, {"131": "E"}, {"131": "E"}, {"52": "E"}, {"52": "E"}, {"52": "E"}, {"52": "E"}, {"52": "E"}, {"52": "E"}, {"52": "E"}, {"52": "E"}, {"52": "N"}, {"52": "N"}, {"52": "N"}, {"52": "N"}, {"52": "N"}, {"52": "N"}, {"52": "E"}, {"52": "E"}, {"52": "E"}, {"52": "E"}, {"52": "E"}, {"52": "E"}, {"52": "E"}, {"52": "E"}, {"52": "E"}, {"52": "E"}, {"52": "N"}, {"52": "N"}, {"52": "N"}, {"52": "N"}, {"13": "S"}, {"13": "E"}, {"13": "E"}, {"13": "E"}, {"13": "E"}, {"13": "E"}, {"13": "E"}, {"13": "E"}, {"13": "E"}, {"13": "E"}, {"13": "E"}, {"13": "E"}, {"13": "E"}, {"13": "E"}, {"13": "E"}, {"13": "E"}, {"13": "E"}, {"13": "E"}, {"13": "E"}, {"13": "E"}, {"13": "E"}, {"13": "E"}, {"13": "E"}, {"13": "E"}, {"13": "E"}, {"13": "E"}, {"13": "E"}, {"13": "E"}, {"13": "E"}, {"13": "S"}, {"13": "E"}, {"13": "S"}, {"13": "E"}, {"13": "S"}, {"13": "E"}, {"13": "E"}, {"176": "W"}, {"176": "S"}, {"176": "S"}, {"176": "S"}, {"176": "S"}, {"176": "S"}, {"176": "S"}, {"176": "E"}, {"176": "S"}, {"176": "S"}, {"176": "S"}, {"176": "S"}, {"176": "E"}, {"176": "E"}, {"176": "S"}, {"176": "S"}, {"176": "S"}, {"176": "E"}, {"176": "E"}, {"176": "E"}, {"176": "E"}, {"176": "E"}, {"176": "E"}, {"176": "S"}, {"176": "S"}, {"176": "E"}, {"176": "S"}, {"176": "E"}, {"148": "W"}, {"148": "S"}, {"148": "S"}, {"148": "S"}, {"148": "S"}, {"148": "S"}, {"148": "S"}, {"148": "S"}, {"148": "S"}, {"148": "W"}, {"148": "W"}, {"148": "N"}, {"135": "S"}, {"135": "E"}, {"135": "E"}, {"135": "E"}, {"135": "E"}, {"135": "E"}, {"135": "E"}, {"135": "E"}, {"135": "E"}, {"135": "E"}, {"135": "E"}, {"135": "E"}, {"135": "E"}, {"135": "E"}, {"135": "E"}, {"135": "E"}, {"135": "E"}, {"135": "E"}, {"135": "S"}, {"135": "E"}, {"135": "E"}, {"135": "S"}, {"135": "E"}, {"135": "S"}, {"135": "S"}, {"135": "E"}, {"135": "S"}, {"133": "S"}, {"133": "E"}, {"133": "E"}, {"133": "E"}, {"133": "E"}, {"133": "E"}, {"133": "E"}, {"133": "E"}, {"133": "E"}, {"133": "E"}, {"133": "E"}, {"133": "E"}, {"133": "E"}, {"133": "E"}, {"133": "E"}, {"133": "E"}, {"133": "E"}, {"133": "E"}, {"133": "E"}, {"133": "E"}, {"133": "E"}, {"133": "E"}, {"133": "E"}, {"133": "E"}, {"133": "E"}, {"133": "E"}, {"133": "S"}, {"133": "S"}, {"133": "E"}, {"98": "S"}, {"98": "E"}, {"98": "E"}, {"98": "E"}, {"98": "E"}, {"98": "E"}, {"98": "E"}, {"98": "E"}, {"98": "E"}, {"98": "E"}, {"98": "E"}, {"98": "E"}, {"98": "E"}, {"98": "E"}, {"98": "E"}, {"98": "E"}, {"98": "E"}, {"98": "S"}, {"98": "S"}, {"98": "S"}, {"98": "E"}, {"98": "S"}, {"98": "E"}, {"98": "E"}, {"93": "N"}, {"93": "E"}, {"93": "E"}, {"93": "E"}, {"93": "E"}, {"93": "E"}, {"93": "E"}, {"93": "E"}, {"93": "E"}, {"93": "E"}, {"93": "E"}, {"93": "E"}, {"93": "E"}, {"93": "E"}, {"93": "E"}, {"93": "E"}, {"93": "E"}, {"93": "E"}, {"93": "E"}, {"93": "E"}, {"93": "E"}, {"93": "E"}, {"93": "E"}, {"93": "E"}, {"93": "E"}, {"93": "E"}, {"93": "S"}, {"93": "S"}, {"93": "S"}, {"93": "E"}, {"93": "S"}, {"93": "E"}, {"93": "S"}, {"93": "E"}, {"93": "E"}, {"93": "S"}, {"93": "S"}, {"93": "E"}, {"93": "E"}, {"93": "S"}, {"93": "S"}, {"69": "S"}, {"69": "E"}, {"69": "E"}, {"69": "E"}, {"69": "E"}, {"69": "E"}, {"69": "E"}, {"69": "E"}, {"69": "E"}, {"69": "E"}, {"69": "N"}, {"69": "N"}, {"69": "N"}, {"69": "N"}, {"69": "N"}, {"69": "E"}, {"69": "E"}, {"69": "E"}, {"69": "E"}, {"69": "E"}, {"69": "E"}, {"69": "N"}, {"69": "N"}, {"69": "N"}, {"69": "N"}, {"69": "N"}, {"69": "N"}, {"69": "N"}, {"65": "W"}, {"65": "S"}, {"65": "S"}, {"65": "S"}, {"65": "S"}, {"65": "S"}, {"65": "S"}, {"65": "W"}, {"20": "W"}, {"20": "N"}, {"20": "N"}, {"20": "N"}, {"20": "N"}, {"20": "N"}, {"20": "N"}, {"20": "N"}, {"20": "W"}, {"20": "W"}, {"20": "W"}, {"20": "W"}, {"20": "W"}, {"20": "W"}, {"20": "W"}, {"20": "S"}, {"182": "N"}, {"182": "E"}, {"182": "E"}, {"182": "E"}, {"182": "E"}, {"182": "E"}, {"182": "E"}, {"182": "E"}, {"182": "E"}, {"182": "E"}, {"182": "E"}, {"182": "E"}, {"182": "E"}, {"182": "E"}, {"182": "E"}, {"182": "E"}, {"182": "E"}, {"182": "E"}, {"182": "E"}, {"182": "E"}, {"179": "S"}, {"179": "E"}, {"179": "E"}, {"179": "E"}, {"179": "E"}, {"179": "E"}, {"179": "E"}, {"179": "E"}, {"179": "E"}, {"179": "E"}, {"179": "E"}, {"179": "E"}, {"179": "E"}, {"179": "E"}, {"179": "E"}, {"179": "E"}, {"179": "S"}, {"179": "E"}, {"179": "S"}, {"179": "E"}, {"155": "N"}, {"155": "E"}, {"155": "E"}, {"155": "E"}, {"155": "E"}, {"155": "E"}, {"155": "E"}, {"155": "E"}, {"155": "E"}, {"155": "E"}, {"155": "E"}, {"155": "E"}, {"155": "E"}, {"155": "E"}, {"155": "E"}, {"155": "E"}, {"155": "E"}, {"155": "E"}, {"155": "E"}, {"155": "E"}, {"155": "E"}, {"155": "N"}, {"155": "N"}, {"155": "N"}, {"155": "N"}, {"155": "N"}, {"155": "N"}, {"155": "E"}, {"97": "S"}, {"97": "E"}, {"97": "E"}, {"97": "E"}, {"97": "E"}, {"97": "E"}, {"97": "E"}, {"97": "E"}, {"97": "E"}, {"97": "E"}, {"97": "E"}, {"97": "E"}, {"97": "E"}, {"97": "E"}, {"97": "E"}, {"97": "E"}, {"97": "E"}, {"97": "N"}, {"97": "N"}, {"74": "N"}, {"74": "W"}, {"74": "W"}, {"74": "W"}, {"74": "W"}, {"74": "S"}, {"74": "S"}, {"74": "S"}, {"74": "S"}, {"74": "W"}, {"57": "W"}, {"57": "S"}, {"57": "S"}, {"57": "S"}, {"57": "S"}, {"57": "S"}, {"57": "E"}, {"57": "S"}, {"57": "S"}, {"57": "S"}, {"57": "S"}, {"57": "E"}, {"57": "E"}, {"57": "S"}, {"57": "S"}, {"57": "S"}, {"57": "E"}, {"57": "E"}, {"57": "E"}, {"57": "E"}, {"57": "S"}, {"57": "S"}, {"57": "E"}, {"57": "S"}, {"57": "E"}, {"57": "S"}, {"57": "E"}, {"57": "E"}, {"57": "S"}, {"57": "E"}, {"57": "E"}, {"57": "S"}, {"57": "S"}, {"57": "E"}, {"43": "E"}, {"43": "N"}, {"43": "E"}, {"43": "E"}, {"43": "E"}, {"43": "E"}, {"43": "E"}, {"43": "E"}, {"43": "E"}, {"43": "N"}, {"43": "N"}, {"43": "N"}, {"43": "N"}, {"43": "N"}, {"43": "N"}, {"43": "N"}, {"43": "N"}, {"43": "N"}, {"43": "N"}, {"43": "N"}, {"43": "N"}, {"43": "N"}, {"43": "N"}, {"26": "W"}, {"26": "N"}, {"26": "N"}, {"26": "E"}, {"26": "E"}, {"26": "E"}, {"26": "E"}, {"26": "E"}, {"26": "E"}, {"26": "E"}, {"26": "E"}, {"26": "E"}, {"26": "E"}, {"26": "E"}, {"26": "E"}, {"26": "N"}, {"26": "N"}, {"26": "N"}, {"26": "N"}, {"26": "N"}, {"26": "N"}, {"26": "N"}, {"26": "N"}, {"26": "N"}, {"25": "S"}, {"25": "E"}, {"25": "E"}, {"25": "E"}, {"25": "E"}, {"25": "E"}, {"25": "E"}, {"25": "E"}, {"25": "E"}, {"25": "E"}, {"25": "E"}, {"25": "E"}, {"25": "E"}, {"25": "E"}, {"25": "E"}, {"25": "E"}, {"25": "E"}, {"25": "E"}, {"25": "E"}, {"25": "E"}, {"25": "E"}, {"25": "E"}, {"25": "E"}, {"25": "S"}, {"25": "E"}, {"25": "E"}, {"25": "S"}, {"25": "S"}, {"25": "E"}, {"25": "E"}, {"25": "S"}, {"25": "S"}, {"168": "S"}, {"168": "W"}, {"168": "W"}, {"168": "W"}, {"168": "S"}, {"168": "S"}, {"168": "S"}, {"168": "S"}, {"168": "S"}, {"168": "S"}, {"168": "S"}, {"168": "S"}, {"168": "S"}, {"168": "S"}, {"168": "S"}, {"168": "W"}, {"168": "W"}, {"168": "W"}, {"168": "W"}, {"168": "W"}, {"168": "W"}, {"168": "W"}, {"168": "W"}, {"168": "W"}, {"168": "N"}, {"168": "N"}, {"168": "N"}, {"168": "N"}, {"168": "N"}, {"168": "N"}, {"168": "N"}, {"168": "N"}, {"168": "N"}, {"168": "N"}, {"150": "S"}, {"150": "W"}, {"150": "W"}, {"150": "W"}, {"150": "W"}, {"150": "W"}, {"150": "W"}, {"150": "W"}, {"150": "W"}, {"150": "W"}, {"150": "W"}, {"150": "S"}, {"150": "S"}, {"150": "S"}, {"150": "S"}, {"150": "E"}, {"150": "E"}, {"150": "S"}, {"150": "S"}, {"150": "S"}, {"150": "E"}, {"150": "E"}, {"150": "E"}, {"150": "S"}, {"150": "S"}, {"150": "E"}, {"150": "E"}, {"145": "E"}, {"145": "N"}, {"145": "N"}, {"145": "E"}, {"145": "N"}, {"145": "N"}, {"145": "N"}, {"145": "N"}, {"145": "N"}, {"145": "N"}, {"145": "N"}, {"145": "N"}, {"145": "N"}, {"145": "N"}, {"145": "E"}, {"145": "E"}, {"145": "N"}, {"145": "N"}, {"145": "N"}, {"145": "N"}, {"142": "N"}, {"142": "W"}, {"142": "W"}, {"142": "S"}, {"142": "S"}, {"142": "S"}, {"142": "S"}, {"142": "S"}, {"142": "W"}, {"142": "W"}, {"142": "W"}, {"142": "W"}, {"142": "W"}, {"142": "W"}, {"142": "N"}, {"142": "N"}, {"142": "N"}, {"142": "N"}, {"142": "N"}, {"142": "N"}, {"142": "N"}, {"134": "N"}, {"134": "N"}, {"134": "N"}, {"134": "N"}, {"134": "N"}, {"134": "N"}, {"134": "N"}, {"134": "N"}, {"134": "W"}, {"134": "N"}, {"134": "N"}, {"134": "N"}, {"134": "N"}, {"134": "W"}, {"134": "W"}, {"134": "W"}, {"134": "N"}, {"134": "N"}, {"134": "N"}, {"134": "N"}, {"134": "N"}, {"134": "N"}, {"134": "N"}, {"134": "N"}, {"134": "N"}, {"121": "S"}, {"121": "E"}, {"121": "E"}, {"121": "E"}, {"121": "E"}, {"121": "E"}, {"121": "E"}, {"121": "E"}, {"121": "E"}, {"121": "E"}, {"121": "E"}, {"121": "E"}, {"121": "E"}, {"121": "E"}, {"121": "E"}, {"121": "N"}, {"121": "N"}, {"121": "N"}, {"121": "N"}, {"121": "N"}, {"121": "N"}, {"102": "S"}, {"102": "E"}, {"102": "E"}, {"102": "E"}, {"102": "E"}, {"102": "E"}, {"102": "E"}, {"102": "E"}, {"102": "E"}, {"102": "E"}, {"102": "E"}, {"102": "E"}, {"102": "E"}, {"102": "E"}, {"102": "E"}, {"102": "E"}, {"102": "E"}, {"102": "E"}, {"102": "E"}, {"102": "E"}, {"102": "E"}, {"102": "E"}, {"102": "S"}, {"102": "S"}, {"102": "E"}, {"102": "E"}, {"102": "S"}, {"102": "E"}, {"102": "S"}, {"102": "S"}, {"102": "S"}, {"102": "E"}, {"96": "W"}, {"96": "N"}, {"96": "N"}, {"96": "N"}, {"96": "N"}, {"96": "N"}, {"96": "W"}, {"96": "W"}, {"96": "W"}, {"96": "W"}, {"96": "N"}, {"96": "N"}, {"96": "N"}, {"96": "N"}, {"96": "W"}, {"96": "N"}, {"96": "W"}, {"96": "W"}, {"96": "W"}, {"96": "N"}, {"96": "W"}, {"96": "W"}, {"96": "W"}, {"96": "W"}, {"96": "W"}, {"96": "W"}, {"96": "W"}, {"96": "S"}, {"83": "S"}, {"83": "W"}, {"83": "W"}, {"83": "W"}, {"83": "S"}, {"83": "S"}, {"83": "S"}, {"83": "S"}, {"83": "S"}, {"83": "W"}, {"81": "S"}, {"81": "E"}, {"81": "E"}, {"81": "E"}, {"81": "E"}, {"81": "E"}, {"81": "E"}, {"81": "S"}, {"81": "S"}, {"81": "S"}, {"81": "S"}, {"81": "S"}, {"81": "S"}, {"81": "S"}, {"81": "S"}, {"81": "S"}, {"81": "S"}, {"81": "S"}, {"81": "S"}, {"81": "S"}, {"81": "S"}, {"81": "S"}, {"81": "S"}, {"81": "S"}, {"81": "S"}, {"81": "S"}, {"81": "W"}, {"81": "W"}, {"81": "N"}, {"81": "N"}, {"77": "W"}, {"77": "S"}, {"77": "W"}, {"77": "S"}, {"77": "S"}, {"77": "E"}, {"77": "S"}, {"77": "E"}, {"77": "S"}, {"77": "E"}, {"77": "S"}, {"77": "E"}, {"77": "S"}, {"77": "S"}, {"77": "E"}, {"77": "E"}, {"77": "S"}, {"77": "E"}, {"77": "S"}, {"77": "E"}, {"77": "S"}, {"77": "E"}, {"77": "E"}, {"42": "S"}, {"42": "E"}, {"42": "E"}, {"42": "E"}, {"42": "E"}, {"42": "E"}, {"42": "E"}, {"42": "E"}, {"42": "E"}, {"42": "E"}, {"42": "E"}, {"42": "E"}, {"42": "E"}, {"42": "E"}, {"42": "E"}, {"42": "E"}, {"42": "N"}, {"42": "N"}, {"42": "E"}, {"42": "E"}, {"42": "E"}, {"42": "E"}, {"42": "E"}, {"42": "S"}, {"42": "E"}, {"42": "E"}, {"40": "S"}, {"40": "W"}, {"40": "W"}, {"40": "W"}, {"40": "W"}, {"40": "W"}, {"40": "W"}, {"40": "S"}, {"40": "S"}, {"40": "E"}, {"40": "S"}, {"40": "E"}, {"40": "S"}, {"40": "E"}, {"40": "S"}, {"40": "E"}, {"40": "S"}, {"40": "S"}, {"40": "E"}, {"40": "E"}, {"40": "S"}, {"40": "E"}, {"40": "S"}, {"40": "E"}, {"40": "S"}, {"40": "E"}, {"40": "S"}, {"40": "E"}, {"40": "S"}, {"40": "E"}, {"40": "S"}, {"40": "E"}, {"40": "E"}, {"29": "S"}, {"29": "W"}, {"29": "W"}, {"29": "W"}, {"29": "W"}, {"29": "S"}, {"29": "S"}, {"29": "S"}, {"29": "S"}, {"29": "S"}, {"29": "S"}, {"29": "W"}, {"29": "W"}, {"29": "W"}, {"29": "W"}, {"29": "N"}, {"29": "N"}, {"29": "N"}, {"29": "N"}, {"29": "N"}, {"29": "E"}, {"165": "E"}, {"165": "E"}, {"165": "E"}, {"165": "E"}, {"165": "E"}, {"165": "E"}, {"165": "E"}, {"165": "E"}, {"165": "E"}, {"165": "E"}, {"165": "E"}, {"165": "E"}, {"162": "N"}, {"162": "E"}, {"162": "E"}, {"162": "E"}, {"162": "E"}, {"162": "E"}, {"162": "E"}, {"162": "E"}, {"162": "E"}, {"162": "E"}, {"162": "E"}, {"162": "E"}, {"162": "E"}, {"162": "E"}, {"162": "E"}, {"162": "E"}, {"162": "E"}, {"162": "E"}, {"162": "E"}, {"162": "N"}, {"156": "S"}, {"156": "E"}, {"156": "E"}, {"156": "E"}, {"156": "E"}, {"156": "E"}, {"156": "E"}, {"156": "E"}, {"156": "E"}, {"156": "E"}, {"156": "E"}, {"156": "E"}, {"156": "E"}, {"156": "E"}, {"156": "E"}, {"156": "E"}, {"156": "E"}, {"156": "S"}, {"156": "E"}, {"156": "E"}, {"156": "E"}, {"156": "E"}, {"156": "E"}, {"156": "E"}, {"156": "E"}, {"156": "E"}, {"122": "N"}, {"122": "E"}, {"122": "E"}, {"122": "E"}, {"122": "E"}, {"122": "E"}, {"122": "E"}, {"122": "E"}, {"122": "E"}, {"122": "E"}, {"122": "E"}, {"122": "E"}, {"122": "E"}, {"122": "E"}, {"122": "E"}, {"122": "E"}, {"122": "E"}, {"122": "E"}, {"122": "E"}, {"122": "E"}, {"122": "E"}, {"122": "E"}, {"122": "S"}, {"122": "E"}, {"122": "S"}, {"122": "E"}, {"118": "E"}, {"118": "E"}, {"118": "E"}, {"118": "E"}, {"118": "E"}, {"118": "E"}, {"118": "E"}, {"118": "E"}, {"118": "N"}, {"118": "N"}, {"118": "N"}, {"118": "E"}, {"118": "E"}, {"118": "E"}, {"118": "E"}, {"118": "E"}, {"118": "E"}, {"118": "E"}, {"118": "E"}, {"118": "E"}, {"118": "S"}, {"118": "E"}, {"118": "S"}, {"99": "W"}, {"99": "N"}, {"99": "N"}, {"99": "N"}, {"99": "E"}, {"99": "E"}, {"99": "E"}, {"99": "E"}, {"99": "E"}, {"99": "N"}, {"99": "N"}, {"99": "N"}, {"99": "N"}, {"99": "N"}, {"99": "N"}, {"99": "N"}, {"99": "N"}, {"99": "N"}, {"99": "N"}, {"99": "N"}, {"47": "S"}, {"47": "W"}, {"47": "W"}, {"47": "W"}, {"47": "W"}, {"47": "W"}, {"47": "S"}, {"47": "S"}, {"47": "S"}, {"47": "S"}, {"47": "S"}, {"47": "S"}, {"47": "W"}, {"45": "N"}, {"45": "E"}, {"45": "E"}, {"45": "E"}, {"45": "E"}, {"45": "E"}, {"45": "E"}, {"45": "E"}, {"45": "E"}, {"45": "E"}, {"45": "E"}, {"45": "E"}, {"45": "E"}, {"45": "S"}, {"45": "S"}, {"45": "E"}, {"45": "S"}, {"45": "E"}, {"45": "S"}, {"45": "E"}, {"45": "E"}, {"45": "S"}, {"45": "S"}, {"45": "E"}, {"45": "E"}, {"45": "S"}, {"45": "S"}, {"45": "S"}, {"45": "S"}, {"45": "E"}, {"45": "E"}, {"45": "S"}, {"45": "E"}, {"44": "N"}, {"44": "E"}, {"44": "E"}, {"44": "E"}, {"44": "E"}, {"44": "E"}, {"44": "E"}, {"44": "E"}, {"44": "E"}, {"44": "E"}, {"44": "E"}, {"44": "E"}, {"44": "E"}, {"44": "E"}, {"44": "E"}, {"44": "E"}, {"44": "N"}, {"44": "N"}, {"37": "S"}, {"37": "W"}, {"37": "W"}, {"37": "W"}, {"37": "W"}, {"37": "W"}, {"37": "W"}, {"37": "N"}, {"37": "N"}, {"37": "N"}, {"37": "N"}, {"37": "N"}, {"37": "N"}, {"37": "W"}, {"37": "W"}, {"37": "W"}, {"37": "W"}, {"37": "N"}, {"37": "N"}, {"37": "N"}, {"37": "N"}, {"37": "W"}, {"37": "N"}, {"37": "W"}, {"37": "W"}, {"37": "W"}, {"37": "N"}, {"37": "W"}, {"37": "W"}, {"37": "W"}, {"37": "W"}, {"37": "W"}, {"37": "W"}, {"37": "W"}, {"37": "N"}, {"37": "W"}, {"37": "W"}, {"37": "S"}, {"37": "S"}, {"37": "E"}, {"37": "S"}, {"37": "E"}, {"22": "E"}, {"22": "N"}, {"22": "E"}, {"22": "N"}, {"22": "N"}, {"22": "N"}, {"22": "N"}, {"152": "S"}, {"152": "W"}, {"152": "W"}, {"152": "W"}, {"152": "W"}, {"152": "S"}, {"152": "S"}, {"152": "S"}, {"152": "S"}, {"152": "S"}, {"152": "S"}, {"152": "S"}, {"152": "S"}, {"152": "S"}, {"152": "S"}, {"152": "W"}, {"152": "W"}, {"152": "W"}, {"152": "W"}, {"152": "W"}, {"152": "W"}, {"152": "W"}, {"152": "W"}, {"152": "W"}, {"152": "N"}, {"152": "N"}, {"152": "N"}, {"152": "N"}, {"152": "N"}, {"152": "N"}, {"152": "N"}, {"152": "N"}, {"152": "N"}, {"152": "N"}, {"151": "S"}, {"151": "S"}, {"151": "S"}, {"151": "E"}, {"151": "S"}, {"151": "S"}, {"151": "E"}, {"151": "E"}, {"151": "S"}, {"151": "S"}, {"151": "E"}, {"151": "S"}, {"151": "E"}, {"151": "E"}, {"151": "S"}, {"151": "S"}, {"151": "E"}, {"151": "S"}, {"151": "S"}, {"151": "E"}, {"151": "E"}, {"151": "E"}, {"151": "S"}, {"151": "S"}, {"151": "E"}, {"151": "E"}, {"151": "S"}, {"151": "S"}, {"151": "S"}, {"151": "S"}, {"151": "E"}, {"151": "S"}, {"151": "E"}, {"151": "S"}, {"151": "E"}, {"151": "S"}, {"151": "E"}, {"91": "S"}, {"91": "E"}, {"91": "S"}, {"91": "S"}, {"91": "E"}, {"91": "S"}, {"91": "S"}, {"91": "E"}, {"91": "E"}, {"91": "S"}, {"91": "S"}, {"91": "E"}, {"91": "S"}, {"91": "E"}, {"91": "E"}, {"91": "S"}, {"91": "S"}, {"91": "E"}, {"91": "S"}, {"91": "S"}, {"91": "E"}, {"91": "E"}, {"91": "E"}, {"91": "S"}, {"91": "S"}, {"91": "E"}, {"91": "E"}, {"91": "S"}, {"91": "S"}, {"91": "S"}, {"91": "S"}, {"91": "E"}, {"91": "S"}, {"91": "E"}, {"64": "S"}, {"64": "E"}, {"64": "E"}, {"64": "E"}, {"64": "E"}, {"64": "E"}, {"64": "E"}, {"64": "E"}, {"64": "E"}, {"64": "E"}, {"64": "E"}, {"64": "E"}, {"64": "E"}, {"64": "E"}, {"64": "E"}, {"64": "E"}, {"64": "S"}, {"64": "E"}, {"64": "E"}, {"64": "E"}, {"64": "S"}, {"64": "S"}, {"64": "E"}, {"64": "E"}, {"64": "S"}, {"63": "W"}, {"63": "N"}, {"63": "N"}, {"63": "N"}, {"63": "N"}, {"63": "N"}, {"63": "W"}, {"63": "W"}, {"63": "N"}, {"63": "N"}, {"63": "N"}, {"63": "N"}, {"63": "N"}, {"63": "N"}, {"63": "N"}, {"63": "N"}, {"63": "N"}, {"63": "N"}, {"63": "E"}, {"63": "N"}, {"63": "N"}, {"63": "N"}, {"55": "S"}, {"55": "E"}, {"55": "E"}, {"55": "E"}, {"55": "E"}, {"55": "E"}, {"55": "E"}, {"55": "E"}, {"55": "E"}, {"55": "E"}, {"55": "N"}, {"55": "N"}, {"55": "E"}, {"55": "E"}, {"55": "E"}, {"55": "E"}, {"55": "E"}, {"55": "E"}, {"55": "E"}, {"55": "E"}, {"55": "S"}, {"55": "E"}, {"55": "S"}, {"50": "W"}, {"50": "S"}, {"50": "S"}, {"50": "S"}, {"50": "S"}, {"50": "S"}, {"50": "S"}, {"50": "S"}, {"50": "W"}, {"50": "S"}, {"50": "S"}, {"50": "E"}, {"50": "S"}, {"50": "S"}, {"50": "E"}, {"50": "E"}, {"50": "S"}, {"50": "S"}, {"50": "E"}, {"50": "S"}, {"50": "E"}, {"50": "S"}, {"50": "S"}, {"50": "E"}, {"50": "E"}, {"50": "S"}, {"50": "S"}, {"50": "E"}, {"50": "E"}, {"50": "E"}, {"50": "S"}, {"50": "S"}, {"50": "E"}, {"50": "S"}, {"50": "S"}, {"50": "S"}, {"50": "S"}, {"50": "E"}, {"50": "E"}, {"50": "S"}, {"50": "S"}, {"50": "E"}, {"50": "E"}, {"23": "E"}, {"23": "S"}, {"23": "S"}, {"23": "S"}, {"23": "W"}, {"23": "W"}, {"23": "W"}, {"23": "W"}, {"23": "W"}, {"23": "W"}, {"23": "W"}, {"23": "W"}, {"23": "W"}, {"23": "W"}, {"23": "S"}, {"23": "S"}, {"23": "E"}, {"23": "S"}, {"23": "S"}, {"23": "E"}, {"23": "E"}, {"23": "S"}, {"23": "S"}, {"23": "E"}, {"23": "S"}, {"23": "E"}, {"23": "S"}, {"23": "S"}, {"23": "E"}, {"23": "E"}, {"23": "S"}, {"23": "S"}, {"23": "E"}, {"23": "E"}, {"23": "E"}, {"23": "S"}, {"23": "S"}, {"23": "E"}, {"23": "S"}, {"23": "S"}, {"21": "N"}, {"21": "W"}, {"21": "W"}, {"21": "S"}, {"21": "S"}, {"21": "S"}, {"21": "S"}, {"21": "S"}, {"21": "S"}, {"21": "S"}, {"21": "S"}, {"21": "S"}, {"21": "S"}, {"21": "S"}, {"21": "W"}, {"21": "W"}, {"21": "W"}, {"21": "W"}, {"21": "W"}, {"21": "W"}, {"21": "W"}, {"21": "W"}, {"21": "W"}, {"21": "N"}, {"21": "N"}, {"21": "N"}, {"21": "N"}, {"21": "N"}, {"21": "N"}, {"21": "N"}, {"21": "N"}, {"21": "N"}, {"21": "N"}, {"21": "W"}, {"21": "N"}, {"21": "N"}, {"181": "N"}, {"181": "E"}, {"181": "E"}, {"181": "E"}, {"181": "E"}, {"181": "E"}, {"181": "E"}, {"181": "E"}, {"181": "E"}, {"181": "E"}, {"181": "E"}, {"181": "E"}, {"181": "E"}, {"181": "E"}, {"181": "E"}, {"181": "E"}, {"181": "N"}, {"181": "N"}, {"181": "N"}, {"169": "N"}, {"169": "W"}, {"169": "W"}, {"169": "N"}, {"169": "W"}, {"169": "W"}, {"169": "W"}, {"169": "W"}, {"169": "W"}, {"169": "W"}, {"169": "W"}, {"169": "N"}, {"169": "N"}, {"169": "N"}, {"169": "N"}, {"169": "W"}, {"169": "N"}, {"169": "W"}, {"169": "W"}, {"169": "W"}, {"169": "N"}, {"169": "W"}, {"169": "W"}, {"169": "W"}, {"169": "W"}, {"169": "W"}, {"169": "W"}, {"169": "W"}, {"169": "N"}, {"169": "W"}, {"169": "W"}, {"169": "S"}, {"169": "S"}, {"169": "S"}, {"169": "S"}, {"169": "S"}, {"169": "E"}, {"169": "E"}, {"169": "E"}, {"169": "S"}, {"169": "E"}, {"169": "S"}, {"154": "N"}, {"154": "E"}, {"154": "E"}, {"154": "E"}, {"154": "N"}, {"154": "N"}, {"154": "N"}, {"154": "N"}, {"154": "N"}, {"154": "N"}, {"154": "N"}, {"154": "N"}, {"154": "N"}, {"154": "N"}, {"154": "E"}, {"154": "E"}, {"154": "N"}, {"127": "N"}, {"127": "E"}, {"127": "E"}, {"127": "E"}, {"127": "E"}, {"127": "E"}, {"127": "E"}, {"127": "E"}, {"127": "E"}, {"127": "E"}, {"127": "E"}, {"127": "E"}, {"127": "E"}, {"127": "E"}, {"127": "E"}, {"127": "E"}, {"127": "S"}, {"127": "E"}, {"127": "E"}, {"127": "E"}, {"127": "E"}, {"127": "S"}, {"127": "S"}, {"127": "S"}, {"127": "S"}, {"127": "S"}, {"127": "E"}, {"127": "S"}, {"127": "E"}, {"127": "E"}, {"127": "S"}, {"127": "S"}, {"127": "E"}, {"126": "E"}, {"126": "N"}, {"126": "N"}, {"126": "W"}, {"126": "W"}, {"126": "W"}, {"126": "N"}, {"126": "N"}, {"126": "N"}, {"126": "N"}, {"126": "N"}, {"126": "N"}, {"126": "N"}, {"126": "N"}, {"108": "S"}, {"108": "W"}, {"108": "W"}, {"108": "W"}, {"108": "S"}, {"108": "S"}, {"108": "S"}, {"108": "S"}, {"108": "S"}, {"108": "S"}, {"108": "S"}, {"108": "S"}, {"108": "S"}, {"108": "S"}, {"108": "S"}, {"108": "W"}, {"108": "W"}, {"108": "W"}, {"108": "W"}, {"108": "W"}, {"108": "N"}, {"108": "N"}, {"108": "N"}, {"108": "N"}, {"107": "S"}, {"107": "W"}, {"107": "S"}, {"107": "W"}, {"107": "W"}, {"107": "W"}, {"107": "W"}, {"107": "W"}, {"107": "S"}, {"107": "S"}, {"107": "S"}, {"107": "S"}, {"107": "S"}, {"107": "W"}, {"107": "W"}, {"107": "W"}, {"107": "W"}, {"107": "N"}, {"107": "N"}, {"107": "N"}, {"90": "E"}, {"90": "E"}, {"90": "E"}, {"90": "E"}, {"90": "E"}, {"90": "S"}, {"90": "S"}, {"90": "S"}, {"90": "S"}, {"90": "S"}, {"90": "E"}, {"90": "E"}, {"90": "E"}, {"90": "S"}, {"90": "S"}, {"90": "S"}, {"90": "E"}, {"90": "E"}, {"90": "S"}, {"90": "E"}, {"90": "S"}, {"90": "S"}, {"90": "E"}, {"90": "E"}, {"76": "E"}, {"76": "S"}, {"76": "S"}, {"76": "W"}, {"76": "W"}, {"76": "W"}, {"76": "W"}, {"76": "W"}, {"76": "W"}, {"76": "W"}, {"76": "W"}, {"76": "W"}, {"76": "W"}, {"76": "S"}, {"76": "S"}, {"76": "S"}, {"76": "S"}, {"76": "S"}, {"76": "E"}, {"76": "E"}, {"76": "E"}, {"76": "S"}, {"76": "S"}, {"76": "S"}, {"76": "E"}, {"76": "E"}, {"76": "S"}, {"76": "S"}, {"76": "S"}, {"76": "S"}, {"76": "S"}, {"76": "S"}, {"76": "E"}, {"76": "E"}, {"76": "E"}, {"76": "E"}, {"76": "E"}, {"76": "S"}, {"49": "W"}, {"49": "S"}, {"49": "S"}, {"49": "S"}, {"49": "S"}, {"49": "S"}, {"49": "S"}, {"49": "S"}, {"49": "S"}, {"49": "S"}, {"49": "S"}, {"49": "W"}, {"49": "W"}, {"49": "W"}, {"49": "W"}, {"49": "W"}, {"49": "W"}, {"49": "N"}, {"49": "N"}, {"49": "N"}, {"49": "N"}, {"49": "N"}, {"0": "N"}, {"0": "E"}, {"0": "E"}, {"0": "E"}, {"0": "E"}, {"0": "E"}, {"0": "E"}, {"0": "E"}, {"0": "E"}, {"0": "E"}, {"0": "E"}, {"0": "E"}, {"0": "E"}, {"0": "E"}, {"0": "S"}, {"0": "E"}, {"0": "E"}, {"0": "E"}, {"0": "E"}, {"0": "N"}, {"0": "N"}, {"185": "E"}, {"185": "E"}, {"185": "E"}, {"185": "E"}, {"185": "E"}, {"185": "S"}, {"185": "S"}, {"185": "S"}, {"185": "S"}, {"185": "S"}, {"185": "S"}, {"185": "S"}, {"185": "S"}, {"185": "S"}, {"185": "S"}, {"185": "S"}, {"185": "S"}, {"185": "S"}, {"185": "S"}, {"185": "S"}, {"185": "S"}, {"185": "S"}, {"185": "S"}, {"185": "S"}, {"185": "S"}, {"185": "S"}, {"185": "S"}, {"185": "S"}, {"185": "W"}, {"185": "W"}, {"185": "W"}, {"185": "W"}, {"185": "W"}, {"185": "W"}, {"185": "W"}, {"185": "N"}, {"185": "N"}, {"185": "N"}, {"185": "N"}, {"185": "N"}, {"184": "N"}, {"184": "W"}, {"184": "W"}, {"184": "W"}, {"184": "W"}, {"184": "W"}, {"184": "W"}, {"184": "S"}, {"184": "S"}, {"184": "S"}, {"184": "S"}, {"184": "S"}, {"184": "S"}, {"184": "S"}, {"184": "S"}, {"184": "S"}, {"184": "S"}, {"184": "S"}, {"184": "W"}, {"184": "W"}, {"184": "W"}, {"184": "W"}, {"184": "W"}, {"184": "W"}, {"184": "W"}, {"184": "W"}, {"184": "W"}, {"184": "W"}, {"184": "W"}, {"184": "W"}, {"184": "N"}, {"184": "N"}, {"184": "N"}, {"184": "N"}, {"184": "N"}, {"184": "N"}, {"184": "N"}, {"184": "N"}, {"184": "N"}, {"184": "N"}, {"184": "E"}, {"184": "E"}, {"175": "S"}, {"175": "W"}, {"175": "W"}, {"175": "W"}, {"175": "W"}, {"175": "W"}, {"175": "W"}, {"175": "W"}, {"175": "S"}, {"175": "S"}, {"175": "S"}, {"175": "S"}, {"175": "S"}, {"175": "S"}, {"175": "S"}, {"175": "S"}, {"175": "W"}, {"175": "W"}, {"175": "W"}, {"175": "W"}, {"175": "W"}, {"175": "W"}, {"175": "W"}, {"175": "W"}, {"175": "W"}, {"175": "W"}, {"175": "W"}, {"175": "W"}, {"175": "N"}, {"175": "N"}, {"175": "N"}, {"175": "N"}, {"175": "N"}, {"175": "N"}, {"175": "N"}, {"175": "W"}, {"175": "N"}, {"175": "N"}, {"175": "N"}, {"175": "N"}, {"175": "W"}, {"175": "N"}, {"175": "N"}, {"175": "N"}, {"159": "E"}, {"159": "N"}, {"159": "N"}, {"159": "E"}, {"159": "E"}, {"159": "E"}, {"159": "E"}, {"159": "N"}, {"130": "S"}, {"130": "E"}, {"130": "E"}, {"130": "E"}, {"130": "E"}, {"130": "E"}, {"130": "E"}, {"130": "E"}, {"130": "E"}, {"130": "E"}, {"130": "E"}, {"130": "E"}, {"130": "S"}, {"130": "E"}, {"130": "E"}, {"130": "E"}, {"130": "S"}, {"130": "S"}, {"130": "S"}, {"130": "S"}, {"130": "S"}, {"130": "S"}, {"130": "E"}, {"130": "E"}, {"130": "E"}, {"130": "E"}, {"130": "S"}, {"106": "N"}, {"106": "W"}, {"106": "W"}, {"106": "W"}, {"106": "W"}, {"106": "W"}, {"106": "W"}, {"106": "W"}, {"106": "N"}, {"106": "N"}, {"106": "N"}, {"106": "N"}, {"106": "N"}, {"106": "N"}, {"106": "W"}, {"106": "W"}, {"106": "W"}, {"106": "W"}, {"106": "N"}, {"106": "N"}, {"106": "N"}, {"106": "N"}, {"106": "W"}, {"106": "N"}, {"106": "W"}, {"106": "W"}, {"106": "W"}, {"106": "N"}, {"106": "W"}, {"106": "W"}, {"106": "W"}, {"106": "W"}, {"106": "W"}, {"106": "W"}, {"106": "W"}, {"106": "N"}, {"106": "W"}, {"106": "W"}, {"106": "W"}, {"106": "W"}, {"106": "S"}, {"106": "S"}, {"85": "S"}, {"85": "E"}, {"85": "E"}, {"85": "E"}, {"85": "E"}, {"85": "E"}, {"85": "E"}, {"85": "E"}, {"85": "E"}, {"85": "E"}, {"85": "E"}, {"85": "E"}, {"85": "E"}, {"85": "E"}, {"85": "E"}, {"85": "E"}, {"85": "E"}, {"85": "E"}, {"85": "S"}, {"85": "E"}, {"85": "E"}, {"85": "E"}, {"85": "S"}, {"85": "S"}, {"85": "E"}, {"85": "S"}, {"85": "E"}, {"85": "E"}, {"85": "S"}, {"85": "E"}, {"68": "E"}, {"68": "E"}, {"68": "E"}, {"68": "E"}, {"68": "E"}, {"68": "E"}, {"68": "E"}, {"68": "E"}, {"68": "E"}, {"68": "S"}, {"68": "S"}, {"68": "S"}, {"68": "S"}, {"68": "S"}, {"68": "S"}, {"68": "S"}, {"68": "S"}, {"68": "S"}, {"68": "S"}, {"68": "S"}, {"68": "S"}, {"68": "S"}, {"68": "S"}, {"68": "S"}, {"68": "S"}, {"68": "S"}, {"68": "S"}, {"68": "S"}, {"68": "S"}, {"68": "S"}, {"68": "S"}, {"68": "S"}, {"68": "S"}, {"68": "S"}, {"68": "W"}, {"68": "W"}, {"68": "W"}, {"68": "W"}, {"68": "N"}, {"68": "N"}, {"48": "W"}, {"48": "S"}, {"48": "S"}, {"48": "S"}, {"48": "S"}, {"48": "S"}, {"48": "S"}, {"48": "S"}, {"48": "S"}, {"48": "S"}, {"48": "S"}, {"48": "S"}, {"48": "S"}, {"48": "W"}, {"48": "W"}, {"48": "W"}, {"48": "W"}, {"48": "W"}, {"48": "W"}, {"48": "W"}, {"48": "W"}, {"48": "W"}, {"48": "W"}, {"48": "W"}, {"48": "W"}, {"48": "N"}, {"48": "N"}, {"48": "N"}, {"48": "N"}, {"48": "N"}, {"48": "N"}, {"48": "N"}, {"48": "N"}, {"48": "N"}, {"48": "N"}, {"48": "E"}, {"48": "N"}, {"38": "N"}, {"38": "E"}, {"38": "E"}, {"38": "E"}, {"38": "E"}, {"38": "E"}, {"38": "E"}, {"38": "E"}, {"38": "E"}, {"38": "E"}, {"38": "E"}, {"38": "E"}, {"38": "E"}, {"38": "S"}, {"38": "E"}, {"38": "E"}, {"38": "E"}, {"38": "S"}, {"38": "S"}, {"38": "S"}, {"38": "S"}, {"38": "S"}, {"38": "S"}, {"38": "E"}, {"38": "E"}, {"38": "E"}, {"38": "S"}, {"38": "S"}, {"38": "E"}, {"38": "S"}, {"38": "E"}, {"38": "E"}, {"28": "N"}, {"28": "W"}, {"28": "W"}, {"28": "W"}, {"28": "N"}, {"28": "N"}, {"28": "N"}, {"28": "W"}, {"28": "W"}, {"28": "W"}, {"28": "W"}, {"28": "N"}, {"28": "N"}, {"28": "N"}, {"28": "N"}, {"28": "W"}, {"28": "N"}, {"28": "W"}, {"28": "W"}, {"28": "W"}, {"28": "N"}, {"28": "W"}, {"28": "W"}, {"28": "W"}, {"28": "W"}, {"28": "W"}, {"28": "W"}, {"28": "W"}, {"28": "N"}, {"28": "W"}, {"28": "W"}, {"28": "S"}, {"28": "S"}, {"28": "S"}, {"28": "S"}, {"4": "N"}, {"4": "E"}, {"4": "E"}, {"4": "E"}, {"4": "E"}, {"4": "E"}, {"4": "E"}, {"4": "E"}, {"4": "E"}, {"4": "E"}, {"4": "E"}, {"4": "E"}, {"4": "E"}, {"4": "E"}, {"4": "E"}, {"4": "S"}, {"4": "E"}, {"4": "E"}, {"4": "E"}, {"4": "S"}, {"4": "S"}, {"4": "S"}, {"4": "S"}, {"4": "S"}, {"4": "S"}, {"4": "E"}, {"4": "E"}, {"4": "E"}, {"4": "E"}, {"4": "E"}, {"178": "W"}, {"178": "N"}, {"178": "N"}, {"178": "N"}, {"178": "N"}, {"178": "W"}, {"178": "W"}, {"178": "W"}, {"178": "W"}, {"178": "N"}, {"178": "N"}, {"178": "N"}, {"178": "N"}, {"178": "N"}, {"178": "N"}, {"178": "N"}, {"178": "N"}, {"178": "N"}, {"178": "N"}, {"178": "N"}, {"178": "E"}, {"178": "N"}, {"178": "N"}, {"178": "N"}, {"178": "N"}, {"147": "S"}, {"147": "E"}, {"147": "E"}, {"147": "E"}, {"147": "E"}, {"147": "E"}, {"147": "E"}, {"147": "E"}, {"147": "E"}, {"147": "E"}, {"147": "E"}, {"147": "E"}, {"147": "E"}, {"147": "E"}, {"147": "E"}, {"147": "S"}, {"147": "S"}, {"147": "S"}, {"147": "S"}, {"147": "E"}, {"147": "E"}, {"147": "E"}, {"147": "S"}, {"147": "S"}, {"147": "E"}, {"147": "S"}, {"147": "E"}, {"147": "S"}, {"147": "E"}, {"147": "S"}, {"147": "E"}, {"136": "W"}, {"136": "S"}, {"136": "W"}, {"136": "W"}, {"136": "W"}, {"136": "W"}, {"136": "W"}, {"136": "S"}, {"136": "S"}, {"136": "S"}, {"136": "S"}, {"136": "S"}, {"136": "E"}, {"136": "E"}, {"136": "E"}, {"136": "S"}, {"136": "S"}, {"136": "S"}, {"136": "E"}, {"136": "E"}, {"136": "E"}, {"136": "S"}, {"136": "S"}, {"136": "S"}, {"136": "S"}, {"136": "S"}, {"136": "S"}, {"136": "E"}, {"136": "E"}, {"136": "E"}, {"136": "S"}, {"136": "S"}, {"136": "E"}, {"136": "S"}, {"136": "E"}, {"136": "S"}, {"136": "E"}, {"132": "W"}, {"132": "N"}, {"132": "W"}, {"132": "W"}, {"132": "W"}, {"132": "W"}, {"132": "W"}, {"132": "W"}, {"132": "W"}, {"132": "W"}, {"132": "W"}, {"132": "W"}, {"132": "N"}, {"132": "N"}, {"132": "N"}, {"132": "N"}, {"132": "N"}, {"132": "N"}, {"132": "N"}, {"132": "N"}, {"132": "N"}, {"132": "N"}, {"132": "N"}, {"132": "N"}, {"132": "N"}, {"132": "N"}, {"132": "N"}, {"132": "N"}, {"119": "S"}, {"119": "E"}, {"119": "E"}, {"119": "E"}, {"119": "E"}, {"119": "E"}, {"119": "E"}, {"119": "E"}, {"119": "E"}, {"119": "E"}, {"119": "E"}, {"119": "E"}, {"119": "E"}, {"119": "E"}, {"119": "E"}, {"119": "E"}, {"119": "E"}, {"119": "E"}, {"119": "E"}, {"119": "S"}, {"119": "E"}, {"119": "E"}, {"119": "E"}, {"119": "S"}, {"119": "S"}, {"119": "S"}, {"119": "S"}, {"119": "S"}, {"119": "S"}, {"119": "E"}, {"119": "E"}, {"119": "E"}, {"119": "S"}, {"119": "S"}, {"119": "E"}, {"119": "S"}, {"119": "E"}, {"119": "S"}, {"119": "S"}, {"119": "E"}, {"119": "S"}, {"119": "E"}, {"119": "E"}, {"112": "N"}, {"112": "E"}, {"112": "E"}, {"112": "E"}, {"112": "E"}, {"112": "E"}, {"112": "E"}, {"112": "E"}, {"112": "E"}, {"112": "E"}, {"112": "E"}, {"112": "E"}, {"112": "S"}, {"112": "E"}, {"112": "E"}, {"112": "E"}, {"112": "S"}, {"112": "S"}, {"112": "S"}, {"112": "E"}, {"51": "S"}, {"51": "E"}, {"51": "E"}, {"51": "E"}, {"51": "E"}, {"51": "E"}, {"51": "E"}, {"51": "E"}, {"51": "E"}, {"51": "E"}, {"51": "E"}, {"51": "E"}, {"51": "E"}, {"51": "E"}, {"51": "E"}, {"51": "E"}, {"51": "E"}, {"51": "S"}, {"51": "E"}, {"51": "E"}, {"51": "E"}, {"51": "S"}, {"51": "S"}, {"51": "S"}, {"51": "S"}, {"51": "S"}, {"51": "S"}, {"51": "E"}, {"51": "E"}, {"51": "E"}, {"51": "S"}, {"51": "S"}, {"51": "E"}, {"51": "S"}, {"51": "E"}, {"31": "W"}, {"31": "N"}, {"31": "N"}, {"31": "N"}, {"31": "E"}, {"31": "N"}, {"31": "N"}, {"31": "N"}, {"31": "N"}, {"31": "N"}, {"31": "N"}, {"31": "N"}, {"31": "E"}, {"15": "S"}, {"15": "E"}, {"15": "E"}, {"15": "E"}, {"15": "E"}, {"15": "E"}, {"15": "E"}, {"15": "E"}, {"15": "E"}, {"15": "E"}, {"15": "E"}, {"15": "E"}, {"15": "E"}, {"15": "E"}, {"15": "E"}, {"15": "E"}, {"15": "E"}, {"15": "E"}, {"15": "E"}, {"15": "E"}, {"15": "E"}, {"183": "W"}, {"183": "N"}, {"183": "W"}, {"183": "W"}, {"183": "W"}, {"183": "W"}, {"183": "N"}, {"183": "N"}, {"183": "N"}, {"183": "N"}, {"129": "S"}, {"129": "E"}, {"129": "E"}, {"129": "E"}, {"129": "N"}, {"124": "E"}, {"124": "E"}, {"124": "E"}, {"124": "E"}, {"124": "E"}, {"124": "E"}, {"124": "E"}, {"124": "E"}, {"124": "N"}, {"124": "E"}, {"124": "E"}, {"124": "E"}, {"124": "E"}, {"124": "E"}, {"124": "S"}, {"124": "S"}, {"124": "S"}, {"124": "S"}, {"124": "E"}, {"124": "E"}, {"87": "N"}, {"87": "E"}, {"87": "E"}, {"87": "E"}, {"87": "E"}, {"87": "E"}, {"87": "S"}, {"87": "S"}, {"87": "S"}, {"87": "S"}, {"87": "S"}, {"87": "E"}, {"87": "S"}, {"87": "E"}, {"75": "W"}, {"75": "S"}, {"75": "S"}, {"75": "S"}, {"75": "S"}, {"75": "S"}, {"75": "S"}, {"75": "W"}, {"75": "W"}, {"75": "W"}, {"75": "W"}, {"75": "W"}, {"75": "W"}, {"75": "W"}, {"75": "W"}, {"75": "W"}, {"75": "N"}, {"75": "N"}, {"75": "N"}, {"75": "N"}, {"75": "N"}, {"75": "N"}, {"75": "N"}, {"70": "N"}, {"70": "E"}, {"70": "E"}, {"70": "E"}, {"70": "E"}, {"70": "E"}, {"70": "E"}, {"70": "E"}, {"70": "S"}, {"70": "E"}, {"70": "E"}, {"70": "E"}, {"70": "S"}, {"19": "N"}, {"19": "E"}, {"19": "E"}, {"19": "E"}, {"19": "E"}, {"19": "E"}, {"19": "E"}, {"19": "E"}, {"19": "E"}, {"19": "E"}, {"19": "E"}, {"19": "E"}, {"19": "E"}, {"19": "E"}, {"19": "E"}, {"19": "E"}, {"19": "E"}, {"19": "N"}, {"19": "N"}, {"164": "S"}, {"164": "E"}, {"164": "E"}, {"164": "E"}, {"164": "E"}, {"164": "E"}, {"164": "E"}, {"164": "E"}, {"164": "E"}, {"164": "E"}, {"164": "E"}, {"164": "E"}, {"164": "S"}, {"164": "E"}, {"138": "S"}, {"138": "W"}, {"138": "W"}, {"138": "N"}, {"138": "N"}, {"138": "N"}, {"138": "W"}, {"138": "W"}, {"138": "W"}, {"138": "W"}, {"138": "N"}, {"138": "N"}, {"138": "N"}, {"138": "N"}, {"138": "W"}, {"138": "N"}, {"138": "W"}, {"138": "W"}, {"138": "W"}, {"138": "N"}, {"138": "W"}, {"138": "W"}, {"138": "W"}, {"138": "W"}, {"138": "W"}, {"138": "W"}, {"138": "W"}, {"138": "N"}, {"138": "W"}, {"138": "W"}, {"138": "W"}, {"138": "S"}, {"138": "S"}, {"138": "S"}, {"138": "W"}, {"138": "S"}, {"138": "W"}, {"117": "S"}, {"117": "S"}, {"117": "W"}, {"117": "W"}, {"117": "S"}, {"117": "S"}, {"117": "W"}, {"117": "W"}, {"117": "W"}, {"117": "W"}, {"117": "W"}, {"117": "W"}, {"117": "W"}, {"117": "W"}, {"117": "W"}, {"117": "W"}, {"117": "W"}, {"117": "W"}, {"117": "N"}, {"117": "N"}, {"117": "N"}, {"117": "N"}, {"117": "N"}, {"117": "N"}, {"117": "N"}, {"117": "N"}, {"117": "N"}, {"101": "S"}, {"101": "W"}, {"101": "W"}, {"101": "W"}, {"101": "W"}, {"101": "W"}, {"101": "W"}, {"101": "W"}, {"101": "S"}, {"101": "S"}, {"101": "S"}, {"101": "S"}, {"101": "S"}, {"101": "S"}, {"101": "S"}, {"101": "S"}, {"101": "S"}, {"101": "S"}, {"101": "S"}, {"101": "W"}, {"101": "W"}, {"101": "W"}, {"101": "W"}, {"101": "W"}, {"101": "W"}, {"101": "W"}, {"101": "W"}, {"101": "W"}, {"101": "W"}, {"101": "N"}, {"101": "N"}, {"101": "N"}, {"101": "N"}, {"101": "N"}, {"101": "N"}, {"101": "N"}, {"72": "S"}, {"72": "E"}, {"72": "E"}, {"72": "E"}, {"72": "E"}, {"72": "E"}, {"72": "E"}, {"72": "E"}, {"72": "E"}, {"72": "S"}, {"72": "S"}, {"72": "E"}, {"72": "E"}, {"72": "S"}, {"72": "E"}, {"72": "E"}, {"72": "S"}, {"72": "S"}, {"72": "S"}, {"72": "E"}, {"72": "S"}, {"72": "E"}, {"72": "S"}, {"72": "E"}, {"72": "E"}, {"72": "S"}, {"72": "S"}, {"58": "E"}, {"58": "N"}, {"58": "N"}, {"58": "N"}, {"58": "W"}, {"58": "W"}, {"58": "W"}, {"58": "W"}, {"58": "W"}, {"58": "W"}, {"58": "W"}, {"58": "W"}, {"58": "W"}, {"58": "W"}, {"58": "N"}, {"58": "N"}, {"58": "N"}, {"58": "N"}, {"58": "N"}, {"58": "N"}, {"58": "N"}, {"58": "N"}, {"58": "N"}, {"58": "N"}, {"58": "N"}, {"58": "N"}, {"58": "N"}, {"58": "N"}, {"56": "W"}, {"56": "S"}, {"56": "S"}, {"56": "S"}, {"56": "W"}, {"56": "W"}, {"56": "S"}, {"56": "S"}, {"56": "S"}, {"56": "S"}, {"56": "S"}, {"56": "S"}, {"56": "S"}, {"56": "S"}, {"56": "E"}, {"56": "S"}, {"56": "E"}, {"56": "E"}, {"56": "S"}, {"56": "E"}, {"56": "E"}, {"56": "S"}, {"56": "S"}, {"56": "S"}, {"56": "E"}, {"56": "S"}, {"56": "E"}, {"56": "S"}, {"56": "E"}, {"56": "S"}, {"56": "S"}, {"56": "S"}, {"56": "E"}, {"56": "E"}, {"56": "S"}, {"56": "E"}, {"46": "W"}, {"46": "N"}, {"46": "N"}, {"46": "N"}, {"46": "N"}, {"46": "N"}, {"46": "N"}, {"46": "N"}, {"34": "N"}, {"34": "E"}, {"34": "E"}, {"34": "E"}, {"34": "E"}, {"34": "E"}, {"34": "E"}, {"34": "E"}, {"34": "E"}, {"34": "E"}, {"34": "N"}, {"34": "N"}, {"34": "E"}, {"34": "E"}, {"34": "E"}, {"34": "S"}, {"34": "S"}, {"34": "S"}, {"34": "E"}, {"34": "S"}, {"34": "E"}, {"34": "E"}, {"14": "E"}, {"14": "E"}, {"14": "E"}, {"14": "E"}, {"14": "E"}, {"14": "E"}, {"14": "E"}, {"14": "E"}, {"14": "E"}, {"14": "E"}, {"14": "E"}, {"14": "S"}, {"10": "S"}, {"10": "E"}, {"10": "E"}, {"10": "E"}, {"10": "E"}, {"10": "E"}, {"10": "E"}, {"10": "N"}, {"10": "N"}, {"10": "N"}, {"10": "E"}, {"10": "E"}, {"10": "E"}, {"6": "N"}, {"6": "W"}, {"6": "W"}, {"6": "W"}, {"6": "S"}, {"6": "S"}, {"6": "S"}, {"6": "S"}, {"6": "S"}, {"6": "S"}, {"6": "S"}, {"6": "S"}, {"6": "W"}, {"6": "W"}, {"6": "W"}, {"6": "W"}, {"6": "W"}, {"6": "W"}, {"6": "W"}, {"6": "W"}, {"6": "W"}, {"6": "W"}, {"6": "W"}, {"6": "W"}, {"6": "N"}, {"6": "N"}, {"6": "N"}, {"6": "N"}, {"6": "N"}, {"6": "N"}, {"6": "N"}, {"6": "W"}, {"6": "N"}, {"6": "N"}, {"6": "N"}, {"166": "S"}, {"166": "W"}, {"166": "W"}, {"166": "S"}, {"166": "S"}, {"166": "S"}, {"166": "S"}, {"166": "S"}, {"166": "W"}, {"166": "W"}, {"166": "W"}, {"166": "W"}, {"166": "W"}, {"166": "W"}, {"166": "W"}, {"166": "W"}, {"166": "N"}, {"166": "N"}, {"149": "E"}, {"149": "N"}, {"149": "N"}, {"149": "N"}, {"149": "N"}, {"149": "N"}, {"149": "W"}, {"149": "W"}, {"149": "W"}, {"149": "W"}, {"149": "W"}, {"149": "W"}, {"149": "W"}, {"149": "N"}, {"149": "N"}, {"149": "N"}, {"149": "N"}, {"149": "N"}, {"149": "N"}, {"149": "N"}, {"149": "N"}, {"149": "N"}, {"149": "N"}, {"149": "N"}, {"149": "E"}, {"149": "E"}, {"144": "S"}, {"144": "E"}, {"144": "E"}, {"144": "E"}, {"144": "E"}, {"144": "E"}, {"144": "E"}, {"144": "E"}, {"144": "E"}, {"144": "E"}, {"144": "E"}, {"144": "N"}, {"144": "N"}, {"144": "E"}, {"144": "E"}, {"144": "S"}, {"144": "S"}, {"144": "E"}, {"144": "S"}, {"144": "E"}, {"140": "E"}, {"140": "N"}, {"140": "N"}, {"140": "N"}, {"140": "N"}, {"140": "W"}, {"140": "W"}, {"140": "W"}, {"140": "W"}, {"140": "W"}, {"140": "N"}, {"140": "N"}, {"140": "N"}, {"140": "N"}, {"140": "N"}, {"140": "N"}, {"116": "E"}, {"116": "N"}, {"116": "N"}, {"116": "N"}, {"116": "N"}, {"116": "E"}, {"116": "N"}, {"116": "N"}, {"116": "N"}, {"79": "W"}, {"79": "W"}, {"79": "W"}, {"79": "W"}, {"79": "S"}, {"79": "S"}, {"79": "W"}, {"79": "W"}, {"79": "W"}, {"79": "W"}, {"79": "W"}, {"79": "S"}, {"79": "S"}, {"79": "S"}, {"79": "S"}, {"79": "S"}, {"79": "S"}, {"79": "S"}, {"79": "S"}, {"79": "E"}, {"79": "S"}, {"79": "E"}, {"41": "W"}, {"41": "N"}, {"41": "N"}, {"41": "N"}, {"41": "N"}, {"41": "N"}, {"41": "E"}, {"41": "E"}, {"41": "N"}, {"41": "N"}, {"41": "N"}, {"41": "N"}, {"41": "N"}, {"27": "S"}, {"27": "S"}, {"27": "E"}, {"27": "E"}, {"27": "E"}, {"27": "E"}, {"27": "E"}, {"27": "E"}, {"27": "E"}, {"27": "E"}, {"27": "E"}, {"27": "E"}, {"27": "E"}, {"27": "E"}, {"27": "E"}, {"27": "E"}, {"27": "E"}, {"27": "E"}, {"27": "E"}, {"27": "E"}, {"27": "E"}, {"27": "E"}, {"12": "W"}, {"12": "W"}, {"12": "W"}, {"12": "W"}, {"12": "S"}, {"12": "S"}, {"12": "S"}, {"12": "S"}, {"12": "S"}, {"12": "W"}, {"12": "W"}, {"12": "W"}, {"12": "W"}, {"12": "W"}, {"12": "S"}, {"12": "S"}, {"12": "S"}, {"12": "S"}, {"12": "S"}, {"12": "S"}, {"12": "S"}, {"12": "S"}, {"12": "E"}, {"12": "S"}, {"12": "S"}, {"12": "S"}, {"12": "S"}, {"12": "E"}, {"12": "E"}, {"12": "E"}, {"12": "E"}, {"12": "S"}, {"12": "S"}, {"12": "E"}, {"12": "E"}, {"115": "W"}, {"115": "S"}, {"115": "S"}, {"115": "S"}, {"115": "S"}, {"115": "S"}, {"115": "S"}, {"115": "S"}, {"115": "S"}, {"115": "W"}, {"115": "W"}, {"115": "S"}, {"115": "S"}, {"115": "S"}, {"115": "S"}, {"115": "S"}, {"115": "S"}, {"115": "S"}, {"115": "S"}, {"115": "E"}, {"115": "S"}, {"115": "S"}, {"115": "S"}, {"115": "S"}, {"115": "E"}, {"115": "E"}, {"115": "E"}, {"115": "E"}, {"115": "S"}, {"88": "S"}, {"88": "E"}, {"88": "E"}, {"88": "E"}, {"88": "E"}, {"88": "E"}, {"88": "E"}, {"88": "E"}, {"88": "E"}, {"88": "E"}, {"88": "E"}, {"88": "E"}, {"88": "E"}, {"88": "E"}, {"88": "S"}, {"88": "S"}, {"88": "E"}, {"88": "E"}, {"88": "E"}, {"88": "S"}, {"88": "S"}, {"88": "E"}, {"88": "E"}, {"73": "E"}, {"73": "S"}, {"73": "E"}, {"73": "E"}, {"73": "E"}, {"73": "E"}, {"73": "E"}, {"73": "E"}, {"73": "E"}, {"73": "S"}, {"73": "S"}, {"73": "S"}, {"73": "S"}, {"73": "S"}, {"73": "S"}, {"73": "S"}, {"73": "S"}, {"73": "S"}, {"73": "S"}, {"73": "S"}, {"73": "S"}, {"73": "S"}, {"73": "S"}, {"73": "S"}, {"73": "S"}, {"73": "S"}, {"73": "S"}, {"73": "S"}, {"73": "S"}, {"73": "S"}, {"73": "W"}, {"73": "W"}, {"73": "W"}, {"73": "W"}, {"73": "W"}, {"73": "W"}, {"73": "W"}, {"73": "W"}, {"73": "W"}, {"73": "W"}, {"73": "N"}, {"73": "N"}, {"73": "N"}, {"59": "S"}, {"59": "W"}, {"59": "W"}, {"59": "W"}, {"59": "W"}, {"59": "W"}, {"59": "W"}, {"59": "S"}, {"59": "S"}, {"59": "S"}, {"59": "S"}, {"59": "S"}, {"59": "S"}, {"59": "S"}, {"59": "S"}, {"59": "S"}, {"59": "S"}, {"59": "S"}, {"59": "W"}, {"59": "W"}, {"59": "W"}, {"59": "W"}, {"59": "W"}, {"59": "W"}, {"59": "W"}, {"59": "W"}, {"59": "W"}, {"59": "W"}, {"59": "W"}, {"59": "N"}, {"59": "N"}, {"59": "N"}, {"59": "N"}, {"53": "N"}, {"53": "E"}, {"53": "E"}, {"53": "E"}, {"53": "E"}, {"53": "E"}, {"53": "E"}, {"53": "E"}, {"53": "N"}, {"53": "N"}, {"53": "N"}, {"53": "N"}, {"161": "W"}, {"161": "S"}, {"161": "S"}, {"161": "S"}, {"161": "S"}, {"161": "W"}, {"161": "W"}, {"161": "S"}, {"161": "S"}, {"161": "S"}, {"161": "S"}, {"161": "S"}, {"161": "S"}, {"161": "S"}, {"161": "S"}, {"161": "S"}, {"161": "S"}, {"161": "E"}, {"161": "S"}, {"161": "S"}, {"161": "E"}, {"161": "E"}, {"157": "N"}, {"157": "E"}, {"157": "E"}, {"157": "E"}, {"157": "S"}, {"157": "E"}, {"157": "E"}, {"157": "E"}, {"157": "S"}, {"157": "S"}, {"157": "S"}, {"157": "S"}, {"157": "S"}, {"157": "E"}, {"157": "S"}, {"157": "S"}, {"157": "E"}, {"157": "S"}, {"157": "E"}, {"157": "E"}, {"114": "N"}, {"114": "W"}, {"114": "W"}, {"114": "W"}, {"114": "W"}, {"114": "W"}, {"114": "N"}, {"114": "N"}, {"114": "N"}, {"114": "W"}, {"114": "W"}, {"114": "W"}, {"114": "W"}, {"114": "N"}, {"114": "N"}, {"114": "N"}, {"114": "N"}, {"114": "W"}, {"114": "N"}, {"114": "W"}, {"114": "W"}, {"114": "W"}, {"114": "N"}, {"114": "W"}, {"114": "W"}, {"114": "W"}, {"114": "W"}, {"114": "W"}, {"114": "W"}, {"114": "W"}, {"114": "N"}, {"114": "W"}, {"114": "W"}, {"114": "W"}, {"114": "S"}, {"114": "S"}, {"114": "S"}, {"114": "W"}, {"114": "S"}, {"114": "S"}, {"114": "W"}, {"114": "S"}, {"114": "S"}, {"105": "W"}, {"105": "S"}, {"105": "S"}, {"105": "W"}, {"105": "W"}, {"105": "W"}, {"105": "W"}, {"105": "W"}, {"105": "W"}, {"105": "W"}, {"105": "W"}, {"105": "W"}, {"105": "W"}, {"105": "W"}, {"105": "S"}, {"105": "S"}, {"105": "S"}, {"105": "S"}, {"105": "S"}, {"105": "S"}, {"105": "S"}, {"105": "S"}, {"105": "S"}, {"105": "S"}, {"105": "E"}, {"105": "S"}, {"105": "S"}, {"105": "E"}, {"105": "S"}, {"105": "E"}, {"105": "S"}, {"105": "E"}, {"105": "S"}, {"105": "S"}, {"105": "S"}, {"105": "S"}, {"105": "S"}, {"105": "S"}, {"105": "S"}, {"105": "E"}, {"105": "E"}, {"105": "E"}, {"105": "N"}, {"105": "N"}, {"105": "N"}, {"3": "S"}, {"3": "E"}, {"3": "E"}, {"3": "E"}, {"3": "S"}, {"3": "E"}, {"3": "E"}, {"3": "E"}, {"3": "S"}, {"3": "S"}, {"3": "S"}, {"3": "S"}, {"3": "S"}, {"3": "E"}, {"3": "S"}, {"3": "S"}, {"3": "E"}, {"3": "S"}, {"3": "E"}, {"3": "S"}, {"3": "E"}, {"3": "S"}, {"3": "S"}, {"3": "S"}, {"3": "S"}, {"3": "S"}, {"3": "S"}, {"3": "S"}, {"3": "E"}, {"3": "E"}, {"3": "E"}, {"3": "E"}, {"3": "N"}, {"3": "N"}, {"139": "S"}, {"139": "W"}, {"139": "W"}, {"139": "W"}, {"139": "S"}, {"139": "S"}, {"139": "S"}, {"139": "S"}, {"139": "S"}, {"139": "W"}, {"139": "W"}, {"139": "W"}, {"139": "W"}, {"139": "W"}, {"139": "W"}, {"139": "W"}, {"139": "W"}, {"139": "W"}, {"139": "W"}, {"139": "N"}, {"82": "S"}, {"82": "E"}, {"82": "E"}, {"82": "E"}, {"82": "E"}, {"82": "E"}, {"82": "E"}, {"82": "E"}, {"82": "E"}, {"82": "E"}, {"82": "S"}, {"82": "E"}, {"82": "E"}, {"82": "E"}, {"82": "S"}, {"82": "S"}, {"82": "E"}, {"82": "S"}, {"82": "S"}, {"82": "E"}, {"33": "S"}, {"33": "W"}, {"33": "W"}, {"33": "S"}, {"33": "S"}, {"33": "S"}, {"33": "S"}, {"33": "S"}, {"33": "S"}, {"33": "S"}, {"33": "S"}, {"33": "S"}, {"33": "S"}, {"33": "S"}, {"33": "S"}, {"33": "S"}, {"33": "S"}, {"33": "W"}, {"33": "W"}, {"33": "W"}, {"33": "W"}, {"33": "W"}, {"33": "W"}, {"33": "W"}, {"33": "W"}, {"33": "W"}, {"33": "W"}, {"33": "W"}, {"33": "N"}, {"33": "N"}, {"109": "W"}, {"109": "N"}, {"109": "N"}, {"109": "W"}, {"109": "W"}, {"109": "W"}, {"109": "W"}, {"109": "W"}, {"109": "W"}, {"109": "W"}, {"109": "W"}, {"109": "W"}, {"109": "W"}, {"109": "W"}, {"109": "W"}, {"109": "W"}, {"109": "N"}, {"109": "N"}, {"109": "N"}, {"109": "N"}, {"109": "N"}, {"109": "N"}, {"109": "N"}, {"109": "N"}, {"109": "N"}, {"109": "N"}, {"109": "N"}, {"109": "N"}, {"62": "S"}, {"62": "E"}, {"62": "E"}, {"62": "E"}, {"62": "E"}, {"62": "E"}, {"62": "E"}, {"62": "E"}, {"62": "E"}, {"62": "E"}, {"62": "E"}, {"62": "S"}, {"30": "N"}, {"30": "E"}, {"30": "E"}, {"30": "E"}, {"30": "E"}, {"30": "E"}, {"30": "E"}, {"30": "E"}, {"30": "E"}, {"30": "E"}, {"30": "S"}, {"30": "E"}, {"30": "E"}, {"30": "E"}, {"30": "S"}, {"30": "S"}, {"30": "E"}, {"30": "S"}, {"30": "S"}, {"30": "S"}, {"30": "E"}, {"2": "N"}, {"2": "E"}, {"2": "E"}, {"2": "S"}, {"2": "E"}, {"2": "E"}, {"2": "S"}, {"2": "S"}, {"2": "S"}, {"2": "S"}, {"2": "S"}, {"146": "S"}, {"146": "E"}, {"146": "E"}, {"146": "E"}, {"146": "E"}, {"146": "E"}, {"146": "E"}, {"146": "S"}, {"146": "E"}, {"146": "E"}, {"146": "E"}, {"146": "S"}, {"146": "S"}, {"146": "S"}, {"146": "S"}, {"125": "E"}, {"125": "E"}, {"125": "E"}, {"125": "E"}, {"125": "E"}, {"125": "S"}, {"125": "S"}, {"125": "S"}, {"125": "E"}, {"125": "S"}, {"125": "E"}, {"172": "N"}, {"172": "E"}, {"172": "E"}, {"172": "E"}, {"172": "E"}, {"172": "E"}, {"172": "E"}, {"172": "E"}, {"172": "E"}, {"172": "S"}, {"172": "E"}, {"172": "E"}, {"172": "E"}, {"172": "S"}, {"172": "S"}, {"172": "S"}, {"92": "W"}, {"92": "N"}, {"92": "N"}, {"92": "W"}, {"92": "W"}, {"92": "W"}, {"92": "N"}, {"92": "N"}, {"92": "N"}, {"92": "N"}, {"92": "N"}, {"92": "N"}, {"71": "S"}, {"71": "S"}, {"71": "W"}, {"71": "W"}, {"71": "W"}, {"71": "W"}, {"71": "W"}, {"71": "S"}, {"71": "S"}, {"71": "S"}, {"71": "S"}, {"71": "S"}, {"71": "W"}, {"71": "W"}, {"71": "W"}, {"71": "W"}, {"71": "W"}, {"71": "W"}, {"71": "W"}, {"71": "W"}, {"71": "W"}, {"71": "W"}, {"71": "W"}, {"71": "W"}, {"71": "W"}, {"71": "W"}, {"71": "W"}, {"71": "W"}, {"71": "W"}, {"71": "W"}, {"71": "N"}, {"71": "N"}, {"71": "N"}, {"71": "N"}, {"71": "N"}, {"71": "N"}, {"71": "N"}, {"71": "N"}, {"39": "W"}, {"39": "S"}, {"39": "S"}, {"39": "W"}, {"39": "W"}, {"39": "S"}, {"39": "S"}, {"39": "S"}, {"39": "S"}, {"39": "S"}, {"39": "S"}, {"39": "S"}, {"39": "S"}, {"39": "S"}, {"39": "S"}, {"39": "S"}, {"39": "W"}, {"39": "S"}, {"39": "S"}, {"39": "S"}, {"39": "E"}, {"39": "S"}, {"39": "E"}, {"39": "S"}, {"39": "E"}, {"39": "E"}, {"7": "S"}, {"7": "W"}, {"7": "W"}, {"7": "W"}, {"7": "W"}, {"7": "S"}, {"7": "S"}, {"7": "S"}, {"7": "S"}, {"7": "S"}, {"7": "S"}, {"7": "S"}, {"7": "S"}, {"7": "S"}, {"7": "S"}, {"7": "S"}, {"7": "W"}, {"7": "S"}, {"7": "S"}, {"7": "S"}, {"7": "E"}, {"7": "S"}, {"7": "E"}, {"7": "S"}, {"7": "E"}, {"7": "S"}, {"7": "E"}, {"7": "E"}, {"160": "S"}, {"160": "W"}, {"160": "W"}, {"160": "S"}, {"160": "S"}, {"160": "S"}, {"160": "S"}, {"160": "S"}, {"160": "S"}, {"160": "S"}, {"160": "S"}, {"160": "W"}, {"160": "W"}, {"160": "W"}, {"160": "W"}, {"160": "W"}, {"160": "W"}, {"160": "W"}, {"160": "W"}, {"160": "W"}, {"160": "W"}, {"160": "W"}, {"160": "W"}, {"160": "W"}, {"160": "W"}, {"160": "N"}, {"160": "N"}, {"160": "N"}, {"104": "E"}, {"104": "S"}, {"104": "S"}, {"104": "S"}, {"104": "S"}, {"104": "E"}, {"104": "S"}, {"104": "S"}, {"80": "E"}, {"80": "N"}, {"80": "N"}, {"80": "N"}, {"80": "N"}, {"80": "N"}, {"80": "N"}, {"80": "W"}, {"80": "W"}, {"80": "W"}, {"80": "W"}, {"80": "W"}, {"80": "W"}, {"80": "W"}, {"80": "W"}, {"80": "W"}, {"80": "N"}, {"80": "N"}, {"80": "N"}, {"80": "N"}, {"80": "N"}, {"80": "N"}, {"80": "N"}, {"80": "N"}, {"60": "E"}, {"60": "S"}, {"60": "S"}, {"60": "S"}, {"60": "S"}, {"60": "S"}, {"60": "S"}, {"60": "S"}, {"60": "S"}, {"60": "S"}, {"60": "S"}, {"60": "E"}, {"60": "S"}, {"60": "E"}, {"60": "E"}, {"60": "S"}, {"60": "E"}, {"60": "S"}, {"60": "E"}, {"36": "N"}, {"36": "E"}, {"36": "E"}, {"36": "S"}, {"36": "S"}, {"36": "S"}, {"36": "E"}, {"36": "S"}, {"36": "E"}, {"36": "E"}, {"100": "W"}, {"100": "S"}, {"100": "S"}, {"100": "S"}, {"100": "W"}, {"100": "W"}, {"100": "W"}, {"100": "W"}, {"100": "W"}, {"100": "W"}, {"100": "W"}, {"100": "W"}, {"100": "W"}, {"100": "W"}, {"100": "W"}, {"100": "W"}, {"100": "W"}, {"100": "W"}, {"100": "W"}, {"100": "W"}, {"100": "W"}, {"100": "W"}, {"100": "W"}, {"100": "W"}, {"100": "N"}, {"100": "N"}, {"100": "N"}, {"100": "N"}, {"100": "N"}, {"100": "N"}, {"100": "N"}, {"100": "N"}, {"54": "W"}, {"54": "N"}, {"54": "N"}, {"54": "N"}, {"54": "N"}, {"54": "W"}, {"54": "W"}, {"54": "W"}, {"54": "W"}, {"54": "W"}, {"54": "N"}, {"54": "N"}, {"54": "N"}, {"32": "E"}, {"32": "N"}, {"32": "N"}, {"32": "N"}, {"32": "W"}, {"32": "W"}, {"32": "W"}, {"32": "W"}, {"32": "N"}, {"32": "N"}, {"158": "N"}, {"158": "W"}, {"158": "W"}, {"158": "W"}, {"158": "W"}, {"158": "W"}, {"158": "W"}, {"158": "W"}, {"158": "W"}, {"158": "W"}, {"158": "N"}, {"158": "N"}, {"158": "N"}, {"158": "N"}, {"84": "E"}, {"84": "S"}, {"84": "S"}, {"84": "S"}, {"84": "S"}, {"84": "S"}, {"84": "E"}, {"17": "W"}, {"17": "S"}, {"17": "W"}, {"17": "W"}, {"17": "W"}, {"17": "W"}, {"17": "W"}, {"17": "W"}, {"17": "W"}, {"17": "W"}, {"17": "W"}, {"17": "W"}, {"17": "W"}, {"17": "S"}, {"17": "S"}, {"17": "S"}, {"17": "S"}, {"17": "S"}, {"17": "S"}, {"17": "S"}, {"17": "S"}, {"17": "S"}, {"17": "S"}, {"17": "S"}, {"17": "S"}, {"17": "S"}, {"17": "S"}, {"17": "S"}, {"17": "E"}, {"17": "E"}, {"17": "E"}, {"17": "S"}, {"17": "S"}, {"17": "S"}, {"17": "E"}, {"17": "E"}, {"141": "W"}, {"141": "S"}, {"141": "S"}, {"141": "S"}, {"141": "S"}, {"141": "S"}, {"141": "S"}, {"141": "S"}, {"141": "S"}, {"141": "S"}, {"141": "S"}, {"141": "S"}, {"141": "S"}, {"141": "S"}, {"141": "S"}, {"141": "S"}, {"141": "S"}, {"141": "E"}, {"141": "E"}, {"141": "E"}, {"141": "S"}, {"141": "S"}, {"141": "S"}, {"141": "E"}, {"141": "S"}, {"141": "E"}, {"141": "E"}, {"141": "S"}, {"123": "N"}, {"123": "W"}, {"123": "W"}, {"123": "W"}, {"123": "W"}, {"123": "W"}, {"123": "W"}, {"123": "W"}, {"123": "N"}, {"123": "N"}, {"123": "N"}, {"123": "N"}, {"167": "E"}, {"167": "S"}, {"167": "S"}, {"167": "S"}, {"167": "S"}, {"167": "S"}, {"167": "S"}, {"167": "S"}, {"167": "S"}, {"167": "S"}, {"167": "S"}, {"167": "E"}, {"167": "E"}, {"167": "S"}, {"167": "S"}, {"167": "S"}, {"167": "E"}, {"167": "E"}, {"167": "S"}, {"167": "E"}, {"167": "S"}], "result": "SUCCESS", "makespan": 4696, "sum": 6316, "algo_name": "OutAndInBFS_default"}