{"instance": "small_001_10x10_40_30", "steps": [{"17": "E", "14": "S", "4": "E", "26": "W", "10": "E", "18": "W", "21": "W", "15": "E", "12": "S", "22": "W", "20": "S", "11": "E", "8": "S", "7": "E", "2": "W", "0": "W", "29": "S", "28": "N", "25": "S", "24": "W", "23": "N", "19": "W", "16": "E", "13": "W", "6": "E", "5": "W", "3": "W", "1": "N"}, {"17": "E", "14": "S", "4": "E", "26": "W", "10": "S", "18": "W", "21": "W", "15": "E", "12": "E", "22": "S", "20": "S", "11": "S", "9": "W", "8": "S", "7": "E", "2": "S", "0": "W", "29": "E", "28": "W", "25": "S", "24": "W", "23": "E", "19": "W", "16": "E", "13": "N", "6": "E", "5": "S", "3": "S", "1": "E"}, {"17": "E", "14": "S", "4": "E", "10": "S", "27": "S", "21": "W", "15": "E", "12": "E", "22": "E", "20": "S", "11": "S", "9": "W", "8": "S", "7": "E", "2": "W", "23": "E", "19": "S", "16": "S", "13": "N", "5": "W", "3": "S", "1": "N"}, {"4": "N", "26": "N", "18": "N", "27": "S", "21": "N", "15": "E", "12": "E", "20": "E", "11": "S", "9": "S", "8": "W", "7": "S", "2": "W", "0": "S", "29": "N", "25": "W", "24": "W", "23": "E", "19": "S", "16": "E", "13": "N", "6": "N", "5": "S", "3": "W", "1": "E"}, {"4": "N", "26": "N", "18": "N", "27": "S", "21": "N", "15": "E", "12": "N", "22": "N", "20": "S", "11": "S", "9": "S", "8": "W", "7": "S", "0": "S", "29": "N", "28": "N", "25": "S", "24": "S", "23": "E", "19": "S", "16": "E", "13": "N", "6": "N", "5": "W", "3": "W", "1": "E"}, {"4": "E", "26": "N", "15": "E", "12": "N", "22": "W", "20": "S", "11": "S", "9": "E", "8": "W", "7": "E", "2": "W", "0": "E", "28": "E", "25": "S", "24": "S", "23": "E", "19": "E", "16": "N", "13": "E", "6": "N", "5": "W", "3": "W", "1": "E"}, {"4": "N", "18": "E", "15": "S", "12": "E", "22": "S", "20": "E", "9": "E", "8": "W", "7": "E", "2": "W", "29": "W", "25": "S", "24": "W", "23": "E", "16": "N", "13": "E", "6": "E", "5": "W", "3": "N", "1": "E"}, {"18": "E", "21": "N", "15": "S", "12": "N", "22": "W", "20": "E", "11": "N", "8": "W", "7": "N", "2": "W", "0": "S", "29": "N", "28": "W", "25": "S", "24": "W", "23": "E", "16": "E", "13": "E", "6": "E", "5": "W", "1": "E"}, {"18": "E", "21": "N", "15": "S", "12": "N", "22": "W", "8": "N", "7": "N", "0": "S", "29": "N", "28": "W", "25": "S", "24": "S", "23": "S", "19": "S", "16": "E", "13": "E", "6": "S", "5": "W", "1": "E"}, {"18": "E", "21": "N", "15": "E", "12": "N", "22": "S", "8": "N", "7": "E", "2": "E", "0": "E", "29": "N", "25": "E", "24": "S", "23": "E", "13": "E", "5": "W", "1": "E"}, {"18": "E", "21": "N", "12": "N", "22": "W", "8": "N", "7": "E", "2": "N", "0": "E", "29": "N", "25": "S", "24": "E", "23": "S", "19": "N", "5": "W", "3": "N", "1": "S"}, {"18": "E", "22": "W", "7": "N", "2": "N", "0": "N", "29": "E", "25": "E", "24": "E", "23": "E", "19": "E", "5": "W", "3": "N", "1": "E"}, {"17": "W", "18": "E", "22": "W", "7": "N", "0": "E", "29": "N", "28": "E", "25": "E", "24": "E", "23": "S", "19": "S", "16": "W", "5": "N", "1": "S"}, {"17": "W", "18": "N", "22": "S", "8": "N", "7": "N", "0": "E", "25": "N", "24": "S", "23": "S", "19": "E", "16": "N", "5": "N", "1": "E"}, {"17": "W", "18": "E", "22": "S", "7": "E", "0": "E", "28": "W", "25": "E", "24": "S", "23": "S", "19": "E", "16": "N", "5": "N", "1": "S"}, {"17": "W", "7": "N", "0": "E", "28": "W", "25": "E", "23": "S", "19": "E", "16": "N", "5": "N", "1": "S"}, {"17": "N", "7": "N", "0": "N", "25": "E", "23": "S", "19": "E", "16": "N", "5": "N", "3": "S", "1": "S"}, {"17": "N", "7": "E", "0": "E", "28": "E", "23": "S", "19": "E", "16": "E", "5": "N"}, {"7": "N", "0": "E", "23": "S", "19": "E", "16": "N", "5": "N"}, {"7": "N", "23": "W", "19": "N", "16": "E", "5": "N", "1": "W"}, {"7": "W", "23": "S", "19": "E", "16": "N", "5": "E", "1": "N"}, {"7": "N", "19": "E", "16": "N"}, {"16": "W"}], "result": "SUCCESS", "makespan": 23, "sum": 348, "algo_name": "OutAndInByPercentage_BIT_", "extra": {"arrival_order": [17, 14, 4, 26, 10, 18, 27, 21, 15, 12, 22, 20, 11, 9, 8, 7, 2, 0, 29, 28, 25, 24, 23, 19, 16, 13, 6, 5, 3, 1], "time_arrived": [216, 396, 199, 376, 34, 369, 352, 187, 166, 155, 50, 150, 119, 335, 21, 105, 323, 18, 67, 304, 143, 88, 132, 286, 265, 249, 42, 75, 233, 226], "BIT_runs": 1, "old_makespan": 396, "old_sum": 504, "improved": "[14, 4, 26, 10, 18, 27, 21, 15, 12, 22, 20, 11, 9, 8, 7, 2, 0, 29, 28, 25, 24, 23, 19, 16, 13, 6, 5, 3, 1],", "goal_raise_for_bs": 32}}