{"instance": "small_free_000_10x10_30_30", "steps": [{"1": "W", "16": "E", "8": "S", "3": "E", "15": "W", "28": "W", "24": "E", "12": "N", "6": "E", "9": "E", "17": "E", "7": "S", "20": "W", "0": "E", "25": "W", "18": "W", "23": "W", "13": "W", "29": "W", "4": "E"}, {"7": "S", "10": "W", "29": "W", "1": "N", "9": "E", "14": "W", "16": "E", "2": "N", "23": "W", "13": "S", "17": "E", "0": "E", "3": "N", "12": "N", "11": "E", "18": "W", "27": "S", "20": "W", "28": "W"}, {"28": "W", "11": "E", "18": "W", "7": "S", "12": "N", "5": "N", "10": "W", "1": "N", "2": "N", "25": "W", "9": "E", "16": "E", "14": "W"}, {"0": "S", "5": "N", "2": "N", "10": "S"}, {"20": "S", "26": "S", "10": "S", "8": "S", "18": "N", "15": "E", "19": "W", "21": "W", "29": "N", "23": "E", "0": "W", "25": "W"}, {"14": "W", "29": "W", "10": "S", "6": "E", "18": "W", "0": "S", "13": "S", "26": "W", "25": "S", "22": "W", "17": "E", "23": "S", "15": "S"}, {"3": "N", "14": "W", "23": "S", "1": "N", "25": "S", "22": "S", "10": "S", "8": "S", "29": "W", "17": "E", "15": "S", "6": "E"}, {"20": "W", "23": "W", "10": "S", "6": "S", "17": "E", "3": "N", "4": "S", "18": "W", "14": "W", "8": "S", "15": "W"}, {"17": "S", "20": "W", "23": "S", "28": "S", "15": "W", "6": "S"}, {"19": "E", "10": "S", "17": "S", "16": "E", "11": "W", "15": "W", "6": "S", "20": "W"}, {"19": "E", "21": "S", "27": "S", "17": "S", "18": "N", "20": "W"}, {"21": "S", "19": "N", "17": "S", "28": "W"}, {"17": "S", "29": "W", "23": "E", "21": "S", "19": "E", "28": "W", "10": "E", "27": "N"}, {"29": "W", "21": "S", "22": "W", "19": "E"}, {"22": "S", "26": "S", "23": "W", "4": "W", "21": "E", "18": "S", "19": "E", "29": "E"}, {"0": "E", "16": "E", "18": "E", "19": "N", "22": "S", "4": "S", "21": "S", "10": "S"}, {"4": "S", "22": "E", "17": "S", "10": "S", "21": "S", "19": "E", "0": "S"}, {"19": "E", "21": "S", "10": "S", "4": "E", "17": "S"}, {"10": "W", "19": "E", "17": "S", "4": "S"}, {"4": "S", "19": "E"}, {"19": "E", "25": "W", "16": "W", "27": "W", "23": "W", "28": "N"}, {"25": "S", "16": "N", "29": "E", "18": "N"}, {"26": "W", "27": "W", "16": "N", "18": "W"}, {"23": "W", "11": "N", "16": "E", "18": "N"}, {"23": "W", "11": "N", "16": "E", "18": "N"}, {"11": "N", "18": "N", "16": "E"}, {"28": "W", "27": "E", "16": "E", "18": "W", "23": "W", "11": "E", "29": "W"}, {"11": "E", "28": "W", "16": "N", "18": "W", "29": "W", "27": "E"}, {"18": "N", "28": "W", "29": "W", "11": "E", "23": "W", "27": "S"}, {"28": "N", "25": "S", "27": "S", "23": "W", "18": "N", "11": "E", "29": "N"}, {"25": "E", "28": "N", "18": "E"}, {"18": "E", "28": "N", "29": "N"}, {"28": "E", "29": "N"}, {"29": "N"}, {"26": "S"}, {"27": "S"}, {"25": "E", "26": "E", "29": "N"}, {"26": "N", "29": "E", "27": "S"}, {"26": "N", "29": "E", "25": "S"}, {"29": "S", "26": "W"}, {"26": "W", "29": "S"}, {"26": "W"}, {"26": "N"}], "result": "SUCCESS", "makespan": 43, "sum": 251, "algo_name": "BFS_2"}