{"instance": "small_004_20x20_20_61", "steps": [{"18": "W", "26": "W", "48": "W", "29": "E", "55": "E", "49": "E", "9": "E", "47": "W", "15": "E", "8": "W", "30": "E", "43": "N", "22": "W", "11": "W", "2": "W", "38": "W", "1": "E", "34": "W", "41": "W", "60": "S", "10": "E", "44": "E", "56": "W", "6": "E", "5": "E", "3": "W", "28": "E", "51": "E", "14": "E", "17": "W", "36": "E", "54": "E", "32": "W", "7": "W", "39": "E", "13": "W", "12": "S", "37": "W", "50": "E", "57": "W", "52": "W", "25": "E", "4": "W", "58": "E", "27": "W", "59": "E", "21": "W"}, {"47": "N", "30": "E", "14": "E", "24": "E", "28": "E", "46": "E", "57": "S", "2": "W", "59": "E", "58": "E", "36": "E", "6": "E", "54": "E", "44": "E", "7": "W", "60": "S", "29": "E", "41": "W", "39": "E", "33": "W", "38": "W", "13": "W", "31": "E", "10": "E", "43": "N", "17": "W", "32": "N", "34": "N", "21": "W", "45": "E", "22": "S", "50": "E", "12": "S", "8": "W", "48": "N", "42": "W", "56": "W", "19": "E", "51": "N", "23": "W", "55": "E", "1": "E", "37": "W", "11": "W", "18": "W", "16": "E"}, {"49": "E", "24": "E", "6": "E", "19": "E", "1": "N", "46": "E", "16": "E", "55": "E", "7": "W", "32": "W", "57": "S", "38": "S", "34": "N", "56": "W", "53": "W", "20": "E", "47": "N", "29": "E", "18": "W", "21": "W", "35": "E", "36": "E", "50": "E", "60": "S", "31": "E", "41": "W", "37": "W", "59": "E", "10": "N", "27": "S", "8": "W", "52": "W", "14": "E", "22": "S", "43": "W", "40": "E"}, {"49": "E", "14": "E", "0": "E", "22": "S", "23": "W", "35": "E", "56": "W", "11": "W", "20": "E", "48": "N", "41": "W", "19": "E", "43": "W", "38": "S", "59": "E", "18": "W", "51": "N", "60": "S", "46": "E", "45": "E", "27": "S", "37": "W", "6": "E", "47": "N", "12": "S", "30": "E", "53": "W", "29": "E", "42": "W", "54": "E", "40": "E", "25": "E", "34": "N", "50": "E", "32": "W"}, {"12": "S", "43": "W", "18": "W", "56": "W", "52": "S", "60": "S", "55": "E", "51": "N", "20": "E", "59": "E", "22": "S", "19": "E", "28": "E", "6": "E", "34": "W", "37": "W", "32": "W", "47": "N", "30": "E", "46": "E", "29": "E", "38": "S", "0": "E", "54": "E", "23": "S", "48": "N"}, {"60": "S", "51": "N", "24": "S", "34": "W", "32": "W", "47": "N", "19": "E", "55": "E", "38": "W", "52": "S", "27": "S", "20": "E", "48": "N", "18": "W", "12": "S", "23": "S", "53": "W", "49": "E", "43": "W", "42": "W", "22": "S", "4": "W", "25": "E"}, {"47": "N", "3": "W", "53": "S", "60": "E", "4": "N", "33": "W", "49": "E", "20": "E", "12": "S", "34": "W", "52": "S", "57": "S", "51": "N", "28": "E", "27": "S", "48": "W", "23": "S", "14": "E", "43": "W", "22": "S"}, {"47": "N", "22": "S", "42": "W", "14": "W", "50": "W", "30": "S", "36": "W", "18": "W", "34": "W", "57": "W", "60": "E", "8": "W", "43": "W", "33": "N", "41": "S", "53": "S", "49": "N", "12": "S", "4": "N", "35": "S", "28": "N", "48": "W", "51": "N", "11": "S", "29": "W", "52": "S", "38": "W"}, {"8": "W", "55": "E", "56": "W", "42": "S", "22": "E", "27": "W", "4": "W", "34": "W", "11": "W", "60": "E", "29": "S", "49": "E", "21": "N", "51": "N", "57": "S", "12": "S", "41": "W", "16": "E", "47": "N", "33": "W", "18": "S", "48": "W", "52": "S"}, {"48": "W", "51": "N", "47": "N", "42": "S", "4": "W", "3": "S", "52": "S", "33": "W", "18": "S", "55": "E", "22": "E", "60": "S", "12": "S", "38": "W", "23": "S", "53": "S"}, {"60": "S", "26": "E", "58": "N", "49": "W", "57": "S", "51": "N", "59": "S", "12": "E", "4": "W", "30": "N", "56": "S", "47": "N", "45": "S", "22": "E", "52": "S", "9": "E", "36": "W", "54": "W", "32": "N", "33": "S", "38": "W", "8": "W", "3": "S", "46": "W"}, {"0": "S", "38": "W", "5": "E", "52": "S", "22": "E", "8": "S", "60": "S", "51": "N", "17": "S", "3": "W", "12": "E", "47": "N", "29": "E", "32": "W"}, {"17": "N", "26": "E", "9": "E", "22": "E", "4": "N", "46": "E", "33": "W", "60": "S", "44": "S", "8": "S", "57": "N", "31": "S", "36": "E", "38": "W", "51": "N", "11": "S", "12": "E", "52": "E", "34": "N", "19": "N", "25": "E", "3": "S", "47": "N", "29": "E", "49": "W"}, {"26": "E", "38": "W", "57": "E", "9": "E", "47": "N", "34": "W", "19": "E", "42": "E", "4": "W", "49": "N", "54": "N", "33": "S", "16": "E", "11": "W", "13": "W", "12": "E", "35": "E", "3": "S", "59": "E", "36": "E", "60": "S", "28": "N", "51": "N", "50": "S", "48": "W", "22": "S", "52": "E"}, {"55": "E", "33": "S", "32": "N", "51": "N", "3": "E", "60": "S", "34": "W", "47": "N", "49": "N", "16": "E", "11": "W", "23": "E", "20": "W", "4": "W", "28": "E", "7": "N", "38": "W", "12": "E", "57": "E", "26": "E", "22": "S", "52": "E", "9": "E"}, {"51": "N", "54": "N", "26": "E", "53": "S", "13": "S", "22": "S", "3": "S", "59": "E", "52": "E", "34": "W", "39": "E", "12": "S", "47": "W", "4": "W", "57": "S", "33": "E", "9": "E", "55": "E", "11": "W", "16": "E", "38": "W"}, {"38": "N", "47": "W", "51": "N", "12": "S", "59": "E", "34": "S", "4": "W", "57": "S", "55": "E", "54": "E", "3": "S", "1": "N", "39": "E", "52": "E", "26": "E", "16": "E", "49": "E", "11": "W", "33": "S", "22": "E", "9": "E"}, {"12": "S", "47": "W", "38": "N", "51": "N", "20": "S", "34": "S", "59": "E", "22": "E", "1": "E", "52": "S", "26": "N", "39": "E", "3": "S", "57": "W", "16": "E", "55": "E", "4": "W", "10": "N", "33": "S", "11": "W"}, {"39": "E", "16": "E", "10": "N", "51": "N", "4": "S", "17": "W", "11": "W", "1": "E", "20": "S", "33": "E", "47": "W", "9": "E", "34": "S", "26": "N", "3": "E", "59": "E", "52": "S", "12": "E"}, {"32": "E", "12": "W", "31": "E", "46": "W", "35": "N", "10": "E", "4": "S", "47": "W", "50": "E", "13": "N", "54": "W", "33": "S", "39": "E", "1": "E", "16": "N", "20": "E", "3": "E", "11": "W", "9": "E", "55": "E", "45": "E", "59": "E", "15": "S", "26": "N", "43": "N", "34": "S", "51": "N"}, {"41": "W", "23": "S", "6": "E", "13": "E", "11": "W", "51": "W", "26": "N", "43": "W", "39": "E", "1": "E", "56": "W", "48": "W", "59": "N", "12": "S", "15": "E", "4": "S", "34": "E", "47": "W", "42": "W", "16": "N", "32": "N", "35": "E", "9": "S", "33": "S", "55": "E", "3": "E", "30": "N", "57": "W"}, {"52": "S", "48": "W", "32": "N", "13": "E", "47": "W", "33": "S", "21": "W", "1": "E", "34": "S", "15": "E", "26": "N", "51": "W", "42": "S", "4": "S", "39": "E", "55": "E", "3": "E", "43": "W", "11": "W", "12": "S", "35": "E", "41": "W"}, {"43": "S", "26": "N", "52": "E", "42": "S", "32": "W", "35": "E", "4": "S", "51": "W", "16": "N", "11": "W", "56": "W", "3": "E", "55": "E", "41": "W", "34": "S", "1": "N", "33": "E", "47": "W"}, {"26": "N", "16": "W", "8": "W", "57": "E", "54": "E", "55": "N", "1": "N", "44": "S", "34": "S", "51": "W", "41": "W", "15": "W", "47": "W", "11": "W", "56": "W", "19": "S", "33": "E", "13": "W", "3": "S", "4": "S", "20": "S", "39": "W", "42": "S", "7": "E"}, {"41": "W", "34": "E", "55": "N", "56": "W", "36": "E", "12": "E", "0": "W", "1": "N", "9": "S", "47": "W", "42": "E", "44": "E", "8": "S", "10": "N", "7": "N", "43": "S", "51": "W", "16": "W", "14": "W", "13": "W", "39": "N", "4": "S", "3": "S", "33": "E", "26": "N", "11": "N"}, {"34": "E", "39": "N", "8": "S", "43": "S", "16": "W", "42": "S", "48": "W", "47": "W", "1": "N", "3": "S", "9": "S", "4": "S", "44": "E", "13": "S", "33": "E", "30": "N", "7": "N", "11": "N", "51": "W", "41": "W", "56": "W", "55": "N", "26": "N"}, {"41": "W", "1": "N", "39": "E", "47": "W", "8": "E", "51": "W", "33": "E", "56": "W", "30": "E", "26": "N", "16": "N", "11": "N", "48": "S", "42": "S", "55": "N", "44": "N", "7": "W", "34": "E", "4": "S"}, {"11": "N", "26": "N", "44": "E", "56": "W", "47": "W", "16": "N", "33": "S", "51": "W", "43": "S", "8": "S", "41": "W", "55": "N", "42": "S", "39": "N", "48": "S"}, {"51": "W", "3": "S", "44": "E", "42": "E", "13": "N", "15": "E", "30": "N", "54": "N", "8": "S", "11": "N", "39": "N", "56": "W", "7": "E", "14": "E", "26": "N", "20": "S", "53": "N", "47": "W", "41": "W", "46": "E", "33": "S", "25": "N", "49": "W"}, {"20": "E", "13": "E", "7": "N", "11": "N", "51": "W", "56": "W", "33": "S", "41": "W", "26": "N", "47": "W", "30": "E", "40": "W", "8": "S", "21": "W", "0": "E", "42": "E", "49": "N", "44": "E", "14": "E"}, {"6": "S", "44": "S", "11": "N", "7": "N", "0": "E", "8": "E", "51": "W", "47": "W", "20": "E", "56": "W", "26": "N", "41": "W", "13": "E"}, {"29": "S", "20": "E", "12": "S", "17": "W", "44": "E", "51": "W", "56": "W", "7": "S", "27": "S", "40": "S", "32": "S", "49": "W", "26": "W", "48": "W", "11": "W", "42": "S", "10": "E", "23": "N", "28": "S", "41": "W"}, {"17": "S", "3": "S", "41": "W", "31": "S", "48": "S", "21": "W", "44": "E", "42": "E", "12": "E", "40": "S", "10": "N", "49": "N", "50": "S", "51": "W", "26": "W", "23": "W", "13": "S", "11": "N", "56": "W", "5": "E"}, {"32": "W", "5": "E", "11": "N", "49": "N", "12": "E", "48": "S", "44": "N", "56": "N", "42": "E", "31": "E", "41": "N", "26": "W", "10": "N"}, {"53": "N", "42": "E", "11": "N", "41": "N", "48": "E", "52": "S", "7": "N", "3": "S", "25": "S", "44": "N", "10": "W", "20": "S", "15": "E", "2": "N", "5": "E", "49": "S", "26": "W", "46": "S", "56": "N", "31": "S"}, {"28": "E", "56": "N", "44": "N", "53": "E", "33": "E", "29": "E", "7": "W", "46": "E", "41": "N", "42": "S", "40": "E", "11": "N", "57": "W", "20": "E", "26": "W", "48": "E", "49": "E", "15": "E", "37": "S", "3": "E", "5": "N"}, {"56": "N", "15": "N", "29": "E", "41": "N", "42": "S", "40": "S", "44": "E", "48": "S", "6": "N", "5": "E", "14": "N", "11": "N", "26": "W", "20": "E"}, {"5": "E", "15": "N", "0": "E", "30": "N", "44": "N", "20": "E", "41": "N", "26": "W", "56": "N", "11": "N"}, {"41": "N", "37": "W", "57": "E", "52": "S", "15": "W", "29": "N", "26": "W", "5": "N", "7": "E", "56": "N", "20": "W", "11": "N", "53": "W", "46": "S"}, {"11": "N", "5": "N", "53": "S", "40": "E", "20": "N", "26": "W", "56": "N", "7": "S", "49": "E", "46": "E", "41": "N"}, {"41": "N", "7": "S", "25": "S", "46": "E", "56": "N", "53": "N", "20": "N", "0": "W", "11": "E", "3": "S", "15": "E", "26": "W", "52": "S", "13": "N", "29": "E"}, {"26": "W", "14": "S", "49": "S", "20": "E", "46": "N", "13": "W", "11": "N", "23": "N", "2": "E", "41": "N", "10": "N", "52": "E", "56": "N"}, {"11": "E", "7": "W", "26": "W", "20": "E", "56": "W", "37": "W", "41": "N", "2": "S", "46": "N", "30": "N", "32": "W"}, {"53": "N", "2": "S", "57": "S", "52": "W", "0": "S", "11": "N", "41": "N", "46": "N", "56": "N", "54": "W", "6": "E", "26": "S", "15": "N"}, {"29": "E", "11": "N", "37": "N", "56": "N", "22": "S", "41": "N", "26": "W", "13": "W", "25": "E", "0": "W", "2": "W", "53": "E", "14": "N", "3": "E"}, {"46": "N", "56": "N", "41": "N", "11": "N", "53": "E", "33": "E", "0": "W", "26": "W", "25": "E", "3": "E", "42": "E"}, {"0": "N", "53": "E", "46": "E", "56": "E", "41": "N"}, {"17": "E", "41": "E", "28": "S", "23": "E", "57": "S", "56": "N", "46": "E", "42": "W", "49": "W", "3": "S", "7": "S", "2": "E", "53": "E"}, {"49": "N", "3": "S", "41": "N", "2": "N", "17": "N", "14": "E", "32": "E", "53": "E", "15": "W", "54": "S", "13": "S", "21": "E", "46": "E"}, {"14": "E", "53": "E", "17": "N", "58": "E", "3": "S", "33": "E", "25": "N", "46": "E", "41": "E"}, {"41": "N", "14": "W", "17": "S", "53": "E", "42": "E", "0": "E", "46": "E", "3": "E", "23": "N", "22": "N", "28": "N"}, {"0": "E", "46": "N", "53": "N", "41": "E", "17": "W", "3": "E", "23": "E", "49": "N"}, {"3": "E", "41": "N", "12": "W", "22": "S", "13": "E", "2": "S", "57": "S", "23": "W", "46": "N", "0": "E", "17": "E", "53": "N"}, {"17": "N", "7": "W", "42": "E", "46": "N", "41": "N", "53": "N", "49": "E", "3": "E", "23": "W"}, {"41": "N", "7": "E", "2": "E", "22": "W", "3": "E", "25": "W", "46": "E", "23": "S", "14": "E", "53": "N"}, {"36": "W", "37": "S", "17": "S", "32": "S", "54": "W", "13": "S", "3": "E", "46": "E", "27": "W", "2": "E", "53": "N"}, {"53": "N", "54": "N", "3": "E", "2": "E", "17": "W"}, {"13": "N", "53": "N", "3": "N", "2": "E", "19": "E", "58": "S", "54": "N", "17": "S", "52": "N", "14": "W"}, {"21": "E", "17": "S", "13": "N", "53": "N", "2": "N", "3": "N"}, {"30": "N", "27": "S", "52": "S", "58": "N", "17": "W", "33": "S", "57": "S", "2": "N", "32": "S", "12": "S", "13": "E", "53": "N", "19": "N", "6": "N"}, {"2": "N", "12": "E", "32": "W", "53": "N", "37": "N", "13": "E", "52": "E", "17": "W"}, {"13": "E", "17": "W", "7": "W", "28": "W", "27": "W", "2": "W", "23": "E", "53": "W", "42": "E", "54": "S", "32": "E", "25": "E", "52": "E"}, {"37": "W", "17": "W", "28": "S", "14": "N", "2": "W", "53": "W", "13": "S", "22": "S", "49": "S"}, {"25": "E", "13": "E", "17": "W", "52": "E", "28": "S", "53": "W"}, {"57": "S", "52": "N", "0": "N", "28": "E", "2": "N", "53": "W", "12": "N", "13": "W", "27": "S", "7": "E", "17": "W", "49": "N"}, {"27": "W", "32": "N", "22": "E", "53": "W", "57": "S", "49": "E", "17": "W", "54": "E", "2": "N", "28": "E", "25": "E"}, {"57": "W", "53": "W", "17": "W", "25": "E", "27": "W", "2": "W", "28": "E", "13": "W", "0": "E", "14": "E", "52": "E"}, {"2": "W", "28": "N", "0": "E", "53": "W", "17": "W", "25": "E", "57": "S", "27": "W", "13": "S"}, {"0": "E", "53": "W", "28": "E", "17": "W", "25": "E", "27": "N", "57": "S"}, {"2": "E", "25": "E", "19": "S", "49": "W", "17": "W", "28": "E", "54": "S", "57": "W", "0": "E", "12": "E", "27": "W", "13": "N", "53": "W"}, {"27": "W", "13": "N", "28": "E", "0": "E", "57": "W", "36": "W", "53": "W", "23": "N", "17": "W", "25": "E", "12": "E"}, {"17": "N", "28": "E", "53": "W", "0": "E", "25": "E", "57": "W", "12": "E", "27": "N"}, {"53": "W", "49": "E", "21": "N", "54": "S", "36": "E", "13": "S", "27": "N", "0": "E", "57": "W", "17": "N", "33": "E", "25": "S", "28": "E", "12": "E"}, {"0": "N", "28": "E", "2": "E", "57": "W", "17": "N", "15": "W", "27": "N", "25": "S", "36": "E", "23": "E", "12": "E", "53": "S", "13": "S", "54": "E"}, {"13": "W", "28": "E", "54": "E", "53": "W", "27": "N", "57": "W", "2": "S", "21": "N", "0": "N", "17": "N", "12": "E", "25": "E"}, {"54": "E", "12": "E", "28": "N", "57": "W", "0": "N", "25": "S", "23": "E", "27": "N", "53": "S", "2": "S", "17": "N"}, {"12": "N", "54": "E", "57": "W", "23": "S", "17": "N", "53": "S", "21": "E"}, {"54": "E", "57": "W", "53": "S", "17": "N", "21": "E"}, {"36": "W", "17": "N", "54": "E", "21": "E", "57": "W", "19": "S", "2": "E"}, {"54": "E", "33": "S", "19": "E", "57": "W", "2": "E", "17": "N", "23": "S", "21": "S", "37": "N"}, {"19": "E", "2": "N", "21": "S", "54": "E", "57": "W", "17": "N", "22": "E"}, {"2": "E", "36": "S", "57": "N", "49": "S", "17": "N", "54": "E"}, {"58": "S", "57": "N", "21": "E", "42": "W", "54": "E", "22": "S", "23": "E", "17": "N", "2": "E", "36": "S", "19": "E"}, {"17": "N", "13": "E", "22": "E", "2": "N", "21": "N", "57": "N", "19": "E"}, {"7": "N", "2": "N", "23": "E", "17": "N", "36": "E", "22": "E", "19": "E", "57": "N", "13": "E", "21": "E"}, {"36": "E", "19": "E", "32": "E", "17": "E", "2": "N", "23": "N", "22": "E", "21": "E", "57": "N", "7": "E"}, {"21": "N", "57": "N", "2": "N", "36": "E", "32": "N", "14": "N", "17": "N", "23": "E", "13": "E"}, {"23": "E", "17": "E", "2": "N", "52": "E", "33": "E", "57": "N", "7": "E", "21": "N", "13": "N"}, {"58": "S", "7": "E", "17": "N", "2": "N", "57": "N", "23": "N", "21": "N", "13": "E", "32": "E"}, {"7": "S", "2": "N", "57": "N", "13": "E", "23": "E", "32": "E", "17": "E", "21": "N"}, {"57": "N", "32": "E", "17": "E", "13": "N", "21": "N", "23": "E", "2": "N"}, {"21": "N", "2": "N", "57": "N", "17": "E", "13": "E", "23": "S"}, {"57": "N", "32": "N", "13": "W", "54": "E", "2": "N", "23": "S", "58": "S", "21": "N", "42": "E", "19": "W", "7": "N"}, {"7": "W", "21": "N", "2": "N", "19": "W", "42": "E", "54": "E", "13": "S", "32": "E", "57": "N", "23": "S"}, {"42": "S", "21": "N", "7": "W", "2": "N", "19": "W", "57": "N", "23": "S", "54": "E"}, {"21": "N", "7": "W", "57": "E", "2": "W", "42": "S"}, {"7": "S", "32": "W", "54": "E", "13": "W", "37": "N", "57": "N", "2": "W", "21": "N"}, {"57": "E", "32": "W", "37": "W", "49": "E", "21": "N", "23": "S", "13": "W", "2": "W", "54": "N"}, {"49": "E", "21": "W", "23": "W", "37": "W", "2": "W", "54": "N", "32": "N"}, {"2": "W", "32": "N", "37": "W", "23": "W", "21": "W", "13": "W", "54": "W"}, {"23": "W", "32": "E", "13": "W", "54": "N", "2": "W", "37": "W", "21": "W"}, {"13": "S", "23": "W", "21": "W", "2": "W", "37": "W", "54": "N", "32": "E"}, {"13": "W", "21": "W", "2": "W", "23": "W", "32": "E", "54": "N", "37": "W"}, {"54": "W", "2": "W", "32": "N", "37": "W", "21": "W", "23": "W"}, {"32": "N", "2": "W", "21": "W", "54": "W", "37": "W"}, {"37": "W", "32": "N", "21": "W", "2": "W", "54": "S", "49": "W", "22": "S"}, {"19": "W", "22": "S", "23": "W", "2": "W", "21": "W", "32": "N", "54": "W", "37": "W", "49": "S"}, {"54": "W", "49": "S", "37": "N", "22": "S", "32": "N", "2": "S", "21": "W"}, {"22": "S", "2": "W", "54": "S", "37": "N", "32": "N", "21": "W"}, {"37": "N", "21": "W", "32": "N", "2": "S", "54": "S", "22": "E"}, {"37": "N", "2": "W", "32": "N", "22": "E", "21": "S", "54": "E"}, {"32": "N", "22": "E", "37": "N", "21": "W", "2": "W"}, {"58": "S", "13": "E", "2": "W", "42": "S", "22": "E", "21": "S", "19": "S", "37": "N", "32": "N"}, {"32": "W", "21": "W", "58": "W", "23": "W", "13": "E", "19": "S", "22": "E", "2": "S", "37": "N"}, {"19": "S", "22": "E", "32": "W", "21": "W", "58": "S", "2": "S", "37": "E", "13": "E"}, {"37": "N", "19": "S", "22": "E", "21": "W", "58": "S", "32": "W", "13": "N"}, {"21": "S", "58": "S", "37": "N", "32": "W", "13": "E", "19": "E", "22": "E"}, {"32": "W", "22": "N", "21": "W", "58": "E", "37": "N", "19": "E", "13": "E"}, {"58": "E", "37": "N", "13": "N", "22": "N", "32": "W", "19": "E"}, {"19": "E", "58": "E", "13": "E", "22": "N", "32": "W", "21": "W", "37": "N"}, {"13": "E", "21": "S", "58": "N", "22": "N", "19": "E", "32": "W"}, {"21": "S", "32": "W", "58": "N", "22": "N", "13": "S", "19": "E"}, {"22": "N", "13": "S", "58": "N", "19": "E", "32": "W"}, {"19": "E", "32": "W"}, {"19": "N", "32": "W", "33": "W", "58": "S", "22": "E", "7": "N"}, {"58": "W", "33": "W", "19": "N", "22": "N", "7": "E", "13": "S", "32": "S"}, {"58": "S", "32": "W", "13": "S", "19": "N", "22": "N", "7": "E"}, {"32": "S", "19": "N", "7": "E", "58": "S", "22": "W"}, {"58": "W", "7": "N", "32": "W", "22": "N"}, {"49": "W", "13": "E", "58": "W", "22": "W", "7": "E", "23": "S", "14": "E", "32": "W"}, {"23": "S", "49": "N", "33": "S", "58": "N", "7": "E", "19": "N", "13": "S", "32": "W", "14": "N", "52": "S", "22": "W"}, {"49": "N", "19": "N", "33": "S", "58": "N", "13": "S", "14": "E", "52": "E", "23": "W"}, {"19": "N", "52": "E", "49": "E", "23": "S", "13": "W", "14": "N"}, {"19": "N", "23": "S", "14": "N", "49": "E", "13": "S", "52": "E"}, {"52": "N", "19": "N", "14": "W", "49": "S", "23": "W", "13": "W"}, {"49": "E", "19": "W", "23": "W", "13": "W", "14": "W"}, {"49": "E", "13": "N", "23": "W"}, {"36": "E", "7": "W", "23": "W", "49": "N", "42": "E", "13": "N"}, {"36": "E", "49": "E", "23": "W", "7": "W", "22": "S", "13": "W"}, {"36": "E", "22": "W", "23": "W", "13": "W", "19": "W", "7": "W", "49": "N", "42": "E"}, {"49": "E", "13": "W", "7": "W", "23": "W", "42": "S", "19": "S", "22": "W"}, {"22": "W", "49": "E", "19": "W", "42": "S", "23": "W"}, {"7": "S", "42": "S", "23": "W", "19": "W"}, {"7": "W", "23": "W", "42": "S", "22": "W"}, {"42": "E", "7": "S", "49": "N", "22": "S", "23": "N"}, {"23": "N", "42": "E", "7": "W"}, {"23": "N", "7": "S", "42": "E"}, {"23": "N", "7": "W", "42": "E"}, {"42": "N", "23": "N", "7": "W"}, {"7": "W", "23": "N"}, {"7": "W", "23": "N", "58": "W", "19": "S", "13": "E", "36": "E"}, {"19": "W", "58": "N", "33": "S", "13": "E", "23": "N", "7": "W"}, {"36": "E", "7": "W", "23": "N", "58": "N", "33": "S", "13": "E"}, {"7": "W", "58": "E", "36": "E", "13": "S", "33": "S"}, {"58": "E", "33": "E", "7": "W", "36": "E", "13": "S"}, {"36": "S", "13": "S", "58": "E", "7": "W", "33": "E"}, {"36": "S", "58": "E", "7": "W", "13": "W", "33": "E"}, {"58": "E", "7": "W", "36": "S", "13": "S", "33": "N"}, {"7": "W", "13": "W", "58": "E", "33": "N"}, {"33": "E", "7": "W", "13": "W", "58": "E"}, {"7": "N", "58": "E", "13": "W"}, {"13": "W", "58": "E", "7": "N"}, {"58": "E", "13": "W", "7": "N"}, {"13": "W", "7": "N", "58": "E"}, {"7": "N", "58": "E", "13": "W"}, {"7": "N", "13": "W", "58": "N"}, {"7": "N", "13": "W", "58": "N"}, {"13": "W", "58": "N", "7": "N"}, {"7": "N", "58": "N", "13": "W"}, {"7": "E", "13": "W", "58": "N"}, {"13": "N", "58": "W"}, {"13": "N", "58": "W"}, {"13": "N", "58": "N"}, {"58": "W", "13": "N"}, {"58": "W", "13": "N"}, {"13": "N", "58": "W"}, {"58": "W", "13": "N"}, {"58": "W", "13": "N"}, {"13": "N", "58": "W"}, {"58": "W", "13": "N"}, {"58": "S"}, {"58": "S"}], "result": "SUCCESS", "makespan": 182, "sum": 1866, "algo_name": "BFS_0"}