{"instance": "small_free_002_10x10_50_50", "steps": [{"47": "E", "23": "W", "15": "W", "5": "E", "32": "E", "21": "W", "48": "W", "10": "E", "19": "E", "20": "E", "9": "E", "34": "E", "45": "W", "25": "W", "38": "W", "49": "W", "35": "W", "39": "W", "29": "W", "36": "S", "28": "W", "43": "E", "31": "E", "1": "E", "26": "E", "18": "W", "24": "E", "7": "W"}, {"23": "N", "43": "E", "9": "E", "38": "W", "15": "W", "30": "E", "14": "E", "41": "W", "49": "W", "1": "E", "18": "W", "8": "E", "34": "E", "21": "W", "32": "E", "22": "W", "31": "S"}, {"8": "E", "32": "E", "39": "W", "23": "N", "34": "E", "36": "S", "22": "W", "9": "E", "43": "E", "14": "E"}, {"33": "W", "40": "N", "23": "N", "8": "E", "3": "W", "43": "S", "45": "N", "10": "N", "32": "N", "28": "N", "34": "E", "15": "S", "1": "S", "30": "N", "4": "S", "25": "W", "6": "W", "13": "S"}, {"33": "N", "37": "W", "0": "E", "7": "W", "29": "W", "13": "E", "34": "E", "23": "N", "32": "E", "1": "E", "49": "W", "2": "W", "45": "W", "21": "W"}, {"39": "W", "3": "N", "5": "W", "20": "N", "32": "N", "1": "E", "23": "N", "28": "E", "33": "N", "4": "S", "22": "E", "37": "S", "16": "W", "13": "E", "49": "W", "8": "W", "6": "W", "0": "E", "46": "S", "15": "W", "44": "N", "2": "W"}, {"10": "S", "36": "S", "7": "N", "12": "W", "22": "N", "49": "W", "41": "N", "28": "N", "1": "E", "37": "S", "20": "E", "46": "E", "39": "W", "25": "S", "6": "N", "21": "N", "13": "N", "15": "S", "0": "N"}, {"9": "W", "33": "E", "20": "E", "12": "W", "30": "W", "49": "W", "1": "E", "21": "W", "5": "N", "8": "N", "3": "N", "39": "N"}, {"19": "S", "7": "E", "25": "E", "3": "W", "39": "N", "36": "S", "40": "E", "11": "W", "30": "E", "33": "E", "1": "N", "5": "E", "26": "W", "22": "W", "28": "N", "12": "S", "0": "N", "6": "N", "16": "W", "49": "N"}, {"12": "S", "25": "S", "40": "S", "4": "W", "35": "E", "43": "E", "8": "N", "23": "N", "18": "S", "10": "S", "2": "W", "49": "N", "22": "W", "16": "W"}, {"25": "S", "16": "W", "14": "E", "12": "S", "40": "S", "30": "E", "8": "E", "10": "E"}, {"12": "S", "7": "W", "0": "S", "14": "S", "16": "W", "9": "N", "19": "E", "28": "E", "5": "E", "38": "S", "40": "W", "34": "S", "39": "W"}, {"21": "W", "16": "W", "11": "W", "2": "N", "27": "S", "29": "W", "38": "W", "35": "N", "26": "S", "22": "W", "25": "S", "28": "N", "44": "E", "40": "W", "19": "E", "12": "S"}, {"16": "W", "12": "S", "37": "E", "4": "N", "5": "E", "40": "W", "44": "S", "25": "W", "35": "N", "19": "N", "28": "N", "24": "E"}, {"11": "N", "20": "W", "44": "E", "19": "N", "40": "E", "37": "W", "18": "W", "5": "E", "46": "W", "16": "N", "34": "W", "12": "S", "0": "S", "43": "S"}, {"0": "S", "16": "N", "43": "E", "46": "S", "2": "N", "40": "N", "20": "S", "38": "W", "12": "W", "5": "E", "8": "N"}, {"22": "E", "28": "N", "39": "W", "35": "E", "2": "E", "9": "W", "16": "N", "43": "E", "0": "E", "11": "W", "34": "E", "46": "S", "24": "S", "4": "W", "7": "N", "5": "N"}, {"20": "W", "39": "N", "46": "S", "16": "N", "19": "W", "43": "E", "35": "N", "44": "S"}, {"20": "E", "38": "S", "18": "E", "16": "N", "34": "W", "39": "N", "28": "W", "43": "W", "44": "S"}, {"16": "N", "28": "S", "32": "W", "37": "E", "11": "E", "43": "N", "33": "W", "0": "E", "44": "S", "7": "E", "38": "N", "27": "W", "9": "W"}, {"29": "E", "32": "S", "43": "N", "46": "S", "9": "S", "16": "N", "19": "N", "8": "N"}, {"20": "W", "33": "S", "19": "S", "8": "E", "16": "N", "9": "E", "43": "E", "2": "W", "27": "E", "39": "E", "32": "S"}, {"16": "E", "33": "E", "9": "S", "32": "E", "7": "W", "34": "N", "40": "N", "39": "E"}, {"20": "N", "46": "W", "4": "N", "33": "E", "32": "E", "35": "N", "7": "E", "2": "W", "29": "W", "22": "W"}, {"11": "E", "48": "E", "28": "W", "7": "E", "8": "E", "2": "E", "33": "W", "46": "E", "32": "E", "35": "W", "24": "S", "9": "N", "20": "E"}, {"4": "W", "48": "E", "17": "N", "9": "N", "34": "W", "7": "N", "20": "E", "35": "W", "32": "E"}, {"32": "E", "9": "S", "42": "S", "27": "E", "40": "N", "35": "E", "7": "N", "20": "E", "46": "W", "48": "W"}, {"35": "E", "46": "S", "9": "S", "28": "N", "42": "E", "20": "S", "7": "W", "32": "N", "40": "W"}, {"46": "S", "40": "W", "34": "E", "7": "N"}, {"7": "W", "34": "N", "11": "E", "46": "E", "2": "W", "33": "E", "9": "W", "20": "E", "40": "W", "27": "S"}, {"35": "N", "42": "W", "40": "W", "27": "W", "46": "E", "20": "S", "9": "S", "19": "W"}, {"7": "E", "26": "S", "40": "W", "46": "S", "27": "E", "35": "N", "20": "S", "48": "S", "4": "N", "29": "W", "9": "N", "22": "W", "37": "S"}, {"4": "N", "7": "E", "20": "S", "18": "W", "35": "W", "46": "E", "40": "S"}, {"27": "W", "46": "E", "22": "E", "4": "W", "35": "W", "9": "S", "20": "S", "30": "S", "40": "S", "28": "W", "7": "W"}, {"7": "W", "29": "E", "20": "S", "19": "S", "11": "S", "46": "E", "10": "E", "28": "N", "9": "S", "4": "W", "35": "W"}, {"9": "S", "4": "W", "20": "S", "11": "E", "48": "W"}, {"28": "E", "7": "N", "10": "W", "20": "S", "4": "S", "9": "S", "46": "W"}, {"9": "S", "30": "N", "2": "S", "29": "W", "28": "W", "38": "E", "4": "S", "11": "E", "20": "S", "48": "E"}, {"22": "W", "29": "W", "11": "S", "48": "E", "20": "W", "9": "E", "19": "N"}, {"28": "E", "11": "S", "29": "S", "46": "E", "20": "W", "22": "W", "42": "S", "48": "W", "10": "N", "27": "E"}, {"10": "N", "38": "N", "14": "E", "2": "E", "22": "W", "28": "N", "42": "E", "11": "S", "29": "S", "9": "E", "33": "E"}, {"0": "N", "7": "N", "11": "S", "28": "N", "4": "S", "22": "W", "10": "E", "29": "S"}, {"4": "W", "22": "N", "28": "W", "11": "W", "10": "E", "29": "S"}, {"29": "E", "9": "S", "10": "E", "28": "W", "38": "S", "48": "E", "34": "N", "35": "E", "22": "N", "4": "S", "11": "W", "30": "S"}, {"37": "W", "11": "S", "48": "N", "14": "E", "28": "W", "38": "W", "4": "S", "22": "W", "10": "E", "7": "W"}, {"18": "N", "10": "S", "38": "S", "4": "S", "35": "S", "48": "E", "28": "S", "7": "N"}, {"30": "W", "48": "N", "28": "S", "35": "S", "38": "W", "7": "W", "10": "S"}, {"30": "S", "38": "W", "14": "S", "7": "W", "35": "W"}, {"29": "S", "46": "S", "34": "E", "27": "S", "7": "W", "48": "E", "38": "W", "35": "W"}, {"48": "N", "38": "W", "46": "W", "7": "W", "29": "E", "42": "E"}, {"48": "N", "7": "S", "38": "S", "46": "W"}, {"26": "S", "33": "W", "34": "W", "48": "S", "38": "S", "9": "W", "27": "E"}, {"30": "N", "19": "W", "33": "W", "48": "S", "27": "S", "2": "W", "38": "S", "9": "N", "11": "W"}, {"27": "S", "19": "N", "48": "W", "38": "S", "9": "N"}, {"27": "E", "42": "S", "11": "W", "2": "E", "48": "S", "18": "N", "37": "S", "30": "N"}, {"27": "E", "34": "S", "42": "E", "18": "W", "46": "N", "26": "E", "48": "W"}, {"11": "S", "18": "W", "26": "S", "27": "E", "30": "N", "19": "S", "48": "W", "42": "S"}, {"26": "E", "19": "E", "18": "W", "34": "E", "27": "N", "42": "S", "30": "W", "48": "S"}, {"42": "E", "34": "S", "18": "W", "26": "S", "30": "W", "27": "N"}, {"26": "S", "42": "E", "27": "N", "18": "S", "30": "N"}, {"26": "E", "27": "N", "42": "E", "18": "W", "30": "N"}, {"30": "N", "42": "N", "26": "E", "27": "N", "18": "W"}, {"18": "S", "30": "E", "42": "N", "27": "N", "26": "E"}, {"26": "N", "42": "N", "18": "S", "27": "N", "30": "E"}, {"27": "N", "18": "S", "42": "N", "30": "E", "26": "N"}, {"18": "S", "27": "W", "26": "N", "30": "E", "42": "N"}, {"27": "W", "18": "S", "30": "E", "26": "N", "42": "N"}, {"26": "N", "30": "E", "18": "E", "42": "N"}, {"29": "W", "26": "W", "30": "S", "37": "N", "33": "S", "18": "S", "42": "N"}, {"30": "S", "46": "N", "26": "N", "9": "E", "42": "W", "29": "S", "37": "E", "18": "S"}, {"29": "S", "37": "N", "33": "E", "18": "E"}, {"2": "W", "37": "W", "33": "N", "48": "E", "42": "E", "19": "E", "29": "E", "18": "E"}, {"34": "E", "18": "E", "48": "N", "30": "S", "37": "S", "9": "E", "33": "E", "42": "N"}, {"19": "E", "48": "E", "42": "N", "34": "E", "18": "E", "9": "N"}, {"42": "W", "18": "E", "19": "N", "48": "E", "9": "N", "33": "E"}, {"42": "N", "46": "N", "2": "N", "18": "E", "48": "N", "19": "E", "33": "E", "34": "E"}, {"34": "N", "48": "N", "46": "E", "19": "E", "42": "W", "18": "N", "33": "E"}, {"33": "E", "19": "N", "42": "W", "2": "N", "48": "N", "34": "E", "46": "E", "18": "N"}, {"2": "E", "19": "N", "46": "E", "33": "N", "42": "S", "34": "E"}, {"37": "S", "2": "N", "46": "E", "34": "N", "42": "S", "33": "E"}, {"37": "S", "33": "E", "46": "N", "42": "S"}, {"37": "S"}, {"48": "N", "19": "N", "34": "E"}, {"33": "N", "34": "N", "48": "W"}, {"34": "N", "33": "N", "48": "W"}, {"48": "W"}, {"48": "W", "19": "N"}, {"33": "N", "19": "W", "48": "N"}, {"33": "N", "48": "N", "19": "W"}, {"48": "W", "34": "W", "33": "W", "19": "W"}, {"48": "W", "19": "W", "34": "N", "33": "W"}, {"34": "W", "48": "W", "33": "W"}, {"34": "N", "48": "S"}, {"48": "S"}, {"48": "S"}, {"48": "E"}, {"48": "E"}], "result": "SUCCESS", "makespan": 97, "sum": 784, "algo_name": "BFS_1"}