{"instance": "small_free_019_20x20_90_360", "steps": [{"5": "E", "15": "N", "16": "S", "18": "W", "20": "W", "21": "N", "27": "E", "34": "S", "36": "S", "50": "E", "53": "W", "69": "N", "90": "N", "93": "E", "99": "N", "109": "S", "113": "N", "117": "W", "118": "N", "121": "W", "122": "N", "134": "S", "141": "E", "142": "N", "149": "W", "150": "W", "159": "W", "166": "E", "170": "E", "177": "N", "179": "E", "185": "W", "188": "W", "190": "S", "202": "E", "203": "W", "209": "E", "211": "W", "224": "N", "226": "S", "228": "S", "256": "E", "257": "E", "270": "N", "272": "S", "273": "S", "281": "E", "302": "S", "306": "W", "330": "W", "331": "S", "332": "W", "334": "S", "335": "N", "336": "W", "341": "S", "350": "S", "359": "E", "11": "E", "12": "S", "19": "E", "51": "W", "56": "W", "59": "E", "74": "S", "76": "S", "80": "E", "83": "N", "88": "N", "110": "W", "114": "N", "115": "W", "123": "S", "124": "W", "130": "E", "132": "N", "135": "N", "137": "W", "147": "S", "151": "W", "168": "E", "171": "N", "173": "W", "184": "W", "193": "E", "199": "E", "212": "W", "216": "S", "219": "E", "221": "S", "225": "E", "235": "W", "240": "E", "254": "E", "255": "N", "260": "N", "278": "E", "279": "W", "280": "S", "300": "N", "305": "S", "314": "W", "316": "N", "322": "N", "324": "S", "327": "N", "328": "W", "337": "E", "344": "W", "351": "S", "356": "N", "7": "N", "10": "N", "24": "W", "39": "N", "47": "N", "54": "W", "81": "W", "82": "N", "97": "N", "100": "N", "102": "S", "103": "E", "105": "W", "106": "S", "107": "N", "136": "W", "143": "N", "144": "S", "146": "S", "156": "S", "158": "S", "165": "E", "175": "E", "187": "N", "189": "E", "191": "E", "208": "N", "230": "S", "258": "W", "267": "W", "268": "E", "292": "E", "297": "E", "304": "W", "318": "N", "319": "S", "321": "E", "325": "E", "326": "S", "342": "W", "348": "W", "349": "W", "357": "E", "1": "W", "2": "E", "22": "W", "30": "S", "37": "E", "42": "E", "61": "N", "67": "W", "85": "S", "94": "S", "95": "N", "101": "N", "104": "E", "111": "W", "126": "E", "128": "W", "153": "N", "155": "S", "163": "E", "194": "E", "204": "S", "232": "S", "237": "W", "238": "E", "242": "W", "245": "E", "264": "W", "265": "N", "277": "E", "286": "N", "287": "N", "289": "S", "301": "N", "303": "S", "311": "W", "312": "W", "317": "S", "320": "E", "338": "S", "358": "W", "29": "E", "31": "S", "32": "E", "38": "S", "45": "E", "55": "E", "62": "N", "119": "W", "120": "N", "125": "S", "131": "S", "161": "N", "164": "S", "181": "W", "182": "W", "198": "N", "205": "N", "215": "N", "227": "S", "249": "W", "262": "W", "269": "E", "275": "N", "283": "E", "298": "E", "308": "E", "347": "S", "353": "N", "3": "S", "44": "E", "58": "W", "71": "S", "72": "W", "75": "E", "78": "N", "79": "W", "84": "N", "127": "S", "152": "N", "154": "E", "167": "S", "172": "E", "174": "E", "218": "N", "220": "W", "222": "E", "243": "W", "266": "N", "288": "S", "294": "N", "296": "N", "309": "W", "315": "S", "0": "W", "17": "S", "43": "W", "46": "N", "52": "W", "57": "N", "66": "E", "91": "N", "98": "N", "108": "S", "112": "S", "206": "E", "229": "W", "248": "S", "284": "E", "295": "N", "307": "W", "310": "S", "343": "E", "13": "W", "64": "N", "162": "N", "186": "S", "207": "N", "239": "E", "274": "W", "276": "S", "340": "W", "352": "W", "70": "S", "160": "N", "263": "N", "291": "S", "339": "E", "345": "N"}, {"5": "E", "15": "N", "16": "S", "18": "W", "20": "W", "21": "N", "27": "E", "34": "S", "36": "S", "50": "E", "53": "W", "69": "N", "90": "N", "93": "E", "99": "N", "109": "S", "113": "N", "117": "W", "118": "N", "121": "W", "122": "N", "134": "S", "141": "E", "142": "N", "149": "W", "150": "W", "159": "W", "166": "E", "170": "E", "177": "N", "179": "E", "185": "W", "188": "W", "190": "S", "202": "E", "203": "W", "209": "E", "211": "W", "224": "N", "226": "S", "228": "S", "256": "E", "257": "E", "270": "N", "272": "S", "273": "S", "281": "E", "302": "S", "306": "W", "330": "W", "331": "S", "332": "W", "334": "S", "335": "N", "336": "W", "341": "S", "350": "S", "359": "E", "11": "E", "12": "S", "19": "E", "51": "W", "56": "W", "59": "E", "74": "S", "76": "S", "80": "E", "83": "N", "88": "N", "110": "W", "114": "N", "115": "W", "123": "S", "124": "W", "130": "E", "132": "N", "135": "N", "137": "W", "147": "S", "151": "W", "168": "E", "171": "N", "173": "W", "184": "W", "193": "E", "199": "E", "212": "W", "216": "S", "219": "E", "221": "S", "225": "E", "235": "W", "240": "E", "254": "E", "255": "N", "260": "N", "278": "E", "279": "W", "280": "S", "300": "N", "305": "S", "314": "W", "316": "N", "322": "N", "324": "S", "327": "N", "328": "W", "337": "E", "344": "W", "351": "S", "356": "N", "7": "N", "10": "N", "24": "W", "39": "N", "47": "N", "54": "W", "81": "W", "82": "N", "97": "N", "100": "N", "102": "S", "103": "E", "105": "W", "106": "S", "107": "N", "136": "W", "143": "N", "144": "S", "146": "S", "156": "S", "158": "S", "165": "E", "175": "E", "187": "N", "189": "E", "191": "E", "208": "N", "230": "S", "258": "W", "267": "W", "268": "E", "292": "E", "297": "E", "304": "W", "318": "N", "319": "S", "321": "E", "325": "E", "326": "S", "342": "W", "348": "W", "349": "W", "357": "E", "1": "W", "2": "E", "22": "W", "30": "S", "37": "E", "42": "E", "61": "N", "67": "W", "85": "S", "94": "S", "95": "N", "101": "N", "104": "E", "111": "W", "126": "E", "128": "W", "153": "N", "155": "S", "163": "E", "194": "E", "204": "S", "232": "S", "237": "W", "238": "E", "242": "W", "245": "E", "264": "W", "265": "N", "277": "E", "286": "N", "287": "N", "289": "S", "301": "N", "303": "S", "311": "W", "312": "W", "317": "S", "320": "E", "338": "S", "358": "W", "29": "E", "31": "S", "32": "E", "38": "S", "45": "E", "55": "E", "62": "N", "119": "W", "120": "N", "125": "S", "131": "S", "161": "N", "164": "S", "181": "W", "182": "W", "198": "N", "205": "N", "215": "N", "227": "S", "249": "W", "262": "W", "269": "E", "275": "N", "283": "E", "298": "E", "308": "E", "347": "S", "353": "N", "3": "S", "44": "E", "58": "W", "71": "S", "72": "W", "75": "E", "78": "N", "79": "W", "84": "N", "127": "S", "152": "N", "154": "E", "167": "S", "172": "E", "174": "E", "218": "N", "220": "W", "222": "E", "243": "W", "266": "N", "288": "S", "294": "N", "296": "N", "309": "W", "315": "S", "0": "W", "17": "S", "43": "W", "46": "N", "52": "W", "57": "N", "66": "E", "91": "N", "98": "N", "108": "S", "112": "S", "206": "E", "229": "W", "248": "S", "284": "E", "295": "N", "307": "W", "310": "S", "343": "E", "13": "W", "64": "N", "162": "N", "186": "S", "207": "N", "239": "E", "274": "W", "276": "S", "340": "W", "352": "W", "70": "S", "160": "N", "263": "N", "291": "S", "339": "E", "345": "N", "293": "E", "33": "W", "259": "W", "77": "N", "247": "W", "290": "N", "4": "S", "192": "S", "323": "W", "14": "S", "26": "W", "73": "S", "35": "N", "214": "S", "180": "W", "65": "W", "354": "W", "139": "W", "329": "N", "63": "W", "217": "N", "213": "W", "6": "W", "200": "W", "313": "N", "25": "S", "41": "N", "271": "N", "223": "W", "201": "N", "250": "W", "253": "S", "231": "W", "129": "N", "355": "N", "251": "S", "148": "N", "234": "E", "197": "N", "68": "W", "233": "S", "210": "W", "138": "W", "23": "W", "261": "N", "92": "S", "49": "N", "244": "S", "169": "W", "140": "N", "8": "W", "176": "W", "89": "S", "299": "W", "241": "N", "116": "W", "87": "W", "145": "E", "252": "W", "196": "W", "183": "E", "86": "N", "60": "W", "157": "E", "178": "W", "133": "N", "346": "E", "285": "E", "282": "S", "236": "E", "96": "S", "48": "S", "40": "W", "333": "N", "246": "W", "195": "S", "28": "E", "9": "S"}, {"5": "E", "15": "N", "18": "W", "20": "W", "21": "N", "27": "E", "34": "S", "36": "S", "50": "S", "69": "N", "90": "N", "93": "E", "99": "N", "109": "S", "113": "N", "117": "W", "118": "N", "121": "N", "122": "N", "134": "S", "141": "E", "142": "E", "149": "W", "150": "W", "159": "W", "166": "N", "170": "N", "177": "N", "179": "E", "185": "W", "188": "W", "190": "S", "202": "E", "203": "W", "209": "E", "211": "W", "224": "N", "226": "S", "228": "S", "256": "E", "257": "E", "270": "W", "272": "S", "273": "S", "281": "E", "302": "S", "306": "W", "330": "W", "331": "S", "332": "W", "334": "S", "335": "N", "336": "N", "341": "S", "350": "S", "359": "E", "12": "S", "51": "W", "59": "E", "74": "S", "76": "S", "83": "N", "88": "N", "110": "W", "114": "N", "115": "W", "123": "S", "124": "W", "130": "E", "132": "N", "135": "N", "137": "W", "147": "S", "151": "W", "173": "W", "193": "E", "199": "E", "212": "W", "216": "S", "219": "E", "221": "S", "225": "E", "235": "W", "240": "E", "254": "E", "255": "N", "260": "N", "278": "E", "279": "W", "280": "S", "300": "N", "305": "S", "316": "N", "322": "N", "324": "S", "327": "N", "328": "W", "337": "E", "344": "W", "351": "S", "7": "N", "24": "W", "39": "N", "47": "N", "81": "W", "82": "N", "97": "N", "100": "N", "102": "S", "103": "E", "106": "S", "107": "N", "136": "W", "144": "S", "146": "S", "156": "S", "158": "S", "165": "E", "187": "N", "189": "E", "208": "N", "230": "S", "258": "W", "267": "W", "268": "E", "292": "E", "297": "E", "304": "W", "318": "N", "319": "S", "321": "E", "326": "S", "342": "W", "348": "W", "349": "W", "357": "E", "2": "E", "22": "W", "30": "S", "42": "E", "61": "N", "67": "W", "85": "S", "94": "S", "95": "N", "101": "N", "111": "W", "128": "W", "153": "N", "155": "S", "163": "E", "194": "E", "204": "S", "232": "S", "237": "W", "238": "E", "242": "W", "245": "E", "264": "W", "265": "N", "277": "E", "286": "N", "287": "N", "289": "S", "301": "N", "303": "S", "311": "W", "312": "W", "317": "S", "320": "E", "338": "S", "358": "W", "29": "E", "31": "S", "38": "S", "55": "E", "62": "N", "119": "W", "120": "N", "125": "S", "131": "S", "161": "N", "164": "S", "181": "W", "182": "W", "198": "N", "205": "N", "215": "N", "227": "S", "249": "W", "262": "W", "269": "E", "275": "N", "283": "E", "308": "E", "347": "S", "353": "N", "3": "S", "44": "E", "58": "W", "71": "S", "72": "W", "78": "N", "79": "W", "84": "N", "127": "S", "152": "N", "154": "E", "167": "S", "174": "E", "218": "N", "220": "W", "222": "E", "243": "W", "266": "N", "288": "S", "294": "N", "296": "N", "309": "W", "315": "S", "0": "W", "17": "S", "43": "W", "46": "N", "52": "W", "57": "N", "66": "E", "91": "N", "98": "N", "108": "S", "112": "S", "229": "W", "248": "S", "284": "E", "295": "N", "307": "W", "310": "S", "343": "E", "13": "W", "64": "N", "162": "N", "186": "S", "207": "N", "239": "E", "274": "W", "276": "S", "340": "W", "352": "W", "70": "S", "160": "N", "263": "N", "291": "S", "339": "E", "345": "N", "293": "N", "33": "W", "259": "N", "77": "N", "247": "W", "290": "N", "4": "S", "192": "S", "323": "N", "14": "S", "26": "W", "73": "S", "35": "N", "214": "S", "180": "S", "65": "S", "354": "N", "139": "W", "329": "W", "63": "W", "217": "N", "213": "S", "6": "N", "200": "W", "313": "E", "25": "E", "41": "N", "271": "N", "223": "N", "201": "N", "250": "W", "253": "S", "231": "W", "129": "N", "355": "W", "251": "S", "148": "E", "234": "S", "197": "N", "68": "W", "233": "W", "210": "W", "138": "E", "23": "S", "261": "N", "92": "S", "49": "N", "244": "W", "169": "W", "140": "S", "8": "W", "176": "W", "89": "N", "299": "W", "241": "S", "116": "W", "87": "N", "145": "W", "252": "W", "196": "S", "183": "N", "86": "N", "60": "W", "157": "S", "178": "W", "133": "E", "285": "N", "282": "S", "236": "E", "96": "W", "48": "W", "40": "N", "333": "N", "246": "S", "195": "S", "28": "W", "9": "S"}, {"5": "E", "15": "N", "18": "W", "20": "W", "21": "N", "34": "S", "36": "S", "50": "E", "53": "W", "69": "N", "90": "N", "93": "E", "99": "N", "109": "W", "113": "N", "117": "W", "118": "N", "122": "N", "134": "S", "141": "E", "142": "N", "149": "W", "150": "W", "159": "W", "166": "E", "170": "E", "177": "N", "179": "E", "185": "W", "188": "W", "190": "S", "209": "E", "211": "W", "224": "N", "226": "S", "228": "S", "256": "E", "257": "E", "272": "S", "273": "S", "281": "E", "330": "W", "332": "W", "334": "S", "336": "W", "341": "E", "350": "S", "359": "E", "11": "E", "12": "S", "19": "E", "51": "W", "56": "W", "59": "E", "74": "S", "76": "S", "80": "E", "83": "N", "88": "N", "115": "W", "123": "S", "124": "W", "130": "E", "132": "N", "135": "N", "137": "W", "151": "W", "168": "E", "171": "N", "173": "W", "184": "W", "193": "E", "199": "E", "212": "W", "216": "S", "219": "E", "221": "S", "225": "E", "235": "W", "240": "E", "255": "N", "260": "N", "278": "E", "279": "W", "300": "N", "305": "S", "314": "W", "316": "N", "322": "N", "324": "S", "327": "N", "328": "W", "337": "E", "344": "W", "351": "S", "356": "N", "7": "N", "24": "W", "39": "N", "47": "N", "81": "W", "82": "N", "97": "N", "100": "N", "102": "S", "103": "E", "106": "S", "107": "N", "136": "W", "144": "S", "146": "S", "156": "S", "158": "S", "165": "E", "187": "N", "189": "E", "208": "N", "230": "S", "258": "W", "267": "W", "268": "E", "292": "E", "297": "E", "304": "W", "318": "N", "319": "S", "321": "E", "326": "S", "342": "W", "348": "W", "349": "W", "357": "E", "10": "N", "54": "W", "105": "W", "143": "N", "175": "E", "191": "E", "325": "E", "1": "W", "2": "E", "22": "W", "30": "S", "37": "E", "42": "E", "61": "N", "67": "W", "85": "S", "94": "S", "95": "N", "101": "N", "104": "E", "111": "W", "126": "E", "128": "W", "153": "N", "155": "S", "163": "E", "194": "E", "204": "S", "232": "S", "237": "W", "238": "E", "242": "W", "245": "E", "264": "W", "265": "N", "277": "E", "286": "N", "287": "N", "289": "S", "301": "N", "303": "S", "311": "W", "312": "W", "317": "S", "320": "E", "338": "S", "358": "W", "29": "E", "31": "S", "32": "E", "38": "S", "45": "E", "55": "E", "62": "N", "119": "W", "120": "N", "125": "S", "131": "S", "161": "N", "164": "S", "181": "W", "182": "W", "198": "N", "205": "N", "215": "N", "227": "S", "249": "W", "262": "W", "269": "E", "275": "N", "283": "E", "298": "E", "308": "E", "347": "S", "353": "N", "3": "S", "44": "E", "58": "W", "71": "S", "72": "W", "75": "E", "78": "N", "79": "W", "84": "N", "127": "S", "152": "N", "154": "E", "167": "S", "172": "E", "174": "E", "218": "N", "220": "W", "222": "E", "243": "W", "266": "N", "288": "S", "294": "N", "296": "N", "309": "W", "315": "S", "0": "W", "17": "S", "43": "W", "46": "N", "52": "W", "57": "N", "66": "E", "91": "N", "98": "N", "108": "S", "112": "S", "206": "E", "229": "W", "248": "S", "284": "E", "295": "N", "307": "W", "310": "S", "343": "E", "13": "W", "64": "N", "162": "N", "186": "S", "207": "N", "239": "E", "274": "W", "276": "S", "340": "W", "352": "W", "70": "S", "160": "N", "263": "N", "291": "S", "339": "E", "345": "N", "293": "E", "33": "W", "259": "N", "77": "N", "247": "W", "290": "N", "4": "E", "192": "S", "323": "W", "14": "S", "26": "W", "73": "E", "35": "N", "214": "S", "180": "S", "65": "S", "354": "W", "139": "W", "329": "N", "63": "W", "217": "N", "213": "W", "6": "W", "200": "S", "313": "N", "25": "E", "41": "E", "271": "N", "223": "W", "201": "N", "250": "N", "253": "E", "231": "W", "129": "N", "355": "W", "251": "S", "148": "E", "234": "E", "197": "N", "68": "W", "233": "S", "210": "N", "138": "W", "23": "S", "261": "N", "92": "S", "49": "N", "244": "S", "169": "W", "140": "W", "8": "W", "176": "W", "89": "E", "299": "W", "241": "W", "116": "S", "87": "N", "145": "S", "252": "W", "196": "W", "183": "E", "86": "E", "60": "N", "157": "E", "178": "W", "133": "E", "285": "E", "282": "E", "96": "W", "48": "W", "40": "N", "333": "N", "246": "S", "195": "S", "28": "E", "9": "E"}, {"5": "E", "15": "N", "18": "W", "20": "W", "34": "S", "36": "S", "50": "E", "53": "W", "69": "N", "90": "N", "93": "E", "99": "N", "113": "N", "117": "W", "118": "N", "122": "E", "141": "E", "142": "N", "149": "W", "150": "W", "159": "W", "166": "E", "170": "E", "179": "E", "185": "W", "188": "S", "190": "S", "209": "E", "211": "W", "228": "S", "256": "E", "257": "E", "272": "S", "273": "S", "281": "E", "330": "W", "331": "S", "332": "W", "334": "S", "336": "W", "350": "S", "359": "E", "11": "E", "12": "S", "19": "E", "56": "W", "59": "E", "74": "S", "76": "S", "80": "E", "83": "N", "88": "N", "115": "W", "123": "S", "124": "W", "130": "E", "132": "N", "135": "N", "137": "W", "151": "W", "168": "E", "171": "N", "173": "W", "184": "W", "193": "E", "199": "E", "212": "W", "216": "S", "219": "E", "225": "E", "235": "W", "240": "E", "278": "E", "279": "W", "280": "S", "300": "N", "305": "S", "314": "W", "316": "N", "324": "S", "327": "N", "328": "W", "337": "E", "344": "W", "351": "S", "356": "N", "24": "W", "39": "N", "47": "N", "81": "W", "82": "N", "102": "S", "103": "E", "106": "S", "107": "N", "136": "W", "144": "S", "146": "S", "156": "S", "158": "S", "165": "E", "187": "N", "189": "E", "208": "N", "258": "W", "267": "W", "268": "E", "292": "E", "297": "E", "304": "W", "319": "S", "321": "E", "326": "S", "342": "W", "348": "W", "357": "E", "10": "N", "54": "W", "105": "W", "143": "N", "175": "E", "191": "E", "325": "E", "2": "E", "22": "W", "30": "S", "42": "E", "61": "N", "67": "W", "85": "S", "94": "S", "95": "N", "101": "N", "111": "W", "128": "W", "153": "N", "155": "S", "163": "E", "194": "E", "204": "S", "238": "E", "242": "W", "245": "E", "264": "W", "265": "N", "277": "E", "287": "N", "289": "S", "301": "N", "303": "S", "311": "W", "312": "W", "317": "S", "320": "E", "338": "S", "358": "W", "1": "W", "37": "E", "104": "E", "126": "E", "29": "E", "31": "S", "32": "E", "38": "S", "45": "E", "55": "E", "62": "N", "119": "W", "120": "N", "125": "S", "131": "S", "164": "S", "181": "W", "182": "W", "198": "N", "205": "N", "215": "N", "227": "S", "249": "W", "262": "W", "269": "E", "275": "N", "283": "E", "298": "E", "308": "E", "353": "N", "3": "S", "44": "E", "58": "W", "71": "S", "72": "W", "75": "E", "78": "N", "79": "W", "84": "N", "127": "S", "152": "N", "154": "E", "167": "S", "172": "E", "174": "E", "218": "N", "220": "W", "222": "E", "243": "W", "266": "N", "294": "N", "296": "N", "309": "W", "315": "S", "0": "W", "17": "S", "43": "W", "46": "N", "52": "W", "57": "N", "66": "E", "91": "N", "98": "N", "112": "S", "206": "E", "229": "W", "248": "S", "284": "E", "295": "N", "307": "W", "310": "S", "343": "E", "13": "W", "64": "N", "162": "N", "186": "S", "207": "N", "239": "E", "274": "W", "276": "S", "340": "W", "352": "W", "70": "S", "160": "N", "263": "N", "291": "S", "339": "E", "345": "N", "33": "W", "259": "W", "77": "N", "247": "W", "290": "N", "4": "E", "192": "E", "323": "W", "14": "E", "26": "W", "73": "E", "35": "N", "214": "S", "180": "W", "65": "S", "354": "W", "139": "W", "329": "N", "63": "S", "217": "N", "213": "W", "6": "W", "200": "S", "313": "S", "25": "E", "41": "N", "271": "N", "223": "W", "201": "N", "250": "N", "253": "E", "231": "N", "129": "N", "355": "W", "251": "E", "148": "E", "234": "E", "197": "E", "68": "E", "233": "N", "210": "E", "138": "E", "23": "S", "261": "W", "92": "S", "49": "N", "244": "E", "169": "W", "140": "W", "8": "W", "176": "W", "89": "E", "299": "W", "241": "W", "116": "S", "87": "N", "145": "S", "252": "S", "196": "W", "183": "E", "86": "N", "60": "W", "157": "E", "178": "W", "133": "E", "285": "N", "282": "S", "236": "W", "96": "N", "48": "N", "40": "W", "333": "N", "246": "S", "195": "S", "28": "E", "9": "E"}, {"5": "E", "15": "N", "18": "W", "20": "W", "34": "S", "50": "E", "53": "W", "69": "N", "90": "N", "99": "N", "113": "N", "117": "W", "118": "W", "141": "E", "142": "N", "149": "W", "166": "E", "170": "E", "179": "E", "190": "S", "211": "W", "228": "S", "256": "E", "257": "E", "273": "S", "281": "E", "302": "S", "331": "S", "332": "W", "334": "S", "335": "N", "336": "W", "350": "S", "11": "E", "12": "S", "19": "E", "51": "W", "56": "W", "76": "S", "80": "E", "83": "N", "88": "N", "114": "N", "130": "E", "132": "N", "135": "N", "137": "W", "147": "S", "151": "W", "168": "E", "171": "N", "173": "W", "184": "W", "193": "E", "199": "E", "212": "W", "216": "S", "219": "E", "225": "E", "255": "N", "279": "W", "280": "S", "300": "N", "305": "S", "314": "N", "316": "N", "324": "S", "337": "E", "344": "W", "351": "S", "356": "N", "24": "W", "39": "N", "47": "N", "82": "N", "100": "N", "102": "S", "103": "E", "106": "S", "107": "N", "136": "W", "144": "S", "146": "S", "156": "S", "158": "S", "165": "E", "187": "N", "208": "N", "258": "W", "267": "W", "292": "E", "297": "E", "304": "W", "319": "S", "321": "E", "342": "W", "349": "W", "357": "E", "10": "N", "54": "W", "105": "W", "143": "N", "175": "E", "191": "E", "325": "E", "22": "W", "42": "E", "61": "N", "67": "W", "85": "S", "94": "S", "95": "N", "101": "N", "128": "W", "153": "N", "155": "S", "163": "E", "204": "S", "232": "S", "237": "W", "238": "E", "242": "W", "245": "E", "264": "W", "265": "N", "277": "E", "286": "N", "287": "N", "289": "S", "301": "N", "303": "S", "312": "W", "317": "S", "320": "E", "338": "S", "358": "W", "1": "W", "37": "E", "104": "E", "126": "E", "29": "E", "31": "S", "38": "S", "55": "E", "62": "N", "119": "W", "120": "N", "125": "S", "131": "S", "164": "S", "181": "W", "182": "W", "198": "N", "215": "N", "227": "S", "249": "W", "262": "W", "269": "E", "275": "N", "283": "E", "308": "E", "353": "N", "32": "E", "45": "E", "161": "N", "298": "E", "347": "S", "3": "S", "44": "E", "58": "W", "71": "S", "72": "W", "75": "E", "78": "N", "79": "W", "84": "N", "127": "S", "152": "N", "154": "E", "167": "S", "172": "E", "174": "E", "220": "W", "222": "E", "243": "W", "266": "N", "288": "S", "294": "N", "296": "N", "309": "W", "315": "S", "0": "W", "17": "S", "43": "W", "46": "N", "52": "W", "57": "N", "66": "E", "98": "N", "108": "S", "112": "S", "206": "E", "229": "W", "248": "S", "284": "E", "295": "N", "307": "W", "310": "S", "343": "E", "13": "W", "64": "N", "186": "S", "207": "N", "239": "E", "274": "W", "276": "S", "340": "W", "352": "W", "70": "S", "263": "N", "291": "S", "339": "E", "345": "N", "33": "W", "259": "E", "77": "E", "247": "S", "290": "N", "4": "E", "192": "E", "323": "W", "14": "E", "26": "W", "73": "E", "35": "N", "214": "E", "180": "W", "65": "S", "354": "S", "139": "W", "329": "N", "63": "S", "217": "W", "213": "W", "6": "N", "200": "W", "313": "W", "25": "E", "41": "N", "271": "N", "223": "E", "201": "N", "250": "N", "253": "E", "231": "N", "129": "N", "355": "W", "148": "S", "234": "E", "197": "E", "68": "S", "233": "S", "210": "S", "138": "E", "23": "S", "261": "W", "92": "S", "49": "N", "244": "S", "169": "S", "140": "S", "8": "W", "176": "N", "89": "E", "299": "S", "241": "W", "116": "S", "87": "N", "145": "S", "252": "S", "196": "W", "183": "E", "86": "N", "60": "W", "157": "E", "178": "W", "133": "N", "285": "E", "282": "S", "236": "W", "96": "N", "48": "N", "40": "W", "333": "N", "246": "S", "195": "S", "28": "E", "9": "E"}, {"5": "E", "15": "N", "18": "S", "20": "W", "34": "S", "53": "W", "69": "N", "99": "N", "117": "S", "118": "N", "141": "E", "149": "W", "166": "E", "179": "E", "190": "S", "209": "E", "211": "W", "224": "N", "228": "E", "256": "E", "257": "E", "273": "S", "281": "S", "302": "S", "331": "S", "332": "W", "334": "S", "335": "N", "336": "W", "11": "E", "12": "S", "19": "E", "51": "W", "56": "W", "76": "S", "80": "N", "88": "N", "114": "N", "130": "E", "132": "N", "135": "W", "147": "S", "151": "W", "168": "E", "173": "W", "184": "W", "193": "E", "212": "W", "216": "S", "219": "E", "225": "E", "240": "E", "255": "N", "260": "N", "279": "W", "280": "S", "316": "N", "327": "N", "337": "E", "351": "S", "356": "N", "24": "W", "39": "N", "47": "N", "100": "N", "106": "S", "136": "W", "144": "S", "146": "S", "156": "S", "165": "E", "187": "N", "258": "W", "292": "E", "297": "E", "318": "N", "319": "S", "321": "E", "342": "W", "349": "W", "357": "E", "54": "W", "105": "W", "143": "N", "175": "E", "191": "E", "325": "E", "42": "E", "61": "N", "67": "W", "85": "S", "94": "S", "95": "N", "101": "N", "128": "W", "155": "S", "163": "E", "204": "S", "232": "S", "237": "W", "238": "E", "242": "W", "264": "W", "265": "N", "277": "E", "286": "N", "301": "N", "303": "S", "312": "W", "317": "S", "320": "E", "1": "W", "37": "E", "104": "E", "126": "E", "29": "E", "31": "S", "38": "S", "55": "E", "62": "N", "119": "W", "120": "N", "125": "S", "131": "S", "164": "S", "181": "W", "182": "W", "198": "N", "205": "N", "215": "N", "227": "S", "249": "W", "262": "W", "269": "E", "283": "E", "308": "E", "353": "N", "32": "E", "45": "E", "161": "N", "298": "E", "347": "S", "3": "S", "44": "E", "58": "W", "71": "S", "72": "W", "78": "N", "79": "W", "84": "N", "127": "S", "152": "N", "154": "E", "167": "S", "174": "E", "220": "W", "222": "E", "243": "W", "266": "N", "294": "N", "296": "N", "309": "W", "315": "S", "75": "E", "172": "E", "218": "N", "288": "S", "0": "W", "17": "S", "43": "W", "46": "N", "52": "W", "57": "N", "66": "E", "91": "N", "98": "N", "108": "S", "112": "S", "206": "E", "229": "W", "248": "S", "284": "E", "295": "N", "307": "W", "310": "S", "343": "E", "13": "W", "64": "N", "162": "N", "186": "S", "207": "N", "239": "E", "274": "W", "276": "S", "340": "W", "352": "W", "70": "S", "160": "N", "263": "N", "291": "S", "339": "E", "345": "N", "33": "S", "259": "W", "77": "E", "247": "S", "290": "N", "4": "E", "192": "E", "323": "W", "14": "E", "26": "W", "73": "E", "35": "E", "214": "E", "180": "S", "65": "S", "354": "S", "139": "W", "329": "N", "63": "S", "217": "W", "213": "W", "6": "N", "200": "E", "313": "W", "25": "E", "41": "N", "271": "N", "223": "E", "201": "N", "250": "N", "253": "E", "231": "N", "129": "E", "355": "W", "148": "E", "234": "E", "197": "E", "68": "S", "233": "N", "210": "W", "138": "E", "23": "S", "261": "W", "92": "S", "49": "N", "244": "S", "169": "N", "140": "N", "8": "W", "176": "W", "89": "E", "299": "W", "241": "W", "116": "W", "87": "N", "145": "E", "252": "S", "196": "W", "183": "N", "86": "N", "60": "W", "157": "E", "178": "S", "133": "E", "285": "E", "282": "S", "236": "W", "96": "W", "48": "N", "40": "W", "333": "N", "246": "S", "195": "S", "28": "E", "9": "E"}, {"5": "E", "15": "N", "18": "W", "20": "W", "34": "S", "53": "W", "99": "N", "117": "W", "118": "N", "141": "E", "142": "N", "149": "W", "159": "W", "166": "E", "179": "E", "185": "W", "190": "S", "211": "W", "224": "N", "228": "S", "257": "E", "272": "S", "302": "S", "331": "S", "332": "W", "334": "S", "11": "E", "12": "S", "19": "E", "51": "S", "56": "W", "74": "S", "76": "S", "88": "N", "115": "W", "124": "W", "130": "E", "137": "W", "147": "S", "151": "W", "168": "E", "171": "N", "173": "W", "199": "E", "212": "W", "219": "E", "225": "E", "255": "E", "260": "N", "279": "W", "280": "S", "316": "N", "324": "S", "327": "N", "337": "E", "344": "W", "351": "S", "356": "N", "24": "W", "39": "N", "82": "N", "102": "S", "103": "E", "106": "S", "136": "W", "146": "S", "156": "S", "165": "E", "187": "N", "258": "W", "267": "W", "292": "E", "297": "E", "304": "W", "318": "N", "319": "S", "326": "S", "342": "W", "348": "W", "357": "E", "10": "N", "105": "W", "143": "N", "175": "E", "191": "E", "325": "E", "22": "W", "30": "S", "61": "N", "67": "W", "85": "S", "94": "S", "95": "N", "128": "W", "155": "S", "163": "E", "204": "S", "232": "S", "238": "E", "242": "W", "245": "E", "264": "W", "265": "N", "277": "E", "289": "S", "301": "N", "303": "S", "311": "W", "312": "W", "320": "E", "358": "W", "1": "W", "37": "E", "104": "E", "126": "E", "29": "E", "38": "S", "55": "E", "62": "N", "119": "W", "120": "N", "125": "S", "131": "S", "164": "S", "181": "W", "205": "N", "215": "N", "227": "S", "249": "W", "262": "W", "283": "E", "308": "E", "353": "N", "32": "E", "45": "E", "298": "E", "347": "S", "3": "S", "44": "E", "58": "W", "71": "S", "72": "W", "78": "N", "79": "W", "84": "N", "127": "S", "152": "N", "154": "E", "167": "S", "220": "W", "222": "E", "243": "W", "266": "N", "294": "N", "309": "W", "315": "S", "75": "E", "172": "E", "218": "N", "288": "S", "0": "W", "17": "S", "43": "W", "46": "N", "52": "W", "57": "N", "66": "E", "98": "N", "112": "S", "229": "W", "248": "S", "284": "E", "295": "N", "307": "W", "310": "S", "343": "E", "91": "N", "108": "S", "206": "E", "13": "W", "64": "N", "162": "N", "186": "S", "207": "N", "239": "E", "274": "W", "276": "S", "340": "W", "352": "W", "70": "S", "160": "N", "263": "N", "291": "S", "339": "E", "345": "N", "33": "S", "259": "E", "77": "E", "247": "S", "290": "N", "192": "E", "323": "N", "14": "E", "26": "W", "73": "E", "35": "E", "214": "E", "180": "S", "65": "S", "354": "S", "139": "W", "329": "N", "63": "S", "217": "N", "213": "W", "6": "N", "200": "W", "313": "W", "25": "E", "41": "N", "271": "N", "201": "N", "250": "N", "253": "E", "231": "N", "129": "E", "355": "E", "148": "E", "234": "E", "68": "S", "233": "W", "210": "E", "138": "S", "23": "S", "261": "W", "92": "S", "49": "N", "244": "S", "169": "W", "140": "W", "8": "W", "176": "W", "89": "E", "299": "W", "241": "W", "116": "S", "87": "N", "145": "W", "252": "S", "196": "S", "183": "N", "86": "N", "60": "N", "157": "E", "178": "S", "133": "E", "285": "E", "282": "S", "236": "W", "96": "W", "48": "N", "40": "W", "333": "N", "246": "S", "195": "S", "28": "E", "9": "S"}, {"5": "E", "15": "N", "20": "W", "34": "S", "53": "W", "99": "N", "118": "N", "149": "W", "166": "E", "179": "E", "190": "S", "211": "W", "224": "N", "257": "E", "302": "S", "332": "W", "334": "W", "11": "E", "12": "S", "19": "E", "56": "W", "88": "N", "130": "E", "137": "N", "147": "S", "151": "W", "168": "N", "173": "W", "199": "E", "212": "W", "219": "E", "225": "E", "260": "N", "279": "W", "316": "N", "324": "S", "327": "N", "344": "W", "351": "S", "356": "N", "24": "W", "39": "N", "82": "N", "100": "N", "102": "S", "103": "E", "106": "S", "136": "W", "156": "S", "165": "E", "187": "N", "258": "W", "292": "E", "304": "W", "318": "N", "319": "S", "342": "W", "349": "W", "357": "E", "105": "W", "143": "N", "175": "E", "325": "E", "22": "W", "61": "N", "67": "W", "94": "S", "95": "N", "128": "W", "163": "E", "204": "S", "232": "S", "237": "W", "238": "E", "242": "W", "245": "E", "264": "W", "265": "N", "277": "E", "286": "N", "289": "S", "301": "N", "303": "S", "312": "W", "1": "W", "104": "E", "126": "E", "29": "E", "38": "S", "55": "E", "62": "N", "119": "W", "120": "N", "125": "S", "181": "W", "205": "N", "215": "N", "227": "S", "249": "W", "262": "W", "308": "E", "353": "N", "32": "E", "45": "E", "161": "N", "347": "S", "3": "S", "44": "E", "58": "W", "71": "S", "72": "W", "78": "N", "79": "W", "84": "N", "152": "N", "154": "E", "167": "S", "220": "W", "243": "W", "266": "N", "294": "N", "309": "W", "75": "E", "218": "N", "288": "S", "0": "W", "17": "S", "43": "W", "46": "N", "52": "W", "57": "N", "66": "E", "98": "N", "229": "W", "248": "S", "284": "E", "307": "W", "310": "S", "91": "N", "108": "S", "206": "E", "13": "W", "64": "N", "186": "S", "207": "N", "239": "E", "274": "W", "276": "S", "340": "W", "352": "W", "162": "N", "70": "S", "160": "N", "263": "N", "291": "S", "339": "E", "345": "N", "33": "S", "259": "W", "247": "S", "290": "N", "192": "E", "323": "N", "26": "W", "73": "E", "35": "E", "214": "E", "180": "S", "65": "S", "354": "S", "139": "W", "329": "N", "63": "W", "217": "N", "213": "W", "6": "N", "200": "E", "313": "W", "25": "N", "41": "N", "271": "W", "201": "N", "250": "N", "253": "E", "231": "N", "129": "E", "355": "W", "148": "E", "234": "E", "68": "S", "233": "W", "210": "W", "138": "E", "23": "S", "261": "W", "92": "S", "49": "N", "244": "E", "169": "W", "140": "W", "8": "W", "176": "W", "89": "N", "299": "W", "241": "W", "116": "S", "87": "N", "145": "S", "252": "S", "196": "W", "183": "N", "86": "E", "60": "N", "157": "W", "178": "S", "133": "E", "285": "E", "282": "S", "236": "W", "96": "W", "48": "N", "40": "W", "333": "W", "246": "E", "195": "S", "28": "E", "9": "E"}, {"5": "N", "15": "N", "20": "W", "34": "S", "99": "N", "118": "N", "166": "E", "179": "E", "190": "S", "224": "N", "11": "E", "12": "S", "19": "E", "56": "N", "76": "S", "88": "N", "199": "S", "219": "E", "260": "N", "279": "W", "316": "N", "324": "W", "327": "N", "344": "W", "351": "S", "356": "E", "39": "N", "82": "W", "100": "N", "106": "S", "146": "S", "156": "S", "187": "N", "267": "W", "304": "W", "318": "N", "319": "S", "349": "W", "357": "E", "175": "E", "191": "E", "325": "E", "22": "W", "61": "N", "94": "S", "95": "N", "128": "W", "155": "S", "204": "S", "237": "W", "277": "E", "286": "N", "301": "N", "303": "S", "358": "W", "37": "E", "104": "E", "126": "E", "29": "E", "38": "S", "62": "N", "120": "N", "125": "S", "131": "S", "205": "N", "227": "S", "353": "N", "32": "E", "45": "E", "161": "N", "298": "E", "3": "S", "44": "E", "71": "S", "84": "N", "127": "S", "152": "N", "167": "S", "243": "W", "266": "N", "75": "E", "172": "E", "218": "N", "17": "S", "57": "N", "66": "E", "98": "N", "229": "W", "248": "S", "310": "S", "91": "N", "206": "E", "64": "N", "186": "S", "207": "N", "239": "E", "276": "S", "340": "W", "162": "N", "70": "S", "263": "N", "291": "S", "345": "N", "160": "N", "33": "S", "259": "E", "247": "S", "290": "E", "323": "N", "26": "W", "73": "E", "35": "W", "180": "S", "65": "E", "354": "S", "139": "W", "329": "N", "63": "E", "217": "N", "213": "W", "6": "N", "200": "W", "313": "W", "25": "N", "41": "N", "271": "N", "201": "N", "250": "N", "231": "N", "129": "E", "355": "S", "148": "N", "234": "E", "68": "S", "233": "W", "210": "E", "138": "E", "23": "S", "261": "W", "92": "S", "49": "N", "244": "E", "169": "W", "140": "W", "8": "S", "176": "S", "89": "S", "299": "W", "241": "S", "116": "W", "87": "N", "145": "S", "252": "S", "196": "W", "183": "N", "86": "E", "60": "N", "157": "E", "178": "S", "133": "E", "285": "E", "282": "E", "236": "W", "96": "W", "48": "N", "40": "N", "333": "W", "195": "S", "28": "E", "9": "E"}, {"5": "E", "20": "S", "118": "N", "141": "E", "224": "N", "332": "W", "11": "E", "76": "S", "130": "E", "173": "W", "260": "N", "327": "N", "337": "E", "344": "S", "100": "E", "102": "S", "103": "E", "106": "E", "146": "S", "165": "E", "258": "W", "267": "W", "297": "E", "318": "N", "349": "S", "105": "W", "143": "N", "175": "E", "191": "E", "67": "W", "128": "W", "155": "S", "163": "E", "245": "E", "265": "N", "289": "S", "301": "N", "320": "E", "358": "W", "1": "W", "37": "E", "104": "E", "62": "N", "131": "S", "205": "N", "215": "N", "249": "W", "283": "E", "308": "E", "45": "E", "298": "E", "72": "W", "78": "N", "79": "W", "127": "S", "222": "E", "243": "W", "266": "N", "294": "N", "75": "E", "172": "E", "218": "N", "43": "W", "46": "N", "52": "W", "98": "N", "229": "W", "343": "E", "91": "N", "206": "E", "13": "W", "64": "N", "274": "W", "340": "W", "162": "N", "70": "S", "263": "N", "339": "E", "160": "N", "33": "S", "259": "W", "247": "W", "290": "E", "26": "W", "73": "E", "35": "W", "180": "S", "65": "S", "354": "S", "139": "W", "329": "N", "63": "S", "217": "N", "213": "W", "6": "N", "200": "E", "313": "W", "25": "E", "41": "N", "271": "W", "201": "N", "250": "N", "231": "N", "129": "E", "355": "N", "148": "E", "234": "E", "68": "S", "233": "W", "210": "W", "138": "N", "23": "E", "261": "W", "92": "S", "49": "N", "244": "E", "169": "W", "140": "W", "8": "S", "176": "W", "89": "E", "299": "W", "241": "W", "116": "S", "87": "E", "145": "S", "252": "S", "196": "S", "183": "N", "86": "N", "60": "N", "157": "W", "178": "S", "133": "E", "285": "E", "282": "S", "236": "S", "96": "W", "48": "W", "40": "W", "333": "W", "195": "N", "28": "S", "9": "E"}, {"5": "E", "141": "E", "11": "E", "76": "W", "130": "E", "279": "W", "327": "N", "337": "E", "102": "S", "103": "E", "165": "E", "267": "N", "297": "E", "304": "W", "105": "W", "143": "N", "175": "E", "191": "N", "22": "W", "94": "S", "128": "W", "163": "E", "237": "W", "245": "E", "265": "N", "286": "N", "289": "S", "301": "N", "320": "E", "1": "W", "104": "E", "62": "N", "125": "S", "215": "N", "283": "E", "308": "E", "45": "E", "161": "N", "3": "S", "72": "W", "78": "N", "222": "E", "243": "W", "266": "N", "294": "N", "75": "E", "17": "S", "46": "N", "52": "W", "98": "N", "229": "W", "343": "E", "206": "E", "64": "N", "274": "W", "340": "W", "263": "N", "339": "E", "33": "S", "259": "S", "247": "S", "290": "E", "26": "S", "35": "E", "180": "S", "65": "S", "354": "S", "139": "W", "329": "W", "63": "S", "217": "N", "213": "W", "6": "N", "200": "W", "313": "W", "41": "E", "271": "N", "201": "N", "250": "N", "129": "E", "355": "W", "148": "E", "234": "E", "68": "S", "233": "W", "210": "E", "138": "E", "23": "E", "261": "W", "92": "S", "49": "W", "244": "E", "169": "W", "140": "W", "8": "S", "176": "W", "89": "N", "299": "W", "241": "S", "116": "S", "87": "E", "145": "S", "252": "S", "196": "S", "183": "E", "86": "N", "60": "W", "157": "E", "178": "S", "133": "E", "285": "N", "282": "S", "236": "S", "96": "W", "48": "N", "40": "W", "333": "S", "195": "E", "28": "E", "9": "E"}, {"11": "N", "130": "S", "279": "W", "327": "N", "102": "E", "103": "N", "146": "S", "304": "W", "105": "N", "143": "E", "22": "W", "94": "S", "128": "W", "155": "S", "237": "N", "265": "W", "286": "N", "301": "N", "358": "W", "37": "E", "62": "N", "125": "S", "131": "S", "161": "N", "298": "E", "3": "S", "127": "S", "243": "W", "266": "N", "172": "E", "17": "S", "98": "N", "229": "W", "64": "N", "340": "W", "70": "S", "263": "N", "33": "S", "259": "N", "290": "E", "35": "E", "180": "S", "65": "S", "354": "S", "139": "W", "329": "W", "63": "S", "217": "N", "213": "W", "6": "W", "200": "E", "313": "W", "41": "E", "271": "W", "201": "N", "250": "N", "355": "W", "148": "E", "234": "E", "68": "S", "233": "W", "210": "W", "138": "E", "23": "E", "261": "W", "92": "E", "49": "N", "244": "E", "169": "W", "140": "W", "8": "S", "176": "W", "89": "E", "299": "S", "241": "S", "116": "S", "87": "E", "145": "S", "252": "S", "196": "W", "183": "E", "86": "N", "60": "N", "157": "W", "178": "S", "133": "S", "285": "E", "282": "S", "236": "S", "96": "W", "48": "N", "40": "N", "333": "S", "195": "S", "28": "E", "9": "E"}, {"279": "S", "327": "W", "146": "S", "165": "E", "304": "S", "175": "E", "94": "E", "155": "S", "163": "E", "245": "E", "286": "W", "289": "S", "358": "W", "1": "W", "37": "S", "104": "E", "131": "S", "215": "N", "308": "E", "45": "E", "72": "W", "78": "N", "127": "S", "243": "W", "294": "N", "75": "E", "46": "N", "52": "W", "229": "W", "206": "E", "274": "W", "340": "W", "70": "S", "259": "E", "290": "E", "180": "E", "354": "S", "329": "N", "63": "S", "217": "N", "213": "S", "6": "N", "200": "W", "313": "S", "41": "E", "271": "W", "201": "N", "250": "N", "355": "W", "148": "E", "234": "E", "68": "S", "233": "W", "210": "W", "23": "E", "261": "W", "92": "E", "49": "N", "244": "E", "169": "W", "140": "W", "8": "S", "176": "W", "89": "E", "299": "S", "241": "S", "87": "E", "145": "S", "252": "S", "196": "S", "183": "E", "86": "N", "60": "W", "157": "E", "178": "W", "133": "E", "285": "E", "282": "S", "236": "S", "96": "W", "48": "N", "333": "S", "195": "S", "28": "E", "9": "E"}, {"146": "W", "165": "E", "175": "E", "22": "W", "128": "W", "163": "E", "245": "S", "289": "W", "301": "N", "358": "S", "1": "W", "104": "E", "62": "N", "125": "S", "215": "E", "308": "E", "45": "E", "161": "N", "298": "E", "3": "S", "72": "W", "78": "N", "243": "W", "266": "N", "75": "E", "172": "E", "17": "S", "52": "W", "98": "N", "229": "W", "206": "E", "64": "N", "274": "W", "340": "W", "263": "N", "290": "E", "180": "E", "354": "S", "329": "N", "213": "S", "200": "E", "313": "S", "41": "E", "271": "N", "201": "N", "250": "N", "355": "W", "148": "E", "234": "E", "68": "S", "233": "S", "210": "E", "23": "E", "261": "W", "49": "N", "244": "S", "169": "S", "140": "W", "8": "S", "176": "W", "89": "N", "299": "S", "241": "S", "87": "E", "145": "S", "252": "S", "196": "S", "183": "E", "86": "E", "60": "N", "157": "W", "178": "S", "133": "N", "285": "E", "282": "E", "236": "S", "96": "N", "48": "N", "333": "S", "195": "S", "28": "N", "9": "E"}, {"165": "S", "175": "N", "22": "W", "128": "N", "155": "S", "301": "E", "1": "S", "125": "S", "131": "S", "161": "E", "298": "E", "3": "S", "127": "S", "294": "N", "172": "E", "17": "S", "46": "N", "70": "S", "290": "E", "354": "W", "329": "N", "213": "S", "200": "W", "313": "W", "41": "E", "271": "W", "201": "N", "250": "N", "355": "W", "148": "E", "234": "S", "68": "W", "233": "W", "210": "E", "23": "E", "261": "N", "244": "E", "169": "S", "8": "S", "176": "N", "299": "S", "241": "S", "87": "E", "145": "S", "252": "W", "196": "S", "183": "E", "86": "E", "60": "N", "157": "E", "178": "S", "133": "N", "285": "N", "282": "S", "236": "S", "96": "W", "48": "N", "333": "S", "195": "S", "28": "E", "9": "E"}, {"22": "S", "155": "S", "163": "E", "104": "E", "62": "N", "125": "E", "131": "S", "308": "E", "45": "E", "298": "N", "72": "W", "78": "N", "127": "S", "243": "W", "266": "N", "294": "N", "75": "E", "46": "N", "52": "W", "98": "N", "229": "W", "206": "E", "64": "N", "274": "W", "340": "W", "70": "S", "263": "N", "354": "S", "329": "N", "213": "S", "200": "E", "313": "W", "41": "E", "271": "W", "201": "E", "250": "N", "355": "W", "148": "S", "234": "E", "68": "E", "233": "W", "23": "E", "261": "N", "244": "S", "169": "S", "8": "S", "176": "N", "299": "S", "241": "S", "87": "E", "145": "S", "252": "S", "196": "S", "183": "E", "86": "E", "60": "N", "157": "S", "178": "S", "133": "N", "285": "E", "282": "S", "236": "S", "96": "W", "48": "N", "333": "S", "195": "S", "28": "E", "9": "E"}, {"155": "E", "163": "E", "104": "S", "62": "N", "308": "E", "3": "S", "72": "N", "78": "N", "243": "W", "266": "N", "294": "W", "172": "E", "17": "S", "98": "N", "229": "W", "64": "N", "340": "W", "263": "N", "354": "S", "213": "S", "313": "W", "41": "E", "271": "N", "201": "E", "355": "S", "148": "E", "234": "E", "233": "W", "23": "E", "261": "W", "244": "E", "169": "S", "8": "S", "299": "S", "241": "S", "87": "E", "145": "E", "252": "S", "196": "S", "183": "E", "86": "E", "60": "N", "157": "N", "178": "S", "133": "N", "285": "E", "282": "S", "236": "S", "96": "W", "48": "N", "333": "S", "195": "S", "28": "E", "9": "E"}, {"163": "N", "62": "W", "131": "S", "45": "E", "3": "S", "78": "E", "127": "S", "243": "S", "75": "E", "172": "S", "17": "S", "46": "N", "52": "W", "206": "E", "274": "W", "70": "S", "354": "S", "313": "S", "41": "E", "271": "N", "201": "E", "148": "E", "234": "N", "233": "N", "23": "E", "261": "N", "299": "S", "241": "S", "87": "E", "145": "E", "252": "S", "196": "S", "183": "E", "86": "N", "60": "N", "157": "W", "178": "W", "133": "N", "285": "N", "282": "S", "236": "W", "96": "W", "48": "N", "333": "S", "28": "E", "9": "E"}, {"131": "W", "308": "E", "45": "E", "3": "E", "266": "N", "75": "E", "46": "E", "52": "W", "98": "N", "229": "W", "206": "E", "64": "N", "274": "W", "340": "W", "263": "N", "313": "S", "41": "N", "271": "N", "148": "N", "23": "E", "261": "W", "299": "S", "241": "S", "87": "E", "145": "E", "196": "N", "183": "E", "86": "E", "60": "N", "157": "E", "178": "S", "133": "N", "285": "E", "282": "E", "236": "E", "96": "W", "48": "N", "333": "S", "28": "E", "9": "E"}, {"308": "S", "45": "N", "127": "S", "266": "E", "17": "S", "52": "S", "229": "N", "70": "S", "313": "S", "41": "E", "271": "N", "23": "E", "261": "N", "299": "W", "241": "S", "87": "E", "196": "W", "183": "E", "86": "E", "60": "N", "157": "W", "178": "S", "133": "E", "285": "E", "282": "E", "236": "S", "96": "W", "48": "E", "333": "S", "28": "E", "9": "E"}, {"127": "S", "75": "E", "17": "W", "98": "N", "206": "E", "64": "N", "274": "W", "340": "W", "70": "S", "263": "N", "313": "S", "41": "E", "271": "N", "23": "E", "261": "N", "299": "W", "241": "S", "87": "E", "196": "S", "86": "E", "60": "N", "157": "E", "178": "W", "133": "E", "285": "E", "282": "S", "236": "S", "96": "W", "333": "S", "9": "E"}, {"127": "E", "75": "S", "98": "N", "64": "N", "274": "N", "340": "W", "263": "N", "313": "S", "41": "E", "271": "N", "23": "E", "261": "N", "299": "W", "241": "S", "196": "W", "86": "E", "157": "W", "133": "E", "285": "E", "282": "E", "236": "S", "96": "W", "333": "S", "9": "N"}, {"98": "W", "206": "E", "340": "S", "70": "S", "313": "S", "41": "E", "261": "N", "299": "S", "241": "W", "196": "W", "86": "E", "157": "E", "133": "E", "285": "E", "282": "E", "236": "S", "96": "N", "333": "S"}, {"206": "E", "64": "N", "263": "N", "313": "S", "41": "E", "261": "N", "299": "S", "196": "W", "86": "E", "157": "S", "133": "E", "282": "E", "236": "S", "96": "N", "333": "S"}, {"206": "N", "64": "E", "70": "S", "313": "S", "261": "N", "196": "W", "86": "E", "157": "W", "133": "N", "282": "S", "236": "S", "96": "E", "333": "S"}, {"70": "S", "263": "N", "313": "S", "261": "N", "196": "W", "86": "E", "157": "N", "133": "E", "282": "S", "236": "S", "333": "S"}, {"70": "E", "263": "N", "313": "S", "196": "S", "86": "N", "157": "E", "133": "E", "282": "E", "236": "S", "333": "S"}, {"263": "W", "313": "S", "282": "E", "236": "W", "333": "S"}, {"313": "S", "282": "E", "236": "E", "333": "S"}, {"313": "W", "282": "E", "236": "W", "333": "S"}, {"282": "E", "236": "E", "333": "S"}, {"333": "S"}, {"333": "S"}, {"333": "E"}, {"333": "E"}, {"333": "E"}, {"333": "E"}, {"333": "S"}, {"333": "E"}, {"333": "E"}, {"333": "E"}, {"333": "S"}, {"333": "S"}, {"152": "W"}, {"152": "S"}, {"152": "S"}, {"152": "S"}, {"152": "S"}, {"152": "S"}, {"152": "S"}, {"152": "S"}, {"152": "S"}, {"152": "S"}, {"152": "S"}, {"152": "S"}, {"152": "S"}, {"152": "S"}, {"152": "S"}, {"173": "S"}, {"173": "E"}, {"173": "E"}, {"173": "E"}, {"173": "E"}, {"173": "E"}, {"173": "E"}, {"173": "E"}, {"173": "E"}, {"173": "S"}, {"173": "S"}, {"173": "E"}, {"173": "E"}, {"173": "E"}, {"173": "E"}, {"173": "E"}, {"173": "E"}, {"173": "E"}, {"173": "E"}, {"173": "E"}, {"173": "E"}, {"173": "E"}, {"359": "S"}, {"359": "W"}, {"359": "W"}, {"359": "W"}, {"359": "W"}, {"359": "W"}, {"359": "W"}, {"359": "W"}, {"359": "W"}, {"359": "W"}, {"359": "W"}, {"359": "W"}, {"359": "W"}, {"359": "W"}, {"359": "W"}, {"359": "W"}, {"359": "W"}, {"359": "N"}, {"359": "N"}, {"359": "N"}, {"359": "N"}, {"359": "N"}, {"359": "N"}, {"228": "W"}, {"228": "N"}, {"228": "N"}, {"228": "N"}, {"228": "N"}, {"228": "N"}, {"228": "N"}, {"228": "N"}, {"228": "N"}, {"228": "N"}, {"228": "N"}, {"228": "N"}, {"228": "N"}, {"228": "N"}, {"228": "N"}, {"228": "E"}, {"228": "E"}, {"228": "E"}, {"228": "E"}, {"228": "N"}, {"190": "E"}, {"190": "N"}, {"190": "N"}, {"190": "N"}, {"190": "N"}, {"190": "N"}, {"190": "N"}, {"190": "N"}, {"190": "N"}, {"190": "N"}, {"190": "N"}, {"190": "N"}, {"190": "N"}, {"190": "N"}, {"190": "N"}, {"190": "N"}, {"190": "N"}, {"190": "E"}, {"190": "N"}, {"190": "N"}, {"263": "E"}, {"263": "S"}, {"263": "S"}, {"263": "S"}, {"263": "S"}, {"263": "S"}, {"263": "S"}, {"263": "S"}, {"263": "S"}, {"263": "S"}, {"263": "S"}, {"263": "S"}, {"263": "S"}, {"263": "S"}, {"263": "S"}, {"263": "S"}, {"263": "S"}, {"263": "S"}, {"263": "S"}, {"263": "S"}, {"263": "S"}, {"263": "S"}, {"263": "S"}, {"263": "E"}, {"263": "E"}, {"263": "S"}, {"263": "E"}, {"263": "S"}, {"263": "E"}, {"263": "S"}, {"263": "E"}, {"263": "S"}, {"263": "S"}, {"263": "W"}, {"263": "W"}, {"263": "N"}, {"70": "W"}, {"70": "N"}, {"70": "N"}, {"70": "N"}, {"70": "N"}, {"70": "N"}, {"70": "N"}, {"70": "N"}, {"70": "N"}, {"70": "N"}, {"70": "N"}, {"70": "N"}, {"70": "N"}, {"70": "N"}, {"70": "N"}, {"70": "N"}, {"70": "N"}, {"70": "N"}, {"70": "N"}, {"70": "N"}, {"70": "N"}, {"70": "E"}, {"98": "W"}, {"98": "S"}, {"98": "S"}, {"98": "S"}, {"98": "W"}, {"98": "S"}, {"98": "S"}, {"98": "S"}, {"98": "S"}, {"98": "S"}, {"98": "S"}, {"98": "S"}, {"98": "S"}, {"98": "S"}, {"98": "S"}, {"98": "S"}, {"98": "S"}, {"98": "S"}, {"98": "S"}, {"98": "S"}, {"98": "S"}, {"98": "S"}, {"98": "S"}, {"98": "S"}, {"98": "S"}, {"98": "S"}, {"98": "E"}, {"161": "W"}, {"161": "S"}, {"161": "S"}, {"161": "S"}, {"161": "S"}, {"161": "S"}, {"161": "S"}, {"161": "W"}, {"161": "W"}, {"161": "W"}, {"161": "W"}, {"161": "S"}, {"161": "S"}, {"161": "S"}, {"161": "S"}, {"161": "S"}, {"161": "S"}, {"161": "S"}, {"161": "S"}, {"161": "S"}, {"161": "S"}, {"32": "S"}, {"32": "W"}, {"32": "W"}, {"32": "W"}, {"32": "W"}, {"32": "W"}, {"32": "W"}, {"32": "W"}, {"32": "W"}, {"32": "W"}, {"32": "W"}, {"32": "S"}, {"32": "S"}, {"32": "S"}, {"32": "S"}, {"32": "S"}, {"32": "W"}, {"32": "W"}, {"32": "W"}, {"32": "W"}, {"32": "W"}, {"32": "W"}, {"32": "N"}, {"237": "S"}, {"237": "E"}, {"237": "E"}, {"237": "E"}, {"237": "E"}, {"237": "E"}, {"237": "N"}, {"237": "N"}, {"237": "N"}, {"237": "E"}, {"237": "E"}, {"237": "E"}, {"237": "E"}, {"237": "E"}, {"237": "E"}, {"237": "E"}, {"237": "E"}, {"237": "E"}, {"237": "E"}, {"237": "E"}, {"153": "E"}, {"153": "S"}, {"153": "S"}, {"153": "W"}, {"153": "W"}, {"153": "W"}, {"153": "W"}, {"153": "W"}, {"153": "W"}, {"153": "W"}, {"153": "W"}, {"153": "S"}, {"153": "S"}, {"153": "S"}, {"153": "S"}, {"153": "S"}, {"153": "S"}, {"153": "S"}, {"153": "S"}, {"153": "S"}, {"153": "S"}, {"153": "S"}, {"143": "W"}, {"143": "S"}, {"143": "S"}, {"143": "S"}, {"143": "S"}, {"143": "S"}, {"143": "S"}, {"143": "S"}, {"143": "W"}, {"143": "W"}, {"143": "W"}, {"143": "W"}, {"143": "W"}, {"143": "W"}, {"143": "S"}, {"143": "S"}, {"143": "S"}, {"143": "S"}, {"143": "S"}, {"143": "S"}, {"143": "S"}, {"143": "S"}, {"143": "S"}, {"143": "S"}, {"143": "S"}, {"143": "S"}, {"348": "N"}, {"348": "E"}, {"348": "E"}, {"348": "E"}, {"348": "N"}, {"348": "N"}, {"348": "N"}, {"348": "N"}, {"348": "N"}, {"348": "E"}, {"348": "E"}, {"348": "E"}, {"348": "E"}, {"348": "E"}, {"348": "E"}, {"348": "E"}, {"348": "E"}, {"348": "E"}, {"348": "E"}, {"348": "E"}, {"97": "W"}, {"97": "S"}, {"97": "W"}, {"97": "S"}, {"97": "S"}, {"97": "S"}, {"97": "S"}, {"97": "S"}, {"97": "S"}, {"97": "S"}, {"97": "S"}, {"97": "S"}, {"97": "S"}, {"97": "S"}, {"97": "S"}, {"97": "S"}, {"97": "S"}, {"97": "W"}, {"314": "S"}, {"314": "E"}, {"314": "E"}, {"314": "S"}, {"314": "S"}, {"314": "S"}, {"314": "S"}, {"314": "S"}, {"314": "S"}, {"314": "S"}, {"314": "S"}, {"314": "S"}, {"314": "S"}, {"314": "S"}, {"314": "S"}, {"314": "E"}, {"314": "E"}, {"314": "E"}, {"314": "E"}, {"314": "E"}, {"314": "E"}, {"314": "E"}, {"314": "E"}, {"314": "E"}, {"314": "E"}, {"314": "S"}, {"314": "E"}, {"314": "E"}, {"314": "N"}, {"132": "W"}, {"132": "S"}, {"132": "S"}, {"132": "S"}, {"132": "S"}, {"132": "S"}, {"132": "S"}, {"132": "S"}, {"132": "S"}, {"132": "S"}, {"132": "S"}, {"132": "S"}, {"132": "S"}, {"132": "E"}, {"132": "E"}, {"132": "E"}, {"132": "E"}, {"132": "E"}, {"132": "E"}, {"80": "S"}, {"80": "W"}, {"80": "W"}, {"80": "W"}, {"80": "W"}, {"80": "W"}, {"80": "W"}, {"80": "W"}, {"80": "W"}, {"80": "W"}, {"80": "W"}, {"80": "S"}, {"80": "S"}, {"80": "S"}, {"80": "S"}, {"80": "S"}, {"80": "W"}, {"80": "S"}, {"80": "S"}, {"80": "S"}, {"11": "S"}, {"11": "W"}, {"11": "W"}, {"11": "W"}, {"11": "W"}, {"11": "W"}, {"11": "W"}, {"11": "W"}, {"11": "W"}, {"11": "W"}, {"11": "W"}, {"11": "W"}, {"11": "W"}, {"11": "W"}, {"11": "W"}, {"11": "W"}, {"11": "W"}, {"11": "W"}, {"11": "W"}, {"11": "N"}, {"11": "N"}, {"11": "W"}, {"11": "W"}, {"11": "S"}, {"11": "S"}, {"188": "N"}, {"188": "E"}, {"188": "E"}, {"188": "E"}, {"188": "N"}, {"188": "N"}, {"188": "N"}, {"188": "N"}, {"188": "N"}, {"188": "N"}, {"188": "N"}, {"188": "N"}, {"188": "N"}, {"188": "E"}, {"188": "E"}, {"188": "E"}, {"188": "E"}, {"188": "E"}, {"188": "E"}, {"188": "E"}, {"188": "E"}, {"188": "E"}, {"188": "E"}, {"188": "N"}, {"188": "E"}, {"188": "E"}, {"188": "S"}, {"21": "E"}, {"21": "S"}, {"21": "S"}, {"21": "S"}, {"21": "S"}, {"21": "S"}, {"21": "S"}, {"21": "S"}, {"21": "S"}, {"21": "S"}, {"21": "E"}, {"21": "E"}, {"21": "E"}, {"21": "E"}, {"21": "E"}, {"21": "E"}, {"21": "E"}, {"21": "E"}, {"21": "E"}, {"21": "E"}, {"21": "S"}, {"21": "S"}, {"21": "S"}, {"21": "S"}, {"21": "S"}, {"21": "S"}, {"20": "N"}, {"20": "E"}, {"20": "E"}, {"20": "E"}, {"20": "E"}, {"20": "E"}, {"20": "E"}, {"20": "E"}, {"20": "E"}, {"20": "E"}, {"20": "N"}, {"20": "E"}, {"20": "E"}, {"20": "E"}, {"20": "E"}, {"20": "E"}, {"20": "E"}, {"20": "E"}, {"20": "E"}, {"20": "E"}, {"91": "E"}, {"91": "S"}, {"91": "S"}, {"91": "S"}, {"91": "W"}, {"91": "W"}, {"91": "W"}, {"91": "S"}, {"91": "S"}, {"91": "S"}, {"91": "S"}, {"91": "S"}, {"91": "S"}, {"91": "S"}, {"91": "S"}, {"91": "S"}, {"91": "S"}, {"91": "S"}, {"91": "W"}, {"91": "S"}, {"91": "S"}, {"91": "E"}, {"112": "N"}, {"112": "N"}, {"112": "N"}, {"112": "N"}, {"112": "N"}, {"112": "N"}, {"112": "N"}, {"112": "E"}, {"112": "E"}, {"112": "E"}, {"243": "N"}], "result": "SUCCESS", "makespan": 578, "sum": 4385, "algo_name": "OutAndInByPercentage_sea_level__BIT_", "extra": {"arrival_order": [293, 33, 259, 152, 77, 247, 290, 173, 359, 228, 190, 4, 263, 70, 98, 192, 161, 32, 237, 153, 143, 348, 97, 314, 132, 80, 11, 188, 21, 20, 91, 112, 243, 58, 298, 269, 249, 119, 38, 311, 287, 277, 265, 101, 67, 175, 10, 326, 158, 103, 24, 351, 279, 212, 114, 19, 341, 336, 273, 226, 142, 69, 323, 160, 345, 14, 186, 108, 343, 288, 172, 315, 296, 266, 222, 44, 26, 347, 353, 182, 181, 120, 31, 358, 338, 286, 128, 95, 2, 325, 349, 102, 73, 327, 199, 171, 147, 83, 51, 306, 150, 121, 35, 15, 352, 214, 180, 13, 206, 17, 218, 294, 220, 215, 198, 65, 1, 204, 194, 163, 94, 61, 42, 22, 354, 191, 139, 357, 318, 268, 230, 156, 82, 47, 39, 328, 280, 260, 221, 184, 168, 137, 123, 88, 56, 329, 302, 272, 224, 185, 179, 177, 134, 63, 291, 340, 239, 207, 310, 295, 248, 217, 213, 46, 43, 0, 309, 127, 84, 71, 6, 283, 275, 200, 131, 125, 55, 313, 312, 303, 289, 238, 111, 25, 105, 342, 321, 319, 258, 136, 41, 344, 322, 278, 271, 254, 223, 201, 193, 151, 124, 76, 74, 59, 334, 332, 331, 250, 211, 203, 149, 122, 93, 50, 36, 34, 16, 5, 253, 274, 231, 284, 229, 129, 57, 52, 75, 355, 174, 79, 72, 45, 251, 227, 148, 62, 104, 37, 320, 317, 245, 242, 234, 197, 155, 85, 68, 54, 304, 233, 210, 208, 187, 165, 107, 106, 100, 81, 7, 356, 324, 316, 305, 300, 240, 225, 216, 138, 130, 23, 12, 281, 261, 256, 202, 170, 159, 113, 109, 92, 90, 49, 27, 18, 339, 244, 169, 140, 8, 176, 162, 276, 89, 64, 299, 307, 241, 116, 87, 66, 145, 252, 196, 183, 167, 154, 78, 3, 308, 262, 205, 164, 86, 60, 29, 157, 126, 301, 264, 232, 30, 297, 292, 267, 189, 178, 146, 144, 133, 346, 337, 285, 282, 255, 236, 235, 219, 135, 115, 110, 96, 48, 40, 350, 335, 333, 330, 270, 257, 246, 209, 195, 166, 141, 118, 117, 99, 53, 28, 9], "time_arrived": [3926, 2717, 1990, 7553, 252, 5212, 4068, 6186, 6951, 8954, 1061, 594, 6522, 2496, 1479, 2405, 5197, 2558, 6856, 1270, 667, 647, 2919, 6475, 1148, 4375, 1731, 6847, 8927, 7802, 8000, 1845, 395, 58, 5184, 2364, 5153, 5695, 863, 3206, 8582, 4569, 2882, 3916, 1703, 5543, 3897, 3182, 8561, 6828, 5125, 2295, 5378, 8909, 5939, 4224, 3446, 5350, 749, 4861, 7763, 2850, 5637, 3667, 7104, 2686, 7334, 1014, 5897, 1405, 310, 4034, 5528, 2086, 4850, 5419, 4822, 99, 7517, 5484, 569, 6172, 3151, 2261, 4022, 5881, 7726, 7288, 3415, 7069, 6812, 689, 6771, 5109, 2811, 1973, 8539, 501, 337, 8898, 6155, 997, 2072, 1124, 5672, 4406, 6119, 6103, 1502, 6751, 8510, 4363, 699, 6711, 1251, 8497, 7248, 8883, 8853, 840, 1833, 2354, 5084, 3379, 4777, 4197, 7834, 3988, 1951, 5341, 6444, 4152, 549, 8239, 3651, 8450, 4533, 3368, 6428, 2995, 6928, 8838, 1388, 463, 8197, 7352, 8182, 2231, 5593, 5066, 2327, 4751, 85, 437, 7485, 5847, 3134, 7824, 1101, 6691, 1444, 372, 6997, 2789, 7691, 6094, 8825, 7462, 3340, 6906, 6658, 2195, 1569, 159, 5475, 1049, 6984, 3632, 8163, 3594, 2474, 1817, 1795, 7440, 3324, 3577, 1488, 6063, 621, 8132, 222, 2976, 351, 4729, 2771, 8793, 7411, 5832, 2671, 2163, 4135, 4711, 6623, 5024, 2739, 7644, 2517, 3759, 6015, 8774, 5974, 5009, 1227, 3868, 2442, 2654, 6416, 3831, 2574, 8441, 2625, 3304, 1680, 4690, 3562, 6381, 1368, 5574, 202, 5330, 3110, 5268, 7961, 5967, 5819, 8411, 8404, 415, 4357, 3748, 6370, 7231, 5792, 729, 6878, 5772, 8745, 118, 3804, 828, 4972, 5555, 7371, 5229, 4681, 8375, 6603, 8735, 4518, 70, 3274, 6584, 7602, 288, 7923, 967, 1645, 8089, 3081, 798, 8695, 4672, 3520, 1339, 5255, 4120, 7039, 934, 4634, 1210, 3257, 6547, 8356, 4106, 5293, 8313, 1919, 904, 1533, 4326, 137, 3697, 8079, 41, 2601, 3779, 1616, 8049, 773, 7143, 6329, 7887, 3484, 4304, 5952, 6285, 2314, 7180, 7588, 3959, 3771, 880, 4290, 4256, 530, 1598, 6261, 5737, 3046, 4494, 5712, 4454, 4619, 1429, 6220, 2024, 1075, 2126, 3222, 3464, 8678, 4951, 4918, 8661, 4902, 8615, 1324, 8279, 1900, 6869, 3713, 1294, 4443, 1522, 4591, 1462, 8241, 1758, 483, 2046, 8603, 1178, 2420, 1771, 2942, 5437, 6209, 3016, 1877, 182], "BIT_runs": 1, "old_makespan": 8954, "old_sum": 12180, "improved": "[293, 33, 259, 77, 247, 290, 4, 192, 323, 14, 26, 73, 35, 214, 180, 65, 354, 139, 329, 63, 217, 213, 6, 200, 313, 25, 41, 271, 223, 201, 250, 253, 231, 129, 355, 251, 148, 234, 197, 68, 233, 210, 138, 23, 261, 92, 49, 244, 169, 140, 8, 176, 89, 299, 241, 116, 87, 145, 252, 196, 183, 86, 60, 157, 178, 133, 346, 285, 282, 236, 96, 48, 40, 333, 246, 195, 28, 9],", "goal_raise_for_bs": 32}}