{"instance": "small_001_10x10_40_30", "steps": [{"17": "E", "7": "E", "18": "W", "15": "W", "16": "E", "5": "W", "19": "W", "1": "W", "0": "W", "12": "W", "25": "S", "4": "E", "22": "W", "24": "W", "13": "W", "20": "S", "2": "W", "29": "W", "10": "W", "27": "W", "11": "E", "28": "N", "6": "E", "3": "W", "14": "S"}, {"17": "E", "7": "N", "23": "S", "18": "W", "15": "W", "16": "N", "5": "W", "19": "W", "1": "W", "0": "W", "12": "N", "4": "E", "21": "S", "22": "S", "24": "W", "13": "N", "20": "S", "29": "W", "26": "N", "10": "W", "27": "W", "11": "S", "6": "E", "3": "W", "9": "S", "14": "S"}, {"17": "E", "7": "N", "23": "S", "18": "S", "15": "N", "16": "N", "5": "W", "19": "W", "1": "W", "12": "N", "25": "N", "4": "E", "21": "W", "22": "E", "13": "N", "20": "S", "29": "W", "10": "S", "11": "S", "28": "E", "6": "E", "3": "S", "9": "S", "14": "S"}, {"7": "N", "23": "S", "18": "E", "16": "N", "5": "N", "19": "W", "1": "S", "0": "S", "12": "N", "4": "N", "21": "W", "22": "S", "13": "N", "20": "S", "10": "W", "11": "S", "28": "N", "3": "W", "14": "S"}, {"7": "N", "23": "S", "18": "N", "16": "N", "5": "W", "19": "S", "1": "S", "0": "S", "12": "E", "25": "E", "4": "E", "21": "N", "22": "S", "13": "N", "20": "W", "8": "S", "2": "W", "29": "S", "10": "W", "27": "W", "11": "S", "28": "W", "3": "W"}, {"7": "E", "23": "S", "18": "E", "15": "S", "16": "N", "5": "W", "19": "S", "1": "E", "0": "E", "12": "E", "25": "S", "21": "W", "22": "S", "13": "E", "20": "W", "8": "S", "2": "W", "29": "E", "10": "W", "27": "W", "28": "W"}, {"7": "E", "23": "S", "18": "N", "15": "S", "16": "E", "5": "W", "19": "S", "1": "E", "12": "E", "25": "S", "21": "W", "13": "E", "8": "W", "2": "W", "29": "E", "26": "S", "10": "W"}, {"7": "E", "23": "S", "18": "N", "15": "S", "16": "E", "5": "W", "19": "E", "1": "E", "12": "N", "25": "S", "21": "N", "22": "S", "13": "N", "20": "N", "8": "W", "2": "W", "29": "N", "26": "W", "10": "S", "27": "S"}, {"7": "E", "23": "S", "18": "E", "15": "S", "16": "E", "5": "N", "19": "E", "1": "E", "12": "N", "25": "E", "21": "N", "22": "W", "13": "E", "20": "E", "8": "W", "29": "N", "26": "W", "10": "S", "28": "S"}, {"7": "E", "23": "S", "18": "E", "15": "E", "16": "E", "5": "N", "19": "E", "12": "E", "25": "E", "4": "E", "21": "N", "22": "W", "24": "W", "13": "E", "20": "S", "8": "W", "2": "S", "29": "N", "26": "W", "10": "E", "9": "S"}, {"7": "N", "23": "E", "18": "E", "15": "E", "16": "N", "5": "W", "19": "E", "0": "E", "12": "E", "25": "S", "4": "S", "21": "N", "22": "W", "24": "S", "13": "S", "20": "E", "8": "N", "2": "S", "29": "N", "26": "S", "10": "E", "27": "E", "6": "S", "3": "S"}, {"7": "N", "23": "E", "18": "E", "15": "E", "16": "N", "5": "W", "19": "E", "1": "S", "0": "E", "12": "S", "4": "W", "21": "N", "22": "N", "24": "S", "13": "E", "20": "E", "8": "N", "29": "N", "10": "E", "27": "S", "6": "S", "3": "S"}, {"17": "W", "7": "E", "23": "E", "18": "E", "15": "E", "16": "E", "5": "N", "19": "E", "1": "E", "0": "E", "4": "N", "21": "N", "22": "N", "24": "S", "20": "E", "8": "N", "29": "N", "26": "N", "10": "N", "27": "S", "6": "W", "14": "S"}, {"17": "W", "7": "N", "23": "E", "18": "N", "15": "E", "16": "N", "5": "N", "19": "E", "1": "E", "0": "E", "12": "N", "25": "S", "4": "N", "21": "E", "22": "W", "24": "S", "20": "E", "8": "E", "2": "W", "29": "E", "26": "N", "10": "E", "27": "E", "6": "W", "9": "N"}, {"17": "W", "7": "N", "23": "E", "18": "E", "15": "S", "5": "N", "19": "E", "1": "E", "25": "S", "4": "N", "22": "W", "24": "S", "2": "N", "29": "E", "26": "N", "10": "E", "27": "E", "6": "N", "3": "N"}, {"17": "W", "7": "E", "23": "E", "15": "E", "19": "E", "1": "E", "0": "E", "25": "S", "22": "W", "24": "E", "20": "S", "2": "N", "29": "N", "26": "E", "10": "E", "6": "N", "3": "N"}, {"17": "N", "23": "E", "15": "E", "19": "E", "1": "E", "0": "E", "25": "E", "22": "S", "24": "S", "8": "W", "2": "E", "26": "N", "10": "E", "27": "E", "6": "E"}, {"17": "N", "23": "E", "15": "E", "19": "E", "1": "E", "0": "E", "25": "E", "8": "W", "2": "N", "6": "N", "3": "N"}, {"15": "N", "19": "E", "1": "E", "6": "E", "14": "W"}, {"15": "E", "1": "E", "0": "E", "6": "E", "14": "N"}, {"1": "N", "28": "N", "6": "N", "14": "N"}, {"28": "W", "14": "E"}], "result": "SUCCESS", "makespan": 22, "sum": 386, "algo_name": "OutAndInByPercentage_dist_BFS_desc_BIT_", "extra": {"arrival_order": [17, 7, 23, 18, 15, 16, 5, 19, 1, 0, 12, 25, 4, 21, 22, 24, 13, 20, 8, 2, 29, 26, 10, 27, 11, 28, 6, 3, 9, 14], "time_arrived": [171, 156, 304, 370, 218, 124, 363, 37, 290, 375, 334, 349, 187, 268, 380, 90, 107, 18, 73, 140, 279, 231, 244, 56, 256, 201, 324, 342, 356, 314], "BIT_runs": 1, "old_makespan": 380, "old_sum": 488, "improved": "[7, 23, 18, 15, 16, 5, 19, 1, 0, 12, 25, 4, 21, 22, 24, 13, 20, 8, 2, 29, 26, 10, 27, 11, 28, 6, 3, 9, 14],", "goal_raise_for_bs": 32}}