{"instance": "small_006_20x20_20_71", "steps": [{"57": "W", "53": "S", "52": "N", "41": "W", "24": "E", "1": "E", "51": "W", "42": "W", "38": "S", "32": "E", "29": "W", "23": "N", "21": "N", "17": "W", "11": "W", "9": "W", "35": "E", "63": "W", "60": "N", "40": "E", "13": "W", "10": "E", "4": "N", "0": "S", "47": "E", "31": "W", "30": "W", "16": "N", "54": "N", "65": "N", "58": "W", "45": "N", "26": "E", "25": "S", "14": "E", "6": "N", "3": "E", "70": "W", "67": "W", "64": "N", "59": "W", "49": "W", "43": "W", "37": "W", "36": "S", "28": "E", "20": "N", "7": "S", "5": "E", "69": "N", "68": "N", "66": "S", "61": "S", "56": "E", "55": "S", "50": "E", "48": "W", "46": "S", "39": "E", "27": "S", "19": "S", "18": "N", "15": "N", "12": "W", "8": "W", "2": "N"}, {"57": "W", "53": "S", "52": "W", "41": "W", "24": "S", "1": "E", "51": "W", "42": "S", "38": "S", "32": "N", "29": "W", "23": "N", "21": "N", "17": "W", "9": "W", "35": "E", "63": "N", "60": "N", "40": "N", "13": "W", "10": "S", "4": "N", "0": "S", "62": "S", "47": "S", "31": "W", "30": "W", "16": "N", "54": "E", "65": "N", "58": "W", "45": "N", "44": "W", "26": "E", "25": "S", "14": "N", "6": "E", "3": "E", "70": "W", "67": "S", "64": "N", "59": "N", "49": "W", "43": "S", "37": "W", "36": "S", "33": "E", "28": "S", "20": "N", "7": "S", "5": "S", "69": "W", "68": "N", "66": "W", "61": "S", "55": "W", "48": "W", "46": "S", "39": "N", "22": "E", "19": "E", "15": "E", "12": "W", "8": "N", "2": "N"}, {"57": "W", "53": "S", "52": "N", "24": "S", "1": "N", "51": "S", "42": "S", "38": "S", "32": "E", "29": "W", "23": "N", "21": "N", "17": "S", "9": "W", "35": "E", "63": "N", "60": "W", "13": "W", "10": "S", "4": "N", "0": "S", "62": "W", "47": "S", "31": "N", "30": "W", "16": "E", "54": "N", "65": "N", "58": "N", "45": "N", "44": "W", "26": "E", "25": "S", "14": "W", "6": "E", "3": "S", "70": "S", "67": "S", "64": "E", "49": "W", "43": "W", "37": "W", "36": "S", "33": "E", "28": "W", "20": "N", "7": "S", "5": "W", "69": "N", "68": "N", "66": "W", "61": "S", "55": "S", "46": "S", "34": "N", "27": "N", "22": "E", "19": "E", "18": "N", "15": "E", "12": "W", "8": "E", "2": "N"}, {"57": "W", "53": "S", "52": "N", "24": "W", "1": "W", "51": "W", "42": "S", "38": "S", "32": "E", "29": "W", "23": "N", "21": "N", "17": "S", "11": "S", "9": "S", "35": "E", "63": "N", "60": "W", "13": "W", "10": "W", "4": "N", "0": "S", "62": "S", "31": "N", "30": "W", "16": "E", "54": "N", "65": "N", "58": "N", "45": "N", "44": "W", "26": "S", "25": "E", "14": "W", "6": "E", "3": "E", "70": "W", "67": "S", "64": "N", "59": "N", "49": "W", "43": "W", "37": "W", "36": "S", "28": "S", "20": "N", "7": "S", "5": "W", "68": "E", "66": "W", "61": "S", "55": "S", "46": "S", "27": "N", "22": "S", "19": "S", "18": "N", "15": "E", "12": "W", "8": "N", "2": "N"}, {"57": "W", "53": "S", "52": "N", "24": "W", "1": "N", "51": "W", "42": "S", "38": "E", "29": "W", "23": "E", "21": "N", "17": "S", "9": "S", "35": "E", "63": "N", "60": "W", "13": "W", "10": "S", "4": "N", "0": "E", "62": "S", "31": "N", "30": "S", "54": "N", "65": "N", "58": "N", "45": "N", "44": "N", "26": "E", "25": "S", "14": "N", "6": "N", "3": "E", "70": "S", "67": "S", "64": "N", "49": "W", "43": "W", "37": "N", "36": "S", "33": "W", "28": "S", "20": "N", "5": "S", "68": "E", "66": "W", "61": "S", "55": "S", "46": "S", "27": "N", "22": "E", "19": "E", "18": "N", "15": "E", "12": "W", "8": "W", "2": "N"}, {"57": "W", "53": "S", "52": "N", "24": "S", "1": "W", "51": "S", "42": "S", "29": "W", "23": "E", "21": "N", "17": "S", "9": "S", "35": "E", "63": "N", "60": "W", "40": "W", "13": "W", "10": "S", "4": "N", "0": "E", "62": "W", "31": "N", "30": "S", "54": "E", "65": "N", "58": "N", "45": "N", "44": "W", "26": "E", "25": "S", "14": "W", "6": "N", "3": "E", "70": "S", "67": "S", "64": "N", "59": "N", "49": "N", "43": "S", "37": "N", "36": "E", "28": "S", "20": "N", "7": "E", "5": "W", "68": "E", "66": "W", "61": "E", "55": "W", "48": "N", "46": "E", "39": "S", "27": "N", "22": "E", "19": "E", "18": "N", "15": "E", "12": "N", "8": "W", "2": "N"}, {"57": "W", "53": "S", "52": "E", "24": "S", "1": "W", "51": "S", "42": "W", "29": "W", "23": "N", "21": "E", "9": "S", "35": "E", "63": "N", "60": "N", "40": "S", "13": "W", "10": "W", "4": "E", "0": "E", "62": "S", "54": "N", "65": "E", "44": "W", "26": "E", "25": "S", "14": "W", "6": "E", "3": "E", "70": "W", "67": "S", "64": "W", "59": "N", "43": "S", "37": "W", "33": "E", "28": "S", "20": "E", "5": "S", "68": "N", "66": "W", "61": "E", "55": "S", "48": "N", "46": "E", "39": "E", "27": "N", "22": "N", "19": "E", "18": "E", "15": "N", "12": "W", "8": "N", "2": "N"}, {"57": "W", "53": "S", "52": "N", "24": "W", "1": "W", "51": "S", "42": "W", "23": "N", "21": "N", "11": "N", "9": "S", "63": "W", "60": "N", "40": "E", "13": "W", "10": "W", "4": "N", "62": "S", "54": "E", "65": "N", "45": "W", "44": "W", "26": "E", "25": "S", "14": "W", "6": "E", "70": "S", "67": "W", "64": "W", "59": "E", "43": "S", "37": "W", "33": "E", "28": "W", "20": "E", "5": "W", "68": "E", "66": "W", "56": "W", "55": "S", "50": "N", "46": "S", "39": "N", "34": "N", "27": "N", "22": "E", "19": "E", "18": "E", "15": "N", "12": "W", "8": "N", "2": "N"}, {"57": "W", "53": "S", "52": "E", "24": "S", "1": "W", "51": "W", "42": "S", "29": "E", "23": "N", "21": "E", "9": "S", "63": "W", "60": "W", "40": "N", "13": "W", "10": "W", "62": "E", "31": "W", "54": "E", "65": "E", "58": "W", "44": "N", "26": "E", "25": "S", "6": "E", "3": "S", "70": "W", "67": "S", "64": "N", "59": "N", "49": "N", "43": "W", "37": "N", "36": "E", "28": "S", "20": "N", "5": "S", "68": "E", "66": "W", "61": "S", "56": "W", "55": "S", "50": "N", "48": "N", "46": "S", "39": "N", "34": "N", "27": "N", "22": "E", "19": "E", "18": "E", "15": "N", "12": "W", "8": "W", "2": "E"}, {"57": "W", "53": "S", "52": "E", "24": "S", "1": "N", "51": "W", "42": "S", "29": "S", "23": "N", "11": "N", "9": "W", "63": "W", "60": "N", "40": "E", "13": "N", "10": "S", "4": "N", "62": "S", "31": "N", "30": "W", "54": "E", "65": "N", "45": "N", "44": "N", "26": "E", "25": "S", "6": "N", "3": "S", "70": "W", "67": "W", "64": "N", "59": "N", "49": "N", "37": "N", "28": "S", "20": "N", "5": "S", "68": "E", "66": "W", "61": "S", "56": "W", "55": "S", "50": "N", "46": "S", "39": "N", "34": "N", "27": "N", "22": "E", "19": "E", "18": "E", "15": "N", "12": "W", "8": "W", "2": "E"}, {"57": "W", "53": "S", "52": "E", "24": "S", "1": "W", "51": "W", "29": "S", "23": "N", "21": "N", "9": "S", "63": "N", "60": "W", "13": "N", "10": "W", "62": "S", "31": "N", "30": "S", "54": "E", "65": "N", "58": "E", "45": "N", "26": "E", "25": "E", "6": "N", "3": "S", "70": "S", "67": "W", "64": "N", "59": "N", "49": "E", "36": "E", "28": "S", "20": "N", "7": "S", "5": "S", "68": "E", "66": "W", "61": "E", "56": "W", "55": "S", "50": "N", "46": "S", "34": "N", "27": "N", "22": "N", "19": "E", "18": "E", "15": "E", "12": "W", "8": "W", "2": "N"}, {"57": "W", "53": "E", "52": "E", "24": "S", "1": "W", "51": "W", "29": "S", "23": "N", "21": "E", "11": "S", "9": "S", "63": "N", "60": "W", "40": "E", "10": "W", "4": "E", "62": "S", "31": "N", "30": "S", "54": "E", "65": "E", "58": "E", "26": "E", "6": "E", "3": "S", "70": "S", "67": "S", "64": "N", "59": "N", "49": "N", "43": "N", "36": "S", "33": "E", "28": "W", "7": "E", "5": "W", "68": "E", "66": "S", "61": "E", "56": "W", "55": "W", "48": "N", "46": "W", "27": "N", "22": "E", "19": "E", "18": "E", "12": "W", "8": "N", "2": "E"}, {"57": "S", "53": "E", "52": "E", "1": "W", "51": "W", "29": "S", "23": "N", "21": "E", "9": "S", "63": "W", "60": "W", "40": "E", "10": "S", "62": "S", "31": "E", "30": "S", "54": "E", "58": "E", "45": "S", "26": "E", "6": "N", "3": "S", "70": "W", "67": "S", "64": "N", "59": "N", "49": "E", "43": "W", "36": "S", "20": "S", "7": "E", "5": "W", "68": "E", "66": "W", "61": "S", "55": "S", "46": "W", "34": "S", "27": "W", "22": "N", "19": "E", "18": "E", "15": "N", "12": "W", "8": "W", "2": "N"}, {"57": "S", "53": "E", "52": "E", "1": "W", "51": "S", "29": "S", "23": "E", "21": "N", "11": "S", "9": "W", "63": "W", "60": "W", "10": "S", "4": "N", "62": "S", "31": "N", "30": "S", "54": "E", "58": "E", "45": "S", "44": "W", "26": "E", "25": "S", "6": "N", "3": "S", "67": "S", "64": "N", "59": "N", "49": "N", "43": "W", "36": "S", "20": "E", "7": "S", "5": "S", "68": "E", "66": "W", "61": "S", "56": "E", "55": "S", "48": "E", "46": "W", "34": "S", "27": "W", "22": "N", "19": "E", "18": "N", "15": "N", "12": "W", "8": "W", "2": "E"}, {"57": "S", "53": "E", "52": "E", "1": "W", "51": "S", "29": "S", "23": "E", "21": "N", "9": "S", "63": "N", "60": "W", "40": "E", "10": "S", "4": "N", "62": "S", "31": "N", "30": "S", "54": "E", "58": "S", "26": "E", "6": "E", "3": "S", "67": "S", "64": "W", "59": "W", "49": "W", "36": "S", "20": "N", "7": "S", "5": "S", "68": "E", "66": "W", "61": "W", "56": "E", "55": "S", "48": "N", "46": "N", "39": "N", "34": "S", "27": "W", "22": "E", "18": "N", "12": "W", "8": "W", "2": "E"}, {"57": "S", "53": "E", "52": "E", "1": "W", "29": "W", "23": "E", "21": "N", "9": "S", "63": "N", "60": "W", "40": "N", "10": "S", "4": "E", "62": "S", "31": "N", "30": "S", "54": "N", "58": "E", "6": "E", "3": "S", "67": "S", "64": "W", "59": "W", "49": "W", "43": "W", "36": "E", "20": "N", "7": "W", "5": "S", "68": "N", "66": "W", "61": "W", "56": "E", "48": "N", "46": "W", "39": "E", "34": "S", "27": "W", "22": "E", "19": "S", "18": "N", "15": "N", "12": "W", "8": "W", "2": "S"}, {"57": "S", "53": "E", "52": "E", "1": "W", "29": "S", "23": "E", "9": "S", "63": "W", "60": "N", "40": "E", "10": "S", "4": "E", "62": "S", "30": "E", "58": "N", "44": "E", "3": "S", "70": "W", "67": "W", "64": "N", "59": "W", "49": "N", "36": "S", "20": "N", "7": "W", "5": "W", "68": "E", "66": "W", "61": "S", "56": "E", "48": "N", "39": "E", "34": "S", "27": "N", "22": "E", "19": "S", "18": "N", "15": "N", "12": "W", "8": "N", "2": "E"}, {"57": "S", "53": "E", "52": "E", "1": "W", "29": "S", "23": "E", "60": "N", "40": "E", "13": "W", "10": "S", "4": "E", "62": "E", "31": "N", "58": "E", "3": "S", "70": "W", "67": "W", "64": "N", "59": "W", "36": "S", "20": "N", "7": "S", "5": "S", "68": "N", "66": "W", "61": "S", "56": "E", "48": "W", "39": "E", "27": "W", "22": "E", "18": "E", "15": "N", "12": "S", "8": "W", "2": "E"}, {"57": "S", "53": "E", "52": "E", "1": "W", "29": "S", "23": "E", "60": "N", "40": "S", "10": "S", "62": "E", "3": "S", "70": "W", "67": "S", "64": "N", "59": "N", "49": "N", "43": "S", "36": "E", "20": "N", "7": "S", "5": "S", "68": "W", "66": "N", "61": "S", "50": "W", "39": "N", "27": "N", "22": "E", "18": "N", "15": "N", "12": "S", "8": "N", "2": "E"}, {"57": "S", "52": "E", "1": "S", "29": "S", "23": "E", "60": "N", "40": "E", "10": "S", "4": "E", "31": "S", "3": "E", "70": "W", "67": "S", "64": "N", "59": "N", "49": "N", "43": "W", "36": "S", "20": "N", "7": "W", "5": "W", "68": "N", "66": "N", "61": "S", "50": "N", "48": "W", "39": "W", "27": "N", "22": "N", "18": "N", "15": "N", "12": "S", "8": "W", "2": "E"}, {"57": "S", "52": "E", "1": "S", "29": "S", "23": "E", "60": "W", "40": "E", "13": "E", "10": "S", "4": "E", "3": "E", "70": "W", "67": "S", "64": "N", "59": "N", "49": "N", "43": "W", "36": "E", "20": "N", "7": "S", "5": "S", "68": "N", "61": "S", "50": "E", "48": "N", "39": "N", "27": "N", "22": "N", "18": "N", "15": "E", "12": "S", "8": "N", "2": "S"}, {"57": "S", "29": "S", "23": "E", "60": "W", "70": "W", "59": "N", "36": "E", "20": "E", "7": "S", "5": "S", "68": "N", "61": "S", "50": "N", "48": "N", "39": "N", "27": "N", "22": "N", "18": "N", "15": "E", "8": "W", "2": "E"}, {"57": "S", "23": "E", "60": "W", "70": "W", "36": "E", "20": "E", "7": "W", "5": "W", "61": "S", "50": "N", "48": "E", "39": "W", "27": "N", "22": "N", "18": "N", "15": "E", "8": "W"}, {"57": "S", "60": "S", "70": "W", "36": "E", "7": "S", "61": "S", "48": "N", "39": "N", "27": "N", "22": "N", "18": "E", "15": "E", "8": "W"}, {"60": "S", "70": "S", "36": "E", "7": "W", "50": "S", "48": "N", "39": "N", "27": "W", "22": "E", "18": "N", "15": "E", "8": "W"}, {"70": "W", "36": "S", "7": "S", "48": "N", "39": "W", "27": "W", "22": "N", "18": "E"}, {"70": "W", "36": "E", "39": "N", "27": "W", "22": "N", "18": "N"}, {"70": "S", "36": "E", "27": "S", "22": "N", "18": "N"}, {"70": "S", "36": "E", "27": "S", "22": "N", "18": "W"}, {"27": "S", "22": "N", "18": "N"}, {"22": "N"}, {"22": "N"}, {"22": "E"}, {"22": "E"}, {"22": "E", "19": "S"}, {"22": "E"}, {"22": "E"}, {"19": "N"}], "result": "SUCCESS", "makespan": 38, "sum": 1149, "algo_name": "OutAndInByPercentage_BIT_", "extra": {"arrival_order": [57, 53, 52, 41, 24, 1, 51, 42, 38, 32, 29, 23, 21, 17, 11, 9, 35, 63, 60, 40, 13, 10, 4, 0, 62, 47, 31, 30, 16, 54, 65, 58, 45, 44, 26, 25, 14, 6, 3, 70, 67, 64, 59, 49, 43, 37, 36, 33, 28, 20, 7, 5, 69, 68, 66, 61, 56, 55, 50, 48, 46, 39, 34, 27, 22, 19, 18, 15, 12, 8, 2], "time_arrived": [487, 158, 1387, 721, 472, 1000, 697, 976, 1366, 320, 447, 296, 1339, 419, 677, 1318, 551, 287, 1291, 1261, 951, 279, 1240, 257, 131, 667, 651, 1204, 926, 227, 546, 528, 201, 911, 1175, 333, 902, 873, 196, 1171, 402, 111, 192, 859, 630, 617, 1151, 515, 1134, 840, 1113, 181, 101, 74, 574, 1100, 1082, 47, 604, 821, 384, 1075, 507, 356, 798, 590, 1049, 774, 1027, 1005, 750], "BIT_runs": 1, "old_makespan": 1387, "old_sum": 1751, "improved": "[57, 53, 52, 41, 24, 1, 51, 42, 38, 32, 29, 23, 21, 17, 11, 9, 35, 63, 60, 40, 13, 10, 4, 0, 62, 47, 31, 30, 16, 54, 65, 58, 45, 44, 26, 25, 14, 6, 3, 70, 67, 64, 59, 49, 43, 37, 36, 33, 28, 20, 7, 5, 69, 68, 66, 61, 56, 55, 50, 48, 46, 39, 34, 27, 22, 19, 18, 15, 12, 8, 2],", "goal_raise_for_bs": 32}}