{"instance": "small_free_000_10x10_30_30", "steps": [{"26": "W", "29": "W", "6": "E", "9": "E", "4": "E", "7": "S", "17": "E", "0": "E", "3": "E", "23": "W", "18": "W", "1": "W", "13": "W", "15": "W", "5": "N", "12": "N", "8": "S", "20": "W", "28": "W"}, {"10": "W", "0": "E", "20": "W", "5": "N", "8": "S", "3": "N", "11": "E", "28": "W", "29": "W", "23": "W", "17": "E", "18": "W", "27": "S", "9": "E", "12": "N", "1": "N", "13": "S", "7": "S", "25": "W"}, {"10": "W", "18": "W", "14": "W", "9": "E", "28": "W", "25": "W", "1": "N", "7": "S", "16": "E", "8": "S", "12": "N"}, {"14": "W", "10": "S", "16": "E", "28": "W", "8": "S", "2": "N"}, {"0": "W", "21": "W", "15": "E", "25": "W", "26": "N", "27": "W", "17": "W", "14": "W", "2": "N", "10": "W", "6": "E", "22": "S", "20": "W"}, {"10": "S", "26": "W", "24": "E", "17": "S", "25": "S", "22": "W", "3": "N", "15": "S", "13": "S", "21": "S", "2": "N", "0": "S", "11": "E", "19": "E"}, {"21": "S", "20": "W", "27": "S", "19": "E", "14": "W", "17": "S", "6": "E", "15": "S", "23": "W"}, {"26": "W", "15": "W", "6": "S", "4": "S", "20": "W", "17": "E", "1": "N"}, {"0": "N", "20": "W", "15": "W", "10": "E", "21": "S", "19": "N", "11": "N", "6": "S"}, {"17": "E", "21": "S", "11": "E", "14": "W", "6": "S", "19": "E", "10": "E", "20": "S", "15": "W"}, {"21": "E", "17": "E", "11": "E", "10": "S", "19": "E"}, {"23": "S", "10": "S", "11": "E", "17": "E", "22": "W", "19": "E", "21": "S", "29": "N", "26": "E", "16": "N"}, {"17": "S", "19": "E", "0": "E", "26": "S", "29": "W", "21": "S", "22": "S", "28": "W", "18": "W"}, {"28": "W", "23": "W", "19": "E", "26": "S", "27": "S", "21": "S", "3": "N", "29": "W", "22": "S"}, {"29": "N", "22": "E", "16": "E", "28": "W"}, {"27": "S", "16": "E", "25": "W", "29": "N", "10": "E", "17": "W"}, {"29": "N", "17": "W", "26": "W", "11": "N", "10": "S", "27": "E"}, {"17": "S", "29": "W", "11": "N", "10": "S", "26": "W"}, {"10": "W", "17": "S", "26": "N", "25": "S"}, {"10": "S", "17": "E"}, {"4": "E", "23": "E", "25": "N", "10": "S", "19": "E", "0": "E", "17": "E"}, {"4": "S", "17": "S", "23": "E", "10": "S", "25": "E"}, {"4": "S", "25": "N", "17": "S", "19": "E", "10": "W", "23": "S"}, {"4": "W", "25": "E", "23": "S", "17": "S", "19": "N"}, {"23": "W", "4": "S", "25": "E"}, {"23": "W", "4": "S", "25": "S"}, {"25": "S", "23": "W"}, {"23": "W", "0": "W", "18": "E"}, {"25": "W", "23": "W", "27": "S", "0": "S", "18": "N"}, {"18": "N", "0": "S"}, {"16": "S", "28": "W", "0": "S"}, {"23": "W", "25": "S", "28": "N"}, {"28": "N"}, {"28": "N", "25": "N", "16": "N"}, {"25": "E", "28": "E", "18": "W"}, {"16": "N", "25": "E", "18": "W"}, {"25": "S", "16": "E", "18": "N"}, {"18": "N", "16": "E", "25": "S"}, {"25": "W", "16": "E", "18": "N"}, {"25": "S", "16": "E", "18": "N"}, {"18": "N", "16": "N", "25": "W"}], "result": "SUCCESS", "makespan": 41, "sum": 247, "algo_name": "BFS_6"}