{"instance": "small_014_20x20_90_200", "steps": [{"167": "S", "68": "E", "32": "E", "27": "N", "64": "N", "172": "W", "51": "E", "6": "N", "18": "W", "47": "E", "150": "E", "121": "W", "161": "N", "22": "E", "52": "W", "166": "E", "7": "E", "67": "E", "80": "E", "159": "N", "104": "E", "65": "N", "180": "W", "195": "W", "111": "N", "49": "S", "179": "W", "171": "N", "61": "S", "147": "N", "36": "W", "94": "S", "83": "S", "125": "W", "19": "N", "70": "W", "42": "E", "199": "W", "162": "W", "158": "W", "152": "E", "139": "W", "88": "S", "26": "W", "122": "E", "149": "N", "34": "W", "192": "E", "11": "W", "170": "W", "154": "W", "117": "S", "187": "W", "57": "N", "174": "W", "62": "N", "58": "N", "25": "E", "175": "E", "169": "E", "98": "E", "59": "N", "0": "E", "185": "N", "133": "S", "77": "W", "75": "S", "55": "W", "44": "E", "31": "E", "146": "N", "106": "W", "102": "W", "96": "W", "78": "N", "69": "W", "60": "E", "50": "S", "14": "E", "95": "W", "189": "N", "16": "W", "20": "E", "168": "W", "29": "E", "198": "N", "17": "N", "89": "N", "113": "S", "110": "E", "82": "E", "156": "E", "144": "N", "137": "S", "126": "W", "124": "E", "105": "N", "45": "S", "12": "W", "1": "W", "196": "S", "163": "N", "157": "W", "143": "N", "130": "W", "127": "E", "101": "W", "90": "S", "79": "W", "53": "W", "41": "N", "35": "E", "33": "E", "5": "N", "3": "E", "194": "E", "186": "E", "182": "W", "155": "W", "153": "N", "134": "S", "118": "S", "103": "E", "86": "N", "74": "N", "73": "W", "40": "E", "38": "N", "37": "E", "30": "E", "15": "S"}, {"167": "S", "68": "E", "32": "E", "27": "N", "4": "N", "123": "S", "181": "E", "64": "N", "43": "N", "173": "S", "51": "E", "6": "N", "18": "W", "193": "W", "97": "W", "47": "E", "150": "S", "121": "W", "161": "N", "22": "E", "166": "E", "7": "E", "67": "E", "165": "S", "80": "E", "159": "N", "104": "E", "65": "N", "141": "S", "114": "S", "48": "S", "195": "W", "111": "N", "49": "S", "107": "W", "179": "W", "171": "N", "142": "N", "61": "S", "36": "W", "94": "S", "83": "S", "125": "W", "19": "N", "72": "N", "70": "W", "42": "E", "199": "W", "177": "W", "158": "W", "152": "E", "140": "E", "139": "W", "88": "S", "26": "W", "122": "E", "149": "N", "34": "W", "192": "E", "11": "W", "170": "W", "154": "W", "117": "S", "187": "W", "57": "N", "62": "N", "58": "N", "25": "E", "175": "N", "169": "E", "39": "E", "0": "E", "184": "E", "133": "S", "100": "W", "77": "S", "75": "S", "55": "S", "44": "N", "31": "E", "13": "W", "164": "N", "146": "N", "106": "W", "99": "S", "96": "W", "78": "N", "69": "W", "60": "E", "56": "W", "50": "E", "46": "S", "14": "E", "95": "W", "16": "W", "20": "E", "168": "W", "29": "E", "136": "N", "198": "N", "17": "N", "148": "S", "89": "N", "113": "S", "110": "E", "156": "E", "144": "N", "137": "S", "126": "W", "124": "E", "105": "N", "45": "W", "12": "W", "1": "W", "196": "S", "163": "E", "157": "S", "143": "N", "132": "N", "130": "W", "127": "S", "119": "N", "101": "W", "90": "S", "79": "W", "76": "W", "53": "S", "35": "E", "33": "E", "5": "N", "3": "E", "186": "E", "176": "S", "155": "W", "153": "E", "134": "W", "131": "N", "128": "S", "118": "S", "103": "E", "86": "N", "85": "E", "74": "E", "73": "N", "40": "E", "38": "N", "37": "N", "30": "S", "15": "E"}, {"167": "S", "68": "E", "32": "E", "27": "N", "4": "E", "123": "E", "181": "S", "64": "N", "183": "S", "172": "E", "43": "E", "173": "S", "51": "E", "6": "N", "116": "N", "18": "W", "193": "W", "97": "W", "47": "E", "121": "W", "161": "N", "22": "E", "138": "S", "166": "E", "7": "E", "67": "E", "9": "N", "80": "E", "159": "N", "141": "W", "114": "S", "180": "N", "195": "W", "111": "N", "49": "S", "107": "N", "179": "W", "171": "N", "36": "W", "94": "E", "83": "W", "125": "W", "66": "S", "19": "N", "70": "W", "42": "E", "199": "W", "177": "W", "158": "W", "152": "E", "140": "N", "139": "W", "88": "S", "26": "W", "8": "S", "122": "E", "149": "N", "34": "W", "192": "E", "11": "W", "170": "W", "154": "W", "187": "W", "57": "N", "174": "E", "62": "N", "58": "N", "175": "N", "169": "E", "59": "E", "39": "E", "185": "W", "184": "S", "133": "S", "120": "N", "77": "S", "75": "W", "44": "W", "31": "S", "23": "E", "13": "W", "146": "N", "106": "W", "96": "W", "78": "N", "60": "E", "56": "N", "50": "E", "46": "E", "14": "E", "95": "W", "189": "N", "16": "W", "20": "E", "168": "W", "29": "E", "136": "W", "198": "N", "17": "N", "148": "S", "89": "N", "82": "E", "156": "E", "126": "W", "124": "N", "105": "N", "45": "N", "1": "W", "157": "W", "143": "N", "132": "N", "130": "W", "127": "W", "119": "N", "101": "W", "76": "N", "71": "N", "53": "S", "35": "N", "33": "E", "5": "W", "194": "N", "186": "E", "160": "W", "155": "W", "153": "E", "151": "W", "134": "N", "131": "N", "128": "E", "118": "W", "103": "S", "85": "N", "81": "E", "73": "E", "40": "E", "38": "N", "37": "N", "30": "E", "15": "E", "10": "N"}, {"167": "E", "68": "E", "32": "E", "27": "W", "4": "E", "123": "E", "181": "E", "64": "E", "172": "E", "43": "E", "173": "S", "51": "E", "6": "W", "116": "W", "18": "W", "97": "W", "47": "E", "108": "E", "121": "W", "161": "N", "22": "E", "138": "W", "166": "E", "7": "E", "67": "E", "80": "E", "159": "N", "104": "W", "141": "S", "48": "N", "195": "W", "111": "N", "49": "W", "24": "N", "107": "N", "179": "W", "171": "N", "142": "W", "61": "S", "36": "W", "83": "N", "125": "W", "19": "N", "70": "W", "42": "E", "199": "W", "177": "W", "162": "W", "152": "E", "140": "N", "139": "W", "88": "S", "26": "W", "112": "N", "122": "E", "149": "N", "34": "W", "192": "E", "11": "W", "170": "N", "154": "W", "187": "W", "57": "N", "62": "N", "58": "N", "21": "W", "25": "E", "169": "E", "109": "W", "59": "E", "190": "W", "185": "W", "133": "S", "120": "N", "91": "E", "75": "W", "44": "W", "31": "S", "13": "N", "146": "N", "106": "W", "99": "S", "96": "W", "78": "N", "60": "E", "50": "N", "46": "E", "14": "N", "129": "N", "92": "N", "95": "W", "189": "N", "16": "W", "20": "E", "168": "W", "29": "E", "136": "W", "17": "N", "89": "N", "197": "E", "113": "S", "82": "E", "93": "N", "156": "N", "144": "E", "126": "W", "124": "N", "105": "N", "45": "N", "1": "W", "196": "W", "157": "W", "143": "N", "130": "W", "101": "W", "90": "W", "79": "N", "71": "W", "41": "N", "35": "W", "33": "N", "5": "W", "3": "E", "2": "N", "194": "E", "188": "N", "186": "E", "182": "W", "160": "N", "155": "W", "153": "S", "134": "N", "131": "N", "128": "E", "118": "W", "115": "N", "86": "E", "40": "E", "38": "N", "37": "W", "30": "E", "15": "E"}, {"167": "E", "68": "E", "27": "S", "123": "S", "172": "S", "173": "S", "84": "E", "51": "E", "6": "S", "18": "W", "97": "W", "47": "E", "108": "S", "121": "W", "63": "S", "166": "E", "7": "E", "67": "E", "9": "N", "80": "E", "159": "N", "141": "S", "48": "W", "195": "W", "111": "N", "107": "N", "179": "W", "171": "N", "142": "S", "61": "S", "36": "W", "83": "N", "125": "W", "19": "N", "72": "W", "70": "W", "42": "E", "199": "W", "177": "W", "140": "E", "139": "N", "88": "W", "26": "W", "122": "E", "149": "N", "34": "W", "192": "E", "11": "W", "170": "N", "154": "W", "187": "W", "57": "N", "62": "N", "58": "N", "21": "S", "25": "E", "175": "N", "169": "E", "109": "S", "190": "N", "185": "S", "133": "E", "120": "W", "75": "S", "55": "S", "31": "S", "23": "S", "13": "W", "164": "W", "146": "N", "106": "W", "102": "W", "96": "W", "78": "N", "69": "S", "60": "E", "50": "E", "46": "E", "14": "W", "54": "S", "95": "W", "189": "N", "16": "W", "20": "E", "168": "W", "29": "E", "136": "W", "17": "N", "89": "N", "197": "E", "110": "E", "82": "E", "156": "N", "126": "W", "124": "W", "105": "N", "87": "S", "45": "W", "1": "W", "196": "N", "143": "N", "132": "W", "130": "W", "101": "W", "79": "N", "76": "E", "71": "W", "41": "W", "35": "W", "33": "N", "5": "S", "3": "E", "194": "E", "186": "E", "155": "W", "131": "N", "128": "E", "118": "W", "103": "W", "86": "E", "81": "S", "40": "E", "38": "W", "37": "W", "30": "N", "15": "E", "10": "N"}, {"167": "E", "27": "S", "123": "S", "183": "W", "173": "S", "51": "N", "6": "W", "47": "E", "121": "W", "22": "S", "63": "W", "166": "E", "67": "N", "165": "W", "80": "E", "159": "N", "111": "N", "135": "S", "107": "N", "179": "W", "171": "N", "142": "S", "61": "E", "36": "W", "94": "E", "83": "N", "19": "N", "72": "N", "199": "W", "177": "W", "158": "S", "88": "W", "122": "E", "149": "N", "34": "W", "192": "E", "11": "W", "170": "N", "154": "W", "117": "S", "187": "W", "57": "N", "62": "N", "58": "N", "25": "N", "175": "N", "169": "S", "0": "N", "190": "E", "185": "S", "184": "E", "100": "N", "75": "S", "55": "W", "31": "W", "23": "W", "13": "N", "164": "N", "146": "N", "106": "W", "102": "N", "99": "N", "96": "W", "78": "N", "69": "E", "60": "E", "56": "W", "50": "E", "46": "E", "14": "W", "92": "E", "54": "W", "95": "W", "189": "N", "16": "W", "20": "E", "168": "W", "29": "E", "136": "W", "17": "N", "89": "N", "197": "E", "113": "W", "82": "N", "156": "N", "126": "W", "124": "N", "105": "N", "87": "W", "12": "S", "1": "W", "196": "W", "157": "N", "143": "N", "132": "S", "130": "W", "127": "S", "101": "W", "90": "W", "79": "N", "53": "W", "41": "W", "33": "N", "3": "S", "194": "N", "186": "N", "182": "N", "155": "S", "151": "W", "134": "N", "131": "N", "128": "E", "118": "W", "86": "S", "85": "N", "74": "E", "40": "S", "38": "W", "37": "W", "30": "N", "15": "S"}, {"167": "N", "145": "E", "32": "N", "27": "S", "123": "E", "64": "W", "183": "W", "172": "E", "173": "S", "51": "N", "6": "S", "47": "N", "108": "E", "121": "W", "161": "W", "63": "W", "166": "S", "7": "E", "67": "E", "165": "W", "80": "E", "159": "N", "178": "W", "195": "N", "49": "E", "24": "N", "135": "W", "179": "W", "171": "N", "142": "W", "61": "N", "36": "W", "94": "S", "19": "N", "72": "N", "199": "W", "177": "S", "158": "E", "152": "N", "140": "E", "88": "W", "112": "N", "122": "E", "149": "N", "34": "W", "192": "E", "11": "W", "170": "N", "154": "W", "117": "S", "187": "W", "57": "N", "62": "N", "58": "N", "21": "W", "25": "W", "169": "W", "59": "E", "0": "N", "185": "S", "100": "W", "77": "W", "75": "S", "55": "S", "31": "S", "23": "W", "13": "W", "191": "W", "164": "W", "106": "N", "102": "E", "96": "W", "78": "N", "69": "E", "60": "N", "56": "N", "50": "E", "46": "E", "14": "N", "129": "N", "92": "E", "54": "W", "95": "S", "20": "E", "168": "W", "29": "E", "136": "S", "17": "N", "89": "N", "197": "E", "82": "W", "156": "N", "137": "E", "126": "W", "124": "W", "105": "N", "87": "W", "1": "W", "196": "N", "143": "N", "132": "W", "130": "W", "101": "W", "90": "W", "79": "N", "53": "S", "41": "W", "33": "N", "5": "N", "3": "S", "194": "N", "188": "W", "186": "N", "155": "S", "131": "W", "128": "S", "103": "E", "74": "N", "73": "S", "40": "W", "38": "W", "30": "E", "15": "E"}, {"167": "N", "145": "E", "32": "W", "27": "S", "123": "E", "64": "S", "183": "W", "172": "S", "173": "S", "84": "N", "51": "W", "6": "S", "193": "E", "97": "E", "47": "E", "121": "W", "63": "W", "166": "E", "7": "S", "67": "N", "9": "E", "165": "W", "80": "E", "159": "W", "180": "E", "195": "W", "49": "N", "135": "W", "179": "N", "142": "W", "61": "E", "94": "W", "72": "N", "199": "S", "158": "E", "152": "W", "88": "W", "8": "W", "122": "E", "149": "N", "34": "W", "192": "E", "11": "W", "170": "E", "154": "W", "117": "S", "187": "W", "57": "N", "62": "N", "21": "W", "25": "W", "175": "E", "169": "W", "0": "N", "190": "N", "184": "E", "133": "W", "120": "S", "100": "S", "75": "E", "31": "W", "23": "N", "13": "W", "102": "N", "96": "W", "60": "W", "56": "N", "46": "E", "14": "N", "129": "E", "92": "E", "54": "W", "95": "S", "16": "W", "20": "E", "29": "E", "136": "W", "17": "N", "89": "N", "197": "E", "110": "E", "82": "W", "156": "N", "126": "W", "124": "W", "105": "N", "87": "W", "196": "W", "132": "W", "130": "W", "127": "S", "101": "S", "90": "N", "79": "E", "76": "W", "53": "S", "41": "W", "35": "E", "33": "N", "5": "W", "3": "S", "194": "N", "188": "W", "186": "W", "155": "S", "134": "W", "131": "W", "128": "E", "86": "E", "38": "W", "15": "N"}, {"167": "N", "145": "E", "32": "W", "27": "S", "123": "S", "64": "S", "183": "W", "172": "E", "84": "N", "51": "W", "47": "N", "121": "W", "161": "W", "63": "W", "166": "S", "67": "N", "9": "E", "165": "W", "80": "S", "159": "S", "104": "S", "114": "N", "195": "W", "49": "N", "135": "W", "179": "E", "142": "W", "61": "S", "36": "N", "94": "W", "66": "S", "19": "N", "72": "N", "199": "S", "177": "S", "158": "E", "152": "W", "140": "S", "139": "N", "88": "W", "8": "S", "122": "N", "34": "W", "192": "N", "11": "W", "170": "E", "154": "W", "117": "S", "187": "W", "62": "E", "25": "W", "98": "N", "59": "E", "0": "N", "185": "W", "133": "N", "75": "E", "44": "N", "31": "W", "28": "S", "13": "W", "191": "W", "102": "E", "96": "W", "78": "N", "56": "E", "46": "E", "14": "N", "129": "E", "92": "E", "54": "W", "16": "S", "168": "W", "136": "W", "17": "E", "148": "S", "82": "N", "93": "S", "156": "N", "144": "W", "137": "E", "126": "W", "124": "N", "105": "E", "12": "W", "196": "N", "163": "N", "143": "N", "132": "S", "130": "W", "119": "N", "101": "S", "90": "N", "79": "E", "71": "N", "53": "W", "41": "N", "5": "W", "3": "S", "194": "N", "186": "W", "160": "E", "155": "S", "153": "W", "151": "N", "134": "N", "131": "W", "128": "N", "86": "S", "74": "N", "38": "W"}, {"167": "W", "145": "E", "32": "W", "27": "S", "123": "S", "64": "S", "183": "W", "172": "E", "84": "N", "51": "W", "18": "S", "193": "W", "97": "W", "47": "N", "121": "W", "161": "S", "22": "S", "63": "W", "166": "S", "67": "N", "165": "W", "80": "S", "159": "S", "104": "S", "114": "N", "195": "W", "49": "N", "24": "N", "135": "S", "179": "N", "142": "S", "61": "E", "36": "E", "94": "W", "72": "E", "199": "S", "177": "S", "162": "S", "158": "E", "152": "W", "140": "S", "88": "W", "26": "S", "8": "S", "112": "N", "122": "N", "149": "W", "34": "W", "192": "W", "11": "W", "154": "W", "187": "W", "57": "E", "62": "E", "25": "S", "169": "E", "109": "W", "98": "N", "0": "N", "133": "N", "120": "E", "55": "W", "44": "N", "31": "W", "28": "W", "13": "W", "191": "W", "102": "E", "99": "W", "96": "W", "56": "E", "50": "E", "46": "E", "14": "N", "92": "E", "54": "W", "189": "W", "20": "E", "168": "W", "29": "E", "136": "S", "198": "W", "148": "S", "89": "S", "113": "S", "82": "N", "156": "N", "137": "E", "126": "W", "105": "E", "12": "S", "196": "N", "157": "S", "143": "E", "132": "W", "130": "W", "101": "S", "90": "W", "79": "E", "71": "W", "53": "S", "33": "W", "5": "S", "3": "S", "2": "W", "194": "N", "186": "W", "182": "S", "155": "E", "151": "W", "131": "W", "128": "N", "118": "W", "115": "W", "103": "W", "74": "W", "73": "W", "38": "W", "37": "N", "15": "E", "10": "S"}, {"167": "W", "145": "E", "32": "W", "27": "S", "123": "E", "64": "S", "183": "W", "172": "S", "84": "E", "51": "W", "116": "E", "18": "E", "97": "S", "47": "W", "108": "S", "121": "W", "161": "S", "22": "W", "63": "W", "52": "E", "166": "S", "67": "W", "9": "E", "165": "W", "80": "E", "159": "S", "104": "E", "114": "E", "180": "E", "195": "W", "111": "W", "49": "N", "24": "E", "135": "W", "179": "E", "171": "N", "142": "S", "61": "S", "36": "E", "94": "N", "19": "N", "72": "N", "70": "S", "199": "S", "177": "W", "162": "S", "158": "S", "152": "N", "140": "S", "139": "W", "88": "W", "8": "S", "122": "N", "149": "W", "34": "W", "192": "W", "11": "W", "154": "W", "117": "E", "187": "W", "62": "S", "58": "N", "175": "E", "169": "S", "98": "N", "0": "N", "190": "N", "133": "N", "120": "S", "55": "S", "44": "N", "31": "S", "28": "W", "13": "W", "191": "S", "146": "W", "106": "E", "102": "N", "99": "W", "96": "W", "69": "S", "56": "N", "46": "N", "14": "N", "129": "E", "92": "E", "54": "W", "189": "W", "20": "E", "168": "W", "29": "E", "136": "S", "198": "W", "148": "S", "89": "W", "197": "E", "113": "S", "110": "E", "82": "N", "126": "W", "124": "N", "105": "S", "87": "N", "12": "S", "1": "W", "196": "N", "163": "N", "143": "S", "132": "W", "130": "W", "127": "W", "119": "E", "101": "S", "90": "N", "71": "W", "53": "S", "3": "S", "194": "N", "188": "N", "176": "N", "160": "E", "155": "E", "131": "W", "118": "W", "115": "W", "103": "S", "85": "S", "81": "E", "74": "W", "73": "N", "37": "N", "30": "N"}, {"167": "W", "145": "S", "32": "W", "27": "S", "123": "E", "183": "W", "172": "S", "84": "E", "51": "W", "116": "S", "18": "E", "97": "W", "47": "N", "108": "S", "121": "W", "161": "W", "22": "W", "63": "W", "52": "N", "67": "W", "9": "E", "165": "S", "80": "E", "159": "S", "65": "N", "114": "N", "180": "N", "195": "W", "111": "S", "49": "N", "24": "E", "135": "W", "179": "N", "171": "N", "142": "S", "36": "E", "94": "N", "83": "S", "19": "N", "72": "W", "70": "S", "199": "S", "177": "W", "158": "E", "152": "N", "140": "E", "88": "W", "8": "S", "112": "N", "122": "N", "149": "W", "34": "W", "192": "W", "11": "W", "154": "W", "117": "S", "187": "W", "62": "S", "58": "N", "175": "N", "169": "W", "98": "W", "0": "N", "185": "E", "184": "N", "133": "N", "120": "S", "55": "S", "31": "W", "28": "W", "106": "E", "96": "W", "78": "N", "56": "E", "46": "N", "14": "E", "129": "E", "92": "E", "54": "W", "189": "W", "168": "N", "29": "N", "136": "S", "198": "W", "17": "E", "148": "S", "89": "W", "197": "S", "82": "N", "93": "W", "144": "W", "126": "W", "124": "W", "105": "S", "87": "W", "1": "N", "157": "W", "143": "S", "132": "W", "130": "W", "127": "W", "101": "S", "71": "W", "53": "S", "41": "E", "35": "N", "3": "S", "2": "W", "194": "E", "188": "N", "186": "N", "182": "W", "176": "N", "160": "S", "155": "E", "151": "E", "134": "S", "131": "W", "118": "W", "115": "N", "103": "S", "86": "W", "81": "S", "74": "W", "30": "N", "15": "W"}, {"167": "N", "145": "S", "32": "W", "27": "S", "123": "E", "183": "W", "172": "E", "84": "E", "51": "W", "6": "W", "116": "S", "18": "E", "97": "W", "47": "W", "121": "N", "161": "W", "22": "W", "63": "W", "52": "N", "67": "N", "9": "E", "80": "S", "159": "S", "104": "S", "65": "E", "114": "W", "180": "N", "195": "W", "111": "S", "49": "N", "24": "E", "135": "W", "179": "E", "142": "S", "36": "E", "83": "S", "19": "W", "70": "S", "199": "S", "177": "W", "158": "E", "152": "W", "140": "E", "26": "E", "8": "S", "112": "E", "149": "W", "34": "N", "192": "N", "11": "S", "117": "S", "187": "N", "174": "N", "62": "S", "21": "S", "175": "N", "169": "S", "109": "E", "98": "W", "59": "W", "0": "W", "190": "W", "133": "E", "120": "W", "77": "W", "31": "W", "28": "W", "13": "W", "146": "W", "106": "E", "96": "S", "50": "W", "46": "N", "14": "N", "129": "E", "54": "W", "95": "W", "16": "W", "168": "W", "29": "W", "136": "S", "17": "S", "148": "W", "89": "W", "197": "S", "113": "W", "110": "W", "156": "W", "144": "S", "137": "W", "126": "S", "124": "W", "105": "S", "87": "N", "45": "S", "1": "N", "196": "W", "163": "S", "157": "S", "143": "S", "132": "W", "130": "N", "127": "W", "101": "S", "76": "S", "71": "W", "53": "S", "35": "N", "33": "N", "3": "S", "2": "W", "194": "N", "188": "N", "182": "S", "160": "E", "155": "E", "151": "S", "131": "W", "128": "S", "118": "N", "115": "W", "103": "S", "86": "W", "81": "W", "74": "W", "40": "W", "38": "W", "30": "N"}, {"167": "N", "145": "S", "32": "N", "27": "S", "4": "N", "123": "S", "64": "E", "183": "W", "172": "E", "43": "N", "84": "E", "51": "N", "6": "S", "116": "S", "18": "E", "97": "N", "47": "W", "108": "S", "121": "N", "161": "W", "22": "W", "63": "W", "52": "E", "67": "W", "9": "E", "165": "S", "80": "S", "159": "S", "104": "S", "114": "N", "48": "N", "180": "N", "111": "S", "49": "N", "24": "E", "107": "N", "179": "E", "171": "N", "142": "S", "61": "N", "36": "E", "83": "S", "19": "W", "72": "N", "70": "S", "199": "S", "177": "S", "162": "N", "158": "E", "152": "W", "140": "E", "139": "E", "88": "N", "26": "E", "8": "S", "112": "E", "149": "W", "34": "N", "11": "S", "154": "S", "117": "S", "187": "N", "62": "W", "58": "N", "25": "E", "175": "N", "169": "S", "109": "E", "98": "W", "0": "N", "190": "N", "184": "W", "133": "E", "120": "N", "44": "N", "31": "W", "28": "W", "13": "W", "191": "N", "146": "W", "106": "E", "102": "W", "96": "S", "50": "N", "46": "E", "14": "W", "129": "E", "92": "E", "54": "W", "168": "N", "136": "S", "198": "N", "17": "W", "148": "W", "89": "W", "197": "S", "113": "N", "110": "W", "82": "N", "93": "S", "144": "W", "137": "W", "126": "S", "124": "W", "105": "E", "87": "W", "1": "N", "157": "W", "143": "S", "132": "W", "130": "N", "127": "W", "101": "S", "90": "S", "79": "E", "71": "S", "53": "S", "41": "W", "33": "N", "3": "S", "2": "S", "194": "N", "188": "W", "186": "S", "155": "E", "153": "W", "151": "S", "131": "W", "128": "E", "115": "N", "103": "S", "86": "N", "81": "S", "74": "W", "40": "W", "38": "W", "37": "N", "30": "E", "15": "S", "10": "N"}, {"167": "N", "145": "S", "27": "S", "4": "E", "123": "S", "64": "E", "183": "W", "172": "E", "43": "W", "84": "E", "51": "N", "6": "S", "116": "S", "18": "E", "97": "W", "47": "W", "121": "N", "161": "W", "22": "W", "63": "W", "138": "E", "52": "E", "67": "W", "9": "E", "165": "S", "80": "S", "159": "E", "104": "S", "114": "W", "195": "W", "111": "S", "49": "E", "24": "E", "135": "W", "107": "W", "179": "E", "171": "N", "142": "S", "61": "E", "36": "E", "94": "W", "83": "E", "125": "S", "66": "E", "19": "W", "72": "E", "70": "E", "199": "S", "177": "W", "158": "E", "140": "E", "88": "W", "26": "E", "112": "E", "122": "N", "149": "S", "34": "N", "11": "S", "154": "E", "117": "E", "187": "N", "57": "W", "174": "W", "62": "W", "58": "N", "25": "E", "109": "E", "98": "W", "0": "W", "190": "E", "184": "W", "133": "N", "55": "E", "31": "W", "28": "W", "13": "W", "191": "N", "146": "S", "106": "E", "102": "N", "99": "W", "96": "S", "69": "W", "56": "W", "46": "E", "14": "N", "129": "E", "92": "E", "54": "W", "189": "W", "16": "W", "168": "E", "198": "N", "148": "W", "89": "S", "197": "S", "113": "E", "82": "N", "144": "W", "137": "W", "126": "S", "124": "W", "87": "S", "1": "N", "196": "W", "163": "N", "157": "S", "132": "S", "130": "N", "127": "W", "79": "E", "71": "S", "41": "W", "33": "N", "5": "S", "3": "S", "2": "S", "194": "E", "188": "W", "186": "W", "155": "E", "153": "W", "131": "W", "128": "E", "103": "W", "85": "N", "81": "W", "38": "S", "37": "W"}, {"167": "N", "145": "S", "27": "S", "4": "E", "123": "S", "64": "S", "183": "W", "172": "E", "43": "N", "84": "E", "51": "W", "116": "S", "18": "E", "97": "W", "47": "W", "121": "N", "161": "W", "63": "W", "138": "E", "52": "E", "67": "W", "9": "E", "165": "S", "80": "S", "104": "S", "114": "W", "180": "N", "195": "W", "111": "S", "24": "E", "107": "N", "179": "E", "142": "S", "61": "N", "147": "S", "36": "E", "94": "N", "83": "S", "125": "E", "66": "E", "19": "S", "72": "E", "70": "E", "199": "E", "177": "W", "158": "E", "140": "E", "26": "E", "112": "E", "122": "N", "149": "S", "34": "N", "11": "S", "154": "S", "117": "E", "187": "N", "62": "W", "58": "W", "21": "E", "25": "S", "109": "E", "98": "W", "59": "E", "0": "W", "184": "S", "133": "E", "120": "S", "91": "N", "31": "W", "28": "S", "13": "S", "191": "N", "106": "E", "102": "E", "99": "W", "96": "S", "56": "N", "46": "E", "14": "N", "129": "E", "92": "E", "54": "W", "95": "E", "189": "W", "16": "W", "20": "E", "168": "N", "29": "E", "148": "N", "89": "S", "197": "S", "110": "S", "144": "S", "137": "W", "126": "S", "124": "N", "1": "N", "196": "W", "157": "W", "132": "S", "130": "N", "127": "W", "79": "N", "71": "S", "41": "W", "35": "E", "33": "W", "3": "S", "2": "S", "194": "N", "188": "W", "153": "N", "131": "W", "128": "E", "115": "N", "103": "W", "86": "N", "81": "W", "74": "W", "73": "E", "37": "W", "10": "N"}, {"167": "N", "145": "S", "27": "S", "4": "N", "123": "S", "64": "S", "183": "W", "84": "N", "51": "W", "116": "W", "18": "E", "97": "N", "47": "W", "121": "N", "161": "W", "63": "W", "52": "N", "67": "W", "165": "S", "80": "E", "159": "S", "104": "S", "114": "W", "180": "N", "195": "W", "111": "E", "24": "S", "107": "N", "179": "E", "171": "N", "142": "W", "61": "E", "36": "N", "83": "E", "125": "E", "19": "S", "72": "E", "70": "S", "177": "N", "158": "E", "140": "E", "26": "S", "8": "S", "112": "E", "122": "N", "149": "S", "34": "N", "192": "E", "11": "E", "154": "S", "117": "N", "187": "N", "174": "S", "62": "W", "58": "W", "21": "E", "25": "S", "169": "W", "109": "E", "98": "W", "59": "N", "0": "W", "190": "N", "184": "E", "133": "E", "120": "E", "91": "W", "75": "W", "44": "S", "31": "S", "28": "S", "13": "W", "191": "E", "106": "S", "99": "S", "96": "E", "60": "E", "56": "N", "46": "N", "14": "N", "129": "S", "92": "N", "54": "W", "95": "E", "189": "S", "16": "W", "20": "S", "168": "N", "17": "N", "89": "W", "197": "W", "113": "E", "110": "W", "82": "N", "137": "W", "126": "S", "124": "N", "1": "E", "196": "W", "132": "S", "130": "N", "127": "N", "119": "E", "79": "E", "53": "N", "41": "W", "3": "E", "2": "S", "194": "N", "188": "W", "186": "E", "182": "S", "151": "W", "131": "W", "118": "W", "115": "E", "103": "W", "86": "N", "85": "E", "81": "W", "74": "W", "37": "W", "30": "N", "15": "N"}, {"167": "E", "145": "W", "27": "S", "4": "E", "64": "S", "183": "N", "43": "E", "84": "N", "51": "W", "6": "W", "116": "S", "18": "E", "97": "N", "47": "W", "121": "N", "161": "W", "22": "N", "63": "N", "138": "W", "52": "W", "67": "W", "9": "E", "165": "E", "80": "S", "159": "E", "104": "E", "114": "W", "180": "N", "178": "N", "195": "S", "111": "E", "135": "W", "107": "E", "171": "N", "142": "S", "61": "E", "36": "N", "83": "E", "125": "E", "66": "W", "19": "S", "72": "N", "70": "E", "177": "N", "158": "E", "140": "E", "139": "N", "26": "S", "8": "S", "112": "E", "122": "W", "149": "S", "34": "N", "192": "E", "11": "E", "154": "S", "117": "E", "187": "N", "62": "W", "58": "W", "25": "S", "175": "E", "169": "W", "109": "E", "98": "W", "59": "W", "0": "W", "190": "N", "185": "W", "184": "E", "133": "E", "91": "W", "77": "S", "75": "N", "55": "E", "44": "S", "31": "S", "28": "S", "13": "W", "191": "S", "106": "W", "99": "S", "96": "E", "78": "N", "60": "N", "46": "N", "14": "E", "129": "S", "92": "W", "95": "N", "189": "S", "20": "S", "168": "E", "198": "W", "148": "N", "89": "W", "197": "W", "110": "S", "156": "W", "126": "E", "124": "N", "105": "S", "12": "W", "1": "E", "163": "S", "157": "W", "132": "S", "130": "N", "119": "N", "101": "W", "79": "E", "76": "S", "71": "S", "41": "W", "3": "S", "2": "E", "194": "N", "188": "N", "186": "N", "182": "S", "160": "E", "155": "S", "131": "W", "115": "N", "103": "W", "86": "E", "81": "W", "74": "W", "38": "S", "37": "W", "30": "N"}, {"167": "E", "145": "S", "27": "S", "4": "E", "64": "S", "183": "E", "43": "E", "173": "W", "84": "N", "51": "W", "6": "S", "18": "E", "97": "W", "47": "W", "150": "E", "121": "N", "161": "W", "22": "N", "63": "N", "52": "N", "67": "W", "9": "N", "165": "E", "80": "S", "104": "E", "114": "W", "195": "S", "111": "N", "24": "E", "135": "W", "107": "N", "142": "S", "61": "E", "36": "N", "94": "N", "83": "E", "125": "E", "66": "S", "19": "S", "72": "N", "70": "S", "177": "N", "158": "E", "152": "E", "140": "E", "139": "E", "26": "S", "8": "S", "122": "W", "149": "S", "192": "N", "11": "E", "170": "N", "154": "E", "117": "E", "187": "N", "62": "W", "58": "S", "21": "W", "25": "W", "175": "N", "169": "S", "109": "E", "98": "W", "39": "S", "0": "W", "190": "N", "185": "S", "133": "E", "120": "N", "91": "N", "77": "S", "31": "W", "28": "W", "13": "W", "191": "E", "99": "E", "96": "E", "78": "E", "60": "N", "46": "N", "14": "N", "129": "W", "92": "N", "189": "W", "16": "S", "20": "W", "168": "E", "89": "W", "197": "W", "113": "N", "144": "W", "126": "E", "124": "W", "87": "W", "1": "E", "163": "S", "132": "S", "130": "N", "127": "S", "119": "W", "101": "S", "90": "W", "76": "E", "71": "S", "53": "S", "41": "N", "35": "W", "5": "W", "3": "W", "194": "E", "188": "W", "186": "W", "182": "E", "155": "E", "153": "N", "131": "W", "115": "W", "86": "N", "74": "W", "73": "W", "40": "S", "37": "W", "30": "E", "10": "W"}, {"167": "N", "145": "W", "32": "N", "27": "S", "4": "E", "123": "E", "64": "S", "183": "E", "84": "N", "51": "W", "6": "S", "18": "S", "193": "W", "97": "N", "47": "N", "108": "N", "121": "E", "161": "W", "22": "W", "63": "N", "138": "E", "52": "W", "67": "N", "165": "S", "80": "S", "104": "S", "114": "W", "180": "W", "195": "S", "111": "E", "135": "W", "107": "E", "171": "N", "142": "S", "61": "E", "36": "E", "94": "W", "83": "E", "125": "S", "66": "E", "19": "S", "72": "N", "70": "S", "199": "S", "177": "W", "158": "E", "140": "E", "139": "E", "26": "S", "8": "S", "112": "E", "122": "W", "149": "S", "192": "W", "11": "S", "154": "E", "117": "E", "187": "E", "174": "W", "62": "S", "58": "S", "25": "S", "175": "W", "98": "W", "59": "E", "39": "S", "0": "W", "190": "N", "185": "S", "133": "N", "91": "W", "28": "W", "13": "W", "164": "S", "99": "S", "96": "E", "78": "E", "60": "W", "46": "W", "14": "W", "129": "S", "92": "E", "54": "N", "95": "S", "20": "W", "168": "N", "29": "W", "17": "W", "89": "S", "197": "S", "110": "S", "93": "S", "144": "S", "126": "E", "124": "W", "105": "S", "45": "S", "157": "S", "143": "W", "132": "S", "130": "N", "127": "W", "119": "N", "101": "S", "90": "S", "79": "W", "76": "S", "71": "W", "53": "S", "41": "W", "3": "S", "194": "N", "188": "W", "176": "E", "155": "S", "153": "E", "134": "S", "131": "W", "115": "N", "86": "E", "81": "S", "74": "S", "30": "E", "15": "S"}, {"167": "E", "145": "W", "32": "N", "27": "S", "4": "N", "64": "S", "183": "N", "43": "E", "84": "N", "51": "W", "6": "S", "18": "S", "193": "W", "97": "N", "47": "W", "150": "N", "108": "N", "121": "E", "161": "S", "22": "N", "63": "N", "52": "N", "67": "W", "9": "N", "165": "E", "80": "W", "104": "S", "65": "W", "114": "W", "178": "E", "195": "S", "111": "S", "49": "S", "107": "N", "179": "E", "171": "W", "142": "S", "61": "E", "36": "E", "94": "N", "83": "N", "125": "E", "66": "E", "19": "S", "72": "E", "70": "E", "199": "S", "177": "W", "162": "E", "158": "E", "152": "E", "140": "E", "139": "E", "26": "S", "8": "E", "112": "E", "122": "W", "34": "N", "192": "N", "11": "E", "154": "E", "117": "E", "187": "E", "174": "S", "62": "W", "58": "S", "98": "N", "59": "N", "39": "E", "0": "N", "190": "N", "185": "S", "133": "N", "91": "N", "164": "E", "106": "E", "99": "S", "96": "E", "78": "E", "69": "N", "60": "W", "56": "W", "50": "E", "46": "W", "14": "N", "129": "E", "92": "N", "54": "E", "95": "S", "189": "N", "20": "S", "168": "N", "29": "N", "136": "W", "198": "N", "17": "N", "89": "S", "197": "W", "110": "W", "93": "S", "144": "W", "137": "S", "126": "E", "124": "W", "196": "S", "157": "S", "143": "S", "132": "S", "130": "N", "119": "N", "101": "S", "76": "E", "71": "W", "53": "W", "41": "S", "35": "N", "33": "N", "3": "W", "2": "S", "194": "N", "188": "W", "186": "W", "176": "S", "160": "S", "155": "E", "153": "S", "131": "N", "128": "S", "118": "S", "115": "N", "103": "S", "86": "S", "81": "S", "74": "S", "38": "E", "37": "N", "30": "E", "10": "E"}, {"167": "E", "145": "W", "32": "W", "27": "E", "4": "N", "64": "W", "183": "N", "43": "N", "173": "E", "84": "E", "51": "W", "6": "S", "18": "S", "193": "S", "97": "W", "47": "N", "108": "N", "121": "E", "161": "S", "22": "N", "63": "N", "138": "S", "52": "W", "67": "W", "9": "W", "165": "N", "80": "W", "159": "N", "104": "S", "114": "N", "111": "S", "24": "W", "171": "W", "142": "S", "61": "E", "147": "N", "36": "N", "94": "W", "83": "E", "125": "E", "66": "N", "19": "S", "72": "N", "70": "S", "199": "S", "177": "N", "162": "N", "158": "E", "152": "N", "140": "E", "139": "S", "26": "E", "8": "E", "122": "W", "34": "E", "192": "W", "11": "E", "154": "S", "117": "E", "187": "E", "174": "E", "62": "W", "58": "S", "21": "N", "175": "W", "109": "N", "98": "N", "39": "E", "0": "N", "190": "E", "185": "S", "133": "N", "120": "W", "91": "W", "77": "E", "75": "S", "31": "S", "23": "S", "191": "E", "164": "S", "102": "S", "99": "E", "96": "E", "78": "S", "60": "W", "56": "N", "46": "W", "14": "W", "92": "W", "54": "E", "189": "N", "20": "S", "168": "W", "29": "W", "197": "W", "110": "W", "93": "S", "144": "S", "137": "S", "126": "E", "124": "W", "105": "N", "157": "S", "143": "S", "132": "W", "130": "N", "101": "S", "90": "S", "76": "S", "71": "N", "53": "S", "5": "E", "3": "S", "194": "W", "188": "W", "176": "S", "160": "W", "155": "N", "153": "S", "151": "S", "131": "W", "128": "S", "115": "E", "103": "S", "81": "S", "74": "S", "40": "W", "38": "N", "37": "W", "30": "E", "15": "N"}, {"167": "E", "145": "W", "32": "W", "27": "E", "4": "N", "64": "S", "183": "N", "172": "S", "43": "E", "173": "S", "84": "E", "51": "N", "6": "E", "18": "E", "193": "W", "97": "W", "47": "N", "121": "E", "161": "S", "22": "W", "63": "N", "138": "S", "52": "N", "67": "W", "9": "W", "165": "E", "80": "W", "104": "W", "114": "W", "178": "S", "111": "E", "135": "N", "107": "N", "171": "W", "142": "E", "61": "E", "36": "E", "94": "W", "83": "E", "125": "E", "66": "W", "19": "S", "72": "E", "70": "E", "199": "S", "177": "N", "162": "E", "158": "E", "152": "E", "140": "E", "139": "E", "26": "S", "8": "E", "122": "W", "34": "E", "11": "E", "154": "E", "117": "E", "187": "E", "62": "S", "58": "S", "21": "W", "175": "W", "98": "N", "39": "N", "0": "N", "185": "S", "133": "W", "120": "W", "100": "W", "91": "W", "75": "W", "31": "W", "28": "S", "13": "S", "191": "E", "164": "E", "102": "S", "99": "S", "96": "E", "78": "S", "69": "W", "60": "W", "46": "N", "92": "W", "54": "S", "189": "W", "16": "S", "20": "S", "168": "N", "197": "S", "93": "E", "144": "W", "137": "W", "126": "E", "124": "N", "12": "S", "196": "N", "157": "S", "132": "S", "130": "E", "127": "W", "101": "S", "76": "E", "71": "W", "53": "S", "3": "S", "194": "W", "188": "W", "176": "S", "160": "W", "155": "N", "153": "E", "131": "W", "103": "W", "81": "W", "37": "W", "30": "S"}, {"167": "N", "145": "W", "32": "W", "27": "E", "4": "N", "64": "W", "183": "N", "172": "S", "43": "E", "173": "E", "84": "E", "51": "W", "6": "S", "18": "E", "193": "N", "97": "W", "47": "N", "150": "W", "121": "E", "161": "S", "22": "W", "138": "S", "52": "N", "67": "W", "9": "N", "165": "E", "80": "W", "104": "W", "114": "W", "111": "E", "49": "N", "135": "N", "107": "E", "171": "S", "142": "E", "61": "E", "36": "E", "94": "N", "83": "E", "125": "S", "66": "W", "19": "S", "72": "E", "70": "S", "177": "N", "162": "N", "158": "E", "152": "N", "140": "E", "139": "E", "26": "E", "8": "S", "122": "N", "149": "N", "34": "E", "11": "E", "170": "S", "154": "E", "117": "E", "187": "E", "62": "S", "58": "S", "21": "N", "25": "S", "109": "N", "59": "W", "39": "N", "0": "N", "185": "E", "184": "S", "133": "W", "31": "W", "28": "W", "13": "S", "191": "E", "164": "S", "99": "E", "96": "E", "78": "S", "60": "W", "56": "N", "46": "N", "129": "E", "92": "N", "54": "S", "189": "W", "20": "S", "168": "N", "136": "E", "198": "N", "17": "S", "148": "S", "197": "W", "113": "S", "93": "S", "144": "S", "137": "W", "126": "E", "124": "W", "196": "N", "157": "E", "143": "W", "132": "S", "130": "E", "127": "W", "101": "S", "79": "W", "76": "E", "71": "N", "53": "E", "35": "E", "3": "W", "194": "N", "188": "S", "160": "S", "134": "N", "131": "W", "103": "W", "81": "S", "37": "W", "30": "E"}, {"167": "N", "145": "S", "32": "W", "27": "E", "4": "N", "64": "W", "183": "N", "172": "W", "173": "E", "84": "E", "51": "W", "18": "E", "193": "N", "97": "N", "47": "W", "150": "W", "121": "E", "22": "W", "63": "N", "138": "S", "52": "N", "67": "N", "9": "N", "165": "E", "80": "S", "104": "W", "141": "E", "114": "W", "178": "W", "111": "E", "135": "N", "171": "S", "142": "E", "61": "E", "36": "E", "94": "W", "83": "E", "125": "S", "66": "W", "19": "S", "177": "N", "162": "N", "158": "E", "152": "W", "140": "E", "139": "E", "26": "S", "8": "E", "112": "N", "122": "N", "34": "E", "11": "E", "154": "E", "117": "E", "187": "E", "174": "N", "62": "S", "58": "S", "25": "S", "169": "N", "109": "N", "59": "S", "39": "N", "0": "W", "184": "S", "133": "W", "120": "E", "100": "E", "77": "E", "31": "S", "28": "W", "13": "S", "191": "E", "99": "E", "96": "E", "78": "S", "60": "W", "56": "N", "50": "E", "46": "N", "14": "E", "129": "S", "92": "N", "54": "E", "95": "W", "189": "W", "16": "N", "20": "W", "168": "N", "29": "E", "198": "N", "197": "W", "113": "S", "93": "E", "156": "E", "144": "S", "137": "W", "126": "E", "124": "W", "45": "N", "196": "N", "157": "S", "143": "S", "132": "S", "130": "E", "127": "W", "101": "E", "76": "S", "53": "S", "3": "S", "194": "N", "188": "S", "186": "E", "182": "N", "176": "E", "160": "S", "155": "S", "131": "W", "115": "W", "103": "W", "81": "W", "37": "W", "30": "S", "15": "S"}, {"167": "N", "145": "S", "32": "W", "27": "E", "4": "W", "123": "W", "181": "E", "64": "W", "183": "E", "172": "N", "173": "E", "84": "E", "51": "S", "18": "E", "193": "N", "97": "N", "47": "W", "150": "W", "121": "E", "22": "N", "63": "N", "138": "S", "52": "N", "67": "N", "9": "N", "165": "E", "80": "S", "159": "N", "104": "W", "141": "E", "114": "W", "178": "S", "111": "S", "135": "N", "107": "S", "171": "S", "142": "E", "61": "E", "36": "N", "94": "N", "83": "E", "125": "E", "19": "S", "70": "W", "177": "W", "162": "N", "158": "E", "152": "N", "140": "N", "139": "E", "8": "E", "112": "N", "122": "N", "34": "E", "11": "E", "154": "E", "117": "E", "187": "E", "174": "N", "62": "S", "58": "S", "169": "W", "109": "N", "98": "S", "59": "W", "39": "N", "0": "W", "185": "S", "184": "E", "133": "N", "120": "E", "100": "E", "77": "E", "75": "W", "31": "W", "28": "W", "13": "S", "191": "E", "106": "N", "102": "S", "99": "E", "78": "E", "60": "N", "56": "N", "50": "N", "46": "N", "14": "N", "129": "E", "92": "N", "54": "E", "95": "N", "189": "S", "16": "N", "20": "N", "168": "N", "29": "N", "198": "E", "148": "W", "197": "W", "82": "N", "156": "E", "144": "W", "137": "W", "126": "E", "124": "N", "12": "E", "196": "N", "163": "W", "157": "S", "143": "W", "132": "S", "130": "E", "41": "N", "3": "S", "194": "N", "188": "W", "182": "N", "160": "S", "153": "N", "134": "N", "131": "S", "115": "N", "103": "W", "81": "W", "74": "W", "73": "W", "40": "N", "37": "S", "30": "E"}, {"145": "S", "32": "S", "27": "E", "4": "W", "181": "E", "64": "W", "183": "E", "172": "N", "173": "E", "84": "E", "51": "W", "18": "E", "193": "N", "97": "N", "47": "N", "121": "N", "22": "N", "63": "E", "138": "S", "52": "W", "166": "S", "67": "W", "9": "N", "165": "E", "80": "W", "159": "N", "104": "S", "141": "E", "114": "W", "178": "S", "111": "E", "135": "N", "107": "E", "171": "S", "142": "E", "61": "E", "36": "E", "94": "N", "83": "E", "125": "E", "19": "S", "72": "N", "70": "S", "177": "N", "162": "N", "158": "E", "152": "N", "140": "E", "139": "E", "26": "W", "8": "E", "112": "N", "34": "E", "192": "W", "11": "E", "154": "E", "117": "E", "58": "S", "169": "S", "109": "N", "98": "W", "59": "S", "39": "N", "0": "W", "184": "E", "133": "N", "100": "E", "75": "S", "55": "W", "31": "W", "28": "N", "13": "W", "191": "E", "99": "S", "78": "E", "69": "E", "60": "N", "56": "N", "50": "E", "46": "N", "14": "N", "129": "S", "92": "N", "54": "S", "16": "W", "168": "N", "136": "W", "198": "E", "17": "N", "148": "W", "89": "N", "197": "W", "113": "N", "82": "N", "144": "S", "137": "N", "124": "W", "87": "N", "45": "W", "196": "N", "163": "N", "157": "E", "132": "S", "130": "E", "119": "E", "101": "E", "90": "W", "76": "S", "41": "W", "35": "E", "5": "N", "3": "S", "2": "W", "194": "N", "188": "W", "182": "E", "153": "N", "134": "N", "131": "S", "115": "W", "103": "N", "81": "W", "40": "N", "30": "E"}, {"145": "W", "32": "S", "27": "N", "181": "E", "64": "W", "183": "N", "173": "E", "84": "E", "51": "W", "116": "W", "18": "E", "193": "N", "97": "N", "47": "N", "121": "E", "22": "W", "138": "S", "52": "N", "166": "W", "67": "W", "9": "N", "165": "E", "80": "S", "159": "W", "104": "S", "141": "E", "114": "W", "180": "N", "178": "S", "111": "E", "135": "N", "107": "S", "171": "S", "142": "E", "61": "E", "36": "S", "94": "N", "125": "E", "72": "N", "70": "S", "162": "N", "158": "N", "152": "N", "140": "E", "139": "E", "26": "S", "112": "N", "122": "N", "34": "N", "192": "N", "11": "E", "154": "E", "117": "N", "109": "E", "98": "W", "39": "E", "0": "S", "185": "N", "184": "E", "133": "N", "100": "E", "91": "W", "75": "S", "55": "N", "31": "W", "28": "N", "13": "W", "191": "E", "102": "N", "99": "E", "96": "S", "78": "S", "69": "S", "60": "N", "56": "N", "50": "E", "46": "N", "14": "N", "129": "E", "92": "N", "54": "S", "189": "W", "16": "N", "198": "N", "148": "N", "89": "N", "197": "W", "82": "W", "144": "S", "124": "W", "87": "N", "45": "N", "196": "N", "163": "N", "157": "S", "143": "E", "132": "S", "130": "E", "127": "S", "79": "W", "76": "S", "71": "E", "53": "S", "41": "W", "35": "S", "33": "E", "5": "N", "3": "W", "194": "N", "188": "W", "186": "E", "182": "E", "176": "E", "160": "W", "134": "N", "131": "W", "128": "N", "115": "N", "81": "W", "74": "N", "30": "E"}, {"27": "E", "123": "S", "181": "E", "64": "S", "183": "N", "43": "S", "173": "E", "84": "E", "51": "S", "18": "E", "193": "N", "97": "N", "47": "W", "108": "W", "121": "N", "22": "W", "52": "N", "166": "W", "67": "W", "9": "N", "165": "E", "80": "W", "159": "N", "104": "S", "141": "S", "114": "S", "180": "N", "178": "E", "111": "E", "135": "N", "107": "S", "171": "S", "61": "E", "36": "S", "94": "N", "83": "E", "125": "E", "72": "E", "70": "S", "162": "N", "152": "N", "140": "E", "139": "S", "26": "S", "112": "N", "122": "N", "34": "N", "11": "E", "170": "W", "154": "E", "117": "N", "174": "W", "58": "W", "21": "N", "109": "S", "98": "W", "39": "N", "0": "S", "190": "W", "184": "E", "133": "N", "100": "E", "91": "S", "75": "S", "55": "N", "44": "N", "31": "N", "28": "W", "23": "E", "13": "W", "102": "W", "99": "E", "96": "E", "78": "S", "60": "N", "56": "E", "50": "E", "46": "N", "14": "N", "129": "S", "92": "N", "54": "E", "95": "E", "189": "S", "16": "N", "168": "N", "29": "W", "198": "E", "148": "N", "197": "W", "113": "W", "82": "W", "93": "S", "156": "E", "144": "W", "124": "W", "196": "W", "157": "E", "132": "S", "130": "E", "90": "E", "76": "E", "53": "S", "41": "W", "3": "W", "2": "E", "194": "W", "188": "W", "182": "S", "176": "S", "160": "S", "155": "W", "134": "N", "131": "W", "128": "E", "115": "W", "86": "N", "85": "E", "81": "W", "40": "S", "30": "E"}, {"27": "E", "123": "S", "181": "E", "183": "N", "172": "E", "173": "N", "84": "E", "51": "S", "18": "E", "193": "E", "97": "N", "47": "W", "108": "W", "121": "E", "22": "W", "138": "E", "52": "W", "166": "S", "67": "W", "9": "N", "165": "E", "80": "W", "159": "N", "104": "W", "141": "S", "114": "S", "180": "N", "178": "E", "111": "E", "135": "N", "107": "E", "171": "S", "61": "E", "147": "W", "36": "E", "94": "N", "83": "E", "125": "E", "72": "S", "70": "S", "162": "N", "152": "N", "140": "E", "26": "S", "8": "S", "112": "N", "122": "N", "34": "N", "11": "E", "154": "S", "117": "N", "187": "N", "174": "N", "62": "W", "21": "W", "169": "E", "109": "E", "98": "W", "39": "W", "0": "S", "185": "W", "184": "E", "133": "N", "100": "E", "91": "E", "75": "S", "55": "W", "44": "N", "31": "N", "28": "W", "23": "S", "13": "W", "164": "S", "106": "W", "99": "E", "96": "E", "60": "N", "50": "N", "46": "N", "14": "N", "92": "E", "54": "E", "189": "S", "16": "N", "20": "N", "29": "N", "136": "E", "198": "E", "148": "W", "197": "W", "113": "N", "110": "E", "82": "W", "93": "E", "144": "S", "126": "E", "124": "W", "45": "N", "12": "N", "196": "W", "163": "W", "157": "E", "132": "S", "76": "E", "71": "W", "53": "S", "41": "W", "35": "S", "33": "E", "3": "W", "194": "N", "188": "W", "182": "S", "176": "S", "160": "E", "153": "W", "134": "N", "131": "W", "118": "W", "115": "N", "103": "S", "86": "W", "85": "N", "81": "W", "73": "N", "30": "E", "10": "S"}, {"68": "N", "27": "E", "181": "E", "183": "E", "173": "E", "84": "E", "51": "S", "18": "E", "193": "E", "97": "N", "47": "W", "108": "W", "121": "E", "22": "W", "138": "E", "52": "W", "166": "W", "67": "W", "9": "W", "165": "E", "80": "W", "159": "E", "104": "W", "141": "S", "114": "S", "180": "N", "178": "E", "111": "E", "107": "E", "171": "S", "142": "S", "61": "N", "36": "E", "94": "N", "83": "E", "125": "E", "72": "E", "70": "S", "162": "N", "158": "E", "140": "E", "26": "E", "8": "E", "112": "N", "122": "W", "34": "N", "11": "E", "154": "E", "117": "E", "187": "N", "174": "N", "62": "W", "21": "W", "25": "E", "109": "S", "98": "W", "39": "W", "0": "W", "190": "N", "184": "E", "133": "N", "100": "S", "75": "E", "55": "W", "31": "W", "28": "W", "23": "E", "13": "S", "191": "N", "106": "W", "99": "S", "96": "N", "78": "E", "69": "N", "60": "N", "50": "N", "46": "N", "129": "E", "92": "N", "54": "E", "95": "S", "189": "S", "16": "N", "29": "N", "136": "E", "198": "N", "148": "N", "197": "W", "110": "N", "93": "E", "144": "S", "137": "S", "126": "E", "124": "W", "45": "E", "12": "E", "196": "N", "157": "S", "143": "N", "132": "E", "130": "N", "119": "E", "101": "N", "79": "W", "76": "E", "71": "W", "53": "S", "41": "S", "35": "W", "5": "E", "3": "W", "2": "S", "194": "N", "188": "S", "182": "S", "176": "S", "160": "S", "155": "E", "151": "S", "131": "S", "115": "N", "86": "S", "85": "E", "81": "S", "74": "W", "73": "W", "40": "E", "30": "E"}, {"68": "W", "27": "N", "123": "N", "181": "E", "183": "E", "172": "E", "173": "E", "84": "E", "51": "S", "18": "E", "193": "N", "97": "N", "47": "W", "108": "N", "121": "E", "161": "N", "22": "W", "63": "S", "138": "S", "52": "W", "166": "W", "67": "W", "9": "W", "165": "N", "80": "W", "159": "E", "104": "W", "141": "W", "114": "S", "180": "W", "178": "E", "111": "E", "135": "N", "107": "E", "171": "S", "142": "S", "61": "N", "36": "E", "94": "N", "125": "E", "72": "E", "70": "E", "162": "N", "152": "N", "140": "E", "139": "N", "26": "E", "8": "E", "112": "N", "122": "W", "149": "N", "34": "N", "11": "E", "170": "E", "154": "S", "117": "E", "187": "N", "174": "N", "62": "W", "25": "S", "109": "E", "39": "W", "0": "W", "190": "E", "184": "S", "133": "N", "100": "E", "75": "E", "55": "W", "31": "W", "28": "N", "23": "E", "13": "S", "106": "W", "102": "E", "99": "S", "96": "E", "78": "S", "69": "W", "60": "W", "50": "N", "46": "N", "14": "N", "129": "S", "92": "N", "54": "E", "95": "S", "189": "S", "16": "N", "29": "N", "198": "N", "197": "W", "110": "N", "93": "S", "144": "S", "124": "S", "196": "N", "157": "E", "143": "N", "132": "E", "130": "N", "127": "E", "101": "N", "90": "N", "79": "N", "76": "E", "71": "N", "53": "S", "41": "S", "3": "S", "194": "W", "188": "W", "182": "S", "176": "S", "160": "S", "155": "E", "151": "E", "134": "N", "131": "W", "128": "N", "118": "W", "115": "N", "86": "E", "81": "W", "74": "S", "40": "S", "30": "E"}, {"68": "W", "27": "E", "181": "S", "183": "E", "172": "E", "43": "E", "84": "S", "51": "W", "18": "E", "193": "E", "97": "N", "47": "W", "150": "E", "108": "W", "121": "E", "161": "N", "22": "W", "63": "E", "138": "S", "52": "W", "166": "W", "67": "S", "9": "W", "165": "E", "80": "W", "159": "E", "104": "W", "141": "W", "114": "W", "180": "W", "178": "E", "195": "N", "111": "E", "135": "N", "107": "E", "171": "S", "142": "E", "61": "W", "147": "E", "36": "E", "94": "N", "125": "E", "19": "W", "72": "E", "70": "E", "162": "N", "152": "N", "140": "N", "139": "N", "26": "E", "8": "E", "112": "N", "122": "W", "149": "N", "34": "N", "192": "E", "11": "E", "154": "S", "117": "N", "187": "N", "174": "N", "62": "S", "58": "N", "25": "S", "109": "E", "98": "W", "39": "N", "0": "W", "190": "N", "184": "E", "133": "N", "100": "E", "75": "E", "55": "S", "31": "W", "28": "W", "23": "E", "13": "W", "164": "N", "106": "S", "102": "N", "99": "E", "96": "E", "78": "S", "69": "W", "60": "W", "50": "W", "46": "N", "14": "N", "129": "W", "92": "N", "54": "E", "189": "E", "16": "W", "20": "S", "168": "N", "29": "N", "198": "N", "148": "N", "197": "S", "110": "E", "93": "E", "144": "S", "137": "E", "126": "W", "124": "S", "196": "N", "157": "E", "143": "N", "132": "S", "130": "N", "127": "N", "101": "E", "90": "W", "79": "N", "76": "E", "71": "N", "35": "W", "5": "N", "3": "W", "194": "W", "188": "W", "182": "E", "176": "S", "160": "E", "151": "E", "134": "N", "131": "W", "118": "N", "115": "N", "103": "E", "86": "N", "81": "W", "74": "S", "37": "S", "30": "E", "15": "N"}, {"68": "W", "27": "N", "123": "N", "181": "S", "183": "E", "172": "E", "43": "N", "84": "S", "51": "W", "18": "N", "97": "N", "47": "W", "150": "E", "108": "W", "121": "E", "161": "N", "22": "W", "63": "E", "138": "S", "52": "W", "166": "S", "67": "S", "9": "W", "80": "W", "159": "S", "104": "W", "141": "S", "114": "W", "180": "W", "111": "E", "135": "N", "107": "E", "171": "S", "142": "E", "61": "W", "36": "E", "94": "N", "125": "E", "19": "W", "72": "S", "70": "E", "199": "S", "162": "W", "158": "E", "152": "W", "140": "N", "139": "W", "8": "E", "112": "W", "122": "S", "34": "E", "192": "E", "11": "E", "154": "S", "117": "E", "187": "N", "174": "N", "62": "E", "21": "E", "25": "W", "109": "E", "39": "N", "0": "W", "190": "E", "133": "N", "100": "N", "55": "S", "31": "N", "28": "N", "23": "E", "13": "S", "106": "E", "102": "N", "99": "E", "96": "E", "69": "W", "60": "W", "56": "E", "50": "W", "46": "E", "129": "S", "92": "W", "189": "E", "16": "N", "168": "W", "136": "E", "198": "N", "17": "S", "148": "N", "197": "S", "110": "N", "93": "E", "156": "S", "144": "S", "124": "S", "45": "S", "196": "N", "157": "S", "143": "E", "132": "E", "130": "N", "127": "W", "119": "W", "101": "E", "79": "E", "76": "N", "71": "N", "41": "W", "35": "S", "5": "W", "3": "W", "2": "N", "194": "N", "188": "W", "186": "S", "176": "S", "160": "E", "155": "S", "151": "E", "134": "E", "131": "W", "118": "N", "115": "N", "85": "W", "81": "W", "74": "W", "40": "W", "30": "N"}, {"68": "W", "181": "S", "183": "S", "172": "E", "84": "S", "51": "S", "6": "N", "18": "N", "97": "E", "47": "W", "150": "S", "108": "W", "121": "N", "161": "N", "22": "S", "63": "N", "138": "W", "52": "W", "166": "W", "67": "S", "9": "W", "80": "W", "159": "E", "104": "W", "141": "S", "114": "W", "180": "W", "111": "S", "135": "N", "107": "E", "171": "S", "142": "E", "61": "W", "36": "E", "94": "N", "83": "S", "125": "E", "19": "W", "72": "E", "70": "E", "199": "E", "162": "W", "158": "E", "152": "W", "140": "N", "139": "N", "8": "E", "112": "W", "122": "S", "34": "N", "192": "N", "11": "E", "154": "E", "117": "E", "187": "N", "174": "N", "62": "N", "58": "N", "21": "N", "25": "S", "109": "E", "98": "N", "59": "E", "39": "N", "0": "W", "190": "E", "133": "N", "100": "W", "91": "N", "31": "W", "28": "N", "23": "E", "13": "S", "106": "N", "99": "E", "96": "S", "69": "W", "60": "W", "56": "N", "50": "W", "46": "N", "14": "N", "129": "S", "92": "W", "54": "S", "95": "S", "189": "S", "16": "W", "20": "E", "29": "E", "198": "E", "148": "N", "197": "S", "113": "S", "110": "E", "144": "S", "124": "S", "196": "N", "157": "S", "132": "S", "130": "N", "101": "E", "90": "W", "79": "N", "76": "E", "71": "W", "53": "W", "41": "W", "35": "S", "33": "S", "3": "W", "2": "E", "194": "N", "188": "S", "182": "W", "176": "S", "160": "S", "155": "E", "151": "E", "131": "S", "118": "W", "115": "N", "81": "W", "74": "S", "73": "N", "30": "E"}, {"68": "W", "181": "S", "183": "E", "172": "E", "84": "S", "51": "W", "6": "N", "18": "E", "97": "N", "47": "W", "108": "S", "121": "E", "161": "N", "22": "W", "63": "E", "138": "S", "52": "W", "166": "S", "67": "S", "9": "W", "165": "W", "80": "W", "159": "E", "104": "W", "141": "W", "114": "S", "180": "W", "111": "S", "135": "E", "107": "E", "171": "S", "142": "E", "61": "N", "36": "E", "125": "E", "19": "S", "72": "E", "199": "E", "162": "W", "158": "N", "152": "W", "140": "E", "8": "E", "112": "W", "122": "S", "149": "S", "34": "E", "192": "W", "11": "E", "154": "E", "117": "E", "187": "E", "62": "E", "58": "E", "21": "E", "25": "S", "175": "E", "109": "E", "98": "W", "59": "E", "39": "N", "0": "W", "190": "E", "185": "S", "184": "N", "133": "W", "91": "N", "55": "E", "31": "N", "28": "W", "23": "N", "13": "S", "191": "S", "106": "E", "102": "W", "99": "E", "96": "E", "60": "W", "46": "N", "14": "N", "129": "S", "92": "S", "54": "S", "95": "S", "189": "S", "16": "N", "20": "S", "168": "E", "198": "N", "148": "N", "197": "W", "93": "E", "144": "S", "124": "S", "87": "N", "12": "W", "196": "N", "157": "E", "143": "N", "132": "S", "130": "E", "119": "N", "101": "S", "79": "E", "76": "E", "71": "N", "41": "S", "5": "N", "3": "S", "194": "W", "188": "S", "186": "W", "182": "S", "176": "S", "160": "S", "151": "E", "131": "S", "118": "W", "115": "E", "103": "S", "86": "N", "81": "W", "74": "S", "73": "E", "40": "E", "37": "N"}, {"68": "W", "181": "S", "183": "E", "172": "S", "84": "S", "51": "W", "18": "E", "97": "E", "47": "W", "150": "S", "108": "S", "121": "S", "22": "W", "63": "N", "138": "W", "52": "W", "166": "W", "67": "S", "9": "W", "165": "N", "80": "W", "159": "E", "104": "W", "65": "S", "141": "W", "114": "E", "48": "S", "180": "W", "195": "S", "111": "S", "135": "E", "107": "S", "171": "W", "142": "E", "61": "N", "94": "W", "125": "S", "66": "E", "19": "S", "72": "E", "199": "S", "162": "W", "158": "N", "152": "W", "140": "E", "139": "W", "8": "E", "112": "W", "122": "W", "149": "W", "34": "E", "192": "N", "11": "E", "154": "E", "117": "E", "187": "E", "174": "W", "62": "S", "21": "N", "25": "W", "169": "N", "109": "E", "98": "W", "59": "N", "0": "N", "184": "E", "133": "N", "100": "N", "44": "S", "31": "N", "23": "N", "13": "S", "106": "N", "102": "W", "99": "E", "96": "E", "60": "W", "14": "N", "92": "W", "54": "E", "95": "S", "189": "S", "16": "N", "20": "E", "168": "E", "198": "E", "17": "N", "148": "W", "197": "W", "110": "N", "82": "N", "93": "E", "156": "W", "144": "S", "137": "W", "124": "W", "87": "W", "12": "W", "196": "N", "157": "E", "132": "S", "130": "N", "119": "N", "101": "E", "79": "E", "76": "E", "53": "S", "41": "S", "35": "N", "3": "W", "2": "E", "194": "W", "188": "S", "182": "W", "176": "S", "160": "S", "155": "S", "151": "S", "131": "S", "128": "S", "118": "N", "115": "N", "103": "W", "86": "E", "81": "W", "74": "S", "73": "N", "30": "E"}, {"68": "W", "181": "S", "183": "S", "84": "S", "51": "W", "6": "S", "18": "E", "97": "E", "47": "S", "108": "S", "121": "E", "161": "S", "22": "S", "63": "N", "138": "W", "52": "W", "166": "W", "9": "W", "165": "E", "80": "W", "159": "E", "104": "W", "141": "W", "114": "E", "180": "W", "111": "S", "135": "E", "107": "S", "179": "S", "142": "E", "61": "N", "147": "N", "36": "E", "83": "E", "125": "E", "66": "E", "19": "S", "72": "E", "199": "E", "162": "W", "158": "N", "152": "W", "140": "N", "8": "E", "112": "W", "122": "W", "34": "N", "11": "S", "170": "N", "154": "E", "117": "N", "187": "E", "174": "W", "62": "S", "25": "W", "169": "E", "109": "E", "98": "S", "59": "E", "0": "W", "190": "S", "184": "E", "133": "N", "55": "E", "44": "S", "31": "N", "23": "W", "13": "E", "164": "E", "106": "E", "102": "W", "99": "E", "96": "E", "60": "W", "50": "W", "46": "N", "14": "W", "129": "S", "92": "W", "54": "E", "189": "S", "16": "N", "168": "E", "198": "E", "148": "N", "89": "W", "197": "W", "113": "N", "82": "N", "93": "E", "144": "E", "126": "E", "124": "W", "87": "W", "12": "W", "1": "W", "196": "N", "163": "E", "157": "E", "132": "E", "130": "E", "119": "N", "101": "S", "90": "E", "76": "E", "53": "E", "41": "W", "3": "W", "2": "E", "194": "S", "188": "E", "182": "S", "176": "E", "160": "E", "155": "E", "153": "E", "151": "E", "131": "S", "118": "N", "115": "W", "103": "W", "86": "E", "81": "W", "30": "E", "15": "E", "10": "N"}, {"68": "W", "181": "W", "183": "S", "172": "E", "84": "S", "51": "W", "6": "S", "18": "E", "97": "S", "47": "S", "108": "S", "121": "E", "161": "S", "22": "S", "63": "E", "138": "W", "52": "S", "166": "W", "9": "W", "165": "E", "80": "W", "159": "E", "104": "W", "141": "W", "114": "S", "180": "W", "111": "S", "24": "E", "135": "E", "107": "S", "179": "W", "171": "S", "142": "E", "61": "W", "36": "S", "94": "E", "83": "N", "125": "E", "19": "S", "72": "E", "199": "E", "162": "W", "158": "N", "152": "W", "140": "N", "139": "S", "8": "S", "112": "W", "122": "W", "34": "E", "11": "S", "154": "E", "117": "N", "187": "E", "174": "N", "21": "W", "25": "W", "175": "W", "169": "E", "109": "N", "98": "S", "59": "E", "39": "E", "0": "W", "185": "W", "184": "S", "133": "N", "55": "E", "44": "S", "28": "E", "23": "N", "13": "E", "164": "N", "106": "E", "102": "N", "99": "E", "96": "E", "69": "W", "60": "W", "56": "W", "50": "W", "46": "N", "14": "W", "129": "W", "92": "W", "54": "E", "189": "S", "16": "N", "20": "E", "168": "E", "29": "W", "198": "S", "148": "W", "89": "S", "197": "N", "113": "W", "110": "E", "82": "N", "93": "E", "144": "E", "124": "S", "87": "S", "196": "N", "163": "S", "157": "E", "132": "E", "130": "S", "127": "N", "119": "N", "101": "E", "90": "E", "76": "E", "71": "S", "53": "E", "41": "S", "5": "W", "3": "W", "2": "S", "194": "W", "188": "S", "186": "W", "182": "S", "176": "E", "160": "E", "151": "E", "134": "W", "131": "S", "118": "N", "103": "W", "86": "S", "81": "W", "74": "W", "73": "S", "38": "W", "30": "S", "10": "W"}, {"68": "W", "181": "S", "172": "N", "84": "S", "51": "S", "116": "W", "18": "N", "97": "E", "47": "S", "150": "N", "108": "S", "161": "S", "22": "S", "63": "E", "138": "S", "52": "S", "166": "S", "9": "W", "165": "E", "80": "N", "159": "E", "104": "W", "65": "N", "141": "W", "114": "E", "48": "N", "180": "W", "195": "W", "111": "S", "107": "S", "171": "S", "142": "S", "61": "N", "36": "S", "94": "E", "83": "N", "125": "N", "19": "S", "72": "E", "199": "E", "162": "W", "158": "N", "152": "W", "140": "N", "8": "E", "112": "W", "122": "W", "34": "E", "11": "S", "154": "E", "117": "N", "187": "N", "174": "N", "58": "W", "21": "S", "25": "W", "169": "E", "109": "E", "98": "S", "59": "S", "0": "S", "185": "N", "133": "N", "100": "N", "44": "S", "31": "W", "23": "N", "13": "S", "191": "N", "164": "N", "106": "E", "99": "S", "96": "E", "69": "N", "60": "W", "56": "S", "50": "N", "46": "N", "14": "N", "129": "W", "92": "S", "54": "E", "189": "S", "16": "N", "20": "E", "136": "W", "198": "S", "17": "S", "148": "N", "89": "S", "197": "N", "110": "N", "82": "W", "93": "E", "156": "W", "144": "S", "137": "W", "124": "S", "105": "N", "87": "S", "45": "W", "12": "E", "196": "N", "163": "S", "157": "S", "132": "E", "130": "E", "127": "W", "119": "W", "90": "S", "76": "E", "71": "S", "53": "S", "41": "S", "33": "W", "5": "W", "3": "W", "2": "E", "194": "W", "188": "S", "182": "S", "176": "E", "160": "S", "153": "N", "151": "E", "134": "N", "131": "S", "128": "E", "118": "N", "115": "N", "103": "W", "86": "E", "81": "N", "74": "S", "73": "W", "38": "S", "30": "S", "15": "W", "10": "N"}, {"68": "W", "181": "W", "172": "W", "84": "W", "51": "S", "116": "W", "18": "N", "97": "S", "47": "S", "108": "S", "161": "S", "22": "S", "63": "E", "138": "W", "52": "S", "166": "W", "9": "S", "165": "E", "80": "N", "159": "E", "104": "N", "141": "W", "180": "W", "178": "W", "111": "W", "24": "W", "135": "E", "107": "S", "142": "E", "61": "N", "147": "W", "36": "S", "94": "E", "83": "N", "125": "N", "66": "W", "19": "S", "72": "E", "70": "W", "42": "S", "199": "E", "162": "W", "158": "N", "152": "W", "140": "N", "139": "S", "8": "S", "112": "W", "122": "W", "149": "W", "34": "N", "11": "S", "154": "E", "117": "E", "187": "N", "174": "N", "62": "E", "58": "S", "21": "S", "25": "W", "109": "E", "98": "S", "59": "E", "39": "W", "0": "S", "190": "N", "185": "E", "184": "S", "133": "N", "100": "W", "44": "E", "31": "N", "23": "N", "13": "S", "106": "S", "99": "S", "96": "E", "60": "W", "46": "N", "14": "W", "129": "W", "92": "W", "54": "E", "95": "N", "189": "S", "16": "N", "20": "S", "168": "S", "136": "W", "198": "E", "17": "E", "148": "N", "89": "S", "197": "N", "110": "N", "82": "W", "93": "E", "144": "E", "126": "S", "124": "W", "105": "N", "87": "S", "45": "W", "12": "E", "1": "E", "196": "E", "163": "E", "157": "E", "143": "N", "132": "E", "130": "E", "119": "W", "79": "N", "76": "E", "53": "E", "41": "S", "5": "S", "3": "W", "194": "W", "188": "S", "176": "E", "160": "W", "151": "N", "134": "W", "131": "S", "128": "E", "118": "N", "115": "E", "103": "S", "86": "S", "81": "N", "74": "W", "38": "E", "37": "W", "30": "S", "10": "N"}, {"68": "W", "181": "W", "172": "W", "84": "W", "51": "S", "116": "W", "18": "N", "97": "E", "47": "S", "108": "S", "161": "S", "22": "S", "63": "E", "138": "W", "52": "S", "166": "W", "9": "S", "165": "N", "80": "N", "159": "E", "104": "N", "141": "W", "180": "W", "178": "W", "195": "N", "135": "N", "107": "S", "179": "N", "142": "S", "61": "N", "147": "S", "36": "S", "94": "E", "83": "E", "125": "N", "19": "S", "72": "E", "42": "W", "199": "E", "162": "W", "158": "N", "152": "W", "140": "W", "8": "E", "112": "W", "122": "W", "149": "S", "34": "E", "192": "E", "11": "E", "170": "S", "154": "E", "117": "E", "187": "E", "174": "N", "58": "S", "21": "S", "25": "W", "169": "E", "98": "S", "59": "E", "0": "S", "190": "N", "184": "E", "133": "W", "100": "W", "55": "E", "44": "E", "31": "N", "23": "W", "13": "S", "164": "W", "106": "E", "102": "E", "99": "S", "96": "E", "78": "S", "69": "E", "60": "W", "46": "N", "14": "W", "129": "W", "92": "S", "54": "S", "95": "E", "189": "S", "16": "N", "20": "W", "29": "N", "198": "E", "148": "E", "89": "W", "197": "W", "113": "E", "110": "N", "82": "W", "93": "E", "156": "E", "144": "S", "126": "E", "124": "W", "105": "E", "87": "S", "196": "N", "157": "E", "143": "E", "132": "E", "127": "N", "119": "N", "90": "E", "79": "E", "76": "N", "71": "W", "53": "S", "41": "S", "33": "N", "5": "S", "3": "W", "2": "S", "194": "S", "188": "S", "182": "S", "176": "S", "160": "W", "151": "E", "134": "N", "131": "S", "128": "N", "118": "N", "115": "N", "103": "W", "86": "E", "81": "W", "74": "N", "73": "N", "38": "E", "30": "S", "10": "W"}, {"68": "W", "181": "W", "172": "W", "84": "W", "51": "S", "116": "W", "18": "W", "97": "E", "47": "S", "108": "S", "161": "S", "22": "S", "63": "E", "138": "W", "166": "W", "7": "N", "9": "S", "165": "N", "80": "N", "159": "S", "104": "N", "141": "W", "180": "W", "195": "E", "135": "E", "107": "S", "179": "E", "142": "E", "61": "N", "147": "E", "36": "S", "94": "E", "83": "E", "125": "E", "19": "S", "72": "S", "42": "W", "199": "E", "162": "W", "158": "N", "152": "W", "140": "W", "26": "W", "8": "N", "112": "W", "122": "S", "149": "S", "34": "E", "11": "E", "154": "N", "117": "N", "187": "E", "174": "N", "58": "S", "21": "S", "25": "W", "169": "E", "98": "S", "59": "E", "0": "S", "190": "E", "133": "W", "120": "W", "100": "W", "31": "N", "23": "W", "146": "W", "102": "N", "99": "S", "96": "S", "78": "S", "69": "N", "60": "W", "56": "N", "46": "W", "14": "W", "129": "W", "92": "W", "54": "E", "95": "E", "189": "S", "16": "N", "20": "S", "168": "S", "29": "W", "198": "E", "17": "E", "148": "E", "89": "S", "197": "W", "113": "S", "110": "N", "82": "W", "93": "E", "156": "N", "144": "S", "124": "S", "105": "E", "87": "S", "196": "E", "157": "E", "143": "E", "132": "E", "130": "E", "127": "W", "119": "W", "79": "E", "76": "N", "71": "S", "53": "E", "41": "S", "5": "S", "3": "W", "2": "E", "194": "W", "188": "S", "182": "S", "176": "S", "160": "W", "153": "E", "151": "E", "134": "N", "131": "S", "128": "E", "118": "N", "115": "E", "103": "S", "81": "W", "74": "E", "73": "E", "38": "S", "30": "S", "15": "N", "10": "S"}, {"68": "W", "181": "W", "172": "W", "84": "W", "51": "S", "116": "W", "18": "W", "47": "S", "150": "N", "108": "S", "161": "S", "63": "E", "138": "W", "52": "W", "166": "W", "7": "W", "165": "N", "159": "S", "104": "N", "141": "W", "180": "S", "178": "S", "195": "N", "135": "E", "107": "E", "179": "N", "142": "N", "61": "N", "36": "S", "94": "E", "83": "N", "125": "E", "66": "N", "19": "S", "72": "S", "70": "S", "42": "N", "199": "E", "162": "W", "158": "N", "152": "W", "140": "W", "88": "E", "26": "W", "8": "N", "112": "W", "122": "W", "149": "S", "34": "E", "192": "W", "11": "E", "154": "N", "117": "N", "187": "N", "174": "N", "58": "E", "21": "W", "25": "W", "169": "S", "98": "W", "59": "E", "39": "S", "0": "S", "190": "E", "185": "E", "184": "N", "133": "W", "100": "W", "31": "W", "23": "N", "191": "S", "146": "S", "102": "N", "99": "E", "96": "E", "78": "E", "56": "E", "46": "W", "14": "W", "129": "S", "92": "W", "54": "S", "95": "E", "189": "S", "16": "E", "20": "S", "168": "S", "29": "N", "136": "E", "198": "E", "17": "E", "148": "N", "197": "W", "113": "E", "110": "N", "82": "W", "93": "E", "156": "W", "144": "E", "126": "E", "124": "S", "105": "N", "87": "S", "45": "E", "196": "E", "157": "E", "143": "S", "132": "S", "130": "N", "127": "W", "119": "W", "79": "N", "76": "E", "71": "E", "53": "E", "41": "S", "33": "S", "5": "S", "3": "W", "2": "E", "194": "W", "188": "S", "182": "E", "176": "S", "160": "S", "153": "S", "151": "E", "134": "N", "131": "S", "118": "N", "115": "E", "103": "W", "85": "N", "81": "N", "73": "E", "40": "N", "38": "S", "30": "S", "10": "S"}, {"68": "S", "181": "W", "172": "W", "84": "W", "51": "S", "116": "W", "18": "W", "150": "W", "108": "S", "63": "E", "138": "W", "52": "W", "166": "W", "7": "W", "9": "S", "165": "W", "159": "S", "104": "N", "141": "W", "180": "S", "178": "E", "135": "S", "107": "S", "142": "N", "61": "N", "36": "E", "83": "N", "125": "E", "19": "S", "72": "S", "42": "W", "199": "E", "162": "W", "158": "N", "152": "W", "140": "W", "88": "N", "26": "S", "8": "E", "112": "W", "122": "S", "149": "S", "34": "S", "192": "W", "11": "N", "154": "N", "117": "W", "187": "E", "57": "W", "174": "N", "21": "S", "25": "W", "175": "E", "169": "S", "109": "E", "98": "S", "59": "E", "39": "E", "0": "S", "190": "E", "184": "N", "133": "W", "100": "W", "91": "W", "77": "S", "75": "S", "44": "W", "31": "N", "23": "W", "164": "N", "146": "S", "106": "S", "102": "N", "99": "E", "96": "S", "78": "E", "69": "E", "60": "W", "56": "N", "46": "N", "14": "W", "129": "W", "92": "W", "54": "E", "95": "E", "189": "S", "16": "E", "20": "S", "198": "E", "148": "N", "89": "N", "197": "N", "110": "N", "82": "W", "93": "N", "156": "W", "144": "E", "137": "S", "124": "S", "105": "N", "87": "S", "45": "E", "12": "W", "196": "E", "157": "E", "143": "E", "132": "S", "130": "E", "127": "S", "119": "W", "79": "E", "76": "E", "71": "S", "53": "E", "41": "S", "3": "W", "2": "S", "194": "W", "188": "S", "182": "S", "176": "W", "160": "W", "153": "E", "151": "E", "134": "N", "131": "S", "128": "E", "118": "E", "103": "W", "85": "W", "81": "N", "73": "E", "30": "S", "10": "W"}, {"181": "W", "172": "W", "84": "W", "51": "S", "116": "W", "18": "W", "108": "W", "138": "W", "52": "S", "166": "W", "7": "W", "165": "W", "159": "S", "104": "W", "141": "W", "180": "S", "178": "S", "195": "S", "107": "S", "179": "S", "142": "E", "61": "W", "36": "E", "83": "N", "125": "N", "19": "W", "72": "S", "70": "N", "42": "W", "199": "E", "162": "W", "158": "N", "152": "W", "140": "W", "88": "N", "8": "N", "112": "W", "122": "S", "149": "S", "34": "S", "192": "W", "11": "N", "154": "N", "117": "W", "187": "E", "57": "S", "174": "E", "21": "S", "25": "W", "169": "S", "109": "S", "98": "S", "39": "N", "0": "S", "190": "S", "184": "E", "133": "W", "100": "W", "91": "S", "44": "W", "31": "N", "23": "W", "191": "S", "146": "S", "102": "E", "99": "N", "96": "E", "78": "E", "60": "W", "56": "E", "50": "N", "46": "W", "14": "W", "129": "S", "92": "W", "54": "N", "95": "S", "189": "E", "16": "E", "20": "S", "29": "S", "198": "E", "17": "W", "148": "N", "89": "E", "197": "W", "110": "N", "82": "W", "156": "W", "144": "E", "137": "E", "126": "S", "124": "S", "105": "E", "87": "S", "1": "N", "196": "E", "157": "E", "143": "E", "132": "S", "130": "E", "127": "S", "119": "W", "90": "W", "79": "E", "76": "N", "71": "E", "53": "E", "41": "E", "35": "E", "5": "E", "3": "W", "2": "S", "194": "W", "188": "S", "176": "W", "160": "W", "153": "E", "134": "N", "131": "S", "118": "E", "115": "N", "103": "S", "85": "N", "81": "N", "30": "S", "15": "E"}, {"51": "S", "116": "W", "18": "N", "108": "W", "138": "W", "52": "S", "166": "W", "7": "W", "165": "W", "159": "S", "141": "W", "48": "E", "180": "S", "178": "S", "195": "S", "107": "S", "142": "E", "61": "N", "36": "S", "83": "N", "125": "N", "66": "E", "19": "W", "70": "E", "42": "N", "199": "S", "162": "W", "158": "N", "152": "W", "140": "N", "88": "W", "8": "N", "112": "W", "122": "S", "149": "S", "34": "S", "192": "W", "11": "N", "154": "E", "117": "W", "187": "S", "57": "S", "174": "E", "21": "S", "25": "W", "175": "N", "169": "S", "109": "S", "98": "S", "39": "W", "0": "W", "190": "S", "184": "E", "133": "W", "120": "E", "100": "S", "31": "E", "23": "W", "13": "E", "191": "S", "164": "E", "146": "S", "102": "E", "99": "N", "96": "N", "78": "E", "60": "W", "56": "N", "50": "E", "46": "W", "14": "W", "129": "W", "92": "W", "95": "E", "189": "E", "16": "E", "20": "W", "168": "W", "29": "S", "136": "E", "198": "E", "17": "W", "148": "N", "89": "E", "197": "W", "113": "W", "110": "N", "82": "W", "93": "E", "144": "S", "137": "N", "126": "E", "124": "S", "105": "E", "87": "S", "1": "E", "196": "N", "163": "E", "157": "E", "143": "E", "132": "E", "130": "E", "127": "S", "119": "W", "90": "W", "79": "E", "76": "N", "53": "S", "41": "S", "35": "E", "33": "N", "5": "E", "3": "W", "2": "E", "194": "W", "188": "S", "186": "E", "182": "S", "176": "W", "160": "S", "155": "E", "153": "E", "151": "S", "134": "N", "131": "S", "128": "S", "118": "N", "115": "E", "103": "W", "85": "W", "81": "W", "74": "E", "73": "E", "40": "S", "38": "N", "30": "S", "15": "N"}, {"51": "S", "18": "N", "138": "W", "166": "W", "7": "W", "165": "W", "159": "S", "141": "W", "48": "N", "178": "S", "24": "W", "107": "S", "142": "N", "61": "N", "36": "S", "83": "N", "125": "N", "66": "S", "72": "N", "42": "N", "199": "S", "162": "S", "158": "N", "152": "S", "140": "N", "88": "W", "8": "E", "112": "W", "122": "S", "149": "S", "34": "E", "11": "N", "170": "N", "154": "E", "117": "W", "187": "S", "57": "S", "174": "E", "21": "S", "25": "W", "169": "W", "109": "S", "98": "S", "39": "N", "0": "S", "190": "E", "133": "W", "31": "E", "13": "E", "191": "S", "164": "E", "146": "S", "99": "N", "96": "N", "78": "S", "69": "W", "60": "W", "56": "E", "50": "S", "46": "W", "14": "W", "129": "W", "92": "W", "95": "N", "189": "E", "16": "N", "20": "W", "198": "E", "148": "N", "89": "S", "197": "N", "110": "W", "82": "S", "93": "N", "137": "N", "124": "S", "105": "E", "87": "E", "12": "E", "1": "E", "196": "E", "157": "E", "143": "E", "132": "E", "130": "N", "127": "W", "119": "W", "90": "N", "79": "E", "76": "N", "53": "E", "41": "S", "35": "S", "33": "W", "5": "S", "3": "W", "2": "S", "194": "W", "188": "S", "186": "N", "182": "E", "176": "W", "160": "S", "155": "E", "153": "E", "151": "E", "134": "E", "131": "S", "128": "W", "118": "N", "115": "E", "103": "W", "85": "W", "81": "N", "74": "E", "73": "E", "38": "N", "37": "W", "30": "S"}, {"51": "E", "116": "E", "18": "N", "108": "E", "138": "W", "166": "W", "7": "W", "165": "N", "159": "S", "65": "E", "141": "N", "48": "E", "178": "E", "49": "S", "24": "N", "107": "W", "142": "N", "61": "W", "36": "S", "83": "N", "125": "W", "66": "W", "19": "E", "42": "W", "162": "W", "158": "W", "152": "S", "140": "N", "88": "N", "112": "W", "122": "S", "149": "S", "34": "E", "11": "N", "154": "E", "117": "W", "187": "E", "57": "S", "174": "N", "21": "S", "25": "W", "169": "W", "109": "E", "98": "S", "39": "E", "0": "S", "190": "E", "133": "W", "91": "S", "13": "E", "191": "S", "164": "N", "146": "S", "99": "E", "96": "E", "69": "S", "60": "W", "56": "E", "50": "E", "46": "W", "14": "S", "129": "W", "92": "W", "54": "E", "95": "N", "16": "E", "20": "W", "198": "S", "148": "N", "89": "S", "110": "W", "82": "S", "93": "N", "156": "E", "144": "S", "124": "S", "105": "E", "87": "E", "1": "E", "196": "E", "163": "N", "157": "E", "143": "E", "132": "N", "130": "E", "127": "W", "119": "W", "90": "N", "79": "E", "76": "E", "53": "E", "41": "S", "35": "W", "5": "S", "3": "W", "2": "E", "188": "S", "186": "W", "182": "E", "176": "S", "160": "S", "155": "N", "153": "E", "151": "E", "134": "N", "131": "S", "118": "E", "115": "E", "103": "W", "86": "S", "85": "S", "81": "N", "73": "E", "38": "E", "37": "N", "30": "S", "15": "E"}, {"51": "E", "116": "E", "18": "N", "150": "E", "108": "E", "138": "W", "166": "W", "7": "S", "165": "N", "159": "E", "141": "N", "48": "N", "178": "S", "49": "S", "24": "E", "107": "S", "61": "N", "36": "S", "83": "N", "125": "W", "66": "W", "19": "S", "72": "S", "70": "S", "42": "N", "199": "S", "162": "W", "158": "N", "140": "N", "88": "W", "112": "W", "149": "S", "34": "E", "11": "E", "154": "N", "117": "W", "187": "E", "57": "S", "174": "E", "58": "W", "21": "S", "25": "W", "169": "W", "109": "S", "98": "S", "39": "S", "0": "S", "190": "E", "184": "N", "133": "W", "120": "S", "100": "N", "91": "S", "23": "S", "164": "N", "146": "E", "102": "E", "99": "E", "96": "E", "69": "S", "60": "W", "56": "S", "50": "E", "46": "W", "14": "S", "129": "W", "92": "W", "54": "E", "95": "E", "16": "E", "20": "W", "198": "E", "17": "S", "148": "N", "89": "S", "113": "W", "110": "W", "82": "S", "93": "E", "144": "E", "126": "S", "124": "E", "105": "S", "1": "N", "196": "E", "157": "E", "143": "E", "132": "E", "130": "S", "119": "S", "90": "N", "79": "E", "76": "E", "53": "N", "41": "S", "35": "W", "33": "S", "5": "S", "3": "N", "2": "N", "188": "S", "182": "S", "176": "S", "160": "W", "155": "N", "153": "S", "151": "E", "134": "N", "131": "S", "128": "W", "118": "E", "115": "S", "103": "N", "86": "E", "85": "S", "81": "N", "73": "E", "40": "N", "38": "N", "37": "W", "30": "S", "15": "S"}, {"51": "E", "116": "E", "18": "N", "150": "E", "108": "E", "138": "W", "166": "W", "7": "S", "165": "N", "159": "E", "141": "W", "48": "W", "49": "S", "24": "E", "107": "W", "61": "N", "36": "W", "83": "N", "125": "N", "19": "S", "72": "S", "162": "S", "158": "N", "140": "N", "88": "W", "112": "W", "149": "S", "34": "E", "11": "N", "170": "S", "154": "E", "117": "N", "187": "E", "57": "E", "174": "S", "21": "S", "25": "N", "175": "N", "109": "S", "98": "E", "59": "N", "0": "E", "190": "E", "133": "W", "120": "S", "91": "S", "191": "N", "164": "N", "99": "E", "96": "E", "60": "W", "56": "S", "46": "S", "14": "S", "129": "W", "92": "W", "54": "E", "95": "E", "16": "E", "20": "W", "198": "S", "17": "S", "148": "E", "110": "W", "82": "S", "93": "E", "144": "E", "124": "E", "105": "S", "87": "E", "12": "E", "196": "E", "157": "E", "143": "E", "132": "N", "130": "E", "119": "W", "79": "S", "76": "E", "53": "E", "41": "E", "35": "N", "5": "S", "3": "N", "2": "N", "194": "W", "188": "S", "182": "S", "176": "S", "160": "W", "155": "W", "153": "S", "151": "E", "131": "E", "128": "W", "118": "E", "115": "E", "103": "N", "86": "E", "81": "N", "74": "E", "73": "E", "37": "W", "30": "S", "15": "W", "10": "W"}, {"51": "E", "116": "E", "18": "N", "108": "E", "138": "N", "166": "N", "7": "S", "65": "W", "141": "W", "178": "N", "24": "S", "61": "N", "36": "W", "83": "N", "125": "N", "19": "S", "72": "W", "42": "W", "199": "N", "162": "S", "158": "W", "140": "W", "88": "W", "26": "N", "112": "S", "149": "S", "34": "E", "192": "N", "11": "E", "154": "E", "117": "N", "187": "E", "21": "S", "25": "N", "175": "W", "169": "S", "109": "S", "190": "E", "184": "N", "133": "S", "91": "E", "77": "N", "75": "N", "23": "N", "164": "W", "99": "N", "96": "E", "60": "S", "56": "E", "46": "W", "14": "S", "129": "W", "92": "W", "95": "E", "16": "E", "20": "S", "198": "S", "148": "E", "110": "N", "82": "S", "93": "N", "137": "N", "126": "S", "124": "S", "105": "S", "1": "S", "196": "E", "163": "N", "157": "E", "143": "N", "132": "N", "130": "S", "127": "N", "119": "S", "90": "S", "79": "E", "76": "N", "71": "W", "53": "E", "3": "N", "2": "E", "194": "W", "188": "S", "182": "E", "176": "S", "160": "W", "155": "W", "153": "S", "151": "E", "131": "E", "128": "W", "115": "S", "103": "W", "86": "E", "85": "S", "81": "N", "74": "E", "73": "E", "40": "W", "38": "E", "37": "W", "30": "S", "10": "N"}, {"51": "E", "116": "E", "18": "W", "150": "W", "108": "E", "138": "N", "166": "N", "7": "W", "159": "W", "141": "N", "48": "W", "178": "N", "49": "N", "24": "W", "36": "S", "83": "W", "125": "N", "19": "E", "70": "N", "199": "N", "162": "E", "158": "W", "140": "W", "88": "N", "26": "E", "112": "S", "149": "S", "34": "E", "11": "E", "154": "N", "117": "N", "187": "E", "58": "E", "21": "S", "25": "N", "169": "W", "109": "S", "39": "W", "190": "N", "133": "S", "120": "N", "164": "W", "102": "E", "99": "E", "96": "E", "78": "N", "69": "N", "60": "S", "56": "S", "50": "W", "46": "S", "14": "S", "129": "W", "92": "W", "54": "E", "95": "E", "16": "E", "20": "S", "198": "S", "148": "E", "113": "W", "110": "W", "144": "S", "126": "E", "124": "S", "105": "S", "45": "W", "1": "S", "196": "S", "163": "N", "157": "N", "143": "E", "132": "E", "130": "E", "127": "N", "119": "S", "79": "S", "71": "W", "53": "E", "3": "N", "2": "E", "194": "W", "188": "S", "182": "E", "176": "W", "160": "W", "155": "N", "153": "S", "151": "N", "131": "E", "128": "W", "115": "S", "103": "N", "85": "S", "81": "N", "73": "E", "37": "S", "30": "S", "15": "S", "10": "W"}, {"51": "E", "116": "E", "18": "W", "150": "W", "108": "E", "138": "N", "166": "N", "7": "W", "159": "W", "141": "N", "178": "N", "49": "N", "36": "W", "83": "W", "125": "W", "19": "E", "199": "N", "162": "E", "140": "N", "88": "N", "149": "S", "34": "E", "11": "N", "154": "E", "117": "N", "187": "E", "21": "S", "25": "N", "175": "S", "169": "W", "109": "S", "59": "S", "190": "E", "120": "N", "191": "S", "164": "N", "102": "E", "99": "E", "96": "E", "78": "N", "69": "N", "60": "S", "46": "S", "14": "S", "129": "W", "92": "W", "54": "E", "95": "E", "16": "E", "198": "S", "113": "N", "110": "N", "93": "E", "144": "E", "126": "E", "124": "E", "105": "E", "196": "E", "163": "W", "157": "E", "143": "E", "132": "E", "130": "E", "119": "S", "90": "N", "79": "E", "53": "E", "41": "E", "35": "S", "3": "W", "2": "E", "194": "W", "188": "S", "182": "E", "176": "S", "160": "W", "153": "S", "151": "E", "131": "E", "128": "W", "103": "N", "85": "S", "81": "E", "73": "S", "37": "S", "30": "S", "10": "S"}, {"51": "E", "116": "E", "18": "W", "150": "W", "108": "E", "138": "N", "166": "N", "7": "W", "159": "W", "141": "N", "178": "N", "49": "N", "83": "W", "19": "E", "199": "N", "140": "N", "88": "N", "149": "S", "34": "E", "192": "S", "11": "N", "154": "E", "117": "N", "187": "E", "21": "E", "25": "N", "169": "N", "109": "S", "190": "E", "100": "S", "44": "E", "23": "N", "164": "N", "99": "N", "96": "N", "78": "N", "60": "E", "46": "S", "129": "N", "92": "W", "54": "N", "95": "E", "189": "E", "20": "N", "198": "S", "113": "E", "110": "W", "93": "N", "144": "S", "126": "E", "124": "E", "105": "S", "196": "E", "157": "N", "143": "E", "132": "E", "130": "E", "119": "S", "79": "S", "76": "E", "71": "E", "53": "N", "33": "N", "3": "N", "2": "N", "194": "W", "188": "S", "182": "E", "176": "S", "160": "W", "153": "S", "151": "N", "134": "E", "131": "E", "128": "W", "103": "N", "86": "S", "81": "E", "73": "E", "38": "W", "37": "S", "30": "S", "15": "N", "10": "S"}, {"51": "E", "116": "E", "108": "E", "138": "N", "166": "N", "141": "E", "178": "N", "19": "E", "199": "N", "140": "W", "26": "E", "149": "E", "34": "S", "11": "N", "154": "N", "117": "N", "187": "E", "21": "E", "25": "N", "109": "S", "190": "E", "100": "S", "164": "N", "99": "E", "60": "E", "50": "W", "46": "S", "129": "W", "92": "S", "54": "E", "95": "E", "189": "E", "20": "W", "198": "E", "113": "E", "110": "S", "93": "N", "144": "E", "126": "N", "105": "S", "45": "E", "196": "E", "157": "E", "143": "S", "132": "E", "130": "E", "119": "E", "90": "E", "79": "S", "76": "N", "71": "E", "53": "N", "35": "W", "3": "N", "2": "N", "194": "S", "188": "S", "182": "E", "176": "W", "160": "N", "153": "S", "151": "E", "131": "E", "86": "S", "85": "E", "81": "E", "73": "E", "40": "N", "38": "S", "37": "S", "30": "S", "15": "N", "10": "S"}, {"51": "E", "116": "E", "138": "E", "141": "E", "149": "E", "34": "E", "11": "W", "154": "N", "117": "N", "187": "E", "175": "S", "109": "W", "190": "E", "44": "E", "191": "E", "164": "N", "99": "N", "50": "W", "46": "E", "129": "W", "54": "N", "189": "E", "20": "N", "198": "E", "113": "E", "110": "W", "93": "N", "144": "E", "126": "E", "105": "E", "196": "E", "157": "N", "143": "S", "132": "N", "130": "E", "119": "E", "90": "E", "79": "W", "76": "N", "53": "E", "35": "S", "3": "N", "2": "E", "194": "S", "188": "E", "186": "E", "182": "E", "176": "S", "155": "E", "153": "S", "151": "N", "128": "E", "103": "N", "86": "E", "73": "E", "38": "W", "30": "S", "15": "N", "10": "S"}, {"34": "S", "11": "W", "154": "N", "117": "N", "187": "S", "109": "S", "190": "S", "99": "E", "78": "S", "46": "S", "129": "W", "54": "E", "95": "E", "189": "E", "20": "E", "198": "S", "110": "S", "93": "N", "144": "N", "126": "N", "105": "E", "196": "S", "163": "S", "157": "E", "143": "S", "132": "E", "130": "E", "127": "N", "79": "S", "76": "N", "53": "E", "35": "E", "3": "N", "2": "E", "188": "E", "186": "E", "182": "N", "176": "W", "155": "S", "153": "S", "151": "E", "128": "E", "86": "E", "73": "S", "30": "S", "15": "E"}, {"34": "S", "11": "N", "154": "W", "117": "N", "187": "E", "175": "S", "109": "S", "44": "W", "99": "N", "78": "S", "129": "N", "54": "N", "95": "N", "189": "E", "198": "S", "144": "E", "126": "N", "163": "S", "157": "N", "143": "S", "132": "E", "130": "E", "79": "S", "76": "W", "53": "N", "35": "S", "3": "N", "2": "N", "188": "E", "186": "N", "182": "E", "176": "N", "160": "S", "155": "W", "153": "S", "151": "N", "128": "N", "73": "E", "30": "S", "15": "E"}, {"34": "S", "11": "N", "154": "W", "117": "N", "187": "S", "175": "E", "109": "S", "190": "S", "44": "N", "99": "N", "78": "S", "54": "E", "189": "E", "198": "S", "93": "N", "156": "N", "144": "N", "126": "W", "105": "E", "163": "S", "157": "N", "143": "E", "132": "E", "130": "E", "76": "N", "53": "E", "33": "E", "3": "E", "2": "E", "188": "S", "186": "N", "182": "N", "176": "N", "160": "W", "155": "N", "153": "S", "151": "N", "128": "E", "73": "E", "30": "S", "15": "N"}, {"34": "S", "11": "N", "154": "W", "117": "W", "187": "E", "175": "N", "109": "W", "164": "E", "99": "N", "54": "N", "189": "E", "198": "S", "93": "N", "144": "N", "126": "N", "105": "S", "157": "N", "143": "S", "132": "E", "130": "E", "76": "N", "53": "E", "35": "E", "188": "E", "186": "N", "182": "N", "160": "W", "153": "E", "73": "E", "40": "N", "38": "S", "30": "S", "15": "W"}, {"34": "S", "11": "N", "154": "W", "187": "S", "44": "S", "191": "N", "164": "N", "99": "W", "54": "N", "189": "E", "198": "S", "93": "W", "156": "S", "144": "N", "137": "S", "105": "S", "157": "E", "143": "E", "130": "E", "76": "N", "33": "W", "2": "N", "188": "E", "186": "W", "182": "N", "160": "W", "153": "E", "151": "W", "128": "N", "73": "E", "38": "S", "30": "W", "15": "N"}, {"34": "S", "187": "E", "44": "W", "191": "W", "164": "N", "99": "N", "54": "N", "189": "E", "198": "S", "93": "N", "105": "W", "157": "N", "143": "S", "130": "E", "76": "N", "33": "S", "188": "N", "186": "S", "182": "N", "160": "N", "153": "S", "151": "N", "73": "E", "40": "S", "38": "S", "15": "N"}, {"187": "S", "191": "S", "164": "N", "99": "N", "54": "W", "189": "E", "198": "S", "93": "N", "105": "S", "157": "N", "143": "S", "130": "S", "76": "N", "186": "S", "160": "N", "153": "S", "73": "E", "30": "W", "15": "N"}, {"187": "S", "175": "S", "164": "W", "99": "W", "54": "N", "198": "S", "93": "N", "137": "N", "157": "N", "143": "S", "130": "E", "76": "N", "35": "S", "33": "N", "186": "S", "153": "W", "73": "E", "15": "N"}, {"187": "W", "99": "N", "54": "N", "198": "S", "93": "N", "157": "W", "143": "S", "130": "E", "76": "N", "35": "E", "186": "W", "153": "W", "73": "S"}, {"187": "S", "175": "N", "164": "E", "54": "N", "198": "S", "93": "N", "157": "N", "143": "S", "130": "E", "76": "W", "35": "N", "153": "S", "40": "S", "15": "N"}, {"187": "S", "175": "W", "164": "N", "54": "N", "198": "S", "93": "N", "143": "W", "130": "S", "76": "N", "35": "W", "33": "S", "153": "W", "40": "W", "15": "N"}, {"164": "W", "54": "N", "198": "W", "130": "S", "76": "W", "40": "W", "15": "W"}, {"54": "N", "130": "S", "15": "W"}, {"130": "S", "35": "W"}, {"130": "W"}], "result": "SUCCESS", "makespan": 72, "sum": 7338, "algo_name": "OutAndInByPercentage_sea_level__BIT_", "extra": {"arrival_order": [167, 145, 68, 32, 27, 4, 123, 181, 64, 183, 172, 43, 173, 84, 51, 6, 116, 18, 193, 97, 47, 150, 108, 121, 161, 22, 63, 138, 52, 166, 7, 67, 9, 165, 80, 159, 104, 65, 141, 114, 48, 180, 178, 195, 111, 49, 24, 135, 107, 179, 171, 142, 61, 147, 36, 94, 83, 125, 66, 19, 72, 70, 42, 199, 177, 162, 158, 152, 140, 139, 88, 26, 8, 112, 122, 149, 34, 192, 11, 170, 154, 117, 187, 57, 174, 62, 58, 21, 25, 175, 169, 109, 98, 59, 39, 0, 190, 185, 184, 133, 120, 100, 91, 77, 75, 55, 44, 31, 28, 23, 13, 191, 164, 146, 106, 102, 99, 96, 78, 69, 60, 56, 50, 46, 14, 129, 92, 54, 95, 189, 16, 20, 168, 29, 136, 198, 17, 148, 89, 197, 113, 110, 82, 93, 156, 144, 137, 126, 124, 105, 87, 45, 12, 1, 196, 163, 157, 143, 132, 130, 127, 119, 101, 90, 79, 76, 71, 53, 41, 35, 33, 5, 3, 2, 194, 188, 186, 182, 176, 160, 155, 153, 151, 134, 131, 128, 118, 115, 103, 86, 85, 81, 74, 73, 40, 38, 37, 30, 15, 10], "time_arrived": [2641, 3958, 4500, 4479, 183, 4434, 454, 879, 1986, 945, 5090, 2208, 3947, 2904, 3234, 5080, 3459, 3570, 544, 1630, 3480, 2441, 746, 2872, 1284, 2464, 1951, 154, 2861, 3515, 5060, 2840, 123, 4418, 2141, 4403, 1489, 5018, 4996, 2602, 4985, 4397, 1704, 338, 2804, 3935, 3203, 628, 1162, 1267, 3165, 441, 834, 4368, 3354, 2798, 3146, 2362, 2415, 2584, 3123, 1440, 2400, 768, 255, 1097, 1599, 909, 106, 3087, 1693, 4331, 1669, 4978, 4955, 2787, 4313, 2772, 3079, 4274, 1025, 4932, 3701, 1550, 398, 4898, 4893, 3925, 1932, 3619, 4248, 2765, 3308, 3743, 1516, 3387, 3060, 595, 2565, 3020, 2758, 4234, 2976, 4876, 1089, 3904, 2961, 1333, 668, 2531, 3671, 1258, 2027, 3654, 1154, 4851, 498, 2300, 4827, 4214, 2753, 698, 2065, 208, 3876, 1588, 3836, 4196, 4806, 3272, 4175, 4795, 4118, 2747, 4758, 1305, 3524, 3807, 803, 1910, 1899, 1134, 1402, 4073, 3796, 91, 2949, 1447, 3600, 2093, 642, 4735, 1860, 4709, 2265, 4684, 3757, 4046, 1829, 1054, 4667, 719, 1787, 4005, 2937, 987, 866, 65, 3500, 2492, 2219, 1363, 323, 358, 2381, 2478, 4637, 1750, 1208, 1345, 1193, 234, 4614, 278, 2711, 2690, 4590, 2352, 4583, 3430, 2674, 2918, 2161, 560, 4540, 1229, 3999, 3649, 3562, 1731], "BIT_runs": 1, "old_makespan": 5090, "old_sum": 6510, "improved": "[167, 145, 68, 32, 27, 4, 123, 181, 64, 183, 172, 43, 173, 84, 51, 6, 116, 18, 193, 97, 47, 150, 108, 121, 161, 22, 63, 138, 52, 166, 7, 67, 9, 165, 80, 159, 104, 65, 141, 114, 48, 180, 178, 195, 111, 49, 24, 135, 107, 179, 171, 142, 61, 147, 36, 94, 83, 125, 66, 19, 72, 70, 42, 199, 177, 162, 158, 152, 140, 139, 88, 26, 8, 112, 122, 149, 34, 192, 11, 170, 154, 117, 187, 57, 174, 62, 58, 21, 25, 175, 169, 109, 98, 59, 39, 0, 190, 185, 184, 133, 120, 100, 91, 77, 75, 55, 44, 31, 28, 23, 13, 191, 164, 146, 106, 102, 99, 96, 78, 69, 60, 56, 50, 46, 14, 129, 92, 54, 95, 189, 16, 20, 168, 29, 136, 198, 17, 148, 89, 197, 113, 110, 82, 93, 156, 144, 137, 126, 124, 105, 87, 45, 12, 1, 196, 163, 157, 143, 132, 130, 127, 119, 101, 90, 79, 76, 71, 53, 41, 35, 33, 5, 3, 2, 194, 188, 186, 182, 176, 160, 155, 153, 151, 134, 131, 128, 118, 115, 103, 86, 85, 81, 74, 73, 40, 38, 37, 30, 15, 10],", "goal_raise_for_bs": 32}}