{"instance": "small_free_005_20x20_20_80", "steps": [{"12": "W", "28": "W", "43": "N", "60": "W", "24": "N", "15": "S", "33": "W", "39": "N", "38": "W", "25": "W", "17": "N", "78": "N", "63": "N", "62": "N", "41": "W", "27": "N", "10": "W", "3": "E", "71": "S", "29": "N", "23": "N", "14": "S", "6": "S", "67": "W", "8": "S", "77": "N", "74": "N", "54": "N", "48": "N", "26": "N", "11": "N", "2": "S", "75": "E", "73": "W", "66": "N", "59": "W", "51": "N", "49": "S", "46": "N", "42": "S", "36": "W", "16": "W", "1": "W", "79": "W", "76": "W", "72": "W", "65": "S", "52": "N", "35": "N", "19": "W", "58": "W", "50": "N", "47": "W", "45": "N", "40": "S", "34": "N", "22": "E", "21": "W", "9": "N", "18": "W", "70": "S", "64": "E", "61": "S", "44": "S", "31": "S", "20": "E", "69": "W", "57": "S", "55": "S", "68": "S", "13": "S", "5": "S", "4": "S"}, {"12": "W", "28": "W", "43": "N", "60": "W", "24": "N", "15": "S", "33": "W", "39": "N", "38": "W", "25": "W", "17": "N", "78": "N", "63": "N", "62": "N", "27": "N", "10": "W", "3": "S", "71": "E", "29": "N", "23": "N", "14": "W", "6": "W", "67": "W", "8": "E", "77": "N", "74": "N", "54": "N", "48": "N", "32": "W", "26": "N", "11": "N", "2": "S", "75": "E", "73": "W", "66": "N", "59": "N", "56": "E", "51": "N", "49": "W", "46": "N", "42": "S", "36": "N", "16": "W", "1": "W", "79": "W", "76": "W", "72": "N", "65": "E", "52": "N", "35": "N", "19": "W", "7": "N", "58": "W", "50": "N", "47": "W", "45": "E", "40": "E", "34": "N", "22": "E", "21": "W", "9": "E", "18": "S", "70": "S", "64": "E", "61": "S", "44": "S", "37": "N", "20": "N", "69": "W", "57": "E", "55": "W", "68": "E", "13": "E", "5": "E", "4": "S"}, {"28": "S", "24": "N", "15": "S", "33": "W", "39": "N", "38": "W", "25": "W", "17": "N", "78": "N", "63": "E", "62": "N", "27": "N", "10": "W", "3": "E", "71": "S", "29": "N", "23": "N", "14": "S", "6": "N", "67": "W", "8": "E", "77": "N", "74": "N", "54": "N", "48": "N", "32": "W", "26": "N", "11": "E", "73": "W", "66": "E", "59": "N", "51": "N", "49": "S", "46": "N", "42": "S", "36": "N", "16": "W", "1": "W", "79": "W", "76": "W", "72": "N", "52": "N", "35": "N", "19": "W", "7": "E", "58": "W", "50": "N", "47": "W", "45": "S", "40": "E", "34": "N", "22": "S", "21": "W", "9": "E", "18": "S", "70": "E", "64": "E", "61": "S", "44": "S", "30": "N", "20": "N", "69": "S", "57": "S", "55": "W", "53": "W", "0": "W", "13": "E", "5": "E", "4": "S"}, {"24": "N", "15": "S", "33": "W", "39": "N", "38": "W", "25": "W", "17": "N", "78": "N", "62": "N", "41": "N", "27": "N", "10": "W", "71": "E", "29": "N", "23": "N", "14": "S", "6": "N", "67": "N", "8": "N", "77": "N", "74": "N", "54": "W", "48": "N", "26": "N", "11": "E", "75": "E", "73": "N", "66": "N", "59": "W", "51": "N", "42": "W", "16": "W", "1": "N", "79": "N", "76": "W", "72": "N", "52": "N", "35": "N", "19": "N", "7": "N", "58": "W", "50": "N", "47": "W", "45": "S", "34": "N", "22": "S", "21": "N", "9": "E", "18": "S", "70": "S", "64": "N", "61": "S", "44": "S", "30": "E", "20": "N", "57": "E", "55": "S", "0": "W", "68": "N", "13": "E", "4": "S"}, {"28": "W", "43": "N", "15": "S", "33": "W", "39": "N", "38": "W", "17": "N", "78": "N", "62": "N", "41": "N", "27": "N", "71": "E", "29": "N", "23": "N", "14": "W", "6": "N", "67": "N", "8": "N", "77": "E", "74": "E", "54": "W", "48": "N", "32": "W", "26": "E", "11": "E", "2": "S", "75": "S", "73": "N", "59": "W", "56": "N", "51": "N", "46": "E", "42": "W", "16": "N", "1": "N", "79": "N", "72": "N", "52": "N", "35": "E", "19": "N", "7": "E", "50": "E", "47": "W", "40": "E", "34": "E", "22": "E", "21": "E", "9": "E", "18": "S", "64": "E", "61": "S", "30": "S", "20": "N", "69": "S", "57": "E", "53": "E", "0": "S", "13": "E", "4": "E"}, {"28": "W", "60": "W", "15": "S", "33": "W", "39": "N", "38": "W", "25": "N", "17": "N", "78": "N", "62": "N", "41": "N", "27": "N", "10": "E", "71": "E", "29": "N", "23": "N", "14": "W", "6": "N", "67": "N", "8": "N", "54": "W", "48": "N", "32": "W", "26": "E", "11": "E", "2": "E", "75": "E", "73": "N", "59": "N", "56": "N", "51": "N", "46": "N", "42": "S", "36": "N", "16": "N", "1": "N", "79": "E", "76": "N", "72": "N", "52": "N", "35": "N", "19": "E", "7": "N", "58": "E", "50": "N", "47": "W", "40": "E", "34": "E", "21": "E", "9": "E", "18": "S", "70": "N", "64": "E", "61": "S", "44": "E", "30": "S", "69": "S", "57": "E", "53": "N", "0": "S", "13": "E", "5": "E", "4": "E"}, {"28": "W", "43": "N", "60": "W", "15": "S", "33": "W", "39": "N", "38": "W", "25": "N", "17": "N", "78": "N", "41": "N", "27": "N", "10": "N", "29": "N", "23": "E", "14": "W", "6": "N", "67": "N", "8": "N", "74": "E", "54": "N", "32": "E", "26": "E", "11": "E", "2": "S", "75": "E", "66": "N", "59": "N", "56": "N", "51": "W", "46": "N", "42": "S", "36": "N", "1": "N", "79": "E", "76": "N", "72": "N", "52": "N", "35": "N", "19": "E", "7": "E", "58": "N", "50": "E", "47": "W", "45": "S", "40": "S", "34": "E", "18": "W", "64": "E", "61": "S", "44": "S", "37": "N", "30": "E", "69": "E", "57": "E", "55": "S", "0": "S", "5": "S", "4": "E"}, {"28": "W", "33": "W", "39": "N", "38": "W", "25": "N", "17": "N", "78": "N", "41": "N", "27": "N", "10": "N", "29": "N", "23": "S", "14": "S", "6": "N", "67": "N", "8": "N", "74": "S", "54": "N", "48": "S", "26": "S", "11": "E", "2": "S", "75": "E", "66": "N", "59": "N", "56": "E", "51": "W", "46": "N", "42": "E", "36": "N", "1": "E", "79": "E", "72": "N", "52": "N", "35": "N", "19": "E", "7": "E", "58": "E", "50": "E", "47": "W", "40": "E", "34": "E", "22": "E", "18": "S", "70": "S", "64": "E", "61": "E", "44": "W", "37": "S", "30": "S", "69": "S", "57": "S", "55": "S", "0": "S", "5": "S", "4": "E"}, {"28": "W", "24": "N", "33": "W", "39": "N", "38": "W", "25": "N", "17": "N", "78": "N", "62": "W", "41": "N", "27": "N", "10": "N", "29": "N", "23": "S", "14": "S", "67": "N", "8": "N", "77": "W", "74": "E", "54": "N", "48": "E", "26": "E", "11": "E", "2": "S", "75": "E", "66": "N", "59": "N", "56": "E", "51": "W", "49": "W", "46": "N", "42": "E", "36": "N", "65": "S", "52": "N", "35": "N", "19": "E", "58": "E", "50": "E", "47": "N", "45": "E", "40": "E", "34": "E", "22": "E", "18": "W", "70": "S", "64": "N", "61": "S", "44": "S", "30": "S", "69": "S", "57": "S", "55": "S", "53": "W", "0": "S", "68": "E"}, {"24": "N", "33": "W", "38": "N", "25": "N", "17": "N", "78": "E", "62": "W", "41": "N", "27": "S", "10": "N", "29": "N", "23": "S", "14": "S", "67": "N", "8": "N", "74": "S", "54": "N", "48": "E", "26": "N", "2": "S", "75": "E", "66": "N", "51": "S", "46": "N", "42": "E", "36": "N", "79": "E", "76": "N", "35": "N", "19": "N", "58": "E", "50": "E", "47": "N", "45": "E", "40": "E", "34": "N", "22": "E", "21": "E", "18": "S", "70": "E", "64": "E", "61": "S", "44": "S", "37": "S", "30": "S", "69": "S", "57": "S", "55": "S", "0": "S", "68": "E", "5": "S", "4": "W"}, {"39": "N", "38": "N", "25": "N", "17": "E", "62": "W", "41": "N", "27": "S", "10": "N", "29": "E", "23": "S", "14": "S", "8": "N", "74": "S", "54": "N", "48": "E", "26": "N", "2": "S", "75": "E", "66": "E", "51": "S", "49": "W", "46": "E", "42": "E", "36": "N", "16": "W", "79": "E", "76": "E", "65": "N", "52": "N", "35": "N", "19": "E", "7": "E", "58": "E", "47": "N", "40": "E", "22": "E", "18": "W", "70": "E", "61": "W", "44": "W", "30": "W", "69": "E", "57": "E", "55": "S", "53": "E", "0": "S", "68": "E", "5": "S", "4": "S"}, {"33": "W", "39": "N", "38": "N", "25": "N", "17": "E", "62": "W", "27": "S", "10": "N", "29": "E", "23": "E", "6": "S", "77": "S", "74": "S", "54": "N", "48": "E", "26": "E", "2": "S", "75": "E", "66": "N", "59": "W", "56": "N", "51": "S", "49": "S", "46": "N", "42": "E", "36": "W", "79": "N", "76": "E", "52": "N", "35": "E", "19": "N", "7": "S", "58": "N", "47": "N", "45": "N", "40": "E", "22": "E", "18": "S", "70": "S", "61": "W", "44": "S", "30": "S", "69": "W", "57": "E", "55": "E", "53": "N", "0": "S", "5": "S", "4": "E"}, {"33": "W", "39": "W", "38": "N", "17": "E", "62": "W", "41": "N", "27": "S", "10": "E", "29": "E", "23": "E", "6": "E", "77": "E", "74": "S", "48": "E", "26": "E", "2": "S", "66": "N", "59": "W", "56": "E", "51": "S", "49": "S", "46": "E", "42": "E", "36": "N", "16": "E", "79": "E", "76": "E", "72": "N", "52": "S", "35": "N", "19": "E", "7": "S", "58": "E", "47": "N", "40": "S", "22": "W", "18": "S", "70": "E", "61": "N", "44": "S", "30": "S", "69": "S", "57": "E", "0": "S", "5": "E"}, {"33": "N", "38": "N", "62": "W", "27": "W", "10": "N", "6": "W", "74": "S", "48": "E", "26": "E", "2": "S", "66": "N", "59": "W", "56": "E", "51": "S", "49": "E", "42": "E", "36": "N", "79": "E", "72": "W", "52": "S", "35": "E", "19": "E", "7": "S", "58": "E", "47": "N", "18": "S", "44": "S", "30": "S", "69": "S", "57": "S", "55": "E", "0": "S", "68": "E"}, {"27": "S", "10": "N", "6": "N", "77": "W", "74": "S", "48": "E", "26": "E", "2": "S", "59": "N", "56": "E", "51": "S", "49": "E", "46": "E", "42": "E", "36": "W", "79": "E", "72": "S", "52": "S", "19": "E", "7": "W", "58": "E", "47": "N", "45": "W", "18": "S", "44": "S", "30": "S", "69": "S", "57": "E", "55": "E", "0": "S", "5": "W"}, {"27": "S", "10": "N", "77": "N", "74": "S", "48": "N", "26": "E", "2": "S", "59": "N", "56": "S", "51": "S", "46": "N", "42": "E", "36": "N", "79": "E", "76": "E", "72": "E", "52": "S", "19": "E", "7": "N", "58": "E", "47": "N", "18": "S", "69": "S", "57": "E", "55": "E", "0": "S", "5": "S"}, {"27": "S", "10": "E", "77": "E", "74": "S", "48": "E", "2": "E", "59": "N", "51": "S", "46": "N", "42": "E", "36": "N", "79": "E", "76": "S", "52": "S", "19": "E", "58": "E", "47": "N", "45": "E", "18": "S", "31": "W", "69": "S", "57": "E", "55": "E", "0": "S", "68": "E", "5": "W"}, {"27": "S", "10": "E", "74": "S", "48": "E", "51": "S", "46": "W", "36": "N", "79": "E", "52": "S", "19": "S", "58": "N", "47": "N", "70": "E", "31": "W", "69": "S", "57": "E", "55": "S", "0": "S", "68": "E"}, {"10": "E", "74": "S", "48": "E", "46": "N", "36": "N", "79": "S", "19": "S", "58": "E", "47": "N", "70": "W", "31": "S", "69": "W", "57": "N", "55": "E", "0": "S"}, {"10": "E", "74": "S", "48": "E", "46": "N", "36": "E", "52": "E", "19": "E", "47": "N", "31": "W", "69": "S", "55": "E", "0": "E"}, {"10": "E", "74": "S", "48": "E", "46": "W", "36": "E", "52": "S", "19": "E", "31": "N", "69": "S", "0": "E"}, {"10": "E", "74": "S", "52": "S", "19": "E", "31": "E", "69": "S", "0": "E"}, {"10": "E", "74": "E", "52": "W", "19": "E", "31": "E", "69": "S"}, {"10": "E", "74": "E", "52": "S", "19": "E", "31": "E"}, {"10": "E", "74": "E", "52": "S"}, {"74": "E", "52": "S"}, {"74": "E", "52": "S"}, {"52": "S"}, {"52": "S"}, {"52": "S"}, {"52": "W"}, {"52": "S"}, {"52": "S"}, {"52": "E"}, {"39": "E"}, {"39": "S"}, {"39": "S"}, {"39": "S"}, {"39": "S"}, {"39": "S"}, {"39": "E"}, {"39": "S"}, {"39": "S"}, {"39": "W"}, {"39": "S"}, {"39": "S"}, {"39": "S"}, {"39": "S"}, {"39": "S"}, {"39": "S"}, {"39": "S"}, {"39": "W"}, {"39": "S"}, {"39": "S"}, {"39": "S"}, {"39": "S"}, {"39": "S"}, {"39": "E"}, {"39": "S"}, {"39": "S"}, {"39": "S"}, {"39": "S"}, {"39": "S"}, {"39": "E"}], "result": "SUCCESS", "makespan": 64, "sum": 1001, "algo_name": "OutAndInByPercentage_sea_level__BIT_", "extra": {"arrival_order": [38, 25, 17, 78, 63, 62, 41, 27, 10, 3, 71, 29, 23, 14, 6, 67, 8, 77, 74, 54, 48, 32, 26, 11, 2, 75, 73, 66, 59, 56, 51, 49, 46, 42, 39, 36, 33, 16, 1, 79, 76, 72, 65, 52, 35, 19, 15, 7, 58, 50, 47, 45, 40, 34, 22, 21, 9, 18, 70, 64, 61, 44, 37, 31, 30, 24, 20, 69, 57, 55, 53, 0, 68, 60, 43, 28, 13, 12, 5, 4], "time_arrived": [1304, 750, 492, 203, 1435, 1418, 291, 908, 324, 1054, 191, 462, 1404, 1387, 278, 894, 737, 81, 1075, 870, 1208, 1043, 1033, 258, 1195, 63, 442, 160, 1379, 247, 1173, 1157, 417, 730, 1016, 847, 707, 1151, 44, 681, 1002, 150, 651, 1357, 1143, 983, 631, 969, 404, 609, 943, 597, 827, 1285, 390, 1276, 583, 1258, 927, 564, 1334, 1126, 126, 116, 1105, 807, 540, 307, 1318, 1234, 1091, 225, 800, 518, 369, 511, 782, 338, 101, 771], "BIT_runs": 1, "old_makespan": 1435, "old_sum": 2064, "improved": "[38, 25, 17, 78, 63, 62, 41, 27, 10, 3, 71, 29, 23, 14, 6, 67, 8, 77, 74, 54, 48, 32, 26, 11, 2, 75, 73, 66, 59, 56, 51, 49, 46, 42, 36, 16, 1, 79, 76, 72, 65, 52, 35, 19, 7, 58, 50, 47, 45, 40, 34, 22, 21, 9, 18, 70, 64, 61, 44, 37, 31, 30, 20, 69, 57, 55, 53, 0, 68, 13, 5, 4],", "goal_raise_for_bs": 32}}