{"instance": "small_006_20x20_20_71", "steps": [{"22": "N", "57": "W", "23": "N", "18": "E", "70": "W", "36": "S", "60": "N", "10": "W", "53": "S", "52": "S", "15": "N", "8": "W", "29": "W", "7": "S", "9": "W", "3": "S", "67": "S", "5": "W", "61": "S", "51": "E", "63": "W", "54": "W", "20": "N", "21": "N", "64": "N", "68": "N", "26": "N", "59": "W", "19": "S", "12": "W", "2": "N", "24": "W", "62": "N", "6": "N", "66": "E", "49": "W", "43": "S", "48": "W", "40": "E", "30": "W", "55": "W", "39": "E", "13": "W", "65": "N", "25": "S", "0": "S", "28": "E", "58": "W", "37": "W", "35": "E", "31": "W", "44": "W", "42": "W", "50": "S", "41": "W", "11": "W", "33": "S", "17": "W", "47": "S", "56": "E", "32": "E", "16": "N", "69": "N", "38": "S"}, {"22": "N", "57": "W", "23": "N", "18": "S", "70": "W", "36": "S", "60": "W", "53": "S", "52": "E", "15": "N", "8": "W", "29": "W", "4": "N", "7": "E", "9": "W", "3": "S", "67": "S", "61": "E", "51": "E", "63": "N", "54": "N", "20": "N", "27": "N", "21": "N", "64": "W", "68": "E", "26": "N", "59": "N", "19": "S", "12": "W", "2": "N", "24": "W", "62": "N", "6": "N", "66": "S", "49": "W", "43": "S", "48": "W", "40": "N", "55": "W", "13": "W", "46": "W", "65": "N", "25": "S", "28": "N", "58": "W", "37": "W", "35": "E", "31": "W", "45": "E", "42": "W", "50": "S", "33": "E", "17": "W", "32": "E", "16": "E", "69": "W", "38": "S", "34": "W"}, {"22": "N", "57": "W", "23": "N", "18": "S", "70": "W", "36": "E", "60": "N", "53": "S", "52": "E", "1": "E", "15": "N", "8": "W", "29": "W", "4": "N", "7": "S", "9": "W", "3": "E", "67": "S", "5": "S", "61": "E", "51": "E", "63": "N", "54": "N", "20": "N", "27": "N", "21": "N", "64": "W", "68": "E", "26": "N", "59": "W", "19": "S", "12": "S", "2": "N", "62": "N", "6": "E", "66": "W", "49": "W", "43": "W", "48": "N", "30": "W", "55": "S", "39": "W", "13": "N", "46": "S", "65": "N", "25": "E", "28": "W", "58": "W", "37": "N", "35": "E", "31": "N", "45": "N", "44": "W", "42": "W", "50": "E", "14": "E", "33": "E", "17": "S", "47": "E", "32": "E", "16": "E", "69": "N", "38": "S"}, {"22": "E", "57": "W", "23": "N", "18": "S", "70": "W", "36": "E", "60": "W", "53": "S", "52": "E", "1": "E", "15": "N", "8": "N", "29": "W", "4": "N", "7": "W", "9": "S", "3": "E", "67": "S", "5": "S", "61": "S", "51": "E", "63": "N", "54": "N", "20": "N", "27": "N", "21": "N", "64": "W", "68": "E", "26": "N", "59": "W", "19": "S", "2": "E", "62": "N", "6": "E", "66": "W", "49": "N", "43": "W", "40": "N", "30": "W", "55": "S", "39": "N", "13": "W", "46": "S", "65": "N", "25": "S", "0": "S", "28": "W", "58": "W", "37": "N", "35": "E", "31": "N", "45": "N", "44": "W", "42": "S", "50": "N", "14": "N", "11": "S", "33": "E", "17": "S", "47": "S", "16": "N", "38": "S"}, {"22": "N", "57": "W", "23": "N", "18": "S", "70": "S", "36": "S", "60": "W", "10": "S", "53": "S", "52": "E", "1": "N", "15": "N", "8": "N", "4": "N", "7": "W", "9": "S", "3": "E", "67": "E", "5": "S", "61": "S", "51": "E", "63": "E", "54": "N", "20": "N", "27": "N", "21": "N", "64": "N", "68": "N", "26": "E", "59": "W", "19": "E", "12": "W", "2": "E", "24": "N", "62": "W", "6": "E", "66": "W", "49": "N", "43": "W", "48": "N", "40": "N", "30": "W", "55": "W", "39": "N", "13": "W", "46": "S", "65": "N", "25": "E", "0": "W", "58": "W", "37": "W", "35": "E", "31": "N", "45": "N", "42": "S", "50": "N", "14": "N", "33": "N", "17": "S", "47": "S", "32": "N", "38": "E", "34": "E"}, {"22": "N", "57": "W", "23": "N", "18": "E", "70": "W", "36": "S", "60": "W", "10": "S", "53": "S", "52": "N", "1": "N", "15": "N", "8": "N", "4": "N", "7": "W", "9": "S", "3": "E", "67": "S", "5": "W", "51": "E", "63": "N", "54": "E", "20": "N", "27": "N", "21": "N", "64": "N", "68": "N", "26": "S", "59": "N", "19": "E", "2": "E", "62": "S", "6": "N", "66": "W", "43": "W", "48": "N", "40": "E", "55": "S", "39": "N", "65": "N", "25": "N", "0": "S", "28": "S", "58": "N", "37": "W", "35": "E", "31": "N", "45": "N", "44": "W", "50": "N", "11": "N", "33": "E", "17": "S"}, {"22": "N", "57": "W", "23": "N", "18": "E", "70": "W", "36": "S", "60": "W", "10": "S", "53": "S", "52": "N", "1": "W", "15": "N", "8": "W", "4": "N", "7": "S", "9": "S", "3": "E", "67": "W", "5": "W", "51": "E", "63": "E", "54": "E", "20": "E", "27": "W", "21": "N", "64": "N", "68": "N", "26": "S", "59": "N", "12": "W", "2": "E", "62": "S", "6": "N", "66": "W", "49": "E", "43": "W", "48": "N", "40": "E", "55": "S", "39": "N", "65": "N", "0": "S", "58": "N", "37": "W", "45": "N", "44": "W", "41": "E", "14": "W"}, {"22": "N", "57": "W", "23": "N", "18": "N", "70": "W", "36": "E", "60": "W", "10": "W", "53": "S", "52": "N", "1": "W", "15": "N", "8": "W", "29": "W", "4": "N", "7": "S", "9": "S", "3": "E", "67": "W", "5": "W", "51": "E", "63": "N", "54": "N", "20": "E", "27": "W", "21": "E", "64": "N", "68": "N", "26": "S", "59": "N", "12": "W", "2": "N", "62": "E", "6": "E", "66": "W", "49": "N", "43": "S", "30": "S", "39": "N", "13": "E", "46": "S", "65": "N", "25": "S", "0": "E", "28": "S", "58": "N", "37": "W", "31": "W", "45": "N", "44": "N", "41": "S", "33": "E", "34": "W"}, {"22": "N", "57": "W", "23": "N", "18": "E", "70": "W", "36": "S", "60": "W", "10": "W", "53": "S", "52": "E", "1": "W", "15": "E", "8": "W", "29": "S", "4": "E", "9": "S", "3": "E", "67": "W", "5": "S", "61": "E", "51": "S", "63": "N", "54": "E", "20": "N", "27": "W", "21": "N", "68": "E", "26": "S", "59": "N", "19": "E", "12": "W", "2": "N", "24": "N", "62": "N", "6": "E", "66": "W", "49": "N", "43": "S", "40": "E", "55": "E", "39": "E", "13": "S", "65": "E", "25": "E", "0": "E", "28": "S", "58": "E", "37": "N", "35": "N", "31": "N", "45": "W", "44": "W", "50": "N", "33": "E"}, {"22": "E", "57": "W", "23": "N", "18": "N", "70": "S", "36": "S", "60": "W", "10": "W", "53": "S", "52": "N", "1": "W", "15": "E", "8": "W", "29": "S", "4": "N", "7": "W", "9": "S", "3": "S", "67": "S", "5": "W", "61": "S", "51": "S", "63": "N", "54": "E", "20": "N", "27": "N", "21": "N", "68": "E", "26": "S", "59": "N", "19": "E", "12": "W", "2": "N", "24": "E", "62": "E", "6": "E", "66": "W", "49": "N", "43": "W", "40": "E", "30": "W", "55": "E", "39": "E", "46": "E", "65": "E", "25": "S", "28": "W", "58": "E", "35": "E", "31": "N", "44": "N", "50": "N", "14": "E", "33": "E", "17": "E", "47": "E"}, {"22": "E", "57": "W", "23": "N", "18": "N", "70": "S", "36": "S", "60": "W", "10": "W", "53": "S", "52": "E", "1": "W", "15": "E", "8": "W", "29": "S", "4": "E", "7": "W", "9": "W", "3": "S", "67": "S", "5": "S", "61": "S", "51": "W", "63": "N", "54": "E", "20": "E", "27": "N", "21": "N", "68": "E", "26": "E", "59": "W", "19": "E", "12": "W", "2": "N", "24": "E", "62": "S", "6": "N", "66": "W", "49": "W", "43": "W", "48": "N", "40": "E", "30": "S", "55": "S", "46": "E", "65": "E", "25": "S", "0": "E", "58": "E", "31": "N", "44": "N", "50": "N", "41": "E", "11": "W", "33": "E", "17": "E", "47": "N"}, {"22": "E", "57": "W", "23": "E", "18": "N", "70": "S", "36": "E", "60": "W", "10": "S", "53": "E", "52": "N", "1": "W", "15": "E", "8": "W", "29": "S", "4": "N", "7": "W", "9": "W", "3": "S", "67": "S", "5": "S", "61": "S", "51": "W", "63": "W", "54": "E", "20": "N", "27": "N", "21": "N", "64": "N", "68": "E", "26": "E", "59": "N", "19": "E", "12": "W", "2": "N", "24": "S", "62": "S", "6": "E", "66": "W", "49": "N", "43": "W", "48": "N", "40": "E", "55": "W", "39": "E", "13": "W", "46": "S", "25": "S", "0": "E", "31": "E", "45": "N", "50": "N", "41": "E", "14": "W", "11": "N", "33": "E", "17": "E", "47": "N", "32": "E", "38": "W"}, {"22": "N", "57": "S", "23": "E", "18": "N", "70": "S", "36": "S", "60": "W", "10": "S", "53": "E", "52": "E", "1": "W", "15": "N", "8": "W", "29": "S", "4": "N", "7": "S", "9": "S", "3": "S", "67": "W", "5": "W", "61": "S", "51": "W", "63": "W", "54": "E", "20": "N", "27": "W", "21": "E", "64": "N", "68": "E", "26": "E", "59": "W", "12": "W", "2": "E", "24": "S", "6": "N", "66": "N", "49": "N", "43": "W", "48": "W", "40": "S", "55": "S", "39": "N", "13": "W", "46": "S", "65": "E", "25": "S", "28": "E", "58": "E", "31": "N", "45": "N", "50": "N", "41": "E", "14": "W", "11": "E", "47": "W", "16": "S"}, {"22": "N", "57": "S", "23": "E", "18": "N", "70": "S", "36": "S", "60": "W", "10": "S", "53": "E", "52": "E", "1": "W", "15": "N", "8": "W", "29": "S", "4": "N", "7": "S", "9": "S", "3": "S", "67": "W", "5": "W", "61": "S", "51": "W", "63": "W", "54": "E", "20": "W", "27": "W", "21": "E", "64": "N", "68": "E", "26": "E", "59": "N", "19": "S", "12": "W", "2": "E", "24": "E", "62": "S", "6": "E", "66": "W", "49": "N", "43": "W", "48": "N", "40": "S", "55": "S", "39": "N", "13": "W", "46": "E", "65": "N", "25": "S", "28": "S", "58": "E", "45": "W", "41": "N", "14": "W", "11": "S", "33": "W", "17": "W", "47": "S", "34": "N"}, {"22": "N", "57": "S", "23": "E", "18": "N", "70": "W", "36": "S", "60": "W", "10": "S", "53": "E", "52": "N", "1": "W", "15": "N", "8": "W", "29": "W", "4": "E", "7": "S", "9": "S", "3": "S", "67": "W", "5": "S", "61": "S", "51": "W", "63": "W", "54": "E", "20": "N", "27": "N", "21": "E", "64": "N", "68": "E", "26": "E", "59": "W", "19": "E", "12": "W", "2": "E", "24": "E", "62": "S", "6": "N", "66": "W", "49": "W", "43": "S", "48": "E", "40": "E", "55": "W", "39": "E", "13": "N", "46": "E", "25": "W", "28": "S", "58": "E", "35": "N", "45": "S", "11": "S", "33": "W", "17": "W", "38": "E", "34": "N"}, {"22": "N", "57": "S", "23": "E", "18": "N", "70": "W", "36": "S", "60": "W", "10": "S", "53": "E", "52": "N", "1": "W", "15": "N", "8": "W", "29": "W", "4": "S", "7": "S", "9": "S", "3": "S", "67": "W", "5": "S", "61": "S", "51": "W", "63": "W", "54": "E", "20": "E", "27": "N", "64": "N", "68": "E", "26": "E", "59": "N", "19": "N", "12": "N", "2": "E", "24": "S", "62": "E", "6": "E", "66": "W", "49": "W", "48": "N", "40": "E", "30": "N", "55": "S", "39": "N", "13": "W", "46": "S", "65": "E", "28": "S", "58": "E", "45": "S", "42": "W", "33": "W", "17": "W", "56": "S", "16": "E", "34": "N"}, {"22": "N", "57": "S", "23": "E", "18": "N", "70": "W", "36": "S", "60": "N", "10": "S", "53": "E", "52": "E", "1": "S", "15": "E", "8": "W", "29": "S", "4": "E", "7": "S", "9": "S", "3": "S", "67": "S", "5": "S", "61": "S", "51": "S", "63": "W", "54": "N", "20": "N", "27": "N", "68": "N", "26": "E", "59": "N", "19": "E", "12": "W", "2": "E", "24": "S", "62": "S", "66": "W", "49": "N", "48": "N", "40": "E", "30": "E", "55": "S", "39": "W", "13": "W", "46": "S", "25": "S", "28": "S", "58": "N", "37": "W", "31": "N", "45": "S", "42": "W", "50": "W", "14": "S", "33": "W", "32": "W", "34": "E"}, {"22": "N", "57": "S", "23": "E", "18": "N", "70": "W", "36": "E", "60": "N", "10": "S", "53": "E", "52": "E", "1": "W", "15": "E", "8": "N", "29": "S", "4": "E", "7": "S", "3": "S", "67": "S", "5": "S", "61": "S", "51": "S", "63": "W", "54": "E", "20": "N", "27": "N", "68": "N", "26": "E", "59": "N", "19": "E", "12": "N", "2": "E", "24": "S", "62": "S", "66": "W", "43": "N", "48": "N", "40": "E", "30": "E", "55": "S", "39": "N", "13": "N", "25": "S", "28": "S", "58": "E", "37": "N", "35": "S", "31": "N", "45": "E", "42": "S", "14": "W", "33": "W", "16": "W", "34": "S"}, {"22": "N", "57": "S", "23": "E", "18": "N", "70": "W", "36": "E", "60": "N", "10": "S", "53": "E", "52": "E", "1": "W", "15": "E", "8": "N", "29": "S", "4": "E", "7": "S", "3": "S", "67": "S", "5": "S", "61": "S", "63": "W", "20": "N", "27": "N", "68": "N", "26": "E", "59": "N", "19": "E", "12": "W", "24": "W", "62": "W", "66": "W", "48": "N", "30": "S", "55": "S", "39": "W", "46": "W", "65": "W", "28": "S", "37": "W", "35": "S", "45": "N", "42": "S", "41": "W", "14": "W", "56": "N", "16": "N", "34": "S"}, {"22": "E", "57": "S", "23": "E", "18": "N", "70": "W", "36": "E", "60": "N", "10": "S", "52": "E", "1": "W", "15": "E", "8": "W", "29": "S", "4": "E", "7": "S", "3": "E", "67": "S", "5": "S", "61": "W", "51": "W", "63": "N", "20": "N", "27": "W", "64": "N", "68": "N", "26": "E", "59": "N", "19": "E", "12": "W", "24": "W", "62": "S", "66": "W", "48": "N", "40": "W", "30": "W", "55": "S", "39": "N", "46": "W", "65": "W", "28": "W", "37": "W", "45": "W", "42": "S", "41": "W", "14": "N", "34": "S"}, {"22": "E", "57": "S", "23": "E", "18": "N", "70": "W", "36": "E", "60": "N", "10": "S", "52": "E", "1": "W", "15": "E", "8": "N", "29": "S", "7": "S", "67": "S", "5": "S", "61": "S", "51": "S", "63": "N", "20": "E", "27": "W", "64": "N", "26": "E", "59": "N", "19": "E", "12": "S", "24": "W", "62": "S", "40": "W", "30": "S", "13": "W", "46": "W", "42": "S", "50": "S", "41": "W"}, {"22": "E", "57": "S", "23": "E", "18": "N", "70": "W", "36": "E", "10": "S", "15": "E", "8": "N", "29": "S", "7": "E", "67": "S", "5": "W", "61": "S", "20": "E", "27": "W", "64": "N", "26": "E", "59": "E", "12": "S", "24": "W", "62": "S", "30": "S", "46": "W", "37": "E", "42": "E", "50": "E", "41": "W"}, {"22": "E", "57": "S", "23": "E", "18": "N", "70": "W", "36": "E", "15": "E", "8": "N", "7": "E", "61": "S", "51": "W", "64": "N", "26": "E", "59": "E", "12": "S", "24": "S", "62": "S", "30": "S", "46": "W", "37": "E", "42": "E", "50": "N"}, {"22": "E", "57": "S", "18": "N", "70": "S", "36": "E", "7": "E", "67": "S", "61": "S", "51": "W", "64": "N", "59": "E", "12": "W", "24": "S", "62": "S", "30": "S", "37": "E", "42": "S", "41": "W"}, {"22": "E", "18": "N", "70": "S", "36": "E", "51": "W", "64": "N", "12": "S", "24": "S", "62": "S", "30": "S"}, {"22": "E", "18": "N", "70": "S", "36": "E", "51": "W", "24": "S", "62": "S", "30": "S", "35": "N"}, {"22": "E", "18": "N", "51": "W", "62": "S", "14": "S"}, {"22": "E", "18": "N", "51": "S", "24": "S", "62": "S"}, {"22": "E", "18": "N", "51": "W", "62": "S", "35": "S"}, {"22": "E", "18": "N", "51": "W", "14": "N"}, {"22": "E", "18": "E", "51": "W"}, {"22": "E", "18": "E", "51": "W", "19": "S"}, {"22": "E", "18": "E", "51": "W"}, {"22": "E", "18": "E"}, {"18": "E", "19": "N"}], "result": "SUCCESS", "makespan": 35, "sum": 1271, "algo_name": "OutAndInByPercentage_dist_BFS_desc_BIT_", "extra": {"arrival_order": [22, 57, 23, 18, 70, 36, 60, 10, 53, 52, 1, 15, 8, 29, 4, 7, 9, 3, 67, 5, 61, 51, 63, 54, 20, 27, 21, 64, 68, 26, 59, 19, 12, 2, 24, 62, 6, 66, 49, 43, 48, 40, 30, 55, 39, 13, 46, 65, 25, 0, 28, 58, 37, 35, 31, 45, 44, 42, 50, 41, 14, 11, 33, 17, 47, 56, 32, 16, 69, 38, 34], "time_arrived": [1170, 338, 876, 516, 443, 564, 936, 468, 392, 492, 257, 1320, 855, 1106, 1309, 365, 1362, 1337, 143, 834, 682, 727, 48, 113, 896, 1155, 792, 705, 1185, 418, 1053, 1239, 1357, 1329, 1375, 1226, 201, 1213, 1371, 1089, 1035, 1299, 1276, 996, 1265, 1252, 1123, 1345, 1015, 977, 1289, 613, 311, 284, 659, 1071, 1352, 83, 1199, 813, 229, 590, 916, 636, 749, 1139, 958, 540, 771, 1367, 172], "BIT_runs": 1, "old_makespan": 1375, "old_sum": 1739, "improved": "[22, 57, 23, 18, 70, 36, 60, 10, 53, 52, 1, 15, 8, 29, 4, 7, 9, 3, 67, 5, 61, 51, 63, 54, 20, 27, 21, 64, 68, 26, 59, 19, 12, 2, 24, 62, 6, 66, 49, 43, 48, 40, 30, 55, 39, 13, 46, 65, 25, 0, 28, 58, 37, 35, 31, 45, 44, 42, 50, 41, 14, 11, 33, 17, 47, 56, 32, 16, 69, 38, 34],", "goal_raise_for_bs": 32}}