{"instance": "small_013_20x20_50_186", "steps": [{"184": "E", "152": "N", "165": "E", "42": "W", "99": "S", "162": "W", "4": "W", "112": "W", "122": "W", "168": "E", "49": "E", "48": "W", "15": "W", "101": "E", "108": "E", "182": "W", "98": "W", "64": "W", "156": "W", "107": "E", "29": "E", "23": "N", "55": "W", "150": "S", "118": "N", "22": "E", "21": "W", "130": "W", "185": "S", "183": "W", "91": "N", "63": "S", "117": "E", "51": "W", "40": "S", "12": "W", "62": "S", "45": "E", "19": "W", "160": "S", "143": "W", "133": "W", "97": "W", "89": "S", "10": "W", "8": "E", "179": "W", "127": "W", "124": "E", "70": "E", "46": "S", "148": "S", "121": "W", "111": "E", "157": "S", "177": "N", "144": "W", "102": "W", "85": "S", "72": "W", "174": "S", "125": "E", "73": "N", "68": "N", "34": "S", "25": "W", "169": "W", "128": "N", "88": "W", "52": "N", "38": "W", "175": "E", "87": "W", "44": "W", "13": "S", "119": "E", "84": "W", "65": "E", "24": "E", "134": "S", "138": "E", "135": "W", "96": "S", "93": "E", "33": "E", "92": "S", "104": "W", "86": "W", "18": "W", "181": "W", "173": "S", "158": "S", "123": "S", "83": "E", "159": "S", "147": "W", "114": "E", "30": "W", "5": "W", "166": "S", "149": "S", "132": "S", "59": "E", "58": "S", "47": "E", "113": "E", "172": "W", "139": "S", "116": "S", "74": "S", "41": "E", "137": "S", "94": "W", "60": "E", "54": "S", "3": "W", "151": "S", "146": "W", "136": "E", "100": "W", "95": "W", "82": "W", "78": "W", "67": "N", "37": "N", "36": "W", "16": "S", "11": "N", "171": "W", "170": "W", "164": "W", "141": "S", "140": "N", "129": "N", "105": "W", "103": "E", "61": "W", "35": "E", "28": "N", "9": "N"}, {"184": "E", "42": "W", "99": "S", "162": "W", "154": "N", "4": "W", "31": "S", "112": "W", "122": "W", "76": "W", "126": "E", "90": "E", "0": "W", "155": "W", "49": "S", "48": "S", "15": "W", "27": "S", "77": "E", "101": "E", "108": "E", "182": "W", "98": "W", "64": "W", "156": "W", "107": "E", "29": "E", "23": "N", "176": "W", "55": "W", "150": "W", "118": "E", "22": "E", "21": "W", "145": "S", "130": "W", "185": "S", "183": "W", "115": "N", "91": "N", "63": "S", "117": "E", "51": "W", "40": "E", "12": "W", "39": "W", "62": "S", "161": "W", "45": "S", "19": "W", "143": "W", "133": "W", "97": "W", "89": "S", "10": "W", "8": "E", "179": "W", "127": "W", "124": "S", "148": "S", "121": "W", "111": "E", "177": "N", "144": "W", "102": "W", "85": "E", "81": "N", "72": "N", "174": "S", "131": "W", "73": "N", "68": "N", "34": "E", "25": "W", "169": "N", "128": "N", "88": "W", "52": "N", "43": "E", "38": "W", "175": "E", "87": "W", "44": "W", "56": "E", "84": "W", "65": "S", "24": "E", "134": "S", "138": "N", "135": "W", "96": "S", "93": "S", "33": "E", "92": "S", "104": "W", "86": "W", "18": "W", "17": "E", "181": "W", "158": "S", "123": "S", "106": "N", "83": "E", "20": "N", "1": "S", "159": "S", "147": "W", "114": "E", "109": "S", "80": "S", "30": "W", "5": "W", "79": "E", "178": "S", "166": "W", "153": "S", "149": "S", "120": "S", "59": "E", "58": "S", "47": "E", "113": "E", "172": "W", "116": "S", "74": "E", "50": "N", "41": "S", "167": "N", "137": "E", "94": "W", "60": "S", "54": "S", "53": "E", "3": "S", "180": "S", "146": "W", "82": "W", "78": "W", "67": "W", "66": "N", "37": "W", "36": "S", "16": "E", "11": "N", "170": "W", "164": "W", "141": "E", "103": "E", "61": "W", "32": "S", "28": "N", "9": "E"}, {"184": "E", "152": "N", "42": "W", "99": "S", "142": "N", "162": "W", "154": "N", "4": "W", "31": "S", "122": "W", "76": "S", "126": "N", "90": "S", "155": "N", "168": "S", "49": "S", "27": "S", "101": "E", "108": "E", "182": "W", "98": "W", "64": "W", "75": "W", "156": "W", "107": "E", "29": "E", "23": "N", "55": "W", "150": "S", "118": "E", "26": "W", "21": "W", "145": "S", "130": "W", "185": "W", "183": "N", "115": "N", "91": "N", "63": "S", "117": "E", "51": "W", "12": "S", "39": "S", "62": "S", "45": "E", "19": "W", "143": "W", "133": "W", "97": "W", "89": "S", "57": "W", "10": "W", "8": "E", "179": "W", "127": "W", "124": "S", "46": "S", "148": "E", "121": "W", "111": "N", "177": "E", "144": "W", "102": "W", "85": "S", "81": "E", "174": "S", "131": "W", "34": "E", "25": "W", "169": "N", "128": "W", "88": "W", "52": "N", "175": "E", "87": "S", "44": "W", "84": "W", "65": "S", "24": "N", "134": "S", "135": "W", "96": "S", "33": "S", "92": "S", "104": "W", "86": "W", "18": "W", "181": "W", "173": "S", "158": "S", "123": "S", "106": "E", "83": "S", "159": "S", "147": "W", "114": "E", "30": "W", "5": "W", "79": "N", "178": "S", "153": "S", "149": "S", "132": "E", "120": "S", "59": "E", "58": "S", "47": "E", "172": "W", "139": "S", "116": "S", "74": "S", "41": "S", "163": "S", "137": "S", "94": "W", "54": "S", "146": "W", "82": "W", "78": "W", "71": "S", "67": "W", "37": "W", "36": "S", "16": "E", "171": "N", "170": "W", "164": "W", "103": "E", "69": "E", "61": "S", "35": "S", "32": "S", "28": "W"}, {"184": "E", "42": "W", "99": "S", "142": "N", "162": "W", "154": "N", "4": "W", "31": "S", "112": "W", "122": "W", "126": "W", "90": "S", "0": "W", "155": "N", "49": "S", "27": "E", "77": "E", "101": "E", "108": "E", "182": "W", "98": "W", "64": "W", "75": "W", "156": "W", "107": "E", "29": "E", "23": "N", "55": "W", "6": "W", "26": "N", "21": "W", "145": "S", "130": "W", "185": "S", "183": "W", "115": "N", "91": "N", "51": "W", "39": "W", "62": "S", "45": "S", "133": "W", "97": "W", "89": "S", "10": "W", "8": "E", "179": "W", "127": "W", "124": "S", "46": "S", "148": "E", "121": "W", "111": "N", "177": "S", "144": "W", "102": "W", "85": "E", "81": "S", "174": "S", "131": "W", "73": "S", "68": "W", "34": "E", "25": "W", "169": "N", "128": "N", "88": "W", "52": "E", "43": "W", "38": "W", "175": "N", "87": "E", "44": "W", "56": "E", "119": "E", "84": "W", "65": "E", "24": "W", "134": "S", "135": "W", "96": "S", "93": "S", "33": "S", "92": "S", "104": "W", "18": "W", "17": "E", "181": "W", "173": "S", "106": "N", "83": "E", "1": "S", "159": "S", "147": "W", "114": "E", "109": "S", "80": "S", "30": "W", "5": "W", "79": "N", "178": "S", "153": "E", "149": "W", "132": "N", "120": "S", "59": "E", "58": "S", "47": "E", "172": "W", "139": "S", "74": "E", "137": "E", "94": "W", "54": "W", "180": "S", "146": "W", "95": "E", "82": "W", "78": "W", "71": "W", "67": "W", "37": "W", "36": "S", "11": "W", "171": "W", "170": "W", "164": "W", "141": "S", "129": "N", "105": "N", "103": "S", "69": "E", "35": "S", "28": "N", "2": "W"}, {"184": "E", "42": "W", "162": "W", "154": "E", "4": "W", "31": "S", "112": "W", "122": "W", "126": "W", "90": "S", "0": "W", "155": "N", "49": "S", "15": "E", "101": "E", "108": "E", "182": "W", "98": "W", "64": "W", "75": "N", "156": "W", "107": "E", "29": "E", "23": "N", "176": "S", "55": "W", "6": "W", "150": "W", "118": "E", "26": "N", "21": "W", "145": "S", "130": "W", "183": "N", "115": "E", "91": "E", "63": "S", "51": "W", "62": "E", "45": "E", "133": "W", "97": "W", "89": "S", "14": "E", "10": "W", "8": "E", "179": "W", "127": "W", "70": "S", "46": "S", "148": "E", "121": "W", "111": "W", "144": "W", "102": "W", "85": "E", "81": "S", "174": "E", "131": "W", "25": "W", "169": "W", "128": "N", "88": "W", "52": "N", "43": "N", "38": "W", "175": "E", "87": "E", "44": "W", "119": "E", "84": "W", "65": "E", "138": "E", "135": "W", "96": "E", "93": "E", "104": "W", "86": "W", "18": "W", "17": "N", "181": "W", "173": "E", "83": "S", "1": "E", "159": "S", "147": "W", "114": "E", "109": "S", "80": "S", "30": "W", "5": "W", "79": "N", "153": "S", "132": "N", "59": "E", "58": "S", "47": "E", "172": "W", "139": "W", "74": "S", "137": "E", "94": "W", "60": "N", "54": "W", "53": "E", "3": "W", "146": "W", "100": "W", "95": "E", "82": "W", "78": "W", "67": "N", "36": "E", "16": "N", "171": "W", "170": "W", "164": "W", "140": "S", "105": "W", "32": "S", "28": "E", "2": "N"}, {"184": "E", "152": "W", "42": "W", "99": "S", "162": "W", "154": "N", "4": "W", "31": "S", "112": "W", "122": "W", "126": "N", "90": "S", "155": "N", "49": "E", "77": "E", "101": "E", "108": "E", "182": "W", "98": "W", "64": "W", "75": "W", "156": "W", "107": "E", "29": "E", "23": "N", "176": "E", "55": "W", "6": "W", "26": "N", "21": "W", "145": "S", "185": "W", "183": "W", "115": "S", "91": "S", "63": "S", "51": "W", "39": "E", "62": "N", "45": "E", "19": "N", "160": "E", "133": "W", "97": "W", "89": "S", "14": "E", "57": "W", "10": "W", "8": "E", "179": "W", "127": "W", "46": "S", "121": "W", "111": "W", "157": "S", "144": "W", "102": "W", "81": "S", "131": "W", "125": "S", "25": "W", "128": "N", "88": "W", "52": "N", "43": "N", "38": "W", "175": "N", "87": "S", "44": "W", "56": "E", "119": "S", "84": "W", "65": "S", "134": "N", "138": "E", "135": "W", "96": "E", "33": "S", "92": "N", "104": "W", "86": "W", "18": "N", "17": "N", "181": "W", "173": "E", "158": "W", "83": "S", "20": "E", "1": "E", "147": "W", "114": "E", "109": "W", "80": "W", "30": "W", "5": "W", "79": "N", "178": "S", "166": "E", "132": "W", "59": "E", "47": "E", "113": "E", "172": "W", "139": "S", "110": "W", "74": "E", "163": "S", "137": "S", "94": "W", "53": "N", "3": "W", "180": "S", "146": "N", "95": "S", "82": "N", "78": "W", "37": "E", "16": "E", "171": "W", "170": "W", "164": "N", "141": "W", "140": "S", "105": "S", "103": "S", "69": "S", "61": "N", "35": "E", "32": "W", "28": "N", "9": "S"}, {"184": "E", "152": "W", "42": "W", "99": "S", "142": "N", "162": "W", "154": "E", "4": "W", "31": "S", "112": "W", "122": "W", "126": "W", "90": "E", "0": "W", "155": "W", "49": "E", "77": "N", "101": "E", "108": "E", "182": "W", "98": "W", "64": "W", "156": "W", "107": "E", "29": "E", "23": "N", "176": "S", "55": "W", "6": "N", "26": "E", "21": "N", "130": "W", "183": "W", "115": "S", "91": "S", "63": "S", "51": "W", "39": "S", "62": "W", "161": "S", "45": "S", "160": "S", "143": "E", "133": "W", "97": "W", "89": "S", "57": "S", "10": "W", "8": "E", "179": "W", "127": "W", "46": "S", "148": "N", "121": "W", "111": "W", "144": "W", "102": "W", "81": "S", "72": "E", "131": "W", "125": "W", "25": "W", "169": "N", "128": "N", "88": "W", "43": "N", "38": "W", "7": "E", "175": "N", "87": "S", "44": "W", "119": "S", "84": "W", "65": "S", "138": "N", "135": "W", "96": "E", "93": "W", "33": "S", "104": "W", "86": "W", "18": "N", "17": "N", "181": "W", "173": "S", "158": "W", "123": "S", "106": "N", "83": "S", "20": "N", "1": "E", "159": "E", "147": "W", "114": "E", "109": "W", "80": "S", "30": "W", "5": "W", "79": "W", "178": "S", "166": "S", "149": "S", "132": "N", "59": "E", "47": "E", "113": "E", "172": "W", "139": "W", "41": "S", "167": "W", "163": "E", "137": "E", "94": "W", "60": "W", "54": "S", "180": "S", "146": "E", "100": "W", "95": "E", "82": "W", "78": "W", "71": "W", "66": "W", "37": "N", "16": "E", "171": "W", "170": "W", "164": "E", "141": "W", "69": "E", "61": "W", "28": "N", "9": "E"}, {"184": "E", "152": "W", "42": "W", "99": "W", "162": "W", "154": "N", "4": "W", "31": "S", "112": "W", "122": "W", "126": "N", "90": "S", "0": "W", "155": "N", "168": "E", "49": "E", "77": "E", "101": "E", "108": "E", "182": "W", "98": "W", "64": "W", "156": "W", "107": "E", "29": "E", "23": "N", "176": "S", "6": "W", "150": "S", "26": "E", "21": "N", "145": "W", "130": "W", "185": "S", "115": "S", "91": "S", "63": "S", "117": "S", "51": "W", "40": "E", "39": "S", "161": "S", "45": "S", "19": "W", "160": "W", "143": "E", "133": "W", "97": "W", "89": "S", "14": "S", "57": "S", "10": "W", "8": "E", "179": "W", "127": "W", "70": "E", "46": "S", "121": "W", "111": "N", "157": "S", "177": "E", "144": "S", "102": "W", "81": "S", "72": "S", "131": "W", "125": "S", "25": "W", "169": "W", "128": "N", "88": "W", "52": "E", "43": "N", "38": "W", "175": "W", "87": "E", "44": "W", "119": "S", "84": "W", "65": "S", "138": "N", "135": "W", "96": "E", "33": "S", "86": "N", "181": "W", "173": "S", "158": "W", "123": "W", "106": "N", "83": "S", "1": "E", "159": "E", "147": "W", "114": "E", "109": "W", "30": "W", "5": "W", "79": "W", "166": "W", "153": "E", "149": "W", "132": "N", "59": "E", "58": "N", "47": "E", "172": "W", "139": "W", "110": "S", "167": "W", "163": "S", "137": "S", "60": "S", "53": "N", "146": "E", "95": "E", "82": "W", "78": "N", "66": "W", "37": "W", "11": "N", "171": "W", "170": "W", "164": "E", "141": "W", "105": "E", "103": "N", "61": "W", "35": "S", "32": "S", "28": "W", "9": "E", "2": "W"}, {"184": "E", "152": "S", "42": "W", "162": "W", "154": "N", "4": "W", "31": "S", "112": "W", "122": "W", "76": "E", "126": "N", "90": "S", "0": "W", "155": "N", "49": "S", "15": "S", "77": "E", "101": "E", "108": "E", "182": "W", "98": "W", "64": "W", "156": "W", "29": "E", "23": "W", "176": "S", "6": "N", "150": "W", "26": "E", "145": "N", "130": "W", "91": "S", "63": "S", "117": "W", "51": "W", "40": "S", "39": "S", "161": "S", "45": "S", "19": "N", "160": "S", "133": "W", "97": "W", "89": "S", "57": "S", "10": "W", "8": "E", "179": "W", "127": "W", "46": "S", "121": "W", "111": "N", "177": "E", "144": "S", "102": "W", "81": "S", "174": "S", "131": "W", "125": "S", "68": "S", "25": "W", "169": "N", "128": "N", "88": "W", "52": "N", "43": "N", "38": "W", "175": "N", "87": "S", "44": "W", "119": "S", "84": "W", "65": "S", "24": "E", "138": "N", "135": "W", "96": "N", "33": "S", "104": "S", "86": "N", "181": "W", "173": "E", "106": "N", "83": "S", "1": "S", "159": "E", "147": "W", "114": "E", "109": "W", "30": "W", "5": "W", "79": "W", "178": "N", "166": "S", "153": "N", "120": "W", "59": "E", "58": "W", "47": "E", "172": "W", "139": "W", "116": "N", "110": "E", "167": "S", "163": "S", "137": "S", "94": "N", "60": "S", "3": "S", "180": "E", "95": "S", "82": "W", "78": "N", "71": "S", "66": "W", "37": "W", "11": "N", "171": "W", "170": "W", "141": "S", "140": "W", "129": "S", "105": "S", "103": "N", "61": "W", "35": "S", "32": "W", "28": "W", "9": "S"}, {"184": "E", "152": "S", "42": "N", "99": "W", "162": "W", "154": "E", "4": "W", "112": "W", "122": "W", "76": "S", "126": "N", "90": "S", "155": "N", "48": "S", "77": "S", "101": "E", "108": "E", "182": "W", "98": "N", "64": "W", "156": "N", "23": "S", "176": "S", "6": "N", "26": "E", "145": "N", "185": "S", "91": "S", "63": "W", "117": "W", "51": "N", "40": "S", "45": "S", "160": "W", "143": "E", "133": "W", "97": "W", "89": "S", "57": "E", "8": "E", "127": "W", "70": "E", "46": "S", "148": "S", "121": "W", "111": "N", "157": "E", "177": "S", "144": "E", "102": "W", "81": "S", "174": "S", "131": "W", "125": "S", "73": "S", "68": "E", "34": "N", "25": "W", "169": "N", "88": "W", "52": "N", "43": "N", "38": "W", "175": "W", "87": "S", "44": "N", "119": "S", "84": "S", "65": "E", "24": "E", "138": "E", "135": "S", "92": "E", "104": "S", "86": "N", "17": "W", "181": "W", "173": "E", "158": "E", "106": "N", "83": "E", "1": "E", "159": "E", "147": "W", "114": "E", "109": "S", "80": "S", "30": "W", "5": "N", "79": "W", "178": "W", "166": "W", "153": "N", "132": "E", "120": "N", "59": "E", "58": "W", "47": "S", "172": "W", "139": "W", "116": "N", "167": "S", "137": "E", "60": "S", "53": "S", "3": "S", "180": "E", "146": "S", "136": "N", "100": "W", "95": "S", "78": "W", "71": "S", "67": "E", "66": "N", "37": "N", "16": "W", "171": "W", "170": "W", "164": "N", "141": "S", "140": "W", "105": "E", "103": "N", "32": "W", "28": "W", "9": "S"}, {"184": "E", "152": "S", "42": "E", "99": "N", "162": "W", "154": "E", "4": "W", "31": "S", "112": "W", "122": "W", "76": "S", "126": "N", "90": "S", "155": "E", "168": "W", "77": "S", "101": "E", "108": "E", "182": "W", "98": "E", "64": "W", "156": "E", "29": "E", "23": "S", "176": "E", "6": "W", "26": "E", "145": "N", "185": "S", "91": "S", "63": "W", "117": "W", "40": "E", "39": "W", "45": "S", "160": "W", "143": "N", "133": "W", "97": "W", "89": "S", "14": "S", "57": "E", "8": "E", "179": "E", "127": "W", "124": "W", "46": "S", "148": "S", "121": "W", "111": "N", "157": "E", "177": "S", "144": "E", "102": "W", "81": "S", "174": "S", "131": "W", "125": "E", "68": "S", "25": "W", "169": "W", "88": "W", "52": "E", "43": "W", "38": "W", "175": "N", "44": "W", "119": "S", "84": "S", "65": "E", "24": "E", "134": "S", "138": "N", "104": "S", "86": "N", "18": "E", "17": "W", "181": "W", "173": "E", "123": "E", "1": "N", "159": "E", "147": "W", "114": "E", "109": "W", "30": "W", "5": "E", "79": "W", "166": "W", "153": "N", "149": "S", "120": "W", "59": "E", "58": "N", "113": "N", "172": "W", "139": "S", "116": "E", "50": "N", "167": "S", "163": "S", "137": "E", "94": "W", "60": "S", "53": "W", "3": "S", "180": "N", "146": "S", "136": "N", "95": "S", "78": "W", "71": "S", "67": "N", "66": "N", "37": "E", "36": "E", "171": "W", "170": "W", "164": "E", "141": "S", "105": "E", "103": "W", "61": "E", "35": "N", "32": "W", "28": "W", "9": "E", "2": "E"}, {"42": "E", "99": "N", "162": "S", "154": "E", "31": "S", "112": "W", "76": "S", "126": "N", "90": "S", "15": "N", "77": "S", "108": "E", "182": "S", "98": "E", "64": "S", "156": "E", "29": "E", "23": "S", "176": "E", "150": "S", "26": "E", "145": "N", "185": "S", "91": "S", "63": "N", "117": "W", "51": "N", "40": "E", "39": "S", "62": "N", "161": "S", "45": "S", "160": "W", "143": "N", "133": "S", "89": "S", "57": "S", "124": "W", "46": "S", "148": "S", "111": "N", "177": "S", "144": "E", "81": "S", "72": "W", "174": "S", "125": "E", "68": "S", "169": "W", "88": "S", "52": "E", "43": "N", "38": "W", "175": "W", "44": "N", "13": "W", "119": "S", "84": "S", "65": "E", "134": "S", "138": "W", "135": "E", "33": "N", "86": "N", "18": "N", "17": "W", "181": "N", "173": "E", "106": "E", "83": "S", "1": "E", "114": "N", "109": "S", "30": "S", "79": "W", "178": "W", "166": "S", "149": "W", "132": "E", "120": "W", "58": "W", "113": "N", "172": "S", "139": "W", "50": "N", "167": "S", "163": "E", "137": "N", "94": "W", "60": "S", "54": "S", "3": "S", "180": "N", "151": "W", "146": "E", "136": "E", "95": "S", "78": "W", "67": "N", "66": "N", "37": "N", "11": "N", "170": "N", "164": "E", "141": "W", "105": "S", "61": "S", "35": "N", "28": "N", "9": "E", "2": "E"}, {"42": "S", "99": "N", "162": "E", "31": "E", "112": "W", "76": "S", "90": "S", "48": "N", "77": "S", "182": "E", "98": "S", "156": "S", "29": "S", "23": "S", "150": "S", "26": "S", "145": "N", "185": "S", "115": "W", "91": "S", "63": "W", "117": "W", "51": "E", "40": "S", "62": "W", "45": "E", "19": "E", "160": "W", "143": "N", "133": "E", "89": "E", "57": "S", "179": "N", "148": "S", "121": "N", "111": "E", "157": "E", "177": "S", "144": "E", "81": "S", "72": "S", "125": "E", "73": "S", "34": "W", "169": "N", "128": "S", "88": "S", "52": "E", "43": "W", "38": "W", "7": "W", "175": "W", "44": "N", "13": "S", "119": "S", "84": "S", "65": "E", "134": "S", "138": "N", "135": "S", "96": "E", "33": "W", "104": "S", "17": "W", "181": "N", "106": "N", "83": "E", "1": "E", "147": "E", "114": "N", "109": "S", "30": "E", "5": "N", "79": "W", "178": "W", "149": "W", "132": "N", "120": "N", "59": "W", "113": "W", "172": "E", "167": "S", "163": "E", "137": "E", "94": "N", "60": "S", "180": "E", "151": "N", "146": "E", "136": "S", "95": "E", "78": "W", "67": "N", "66": "N", "37": "N", "16": "S", "171": "E", "170": "E", "164": "S", "140": "E", "105": "S", "69": "S", "35": "E", "32": "N", "28": "W", "9": "E", "2": "S"}, {"42": "E", "99": "N", "162": "E", "76": "S", "90": "E", "77": "S", "108": "W", "182": "E", "98": "S", "156": "E", "29": "S", "23": "S", "6": "W", "118": "W", "26": "E", "145": "N", "185": "S", "115": "S", "91": "S", "63": "W", "117": "W", "51": "E", "40": "S", "62": "W", "45": "S", "160": "S", "143": "E", "133": "E", "97": "N", "89": "E", "14": "N", "57": "E", "179": "E", "70": "N", "148": "S", "121": "E", "111": "N", "177": "S", "144": "E", "102": "E", "81": "S", "72": "S", "131": "S", "73": "E", "169": "N", "128": "E", "88": "S", "52": "E", "43": "N", "38": "S", "175": "W", "44": "E", "13": "W", "119": "S", "84": "S", "65": "E", "24": "E", "138": "W", "96": "N", "33": "W", "17": "W", "181": "E", "123": "W", "106": "W", "83": "N", "1": "N", "114": "W", "109": "W", "80": "W", "5": "E", "79": "S", "178": "W", "149": "W", "132": "N", "120": "N", "113": "W", "110": "W", "50": "N", "167": "W", "163": "N", "137": "E", "94": "W", "60": "S", "3": "W", "180": "N", "151": "N", "146": "N", "136": "E", "95": "E", "78": "W", "67": "N", "16": "S", "171": "N", "164": "S", "105": "S", "69": "S", "61": "E", "35": "E", "28": "N", "9": "S", "2": "E"}, {"42": "E", "99": "N", "162": "E", "112": "W", "122": "S", "76": "S", "77": "S", "101": "S", "108": "W", "182": "E", "98": "E", "156": "S", "23": "S", "6": "W", "26": "E", "185": "S", "115": "S", "91": "E", "63": "N", "117": "W", "51": "E", "40": "S", "62": "W", "45": "E", "160": "S", "143": "E", "133": "E", "97": "E", "89": "E", "57": "E", "10": "S", "179": "E", "127": "S", "124": "E", "70": "W", "46": "S", "148": "S", "121": "E", "111": "N", "177": "S", "144": "E", "102": "N", "85": "W", "81": "S", "72": "S", "131": "S", "125": "W", "73": "S", "25": "S", "169": "W", "128": "E", "88": "S", "52": "S", "43": "N", "175": "W", "87": "E", "44": "E", "119": "E", "65": "E", "24": "N", "138": "N", "96": "N", "93": "N", "33": "S", "17": "W", "181": "E", "106": "N", "83": "E", "1": "E", "147": "E", "114": "W", "109": "W", "80": "S", "30": "E", "5": "E", "79": "S", "178": "N", "153": "E", "132": "N", "59": "S", "50": "E", "41": "N", "167": "W", "163": "E", "137": "N", "94": "W", "60": "S", "54": "W", "3": "W", "180": "E", "151": "N", "146": "E", "136": "N", "100": "S", "95": "E", "67": "N", "66": "E", "37": "W", "16": "W", "11": "W", "171": "E", "164": "E", "141": "W", "105": "S", "103": "W", "69": "S", "35": "E", "28": "N", "9": "S"}, {"184": "N", "42": "E", "99": "N", "162": "E", "112": "W", "122": "E", "76": "S", "77": "S", "101": "W", "108": "W", "182": "N", "98": "E", "64": "S", "156": "S", "23": "E", "6": "W", "26": "N", "185": "W", "115": "S", "91": "E", "63": "W", "117": "W", "51": "E", "40": "S", "45": "E", "160": "S", "143": "E", "133": "S", "97": "E", "89": "N", "57": "E", "10": "E", "8": "N", "179": "S", "124": "E", "70": "W", "46": "W", "121": "E", "111": "N", "157": "N", "177": "S", "144": "E", "102": "E", "81": "S", "72": "S", "73": "S", "68": "E", "34": "S", "169": "W", "128": "E", "88": "E", "52": "S", "43": "N", "38": "W", "175": "W", "87": "E", "44": "E", "56": "E", "119": "S", "84": "S", "24": "W", "134": "S", "138": "W", "135": "S", "96": "N", "93": "W", "104": "S", "86": "W", "17": "W", "181": "E", "123": "S", "106": "N", "1": "E", "147": "S", "114": "W", "109": "W", "80": "W", "30": "E", "79": "S", "178": "N", "153": "N", "149": "W", "132": "N", "120": "W", "59": "S", "113": "W", "172": "N", "50": "S", "163": "E", "137": "E", "94": "W", "60": "W", "54": "W", "180": "E", "151": "E", "146": "E", "136": "E", "100": "S", "95": "E", "78": "E", "71": "S", "67": "W", "37": "N", "11": "N", "171": "N", "170": "N", "164": "E", "141": "W", "105": "E", "103": "S", "69": "E", "35": "E", "32": "N", "28": "W", "9": "E", "2": "N"}, {"184": "W", "42": "E", "99": "N", "162": "E", "4": "S", "112": "S", "122": "E", "76": "S", "126": "W", "101": "W", "108": "W", "182": "E", "98": "E", "64": "E", "156": "E", "23": "S", "118": "E", "26": "E", "130": "N", "115": "S", "91": "E", "63": "N", "117": "W", "51": "E", "40": "S", "45": "S", "133": "E", "97": "E", "89": "N", "57": "N", "10": "E", "8": "W", "179": "E", "127": "E", "121": "E", "111": "E", "177": "E", "144": "E", "102": "E", "81": "S", "72": "S", "131": "N", "73": "S", "34": "E", "25": "S", "169": "W", "128": "E", "88": "E", "52": "E", "43": "N", "38": "S", "175": "W", "87": "E", "13": "E", "119": "E", "134": "S", "138": "W", "135": "S", "96": "E", "93": "S", "104": "S", "86": "N", "18": "W", "17": "S", "181": "N", "106": "N", "1": "E", "147": "E", "114": "W", "109": "W", "80": "W", "30": "E", "5": "S", "178": "W", "153": "E", "149": "W", "132": "W", "120": "W", "59": "W", "58": "S", "172": "E", "50": "E", "41": "S", "163": "N", "137": "N", "94": "N", "60": "S", "54": "W", "180": "N", "151": "E", "136": "E", "100": "S", "95": "E", "82": "S", "78": "N", "71": "S", "37": "N", "36": "S", "171": "E", "170": "E", "164": "N", "141": "W", "105": "E", "69": "E", "35": "E", "32": "E", "28": "W", "9": "N"}, {"184": "W", "42": "E", "99": "E", "162": "E", "4": "E", "112": "S", "122": "E", "76": "S", "101": "W", "108": "W", "182": "E", "98": "E", "64": "E", "156": "E", "23": "S", "26": "E", "145": "N", "130": "E", "115": "S", "91": "E", "117": "W", "51": "E", "40": "E", "39": "W", "45": "E", "19": "W", "133": "E", "97": "E", "89": "N", "57": "N", "10": "N", "8": "W", "179": "E", "127": "S", "121": "E", "111": "N", "177": "E", "102": "E", "85": "E", "81": "E", "72": "S", "131": "E", "73": "S", "68": "E", "25": "E", "169": "W", "128": "E", "88": "E", "52": "E", "43": "N", "38": "S", "175": "W", "87": "N", "44": "E", "56": "E", "119": "S", "134": "W", "138": "W", "135": "E", "96": "E", "18": "S", "17": "S", "181": "E", "106": "W", "1": "N", "147": "E", "114": "W", "109": "W", "80": "W", "30": "E", "5": "W", "79": "S", "178": "N", "153": "E", "149": "W", "120": "W", "59": "W", "58": "W", "113": "N", "172": "E", "116": "S", "110": "N", "50": "N", "163": "E", "137": "E", "94": "N", "54": "W", "151": "E", "146": "N", "136": "S", "100": "W", "95": "E", "82": "E", "78": "N", "71": "W", "37": "N", "36": "S", "16": "N", "171": "E", "170": "E", "164": "N", "141": "W", "140": "S", "105": "S", "69": "E", "35": "N", "32": "S", "28": "W", "9": "N", "2": "N"}, {"184": "W", "42": "E", "99": "E", "162": "N", "4": "E", "112": "S", "122": "E", "76": "S", "90": "S", "101": "W", "108": "W", "182": "E", "98": "E", "64": "E", "156": "E", "23": "S", "55": "N", "26": "N", "145": "N", "130": "E", "185": "E", "115": "S", "91": "E", "63": "W", "117": "W", "51": "E", "40": "S", "39": "W", "62": "E", "161": "S", "45": "E", "143": "E", "133": "E", "97": "E", "89": "N", "57": "E", "10": "N", "8": "W", "179": "E", "127": "E", "70": "N", "121": "E", "111": "N", "157": "W", "177": "E", "144": "E", "102": "E", "72": "S", "174": "S", "131": "E", "73": "E", "68": "S", "25": "E", "169": "W", "128": "N", "52": "E", "43": "E", "38": "S", "7": "N", "175": "N", "44": "E", "119": "S", "84": "N", "24": "E", "134": "W", "138": "N", "92": "S", "86": "N", "18": "S", "181": "E", "106": "W", "20": "E", "1": "N", "114": "W", "109": "W", "80": "W", "30": "E", "178": "N", "153": "N", "149": "W", "120": "N", "59": "W", "58": "S", "113": "W", "172": "E", "50": "E", "41": "N", "163": "N", "137": "E", "94": "N", "54": "N", "180": "N", "151": "E", "146": "W", "136": "S", "100": "W", "95": "E", "82": "E", "78": "N", "71": "S", "67": "E", "66": "W", "37": "N", "170": "E", "164": "E", "141": "W", "105": "E", "69": "E", "35": "E", "32": "W", "28": "N", "9": "E"}, {"184": "W", "42": "E", "99": "E", "162": "N", "4": "E", "112": "E", "122": "E", "76": "S", "126": "E", "90": "E", "0": "S", "101": "W", "108": "W", "182": "E", "98": "E", "64": "S", "156": "E", "23": "S", "176": "N", "55": "E", "26": "N", "21": "W", "145": "N", "130": "E", "115": "S", "91": "E", "63": "N", "117": "W", "51": "E", "40": "E", "39": "S", "45": "E", "143": "E", "133": "E", "97": "E", "89": "N", "57": "E", "10": "N", "8": "W", "179": "E", "70": "N", "121": "N", "111": "E", "177": "E", "144": "E", "102": "E", "72": "E", "131": "E", "68": "S", "25": "E", "169": "W", "128": "E", "52": "S", "43": "E", "38": "S", "7": "W", "175": "N", "87": "N", "44": "E", "56": "E", "119": "E", "24": "N", "134": "W", "138": "W", "135": "S", "96": "E", "93": "N", "33": "E", "92": "S", "86": "N", "181": "E", "173": "E", "158": "W", "123": "S", "106": "W", "20": "S", "1": "E", "114": "W", "109": "W", "80": "W", "30": "E", "5": "S", "79": "E", "178": "N", "153": "N", "149": "W", "132": "N", "120": "W", "58": "W", "113": "W", "172": "E", "50": "E", "163": "E", "137": "S", "94": "N", "60": "S", "54": "W", "53": "E", "3": "W", "180": "N", "151": "E", "146": "S", "136": "E", "100": "W", "95": "E", "82": "E", "78": "N", "71": "S", "67": "N", "37": "W", "36": "S", "11": "S", "170": "E", "164": "N", "141": "S", "140": "E", "105": "E", "69": "E", "61": "S", "35": "N", "32": "N", "28": "E", "9": "E"}, {"184": "W", "42": "E", "99": "E", "162": "E", "4": "E", "112": "E", "122": "E", "90": "E", "0": "E", "101": "W", "108": "W", "182": "E", "98": "E", "64": "E", "156": "E", "23": "S", "176": "E", "55": "E", "26": "E", "21": "N", "145": "N", "130": "E", "115": "W", "91": "E", "63": "N", "117": "W", "51": "S", "40": "E", "39": "S", "19": "E", "160": "N", "143": "E", "133": "N", "89": "N", "57": "E", "10": "N", "8": "W", "179": "E", "70": "N", "121": "E", "111": "E", "157": "N", "177": "S", "102": "E", "85": "W", "131": "E", "125": "W", "68": "E", "25": "E", "169": "W", "128": "E", "88": "E", "52": "E", "38": "S", "7": "S", "175": "W", "87": "N", "44": "E", "119": "S", "84": "S", "24": "N", "134": "W", "138": "W", "135": "S", "96": "N", "33": "S", "92": "W", "86": "E", "17": "E", "181": "E", "123": "S", "106": "N", "1": "N", "114": "W", "109": "W", "80": "W", "79": "E", "178": "W", "149": "W", "132": "N", "120": "W", "58": "W", "113": "S", "116": "N", "110": "N", "50": "E", "167": "W", "163": "E", "137": "E", "94": "N", "60": "S", "3": "S", "180": "E", "151": "E", "136": "E", "100": "W", "95": "N", "82": "E", "78": "N", "71": "S", "67": "N", "66": "N", "37": "W", "16": "N", "11": "S", "141": "S", "105": "S", "69": "E", "61": "S", "35": "N", "9": "E"}, {"184": "W", "42": "E", "99": "E", "162": "E", "4": "E", "112": "E", "122": "E", "90": "E", "0": "E", "101": "W", "108": "W", "182": "E", "98": "E", "64": "S", "75": "E", "156": "E", "23": "E", "176": "E", "55": "E", "26": "E", "145": "E", "130": "E", "115": "W", "91": "E", "63": "N", "117": "W", "51": "S", "40": "E", "12": "W", "39": "S", "62": "S", "161": "N", "143": "N", "133": "E", "97": "E", "89": "N", "57": "S", "10": "E", "8": "W", "179": "E", "127": "N", "70": "W", "121": "N", "111": "N", "157": "W", "102": "E", "85": "W", "72": "S", "131": "N", "125": "W", "68": "S", "25": "S", "169": "S", "128": "E", "88": "E", "52": "E", "43": "N", "38": "S", "7": "S", "175": "N", "44": "E", "13": "S", "56": "N", "119": "E", "24": "N", "134": "N", "138": "N", "96": "N", "33": "E", "92": "S", "86": "E", "17": "S", "181": "E", "173": "W", "123": "W", "106": "W", "1": "W", "147": "E", "114": "N", "109": "N", "80": "W", "30": "E", "5": "N", "178": "W", "149": "N", "132": "N", "120": "N", "59": "W", "58": "S", "113": "S", "172": "E", "110": "E", "50": "S", "41": "N", "167": "W", "163": "N", "137": "E", "94": "E", "60": "E", "54": "N", "53": "N", "3": "W", "180": "E", "136": "S", "100": "W", "95": "E", "82": "E", "78": "E", "71": "W", "67": "N", "37": "W", "16": "E", "171": "N", "141": "S", "140": "W", "105": "E", "103": "S", "69": "E", "61": "S", "35": "E", "32": "S", "28": "W", "9": "N"}, {"184": "W", "42": "N", "99": "N", "162": "E", "4": "E", "112": "E", "122": "E", "90": "E", "0": "E", "101": "S", "108": "S", "182": "E", "98": "E", "64": "S", "156": "E", "23": "S", "176": "E", "55": "E", "6": "N", "145": "E", "130": "S", "115": "S", "91": "E", "63": "N", "117": "S", "51": "E", "40": "S", "12": "W", "39": "S", "62": "W", "160": "S", "143": "N", "133": "N", "89": "N", "57": "E", "10": "E", "8": "S", "179": "S", "127": "E", "70": "S", "121": "N", "111": "E", "157": "S", "102": "E", "85": "N", "72": "S", "174": "E", "131": "N", "73": "E", "68": "E", "25": "S", "169": "W", "128": "E", "88": "E", "43": "N", "38": "S", "7": "S", "175": "W", "87": "S", "13": "E", "24": "W", "134": "N", "138": "W", "96": "N", "92": "S", "17": "S", "123": "W", "106": "W", "1": "N", "147": "E", "114": "N", "109": "N", "80": "N", "178": "W", "149": "N", "132": "W", "120": "N", "59": "S", "58": "W", "50": "E", "41": "N", "167": "S", "163": "N", "137": "E", "94": "E", "60": "N", "54": "N", "53": "W", "3": "S", "180": "N", "151": "E", "136": "E", "100": "S", "95": "E", "78": "E", "71": "W", "67": "N", "171": "N", "141": "S", "140": "W", "105": "S", "103": "S", "69": "N", "61": "E", "28": "W", "9": "E", "2": "N"}, {"184": "W", "42": "E", "99": "N", "162": "E", "4": "S", "112": "E", "122": "S", "90": "N", "0": "E", "101": "W", "108": "S", "182": "E", "98": "E", "64": "E", "75": "W", "156": "E", "176": "E", "55": "E", "6": "N", "150": "N", "145": "N", "130": "S", "185": "W", "115": "S", "91": "E", "63": "N", "117": "S", "51": "S", "40": "S", "12": "W", "39": "S", "143": "N", "133": "E", "97": "E", "89": "E", "57": "E", "10": "E", "179": "E", "127": "E", "70": "W", "46": "E", "121": "N", "111": "S", "157": "W", "102": "N", "85": "E", "72": "S", "131": "E", "73": "E", "68": "E", "34": "W", "25": "S", "169": "S", "128": "E", "88": "E", "43": "E", "38": "S", "7": "W", "175": "N", "87": "E", "44": "E", "13": "E", "24": "N", "138": "W", "135": "S", "96": "W", "92": "W", "104": "S", "86": "N", "17": "E", "181": "N", "158": "W", "123": "W", "106": "N", "1": "W", "147": "E", "114": "W", "109": "N", "80": "N", "5": "W", "178": "W", "149": "N", "132": "W", "120": "W", "59": "W", "58": "W", "110": "N", "50": "E", "167": "S", "163": "N", "137": "E", "94": "E", "53": "W", "3": "S", "180": "N", "151": "E", "146": "W", "136": "S", "100": "W", "95": "E", "82": "S", "78": "E", "71": "W", "67": "N", "66": "S", "16": "N", "171": "N", "170": "E", "164": "W", "141": "E", "140": "W", "105": "S", "103": "S", "69": "E", "28": "N", "9": "E"}, {"184": "W", "42": "E", "99": "N", "162": "E", "4": "S", "112": "E", "122": "E", "90": "E", "0": "E", "101": "W", "108": "S", "182": "E", "98": "E", "64": "E", "156": "E", "23": "E", "176": "E", "55": "E", "130": "S", "185": "S", "115": "S", "91": "S", "63": "N", "117": "S", "51": "S", "40": "S", "12": "W", "39": "S", "161": "S", "160": "S", "143": "W", "133": "E", "89": "N", "57": "E", "10": "E", "179": "E", "127": "S", "70": "S", "46": "N", "121": "E", "111": "E", "157": "S", "102": "N", "85": "E", "72": "S", "131": "N", "125": "W", "73": "S", "68": "S", "25": "E", "169": "S", "88": "E", "38": "E", "7": "W", "175": "N", "87": "S", "44": "E", "13": "E", "56": "E", "84": "S", "24": "W", "138": "W", "135": "E", "96": "N", "93": "N", "92": "W", "86": "N", "18": "W", "17": "S", "181": "E", "123": "W", "106": "W", "20": "S", "1": "N", "147": "E", "114": "W", "109": "N", "80": "N", "5": "N", "178": "N", "149": "N", "132": "N", "120": "N", "59": "S", "58": "W", "172": "S", "50": "E", "41": "N", "167": "S", "163": "E", "137": "E", "94": "E", "54": "E", "3": "S", "180": "E", "151": "E", "146": "S", "136": "S", "100": "W", "95": "E", "82": "S", "78": "E", "71": "W", "67": "W", "16": "E", "11": "S", "171": "N", "170": "E", "141": "E", "140": "W", "105": "S", "103": "E", "69": "E", "61": "W", "35": "E", "28": "W", "9": "E"}, {"184": "W", "42": "E", "99": "E", "162": "E", "4": "S", "112": "E", "122": "E", "90": "E", "0": "E", "101": "W", "108": "S", "182": "N", "98": "E", "64": "E", "156": "E", "29": "N", "23": "S", "176": "N", "55": "E", "6": "N", "150": "N", "118": "N", "145": "N", "130": "S", "185": "S", "115": "S", "91": "E", "63": "N", "117": "W", "51": "S", "40": "W", "12": "S", "39": "E", "160": "S", "143": "W", "133": "E", "89": "N", "57": "S", "10": "E", "179": "E", "127": "E", "70": "W", "46": "N", "121": "E", "111": "E", "157": "W", "177": "E", "102": "E", "85": "E", "72": "E", "174": "W", "131": "E", "125": "W", "73": "E", "25": "S", "169": "S", "88": "E", "52": "S", "43": "N", "38": "E", "7": "S", "175": "N", "87": "W", "44": "E", "13": "S", "56": "S", "24": "W", "134": "W", "138": "W", "96": "W", "93": "E", "92": "W", "86": "E", "18": "N", "123": "W", "106": "W", "20": "E", "1": "N", "114": "W", "109": "W", "80": "N", "30": "W", "5": "N", "178": "W", "149": "W", "120": "N", "59": "S", "113": "W", "110": "W", "50": "S", "167": "S", "163": "E", "137": "N", "94": "E", "54": "N", "53": "N", "3": "S", "180": "E", "151": "E", "136": "E", "100": "W", "95": "E", "78": "E", "71": "W", "37": "N", "16": "S", "11": "E", "171": "E", "170": "E", "141": "E", "140": "N", "105": "S", "103": "E", "69": "E", "61": "N", "35": "E", "32": "S", "28": "W", "9": "E"}, {"184": "W", "42": "S", "99": "N", "162": "E", "4": "S", "112": "E", "122": "E", "90": "E", "0": "E", "101": "S", "108": "S", "182": "E", "98": "E", "64": "E", "156": "E", "29": "N", "23": "S", "176": "E", "55": "E", "150": "E", "118": "N", "145": "N", "130": "S", "185": "S", "115": "E", "91": "S", "63": "N", "117": "W", "51": "S", "12": "S", "62": "W", "160": "S", "143": "W", "133": "E", "97": "N", "89": "E", "57": "S", "10": "N", "179": "E", "127": "S", "70": "S", "46": "N", "121": "E", "111": "E", "157": "S", "177": "E", "102": "E", "85": "E", "174": "N", "131": "E", "125": "W", "73": "E", "68": "S", "25": "E", "169": "S", "88": "E", "52": "E", "43": "N", "38": "E", "175": "W", "87": "N", "44": "N", "13": "E", "56": "S", "24": "N", "134": "N", "138": "W", "96": "N", "93": "E", "92": "W", "18": "N", "17": "N", "181": "N", "123": "W", "106": "W", "20": "E", "1": "N", "114": "W", "109": "W", "80": "N", "30": "W", "5": "N", "178": "N", "149": "W", "132": "N", "120": "N", "59": "S", "58": "W", "172": "S", "50": "S", "167": "S", "163": "N", "137": "E", "94": "E", "60": "E", "3": "S", "180": "E", "151": "S", "146": "W", "136": "S", "100": "W", "95": "E", "82": "N", "78": "E", "71": "W", "66": "N", "37": "E", "36": "S", "16": "E", "11": "E", "171": "E", "170": "N", "164": "W", "140": "N", "129": "W", "105": "S", "103": "E", "69": "E", "61": "N", "35": "E", "28": "W", "9": "E"}, {"184": "W", "42": "E", "162": "E", "4": "S", "112": "E", "122": "E", "90": "E", "0": "E", "101": "W", "108": "S", "182": "E", "98": "S", "64": "E", "156": "S", "29": "W", "23": "W", "176": "S", "55": "E", "150": "S", "118": "E", "21": "W", "145": "W", "130": "S", "185": "S", "115": "E", "91": "S", "63": "N", "117": "N", "51": "S", "12": "S", "161": "W", "160": "W", "133": "E", "97": "E", "89": "N", "57": "S", "10": "E", "179": "E", "127": "S", "70": "S", "46": "N", "121": "E", "111": "S", "157": "S", "177": "E", "102": "E", "85": "S", "131": "E", "125": "W", "73": "E", "68": "S", "169": "E", "88": "E", "52": "S", "43": "E", "38": "E", "7": "W", "175": "W", "87": "W", "44": "E", "56": "S", "84": "N", "24": "N", "134": "N", "138": "W", "135": "S", "96": "W", "93": "E", "92": "N", "104": "E", "86": "E", "18": "N", "123": "N", "106": "W", "20": "N", "1": "W", "147": "W", "114": "N", "109": "W", "30": "S", "5": "E", "178": "N", "153": "E", "149": "W", "132": "W", "120": "E", "59": "S", "58": "N", "113": "E", "172": "W", "50": "E", "167": "E", "163": "E", "137": "E", "94": "E", "60": "E", "53": "W", "3": "S", "180": "E", "151": "S", "146": "W", "136": "E", "100": "W", "95": "N", "82": "E", "78": "E", "71": "W", "66": "E", "37": "N", "36": "S", "171": "N", "170": "N", "164": "S", "141": "E", "140": "W", "105": "S", "103": "E", "69": "E", "61": "W", "35": "N", "28": "W", "9": "E", "2": "S"}, {"184": "W", "42": "E", "162": "E", "154": "W", "4": "S", "112": "E", "122": "E", "0": "E", "48": "W", "15": "W", "101": "S", "108": "S", "182": "N", "98": "S", "64": "E", "75": "S", "156": "S", "29": "W", "23": "S", "176": "E", "55": "E", "118": "E", "145": "N", "130": "S", "185": "E", "115": "E", "91": "E", "63": "W", "117": "N", "51": "S", "12": "S", "39": "E", "62": "W", "161": "W", "160": "W", "133": "E", "97": "E", "89": "E", "57": "S", "10": "S", "179": "E", "127": "S", "124": "W", "70": "E", "46": "N", "121": "E", "111": "S", "157": "S", "177": "E", "102": "N", "85": "S", "131": "E", "73": "S", "34": "W", "169": "E", "52": "E", "43": "N", "38": "E", "7": "S", "175": "W", "87": "S", "44": "S", "13": "S", "56": "S", "24": "W", "134": "N", "138": "W", "135": "S", "96": "W", "93": "E", "104": "N", "18": "N", "158": "S", "106": "W", "20": "N", "1": "W", "114": "N", "109": "N", "30": "E", "5": "E", "79": "E", "178": "N", "153": "S", "132": "N", "120": "E", "58": "W", "113": "S", "172": "S", "110": "S", "50": "S", "167": "E", "137": "E", "94": "E", "53": "W", "3": "S", "151": "E", "146": "W", "136": "S", "100": "W", "95": "E", "82": "E", "78": "E", "71": "W", "66": "E", "37": "W", "36": "E", "16": "N", "171": "N", "170": "E", "164": "W", "129": "E", "105": "S", "103": "E", "69": "E", "61": "N", "35": "E", "32": "N", "28": "N", "9": "E", "2": "S"}, {"184": "S", "42": "E", "162": "E", "4": "E", "31": "W", "112": "E", "122": "E", "0": "E", "101": "W", "108": "S", "182": "N", "98": "E", "64": "E", "156": "E", "29": "W", "23": "S", "176": "S", "55": "E", "6": "S", "150": "W", "118": "E", "145": "N", "130": "S", "115": "E", "91": "S", "63": "W", "117": "N", "51": "E", "12": "S", "62": "W", "161": "S", "19": "W", "160": "N", "133": "E", "97": "E", "89": "N", "57": "S", "10": "E", "179": "E", "127": "S", "70": "E", "46": "N", "121": "E", "111": "E", "157": "S", "177": "E", "144": "W", "102": "E", "85": "S", "72": "S", "131": "E", "73": "S", "88": "S", "52": "S", "43": "E", "38": "E", "7": "S", "175": "W", "87": "S", "44": "E", "13": "E", "56": "S", "134": "E", "138": "W", "135": "S", "96": "N", "93": "E", "92": "W", "104": "W", "86": "E", "18": "N", "17": "S", "173": "E", "158": "S", "106": "W", "20": "E", "1": "W", "114": "N", "109": "W", "30": "E", "5": "E", "79": "S", "153": "E", "132": "N", "58": "N", "113": "E", "172": "S", "110": "E", "50": "S", "41": "S", "167": "E", "137": "E", "94": "E", "53": "N", "3": "S", "180": "E", "151": "S", "146": "S", "136": "E", "100": "W", "95": "E", "82": "N", "71": "W", "37": "W", "36": "E", "171": "N", "170": "E", "164": "S", "141": "S", "105": "E", "103": "N", "69": "E", "61": "N", "35": "N", "28": "W", "9": "N"}, {"184": "S", "42": "E", "162": "E", "4": "E", "31": "N", "112": "E", "122": "E", "0": "E", "27": "N", "182": "E", "98": "E", "64": "E", "75": "N", "156": "N", "107": "N", "29": "N", "23": "S", "176": "E", "55": "S", "150": "S", "118": "S", "21": "S", "145": "N", "130": "S", "91": "E", "63": "N", "117": "N", "51": "E", "12": "S", "161": "S", "160": "N", "133": "E", "97": "E", "89": "N", "14": "S", "57": "S", "179": "E", "127": "S", "70": "E", "46": "W", "121": "E", "111": "E", "157": "S", "177": "S", "102": "N", "85": "S", "72": "S", "174": "N", "131": "E", "73": "S", "52": "E", "43": "E", "38": "E", "7": "S", "175": "W", "87": "E", "44": "E", "56": "E", "134": "N", "138": "S", "135": "E", "96": "W", "93": "E", "92": "W", "86": "N", "18": "N", "17": "W", "158": "S", "123": "W", "106": "W", "20": "N", "1": "N", "114": "W", "109": "N", "30": "S", "5": "E", "79": "W", "178": "N", "153": "E", "149": "N", "132": "N", "120": "N", "59": "S", "58": "W", "172": "E", "139": "W", "50": "E", "41": "S", "167": "S", "163": "E", "137": "N", "94": "E", "54": "S", "3": "S", "180": "N", "151": "S", "146": "S", "136": "S", "100": "N", "95": "E", "78": "N", "71": "W", "37": "W", "36": "S", "16": "N", "11": "S", "171": "E", "164": "W", "141": "S", "140": "S", "105": "S", "103": "E", "69": "E", "61": "N", "35": "E", "28": "W", "9": "E", "2": "W"}, {"162": "E", "154": "E", "4": "E", "31": "N", "112": "E", "122": "E", "0": "E", "48": "E", "15": "E", "27": "N", "182": "E", "98": "S", "64": "E", "156": "E", "107": "W", "29": "W", "176": "N", "55": "S", "118": "E", "21": "E", "145": "E", "130": "S", "91": "E", "63": "N", "117": "N", "12": "S", "62": "E", "161": "E", "160": "N", "133": "S", "97": "E", "89": "E", "14": "S", "57": "E", "127": "S", "46": "N", "111": "E", "157": "W", "177": "W", "144": "W", "102": "N", "85": "E", "72": "E", "131": "E", "73": "S", "25": "S", "88": "E", "52": "E", "43": "E", "38": "E", "7": "S", "175": "W", "44": "E", "56": "E", "84": "N", "65": "E", "134": "N", "138": "S", "135": "E", "96": "W", "93": "S", "33": "E", "92": "N", "86": "E", "18": "N", "17": "S", "181": "N", "173": "S", "158": "S", "123": "N", "106": "W", "20": "E", "1": "W", "147": "W", "114": "N", "109": "N", "30": "E", "5": "N", "79": "S", "178": "N", "153": "E", "149": "N", "132": "W", "120": "N", "59": "S", "58": "N", "50": "S", "167": "S", "163": "E", "137": "N", "94": "N", "60": "E", "53": "W", "3": "E", "180": "E", "151": "E", "146": "S", "136": "E", "100": "N", "95": "N", "82": "N", "78": "N", "71": "W", "67": "W", "66": "N", "37": "W", "36": "W", "16": "E", "11": "E", "171": "E", "170": "N", "141": "S", "140": "S", "129": "W", "105": "S", "103": "E", "69": "E", "61": "N", "35": "N", "32": "N", "28": "W", "9": "E", "2": "W"}, {"4": "E", "31": "N", "112": "E", "122": "E", "0": "E", "182": "E", "98": "E", "64": "E", "156": "N", "107": "W", "29": "W", "55": "E", "6": "S", "118": "E", "21": "E", "145": "E", "130": "E", "91": "S", "63": "N", "117": "N", "12": "S", "161": "E", "133": "E", "97": "E", "89": "N", "57": "E", "127": "S", "46": "N", "157": "S", "177": "W", "144": "S", "102": "N", "72": "E", "131": "E", "125": "E", "73": "S", "25": "S", "52": "S", "43": "E", "7": "S", "175": "W", "44": "E", "13": "W", "56": "E", "134": "N", "138": "S", "135": "E", "96": "N", "93": "S", "33": "E", "92": "N", "86": "E", "18": "E", "17": "S", "181": "N", "158": "W", "123": "N", "106": "S", "20": "N", "1": "W", "147": "S", "114": "N", "109": "E", "80": "W", "5": "E", "79": "W", "178": "N", "153": "S", "149": "E", "132": "W", "120": "N", "59": "W", "58": "N", "113": "N", "172": "E", "110": "N", "50": "E", "41": "W", "167": "S", "163": "E", "137": "N", "94": "E", "54": "W", "53": "N", "3": "E", "180": "N", "151": "S", "146": "S", "136": "E", "100": "N", "95": "W", "78": "N", "71": "W", "66": "E", "37": "W", "16": "E", "11": "E", "171": "N", "170": "E", "164": "E", "141": "W", "105": "S", "103": "E", "69": "E", "61": "N", "35": "N", "28": "W", "9": "E", "2": "W"}, {"4": "E", "31": "N", "112": "E", "122": "S", "0": "E", "27": "S", "182": "S", "98": "S", "64": "S", "156": "E", "107": "W", "29": "W", "176": "S", "55": "E", "6": "S", "150": "E", "118": "E", "145": "E", "130": "E", "91": "S", "63": "W", "117": "N", "51": "S", "12": "W", "133": "E", "97": "E", "89": "W", "57": "E", "127": "E", "46": "N", "157": "S", "177": "W", "144": "S", "102": "E", "85": "S", "72": "S", "131": "N", "125": "E", "73": "S", "25": "E", "169": "S", "88": "S", "52": "E", "43": "E", "38": "E", "7": "W", "175": "W", "44": "E", "13": "S", "56": "E", "138": "S", "135": "S", "96": "N", "33": "S", "92": "N", "86": "E", "18": "E", "17": "S", "173": "W", "158": "W", "123": "N", "20": "N", "1": "N", "147": "E", "114": "W", "109": "N", "80": "W", "30": "N", "5": "N", "79": "S", "178": "N", "149": "N", "132": "W", "120": "N", "59": "S", "58": "N", "113": "N", "139": "E", "110": "E", "50": "S", "167": "S", "163": "E", "137": "N", "94": "N", "54": "W", "53": "E", "3": "E", "180": "W", "151": "S", "146": "E", "136": "S", "100": "N", "95": "N", "82": "S", "78": "N", "71": "W", "66": "E", "37": "W", "36": "W", "16": "E", "11": "E", "171": "E", "170": "E", "164": "E", "141": "S", "140": "N", "103": "E", "69": "N", "61": "N", "35": "N", "28": "W", "9": "N", "2": "W"}, {"4": "E", "31": "N", "112": "S", "122": "S", "0": "S", "27": "S", "182": "S", "98": "E", "64": "E", "156": "E", "107": "W", "29": "W", "55": "E", "150": "N", "145": "E", "130": "E", "91": "S", "63": "N", "117": "N", "51": "E", "12": "W", "62": "S", "19": "W", "97": "E", "89": "N", "14": "N", "127": "E", "46": "N", "157": "E", "177": "W", "144": "E", "102": "E", "85": "E", "72": "S", "174": "N", "131": "N", "125": "E", "73": "S", "68": "N", "34": "E", "25": "E", "52": "E", "43": "E", "38": "E", "7": "S", "175": "S", "56": "S", "65": "W", "24": "E", "134": "W", "135": "S", "96": "N", "93": "E", "33": "S", "92": "E", "86": "E", "18": "E", "17": "W", "181": "S", "158": "S", "123": "E", "20": "N", "1": "W", "147": "S", "114": "W", "109": "N", "80": "N", "5": "E", "79": "S", "178": "N", "149": "N", "132": "W", "120": "N", "59": "W", "58": "N", "113": "E", "172": "W", "110": "E", "74": "W", "50": "S", "41": "E", "167": "S", "163": "N", "137": "W", "94": "E", "60": "W", "54": "N", "53": "E", "151": "E", "146": "E", "136": "S", "100": "W", "95": "N", "82": "S", "78": "N", "71": "N", "66": "E", "37": "W", "36": "W", "16": "E", "11": "N", "171": "E", "170": "E", "164": "S", "141": "S", "103": "E", "69": "E", "61": "N", "35": "N", "32": "S", "28": "W", "9": "E", "2": "S"}, {"4": "E", "31": "N", "112": "E", "122": "E", "0": "E", "182": "E", "64": "E", "75": "N", "156": "E", "107": "W", "29": "W", "55": "E", "150": "W", "118": "N", "130": "E", "185": "S", "183": "S", "91": "S", "63": "N", "117": "N", "51": "E", "12": "S", "161": "S", "19": "W", "89": "W", "127": "E", "46": "N", "157": "E", "177": "W", "144": "E", "102": "E", "85": "E", "81": "S", "72": "E", "131": "N", "125": "E", "73": "S", "25": "E", "88": "S", "52": "E", "43": "S", "38": "E", "7": "S", "175": "S", "56": "E", "134": "W", "135": "E", "96": "N", "33": "E", "92": "E", "86": "E", "18": "E", "17": "S", "181": "S", "158": "W", "123": "S", "83": "E", "20": "W", "1": "N", "147": "S", "114": "W", "109": "N", "80": "N", "30": "S", "5": "N", "79": "W", "178": "N", "166": "S", "153": "E", "149": "N", "132": "W", "120": "E", "59": "S", "58": "N", "113": "E", "110": "E", "50": "E", "167": "E", "163": "N", "137": "N", "94": "N", "54": "N", "3": "E", "180": "N", "151": "E", "146": "E", "136": "E", "100": "W", "95": "N", "82": "S", "78": "E", "71": "N", "36": "S", "16": "E", "11": "N", "171": "E", "170": "N", "164": "S", "141": "S", "140": "S", "105": "S", "103": "E", "69": "E", "61": "N", "35": "N", "28": "S", "9": "N", "2": "S"}, {"4": "E", "31": "N", "112": "E", "122": "E", "0": "E", "101": "E", "182": "E", "64": "E", "156": "E", "107": "S", "29": "S", "55": "E", "150": "S", "118": "E", "130": "E", "185": "W", "91": "S", "63": "N", "117": "E", "51": "E", "12": "S", "62": "W", "19": "W", "97": "S", "89": "N", "179": "S", "127": "E", "124": "S", "157": "E", "144": "S", "102": "E", "85": "E", "81": "E", "72": "E", "174": "S", "131": "E", "125": "E", "73": "S", "68": "N", "25": "E", "88": "E", "52": "E", "43": "S", "38": "E", "7": "S", "175": "S", "56": "S", "134": "N", "135": "E", "96": "N", "93": "N", "33": "S", "92": "N", "86": "E", "18": "N", "181": "S", "158": "W", "20": "N", "1": "N", "147": "S", "114": "W", "109": "N", "80": "N", "30": "S", "5": "E", "79": "S", "178": "E", "149": "N", "132": "W", "120": "E", "59": "W", "58": "W", "113": "N", "110": "E", "50": "S", "41": "S", "167": "E", "163": "N", "137": "N", "94": "N", "60": "W", "3": "E", "180": "N", "151": "E", "146": "E", "136": "S", "95": "N", "82": "S", "71": "W", "66": "N", "37": "W", "16": "E", "11": "N", "171": "E", "170": "N", "164": "E", "141": "S", "105": "S", "103": "E", "69": "N", "61": "N", "35": "N", "32": "N", "28": "S", "9": "N", "2": "S"}, {"4": "E", "31": "N", "112": "E", "122": "E", "0": "E", "101": "E", "182": "S", "64": "S", "75": "E", "107": "S", "29": "S", "55": "S", "118": "E", "130": "E", "91": "W", "63": "N", "117": "E", "51": "E", "12": "S", "62": "N", "133": "S", "89": "W", "14": "N", "179": "S", "127": "E", "124": "E", "157": "E", "144": "S", "102": "E", "85": "E", "81": "S", "72": "N", "174": "S", "131": "E", "125": "E", "73": "S", "68": "E", "34": "E", "25": "E", "128": "S", "88": "E", "52": "N", "43": "E", "38": "E", "7": "S", "175": "S", "56": "S", "134": "N", "96": "W", "93": "E", "33": "S", "86": "S", "18": "N", "17": "W", "181": "S", "158": "W", "83": "N", "20": "W", "1": "N", "147": "S", "114": "W", "109": "N", "80": "E", "30": "S", "5": "E", "178": "E", "149": "N", "132": "W", "120": "E", "59": "W", "58": "N", "113": "N", "172": "S", "116": "W", "110": "E", "50": "E", "41": "S", "167": "E", "163": "N", "137": "N", "94": "N", "60": "S", "54": "E", "3": "E", "180": "N", "151": "E", "146": "S", "136": "E", "100": "W", "95": "N", "82": "S", "71": "W", "66": "N", "37": "S", "36": "W", "16": "E", "171": "N", "170": "N", "164": "E", "141": "S", "129": "W", "105": "W", "103": "E", "69": "N", "61": "N", "35": "E", "28": "S", "9": "N", "2": "S"}, {"4": "E", "31": "N", "112": "E", "122": "N", "0": "N", "101": "S", "64": "E", "75": "S", "107": "S", "29": "S", "55": "E", "118": "E", "130": "E", "91": "S", "63": "E", "51": "E", "12": "S", "62": "N", "161": "N", "19": "E", "89": "N", "127": "E", "124": "S", "157": "N", "144": "E", "102": "E", "85": "N", "81": "E", "72": "N", "131": "E", "125": "E", "73": "S", "68": "S", "25": "E", "128": "E", "88": "E", "52": "W", "43": "E", "38": "E", "7": "S", "175": "S", "87": "W", "13": "W", "56": "S", "134": "N", "135": "E", "96": "W", "93": "S", "33": "W", "86": "S", "18": "E", "17": "S", "173": "E", "158": "N", "20": "W", "1": "N", "147": "S", "114": "W", "109": "E", "80": "E", "30": "S", "5": "N", "178": "E", "166": "N", "149": "E", "132": "W", "120": "E", "59": "W", "58": "N", "113": "N", "172": "E", "110": "E", "74": "N", "50": "E", "41": "S", "167": "E", "163": "N", "137": "N", "94": "N", "60": "S", "3": "E", "180": "N", "151": "S", "146": "E", "136": "S", "100": "N", "95": "E", "82": "E", "78": "N", "71": "N", "66": "E", "37": "W", "36": "N", "16": "E", "11": "N", "171": "E", "170": "N", "141": "S", "105": "S", "103": "E", "69": "N", "61": "E", "35": "N", "28": "E", "9": "N", "2": "E"}, {"4": "E", "31": "N", "112": "N", "122": "N", "0": "N", "101": "W", "64": "S", "107": "S", "55": "S", "6": "N", "118": "S", "22": "E", "130": "N", "185": "N", "183": "N", "91": "S", "63": "E", "51": "E", "12": "E", "62": "E", "19": "E", "89": "W", "127": "E", "124": "S", "157": "E", "144": "E", "102": "S", "81": "E", "72": "N", "131": "E", "73": "W", "68": "E", "25": "E", "128": "S", "88": "E", "52": "N", "43": "S", "38": "E", "7": "S", "175": "S", "13": "S", "56": "S", "65": "E", "134": "N", "135": "E", "96": "W", "93": "E", "33": "S", "92": "N", "86": "E", "18": "E", "17": "S", "173": "N", "158": "N", "83": "S", "20": "W", "1": "N", "159": "S", "147": "S", "114": "W", "109": "E", "30": "E", "5": "N", "178": "E", "149": "E", "132": "W", "120": "E", "59": "W", "58": "N", "113": "N", "172": "E", "116": "S", "50": "S", "167": "E", "163": "N", "137": "N", "94": "N", "60": "S", "180": "N", "151": "E", "136": "S", "100": "N", "95": "N", "82": "E", "78": "E", "71": "N", "66": "N", "37": "S", "36": "N", "16": "S", "11": "N", "171": "E", "170": "N", "141": "E", "129": "E", "105": "W", "103": "E", "69": "N", "61": "E", "35": "W", "28": "S", "2": "E"}, {"4": "E", "31": "N", "112": "E", "122": "E", "0": "E", "101": "W", "64": "E", "75": "S", "107": "S", "55": "E", "118": "S", "130": "E", "185": "E", "91": "S", "63": "E", "51": "S", "12": "E", "62": "E", "19": "E", "89": "W", "127": "S", "124": "E", "144": "N", "102": "E", "81": "N", "72": "N", "131": "E", "73": "W", "68": "E", "34": "S", "25": "E", "128": "E", "88": "N", "52": "N", "43": "S", "38": "E", "7": "S", "175": "E", "87": "E", "13": "E", "56": "S", "119": "S", "24": "N", "134": "N", "135": "N", "96": "W", "93": "E", "33": "W", "86": "E", "18": "E", "17": "S", "158": "N", "20": "W", "147": "S", "114": "W", "109": "E", "5": "N", "178": "E", "153": "E", "149": "E", "132": "S", "120": "E", "59": "W", "58": "N", "113": "E", "172": "E", "116": "E", "110": "E", "50": "S", "167": "S", "163": "N", "137": "N", "94": "N", "60": "E", "180": "W", "151": "E", "136": "S", "100": "N", "95": "N", "82": "E", "78": "E", "71": "N", "66": "E", "37": "E", "36": "N", "16": "E", "11": "N", "171": "E", "170": "N", "164": "E", "141": "E", "129": "E", "105": "W", "103": "E", "61": "E", "35": "N", "28": "E", "9": "E", "2": "E"}, {"4": "E", "31": "N", "112": "E", "122": "E", "101": "N", "64": "S", "107": "S", "55": "E", "6": "S", "118": "E", "130": "E", "63": "E", "51": "S", "12": "E", "62": "E", "19": "E", "89": "N", "127": "S", "124": "E", "144": "N", "102": "E", "81": "N", "72": "E", "131": "E", "73": "W", "68": "S", "34": "E", "25": "S", "128": "S", "88": "N", "52": "N", "43": "E", "7": "E", "175": "E", "13": "E", "56": "E", "65": "E", "24": "W", "134": "N", "135": "N", "96": "W", "33": "W", "86": "S", "18": "E", "17": "S", "158": "N", "20": "S", "147": "S", "114": "W", "5": "N", "178": "E", "166": "S", "149": "E", "132": "S", "120": "N", "59": "W", "58": "N", "113": "E", "172": "N", "110": "E", "50": "E", "163": "N", "137": "W", "94": "E", "53": "E", "3": "S", "180": "N", "151": "S", "136": "S", "100": "N", "95": "N", "82": "S", "78": "E", "71": "N", "67": "N", "66": "N", "36": "N", "16": "S", "11": "E", "171": "E", "170": "E", "164": "S", "141": "E", "105": "S", "103": "N", "69": "E", "61": "N", "35": "E", "9": "N", "2": "E"}, {"4": "E", "31": "N", "122": "E", "0": "N", "64": "E", "107": "S", "55": "N", "118": "E", "22": "W", "130": "S", "91": "N", "63": "E", "51": "S", "12": "E", "89": "N", "14": "S", "127": "E", "124": "N", "144": "N", "102": "E", "85": "E", "81": "W", "72": "E", "131": "S", "73": "W", "68": "S", "34": "S", "25": "S", "128": "S", "52": "N", "43": "S", "38": "E", "7": "E", "13": "E", "56": "S", "24": "S", "134": "N", "135": "N", "96": "W", "93": "E", "33": "W", "86": "E", "18": "E", "17": "S", "83": "W", "20": "W", "159": "N", "147": "E", "114": "S", "5": "E", "153": "S", "149": "E", "132": "S", "120": "N", "59": "W", "58": "N", "113": "E", "172": "E", "116": "S", "110": "S", "74": "E", "50": "E", "163": "W", "137": "N", "94": "E", "53": "E", "3": "E", "180": "N", "151": "S", "136": "S", "100": "N", "95": "E", "82": "E", "78": "N", "71": "N", "66": "N", "36": "N", "16": "S", "11": "N", "171": "E", "170": "E", "164": "E", "141": "E", "105": "W", "103": "N", "69": "N", "61": "E", "35": "N", "32": "W", "28": "N", "9": "N", "2": "S"}, {"31": "E", "64": "E", "75": "W", "107": "W", "55": "N", "130": "E", "91": "E", "63": "E", "51": "E", "12": "E", "89": "N", "127": "E", "124": "N", "144": "E", "102": "E", "85": "E", "72": "E", "131": "E", "73": "W", "68": "S", "34": "S", "25": "E", "128": "E", "88": "N", "52": "E", "43": "W", "38": "S", "7": "E", "13": "E", "56": "W", "119": "N", "134": "N", "135": "E", "96": "W", "93": "S", "33": "W", "86": "E", "18": "N", "17": "S", "123": "N", "147": "E", "114": "S", "5": "E", "149": "E", "132": "S", "120": "N", "59": "W", "58": "N", "113": "E", "172": "E", "110": "E", "74": "S", "50": "S", "41": "W", "163": "W", "137": "N", "94": "E", "3": "S", "180": "N", "151": "S", "136": "S", "100": "E", "95": "N", "78": "N", "71": "E", "67": "W", "66": "E", "36": "E", "16": "E", "11": "W", "171": "E", "170": "E", "141": "E", "140": "W", "105": "W", "103": "N", "69": "N", "61": "N", "35": "W", "32": "W", "28": "N", "9": "N", "2": "S"}, {"64": "N", "75": "N", "107": "N", "130": "E", "63": "E", "51": "E", "12": "E", "89": "N", "127": "N", "124": "E", "144": "E", "102": "S", "72": "N", "131": "E", "73": "W", "68": "S", "34": "E", "25": "S", "128": "E", "88": "E", "52": "N", "43": "W", "38": "S", "7": "E", "13": "S", "56": "S", "134": "N", "135": "E", "96": "W", "93": "S", "86": "E", "18": "E", "17": "S", "173": "E", "158": "W", "123": "W", "147": "E", "114": "S", "5": "E", "166": "N", "153": "N", "149": "E", "132": "E", "120": "E", "59": "W", "58": "N", "113": "E", "110": "E", "74": "E", "50": "E", "41": "S", "163": "W", "137": "W", "94": "E", "3": "E", "180": "N", "151": "S", "136": "S", "95": "N", "78": "E", "71": "N", "67": "W", "66": "E", "37": "E", "36": "N", "16": "S", "11": "W", "171": "E", "170": "E", "141": "E", "105": "W", "69": "N", "61": "E", "35": "W", "32": "W", "28": "E", "9": "N"}, {"64": "N", "55": "N", "130": "E", "51": "E", "89": "W", "14": "N", "127": "N", "124": "E", "102": "S", "131": "E", "73": "W", "68": "S", "34": "E", "25": "S", "128": "E", "88": "E", "52": "N", "43": "W", "38": "E", "7": "E", "13": "E", "56": "S", "65": "W", "134": "N", "135": "E", "96": "S", "93": "E", "33": "S", "86": "E", "18": "E", "17": "S", "158": "N", "83": "E", "147": "E", "114": "S", "5": "E", "149": "E", "120": "E", "59": "N", "58": "E", "113": "N", "139": "S", "116": "S", "110": "E", "50": "S", "41": "W", "163": "W", "137": "W", "94": "E", "54": "E", "3": "E", "151": "E", "136": "S", "95": "W", "78": "E", "71": "E", "67": "S", "66": "E", "36": "E", "16": "E", "11": "W", "171": "E", "170": "E", "141": "E", "140": "E", "105": "W", "69": "N", "61": "E", "35": "W", "32": "N", "28": "S", "9": "N"}, {"64": "W", "130": "E", "51": "S", "127": "E", "124": "E", "144": "N", "102": "S", "72": "S", "131": "E", "73": "W", "68": "S", "34": "E", "25": "E", "52": "W", "38": "S", "13": "E", "56": "S", "134": "N", "135": "E", "93": "E", "33": "W", "86": "E", "18": "S", "17": "E", "173": "W", "158": "E", "123": "E", "114": "W", "5": "E", "166": "E", "132": "W", "120": "E", "59": "W", "58": "E", "47": "E", "113": "E", "139": "S", "110": "E", "50": "S", "41": "W", "163": "W", "137": "W", "94": "E", "3": "S", "151": "S", "136": "S", "95": "W", "78": "E", "71": "N", "67": "W", "66": "E", "36": "N", "11": "W", "171": "E", "170": "E", "141": "E", "105": "W", "103": "E", "69": "N", "61": "E", "35": "N", "32": "N", "28": "S", "9": "W"}, {"64": "N", "55": "S", "51": "E", "127": "E", "124": "E", "102": "S", "131": "S", "73": "W", "68": "S", "34": "E", "25": "E", "52": "N", "38": "S", "13": "E", "56": "S", "65": "W", "134": "N", "135": "E", "93": "S", "33": "W", "18": "S", "147": "E", "114": "W", "5": "N", "166": "S", "153": "E", "120": "E", "59": "N", "58": "E", "47": "S", "113": "E", "110": "S", "50": "S", "41": "N", "163": "W", "137": "N", "94": "E", "3": "S", "151": "S", "136": "W", "95": "N", "78": "E", "66": "E", "11": "N", "171": "E", "170": "E", "141": "E", "105": "W", "103": "E", "69": "W", "61": "E", "35": "N", "32": "N", "9": "W"}, {"64": "N", "55": "W", "118": "W", "51": "E", "127": "E", "124": "E", "102": "S", "131": "S", "68": "S", "34": "E", "25": "N", "52": "N", "38": "E", "13": "E", "56": "S", "134": "E", "135": "S", "93": "E", "33": "N", "18": "E", "173": "W", "147": "S", "114": "W", "5": "E", "166": "W", "153": "N", "120": "E", "59": "N", "58": "E", "47": "S", "113": "S", "116": "E", "110": "S", "50": "S", "41": "W", "163": "N", "137": "N", "94": "E", "3": "E", "151": "S", "136": "W", "95": "N", "78": "E", "66": "E", "11": "N", "171": "E", "170": "E", "141": "S", "105": "W", "103": "N", "69": "W", "61": "E", "35": "N", "32": "E", "9": "W"}, {"51": "N", "127": "E", "124": "N", "102": "S", "131": "S", "73": "N", "68": "S", "34": "N", "25": "E", "128": "E", "52": "N", "38": "E", "13": "E", "56": "W", "65": "E", "134": "E", "135": "E", "93": "S", "18": "E", "159": "S", "147": "S", "114": "S", "5": "E", "153": "N", "120": "N", "59": "N", "47": "W", "113": "S", "139": "N", "110": "S", "50": "S", "41": "N", "163": "N", "137": "N", "94": "E", "3": "E", "151": "S", "136": "W", "95": "N", "78": "E", "66": "E", "16": "W", "171": "S", "170": "E", "105": "S", "103": "N", "69": "W", "61": "E", "35": "N", "32": "E", "9": "N"}, {"127": "E", "102": "E", "131": "S", "73": "N", "68": "S", "34": "N", "25": "E", "128": "N", "52": "W", "38": "N", "13": "S", "56": "W", "119": "S", "135": "S", "93": "S", "18": "E", "147": "E", "114": "S", "5": "S", "153": "N", "120": "E", "59": "E", "47": "W", "113": "E", "116": "W", "110": "S", "74": "W", "50": "S", "41": "E", "137": "N", "94": "E", "3": "E", "151": "S", "136": "S", "95": "N", "78": "E", "66": "E", "16": "S", "11": "W", "171": "S", "170": "E", "140": "W", "105": "W", "103": "N", "69": "W", "61": "E", "35": "N", "32": "E", "9": "W"}, {"127": "E", "102": "S", "131": "S", "68": "W", "34": "N", "25": "E", "128": "N", "52": "W", "38": "N", "13": "E", "56": "W", "135": "S", "93": "S", "33": "S", "18": "S", "173": "E", "83": "W", "147": "E", "5": "S", "166": "N", "153": "N", "120": "E", "47": "S", "113": "S", "110": "S", "50": "S", "41": "E", "163": "E", "137": "N", "94": "E", "3": "N", "151": "S", "136": "W", "95": "N", "78": "E", "66": "E", "16": "S", "11": "N", "171": "E", "170": "E", "105": "W", "103": "N", "69": "N", "61": "E", "35": "W", "9": "N"}, {"127": "E", "102": "E", "131": "S", "68": "W", "34": "E", "25": "E", "128": "N", "52": "W", "38": "E", "13": "N", "56": "W", "65": "W", "135": "S", "93": "E", "18": "E", "147": "E", "5": "E", "153": "W", "120": "S", "47": "W", "113": "S", "139": "N", "110": "E", "50": "S", "41": "E", "137": "N", "94": "E", "3": "E", "151": "S", "136": "S", "95": "N", "78": "E", "66": "E", "16": "S", "11": "W", "171": "E", "170": "E", "140": "E", "105": "W", "103": "N", "69": "N", "61": "E", "35": "W", "9": "N"}, {"127": "E", "102": "S", "174": "S", "68": "S", "25": "E", "128": "N", "52": "S", "38": "E", "13": "N", "135": "E", "93": "S", "18": "E", "147": "E", "5": "S", "153": "N", "120": "S", "47": "S", "113": "S", "116": "N", "110": "E", "50": "W", "41": "N", "94": "S", "3": "E", "151": "S", "136": "S", "95": "W", "78": "E", "66": "S", "16": "E", "11": "W", "170": "S", "140": "N", "105": "N", "103": "N", "69": "W", "61": "E", "35": "W", "9": "N"}, {"127": "E", "102": "E", "68": "W", "25": "E", "128": "N", "38": "E", "13": "N", "56": "N", "135": "E", "93": "S", "33": "N", "159": "E", "147": "E", "5": "S", "166": "S", "153": "N", "120": "E", "47": "S", "113": "S", "110": "E", "50": "W", "41": "N", "94": "S", "151": "S", "136": "W", "78": "S", "66": "S", "16": "E", "11": "W", "170": "S", "140": "N", "105": "N", "103": "N", "69": "W", "61": "E", "9": "W"}, {"102": "E", "174": "N", "68": "N", "25": "E", "38": "E", "13": "N", "56": "W", "135": "N", "93": "W", "83": "S", "147": "E", "5": "S", "153": "W", "120": "S", "47": "W", "113": "E", "50": "W", "41": "N", "94": "S", "3": "N", "151": "W", "136": "W", "78": "S", "66": "S", "16": "E", "170": "S", "140": "N", "105": "N", "103": "N", "69": "W", "61": "E", "9": "W"}, {"102": "S", "25": "E", "128": "S", "38": "E", "13": "N", "56": "S", "135": "N", "93": "S", "83": "S", "147": "E", "5": "S", "153": "S", "47": "W", "113": "S", "116": "N", "110": "S", "50": "S", "41": "N", "94": "E", "3": "E", "151": "W", "136": "W", "78": "E", "67": "E", "66": "E", "16": "S", "170": "E", "140": "N", "105": "N", "103": "W", "69": "N", "61": "S"}, {"102": "S", "25": "E", "128": "W", "38": "E", "13": "N", "56": "W", "65": "S", "135": "E", "93": "S", "83": "S", "159": "W", "147": "E", "5": "E", "166": "N", "47": "S", "113": "E", "116": "N", "50": "S", "41": "N", "94": "S", "3": "N", "151": "S", "136": "W", "78": "E", "67": "E", "66": "S", "170": "S", "140": "N", "105": "N", "103": "W", "69": "N", "9": "S"}, {"102": "S", "25": "E", "38": "N", "13": "N", "56": "N", "119": "N", "65": "E", "135": "E", "93": "S", "173": "W", "147": "N", "5": "S", "47": "S", "113": "E", "50": "W", "41": "E", "94": "S", "3": "N", "151": "S", "136": "N", "78": "E", "67": "E", "66": "S", "170": "E", "105": "E", "69": "W", "61": "S", "9": "W"}, {"102": "S", "25": "N", "38": "N", "13": "W", "65": "N", "135": "N", "93": "W", "159": "N", "147": "N", "5": "E", "47": "S", "113": "S", "50": "N", "94": "W", "3": "W", "151": "W", "136": "N", "78": "S", "66": "S", "11": "W", "170": "S", "140": "N", "69": "W", "9": "W"}, {"102": "W", "25": "E", "65": "W", "135": "E", "93": "W", "147": "E", "5": "E", "47": "S", "113": "E", "74": "N", "50": "N", "94": "S", "151": "S", "136": "N", "66": "S", "170": "S", "140": "N", "69": "W"}, {"102": "W", "25": "N", "135": "N", "93": "W", "5": "S", "47": "W", "113": "S", "74": "E", "50": "N", "94": "S", "136": "N", "66": "S", "11": "E", "170": "S", "69": "W"}, {"102": "S", "25": "N", "135": "N", "93": "N", "83": "N", "5": "E", "47": "N", "74": "E", "94": "S", "151": "N", "136": "N", "170": "S"}, {"25": "N", "135": "N", "93": "N", "83": "N", "5": "E", "47": "N", "94": "E", "151": "N", "170": "W", "9": "W"}, {"25": "W", "135": "W", "93": "N", "83": "N", "47": "N", "113": "N", "74": "W", "151": "N", "170": "W", "9": "W"}, {"25": "N", "135": "N", "93": "N", "74": "S", "170": "S", "9": "N"}, {"25": "W", "135": "W", "74": "W"}], "result": "SUCCESS", "makespan": 67, "sum": 5914, "algo_name": "OutAndInByPercentage_sea_level__BIT_", "extra": {"arrival_order": [184, 152, 165, 42, 99, 142, 162, 154, 4, 31, 112, 122, 76, 126, 90, 0, 155, 168, 49, 48, 15, 27, 77, 101, 108, 182, 98, 64, 75, 156, 107, 29, 23, 176, 55, 6, 150, 118, 26, 22, 21, 145, 130, 185, 183, 115, 91, 63, 117, 51, 40, 12, 39, 62, 161, 45, 19, 160, 143, 133, 97, 89, 14, 57, 10, 8, 179, 127, 124, 70, 46, 148, 121, 111, 157, 177, 144, 102, 85, 81, 72, 174, 131, 125, 73, 68, 34, 25, 169, 128, 88, 52, 43, 38, 7, 175, 87, 44, 13, 56, 119, 84, 65, 24, 134, 138, 135, 96, 93, 33, 92, 104, 86, 18, 17, 181, 173, 158, 123, 106, 83, 20, 1, 159, 147, 114, 109, 80, 30, 5, 79, 178, 166, 153, 149, 132, 120, 59, 58, 47, 113, 172, 139, 116, 110, 74, 50, 41, 167, 163, 137, 94, 60, 54, 53, 3, 180, 151, 146, 136, 100, 95, 82, 78, 71, 67, 66, 37, 36, 16, 11, 171, 170, 164, 141, 140, 129, 105, 103, 69, 61, 35, 32, 28, 9, 2], "time_arrived": [358, 3063, 4873, 3940, 205, 3264, 771, 2335, 1514, 4861, 1506, 4416, 1181, 2428, 1461, 433, 4397, 2886, 2855, 1291, 3025, 875, 852, 687, 2533, 2106, 845, 444, 4819, 661, 3218, 220, 4781, 2758, 2056, 4768, 4367, 4352, 2310, 1202, 1152, 3705, 106, 2267, 2402, 1279, 1627, 3533, 423, 402, 3696, 1128, 2230, 3906, 3891, 743, 2467, 1492, 3516, 3490, 3876, 4729, 1218, 1066, 586, 2515, 4311, 4269, 2033, 4694, 1614, 4246, 1887, 1996, 3652, 604, 297, 457, 4205, 3285, 3202, 1854, 4168, 2997, 2507, 1830, 2819, 2381, 2191, 1451, 337, 1034, 2773, 2717, 3857, 4150, 2676, 1413, 553, 126, 4107, 481, 1801, 4647, 2781, 4615, 2984, 650, 500, 3181, 3645, 1693, 244, 3580, 3152, 997, 3620, 1093, 817, 2500, 3454, 1657, 273, 2949, 1594, 1955, 309, 1574, 2163, 4570, 931, 1937, 3412, 1382, 2565, 2641, 4074, 3812, 2598, 3612, 4563, 4547, 136, 1350, 1753, 902, 4030, 3110, 1638, 3381, 787, 4013, 57, 3356, 178, 378, 637, 1710, 2937, 3073, 1322, 1237, 157, 3769, 4518, 81, 3329, 3731, 389, 2136, 4502, 4453, 3595, 2923, 1900, 2371, 712, 1733, 3310, 1542, 3972, 2900, 527, 973, 42, 962], "BIT_runs": 1, "old_makespan": 4873, "old_sum": 6464, "improved": "[184, 152, 165, 42, 99, 142, 162, 154, 4, 31, 112, 122, 76, 126, 90, 0, 155, 168, 49, 48, 15, 27, 77, 101, 108, 182, 98, 64, 75, 156, 107, 29, 23, 176, 55, 6, 150, 118, 26, 22, 21, 145, 130, 185, 183, 115, 91, 63, 117, 51, 40, 12, 39, 62, 161, 45, 19, 160, 143, 133, 97, 89, 14, 57, 10, 8, 179, 127, 124, 70, 46, 148, 121, 111, 157, 177, 144, 102, 85, 81, 72, 174, 131, 125, 73, 68, 34, 25, 169, 128, 88, 52, 43, 38, 7, 175, 87, 44, 13, 56, 119, 84, 65, 24, 134, 138, 135, 96, 93, 33, 92, 104, 86, 18, 17, 181, 173, 158, 123, 106, 83, 20, 1, 159, 147, 114, 109, 80, 30, 5, 79, 178, 166, 153, 149, 132, 120, 59, 58, 47, 113, 172, 139, 116, 110, 74, 50, 41, 167, 163, 137, 94, 60, 54, 53, 3, 180, 151, 146, 136, 100, 95, 82, 78, 71, 67, 66, 37, 36, 16, 11, 171, 170, 164, 141, 140, 129, 105, 103, 69, 61, 35, 32, 28, 9, 2],", "goal_raise_for_bs": 32}}