{"instance": "small_002_10x10_60_33", "steps": [{"21": "E", "10": "W", "18": "N", "8": "E", "1": "E", "28": "S", "22": "N", "2": "W", "32": "E", "27": "E", "16": "E", "6": "E", "0": "E", "31": "S", "25": "E", "29": "W", "23": "S", "20": "S", "17": "S", "13": "E", "24": "E", "14": "W", "11": "S", "3": "S", "7": "S"}, {"21": "E", "10": "S", "18": "E", "8": "E", "4": "W", "1": "E", "28": "S", "22": "N", "2": "S", "32": "E", "27": "S", "16": "E", "9": "S", "6": "E", "0": "E", "25": "N", "19": "W", "15": "E", "5": "E", "23": "E", "20": "S", "17": "S", "13": "S", "12": "S", "30": "W", "24": "E", "14": "N", "11": "S", "3": "S"}, {"21": "E", "18": "E", "8": "S", "4": "N", "1": "E", "28": "S", "22": "W", "2": "S", "32": "E", "27": "E", "26": "S", "16": "E", "9": "E", "6": "E", "0": "N", "31": "E", "25": "N", "19": "N", "15": "S", "29": "W", "20": "S", "13": "S", "12": "S", "30": "S", "24": "E", "14": "N", "11": "W", "3": "S", "7": "S"}, {"21": "E", "18": "E", "8": "E", "4": "N", "1": "N", "28": "S", "22": "N", "2": "S", "27": "S", "26": "S", "16": "S", "9": "S", "6": "N", "0": "W", "31": "E", "25": "E", "19": "N", "15": "S", "29": "S", "23": "S", "20": "W", "17": "S", "13": "S", "24": "E", "14": "N", "11": "W", "3": "E", "7": "S"}, {"18": "N", "4": "N", "1": "W", "22": "W", "2": "W", "9": "S", "6": "E", "0": "W", "31": "E", "25": "N", "19": "N", "15": "W", "17": "S", "13": "W", "30": "E", "24": "S", "14": "N", "11": "W", "3": "N", "7": "S"}, {"18": "N", "4": "N", "1": "W", "28": "W", "2": "W", "9": "W", "6": "E", "0": "W", "31": "S", "25": "N", "19": "N", "15": "W", "5": "S", "29": "S", "23": "N", "17": "S", "13": "W", "12": "E", "30": "S", "24": "W", "14": "N", "11": "W"}, {"18": "E", "8": "N", "4": "N", "1": "W", "28": "W", "2": "W", "9": "S", "6": "E", "0": "N", "31": "E", "19": "N", "15": "W", "5": "S", "17": "E", "13": "W", "12": "S", "30": "S", "24": "W", "14": "N", "11": "N", "3": "N"}, {"8": "W", "4": "N", "1": "W", "28": "W", "2": "W", "16": "W", "9": "S", "6": "S", "31": "N", "19": "N", "5": "E", "29": "W", "17": "E", "13": "W", "12": "S", "30": "W", "24": "W", "14": "N", "11": "N", "7": "N"}, {"8": "W", "28": "W", "2": "W", "32": "N", "16": "S", "9": "W", "6": "E", "0": "E", "31": "E", "25": "E", "19": "W", "15": "W", "5": "N", "29": "N", "17": "N", "12": "E", "30": "S", "14": "N", "11": "N"}, {"8": "W", "2": "W", "32": "E", "16": "S", "9": "S", "31": "E", "25": "E", "19": "W", "15": "W", "5": "N", "29": "N", "20": "N", "17": "N", "13": "S", "12": "S", "30": "S", "14": "E", "11": "W", "3": "S", "7": "S"}, {"8": "W", "2": "W", "32": "E", "16": "S", "9": "S", "25": "N", "19": "W", "15": "W", "5": "E", "29": "E", "20": "N", "17": "N", "12": "W", "30": "S", "24": "S", "14": "E", "11": "N", "3": "E", "7": "E"}, {"8": "W", "2": "N", "32": "S", "16": "E", "9": "W", "0": "W", "25": "E", "19": "W", "15": "W", "5": "E", "29": "N", "23": "E", "17": "E", "12": "W", "30": "S", "24": "W", "14": "E", "11": "N", "7": "S"}, {"8": "N", "32": "S", "16": "E", "9": "W", "0": "N", "25": "N", "19": "W", "15": "W", "5": "E", "23": "N", "17": "E", "13": "W", "30": "W", "24": "S", "14": "E", "11": "N", "3": "N"}, {"21": "N", "32": "E", "16": "N", "9": "S", "0": "N", "25": "N", "19": "W", "15": "N", "5": "N", "23": "N", "17": "N", "30": "W", "14": "E", "11": "N", "3": "E", "7": "N"}, {"21": "W", "32": "S", "9": "W", "25": "W", "19": "S", "5": "E", "23": "N", "17": "N", "12": "E", "30": "W", "14": "N", "11": "N", "3": "N", "7": "N"}, {"21": "W", "4": "E", "32": "S", "27": "N", "16": "E", "9": "S", "25": "N", "19": "S", "5": "N", "23": "N", "20": "N", "17": "W", "12": "S", "30": "W", "14": "E", "11": "N", "3": "N", "7": "N"}, {"21": "W", "4": "E", "32": "E", "16": "E", "0": "E", "25": "W", "5": "N", "23": "N", "20": "N", "17": "N", "12": "W", "30": "W", "14": "E", "11": "N", "3": "W"}, {"21": "S", "8": "N", "32": "S", "27": "S", "5": "E", "23": "N", "12": "W", "30": "N", "24": "W", "14": "S", "11": "N"}, {"21": "W", "8": "N", "4": "W", "32": "W", "16": "W", "0": "W", "5": "E", "23": "W", "30": "N", "14": "S", "11": "E"}, {"21": "W", "4": "W", "32": "S", "16": "W", "5": "N", "14": "E"}, {"21": "S", "8": "S", "32": "E", "5": "N"}, {"21": "S", "18": "E", "8": "S", "5": "N", "24": "E"}, {"21": "S", "5": "N"}, {"21": "W", "18": "W", "32": "W", "5": "W", "24": "W"}], "result": "SUCCESS", "makespan": 24, "sum": 395, "algo_name": "OutAndInByPercentage_dist_from_grid_BIT_", "extra": {"arrival_order": [10, 21, 18, 8, 4, 1, 28, 22, 2, 32, 27, 26, 16, 9, 6, 0, 31, 25, 19, 15, 5, 29, 23, 20, 17, 13, 12, 30, 24, 14, 11, 3, 7], "time_arrived": [165, 55, 91, 376, 49, 246, 157, 382, 40, 147, 13, 369, 302, 289, 350, 227, 129, 275, 33, 214, 266, 24, 76, 259, 329, 195, 118, 114, 67, 251, 319, 177, 108], "BIT_runs": 1, "old_makespan": 382, "old_sum": 489, "improved": "[10, 18, 8, 4, 1, 28, 22, 2, 32, 27, 26, 16, 9, 6, 0, 31, 25, 19, 15, 5, 29, 23, 20, 17, 13, 12, 30, 24, 14, 11, 3, 7],", "goal_raise_for_bs": 32}}