{"instance": "small_014_20x20_90_200", "steps": [{"6": "N", "8": "W", "10": "N", "14": "E", "15": "S", "22": "E", "26": "W", "27": "N", "30": "N", "37": "E", "38": "N", "40": "E", "46": "S", "47": "E", "49": "S", "50": "S", "51": "E", "56": "W", "60": "E", "64": "N", "67": "E", "69": "S", "73": "W", "74": "N", "78": "N", "81": "E", "84": "W", "85": "N", "86": "N", "88": "S", "96": "W", "97": "S", "99": "W", "102": "W", "103": "E", "106": "W", "111": "N", "115": "W", "118": "S", "128": "S", "131": "N", "134": "S", "139": "W", "140": "S", "146": "N", "151": "S", "152": "E", "153": "N", "155": "W", "158": "W", "160": "E", "162": "E", "164": "S", "167": "S", "176": "N", "177": "S", "181": "N", "182": "W", "186": "E", "188": "N", "191": "N", "193": "S", "194": "S", "195": "E", "199": "W", "2": "W", "3": "E", "5": "N", "7": "E", "13": "N", "18": "W", "23": "E", "28": "S", "31": "E", "32": "E", "33": "E", "35": "E", "41": "N", "42": "E", "44": "E", "53": "W", "55": "N", "68": "E", "70": "W", "71": "N", "72": "W", "75": "W", "76": "W", "77": "W", "79": "W", "90": "S", "91": "N", "100": "N", "101": "W", "119": "E", "120": "S", "127": "E", "130": "W", "132": "N", "133": "S", "143": "N", "145": "N", "157": "W", "161": "N", "163": "N", "166": "E", "173": "W", "178": "W", "180": "E", "184": "W", "185": "N", "190": "W", "196": "S", "0": "E", "1": "W", "12": "W", "19": "N", "25": "E", "39": "S", "43": "S", "45": "S", "48": "E", "52": "E", "59": "N", "66": "E", "83": "S", "87": "N", "93": "W", "94": "S", "98": "E", "105": "N", "109": "W", "114": "N", "124": "E", "125": "W", "126": "W", "137": "S", "138": "E", "141": "E", "144": "N", "156": "E", "169": "E", "175": "E", "4": "W", "21": "N", "36": "W", "58": "N", "61": "S", "62": "N", "65": "E", "82": "E", "104": "E", "110": "E", "113": "S", "121": "W", "123": "W", "147": "N", "172": "W", "174": "W", "197": "E", "57": "N", "108": "N", "117": "S", "142": "N", "148": "S", "150": "E", "171": "N", "179": "W", "187": "W", "89": "N", "154": "W", "159": "N", "170": "W", "11": "W", "17": "N", "192": "E", "198": "N", "29": "E", "34": "W", "149": "N", "20": "E", "168": "W", "189": "N", "16": "W", "122": "E", "80": "E", "95": "W"}, {"6": "N", "8": "W", "10": "N", "14": "E", "15": "S", "22": "E", "26": "W", "27": "N", "30": "N", "37": "E", "38": "N", "40": "E", "46": "S", "47": "E", "49": "S", "50": "S", "51": "E", "56": "W", "60": "E", "64": "N", "67": "E", "69": "S", "73": "W", "74": "N", "78": "N", "81": "E", "84": "W", "85": "N", "86": "N", "88": "S", "96": "W", "97": "S", "99": "W", "102": "W", "103": "E", "106": "W", "111": "N", "115": "W", "118": "S", "128": "S", "131": "N", "134": "S", "139": "W", "140": "S", "146": "N", "151": "S", "152": "E", "153": "N", "155": "W", "158": "W", "160": "E", "162": "E", "164": "S", "167": "S", "176": "N", "177": "S", "181": "N", "182": "W", "186": "E", "188": "N", "191": "N", "193": "S", "194": "S", "195": "E", "199": "W", "2": "W", "3": "E", "5": "N", "7": "E", "13": "N", "18": "W", "23": "E", "28": "S", "31": "E", "32": "E", "33": "E", "35": "E", "41": "N", "42": "E", "44": "E", "53": "W", "55": "N", "68": "E", "70": "W", "71": "N", "72": "W", "75": "W", "76": "W", "77": "W", "79": "W", "90": "S", "91": "N", "100": "N", "101": "W", "119": "E", "120": "S", "127": "E", "130": "W", "132": "N", "133": "S", "143": "N", "145": "N", "157": "W", "161": "N", "163": "N", "166": "E", "173": "W", "178": "W", "180": "E", "184": "W", "185": "N", "190": "W", "196": "S", "0": "E", "1": "W", "12": "W", "19": "N", "25": "E", "39": "S", "43": "S", "45": "S", "48": "E", "52": "E", "59": "N", "66": "E", "83": "S", "87": "N", "93": "W", "94": "S", "98": "E", "105": "N", "109": "W", "114": "N", "124": "E", "125": "W", "126": "W", "137": "S", "138": "E", "141": "E", "144": "N", "156": "E", "169": "E", "175": "E", "4": "W", "21": "N", "36": "W", "58": "N", "61": "S", "62": "N", "65": "E", "82": "E", "104": "E", "110": "E", "113": "S", "121": "W", "123": "W", "147": "N", "172": "W", "174": "W", "197": "E", "57": "N", "108": "N", "117": "S", "142": "N", "148": "S", "150": "E", "171": "N", "179": "W", "187": "W", "89": "N", "154": "W", "159": "N", "170": "W", "11": "W", "17": "N", "136": "N", "192": "E", "198": "N", "29": "E", "34": "W", "149": "N", "20": "E", "168": "W", "189": "N", "16": "W", "107": "W", "122": "E", "80": "E", "95": "W", "165": "S", "135": "S"}, {"6": "N", "8": "W", "10": "N", "14": "E", "15": "S", "22": "E", "26": "W", "27": "N", "30": "W", "37": "E", "38": "N", "40": "E", "46": "S", "47": "E", "49": "S", "51": "E", "56": "N", "60": "E", "64": "E", "67": "E", "73": "S", "78": "N", "81": "N", "85": "N", "86": "N", "88": "S", "96": "W", "99": "W", "102": "W", "103": "S", "106": "W", "111": "N", "115": "S", "131": "N", "139": "W", "146": "N", "151": "S", "152": "E", "153": "N", "155": "W", "158": "W", "160": "E", "162": "E", "167": "W", "182": "W", "186": "E", "188": "N", "191": "N", "199": "W", "3": "E", "5": "N", "7": "E", "18": "W", "28": "S", "32": "E", "33": "E", "35": "E", "41": "N", "42": "E", "44": "E", "55": "N", "68": "E", "70": "W", "71": "N", "75": "W", "76": "W", "77": "W", "79": "W", "91": "N", "100": "N", "101": "W", "119": "E", "120": "S", "127": "E", "130": "W", "132": "N", "133": "S", "143": "N", "145": "N", "157": "W", "161": "N", "166": "E", "173": "W", "180": "E", "185": "N", "190": "W", "0": "E", "1": "W", "12": "W", "19": "N", "39": "S", "43": "S", "45": "S", "48": "E", "52": "E", "59": "N", "66": "E", "87": "N", "98": "E", "105": "N", "109": "W", "114": "N", "124": "E", "125": "W", "126": "W", "137": "S", "138": "E", "141": "E", "144": "N", "156": "E", "169": "E", "175": "E", "21": "N", "36": "W", "58": "N", "62": "N", "65": "E", "82": "E", "104": "E", "110": "E", "121": "W", "123": "W", "147": "N", "172": "W", "174": "W", "57": "N", "108": "N", "142": "N", "150": "E", "171": "N", "179": "W", "187": "W", "89": "N", "154": "W", "159": "N", "170": "W", "11": "W", "17": "N", "136": "W", "192": "E", "198": "N", "29": "E", "34": "W", "149": "N", "20": "E", "168": "W", "189": "N", "16": "W", "107": "N", "122": "E", "80": "E", "95": "W", "116": "N", "183": "S", "9": "N"}, {"15": "E", "22": "E", "26": "W", "37": "N", "38": "N", "40": "E", "46": "E", "47": "E", "49": "W", "51": "E", "56": "W", "60": "E", "64": "N", "67": "E", "74": "N", "78": "N", "85": "W", "86": "N", "88": "S", "96": "W", "99": "W", "106": "W", "111": "N", "115": "W", "131": "E", "139": "S", "146": "N", "151": "S", "152": "E", "155": "W", "160": "E", "162": "E", "167": "S", "186": "E", "191": "N", "199": "W", "2": "W", "3": "E", "5": "N", "7": "E", "13": "N", "18": "W", "23": "E", "28": "S", "31": "E", "32": "E", "33": "E", "35": "E", "42": "E", "44": "E", "53": "W", "68": "E", "70": "W", "72": "W", "79": "W", "90": "S", "101": "W", "119": "E", "120": "S", "130": "W", "132": "N", "133": "S", "143": "N", "145": "N", "161": "N", "163": "N", "166": "E", "178": "W", "180": "E", "184": "W", "185": "N", "190": "W", "196": "S", "0": "E", "1": "W", "12": "W", "19": "N", "39": "S", "43": "S", "45": "S", "48": "E", "52": "E", "59": "N", "66": "E", "87": "N", "98": "E", "105": "N", "109": "W", "114": "N", "124": "E", "125": "W", "126": "W", "137": "S", "138": "E", "141": "E", "144": "N", "156": "E", "169": "E", "175": "E", "25": "E", "83": "S", "93": "W", "94": "S", "4": "W", "21": "N", "36": "W", "58": "N", "61": "S", "62": "N", "65": "E", "82": "E", "104": "E", "110": "E", "113": "S", "121": "W", "123": "W", "147": "N", "172": "W", "174": "W", "197": "E", "57": "N", "108": "N", "117": "S", "142": "N", "148": "S", "150": "E", "171": "N", "179": "W", "187": "W", "89": "N", "154": "W", "159": "N", "170": "W", "11": "W", "17": "N", "136": "W", "192": "E", "198": "N", "29": "E", "34": "W", "149": "N", "20": "E", "168": "W", "189": "N", "16": "W", "54": "S", "92": "N", "107": "N", "122": "E", "80": "E", "95": "W", "129": "N", "24": "N", "112": "N", "135": "W"}, {"26": "W", "40": "E", "47": "E", "60": "E", "67": "E", "74": "N", "78": "N", "86": "W", "96": "W", "99": "S", "106": "W", "111": "N", "146": "N", "155": "W", "167": "S", "186": "E", "191": "W", "199": "W", "2": "W", "5": "N", "7": "E", "18": "W", "23": "E", "31": "E", "33": "E", "35": "E", "42": "E", "53": "N", "68": "E", "70": "W", "75": "W", "79": "W", "90": "S", "101": "W", "130": "W", "132": "N", "133": "E", "143": "N", "163": "N", "166": "E", "178": "W", "196": "S", "0": "E", "1": "W", "12": "W", "19": "N", "45": "S", "66": "E", "87": "N", "105": "N", "109": "W", "125": "W", "126": "W", "141": "E", "144": "N", "156": "E", "169": "E", "175": "E", "25": "E", "83": "S", "93": "W", "94": "S", "21": "N", "36": "W", "58": "N", "62": "N", "65": "E", "82": "E", "104": "E", "110": "E", "121": "W", "123": "W", "147": "N", "172": "W", "174": "W", "4": "W", "61": "S", "113": "S", "197": "E", "57": "N", "108": "N", "117": "S", "142": "N", "148": "S", "150": "E", "171": "N", "179": "W", "187": "W", "89": "N", "154": "W", "159": "N", "170": "W", "11": "W", "17": "N", "136": "W", "192": "E", "198": "N", "29": "E", "34": "W", "149": "N", "20": "E", "63": "S", "168": "W", "189": "N", "16": "W", "92": "E", "107": "N", "122": "E", "80": "E", "95": "W", "116": "E", "135": "W"}, {"60": "E", "74": "N", "78": "N", "96": "W", "106": "W", "111": "N", "146": "N", "167": "S", "186": "N", "199": "W", "2": "W", "5": "N", "23": "N", "31": "S", "33": "E", "75": "W", "79": "W", "90": "E", "101": "W", "130": "W", "132": "N", "143": "N", "145": "N", "163": "N", "166": "E", "178": "W", "185": "N", "190": "W", "196": "S", "1": "W", "12": "W", "19": "N", "45": "S", "59": "N", "87": "N", "105": "N", "126": "W", "137": "S", "141": "E", "144": "N", "156": "E", "83": "S", "93": "W", "21": "N", "36": "W", "58": "N", "62": "N", "82": "E", "121": "W", "147": "N", "172": "W", "4": "W", "113": "S", "57": "N", "108": "N", "142": "N", "150": "E", "171": "N", "179": "W", "187": "W", "117": "S", "89": "N", "154": "W", "159": "N", "170": "W", "11": "W", "17": "N", "136": "W", "192": "E", "198": "N", "29": "E", "34": "W", "149": "N", "20": "E", "63": "W", "168": "W", "189": "N", "16": "W", "54": "W", "92": "E", "107": "N", "122": "E", "80": "E", "95": "W", "116": "E", "183": "W", "9": "N", "165": "W", "135": "W"}, {"60": "N", "74": "N", "78": "N", "96": "W", "106": "N", "167": "S", "199": "W", "2": "S", "7": "E", "75": "S", "101": "W", "130": "W", "143": "N", "145": "E", "163": "W", "166": "N", "178": "N", "185": "N", "190": "N", "196": "S", "1": "W", "19": "N", "45": "W", "59": "N", "66": "E", "105": "N", "126": "W", "137": "S", "25": "E", "83": "S", "94": "S", "36": "W", "58": "N", "62": "N", "121": "W", "61": "S", "113": "S", "197": "E", "57": "N", "171": "N", "179": "W", "187": "W", "117": "S", "89": "N", "154": "W", "159": "N", "170": "W", "148": "S", "11": "W", "17": "N", "136": "W", "192": "E", "198": "N", "29": "E", "34": "W", "149": "N", "20": "E", "63": "W", "168": "W", "189": "N", "16": "W", "54": "W", "92": "E", "107": "N", "122": "E", "80": "E", "95": "W", "116": "E", "129": "N", "183": "W", "24": "N", "165": "W", "112": "N"}, {"74": "N", "78": "W", "96": "W", "7": "S", "33": "E", "79": "W", "130": "W", "185": "W", "12": "W", "105": "N", "126": "W", "137": "E", "141": "E", "156": "E", "25": "E", "93": "W", "94": "S", "62": "N", "82": "E", "121": "W", "172": "W", "4": "W", "61": "S", "197": "E", "57": "N", "150": "E", "187": "W", "89": "N", "154": "W", "148": "S", "11": "W", "17": "N", "192": "E", "136": "W", "29": "E", "34": "W", "149": "N", "20": "E", "63": "W", "168": "W", "189": "N", "16": "W", "54": "W", "92": "E", "107": "N", "122": "E", "80": "E", "95": "W", "116": "E", "129": "E", "183": "W", "9": "E", "165": "W"}, {"74": "E", "96": "W", "199": "W", "33": "S", "79": "W", "101": "W", "130": "W", "143": "N", "1": "W", "12": "W", "19": "N", "59": "N", "66": "E", "126": "W", "141": "S", "25": "S", "93": "W", "94": "E", "36": "W", "58": "N", "121": "W", "172": "W", "4": "W", "171": "N", "179": "W", "187": "W", "154": "W", "159": "N", "170": "W", "11": "W", "198": "N", "136": "W", "34": "W", "63": "W", "168": "W", "16": "W", "54": "W", "92": "E", "107": "N", "95": "W", "116": "E", "129": "E", "183": "W", "9": "E", "165": "W"}, {"96": "W", "79": "N", "130": "W", "143": "E", "59": "N", "66": "E", "126": "W", "156": "E", "93": "S", "82": "E", "121": "W", "61": "S", "197": "E", "150": "E", "187": "W", "154": "W", "148": "S", "11": "W", "192": "E", "29": "E", "34": "W", "168": "W", "20": "E", "63": "W", "16": "W", "54": "W", "122": "E", "80": "E", "95": "W", "129": "E", "183": "W", "9": "E", "24": "N", "165": "W", "112": "N", "135": "S"}, {"96": "W", "130": "W", "143": "N", "12": "W", "19": "N", "59": "W", "66": "N", "105": "N", "126": "W", "156": "E", "58": "N", "62": "N", "82": "E", "121": "W", "172": "W", "4": "W", "61": "S", "197": "E", "57": "N", "150": "E", "171": "N", "187": "W", "89": "N", "154": "W", "159": "N", "148": "S", "11": "W", "17": "N", "192": "E", "198": "N", "29": "E", "34": "W", "149": "N", "168": "W", "20": "E", "16": "W", "63": "W", "189": "N", "54": "W", "92": "E", "107": "N", "122": "E", "80": "E", "95": "W", "116": "E", "129": "E", "183": "W", "9": "E", "24": "E", "165": "W", "135": "W"}, {"96": "W", "130": "W", "143": "N", "12": "W", "19": "N", "105": "N", "126": "W", "156": "N", "58": "N", "62": "N", "121": "W", "172": "W", "4": "W", "61": "E", "197": "S", "57": "N", "171": "N", "187": "W", "89": "N", "154": "W", "159": "N", "11": "W", "17": "N", "198": "N", "34": "W", "149": "N", "168": "W", "16": "W", "189": "N", "95": "W", "63": "W", "54": "W", "92": "E", "107": "N", "116": "E", "129": "E", "183": "W", "9": "E", "24": "E", "165": "W", "112": "N", "135": "W"}, {"143": "E", "12": "N", "19": "W", "82": "E", "4": "S", "150": "E", "148": "S", "192": "E", "29": "E", "20": "E", "122": "E", "63": "W", "54": "W", "80": "E", "183": "W", "24": "E", "165": "W", "112": "E", "135": "W"}, {"96": "W", "130": "W", "105": "N", "126": "W", "58": "N", "62": "N", "82": "S", "121": "W", "172": "W", "57": "N", "171": "N", "187": "W", "89": "N", "154": "W", "159": "N", "148": "S", "11": "W", "17": "N", "198": "N", "34": "W", "149": "N", "168": "W", "16": "W", "189": "N", "95": "W", "107": "N", "63": "W", "54": "W", "92": "E", "116": "E", "129": "E", "183": "W", "9": "E", "24": "E", "165": "W", "112": "E", "135": "W"}, {"96": "W", "130": "W", "126": "W", "58": "N", "121": "W", "172": "W", "150": "E", "171": "N", "187": "W", "154": "W", "159": "N", "148": "E", "11": "W", "192": "E", "198": "N", "29": "E", "34": "W", "168": "W", "20": "E", "16": "W", "122": "E", "95": "W", "63": "W", "80": "E", "54": "W", "92": "E", "116": "E", "129": "E", "183": "W", "9": "E", "24": "E", "165": "W", "112": "E", "135": "W"}, {"96": "W", "130": "W", "126": "W", "58": "W", "121": "W", "172": "S", "150": "E", "187": "W", "154": "W", "11": "W", "192": "E", "29": "E", "34": "W", "168": "W", "20": "E", "16": "W", "122": "E", "95": "W", "63": "W", "80": "E", "54": "W", "92": "E", "183": "W", "116": "E", "129": "E", "9": "E", "24": "E", "165": "W", "112": "E", "135": "W"}, {"96": "W", "130": "W", "126": "W", "121": "W", "150": "N", "171": "N", "187": "W", "154": "W", "159": "N", "11": "W", "198": "N", "34": "W", "168": "W", "16": "W", "95": "W", "63": "W", "54": "W", "183": "W", "165": "W", "112": "E", "135": "W"}, {"171": "N", "159": "N", "192": "E", "198": "N", "29": "E", "20": "E", "122": "E", "80": "E", "92": "E", "116": "E", "129": "E", "9": "E", "24": "E", "112": "E", "135": "W"}, {"96": "W", "130": "W", "126": "W", "121": "W", "171": "W", "187": "W", "154": "W", "11": "W", "192": "S", "34": "W", "168": "W", "16": "W", "95": "W", "63": "W", "54": "W", "183": "W", "165": "W", "135": "W"}, {"159": "N", "198": "N", "29": "E", "20": "E", "122": "E", "80": "E", "92": "E", "116": "E", "129": "E", "9": "E", "24": "E", "112": "E"}, {"159": "E", "29": "E", "20": "E", "122": "E", "80": "E", "92": "E", "116": "E", "129": "E", "9": "E", "24": "E", "112": "E"}, {"198": "N", "29": "N"}, {"198": "N", "20": "E", "122": "E", "80": "E", "92": "E", "116": "E", "129": "E", "9": "E", "24": "E", "112": "E"}, {"198": "W", "20": "S"}, {"122": "E", "80": "E", "92": "E", "116": "E", "129": "E", "9": "E", "24": "E", "112": "E"}, {"122": "E", "80": "E", "92": "E", "116": "E", "129": "E", "9": "E", "24": "E", "112": "E"}, {"122": "N"}, {"80": "E", "92": "E", "116": "E", "129": "E", "9": "E", "24": "E", "112": "E"}, {"80": "S"}, {"92": "E", "116": "E", "129": "E", "9": "E", "24": "E", "112": "E"}, {"92": "E", "116": "E", "129": "E", "9": "E", "24": "E", "112": "E"}, {"92": "N"}, {"116": "E", "129": "E", "9": "E", "24": "E", "112": "E"}, {"116": "S"}, {"129": "E", "9": "E", "24": "E", "112": "E"}, {"129": "E", "9": "E", "24": "E", "112": "E"}, {"129": "N"}, {"9": "E", "24": "E", "112": "E"}, {"9": "S"}, {"24": "E", "112": "E"}, {"24": "E", "112": "E"}, {"24": "N"}, {"112": "E"}, {"112": "S"}, {"167": "E"}, {"167": "N"}, {"167": "N"}, {"167": "N"}, {"167": "N"}, {"167": "N"}, {"167": "N"}, {"167": "N"}, {"167": "N"}, {"167": "N"}, {"167": "N"}, {"167": "N"}, {"167": "E"}, {"167": "E"}, {"167": "N"}, {"167": "E"}, {"167": "E"}, {"167": "E"}, {"167": "N"}, {"167": "N"}, {"167": "N"}, {"68": "N"}, {"68": "W"}, {"68": "W"}, {"68": "W"}, {"68": "W"}, {"68": "W"}, {"68": "W"}, {"68": "W"}, {"68": "W"}, {"68": "W"}, {"68": "W"}, {"68": "W"}, {"68": "W"}, {"68": "W"}, {"68": "S"}, {"27": "E"}, {"27": "S"}, {"27": "S"}, {"27": "S"}, {"27": "S"}, {"27": "S"}, {"27": "S"}, {"27": "S"}, {"27": "S"}, {"27": "E"}, {"27": "E"}, {"27": "S"}, {"27": "E"}, {"27": "E"}, {"27": "S"}, {"27": "S"}, {"27": "E"}, {"27": "E"}, {"27": "E"}, {"27": "E"}, {"27": "S"}, {"27": "S"}, {"27": "S"}, {"145": "W"}, {"145": "S"}, {"145": "S"}, {"145": "S"}, {"145": "W"}, {"145": "W"}, {"145": "S"}, {"145": "W"}, {"145": "W"}, {"145": "W"}, {"145": "S"}, {"145": "S"}, {"145": "S"}, {"145": "S"}, {"145": "S"}, {"145": "W"}, {"145": "W"}, {"145": "W"}, {"145": "W"}, {"145": "W"}, {"145": "W"}, {"145": "S"}, {"145": "S"}, {"145": "S"}, {"145": "S"}, {"145": "S"}, {"145": "S"}, {"145": "S"}, {"145": "S"}, {"145": "S"}, {"145": "E"}, {"145": "E"}, {"145": "E"}, {"145": "E"}, {"145": "E"}, {"145": "E"}, {"145": "N"}, {"145": "E"}, {"145": "E"}, {"145": "E"}, {"145": "N"}, {"145": "N"}, {"32": "N"}, {"32": "W"}, {"32": "W"}, {"32": "W"}, {"32": "W"}, {"32": "W"}, {"32": "W"}, {"32": "N"}, {"32": "N"}, {"32": "N"}, {"32": "W"}, {"32": "W"}, {"32": "W"}, {"32": "W"}, {"32": "W"}, {"32": "S"}, {"32": "S"}, {"123": "S"}, {"123": "E"}, {"123": "S"}, {"123": "S"}, {"123": "S"}, {"123": "S"}, {"123": "S"}, {"123": "S"}, {"123": "S"}, {"123": "S"}, {"123": "E"}, {"123": "E"}, {"123": "S"}, {"123": "S"}, {"123": "E"}, {"123": "E"}, {"123": "E"}, {"123": "E"}, {"123": "E"}, {"123": "E"}, {"123": "N"}, {"123": "E"}, {"123": "E"}, {"123": "E"}, {"123": "N"}, {"181": "S"}, {"181": "S"}, {"181": "W"}, {"181": "S"}, {"181": "S"}, {"181": "S"}, {"181": "S"}, {"181": "S"}, {"181": "S"}, {"181": "S"}, {"181": "S"}, {"181": "E"}, {"181": "E"}, {"181": "E"}, {"64": "W"}, {"64": "S"}, {"64": "S"}, {"64": "S"}, {"64": "S"}, {"64": "E"}, {"64": "E"}, {"64": "S"}, {"64": "S"}, {"64": "S"}, {"64": "S"}, {"64": "S"}, {"64": "S"}, {"64": "W"}, {"64": "S"}, {"64": "W"}, {"64": "W"}, {"64": "W"}, {"64": "W"}, {"64": "W"}, {"64": "S"}, {"4": "N"}, {"4": "E"}, {"4": "E"}, {"4": "E"}, {"4": "E"}, {"4": "E"}, {"4": "N"}, {"4": "N"}, {"4": "N"}, {"4": "N"}, {"4": "N"}, {"4": "N"}, {"4": "N"}, {"4": "N"}, {"4": "E"}, {"4": "E"}, {"4": "N"}, {"4": "N"}, {"4": "N"}, {"4": "E"}, {"4": "E"}, {"4": "E"}, {"4": "E"}, {"4": "S"}, {"4": "E"}, {"4": "E"}, {"4": "S"}, {"4": "S"}, {"4": "E"}, {"183": "N"}, {"183": "E"}, {"183": "E"}, {"183": "E"}, {"183": "N"}, {"183": "N"}, {"183": "N"}, {"183": "N"}, {"183": "N"}, {"183": "E"}, {"183": "E"}, {"183": "N"}, {"183": "N"}, {"183": "N"}, {"183": "E"}, {"183": "E"}, {"183": "E"}, {"183": "E"}, {"183": "S"}, {"183": "E"}, {"183": "E"}, {"183": "S"}, {"183": "S"}, {"43": "N"}, {"43": "N"}, {"43": "N"}, {"43": "N"}, {"43": "N"}, {"43": "N"}, {"43": "N"}, {"43": "E"}, {"43": "E"}, {"43": "E"}, {"43": "E"}, {"43": "N"}, {"43": "E"}, {"43": "E"}, {"43": "E"}, {"172": "N"}, {"172": "E"}, {"172": "E"}, {"172": "E"}, {"172": "E"}, {"172": "E"}, {"172": "E"}, {"172": "E"}, {"172": "E"}, {"172": "E"}, {"172": "E"}, {"172": "E"}, {"172": "E"}, {"172": "E"}, {"172": "E"}, {"172": "E"}, {"172": "E"}, {"172": "N"}, {"172": "N"}, {"172": "N"}, {"172": "N"}, {"172": "E"}, {"172": "E"}, {"172": "S"}, {"172": "E"}, {"172": "E"}, {"172": "E"}, {"172": "E"}, {"172": "E"}, {"172": "E"}, {"172": "E"}, {"172": "E"}, {"172": "S"}, {"172": "S"}, {"172": "S"}, {"172": "S"}, {"172": "S"}, {"172": "S"}, {"172": "W"}, {"172": "S"}, {"172": "W"}, {"172": "W"}, {"172": "W"}, {"172": "W"}, {"172": "W"}, {"51": "S"}, {"51": "W"}, {"51": "W"}, {"51": "W"}, {"51": "S"}, {"51": "S"}, {"51": "S"}, {"51": "S"}, {"51": "S"}, {"51": "S"}, {"51": "S"}, {"51": "S"}, {"51": "S"}, {"51": "S"}, {"51": "S"}, {"51": "S"}, {"51": "W"}, {"51": "W"}, {"51": "W"}, {"51": "W"}, {"51": "S"}, {"51": "S"}, {"51": "W"}, {"51": "W"}, {"51": "W"}, {"51": "W"}, {"51": "W"}, {"51": "W"}, {"51": "W"}, {"51": "W"}, {"51": "W"}, {"51": "W"}, {"51": "W"}, {"51": "N"}, {"51": "N"}, {"51": "N"}, {"51": "N"}, {"51": "N"}, {"51": "E"}, {"51": "E"}, {"51": "E"}, {"51": "E"}, {"51": "E"}, {"84": "E"}, {"84": "E"}, {"84": "E"}, {"84": "N"}, {"84": "N"}, {"84": "N"}, {"84": "E"}, {"84": "E"}, {"84": "E"}, {"84": "E"}, {"84": "E"}, {"84": "E"}, {"84": "N"}, {"84": "N"}, {"84": "N"}, {"84": "N"}, {"84": "N"}, {"84": "E"}, {"84": "E"}, {"84": "S"}, {"84": "E"}, {"84": "E"}, {"84": "E"}, {"84": "E"}, {"84": "E"}, {"84": "E"}, {"84": "E"}, {"84": "E"}, {"84": "S"}, {"84": "S"}, {"84": "S"}, {"84": "S"}, {"84": "S"}, {"84": "S"}, {"84": "W"}, {"84": "S"}, {"84": "W"}, {"84": "W"}, {"84": "W"}, {"84": "W"}, {"173": "S"}, {"173": "E"}, {"173": "S"}, {"173": "S"}, {"173": "S"}, {"173": "S"}, {"173": "S"}, {"173": "S"}, {"173": "E"}, {"173": "E"}, {"173": "S"}, {"173": "E"}, {"173": "E"}, {"173": "E"}, {"173": "E"}, {"173": "E"}, {"173": "E"}, {"173": "N"}, {"173": "E"}, {"173": "E"}, {"6": "W"}, {"6": "S"}, {"6": "S"}, {"6": "W"}, {"6": "W"}, {"6": "S"}, {"6": "S"}, {"6": "S"}, {"6": "S"}, {"6": "S"}, {"6": "S"}, {"6": "S"}, {"6": "S"}, {"193": "N"}, {"193": "W"}, {"193": "W"}, {"193": "N"}, {"193": "W"}, {"193": "W"}, {"193": "W"}, {"193": "N"}, {"193": "N"}, {"193": "N"}, {"193": "N"}, {"193": "N"}, {"193": "E"}, {"193": "E"}, {"193": "N"}, {"193": "E"}, {"97": "N"}, {"97": "W"}, {"97": "W"}, {"97": "W"}, {"97": "W"}, {"97": "W"}, {"97": "W"}, {"97": "N"}, {"97": "W"}, {"97": "W"}, {"97": "N"}, {"97": "N"}, {"97": "N"}, {"97": "N"}, {"97": "N"}, {"97": "W"}, {"97": "W"}, {"97": "W"}, {"97": "W"}, {"97": "N"}, {"97": "N"}, {"97": "N"}, {"97": "N"}, {"97": "N"}, {"97": "N"}, {"97": "N"}, {"97": "N"}, {"97": "N"}, {"97": "E"}, {"97": "E"}, {"97": "E"}, {"97": "E"}, {"97": "S"}, {"97": "E"}, {"97": "E"}, {"18": "S"}, {"18": "E"}, {"18": "E"}, {"18": "E"}, {"18": "E"}, {"18": "E"}, {"18": "E"}, {"18": "E"}, {"18": "E"}, {"18": "E"}, {"18": "S"}, {"18": "S"}, {"18": "S"}, {"18": "E"}, {"18": "E"}, {"18": "E"}, {"18": "E"}, {"18": "E"}, {"18": "E"}, {"18": "E"}, {"18": "E"}, {"18": "E"}, {"18": "E"}, {"18": "E"}, {"18": "N"}, {"18": "N"}, {"18": "E"}, {"18": "E"}, {"18": "E"}, {"18": "E"}, {"18": "N"}, {"18": "N"}, {"18": "N"}, {"18": "W"}, {"18": "W"}, {"18": "W"}, {"18": "W"}, {"18": "N"}, {"18": "N"}, {"18": "N"}, {"18": "N"}, {"18": "N"}, {"18": "N"}, {"18": "W"}, {"18": "W"}, {"18": "W"}, {"116": "S"}, {"116": "W"}, {"116": "W"}, {"116": "W"}, {"116": "W"}, {"116": "W"}, {"116": "S"}, {"116": "W"}, {"116": "W"}, {"116": "W"}, {"116": "W"}, {"116": "W"}, {"116": "S"}, {"116": "S"}, {"116": "S"}, {"116": "S"}, {"116": "S"}, {"116": "S"}, {"116": "W"}, {"116": "W"}, {"116": "W"}, {"116": "W"}, {"116": "S"}, {"116": "S"}, {"116": "W"}, {"116": "W"}, {"116": "W"}, {"116": "W"}, {"116": "W"}, {"116": "W"}, {"116": "W"}, {"116": "W"}, {"116": "W"}, {"116": "W"}, {"116": "W"}, {"116": "N"}, {"116": "N"}, {"116": "N"}, {"116": "N"}, {"116": "N"}, {"116": "E"}, {"116": "E"}, {"116": "E"}, {"116": "E"}, {"47": "N"}, {"47": "W"}, {"47": "W"}, {"47": "W"}, {"47": "W"}, {"47": "W"}, {"47": "W"}, {"47": "W"}, {"47": "N"}, {"47": "N"}, {"47": "N"}, {"47": "N"}, {"47": "N"}, {"47": "N"}, {"47": "N"}, {"47": "W"}, {"47": "W"}, {"47": "W"}, {"47": "W"}, {"47": "W"}, {"47": "W"}, {"47": "W"}, {"47": "W"}, {"47": "N"}, {"47": "W"}, {"47": "W"}, {"47": "W"}, {"47": "S"}, {"47": "S"}, {"47": "S"}, {"47": "S"}, {"47": "S"}, {"47": "S"}, {"121": "N"}, {"121": "N"}, {"121": "N"}, {"121": "N"}, {"121": "N"}, {"121": "N"}, {"121": "N"}, {"121": "E"}, {"121": "E"}, {"121": "E"}, {"121": "E"}, {"121": "E"}, {"121": "E"}, {"121": "E"}, {"121": "E"}, {"121": "E"}, {"121": "E"}, {"121": "E"}, {"121": "E"}, {"121": "E"}, {"121": "N"}, {"121": "N"}, {"121": "E"}, {"121": "E"}, {"121": "E"}, {"121": "E"}, {"121": "E"}, {"121": "E"}, {"121": "E"}, {"121": "E"}, {"161": "E"}, {"161": "S"}, {"161": "S"}, {"161": "W"}, {"161": "W"}, {"161": "W"}, {"161": "W"}, {"161": "W"}, {"161": "W"}, {"161": "W"}, {"161": "W"}, {"161": "W"}, {"161": "W"}, {"161": "W"}, {"161": "W"}, {"161": "S"}, {"161": "S"}, {"161": "S"}, {"161": "S"}, {"161": "S"}, {"161": "S"}, {"108": "S"}, {"108": "S"}, {"108": "S"}, {"108": "S"}, {"108": "S"}, {"108": "S"}, {"108": "S"}, {"108": "W"}, {"108": "W"}, {"108": "W"}, {"108": "W"}, {"108": "S"}, {"108": "S"}, {"108": "S"}, {"108": "S"}, {"108": "S"}, {"108": "S"}, {"108": "S"}, {"108": "S"}, {"108": "S"}, {"108": "E"}, {"108": "E"}, {"108": "E"}, {"108": "E"}, {"108": "E"}, {"108": "E"}, {"150": "S"}, {"150": "W"}, {"150": "W"}, {"150": "W"}, {"150": "W"}, {"150": "W"}, {"150": "W"}, {"150": "W"}, {"150": "W"}, {"150": "W"}, {"150": "W"}, {"150": "W"}, {"150": "W"}, {"150": "W"}, {"22": "N"}, {"22": "W"}, {"22": "W"}, {"22": "W"}, {"22": "W"}, {"22": "W"}, {"22": "W"}, {"22": "N"}, {"22": "W"}, {"22": "W"}, {"22": "W"}, {"22": "W"}, {"22": "W"}, {"22": "W"}, {"22": "W"}, {"22": "W"}, {"22": "N"}, {"22": "W"}, {"22": "W"}, {"22": "W"}, {"22": "W"}, {"22": "S"}, {"22": "S"}, {"22": "S"}, {"22": "S"}, {"22": "S"}, {"22": "S"}, {"52": "W"}, {"52": "W"}, {"52": "W"}, {"52": "W"}, {"52": "N"}, {"52": "N"}, {"52": "N"}, {"52": "N"}, {"52": "N"}, {"52": "N"}, {"52": "N"}, {"52": "N"}, {"52": "N"}, {"52": "W"}, {"52": "W"}, {"52": "W"}, {"52": "W"}, {"52": "W"}, {"52": "W"}, {"52": "W"}, {"52": "W"}, {"52": "N"}, {"52": "W"}, {"52": "W"}, {"52": "W"}, {"52": "W"}, {"52": "S"}, {"52": "S"}, {"52": "S"}, {"52": "S"}, {"52": "S"}, {"166": "S"}, {"166": "W"}, {"166": "W"}, {"166": "W"}, {"166": "W"}, {"166": "S"}, {"166": "S"}, {"166": "S"}, {"166": "S"}, {"166": "S"}, {"166": "S"}, {"166": "W"}, {"166": "W"}, {"166": "W"}, {"166": "W"}, {"166": "S"}, {"166": "S"}, {"166": "W"}, {"166": "W"}, {"166": "W"}, {"166": "W"}, {"166": "W"}, {"166": "W"}, {"166": "W"}, {"166": "W"}, {"166": "W"}, {"166": "W"}, {"166": "W"}, {"166": "N"}, {"166": "N"}, {"166": "N"}, {"166": "N"}, {"7": "N"}, {"7": "W"}, {"7": "W"}, {"7": "W"}, {"7": "W"}, {"7": "W"}, {"7": "W"}, {"7": "W"}, {"7": "S"}, {"7": "S"}, {"7": "W"}, {"7": "S"}, {"7": "W"}, {"63": "N"}, {"63": "N"}, {"63": "N"}, {"63": "N"}, {"63": "N"}, {"63": "N"}, {"63": "N"}, {"63": "E"}, {"63": "E"}, {"63": "E"}, {"63": "E"}, {"63": "E"}, {"63": "N"}, {"63": "N"}, {"63": "N"}, {"63": "E"}, {"63": "E"}, {"63": "E"}, {"63": "E"}, {"63": "E"}, {"63": "E"}, {"63": "E"}, {"138": "W"}, {"138": "S"}, {"138": "S"}, {"138": "S"}, {"138": "S"}, {"138": "S"}, {"138": "S"}, {"138": "S"}, {"138": "S"}, {"138": "S"}, {"138": "S"}, {"138": "S"}, {"138": "W"}, {"138": "W"}, {"138": "W"}, {"138": "W"}, {"138": "S"}, {"138": "S"}, {"138": "W"}, {"138": "W"}, {"138": "W"}, {"138": "W"}, {"138": "W"}, {"138": "W"}, {"138": "W"}, {"138": "W"}, {"138": "W"}, {"138": "W"}, {"138": "W"}, {"138": "N"}, {"138": "N"}, {"138": "N"}, {"138": "W"}, {"138": "N"}, {"138": "N"}, {"138": "E"}, {"138": "E"}, {"67": "S"}, {"67": "W"}, {"67": "W"}, {"67": "W"}, {"67": "W"}, {"67": "W"}, {"67": "W"}, {"67": "W"}, {"67": "N"}, {"67": "N"}, {"67": "N"}, {"67": "N"}, {"67": "N"}, {"67": "N"}, {"67": "N"}, {"67": "W"}, {"67": "W"}, {"67": "W"}, {"67": "W"}, {"67": "W"}, {"67": "W"}, {"67": "W"}, {"67": "W"}, {"67": "N"}, {"67": "W"}, {"67": "W"}, {"67": "S"}, {"67": "S"}, {"67": "S"}, {"67": "S"}, {"141": "N"}, {"141": "W"}, {"141": "W"}, {"141": "W"}, {"141": "W"}, {"141": "S"}, {"141": "S"}, {"141": "S"}, {"141": "S"}, {"141": "S"}, {"141": "S"}, {"141": "W"}, {"141": "W"}, {"141": "W"}, {"141": "W"}, {"141": "S"}, {"141": "S"}, {"141": "W"}, {"141": "W"}, {"141": "W"}, {"141": "W"}, {"141": "W"}, {"141": "W"}, {"141": "W"}, {"141": "W"}, {"141": "W"}, {"141": "W"}, {"141": "W"}, {"141": "N"}, {"141": "N"}, {"141": "N"}, {"141": "W"}, {"141": "N"}, {"141": "N"}, {"141": "E"}, {"165": "N"}, {"165": "E"}, {"165": "E"}, {"165": "E"}, {"165": "E"}, {"165": "S"}, {"165": "E"}, {"165": "E"}, {"165": "E"}, {"165": "S"}, {"165": "S"}, {"165": "E"}, {"165": "S"}, {"165": "S"}, {"165": "S"}, {"165": "E"}, {"165": "E"}, {"165": "E"}, {"165": "E"}, {"165": "E"}, {"165": "E"}, {"165": "E"}, {"165": "E"}, {"165": "E"}, {"165": "E"}, {"165": "E"}, {"165": "N"}, {"165": "N"}, {"165": "E"}, {"165": "E"}, {"165": "E"}, {"165": "E"}, {"165": "N"}, {"165": "N"}, {"165": "N"}, {"165": "W"}, {"165": "W"}, {"165": "W"}, {"165": "W"}, {"165": "N"}, {"165": "N"}, {"165": "N"}, {"104": "W"}, {"104": "S"}, {"104": "S"}, {"104": "S"}, {"104": "S"}, {"104": "S"}, {"104": "S"}, {"104": "S"}, {"104": "S"}, {"104": "S"}, {"104": "S"}, {"104": "W"}, {"104": "W"}, {"104": "W"}, {"104": "W"}, {"104": "S"}, {"104": "S"}, {"104": "W"}, {"104": "W"}, {"104": "W"}, {"104": "W"}, {"104": "W"}, {"104": "W"}, {"104": "W"}, {"104": "W"}, {"104": "W"}, {"104": "W"}, {"104": "W"}, {"104": "W"}, {"104": "N"}, {"104": "N"}, {"104": "N"}, {"104": "N"}, {"159": "E"}, {"159": "E"}, {"159": "S"}, {"159": "S"}, {"159": "S"}, {"159": "S"}, {"159": "S"}, {"159": "S"}, {"159": "S"}, {"159": "S"}, {"159": "S"}, {"159": "S"}, {"159": "S"}, {"159": "E"}, {"159": "E"}, {"159": "E"}, {"159": "E"}, {"159": "E"}, {"159": "E"}, {"159": "E"}, {"159": "E"}, {"159": "S"}, {"159": "S"}, {"159": "S"}, {"159": "S"}, {"159": "S"}, {"159": "S"}, {"159": "W"}, {"159": "S"}, {"9": "N"}, {"9": "W"}, {"9": "W"}, {"9": "W"}, {"9": "W"}, {"9": "W"}, {"9": "W"}, {"9": "W"}, {"9": "W"}, {"9": "W"}, {"9": "W"}, {"9": "W"}, {"9": "W"}, {"9": "W"}, {"9": "W"}, {"9": "N"}, {"9": "N"}, {"9": "N"}, {"9": "N"}, {"9": "N"}, {"9": "N"}, {"9": "N"}, {"9": "W"}, {"9": "W"}, {"9": "W"}, {"9": "W"}, {"9": "W"}, {"9": "W"}, {"9": "W"}, {"9": "W"}, {"9": "N"}, {"9": "W"}, {"9": "W"}, {"9": "S"}, {"9": "S"}, {"9": "S"}, {"180": "S"}, {"180": "W"}, {"180": "W"}, {"180": "W"}, {"180": "W"}, {"180": "W"}, {"180": "N"}, {"180": "N"}, {"180": "N"}, {"180": "N"}, {"180": "N"}, {"180": "N"}, {"180": "N"}, {"180": "N"}, {"180": "N"}, {"180": "N"}, {"180": "W"}, {"180": "W"}, {"180": "W"}, {"180": "W"}, {"180": "W"}, {"180": "W"}, {"180": "W"}, {"180": "W"}, {"180": "N"}, {"180": "W"}, {"180": "W"}, {"180": "W"}, {"180": "S"}, {"180": "S"}, {"180": "S"}, {"195": "W"}, {"195": "W"}, {"195": "W"}, {"195": "W"}, {"195": "W"}, {"195": "W"}, {"195": "W"}, {"195": "W"}, {"195": "W"}, {"195": "W"}, {"195": "W"}, {"195": "W"}, {"195": "N"}, {"195": "W"}, {"195": "W"}, {"195": "W"}, {"195": "W"}, {"195": "S"}, {"195": "S"}, {"195": "S"}, {"195": "S"}, {"48": "W"}, {"48": "W"}, {"48": "W"}, {"48": "W"}, {"48": "N"}, {"48": "N"}, {"48": "W"}, {"48": "N"}, {"65": "W"}, {"65": "W"}, {"65": "W"}, {"65": "W"}, {"65": "N"}, {"65": "N"}, {"65": "N"}, {"65": "W"}, {"80": "S"}, {"80": "W"}, {"80": "W"}, {"80": "W"}, {"80": "W"}, {"80": "S"}, {"80": "W"}, {"80": "W"}, {"80": "W"}, {"80": "W"}, {"80": "W"}, {"80": "S"}, {"80": "S"}, {"80": "S"}, {"80": "S"}, {"80": "S"}, {"80": "S"}, {"80": "W"}, {"80": "W"}, {"80": "W"}, {"80": "W"}, {"80": "S"}, {"80": "S"}, {"80": "W"}, {"80": "W"}, {"80": "W"}, {"80": "W"}, {"80": "W"}, {"80": "W"}, {"80": "W"}, {"80": "W"}, {"80": "W"}, {"80": "W"}, {"80": "W"}, {"80": "W"}, {"80": "N"}, {"80": "N"}, {"80": "N"}, {"178": "S"}, {"178": "E"}, {"178": "E"}, {"178": "E"}, {"178": "S"}, {"178": "S"}, {"178": "S"}, {"178": "E"}, {"178": "E"}, {"178": "E"}, {"178": "E"}, {"178": "S"}, {"178": "E"}, {"178": "E"}, {"178": "N"}, {"111": "W"}, {"111": "S"}, {"111": "S"}, {"111": "S"}, {"111": "S"}, {"111": "S"}, {"111": "S"}, {"111": "E"}, {"111": "E"}, {"111": "E"}, {"111": "E"}, {"111": "E"}, {"111": "E"}, {"111": "S"}, {"111": "E"}, {"111": "E"}, {"111": "E"}, {"111": "E"}, {"111": "E"}, {"111": "E"}, {"111": "E"}, {"111": "E"}, {"111": "S"}, {"111": "S"}, {"111": "S"}, {"111": "S"}, {"111": "S"}, {"111": "S"}, {"111": "W"}, {"114": "S"}, {"114": "W"}, {"114": "W"}, {"114": "W"}, {"114": "W"}, {"114": "W"}, {"114": "W"}, {"114": "W"}, {"114": "W"}, {"114": "W"}, {"114": "W"}, {"114": "W"}, {"114": "W"}, {"114": "W"}, {"114": "S"}, {"114": "S"}, {"114": "S"}, {"114": "S"}, {"114": "S"}, {"114": "S"}, {"49": "E"}, {"49": "N"}, {"49": "N"}, {"49": "N"}, {"49": "N"}, {"49": "N"}, {"49": "N"}, {"49": "N"}, {"49": "E"}, {"152": "N"}, {"152": "W"}, {"152": "W"}, {"152": "W"}, {"152": "W"}, {"152": "W"}, {"152": "W"}, {"152": "N"}, {"152": "N"}, {"152": "N"}, {"152": "N"}, {"152": "N"}, {"152": "N"}, {"152": "N"}, {"152": "N"}, {"152": "N"}, {"152": "N"}, {"152": "W"}, {"152": "W"}, {"152": "W"}, {"152": "W"}, {"152": "W"}, {"152": "W"}, {"152": "W"}, {"152": "W"}, {"152": "N"}, {"152": "W"}, {"152": "W"}, {"152": "W"}, {"152": "S"}, {"152": "S"}, {"94": "W"}, {"94": "N"}, {"94": "N"}, {"94": "N"}, {"94": "W"}, {"94": "N"}, {"94": "N"}, {"94": "N"}, {"94": "W"}, {"94": "N"}, {"94": "W"}, {"94": "N"}, {"94": "N"}, {"94": "W"}, {"94": "N"}, {"94": "N"}, {"94": "N"}, {"94": "N"}, {"94": "N"}, {"94": "N"}, {"94": "N"}, {"94": "N"}, {"94": "N"}, {"94": "N"}, {"94": "E"}, {"94": "E"}, {"94": "E"}, {"162": "S"}, {"162": "W"}, {"162": "W"}, {"162": "W"}, {"162": "W"}, {"162": "W"}, {"162": "W"}, {"162": "N"}, {"162": "N"}, {"162": "N"}, {"162": "N"}, {"162": "N"}, {"162": "N"}, {"162": "N"}, {"162": "N"}, {"162": "N"}, {"162": "N"}, {"162": "W"}, {"162": "W"}, {"162": "W"}, {"162": "W"}, {"162": "W"}, {"162": "W"}, {"162": "W"}, {"162": "W"}, {"162": "N"}, {"162": "W"}, {"162": "W"}, {"162": "W"}, {"162": "W"}, {"162": "S"}, {"162": "S"}, {"162": "S"}, {"158": "S"}, {"158": "E"}, {"158": "E"}, {"158": "E"}, {"158": "E"}, {"158": "E"}, {"158": "E"}, {"158": "E"}, {"158": "E"}, {"158": "E"}, {"158": "E"}, {"158": "E"}, {"158": "E"}, {"158": "E"}, {"158": "E"}, {"158": "E"}, {"158": "E"}, {"158": "E"}, {"158": "E"}, {"158": "E"}, {"158": "N"}, {"158": "N"}, {"158": "E"}, {"158": "E"}, {"158": "E"}, {"158": "E"}, {"158": "N"}, {"158": "N"}, {"158": "N"}, {"158": "W"}, {"158": "W"}, {"158": "W"}, {"158": "N"}, {"158": "N"}, {"158": "N"}, {"158": "N"}, {"158": "N"}, {"158": "N"}, {"158": "N"}, {"158": "N"}, {"158": "N"}, {"158": "N"}, {"61": "E"}, {"61": "N"}, {"61": "N"}, {"61": "E"}, {"61": "N"}, {"61": "N"}, {"61": "N"}, {"61": "E"}, {"61": "E"}, {"61": "E"}, {"61": "E"}, {"61": "E"}, {"61": "E"}, {"61": "E"}, {"61": "E"}, {"61": "N"}, {"61": "N"}, {"61": "E"}, {"61": "E"}, {"61": "E"}, {"61": "E"}, {"61": "N"}, {"61": "N"}, {"61": "N"}, {"61": "W"}, {"61": "W"}, {"61": "N"}, {"61": "N"}, {"61": "N"}, {"61": "N"}, {"61": "N"}, {"61": "N"}, {"61": "N"}, {"61": "N"}, {"61": "N"}, {"61": "N"}, {"61": "N"}, {"61": "W"}, {"66": "S"}, {"66": "W"}, {"66": "W"}, {"66": "W"}, {"66": "W"}, {"66": "W"}, {"66": "W"}, {"66": "W"}, {"66": "W"}, {"66": "S"}, {"66": "S"}, {"139": "N"}, {"139": "E"}, {"139": "E"}, {"139": "N"}, {"139": "N"}, {"139": "E"}, {"139": "E"}, {"139": "E"}, {"139": "E"}, {"88": "W"}, {"88": "W"}, {"88": "W"}, {"88": "W"}, {"88": "W"}, {"88": "W"}, {"88": "W"}, {"88": "W"}, {"88": "N"}, {"88": "N"}, {"88": "N"}, {"88": "W"}, {"88": "W"}, {"88": "W"}, {"88": "W"}, {"88": "W"}, {"88": "N"}, {"88": "N"}, {"88": "N"}, {"88": "N"}, {"177": "W"}, {"177": "N"}, {"177": "W"}, {"177": "W"}, {"177": "W"}, {"177": "W"}, {"177": "W"}, {"177": "W"}, {"177": "W"}, {"177": "W"}, {"177": "W"}, {"177": "W"}, {"177": "W"}, {"177": "W"}, {"177": "N"}, {"177": "N"}, {"177": "N"}, {"177": "N"}, {"177": "N"}, {"19": "W"}, {"19": "W"}, {"19": "S"}, {"19": "S"}, {"19": "S"}, {"19": "S"}, {"19": "S"}, {"19": "S"}, {"19": "S"}, {"19": "S"}, {"19": "S"}, {"19": "S"}, {"19": "S"}, {"19": "S"}, {"19": "W"}, {"19": "S"}, {"19": "W"}, {"19": "S"}, {"19": "S"}, {"19": "S"}, {"19": "S"}, {"19": "S"}, {"19": "S"}, {"19": "S"}, {"19": "S"}, {"19": "S"}, {"19": "S"}, {"19": "S"}, {"19": "S"}, {"19": "E"}, {"19": "E"}, {"83": "E"}, {"83": "N"}, {"83": "N"}, {"83": "N"}, {"83": "N"}, {"83": "E"}, {"83": "E"}, {"83": "E"}, {"83": "E"}, {"83": "E"}, {"83": "E"}, {"83": "E"}, {"83": "E"}, {"83": "E"}, {"83": "E"}, {"83": "E"}, {"83": "N"}, {"83": "N"}, {"83": "E"}, {"83": "E"}, {"83": "E"}, {"83": "E"}, {"83": "N"}, {"83": "N"}, {"83": "N"}, {"83": "W"}, {"83": "W"}, {"83": "W"}, {"83": "N"}, {"83": "N"}, {"83": "N"}, {"83": "N"}, {"83": "N"}, {"83": "N"}, {"135": "N"}, {"135": "E"}, {"135": "N"}, {"135": "N"}, {"135": "N"}, {"135": "N"}, {"135": "N"}, {"135": "N"}, {"135": "N"}, {"135": "N"}, {"135": "N"}, {"135": "N"}, {"135": "N"}, {"135": "E"}, {"135": "E"}, {"135": "E"}, {"135": "E"}, {"135": "E"}, {"135": "E"}, {"135": "N"}, {"135": "E"}, {"135": "E"}, {"135": "S"}, {"125": "S"}, {"125": "E"}, {"125": "E"}, {"125": "E"}, {"125": "E"}, {"125": "E"}, {"125": "S"}, {"125": "S"}, {"125": "E"}, {"125": "E"}, {"125": "E"}, {"125": "S"}, {"125": "E"}, {"125": "E"}, {"125": "E"}, {"125": "E"}, {"125": "E"}, {"125": "E"}, {"125": "E"}, {"125": "E"}, {"125": "E"}, {"125": "E"}, {"125": "E"}, {"125": "N"}, {"125": "N"}, {"125": "E"}, {"125": "E"}, {"125": "E"}, {"125": "E"}, {"125": "N"}, {"125": "N"}, {"125": "N"}, {"125": "W"}, {"125": "W"}, {"125": "W"}, {"125": "N"}, {"125": "N"}, {"125": "N"}, {"36": "N"}, {"36": "E"}, {"36": "E"}, {"36": "E"}, {"36": "E"}, {"36": "E"}, {"36": "E"}, {"36": "E"}, {"36": "E"}, {"36": "N"}, {"36": "E"}, {"36": "N"}, {"36": "E"}, {"36": "N"}, {"36": "E"}, {"36": "E"}, {"36": "N"}, {"36": "E"}, {"36": "E"}, {"36": "S"}, {"36": "E"}, {"36": "E"}, {"36": "E"}, {"36": "E"}, {"36": "E"}, {"36": "E"}, {"36": "E"}, {"36": "E"}, {"36": "S"}, {"36": "E"}, {"36": "S"}, {"36": "S"}, {"36": "S"}, {"36": "S"}, {"36": "S"}, {"36": "S"}, {"36": "S"}, {"36": "S"}, {"36": "S"}, {"36": "S"}, {"36": "W"}, {"36": "W"}, {"142": "S"}, {"142": "S"}, {"142": "E"}, {"142": "E"}, {"142": "E"}, {"142": "E"}, {"142": "E"}, {"142": "S"}, {"142": "E"}, {"142": "E"}, {"142": "E"}, {"142": "E"}, {"142": "E"}, {"142": "E"}, {"142": "E"}, {"142": "E"}, {"142": "S"}, {"142": "E"}, {"142": "S"}, {"142": "S"}, {"142": "S"}, {"142": "S"}, {"142": "S"}, {"142": "S"}, {"142": "S"}, {"142": "S"}, {"142": "S"}, {"142": "S"}, {"142": "S"}, {"142": "S"}, {"142": "E"}, {"142": "E"}, {"142": "S"}, {"142": "S"}, {"142": "S"}, {"142": "W"}, {"142": "W"}, {"142": "W"}, {"142": "W"}, {"147": "W"}, {"147": "S"}, {"147": "S"}, {"147": "S"}, {"147": "S"}, {"147": "S"}, {"147": "E"}, {"171": "W"}, {"171": "W"}, {"171": "S"}, {"171": "S"}, {"171": "S"}, {"171": "S"}, {"171": "S"}, {"171": "S"}, {"171": "S"}, {"171": "S"}, {"171": "S"}, {"171": "W"}, {"171": "S"}, {"171": "S"}, {"171": "S"}, {"171": "S"}, {"171": "S"}, {"171": "S"}, {"140": "N"}, {"140": "N"}, {"140": "E"}, {"140": "E"}, {"140": "E"}, {"140": "E"}, {"140": "E"}, {"140": "E"}, {"140": "E"}, {"140": "E"}, {"140": "E"}, {"140": "E"}, {"140": "E"}, {"140": "E"}, {"140": "E"}, {"140": "E"}, {"140": "E"}, {"140": "E"}, {"140": "N"}, {"140": "E"}, {"140": "N"}, {"140": "E"}, {"140": "E"}, {"140": "E"}, {"140": "N"}, {"140": "N"}, {"140": "N"}, {"140": "W"}, {"140": "W"}, {"140": "N"}, {"140": "N"}, {"140": "N"}, {"140": "N"}, {"140": "N"}, {"140": "N"}, {"140": "N"}, {"140": "N"}, {"140": "W"}, {"140": "N"}, {"26": "S"}, {"26": "E"}, {"26": "E"}, {"26": "E"}, {"26": "E"}, {"26": "S"}, {"26": "S"}, {"26": "S"}, {"26": "S"}, {"26": "S"}, {"26": "S"}, {"26": "S"}, {"26": "S"}, {"26": "S"}, {"26": "S"}, {"26": "E"}, {"26": "E"}, {"26": "E"}, {"26": "E"}, {"24": "S"}, {"24": "W"}, {"24": "W"}, {"24": "W"}, {"24": "W"}, {"24": "W"}, {"24": "W"}, {"24": "W"}, {"24": "W"}, {"24": "W"}, {"24": "W"}, {"24": "W"}, {"24": "W"}, {"24": "W"}, {"24": "W"}, {"24": "S"}, {"24": "W"}, {"199": "S"}, {"199": "S"}, {"199": "S"}, {"199": "S"}, {"199": "S"}, {"199": "S"}, {"199": "S"}, {"199": "S"}, {"199": "E"}, {"199": "E"}, {"199": "E"}, {"199": "E"}, {"199": "E"}, {"199": "E"}, {"199": "E"}, {"199": "S"}, {"199": "S"}, {"199": "S"}, {"199": "S"}, {"199": "E"}, {"199": "E"}, {"199": "E"}, {"199": "S"}, {"199": "E"}, {"199": "E"}, {"199": "N"}, {"199": "E"}, {"42": "S"}, {"42": "W"}, {"42": "W"}, {"42": "W"}, {"42": "W"}, {"42": "W"}, {"42": "N"}, {"42": "N"}, {"42": "N"}, {"42": "N"}, {"42": "W"}, {"70": "S"}, {"70": "E"}, {"70": "E"}, {"70": "E"}, {"70": "S"}, {"70": "S"}, {"70": "S"}, {"70": "S"}, {"70": "S"}, {"70": "S"}, {"70": "S"}, {"70": "S"}, {"70": "S"}, {"70": "S"}, {"70": "S"}, {"70": "S"}, {"70": "S"}, {"70": "E"}, {"70": "E"}, {"70": "E"}, {"70": "S"}, {"70": "E"}, {"70": "E"}, {"70": "N"}, {"8": "S"}, {"8": "E"}, {"8": "E"}, {"8": "S"}, {"8": "S"}, {"8": "S"}, {"8": "S"}, {"8": "S"}, {"8": "S"}, {"8": "S"}, {"8": "S"}, {"8": "S"}, {"8": "S"}, {"8": "E"}, {"8": "E"}, {"8": "E"}, {"8": "S"}, {"8": "E"}, {"8": "E"}, {"8": "E"}, {"8": "S"}, {"8": "E"}, {"8": "E"}, {"8": "E"}, {"8": "E"}, {"8": "E"}, {"8": "E"}, {"8": "E"}, {"8": "E"}, {"8": "E"}, {"8": "E"}, {"8": "E"}, {"8": "N"}, {"8": "E"}, {"8": "N"}, {"107": "S"}, {"107": "S"}, {"107": "E"}, {"107": "E"}, {"107": "S"}, {"107": "E"}, {"107": "E"}, {"107": "E"}, {"107": "E"}, {"107": "E"}, {"107": "E"}, {"107": "E"}, {"107": "E"}, {"107": "S"}, {"107": "E"}, {"107": "S"}, {"107": "S"}, {"107": "S"}, {"107": "S"}, {"107": "S"}, {"107": "S"}, {"107": "S"}, {"107": "S"}, {"107": "S"}, {"107": "S"}, {"107": "W"}, {"107": "S"}, {"107": "W"}, {"72": "E"}, {"72": "N"}, {"72": "N"}, {"72": "N"}, {"72": "N"}, {"72": "N"}, {"72": "N"}, {"72": "E"}, {"72": "E"}, {"72": "N"}, {"72": "N"}, {"72": "E"}, {"72": "E"}, {"72": "N"}, {"72": "N"}, {"72": "N"}, {"72": "E"}, {"72": "E"}, {"72": "E"}, {"72": "E"}, {"72": "N"}, {"72": "E"}, {"72": "E"}, {"72": "S"}, {"72": "E"}, {"72": "E"}, {"72": "E"}, {"72": "E"}, {"72": "E"}, {"72": "E"}, {"72": "E"}, {"72": "E"}, {"72": "S"}, {"72": "E"}, {"72": "S"}, {"72": "S"}, {"72": "S"}, {"72": "S"}, {"72": "W"}, {"179": "N"}, {"179": "E"}, {"179": "E"}, {"179": "E"}, {"179": "N"}, {"179": "N"}, {"179": "E"}, {"179": "E"}, {"179": "E"}, {"179": "E"}, {"179": "N"}, {"179": "E"}, {"179": "E"}, {"179": "S"}, {"175": "S"}, {"175": "W"}, {"175": "W"}, {"175": "W"}, {"175": "W"}, {"175": "N"}, {"175": "N"}, {"175": "N"}, {"175": "N"}, {"175": "N"}, {"175": "N"}, {"175": "N"}, {"175": "N"}, {"175": "N"}, {"192": "N"}, {"192": "W"}, {"192": "W"}, {"192": "W"}, {"192": "W"}, {"192": "W"}, {"192": "W"}, {"192": "W"}, {"192": "W"}, {"192": "N"}, {"192": "N"}, {"192": "N"}, {"192": "N"}, {"192": "W"}, {"192": "N"}, {"192": "N"}, {"192": "W"}, {"192": "N"}, {"192": "W"}, {"192": "W"}, {"170": "N"}, {"170": "E"}, {"170": "E"}, {"170": "N"}, {"170": "N"}, {"170": "N"}, {"170": "E"}, {"170": "E"}, {"170": "E"}, {"170": "E"}, {"170": "E"}, {"174": "E"}, {"174": "N"}, {"174": "N"}, {"174": "N"}, {"174": "N"}, {"174": "N"}, {"174": "N"}, {"174": "N"}, {"174": "N"}, {"174": "N"}, {"174": "N"}, {"174": "N"}, {"174": "N"}, {"174": "N"}, {"174": "N"}, {"174": "E"}, {"174": "E"}, {"174": "E"}, {"174": "E"}, {"96": "S"}, {"96": "S"}, {"96": "E"}, {"96": "E"}, {"96": "E"}, {"96": "E"}, {"96": "E"}, {"96": "E"}, {"96": "E"}, {"96": "E"}, {"96": "E"}, {"96": "E"}, {"96": "E"}, {"96": "E"}, {"96": "E"}, {"96": "E"}, {"96": "E"}, {"96": "E"}, {"96": "S"}, {"96": "S"}, {"96": "E"}, {"96": "E"}, {"96": "E"}, {"96": "E"}, {"96": "E"}, {"96": "E"}, {"96": "S"}, {"96": "E"}, {"96": "E"}, {"96": "E"}, {"96": "E"}, {"96": "E"}, {"96": "E"}, {"96": "E"}, {"96": "E"}, {"96": "E"}, {"96": "E"}, {"96": "E"}, {"96": "N"}, {"96": "E"}, {"60": "N"}, {"60": "N"}, {"60": "W"}, {"60": "W"}, {"60": "W"}, {"60": "W"}, {"60": "W"}, {"60": "W"}, {"60": "N"}, {"60": "W"}, {"60": "N"}, {"60": "N"}, {"60": "W"}, {"60": "N"}, {"60": "W"}, {"60": "N"}, {"60": "W"}, {"60": "W"}, {"60": "W"}, {"60": "W"}, {"60": "W"}, {"60": "W"}, {"60": "W"}, {"60": "W"}, {"60": "W"}, {"60": "W"}, {"60": "W"}, {"60": "W"}, {"60": "W"}, {"60": "W"}, {"60": "S"}, {"60": "S"}, {"146": "E"}, {"146": "S"}, {"146": "S"}, {"146": "S"}, {"146": "S"}, {"146": "S"}, {"146": "W"}, {"146": "W"}, {"146": "W"}, {"146": "W"}, {"146": "S"}, {"146": "S"}, {"55": "W"}, {"55": "S"}, {"55": "S"}, {"55": "S"}, {"55": "S"}, {"55": "S"}, {"55": "S"}, {"55": "S"}, {"55": "S"}, {"44": "N"}, {"44": "W"}, {"44": "W"}, {"44": "W"}, {"44": "W"}, {"44": "W"}, {"122": "N"}, {"122": "W"}, {"122": "W"}, {"122": "W"}, {"122": "W"}, {"122": "N"}, {"122": "W"}, {"122": "W"}, {"122": "W"}, {"122": "W"}, {"122": "W"}, {"122": "W"}, {"122": "N"}, {"122": "W"}, {"122": "N"}, {"122": "N"}, {"122": "N"}, {"122": "W"}, {"122": "W"}, {"122": "N"}, {"122": "W"}, {"122": "W"}, {"122": "W"}, {"122": "W"}, {"122": "W"}, {"122": "W"}, {"122": "W"}, {"122": "W"}, {"122": "W"}, {"122": "W"}, {"122": "W"}, {"122": "W"}, {"122": "W"}, {"122": "W"}, {"122": "W"}, {"122": "S"}, {"122": "S"}, {"122": "S"}, {"122": "S"}, {"122": "E"}, {"133": "E"}, {"133": "E"}, {"133": "N"}, {"133": "N"}, {"133": "N"}, {"133": "N"}, {"133": "N"}, {"133": "N"}, {"133": "N"}, {"133": "N"}, {"133": "W"}, {"133": "N"}, {"133": "N"}, {"133": "N"}, {"133": "N"}, {"133": "N"}, {"133": "N"}, {"133": "N"}, {"133": "N"}, {"133": "N"}, {"133": "N"}, {"133": "W"}, {"133": "N"}, {"133": "N"}, {"133": "N"}, {"133": "W"}, {"133": "W"}, {"133": "N"}, {"133": "W"}, {"133": "W"}, {"133": "W"}, {"133": "W"}, {"133": "W"}, {"133": "W"}, {"133": "W"}, {"133": "S"}, {"98": "W"}, {"98": "W"}, {"98": "W"}, {"98": "N"}, {"98": "N"}, {"98": "W"}, {"98": "W"}, {"98": "N"}, {"98": "W"}, {"98": "W"}, {"98": "W"}, {"98": "W"}, {"98": "W"}, {"98": "W"}, {"98": "W"}, {"98": "W"}, {"98": "W"}, {"98": "W"}, {"98": "W"}, {"98": "W"}, {"98": "W"}, {"98": "W"}, {"98": "W"}, {"98": "S"}, {"98": "S"}, {"98": "S"}, {"98": "S"}, {"98": "S"}, {"98": "W"}, {"98": "S"}, {"98": "S"}, {"98": "S"}, {"98": "S"}, {"98": "E"}, {"191": "E"}, {"191": "S"}, {"191": "S"}, {"191": "S"}, {"191": "S"}, {"191": "E"}, {"191": "E"}, {"191": "E"}, {"191": "E"}, {"191": "S"}, {"191": "E"}, {"191": "E"}, {"191": "S"}, {"191": "S"}, {"58": "W"}, {"58": "W"}, {"58": "S"}, {"58": "S"}, {"58": "S"}, {"58": "S"}, {"58": "S"}, {"58": "S"}, {"58": "S"}, {"58": "S"}, {"58": "S"}, {"58": "W"}, {"58": "W"}, {"58": "S"}, {"58": "S"}, {"58": "S"}, {"58": "E"}, {"58": "E"}, {"58": "N"}, {"56": "S"}, {"56": "E"}, {"56": "E"}, {"56": "N"}, {"56": "N"}, {"56": "N"}, {"56": "N"}, {"56": "N"}, {"56": "N"}, {"56": "N"}, {"56": "N"}, {"56": "N"}, {"56": "N"}, {"56": "N"}, {"56": "N"}, {"56": "E"}, {"56": "E"}, {"56": "N"}, {"56": "E"}, {"56": "E"}, {"56": "E"}, {"56": "E"}, {"56": "S"}, {"31": "N"}, {"31": "W"}, {"31": "W"}, {"31": "S"}, {"31": "S"}, {"31": "S"}, {"31": "W"}, {"31": "W"}, {"31": "S"}, {"31": "S"}, {"31": "W"}, {"31": "W"}, {"31": "W"}, {"31": "W"}, {"31": "W"}, {"31": "W"}, {"31": "W"}, {"31": "W"}, {"31": "W"}, {"31": "W"}, {"31": "W"}, {"31": "W"}, {"31": "W"}, {"31": "W"}, {"31": "W"}, {"31": "W"}, {"31": "W"}, {"31": "N"}, {"31": "N"}, {"31": "N"}, {"31": "N"}, {"31": "N"}, {"31": "N"}, {"31": "N"}, {"120": "W"}, {"120": "N"}, {"120": "N"}, {"120": "N"}, {"120": "N"}, {"120": "E"}, {"59": "E"}, {"59": "S"}, {"59": "S"}, {"59": "S"}, {"59": "S"}, {"59": "S"}, {"59": "S"}, {"59": "E"}, {"59": "E"}, {"59": "E"}, {"59": "E"}, {"59": "E"}, {"59": "E"}, {"59": "E"}, {"59": "S"}, {"59": "E"}, {"59": "E"}, {"59": "E"}, {"59": "E"}, {"187": "S"}, {"187": "E"}, {"187": "E"}, {"187": "E"}, {"187": "E"}, {"187": "E"}, {"187": "E"}, {"187": "E"}, {"187": "S"}, {"187": "E"}, {"187": "E"}, {"187": "E"}, {"187": "E"}, {"187": "E"}, {"187": "E"}, {"187": "E"}, {"187": "E"}, {"187": "S"}, {"187": "S"}, {"187": "S"}, {"187": "E"}, {"187": "E"}, {"187": "E"}, {"187": "E"}, {"187": "E"}, {"187": "E"}, {"187": "E"}, {"187": "E"}, {"187": "E"}, {"187": "E"}, {"187": "E"}, {"187": "E"}, {"187": "E"}, {"187": "E"}, {"187": "E"}, {"187": "E"}, {"187": "N"}, {"187": "N"}, {"187": "E"}, {"187": "E"}, {"187": "N"}, {"187": "N"}, {"187": "N"}, {"187": "W"}, {"187": "W"}, {"187": "N"}, {"187": "N"}, {"187": "N"}, {"187": "N"}, {"187": "N"}, {"187": "N"}, {"187": "N"}, {"28": "E"}, {"28": "N"}, {"28": "N"}, {"28": "W"}, {"28": "W"}, {"28": "W"}, {"28": "W"}, {"28": "W"}, {"28": "W"}, {"28": "W"}, {"28": "W"}, {"28": "W"}, {"28": "W"}, {"28": "W"}, {"28": "W"}, {"28": "W"}, {"28": "W"}, {"28": "W"}, {"28": "W"}, {"28": "N"}, {"28": "N"}, {"149": "W"}, {"149": "S"}, {"149": "S"}, {"149": "S"}, {"149": "W"}, {"149": "W"}, {"149": "W"}, {"149": "W"}, {"149": "S"}, {"149": "W"}, {"149": "S"}, {"149": "S"}, {"149": "S"}, {"149": "S"}, {"149": "S"}, {"149": "W"}, {"149": "S"}, {"149": "S"}, {"149": "S"}, {"149": "S"}, {"149": "S"}, {"149": "S"}, {"149": "S"}, {"149": "S"}, {"149": "S"}, {"149": "S"}, {"149": "S"}, {"149": "S"}, {"149": "E"}, {"149": "E"}, {"23": "S"}, {"23": "W"}, {"23": "W"}, {"23": "N"}, {"23": "N"}, {"23": "N"}, {"23": "W"}, {"23": "W"}, {"23": "W"}, {"23": "N"}, {"23": "N"}, {"75": "W"}, {"75": "S"}, {"75": "S"}, {"75": "S"}, {"75": "S"}, {"75": "S"}, {"75": "E"}, {"75": "E"}, {"75": "E"}, {"75": "E"}, {"75": "S"}, {"75": "S"}, {"75": "S"}, {"75": "E"}, {"75": "E"}, {"100": "S"}, {"100": "W"}, {"100": "W"}, {"100": "S"}, {"100": "S"}, {"50": "N"}, {"50": "N"}, {"50": "E"}, {"50": "E"}, {"50": "E"}, {"50": "E"}, {"50": "E"}, {"50": "E"}, {"50": "N"}, {"50": "N"}, {"50": "E"}, {"50": "E"}, {"50": "N"}, {"50": "N"}, {"50": "N"}, {"50": "W"}, {"50": "W"}, {"50": "W"}, {"50": "N"}, {"21": "E"}, {"21": "S"}, {"21": "S"}, {"21": "W"}, {"21": "W"}, {"21": "W"}, {"21": "W"}, {"21": "S"}, {"21": "W"}, {"21": "S"}, {"21": "S"}, {"21": "S"}, {"21": "S"}, {"21": "S"}, {"21": "W"}, {"21": "S"}, {"21": "S"}, {"21": "S"}, {"21": "S"}, {"21": "S"}, {"21": "S"}, {"21": "S"}, {"21": "S"}, {"21": "S"}, {"21": "E"}, {"21": "E"}, {"57": "W"}, {"57": "S"}, {"57": "S"}, {"57": "S"}, {"57": "S"}, {"57": "S"}, {"57": "S"}, {"57": "S"}, {"57": "S"}, {"57": "E"}, {"69": "W"}, {"69": "N"}, {"69": "W"}, {"69": "W"}, {"69": "W"}, {"69": "W"}, {"69": "N"}, {"69": "N"}, {"34": "S"}, {"34": "E"}, {"34": "E"}, {"34": "E"}, {"34": "E"}, {"34": "S"}, {"34": "E"}, {"34": "E"}, {"34": "E"}, {"34": "E"}, {"34": "E"}, {"34": "E"}, {"34": "S"}, {"34": "S"}, {"34": "S"}, {"34": "E"}, {"34": "E"}, {"34": "E"}, {"34": "E"}, {"34": "E"}, {"34": "E"}, {"34": "E"}, {"34": "E"}, {"34": "E"}, {"34": "E"}, {"34": "E"}, {"34": "E"}, {"34": "E"}, {"34": "E"}, {"34": "E"}, {"34": "E"}, {"34": "E"}, {"34": "E"}, {"34": "N"}, {"34": "N"}, {"34": "E"}, {"34": "E"}, {"34": "N"}, {"34": "N"}, {"34": "N"}, {"34": "W"}, {"34": "W"}, {"34": "N"}, {"34": "N"}, {"34": "N"}, {"34": "N"}, {"34": "N"}, {"34": "N"}, {"102": "N"}, {"102": "E"}, {"102": "E"}, {"102": "N"}, {"102": "N"}, {"102": "N"}, {"102": "N"}, {"102": "N"}, {"102": "N"}, {"102": "N"}, {"102": "E"}, {"102": "E"}, {"102": "E"}, {"102": "E"}, {"102": "E"}, {"185": "W"}, {"185": "S"}, {"185": "S"}, {"185": "S"}, {"185": "S"}, {"185": "S"}, {"185": "S"}, {"185": "S"}, {"185": "S"}, {"185": "S"}, {"185": "S"}, {"185": "W"}, {"185": "S"}, {"185": "S"}, {"185": "S"}, {"185": "E"}, {"169": "N"}, {"169": "W"}, {"169": "W"}, {"169": "S"}, {"169": "S"}, {"169": "S"}, {"169": "S"}, {"169": "S"}, {"169": "S"}, {"169": "S"}, {"169": "S"}, {"169": "S"}, {"169": "W"}, {"169": "W"}, {"13": "W"}, {"13": "S"}, {"13": "W"}, {"13": "W"}, {"13": "W"}, {"13": "W"}, {"13": "W"}, {"13": "W"}, {"13": "W"}, {"13": "W"}, {"13": "W"}, {"13": "W"}, {"13": "W"}, {"13": "W"}, {"13": "W"}, {"13": "W"}, {"13": "S"}, {"13": "S"}, {"13": "S"}, {"13": "S"}, {"13": "S"}, {"13": "S"}, {"13": "W"}, {"13": "S"}, {"13": "S"}, {"13": "S"}, {"13": "S"}, {"13": "S"}, {"13": "S"}, {"13": "S"}, {"13": "S"}, {"13": "E"}, {"154": "S"}, {"154": "E"}, {"154": "E"}, {"154": "E"}, {"154": "E"}, {"154": "E"}, {"154": "E"}, {"154": "S"}, {"154": "E"}, {"154": "E"}, {"154": "E"}, {"154": "E"}, {"154": "E"}, {"154": "E"}, {"154": "S"}, {"154": "S"}, {"154": "S"}, {"154": "E"}, {"154": "E"}, {"154": "E"}, {"154": "E"}, {"154": "E"}, {"154": "E"}, {"154": "E"}, {"154": "E"}, {"154": "E"}, {"154": "E"}, {"154": "E"}, {"154": "E"}, {"154": "E"}, {"154": "E"}, {"154": "E"}, {"154": "E"}, {"154": "E"}, {"154": "E"}, {"154": "N"}, {"154": "E"}, {"154": "N"}, {"154": "E"}, {"154": "N"}, {"154": "N"}, {"154": "N"}, {"154": "W"}, {"154": "W"}, {"154": "W"}, {"154": "W"}, {"99": "N"}, {"99": "E"}, {"99": "E"}, {"99": "E"}, {"99": "S"}, {"99": "E"}, {"99": "S"}, {"99": "S"}, {"99": "S"}, {"99": "S"}, {"99": "S"}, {"99": "S"}, {"99": "S"}, {"99": "S"}, {"99": "E"}, {"99": "E"}, {"99": "E"}, {"99": "E"}, {"99": "E"}, {"99": "E"}, {"99": "E"}, {"99": "E"}, {"99": "E"}, {"99": "E"}, {"99": "E"}, {"99": "E"}, {"99": "E"}, {"99": "E"}, {"99": "E"}, {"99": "E"}, {"99": "E"}, {"99": "E"}, {"99": "N"}, {"99": "E"}, {"99": "N"}, {"99": "E"}, {"99": "N"}, {"99": "N"}, {"99": "N"}, {"99": "W"}, {"99": "W"}, {"99": "N"}, {"99": "N"}, {"99": "N"}, {"112": "N"}, {"112": "W"}, {"112": "W"}, {"112": "W"}, {"112": "W"}, {"112": "W"}, {"112": "W"}, {"112": "W"}, {"112": "W"}, {"112": "W"}, {"112": "W"}, {"112": "W"}, {"112": "W"}, {"112": "W"}, {"112": "N"}, {"112": "N"}, {"112": "N"}, {"112": "N"}, {"112": "N"}, {"112": "N"}, {"112": "W"}, {"112": "N"}, {"112": "W"}, {"112": "W"}, {"112": "N"}, {"112": "W"}, {"112": "W"}, {"112": "W"}, {"112": "W"}, {"112": "W"}, {"112": "W"}, {"112": "W"}, {"112": "W"}, {"112": "W"}, {"112": "W"}, {"112": "W"}, {"112": "W"}, {"112": "W"}, {"112": "W"}, {"112": "W"}, {"112": "S"}, {"77": "E"}, {"77": "S"}, {"77": "S"}, {"77": "S"}, {"77": "S"}, {"77": "E"}, {"77": "E"}, {"190": "W"}, {"190": "N"}, {"190": "N"}, {"190": "E"}, {"190": "E"}, {"190": "E"}, {"190": "E"}, {"190": "N"}, {"190": "N"}, {"190": "N"}, {"190": "N"}, {"190": "N"}, {"190": "N"}, {"190": "E"}, {"190": "N"}, {"190": "E"}, {"190": "E"}, {"190": "E"}, {"190": "E"}, {"190": "E"}, {"190": "E"}, {"190": "E"}, {"190": "E"}, {"190": "E"}, {"190": "E"}, {"190": "E"}, {"190": "E"}, {"190": "E"}, {"190": "E"}, {"190": "E"}, {"190": "E"}, {"190": "S"}, {"190": "E"}, {"91": "W"}, {"91": "S"}, {"91": "W"}, {"91": "W"}, {"91": "W"}, {"91": "S"}, {"91": "S"}, {"106": "S"}, {"106": "E"}, {"106": "E"}, {"106": "E"}, {"106": "E"}, {"106": "E"}, {"106": "E"}, {"106": "E"}, {"106": "N"}, {"106": "E"}, {"106": "E"}, {"106": "S"}, {"46": "E"}, {"46": "E"}, {"46": "N"}, {"46": "N"}, {"46": "N"}, {"46": "E"}, {"46": "E"}, {"46": "E"}, {"46": "E"}, {"46": "N"}, {"46": "E"}, {"46": "N"}, {"46": "E"}, {"46": "N"}, {"46": "N"}, {"46": "N"}, {"46": "W"}, {"46": "N"}, {"46": "N"}, {"46": "N"}, {"46": "N"}, {"46": "N"}, {"46": "N"}, {"46": "N"}, {"46": "N"}, {"46": "N"}, {"46": "N"}, {"46": "N"}, {"46": "N"}, {"46": "W"}, {"46": "N"}, {"46": "N"}, {"46": "W"}, {"46": "W"}, {"46": "W"}, {"46": "W"}, {"46": "W"}, {"46": "S"}, {"25": "S"}, {"25": "S"}, {"25": "W"}, {"25": "W"}, {"25": "W"}, {"25": "W"}, {"25": "S"}, {"25": "W"}, {"25": "S"}, {"25": "W"}, {"25": "W"}, {"25": "W"}, {"25": "W"}, {"25": "W"}, {"25": "W"}, {"25": "W"}, {"25": "W"}, {"25": "W"}, {"25": "W"}, {"25": "W"}, {"25": "W"}, {"25": "W"}, {"25": "N"}, {"164": "N"}, {"164": "N"}, {"164": "N"}, {"164": "E"}, {"164": "N"}, {"164": "E"}, {"164": "N"}, {"164": "N"}, {"164": "N"}, {"164": "W"}, {"164": "N"}, {"164": "N"}, {"164": "N"}, {"164": "N"}, {"164": "N"}, {"164": "N"}, {"164": "N"}, {"164": "N"}, {"164": "W"}, {"11": "S"}, {"11": "E"}, {"11": "E"}, {"11": "E"}, {"11": "E"}, {"11": "E"}, {"11": "S"}, {"11": "E"}, {"11": "E"}, {"11": "E"}, {"11": "E"}, {"11": "E"}, {"11": "E"}, {"11": "S"}, {"11": "S"}, {"11": "S"}, {"11": "E"}, {"11": "E"}, {"11": "E"}, {"11": "E"}, {"11": "E"}, {"11": "E"}, {"11": "E"}, {"11": "E"}, {"11": "E"}, {"11": "E"}, {"11": "E"}, {"11": "E"}, {"11": "E"}, {"11": "E"}, {"11": "E"}, {"11": "E"}, {"11": "E"}, {"11": "E"}, {"11": "N"}, {"11": "E"}, {"11": "N"}, {"11": "E"}, {"11": "N"}, {"11": "N"}, {"11": "N"}, {"11": "W"}, {"11": "N"}, {"11": "N"}, {"11": "N"}, {"11": "N"}, {"11": "W"}, {"184": "E"}, {"184": "S"}, {"184": "E"}, {"184": "S"}, {"184": "E"}, {"184": "E"}, {"184": "E"}, {"184": "E"}, {"184": "E"}, {"184": "E"}, {"184": "E"}, {"184": "E"}, {"184": "E"}, {"184": "E"}, {"184": "E"}, {"184": "E"}, {"184": "E"}, {"184": "E"}, {"184": "E"}, {"184": "E"}, {"184": "N"}, {"39": "N"}, {"39": "N"}, {"39": "E"}, {"39": "E"}, {"39": "N"}, {"39": "E"}, {"39": "N"}, {"39": "E"}, {"39": "N"}, {"39": "N"}, {"39": "N"}, {"39": "W"}, {"39": "N"}, {"39": "N"}, {"39": "N"}, {"39": "N"}, {"39": "N"}, {"39": "W"}, {"62": "W"}, {"62": "S"}, {"62": "S"}, {"62": "S"}, {"62": "S"}, {"62": "S"}, {"62": "S"}, {"62": "S"}, {"62": "W"}, {"62": "W"}, {"62": "W"}, {"62": "W"}, {"62": "W"}, {"62": "S"}, {"62": "W"}, {"62": "S"}, {"62": "S"}, {"62": "S"}, {"62": "S"}, {"62": "S"}, {"62": "E"}, {"117": "N"}, {"117": "N"}, {"117": "E"}, {"117": "E"}, {"117": "E"}, {"117": "E"}, {"117": "E"}, {"117": "E"}, {"117": "E"}, {"117": "E"}, {"117": "E"}, {"117": "E"}, {"117": "E"}, {"117": "E"}, {"117": "E"}, {"117": "E"}, {"117": "N"}, {"117": "E"}, {"117": "N"}, {"117": "E"}, {"117": "N"}, {"117": "N"}, {"117": "N"}, {"117": "W"}, {"117": "N"}, {"117": "N"}, {"117": "N"}, {"117": "N"}, {"117": "N"}, {"117": "N"}, {"117": "N"}, {"117": "N"}, {"117": "N"}, {"117": "N"}, {"117": "W"}, {"0": "S"}, {"0": "W"}, {"0": "W"}, {"0": "W"}, {"0": "N"}, {"0": "N"}, {"0": "N"}, {"0": "N"}, {"0": "N"}, {"0": "N"}, {"0": "W"}, {"0": "N"}, {"0": "N"}, {"0": "W"}, {"0": "W"}, {"0": "W"}, {"0": "W"}, {"0": "W"}, {"0": "W"}, {"0": "W"}, {"0": "W"}, {"0": "W"}, {"0": "W"}, {"0": "W"}, {"0": "W"}, {"0": "W"}, {"0": "W"}, {"0": "W"}, {"0": "W"}, {"0": "W"}, {"0": "W"}, {"0": "S"}, {"0": "S"}, {"0": "S"}, {"0": "S"}, {"0": "S"}, {"0": "S"}, {"0": "S"}, {"0": "E"}, {"78": "E"}, {"78": "S"}, {"78": "S"}, {"78": "S"}, {"78": "S"}, {"78": "S"}, {"78": "S"}, {"78": "S"}, {"78": "E"}, {"78": "E"}, {"78": "E"}, {"78": "E"}, {"78": "E"}, {"78": "E"}, {"78": "E"}, {"78": "E"}, {"78": "E"}, {"78": "E"}, {"78": "S"}, {"109": "N"}, {"109": "N"}, {"109": "E"}, {"109": "E"}, {"109": "E"}, {"109": "N"}, {"109": "E"}, {"109": "E"}, {"109": "E"}, {"109": "E"}, {"109": "E"}, {"109": "E"}, {"109": "E"}, {"109": "E"}, {"109": "E"}, {"109": "E"}, {"109": "E"}, {"109": "E"}, {"109": "E"}, {"109": "E"}, {"109": "E"}, {"109": "E"}, {"109": "E"}, {"109": "E"}, {"109": "S"}, {"109": "S"}, {"109": "E"}, {"109": "S"}, {"109": "S"}, {"109": "S"}, {"109": "S"}, {"109": "S"}, {"109": "S"}, {"109": "S"}, {"109": "S"}, {"109": "S"}, {"109": "S"}, {"109": "W"}, {"109": "S"}, {"14": "N"}, {"14": "W"}, {"14": "W"}, {"14": "N"}, {"14": "N"}, {"14": "N"}, {"14": "W"}, {"14": "N"}, {"14": "N"}, {"14": "N"}, {"14": "N"}, {"14": "N"}, {"14": "N"}, {"14": "N"}, {"14": "N"}, {"14": "N"}, {"14": "N"}, {"14": "N"}, {"14": "N"}, {"14": "W"}, {"14": "N"}, {"14": "N"}, {"14": "W"}, {"14": "W"}, {"14": "W"}, {"14": "W"}, {"14": "W"}, {"14": "W"}, {"14": "W"}, {"14": "W"}, {"14": "S"}, {"54": "N"}, {"54": "E"}, {"54": "E"}, {"54": "E"}, {"54": "E"}, {"54": "E"}, {"54": "S"}, {"54": "S"}, {"54": "S"}, {"54": "S"}, {"54": "S"}, {"54": "S"}, {"54": "E"}, {"54": "E"}, {"54": "E"}, {"54": "E"}, {"54": "E"}, {"54": "E"}, {"54": "E"}, {"54": "E"}, {"54": "E"}, {"54": "E"}, {"54": "E"}, {"54": "E"}, {"54": "E"}, {"54": "E"}, {"54": "E"}, {"54": "E"}, {"54": "E"}, {"54": "E"}, {"54": "N"}, {"54": "E"}, {"54": "N"}, {"54": "E"}, {"54": "N"}, {"54": "N"}, {"54": "N"}, {"54": "W"}, {"54": "N"}, {"54": "N"}, {"54": "N"}, {"54": "N"}, {"54": "N"}, {"54": "N"}, {"71": "S"}, {"71": "W"}, {"71": "W"}, {"71": "W"}, {"71": "W"}, {"71": "W"}, {"71": "W"}, {"71": "W"}, {"71": "W"}, {"71": "W"}, {"71": "W"}, {"71": "S"}, {"71": "W"}, {"71": "S"}, {"71": "S"}, {"71": "E"}, {"20": "S"}, {"20": "W"}, {"20": "W"}, {"20": "W"}, {"20": "S"}, {"20": "W"}, {"20": "W"}, {"20": "W"}, {"20": "W"}, {"20": "W"}, {"20": "S"}, {"20": "S"}, {"20": "S"}, {"20": "S"}, {"20": "S"}, {"20": "S"}, {"20": "W"}, {"20": "S"}, {"20": "W"}, {"20": "S"}, {"20": "W"}, {"118": "N"}, {"118": "W"}, {"118": "W"}, {"118": "W"}, {"118": "W"}, {"118": "W"}, {"118": "W"}, {"118": "W"}, {"118": "N"}, {"118": "N"}, {"118": "N"}, {"118": "N"}, {"118": "N"}, {"118": "N"}, {"118": "N"}, {"118": "N"}, {"118": "N"}, {"118": "N"}, {"118": "N"}, {"168": "N"}, {"168": "N"}, {"168": "N"}, {"168": "N"}, {"168": "N"}, {"168": "N"}, {"168": "N"}, {"168": "E"}, {"168": "E"}, {"168": "E"}, {"168": "E"}, {"168": "E"}, {"168": "E"}, {"168": "E"}, {"168": "E"}, {"168": "N"}, {"168": "N"}, {"168": "N"}, {"168": "E"}, {"168": "E"}, {"16": "N"}, {"16": "N"}, {"16": "N"}, {"16": "N"}, {"16": "N"}, {"16": "N"}, {"16": "N"}, {"16": "E"}, {"16": "E"}, {"16": "E"}, {"16": "E"}, {"16": "E"}, {"16": "E"}, {"16": "E"}, {"16": "N"}, {"16": "N"}, {"16": "N"}, {"16": "N"}, {"16": "N"}, {"16": "N"}, {"16": "N"}, {"16": "E"}, {"16": "E"}, {"16": "E"}, {"16": "E"}, {"16": "E"}, {"16": "E"}, {"137": "W"}, {"137": "N"}, {"137": "N"}, {"137": "N"}, {"137": "W"}, {"137": "W"}, {"137": "W"}, {"137": "W"}, {"137": "W"}, {"137": "W"}, {"137": "N"}, {"148": "W"}, {"148": "N"}, {"148": "N"}, {"148": "N"}, {"148": "N"}, {"148": "N"}, {"148": "W"}, {"148": "W"}, {"148": "W"}, {"148": "N"}, {"148": "W"}, {"148": "W"}, {"148": "N"}, {"148": "N"}, {"148": "N"}, {"148": "N"}, {"148": "N"}, {"148": "N"}, {"148": "N"}, {"148": "N"}, {"148": "N"}, {"148": "W"}, {"148": "N"}, {"148": "N"}, {"148": "N"}, {"148": "N"}, {"148": "N"}, {"148": "N"}, {"148": "N"}, {"148": "E"}, {"148": "E"}, {"148": "E"}, {"10": "E"}, {"10": "S"}, {"10": "S"}, {"10": "W"}, {"10": "W"}, {"10": "W"}, {"10": "W"}, {"10": "W"}, {"10": "W"}, {"10": "S"}, {"53": "S"}, {"53": "E"}, {"53": "S"}, {"53": "S"}, {"53": "S"}, {"53": "S"}, {"53": "S"}, {"53": "S"}, {"53": "S"}, {"53": "S"}, {"53": "S"}, {"53": "S"}, {"53": "S"}, {"53": "S"}, {"53": "S"}, {"53": "S"}, {"53": "S"}, {"53": "S"}, {"53": "S"}, {"53": "S"}, {"53": "E"}, {"53": "E"}, {"53": "E"}, {"53": "E"}, {"53": "E"}, {"53": "E"}, {"53": "E"}, {"53": "E"}, {"53": "E"}, {"53": "E"}, {"53": "E"}, {"53": "S"}, {"53": "E"}, {"53": "E"}, {"53": "N"}, {"53": "E"}, {"53": "E"}, {"82": "N"}, {"82": "W"}, {"82": "W"}, {"82": "W"}, {"82": "W"}, {"82": "W"}, {"82": "W"}, {"82": "N"}, {"82": "W"}, {"82": "N"}, {"82": "N"}, {"82": "N"}, {"82": "N"}, {"82": "N"}, {"82": "W"}, {"82": "N"}, {"82": "N"}, {"82": "W"}, {"82": "W"}, {"82": "W"}, {"82": "W"}, {"82": "W"}, {"82": "W"}, {"82": "W"}, {"82": "W"}, {"82": "W"}, {"82": "W"}, {"82": "W"}, {"105": "W"}, {"105": "S"}, {"105": "S"}, {"105": "S"}, {"105": "S"}, {"105": "S"}, {"105": "S"}, {"105": "S"}, {"105": "S"}, {"105": "E"}, {"105": "E"}, {"105": "S"}, {"105": "E"}, {"105": "E"}, {"105": "E"}, {"105": "E"}, {"105": "E"}, {"105": "E"}, {"105": "E"}, {"105": "E"}, {"105": "E"}, {"105": "E"}, {"105": "S"}, {"105": "S"}, {"105": "E"}, {"105": "S"}, {"155": "S"}, {"155": "E"}, {"155": "E"}, {"155": "E"}, {"155": "E"}, {"155": "S"}, {"155": "S"}, {"155": "S"}, {"155": "E"}, {"155": "E"}, {"155": "E"}, {"155": "E"}, {"155": "E"}, {"155": "E"}, {"155": "E"}, {"85": "E"}, {"85": "S"}, {"85": "S"}, {"85": "S"}, {"85": "E"}, {"131": "W"}, {"131": "S"}, {"131": "S"}, {"131": "W"}, {"131": "W"}, {"131": "W"}, {"131": "W"}, {"131": "W"}, {"131": "W"}, {"131": "W"}, {"131": "W"}, {"131": "W"}, {"131": "W"}, {"131": "W"}, {"131": "W"}, {"131": "W"}, {"131": "W"}, {"131": "W"}, {"131": "W"}, {"131": "W"}, {"131": "W"}, {"131": "S"}, {"131": "S"}, {"131": "S"}, {"131": "S"}, {"131": "S"}, {"131": "S"}, {"131": "S"}, {"131": "S"}, {"131": "S"}, {"131": "W"}, {"131": "S"}, {"131": "S"}, {"131": "S"}, {"131": "S"}, {"131": "S"}, {"131": "E"}, {"115": "N"}, {"115": "E"}, {"115": "E"}, {"115": "N"}, {"115": "N"}, {"115": "N"}, {"115": "N"}, {"115": "N"}, {"115": "N"}, {"115": "N"}, {"115": "N"}, {"115": "N"}, {"115": "N"}, {"115": "N"}, {"115": "N"}, {"115": "N"}, {"115": "N"}, {"115": "N"}, {"115": "N"}, {"115": "E"}, {"115": "E"}, {"115": "E"}, {"15": "W"}, {"15": "N"}, {"15": "N"}, {"15": "E"}, {"15": "E"}, {"15": "E"}, {"15": "E"}, {"15": "N"}, {"15": "N"}, {"15": "E"}, {"15": "N"}, {"15": "E"}, {"15": "N"}, {"15": "N"}, {"15": "N"}, {"15": "W"}, {"15": "N"}, {"15": "N"}, {"15": "N"}, {"15": "N"}, {"101": "S"}, {"101": "S"}, {"101": "S"}, {"101": "S"}, {"101": "S"}, {"101": "S"}, {"101": "S"}, {"101": "S"}, {"101": "E"}, {"101": "E"}, {"101": "E"}, {"101": "E"}, {"101": "E"}, {"101": "E"}, {"101": "S"}, {"101": "S"}, {"101": "S"}, {"101": "S"}, {"101": "S"}, {"101": "E"}, {"157": "S"}, {"157": "E"}, {"157": "S"}, {"157": "S"}, {"157": "S"}, {"157": "S"}, {"157": "S"}, {"157": "S"}, {"157": "S"}, {"157": "S"}, {"157": "S"}, {"157": "E"}, {"157": "E"}, {"157": "E"}, {"157": "E"}, {"157": "E"}, {"157": "E"}, {"157": "S"}, {"157": "E"}, {"157": "E"}, {"157": "E"}, {"157": "E"}, {"157": "E"}, {"157": "E"}, {"157": "E"}, {"157": "E"}, {"157": "E"}, {"157": "E"}, {"157": "E"}, {"157": "E"}, {"157": "E"}, {"157": "N"}, {"157": "N"}, {"157": "E"}, {"157": "N"}, {"157": "E"}, {"157": "N"}, {"157": "N"}, {"157": "N"}, {"157": "W"}, {"157": "N"}, {"95": "S"}, {"95": "S"}, {"95": "E"}, {"95": "E"}, {"95": "E"}, {"95": "E"}, {"95": "E"}, {"95": "E"}, {"95": "S"}, {"95": "S"}, {"95": "S"}, {"95": "E"}, {"95": "E"}, {"95": "E"}, {"95": "E"}, {"95": "E"}, {"95": "E"}, {"95": "S"}, {"95": "E"}, {"95": "E"}, {"95": "E"}, {"95": "E"}, {"95": "E"}, {"95": "E"}, {"95": "E"}, {"95": "E"}, {"95": "E"}, {"95": "E"}, {"95": "E"}, {"95": "E"}, {"95": "E"}, {"95": "N"}, {"95": "N"}, {"113": "E"}, {"113": "N"}, {"113": "N"}, {"113": "W"}, {"113": "N"}, {"5": "W"}, {"5": "S"}, {"5": "S"}, {"5": "S"}, {"5": "S"}, {"5": "W"}, {"5": "W"}, {"5": "W"}, {"5": "S"}, {"5": "S"}, {"5": "S"}, {"5": "S"}, {"5": "S"}, {"5": "S"}, {"134": "N"}, {"134": "W"}, {"134": "N"}, {"134": "W"}, {"134": "N"}, {"134": "N"}, {"134": "N"}, {"134": "N"}, {"134": "N"}, {"134": "N"}, {"134": "N"}, {"134": "N"}, {"134": "N"}, {"134": "N"}, {"134": "N"}, {"134": "N"}, {"134": "N"}, {"134": "N"}, {"134": "N"}, {"134": "N"}, {"134": "N"}, {"134": "N"}, {"134": "E"}, {"30": "S"}, {"30": "E"}, {"30": "E"}, {"30": "E"}, {"30": "E"}, {"30": "E"}, {"30": "E"}, {"30": "E"}, {"30": "E"}, {"30": "E"}, {"30": "E"}, {"30": "E"}, {"30": "E"}, {"30": "S"}, {"30": "E"}, {"30": "E"}, {"30": "E"}, {"30": "E"}, {"30": "E"}, {"30": "E"}, {"30": "E"}, {"30": "S"}, {"30": "S"}, {"30": "E"}, {"30": "E"}, {"30": "S"}, {"30": "S"}, {"30": "S"}, {"30": "S"}, {"30": "S"}, {"30": "S"}, {"30": "S"}, {"30": "S"}, {"30": "S"}, {"30": "S"}, {"30": "S"}, {"30": "S"}, {"30": "S"}, {"30": "S"}, {"30": "S"}, {"30": "W"}, {"30": "S"}, {"130": "N"}, {"130": "N"}, {"130": "N"}, {"130": "N"}, {"130": "N"}, {"130": "N"}, {"130": "N"}, {"130": "N"}, {"130": "N"}, {"130": "N"}, {"130": "E"}, {"130": "E"}, {"130": "E"}, {"130": "E"}, {"130": "E"}, {"130": "E"}, {"130": "E"}, {"130": "E"}, {"130": "E"}, {"130": "E"}, {"130": "E"}, {"130": "E"}, {"130": "E"}, {"130": "E"}, {"130": "E"}, {"130": "N"}, {"130": "N"}, {"130": "N"}, {"130": "N"}, {"130": "E"}, {"130": "E"}, {"130": "N"}, {"130": "E"}, {"130": "E"}, {"130": "E"}, {"130": "E"}, {"130": "E"}, {"130": "E"}, {"130": "E"}, {"130": "E"}, {"130": "E"}, {"130": "E"}, {"130": "S"}, {"130": "E"}, {"130": "E"}, {"130": "E"}, {"130": "E"}, {"130": "E"}, {"130": "E"}, {"130": "E"}, {"130": "S"}, {"130": "S"}, {"130": "E"}, {"130": "E"}, {"130": "S"}, {"130": "S"}, {"130": "W"}, {"151": "W"}, {"151": "N"}, {"151": "N"}, {"151": "N"}, {"151": "E"}, {"151": "E"}, {"151": "E"}, {"151": "E"}, {"151": "E"}, {"151": "E"}, {"151": "E"}, {"151": "E"}, {"151": "E"}, {"151": "E"}, {"151": "E"}, {"151": "E"}, {"151": "E"}, {"151": "E"}, {"151": "E"}, {"151": "E"}, {"151": "N"}, {"151": "E"}, {"151": "E"}, {"151": "N"}, {"151": "N"}, {"151": "W"}, {"29": "N"}, {"29": "W"}, {"29": "W"}, {"29": "W"}, {"29": "N"}, {"29": "W"}, {"29": "W"}, {"29": "W"}, {"29": "W"}, {"29": "W"}, {"29": "N"}, {"29": "N"}, {"29": "N"}, {"29": "W"}, {"29": "N"}, {"144": "W"}, {"144": "S"}, {"144": "S"}, {"144": "S"}, {"144": "W"}, {"144": "W"}, {"144": "S"}, {"144": "W"}, {"144": "W"}, {"144": "S"}, {"144": "S"}, {"144": "S"}, {"144": "S"}, {"144": "S"}, {"144": "S"}, {"144": "S"}, {"144": "S"}, {"144": "S"}, {"144": "S"}, {"144": "S"}, {"144": "S"}, {"144": "S"}, {"144": "S"}, {"144": "S"}, {"144": "S"}, {"144": "S"}, {"144": "S"}, {"144": "S"}, {"144": "E"}, {"144": "E"}, {"144": "E"}, {"144": "E"}, {"144": "S"}, {"144": "E"}, {"144": "E"}, {"144": "E"}, {"144": "E"}, {"144": "N"}, {"144": "E"}, {"35": "S"}, {"35": "W"}, {"35": "W"}, {"35": "W"}, {"35": "S"}, {"35": "W"}, {"156": "N"}, {"156": "W"}, {"156": "N"}, {"156": "W"}, {"156": "W"}, {"156": "W"}, {"156": "W"}, {"156": "W"}, {"156": "N"}, {"156": "N"}, {"156": "N"}, {"156": "W"}, {"156": "W"}, {"156": "N"}, {"110": "W"}, {"110": "N"}, {"110": "N"}, {"110": "N"}, {"110": "N"}, {"110": "N"}, {"110": "N"}, {"110": "N"}, {"110": "N"}, {"110": "N"}, {"110": "W"}, {"110": "W"}, {"110": "W"}, {"110": "W"}, {"110": "W"}, {"110": "W"}, {"110": "W"}, {"129": "S"}, {"129": "W"}, {"129": "W"}, {"129": "W"}, {"129": "W"}, {"129": "W"}, {"129": "W"}, {"129": "W"}, {"129": "W"}, {"129": "W"}, {"129": "W"}, {"129": "W"}, {"129": "S"}, {"129": "S"}, {"129": "S"}, {"129": "S"}, {"129": "S"}, {"129": "S"}, {"129": "S"}, {"129": "S"}, {"129": "S"}, {"129": "S"}, {"129": "S"}, {"129": "W"}, {"129": "W"}, {"129": "S"}, {"129": "W"}, {"129": "W"}, {"129": "W"}, {"129": "W"}, {"129": "W"}, {"129": "W"}, {"129": "W"}, {"129": "W"}, {"129": "W"}, {"129": "W"}, {"129": "W"}, {"129": "W"}, {"129": "W"}, {"129": "N"}, {"176": "S"}, {"176": "S"}, {"176": "E"}, {"176": "S"}, {"176": "S"}, {"176": "S"}, {"176": "S"}, {"176": "S"}, {"176": "S"}, {"176": "S"}, {"176": "S"}, {"176": "S"}, {"176": "S"}, {"176": "S"}, {"176": "S"}, {"176": "S"}, {"176": "S"}, {"176": "S"}, {"176": "S"}, {"176": "S"}, {"176": "S"}, {"176": "S"}, {"176": "W"}, {"87": "E"}, {"87": "S"}, {"87": "S"}, {"87": "S"}, {"87": "W"}, {"87": "W"}, {"87": "W"}, {"87": "W"}, {"87": "W"}, {"87": "W"}, {"87": "S"}, {"87": "W"}, {"87": "S"}, {"87": "S"}, {"87": "S"}, {"87": "S"}, {"87": "S"}, {"87": "S"}, {"87": "S"}, {"87": "S"}, {"87": "E"}, {"189": "W"}, {"189": "S"}, {"189": "S"}, {"189": "W"}, {"189": "W"}, {"189": "W"}, {"189": "W"}, {"189": "W"}, {"189": "S"}, {"189": "W"}, {"189": "W"}, {"189": "S"}, {"189": "S"}, {"189": "S"}, {"189": "S"}, {"189": "S"}, {"189": "S"}, {"189": "S"}, {"189": "S"}, {"189": "S"}, {"189": "S"}, {"189": "S"}, {"189": "S"}, {"189": "S"}, {"189": "S"}, {"189": "S"}, {"189": "S"}, {"189": "S"}, {"189": "S"}, {"189": "S"}, {"189": "E"}, {"189": "E"}, {"189": "E"}, {"189": "E"}, {"189": "S"}, {"189": "E"}, {"189": "E"}, {"189": "E"}, {"189": "E"}, {"189": "E"}, {"189": "E"}, {"189": "E"}, {"189": "E"}, {"189": "E"}, {"189": "N"}, {"128": "N"}, {"128": "E"}, {"128": "E"}, {"128": "E"}, {"128": "E"}, {"128": "E"}, {"128": "E"}, {"128": "E"}, {"128": "E"}, {"128": "E"}, {"128": "N"}, {"76": "E"}, {"76": "S"}, {"76": "E"}, {"76": "E"}, {"76": "E"}, {"76": "E"}, {"76": "S"}, {"76": "E"}, {"76": "E"}, {"76": "E"}, {"76": "E"}, {"76": "E"}, {"76": "E"}, {"76": "E"}, {"76": "E"}, {"76": "E"}, {"76": "E"}, {"76": "E"}, {"76": "E"}, {"76": "E"}, {"76": "E"}, {"76": "E"}, {"76": "E"}, {"76": "E"}, {"76": "N"}, {"76": "N"}, {"76": "N"}, {"76": "N"}, {"76": "N"}, {"76": "N"}, {"76": "N"}, {"76": "N"}, {"76": "N"}, {"76": "N"}, {"76": "N"}, {"76": "N"}, {"76": "N"}, {"76": "W"}, {"76": "N"}, {"143": "S"}, {"143": "E"}, {"143": "S"}, {"143": "S"}, {"143": "S"}, {"143": "S"}, {"143": "S"}, {"143": "S"}, {"143": "S"}, {"143": "E"}, {"143": "E"}, {"143": "E"}, {"143": "E"}, {"143": "E"}, {"143": "S"}, {"143": "E"}, {"143": "E"}, {"143": "E"}, {"143": "E"}, {"143": "E"}, {"143": "E"}, {"143": "S"}, {"143": "S"}, {"143": "S"}, {"143": "S"}, {"143": "S"}, {"143": "W"}, {"37": "N"}, {"37": "W"}, {"37": "W"}, {"37": "W"}, {"37": "W"}, {"37": "W"}, {"37": "W"}, {"37": "W"}, {"37": "W"}, {"37": "N"}, {"37": "W"}, {"37": "W"}, {"37": "W"}, {"37": "W"}, {"37": "W"}, {"37": "W"}, {"37": "W"}, {"37": "W"}, {"37": "W"}, {"37": "W"}, {"37": "W"}, {"37": "S"}, {"2": "S"}, {"2": "S"}, {"2": "E"}, {"2": "E"}, {"2": "E"}, {"2": "E"}, {"2": "E"}, {"2": "E"}, {"2": "E"}, {"2": "S"}, {"2": "E"}, {"2": "E"}, {"2": "E"}, {"2": "E"}, {"2": "E"}, {"2": "E"}, {"2": "E"}, {"2": "E"}, {"2": "E"}, {"2": "E"}, {"2": "N"}, {"81": "W"}, {"81": "S"}, {"81": "S"}, {"81": "S"}, {"81": "S"}, {"81": "W"}, {"81": "W"}, {"81": "W"}, {"81": "W"}, {"81": "W"}, {"81": "W"}, {"81": "W"}, {"81": "W"}, {"81": "W"}, {"81": "W"}, {"81": "W"}, {"81": "W"}, {"81": "W"}, {"81": "W"}, {"81": "W"}, {"81": "W"}, {"81": "W"}, {"81": "W"}, {"81": "W"}, {"81": "N"}, {"81": "W"}, {"81": "W"}, {"81": "N"}, {"81": "N"}, {"81": "N"}, {"81": "N"}, {"81": "N"}, {"81": "E"}, {"81": "E"}, {"182": "S"}, {"182": "E"}, {"182": "E"}, {"182": "S"}, {"182": "S"}, {"182": "S"}, {"182": "S"}, {"182": "S"}, {"182": "S"}, {"182": "S"}, {"182": "S"}, {"182": "S"}, {"182": "E"}, {"182": "E"}, {"182": "E"}, {"182": "E"}, {"182": "S"}, {"182": "E"}, {"182": "E"}, {"182": "E"}, {"182": "E"}, {"182": "E"}, {"182": "E"}, {"182": "N"}, {"79": "N"}, {"79": "N"}, {"79": "E"}, {"79": "E"}, {"79": "E"}, {"79": "E"}, {"79": "E"}, {"79": "E"}, {"79": "N"}, {"79": "E"}, {"79": "E"}, {"79": "N"}, {"79": "E"}, {"79": "E"}, {"79": "E"}, {"79": "E"}, {"79": "E"}, {"79": "E"}, {"79": "E"}, {"79": "E"}, {"79": "E"}, {"79": "E"}, {"79": "E"}, {"79": "E"}, {"79": "E"}, {"79": "S"}, {"73": "N"}, {"73": "E"}, {"73": "N"}, {"73": "E"}, {"73": "E"}, {"73": "N"}, {"73": "E"}, {"73": "E"}, {"73": "E"}, {"73": "E"}, {"73": "E"}, {"73": "E"}, {"73": "E"}, {"73": "E"}, {"73": "E"}, {"73": "E"}, {"73": "E"}, {"73": "E"}, {"73": "E"}, {"73": "E"}, {"73": "S"}, {"73": "E"}, {"73": "E"}, {"124": "W"}, {"124": "N"}, {"124": "N"}, {"124": "N"}, {"124": "N"}, {"124": "W"}, {"124": "W"}, {"124": "N"}, {"124": "W"}, {"124": "W"}, {"124": "W"}, {"124": "W"}, {"124": "W"}, {"124": "W"}, {"124": "W"}, {"124": "W"}, {"124": "W"}, {"124": "W"}, {"124": "W"}, {"124": "W"}, {"124": "W"}, {"124": "W"}, {"124": "W"}, {"124": "W"}, {"124": "W"}, {"124": "S"}, {"124": "W"}, {"124": "W"}, {"124": "S"}, {"124": "S"}, {"124": "S"}, {"124": "S"}, {"124": "S"}, {"124": "S"}, {"124": "S"}, {"124": "S"}, {"124": "S"}, {"124": "S"}, {"124": "E"}, {"124": "E"}, {"38": "W"}, {"38": "W"}, {"38": "S"}, {"38": "S"}, {"38": "S"}, {"38": "W"}, {"38": "W"}, {"38": "W"}, {"38": "W"}, {"38": "S"}, {"38": "S"}, {"12": "S"}, {"12": "E"}, {"12": "E"}, {"12": "E"}, {"12": "E"}, {"12": "E"}, {"12": "E"}, {"12": "E"}, {"12": "S"}, {"12": "S"}, {"12": "S"}, {"12": "E"}, {"163": "E"}, {"163": "S"}, {"163": "S"}, {"163": "S"}, {"163": "S"}, {"163": "E"}, {"93": "S"}, {"93": "E"}, {"93": "S"}, {"93": "E"}, {"93": "E"}, {"93": "E"}, {"93": "E"}, {"93": "E"}, {"93": "E"}, {"93": "E"}, {"93": "S"}, {"93": "E"}, {"93": "E"}, {"93": "E"}, {"93": "E"}, {"93": "E"}, {"93": "E"}, {"93": "E"}, {"93": "E"}, {"93": "E"}, {"93": "E"}, {"93": "E"}, {"93": "E"}, {"93": "E"}, {"93": "E"}, {"93": "E"}, {"93": "E"}, {"93": "E"}, {"93": "N"}, {"93": "N"}, {"93": "N"}, {"93": "N"}, {"93": "N"}, {"93": "N"}, {"93": "N"}, {"93": "N"}, {"93": "N"}, {"93": "N"}, {"93": "N"}, {"93": "N"}, {"93": "N"}, {"93": "W"}, {"194": "N"}, {"194": "E"}, {"194": "N"}, {"194": "N"}, {"194": "N"}, {"194": "N"}, {"194": "N"}, {"194": "N"}, {"194": "N"}, {"194": "N"}, {"194": "N"}, {"194": "N"}, {"194": "N"}, {"194": "N"}, {"194": "N"}, {"194": "N"}, {"194": "N"}, {"194": "N"}, {"194": "N"}, {"194": "N"}, {"194": "N"}, {"194": "N"}, {"194": "W"}, {"194": "W"}, {"194": "N"}, {"194": "W"}, {"194": "W"}, {"194": "W"}, {"194": "W"}, {"194": "W"}, {"194": "W"}, {"194": "W"}, {"194": "W"}, {"194": "W"}, {"194": "W"}, {"194": "W"}, {"194": "W"}, {"194": "W"}, {"194": "W"}, {"194": "S"}, {"89": "W"}, {"89": "S"}, {"89": "S"}, {"89": "S"}, {"89": "S"}, {"89": "S"}, {"89": "W"}, {"89": "W"}, {"89": "W"}, {"89": "W"}, {"89": "W"}, {"89": "W"}, {"89": "S"}, {"89": "W"}, {"89": "S"}, {"89": "S"}, {"89": "S"}, {"89": "S"}, {"89": "S"}, {"89": "S"}, {"89": "E"}, {"119": "N"}, {"119": "W"}, {"119": "W"}, {"119": "N"}, {"119": "N"}, {"119": "N"}, {"119": "N"}, {"119": "N"}, {"119": "W"}, {"119": "W"}, {"119": "N"}, {"119": "W"}, {"119": "W"}, {"119": "W"}, {"119": "W"}, {"119": "W"}, {"119": "W"}, {"119": "S"}, {"90": "W"}, {"90": "N"}, {"90": "N"}, {"90": "W"}, {"90": "W"}, {"90": "W"}, {"90": "W"}, {"90": "N"}, {"90": "W"}, {"90": "W"}, {"90": "N"}, {"90": "N"}, {"90": "E"}, {"90": "E"}, {"188": "E"}, {"188": "S"}, {"188": "S"}, {"188": "W"}, {"188": "W"}, {"188": "W"}, {"188": "W"}, {"188": "W"}, {"188": "W"}, {"188": "W"}, {"188": "W"}, {"188": "W"}, {"188": "W"}, {"188": "W"}, {"188": "W"}, {"188": "W"}, {"188": "W"}, {"188": "S"}, {"188": "W"}, {"188": "W"}, {"188": "S"}, {"188": "S"}, {"188": "S"}, {"188": "S"}, {"188": "S"}, {"188": "S"}, {"188": "S"}, {"188": "S"}, {"188": "S"}, {"188": "S"}, {"188": "S"}, {"188": "S"}, {"188": "S"}, {"188": "S"}, {"188": "S"}, {"188": "S"}, {"188": "S"}, {"188": "S"}, {"188": "S"}, {"188": "E"}, {"188": "E"}, {"127": "W"}, {"127": "S"}, {"127": "S"}, {"127": "W"}, {"127": "W"}, {"127": "W"}, {"127": "W"}, {"127": "W"}, {"127": "W"}, {"127": "W"}, {"127": "W"}, {"127": "W"}, {"127": "W"}, {"127": "W"}, {"127": "W"}, {"127": "W"}, {"127": "W"}, {"127": "W"}, {"127": "W"}, {"127": "W"}, {"127": "N"}, {"197": "S"}, {"197": "W"}, {"197": "S"}, {"197": "W"}, {"197": "W"}, {"197": "W"}, {"197": "S"}, {"197": "S"}, {"197": "S"}, {"197": "W"}, {"197": "W"}, {"197": "W"}, {"197": "W"}, {"197": "W"}, {"197": "W"}, {"197": "W"}, {"197": "W"}, {"197": "W"}, {"197": "W"}, {"197": "W"}, {"197": "W"}, {"197": "W"}, {"197": "W"}, {"197": "W"}, {"197": "W"}, {"197": "W"}, {"197": "W"}, {"197": "W"}, {"197": "W"}, {"197": "N"}, {"198": "E"}, {"198": "S"}, {"198": "S"}, {"198": "S"}, {"198": "S"}, {"198": "S"}, {"198": "S"}, {"198": "S"}, {"198": "S"}, {"198": "S"}, {"198": "S"}, {"198": "E"}, {"198": "E"}, {"198": "E"}, {"198": "E"}, {"198": "E"}, {"198": "E"}, {"198": "E"}, {"198": "E"}, {"198": "E"}, {"198": "E"}, {"198": "E"}, {"198": "E"}, {"198": "S"}, {"198": "E"}, {"198": "E"}, {"198": "S"}, {"198": "S"}, {"198": "S"}, {"198": "S"}, {"198": "S"}, {"198": "S"}, {"198": "S"}, {"198": "S"}, {"198": "S"}, {"198": "S"}, {"198": "S"}, {"198": "W"}, {"103": "W"}, {"103": "S"}, {"103": "S"}, {"103": "S"}, {"103": "S"}, {"103": "S"}, {"103": "W"}, {"103": "W"}, {"103": "W"}, {"103": "W"}, {"103": "W"}, {"103": "W"}, {"103": "W"}, {"103": "W"}, {"103": "W"}, {"103": "W"}, {"103": "W"}, {"103": "W"}, {"103": "W"}, {"103": "W"}, {"103": "W"}, {"103": "W"}, {"103": "W"}, {"103": "W"}, {"103": "N"}, {"33": "N"}, {"33": "W"}, {"33": "W"}, {"33": "W"}, {"33": "W"}, {"33": "W"}, {"33": "N"}, {"33": "N"}, {"33": "N"}, {"33": "N"}, {"33": "N"}, {"33": "N"}, {"33": "N"}, {"33": "N"}, {"33": "W"}, {"186": "N"}, {"186": "N"}, {"186": "W"}, {"186": "W"}, {"186": "W"}, {"186": "W"}, {"186": "W"}, {"92": "N"}, {"92": "W"}, {"92": "W"}, {"92": "W"}, {"92": "W"}, {"92": "W"}, {"92": "N"}, {"92": "W"}, {"92": "W"}, {"92": "W"}, {"92": "W"}, {"92": "W"}, {"92": "N"}, {"92": "N"}, {"92": "N"}, {"92": "N"}, {"92": "N"}, {"92": "N"}, {"92": "W"}, {"92": "W"}, {"92": "W"}, {"92": "W"}, {"92": "W"}, {"92": "W"}, {"92": "W"}, {"92": "W"}, {"92": "W"}, {"92": "W"}, {"92": "W"}, {"92": "W"}, {"92": "W"}, {"92": "W"}, {"92": "W"}, {"92": "W"}, {"92": "W"}, {"92": "W"}, {"92": "W"}, {"92": "S"}, {"132": "E"}, {"132": "S"}, {"132": "S"}, {"132": "S"}, {"132": "S"}, {"132": "E"}, {"132": "E"}, {"132": "E"}, {"132": "E"}, {"132": "E"}, {"132": "E"}, {"132": "E"}, {"132": "E"}, {"132": "E"}, {"132": "E"}, {"132": "E"}, {"132": "E"}, {"132": "E"}, {"132": "E"}, {"132": "S"}, {"132": "S"}, {"132": "S"}, {"132": "S"}, {"132": "S"}, {"132": "S"}, {"132": "S"}, {"132": "S"}, {"132": "S"}, {"132": "S"}, {"132": "S"}, {"132": "S"}, {"132": "S"}, {"132": "S"}, {"132": "S"}, {"132": "S"}, {"132": "S"}, {"132": "S"}, {"132": "S"}, {"132": "S"}, {"132": "S"}, {"132": "W"}, {"132": "W"}, {"132": "W"}, {"132": "W"}, {"132": "N"}, {"40": "S"}, {"40": "W"}, {"40": "W"}, {"40": "W"}, {"40": "W"}, {"40": "W"}, {"40": "W"}, {"153": "W"}, {"153": "S"}, {"153": "S"}, {"153": "E"}, {"153": "E"}, {"153": "E"}, {"153": "E"}, {"153": "E"}, {"153": "E"}, {"153": "E"}, {"153": "E"}, {"153": "S"}, {"153": "S"}, {"153": "S"}, {"153": "S"}, {"153": "S"}, {"153": "S"}, {"153": "S"}, {"153": "S"}, {"153": "S"}, {"153": "S"}, {"153": "S"}, {"153": "S"}, {"153": "S"}, {"153": "W"}, {"1": "N"}, {"1": "E"}, {"1": "E"}, {"1": "E"}, {"1": "E"}, {"1": "E"}, {"1": "N"}, {"1": "N"}, {"1": "N"}, {"1": "N"}, {"1": "E"}, {"17": "E"}, {"17": "S"}, {"17": "E"}, {"17": "S"}, {"17": "S"}, {"17": "S"}, {"17": "W"}, {"17": "S"}, {"45": "W"}, {"45": "N"}, {"45": "W"}, {"45": "N"}, {"45": "N"}, {"45": "N"}, {"45": "N"}, {"45": "N"}, {"45": "N"}, {"45": "E"}, {"74": "S"}, {"74": "S"}, {"74": "S"}, {"74": "E"}, {"74": "S"}, {"74": "S"}, {"74": "S"}, {"74": "W"}, {"74": "W"}, {"74": "W"}, {"74": "W"}, {"74": "W"}, {"74": "W"}, {"74": "W"}, {"74": "W"}, {"74": "W"}, {"74": "W"}, {"74": "S"}, {"74": "S"}, {"74": "S"}, {"74": "S"}, {"74": "S"}, {"74": "E"}, {"196": "W"}, {"196": "W"}, {"196": "N"}, {"196": "N"}, {"196": "N"}, {"196": "N"}, {"196": "W"}, {"196": "W"}, {"196": "W"}, {"196": "N"}, {"196": "N"}, {"196": "N"}, {"196": "N"}, {"196": "N"}, {"196": "N"}, {"196": "N"}, {"196": "N"}, {"196": "N"}, {"196": "N"}, {"196": "N"}, {"196": "N"}, {"196": "N"}, {"196": "N"}, {"196": "N"}, {"196": "N"}, {"196": "N"}, {"196": "N"}, {"196": "N"}, {"196": "N"}, {"196": "N"}, {"196": "E"}, {"196": "E"}, {"196": "E"}, {"196": "E"}, {"196": "E"}, {"196": "E"}, {"196": "E"}, {"196": "E"}, {"196": "E"}, {"196": "E"}, {"196": "S"}, {"86": "E"}, {"86": "S"}, {"86": "S"}, {"86": "S"}, {"86": "E"}, {"86": "E"}, {"86": "E"}, {"86": "E"}, {"86": "E"}, {"86": "E"}, {"86": "E"}, {"86": "E"}, {"86": "E"}, {"86": "E"}, {"86": "E"}, {"86": "E"}, {"86": "S"}, {"41": "W"}, {"41": "S"}, {"41": "W"}, {"41": "W"}, {"41": "W"}, {"41": "W"}, {"41": "W"}, {"41": "W"}, {"41": "W"}, {"41": "W"}, {"41": "W"}, {"41": "W"}, {"41": "W"}, {"41": "W"}, {"41": "W"}, {"41": "S"}, {"41": "S"}, {"41": "S"}, {"41": "S"}, {"41": "S"}, {"41": "S"}, {"41": "S"}, {"41": "S"}, {"41": "S"}, {"41": "S"}, {"41": "S"}, {"41": "S"}, {"41": "S"}, {"41": "E"}, {"160": "N"}, {"160": "W"}, {"160": "W"}, {"160": "W"}, {"160": "S"}, {"160": "S"}, {"160": "S"}, {"160": "S"}, {"160": "S"}, {"160": "S"}, {"160": "S"}, {"160": "S"}, {"160": "S"}, {"160": "S"}, {"160": "S"}, {"160": "S"}, {"160": "S"}, {"160": "S"}, {"160": "S"}, {"160": "W"}, {"160": "W"}, {"160": "W"}, {"160": "W"}, {"160": "W"}, {"160": "W"}, {"160": "W"}, {"160": "W"}, {"160": "W"}, {"160": "W"}, {"160": "N"}, {"126": "S"}, {"126": "S"}, {"126": "S"}, {"126": "S"}, {"126": "S"}, {"126": "E"}, {"126": "E"}, {"126": "E"}, {"126": "E"}, {"126": "E"}, {"126": "E"}, {"126": "E"}, {"126": "E"}, {"126": "E"}, {"126": "E"}, {"126": "E"}, {"126": "E"}, {"126": "E"}, {"126": "E"}, {"126": "S"}, {"126": "E"}, {"126": "E"}, {"126": "E"}, {"126": "E"}, {"126": "E"}, {"126": "E"}, {"126": "E"}, {"126": "E"}, {"126": "N"}, {"136": "E"}, {"136": "S"}, {"136": "S"}, {"136": "S"}, {"136": "S"}, {"136": "S"}, {"136": "S"}, {"136": "E"}, {"136": "E"}, {"3": "S"}, {"3": "W"}, {"3": "W"}, {"3": "S"}, {"3": "S"}, {"3": "S"}, {"3": "S"}, {"3": "S"}, {"3": "S"}, {"3": "S"}, {"3": "S"}, {"3": "S"}, {"3": "S"}, {"3": "S"}, {"3": "S"}, {"3": "S"}, {"3": "S"}, {"3": "S"}, {"3": "W"}, {"3": "W"}, {"3": "W"}, {"3": "W"}, {"3": "W"}, {"3": "W"}, {"3": "W"}, {"3": "W"}, {"3": "W"}, {"3": "W"}, {"3": "W"}, {"3": "W"}, {"3": "W"}, {"3": "W"}, {"3": "W"}, {"3": "W"}, {"3": "W"}, {"3": "W"}, {"3": "W"}, {"3": "W"}, {"3": "W"}, {"3": "N"}, {"3": "N"}, {"3": "N"}, {"3": "N"}, {"3": "N"}, {"3": "E"}], "result": "SUCCESS", "makespan": 5072, "sum": 6492, "algo_name": "OutAndInByPercentage", "extra": {"arrival_order": [167, 68, 27, 145, 32, 123, 181, 64, 4, 183, 43, 172, 51, 84, 173, 6, 193, 97, 18, 116, 47, 121, 161, 108, 150, 22, 52, 166, 7, 63, 138, 67, 141, 165, 104, 159, 9, 180, 195, 48, 65, 80, 178, 111, 114, 49, 152, 94, 162, 158, 61, 66, 139, 88, 177, 19, 83, 135, 125, 36, 142, 147, 171, 140, 26, 24, 199, 42, 70, 8, 107, 72, 179, 175, 192, 170, 174, 96, 60, 146, 55, 44, 122, 133, 98, 191, 58, 56, 31, 120, 59, 187, 28, 149, 23, 75, 100, 50, 21, 57, 69, 34, 102, 185, 169, 13, 154, 99, 112, 77, 190, 91, 106, 46, 25, 164, 11, 184, 39, 62, 117, 0, 78, 109, 14, 54, 71, 20, 118, 168, 16, 137, 148, 10, 53, 82, 105, 155, 85, 131, 115, 15, 101, 157, 95, 113, 5, 134, 30, 130, 151, 29, 144, 35, 156, 110, 129, 176, 87, 189, 128, 76, 143, 37, 2, 81, 182, 79, 73, 124, 38, 12, 163, 93, 194, 89, 119, 90, 188, 127, 197, 198, 103, 33, 186, 92, 132, 40, 153, 1, 17, 45, 74, 196, 86, 41, 160, 126, 136, 3], "time_arrived": [3137, 4831, 4217, 5072, 251, 3729, 450, 818, 1895, 1082, 3426, 3003, 4387, 2686, 3226, 3616, 3373, 4839, 547, 1522, 3307, 2543, 742, 2478, 1798, 2937, 1781, 103, 2437, 3892, 3794, 2339, 162, 4698, 2609, 3937, 1659, 4196, 4375, 3042, 4795, 4959, 1836, 289, 2139, 4849, 2914, 624, 1142, 1261, 2517, 377, 773, 3463, 3270, 2133, 2305, 2553, 2282, 2364, 2112, 1432, 3063, 840, 222, 1150, 1443, 907, 80, 2561, 1860, 3286, 1962, 4324, 4872, 2493, 4147, 2824, 3156, 4301, 1188, 4251, 3491, 1556, 417, 3537, 4930, 4052, 1472, 4496, 4528, 2864, 4743, 4435, 1319, 3710, 2080, 501, 2249, 2776, 2498, 3636, 2624, 4683, 1017, 3517, 2876, 1923, 701, 3195, 3968, 1232, 2817, 3715, 1252, 3596, 591, 3098, 3326, 4514, 2345, 654, 2179, 187, 4364, 1617, 5018, 4590, 4108, 4008, 3851, 3574, 4788, 2215, 3752, 1579, 5027, 3384, 877, 1452, 1762, 942, 1698, 4174, 3931, 145, 2124, 1705, 3416, 2467, 715, 3877, 1292, 4820, 2732, 3532, 3951, 3677, 1394, 1046, 4989, 675, 1352, 4393, 2956, 984, 805, 65, 3346, 2654, 2021, 1723, 334, 437, 2040, 1990, 4031, 1491, 1203, 1976, 1113, 201, 4275, 274, 3024, 2640, 4705, 2416, 4569, 4097, 2857, 2263, 2010, 466, 4475, 1134, 4913, 4620, 4658, 1825]}}