{"instance": "small_free_010_20x20_50_200", "steps": [{"97": "S", "99": "W", "184": "S", "8": "W", "172": "N", "127": "W", "82": "E", "72": "E", "59": "S", "157": "S", "134": "W", "144": "S", "80": "W", "148": "W", "147": "S", "137": "S", "101": "W", "38": "N", "27": "W", "156": "S", "13": "S", "158": "W", "123": "W", "193": "S", "107": "W", "103": "S", "53": "W", "29": "S", "24": "N", "89": "W", "164": "S", "151": "E", "145": "W", "45": "E", "182": "W", "169": "W", "91": "W", "70": "W", "69": "S", "56": "S", "44": "S", "18": "N", "11": "E", "189": "E", "173": "W", "73": "S", "34": "W", "186": "E", "178": "S", "141": "W", "116": "W", "48": "W", "5": "N", "146": "E", "6": "N", "191": "S", "159": "N", "124": "W", "92": "W", "84": "S", "52": "N", "23": "E", "90": "N", "75": "E", "32": "W", "198": "E", "174": "S", "160": "W", "66": "E", "40": "N", "16": "S", "195": "N", "131": "E", "41": "N", "28": "W", "143": "S", "129": "S", "120": "S", "113": "S", "105": "W", "86": "N", "83": "W", "65": "E", "57": "W", "21": "E", "15": "S", "4": "S", "180": "S", "177": "S", "153": "N", "142": "S", "100": "N", "96": "N", "93": "W", "51": "N", "43": "W", "36": "W", "20": "E", "197": "S", "183": "N", "181": "W", "179": "N", "176": "N", "170": "S", "168": "E", "165": "N", "130": "N", "114": "E", "104": "W", "85": "E", "77": "W", "71": "W", "67": "E", "42": "S", "22": "E", "12": "W", "0": "S", "155": "S", "136": "E", "128": "N", "122": "W", "118": "E", "117": "W", "112": "E", "87": "S", "81": "W", "46": "W", "30": "W", "7": "E", "3": "W", "196": "E", "194": "S", "192": "N", "171": "W", "161": "W", "150": "S", "149": "N", "140": "W", "139": "W", "110": "S", "98": "E", "88": "W", "78": "W", "63": "W", "61": "N", "55": "N", "54": "S", "49": "W", "33": "E", "10": "N"}, {"97": "W", "60": "W", "99": "W", "184": "S", "8": "W", "172": "N", "127": "W", "82": "N", "59": "S", "167": "W", "157": "S", "134": "W", "144": "E", "80": "W", "148": "W", "147": "S", "137": "S", "101": "N", "38": "N", "27": "W", "166": "N", "156": "S", "13": "S", "158": "W", "123": "W", "193": "S", "107": "N", "103": "S", "58": "S", "53": "W", "29": "S", "24": "W", "94": "N", "89": "W", "175": "S", "151": "E", "145": "W", "45": "E", "19": "S", "182": "W", "169": "S", "125": "W", "91": "W", "76": "W", "70": "W", "69": "S", "56": "S", "39": "N", "163": "S", "44": "S", "31": "E", "18": "W", "14": "N", "11": "E", "189": "E", "173": "N", "73": "E", "34": "N", "186": "S", "178": "S", "141": "W", "116": "S", "48": "W", "5": "E", "191": "S", "124": "W", "95": "E", "92": "W", "84": "S", "52": "N", "75": "E", "32": "W", "174": "S", "160": "W", "119": "N", "66": "S", "40": "N", "16": "S", "195": "N", "68": "E", "28": "W", "126": "S", "120": "S", "113": "S", "109": "W", "105": "N", "86": "W", "83": "W", "65": "E", "57": "S", "21": "N", "15": "S", "4": "S", "180": "S", "177": "S", "142": "E", "115": "S", "108": "S", "100": "E", "96": "E", "93": "W", "79": "S", "74": "S", "51": "N", "43": "W", "36": "W", "20": "N", "183": "E", "181": "W", "179": "E", "176": "N", "170": "S", "168": "E", "165": "N", "102": "N", "85": "S", "77": "S", "71": "W", "42": "S", "35": "W", "22": "E", "12": "W", "9": "N", "0": "S", "188": "S", "187": "S", "162": "N", "155": "S", "136": "N", "132": "S", "128": "E", "122": "W", "121": "S", "118": "E", "117": "W", "112": "S", "87": "S", "30": "S", "3": "W", "1": "S", "171": "W", "150": "S", "149": "W", "140": "W", "139": "N", "138": "W", "111": "W", "106": "W", "98": "N", "88": "N", "63": "W", "62": "W", "55": "E", "54": "S", "49": "W", "37": "S", "33": "S"}, {"97": "W", "60": "W", "99": "S", "184": "S", "8": "N", "172": "N", "127": "S", "72": "W", "59": "S", "157": "E", "144": "E", "80": "S", "148": "S", "147": "E", "137": "E", "38": "N", "27": "W", "166": "W", "156": "S", "13": "E", "158": "S", "123": "W", "193": "S", "107": "W", "103": "S", "58": "W", "53": "W", "29": "S", "154": "N", "94": "N", "175": "W", "164": "W", "151": "E", "145": "W", "45": "E", "19": "S", "182": "W", "169": "W", "133": "S", "125": "W", "91": "W", "76": "W", "70": "W", "69": "S", "56": "S", "50": "W", "39": "N", "163": "E", "44": "S", "31": "N", "18": "W", "14": "N", "11": "E", "189": "E", "34": "N", "186": "E", "178": "S", "116": "S", "48": "W", "5": "N", "191": "S", "124": "N", "95": "S", "92": "W", "84": "S", "64": "N", "52": "N", "23": "W", "90": "W", "75": "E", "174": "S", "160": "N", "66": "W", "40": "E", "16": "W", "195": "W", "41": "W", "28": "W", "199": "S", "143": "W", "126": "S", "120": "S", "113": "S", "109": "N", "105": "N", "86": "W", "65": "E", "57": "W", "47": "N", "21": "W", "15": "S", "180": "E", "177": "S", "115": "W", "108": "W", "100": "E", "96": "N", "93": "W", "79": "E", "51": "E", "43": "W", "36": "W", "20": "N", "197": "W", "183": "N", "181": "W", "179": "E", "170": "S", "165": "W", "130": "N", "114": "S", "102": "E", "85": "W", "71": "W", "67": "E", "42": "W", "22": "N", "9": "W", "0": "S", "187": "E", "155": "S", "136": "E", "132": "S", "128": "E", "122": "S", "121": "S", "118": "S", "117": "W", "112": "S", "87": "S", "30": "W", "26": "E", "3": "W", "1": "S", "192": "S", "161": "S", "150": "S", "149": "N", "140": "W", "139": "W", "138": "W", "111": "N", "106": "S", "98": "N", "88": "W", "62": "S", "61": "S", "55": "E", "54": "S", "49": "W", "37": "W", "33": "S", "10": "W"}, {"97": "W", "60": "W", "99": "S", "184": "S", "8": "N", "172": "N", "127": "S", "82": "N", "72": "W", "59": "S", "167": "N", "144": "S", "80": "S", "147": "E", "137": "S", "38": "N", "156": "S", "13": "S", "158": "E", "193": "S", "107": "W", "103": "S", "58": "W", "53": "N", "29": "S", "24": "S", "154": "N", "94": "N", "89": "S", "175": "W", "164": "W", "145": "W", "45": "E", "19": "S", "17": "E", "182": "W", "169": "W", "133": "S", "125": "N", "91": "W", "76": "W", "70": "W", "69": "S", "56": "S", "50": "W", "39": "N", "163": "E", "44": "S", "18": "W", "14": "N", "11": "E", "189": "S", "73": "W", "34": "W", "186": "S", "178": "S", "141": "N", "116": "W", "48": "S", "5": "E", "6": "E", "191": "S", "159": "E", "95": "E", "92": "W", "84": "S", "52": "N", "23": "W", "90": "W", "75": "N", "32": "N", "174": "S", "160": "W", "119": "N", "66": "S", "16": "W", "68": "W", "199": "S", "143": "W", "129": "S", "126": "S", "120": "E", "113": "S", "105": "W", "86": "N", "65": "N", "57": "W", "15": "S", "115": "S", "108": "W", "100": "N", "96": "E", "93": "W", "79": "E", "51": "E", "43": "N", "20": "E", "197": "W", "179": "N", "176": "E", "168": "N", "165": "W", "114": "S", "102": "E", "85": "S", "71": "S", "67": "N", "42": "W", "9": "N", "187": "E", "152": "E", "136": "E", "135": "S", "132": "S", "128": "E", "122": "S", "121": "W", "118": "E", "112": "S", "87": "E", "81": "S", "46": "S", "30": "W", "26": "S", "3": "W", "1": "S", "196": "S", "190": "E", "171": "N", "161": "S", "150": "S", "149": "N", "140": "W", "139": "W", "138": "N", "111": "E", "110": "W", "106": "S", "88": "W", "78": "S", "61": "W", "55": "S", "49": "W", "37": "W", "33": "S", "25": "W", "10": "W", "2": "S"}, {"97": "W", "99": "S", "184": "S", "8": "N", "172": "N", "127": "S", "82": "N", "72": "W", "167": "N", "157": "E", "144": "S", "147": "E", "137": "S", "101": "S", "38": "N", "27": "W", "156": "S", "13": "S", "158": "E", "123": "W", "193": "S", "107": "W", "103": "E", "58": "W", "29": "S", "24": "W", "154": "N", "94": "N", "89": "E", "175": "W", "164": "W", "151": "N", "145": "W", "45": "E", "19": "S", "17": "E", "182": "W", "169": "S", "133": "S", "125": "W", "91": "W", "70": "W", "50": "W", "39": "N", "163": "E", "44": "S", "31": "W", "18": "W", "14": "N", "11": "E", "189": "S", "73": "S", "34": "W", "186": "S", "178": "S", "116": "W", "48": "S", "5": "E", "146": "W", "6": "E", "191": "S", "159": "E", "95": "E", "92": "W", "84": "W", "52": "N", "75": "E", "32": "N", "198": "N", "174": "S", "66": "S", "16": "W", "195": "W", "131": "W", "68": "S", "199": "E", "143": "W", "126": "S", "120": "E", "109": "W", "105": "W", "65": "E", "57": "W", "21": "W", "15": "S", "185": "N", "142": "E", "115": "E", "108": "W", "100": "E", "96": "N", "93": "W", "79": "E", "51": "E", "43": "W", "20": "N", "197": "W", "179": "E", "176": "N", "168": "N", "165": "W", "130": "N", "85": "S", "77": "W", "67": "W", "42": "W", "9": "N", "187": "S", "152": "N", "136": "E", "135": "S", "132": "S", "128": "E", "121": "S", "118": "S", "112": "S", "81": "S", "46": "W", "30": "S", "7": "S", "3": "W", "196": "S", "190": "S", "171": "W", "161": "S", "150": "S", "149": "N", "140": "W", "139": "W", "138": "N", "111": "E", "110": "W", "106": "S", "78": "S", "62": "S", "61": "W", "49": "W", "37": "N", "33": "S", "25": "N", "10": "W", "2": "S"}, {"97": "W", "60": "W", "8": "N", "172": "N", "127": "S", "72": "W", "167": "E", "157": "E", "134": "W", "144": "S", "148": "N", "147": "N", "137": "S", "101": "S", "38": "N", "27": "W", "166": "W", "156": "S", "13": "S", "158": "S", "123": "W", "193": "S", "107": "N", "103": "E", "58": "W", "29": "S", "24": "N", "154": "N", "94": "N", "89": "E", "175": "W", "164": "W", "19": "S", "17": "E", "182": "W", "169": "S", "133": "S", "91": "W", "76": "W", "70": "N", "50": "W", "39": "N", "163": "E", "44": "S", "31": "W", "18": "W", "14": "N", "11": "N", "189": "E", "173": "W", "73": "S", "34": "N", "186": "S", "178": "E", "5": "N", "146": "S", "6": "E", "159": "E", "95": "E", "92": "W", "84": "W", "64": "S", "52": "N", "90": "S", "75": "N", "32": "N", "174": "E", "66": "S", "16": "N", "195": "W", "131": "W", "68": "S", "41": "W", "199": "E", "143": "S", "129": "E", "120": "E", "113": "W", "105": "W", "83": "W", "65": "E", "57": "W", "15": "E", "4": "S", "177": "W", "153": "W", "142": "E", "115": "S", "108": "W", "100": "E", "96": "E", "93": "S", "79": "N", "74": "S", "51": "E", "43": "W", "20": "N", "183": "E", "181": "W", "179": "E", "176": "E", "170": "W", "168": "N", "165": "W", "104": "W", "102": "E", "85": "S", "77": "N", "71": "S", "67": "W", "42": "W", "35": "W", "22": "W", "12": "N", "0": "N", "187": "E", "152": "N", "135": "E", "132": "S", "118": "E", "117": "W", "112": "W", "81": "E", "46": "S", "7": "S", "3": "S", "194": "E", "192": "S", "190": "S", "171": "W", "161": "S", "150": "E", "140": "S", "139": "S", "111": "E", "110": "W", "98": "W", "78": "S", "63": "N", "62": "S", "61": "S", "49": "S", "33": "S", "25": "N", "10": "N"}, {"97": "W", "8": "N", "172": "N", "127": "S", "72": "N", "167": "E", "134": "N", "144": "S", "148": "W", "101": "W", "38": "N", "27": "W", "166": "S", "156": "S", "13": "S", "158": "S", "123": "W", "193": "S", "107": "W", "103": "S", "58": "W", "154": "N", "94": "N", "89": "S", "175": "W", "164": "W", "151": "S", "45": "S", "182": "S", "169": "S", "91": "W", "76": "W", "50": "W", "39": "N", "163": "E", "44": "S", "31": "W", "18": "S", "14": "E", "11": "E", "189": "S", "173": "W", "73": "S", "34": "N", "186": "W", "178": "E", "141": "N", "5": "N", "146": "W", "191": "S", "159": "E", "95": "E", "92": "N", "84": "W", "64": "W", "52": "N", "23": "E", "75": "N", "32": "W", "198": "E", "174": "E", "160": "S", "66": "W", "195": "W", "131": "W", "41": "W", "199": "S", "143": "W", "126": "E", "120": "S", "113": "W", "105": "W", "65": "N", "57": "S", "15": "E", "4": "E", "185": "W", "180": "S", "177": "W", "142": "E", "115": "E", "108": "S", "100": "S", "79": "E", "74": "S", "51": "S", "43": "N", "36": "N", "181": "N", "179": "S", "176": "N", "170": "W", "168": "N", "165": "W", "130": "W", "104": "W", "85": "S", "77": "N", "71": "E", "67": "N", "35": "S", "12": "N", "0": "E", "188": "W", "187": "S", "155": "W", "152": "N", "135": "E", "132": "S", "128": "N", "122": "S", "121": "S", "118": "S", "112": "W", "87": "N", "81": "E", "46": "S", "30": "W", "26": "N", "7": "W", "196": "E", "192": "S", "190": "S", "171": "W", "161": "E", "138": "E", "106": "E", "63": "N", "62": "E", "54": "N", "49": "W", "33": "S", "25": "N", "10": "N", "2": "N"}, {"97": "W", "60": "N", "8": "N", "172": "N", "127": "S", "72": "N", "167": "E", "157": "E", "134": "N", "144": "E", "148": "W", "101": "W", "38": "N", "27": "W", "166": "S", "156": "S", "158": "S", "123": "W", "193": "S", "107": "W", "103": "S", "58": "W", "24": "S", "154": "N", "94": "E", "89": "S", "164": "S", "151": "S", "145": "W", "45": "W", "169": "S", "91": "W", "76": "W", "50": "S", "39": "E", "163": "E", "44": "E", "31": "W", "18": "S", "11": "N", "189": "S", "173": "W", "73": "S", "34": "N", "186": "W", "178": "E", "116": "E", "48": "N", "5": "E", "146": "W", "6": "E", "159": "E", "124": "E", "95": "E", "92": "N", "84": "W", "52": "N", "23": "N", "90": "W", "75": "N", "32": "W", "198": "N", "174": "N", "160": "E", "119": "S", "66": "W", "195": "W", "131": "W", "41": "N", "129": "E", "120": "S", "105": "W", "86": "N", "83": "W", "65": "N", "57": "S", "21": "S", "15": "E", "4": "N", "185": "W", "153": "E", "115": "S", "108": "S", "100": "S", "51": "S", "43": "N", "36": "N", "183": "S", "181": "N", "179": "S", "176": "W", "170": "W", "168": "N", "165": "W", "130": "W", "114": "W", "104": "W", "85": "S", "77": "N", "71": "N", "67": "W", "35": "E", "22": "W", "12": "N", "0": "E", "188": "N", "187": "E", "155": "W", "152": "W", "136": "S", "135": "E", "132": "S", "128": "E", "122": "S", "118": "S", "117": "E", "87": "E", "81": "E", "46": "S", "30": "S", "26": "E", "7": "N", "3": "E", "196": "E", "194": "E", "192": "S", "190": "S", "171": "W", "161": "E", "140": "E", "138": "N", "110": "W", "106": "E", "98": "N", "63": "N", "61": "S", "55": "S", "54": "E", "49": "N", "25": "N", "10": "N", "2": "N"}, {"97": "W", "60": "E", "184": "W", "8": "N", "172": "N", "127": "W", "72": "N", "59": "W", "157": "E", "144": "S", "148": "W", "147": "S", "101": "W", "38": "N", "27": "W", "166": "W", "158": "S", "123": "W", "193": "S", "107": "W", "103": "S", "58": "S", "29": "E", "24": "W", "154": "N", "94": "E", "89": "S", "175": "S", "164": "S", "151": "S", "45": "W", "182": "S", "169": "S", "133": "E", "91": "S", "76": "W", "56": "E", "50": "S", "39": "E", "163": "S", "31": "W", "18": "W", "11": "N", "189": "E", "73": "S", "178": "E", "141": "W", "5": "E", "124": "E", "95": "E", "92": "N", "84": "N", "64": "S", "52": "N", "23": "E", "90": "W", "75": "N", "198": "W", "174": "N", "160": "E", "66": "W", "40": "W", "195": "W", "131": "W", "68": "W", "41": "N", "143": "W", "129": "N", "126": "W", "120": "S", "109": "E", "105": "W", "86": "N", "83": "N", "65": "E", "57": "S", "47": "W", "21": "W", "15": "E", "4": "E", "185": "W", "180": "S", "153": "N", "115": "S", "108": "S", "100": "S", "74": "W", "51": "S", "43": "N", "36": "N", "183": "E", "181": "E", "179": "S", "176": "N", "170": "W", "168": "N", "165": "W", "130": "N", "114": "S", "104": "N", "102": "E", "85": "S", "77": "N", "71": "N", "67": "N", "42": "W", "35": "S", "12": "N", "9": "N", "0": "E", "188": "N", "187": "N", "162": "W", "155": "S", "152": "N", "136": "S", "135": "N", "132": "S", "128": "S", "122": "S", "121": "E", "118": "S", "112": "S", "87": "E", "81": "S", "30": "S", "26": "E", "3": "S", "196": "E", "194": "E", "190": "S", "171": "W", "161": "E", "150": "N", "149": "E", "140": "S", "138": "W", "110": "W", "106": "S", "98": "N", "88": "S", "78": "E", "63": "N", "62": "N", "61": "W", "55": "S", "54": "E", "49": "N", "37": "N", "33": "E", "25": "E", "10": "N", "2": "W"}, {"97": "S", "60": "E", "184": "W", "8": "E", "172": "N", "127": "W", "72": "N", "59": "W", "157": "E", "144": "S", "148": "S", "147": "S", "137": "E", "101": "N", "27": "W", "166": "W", "13": "E", "158": "S", "123": "W", "193": "S", "107": "N", "103": "S", "58": "S", "29": "N", "24": "W", "94": "E", "89": "S", "175": "S", "164": "S", "151": "S", "145": "W", "45": "W", "182": "S", "169": "S", "133": "N", "91": "S", "70": "S", "69": "W", "56": "N", "50": "S", "39": "E", "163": "E", "31": "W", "18": "S", "11": "W", "189": "E", "73": "E", "34": "W", "186": "E", "178": "E", "141": "S", "48": "S", "5": "E", "146": "S", "191": "N", "124": "E", "92": "N", "84": "N", "64": "S", "52": "N", "23": "N", "90": "W", "75": "N", "198": "W", "174": "E", "160": "E", "66": "W", "195": "W", "131": "W", "68": "S", "41": "N", "199": "W", "143": "S", "129": "N", "126": "W", "120": "S", "105": "W", "83": "N", "65": "S", "57": "S", "47": "W", "21": "W", "15": "N", "185": "N", "180": "S", "153": "W", "115": "W", "108": "S", "100": "S", "74": "S", "43": "N", "36": "N", "197": "W", "183": "N", "179": "S", "176": "N", "170": "W", "168": "N", "130": "W", "114": "S", "104": "N", "102": "N", "85": "S", "77": "W", "71": "N", "67": "N", "42": "W", "35": "S", "0": "N", "188": "E", "187": "E", "162": "N", "155": "S", "152": "W", "136": "E", "135": "E", "132": "S", "122": "S", "121": "N", "118": "S", "117": "E", "112": "S", "81": "S", "26": "S", "7": "W", "3": "S", "1": "N", "196": "N", "190": "S", "171": "S", "150": "N", "149": "N", "140": "S", "138": "S", "111": "S", "110": "N", "106": "S", "98": "W", "88": "E", "63": "E", "61": "N", "55": "S", "49": "N", "37": "N", "33": "S", "25": "E", "10": "N", "2": "W"}, {"97": "S", "60": "E", "184": "W", "8": "E", "172": "E", "72": "N", "59": "W", "157": "E", "144": "S", "147": "S", "137": "E", "101": "W", "166": "S", "13": "E", "158": "S", "193": "W", "107": "N", "103": "S", "58": "S", "29": "N", "24": "W", "94": "E", "89": "S", "175": "S", "164": "S", "151": "S", "145": "W", "45": "W", "19": "E", "182": "E", "169": "S", "133": "N", "91": "E", "69": "W", "56": "N", "163": "E", "44": "E", "31": "W", "18": "S", "14": "N", "11": "N", "189": "E", "34": "W", "178": "N", "116": "W", "48": "W", "5": "E", "146": "W", "6": "W", "191": "N", "124": "E", "92": "N", "84": "N", "64": "S", "23": "W", "90": "W", "75": "N", "198": "W", "174": "E", "160": "S", "119": "S", "66": "S", "40": "W", "195": "W", "131": "W", "41": "E", "199": "W", "143": "S", "129": "N", "126": "W", "120": "S", "113": "W", "109": "E", "105": "W", "86": "N", "83": "N", "65": "S", "57": "S", "47": "W", "21": "N", "15": "N", "185": "W", "180": "S", "153": "W", "115": "W", "108": "S", "100": "E", "96": "S", "79": "W", "74": "W", "51": "E", "43": "N", "36": "N", "197": "W", "181": "E", "179": "E", "176": "N", "170": "W", "168": "N", "130": "W", "114": "S", "104": "N", "85": "S", "77": "W", "71": "N", "67": "W", "42": "W", "35": "S", "22": "N", "12": "E", "9": "N", "0": "E", "188": "E", "187": "E", "152": "N", "136": "N", "135": "E", "132": "E", "122": "S", "118": "S", "112": "S", "81": "S", "30": "W", "7": "N", "3": "S", "196": "N", "194": "E", "190": "S", "171": "W", "149": "W", "140": "S", "138": "W", "110": "N", "106": "E", "98": "W", "88": "E", "63": "E", "62": "N", "61": "N", "55": "E", "49": "E", "37": "W", "33": "S", "25": "E", "10": "N", "2": "N"}, {"97": "S", "60": "S", "184": "W", "172": "S", "72": "N", "59": "W", "157": "E", "144": "E", "147": "S", "38": "E", "27": "W", "166": "S", "158": "S", "123": "W", "193": "W", "107": "W", "103": "E", "58": "S", "29": "N", "24": "W", "89": "S", "175": "S", "151": "S", "45": "N", "19": "N", "182": "E", "169": "S", "133": "N", "91": "E", "69": "W", "56": "N", "50": "W", "163": "S", "31": "W", "11": "W", "73": "S", "34": "W", "141": "W", "116": "N", "5": "N", "146": "W", "6": "W", "191": "N", "124": "N", "92": "N", "84": "N", "52": "S", "23": "N", "90": "W", "32": "E", "198": "N", "160": "E", "16": "W", "195": "W", "131": "W", "41": "E", "199": "W", "143": "S", "129": "N", "126": "W", "120": "E", "105": "W", "86": "W", "83": "N", "65": "E", "57": "S", "47": "N", "15": "E", "185": "W", "180": "S", "153": "N", "115": "S", "108": "S", "100": "S", "79": "S", "51": "S", "43": "E", "36": "E", "197": "W", "181": "N", "179": "E", "176": "N", "170": "W", "168": "N", "130": "N", "114": "S", "104": "N", "102": "S", "85": "W", "77": "W", "71": "N", "67": "W", "42": "W", "35": "E", "22": "W", "9": "N", "0": "N", "187": "E", "162": "N", "155": "S", "152": "W", "135": "E", "132": "N", "122": "S", "118": "S", "117": "S", "112": "W", "81": "S", "30": "W", "7": "N", "3": "S", "194": "S", "192": "N", "190": "S", "171": "W", "149": "N", "140": "S", "138": "N", "110": "N", "106": "S", "98": "W", "88": "N", "63": "N", "62": "E", "55": "E", "54": "E", "49": "N", "37": "W", "33": "S", "25": "E", "10": "N", "2": "N"}, {"97": "S", "60": "S", "184": "W", "172": "S", "72": "N", "59": "W", "157": "E", "144": "E", "147": "S", "38": "S", "27": "W", "166": "W", "156": "W", "158": "S", "123": "W", "193": "W", "107": "N", "29": "N", "24": "W", "154": "S", "94": "N", "89": "S", "175": "S", "151": "S", "45": "N", "19": "N", "182": "E", "169": "S", "133": "N", "91": "E", "70": "N", "69": "W", "56": "N", "50": "W", "163": "E", "31": "N", "14": "S", "11": "W", "189": "E", "73": "S", "34": "W", "116": "N", "5": "N", "146": "S", "191": "N", "124": "N", "92": "N", "52": "W", "23": "N", "90": "W", "32": "S", "198": "N", "174": "E", "160": "E", "119": "W", "66": "W", "16": "W", "131": "W", "41": "E", "28": "N", "199": "W", "143": "S", "129": "N", "126": "W", "120": "S", "105": "S", "83": "N", "65": "E", "57": "S", "47": "N", "21": "N", "15": "E", "185": "S", "177": "S", "153": "N", "108": "S", "100": "E", "79": "S", "74": "W", "51": "E", "43": "N", "36": "E", "181": "N", "179": "E", "176": "W", "170": "N", "168": "N", "130": "W", "114": "E", "104": "N", "85": "S", "77": "N", "67": "W", "35": "S", "22": "W", "0": "N", "187": "E", "155": "S", "152": "W", "136": "N", "135": "N", "132": "N", "128": "E", "122": "S", "121": "W", "118": "S", "117": "E", "87": "E", "81": "S", "30": "W", "26": "N", "3": "E", "1": "W", "194": "S", "190": "S", "171": "W", "149": "N", "140": "E", "111": "N", "110": "N", "106": "S", "98": "W", "88": "E", "78": "W", "63": "N", "55": "S", "54": "E", "49": "N", "37": "N", "33": "S", "25": "E", "10": "N", "2": "N"}, {"97": "S", "60": "S", "184": "W", "172": "S", "72": "N", "59": "W", "157": "E", "144": "E", "147": "S", "38": "S", "166": "W", "156": "N", "158": "E", "123": "S", "193": "W", "107": "W", "58": "W", "29": "N", "24": "N", "154": "E", "89": "S", "175": "S", "164": "W", "151": "S", "45": "W", "19": "N", "182": "E", "169": "S", "133": "N", "91": "S", "69": "W", "56": "N", "163": "S", "31": "N", "14": "S", "11": "W", "73": "S", "34": "W", "178": "N", "48": "E", "5": "N", "146": "W", "191": "N", "124": "N", "92": "N", "84": "W", "52": "S", "23": "N", "90": "W", "75": "N", "32": "S", "198": "N", "160": "S", "66": "S", "131": "S", "68": "W", "41": "N", "28": "N", "199": "W", "143": "S", "129": "N", "126": "W", "120": "S", "109": "W", "105": "S", "83": "E", "65": "E", "57": "E", "47": "N", "15": "E", "185": "S", "180": "W", "100": "S", "96": "N", "79": "S", "74": "S", "51": "S", "43": "N", "179": "S", "176": "W", "170": "N", "168": "N", "130": "W", "114": "S", "104": "N", "85": "S", "77": "N", "71": "S", "67": "W", "35": "E", "22": "S", "12": "W", "0": "E", "188": "N", "187": "N", "162": "W", "155": "S", "152": "W", "135": "E", "132": "N", "128": "E", "122": "E", "121": "W", "118": "S", "117": "S", "87": "E", "81": "S", "30": "W", "26": "E", "7": "E", "3": "S", "1": "W", "196": "N", "194": "W", "190": "S", "171": "W", "138": "W", "110": "N", "106": "S", "98": "W", "88": "N", "78": "W", "63": "E", "61": "E", "55": "S", "54": "E", "49": "N", "37": "E", "33": "W", "25": "E", "10": "N", "2": "W"}, {"97": "S", "60": "S", "184": "W", "172": "S", "72": "N", "59": "W", "144": "E", "147": "S", "38": "S", "27": "W", "166": "W", "156": "N", "13": "S", "158": "S", "123": "S", "193": "N", "107": "W", "29": "N", "154": "S", "89": "E", "175": "S", "164": "S", "151": "E", "45": "N", "19": "N", "182": "S", "169": "S", "133": "N", "91": "S", "70": "W", "56": "E", "50": "W", "163": "S", "31": "N", "14": "S", "11": "W", "73": "S", "34": "W", "186": "E", "178": "E", "146": "W", "191": "N", "92": "N", "84": "N", "52": "S", "23": "N", "90": "W", "75": "N", "32": "S", "198": "N", "160": "E", "66": "S", "16": "E", "131": "S", "68": "S", "41": "N", "28": "N", "199": "W", "143": "S", "129": "N", "126": "W", "120": "S", "113": "S", "105": "W", "86": "S", "83": "E", "65": "E", "57": "S", "47": "N", "15": "E", "4": "N", "185": "S", "100": "S", "96": "W", "79": "E", "51": "E", "43": "N", "36": "N", "181": "S", "179": "S", "168": "N", "130": "N", "114": "S", "104": "N", "85": "W", "77": "N", "67": "W", "42": "S", "35": "E", "0": "N", "187": "E", "162": "W", "155": "S", "152": "W", "135": "E", "132": "E", "128": "E", "118": "S", "112": "E", "87": "E", "81": "E", "30": "W", "26": "E", "3": "S", "1": "W", "196": "E", "194": "S", "192": "S", "190": "S", "171": "S", "150": "W", "140": "E", "138": "N", "110": "N", "106": "S", "98": "W", "88": "N", "78": "W", "63": "E", "61": "E", "55": "E", "54": "E", "49": "N", "37": "N", "33": "S", "25": "E", "10": "N", "2": "N"}, {"97": "S", "60": "S", "184": "W", "172": "S", "59": "W", "144": "E", "147": "S", "137": "W", "38": "S", "27": "N", "166": "S", "156": "N", "13": "S", "158": "E", "123": "E", "193": "N", "107": "W", "58": "W", "29": "N", "154": "S", "94": "S", "89": "E", "164": "S", "151": "E", "145": "S", "45": "N", "182": "S", "133": "N", "91": "S", "56": "E", "50": "W", "163": "E", "31": "N", "14": "S", "11": "W", "73": "S", "186": "S", "178": "N", "141": "E", "146": "W", "124": "W", "92": "N", "64": "S", "52": "S", "23": "N", "90": "S", "75": "E", "32": "E", "198": "N", "174": "W", "160": "E", "119": "W", "66": "W", "16": "E", "195": "W", "131": "S", "68": "S", "41": "N", "28": "N", "199": "W", "143": "W", "129": "N", "126": "W", "120": "W", "83": "N", "65": "E", "57": "E", "47": "N", "15": "E", "4": "E", "185": "S", "153": "W", "108": "E", "100": "E", "96": "N", "74": "E", "51": "S", "36": "E", "20": "S", "197": "W", "181": "W", "176": "N", "165": "E", "130": "N", "114": "S", "104": "N", "102": "W", "85": "W", "67": "N", "42": "W", "35": "E", "0": "W", "188": "E", "187": "N", "162": "N", "155": "S", "152": "N", "135": "N", "132": "N", "128": "E", "121": "W", "118": "S", "87": "N", "81": "E", "26": "S", "1": "W", "196": "N", "194": "S", "192": "S", "171": "S", "149": "E", "140": "S", "138": "N", "111": "E", "110": "N", "106": "S", "98": "N", "63": "E", "55": "E", "54": "E", "49": "E", "37": "N", "33": "S", "25": "E", "2": "N"}, {"97": "S", "60": "S", "184": "W", "172": "S", "59": "W", "134": "W", "147": "S", "38": "S", "166": "W", "156": "N", "13": "E", "158": "E", "123": "E", "193": "N", "107": "N", "58": "S", "29": "E", "154": "S", "89": "E", "151": "E", "145": "E", "45": "N", "182": "S", "133": "N", "91": "E", "50": "S", "163": "S", "31": "N", "14": "S", "11": "W", "186": "E", "178": "N", "146": "S", "124": "N", "84": "N", "64": "E", "52": "S", "23": "N", "90": "S", "75": "E", "32": "N", "198": "N", "160": "E", "119": "N", "66": "W", "40": "S", "131": "S", "68": "S", "41": "E", "28": "N", "199": "W", "143": "S", "129": "N", "126": "W", "120": "S", "109": "W", "105": "W", "83": "N", "65": "S", "57": "E", "47": "N", "15": "E", "4": "E", "180": "E", "108": "E", "100": "S", "96": "N", "74": "E", "51": "E", "43": "E", "36": "E", "176": "W", "165": "E", "130": "N", "104": "E", "85": "W", "71": "N", "67": "N", "42": "W", "35": "E", "22": "S", "0": "N", "188": "N", "187": "E", "162": "N", "155": "S", "152": "W", "136": "E", "135": "N", "132": "N", "128": "E", "121": "N", "118": "S", "117": "N", "87": "E", "81": "N", "30": "W", "26": "S", "7": "W", "3": "S", "1": "S", "190": "S", "171": "S", "138": "N", "111": "E", "110": "N", "106": "S", "98": "N", "88": "N", "63": "E", "61": "E", "55": "E", "54": "N", "49": "E", "37": "W", "33": "W", "10": "E", "2": "N"}, {"97": "S", "60": "S", "184": "W", "172": "S", "59": "W", "38": "S", "166": "W", "156": "N", "13": "E", "158": "E", "123": "E", "193": "N", "107": "N", "58": "S", "29": "N", "154": "W", "164": "W", "151": "E", "145": "E", "45": "N", "182": "S", "133": "N", "91": "S", "76": "N", "50": "S", "163": "S", "31": "N", "14": "W", "11": "W", "178": "N", "141": "E", "146": "W", "6": "W", "191": "N", "124": "N", "84": "N", "64": "S", "23": "N", "90": "S", "75": "N", "32": "N", "198": "N", "160": "N", "119": "N", "66": "W", "40": "E", "68": "S", "41": "E", "28": "N", "199": "W", "143": "S", "129": "N", "126": "W", "120": "S", "109": "W", "105": "S", "86": "E", "83": "E", "65": "E", "57": "E", "47": "N", "21": "E", "15": "N", "4": "S", "185": "E", "180": "S", "142": "S", "108": "E", "100": "S", "96": "E", "79": "E", "51": "S", "36": "S", "179": "S", "176": "W", "168": "N", "165": "E", "130": "N", "104": "E", "85": "W", "77": "N", "67": "W", "22": "W", "0": "N", "188": "N", "187": "E", "162": "N", "155": "S", "152": "N", "135": "N", "132": "N", "128": "E", "121": "W", "118": "S", "112": "W", "81": "E", "30": "S", "26": "E", "7": "N", "3": "E", "1": "S", "194": "S", "190": "S", "171": "S", "138": "E", "110": "E", "106": "S", "98": "W", "88": "N", "63": "E", "61": "N", "55": "E", "54": "E", "49": "N", "37": "N", "33": "S", "25": "N", "2": "W"}, {"97": "S", "60": "S", "184": "W", "172": "S", "59": "W", "137": "E", "38": "E", "27": "S", "166": "W", "156": "N", "13": "N", "158": "E", "123": "E", "193": "N", "107": "N", "58": "S", "29": "N", "154": "S", "94": "N", "151": "S", "145": "E", "45": "N", "182": "S", "133": "N", "91": "E", "76": "N", "50": "W", "163": "E", "14": "S", "11": "W", "186": "W", "178": "N", "116": "E", "48": "S", "146": "W", "124": "N", "84": "N", "64": "S", "52": "W", "23": "W", "90": "S", "75": "E", "32": "N", "119": "N", "66": "W", "40": "E", "131": "W", "68": "S", "41": "E", "28": "N", "143": "S", "129": "N", "126": "W", "120": "S", "109": "W", "105": "W", "86": "N", "83": "E", "65": "E", "57": "E", "47": "E", "21": "N", "15": "N", "4": "E", "185": "S", "180": "S", "142": "S", "108": "E", "100": "S", "96": "N", "79": "S", "51": "S", "36": "E", "20": "N", "181": "E", "179": "S", "176": "W", "170": "N", "168": "N", "130": "N", "104": "E", "102": "W", "85": "W", "77": "N", "71": "W", "67": "N", "42": "N", "35": "S", "0": "N", "188": "E", "187": "E", "162": "N", "155": "S", "136": "W", "135": "N", "132": "E", "128": "E", "121": "W", "118": "S", "117": "E", "81": "E", "46": "E", "30": "W", "26": "S", "7": "N", "1": "S", "196": "W", "194": "S", "190": "S", "171": "S", "110": "E", "106": "S", "98": "W", "88": "N", "63": "E", "55": "E", "54": "E", "49": "E", "37": "N", "33": "S", "2": "N"}, {"60": "S", "172": "S", "134": "E", "38": "S", "27": "E", "166": "S", "156": "N", "13": "N", "158": "E", "123": "S", "193": "N", "107": "N", "58": "W", "29": "N", "154": "S", "89": "W", "175": "N", "164": "N", "151": "E", "145": "E", "45": "N", "19": "E", "182": "S", "133": "E", "91": "E", "76": "N", "56": "N", "50": "S", "163": "E", "31": "N", "18": "N", "14": "S", "11": "W", "186": "W", "178": "N", "141": "N", "48": "S", "146": "W", "159": "W", "124": "N", "84": "N", "64": "S", "90": "S", "75": "N", "32": "N", "160": "E", "119": "N", "66": "W", "40": "E", "131": "S", "68": "S", "41": "E", "143": "S", "129": "W", "120": "W", "109": "W", "105": "S", "83": "E", "65": "E", "47": "E", "21": "N", "15": "W", "4": "E", "185": "E", "180": "S", "177": "N", "153": "E", "100": "S", "79": "E", "51": "S", "36": "E", "197": "E", "181": "E", "179": "S", "176": "W", "170": "W", "130": "N", "114": "E", "102": "S", "85": "W", "77": "N", "71": "N", "67": "W", "35": "E", "0": "N", "188": "E", "187": "N", "162": "N", "155": "S", "152": "N", "135": "E", "132": "N", "128": "E", "121": "W", "118": "W", "117": "N", "81": "E", "46": "N", "30": "S", "26": "S", "7": "E", "1": "S", "196": "N", "194": "S", "190": "W", "171": "E", "161": "S", "110": "E", "106": "E", "98": "W", "88": "E", "55": "E", "54": "E", "49": "E", "37": "N", "33": "W", "10": "N", "2": "N"}, {"60": "E", "184": "E", "172": "S", "59": "E", "80": "E", "38": "S", "27": "E", "166": "S", "156": "E", "13": "E", "158": "E", "123": "E", "193": "N", "107": "N", "58": "W", "29": "E", "24": "E", "154": "W", "164": "W", "151": "E", "145": "E", "45": "N", "19": "N", "182": "S", "133": "E", "91": "N", "76": "N", "70": "N", "56": "E", "50": "S", "31": "N", "14": "S", "11": "W", "186": "S", "178": "N", "141": "N", "146": "W", "6": "E", "191": "N", "124": "N", "84": "N", "64": "S", "52": "W", "90": "S", "75": "E", "32": "N", "160": "N", "119": "N", "66": "W", "40": "E", "68": "S", "41": "S", "143": "S", "129": "N", "120": "W", "105": "W", "86": "E", "83": "E", "65": "S", "57": "E", "47": "E", "21": "E", "15": "W", "4": "E", "185": "S", "153": "N", "142": "N", "108": "E", "100": "S", "79": "E", "51": "S", "36": "E", "181": "E", "179": "S", "176": "N", "130": "N", "114": "S", "102": "W", "85": "W", "77": "W", "71": "N", "67": "W", "42": "S", "35": "E", "0": "N", "188": "N", "187": "N", "162": "N", "152": "W", "135": "N", "132": "E", "121": "N", "118": "S", "112": "E", "81": "E", "46": "E", "30": "S", "26": "S", "7": "N", "1": "S", "196": "N", "194": "W", "190": "S", "171": "S", "161": "S", "149": "W", "110": "N", "106": "S", "98": "W", "88": "N", "61": "E", "55": "E", "54": "E", "49": "N", "33": "W", "25": "E", "10": "E", "2": "N"}, {"60": "E", "184": "E", "172": "S", "82": "W", "59": "E", "80": "S", "38": "S", "27": "E", "166": "S", "156": "N", "13": "E", "158": "E", "123": "E", "193": "N", "107": "N", "58": "S", "154": "S", "94": "S", "175": "W", "164": "W", "151": "E", "145": "S", "45": "N", "19": "N", "182": "E", "133": "E", "91": "E", "76": "E", "50": "S", "39": "S", "163": "S", "31": "N", "14": "S", "11": "W", "178": "N", "141": "N", "116": "W", "146": "N", "191": "N", "124": "E", "84": "N", "64": "E", "90": "S", "75": "E", "32": "N", "174": "E", "160": "N", "119": "N", "66": "W", "40": "E", "68": "S", "41": "E", "126": "S", "120": "W", "113": "N", "109": "W", "105": "S", "86": "E", "83": "S", "65": "S", "57": "E", "21": "N", "15": "N", "4": "E", "180": "W", "153": "W", "142": "N", "100": "E", "79": "N", "74": "E", "51": "S", "36": "E", "197": "W", "176": "W", "165": "S", "130": "N", "114": "S", "102": "S", "85": "W", "77": "N", "67": "W", "42": "W", "35": "S", "0": "N", "188": "E", "187": "N", "162": "E", "152": "W", "136": "E", "135": "N", "132": "N", "121": "W", "118": "S", "117": "E", "112": "N", "87": "S", "81": "E", "46": "S", "30": "S", "26": "E", "1": "S", "196": "N", "194": "S", "190": "S", "171": "W", "150": "W", "110": "N", "106": "W", "98": "W", "88": "N", "55": "N", "49": "N", "37": "N", "33": "W", "10": "N", "2": "N"}, {"60": "E", "184": "E", "172": "S", "59": "E", "80": "S", "38": "S", "27": "E", "166": "S", "156": "N", "13": "S", "158": "E", "123": "E", "193": "E", "107": "N", "58": "W", "154": "S", "89": "E", "164": "W", "151": "E", "145": "S", "19": "N", "182": "E", "133": "N", "91": "E", "76": "N", "69": "E", "50": "E", "31": "N", "18": "S", "14": "S", "11": "W", "173": "S", "186": "S", "178": "N", "141": "N", "116": "N", "146": "W", "191": "W", "159": "E", "84": "N", "64": "E", "52": "W", "75": "E", "198": "N", "160": "E", "119": "W", "66": "W", "40": "N", "131": "E", "68": "E", "41": "E", "199": "S", "143": "E", "129": "N", "120": "W", "113": "E", "105": "E", "86": "N", "83": "S", "65": "S", "57": "E", "47": "N", "21": "W", "15": "N", "4": "S", "153": "N", "108": "S", "100": "S", "79": "E", "51": "S", "181": "N", "176": "W", "170": "E", "165": "W", "130": "E", "114": "W", "102": "S", "85": "W", "77": "N", "71": "E", "67": "W", "42": "W", "35": "E", "0": "W", "188": "E", "187": "N", "152": "W", "136": "E", "135": "W", "132": "E", "128": "S", "121": "N", "118": "W", "117": "S", "87": "E", "46": "E", "30": "S", "26": "E", "7": "N", "3": "E", "1": "S", "196": "N", "194": "W", "190": "W", "171": "S", "150": "W", "138": "E", "110": "E", "106": "S", "98": "W", "88": "N", "63": "N", "61": "E", "55": "E", "54": "E", "49": "N", "37": "N", "33": "W", "25": "E", "10": "N", "2": "N"}, {"60": "E", "184": "E", "172": "S", "59": "E", "38": "S", "27": "E", "156": "N", "13": "E", "158": "E", "123": "N", "193": "N", "107": "N", "58": "S", "154": "S", "89": "E", "164": "W", "151": "E", "145": "S", "19": "N", "182": "E", "133": "E", "91": "E", "76": "E", "70": "S", "69": "N", "56": "E", "39": "N", "31": "N", "14": "S", "11": "W", "186": "W", "178": "N", "141": "N", "116": "N", "146": "N", "191": "N", "84": "N", "64": "S", "52": "W", "75": "E", "174": "W", "160": "E", "119": "N", "66": "W", "40": "E", "68": "E", "41": "N", "199": "W", "143": "E", "129": "W", "120": "S", "105": "N", "86": "N", "83": "E", "65": "E", "57": "S", "47": "N", "21": "W", "15": "N", "108": "E", "100": "S", "79": "E", "51": "E", "181": "E", "176": "W", "165": "W", "130": "N", "114": "S", "85": "W", "71": "E", "67": "W", "42": "W", "35": "E", "0": "W", "188": "N", "187": "N", "162": "E", "155": "N", "152": "W", "135": "N", "132": "S", "122": "N", "121": "N", "118": "W", "117": "E", "112": "E", "87": "E", "81": "S", "46": "S", "30": "S", "26": "S", "1": "E", "196": "N", "194": "S", "192": "N", "171": "S", "150": "S", "140": "S", "111": "N", "110": "N", "106": "S", "98": "W", "88": "N", "78": "E", "63": "E", "55": "E", "54": "N", "49": "N", "37": "E", "33": "W", "25": "E", "10": "W", "2": "N"}, {"60": "E", "184": "E", "172": "S", "82": "E", "59": "E", "38": "S", "27": "E", "156": "E", "13": "N", "158": "E", "123": "E", "193": "N", "58": "E", "53": "W", "154": "S", "89": "N", "175": "E", "164": "W", "145": "E", "19": "N", "182": "E", "133": "N", "125": "S", "91": "E", "70": "E", "69": "N", "56": "N", "14": "S", "11": "W", "186": "W", "178": "N", "146": "W", "191": "N", "84": "N", "64": "S", "52": "W", "90": "W", "75": "E", "119": "N", "66": "N", "41": "E", "199": "W", "129": "W", "109": "E", "105": "E", "86": "N", "57": "E", "47": "E", "21": "N", "15": "N", "4": "E", "180": "E", "153": "N", "108": "E", "96": "W", "79": "E", "51": "S", "36": "E", "197": "S", "181": "E", "176": "W", "165": "W", "130": "N", "85": "W", "71": "E", "67": "S", "42": "W", "35": "N", "0": "W", "188": "N", "187": "E", "162": "E", "152": "W", "135": "N", "132": "E", "121": "N", "118": "W", "117": "E", "87": "N", "81": "E", "46": "S", "30": "E", "26": "S", "3": "N", "196": "N", "194": "S", "192": "N", "171": "S", "161": "S", "150": "S", "140": "S", "138": "E", "111": "N", "110": "N", "106": "W", "98": "W", "78": "S", "63": "E", "55": "E", "54": "N", "49": "E", "37": "N", "33": "W", "25": "S", "10": "N", "2": "N"}, {"60": "E", "184": "E", "172": "S", "59": "E", "80": "W", "38": "S", "27": "E", "156": "E", "13": "W", "158": "E", "123": "E", "193": "N", "58": "E", "53": "W", "154": "S", "89": "E", "175": "N", "164": "S", "145": "E", "19": "N", "182": "E", "133": "W", "91": "E", "76": "S", "69": "W", "56": "N", "39": "W", "31": "S", "14": "S", "11": "W", "173": "N", "186": "N", "178": "N", "141": "S", "116": "S", "146": "N", "191": "E", "84": "E", "64": "W", "52": "W", "75": "E", "160": "E", "119": "N", "66": "N", "41": "N", "199": "N", "129": "W", "126": "N", "105": "E", "86": "W", "83": "W", "57": "E", "47": "S", "15": "N", "4": "N", "185": "E", "180": "S", "153": "W", "108": "E", "96": "W", "51": "E", "176": "W", "170": "E", "165": "W", "130": "N", "102": "E", "85": "W", "77": "N", "71": "E", "42": "W", "35": "N", "22": "W", "0": "W", "187": "E", "155": "S", "152": "W", "136": "S", "135": "N", "132": "E", "128": "N", "121": "E", "118": "W", "117": "E", "87": "E", "81": "E", "46": "W", "30": "E", "26": "E", "3": "E", "196": "E", "190": "S", "171": "S", "150": "S", "149": "E", "140": "E", "110": "N", "106": "S", "98": "W", "78": "S", "63": "E", "55": "E", "54": "N", "49": "E", "37": "N", "33": "W", "25": "E", "10": "N", "2": "N"}, {"60": "E", "184": "E", "172": "S", "59": "E", "38": "E", "27": "E", "156": "E", "158": "E", "123": "E", "193": "N", "58": "E", "154": "S", "89": "E", "164": "S", "145": "E", "19": "W", "133": "N", "91": "E", "76": "E", "69": "W", "56": "E", "39": "S", "31": "S", "11": "N", "178": "N", "141": "S", "116": "S", "48": "W", "146": "N", "191": "N", "64": "S", "52": "W", "90": "E", "160": "N", "119": "N", "16": "N", "41": "E", "199": "N", "143": "S", "129": "W", "126": "N", "86": "W", "57": "E", "47": "S", "21": "W", "15": "N", "185": "S", "153": "W", "108": "E", "93": "N", "79": "S", "51": "S", "36": "W", "181": "N", "176": "W", "130": "N", "114": "E", "85": "W", "77": "E", "42": "W", "35": "N", "0": "N", "188": "E", "187": "E", "155": "S", "152": "S", "136": "W", "135": "W", "132": "E", "122": "S", "121": "E", "118": "W", "117": "E", "112": "W", "87": "E", "81": "E", "46": "W", "26": "E", "3": "E", "1": "S", "196": "N", "192": "S", "190": "S", "171": "S", "150": "S", "149": "E", "140": "S", "111": "N", "110": "E", "106": "S", "98": "W", "88": "W", "78": "W", "63": "E", "61": "W", "55": "E", "54": "E", "49": "E", "37": "N", "33": "N", "25": "E", "10": "N", "2": "E"}, {"60": "E", "184": "E", "172": "E", "59": "E", "38": "S", "27": "E", "156": "E", "158": "E", "123": "E", "193": "N", "58": "E", "53": "E", "24": "W", "154": "S", "89": "E", "175": "S", "164": "S", "145": "E", "19": "N", "169": "N", "133": "W", "125": "N", "91": "E", "76": "E", "69": "W", "56": "E", "39": "S", "31": "S", "14": "S", "11": "W", "178": "N", "141": "S", "146": "N", "191": "N", "64": "S", "52": "S", "160": "E", "119": "W", "68": "S", "28": "W", "199": "N", "129": "W", "126": "N", "86": "N", "57": "E", "21": "N", "15": "N", "185": "W", "108": "S", "79": "S", "74": "S", "51": "S", "181": "E", "176": "S", "130": "N", "114": "S", "102": "S", "85": "N", "77": "E", "42": "N", "35": "N", "12": "W", "0": "N", "188": "E", "187": "E", "155": "S", "152": "S", "136": "S", "135": "N", "132": "E", "128": "W", "121": "N", "118": "W", "117": "N", "81": "E", "46": "W", "30": "E", "3": "E", "1": "S", "196": "E", "194": "W", "192": "S", "190": "W", "171": "E", "161": "N", "150": "E", "140": "E", "138": "W", "111": "E", "110": "E", "106": "W", "98": "W", "78": "W", "63": "S", "61": "S", "54": "N", "49": "E", "37": "E", "33": "W", "25": "E", "10": "N", "2": "E"}, {"60": "E", "184": "E", "172": "E", "59": "E", "38": "S", "27": "E", "156": "E", "123": "E", "193": "N", "58": "E", "53": "E", "154": "S", "89": "S", "175": "S", "164": "S", "145": "E", "19": "N", "182": "W", "91": "E", "76": "N", "69": "W", "56": "E", "39": "E", "31": "S", "14": "S", "11": "W", "178": "N", "141": "S", "191": "N", "90": "S", "160": "N", "119": "W", "40": "E", "16": "W", "68": "E", "28": "W", "199": "N", "143": "E", "129": "W", "126": "N", "113": "W", "86": "W", "83": "E", "57": "E", "21": "W", "15": "N", "4": "E", "185": "W", "108": "E", "96": "W", "93": "S", "79": "S", "74": "E", "51": "S", "197": "E", "181": "E", "176": "S", "130": "E", "114": "S", "102": "E", "85": "W", "77": "E", "35": "N", "12": "W", "0": "W", "188": "E", "187": "E", "155": "S", "152": "S", "135": "N", "132": "E", "128": "W", "121": "N", "118": "S", "117": "N", "81": "E", "30": "E", "3": "E", "1": "S", "196": "E", "190": "W", "171": "E", "150": "S", "140": "S", "138": "W", "111": "E", "110": "E", "106": "W", "98": "W", "88": "W", "78": "W", "63": "S", "61": "W", "55": "E", "54": "N", "49": "E", "33": "N", "25": "E", "10": "N", "2": "N"}, {"60": "E", "184": "E", "172": "E", "59": "E", "38": "S", "27": "E", "156": "E", "123": "E", "193": "N", "24": "N", "154": "S", "89": "E", "164": "S", "145": "S", "19": "N", "91": "E", "76": "E", "69": "N", "39": "N", "31": "S", "11": "W", "178": "N", "141": "S", "48": "W", "191": "N", "64": "S", "160": "E", "119": "W", "16": "S", "28": "W", "199": "N", "129": "N", "126": "N", "113": "W", "86": "N", "57": "E", "15": "N", "185": "W", "180": "E", "108": "S", "79": "E", "74": "N", "51": "S", "36": "E", "181": "S", "176": "S", "170": "W", "130": "E", "114": "S", "85": "N", "77": "E", "35": "E", "12": "W", "0": "N", "188": "N", "155": "E", "152": "S", "136": "N", "135": "N", "132": "E", "121": "N", "118": "S", "87": "S", "81": "E", "30": "E", "1": "S", "190": "W", "171": "E", "161": "N", "150": "S", "111": "S", "110": "E", "106": "S", "98": "W", "78": "N", "63": "S", "61": "S", "55": "N", "54": "W", "49": "E", "33": "N", "10": "N", "2": "N"}, {"60": "E", "184": "E", "59": "E", "38": "S", "27": "E", "156": "N", "123": "E", "193": "N", "154": "E", "164": "S", "182": "S", "91": "E", "76": "N", "69": "N", "56": "N", "39": "N", "11": "S", "186": "S", "178": "E", "48": "S", "191": "E", "124": "S", "64": "W", "160": "E", "119": "W", "28": "W", "199": "N", "143": "S", "129": "N", "126": "N", "86": "W", "57": "E", "21": "W", "15": "N", "185": "S", "180": "S", "142": "E", "108": "E", "96": "W", "74": "W", "51": "W", "36": "S", "197": "W", "181": "E", "176": "W", "130": "S", "85": "N", "77": "E", "35": "S", "22": "S", "12": "W", "9": "W", "0": "N", "155": "E", "136": "N", "135": "N", "132": "N", "128": "E", "121": "N", "118": "W", "117": "W", "87": "E", "81": "E", "30": "E", "1": "E", "190": "W", "171": "E", "161": "N", "150": "S", "111": "E", "110": "E", "106": "W", "98": "S", "88": "N", "78": "W", "63": "E", "61": "W", "55": "E", "54": "N", "49": "E", "33": "E", "10": "N", "2": "N"}, {"60": "E", "184": "E", "38": "S", "27": "E", "156": "W", "123": "E", "193": "N", "164": "S", "182": "E", "169": "W", "91": "N", "76": "N", "69": "N", "173": "W", "178": "E", "48": "S", "191": "N", "124": "E", "64": "W", "160": "E", "16": "E", "199": "N", "143": "E", "126": "N", "113": "E", "86": "N", "57": "E", "21": "W", "15": "W", "185": "S", "180": "S", "177": "S", "153": "S", "108": "N", "96": "N", "51": "W", "36": "E", "197": "W", "181": "E", "176": "W", "130": "E", "102": "W", "85": "N", "77": "E", "35": "E", "22": "W", "9": "N", "0": "W", "155": "E", "152": "S", "135": "N", "132": "N", "128": "E", "121": "N", "118": "W", "87": "E", "81": "E", "46": "S", "30": "E", "1": "E", "192": "S", "190": "W", "171": "N", "161": "E", "150": "S", "140": "N", "111": "E", "110": "E", "106": "S", "98": "W", "88": "W", "78": "N", "63": "S", "61": "W", "55": "E", "54": "N", "49": "E", "33": "N", "10": "E", "2": "E"}, {"60": "E", "184": "E", "38": "S", "27": "E", "123": "N", "193": "N", "24": "S", "145": "N", "182": "N", "169": "S", "91": "N", "76": "E", "69": "N", "56": "N", "18": "N", "48": "E", "191": "N", "124": "E", "64": "N", "119": "E", "28": "E", "199": "E", "143": "E", "113": "E", "86": "E", "57": "E", "21": "N", "15": "N", "180": "S", "142": "S", "108": "N", "96": "N", "51": "S", "36": "E", "181": "E", "176": "W", "85": "N", "77": "S", "35": "N", "22": "W", "12": "E", "9": "N", "0": "N", "155": "S", "152": "S", "135": "N", "132": "N", "121": "E", "118": "W", "87": "N", "81": "E", "30": "S", "1": "E", "196": "N", "190": "W", "150": "E", "111": "E", "110": "E", "106": "W", "98": "S", "88": "W", "63": "E", "61": "N", "55": "E", "54": "N", "49": "E", "10": "S", "2": "S"}, {"60": "E", "184": "E", "38": "E", "27": "E", "123": "E", "193": "N", "89": "E", "145": "E", "182": "E", "169": "E", "91": "N", "76": "E", "69": "N", "56": "E", "48": "E", "191": "W", "124": "N", "119": "E", "28": "E", "199": "E", "143": "E", "86": "N", "57": "E", "15": "N", "180": "S", "153": "N", "142": "S", "108": "N", "96": "N", "93": "N", "51": "S", "36": "N", "181": "S", "176": "N", "114": "S", "102": "E", "85": "N", "77": "E", "35": "N", "22": "N", "12": "E", "9": "N", "155": "E", "135": "W", "132": "N", "121": "E", "118": "N", "117": "E", "87": "N", "81": "E", "1": "E", "196": "N", "192": "W", "190": "W", "161": "W", "150": "E", "111": "E", "110": "E", "106": "W", "98": "S", "88": "W", "61": "W", "55": "N", "54": "W", "49": "E", "10": "E", "2": "E"}, {"60": "E", "27": "E", "123": "E", "193": "N", "182": "E", "125": "S", "91": "E", "76": "E", "69": "N", "56": "E", "173": "E", "186": "N", "191": "N", "124": "N", "119": "E", "28": "E", "143": "E", "86": "N", "57": "E", "15": "N", "4": "S", "180": "W", "177": "N", "153": "N", "142": "W", "96": "N", "51": "W", "36": "E", "197": "E", "181": "E", "114": "W", "102": "E", "85": "N", "77": "E", "35": "N", "22": "W", "12": "E", "9": "N", "152": "E", "135": "N", "132": "N", "121": "E", "117": "E", "87": "N", "81": "N", "46": "S", "196": "N", "192": "W", "190": "W", "150": "E", "111": "S", "110": "E", "106": "W", "98": "S", "88": "W", "61": "N", "55": "N", "54": "W", "49": "E", "10": "E", "2": "E"}, {"60": "E", "27": "N", "123": "S", "193": "N", "91": "N", "76": "E", "69": "N", "56": "S", "18": "S", "191": "N", "124": "W", "119": "E", "28": "E", "143": "N", "86": "W", "57": "N", "15": "N", "180": "N", "142": "N", "96": "N", "51": "W", "181": "E", "114": "N", "102": "N", "85": "E", "35": "N", "22": "N", "12": "E", "9": "E", "188": "S", "152": "S", "135": "N", "132": "N", "121": "N", "117": "N", "87": "N", "81": "N", "46": "W", "196": "N", "190": "W", "150": "E", "111": "E", "110": "E", "106": "W", "98": "S", "63": "W", "55": "N", "54": "N", "49": "E", "10": "E", "2": "E"}, {"60": "E", "27": "E", "193": "N", "76": "E", "119": "E", "143": "E", "57": "N", "15": "W", "142": "N", "96": "E", "51": "N", "197": "W", "181": "E", "35": "E", "188": "S", "152": "W", "135": "W", "132": "N", "121": "N", "117": "E", "87": "N", "81": "N", "192": "E", "190": "N", "150": "E", "111": "S", "110": "E", "106": "W", "98": "S", "88": "N", "63": "S", "55": "N", "54": "W", "49": "E", "10": "E", "2": "E"}, {"193": "N", "125": "N", "76": "E", "119": "E", "15": "W", "4": "N", "96": "E", "93": "S", "51": "N", "197": "N", "181": "E", "35": "E", "135": "W", "132": "N", "121": "E", "117": "E", "87": "N", "81": "N", "46": "E", "192": "E", "190": "N", "150": "N", "110": "E", "106": "W", "98": "S", "88": "N", "63": "S", "55": "N", "54": "N", "49": "E", "25": "N", "10": "E", "2": "E"}, {"193": "E", "76": "E", "119": "E", "96": "E", "51": "W", "181": "E", "35": "N", "188": "N", "136": "S", "135": "W", "132": "W", "121": "E", "117": "N", "87": "N", "81": "N", "46": "N", "192": "N", "150": "E", "149": "N", "110": "E", "106": "W", "98": "E", "88": "W", "63": "S", "55": "N", "54": "N", "49": "E", "10": "E", "2": "E"}, {"76": "E", "21": "S", "96": "E", "51": "W", "181": "E", "35": "N", "188": "N", "135": "W", "132": "N", "121": "E", "117": "N", "87": "N", "81": "N", "46": "N", "150": "E", "149": "N", "110": "E", "106": "W", "98": "E", "88": "S", "55": "N", "54": "N", "49": "E", "10": "E", "2": "E"}, {"76": "E", "96": "N", "51": "N", "35": "N", "135": "W", "132": "N", "121": "N", "117": "N", "87": "W", "81": "N", "150": "S", "149": "W", "110": "E", "106": "W", "98": "E", "88": "W", "63": "S", "55": "N", "54": "W", "49": "E", "25": "S", "10": "E", "2": "S"}, {"76": "N", "21": "N", "96": "N", "51": "N", "35": "N", "136": "N", "135": "W", "132": "N", "121": "E", "117": "E", "87": "N", "81": "N", "26": "E", "149": "W", "110": "E", "106": "W", "98": "S", "88": "W", "55": "N", "54": "W", "49": "E", "10": "E", "2": "S"}, {"35": "N", "135": "W", "132": "N", "121": "E", "117": "E", "87": "N", "81": "N", "149": "S", "110": "E", "106": "W", "98": "E", "88": "W", "55": "W", "54": "W", "49": "E", "10": "E"}, {"135": "W", "132": "W", "121": "N", "117": "N", "81": "N", "26": "W", "149": "W", "110": "E", "106": "W", "98": "E", "88": "S", "63": "N", "62": "W", "55": "W", "54": "N", "49": "E", "10": "E"}, {"135": "W", "132": "N", "121": "N", "117": "E", "81": "W", "149": "S", "110": "E", "106": "N", "88": "W", "62": "S", "55": "S", "54": "W", "49": "S", "10": "E"}, {"132": "N", "81": "W", "149": "E", "110": "E", "106": "N", "88": "W", "62": "S", "55": "W", "49": "E", "10": "E"}, {"132": "N", "81": "S", "110": "S", "106": "N", "88": "W", "62": "E", "55": "W", "49": "S", "10": "E"}, {"132": "N", "81": "W", "196": "E", "110": "E", "88": "S", "62": "E", "49": "S", "10": "S"}, {"132": "N", "81": "S", "196": "N", "110": "S", "62": "S", "49": "S"}, {"132": "W", "196": "N", "110": "S", "49": "S"}, {"132": "N", "196": "N", "110": "W", "49": "S"}, {"132": "N", "196": "W", "110": "S", "49": "W"}, {"132": "E", "110": "W", "49": "W"}, {"110": "S", "49": "S"}, {"110": "S", "49": "W"}, {"110": "S", "62": "W", "49": "S"}, {"49": "S"}, {"49": "W"}], "result": "SUCCESS", "makespan": 58, "sum": 4497, "algo_name": "OutAndInByPercentage_sea_level__BIT_", "extra": {"arrival_order": [97, 60, 99, 184, 8, 172, 127, 82, 72, 59, 167, 157, 134, 144, 80, 148, 147, 137, 101, 38, 27, 166, 156, 13, 158, 123, 193, 107, 103, 58, 53, 29, 24, 154, 94, 89, 175, 164, 151, 145, 45, 19, 17, 182, 169, 133, 125, 91, 76, 70, 69, 56, 50, 39, 163, 44, 31, 18, 14, 11, 189, 173, 73, 34, 186, 178, 141, 116, 48, 5, 146, 6, 191, 159, 124, 95, 92, 84, 64, 52, 23, 90, 75, 32, 198, 174, 160, 119, 66, 40, 16, 195, 131, 68, 41, 28, 199, 143, 129, 126, 120, 113, 109, 105, 86, 83, 65, 57, 47, 21, 15, 4, 185, 180, 177, 153, 142, 115, 108, 100, 96, 93, 79, 74, 51, 43, 36, 20, 197, 183, 181, 179, 176, 170, 168, 165, 130, 114, 104, 102, 85, 77, 71, 67, 42, 35, 22, 12, 9, 0, 188, 187, 162, 155, 152, 136, 135, 132, 128, 122, 121, 118, 117, 112, 87, 81, 46, 30, 26, 7, 3, 1, 196, 194, 192, 190, 171, 161, 150, 149, 140, 139, 138, 111, 110, 106, 98, 88, 78, 63, 62, 61, 55, 54, 49, 37, 33, 25, 10, 2], "time_arrived": [3128, 3681, 4406, 3664, 2349, 1376, 1418, 3646, 115, 3099, 4377, 1189, 3081, 459, 1163, 2331, 1858, 841, 1143, 831, 2667, 2293, 3073, 1634, 648, 4337, 3638, 392, 1960, 631, 3612, 1126, 1712, 4311, 1262, 3055, 2658, 4281, 373, 1071, 1848, 1948, 3027, 2634, 1104, 813, 3578, 2269, 1353, 4259, 1056, 2614, 1615, 616, 4204, 4165, 1015, 2253, 604, 211, 75, 4128, 4116, 4104, 1599, 2220, 1830, 3008, 1919, 988, 971, 2983, 197, 1248, 2568, 1693, 957, 2967, 4081, 2558, 292, 3559, 176, 2196, 1567, 2937, 2177, 3521, 4066, 706, 1661, 935, 1539, 2533, 681, 1517, 2520, 44, 4036, 87, 2497, 350, 2906, 583, 2888, 2144, 4003, 566, 2468, 2120, 3961, 3927, 3494, 2105, 2875, 2439, 1341, 3478, 3450, 1796, 2101, 3410, 3380, 510, 1493, 914, 2071, 158, 3365, 2049, 2856, 1899, 3348, 903, 256, 3307, 3262, 335, 3906, 3894, 3884, 1327, 2427, 2013, 279, 797, 1406, 320, 306, 3867, 3854, 782, 3249, 2418, 667, 3227, 438, 243, 490, 1467, 1779, 3832, 3205, 1093, 752, 2825, 420, 227, 2813, 883, 2797, 3820, 135, 1214, 1748, 723, 2782, 2396, 1319, 2751, 2387, 2727, 862, 2697, 95, 2369, 1283, 3192, 3163, 1196, 3791, 1453, 3757, 537, 3738, 1875, 3714, 2678, 1735, 1978], "BIT_runs": 1, "old_makespan": 4406, "old_sum": 5855, "improved": "[97, 60, 99, 184, 8, 172, 127, 82, 72, 59, 167, 157, 134, 144, 80, 148, 147, 137, 101, 38, 27, 166, 156, 13, 158, 123, 193, 107, 103, 58, 53, 29, 24, 154, 94, 89, 175, 164, 151, 145, 45, 19, 17, 182, 169, 133, 125, 91, 76, 70, 69, 56, 50, 39, 163, 44, 31, 18, 14, 11, 189, 173, 73, 34, 186, 178, 141, 116, 48, 5, 146, 6, 191, 159, 124, 95, 92, 84, 64, 52, 23, 90, 75, 32, 198, 174, 160, 119, 66, 40, 16, 195, 131, 68, 41, 28, 199, 143, 129, 126, 120, 113, 109, 105, 86, 83, 65, 57, 47, 21, 15, 4, 185, 180, 177, 153, 142, 115, 108, 100, 96, 93, 79, 74, 51, 43, 36, 20, 197, 183, 181, 179, 176, 170, 168, 165, 130, 114, 104, 102, 85, 77, 71, 67, 42, 35, 22, 12, 9, 0, 188, 187, 162, 155, 152, 136, 135, 132, 128, 122, 121, 118, 117, 112, 87, 81, 46, 30, 26, 7, 3, 1, 196, 194, 192, 190, 171, 161, 150, 149, 140, 139, 138, 111, 110, 106, 98, 88, 78, 63, 62, 61, 55, 54, 49, 37, 33, 25, 10, 2],", "goal_raise_for_bs": 32}}