{"instance": "small_011_20x20_90_183", "steps": [{"127": "S", "158": "W", "77": "E", "118": "W", "10": "E", "178": "W", "59": "S", "48": "E", "72": "S", "142": "W", "109": "N", "175": "S", "174": "W", "145": "S", "128": "W", "70": "N", "65": "W", "55": "E", "43": "W", "27": "W", "16": "N", "9": "E", "6": "N", "141": "W", "7": "W", "180": "S", "113": "W", "22": "E", "177": "E", "138": "E", "90": "N", "83": "W", "71": "N", "179": "W", "160": "W", "153": "W", "54": "N", "87": "W", "45": "N", "37": "S", "25": "N", "1": "N", "129": "W", "157": "W", "17": "W", "176": "S", "120": "W", "98": "W", "26": "W", "163": "W", "171": "E", "161": "W", "156": "W", "121": "W", "93": "E", "63": "E", "13": "W", "11": "N", "168": "W", "114": "S", "104": "N", "102": "W", "69": "E", "64": "N", "57": "N", "40": "N", "34": "E", "24": "W", "151": "W", "144": "W", "130": "W", "110": "E", "106": "W", "99": "W", "94": "N", "79": "W", "56": "N", "44": "E", "152": "E", "125": "W", "75": "W", "123": "W", "52": "E", "173": "W", "167": "W", "41": "E", "162": "S", "149": "W", "147": "E", "108": "W", "68": "W", "62": "E", "60": "W", "15": "N", "170": "W", "182": "S", "148": "W", "132": "W", "126": "N", "101": "E", "89": "W", "76": "N", "49": "W", "172": "E", "166": "W", "159": "S", "154": "W", "140": "W", "112": "N", "111": "E", "92": "N", "91": "N", "50": "N", "38": "W", "33": "S", "31": "N", "18": "E", "14": "W", "8": "N", "5": "W", "181": "W", "169": "E", "165": "E", "139": "E", "133": "S", "119": "E", "115": "E", "103": "S", "97": "N", "74": "E", "67": "N", "61": "N", "39": "N", "35": "W", "20": "N", "3": "E", "0": "N"}, {"127": "S", "158": "W", "131": "E", "77": "E", "88": "S", "118": "W", "10": "E", "178": "W", "59": "S", "48": "E", "155": "N", "124": "W", "72": "S", "142": "W", "109": "N", "58": "E", "175": "S", "174": "W", "145": "S", "128": "W", "70": "N", "65": "W", "55": "E", "43": "W", "27": "W", "16": "N", "9": "E", "6": "N", "141": "W", "7": "W", "180": "S", "113": "W", "22": "N", "177": "E", "138": "S", "90": "N", "83": "W", "71": "N", "179": "W", "160": "W", "153": "W", "85": "E", "54": "W", "164": "W", "134": "S", "87": "W", "80": "E", "37": "S", "32": "W", "30": "E", "25": "N", "129": "W", "157": "W", "17": "W", "176": "S", "122": "N", "120": "W", "98": "W", "26": "W", "163": "W", "171": "E", "161": "W", "156": "W", "121": "W", "13": "W", "11": "N", "168": "W", "114": "S", "104": "N", "102": "W", "96": "S", "64": "W", "57": "N", "46": "W", "24": "W", "151": "W", "144": "W", "130": "W", "110": "E", "106": "W", "99": "W", "82": "S", "81": "N", "56": "N", "51": "N", "44": "S", "2": "S", "143": "S", "75": "W", "123": "W", "95": "N", "29": "N", "173": "W", "167": "W", "105": "N", "41": "E", "162": "S", "149": "W", "147": "N", "108": "W", "68": "W", "62": "E", "60": "W", "15": "N", "170": "W", "182": "S", "148": "W", "132": "W", "126": "N", "117": "W", "101": "E", "100": "N", "89": "W", "76": "N", "49": "W", "172": "E", "166": "W", "159": "S", "154": "W", "140": "W", "112": "N", "111": "S", "92": "N", "50": "N", "42": "E", "38": "W", "33": "S", "31": "N", "21": "S", "8": "N", "5": "W", "181": "W", "169": "S", "165": "E", "139": "N", "137": "N", "133": "W", "119": "E", "116": "N", "107": "N", "103": "S", "97": "N", "67": "N", "61": "N", "53": "E", "35": "W", "23": "E", "4": "E", "0": "N"}, {"127": "S", "158": "W", "131": "E", "77": "E", "88": "E", "118": "W", "10": "E", "178": "W", "59": "E", "48": "E", "155": "W", "124": "N", "72": "S", "142": "W", "109": "N", "175": "S", "174": "W", "145": "S", "128": "W", "70": "N", "65": "W", "55": "E", "43": "W", "27": "W", "16": "N", "9": "E", "6": "N", "113": "W", "22": "W", "177": "E", "138": "W", "90": "N", "83": "W", "71": "N", "179": "W", "160": "W", "153": "W", "85": "E", "54": "W", "164": "W", "87": "W", "37": "S", "32": "S", "30": "E", "25": "N", "1": "E", "129": "W", "157": "W", "17": "W", "98": "W", "66": "N", "26": "W", "171": "E", "161": "W", "156": "W", "121": "W", "63": "E", "19": "S", "13": "W", "11": "N", "114": "S", "104": "N", "102": "W", "86": "W", "69": "E", "64": "W", "57": "N", "46": "W", "40": "N", "34": "N", "24": "W", "151": "W", "144": "W", "130": "W", "110": "E", "106": "W", "99": "W", "94": "N", "82": "E", "79": "E", "56": "N", "51": "E", "44": "W", "28": "E", "2": "E", "143": "S", "125": "S", "75": "S", "135": "S", "146": "S", "95": "N", "29": "N", "105": "N", "41": "E", "149": "W", "147": "E", "108": "S", "68": "W", "62": "E", "60": "W", "15": "N", "12": "N", "148": "W", "101": "E", "100": "N", "89": "W", "76": "N", "49": "W", "172": "E", "166": "W", "159": "S", "140": "W", "112": "N", "111": "E", "50": "N", "42": "N", "38": "W", "31": "N", "21": "E", "18": "W", "14": "W", "5": "W", "181": "S", "169": "E", "165": "E", "139": "N", "137": "W", "133": "W", "116": "N", "107": "E", "103": "W", "97": "N", "67": "N", "61": "N", "53": "S", "39": "N", "36": "W", "35": "W", "4": "E", "3": "E"}, {"127": "S", "158": "W", "131": "S", "77": "N", "88": "E", "118": "W", "178": "W", "59": "N", "48": "E", "124": "W", "72": "S", "142": "W", "109": "N", "58": "N", "175": "S", "174": "W", "145": "W", "128": "W", "70": "N", "65": "W", "43": "W", "9": "E", "6": "N", "141": "W", "7": "S", "180": "S", "113": "W", "22": "W", "177": "N", "138": "N", "90": "N", "83": "W", "71": "N", "179": "W", "160": "W", "153": "W", "54": "W", "134": "N", "87": "W", "45": "W", "37": "S", "32": "W", "25": "W", "129": "W", "157": "W", "176": "S", "66": "N", "163": "W", "171": "S", "161": "W", "156": "W", "63": "S", "13": "W", "11": "N", "168": "W", "114": "S", "102": "W", "86": "W", "78": "W", "69": "N", "64": "W", "57": "N", "46": "W", "40": "E", "34": "W", "151": "W", "144": "W", "110": "E", "99": "W", "94": "N", "81": "E", "79": "S", "56": "N", "51": "N", "44": "S", "2": "S", "75": "W", "146": "W", "95": "N", "29": "N", "173": "W", "167": "W", "105": "N", "147": "E", "108": "S", "73": "N", "68": "W", "62": "N", "60": "S", "15": "E", "12": "N", "170": "W", "182": "W", "136": "S", "132": "W", "117": "S", "101": "S", "100": "N", "89": "W", "49": "W", "166": "W", "159": "S", "154": "W", "112": "N", "111": "S", "50": "E", "47": "S", "42": "W", "38": "W", "31": "N", "21": "S", "5": "W", "181": "W", "169": "E", "165": "N", "139": "N", "137": "W", "133": "W", "119": "S", "116": "E", "115": "E", "107": "N", "103": "W", "97": "N", "74": "N", "67": "N", "61": "N", "53": "E", "36": "N", "35": "W", "23": "N", "4": "S", "0": "N"}, {"127": "S", "158": "W", "131": "S", "88": "E", "118": "W", "10": "E", "178": "W", "48": "E", "72": "S", "142": "W", "109": "N", "58": "E", "174": "W", "145": "W", "128": "W", "70": "N", "65": "S", "55": "E", "43": "W", "16": "E", "9": "E", "84": "E", "113": "W", "22": "W", "177": "N", "90": "N", "83": "W", "71": "N", "179": "W", "160": "W", "153": "W", "85": "E", "54": "W", "87": "W", "45": "W", "37": "S", "32": "W", "129": "W", "157": "W", "17": "S", "176": "S", "120": "E", "26": "S", "163": "W", "171": "W", "161": "W", "156": "W", "63": "S", "19": "E", "13": "N", "11": "N", "168": "W", "104": "N", "102": "W", "96": "S", "86": "W", "78": "N", "69": "W", "64": "W", "46": "W", "40": "N", "34": "W", "151": "W", "144": "W", "110": "E", "94": "N", "81": "N", "79": "S", "56": "N", "51": "E", "44": "S", "2": "E", "75": "W", "52": "E", "146": "W", "95": "N", "29": "N", "173": "S", "105": "N", "41": "N", "149": "N", "147": "S", "108": "S", "73": "N", "68": "W", "60": "S", "12": "N", "170": "S", "182": "W", "148": "N", "136": "E", "132": "W", "100": "N", "49": "W", "172": "W", "166": "W", "159": "S", "154": "W", "112": "N", "111": "E", "50": "S", "47": "W", "31": "N", "18": "E", "5": "W", "181": "W", "169": "N", "139": "N", "119": "S", "116": "N", "115": "S", "107": "N", "103": "W", "97": "N", "67": "N", "53": "S", "35": "W", "23": "W", "4": "E", "0": "E"}, {"127": "W", "158": "W", "131": "E", "88": "S", "10": "E", "59": "W", "72": "S", "142": "W", "109": "N", "58": "E", "174": "W", "145": "W", "128": "W", "70": "N", "65": "S", "43": "W", "16": "S", "9": "S", "6": "N", "84": "E", "7": "S", "113": "W", "22": "W", "177": "N", "71": "N", "179": "W", "153": "W", "54": "W", "164": "S", "87": "W", "45": "W", "37": "S", "32": "W", "30": "S", "129": "W", "157": "W", "17": "S", "176": "E", "120": "N", "98": "S", "66": "N", "26": "S", "163": "W", "171": "W", "161": "W", "156": "W", "121": "N", "93": "S", "63": "S", "13": "E", "168": "W", "104": "N", "102": "W", "96": "S", "86": "W", "69": "N", "64": "W", "40": "E", "34": "W", "151": "W", "144": "W", "110": "S", "94": "N", "81": "N", "79": "S", "56": "N", "51": "S", "44": "S", "2": "E", "75": "W", "123": "S", "52": "E", "146": "S", "29": "E", "173": "S", "105": "N", "147": "E", "108": "S", "62": "E", "60": "E", "12": "N", "170": "S", "182": "W", "148": "N", "136": "N", "126": "W", "101": "S", "100": "N", "49": "W", "166": "W", "159": "S", "154": "W", "140": "E", "111": "S", "91": "W", "50": "E", "47": "S", "38": "W", "31": "E", "21": "E", "18": "E", "14": "E", "8": "E", "5": "N", "181": "W", "169": "E", "139": "N", "119": "S", "116": "N", "115": "S", "107": "N", "103": "W", "97": "W", "74": "S", "61": "E", "39": "W", "36": "S", "35": "S", "20": "W", "4": "S", "0": "S"}, {"127": "W", "158": "W", "131": "E", "88": "S", "10": "N", "59": "W", "109": "E", "58": "S", "174": "W", "145": "S", "128": "W", "70": "E", "65": "S", "55": "W", "43": "W", "16": "S", "9": "S", "6": "N", "84": "E", "7": "S", "22": "N", "177": "N", "179": "W", "153": "W", "54": "W", "164": "W", "87": "S", "45": "W", "37": "S", "32": "W", "30": "E", "1": "E", "129": "W", "157": "W", "17": "S", "176": "N", "120": "N", "98": "S", "26": "S", "163": "W", "171": "N", "161": "W", "156": "W", "121": "N", "63": "E", "13": "E", "104": "W", "96": "S", "86": "N", "69": "W", "64": "S", "40": "S", "34": "W", "24": "E", "151": "W", "144": "N", "110": "S", "106": "E", "94": "N", "81": "W", "79": "S", "56": "W", "51": "S", "44": "S", "2": "N", "75": "S", "123": "S", "52": "E", "146": "S", "95": "N", "29": "E", "173": "S", "167": "N", "41": "S", "149": "W", "147": "S", "73": "N", "62": "N", "60": "E", "170": "S", "148": "N", "136": "N", "126": "W", "117": "W", "101": "S", "89": "S", "49": "N", "166": "W", "154": "W", "111": "S", "47": "S", "38": "S", "31": "S", "21": "N", "18": "S", "14": "S", "5": "N", "169": "E", "139": "E", "133": "W", "119": "S", "116": "E", "115": "S", "103": "W", "97": "W", "67": "S", "61": "S", "53": "E", "39": "W", "36": "E", "20": "W", "4": "E", "0": "S"}, {"127": "W", "158": "W", "131": "E", "88": "S", "59": "W", "48": "N", "109": "E", "58": "S", "174": "W", "145": "W", "128": "N", "70": "E", "65": "E", "55": "W", "43": "W", "16": "S", "9": "W", "6": "W", "84": "E", "7": "S", "22": "N", "177": "N", "179": "S", "54": "W", "87": "S", "45": "W", "37": "W", "30": "N", "129": "W", "157": "W", "17": "S", "176": "N", "120": "N", "98": "S", "26": "S", "163": "W", "161": "S", "156": "W", "121": "E", "13": "E", "96": "S", "78": "S", "69": "W", "64": "S", "57": "E", "40": "S", "34": "S", "24": "N", "151": "N", "110": "W", "94": "W", "82": "N", "81": "N", "79": "S", "56": "W", "51": "S", "44": "S", "2": "E", "152": "S", "75": "S", "123": "S", "52": "E", "146": "S", "29": "E", "105": "N", "162": "W", "149": "N", "108": "W", "73": "N", "62": "N", "60": "E", "12": "E", "182": "S", "150": "W", "148": "W", "136": "N", "117": "S", "101": "W", "100": "N", "89": "S", "166": "W", "159": "W", "154": "W", "140": "S", "111": "E", "91": "N", "47": "S", "38": "S", "31": "E", "18": "E", "14": "S", "5": "N", "139": "E", "133": "W", "119": "S", "116": "N", "115": "S", "107": "W", "103": "W", "97": "W", "67": "E", "61": "E", "53": "S", "39": "W", "4": "E", "3": "N"}, {"127": "W", "131": "E", "77": "S", "88": "S", "59": "W", "48": "W", "72": "W", "109": "S", "58": "S", "175": "W", "174": "W", "145": "W", "128": "W", "70": "S", "65": "E", "55": "W", "16": "E", "9": "W", "6": "W", "84": "E", "7": "S", "113": "N", "22": "W", "177": "N", "138": "S", "179": "S", "153": "W", "54": "W", "134": "S", "87": "S", "45": "W", "37": "W", "32": "W", "30": "E", "17": "S", "176": "E", "122": "E", "120": "N", "98": "S", "66": "W", "121": "E", "102": "N", "78": "W", "69": "W", "64": "S", "57": "S", "46": "W", "40": "E", "24": "N", "151": "E", "110": "S", "106": "E", "94": "W", "81": "W", "79": "S", "56": "W", "44": "S", "152": "E", "75": "S", "135": "W", "123": "S", "52": "N", "146": "S", "95": "N", "173": "S", "167": "W", "105": "N", "162": "S", "149": "N", "147": "S", "108": "S", "73": "E", "62": "N", "60": "S", "182": "W", "136": "N", "117": "S", "101": "S", "100": "N", "89": "S", "76": "N", "172": "E", "159": "W", "154": "S", "140": "W", "111": "E", "47": "E", "38": "S", "31": "S", "21": "W", "18": "E", "5": "E", "169": "S", "139": "E", "137": "S", "133": "S", "119": "W", "116": "W", "107": "N", "103": "W", "97": "W", "67": "E", "61": "S", "36": "N", "35": "N", "4": "E", "0": "E"}, {"127": "W", "131": "S", "77": "W", "88": "S", "118": "N", "59": "W", "48": "W", "72": "N", "109": "S", "58": "E", "174": "N", "145": "W", "128": "N", "70": "S", "65": "E", "55": "W", "43": "S", "16": "E", "9": "W", "6": "N", "84": "N", "7": "S", "113": "E", "22": "N", "177": "N", "138": "E", "179": "S", "153": "W", "54": "S", "87": "S", "80": "E", "45": "S", "37": "W", "30": "N", "1": "N", "17": "S", "176": "E", "122": "E", "120": "E", "98": "S", "66": "N", "163": "W", "11": "W", "102": "E", "69": "W", "64": "W", "57": "S", "40": "E", "24": "N", "144": "E", "110": "W", "106": "N", "94": "N", "81": "W", "79": "S", "56": "W", "28": "S", "152": "E", "125": "W", "75": "S", "135": "W", "123": "S", "52": "N", "146": "S", "95": "N", "173": "S", "167": "N", "162": "W", "149": "E", "108": "S", "73": "S", "62": "N", "60": "E", "182": "W", "150": "N", "148": "E", "136": "E", "132": "E", "126": "W", "100": "W", "89": "E", "76": "N", "49": "E", "172": "N", "159": "W", "140": "S", "111": "E", "92": "N", "47": "E", "38": "E", "31": "S", "18": "E", "169": "E", "165": "S", "139": "N", "137": "S", "133": "W", "116": "N", "103": "W", "97": "W", "67": "S", "61": "E", "53": "S", "39": "W", "36": "N", "35": "E", "20": "W", "4": "E", "3": "N"}, {"127": "W", "131": "E", "77": "W", "88": "S", "118": "E", "59": "W", "48": "W", "72": "N", "109": "S", "58": "E", "175": "W", "174": "N", "145": "W", "128": "N", "70": "S", "65": "E", "55": "W", "43": "S", "16": "E", "9": "W", "6": "W", "84": "N", "7": "S", "113": "E", "22": "W", "177": "W", "138": "S", "83": "S", "179": "S", "153": "S", "54": "S", "134": "S", "87": "E", "45": "S", "37": "W", "32": "N", "30": "E", "17": "S", "176": "E", "122": "E", "120": "E", "98": "S", "66": "W", "163": "W", "161": "E", "121": "N", "64": "S", "57": "S", "46": "N", "40": "E", "24": "E", "130": "S", "110": "W", "106": "N", "94": "W", "82": "N", "81": "W", "79": "E", "56": "W", "44": "S", "2": "N", "152": "E", "143": "W", "125": "N", "75": "S", "135": "W", "123": "E", "52": "N", "146": "W", "95": "N", "29": "N", "173": "S", "167": "N", "105": "N", "162": "S", "108": "W", "73": "E", "62": "N", "60": "E", "15": "E", "170": "E", "182": "W", "132": "E", "126": "W", "100": "W", "89": "S", "76": "N", "49": "S", "159": "W", "140": "S", "112": "S", "111": "S", "92": "E", "91": "N", "42": "N", "38": "E", "18": "S", "8": "N", "169": "N", "165": "S", "139": "N", "137": "W", "133": "W", "116": "N", "103": "W", "97": "W", "74": "N", "67": "E", "53": "W", "39": "W", "35": "N", "23": "N", "20": "S", "4": "E", "3": "N"}, {"127": "W", "131": "N", "77": "W", "88": "S", "118": "E", "178": "S", "59": "W", "48": "W", "72": "N", "109": "S", "58": "E", "175": "N", "174": "N", "145": "W", "128": "N", "70": "S", "65": "E", "55": "W", "43": "S", "16": "S", "9": "W", "6": "W", "84": "N", "7": "S", "113": "N", "22": "W", "177": "N", "138": "E", "90": "E", "83": "E", "160": "S", "153": "S", "54": "S", "164": "W", "134": "W", "87": "E", "45": "S", "37": "W", "32": "N", "30": "E", "17": "S", "176": "E", "122": "E", "120": "N", "98": "S", "66": "W", "163": "S", "121": "E", "104": "E", "102": "E", "64": "S", "57": "E", "46": "E", "40": "E", "24": "E", "144": "E", "110": "W", "106": "N", "99": "S", "94": "W", "82": "E", "81": "N", "79": "E", "56": "W", "51": "N", "2": "N", "152": "E", "143": "W", "125": "W", "75": "S", "135": "S", "52": "N", "29": "N", "173": "S", "167": "E", "162": "S", "108": "S", "73": "E", "62": "N", "60": "S", "15": "E", "12": "N", "182": "W", "136": "N", "126": "S", "101": "S", "100": "W", "89": "S", "76": "N", "49": "E", "172": "E", "159": "W", "154": "N", "140": "S", "112": "S", "111": "E", "92": "E", "91": "E", "47": "S", "38": "S", "21": "E", "18": "E", "8": "W", "181": "S", "169": "E", "165": "W", "139": "W", "133": "W", "116": "E", "103": "N", "97": "W", "67": "E", "53": "S", "39": "S", "35": "E", "23": "N", "20": "E", "3": "E", "0": "N"}, {"127": "W", "131": "E", "77": "W", "88": "S", "118": "E", "178": "E", "59": "W", "48": "W", "155": "S", "72": "N", "142": "S", "109": "S", "175": "N", "174": "N", "145": "N", "128": "E", "70": "S", "65": "E", "55": "W", "43": "S", "16": "E", "9": "W", "6": "W", "84": "N", "7": "S", "113": "N", "22": "W", "177": "N", "138": "S", "90": "S", "83": "E", "71": "N", "179": "S", "160": "E", "153": "S", "54": "S", "164": "N", "134": "W", "87": "S", "45": "S", "37": "W", "32": "W", "30": "E", "122": "E", "120": "E", "98": "E", "66": "W", "121": "E", "63": "N", "13": "S", "102": "E", "78": "N", "64": "S", "57": "E", "40": "E", "34": "E", "144": "E", "110": "W", "106": "E", "99": "S", "94": "W", "82": "E", "81": "E", "79": "E", "56": "W", "51": "N", "28": "E", "152": "E", "143": "N", "125": "W", "135": "W", "52": "N", "146": "S", "29": "N", "162": "E", "108": "E", "73": "E", "60": "E", "15": "E", "182": "W", "150": "W", "126": "W", "100": "W", "89": "S", "76": "N", "172": "E", "159": "W", "154": "E", "111": "E", "91": "E", "38": "E", "33": "S", "18": "N", "8": "W", "5": "E", "181": "E", "169": "E", "139": "N", "133": "W", "116": "N", "115": "S", "107": "E", "103": "W", "97": "S", "74": "N", "67": "S", "53": "S", "39": "W", "35": "E", "23": "N", "4": "E", "3": "N", "0": "E"}, {"127": "W", "131": "E", "77": "W", "88": "S", "118": "S", "178": "E", "59": "W", "48": "W", "155": "S", "72": "N", "142": "E", "109": "E", "175": "W", "174": "N", "145": "N", "128": "E", "70": "E", "65": "S", "55": "W", "43": "S", "16": "E", "9": "W", "6": "W", "84": "N", "7": "S", "113": "E", "22": "S", "177": "N", "90": "S", "83": "N", "71": "E", "179": "E", "160": "E", "153": "W", "54": "S", "164": "N", "134": "W", "87": "E", "45": "S", "37": "W", "32": "W", "157": "S", "122": "N", "120": "E", "98": "E", "66": "N", "121": "E", "93": "E", "63": "N", "13": "S", "114": "E", "86": "S", "69": "S", "64": "S", "57": "E", "46": "S", "40": "S", "34": "N", "151": "S", "144": "N", "130": "N", "110": "W", "99": "E", "94": "W", "82": "S", "56": "W", "51": "N", "44": "E", "143": "W", "125": "S", "52": "W", "146": "S", "95": "S", "41": "N", "162": "S", "147": "N", "108": "E", "73": "E", "60": "N", "15": "S", "170": "S", "182": "S", "150": "N", "126": "W", "100": "S", "89": "S", "76": "N", "172": "E", "159": "W", "112": "S", "111": "N", "91": "S", "47": "S", "38": "E", "18": "E", "5": "E", "181": "E", "169": "S", "139": "N", "137": "S", "116": "N", "107": "E", "103": "W", "97": "W", "74": "N", "67": "E", "53": "S", "39": "W", "23": "W", "4": "E", "3": "N", "0": "N"}, {"127": "W", "131": "E", "77": "W", "88": "S", "118": "E", "10": "S", "178": "E", "59": "W", "48": "W", "155": "S", "72": "N", "142": "E", "109": "E", "175": "W", "174": "N", "145": "N", "128": "E", "70": "E", "65": "E", "43": "S", "16": "E", "9": "W", "6": "W", "84": "N", "113": "E", "22": "S", "177": "N", "138": "S", "90": "W", "83": "N", "71": "E", "179": "E", "160": "E", "153": "S", "54": "S", "164": "W", "134": "W", "87": "E", "45": "S", "37": "W", "32": "W", "30": "E", "1": "S", "157": "E", "122": "E", "98": "E", "66": "W", "121": "E", "93": "N", "63": "N", "13": "S", "11": "S", "114": "N", "104": "S", "102": "E", "86": "S", "69": "W", "64": "S", "57": "E", "40": "E", "34": "N", "151": "E", "110": "W", "99": "E", "94": "W", "82": "S", "56": "W", "44": "N", "143": "W", "125": "W", "135": "W", "52": "N", "173": "S", "105": "S", "147": "N", "73": "E", "62": "E", "60": "E", "15": "E", "150": "W", "126": "W", "101": "N", "89": "S", "76": "W", "172": "N", "159": "W", "154": "E", "112": "S", "111": "E", "38": "E", "18": "E", "8": "W", "5": "E", "165": "S", "139": "N", "137": "W", "133": "W", "119": "S", "116": "N", "103": "N", "97": "W", "74": "W", "67": "E", "53": "W", "39": "S", "23": "W", "20": "E", "3": "W"}, {"127": "N", "131": "E", "77": "S", "88": "S", "118": "E", "10": "W", "178": "E", "59": "W", "48": "W", "155": "S", "72": "N", "142": "E", "109": "E", "175": "W", "174": "E", "145": "N", "128": "E", "70": "E", "65": "E", "43": "S", "27": "S", "16": "E", "9": "S", "6": "W", "84": "N", "180": "W", "113": "E", "22": "W", "177": "W", "138": "E", "90": "W", "83": "E", "71": "E", "179": "N", "160": "E", "153": "S", "85": "N", "54": "S", "134": "S", "87": "E", "80": "W", "45": "S", "37": "W", "32": "N", "30": "N", "1": "S", "157": "E", "122": "N", "66": "N", "161": "N", "121": "N", "93": "W", "63": "W", "13": "S", "168": "N", "114": "N", "104": "E", "102": "N", "86": "S", "69": "W", "64": "S", "57": "E", "40": "E", "34": "W", "151": "E", "110": "W", "99": "E", "94": "W", "82": "E", "81": "N", "56": "W", "44": "W", "152": "N", "143": "S", "125": "S", "135": "S", "123": "W", "52": "N", "29": "S", "173": "S", "105": "W", "162": "S", "108": "S", "73": "S", "68": "S", "60": "E", "15": "S", "150": "W", "126": "W", "76": "W", "49": "W", "172": "N", "159": "W", "154": "N", "140": "W", "111": "E", "92": "S", "38": "S", "33": "N", "21": "S", "18": "E", "8": "W", "5": "E", "181": "W", "169": "W", "165": "W", "139": "W", "137": "S", "119": "S", "116": "W", "115": "S", "107": "W", "103": "N", "97": "W", "74": "N", "67": "E", "61": "W", "53": "W", "39": "W", "35": "E", "23": "W", "20": "N", "3": "N"}, {"127": "N", "158": "S", "131": "E", "88": "W", "118": "E", "10": "W", "178": "N", "59": "W", "48": "W", "155": "E", "72": "N", "142": "E", "109": "E", "175": "N", "174": "N", "145": "W", "128": "N", "70": "E", "65": "S", "55": "W", "43": "S", "27": "E", "16": "E", "9": "W", "6": "W", "84": "N", "113": "E", "22": "W", "177": "W", "138": "S", "90": "W", "83": "E", "71": "E", "160": "S", "153": "S", "85": "E", "54": "S", "134": "E", "87": "E", "37": "W", "32": "W", "30": "N", "1": "S", "157": "E", "122": "N", "120": "N", "161": "E", "121": "N", "63": "N", "19": "N", "13": "E", "168": "N", "114": "N", "102": "N", "86": "W", "64": "S", "57": "E", "40": "E", "151": "E", "110": "W", "99": "S", "94": "W", "56": "W", "44": "S", "2": "N", "152": "N", "143": "S", "135": "S", "123": "W", "52": "N", "146": "W", "105": "W", "162": "E", "68": "S", "60": "E", "15": "S", "12": "S", "170": "W", "150": "S", "136": "S", "126": "S", "76": "W", "49": "N", "172": "N", "159": "W", "154": "N", "111": "N", "92": "S", "38": "S", "21": "E", "18": "E", "5": "E", "169": "W", "165": "S", "139": "N", "133": "W", "119": "S", "116": "N", "115": "W", "107": "S", "103": "N", "97": "S", "74": "W", "67": "S", "53": "S", "39": "W", "35": "N", "23": "W", "4": "E", "3": "W"}, {"127": "N", "158": "E", "131": "N", "88": "W", "118": "S", "10": "W", "178": "N", "59": "W", "48": "W", "155": "S", "72": "E", "142": "S", "109": "E", "175": "W", "174": "E", "145": "W", "128": "E", "70": "E", "65": "E", "55": "N", "43": "E", "27": "E", "16": "S", "9": "S", "6": "W", "84": "N", "7": "W", "113": "E", "22": "W", "177": "W", "138": "E", "90": "N", "83": "E", "71": "E", "160": "S", "153": "S", "85": "E", "54": "S", "134": "S", "87": "E", "80": "W", "37": "W", "32": "S", "30": "N", "1": "S", "157": "E", "122": "N", "120": "E", "66": "S", "163": "N", "161": "E", "156": "E", "121": "E", "63": "N", "19": "N", "13": "S", "11": "N", "114": "N", "102": "N", "86": "W", "69": "S", "64": "S", "40": "E", "110": "S", "106": "S", "99": "E", "94": "W", "56": "W", "28": "N", "152": "N", "143": "S", "125": "W", "75": "W", "135": "S", "52": "N", "146": "W", "105": "W", "162": "E", "73": "N", "68": "S", "62": "W", "60": "E", "182": "S", "150": "E", "126": "S", "100": "W", "76": "W", "49": "E", "172": "N", "166": "E", "159": "W", "154": "N", "140": "E", "112": "N", "111": "E", "92": "E", "91": "W", "38": "E", "21": "N", "18": "E", "8": "N", "5": "E", "181": "S", "169": "W", "165": "S", "139": "W", "133": "W", "119": "S", "116": "N", "107": "W", "103": "N", "97": "W", "74": "W", "67": "S", "39": "W", "35": "N", "4": "E", "3": "N"}, {"127": "N", "158": "E", "131": "N", "88": "W", "118": "S", "10": "W", "178": "N", "59": "N", "48": "W", "155": "W", "72": "E", "142": "E", "109": "E", "175": "W", "174": "E", "145": "N", "128": "E", "70": "E", "65": "N", "43": "E", "27": "E", "16": "S", "9": "W", "6": "W", "84": "N", "113": "N", "22": "N", "177": "N", "138": "E", "83": "E", "71": "E", "160": "S", "153": "S", "85": "E", "54": "S", "134": "S", "87": "E", "80": "W", "37": "W", "32": "W", "30": "E", "1": "S", "157": "E", "122": "N", "120": "S", "163": "E", "161": "S", "121": "N", "63": "W", "19": "W", "13": "E", "114": "N", "102": "E", "86": "W", "78": "N", "64": "W", "24": "N", "110": "W", "106": "E", "94": "W", "82": "N", "56": "S", "44": "E", "152": "N", "143": "S", "125": "S", "75": "W", "135": "S", "95": "N", "29": "N", "105": "W", "41": "S", "162": "S", "147": "S", "108": "E", "68": "S", "62": "W", "60": "E", "182": "S", "126": "S", "100": "W", "76": "W", "49": "N", "172": "N", "166": "N", "159": "W", "154": "N", "140": "E", "112": "N", "111": "E", "92": "N", "50": "E", "42": "E", "38": "E", "31": "E", "21": "N", "18": "S", "8": "N", "181": "E", "169": "N", "165": "S", "139": "N", "137": "S", "133": "N", "119": "W", "116": "W", "107": "N", "103": "N", "97": "S", "74": "W", "67": "S", "39": "S", "35": "E", "4": "E", "3": "N"}, {"127": "N", "158": "E", "131": "N", "77": "E", "88": "W", "118": "E", "10": "W", "178": "N", "59": "W", "48": "W", "155": "W", "72": "E", "142": "S", "109": "E", "175": "W", "174": "E", "145": "W", "128": "E", "70": "E", "65": "E", "43": "E", "27": "E", "16": "E", "9": "W", "6": "W", "84": "N", "180": "W", "113": "E", "22": "W", "177": "W", "138": "E", "83": "E", "71": "N", "160": "S", "153": "S", "85": "E", "54": "S", "164": "W", "134": "W", "87": "S", "37": "N", "32": "W", "30": "E", "122": "N", "120": "E", "66": "S", "163": "E", "161": "E", "156": "W", "121": "N", "63": "W", "19": "S", "13": "E", "114": "E", "104": "E", "102": "E", "86": "W", "78": "E", "64": "W", "46": "S", "40": "N", "24": "E", "110": "W", "94": "W", "82": "N", "81": "N", "56": "S", "44": "S", "152": "N", "143": "S", "125": "S", "135": "S", "123": "N", "95": "N", "105": "W", "162": "E", "108": "S", "73": "S", "68": "S", "60": "S", "15": "E", "170": "W", "182": "W", "132": "W", "126": "S", "100": "W", "89": "S", "76": "W", "49": "E", "172": "N", "166": "N", "159": "W", "154": "N", "111": "E", "47": "S", "38": "E", "31": "N", "21": "E", "18": "S", "8": "W", "169": "E", "165": "S", "139": "N", "137": "W", "133": "N", "119": "W", "116": "N", "115": "E", "107": "E", "103": "N", "74": "W", "67": "S", "61": "N", "39": "W", "23": "N", "20": "W", "4": "N", "3": "N"}, {"127": "N", "158": "E", "131": "N", "88": "S", "118": "S", "10": "W", "178": "N", "59": "W", "48": "N", "155": "W", "72": "E", "142": "S", "109": "S", "175": "W", "174": "E", "145": "N", "128": "E", "70": "S", "65": "N", "43": "E", "27": "S", "16": "E", "9": "W", "6": "W", "84": "N", "113": "E", "22": "W", "177": "W", "138": "N", "90": "S", "83": "N", "71": "N", "160": "S", "153": "E", "85": "E", "54": "S", "87": "E", "37": "N", "32": "W", "30": "N", "1": "N", "122": "N", "66": "W", "163": "N", "161": "S", "156": "S", "121": "N", "63": "W", "19": "E", "13": "E", "168": "S", "114": "E", "104": "S", "102": "E", "78": "N", "69": "E", "64": "W", "46": "S", "40": "E", "34": "E", "24": "N", "110": "W", "99": "S", "94": "W", "56": "S", "51": "E", "44": "S", "28": "S", "152": "N", "125": "S", "123": "N", "146": "W", "29": "E", "41": "N", "147": "E", "73": "S", "68": "S", "60": "S", "170": "N", "182": "W", "132": "W", "126": "S", "89": "E", "76": "W", "49": "N", "172": "N", "166": "E", "159": "W", "154": "N", "112": "S", "111": "N", "91": "N", "50": "S", "47": "E", "38": "E", "31": "E", "21": "N", "18": "E", "8": "W", "165": "W", "139": "N", "137": "W", "133": "N", "119": "W", "116": "W", "115": "N", "107": "N", "103": "N", "74": "N", "67": "E", "61": "N", "39": "S", "35": "N", "23": "W", "4": "N", "3": "N", "0": "N"}, {"127": "N", "158": "N", "131": "N", "118": "S", "10": "W", "178": "E", "59": "W", "48": "N", "155": "W", "72": "N", "142": "S", "109": "S", "175": "W", "174": "N", "145": "N", "128": "E", "70": "S", "65": "E", "43": "E", "27": "E", "16": "S", "9": "W", "6": "S", "84": "N", "113": "E", "22": "W", "177": "N", "138": "N", "90": "W", "83": "E", "71": "E", "160": "E", "153": "E", "85": "S", "54": "S", "164": "E", "87": "E", "80": "E", "37": "N", "32": "W", "30": "N", "25": "E", "129": "S", "122": "N", "120": "N", "98": "W", "66": "W", "163": "E", "161": "S", "156": "W", "121": "N", "93": "S", "63": "N", "19": "S", "13": "N", "11": "E", "114": "N", "104": "S", "102": "E", "86": "S", "78": "N", "69": "N", "57": "N", "46": "S", "40": "S", "34": "N", "24": "E", "110": "W", "106": "E", "94": "S", "82": "N", "56": "W", "51": "E", "44": "S", "2": "E", "152": "N", "143": "W", "75": "E", "52": "E", "146": "N", "95": "N", "41": "N", "73": "S", "60": "E", "182": "W", "150": "W", "136": "W", "132": "N", "126": "S", "117": "N", "100": "W", "89": "S", "76": "W", "49": "N", "172": "N", "166": "N", "159": "W", "112": "W", "111": "N", "92": "N", "91": "W", "50": "E", "47": "E", "42": "W", "38": "E", "31": "E", "21": "N", "18": "N", "14": "W", "8": "W", "5": "W", "169": "S", "165": "W", "139": "N", "137": "W", "133": "W", "119": "W", "116": "W", "107": "N", "103": "N", "97": "W", "74": "N", "67": "S", "61": "W", "53": "E", "39": "S", "35": "N", "23": "W", "4": "N", "3": "W", "0": "N"}, {"127": "N", "158": "E", "77": "W", "118": "S", "10": "W", "178": "E", "59": "N", "48": "W", "155": "W", "72": "E", "142": "S", "109": "S", "175": "W", "174": "E", "145": "N", "128": "E", "70": "S", "65": "S", "43": "E", "27": "N", "16": "S", "9": "W", "6": "S", "141": "W", "84": "W", "113": "E", "22": "W", "177": "N", "138": "E", "90": "W", "83": "E", "71": "E", "179": "S", "160": "S", "153": "E", "85": "S", "164": "N", "87": "S", "80": "S", "37": "N", "32": "W", "30": "N", "25": "S", "129": "E", "17": "N", "122": "N", "66": "W", "163": "E", "161": "S", "156": "S", "121": "E", "63": "W", "13": "E", "114": "N", "104": "E", "102": "E", "86": "W", "78": "W", "69": "N", "57": "N", "46": "S", "40": "E", "34": "N", "24": "N", "110": "S", "106": "E", "94": "S", "82": "E", "81": "N", "44": "S", "28": "E", "2": "E", "152": "N", "143": "S", "75": "S", "123": "N", "52": "N", "105": "W", "41": "E", "162": "S", "147": "S", "60": "N", "182": "W", "150": "W", "136": "N", "132": "N", "126": "S", "117": "W", "100": "W", "89": "E", "76": "W", "49": "N", "172": "N", "166": "N", "159": "N", "140": "W", "112": "W", "111": "N", "92": "N", "91": "S", "50": "E", "42": "S", "38": "E", "31": "S", "21": "N", "18": "N", "14": "N", "8": "W", "5": "W", "181": "W", "169": "E", "165": "W", "139": "N", "133": "N", "119": "W", "116": "W", "107": "E", "103": "N", "74": "W", "67": "S", "61": "W", "39": "S", "35": "N", "23": "W", "4": "N", "3": "W", "0": "E"}, {"127": "N", "158": "E", "118": "E", "10": "W", "178": "E", "59": "N", "48": "W", "155": "W", "72": "N", "142": "S", "175": "W", "174": "E", "145": "N", "128": "E", "70": "E", "65": "E", "55": "N", "43": "E", "27": "E", "16": "S", "9": "W", "6": "W", "84": "W", "113": "E", "22": "W", "177": "W", "138": "E", "90": "W", "83": "E", "71": "S", "179": "E", "160": "E", "153": "E", "54": "W", "164": "N", "87": "E", "80": "E", "37": "W", "32": "W", "30": "N", "25": "S", "129": "E", "17": "W", "122": "N", "66": "W", "161": "E", "156": "S", "121": "E", "63": "W", "13": "S", "11": "W", "168": "N", "114": "N", "104": "E", "102": "E", "86": "W", "78": "W", "46": "S", "34": "W", "24": "E", "110": "S", "106": "E", "94": "W", "82": "E", "81": "W", "79": "N", "51": "N", "44": "W", "2": "S", "152": "N", "143": "W", "125": "W", "135": "W", "123": "E", "52": "W", "146": "N", "29": "N", "105": "W", "41": "N", "147": "W", "73": "E", "60": "N", "15": "E", "170": "N", "182": "W", "150": "S", "136": "W", "132": "N", "126": "S", "117": "W", "100": "S", "89": "S", "76": "W", "172": "N", "166": "N", "159": "N", "154": "S", "140": "W", "112": "W", "111": "E", "92": "E", "50": "S", "42": "W", "38": "E", "31": "S", "21": "E", "18": "N", "14": "N", "8": "W", "5": "W", "169": "E", "165": "W", "139": "W", "133": "N", "119": "W", "116": "W", "103": "N", "74": "W", "67": "S", "53": "E", "39": "S", "35": "E", "23": "W", "4": "N", "3": "W"}, {"127": "E", "158": "E", "118": "E", "178": "E", "59": "N", "48": "W", "155": "W", "72": "N", "142": "S", "175": "W", "174": "E", "145": "N", "128": "E", "70": "S", "65": "E", "43": "E", "27": "E", "16": "S", "9": "W", "6": "S", "141": "E", "84": "W", "7": "S", "180": "S", "113": "E", "22": "S", "177": "W", "138": "N", "90": "W", "83": "E", "71": "S", "179": "S", "160": "S", "153": "E", "54": "S", "164": "N", "87": "S", "80": "S", "37": "W", "32": "S", "30": "N", "25": "W", "129": "N", "17": "N", "122": "W", "120": "W", "98": "E", "66": "W", "163": "S", "161": "S", "156": "S", "121": "S", "63": "W", "13": "E", "11": "W", "114": "N", "104": "S", "102": "E", "86": "S", "78": "W", "46": "S", "34": "W", "24": "E", "110": "W", "94": "S", "82": "N", "81": "W", "51": "N", "44": "W", "28": "S", "2": "W", "143": "W", "135": "W", "123": "E", "52": "N", "29": "E", "167": "N", "41": "N", "162": "S", "149": "W", "73": "E", "62": "E", "60": "E", "15": "S", "170": "E", "182": "W", "150": "W", "148": "W", "136": "N", "132": "E", "126": "S", "117": "W", "100": "S", "89": "S", "76": "W", "172": "N", "166": "E", "159": "N", "140": "S", "112": "W", "111": "N", "50": "S", "47": "N", "38": "N", "21": "E", "18": "E", "14": "W", "8": "N", "169": "N", "165": "W", "139": "W", "137": "W", "133": "N", "119": "W", "116": "N", "103": "N", "74": "N", "67": "S", "53": "S", "39": "S", "36": "E", "35": "N", "23": "N", "20": "W", "4": "N", "3": "W", "0": "N"}, {"127": "E", "158": "E", "118": "E", "178": "E", "59": "N", "48": "W", "155": "S", "72": "N", "142": "S", "175": "N", "174": "E", "145": "N", "128": "E", "65": "N", "43": "E", "27": "E", "16": "S", "6": "S", "84": "W", "7": "E", "180": "E", "113": "N", "22": "S", "177": "N", "138": "E", "90": "W", "83": "E", "71": "S", "179": "E", "160": "S", "153": "E", "85": "N", "54": "S", "164": "N", "87": "E", "80": "E", "37": "W", "32": "S", "30": "N", "25": "W", "129": "N", "17": "N", "122": "N", "120": "S", "66": "S", "163": "E", "161": "E", "156": "E", "121": "S", "63": "N", "13": "S", "11": "W", "168": "E", "114": "N", "104": "S", "102": "N", "96": "E", "86": "S", "78": "W", "64": "E", "46": "S", "24": "E", "151": "W", "144": "S", "130": "S", "110": "S", "94": "S", "82": "N", "81": "N", "51": "E", "44": "W", "2": "W", "152": "N", "143": "S", "125": "S", "75": "E", "123": "S", "52": "E", "95": "S", "29": "N", "167": "N", "41": "N", "149": "N", "147": "N", "108": "S", "73": "E", "60": "E", "15": "S", "12": "W", "170": "E", "182": "W", "150": "S", "136": "N", "132": "N", "126": "E", "117": "N", "100": "S", "89": "E", "76": "W", "172": "N", "159": "W", "140": "S", "112": "W", "111": "N", "92": "E", "91": "N", "50": "E", "47": "N", "38": "E", "21": "E", "8": "W", "169": "E", "165": "W", "139": "W", "137": "S", "119": "W", "116": "N", "107": "W", "103": "N", "97": "N", "74": "N", "67": "S", "39": "S", "36": "E", "35": "N", "23": "W", "20": "N", "4": "E", "3": "N"}, {"127": "E", "158": "E", "118": "E", "178": "E", "59": "N", "48": "W", "155": "W", "72": "N", "142": "S", "175": "N", "174": "E", "145": "N", "128": "E", "65": "E", "43": "E", "27": "E", "16": "E", "9": "S", "6": "S", "84": "W", "113": "E", "22": "S", "177": "W", "138": "E", "90": "W", "83": "E", "71": "S", "179": "E", "160": "S", "153": "E", "85": "E", "164": "N", "87": "E", "37": "N", "32": "S", "25": "W", "1": "N", "129": "N", "157": "W", "17": "N", "122": "N", "120": "E", "66": "S", "163": "E", "161": "S", "156": "S", "121": "E", "93": "N", "63": "W", "13": "E", "114": "N", "104": "E", "102": "W", "96": "S", "86": "W", "64": "E", "57": "W", "46": "S", "40": "N", "24": "E", "151": "W", "144": "E", "110": "W", "99": "N", "82": "E", "81": "W", "79": "S", "44": "W", "2": "W", "152": "N", "143": "S", "75": "N", "52": "N", "146": "E", "95": "E", "29": "E", "167": "N", "105": "W", "41": "E", "162": "N", "149": "N", "147": "N", "108": "S", "73": "S", "62": "E", "60": "E", "15": "S", "12": "W", "182": "N", "150": "S", "136": "N", "132": "N", "126": "E", "100": "W", "89": "E", "76": "W", "49": "W", "172": "N", "159": "N", "154": "W", "140": "W", "112": "W", "111": "N", "92": "N", "50": "S", "47": "N", "42": "W", "38": "N", "31": "E", "21": "N", "8": "W", "5": "N", "181": "E", "169": "E", "165": "W", "139": "W", "137": "W", "119": "W", "116": "N", "107": "W", "103": "E", "97": "N", "74": "W", "67": "S", "39": "S", "35": "N", "23": "W", "20": "N", "4": "N", "3": "W", "0": "S"}, {"158": "E", "118": "E", "178": "E", "59": "N", "48": "W", "155": "W", "72": "N", "142": "E", "175": "N", "174": "E", "145": "N", "128": "E", "65": "E", "43": "N", "27": "E", "16": "S", "9": "W", "6": "S", "84": "W", "180": "W", "113": "E", "22": "S", "177": "W", "138": "E", "90": "W", "83": "N", "71": "S", "179": "E", "160": "E", "153": "E", "85": "S", "164": "N", "87": "N", "80": "S", "37": "W", "32": "S", "30": "N", "25": "W", "1": "E", "129": "N", "157": "N", "17": "N", "122": "W", "120": "E", "66": "S", "163": "N", "156": "S", "121": "S", "63": "W", "19": "N", "13": "E", "114": "N", "104": "E", "102": "S", "96": "S", "86": "W", "69": "N", "46": "W", "151": "W", "144": "E", "130": "S", "110": "W", "106": "S", "94": "W", "82": "E", "81": "W", "56": "W", "51": "E", "44": "S", "2": "S", "152": "N", "143": "S", "125": "E", "135": "E", "52": "N", "146": "E", "95": "E", "173": "E", "167": "N", "105": "W", "41": "E", "162": "E", "147": "N", "108": "W", "73": "S", "68": "S", "60": "E", "12": "N", "150": "S", "132": "N", "126": "S", "100": "W", "89": "E", "76": "W", "172": "N", "159": "W", "154": "N", "140": "S", "112": "W", "111": "N", "92": "N", "47": "E", "42": "W", "38": "N", "31": "E", "21": "N", "8": "W", "5": "N", "181": "E", "169": "E", "165": "W", "139": "W", "137": "W", "133": "N", "119": "W", "116": "W", "107": "N", "103": "N", "74": "W", "67": "S", "39": "S", "35": "E", "23": "W", "20": "N", "4": "N", "3": "W", "0": "E"}, {"158": "E", "118": "E", "59": "N", "48": "W", "155": "W", "72": "N", "142": "E", "175": "N", "174": "E", "145": "N", "128": "E", "65": "E", "27": "E", "16": "S", "9": "W", "6": "W", "7": "S", "180": "N", "113": "S", "22": "S", "177": "W", "138": "N", "90": "W", "83": "E", "71": "S", "179": "S", "160": "E", "153": "E", "85": "E", "164": "N", "87": "E", "80": "S", "37": "N", "32": "S", "30": "N", "25": "W", "1": "N", "129": "N", "157": "N", "17": "N", "122": "W", "120": "E", "66": "W", "163": "N", "161": "E", "156": "S", "121": "E", "19": "N", "13": "N", "11": "W", "114": "N", "104": "E", "102": "E", "96": "W", "86": "W", "78": "W", "69": "N", "57": "N", "46": "S", "34": "N", "151": "W", "144": "N", "130": "E", "110": "W", "94": "W", "82": "E", "81": "W", "56": "W", "44": "W", "28": "S", "152": "N", "52": "N", "146": "E", "29": "N", "167": "N", "41": "E", "162": "E", "149": "N", "73": "W", "68": "S", "62": "W", "60": "E", "15": "E", "12": "W", "182": "W", "150": "S", "136": "W", "132": "N", "126": "S", "100": "W", "89": "E", "76": "W", "172": "W", "159": "N", "154": "W", "140": "S", "112": "W", "111": "E", "91": "E", "47": "E", "38": "E", "31": "S", "21": "N", "18": "S", "8": "W", "5": "E", "181": "E", "169": "S", "165": "W", "139": "N", "137": "W", "133": "N", "119": "S", "116": "W", "115": "W", "107": "N", "103": "N", "74": "W", "67": "S", "39": "S", "35": "E", "23": "W", "20": "N", "4": "N", "3": "N", "0": "E"}, {"118": "E", "59": "N", "48": "S", "155": "N", "72": "N", "142": "S", "175": "N", "174": "N", "145": "N", "128": "E", "65": "E", "43": "S", "27": "E", "16": "W", "9": "W", "6": "S", "7": "S", "113": "E", "22": "S", "177": "W", "138": "N", "90": "W", "83": "E", "71": "E", "179": "S", "160": "N", "153": "E", "164": "N", "87": "N", "80": "S", "37": "N", "32": "S", "30": "N", "25": "W", "1": "E", "129": "N", "157": "N", "17": "N", "122": "W", "120": "N", "66": "S", "26": "S", "163": "N", "161": "S", "156": "E", "121": "S", "63": "E", "19": "W", "13": "E", "11": "S", "114": "N", "104": "S", "102": "E", "96": "S", "86": "W", "78": "S", "69": "N", "57": "N", "46": "W", "40": "S", "34": "W", "24": "E", "151": "W", "144": "N", "110": "W", "106": "N", "99": "E", "94": "W", "82": "E", "81": "N", "79": "N", "56": "S", "51": "N", "44": "W", "28": "S", "152": "N", "143": "E", "135": "S", "52": "W", "95": "E", "167": "N", "105": "S", "41": "N", "162": "N", "149": "N", "73": "W", "68": "S", "60": "N", "15": "S", "12": "N", "182": "W", "150": "S", "132": "N", "126": "S", "100": "S", "89": "E", "76": "S", "172": "W", "166": "W", "154": "N", "140": "S", "112": "N", "111": "E", "91": "E", "50": "E", "47": "E", "38": "E", "31": "S", "21": "N", "18": "E", "8": "W", "5": "E", "165": "S", "139": "N", "137": "W", "133": "N", "119": "W", "116": "W", "107": "W", "103": "N", "74": "W", "67": "S", "53": "S", "39": "S", "35": "E", "23": "W", "20": "E", "4": "E", "3": "N", "0": "S"}, {"118": "E", "59": "N", "48": "W", "155": "W", "72": "N", "142": "S", "175": "N", "174": "E", "145": "E", "128": "E", "65": "N", "43": "E", "27": "E", "16": "S", "9": "W", "6": "S", "7": "S", "113": "E", "22": "S", "177": "W", "138": "E", "90": "W", "83": "S", "71": "S", "179": "S", "160": "E", "54": "E", "164": "N", "134": "S", "87": "E", "80": "E", "37": "N", "32": "W", "30": "N", "25": "W", "129": "N", "157": "N", "17": "E", "122": "N", "120": "E", "66": "W", "26": "W", "163": "N", "161": "S", "156": "E", "121": "E", "63": "N", "13": "E", "11": "S", "114": "N", "104": "S", "102": "E", "96": "S", "86": "W", "69": "N", "64": "W", "57": "E", "34": "W", "24": "N", "151": "S", "144": "E", "110": "W", "106": "W", "94": "W", "82": "E", "81": "N", "56": "S", "51": "N", "44": "S", "28": "E", "2": "E", "152": "W", "143": "S", "125": "S", "75": "S", "123": "W", "52": "W", "146": "W", "173": "W", "105": "W", "41": "N", "162": "N", "108": "S", "73": "S", "68": "S", "60": "N", "15": "E", "12": "N", "182": "N", "150": "E", "136": "N", "132": "N", "126": "S", "117": "W", "100": "W", "89": "E", "76": "S", "49": "N", "172": "W", "166": "W", "154": "N", "140": "S", "111": "E", "92": "E", "50": "S", "47": "E", "38": "E", "31": "S", "21": "E", "18": "E", "8": "W", "5": "E", "181": "N", "169": "E", "165": "S", "139": "N", "137": "W", "133": "N", "119": "W", "116": "N", "107": "W", "103": "N", "74": "W", "67": "S", "61": "E", "53": "S", "39": "S", "35": "E", "23": "S", "20": "E", "4": "N", "3": "N", "0": "E"}, {"118": "E", "59": "N", "48": "S", "155": "N", "72": "N", "142": "S", "175": "N", "174": "S", "145": "E", "128": "N", "65": "N", "27": "E", "16": "S", "9": "W", "6": "S", "7": "S", "180": "E", "113": "E", "22": "S", "177": "W", "138": "E", "90": "S", "83": "S", "71": "S", "179": "E", "160": "N", "164": "N", "87": "E", "80": "E", "37": "N", "32": "S", "30": "N", "25": "W", "1": "N", "129": "N", "157": "N", "17": "N", "122": "N", "120": "E", "66": "W", "26": "N", "163": "N", "161": "S", "156": "S", "121": "E", "93": "E", "13": "E", "11": "W", "114": "N", "104": "E", "102": "E", "96": "S", "86": "W", "78": "W", "69": "W", "57": "E", "34": "W", "24": "E", "151": "S", "144": "E", "130": "E", "110": "W", "106": "N", "94": "S", "82": "E", "56": "S", "51": "E", "44": "S", "28": "S", "2": "S", "152": "N", "143": "E", "125": "S", "135": "W", "123": "W", "52": "W", "146": "S", "95": "E", "167": "W", "105": "W", "41": "N", "162": "N", "149": "W", "73": "S", "68": "E", "62": "W", "60": "E", "15": "S", "12": "N", "170": "S", "182": "N", "150": "S", "136": "N", "132": "N", "126": "S", "117": "S", "100": "W", "89": "N", "172": "W", "166": "N", "154": "N", "140": "S", "111": "E", "92": "N", "91": "N", "50": "S", "47": "E", "38": "E", "21": "E", "18": "N", "14": "S", "8": "N", "165": "W", "139": "W", "137": "W", "133": "N", "119": "W", "116": "W", "115": "E", "107": "W", "103": "N", "74": "W", "67": "W", "61": "E", "53": "W", "39": "S", "35": "S", "23": "S", "20": "S", "4": "N", "3": "W", "0": "E"}, {"118": "E", "59": "E", "48": "S", "155": "N", "72": "N", "142": "E", "175": "N", "174": "S", "145": "E", "128": "E", "65": "E", "43": "W", "27": "E", "16": "S", "9": "W", "6": "S", "180": "S", "113": "S", "22": "S", "177": "W", "138": "E", "90": "S", "83": "E", "71": "E", "179": "E", "160": "N", "153": "S", "164": "N", "87": "E", "80": "N", "37": "N", "32": "W", "30": "N", "25": "W", "1": "W", "129": "N", "157": "E", "122": "N", "120": "S", "98": "W", "66": "W", "163": "N", "161": "E", "156": "E", "121": "S", "93": "E", "63": "S", "13": "E", "11": "W", "114": "N", "104": "S", "102": "E", "96": "S", "86": "W", "78": "S", "69": "W", "57": "E", "46": "W", "34": "W", "24": "N", "151": "S", "130": "N", "110": "W", "94": "S", "82": "N", "81": "N", "79": "S", "56": "E", "44": "S", "28": "S", "152": "W", "125": "S", "75": "S", "123": "S", "52": "S", "146": "S", "173": "W", "167": "N", "105": "W", "41": "N", "162": "E", "73": "S", "68": "E", "60": "E", "15": "S", "12": "E", "170": "W", "182": "W", "150": "S", "132": "E", "126": "S", "117": "S", "100": "W", "89": "E", "76": "W", "172": "W", "166": "N", "159": "W", "154": "N", "112": "W", "111": "N", "92": "W", "50": "E", "47": "E", "42": "W", "38": "E", "21": "E", "18": "E", "14": "S", "8": "W", "5": "N", "165": "S", "139": "N", "137": "W", "133": "W", "116": "W", "107": "W", "103": "N", "74": "W", "67": "S", "61": "E", "53": "S", "39": "S", "35": "E", "23": "W", "20": "E", "4": "W", "3": "W", "0": "S"}, {"118": "N", "59": "E", "48": "S", "155": "N", "72": "N", "142": "E", "175": "N", "174": "S", "128": "E", "65": "E", "16": "S", "9": "N", "6": "S", "141": "W", "7": "N", "180": "E", "22": "S", "177": "W", "138": "N", "90": "S", "71": "E", "179": "N", "160": "E", "153": "E", "164": "N", "87": "E", "80": "N", "45": "N", "37": "N", "32": "S", "30": "N", "25": "S", "1": "W", "129": "E", "157": "S", "17": "S", "122": "W", "120": "E", "66": "S", "163": "N", "161": "E", "156": "E", "121": "E", "93": "S", "63": "W", "19": "W", "13": "N", "11": "W", "114": "N", "104": "S", "96": "S", "86": "N", "78": "W", "69": "W", "57": "E", "46": "S", "34": "W", "24": "E", "151": "E", "130": "N", "110": "W", "106": "E", "94": "S", "56": "E", "44": "W", "28": "W", "2": "N", "152": "W", "125": "S", "75": "S", "123": "W", "146": "S", "95": "E", "173": "N", "167": "N", "105": "S", "41": "N", "162": "E", "149": "E", "73": "S", "60": "N", "15": "S", "170": "W", "182": "N", "150": "E", "148": "E", "136": "S", "132": "S", "126": "S", "117": "S", "100": "S", "89": "E", "76": "S", "172": "W", "166": "N", "159": "N", "154": "W", "140": "S", "112": "W", "111": "N", "50": "E", "47": "E", "42": "N", "38": "E", "21": "N", "18": "N", "8": "W", "181": "S", "169": "W", "165": "S", "139": "W", "137": "W", "133": "N", "119": "S", "116": "W", "107": "N", "103": "N", "74": "W", "61": "E", "53": "S", "39": "S", "36": "W", "35": "E", "20": "E", "4": "N", "3": "W", "0": "E"}, {"118": "N", "10": "S", "59": "E", "48": "S", "155": "N", "72": "W", "142": "E", "175": "N", "174": "S", "128": "S", "65": "E", "55": "S", "27": "E", "16": "W", "9": "N", "6": "S", "7": "N", "180": "S", "22": "S", "177": "S", "138": "N", "90": "S", "71": "E", "179": "N", "160": "E", "153": "E", "164": "E", "87": "E", "80": "E", "37": "N", "32": "S", "30": "W", "25": "S", "1": "S", "129": "E", "157": "S", "17": "S", "122": "W", "66": "S", "163": "E", "161": "N", "156": "E", "121": "N", "93": "W", "63": "W", "19": "S", "13": "E", "11": "W", "114": "E", "104": "S", "102": "N", "96": "S", "86": "N", "78": "W", "69": "W", "57": "S", "46": "S", "34": "W", "24": "E", "151": "S", "130": "E", "110": "W", "106": "E", "94": "W", "82": "S", "81": "S", "44": "W", "28": "S", "152": "W", "125": "W", "75": "E", "135": "E", "123": "S", "146": "S", "95": "E", "173": "W", "105": "S", "41": "W", "162": "E", "149": "E", "73": "S", "62": "E", "60": "E", "15": "S", "12": "E", "182": "W", "150": "E", "136": "E", "132": "E", "126": "S", "117": "S", "100": "S", "89": "E", "76": "S", "172": "W", "166": "N", "159": "N", "140": "E", "112": "W", "111": "E", "91": "S", "50": "S", "47": "E", "42": "N", "38": "E", "21": "N", "18": "E", "14": "S", "8": "S", "181": "W", "165": "W", "139": "W", "137": "W", "133": "N", "119": "W", "116": "W", "107": "N", "103": "N", "97": "W", "74": "W", "67": "E", "61": "E", "53": "S", "39": "S", "36": "S", "35": "E", "20": "E", "4": "N", "3": "W", "0": "S"}, {"118": "N", "10": "S", "48": "S", "155": "N", "72": "W", "142": "E", "175": "N", "174": "S", "128": "S", "65": "N", "55": "S", "43": "E", "27": "N", "16": "W", "9": "N", "6": "S", "7": "N", "180": "E", "22": "S", "177": "S", "138": "E", "90": "S", "71": "S", "179": "N", "160": "E", "153": "S", "85": "N", "164": "N", "134": "N", "87": "N", "80": "E", "45": "N", "37": "N", "32": "S", "25": "S", "1": "S", "129": "E", "157": "S", "17": "S", "122": "W", "98": "E", "66": "S", "26": "W", "163": "E", "161": "N", "156": "E", "121": "E", "93": "S", "63": "W", "19": "S", "13": "N", "11": "W", "114": "N", "104": "S", "102": "E", "96": "S", "86": "N", "78": "W", "69": "W", "57": "S", "46": "E", "34": "S", "24": "S", "151": "S", "144": "E", "110": "N", "106": "E", "94": "S", "82": "S", "81": "S", "51": "W", "44": "W", "28": "S", "152": "W", "125": "S", "52": "N", "146": "W", "29": "S", "167": "S", "105": "S", "41": "W", "162": "E", "149": "E", "147": "N", "108": "N", "73": "S", "62": "E", "60": "N", "15": "S", "12": "N", "182": "N", "150": "S", "132": "E", "126": "S", "117": "S", "100": "S", "89": "E", "76": "S", "172": "N", "166": "E", "159": "N", "154": "E", "140": "E", "112": "W", "111": "N", "91": "E", "50": "S", "47": "S", "42": "W", "38": "N", "31": "E", "21": "N", "18": "E", "14": "S", "8": "S", "5": "E", "165": "W", "139": "W", "137": "N", "133": "N", "119": "W", "116": "W", "107": "N", "103": "E", "97": "S", "74": "W", "67": "S", "61": "E", "53": "W", "39": "S", "36": "E", "35": "E", "20": "E", "4": "N", "3": "W", "0": "E"}, {"118": "E", "10": "E", "48": "S", "155": "N", "124": "E", "72": "W", "142": "E", "175": "N", "174": "S", "128": "S", "65": "E", "27": "N", "16": "W", "9": "N", "6": "S", "141": "E", "7": "N", "180": "E", "22": "S", "177": "S", "138": "E", "90": "S", "71": "E", "179": "N", "160": "E", "153": "S", "54": "W", "87": "N", "80": "E", "37": "N", "32": "S", "25": "S", "1": "S", "129": "E", "157": "S", "17": "S", "122": "W", "66": "S", "163": "N", "161": "E", "156": "E", "121": "S", "93": "S", "63": "W", "13": "E", "11": "W", "114": "W", "104": "S", "102": "N", "96": "W", "86": "N", "78": "W", "69": "S", "57": "S", "46": "S", "40": "E", "34": "W", "24": "E", "151": "S", "110": "W", "106": "E", "94": "S", "82": "E", "81": "W", "79": "N", "51": "S", "44": "S", "28": "S", "2": "S", "152": "N", "125": "S", "75": "E", "135": "S", "123": "W", "146": "S", "95": "S", "29": "S", "167": "S", "105": "S", "41": "W", "162": "E", "149": "N", "147": "N", "73": "S", "68": "S", "60": "N", "15": "S", "12": "E", "170": "E", "182": "N", "150": "S", "148": "E", "132": "E", "126": "E", "117": "W", "100": "S", "89": "E", "76": "S", "49": "N", "172": "W", "166": "E", "159": "E", "154": "E", "140": "S", "112": "S", "111": "E", "91": "E", "50": "S", "47": "E", "38": "N", "31": "S", "21": "N", "18": "N", "14": "S", "8": "S", "169": "S", "165": "W", "139": "W", "133": "N", "119": "W", "116": "W", "115": "S", "107": "N", "103": "E", "74": "W", "67": "S", "61": "S", "39": "S", "35": "E", "20": "E", "4": "N", "3": "W", "0": "E"}, {"118": "N", "48": "S", "155": "N", "142": "E", "175": "N", "65": "N", "27": "N", "9": "N", "6": "S", "7": "N", "180": "E", "22": "S", "177": "S", "90": "S", "71": "S", "179": "N", "160": "E", "153": "E", "85": "S", "87": "E", "80": "E", "37": "N", "32": "S", "30": "N", "25": "W", "129": "E", "157": "S", "17": "S", "122": "W", "98": "W", "66": "S", "163": "E", "161": "E", "156": "S", "121": "E", "93": "S", "63": "W", "19": "S", "13": "E", "11": "S", "114": "W", "104": "S", "102": "E", "96": "S", "86": "N", "78": "W", "69": "S", "57": "E", "40": "S", "24": "S", "151": "E", "144": "E", "130": "E", "110": "N", "106": "E", "99": "S", "94": "S", "82": "E", "81": "W", "79": "N", "56": "S", "51": "S", "44": "W", "28": "S", "152": "N", "143": "S", "125": "S", "75": "S", "135": "S", "123": "S", "146": "S", "95": "E", "29": "S", "167": "S", "41": "N", "162": "E", "149": "W", "147": "N", "73": "S", "60": "E", "15": "S", "12": "E", "182": "N", "150": "S", "148": "E", "136": "S", "132": "S", "126": "S", "117": "S", "100": "S", "89": "N", "76": "S", "49": "E", "172": "N", "166": "E", "159": "N", "154": "E", "140": "S", "112": "W", "111": "E", "92": "E", "91": "N", "50": "S", "47": "E", "38": "E", "31": "S", "21": "N", "18": "N", "14": "S", "8": "S", "181": "E", "165": "W", "139": "W", "137": "W", "133": "N", "119": "W", "116": "W", "107": "N", "103": "N", "74": "W", "67": "S", "61": "E", "39": "S", "36": "E", "35": "E", "20": "E", "4": "W", "3": "W", "0": "S"}, {"118": "N", "10": "W", "48": "S", "155": "N", "124": "W", "142": "E", "175": "E", "65": "W", "9": "E", "6": "S", "141": "W", "180": "E", "22": "E", "177": "S", "138": "W", "90": "S", "160": "E", "153": "E", "54": "E", "87": "E", "80": "E", "45": "W", "37": "N", "32": "S", "30": "W", "25": "W", "157": "S", "17": "S", "122": "W", "66": "S", "26": "E", "163": "E", "161": "E", "156": "E", "121": "E", "93": "S", "63": "W", "13": "N", "11": "S", "168": "S", "114": "N", "104": "S", "102": "S", "96": "E", "86": "N", "78": "W", "69": "W", "57": "S", "40": "S", "24": "S", "151": "S", "144": "E", "130": "E", "110": "N", "106": "E", "99": "E", "94": "S", "82": "S", "81": "W", "51": "S", "44": "S", "28": "S", "152": "N", "143": "E", "125": "E", "135": "S", "123": "S", "52": "N", "146": "S", "29": "S", "167": "S", "105": "S", "41": "W", "162": "E", "149": "S", "147": "E", "108": "W", "73": "W", "62": "W", "60": "E", "15": "S", "12": "E", "182": "W", "150": "E", "148": "E", "132": "E", "126": "E", "117": "S", "100": "S", "89": "N", "76": "S", "49": "E", "172": "N", "166": "E", "159": "E", "154": "E", "140": "E", "112": "S", "111": "N", "92": "E", "50": "S", "47": "E", "42": "N", "38": "E", "31": "S", "21": "N", "14": "S", "8": "S", "165": "W", "139": "W", "137": "N", "133": "N", "119": "W", "116": "W", "107": "W", "103": "E", "97": "E", "74": "S", "67": "W", "61": "E", "39": "E", "36": "S", "35": "E", "23": "N", "20": "S", "4": "W", "3": "W", "0": "S"}, {"118": "E", "10": "N", "48": "S", "155": "N", "142": "E", "55": "N", "6": "E", "180": "E", "177": "S", "90": "S", "160": "E", "153": "E", "164": "N", "87": "E", "80": "E", "37": "N", "32": "S", "30": "W", "25": "S", "157": "S", "17": "S", "122": "W", "66": "S", "26": "E", "163": "S", "161": "E", "156": "E", "121": "E", "93": "S", "63": "W", "19": "S", "13": "E", "11": "S", "168": "E", "114": "N", "104": "S", "102": "S", "86": "N", "78": "W", "69": "S", "64": "W", "57": "E", "40": "W", "34": "S", "24": "S", "151": "S", "130": "S", "110": "N", "106": "E", "94": "S", "82": "S", "81": "W", "79": "S", "56": "S", "51": "S", "44": "W", "28": "S", "152": "W", "143": "E", "125": "E", "123": "S", "52": "W", "146": "E", "167": "S", "105": "S", "162": "E", "149": "S", "147": "E", "108": "W", "73": "S", "68": "W", "60": "E", "15": "S", "170": "W", "182": "N", "150": "E", "136": "E", "132": "E", "126": "S", "117": "S", "100": "S", "89": "E", "76": "S", "49": "E", "172": "W", "166": "E", "154": "E", "140": "E", "112": "S", "111": "N", "50": "S", "42": "N", "38": "E", "31": "E", "21": "W", "18": "E", "8": "S", "169": "N", "165": "W", "139": "W", "137": "N", "133": "N", "119": "S", "116": "W", "115": "S", "107": "W", "103": "E", "97": "E", "74": "S", "67": "S", "61": "N", "39": "E", "36": "E", "35": "E", "23": "W", "20": "S", "4": "N", "3": "W"}, {"10": "N", "48": "E", "155": "E", "142": "E", "55": "N", "6": "E", "141": "E", "180": "E", "177": "W", "90": "S", "160": "E", "153": "E", "164": "E", "87": "N", "80": "E", "45": "E", "37": "E", "32": "S", "30": "S", "25": "S", "157": "S", "17": "S", "122": "S", "98": "E", "66": "S", "163": "E", "161": "E", "156": "S", "121": "S", "93": "S", "63": "W", "19": "E", "13": "E", "168": "E", "114": "N", "104": "S", "86": "N", "78": "S", "69": "S", "57": "S", "34": "S", "24": "E", "151": "S", "130": "E", "110": "N", "106": "N", "94": "S", "82": "E", "81": "W", "79": "S", "51": "S", "44": "W", "28": "S", "152": "W", "125": "E", "75": "N", "52": "N", "146": "S", "173": "W", "167": "S", "105": "S", "162": "E", "149": "S", "108": "N", "73": "S", "68": "N", "60": "N", "15": "W", "12": "E", "182": "N", "150": "N", "136": "E", "132": "E", "126": "S", "117": "E", "100": "S", "89": "E", "76": "S", "49": "E", "172": "W", "166": "E", "154": "E", "140": "S", "112": "S", "111": "W", "50": "S", "42": "W", "31": "S", "21": "W", "18": "N", "8": "S", "5": "S", "181": "N", "169": "N", "165": "W", "139": "W", "133": "N", "119": "S", "116": "W", "115": "S", "107": "W", "103": "E", "74": "S", "67": "S", "61": "N", "35": "E", "23": "W", "20": "E", "4": "N", "3": "W", "0": "N"}, {"142": "E", "180": "E", "177": "S", "90": "S", "160": "N", "153": "E", "164": "S", "87": "N", "80": "E", "45": "S", "37": "E", "32": "S", "25": "S", "157": "S", "17": "S", "66": "S", "26": "W", "163": "S", "161": "E", "156": "E", "121": "E", "93": "S", "63": "W", "19": "E", "13": "E", "168": "N", "114": "W", "104": "S", "96": "W", "86": "N", "78": "S", "57": "E", "46": "W", "34": "S", "24": "E", "151": "E", "130": "S", "110": "N", "106": "E", "99": "E", "94": "S", "82": "E", "81": "W", "56": "S", "51": "E", "44": "W", "28": "S", "152": "W", "143": "W", "125": "N", "75": "W", "135": "E", "52": "W", "146": "E", "95": "E", "29": "E", "173": "N", "167": "S", "105": "S", "162": "E", "149": "S", "108": "N", "73": "E", "68": "W", "62": "W", "60": "N", "15": "S", "12": "E", "182": "N", "150": "E", "136": "E", "132": "S", "126": "S", "117": "E", "100": "S", "89": "E", "76": "S", "49": "E", "172": "W", "166": "E", "154": "E", "140": "E", "112": "S", "111": "N", "92": "W", "91": "S", "50": "S", "47": "N", "42": "W", "38": "E", "33": "S", "31": "S", "21": "W", "18": "E", "14": "S", "8": "W", "5": "E", "165": "W", "139": "W", "137": "W", "133": "N", "119": "W", "116": "W", "115": "S", "107": "W", "74": "W", "67": "S", "61": "E", "39": "S", "35": "S", "23": "W", "20": "E", "4": "W", "3": "W"}, {"142": "E", "180": "E", "177": "S", "90": "S", "160": "N", "153": "E", "87": "E", "80": "E", "45": "S", "37": "E", "32": "S", "25": "S", "157": "S", "17": "S", "66": "S", "171": "S", "161": "E", "156": "E", "121": "S", "93": "S", "63": "W", "19": "S", "13": "N", "168": "E", "114": "W", "104": "S", "86": "W", "78": "S", "64": "E", "57": "E", "46": "W", "24": "S", "151": "E", "130": "S", "110": "W", "106": "E", "99": "S", "94": "S", "82": "E", "81": "S", "79": "W", "56": "S", "51": "E", "44": "W", "152": "W", "143": "N", "125": "N", "75": "W", "135": "E", "123": "E", "52": "W", "146": "E", "95": "E", "29": "E", "173": "N", "167": "S", "105": "S", "162": "E", "149": "S", "147": "W", "108": "E", "73": "S", "68": "W", "60": "W", "15": "S", "12": "E", "182": "N", "150": "E", "148": "W", "136": "E", "132": "E", "126": "E", "117": "E", "100": "S", "89": "E", "76": "S", "49": "E", "172": "W", "166": "E", "154": "E", "140": "E", "112": "S", "111": "W", "92": "N", "91": "E", "50": "W", "42": "W", "38": "E", "31": "S", "21": "N", "8": "S", "5": "S", "165": "W", "139": "W", "137": "W", "133": "N", "119": "W", "116": "S", "107": "W", "103": "N", "74": "S", "67": "S", "61": "E", "39": "E", "36": "N", "35": "E", "23": "W", "20": "E", "4": "N", "3": "W"}, {"142": "N", "180": "E", "177": "S", "90": "S", "160": "E", "153": "E", "134": "S", "87": "E", "80": "N", "37": "E", "32": "S", "25": "E", "157": "S", "66": "S", "26": "E", "161": "E", "156": "E", "93": "S", "63": "W", "19": "E", "13": "N", "168": "E", "114": "W", "104": "S", "86": "N", "78": "S", "64": "E", "24": "E", "151": "S", "110": "N", "106": "E", "99": "E", "94": "S", "82": "S", "81": "S", "56": "S", "51": "E", "44": "W", "152": "W", "143": "E", "125": "E", "75": "N", "135": "E", "123": "E", "52": "N", "146": "N", "95": "E", "173": "N", "167": "E", "162": "E", "147": "S", "108": "N", "73": "S", "60": "W", "15": "S", "12": "E", "182": "N", "150": "N", "136": "S", "132": "S", "126": "E", "117": "E", "101": "E", "100": "S", "89": "E", "76": "S", "49": "S", "172": "W", "166": "E", "154": "E", "140": "N", "112": "W", "111": "W", "92": "W", "91": "S", "50": "S", "42": "W", "38": "N", "31": "S", "21": "W", "8": "S", "5": "S", "181": "E", "169": "S", "165": "W", "139": "W", "137": "N", "133": "E", "119": "W", "116": "S", "115": "N", "107": "W", "103": "E", "74": "E", "67": "W", "61": "S", "39": "E", "36": "E", "35": "S", "23": "W", "20": "E", "4": "N", "3": "W"}, {"142": "N", "180": "E", "177": "E", "90": "S", "160": "E", "153": "E", "87": "N", "80": "E", "32": "S", "25": "E", "157": "S", "66": "S", "171": "N", "161": "E", "156": "E", "93": "S", "63": "S", "19": "E", "168": "E", "114": "W", "104": "S", "96": "W", "86": "E", "78": "S", "64": "E", "46": "E", "151": "E", "110": "W", "106": "N", "99": "E", "94": "S", "82": "S", "81": "W", "79": "E", "56": "S", "51": "E", "44": "W", "28": "E", "152": "W", "143": "E", "125": "E", "75": "N", "135": "E", "123": "S", "52": "W", "146": "N", "95": "E", "162": "N", "108": "N", "73": "S", "68": "E", "60": "W", "15": "W", "170": "E", "182": "N", "150": "E", "132": "E", "126": "E", "117": "E", "100": "E", "89": "E", "76": "S", "49": "E", "172": "W", "166": "E", "159": "W", "154": "E", "140": "N", "112": "S", "111": "N", "92": "N", "91": "E", "50": "S", "47": "S", "42": "W", "38": "N", "33": "N", "31": "S", "21": "N", "18": "E", "8": "S", "5": "E", "165": "W", "139": "W", "137": "N", "133": "E", "119": "W", "116": "S", "115": "N", "107": "W", "103": "S", "97": "S", "74": "S", "67": "W", "61": "E", "53": "N", "39": "E", "36": "E", "35": "S", "23": "S", "20": "E", "4": "N", "3": "W"}, {"142": "E", "180": "N", "90": "E", "160": "E", "153": "E", "87": "N", "80": "E", "32": "E", "66": "S", "161": "N", "156": "E", "93": "S", "63": "S", "19": "E", "114": "W", "104": "W", "86": "E", "78": "S", "46": "E", "151": "E", "110": "N", "106": "E", "99": "E", "94": "E", "82": "E", "81": "W", "56": "S", "51": "S", "44": "W", "28": "S", "152": "W", "143": "E", "125": "E", "135": "E", "123": "E", "52": "W", "146": "E", "95": "S", "29": "E", "147": "S", "108": "E", "73": "S", "68": "E", "60": "W", "15": "W", "12": "N", "170": "E", "182": "N", "150": "E", "126": "S", "101": "S", "100": "S", "89": "E", "76": "S", "49": "E", "172": "N", "166": "E", "159": "N", "154": "E", "112": "S", "111": "W", "91": "E", "50": "S", "42": "W", "38": "N", "31": "W", "21": "N", "18": "E", "14": "E", "8": "W", "5": "E", "165": "N", "139": "W", "133": "E", "119": "N", "116": "S", "115": "N", "107": "W", "103": "E", "74": "S", "67": "W", "61": "E", "53": "W", "39": "E", "35": "E", "23": "S", "20": "E", "4": "N", "3": "S"}, {"142": "E", "180": "N", "90": "S", "160": "N", "153": "E", "87": "W", "80": "E", "32": "E", "66": "S", "161": "E", "156": "E", "93": "W", "63": "S", "19": "E", "13": "W", "114": "W", "104": "S", "86": "E", "78": "S", "46": "E", "151": "E", "110": "E", "106": "S", "99": "E", "94": "E", "81": "W", "51": "E", "44": "W", "28": "W", "152": "S", "143": "E", "125": "E", "135": "E", "123": "E", "52": "S", "146": "E", "95": "E", "173": "E", "162": "E", "147": "W", "73": "W", "68": "E", "60": "N", "15": "W", "12": "E", "182": "N", "150": "E", "126": "E", "101": "W", "100": "S", "89": "E", "76": "S", "49": "E", "172": "W", "159": "E", "140": "N", "112": "S", "111": "N", "91": "S", "50": "S", "42": "W", "38": "W", "31": "W", "21": "N", "18": "N", "14": "E", "8": "S", "165": "N", "139": "S", "137": "W", "133": "E", "119": "N", "116": "S", "115": "W", "107": "W", "103": "E", "97": "S", "74": "S", "67": "W", "61": "S", "53": "W", "39": "E", "36": "W", "35": "E", "20": "S", "4": "W", "3": "S"}, {"142": "E", "160": "E", "153": "N", "80": "N", "32": "N", "66": "S", "156": "E", "63": "S", "19": "E", "114": "W", "104": "W", "96": "E", "86": "E", "46": "E", "151": "S", "110": "E", "106": "S", "99": "E", "94": "E", "81": "S", "51": "S", "44": "N", "28": "S", "152": "W", "143": "E", "125": "E", "75": "S", "135": "E", "123": "E", "52": "S", "146": "E", "29": "S", "173": "E", "162": "N", "147": "S", "73": "N", "68": "E", "60": "N", "15": "N", "12": "E", "182": "N", "150": "E", "148": "E", "126": "N", "101": "N", "100": "S", "89": "N", "76": "S", "49": "E", "172": "W", "140": "E", "112": "S", "50": "S", "47": "N", "42": "W", "38": "N", "31": "W", "21": "N", "18": "N", "8": "S", "165": "N", "139": "S", "137": "N", "133": "E", "119": "N", "116": "S", "115": "N", "107": "W", "103": "E", "74": "S", "67": "W", "61": "S", "53": "S", "39": "E", "36": "W", "35": "E", "20": "S", "3": "S", "0": "W"}, {"142": "N", "153": "E", "134": "N", "80": "N", "66": "E", "156": "E", "63": "S", "19": "E", "114": "W", "104": "W", "96": "E", "151": "E", "110": "E", "99": "E", "81": "S", "44": "N", "28": "S", "152": "W", "143": "E", "125": "E", "135": "E", "52": "W", "146": "E", "95": "E", "29": "E", "173": "E", "162": "N", "15": "N", "12": "S", "182": "E", "150": "N", "126": "N", "100": "S", "89": "N", "76": "S", "49": "E", "172": "W", "159": "S", "140": "E", "112": "S", "50": "S", "42": "W", "38": "W", "31": "S", "18": "W", "8": "S", "5": "N", "181": "S", "165": "N", "139": "S", "137": "E", "133": "E", "119": "N", "116": "W", "115": "W", "107": "W", "103": "E", "74": "S", "61": "E", "53": "S", "39": "N", "36": "W", "35": "E", "20": "E", "4": "N", "3": "S"}, {"153": "N", "66": "E", "161": "N", "156": "E", "63": "S", "19": "E", "114": "S", "104": "S", "151": "E", "99": "E", "81": "S", "44": "N", "28": "W", "152": "W", "143": "E", "125": "E", "52": "S", "146": "E", "95": "E", "29": "E", "162": "W", "15": "W", "12": "S", "182": "N", "150": "E", "126": "N", "100": "S", "89": "N", "76": "S", "49": "E", "172": "W", "159": "E", "140": "E", "112": "S", "50": "W", "42": "W", "38": "N", "31": "S", "21": "N", "18": "W", "8": "S", "5": "E", "165": "N", "139": "S", "137": "N", "133": "N", "119": "N", "116": "S", "107": "W", "103": "E", "97": "N", "74": "S", "61": "E", "53": "W", "39": "E", "36": "W", "35": "E", "23": "S", "20": "E", "4": "W", "3": "S", "0": "W"}, {"153": "N", "66": "E", "161": "N", "156": "E", "63": "S", "19": "E", "104": "W", "99": "E", "44": "N", "28": "W", "152": "W", "143": "E", "125": "E", "75": "N", "146": "E", "95": "E", "29": "E", "12": "S", "182": "N", "150": "E", "126": "N", "100": "S", "89": "N", "76": "S", "49": "E", "172": "W", "140": "N", "112": "S", "91": "E", "50": "W", "42": "S", "38": "N", "31": "W", "21": "W", "18": "W", "8": "S", "5": "E", "169": "E", "165": "N", "139": "S", "137": "N", "133": "E", "116": "S", "107": "W", "103": "E", "74": "S", "67": "S", "61": "E", "35": "S", "23": "S", "20": "E", "4": "W", "3": "S", "0": "W"}, {"156": "N", "19": "E", "104": "W", "99": "E", "44": "N", "28": "S", "152": "W", "125": "E", "146": "N", "95": "S", "29": "E", "12": "E", "182": "N", "150": "N", "126": "N", "100": "E", "89": "N", "76": "S", "49": "E", "172": "W", "112": "S", "91": "N", "50": "W", "21": "W", "18": "W", "8": "S", "5": "S", "169": "E", "165": "W", "139": "S", "137": "W", "133": "E", "116": "S", "107": "W", "67": "W", "61": "E", "53": "E", "35": "S", "23": "S", "20": "E", "4": "N", "3": "S", "0": "S"}, {"156": "E", "19": "E", "104": "S", "99": "E", "152": "S", "125": "N", "146": "E", "95": "S", "29": "E", "12": "E", "182": "N", "150": "E", "100": "S", "89": "N", "76": "S", "49": "S", "172": "W", "112": "S", "91": "E", "50": "S", "47": "S", "42": "S", "21": "W", "8": "S", "169": "N", "165": "N", "139": "S", "137": "N", "133": "E", "119": "N", "116": "S", "107": "S", "103": "E", "97": "N", "67": "W", "61": "S", "35": "S", "23": "S", "20": "E", "0": "E"}, {"156": "E", "19": "N", "104": "W", "99": "E", "152": "W", "125": "E", "29": "E", "12": "E", "182": "N", "150": "E", "100": "S", "89": "N", "76": "S", "49": "E", "172": "S", "112": "S", "92": "E", "91": "E", "50": "W", "42": "W", "21": "W", "8": "S", "169": "W", "165": "N", "139": "S", "137": "N", "133": "E", "119": "N", "116": "S", "107": "S", "103": "E", "67": "W", "61": "E", "53": "W", "35": "S", "23": "S", "20": "E", "0": "E"}, {"156": "E", "19": "E", "104": "W", "99": "E", "28": "S", "152": "W", "29": "S", "12": "E", "182": "N", "150": "N", "100": "E", "89": "N", "76": "S", "49": "E", "172": "S", "112": "S", "92": "N", "91": "S", "50": "W", "47": "E", "21": "W", "8": "S", "169": "W", "165": "N", "139": "S", "137": "N", "133": "S", "119": "N", "116": "W", "107": "S", "103": "S", "67": "N", "61": "S", "35": "S", "4": "S", "0": "E"}, {"156": "E", "19": "E", "104": "N", "99": "N", "152": "S", "29": "E", "12": "E", "182": "E", "100": "S", "89": "N", "76": "S", "49": "E", "172": "S", "112": "S", "92": "N", "50": "W", "42": "S", "8": "S", "165": "N", "139": "S", "137": "E", "133": "E", "119": "N", "116": "S", "107": "S", "97": "S", "67": "N", "36": "S", "35": "S"}, {"156": "N", "19": "E", "28": "N", "152": "S", "29": "S", "182": "E", "100": "E", "89": "N", "76": "S", "172": "S", "112": "S", "92": "N", "50": "N", "47": "W", "21": "S", "8": "S", "165": "N", "137": "E", "119": "N", "116": "S", "107": "S", "35": "E", "20": "S", "4": "S"}, {"99": "N", "152": "S", "29": "S", "182": "E", "100": "E", "89": "N", "76": "E", "172": "W", "112": "S", "92": "N", "47": "N", "42": "E", "8": "S", "165": "N", "137": "E", "119": "N", "116": "S", "107": "E", "35": "S", "20": "W"}, {"29": "W", "182": "E", "100": "E", "89": "N", "172": "S", "112": "S", "92": "N", "42": "S", "8": "S", "165": "N", "137": "E", "119": "N", "116": "S", "107": "S", "97": "S", "35": "S"}, {"29": "S", "100": "E", "89": "W", "172": "S", "112": "S", "92": "N", "8": "E", "165": "N", "119": "N", "116": "S", "107": "S", "97": "S", "35": "W"}, {"100": "E", "172": "S", "112": "E", "92": "W", "165": "N", "119": "E", "116": "E", "107": "S", "97": "S", "35": "S"}, {"100": "E", "172": "S", "112": "E", "165": "N", "119": "E", "116": "E", "107": "S", "35": "W"}, {"100": "E", "172": "E", "112": "E", "165": "E"}, {"100": "E", "112": "E", "165": "E"}, {"100": "N", "112": "E", "165": "E"}, {"112": "E"}, {"112": "E"}, {"112": "N"}], "result": "SUCCESS", "makespan": 68, "sum": 6219, "algo_name": "OutAndInByPercentage_sea_level__BIT_", "extra": {"arrival_order": [127, 158, 131, 77, 88, 118, 10, 178, 59, 48, 155, 124, 72, 142, 109, 58, 175, 174, 145, 128, 70, 65, 55, 43, 27, 16, 9, 6, 141, 84, 7, 180, 113, 22, 177, 138, 90, 83, 71, 179, 160, 153, 85, 54, 164, 134, 87, 80, 45, 37, 32, 30, 25, 1, 129, 157, 17, 176, 122, 120, 98, 66, 26, 163, 171, 161, 156, 121, 93, 63, 19, 13, 11, 168, 114, 104, 102, 96, 86, 78, 69, 64, 57, 46, 40, 34, 24, 151, 144, 130, 110, 106, 99, 94, 82, 81, 79, 56, 51, 44, 28, 2, 152, 143, 125, 75, 135, 123, 52, 146, 95, 29, 173, 167, 105, 41, 162, 149, 147, 108, 73, 68, 62, 60, 15, 12, 170, 182, 150, 148, 136, 132, 126, 117, 101, 100, 89, 76, 49, 172, 166, 159, 154, 140, 112, 111, 92, 91, 50, 47, 42, 38, 33, 31, 21, 18, 14, 8, 5, 181, 169, 165, 139, 137, 133, 119, 116, 115, 107, 103, 97, 74, 67, 61, 53, 39, 36, 35, 23, 20, 4, 3, 0], "BIT_runs": 1, "old_makespan": 4594, "old_sum": 5641, "improved": "[127, 158, 131, 77, 88, 118, 10, 178, 59, 48, 155, 124, 72, 142, 109, 58, 175, 174, 145, 128, 70, 65, 55, 43, 27, 16, 9, 6, 141, 84, 7, 180, 113, 22, 177, 138, 90, 83, 71, 179, 160, 153, 85, 54, 164, 134, 87, 80, 45, 37, 32, 30, 25, 1, 129, 157, 17, 176, 122, 120, 98, 66, 26, 163, 171, 161, 156, 121, 93, 63, 19, 13, 11, 168, 114, 104, 102, 96, 86, 78, 69, 64, 57, 46, 40, 34, 24, 151, 144, 130, 110, 106, 99, 94, 82, 81, 79, 56, 51, 44, 28, 2, 152, 143, 125, 75, 135, 123, 52, 146, 95, 29, 173, 167, 105, 41, 162, 149, 147, 108, 73, 68, 62, 60, 15, 12, 170, 182, 150, 148, 136, 132, 126, 117, 101, 100, 89, 76, 49, 172, 166, 159, 154, 140, 112, 111, 92, 91, 50, 47, 42, 38, 33, 31, 21, 18, 14, 8, 5, 181, 169, 165, 139, 137, 133, 119, 116, 115, 107, 103, 97, 74, 67, 61, 53, 39, 36, 35, 23, 20, 4, 3, 0],", "goal_raise_for_bs": 32}}