{"instance": "small_010_20x20_50_175", "steps": [{"15": "E", "34": "E", "60": "E", "7": "S", "56": "W", "57": "W", "39": "E", "117": "E", "50": "E", "21": "W", "92": "W", "105": "S", "96": "W", "146": "E", "155": "N", "89": "W", "79": "E", "49": "N", "44": "E", "76": "N", "131": "E", "17": "S", "148": "S", "35": "E", "72": "E", "53": "W", "124": "S", "38": "E", "20": "W", "93": "E", "78": "E", "46": "S", "161": "S", "68": "W", "141": "E", "22": "S", "1": "S", "31": "W", "99": "E", "101": "S", "164": "W", "85": "S", "110": "E", "121": "N", "166": "N", "119": "E", "43": "E", "138": "W", "122": "W", "48": "N", "71": "S", "54": "S", "154": "N", "162": "S", "59": "E", "19": "N", "132": "W", "16": "W", "150": "S", "145": "E", "3": "W", "12": "E", "159": "S", "94": "E", "126": "E", "66": "E", "11": "W", "63": "W", "112": "W", "4": "E", "28": "N", "51": "N", "149": "E", "158": "N", "130": "S", "115": "W", "32": "W", "84": "E", "0": "W", "160": "E", "97": "S", "172": "E", "8": "W", "116": "S", "167": "W", "74": "W", "52": "E", "127": "E", "151": "S", "41": "W", "153": "S", "118": "S", "37": "E", "10": "W", "109": "E", "80": "W", "102": "W", "62": "W", "73": "W", "165": "S", "129": "S", "67": "N", "75": "E", "152": "N", "108": "E", "136": "W", "45": "E", "125": "W", "77": "N", "65": "W", "30": "W", "135": "S", "173": "S", "69": "W", "143": "N", "2": "S", "24": "W", "40": "W", "86": "S", "100": "W", "27": "W", "113": "W", "13": "N", "144": "N", "90": "S", "61": "W", "81": "S", "104": "W", "82": "N", "88": "S", "25": "E", "170": "N", "137": "N", "111": "E", "6": "S", "29": "S", "107": "W", "133": "S"}, {"15": "E", "18": "S", "34": "E", "60": "E", "7": "S", "56": "W", "57": "W", "39": "S", "114": "N", "58": "E", "50": "S", "21": "W", "92": "W", "174": "W", "105": "S", "96": "W", "146": "S", "155": "N", "89": "W", "79": "S", "87": "N", "49": "N", "44": "S", "76": "N", "131": "E", "17": "W", "148": "S", "106": "E", "35": "N", "72": "N", "124": "S", "38": "E", "20": "W", "93": "S", "78": "S", "46": "S", "161": "S", "68": "N", "141": "E", "22": "S", "31": "S", "99": "E", "101": "S", "164": "W", "36": "S", "70": "N", "110": "E", "156": "S", "121": "E", "166": "N", "43": "E", "23": "N", "138": "W", "122": "W", "48": "W", "98": "N", "54": "S", "154": "N", "162": "S", "59": "S", "19": "N", "132": "S", "55": "N", "16": "N", "139": "N", "150": "S", "145": "E", "3": "W", "12": "E", "159": "S", "126": "S", "134": "E", "157": "N", "66": "E", "11": "W", "47": "N", "63": "W", "112": "W", "4": "E", "28": "W", "120": "S", "51": "N", "149": "S", "158": "N", "130": "S", "115": "W", "84": "E", "0": "W", "160": "E", "97": "S", "8": "W", "116": "S", "5": "S", "167": "W", "171": "S", "74": "W", "168": "S", "52": "E", "127": "S", "151": "S", "41": "W", "153": "S", "118": "S", "37": "E", "10": "N", "109": "E", "42": "S", "80": "W", "102": "W", "91": "E", "62": "W", "163": "S", "73": "W", "129": "S", "67": "N", "75": "E", "152": "N", "108": "E", "136": "W", "169": "N", "125": "W", "77": "W", "65": "W", "30": "W", "135": "S", "69": "W", "143": "N", "2": "S", "24": "W", "40": "W", "86": "S", "100": "W", "27": "W", "147": "S", "113": "W", "144": "N", "90": "W", "61": "W", "81": "S", "142": "S", "82": "N", "88": "S", "25": "E", "170": "N", "137": "N", "111": "S", "29": "S", "107": "W", "133": "S"}, {"15": "E", "18": "S", "34": "E", "56": "W", "83": "E", "57": "W", "39": "S", "117": "S", "58": "E", "50": "S", "21": "W", "92": "W", "174": "W", "105": "E", "96": "W", "146": "S", "155": "N", "89": "W", "79": "S", "87": "E", "49": "N", "44": "S", "76": "N", "131": "E", "148": "S", "106": "E", "35": "N", "72": "E", "124": "S", "38": "E", "20": "W", "93": "S", "78": "S", "161": "S", "68": "N", "141": "S", "99": "E", "101": "S", "164": "W", "36": "W", "70": "E", "110": "S", "156": "S", "121": "E", "166": "N", "119": "E", "43": "E", "138": "W", "122": "W", "48": "S", "98": "N", "71": "S", "54": "S", "154": "N", "162": "W", "59": "S", "19": "N", "55": "N", "16": "E", "139": "N", "150": "S", "145": "E", "3": "W", "12": "E", "159": "S", "94": "N", "126": "S", "134": "E", "66": "E", "11": "W", "63": "W", "112": "W", "4": "E", "28": "N", "120": "S", "51": "N", "149": "S", "158": "N", "130": "S", "115": "W", "84": "E", "0": "W", "160": "E", "97": "S", "8": "W", "5": "W", "167": "S", "171": "S", "74": "W", "140": "S", "52": "E", "127": "S", "151": "S", "41": "W", "153": "S", "118": "S", "37": "E", "10": "E", "109": "N", "42": "E", "80": "W", "102": "W", "91": "E", "62": "W", "73": "W", "129": "S", "67": "N", "75": "E", "152": "N", "108": "S", "136": "W", "45": "E", "169": "N", "125": "W", "65": "W", "30": "W", "135": "S", "33": "E", "173": "S", "69": "W", "143": "N", "2": "S", "24": "W", "40": "W", "100": "W", "113": "W", "13": "N", "144": "N", "90": "S", "61": "W", "81": "S", "82": "W", "88": "S", "25": "S", "170": "N", "137": "N", "6": "S", "29": "S", "107": "W", "133": "S"}, {"15": "E", "18": "S", "34": "E", "7": "S", "56": "W", "83": "E", "57": "W", "39": "S", "117": "S", "50": "S", "21": "W", "92": "W", "26": "N", "96": "W", "146": "S", "128": "N", "155": "N", "89": "W", "79": "S", "49": "N", "44": "W", "76": "N", "131": "E", "148": "S", "106": "N", "35": "E", "72": "E", "124": "S", "38": "S", "20": "S", "93": "S", "78": "S", "46": "E", "141": "S", "14": "N", "1": "W", "99": "E", "101": "S", "164": "W", "36": "S", "110": "S", "121": "N", "166": "N", "43": "E", "138": "W", "122": "W", "48": "S", "98": "N", "54": "S", "154": "N", "162": "N", "59": "S", "19": "N", "103": "W", "55": "N", "16": "N", "139": "E", "150": "E", "145": "E", "3": "W", "12": "E", "159": "S", "94": "N", "126": "S", "134": "E", "66": "E", "11": "W", "112": "W", "4": "S", "28": "N", "120": "S", "51": "N", "149": "E", "158": "N", "130": "S", "115": "W", "32": "N", "84": "S", "0": "W", "8": "W", "116": "S", "5": "W", "167": "S", "171": "E", "74": "W", "168": "W", "140": "S", "95": "N", "52": "E", "127": "S", "151": "S", "41": "W", "118": "S", "109": "N", "80": "W", "102": "W", "91": "E", "62": "W", "73": "W", "129": "S", "67": "E", "75": "E", "152": "N", "108": "S", "136": "W", "45": "E", "169": "W", "125": "S", "65": "W", "30": "W", "135": "S", "33": "S", "173": "S", "69": "N", "143": "N", "2": "S", "24": "W", "40": "W", "86": "E", "100": "W", "27": "W", "147": "W", "113": "W", "13": "N", "144": "N", "9": "S", "61": "W", "81": "S", "82": "N", "88": "W", "25": "S", "170": "N", "137": "N", "111": "N", "6": "S", "107": "W", "133": "S"}, {"15": "E", "18": "S", "34": "E", "7": "S", "56": "W", "83": "E", "39": "S", "117": "S", "114": "N", "50": "S", "21": "W", "92": "S", "174": "W", "26": "E", "96": "W", "146": "S", "155": "N", "89": "W", "79": "S", "87": "E", "44": "W", "76": "N", "131": "S", "148": "S", "106": "N", "72": "E", "124": "S", "38": "S", "20": "E", "93": "S", "78": "S", "161": "S", "22": "N", "14": "E", "1": "W", "99": "E", "101": "S", "164": "W", "36": "S", "110": "E", "121": "N", "166": "N", "119": "S", "43": "E", "138": "W", "122": "W", "48": "W", "98": "E", "54": "S", "154": "N", "162": "N", "59": "S", "19": "N", "132": "N", "103": "W", "55": "E", "16": "E", "139": "E", "145": "E", "3": "W", "12": "E", "159": "S", "94": "N", "126": "E", "134": "S", "11": "S", "47": "N", "112": "W", "4": "E", "28": "E", "120": "S", "51": "N", "149": "E", "158": "N", "130": "S", "115": "W", "32": "N", "84": "E", "0": "W", "160": "E", "97": "S", "8": "W", "116": "W", "5": "W", "167": "S", "171": "E", "74": "W", "168": "S", "95": "E", "52": "E", "127": "S", "151": "S", "41": "W", "153": "S", "118": "S", "10": "W", "109": "N", "42": "S", "80": "W", "102": "W", "62": "W", "163": "N", "73": "S", "165": "N", "129": "S", "67": "E", "75": "N", "152": "N", "108": "W", "136": "W", "45": "E", "169": "W", "30": "W", "135": "S", "33": "E", "173": "W", "69": "W", "143": "N", "2": "S", "24": "W", "64": "N", "100": "W", "27": "S", "113": "W", "13": "N", "144": "N", "9": "W", "61": "W", "81": "S", "104": "W", "25": "S", "137": "N", "111": "W", "6": "W", "107": "W"}, {"15": "E", "18": "S", "34": "N", "56": "W", "83": "N", "57": "W", "39": "S", "117": "S", "114": "N", "58": "E", "50": "S", "21": "W", "92": "S", "174": "W", "26": "E", "96": "W", "146": "S", "128": "N", "155": "N", "89": "S", "79": "E", "87": "E", "44": "W", "76": "W", "131": "E", "148": "S", "106": "N", "72": "N", "53": "N", "124": "S", "38": "S", "20": "E", "93": "S", "78": "S", "46": "E", "161": "S", "22": "N", "1": "W", "31": "E", "101": "S", "164": "W", "36": "S", "70": "N", "110": "E", "156": "S", "121": "N", "119": "S", "43": "E", "138": "S", "122": "W", "48": "W", "98": "E", "54": "S", "154": "N", "162": "N", "19": "N", "132": "N", "16": "E", "145": "N", "3": "W", "12": "E", "159": "S", "94": "N", "126": "E", "134": "S", "157": "W", "47": "N", "112": "S", "4": "S", "120": "S", "51": "N", "115": "W", "32": "N", "84": "S", "0": "W", "97": "S", "116": "N", "5": "S", "167": "S", "171": "E", "74": "W", "168": "S", "140": "E", "95": "E", "123": "S", "52": "S", "127": "S", "151": "S", "153": "S", "118": "S", "37": "W", "10": "N", "42": "E", "102": "W", "91": "E", "73": "S", "165": "W", "129": "S", "75": "N", "152": "N", "108": "W", "136": "W", "125": "W", "77": "E", "30": "W", "135": "S", "33": "N", "69": "W", "143": "N", "2": "S", "24": "W", "40": "W", "86": "S", "64": "E", "147": "N", "113": "S", "144": "N", "9": "N", "61": "W", "81": "S", "25": "S", "137": "N", "111": "S", "6": "W", "107": "W", "133": "E"}, {"15": "E", "34": "W", "56": "W", "83": "N", "57": "W", "39": "S", "114": "N", "58": "E", "50": "S", "21": "W", "26": "E", "96": "W", "146": "S", "128": "E", "155": "N", "89": "S", "79": "E", "87": "N", "44": "S", "76": "W", "131": "S", "17": "S", "148": "S", "106": "N", "72": "E", "53": "N", "124": "S", "38": "S", "20": "N", "93": "S", "78": "S", "161": "S", "22": "N", "1": "W", "99": "W", "101": "S", "164": "W", "36": "E", "85": "S", "70": "E", "110": "E", "156": "S", "121": "N", "166": "W", "119": "S", "43": "E", "23": "S", "138": "S", "122": "W", "48": "W", "98": "E", "71": "N", "54": "S", "154": "N", "162": "N", "19": "N", "132": "E", "103": "E", "55": "E", "16": "E", "139": "S", "150": "S", "145": "W", "3": "W", "12": "E", "159": "E", "94": "N", "126": "E", "134": "S", "66": "W", "47": "N", "112": "S", "4": "W", "120": "S", "51": "N", "149": "S", "115": "W", "32": "N", "84": "W", "0": "W", "160": "E", "97": "S", "172": "W", "116": "E", "5": "W", "171": "N", "74": "W", "168": "S", "95": "E", "123": "S", "52": "S", "127": "S", "151": "S", "41": "E", "153": "S", "118": "S", "37": "S", "10": "N", "42": "E", "102": "W", "91": "S", "73": "W", "165": "W", "129": "W", "75": "E", "152": "N", "108": "N", "136": "W", "45": "E", "65": "N", "30": "W", "135": "W", "33": "E", "173": "S", "69": "N", "143": "N", "2": "E", "24": "W", "40": "W", "100": "E", "113": "S", "144": "N", "9": "E", "61": "W", "81": "S", "142": "S", "25": "E", "137": "N", "111": "S", "6": "W", "107": "W", "133": "E"}, {"15": "E", "18": "W", "34": "W", "7": "W", "83": "N", "39": "W", "114": "N", "58": "E", "50": "S", "21": "W", "26": "N", "96": "W", "146": "E", "128": "E", "155": "N", "89": "W", "79": "E", "87": "N", "44": "S", "76": "S", "131": "E", "148": "S", "106": "N", "72": "N", "53": "N", "124": "S", "20": "E", "78": "S", "161": "S", "68": "W", "22": "N", "1": "W", "99": "W", "101": "S", "164": "W", "36": "E", "70": "E", "110": "E", "156": "S", "121": "W", "166": "S", "119": "S", "43": "E", "138": "S", "48": "W", "98": "E", "54": "S", "154": "N", "162": "N", "19": "N", "132": "N", "55": "E", "139": "E", "145": "S", "3": "W", "12": "E", "159": "E", "94": "E", "134": "S", "157": "E", "47": "N", "4": "S", "28": "W", "120": "S", "51": "N", "149": "S", "32": "N", "84": "W", "0": "W", "160": "N", "97": "S", "8": "S", "116": "E", "171": "W", "74": "W", "168": "S", "140": "N", "95": "S", "52": "E", "127": "S", "151": "S", "153": "S", "118": "S", "37": "S", "42": "E", "102": "W", "91": "S", "73": "S", "165": "W", "129": "N", "75": "N", "152": "N", "108": "W", "136": "W", "65": "N", "30": "W", "135": "N", "33": "E", "69": "N", "143": "N", "24": "S", "40": "S", "100": "S", "147": "N", "113": "S", "144": "N", "9": "E", "61": "W", "81": "S", "142": "S", "104": "W", "88": "N", "137": "N", "111": "W", "6": "W", "29": "W", "107": "W", "133": "E"}, {"18": "W", "34": "W", "7": "N", "83": "N", "57": "W", "114": "E", "58": "E", "50": "S", "26": "N", "128": "E", "155": "N", "89": "S", "79": "E", "87": "N", "44": "S", "76": "S", "131": "S", "148": "W", "106": "E", "53": "N", "124": "S", "20": "E", "93": "S", "78": "S", "46": "E", "161": "S", "68": "W", "22": "E", "14": "W", "1": "S", "99": "W", "164": "S", "36": "E", "85": "S", "70": "N", "110": "E", "156": "S", "121": "W", "166": "S", "119": "S", "43": "E", "23": "N", "138": "E", "48": "W", "98": "N", "71": "E", "154": "N", "162": "N", "19": "N", "132": "N", "55": "E", "139": "E", "150": "S", "3": "N", "12": "E", "159": "E", "94": "E", "126": "S", "134": "W", "47": "E", "63": "S", "112": "W", "4": "W", "28": "W", "120": "S", "51": "N", "158": "S", "32": "N", "84": "W", "0": "N", "160": "W", "97": "S", "172": "W", "8": "S", "116": "E", "168": "W", "140": "W", "52": "E", "127": "S", "151": "E", "41": "N", "153": "S", "118": "W", "37": "S", "10": "N", "42": "S", "102": "S", "91": "S", "62": "E", "73": "S", "165": "N", "129": "N", "75": "N", "152": "N", "108": "W", "169": "S", "65": "N", "135": "N", "33": "E", "173": "S", "69": "E", "143": "N", "24": "S", "40": "S", "86": "N", "100": "E", "147": "E", "113": "E", "144": "N", "61": "S", "142": "E", "104": "S", "82": "N", "88": "N", "137": "N", "111": "W", "6": "W", "29": "S", "133": "N"}, {"18": "W", "34": "W", "7": "N", "83": "N", "57": "W", "114": "E", "50": "S", "21": "W", "26": "N", "96": "W", "128": "N", "89": "W", "79": "S", "87": "N", "44": "S", "76": "S", "131": "W", "148": "S", "106": "E", "53": "N", "124": "S", "20": "E", "93": "W", "78": "S", "161": "S", "68": "W", "22": "E", "14": "S", "1": "W", "31": "S", "99": "W", "164": "S", "36": "S", "70": "E", "156": "S", "121": "W", "166": "S", "119": "W", "43": "N", "23": "N", "48": "S", "98": "E", "154": "W", "162": "N", "19": "W", "132": "N", "103": "S", "55": "N", "16": "S", "139": "S", "145": "S", "3": "N", "12": "S", "159": "E", "94": "E", "134": "S", "11": "N", "63": "E", "112": "S", "4": "S", "120": "S", "158": "E", "130": "E", "32": "N", "84": "S", "0": "E", "97": "S", "172": "N", "8": "E", "116": "E", "5": "S", "171": "E", "74": "W", "168": "S", "140": "N", "95": "W", "123": "W", "52": "S", "127": "S", "151": "E", "41": "E", "153": "S", "118": "N", "37": "S", "42": "S", "91": "S", "62": "S", "73": "S", "129": "N", "75": "N", "152": "E", "108": "W", "136": "W", "45": "N", "77": "E", "65": "N", "30": "W", "135": "N", "33": "E", "173": "S", "69": "E", "24": "S", "40": "E", "64": "S", "100": "S", "27": "E", "147": "N", "113": "S", "9": "N", "61": "S", "142": "E", "104": "W", "170": "E", "137": "W", "6": "W", "29": "S", "107": "W"}, {"18": "W", "34": "W", "7": "N", "83": "N", "57": "S", "39": "E", "114": "E", "50": "S", "21": "W", "26": "N", "96": "W", "128": "N", "155": "N", "89": "W", "79": "S", "87": "N", "44": "S", "76": "S", "131": "S", "148": "S", "106": "E", "53": "E", "124": "S", "20": "E", "78": "S", "161": "S", "68": "W", "22": "N", "14": "S", "1": "W", "31": "S", "99": "W", "101": "W", "164": "S", "36": "E", "70": "N", "156": "W", "121": "W", "166": "S", "119": "S", "48": "S", "154": "W", "162": "N", "19": "W", "132": "N", "103": "W", "55": "E", "139": "E", "150": "S", "145": "W", "3": "N", "159": "E", "94": "E", "134": "S", "11": "E", "47": "N", "63": "E", "112": "S", "4": "S", "28": "E", "120": "S", "51": "N", "149": "N", "158": "E", "130": "S", "32": "N", "84": "S", "0": "E", "160": "N", "97": "S", "172": "N", "8": "E", "116": "E", "5": "W", "167": "S", "171": "E", "74": "W", "168": "S", "52": "S", "127": "E", "41": "E", "153": "S", "118": "W", "37": "S", "80": "S", "62": "E", "163": "S", "73": "S", "129": "N", "75": "W", "152": "E", "108": "W", "136": "W", "45": "W", "77": "E", "65": "N", "30": "W", "135": "N", "33": "E", "173": "S", "69": "E", "143": "N", "24": "S", "40": "E", "64": "S", "100": "S", "147": "N", "113": "S", "144": "N", "61": "S", "81": "W", "142": "E", "104": "W", "88": "N", "170": "E", "137": "W", "111": "W", "6": "W", "29": "E", "107": "W"}, {"18": "W", "34": "W", "7": "N", "83": "E", "39": "N", "114": "E", "50": "S", "26": "N", "128": "N", "155": "N", "89": "S", "87": "N", "44": "W", "76": "S", "131": "W", "17": "N", "148": "E", "106": "E", "35": "W", "53": "E", "20": "N", "93": "N", "78": "S", "161": "E", "68": "W", "22": "N", "14": "S", "31": "S", "99": "W", "101": "N", "164": "E", "36": "E", "85": "N", "70": "N", "156": "W", "121": "W", "166": "S", "138": "S", "98": "N", "54": "E", "154": "W", "162": "E", "19": "W", "132": "N", "103": "W", "55": "N", "139": "E", "150": "E", "145": "W", "3": "E", "159": "E", "94": "N", "134": "S", "11": "E", "47": "W", "63": "E", "112": "S", "4": "S", "28": "E", "51": "N", "158": "E", "130": "W", "32": "N", "0": "E", "160": "W", "97": "S", "172": "N", "5": "W", "171": "E", "168": "S", "95": "N", "52": "W", "127": "N", "41": "N", "153": "S", "118": "N", "37": "S", "42": "S", "80": "E", "62": "E", "129": "N", "75": "W", "108": "W", "136": "N", "65": "N", "30": "W", "135": "N", "69": "E", "143": "N", "24": "E", "40": "E", "86": "N", "147": "E", "113": "E", "144": "N", "9": "E", "81": "N", "104": "S", "82": "N", "88": "E", "25": "W", "170": "E", "137": "W", "6": "N", "29": "N", "107": "N"}, {"18": "W", "34": "S", "7": "N", "83": "E", "57": "N", "39": "N", "114": "E", "58": "S", "50": "W", "21": "W", "92": "W", "26": "N", "96": "W", "128": "N", "155": "N", "89": "S", "87": "N", "44": "W", "76": "S", "131": "W", "148": "S", "106": "E", "53": "E", "20": "E", "93": "E", "78": "E", "161": "N", "68": "W", "22": "E", "14": "S", "31": "S", "101": "N", "164": "E", "36": "E", "85": "W", "70": "N", "156": "N", "121": "W", "166": "S", "138": "S", "98": "E", "154": "W", "162": "N", "19": "W", "132": "E", "103": "W", "55": "E", "16": "W", "139": "S", "145": "S", "3": "N", "159": "E", "94": "E", "126": "W", "134": "S", "11": "E", "47": "N", "63": "E", "4": "S", "28": "E", "51": "N", "149": "E", "158": "N", "130": "N", "32": "N", "0": "E", "97": "E", "172": "E", "8": "S", "116": "N", "5": "S", "74": "W", "168": "S", "95": "E", "123": "W", "52": "W", "127": "E", "151": "E", "41": "N", "153": "W", "118": "N", "37": "E", "109": "N", "42": "S", "80": "S", "91": "W", "62": "E", "163": "N", "129": "N", "75": "N", "108": "N", "136": "N", "169": "S", "125": "W", "65": "N", "30": "N", "173": "W", "143": "E", "24": "E", "40": "S", "86": "N", "27": "S", "147": "E", "113": "E", "13": "N", "144": "E", "81": "N", "142": "S", "104": "S", "82": "W", "88": "N", "25": "W", "170": "N", "137": "W", "6": "N", "29": "N", "107": "N", "133": "S"}, {"34": "S", "7": "E", "57": "E", "39": "N", "114": "E", "58": "W", "50": "N", "21": "W", "92": "W", "26": "N", "96": "W", "128": "N", "155": "W", "87": "N", "44": "W", "76": "S", "131": "W", "148": "E", "106": "E", "35": "E", "53": "E", "20": "N", "93": "N", "78": "N", "161": "N", "141": "E", "22": "E", "14": "S", "31": "S", "101": "N", "164": "E", "85": "W", "70": "N", "156": "N", "121": "W", "166": "S", "43": "W", "138": "E", "122": "N", "48": "S", "98": "E", "54": "E", "154": "W", "162": "E", "59": "E", "19": "W", "103": "S", "55": "E", "16": "N", "139": "E", "145": "S", "3": "N", "159": "E", "94": "E", "126": "S", "134": "E", "11": "N", "47": "N", "63": "E", "112": "E", "4": "S", "28": "E", "149": "N", "158": "N", "130": "E", "115": "N", "32": "W", "84": "W", "0": "E", "97": "N", "8": "S", "116": "E", "5": "W", "167": "N", "171": "S", "74": "W", "168": "W", "123": "N", "52": "W", "127": "N", "41": "N", "153": "W", "118": "N", "37": "S", "109": "E", "42": "S", "80": "S", "73": "S", "129": "E", "75": "N", "108": "N", "136": "N", "169": "S", "125": "W", "30": "N", "143": "N", "40": "S", "86": "N", "27": "W", "147": "N", "113": "E", "13": "E", "144": "N", "61": "E", "104": "E", "82": "W", "88": "N", "25": "W", "170": "N", "137": "W", "111": "E", "6": "W", "133": "S"}, {"7": "N", "56": "N", "57": "E", "39": "N", "114": "E", "58": "W", "50": "N", "92": "S", "26": "N", "128": "E", "155": "W", "87": "E", "44": "S", "76": "S", "131": "W", "148": "E", "106": "N", "53": "E", "20": "E", "93": "N", "78": "N", "161": "N", "141": "E", "22": "E", "14": "W", "1": "S", "31": "W", "101": "N", "164": "E", "85": "W", "70": "E", "110": "E", "156": "W", "121": "W", "166": "E", "43": "W", "138": "S", "122": "E", "98": "E", "54": "N", "154": "W", "162": "E", "59": "E", "19": "S", "132": "S", "103": "S", "55": "E", "139": "E", "145": "S", "3": "E", "12": "N", "159": "N", "94": "E", "126": "S", "134": "E", "11": "N", "47": "N", "63": "E", "149": "W", "158": "E", "115": "N", "32": "N", "84": "W", "0": "E", "97": "E", "8": "E", "116": "E", "5": "S", "74": "S", "168": "W", "140": "S", "123": "W", "52": "S", "127": "N", "151": "E", "41": "N", "153": "N", "109": "E", "42": "E", "80": "E", "62": "S", "129": "N", "75": "N", "108": "W", "136": "N", "169": "S", "125": "W", "65": "N", "30": "N", "69": "E", "143": "E", "24": "E", "40": "E", "86": "E", "27": "W", "147": "E", "113": "N", "13": "E", "9": "E", "61": "E", "104": "S", "82": "W", "25": "S", "170": "N", "137": "W", "6": "N", "107": "E", "133": "E"}, {"7": "N", "56": "E", "57": "E", "39": "N", "114": "E", "58": "W", "50": "N", "21": "W", "92": "S", "26": "E", "96": "W", "128": "E", "155": "S", "87": "E", "44": "S", "76": "S", "131": "S", "148": "N", "106": "N", "20": "N", "93": "N", "78": "N", "161": "N", "141": "E", "22": "E", "14": "S", "1": "S", "31": "S", "101": "N", "164": "E", "85": "W", "70": "N", "110": "E", "156": "W", "121": "W", "166": "E", "43": "W", "138": "E", "122": "E", "98": "E", "54": "N", "154": "W", "162": "E", "59": "E", "19": "S", "132": "E", "55": "E", "139": "N", "150": "S", "145": "S", "3": "E", "12": "W", "159": "E", "94": "S", "126": "E", "11": "E", "47": "N", "63": "E", "28": "E", "158": "E", "115": "N", "32": "E", "84": "W", "97": "E", "172": "E", "8": "E", "74": "S", "168": "W", "140": "S", "95": "W", "123": "N", "52": "W", "127": "E", "151": "E", "41": "N", "153": "N", "10": "W", "109": "S", "42": "S", "80": "E", "91": "W", "62": "S", "129": "N", "67": "S", "75": "N", "108": "W", "136": "N", "125": "W", "65": "E", "30": "N", "173": "S", "143": "E", "24": "E", "40": "S", "86": "E", "100": "W", "27": "S", "147": "E", "113": "E", "13": "S", "144": "S", "9": "E", "61": "E", "81": "W", "142": "E", "104": "S", "82": "W", "88": "N", "25": "S", "170": "N", "137": "W", "6": "N", "107": "E"}, {"7": "N", "56": "E", "57": "E", "39": "N", "114": "E", "58": "W", "50": "N", "21": "W", "92": "S", "174": "S", "26": "E", "96": "W", "128": "E", "155": "S", "87": "E", "44": "S", "76": "S", "131": "S", "148": "N", "106": "E", "20": "E", "93": "N", "78": "E", "161": "W", "141": "S", "22": "E", "14": "S", "31": "S", "101": "N", "164": "S", "85": "W", "70": "N", "110": "E", "156": "W", "121": "W", "166": "E", "43": "W", "138": "E", "122": "S", "98": "E", "54": "N", "154": "W", "162": "E", "19": "S", "132": "N", "103": "W", "55": "E", "16": "S", "139": "E", "150": "W", "145": "S", "3": "N", "12": "W", "159": "N", "94": "S", "157": "W", "11": "E", "47": "E", "63": "E", "51": "E", "158": "E", "115": "N", "32": "E", "84": "W", "97": "N", "172": "E", "8": "E", "116": "E", "5": "S", "74": "E", "168": "W", "95": "S", "123": "N", "52": "W", "127": "E", "151": "N", "41": "N", "153": "N", "118": "W", "37": "S", "10": "W", "109": "E", "42": "E", "80": "E", "91": "S", "62": "E", "73": "N", "165": "S", "67": "S", "75": "N", "108": "W", "136": "N", "125": "W", "65": "E", "30": "N", "135": "W", "173": "W", "143": "S", "24": "E", "40": "E", "86": "E", "100": "S", "27": "W", "113": "E", "144": "E", "61": "E", "104": "E", "82": "W", "25": "S", "170": "N", "6": "N", "107": "E"}, {"7": "N", "56": "E", "57": "E", "39": "N", "114": "E", "58": "W", "50": "N", "21": "S", "92": "S", "174": "E", "128": "E", "155": "S", "87": "E", "44": "S", "76": "S", "131": "S", "148": "N", "106": "E", "20": "E", "93": "N", "78": "N", "161": "W", "141": "S", "22": "E", "14": "W", "101": "N", "164": "S", "85": "N", "70": "E", "110": "E", "156": "W", "121": "W", "166": "E", "43": "W", "138": "E", "122": "E", "54": "N", "154": "S", "162": "E", "59": "E", "19": "W", "132": "E", "103": "W", "55": "E", "16": "E", "139": "E", "150": "W", "145": "S", "3": "E", "12": "W", "159": "N", "94": "E", "126": "N", "157": "W", "11": "E", "63": "E", "28": "E", "120": "E", "51": "S", "158": "E", "130": "S", "115": "N", "32": "E", "84": "W", "97": "N", "172": "S", "116": "N", "5": "W", "74": "E", "168": "S", "140": "S", "95": "S", "123": "N", "52": "W", "127": "E", "151": "N", "41": "E", "153": "N", "118": "N", "37": "S", "10": "N", "109": "E", "42": "E", "80": "E", "102": "N", "91": "S", "62": "S", "165": "E", "75": "W", "152": "E", "136": "N", "77": "W", "65": "E", "30": "N", "173": "W", "143": "E", "24": "E", "40": "E", "86": "E", "27": "W", "113": "E", "13": "S", "144": "E", "61": "E", "81": "W", "142": "S", "104": "E", "82": "S", "25": "S", "137": "S", "6": "E", "133": "W"}, {"7": "N", "56": "E", "57": "N", "39": "N", "114": "E", "58": "W", "50": "N", "92": "S", "174": "E", "96": "W", "128": "E", "155": "S", "87": "E", "44": "S", "76": "E", "131": "W", "148": "N", "106": "N", "20": "E", "93": "N", "78": "N", "161": "W", "141": "S", "22": "E", "14": "W", "101": "N", "164": "S", "85": "N", "70": "E", "110": "E", "156": "W", "121": "S", "43": "W", "138": "E", "122": "E", "54": "N", "154": "S", "162": "E", "59": "E", "19": "S", "132": "E", "103": "S", "55": "S", "16": "N", "139": "E", "150": "W", "3": "N", "12": "W", "159": "W", "126": "E", "157": "W", "11": "E", "63": "E", "120": "N", "51": "S", "158": "E", "130": "W", "115": "E", "32": "E", "84": "W", "0": "E", "97": "E", "172": "S", "116": "E", "171": "S", "74": "E", "168": "S", "140": "W", "95": "S", "123": "N", "52": "W", "127": "E", "151": "E", "41": "N", "153": "W", "118": "N", "109": "E", "42": "N", "80": "E", "102": "N", "165": "E", "129": "E", "75": "W", "152": "E", "136": "N", "45": "S", "30": "N", "135": "S", "173": "N", "143": "E", "24": "E", "40": "S", "86": "E", "27": "S", "147": "S", "113": "E", "13": "E", "144": "E", "9": "E", "81": "W", "142": "E", "104": "E", "82": "S", "88": "N", "25": "W", "170": "N", "137": "S", "6": "N", "107": "E", "133": "N"}, {"7": "E", "56": "E", "57": "N", "39": "N", "114": "E", "58": "W", "50": "W", "92": "E", "174": "E", "96": "W", "128": "E", "155": "S", "87": "E", "44": "E", "76": "E", "131": "W", "148": "N", "106": "E", "124": "E", "20": "E", "93": "N", "78": "N", "161": "W", "141": "W", "22": "E", "14": "S", "31": "W", "101": "E", "164": "E", "85": "N", "70": "E", "156": "W", "121": "S", "166": "S", "43": "W", "138": "E", "122": "S", "54": "E", "154": "S", "162": "S", "19": "S", "132": "E", "103": "S", "139": "E", "150": "W", "145": "S", "3": "N", "12": "W", "159": "S", "126": "E", "157": "W", "11": "E", "63": "S", "120": "E", "51": "S", "158": "E", "130": "N", "115": "N", "32": "E", "84": "S", "0": "E", "97": "N", "172": "E", "8": "E", "116": "E", "5": "N", "171": "S", "74": "E", "168": "S", "140": "W", "95": "S", "123": "E", "52": "S", "127": "E", "151": "N", "41": "E", "153": "W", "118": "N", "37": "W", "109": "E", "42": "N", "80": "E", "102": "N", "91": "S", "62": "S", "165": "E", "129": "N", "67": "N", "75": "N", "152": "E", "136": "N", "45": "S", "65": "N", "30": "N", "69": "S", "143": "E", "24": "E", "40": "E", "27": "S", "113": "E", "13": "N", "144": "E", "9": "E", "61": "E", "81": "W", "142": "E", "82": "S", "25": "S", "170": "N", "137": "S", "6": "W", "107": "E", "133": "N"}, {"7": "E", "56": "N", "57": "N", "39": "N", "114": "E", "58": "W", "50": "W", "92": "E", "174": "N", "96": "S", "155": "S", "87": "E", "44": "E", "76": "S", "17": "W", "148": "N", "124": "N", "20": "E", "93": "N", "78": "N", "46": "W", "161": "W", "141": "W", "22": "E", "14": "S", "31": "S", "101": "E", "164": "E", "85": "N", "156": "N", "121": "S", "166": "S", "43": "W", "138": "E", "122": "S", "98": "S", "71": "W", "154": "S", "162": "E", "19": "S", "132": "E", "103": "W", "139": "E", "150": "N", "145": "S", "3": "N", "12": "W", "159": "S", "126": "E", "157": "W", "11": "E", "63": "E", "28": "W", "120": "E", "51": "S", "158": "E", "115": "N", "32": "E", "0": "S", "97": "N", "172": "E", "8": "E", "116": "E", "5": "W", "74": "N", "140": "W", "95": "S", "123": "N", "127": "E", "151": "N", "41": "E", "153": "N", "118": "N", "10": "W", "109": "E", "42": "E", "80": "E", "102": "N", "62": "S", "165": "E", "129": "E", "67": "N", "75": "N", "152": "E", "136": "E", "45": "S", "169": "W", "77": "W", "65": "E", "30": "E", "135": "N", "173": "N", "69": "E", "143": "E", "2": "W", "40": "S", "27": "W", "113": "E", "144": "E", "9": "E", "81": "N", "142": "N", "104": "E", "82": "S", "25": "E", "170": "W", "137": "S", "6": "N", "107": "E", "133": "N"}, {"7": "N", "56": "N", "57": "N", "39": "N", "114": "E", "58": "W", "50": "W", "174": "N", "96": "S", "155": "S", "87": "N", "44": "E", "76": "S", "17": "N", "148": "N", "124": "N", "20": "E", "93": "N", "78": "N", "161": "N", "141": "S", "22": "N", "14": "S", "31": "W", "101": "E", "164": "S", "156": "N", "121": "S", "166": "S", "43": "W", "138": "E", "122": "S", "98": "E", "154": "S", "162": "E", "59": "W", "19": "S", "132": "E", "103": "W", "139": "E", "150": "N", "145": "S", "3": "N", "12": "N", "159": "S", "126": "E", "11": "E", "63": "N", "120": "E", "51": "S", "158": "E", "115": "E", "32": "E", "0": "E", "97": "E", "8": "E", "116": "E", "171": "E", "74": "N", "140": "W", "95": "W", "123": "N", "127": "E", "151": "E", "41": "E", "153": "N", "10": "W", "109": "S", "42": "E", "80": "E", "102": "N", "62": "E", "129": "E", "75": "W", "152": "S", "136": "E", "169": "S", "30": "E", "33": "N", "173": "N", "69": "S", "2": "S", "24": "S", "40": "E", "27": "W", "113": "E", "144": "E", "9": "E", "104": "S", "25": "S", "170": "W", "137": "S", "6": "N", "107": "E", "133": "N"}, {"7": "N", "56": "N", "57": "N", "39": "N", "114": "E", "58": "W", "50": "W", "21": "N", "174": "N", "96": "S", "155": "S", "87": "N", "44": "S", "76": "S", "17": "N", "148": "N", "53": "W", "124": "W", "93": "N", "78": "N", "161": "N", "141": "S", "22": "E", "14": "W", "31": "W", "101": "N", "164": "E", "70": "N", "156": "W", "121": "W", "166": "S", "43": "W", "23": "S", "138": "S", "122": "S", "98": "N", "154": "S", "162": "E", "103": "W", "55": "N", "16": "W", "139": "E", "150": "W", "3": "N", "12": "W", "126": "E", "11": "N", "63": "E", "112": "N", "120": "N", "51": "E", "158": "E", "130": "E", "115": "E", "32": "E", "97": "N", "8": "E", "116": "E", "167": "S", "171": "E", "74": "E", "140": "W", "95": "W", "123": "E", "127": "E", "151": "N", "41": "E", "153": "N", "118": "W", "109": "S", "42": "E", "80": "E", "102": "N", "62": "E", "165": "E", "129": "N", "67": "E", "75": "W", "152": "E", "108": "W", "136": "E", "169": "S", "125": "N", "30": "E", "33": "E", "69": "E", "143": "W", "2": "S", "40": "S", "100": "N", "27": "S", "147": "N", "113": "E", "13": "W", "144": "E", "9": "E", "81": "N", "104": "E", "88": "S", "25": "S", "170": "W", "137": "S", "6": "N", "133": "N"}, {"7": "N", "56": "N", "57": "N", "39": "N", "114": "E", "58": "W", "50": "W", "21": "E", "174": "N", "96": "E", "155": "S", "87": "N", "49": "W", "76": "W", "17": "N", "148": "N", "53": "W", "124": "W", "93": "N", "78": "N", "46": "E", "161": "N", "141": "W", "22": "E", "14": "W", "31": "S", "101": "N", "164": "E", "36": "W", "85": "E", "70": "N", "156": "N", "121": "W", "166": "S", "43": "W", "138": "S", "48": "W", "98": "E", "71": "E", "154": "S", "162": "E", "139": "E", "150": "W", "3": "N", "12": "W", "126": "S", "11": "N", "63": "E", "112": "W", "28": "E", "120": "N", "115": "N", "0": "S", "97": "N", "172": "E", "8": "E", "116": "E", "171": "S", "74": "N", "140": "W", "123": "E", "127": "E", "151": "E", "41": "E", "153": "W", "118": "W", "37": "S", "10": "W", "109": "S", "42": "E", "102": "N", "62": "E", "165": "S", "129": "E", "75": "W", "108": "S", "136": "E", "169": "S", "125": "W", "65": "N", "30": "E", "135": "S", "33": "E", "173": "N", "143": "S", "24": "S", "40": "E", "86": "W", "100": "W", "147": "E", "113": "N", "13": "S", "144": "E", "9": "E", "81": "W", "104": "N", "88": "S", "25": "W", "170": "W", "6": "N", "29": "E", "133": "E"}, {"15": "W", "7": "E", "56": "N", "57": "N", "39": "N", "114": "E", "58": "W", "50": "N", "21": "E", "174": "N", "96": "E", "155": "S", "87": "N", "76": "S", "17": "N", "148": "W", "53": "W", "124": "W", "93": "N", "78": "N", "161": "N", "22": "E", "14": "W", "1": "W", "31": "W", "101": "N", "164": "E", "36": "S", "156": "N", "121": "W", "166": "S", "43": "S", "138": "E", "122": "E", "48": "W", "98": "E", "154": "S", "162": "E", "59": "E", "139": "E", "150": "W", "3": "E", "12": "W", "126": "S", "11": "E", "63": "E", "112": "S", "120": "N", "115": "E", "32": "E", "0": "S", "97": "E", "172": "S", "8": "E", "116": "E", "171": "S", "74": "N", "140": "N", "127": "N", "151": "E", "41": "E", "153": "W", "118": "W", "10": "S", "109": "E", "42": "E", "102": "N", "62": "E", "73": "S", "165": "S", "129": "N", "67": "W", "75": "W", "152": "E", "108": "W", "136": "N", "169": "S", "125": "W", "65": "N", "30": "S", "135": "E", "33": "E", "69": "E", "143": "E", "2": "S", "40": "E", "86": "S", "100": "W", "147": "E", "113": "N", "13": "W", "144": "S", "9": "S", "81": "W", "142": "W", "170": "W", "137": "N", "6": "N", "29": "S", "133": "N"}, {"15": "W", "7": "E", "56": "N", "57": "N", "39": "N", "114": "N", "58": "W", "50": "N", "21": "E", "174": "E", "96": "E", "155": "S", "87": "E", "49": "E", "76": "S", "17": "N", "148": "N", "53": "W", "124": "W", "93": "N", "78": "W", "161": "N", "31": "N", "101": "N", "164": "E", "36": "E", "156": "N", "121": "W", "166": "E", "43": "S", "23": "N", "138": "E", "122": "E", "48": "W", "98": "E", "162": "N", "59": "N", "16": "E", "139": "N", "150": "N", "3": "E", "12": "W", "126": "S", "157": "E", "11": "E", "63": "E", "112": "E", "120": "W", "130": "W", "115": "N", "0": "E", "97": "E", "172": "S", "8": "S", "116": "E", "171": "S", "74": "N", "127": "N", "151": "E", "41": "E", "153": "W", "10": "E", "109": "S", "42": "E", "80": "S", "102": "N", "62": "E", "165": "W", "129": "E", "75": "W", "152": "E", "108": "N", "136": "E", "169": "S", "125": "W", "65": "N", "30": "E", "33": "E", "69": "N", "2": "E", "40": "N", "86": "E", "100": "S", "113": "E", "13": "S", "144": "E", "9": "E", "61": "S", "81": "N", "88": "S", "25": "E", "170": "W", "6": "E", "107": "E"}, {"15": "W", "7": "E", "56": "N", "57": "N", "39": "N", "58": "W", "50": "N", "21": "E", "174": "E", "96": "E", "155": "E", "76": "S", "17": "E", "148": "N", "53": "W", "124": "W", "93": "N", "78": "N", "46": "W", "161": "W", "1": "E", "101": "E", "164": "E", "36": "N", "156": "N", "121": "W", "166": "S", "43": "S", "138": "E", "48": "W", "71": "W", "162": "N", "59": "N", "139": "E", "150": "N", "3": "E", "12": "N", "126": "S", "157": "E", "11": "E", "63": "E", "120": "N", "115": "E", "0": "E", "97": "E", "172": "S", "8": "E", "116": "E", "171": "E", "74": "N", "168": "W", "140": "W", "95": "S", "127": "N", "151": "E", "41": "E", "153": "N", "10": "E", "109": "S", "42": "E", "80": "E", "102": "E", "91": "W", "62": "N", "165": "S", "75": "W", "108": "E", "136": "E", "169": "S", "125": "S", "77": "S", "65": "N", "30": "S", "33": "E", "173": "N", "69": "N", "2": "N", "24": "S", "40": "N", "86": "N", "100": "S", "27": "S", "113": "S", "13": "S", "144": "E", "9": "E", "61": "S", "81": "N", "142": "N", "104": "S", "25": "N", "170": "W", "6": "N", "29": "N", "133": "S"}, {"15": "W", "7": "N", "56": "N", "57": "N", "39": "E", "58": "W", "50": "N", "21": "E", "174": "E", "96": "E", "155": "E", "17": "N", "148": "N", "53": "W", "124": "W", "93": "E", "78": "N", "101": "N", "164": "E", "156": "E", "121": "W", "166": "S", "138": "E", "122": "E", "48": "W", "154": "S", "162": "N", "139": "N", "150": "W", "3": "E", "12": "W", "126": "S", "157": "E", "11": "N", "63": "E", "120": "N", "115": "E", "32": "E", "0": "E", "97": "E", "172": "S", "8": "E", "116": "N", "167": "N", "171": "E", "74": "E", "140": "W", "95": "E", "127": "N", "151": "E", "41": "E", "153": "N", "118": "E", "37": "N", "10": "E", "109": "W", "42": "E", "80": "E", "102": "E", "91": "W", "62": "E", "73": "S", "165": "S", "67": "N", "75": "W", "108": "E", "136": "E", "169": "S", "77": "E", "65": "N", "30": "S", "33": "E", "173": "N", "69": "E", "2": "E", "40": "N", "86": "N", "64": "E", "27": "S", "13": "S", "9": "E", "81": "W", "142": "N", "104": "E", "82": "E", "25": "N", "170": "W", "137": "S", "6": "N", "133": "E"}, {"15": "W", "7": "N", "56": "N", "57": "E", "58": "W", "50": "N", "21": "E", "174": "E", "96": "E", "155": "E", "17": "N", "148": "N", "124": "W", "93": "E", "78": "N", "101": "N", "164": "E", "166": "S", "154": "S", "162": "E", "139": "N", "150": "W", "3": "E", "12": "W", "126": "W", "157": "E", "11": "E", "63": "E", "120": "N", "51": "W", "130": "E", "115": "N", "32": "E", "0": "N", "97": "E", "8": "N", "116": "E", "171": "S", "74": "E", "168": "W", "140": "N", "95": "E", "127": "N", "41": "N", "153": "N", "118": "N", "10": "E", "109": "W", "42": "E", "80": "E", "102": "E", "91": "W", "62": "E", "165": "S", "129": "W", "75": "W", "136": "E", "45": "N", "169": "S", "125": "W", "77": "E", "30": "E", "135": "N", "33": "S", "173": "N", "69": "E", "2": "E", "40": "N", "86": "N", "64": "N", "27": "S", "113": "E", "13": "E", "9": "E", "81": "N", "104": "S", "88": "E", "25": "E", "170": "W", "6": "E", "133": "N"}, {"15": "W", "7": "N", "56": "E", "57": "E", "58": "S", "21": "E", "174": "E", "96": "E", "155": "S", "148": "N", "53": "E", "124": "N", "93": "E", "78": "N", "46": "E", "101": "E", "164": "N", "85": "W", "121": "E", "166": "S", "48": "E", "71": "E", "59": "S", "139": "N", "150": "N", "3": "E", "12": "W", "126": "W", "157": "E", "11": "N", "63": "E", "112": "W", "120": "N", "51": "W", "115": "E", "32": "E", "0": "N", "97": "E", "172": "E", "116": "N", "167": "S", "171": "S", "74": "E", "140": "W", "95": "N", "127": "N", "151": "E", "41": "E", "153": "N", "118": "N", "10": "E", "109": "S", "42": "E", "80": "N", "102": "E", "91": "W", "62": "E", "73": "N", "165": "W", "129": "N", "75": "S", "108": "W", "136": "E", "169": "S", "125": "W", "77": "E", "30": "E", "135": "N", "33": "E", "69": "E", "2": "E", "24": "N", "40": "E", "86": "N", "64": "W", "100": "S", "27": "S", "147": "E", "113": "S", "13": "S", "9": "N", "61": "S", "81": "N", "104": "S", "25": "E", "170": "W", "6": "E", "29": "W", "107": "E", "133": "N"}, {"15": "N", "7": "N", "56": "E", "57": "E", "58": "S", "21": "E", "174": "E", "96": "E", "155": "S", "148": "N", "53": "E", "124": "N", "93": "E", "78": "N", "101": "N", "164": "E", "121": "E", "166": "W", "43": "W", "48": "E", "154": "S", "59": "S", "139": "N", "150": "N", "12": "W", "157": "E", "11": "N", "63": "E", "112": "W", "120": "W", "51": "S", "115": "E", "32": "E", "0": "E", "97": "E", "172": "S", "116": "N", "171": "S", "74": "E", "140": "N", "95": "E", "127": "N", "151": "N", "41": "E", "153": "E", "118": "N", "37": "S", "10": "E", "109": "S", "42": "N", "80": "E", "102": "E", "91": "N", "62": "E", "73": "N", "165": "S", "67": "S", "75": "W", "136": "E", "169": "S", "77": "E", "30": "E", "69": "E", "2": "E", "24": "N", "40": "E", "86": "N", "64": "S", "27": "W", "113": "E", "13": "S", "90": "S", "9": "N", "81": "N", "104": "W", "88": "W", "25": "E", "170": "W", "6": "E", "29": "N"}, {"15": "N", "7": "N", "56": "E", "57": "E", "58": "S", "21": "N", "174": "E", "96": "E", "155": "S", "53": "E", "124": "N", "93": "E", "78": "N", "101": "N", "164": "E", "121": "E", "166": "S", "43": "S", "48": "E", "59": "S", "132": "W", "139": "N", "150": "N", "12": "N", "126": "N", "157": "E", "11": "N", "63": "E", "120": "N", "51": "S", "115": "E", "32": "E", "0": "E", "97": "E", "172": "S", "116": "N", "171": "S", "74": "E", "168": "E", "140": "N", "95": "E", "127": "N", "151": "E", "41": "E", "153": "N", "10": "E", "109": "W", "42": "E", "102": "E", "91": "N", "62": "E", "165": "S", "129": "E", "75": "W", "152": "N", "136": "E", "77": "E", "30": "N", "2": "E", "24": "N", "40": "E", "86": "E", "27": "W", "113": "S", "13": "S", "90": "W", "9": "N", "61": "S", "81": "N", "104": "S", "88": "S", "25": "E", "170": "W", "6": "E"}, {"15": "N", "7": "E", "56": "E", "57": "E", "21": "N", "174": "E", "96": "E", "155": "S", "53": "E", "124": "N", "78": "N", "101": "E", "121": "E", "43": "W", "48": "E", "59": "S", "132": "W", "139": "N", "12": "N", "126": "N", "157": "E", "11": "N", "63": "N", "120": "N", "51": "S", "115": "E", "32": "E", "0": "N", "97": "N", "172": "S", "116": "N", "167": "N", "171": "S", "74": "N", "168": "E", "140": "N", "95": "E", "127": "N", "151": "N", "41": "S", "153": "N", "118": "W", "37": "N", "10": "E", "109": "S", "42": "N", "102": "E", "91": "W", "62": "N", "165": "W", "129": "N", "75": "W", "152": "E", "136": "S", "125": "N", "77": "E", "30": "E", "69": "E", "40": "E", "86": "E", "100": "S", "27": "W", "113": "W", "13": "S", "144": "N", "90": "N", "9": "N", "61": "E", "81": "N", "104": "W", "88": "W", "25": "E", "170": "W", "6": "E", "133": "S"}, {"15": "N", "7": "E", "56": "E", "57": "E", "21": "N", "174": "E", "26": "N", "96": "E", "155": "S", "53": "E", "93": "E", "78": "N", "101": "E", "121": "E", "43": "W", "48": "E", "12": "N", "157": "E", "11": "E", "63": "E", "112": "S", "120": "N", "51": "E", "115": "E", "0": "E", "97": "N", "116": "N", "171": "E", "74": "E", "140": "N", "127": "N", "151": "N", "41": "E", "153": "N", "118": "N", "10": "E", "109": "W", "42": "N", "102": "E", "91": "S", "62": "N", "165": "S", "129": "E", "75": "W", "152": "E", "108": "W", "45": "S", "169": "W", "30": "E", "33": "E", "69": "E", "2": "E", "40": "E", "86": "E", "100": "S", "27": "W", "13": "E", "90": "E", "9": "N", "61": "E", "81": "N", "88": "S", "25": "E", "170": "W", "6": "E", "107": "N"}, {"7": "E", "56": "E", "57": "E", "39": "N", "21": "E", "174": "E", "26": "E", "96": "E", "155": "S", "35": "W", "53": "E", "124": "N", "78": "N", "101": "E", "110": "S", "121": "E", "150": "W", "12": "N", "157": "E", "11": "E", "63": "N", "120": "E", "115": "E", "32": "N", "0": "N", "97": "N", "171": "E", "74": "E", "140": "N", "127": "N", "151": "N", "41": "E", "153": "W", "118": "N", "37": "N", "10": "E", "109": "S", "42": "N", "102": "E", "91": "S", "165": "W", "129": "N", "75": "N", "152": "E", "169": "S", "125": "S", "77": "E", "30": "E", "69": "E", "2": "E", "40": "E", "100": "E", "27": "W", "13": "N", "9": "N", "61": "E", "81": "N", "104": "W", "82": "W", "88": "S", "170": "S", "6": "N", "29": "E", "107": "N"}, {"7": "E", "56": "E", "57": "E", "39": "N", "21": "E", "174": "E", "26": "E", "96": "E", "155": "S", "35": "W", "53": "E", "78": "E", "101": "E", "70": "S", "150": "N", "12": "W", "11": "E", "63": "N", "112": "N", "120": "N", "115": "N", "0": "E", "97": "N", "171": "E", "74": "E", "168": "E", "140": "N", "127": "N", "151": "N", "41": "E", "153": "N", "118": "N", "37": "E", "109": "W", "42": "N", "91": "E", "163": "N", "165": "W", "129": "E", "75": "W", "152": "S", "108": "E", "169": "S", "125": "E", "30": "E", "143": "N", "2": "N", "40": "E", "100": "E", "27": "N", "144": "S", "9": "N", "61": "E", "81": "N", "104": "S", "88": "S", "170": "S", "6": "E", "29": "N", "107": "E"}, {"7": "E", "56": "E", "57": "E", "39": "E", "21": "N", "26": "E", "96": "S", "155": "S", "53": "E", "124": "S", "78": "E", "101": "E", "43": "W", "132": "E", "150": "E", "12": "W", "11": "E", "120": "N", "115": "E", "0": "E", "97": "N", "172": "S", "74": "N", "140": "W", "95": "W", "127": "N", "151": "N", "41": "E", "153": "N", "118": "N", "109": "W", "42": "N", "91": "E", "163": "E", "165": "S", "129": "S", "75": "W", "152": "S", "108": "E", "169": "E", "125": "E", "77": "S", "30": "E", "2": "N", "40": "E", "100": "E", "27": "N", "147": "S", "144": "E", "9": "E", "61": "E", "81": "N", "142": "N", "88": "E", "170": "S", "6": "S", "29": "N", "107": "E", "133": "N"}, {"7": "E", "56": "E", "83": "S", "57": "E", "39": "E", "21": "N", "26": "E", "96": "E", "128": "E", "155": "S", "35": "E", "53": "E", "78": "E", "101": "E", "23": "E", "132": "E", "12": "W", "11": "E", "112": "E", "120": "N", "32": "S", "0": "S", "97": "N", "172": "W", "74": "N", "168": "W", "140": "N", "95": "W", "127": "N", "151": "N", "41": "E", "153": "N", "118": "N", "42": "N", "91": "E", "163": "E", "165": "S", "129": "E", "75": "W", "152": "S", "169": "E", "77": "W", "30": "E", "69": "S", "40": "E", "100": "E", "27": "N", "147": "S", "13": "S", "144": "S", "9": "N", "61": "N", "81": "N", "142": "N", "88": "S", "170": "S", "111": "S", "6": "S", "29": "W", "107": "E"}, {"7": "N", "56": "E", "83": "E", "57": "E", "39": "E", "21": "N", "26": "N", "96": "E", "155": "S", "35": "E", "53": "E", "78": "E", "101": "N", "85": "E", "12": "N", "11": "E", "112": "E", "120": "N", "51": "E", "115": "E", "0": "E", "97": "N", "172": "W", "74": "E", "140": "N", "127": "N", "151": "N", "153": "N", "118": "E", "42": "W", "91": "E", "163": "E", "129": "E", "75": "W", "152": "S", "45": "E", "30": "E", "143": "S", "40": "E", "100": "E", "27": "N", "147": "W", "13": "E", "144": "S", "9": "N", "61": "N", "81": "E", "88": "W", "170": "S", "6": "E", "29": "N"}, {"7": "N", "56": "E", "83": "E", "57": "E", "39": "E", "21": "N", "96": "N", "128": "W", "53": "E", "78": "E", "101": "E", "85": "S", "43": "E", "23": "E", "12": "N", "11": "E", "120": "N", "115": "N", "0": "E", "97": "N", "172": "N", "74": "E", "140": "N", "95": "E", "127": "N", "151": "N", "153": "N", "118": "N", "91": "E", "163": "E", "75": "W", "152": "E", "45": "E", "77": "N", "30": "N", "40": "E", "100": "N", "27": "N", "13": "S", "144": "S", "9": "N", "61": "E", "81": "N", "88": "N", "170": "S", "137": "W", "6": "E", "29": "N", "107": "N", "133": "N"}, {"7": "E", "56": "E", "83": "E", "57": "E", "39": "S", "21": "N", "26": "S", "96": "E", "128": "S", "53": "E", "78": "E", "101": "E", "85": "W", "23": "E", "12": "N", "11": "E", "120": "N", "0": "E", "97": "N", "74": "E", "140": "N", "95": "E", "127": "N", "151": "N", "153": "W", "118": "E", "91": "E", "163": "E", "129": "S", "75": "S", "152": "S", "77": "N", "30": "N", "69": "W", "40": "E", "86": "S", "100": "N", "27": "N", "13": "W", "144": "E", "9": "W", "61": "N", "88": "N", "170": "S", "137": "S", "6": "E", "29": "N", "107": "N"}, {"7": "E", "56": "E", "83": "E", "57": "E", "39": "S", "21": "E", "26": "S", "96": "E", "128": "W", "53": "E", "78": "E", "101": "N", "85": "N", "70": "W", "110": "W", "12": "W", "11": "E", "120": "E", "32": "S", "0": "E", "97": "N", "74": "E", "140": "E", "95": "E", "127": "N", "151": "N", "153": "N", "118": "E", "102": "S", "91": "E", "163": "S", "165": "S", "67": "W", "75": "W", "152": "W", "45": "W", "30": "W", "69": "N", "40": "E", "86": "E", "100": "N", "27": "N", "13": "S", "144": "S", "9": "N", "81": "N", "88": "N", "137": "S", "6": "S", "107": "E"}, {"7": "S", "56": "E", "83": "S", "57": "E", "39": "E", "21": "E", "96": "E", "78": "E", "23": "W", "103": "S", "12": "W", "11": "N", "120": "E", "0": "E", "97": "N", "74": "E", "140": "E", "95": "E", "127": "N", "151": "N", "153": "N", "118": "N", "102": "S", "163": "E", "75": "S", "152": "S", "45": "W", "69": "E", "40": "E", "86": "E", "100": "W", "27": "N", "147": "N", "13": "S", "144": "W", "9": "W", "61": "W", "81": "E", "137": "W", "111": "N", "107": "E"}, {"56": "E", "57": "E", "21": "E", "93": "E", "70": "N", "23": "W", "12": "W", "11": "N", "120": "E", "0": "E", "97": "N", "74": "S", "140": "E", "95": "E", "127": "N", "151": "W", "153": "N", "118": "E", "102": "E", "163": "E", "129": "N", "75": "S", "152": "S", "40": "E", "27": "N", "13": "S", "144": "S", "9": "W", "61": "N", "81": "E", "142": "S", "137": "W", "29": "S", "107": "E"}, {"56": "N", "83": "N", "57": "N", "21": "E", "128": "N", "110": "E", "12": "W", "11": "N", "32": "N", "0": "S", "97": "N", "74": "E", "95": "E", "127": "N", "151": "W", "153": "N", "118": "S", "102": "E", "163": "N", "129": "E", "67": "E", "75": "S", "152": "W", "40": "N", "27": "E", "147": "N", "144": "S", "9": "W", "81": "N", "142": "S", "82": "E", "170": "S", "137": "S", "107": "E", "133": "N"}, {"56": "N", "83": "N", "57": "N", "21": "E", "103": "N", "12": "W", "0": "E", "97": "N", "74": "E", "127": "W", "153": "N", "102": "N", "75": "S", "40": "N", "27": "E", "144": "W", "9": "W", "142": "S", "82": "S", "170": "W", "137": "S", "107": "E"}, {"21": "E", "128": "E", "93": "W", "70": "E", "23": "W", "12": "S", "0": "E", "97": "N", "74": "S", "127": "W", "153": "N", "102": "N", "163": "S", "75": "S", "40": "N", "86": "N", "27": "E", "9": "W", "81": "E", "142": "E", "82": "S", "170": "N", "137": "S", "107": "E"}, {"21": "E", "110": "N", "0": "E", "97": "N", "74": "S", "127": "W", "153": "N", "118": "N", "75": "E", "40": "N", "86": "E", "9": "W", "81": "E", "82": "S", "170": "E", "137": "S", "107": "E", "133": "N"}, {"21": "E", "97": "N", "74": "E", "127": "S", "153": "E", "75": "S", "40": "N", "86": "E", "9": "S", "81": "E", "82": "W", "137": "S", "107": "E"}, {"21": "E", "97": "N", "74": "E", "153": "E", "75": "S", "40": "N", "81": "E", "142": "S", "137": "E", "107": "S"}, {"21": "E", "97": "N", "74": "E", "95": "S", "153": "E", "75": "S", "40": "N", "81": "N", "137": "E", "107": "S"}, {"21": "E", "97": "W", "74": "E", "153": "E", "67": "S", "40": "N", "81": "N", "137": "E", "107": "S"}, {"21": "E", "74": "E", "40": "N", "81": "N", "107": "E", "133": "S"}, {"21": "E", "74": "E", "95": "N", "40": "N", "107": "E"}, {"21": "E", "74": "E", "67": "N", "40": "N", "107": "E"}, {"21": "E", "93": "S", "40": "N", "147": "S", "107": "E", "133": "N"}, {"21": "E", "23": "S", "40": "N", "107": "S"}, {"21": "E", "40": "W"}, {"21": "E", "93": "N", "147": "N"}, {"21": "E", "23": "N"}], "result": "SUCCESS", "makespan": 60, "sum": 4383, "algo_name": "OutAndInByPercentage_BIT_", "extra": {"arrival_order": [15, 18, 34, 60, 7, 56, 83, 57, 39, 117, 114, 58, 50, 21, 92, 174, 26, 105, 96, 146, 128, 155, 89, 79, 87, 49, 44, 76, 131, 17, 148, 106, 35, 72, 53, 124, 38, 20, 93, 78, 46, 161, 68, 141, 22, 14, 1, 31, 99, 101, 164, 36, 85, 70, 110, 156, 121, 166, 119, 43, 23, 138, 122, 48, 98, 71, 54, 154, 162, 59, 19, 132, 103, 55, 16, 139, 150, 145, 3, 12, 159, 94, 126, 134, 157, 66, 11, 47, 63, 112, 4, 28, 120, 51, 149, 158, 130, 115, 32, 84, 0, 160, 97, 172, 8, 116, 5, 167, 171, 74, 168, 140, 95, 123, 52, 127, 151, 41, 153, 118, 37, 10, 109, 42, 80, 102, 91, 62, 163, 73, 165, 129, 67, 75, 152, 108, 136, 45, 169, 125, 77, 65, 30, 135, 33, 173, 69, 143, 2, 24, 40, 86, 64, 100, 27, 147, 113, 13, 144, 90, 9, 61, 81, 142, 104, 82, 88, 25, 170, 137, 111, 6, 29, 107, 133], "time_arrived": [2047, 983, 3161, 1620, 1845, 2188, 3765, 101, 2128, 3460, 2567, 1771, 1654, 3403, 961, 34, 1523, 671, 47, 1455, 798, 341, 937, 1260, 3173, 3611, 417, 3324, 1859, 3778, 3060, 1001, 1982, 3107, 56, 724, 1087, 2551, 779, 228, 3215, 2467, 2612, 1248, 615, 2940, 863, 1784, 1313, 591, 303, 1902, 2364, 748, 1371, 1510, 133, 195, 286, 1437, 65, 3483, 2704, 1814, 3250, 3034, 1731, 2823, 892, 3140, 1138, 1361, 730, 2741, 2263, 2857, 638, 3015, 856, 543, 2631, 3518, 3580, 161, 2002, 1105, 3245, 576, 3591, 530, 3428, 2682, 365, 825, 1681, 2341, 443, 2090, 1348, 1006, 3276, 1040, 2651, 1490, 3551, 421, 718, 3819, 2904, 2586, 1156, 3734, 1829, 3378, 266, 1953, 2157, 239, 2536, 1228, 1888, 1191, 1298, 2353, 762, 2999, 1698, 2405, 486, 2797, 1927, 651, 1474, 3858, 1718, 3069, 2931, 3678, 1285, 1553, 2323, 912, 3533, 3149, 3424, 1591, 456, 3353, 686, 1909, 1573, 2436, 2880, 2506, 1393, 508, 1174, 1729, 1923, 1664, 2051, 881, 1419, 2723, 1065, 2772, 1215, 2198, 2291, 2962, 3651, 2225, 2109, 3121, 385], "BIT_runs": 1, "old_makespan": 3858, "old_sum": 5239, "improved": "[18, 34, 60, 7, 56, 83, 57, 39, 117, 114, 58, 50, 21, 92, 174, 26, 105, 96, 146, 128, 155, 89, 79, 87, 49, 44, 76, 131, 17, 148, 106, 35, 72, 53, 124, 38, 20, 93, 78, 46, 161, 68, 141, 22, 14, 1, 31, 99, 101, 164, 36, 85, 70, 110, 156, 121, 166, 119, 43, 23, 138, 122, 48, 98, 71, 54, 154, 162, 59, 19, 132, 103, 55, 16, 139, 150, 145, 3, 12, 159, 94, 126, 134, 157, 66, 11, 47, 63, 112, 4, 28, 120, 51, 149, 158, 130, 115, 32, 84, 0, 160, 97, 172, 8, 116, 5, 167, 171, 74, 168, 140, 95, 123, 52, 127, 151, 41, 153, 118, 37, 10, 109, 42, 80, 102, 91, 62, 163, 73, 165, 129, 67, 75, 152, 108, 136, 45, 169, 125, 77, 65, 30, 135, 33, 173, 69, 143, 2, 24, 40, 86, 64, 100, 27, 147, 113, 13, 144, 90, 9, 61, 81, 142, 104, 82, 88, 25, 170, 137, 111, 6, 29, 107, 133],", "goal_raise_for_bs": 32}}