{"instance": "small_free_000_10x10_30_30", "steps": [{"16": "W", "19": "W", "11": "W", "5": "N", "18": "N", "4": "S", "13": "W", "28": "W", "10": "S", "23": "S", "27": "S", "8": "S", "26": "W", "14": "E", "25": "S", "17": "S", "0": "E", "1": "W", "29": "W", "6": "S", "3": "S", "9": "E", "24": "S", "7": "S", "22": "W"}, {"16": "W", "19": "W", "11": "W", "2": "N", "18": "N", "4": "E", "13": "S", "28": "W", "10": "W", "23": "W", "27": "S", "8": "S", "14": "E", "25": "W", "17": "S", "0": "E", "1": "N", "29": "N", "6": "E", "3": "S", "9": "E", "12": "E", "24": "S", "7": "S", "22": "S", "21": "S"}, {"19": "W", "11": "W", "18": "W", "13": "S", "28": "N", "10": "W", "23": "W", "27": "S", "26": "N", "14": "E", "25": "W", "17": "S", "0": "S", "1": "N", "29": "N", "6": "S", "3": "S", "12": "N", "24": "S", "7": "S", "22": "S", "21": "S"}, {"19": "N", "11": "W", "5": "N", "18": "W", "4": "S", "28": "W", "10": "S", "20": "W", "23": "W", "27": "S", "26": "W", "14": "E", "17": "E", "0": "S", "6": "S", "3": "S", "12": "N", "24": "S"}, {"19": "N", "11": "W", "2": "N", "18": "W", "4": "S", "28": "W", "10": "S", "20": "W", "23": "W", "27": "S", "15": "W", "26": "W", "14": "E", "17": "E", "0": "S", "29": "W", "3": "S", "12": "N", "24": "S", "22": "W"}, {"19": "E", "11": "N", "2": "N", "18": "W", "4": "S", "28": "W", "10": "S", "20": "W", "23": "W", "8": "S", "15": "W", "26": "W", "17": "E", "29": "W", "3": "E", "12": "W", "24": "E", "22": "S", "21": "W"}, {"19": "E", "11": "N", "18": "W", "4": "S", "28": "N", "10": "S", "20": "W", "8": "S", "15": "W", "26": "N", "25": "S", "17": "S", "29": "W", "3": "N", "24": "N", "22": "E", "21": "S"}, {"19": "E", "11": "N", "18": "N", "28": "W", "10": "S", "20": "W", "23": "W", "15": "S", "14": "N", "25": "S", "17": "S", "1": "N", "6": "E", "9": "E", "21": "S"}, {"16": "N", "19": "E", "11": "E", "18": "N", "28": "N", "10": "S", "20": "W", "23": "S", "8": "W", "15": "S", "26": "S", "14": "W", "25": "S", "17": "S", "29": "E", "6": "E", "21": "S"}, {"16": "E", "19": "E", "11": "E", "18": "N", "28": "W", "10": "S", "23": "S", "26": "S", "14": "W", "25": "S", "17": "S", "29": "N", "21": "S"}, {"16": "N", "19": "E", "11": "E", "18": "N", "28": "W", "10": "S", "20": "S", "23": "W", "14": "W", "17": "E", "29": "N", "21": "S"}, {"16": "N", "19": "E", "11": "E", "18": "N", "28": "N", "23": "W", "8": "E", "14": "W", "17": "E", "29": "W", "21": "E"}, {"16": "E", "19": "E", "11": "E", "28": "E", "14": "W", "17": "S", "29": "W", "3": "N", "24": "N"}, {"16": "E", "19": "E", "11": "E", "14": "W", "3": "N", "24": "N"}, {"16": "E", "19": "E", "11": "E", "28": "S", "14": "W", "3": "N", "24": "N"}, {"16": "E", "19": "E", "11": "E", "14": "W", "3": "N", "9": "S", "24": "N"}, {"16": "E", "19": "E", "11": "E", "14": "S"}, {"16": "E", "11": "E", "15": "S", "14": "W"}, {"16": "E", "14": "W", "9": "N"}, {"16": "E", "3": "N"}, {"16": "E", "15": "N", "3": "N"}, {"3": "N"}], "result": "SUCCESS", "makespan": 22, "sum": 261, "algo_name": "OutAndInByPercentage_rand_BIT_", "extra": {"arrival_order": [16, 19, 11, 5, 2, 18, 4, 13, 28, 10, 20, 23, 27, 8, 15, 26, 14, 25, 17, 0, 1, 29, 6, 3, 9, 12, 24, 7, 22, 21], "time_arrived": [233, 236, 63, 270, 88, 55, 259, 300, 167, 278, 122, 50, 285, 93, 198, 175, 21, 225, 77, 36, 132, 316, 307, 147, 290, 210, 186, 158, 109, 247], "BIT_runs": 1, "old_makespan": 316, "old_sum": 429, "improved": "[19, 11, 5, 2, 18, 4, 13, 28, 10, 20, 23, 27, 8, 15, 26, 14, 25, 17, 0, 1, 29, 6, 3, 9, 12, 24, 7, 22, 21],", "goal_raise_for_bs": 32}}