{"instance": "small_free_000_10x10_30_30", "steps": [{"5": "N", "9": "E", "26": "W", "1": "W", "13": "W", "28": "W", "7": "S", "6": "E", "3": "E", "25": "W", "18": "W", "23": "W", "0": "E", "14": "W", "17": "E", "20": "W", "15": "W", "29": "W", "8": "S", "12": "N", "4": "E"}, {"1": "N", "11": "E", "29": "W", "20": "W", "12": "N", "17": "E", "9": "E", "5": "N", "18": "W", "7": "S", "3": "N", "0": "E", "23": "W", "27": "S", "28": "W", "13": "S", "8": "S", "10": "W"}, {"18": "W", "8": "S", "29": "W", "1": "N", "25": "W", "16": "E", "10": "W", "9": "E", "12": "N", "28": "W", "14": "W"}, {"16": "E", "29": "W", "18": "W", "8": "S", "10": "S", "28": "W", "2": "N"}, {"29": "W", "20": "S", "0": "W", "27": "W", "26": "N", "7": "S", "10": "S", "23": "S", "6": "S", "22": "S", "14": "N", "2": "N", "4": "W"}, {"6": "S", "10": "S", "15": "W", "24": "E", "2": "N", "3": "N", "0": "S", "29": "N", "14": "W", "19": "E", "22": "W", "17": "E", "26": "W"}, {"17": "E", "3": "N", "10": "S", "6": "E", "21": "S", "1": "N", "19": "E", "29": "N", "14": "W", "15": "W", "23": "W"}, {"13": "S", "19": "E", "10": "S", "17": "E", "4": "S", "15": "S", "20": "W", "6": "E", "14": "W"}, {"15": "S", "14": "S", "4": "S", "20": "W", "17": "S", "10": "S", "6": "S"}, {"10": "S", "4": "S", "17": "S", "20": "W"}, {"29": "W", "20": "W", "23": "E", "17": "S", "0": "N", "16": "N", "4": "E", "25": "E"}, {"28": "W", "23": "S", "25": "S", "19": "E", "17": "S", "4": "S", "29": "W"}, {"29": "N", "19": "E", "4": "S", "25": "S", "17": "S"}, {"29": "N", "17": "S", "19": "E", "10": "W", "25": "E", "11": "E", "27": "N", "21": "W", "16": "E"}, {"23": "S", "27": "N", "10": "S", "21": "S", "26": "W", "25": "S", "17": "S", "19": "E", "28": "N"}, {"27": "E", "11": "N", "10": "S", "23": "W", "17": "S"}, {"11": "E", "23": "W", "16": "E", "10": "E", "25": "S", "27": "E"}, {"11": "E", "27": "S", "23": "W", "25": "W", "16": "N"}, {"27": "S", "11": "E", "25": "W", "23": "W"}, {"27": "E", "28": "E", "11": "N", "18": "N", "23": "W", "16": "E", "29": "W"}, {"21": "S", "29": "N", "23": "W", "27": "S", "18": "W"}, {"27": "S", "16": "E", "21": "S", "25": "S", "29": "N", "18": "N"}, {"16": "E", "27": "W", "29": "E", "21": "E"}, {"16": "E", "29": "E", "27": "W"}, {"29": "E", "27": "E", "16": "N", "0": "S", "19": "N"}, {"11": "N", "19": "E", "26": "W", "29": "S", "27": "S"}, {"19": "E", "29": "S", "27": "S"}, {"19": "N", "27": "W"}, {"18": "W", "21": "W"}, {"22": "W", "21": "S", "18": "E"}, {"21": "S", "22": "S", "0": "S"}, {"21": "E", "28": "W", "22": "S"}, {"18": "N", "22": "E", "21": "S"}, {"0": "E", "18": "N"}, {"18": "N", "0": "S"}, {"18": "N"}, {"28": "E", "18": "N"}, {"26": "S", "28": "N"}, {"28": "N"}, {"28": "W"}, {"28": "W"}, {"28": "W"}], "result": "SUCCESS", "makespan": 42, "sum": 239, "algo_name": "BFS_0"}