{"instance": "small_008_20x20_40_83", "steps": [{"20": "N", "8": "W", "38": "W", "13": "W", "70": "W", "1": "W", "41": "S", "64": "W", "14": "S", "58": "W", "26": "W", "46": "W", "15": "W", "51": "N", "7": "N", "66": "W", "31": "W", "33": "W", "49": "W", "62": "W", "30": "W", "35": "W", "63": "N", "71": "S", "17": "E", "3": "W", "50": "W", "21": "W", "54": "W", "75": "W", "16": "N", "23": "W", "82": "W", "29": "E", "25": "W", "11": "W", "76": "N", "28": "W", "22": "W", "44": "S", "72": "W", "18": "W", "48": "S", "19": "N", "12": "S", "5": "W", "78": "N", "73": "W", "43": "W", "53": "W", "55": "W", "0": "W", "37": "N", "6": "S", "10": "E", "36": "W", "34": "W", "42": "N", "59": "W", "32": "S", "74": "S", "9": "W", "47": "W", "68": "S"}, {"20": "E", "2": "W", "8": "W", "38": "W", "13": "W", "67": "W", "70": "W", "45": "W", "65": "E", "1": "W", "41": "E", "64": "W", "14": "S", "58": "W", "26": "W", "46": "W", "15": "W", "51": "N", "7": "W", "56": "S", "66": "W", "60": "W", "33": "W", "49": "W", "62": "W", "35": "W", "63": "N", "17": "E", "81": "W", "3": "S", "80": "W", "50": "W", "21": "W", "54": "W", "75": "N", "16": "N", "82": "W", "29": "S", "4": "W", "25": "W", "11": "W", "28": "W", "22": "W", "44": "E", "72": "W", "18": "W", "69": "E", "48": "S", "19": "N", "12": "W", "5": "W", "78": "E", "73": "W", "43": "W", "53": "W", "55": "S", "0": "W", "52": "E", "79": "W", "37": "N", "6": "S", "10": "E", "36": "W", "34": "W", "42": "W", "59": "W", "32": "S", "74": "S", "9": "W", "47": "W", "68": "W"}, {"20": "E", "2": "W", "8": "W", "38": "W", "77": "S", "13": "W", "67": "W", "70": "W", "45": "W", "1": "W", "27": "S", "64": "W", "14": "S", "58": "W", "46": "W", "15": "W", "51": "E", "7": "N", "56": "S", "66": "W", "31": "S", "60": "S", "33": "W", "49": "W", "62": "W", "35": "W", "63": "E", "61": "S", "81": "S", "57": "S", "3": "S", "80": "W", "50": "W", "21": "W", "54": "W", "75": "W", "16": "N", "82": "W", "29": "S", "4": "N", "11": "W", "28": "W", "22": "W", "44": "E", "72": "W", "18": "W", "69": "S", "48": "S", "19": "N", "12": "W", "5": "W", "78": "E", "43": "S", "53": "W", "0": "W", "52": "S", "79": "W", "37": "E", "6": "S", "34": "W", "39": "E", "59": "W", "32": "S", "9": "W", "47": "W", "68": "S"}, {"20": "N", "2": "W", "8": "W", "38": "W", "77": "S", "13": "W", "67": "W", "70": "W", "45": "W", "1": "W", "14": "S", "58": "W", "26": "W", "46": "W", "15": "W", "51": "E", "7": "N", "56": "S", "66": "W", "60": "E", "33": "W", "49": "W", "62": "W", "35": "W", "63": "E", "61": "S", "81": "E", "57": "S", "3": "E", "50": "W", "21": "W", "54": "W", "75": "W", "16": "E", "82": "N", "29": "E", "4": "W", "25": "S", "11": "W", "28": "W", "22": "W", "44": "N", "72": "W", "69": "S", "48": "S", "19": "E", "12": "S", "5": "W", "78": "E", "43": "W", "53": "W", "55": "E", "0": "W", "79": "W", "37": "E", "6": "S", "10": "E", "34": "N", "39": "S", "59": "W", "32": "S"}, {"20": "E", "2": "W", "8": "W", "38": "W", "77": "S", "13": "W", "67": "W", "70": "W", "45": "W", "1": "W", "14": "S", "58": "W", "26": "W", "46": "W", "15": "W", "7": "W", "56": "S", "66": "W", "60": "E", "33": "W", "49": "W", "62": "W", "35": "W", "63": "E", "61": "E", "81": "E", "57": "E", "3": "E", "80": "W", "50": "W", "21": "W", "54": "W", "75": "W", "16": "S", "82": "E", "29": "S", "4": "N", "25": "E", "11": "W", "28": "W", "22": "W", "44": "E", "72": "W", "69": "E", "48": "E", "19": "S", "12": "S", "5": "W", "78": "S", "73": "E", "53": "W", "55": "S", "0": "W", "79": "W", "37": "E", "6": "S", "10": "S", "34": "N", "42": "S", "39": "S", "59": "W", "32": "E", "74": "E"}, {"40": "N", "2": "W", "8": "W", "38": "W", "77": "E", "13": "W", "67": "W", "70": "W", "1": "W", "27": "W", "14": "S", "58": "W", "26": "W", "46": "W", "15": "W", "7": "W", "56": "W", "66": "W", "60": "S", "33": "W", "49": "W", "62": "W", "35": "W", "63": "N", "81": "S", "57": "E", "3": "E", "80": "W", "21": "W", "54": "W", "75": "W", "16": "W", "82": "E", "29": "S", "4": "N", "11": "W", "76": "W", "28": "W", "44": "E", "72": "W", "69": "S", "48": "S", "19": "E", "12": "S", "5": "W", "78": "S", "73": "S", "53": "W", "55": "S", "0": "W", "79": "W", "37": "E", "6": "S", "10": "S", "34": "E", "42": "S", "59": "W", "32": "E", "74": "E", "47": "W", "68": "S"}, {"40": "N", "2": "W", "8": "N", "38": "W", "13": "W", "67": "W", "70": "W", "27": "S", "14": "S", "58": "W", "46": "W", "15": "W", "7": "W", "56": "W", "66": "W", "60": "E", "33": "W", "49": "W", "62": "W", "35": "W", "63": "E", "3": "E", "80": "W", "21": "W", "54": "W", "75": "W", "16": "W", "82": "S", "29": "E", "4": "W", "11": "W", "76": "S", "28": "W", "44": "E", "72": "W", "69": "S", "48": "E", "19": "S", "12": "W", "5": "W", "78": "E", "73": "S", "53": "W", "55": "S", "0": "W", "79": "W", "37": "E", "6": "S", "10": "E", "34": "E", "59": "N", "32": "E", "74": "E"}, {"40": "N", "2": "S", "38": "S", "13": "W", "67": "W", "70": "W", "14": "S", "58": "W", "46": "W", "15": "W", "7": "W", "56": "S", "66": "W", "60": "E", "33": "W", "49": "W", "62": "W", "35": "W", "63": "E", "61": "S", "81": "S", "24": "W", "3": "E", "80": "W", "50": "W", "21": "W", "54": "W", "75": "S", "16": "W", "23": "S", "82": "S", "29": "S", "4": "W", "25": "S", "11": "W", "76": "W", "28": "W", "22": "W", "44": "N", "72": "W", "69": "E", "48": "N", "12": "W", "5": "W", "78": "N", "73": "S", "53": "W", "55": "S", "52": "S", "6": "S", "59": "N", "74": "E", "47": "S"}, {"40": "W", "13": "W", "67": "W", "70": "W", "1": "S", "64": "W", "14": "W", "58": "W", "46": "W", "15": "W", "51": "W", "7": "W", "56": "S", "66": "W", "31": "S", "60": "E", "33": "W", "49": "W", "62": "W", "30": "N", "35": "W", "63": "E", "81": "S", "24": "S", "21": "W", "54": "W", "75": "S", "16": "W", "23": "W", "82": "S", "29": "S", "4": "W", "25": "S", "11": "W", "76": "S", "28": "W", "44": "E", "72": "W", "18": "S", "69": "E", "48": "N", "12": "W", "5": "W", "78": "E", "73": "S", "0": "S", "6": "W", "39": "W", "59": "E", "74": "E", "9": "W", "47": "S"}, {"40": "W", "8": "W", "13": "W", "67": "W", "70": "W", "64": "W", "14": "W", "58": "W", "15": "S", "51": "N", "7": "S", "56": "S", "66": "W", "60": "S", "33": "W", "62": "W", "30": "N", "35": "W", "63": "N", "61": "W", "81": "S", "24": "S", "3": "S", "80": "W", "50": "W", "21": "S", "54": "S", "75": "W", "16": "W", "23": "W", "82": "S", "29": "E", "4": "W", "25": "S", "11": "W", "76": "S", "28": "W", "22": "W", "44": "E", "69": "E", "48": "N", "12": "S", "5": "N", "78": "N", "73": "S", "53": "W", "6": "N", "10": "N", "47": "S"}, {"40": "W", "2": "N", "8": "N", "38": "N", "67": "N", "45": "N", "64": "W", "14": "N", "58": "N", "15": "S", "51": "N", "7": "S", "56": "E", "60": "E", "30": "N", "35": "N", "63": "N", "61": "S", "24": "S", "57": "W", "80": "S", "21": "S", "54": "S", "75": "W", "16": "W", "23": "S", "82": "E", "29": "E", "4": "W", "25": "E", "11": "S", "76": "S", "22": "N", "44": "E", "72": "S", "18": "S", "69": "S", "48": "N", "12": "W", "5": "E", "78": "E", "73": "S", "53": "N", "0": "W", "52": "W", "79": "S", "37": "E", "6": "N", "9": "N", "47": "S"}, {"40": "W", "2": "E", "8": "E", "38": "E", "13": "W", "67": "E", "45": "E", "64": "N", "26": "N", "46": "W", "15": "S", "51": "N", "7": "S", "56": "E", "60": "E", "33": "W", "49": "W", "35": "N", "63": "E", "61": "S", "24": "S", "57": "W", "3": "N", "80": "S", "21": "S", "54": "S", "75": "W", "16": "W", "23": "W", "82": "E", "29": "S", "4": "S", "25": "E", "11": "S", "76": "S", "22": "E", "44": "E", "72": "E", "18": "S", "69": "S", "48": "N", "5": "E", "73": "S", "55": "W", "79": "E", "37": "E", "6": "N", "10": "N", "34": "W", "39": "E", "59": "W", "9": "E", "47": "E"}, {"40": "W", "2": "E", "8": "E", "38": "E", "67": "N", "45": "E", "64": "W", "26": "N", "46": "W", "15": "S", "51": "N", "7": "S", "56": "E", "31": "W", "60": "N", "49": "W", "30": "W", "35": "E", "63": "E", "61": "E", "24": "S", "80": "S", "21": "S", "54": "S", "75": "S", "16": "S", "23": "S", "82": "E", "29": "S", "4": "S", "25": "E", "11": "S", "76": "S", "28": "S", "22": "N", "72": "E", "18": "S", "69": "E", "48": "N", "12": "W", "5": "N", "73": "S", "55": "N", "0": "S", "79": "S", "6": "W", "10": "N", "39": "S", "9": "N", "47": "E"}, {"40": "S", "2": "E", "8": "E", "38": "E", "13": "W", "67": "E", "45": "E", "1": "S", "64": "S", "26": "E", "46": "W", "15": "S", "51": "N", "7": "S", "56": "E", "31": "S", "60": "E", "33": "W", "49": "W", "30": "N", "35": "E", "63": "E", "21": "S", "54": "S", "75": "W", "16": "W", "23": "S", "82": "S", "29": "E", "4": "S", "11": "S", "76": "S", "28": "E", "22": "E", "72": "E", "48": "N", "12": "W", "5": "E", "73": "E", "43": "N", "55": "E", "52": "S", "6": "W", "36": "N", "39": "S", "59": "W", "47": "E"}, {"40": "S", "2": "E", "8": "E", "38": "N", "13": "W", "67": "E", "45": "E", "1": "S", "64": "S", "14": "W", "58": "N", "26": "E", "46": "W", "15": "S", "51": "N", "7": "W", "56": "S", "66": "S", "60": "E", "33": "W", "49": "W", "30": "E", "35": "E", "63": "E", "57": "E", "3": "S", "80": "W", "50": "E", "21": "S", "54": "S", "75": "S", "16": "S", "23": "W", "82": "S", "29": "E", "4": "S", "25": "S", "11": "S", "76": "S", "28": "S", "22": "E", "72": "N", "69": "E", "48": "E", "12": "W", "5": "E", "53": "S", "55": "E", "0": "W", "52": "E", "79": "S", "37": "S", "6": "W", "34": "W", "68": "W"}, {"40": "S", "2": "S", "8": "E", "38": "E", "13": "N", "67": "E", "45": "S", "1": "S", "64": "S", "14": "W", "58": "E", "26": "E", "46": "S", "15": "S", "51": "N", "7": "S", "56": "E", "66": "S", "60": "E", "49": "S", "30": "E", "35": "E", "61": "W", "57": "N", "80": "S", "50": "S", "21": "S", "54": "S", "75": "S", "16": "S", "23": "W", "82": "S", "29": "S", "4": "S", "25": "S", "11": "E", "76": "E", "28": "S", "22": "N", "72": "N", "18": "S", "48": "E", "5": "E", "0": "S", "52": "S", "79": "S", "6": "W", "39": "S", "9": "S", "68": "W"}, {"40": "S", "2": "S", "8": "E", "38": "E", "13": "N", "67": "E", "45": "S", "1": "S", "64": "S", "14": "N", "58": "N", "26": "S", "46": "S", "15": "S", "51": "E", "7": "S", "56": "E", "66": "E", "31": "W", "60": "N", "49": "S", "30": "S", "35": "E", "57": "N", "3": "N", "80": "S", "50": "S", "21": "S", "54": "S", "75": "S", "16": "S", "23": "S", "82": "E", "29": "E", "4": "W", "25": "S", "11": "E", "76": "E", "28": "S", "22": "N", "72": "E", "18": "S", "48": "N", "5": "N", "55": "S", "0": "S", "52": "E", "79": "S", "37": "S", "6": "N", "10": "N", "34": "E", "9": "E", "68": "S"}, {"40": "S", "2": "S", "8": "S", "13": "E", "67": "E", "45": "S", "64": "W", "14": "N", "58": "E", "26": "S", "46": "S", "15": "S", "51": "E", "7": "S", "56": "N", "31": "S", "60": "N", "33": "W", "49": "S", "30": "E", "35": "S", "57": "E", "80": "S", "50": "S", "21": "S", "54": "S", "75": "S", "16": "S", "23": "W", "82": "E", "25": "S", "76": "E", "28": "E", "22": "N", "18": "S", "69": "N", "48": "E", "5": "N", "43": "N", "0": "S", "52": "E", "79": "E", "36": "N", "34": "E", "59": "E", "9": "S", "68": "W"}, {"40": "E", "2": "S", "8": "S", "38": "E", "13": "E", "67": "E", "70": "S", "45": "S", "64": "S", "14": "N", "58": "E", "26": "E", "46": "S", "15": "E", "51": "E", "7": "S", "56": "E", "31": "S", "60": "N", "33": "W", "49": "S", "62": "S", "30": "E", "35": "S", "61": "E", "57": "S", "80": "S", "50": "S", "21": "E", "54": "S", "75": "S", "16": "S", "23": "W", "82": "E", "4": "W", "76": "E", "28": "S", "22": "W", "18": "W", "69": "N", "48": "E", "5": "N", "43": "W", "55": "S", "79": "E", "37": "N", "10": "S", "59": "N", "9": "E", "68": "W"}, {"40": "E", "2": "S", "8": "S", "38": "E", "13": "N", "67": "S", "70": "E", "45": "S", "64": "S", "14": "N", "58": "E", "26": "S", "46": "S", "15": "E", "51": "E", "7": "S", "56": "E", "31": "S", "60": "E", "33": "S", "49": "S", "62": "S", "30": "E", "35": "E", "17": "S", "81": "S", "80": "S", "50": "S", "21": "E", "54": "S", "75": "S", "16": "S", "23": "W", "82": "E", "4": "W", "25": "W", "76": "E", "28": "E", "22": "S", "72": "S", "18": "W", "69": "W", "12": "N", "43": "S", "55": "S", "0": "W", "79": "E", "37": "N", "36": "S", "34": "W", "59": "W", "9": "E", "68": "W"}, {"2": "S", "8": "S", "38": "E", "13": "E", "67": "S", "70": "E", "45": "S", "1": "S", "64": "S", "14": "N", "58": "E", "26": "S", "46": "S", "15": "E", "51": "E", "7": "E", "56": "E", "31": "S", "60": "E", "33": "S", "49": "S", "62": "S", "30": "E", "35": "E", "57": "S", "80": "S", "50": "S", "21": "E", "54": "E", "75": "S", "82": "E", "4": "S", "25": "S", "11": "E", "76": "E", "28": "S", "22": "S", "18": "S", "43": "S", "53": "W", "36": "S", "59": "S", "68": "S"}, {"2": "S", "8": "S", "13": "E", "67": "S", "70": "E", "45": "S", "65": "W", "1": "S", "64": "S", "14": "N", "58": "E", "26": "S", "46": "S", "15": "E", "51": "E", "7": "E", "56": "N", "31": "S", "60": "E", "33": "S", "49": "S", "62": "S", "30": "E", "35": "N", "61": "E", "81": "N", "3": "N", "80": "S", "50": "W", "21": "E", "54": "E", "75": "S", "23": "N", "82": "E", "4": "S", "25": "W", "11": "E", "18": "S", "73": "N", "43": "S", "59": "E", "68": "W"}, {"2": "S", "8": "S", "13": "E", "67": "S", "70": "E", "45": "S", "65": "W", "64": "S", "14": "W", "58": "E", "26": "S", "46": "S", "15": "E", "51": "S", "7": "E", "56": "N", "31": "S", "60": "E", "33": "E", "49": "S", "62": "S", "30": "S", "35": "E", "17": "N", "24": "W", "80": "S", "50": "W", "21": "E", "54": "E", "75": "E", "16": "S", "23": "W", "82": "E", "4": "S", "25": "W", "18": "S", "69": "S", "19": "S", "12": "S", "73": "N", "43": "W", "47": "N", "68": "W"}, {"2": "S", "8": "S", "13": "E", "67": "S", "70": "E", "45": "S", "65": "S", "64": "S", "14": "W", "58": "S", "26": "S", "46": "S", "51": "S", "7": "E", "56": "N", "31": "S", "33": "E", "49": "S", "62": "S", "30": "S", "35": "E", "24": "W", "80": "E", "50": "W", "21": "S", "54": "E", "75": "E", "16": "S", "23": "W", "4": "E", "25": "W", "18": "S", "69": "S", "43": "S", "53": "S", "0": "W", "59": "W", "47": "W", "68": "W"}, {"2": "S", "8": "S", "13": "E", "67": "S", "70": "S", "45": "S", "65": "S", "64": "E", "14": "W", "58": "S", "26": "S", "46": "S", "51": "S", "7": "E", "56": "E", "31": "S", "33": "E", "49": "E", "62": "S", "30": "S", "35": "S", "61": "E", "3": "S", "80": "S", "50": "S", "21": "S", "54": "E", "75": "S", "16": "S", "23": "W", "4": "E", "25": "N", "28": "S", "72": "S", "18": "S", "43": "S", "53": "W", "79": "S", "6": "N", "34": "S", "47": "S", "68": "N"}, {"2": "S", "8": "S", "13": "E", "67": "S", "70": "E", "45": "E", "65": "S", "27": "S", "64": "E", "14": "W", "58": "S", "26": "S", "46": "E", "51": "E", "7": "E", "66": "N", "31": "S", "33": "E", "49": "E", "62": "S", "30": "E", "35": "E", "80": "E", "50": "S", "21": "E", "54": "E", "75": "E", "16": "S", "23": "W", "4": "E", "25": "E", "28": "W", "72": "E", "18": "S", "73": "W", "43": "S", "53": "S", "47": "W", "68": "E"}, {"2": "E", "8": "E", "13": "S", "67": "S", "70": "E", "45": "E", "65": "S", "64": "E", "14": "N", "58": "S", "26": "S", "46": "E", "51": "E", "66": "E", "33": "E", "49": "E", "62": "S", "24": "N", "80": "E", "50": "S", "21": "E", "54": "E", "75": "E", "16": "E", "4": "E", "25": "E", "28": "S", "72": "E", "18": "E", "19": "W", "43": "S", "53": "S", "55": "S", "79": "E", "6": "W", "36": "W", "39": "W", "9": "W", "47": "N", "68": "E"}, {"2": "E", "8": "E", "13": "S", "67": "S", "70": "E", "65": "S", "1": "N", "27": "S", "64": "S", "14": "W", "58": "S", "26": "S", "46": "E", "66": "E", "31": "W", "33": "E", "62": "S", "24": "N", "3": "S", "80": "E", "50": "E", "21": "E", "54": "E", "75": "E", "16": "E", "25": "E", "28": "S", "72": "N", "18": "E", "19": "W", "53": "S", "0": "E", "79": "E", "36": "S", "34": "E", "68": "E"}, {"2": "E", "8": "E", "13": "S", "67": "S", "70": "E", "65": "S", "27": "W", "64": "E", "14": "N", "58": "S", "26": "S", "46": "E", "66": "S", "33": "E", "62": "S", "35": "S", "61": "S", "24": "E", "80": "E", "50": "S", "21": "E", "54": "E", "75": "E", "16": "S", "23": "N", "4": "S", "25": "E", "28": "S", "72": "N", "19": "S", "73": "S", "43": "S", "53": "S", "79": "N", "36": "S", "34": "E", "59": "N", "68": "E"}, {"2": "E", "8": "E", "13": "S", "67": "S", "70": "E", "65": "S", "27": "N", "64": "E", "14": "N", "58": "S", "26": "E", "46": "E", "66": "S", "33": "E", "62": "E", "35": "S", "71": "S", "61": "W", "24": "E", "3": "N", "80": "E", "50": "S", "21": "E", "54": "E", "75": "E", "16": "S", "23": "N", "25": "E", "28": "E", "72": "N", "19": "S", "73": "S", "43": "S", "55": "N", "36": "S", "34": "N", "59": "N", "68": "E"}, {"2": "E", "13": "S", "67": "S", "70": "E", "45": "S", "65": "S", "1": "S", "27": "N", "64": "N", "14": "N", "58": "S", "46": "E", "66": "S", "31": "S", "33": "E", "62": "E", "35": "S", "61": "W", "24": "E", "80": "E", "50": "S", "21": "E", "54": "E", "75": "E", "16": "S", "23": "N", "4": "N", "25": "E", "11": "S", "72": "E", "18": "S", "19": "S", "73": "S", "43": "S", "53": "W", "6": "E", "36": "S", "59": "E", "68": "E"}, {"13": "S", "67": "E", "70": "E", "45": "E", "65": "E", "27": "E", "14": "N", "58": "S", "46": "E", "66": "S", "33": "E", "49": "S", "35": "S", "61": "N", "80": "E", "50": "E", "21": "E", "54": "E", "75": "E", "16": "S", "23": "N", "25": "E", "11": "E", "28": "E", "72": "E", "18": "S", "19": "S", "43": "S", "53": "W", "36": "S", "68": "E"}, {"13": "S", "67": "E", "70": "E", "65": "E", "14": "N", "58": "S", "26": "S", "46": "E", "66": "S", "33": "S", "49": "E", "62": "E", "35": "S", "61": "W", "24": "S", "80": "E", "50": "E", "75": "E", "16": "S", "23": "N", "11": "E", "28": "E", "72": "E", "69": "E", "19": "S", "43": "S", "53": "S", "0": "S", "36": "S", "34": "E", "39": "N", "59": "S", "9": "N", "47": "S", "68": "E"}, {"13": "S", "67": "E", "70": "S", "65": "E", "14": "N", "58": "S", "26": "S", "46": "E", "66": "S", "33": "S", "49": "E", "35": "S", "81": "S", "24": "S", "80": "N", "75": "N", "23": "N", "4": "S", "11": "E", "19": "W", "73": "N", "53": "S", "36": "S", "34": "E", "39": "E", "59": "S", "9": "E", "68": "N"}, {"13": "E", "67": "E", "70": "S", "65": "E", "14": "E", "58": "S", "26": "E", "46": "E", "15": "S", "66": "S", "31": "W", "33": "E", "49": "E", "71": "S", "61": "E", "3": "S", "23": "E", "11": "E", "19": "S", "12": "S", "53": "S", "6": "S", "36": "E", "34": "N", "39": "S", "59": "E", "9": "S", "47": "W"}, {"13": "E", "67": "E", "70": "S", "65": "S", "14": "E", "58": "S", "26": "S", "46": "E", "15": "E", "66": "S", "31": "N", "33": "E", "49": "E", "62": "E", "71": "E", "16": "W", "4": "E", "11": "N", "18": "W", "19": "S", "73": "W", "53": "S", "55": "W", "0": "N", "34": "W", "59": "E", "47": "W"}, {"13": "E", "70": "E", "65": "S", "14": "N", "58": "E", "26": "E", "46": "E", "15": "E", "66": "S", "33": "E", "49": "E", "62": "E", "71": "E", "3": "S", "50": "S", "16": "S", "4": "E", "11": "E", "28": "N", "18": "N", "69": "W", "19": "W", "43": "E", "53": "E", "55": "W", "0": "E", "6": "S", "34": "S"}, {"13": "E", "65": "S", "14": "N", "58": "E", "26": "S", "46": "E", "15": "N", "66": "E", "31": "E", "33": "E", "49": "E", "71": "E", "50": "E", "16": "S", "4": "E", "11": "E", "18": "N", "19": "S", "43": "E", "53": "E", "0": "E", "37": "E", "34": "E"}, {"14": "E", "58": "E", "26": "E", "46": "E", "15": "E", "66": "E", "31": "E", "49": "E", "62": "E", "71": "N", "81": "N", "50": "N", "16": "E", "18": "E", "19": "E", "73": "E", "53": "E", "55": "E", "0": "E", "47": "E"}, {"14": "E", "58": "E", "26": "E", "46": "E", "15": "E", "66": "E", "31": "E", "62": "E", "71": "E", "3": "N", "16": "E", "4": "E", "19": "E", "12": "N", "73": "E", "53": "E", "55": "E", "6": "N", "47": "E"}, {"14": "E", "58": "E", "26": "E", "15": "E", "66": "E", "31": "E", "62": "E", "71": "E", "16": "E", "4": "E", "28": "S", "18": "W", "19": "E", "53": "E", "37": "E", "47": "E"}, {"14": "E", "58": "E", "26": "E", "66": "S", "49": "E", "3": "E", "16": "S", "4": "E", "28": "S", "69": "N", "19": "E", "73": "W", "53": "E", "37": "E"}, {"14": "E", "58": "E", "26": "N", "66": "S", "49": "N", "16": "S", "47": "E"}, {"14": "S", "26": "E", "66": "E", "49": "W", "71": "S", "3": "N", "16": "S", "4": "S", "18": "E", "69": "S"}, {"14": "S", "26": "E", "66": "E", "3": "W", "16": "E", "73": "E"}, {"26": "N", "71": "N", "16": "E", "4": "N", "6": "N"}, {"26": "N", "71": "N", "16": "E", "4": "N"}, {"16": "E", "37": "W"}, {"16": "E", "37": "W"}, {"16": "E", "37": "W"}, {"16": "E"}, {"16": "E"}, {"16": "E"}, {"16": "N"}, {"16": "N"}, {"16": "N"}, {"16": "W", "37": "N"}, {"16": "W", "37": "E"}, {"16": "N", "37": "S"}, {"37": "W"}], "result": "SUCCESS", "makespan": 60, "sum": 1861, "algo_name": "OutAndInByPercentage_dist_BFS_desc_BIT_", "extra": {"arrival_order": [40, 20, 2, 8, 38, 77, 13, 67, 70, 45, 65, 1, 41, 27, 64, 14, 58, 26, 46, 15, 51, 7, 56, 66, 31, 60, 33, 49, 62, 30, 35, 63, 71, 61, 17, 81, 24, 57, 3, 80, 50, 21, 54, 75, 16, 23, 82, 29, 4, 25, 11, 76, 28, 22, 44, 72, 18, 69, 48, 19, 12, 5, 78, 73, 43, 53, 55, 0, 52, 79, 37, 6, 10, 36, 34, 42, 39, 59, 32, 74, 9, 47, 68], "time_arrived": [1314, 227, 79, 749, 1031, 1238, 1363, 458, 98, 1444, 1373, 1070, 1224, 138, 303, 411, 941, 710, 1165, 1210, 58, 842, 1119, 964, 729, 1052, 363, 239, 1103, 1004, 633, 528, 1430, 575, 1397, 651, 1383, 1353, 108, 1415, 48, 233, 1406, 1279, 1135, 198, 388, 1451, 1195, 596, 813, 434, 1327, 1291, 871, 1303, 486, 737, 331, 1423, 555, 700, 615, 668, 271, 216, 507, 160, 1456, 1180, 179, 688, 1150, 1266, 1437, 899, 1087, 116, 1252, 1338, 786, 720, 984], "BIT_runs": 1, "old_makespan": 1456, "old_sum": 2107, "improved": "[40, 20, 2, 8, 38, 77, 13, 67, 70, 45, 65, 1, 41, 27, 64, 14, 58, 26, 46, 15, 51, 7, 56, 66, 31, 60, 33, 49, 62, 30, 35, 63, 71, 61, 17, 81, 24, 57, 3, 80, 50, 21, 54, 75, 16, 23, 82, 29, 4, 25, 11, 76, 28, 22, 44, 72, 18, 69, 48, 19, 12, 5, 78, 73, 43, 53, 55, 0, 52, 79, 37, 6, 10, 36, 34, 42, 39, 59, 32, 74, 9, 47, 68],", "goal_raise_for_bs": 32}}