{"instance": "small_free_000_10x10_30_30", "steps": [{"24": "E", "6": "E", "17": "E", "0": "E", "20": "W", "3": "E", "16": "E", "4": "E", "23": "W", "9": "E", "29": "W", "18": "W", "8": "S", "10": "W", "12": "N", "13": "W", "7": "S", "28": "W", "1": "W", "15": "W"}, {"27": "S", "11": "E", "9": "E", "0": "E", "17": "E", "12": "N", "1": "N", "7": "S", "2": "N", "20": "W", "29": "W", "23": "W", "28": "W", "16": "E", "13": "S", "3": "N", "18": "W", "25": "W"}, {"5": "N", "27": "S", "1": "N", "25": "W", "28": "W", "16": "E", "10": "W", "18": "W", "29": "W", "14": "W", "2": "N", "12": "N", "9": "E"}, {"29": "W", "14": "W", "5": "N", "2": "N", "18": "W", "10": "S"}, {"26": "S", "8": "S", "29": "N", "28": "S", "3": "S", "0": "W", "10": "S", "4": "W", "25": "W", "19": "W", "7": "S", "27": "S"}, {"19": "N", "21": "S", "29": "N", "10": "S", "14": "W", "11": "E", "23": "W", "26": "W", "13": "S", "0": "S", "25": "S", "3": "W", "28": "W"}, {"25": "S", "10": "S", "28": "W", "14": "W", "21": "S", "19": "N", "23": "S", "27": "S", "8": "S"}, {"19": "E", "26": "W", "22": "W", "14": "W", "8": "S", "10": "S"}, {"19": "E", "0": "E", "17": "W", "26": "E", "16": "E", "10": "E", "28": "W"}, {"20": "W", "0": "S", "25": "W", "26": "S", "23": "E", "10": "S", "28": "W", "3": "E", "6": "S", "19": "E", "29": "N", "4": "S"}, {"23": "S", "19": "E", "16": "E", "28": "W", "3": "N", "6": "S", "4": "S", "0": "S", "10": "S"}, {"3": "N", "23": "S", "6": "E", "28": "N", "10": "S", "15": "W"}, {"3": "N", "28": "N", "15": "W", "16": "W", "23": "W", "18": "E", "4": "S", "17": "W", "6": "E", "10": "S", "29": "E"}, {"20": "W", "15": "S", "28": "N", "25": "S", "10": "W", "29": "N", "27": "S", "17": "S", "6": "S", "4": "E"}, {"4": "S", "28": "N", "17": "S", "20": "W", "25": "S", "15": "S", "29": "N", "1": "N"}, {"4": "S", "25": "E", "29": "W", "17": "E", "19": "E", "20": "W"}, {"17": "E", "29": "W", "20": "S", "19": "E"}, {"22": "W", "11": "N", "18": "S", "17": "S", "19": "E", "16": "S", "29": "S"}, {"17": "E", "18": "W", "19": "E", "11": "E", "23": "W"}, {"11": "E", "26": "N", "17": "E", "19": "E", "18": "W"}, {"17": "E", "19": "E", "16": "E", "11": "E", "18": "W"}, {"17": "S", "18": "N", "16": "S"}, {"25": "W", "21": "E", "16": "N", "26": "E", "18": "N"}, {"21": "E", "26": "N", "28": "E", "16": "N", "23": "W"}, {"21": "S", "22": "S", "26": "N", "16": "E"}, {"26": "W", "16": "E", "21": "S", "22": "S"}, {"26": "W", "22": "S", "16": "N"}, {"22": "E", "26": "W", "21": "E", "17": "E", "23": "E"}, {"11": "N", "17": "E", "16": "N", "26": "W", "21": "E", "23": "E"}, {"17": "E", "11": "N", "26": "S", "23": "S", "21": "S", "16": "E"}, {"23": "S", "21": "E", "17": "S", "16": "N"}, {"21": "S", "17": "S", "23": "S"}, {"21": "S", "17": "W", "23": "W"}, {"21": "S", "17": "S", "23": "W"}, {"21": "W", "23": "W", "17": "W"}, {"23": "W", "21": "W", "17": "W"}, {"23": "W", "21": "W", "17": "S"}, {"21": "W", "23": "N"}, {"21": "W", "23": "N"}, {"23": "N", "21": "N"}, {"18": "W"}, {"18": "W", "25": "S"}, {"18": "W", "25": "S"}, {"25": "S", "18": "N"}, {"18": "N", "25": "E"}, {"18": "N", "25": "E"}, {"18": "N", "25": "E"}, {"18": "N", "25": "N"}, {"18": "E", "25": "N"}, {"18": "E", "25": "W"}, {"18": "N"}, {"18": "E"}, {"18": "E"}], "result": "SUCCESS", "makespan": 53, "sum": 283, "algo_name": "BFS_0"}