{"instance": "small_002_10x10_60_33", "steps": [{"1": "E", "8": "E", "10": "W", "21": "E", "18": "N", "7": "S", "20": "S", "3": "S", "27": "S", "24": "E", "23": "S", "0": "E", "22": "E", "16": "E", "31": "S", "28": "S", "15": "E", "12": "W", "2": "E", "32": "E", "25": "S", "9": "E"}, {"1": "E", "8": "E", "10": "S", "21": "E", "18": "E", "4": "W", "7": "S", "20": "S", "3": "S", "27": "S", "24": "E", "23": "E", "0": "E", "22": "E", "17": "E", "16": "S", "6": "E", "13": "S", "15": "E", "12": "S", "32": "E", "25": "S", "9": "S", "30": "S", "14": "W", "11": "W"}, {"1": "E", "8": "S", "21": "E", "18": "E", "4": "N", "26": "S", "20": "W", "29": "W", "24": "E", "0": "N", "22": "N", "17": "E", "31": "E", "6": "E", "15": "S", "12": "S", "2": "S", "32": "E", "9": "S", "19": "N", "30": "S", "14": "N", "11": "N"}, {"1": "N", "8": "E", "21": "E", "18": "E", "4": "N", "7": "E", "26": "S", "20": "N", "29": "W", "3": "N", "24": "E", "0": "W", "22": "N", "17": "E", "31": "E", "6": "E", "28": "E", "13": "E", "15": "S", "2": "S", "32": "E", "9": "S", "30": "E", "5": "W", "14": "N", "11": "W"}, {"18": "N", "4": "N", "20": "N", "29": "N", "3": "N", "0": "W", "22": "W", "17": "N", "6": "E", "28": "E", "13": "E", "15": "S", "12": "S", "2": "E", "32": "E", "25": "E", "9": "S", "19": "E", "30": "E", "5": "W", "14": "N", "11": "W"}, {"18": "N", "4": "N", "20": "N", "3": "N", "0": "W", "22": "W", "16": "N", "31": "E", "6": "E", "28": "S", "13": "S", "15": "W", "2": "S", "32": "N", "25": "E", "9": "S", "19": "N", "30": "S", "5": "W", "14": "N", "11": "W"}, {"21": "N", "18": "E", "4": "N", "3": "E", "0": "N", "22": "W", "16": "E", "31": "E", "6": "E", "28": "S", "15": "W", "2": "S", "32": "E", "25": "E", "9": "S", "19": "N", "30": "S", "5": "N", "14": "N"}, {"21": "W", "4": "N", "3": "E", "24": "W", "0": "N", "22": "N", "16": "S", "31": "E", "6": "N", "28": "W", "13": "W", "15": "W", "2": "S", "32": "S", "9": "E", "19": "N", "30": "S", "5": "N", "14": "N", "11": "W"}, {"21": "W", "4": "E", "23": "E", "0": "N", "22": "W", "16": "E", "31": "E", "6": "E", "28": "S", "15": "W", "2": "W", "9": "S", "19": "W", "30": "S", "5": "N", "14": "N", "11": "N"}, {"21": "W", "4": "E", "24": "N", "23": "N", "16": "E", "6": "S", "28": "W", "13": "W", "15": "N", "12": "E", "2": "W", "32": "S", "25": "E", "9": "S", "19": "N", "30": "S", "5": "N", "14": "N", "11": "N"}, {"21": "S", "24": "W", "23": "N", "28": "W", "13": "S", "15": "W", "12": "S", "2": "W", "32": "W", "25": "E", "9": "S", "19": "W", "30": "W", "5": "N", "14": "E", "11": "N"}, {"21": "W", "4": "W", "27": "N", "24": "W", "23": "N", "28": "W", "13": "W", "15": "W", "12": "S", "2": "W", "25": "N", "9": "S", "19": "W", "30": "W", "5": "N", "14": "E", "11": "N"}, {"21": "W", "4": "W", "27": "E", "24": "W", "23": "N", "16": "E", "28": "S", "13": "W", "15": "W", "12": "S", "2": "N", "32": "E", "25": "N", "9": "W", "19": "W", "30": "W", "5": "N", "14": "E", "11": "N"}, {"1": "S", "21": "S", "27": "E", "24": "S", "23": "N", "16": "S", "28": "W", "13": "W", "15": "W", "12": "W", "2": "W", "25": "N", "9": "W", "19": "W", "30": "W", "5": "N", "14": "E", "11": "N"}, {"1": "W", "21": "S", "18": "E", "27": "S", "24": "S", "23": "N", "16": "S", "28": "W", "13": "S", "15": "W", "2": "W", "32": "E", "25": "N", "9": "W", "19": "W", "30": "W", "5": "E", "14": "E", "11": "N"}, {"1": "W", "21": "S", "27": "S", "24": "W", "23": "W", "0": "W", "28": "N", "13": "W", "15": "N", "2": "W", "32": "E", "25": "N", "9": "W", "19": "W", "30": "W", "5": "E", "14": "N", "11": "N"}, {"1": "W", "21": "W", "18": "W", "24": "S", "2": "W", "32": "E", "25": "N", "9": "W", "19": "W", "30": "W", "5": "E", "14": "E", "11": "E"}, {"1": "N", "27": "N", "24": "S", "0": "E", "2": "W", "32": "S", "25": "E", "9": "W", "19": "S", "30": "W", "5": "E", "14": "E"}, {"1": "W", "16": "W", "2": "W", "25": "N", "9": "N", "30": "N", "5": "E", "14": "S"}, {"8": "N", "2": "N", "32": "S", "25": "N", "30": "N", "5": "N", "14": "S"}, {"8": "W", "2": "N", "32": "S", "25": "W", "5": "E", "14": "E"}, {"8": "W", "25": "N", "5": "E"}, {"8": "W", "25": "W", "5": "E"}, {"8": "W", "32": "S", "25": "N", "5": "E"}, {"8": "W", "32": "W", "25": "W", "5": "E"}, {"8": "N", "32": "W", "5": "S"}, {"32": "W", "5": "S"}], "result": "SUCCESS", "makespan": 27, "sum": 387, "algo_name": "OutAndInByPercentage_dist_from_target_BIT_", "extra": {"arrival_order": [10, 1, 8, 21, 18, 4, 7, 26, 20, 29, 3, 27, 24, 23, 0, 22, 17, 16, 31, 6, 28, 13, 15, 12, 2, 32, 25, 9, 19, 30, 5, 14, 11], "time_arrived": [118, 19, 240, 84, 55, 352, 167, 61, 26, 297, 13, 392, 223, 195, 373, 210, 147, 136, 46, 316, 72, 37, 127, 110, 100, 277, 65, 90, 181, 77, 333, 157, 259], "BIT_runs": 1, "old_makespan": 392, "old_sum": 499, "improved": "[10, 21, 18, 4, 7, 26, 20, 29, 3, 27, 24, 23, 0, 22, 17, 16, 31, 6, 28, 13, 15, 12, 2, 32, 25, 9, 19, 30, 5, 14, 11],", "goal_raise_for_bs": 32}}