{"instance": "small_012_20x20_70_186", "steps": [{"0": "N", "1": "E", "3": "S", "4": "S", "5": "S", "14": "N", "26": "N", "31": "N", "33": "S", "39": "E", "41": "E", "56": "N", "59": "S", "62": "S", "72": "S", "73": "S", "79": "E", "81": "E", "85": "N", "91": "N", "94": "E", "104": "E", "105": "N", "107": "E", "111": "S", "116": "S", "120": "E", "123": "W", "126": "W", "129": "E", "134": "W", "137": "W", "141": "E", "148": "E", "149": "S", "150": "W", "154": "W", "161": "S", "162": "S", "164": "E", "165": "W", "166": "S", "170": "W", "171": "S", "180": "W", "184": "N", "185": "W", "8": "E", "11": "N", "13": "S", "15": "S", "16": "S", "19": "N", "23": "S", "24": "E", "27": "E", "32": "S", "37": "N", "46": "S", "48": "E", "50": "N", "58": "E", "63": "W", "67": "E", "68": "N", "76": "S", "89": "S", "90": "E", "97": "E", "112": "S", "115": "S", "124": "E", "140": "E", "142": "W", "144": "E", "151": "E", "158": "S", "160": "W", "174": "N", "181": "S", "182": "S", "2": "N", "7": "N", "12": "S", "21": "E", "29": "S", "40": "E", "52": "S", "54": "E", "57": "E", "61": "N", "64": "S", "80": "N", "84": "E", "87": "N", "99": "S", "102": "S", "103": "S", "113": "E", "114": "N", "121": "E", "125": "N", "132": "N", "146": "E", "153": "W", "167": "E", "173": "E", "179": "W", "183": "S", "10": "S", "22": "S", "28": "S", "30": "N", "34": "E", "36": "S", "45": "S", "47": "E", "77": "E", "78": "E", "83": "S", "98": "N", "100": "E", "108": "E", "109": "E", "110": "N", "119": "E", "130": "W", "131": "W", "138": "N", "157": "S", "178": "E", "42": "S", "43": "S", "44": "N", "53": "S", "55": "S", "69": "S", "70": "E", "74": "E", "75": "S", "95": "E", "101": "E", "106": "S", "135": "E", "139": "N", "145": "S", "156": "S", "159": "N", "175": "E", "9": "E", "25": "S", "49": "E", "66": "S", "82": "S", "96": "S", "117": "N", "118": "S", "133": "W", "143": "E", "147": "N", "168": "E", "169": "S", "176": "E", "177": "S", "6": "E", "35": "S", "38": "E", "51": "S", "65": "E", "122": "S", "152": "N", "136": "S", "163": "S", "172": "E", "18": "S", "71": "S", "86": "S", "92": "S", "127": "W"}, {"0": "N", "1": "E", "3": "S", "4": "S", "5": "S", "14": "N", "26": "N", "31": "N", "33": "S", "39": "E", "41": "E", "56": "N", "59": "S", "62": "S", "72": "S", "73": "S", "79": "E", "81": "E", "85": "N", "91": "N", "94": "E", "104": "E", "105": "N", "107": "E", "111": "S", "116": "S", "120": "E", "123": "W", "126": "W", "129": "E", "134": "W", "137": "W", "141": "E", "148": "E", "149": "S", "150": "W", "154": "W", "161": "S", "162": "S", "164": "E", "165": "W", "166": "S", "170": "W", "171": "S", "180": "W", "184": "N", "185": "W", "8": "E", "11": "N", "13": "S", "15": "S", "16": "S", "19": "N", "23": "S", "24": "E", "27": "E", "32": "S", "37": "N", "46": "S", "48": "E", "50": "N", "58": "E", "63": "W", "67": "E", "68": "N", "76": "S", "89": "S", "90": "E", "97": "E", "112": "S", "115": "S", "124": "E", "140": "E", "142": "W", "144": "E", "151": "E", "158": "S", "160": "W", "174": "N", "181": "S", "182": "S", "2": "N", "7": "N", "12": "S", "21": "E", "29": "S", "40": "E", "52": "S", "54": "E", "57": "E", "61": "N", "64": "S", "80": "N", "84": "E", "87": "N", "99": "S", "102": "S", "103": "S", "113": "E", "114": "N", "121": "E", "125": "N", "132": "N", "146": "E", "153": "W", "167": "E", "173": "E", "179": "W", "183": "S", "10": "S", "22": "S", "28": "S", "30": "N", "34": "E", "36": "S", "45": "S", "47": "E", "77": "E", "78": "E", "83": "S", "98": "N", "100": "E", "108": "E", "109": "E", "110": "N", "119": "E", "130": "W", "131": "W", "138": "N", "157": "S", "178": "E", "42": "S", "43": "S", "44": "N", "53": "S", "55": "S", "69": "S", "70": "E", "74": "E", "75": "S", "95": "E", "101": "E", "106": "S", "135": "E", "139": "N", "145": "S", "156": "S", "159": "N", "175": "E", "9": "E", "25": "S", "49": "E", "66": "S", "82": "S", "96": "S", "117": "N", "118": "S", "133": "W", "143": "E", "147": "N", "168": "E", "169": "S", "176": "E", "177": "S", "6": "E", "35": "S", "38": "E", "51": "S", "65": "E", "122": "S", "152": "N", "20": "S", "136": "S", "163": "S", "172": "E", "18": "S", "60": "N", "71": "S", "86": "S", "92": "S", "127": "S"}, {"1": "E", "4": "S", "26": "N", "31": "N", "33": "S", "39": "S", "41": "E", "56": "N", "59": "S", "62": "S", "72": "E", "73": "S", "79": "E", "81": "E", "85": "N", "91": "E", "94": "E", "105": "N", "107": "E", "111": "S", "120": "N", "126": "S", "129": "N", "137": "W", "141": "S", "148": "E", "149": "E", "154": "W", "161": "S", "162": "S", "164": "E", "170": "S", "171": "S", "180": "N", "184": "W", "11": "N", "15": "S", "16": "S", "19": "N", "27": "E", "32": "S", "46": "S", "48": "E", "50": "N", "63": "W", "68": "N", "76": "S", "89": "S", "90": "E", "97": "E", "112": "S", "115": "S", "124": "E", "140": "E", "142": "W", "144": "E", "151": "E", "158": "S", "160": "W", "174": "N", "181": "S", "182": "S", "2": "N", "7": "N", "12": "S", "21": "E", "29": "S", "40": "E", "52": "S", "54": "E", "57": "E", "61": "N", "64": "S", "80": "N", "84": "E", "87": "N", "102": "S", "103": "S", "113": "E", "121": "E", "125": "N", "132": "N", "146": "E", "153": "W", "179": "W", "183": "S", "10": "S", "22": "S", "28": "S", "34": "E", "36": "S", "45": "S", "47": "E", "77": "E", "78": "E", "98": "N", "108": "E", "109": "E", "110": "N", "119": "E", "130": "W", "131": "W", "138": "N", "157": "S", "178": "E", "42": "S", "43": "S", "44": "N", "55": "S", "69": "S", "70": "E", "74": "E", "75": "S", "95": "E", "101": "E", "106": "S", "135": "E", "139": "N", "145": "S", "156": "S", "9": "E", "25": "S", "66": "S", "82": "S", "117": "N", "118": "S", "133": "W", "143": "E", "147": "N", "168": "E", "169": "S", "176": "E", "177": "S", "38": "E", "51": "S", "65": "E", "122": "S", "152": "N", "20": "E", "88": "N", "163": "S", "172": "E", "18": "S", "155": "E", "17": "E", "86": "S", "128": "E", "127": "S"}, {"1": "E", "4": "W", "26": "W", "31": "N", "33": "S", "39": "E", "41": "E", "56": "N", "59": "S", "62": "S", "73": "S", "81": "E", "85": "N", "94": "E", "104": "E", "105": "N", "137": "S", "141": "E", "148": "E", "149": "S", "162": "S", "171": "S", "8": "E", "11": "N", "13": "S", "15": "S", "16": "S", "19": "N", "23": "S", "24": "E", "37": "N", "46": "S", "50": "N", "58": "E", "67": "E", "68": "N", "89": "S", "90": "E", "97": "E", "115": "S", "140": "E", "144": "E", "151": "E", "158": "S", "174": "N", "181": "S", "2": "N", "7": "N", "12": "S", "21": "E", "29": "S", "40": "E", "52": "S", "54": "E", "57": "E", "61": "N", "64": "S", "80": "N", "84": "E", "87": "N", "102": "S", "103": "S", "113": "E", "121": "E", "125": "N", "132": "N", "146": "E", "153": "W", "183": "S", "99": "S", "114": "N", "167": "E", "173": "E", "10": "S", "22": "S", "28": "S", "30": "N", "34": "E", "36": "S", "45": "S", "47": "E", "77": "E", "78": "E", "83": "S", "98": "N", "100": "E", "108": "E", "109": "E", "110": "N", "119": "E", "130": "W", "138": "N", "157": "S", "178": "E", "42": "S", "43": "S", "44": "N", "53": "S", "55": "S", "69": "S", "70": "E", "74": "E", "75": "S", "95": "E", "101": "E", "106": "S", "135": "E", "139": "N", "145": "S", "156": "S", "159": "N", "175": "E", "9": "E", "25": "S", "49": "E", "66": "S", "82": "S", "96": "S", "117": "N", "118": "S", "133": "W", "143": "E", "147": "N", "168": "E", "169": "S", "176": "E", "177": "S", "6": "E", "35": "S", "38": "E", "51": "S", "65": "E", "122": "S", "152": "N", "20": "E", "88": "E", "136": "S", "163": "S", "172": "E", "18": "S", "60": "E", "71": "S", "155": "S", "17": "E", "86": "S", "92": "S", "127": "S"}, {"1": "S", "31": "N", "39": "E", "56": "N", "59": "S", "73": "W", "79": "E", "81": "E", "104": "E", "105": "N", "111": "S", "137": "W", "148": "E", "149": "S", "171": "S", "185": "W", "8": "E", "11": "N", "13": "S", "15": "E", "23": "S", "24": "E", "27": "E", "32": "S", "37": "N", "46": "S", "50": "N", "58": "E", "67": "E", "68": "N", "89": "S", "90": "E", "112": "S", "144": "E", "174": "N", "2": "N", "7": "N", "40": "E", "52": "S", "57": "E", "61": "N", "80": "N", "84": "E", "121": "E", "125": "N", "146": "E", "153": "W", "179": "W", "183": "S", "99": "S", "114": "N", "167": "E", "173": "E", "22": "S", "28": "S", "34": "E", "36": "S", "47": "E", "77": "E", "78": "E", "98": "N", "108": "E", "109": "E", "110": "N", "119": "E", "130": "W", "138": "N", "157": "S", "178": "E", "30": "N", "83": "S", "100": "E", "131": "W", "42": "S", "43": "S", "44": "N", "53": "S", "55": "S", "69": "S", "70": "E", "74": "E", "75": "S", "95": "E", "101": "E", "106": "S", "135": "E", "139": "N", "145": "S", "159": "N", "175": "E", "9": "E", "25": "S", "49": "E", "66": "S", "82": "S", "93": "E", "96": "S", "117": "N", "118": "S", "133": "W", "143": "E", "147": "N", "168": "E", "169": "S", "176": "E", "177": "S", "6": "E", "35": "S", "38": "E", "51": "S", "65": "E", "122": "S", "152": "N", "20": "E", "88": "E", "136": "S", "163": "S", "172": "E", "18": "S", "60": "E", "71": "S", "155": "E", "86": "S", "92": "S", "128": "E", "127": "S"}, {"31": "N", "33": "S", "39": "E", "56": "N", "59": "W", "62": "S", "73": "S", "104": "E", "111": "S", "129": "E", "137": "W", "148": "E", "149": "S", "161": "S", "171": "S", "185": "W", "8": "E", "11": "N", "13": "S", "16": "S", "23": "S", "24": "E", "32": "S", "37": "E", "50": "N", "58": "N", "67": "E", "68": "N", "89": "S", "90": "E", "112": "S", "151": "E", "158": "S", "181": "S", "182": "S", "2": "N", "7": "N", "29": "S", "40": "E", "52": "S", "57": "E", "64": "S", "80": "N", "102": "S", "103": "S", "121": "E", "125": "N", "146": "E", "153": "S", "179": "W", "99": "S", "167": "E", "173": "E", "10": "S", "22": "S", "28": "S", "34": "E", "45": "S", "47": "E", "77": "E", "98": "N", "108": "E", "109": "E", "110": "N", "130": "W", "157": "S", "83": "S", "100": "E", "131": "W", "43": "S", "44": "N", "55": "S", "70": "E", "75": "S", "95": "E", "101": "E", "106": "S", "135": "E", "139": "N", "145": "S", "53": "S", "156": "S", "175": "E", "9": "E", "49": "E", "82": "S", "93": "S", "96": "S", "117": "N", "118": "S", "133": "W", "143": "E", "147": "N", "168": "E", "169": "S", "176": "E", "177": "S", "6": "E", "35": "S", "38": "E", "51": "S", "65": "E", "122": "S", "152": "N", "20": "E", "88": "E", "136": "S", "163": "S", "172": "E", "18": "S", "60": "E", "71": "S", "155": "E", "17": "N", "86": "S", "92": "S", "128": "S", "127": "S"}, {"39": "E", "56": "E", "59": "S", "73": "S", "111": "S", "129": "E", "148": "E", "149": "S", "161": "S", "162": "S", "171": "S", "8": "E", "13": "S", "23": "S", "24": "E", "32": "W", "46": "S", "67": "N", "68": "N", "89": "S", "90": "E", "112": "S", "115": "S", "151": "E", "181": "S", "182": "S", "2": "W", "12": "S", "29": "W", "52": "S", "57": "E", "87": "N", "103": "S", "121": "E", "125": "N", "146": "E", "183": "S", "99": "S", "114": "N", "173": "E", "10": "S", "22": "S", "28": "S", "34": "E", "36": "S", "45": "S", "47": "E", "108": "E", "109": "E", "130": "W", "157": "S", "178": "E", "30": "N", "83": "S", "100": "E", "42": "S", "69": "S", "70": "E", "74": "E", "75": "S", "101": "E", "106": "S", "135": "E", "145": "S", "53": "S", "156": "S", "175": "E", "9": "E", "82": "S", "118": "S", "133": "W", "143": "E", "147": "N", "168": "E", "169": "S", "176": "E", "177": "S", "159": "N", "25": "S", "49": "E", "66": "S", "93": "S", "96": "S", "6": "E", "35": "S", "38": "E", "51": "S", "65": "E", "122": "S", "20": "E", "88": "E", "136": "S", "163": "S", "172": "E", "18": "S", "60": "E", "71": "S", "155": "E", "17": "E", "86": "S", "92": "S", "128": "E", "127": "S"}, {"39": "E", "59": "S", "73": "S", "111": "S", "161": "S", "162": "S", "8": "N", "23": "S", "24": "E", "46": "S", "50": "N", "68": "W", "112": "S", "115": "S", "151": "S", "181": "S", "182": "S", "7": "N", "12": "S", "57": "S", "103": "S", "121": "N", "183": "S", "99": "S", "114": "N", "167": "E", "10": "S", "28": "S", "36": "S", "45": "S", "47": "E", "98": "N", "130": "N", "178": "E", "30": "N", "83": "S", "42": "S", "69": "S", "70": "E", "74": "E", "106": "S", "139": "N", "53": "S", "156": "S", "9": "E", "82": "S", "117": "N", "133": "W", "143": "E", "169": "S", "159": "N", "25": "S", "66": "S", "96": "S", "38": "E", "51": "S", "65": "E", "122": "S", "93": "S", "35": "S", "152": "N", "88": "E", "136": "S", "163": "S", "172": "E", "18": "S", "60": "E", "71": "S", "155": "E", "17": "E", "86": "S", "92": "S", "128": "E", "127": "S"}, {"111": "S", "23": "W", "46": "S", "50": "N", "112": "S", "181": "E", "7": "N", "125": "N", "183": "S", "114": "E", "167": "S", "173": "E", "28": "S", "36": "S", "98": "N", "108": "E", "109": "E", "178": "N", "100": "E", "42": "S", "106": "S", "139": "N", "175": "E", "117": "N", "133": "W", "143": "E", "169": "S", "49": "E", "66": "S", "38": "E", "122": "S", "152": "N", "163": "S", "172": "E", "93": "S", "6": "E", "20": "E", "88": "E", "18": "S", "60": "E", "155": "E", "17": "E", "86": "S", "128": "E"}, {"23": "S", "46": "S", "103": "S", "125": "N", "183": "S", "99": "S", "173": "E", "36": "S", "45": "S", "108": "S", "109": "E", "30": "N", "83": "S", "100": "E", "42": "S", "74": "E", "53": "S", "156": "S", "175": "E", "133": "W", "159": "N", "49": "E", "66": "S", "96": "S", "35": "S", "6": "E", "93": "S", "20": "E", "88": "E", "136": "S", "60": "E", "71": "S", "155": "E", "17": "E", "92": "S", "128": "E", "127": "S"}, {"33": "S", "111": "S", "23": "S", "46": "E", "112": "S", "158": "S", "102": "S", "103": "S", "125": "W", "99": "S", "173": "N", "28": "S", "45": "S", "109": "S", "30": "N", "83": "S", "43": "S", "74": "E", "106": "S", "53": "S", "156": "S", "133": "N", "143": "E", "169": "S", "159": "N", "96": "S", "38": "E", "122": "S", "35": "S", "163": "S", "172": "E", "18": "S", "93": "S", "88": "E", "136": "S", "60": "E", "71": "S", "17": "E", "86": "S", "92": "S", "128": "E", "127": "S"}, {"33": "S", "23": "S", "158": "S", "102": "S", "103": "E", "183": "S", "99": "E", "36": "S", "30": "E", "100": "E", "42": "S", "43": "S", "74": "N", "175": "E", "143": "E", "49": "E", "66": "S", "38": "E", "172": "E", "6": "E", "18": "S", "20": "E", "88": "E", "60": "E", "86": "S", "155": "E", "17": "E", "128": "E"}, {"183": "W", "45": "S", "83": "S", "100": "E", "53": "S", "156": "S", "175": "E", "143": "N", "159": "N", "49": "E", "96": "S", "35": "S", "6": "E", "20": "E", "136": "S", "71": "S", "155": "E", "17": "E", "92": "S", "128": "E", "127": "S"}, {"36": "S", "45": "S", "83": "S", "100": "N", "42": "S", "53": "S", "156": "S", "159": "N", "66": "S", "96": "S", "38": "E", "35": "S", "172": "E", "88": "E", "136": "S", "60": "E", "71": "S", "17": "E", "92": "S", "127": "S"}, {"36": "S", "45": "E", "83": "E", "42": "S", "175": "E", "159": "E", "49": "E", "66": "S", "38": "S", "6": "E", "20": "E", "155": "E", "128": "E"}, {"36": "E", "53": "S", "156": "S", "175": "E", "49": "E", "96": "S", "35": "S", "172": "E", "6": "E", "20": "E", "88": "E", "136": "S", "60": "E", "71": "S", "155": "E", "17": "E", "92": "S", "128": "E", "127": "S"}, {"42": "S", "53": "W", "156": "W", "175": "N", "66": "S", "172": "E", "88": "E", "60": "E", "17": "E"}, {"42": "W", "49": "E", "96": "S", "35": "S", "172": "N", "6": "E", "20": "E", "136": "S", "71": "S", "155": "E", "92": "S", "128": "E", "127": "S"}, {"49": "S", "66": "S", "96": "S", "35": "S", "88": "E", "136": "S", "60": "E", "71": "S", "17": "E", "92": "S", "127": "S"}, {"66": "S", "96": "E", "6": "E", "20": "E", "88": "S", "155": "E", "128": "E"}, {"66": "E", "35": "S", "6": "E", "20": "E", "136": "S", "60": "E", "71": "S", "155": "E", "17": "E", "92": "S", "128": "E", "127": "S"}, {"35": "S", "6": "N", "136": "S", "60": "E", "71": "S", "17": "E", "92": "S", "127": "S"}, {"35": "E", "20": "E", "60": "N", "155": "E", "128": "E"}, {"20": "S", "136": "S", "71": "S", "17": "E", "92": "S", "127": "S"}, {"136": "W", "155": "E", "17": "S", "128": "E"}, {"71": "S", "155": "E", "92": "S", "128": "E", "127": "S"}, {"71": "S", "155": "N", "92": "S", "127": "S"}, {"71": "E", "128": "E"}, {"92": "S", "128": "S", "127": "S"}, {"92": "W"}, {"127": "S"}, {"127": "S"}, {"127": "E"}, {"12": "E"}, {"12": "N"}, {"12": "N"}, {"12": "N"}, {"12": "W"}, {"12": "W"}, {"12": "W"}, {"12": "W"}, {"12": "N"}, {"12": "N"}, {"12": "N"}, {"12": "N"}, {"12": "N"}, {"12": "N"}, {"12": "N"}, {"12": "N"}, {"12": "N"}, {"12": "N"}, {"12": "N"}, {"12": "N"}, {"12": "N"}, {"60": "S"}, {"60": "W"}, {"60": "W"}, {"60": "W"}, {"60": "W"}, {"60": "W"}, {"60": "W"}, {"60": "W"}, {"60": "W"}, {"60": "W"}, {"60": "W"}, {"60": "W"}, {"60": "W"}, {"60": "W"}, {"60": "W"}, {"60": "W"}, {"60": "S"}, {"60": "W"}, {"60": "W"}, {"60": "W"}, {"60": "W"}, {"60": "W"}, {"60": "S"}, {"60": "S"}, {"60": "S"}, {"60": "S"}, {"38": "N"}, {"38": "W"}, {"38": "W"}, {"38": "W"}, {"38": "W"}, {"38": "W"}, {"38": "W"}, {"38": "W"}, {"38": "W"}, {"38": "W"}, {"38": "W"}, {"38": "W"}, {"38": "W"}, {"38": "W"}, {"38": "S"}, {"38": "W"}, {"38": "W"}, {"38": "W"}, {"38": "W"}, {"38": "W"}, {"38": "N"}, {"106": "W"}, {"106": "N"}, {"106": "N"}, {"106": "N"}, {"106": "N"}, {"106": "N"}, {"106": "N"}, {"106": "N"}, {"106": "E"}, {"106": "N"}, {"106": "N"}, {"106": "N"}, {"106": "N"}, {"106": "N"}, {"106": "N"}, {"106": "E"}, {"106": "N"}, {"106": "N"}, {"106": "N"}, {"106": "E"}, {"106": "E"}, {"106": "E"}, {"106": "E"}, {"106": "E"}, {"106": "N"}, {"106": "N"}, {"106": "E"}, {"106": "E"}, {"106": "N"}, {"106": "N"}, {"106": "N"}, {"106": "N"}, {"106": "N"}, {"106": "W"}, {"106": "W"}, {"106": "N"}, {"106": "N"}, {"106": "W"}, {"106": "W"}, {"106": "W"}, {"106": "W"}, {"106": "S"}, {"106": "S"}, {"106": "S"}, {"106": "S"}, {"106": "S"}, {"109": "N"}, {"109": "W"}, {"109": "W"}, {"109": "W"}, {"109": "W"}, {"109": "W"}, {"109": "W"}, {"109": "W"}, {"109": "W"}, {"109": "W"}, {"109": "W"}, {"109": "W"}, {"109": "W"}, {"109": "W"}, {"109": "W"}, {"109": "W"}, {"109": "W"}, {"109": "W"}, {"109": "N"}, {"109": "N"}, {"78": "W"}, {"78": "W"}, {"78": "W"}, {"78": "W"}, {"78": "N"}, {"78": "N"}, {"78": "N"}, {"78": "N"}, {"78": "N"}, {"78": "N"}, {"78": "N"}, {"78": "N"}, {"78": "W"}, {"78": "W"}, {"78": "W"}, {"78": "N"}, {"78": "N"}, {"78": "N"}, {"78": "N"}, {"78": "N"}, {"78": "N"}, {"78": "W"}, {"78": "W"}, {"78": "N"}, {"78": "N"}, {"78": "W"}, {"78": "W"}, {"78": "W"}, {"78": "W"}, {"78": "W"}, {"78": "S"}, {"78": "S"}, {"78": "S"}, {"78": "S"}, {"78": "S"}, {"78": "S"}, {"102": "E"}, {"102": "N"}, {"102": "N"}, {"102": "N"}, {"102": "N"}, {"102": "N"}, {"102": "N"}, {"102": "N"}, {"102": "N"}, {"102": "N"}, {"102": "N"}, {"80": "E"}, {"80": "S"}, {"80": "S"}, {"80": "S"}, {"80": "W"}, {"80": "S"}, {"80": "S"}, {"80": "S"}, {"80": "S"}, {"80": "S"}, {"80": "S"}, {"80": "S"}, {"80": "S"}, {"80": "W"}, {"80": "S"}, {"80": "S"}, {"80": "S"}, {"80": "S"}, {"80": "S"}, {"80": "S"}, {"80": "S"}, {"80": "W"}, {"80": "W"}, {"80": "W"}, {"80": "W"}, {"15": "W"}, {"15": "N"}, {"15": "N"}, {"15": "W"}, {"15": "W"}, {"15": "W"}, {"15": "W"}, {"15": "W"}, {"15": "W"}, {"15": "W"}, {"15": "W"}, {"15": "W"}, {"15": "W"}, {"15": "W"}, {"15": "N"}, {"15": "N"}, {"15": "N"}, {"15": "N"}, {"15": "N"}, {"15": "N"}, {"15": "N"}, {"15": "N"}, {"73": "E"}, {"73": "N"}, {"73": "N"}, {"73": "N"}, {"73": "N"}, {"73": "N"}, {"73": "N"}, {"73": "W"}, {"73": "W"}, {"73": "W"}, {"73": "W"}, {"73": "W"}, {"73": "W"}, {"73": "W"}, {"73": "W"}, {"73": "N"}, {"73": "N"}, {"73": "N"}, {"73": "N"}, {"73": "N"}, {"73": "N"}, {"73": "N"}, {"72": "N"}, {"72": "N"}, {"72": "E"}, {"72": "E"}, {"72": "N"}, {"72": "E"}, {"72": "N"}, {"72": "N"}, {"72": "N"}, {"72": "N"}, {"72": "E"}, {"155": "S"}, {"155": "W"}, {"155": "W"}, {"155": "W"}, {"155": "W"}, {"155": "W"}, {"155": "W"}, {"155": "W"}, {"155": "W"}, {"155": "W"}, {"155": "W"}, {"155": "W"}, {"155": "W"}, {"155": "W"}, {"155": "W"}, {"155": "W"}, {"155": "W"}, {"155": "S"}, {"155": "S"}, {"155": "S"}, {"155": "W"}, {"155": "W"}, {"155": "W"}, {"155": "S"}, {"155": "W"}, {"155": "W"}, {"93": "N"}, {"93": "N"}, {"93": "N"}, {"93": "N"}, {"93": "N"}, {"93": "E"}, {"93": "E"}, {"93": "E"}, {"93": "N"}, {"93": "E"}, {"93": "E"}, {"93": "E"}, {"53": "E"}, {"53": "N"}, {"53": "N"}, {"53": "N"}, {"53": "N"}, {"53": "N"}, {"53": "N"}, {"53": "N"}, {"53": "N"}, {"53": "N"}, {"53": "N"}, {"53": "N"}, {"53": "E"}, {"53": "N"}, {"139": "W"}, {"139": "S"}, {"139": "S"}, {"139": "S"}, {"139": "W"}, {"139": "W"}, {"139": "W"}, {"139": "W"}, {"139": "W"}, {"139": "S"}, {"139": "W"}, {"139": "S"}, {"139": "S"}, {"139": "S"}, {"139": "S"}, {"139": "S"}, {"139": "S"}, {"139": "S"}, {"139": "S"}, {"139": "S"}, {"139": "S"}, {"139": "S"}, {"139": "S"}, {"139": "S"}, {"139": "E"}, {"139": "E"}, {"139": "E"}, {"139": "E"}, {"139": "E"}, {"70": "N"}, {"70": "W"}, {"70": "W"}, {"70": "W"}, {"70": "W"}, {"70": "W"}, {"70": "W"}, {"70": "W"}, {"70": "W"}, {"70": "W"}, {"70": "W"}, {"70": "N"}, {"70": "W"}, {"70": "W"}, {"70": "W"}, {"70": "W"}, {"70": "W"}, {"70": "S"}, {"55": "W"}, {"55": "N"}, {"55": "W"}, {"55": "N"}, {"55": "N"}, {"55": "N"}, {"55": "N"}, {"55": "N"}, {"55": "N"}, {"55": "N"}, {"55": "N"}, {"55": "N"}, {"55": "N"}, {"55": "N"}, {"55": "N"}, {"55": "N"}, {"55": "E"}, {"55": "N"}, {"55": "N"}, {"55": "N"}, {"55": "N"}, {"55": "N"}, {"55": "W"}, {"55": "W"}, {"55": "N"}, {"55": "N"}, {"55": "W"}, {"55": "W"}, {"55": "W"}, {"55": "W"}, {"55": "W"}, {"55": "S"}, {"55": "S"}, {"55": "S"}, {"55": "S"}, {"43": "E"}, {"43": "N"}, {"43": "N"}, {"43": "N"}, {"43": "N"}, {"43": "N"}, {"43": "N"}, {"43": "N"}, {"43": "E"}, {"43": "E"}, {"43": "N"}, {"43": "N"}, {"100": "S"}, {"100": "W"}, {"100": "W"}, {"100": "W"}, {"100": "W"}, {"100": "W"}, {"100": "W"}, {"100": "W"}, {"100": "W"}, {"100": "W"}, {"100": "W"}, {"100": "W"}, {"100": "W"}, {"100": "W"}, {"100": "S"}, {"100": "S"}, {"100": "S"}, {"100": "W"}, {"100": "W"}, {"100": "S"}, {"100": "W"}, {"100": "S"}, {"100": "W"}, {"100": "W"}, {"100": "W"}, {"100": "W"}, {"100": "N"}, {"100": "N"}, {"179": "N"}, {"179": "E"}, {"179": "E"}, {"179": "E"}, {"179": "E"}, {"179": "E"}, {"179": "E"}, {"179": "E"}, {"179": "S"}, {"179": "E"}, {"179": "S"}, {"179": "E"}, {"179": "E"}, {"179": "S"}, {"179": "E"}, {"179": "E"}, {"179": "E"}, {"179": "N"}, {"179": "E"}, {"179": "N"}, {"179": "E"}, {"179": "E"}, {"179": "N"}, {"179": "N"}, {"179": "N"}, {"179": "N"}, {"179": "W"}, {"179": "W"}, {"179": "W"}, {"179": "W"}, {"179": "W"}, {"179": "W"}, {"179": "S"}, {"182": "E"}, {"182": "N"}, {"182": "N"}, {"182": "N"}, {"182": "N"}, {"182": "W"}, {"182": "W"}, {"182": "W"}, {"182": "N"}, {"182": "N"}, {"182": "N"}, {"182": "N"}, {"182": "N"}, {"112": "W"}, {"112": "N"}, {"112": "N"}, {"112": "N"}, {"112": "N"}, {"112": "N"}, {"112": "N"}, {"112": "N"}, {"112": "N"}, {"112": "N"}, {"112": "E"}, {"112": "N"}, {"112": "N"}, {"112": "N"}, {"112": "W"}, {"68": "E"}, {"68": "S"}, {"68": "S"}, {"68": "S"}, {"68": "S"}, {"68": "S"}, {"68": "S"}, {"68": "E"}, {"68": "E"}, {"68": "E"}, {"68": "E"}, {"68": "E"}, {"68": "E"}, {"68": "S"}, {"68": "S"}, {"68": "E"}, {"68": "E"}, {"68": "S"}, {"68": "S"}, {"68": "S"}, {"68": "S"}, {"68": "S"}, {"68": "W"}, {"68": "S"}, {"68": "S"}, {"68": "S"}, {"68": "S"}, {"68": "S"}, {"68": "S"}, {"68": "S"}, {"68": "W"}, {"68": "W"}, {"24": "N"}, {"24": "W"}, {"24": "W"}, {"24": "W"}, {"24": "W"}, {"24": "W"}, {"24": "W"}, {"24": "W"}, {"24": "W"}, {"24": "W"}, {"24": "W"}, {"24": "W"}, {"24": "W"}, {"24": "S"}, {"24": "S"}, {"24": "S"}, {"24": "S"}, {"24": "S"}, {"24": "W"}, {"24": "W"}, {"24": "W"}, {"24": "W"}, {"24": "W"}, {"24": "W"}, {"24": "W"}, {"24": "N"}, {"16": "W"}, {"16": "N"}, {"16": "N"}, {"16": "N"}, {"16": "W"}, {"16": "N"}, {"16": "N"}, {"16": "N"}, {"16": "N"}, {"16": "N"}, {"16": "N"}, {"16": "N"}, {"16": "N"}, {"16": "N"}, {"16": "N"}, {"16": "N"}, {"16": "N"}, {"16": "N"}, {"16": "E"}, {"16": "N"}, {"16": "N"}, {"16": "N"}, {"16": "N"}, {"16": "N"}, {"16": "W"}, {"16": "W"}, {"16": "N"}, {"16": "N"}, {"16": "W"}, {"16": "W"}, {"16": "W"}, {"16": "W"}, {"16": "S"}, {"16": "S"}, {"16": "S"}, {"16": "S"}, {"170": "E"}, {"170": "S"}, {"170": "S"}, {"170": "S"}, {"170": "S"}, {"170": "S"}, {"170": "S"}, {"170": "S"}, {"170": "S"}, {"170": "S"}, {"170": "S"}, {"170": "E"}, {"170": "E"}, {"170": "S"}, {"170": "E"}, {"170": "E"}, {"170": "E"}, {"170": "E"}, {"170": "N"}, {"170": "E"}, {"170": "N"}, {"170": "N"}, {"170": "E"}, {"170": "E"}, {"170": "E"}, {"170": "E"}, {"170": "E"}, {"170": "E"}, {"170": "E"}, {"170": "N"}, {"170": "N"}, {"170": "N"}, {"170": "N"}, {"170": "N"}, {"170": "N"}, {"170": "W"}, {"170": "W"}, {"170": "W"}, {"170": "W"}, {"170": "W"}, {"170": "W"}, {"170": "N"}, {"105": "E"}, {"105": "S"}, {"105": "S"}, {"105": "S"}, {"105": "S"}, {"105": "S"}, {"105": "E"}, {"105": "E"}, {"105": "E"}, {"105": "E"}, {"105": "E"}, {"105": "E"}, {"105": "S"}, {"105": "S"}, {"105": "E"}, {"105": "E"}, {"105": "S"}, {"105": "S"}, {"105": "S"}, {"105": "S"}, {"105": "S"}, {"105": "W"}, {"105": "S"}, {"105": "S"}, {"105": "S"}, {"105": "S"}, {"105": "S"}, {"105": "S"}, {"105": "S"}, {"105": "S"}, {"105": "S"}, {"105": "W"}, {"105": "W"}, {"105": "W"}, {"105": "W"}, {"105": "W"}, {"105": "W"}, {"105": "N"}, {"128": "N"}, {"128": "W"}, {"128": "W"}, {"128": "W"}, {"128": "W"}, {"128": "W"}, {"128": "W"}, {"128": "W"}, {"128": "W"}, {"128": "W"}, {"128": "W"}, {"128": "W"}, {"128": "W"}, {"128": "W"}, {"128": "W"}, {"128": "W"}, {"128": "W"}, {"128": "N"}, {"128": "W"}, {"128": "W"}, {"128": "W"}, {"128": "W"}, {"128": "W"}, {"128": "N"}, {"6": "N"}, {"6": "N"}, {"6": "W"}, {"6": "W"}, {"6": "W"}, {"6": "W"}, {"6": "W"}, {"6": "W"}, {"6": "W"}, {"6": "W"}, {"6": "W"}, {"6": "W"}, {"6": "W"}, {"6": "W"}, {"6": "W"}, {"6": "W"}, {"6": "W"}, {"6": "W"}, {"6": "N"}, {"133": "S"}, {"133": "E"}, {"133": "E"}, {"133": "E"}, {"133": "E"}, {"133": "S"}, {"133": "S"}, {"133": "S"}, {"133": "S"}, {"133": "S"}, {"133": "E"}, {"133": "E"}, {"133": "S"}, {"133": "E"}, {"133": "E"}, {"133": "E"}, {"133": "E"}, {"133": "N"}, {"133": "E"}, {"133": "N"}, {"133": "N"}, {"133": "E"}, {"133": "E"}, {"133": "E"}, {"133": "E"}, {"133": "E"}, {"133": "E"}, {"133": "E"}, {"133": "N"}, {"133": "N"}, {"133": "N"}, {"133": "N"}, {"133": "N"}, {"133": "N"}, {"133": "W"}, {"133": "W"}, {"133": "W"}, {"133": "W"}, {"9": "N"}, {"9": "W"}, {"9": "W"}, {"9": "W"}, {"9": "W"}, {"9": "W"}, {"9": "N"}, {"9": "N"}, {"9": "N"}, {"9": "W"}, {"9": "W"}, {"9": "W"}, {"9": "N"}, {"9": "N"}, {"9": "N"}, {"9": "N"}, {"9": "N"}, {"9": "N"}, {"9": "W"}, {"9": "W"}, {"9": "N"}, {"9": "N"}, {"9": "W"}, {"9": "W"}, {"9": "W"}, {"9": "W"}, {"9": "W"}, {"9": "S"}, {"9": "S"}, {"9": "S"}, {"101": "S"}, {"101": "W"}, {"101": "W"}, {"101": "W"}, {"101": "W"}, {"101": "W"}, {"101": "N"}, {"101": "N"}, {"101": "N"}, {"101": "N"}, {"101": "N"}, {"101": "N"}, {"101": "W"}, {"101": "W"}, {"101": "W"}, {"101": "N"}, {"101": "N"}, {"101": "N"}, {"101": "N"}, {"101": "N"}, {"101": "N"}, {"101": "W"}, {"101": "W"}, {"101": "N"}, {"101": "N"}, {"101": "W"}, {"101": "W"}, {"101": "W"}, {"101": "W"}, {"101": "S"}, {"101": "S"}, {"101": "S"}, {"44": "S"}, {"44": "S"}, {"44": "S"}, {"44": "S"}, {"44": "S"}, {"44": "S"}, {"44": "S"}, {"44": "S"}, {"44": "S"}, {"44": "W"}, {"44": "S"}, {"44": "S"}, {"44": "S"}, {"44": "S"}, {"44": "S"}, {"44": "S"}, {"44": "S"}, {"44": "S"}, {"44": "S"}, {"34": "S"}, {"34": "W"}, {"34": "W"}, {"34": "W"}, {"34": "W"}, {"34": "W"}, {"34": "W"}, {"34": "W"}, {"34": "W"}, {"34": "W"}, {"34": "W"}, {"34": "N"}, {"34": "N"}, {"34": "N"}, {"34": "N"}, {"34": "W"}, {"34": "W"}, {"34": "W"}, {"10": "E"}, {"10": "N"}, {"10": "N"}, {"10": "N"}, {"10": "N"}, {"10": "N"}, {"10": "N"}, {"10": "N"}, {"10": "N"}, {"10": "W"}, {"87": "E"}, {"87": "S"}, {"87": "S"}, {"87": "S"}, {"87": "E"}, {"87": "E"}, {"87": "E"}, {"87": "S"}, {"87": "S"}, {"87": "E"}, {"87": "E"}, {"87": "S"}, {"87": "S"}, {"87": "S"}, {"87": "S"}, {"87": "S"}, {"87": "W"}, {"87": "S"}, {"87": "S"}, {"87": "S"}, {"87": "S"}, {"87": "S"}, {"87": "S"}, {"87": "S"}, {"87": "E"}, {"87": "S"}, {"87": "S"}, {"87": "S"}, {"87": "W"}, {"87": "W"}, {"87": "W"}, {"87": "W"}, {"87": "W"}, {"87": "W"}, {"87": "W"}, {"87": "N"}, {"64": "W"}, {"64": "N"}, {"64": "N"}, {"64": "N"}, {"64": "N"}, {"64": "N"}, {"64": "N"}, {"64": "N"}, {"64": "N"}, {"64": "W"}, {"64": "W"}, {"54": "W"}, {"54": "W"}, {"54": "W"}, {"54": "W"}, {"54": "S"}, {"54": "W"}, {"54": "W"}, {"54": "W"}, {"54": "S"}, {"54": "S"}, {"54": "S"}, {"54": "S"}, {"54": "S"}, {"54": "S"}, {"54": "W"}, {"54": "W"}, {"54": "W"}, {"54": "W"}, {"54": "W"}, {"54": "N"}, {"7": "W"}, {"7": "S"}, {"7": "S"}, {"7": "S"}, {"7": "S"}, {"7": "S"}, {"7": "S"}, {"7": "E"}, {"7": "E"}, {"7": "E"}, {"7": "E"}, {"7": "E"}, {"7": "E"}, {"7": "S"}, {"7": "S"}, {"7": "E"}, {"7": "E"}, {"7": "S"}, {"7": "S"}, {"7": "S"}, {"7": "S"}, {"7": "S"}, {"7": "W"}, {"7": "S"}, {"7": "S"}, {"7": "S"}, {"7": "S"}, {"7": "S"}, {"7": "S"}, {"7": "S"}, {"7": "E"}, {"7": "S"}, {"7": "S"}, {"7": "S"}, {"7": "W"}, {"7": "W"}, {"7": "N"}, {"76": "N"}, {"76": "W"}, {"76": "W"}, {"76": "W"}, {"76": "W"}, {"76": "W"}, {"76": "N"}, {"76": "N"}, {"76": "N"}, {"76": "N"}, {"13": "W"}, {"13": "N"}, {"13": "N"}, {"13": "N"}, {"13": "N"}, {"13": "N"}, {"13": "N"}, {"13": "N"}, {"13": "E"}, {"13": "E"}, {"13": "N"}, {"13": "N"}, {"164": "N"}, {"164": "W"}, {"164": "W"}, {"164": "W"}, {"164": "W"}, {"164": "N"}, {"164": "W"}, {"164": "W"}, {"164": "W"}, {"164": "W"}, {"164": "W"}, {"164": "W"}, {"164": "W"}, {"164": "W"}, {"164": "W"}, {"164": "W"}, {"164": "W"}, {"164": "W"}, {"164": "W"}, {"164": "W"}, {"164": "W"}, {"164": "W"}, {"164": "W"}, {"164": "S"}, {"164": "W"}, {"164": "S"}, {"164": "S"}, {"164": "S"}, {"164": "S"}, {"164": "S"}, {"164": "S"}, {"164": "S"}, {"164": "S"}, {"164": "S"}, {"164": "S"}, {"164": "S"}, {"164": "S"}, {"164": "E"}, {"164": "E"}, {"164": "E"}, {"164": "N"}, {"120": "W"}, {"120": "W"}, {"120": "W"}, {"120": "W"}, {"120": "W"}, {"120": "W"}, {"120": "W"}, {"120": "N"}, {"120": "N"}, {"120": "W"}, {"120": "W"}, {"120": "N"}, {"120": "N"}, {"120": "W"}, {"120": "W"}, {"120": "W"}, {"120": "W"}, {"120": "W"}, {"120": "W"}, {"120": "W"}, {"120": "N"}, {"120": "W"}, {"120": "W"}, {"120": "W"}, {"120": "W"}, {"120": "S"}, {"120": "W"}, {"120": "S"}, {"120": "S"}, {"120": "S"}, {"120": "S"}, {"120": "S"}, {"120": "S"}, {"120": "S"}, {"120": "S"}, {"120": "S"}, {"120": "S"}, {"120": "S"}, {"120": "S"}, {"120": "S"}, {"120": "E"}, {"120": "E"}, {"120": "E"}, {"120": "E"}, {"91": "W"}, {"91": "S"}, {"91": "W"}, {"91": "W"}, {"91": "W"}, {"91": "W"}, {"91": "W"}, {"91": "W"}, {"91": "W"}, {"91": "W"}, {"91": "W"}, {"91": "W"}, {"91": "W"}, {"91": "W"}, {"91": "W"}, {"91": "W"}, {"91": "S"}, {"91": "W"}, {"91": "S"}, {"91": "S"}, {"91": "S"}, {"91": "S"}, {"91": "S"}, {"91": "S"}, {"91": "S"}, {"91": "S"}, {"91": "S"}, {"91": "S"}, {"91": "S"}, {"91": "S"}, {"91": "S"}, {"91": "S"}, {"91": "E"}, {"91": "E"}, {"91": "E"}, {"91": "E"}, {"91": "E"}, {"79": "N"}, {"79": "W"}, {"79": "W"}, {"79": "W"}, {"79": "W"}, {"79": "W"}, {"79": "W"}, {"79": "W"}, {"79": "W"}, {"79": "W"}, {"79": "S"}, {"79": "S"}, {"79": "S"}, {"79": "W"}, {"79": "W"}, {"79": "W"}, {"79": "W"}, {"79": "W"}, {"79": "W"}, {"79": "W"}, {"79": "W"}, {"79": "S"}, {"79": "W"}, {"79": "S"}, {"79": "W"}, {"79": "W"}, {"79": "W"}, {"79": "W"}, {"79": "N"}, {"79": "W"}, {"79": "W"}, {"79": "N"}, {"79": "N"}, {"79": "N"}, {"79": "N"}, {"79": "N"}, {"79": "E"}, {"79": "E"}, {"79": "E"}, {"79": "E"}, {"56": "S"}, {"56": "S"}, {"56": "E"}, {"56": "S"}, {"56": "S"}, {"56": "S"}, {"56": "S"}, {"56": "E"}, {"56": "E"}, {"56": "E"}, {"56": "S"}, {"56": "S"}, {"56": "E"}, {"56": "E"}, {"56": "S"}, {"56": "S"}, {"56": "S"}, {"56": "S"}, {"56": "S"}, {"56": "W"}, {"56": "S"}, {"56": "S"}, {"56": "S"}, {"56": "S"}, {"56": "S"}, {"56": "S"}, {"56": "S"}, {"56": "E"}, {"56": "S"}, {"56": "S"}, {"56": "S"}, {"56": "W"}, {"56": "W"}, {"56": "W"}, {"56": "W"}, {"56": "W"}, {"56": "W"}, {"56": "W"}, {"56": "W"}, {"56": "N"}, {"14": "S"}, {"14": "S"}, {"14": "E"}, {"14": "E"}, {"14": "S"}, {"14": "S"}, {"14": "E"}, {"14": "E"}, {"14": "S"}, {"14": "S"}, {"14": "S"}, {"14": "S"}, {"14": "S"}, {"14": "W"}, {"14": "S"}, {"14": "S"}, {"14": "S"}, {"14": "S"}, {"14": "S"}, {"14": "S"}, {"14": "S"}, {"14": "E"}, {"14": "S"}, {"14": "S"}, {"14": "S"}, {"14": "W"}, {"14": "W"}, {"14": "W"}, {"14": "W"}, {"14": "W"}, {"14": "W"}, {"14": "N"}, {"86": "N"}, {"86": "N"}, {"86": "N"}, {"86": "N"}, {"86": "E"}, {"86": "E"}, {"86": "E"}, {"86": "E"}, {"86": "E"}, {"86": "E"}, {"86": "E"}, {"86": "N"}, {"86": "N"}, {"86": "N"}, {"86": "W"}, {"86": "N"}, {"86": "N"}, {"86": "N"}, {"86": "N"}, {"86": "N"}, {"86": "N"}, {"86": "N"}, {"86": "E"}, {"86": "N"}, {"86": "N"}, {"86": "N"}, {"86": "N"}, {"86": "N"}, {"86": "W"}, {"86": "W"}, {"86": "N"}, {"86": "N"}, {"86": "W"}, {"86": "W"}, {"86": "W"}, {"86": "W"}, {"86": "W"}, {"86": "S"}, {"86": "S"}, {"122": "W"}, {"122": "N"}, {"122": "N"}, {"122": "N"}, {"122": "W"}, {"122": "W"}, {"122": "N"}, {"122": "W"}, {"122": "W"}, {"122": "N"}, {"122": "W"}, {"122": "W"}, {"122": "N"}, {"122": "N"}, {"122": "N"}, {"122": "N"}, {"122": "N"}, {"122": "N"}, {"122": "E"}, {"122": "E"}, {"122": "E"}, {"122": "E"}, {"25": "N"}, {"25": "N"}, {"25": "N"}, {"25": "N"}, {"25": "E"}, {"25": "E"}, {"25": "E"}, {"25": "E"}, {"25": "N"}, {"25": "N"}, {"25": "N"}, {"25": "W"}, {"25": "N"}, {"25": "N"}, {"25": "N"}, {"25": "N"}, {"25": "N"}, {"25": "N"}, {"25": "N"}, {"25": "E"}, {"25": "N"}, {"25": "N"}, {"25": "N"}, {"25": "N"}, {"25": "N"}, {"25": "W"}, {"25": "W"}, {"25": "N"}, {"25": "N"}, {"25": "W"}, {"25": "W"}, {"25": "W"}, {"25": "W"}, {"25": "W"}, {"25": "W"}, {"25": "W"}, {"25": "S"}, {"25": "S"}, {"25": "S"}, {"169": "W"}, {"169": "N"}, {"169": "N"}, {"169": "N"}, {"169": "N"}, {"169": "N"}, {"169": "N"}, {"169": "E"}, {"169": "N"}, {"169": "E"}, {"169": "E"}, {"169": "E"}, {"169": "E"}, {"169": "E"}, {"169": "E"}, {"169": "E"}, {"169": "E"}, {"169": "N"}, {"169": "N"}, {"169": "N"}, {"169": "W"}, {"169": "N"}, {"169": "N"}, {"169": "N"}, {"169": "N"}, {"169": "N"}, {"169": "N"}, {"169": "N"}, {"168": "W"}, {"168": "W"}, {"168": "W"}, {"168": "W"}, {"168": "W"}, {"168": "W"}, {"168": "W"}, {"168": "S"}, {"168": "W"}, {"168": "W"}, {"168": "S"}, {"168": "S"}, {"83": "W"}, {"83": "N"}, {"83": "N"}, {"83": "N"}, {"83": "N"}, {"83": "N"}, {"83": "N"}, {"83": "N"}, {"83": "N"}, {"83": "N"}, {"83": "N"}, {"83": "E"}, {"83": "E"}, {"83": "E"}, {"83": "E"}, {"98": "E"}, {"98": "S"}, {"98": "E"}, {"98": "S"}, {"98": "S"}, {"98": "S"}, {"98": "S"}, {"98": "E"}, {"98": "E"}, {"98": "E"}, {"98": "S"}, {"98": "S"}, {"98": "E"}, {"98": "E"}, {"98": "S"}, {"98": "S"}, {"98": "S"}, {"98": "S"}, {"98": "S"}, {"98": "S"}, {"98": "W"}, {"98": "S"}, {"98": "S"}, {"98": "S"}, {"98": "S"}, {"98": "S"}, {"98": "S"}, {"98": "E"}, {"98": "S"}, {"98": "S"}, {"98": "S"}, {"98": "W"}, {"98": "S"}, {"98": "W"}, {"98": "W"}, {"98": "W"}, {"98": "W"}, {"98": "W"}, {"98": "W"}, {"98": "N"}, {"36": "W"}, {"36": "N"}, {"36": "N"}, {"36": "N"}, {"36": "N"}, {"36": "N"}, {"36": "N"}, {"36": "N"}, {"36": "N"}, {"36": "W"}, {"36": "N"}, {"36": "N"}, {"36": "N"}, {"121": "S"}, {"121": "W"}, {"121": "W"}, {"121": "W"}, {"121": "W"}, {"121": "W"}, {"121": "W"}, {"121": "W"}, {"121": "W"}, {"121": "W"}, {"121": "W"}, {"121": "N"}, {"121": "N"}, {"121": "N"}, {"121": "N"}, {"121": "N"}, {"121": "N"}, {"121": "W"}, {"121": "W"}, {"121": "N"}, {"121": "N"}, {"121": "W"}, {"121": "W"}, {"121": "W"}, {"121": "W"}, {"121": "W"}, {"121": "W"}, {"121": "W"}, {"121": "N"}, {"121": "W"}, {"121": "W"}, {"121": "W"}, {"121": "W"}, {"121": "S"}, {"121": "W"}, {"121": "S"}, {"121": "S"}, {"121": "S"}, {"121": "S"}, {"121": "E"}, {"121": "E"}, {"84": "S"}, {"84": "W"}, {"84": "W"}, {"84": "W"}, {"84": "W"}, {"84": "W"}, {"84": "W"}, {"84": "W"}, {"84": "W"}, {"84": "W"}, {"84": "S"}, {"84": "W"}, {"84": "W"}, {"84": "W"}, {"84": "W"}, {"84": "W"}, {"84": "W"}, {"84": "W"}, {"84": "N"}, {"57": "N"}, {"57": "W"}, {"57": "W"}, {"57": "W"}, {"57": "W"}, {"57": "W"}, {"57": "W"}, {"57": "W"}, {"57": "W"}, {"57": "W"}, {"57": "W"}, {"57": "S"}, {"57": "S"}, {"57": "S"}, {"57": "W"}, {"57": "S"}, {"57": "W"}, {"57": "W"}, {"57": "W"}, {"57": "W"}, {"57": "W"}, {"57": "W"}, {"57": "W"}, {"57": "W"}, {"57": "S"}, {"57": "W"}, {"57": "W"}, {"57": "W"}, {"57": "W"}, {"57": "N"}, {"57": "W"}, {"57": "W"}, {"57": "N"}, {"57": "N"}, {"57": "N"}, {"57": "N"}, {"57": "N"}, {"57": "E"}, {"57": "E"}, {"57": "E"}, {"52": "W"}, {"52": "N"}, {"52": "N"}, {"52": "N"}, {"52": "N"}, {"52": "N"}, {"52": "N"}, {"52": "E"}, {"52": "E"}, {"52": "N"}, {"52": "E"}, {"52": "N"}, {"52": "N"}, {"52": "N"}, {"52": "W"}, {"52": "N"}, {"52": "N"}, {"52": "N"}, {"52": "N"}, {"52": "N"}, {"52": "N"}, {"52": "E"}, {"52": "N"}, {"52": "N"}, {"52": "N"}, {"52": "N"}, {"52": "N"}, {"52": "N"}, {"52": "W"}, {"52": "W"}, {"52": "N"}, {"52": "N"}, {"52": "W"}, {"52": "W"}, {"52": "W"}, {"52": "W"}, {"52": "S"}, {"52": "S"}, {"2": "E"}, {"2": "S"}, {"2": "S"}, {"2": "S"}, {"2": "S"}, {"2": "S"}, {"2": "S"}, {"2": "E"}, {"2": "E"}, {"2": "S"}, {"2": "S"}, {"2": "S"}, {"2": "S"}, {"2": "S"}, {"2": "S"}, {"2": "W"}, {"2": "S"}, {"2": "S"}, {"2": "S"}, {"2": "S"}, {"2": "S"}, {"2": "S"}, {"2": "E"}, {"2": "S"}, {"2": "S"}, {"2": "S"}, {"2": "W"}, {"2": "S"}, {"2": "W"}, {"2": "W"}, {"2": "N"}, {"174": "E"}, {"174": "S"}, {"174": "S"}, {"174": "S"}, {"174": "S"}, {"174": "E"}, {"174": "E"}, {"174": "E"}, {"174": "E"}, {"174": "E"}, {"174": "E"}, {"174": "S"}, {"174": "S"}, {"174": "E"}, {"174": "E"}, {"174": "S"}, {"174": "S"}, {"174": "S"}, {"174": "S"}, {"174": "S"}, {"174": "S"}, {"174": "W"}, {"174": "W"}, {"174": "S"}, {"174": "W"}, {"97": "S"}, {"97": "W"}, {"97": "W"}, {"97": "W"}, {"97": "W"}, {"97": "W"}, {"97": "W"}, {"97": "W"}, {"97": "W"}, {"97": "W"}, {"97": "S"}, {"58": "S"}, {"58": "W"}, {"58": "W"}, {"58": "W"}, {"58": "W"}, {"58": "W"}, {"58": "S"}, {"58": "S"}, {"58": "S"}, {"58": "S"}, {"58": "S"}, {"58": "S"}, {"58": "W"}, {"58": "W"}, {"58": "W"}, {"58": "S"}, {"58": "S"}, {"58": "S"}, {"58": "S"}, {"58": "S"}, {"48": "W"}, {"48": "W"}, {"48": "W"}, {"48": "S"}, {"48": "W"}, {"48": "S"}, {"48": "S"}, {"48": "S"}, {"48": "S"}, {"48": "S"}, {"48": "S"}, {"48": "S"}, {"48": "S"}, {"48": "S"}, {"48": "W"}, {"48": "W"}, {"48": "W"}, {"48": "S"}, {"48": "S"}, {"48": "S"}, {"48": "S"}, {"19": "W"}, {"19": "S"}, {"19": "S"}, {"19": "S"}, {"19": "S"}, {"19": "S"}, {"19": "E"}, {"19": "E"}, {"19": "S"}, {"19": "S"}, {"19": "S"}, {"19": "S"}, {"19": "S"}, {"19": "S"}, {"19": "W"}, {"19": "S"}, {"19": "S"}, {"19": "S"}, {"19": "E"}, {"19": "S"}, {"19": "S"}, {"19": "S"}, {"19": "E"}, {"19": "S"}, {"19": "S"}, {"19": "S"}, {"19": "W"}, {"19": "W"}, {"8": "S"}, {"8": "W"}, {"8": "W"}, {"8": "W"}, {"8": "W"}, {"8": "W"}, {"8": "W"}, {"8": "W"}, {"8": "W"}, {"8": "W"}, {"8": "W"}, {"8": "W"}, {"8": "N"}, {"180": "E"}, {"180": "E"}, {"180": "E"}, {"180": "N"}, {"180": "E"}, {"180": "E"}, {"180": "E"}, {"180": "E"}, {"180": "S"}, {"180": "E"}, {"180": "E"}, {"180": "E"}, {"180": "E"}, {"180": "E"}, {"180": "E"}, {"180": "E"}, {"180": "S"}, {"180": "S"}, {"180": "E"}, {"180": "E"}, {"180": "S"}, {"180": "S"}, {"180": "S"}, {"180": "S"}, {"180": "S"}, {"180": "S"}, {"180": "W"}, {"180": "W"}, {"126": "E"}, {"126": "S"}, {"126": "S"}, {"126": "S"}, {"126": "S"}, {"126": "S"}, {"126": "S"}, {"126": "S"}, {"126": "S"}, {"126": "S"}, {"126": "S"}, {"126": "S"}, {"126": "S"}, {"126": "S"}, {"126": "E"}, {"126": "E"}, {"126": "S"}, {"126": "E"}, {"126": "E"}, {"126": "E"}, {"126": "E"}, {"126": "N"}, {"126": "E"}, {"126": "E"}, {"126": "E"}, {"126": "E"}, {"126": "E"}, {"126": "E"}, {"126": "E"}, {"126": "E"}, {"126": "E"}, {"126": "N"}, {"126": "E"}, {"126": "N"}, {"126": "N"}, {"126": "N"}, {"126": "W"}, {"126": "W"}, {"116": "W"}, {"116": "N"}, {"116": "W"}, {"116": "W"}, {"116": "N"}, {"116": "N"}, {"116": "N"}, {"116": "N"}, {"116": "N"}, {"116": "N"}, {"116": "W"}, {"116": "N"}, {"116": "N"}, {"116": "N"}, {"116": "W"}, {"41": "N"}, {"41": "W"}, {"41": "W"}, {"41": "W"}, {"41": "W"}, {"41": "W"}, {"41": "W"}, {"41": "S"}, {"41": "S"}, {"41": "S"}, {"41": "W"}, {"41": "W"}, {"41": "S"}, {"41": "S"}, {"41": "S"}, {"41": "S"}, {"41": "S"}, {"41": "S"}, {"41": "W"}, {"41": "S"}, {"41": "W"}, {"41": "W"}, {"41": "W"}, {"41": "W"}, {"41": "W"}, {"41": "W"}, {"41": "W"}, {"41": "W"}, {"41": "W"}, {"41": "S"}, {"41": "W"}, {"41": "W"}, {"41": "W"}, {"41": "W"}, {"41": "N"}, {"41": "W"}, {"41": "W"}, {"41": "N"}, {"41": "N"}, {"41": "N"}, {"41": "N"}, {"41": "E"}, {"41": "E"}, {"41": "E"}, {"41": "E"}, {"31": "E"}, {"31": "S"}, {"31": "S"}, {"31": "S"}, {"31": "S"}, {"31": "S"}, {"31": "S"}, {"31": "S"}, {"31": "S"}, {"31": "S"}, {"31": "S"}, {"31": "S"}, {"31": "S"}, {"31": "S"}, {"31": "S"}, {"31": "E"}, {"31": "E"}, {"31": "S"}, {"31": "S"}, {"31": "S"}, {"31": "W"}, {"31": "W"}, {"31": "S"}, {"31": "S"}, {"31": "S"}, {"31": "S"}, {"31": "S"}, {"31": "S"}, {"31": "W"}, {"31": "S"}, {"31": "W"}, {"31": "W"}, {"31": "W"}, {"31": "W"}, {"31": "W"}, {"31": "N"}, {"26": "E"}, {"26": "S"}, {"26": "S"}, {"26": "S"}, {"26": "S"}, {"26": "S"}, {"26": "E"}, {"26": "E"}, {"26": "S"}, {"26": "S"}, {"26": "S"}, {"26": "S"}, {"26": "S"}, {"26": "S"}, {"26": "E"}, {"26": "E"}, {"26": "E"}, {"26": "S"}, {"26": "S"}, {"26": "S"}, {"26": "W"}, {"26": "W"}, {"26": "S"}, {"26": "S"}, {"26": "S"}, {"26": "S"}, {"26": "S"}, {"26": "S"}, {"26": "W"}, {"26": "S"}, {"26": "W"}, {"26": "W"}, {"26": "W"}, {"26": "W"}, {"26": "W"}, {"26": "W"}, {"26": "N"}, {"3": "N"}, {"3": "N"}, {"3": "W"}, {"3": "W"}, {"3": "W"}, {"3": "N"}, {"3": "W"}, {"3": "W"}, {"3": "N"}, {"3": "N"}, {"3": "N"}, {"3": "N"}, {"3": "N"}, {"3": "N"}, {"3": "N"}, {"3": "N"}, {"3": "N"}, {"3": "N"}, {"3": "N"}, {"3": "N"}, {"3": "N"}, {"3": "N"}, {"3": "N"}, {"3": "E"}, {"3": "N"}, {"3": "N"}, {"3": "N"}, {"3": "E"}, {"3": "N"}, {"3": "E"}, {"3": "E"}, {"3": "E"}, {"3": "E"}, {"3": "S"}, {"3": "S"}, {"3": "S"}, {"3": "E"}, {"3": "S"}, {"92": "E"}, {"92": "N"}, {"92": "N"}, {"92": "N"}, {"92": "N"}, {"92": "N"}, {"92": "N"}, {"92": "N"}, {"92": "N"}, {"92": "N"}, {"92": "N"}, {"92": "N"}, {"92": "N"}, {"92": "E"}, {"92": "E"}, {"92": "E"}, {"92": "E"}, {"92": "E"}, {"92": "E"}, {"92": "N"}, {"92": "E"}, {"92": "N"}, {"92": "N"}, {"92": "N"}, {"92": "N"}, {"92": "N"}, {"92": "N"}, {"92": "E"}, {"92": "E"}, {"92": "N"}, {"92": "N"}, {"92": "N"}, {"92": "W"}, {"92": "W"}, {"92": "W"}, {"92": "N"}, {"92": "N"}, {"92": "N"}, {"92": "N"}, {"92": "N"}, {"92": "N"}, {"92": "W"}, {"92": "W"}, {"92": "N"}, {"17": "N"}, {"17": "W"}, {"17": "W"}, {"17": "W"}, {"17": "W"}, {"17": "W"}, {"17": "W"}, {"17": "W"}, {"17": "W"}, {"17": "W"}, {"17": "W"}, {"17": "S"}, {"17": "S"}, {"17": "S"}, {"17": "W"}, {"17": "W"}, {"17": "W"}, {"17": "S"}, {"17": "S"}, {"17": "W"}, {"66": "W"}, {"66": "N"}, {"66": "N"}, {"66": "N"}, {"66": "N"}, {"66": "N"}, {"66": "N"}, {"66": "N"}, {"66": "N"}, {"66": "N"}, {"66": "N"}, {"66": "N"}, {"49": "N"}, {"49": "W"}, {"49": "W"}, {"49": "W"}, {"49": "W"}, {"49": "W"}, {"49": "W"}, {"49": "W"}, {"49": "W"}, {"49": "W"}, {"49": "W"}, {"49": "N"}, {"49": "N"}, {"49": "N"}, {"49": "W"}, {"49": "W"}, {"49": "W"}, {"49": "N"}, {"49": "N"}, {"49": "N"}, {"49": "N"}, {"49": "N"}, {"49": "N"}, {"49": "W"}, {"49": "N"}, {"49": "N"}, {"49": "W"}, {"49": "W"}, {"49": "W"}, {"49": "W"}, {"49": "W"}, {"49": "W"}, {"49": "W"}, {"49": "S"}, {"49": "S"}, {"82": "E"}, {"82": "N"}, {"82": "N"}, {"82": "W"}, {"82": "W"}, {"82": "W"}, {"82": "W"}, {"82": "W"}, {"82": "W"}, {"82": "W"}, {"82": "W"}, {"82": "W"}, {"82": "W"}, {"82": "W"}, {"82": "W"}, {"82": "W"}, {"82": "N"}, {"82": "N"}, {"82": "W"}, {"82": "W"}, {"82": "N"}, {"82": "N"}, {"82": "N"}, {"82": "N"}, {"82": "N"}, {"82": "N"}, {"82": "N"}, {"82": "N"}, {"82": "N"}, {"82": "N"}, {"82": "N"}, {"82": "N"}, {"82": "N"}, {"82": "N"}, {"82": "E"}, {"82": "E"}, {"30": "W"}, {"30": "S"}, {"30": "S"}, {"30": "S"}, {"30": "S"}, {"30": "S"}, {"30": "S"}, {"30": "S"}, {"30": "S"}, {"30": "S"}, {"30": "S"}, {"30": "S"}, {"30": "S"}, {"30": "S"}, {"30": "E"}, {"30": "E"}, {"30": "S"}, {"30": "S"}, {"30": "S"}, {"30": "W"}, {"30": "W"}, {"30": "S"}, {"30": "S"}, {"30": "S"}, {"30": "S"}, {"30": "S"}, {"30": "S"}, {"30": "S"}, {"138": "S"}, {"138": "S"}, {"138": "E"}, {"138": "E"}, {"138": "E"}, {"138": "E"}, {"138": "E"}, {"138": "E"}, {"138": "E"}, {"138": "E"}, {"138": "S"}, {"138": "S"}, {"138": "E"}, {"138": "S"}, {"138": "S"}, {"138": "S"}, {"138": "S"}, {"138": "E"}, {"110": "E"}, {"110": "S"}, {"110": "S"}, {"110": "S"}, {"110": "S"}, {"110": "S"}, {"110": "S"}, {"110": "S"}, {"110": "S"}, {"110": "E"}, {"110": "S"}, {"110": "S"}, {"110": "S"}, {"110": "E"}, {"110": "S"}, {"110": "S"}, {"110": "S"}, {"110": "W"}, {"110": "W"}, {"110": "W"}, {"110": "S"}, {"110": "S"}, {"110": "S"}, {"108": "N"}, {"108": "W"}, {"108": "W"}, {"108": "W"}, {"108": "W"}, {"108": "W"}, {"108": "W"}, {"108": "W"}, {"108": "W"}, {"108": "W"}, {"108": "W"}, {"108": "N"}, {"108": "N"}, {"108": "N"}, {"108": "N"}, {"108": "N"}, {"108": "N"}, {"108": "W"}, {"108": "N"}, {"108": "N"}, {"108": "W"}, {"108": "W"}, {"108": "W"}, {"108": "W"}, {"108": "W"}, {"108": "S"}, {"47": "N"}, {"47": "W"}, {"47": "W"}, {"47": "W"}, {"47": "W"}, {"47": "W"}, {"47": "W"}, {"47": "W"}, {"47": "W"}, {"47": "W"}, {"47": "S"}, {"47": "S"}, {"47": "S"}, {"47": "S"}, {"47": "S"}, {"47": "S"}, {"47": "W"}, {"47": "S"}, {"47": "W"}, {"28": "W"}, {"28": "N"}, {"28": "N"}, {"28": "N"}, {"28": "N"}, {"28": "N"}, {"28": "N"}, {"28": "N"}, {"28": "W"}, {"28": "W"}, {"28": "W"}, {"28": "W"}, {"28": "N"}, {"28": "W"}, {"28": "W"}, {"28": "N"}, {"28": "N"}, {"28": "N"}, {"28": "N"}, {"28": "N"}, {"28": "N"}, {"28": "N"}, {"28": "N"}, {"28": "N"}, {"28": "N"}, {"28": "N"}, {"28": "N"}, {"28": "N"}, {"28": "N"}, {"28": "N"}, {"28": "N"}, {"28": "N"}, {"28": "E"}, {"28": "N"}, {"28": "E"}, {"28": "N"}, {"28": "E"}, {"28": "E"}, {"28": "E"}, {"28": "E"}, {"28": "S"}, {"28": "S"}, {"28": "E"}, {"28": "E"}, {"173": "S"}, {"173": "W"}, {"173": "W"}, {"173": "W"}, {"173": "W"}, {"173": "W"}, {"173": "W"}, {"173": "W"}, {"173": "W"}, {"173": "W"}, {"173": "W"}, {"173": "S"}, {"114": "W"}, {"114": "S"}, {"114": "S"}, {"114": "S"}, {"114": "S"}, {"114": "S"}, {"114": "S"}, {"114": "S"}, {"114": "S"}, {"114": "S"}, {"114": "E"}, {"114": "S"}, {"114": "S"}, {"114": "S"}, {"114": "E"}, {"114": "S"}, {"114": "S"}, {"114": "S"}, {"114": "W"}, {"114": "S"}, {"114": "S"}, {"114": "W"}, {"114": "S"}, {"114": "S"}, {"153": "S"}, {"153": "S"}, {"153": "S"}, {"153": "S"}, {"153": "S"}, {"153": "E"}, {"153": "E"}, {"153": "S"}, {"153": "S"}, {"153": "S"}, {"153": "S"}, {"153": "S"}, {"153": "S"}, {"153": "S"}, {"153": "S"}, {"153": "E"}, {"153": "E"}, {"153": "S"}, {"153": "E"}, {"153": "E"}, {"153": "E"}, {"153": "E"}, {"153": "E"}, {"153": "E"}, {"153": "E"}, {"153": "E"}, {"153": "E"}, {"153": "E"}, {"153": "E"}, {"153": "E"}, {"153": "E"}, {"153": "N"}, {"153": "N"}, {"153": "E"}, {"153": "N"}, {"125": "E"}, {"125": "S"}, {"125": "S"}, {"125": "S"}, {"125": "S"}, {"125": "S"}, {"125": "S"}, {"125": "S"}, {"125": "E"}, {"125": "E"}, {"125": "E"}, {"125": "E"}, {"125": "E"}, {"125": "E"}, {"125": "E"}, {"125": "S"}, {"125": "S"}, {"125": "E"}, {"125": "S"}, {"125": "S"}, {"125": "S"}, {"125": "S"}, {"125": "S"}, {"61": "W"}, {"61": "S"}, {"61": "S"}, {"61": "W"}, {"61": "W"}, {"61": "W"}, {"61": "S"}, {"61": "W"}, {"61": "S"}, {"61": "S"}, {"61": "S"}, {"61": "S"}, {"61": "S"}, {"61": "S"}, {"61": "S"}, {"61": "S"}, {"61": "S"}, {"61": "S"}, {"61": "S"}, {"61": "S"}, {"61": "S"}, {"61": "S"}, {"61": "S"}, {"61": "W"}, {"61": "S"}, {"61": "S"}, {"61": "S"}, {"61": "E"}, {"61": "E"}, {"61": "S"}, {"61": "E"}, {"61": "E"}, {"61": "E"}, {"61": "E"}, {"61": "N"}, {"61": "E"}, {"61": "E"}, {"181": "E"}, {"181": "N"}, {"181": "N"}, {"181": "E"}, {"181": "N"}, {"181": "N"}, {"181": "N"}, {"181": "N"}, {"181": "N"}, {"181": "N"}, {"181": "N"}, {"181": "N"}, {"181": "N"}, {"181": "N"}, {"181": "N"}, {"181": "N"}, {"181": "N"}, {"181": "N"}, {"181": "N"}, {"181": "W"}, {"181": "N"}, {"181": "N"}, {"181": "N"}, {"181": "W"}, {"160": "S"}, {"160": "E"}, {"160": "S"}, {"160": "S"}, {"160": "S"}, {"160": "S"}, {"160": "S"}, {"160": "S"}, {"160": "S"}, {"160": "S"}, {"160": "S"}, {"160": "S"}, {"160": "E"}, {"160": "E"}, {"160": "E"}, {"144": "S"}, {"144": "W"}, {"144": "W"}, {"144": "W"}, {"144": "W"}, {"144": "W"}, {"144": "W"}, {"144": "W"}, {"144": "N"}, {"144": "N"}, {"144": "N"}, {"144": "N"}, {"144": "N"}, {"144": "N"}, {"144": "W"}, {"63": "E"}, {"63": "E"}, {"63": "E"}, {"63": "S"}, {"63": "E"}, {"63": "E"}, {"63": "E"}, {"63": "E"}, {"63": "N"}, {"50": "E"}, {"50": "E"}, {"50": "S"}, {"50": "S"}, {"50": "S"}, {"50": "S"}, {"50": "S"}, {"50": "S"}, {"50": "S"}, {"50": "E"}, {"50": "E"}, {"50": "E"}, {"50": "E"}, {"50": "S"}, {"50": "S"}, {"50": "E"}, {"50": "S"}, {"50": "S"}, {"50": "E"}, {"50": "E"}, {"50": "S"}, {"50": "S"}, {"50": "S"}, {"50": "S"}, {"50": "E"}, {"50": "S"}, {"50": "S"}, {"50": "S"}, {"50": "W"}, {"50": "S"}, {"50": "S"}, {"50": "S"}, {"50": "S"}, {"50": "S"}, {"50": "S"}, {"50": "W"}, {"50": "W"}, {"46": "W"}, {"46": "N"}, {"46": "N"}, {"46": "N"}, {"46": "N"}, {"46": "N"}, {"46": "N"}, {"46": "N"}, {"46": "N"}, {"46": "E"}, {"46": "E"}, {"46": "E"}, {"46": "E"}, {"46": "E"}, {"46": "N"}, {"46": "N"}, {"46": "N"}, {"46": "N"}, {"46": "N"}, {"46": "N"}, {"46": "N"}, {"46": "N"}, {"46": "E"}, {"46": "N"}, {"46": "N"}, {"46": "N"}, {"46": "W"}, {"46": "N"}, {"46": "N"}, {"46": "N"}, {"46": "N"}, {"46": "W"}, {"46": "W"}, {"46": "N"}, {"46": "N"}, {"46": "W"}, {"46": "N"}, {"46": "N"}, {"46": "W"}, {"46": "W"}, {"46": "W"}, {"46": "W"}, {"46": "W"}, {"46": "W"}, {"46": "W"}, {"46": "W"}, {"46": "S"}, {"46": "S"}, {"23": "E"}, {"23": "N"}, {"23": "N"}, {"23": "N"}, {"23": "N"}, {"23": "N"}, {"23": "N"}, {"23": "N"}, {"23": "N"}, {"23": "N"}, {"23": "N"}, {"171": "W"}, {"171": "N"}, {"171": "N"}, {"171": "N"}, {"171": "N"}, {"171": "N"}, {"171": "N"}, {"171": "W"}, {"171": "W"}, {"171": "W"}, {"171": "W"}, {"171": "W"}, {"171": "W"}, {"171": "W"}, {"171": "W"}, {"171": "W"}, {"171": "N"}, {"171": "W"}, {"171": "N"}, {"171": "W"}, {"171": "W"}, {"171": "N"}, {"171": "N"}, {"171": "N"}, {"171": "N"}, {"171": "N"}, {"171": "N"}, {"171": "E"}, {"171": "E"}, {"171": "E"}, {"165": "E"}, {"165": "S"}, {"165": "S"}, {"165": "S"}, {"165": "S"}, {"165": "S"}, {"165": "S"}, {"165": "S"}, {"165": "E"}, {"165": "E"}, {"165": "S"}, {"165": "E"}, {"165": "E"}, {"165": "E"}, {"165": "E"}, {"165": "E"}, {"165": "E"}, {"165": "E"}, {"165": "E"}, {"165": "E"}, {"165": "E"}, {"165": "E"}, {"165": "E"}, {"165": "E"}, {"165": "E"}, {"165": "E"}, {"165": "N"}, {"165": "N"}, {"165": "N"}, {"165": "N"}, {"165": "N"}, {"165": "W"}, {"165": "N"}, {"165": "W"}, {"165": "N"}, {"154": "S"}, {"154": "E"}, {"154": "E"}, {"154": "S"}, {"154": "S"}, {"154": "S"}, {"154": "S"}, {"154": "S"}, {"154": "E"}, {"154": "E"}, {"154": "S"}, {"154": "E"}, {"154": "E"}, {"154": "E"}, {"154": "E"}, {"154": "E"}, {"154": "N"}, {"141": "N"}, {"141": "W"}, {"141": "W"}, {"141": "W"}, {"141": "W"}, {"141": "W"}, {"141": "W"}, {"141": "S"}, {"141": "S"}, {"141": "S"}, {"141": "S"}, {"141": "S"}, {"141": "W"}, {"141": "S"}, {"123": "E"}, {"123": "E"}, {"123": "N"}, {"123": "N"}, {"123": "N"}, {"123": "N"}, {"123": "N"}, {"123": "N"}, {"123": "E"}, {"123": "N"}, {"123": "E"}, {"123": "E"}, {"123": "E"}, {"123": "E"}, {"123": "S"}, {"123": "E"}, {"123": "E"}, {"123": "E"}, {"123": "E"}, {"123": "E"}, {"123": "E"}, {"123": "E"}, {"123": "E"}, {"123": "S"}, {"123": "S"}, {"123": "E"}, {"123": "S"}, {"123": "S"}, {"123": "S"}, {"123": "S"}, {"111": "W"}, {"111": "N"}, {"111": "N"}, {"111": "N"}, {"111": "N"}, {"111": "N"}, {"111": "N"}, {"111": "N"}, {"111": "N"}, {"111": "N"}, {"111": "E"}, {"111": "E"}, {"111": "E"}, {"111": "E"}, {"111": "E"}, {"111": "E"}, {"111": "E"}, {"111": "E"}, {"111": "E"}, {"111": "E"}, {"111": "E"}, {"111": "N"}, {"111": "N"}, {"111": "N"}, {"111": "N"}, {"111": "N"}, {"111": "N"}, {"111": "N"}, {"111": "N"}, {"111": "E"}, {"111": "N"}, {"111": "N"}, {"111": "N"}, {"111": "W"}, {"111": "N"}, {"111": "N"}, {"111": "N"}, {"111": "N"}, {"111": "W"}, {"111": "W"}, {"111": "N"}, {"111": "N"}, {"111": "W"}, {"111": "W"}, {"107": "S"}, {"107": "W"}, {"107": "W"}, {"107": "W"}, {"107": "W"}, {"107": "W"}, {"107": "W"}, {"107": "W"}, {"107": "W"}, {"107": "W"}, {"107": "W"}, {"107": "W"}, {"107": "W"}, {"107": "W"}, {"107": "W"}, {"107": "W"}, {"107": "W"}, {"107": "W"}, {"107": "W"}, {"107": "W"}, {"107": "W"}, {"107": "W"}, {"107": "N"}, {"107": "W"}, {"107": "W"}, {"107": "N"}, {"107": "N"}, {"107": "N"}, {"107": "E"}, {"107": "E"}, {"81": "S"}, {"81": "W"}, {"81": "W"}, {"81": "W"}, {"81": "W"}, {"81": "W"}, {"81": "W"}, {"81": "W"}, {"81": "W"}, {"81": "S"}, {"81": "S"}, {"81": "W"}, {"81": "W"}, {"81": "W"}, {"81": "W"}, {"81": "W"}, {"81": "W"}, {"81": "W"}, {"81": "W"}, {"81": "W"}, {"81": "W"}, {"81": "W"}, {"81": "W"}, {"81": "W"}, {"81": "W"}, {"81": "W"}, {"81": "N"}, {"81": "W"}, {"81": "W"}, {"81": "N"}, {"81": "N"}, {"81": "N"}, {"81": "N"}, {"81": "N"}, {"81": "E"}, {"81": "E"}, {"59": "E"}, {"59": "N"}, {"59": "N"}, {"59": "N"}, {"59": "N"}, {"59": "N"}, {"59": "N"}, {"59": "W"}, {"59": "W"}, {"59": "W"}, {"59": "W"}, {"59": "W"}, {"59": "W"}, {"59": "W"}, {"59": "W"}, {"59": "W"}, {"59": "N"}, {"59": "W"}, {"59": "N"}, {"59": "W"}, {"59": "W"}, {"59": "N"}, {"59": "N"}, {"59": "N"}, {"59": "N"}, {"59": "N"}, {"59": "N"}, {"59": "N"}, {"59": "N"}, {"59": "N"}, {"59": "N"}, {"59": "N"}, {"59": "N"}, {"59": "N"}, {"59": "N"}, {"59": "N"}, {"59": "E"}, {"59": "E"}, {"59": "E"}, {"33": "E"}, {"33": "N"}, {"33": "N"}, {"33": "N"}, {"33": "N"}, {"33": "N"}, {"33": "N"}, {"33": "N"}, {"33": "E"}, {"33": "N"}, {"33": "E"}, {"4": "E"}, {"4": "N"}, {"4": "N"}, {"4": "N"}, {"4": "E"}, {"4": "E"}, {"4": "E"}, {"4": "E"}, {"4": "E"}, {"4": "E"}, {"4": "E"}, {"4": "N"}, {"1": "S"}, {"1": "W"}, {"1": "W"}, {"1": "W"}, {"1": "W"}, {"1": "W"}, {"1": "W"}, {"1": "W"}, {"1": "W"}, {"1": "W"}, {"1": "W"}, {"1": "W"}, {"1": "W"}, {"1": "W"}, {"1": "W"}, {"1": "N"}, {"127": "E"}, {"127": "N"}, {"127": "N"}, {"127": "E"}, {"127": "N"}, {"127": "N"}, {"127": "N"}, {"127": "N"}, {"127": "N"}, {"127": "N"}, {"127": "N"}, {"127": "N"}, {"127": "N"}, {"127": "N"}, {"127": "E"}, {"127": "E"}, {"127": "E"}, {"127": "E"}, {"127": "E"}, {"127": "N"}, {"127": "N"}, {"127": "N"}, {"127": "N"}, {"127": "N"}, {"127": "N"}, {"127": "N"}, {"127": "N"}, {"127": "E"}, {"127": "N"}, {"127": "N"}, {"127": "N"}, {"127": "W"}, {"127": "N"}, {"127": "N"}, {"127": "N"}, {"127": "N"}, {"127": "W"}, {"127": "N"}, {"127": "N"}, {"127": "N"}, {"127": "N"}, {"71": "E"}, {"71": "N"}, {"71": "E"}, {"71": "N"}, {"71": "N"}, {"71": "N"}, {"71": "N"}, {"71": "N"}, {"71": "N"}, {"71": "N"}, {"71": "N"}, {"71": "N"}, {"71": "N"}, {"71": "E"}, {"71": "E"}, {"71": "E"}, {"71": "E"}, {"71": "E"}, {"71": "N"}, {"71": "N"}, {"71": "N"}, {"71": "N"}, {"71": "N"}, {"71": "N"}, {"71": "N"}, {"71": "N"}, {"71": "E"}, {"71": "N"}, {"71": "N"}, {"71": "N"}, {"71": "W"}, {"71": "N"}, {"71": "N"}, {"71": "N"}, {"71": "N"}, {"71": "W"}, {"71": "W"}, {"71": "N"}, {"71": "N"}, {"71": "W"}, {"71": "N"}, {"71": "N"}, {"71": "W"}, {"71": "W"}, {"71": "W"}, {"71": "W"}, {"71": "W"}, {"136": "E"}, {"136": "N"}, {"136": "N"}, {"136": "N"}, {"136": "N"}, {"136": "N"}, {"136": "N"}, {"136": "N"}, {"136": "N"}, {"136": "N"}, {"136": "N"}, {"136": "E"}, {"136": "E"}, {"136": "E"}, {"136": "E"}, {"136": "E"}, {"136": "E"}, {"136": "E"}, {"136": "E"}, {"136": "N"}, {"136": "N"}, {"136": "N"}, {"136": "N"}, {"136": "N"}, {"136": "N"}, {"136": "N"}, {"136": "E"}, {"136": "E"}, {"136": "E"}, {"88": "N"}, {"88": "W"}, {"88": "W"}, {"88": "W"}, {"88": "W"}, {"88": "W"}, {"88": "W"}, {"88": "W"}, {"88": "W"}, {"88": "W"}, {"88": "S"}, {"88": "S"}, {"88": "S"}, {"88": "W"}, {"88": "S"}, {"88": "S"}, {"88": "S"}, {"88": "S"}, {"88": "S"}, {"88": "S"}, {"88": "S"}, {"88": "S"}, {"88": "W"}, {"88": "W"}, {"88": "W"}, {"88": "W"}, {"88": "W"}, {"88": "W"}, {"88": "W"}, {"88": "W"}, {"88": "W"}, {"88": "W"}, {"88": "W"}, {"88": "W"}, {"88": "W"}, {"88": "W"}, {"88": "W"}, {"88": "N"}, {"88": "W"}, {"88": "W"}, {"88": "N"}, {"88": "N"}, {"88": "N"}, {"88": "N"}, {"88": "N"}, {"88": "N"}, {"88": "E"}, {"88": "E"}, {"20": "S"}, {"20": "W"}, {"20": "S"}, {"20": "W"}, {"20": "W"}, {"20": "W"}, {"20": "W"}, {"20": "W"}, {"20": "W"}, {"20": "W"}, {"20": "W"}, {"20": "W"}, {"20": "W"}, {"20": "W"}, {"20": "S"}, {"20": "S"}, {"20": "S"}, {"20": "S"}, {"20": "S"}, {"20": "W"}, {"20": "W"}, {"20": "W"}, {"20": "W"}, {"20": "W"}, {"20": "W"}, {"20": "W"}, {"20": "W"}, {"20": "W"}, {"20": "W"}, {"20": "W"}, {"20": "W"}, {"20": "W"}, {"18": "E"}, {"18": "N"}, {"18": "N"}, {"18": "W"}, {"18": "W"}, {"18": "W"}, {"18": "W"}, {"18": "W"}, {"18": "W"}, {"18": "W"}, {"18": "W"}, {"18": "N"}, {"18": "N"}, {"18": "W"}, {"18": "N"}, {"18": "N"}, {"18": "N"}, {"18": "N"}, {"18": "N"}, {"18": "N"}, {"18": "N"}, {"18": "N"}, {"18": "N"}, {"18": "N"}, {"18": "N"}, {"18": "N"}, {"18": "N"}, {"18": "N"}, {"18": "N"}, {"18": "N"}, {"18": "N"}, {"18": "E"}, {"172": "S"}, {"172": "W"}, {"172": "W"}, {"172": "W"}, {"172": "W"}, {"172": "W"}, {"172": "W"}, {"172": "W"}, {"172": "W"}, {"172": "S"}, {"172": "S"}, {"172": "S"}, {"172": "S"}, {"172": "S"}, {"172": "S"}, {"172": "S"}, {"172": "S"}, {"172": "S"}, {"172": "S"}, {"163": "W"}, {"163": "N"}, {"163": "N"}, {"163": "N"}, {"163": "E"}, {"163": "E"}, {"163": "E"}, {"163": "E"}, {"163": "E"}, {"163": "E"}, {"163": "E"}, {"163": "E"}, {"163": "E"}, {"163": "E"}, {"163": "E"}, {"163": "N"}, {"163": "N"}, {"163": "N"}, {"163": "N"}, {"163": "N"}, {"163": "N"}, {"163": "N"}, {"163": "N"}, {"163": "E"}, {"163": "N"}, {"163": "N"}, {"152": "S"}, {"152": "E"}, {"152": "E"}, {"152": "S"}, {"152": "E"}, {"152": "E"}, {"152": "E"}, {"152": "E"}, {"152": "S"}, {"152": "S"}, {"152": "E"}, {"152": "E"}, {"152": "E"}, {"152": "E"}, {"152": "E"}, {"35": "W"}, {"35": "N"}, {"35": "N"}, {"35": "N"}, {"35": "N"}, {"35": "N"}, {"35": "N"}, {"35": "N"}, {"35": "N"}, {"35": "N"}, {"35": "W"}, {"35": "W"}, {"35": "W"}, {"35": "W"}, {"35": "W"}, {"35": "W"}, {"35": "W"}, {"35": "W"}, {"35": "N"}, {"35": "N"}, {"35": "W"}, {"35": "N"}, {"35": "N"}, {"35": "N"}, {"35": "N"}, {"35": "N"}, {"35": "N"}, {"35": "N"}, {"35": "N"}, {"35": "N"}, {"35": "N"}, {"35": "N"}, {"35": "N"}, {"35": "N"}, {"35": "N"}, {"35": "E"}, {"65": "W"}, {"65": "N"}, {"65": "W"}, {"65": "W"}, {"65": "N"}, {"65": "N"}, {"65": "N"}, {"65": "W"}, {"65": "W"}, {"65": "N"}, {"65": "N"}, {"65": "N"}, {"65": "N"}, {"65": "W"}, {"65": "W"}, {"65": "N"}, {"65": "N"}, {"65": "W"}, {"65": "N"}, {"65": "N"}, {"65": "W"}, {"65": "W"}, {"65": "W"}, {"65": "W"}, {"65": "N"}, {"65": "W"}, {"65": "W"}, {"65": "W"}, {"65": "W"}, {"65": "W"}, {"65": "W"}, {"65": "W"}, {"65": "W"}, {"65": "W"}, {"65": "S"}, {"65": "W"}, {"65": "S"}, {"65": "S"}, {"65": "E"}, {"51": "N"}, {"51": "W"}, {"51": "W"}, {"51": "W"}, {"51": "W"}, {"51": "W"}, {"51": "W"}, {"51": "W"}, {"51": "W"}, {"51": "W"}, {"51": "N"}, {"96": "W"}, {"96": "N"}, {"96": "N"}, {"96": "N"}, {"96": "N"}, {"96": "N"}, {"96": "N"}, {"96": "N"}, {"96": "N"}, {"96": "W"}, {"96": "W"}, {"96": "W"}, {"96": "W"}, {"96": "W"}, {"96": "W"}, {"96": "W"}, {"96": "W"}, {"96": "N"}, {"96": "N"}, {"96": "W"}, {"96": "N"}, {"96": "N"}, {"96": "N"}, {"96": "N"}, {"96": "N"}, {"96": "N"}, {"96": "N"}, {"96": "N"}, {"96": "N"}, {"96": "N"}, {"96": "N"}, {"96": "N"}, {"96": "N"}, {"96": "N"}, {"96": "N"}, {"96": "N"}, {"96": "N"}, {"96": "N"}, {"96": "E"}, {"159": "E"}, {"159": "S"}, {"159": "S"}, {"159": "S"}, {"159": "E"}, {"159": "S"}, {"159": "S"}, {"159": "S"}, {"159": "S"}, {"159": "E"}, {"159": "S"}, {"159": "S"}, {"159": "W"}, {"159": "S"}, {"159": "S"}, {"159": "S"}, {"159": "S"}, {"159": "S"}, {"159": "S"}, {"159": "S"}, {"159": "W"}, {"159": "S"}, {"159": "S"}, {"159": "S"}, {"177": "N"}, {"177": "N"}, {"177": "E"}, {"177": "E"}, {"177": "E"}, {"177": "E"}, {"177": "N"}, {"177": "N"}, {"177": "N"}, {"177": "N"}, {"177": "N"}, {"177": "N"}, {"177": "N"}, {"177": "N"}, {"177": "E"}, {"177": "N"}, {"177": "E"}, {"177": "N"}, {"177": "N"}, {"177": "W"}, {"177": "W"}, {"177": "N"}, {"177": "W"}, {"176": "W"}, {"176": "W"}, {"176": "W"}, {"176": "S"}, {"176": "W"}, {"176": "W"}, {"176": "S"}, {"176": "S"}, {"176": "S"}, {"176": "S"}, {"176": "S"}, {"176": "W"}, {"176": "W"}, {"176": "W"}, {"176": "W"}, {"176": "W"}, {"176": "W"}, {"176": "W"}, {"176": "W"}, {"147": "S"}, {"147": "E"}, {"147": "S"}, {"147": "E"}, {"147": "E"}, {"147": "E"}, {"147": "E"}, {"147": "S"}, {"147": "S"}, {"147": "E"}, {"147": "S"}, {"147": "S"}, {"147": "E"}, {"143": "N"}, {"143": "N"}, {"143": "W"}, {"143": "W"}, {"143": "W"}, {"143": "W"}, {"143": "W"}, {"143": "W"}, {"143": "W"}, {"143": "W"}, {"143": "W"}, {"143": "N"}, {"143": "N"}, {"143": "W"}, {"143": "W"}, {"143": "S"}, {"118": "N"}, {"118": "N"}, {"118": "E"}, {"118": "E"}, {"118": "E"}, {"118": "E"}, {"118": "E"}, {"118": "E"}, {"118": "E"}, {"118": "N"}, {"118": "N"}, {"118": "N"}, {"118": "N"}, {"118": "N"}, {"118": "N"}, {"118": "N"}, {"118": "N"}, {"118": "E"}, {"118": "N"}, {"118": "E"}, {"118": "N"}, {"118": "N"}, {"118": "W"}, {"118": "W"}, {"118": "N"}, {"118": "N"}, {"118": "N"}, {"118": "N"}, {"118": "N"}, {"118": "W"}, {"118": "W"}, {"118": "N"}, {"118": "W"}, {"118": "N"}, {"118": "N"}, {"118": "W"}, {"118": "W"}, {"118": "W"}, {"117": "W"}, {"117": "S"}, {"117": "S"}, {"117": "W"}, {"117": "W"}, {"117": "W"}, {"117": "W"}, {"117": "W"}, {"117": "W"}, {"117": "W"}, {"117": "S"}, {"117": "S"}, {"117": "S"}, {"117": "S"}, {"117": "S"}, {"117": "S"}, {"117": "S"}, {"117": "S"}, {"117": "S"}, {"117": "S"}, {"117": "S"}, {"117": "S"}, {"117": "S"}, {"117": "S"}, {"117": "S"}, {"117": "S"}, {"117": "S"}, {"117": "S"}, {"117": "S"}, {"117": "S"}, {"117": "E"}, {"117": "E"}, {"117": "E"}, {"117": "S"}, {"117": "E"}, {"117": "E"}, {"117": "E"}, {"117": "N"}, {"117": "E"}, {"175": "S"}, {"175": "W"}, {"175": "W"}, {"175": "W"}, {"175": "W"}, {"175": "W"}, {"175": "W"}, {"175": "W"}, {"175": "W"}, {"175": "W"}, {"175": "N"}, {"175": "N"}, {"175": "N"}, {"175": "W"}, {"175": "W"}, {"175": "N"}, {"175": "N"}, {"175": "N"}, {"175": "N"}, {"175": "N"}, {"175": "W"}, {"175": "N"}, {"156": "E"}, {"156": "N"}, {"156": "N"}, {"156": "N"}, {"156": "N"}, {"156": "N"}, {"156": "N"}, {"156": "N"}, {"156": "N"}, {"156": "E"}, {"156": "E"}, {"156": "N"}, {"156": "N"}, {"156": "N"}, {"156": "N"}, {"156": "E"}, {"156": "E"}, {"156": "E"}, {"145": "W"}, {"145": "N"}, {"145": "N"}, {"145": "N"}, {"145": "E"}, {"145": "E"}, {"145": "E"}, {"145": "E"}, {"145": "E"}, {"145": "N"}, {"145": "N"}, {"145": "N"}, {"145": "N"}, {"145": "N"}, {"145": "N"}, {"145": "N"}, {"135": "S"}, {"135": "W"}, {"135": "W"}, {"135": "S"}, {"135": "S"}, {"135": "S"}, {"135": "S"}, {"135": "S"}, {"135": "W"}, {"135": "S"}, {"95": "W"}, {"95": "W"}, {"95": "W"}, {"95": "S"}, {"95": "S"}, {"95": "S"}, {"95": "S"}, {"95": "S"}, {"95": "S"}, {"95": "S"}, {"95": "S"}, {"95": "W"}, {"95": "W"}, {"95": "S"}, {"95": "S"}, {"95": "S"}, {"95": "S"}, {"95": "S"}, {"95": "W"}, {"75": "W"}, {"75": "N"}, {"75": "N"}, {"75": "W"}, {"75": "W"}, {"75": "W"}, {"75": "W"}, {"75": "W"}, {"75": "W"}, {"75": "W"}, {"75": "W"}, {"75": "N"}, {"75": "N"}, {"75": "W"}, {"75": "N"}, {"75": "N"}, {"75": "N"}, {"75": "N"}, {"75": "N"}, {"75": "N"}, {"75": "N"}, {"75": "N"}, {"75": "N"}, {"75": "N"}, {"75": "E"}, {"74": "S"}, {"74": "W"}, {"74": "W"}, {"74": "W"}, {"74": "W"}, {"74": "W"}, {"74": "W"}, {"74": "S"}, {"74": "S"}, {"74": "S"}, {"74": "S"}, {"74": "S"}, {"74": "S"}, {"74": "S"}, {"74": "S"}, {"74": "S"}, {"74": "W"}, {"74": "W"}, {"74": "S"}, {"74": "S"}, {"74": "S"}, {"74": "S"}, {"74": "S"}, {"74": "S"}, {"74": "W"}, {"74": "W"}, {"74": "W"}, {"74": "W"}, {"74": "W"}, {"74": "W"}, {"74": "W"}, {"74": "W"}, {"74": "W"}, {"74": "W"}, {"74": "W"}, {"74": "N"}, {"69": "E"}, {"69": "N"}, {"69": "N"}, {"69": "E"}, {"69": "E"}, {"69": "E"}, {"69": "E"}, {"69": "E"}, {"69": "N"}, {"69": "N"}, {"69": "N"}, {"69": "N"}, {"69": "N"}, {"69": "N"}, {"69": "E"}, {"69": "E"}, {"69": "N"}, {"69": "N"}, {"69": "N"}, {"69": "N"}, {"69": "N"}, {"69": "N"}, {"69": "W"}, {"69": "W"}, {"69": "N"}, {"69": "N"}, {"69": "N"}, {"69": "N"}, {"69": "N"}, {"69": "W"}, {"69": "W"}, {"69": "N"}, {"69": "W"}, {"69": "N"}, {"69": "N"}, {"69": "W"}, {"42": "E"}, {"42": "N"}, {"42": "N"}, {"42": "N"}, {"42": "N"}, {"42": "N"}, {"42": "N"}, {"42": "N"}, {"42": "N"}, {"42": "W"}, {"42": "W"}, {"42": "W"}, {"42": "W"}, {"42": "W"}, {"42": "W"}, {"42": "W"}, {"42": "W"}, {"42": "W"}, {"42": "W"}, {"42": "W"}, {"42": "N"}, {"42": "N"}, {"42": "W"}, {"42": "N"}, {"42": "N"}, {"42": "N"}, {"42": "N"}, {"42": "N"}, {"42": "N"}, {"42": "N"}, {"42": "N"}, {"42": "N"}, {"42": "N"}, {"42": "N"}, {"42": "N"}, {"42": "N"}, {"42": "N"}, {"42": "N"}, {"42": "E"}, {"131": "N"}, {"131": "E"}, {"131": "N"}, {"131": "N"}, {"131": "N"}, {"131": "N"}, {"131": "N"}, {"131": "N"}, {"131": "N"}, {"131": "N"}, {"131": "N"}, {"131": "N"}, {"131": "N"}, {"131": "N"}, {"131": "N"}, {"131": "N"}, {"131": "E"}, {"131": "E"}, {"131": "E"}, {"131": "E"}, {"131": "E"}, {"131": "E"}, {"131": "E"}, {"131": "E"}, {"131": "E"}, {"131": "E"}, {"131": "E"}, {"131": "E"}, {"131": "E"}, {"131": "E"}, {"131": "E"}, {"131": "E"}, {"131": "E"}, {"131": "E"}, {"131": "E"}, {"131": "S"}, {"131": "S"}, {"131": "E"}, {"178": "S"}, {"178": "W"}, {"178": "W"}, {"178": "W"}, {"178": "W"}, {"178": "S"}, {"178": "S"}, {"157": "W"}, {"157": "N"}, {"157": "N"}, {"157": "N"}, {"157": "E"}, {"157": "E"}, {"157": "E"}, {"157": "E"}, {"157": "E"}, {"157": "N"}, {"157": "N"}, {"157": "N"}, {"157": "N"}, {"157": "N"}, {"157": "E"}, {"157": "E"}, {"130": "S"}, {"130": "E"}, {"130": "E"}, {"130": "E"}, {"130": "S"}, {"130": "S"}, {"130": "S"}, {"130": "S"}, {"130": "S"}, {"130": "E"}, {"130": "E"}, {"130": "S"}, {"130": "E"}, {"130": "S"}, {"130": "E"}, {"130": "E"}, {"130": "E"}, {"130": "E"}, {"130": "E"}, {"130": "E"}, {"130": "E"}, {"130": "E"}, {"130": "E"}, {"130": "E"}, {"130": "E"}, {"130": "E"}, {"130": "E"}, {"130": "E"}, {"130": "N"}, {"130": "N"}, {"130": "N"}, {"130": "N"}, {"130": "N"}, {"130": "N"}, {"130": "E"}, {"130": "E"}, {"130": "N"}, {"119": "W"}, {"119": "S"}, {"119": "W"}, {"119": "W"}, {"119": "W"}, {"119": "W"}, {"119": "S"}, {"119": "S"}, {"119": "S"}, {"119": "S"}, {"119": "W"}, {"119": "W"}, {"119": "W"}, {"119": "W"}, {"119": "W"}, {"119": "W"}, {"119": "W"}, {"119": "W"}, {"119": "W"}, {"119": "W"}, {"119": "W"}, {"119": "W"}, {"119": "W"}, {"119": "W"}, {"119": "W"}, {"119": "W"}, {"119": "N"}, {"77": "N"}, {"77": "W"}, {"77": "W"}, {"77": "S"}, {"77": "S"}, {"77": "S"}, {"77": "S"}, {"77": "S"}, {"77": "S"}, {"77": "S"}, {"77": "S"}, {"77": "S"}, {"77": "S"}, {"77": "S"}, {"77": "W"}, {"77": "W"}, {"77": "W"}, {"77": "W"}, {"45": "W"}, {"45": "N"}, {"45": "N"}, {"45": "N"}, {"45": "N"}, {"45": "N"}, {"45": "N"}, {"45": "N"}, {"45": "W"}, {"45": "W"}, {"45": "W"}, {"45": "W"}, {"45": "W"}, {"45": "W"}, {"45": "W"}, {"45": "N"}, {"22": "W"}, {"22": "N"}, {"22": "N"}, {"22": "N"}, {"22": "W"}, {"22": "W"}, {"22": "W"}, {"22": "W"}, {"22": "W"}, {"22": "W"}, {"22": "N"}, {"22": "W"}, {"22": "N"}, {"22": "W"}, {"22": "W"}, {"22": "N"}, {"22": "N"}, {"22": "N"}, {"22": "N"}, {"22": "N"}, {"22": "N"}, {"22": "N"}, {"22": "N"}, {"22": "N"}, {"22": "N"}, {"22": "N"}, {"22": "N"}, {"22": "N"}, {"22": "N"}, {"22": "N"}, {"22": "N"}, {"22": "N"}, {"22": "N"}, {"22": "N"}, {"22": "E"}, {"22": "E"}, {"22": "E"}, {"22": "E"}, {"22": "E"}, {"22": "E"}, {"22": "S"}, {"22": "S"}, {"167": "N"}, {"167": "W"}, {"167": "W"}, {"167": "W"}, {"167": "W"}, {"167": "S"}, {"167": "S"}, {"99": "W"}, {"99": "N"}, {"99": "N"}, {"99": "N"}, {"99": "N"}, {"99": "N"}, {"99": "N"}, {"99": "W"}, {"99": "W"}, {"99": "W"}, {"99": "W"}, {"99": "W"}, {"99": "W"}, {"99": "N"}, {"99": "W"}, {"99": "N"}, {"99": "W"}, {"99": "W"}, {"99": "N"}, {"99": "N"}, {"99": "N"}, {"99": "N"}, {"99": "N"}, {"99": "N"}, {"99": "N"}, {"99": "N"}, {"99": "N"}, {"99": "N"}, {"99": "N"}, {"99": "N"}, {"99": "N"}, {"99": "N"}, {"99": "N"}, {"99": "N"}, {"99": "N"}, {"99": "N"}, {"99": "N"}, {"99": "E"}, {"99": "E"}, {"99": "E"}, {"99": "E"}, {"99": "E"}, {"99": "E"}, {"99": "S"}, {"99": "E"}, {"99": "E"}, {"183": "E"}, {"183": "N"}, {"183": "N"}, {"183": "N"}, {"183": "N"}, {"183": "N"}, {"183": "N"}, {"183": "N"}, {"183": "E"}, {"183": "E"}, {"183": "E"}, {"183": "E"}, {"183": "E"}, {"183": "N"}, {"183": "E"}, {"183": "E"}, {"183": "E"}, {"183": "N"}, {"146": "S"}, {"146": "W"}, {"146": "W"}, {"146": "W"}, {"146": "W"}, {"146": "S"}, {"146": "S"}, {"146": "W"}, {"146": "W"}, {"146": "W"}, {"146": "S"}, {"146": "W"}, {"146": "S"}, {"146": "S"}, {"146": "S"}, {"146": "W"}, {"146": "W"}, {"146": "W"}, {"146": "W"}, {"146": "W"}, {"146": "W"}, {"146": "W"}, {"146": "W"}, {"146": "W"}, {"146": "W"}, {"146": "W"}, {"146": "W"}, {"146": "W"}, {"146": "W"}, {"146": "W"}, {"146": "N"}, {"146": "N"}, {"146": "W"}, {"146": "W"}, {"146": "N"}, {"146": "N"}, {"146": "N"}, {"146": "N"}, {"146": "N"}, {"146": "N"}, {"146": "N"}, {"146": "N"}, {"146": "N"}, {"146": "E"}, {"132": "W"}, {"132": "S"}, {"132": "W"}, {"132": "W"}, {"132": "W"}, {"132": "W"}, {"132": "W"}, {"132": "W"}, {"132": "W"}, {"132": "W"}, {"132": "W"}, {"132": "W"}, {"132": "W"}, {"132": "W"}, {"132": "W"}, {"132": "S"}, {"132": "S"}, {"132": "S"}, {"132": "S"}, {"132": "S"}, {"132": "S"}, {"132": "S"}, {"132": "S"}, {"132": "E"}, {"113": "W"}, {"113": "S"}, {"113": "S"}, {"113": "S"}, {"113": "S"}, {"113": "S"}, {"113": "S"}, {"113": "S"}, {"113": "W"}, {"113": "W"}, {"113": "W"}, {"113": "S"}, {"113": "W"}, {"113": "S"}, {"113": "S"}, {"113": "S"}, {"113": "W"}, {"113": "W"}, {"113": "W"}, {"113": "W"}, {"113": "W"}, {"113": "W"}, {"113": "W"}, {"113": "W"}, {"113": "W"}, {"113": "W"}, {"113": "W"}, {"113": "W"}, {"113": "W"}, {"113": "W"}, {"113": "W"}, {"113": "N"}, {"113": "N"}, {"113": "W"}, {"113": "W"}, {"113": "N"}, {"113": "N"}, {"113": "N"}, {"113": "N"}, {"113": "E"}, {"103": "W"}, {"103": "N"}, {"103": "N"}, {"103": "N"}, {"103": "N"}, {"103": "N"}, {"103": "N"}, {"103": "W"}, {"103": "W"}, {"103": "W"}, {"103": "W"}, {"103": "W"}, {"103": "W"}, {"103": "W"}, {"103": "W"}, {"103": "W"}, {"103": "W"}, {"103": "W"}, {"103": "W"}, {"103": "W"}, {"103": "N"}, {"40": "N"}, {"40": "W"}, {"40": "W"}, {"40": "W"}, {"40": "S"}, {"40": "S"}, {"40": "S"}, {"40": "S"}, {"40": "S"}, {"40": "S"}, {"40": "S"}, {"40": "S"}, {"40": "S"}, {"40": "S"}, {"40": "S"}, {"40": "W"}, {"40": "W"}, {"40": "W"}, {"40": "S"}, {"40": "W"}, {"40": "S"}, {"40": "S"}, {"40": "S"}, {"40": "W"}, {"40": "W"}, {"40": "W"}, {"40": "N"}, {"29": "E"}, {"29": "N"}, {"29": "N"}, {"29": "W"}, {"29": "W"}, {"29": "W"}, {"29": "W"}, {"29": "W"}, {"29": "W"}, {"29": "W"}, {"29": "W"}, {"29": "N"}, {"21": "W"}, {"21": "S"}, {"21": "S"}, {"21": "S"}, {"21": "S"}, {"21": "S"}, {"21": "S"}, {"21": "S"}, {"21": "S"}, {"21": "S"}, {"21": "S"}, {"21": "S"}, {"21": "S"}, {"21": "S"}, {"21": "W"}, {"21": "W"}, {"21": "W"}, {"21": "S"}, {"21": "W"}, {"21": "S"}, {"158": "E"}, {"158": "N"}, {"158": "N"}, {"158": "N"}, {"158": "N"}, {"158": "N"}, {"158": "E"}, {"158": "E"}, {"158": "E"}, {"158": "E"}, {"158": "E"}, {"158": "E"}, {"158": "E"}, {"158": "E"}, {"158": "N"}, {"158": "E"}, {"158": "N"}, {"158": "N"}, {"158": "N"}, {"158": "E"}, {"158": "E"}, {"158": "E"}, {"158": "N"}, {"158": "N"}, {"158": "N"}, {"158": "N"}, {"158": "N"}, {"158": "W"}, {"158": "W"}, {"158": "N"}, {"158": "N"}, {"158": "N"}, {"158": "W"}, {"158": "W"}, {"158": "N"}, {"158": "N"}, {"158": "N"}, {"151": "N"}, {"151": "W"}, {"151": "W"}, {"151": "W"}, {"151": "W"}, {"151": "N"}, {"151": "N"}, {"151": "N"}, {"151": "N"}, {"151": "N"}, {"151": "N"}, {"151": "W"}, {"151": "W"}, {"151": "N"}, {"151": "N"}, {"142": "S"}, {"142": "E"}, {"142": "E"}, {"140": "N"}, {"140": "W"}, {"140": "W"}, {"140": "W"}, {"140": "W"}, {"140": "W"}, {"140": "N"}, {"140": "N"}, {"140": "N"}, {"140": "N"}, {"140": "W"}, {"140": "N"}, {"140": "W"}, {"140": "W"}, {"140": "N"}, {"140": "W"}, {"140": "N"}, {"124": "W"}, {"124": "N"}, {"124": "N"}, {"124": "N"}, {"124": "N"}, {"124": "N"}, {"124": "N"}, {"124": "N"}, {"124": "N"}, {"124": "N"}, {"124": "N"}, {"124": "N"}, {"124": "N"}, {"124": "W"}, {"115": "E"}, {"115": "N"}, {"115": "N"}, {"115": "N"}, {"115": "N"}, {"115": "W"}, {"115": "W"}, {"115": "W"}, {"115": "W"}, {"115": "W"}, {"115": "W"}, {"115": "W"}, {"115": "W"}, {"115": "W"}, {"115": "W"}, {"115": "W"}, {"115": "W"}, {"115": "N"}, {"115": "N"}, {"115": "N"}, {"115": "N"}, {"115": "N"}, {"115": "N"}, {"115": "N"}, {"115": "N"}, {"115": "N"}, {"115": "N"}, {"115": "N"}, {"115": "N"}, {"115": "N"}, {"115": "N"}, {"115": "N"}, {"115": "N"}, {"115": "N"}, {"115": "N"}, {"115": "N"}, {"115": "N"}, {"115": "N"}, {"115": "E"}, {"115": "E"}, {"115": "S"}, {"90": "S"}, {"90": "W"}, {"90": "W"}, {"90": "W"}, {"90": "W"}, {"90": "W"}, {"90": "S"}, {"90": "S"}, {"90": "W"}, {"90": "W"}, {"90": "W"}, {"90": "S"}, {"90": "S"}, {"90": "S"}, {"90": "W"}, {"90": "S"}, {"90": "W"}, {"90": "W"}, {"90": "W"}, {"90": "W"}, {"90": "W"}, {"90": "W"}, {"90": "N"}, {"89": "W"}, {"89": "N"}, {"89": "N"}, {"89": "N"}, {"89": "N"}, {"89": "N"}, {"89": "E"}, {"89": "E"}, {"89": "E"}, {"89": "E"}, {"89": "E"}, {"89": "N"}, {"89": "E"}, {"89": "N"}, {"89": "N"}, {"89": "N"}, {"89": "E"}, {"89": "E"}, {"89": "E"}, {"89": "N"}, {"89": "N"}, {"89": "N"}, {"89": "N"}, {"89": "N"}, {"89": "W"}, {"89": "N"}, {"89": "N"}, {"89": "N"}, {"89": "W"}, {"89": "W"}, {"89": "N"}, {"89": "N"}, {"89": "N"}, {"89": "N"}, {"89": "W"}, {"89": "N"}, {"89": "W"}, {"89": "W"}, {"89": "N"}, {"89": "N"}, {"89": "N"}, {"89": "W"}, {"89": "N"}, {"89": "W"}, {"89": "W"}, {"89": "S"}, {"67": "S"}, {"67": "W"}, {"67": "W"}, {"67": "W"}, {"67": "S"}, {"67": "S"}, {"67": "S"}, {"67": "S"}, {"67": "S"}, {"67": "S"}, {"67": "S"}, {"67": "S"}, {"67": "S"}, {"67": "S"}, {"67": "S"}, {"67": "S"}, {"67": "S"}, {"67": "S"}, {"67": "W"}, {"67": "W"}, {"67": "W"}, {"67": "S"}, {"67": "S"}, {"67": "S"}, {"67": "W"}, {"67": "S"}, {"67": "W"}, {"67": "W"}, {"67": "N"}, {"37": "E"}, {"37": "E"}, {"37": "S"}, {"37": "S"}, {"37": "S"}, {"37": "E"}, {"37": "E"}, {"37": "S"}, {"37": "S"}, {"37": "S"}, {"37": "S"}, {"37": "S"}, {"37": "S"}, {"37": "S"}, {"37": "S"}, {"37": "S"}, {"37": "S"}, {"37": "S"}, {"37": "S"}, {"37": "S"}, {"37": "S"}, {"37": "S"}, {"37": "S"}, {"37": "W"}, {"37": "W"}, {"37": "W"}, {"37": "S"}, {"37": "S"}, {"37": "S"}, {"37": "W"}, {"37": "S"}, {"37": "W"}, {"37": "W"}, {"37": "W"}, {"37": "W"}, {"37": "N"}, {"32": "W"}, {"32": "N"}, {"32": "W"}, {"32": "N"}, {"32": "N"}, {"32": "W"}, {"32": "W"}, {"32": "W"}, {"32": "N"}, {"32": "N"}, {"32": "N"}, {"32": "N"}, {"32": "N"}, {"32": "N"}, {"32": "N"}, {"32": "N"}, {"32": "N"}, {"32": "N"}, {"32": "N"}, {"32": "N"}, {"32": "N"}, {"32": "N"}, {"32": "N"}, {"32": "N"}, {"32": "N"}, {"32": "N"}, {"32": "N"}, {"32": "N"}, {"32": "N"}, {"32": "E"}, {"32": "E"}, {"32": "E"}, {"32": "E"}, {"32": "E"}, {"32": "E"}, {"32": "S"}, {"32": "E"}, {"27": "N"}, {"27": "W"}, {"27": "W"}, {"27": "S"}, {"27": "S"}, {"27": "W"}, {"27": "W"}, {"27": "W"}, {"27": "S"}, {"27": "S"}, {"27": "S"}, {"27": "W"}, {"27": "S"}, {"27": "W"}, {"27": "W"}, {"27": "W"}, {"27": "W"}, {"27": "W"}, {"27": "W"}, {"27": "W"}, {"27": "W"}, {"27": "W"}, {"27": "W"}, {"27": "W"}, {"27": "W"}, {"27": "W"}, {"27": "W"}, {"27": "W"}, {"27": "W"}, {"27": "W"}, {"27": "N"}, {"27": "N"}, {"27": "N"}, {"27": "N"}, {"27": "N"}, {"27": "N"}, {"27": "N"}, {"27": "N"}, {"27": "N"}, {"27": "N"}, {"27": "E"}, {"11": "E"}, {"11": "S"}, {"11": "S"}, {"11": "S"}, {"11": "S"}, {"11": "E"}, {"11": "E"}, {"11": "E"}, {"11": "S"}, {"11": "E"}, {"11": "E"}, {"11": "S"}, {"11": "S"}, {"11": "S"}, {"11": "S"}, {"11": "S"}, {"11": "S"}, {"11": "S"}, {"11": "S"}, {"11": "S"}, {"11": "S"}, {"11": "S"}, {"11": "S"}, {"11": "S"}, {"11": "S"}, {"11": "S"}, {"11": "S"}, {"11": "W"}, {"11": "W"}, {"11": "W"}, {"11": "S"}, {"11": "W"}, {"11": "W"}, {"185": "N"}, {"185": "E"}, {"185": "E"}, {"185": "E"}, {"185": "N"}, {"185": "N"}, {"185": "N"}, {"185": "N"}, {"185": "N"}, {"185": "N"}, {"185": "N"}, {"185": "N"}, {"185": "N"}, {"185": "N"}, {"185": "N"}, {"185": "N"}, {"185": "N"}, {"185": "N"}, {"185": "E"}, {"185": "E"}, {"185": "E"}, {"185": "E"}, {"185": "E"}, {"185": "E"}, {"185": "E"}, {"185": "E"}, {"185": "E"}, {"185": "E"}, {"185": "E"}, {"185": "E"}, {"185": "E"}, {"185": "E"}, {"185": "S"}, {"185": "E"}, {"185": "S"}, {"185": "S"}, {"185": "S"}, {"185": "E"}, {"185": "E"}, {"185": "S"}, {"185": "E"}, {"185": "S"}, {"185": "S"}, {"185": "W"}, {"185": "S"}, {"185": "S"}, {"184": "S"}, {"184": "E"}, {"184": "S"}, {"184": "E"}, {"184": "E"}, {"184": "S"}, {"184": "S"}, {"184": "S"}, {"184": "S"}, {"184": "S"}, {"184": "S"}, {"184": "S"}, {"184": "S"}, {"184": "W"}, {"184": "S"}, {"184": "S"}, {"184": "W"}, {"184": "S"}, {"184": "S"}, {"166": "N"}, {"166": "E"}, {"166": "E"}, {"166": "E"}, {"166": "E"}, {"166": "E"}, {"166": "E"}, {"166": "E"}, {"166": "E"}, {"166": "E"}, {"166": "E"}, {"166": "E"}, {"166": "E"}, {"166": "E"}, {"166": "E"}, {"166": "E"}, {"166": "N"}, {"166": "E"}, {"166": "N"}, {"166": "N"}, {"166": "N"}, {"166": "E"}, {"166": "E"}, {"166": "E"}, {"166": "N"}, {"166": "N"}, {"166": "N"}, {"166": "N"}, {"166": "N"}, {"166": "N"}, {"166": "N"}, {"166": "N"}, {"166": "N"}, {"166": "N"}, {"166": "N"}, {"166": "N"}, {"166": "N"}, {"166": "N"}, {"166": "N"}, {"166": "N"}, {"166": "W"}, {"166": "W"}, {"166": "S"}, {"162": "E"}, {"162": "N"}, {"162": "N"}, {"162": "N"}, {"162": "N"}, {"162": "N"}, {"162": "E"}, {"162": "E"}, {"162": "E"}, {"162": "E"}, {"162": "E"}, {"162": "N"}, {"162": "E"}, {"162": "N"}, {"162": "N"}, {"162": "N"}, {"162": "E"}, {"162": "E"}, {"162": "E"}, {"162": "N"}, {"162": "N"}, {"162": "N"}, {"162": "N"}, {"162": "N"}, {"162": "W"}, {"162": "N"}, {"162": "N"}, {"162": "N"}, {"162": "W"}, {"162": "N"}, {"162": "N"}, {"162": "N"}, {"162": "N"}, {"162": "N"}, {"161": "E"}, {"161": "N"}, {"161": "N"}, {"161": "N"}, {"161": "N"}, {"161": "N"}, {"161": "E"}, {"161": "E"}, {"161": "N"}, {"161": "E"}, {"161": "N"}, {"161": "N"}, {"161": "N"}, {"161": "E"}, {"161": "E"}, {"161": "E"}, {"161": "N"}, {"161": "N"}, {"161": "N"}, {"161": "N"}, {"161": "N"}, {"161": "N"}, {"161": "N"}, {"161": "N"}, {"161": "N"}, {"161": "N"}, {"161": "N"}, {"161": "N"}, {"161": "N"}, {"161": "N"}, {"161": "N"}, {"161": "N"}, {"161": "W"}, {"150": "E"}, {"150": "N"}, {"150": "N"}, {"150": "N"}, {"150": "N"}, {"150": "N"}, {"150": "N"}, {"150": "N"}, {"150": "N"}, {"150": "N"}, {"150": "N"}, {"150": "E"}, {"150": "E"}, {"150": "E"}, {"150": "E"}, {"150": "E"}, {"150": "E"}, {"150": "E"}, {"150": "E"}, {"150": "E"}, {"150": "E"}, {"150": "E"}, {"150": "E"}, {"150": "E"}, {"150": "E"}, {"150": "S"}, {"150": "E"}, {"150": "S"}, {"150": "S"}, {"150": "S"}, {"150": "E"}, {"150": "E"}, {"150": "N"}, {"149": "W"}, {"149": "N"}, {"149": "N"}, {"149": "N"}, {"149": "N"}, {"149": "N"}, {"149": "E"}, {"149": "E"}, {"149": "E"}, {"149": "E"}, {"149": "E"}, {"149": "E"}, {"149": "E"}, {"149": "E"}, {"149": "N"}, {"149": "E"}, {"149": "N"}, {"149": "N"}, {"149": "N"}, {"149": "E"}, {"149": "E"}, {"149": "E"}, {"149": "N"}, {"149": "N"}, {"149": "N"}, {"149": "N"}, {"149": "N"}, {"149": "W"}, {"149": "N"}, {"149": "N"}, {"149": "N"}, {"149": "W"}, {"149": "W"}, {"149": "N"}, {"149": "N"}, {"149": "N"}, {"149": "N"}, {"149": "W"}, {"149": "N"}, {"149": "W"}, {"149": "W"}, {"149": "N"}, {"149": "N"}, {"149": "N"}, {"148": "S"}, {"148": "W"}, {"148": "W"}, {"148": "W"}, {"148": "W"}, {"148": "W"}, {"148": "W"}, {"148": "N"}, {"148": "N"}, {"148": "N"}, {"148": "W"}, {"148": "N"}, {"148": "N"}, {"148": "N"}, {"148": "W"}, {"148": "W"}, {"148": "N"}, {"148": "W"}, {"148": "N"}, {"137": "N"}, {"137": "E"}, {"137": "E"}, {"137": "E"}, {"137": "E"}, {"137": "N"}, {"137": "N"}, {"137": "N"}, {"137": "N"}, {"137": "N"}, {"137": "N"}, {"137": "N"}, {"137": "N"}, {"137": "N"}, {"137": "N"}, {"137": "N"}, {"137": "N"}, {"137": "N"}, {"137": "N"}, {"137": "E"}, {"137": "E"}, {"137": "E"}, {"137": "E"}, {"137": "E"}, {"137": "E"}, {"137": "E"}, {"137": "E"}, {"137": "E"}, {"137": "E"}, {"137": "E"}, {"137": "E"}, {"137": "E"}, {"137": "E"}, {"137": "E"}, {"137": "E"}, {"137": "E"}, {"137": "E"}, {"137": "E"}, {"137": "E"}, {"137": "E"}, {"137": "S"}, {"137": "S"}, {"137": "S"}, {"137": "S"}, {"137": "S"}, {"137": "S"}, {"137": "W"}, {"137": "W"}, {"137": "W"}, {"137": "N"}, {"137": "W"}, {"137": "N"}, {"137": "W"}, {"137": "W"}, {"137": "N"}, {"134": "E"}, {"134": "S"}, {"134": "S"}, {"134": "S"}, {"134": "S"}, {"134": "S"}, {"134": "S"}, {"134": "S"}, {"134": "S"}, {"134": "S"}, {"134": "S"}, {"134": "S"}, {"134": "S"}, {"134": "S"}, {"134": "S"}, {"134": "S"}, {"134": "S"}, {"134": "S"}, {"134": "S"}, {"134": "E"}, {"134": "E"}, {"134": "E"}, {"134": "E"}, {"134": "E"}, {"134": "E"}, {"134": "E"}, {"134": "E"}, {"134": "E"}, {"134": "E"}, {"134": "E"}, {"134": "E"}, {"134": "E"}, {"134": "E"}, {"134": "E"}, {"134": "E"}, {"134": "E"}, {"134": "N"}, {"134": "E"}, {"134": "N"}, {"134": "N"}, {"134": "N"}, {"134": "N"}, {"134": "N"}, {"129": "S"}, {"129": "W"}, {"129": "W"}, {"129": "W"}, {"129": "W"}, {"129": "S"}, {"129": "S"}, {"129": "W"}, {"129": "W"}, {"129": "S"}, {"129": "W"}, {"104": "N"}, {"104": "W"}, {"104": "W"}, {"104": "W"}, {"104": "W"}, {"104": "S"}, {"104": "S"}, {"104": "S"}, {"104": "S"}, {"104": "S"}, {"104": "S"}, {"104": "S"}, {"104": "S"}, {"104": "S"}, {"104": "S"}, {"104": "S"}, {"104": "W"}, {"104": "W"}, {"104": "W"}, {"104": "S"}, {"104": "S"}, {"94": "S"}, {"94": "W"}, {"94": "W"}, {"94": "W"}, {"94": "S"}, {"94": "S"}, {"94": "S"}, {"94": "S"}, {"94": "S"}, {"94": "S"}, {"94": "S"}, {"94": "S"}, {"94": "W"}, {"94": "W"}, {"94": "W"}, {"94": "W"}, {"94": "S"}, {"94": "W"}, {"94": "W"}, {"94": "W"}, {"94": "W"}, {"94": "W"}, {"94": "W"}, {"94": "W"}, {"94": "W"}, {"94": "W"}, {"94": "W"}, {"94": "W"}, {"94": "W"}, {"94": "W"}, {"94": "W"}, {"94": "W"}, {"94": "W"}, {"94": "W"}, {"94": "N"}, {"94": "N"}, {"94": "N"}, {"94": "N"}, {"94": "N"}, {"94": "E"}, {"85": "W"}, {"85": "S"}, {"85": "S"}, {"85": "S"}, {"85": "E"}, {"85": "E"}, {"85": "E"}, {"85": "E"}, {"85": "E"}, {"85": "E"}, {"85": "E"}, {"85": "E"}, {"85": "S"}, {"85": "S"}, {"85": "S"}, {"85": "S"}, {"85": "S"}, {"85": "S"}, {"85": "S"}, {"85": "S"}, {"85": "S"}, {"85": "S"}, {"85": "S"}, {"85": "S"}, {"85": "S"}, {"85": "S"}, {"85": "S"}, {"85": "S"}, {"85": "S"}, {"85": "W"}, {"85": "W"}, {"85": "W"}, {"85": "N"}, {"85": "W"}, {"62": "W"}, {"62": "N"}, {"62": "N"}, {"62": "N"}, {"62": "N"}, {"62": "W"}, {"62": "W"}, {"62": "W"}, {"62": "W"}, {"62": "W"}, {"62": "W"}, {"62": "W"}, {"62": "W"}, {"62": "W"}, {"62": "W"}, {"62": "W"}, {"62": "W"}, {"62": "W"}, {"62": "W"}, {"62": "W"}, {"62": "N"}, {"62": "N"}, {"62": "N"}, {"62": "N"}, {"62": "N"}, {"62": "N"}, {"62": "N"}, {"62": "N"}, {"62": "N"}, {"62": "N"}, {"62": "N"}, {"62": "N"}, {"62": "N"}, {"62": "N"}, {"62": "N"}, {"62": "E"}, {"39": "N"}, {"39": "W"}, {"39": "W"}, {"39": "W"}, {"39": "W"}, {"39": "W"}, {"39": "W"}, {"39": "S"}, {"39": "S"}, {"39": "S"}, {"39": "S"}, {"39": "S"}, {"39": "S"}, {"39": "S"}, {"39": "S"}, {"39": "W"}, {"39": "W"}, {"39": "W"}, {"39": "W"}, {"39": "S"}, {"39": "W"}, {"39": "W"}, {"39": "W"}, {"39": "W"}, {"39": "W"}, {"39": "W"}, {"39": "W"}, {"39": "W"}, {"39": "W"}, {"39": "W"}, {"39": "W"}, {"39": "W"}, {"39": "W"}, {"39": "W"}, {"39": "N"}, {"5": "N"}, {"5": "W"}, {"5": "W"}, {"5": "W"}, {"5": "W"}, {"5": "W"}, {"5": "W"}, {"5": "W"}, {"5": "W"}, {"5": "W"}, {"5": "W"}, {"5": "W"}, {"5": "W"}, {"5": "W"}, {"5": "W"}, {"5": "W"}, {"5": "W"}, {"5": "W"}, {"5": "W"}, {"5": "W"}, {"5": "W"}, {"5": "N"}, {"5": "N"}, {"5": "E"}, {"0": "S"}, {"0": "E"}, {"0": "E"}, {"0": "E"}, {"0": "E"}, {"0": "E"}, {"0": "E"}, {"0": "E"}, {"0": "E"}, {"0": "E"}, {"0": "S"}, {"0": "S"}, {"0": "S"}, {"0": "S"}, {"0": "S"}, {"0": "S"}, {"0": "S"}, {"0": "S"}, {"0": "S"}, {"0": "S"}, {"0": "S"}, {"0": "S"}, {"0": "S"}, {"0": "S"}, {"0": "S"}, {"0": "S"}, {"0": "S"}, {"0": "S"}, {"0": "S"}, {"0": "S"}, {"0": "W"}, {"0": "W"}, {"0": "W"}, {"0": "W"}, {"0": "S"}, {"0": "W"}, {"0": "W"}, {"0": "W"}, {"0": "W"}, {"0": "W"}, {"0": "N"}], "result": "SUCCESS", "makespan": 5144, "sum": 6504, "algo_name": "OutAndInByPercentage_sea_level_", "extra": {"arrival_order": [12, 60, 38, 106, 109, 78, 102, 80, 15, 73, 72, 155, 93, 53, 139, 70, 55, 43, 100, 179, 182, 112, 68, 24, 16, 170, 105, 128, 6, 133, 9, 101, 44, 34, 10, 87, 64, 54, 7, 76, 13, 164, 120, 91, 79, 56, 14, 86, 122, 25, 169, 168, 83, 98, 36, 121, 84, 57, 52, 2, 174, 97, 58, 48, 19, 8, 180, 126, 116, 41, 31, 26, 3, 92, 17, 66, 49, 82, 30, 138, 110, 108, 47, 28, 173, 114, 153, 125, 61, 181, 160, 144, 63, 50, 46, 23, 171, 165, 154, 141, 123, 111, 107, 81, 59, 33, 4, 1, 127, 71, 136, 88, 20, 18, 172, 163, 152, 35, 65, 51, 96, 159, 177, 176, 147, 143, 118, 117, 175, 156, 145, 135, 95, 75, 74, 69, 42, 131, 178, 157, 130, 119, 77, 45, 22, 167, 99, 183, 146, 132, 113, 103, 40, 29, 21, 158, 151, 142, 140, 124, 115, 90, 89, 67, 37, 32, 27, 11, 185, 184, 166, 162, 161, 150, 149, 148, 137, 134, 129, 104, 94, 85, 62, 39, 5, 0], "time_arrived": [5144, 2894, 1630, 1985, 2878, 5103, 746, 997, 1748, 814, 893, 4533, 54, 1019, 1253, 261, 623, 2049, 3123, 1735, 3091, 4161, 3902, 2580, 587, 1353, 1947, 4500, 2290, 4141, 2160, 1910, 4459, 2866, 883, 3219, 1461, 4422, 101, 5079, 4129, 1874, 3701, 440, 865, 3860, 2569, 2246, 1707, 2096, 2521, 3269, 1599, 346, 960, 428, 1221, 1561, 1686, 2855, 80, 2421, 5044, 2484, 940, 3258, 2061, 4386, 561, 3662, 393, 2982, 294, 283, 3626, 3590, 1007, 3844, 203, 1181, 239, 2816, 2132, 1408, 1521, 5008, 1292, 929, 3059, 4357, 4311, 1141, 2029, 332, 4974, 3565, 3308, 1666, 1448, 3955, 468, 846, 214, 4102, 4934, 703, 147, 2780, 2227, 167, 2201, 2750, 529, 4081, 2326, 4288, 1829, 3480, 3441, 3826, 1104, 1502, 1314, 2706, 4247, 2384, 1814, 2935, 727, 4913, 3799, 3739, 4041, 784, 4902, 3546, 3011, 4859, 2178, 375, 4233, 2676, 4216, 3403, 2475, 3536, 4017, 3387, 4804, 4785, 4741, 4213, 3183, 2361, 2662, 320, 3520, 3762, 4198, 3332, 2460, 4708, 4675, 3168, 1060, 2645, 4641, 3909, 1393, 1381, 665, 2610, 3142, 2302, 1655, 3502, 3374, 3355, 3746, 501, 1776, 2445, 514, 3973, 4598, 4579]}}