{"instance": "small_011_20x20_90_183", "steps": [{"0": "N", "1": "N", "2": "N", "3": "E", "4": "S", "6": "N", "9": "E", "16": "N", "20": "N", "23": "E", "25": "N", "27": "W", "28": "N", "30": "S", "32": "N", "35": "W", "36": "N", "37": "S", "39": "N", "43": "W", "44": "E", "45": "N", "48": "E", "51": "N", "53": "E", "55": "E", "56": "N", "59": "S", "61": "N", "65": "W", "67": "N", "70": "N", "74": "E", "79": "W", "80": "W", "81": "E", "82": "N", "87": "W", "94": "N", "97": "N", "99": "W", "103": "S", "106": "W", "107": "E", "110": "E", "115": "E", "116": "E", "119": "E", "128": "W", "130": "W", "133": "S", "134": "E", "137": "E", "139": "E", "144": "W", "145": "S", "151": "W", "164": "S", "165": "E", "169": "S", "174": "W", "175": "S", "178": "W", "181": "W", "5": "W", "8": "N", "10": "E", "14": "W", "18": "W", "21": "S", "24": "W", "31": "N", "33": "E", "34": "E", "38": "W", "40": "N", "42": "E", "46": "N", "47": "W", "50": "N", "54": "N", "57": "N", "58": "N", "64": "N", "69": "E", "78": "N", "85": "N", "86": "S", "91": "N", "92": "S", "96": "W", "102": "W", "104": "N", "109": "N", "111": "S", "112": "N", "114": "S", "118": "W", "131": "W", "140": "W", "142": "W", "153": "W", "154": "W", "159": "S", "160": "W", "166": "W", "168": "W", "172": "E", "179": "W", "11": "N", "13": "W", "19": "W", "49": "W", "63": "E", "71": "N", "72": "S", "76": "N", "83": "W", "88": "N", "89": "W", "90": "N", "93": "N", "100": "N", "101": "E", "117": "N", "121": "W", "124": "S", "126": "N", "132": "W", "136": "W", "138": "S", "148": "W", "150": "W", "156": "W", "161": "W", "163": "W", "170": "W", "171": "E", "177": "E", "182": "S", "12": "W", "15": "N", "22": "E", "26": "N", "41": "E", "60": "W", "62": "E", "66": "N", "68": "W", "73": "N", "77": "E", "98": "W", "105": "N", "108": "W", "113": "W", "120": "W", "122": "S", "147": "S", "149": "W", "158": "W", "162": "W", "167": "W", "173": "W", "176": "S", "180": "W", "7": "W", "17": "N", "29": "W", "52": "E", "84": "S", "95": "W", "123": "W", "146": "W", "155": "S", "157": "W", "75": "W", "127": "S", "129": "W", "135": "W", "152": "E", "125": "W", "141": "W", "143": "W"}, {"0": "N", "1": "N", "2": "N", "3": "E", "4": "S", "6": "N", "9": "E", "16": "N", "20": "N", "23": "E", "25": "N", "27": "W", "28": "N", "30": "S", "32": "N", "35": "W", "36": "N", "37": "S", "39": "N", "43": "W", "44": "E", "45": "N", "48": "E", "51": "N", "53": "E", "55": "E", "56": "N", "59": "S", "61": "N", "65": "W", "67": "N", "70": "N", "74": "E", "79": "W", "80": "W", "81": "E", "82": "N", "87": "W", "94": "N", "97": "N", "99": "W", "103": "S", "106": "W", "107": "E", "110": "E", "115": "E", "116": "E", "119": "E", "128": "W", "130": "W", "133": "S", "134": "E", "137": "E", "139": "E", "144": "W", "145": "S", "151": "W", "164": "S", "165": "E", "169": "S", "174": "W", "175": "S", "178": "W", "181": "W", "5": "W", "8": "N", "10": "E", "14": "W", "18": "W", "21": "S", "24": "W", "31": "N", "33": "E", "34": "E", "38": "W", "40": "N", "42": "E", "46": "N", "47": "W", "50": "N", "54": "N", "57": "N", "58": "N", "64": "N", "69": "E", "78": "N", "85": "N", "86": "S", "91": "N", "92": "S", "96": "W", "102": "W", "104": "N", "109": "N", "111": "S", "112": "N", "114": "S", "118": "W", "131": "W", "140": "W", "142": "W", "153": "W", "154": "W", "159": "S", "160": "W", "166": "W", "168": "W", "172": "E", "179": "W", "11": "N", "13": "W", "19": "W", "49": "W", "63": "E", "71": "N", "72": "S", "76": "N", "83": "W", "88": "N", "89": "W", "90": "N", "93": "N", "100": "N", "101": "E", "117": "N", "121": "W", "124": "S", "126": "N", "132": "W", "136": "W", "138": "S", "148": "W", "150": "W", "156": "W", "161": "W", "163": "W", "170": "W", "171": "E", "177": "E", "182": "S", "12": "W", "15": "N", "22": "E", "26": "N", "41": "E", "60": "W", "62": "E", "66": "N", "68": "W", "73": "N", "77": "E", "98": "W", "105": "N", "108": "W", "113": "W", "120": "W", "122": "S", "147": "S", "149": "W", "158": "W", "162": "W", "167": "W", "173": "W", "176": "S", "180": "W", "7": "W", "17": "N", "29": "W", "52": "E", "84": "S", "95": "W", "123": "W", "146": "W", "155": "S", "157": "W", "75": "W", "127": "S", "129": "W", "135": "W", "152": "E", "125": "W", "141": "W", "143": "W"}, {"0": "N", "1": "N", "4": "S", "6": "N", "9": "E", "16": "N", "20": "N", "23": "E", "25": "N", "27": "W", "28": "N", "35": "W", "37": "S", "39": "N", "43": "W", "44": "E", "45": "N", "48": "E", "51": "N", "55": "E", "56": "N", "59": "E", "61": "N", "65": "W", "67": "N", "70": "N", "74": "E", "79": "N", "80": "W", "82": "W", "87": "W", "94": "N", "97": "N", "99": "W", "106": "W", "107": "E", "119": "E", "128": "W", "130": "W", "144": "W", "145": "S", "151": "W", "165": "E", "174": "W", "175": "S", "178": "W", "181": "S", "5": "W", "8": "N", "10": "E", "14": "W", "18": "W", "21": "S", "24": "W", "31": "N", "33": "E", "34": "E", "38": "W", "40": "N", "42": "E", "46": "N", "47": "W", "50": "N", "54": "N", "57": "N", "58": "N", "64": "N", "69": "E", "78": "N", "85": "N", "91": "N", "92": "S", "102": "W", "104": "N", "109": "N", "111": "S", "112": "N", "114": "S", "118": "W", "131": "W", "140": "W", "142": "W", "153": "W", "159": "S", "160": "W", "166": "W", "172": "E", "179": "W", "11": "N", "13": "W", "19": "W", "49": "W", "63": "E", "71": "N", "72": "S", "76": "N", "83": "W", "88": "N", "89": "W", "90": "N", "93": "N", "100": "N", "101": "E", "117": "N", "121": "W", "126": "N", "132": "W", "136": "W", "138": "S", "148": "W", "150": "W", "156": "W", "161": "W", "171": "E", "177": "E", "182": "S", "12": "W", "15": "N", "22": "E", "26": "N", "41": "E", "60": "W", "62": "E", "66": "N", "68": "W", "73": "N", "77": "E", "98": "W", "105": "N", "108": "W", "113": "W", "120": "W", "122": "S", "147": "S", "149": "W", "158": "W", "162": "W", "176": "S", "180": "W", "7": "W", "17": "N", "29": "W", "52": "E", "84": "S", "95": "W", "146": "W", "155": "S", "157": "W", "127": "S", "129": "W", "135": "W", "152": "E", "125": "W", "143": "W"}, {"4": "E", "6": "N", "9": "E", "20": "N", "25": "W", "28": "N", "35": "W", "37": "S", "43": "W", "44": "N", "45": "N", "48": "E", "51": "N", "55": "N", "56": "N", "61": "N", "65": "W", "67": "N", "70": "N", "74": "E", "87": "W", "94": "E", "97": "N", "99": "W", "106": "W", "107": "N", "119": "N", "128": "W", "144": "W", "151": "W", "165": "N", "174": "W", "175": "S", "178": "W", "181": "W", "5": "W", "8": "N", "24": "W", "31": "N", "34": "E", "38": "W", "46": "N", "47": "W", "50": "N", "57": "N", "58": "N", "69": "E", "78": "N", "86": "S", "91": "N", "92": "S", "96": "W", "102": "W", "109": "N", "111": "W", "112": "N", "114": "S", "118": "W", "140": "W", "142": "W", "153": "W", "154": "W", "159": "S", "160": "W", "166": "W", "168": "W", "172": "E", "179": "W", "11": "N", "13": "W", "19": "W", "49": "W", "63": "E", "71": "N", "72": "S", "76": "N", "83": "W", "88": "N", "89": "W", "90": "N", "93": "N", "101": "E", "117": "N", "121": "W", "126": "N", "132": "W", "136": "W", "148": "W", "150": "W", "156": "W", "161": "W", "182": "S", "124": "S", "163": "W", "170": "W", "12": "W", "15": "N", "22": "E", "26": "N", "60": "W", "62": "E", "66": "N", "68": "W", "73": "N", "98": "W", "108": "W", "113": "W", "120": "W", "122": "S", "147": "S", "149": "W", "158": "W", "162": "W", "167": "W", "173": "W", "176": "S", "180": "W", "7": "W", "17": "N", "29": "W", "84": "S", "95": "W", "123": "W", "146": "W", "155": "S", "157": "W", "75": "W", "127": "S", "129": "W", "135": "W", "125": "W", "141": "W", "143": "W"}, {"9": "E", "20": "N", "35": "W", "37": "S", "43": "W", "45": "W", "48": "E", "51": "W", "55": "E", "56": "N", "65": "S", "67": "N", "70": "N", "74": "N", "87": "W", "97": "N", "106": "W", "110": "E", "128": "W", "144": "W", "145": "S", "151": "W", "174": "W", "178": "W", "181": "W", "5": "W", "10": "E", "21": "S", "24": "W", "31": "N", "33": "E", "50": "N", "69": "E", "86": "S", "91": "N", "92": "S", "96": "W", "102": "W", "104": "N", "109": "N", "112": "N", "118": "W", "140": "W", "142": "W", "153": "W", "154": "W", "159": "S", "160": "W", "166": "W", "168": "W", "172": "E", "179": "W", "11": "N", "49": "W", "63": "E", "71": "N", "72": "S", "76": "N", "83": "W", "89": "W", "90": "N", "100": "N", "101": "E", "117": "N", "121": "W", "132": "W", "136": "W", "138": "S", "148": "W", "150": "W", "156": "W", "161": "W", "171": "E", "177": "E", "124": "S", "163": "W", "170": "W", "12": "W", "15": "N", "22": "E", "26": "N", "62": "E", "66": "N", "68": "W", "73": "N", "98": "W", "108": "W", "113": "W", "120": "W", "122": "S", "147": "S", "149": "W", "158": "W", "162": "W", "176": "S", "180": "W", "41": "E", "77": "E", "105": "N", "167": "W", "173": "W", "7": "W", "17": "N", "29": "W", "52": "E", "84": "S", "95": "W", "123": "W", "146": "W", "155": "S", "157": "W", "75": "W", "127": "S", "129": "W", "135": "W", "152": "E", "125": "W", "141": "W", "143": "W"}, {"20": "W", "37": "S", "43": "W", "55": "E", "56": "E", "70": "N", "106": "W", "110": "E", "128": "W", "144": "W", "151": "W", "174": "W", "181": "W", "10": "E", "24": "W", "33": "S", "34": "E", "38": "W", "46": "N", "58": "N", "86": "E", "92": "S", "96": "N", "102": "W", "104": "N", "109": "N", "140": "W", "142": "W", "153": "W", "154": "W", "159": "S", "166": "W", "168": "W", "179": "W", "13": "W", "49": "W", "71": "N", "72": "S", "100": "N", "121": "W", "132": "W", "136": "W", "138": "S", "148": "W", "156": "W", "161": "W", "171": "E", "177": "E", "163": "W", "170": "W", "12": "W", "26": "N", "60": "W", "98": "W", "113": "W", "120": "W", "122": "S", "147": "S", "149": "W", "158": "W", "162": "W", "41": "E", "77": "E", "105": "N", "167": "W", "173": "W", "7": "W", "17": "N", "29": "W", "84": "S", "95": "W", "146": "W", "155": "S", "157": "W", "52": "E", "123": "W", "75": "W", "127": "S", "129": "W", "135": "W", "152": "E", "125": "W", "141": "W", "143": "W"}, {"43": "W", "106": "N", "145": "S", "151": "W", "174": "W", "10": "N", "21": "S", "34": "E", "38": "W", "46": "E", "50": "N", "58": "E", "91": "N", "92": "S", "104": "W", "140": "W", "153": "W", "154": "W", "166": "W", "179": "W", "13": "W", "76": "N", "117": "N", "136": "W", "138": "E", "148": "W", "156": "W", "161": "W", "124": "S", "163": "W", "12": "W", "15": "N", "60": "W", "122": "S", "149": "W", "158": "W", "162": "W", "176": "S", "167": "W", "95": "W", "146": "W", "155": "S", "157": "W", "123": "W", "127": "S", "129": "W", "135": "W", "75": "W", "125": "W", "141": "W", "143": "W"}, {"43": "W", "151": "N", "174": "W", "24": "W", "34": "N", "38": "S", "50": "N", "91": "N", "92": "W", "140": "W", "154": "W", "166": "W", "179": "S", "76": "N", "100": "N", "117": "N", "121": "W", "148": "W", "156": "W", "177": "E", "124": "S", "163": "W", "15": "N", "98": "W", "122": "S", "149": "W", "158": "W", "77": "E", "105": "N", "167": "W", "146": "W", "155": "S", "157": "W", "52": "E", "123": "W", "129": "W", "135": "W", "75": "W", "125": "W", "143": "W", "152": "E", "141": "W"}, {"24": "W", "50": "W", "91": "W", "153": "W", "154": "S", "13": "W", "100": "N", "121": "W", "136": "W", "161": "W", "177": "E", "124": "E", "12": "W", "60": "W", "98": "W", "122": "S", "162": "W", "77": "E", "105": "N", "95": "W", "155": "S", "52": "E", "152": "E"}, {"24": "S", "153": "W", "13": "N", "76": "N", "100": "W", "117": "N", "136": "W", "161": "N", "177": "N", "163": "W", "12": "W", "15": "N", "122": "S", "167": "W", "95": "W", "155": "S", "123": "W", "75": "W", "141": "W"}, {"153": "N", "76": "E", "117": "N", "121": "W", "163": "W", "60": "W", "98": "W", "122": "E", "162": "W", "77": "E", "105": "N", "167": "W", "52": "E", "123": "W", "75": "W", "152": "E", "141": "W"}, {"117": "W", "121": "N", "136": "W", "163": "S", "12": "W", "15": "N", "60": "W", "162": "W", "77": "E", "105": "N", "95": "W", "155": "S", "52": "E", "152": "E"}, {"136": "W", "12": "W", "15": "N", "60": "S", "98": "W", "162": "S", "77": "N", "105": "W", "167": "W", "95": "W", "155": "W", "123": "W", "75": "W", "141": "W"}, {"136": "S", "15": "W", "98": "W", "167": "W", "52": "E", "123": "W", "75": "W", "152": "E", "141": "W"}, {"12": "W", "98": "S", "167": "S", "95": "W", "52": "S"}, {"12": "N", "123": "W", "75": "W", "152": "E", "141": "W"}, {"95": "W", "123": "W", "75": "W", "152": "E", "141": "W"}, {"95": "W", "123": "S", "152": "N"}, {"95": "S", "75": "W", "141": "W"}, {"75": "N"}, {"141": "W"}, {"141": "W"}, {"141": "S"}, {"127": "W"}, {"127": "W"}, {"127": "N"}, {"127": "W"}, {"127": "W"}, {"127": "W"}, {"127": "W"}, {"127": "W"}, {"127": "N"}, {"127": "W"}, {"127": "W"}, {"127": "W"}, {"127": "N"}, {"127": "N"}, {"127": "N"}, {"127": "N"}, {"127": "N"}, {"127": "N"}, {"127": "N"}, {"127": "N"}, {"127": "N"}, {"127": "E"}, {"127": "E"}, {"127": "E"}, {"158": "S"}, {"158": "E"}, {"158": "E"}, {"158": "E"}, {"158": "E"}, {"158": "N"}, {"158": "E"}, {"158": "E"}, {"158": "E"}, {"158": "E"}, {"158": "E"}, {"158": "E"}, {"158": "E"}, {"131": "E"}, {"131": "E"}, {"131": "E"}, {"131": "E"}, {"131": "E"}, {"131": "S"}, {"131": "S"}, {"131": "E"}, {"131": "E"}, {"131": "E"}, {"131": "E"}, {"131": "E"}, {"131": "E"}, {"131": "E"}, {"131": "E"}, {"131": "E"}, {"131": "E"}, {"131": "N"}, {"131": "N"}, {"131": "N"}, {"131": "N"}, {"131": "N"}, {"77": "S"}, {"77": "W"}, {"77": "W"}, {"77": "W"}, {"77": "W"}, {"77": "W"}, {"77": "W"}, {"77": "W"}, {"77": "W"}, {"77": "W"}, {"77": "W"}, {"77": "W"}, {"77": "S"}, {"77": "W"}, {"88": "S"}, {"88": "S"}, {"88": "S"}, {"88": "S"}, {"88": "S"}, {"88": "E"}, {"88": "E"}, {"88": "E"}, {"88": "S"}, {"88": "S"}, {"88": "S"}, {"88": "S"}, {"88": "S"}, {"88": "S"}, {"88": "S"}, {"88": "S"}, {"88": "S"}, {"88": "S"}, {"88": "S"}, {"88": "W"}, {"88": "W"}, {"88": "W"}, {"88": "W"}, {"88": "S"}, {"118": "N"}, {"118": "E"}, {"118": "E"}, {"118": "E"}, {"118": "S"}, {"118": "E"}, {"118": "E"}, {"118": "E"}, {"118": "E"}, {"118": "S"}, {"118": "S"}, {"118": "S"}, {"118": "S"}, {"118": "S"}, {"118": "E"}, {"118": "E"}, {"118": "E"}, {"118": "E"}, {"118": "E"}, {"118": "E"}, {"118": "E"}, {"118": "E"}, {"118": "E"}, {"118": "E"}, {"118": "N"}, {"118": "N"}, {"118": "N"}, {"118": "E"}, {"118": "N"}, {"118": "N"}, {"118": "E"}, {"10": "S"}, {"10": "W"}, {"10": "W"}, {"10": "W"}, {"10": "W"}, {"10": "W"}, {"10": "W"}, {"10": "W"}, {"10": "S"}, {"10": "S"}, {"10": "W"}, {"10": "W"}, {"10": "N"}, {"10": "N"}, {"178": "S"}, {"178": "E"}, {"178": "E"}, {"178": "E"}, {"178": "E"}, {"178": "N"}, {"178": "N"}, {"178": "N"}, {"178": "N"}, {"178": "N"}, {"178": "E"}, {"178": "E"}, {"178": "E"}, {"178": "E"}, {"178": "E"}, {"178": "E"}, {"178": "E"}, {"59": "W"}, {"59": "N"}, {"59": "W"}, {"59": "W"}, {"59": "W"}, {"59": "W"}, {"59": "W"}, {"59": "W"}, {"59": "W"}, {"59": "W"}, {"59": "W"}, {"59": "W"}, {"59": "W"}, {"59": "W"}, {"59": "N"}, {"59": "W"}, {"59": "W"}, {"59": "N"}, {"59": "N"}, {"59": "N"}, {"59": "N"}, {"59": "N"}, {"59": "N"}, {"59": "N"}, {"59": "N"}, {"59": "N"}, {"59": "N"}, {"59": "E"}, {"59": "E"}, {"48": "N"}, {"48": "W"}, {"48": "W"}, {"48": "W"}, {"48": "W"}, {"48": "W"}, {"48": "W"}, {"48": "W"}, {"48": "W"}, {"48": "W"}, {"48": "W"}, {"48": "W"}, {"48": "W"}, {"48": "N"}, {"48": "N"}, {"48": "W"}, {"48": "W"}, {"48": "W"}, {"48": "W"}, {"48": "W"}, {"48": "W"}, {"48": "W"}, {"48": "S"}, {"48": "W"}, {"48": "S"}, {"48": "S"}, {"48": "S"}, {"48": "S"}, {"48": "S"}, {"48": "S"}, {"48": "S"}, {"48": "S"}, {"48": "S"}, {"48": "E"}, {"155": "W"}, {"155": "W"}, {"155": "W"}, {"155": "W"}, {"155": "W"}, {"155": "W"}, {"155": "W"}, {"155": "W"}, {"155": "W"}, {"155": "N"}, {"155": "N"}, {"155": "N"}, {"155": "N"}, {"155": "N"}, {"155": "N"}, {"155": "N"}, {"155": "W"}, {"155": "N"}, {"155": "N"}, {"155": "N"}, {"155": "N"}, {"155": "N"}, {"155": "N"}, {"155": "N"}, {"155": "N"}, {"155": "N"}, {"155": "E"}, {"124": "W"}, {"124": "N"}, {"124": "N"}, {"124": "N"}, {"124": "W"}, {"124": "W"}, {"124": "N"}, {"124": "N"}, {"124": "N"}, {"124": "N"}, {"72": "W"}, {"72": "N"}, {"72": "N"}, {"72": "N"}, {"72": "N"}, {"72": "N"}, {"72": "N"}, {"72": "E"}, {"72": "E"}, {"72": "N"}, {"72": "N"}, {"72": "N"}, {"72": "E"}, {"72": "E"}, {"72": "E"}, {"72": "N"}, {"72": "N"}, {"72": "N"}, {"72": "N"}, {"72": "N"}, {"72": "N"}, {"72": "N"}, {"72": "N"}, {"72": "N"}, {"72": "N"}, {"72": "N"}, {"72": "W"}, {"72": "W"}, {"72": "W"}, {"142": "S"}, {"142": "E"}, {"142": "E"}, {"142": "E"}, {"142": "E"}, {"142": "S"}, {"142": "S"}, {"142": "S"}, {"142": "S"}, {"142": "S"}, {"142": "S"}, {"142": "S"}, {"142": "S"}, {"142": "S"}, {"142": "E"}, {"142": "E"}, {"142": "E"}, {"142": "E"}, {"142": "S"}, {"142": "S"}, {"142": "S"}, {"142": "E"}, {"142": "E"}, {"142": "E"}, {"142": "E"}, {"142": "E"}, {"142": "E"}, {"142": "E"}, {"142": "E"}, {"142": "E"}, {"142": "E"}, {"142": "N"}, {"142": "N"}, {"142": "E"}, {"142": "E"}, {"142": "E"}, {"142": "N"}, {"109": "E"}, {"109": "E"}, {"109": "S"}, {"109": "S"}, {"109": "S"}, {"109": "S"}, {"109": "S"}, {"109": "E"}, {"109": "E"}, {"109": "E"}, {"109": "E"}, {"109": "E"}, {"109": "E"}, {"109": "S"}, {"109": "S"}, {"109": "S"}, {"109": "E"}, {"58": "W"}, {"58": "S"}, {"58": "S"}, {"58": "S"}, {"58": "S"}, {"58": "E"}, {"58": "E"}, {"58": "E"}, {"58": "S"}, {"58": "S"}, {"58": "E"}, {"58": "E"}, {"58": "S"}, {"58": "E"}, {"175": "E"}, {"175": "N"}, {"175": "N"}, {"175": "N"}, {"175": "W"}, {"175": "W"}, {"175": "W"}, {"175": "W"}, {"175": "W"}, {"175": "W"}, {"175": "W"}, {"175": "W"}, {"175": "W"}, {"175": "W"}, {"175": "W"}, {"175": "W"}, {"175": "W"}, {"175": "N"}, {"175": "W"}, {"175": "N"}, {"175": "N"}, {"175": "N"}, {"175": "N"}, {"175": "N"}, {"175": "N"}, {"175": "N"}, {"175": "N"}, {"175": "N"}, {"175": "N"}, {"175": "N"}, {"175": "N"}, {"175": "E"}, {"174": "S"}, {"174": "E"}, {"174": "E"}, {"174": "E"}, {"174": "E"}, {"174": "E"}, {"174": "E"}, {"174": "E"}, {"174": "N"}, {"174": "N"}, {"174": "N"}, {"174": "N"}, {"174": "E"}, {"174": "E"}, {"174": "E"}, {"174": "E"}, {"174": "E"}, {"145": "W"}, {"145": "W"}, {"145": "W"}, {"145": "W"}, {"145": "W"}, {"145": "W"}, {"145": "W"}, {"145": "W"}, {"145": "N"}, {"145": "N"}, {"145": "N"}, {"145": "N"}, {"145": "N"}, {"145": "W"}, {"145": "W"}, {"145": "N"}, {"145": "N"}, {"145": "N"}, {"145": "N"}, {"145": "N"}, {"145": "N"}, {"145": "N"}, {"145": "N"}, {"145": "N"}, {"145": "N"}, {"145": "N"}, {"145": "E"}, {"145": "E"}, {"128": "S"}, {"128": "E"}, {"128": "E"}, {"128": "E"}, {"128": "E"}, {"128": "E"}, {"128": "N"}, {"128": "N"}, {"128": "N"}, {"128": "N"}, {"128": "E"}, {"128": "E"}, {"128": "E"}, {"128": "E"}, {"128": "E"}, {"128": "N"}, {"128": "N"}, {"128": "E"}, {"128": "E"}, {"128": "E"}, {"128": "E"}, {"128": "E"}, {"128": "E"}, {"128": "N"}, {"128": "E"}, {"128": "E"}, {"128": "S"}, {"128": "S"}, {"128": "S"}, {"70": "E"}, {"70": "S"}, {"70": "E"}, {"70": "S"}, {"70": "S"}, {"70": "S"}, {"70": "S"}, {"70": "S"}, {"70": "E"}, {"70": "E"}, {"70": "E"}, {"70": "E"}, {"70": "E"}, {"70": "E"}, {"70": "S"}, {"70": "S"}, {"70": "E"}, {"70": "E"}, {"70": "S"}, {"65": "S"}, {"65": "S"}, {"65": "E"}, {"65": "E"}, {"65": "E"}, {"65": "E"}, {"65": "E"}, {"65": "E"}, {"65": "E"}, {"65": "E"}, {"65": "E"}, {"65": "E"}, {"65": "E"}, {"65": "E"}, {"65": "E"}, {"65": "E"}, {"65": "E"}, {"65": "E"}, {"65": "E"}, {"65": "N"}, {"65": "N"}, {"65": "E"}, {"65": "E"}, {"65": "E"}, {"65": "E"}, {"65": "N"}, {"65": "N"}, {"65": "W"}, {"55": "S"}, {"55": "W"}, {"55": "W"}, {"55": "W"}, {"55": "W"}, {"55": "W"}, {"55": "W"}, {"55": "W"}, {"55": "W"}, {"55": "W"}, {"55": "W"}, {"55": "N"}, {"55": "N"}, {"43": "N"}, {"43": "E"}, {"43": "E"}, {"43": "E"}, {"43": "E"}, {"43": "E"}, {"43": "E"}, {"43": "E"}, {"43": "S"}, {"43": "S"}, {"43": "S"}, {"43": "S"}, {"43": "S"}, {"43": "S"}, {"43": "S"}, {"43": "S"}, {"43": "S"}, {"43": "E"}, {"43": "E"}, {"43": "E"}, {"43": "E"}, {"27": "S"}, {"27": "E"}, {"27": "E"}, {"27": "E"}, {"27": "E"}, {"27": "E"}, {"27": "E"}, {"27": "E"}, {"27": "E"}, {"27": "E"}, {"27": "E"}, {"27": "E"}, {"27": "E"}, {"27": "E"}, {"27": "E"}, {"27": "E"}, {"27": "E"}, {"27": "N"}, {"27": "N"}, {"27": "N"}, {"16": "E"}, {"16": "S"}, {"16": "S"}, {"16": "S"}, {"16": "E"}, {"16": "E"}, {"16": "E"}, {"16": "S"}, {"16": "S"}, {"16": "E"}, {"16": "E"}, {"16": "E"}, {"16": "E"}, {"16": "E"}, {"16": "S"}, {"16": "E"}, {"16": "E"}, {"16": "S"}, {"16": "S"}, {"16": "S"}, {"16": "S"}, {"16": "S"}, {"16": "S"}, {"16": "S"}, {"16": "S"}, {"16": "S"}, {"16": "S"}, {"16": "S"}, {"16": "W"}, {"16": "W"}, {"16": "W"}, {"9": "N"}, {"9": "W"}, {"9": "W"}, {"9": "W"}, {"9": "W"}, {"9": "W"}, {"9": "W"}, {"9": "W"}, {"9": "S"}, {"9": "S"}, {"9": "S"}, {"9": "W"}, {"9": "W"}, {"9": "W"}, {"9": "W"}, {"9": "S"}, {"9": "S"}, {"9": "W"}, {"9": "W"}, {"9": "W"}, {"9": "W"}, {"9": "W"}, {"9": "W"}, {"9": "W"}, {"9": "W"}, {"9": "W"}, {"9": "W"}, {"9": "N"}, {"9": "N"}, {"9": "W"}, {"9": "N"}, {"9": "N"}, {"9": "E"}, {"6": "E"}, {"6": "S"}, {"6": "S"}, {"6": "S"}, {"6": "W"}, {"6": "W"}, {"6": "W"}, {"6": "W"}, {"6": "W"}, {"6": "W"}, {"6": "W"}, {"6": "W"}, {"6": "W"}, {"6": "W"}, {"6": "W"}, {"6": "W"}, {"6": "W"}, {"6": "W"}, {"6": "S"}, {"6": "S"}, {"6": "S"}, {"6": "S"}, {"6": "S"}, {"6": "S"}, {"6": "W"}, {"6": "S"}, {"6": "S"}, {"6": "S"}, {"6": "S"}, {"6": "E"}, {"141": "N"}, {"141": "E"}, {"141": "E"}, {"141": "E"}, {"141": "E"}, {"141": "E"}, {"141": "E"}, {"141": "E"}, {"141": "E"}, {"141": "E"}, {"141": "E"}, {"141": "E"}, {"141": "E"}, {"141": "E"}, {"84": "N"}, {"84": "N"}, {"84": "N"}, {"84": "N"}, {"84": "E"}, {"84": "E"}, {"84": "N"}, {"84": "N"}, {"84": "N"}, {"84": "E"}, {"84": "E"}, {"84": "N"}, {"84": "N"}, {"84": "N"}, {"84": "N"}, {"84": "N"}, {"84": "N"}, {"84": "N"}, {"84": "N"}, {"84": "N"}, {"84": "N"}, {"84": "N"}, {"84": "W"}, {"84": "W"}, {"84": "N"}, {"84": "W"}, {"84": "W"}, {"84": "W"}, {"7": "S"}, {"7": "E"}, {"7": "S"}, {"7": "S"}, {"7": "S"}, {"7": "S"}, {"7": "S"}, {"7": "S"}, {"7": "S"}, {"7": "S"}, {"7": "S"}, {"7": "E"}, {"7": "E"}, {"7": "E"}, {"180": "E"}, {"180": "S"}, {"180": "S"}, {"180": "S"}, {"180": "E"}, {"180": "E"}, {"180": "E"}, {"180": "E"}, {"180": "S"}, {"180": "S"}, {"180": "E"}, {"180": "E"}, {"180": "E"}, {"180": "E"}, {"180": "E"}, {"180": "E"}, {"180": "E"}, {"180": "E"}, {"180": "E"}, {"180": "E"}, {"180": "N"}, {"180": "N"}, {"113": "N"}, {"113": "E"}, {"113": "E"}, {"113": "N"}, {"113": "N"}, {"113": "E"}, {"113": "E"}, {"113": "E"}, {"113": "E"}, {"113": "E"}, {"113": "N"}, {"113": "E"}, {"113": "E"}, {"113": "E"}, {"113": "E"}, {"113": "E"}, {"113": "E"}, {"113": "N"}, {"113": "E"}, {"113": "E"}, {"113": "S"}, {"113": "E"}, {"113": "E"}, {"113": "E"}, {"113": "S"}, {"22": "W"}, {"22": "W"}, {"22": "W"}, {"22": "W"}, {"22": "N"}, {"22": "W"}, {"22": "N"}, {"22": "W"}, {"22": "W"}, {"22": "W"}, {"22": "W"}, {"22": "N"}, {"22": "W"}, {"22": "W"}, {"22": "W"}, {"22": "W"}, {"22": "W"}, {"22": "W"}, {"22": "W"}, {"22": "W"}, {"22": "W"}, {"22": "W"}, {"22": "S"}, {"22": "S"}, {"22": "S"}, {"22": "S"}, {"22": "S"}, {"22": "S"}, {"22": "S"}, {"22": "S"}, {"22": "S"}, {"22": "S"}, {"22": "S"}, {"22": "S"}, {"22": "S"}, {"22": "S"}, {"177": "N"}, {"177": "W"}, {"177": "W"}, {"177": "N"}, {"177": "W"}, {"177": "W"}, {"177": "W"}, {"177": "N"}, {"177": "N"}, {"177": "N"}, {"177": "N"}, {"177": "N"}, {"177": "N"}, {"177": "N"}, {"177": "N"}, {"177": "W"}, {"177": "W"}, {"177": "N"}, {"177": "W"}, {"177": "N"}, {"177": "W"}, {"177": "W"}, {"177": "W"}, {"177": "W"}, {"177": "N"}, {"177": "W"}, {"177": "W"}, {"177": "W"}, {"177": "W"}, {"177": "W"}, {"177": "W"}, {"177": "W"}, {"177": "W"}, {"177": "S"}, {"177": "S"}, {"177": "S"}, {"177": "S"}, {"177": "S"}, {"177": "W"}, {"177": "S"}, {"177": "S"}, {"177": "S"}, {"177": "E"}, {"138": "E"}, {"138": "N"}, {"138": "N"}, {"138": "N"}, {"138": "E"}, {"138": "E"}, {"138": "E"}, {"138": "E"}, {"138": "E"}, {"138": "E"}, {"138": "E"}, {"138": "E"}, {"138": "E"}, {"138": "N"}, {"138": "E"}, {"138": "N"}, {"138": "E"}, {"138": "E"}, {"138": "E"}, {"138": "N"}, {"138": "N"}, {"90": "E"}, {"90": "S"}, {"90": "S"}, {"90": "W"}, {"90": "W"}, {"90": "W"}, {"90": "W"}, {"90": "W"}, {"90": "W"}, {"90": "W"}, {"90": "W"}, {"90": "W"}, {"90": "W"}, {"90": "W"}, {"90": "W"}, {"90": "S"}, {"90": "S"}, {"90": "S"}, {"90": "S"}, {"90": "S"}, {"90": "S"}, {"90": "S"}, {"90": "S"}, {"90": "S"}, {"90": "S"}, {"90": "W"}, {"90": "S"}, {"90": "S"}, {"90": "S"}, {"90": "S"}, {"90": "E"}, {"90": "S"}, {"83": "S"}, {"83": "E"}, {"83": "E"}, {"83": "N"}, {"83": "N"}, {"83": "E"}, {"83": "E"}, {"83": "E"}, {"83": "E"}, {"83": "E"}, {"83": "N"}, {"83": "E"}, {"83": "E"}, {"83": "E"}, {"83": "E"}, {"83": "E"}, {"83": "E"}, {"83": "N"}, {"83": "E"}, {"83": "E"}, {"83": "S"}, {"83": "S"}, {"83": "E"}, {"71": "W"}, {"71": "S"}, {"71": "S"}, {"71": "S"}, {"71": "S"}, {"71": "E"}, {"71": "E"}, {"71": "E"}, {"71": "E"}, {"71": "E"}, {"71": "E"}, {"71": "E"}, {"71": "E"}, {"71": "E"}, {"71": "S"}, {"71": "E"}, {"71": "E"}, {"71": "E"}, {"71": "E"}, {"71": "S"}, {"71": "E"}, {"71": "S"}, {"179": "S"}, {"179": "S"}, {"179": "E"}, {"179": "E"}, {"179": "E"}, {"179": "E"}, {"179": "E"}, {"179": "S"}, {"179": "E"}, {"179": "E"}, {"179": "E"}, {"160": "S"}, {"160": "E"}, {"160": "E"}, {"160": "E"}, {"160": "S"}, {"160": "S"}, {"160": "S"}, {"160": "E"}, {"160": "E"}, {"160": "S"}, {"160": "S"}, {"160": "E"}, {"160": "E"}, {"160": "S"}, {"160": "E"}, {"160": "E"}, {"160": "E"}, {"160": "E"}, {"160": "E"}, {"160": "E"}, {"160": "E"}, {"160": "E"}, {"160": "E"}, {"160": "E"}, {"160": "N"}, {"160": "E"}, {"160": "N"}, {"160": "E"}, {"160": "E"}, {"160": "E"}, {"160": "N"}, {"153": "S"}, {"153": "E"}, {"153": "E"}, {"153": "E"}, {"153": "E"}, {"153": "E"}, {"153": "E"}, {"153": "E"}, {"153": "S"}, {"153": "S"}, {"153": "S"}, {"153": "S"}, {"153": "S"}, {"153": "S"}, {"153": "S"}, {"153": "S"}, {"153": "S"}, {"153": "E"}, {"153": "E"}, {"153": "S"}, {"153": "S"}, {"153": "E"}, {"153": "E"}, {"153": "S"}, {"153": "E"}, {"153": "E"}, {"153": "E"}, {"153": "E"}, {"153": "E"}, {"153": "E"}, {"153": "E"}, {"153": "E"}, {"153": "E"}, {"153": "E"}, {"153": "N"}, {"153": "E"}, {"153": "N"}, {"153": "N"}, {"85": "S"}, {"85": "S"}, {"85": "E"}, {"85": "E"}, {"85": "E"}, {"85": "E"}, {"85": "E"}, {"85": "S"}, {"85": "E"}, {"85": "E"}, {"85": "E"}, {"85": "E"}, {"85": "S"}, {"85": "E"}, {"54": "W"}, {"54": "S"}, {"54": "W"}, {"54": "W"}, {"54": "W"}, {"54": "W"}, {"54": "W"}, {"54": "W"}, {"54": "W"}, {"54": "S"}, {"54": "S"}, {"54": "S"}, {"54": "S"}, {"54": "S"}, {"54": "S"}, {"54": "S"}, {"54": "S"}, {"54": "S"}, {"54": "S"}, {"54": "S"}, {"54": "S"}, {"54": "S"}, {"54": "S"}, {"54": "W"}, {"54": "S"}, {"54": "S"}, {"54": "E"}, {"164": "N"}, {"164": "W"}, {"164": "W"}, {"164": "W"}, {"164": "N"}, {"164": "W"}, {"164": "N"}, {"164": "W"}, {"164": "W"}, {"164": "N"}, {"164": "N"}, {"164": "N"}, {"164": "N"}, {"164": "N"}, {"164": "N"}, {"164": "N"}, {"164": "N"}, {"164": "N"}, {"164": "N"}, {"164": "N"}, {"164": "N"}, {"164": "N"}, {"164": "E"}, {"164": "E"}, {"164": "E"}, {"134": "W"}, {"134": "W"}, {"134": "S"}, {"134": "S"}, {"134": "W"}, {"134": "S"}, {"134": "S"}, {"134": "S"}, {"134": "W"}, {"134": "W"}, {"134": "W"}, {"87": "N"}, {"87": "E"}, {"87": "E"}, {"87": "E"}, {"87": "E"}, {"87": "S"}, {"87": "E"}, {"87": "E"}, {"87": "S"}, {"87": "S"}, {"87": "S"}, {"87": "S"}, {"87": "E"}, {"87": "E"}, {"87": "S"}, {"87": "E"}, {"87": "E"}, {"87": "E"}, {"87": "E"}, {"87": "E"}, {"87": "E"}, {"87": "E"}, {"87": "E"}, {"87": "E"}, {"87": "E"}, {"87": "N"}, {"87": "E"}, {"87": "E"}, {"87": "E"}, {"87": "N"}, {"87": "E"}, {"87": "E"}, {"87": "N"}, {"87": "N"}, {"87": "N"}, {"87": "W"}, {"80": "N"}, {"80": "E"}, {"80": "E"}, {"80": "S"}, {"80": "E"}, {"80": "E"}, {"80": "S"}, {"80": "E"}, {"80": "E"}, {"80": "S"}, {"80": "E"}, {"80": "E"}, {"80": "E"}, {"80": "E"}, {"80": "E"}, {"80": "E"}, {"80": "E"}, {"80": "E"}, {"80": "E"}, {"80": "E"}, {"80": "N"}, {"80": "E"}, {"80": "E"}, {"80": "E"}, {"80": "N"}, {"45": "N"}, {"45": "W"}, {"45": "W"}, {"45": "S"}, {"45": "S"}, {"45": "S"}, {"45": "S"}, {"45": "W"}, {"45": "W"}, {"45": "W"}, {"45": "S"}, {"45": "S"}, {"45": "S"}, {"45": "S"}, {"45": "S"}, {"45": "S"}, {"45": "S"}, {"37": "W"}, {"37": "N"}, {"37": "N"}, {"37": "N"}, {"37": "N"}, {"37": "N"}, {"37": "W"}, {"37": "W"}, {"37": "W"}, {"37": "W"}, {"37": "W"}, {"37": "W"}, {"37": "W"}, {"37": "W"}, {"37": "W"}, {"37": "W"}, {"37": "W"}, {"37": "N"}, {"37": "N"}, {"37": "W"}, {"37": "W"}, {"37": "N"}, {"37": "N"}, {"37": "N"}, {"37": "N"}, {"37": "N"}, {"37": "N"}, {"37": "N"}, {"37": "N"}, {"37": "N"}, {"37": "E"}, {"37": "E"}, {"32": "S"}, {"32": "S"}, {"32": "S"}, {"32": "S"}, {"32": "S"}, {"32": "S"}, {"32": "S"}, {"32": "S"}, {"32": "S"}, {"32": "S"}, {"32": "S"}, {"32": "S"}, {"32": "S"}, {"32": "S"}, {"32": "S"}, {"32": "S"}, {"32": "W"}, {"32": "S"}, {"32": "S"}, {"32": "S"}, {"32": "W"}, {"32": "S"}, {"32": "W"}, {"32": "W"}, {"32": "W"}, {"32": "W"}, {"32": "S"}, {"32": "W"}, {"32": "W"}, {"32": "W"}, {"32": "W"}, {"32": "W"}, {"32": "W"}, {"32": "W"}, {"32": "W"}, {"32": "W"}, {"32": "W"}, {"32": "N"}, {"32": "N"}, {"30": "N"}, {"30": "N"}, {"30": "E"}, {"30": "E"}, {"30": "E"}, {"30": "E"}, {"30": "N"}, {"30": "E"}, {"30": "E"}, {"30": "E"}, {"30": "E"}, {"30": "N"}, {"30": "E"}, {"30": "N"}, {"30": "N"}, {"30": "N"}, {"30": "E"}, {"30": "N"}, {"30": "N"}, {"30": "N"}, {"30": "N"}, {"30": "N"}, {"30": "N"}, {"30": "N"}, {"30": "N"}, {"30": "N"}, {"30": "N"}, {"30": "N"}, {"30": "W"}, {"30": "N"}, {"30": "N"}, {"30": "W"}, {"30": "W"}, {"30": "S"}, {"25": "E"}, {"25": "S"}, {"25": "S"}, {"25": "W"}, {"25": "W"}, {"25": "W"}, {"25": "W"}, {"25": "W"}, {"25": "W"}, {"25": "W"}, {"25": "W"}, {"25": "W"}, {"25": "S"}, {"25": "S"}, {"25": "S"}, {"25": "S"}, {"25": "S"}, {"25": "S"}, {"25": "W"}, {"25": "S"}, {"25": "S"}, {"25": "E"}, {"1": "W"}, {"1": "S"}, {"1": "S"}, {"1": "S"}, {"1": "E"}, {"1": "E"}, {"1": "E"}, {"1": "S"}, {"1": "S"}, {"129": "S"}, {"129": "E"}, {"129": "E"}, {"129": "N"}, {"129": "N"}, {"129": "N"}, {"129": "N"}, {"129": "N"}, {"129": "N"}, {"129": "N"}, {"129": "N"}, {"129": "N"}, {"129": "E"}, {"129": "E"}, {"129": "E"}, {"129": "E"}, {"129": "E"}, {"157": "S"}, {"157": "E"}, {"157": "E"}, {"157": "E"}, {"157": "S"}, {"157": "S"}, {"157": "S"}, {"157": "S"}, {"157": "S"}, {"157": "S"}, {"157": "S"}, {"157": "E"}, {"157": "E"}, {"17": "W"}, {"17": "S"}, {"17": "W"}, {"17": "W"}, {"17": "S"}, {"17": "S"}, {"17": "S"}, {"17": "S"}, {"17": "S"}, {"17": "S"}, {"17": "S"}, {"17": "S"}, {"17": "S"}, {"17": "S"}, {"17": "S"}, {"17": "S"}, {"17": "S"}, {"17": "S"}, {"17": "S"}, {"176": "E"}, {"176": "N"}, {"176": "N"}, {"176": "N"}, {"176": "N"}, {"176": "E"}, {"176": "E"}, {"176": "E"}, {"176": "E"}, {"122": "E"}, {"122": "N"}, {"122": "N"}, {"122": "E"}, {"122": "N"}, {"122": "N"}, {"122": "N"}, {"122": "N"}, {"122": "N"}, {"122": "N"}, {"122": "N"}, {"122": "E"}, {"122": "N"}, {"122": "N"}, {"122": "N"}, {"122": "E"}, {"122": "N"}, {"122": "N"}, {"122": "N"}, {"122": "N"}, {"122": "N"}, {"122": "N"}, {"122": "N"}, {"122": "N"}, {"122": "N"}, {"122": "N"}, {"122": "N"}, {"122": "W"}, {"122": "N"}, {"122": "N"}, {"122": "W"}, {"122": "W"}, {"122": "W"}, {"122": "W"}, {"122": "W"}, {"122": "W"}, {"122": "N"}, {"122": "W"}, {"122": "W"}, {"122": "W"}, {"122": "S"}, {"120": "S"}, {"120": "E"}, {"120": "E"}, {"120": "N"}, {"120": "N"}, {"120": "N"}, {"120": "N"}, {"120": "N"}, {"120": "N"}, {"120": "E"}, {"120": "E"}, {"120": "E"}, {"120": "E"}, {"120": "N"}, {"120": "E"}, {"120": "E"}, {"120": "E"}, {"120": "E"}, {"120": "E"}, {"120": "E"}, {"120": "E"}, {"120": "E"}, {"120": "E"}, {"120": "S"}, {"120": "E"}, {"98": "N"}, {"98": "E"}, {"98": "E"}, {"98": "E"}, {"98": "E"}, {"98": "E"}, {"98": "E"}, {"98": "E"}, {"98": "S"}, {"98": "S"}, {"98": "S"}, {"98": "S"}, {"98": "S"}, {"98": "S"}, {"98": "S"}, {"98": "E"}, {"98": "E"}, {"98": "E"}, {"98": "E"}, {"66": "S"}, {"66": "W"}, {"66": "W"}, {"66": "W"}, {"66": "W"}, {"66": "W"}, {"66": "W"}, {"66": "W"}, {"66": "W"}, {"66": "W"}, {"66": "W"}, {"66": "W"}, {"66": "S"}, {"66": "S"}, {"66": "S"}, {"66": "S"}, {"66": "S"}, {"66": "S"}, {"66": "W"}, {"66": "S"}, {"66": "S"}, {"66": "S"}, {"66": "S"}, {"66": "S"}, {"66": "S"}, {"66": "S"}, {"66": "S"}, {"66": "W"}, {"66": "W"}, {"66": "S"}, {"66": "S"}, {"66": "S"}, {"66": "S"}, {"66": "S"}, {"66": "E"}, {"66": "E"}, {"66": "E"}, {"26": "W"}, {"26": "S"}, {"26": "S"}, {"26": "W"}, {"26": "W"}, {"26": "S"}, {"26": "S"}, {"26": "S"}, {"26": "S"}, {"26": "S"}, {"26": "S"}, {"26": "S"}, {"26": "S"}, {"163": "N"}, {"163": "E"}, {"163": "E"}, {"163": "E"}, {"163": "E"}, {"163": "E"}, {"163": "E"}, {"163": "N"}, {"163": "N"}, {"163": "N"}, {"163": "N"}, {"163": "N"}, {"163": "N"}, {"163": "E"}, {"163": "E"}, {"163": "E"}, {"163": "E"}, {"163": "E"}, {"171": "S"}, {"171": "W"}, {"171": "W"}, {"171": "W"}, {"171": "W"}, {"171": "N"}, {"161": "S"}, {"161": "E"}, {"161": "E"}, {"161": "E"}, {"161": "E"}, {"161": "E"}, {"161": "S"}, {"161": "S"}, {"161": "S"}, {"161": "S"}, {"161": "E"}, {"161": "S"}, {"161": "E"}, {"161": "E"}, {"161": "S"}, {"161": "E"}, {"161": "E"}, {"161": "E"}, {"161": "E"}, {"161": "E"}, {"161": "E"}, {"161": "E"}, {"161": "E"}, {"161": "E"}, {"161": "E"}, {"161": "E"}, {"161": "N"}, {"161": "E"}, {"161": "N"}, {"156": "S"}, {"156": "E"}, {"156": "E"}, {"156": "E"}, {"156": "E"}, {"156": "E"}, {"156": "S"}, {"156": "S"}, {"156": "S"}, {"156": "S"}, {"156": "S"}, {"156": "S"}, {"156": "S"}, {"156": "E"}, {"156": "S"}, {"156": "E"}, {"156": "E"}, {"156": "S"}, {"156": "E"}, {"156": "E"}, {"156": "E"}, {"156": "E"}, {"156": "E"}, {"156": "E"}, {"156": "E"}, {"156": "E"}, {"156": "E"}, {"156": "E"}, {"156": "E"}, {"156": "N"}, {"156": "E"}, {"156": "E"}, {"156": "E"}, {"156": "E"}, {"156": "N"}, {"121": "N"}, {"121": "E"}, {"121": "E"}, {"121": "E"}, {"121": "N"}, {"121": "E"}, {"121": "E"}, {"121": "E"}, {"121": "E"}, {"121": "E"}, {"121": "E"}, {"121": "E"}, {"121": "N"}, {"121": "E"}, {"121": "E"}, {"121": "E"}, {"121": "E"}, {"121": "E"}, {"121": "E"}, {"121": "E"}, {"121": "E"}, {"121": "E"}, {"121": "E"}, {"121": "E"}, {"121": "S"}, {"121": "E"}, {"121": "E"}, {"121": "E"}, {"121": "E"}, {"121": "S"}, {"93": "S"}, {"93": "S"}, {"93": "S"}, {"93": "E"}, {"93": "E"}, {"93": "S"}, {"93": "S"}, {"93": "S"}, {"93": "S"}, {"93": "S"}, {"93": "S"}, {"93": "S"}, {"93": "S"}, {"93": "S"}, {"93": "S"}, {"93": "S"}, {"93": "S"}, {"93": "S"}, {"93": "W"}, {"63": "N"}, {"63": "W"}, {"63": "W"}, {"63": "W"}, {"63": "N"}, {"63": "W"}, {"63": "W"}, {"63": "W"}, {"63": "W"}, {"63": "W"}, {"63": "N"}, {"63": "W"}, {"63": "W"}, {"63": "W"}, {"63": "W"}, {"63": "W"}, {"63": "W"}, {"63": "W"}, {"63": "W"}, {"63": "W"}, {"63": "W"}, {"63": "W"}, {"63": "W"}, {"63": "W"}, {"63": "S"}, {"63": "S"}, {"63": "S"}, {"63": "S"}, {"63": "S"}, {"63": "S"}, {"19": "S"}, {"19": "E"}, {"19": "S"}, {"19": "S"}, {"19": "E"}, {"19": "E"}, {"19": "E"}, {"19": "S"}, {"19": "E"}, {"19": "E"}, {"19": "E"}, {"19": "E"}, {"19": "E"}, {"19": "E"}, {"19": "E"}, {"19": "E"}, {"19": "E"}, {"19": "E"}, {"19": "E"}, {"19": "N"}, {"19": "E"}, {"19": "E"}, {"19": "E"}, {"13": "S"}, {"13": "E"}, {"13": "E"}, {"13": "E"}, {"13": "E"}, {"13": "E"}, {"13": "S"}, {"13": "S"}, {"13": "E"}, {"13": "E"}, {"13": "S"}, {"13": "E"}, {"13": "E"}, {"13": "E"}, {"13": "E"}, {"13": "E"}, {"13": "E"}, {"13": "E"}, {"13": "E"}, {"13": "E"}, {"13": "E"}, {"13": "E"}, {"13": "E"}, {"13": "E"}, {"13": "E"}, {"13": "E"}, {"13": "E"}, {"13": "E"}, {"13": "N"}, {"13": "N"}, {"13": "N"}, {"13": "N"}, {"13": "W"}, {"11": "W"}, {"11": "S"}, {"11": "S"}, {"11": "W"}, {"11": "W"}, {"11": "W"}, {"11": "W"}, {"11": "W"}, {"11": "W"}, {"11": "W"}, {"11": "W"}, {"11": "W"}, {"11": "S"}, {"11": "S"}, {"11": "S"}, {"168": "N"}, {"168": "E"}, {"168": "E"}, {"168": "E"}, {"168": "N"}, {"168": "E"}, {"168": "E"}, {"168": "E"}, {"114": "E"}, {"114": "N"}, {"114": "N"}, {"114": "N"}, {"114": "E"}, {"114": "E"}, {"114": "N"}, {"114": "N"}, {"114": "N"}, {"114": "N"}, {"114": "N"}, {"114": "N"}, {"114": "N"}, {"114": "N"}, {"114": "N"}, {"114": "N"}, {"114": "N"}, {"114": "N"}, {"114": "N"}, {"114": "N"}, {"114": "N"}, {"114": "N"}, {"114": "N"}, {"114": "N"}, {"114": "W"}, {"114": "W"}, {"114": "W"}, {"114": "W"}, {"114": "W"}, {"114": "N"}, {"114": "W"}, {"114": "W"}, {"114": "W"}, {"114": "W"}, {"114": "S"}, {"104": "E"}, {"104": "S"}, {"104": "S"}, {"104": "S"}, {"104": "S"}, {"104": "E"}, {"104": "E"}, {"104": "S"}, {"104": "E"}, {"104": "E"}, {"104": "E"}, {"104": "E"}, {"104": "E"}, {"104": "S"}, {"104": "S"}, {"104": "S"}, {"104": "S"}, {"104": "S"}, {"104": "S"}, {"104": "S"}, {"104": "S"}, {"104": "S"}, {"104": "S"}, {"104": "S"}, {"104": "S"}, {"104": "S"}, {"104": "S"}, {"104": "S"}, {"104": "S"}, {"104": "S"}, {"104": "S"}, {"104": "W"}, {"104": "W"}, {"104": "W"}, {"104": "W"}, {"104": "W"}, {"104": "W"}, {"104": "N"}, {"102": "N"}, {"102": "E"}, {"102": "E"}, {"102": "E"}, {"102": "E"}, {"102": "N"}, {"102": "N"}, {"102": "N"}, {"102": "E"}, {"102": "E"}, {"102": "E"}, {"102": "E"}, {"102": "N"}, {"102": "E"}, {"102": "E"}, {"102": "E"}, {"102": "E"}, {"102": "E"}, {"102": "E"}, {"102": "E"}, {"102": "E"}, {"102": "E"}, {"102": "S"}, {"96": "S"}, {"96": "E"}, {"96": "E"}, {"96": "S"}, {"96": "S"}, {"96": "S"}, {"96": "S"}, {"96": "S"}, {"96": "S"}, {"96": "S"}, {"96": "S"}, {"96": "S"}, {"96": "S"}, {"96": "S"}, {"96": "S"}, {"96": "S"}, {"96": "S"}, {"96": "S"}, {"96": "E"}, {"96": "E"}, {"86": "W"}, {"86": "N"}, {"86": "N"}, {"86": "W"}, {"86": "W"}, {"86": "W"}, {"86": "W"}, {"86": "W"}, {"86": "W"}, {"86": "W"}, {"86": "W"}, {"86": "W"}, {"86": "W"}, {"86": "W"}, {"86": "W"}, {"86": "W"}, {"86": "W"}, {"86": "N"}, {"86": "W"}, {"86": "N"}, {"86": "W"}, {"86": "W"}, {"86": "N"}, {"86": "N"}, {"86": "N"}, {"86": "N"}, {"86": "N"}, {"86": "E"}, {"86": "E"}, {"86": "E"}, {"78": "W"}, {"78": "S"}, {"78": "S"}, {"78": "W"}, {"78": "W"}, {"78": "W"}, {"78": "W"}, {"78": "W"}, {"78": "W"}, {"78": "W"}, {"78": "W"}, {"78": "W"}, {"78": "W"}, {"78": "W"}, {"78": "W"}, {"78": "W"}, {"78": "S"}, {"78": "S"}, {"78": "S"}, {"78": "S"}, {"78": "S"}, {"78": "S"}, {"78": "S"}, {"69": "N"}, {"69": "W"}, {"69": "W"}, {"69": "W"}, {"69": "W"}, {"69": "N"}, {"69": "W"}, {"69": "W"}, {"69": "W"}, {"69": "W"}, {"69": "W"}, {"69": "N"}, {"69": "W"}, {"69": "W"}, {"69": "W"}, {"69": "W"}, {"69": "W"}, {"69": "W"}, {"69": "S"}, {"64": "S"}, {"64": "W"}, {"64": "W"}, {"64": "W"}, {"64": "W"}, {"64": "W"}, {"64": "W"}, {"64": "S"}, {"64": "S"}, {"64": "S"}, {"64": "S"}, {"64": "S"}, {"64": "S"}, {"64": "W"}, {"64": "W"}, {"64": "S"}, {"64": "S"}, {"64": "S"}, {"64": "S"}, {"64": "S"}, {"64": "S"}, {"64": "E"}, {"64": "E"}, {"57": "E"}, {"57": "S"}, {"57": "S"}, {"57": "S"}, {"57": "E"}, {"57": "E"}, {"57": "E"}, {"57": "E"}, {"57": "E"}, {"57": "E"}, {"57": "E"}, {"57": "E"}, {"57": "E"}, {"57": "E"}, {"57": "E"}, {"57": "S"}, {"57": "E"}, {"57": "E"}, {"46": "W"}, {"46": "S"}, {"46": "S"}, {"46": "S"}, {"46": "W"}, {"46": "W"}, {"46": "W"}, {"46": "W"}, {"46": "S"}, {"46": "S"}, {"46": "S"}, {"46": "S"}, {"46": "S"}, {"46": "S"}, {"46": "W"}, {"46": "W"}, {"46": "S"}, {"46": "S"}, {"46": "S"}, {"46": "S"}, {"46": "S"}, {"46": "S"}, {"46": "S"}, {"46": "S"}, {"46": "E"}, {"46": "E"}, {"40": "S"}, {"40": "S"}, {"40": "E"}, {"40": "E"}, {"40": "E"}, {"40": "E"}, {"40": "E"}, {"40": "E"}, {"40": "E"}, {"40": "E"}, {"40": "E"}, {"40": "E"}, {"40": "E"}, {"40": "E"}, {"40": "S"}, {"40": "E"}, {"40": "E"}, {"40": "S"}, {"40": "S"}, {"40": "W"}, {"34": "N"}, {"34": "W"}, {"34": "W"}, {"34": "W"}, {"34": "W"}, {"34": "W"}, {"34": "W"}, {"34": "W"}, {"34": "W"}, {"34": "W"}, {"34": "W"}, {"34": "W"}, {"34": "W"}, {"34": "W"}, {"34": "W"}, {"34": "W"}, {"34": "W"}, {"34": "W"}, {"34": "S"}, {"24": "N"}, {"24": "E"}, {"24": "E"}, {"24": "E"}, {"24": "E"}, {"24": "E"}, {"24": "E"}, {"24": "N"}, {"24": "N"}, {"24": "N"}, {"24": "E"}, {"24": "E"}, {"24": "E"}, {"24": "E"}, {"24": "N"}, {"24": "E"}, {"24": "E"}, {"24": "E"}, {"24": "E"}, {"24": "E"}, {"24": "E"}, {"24": "E"}, {"24": "E"}, {"24": "E"}, {"24": "E"}, {"24": "E"}, {"24": "S"}, {"24": "E"}, {"151": "S"}, {"151": "E"}, {"151": "E"}, {"151": "E"}, {"151": "E"}, {"151": "E"}, {"151": "E"}, {"151": "S"}, {"151": "S"}, {"151": "S"}, {"151": "S"}, {"151": "S"}, {"151": "S"}, {"151": "S"}, {"151": "S"}, {"151": "S"}, {"151": "S"}, {"151": "S"}, {"151": "E"}, {"151": "E"}, {"144": "N"}, {"144": "E"}, {"144": "E"}, {"144": "E"}, {"144": "E"}, {"144": "E"}, {"144": "N"}, {"144": "E"}, {"144": "E"}, {"144": "E"}, {"144": "E"}, {"144": "E"}, {"144": "N"}, {"130": "N"}, {"130": "E"}, {"130": "E"}, {"130": "S"}, {"130": "S"}, {"130": "S"}, {"130": "S"}, {"130": "E"}, {"130": "E"}, {"130": "E"}, {"130": "E"}, {"110": "S"}, {"110": "W"}, {"110": "W"}, {"110": "W"}, {"110": "W"}, {"110": "S"}, {"110": "S"}, {"110": "W"}, {"110": "W"}, {"110": "W"}, {"110": "W"}, {"110": "W"}, {"110": "W"}, {"110": "W"}, {"110": "W"}, {"110": "W"}, {"110": "W"}, {"110": "W"}, {"110": "W"}, {"110": "W"}, {"110": "W"}, {"110": "W"}, {"110": "W"}, {"110": "W"}, {"110": "W"}, {"110": "W"}, {"110": "N"}, {"110": "N"}, {"110": "N"}, {"110": "N"}, {"110": "E"}, {"106": "N"}, {"106": "N"}, {"106": "E"}, {"106": "E"}, {"106": "E"}, {"106": "E"}, {"106": "E"}, {"106": "E"}, {"106": "E"}, {"106": "E"}, {"106": "E"}, {"106": "N"}, {"106": "E"}, {"106": "E"}, {"106": "E"}, {"106": "E"}, {"106": "E"}, {"106": "E"}, {"106": "E"}, {"106": "E"}, {"106": "E"}, {"106": "E"}, {"106": "E"}, {"106": "S"}, {"99": "S"}, {"99": "E"}, {"99": "E"}, {"99": "E"}, {"99": "S"}, {"99": "S"}, {"99": "E"}, {"99": "S"}, {"99": "E"}, {"99": "E"}, {"99": "E"}, {"99": "E"}, {"99": "E"}, {"99": "E"}, {"99": "E"}, {"99": "E"}, {"99": "E"}, {"99": "E"}, {"99": "E"}, {"99": "E"}, {"99": "E"}, {"99": "E"}, {"99": "N"}, {"99": "E"}, {"94": "W"}, {"94": "S"}, {"94": "S"}, {"94": "W"}, {"94": "W"}, {"94": "W"}, {"94": "W"}, {"94": "W"}, {"94": "W"}, {"94": "W"}, {"94": "W"}, {"94": "W"}, {"94": "W"}, {"94": "W"}, {"94": "W"}, {"94": "W"}, {"94": "W"}, {"94": "W"}, {"94": "W"}, {"94": "S"}, {"94": "S"}, {"94": "S"}, {"94": "S"}, {"94": "S"}, {"94": "S"}, {"94": "W"}, {"94": "W"}, {"94": "S"}, {"94": "S"}, {"94": "S"}, {"94": "S"}, {"94": "S"}, {"94": "E"}, {"94": "E"}, {"82": "S"}, {"82": "S"}, {"82": "E"}, {"82": "E"}, {"82": "E"}, {"82": "E"}, {"82": "E"}, {"82": "E"}, {"82": "E"}, {"82": "E"}, {"82": "E"}, {"82": "E"}, {"82": "E"}, {"82": "E"}, {"82": "E"}, {"82": "E"}, {"82": "E"}, {"82": "E"}, {"82": "E"}, {"82": "E"}, {"82": "S"}, {"82": "E"}, {"81": "W"}, {"81": "W"}, {"81": "N"}, {"81": "N"}, {"81": "N"}, {"81": "N"}, {"81": "N"}, {"81": "N"}, {"81": "W"}, {"81": "W"}, {"81": "W"}, {"81": "W"}, {"81": "W"}, {"81": "W"}, {"81": "W"}, {"81": "W"}, {"81": "W"}, {"81": "W"}, {"81": "W"}, {"81": "W"}, {"81": "W"}, {"81": "W"}, {"81": "W"}, {"81": "W"}, {"81": "S"}, {"79": "S"}, {"79": "E"}, {"79": "S"}, {"79": "S"}, {"79": "S"}, {"79": "S"}, {"79": "S"}, {"79": "S"}, {"79": "S"}, {"79": "E"}, {"79": "E"}, {"79": "E"}, {"79": "E"}, {"56": "W"}, {"56": "S"}, {"56": "S"}, {"56": "S"}, {"56": "S"}, {"56": "W"}, {"56": "W"}, {"56": "W"}, {"56": "W"}, {"56": "W"}, {"56": "W"}, {"56": "W"}, {"56": "W"}, {"56": "W"}, {"56": "W"}, {"56": "W"}, {"56": "W"}, {"56": "W"}, {"56": "S"}, {"56": "S"}, {"56": "S"}, {"56": "S"}, {"56": "S"}, {"56": "S"}, {"56": "W"}, {"56": "W"}, {"56": "S"}, {"56": "S"}, {"56": "S"}, {"56": "E"}, {"56": "E"}, {"56": "N"}, {"51": "E"}, {"51": "S"}, {"51": "S"}, {"51": "S"}, {"51": "S"}, {"51": "E"}, {"51": "E"}, {"51": "E"}, {"51": "E"}, {"51": "E"}, {"51": "E"}, {"51": "E"}, {"51": "E"}, {"51": "E"}, {"51": "E"}, {"51": "E"}, {"51": "S"}, {"44": "S"}, {"44": "W"}, {"44": "W"}, {"44": "W"}, {"44": "S"}, {"44": "S"}, {"44": "S"}, {"44": "S"}, {"44": "S"}, {"44": "S"}, {"44": "S"}, {"44": "S"}, {"44": "S"}, {"44": "S"}, {"44": "S"}, {"44": "S"}, {"44": "S"}, {"44": "S"}, {"44": "W"}, {"44": "W"}, {"44": "W"}, {"44": "W"}, {"44": "W"}, {"44": "W"}, {"44": "W"}, {"44": "W"}, {"44": "W"}, {"44": "W"}, {"44": "W"}, {"44": "W"}, {"44": "W"}, {"44": "W"}, {"44": "W"}, {"44": "W"}, {"44": "W"}, {"44": "N"}, {"28": "W"}, {"28": "S"}, {"28": "S"}, {"28": "S"}, {"28": "S"}, {"28": "E"}, {"28": "E"}, {"28": "E"}, {"28": "E"}, {"28": "S"}, {"28": "S"}, {"28": "S"}, {"28": "S"}, {"28": "S"}, {"28": "S"}, {"28": "S"}, {"28": "S"}, {"28": "S"}, {"28": "S"}, {"28": "S"}, {"28": "S"}, {"28": "S"}, {"28": "S"}, {"28": "S"}, {"28": "S"}, {"28": "S"}, {"28": "S"}, {"28": "S"}, {"28": "W"}, {"28": "W"}, {"28": "N"}, {"2": "S"}, {"2": "S"}, {"2": "E"}, {"2": "E"}, {"2": "E"}, {"2": "E"}, {"2": "S"}, {"152": "N"}, {"152": "W"}, {"152": "W"}, {"152": "W"}, {"152": "W"}, {"152": "N"}, {"152": "W"}, {"152": "W"}, {"152": "W"}, {"152": "N"}, {"152": "N"}, {"152": "N"}, {"152": "N"}, {"152": "N"}, {"152": "N"}, {"152": "N"}, {"152": "N"}, {"152": "N"}, {"152": "N"}, {"152": "N"}, {"152": "W"}, {"152": "W"}, {"152": "W"}, {"152": "W"}, {"152": "W"}, {"152": "W"}, {"152": "W"}, {"152": "W"}, {"152": "W"}, {"152": "W"}, {"152": "W"}, {"152": "W"}, {"152": "W"}, {"152": "W"}, {"152": "W"}, {"152": "W"}, {"152": "W"}, {"152": "W"}, {"152": "S"}, {"152": "S"}, {"143": "E"}, {"143": "S"}, {"143": "S"}, {"143": "S"}, {"143": "S"}, {"143": "S"}, {"143": "S"}, {"143": "S"}, {"143": "S"}, {"143": "S"}, {"143": "S"}, {"143": "S"}, {"143": "E"}, {"143": "E"}, {"143": "E"}, {"143": "E"}, {"143": "E"}, {"143": "E"}, {"143": "E"}, {"143": "E"}, {"143": "E"}, {"143": "E"}, {"143": "E"}, {"125": "S"}, {"125": "E"}, {"125": "S"}, {"125": "S"}, {"125": "S"}, {"125": "S"}, {"125": "S"}, {"125": "S"}, {"125": "S"}, {"125": "S"}, {"125": "S"}, {"125": "E"}, {"125": "E"}, {"125": "E"}, {"125": "E"}, {"125": "E"}, {"125": "E"}, {"125": "E"}, {"125": "E"}, {"125": "E"}, {"125": "E"}, {"125": "S"}, {"125": "E"}, {"125": "E"}, {"125": "N"}, {"125": "E"}, {"75": "S"}, {"75": "E"}, {"75": "E"}, {"75": "E"}, {"75": "E"}, {"75": "E"}, {"75": "E"}, {"75": "E"}, {"75": "E"}, {"75": "S"}, {"75": "S"}, {"75": "S"}, {"75": "S"}, {"75": "S"}, {"75": "S"}, {"75": "S"}, {"75": "S"}, {"75": "E"}, {"135": "N"}, {"135": "E"}, {"135": "E"}, {"135": "S"}, {"135": "S"}, {"135": "S"}, {"135": "S"}, {"135": "S"}, {"135": "S"}, {"135": "S"}, {"135": "S"}, {"135": "S"}, {"135": "S"}, {"135": "S"}, {"135": "S"}, {"135": "E"}, {"135": "E"}, {"135": "E"}, {"135": "E"}, {"135": "E"}, {"135": "E"}, {"135": "E"}, {"135": "E"}, {"123": "S"}, {"123": "S"}, {"123": "S"}, {"123": "S"}, {"123": "S"}, {"123": "S"}, {"123": "S"}, {"123": "S"}, {"123": "E"}, {"123": "E"}, {"123": "E"}, {"123": "E"}, {"123": "E"}, {"123": "E"}, {"123": "E"}, {"123": "E"}, {"123": "E"}, {"123": "E"}, {"123": "E"}, {"123": "E"}, {"123": "E"}, {"52": "N"}, {"52": "W"}, {"52": "W"}, {"52": "W"}, {"52": "W"}, {"52": "W"}, {"52": "W"}, {"52": "N"}, {"52": "N"}, {"52": "N"}, {"52": "N"}, {"52": "N"}, {"52": "N"}, {"52": "N"}, {"52": "N"}, {"52": "N"}, {"52": "N"}, {"52": "N"}, {"52": "N"}, {"52": "N"}, {"52": "N"}, {"52": "W"}, {"52": "W"}, {"52": "W"}, {"52": "W"}, {"52": "W"}, {"52": "W"}, {"52": "W"}, {"52": "W"}, {"146": "N"}, {"146": "E"}, {"146": "E"}, {"146": "E"}, {"146": "S"}, {"146": "S"}, {"146": "S"}, {"146": "S"}, {"146": "S"}, {"146": "S"}, {"146": "S"}, {"146": "S"}, {"146": "S"}, {"146": "S"}, {"146": "S"}, {"146": "S"}, {"146": "E"}, {"146": "E"}, {"146": "E"}, {"146": "E"}, {"146": "S"}, {"146": "E"}, {"146": "E"}, {"146": "E"}, {"146": "E"}, {"146": "E"}, {"146": "N"}, {"146": "E"}, {"95": "N"}, {"95": "N"}, {"95": "N"}, {"95": "N"}, {"95": "E"}, {"95": "E"}, {"95": "E"}, {"95": "E"}, {"95": "E"}, {"95": "E"}, {"95": "E"}, {"95": "E"}, {"95": "E"}, {"95": "N"}, {"95": "E"}, {"95": "E"}, {"95": "E"}, {"95": "N"}, {"95": "N"}, {"95": "N"}, {"95": "E"}, {"95": "E"}, {"95": "E"}, {"95": "E"}, {"95": "E"}, {"95": "E"}, {"95": "E"}, {"95": "E"}, {"95": "N"}, {"95": "E"}, {"95": "E"}, {"95": "S"}, {"95": "E"}, {"95": "E"}, {"95": "E"}, {"95": "E"}, {"95": "E"}, {"95": "E"}, {"95": "E"}, {"95": "S"}, {"95": "S"}, {"29": "N"}, {"29": "E"}, {"29": "E"}, {"29": "E"}, {"29": "E"}, {"29": "N"}, {"29": "N"}, {"29": "N"}, {"29": "N"}, {"29": "E"}, {"29": "E"}, {"29": "E"}, {"29": "E"}, {"29": "E"}, {"29": "E"}, {"29": "E"}, {"29": "E"}, {"29": "N"}, {"29": "E"}, {"29": "E"}, {"29": "S"}, {"29": "E"}, {"29": "E"}, {"29": "E"}, {"29": "E"}, {"29": "E"}, {"29": "E"}, {"29": "E"}, {"29": "S"}, {"29": "E"}, {"29": "S"}, {"29": "S"}, {"29": "W"}, {"29": "S"}, {"173": "E"}, {"173": "S"}, {"173": "S"}, {"173": "S"}, {"173": "S"}, {"173": "S"}, {"173": "E"}, {"167": "N"}, {"167": "E"}, {"167": "E"}, {"167": "E"}, {"167": "E"}, {"167": "E"}, {"167": "E"}, {"167": "E"}, {"167": "N"}, {"167": "N"}, {"167": "N"}, {"167": "E"}, {"105": "W"}, {"105": "W"}, {"105": "W"}, {"105": "W"}, {"105": "W"}, {"105": "S"}, {"105": "S"}, {"105": "S"}, {"105": "S"}, {"105": "S"}, {"105": "W"}, {"105": "W"}, {"105": "W"}, {"105": "W"}, {"105": "W"}, {"105": "W"}, {"105": "S"}, {"105": "S"}, {"105": "S"}, {"105": "S"}, {"105": "S"}, {"105": "S"}, {"105": "S"}, {"41": "W"}, {"41": "W"}, {"41": "N"}, {"41": "N"}, {"41": "N"}, {"41": "N"}, {"41": "N"}, {"41": "N"}, {"41": "N"}, {"41": "N"}, {"41": "N"}, {"41": "N"}, {"41": "N"}, {"162": "S"}, {"162": "S"}, {"162": "E"}, {"162": "E"}, {"162": "E"}, {"162": "E"}, {"162": "E"}, {"162": "E"}, {"162": "S"}, {"162": "S"}, {"162": "S"}, {"162": "E"}, {"162": "E"}, {"162": "E"}, {"162": "E"}, {"162": "S"}, {"162": "E"}, {"162": "E"}, {"162": "E"}, {"162": "E"}, {"162": "E"}, {"162": "E"}, {"162": "E"}, {"162": "E"}, {"162": "E"}, {"162": "E"}, {"162": "N"}, {"162": "E"}, {"162": "E"}, {"162": "E"}, {"162": "E"}, {"162": "E"}, {"162": "E"}, {"162": "N"}, {"162": "N"}, {"162": "N"}, {"149": "N"}, {"149": "E"}, {"149": "E"}, {"149": "E"}, {"149": "E"}, {"149": "N"}, {"149": "N"}, {"149": "E"}, {"147": "W"}, {"147": "N"}, {"147": "N"}, {"147": "N"}, {"147": "E"}, {"147": "E"}, {"147": "E"}, {"147": "E"}, {"147": "E"}, {"147": "N"}, {"147": "N"}, {"147": "E"}, {"147": "N"}, {"147": "N"}, {"147": "W"}, {"108": "S"}, {"108": "E"}, {"108": "S"}, {"108": "S"}, {"108": "S"}, {"108": "S"}, {"108": "S"}, {"108": "S"}, {"108": "E"}, {"108": "E"}, {"73": "S"}, {"73": "S"}, {"73": "E"}, {"73": "E"}, {"73": "E"}, {"73": "E"}, {"73": "E"}, {"73": "E"}, {"73": "S"}, {"73": "E"}, {"73": "S"}, {"73": "S"}, {"73": "S"}, {"73": "S"}, {"73": "S"}, {"73": "S"}, {"73": "S"}, {"73": "S"}, {"73": "S"}, {"73": "S"}, {"73": "S"}, {"73": "S"}, {"73": "S"}, {"73": "S"}, {"73": "S"}, {"73": "S"}, {"73": "W"}, {"73": "S"}, {"68": "S"}, {"68": "E"}, {"68": "S"}, {"68": "S"}, {"68": "S"}, {"68": "S"}, {"68": "S"}, {"68": "S"}, {"68": "S"}, {"68": "S"}, {"68": "S"}, {"68": "E"}, {"68": "E"}, {"62": "W"}, {"62": "N"}, {"62": "W"}, {"62": "N"}, {"62": "N"}, {"62": "N"}, {"62": "N"}, {"62": "N"}, {"62": "N"}, {"60": "S"}, {"60": "E"}, {"60": "E"}, {"60": "S"}, {"60": "E"}, {"60": "E"}, {"60": "E"}, {"60": "E"}, {"60": "S"}, {"60": "E"}, {"60": "E"}, {"60": "E"}, {"60": "E"}, {"60": "E"}, {"60": "E"}, {"60": "E"}, {"60": "E"}, {"60": "E"}, {"60": "E"}, {"60": "E"}, {"60": "E"}, {"60": "E"}, {"60": "N"}, {"60": "E"}, {"60": "E"}, {"60": "E"}, {"60": "E"}, {"60": "E"}, {"60": "E"}, {"60": "E"}, {"60": "N"}, {"60": "N"}, {"60": "N"}, {"60": "N"}, {"60": "N"}, {"60": "W"}, {"60": "N"}, {"60": "N"}, {"60": "N"}, {"60": "N"}, {"15": "E"}, {"15": "S"}, {"15": "S"}, {"15": "S"}, {"15": "S"}, {"15": "S"}, {"15": "S"}, {"15": "S"}, {"15": "E"}, {"15": "E"}, {"15": "E"}, {"15": "E"}, {"15": "S"}, {"15": "E"}, {"15": "S"}, {"15": "S"}, {"15": "S"}, {"15": "S"}, {"15": "S"}, {"15": "S"}, {"15": "S"}, {"15": "S"}, {"15": "S"}, {"15": "S"}, {"15": "S"}, {"15": "S"}, {"15": "S"}, {"15": "S"}, {"15": "S"}, {"15": "S"}, {"15": "W"}, {"12": "N"}, {"12": "N"}, {"12": "N"}, {"12": "N"}, {"12": "N"}, {"12": "E"}, {"12": "E"}, {"12": "E"}, {"12": "E"}, {"12": "E"}, {"12": "E"}, {"12": "E"}, {"12": "E"}, {"12": "N"}, {"12": "E"}, {"12": "E"}, {"12": "E"}, {"12": "E"}, {"12": "E"}, {"12": "E"}, {"12": "E"}, {"12": "E"}, {"12": "E"}, {"12": "E"}, {"12": "E"}, {"12": "N"}, {"12": "E"}, {"12": "E"}, {"12": "S"}, {"12": "E"}, {"12": "E"}, {"12": "E"}, {"12": "E"}, {"12": "E"}, {"170": "N"}, {"170": "E"}, {"170": "E"}, {"170": "S"}, {"170": "S"}, {"170": "S"}, {"170": "S"}, {"170": "E"}, {"182": "N"}, {"182": "W"}, {"182": "W"}, {"182": "W"}, {"182": "W"}, {"182": "W"}, {"182": "W"}, {"182": "W"}, {"182": "W"}, {"182": "W"}, {"182": "W"}, {"182": "W"}, {"182": "W"}, {"182": "W"}, {"182": "W"}, {"182": "W"}, {"182": "W"}, {"182": "N"}, {"182": "W"}, {"182": "N"}, {"182": "N"}, {"182": "N"}, {"182": "N"}, {"182": "N"}, {"182": "N"}, {"182": "N"}, {"182": "N"}, {"182": "N"}, {"182": "N"}, {"182": "N"}, {"182": "N"}, {"182": "N"}, {"182": "N"}, {"182": "N"}, {"182": "N"}, {"182": "N"}, {"182": "N"}, {"182": "E"}, {"182": "E"}, {"150": "N"}, {"150": "E"}, {"150": "E"}, {"150": "S"}, {"150": "S"}, {"150": "S"}, {"150": "S"}, {"150": "S"}, {"150": "S"}, {"150": "E"}, {"150": "S"}, {"150": "E"}, {"150": "E"}, {"150": "E"}, {"150": "E"}, {"150": "E"}, {"150": "E"}, {"150": "E"}, {"150": "E"}, {"150": "E"}, {"150": "E"}, {"150": "E"}, {"150": "N"}, {"148": "N"}, {"148": "E"}, {"148": "E"}, {"148": "E"}, {"148": "E"}, {"148": "E"}, {"148": "N"}, {"148": "N"}, {"148": "N"}, {"148": "E"}, {"148": "E"}, {"148": "S"}, {"148": "E"}, {"136": "N"}, {"136": "E"}, {"136": "E"}, {"136": "E"}, {"136": "E"}, {"136": "E"}, {"136": "E"}, {"136": "E"}, {"136": "E"}, {"136": "N"}, {"136": "N"}, {"136": "N"}, {"136": "N"}, {"136": "E"}, {"136": "E"}, {"136": "E"}, {"136": "N"}, {"136": "N"}, {"136": "N"}, {"136": "E"}, {"136": "E"}, {"136": "E"}, {"136": "E"}, {"136": "S"}, {"132": "S"}, {"132": "E"}, {"132": "E"}, {"132": "E"}, {"132": "N"}, {"132": "N"}, {"132": "N"}, {"132": "N"}, {"132": "N"}, {"132": "N"}, {"132": "N"}, {"132": "E"}, {"132": "E"}, {"132": "E"}, {"132": "E"}, {"132": "E"}, {"132": "E"}, {"132": "E"}, {"132": "E"}, {"132": "E"}, {"126": "S"}, {"126": "S"}, {"126": "S"}, {"126": "S"}, {"126": "S"}, {"126": "S"}, {"126": "W"}, {"126": "W"}, {"126": "W"}, {"126": "S"}, {"126": "S"}, {"126": "S"}, {"126": "S"}, {"126": "S"}, {"126": "S"}, {"126": "S"}, {"126": "S"}, {"126": "S"}, {"126": "S"}, {"126": "S"}, {"126": "S"}, {"126": "S"}, {"126": "S"}, {"126": "S"}, {"126": "E"}, {"126": "S"}, {"126": "E"}, {"126": "E"}, {"126": "N"}, {"117": "W"}, {"117": "S"}, {"117": "S"}, {"117": "S"}, {"117": "S"}, {"117": "W"}, {"117": "S"}, {"117": "S"}, {"117": "S"}, {"117": "S"}, {"117": "S"}, {"117": "S"}, {"117": "S"}, {"117": "W"}, {"117": "S"}, {"117": "S"}, {"117": "S"}, {"117": "S"}, {"117": "S"}, {"117": "S"}, {"117": "S"}, {"117": "E"}, {"117": "E"}, {"101": "N"}, {"101": "W"}, {"101": "W"}, {"101": "S"}, {"101": "S"}, {"101": "S"}, {"101": "S"}, {"101": "S"}, {"101": "W"}, {"100": "W"}, {"100": "W"}, {"100": "S"}, {"100": "S"}, {"100": "S"}, {"100": "S"}, {"100": "W"}, {"100": "W"}, {"100": "S"}, {"100": "W"}, {"100": "W"}, {"100": "W"}, {"100": "W"}, {"100": "W"}, {"100": "S"}, {"100": "S"}, {"100": "S"}, {"100": "S"}, {"100": "W"}, {"100": "W"}, {"100": "W"}, {"100": "S"}, {"100": "S"}, {"100": "S"}, {"100": "S"}, {"100": "S"}, {"100": "S"}, {"100": "S"}, {"100": "S"}, {"100": "S"}, {"100": "S"}, {"100": "S"}, {"100": "S"}, {"100": "S"}, {"100": "S"}, {"100": "S"}, {"100": "E"}, {"100": "S"}, {"100": "E"}, {"100": "E"}, {"100": "E"}, {"100": "E"}, {"100": "E"}, {"100": "E"}, {"100": "E"}, {"100": "E"}, {"100": "N"}, {"89": "S"}, {"89": "E"}, {"89": "E"}, {"89": "S"}, {"89": "S"}, {"89": "S"}, {"89": "S"}, {"89": "S"}, {"89": "S"}, {"89": "E"}, {"89": "S"}, {"89": "E"}, {"89": "E"}, {"89": "E"}, {"89": "E"}, {"89": "E"}, {"89": "E"}, {"89": "E"}, {"89": "E"}, {"89": "E"}, {"89": "E"}, {"89": "E"}, {"89": "E"}, {"89": "E"}, {"89": "E"}, {"89": "E"}, {"89": "E"}, {"89": "E"}, {"89": "E"}, {"89": "E"}, {"89": "E"}, {"89": "N"}, {"89": "N"}, {"89": "N"}, {"89": "N"}, {"89": "N"}, {"89": "N"}, {"89": "N"}, {"89": "N"}, {"89": "N"}, {"89": "N"}, {"89": "N"}, {"89": "W"}, {"76": "W"}, {"76": "S"}, {"76": "S"}, {"76": "S"}, {"76": "S"}, {"76": "S"}, {"76": "W"}, {"76": "W"}, {"76": "W"}, {"76": "W"}, {"76": "W"}, {"76": "W"}, {"76": "W"}, {"76": "W"}, {"76": "W"}, {"76": "W"}, {"76": "W"}, {"76": "W"}, {"76": "W"}, {"76": "W"}, {"76": "W"}, {"76": "S"}, {"76": "S"}, {"76": "S"}, {"76": "S"}, {"76": "S"}, {"76": "W"}, {"76": "S"}, {"76": "S"}, {"76": "S"}, {"76": "S"}, {"76": "S"}, {"76": "S"}, {"76": "S"}, {"76": "S"}, {"76": "S"}, {"76": "S"}, {"76": "S"}, {"76": "S"}, {"76": "S"}, {"76": "S"}, {"76": "S"}, {"76": "E"}, {"49": "N"}, {"49": "E"}, {"49": "E"}, {"49": "E"}, {"49": "N"}, {"49": "N"}, {"49": "N"}, {"49": "N"}, {"49": "E"}, {"49": "E"}, {"49": "E"}, {"49": "E"}, {"49": "E"}, {"49": "E"}, {"49": "E"}, {"49": "E"}, {"49": "N"}, {"49": "E"}, {"49": "E"}, {"49": "E"}, {"49": "E"}, {"49": "E"}, {"49": "S"}, {"49": "E"}, {"49": "E"}, {"49": "E"}, {"172": "N"}, {"172": "W"}, {"172": "W"}, {"172": "W"}, {"172": "N"}, {"172": "N"}, {"172": "N"}, {"172": "N"}, {"172": "N"}, {"172": "N"}, {"172": "N"}, {"172": "N"}, {"172": "N"}, {"172": "N"}, {"172": "N"}, {"172": "N"}, {"172": "N"}, {"172": "W"}, {"172": "N"}, {"172": "W"}, {"172": "N"}, {"172": "W"}, {"172": "W"}, {"172": "W"}, {"172": "W"}, {"172": "W"}, {"172": "W"}, {"172": "W"}, {"172": "W"}, {"172": "W"}, {"172": "W"}, {"172": "W"}, {"172": "W"}, {"172": "W"}, {"172": "W"}, {"172": "W"}, {"172": "S"}, {"172": "W"}, {"172": "S"}, {"172": "S"}, {"172": "S"}, {"172": "S"}, {"172": "E"}, {"166": "S"}, {"166": "E"}, {"166": "E"}, {"166": "E"}, {"166": "E"}, {"166": "E"}, {"166": "E"}, {"166": "N"}, {"166": "N"}, {"166": "N"}, {"166": "N"}, {"166": "N"}, {"166": "N"}, {"166": "N"}, {"166": "N"}, {"166": "N"}, {"166": "N"}, {"166": "E"}, {"166": "E"}, {"166": "E"}, {"166": "E"}, {"166": "E"}, {"166": "E"}, {"159": "W"}, {"159": "N"}, {"159": "N"}, {"159": "N"}, {"159": "N"}, {"159": "W"}, {"159": "W"}, {"159": "W"}, {"159": "W"}, {"159": "W"}, {"159": "W"}, {"159": "W"}, {"159": "W"}, {"159": "W"}, {"159": "W"}, {"159": "W"}, {"159": "W"}, {"159": "W"}, {"159": "W"}, {"159": "W"}, {"159": "N"}, {"159": "N"}, {"159": "N"}, {"159": "N"}, {"159": "N"}, {"159": "E"}, {"154": "N"}, {"154": "E"}, {"154": "E"}, {"154": "E"}, {"154": "E"}, {"154": "E"}, {"154": "N"}, {"154": "N"}, {"154": "N"}, {"154": "N"}, {"154": "N"}, {"154": "N"}, {"154": "N"}, {"154": "N"}, {"154": "N"}, {"154": "N"}, {"154": "E"}, {"154": "E"}, {"154": "E"}, {"154": "E"}, {"154": "E"}, {"140": "N"}, {"140": "E"}, {"140": "E"}, {"140": "E"}, {"140": "E"}, {"140": "E"}, {"140": "E"}, {"140": "S"}, {"140": "S"}, {"140": "S"}, {"140": "S"}, {"140": "S"}, {"140": "S"}, {"140": "S"}, {"140": "S"}, {"140": "S"}, {"140": "S"}, {"140": "S"}, {"140": "S"}, {"140": "S"}, {"140": "E"}, {"140": "E"}, {"140": "E"}, {"140": "E"}, {"140": "E"}, {"140": "E"}, {"140": "N"}, {"112": "W"}, {"112": "S"}, {"112": "S"}, {"112": "S"}, {"112": "W"}, {"112": "W"}, {"112": "W"}, {"112": "W"}, {"112": "W"}, {"112": "W"}, {"112": "W"}, {"112": "W"}, {"112": "W"}, {"112": "S"}, {"112": "W"}, {"112": "S"}, {"112": "S"}, {"112": "S"}, {"112": "S"}, {"112": "W"}, {"112": "W"}, {"112": "W"}, {"112": "S"}, {"112": "S"}, {"112": "S"}, {"112": "S"}, {"112": "S"}, {"112": "S"}, {"112": "S"}, {"112": "S"}, {"112": "S"}, {"112": "S"}, {"112": "S"}, {"112": "S"}, {"112": "S"}, {"112": "S"}, {"112": "S"}, {"112": "S"}, {"112": "E"}, {"112": "E"}, {"112": "E"}, {"112": "E"}, {"112": "E"}, {"112": "E"}, {"112": "E"}, {"112": "N"}, {"111": "N"}, {"111": "E"}, {"111": "E"}, {"111": "E"}, {"111": "E"}, {"111": "E"}, {"111": "E"}, {"111": "E"}, {"111": "E"}, {"111": "E"}, {"111": "E"}, {"111": "E"}, {"111": "E"}, {"111": "E"}, {"111": "E"}, {"111": "E"}, {"111": "E"}, {"111": "E"}, {"111": "E"}, {"111": "E"}, {"111": "N"}, {"111": "N"}, {"111": "N"}, {"111": "N"}, {"111": "N"}, {"111": "N"}, {"111": "N"}, {"111": "N"}, {"111": "N"}, {"111": "N"}, {"111": "N"}, {"111": "N"}, {"111": "N"}, {"111": "W"}, {"111": "N"}, {"92": "E"}, {"92": "N"}, {"92": "N"}, {"92": "N"}, {"92": "N"}, {"92": "N"}, {"92": "E"}, {"92": "E"}, {"92": "E"}, {"92": "E"}, {"92": "E"}, {"92": "E"}, {"92": "N"}, {"92": "N"}, {"92": "N"}, {"92": "N"}, {"92": "N"}, {"92": "N"}, {"92": "N"}, {"92": "N"}, {"92": "N"}, {"92": "N"}, {"92": "N"}, {"92": "N"}, {"92": "N"}, {"92": "N"}, {"92": "N"}, {"92": "N"}, {"92": "N"}, {"92": "W"}, {"91": "E"}, {"91": "S"}, {"91": "S"}, {"91": "S"}, {"91": "S"}, {"91": "S"}, {"91": "E"}, {"91": "E"}, {"91": "E"}, {"91": "E"}, {"91": "E"}, {"91": "E"}, {"91": "E"}, {"91": "E"}, {"91": "E"}, {"91": "S"}, {"50": "E"}, {"50": "S"}, {"50": "S"}, {"50": "S"}, {"50": "S"}, {"50": "S"}, {"50": "E"}, {"50": "E"}, {"50": "E"}, {"50": "S"}, {"50": "E"}, {"50": "S"}, {"50": "E"}, {"50": "S"}, {"50": "S"}, {"50": "S"}, {"50": "S"}, {"50": "S"}, {"50": "S"}, {"50": "S"}, {"50": "S"}, {"50": "S"}, {"50": "S"}, {"50": "S"}, {"50": "S"}, {"50": "S"}, {"50": "S"}, {"50": "S"}, {"50": "S"}, {"50": "S"}, {"50": "S"}, {"50": "S"}, {"50": "W"}, {"50": "W"}, {"50": "W"}, {"50": "N"}, {"47": "S"}, {"47": "E"}, {"47": "E"}, {"47": "S"}, {"47": "S"}, {"47": "S"}, {"47": "S"}, {"47": "E"}, {"47": "E"}, {"47": "E"}, {"47": "E"}, {"47": "E"}, {"47": "E"}, {"47": "E"}, {"47": "E"}, {"47": "E"}, {"47": "E"}, {"47": "E"}, {"47": "E"}, {"47": "E"}, {"47": "E"}, {"47": "N"}, {"47": "E"}, {"47": "E"}, {"42": "W"}, {"42": "W"}, {"42": "N"}, {"42": "W"}, {"42": "N"}, {"42": "W"}, {"42": "W"}, {"42": "W"}, {"42": "W"}, {"42": "W"}, {"42": "W"}, {"42": "W"}, {"42": "W"}, {"42": "W"}, {"42": "W"}, {"42": "W"}, {"42": "W"}, {"42": "W"}, {"42": "W"}, {"42": "W"}, {"42": "S"}, {"38": "S"}, {"38": "E"}, {"38": "S"}, {"38": "E"}, {"38": "E"}, {"38": "E"}, {"38": "S"}, {"38": "E"}, {"38": "E"}, {"38": "E"}, {"38": "E"}, {"38": "E"}, {"38": "E"}, {"38": "E"}, {"38": "E"}, {"38": "E"}, {"38": "E"}, {"38": "E"}, {"38": "E"}, {"38": "E"}, {"38": "E"}, {"38": "E"}, {"38": "E"}, {"38": "E"}, {"38": "E"}, {"38": "E"}, {"38": "E"}, {"38": "E"}, {"38": "N"}, {"38": "N"}, {"38": "N"}, {"38": "N"}, {"38": "N"}, {"38": "N"}, {"38": "W"}, {"38": "N"}, {"38": "N"}, {"38": "N"}, {"33": "S"}, {"33": "W"}, {"33": "W"}, {"33": "S"}, {"33": "W"}, {"33": "W"}, {"33": "N"}, {"31": "E"}, {"31": "S"}, {"31": "S"}, {"31": "S"}, {"31": "E"}, {"31": "E"}, {"31": "E"}, {"31": "S"}, {"31": "E"}, {"31": "S"}, {"31": "E"}, {"31": "S"}, {"31": "S"}, {"31": "S"}, {"31": "S"}, {"31": "S"}, {"31": "S"}, {"31": "S"}, {"31": "S"}, {"31": "S"}, {"31": "S"}, {"31": "S"}, {"31": "W"}, {"31": "S"}, {"21": "E"}, {"21": "N"}, {"21": "N"}, {"21": "N"}, {"21": "E"}, {"21": "E"}, {"21": "E"}, {"21": "E"}, {"21": "E"}, {"21": "E"}, {"21": "N"}, {"21": "N"}, {"21": "N"}, {"21": "N"}, {"21": "N"}, {"21": "N"}, {"21": "N"}, {"21": "N"}, {"21": "N"}, {"21": "N"}, {"21": "N"}, {"21": "N"}, {"21": "N"}, {"21": "N"}, {"21": "N"}, {"21": "N"}, {"21": "N"}, {"21": "N"}, {"21": "N"}, {"21": "W"}, {"21": "N"}, {"21": "W"}, {"21": "N"}, {"21": "W"}, {"21": "W"}, {"21": "W"}, {"21": "W"}, {"21": "S"}, {"18": "E"}, {"18": "S"}, {"18": "S"}, {"18": "E"}, {"18": "E"}, {"18": "E"}, {"18": "E"}, {"18": "E"}, {"18": "E"}, {"18": "E"}, {"18": "E"}, {"18": "E"}, {"18": "E"}, {"18": "E"}, {"18": "E"}, {"18": "E"}, {"18": "E"}, {"18": "E"}, {"18": "E"}, {"18": "E"}, {"18": "E"}, {"18": "E"}, {"18": "E"}, {"18": "E"}, {"18": "N"}, {"18": "N"}, {"18": "N"}, {"18": "N"}, {"18": "N"}, {"18": "N"}, {"18": "N"}, {"18": "N"}, {"18": "W"}, {"14": "E"}, {"14": "S"}, {"14": "S"}, {"14": "S"}, {"14": "S"}, {"14": "S"}, {"14": "S"}, {"14": "S"}, {"14": "S"}, {"14": "E"}, {"8": "E"}, {"8": "S"}, {"8": "S"}, {"8": "W"}, {"8": "W"}, {"8": "W"}, {"8": "W"}, {"8": "W"}, {"8": "W"}, {"8": "W"}, {"8": "W"}, {"8": "W"}, {"8": "W"}, {"8": "W"}, {"8": "W"}, {"8": "W"}, {"8": "W"}, {"8": "W"}, {"8": "W"}, {"8": "W"}, {"8": "W"}, {"8": "S"}, {"8": "S"}, {"8": "S"}, {"8": "S"}, {"8": "S"}, {"8": "W"}, {"8": "S"}, {"8": "S"}, {"8": "S"}, {"8": "S"}, {"8": "S"}, {"8": "S"}, {"8": "S"}, {"8": "S"}, {"8": "S"}, {"8": "S"}, {"8": "S"}, {"8": "S"}, {"8": "S"}, {"8": "E"}, {"5": "N"}, {"5": "N"}, {"5": "E"}, {"5": "E"}, {"5": "E"}, {"5": "N"}, {"5": "E"}, {"5": "E"}, {"5": "E"}, {"5": "N"}, {"5": "E"}, {"5": "E"}, {"5": "E"}, {"5": "E"}, {"5": "E"}, {"5": "E"}, {"5": "E"}, {"5": "S"}, {"181": "N"}, {"181": "E"}, {"181": "E"}, {"181": "E"}, {"181": "E"}, {"181": "S"}, {"181": "S"}, {"181": "S"}, {"181": "E"}, {"169": "N"}, {"169": "E"}, {"169": "E"}, {"169": "E"}, {"169": "E"}, {"169": "E"}, {"169": "E"}, {"169": "E"}, {"169": "E"}, {"169": "E"}, {"169": "E"}, {"169": "N"}, {"169": "E"}, {"165": "S"}, {"165": "W"}, {"165": "W"}, {"165": "S"}, {"165": "S"}, {"165": "S"}, {"165": "S"}, {"165": "S"}, {"165": "S"}, {"165": "W"}, {"165": "W"}, {"165": "W"}, {"165": "W"}, {"165": "W"}, {"165": "W"}, {"165": "W"}, {"165": "W"}, {"165": "W"}, {"165": "W"}, {"165": "W"}, {"165": "W"}, {"165": "W"}, {"165": "W"}, {"165": "W"}, {"165": "W"}, {"165": "W"}, {"165": "W"}, {"165": "W"}, {"165": "W"}, {"165": "W"}, {"165": "N"}, {"165": "N"}, {"165": "N"}, {"165": "N"}, {"165": "N"}, {"165": "N"}, {"165": "N"}, {"165": "N"}, {"165": "N"}, {"165": "N"}, {"165": "N"}, {"165": "N"}, {"165": "E"}, {"165": "E"}, {"139": "W"}, {"139": "N"}, {"139": "N"}, {"139": "N"}, {"139": "N"}, {"139": "N"}, {"139": "N"}, {"139": "N"}, {"139": "N"}, {"139": "N"}, {"139": "N"}, {"139": "N"}, {"139": "N"}, {"139": "W"}, {"139": "N"}, {"139": "W"}, {"139": "N"}, {"139": "W"}, {"139": "W"}, {"139": "W"}, {"139": "W"}, {"139": "W"}, {"139": "W"}, {"139": "W"}, {"139": "W"}, {"139": "W"}, {"139": "W"}, {"139": "W"}, {"139": "W"}, {"139": "W"}, {"139": "W"}, {"139": "W"}, {"139": "W"}, {"139": "S"}, {"139": "S"}, {"139": "S"}, {"139": "S"}, {"139": "W"}, {"137": "W"}, {"137": "S"}, {"137": "S"}, {"137": "W"}, {"137": "W"}, {"137": "W"}, {"137": "W"}, {"137": "W"}, {"137": "W"}, {"137": "W"}, {"137": "W"}, {"137": "W"}, {"137": "W"}, {"137": "W"}, {"137": "W"}, {"137": "W"}, {"137": "W"}, {"137": "W"}, {"137": "W"}, {"137": "W"}, {"137": "W"}, {"137": "W"}, {"137": "W"}, {"137": "W"}, {"137": "N"}, {"137": "N"}, {"137": "N"}, {"137": "N"}, {"137": "N"}, {"137": "N"}, {"137": "N"}, {"137": "N"}, {"137": "E"}, {"137": "E"}, {"137": "E"}, {"133": "N"}, {"133": "W"}, {"133": "W"}, {"133": "W"}, {"133": "W"}, {"133": "W"}, {"133": "W"}, {"133": "W"}, {"133": "W"}, {"133": "W"}, {"133": "W"}, {"133": "W"}, {"133": "N"}, {"133": "N"}, {"133": "N"}, {"133": "N"}, {"133": "N"}, {"133": "N"}, {"133": "N"}, {"133": "N"}, {"133": "N"}, {"133": "N"}, {"133": "N"}, {"133": "N"}, {"133": "N"}, {"133": "N"}, {"133": "N"}, {"133": "N"}, {"133": "N"}, {"133": "N"}, {"133": "N"}, {"133": "N"}, {"133": "E"}, {"133": "E"}, {"133": "E"}, {"133": "N"}, {"133": "E"}, {"133": "E"}, {"133": "E"}, {"133": "E"}, {"133": "S"}, {"133": "E"}, {"119": "S"}, {"119": "W"}, {"119": "W"}, {"119": "S"}, {"119": "S"}, {"119": "S"}, {"119": "S"}, {"119": "S"}, {"119": "S"}, {"119": "S"}, {"119": "S"}, {"119": "S"}, {"119": "W"}, {"119": "W"}, {"119": "W"}, {"119": "W"}, {"119": "W"}, {"119": "W"}, {"119": "W"}, {"119": "W"}, {"119": "W"}, {"119": "W"}, {"119": "W"}, {"119": "W"}, {"119": "W"}, {"119": "W"}, {"119": "W"}, {"119": "W"}, {"119": "W"}, {"119": "W"}, {"119": "W"}, {"119": "W"}, {"119": "W"}, {"119": "N"}, {"119": "N"}, {"119": "N"}, {"119": "N"}, {"119": "N"}, {"119": "N"}, {"119": "N"}, {"119": "N"}, {"119": "N"}, {"119": "E"}, {"116": "W"}, {"116": "N"}, {"116": "N"}, {"116": "N"}, {"116": "N"}, {"116": "N"}, {"116": "N"}, {"116": "N"}, {"116": "N"}, {"116": "N"}, {"116": "W"}, {"116": "N"}, {"116": "W"}, {"116": "N"}, {"116": "W"}, {"116": "W"}, {"116": "W"}, {"116": "W"}, {"116": "W"}, {"116": "W"}, {"116": "W"}, {"116": "W"}, {"116": "W"}, {"116": "W"}, {"116": "W"}, {"116": "W"}, {"116": "W"}, {"116": "W"}, {"116": "W"}, {"116": "W"}, {"116": "S"}, {"116": "S"}, {"116": "S"}, {"116": "S"}, {"116": "S"}, {"116": "W"}, {"116": "W"}, {"116": "W"}, {"116": "S"}, {"116": "S"}, {"116": "S"}, {"116": "S"}, {"116": "S"}, {"116": "E"}, {"116": "E"}, {"115": "W"}, {"115": "S"}, {"115": "S"}, {"115": "S"}, {"115": "S"}, {"115": "S"}, {"115": "W"}, {"107": "N"}, {"107": "N"}, {"107": "W"}, {"107": "W"}, {"107": "N"}, {"107": "N"}, {"107": "N"}, {"107": "N"}, {"107": "W"}, {"107": "N"}, {"107": "W"}, {"107": "N"}, {"107": "W"}, {"107": "W"}, {"107": "W"}, {"107": "W"}, {"107": "W"}, {"107": "W"}, {"107": "W"}, {"107": "W"}, {"107": "W"}, {"107": "W"}, {"107": "W"}, {"107": "W"}, {"107": "W"}, {"107": "W"}, {"107": "W"}, {"107": "W"}, {"107": "S"}, {"107": "S"}, {"107": "S"}, {"107": "S"}, {"103": "N"}, {"103": "W"}, {"103": "W"}, {"103": "W"}, {"103": "W"}, {"103": "W"}, {"103": "W"}, {"103": "W"}, {"103": "N"}, {"103": "N"}, {"103": "N"}, {"103": "N"}, {"103": "N"}, {"103": "N"}, {"103": "N"}, {"103": "N"}, {"103": "N"}, {"103": "N"}, {"103": "N"}, {"103": "N"}, {"103": "N"}, {"103": "N"}, {"103": "N"}, {"103": "N"}, {"103": "N"}, {"103": "N"}, {"103": "N"}, {"103": "N"}, {"103": "E"}, {"103": "E"}, {"103": "E"}, {"103": "N"}, {"103": "E"}, {"103": "E"}, {"103": "E"}, {"103": "E"}, {"103": "E"}, {"103": "E"}, {"103": "E"}, {"103": "E"}, {"103": "S"}, {"97": "W"}, {"97": "S"}, {"97": "S"}, {"97": "S"}, {"97": "S"}, {"97": "W"}, {"97": "W"}, {"97": "W"}, {"97": "W"}, {"97": "W"}, {"97": "W"}, {"97": "W"}, {"97": "W"}, {"97": "W"}, {"97": "W"}, {"97": "S"}, {"97": "S"}, {"74": "N"}, {"74": "W"}, {"74": "W"}, {"74": "W"}, {"74": "W"}, {"74": "W"}, {"74": "N"}, {"74": "W"}, {"74": "W"}, {"74": "W"}, {"74": "W"}, {"74": "W"}, {"74": "W"}, {"74": "W"}, {"74": "W"}, {"74": "W"}, {"74": "W"}, {"74": "W"}, {"74": "W"}, {"74": "W"}, {"74": "W"}, {"74": "W"}, {"74": "W"}, {"74": "W"}, {"74": "S"}, {"74": "W"}, {"74": "S"}, {"74": "S"}, {"74": "S"}, {"74": "S"}, {"74": "E"}, {"74": "S"}, {"67": "E"}, {"67": "S"}, {"67": "S"}, {"67": "S"}, {"67": "S"}, {"67": "E"}, {"67": "E"}, {"67": "E"}, {"67": "S"}, {"67": "E"}, {"67": "S"}, {"67": "E"}, {"67": "S"}, {"67": "S"}, {"67": "S"}, {"67": "S"}, {"67": "S"}, {"67": "S"}, {"67": "S"}, {"67": "S"}, {"67": "S"}, {"67": "S"}, {"67": "S"}, {"67": "S"}, {"67": "S"}, {"67": "S"}, {"67": "S"}, {"67": "S"}, {"67": "S"}, {"67": "S"}, {"67": "S"}, {"67": "W"}, {"67": "W"}, {"67": "W"}, {"67": "W"}, {"67": "W"}, {"67": "W"}, {"67": "W"}, {"67": "N"}, {"61": "E"}, {"61": "S"}, {"61": "S"}, {"61": "S"}, {"61": "E"}, {"61": "E"}, {"61": "E"}, {"61": "E"}, {"61": "E"}, {"61": "E"}, {"61": "E"}, {"61": "E"}, {"61": "E"}, {"61": "E"}, {"61": "E"}, {"61": "E"}, {"61": "E"}, {"61": "E"}, {"61": "E"}, {"61": "S"}, {"61": "E"}, {"53": "W"}, {"53": "S"}, {"53": "S"}, {"53": "S"}, {"53": "S"}, {"53": "S"}, {"53": "S"}, {"53": "S"}, {"53": "S"}, {"53": "S"}, {"53": "S"}, {"53": "S"}, {"53": "S"}, {"53": "S"}, {"53": "S"}, {"53": "S"}, {"53": "S"}, {"53": "W"}, {"53": "W"}, {"53": "W"}, {"53": "W"}, {"53": "N"}, {"39": "E"}, {"39": "S"}, {"39": "S"}, {"39": "W"}, {"39": "W"}, {"39": "W"}, {"39": "W"}, {"39": "S"}, {"39": "W"}, {"39": "W"}, {"39": "S"}, {"39": "S"}, {"39": "S"}, {"39": "S"}, {"39": "W"}, {"39": "S"}, {"39": "S"}, {"39": "S"}, {"39": "S"}, {"39": "S"}, {"39": "S"}, {"39": "S"}, {"39": "S"}, {"39": "S"}, {"39": "S"}, {"39": "S"}, {"39": "S"}, {"39": "S"}, {"39": "S"}, {"39": "S"}, {"39": "S"}, {"39": "E"}, {"39": "E"}, {"39": "E"}, {"39": "E"}, {"39": "N"}, {"36": "S"}, {"36": "E"}, {"36": "E"}, {"36": "S"}, {"35": "N"}, {"35": "E"}, {"35": "N"}, {"35": "E"}, {"35": "E"}, {"35": "E"}, {"35": "E"}, {"35": "N"}, {"35": "E"}, {"35": "E"}, {"35": "N"}, {"35": "E"}, {"35": "E"}, {"35": "E"}, {"35": "E"}, {"35": "E"}, {"35": "E"}, {"35": "E"}, {"35": "E"}, {"35": "E"}, {"35": "E"}, {"35": "E"}, {"35": "E"}, {"35": "E"}, {"35": "E"}, {"35": "E"}, {"35": "E"}, {"35": "E"}, {"35": "E"}, {"35": "S"}, {"35": "S"}, {"35": "S"}, {"35": "S"}, {"35": "S"}, {"35": "S"}, {"35": "S"}, {"35": "S"}, {"35": "W"}, {"23": "N"}, {"23": "W"}, {"23": "W"}, {"23": "N"}, {"23": "W"}, {"23": "W"}, {"23": "W"}, {"23": "W"}, {"23": "W"}, {"23": "W"}, {"23": "W"}, {"23": "W"}, {"23": "W"}, {"23": "W"}, {"23": "W"}, {"23": "W"}, {"23": "W"}, {"23": "W"}, {"23": "W"}, {"23": "W"}, {"23": "W"}, {"23": "W"}, {"23": "W"}, {"23": "W"}, {"23": "S"}, {"23": "S"}, {"23": "S"}, {"23": "S"}, {"20": "E"}, {"20": "S"}, {"20": "S"}, {"20": "S"}, {"20": "S"}, {"20": "E"}, {"20": "E"}, {"20": "E"}, {"20": "E"}, {"20": "E"}, {"20": "E"}, {"20": "E"}, {"20": "E"}, {"20": "E"}, {"20": "E"}, {"20": "E"}, {"20": "E"}, {"20": "E"}, {"20": "E"}, {"20": "E"}, {"20": "E"}, {"20": "E"}, {"20": "S"}, {"20": "S"}, {"20": "W"}, {"4": "E"}, {"4": "E"}, {"4": "N"}, {"4": "N"}, {"4": "E"}, {"4": "E"}, {"4": "E"}, {"4": "E"}, {"4": "E"}, {"4": "E"}, {"4": "E"}, {"4": "E"}, {"4": "E"}, {"4": "N"}, {"4": "N"}, {"4": "N"}, {"4": "N"}, {"4": "N"}, {"4": "N"}, {"4": "N"}, {"4": "N"}, {"4": "N"}, {"4": "N"}, {"4": "N"}, {"4": "N"}, {"4": "N"}, {"4": "N"}, {"4": "N"}, {"4": "N"}, {"4": "N"}, {"4": "N"}, {"4": "N"}, {"4": "N"}, {"4": "N"}, {"4": "W"}, {"4": "W"}, {"4": "W"}, {"4": "W"}, {"4": "S"}, {"3": "W"}, {"3": "N"}, {"3": "N"}, {"3": "N"}, {"3": "N"}, {"3": "N"}, {"3": "N"}, {"3": "N"}, {"3": "N"}, {"3": "W"}, {"3": "W"}, {"3": "W"}, {"3": "W"}, {"3": "W"}, {"3": "W"}, {"3": "W"}, {"3": "W"}, {"3": "W"}, {"3": "W"}, {"3": "W"}, {"3": "W"}, {"3": "W"}, {"3": "W"}, {"3": "W"}, {"3": "W"}, {"3": "W"}, {"3": "W"}, {"3": "W"}, {"3": "W"}, {"3": "S"}, {"0": "W"}, {"0": "S"}, {"0": "S"}, {"0": "E"}, {"0": "E"}, {"0": "E"}, {"0": "E"}, {"0": "E"}, {"0": "E"}, {"0": "E"}, {"0": "E"}, {"0": "E"}, {"0": "E"}, {"0": "E"}, {"0": "E"}, {"0": "S"}], "result": "SUCCESS", "makespan": 4594, "sum": 5641, "algo_name": "OutAndInByPercentage_sea_level_", "extra": {}}