{"instance": "small_003_10x10_90_46", "steps": [{"38": "S", "18": "S", "44": "E", "43": "S", "25": "W", "15": "W", "2": "E", "23": "S", "16": "S", "5": "S", "24": "S", "10": "S", "39": "S", "37": "E", "33": "N", "17": "S", "1": "S", "31": "S", "4": "W", "45": "E", "41": "N", "9": "W", "12": "S", "19": "S", "32": "W", "26": "W", "3": "W", "40": "S", "28": "W", "22": "S", "42": "W", "0": "S", "36": "S", "29": "S"}, {"38": "S", "18": "S", "44": "E", "13": "N", "43": "S", "8": "S", "25": "N", "21": "S", "15": "W", "23": "S", "16": "S", "5": "S", "24": "S", "37": "S", "34": "W", "33": "E", "27": "N", "20": "E", "17": "S", "1": "W", "11": "W", "45": "E", "41": "W", "35": "S", "12": "S", "26": "W", "14": "W", "6": "N", "3": "N", "40": "S", "28": "N", "22": "S", "0": "S", "29": "S"}, {"38": "S", "18": "S", "44": "S", "13": "W", "43": "S", "8": "S", "25": "E", "21": "S", "15": "N", "2": "W", "23": "S", "16": "S", "5": "S", "24": "S", "37": "W", "33": "S", "20": "N", "17": "S", "1": "W", "11": "N", "4": "N", "45": "S", "9": "N", "12": "S", "32": "N", "26": "N", "3": "N", "40": "S", "28": "W", "22": "S", "42": "W", "0": "S", "29": "S"}, {"38": "S", "18": "S", "44": "S", "13": "W", "43": "S", "8": "S", "25": "E", "21": "W", "15": "N", "2": "W", "23": "S", "16": "E", "5": "S", "24": "S", "10": "E", "39": "W", "37": "W", "33": "E", "27": "S", "20": "E", "1": "W", "11": "N", "45": "S", "41": "W", "12": "E", "19": "S", "32": "N", "26": "N", "14": "N", "6": "W", "3": "N", "28": "W", "0": "S"}, {"18": "S", "44": "S", "13": "N", "43": "W", "8": "S", "25": "E", "15": "N", "16": "N", "5": "S", "24": "S", "39": "W", "37": "W", "34": "N", "33": "E", "27": "S", "20": "N", "17": "W", "1": "W", "31": "W", "11": "E", "45": "S", "41": "S", "35": "N", "12": "E", "19": "E", "32": "N", "26": "N", "14": "E", "6": "N", "3": "E", "40": "N", "28": "N", "42": "W", "36": "N", "29": "N"}, {"44": "S", "43": "N", "25": "E", "15": "N", "2": "W", "16": "N", "24": "S", "39": "N", "37": "W", "34": "W", "33": "E", "27": "S", "20": "E", "17": "W", "1": "W", "11": "N", "4": "W", "45": "S", "41": "W", "35": "N", "9": "W", "12": "N", "19": "E", "32": "N", "26": "N", "14": "E", "3": "E", "28": "N", "42": "S", "0": "E", "36": "W", "29": "W"}, {"44": "S", "43": "N", "25": "E", "15": "E", "2": "W", "16": "W", "30": "S", "24": "E", "10": "W", "39": "N", "34": "W", "20": "E", "1": "S", "11": "N", "4": "N", "45": "S", "41": "S", "35": "E", "9": "N", "19": "E", "26": "N", "14": "N", "3": "E", "40": "S", "28": "N", "42": "S", "36": "W", "29": "W"}, {"44": "S", "7": "S", "43": "N", "25": "E", "15": "E", "23": "E", "16": "W", "24": "E", "34": "W", "20": "E", "1": "S", "31": "E", "11": "E", "4": "N", "45": "S", "41": "W", "9": "N", "19": "S", "32": "N", "26": "N", "6": "E", "3": "E", "40": "E", "28": "E", "22": "E", "42": "S", "0": "S", "36": "W", "29": "N"}, {"44": "W", "7": "W", "43": "N", "25": "E", "16": "W", "5": "W", "30": "S", "24": "N", "34": "S", "33": "N", "27": "S", "20": "E", "17": "W", "4": "N", "45": "W", "41": "S", "35": "E", "9": "N", "19": "E", "32": "W", "26": "N", "3": "S", "40": "N", "28": "E", "22": "N", "42": "S", "0": "E", "36": "N", "29": "W"}, {"44": "S", "7": "W", "43": "E", "25": "E", "16": "W", "24": "N", "10": "S", "34": "S", "20": "E", "17": "N", "4": "N", "45": "S", "41": "W", "35": "N", "9": "N", "12": "E", "19": "E", "32": "W", "26": "E", "14": "W", "3": "S", "40": "E", "28": "E", "22": "E", "42": "S", "0": "N", "36": "W", "29": "W"}, {"44": "W", "7": "W", "43": "E", "25": "S", "24": "N", "10": "E", "37": "S", "33": "S", "20": "S", "4": "N", "45": "W", "41": "S", "35": "W", "9": "N", "12": "E", "19": "N", "6": "E", "3": "E", "28": "E", "42": "E", "36": "N", "29": "W"}, {"38": "N", "44": "W", "7": "W", "43": "E", "21": "W", "2": "W", "23": "S", "5": "S", "24": "N", "10": "E", "37": "W", "34": "S", "20": "S", "4": "N", "45": "W", "41": "S", "35": "W", "12": "N", "19": "E", "3": "E", "40": "E", "28": "E", "22": "E", "42": "E", "36": "W", "29": "W"}, {"38": "N", "18": "W", "44": "W", "7": "N", "43": "E", "21": "S", "24": "N", "10": "S", "34": "W", "27": "S", "20": "S", "17": "W", "31": "W", "4": "E", "41": "S", "12": "N", "19": "N", "32": "E", "14": "W", "3": "E", "28": "S", "22": "N", "42": "S", "36": "W", "29": "W"}, {"38": "N", "18": "N", "44": "W", "43": "E", "21": "S", "2": "S", "23": "N", "16": "W", "5": "N", "24": "E", "34": "S", "27": "W", "17": "S", "41": "S", "12": "N", "19": "E", "32": "N", "26": "W", "6": "N", "28": "E", "22": "N", "42": "S", "0": "N", "36": "W", "29": "S"}, {"38": "N", "18": "N", "44": "W", "43": "N", "21": "S", "2": "E", "23": "N", "16": "W", "5": "N", "24": "N", "10": "N", "34": "S", "27": "S", "17": "E", "31": "E", "45": "E", "41": "S", "12": "N", "19": "E", "32": "N", "26": "W", "14": "E", "6": "E", "40": "E", "28": "E", "22": "N", "42": "E", "0": "N", "36": "N", "29": "W"}, {"38": "E", "18": "N", "44": "W", "7": "S", "43": "E", "21": "E", "23": "N", "16": "W", "5": "W", "24": "N", "37": "E", "34": "W", "27": "S", "45": "S", "41": "S", "9": "E", "12": "N", "19": "N", "32": "N", "6": "E", "40": "N", "22": "N", "42": "S", "36": "N", "29": "N"}, {"38": "E", "18": "N", "44": "N", "43": "N", "21": "E", "23": "N", "16": "N", "5": "N", "30": "N", "10": "N", "39": "S", "37": "N", "34": "S", "27": "S", "31": "S", "45": "W", "41": "E", "9": "S", "12": "N", "19": "N", "32": "E", "26": "E", "14": "S", "6": "E", "40": "W", "22": "N", "42": "E", "0": "N", "36": "N", "29": "N"}, {"38": "N", "18": "N", "21": "E", "23": "N", "16": "N", "5": "N", "34": "S", "27": "E", "45": "W", "41": "S", "12": "N", "19": "N", "32": "E", "26": "E", "6": "E", "40": "W", "22": "N", "42": "E", "36": "N", "29": "N"}, {"38": "E", "18": "E", "44": "E", "21": "E", "16": "N", "5": "W", "34": "S", "27": "S", "17": "E", "41": "S", "12": "N", "19": "N", "32": "E", "26": "E", "14": "W", "6": "E", "22": "N", "42": "E", "36": "E", "29": "N"}, {"18": "N", "7": "N", "2": "N", "16": "W", "5": "W", "39": "N", "34": "S", "27": "S", "1": "S", "31": "N", "41": "S", "12": "N", "19": "N", "14": "S", "6": "E", "22": "N", "42": "N", "0": "N", "29": "N"}, {"16": "W", "5": "N", "34": "E", "41": "S", "12": "W", "19": "N", "14": "S", "6": "E", "22": "N", "42": "E", "36": "E", "29": "N"}, {"16": "N", "5": "N", "41": "E", "12": "N", "19": "N", "14": "W", "6": "N", "22": "N", "42": "E", "36": "E", "29": "W"}, {"16": "N", "5": "N", "41": "E", "12": "W", "19": "N", "14": "S", "6": "E", "22": "N", "42": "E", "29": "N"}, {"16": "N", "5": "W", "34": "E", "41": "N", "12": "W", "19": "N", "14": "S", "6": "S", "22": "N", "42": "E", "29": "N"}, {"16": "N", "5": "W", "34": "N", "27": "N", "1": "N", "41": "N", "12": "W", "19": "W", "14": "S", "6": "E", "22": "W", "42": "E", "29": "N"}, {"16": "N", "5": "N", "27": "N", "41": "N", "12": "W", "19": "N", "14": "E", "6": "S", "22": "W", "42": "E", "29": "E"}, {"16": "E", "5": "N", "41": "E", "12": "W", "19": "W", "14": "E", "6": "W", "22": "W", "42": "N", "29": "E"}, {"16": "E", "5": "N", "41": "E", "12": "S", "19": "W", "22": "W", "42": "N", "29": "E"}, {"5": "N", "4": "W", "41": "N", "19": "S", "22": "W"}, {"5": "N", "4": "W", "22": "W"}, {"5": "N", "22": "W"}, {"5": "E", "4": "E", "22": "S"}, {"5": "E", "4": "E", "22": "S"}], "result": "SUCCESS", "makespan": 33, "sum": 659, "algo_name": "OutAndInByPercentage_dist_from_grid_BIT_", "extra": {"arrival_order": [38, 18, 44, 7, 13, 43, 8, 25, 21, 15, 2, 23, 16, 5, 30, 24, 10, 39, 37, 34, 33, 27, 20, 17, 1, 31, 11, 4, 45, 41, 35, 9, 12, 19, 32, 26, 14, 6, 3, 40, 28, 22, 42, 0, 36, 29], "time_arrived": [502, 256, 112, 432, 276, 158, 420, 50, 75, 322, 186, 267, 346, 56, 402, 104, 138, 249, 27, 371, 245, 97, 475, 117, 176, 87, 395, 235, 451, 540, 165, 259, 385, 225, 219, 313, 518, 202, 19, 197, 438, 309, 496, 69, 42, 289], "BIT_runs": 1, "old_makespan": 540, "old_sum": 713, "improved": "[18, 44, 7, 13, 43, 8, 25, 21, 15, 2, 23, 16, 5, 30, 24, 10, 39, 37, 34, 33, 27, 20, 17, 1, 31, 11, 4, 45, 41, 35, 9, 12, 19, 32, 26, 14, 6, 3, 40, 28, 22, 42, 0, 36, 29],", "goal_raise_for_bs": 32}}