{"instance": "small_004_20x20_20_61", "steps": [{"18": "N", "48": "W", "34": "W", "4": "W", "27": "W", "57": "W", "50": "S", "38": "W", "26": "W", "23": "W", "58": "N", "53": "N", "36": "S", "13": "W", "9": "S", "5": "S", "2": "W", "29": "S", "15": "S", "45": "S", "40": "S", "39": "E", "33": "S", "31": "S", "25": "S", "21": "W", "19": "N", "8": "W", "7": "W", "0": "N", "14": "E", "54": "S", "52": "W", "44": "S", "37": "N", "28": "E", "24": "S", "22": "S", "60": "S", "51": "E", "17": "E", "12": "S", "1": "N", "56": "W", "55": "N", "49": "N", "47": "W", "41": "S", "32": "N", "30": "E", "11": "W", "10": "N"}, {"18": "N", "4": "S", "27": "S", "50": "S", "43": "N", "38": "S", "26": "W", "23": "S", "58": "E", "53": "N", "36": "S", "9": "S", "5": "S", "29": "E", "15": "S", "40": "S", "39": "E", "33": "W", "31": "S", "25": "S", "21": "W", "19": "N", "8": "W", "7": "W", "0": "E", "14": "N", "54": "S", "52": "S", "44": "S", "42": "W", "37": "N", "28": "N", "22": "W", "20": "S", "60": "S", "51": "N", "46": "S", "17": "E", "1": "E", "56": "W", "55": "N", "47": "N", "41": "E", "32": "N", "30": "E", "16": "S", "11": "W", "10": "E"}, {"18": "N", "48": "N", "34": "N", "50": "E", "43": "N", "38": "W", "26": "W", "58": "E", "53": "N", "36": "S", "13": "W", "9": "E", "5": "E", "2": "N", "29": "E", "15": "E", "6": "N", "45": "E", "40": "S", "39": "N", "33": "W", "31": "S", "25": "S", "21": "W", "19": "E", "8": "W", "7": "N", "3": "W", "0": "E", "14": "N", "54": "S", "52": "W", "44": "S", "42": "W", "37": "N", "22": "S", "20": "S", "60": "S", "51": "N", "46": "E", "17": "E", "1": "E", "56": "W", "55": "N", "49": "E", "47": "N", "41": "N", "32": "N", "30": "S", "16": "S", "11": "W", "10": "E"}, {"18": "N", "48": "N", "34": "N", "57": "S", "50": "E", "43": "W", "38": "S", "26": "W", "23": "S", "53": "E", "36": "S", "13": "S", "9": "E", "5": "E", "2": "W", "29": "E", "15": "E", "6": "E", "45": "E", "40": "E", "39": "E", "33": "W", "31": "E", "21": "W", "19": "E", "8": "W", "7": "N", "3": "W", "0": "E", "52": "W", "44": "E", "42": "W", "37": "N", "28": "E", "22": "S", "20": "S", "60": "S", "51": "N", "46": "E", "17": "N", "12": "W", "56": "W", "55": "E", "49": "N", "47": "N", "41": "N", "35": "E", "32": "N", "30": "E", "16": "E", "11": "S", "10": "E"}, {"18": "N", "48": "N", "34": "N", "4": "W", "57": "S", "50": "E", "43": "W", "38": "S", "26": "W", "23": "W", "53": "E", "36": "S", "13": "S", "9": "E", "5": "E", "2": "W", "29": "S", "40": "E", "39": "N", "33": "S", "31": "E", "25": "N", "19": "E", "8": "W", "3": "S", "0": "E", "54": "N", "52": "S", "44": "E", "42": "S", "37": "N", "28": "E", "24": "W", "22": "S", "20": "E", "60": "S", "51": "N", "46": "E", "17": "N", "12": "S", "56": "W", "55": "E", "49": "N", "47": "N", "41": "N", "35": "E", "32": "N", "30": "E", "16": "E", "11": "S"}, {"18": "N", "48": "N", "34": "N", "57": "S", "50": "E", "43": "W", "38": "W", "26": "W", "58": "S", "53": "E", "36": "E", "13": "W", "9": "E", "5": "E", "2": "S", "29": "E", "15": "N", "40": "E", "39": "N", "33": "S", "31": "E", "25": "E", "19": "E", "8": "S", "3": "S", "0": "S", "14": "E", "54": "E", "52": "S", "44": "E", "42": "S", "37": "N", "28": "E", "24": "N", "22": "S", "20": "E", "60": "S", "51": "N", "46": "N", "17": "N", "12": "S", "56": "S", "49": "N", "47": "N", "41": "N", "35": "E", "32": "N", "30": "E", "11": "S"}, {"48": "W", "34": "W", "4": "N", "57": "S", "43": "W", "38": "W", "26": "W", "58": "E", "53": "E", "36": "E", "13": "W", "9": "E", "5": "E", "2": "W", "29": "N", "15": "N", "6": "S", "45": "E", "39": "N", "33": "S", "31": "E", "25": "E", "7": "W", "3": "S", "54": "E", "52": "S", "44": "E", "42": "S", "37": "N", "28": "S", "24": "W", "22": "S", "20": "E", "60": "S", "59": "E", "51": "N", "46": "E", "17": "N", "12": "S", "1": "N", "56": "S", "49": "N", "47": "N", "41": "N", "35": "E", "32": "N", "30": "E", "11": "W"}, {"18": "N", "48": "W", "34": "W", "4": "N", "57": "S", "43": "W", "38": "W", "26": "W", "23": "S", "58": "E", "53": "N", "36": "E", "13": "W", "9": "E", "5": "N", "2": "W", "29": "E", "15": "W", "6": "E", "39": "E", "33": "S", "25": "E", "21": "S", "19": "S", "8": "W", "3": "S", "0": "E", "14": "S", "54": "E", "52": "S", "44": "E", "42": "S", "37": "N", "24": "W", "22": "S", "20": "E", "60": "S", "59": "E", "51": "N", "46": "E", "17": "N", "12": "S", "1": "E", "56": "W", "49": "N", "47": "N", "41": "N", "32": "N", "30": "N", "11": "W", "10": "W"}, {"48": "W", "34": "W", "4": "N", "57": "W", "43": "W", "38": "W", "26": "W", "23": "S", "53": "N", "36": "E", "13": "W", "9": "E", "5": "N", "2": "W", "29": "E", "15": "W", "6": "N", "40": "S", "39": "E", "33": "S", "25": "E", "21": "W", "19": "E", "8": "S", "7": "W", "3": "S", "0": "E", "14": "E", "54": "E", "52": "S", "44": "N", "42": "S", "37": "N", "28": "E", "24": "S", "22": "S", "20": "E", "60": "S", "59": "E", "51": "N", "46": "E", "17": "N", "12": "S", "1": "E", "56": "W", "55": "N", "47": "N", "41": "N", "32": "N", "16": "W", "11": "W", "10": "N"}, {"18": "N", "48": "W", "34": "W", "4": "W", "57": "S", "43": "W", "38": "W", "26": "N", "23": "W", "53": "N", "36": "E", "13": "W", "9": "E", "5": "N", "2": "W", "29": "S", "6": "E", "39": "E", "33": "S", "25": "E", "21": "S", "19": "S", "8": "S", "7": "S", "3": "S", "0": "E", "54": "E", "52": "S", "44": "N", "42": "S", "37": "E", "24": "W", "22": "S", "20": "E", "60": "S", "59": "E", "51": "N", "46": "E", "17": "N", "12": "S", "1": "N", "56": "W", "55": "N", "47": "E", "41": "N", "32": "N", "30": "S", "16": "W", "11": "W"}, {"18": "W", "48": "W", "34": "W", "4": "W", "57": "S", "43": "W", "38": "W", "26": "N", "23": "W", "53": "N", "36": "E", "13": "W", "9": "S", "5": "N", "2": "W", "29": "E", "15": "E", "6": "E", "39": "E", "33": "S", "25": "E", "21": "W", "19": "E", "8": "S", "7": "S", "3": "S", "0": "E", "52": "S", "44": "E", "42": "S", "37": "N", "28": "N", "24": "W", "22": "S", "60": "S", "59": "E", "51": "N", "46": "E", "17": "N", "12": "S", "1": "N", "56": "W", "55": "E", "47": "N", "41": "N", "35": "S", "32": "N", "16": "N", "11": "W"}, {"48": "W", "34": "W", "4": "W", "57": "W", "43": "S", "38": "W", "26": "N", "23": "W", "53": "N", "36": "E", "13": "W", "9": "E", "5": "N", "2": "W", "29": "E", "15": "E", "6": "E", "40": "N", "39": "E", "33": "S", "31": "S", "25": "E", "21": "W", "19": "E", "8": "S", "7": "W", "3": "S", "0": "N", "14": "N", "54": "N", "52": "S", "44": "E", "42": "S", "37": "N", "22": "E", "60": "S", "59": "E", "51": "N", "46": "E", "17": "N", "12": "S", "1": "N", "56": "W", "55": "E", "49": "S", "47": "N", "41": "N", "32": "N", "16": "N", "11": "W"}, {"48": "W", "34": "W", "4": "W", "27": "S", "57": "W", "43": "S", "38": "W", "26": "N", "23": "W", "58": "N", "53": "N", "36": "E", "13": "N", "5": "E", "2": "W", "29": "N", "15": "N", "6": "E", "39": "E", "33": "S", "25": "E", "21": "W", "8": "S", "7": "W", "3": "S", "0": "N", "14": "E", "54": "N", "52": "S", "44": "E", "42": "S", "37": "N", "28": "E", "22": "S", "60": "E", "59": "E", "51": "N", "46": "E", "17": "N", "12": "S", "1": "N", "56": "W", "55": "E", "49": "E", "47": "N", "41": "N", "32": "N", "11": "W", "10": "N"}, {"18": "W", "48": "S", "34": "S", "4": "W", "27": "S", "57": "W", "43": "S", "38": "W", "23": "W", "58": "E", "53": "W", "36": "E", "13": "N", "5": "E", "2": "W", "29": "E", "15": "E", "6": "E", "33": "S", "25": "E", "21": "W", "19": "E", "8": "S", "7": "W", "3": "S", "0": "N", "14": "E", "54": "E", "52": "S", "44": "E", "42": "S", "37": "N", "28": "E", "22": "E", "20": "E", "60": "E", "59": "E", "51": "N", "46": "E", "17": "N", "12": "S", "1": "E", "56": "W", "55": "E", "49": "E", "47": "N", "41": "N", "35": "N", "32": "N", "11": "W", "10": "E"}, {"18": "W", "48": "S", "34": "S", "4": "W", "27": "S", "57": "W", "38": "N", "23": "W", "58": "N", "53": "W", "36": "E", "13": "N", "2": "N", "29": "E", "15": "N", "33": "S", "31": "N", "25": "E", "21": "W", "19": "E", "7": "W", "3": "S", "0": "E", "14": "E", "54": "N", "52": "S", "44": "N", "42": "S", "37": "N", "28": "E", "24": "W", "22": "E", "20": "E", "59": "E", "51": "N", "46": "E", "17": "N", "12": "S", "1": "E", "56": "W", "55": "E", "49": "E", "47": "N", "41": "N", "32": "N", "30": "W", "11": "W", "10": "E"}, {"18": "W", "48": "S", "34": "S", "4": "W", "27": "W", "57": "W", "38": "N", "26": "W", "23": "W", "58": "W", "53": "W", "36": "E", "2": "N", "33": "S", "25": "E", "21": "W", "19": "N", "7": "W", "3": "S", "0": "E", "54": "E", "52": "S", "44": "N", "42": "S", "37": "N", "24": "W", "22": "E", "20": "E", "59": "E", "51": "N", "46": "E", "17": "N", "12": "S", "1": "E", "56": "W", "49": "E", "47": "N", "41": "N", "30": "W", "16": "N", "11": "W", "10": "N"}, {"18": "W", "48": "S", "34": "S", "4": "W", "27": "W", "57": "W", "26": "W", "23": "W", "53": "W", "36": "E", "2": "N", "33": "S", "25": "E", "21": "W", "19": "E", "7": "W", "3": "E", "0": "E", "14": "E", "54": "E", "52": "E", "44": "N", "42": "E", "37": "W", "28": "E", "24": "W", "22": "E", "20": "E", "60": "S", "59": "E", "51": "N", "46": "N", "17": "N", "12": "E", "1": "N", "56": "W", "49": "E", "47": "W", "41": "N", "32": "N", "30": "N", "16": "N", "11": "W", "10": "E"}, {"18": "W", "48": "S", "34": "S", "4": "S", "27": "W", "57": "W", "26": "W", "23": "W", "53": "W", "36": "E", "2": "W", "33": "S", "25": "E", "21": "W", "19": "N", "8": "W", "7": "W", "3": "E", "14": "N", "54": "E", "52": "E", "44": "E", "42": "E", "37": "W", "28": "S", "22": "E", "20": "E", "60": "E", "59": "E", "51": "N", "46": "N", "17": "N", "12": "E", "56": "N", "55": "S", "49": "E", "47": "W", "41": "N", "32": "N", "30": "N", "16": "N", "11": "N", "10": "N"}, {"18": "W", "34": "W", "4": "S", "27": "W", "57": "W", "43": "W", "26": "W", "23": "W", "53": "W", "2": "N", "33": "E", "25": "E", "21": "W", "19": "E", "8": "W", "7": "W", "3": "E", "14": "E", "54": "E", "52": "E", "42": "E", "37": "W", "28": "E", "24": "E", "22": "E", "20": "E", "59": "E", "51": "N", "46": "N", "17": "N", "12": "E", "56": "W", "55": "E", "49": "E", "47": "W", "41": "N", "32": "N", "30": "N", "16": "E", "11": "N", "10": "N"}, {"18": "S", "34": "S", "4": "S", "27": "W", "57": "W", "26": "W", "23": "S", "53": "W", "2": "W", "33": "E", "25": "E", "21": "W", "19": "E", "8": "W", "7": "W", "3": "E", "14": "N", "54": "N", "52": "E", "42": "E", "37": "W", "28": "E", "24": "E", "22": "E", "59": "E", "51": "W", "46": "N", "17": "N", "12": "E", "56": "W", "55": "E", "49": "S", "47": "W", "41": "N", "32": "W", "30": "N", "16": "E", "11": "N", "10": "E"}, {"18": "S", "34": "S", "4": "S", "27": "W", "57": "W", "26": "N", "53": "W", "2": "W", "33": "E", "25": "S", "21": "W", "7": "W", "3": "S", "14": "N", "54": "E", "52": "S", "42": "S", "37": "W", "28": "E", "24": "E", "22": "E", "51": "W", "46": "N", "17": "N", "12": "S", "56": "W", "55": "S", "49": "E", "47": "W", "41": "N", "32": "W", "30": "N", "11": "N", "10": "N"}, {"18": "S", "34": "E", "4": "S", "27": "W", "57": "N", "43": "E", "26": "N", "23": "N", "53": "W", "2": "N", "33": "E", "21": "N", "7": "W", "3": "E", "14": "W", "54": "N", "52": "E", "42": "E", "37": "W", "28": "N", "24": "E", "22": "S", "59": "W", "51": "W", "46": "E", "17": "W", "12": "E", "56": "N", "55": "E", "49": "E", "47": "W", "32": "W", "30": "N", "16": "E", "11": "N", "10": "W"}, {"18": "S", "34": "E", "4": "S", "27": "W", "57": "N", "26": "N", "23": "N", "53": "W", "2": "N", "33": "E", "21": "N", "7": "W", "3": "E", "14": "N", "54": "E", "52": "E", "42": "E", "37": "W", "28": "E", "24": "E", "22": "E", "60": "N", "59": "W", "51": "W", "17": "W", "12": "E", "56": "N", "55": "E", "49": "N", "47": "W", "41": "N", "32": "W", "30": "N", "16": "E", "11": "W", "10": "W"}, {"18": "S", "34": "E", "4": "S", "27": "N", "57": "N", "26": "N", "23": "N", "53": "W", "2": "N", "33": "E", "21": "N", "8": "E", "7": "N", "3": "E", "54": "E", "52": "E", "42": "E", "37": "W", "28": "E", "24": "E", "22": "E", "59": "W", "51": "W", "17": "W", "12": "E", "56": "N", "55": "E", "49": "E", "47": "W", "41": "W", "32": "W", "30": "E", "16": "E", "11": "N", "10": "W"}, {"18": "S", "34": "E", "4": "S", "27": "N", "57": "W", "26": "N", "53": "W", "2": "N", "33": "E", "21": "W", "7": "N", "3": "E", "52": "E", "42": "E", "37": "W", "28": "E", "24": "E", "22": "N", "51": "W", "17": "W", "12": "E", "56": "N", "55": "E", "49": "N", "47": "W", "41": "W", "32": "W", "30": "E", "16": "N", "11": "N", "10": "W"}, {"18": "S", "27": "N", "57": "N", "26": "N", "53": "W", "2": "N", "33": "E", "21": "N", "7": "N", "3": "E", "52": "E", "42": "E", "37": "W", "24": "E", "22": "E", "51": "W", "17": "W", "12": "E", "56": "N", "55": "E", "49": "N", "47": "W", "41": "W", "32": "W", "16": "E", "11": "N"}, {"18": "S", "57": "N", "43": "W", "26": "N", "53": "S", "2": "N", "33": "E", "21": "N", "8": "E", "7": "W", "3": "E", "52": "E", "42": "E", "37": "W", "24": "E", "22": "N", "51": "W", "17": "W", "12": "E", "56": "N", "55": "E", "49": "E", "47": "W", "41": "W", "32": "W", "16": "N", "11": "W", "10": "E"}, {"18": "S", "57": "N", "26": "N", "53": "S", "2": "N", "33": "E", "21": "N", "8": "E", "7": "N", "3": "E", "52": "E", "42": "E", "37": "W", "24": "E", "22": "E", "51": "W", "17": "W", "12": "E", "56": "N", "55": "N", "49": "E", "47": "W", "41": "W", "32": "W", "11": "N"}, {"18": "S", "57": "N", "26": "N", "53": "S", "2": "E", "33": "E", "21": "N", "8": "E", "7": "N", "3": "E", "52": "E", "37": "W", "51": "W", "17": "W", "56": "W", "55": "N", "47": "W", "41": "W", "32": "W", "11": "N"}, {"57": "N", "43": "E", "26": "E", "53": "S", "2": "E", "33": "E", "21": "N", "7": "N", "3": "E", "52": "E", "37": "W", "51": "W", "17": "W", "56": "W", "47": "W", "41": "W", "32": "W", "11": "N"}, {"57": "E", "26": "E", "2": "E", "21": "N", "7": "N", "3": "E", "52": "E", "42": "S", "37": "W", "51": "W", "17": "W", "56": "N", "47": "W", "41": "W", "32": "W", "11": "N"}, {"26": "E", "21": "N", "7": "N", "3": "E", "52": "N", "42": "S", "37": "W", "51": "W", "17": "W", "12": "E", "56": "N", "47": "W", "41": "W", "32": "W", "11": "N"}, {"26": "E", "21": "N", "7": "N", "3": "E", "52": "E", "42": "S", "37": "W", "17": "W", "12": "S", "56": "N", "47": "W", "41": "W", "35": "W", "32": "W", "11": "N"}, {"26": "E", "21": "E", "7": "N", "3": "E", "42": "S", "37": "W", "59": "E", "17": "S", "12": "E", "56": "N", "41": "W", "32": "W", "11": "N"}, {"7": "E", "3": "S", "42": "S", "37": "S", "59": "E", "17": "W", "12": "E", "56": "N", "41": "W", "32": "W"}, {"3": "S", "42": "E", "17": "S", "12": "E", "56": "E", "41": "S", "35": "E", "32": "S", "11": "N"}, {"3": "W", "42": "E", "59": "W", "17": "W", "12": "E", "56": "E", "41": "W", "35": "S", "32": "S", "11": "N"}, {"3": "W", "42": "N", "59": "W", "17": "S", "12": "N", "56": "N", "41": "S", "35": "E", "32": "W", "11": "N"}, {"42": "E", "17": "S", "41": "W", "35": "E", "32": "S", "11": "N"}, {"42": "E", "41": "W", "35": "N", "32": "S", "11": "N"}, {"41": "W", "11": "E"}, {"41": "N", "32": "N", "11": "E"}], "result": "SUCCESS", "makespan": 42, "sum": 1362, "algo_name": "OutAndInByPercentage_BIT_", "extra": {"arrival_order": [18, 48, 34, 4, 27, 57, 50, 43, 38, 26, 23, 58, 53, 36, 13, 9, 5, 2, 29, 15, 6, 45, 40, 39, 33, 31, 25, 21, 19, 8, 7, 3, 0, 14, 54, 52, 44, 42, 37, 28, 24, 22, 20, 60, 59, 51, 46, 17, 12, 1, 56, 55, 49, 47, 41, 35, 32, 30, 16, 11, 10], "time_arrived": [758, 1211, 436, 739, 100, 402, 484, 702, 669, 382, 1519, 1504, 1192, 369, 781, 470, 1466, 1159, 29, 646, 1019, 627, 995, 277, 964, 589, 248, 125, 955, 455, 1434, 571, 1417, 560, 74, 1379, 346, 934, 210, 521, 502, 1368, 897, 186, 859, 496, 1119, 1326, 49, 1292, 166, 1093, 839, 321, 803, 1269, 1247, 156, 290, 1053, 1036], "BIT_runs": 1, "old_makespan": 1519, "old_sum": 1892, "improved": "[48, 34, 4, 27, 57, 50, 43, 38, 26, 23, 58, 53, 36, 13, 9, 5, 2, 29, 15, 6, 45, 40, 39, 33, 31, 25, 21, 19, 8, 7, 3, 0, 14, 54, 52, 44, 42, 37, 28, 24, 22, 20, 60, 59, 51, 46, 17, 12, 1, 56, 55, 49, 47, 41, 35, 32, 30, 16, 11, 10],", "goal_raise_for_bs": 32}}