{"instance": "small_free_000_10x10_30_30", "steps": [{"9": "E", "13": "W", "23": "W", "5": "N", "24": "E", "28": "W", "4": "E", "6": "E", "8": "S", "1": "W", "29": "W", "15": "W", "7": "S", "17": "E", "0": "E", "18": "W", "12": "N", "20": "W", "3": "E"}, {"3": "N", "7": "S", "5": "N", "18": "W", "29": "W", "23": "W", "28": "W", "10": "W", "11": "E", "17": "E", "27": "S", "9": "E", "13": "S", "20": "W", "1": "N", "0": "E", "12": "N", "25": "W", "14": "W"}, {"18": "W", "12": "N", "27": "S", "29": "W", "25": "W", "10": "W", "28": "W", "16": "E", "1": "N", "9": "E"}, {"18": "W", "16": "E", "28": "W", "10": "S", "2": "N", "14": "W", "29": "W"}, {"7": "S", "28": "E", "2": "N", "21": "W", "16": "E", "17": "W", "23": "E", "14": "N", "26": "S", "29": "W", "10": "S", "6": "S", "22": "S", "0": "W"}, {"0": "S", "21": "S", "19": "E", "14": "W", "23": "S", "29": "N", "22": "W", "15": "W", "1": "N", "10": "S", "2": "N", "3": "N", "26": "W", "8": "S", "17": "S", "13": "S"}, {"0": "S", "8": "S", "21": "S", "14": "W", "4": "S", "19": "E", "23": "S", "10": "S", "3": "N", "29": "N", "6": "S", "15": "W"}, {"15": "S", "6": "E", "23": "W", "19": "E", "8": "S", "14": "W", "10": "S"}, {"14": "S", "15": "S", "17": "S", "23": "S", "6": "E"}, {"26": "S", "17": "E", "20": "S", "10": "S", "4": "W", "6": "S", "29": "W", "27": "N", "22": "E", "19": "S", "21": "E"}, {"28": "N", "23": "W", "26": "W", "19": "S", "4": "S", "22": "E", "29": "W", "20": "W"}, {"20": "W", "10": "S", "26": "W", "29": "N", "16": "E", "4": "S", "22": "S"}, {"4": "E", "22": "S", "20": "W", "26": "W", "0": "E", "29": "N"}, {"26": "N", "20": "W", "29": "N", "0": "S", "4": "S"}, {"21": "E", "16": "W", "23": "W", "19": "N", "4": "S"}, {"29": "E", "19": "N", "27": "W", "21": "E"}, {"29": "E", "19": "N", "28": "N", "18": "N", "22": "N"}, {"22": "W", "11": "E", "25": "W", "26": "N"}, {"17": "S", "11": "W", "21": "S", "10": "W", "28": "E", "25": "S"}, {"19": "E", "28": "N", "17": "E", "10": "S"}, {"16": "W", "11": "E", "10": "S", "19": "N", "25": "N", "23": "E", "18": "S", "17": "E"}, {"19": "E", "10": "E", "25": "E", "27": "S", "28": "N", "18": "S", "23": "S", "17": "E", "16": "S", "11": "N"}, {"17": "S", "23": "S", "16": "S", "18": "W", "27": "S", "19": "E", "11": "E"}, {"18": "W", "23": "W", "19": "E", "17": "S", "27": "E", "11": "E"}, {"19": "E", "27": "S", "23": "S", "17": "S"}, {"27": "S", "17": "S", "25": "W", "23": "W", "19": "E", "18": "W", "11": "E"}, {"28": "W", "23": "W", "18": "N", "11": "N", "17": "S", "25": "S"}, {"11": "N", "18": "N", "23": "W", "28": "W", "25": "S"}, {"18": "E", "25": "E", "23": "W", "28": "S", "16": "S"}, {"16": "E", "18": "N", "23": "N", "28": "W", "25": "S"}, {"16": "E", "25": "S", "23": "N", "18": "E"}, {"23": "N", "16": "E", "25": "S", "18": "N"}, {"16": "E", "18": "N"}, {"16": "W", "18": "N"}, {"21": "E", "16": "N", "18": "N"}, {"18": "N", "21": "S", "16": "N"}, {"21": "S", "16": "N"}, {"21": "W", "16": "E"}, {"21": "W", "16": "E"}, {"21": "S", "16": "N"}, {"16": "N", "21": "W"}, {"21": "S", "16": "E"}, {"16": "N"}, {"22": "E"}, {"22": "E", "29": "S", "28": "E"}, {"22": "S", "28": "N"}, {"22": "S", "28": "E"}, {"22": "W", "28": "N"}, {"22": "W", "28": "N"}, {"28": "W", "22": "S"}, {"28": "W", "22": "W"}, {"22": "W", "28": "S"}, {"28": "W", "22": "N"}, {"28": "S", "22": "N"}, {"22": "E", "28": "W"}, {"28": "S"}], "result": "SUCCESS", "makespan": 56, "sum": 293, "algo_name": "BFS_5"}