{"instance": "small_free_000_10x10_30_30", "steps": [{"7": "S", "8": "S", "6": "E", "0": "E", "29": "W", "12": "N", "17": "E", "3": "E", "15": "W", "20": "W", "23": "W", "26": "W", "10": "W", "4": "E", "28": "W", "18": "W", "9": "E", "5": "N", "1": "W", "13": "W"}, {"11": "E", "20": "W", "3": "N", "17": "E", "28": "W", "25": "W", "1": "N", "10": "W", "7": "S", "8": "S", "14": "W", "13": "S", "5": "N", "23": "W", "27": "S", "29": "W", "12": "N", "18": "W", "0": "E", "9": "E"}, {"9": "E", "7": "S", "12": "N", "25": "W", "18": "W", "1": "N", "10": "S", "16": "E", "28": "W", "8": "S"}, {"10": "S", "28": "W", "3": "N", "2": "N", "8": "S", "16": "E"}, {"18": "N", "21": "W", "4": "W", "23": "W", "25": "W", "2": "N", "11": "W", "6": "S", "27": "E", "3": "N"}, {"21": "S", "11": "N", "25": "S", "2": "N", "4": "S", "6": "S", "13": "S", "18": "W", "16": "N", "0": "S", "14": "W"}, {"6": "E", "10": "S", "28": "W", "21": "S", "25": "S", "14": "W", "18": "W", "11": "N", "4": "S"}, {"10": "S", "6": "E", "25": "E", "4": "S", "15": "W", "0": "S", "21": "E", "28": "W", "14": "W", "11": "E"}, {"10": "S", "16": "E", "6": "S", "4": "E", "28": "W", "14": "W", "15": "W"}, {"15": "S", "10": "S", "11": "N", "4": "S", "28": "N"}, {"22": "S", "26": "S", "11": "E", "27": "S", "29": "N", "4": "S", "15": "S", "21": "W", "10": "E", "18": "W", "16": "N"}, {"18": "N", "21": "S", "11": "E", "22": "W", "29": "W", "10": "S", "19": "E", "26": "W"}, {"27": "S", "11": "E", "18": "N", "21": "S", "10": "S", "22": "W", "29": "W"}, {"10": "S", "24": "E", "29": "N", "18": "E", "0": "S", "11": "E", "22": "S"}, {"25": "S", "29": "N", "26": "W", "10": "W"}, {"29": "N", "19": "N", "27": "W", "21": "S", "16": "E", "22": "S", "26": "W"}, {"19": "E", "27": "S", "18": "N", "26": "N", "25": "S", "29": "W", "16": "E", "21": "E"}, {"27": "S", "21": "S", "18": "N", "19": "E", "25": "S", "16": "E"}, {"16": "E", "21": "S", "18": "N", "19": "E"}, {"18": "N", "16": "E"}, {"16": "N", "17": "N", "28": "S", "19": "S"}, {"19": "E", "22": "E", "1": "N", "28": "W", "17": "E"}, {"19": "E", "17": "E", "28": "W"}, {"17": "S", "28": "N", "19": "N"}, {"19": "E", "28": "N", "17": "S"}, {"17": "S", "28": "E", "19": "E"}, {"28": "N", "17": "S", "19": "E"}, {"28": "E", "17": "W", "19": "N"}, {"23": "S", "17": "S"}, {"23": "W"}, {"17": "S", "23": "W", "20": "S"}, {"17": "E", "20": "W", "23": "S"}, {"23": "S", "20": "W", "17": "E"}, {"23": "W", "20": "W", "17": "S"}, {"20": "W", "23": "W", "17": "S"}, {"17": "S", "23": "W"}], "result": "SUCCESS", "makespan": 36, "sum": 219, "algo_name": "BFS_3"}