{"instance": "small_free_000_10x10_30_30", "steps": [{"6": "E", "29": "W", "28": "W", "9": "E", "3": "E", "13": "W", "12": "N", "16": "E", "23": "W", "17": "E", "18": "W", "8": "S", "24": "E", "20": "W", "10": "W", "1": "W", "0": "E", "7": "S", "4": "E", "15": "W"}, {"3": "N", "20": "W", "7": "S", "13": "S", "25": "W", "16": "E", "0": "E", "28": "W", "12": "N", "18": "W", "10": "W", "29": "W", "11": "E", "2": "N", "23": "W", "9": "E", "17": "E", "27": "S", "14": "W", "1": "N"}, {"16": "E", "5": "N", "28": "W", "10": "S", "11": "E", "7": "S", "2": "N", "9": "E", "1": "N", "12": "N", "25": "W", "18": "W"}, {"3": "N", "10": "S", "0": "S", "5": "N", "2": "N"}, {"3": "N", "21": "W", "0": "W", "19": "W", "14": "E", "25": "W", "8": "E", "22": "W", "18": "N", "23": "W", "15": "E", "28": "S"}, {"15": "S", "26": "N", "10": "S", "8": "S", "28": "W", "13": "S", "25": "S", "4": "S", "16": "E", "0": "S"}, {"18": "W", "28": "W", "15": "S", "8": "S", "26": "W", "16": "E", "25": "S", "10": "S"}, {"15": "W", "10": "S", "18": "W", "16": "E"}, {"14": "W", "29": "N", "4": "E", "0": "E", "17": "W", "19": "W", "15": "W", "10": "S", "6": "E", "8": "S", "20": "W", "22": "W"}, {"16": "E", "17": "S", "15": "W", "4": "S", "22": "S", "8": "W", "28": "N", "19": "N", "14": "W", "21": "S", "26": "E"}, {"20": "W", "16": "E", "4": "S", "10": "S", "6": "E", "19": "N", "23": "S", "28": "N", "17": "S", "22": "S", "14": "W"}, {"17": "E", "28": "N", "19": "E", "16": "N", "22": "S", "26": "S", "1": "N", "6": "S", "20": "W", "4": "W", "14": "W", "21": "S"}, {"16": "N", "17": "S", "28": "W", "6": "S", "20": "W", "19": "E", "14": "W", "22": "E", "21": "S"}, {"28": "N", "17": "E", "6": "S", "19": "E", "21": "S"}, {"26": "N", "28": "W", "25": "S", "17": "E", "21": "S", "19": "E", "18": "W"}, {"20": "S", "17": "E", "29": "W", "19": "E", "21": "E", "18": "N", "27": "W"}, {"17": "S", "18": "N", "19": "E", "21": "S", "23": "W", "29": "W"}, {"17": "S", "0": "S", "21": "S", "29": "N", "26": "W", "19": "E"}, {"19": "E", "17": "S"}, {"26": "E", "10": "W", "18": "N", "29": "E", "23": "E", "19": "E", "17": "S"}, {"19": "E", "17": "S", "26": "S", "10": "S"}, {"23": "E", "26": "S", "10": "S", "19": "E"}, {"26": "W", "10": "E", "23": "S"}, {"27": "E", "18": "N", "23": "S", "29": "W", "26": "W"}, {"29": "N", "26": "W", "18": "E", "23": "W"}, {"26": "W", "18": "N", "29": "N", "23": "W"}, {"23": "W", "18": "N", "26": "N", "29": "W"}, {"23": "W"}, {"25": "S", "23": "W", "4": "W"}, {"11": "W", "16": "N", "4": "S", "23": "W", "25": "E"}, {"25": "S", "4": "S", "27": "S", "11": "N"}, {"4": "E", "27": "S", "11": "N"}, {"11": "N"}, {"11": "E"}, {"11": "E"}, {"11": "E"}, {"11": "E"}, {"27": "E"}, {"27": "S"}, {"27": "S"}, {"27": "W"}], "result": "SUCCESS", "makespan": 41, "sum": 239, "algo_name": "BFS_9"}