{"instance": "small_free_000_10x10_30_30", "steps": [{"5": "N", "23": "W", "13": "W", "28": "W", "4": "E", "7": "S", "0": "E", "3": "E", "20": "W", "29": "W", "12": "N", "15": "W", "10": "W", "9": "E", "24": "E", "8": "S", "18": "W", "17": "E", "1": "W", "6": "E"}, {"3": "N", "20": "W", "13": "S", "28": "W", "29": "W", "17": "E", "5": "N", "9": "E", "0": "E", "23": "W", "18": "W", "12": "N", "25": "W", "7": "S", "11": "E", "1": "N", "27": "S", "10": "W"}, {"12": "N", "9": "E", "16": "E", "11": "E", "25": "W", "18": "W", "28": "W", "10": "S", "1": "N", "29": "W", "14": "W"}, {"29": "W", "3": "N", "18": "W", "10": "S", "16": "E", "0": "S", "2": "N", "28": "W"}, {"2": "N", "19": "W", "0": "W", "7": "S", "3": "N", "17": "W", "15": "E", "20": "W", "23": "W", "27": "W", "29": "W"}, {"27": "S", "2": "N", "6": "E", "21": "S", "14": "W", "17": "S", "15": "S", "23": "S", "13": "S", "29": "N", "19": "N"}, {"10": "S", "29": "N", "20": "W", "17": "S", "23": "W", "6": "E", "15": "S", "21": "S", "19": "N"}, {"19": "E", "1": "N", "22": "W", "10": "S", "6": "S", "4": "S", "20": "W", "23": "W", "17": "E", "15": "W"}, {"15": "W", "23": "W", "6": "S", "20": "W", "19": "E"}, {"6": "S", "14": "S", "8": "E", "16": "S", "19": "E", "18": "N", "4": "W", "23": "E"}, {"18": "W", "0": "S", "10": "S", "4": "S", "8": "S", "20": "S", "14": "S", "19": "E"}, {"19": "E", "27": "W", "14": "W", "8": "S", "15": "W"}, {"8": "W", "28": "N", "4": "S", "18": "N", "16": "S", "19": "E", "17": "W", "23": "W"}, {"16": "S", "8": "S", "17": "S", "19": "E", "4": "E", "14": "W"}, {"16": "E", "26": "S", "17": "S", "4": "S", "10": "S", "19": "E"}, {"26": "W", "19": "E", "16": "E", "4": "S"}, {"17": "W", "10": "E", "23": "W", "25": "W", "14": "W", "26": "W", "0": "S", "19": "E", "16": "E", "11": "N"}, {"16": "E", "25": "S", "10": "S", "11": "E", "0": "E", "23": "N"}, {"10": "S", "11": "E", "25": "S", "16": "E"}, {"28": "E", "27": "E", "11": "E", "22": "W", "10": "S", "21": "W", "23": "S", "25": "E", "29": "E"}, {"21": "S", "29": "N", "10": "W", "11": "N"}, {"22": "S", "11": "N", "25": "W", "18": "W", "26": "E", "21": "S", "16": "N", "23": "N"}, {"16": "N", "21": "E", "14": "W", "28": "N", "22": "S", "23": "W", "26": "E"}, {"28": "E", "23": "W", "22": "S", "29": "N", "16": "N", "21": "S", "26": "N", "27": "E", "14": "N", "18": "N"}, {"29": "W", "25": "S", "28": "N", "14": "N", "26": "N", "21": "S", "16": "N", "23": "S", "27": "S", "22": "E"}, {"14": "E", "16": "N", "18": "N", "28": "N", "23": "S", "25": "S", "27": "S", "26": "W", "21": "S"}, {"28": "W", "16": "E", "27": "S", "25": "E", "18": "E", "26": "W"}, {"18": "N", "17": "S", "28": "W", "16": "N", "25": "S"}, {"17": "S", "26": "W"}, {"26": "W", "17": "E"}, {"17": "E", "26": "S"}, {"17": "S"}, {"18": "W", "17": "E"}, {"18": "W", "17": "E"}, {"18": "N", "17": "E"}, {"18": "N", "17": "S"}, {"18": "E"}, {"18": "E"}, {"28": "S"}, {"28": "W"}, {"28": "W"}, {"28": "W"}, {"23": "S"}, {"23": "E"}], "result": "SUCCESS", "makespan": 44, "sum": 259, "algo_name": "BFS_8"}