{"instance": "medium_000_30x30_20_90", "steps": [{"60": "E", "25": "E", "80": "E", "32": "E", "24": "E", "10": "E", "83": "E", "76": "W", "89": "W", "40": "E", "71": "W", "22": "E", "39": "N", "33": "W", "5": "W", "34": "E", "11": "E", "69": "E", "66": "E", "48": "E", "45": "E", "36": "E", "74": "W", "67": "E", "63": "E", "52": "E", "43": "E", "0": "W", "12": "W", "23": "E", "18": "N", "7": "N", "75": "E", "42": "S", "68": "W", "3": "W", "1": "E", "70": "W", "54": "W", "50": "W", "59": "S", "58": "E", "26": "W", "56": "W", "55": "E", "28": "W", "79": "W", "30": "W", "61": "W", "21": "W", "64": "E", "20": "W", "13": "E", "14": "W", "57": "W", "37": "E", "47": "W", "88": "E", "27": "E", "86": "E", "15": "E", "2": "W", "85": "W", "84": "E", "16": "W", "9": "S", "62": "W", "77": "E", "17": "W", "19": "N", "53": "E", "73": "W"}, {"71": "W", "11": "E", "10": "E", "60": "E", "40": "E", "3": "W", "86": "E", "19": "N", "27": "N", "48": "E", "17": "W", "63": "E", "64": "E", "74": "W", "84": "E", "79": "W", "82": "E", "32": "E", "14": "W", "26": "W", "12": "W", "42": "S", "20": "N", "7": "N", "85": "W", "66": "E", "34": "E", "72": "S", "62": "W", "37": "E", "83": "E", "0": "W", "68": "N", "18": "N", "9": "E", "88": "E", "31": "E", "35": "S", "30": "W", "54": "S", "56": "W", "58": "E", "21": "W", "57": "W", "39": "N", "50": "W", "67": "E", "16": "W", "28": "S", "36": "E", "52": "E", "80": "E", "23": "E", "24": "E", "59": "S", "73": "W", "53": "E", "70": "W", "55": "E", "45": "E", "43": "E", "75": "E", "77": "S", "5": "W", "13": "E", "47": "W", "33": "N", "25": "E", "89": "W"}, {"27": "N", "10": "N", "67": "E", "34": "E", "0": "W", "5": "W", "29": "W", "80": "E", "54": "S", "13": "E", "89": "W", "9": "E", "77": "S", "79": "W", "85": "W", "71": "W", "78": "W", "68": "N", "37": "E", "83": "E", "1": "E", "31": "E", "45": "E", "42": "S", "73": "N", "25": "E", "43": "E", "36": "E", "70": "W", "59": "S", "23": "E", "12": "W", "46": "E", "21": "S", "11": "E", "19": "N", "72": "S", "40": "E", "57": "W", "32": "S", "16": "W", "20": "N", "63": "E", "17": "W", "7": "N", "48": "E", "53": "E", "88": "E", "33": "N", "82": "E", "47": "W", "56": "N", "58": "E", "76": "N", "24": "E", "66": "E", "64": "E", "26": "N"}, {"26": "N", "1": "E", "59": "S", "58": "E", "22": "E", "89": "W", "11": "E", "79": "S", "80": "E", "23": "E", "27": "N", "25": "E", "34": "E", "56": "N", "16": "W", "68": "N", "36": "E", "78": "W", "29": "S", "85": "W", "0": "W", "47": "W", "24": "E", "63": "E", "54": "S", "73": "N", "42": "S", "31": "E", "45": "E", "21": "S", "7": "N", "37": "E", "55": "E", "48": "E", "9": "E", "72": "S", "70": "W", "32": "S", "46": "E", "12": "W", "71": "W", "64": "E", "76": "W", "82": "E", "66": "S", "83": "N", "88": "E", "57": "W", "39": "N", "43": "E", "17": "W", "19": "N", "53": "E", "5": "W", "33": "N", "28": "S"}, {"80": "E", "43": "E", "1": "S", "12": "W", "66": "E", "0": "W", "83": "N", "46": "E", "71": "W", "89": "W", "11": "E", "59": "E", "5": "W", "57": "W", "88": "E", "63": "E", "64": "E", "20": "N", "76": "W", "54": "S", "42": "S", "39": "N", "45": "E", "73": "N", "78": "S", "19": "N", "37": "E", "26": "N", "72": "S", "34": "E", "48": "N", "7": "N", "82": "E", "47": "W", "36": "E", "68": "N", "10": "N", "9": "E", "32": "S", "70": "N", "17": "W", "31": "E", "23": "E", "35": "S", "58": "E", "16": "W", "27": "N", "33": "N", "79": "S", "24": "E"}, {"34": "E", "26": "N", "83": "N", "72": "S", "10": "N", "7": "N", "35": "S", "32": "S", "76": "W", "23": "E", "57": "W", "46": "N", "20": "N", "89": "W", "11": "E", "55": "N", "21": "S", "63": "E", "47": "W", "37": "E", "45": "E", "42": "E", "58": "E", "0": "W", "59": "E", "48": "N", "78": "S", "54": "S", "68": "N", "36": "E", "17": "W", "43": "E", "27": "N", "70": "N", "73": "N", "22": "E", "24": "E", "33": "N", "82": "E", "12": "W", "5": "W", "88": "E", "19": "N", "16": "W", "64": "E", "66": "E"}, {"73": "N", "54": "S", "72": "S", "68": "N", "83": "N", "46": "N", "36": "E", "37": "N", "58": "E", "88": "E", "53": "E", "20": "N", "24": "E", "19": "N", "57": "W", "16": "W", "45": "E", "33": "N", "55": "N", "47": "W", "22": "N", "34": "E", "23": "E", "64": "S", "26": "N", "21": "S", "5": "W", "11": "E", "32": "S", "48": "N", "39": "N", "70": "N", "89": "W", "42": "S", "59": "E", "12": "W", "27": "N", "76": "W", "43": "E", "82": "E", "17": "W", "66": "E", "0": "W"}, {"24": "E", "53": "E", "26": "N", "36": "E", "83": "N", "57": "S", "45": "E", "22": "N", "59": "E", "34": "E", "39": "N", "17": "W", "0": "W", "42": "E", "48": "N", "72": "S", "73": "N", "32": "S", "66": "E", "43": "E", "19": "N", "76": "W", "10": "N", "58": "E", "20": "N", "7": "N", "88": "E", "33": "N", "68": "N", "12": "N", "47": "W", "11": "N", "37": "N", "64": "S", "16": "S"}, {"19": "N", "34": "E", "39": "N", "17": "W", "76": "W", "83": "N", "36": "E", "24": "E", "16": "S", "66": "E", "72": "S", "37": "N", "27": "N", "45": "E", "42": "E", "55": "N", "58": "E", "20": "N", "32": "S", "68": "N", "48": "N", "33": "N", "0": "W", "11": "N", "43": "S", "59": "E", "10": "N", "77": "S", "53": "N", "47": "W", "29": "S", "7": "N", "64": "S"}, {"22": "N", "34": "N", "27": "N", "32": "S", "83": "N", "43": "E", "42": "E", "67": "E", "68": "N", "53": "N", "48": "N", "77": "S", "7": "N", "24": "E", "36": "S", "29": "S", "19": "N", "55": "N", "11": "N", "10": "N", "64": "S", "39": "N", "47": "W", "33": "N", "45": "E", "16": "S", "66": "E", "58": "E", "72": "S"}, {"36": "S", "22": "N", "66": "E", "10": "N", "34": "N", "68": "N", "55": "N", "24": "N", "33": "N", "19": "N", "77": "S", "58": "N", "45": "E", "42": "E", "83": "N", "43": "E", "39": "N", "64": "S", "13": "E"}, {"54": "W", "80": "E", "77": "S", "81": "S", "51": "N", "39": "N", "8": "N", "14": "N", "89": "S", "63": "N", "43": "E", "68": "W", "19": "N", "88": "S", "25": "N", "10": "N", "84": "S", "53": "N", "23": "W", "55": "N", "24": "N", "3": "N", "36": "S", "42": "E", "22": "E", "33": "N", "66": "E", "64": "S", "0": "W", "45": "E", "34": "N", "52": "N", "12": "N", "41": "N", "29": "S", "20": "W", "69": "N", "18": "N", "40": "S", "30": "S", "32": "E"}, {"24": "N", "52": "E", "75": "E", "66": "E", "32": "S", "2": "W", "81": "E", "8": "E", "36": "S", "15": "E", "10": "N", "88": "E", "17": "W", "86": "E", "65": "E", "37": "N", "14": "W", "25": "E", "34": "N", "50": "W", "49": "E", "67": "E", "27": "N", "33": "N", "20": "N", "46": "N", "76": "N", "22": "N", "53": "N", "45": "E", "84": "E", "51": "W", "48": "E", "4": "E", "61": "W", "3": "W", "42": "E", "68": "N", "40": "E", "55": "N", "54": "S", "30": "W"}, {"88": "E", "77": "E", "14": "W", "42": "E", "82": "S", "8": "E", "75": "E", "61": "W", "84": "E", "36": "S", "67": "N", "52": "E", "34": "N", "69": "E", "86": "E", "63": "E", "3": "W", "0": "S", "53": "N", "65": "E", "60": "S", "50": "W", "33": "N", "30": "W", "48": "N", "25": "N", "81": "E", "12": "N", "45": "E", "51": "W", "40": "E"}, {"8": "E", "38": "W", "34": "N", "84": "E", "45": "E", "75": "S", "21": "N", "66": "E", "40": "E", "14": "W", "42": "E", "60": "E", "3": "W", "33": "N", "18": "N", "59": "E", "51": "N", "20": "N", "61": "S", "52": "E", "12": "N", "67": "N", "50": "W", "74": "W", "69": "E"}, {"68": "W", "50": "W", "60": "E", "14": "W", "77": "E", "75": "S", "17": "E", "52": "E", "40": "E", "79": "S", "29": "S", "22": "E", "80": "N", "42": "S", "81": "E", "41": "N", "36": "E", "15": "N", "49": "N", "61": "S", "7": "N", "18": "N", "66": "N", "9": "S", "69": "E", "5": "N", "84": "E", "2": "N", "45": "E", "59": "E", "51": "N", "35": "S", "53": "E", "12": "W", "26": "N", "71": "S", "86": "S", "33": "N", "38": "N", "20": "W"}, {"42": "E", "22": "N", "19": "W", "15": "E", "41": "W", "3": "W", "85": "W", "18": "N", "52": "E", "77": "S", "75": "S", "69": "E", "17": "S", "45": "E", "14": "W", "67": "N", "68": "N", "38": "N", "20": "N", "13": "W", "2": "W", "46": "E", "51": "N", "55": "N", "23": "S", "54": "S", "36": "S", "35": "W", "4": "E", "48": "N", "40": "E", "31": "E", "50": "W", "60": "S", "70": "W", "71": "W", "61": "S", "12": "N", "33": "N", "84": "S"}, {"31": "E", "46": "E", "48": "W", "15": "E", "69": "E", "17": "S", "0": "S", "20": "N", "3": "N", "75": "S", "52": "E", "51": "N", "34": "N", "77": "S", "42": "E", "71": "W", "82": "S", "59": "N", "1": "S", "33": "N", "45": "N", "49": "N", "22": "N", "38": "W", "40": "S", "89": "W", "50": "W", "54": "E", "41": "W", "84": "S", "12": "N", "2": "W", "68": "N", "14": "W", "4": "E", "36": "S", "70": "W", "76": "N"}, {"68": "E", "71": "W", "34": "N", "69": "E", "14": "W", "12": "N", "3": "N", "31": "E", "82": "S", "51": "N", "45": "N", "15": "S", "41": "W", "66": "N", "40": "S", "70": "W", "80": "E", "52": "E", "54": "S", "4": "E", "84": "S", "50": "S", "75": "S", "7": "N", "49": "W", "19": "N", "33": "N", "38": "N", "17": "W", "76": "N"}, {"54": "S", "3": "W", "70": "N", "31": "N", "50": "S", "45": "N", "66": "N", "13": "N", "83": "N", "41": "W", "38": "N", "82": "S", "39": "N", "71": "W", "4": "E", "15": "E", "51": "N", "75": "S", "12": "N", "52": "E", "49": "W"}, {"61": "W", "15": "S", "50": "S", "13": "N", "10": "N", "41": "W", "76": "N", "3": "N", "42": "S", "83": "W", "70": "W", "54": "W", "47": "N", "55": "N", "32": "E", "51": "N", "44": "N", "71": "W", "73": "S", "4": "E", "2": "S", "27": "E", "38": "N", "65": "N", "12": "W", "59": "E", "75": "S", "81": "S", "46": "N", "63": "N", "45": "N", "79": "S", "60": "E", "89": "S", "49": "W", "34": "E", "52": "E"}, {"69": "E", "3": "N", "46": "E", "60": "S", "20": "E", "15": "E", "4": "E", "50": "S", "39": "N", "45": "N", "87": "W", "71": "W", "10": "N", "38": "N", "75": "S", "67": "N", "42": "E", "33": "N", "21": "E", "65": "E", "49": "W", "13": "E", "12": "W", "26": "E", "70": "W", "63": "E", "79": "W", "23": "E", "73": "W", "2": "W", "52": "E", "0": "E", "81": "E", "6": "E", "55": "N", "14": "W", "7": "N", "34": "N", "44": "W", "54": "S", "76": "W", "41": "N", "19": "N", "66": "N", "32": "S", "51": "N"}, {"54": "S", "41": "N", "32": "S", "4": "E", "81": "E", "76": "N", "77": "W", "33": "N", "45": "N", "51": "N", "3": "N", "70": "W", "65": "E", "15": "E", "48": "N", "52": "E", "11": "W", "20": "E", "7": "N", "0": "S", "29": "E", "46": "E", "44": "W", "73": "W", "87": "W", "6": "E", "34": "N", "12": "W", "38": "W", "49": "W", "79": "W", "2": "W"}, {"46": "E", "49": "N", "51": "N", "38": "W", "21": "E", "70": "W", "20": "E", "44": "W", "4": "E", "12": "N", "54": "E", "87": "W", "52": "E", "6": "E", "81": "E", "41": "N", "3": "N", "82": "S", "73": "N", "15": "E", "72": "S", "79": "W", "2": "W", "76": "N", "65": "E"}, {"87": "W", "46": "E", "86": "N", "54": "S", "5": "S", "29": "S", "19": "E", "49": "N", "47": "N", "89": "N", "12": "W", "70": "W", "61": "W", "76": "N", "30": "S", "75": "E", "4": "N", "52": "E", "65": "E", "13": "E", "9": "S", "23": "W", "2": "W", "50": "W", "51": "N", "7": "S", "15": "E", "20": "E", "73": "E", "0": "W", "79": "W", "77": "E", "38": "W", "81": "E", "41": "N", "17": "N", "6": "S", "74": "N", "3": "W", "44": "N", "72": "S"}, {"61": "S", "30": "W", "6": "S", "74": "W", "44": "W", "76": "N", "15": "E", "9": "E", "79": "W", "46": "E", "2": "W", "51": "N", "87": "W", "45": "N", "34": "W", "49": "N", "77": "E", "88": "E", "52": "E", "33": "N", "54": "S", "20": "E", "0": "S", "80": "N", "12": "W", "85": "S", "8": "E", "86": "E", "69": "N", "38": "N", "65": "E", "3": "W", "41": "N", "81": "E", "47": "W"}, {"30": "W", "15": "S", "3": "W", "52": "E", "49": "N", "20": "E", "73": "E", "76": "W", "88": "E", "9": "E", "43": "E", "2": "S", "77": "S", "41": "N", "74": "W", "65": "E", "44": "W", "83": "N", "4": "E", "46": "E", "38": "W", "0": "S", "12": "W", "61": "S", "54": "E", "87": "S", "8": "E", "69": "N", "79": "W"}, {"74": "W", "30": "W", "54": "S", "46": "E", "12": "W", "8": "E", "73": "N", "61": "E", "15": "S", "0": "E", "2": "S", "65": "E", "52": "E", "23": "S", "38": "W", "77": "S", "76": "W", "51": "N", "20": "E", "49": "N", "88": "E", "41": "N", "44": "N", "9": "E", "3": "N", "79": "W"}, {"33": "W", "8": "W", "51": "N", "81": "W", "0": "S", "76": "W", "20": "E", "53": "W", "86": "W", "38": "W", "44": "N", "48": "S", "49": "N", "77": "S", "46": "E", "14": "N", "70": "N", "75": "W", "52": "E", "3": "W", "47": "S", "88": "E", "2": "S", "69": "N", "10": "W", "74": "W", "73": "N", "89": "S", "22": "N", "79": "W", "65": "E", "87": "W", "41": "N", "23": "S", "71": "N", "9": "E", "15": "S", "54": "S", "42": "S"}, {"8": "S", "71": "W", "3": "W", "10": "N", "15": "S", "20": "E", "5": "S", "74": "W", "41": "N", "59": "N", "46": "E", "76": "N", "49": "N", "44": "W", "77": "W", "81": "S", "17": "W", "85": "W", "30": "W", "52": "S", "69": "E", "19": "N", "0": "S", "63": "E", "79": "W", "42": "E", "9": "E", "12": "W", "2": "S", "65": "E", "55": "N", "23": "E", "47": "S", "26": "E", "88": "S", "54": "S"}, {"9": "E", "42": "E", "38": "W", "20": "E", "44": "W", "23": "S", "85": "W", "26": "E", "49": "N", "74": "N", "30": "S", "76": "W", "46": "E", "79": "W", "5": "S", "81": "S", "34": "N", "88": "S", "71": "W", "77": "W", "52": "S", "54": "S", "73": "E", "41": "N"}, {"47": "S", "81": "E", "82": "E", "48": "N", "71": "S", "59": "E", "3": "W", "52": "S", "68": "W", "44": "W", "5": "S", "76": "W", "42": "E", "88": "S", "9": "E", "85": "W", "73": "W", "77": "W", "38": "N", "20": "E", "87": "E", "26": "E", "14": "N", "11": "E", "83": "E", "46": "E", "41": "N", "49": "N", "54": "S", "51": "W", "79": "W", "64": "W", "34": "W", "23": "S", "4": "S", "36": "E", "74": "S"}, {"87": "S", "37": "N", "77": "W", "36": "S", "47": "S", "66": "W", "48": "N", "26": "E", "73": "N", "19": "N", "69": "E", "27": "N", "74": "E", "0": "S", "50": "S", "44": "N", "9": "E", "42": "E", "71": "S", "10": "N", "54": "S", "5": "S", "79": "W", "51": "N", "4": "E", "41": "N", "40": "E", "20": "E", "46": "E", "81": "E", "65": "E", "68": "N", "14": "W", "49": "N", "3": "W", "76": "W", "11": "N", "52": "S", "88": "S", "34": "N", "85": "W"}, {"44": "W", "77": "W", "42": "E", "52": "S", "73": "N", "48": "N", "49": "N", "87": "S", "51": "N", "79": "W", "5": "S", "29": "S", "74": "E", "68": "N", "19": "N", "46": "E", "85": "W", "34": "N", "61": "E", "47": "S", "82": "S", "11": "N", "81": "E", "71": "S", "20": "E", "9": "E", "31": "N", "26": "E", "66": "N", "54": "S"}, {"68": "E", "66": "N", "51": "E", "9": "E", "42": "E", "20": "E", "54": "S", "11": "N", "77": "W", "50": "S", "79": "N", "44": "W", "61": "S", "48": "W", "74": "N", "85": "W", "46": "E", "26": "N"}, {"44": "N", "50": "E", "65": "S", "48": "W", "46": "E", "7": "E", "5": "W", "9": "E", "47": "W", "20": "E", "71": "W", "55": "W", "26": "E", "74": "N", "54": "S", "66": "E", "41": "W", "89": "S", "68": "E", "69": "N", "75": "E", "83": "E", "15": "W", "22": "N", "42": "E", "38": "N", "27": "W", "85": "W", "40": "E", "59": "E"}, {"40": "S", "85": "W", "51": "N", "88": "S", "44": "W", "89": "W", "66": "N", "41": "N", "9": "E", "38": "W", "52": "S", "54": "S", "63": "N", "20": "E", "48": "N", "19": "N", "59": "N", "10": "E", "68": "E", "26": "E", "46": "E", "83": "N", "47": "S", "17": "S", "13": "N", "11": "E", "6": "S", "74": "W", "49": "N", "71": "S", "61": "S", "42": "E"}, {"42": "E", "66": "N", "50": "S", "9": "E", "74": "N", "7": "N", "85": "W", "20": "E", "40": "S", "83": "N", "26": "N", "44": "W", "89": "W", "46": "S", "59": "N", "10": "N", "39": "N", "87": "S", "68": "E", "48": "N", "88": "S"}, {"14": "S", "34": "E", "61": "W", "44": "N", "74": "W", "89": "W", "45": "E", "32": "S", "52": "S", "42": "E", "67": "E", "20": "E", "26": "N", "0": "N", "9": "E", "68": "E", "22": "N", "55": "W", "48": "N", "63": "S", "10": "E", "49": "N", "86": "W", "40": "S", "87": "W", "46": "S", "85": "N", "59": "W"}, {"86": "N", "22": "W", "70": "W", "85": "W", "29": "S", "4": "S", "51": "N", "53": "N", "9": "E", "82": "S", "39": "N", "14": "W", "20": "E", "13": "N", "45": "N", "42": "E", "34": "N", "40": "W", "46": "S", "83": "E", "89": "W", "74": "N", "68": "E", "69": "W", "55": "N", "6": "W", "26": "E"}, {"9": "N", "12": "N", "10": "N", "65": "E", "68": "N", "40": "W", "37": "N", "70": "W", "29": "S", "82": "S", "85": "W", "66": "N", "27": "N", "39": "N", "4": "E", "20": "E", "21": "W", "34": "N", "14": "W", "86": "N", "38": "W", "46": "S", "42": "E", "74": "W", "55": "N", "89": "W", "26": "N"}, {"45": "N", "20": "S", "26": "E", "4": "E", "12": "W", "32": "W", "3": "W", "46": "S", "70": "W", "89": "W", "21": "S", "66": "N", "9": "N", "85": "W", "53": "N", "44": "W", "40": "N", "29": "W", "68": "E", "14": "W", "74": "W", "55": "E", "42": "E"}, {"42": "E", "45": "W", "70": "W", "76": "W", "9": "N", "13": "N", "14": "W", "85": "W", "46": "S", "89": "W", "4": "E", "82": "S", "20": "S", "69": "S", "21": "S", "26": "E", "68": "E", "39": "N", "74": "W", "29": "S"}, {"87": "E", "86": "S", "85": "W", "32": "S", "45": "N", "64": "W", "11": "E", "42": "E", "61": "W", "82": "W", "26": "N", "74": "N", "20": "S", "14": "S", "73": "E", "69": "S", "60": "E", "35": "E", "22": "N", "70": "W", "21": "E", "89": "W", "39": "S", "44": "S", "68": "E", "29": "S", "9": "N", "65": "S", "27": "W", "5": "W", "4": "E", "0": "W"}, {"49": "N", "9": "N", "83": "N", "53": "N", "65": "E", "13": "N", "61": "S", "21": "E", "12": "W", "43": "S", "42": "E", "14": "S", "70": "W", "26": "N", "74": "W", "5": "S", "85": "N", "20": "S", "45": "N", "11": "N", "4": "E", "89": "W", "82": "S", "58": "N", "68": "N", "64": "N", "29": "S"}, {"70": "W", "5": "S", "74": "W", "17": "W", "61": "S", "26": "N", "27": "W", "20": "S", "45": "N", "9": "N", "4": "E", "14": "S", "82": "S", "21": "S", "85": "N", "49": "N", "42": "N", "68": "N", "11": "N", "44": "W", "65": "E", "89": "W", "12": "W", "53": "W"}, {"89": "W", "70": "W", "85": "N", "45": "N", "49": "N", "42": "N", "21": "S", "12": "W", "4": "E", "65": "E", "5": "E", "9": "N", "44": "W", "82": "W", "74": "W", "27": "W", "13": "N", "35": "S", "14": "S"}, {"85": "N", "45": "W", "33": "N", "53": "W", "35": "S", "47": "E", "76": "N", "61": "S", "65": "E", "22": "N", "36": "E", "15": "W", "39": "N", "70": "W", "60": "W", "21": "S", "51": "W", "44": "W", "80": "W", "89": "N", "5": "E", "82": "S", "67": "E", "63": "N", "12": "W", "9": "N", "14": "S", "41": "E", "4": "E", "27": "W", "46": "W", "42": "N", "17": "S", "34": "N"}, {"53": "W", "66": "N", "9": "N", "74": "W", "85": "N", "76": "W", "43": "E", "12": "W", "6": "S", "71": "S", "5": "S", "22": "W", "39": "N", "27": "W", "34": "N", "36": "S", "0": "S", "41": "N", "65": "E", "82": "S", "49": "N", "42": "N", "89": "N", "70": "S", "80": "S", "46": "S", "69": "E", "4": "E", "21": "W", "17": "W", "51": "N", "14": "S"}, {"35": "W", "61": "E", "0": "S", "80": "S", "65": "E", "39": "N", "85": "N", "42": "N", "32": "W", "66": "N", "36": "S", "17": "W", "12": "W", "22": "W", "4": "E", "27": "N", "5": "S", "70": "S", "89": "W", "53": "W", "14": "S", "9": "N", "43": "E"}, {"9": "N", "27": "N", "21": "W", "0": "E", "20": "S", "22": "W", "65": "E", "4": "E", "36": "W", "35": "W", "5": "S", "43": "E", "42": "N", "70": "W", "34": "N", "53": "W", "89": "W", "17": "W", "32": "S", "14": "E", "12": "W", "85": "N"}, {"43": "E", "55": "E", "27": "N", "65": "E", "14": "S", "42": "N", "21": "W", "53": "N", "4": "E", "35": "W", "32": "S", "12": "S", "85": "N", "89": "W", "5": "S", "0": "S", "66": "N", "22": "W", "17": "W"}, {"12": "S", "22": "W", "53": "N", "14": "S", "66": "S", "74": "N", "69": "W", "65": "E", "42": "N", "9": "W", "17": "W", "59": "N", "43": "E", "67": "N", "64": "E", "45": "E", "87": "N", "51": "W", "4": "E", "27": "N", "89": "N", "80": "E", "21": "W", "0": "S", "35": "W", "50": "N", "3": "W", "41": "S", "71": "W", "85": "W", "55": "N"}, {"32": "S", "5": "S", "43": "E", "12": "S", "9": "N", "7": "W", "27": "N", "53": "N", "49": "N", "87": "W", "61": "E", "85": "N", "17": "W", "41": "W", "51": "N", "42": "W", "21": "W", "4": "E", "69": "N", "45": "N", "65": "E", "71": "S", "35": "W", "0": "S"}, {"41": "W", "17": "W", "87": "W", "80": "E", "10": "N", "85": "N", "42": "N", "22": "W", "32": "S", "21": "S", "65": "E", "26": "E", "4": "E", "61": "S", "27": "N", "43": "E", "12": "S", "35": "W", "0": "S", "5": "S", "47": "S"}, {"4": "N", "21": "W", "0": "S", "12": "S", "85": "E", "61": "S", "35": "W", "32": "S", "42": "N", "43": "E", "9": "N", "5": "S", "22": "N", "66": "E", "44": "S", "17": "W", "27": "W", "65": "E"}, {"51": "S", "27": "N", "65": "E", "53": "N", "15": "W", "17": "W", "55": "N", "85": "N", "4": "N", "88": "E", "5": "S", "36": "S", "86": "S", "69": "W", "20": "W", "22": "N", "61": "E", "87": "E", "32": "S", "12": "S", "75": "E", "11": "N", "35": "N", "47": "S", "8": "E", "0": "S", "43": "E", "74": "N", "21": "W", "80": "S", "42": "N", "76": "N", "45": "N", "3": "E"}, {"61": "S", "87": "E", "69": "N", "85": "N", "42": "W", "80": "W", "43": "E", "4": "N", "5": "S", "0": "S", "21": "W", "51": "E", "3": "N", "53": "N", "15": "S", "22": "W", "17": "W", "66": "E", "65": "E", "36": "W", "88": "S", "46": "S", "32": "S", "26": "E", "9": "E", "27": "W", "12": "W", "47": "S", "35": "N"}, {"15": "S", "69": "N", "80": "W", "17": "N", "65": "E", "21": "W", "9": "N", "61": "S", "53": "N", "5": "S", "20": "S", "0": "S", "32": "S", "26": "E", "27": "N", "42": "W", "4": "N", "33": "N", "43": "E", "22": "N"}, {"21": "W", "53": "W", "65": "N", "42": "W", "27": "W", "50": "W", "61": "S", "4": "N", "22": "W", "26": "E", "80": "N", "43": "E", "69": "E", "32": "W", "5": "S", "17": "N", "0": "S"}, {"8": "E", "80": "N", "86": "S", "46": "E", "17": "W", "43": "E", "5": "E", "75": "E", "42": "W", "53": "N", "49": "N", "66": "W", "34": "E", "50": "W", "9": "E", "38": "N", "22": "N", "27": "W", "61": "S", "4": "N", "32": "S", "21": "W", "26": "E", "67": "E", "65": "N", "0": "S", "3": "S"}, {"49": "E", "15": "E", "50": "S", "51": "E", "4": "N", "0": "S", "21": "W", "76": "W", "17": "W", "42": "W", "32": "S", "3": "W", "65": "N", "61": "S", "43": "E", "80": "E", "26": "E", "5": "S", "74": "W", "63": "E", "7": "N", "27": "W", "53": "W", "34": "E", "20": "S", "55": "N", "22": "W"}, {"42": "W", "0": "E", "32": "W", "49": "E", "21": "S", "51": "N", "17": "W", "65": "N", "63": "E", "34": "N", "5": "S", "10": "N", "53": "N", "80": "N", "4": "N", "26": "E", "22": "W", "66": "W", "50": "S", "43": "E", "27": "N", "3": "W"}, {"50": "E", "4": "N", "65": "N", "22": "W", "49": "E", "63": "E", "0": "S", "43": "N", "32": "W", "3": "N", "42": "N", "21": "S", "51": "E", "83": "W", "53": "W"}, {"87": "S", "10": "E", "73": "W", "63": "E", "27": "N", "45": "S", "49": "E", "22": "N", "8": "E", "5": "S", "4": "N", "42": "N", "21": "S", "50": "E", "65": "N", "3": "W", "38": "E", "51": "E", "11": "E", "0": "S", "76": "W", "53": "W", "46": "E", "41": "E", "59": "N", "7": "E", "43": "N", "52": "W", "32": "S"}, {"51": "E", "53": "W", "80": "E", "4": "N", "27": "W", "43": "N", "33": "E", "5": "S", "60": "E", "41": "E", "13": "E", "42": "N", "65": "N", "37": "N", "50": "S", "55": "N", "71": "S", "49": "E", "32": "W", "74": "W", "69": "E", "75": "S", "87": "S", "11": "N", "3": "W", "73": "W"}, {"37": "N", "33": "E", "3": "W", "42": "N", "73": "W", "66": "N", "71": "E", "41": "N", "38": "S", "76": "W", "50": "S", "43": "N", "65": "N", "32": "W", "11": "N", "74": "W", "80": "N", "51": "E", "64": "E", "39": "N", "87": "S", "49": "E", "5": "S", "4": "N"}, {"3": "W", "69": "E", "33": "E", "15": "E", "20": "E", "4": "N", "65": "N", "49": "N", "38": "S", "71": "E", "11": "W", "76": "W", "87": "S", "55": "N", "32": "S", "73": "W", "5": "E", "43": "N", "51": "E"}, {"49": "E", "52": "S", "76": "S", "51": "E", "3": "S", "38": "W", "73": "W", "43": "N", "74": "W", "5": "E", "69": "E", "66": "N", "33": "E", "65": "N"}, {"47": "W", "33": "N", "76": "S", "67": "E", "49": "E", "38": "W", "63": "S", "69": "E", "43": "N", "5": "E", "73": "E", "46": "N", "80": "N", "36": "W", "51": "N", "65": "N", "3": "S", "74": "W", "50": "W"}, {"47": "S", "51": "N", "41": "N", "36": "W", "85": "N", "67": "N", "69": "E", "8": "W", "43": "W", "50": "S", "46": "E", "49": "E", "73": "E", "27": "W", "38": "W", "33": "E", "65": "N", "74": "S", "5": "E", "76": "S", "75": "S", "9": "N"}, {"74": "S", "47": "S", "50": "S", "27": "W", "9": "N", "73": "E", "33": "N", "69": "E", "45": "N", "46": "E", "49": "S", "11": "W", "51": "N", "5": "E", "67": "N", "76": "E"}, {"26": "N", "69": "E", "53": "E", "76": "S", "50": "S", "9": "W", "5": "E", "73": "E", "67": "W", "51": "N", "75": "S", "87": "W", "60": "E", "15": "W", "0": "S", "46": "W", "74": "S", "4": "N", "33": "N", "47": "E", "38": "W", "27": "W"}, {"0": "S", "73": "E", "5": "E", "74": "E", "22": "W", "87": "S", "27": "W", "53": "N", "26": "E", "41": "N", "65": "N", "17": "W", "38": "W", "33": "E", "13": "E", "69": "E", "15": "N", "60": "S", "6": "N", "47": "S", "46": "W"}, {"39": "E", "73": "E", "53": "N", "47": "S", "86": "E", "0": "S", "69": "E", "41": "N", "38": "W", "17": "W", "87": "S", "15": "N", "27": "W", "5": "E"}, {"53": "N", "47": "S", "27": "W", "67": "N", "17": "N", "83": "E", "85": "S", "55": "N", "38": "W", "0": "E", "69": "E", "9": "E", "45": "E", "66": "N", "73": "E", "41": "N", "63": "N", "52": "W", "5": "E", "80": "E", "71": "S", "15": "E", "13": "E", "87": "E"}, {"4": "N", "38": "W", "27": "W", "26": "E", "0": "E", "53": "W", "65": "N", "85": "W", "34": "N", "47": "S", "41": "N", "5": "E", "87": "S", "17": "N", "22": "W", "63": "E", "59": "E", "73": "E", "15": "S", "52": "S", "69": "E"}, {"73": "E", "17": "N", "4": "N", "71": "S", "27": "W", "52": "S", "26": "E", "53": "W", "22": "W", "10": "N", "38": "W", "41": "E", "47": "S", "5": "E", "69": "E", "0": "E", "65": "N", "87": "S", "63": "E", "85": "W", "83": "N"}, {"27": "W", "71": "S", "4": "N", "26": "E", "69": "E", "38": "S", "41": "E", "53": "W", "85": "N", "63": "E", "22": "W", "0": "E", "80": "E", "5": "E", "65": "N", "47": "S", "87": "S", "17": "N"}, {"22": "W", "26": "E", "63": "E", "69": "E", "38": "S", "9": "N", "5": "E", "41": "E", "4": "N", "71": "S", "0": "E", "45": "N", "85": "N", "27": "S", "50": "E"}, {"71": "S", "15": "W", "74": "W", "87": "S", "50": "S", "0": "E", "11": "S", "65": "N", "38": "S", "75": "S", "60": "S", "85": "E", "69": "E", "41": "E", "22": "W", "46": "E", "26": "E", "63": "E", "27": "S", "73": "S", "5": "E"}, {"27": "S", "63": "E", "73": "E", "41": "E", "53": "W", "74": "S", "0": "E", "46": "S", "15": "S", "87": "S", "50": "S", "22": "W", "71": "S", "85": "N", "45": "W", "69": "E", "26": "E", "5": "E"}, {"26": "E", "53": "W", "71": "S", "87": "S", "50": "S", "73": "E", "41": "E", "69": "S", "22": "N", "5": "E", "63": "S", "0": "N", "74": "S", "27": "S", "85": "E"}, {"53": "W", "5": "E", "87": "S", "45": "E", "17": "W", "59": "E", "0": "N", "50": "W", "63": "S", "85": "N", "46": "N", "10": "E", "22": "W", "52": "W", "71": "E", "73": "E", "41": "N", "26": "E", "69": "S", "74": "E"}, {"87": "S", "86": "W", "22": "W", "47": "S", "46": "W", "52": "N", "67": "W", "50": "S", "74": "S", "73": "E", "41": "E", "59": "N", "0": "N", "53": "W", "63": "E", "5": "E", "17": "N", "71": "S", "83": "N", "13": "N", "85": "N", "69": "S"}, {"53": "W", "73": "E", "10": "N", "59": "N", "63": "S", "74": "E", "71": "S", "52": "N", "55": "W", "60": "W", "47": "S", "41": "E", "85": "N", "17": "N", "87": "S", "50": "S", "69": "S", "22": "S", "39": "W", "5": "E", "46": "N", "26": "E", "0": "N"}, {"53": "W", "74": "S", "59": "W", "26": "S", "85": "N", "87": "S", "22": "S", "50": "E", "63": "S", "41": "N", "5": "E", "52": "E", "71": "S", "88": "S", "69": "S", "46": "W", "47": "S", "73": "E"}, {"53": "W", "85": "N", "5": "E", "46": "W", "52": "E", "17": "E", "59": "W", "22": "S", "8": "S", "69": "S", "63": "S", "41": "N", "73": "E", "26": "S", "87": "S", "74": "S", "47": "E", "50": "S"}, {"22": "S", "47": "S", "5": "E", "53": "W", "87": "S", "26": "S", "63": "S", "59": "W", "73": "E", "46": "S", "69": "S", "67": "W", "74": "S", "85": "E", "41": "E"}, {"87": "S", "73": "E", "5": "E", "53": "S", "63": "W", "85": "E", "47": "S", "26": "S", "22": "E", "69": "S"}, {"26": "S", "75": "S", "73": "E", "47": "E", "69": "W", "87": "E", "52": "W", "53": "S", "33": "W", "60": "E", "63": "W", "41": "W", "85": "E", "22": "S", "5": "E", "10": "E", "67": "E"}, {"8": "N", "22": "E", "47": "E", "26": "S", "69": "S", "7": "E", "75": "W", "5": "E", "46": "S", "38": "S", "73": "E", "87": "S", "34": "E", "10": "N", "41": "N", "53": "S", "33": "W", "67": "N", "85": "N", "4": "E", "63": "W", "60": "S"}, {"47": "E", "83": "N", "11": "W", "26": "S", "41": "N", "53": "S", "13": "W", "65": "N", "33": "N", "85": "N", "87": "S", "5": "E", "73": "E", "67": "N", "10": "N", "60": "S", "22": "E"}, {"67": "W", "47": "E", "73": "E", "10": "W", "34": "N", "85": "E", "22": "S", "33": "N", "87": "E", "7": "N", "5": "E"}, {"75": "S", "87": "E", "50": "W", "8": "E", "60": "S", "20": "E", "47": "E", "7": "E", "67": "W", "73": "E", "46": "E", "5": "E", "86": "W", "33": "S", "85": "N", "4": "E", "69": "W"}, {"26": "S", "9": "N", "4": "N", "67": "W", "85": "N", "47": "E", "86": "N", "87": "E", "50": "S", "75": "W", "69": "S", "17": "N", "73": "S", "55": "W", "45": "N", "33": "E", "5": "E", "7": "N", "60": "W"}, {"87": "E", "75": "W", "67": "W", "47": "N", "60": "W", "73": "S", "5": "N", "50": "S", "33": "E", "17": "N", "55": "W", "39": "W"}, {"55": "W", "67": "N", "85": "N", "10": "N", "66": "N", "45": "W", "34": "N", "26": "N", "75": "S", "59": "E", "15": "S", "7": "N", "50": "E", "5": "N", "80": "W", "33": "E", "65": "N", "53": "N", "17": "N", "9": "E", "73": "S", "87": "E"}, {"87": "E", "17": "E", "53": "N", "50": "S", "60": "W", "45": "N", "20": "N", "55": "W", "33": "E", "85": "E", "67": "N", "5": "N", "75": "S", "73": "S", "41": "E", "52": "E", "26": "W", "6": "W"}, {"80": "W", "67": "N", "33": "E", "53": "W", "60": "S", "85": "N", "75": "S", "8": "W", "34": "W", "17": "N", "6": "N", "41": "E", "26": "W", "73": "S", "87": "E", "50": "S", "55": "N"}, {"60": "S", "17": "N", "50": "S", "75": "S", "55": "N", "85": "N", "53": "W", "33": "E", "73": "S", "41": "N", "67": "N", "87": "S", "6": "N"}, {"60": "S", "75": "S", "17": "N", "53": "W", "6": "E", "33": "E", "87": "E", "50": "E", "55": "N", "41": "N"}, {"87": "E", "55": "N", "75": "S", "64": "W", "6": "N", "73": "E", "33": "S", "10": "S", "80": "E", "41": "N", "83": "E", "17": "E", "88": "E", "50": "S", "53": "S", "60": "S"}, {"75": "S", "87": "E", "53": "S", "46": "S", "11": "S", "59": "E", "17": "N", "50": "S", "33": "E", "6": "E", "20": "E", "55": "N", "60": "S", "41": "E", "80": "E"}, {"6": "E", "75": "S", "60": "S", "41": "E", "50": "E", "55": "N", "87": "E", "53": "E"}, {"52": "E", "9": "W", "53": "S", "6": "S", "46": "E", "26": "E", "4": "E", "10": "E", "60": "S", "75": "S", "41": "E", "50": "E", "55": "W", "86": "E", "87": "E", "83": "E"}, {"4": "N", "50": "E", "87": "E", "75": "W", "59": "S", "53": "S", "69": "S", "41": "S", "10": "S", "26": "E", "88": "S", "64": "N", "52": "S", "60": "S", "80": "N", "55": "N", "39": "N"}, {"75": "S", "60": "S", "87": "E", "53": "W", "15": "E", "55": "W", "50": "E"}, {"69": "S", "13": "S", "26": "W", "88": "E", "8": "W", "60": "W", "50": "E", "83": "S", "10": "S", "75": "S", "55": "N", "53": "S", "59": "N", "87": "E", "73": "W", "45": "S"}, {"87": "N", "64": "N", "46": "E", "75": "W", "26": "S", "6": "S", "88": "S", "53": "S", "69": "E", "50": "E", "55": "W", "60": "S", "45": "E", "9": "W"}, {"60": "S", "53": "S", "45": "E", "55": "W", "73": "S", "64": "N", "80": "W", "88": "S", "6": "S", "75": "W", "50": "E", "87": "N", "83": "W"}, {"55": "W", "83": "W", "60": "W", "64": "E", "87": "N", "45": "N", "50": "S", "75": "S", "73": "S"}, {"10": "N", "88": "W", "20": "W", "87": "N", "9": "S", "60": "W", "69": "W", "26": "E", "65": "S", "75": "W", "50": "E", "59": "W", "45": "E", "55": "N", "64": "E", "66": "S"}, {"87": "N", "9": "E", "52": "S", "8": "S", "75": "W", "55": "W", "45": "N", "50": "E", "69": "N", "64": "E", "60": "S"}, {"60": "W", "69": "N", "26": "E", "50": "E", "55": "W", "87": "N", "75": "W"}, {"45": "E", "69": "E", "9": "W", "88": "W", "60": "S", "80": "E", "50": "E", "20": "N", "34": "E", "39": "N", "55": "W", "4": "E", "65": "E", "83": "E"}, {"34": "N", "13": "E", "60": "S", "55": "W", "80": "N", "8": "W", "20": "W", "59": "W", "9": "N", "50": "E"}, {"65": "E", "80": "N", "50": "E", "34": "N", "60": "W", "88": "W", "64": "S", "20": "W", "55": "W", "26": "S"}, {"64": "S", "88": "S", "55": "N", "50": "E", "65": "N", "34": "W", "60": "W", "20": "S"}, {"60": "W", "88": "S", "20": "W", "9": "E", "83": "S", "86": "S", "50": "E", "34": "W", "65": "S", "59": "E", "10": "N", "55": "W"}, {"10": "W", "8": "W", "50": "E", "4": "N", "55": "W", "34": "W", "80": "S", "88": "S", "66": "S", "60": "W", "45": "N"}, {"60": "W", "50": "E", "88": "W", "46": "S", "4": "N", "55": "W", "64": "S", "52": "S", "34": "W"}, {"20": "E", "59": "S", "60": "W", "83": "N", "26": "S", "86": "W", "4": "N", "55": "W", "7": "E", "34": "W", "65": "S", "80": "S", "88": "W"}, {"34": "W", "83": "W", "88": "S", "7": "N", "45": "N", "86": "N", "4": "W", "55": "S", "65": "W"}, {"13": "E", "26": "N", "7": "N", "4": "W", "45": "W", "50": "N", "88": "W", "34": "W", "20": "W", "8": "E", "55": "S", "65": "W"}, {"7": "W", "39": "N", "50": "E", "4": "W", "88": "W", "13": "N", "34": "W", "55": "S", "60": "W", "86": "E", "15": "E"}, {"4": "N", "88": "W", "34": "N", "60": "W", "69": "E", "50": "E", "13": "N", "7": "W", "55": "S"}, {"60": "W", "88": "S", "20": "S", "4": "W", "34": "N", "50": "E", "69": "E", "7": "W"}, {"39": "W", "34": "W", "8": "S", "65": "E", "7": "N", "4": "W", "20": "E", "50": "S", "60": "W", "45": "E"}, {"4": "W", "34": "N", "60": "W", "66": "S", "7": "W", "50": "S", "64": "E", "52": "S", "26": "W", "39": "W", "6": "W", "65": "E"}, {"39": "W", "59": "S", "4": "N", "64": "S", "15": "S", "6": "S", "34": "W", "60": "W", "7": "W", "66": "E"}, {"4": "N", "10": "S", "7": "W", "34": "N", "60": "W", "59": "W", "69": "S", "39": "W", "64": "S", "52": "S"}, {"60": "W", "15": "S", "4": "N", "52": "S", "13": "W", "20": "E", "39": "N", "6": "S", "7": "W", "34": "N", "10": "W"}, {"39": "N", "52": "S", "7": "W", "60": "W", "13": "N", "8": "E", "45": "N", "15": "S", "4": "W", "26": "N"}, {"45": "N", "39": "N", "13": "W", "86": "E", "6": "S", "15": "S", "7": "W", "60": "W", "52": "S", "26": "N"}, {"6": "S", "60": "W", "15": "S", "7": "N", "13": "W", "26": "N", "8": "S", "39": "W", "45": "W", "52": "S"}, {"13": "N", "7": "N", "8": "S", "15": "S", "69": "S", "6": "S", "20": "S", "26": "E", "39": "N", "60": "W", "45": "W", "52": "S"}, {"15": "S", "45": "W", "52": "S", "8": "S", "60": "W", "39": "W", "7": "W", "69": "S", "6": "S"}, {"7": "N", "20": "S", "39": "N", "8": "S", "52": "S", "6": "S", "15": "S", "69": "S", "60": "W"}, {"8": "S", "20": "S", "69": "S", "7": "W", "15": "S", "86": "E", "52": "S", "39": "W"}, {"15": "S", "69": "S", "86": "S", "20": "S", "7": "N", "39": "W", "52": "S"}, {"20": "S", "86": "S", "15": "S", "52": "S", "59": "W", "7": "W", "39": "W"}, {"10": "W", "86": "S", "39": "N", "15": "S", "7": "W", "52": "S", "59": "N"}, {"7": "W", "10": "W", "52": "W", "39": "W", "15": "S"}, {"10": "W", "26": "W", "13": "N", "80": "E", "7": "N", "45": "N", "15": "S", "46": "E", "39": "W", "9": "E", "52": "S"}, {"39": "W", "10": "W", "52": "S", "13": "W", "26": "S", "7": "W", "15": "W", "83": "N", "45": "W"}, {"7": "W", "45": "W", "10": "W", "26": "S", "9": "N", "65": "N", "15": "S", "13": "W", "83": "N", "39": "W", "52": "W"}, {"66": "E", "65": "W", "9": "N", "7": "W", "13": "N", "83": "W", "26": "S", "15": "S", "45": "W", "39": "W", "52": "W"}, {"64": "W", "39": "N", "7": "W", "26": "E", "9": "N", "52": "S", "45": "W", "15": "W", "66": "N", "13": "N"}, {"26": "S", "39": "W", "45": "W", "13": "N", "52": "W", "7": "W", "80": "N", "15": "W"}, {"52": "S", "7": "N", "39": "W", "26": "S", "13": "N", "45": "N", "83": "W", "15": "S"}, {"9": "W", "15": "W", "7": "W", "39": "W", "45": "N", "52": "S", "83": "W", "13": "W"}, {"7": "W", "9": "W", "13": "W", "83": "W", "52": "W", "15": "S", "45": "N", "39": "W"}, {"7": "W", "45": "N", "39": "W", "52": "W", "9": "W", "15": "S"}, {"52": "W", "39": "W", "15": "W", "7": "W"}, {"66": "E", "39": "W", "7": "W", "9": "N", "15": "W", "20": "E"}, {"9": "W", "20": "E", "15": "N", "39": "W", "7": "W", "86": "S", "64": "S", "26": "S"}, {"86": "E", "9": "W", "7": "W", "15": "W", "39": "S", "20": "S"}, {"20": "S", "7": "W", "9": "W", "15": "W", "39": "S", "86": "E"}, {"39": "W", "9": "S", "7": "W", "20": "S", "86": "S", "15": "W"}, {"15": "W", "7": "W", "39": "S", "86": "S", "20": "S"}, {"7": "W", "20": "S", "15": "W", "86": "S"}, {"86": "S", "83": "N", "8": "E", "20": "W", "64": "S", "7": "W", "46": "W", "15": "W"}, {"8": "E", "7": "S", "83": "W", "86": "S", "20": "W", "46": "S", "69": "S", "64": "S", "15": "W", "80": "N"}, {"46": "S", "86": "W", "66": "N", "15": "S", "20": "S", "7": "S", "83": "W", "80": "W", "8": "S"}, {"86": "W", "80": "N", "8": "S", "64": "S", "15": "W", "83": "W", "46": "S", "66": "N", "7": "S", "20": "S"}, {"8": "S", "64": "S", "80": "W", "7": "S", "86": "S", "15": "W", "46": "S", "20": "S", "83": "N", "66": "W"}, {"15": "W", "86": "S", "64": "S", "8": "W", "66": "N", "80": "W", "46": "S", "83": "N"}, {"46": "S", "8": "W", "64": "S", "83": "N", "80": "W", "66": "W", "15": "W"}, {"66": "W", "15": "W", "83": "N", "80": "W", "8": "S", "46": "S", "64": "W"}, {"66": "W", "64": "W", "46": "S", "15": "W", "83": "W"}, {"46": "W", "83": "N", "15": "S"}, {"69": "E", "64": "W", "46": "S", "65": "E", "83": "W", "26": "E"}, {"83": "N", "65": "N", "46": "S", "69": "E", "64": "S"}, {"64": "S", "69": "S", "65": "N", "83": "W", "46": "S"}, {"69": "S", "83": "W", "46": "S", "65": "N"}, {"69": "S", "83": "W", "46": "W", "65": "W"}, {"46": "S", "83": "N", "69": "W", "65": "W"}, {"83": "W", "69": "S", "46": "S"}, {"83": "W", "46": "W", "69": "S"}, {"46": "S", "83": "W", "69": "S"}, {"46": "S", "69": "S", "83": "W"}, {"69": "S", "46": "W", "83": "W"}, {"83": "N", "46": "W"}, {"80": "N", "83": "W", "46": "S", "65": "S", "64": "N"}, {"46": "W", "80": "W", "83": "W", "66": "W", "65": "W", "64": "N"}, {"83": "W", "64": "E", "66": "N", "80": "W", "65": "W", "46": "S"}, {"80": "W", "65": "W", "83": "W", "46": "S", "64": "E", "66": "W"}, {"65": "W", "64": "S", "66": "W", "80": "N", "83": "W"}, {"66": "W", "64": "S", "83": "S"}, {"64": "S", "83": "S"}, {"83": "S", "64": "S"}, {"83": "W", "64": "W"}, {"64": "S", "83": "S"}, {"83": "S", "64": "S"}, {"83": "E", "64": "W"}, {"64": "S"}, {"64": "S"}, {"64": "W"}, {"86": "E", "64": "W"}, {"86": "S", "64": "S"}, {"86": "S", "64": "W"}, {"64": "W", "86": "W"}, {"86": "S", "64": "N"}, {"86": "S", "64": "W"}, {"86": "W"}, {"86": "S"}, {"86": "S"}, {"86": "W"}, {"86": "W"}, {"86": "S"}, {"86": "W"}, {"86": "W"}, {"86": "N"}, {"66": "W"}, {"66": "N"}, {"66": "N"}, {"66": "E"}, {"66": "N"}, {"66": "N"}, {"66": "W"}, {"66": "N"}, {"66": "W"}, {"66": "N"}, {"66": "W"}, {"66": "W"}, {"66": "W"}, {"86": "S"}, {"86": "E"}, {"86": "E"}, {"86": "S"}, {"86": "S"}, {"86": "S"}, {"86": "W"}, {"86": "W"}, {"86": "W"}, {"86": "N"}, {"86": "N"}, {"86": "W"}, {"86": "W"}, {"86": "S"}], "result": "SUCCESS", "makespan": 241, "sum": 3538, "algo_name": "BFS_2"}