{"instance": "galaxy_cluster2_00001_20x20_50_200", "steps": [{"12": "W", "28": "W", "51": "N", "60": "N", "66": "W", "72": "W", "77": "W", "81": "N", "98": "W", "102": "N", "106": "S", "113": "W", "114": "E", "118": "E", "120": "S", "121": "S", "125": "N", "127": "E", "134": "S", "136": "S", "137": "N", "139": "E", "149": "W", "159": "N", "171": "E", "188": "N", "8": "N", "10": "N", "25": "N", "46": "N", "58": "N", "61": "W", "67": "N", "68": "W", "73": "W", "74": "N", "89": "N", "95": "E", "119": "E", "122": "E", "129": "W", "135": "W", "141": "W", "145": "S", "147": "W", "156": "S", "169": "E", "176": "N", "179": "S", "184": "E", "185": "N", "187": "W", "197": "W", "18": "E", "23": "W", "37": "W", "47": "N", "48": "N", "56": "W", "59": "W", "64": "E", "76": "N", "84": "W", "90": "E", "91": "N", "96": "S", "109": "S", "111": "N", "117": "S", "126": "N", "142": "W", "143": "W", "144": "W", "146": "N", "154": "S", "162": "N", "163": "S", "170": "E", "175": "S", "177": "N", "180": "S", "186": "W", "189": "W", "192": "S", "199": "N", "2": "N", "3": "W", "5": "W", "7": "N", "19": "N", "22": "W", "29": "W", "33": "W", "39": "E", "41": "N", "43": "N", "49": "W", "50": "N", "78": "N", "85": "N", "97": "N", "100": "S", "105": "E", "108": "S", "130": "S", "132": "S", "133": "E", "155": "W", "164": "E", "183": "E", "193": "S", "0": "W", "1": "S", "9": "W", "14": "W", "27": "E", "40": "W", "42": "N", "55": "E", "88": "E", "101": "E", "104": "E", "110": "E", "115": "S", "124": "E", "128": "S", "131": "S", "138": "E", "148": "W", "150": "E", "151": "W", "152": "W", "160": "E", "167": "N", "174": "S", "191": "W", "194": "N", "6": "N", "11": "W", "13": "N", "20": "W", "21": "W", "54": "N", "62": "W", "63": "W", "69": "E", "70": "N", "80": "W", "83": "E", "94": "S", "103": "E", "107": "W", "116": "S", "123": "S", "153": "W", "158": "E", "165": "N", "172": "S", "181": "W", "195": "E", "196": "S", "198": "N", "4": "E", "15": "N", "30": "W", "32": "N", "45": "S", "57": "E", "65": "W", "71": "E", "86": "N", "87": "S", "92": "N", "93": "W", "112": "W", "157": "N", "161": "W", "168": "W", "173": "E", "182": "S", "16": "N", "17": "W", "24": "N", "31": "N", "36": "W", "75": "N", "82": "E", "140": "W", "166": "E", "178": "S", "26": "W", "34": "W", "35": "E", "44": "E", "53": "N", "99": "E", "190": "S", "38": "E", "52": "W", "79": "E"}, {"51": "N", "60": "N", "81": "N", "102": "N", "125": "N", "137": "N", "159": "N", "188": "N", "106": "S", "120": "S", "121": "S", "134": "S", "136": "S", "12": "W", "28": "W", "66": "W", "72": "W", "77": "W", "98": "W", "113": "W", "149": "W", "114": "E", "118": "E", "127": "E", "139": "E", "171": "E", "8": "N", "10": "N", "25": "N", "46": "N", "58": "N", "61": "W", "67": "N", "68": "W", "73": "W", "74": "N", "89": "N", "95": "E", "119": "E", "122": "E", "129": "W", "135": "W", "141": "W", "145": "S", "147": "W", "156": "S", "169": "E", "176": "N", "179": "S", "184": "E", "185": "N", "187": "W", "197": "W", "18": "E", "23": "W", "37": "W", "47": "N", "48": "N", "56": "W", "59": "W", "64": "E", "76": "N", "84": "W", "90": "E", "91": "N", "96": "S", "109": "S", "111": "N", "117": "S", "126": "N", "142": "W", "143": "W", "144": "W", "146": "N", "154": "S", "162": "N", "163": "S", "170": "E", "175": "S", "177": "N", "180": "S", "186": "W", "189": "W", "192": "S", "199": "N", "2": "N", "3": "W", "5": "W", "7": "N", "19": "N", "22": "W", "29": "W", "33": "W", "39": "E", "41": "N", "43": "N", "49": "W", "50": "N", "78": "N", "85": "N", "97": "N", "100": "S", "105": "E", "108": "S", "130": "S", "132": "S", "133": "E", "155": "W", "164": "E", "183": "E", "193": "S", "0": "W", "1": "S", "9": "W", "14": "W", "27": "E", "40": "W", "42": "N", "55": "E", "88": "E", "101": "E", "104": "E", "110": "E", "115": "S", "124": "E", "128": "S", "131": "S", "138": "E", "148": "W", "150": "E", "151": "W", "152": "W", "160": "E", "167": "N", "174": "S", "191": "W", "194": "N", "6": "N", "11": "W", "13": "N", "20": "W", "21": "W", "54": "N", "62": "W", "63": "W", "69": "E", "70": "N", "80": "W", "83": "E", "94": "S", "103": "E", "107": "W", "116": "S", "123": "S", "153": "W", "158": "E", "165": "N", "172": "S", "181": "W", "195": "E", "196": "S", "198": "N", "4": "E", "15": "N", "30": "W", "32": "N", "45": "S", "57": "E", "65": "W", "71": "E", "86": "N", "87": "S", "92": "N", "93": "W", "112": "W", "157": "N", "161": "W", "168": "W", "173": "E", "182": "S", "16": "N", "17": "W", "24": "N", "31": "N", "36": "W", "75": "N", "82": "E", "140": "W", "166": "E", "178": "S", "26": "W", "34": "W", "35": "E", "44": "E", "53": "N", "99": "E", "190": "S", "38": "E", "52": "W", "79": "E"}, {"60": "N", "81": "N", "102": "N", "125": "N", "188": "N", "8": "N", "10": "N", "25": "N", "46": "N", "58": "N", "67": "N", "74": "N", "89": "N", "176": "N", "185": "N", "106": "W", "120": "W", "145": "S", "179": "S", "12": "W", "28": "N", "66": "W", "72": "W", "77": "W", "98": "W", "113": "W", "61": "W", "68": "W", "73": "W", "129": "W", "135": "W", "141": "W", "147": "W", "187": "W", "197": "W", "118": "E", "171": "N", "95": "E", "122": "E", "169": "E", "184": "E", "18": "E", "23": "W", "37": "W", "47": "N", "48": "N", "56": "W", "59": "W", "64": "E", "76": "N", "84": "W", "91": "N", "96": "S", "109": "S", "111": "N", "117": "S", "126": "N", "142": "W", "143": "W", "144": "W", "146": "N", "154": "S", "162": "N", "163": "S", "170": "E", "175": "S", "177": "N", "186": "W", "189": "W", "192": "S", "199": "N", "2": "N", "3": "W", "5": "W", "7": "N", "19": "N", "22": "W", "29": "W", "33": "W", "39": "E", "41": "N", "43": "N", "49": "W", "50": "N", "78": "N", "85": "N", "97": "N", "105": "E", "108": "S", "130": "S", "132": "S", "155": "W", "164": "E", "183": "E", "193": "S", "0": "W", "1": "S", "9": "W", "14": "W", "27": "E", "40": "W", "42": "N", "55": "E", "88": "E", "101": "E", "104": "E", "110": "E", "115": "S", "128": "S", "138": "E", "148": "W", "150": "E", "151": "W", "152": "W", "160": "E", "167": "N", "174": "S", "191": "W", "194": "N", "6": "N", "11": "W", "13": "N", "20": "W", "21": "W", "54": "N", "62": "W", "63": "W", "69": "E", "70": "N", "80": "W", "83": "E", "94": "S", "103": "E", "107": "W", "116": "S", "153": "W", "158": "E", "165": "N", "172": "S", "181": "W", "195": "E", "196": "S", "198": "N", "4": "E", "15": "N", "30": "W", "32": "N", "45": "S", "57": "E", "65": "W", "71": "E", "86": "N", "87": "S", "92": "N", "93": "W", "112": "W", "157": "N", "161": "W", "168": "W", "173": "E", "182": "S", "16": "N", "17": "W", "24": "N", "31": "N", "36": "W", "75": "N", "82": "E", "140": "W", "166": "E", "178": "S", "26": "W", "34": "W", "35": "E", "44": "E", "53": "N", "99": "E", "190": "S", "38": "E", "52": "W", "79": "E"}, {"60": "N", "81": "N", "102": "N", "125": "N", "137": "N", "188": "N", "8": "N", "10": "N", "25": "N", "46": "N", "58": "N", "67": "N", "74": "N", "89": "N", "185": "N", "47": "N", "48": "N", "76": "N", "91": "N", "111": "N", "126": "N", "146": "N", "162": "N", "177": "N", "199": "N", "106": "S", "136": "S", "145": "S", "156": "S", "179": "S", "96": "S", "109": "S", "117": "S", "154": "S", "163": "S", "175": "S", "192": "S", "12": "W", "28": "W", "66": "W", "72": "N", "77": "W", "61": "W", "73": "W", "129": "W", "141": "W", "187": "W", "23": "W", "37": "W", "56": "W", "59": "W", "84": "W", "142": "W", "143": "W", "144": "W", "186": "W", "189": "W", "171": "E", "95": "N", "119": "E", "64": "E", "170": "E", "90": "E", "180": "S", "2": "N", "3": "W", "5": "W", "7": "N", "19": "N", "22": "W", "29": "W", "33": "W", "39": "E", "41": "N", "43": "N", "49": "W", "50": "N", "78": "N", "85": "N", "97": "N", "100": "S", "105": "E", "108": "S", "130": "S", "132": "S", "133": "E", "155": "W", "164": "E", "183": "E", "193": "S", "0": "W", "1": "S", "9": "W", "14": "W", "27": "E", "40": "W", "42": "N", "55": "E", "88": "E", "101": "E", "104": "E", "110": "E", "115": "S", "124": "E", "128": "S", "131": "S", "138": "E", "148": "W", "150": "E", "151": "W", "152": "W", "160": "E", "167": "N", "174": "S", "191": "W", "194": "N", "6": "N", "11": "W", "13": "N", "20": "W", "21": "W", "54": "N", "62": "W", "63": "W", "69": "E", "70": "N", "80": "W", "83": "E", "94": "S", "103": "E", "107": "W", "116": "S", "123": "S", "153": "W", "158": "E", "165": "N", "172": "S", "181": "W", "195": "E", "196": "S", "198": "N", "4": "E", "15": "N", "30": "W", "32": "N", "45": "S", "57": "E", "65": "W", "71": "E", "86": "N", "87": "S", "92": "N", "93": "W", "112": "W", "157": "N", "161": "W", "168": "W", "173": "E", "182": "S", "16": "N", "17": "W", "24": "N", "31": "N", "36": "W", "75": "N", "82": "E", "140": "W", "166": "E", "178": "S", "26": "W", "34": "W", "35": "E", "44": "E", "53": "N", "99": "E", "190": "S", "38": "E", "52": "W", "79": "E"}, {"51": "N", "81": "N", "102": "W", "125": "N", "137": "N", "188": "N", "8": "N", "10": "N", "25": "N", "58": "W", "67": "N", "74": "N", "89": "N", "47": "N", "48": "N", "76": "N", "126": "W", "146": "N", "162": "N", "177": "N", "199": "N", "2": "N", "7": "N", "19": "N", "41": "N", "43": "N", "50": "N", "78": "N", "85": "N", "97": "N", "106": "S", "121": "S", "136": "S", "156": "S", "179": "S", "96": "S", "109": "W", "163": "S", "175": "S", "192": "S", "180": "S", "108": "S", "130": "S", "132": "S", "193": "S", "66": "W", "77": "W", "98": "W", "61": "W", "68": "W", "73": "W", "141": "W", "147": "W", "187": "W", "197": "W", "23": "W", "37": "W", "56": "W", "142": "W", "186": "W", "189": "N", "3": "W", "5": "W", "22": "W", "29": "W", "33": "W", "49": "W", "155": "W", "171": "E", "95": "E", "119": "E", "18": "E", "64": "S", "170": "E", "90": "E", "39": "E", "105": "E", "164": "E", "183": "E", "100": "S", "133": "E", "0": "W", "1": "S", "9": "W", "14": "W", "27": "E", "40": "W", "42": "N", "55": "E", "88": "E", "101": "E", "104": "E", "110": "E", "115": "S", "124": "E", "128": "S", "131": "S", "138": "E", "148": "W", "150": "E", "151": "W", "152": "W", "160": "E", "167": "N", "174": "S", "191": "W", "194": "N", "6": "N", "11": "W", "13": "N", "20": "W", "21": "W", "54": "N", "62": "W", "63": "W", "69": "E", "70": "N", "80": "W", "83": "E", "94": "S", "103": "E", "107": "W", "116": "S", "123": "S", "153": "W", "158": "E", "165": "N", "172": "S", "181": "W", "195": "E", "196": "S", "198": "N", "4": "E", "15": "N", "30": "W", "32": "N", "45": "S", "57": "E", "65": "W", "71": "E", "86": "N", "87": "S", "92": "N", "93": "W", "112": "W", "157": "N", "161": "W", "168": "W", "173": "E", "182": "S", "16": "N", "17": "W", "24": "N", "31": "N", "36": "W", "75": "N", "82": "E", "140": "W", "166": "E", "178": "S", "26": "W", "34": "W", "35": "E", "44": "E", "53": "N", "99": "E", "190": "S", "38": "E", "52": "W", "79": "E"}, {"81": "W", "137": "N", "8": "W", "74": "W", "48": "E", "146": "N", "41": "N", "78": "N", "42": "N", "167": "N", "106": "S", "136": "S", "145": "S", "156": "S", "96": "W", "154": "S", "175": "S", "192": "S", "180": "S", "132": "S", "193": "S", "100": "S", "1": "S", "115": "S", "128": "S", "174": "S", "66": "W", "77": "W", "98": "W", "61": "W", "68": "W", "73": "W", "141": "W", "147": "W", "187": "W", "197": "W", "23": "W", "37": "W", "56": "W", "142": "W", "144": "W", "186": "W", "189": "W", "3": "W", "5": "W", "22": "W", "29": "W", "33": "W", "49": "W", "155": "W", "0": "W", "9": "W", "14": "W", "40": "W", "148": "W", "151": "W", "152": "W", "191": "W", "114": "E", "127": "E", "171": "E", "95": "E", "119": "E", "122": "E", "18": "E", "64": "E", "170": "S", "90": "E", "39": "E", "105": "E", "164": "E", "133": "E", "27": "E", "55": "E", "88": "E", "101": "E", "104": "E", "110": "E", "138": "E", "150": "E", "160": "E", "124": "E", "131": "S", "6": "N", "11": "W", "13": "N", "20": "W", "21": "W", "54": "N", "62": "W", "63": "W", "69": "E", "70": "N", "80": "W", "83": "E", "94": "S", "103": "E", "107": "W", "116": "S", "123": "S", "153": "W", "158": "E", "165": "N", "172": "S", "181": "W", "195": "E", "196": "S", "198": "N", "4": "E", "15": "N", "30": "W", "32": "N", "45": "S", "57": "E", "65": "W", "71": "E", "86": "N", "87": "S", "92": "N", "93": "W", "112": "W", "157": "N", "161": "W", "168": "W", "173": "E", "182": "S", "16": "N", "17": "W", "24": "N", "31": "N", "36": "W", "75": "N", "82": "E", "140": "W", "166": "E", "178": "S", "26": "W", "34": "W", "35": "E", "44": "E", "53": "N", "99": "E", "190": "S", "38": "E", "52": "W", "79": "E"}, {"60": "N", "125": "N", "137": "N", "8": "N", "10": "N", "74": "N", "89": "N", "185": "N", "47": "N", "111": "N", "146": "N", "162": "N", "177": "N", "2": "N", "41": "N", "43": "N", "50": "N", "78": "N", "85": "N", "42": "N", "167": "N", "194": "N", "6": "N", "13": "N", "54": "N", "70": "N", "198": "N", "106": "S", "145": "S", "156": "S", "96": "S", "117": "S", "154": "S", "175": "S", "180": "S", "193": "S", "100": "S", "115": "S", "128": "S", "174": "S", "131": "S", "94": "S", "116": "S", "172": "S", "196": "S", "12": "W", "28": "W", "77": "W", "98": "W", "61": "W", "68": "W", "129": "W", "141": "W", "147": "W", "187": "W", "197": "N", "23": "W", "37": "W", "56": "W", "59": "W", "143": "W", "144": "W", "186": "N", "3": "W", "5": "W", "22": "W", "29": "N", "33": "W", "155": "W", "9": "W", "14": "W", "40": "W", "148": "W", "191": "W", "11": "W", "20": "W", "21": "W", "62": "W", "63": "W", "80": "W", "107": "W", "153": "W", "181": "W", "118": "E", "127": "E", "171": "E", "119": "E", "169": "E", "64": "E", "90": "E", "39": "E", "105": "E", "164": "N", "183": "E", "133": "E", "27": "E", "55": "E", "88": "E", "104": "E", "138": "N", "150": "E", "124": "E", "69": "E", "83": "E", "103": "E", "158": "E", "195": "E", "123": "S", "4": "E", "30": "W", "32": "N", "45": "S", "57": "E", "65": "W", "71": "E", "86": "N", "87": "S", "92": "N", "93": "W", "112": "W", "157": "N", "161": "W", "168": "W", "173": "E", "182": "S", "17": "W", "24": "N", "31": "N", "36": "W", "75": "N", "82": "E", "140": "W", "166": "E", "178": "S", "26": "W", "34": "W", "35": "E", "44": "E", "53": "N", "99": "E", "190": "S", "38": "E", "52": "W", "79": "E"}, {"51": "N", "60": "N", "125": "N", "10": "N", "74": "N", "89": "N", "185": "N", "47": "N", "111": "N", "177": "N", "7": "N", "43": "N", "50": "N", "78": "N", "85": "N", "42": "N", "13": "N", "54": "N", "70": "N", "165": "N", "198": "N", "32": "N", "86": "N", "92": "N", "157": "N", "106": "S", "156": "S", "179": "S", "163": "S", "175": "W", "180": "S", "130": "S", "193": "W", "100": "S", "115": "S", "174": "W", "131": "S", "116": "S", "123": "S", "45": "S", "87": "S", "182": "S", "12": "W", "66": "W", "77": "W", "61": "W", "73": "W", "129": "W", "141": "W", "147": "W", "187": "W", "23": "W", "37": "W", "56": "W", "142": "W", "143": "W", "3": "W", "5": "W", "22": "W", "49": "W", "155": "W", "0": "W", "9": "W", "40": "W", "152": "W", "191": "W", "11": "W", "20": "W", "21": "W", "62": "W", "63": "W", "107": "W", "30": "W", "65": "W", "93": "W", "112": "W", "161": "W", "168": "W", "95": "E", "18": "E", "39": "E", "105": "E", "183": "E", "27": "E", "88": "E", "101": "E", "150": "E", "83": "E", "195": "E", "4": "E", "57": "E", "71": "E", "173": "E", "15": "N", "16": "N", "17": "W", "24": "N", "31": "N", "36": "W", "75": "N", "82": "E", "140": "W", "166": "E", "178": "S", "26": "W", "34": "W", "35": "E", "44": "E", "53": "N", "99": "E", "190": "S", "38": "E", "52": "W", "79": "E"}, {"51": "N", "81": "N", "125": "N", "10": "N", "25": "N", "74": "N", "89": "N", "47": "N", "177": "N", "199": "N", "7": "N", "43": "N", "50": "N", "78": "N", "85": "E", "97": "N", "42": "N", "13": "N", "54": "N", "165": "N", "198": "N", "86": "N", "92": "N", "157": "N", "15": "N", "24": "N", "31": "N", "75": "N", "96": "S", "117": "S", "115": "E", "94": "S", "196": "S", "45": "S", "178": "S", "28": "W", "66": "W", "61": "S", "73": "W", "141": "W", "37": "W", "59": "W", "142": "W", "3": "W", "49": "W", "0": "W", "40": "W", "152": "W", "11": "W", "21": "W", "107": "W", "181": "W", "30": "W", "112": "W", "168": "W", "17": "W", "36": "W", "140": "W", "184": "E", "64": "E", "39": "S", "105": "N", "183": "N", "27": "E", "104": "E", "150": "N", "69": "E", "83": "E", "4": "E", "57": "E", "82": "E", "166": "E", "16": "N", "26": "W", "34": "W", "35": "E", "44": "E", "53": "N", "99": "E", "190": "S", "38": "E", "52": "W", "79": "E"}, {"51": "N", "125": "N", "10": "N", "74": "N", "89": "W", "177": "N", "7": "N", "43": "N", "78": "N", "42": "N", "13": "N", "54": "N", "165": "N", "198": "N", "86": "N", "92": "N", "157": "N", "15": "N", "24": "N", "31": "N", "16": "N", "53": "N", "94": "S", "116": "S", "45": "S", "182": "S", "190": "S", "66": "W", "73": "W", "141": "S", "147": "W", "23": "W", "142": "W", "5": "W", "49": "W", "155": "W", "0": "W", "152": "W", "191": "W", "20": "W", "21": "W", "107": "W", "30": "W", "112": "W", "161": "W", "36": "W", "26": "W", "34": "W", "95": "E", "18": "E", "64": "E", "27": "E", "88": "E", "101": "E", "104": "E", "69": "E", "83": "E", "195": "E", "4": "E", "57": "E", "71": "E", "173": "E", "166": "E", "35": "E", "44": "E", "99": "E", "38": "E", "52": "W", "79": "E"}, {"47": "N", "50": "N", "78": "W", "42": "W", "198": "N", "86": "N", "157": "N", "24": "N", "94": "S", "116": "S", "45": "S", "182": "S", "190": "S", "23": "W", "37": "W", "3": "W", "155": "W", "40": "W", "152": "N", "11": "W", "21": "W", "107": "S", "168": "W", "140": "W", "52": "W", "95": "E", "18": "E", "27": "E", "88": "E", "101": "E", "83": "E", "195": "S", "4": "E", "57": "E", "71": "E", "35": "E", "44": "E", "38": "E", "79": "E"}, {"47": "E", "13": "N", "198": "N", "86": "N", "24": "N", "94": "S", "116": "E", "45": "S", "190": "S", "23": "S", "37": "W", "3": "W", "40": "W", "11": "W", "112": "W", "168": "W", "140": "W", "52": "W", "27": "N", "88": "S", "173": "E", "44": "E", "79": "E"}, {"50": "N", "13": "N", "198": "N", "86": "N", "157": "N", "24": "N", "94": "W", "45": "W", "182": "S", "190": "S", "37": "N", "155": "W", "21": "W", "112": "W", "52": "W", "83": "E", "4": "E", "57": "E", "173": "E", "44": "E", "79": "E"}, {"50": "N", "13": "W", "198": "N", "86": "N", "157": "N", "24": "N", "182": "S", "190": "S", "3": "W", "155": "W", "40": "W", "11": "W", "21": "W", "112": "N", "168": "W", "140": "W", "52": "W", "83": "S", "57": "E", "173": "S", "44": "E", "79": "E"}, {"50": "W", "198": "W", "182": "E", "190": "E", "3": "S", "155": "S", "52": "W", "4": "E", "57": "S"}, {"86": "N", "157": "N", "24": "N", "40": "W", "11": "W", "21": "W", "168": "W", "140": "W", "52": "W", "4": "E", "44": "E", "79": "E"}, {"86": "N", "157": "E", "24": "N", "40": "W", "11": "W", "21": "W", "168": "W", "140": "W", "52": "W", "4": "N", "44": "E", "79": "E"}, {"86": "W", "40": "N", "21": "N", "52": "W", "44": "N"}, {"24": "N", "11": "W", "168": "W", "140": "W", "52": "W", "79": "E"}, {"24": "E", "11": "S", "52": "S", "79": "S"}, {"168": "W", "140": "W"}, {"168": "W", "140": "W"}, {"168": "N"}, {"140": "W"}, {"140": "S"}, {"138": "W"}, {"138": "W"}, {"138": "N"}, {"138": "N"}, {"138": "N"}, {"153": "E"}, {"153": "E"}, {"153": "E"}, {"153": "E"}, {"153": "E"}, {"153": "E"}, {"153": "E"}, {"153": "E"}, {"153": "E"}, {"153": "E"}, {"153": "E"}, {"153": "E"}, {"153": "E"}, {"153": "E"}, {"153": "E"}, {"153": "E"}, {"153": "E"}, {"153": "E"}, {"153": "E"}, {"153": "E"}, {"153": "N"}, {"153": "N"}, {"153": "N"}, {"153": "N"}, {"153": "N"}, {"153": "N"}, {"153": "N"}, {"153": "N"}, {"153": "N"}, {"153": "N"}, {"153": "N"}, {"153": "N"}, {"153": "N"}, {"134": "E"}, {"134": "E"}, {"134": "N"}, {"134": "N"}, {"134": "N"}, {"134": "N"}, {"134": "N"}, {"134": "N"}, {"134": "N"}, {"134": "N"}, {"134": "N"}, {"134": "N"}, {"134": "N"}, {"134": "N"}, {"134": "N"}, {"134": "N"}, {"134": "N"}, {"134": "N"}, {"134": "N"}, {"134": "N"}, {"184": "S"}, {"184": "W"}, {"184": "W"}, {"184": "W"}, {"184": "W"}, {"184": "W"}, {"184": "W"}, {"184": "N"}, {"184": "N"}, {"184": "N"}, {"184": "N"}, {"184": "N"}, {"184": "N"}, {"184": "N"}, {"184": "N"}, {"184": "N"}, {"184": "N"}, {"184": "N"}, {"145": "W"}, {"145": "N"}, {"145": "N"}, {"145": "N"}, {"145": "N"}, {"145": "E"}, {"145": "E"}, {"145": "E"}, {"145": "E"}, {"145": "E"}, {"145": "E"}, {"145": "E"}, {"145": "E"}, {"145": "E"}, {"145": "E"}, {"145": "N"}, {"145": "N"}, {"145": "N"}, {"145": "N"}, {"145": "N"}, {"145": "N"}, {"145": "N"}, {"145": "N"}, {"145": "N"}, {"145": "N"}, {"145": "N"}, {"145": "N"}, {"145": "N"}, {"145": "N"}, {"145": "N"}, {"124": "W"}, {"124": "W"}, {"124": "W"}, {"124": "N"}, {"124": "N"}, {"55": "N"}, {"55": "W"}, {"55": "W"}, {"55": "W"}, {"55": "N"}, {"55": "N"}, {"55": "W"}, {"55": "W"}, {"55": "N"}, {"55": "W"}, {"55": "W"}, {"57": "N"}, {"57": "W"}, {"57": "W"}, {"57": "W"}, {"57": "W"}, {"57": "W"}, {"57": "W"}, {"57": "W"}, {"57": "W"}, {"57": "W"}, {"57": "N"}, {"57": "N"}, {"57": "N"}, {"57": "N"}, {"57": "N"}, {"57": "N"}, {"53": "S"}, {"53": "E"}, {"53": "E"}, {"53": "E"}, {"53": "E"}, {"53": "S"}, {"53": "S"}, {"53": "S"}, {"53": "E"}, {"36": "S"}, {"36": "E"}, {"36": "E"}, {"36": "E"}, {"36": "E"}, {"36": "E"}, {"36": "E"}, {"36": "E"}, {"36": "E"}, {"36": "E"}, {"36": "E"}, {"36": "E"}, {"36": "E"}, {"36": "E"}, {"36": "E"}, {"36": "E"}, {"36": "E"}, {"36": "E"}, {"36": "E"}, {"36": "E"}, {"36": "N"}, {"36": "N"}, {"36": "N"}, {"36": "N"}, {"36": "N"}, {"36": "N"}, {"36": "N"}, {"6": "S"}, {"6": "E"}, {"6": "S"}, {"6": "S"}, {"132": "E"}, {"132": "N"}, {"132": "N"}, {"132": "N"}, {"132": "N"}, {"132": "N"}, {"132": "N"}, {"132": "N"}, {"132": "N"}, {"132": "N"}, {"132": "N"}, {"132": "N"}, {"132": "N"}, {"132": "N"}, {"132": "N"}, {"132": "N"}, {"132": "N"}, {"132": "N"}, {"132": "N"}, {"132": "N"}, {"129": "N"}, {"129": "E"}, {"129": "E"}, {"129": "E"}, {"129": "E"}, {"129": "E"}, {"129": "E"}, {"129": "E"}, {"129": "E"}, {"129": "E"}, {"129": "E"}, {"129": "E"}, {"129": "E"}, {"129": "E"}, {"129": "E"}, {"129": "E"}, {"129": "E"}, {"129": "E"}, {"129": "E"}, {"129": "E"}, {"129": "E"}, {"129": "E"}, {"129": "E"}, {"129": "N"}, {"129": "N"}, {"129": "N"}, {"129": "N"}, {"104": "N"}, {"104": "W"}, {"104": "W"}, {"104": "W"}, {"104": "W"}, {"104": "W"}, {"104": "W"}, {"92": "W"}, {"92": "S"}, {"92": "S"}, {"92": "S"}, {"92": "E"}, {"92": "E"}, {"92": "S"}, {"43": "W"}, {"43": "S"}, {"43": "S"}, {"43": "S"}, {"43": "S"}, {"43": "S"}, {"43": "E"}, {"43": "E"}, {"43": "E"}, {"43": "E"}, {"43": "S"}, {"43": "S"}, {"43": "S"}, {"34": "E"}, {"34": "E"}, {"34": "E"}, {"34": "E"}, {"34": "E"}, {"34": "E"}, {"34": "E"}, {"34": "E"}, {"34": "E"}, {"34": "E"}, {"34": "E"}, {"34": "E"}, {"34": "E"}, {"34": "E"}, {"34": "E"}, {"34": "E"}, {"34": "N"}, {"34": "N"}, {"34": "N"}, {"34": "N"}, {"34": "N"}, {"27": "S"}, {"27": "W"}, {"27": "W"}, {"27": "W"}, {"27": "W"}, {"27": "W"}, {"27": "W"}, {"27": "W"}, {"27": "N"}, {"27": "W"}, {"27": "N"}, {"27": "W"}, {"27": "W"}, {"27": "W"}, {"27": "N"}, {"8": "E"}, {"8": "S"}, {"8": "S"}, {"8": "S"}, {"8": "S"}, {"8": "W"}, {"8": "W"}, {"8": "W"}, {"8": "S"}, {"8": "S"}, {"8": "S"}, {"8": "S"}, {"8": "E"}, {"8": "S"}, {"8": "E"}, {"8": "S"}, {"8": "E"}, {"8": "E"}, {"119": "S"}, {"119": "W"}, {"119": "W"}, {"119": "W"}, {"119": "W"}, {"119": "W"}, {"119": "S"}, {"119": "W"}, {"119": "W"}, {"119": "W"}, {"119": "W"}, {"119": "W"}, {"119": "N"}, {"119": "N"}, {"119": "N"}, {"119": "N"}, {"85": "W"}, {"85": "S"}, {"85": "S"}, {"85": "S"}, {"85": "W"}, {"85": "W"}, {"85": "W"}, {"85": "S"}, {"85": "S"}, {"85": "W"}, {"1": "N"}, {"1": "W"}, {"1": "N"}, {"1": "N"}, {"1": "N"}, {"1": "N"}, {"1": "N"}, {"1": "N"}, {"1": "N"}, {"1": "N"}, {"1": "N"}, {"1": "N"}, {"1": "N"}, {"1": "N"}, {"1": "N"}, {"1": "N"}, {"1": "N"}, {"1": "N"}, {"1": "N"}, {"193": "E"}, {"193": "N"}, {"193": "N"}, {"193": "N"}, {"193": "E"}, {"193": "E"}, {"193": "E"}, {"193": "E"}, {"193": "E"}, {"193": "E"}, {"193": "N"}, {"193": "N"}, {"193": "N"}, {"193": "N"}, {"193": "N"}, {"193": "N"}, {"193": "N"}, {"193": "N"}, {"193": "N"}, {"193": "N"}, {"193": "N"}, {"193": "N"}, {"193": "N"}, {"193": "N"}, {"193": "N"}, {"193": "N"}, {"193": "N"}, {"179": "W"}, {"179": "N"}, {"179": "N"}, {"179": "N"}, {"179": "N"}, {"179": "E"}, {"179": "E"}, {"179": "E"}, {"179": "E"}, {"179": "E"}, {"179": "N"}, {"179": "N"}, {"179": "N"}, {"179": "N"}, {"179": "N"}, {"179": "N"}, {"179": "N"}, {"179": "N"}, {"179": "N"}, {"179": "N"}, {"179": "N"}, {"179": "N"}, {"179": "N"}, {"179": "N"}, {"179": "N"}, {"179": "N"}, {"179": "N"}, {"179": "N"}, {"144": "N"}, {"144": "E"}, {"144": "E"}, {"144": "E"}, {"144": "E"}, {"144": "E"}, {"144": "E"}, {"144": "E"}, {"144": "E"}, {"144": "E"}, {"144": "E"}, {"144": "E"}, {"144": "E"}, {"144": "E"}, {"144": "E"}, {"144": "E"}, {"144": "E"}, {"144": "E"}, {"144": "E"}, {"144": "N"}, {"144": "N"}, {"144": "N"}, {"144": "N"}, {"144": "N"}, {"144": "N"}, {"144": "N"}, {"144": "N"}, {"102": "E"}, {"102": "S"}, {"102": "S"}, {"102": "S"}, {"102": "E"}, {"102": "E"}, {"102": "E"}, {"102": "E"}, {"102": "E"}, {"102": "E"}, {"102": "E"}, {"102": "S"}, {"102": "S"}, {"78": "E"}, {"78": "S"}, {"78": "S"}, {"78": "S"}, {"78": "S"}, {"78": "S"}, {"78": "S"}, {"78": "S"}, {"78": "S"}, {"78": "S"}, {"78": "E"}, {"78": "S"}, {"78": "E"}, {"78": "S"}, {"78": "E"}, {"78": "E"}, {"13": "E"}, {"13": "S"}, {"13": "S"}, {"13": "S"}, {"13": "S"}, {"13": "S"}, {"13": "S"}, {"13": "E"}, {"13": "E"}, {"13": "E"}, {"13": "S"}, {"13": "S"}, {"13": "S"}, {"13": "E"}, {"13": "S"}, {"13": "E"}, {"13": "S"}, {"13": "E"}, {"13": "S"}, {"13": "E"}, {"13": "S"}, {"13": "E"}, {"13": "E"}, {"4": "S"}, {"4": "W"}, {"4": "W"}, {"4": "W"}, {"4": "W"}, {"4": "W"}, {"4": "W"}, {"4": "W"}, {"4": "W"}, {"4": "S"}, {"4": "W"}, {"4": "W"}, {"191": "N"}, {"191": "E"}, {"191": "E"}, {"191": "E"}, {"191": "E"}, {"191": "E"}, {"191": "E"}, {"191": "E"}, {"191": "E"}, {"191": "E"}, {"191": "E"}, {"191": "E"}, {"191": "E"}, {"191": "E"}, {"191": "E"}, {"191": "E"}, {"191": "E"}, {"191": "E"}, {"191": "E"}, {"191": "E"}, {"191": "E"}, {"191": "E"}, {"191": "S"}, {"191": "S"}, {"191": "E"}, {"164": "S"}, {"164": "W"}, {"164": "W"}, {"164": "S"}, {"164": "S"}, {"164": "W"}, {"164": "S"}, {"164": "S"}, {"164": "S"}, {"164": "S"}, {"164": "S"}, {"142": "S"}, {"142": "E"}, {"142": "E"}, {"142": "E"}, {"142": "E"}, {"142": "E"}, {"142": "E"}, {"142": "E"}, {"142": "E"}, {"142": "E"}, {"142": "E"}, {"142": "E"}, {"142": "E"}, {"142": "E"}, {"142": "E"}, {"142": "E"}, {"142": "E"}, {"142": "E"}, {"142": "E"}, {"142": "E"}, {"142": "E"}, {"142": "E"}, {"142": "N"}, {"142": "N"}, {"142": "N"}, {"142": "N"}, {"117": "E"}, {"117": "N"}, {"117": "N"}, {"117": "N"}, {"117": "E"}, {"117": "E"}, {"117": "N"}, {"117": "N"}, {"117": "N"}, {"117": "N"}, {"117": "N"}, {"117": "N"}, {"117": "N"}, {"117": "N"}, {"117": "N"}, {"117": "N"}, {"117": "N"}, {"117": "N"}, {"117": "N"}, {"117": "N"}, {"117": "N"}, {"117": "N"}, {"117": "N"}, {"97": "E"}, {"97": "S"}, {"97": "S"}, {"97": "W"}, {"97": "W"}, {"97": "W"}, {"97": "S"}, {"97": "S"}, {"97": "S"}, {"97": "E"}, {"83": "N"}, {"83": "W"}, {"83": "W"}, {"83": "W"}, {"83": "W"}, {"83": "W"}, {"83": "W"}, {"83": "W"}, {"83": "S"}, {"83": "W"}, {"83": "S"}, {"83": "S"}, {"83": "W"}, {"83": "W"}, {"83": "W"}, {"83": "N"}, {"83": "N"}, {"83": "N"}, {"50": "E"}, {"50": "S"}, {"50": "S"}, {"50": "S"}, {"50": "S"}, {"50": "S"}, {"50": "S"}, {"50": "S"}, {"50": "W"}, {"50": "W"}, {"50": "W"}, {"50": "S"}, {"50": "S"}, {"50": "S"}, {"50": "S"}, {"50": "E"}, {"50": "S"}, {"50": "E"}, {"50": "E"}, {"50": "S"}, {"50": "E"}, {"50": "S"}, {"50": "S"}, {"50": "E"}, {"50": "S"}, {"50": "E"}, {"50": "E"}, {"32": "S"}, {"32": "E"}, {"32": "E"}, {"32": "S"}, {"32": "S"}, {"32": "S"}, {"32": "S"}, {"32": "E"}, {"32": "S"}, {"32": "E"}, {"32": "E"}, {"32": "S"}, {"32": "E"}, {"185": "W"}, {"185": "S"}, {"185": "S"}, {"185": "S"}, {"185": "S"}, {"185": "E"}, {"185": "E"}, {"185": "E"}, {"185": "S"}, {"185": "S"}, {"185": "S"}, {"185": "S"}, {"185": "E"}, {"185": "S"}, {"185": "E"}, {"185": "E"}, {"185": "S"}, {"105": "S"}, {"105": "W"}, {"105": "W"}, {"105": "W"}, {"105": "W"}, {"105": "W"}, {"105": "W"}, {"105": "N"}, {"105": "N"}, {"95": "S"}, {"95": "W"}, {"95": "W"}, {"95": "W"}, {"95": "W"}, {"95": "W"}, {"95": "W"}, {"95": "W"}, {"95": "W"}, {"95": "W"}, {"95": "W"}, {"95": "N"}, {"88": "N"}, {"88": "W"}, {"88": "W"}, {"88": "W"}, {"88": "W"}, {"88": "W"}, {"88": "W"}, {"88": "W"}, {"88": "W"}, {"88": "W"}, {"88": "W"}, {"88": "W"}, {"88": "W"}, {"88": "W"}, {"88": "W"}, {"88": "W"}, {"88": "W"}, {"88": "W"}, {"88": "N"}, {"88": "N"}, {"88": "N"}, {"88": "N"}, {"88": "N"}, {"88": "N"}, {"88": "N"}, {"88": "N"}, {"88": "N"}, {"76": "E"}, {"76": "S"}, {"76": "S"}, {"76": "E"}, {"76": "E"}, {"76": "E"}, {"76": "S"}, {"76": "S"}, {"76": "S"}, {"76": "S"}, {"76": "E"}, {"67": "E"}, {"67": "S"}, {"67": "S"}, {"67": "S"}, {"67": "E"}, {"67": "E"}, {"67": "E"}, {"67": "S"}, {"67": "S"}, {"67": "S"}, {"18": "S"}, {"18": "W"}, {"18": "W"}, {"18": "W"}, {"18": "W"}, {"18": "W"}, {"18": "W"}, {"18": "W"}, {"18": "W"}, {"18": "W"}, {"18": "W"}, {"18": "W"}, {"18": "N"}, {"18": "N"}, {"18": "N"}, {"3": "N"}, {"3": "E"}, {"3": "E"}, {"3": "E"}, {"3": "E"}, {"3": "E"}, {"3": "E"}, {"3": "E"}, {"3": "E"}, {"3": "E"}, {"3": "E"}, {"3": "E"}, {"3": "E"}, {"3": "E"}, {"3": "E"}, {"3": "E"}, {"3": "E"}, {"3": "N"}, {"3": "N"}, {"3": "N"}, {"3": "N"}, {"3": "N"}, {"3": "N"}, {"3": "N"}, {"120": "E"}, {"120": "N"}, {"120": "E"}, {"120": "E"}, {"120": "E"}, {"120": "E"}, {"120": "E"}, {"120": "E"}, {"120": "E"}, {"120": "E"}, {"120": "E"}, {"120": "E"}, {"120": "E"}, {"120": "E"}, {"120": "E"}, {"120": "N"}, {"120": "N"}, {"120": "N"}, {"120": "N"}, {"120": "N"}, {"120": "N"}, {"120": "N"}, {"111": "W"}, {"111": "S"}, {"111": "S"}, {"111": "S"}, {"111": "S"}, {"111": "S"}, {"111": "E"}, {"111": "S"}, {"111": "E"}, {"111": "S"}, {"111": "E"}, {"111": "S"}, {"111": "E"}, {"111": "E"}, {"111": "S"}, {"60": "W"}, {"60": "S"}, {"60": "S"}, {"60": "S"}, {"60": "S"}, {"60": "S"}, {"60": "S"}, {"60": "S"}, {"60": "E"}, {"60": "S"}, {"60": "E"}, {"60": "S"}, {"60": "E"}, {"60": "S"}, {"60": "E"}, {"60": "S"}, {"60": "S"}, {"60": "E"}, {"60": "E"}, {"41": "W"}, {"41": "S"}, {"41": "S"}, {"41": "S"}, {"41": "W"}, {"41": "W"}, {"41": "W"}, {"41": "W"}, {"41": "W"}, {"41": "W"}, {"41": "S"}, {"41": "S"}, {"41": "E"}, {"41": "S"}, {"41": "E"}, {"41": "S"}, {"41": "E"}, {"186": "S"}, {"186": "E"}, {"186": "E"}, {"186": "E"}, {"186": "E"}, {"186": "E"}, {"186": "E"}, {"186": "E"}, {"186": "E"}, {"186": "E"}, {"186": "E"}, {"186": "E"}, {"186": "E"}, {"186": "E"}, {"186": "E"}, {"186": "S"}, {"186": "S"}, {"186": "E"}, {"186": "S"}, {"186": "E"}, {"186": "E"}, {"186": "S"}, {"186": "E"}, {"186": "E"}, {"186": "S"}, {"186": "S"}, {"186": "E"}, {"186": "E"}, {"186": "S"}, {"186": "S"}, {"186": "E"}, {"186": "S"}, {"186": "S"}, {"186": "E"}, {"180": "E"}, {"180": "N"}, {"180": "N"}, {"180": "N"}, {"180": "N"}, {"180": "E"}, {"180": "E"}, {"180": "E"}, {"180": "E"}, {"180": "E"}, {"180": "N"}, {"180": "N"}, {"180": "N"}, {"180": "N"}, {"180": "N"}, {"180": "N"}, {"180": "N"}, {"180": "N"}, {"178": "N"}, {"178": "N"}, {"178": "N"}, {"178": "N"}, {"178": "N"}, {"178": "N"}, {"178": "N"}, {"178": "N"}, {"178": "N"}, {"178": "N"}, {"178": "N"}, {"178": "N"}, {"178": "N"}, {"178": "N"}, {"178": "N"}, {"178": "N"}, {"178": "N"}, {"178": "N"}, {"114": "S"}, {"114": "W"}, {"114": "W"}, {"114": "W"}, {"114": "W"}, {"114": "W"}, {"114": "W"}, {"114": "W"}, {"114": "W"}, {"114": "N"}, {"114": "N"}, {"114": "N"}, {"114": "N"}, {"114": "N"}, {"114": "N"}, {"114": "N"}, {"100": "E"}, {"100": "N"}, {"100": "N"}, {"100": "N"}, {"100": "E"}, {"100": "E"}, {"100": "E"}, {"100": "N"}, {"100": "N"}, {"100": "N"}, {"100": "N"}, {"100": "N"}, {"100": "N"}, {"100": "N"}, {"100": "N"}, {"100": "N"}, {"100": "N"}, {"91": "S"}, {"91": "E"}, {"91": "E"}, {"91": "S"}, {"91": "S"}, {"91": "E"}, {"91": "S"}, {"91": "S"}, {"91": "S"}, {"91": "E"}, {"91": "E"}, {"91": "E"}, {"91": "S"}, {"82": "W"}, {"82": "W"}, {"82": "W"}, {"82": "S"}, {"82": "W"}, {"82": "W"}, {"82": "W"}, {"82": "W"}, {"82": "W"}, {"82": "W"}, {"82": "W"}, {"82": "W"}, {"82": "W"}, {"82": "N"}, {"82": "N"}, {"82": "N"}, {"82": "N"}, {"82": "N"}, {"82": "N"}, {"82": "N"}, {"82": "N"}, {"82": "N"}, {"71": "S"}, {"71": "W"}, {"71": "W"}, {"71": "W"}, {"71": "W"}, {"71": "W"}, {"71": "W"}, {"71": "W"}, {"71": "S"}, {"71": "W"}, {"71": "W"}, {"71": "W"}, {"71": "W"}, {"71": "N"}, {"71": "N"}, {"71": "N"}, {"71": "N"}, {"29": "S"}, {"29": "E"}, {"29": "E"}, {"29": "E"}, {"29": "E"}, {"29": "E"}, {"29": "E"}, {"29": "E"}, {"29": "E"}, {"29": "E"}, {"29": "E"}, {"29": "N"}, {"29": "N"}, {"146": "W"}, {"146": "S"}, {"146": "S"}, {"146": "S"}, {"146": "S"}, {"146": "W"}, {"146": "W"}, {"146": "W"}, {"146": "W"}, {"146": "W"}, {"146": "W"}, {"146": "S"}, {"146": "S"}, {"146": "S"}, {"140": "N"}, {"140": "E"}, {"140": "E"}, {"140": "E"}, {"140": "E"}, {"140": "E"}, {"140": "E"}, {"140": "E"}, {"140": "E"}, {"140": "E"}, {"140": "E"}, {"140": "E"}, {"140": "E"}, {"140": "E"}, {"140": "E"}, {"140": "E"}, {"140": "E"}, {"140": "E"}, {"140": "E"}, {"140": "N"}, {"140": "N"}, {"140": "N"}, {"140": "N"}, {"116": "W"}, {"116": "N"}, {"116": "N"}, {"116": "N"}, {"116": "N"}, {"116": "W"}, {"116": "W"}, {"116": "W"}, {"116": "W"}, {"116": "W"}, {"116": "W"}, {"116": "W"}, {"116": "N"}, {"116": "N"}, {"116": "N"}, {"116": "N"}, {"116": "N"}, {"116": "N"}, {"116": "N"}, {"116": "N"}, {"116": "N"}, {"116": "N"}, {"116": "N"}, {"116": "N"}, {"116": "N"}, {"116": "N"}, {"116": "N"}, {"116": "N"}, {"116": "N"}, {"116": "N"}, {"116": "N"}, {"63": "N"}, {"63": "E"}, {"63": "E"}, {"63": "E"}, {"63": "E"}, {"63": "E"}, {"63": "E"}, {"63": "E"}, {"63": "E"}, {"63": "E"}, {"63": "E"}, {"63": "E"}, {"63": "E"}, {"63": "E"}, {"63": "N"}, {"63": "N"}, {"63": "N"}, {"63": "N"}, {"62": "S"}, {"62": "E"}, {"62": "E"}, {"62": "E"}, {"62": "E"}, {"62": "E"}, {"62": "E"}, {"62": "E"}, {"62": "E"}, {"62": "E"}, {"62": "E"}, {"62": "E"}, {"62": "E"}, {"62": "E"}, {"62": "E"}, {"46": "W"}, {"46": "S"}, {"46": "S"}, {"46": "E"}, {"46": "S"}, {"46": "S"}, {"46": "S"}, {"46": "E"}, {"46": "S"}, {"46": "E"}, {"46": "S"}, {"46": "E"}, {"46": "E"}, {"46": "S"}, {"46": "E"}, {"46": "S"}, {"46": "S"}, {"46": "E"}, {"46": "S"}, {"46": "E"}, {"46": "E"}, {"2": "E"}, {"2": "S"}, {"2": "S"}, {"2": "W"}, {"2": "W"}, {"2": "W"}, {"2": "W"}, {"2": "W"}, {"2": "W"}, {"2": "W"}, {"2": "W"}, {"2": "W"}, {"2": "W"}, {"2": "W"}, {"2": "S"}, {"2": "S"}, {"2": "S"}, {"2": "E"}, {"2": "S"}, {"2": "E"}, {"2": "S"}, {"2": "E"}, {"2": "E"}, {"189": "S"}, {"189": "E"}, {"189": "E"}, {"189": "E"}, {"189": "E"}, {"189": "E"}, {"189": "E"}, {"189": "E"}, {"189": "E"}, {"189": "E"}, {"189": "E"}, {"189": "E"}, {"189": "E"}, {"189": "E"}, {"189": "E"}, {"189": "E"}, {"189": "E"}, {"189": "E"}, {"189": "E"}, {"189": "E"}, {"189": "E"}, {"189": "N"}, {"189": "N"}, {"188": "W"}, {"188": "W"}, {"188": "S"}, {"188": "S"}, {"188": "S"}, {"188": "S"}, {"188": "E"}, {"188": "S"}, {"188": "S"}, {"188": "S"}, {"188": "E"}, {"188": "S"}, {"188": "E"}, {"188": "S"}, {"188": "E"}, {"188": "S"}, {"188": "E"}, {"188": "E"}, {"188": "S"}, {"188": "S"}, {"188": "E"}, {"167": "W"}, {"167": "S"}, {"167": "S"}, {"167": "W"}, {"167": "W"}, {"167": "W"}, {"167": "W"}, {"167": "W"}, {"167": "W"}, {"167": "W"}, {"167": "W"}, {"167": "S"}, {"167": "S"}, {"148": "N"}, {"148": "E"}, {"148": "E"}, {"148": "E"}, {"148": "E"}, {"148": "E"}, {"148": "E"}, {"148": "N"}, {"148": "N"}, {"148": "N"}, {"148": "N"}, {"148": "N"}, {"148": "N"}, {"148": "N"}, {"148": "N"}, {"148": "N"}, {"148": "N"}, {"148": "N"}, {"148": "N"}, {"148": "N"}, {"121": "W"}, {"121": "N"}, {"121": "N"}, {"121": "E"}, {"121": "E"}, {"121": "E"}, {"121": "E"}, {"121": "E"}, {"121": "E"}, {"121": "N"}, {"121": "N"}, {"121": "N"}, {"121": "N"}, {"121": "N"}, {"101": "S"}, {"101": "W"}, {"101": "W"}, {"101": "W"}, {"101": "W"}, {"101": "W"}, {"101": "W"}, {"101": "W"}, {"101": "W"}, {"101": "S"}, {"101": "W"}, {"101": "W"}, {"101": "W"}, {"101": "W"}, {"101": "W"}, {"101": "W"}, {"101": "W"}, {"101": "W"}, {"101": "W"}, {"101": "W"}, {"101": "N"}, {"101": "N"}, {"101": "N"}, {"101": "N"}, {"101": "N"}, {"101": "N"}, {"101": "N"}, {"101": "N"}, {"59": "S"}, {"59": "E"}, {"59": "E"}, {"59": "E"}, {"59": "E"}, {"59": "E"}, {"59": "E"}, {"59": "E"}, {"59": "E"}, {"59": "E"}, {"59": "E"}, {"59": "E"}, {"59": "E"}, {"59": "E"}, {"59": "N"}, {"59": "N"}, {"59": "N"}, {"59": "N"}, {"59": "N"}, {"59": "N"}, {"59": "N"}, {"42": "W"}, {"42": "W"}, {"42": "S"}, {"42": "S"}, {"42": "S"}, {"42": "S"}, {"42": "S"}, {"42": "W"}, {"42": "S"}, {"42": "S"}, {"42": "E"}, {"42": "S"}, {"42": "E"}, {"42": "E"}, {"42": "S"}, {"42": "S"}, {"42": "E"}, {"42": "E"}, {"10": "W"}, {"10": "S"}, {"10": "S"}, {"10": "S"}, {"10": "S"}, {"10": "S"}, {"10": "S"}, {"10": "S"}, {"10": "W"}, {"10": "W"}, {"10": "W"}, {"10": "W"}, {"10": "W"}, {"10": "W"}, {"10": "W"}, {"10": "S"}, {"10": "S"}, {"10": "E"}, {"10": "S"}, {"10": "E"}, {"10": "E"}, {"10": "S"}, {"10": "S"}, {"10": "E"}, {"10": "S"}, {"10": "E"}, {"10": "E"}, {"187": "S"}, {"187": "E"}, {"187": "E"}, {"187": "E"}, {"187": "E"}, {"187": "E"}, {"187": "E"}, {"187": "E"}, {"187": "E"}, {"187": "E"}, {"187": "E"}, {"187": "E"}, {"187": "E"}, {"187": "E"}, {"187": "E"}, {"187": "E"}, {"187": "E"}, {"187": "S"}, {"187": "E"}, {"187": "E"}, {"187": "S"}, {"187": "E"}, {"187": "S"}, {"177": "W"}, {"177": "S"}, {"177": "S"}, {"177": "S"}, {"177": "S"}, {"177": "S"}, {"177": "S"}, {"177": "W"}, {"177": "W"}, {"177": "W"}, {"177": "W"}, {"177": "W"}, {"177": "W"}, {"177": "W"}, {"177": "S"}, {"177": "S"}, {"177": "E"}, {"177": "S"}, {"177": "E"}, {"177": "E"}, {"177": "S"}, {"177": "S"}, {"177": "E"}, {"177": "S"}, {"177": "E"}, {"177": "S"}, {"177": "E"}, {"171": "S"}, {"171": "W"}, {"171": "W"}, {"171": "W"}, {"171": "W"}, {"171": "W"}, {"171": "W"}, {"171": "S"}, {"171": "W"}, {"171": "S"}, {"171": "S"}, {"171": "W"}, {"171": "W"}, {"171": "S"}, {"171": "W"}, {"171": "W"}, {"171": "W"}, {"171": "W"}, {"171": "W"}, {"171": "W"}, {"171": "W"}, {"171": "W"}, {"171": "W"}, {"171": "N"}, {"171": "N"}, {"171": "N"}, {"171": "N"}, {"171": "N"}, {"171": "N"}, {"170": "N"}, {"170": "W"}, {"170": "W"}, {"170": "W"}, {"170": "W"}, {"170": "W"}, {"170": "W"}, {"170": "N"}, {"170": "N"}, {"158": "W"}, {"158": "S"}, {"158": "S"}, {"158": "S"}, {"158": "S"}, {"158": "S"}, {"158": "S"}, {"158": "S"}, {"158": "S"}, {"158": "S"}, {"158": "S"}, {"158": "W"}, {"158": "S"}, {"158": "W"}, {"158": "W"}, {"158": "N"}, {"155": "S"}, {"155": "E"}, {"155": "E"}, {"155": "S"}, {"155": "E"}, {"155": "E"}, {"155": "E"}, {"155": "E"}, {"155": "E"}, {"155": "E"}, {"155": "E"}, {"155": "E"}, {"155": "E"}, {"155": "E"}, {"155": "E"}, {"155": "E"}, {"155": "E"}, {"155": "E"}, {"155": "E"}, {"155": "E"}, {"155": "E"}, {"155": "E"}, {"155": "E"}, {"155": "E"}, {"155": "E"}, {"155": "E"}, {"150": "S"}, {"150": "W"}, {"150": "W"}, {"150": "W"}, {"150": "N"}, {"150": "W"}, {"150": "W"}, {"150": "S"}, {"150": "W"}, {"150": "W"}, {"150": "N"}, {"150": "W"}, {"150": "W"}, {"150": "W"}, {"150": "N"}, {"141": "N"}, {"141": "E"}, {"141": "E"}, {"141": "E"}, {"141": "E"}, {"141": "E"}, {"141": "E"}, {"141": "E"}, {"141": "E"}, {"141": "E"}, {"141": "E"}, {"141": "E"}, {"141": "E"}, {"141": "E"}, {"141": "E"}, {"141": "E"}, {"141": "E"}, {"141": "E"}, {"141": "S"}, {"141": "E"}, {"128": "W"}, {"128": "N"}, {"128": "N"}, {"128": "E"}, {"128": "E"}, {"128": "N"}, {"128": "N"}, {"128": "N"}, {"128": "N"}, {"128": "N"}, {"128": "N"}, {"128": "N"}, {"128": "N"}, {"128": "N"}, {"128": "N"}, {"128": "N"}, {"89": "E"}, {"89": "S"}, {"89": "S"}, {"89": "S"}, {"89": "S"}, {"89": "S"}, {"89": "S"}, {"89": "W"}, {"89": "W"}, {"89": "W"}, {"89": "W"}, {"89": "W"}, {"89": "W"}, {"89": "W"}, {"89": "W"}, {"89": "W"}, {"89": "W"}, {"89": "S"}, {"77": "N"}, {"77": "E"}, {"77": "N"}, {"77": "E"}, {"77": "E"}, {"77": "E"}, {"77": "E"}, {"77": "E"}, {"77": "E"}, {"77": "E"}, {"77": "E"}, {"77": "E"}, {"77": "E"}, {"77": "E"}, {"77": "E"}, {"77": "E"}, {"73": "S"}, {"73": "E"}, {"73": "E"}, {"73": "E"}, {"73": "E"}, {"73": "E"}, {"73": "E"}, {"73": "E"}, {"73": "E"}, {"73": "E"}, {"73": "E"}, {"73": "E"}, {"73": "E"}, {"73": "E"}, {"73": "N"}, {"73": "N"}, {"73": "N"}, {"73": "N"}, {"73": "N"}, {"73": "N"}, {"73": "N"}, {"69": "N"}, {"69": "W"}, {"69": "W"}, {"69": "W"}, {"69": "N"}, {"69": "N"}, {"69": "N"}, {"69": "W"}, {"69": "N"}, {"69": "N"}, {"69": "W"}, {"69": "W"}, {"69": "N"}, {"69": "W"}, {"69": "N"}, {"69": "W"}, {"69": "W"}, {"69": "W"}, {"69": "W"}, {"69": "N"}, {"69": "W"}, {"69": "W"}, {"69": "W"}, {"69": "W"}, {"69": "W"}, {"69": "W"}, {"69": "W"}, {"69": "W"}, {"69": "W"}, {"69": "W"}, {"69": "W"}, {"69": "S"}, {"69": "S"}, {"69": "E"}, {"69": "E"}, {"20": "N"}, {"20": "E"}, {"20": "E"}, {"20": "E"}, {"20": "E"}, {"20": "E"}, {"20": "E"}, {"20": "E"}, {"20": "E"}, {"20": "E"}, {"20": "E"}, {"20": "E"}, {"20": "E"}, {"20": "E"}, {"198": "E"}, {"198": "S"}, {"198": "S"}, {"198": "S"}, {"198": "S"}, {"198": "S"}, {"198": "S"}, {"198": "S"}, {"198": "S"}, {"198": "E"}, {"198": "E"}, {"198": "E"}, {"198": "E"}, {"198": "E"}, {"198": "E"}, {"198": "E"}, {"198": "E"}, {"198": "E"}, {"198": "E"}, {"198": "E"}, {"198": "S"}, {"198": "S"}, {"198": "S"}, {"198": "S"}, {"198": "S"}, {"198": "S"}, {"198": "S"}, {"198": "W"}, {"198": "S"}, {"198": "S"}, {"198": "W"}, {"198": "S"}, {"198": "S"}, {"198": "W"}, {"198": "W"}, {"198": "S"}, {"198": "W"}, {"198": "W"}, {"198": "S"}, {"198": "S"}, {"198": "S"}, {"198": "E"}, {"197": "S"}, {"197": "E"}, {"197": "E"}, {"197": "E"}, {"197": "E"}, {"197": "E"}, {"197": "E"}, {"197": "S"}, {"197": "E"}, {"197": "E"}, {"197": "S"}, {"197": "S"}, {"197": "E"}, {"197": "S"}, {"197": "E"}, {"197": "S"}, {"197": "E"}, {"197": "S"}, {"197": "E"}, {"173": "N"}, {"173": "W"}, {"173": "W"}, {"173": "W"}, {"173": "W"}, {"173": "N"}, {"173": "W"}, {"173": "W"}, {"173": "S"}, {"173": "W"}, {"173": "W"}, {"173": "N"}, {"173": "W"}, {"173": "W"}, {"173": "W"}, {"173": "W"}, {"173": "W"}, {"173": "W"}, {"173": "W"}, {"173": "N"}, {"173": "N"}, {"173": "N"}, {"173": "N"}, {"112": "S"}, {"112": "E"}, {"112": "E"}, {"112": "E"}, {"112": "E"}, {"112": "E"}, {"112": "E"}, {"112": "E"}, {"112": "E"}, {"112": "E"}, {"112": "E"}, {"112": "E"}, {"112": "E"}, {"112": "E"}, {"112": "E"}, {"112": "E"}, {"112": "E"}, {"112": "E"}, {"112": "E"}, {"112": "E"}, {"112": "E"}, {"52": "N"}, {"52": "E"}, {"52": "E"}, {"52": "E"}, {"52": "E"}, {"52": "E"}, {"52": "E"}, {"52": "E"}, {"52": "E"}, {"52": "E"}, {"52": "E"}, {"52": "E"}, {"52": "E"}, {"52": "E"}, {"52": "E"}, {"52": "E"}, {"52": "N"}, {"52": "N"}, {"52": "N"}, {"52": "N"}, {"52": "N"}, {"52": "N"}, {"39": "N"}, {"39": "W"}, {"39": "W"}, {"39": "W"}, {"39": "W"}, {"39": "W"}, {"39": "W"}, {"39": "W"}, {"39": "W"}, {"39": "S"}, {"39": "W"}, {"39": "W"}, {"39": "S"}, {"39": "W"}, {"39": "W"}, {"39": "W"}, {"39": "W"}, {"39": "W"}, {"39": "W"}, {"39": "W"}, {"39": "W"}, {"39": "W"}, {"39": "W"}, {"39": "W"}, {"39": "N"}, {"39": "N"}, {"39": "N"}, {"39": "N"}, {"39": "N"}, {"39": "N"}, {"39": "N"}, {"39": "N"}, {"39": "N"}, {"39": "N"}, {"28": "S"}, {"28": "E"}, {"28": "E"}, {"28": "E"}, {"28": "E"}, {"28": "E"}, {"28": "E"}, {"28": "E"}, {"28": "E"}, {"28": "E"}, {"28": "E"}, {"28": "E"}, {"28": "N"}, {"28": "N"}, {"28": "N"}, {"28": "N"}, {"28": "N"}, {"28": "N"}, {"28": "N"}, {"28": "N"}, {"25": "E"}, {"25": "S"}, {"25": "S"}, {"25": "S"}, {"25": "S"}, {"25": "W"}, {"25": "W"}, {"25": "W"}, {"25": "W"}, {"25": "W"}, {"25": "W"}, {"25": "W"}, {"25": "W"}, {"25": "W"}, {"25": "W"}, {"25": "W"}, {"25": "S"}, {"25": "S"}, {"25": "E"}, {"25": "S"}, {"25": "S"}, {"25": "E"}, {"25": "E"}, {"25": "S"}, {"25": "S"}, {"25": "E"}, {"25": "S"}, {"25": "E"}, {"25": "E"}, {"25": "S"}, {"25": "S"}, {"25": "E"}, {"25": "S"}, {"25": "E"}, {"25": "E"}, {"15": "E"}, {"15": "S"}, {"15": "S"}, {"15": "W"}, {"15": "W"}, {"15": "W"}, {"15": "W"}, {"15": "W"}, {"15": "W"}, {"15": "W"}, {"15": "W"}, {"15": "S"}, {"15": "S"}, {"15": "E"}, {"15": "S"}, {"15": "S"}, {"15": "E"}, {"15": "E"}, {"15": "S"}, {"15": "S"}, {"15": "E"}, {"15": "S"}, {"15": "E"}, {"15": "E"}, {"147": "N"}, {"147": "E"}, {"147": "E"}, {"147": "E"}, {"147": "E"}, {"147": "E"}, {"147": "E"}, {"147": "E"}, {"147": "E"}, {"147": "E"}, {"147": "E"}, {"147": "E"}, {"147": "E"}, {"147": "E"}, {"147": "E"}, {"147": "S"}, {"147": "E"}, {"147": "S"}, {"147": "E"}, {"147": "S"}, {"147": "E"}, {"147": "E"}, {"147": "S"}, {"147": "E"}, {"147": "S"}, {"147": "E"}, {"147": "S"}, {"137": "E"}, {"137": "E"}, {"137": "E"}, {"137": "E"}, {"137": "E"}, {"137": "E"}, {"137": "E"}, {"137": "S"}, {"137": "S"}, {"137": "S"}, {"137": "S"}, {"137": "S"}, {"137": "S"}, {"137": "S"}, {"137": "S"}, {"137": "S"}, {"137": "S"}, {"137": "S"}, {"137": "S"}, {"137": "W"}, {"137": "S"}, {"137": "S"}, {"137": "W"}, {"137": "S"}, {"137": "S"}, {"137": "W"}, {"137": "W"}, {"137": "S"}, {"137": "W"}, {"137": "W"}, {"137": "S"}, {"137": "W"}, {"137": "W"}, {"135": "E"}, {"135": "E"}, {"135": "E"}, {"135": "E"}, {"135": "S"}, {"135": "E"}, {"135": "E"}, {"135": "S"}, {"135": "S"}, {"135": "E"}, {"135": "S"}, {"135": "E"}, {"135": "S"}, {"135": "E"}, {"135": "S"}, {"135": "E"}, {"135": "S"}, {"135": "E"}, {"135": "S"}, {"135": "E"}, {"135": "E"}, {"135": "S"}, {"98": "N"}, {"98": "E"}, {"98": "E"}, {"98": "E"}, {"98": "E"}, {"98": "E"}, {"98": "E"}, {"98": "E"}, {"98": "E"}, {"98": "E"}, {"98": "E"}, {"98": "S"}, {"98": "E"}, {"98": "S"}, {"98": "E"}, {"96": "E"}, {"96": "N"}, {"96": "N"}, {"96": "N"}, {"96": "N"}, {"96": "W"}, {"96": "W"}, {"96": "W"}, {"96": "W"}, {"96": "W"}, {"96": "N"}, {"96": "N"}, {"96": "N"}, {"96": "N"}, {"96": "N"}, {"96": "N"}, {"96": "N"}, {"96": "N"}, {"96": "N"}, {"96": "N"}, {"96": "N"}, {"96": "N"}, {"96": "N"}, {"96": "N"}, {"96": "N"}, {"96": "N"}, {"81": "E"}, {"81": "S"}, {"81": "S"}, {"81": "S"}, {"81": "S"}, {"81": "S"}, {"81": "W"}, {"81": "W"}, {"81": "W"}, {"81": "W"}, {"81": "W"}, {"81": "W"}, {"81": "W"}, {"81": "W"}, {"81": "W"}, {"81": "W"}, {"81": "W"}, {"81": "S"}, {"81": "S"}, {"81": "E"}, {"81": "S"}, {"81": "S"}, {"81": "E"}, {"81": "S"}, {"81": "S"}, {"81": "E"}, {"81": "E"}, {"81": "S"}, {"81": "S"}, {"81": "E"}, {"81": "E"}, {"66": "S"}, {"66": "E"}, {"66": "E"}, {"66": "E"}, {"66": "E"}, {"66": "E"}, {"66": "E"}, {"66": "E"}, {"66": "E"}, {"66": "E"}, {"66": "E"}, {"66": "E"}, {"66": "E"}, {"66": "E"}, {"66": "E"}, {"66": "N"}, {"66": "N"}, {"66": "N"}, {"66": "N"}, {"66": "N"}, {"61": "N"}, {"61": "E"}, {"61": "E"}, {"61": "E"}, {"61": "E"}, {"61": "E"}, {"61": "E"}, {"61": "E"}, {"61": "E"}, {"61": "E"}, {"61": "E"}, {"61": "N"}, {"61": "N"}, {"61": "N"}, {"61": "N"}, {"61": "N"}, {"61": "N"}, {"61": "N"}, {"45": "E"}, {"45": "N"}, {"45": "N"}, {"45": "N"}, {"45": "N"}, {"45": "N"}, {"45": "E"}, {"45": "N"}, {"45": "N"}, {"45": "N"}, {"45": "N"}, {"45": "N"}, {"45": "N"}, {"45": "N"}, {"45": "N"}, {"45": "N"}, {"45": "N"}, {"21": "S"}, {"21": "E"}, {"21": "E"}, {"21": "E"}, {"21": "E"}, {"21": "E"}, {"21": "E"}, {"21": "E"}, {"21": "E"}, {"21": "E"}, {"21": "E"}, {"21": "E"}, {"21": "E"}, {"21": "N"}, {"21": "N"}, {"21": "N"}, {"21": "N"}, {"21": "N"}, {"21": "N"}, {"21": "N"}, {"21": "N"}, {"17": "E"}, {"17": "E"}, {"17": "E"}, {"17": "E"}, {"17": "E"}, {"17": "E"}, {"17": "E"}, {"17": "E"}, {"17": "E"}, {"17": "E"}, {"17": "N"}, {"17": "N"}, {"17": "N"}, {"17": "N"}, {"195": "N"}, {"195": "W"}, {"195": "W"}, {"195": "W"}, {"195": "S"}, {"195": "S"}, {"195": "W"}, {"195": "S"}, {"195": "W"}, {"195": "W"}, {"195": "W"}, {"195": "W"}, {"195": "W"}, {"195": "W"}, {"195": "W"}, {"195": "W"}, {"195": "W"}, {"195": "W"}, {"195": "W"}, {"195": "W"}, {"195": "W"}, {"195": "W"}, {"195": "N"}, {"195": "N"}, {"195": "N"}, {"195": "N"}, {"195": "N"}, {"195": "N"}, {"195": "N"}, {"195": "N"}, {"195": "N"}, {"195": "N"}, {"194": "S"}, {"194": "W"}, {"194": "W"}, {"194": "W"}, {"194": "W"}, {"194": "W"}, {"194": "W"}, {"194": "W"}, {"194": "W"}, {"194": "W"}, {"194": "W"}, {"194": "W"}, {"194": "W"}, {"194": "W"}, {"194": "S"}, {"194": "S"}, {"194": "S"}, {"194": "S"}, {"194": "E"}, {"194": "S"}, {"194": "E"}, {"194": "S"}, {"194": "E"}, {"194": "S"}, {"194": "S"}, {"194": "E"}, {"194": "E"}, {"194": "S"}, {"194": "E"}, {"182": "W"}, {"182": "N"}, {"182": "N"}, {"182": "N"}, {"182": "N"}, {"182": "N"}, {"182": "W"}, {"182": "W"}, {"182": "W"}, {"182": "W"}, {"182": "N"}, {"182": "N"}, {"182": "N"}, {"182": "N"}, {"182": "N"}, {"182": "N"}, {"182": "N"}, {"182": "N"}, {"182": "N"}, {"182": "N"}, {"182": "N"}, {"174": "E"}, {"174": "N"}, {"174": "N"}, {"174": "E"}, {"174": "E"}, {"174": "E"}, {"174": "E"}, {"174": "E"}, {"174": "E"}, {"174": "E"}, {"174": "E"}, {"174": "N"}, {"174": "N"}, {"174": "N"}, {"174": "N"}, {"174": "N"}, {"161": "N"}, {"161": "E"}, {"161": "E"}, {"161": "E"}, {"161": "E"}, {"161": "E"}, {"161": "N"}, {"161": "N"}, {"161": "N"}, {"161": "N"}, {"159": "S"}, {"159": "S"}, {"159": "S"}, {"159": "S"}, {"159": "S"}, {"159": "S"}, {"159": "E"}, {"159": "E"}, {"159": "S"}, {"159": "E"}, {"99": "W"}, {"99": "S"}, {"99": "S"}, {"99": "S"}, {"99": "S"}, {"99": "S"}, {"99": "S"}, {"99": "S"}, {"99": "W"}, {"99": "S"}, {"99": "W"}, {"99": "W"}, {"99": "W"}, {"99": "W"}, {"99": "W"}, {"99": "W"}, {"99": "W"}, {"99": "W"}, {"99": "W"}, {"99": "W"}, {"99": "N"}, {"99": "N"}, {"99": "N"}, {"99": "N"}, {"99": "N"}, {"99": "N"}, {"84": "E"}, {"84": "E"}, {"84": "E"}, {"84": "S"}, {"84": "E"}, {"84": "E"}, {"84": "S"}, {"84": "S"}, {"84": "E"}, {"84": "S"}, {"84": "E"}, {"84": "E"}, {"51": "E"}, {"51": "S"}, {"51": "S"}, {"51": "S"}, {"51": "S"}, {"51": "S"}, {"51": "W"}, {"51": "W"}, {"51": "W"}, {"51": "W"}, {"51": "W"}, {"51": "W"}, {"51": "W"}, {"51": "W"}, {"51": "S"}, {"51": "S"}, {"51": "S"}, {"51": "S"}, {"51": "S"}, {"51": "E"}, {"51": "E"}, {"44": "N"}, {"44": "N"}, {"44": "W"}, {"44": "W"}, {"44": "W"}, {"44": "W"}, {"44": "W"}, {"44": "W"}, {"44": "W"}, {"44": "N"}, {"44": "N"}, {"44": "N"}, {"44": "W"}, {"44": "N"}, {"44": "N"}, {"44": "W"}, {"44": "W"}, {"44": "N"}, {"44": "W"}, {"44": "N"}, {"44": "W"}, {"44": "W"}, {"44": "W"}, {"44": "W"}, {"44": "N"}, {"44": "W"}, {"44": "W"}, {"44": "W"}, {"44": "W"}, {"44": "W"}, {"44": "W"}, {"44": "W"}, {"44": "W"}, {"44": "W"}, {"44": "W"}, {"44": "W"}, {"44": "S"}, {"44": "S"}, {"44": "S"}, {"30": "S"}, {"30": "E"}, {"30": "E"}, {"30": "E"}, {"30": "E"}, {"30": "N"}, {"30": "N"}, {"30": "N"}, {"30": "N"}, {"30": "N"}, {"30": "N"}, {"30": "N"}, {"30": "N"}, {"30": "N"}, {"199": "E"}, {"199": "S"}, {"199": "S"}, {"199": "S"}, {"199": "E"}, {"199": "E"}, {"199": "E"}, {"199": "E"}, {"199": "E"}, {"199": "E"}, {"199": "E"}, {"199": "E"}, {"199": "S"}, {"199": "S"}, {"199": "S"}, {"199": "S"}, {"199": "S"}, {"199": "S"}, {"199": "S"}, {"199": "S"}, {"199": "S"}, {"199": "S"}, {"199": "S"}, {"199": "S"}, {"199": "S"}, {"199": "S"}, {"199": "S"}, {"199": "S"}, {"199": "W"}, {"199": "S"}, {"199": "W"}, {"199": "W"}, {"199": "W"}, {"199": "W"}, {"199": "W"}, {"192": "E"}, {"192": "N"}, {"192": "N"}, {"192": "N"}, {"192": "W"}, {"192": "W"}, {"192": "W"}, {"192": "W"}, {"192": "W"}, {"192": "W"}, {"192": "W"}, {"192": "W"}, {"192": "W"}, {"192": "W"}, {"192": "W"}, {"192": "W"}, {"192": "W"}, {"192": "N"}, {"192": "N"}, {"192": "N"}, {"192": "N"}, {"192": "N"}, {"192": "N"}, {"192": "N"}, {"192": "N"}, {"192": "N"}, {"192": "N"}, {"192": "N"}, {"192": "N"}, {"192": "N"}, {"192": "N"}, {"192": "N"}, {"192": "N"}, {"183": "S"}, {"183": "W"}, {"183": "W"}, {"183": "W"}, {"183": "W"}, {"183": "W"}, {"183": "W"}, {"183": "W"}, {"183": "W"}, {"183": "S"}, {"183": "W"}, {"183": "W"}, {"183": "W"}, {"183": "W"}, {"183": "W"}, {"183": "W"}, {"183": "W"}, {"183": "W"}, {"183": "W"}, {"183": "W"}, {"183": "W"}, {"183": "W"}, {"183": "W"}, {"183": "W"}, {"183": "N"}, {"183": "N"}, {"183": "N"}, {"183": "N"}, {"183": "N"}, {"183": "N"}, {"183": "N"}, {"183": "N"}, {"183": "N"}, {"183": "N"}, {"183": "N"}, {"183": "N"}, {"183": "N"}, {"183": "N"}, {"176": "E"}, {"176": "E"}, {"176": "E"}, {"176": "E"}, {"176": "S"}, {"176": "S"}, {"176": "S"}, {"176": "S"}, {"176": "S"}, {"176": "S"}, {"176": "S"}, {"176": "S"}, {"176": "S"}, {"176": "S"}, {"176": "S"}, {"176": "S"}, {"176": "S"}, {"176": "S"}, {"176": "S"}, {"176": "S"}, {"176": "S"}, {"176": "W"}, {"176": "S"}, {"176": "W"}, {"176": "W"}, {"176": "W"}, {"176": "W"}, {"176": "S"}, {"176": "W"}, {"176": "W"}, {"176": "N"}, {"176": "N"}, {"165": "E"}, {"165": "S"}, {"165": "S"}, {"165": "S"}, {"165": "W"}, {"165": "W"}, {"165": "W"}, {"165": "W"}, {"165": "W"}, {"165": "W"}, {"165": "W"}, {"165": "W"}, {"165": "W"}, {"165": "W"}, {"165": "S"}, {"165": "S"}, {"165": "S"}, {"165": "E"}, {"165": "S"}, {"165": "S"}, {"165": "E"}, {"165": "S"}, {"165": "E"}, {"165": "E"}, {"165": "S"}, {"165": "E"}, {"165": "S"}, {"165": "E"}, {"165": "S"}, {"165": "E"}, {"165": "S"}, {"165": "E"}, {"165": "S"}, {"165": "E"}, {"165": "S"}, {"165": "E"}, {"165": "E"}, {"165": "S"}, {"157": "E"}, {"157": "E"}, {"157": "E"}, {"157": "E"}, {"157": "E"}, {"157": "E"}, {"157": "E"}, {"157": "S"}, {"157": "S"}, {"157": "S"}, {"157": "S"}, {"157": "S"}, {"157": "S"}, {"157": "S"}, {"157": "S"}, {"157": "S"}, {"157": "S"}, {"157": "S"}, {"157": "S"}, {"157": "S"}, {"157": "S"}, {"157": "S"}, {"157": "S"}, {"157": "S"}, {"157": "S"}, {"157": "S"}, {"157": "S"}, {"157": "S"}, {"157": "S"}, {"157": "S"}, {"157": "W"}, {"157": "S"}, {"157": "W"}, {"157": "W"}, {"157": "S"}, {"157": "S"}, {"157": "S"}, {"127": "N"}, {"127": "W"}, {"127": "W"}, {"127": "W"}, {"127": "S"}, {"127": "S"}, {"127": "S"}, {"127": "S"}, {"127": "S"}, {"127": "S"}, {"127": "S"}, {"127": "S"}, {"127": "S"}, {"127": "S"}, {"127": "S"}, {"127": "W"}, {"127": "S"}, {"127": "W"}, {"127": "W"}, {"127": "W"}, {"127": "W"}, {"127": "S"}, {"127": "W"}, {"127": "W"}, {"127": "W"}, {"127": "W"}, {"127": "N"}, {"127": "N"}, {"127": "N"}, {"127": "N"}, {"93": "E"}, {"93": "E"}, {"93": "E"}, {"93": "E"}, {"93": "E"}, {"93": "N"}, {"93": "N"}, {"93": "N"}, {"93": "N"}, {"93": "N"}, {"93": "N"}, {"68": "N"}, {"68": "E"}, {"68": "E"}, {"68": "E"}, {"68": "E"}, {"68": "E"}, {"68": "E"}, {"68": "S"}, {"68": "E"}, {"68": "S"}, {"68": "E"}, {"68": "E"}, {"68": "S"}, {"68": "E"}, {"68": "S"}, {"68": "E"}, {"68": "S"}, {"68": "E"}, {"12": "N"}, {"12": "E"}, {"12": "E"}, {"12": "E"}, {"12": "E"}, {"12": "E"}, {"12": "E"}, {"12": "E"}, {"12": "E"}, {"12": "E"}, {"12": "E"}, {"12": "N"}, {"12": "N"}, {"12": "N"}, {"12": "N"}, {"0": "S"}, {"0": "E"}, {"0": "E"}, {"0": "E"}, {"0": "E"}, {"0": "E"}, {"0": "E"}, {"0": "E"}, {"0": "E"}, {"0": "E"}, {"0": "E"}, {"0": "N"}, {"0": "N"}, {"0": "N"}, {"181": "S"}, {"181": "E"}, {"181": "E"}, {"181": "E"}, {"181": "E"}, {"181": "E"}, {"181": "E"}, {"181": "E"}, {"181": "E"}, {"181": "E"}, {"181": "E"}, {"181": "E"}, {"181": "E"}, {"181": "E"}, {"181": "S"}, {"181": "E"}, {"181": "E"}, {"181": "S"}, {"181": "S"}, {"181": "E"}, {"181": "S"}, {"181": "E"}, {"181": "E"}, {"181": "E"}, {"181": "S"}, {"181": "S"}, {"168": "S"}, {"168": "E"}, {"168": "E"}, {"168": "E"}, {"168": "E"}, {"168": "E"}, {"168": "E"}, {"168": "E"}, {"168": "E"}, {"168": "E"}, {"168": "E"}, {"168": "E"}, {"168": "E"}, {"168": "E"}, {"168": "E"}, {"168": "E"}, {"168": "S"}, {"168": "E"}, {"168": "E"}, {"168": "S"}, {"168": "S"}, {"168": "E"}, {"168": "E"}, {"168": "S"}, {"168": "E"}, {"168": "S"}, {"168": "S"}, {"168": "E"}, {"166": "N"}, {"166": "W"}, {"166": "W"}, {"166": "S"}, {"166": "S"}, {"166": "S"}, {"166": "S"}, {"166": "S"}, {"166": "S"}, {"166": "S"}, {"166": "S"}, {"166": "W"}, {"166": "S"}, {"166": "W"}, {"166": "W"}, {"166": "W"}, {"166": "W"}, {"166": "S"}, {"166": "W"}, {"166": "W"}, {"166": "W"}, {"166": "W"}, {"166": "W"}, {"166": "W"}, {"166": "W"}, {"166": "W"}, {"166": "N"}, {"166": "N"}, {"166": "N"}, {"166": "N"}, {"166": "N"}, {"166": "N"}, {"166": "N"}, {"125": "W"}, {"125": "S"}, {"125": "S"}, {"125": "S"}, {"125": "S"}, {"125": "S"}, {"125": "S"}, {"125": "S"}, {"125": "S"}, {"125": "W"}, {"125": "W"}, {"125": "W"}, {"125": "W"}, {"125": "W"}, {"125": "W"}, {"125": "W"}, {"125": "W"}, {"125": "W"}, {"125": "W"}, {"125": "S"}, {"125": "S"}, {"125": "S"}, {"125": "E"}, {"125": "S"}, {"125": "S"}, {"125": "E"}, {"125": "S"}, {"125": "E"}, {"122": "N"}, {"122": "W"}, {"122": "W"}, {"122": "S"}, {"122": "S"}, {"122": "W"}, {"122": "S"}, {"122": "W"}, {"122": "W"}, {"122": "W"}, {"122": "W"}, {"122": "S"}, {"122": "W"}, {"122": "W"}, {"122": "W"}, {"122": "W"}, {"122": "N"}, {"122": "N"}, {"122": "N"}, {"118": "N"}, {"118": "W"}, {"118": "W"}, {"118": "W"}, {"118": "S"}, {"118": "S"}, {"118": "S"}, {"118": "S"}, {"118": "S"}, {"118": "W"}, {"118": "S"}, {"118": "W"}, {"118": "W"}, {"118": "W"}, {"118": "W"}, {"118": "S"}, {"118": "W"}, {"118": "W"}, {"118": "N"}, {"115": "W"}, {"115": "N"}, {"115": "N"}, {"115": "N"}, {"115": "W"}, {"115": "W"}, {"115": "W"}, {"115": "W"}, {"115": "W"}, {"115": "W"}, {"115": "W"}, {"115": "W"}, {"115": "W"}, {"115": "W"}, {"115": "W"}, {"115": "N"}, {"115": "N"}, {"115": "N"}, {"115": "N"}, {"115": "N"}, {"115": "N"}, {"115": "N"}, {"115": "N"}, {"115": "N"}, {"115": "N"}, {"115": "N"}, {"115": "N"}, {"115": "N"}, {"115": "N"}, {"115": "N"}, {"115": "N"}, {"74": "W"}, {"74": "W"}, {"74": "W"}, {"74": "W"}, {"74": "W"}, {"74": "W"}, {"74": "W"}, {"74": "W"}, {"74": "W"}, {"74": "S"}, {"74": "S"}, {"74": "S"}, {"74": "S"}, {"74": "S"}, {"74": "S"}, {"74": "S"}, {"74": "S"}, {"74": "S"}, {"74": "S"}, {"74": "E"}, {"74": "S"}, {"74": "S"}, {"74": "S"}, {"74": "E"}, {"74": "S"}, {"74": "E"}, {"74": "E"}, {"74": "S"}, {"74": "E"}, {"74": "S"}, {"74": "E"}, {"74": "E"}, {"74": "S"}, {"56": "S"}, {"56": "E"}, {"56": "E"}, {"56": "E"}, {"56": "E"}, {"56": "E"}, {"56": "E"}, {"56": "E"}, {"56": "E"}, {"56": "E"}, {"56": "E"}, {"56": "S"}, {"56": "E"}, {"23": "N"}, {"23": "E"}, {"23": "E"}, {"23": "E"}, {"23": "E"}, {"23": "E"}, {"23": "E"}, {"23": "E"}, {"23": "E"}, {"23": "E"}, {"23": "E"}, {"23": "E"}, {"23": "E"}, {"23": "N"}, {"23": "N"}, {"23": "N"}, {"11": "N"}, {"11": "E"}, {"11": "E"}, {"11": "E"}, {"11": "E"}, {"11": "E"}, {"11": "E"}, {"11": "E"}, {"11": "E"}, {"11": "E"}, {"11": "E"}, {"11": "E"}, {"11": "E"}, {"11": "E"}, {"11": "N"}, {"149": "E"}, {"149": "S"}, {"149": "S"}, {"149": "E"}, {"149": "S"}, {"149": "S"}, {"149": "S"}, {"149": "E"}, {"149": "S"}, {"149": "E"}, {"149": "S"}, {"149": "E"}, {"149": "S"}, {"149": "E"}, {"149": "S"}, {"149": "E"}, {"149": "S"}, {"149": "E"}, {"149": "S"}, {"149": "E"}, {"149": "E"}, {"149": "S"}, {"113": "N"}, {"113": "E"}, {"113": "E"}, {"113": "S"}, {"113": "E"}, {"113": "S"}, {"113": "S"}, {"113": "S"}, {"113": "E"}, {"113": "S"}, {"113": "E"}, {"113": "S"}, {"113": "E"}, {"113": "S"}, {"113": "E"}, {"113": "S"}, {"113": "E"}, {"113": "S"}, {"113": "E"}, {"113": "S"}, {"113": "E"}, {"113": "E"}, {"113": "E"}, {"113": "S"}, {"113": "S"}, {"113": "S"}, {"113": "E"}, {"75": "S"}, {"75": "W"}, {"75": "W"}, {"75": "W"}, {"75": "W"}, {"75": "W"}, {"75": "W"}, {"75": "W"}, {"75": "W"}, {"75": "W"}, {"75": "W"}, {"75": "W"}, {"75": "W"}, {"75": "S"}, {"75": "S"}, {"75": "S"}, {"75": "E"}, {"75": "S"}, {"75": "S"}, {"75": "S"}, {"75": "E"}, {"75": "S"}, {"75": "E"}, {"64": "N"}, {"64": "W"}, {"64": "W"}, {"64": "W"}, {"64": "W"}, {"64": "W"}, {"64": "S"}, {"64": "S"}, {"64": "S"}, {"64": "S"}, {"64": "S"}, {"64": "S"}, {"64": "S"}, {"64": "S"}, {"64": "W"}, {"64": "S"}, {"64": "W"}, {"64": "W"}, {"64": "W"}, {"64": "W"}, {"64": "S"}, {"64": "W"}, {"64": "W"}, {"64": "W"}, {"64": "W"}, {"64": "W"}, {"64": "W"}, {"64": "W"}, {"64": "W"}, {"64": "W"}, {"64": "W"}, {"64": "W"}, {"64": "W"}, {"64": "N"}, {"64": "N"}, {"64": "N"}, {"64": "N"}, {"64": "N"}, {"64": "N"}, {"64": "N"}, {"64": "N"}, {"64": "N"}, {"64": "N"}, {"38": "W"}, {"38": "S"}, {"38": "S"}, {"38": "S"}, {"38": "S"}, {"38": "S"}, {"38": "S"}, {"38": "W"}, {"38": "S"}, {"38": "W"}, {"38": "W"}, {"38": "W"}, {"38": "W"}, {"38": "S"}, {"38": "W"}, {"38": "W"}, {"38": "W"}, {"38": "W"}, {"38": "W"}, {"38": "W"}, {"38": "W"}, {"38": "W"}, {"38": "W"}, {"38": "W"}, {"38": "W"}, {"38": "N"}, {"38": "N"}, {"38": "N"}, {"38": "N"}, {"38": "N"}, {"38": "N"}, {"38": "N"}, {"38": "N"}, {"38": "N"}, {"24": "W"}, {"24": "S"}, {"24": "S"}, {"24": "S"}, {"24": "S"}, {"24": "S"}, {"24": "S"}, {"24": "S"}, {"24": "S"}, {"24": "S"}, {"24": "W"}, {"24": "W"}, {"24": "W"}, {"24": "W"}, {"24": "W"}, {"24": "W"}, {"24": "W"}, {"24": "W"}, {"24": "W"}, {"24": "W"}, {"24": "S"}, {"24": "S"}, {"24": "S"}, {"24": "E"}, {"24": "S"}, {"24": "S"}, {"24": "S"}, {"24": "E"}, {"24": "S"}, {"24": "S"}, {"24": "E"}, {"24": "S"}, {"24": "E"}, {"24": "S"}, {"24": "E"}, {"24": "E"}, {"24": "S"}, {"24": "E"}, {"24": "S"}, {"24": "E"}, {"24": "E"}, {"24": "E"}, {"24": "S"}, {"24": "S"}, {"22": "S"}, {"22": "E"}, {"22": "E"}, {"22": "E"}, {"22": "E"}, {"22": "E"}, {"22": "E"}, {"22": "E"}, {"22": "S"}, {"22": "E"}, {"22": "S"}, {"22": "E"}, {"22": "E"}, {"19": "S"}, {"19": "W"}, {"19": "W"}, {"19": "W"}, {"19": "W"}, {"19": "W"}, {"19": "W"}, {"19": "S"}, {"19": "S"}, {"19": "S"}, {"19": "E"}, {"19": "S"}, {"19": "S"}, {"19": "S"}, {"19": "E"}, {"175": "E"}, {"175": "N"}, {"175": "N"}, {"175": "N"}, {"175": "N"}, {"175": "E"}, {"175": "N"}, {"175": "N"}, {"175": "N"}, {"175": "N"}, {"175": "N"}, {"175": "N"}, {"175": "N"}, {"175": "N"}, {"156": "E"}, {"156": "N"}, {"156": "N"}, {"156": "N"}, {"156": "N"}, {"156": "N"}, {"156": "W"}, {"156": "W"}, {"156": "W"}, {"156": "W"}, {"156": "W"}, {"156": "W"}, {"156": "W"}, {"156": "W"}, {"156": "W"}, {"156": "W"}, {"156": "N"}, {"156": "N"}, {"156": "N"}, {"156": "N"}, {"156": "N"}, {"156": "N"}, {"156": "N"}, {"156": "N"}, {"156": "N"}, {"156": "N"}, {"156": "N"}, {"156": "N"}, {"156": "N"}, {"154": "W"}, {"154": "N"}, {"154": "N"}, {"154": "N"}, {"154": "W"}, {"154": "W"}, {"154": "W"}, {"154": "W"}, {"154": "W"}, {"154": "W"}, {"154": "W"}, {"154": "W"}, {"154": "W"}, {"154": "N"}, {"154": "N"}, {"154": "N"}, {"154": "N"}, {"154": "N"}, {"154": "N"}, {"154": "N"}, {"154": "N"}, {"154": "N"}, {"154": "N"}, {"154": "N"}, {"154": "N"}, {"154": "N"}, {"154": "N"}, {"154": "N"}, {"136": "E"}, {"136": "N"}, {"136": "N"}, {"136": "N"}, {"136": "N"}, {"136": "W"}, {"136": "W"}, {"136": "W"}, {"136": "N"}, {"136": "N"}, {"136": "N"}, {"126": "S"}, {"126": "W"}, {"126": "W"}, {"126": "W"}, {"126": "S"}, {"126": "S"}, {"126": "S"}, {"126": "S"}, {"126": "S"}, {"126": "S"}, {"126": "S"}, {"126": "E"}, {"126": "E"}, {"126": "S"}, {"126": "S"}, {"126": "E"}, {"126": "E"}, {"126": "S"}, {"126": "E"}, {"126": "S"}, {"126": "E"}, {"126": "E"}, {"126": "S"}, {"123": "E"}, {"123": "N"}, {"123": "E"}, {"123": "N"}, {"123": "N"}, {"109": "E"}, {"109": "E"}, {"109": "N"}, {"109": "E"}, {"109": "E"}, {"109": "E"}, {"109": "E"}, {"109": "N"}, {"109": "N"}, {"109": "N"}, {"109": "N"}, {"109": "N"}, {"109": "N"}, {"109": "N"}, {"35": "S"}, {"35": "W"}, {"35": "W"}, {"35": "S"}, {"35": "S"}, {"35": "S"}, {"35": "S"}, {"35": "S"}, {"35": "W"}, {"35": "S"}, {"35": "W"}, {"35": "W"}, {"35": "W"}, {"35": "W"}, {"35": "S"}, {"35": "W"}, {"35": "S"}, {"35": "S"}, {"35": "W"}, {"35": "W"}, {"35": "W"}, {"35": "W"}, {"35": "W"}, {"35": "W"}, {"35": "W"}, {"35": "W"}, {"35": "W"}, {"35": "W"}, {"35": "W"}, {"35": "N"}, {"35": "N"}, {"35": "N"}, {"35": "N"}, {"35": "N"}, {"35": "N"}, {"35": "N"}, {"35": "N"}, {"35": "N"}, {"35": "N"}, {"35": "N"}, {"33": "N"}, {"33": "E"}, {"33": "E"}, {"33": "E"}, {"33": "S"}, {"33": "S"}, {"33": "E"}, {"33": "E"}, {"31": "W"}, {"31": "S"}, {"31": "S"}, {"31": "W"}, {"31": "W"}, {"31": "W"}, {"31": "W"}, {"31": "W"}, {"31": "W"}, {"31": "W"}, {"31": "W"}, {"31": "W"}, {"31": "W"}, {"31": "S"}, {"31": "S"}, {"31": "S"}, {"31": "S"}, {"31": "S"}, {"31": "S"}, {"31": "S"}, {"31": "E"}, {"31": "S"}, {"31": "E"}, {"31": "S"}, {"31": "E"}, {"31": "S"}, {"31": "E"}, {"31": "E"}, {"190": "W"}, {"190": "N"}, {"190": "N"}, {"190": "N"}, {"190": "N"}, {"190": "N"}, {"190": "W"}, {"190": "W"}, {"190": "N"}, {"190": "N"}, {"190": "N"}, {"190": "N"}, {"190": "N"}, {"190": "N"}, {"190": "N"}, {"133": "S"}, {"133": "W"}, {"133": "W"}, {"133": "S"}, {"133": "S"}, {"133": "S"}, {"133": "S"}, {"133": "S"}, {"133": "S"}, {"133": "S"}, {"133": "S"}, {"133": "W"}, {"133": "S"}, {"133": "W"}, {"133": "W"}, {"133": "W"}, {"133": "W"}, {"133": "S"}, {"133": "W"}, {"133": "S"}, {"133": "S"}, {"133": "W"}, {"133": "W"}, {"133": "W"}, {"133": "W"}, {"133": "W"}, {"133": "W"}, {"133": "N"}, {"133": "N"}, {"133": "N"}, {"133": "N"}, {"133": "N"}, {"131": "E"}, {"131": "N"}, {"131": "N"}, {"131": "W"}, {"131": "W"}, {"131": "W"}, {"131": "W"}, {"131": "W"}, {"131": "W"}, {"131": "N"}, {"131": "N"}, {"131": "N"}, {"131": "N"}, {"131": "N"}, {"131": "N"}, {"131": "N"}, {"131": "N"}, {"108": "W"}, {"108": "N"}, {"108": "W"}, {"108": "W"}, {"108": "W"}, {"108": "N"}, {"108": "N"}, {"108": "N"}, {"108": "N"}, {"108": "N"}, {"107": "N"}, {"107": "E"}, {"107": "E"}, {"107": "E"}, {"107": "E"}, {"107": "E"}, {"107": "N"}, {"107": "N"}, {"107": "N"}, {"107": "N"}, {"107": "N"}, {"107": "N"}, {"107": "N"}, {"87": "W"}, {"87": "N"}, {"87": "W"}, {"87": "W"}, {"87": "W"}, {"87": "W"}, {"87": "W"}, {"87": "N"}, {"87": "N"}, {"87": "N"}, {"87": "N"}, {"87": "N"}, {"87": "N"}, {"87": "N"}, {"87": "N"}, {"87": "N"}, {"87": "N"}, {"87": "N"}, {"87": "N"}, {"87": "N"}, {"86": "W"}, {"86": "W"}, {"86": "W"}, {"86": "W"}, {"86": "W"}, {"86": "W"}, {"86": "W"}, {"86": "W"}, {"86": "W"}, {"86": "S"}, {"86": "S"}, {"86": "S"}, {"86": "S"}, {"86": "S"}, {"86": "S"}, {"86": "S"}, {"86": "S"}, {"86": "S"}, {"86": "S"}, {"86": "S"}, {"86": "S"}, {"86": "S"}, {"86": "S"}, {"86": "S"}, {"86": "S"}, {"86": "S"}, {"86": "E"}, {"86": "S"}, {"86": "E"}, {"86": "E"}, {"86": "S"}, {"86": "E"}, {"86": "S"}, {"86": "E"}, {"86": "E"}, {"86": "S"}, {"58": "W"}, {"58": "W"}, {"58": "W"}, {"58": "S"}, {"58": "S"}, {"58": "S"}, {"58": "S"}, {"58": "S"}, {"58": "S"}, {"58": "S"}, {"58": "S"}, {"58": "S"}, {"58": "S"}, {"58": "E"}, {"58": "S"}, {"58": "E"}, {"58": "E"}, {"58": "S"}, {"58": "E"}, {"48": "W"}, {"48": "S"}, {"48": "S"}, {"48": "W"}, {"48": "W"}, {"48": "W"}, {"48": "W"}, {"48": "W"}, {"48": "W"}, {"48": "W"}, {"48": "W"}, {"48": "W"}, {"48": "W"}, {"48": "W"}, {"48": "W"}, {"48": "W"}, {"48": "W"}, {"48": "W"}, {"48": "W"}, {"48": "S"}, {"48": "S"}, {"48": "S"}, {"48": "S"}, {"48": "S"}, {"48": "S"}, {"48": "S"}, {"48": "S"}, {"48": "E"}, {"48": "S"}, {"48": "E"}, {"48": "E"}, {"48": "S"}, {"48": "S"}, {"48": "E"}, {"48": "E"}, {"5": "N"}, {"5": "E"}, {"5": "E"}, {"5": "E"}, {"5": "E"}, {"5": "E"}, {"5": "E"}, {"5": "S"}, {"5": "E"}, {"5": "E"}, {"169": "N"}, {"169": "W"}, {"169": "W"}, {"169": "S"}, {"169": "S"}, {"169": "S"}, {"169": "S"}, {"169": "S"}, {"169": "W"}, {"169": "S"}, {"169": "W"}, {"169": "W"}, {"169": "W"}, {"169": "W"}, {"169": "S"}, {"169": "W"}, {"169": "S"}, {"169": "S"}, {"169": "W"}, {"169": "W"}, {"151": "E"}, {"151": "E"}, {"151": "E"}, {"151": "E"}, {"151": "E"}, {"151": "N"}, {"151": "N"}, {"151": "N"}, {"151": "N"}, {"151": "N"}, {"130": "W"}, {"130": "N"}, {"130": "N"}, {"130": "W"}, {"130": "W"}, {"130": "W"}, {"130": "W"}, {"130": "N"}, {"130": "N"}, {"130": "N"}, {"130": "N"}, {"130": "N"}, {"130": "N"}, {"130": "N"}, {"130": "N"}, {"130": "N"}, {"130": "N"}, {"130": "N"}, {"94": "E"}, {"94": "N"}, {"94": "N"}, {"94": "N"}, {"94": "N"}, {"94": "N"}, {"94": "E"}, {"94": "N"}, {"94": "N"}, {"94": "N"}, {"94": "N"}, {"94": "N"}, {"94": "N"}, {"79": "S"}, {"79": "W"}, {"79": "W"}, {"79": "S"}, {"79": "W"}, {"79": "W"}, {"79": "W"}, {"79": "W"}, {"79": "W"}, {"79": "S"}, {"79": "S"}, {"79": "W"}, {"79": "S"}, {"79": "W"}, {"79": "W"}, {"79": "W"}, {"79": "W"}, {"79": "S"}, {"79": "W"}, {"79": "S"}, {"79": "S"}, {"79": "W"}, {"79": "S"}, {"79": "W"}, {"79": "W"}, {"79": "W"}, {"79": "W"}, {"79": "W"}, {"79": "W"}, {"79": "W"}, {"79": "W"}, {"79": "W"}, {"79": "N"}, {"79": "N"}, {"79": "N"}, {"79": "N"}, {"79": "N"}, {"79": "N"}, {"79": "N"}, {"79": "N"}, {"79": "N"}, {"72": "S"}, {"72": "E"}, {"72": "E"}, {"72": "S"}, {"72": "S"}, {"72": "S"}, {"72": "S"}, {"72": "S"}, {"72": "S"}, {"72": "E"}, {"72": "S"}, {"72": "E"}, {"47": "W"}, {"47": "S"}, {"47": "S"}, {"47": "S"}, {"47": "S"}, {"47": "S"}, {"47": "S"}, {"47": "W"}, {"47": "W"}, {"47": "W"}, {"47": "W"}, {"47": "W"}, {"47": "W"}, {"47": "W"}, {"47": "W"}, {"47": "W"}, {"47": "W"}, {"47": "W"}, {"47": "W"}, {"47": "W"}, {"47": "S"}, {"47": "S"}, {"47": "S"}, {"47": "S"}, {"47": "S"}, {"47": "S"}, {"47": "S"}, {"47": "S"}, {"47": "E"}, {"47": "S"}, {"47": "S"}, {"47": "E"}, {"47": "S"}, {"47": "E"}, {"47": "S"}, {"47": "E"}, {"47": "S"}, {"47": "E"}, {"47": "E"}, {"47": "S"}, {"47": "E"}, {"37": "S"}, {"37": "E"}, {"37": "E"}, {"37": "E"}, {"37": "E"}, {"37": "E"}, {"37": "E"}, {"37": "E"}, {"37": "E"}, {"37": "E"}, {"37": "S"}, {"37": "S"}, {"37": "E"}, {"37": "S"}, {"37": "E"}, {"37": "S"}, {"37": "E"}, {"37": "S"}, {"37": "E"}, {"37": "E"}, {"196": "E"}, {"196": "N"}, {"196": "N"}, {"196": "W"}, {"196": "W"}, {"196": "N"}, {"196": "N"}, {"196": "N"}, {"196": "N"}, {"196": "N"}, {"163": "W"}, {"163": "N"}, {"163": "N"}, {"163": "N"}, {"163": "W"}, {"163": "W"}, {"163": "N"}, {"163": "N"}, {"163": "N"}, {"163": "N"}, {"163": "N"}, {"163": "N"}, {"163": "N"}, {"163": "N"}, {"110": "W"}, {"110": "W"}, {"110": "S"}, {"110": "W"}, {"110": "W"}, {"110": "W"}, {"110": "W"}, {"110": "S"}, {"110": "W"}, {"110": "S"}, {"110": "S"}, {"110": "W"}, {"110": "S"}, {"110": "W"}, {"110": "W"}, {"110": "W"}, {"110": "W"}, {"110": "W"}, {"110": "W"}, {"110": "W"}, {"110": "W"}, {"110": "W"}, {"110": "W"}, {"110": "W"}, {"110": "W"}, {"110": "N"}, {"110": "N"}, {"110": "N"}, {"110": "N"}, {"110": "N"}, {"110": "N"}, {"110": "N"}, {"110": "N"}, {"110": "N"}, {"110": "N"}, {"110": "N"}, {"90": "S"}, {"90": "W"}, {"90": "W"}, {"90": "W"}, {"90": "S"}, {"90": "S"}, {"90": "S"}, {"90": "S"}, {"90": "S"}, {"90": "S"}, {"90": "S"}, {"90": "S"}, {"90": "W"}, {"90": "S"}, {"90": "W"}, {"90": "W"}, {"90": "W"}, {"90": "W"}, {"90": "S"}, {"90": "W"}, {"90": "S"}, {"90": "S"}, {"90": "W"}, {"90": "S"}, {"90": "W"}, {"90": "W"}, {"90": "W"}, {"90": "W"}, {"90": "W"}, {"90": "W"}, {"90": "W"}, {"90": "W"}, {"90": "N"}, {"90": "N"}, {"90": "N"}, {"90": "N"}, {"90": "N"}, {"90": "N"}, {"90": "N"}, {"40": "S"}, {"40": "E"}, {"40": "E"}, {"40": "E"}, {"40": "E"}, {"40": "E"}, {"40": "E"}, {"40": "E"}, {"40": "E"}, {"40": "E"}, {"40": "E"}, {"40": "S"}, {"40": "S"}, {"40": "S"}, {"40": "E"}, {"40": "E"}, {"26": "E"}, {"26": "E"}, {"26": "S"}, {"26": "E"}, {"26": "S"}, {"26": "E"}, {"26": "E"}, {"143": "N"}, {"143": "E"}, {"143": "E"}, {"143": "E"}, {"143": "E"}, {"143": "E"}, {"143": "S"}, {"143": "E"}, {"143": "S"}, {"143": "E"}, {"143": "S"}, {"143": "E"}, {"143": "S"}, {"143": "E"}, {"139": "W"}, {"139": "W"}, {"139": "W"}, {"139": "W"}, {"139": "W"}, {"139": "W"}, {"139": "W"}, {"139": "S"}, {"139": "S"}, {"139": "W"}, {"139": "S"}, {"139": "W"}, {"139": "W"}, {"139": "W"}, {"139": "W"}, {"139": "W"}, {"139": "W"}, {"139": "W"}, {"139": "N"}, {"139": "N"}, {"139": "N"}, {"139": "N"}, {"139": "N"}, {"80": "E"}, {"80": "S"}, {"80": "S"}, {"80": "E"}, {"80": "S"}, {"80": "S"}, {"80": "S"}, {"80": "E"}, {"80": "S"}, {"80": "E"}, {"80": "S"}, {"80": "E"}, {"70": "W"}, {"70": "S"}, {"70": "S"}, {"70": "W"}, {"70": "W"}, {"70": "W"}, {"70": "W"}, {"70": "W"}, {"70": "W"}, {"70": "W"}, {"70": "S"}, {"70": "S"}, {"70": "S"}, {"70": "S"}, {"70": "S"}, {"70": "S"}, {"70": "S"}, {"70": "S"}, {"70": "E"}, {"70": "S"}, {"70": "S"}, {"70": "S"}, {"70": "E"}, {"70": "S"}, {"70": "E"}, {"70": "S"}, {"70": "S"}, {"70": "E"}, {"70": "E"}, {"54": "W"}, {"54": "S"}, {"54": "S"}, {"54": "S"}, {"54": "S"}, {"54": "W"}, {"54": "W"}, {"54": "W"}, {"54": "W"}, {"54": "W"}, {"54": "W"}, {"54": "W"}, {"54": "W"}, {"54": "W"}, {"54": "W"}, {"54": "S"}, {"54": "S"}, {"54": "S"}, {"54": "S"}, {"54": "S"}, {"54": "S"}, {"54": "S"}, {"54": "S"}, {"54": "E"}, {"54": "S"}, {"54": "S"}, {"54": "S"}, {"54": "E"}, {"103": "W"}, {"103": "S"}, {"103": "S"}, {"103": "S"}, {"103": "S"}, {"103": "W"}, {"103": "S"}, {"103": "W"}, {"103": "W"}, {"103": "W"}, {"103": "W"}, {"103": "S"}, {"103": "W"}, {"103": "S"}, {"103": "S"}, {"103": "W"}, {"103": "S"}, {"103": "W"}, {"103": "W"}, {"103": "W"}, {"103": "W"}, {"103": "W"}, {"103": "W"}, {"103": "W"}, {"103": "W"}, {"103": "W"}, {"103": "W"}, {"103": "W"}, {"103": "W"}, {"103": "N"}, {"103": "N"}, {"103": "N"}, {"103": "N"}, {"103": "N"}, {"103": "N"}, {"103": "N"}, {"103": "N"}, {"103": "N"}, {"16": "S"}, {"16": "W"}, {"16": "W"}, {"16": "W"}, {"16": "W"}, {"16": "W"}, {"16": "W"}, {"16": "W"}, {"16": "W"}, {"16": "W"}, {"16": "S"}, {"16": "S"}, {"16": "S"}, {"16": "S"}, {"16": "S"}, {"16": "S"}, {"16": "S"}, {"16": "S"}, {"16": "E"}, {"16": "S"}, {"16": "S"}, {"16": "S"}, {"16": "S"}, {"16": "S"}, {"16": "E"}, {"16": "E"}, {"16": "S"}, {"16": "E"}, {"16": "S"}, {"16": "E"}, {"16": "S"}, {"16": "E"}, {"16": "S"}, {"16": "E"}, {"14": "N"}, {"14": "E"}, {"14": "E"}, {"14": "S"}, {"14": "S"}, {"14": "S"}, {"14": "E"}, {"14": "S"}, {"14": "S"}, {"14": "S"}, {"14": "S"}, {"14": "S"}, {"14": "E"}, {"14": "E"}, {"14": "S"}, {"14": "E"}, {"106": "W"}, {"106": "W"}, {"106": "W"}, {"106": "W"}, {"106": "W"}, {"106": "W"}, {"106": "W"}, {"106": "W"}, {"106": "W"}, {"106": "W"}, {"106": "N"}, {"106": "N"}, {"106": "N"}, {"106": "N"}, {"106": "N"}, {"106": "N"}, {"106": "N"}, {"106": "N"}, {"106": "N"}, {"106": "N"}, {"106": "N"}, {"106": "N"}, {"106": "N"}, {"106": "N"}, {"49": "S"}, {"49": "E"}, {"49": "E"}, {"49": "E"}, {"49": "E"}, {"49": "E"}, {"49": "E"}, {"49": "S"}, {"172": "W"}, {"172": "N"}, {"172": "W"}, {"172": "W"}, {"172": "W"}, {"172": "N"}, {"172": "N"}, {"160": "W"}, {"160": "S"}, {"160": "W"}, {"160": "S"}, {"160": "W"}, {"160": "W"}, {"160": "W"}, {"160": "W"}, {"160": "S"}, {"160": "W"}, {"160": "S"}, {"160": "S"}, {"160": "W"}, {"160": "S"}, {"160": "W"}, {"160": "W"}, {"160": "W"}, {"160": "W"}, {"160": "W"}, {"160": "W"}, {"160": "W"}, {"160": "W"}, {"160": "W"}, {"160": "W"}, {"160": "W"}, {"160": "N"}, {"160": "N"}, {"160": "N"}, {"160": "N"}, {"160": "N"}, {"160": "N"}, {"7": "E"}, {"7": "S"}, {"7": "S"}, {"7": "S"}, {"7": "S"}, {"7": "W"}, {"7": "W"}, {"7": "W"}, {"7": "W"}, {"7": "W"}, {"7": "W"}, {"7": "W"}, {"7": "W"}, {"7": "W"}, {"7": "W"}, {"7": "S"}, {"7": "S"}, {"7": "S"}, {"7": "S"}, {"7": "S"}, {"7": "S"}, {"7": "S"}, {"7": "S"}, {"7": "S"}, {"7": "S"}, {"7": "S"}, {"7": "S"}, {"7": "S"}, {"7": "E"}, {"7": "S"}, {"7": "E"}, {"7": "S"}, {"7": "S"}, {"7": "E"}, {"7": "E"}, {"65": "E"}, {"65": "S"}, {"65": "S"}, {"65": "S"}, {"65": "S"}, {"65": "S"}, {"65": "S"}, {"65": "E"}, {"65": "S"}, {"152": "S"}, {"152": "E"}, {"152": "E"}, {"152": "E"}, {"152": "E"}, {"152": "S"}, {"152": "S"}, {"152": "S"}, {"152": "S"}, {"152": "S"}, {"152": "S"}, {"152": "S"}, {"152": "S"}, {"152": "S"}, {"152": "S"}, {"152": "E"}, {"152": "E"}, {"152": "S"}, {"152": "E"}, {"152": "S"}, {"152": "E"}, {"152": "S"}, {"9": "S"}, {"9": "E"}, {"9": "E"}, {"9": "E"}, {"9": "S"}, {"9": "S"}, {"9": "S"}, {"9": "S"}, {"9": "S"}, {"9": "S"}, {"9": "S"}, {"9": "E"}, {"9": "E"}, {"9": "S"}, {"162": "E"}, {"162": "S"}, {"162": "S"}, {"162": "S"}, {"162": "W"}, {"162": "W"}, {"162": "W"}, {"162": "W"}, {"162": "W"}, {"162": "W"}, {"162": "W"}, {"162": "W"}, {"162": "W"}, {"162": "W"}, {"162": "W"}, {"162": "W"}, {"162": "W"}, {"162": "W"}, {"162": "W"}, {"162": "W"}, {"162": "S"}, {"162": "S"}, {"162": "S"}, {"162": "S"}, {"162": "S"}, {"162": "S"}, {"162": "S"}, {"162": "S"}, {"162": "S"}, {"162": "S"}, {"162": "S"}, {"162": "S"}, {"162": "S"}, {"162": "S"}, {"162": "S"}, {"162": "E"}, {"162": "S"}, {"162": "S"}, {"162": "E"}, {"162": "E"}, {"162": "S"}, {"162": "S"}, {"162": "E"}], "result": "SUCCESS", "makespan": 4244, "sum": 5865, "algo_name": "OutAndInBFS_default"}