{"instance": "small_006_20x20_20_71", "steps": [{"53": "S", "70": "W", "28": "W", "23": "E", "12": "W", "48": "W", "20": "E", "15": "E", "3": "E", "46": "E", "18": "E", "43": "W", "42": "W", "31": "E", "0": "E", "4": "E", "40": "E", "29": "W", "57": "W", "67": "W", "65": "E", "30": "W", "21": "E", "39": "E", "9": "W", "26": "E", "14": "W", "25": "E", "61": "E", "16": "E", "32": "E", "2": "E", "41": "W", "56": "E", "1": "E", "24": "E", "55": "W", "5": "W", "19": "E", "38": "E", "69": "N", "27": "W", "13": "W", "58": "E", "63": "W", "51": "W", "50": "E", "37": "W", "7": "W", "62": "E", "36": "E", "49": "W", "17": "W", "59": "W", "8": "W", "11": "W", "33": "E", "35": "E", "6": "E", "10": "W"}, {"12": "W", "46": "S", "65": "E", "26": "E", "16": "E", "31": "N", "48": "W", "24": "S", "35": "E", "37": "W", "39": "E", "55": "W", "13": "W", "7": "W", "19": "E", "36": "S", "3": "E", "17": "W", "30": "W", "25": "E", "10": "S", "38": "S", "64": "W", "11": "S", "9": "W", "49": "W", "40": "E", "21": "N", "14": "W", "68": "E", "41": "W", "70": "W", "69": "W", "53": "S", "2": "E", "51": "W", "29": "W", "43": "W", "27": "W", "5": "W", "66": "S", "63": "N", "18": "E", "15": "E", "8": "W", "6": "E", "32": "E", "42": "S"}, {"2": "E", "8": "W", "40": "E", "61": "E", "31": "N", "16": "N", "15": "E", "70": "W", "69": "N", "3": "E", "58": "E", "38": "S", "25": "S", "30": "W", "35": "E", "63": "N", "42": "S", "22": "E", "29": "W", "36": "S", "43": "W", "26": "E", "66": "W", "46": "S", "39": "N", "37": "W", "27": "W", "32": "E", "7": "W", "9": "W", "4": "N", "19": "E", "6": "E", "17": "S", "62": "S", "5": "W", "18": "E"}, {"43": "W", "16": "N", "25": "S", "3": "E", "18": "E", "42": "S", "46": "S", "66": "W", "27": "W", "17": "S", "67": "W", "13": "W", "36": "E", "7": "W", "58": "E", "29": "W", "32": "N", "9": "S", "19": "E", "31": "N", "6": "E", "26": "E", "40": "N", "35": "E", "30": "W", "5": "W"}, {"66": "W", "29": "W", "42": "S", "7": "W", "58": "N", "26": "E", "43": "W", "40": "E", "15": "E", "9": "S", "2": "E", "31": "N", "5": "S", "36": "E", "67": "S", "35": "E", "3": "E"}, {"49": "N", "13": "W", "61": "S", "6": "N", "2": "E", "40": "E", "45": "N", "59": "N", "7": "S", "0": "N", "4": "E", "39": "W", "70": "E", "43": "S", "19": "S", "28": "S", "35": "E", "50": "E", "68": "E", "63": "N", "5": "E", "44": "N", "27": "S", "62": "S", "22": "E", "26": "E", "46": "S", "51": "S", "37": "W", "38": "W", "67": "S", "66": "S", "33": "N", "53": "W", "58": "N"}, {"48": "N", "4": "E", "61": "S", "18": "E", "35": "E", "2": "E", "23": "N", "27": "W", "49": "W", "54": "E", "0": "W", "38": "S", "13": "W", "66": "W", "33": "E", "26": "E", "12": "W", "19": "E", "30": "S", "28": "W", "46": "S", "24": "E", "47": "E", "62": "S", "51": "W", "9": "S", "65": "N", "53": "S"}, {"7": "S", "67": "S", "25": "S", "62": "S", "23": "N", "43": "W", "12": "W", "38": "S", "65": "N", "1": "N", "47": "S", "13": "W", "53": "S", "54": "E", "4": "E", "63": "N", "9": "S", "30": "S", "18": "E", "19": "E", "55": "W", "27": "W", "51": "W", "39": "N", "0": "W"}, {"51": "S", "19": "E", "4": "E", "7": "S", "66": "W", "30": "S", "38": "E", "13": "W", "27": "N", "12": "W", "55": "S", "37": "W", "18": "E", "43": "W", "54": "E", "65": "N", "0": "S", "61": "S", "47": "S"}, {"13": "W", "51": "S", "62": "W", "25": "E", "58": "S", "19": "E", "12": "N", "66": "W", "45": "N", "52": "N", "21": "N", "18": "E", "4": "E", "20": "W", "54": "E", "27": "N", "65": "E", "63": "S", "43": "W", "7": "S", "3": "E", "61": "W", "6": "N", "0": "S", "55": "S", "37": "W", "26": "E", "49": "N", "67": "W", "59": "N"}, {"19": "E", "13": "W", "6": "E", "20": "N", "60": "W", "51": "S", "25": "E", "67": "S", "33": "E", "30": "S", "37": "N", "7": "S", "62": "S", "61": "S", "12": "W", "18": "E", "52": "N", "55": "S", "43": "S", "17": "W", "50": "N", "63": "E", "15": "E", "59": "W", "49": "W", "44": "W", "66": "W", "58": "W", "65": "N", "4": "E", "54": "E", "64": "N", "45": "W"}, {"65": "N", "68": "E", "45": "N", "66": "W", "22": "E", "12": "W", "55": "S", "67": "S", "54": "N", "18": "N", "25": "S", "59": "N", "21": "N", "19": "E", "20": "N", "4": "E", "63": "E", "13": "N", "8": "W", "51": "W", "15": "E", "43": "S", "62": "S", "61": "S", "50": "W", "3": "E"}, {"26": "E", "53": "E", "20": "E", "70": "S", "19": "E", "12": "W", "54": "N", "13": "N", "6": "E", "3": "E", "45": "N", "66": "W", "68": "E", "28": "S", "25": "S", "18": "N", "51": "W", "65": "N", "50": "N", "4": "E"}, {"19": "E", "27": "N", "4": "N", "50": "N", "5": "E", "37": "W", "25": "S", "6": "E", "18": "N", "40": "N", "26": "E", "66": "W", "8": "S", "65": "N", "3": "S", "53": "W", "68": "E", "55": "W", "24": "S", "48": "W", "54": "W", "21": "W", "45": "E", "58": "E", "22": "E", "12": "W", "28": "N", "7": "W", "51": "W", "44": "N"}, {"19": "S", "8": "W", "53": "S", "7": "S", "27": "E", "0": "E", "17": "S", "40": "E", "45": "N", "54": "N", "21": "N", "44": "W", "26": "E", "4": "N", "43": "S", "39": "N", "68": "E", "18": "N", "22": "E", "6": "E", "37": "N", "15": "N", "3": "S", "25": "W", "33": "S", "48": "N", "50": "N", "63": "W", "12": "W", "66": "W"}, {"66": "W", "39": "E", "6": "E", "54": "N", "68": "E", "17": "S", "40": "E", "50": "N", "37": "N", "7": "S", "27": "N", "64": "W", "15": "N", "18": "N", "26": "E", "4": "N", "45": "N", "43": "W", "33": "E", "12": "W", "19": "S", "8": "W", "22": "E", "51": "W", "70": "S"}, {"68": "E", "18": "N", "50": "N", "8": "W", "40": "E", "6": "N", "54": "E", "63": "W", "27": "N", "4": "N", "25": "W", "22": "E", "66": "W", "19": "S", "43": "W", "45": "W", "39": "N", "12": "W", "26": "E", "17": "E"}, {"27": "N", "54": "E", "12": "W", "68": "E", "8": "S", "65": "N", "39": "N", "18": "N", "66": "W", "26": "E", "6": "N", "22": "E"}, {"5": "W", "66": "W", "15": "W", "12": "W", "48": "W", "54": "E", "58": "E", "22": "E", "44": "N", "6": "N", "27": "N", "3": "W", "9": "N", "18": "N", "20": "W", "70": "S", "8": "E", "39": "E", "26": "S", "36": "S", "68": "E", "28": "S", "25": "E"}, {"36": "E", "12": "W", "27": "N", "0": "E", "6": "N", "28": "S", "18": "N", "54": "E", "39": "N", "37": "E", "44": "W", "70": "W", "68": "E", "25": "E", "49": "W", "64": "W", "29": "W", "22": "E", "66": "W", "20": "N"}, {"66": "N", "12": "W", "37": "N", "29": "S", "54": "N", "68": "N", "28": "S", "27": "N", "36": "E", "22": "E", "25": "S", "20": "N", "39": "N", "59": "N", "18": "N", "48": "N"}, {"5": "E", "54": "E", "64": "W", "25": "S", "7": "N", "61": "N", "57": "N", "9": "S", "48": "N", "39": "N", "59": "N", "12": "S", "67": "N", "18": "N", "20": "W", "29": "S", "22": "E", "66": "N", "31": "W", "3": "E", "68": "N", "49": "N", "58": "S", "28": "S", "24": "E", "52": "S", "60": "W"}, {"12": "S", "25": "W", "68": "N", "5": "S", "49": "N", "0": "E", "58": "W", "39": "N", "18": "N", "65": "N", "3": "S", "29": "S", "14": "N", "31": "W", "63": "N", "57": "W", "55": "E", "20": "N", "54": "E", "22": "E", "24": "S", "28": "S", "42": "S", "64": "N", "59": "N", "60": "S"}, {"24": "S", "68": "N", "18": "N", "20": "N", "28": "S", "9": "S", "7": "W", "39": "W", "30": "W", "48": "E", "31": "W", "53": "S", "12": "S", "57": "W", "4": "N", "27": "N", "22": "E", "5": "S", "42": "W", "61": "E", "54": "N", "49": "N"}, {"51": "W", "3": "S", "20": "E", "12": "S", "64": "N", "9": "S", "42": "W", "68": "N", "2": "N", "30": "S", "28": "S", "5": "W", "31": "W", "39": "N", "62": "W", "22": "E", "18": "N", "57": "W", "7": "W"}, {"2": "E", "62": "S", "7": "W", "3": "S", "23": "N", "42": "S", "68": "N", "30": "S", "31": "W", "29": "S", "22": "E", "18": "N", "57": "W", "9": "W"}, {"24": "S", "30": "E", "21": "E", "2": "N", "7": "E", "61": "W", "53": "W", "40": "S", "36": "S", "8": "W", "3": "S", "64": "N", "59": "N", "68": "N", "57": "W", "42": "S", "60": "N", "31": "N", "22": "E", "18": "E", "9": "W"}, {"8": "N", "25": "W", "24": "W", "9": "S", "3": "S", "40": "E", "22": "E", "68": "N", "57": "W", "7": "E", "15": "N", "31": "N", "49": "N", "51": "S", "55": "W", "18": "N", "6": "N", "2": "E"}, {"57": "W", "8": "N", "15": "N", "2": "E", "7": "E", "25": "S", "24": "W", "3": "S", "31": "E", "68": "N", "18": "N", "22": "E"}, {"5": "E", "20": "N", "25": "S", "58": "E", "53": "N", "7": "S", "22": "E", "31": "N", "61": "N", "3": "S", "57": "S", "52": "W", "10": "E", "24": "W", "8": "S", "2": "N", "18": "W", "55": "E", "62": "E"}, {"46": "S", "55": "E", "8": "E", "57": "S", "53": "E", "10": "E", "61": "E", "5": "S", "27": "S", "36": "W", "64": "E", "24": "W", "51": "S", "29": "S", "31": "E", "2": "E", "18": "N", "22": "N"}, {"24": "W", "67": "E", "31": "N", "22": "N", "27": "E", "55": "S", "2": "N", "70": "W", "64": "N", "53": "E", "61": "E", "10": "S", "57": "S", "23": "N", "5": "S"}, {"5": "W", "10": "S", "7": "E", "22": "N", "24": "S", "70": "S", "57": "S", "55": "S", "23": "E", "31": "N", "53": "E", "61": "S", "2": "N"}, {"49": "E", "7": "W", "10": "S", "24": "S", "22": "N", "48": "N", "53": "W", "70": "W", "31": "N", "2": "N", "36": "E", "57": "N", "55": "S", "52": "E", "67": "N", "46": "E", "23": "N", "29": "N", "20": "S"}, {"24": "S", "49": "N", "27": "W", "70": "W", "44": "N", "2": "N", "22": "N", "55": "S", "59": "N", "46": "E", "36": "S", "20": "E", "48": "E", "14": "W", "23": "E", "57": "W", "1": "N"}, {"48": "N", "27": "N", "61": "S", "14": "W", "23": "E", "70": "W", "46": "S", "2": "N", "20": "E", "22": "N", "57": "W"}, {"7": "W", "52": "S", "49": "W", "14": "N", "44": "S", "36": "W", "57": "W", "23": "N", "21": "S", "9": "W", "61": "W", "70": "S", "3": "W", "64": "N", "22": "N", "46": "W", "67": "E", "63": "N"}, {"9": "S", "30": "S", "23": "E", "4": "N", "3": "S", "67": "E", "70": "W", "21": "W", "57": "W", "22": "N"}, {"67": "S", "9": "S", "27": "N", "22": "N", "46": "E", "61": "E", "21": "E", "3": "S", "70": "S", "53": "E", "23": "E", "57": "W", "49": "W", "36": "E", "15": "E"}, {"3": "S", "70": "W", "22": "W", "20": "N", "61": "S", "48": "N", "57": "S", "1": "N", "23": "E", "49": "W", "63": "N", "9": "E", "67": "S", "64": "N"}, {"4": "N", "61": "S", "1": "W", "3": "E", "27": "N", "57": "S", "22": "N", "9": "S", "70": "S", "49": "W"}, {"22": "N", "67": "W", "62": "N", "48": "W", "70": "S", "27": "S", "52": "W", "36": "W", "55": "E", "49": "W", "57": "S", "0": "W", "9": "S", "63": "N", "44": "W"}, {"57": "S", "22": "N", "15": "N", "67": "W", "70": "W", "55": "E", "9": "S", "53": "S", "0": "W"}, {"48": "S", "70": "W", "27": "N", "64": "S", "57": "S", "55": "W", "61": "N", "22": "N", "52": "E", "5": "S", "7": "N", "49": "W", "0": "S", "15": "N", "44": "W", "46": "N"}, {"48": "E", "22": "N", "10": "W", "15": "E", "49": "N", "0": "S", "4": "E", "58": "N", "29": "N", "57": "S", "44": "W", "64": "E", "59": "N", "55": "W", "8": "E", "5": "W", "7": "E"}, {"57": "E", "27": "N", "55": "S", "48": "E", "8": "N", "0": "E", "22": "N", "58": "W", "70": "W", "49": "N", "15": "N", "7": "E", "5": "S"}, {"53": "S", "49": "E", "10": "W", "70": "S", "7": "S", "57": "S", "55": "W", "58": "N", "5": "W", "15": "E"}, {"20": "N", "15": "E", "10": "S", "8": "S", "23": "W", "60": "S", "58": "W", "57": "S", "7": "S", "70": "S", "5": "W", "1": "W", "53": "E", "48": "S", "55": "S", "46": "S", "52": "S", "49": "N"}, {"15": "N", "10": "S", "63": "W", "53": "E", "57": "S", "49": "E", "36": "E", "5": "W", "58": "N", "70": "W", "0": "E", "52": "E", "48": "S", "23": "N", "55": "S", "61": "E", "8": "E", "64": "E"}, {"0": "E", "58": "N", "23": "N", "52": "S", "5": "S", "49": "E", "15": "E", "8": "E", "67": "E", "10": "W", "29": "E", "53": "E", "57": "S", "1": "W", "63": "W", "55": "S", "61": "E", "70": "W", "60": "E"}, {"49": "E", "60": "E", "61": "E", "70": "W", "0": "S", "5": "W", "23": "E", "27": "N", "48": "S", "10": "W", "59": "N", "8": "N", "67": "E", "58": "E", "52": "S", "53": "E"}, {"48": "W", "61": "S", "10": "W", "70": "N", "23": "E", "62": "W", "52": "E", "60": "E", "5": "S", "4": "N", "27": "N", "53": "E"}, {"53": "E", "10": "S", "61": "S", "48": "W", "5": "S", "4": "N", "70": "W", "23": "E", "46": "W", "27": "W", "52": "E"}, {"61": "W", "8": "N", "46": "W", "53": "S", "5": "S", "4": "W", "23": "E", "60": "N", "70": "W", "48": "W", "10": "W"}, {"48": "W", "23": "E", "10": "S", "5": "S", "8": "W", "46": "S", "53": "S"}, {"52": "E", "53": "S", "60": "N", "4": "N", "62": "E", "59": "N", "8": "N", "23": "E", "5": "S", "10": "S", "48": "E", "46": "W"}, {"49": "E", "48": "E", "8": "W", "60": "W", "4": "N", "52": "E", "23": "N", "59": "W", "61": "W", "46": "W", "53": "S", "27": "E"}, {"48": "E", "23": "N", "61": "S", "4": "W", "27": "N", "46": "W", "67": "S", "52": "E", "49": "S", "59": "W", "60": "W", "53": "E", "10": "S"}, {"27": "N", "23": "N", "59": "N", "67": "S", "8": "N", "4": "W", "52": "E", "61": "W", "10": "S", "48": "E"}, {"48": "N", "8": "W", "52": "E", "61": "W", "4": "W", "59": "N", "60": "N", "27": "W", "67": "S"}, {"4": "S", "67": "W", "52": "N", "27": "W", "48": "N", "59": "N", "61": "S", "60": "N"}, {"27": "W", "61": "S", "48": "N", "52": "N", "67": "W"}, {"67": "S", "61": "S", "10": "E", "48": "W", "20": "W", "36": "N", "27": "W"}, {"4": "N", "67": "S", "10": "S", "27": "S", "62": "S", "29": "S", "36": "E", "48": "W", "20": "S"}, {"1": "N", "4": "E", "20": "W", "67": "W", "10": "S", "48": "N", "36": "N"}, {"67": "W", "4": "E", "63": "W", "20": "W", "10": "W", "48": "N", "36": "E", "8": "W"}, {"10": "S", "36": "E", "60": "W", "20": "W", "67": "W", "4": "E", "48": "N"}, {"67": "S", "36": "N", "20": "W", "4": "S"}, {"60": "E", "67": "W", "1": "N", "29": "N", "62": "N", "20": "W", "36": "N", "52": "W"}, {"52": "N", "48": "E", "61": "S", "20": "N", "67": "S", "29": "W", "1": "W"}, {"67": "S", "61": "S", "52": "N", "29": "W", "62": "N", "1": "W", "20": "N"}, {"7": "W", "1": "W", "67": "S", "61": "S", "62": "W", "29": "W", "52": "E", "20": "E"}, {"61": "S", "1": "W", "62": "W", "52": "E", "67": "S", "20": "N", "29": "W"}, {"52": "E", "1": "W", "61": "S", "62": "W"}, {"52": "E", "7": "E", "27": "E", "60": "W", "64": "W", "1": "W", "20": "N"}, {"4": "S", "48": "N", "36": "E", "52": "N", "20": "E", "29": "W", "1": "W", "64": "W", "62": "W"}, {"52": "E", "29": "W", "48": "N", "62": "W", "64": "N", "1": "S", "20": "E"}, {"52": "E", "48": "N", "29": "S", "64": "N", "1": "S", "20": "E"}, {"52": "N", "64": "E", "62": "W", "20": "E", "29": "S", "1": "W"}, {"64": "N", "29": "S", "62": "S", "1": "W", "52": "N"}, {"52": "N", "1": "S", "15": "W", "29": "E", "27": "N", "62": "S", "64": "N", "7": "N"}, {"29": "E", "64": "W", "52": "N", "63": "N", "7": "W", "15": "N", "62": "S", "27": "E", "1": "W"}, {"27": "E", "15": "N", "29": "S", "1": "S", "8": "W", "62": "E"}, {"29": "S", "60": "W", "15": "E", "27": "E", "8": "W", "62": "E"}, {"27": "S", "8": "W", "60": "W", "4": "W", "62": "E", "15": "E", "29": "S"}, {"27": "S", "29": "E", "62": "E", "8": "W", "15": "N", "60": "W", "4": "W"}, {"27": "W", "8": "W", "29": "E", "60": "W", "15": "N", "62": "E"}, {"8": "W", "29": "S", "62": "S", "60": "W"}, {"60": "W", "64": "W", "7": "W", "36": "N", "8": "W", "21": "S", "29": "S", "30": "S", "62": "E"}, {"29": "S", "60": "W", "63": "W", "8": "W", "64": "N", "36": "E"}, {"7": "W", "63": "W", "60": "W", "36": "E", "8": "N", "64": "N"}, {"63": "W", "8": "N", "36": "E", "64": "E", "60": "W", "7": "W"}, {"36": "E", "63": "N", "7": "W", "60": "W", "8": "N"}, {"60": "W", "7": "W", "36": "S", "8": "N", "63": "N", "64": "N"}, {"8": "N", "36": "S", "7": "W", "64": "N", "60": "S"}, {"36": "S", "60": "W", "64": "N", "7": "S"}, {"64": "N", "60": "W", "36": "S", "7": "S"}, {"7": "S", "60": "N", "36": "S"}, {"7": "E", "36": "S", "60": "N"}, {"36": "S", "60": "N", "7": "E"}, {"36": "S", "7": "E", "60": "N"}, {"7": "E", "60": "E", "36": "S"}, {"36": "S", "7": "E", "60": "N"}, {"36": "S", "7": "S"}, {"62": "S", "27": "E", "7": "S", "36": "S"}, {"21": "W", "27": "N", "36": "S", "62": "E", "7": "E"}, {"21": "W", "62": "S", "27": "N"}, {"27": "W", "7": "E", "62": "S", "21": "N"}, {"21": "N", "62": "S", "27": "W", "7": "E"}, {"7": "S", "27": "W", "21": "E"}, {"7": "S", "21": "N", "27": "S"}, {"27": "S", "7": "E", "21": "E"}, {"7": "E", "21": "N", "27": "S"}, {"21": "N", "7": "N"}, {"21": "E"}, {"21": "N"}, {"21": "E"}, {"21": "E"}, {"21": "N"}, {"21": "N"}, {"21": "N"}, {"20": "N"}, {"20": "E"}, {"20": "E"}, {"20": "E"}, {"20": "E"}, {"20": "N"}, {"20": "N"}, {"20": "N"}], "result": "SUCCESS", "makespan": 129, "sum": 1475, "algo_name": "BFS_0"}