{"instance": "small_free_000_10x10_30_30", "steps": [{"28": "S", "23": "S", "19": "W", "17": "S", "11": "W", "18": "N", "16": "E", "10": "S", "6": "E", "27": "S", "3": "S", "29": "W", "7": "S", "20": "N", "26": "W", "8": "S", "4": "W", "0": "E", "15": "S", "2": "W", "12": "E", "9": "E", "24": "S", "13": "W", "1": "W"}, {"28": "S", "23": "W", "19": "W", "17": "S", "11": "W", "18": "N", "16": "E", "10": "W", "25": "W", "14": "W", "6": "E", "27": "S", "3": "S", "29": "N", "7": "S", "20": "N", "26": "N", "8": "S", "4": "S", "15": "S", "2": "W", "22": "S", "12": "N", "9": "E", "24": "S", "13": "S", "1": "N"}, {"28": "S", "23": "W", "19": "W", "17": "S", "11": "W", "18": "W", "16": "N", "10": "W", "25": "W", "14": "W", "6": "S", "27": "S", "3": "S", "7": "S", "20": "N", "26": "W", "4": "E", "21": "S", "2": "W", "12": "E", "24": "S", "13": "S", "1": "N"}, {"28": "S", "23": "W", "19": "N", "17": "S", "11": "W", "18": "W", "16": "E", "10": "S", "25": "S", "6": "S", "27": "S", "3": "S", "20": "W", "26": "W", "4": "S", "21": "S", "0": "W", "2": "N", "12": "N", "9": "N", "24": "S", "1": "N"}, {"28": "S", "23": "W", "19": "N", "17": "S", "11": "W", "18": "W", "16": "E", "10": "S", "14": "W", "6": "S", "27": "S", "3": "S", "20": "W", "26": "N", "4": "S", "21": "S", "0": "S", "2": "E", "22": "S", "12": "N", "9": "N", "24": "S"}, {"28": "E", "23": "W", "19": "E", "17": "S", "11": "N", "18": "W", "16": "E", "10": "S", "14": "W", "6": "E", "3": "E", "29": "W", "20": "W", "26": "W", "8": "S", "4": "S", "21": "S", "0": "S", "15": "W", "2": "N", "22": "S", "12": "W", "9": "E", "24": "E"}, {"23": "W", "19": "E", "17": "S", "11": "N", "18": "W", "16": "N", "10": "S", "25": "S", "14": "W", "3": "N", "29": "W", "20": "W", "8": "S", "4": "S", "21": "S", "0": "S", "15": "W", "2": "N", "12": "W", "9": "S", "24": "N", "5": "S"}, {"23": "W", "19": "E", "17": "S", "11": "N", "18": "N", "16": "N", "10": "S", "25": "S", "3": "N", "29": "N", "20": "W", "4": "E", "21": "S", "2": "E", "9": "S", "24": "N"}, {"28": "W", "23": "W", "19": "E", "17": "E", "11": "E", "18": "N", "16": "E", "10": "S", "25": "S", "3": "N", "29": "W", "20": "S", "26": "S", "8": "E", "21": "S", "0": "E", "15": "S", "24": "N"}, {"28": "W", "23": "S", "19": "E", "17": "E", "11": "E", "18": "N", "16": "E", "10": "S", "3": "N", "29": "W", "20": "S", "26": "S", "0": "E", "15": "W", "24": "N", "5": "N"}, {"28": "W", "23": "S", "19": "E", "17": "E", "11": "E", "18": "N", "16": "E", "10": "S", "3": "N", "29": "N", "20": "W", "15": "N", "2": "E", "22": "N", "24": "N", "5": "N"}, {"28": "W", "19": "E", "17": "E", "11": "E", "18": "N", "25": "S", "14": "S", "3": "N", "29": "N", "20": "S", "8": "N", "21": "S", "22": "N", "5": "N"}, {"28": "W", "19": "E", "17": "E", "11": "E", "3": "N", "20": "S", "8": "W", "21": "S", "22": "W"}, {"28": "W", "19": "E", "11": "E", "3": "N", "8": "S", "21": "S"}, {"28": "W", "19": "E", "11": "E", "14": "N", "21": "S"}, {"28": "W", "19": "E", "11": "E"}, {"28": "N", "19": "E", "11": "E", "21": "N"}, {"28": "N", "11": "E", "21": "N"}, {"28": "N", "21": "N", "22": "W"}, {"28": "N", "23": "W", "21": "N", "22": "S"}, {"28": "N", "22": "S"}, {"28": "N", "2": "W"}, {"28": "N", "23": "E"}, {"28": "N", "22": "E"}, {"2": "E"}], "result": "SUCCESS", "makespan": 25, "sum": 291, "algo_name": "OutAndInByPercentage_dist_BFS_desc_BIT_", "extra": {"arrival_order": [28, 23, 19, 17, 11, 18, 16, 10, 25, 14, 6, 27, 3, 29, 7, 20, 26, 8, 4, 21, 0, 15, 2, 22, 12, 9, 24, 5, 13, 1], "time_arrived": [260, 316, 276, 183, 243, 308, 159, 204, 232, 298, 123, 83, 290, 313, 147, 268, 110, 69, 97, 54, 214, 252, 283, 39, 303, 135, 223, 172, 24, 194], "BIT_runs": 1, "old_makespan": 316, "old_sum": 429, "improved": "[23, 19, 17, 11, 18, 16, 10, 25, 14, 6, 27, 3, 29, 7, 20, 26, 8, 4, 21, 0, 15, 2, 22, 12, 9, 24, 5, 13, 1],", "goal_raise_for_bs": 32}}