{"instance": "small_free_002_10x10_50_50", "steps": [{"3": "E", "24": "N", "44": "S", "42": "N", "35": "E", "47": "E", "13": "S", "17": "N", "45": "W", "25": "W", "6": "W", "0": "N", "30": "N", "1": "E", "15": "E", "23": "W", "5": "N", "49": "N", "32": "E", "11": "N", "43": "E", "18": "S", "37": "W", "29": "E", "19": "N", "10": "N", "33": "W", "38": "W", "20": "E", "12": "N", "34": "N", "16": "W"}, {"3": "E", "24": "N", "14": "E", "44": "S", "42": "N", "35": "E", "13": "S", "45": "W", "31": "E", "41": "W", "25": "W", "6": "W", "0": "E", "30": "N", "1": "E", "5": "N", "32": "E", "21": "N", "27": "W", "11": "N", "37": "N", "29": "S", "10": "N", "39": "W", "28": "E", "4": "N", "33": "W", "12": "W", "22": "N", "34": "W", "16": "S", "7": "E"}, {"3": "N", "14": "S", "44": "S", "42": "N", "47": "S", "13": "S", "45": "N", "31": "S", "41": "N", "25": "S", "36": "S", "30": "N", "40": "W", "2": "W", "26": "N", "9": "E", "23": "N", "5": "N", "32": "N", "21": "W", "48": "S", "11": "N", "8": "N", "18": "E", "37": "N", "29": "E", "19": "N", "28": "N", "4": "W", "33": "N", "38": "W", "20": "N", "12": "W", "22": "W", "34": "N", "16": "W"}, {"14": "S", "44": "E", "42": "E", "35": "E", "13": "E", "25": "S", "36": "S", "6": "N", "0": "E", "40": "W", "2": "W", "26": "E", "15": "N", "23": "N", "5": "E", "49": "W", "32": "E", "21": "W", "11": "N", "8": "E", "43": "E", "18": "S", "29": "S", "19": "N", "10": "N", "28": "E", "33": "N", "38": "W", "20": "E", "12": "W", "34": "N", "16": "W"}, {"3": "E", "14": "E", "44": "E", "42": "E", "35": "E", "13": "E", "25": "S", "36": "S", "6": "N", "0": "E", "30": "S", "40": "W", "2": "N", "26": "E", "15": "N", "23": "E", "5": "E", "49": "W", "32": "S", "21": "N", "27": "W", "48": "E", "11": "W", "8": "N", "43": "E", "18": "S", "37": "W", "29": "E", "19": "N", "10": "E", "39": "N", "28": "E", "4": "S", "33": "N", "46": "N", "38": "W", "20": "E", "12": "S", "22": "E", "34": "N", "16": "W"}, {"24": "N", "14": "E", "42": "E", "35": "E", "47": "N", "13": "N", "25": "S", "36": "S", "0": "E", "30": "E", "40": "W", "2": "W", "1": "E", "26": "E", "15": "W", "9": "W", "23": "N", "5": "E", "49": "W", "32": "E", "21": "W", "27": "W", "48": "N", "11": "S", "8": "N", "43": "E", "18": "S", "37": "W", "29": "S", "19": "E", "10": "E", "28": "N", "4": "W", "33": "N", "46": "E", "38": "W", "20": "S", "12": "W", "22": "N", "34": "N", "16": "W", "7": "E"}, {"14": "E", "35": "N", "13": "N", "0": "S", "30": "E", "40": "W", "2": "N", "1": "E", "26": "E", "15": "W", "9": "S", "23": "E", "5": "E", "49": "W", "21": "W", "27": "N", "48": "W", "11": "W", "8": "N", "43": "E", "18": "W", "37": "S", "29": "S", "10": "E", "28": "N", "33": "N", "46": "E", "38": "W", "20": "S", "12": "W", "22": "N", "34": "E", "16": "W", "7": "N"}, {"14": "E", "35": "E", "13": "N", "40": "W", "2": "N", "1": "E", "26": "S", "15": "S", "9": "E", "23": "N", "5": "S", "49": "W", "32": "E", "21": "W", "27": "N", "11": "S", "8": "E", "18": "S", "37": "W", "29": "S", "10": "S", "39": "N", "28": "W", "33": "N", "46": "N", "38": "N", "12": "S", "22": "W", "34": "N", "16": "N", "7": "N"}, {"35": "N", "2": "N", "1": "E", "15": "S", "9": "E", "23": "W", "5": "E", "49": "W", "32": "E", "21": "S", "27": "N", "11": "S", "8": "E", "43": "E", "37": "S", "29": "S", "10": "S", "28": "N", "4": "N", "33": "E", "46": "E", "38": "W", "20": "E", "12": "S", "22": "N", "34": "E", "16": "N", "7": "N"}, {"3": "S", "35": "N", "15": "S", "9": "E", "23": "W", "49": "N", "32": "E", "27": "E", "11": "W", "8": "N", "43": "E", "37": "S", "29": "S", "10": "E", "39": "W", "28": "W", "4": "W", "33": "E", "46": "E", "38": "W", "20": "E", "12": "S", "22": "W", "34": "E", "16": "N", "7": "N"}, {"3": "W", "35": "W", "15": "W", "9": "S", "23": "N", "32": "E", "27": "E", "11": "W", "8": "E", "18": "E", "37": "S", "29": "S", "39": "W", "28": "N", "4": "W", "33": "N", "46": "E", "20": "S", "12": "S", "22": "W", "34": "N", "16": "W", "7": "N"}, {"3": "W", "35": "W", "15": "W", "9": "S", "23": "N", "32": "N", "27": "E", "48": "S", "11": "S", "8": "S", "37": "S", "29": "W", "19": "E", "39": "W", "28": "N", "4": "S", "33": "E", "46": "N", "20": "S", "12": "S", "22": "W", "34": "E", "16": "N", "7": "N"}, {"3": "W", "35": "W", "47": "S", "30": "S", "15": "S", "27": "S", "48": "W", "11": "S", "8": "E", "18": "W", "37": "S", "29": "W", "19": "E", "10": "E", "28": "N", "4": "S", "33": "E", "46": "E", "38": "S", "20": "S", "12": "S", "22": "W", "34": "N", "16": "N", "7": "W"}, {"3": "W", "35": "W", "47": "S", "30": "E", "27": "E", "48": "W", "11": "W", "18": "W", "37": "S", "29": "W", "19": "N", "10": "E", "28": "N", "4": "W", "33": "E", "46": "E", "38": "S", "20": "S", "12": "S", "22": "W", "34": "E", "16": "N", "7": "N"}, {"3": "W", "35": "W", "30": "E", "27": "E", "11": "S", "18": "W", "37": "E", "29": "W", "19": "N", "10": "E", "28": "W", "4": "W", "33": "N", "46": "S", "38": "S", "20": "S", "12": "E", "22": "W", "34": "E", "16": "N", "7": "N"}, {"3": "N", "35": "W", "47": "N", "30": "E", "27": "E", "11": "S", "37": "S", "29": "W", "19": "E", "10": "S", "28": "W", "4": "W", "33": "E", "46": "S", "38": "S", "20": "S", "12": "E", "22": "W", "34": "E", "16": "N", "7": "N"}, {"3": "N", "35": "N", "47": "N", "30": "N", "27": "N", "48": "W", "11": "S", "37": "E", "29": "W", "10": "S", "28": "W", "4": "S", "33": "N", "46": "S", "38": "S", "20": "S", "22": "W", "34": "E", "16": "N", "7": "W"}, {"24": "W", "35": "W", "48": "N", "11": "S", "37": "E", "29": "N", "19": "W", "10": "W", "28": "W", "4": "S", "33": "E", "46": "E", "38": "S", "20": "W", "22": "S", "34": "S", "16": "E", "7": "W"}, {"24": "S", "35": "W", "48": "N", "11": "S", "19": "W", "39": "E", "28": "W", "4": "S", "33": "S", "46": "S", "38": "S", "20": "W", "34": "E", "7": "W"}, {"24": "S", "35": "W", "48": "W", "11": "E", "19": "W", "39": "N", "28": "S", "33": "S", "46": "S", "34": "E", "7": "W"}, {"24": "S", "48": "W", "11": "E", "39": "N", "33": "E", "46": "S", "34": "S", "7": "W"}, {"24": "S", "48": "N", "11": "E", "39": "W", "33": "S", "46": "S", "7": "W"}, {"24": "S", "48": "N", "46": "S", "7": "W"}, {"24": "E", "48": "E", "46": "W", "7": "W"}, {"24": "E", "48": "E", "46": "W", "7": "S"}, {"24": "E", "48": "E", "7": "S"}], "result": "SUCCESS", "makespan": 26, "sum": 564, "algo_name": "OutAndInByPercentage_dist_BFS_BIT_", "extra": {"arrival_order": [3, 24, 14, 44, 42, 35, 47, 13, 17, 45, 31, 41, 25, 36, 6, 0, 30, 40, 2, 1, 26, 15, 9, 23, 5, 49, 32, 21, 27, 48, 11, 8, 43, 18, 37, 29, 19, 10, 39, 28, 4, 33, 46, 38, 20, 12, 22, 34, 16, 7], "time_arrived": [141, 179, 170, 17, 484, 231, 131, 652, 334, 211, 436, 322, 571, 85, 36, 201, 631, 91, 362, 420, 554, 268, 589, 221, 26, 116, 189, 284, 468, 398, 150, 103, 255, 503, 610, 75, 123, 380, 535, 452, 161, 109, 62, 349, 47, 97, 520, 81, 304, 242], "BIT_runs": 1, "old_makespan": 652, "old_sum": 860, "improved": "[14, 44, 42, 35, 47, 13, 17, 45, 31, 41, 25, 36, 6, 0, 30, 40, 2, 1, 26, 15, 9, 23, 5, 49, 32, 21, 27, 48, 11, 8, 43, 18, 37, 29, 19, 10, 39, 28, 4, 33, 46, 38, 20, 12, 22, 34, 16, 7],", "goal_raise_for_bs": 32}}