{"instance": "small_free_000_10x10_30_30", "steps": [{"26": "E", "27": "S", "8": "S", "1": "W", "4": "S", "17": "S", "15": "W", "13": "W", "10": "S", "3": "S", "24": "S", "14": "S", "23": "S", "12": "E", "9": "E", "5": "N", "0": "E", "29": "W", "20": "W", "18": "N", "7": "S", "28": "W", "22": "W", "19": "W"}, {"26": "E", "27": "S", "25": "W", "8": "S", "1": "N", "4": "S", "17": "S", "13": "S", "10": "W", "3": "S", "24": "S", "14": "W", "23": "W", "12": "N", "9": "E", "0": "E", "29": "N", "20": "W", "18": "N", "7": "S", "28": "W", "22": "S", "19": "N"}, {"26": "E", "27": "S", "25": "W", "8": "S", "1": "N", "4": "S", "17": "S", "15": "W", "13": "S", "3": "S", "24": "S", "14": "W", "6": "S", "23": "W", "12": "W", "0": "S", "29": "N", "21": "S", "20": "S", "18": "W", "7": "S", "28": "N", "11": "N", "22": "S", "19": "N"}, {"26": "E", "27": "S", "25": "S", "8": "S", "1": "N", "4": "S", "17": "S", "15": "W", "3": "S", "24": "S", "14": "N", "6": "S", "23": "W", "12": "N", "5": "N", "0": "S", "21": "S", "28": "W", "11": "W", "22": "S", "19": "E"}, {"26": "E", "27": "S", "25": "S", "4": "S", "17": "S", "15": "S", "10": "S", "3": "S", "24": "S", "14": "W", "6": "S", "23": "S", "12": "N", "0": "S", "29": "W", "21": "S", "20": "W", "18": "W", "16": "E", "28": "W", "11": "N", "22": "W", "19": "E"}, {"25": "S", "4": "E", "17": "S", "15": "S", "10": "S", "3": "E", "24": "E", "14": "W", "6": "E", "9": "E", "29": "W", "21": "S", "20": "W", "18": "N", "28": "N", "11": "E", "19": "S"}, {"25": "S", "17": "S", "10": "S", "3": "N", "24": "N", "14": "W", "6": "E", "29": "N", "21": "S", "20": "W", "18": "N", "28": "W", "11": "E", "19": "E", "2": "W"}, {"25": "S", "17": "E", "10": "S", "3": "N", "24": "N", "6": "E", "23": "W", "29": "W", "21": "S", "20": "W", "18": "W", "16": "E", "28": "W", "11": "N", "22": "E", "19": "E", "2": "N"}, {"17": "E", "10": "S", "23": "W", "29": "N", "21": "S", "18": "W", "16": "E", "28": "W", "11": "E", "19": "N", "2": "N"}, {"17": "E", "10": "S", "23": "W", "5": "S", "29": "W", "18": "W", "16": "E", "28": "N", "11": "E", "19": "E", "2": "N"}, {"17": "E", "10": "S", "23": "W", "18": "N", "16": "N", "11": "E", "22": "N", "19": "E"}, {"17": "E", "10": "S", "3": "N", "24": "N", "23": "W", "18": "N", "16": "N", "11": "E", "19": "E"}, {"17": "S", "10": "W", "3": "N", "24": "N", "23": "S", "5": "N", "18": "N", "22": "S", "19": "E"}, {"3": "N", "24": "N", "19": "E", "2": "E"}, {"3": "N", "19": "E"}, {"3": "N", "16": "E"}, {"3": "N", "16": "E"}, {"16": "E"}, {"16": "N"}, {"26": "W", "16": "E"}, {"26": "W", "4": "S"}, {"26": "W"}, {"26": "W"}, {"26": "W", "4": "N", "24": "S"}, {"26": "W"}, {"26": "W"}, {"26": "W", "24": "N"}, {"26": "W"}], "result": "SUCCESS", "makespan": 28, "sum": 239, "algo_name": "OutAndInByPercentage_dist_from_grid_BIT_", "extra": {"arrival_order": [27, 26, 25, 8, 1, 4, 17, 15, 13, 10, 3, 24, 14, 6, 23, 12, 9, 5, 0, 29, 21, 20, 18, 16, 7, 28, 11, 22, 19, 2], "time_arrived": [185, 52, 316, 115, 61, 177, 144, 254, 49, 172, 104, 286, 166, 89, 132, 84, 244, 76, 229, 308, 215, 205, 293, 159, 120, 40, 28, 19, 270, 196], "BIT_runs": 1, "old_makespan": 316, "old_sum": 429, "improved": "[27, 25, 8, 1, 4, 17, 15, 13, 10, 3, 24, 14, 6, 23, 12, 9, 5, 0, 29, 21, 20, 18, 16, 7, 28, 11, 22, 19, 2],", "goal_raise_for_bs": 32}}