{"instance": "small_free_002_10x10_50_50", "steps": [{"3": "E", "24": "N", "44": "S", "35": "E", "42": "N", "47": "E", "13": "S", "17": "N", "45": "W", "25": "W", "6": "W", "0": "N", "30": "N", "1": "E", "15": "E", "23": "W", "5": "N", "49": "N", "18": "S", "32": "E", "37": "W", "19": "N", "11": "N", "43": "E", "29": "N", "10": "S", "28": "E", "33": "W", "38": "W", "20": "S", "16": "W", "7": "E", "34": "N"}, {"3": "E", "24": "N", "44": "S", "14": "E", "35": "E", "42": "N", "13": "S", "45": "W", "31": "E", "41": "W", "25": "W", "6": "W", "0": "E", "30": "N", "21": "N", "1": "E", "15": "E", "5": "N", "18": "E", "32": "E", "37": "N", "11": "N", "29": "W", "39": "W", "28": "N", "4": "N", "33": "W", "38": "N", "20": "S", "22": "N", "16": "S", "7": "N"}, {"3": "N", "44": "S", "14": "S", "42": "N", "47": "S", "13": "S", "45": "N", "31": "S", "41": "N", "25": "S", "36": "S", "30": "N", "40": "W", "21": "W", "2": "W", "26": "N", "15": "S", "9": "E", "5": "N", "32": "N", "27": "N", "48": "S", "37": "N", "19": "N", "11": "N", "29": "W", "10": "S", "39": "W", "28": "N", "4": "W", "33": "N", "46": "W", "20": "E", "12": "W", "16": "W"}, {"44": "E", "14": "S", "35": "E", "42": "E", "13": "E", "25": "S", "36": "S", "6": "N", "0": "E", "40": "W", "21": "W", "2": "W", "26": "E", "15": "S", "23": "E", "5": "E", "49": "W", "32": "E", "27": "E", "37": "W", "11": "N", "8": "E", "43": "E", "29": "N", "10": "E", "39": "S", "28": "E", "4": "W", "33": "N", "46": "S", "38": "W", "20": "E", "22": "N", "16": "W"}, {"3": "E", "44": "E", "14": "E", "35": "E", "42": "E", "13": "E", "25": "S", "36": "S", "6": "N", "0": "E", "30": "S", "40": "W", "21": "W", "2": "N", "26": "E", "9": "W", "23": "N", "5": "E", "49": "W", "18": "E", "32": "S", "48": "E", "37": "W", "19": "N", "11": "W", "8": "E", "43": "E", "29": "W", "10": "S", "39": "S", "28": "E", "4": "W", "33": "N", "46": "S", "38": "W", "20": "E", "12": "W", "22": "W", "16": "W", "34": "N"}, {"24": "N", "14": "E", "35": "E", "42": "E", "47": "N", "13": "N", "25": "S", "36": "S", "0": "E", "30": "E", "40": "W", "21": "W", "2": "W", "1": "E", "26": "E", "9": "S", "23": "N", "5": "E", "49": "W", "18": "S", "32": "E", "27": "N", "37": "S", "19": "N", "11": "S", "8": "E", "43": "E", "10": "E", "39": "W", "28": "N", "4": "W", "33": "N", "46": "S", "38": "W", "20": "N", "12": "S", "22": "N", "16": "W", "34": "N"}, {"14": "E", "35": "N", "13": "N", "0": "S", "30": "E", "40": "W", "21": "W", "2": "N", "1": "E", "26": "E", "15": "W", "9": "S", "23": "E", "5": "E", "49": "W", "18": "W", "27": "E", "48": "E", "37": "S", "11": "W", "8": "E", "43": "S", "39": "W", "28": "N", "33": "N", "46": "S", "38": "W", "20": "E", "12": "S", "22": "W", "16": "W"}, {"14": "E", "35": "E", "13": "N", "40": "W", "2": "N", "1": "E", "26": "S", "15": "S", "9": "S", "23": "N", "5": "S", "49": "W", "18": "W", "32": "E", "27": "E", "37": "S", "19": "N", "11": "S", "8": "E", "43": "S", "29": "W", "39": "N", "28": "N", "4": "W", "33": "N", "46": "S", "38": "W", "20": "E", "12": "S", "22": "W", "16": "N", "7": "N", "34": "W"}, {"35": "N", "2": "N", "1": "E", "15": "W", "9": "E", "23": "W", "5": "E", "49": "W", "18": "W", "32": "E", "27": "N", "48": "W", "19": "N", "11": "S", "8": "N", "43": "E", "29": "S", "10": "N", "39": "N", "28": "W", "33": "E", "46": "E", "38": "W", "20": "E", "12": "S", "16": "N", "7": "N", "34": "N"}, {"3": "S", "35": "N", "15": "W", "9": "E", "23": "W", "49": "N", "18": "S", "32": "E", "27": "E", "48": "N", "37": "S", "19": "E", "11": "W", "8": "N", "43": "E", "29": "S", "10": "N", "39": "N", "28": "N", "4": "W", "33": "E", "46": "E", "38": "W", "20": "S", "12": "S", "22": "W", "16": "N", "7": "N", "34": "N"}, {"3": "W", "35": "W", "15": "W", "9": "E", "23": "N", "18": "W", "32": "E", "48": "W", "37": "S", "11": "W", "8": "N", "43": "E", "29": "W", "10": "E", "28": "W", "4": "W", "33": "N", "46": "E", "20": "S", "12": "S", "22": "W", "16": "W", "7": "N", "34": "N"}, {"3": "W", "35": "W", "15": "W", "23": "N", "18": "S", "32": "N", "48": "S", "37": "S", "11": "S", "8": "N", "43": "E", "29": "S", "10": "E", "28": "N", "33": "N", "38": "N", "20": "S", "12": "S", "16": "N", "7": "N", "34": "E"}, {"3": "W", "35": "W", "47": "S", "30": "S", "15": "N", "23": "N", "18": "S", "27": "W", "48": "W", "37": "S", "11": "S", "43": "N", "29": "S", "10": "E", "39": "N", "28": "N", "4": "W", "33": "E", "46": "S", "20": "S", "12": "W", "22": "W", "16": "N", "7": "W", "34": "N"}, {"3": "W", "35": "W", "47": "S", "30": "E", "48": "W", "37": "S", "11": "W", "43": "N", "29": "S", "10": "E", "28": "W", "4": "S", "33": "E", "46": "S", "38": "S", "20": "S", "22": "W", "16": "N", "7": "N", "34": "N"}, {"3": "W", "35": "W", "30": "E", "27": "N", "37": "E", "11": "S", "43": "W", "29": "S", "28": "W", "4": "S", "33": "E", "46": "E", "38": "S", "20": "W", "16": "N", "34": "E"}, {"3": "N", "35": "W", "42": "N", "47": "N", "30": "E", "37": "E", "11": "S", "29": "S", "10": "E", "28": "W", "4": "S", "33": "N", "46": "E", "38": "S", "20": "S", "16": "N", "34": "E"}, {"3": "N", "35": "W", "47": "N", "30": "N", "48": "W", "11": "S", "29": "S", "28": "W", "4": "S", "33": "E", "46": "N", "38": "S", "20": "S", "22": "W", "16": "N", "34": "E"}, {"24": "W", "35": "W", "27": "S", "48": "N", "11": "S", "29": "S", "10": "W", "28": "W", "4": "S", "33": "E", "46": "E", "38": "S", "20": "W", "22": "W", "16": "E", "7": "N", "34": "E"}, {"24": "S", "35": "W", "42": "S", "48": "N", "11": "S", "29": "E", "39": "E", "28": "S", "4": "E", "33": "S", "46": "N", "38": "S", "20": "W", "7": "W", "34": "E"}, {"24": "S", "35": "N", "48": "W", "11": "E", "29": "E", "39": "N", "33": "S", "46": "E", "38": "S", "7": "W", "34": "E"}, {"24": "S", "48": "W", "11": "E", "39": "N", "33": "E", "38": "S", "7": "W", "34": "E"}, {"24": "S", "48": "N", "11": "E", "39": "W", "33": "S", "7": "W", "34": "S"}, {"24": "S", "48": "N", "7": "W", "34": "E"}, {"24": "E", "48": "E", "7": "W", "34": "E"}, {"24": "E", "48": "E", "7": "W", "34": "S"}, {"24": "E", "48": "E", "7": "S"}], "result": "SUCCESS", "makespan": 26, "sum": 546, "algo_name": "OutAndInByPercentage_dist_from_target_BIT_", "extra": {"arrival_order": [3, 24, 44, 14, 35, 42, 47, 13, 17, 45, 31, 41, 25, 36, 6, 0, 30, 40, 21, 2, 1, 26, 15, 9, 23, 5, 49, 18, 32, 27, 48, 37, 19, 11, 8, 43, 29, 10, 39, 28, 4, 33, 46, 38, 20, 12, 22, 16, 7, 34], "time_arrived": [143, 192, 183, 17, 482, 244, 133, 629, 385, 224, 434, 373, 569, 87, 47, 214, 608, 93, 268, 355, 552, 174, 587, 234, 26, 118, 202, 297, 466, 418, 152, 105, 281, 501, 650, 60, 125, 335, 533, 450, 163, 111, 77, 400, 37, 99, 518, 83, 317, 255], "BIT_runs": 1, "old_makespan": 650, "old_sum": 858, "improved": "[44, 14, 35, 42, 47, 13, 17, 45, 31, 41, 25, 36, 6, 0, 30, 40, 21, 2, 1, 26, 15, 9, 23, 5, 49, 18, 32, 27, 48, 37, 19, 11, 8, 43, 29, 10, 39, 28, 4, 33, 46, 38, 20, 12, 22, 16, 7, 34],", "goal_raise_for_bs": 32}}