{"instance": "small_free_006_10x10_90_90", "steps": [{"80": "N", "73": "N", "14": "N", "15": "N", "52": "N", "18": "N", "32": "N", "33": "N", "83": "N", "25": "N", "30": "N", "7": "N", "88": "N", "12": "N", "54": "N", "53": "N", "59": "N", "0": "N", "48": "N", "86": "N", "70": "N", "84": "N", "29": "N", "6": "N", "19": "N", "3": "N", "21": "N", "66": "N", "74": "N", "51": "N", "43": "N", "45": "N", "78": "N", "76": "N", "5": "N", "38": "N", "61": "N", "35": "N", "68": "N", "22": "N", "8": "N", "60": "N", "41": "N", "79": "N", "2": "N", "16": "N", "27": "N", "39": "N", "11": "N", "13": "N", "4": "N", "72": "N", "31": "N", "58": "N", "28": "N", "75": "N", "85": "N", "47": "N", "23": "N", "64": "N", "37": "N", "1": "N", "81": "N", "20": "N", "56": "N", "65": "N", "63": "N", "87": "N", "89": "N", "40": "N", "77": "N", "24": "N", "82": "N", "49": "N", "9": "N", "17": "N", "55": "N", "10": "N", "46": "N", "67": "N", "71": "W", "50": "N", "62": "N", "42": "N", "34": "N", "44": "N", "26": "N", "69": "N", "36": "N", "57": "N"}, {"80": "N", "73": "N", "14": "N", "15": "N", "52": "N", "18": "N", "32": "N", "33": "N", "83": "N", "25": "N", "30": "N", "7": "N", "88": "N", "12": "N", "54": "N", "53": "N", "59": "N", "0": "N", "48": "N", "86": "N", "70": "N", "84": "N", "29": "N", "6": "N", "19": "N", "3": "N", "21": "N", "66": "N", "74": "N", "51": "N", "43": "N", "45": "N", "78": "N", "76": "N", "5": "N", "38": "N", "61": "N", "35": "N", "68": "N", "22": "N", "8": "N", "60": "N", "41": "N", "79": "N", "2": "N", "16": "N", "27": "N", "39": "N", "11": "N", "13": "N", "4": "N", "72": "N", "31": "N", "58": "N", "28": "N", "75": "N", "85": "N", "47": "N", "23": "N", "64": "N", "37": "N", "1": "N", "81": "N", "20": "N", "56": "N", "65": "N", "63": "N", "87": "N", "89": "N", "40": "N", "77": "N", "24": "N", "82": "N", "49": "N", "9": "N", "17": "N", "55": "N", "10": "N", "46": "N", "67": "N", "71": "W", "50": "W", "62": "N", "42": "N", "34": "N", "44": "N", "26": "N", "69": "N", "36": "N", "57": "N"}, {"80": "N", "73": "N", "14": "N", "15": "N", "52": "N", "18": "N", "32": "N", "33": "N", "83": "N", "25": "N", "30": "N", "7": "N", "88": "N", "12": "N", "54": "N", "53": "N", "59": "N", "0": "N", "48": "N", "86": "N", "70": "N", "84": "N", "29": "N", "6": "N", "19": "N", "3": "N", "21": "N", "66": "N", "74": "N", "51": "N", "43": "N", "45": "N", "78": "N", "76": "N", "5": "N", "38": "N", "61": "N", "35": "N", "68": "N", "22": "N", "8": "N", "60": "N", "41": "N", "79": "N", "2": "N", "16": "N", "27": "N", "39": "N", "11": "N", "13": "N", "4": "N", "72": "N", "31": "N", "58": "N", "28": "N", "75": "N", "85": "N", "47": "N", "23": "N", "64": "N", "37": "N", "1": "N", "81": "N", "20": "N", "56": "N", "65": "N", "63": "N", "87": "N", "89": "N", "40": "N", "77": "N", "24": "N", "82": "N", "49": "N", "9": "N", "17": "N", "55": "N", "10": "N", "46": "N", "67": "N", "71": "W", "50": "W", "62": "W", "42": "N", "34": "N", "44": "N", "26": "N", "69": "N", "36": "N", "57": "N"}, {"80": "N", "73": "N", "14": "N", "15": "N", "52": "N", "18": "N", "32": "N", "33": "N", "83": "N", "25": "N", "30": "N", "7": "N", "88": "N", "12": "N", "54": "N", "53": "N", "59": "N", "0": "N", "48": "N", "86": "N", "70": "N", "84": "N", "29": "N", "6": "N", "19": "N", "3": "N", "21": "N", "66": "N", "74": "N", "51": "N", "43": "N", "45": "N", "78": "N", "76": "N", "5": "N", "38": "N", "61": "N", "35": "N", "68": "N", "22": "N", "8": "N", "60": "N", "41": "N", "79": "N", "2": "N", "16": "N", "27": "N", "39": "N", "11": "N", "13": "N", "4": "N", "72": "N", "31": "N", "58": "N", "28": "N", "75": "N", "85": "N", "47": "N", "23": "N", "64": "N", "37": "N", "1": "N", "81": "N", "20": "N", "56": "N", "65": "N", "63": "N", "87": "N", "89": "N", "40": "N", "77": "N", "24": "N", "82": "N", "49": "N", "9": "N", "17": "N", "55": "N", "10": "N", "46": "N", "67": "N", "50": "W", "62": "W", "42": "W", "34": "N", "44": "N", "26": "N", "69": "N", "36": "N", "57": "N"}, {"80": "N", "73": "N", "14": "N", "15": "N", "52": "N", "18": "N", "32": "N", "33": "N", "83": "N", "25": "N", "30": "N", "7": "N", "88": "N", "12": "N", "54": "N", "53": "N", "59": "N", "0": "N", "48": "N", "86": "N", "70": "N", "84": "N", "29": "N", "6": "N", "19": "N", "3": "N", "21": "N", "66": "N", "74": "N", "51": "N", "43": "N", "45": "N", "78": "N", "76": "N", "5": "N", "38": "N", "61": "N", "35": "N", "68": "N", "22": "N", "8": "N", "60": "N", "41": "N", "79": "N", "2": "N", "16": "N", "27": "N", "39": "N", "11": "N", "13": "N", "4": "N", "72": "N", "31": "N", "58": "N", "28": "N", "75": "N", "85": "N", "47": "N", "23": "N", "64": "N", "37": "N", "1": "N", "81": "N", "20": "N", "56": "N", "65": "N", "63": "N", "87": "N", "89": "N", "40": "N", "77": "N", "24": "N", "82": "N", "49": "N", "9": "N", "17": "N", "55": "N", "10": "N", "46": "N", "67": "N", "50": "W", "62": "W", "42": "W", "34": "W", "44": "N", "26": "N", "69": "N", "36": "N", "57": "N"}, {"80": "N", "73": "N", "14": "N", "15": "N", "52": "N", "18": "N", "32": "N", "33": "N", "83": "N", "25": "N", "30": "N", "7": "N", "88": "N", "12": "N", "54": "N", "53": "N", "59": "N", "0": "N", "48": "N", "86": "N", "70": "N", "84": "N", "29": "N", "6": "N", "19": "N", "3": "N", "21": "N", "66": "N", "74": "N", "51": "N", "43": "N", "45": "N", "78": "N", "76": "N", "5": "N", "38": "N", "61": "N", "35": "N", "68": "N", "22": "N", "8": "N", "60": "N", "41": "N", "79": "N", "2": "N", "16": "N", "27": "N", "39": "N", "11": "N", "13": "N", "4": "N", "72": "N", "31": "N", "58": "N", "28": "N", "75": "N", "85": "N", "47": "N", "23": "N", "64": "N", "37": "N", "1": "N", "81": "N", "20": "N", "56": "N", "65": "N", "63": "N", "87": "N", "89": "N", "40": "N", "77": "N", "24": "N", "82": "N", "49": "N", "9": "N", "17": "N", "55": "N", "10": "N", "46": "N", "67": "N", "62": "W", "42": "W", "34": "W", "44": "W", "26": "N", "69": "N", "36": "N", "57": "N"}, {"80": "N", "73": "N", "14": "N", "15": "N", "52": "N", "18": "N", "32": "N", "33": "N", "83": "N", "25": "N", "30": "N", "7": "N", "88": "N", "12": "N", "54": "N", "53": "N", "59": "N", "0": "N", "48": "N", "86": "N", "70": "N", "84": "N", "29": "N", "6": "N", "19": "N", "3": "N", "21": "N", "66": "N", "74": "N", "51": "N", "43": "N", "45": "N", "78": "N", "76": "N", "5": "N", "38": "N", "61": "N", "35": "N", "68": "N", "22": "N", "8": "N", "60": "N", "41": "N", "79": "N", "2": "N", "16": "N", "27": "N", "39": "N", "11": "N", "13": "N", "4": "N", "72": "N", "31": "N", "58": "N", "28": "N", "75": "N", "85": "N", "47": "N", "23": "N", "64": "N", "37": "N", "1": "N", "81": "N", "20": "N", "56": "N", "65": "N", "63": "N", "87": "N", "89": "N", "40": "N", "77": "N", "24": "N", "82": "N", "49": "N", "9": "N", "17": "N", "55": "N", "10": "N", "46": "N", "67": "N", "62": "W", "42": "W", "34": "W", "44": "W", "26": "W", "69": "N", "36": "N", "57": "N"}, {"80": "N", "73": "N", "14": "N", "15": "N", "52": "N", "18": "N", "32": "N", "33": "N", "83": "N", "25": "N", "30": "N", "7": "N", "88": "N", "12": "N", "54": "N", "53": "N", "59": "N", "0": "N", "48": "N", "86": "N", "70": "N", "84": "N", "29": "N", "6": "N", "19": "N", "3": "N", "21": "N", "66": "N", "74": "N", "51": "N", "43": "N", "45": "N", "78": "N", "76": "N", "5": "N", "38": "N", "61": "N", "35": "N", "68": "N", "22": "N", "8": "N", "60": "N", "41": "N", "79": "N", "2": "N", "16": "N", "27": "N", "39": "N", "11": "N", "13": "N", "4": "N", "72": "N", "31": "N", "58": "N", "28": "N", "75": "N", "85": "N", "47": "N", "23": "N", "64": "N", "37": "N", "1": "N", "81": "N", "20": "N", "56": "N", "65": "N", "63": "N", "87": "N", "89": "N", "40": "N", "77": "N", "24": "N", "82": "N", "49": "N", "9": "N", "17": "N", "55": "N", "10": "N", "46": "N", "67": "N", "42": "W", "34": "W", "44": "W", "26": "W", "69": "W", "36": "N", "57": "N"}, {"80": "N", "73": "N", "14": "N", "15": "N", "52": "N", "18": "N", "32": "N", "33": "N", "83": "N", "25": "N", "30": "N", "7": "N", "88": "N", "12": "N", "54": "N", "53": "N", "59": "N", "0": "N", "48": "N", "86": "N", "70": "N", "84": "N", "29": "N", "6": "N", "19": "N", "3": "N", "21": "N", "66": "N", "74": "N", "51": "N", "43": "N", "45": "N", "78": "N", "76": "N", "5": "N", "38": "N", "61": "N", "35": "N", "68": "N", "22": "N", "8": "N", "60": "N", "41": "N", "79": "N", "2": "N", "16": "N", "27": "N", "39": "N", "11": "N", "13": "N", "4": "N", "72": "N", "31": "N", "58": "N", "28": "N", "75": "N", "85": "N", "47": "N", "23": "N", "64": "N", "37": "N", "1": "N", "81": "N", "20": "N", "56": "N", "65": "N", "63": "N", "87": "N", "89": "N", "40": "N", "77": "N", "24": "N", "82": "N", "49": "N", "9": "N", "17": "N", "55": "N", "10": "N", "46": "N", "67": "N", "42": "W", "34": "W", "44": "W", "26": "W", "69": "W", "36": "W", "57": "N"}, {"80": "N", "73": "N", "14": "N", "15": "N", "52": "N", "18": "N", "32": "N", "33": "N", "83": "N", "25": "N", "30": "N", "7": "N", "88": "N", "12": "N", "54": "N", "53": "N", "59": "N", "0": "N", "48": "N", "86": "N", "70": "N", "84": "N", "29": "N", "6": "N", "19": "N", "3": "N", "21": "N", "66": "N", "74": "N", "51": "N", "43": "N", "45": "N", "78": "N", "76": "N", "5": "N", "38": "N", "61": "N", "35": "N", "68": "N", "22": "N", "8": "N", "60": "N", "41": "N", "79": "N", "2": "N", "16": "N", "27": "N", "39": "N", "11": "N", "13": "N", "4": "N", "72": "N", "31": "N", "58": "N", "28": "N", "75": "N", "85": "N", "47": "N", "23": "N", "64": "N", "37": "N", "1": "N", "81": "N", "20": "N", "56": "N", "65": "N", "63": "N", "87": "N", "89": "N", "40": "N", "77": "N", "24": "W", "82": "N", "49": "N", "9": "N", "17": "N", "55": "N", "10": "N", "46": "N", "67": "N", "34": "W", "44": "W", "26": "W", "69": "W", "36": "W", "57": "W"}, {"80": "N", "73": "N", "14": "N", "15": "N", "52": "N", "18": "N", "32": "N", "33": "N", "83": "N", "25": "N", "30": "N", "7": "N", "88": "N", "12": "N", "54": "N", "53": "N", "59": "N", "0": "N", "48": "N", "86": "N", "70": "N", "84": "N", "29": "N", "6": "N", "19": "N", "3": "N", "21": "N", "66": "N", "74": "N", "51": "N", "43": "N", "45": "N", "78": "N", "76": "N", "5": "N", "38": "N", "61": "N", "35": "N", "68": "N", "22": "N", "8": "N", "60": "N", "41": "N", "79": "N", "2": "N", "16": "N", "27": "N", "39": "N", "11": "N", "13": "N", "4": "N", "72": "N", "31": "N", "58": "N", "28": "N", "75": "N", "85": "N", "47": "N", "23": "N", "64": "N", "37": "N", "1": "N", "81": "N", "20": "N", "56": "N", "65": "N", "63": "N", "87": "N", "89": "N", "40": "N", "77": "N", "24": "W", "82": "W", "49": "N", "9": "N", "17": "N", "55": "N", "10": "N", "46": "N", "67": "N", "34": "W", "44": "W", "26": "W", "69": "W", "36": "W", "57": "W"}, {"80": "N", "73": "N", "14": "N", "15": "N", "52": "N", "18": "N", "32": "N", "33": "N", "83": "N", "25": "N", "30": "N", "7": "N", "88": "N", "12": "N", "54": "N", "53": "N", "59": "N", "0": "N", "48": "N", "86": "N", "70": "N", "84": "N", "29": "N", "6": "N", "19": "N", "3": "N", "21": "N", "66": "N", "74": "N", "51": "N", "43": "N", "45": "N", "78": "N", "76": "N", "5": "N", "38": "N", "61": "N", "35": "N", "68": "N", "22": "N", "8": "N", "60": "N", "41": "N", "79": "N", "2": "N", "16": "N", "27": "N", "39": "N", "11": "N", "13": "N", "4": "N", "72": "N", "31": "N", "58": "N", "28": "N", "75": "N", "85": "N", "47": "N", "23": "N", "64": "N", "37": "N", "1": "N", "81": "N", "20": "N", "56": "N", "65": "N", "63": "N", "87": "N", "89": "N", "40": "N", "77": "N", "24": "W", "82": "W", "49": "W", "9": "N", "17": "N", "55": "N", "10": "N", "46": "N", "67": "N", "44": "W", "26": "W", "69": "W", "36": "W", "57": "W"}, {"80": "N", "73": "N", "14": "N", "15": "N", "52": "N", "18": "N", "32": "N", "33": "N", "83": "N", "25": "N", "30": "N", "7": "N", "88": "N", "12": "N", "54": "N", "53": "N", "59": "N", "0": "N", "48": "N", "86": "N", "70": "N", "84": "N", "29": "N", "6": "N", "19": "N", "3": "N", "21": "N", "66": "N", "74": "N", "51": "N", "43": "N", "45": "N", "78": "N", "76": "N", "5": "N", "38": "N", "61": "N", "35": "N", "68": "N", "22": "N", "8": "N", "60": "N", "41": "N", "79": "N", "2": "N", "16": "N", "27": "N", "39": "N", "11": "N", "13": "N", "4": "N", "72": "N", "31": "N", "58": "N", "28": "N", "75": "N", "85": "N", "47": "N", "23": "N", "64": "N", "37": "N", "1": "N", "81": "N", "20": "N", "56": "N", "65": "N", "63": "N", "87": "N", "89": "N", "40": "N", "77": "N", "82": "W", "49": "W", "9": "W", "17": "N", "55": "N", "10": "N", "46": "N", "67": "N", "44": "W", "26": "W", "69": "W", "36": "W", "57": "W"}, {"80": "N", "73": "N", "14": "N", "15": "N", "52": "N", "18": "N", "32": "N", "33": "N", "83": "N", "25": "N", "30": "N", "7": "N", "88": "N", "12": "N", "54": "N", "53": "N", "59": "N", "0": "N", "48": "N", "86": "N", "70": "N", "84": "N", "29": "N", "6": "N", "19": "N", "3": "N", "21": "N", "66": "N", "74": "N", "51": "N", "43": "N", "45": "N", "78": "N", "76": "N", "5": "N", "38": "N", "61": "N", "35": "N", "68": "N", "22": "N", "8": "N", "60": "N", "41": "N", "79": "N", "2": "N", "16": "N", "27": "N", "39": "N", "11": "N", "13": "N", "4": "N", "72": "N", "31": "N", "58": "N", "28": "N", "75": "N", "85": "N", "47": "N", "23": "N", "64": "N", "37": "N", "1": "N", "81": "N", "20": "N", "56": "N", "65": "N", "63": "N", "87": "N", "89": "N", "40": "N", "77": "N", "82": "W", "49": "W", "9": "W", "17": "W", "55": "N", "10": "N", "46": "N", "67": "N", "26": "W", "69": "W", "36": "W", "57": "W"}, {"80": "N", "73": "N", "14": "N", "15": "N", "52": "N", "18": "N", "32": "N", "33": "N", "83": "N", "25": "N", "30": "N", "7": "N", "88": "N", "12": "N", "54": "N", "53": "N", "59": "N", "0": "N", "48": "N", "86": "N", "70": "N", "84": "N", "29": "N", "6": "N", "19": "N", "3": "N", "21": "N", "66": "N", "74": "N", "51": "N", "43": "N", "45": "N", "78": "N", "76": "N", "5": "N", "38": "N", "61": "N", "35": "N", "68": "N", "22": "N", "8": "N", "60": "N", "41": "N", "79": "N", "2": "N", "16": "N", "27": "N", "39": "N", "11": "N", "13": "N", "4": "N", "72": "N", "31": "N", "58": "N", "28": "N", "75": "N", "85": "N", "47": "N", "23": "N", "64": "N", "37": "N", "1": "N", "81": "N", "20": "N", "56": "N", "65": "N", "63": "N", "87": "N", "89": "N", "40": "N", "77": "N", "49": "W", "9": "W", "17": "W", "55": "W", "10": "N", "46": "N", "67": "N", "26": "W", "69": "W", "36": "W", "57": "W"}, {"80": "N", "73": "N", "14": "N", "15": "N", "52": "N", "18": "N", "32": "N", "33": "N", "83": "N", "25": "N", "30": "N", "7": "N", "88": "N", "12": "N", "54": "N", "53": "N", "59": "N", "0": "N", "48": "N", "86": "N", "70": "N", "84": "N", "29": "N", "6": "N", "19": "N", "3": "N", "21": "N", "66": "N", "74": "N", "51": "N", "43": "N", "45": "N", "78": "N", "76": "N", "5": "N", "38": "N", "61": "N", "35": "N", "68": "N", "22": "N", "8": "N", "60": "N", "41": "N", "79": "N", "2": "N", "16": "N", "27": "N", "39": "N", "11": "N", "13": "N", "4": "N", "72": "N", "31": "N", "58": "N", "28": "N", "75": "N", "85": "N", "47": "N", "23": "N", "64": "N", "37": "N", "1": "N", "81": "N", "20": "N", "56": "N", "65": "N", "63": "N", "87": "N", "89": "N", "40": "N", "77": "N", "49": "W", "9": "W", "17": "W", "55": "W", "10": "W", "46": "N", "67": "N", "69": "W", "36": "W", "57": "W"}, {"80": "N", "73": "N", "14": "N", "15": "N", "52": "N", "18": "N", "32": "N", "33": "N", "83": "N", "25": "N", "30": "N", "7": "N", "88": "N", "12": "N", "54": "N", "53": "N", "59": "N", "0": "N", "48": "N", "86": "N", "70": "N", "84": "N", "29": "N", "6": "N", "19": "N", "3": "N", "21": "N", "66": "N", "74": "N", "51": "N", "43": "N", "45": "N", "78": "N", "76": "N", "5": "N", "38": "N", "61": "N", "35": "N", "68": "N", "22": "N", "8": "N", "60": "N", "41": "N", "79": "N", "2": "N", "16": "N", "27": "N", "39": "N", "11": "N", "13": "N", "4": "N", "72": "N", "31": "N", "58": "N", "28": "N", "75": "N", "85": "N", "47": "N", "23": "N", "64": "N", "37": "N", "1": "N", "81": "N", "20": "N", "56": "N", "65": "N", "63": "N", "87": "N", "89": "N", "40": "N", "77": "N", "9": "W", "17": "W", "55": "W", "10": "W", "46": "W", "67": "N", "69": "W", "36": "W", "57": "W"}, {"80": "N", "73": "N", "14": "N", "15": "N", "52": "N", "18": "N", "32": "N", "33": "N", "83": "N", "25": "N", "30": "N", "7": "N", "88": "N", "12": "N", "54": "N", "53": "N", "59": "N", "0": "N", "48": "N", "86": "N", "70": "N", "84": "N", "29": "N", "6": "N", "19": "N", "3": "N", "21": "N", "66": "N", "74": "N", "51": "N", "43": "N", "45": "N", "78": "N", "76": "N", "5": "N", "38": "N", "61": "N", "35": "N", "68": "N", "22": "N", "8": "N", "60": "N", "41": "N", "79": "N", "2": "N", "16": "N", "27": "N", "39": "N", "11": "N", "13": "N", "4": "N", "72": "N", "31": "N", "58": "N", "28": "N", "75": "N", "85": "N", "47": "N", "23": "N", "64": "N", "37": "N", "1": "N", "81": "N", "20": "N", "56": "W", "65": "N", "63": "N", "87": "N", "89": "N", "40": "N", "77": "N", "9": "W", "17": "W", "55": "W", "10": "W", "46": "W", "67": "W", "36": "W", "57": "W"}, {"80": "N", "73": "N", "14": "N", "15": "N", "52": "N", "18": "N", "32": "N", "33": "N", "83": "N", "25": "N", "30": "N", "7": "N", "88": "N", "12": "N", "54": "N", "53": "N", "59": "N", "0": "N", "48": "N", "86": "N", "70": "N", "84": "N", "29": "N", "6": "N", "19": "N", "3": "N", "21": "N", "66": "N", "74": "N", "51": "N", "43": "N", "45": "N", "78": "N", "76": "N", "5": "N", "38": "N", "61": "N", "35": "N", "68": "N", "22": "N", "8": "N", "60": "N", "41": "N", "79": "N", "2": "N", "16": "N", "27": "N", "39": "N", "11": "N", "13": "N", "4": "N", "72": "N", "31": "N", "58": "N", "28": "N", "75": "N", "85": "N", "47": "N", "23": "N", "64": "N", "37": "N", "1": "N", "81": "N", "20": "N", "56": "W", "65": "W", "63": "N", "87": "N", "89": "N", "40": "N", "77": "N", "9": "W", "17": "W", "55": "W", "10": "W", "46": "W", "67": "W", "36": "W", "57": "W"}, {"80": "N", "73": "N", "14": "N", "15": "N", "52": "N", "18": "N", "32": "N", "33": "N", "83": "N", "25": "N", "30": "N", "7": "N", "88": "N", "12": "N", "54": "N", "53": "N", "59": "N", "0": "N", "48": "N", "86": "N", "70": "N", "84": "N", "29": "N", "6": "N", "19": "N", "3": "N", "21": "N", "66": "N", "74": "N", "51": "N", "43": "N", "45": "N", "78": "N", "76": "N", "5": "N", "38": "N", "61": "N", "35": "N", "68": "N", "22": "N", "8": "N", "60": "N", "41": "N", "79": "N", "2": "N", "16": "N", "27": "N", "39": "N", "11": "N", "13": "N", "4": "N", "72": "N", "31": "N", "58": "N", "28": "N", "75": "N", "85": "N", "47": "N", "23": "N", "64": "N", "37": "N", "1": "N", "81": "N", "20": "N", "56": "W", "65": "W", "63": "W", "87": "N", "89": "N", "40": "N", "77": "N", "17": "W", "55": "W", "10": "W", "46": "W", "67": "W", "57": "W"}, {"80": "N", "73": "N", "14": "N", "15": "N", "52": "N", "18": "N", "32": "N", "33": "N", "83": "N", "25": "N", "30": "N", "7": "N", "88": "N", "12": "N", "54": "N", "53": "N", "59": "N", "0": "N", "48": "N", "86": "N", "70": "N", "84": "N", "29": "N", "6": "N", "19": "N", "3": "N", "21": "N", "66": "N", "74": "N", "51": "N", "43": "N", "45": "N", "78": "N", "76": "N", "5": "N", "38": "N", "61": "N", "35": "N", "68": "N", "22": "N", "8": "N", "60": "N", "41": "N", "79": "N", "2": "N", "16": "N", "27": "N", "39": "N", "11": "N", "13": "N", "4": "N", "72": "N", "31": "N", "58": "N", "28": "N", "75": "N", "85": "N", "47": "N", "23": "N", "64": "N", "37": "N", "1": "N", "81": "N", "20": "N", "56": "W", "65": "W", "63": "W", "87": "W", "89": "N", "40": "N", "77": "N", "17": "W", "55": "W", "10": "W", "46": "W", "67": "W", "57": "W"}, {"80": "N", "73": "N", "14": "N", "15": "N", "52": "N", "18": "N", "32": "N", "33": "N", "83": "N", "25": "N", "30": "N", "7": "N", "88": "N", "12": "N", "54": "N", "53": "N", "59": "N", "0": "N", "48": "N", "86": "N", "70": "N", "84": "N", "29": "N", "6": "N", "19": "N", "3": "N", "21": "N", "66": "N", "74": "N", "51": "N", "43": "N", "45": "N", "78": "N", "76": "N", "5": "N", "38": "N", "61": "N", "35": "N", "68": "N", "22": "N", "8": "N", "60": "N", "41": "N", "79": "N", "2": "N", "16": "N", "27": "N", "39": "N", "11": "N", "13": "N", "4": "N", "72": "N", "31": "N", "58": "N", "28": "N", "75": "N", "85": "N", "47": "N", "23": "N", "64": "N", "37": "N", "1": "N", "81": "N", "20": "N", "65": "W", "63": "W", "87": "W", "89": "W", "40": "N", "77": "N", "55": "W", "10": "W", "46": "W", "67": "W"}, {"80": "N", "73": "N", "14": "N", "15": "N", "52": "N", "18": "N", "32": "N", "33": "N", "83": "N", "25": "N", "30": "N", "7": "N", "88": "N", "12": "N", "54": "N", "53": "N", "59": "N", "0": "N", "48": "N", "86": "N", "70": "N", "84": "N", "29": "N", "6": "N", "19": "N", "3": "N", "21": "N", "66": "N", "74": "N", "51": "N", "43": "N", "45": "N", "78": "N", "76": "N", "5": "N", "38": "N", "61": "N", "35": "N", "68": "N", "22": "N", "8": "N", "60": "N", "41": "N", "79": "N", "2": "N", "16": "N", "27": "N", "39": "N", "11": "N", "13": "N", "4": "N", "72": "N", "31": "N", "58": "N", "28": "N", "75": "N", "85": "N", "47": "N", "23": "N", "64": "N", "37": "N", "1": "N", "81": "N", "20": "N", "65": "W", "63": "W", "87": "W", "89": "W", "40": "W", "77": "N", "55": "W", "10": "W", "46": "W", "67": "W"}, {"80": "N", "73": "N", "14": "N", "15": "N", "52": "N", "18": "N", "32": "N", "33": "N", "83": "N", "25": "N", "30": "N", "7": "N", "88": "N", "12": "N", "54": "N", "53": "N", "59": "N", "0": "N", "48": "N", "86": "N", "70": "N", "84": "N", "29": "N", "6": "N", "19": "N", "3": "N", "21": "N", "66": "N", "74": "N", "51": "N", "43": "N", "45": "N", "78": "N", "76": "N", "5": "N", "38": "N", "61": "N", "35": "N", "68": "N", "22": "N", "8": "N", "60": "N", "41": "N", "79": "N", "2": "N", "16": "N", "27": "N", "39": "N", "11": "N", "13": "N", "4": "N", "72": "N", "31": "N", "58": "N", "28": "N", "75": "W", "85": "N", "47": "N", "23": "N", "64": "N", "37": "N", "1": "N", "81": "N", "20": "N", "63": "W", "87": "W", "89": "W", "40": "W", "77": "W", "10": "W", "46": "W", "67": "W"}, {"80": "N", "73": "N", "14": "N", "15": "N", "52": "N", "18": "N", "32": "N", "33": "N", "83": "N", "25": "N", "30": "N", "7": "N", "88": "N", "12": "N", "54": "N", "53": "N", "59": "N", "0": "N", "48": "N", "86": "N", "70": "N", "84": "N", "29": "N", "6": "N", "19": "N", "3": "N", "21": "N", "66": "N", "74": "N", "51": "N", "43": "N", "45": "N", "78": "N", "76": "N", "5": "N", "38": "N", "61": "N", "35": "N", "68": "N", "22": "N", "8": "N", "60": "N", "41": "N", "79": "N", "2": "N", "16": "N", "27": "N", "39": "N", "11": "N", "13": "N", "4": "N", "72": "N", "31": "N", "58": "N", "28": "N", "75": "W", "85": "W", "47": "N", "23": "N", "64": "N", "37": "N", "1": "N", "81": "N", "20": "N", "63": "W", "87": "W", "89": "W", "40": "W", "77": "W", "10": "W", "46": "W", "67": "W"}, {"80": "N", "73": "N", "14": "N", "15": "N", "52": "N", "18": "N", "32": "N", "33": "N", "83": "N", "25": "N", "30": "N", "7": "N", "88": "N", "12": "N", "54": "N", "53": "N", "59": "N", "0": "N", "48": "N", "86": "N", "70": "N", "84": "N", "29": "N", "6": "N", "19": "N", "3": "N", "21": "N", "66": "N", "74": "N", "51": "N", "43": "N", "45": "N", "78": "N", "76": "N", "5": "N", "38": "N", "61": "N", "35": "N", "68": "N", "22": "N", "8": "N", "60": "N", "41": "N", "79": "N", "2": "N", "16": "N", "27": "N", "39": "N", "11": "N", "13": "N", "4": "N", "72": "N", "31": "N", "58": "N", "28": "N", "75": "W", "85": "W", "47": "W", "23": "N", "64": "N", "37": "N", "1": "N", "81": "N", "20": "N", "87": "W", "89": "W", "40": "W", "77": "W", "46": "W", "67": "W"}, {"80": "N", "73": "N", "14": "N", "15": "N", "52": "N", "18": "N", "32": "N", "33": "N", "83": "N", "25": "N", "30": "N", "7": "N", "88": "N", "12": "N", "54": "N", "53": "N", "59": "N", "0": "N", "48": "N", "86": "N", "70": "N", "84": "N", "29": "N", "6": "N", "19": "N", "3": "N", "21": "N", "66": "N", "74": "N", "51": "N", "43": "N", "45": "N", "78": "N", "76": "N", "5": "N", "38": "N", "61": "N", "35": "N", "68": "N", "22": "N", "8": "N", "60": "N", "41": "N", "79": "N", "2": "N", "16": "N", "27": "N", "39": "N", "11": "N", "13": "N", "4": "N", "72": "N", "31": "N", "58": "N", "28": "N", "85": "W", "47": "W", "23": "W", "64": "N", "37": "N", "1": "N", "81": "N", "20": "N", "87": "W", "89": "W", "40": "W", "77": "W", "46": "W", "67": "W"}, {"80": "N", "73": "N", "14": "N", "15": "N", "52": "N", "18": "N", "32": "N", "33": "N", "83": "N", "25": "N", "30": "N", "7": "N", "88": "N", "12": "N", "54": "N", "53": "N", "59": "N", "0": "N", "48": "N", "86": "N", "70": "N", "84": "N", "29": "N", "6": "N", "19": "N", "3": "N", "21": "N", "66": "N", "74": "N", "51": "N", "43": "N", "45": "N", "78": "N", "76": "N", "5": "N", "38": "N", "61": "N", "35": "N", "68": "N", "22": "N", "8": "N", "60": "N", "41": "N", "79": "N", "2": "N", "16": "N", "27": "N", "39": "N", "11": "N", "13": "N", "4": "N", "72": "N", "31": "N", "58": "N", "28": "N", "85": "W", "47": "W", "23": "W", "64": "W", "37": "N", "1": "N", "81": "N", "20": "N", "87": "W", "89": "W", "40": "W", "77": "W", "67": "W"}, {"80": "N", "73": "N", "14": "N", "15": "N", "52": "N", "18": "N", "32": "N", "33": "N", "83": "N", "25": "N", "30": "N", "7": "N", "88": "N", "12": "N", "54": "N", "53": "N", "59": "N", "0": "N", "48": "N", "86": "N", "70": "N", "84": "N", "29": "N", "6": "N", "19": "N", "3": "N", "21": "N", "66": "N", "74": "N", "51": "N", "43": "N", "45": "N", "78": "N", "76": "N", "5": "N", "38": "N", "61": "N", "35": "N", "68": "N", "22": "N", "8": "N", "60": "N", "41": "N", "79": "N", "2": "N", "16": "N", "27": "N", "39": "N", "11": "N", "13": "N", "4": "N", "72": "N", "31": "N", "58": "N", "28": "N", "47": "W", "23": "W", "64": "W", "37": "W", "1": "N", "81": "N", "20": "N", "87": "W", "89": "W", "40": "W", "77": "W", "67": "W"}, {"80": "N", "73": "N", "14": "N", "15": "N", "52": "N", "18": "N", "32": "N", "33": "N", "83": "N", "25": "N", "30": "N", "7": "N", "88": "N", "12": "N", "54": "N", "53": "N", "59": "N", "0": "N", "48": "N", "86": "N", "70": "N", "84": "N", "29": "N", "6": "N", "19": "N", "3": "N", "21": "N", "66": "N", "74": "N", "51": "N", "43": "N", "45": "N", "78": "N", "76": "N", "5": "N", "38": "N", "61": "N", "35": "N", "68": "N", "22": "N", "8": "N", "60": "N", "41": "N", "79": "N", "2": "N", "16": "N", "27": "N", "39": "N", "11": "N", "13": "N", "4": "N", "72": "N", "31": "N", "58": "N", "28": "N", "47": "W", "23": "W", "64": "W", "37": "W", "1": "W", "81": "N", "20": "N", "89": "W", "40": "W", "77": "W"}, {"80": "N", "73": "N", "14": "N", "15": "N", "52": "N", "18": "N", "32": "N", "33": "N", "83": "N", "25": "N", "30": "N", "7": "N", "88": "N", "12": "N", "54": "N", "53": "N", "59": "N", "0": "N", "48": "N", "86": "N", "70": "N", "84": "N", "29": "N", "6": "N", "19": "N", "3": "N", "21": "N", "66": "N", "74": "N", "51": "N", "43": "N", "45": "N", "78": "N", "76": "N", "5": "N", "38": "N", "61": "N", "35": "N", "68": "N", "22": "N", "8": "N", "60": "N", "41": "N", "79": "N", "2": "N", "16": "N", "27": "N", "39": "N", "11": "N", "13": "N", "4": "N", "72": "N", "31": "N", "58": "N", "28": "N", "47": "W", "23": "W", "64": "W", "37": "W", "1": "W", "81": "W", "20": "N", "89": "W", "40": "W", "77": "W"}, {"80": "N", "73": "N", "14": "N", "15": "N", "52": "N", "18": "N", "32": "N", "33": "N", "83": "N", "25": "N", "30": "N", "7": "N", "88": "N", "12": "N", "54": "N", "53": "N", "59": "N", "0": "N", "48": "N", "86": "N", "70": "N", "84": "N", "29": "N", "6": "N", "19": "N", "3": "N", "21": "N", "66": "N", "74": "N", "51": "N", "43": "N", "45": "N", "78": "N", "76": "N", "5": "N", "38": "N", "61": "N", "35": "N", "68": "N", "22": "N", "8": "N", "60": "N", "41": "N", "79": "N", "2": "N", "16": "N", "27": "W", "39": "N", "11": "N", "13": "N", "4": "N", "72": "N", "31": "N", "58": "N", "28": "N", "23": "W", "64": "W", "37": "W", "1": "W", "81": "W", "20": "W", "40": "W", "77": "W"}, {"80": "N", "73": "N", "14": "N", "15": "N", "52": "N", "18": "N", "32": "N", "33": "N", "83": "N", "25": "N", "30": "N", "7": "N", "88": "N", "12": "N", "54": "N", "53": "N", "59": "N", "0": "N", "48": "N", "86": "N", "70": "N", "84": "N", "29": "N", "6": "N", "19": "N", "3": "N", "21": "N", "66": "N", "74": "N", "51": "N", "43": "N", "45": "N", "78": "N", "76": "N", "5": "N", "38": "N", "61": "N", "35": "N", "68": "N", "22": "N", "8": "N", "60": "N", "41": "N", "79": "N", "2": "N", "16": "N", "27": "W", "39": "W", "11": "N", "13": "N", "4": "N", "72": "N", "31": "N", "58": "N", "28": "N", "23": "W", "64": "W", "37": "W", "1": "W", "81": "W", "20": "W", "40": "W", "77": "W"}, {"80": "N", "73": "N", "14": "N", "15": "N", "52": "N", "18": "N", "32": "N", "33": "N", "83": "N", "25": "N", "30": "N", "7": "N", "88": "N", "12": "N", "54": "N", "53": "N", "59": "N", "0": "N", "48": "N", "86": "N", "70": "N", "84": "N", "29": "N", "6": "N", "19": "N", "3": "N", "21": "N", "66": "N", "74": "N", "51": "N", "43": "N", "45": "N", "78": "N", "76": "N", "5": "N", "38": "N", "61": "N", "35": "N", "68": "N", "22": "N", "8": "N", "60": "N", "41": "N", "79": "N", "2": "N", "16": "N", "27": "W", "39": "W", "11": "W", "13": "N", "4": "N", "72": "N", "31": "N", "58": "N", "28": "N", "64": "W", "37": "W", "1": "W", "81": "W", "20": "W", "77": "W"}, {"80": "N", "73": "N", "14": "N", "15": "N", "52": "N", "18": "N", "32": "N", "33": "N", "83": "N", "25": "N", "30": "N", "7": "N", "88": "N", "12": "N", "54": "N", "53": "N", "59": "N", "0": "N", "48": "N", "86": "N", "70": "N", "84": "N", "29": "N", "6": "N", "19": "N", "3": "N", "21": "N", "66": "N", "74": "N", "51": "N", "43": "N", "45": "N", "78": "N", "76": "N", "5": "N", "38": "N", "61": "N", "35": "N", "68": "N", "22": "N", "8": "N", "60": "N", "41": "N", "79": "N", "2": "N", "16": "N", "39": "W", "11": "W", "13": "W", "4": "N", "72": "N", "31": "N", "58": "N", "28": "N", "64": "W", "37": "W", "1": "W", "81": "W", "20": "W", "77": "W"}, {"80": "N", "73": "N", "14": "N", "15": "N", "52": "N", "18": "N", "32": "N", "33": "N", "83": "N", "25": "N", "30": "N", "7": "N", "88": "N", "12": "N", "54": "N", "53": "N", "59": "N", "0": "N", "48": "N", "86": "N", "70": "N", "84": "N", "29": "N", "6": "N", "19": "N", "3": "N", "21": "N", "66": "N", "74": "N", "51": "N", "43": "N", "45": "N", "78": "N", "76": "N", "5": "N", "38": "N", "61": "N", "35": "N", "68": "N", "22": "N", "8": "N", "60": "N", "41": "N", "79": "N", "2": "N", "16": "N", "39": "W", "11": "W", "13": "W", "4": "W", "72": "N", "31": "N", "58": "N", "28": "N", "37": "W", "1": "W", "81": "W", "20": "W"}, {"80": "N", "73": "N", "14": "N", "15": "N", "52": "N", "18": "N", "32": "N", "33": "N", "83": "N", "25": "N", "30": "N", "7": "N", "88": "N", "12": "N", "54": "N", "53": "N", "59": "N", "0": "N", "48": "N", "86": "N", "70": "N", "84": "N", "29": "N", "6": "N", "19": "N", "3": "N", "21": "N", "66": "N", "74": "N", "51": "N", "43": "N", "45": "N", "78": "N", "76": "N", "5": "N", "38": "N", "61": "N", "35": "N", "68": "N", "22": "N", "8": "N", "60": "N", "41": "N", "79": "N", "2": "N", "16": "N", "11": "W", "13": "W", "4": "W", "72": "W", "31": "N", "58": "N", "28": "N", "37": "W", "1": "W", "81": "W", "20": "W"}, {"80": "N", "73": "N", "14": "N", "15": "N", "52": "N", "18": "N", "32": "N", "33": "N", "83": "N", "25": "N", "30": "N", "7": "N", "88": "N", "12": "N", "54": "N", "53": "N", "59": "N", "0": "N", "48": "N", "86": "N", "70": "N", "84": "N", "29": "N", "6": "N", "19": "N", "3": "N", "21": "N", "66": "N", "74": "N", "51": "N", "43": "N", "45": "N", "78": "N", "76": "N", "5": "N", "38": "N", "61": "N", "35": "N", "68": "N", "22": "N", "8": "N", "60": "N", "41": "N", "79": "N", "2": "N", "16": "N", "11": "W", "13": "W", "4": "W", "72": "W", "31": "W", "58": "N", "28": "N", "1": "W", "81": "W", "20": "W"}, {"80": "N", "73": "N", "14": "N", "15": "N", "52": "N", "18": "N", "32": "N", "33": "N", "83": "N", "25": "N", "30": "N", "7": "N", "88": "N", "12": "N", "54": "N", "53": "N", "59": "N", "0": "N", "48": "N", "86": "N", "70": "N", "84": "N", "29": "N", "6": "N", "19": "N", "3": "N", "21": "N", "66": "N", "74": "N", "51": "N", "43": "N", "45": "N", "78": "N", "76": "N", "5": "N", "38": "N", "61": "N", "35": "N", "68": "N", "22": "N", "8": "N", "60": "N", "41": "N", "79": "N", "2": "N", "16": "N", "13": "W", "4": "W", "72": "W", "31": "W", "58": "W", "28": "N", "1": "W", "81": "W", "20": "W"}, {"80": "N", "73": "N", "14": "N", "15": "N", "52": "N", "18": "N", "32": "N", "33": "N", "83": "N", "25": "N", "30": "N", "7": "N", "88": "N", "12": "N", "54": "N", "53": "N", "59": "N", "0": "N", "48": "N", "86": "N", "70": "N", "84": "N", "29": "N", "6": "N", "19": "N", "3": "N", "21": "N", "66": "N", "74": "N", "51": "N", "43": "N", "45": "N", "78": "N", "76": "N", "5": "N", "38": "N", "61": "W", "35": "N", "68": "N", "22": "N", "8": "N", "60": "N", "41": "N", "79": "N", "2": "N", "16": "N", "13": "W", "4": "W", "72": "W", "31": "W", "58": "W", "28": "W", "81": "W", "20": "W"}, {"80": "N", "73": "N", "14": "N", "15": "N", "52": "N", "18": "N", "32": "N", "33": "N", "83": "N", "25": "N", "30": "N", "7": "N", "88": "N", "12": "N", "54": "N", "53": "N", "59": "N", "0": "N", "48": "N", "86": "N", "70": "N", "84": "N", "29": "N", "6": "N", "19": "N", "3": "N", "21": "N", "66": "N", "74": "N", "51": "N", "43": "N", "45": "N", "78": "N", "76": "N", "5": "N", "38": "N", "61": "W", "35": "W", "68": "N", "22": "N", "8": "N", "60": "N", "41": "N", "79": "N", "2": "N", "16": "N", "4": "W", "72": "W", "31": "W", "58": "W", "28": "W", "81": "W", "20": "W"}, {"80": "N", "73": "N", "14": "N", "15": "N", "52": "N", "18": "N", "32": "N", "33": "N", "83": "N", "25": "N", "30": "N", "7": "N", "88": "N", "12": "N", "54": "N", "53": "N", "59": "N", "0": "N", "48": "N", "86": "N", "70": "N", "84": "N", "29": "N", "6": "N", "19": "N", "3": "N", "21": "N", "66": "N", "74": "N", "51": "N", "43": "N", "45": "N", "78": "N", "76": "N", "5": "N", "38": "N", "61": "W", "35": "W", "68": "W", "22": "N", "8": "N", "60": "N", "41": "N", "79": "N", "2": "N", "16": "N", "4": "W", "72": "W", "31": "W", "58": "W", "28": "W", "20": "W"}, {"80": "N", "73": "N", "14": "N", "15": "N", "52": "N", "18": "N", "32": "N", "33": "N", "83": "N", "25": "N", "30": "N", "7": "N", "88": "N", "12": "N", "54": "N", "53": "N", "59": "N", "0": "N", "48": "N", "86": "N", "70": "N", "84": "N", "29": "N", "6": "N", "19": "N", "3": "N", "21": "N", "66": "N", "74": "N", "51": "N", "43": "N", "45": "N", "78": "N", "76": "N", "5": "N", "38": "N", "35": "W", "68": "W", "22": "W", "8": "N", "60": "N", "41": "N", "79": "N", "2": "N", "16": "N", "72": "W", "31": "W", "58": "W", "28": "W", "20": "W"}, {"80": "N", "73": "N", "14": "N", "15": "N", "52": "N", "18": "N", "32": "N", "33": "N", "83": "N", "25": "N", "30": "N", "7": "N", "88": "N", "12": "N", "54": "N", "53": "N", "59": "N", "0": "N", "48": "N", "86": "N", "70": "N", "84": "N", "29": "N", "6": "N", "19": "N", "3": "N", "21": "N", "66": "N", "74": "N", "51": "N", "43": "N", "45": "N", "78": "N", "76": "N", "5": "N", "38": "N", "35": "W", "68": "W", "22": "W", "8": "W", "60": "N", "41": "N", "79": "N", "2": "N", "16": "N", "72": "W", "31": "W", "58": "W", "28": "W"}, {"80": "N", "73": "N", "14": "N", "15": "N", "52": "N", "18": "N", "32": "N", "33": "N", "83": "N", "25": "N", "30": "N", "7": "N", "88": "N", "12": "N", "54": "N", "53": "N", "59": "N", "0": "N", "48": "N", "86": "N", "70": "N", "84": "N", "29": "N", "6": "N", "19": "N", "3": "N", "21": "N", "66": "N", "74": "N", "51": "N", "43": "N", "45": "N", "78": "N", "76": "N", "5": "N", "38": "N", "68": "W", "22": "W", "8": "W", "60": "W", "41": "N", "79": "N", "2": "N", "16": "N", "31": "W", "58": "W", "28": "W"}, {"80": "N", "73": "N", "14": "N", "15": "N", "52": "N", "18": "N", "32": "N", "33": "N", "83": "N", "25": "N", "30": "N", "7": "N", "88": "N", "12": "N", "54": "N", "53": "N", "59": "N", "0": "N", "48": "N", "86": "N", "70": "N", "84": "N", "29": "N", "6": "N", "19": "N", "3": "N", "21": "N", "66": "N", "74": "N", "51": "N", "43": "N", "45": "N", "78": "N", "76": "N", "5": "N", "38": "N", "68": "W", "22": "W", "8": "W", "60": "W", "41": "W", "79": "N", "2": "N", "16": "N", "31": "W", "58": "W", "28": "W"}, {"80": "N", "73": "N", "14": "N", "15": "N", "52": "N", "18": "N", "32": "N", "33": "N", "83": "N", "25": "N", "30": "N", "7": "N", "88": "N", "12": "N", "54": "N", "53": "N", "59": "N", "0": "N", "48": "N", "86": "N", "70": "N", "84": "N", "29": "N", "6": "N", "19": "N", "3": "N", "21": "N", "66": "N", "74": "N", "51": "N", "43": "N", "45": "N", "78": "N", "76": "N", "5": "N", "38": "N", "22": "W", "8": "W", "60": "W", "41": "W", "79": "W", "2": "N", "16": "N", "58": "W", "28": "W"}, {"80": "N", "73": "N", "14": "N", "15": "N", "52": "N", "18": "N", "32": "N", "33": "N", "83": "N", "25": "N", "30": "N", "7": "N", "88": "N", "12": "N", "54": "N", "53": "N", "59": "N", "0": "N", "48": "N", "86": "N", "70": "N", "84": "N", "29": "N", "6": "N", "19": "N", "3": "N", "21": "N", "66": "N", "74": "N", "51": "N", "43": "N", "45": "N", "78": "N", "76": "N", "5": "N", "38": "N", "22": "W", "8": "W", "60": "W", "41": "W", "79": "W", "2": "W", "16": "N", "58": "W", "28": "W"}, {"80": "N", "73": "N", "14": "N", "15": "N", "52": "N", "18": "N", "32": "N", "33": "N", "83": "N", "25": "N", "30": "N", "7": "N", "88": "N", "12": "N", "54": "N", "53": "N", "59": "N", "0": "N", "48": "N", "86": "N", "70": "N", "84": "N", "29": "N", "6": "N", "19": "N", "3": "N", "21": "W", "66": "N", "74": "N", "51": "N", "43": "N", "45": "N", "78": "N", "76": "N", "5": "N", "38": "N", "8": "W", "60": "W", "41": "W", "79": "W", "2": "W", "16": "W", "28": "W"}, {"80": "N", "73": "N", "14": "N", "15": "N", "52": "N", "18": "N", "32": "N", "33": "N", "83": "N", "25": "N", "30": "N", "7": "N", "88": "N", "12": "N", "54": "N", "53": "N", "59": "N", "0": "N", "48": "N", "86": "N", "70": "N", "84": "N", "29": "N", "6": "N", "19": "N", "3": "N", "21": "W", "66": "W", "74": "N", "51": "N", "43": "N", "45": "N", "78": "N", "76": "N", "5": "N", "38": "N", "8": "W", "60": "W", "41": "W", "79": "W", "2": "W", "16": "W", "28": "W"}, {"80": "N", "73": "N", "14": "N", "15": "N", "52": "N", "18": "N", "32": "N", "33": "N", "83": "N", "25": "N", "30": "N", "7": "N", "88": "N", "12": "N", "54": "N", "53": "N", "59": "N", "0": "N", "48": "N", "86": "N", "70": "N", "84": "N", "29": "N", "6": "N", "19": "N", "3": "N", "21": "W", "66": "W", "74": "W", "51": "N", "43": "N", "45": "N", "78": "N", "76": "N", "5": "N", "38": "N", "60": "W", "41": "W", "79": "W", "2": "W", "16": "W", "28": "W"}, {"80": "N", "73": "N", "14": "N", "15": "N", "52": "N", "18": "N", "32": "N", "33": "N", "83": "N", "25": "N", "30": "N", "7": "N", "88": "N", "12": "N", "54": "N", "53": "N", "59": "N", "0": "N", "48": "N", "86": "N", "70": "N", "84": "N", "29": "N", "6": "N", "19": "N", "3": "N", "66": "W", "74": "W", "51": "W", "43": "N", "45": "N", "78": "N", "76": "N", "5": "N", "38": "N", "60": "W", "41": "W", "79": "W", "2": "W", "16": "W"}, {"80": "N", "73": "N", "14": "N", "15": "N", "52": "N", "18": "N", "32": "N", "33": "N", "83": "N", "25": "N", "30": "N", "7": "N", "88": "N", "12": "N", "54": "N", "53": "N", "59": "N", "0": "N", "48": "N", "86": "N", "70": "N", "84": "N", "29": "N", "6": "N", "19": "N", "3": "N", "66": "W", "74": "W", "51": "W", "43": "W", "45": "N", "78": "N", "76": "N", "5": "N", "38": "N", "41": "W", "79": "W", "2": "W", "16": "W"}, {"80": "N", "73": "N", "14": "N", "15": "N", "52": "N", "18": "N", "32": "N", "33": "N", "83": "N", "25": "N", "30": "N", "7": "N", "88": "N", "12": "N", "54": "N", "53": "N", "59": "N", "0": "N", "48": "N", "86": "N", "70": "N", "84": "N", "29": "N", "6": "N", "19": "N", "3": "N", "74": "W", "51": "W", "43": "W", "45": "W", "78": "N", "76": "N", "5": "N", "38": "N", "41": "W", "79": "W", "2": "W", "16": "W"}, {"80": "N", "73": "N", "14": "N", "15": "N", "52": "N", "18": "N", "32": "N", "33": "N", "83": "N", "25": "N", "30": "N", "7": "N", "88": "N", "12": "N", "54": "N", "53": "N", "59": "N", "0": "N", "48": "N", "86": "N", "70": "N", "84": "N", "29": "N", "6": "N", "19": "N", "3": "N", "74": "W", "51": "W", "43": "W", "45": "W", "78": "W", "76": "N", "5": "N", "38": "N", "79": "W", "2": "W", "16": "W"}, {"80": "N", "73": "N", "14": "N", "15": "N", "52": "N", "18": "N", "32": "N", "33": "N", "83": "N", "25": "N", "30": "N", "7": "N", "88": "N", "12": "N", "54": "N", "53": "N", "59": "N", "0": "N", "48": "N", "86": "N", "70": "N", "84": "N", "29": "N", "6": "N", "19": "N", "3": "N", "51": "W", "43": "W", "45": "W", "78": "W", "76": "W", "5": "N", "38": "N", "79": "W", "2": "W", "16": "W"}, {"80": "N", "73": "N", "14": "N", "15": "N", "52": "N", "18": "N", "32": "N", "33": "N", "83": "N", "25": "N", "30": "N", "7": "N", "88": "N", "12": "N", "54": "N", "53": "N", "59": "N", "0": "N", "48": "N", "86": "N", "70": "N", "84": "N", "29": "N", "6": "N", "19": "N", "3": "N", "51": "W", "43": "W", "45": "W", "78": "W", "76": "W", "5": "W", "38": "N", "2": "W", "16": "W"}, {"80": "N", "73": "N", "14": "N", "15": "N", "52": "N", "18": "N", "32": "N", "33": "N", "83": "N", "25": "N", "30": "N", "7": "N", "88": "N", "12": "N", "54": "N", "53": "N", "59": "W", "0": "N", "48": "N", "86": "N", "70": "N", "84": "N", "29": "N", "6": "N", "19": "N", "3": "N", "43": "W", "45": "W", "78": "W", "76": "W", "5": "W", "38": "W", "2": "W", "16": "W"}, {"80": "N", "73": "N", "14": "N", "15": "N", "52": "N", "18": "N", "32": "N", "33": "N", "83": "N", "25": "N", "30": "N", "7": "N", "88": "N", "12": "N", "54": "N", "53": "N", "59": "W", "0": "W", "48": "N", "86": "N", "70": "N", "84": "N", "29": "N", "6": "N", "19": "N", "3": "N", "43": "W", "45": "W", "78": "W", "76": "W", "5": "W", "38": "W", "16": "W"}, {"80": "N", "73": "N", "14": "N", "15": "N", "52": "N", "18": "N", "32": "N", "33": "N", "83": "N", "25": "N", "30": "N", "7": "N", "88": "N", "12": "N", "54": "N", "53": "N", "59": "W", "0": "W", "48": "W", "86": "N", "70": "N", "84": "N", "29": "N", "6": "N", "19": "N", "3": "N", "45": "W", "78": "W", "76": "W", "5": "W", "38": "W", "16": "W"}, {"80": "N", "73": "N", "14": "N", "15": "N", "52": "N", "18": "N", "32": "N", "33": "N", "83": "N", "25": "N", "30": "N", "7": "N", "88": "N", "12": "N", "54": "N", "53": "N", "0": "W", "48": "W", "86": "W", "70": "N", "84": "N", "29": "N", "6": "N", "19": "N", "3": "N", "45": "W", "78": "W", "76": "W", "5": "W", "38": "W"}, {"80": "N", "73": "N", "14": "N", "15": "N", "52": "N", "18": "N", "32": "N", "33": "N", "83": "N", "25": "N", "30": "N", "7": "N", "88": "N", "12": "N", "54": "N", "53": "N", "0": "W", "48": "W", "86": "W", "70": "W", "84": "N", "29": "N", "6": "N", "19": "N", "3": "N", "78": "W", "76": "W", "5": "W", "38": "W"}, {"80": "N", "73": "N", "14": "N", "15": "N", "52": "N", "18": "N", "32": "N", "33": "N", "83": "N", "25": "N", "30": "N", "7": "N", "88": "N", "12": "N", "54": "N", "53": "N", "48": "W", "86": "W", "70": "W", "84": "W", "29": "N", "6": "N", "19": "N", "3": "N", "78": "W", "76": "W", "5": "W", "38": "W"}, {"80": "N", "73": "N", "14": "N", "15": "N", "52": "N", "18": "N", "32": "N", "33": "N", "83": "N", "25": "N", "30": "N", "7": "N", "88": "N", "12": "N", "54": "N", "53": "N", "48": "W", "86": "W", "70": "W", "84": "W", "29": "W", "6": "N", "19": "N", "3": "N", "76": "W", "5": "W", "38": "W"}, {"80": "N", "73": "N", "14": "N", "15": "N", "52": "N", "18": "N", "32": "N", "33": "N", "83": "N", "25": "N", "30": "N", "7": "N", "88": "N", "12": "N", "54": "N", "53": "N", "86": "W", "70": "W", "84": "W", "29": "W", "6": "W", "19": "N", "3": "N", "76": "W", "5": "W", "38": "W"}, {"80": "N", "73": "N", "14": "N", "15": "N", "52": "N", "18": "N", "32": "N", "33": "N", "83": "N", "25": "N", "30": "N", "7": "N", "88": "N", "12": "N", "54": "N", "53": "N", "86": "W", "70": "W", "84": "W", "29": "W", "6": "W", "19": "W", "3": "N", "5": "W", "38": "W"}, {"80": "N", "73": "N", "14": "N", "15": "N", "52": "N", "18": "N", "32": "N", "33": "N", "83": "W", "25": "N", "30": "N", "7": "N", "88": "N", "12": "N", "54": "N", "53": "N", "70": "W", "84": "W", "29": "W", "6": "W", "19": "W", "3": "W", "5": "W", "38": "W"}, {"80": "N", "73": "N", "14": "N", "15": "N", "52": "N", "18": "N", "32": "N", "33": "N", "83": "W", "25": "W", "30": "N", "7": "N", "88": "N", "12": "N", "54": "N", "53": "N", "70": "W", "84": "W", "29": "W", "6": "W", "19": "W", "3": "W", "38": "W"}, {"80": "N", "73": "N", "14": "N", "15": "N", "52": "N", "18": "N", "32": "N", "33": "N", "83": "W", "25": "W", "30": "W", "7": "N", "88": "N", "12": "N", "54": "N", "53": "N", "84": "W", "29": "W", "6": "W", "19": "W", "3": "W", "38": "W"}, {"80": "N", "73": "N", "14": "N", "15": "N", "52": "N", "18": "N", "32": "N", "33": "N", "25": "W", "30": "W", "7": "W", "88": "N", "12": "N", "54": "N", "53": "N", "84": "W", "29": "W", "6": "W", "19": "W", "3": "W"}, {"80": "N", "73": "N", "14": "N", "15": "N", "52": "N", "18": "N", "32": "N", "33": "N", "25": "W", "30": "W", "7": "W", "88": "W", "12": "N", "54": "N", "53": "N", "29": "W", "6": "W", "19": "W", "3": "W"}, {"80": "N", "73": "N", "14": "N", "15": "N", "52": "N", "18": "N", "32": "N", "33": "N", "30": "W", "7": "W", "88": "W", "12": "W", "54": "N", "53": "N", "29": "W", "6": "W", "19": "W", "3": "W"}, {"80": "N", "73": "N", "14": "N", "15": "N", "52": "N", "18": "N", "32": "N", "33": "N", "30": "W", "7": "W", "88": "W", "12": "W", "54": "W", "53": "N", "6": "W", "19": "W", "3": "W"}, {"80": "W", "73": "N", "14": "N", "15": "N", "52": "N", "18": "N", "32": "N", "33": "N", "7": "W", "88": "W", "12": "W", "54": "W", "53": "W", "6": "W", "19": "W", "3": "W"}, {"80": "W", "73": "W", "14": "N", "15": "N", "52": "N", "18": "N", "32": "N", "33": "N", "7": "W", "88": "W", "12": "W", "54": "W", "53": "W", "19": "W", "3": "W"}, {"80": "W", "73": "W", "14": "W", "15": "N", "52": "N", "18": "N", "32": "N", "33": "N", "88": "W", "12": "W", "54": "W", "53": "W", "19": "W", "3": "W"}, {"73": "W", "14": "W", "15": "W", "52": "N", "18": "N", "32": "N", "33": "N", "88": "W", "12": "W", "54": "W", "53": "W", "3": "W"}, {"73": "W", "14": "W", "15": "W", "52": "W", "18": "N", "32": "N", "33": "N", "12": "W", "54": "W", "53": "W", "3": "W"}, {"14": "W", "15": "W", "52": "W", "18": "W", "32": "N", "33": "N", "12": "W", "54": "W", "53": "W"}, {"14": "W", "15": "W", "52": "W", "18": "W", "32": "W", "33": "N", "54": "W", "53": "W"}, {"14": "W", "15": "W", "52": "W", "18": "W", "32": "W", "33": "W", "54": "W", "53": "W"}, {"15": "W", "52": "W", "18": "W", "32": "W", "33": "W", "54": "W", "53": "W"}, {"15": "W", "52": "W", "18": "W", "32": "W", "33": "W", "53": "W"}, {"15": "W", "52": "W", "18": "W", "32": "W", "33": "W", "53": "W"}, {"52": "W", "18": "W", "32": "W", "33": "W"}, {"52": "W", "18": "W", "32": "W", "33": "W"}, {"18": "W", "32": "W", "33": "W"}, {"18": "W", "32": "W", "33": "W"}, {"32": "W", "33": "W"}, {"32": "W", "33": "W"}, {"33": "W"}, {"33": "W"}, {"27": "E", "29": "E", "62": "E", "83": "E", "80": "E", "5": "E", "0": "E", "35": "E", "56": "E"}, {"27": "S", "29": "S", "62": "E", "83": "S", "80": "S", "5": "S", "0": "S", "35": "S", "56": "S"}, {"27": "S", "29": "S", "62": "N", "83": "S", "80": "S", "5": "S", "0": "S", "35": "S", "56": "S"}, {"27": "S", "29": "S", "62": "E", "83": "S", "80": "S", "5": "S", "0": "S", "35": "S", "56": "S"}, {"27": "S", "29": "S", "62": "E", "83": "S", "80": "S", "5": "S", "0": "S", "35": "S", "56": "S"}, {"27": "S", "29": "S", "62": "E", "83": "S", "80": "S", "5": "S", "0": "S", "35": "S", "56": "S"}, {"27": "S", "29": "S", "62": "E", "83": "S", "80": "S", "5": "S", "0": "S", "35": "S", "56": "S"}, {"27": "S", "29": "S", "62": "E", "83": "S", "80": "S", "5": "S", "0": "S", "35": "S", "56": "S"}, {"27": "S", "29": "S", "62": "E", "83": "S", "80": "S", "5": "S", "0": "S", "35": "S", "56": "S"}, {"27": "S", "29": "S", "62": "E", "83": "S", "80": "S", "5": "S", "0": "S", "35": "S", "56": "S"}, {"27": "S", "29": "S", "62": "E", "83": "S", "80": "S", "5": "S", "0": "S", "35": "S", "56": "S"}, {"27": "S", "29": "S", "62": "E", "83": "S", "80": "S", "5": "S", "0": "S", "35": "S", "56": "E"}, {"27": "S", "29": "S", "62": "E", "83": "S", "80": "S", "5": "S", "0": "S", "35": "S", "56": "E"}, {"27": "S", "29": "S", "83": "S", "80": "S", "5": "S", "0": "S", "35": "S", "56": "E"}, {"27": "S", "29": "S", "83": "S", "80": "S", "5": "S", "0": "S", "35": "S", "56": "E"}, {"27": "S", "29": "S", "83": "S", "80": "S", "5": "S", "0": "S", "35": "S", "56": "E"}, {"27": "S", "29": "S", "83": "S", "80": "S", "5": "S", "0": "S", "35": "S", "56": "E"}, {"27": "S", "29": "S", "83": "S", "80": "S", "5": "S", "0": "S", "35": "S", "56": "E"}, {"27": "S", "29": "S", "83": "S", "80": "S", "5": "S", "0": "S", "35": "S", "56": "E"}, {"27": "S", "29": "S", "83": "S", "80": "S", "5": "S", "0": "S", "35": "S", "56": "E"}, {"27": "S", "29": "S", "83": "S", "80": "S", "5": "S", "0": "S", "35": "S", "56": "E"}, {"27": "S", "29": "S", "83": "S", "80": "S", "5": "S", "0": "S", "35": "S", "56": "E"}, {"27": "S", "29": "S", "83": "S", "80": "S", "5": "S", "0": "S", "35": "S"}, {"27": "S", "29": "S", "83": "S", "80": "S", "5": "S", "0": "S", "35": "S"}, {"27": "S", "29": "S", "83": "S", "80": "S", "5": "S", "0": "S", "35": "S"}, {"27": "S", "29": "S", "83": "S", "80": "S", "5": "S", "0": "S", "35": "S"}, {"27": "S", "29": "S", "83": "S", "80": "S", "5": "S", "0": "S", "35": "S"}, {"27": "S", "29": "S", "83": "S", "80": "S", "5": "S", "0": "S", "35": "S"}, {"27": "S", "29": "S", "83": "S", "80": "S", "5": "S", "0": "S", "35": "S"}, {"27": "S", "29": "S", "83": "S", "80": "S", "5": "S", "0": "S", "35": "S"}, {"27": "S", "29": "S", "83": "S", "80": "S", "5": "S", "0": "S", "35": "S"}, {"27": "S", "29": "S", "83": "S", "80": "S", "5": "S", "0": "S", "35": "S"}, {"27": "S", "29": "S", "83": "S", "80": "S", "5": "S", "0": "S", "35": "S"}, {"27": "S", "29": "S", "83": "S", "80": "S", "5": "S", "0": "S", "35": "S"}, {"27": "S", "29": "S", "83": "S", "80": "S", "5": "S", "0": "S", "35": "S"}, {"27": "S", "29": "S", "83": "S", "80": "S", "5": "S", "0": "S", "35": "S"}, {"27": "E", "29": "S", "83": "S", "80": "S", "5": "S", "0": "S", "35": "S"}, {"27": "E", "29": "S", "83": "S", "80": "S", "5": "S", "0": "S", "35": "S"}, {"27": "E", "29": "S", "83": "S", "80": "S", "5": "S", "0": "S", "35": "E"}, {"27": "E", "29": "S", "83": "S", "80": "S", "5": "S", "0": "S", "35": "E"}, {"27": "E", "29": "S", "83": "S", "80": "S", "5": "S", "0": "S", "35": "E"}, {"27": "E", "29": "S", "83": "S", "80": "S", "5": "S", "0": "S", "35": "E"}, {"27": "E", "29": "S", "83": "S", "80": "S", "5": "S", "0": "S", "35": "E"}, {"27": "E", "29": "S", "83": "S", "80": "S", "5": "S", "0": "S", "35": "E"}, {"27": "E", "29": "S", "83": "S", "80": "S", "5": "S", "0": "S", "35": "E"}, {"27": "E", "29": "S", "83": "S", "80": "S", "5": "S", "0": "S", "35": "E"}, {"27": "E", "29": "S", "83": "S", "80": "S", "5": "S", "0": "S", "35": "E"}, {"29": "S", "83": "S", "80": "S", "5": "S", "0": "S", "35": "E"}, {"29": "S", "83": "S", "80": "S", "5": "S", "0": "S", "35": "E"}, {"29": "S", "83": "S", "80": "S", "5": "S", "0": "S"}, {"29": "S", "83": "S", "80": "S", "5": "S", "0": "S"}, {"29": "S", "83": "S", "80": "S", "5": "S", "0": "S"}, {"29": "S", "83": "S", "80": "S", "5": "S", "0": "S"}, {"29": "S", "83": "S", "80": "S", "5": "S", "0": "S"}, {"29": "S", "83": "S", "80": "S", "5": "S", "0": "S"}, {"29": "S", "83": "S", "80": "S", "5": "S", "0": "S"}, {"29": "S", "83": "S", "80": "S", "5": "S", "0": "S"}, {"29": "S", "83": "S", "80": "S", "5": "E", "0": "S"}, {"29": "S", "83": "S", "80": "S", "5": "E", "0": "S"}, {"29": "S", "83": "S", "80": "S", "5": "E", "0": "E"}, {"29": "S", "83": "S", "80": "S", "5": "E", "0": "E"}, {"29": "S", "83": "S", "80": "S", "5": "E", "0": "E"}, {"29": "S", "83": "S", "80": "S", "5": "E", "0": "E"}, {"29": "S", "83": "S", "80": "S", "5": "E", "0": "E"}, {"29": "S", "83": "S", "80": "S", "5": "E", "0": "E"}, {"29": "S", "83": "S", "80": "S", "5": "E", "0": "E"}, {"29": "S", "83": "S", "80": "S", "5": "E", "0": "E"}, {"29": "S", "83": "S", "80": "S", "5": "E", "0": "E"}, {"29": "S", "83": "S", "80": "S", "0": "E"}, {"29": "S", "83": "S", "80": "S", "0": "E"}, {"29": "E", "83": "S", "80": "S"}, {"29": "E", "83": "E", "80": "S"}, {"29": "E", "83": "E", "80": "S"}, {"29": "E", "83": "E", "80": "S"}, {"29": "E", "83": "E", "80": "S"}, {"29": "E", "83": "E", "80": "S"}, {"29": "E", "83": "E", "80": "S"}, {"29": "E", "83": "E", "80": "S"}, {"29": "E", "83": "E", "80": "E"}, {"29": "E", "83": "E", "80": "E", "53": "E", "47": "E", "32": "E", "73": "E", "68": "E", "58": "E", "64": "E", "33": "E"}, {"29": "E", "83": "E", "80": "E", "53": "S", "47": "S", "32": "S", "73": "S", "68": "S", "58": "S", "64": "S", "33": "S"}, {"83": "E", "80": "E", "53": "S", "47": "S", "32": "S", "73": "S", "68": "S", "58": "S", "64": "S", "33": "S"}, {"80": "E", "53": "S", "47": "S", "32": "S", "73": "S", "68": "S", "58": "S", "64": "S", "33": "S"}, {"80": "E", "53": "S", "47": "S", "32": "S", "73": "S", "68": "S", "58": "S", "64": "S", "33": "S"}, {"80": "E", "53": "S", "47": "S", "32": "S", "73": "S", "68": "S", "58": "S", "64": "S", "33": "S"}, {"80": "E", "53": "S", "47": "S", "32": "S", "73": "S", "68": "S", "58": "S", "64": "S", "33": "S"}, {"80": "E", "53": "S", "47": "S", "32": "S", "73": "S", "68": "S", "58": "S", "64": "S", "33": "S"}, {"80": "E", "53": "S", "47": "S", "32": "S", "73": "S", "68": "S", "58": "S", "64": "S", "33": "S"}, {"80": "E", "53": "S", "47": "S", "32": "S", "73": "S", "68": "S", "58": "S", "64": "S", "33": "S"}, {"53": "S", "47": "S", "32": "S", "73": "S", "68": "S", "58": "S", "64": "S", "33": "S"}, {"53": "S", "47": "S", "32": "S", "73": "S", "68": "S", "58": "S", "64": "S", "33": "S"}, {"53": "S", "47": "S", "32": "S", "73": "S", "68": "S", "58": "S", "64": "S", "33": "S"}, {"53": "S", "47": "S", "32": "S", "73": "S", "68": "S", "58": "S", "64": "S", "33": "S"}, {"53": "S", "47": "S", "32": "S", "73": "S", "68": "S", "58": "S", "64": "S", "33": "S"}, {"53": "S", "47": "S", "32": "S", "73": "S", "68": "S", "58": "S", "64": "S", "33": "S"}, {"53": "S", "47": "S", "32": "S", "73": "S", "68": "S", "58": "S", "64": "S", "33": "S"}, {"53": "S", "47": "S", "32": "S", "73": "S", "68": "S", "58": "S", "64": "S", "33": "S"}, {"53": "S", "47": "S", "32": "S", "73": "S", "68": "S", "58": "S", "64": "S", "33": "S"}, {"53": "S", "47": "S", "32": "S", "73": "S", "68": "S", "58": "S", "64": "S", "33": "S"}, {"53": "S", "47": "S", "32": "S", "73": "S", "68": "S", "58": "S", "64": "S", "33": "S"}, {"53": "S", "47": "S", "32": "S", "73": "S", "68": "S", "58": "S", "64": "S", "33": "S"}, {"53": "S", "47": "S", "32": "S", "73": "S", "68": "S", "58": "S", "64": "S", "33": "S"}, {"53": "S", "47": "S", "32": "S", "73": "S", "68": "S", "58": "S", "64": "S", "33": "S"}, {"53": "S", "47": "S", "32": "S", "73": "S", "68": "S", "58": "S", "64": "E", "33": "S"}, {"53": "S", "47": "S", "32": "S", "73": "S", "68": "S", "58": "S", "64": "E", "33": "S"}, {"53": "S", "47": "S", "32": "S", "73": "S", "68": "S", "58": "S", "64": "E", "33": "S"}, {"53": "S", "47": "S", "32": "S", "73": "S", "68": "S", "58": "S", "64": "E", "33": "S"}, {"53": "S", "47": "E", "32": "S", "73": "S", "68": "S", "58": "S", "64": "E", "33": "S"}, {"53": "S", "47": "E", "32": "S", "73": "S", "68": "S", "58": "S", "64": "E", "33": "S"}, {"53": "S", "47": "E", "32": "S", "73": "S", "68": "S", "58": "S", "64": "E", "33": "S"}, {"53": "S", "47": "E", "32": "S", "73": "S", "68": "S", "58": "S", "64": "E", "33": "S"}, {"53": "S", "47": "E", "32": "S", "73": "S", "68": "S", "58": "S", "64": "E", "33": "S"}, {"53": "S", "47": "E", "32": "S", "73": "S", "68": "S", "58": "S", "64": "E", "33": "S"}, {"53": "S", "47": "E", "32": "S", "73": "S", "68": "S", "58": "S", "33": "S"}, {"53": "S", "47": "E", "32": "S", "73": "S", "68": "S", "58": "S", "33": "S"}, {"53": "S", "47": "E", "32": "S", "73": "S", "68": "S", "58": "S", "33": "S"}, {"53": "S", "47": "E", "32": "S", "73": "S", "68": "S", "58": "E", "33": "S"}, {"53": "S", "32": "S", "73": "S", "68": "S", "58": "E", "33": "S"}, {"53": "S", "32": "S", "73": "S", "68": "S", "58": "E", "33": "S"}, {"53": "S", "32": "S", "73": "S", "68": "S", "58": "E", "33": "S"}, {"53": "S", "32": "S", "73": "S", "68": "S", "58": "E", "33": "S"}, {"53": "S", "32": "S", "73": "S", "68": "E", "58": "E", "33": "S"}, {"53": "S", "32": "S", "73": "S", "68": "E", "58": "E", "33": "S"}, {"53": "S", "32": "S", "73": "S", "68": "E", "58": "E", "33": "S"}, {"53": "S", "32": "S", "73": "S", "68": "E", "58": "E", "33": "S"}, {"53": "S", "32": "S", "73": "S", "68": "E", "58": "E", "33": "S"}, {"53": "S", "32": "S", "73": "S", "68": "E", "33": "S"}, {"53": "S", "32": "S", "73": "S", "68": "E", "33": "S"}, {"53": "S", "32": "S", "73": "S", "68": "E", "33": "S"}, {"53": "S", "32": "S", "73": "S", "68": "E", "33": "S"}, {"53": "S", "32": "S", "73": "S", "68": "E", "33": "S"}, {"53": "S", "32": "S", "73": "S", "33": "S"}, {"53": "S", "32": "S", "73": "S", "33": "S"}, {"53": "S", "32": "S", "73": "S", "33": "S"}, {"53": "S", "32": "S", "73": "S", "33": "S"}, {"53": "S", "32": "S", "73": "S", "33": "S"}, {"53": "S", "32": "S", "73": "S", "33": "S"}, {"53": "S", "32": "S", "73": "S", "33": "S"}, {"53": "S", "32": "S", "73": "S", "33": "S"}, {"53": "S", "32": "S", "73": "S", "33": "S"}, {"53": "S", "32": "S", "73": "S", "33": "S"}, {"53": "S", "32": "S", "73": "S", "33": "S"}, {"53": "S", "32": "S", "73": "S", "33": "S"}, {"53": "S", "32": "S", "73": "S", "33": "S"}, {"53": "S", "32": "S", "73": "S", "33": "S"}, {"53": "S", "32": "S", "73": "S", "33": "S"}, {"53": "S", "32": "S", "73": "S", "33": "S"}, {"53": "S", "32": "S", "73": "S", "33": "S"}, {"53": "S", "32": "S", "73": "S", "33": "S"}, {"53": "S", "32": "S", "73": "S", "33": "S"}, {"53": "S", "32": "S", "73": "S", "33": "S"}, {"53": "S", "32": "S", "73": "S", "33": "S"}, {"53": "S", "32": "S", "73": "S", "33": "S"}, {"53": "S", "32": "S", "73": "S", "33": "S"}, {"53": "S", "32": "S", "73": "S", "33": "S"}, {"53": "S", "32": "S", "73": "S", "33": "S"}, {"53": "S", "32": "S", "73": "S", "33": "S"}, {"53": "S", "32": "S", "73": "S", "33": "S"}, {"53": "S", "32": "S", "73": "S", "33": "S"}, {"53": "S", "32": "S", "73": "E", "33": "S"}, {"53": "S", "32": "S", "73": "E", "33": "S"}, {"53": "E", "32": "S", "73": "E", "33": "E"}, {"53": "E", "32": "S", "73": "E", "33": "E"}, {"53": "E", "32": "S", "73": "E", "33": "E"}, {"53": "E", "32": "S", "73": "E", "33": "E"}, {"53": "E", "32": "S", "73": "E", "33": "E"}, {"53": "E", "32": "E", "73": "E", "33": "E"}, {"53": "E", "32": "E", "73": "E", "33": "E", "81": "E", "24": "E", "9": "E", "7": "E", "54": "E", "31": "E", "51": "E", "30": "E"}, {"53": "E", "32": "E", "73": "E", "33": "E", "81": "S", "24": "S", "9": "S", "54": "S", "31": "S", "51": "S", "30": "S"}, {"53": "E", "32": "E", "33": "E", "81": "S", "24": "S", "9": "S", "7": "S", "54": "S", "31": "S", "51": "S", "30": "S"}, {"53": "E", "32": "E", "33": "E", "81": "S", "24": "S", "9": "S", "7": "S", "54": "S", "31": "S", "51": "S", "30": "S"}, {"32": "E", "81": "S", "24": "S", "9": "S", "7": "S", "54": "S", "31": "S", "51": "S", "30": "S"}, {"32": "E", "81": "S", "24": "S", "9": "S", "7": "S", "54": "S", "31": "S", "51": "S", "30": "S"}, {"32": "E", "81": "S", "24": "S", "9": "S", "7": "S", "54": "S", "31": "S", "51": "S", "30": "S"}, {"32": "E", "81": "S", "24": "S", "9": "S", "7": "S", "54": "S", "31": "S", "51": "S", "30": "S"}, {"32": "E", "81": "S", "24": "S", "9": "S", "7": "S", "54": "S", "31": "S", "51": "S", "30": "S"}, {"81": "S", "24": "E", "9": "S", "7": "S", "54": "S", "31": "S", "51": "S", "30": "S"}, {"81": "S", "24": "E", "9": "S", "7": "S", "54": "S", "31": "S", "51": "S", "30": "S"}, {"81": "S", "24": "E", "9": "E", "7": "S", "54": "S", "31": "S", "51": "S", "30": "S"}, {"81": "S", "24": "E", "9": "E", "7": "S", "54": "S", "31": "S", "51": "S", "30": "S"}, {"81": "S", "24": "E", "9": "E", "7": "S", "54": "S", "31": "S", "51": "S", "30": "S"}, {"81": "S", "24": "E", "9": "E", "7": "S", "54": "S", "31": "S", "51": "S", "30": "S"}, {"81": "S", "24": "E", "9": "E", "7": "S", "54": "S", "31": "S", "51": "S", "30": "S"}, {"81": "S", "24": "E", "9": "E", "7": "S", "54": "S", "31": "S", "51": "S", "30": "S"}, {"81": "S", "24": "E", "9": "E", "7": "S", "54": "S", "31": "S", "51": "S", "30": "S"}, {"81": "S", "9": "E", "7": "S", "54": "S", "31": "S", "51": "S", "30": "S"}, {"81": "S", "9": "E", "7": "S", "54": "S", "31": "S", "51": "S", "30": "S"}, {"81": "S", "7": "S", "54": "S", "31": "S", "51": "S", "30": "S"}, {"81": "S", "7": "S", "54": "S", "31": "S", "51": "S", "30": "S"}, {"81": "S", "7": "S", "54": "S", "31": "S", "51": "S", "30": "S"}, {"81": "S", "7": "S", "54": "S", "31": "S", "51": "S", "30": "S"}, {"81": "S", "7": "S", "54": "S", "31": "S", "51": "S", "30": "S"}, {"81": "S", "7": "S", "54": "S", "31": "S", "51": "S", "30": "S"}, {"81": "S", "7": "S", "54": "S", "31": "S", "51": "S", "30": "S"}, {"81": "S", "7": "S", "54": "S", "31": "S", "51": "S", "30": "S"}, {"81": "S", "7": "S", "54": "S", "31": "S", "51": "S", "30": "S"}, {"81": "S", "7": "S", "54": "S", "31": "S", "51": "S", "30": "S"}, {"81": "S", "7": "S", "54": "S", "31": "S", "51": "S", "30": "S"}, {"81": "S", "7": "S", "54": "S", "31": "S", "51": "S", "30": "S"}, {"81": "S", "7": "S", "54": "S", "31": "S", "51": "S", "30": "S"}, {"81": "E", "7": "S", "54": "S", "31": "S", "51": "S", "30": "S"}, {"81": "E", "7": "S", "54": "S", "31": "S", "51": "S", "30": "S"}, {"81": "E", "7": "S", "54": "S", "31": "E", "51": "S", "30": "S"}, {"81": "E", "7": "S", "54": "S", "31": "E", "51": "S", "30": "S"}, {"81": "E", "7": "S", "54": "S", "31": "E", "51": "S", "30": "S"}, {"81": "E", "7": "S", "54": "S", "31": "E", "51": "S", "30": "S"}, {"81": "E", "7": "S", "54": "S", "31": "E", "51": "S", "30": "S"}, {"81": "E", "7": "S", "54": "S", "31": "E", "51": "S", "30": "S"}, {"81": "E", "7": "S", "54": "S", "31": "E", "51": "S", "30": "S"}, {"7": "S", "54": "S", "31": "E", "51": "S", "30": "S"}, {"7": "S", "54": "S", "31": "E", "51": "S", "30": "S"}, {"7": "S", "54": "S", "51": "S", "30": "S"}, {"7": "S", "54": "S", "51": "S", "30": "S"}, {"7": "S", "54": "S", "51": "S", "30": "S"}, {"7": "S", "54": "S", "51": "S", "30": "S"}, {"7": "S", "54": "S", "51": "S", "30": "S"}, {"7": "S", "54": "S", "51": "S", "30": "S"}, {"7": "S", "54": "S", "51": "E", "30": "S"}, {"7": "S", "54": "S", "51": "E", "30": "S"}, {"7": "S", "54": "S", "51": "E", "30": "S"}, {"7": "S", "54": "S", "51": "E", "30": "S"}, {"7": "S", "54": "S", "51": "E", "30": "S"}, {"7": "S", "54": "S", "51": "E", "30": "S"}, {"7": "S", "54": "S", "51": "E", "30": "S"}, {"7": "S", "54": "S", "51": "E", "30": "S"}, {"7": "S", "54": "S", "51": "E", "30": "S"}, {"7": "S", "54": "S", "30": "S"}, {"7": "S", "54": "S", "30": "S"}, {"7": "S", "54": "S", "30": "S"}, {"7": "S", "54": "S", "30": "S"}, {"7": "S", "54": "S", "30": "S"}, {"7": "S", "54": "S", "30": "S"}, {"7": "S", "54": "S", "30": "S"}, {"7": "S", "54": "S", "30": "S"}, {"7": "S", "54": "S", "30": "S"}, {"7": "S", "54": "S", "30": "E"}, {"7": "S", "54": "S", "30": "E"}, {"7": "S", "54": "S", "30": "E"}, {"7": "S", "54": "S", "30": "E"}, {"7": "S", "54": "S", "30": "E"}, {"7": "S", "54": "S", "30": "E"}, {"7": "S", "54": "S", "30": "E"}, {"7": "E", "54": "S", "30": "E"}, {"7": "E", "54": "E", "30": "E"}, {"7": "E", "54": "E", "61": "E", "87": "E", "3": "E", "1": "E", "82": "E", "13": "E", "86": "E", "63": "E", "46": "E", "44": "E"}, {"7": "E", "54": "E", "61": "S", "3": "S", "1": "S", "82": "S", "13": "S", "86": "S", "63": "S", "46": "S", "44": "E"}, {"7": "E", "54": "E", "61": "S", "87": "S", "3": "S", "1": "S", "82": "S", "13": "S", "86": "S", "63": "S", "46": "S", "44": "N"}, {"7": "E", "54": "E", "61": "S", "87": "S", "3": "S", "1": "S", "82": "S", "13": "S", "86": "S", "63": "S", "46": "S", "44": "N"}, {"7": "E", "54": "E", "61": "S", "87": "S", "3": "S", "1": "S", "82": "S", "13": "S", "86": "S", "63": "S", "46": "S", "44": "N"}, {"7": "E", "54": "E", "61": "S", "87": "S", "3": "S", "1": "S", "82": "S", "13": "S", "86": "S", "63": "S", "46": "S", "44": "N"}, {"7": "E", "54": "E", "61": "S", "87": "S", "3": "S", "1": "S", "82": "S", "13": "S", "86": "S", "63": "S", "46": "S", "44": "E"}, {"54": "E", "61": "S", "87": "S", "3": "S", "1": "S", "82": "S", "13": "S", "86": "S", "63": "S", "46": "S", "44": "E"}, {"61": "S", "87": "S", "3": "S", "1": "S", "82": "E", "13": "S", "86": "S", "63": "S", "46": "S", "44": "E"}, {"61": "S", "87": "S", "3": "S", "1": "S", "82": "E", "13": "S", "86": "S", "63": "S", "46": "S", "44": "E"}, {"61": "S", "87": "S", "3": "S", "1": "S", "82": "E", "13": "S", "86": "S", "63": "S", "46": "E", "44": "E"}, {"61": "S", "87": "S", "3": "S", "1": "S", "82": "E", "13": "S", "86": "S", "63": "S", "46": "E", "44": "E"}, {"61": "S", "87": "S", "3": "S", "1": "S", "82": "E", "13": "S", "86": "S", "63": "S", "46": "E", "44": "E"}, {"61": "S", "87": "S", "3": "S", "1": "S", "82": "E", "13": "S", "86": "S", "63": "S", "46": "E"}, {"61": "S", "87": "S", "3": "S", "1": "S", "82": "E", "13": "S", "86": "S", "63": "S", "46": "E"}, {"61": "S", "87": "S", "3": "S", "1": "S", "82": "E", "13": "S", "86": "S", "63": "E", "46": "E"}, {"61": "S", "87": "S", "3": "S", "1": "S", "13": "S", "86": "S", "63": "E", "46": "E"}, {"61": "S", "87": "S", "3": "S", "1": "S", "13": "S", "86": "S", "63": "E", "46": "E"}, {"61": "S", "87": "S", "3": "S", "1": "S", "13": "S", "86": "S", "63": "E"}, {"61": "S", "87": "S", "3": "S", "1": "S", "13": "S", "86": "S", "63": "E"}, {"61": "S", "87": "S", "3": "S", "1": "S", "13": "S", "86": "S", "63": "E"}, {"61": "S", "87": "S", "3": "S", "1": "S", "13": "S", "86": "S", "63": "E"}, {"61": "S", "87": "S", "3": "S", "1": "S", "13": "S", "86": "S", "63": "E"}, {"61": "S", "87": "E", "3": "S", "1": "S", "13": "S", "86": "S"}, {"61": "S", "87": "E", "3": "S", "1": "S", "13": "S", "86": "S"}, {"61": "S", "87": "E", "3": "S", "1": "S", "13": "S", "86": "S"}, {"61": "S", "87": "E", "3": "S", "1": "S", "13": "S", "86": "S"}, {"61": "S", "87": "E", "3": "S", "1": "S", "13": "S", "86": "S"}, {"61": "S", "87": "E", "3": "S", "1": "S", "13": "S", "86": "S"}, {"61": "S", "87": "E", "3": "S", "1": "S", "13": "S", "86": "S"}, {"61": "S", "87": "E", "3": "S", "1": "E", "13": "S", "86": "S"}, {"61": "S", "3": "S", "1": "E", "13": "S", "86": "S"}, {"61": "S", "3": "S", "1": "E", "13": "S", "86": "S"}, {"61": "S", "3": "S", "1": "E", "13": "S", "86": "S"}, {"61": "S", "3": "S", "1": "E", "13": "E", "86": "S"}, {"61": "S", "3": "S", "1": "E", "13": "E", "86": "S"}, {"61": "S", "3": "S", "1": "E", "13": "E", "86": "S"}, {"61": "S", "3": "S", "1": "E", "13": "E", "86": "S"}, {"61": "S", "3": "S", "13": "E", "86": "S"}, {"61": "S", "3": "S", "13": "E", "86": "S"}, {"61": "S", "3": "S", "13": "E", "86": "S"}, {"61": "S", "3": "S", "13": "E", "86": "S"}, {"61": "S", "3": "S", "86": "S"}, {"61": "S", "3": "S", "86": "S"}, {"61": "S", "3": "S", "86": "S"}, {"61": "E", "3": "S", "86": "S"}, {"61": "E", "3": "S", "86": "S"}, {"61": "E", "3": "S", "86": "S"}, {"61": "E", "3": "S", "86": "S"}, {"61": "E", "3": "S", "86": "S"}, {"61": "E", "3": "S", "86": "S"}, {"61": "E", "3": "S", "86": "S"}, {"61": "E", "3": "S", "86": "S"}, {"3": "S", "86": "S"}, {"3": "S", "86": "S"}, {"3": "S", "86": "S"}, {"3": "S", "86": "S"}, {"3": "S", "86": "S"}, {"3": "S", "86": "S"}, {"3": "S", "86": "S"}, {"3": "S", "86": "S"}, {"3": "S", "86": "S"}, {"3": "S", "86": "E"}, {"3": "S", "86": "E"}, {"3": "S", "86": "E"}, {"3": "S", "86": "E"}, {"3": "S", "86": "E"}, {"3": "S", "86": "E"}, {"3": "S", "86": "E"}, {"3": "S", "86": "E"}, {"3": "S"}, {"3": "S"}, {"3": "E"}, {"3": "E", "66": "E", "45": "E", "8": "E", "42": "E", "14": "E", "70": "E", "79": "E", "60": "E", "55": "E", "20": "E"}, {"3": "E", "66": "S", "45": "S", "8": "S", "42": "E", "14": "S", "70": "S", "79": "S", "60": "S", "55": "S", "20": "S"}, {"3": "E", "66": "S", "45": "S", "8": "S", "42": "E", "14": "S", "70": "S", "79": "S", "60": "S", "55": "S", "20": "S"}, {"3": "E", "66": "S", "45": "S", "8": "S", "42": "E", "14": "S", "70": "S", "79": "S", "60": "S", "55": "S", "20": "S"}, {"3": "E", "66": "S", "45": "S", "8": "S", "42": "E", "14": "S", "70": "S", "79": "S", "60": "S", "55": "S", "20": "S"}, {"3": "E", "66": "S", "45": "S", "8": "S", "42": "E", "14": "S", "70": "S", "79": "S", "60": "S", "55": "S", "20": "S"}, {"3": "E", "66": "S", "45": "S", "8": "S", "42": "E", "14": "S", "70": "S", "79": "S", "60": "S", "55": "S", "20": "S"}, {"66": "S", "45": "S", "8": "S", "42": "E", "14": "S", "70": "S", "79": "S", "60": "S", "55": "S", "20": "S"}, {"66": "S", "45": "S", "8": "S", "14": "S", "70": "S", "79": "S", "60": "S", "55": "E", "20": "S"}, {"66": "S", "45": "S", "8": "S", "14": "S", "70": "S", "79": "S", "60": "S", "55": "E", "20": "S"}, {"66": "S", "45": "S", "8": "S", "14": "S", "70": "S", "79": "S", "60": "S", "55": "E", "20": "S"}, {"66": "S", "45": "S", "8": "S", "14": "S", "70": "S", "79": "S", "60": "S", "55": "E", "20": "S"}, {"66": "S", "45": "S", "8": "S", "14": "S", "70": "S", "79": "S", "60": "S", "55": "E", "20": "S"}, {"66": "S", "45": "S", "8": "S", "14": "S", "70": "S", "79": "S", "60": "S", "55": "E", "20": "S"}, {"66": "S", "45": "S", "8": "S", "14": "S", "70": "S", "79": "S", "60": "S", "55": "E", "20": "S"}, {"66": "S", "45": "S", "8": "S", "14": "S", "70": "S", "79": "S", "60": "S", "20": "S"}, {"66": "S", "45": "S", "8": "S", "14": "S", "70": "S", "79": "S", "60": "S", "20": "S"}, {"66": "S", "45": "S", "8": "S", "14": "S", "70": "S", "79": "S", "60": "S", "20": "S"}, {"66": "S", "45": "S", "8": "S", "14": "S", "70": "S", "79": "S", "60": "S", "20": "S"}, {"66": "S", "45": "S", "8": "S", "14": "S", "70": "S", "79": "S", "60": "S", "20": "S"}, {"66": "S", "45": "S", "8": "S", "14": "S", "70": "S", "79": "S", "60": "S", "20": "S"}, {"66": "S", "45": "S", "8": "S", "14": "S", "70": "S", "79": "S", "60": "S", "20": "S"}, {"66": "S", "45": "S", "8": "S", "14": "S", "70": "S", "79": "S", "60": "S", "20": "S"}, {"66": "S", "45": "S", "8": "S", "14": "S", "70": "S", "79": "S", "60": "S", "20": "S"}, {"66": "S", "45": "S", "8": "S", "14": "S", "70": "S", "79": "S", "60": "S", "20": "S"}, {"66": "S", "45": "S", "8": "S", "14": "S", "70": "S", "79": "S", "60": "S", "20": "S"}, {"66": "S", "45": "S", "8": "S", "14": "S", "70": "S", "79": "S", "60": "S", "20": "E"}, {"66": "S", "45": "S", "8": "S", "14": "S", "70": "S", "79": "S", "60": "S", "20": "E"}, {"66": "S", "45": "S", "8": "S", "14": "S", "70": "S", "79": "S", "60": "S", "20": "E"}, {"66": "S", "45": "S", "8": "S", "14": "S", "70": "S", "79": "S", "60": "S", "20": "E"}, {"66": "S", "45": "S", "8": "S", "14": "S", "70": "S", "79": "S", "60": "S", "20": "E"}, {"66": "S", "45": "S", "8": "S", "14": "S", "70": "S", "79": "S", "60": "S", "20": "E"}, {"66": "S", "45": "S", "8": "S", "14": "S", "70": "S", "79": "S", "60": "S", "20": "E"}, {"66": "S", "45": "S", "8": "S", "14": "S", "70": "S", "79": "S", "60": "S"}, {"66": "S", "45": "S", "8": "S", "14": "S", "70": "S", "79": "S", "60": "S"}, {"66": "S", "45": "S", "8": "S", "14": "S", "70": "S", "79": "S", "60": "S"}, {"66": "S", "45": "S", "8": "S", "14": "S", "70": "S", "79": "S", "60": "S"}, {"66": "S", "45": "S", "8": "S", "14": "S", "70": "S", "79": "S", "60": "S"}, {"66": "S", "45": "S", "8": "S", "14": "S", "70": "S", "79": "S", "60": "S"}, {"66": "S", "45": "S", "8": "S", "14": "S", "70": "S", "79": "S", "60": "S"}, {"66": "S", "45": "S", "8": "S", "14": "S", "70": "S", "79": "S", "60": "S"}, {"66": "S", "45": "S", "8": "S", "14": "S", "70": "S", "79": "S", "60": "S"}, {"66": "S", "45": "S", "8": "S", "14": "S", "70": "S", "79": "S", "60": "S"}, {"66": "S", "45": "S", "8": "S", "14": "S", "70": "S", "79": "S", "60": "E"}, {"66": "S", "45": "S", "8": "S", "14": "S", "70": "S", "79": "S", "60": "E"}, {"66": "S", "45": "S", "8": "S", "14": "S", "70": "S", "79": "S", "60": "E"}, {"66": "S", "45": "S", "8": "S", "14": "S", "70": "S", "79": "E", "60": "E"}, {"66": "S", "45": "S", "8": "E", "14": "S", "70": "S", "79": "E", "60": "E"}, {"66": "S", "45": "S", "8": "E", "14": "S", "70": "S", "79": "E", "60": "E"}, {"66": "S", "45": "S", "8": "E", "14": "S", "70": "S", "79": "E", "60": "E"}, {"66": "S", "45": "S", "8": "E", "14": "S", "70": "S", "79": "E"}, {"66": "S", "45": "S", "8": "E", "14": "S", "70": "S", "79": "E"}, {"66": "S", "45": "S", "8": "E", "14": "S", "70": "S", "79": "E"}, {"66": "S", "45": "S", "8": "E", "14": "S", "70": "S"}, {"66": "S", "45": "S", "14": "S", "70": "S"}, {"66": "S", "45": "S", "14": "S", "70": "S"}, {"66": "E", "45": "S", "14": "S", "70": "S"}, {"66": "E", "45": "S", "14": "S", "70": "S"}, {"66": "E", "45": "S", "14": "S", "70": "S"}, {"66": "E", "45": "E", "14": "S", "70": "S"}, {"66": "E", "45": "E", "14": "S", "70": "S"}, {"66": "E", "45": "E", "14": "S", "70": "S"}, {"66": "E", "45": "E", "14": "S", "70": "S"}, {"45": "E", "14": "S", "70": "S"}, {"45": "E", "14": "S", "70": "E"}, {"45": "E", "14": "S", "70": "E"}, {"14": "S", "70": "E"}, {"14": "S", "70": "E"}, {"14": "S", "70": "E"}, {"14": "S", "70": "E"}, {"14": "S", "70": "E"}, {"14": "S"}, {"14": "S"}, {"14": "S"}, {"14": "S"}, {"14": "S"}, {"14": "S"}, {"14": "S"}, {"14": "S"}, {"14": "S"}, {"14": "S"}, {"14": "E"}, {"14": "E", "34": "E", "49": "E", "74": "E", "43": "E", "18": "E", "57": "E", "78": "E", "50": "E", "26": "E", "71": "E"}, {"14": "E", "34": "S", "49": "S", "74": "S", "43": "S", "18": "S", "57": "S", "78": "S", "50": "E", "26": "E", "71": "E"}, {"14": "E", "34": "S", "49": "S", "74": "S", "43": "S", "18": "S", "57": "S", "78": "S", "50": "N", "26": "N", "71": "N"}, {"14": "E", "34": "S", "49": "S", "74": "S", "43": "S", "18": "S", "57": "S", "78": "S", "50": "N", "26": "N", "71": "N"}, {"14": "E", "34": "S", "49": "S", "74": "S", "43": "S", "18": "S", "57": "S", "78": "S", "50": "N", "26": "E", "71": "N"}, {"14": "E", "34": "E", "49": "S", "74": "S", "43": "S", "18": "S", "57": "E", "78": "S", "26": "E"}, {"34": "E", "49": "S", "74": "S", "43": "S", "18": "S", "57": "E", "78": "S", "26": "E"}, {"34": "E", "49": "S", "74": "S", "43": "S", "18": "S", "57": "E", "78": "S", "50": "N", "26": "E", "71": "N"}, {"34": "E", "49": "S", "74": "S", "43": "S", "18": "S", "57": "E", "78": "S", "50": "N", "26": "E", "71": "N"}, {"34": "E", "49": "S", "74": "S", "43": "S", "18": "S", "57": "E", "78": "S", "50": "N", "71": "N"}, {"34": "E", "49": "S", "74": "S", "43": "S", "18": "S", "57": "E", "78": "S", "50": "E"}, {"49": "S", "74": "S", "43": "S", "18": "S", "78": "S", "50": "E", "71": "N"}, {"49": "E", "74": "S", "43": "S", "18": "S", "78": "S", "50": "E", "71": "N"}, {"49": "E", "74": "S", "43": "S", "18": "S", "78": "S", "50": "E", "71": "N"}, {"49": "E", "74": "S", "43": "S", "18": "S", "78": "S", "50": "E", "71": "E"}, {"49": "E", "74": "S", "43": "S", "18": "S", "78": "S", "71": "E"}, {"49": "E", "74": "S", "43": "S", "18": "S", "78": "S", "71": "E"}, {"49": "E", "74": "S", "43": "S", "18": "S", "78": "S", "71": "E"}, {"74": "S", "43": "S", "18": "S", "78": "S", "71": "E"}, {"74": "S", "43": "S", "18": "S", "78": "S"}, {"74": "S", "43": "S", "18": "S", "78": "S"}, {"74": "S", "43": "S", "18": "S", "78": "S"}, {"74": "S", "43": "S", "18": "S", "78": "S"}, {"74": "S", "43": "S", "18": "S", "78": "S"}, {"74": "S", "43": "S", "18": "S", "78": "S"}, {"74": "S", "43": "S", "18": "S", "78": "S"}, {"74": "S", "43": "S", "18": "S", "78": "S"}, {"74": "S", "43": "S", "18": "S", "78": "S"}, {"74": "S", "43": "S", "18": "S", "78": "S"}, {"74": "S", "43": "S", "18": "S", "78": "S"}, {"74": "S", "43": "S", "18": "S", "78": "S"}, {"74": "S", "43": "S", "18": "S", "78": "S"}, {"74": "S", "43": "S", "18": "S", "78": "S"}, {"74": "S", "43": "S", "18": "S", "78": "S"}, {"74": "S", "43": "S", "18": "S", "78": "S"}, {"74": "S", "43": "S", "18": "S", "78": "S"}, {"74": "S", "43": "S", "18": "S", "78": "S"}, {"74": "S", "43": "S", "18": "S", "78": "S"}, {"74": "S", "43": "S", "18": "S", "78": "S"}, {"74": "S", "43": "S", "18": "S", "78": "S"}, {"74": "S", "43": "S", "18": "S", "78": "S"}, {"74": "S", "43": "S", "18": "S", "78": "S"}, {"74": "S", "43": "S", "18": "S", "78": "S"}, {"74": "S", "43": "S", "18": "S", "78": "S"}, {"74": "S", "43": "S", "18": "S", "78": "S"}, {"74": "S", "43": "S", "18": "S", "78": "S"}, {"74": "S", "43": "S", "18": "S", "78": "S"}, {"74": "S", "43": "S", "18": "S", "78": "S"}, {"74": "S", "43": "S", "18": "S", "78": "S"}, {"74": "S", "43": "S", "18": "S", "78": "S"}, {"74": "S", "43": "S", "18": "S", "78": "S"}, {"74": "S", "43": "S", "18": "S", "78": "S"}, {"74": "S", "43": "S", "18": "S", "78": "S"}, {"74": "S", "43": "S", "18": "S", "78": "S"}, {"74": "S", "43": "S", "18": "S", "78": "S"}, {"74": "E", "43": "S", "18": "S", "78": "E"}, {"74": "E", "43": "E", "18": "S", "78": "E"}, {"74": "E", "43": "E", "18": "S", "78": "E"}, {"74": "E", "43": "E", "18": "S", "78": "E"}, {"74": "E", "43": "E", "18": "S", "78": "E"}, {"74": "E", "43": "E", "18": "S", "78": "E"}, {"43": "E", "18": "S"}, {"18": "S"}, {"18": "S"}, {"18": "S"}, {"18": "S"}, {"18": "S"}, {"18": "S"}, {"18": "S"}, {"18": "S"}, {"18": "S"}, {"18": "S"}, {"18": "S"}, {"18": "S"}, {"18": "S"}, {"18": "S"}, {"18": "S"}, {"18": "S"}, {"18": "S"}, {"18": "S"}, {"18": "S"}, {"18": "S"}, {"18": "S"}, {"18": "S"}, {"18": "E"}, {"18": "E", "6": "E", "72": "E", "25": "E", "4": "E", "37": "E", "65": "E", "38": "E", "67": "E"}, {"18": "E", "6": "S", "25": "S", "4": "S", "37": "S", "65": "S", "38": "S", "67": "S"}, {"18": "E", "6": "S", "72": "S", "25": "S", "4": "S", "37": "S", "65": "S", "38": "S", "67": "S"}, {"18": "E", "6": "S", "72": "S", "25": "S", "4": "S", "37": "S", "65": "S", "38": "S", "67": "S"}, {"18": "E", "6": "S", "72": "S", "25": "S", "4": "S", "37": "S", "65": "S", "38": "S", "67": "S"}, {"6": "S", "72": "S", "25": "S", "4": "S", "37": "S", "65": "S", "38": "S", "67": "S"}, {"6": "S", "72": "S", "25": "S", "4": "S", "37": "S", "65": "S", "38": "S", "67": "S"}, {"6": "S", "72": "S", "25": "S", "4": "S", "37": "S", "65": "S", "38": "S", "67": "S"}, {"6": "S", "72": "S", "25": "S", "4": "S", "37": "S", "65": "S", "38": "S", "67": "S"}, {"6": "S", "72": "S", "25": "S", "4": "S", "37": "S", "65": "S", "38": "S", "67": "S"}, {"6": "S", "72": "S", "25": "S", "4": "S", "37": "S", "65": "S", "38": "S", "67": "S"}, {"6": "S", "72": "S", "25": "S", "4": "S", "37": "S", "65": "S", "38": "S", "67": "E"}, {"6": "S", "72": "S", "25": "S", "4": "S", "37": "S", "65": "S", "38": "S", "67": "E"}, {"6": "S", "72": "S", "25": "S", "4": "S", "37": "S", "65": "S", "38": "S", "67": "E"}, {"6": "S", "72": "S", "25": "S", "4": "S", "37": "S", "65": "S", "38": "S", "67": "E"}, {"6": "S", "72": "S", "25": "S", "4": "S", "37": "S", "65": "E", "38": "S", "67": "E"}, {"6": "S", "72": "S", "25": "S", "4": "S", "37": "S", "65": "E", "38": "S"}, {"6": "S", "72": "S", "25": "S", "4": "S", "37": "S", "65": "E", "38": "S"}, {"6": "S", "72": "S", "25": "S", "4": "S", "37": "S", "65": "E", "38": "S"}, {"6": "S", "72": "S", "25": "S", "4": "S", "37": "S", "65": "E", "38": "S"}, {"6": "S", "72": "S", "25": "S", "4": "S", "37": "S", "38": "S"}, {"6": "S", "72": "S", "25": "S", "4": "S", "37": "S", "38": "S"}, {"6": "S", "72": "S", "25": "S", "4": "S", "37": "S", "38": "S"}, {"6": "S", "72": "S", "25": "S", "4": "S", "37": "S", "38": "S"}, {"6": "S", "72": "S", "25": "S", "4": "S", "37": "S", "38": "S"}, {"6": "S", "72": "S", "25": "S", "4": "S", "37": "S", "38": "S"}, {"6": "S", "72": "S", "25": "S", "4": "S", "37": "S", "38": "S"}, {"6": "S", "72": "S", "25": "S", "4": "S", "37": "E", "38": "S"}, {"6": "S", "72": "S", "25": "S", "4": "S", "37": "E", "38": "S"}, {"6": "S", "72": "S", "25": "S", "4": "S", "37": "E", "38": "S"}, {"6": "S", "72": "S", "25": "S", "4": "S", "37": "E", "38": "S"}, {"6": "S", "72": "S", "25": "S", "4": "S", "37": "E", "38": "S"}, {"6": "S", "72": "S", "25": "S", "4": "S", "38": "S"}, {"6": "S", "72": "S", "25": "S", "4": "S", "38": "S"}, {"6": "S", "72": "S", "25": "S", "4": "S", "38": "S"}, {"6": "S", "72": "S", "25": "S", "4": "S", "38": "S"}, {"6": "S", "72": "S", "25": "S", "4": "E", "38": "S"}, {"6": "S", "72": "S", "25": "S", "4": "E", "38": "S"}, {"6": "S", "72": "S", "25": "S", "4": "E", "38": "S"}, {"6": "S", "72": "S", "25": "S", "4": "E", "38": "S"}, {"6": "S", "72": "E", "25": "S", "4": "E", "38": "S"}, {"6": "S", "72": "E", "25": "S", "38": "S"}, {"6": "S", "72": "E", "25": "S", "38": "S"}, {"6": "S", "72": "E", "25": "S", "38": "S"}, {"6": "S", "72": "E", "25": "S", "38": "S"}, {"6": "S", "25": "S", "38": "S"}, {"6": "S", "25": "S", "38": "S"}, {"6": "S", "25": "S", "38": "S"}, {"6": "S", "25": "S", "38": "S"}, {"6": "S", "25": "S", "38": "S"}, {"6": "S", "25": "S", "38": "S"}, {"6": "S", "25": "S", "38": "S"}, {"6": "S", "25": "S", "38": "S"}, {"6": "S", "25": "S", "38": "S"}, {"6": "S", "25": "S", "38": "S"}, {"6": "S", "25": "S", "38": "S"}, {"6": "S", "25": "S", "38": "S"}, {"6": "S", "25": "S", "38": "E"}, {"6": "S", "25": "S", "38": "E"}, {"6": "S", "25": "S", "38": "E"}, {"6": "S", "25": "S", "38": "E"}, {"6": "S", "25": "S", "38": "E"}, {"6": "S", "25": "S"}, {"6": "S", "25": "S"}, {"6": "S", "25": "S"}, {"6": "S", "25": "S"}, {"6": "S", "25": "S"}, {"6": "S", "25": "S"}, {"6": "S", "25": "S"}, {"6": "S", "25": "S"}, {"6": "S", "25": "S"}, {"6": "S", "25": "S"}, {"6": "E", "25": "S"}, {"6": "E", "25": "E"}, {"6": "E", "25": "E", "10": "E", "12": "E", "48": "E", "23": "E", "15": "E", "89": "E", "22": "E", "40": "E"}, {"6": "E", "25": "E", "10": "S", "12": "S", "48": "S", "23": "S", "15": "S", "89": "S", "22": "S", "40": "S"}, {"6": "E", "25": "E", "10": "S", "12": "S", "48": "S", "23": "S", "15": "S", "89": "S", "22": "S", "40": "S"}, {"25": "E", "10": "S", "12": "S", "48": "S", "23": "S", "15": "S", "89": "S", "22": "S", "40": "S"}, {"10": "S", "12": "S", "48": "S", "23": "S", "15": "S", "89": "S", "22": "S", "40": "S"}, {"10": "S", "12": "S", "48": "S", "23": "S", "15": "S", "89": "S", "22": "S", "40": "S"}, {"10": "S", "12": "S", "48": "S", "23": "S", "15": "S", "89": "S", "22": "S", "40": "S"}, {"10": "S", "12": "S", "48": "S", "23": "S", "15": "S", "89": "S", "22": "S", "40": "S"}, {"10": "S", "12": "S", "48": "S", "23": "S", "15": "S", "89": "S", "22": "S", "40": "S"}, {"10": "S", "12": "S", "48": "S", "23": "S", "15": "S", "89": "S", "22": "S", "40": "S"}, {"10": "S", "12": "S", "48": "S", "23": "S", "15": "S", "89": "S", "22": "S", "40": "S"}, {"10": "S", "12": "S", "48": "S", "23": "S", "15": "S", "89": "S", "22": "S", "40": "S"}, {"10": "S", "12": "S", "48": "S", "23": "S", "15": "S", "89": "S", "22": "S", "40": "S"}, {"10": "S", "12": "S", "48": "S", "23": "S", "15": "S", "89": "S", "22": "S", "40": "S"}, {"10": "S", "12": "S", "48": "S", "23": "S", "15": "S", "89": "S", "22": "S", "40": "S"}, {"10": "S", "12": "S", "48": "S", "23": "S", "15": "S", "89": "S", "22": "S", "40": "S"}, {"10": "S", "12": "S", "48": "S", "23": "S", "15": "S", "89": "S", "22": "S", "40": "E"}, {"10": "E", "12": "S", "48": "S", "23": "S", "15": "S", "89": "E", "22": "S", "40": "E"}, {"10": "E", "12": "S", "48": "S", "23": "S", "15": "S", "89": "E", "22": "S", "40": "E"}, {"10": "E", "12": "S", "48": "S", "23": "S", "15": "S", "89": "E", "22": "S", "40": "E"}, {"10": "E", "12": "S", "48": "S", "23": "S", "15": "S", "89": "E", "22": "S"}, {"12": "S", "48": "S", "23": "S", "15": "S", "22": "S"}, {"12": "S", "48": "S", "23": "S", "15": "S", "22": "S"}, {"12": "S", "48": "S", "23": "S", "15": "S", "22": "S"}, {"12": "S", "48": "S", "23": "S", "15": "S", "22": "S"}, {"12": "S", "48": "S", "23": "E", "15": "S", "22": "S"}, {"12": "S", "48": "S", "23": "E", "15": "S", "22": "S"}, {"12": "S", "48": "S", "23": "E", "15": "S", "22": "S"}, {"12": "S", "48": "S", "23": "E", "15": "S", "22": "S"}, {"12": "S", "48": "S", "15": "S", "22": "S"}, {"12": "S", "48": "S", "15": "S", "22": "S"}, {"12": "S", "48": "S", "15": "S", "22": "S"}, {"12": "S", "48": "S", "15": "S", "22": "S"}, {"12": "S", "48": "S", "15": "S", "22": "S"}, {"12": "S", "48": "S", "15": "S", "22": "S"}, {"12": "S", "48": "S", "15": "S", "22": "S"}, {"12": "S", "48": "S", "15": "S", "22": "S"}, {"12": "S", "48": "S", "15": "S", "22": "S"}, {"12": "S", "48": "S", "15": "S", "22": "S"}, {"12": "S", "48": "S", "15": "S", "22": "S"}, {"12": "S", "48": "S", "15": "S", "22": "E"}, {"12": "S", "48": "S", "15": "S", "22": "E"}, {"12": "S", "48": "S", "15": "S", "22": "E"}, {"12": "S", "48": "S", "15": "S", "22": "E"}, {"12": "S", "48": "S", "15": "S"}, {"12": "S", "48": "S", "15": "S"}, {"12": "S", "48": "S", "15": "S"}, {"12": "S", "48": "S", "15": "S"}, {"12": "S", "48": "S", "15": "S"}, {"12": "S", "48": "S", "15": "S"}, {"12": "S", "48": "S", "15": "S"}, {"12": "S", "48": "S", "15": "S"}, {"12": "S", "48": "S", "15": "S"}, {"12": "S", "48": "S", "15": "S"}, {"12": "S", "48": "S", "15": "S"}, {"12": "S", "48": "S", "15": "S"}, {"12": "S", "48": "S", "15": "S"}, {"12": "S", "48": "S", "15": "S"}, {"12": "S", "48": "S", "15": "S"}, {"12": "S", "48": "S", "15": "S"}, {"12": "S", "48": "S", "15": "S"}, {"12": "S", "48": "S", "15": "S"}, {"12": "S", "48": "S", "15": "S"}, {"12": "S", "48": "S", "15": "S"}, {"12": "S", "48": "E", "15": "S"}, {"12": "S", "48": "E", "15": "S"}, {"12": "S", "48": "E", "15": "S"}, {"12": "S", "48": "E", "15": "S"}, {"12": "S", "15": "S"}, {"12": "S", "15": "S"}, {"12": "S", "15": "S"}, {"12": "S", "15": "S"}, {"12": "S", "15": "S"}, {"12": "S", "15": "S"}, {"12": "S", "15": "S"}, {"12": "S", "15": "S"}, {"12": "S", "15": "S"}, {"12": "S", "15": "S"}, {"12": "E", "15": "S"}, {"12": "E", "15": "S"}, {"12": "E", "15": "E"}, {"12": "E", "15": "E", "2": "E", "85": "E", "69": "E", "75": "E", "76": "E", "41": "E", "21": "E", "19": "E", "28": "E", "11": "E"}, {"15": "E", "2": "S", "69": "S", "75": "S", "76": "S", "41": "S", "21": "S", "19": "S", "28": "S", "11": "S"}, {"15": "E", "2": "S", "85": "S", "69": "S", "75": "S", "76": "S", "41": "S", "21": "S", "19": "S", "28": "S", "11": "S"}, {"2": "S", "85": "S", "69": "S", "75": "S", "76": "S", "41": "S", "21": "S", "19": "S", "28": "S", "11": "S"}, {"2": "S", "85": "S", "69": "S", "75": "S", "76": "S", "41": "S", "21": "S", "19": "S", "28": "S", "11": "S"}, {"2": "S", "85": "S", "69": "S", "75": "S", "76": "S", "41": "S", "21": "S", "19": "S", "28": "S", "11": "S"}, {"2": "S", "85": "S", "69": "E", "75": "S", "76": "S", "41": "S", "21": "S", "19": "S", "28": "S", "11": "S"}, {"2": "S", "85": "S", "69": "E", "75": "S", "76": "S", "41": "S", "21": "S", "19": "S", "28": "S", "11": "S"}, {"2": "S", "85": "S", "69": "E", "75": "S", "76": "S", "41": "S", "21": "S", "19": "S", "28": "S", "11": "S"}, {"2": "S", "85": "S", "75": "S", "76": "S", "41": "S", "21": "S", "19": "S", "28": "S", "11": "S"}, {"2": "S", "85": "S", "75": "S", "76": "S", "41": "S", "21": "S", "19": "S", "28": "S", "11": "S"}, {"2": "S", "85": "S", "75": "S", "76": "S", "41": "S", "21": "S", "19": "S", "28": "S", "11": "S"}, {"2": "S", "85": "S", "75": "S", "76": "S", "41": "S", "21": "S", "19": "S", "28": "S", "11": "S"}, {"2": "S", "85": "S", "75": "S", "76": "S", "41": "S", "21": "S", "19": "S", "28": "S", "11": "S"}, {"2": "S", "85": "S", "75": "S", "76": "S", "41": "S", "21": "S", "19": "S", "28": "S", "11": "S"}, {"2": "S", "85": "S", "75": "S", "76": "S", "41": "S", "21": "S", "19": "S", "28": "S", "11": "S"}, {"2": "S", "85": "S", "75": "S", "76": "S", "41": "S", "21": "S", "19": "S", "28": "S", "11": "S"}, {"2": "S", "85": "S", "75": "S", "76": "S", "41": "S", "21": "S", "19": "S", "28": "S", "11": "S"}, {"2": "S", "85": "S", "75": "S", "76": "S", "41": "S", "21": "S", "19": "S", "28": "S", "11": "S"}, {"2": "S", "85": "S", "75": "S", "76": "S", "41": "S", "21": "S", "19": "S", "28": "S", "11": "S"}, {"2": "S", "85": "S", "75": "S", "76": "S", "41": "S", "21": "S", "19": "S", "28": "S", "11": "S"}, {"2": "S", "85": "S", "75": "S", "76": "S", "41": "S", "21": "S", "19": "S", "28": "S", "11": "S"}, {"2": "S", "85": "S", "75": "S", "76": "S", "41": "S", "21": "S", "19": "S", "28": "S", "11": "S"}, {"2": "S", "85": "S", "75": "S", "76": "S", "41": "S", "21": "S", "19": "S", "28": "S", "11": "S"}, {"2": "S", "85": "S", "75": "E", "76": "S", "41": "S", "21": "S", "19": "S", "28": "S", "11": "S"}, {"2": "S", "85": "S", "75": "E", "76": "S", "41": "S", "21": "S", "19": "S", "28": "S", "11": "S"}, {"2": "S", "85": "S", "75": "E", "76": "S", "41": "S", "21": "S", "19": "S", "28": "S", "11": "S"}, {"2": "S", "85": "S", "76": "S", "41": "S", "21": "S", "19": "S", "28": "S", "11": "S"}, {"2": "S", "85": "E", "76": "S", "41": "S", "21": "S", "19": "S", "28": "S", "11": "S"}, {"2": "S", "85": "E", "76": "S", "41": "S", "21": "S", "19": "S", "28": "S", "11": "E"}, {"2": "S", "85": "E", "76": "S", "41": "S", "21": "S", "19": "S", "28": "S", "11": "E"}, {"2": "S", "76": "S", "41": "S", "21": "S", "19": "S", "28": "S", "11": "E"}, {"2": "S", "76": "S", "41": "S", "21": "S", "19": "S", "28": "S"}, {"2": "S", "76": "S", "41": "S", "21": "S", "19": "S", "28": "S"}, {"2": "S", "76": "S", "41": "S", "21": "S", "19": "S", "28": "S"}, {"2": "S", "76": "S", "41": "S", "21": "S", "19": "S", "28": "S"}, {"2": "S", "76": "S", "41": "S", "21": "S", "19": "S", "28": "E"}, {"2": "S", "76": "S", "41": "S", "21": "S", "19": "S", "28": "E"}, {"2": "S", "76": "S", "41": "S", "21": "S", "19": "S", "28": "E"}, {"2": "S", "76": "S", "41": "S", "21": "S", "19": "S"}, {"2": "S", "76": "S", "41": "S", "21": "S", "19": "S"}, {"2": "S", "76": "S", "41": "S", "21": "S", "19": "S"}, {"2": "S", "76": "S", "41": "S", "21": "S", "19": "S"}, {"2": "S", "76": "S", "41": "S", "21": "S", "19": "S"}, {"2": "S", "76": "S", "41": "S", "21": "S", "19": "S"}, {"2": "S", "76": "S", "41": "S", "21": "S", "19": "S"}, {"2": "S", "76": "S", "41": "E", "21": "S", "19": "S"}, {"2": "S", "76": "S", "41": "E", "21": "S", "19": "S"}, {"2": "S", "76": "S", "41": "E", "21": "S", "19": "S"}, {"2": "S", "76": "S", "21": "E", "19": "S"}, {"2": "S", "76": "S", "21": "E", "19": "S"}, {"2": "S", "76": "S", "21": "E", "19": "S"}, {"2": "S", "76": "S", "19": "S"}, {"2": "E", "76": "S", "19": "S"}, {"2": "E", "76": "S", "19": "S"}, {"2": "E", "76": "S", "19": "S"}, {"76": "S", "19": "S"}, {"76": "S", "19": "S"}, {"76": "E", "19": "S"}, {"76": "E", "19": "S"}, {"76": "E", "19": "S"}, {"19": "S"}, {"19": "S"}, {"19": "S"}, {"19": "S"}, {"19": "S"}, {"19": "E"}, {"19": "E", "52": "E", "77": "E", "16": "E", "36": "E", "84": "E", "39": "E", "59": "E", "17": "E", "88": "E"}, {"19": "E", "52": "S", "77": "S", "16": "S", "36": "S", "84": "S", "39": "S", "59": "S", "17": "S", "88": "S"}, {"52": "S", "77": "S", "16": "S", "36": "S", "84": "S", "39": "S", "59": "S", "17": "S", "88": "S"}, {"52": "S", "77": "S", "16": "S", "36": "S", "84": "S", "39": "S", "59": "S", "17": "S", "88": "S"}, {"52": "S", "77": "S", "16": "S", "36": "S", "84": "S", "39": "S", "59": "S", "17": "S", "88": "S"}, {"52": "S", "77": "S", "16": "S", "36": "S", "84": "S", "39": "S", "59": "S", "17": "S", "88": "S"}, {"52": "S", "77": "S", "16": "S", "36": "E", "84": "S", "39": "S", "59": "S", "17": "S", "88": "S"}, {"52": "S", "77": "S", "16": "S", "36": "E", "84": "S", "39": "S", "59": "S", "17": "S", "88": "S"}, {"52": "S", "77": "S", "16": "S", "84": "S", "39": "S", "59": "S", "17": "E", "88": "S"}, {"52": "S", "77": "S", "16": "S", "84": "S", "39": "S", "59": "S", "17": "E", "88": "S"}, {"52": "S", "77": "S", "16": "S", "84": "S", "39": "S", "59": "S", "88": "S"}, {"52": "S", "77": "S", "16": "S", "84": "S", "39": "S", "59": "S", "88": "S"}, {"52": "S", "77": "S", "16": "S", "84": "S", "39": "S", "59": "S", "88": "S"}, {"52": "S", "77": "S", "16": "S", "84": "S", "39": "S", "59": "S", "88": "S"}, {"52": "S", "77": "S", "16": "S", "84": "S", "39": "S", "59": "S", "88": "S"}, {"52": "S", "77": "S", "16": "S", "84": "S", "39": "S", "59": "S", "88": "S"}, {"52": "S", "77": "S", "16": "S", "84": "S", "39": "S", "59": "S", "88": "S"}, {"52": "S", "77": "S", "16": "S", "84": "S", "39": "S", "59": "S", "88": "S"}, {"52": "S", "77": "S", "16": "S", "84": "S", "39": "S", "59": "S", "88": "S"}, {"52": "S", "77": "S", "16": "S", "84": "S", "39": "S", "59": "S", "88": "S"}, {"52": "S", "77": "S", "16": "S", "84": "S", "39": "S", "59": "S", "88": "S"}, {"52": "S", "77": "S", "16": "S", "84": "S", "39": "S", "59": "S", "88": "S"}, {"52": "S", "77": "S", "16": "S", "84": "S", "39": "S", "59": "S", "88": "S"}, {"52": "S", "77": "S", "16": "S", "84": "S", "39": "S", "59": "S", "88": "S"}, {"52": "S", "77": "S", "16": "S", "84": "S", "39": "S", "59": "S", "88": "S"}, {"52": "S", "77": "E", "16": "S", "84": "S", "39": "S", "59": "S", "88": "S"}, {"52": "S", "77": "E", "16": "S", "84": "S", "39": "S", "59": "S", "88": "S"}, {"52": "S", "16": "S", "84": "S", "39": "S", "59": "S", "88": "S"}, {"52": "S", "16": "S", "84": "S", "39": "S", "59": "S", "88": "S"}, {"52": "S", "16": "S", "84": "S", "39": "S", "59": "S", "88": "S"}, {"52": "S", "16": "S", "84": "S", "39": "S", "59": "S", "88": "S"}, {"52": "S", "16": "S", "84": "S", "39": "S", "59": "S", "88": "S"}, {"52": "S", "16": "S", "84": "S", "39": "E", "59": "S", "88": "S"}, {"52": "S", "16": "S", "84": "S", "39": "E", "59": "S", "88": "S"}, {"52": "S", "16": "S", "84": "S", "59": "S", "88": "S"}, {"52": "S", "16": "S", "84": "S", "59": "S", "88": "S"}, {"52": "S", "16": "S", "84": "S", "59": "S", "88": "S"}, {"52": "S", "16": "S", "84": "S", "59": "S", "88": "S"}, {"52": "S", "16": "S", "84": "S", "59": "S", "88": "S"}, {"52": "S", "16": "S", "84": "S", "59": "S", "88": "S"}, {"52": "S", "16": "S", "84": "S", "59": "S", "88": "S"}, {"52": "S", "16": "S", "84": "S", "59": "S", "88": "S"}, {"52": "S", "16": "S", "84": "S", "59": "S", "88": "S"}, {"52": "S", "16": "S", "84": "S", "59": "S", "88": "S"}, {"52": "S", "16": "S", "84": "S", "59": "S", "88": "S"}, {"52": "S", "16": "S", "84": "S", "59": "S", "88": "S"}, {"52": "S", "16": "S", "84": "S", "59": "S", "88": "S"}, {"52": "S", "16": "S", "84": "S", "59": "S", "88": "S"}, {"52": "S", "16": "S", "84": "S", "59": "S", "88": "S"}, {"52": "S", "16": "S", "84": "S", "59": "S", "88": "S"}, {"52": "S", "16": "S", "84": "S", "59": "S", "88": "S"}, {"52": "S", "16": "S", "84": "S", "59": "S", "88": "S"}, {"52": "S", "16": "E", "84": "S", "59": "S", "88": "S"}, {"52": "S", "16": "E", "84": "S", "59": "S", "88": "S"}, {"52": "S", "84": "S", "59": "S", "88": "S"}, {"52": "S", "84": "S", "59": "S", "88": "S"}, {"52": "S", "84": "S", "59": "S", "88": "S"}, {"52": "S", "84": "S", "59": "S", "88": "S"}, {"52": "S", "84": "S", "59": "S", "88": "S"}, {"52": "S", "84": "S", "59": "E", "88": "S"}, {"52": "S", "84": "S", "59": "E", "88": "S"}, {"52": "S", "84": "S", "88": "S"}, {"52": "S", "84": "S", "88": "S"}, {"52": "S", "84": "S", "88": "S"}, {"52": "S", "84": "S", "88": "S"}, {"52": "S", "84": "S", "88": "S"}, {"52": "S", "84": "E", "88": "S"}, {"52": "S", "84": "E", "88": "S"}, {"52": "S", "88": "S"}, {"52": "S", "88": "S"}, {"52": "S", "88": "S"}, {"52": "S", "88": "E"}, {"52": "S", "88": "E"}, {"52": "S"}, {"52": "S"}, {"52": "S"}, {"52": "S"}, {"52": "S"}, {"52": "S"}, {"52": "S"}, {"52": "S"}, {"52": "S"}, {"52": "S"}, {"52": "S"}, {"52": "S"}, {"52": "S"}, {"52": "S"}, {"52": "E"}, {"52": "E"}], "result": "SUCCESS", "makespan": 887, "sum": 8594, "algo_name": "LeftPillar"}