{"instance": "small_free_001_10x10_40_40", "steps": [{"16": "S", "14": "E", "38": "E", "30": "W", "33": "W", "4": "W", "28": "W", "39": "W", "18": "W", "3": "W", "7": "E", "12": "E", "13": "W", "6": "W", "10": "E", "36": "N", "23": "E", "24": "E", "31": "E", "15": "W", "9": "E", "27": "E", "32": "E", "22": "W"}, {"11": "E", "6": "W", "3": "W", "29": "W", "33": "W", "17": "E", "37": "E", "14": "E", "26": "E", "25": "E", "27": "E", "1": "W", "34": "W", "24": "E", "13": "W", "36": "N", "39": "W", "5": "E"}, {"14": "E", "39": "W", "1": "W", "2": "E", "13": "W", "3": "N", "30": "N", "28": "W", "5": "E", "29": "W", "0": "E", "33": "W", "25": "E"}, {"33": "W", "29": "W", "5": "N", "10": "E", "2": "E", "14": "S", "18": "S", "25": "E", "39": "W", "6": "N", "31": "N", "8": "E", "36": "E"}, {"4": "N", "2": "E", "11": "E", "29": "W", "31": "E", "6": "W", "33": "W", "15": "W", "19": "S", "20": "E", "10": "W", "18": "W"}, {"12": "N", "38": "W", "29": "N", "24": "N", "14": "S", "13": "W", "11": "N", "33": "N", "1": "S", "27": "E", "34": "S", "20": "W", "31": "E", "25": "E", "3": "N", "6": "W", "10": "N", "0": "E", "18": "W"}, {"28": "N", "12": "E", "31": "S", "11": "E", "25": "S", "32": "S", "7": "E", "18": "W", "5": "N", "13": "W", "33": "N", "17": "S", "20": "W"}, {"27": "S", "13": "W", "12": "S", "2": "S", "5": "N", "16": "W", "20": "E", "18": "N", "11": "N", "31": "S", "15": "N", "14": "E", "21": "N", "33": "N"}, {"25": "W", "11": "N", "31": "S", "23": "E", "27": "E", "22": "E", "1": "S", "13": "N", "28": "W", "7": "E"}, {"35": "W", "3": "N", "26": "S", "31": "S", "23": "W", "18": "N", "0": "E", "21": "N", "33": "W", "27": "S", "38": "S"}, {"18": "W", "23": "E", "37": "W", "27": "S", "33": "E", "7": "E", "25": "S", "15": "W", "0": "E", "6": "S", "24": "E", "21": "E", "12": "W", "38": "E"}, {"15": "N", "12": "S", "7": "E", "36": "N", "0": "E", "33": "N", "27": "S", "8": "N", "10": "N", "18": "N"}, {"17": "E", "18": "W", "0": "W", "22": "E", "20": "N", "10": "S", "16": "N", "12": "N"}, {"16": "S", "33": "S", "21": "E", "24": "W", "22": "W", "8": "W", "12": "E", "0": "E", "34": "W"}, {"13": "S", "21": "W", "0": "W", "33": "N", "20": "S", "8": "N", "12": "E"}, {"18": "E", "0": "E", "20": "E", "21": "N", "23": "W", "13": "E", "16": "N", "10": "W"}, {"10": "E", "26": "S", "0": "E", "18": "E", "23": "E", "14": "E", "15": "E", "7": "E"}, {"0": "S", "14": "W", "26": "E", "12": "W", "7": "E", "37": "S", "22": "E", "15": "W"}, {"26": "S", "7": "E", "16": "S", "36": "W", "21": "N", "12": "E", "13": "W", "37": "S", "15": "E", "0": "S"}, {"17": "S", "37": "E", "0": "S", "7": "N", "33": "W", "15": "N"}, {"12": "W", "39": "W", "24": "W", "15": "S", "16": "N", "19": "W", "4": "W", "22": "S", "0": "W", "10": "E"}, {"14": "E", "22": "W", "0": "W", "23": "E", "12": "S", "32": "W"}, {"23": "W", "28": "W", "20": "N", "33": "W", "22": "E", "13": "E", "18": "E", "26": "E"}, {"29": "S", "10": "S", "21": "N", "36": "N", "12": "N", "33": "E", "38": "S", "15": "N", "16": "E", "37": "E", "32": "S", "22": "E"}, {"33": "N", "22": "E", "38": "S", "20": "E", "16": "E", "15": "N", "12": "E"}, {"23": "E", "22": "W", "36": "N", "12": "E", "13": "S", "16": "W"}, {"10": "W", "12": "E", "37": "W", "22": "W", "13": "W", "18": "W", "20": "E", "33": "N"}, {"33": "W", "13": "E", "17": "W", "37": "S", "18": "E", "20": "W", "9": "W", "22": "W"}, {"16": "E", "10": "E", "24": "N", "23": "W", "17": "N", "26": "E"}, {"18": "W", "20": "N", "13": "W", "22": "S", "24": "S", "16": "E", "37": "E", "10": "E", "33": "N"}, {"26": "E", "9": "E", "16": "E", "37": "E", "33": "N", "22": "W", "20": "E"}, {"22": "W", "38": "N", "13": "N", "10": "N", "16": "S", "33": "N", "19": "S", "20": "E"}, {"17": "E", "33": "E", "16": "S", "28": "W", "26": "E", "10": "N"}, {"16": "S", "17": "N", "14": "S", "26": "N", "18": "W", "12": "S", "33": "E", "10": "E", "37": "E", "22": "W"}, {"18": "W", "33": "S", "26": "E", "20": "E", "4": "W", "10": "E", "16": "W", "37": "E"}, {"18": "N", "26": "E", "10": "E", "20": "E", "37": "N"}, {"18": "S", "13": "E", "37": "E", "38": "N", "16": "S", "28": "N", "29": "S", "10": "N", "20": "E", "32": "S"}, {"10": "N", "38": "E", "18": "E", "29": "E", "9": "E", "20": "E", "16": "W"}, {"38": "E", "29": "E", "13": "N", "10": "N", "16": "W", "20": "E"}, {"38": "E", "10": "W"}, {"38": "W", "10": "N", "24": "N", "22": "N", "23": "S", "20": "S", "14": "W", "18": "S"}, {"3": "N", "20": "S", "17": "E", "38": "W", "10": "W", "18": "E"}, {"20": "S", "18": "E", "15": "W", "10": "W", "38": "W"}, {"10": "N", "0": "W"}, {"13": "W", "18": "W", "17": "N"}, {"32": "S", "38": "E", "28": "W"}, {"32": "E", "9": "S", "18": "E", "38": "E", "17": "E", "28": "W", "14": "N"}, {"9": "S", "38": "E", "24": "E", "32": "S", "23": "E"}, {"9": "E", "38": "E", "32": "S", "22": "E"}, {"38": "E", "13": "N", "18": "N"}, {"18": "W", "29": "S", "14": "W", "38": "E", "13": "N"}, {"29": "W", "17": "S", "9": "E", "18": "N", "38": "S", "14": "S"}, {"9": "S", "38": "S", "29": "W"}, {"9": "S", "18": "S", "29": "N", "14": "N", "38": "S"}, {"38": "S", "9": "E", "18": "W"}, {"38": "S", "18": "E", "22": "W", "23": "W"}, {"38": "S", "17": "S", "29": "N"}, {"17": "N", "38": "W"}, {"23": "E", "18": "E", "17": "N", "38": "W"}, {"17": "E", "14": "E", "38": "S"}, {"14": "N", "38": "S", "18": "W"}, {"23": "W", "17": "N", "29": "S", "38": "W"}, {"17": "N", "24": "N", "14": "E", "38": "W"}, {"13": "E", "17": "W", "38": "W", "14": "E", "24": "N"}, {"24": "N", "38": "W", "14": "E", "17": "W", "23": "S"}, {"24": "E", "17": "W", "38": "N", "14": "E"}, {"17": "W", "14": "E", "24": "E"}, {"14": "E", "17": "W"}, {"17": "S", "14": "S", "29": "N", "23": "N"}, {"22": "N", "23": "E", "14": "S", "18": "E", "17": "S"}, {"22": "N", "17": "S", "14": "S", "23": "N", "29": "W"}, {"29": "N", "22": "N", "23": "N", "17": "S", "14": "S", "18": "N"}, {"23": "E", "29": "N", "14": "W", "17": "E"}, {"17": "S", "14": "W", "29": "E", "23": "N"}, {"23": "N", "29": "N", "17": "S"}, {"23": "E", "17": "S"}, {"23": "E", "17": "E"}, {"17": "E", "23": "E"}, {"23": "E", "17": "E"}, {"23": "E"}, {"23": "S"}, {"18": "W", "23": "S"}, {"23": "S", "17": "N", "18": "N"}, {"23": "S", "18": "N"}, {"23": "S"}, {"23": "S"}, {"23": "S"}, {"23": "S"}, {"23": "W"}, {"23": "W"}], "result": "SUCCESS", "makespan": 90, "sum": 552, "algo_name": "BFS_0"}